"Molecule ChEMBL ID";"Molecule Name";"Molecule Max Phase";"Molecular Weight";"#RO5 Violations";"AlogP";"Compound Key";"Smiles";"Standard Type";"Standard Relation";"Standard Value";"Standard Units";"pChEMBL Value";"Data Validity Comment";"Comment";"Uo Units";"Ligand Efficiency BEI";"Ligand Efficiency LE";"Ligand Efficiency LLE";"Ligand Efficiency SEI";"Potential Duplicate";"Assay ChEMBL ID";"Assay Description";"Assay Type";"BAO Format ID";"BAO Label";"Assay Organism";"Assay Tissue ChEMBL ID";"Assay Tissue Name";"Assay Cell Type";"Assay Subcellular Fraction";"Assay Parameters";"Assay Variant Accession";"Assay Variant Mutation";"Target ChEMBL ID";"Target Name";"Target Organism";"Target Type";"Document ChEMBL ID";"Source ID";"Source Description";"Document Journal";"Document Year";"Cell ChEMBL ID";"Properties";"Action Type";"Standard Text Value";"Value"
"CHEMBL332424";"";"None";"720.74";"2";"6.04";"9h";"CCc1ccccc1C(NC(=O)CN1C[C@H](c2ccc3c(c2)OCO3)[C@@H](C(=O)O)[C@@H]1c1ccc(OC)cc1)c1ccccc1C.O=C(O)C(F)(F)F";"IC50";"'='";"6.1";"nM";"8.21";"";"";"UO_0000065";"13.54";"0.25";"2.17";"8.44";"0";"CHEMBL670477";"Binding ability determined by the displacement of [125 I]ET-3 from the human Endothelin B receptor";"B";"BAO_0000357";"single protein format";"None";"None";"None";"None";"None";"";"";"";"CHEMBL1785";"Endothelin receptor ET-B";"Homo sapiens";"SINGLE PROTEIN";"CHEMBL1132108";"1";"Scientific Literature";"J Med Chem";"1999";"None";"";"";"";"6.1"
"CHEMBL274359";"";"None";"476.48";"0";"3.84";"48";"COc1ccc(C2(O)OC(=O)C(c3ccc4c(c3)OCO4)=C2Cc2cc(OC)cc(OC)c2)cc1";"IC50";"'='";"760.0";"nM";"6.12";"";"";"UO_0000065";"12.84";"0.24";"2.28";"6.60";"0";"CHEMBL677440";"Binding affinity against human cloned Endothelin B receptor expressed in CHO-K1 cells";"B";"BAO_0000219";"cell-based format";"None";"None";"None";"CHO-K1";"None";"";"";"";"CHEMBL1785";"Endothelin receptor ET-B";"Homo sapiens";"SINGLE PROTEIN";"CHEMBL1129982";"1";"Scientific Literature";"J Med Chem";"1997";"CHEMBL3307512";"";"";"";"760.0"
"CHEMBL331548";"";"None";"706.71";"2";"5.79";"9f";"COc1ccc([C@H]2[C@H](C(=O)O)[C@@H](c3ccc4c(c3)OCO4)CN2CC(=O)NC(c2ccccc2)c2cc(C)ccc2C)cc1.O=C(O)C(F)(F)F";"IC50";"'='";"31.0";"nM";"7.51";"";"";"UO_0000065";"12.67";"0.23";"1.72";"7.71";"0";"CHEMBL670477";"Binding ability determined by the displacement of [125 I]ET-3 from the human Endothelin B receptor";"B";"BAO_0000357";"single protein format";"None";"None";"None";"None";"None";"";"";"";"CHEMBL1785";"Endothelin receptor ET-B";"Homo sapiens";"SINGLE PROTEIN";"CHEMBL1132108";"1";"Scientific Literature";"J Med Chem";"1999";"None";"";"";"";"31.0"
"CHEMBL48120";"";"None";"516.86";"0";"3.05";"5v";"Cc1cc(NC(=O)c2sccc2S(=O)(=O)Nc2onc(C)c2Cl)no1.O=C(O)C(F)(F)F";"IC50";"'='";"92100.0";"nM";"4.04";"";"";"UO_0000065";"10.02";"0.22";"0.99";"3.17";"0";"CHEMBL670643";"In vitro inhibition of endothelin binding to human Endothelin B receptor using [125I]-labeled ET-1 competition assay";"B";"BAO_0000357";"single protein format";"None";"None";"None";"None";"None";"";"";"";"CHEMBL1785";"Endothelin receptor ET-B";"Homo sapiens";"SINGLE PROTEIN";"CHEMBL1130042";"1";"Scientific Literature";"J Med Chem";"1997";"None";"";"";"";"92100.0"
"CHEMBL10846";"";"None";"446.46";"0";"3.83";"29";"COc1ccc(C2(O)OC(=O)C(c3ccc4c(c3)OCO4)=C2Cc2ccccc2)cc1OC";"IC50";"'='";"18000.0";"nM";"4.75";"";"";"UO_0000065";"10.63";"0.20";"0.91";"5.69";"0";"CHEMBL677440";"Binding affinity against human cloned Endothelin B receptor expressed in CHO-K1 cells";"B";"BAO_0000219";"cell-based format";"None";"None";"None";"CHO-K1";"None";"";"";"";"CHEMBL1785";"Endothelin receptor ET-B";"Homo sapiens";"SINGLE PROTEIN";"CHEMBL1129982";"1";"Scientific Literature";"J Med Chem";"1997";"CHEMBL3307512";"";"";"";"18000.0"
"CHEMBL276601";"";"None";"546.58";"2";"5.15";"60";"COc1ccc(C2(O)OC(=O)C(c3ccc4c(c3)OCO4)=C2Cc2cccc3c2CCc2ccccc2C3=O)cc1";"IC50";"'='";"10000.0";"nM";"5.00";"";"";"UO_0000065";"9.15";"0.17";"-0.15";"5.48";"0";"CHEMBL677440";"Binding affinity against human cloned Endothelin B receptor expressed in CHO-K1 cells";"B";"BAO_0000219";"cell-based format";"None";"None";"None";"CHO-K1";"None";"";"";"";"CHEMBL1785";"Endothelin receptor ET-B";"Homo sapiens";"SINGLE PROTEIN";"CHEMBL1129982";"1";"Scientific Literature";"J Med Chem";"1997";"CHEMBL3307512";"";"";"";"10000.0"
"CHEMBL27732";"";"None";"507.52";"2";"5.01";"19";"COc1cc2c(Sc3ccc4c(c3)OCO4)c(C(=O)O)n(Cc3ccc4c(c3)OCO4)c2cc1OC";"IC50";"'='";"1100.0";"nM";"5.96";"";"";"UO_0000065";"";"";"";"";"0";"CHEMBL848084";"Inhibition of ET- 1 stimulated arachidonic acid release (AAR) in cultured rabbit renal vascular smooth muscle cells expressing the endothelin B receptor.";"F";"BAO_0000019";"assay format";"Oryctolagus cuniculus";"None";"None";"None";"None";"";"";"";"CHEMBL1785";"Endothelin receptor ET-B";"Homo sapiens";"SINGLE PROTEIN";"CHEMBL1129097";"1";"Scientific Literature";"Bioorg Med Chem Lett";"1996";"None";"";"";"";"1.1"
"CHEMBL352241";"";"None";"500.46";"2";"5.09";"7aa";"COc1ccc(-c2c(C(=O)O)c(=O)n(Cc3ccccc3OC)c3c2oc2cc([N+](=O)[O-])ccc23)cc1";"IC50";"'='";"200.0";"nM";"6.70";"";"";"UO_0000065";"13.39";"0.25";"1.61";"5.00";"0";"CHEMBL673047";"Ability to displace [125I]endothelin-1 from endothelin B receptor in porcine kidney membranes";"B";"BAO_0000249";"cell membrane format";"Sus scrofa";"CHEMBL3638241";"Kidney";"None";"Membrane";"";"";"";"CHEMBL1785";"Endothelin receptor ET-B";"Homo sapiens";"SINGLE PROTEIN";"CHEMBL1132506";"1";"Scientific Literature";"Bioorg Med Chem Lett";"1999";"None";"";"";"";"0.2"
"CHEMBL10635";"";"None";"474.47";"0";"3.59";"50";"COc1ccc(C2(O)OC(=O)C(c3ccc4c(c3)OCO4)=C2Cc2ccc3c(c2)OCCO3)cc1";"IC50";"'='";"1600.0";"nM";"5.80";"";"";"UO_0000065";"12.22";"0.23";"2.21";"6.25";"0";"CHEMBL677440";"Binding affinity against human cloned Endothelin B receptor expressed in CHO-K1 cells";"B";"BAO_0000219";"cell-based format";"None";"None";"None";"CHO-K1";"None";"";"";"";"CHEMBL1785";"Endothelin receptor ET-B";"Homo sapiens";"SINGLE PROTEIN";"CHEMBL1129982";"1";"Scientific Literature";"J Med Chem";"1997";"CHEMBL3307512";"";"";"";"1600.0"
"CHEMBL11115";"";"None";"446.46";"0";"3.83";"13";"COc1ccc(CC2=C(c3ccc4c(c3)OCO4)C(=O)OC2(O)c2ccc(OC)cc2)cc1";"IC50";"'='";"1550.0";"nM";"5.81";"";"";"UO_0000065";"13.01";"0.24";"1.98";"6.96";"1";"CHEMBL677440";"Binding affinity against human cloned Endothelin B receptor expressed in CHO-K1 cells";"B";"BAO_0000219";"cell-based format";"None";"None";"None";"CHO-K1";"None";"";"";"";"CHEMBL1785";"Endothelin receptor ET-B";"Homo sapiens";"SINGLE PROTEIN";"CHEMBL1129982";"1";"Scientific Literature";"J Med Chem";"1997";"CHEMBL3307512";"";"";"";"1550.0"
"CHEMBL10589";"";"None";"476.48";"0";"3.84";"32";"COc1cc(C2(O)OC(=O)C(c3ccc4c(c3)OCO4)=C2Cc2ccccc2)cc(OC)c1OC";"IC50";"'='";"4500.0";"nM";"5.35";"";"";"UO_0000065";"11.22";"0.21";"1.51";"5.77";"0";"CHEMBL677440";"Binding affinity against human cloned Endothelin B receptor expressed in CHO-K1 cells";"B";"BAO_0000219";"cell-based format";"None";"None";"None";"CHO-K1";"None";"";"";"";"CHEMBL1785";"Endothelin receptor ET-B";"Homo sapiens";"SINGLE PROTEIN";"CHEMBL1129982";"1";"Scientific Literature";"J Med Chem";"1997";"CHEMBL3307512";"";"";"";"4500.0"
"CHEMBL10644";"";"None";"490.51";"0";"4.74";"79";"COc1ccc(C2OC(=O)C(c3ccc4c(c3)OCO4)=C2Cc2cc(OC)c(OC)c(OC)c2)cc1";"IC50";"'>'";"25000.0";"nM";"";"";"";"UO_0000065";"";"";"";"";"0";"CHEMBL677440";"Binding affinity against human cloned Endothelin B receptor expressed in CHO-K1 cells";"B";"BAO_0000219";"cell-based format";"None";"None";"None";"CHO-K1";"None";"";"";"";"CHEMBL1785";"Endothelin receptor ET-B";"Homo sapiens";"SINGLE PROTEIN";"CHEMBL1129982";"1";"Scientific Literature";"J Med Chem";"1997";"CHEMBL3307512";"";"";"";"25000.0"
"CHEMBL435385";"";"None";"544.65";"2";"5.42";"37";"CCOc1ccc([C@H]2[C@H](C(=O)O)[C@@H](c3ccc4c(c3)OCO4)CN2CC(=O)Nc2c(CC)cccc2CC)cc1";"IC50";"'='";"1.2";"nM";"8.92";"";"";"UO_0000065";"16.38";"0.30";"3.50";"9.17";"0";"CHEMBL670478";"Binding affinity towards human Endothelin B receptor (hET -B)";"B";"BAO_0000357";"single protein format";"None";"None";"None";"None";"None";"";"";"";"CHEMBL1785";"Endothelin receptor ET-B";"Homo sapiens";"SINGLE PROTEIN";"CHEMBL1132381";"1";"Scientific Literature";"J Med Chem";"1999";"None";"";"";"";"1.2"
"CHEMBL10951";"";"None";"416.47";"0";"4.41";"18";"COc1ccc(CC2=C(c3ccc(C)cc3)C(=O)OC2(O)c2ccc(OC)cc2)cc1";"IC50";"'>'";"2700.0";"nM";"";"";"";"UO_0000065";"";"";"";"";"0";"CHEMBL676631";"Tested for antagonistic activity against Endothelin B receptor in the humans (CHO expressed).";"F";"BAO_0000019";"assay format";"None";"None";"None";"None";"None";"";"";"";"CHEMBL1785";"Endothelin receptor ET-B";"Homo sapiens";"SINGLE PROTEIN";"CHEMBL1128292";"1";"Scientific Literature";"J Med Chem";"1995";"None";"";"";"";"2700.0"
"CHEMBL10897";"";"None";"402.45";"0";"4.10";"16";"COc1ccc(CC2=C(c3ccccc3)C(=O)OC2(O)c2ccc(OC)cc2)cc1";"IC50";"'>'";"2500.0";"nM";"";"";"";"UO_0000065";"";"";"";"";"1";"CHEMBL677440";"Binding affinity against human cloned Endothelin B receptor expressed in CHO-K1 cells";"B";"BAO_0000219";"cell-based format";"None";"None";"None";"CHO-K1";"None";"";"";"";"CHEMBL1785";"Endothelin receptor ET-B";"Homo sapiens";"SINGLE PROTEIN";"CHEMBL1129982";"1";"Scientific Literature";"J Med Chem";"1997";"CHEMBL3307512";"";"";"";"2500.0"
"CHEMBL320631";"";"None";"446.50";"0";"3.91";"2o";"CCNCc1ccc2c(n1)[C@@H](c1ccc(OC)cc1)[C@H](C(=O)O)[C@H]2c1ccc2c(c1)OCO2";"IC50";"'='";"940.0";"nM";"6.03";"";"";"UO_0000065";"13.50";"0.25";"2.12";"6.70";"0";"CHEMBL670652";"Inhibitory activity against I-labeled ET-1 binding to Endothelin B receptor";"B";"BAO_0000357";"single protein format";"None";"None";"None";"None";"None";"";"";"";"CHEMBL1785";"Endothelin receptor ET-B";"Homo sapiens";"SINGLE PROTEIN";"CHEMBL1134926";"1";"Scientific Literature";"Bioorg Med Chem Lett";"2002";"None";"";"";"";"940.0"
"CHEMBL273613";"";"None";"400.43";"0";"4.12";"8";"Cc1ccc(C2(O)OC(=O)C(c3ccc4c(c3)OCO4)=C2Cc2ccccc2)cc1";"IC50";"'>'";"25000.0";"nM";"";"";"";"UO_0000065";"";"";"";"";"0";"CHEMBL878154";"Tested for antagonistic activity against Endothelin B receptor in human (CHO expressed).";"F";"BAO_0000019";"assay format";"None";"None";"None";"None";"None";"";"";"";"CHEMBL1785";"Endothelin receptor ET-B";"Homo sapiens";"SINGLE PROTEIN";"CHEMBL1128292";"1";"Scientific Literature";"J Med Chem";"1995";"None";"";"";"";"25000.0"
"CHEMBL11115";"";"None";"446.46";"0";"3.83";"12";"COc1ccc(CC2=C(c3ccc4c(c3)OCO4)C(=O)OC2(O)c2ccc(OC)cc2)cc1";"IC50";"'='";"1550.0";"nM";"5.81";"";"";"UO_0000065";"";"";"";"";"0";"CHEMBL676631";"Tested for antagonistic activity against Endothelin B receptor in the humans (CHO expressed).";"F";"BAO_0000019";"assay format";"None";"None";"None";"None";"None";"";"";"";"CHEMBL1785";"Endothelin receptor ET-B";"Homo sapiens";"SINGLE PROTEIN";"CHEMBL1128292";"1";"Scientific Literature";"J Med Chem";"1995";"None";"";"";"";"1550.0"
"CHEMBL307936";"";"None";"585.77";"1";"3.58";"35";"CSCCC(NC(=O)[C@@H](Cc1c(C)[nH]c2ccccc12)NC(=O)C(NC(=O)N1[C@H](C)CCC[C@@H]1C)C1CC1)C(=O)O";"IC50";"'='";"4.0";"nM";"8.40";"";"";"UO_0000065";"14.34";"0.28";"4.82";"5.85";"0";"CHEMBL677447";"Binding affinity towards Endothelin B receptor in human girardi heart cell membranes";"B";"BAO_0000219";"cell-based format";"None";"CHEMBL3638187";"Heart";"heart";"None";"";"";"";"CHEMBL1785";"Endothelin receptor ET-B";"Homo sapiens";"SINGLE PROTEIN";"CHEMBL1129335";"1";"Scientific Literature";"J Med Chem";"1996";"None";"";"";"";"4.0"
"CHEMBL267695";"";"None";"468.55";"0";"3.52";"17i";"CCCCN(C)C(=O)CN1C[C@@H](c2ccc3c(c2)OCO3)[C@H](C(=O)O)[C@H]1c1ccc(OC)cc1";"IC50";"'='";"1080.0";"nM";"5.97";"";"";"UO_0000065";"12.73";"0.24";"2.45";"6.74";"0";"CHEMBL672255";"Radioligand binding selectivity to human Endothelin B receptor in chinese hamster ovary cells";"B";"BAO_0000219";"cell-based format";"None";"None";"None";"CHO";"None";"";"";"";"CHEMBL1785";"Endothelin receptor ET-B";"Homo sapiens";"SINGLE PROTEIN";"CHEMBL1129506";"1";"Scientific Literature";"J Med Chem";"1996";"CHEMBL3308072";"";"";"";"1080.0"
"CHEMBL432974";"";"None";"502.70";"2";"5.53";"8h";"CCCCN(CCCC)C(=O)CN1C[C@H](c2ccc3c(c2)OCO3)[C@@H](C(=O)O)[C@@H]1CC(C)(C)CCC";"IC50";"'='";"2800.0";"nM";"5.55";"";"";"UO_0000065";"11.05";"0.21";"0.02";"7.00";"0";"CHEMBL676632";"Tested for binding affinity for human Endothelin B receptor by measuring its ability to displace [125I]ET-3 from chinese hamster ovary cells(CHO)";"B";"BAO_0000219";"cell-based format";"None";"None";"None";"ovary";"None";"";"";"";"CHEMBL1785";"Endothelin receptor ET-B";"Homo sapiens";"SINGLE PROTEIN";"CHEMBL1131628";"1";"Scientific Literature";"J Med Chem";"1998";"None";"";"";"";"2800.0"
"CHEMBL307330";"";"None";"563.60";"1";"3.78";"16";"COc1ccc(C2(O)OC(=O)C(c3ccc4c(c3)OCO4)=C2Cc2cc(OC)c(OC)c(OCCN(C)C)c2)cc1";"IC50";"'>'";"2500.0";"nM";"";"";"";"UO_0000065";"";"";"";"";"0";"CHEMBL670638";"Inhibition of [125I]ET1 binding to recombinant human Endothelin B receptor.";"B";"BAO_0000357";"single protein format";"None";"None";"None";"None";"None";"";"";"";"CHEMBL1785";"Endothelin receptor ET-B";"Homo sapiens";"SINGLE PROTEIN";"CHEMBL1132648";"1";"Scientific Literature";"J Med Chem";"1999";"None";"";"";"";"2500.0"
"CHEMBL274368";"";"None";"461.43";"0";"4.47";"26";"COc1cc2c(-c3ccc4c(c3)OCO4)c(C(=O)O)n(-c3ccc4c(c3)OCO4)c2cc1OC";"IC50";"'='";"7000.0";"nM";"5.16";"";"";"UO_0000065";"11.17";"0.21";"0.68";"5.28";"0";"CHEMBL670654";"Inhibitory concentration against Endothelin B receptor expressed in CHO-K1 cells";"B";"BAO_0000219";"cell-based format";"None";"None";"None";"CHO-K1";"None";"";"";"";"CHEMBL1785";"Endothelin receptor ET-B";"Homo sapiens";"SINGLE PROTEIN";"CHEMBL1129233";"1";"Scientific Literature";"Bioorg Med Chem Lett";"1996";"CHEMBL3307512";"";"";"";"7.0"
"CHEMBL45296";"";"None";"455.90";"0";"3.79";"4";"Cc1noc(NS(=O)(=O)c2ccsc2C(=O)Nc2ccc3c(c2C)OCO3)c1Cl";"IC50";"'='";"355500.0";"nM";"";"Outside typical range";"";"UO_0000065";"";"";"";"";"0";"CHEMBL670644";"In vitro inhibition of endothelin binding to human Endothelin B receptor using [125I]-labeled ET-1 competition assay";"B";"BAO_0000357";"single protein format";"None";"None";"None";"None";"None";"";"";"";"CHEMBL1785";"Endothelin receptor ET-B";"Homo sapiens";"SINGLE PROTEIN";"CHEMBL1130344";"1";"Scientific Literature";"J Med Chem";"1997";"None";"";"";"";"355500.0"
"CHEMBL419136";"";"None";"550.66";"1";"4.93";"rac-39az";"Cc1cc(C)c(CN2C(=O)CN[C@](c3ccccc3)([C@H](Oc3nc(C)cc(C)n3)C(=O)O)c3ccccc32)c(C)c1";"IC50";"'='";"15.5";"nM";"7.81";"";"";"UO_0000065";"";"";"";"";"0";"CHEMBL670641";"Antagonist activity towards human recombinant Endothelin B receptor expressed in chinese hamster ovary (CHO) cells determined using [125I]ET1 as radioligand";"F";"BAO_0000219";"cell-based format";"None";"None";"None";"CHO";"None";"";"";"";"CHEMBL1785";"Endothelin receptor ET-B";"Homo sapiens";"SINGLE PROTEIN";"CHEMBL1149183";"1";"Scientific Literature";"J Med Chem";"2004";"CHEMBL3308072";"";"";"";"15.5"
"CHEMBL175005";"";"None";"575.69";"2";"6.18";"25";"CC/C=C/COc1nc(-c2ncccn2)nc(NS(=O)(=O)c2ccc(C(C)(C)C)cc2)c1Oc1ccccc1OC";"IC50";"'='";"2970.0";"nM";"5.53";"";"";"UO_0000065";"9.60";"0.18";"-0.65";"4.41";"0";"CHEMBL670645";"In vitro inhibitory concentration required against [125I]ET1 binding to membranes of CHO cells expressing human ETB receptor";"B";"BAO_0000219";"cell-based format";"None";"None";"None";"CHO";"None";"";"";"";"CHEMBL1785";"Endothelin receptor ET-B";"Homo sapiens";"SINGLE PROTEIN";"CHEMBL1136632";"1";"Scientific Literature";"Bioorg Med Chem Lett";"2003";"CHEMBL3308072";"";"";"";"2970.0"
"CHEMBL47915";"";"None";"404.51";"0";"4.20";"15i";"Cc1ccc(CC(=O)c2sccc2S(=O)(=O)Nc2onc(C)c2C)c(C)c1";"IC50";"'='";"17400.0";"nM";"4.76";"";"";"UO_0000065";"11.77";"0.24";"0.56";"5.33";"0";"CHEMBL670644";"In vitro inhibition of endothelin binding to human Endothelin B receptor using [125I]-labeled ET-1 competition assay";"B";"BAO_0000357";"single protein format";"None";"None";"None";"None";"None";"";"";"";"CHEMBL1785";"Endothelin receptor ET-B";"Homo sapiens";"SINGLE PROTEIN";"CHEMBL1130344";"1";"Scientific Literature";"J Med Chem";"1997";"None";"";"";"";"17400.0"
"CHEMBL45160";"";"None";"483.91";"0";"3.68";"3";"CC(=O)c1c(NC(=O)c2sccc2S(=O)(=O)Nc2onc(C)c2Cl)ccc2c1OCO2";"IC50";"'='";"32600.0";"nM";"4.49";"";"";"UO_0000065";"9.27";"0.20";"0.81";"3.28";"0";"CHEMBL670644";"In vitro inhibition of endothelin binding to human Endothelin B receptor using [125I]-labeled ET-1 competition assay";"B";"BAO_0000357";"single protein format";"None";"None";"None";"None";"None";"";"";"";"CHEMBL1785";"Endothelin receptor ET-B";"Homo sapiens";"SINGLE PROTEIN";"CHEMBL1130344";"1";"Scientific Literature";"J Med Chem";"1997";"None";"";"";"";"32600.0"
"CHEMBL316851";"";"None";"606.60";"2";"5.03";"rac-76";"COc1ccc(CN2C(=O)CN[C@](c3cccc(C(F)(F)F)c3)([C@H](Oc3nc(C)cc(C)n3)C(=O)O)c3ccccc32)cc1";"IC50";"'='";"241.0";"nM";"6.62";"";"";"UO_0000065";"";"";"";"";"0";"CHEMBL670641";"Antagonist activity towards human recombinant Endothelin B receptor expressed in chinese hamster ovary (CHO) cells determined using [125I]ET1 as radioligand";"F";"BAO_0000219";"cell-based format";"None";"None";"None";"CHO";"None";"";"";"";"CHEMBL1785";"Endothelin receptor ET-B";"Homo sapiens";"SINGLE PROTEIN";"CHEMBL1149183";"1";"Scientific Literature";"J Med Chem";"2004";"CHEMBL3308072";"";"";"";"241.0"
"CHEMBL322920";"";"None";"703.74";"2";"7.50";"13 (Slow isomer)";"COc1ccc(C2(OC(=O)N[C@@H](C)c3cccc4ccccc34)OC(=O)C(c3ccc4c(c3)OCO4)=C2Cc2cc(OC)c(OC)c(OC)c2)cc1";"IC50";"'>'";"2500.0";"nM";"";"";"";"UO_0000065";"";"";"";"";"0";"CHEMBL678455";"Binding affinity for human endothelin B receptor expressed in CHO-K1 cells.";"B";"BAO_0000219";"cell-based format";"Homo sapiens";"None";"None";"CHO-K1";"None";"";"";"";"CHEMBL1785";"Endothelin receptor ET-B";"Homo sapiens";"SINGLE PROTEIN";"CHEMBL1129826";"1";"Scientific Literature";"Bioorg Med Chem Lett";"1997";"CHEMBL3307512";"";"";"";"2500.0"
"CHEMBL413825";"";"None";"2043.19";"None";"None";"2";"C[C@@H]1NC(=O)[C@@H]([C@@H](C)O)NC(=O)CNC(=O)[C@@H](Cc2c[nH]cn2)NC(=O)[C@H](Cc2c[nH]c3ccccc23)NC(=O)[C@@H](CC(N)=O)NC(=O)CNC(=O)[C@H](CC(=O)N[C@@H](Cc2c[nH]c3ccccc23)C(=O)N[C@@H](Cc2ccccc2)C(=O)N[C@@H](Cc2ccccc2)C(=O)N[C@@H](CC(N)=O)C(=O)N[C@@H](Cc2ccc(O)cc2)C(=O)N[C@@H](Cc2ccc(O)cc2)C(=O)N[C@@H](Cc2c[nH]c3ccccc23)C(=O)O)NC(=O)[C@H]2CCCN2C1=O";"IC50";"'='";"6500.0";"nM";"5.19";"";"";"UO_0000065";"2.54";"None";"None";"None";"0";"CHEMBL677272";"Binding affinity in Chinese hamster ovary (CHO) cells stably transfected with human endothelin B (ETB) receptor";"B";"BAO_0000219";"cell-based format";"Homo sapiens";"None";"None";"CHO";"None";"";"";"";"CHEMBL1785";"Endothelin receptor ET-B";"Homo sapiens";"SINGLE PROTEIN";"CHEMBL1152094";"1";"Scientific Literature";"Bioorg Med Chem Lett";"1995";"CHEMBL3308072";"";"";"";"6.5"
"CHEMBL316878";"";"None";"538.60";"1";"4.01";"rac-39af";"COc1ccc(CN2C(=O)CN[C@](c3ccccc3)([C@H](Oc3nc(C)cc(C)n3)C(=O)O)c3ccccc32)cc1";"IC50";"'='";"22.4";"nM";"7.65";"";"";"UO_0000065";"";"";"";"";"0";"CHEMBL670641";"Antagonist activity towards human recombinant Endothelin B receptor expressed in chinese hamster ovary (CHO) cells determined using [125I]ET1 as radioligand";"F";"BAO_0000219";"cell-based format";"None";"None";"None";"CHO";"None";"";"";"";"CHEMBL1785";"Endothelin receptor ET-B";"Homo sapiens";"SINGLE PROTEIN";"CHEMBL1149183";"1";"Scientific Literature";"J Med Chem";"2004";"CHEMBL3308072";"";"";"";"22.4"
"CHEMBL318086";"";"None";"653.57";"2";"6.98";"rac-88";"Cc1cc(C)nc(O[C@H](C(=O)O)[C@@]2(c3cccc(-c4ccccc4)c3)NCC(=O)N(Cc3c(Cl)cccc3Cl)c3ccccc32)n1";"IC50";"'='";"25.0";"nM";"7.60";"";"";"UO_0000065";"";"";"";"";"0";"CHEMBL670641";"Antagonist activity towards human recombinant Endothelin B receptor expressed in chinese hamster ovary (CHO) cells determined using [125I]ET1 as radioligand";"F";"BAO_0000219";"cell-based format";"None";"None";"None";"CHO";"None";"";"";"";"CHEMBL1785";"Endothelin receptor ET-B";"Homo sapiens";"SINGLE PROTEIN";"CHEMBL1149183";"1";"Scientific Literature";"J Med Chem";"2004";"CHEMBL3308072";"";"";"";"25.0"
"CHEMBL367686";"";"None";"603.64";"2";"4.19";"61";"C#CCOc1nc(-c2ccnc(-c3noc(S)n3)c2)nc(NS(=O)(=O)c2ccc(C)cn2)c1Oc1ccccc1OC";"IC50";"'='";"1670.0";"nM";"5.78";"";"";"UO_0000065";"9.57";"0.19";"1.59";"3.52";"0";"CHEMBL670645";"In vitro inhibitory concentration required against [125I]ET1 binding to membranes of CHO cells expressing human ETB receptor";"B";"BAO_0000219";"cell-based format";"None";"None";"None";"CHO";"None";"";"";"";"CHEMBL1785";"Endothelin receptor ET-B";"Homo sapiens";"SINGLE PROTEIN";"CHEMBL1136632";"1";"Scientific Literature";"Bioorg Med Chem Lett";"2003";"CHEMBL3308072";"";"";"";"1670.0"
"CHEMBL170401";"";"None";"587.57";"2";"3.61";"60";"C#CCOc1nc(-c2ccnc(-c3noc(O)n3)c2)nc(NS(=O)(=O)c2ccc(C)cn2)c1Oc1ccccc1OC";"IC50";"'='";"2500.0";"nM";"5.60";"";"";"UO_0000065";"9.53";"0.18";"1.99";"3.04";"0";"CHEMBL670645";"In vitro inhibitory concentration required against [125I]ET1 binding to membranes of CHO cells expressing human ETB receptor";"B";"BAO_0000219";"cell-based format";"None";"None";"None";"CHO";"None";"";"";"";"CHEMBL1785";"Endothelin receptor ET-B";"Homo sapiens";"SINGLE PROTEIN";"CHEMBL1136632";"1";"Scientific Literature";"Bioorg Med Chem Lett";"2003";"CHEMBL3308072";"";"";"";"2500.0"
"CHEMBL330104";"";"None";"577.47";"2";"5.31";"rac-39ax";"Cc1cc(C)nc(O[C@H](C(=O)O)[C@@]2(c3ccccc3)NCC(=O)N(Cc3c(Cl)cccc3Cl)c3ccccc32)n1";"IC50";"'='";"6.6";"nM";"8.18";"";"";"UO_0000065";"";"";"";"";"0";"CHEMBL670641";"Antagonist activity towards human recombinant Endothelin B receptor expressed in chinese hamster ovary (CHO) cells determined using [125I]ET1 as radioligand";"F";"BAO_0000219";"cell-based format";"None";"None";"None";"CHO";"None";"";"";"";"CHEMBL1785";"Endothelin receptor ET-B";"Homo sapiens";"SINGLE PROTEIN";"CHEMBL1149183";"1";"Scientific Literature";"J Med Chem";"2004";"CHEMBL3308072";"";"";"";"6.6"
"CHEMBL336033";"";"None";"610.71";"2";"0.83";"8";"CC(C)C[C@H]1NC(=O)[C@H](C(C)C)NC(=O)[C@H]2CCCN2C(=O)[C@H](CC(=O)O)NC(=O)[C@H](Cc2c[nH]c3ccccc23)NC1=O";"IC50";"'='";"61000.0";"nM";"4.21";"";"";"UO_0000065";"6.90";"0.13";"3.38";"2.22";"0";"CHEMBL672254";"Inhibitory effect against Human Endothelin B receptor";"B";"BAO_0000357";"single protein format";"None";"None";"None";"None";"None";"";"";"";"CHEMBL1785";"Endothelin receptor ET-B";"Homo sapiens";"SINGLE PROTEIN";"CHEMBL1128172";"1";"Scientific Literature";"J Med Chem";"1995";"None";"";"";"";"61000.0"
"CHEMBL414917";"";"None";"1041.18";"None";"None";"7";"NC(=O)C[C@H](NC(=O)[C@H](Cc1ccccc1)NC(=O)[C@@H](N)C1c2ccccc2CCc2ccccc21)C(=O)N[C@@H](Cc1ccc(O)cc1)C(=O)N[C@@H](Cc1ccc(O)cc1)C(=O)N[C@@H](Cc1c[nH]c2ccccc12)C(=O)O";"IC50";"'='";"13000.0";"nM";"4.89";"";"";"UO_0000065";"4.69";"None";"None";"None";"0";"CHEMBL677272";"Binding affinity in Chinese hamster ovary (CHO) cells stably transfected with human endothelin B (ETB) receptor";"B";"BAO_0000219";"cell-based format";"Homo sapiens";"None";"None";"CHO";"None";"";"";"";"CHEMBL1785";"Endothelin receptor ET-B";"Homo sapiens";"SINGLE PROTEIN";"CHEMBL1152094";"1";"Scientific Literature";"Bioorg Med Chem Lett";"1995";"CHEMBL3308072";"";"";"";"13.0"
"CHEMBL320183";"";"None";"563.56";"1";"4.21";"5";"CNC(=O)OC1(c2ccc(OC)cc2)OC(=O)C(c2ccc3c(c2)OCO3)=C1Cc1cc(OC)c(OC)c(OC)c1";"IC50";"'>'";"2500.0";"nM";"";"";"";"UO_0000065";"";"";"";"";"0";"CHEMBL678455";"Binding affinity for human endothelin B receptor expressed in CHO-K1 cells.";"B";"BAO_0000219";"cell-based format";"Homo sapiens";"None";"None";"CHO-K1";"None";"";"";"";"CHEMBL1785";"Endothelin receptor ET-B";"Homo sapiens";"SINGLE PROTEIN";"CHEMBL1129826";"1";"Scientific Literature";"Bioorg Med Chem Lett";"1997";"CHEMBL3307512";"";"";"";"2500.0"
"CHEMBL303902";"";"None";"384.49";"0";"3.71";"1b";"CN(C)c1cccc2c(S(=O)(=O)Nc3ccc4nsnc4c3)cccc12";"IC50";"'>'";"10000.0";"nM";"";"";"";"UO_0000065";"";"";"";"";"0";"CHEMBL670730";"Inhibition of [125I]ET1 binding to porcine kidney inner medulla membrane Endothelin B receptor";"B";"BAO_0000019";"assay format";"Sus scrofa";"None";"None";"None";"None";"";"";"";"CHEMBL1785";"Endothelin receptor ET-B";"Homo sapiens";"SINGLE PROTEIN";"CHEMBL1130971";"1";"Scientific Literature";"Bioorg Med Chem Lett";"1998";"None";"";"";"";"10000.0"
"CHEMBL367036";"";"None";"680.74";"3";"6.29";"66";"COc1ccccc1Oc1c(NS(=O)(=O)c2ccc(C(C)C)cn2)nc(-c2ccncc2)nc1OCC#CCOC(=O)Nc1ccccc1";"IC50";"'='";"32.0";"nM";"7.50";"";"";"UO_0000065";"11.01";"0.21";"1.20";"4.58";"0";"CHEMBL670645";"In vitro inhibitory concentration required against [125I]ET1 binding to membranes of CHO cells expressing human ETB receptor";"B";"BAO_0000219";"cell-based format";"None";"None";"None";"CHO";"None";"";"";"";"CHEMBL1785";"Endothelin receptor ET-B";"Homo sapiens";"SINGLE PROTEIN";"CHEMBL1136632";"1";"Scientific Literature";"Bioorg Med Chem Lett";"2003";"CHEMBL3308072";"";"";"";"32.0"
"CHEMBL420435";"";"None";"544.56";"1";"4.28";"rac-39aq";"Cc1cc(C)nc(O[C@H](C(=O)O)[C@@]2(c3ccccc3)NCC(=O)N(Cc3ccc(F)c(F)c3)c3ccccc32)n1";"IC50";"'='";"32.8";"nM";"7.48";"";"";"UO_0000065";"";"";"";"";"0";"CHEMBL670641";"Antagonist activity towards human recombinant Endothelin B receptor expressed in chinese hamster ovary (CHO) cells determined using [125I]ET1 as radioligand";"F";"BAO_0000219";"cell-based format";"None";"None";"None";"CHO";"None";"";"";"";"CHEMBL1785";"Endothelin receptor ET-B";"Homo sapiens";"SINGLE PROTEIN";"CHEMBL1149183";"1";"Scientific Literature";"J Med Chem";"2004";"CHEMBL3308072";"";"";"";"32.8"
"CHEMBL20168";"";"None";"434.50";"0";"3.62";"15p";"Cc1cc2c(cc1CC(=O)c1sccc1S(=O)(=O)Nc1onc(C)c1C)OCO2";"IC50";"'='";"34300.0";"nM";"4.46";"";"";"UO_0000065";"10.28";"0.21";"0.84";"4.14";"0";"CHEMBL670644";"In vitro inhibition of endothelin binding to human Endothelin B receptor using [125I]-labeled ET-1 competition assay";"B";"BAO_0000357";"single protein format";"None";"None";"None";"None";"None";"";"";"";"CHEMBL1785";"Endothelin receptor ET-B";"Homo sapiens";"SINGLE PROTEIN";"CHEMBL1130344";"1";"Scientific Literature";"J Med Chem";"1997";"None";"";"";"";"34300.0"
"CHEMBL367033";"";"None";"550.70";"1";"4.70";"15e";"Cc1[nH]c([C@@H](Cc2cn(C)c3ccccc23)NC(=O)[C@H](CC(C)C)N(C)C(=O)NC2CCCCC2)nc1C(=O)O";"IC50";"'>'";"100000.0";"nM";"";"";"";"UO_0000065";"";"";"";"";"0";"CHEMBL670653";"Inhibitory activity was evaluated against human Endothelin B receptor";"B";"BAO_0000357";"single protein format";"None";"None";"None";"None";"None";"";"";"";"CHEMBL1785";"Endothelin receptor ET-B";"Homo sapiens";"SINGLE PROTEIN";"CHEMBL1129499";"1";"Scientific Literature";"J Med Chem";"1996";"None";"";"";"";"100.0"
"CHEMBL9194";"ATRASENTAN";"3.0";"510.63";"1";"4.69";"1";"CCCCN(CCCC)C(=O)CN1C[C@H](c2ccc3c(c2)OCO3)[C@@H](C(=O)O)[C@@H]1c1ccc(OC)cc1";"IC50";"'='";"88.0";"nM";"7.06";"";"";"UO_0000065";"13.82";"0.26";"2.37";"7.97";"0";"CHEMBL670650";"Inhibitory activity against human endothelin B receptor";"B";"BAO_0000357";"single protein format";"None";"None";"None";"None";"None";"";"";"";"CHEMBL1785";"Endothelin receptor ET-B";"Homo sapiens";"SINGLE PROTEIN";"CHEMBL1134271";"1";"Scientific Literature";"J Med Chem";"2001";"None";"";"";"";"88.0"
"CHEMBL10699";"";"None";"431.40";"0";"4.46";"24";"COc1ccc2c(c1)c(-c1ccc3c(c1)OCO3)c(C(=O)O)n2-c1ccc2c(c1)OCO2";"IC50";"'='";"15000.0";"nM";"4.82";"";"";"UO_0000065";"11.18";"0.21";"0.36";"5.46";"0";"CHEMBL670654";"Inhibitory concentration against Endothelin B receptor expressed in CHO-K1 cells";"B";"BAO_0000219";"cell-based format";"None";"None";"None";"CHO-K1";"None";"";"";"";"CHEMBL1785";"Endothelin receptor ET-B";"Homo sapiens";"SINGLE PROTEIN";"CHEMBL1129233";"1";"Scientific Literature";"Bioorg Med Chem Lett";"1996";"CHEMBL3307512";"";"";"";"15.0"
"CHEMBL122933";"";"None";"672.70";"2";"5.56";"10j";"COc1ccc([C@H]2[C@H](C(=O)O)[C@@H](c3ccc4c(c3)OCO4)CN2CC(=O)NC(CC(C)(C)C)c2ccccc2)cc1.O=C(O)C(F)(F)F";"IC50";"'='";"5.0";"nM";"8.30";"";"";"UO_0000065";"14.86";"0.28";"2.74";"8.53";"0";"CHEMBL670477";"Binding ability determined by the displacement of [125 I]ET-3 from the human Endothelin B receptor";"B";"BAO_0000357";"single protein format";"None";"None";"None";"None";"None";"";"";"";"CHEMBL1785";"Endothelin receptor ET-B";"Homo sapiens";"SINGLE PROTEIN";"CHEMBL1132108";"1";"Scientific Literature";"J Med Chem";"1999";"None";"";"";"";"5.0"
"CHEMBL11106";"";"None";"490.46";"0";"3.56";"54";"COc1ccc(C2(O)OC(=O)C(c3ccc4c(c3)OCO4)=C2Cc2cc(OC)c3c(c2)OCO3)cc1";"IC50";"'='";"16000.0";"nM";"4.80";"";"";"UO_0000065";"9.78";"0.18";"1.24";"4.71";"0";"CHEMBL677440";"Binding affinity against human cloned Endothelin B receptor expressed in CHO-K1 cells";"B";"BAO_0000219";"cell-based format";"None";"None";"None";"CHO-K1";"None";"";"";"";"CHEMBL1785";"Endothelin receptor ET-B";"Homo sapiens";"SINGLE PROTEIN";"CHEMBL1129982";"1";"Scientific Literature";"J Med Chem";"1997";"CHEMBL3307512";"";"";"";"16000.0"
"CHEMBL123926";"";"None";"632.31";"2";"5.43";"26";"COc1ccc([C@H]2[C@H](C(=O)O)[C@@H](c3ccc4c(c3)OCO4)CN2CC(=O)Nc2c(Br)cccc2Br)cc1";"IC50";"'='";"10.0";"nM";"8.00";"";"";"UO_0000065";"12.65";"0.30";"2.57";"8.22";"0";"CHEMBL670478";"Binding affinity towards human Endothelin B receptor (hET -B)";"B";"BAO_0000357";"single protein format";"None";"None";"None";"None";"None";"";"";"";"CHEMBL1785";"Endothelin receptor ET-B";"Homo sapiens";"SINGLE PROTEIN";"CHEMBL1132381";"1";"Scientific Literature";"J Med Chem";"1999";"None";"";"";"";"10.0"
"CHEMBL105494";"";"None";"463.56";"1";"5.30";"2n";"CCCSc1ccc2c(n1)[C@@H](c1ccc(OC)cc1)[C@H](C(=O)O)[C@H]2c1ccc2c(c1)OCO2";"IC50";"'='";"53.0";"nM";"7.28";"";"";"UO_0000065";"15.70";"0.30";"1.98";"9.34";"0";"CHEMBL670652";"Inhibitory activity against I-labeled ET-1 binding to Endothelin B receptor";"B";"BAO_0000357";"single protein format";"None";"None";"None";"None";"None";"";"";"";"CHEMBL1785";"Endothelin receptor ET-B";"Homo sapiens";"SINGLE PROTEIN";"CHEMBL1134926";"1";"Scientific Literature";"Bioorg Med Chem Lett";"2002";"None";"";"";"";"53.0"
"CHEMBL416518";"";"None";"415.40";"0";"4.51";"27";"O=C(O)c1c(-c2ccc3c(c2)OCO3)c2ccccc2n1Cc1ccc2c(c1)OCO2";"IC50";"'='";"3300.0";"nM";"5.48";"";"";"UO_0000065";"13.20";"0.24";"0.97";"6.93";"0";"CHEMBL670654";"Inhibitory concentration against Endothelin B receptor expressed in CHO-K1 cells";"B";"BAO_0000219";"cell-based format";"None";"None";"None";"CHO-K1";"None";"";"";"";"CHEMBL1785";"Endothelin receptor ET-B";"Homo sapiens";"SINGLE PROTEIN";"CHEMBL1129233";"1";"Scientific Literature";"Bioorg Med Chem Lett";"1996";"CHEMBL3307512";"";"";"";"3.3"
"CHEMBL36671";"";"None";"462.50";"0";"4.32";"1";"COc1ccc([C@@H]2c3nc(NC(C)C)ccc3[C@H](c3ccc4c(c3)OCO4)[C@H]2C(=O)O)c(O)c1";"IC50";"'='";"290.0";"nM";"6.54";"";"";"UO_0000065";"14.14";"0.26";"2.22";"5.94";"0";"CHEMBL670651";"Inhibitory activity against [125I]ET1 binding to human endothelin B receptor";"B";"BAO_0000357";"single protein format";"None";"None";"None";"None";"None";"";"";"";"CHEMBL1785";"Endothelin receptor ET-B";"Homo sapiens";"SINGLE PROTEIN";"CHEMBL1147633";"1";"Scientific Literature";"Bioorg Med Chem Lett";"2004";"None";"";"";"";"290.0"
"CHEMBL10457";"";"None";"447.44";"0";"4.75";"15";"COc1ccc2c(c1)c(-c1ccc(OC)c(OC)c1)c(C(=O)O)n2-c1ccc2c(c1)OCO2";"IC50";"'>'";"25000.0";"nM";"";"";"";"UO_0000065";"";"";"";"";"0";"CHEMBL670654";"Inhibitory concentration against Endothelin B receptor expressed in CHO-K1 cells";"B";"BAO_0000219";"cell-based format";"None";"None";"None";"CHO-K1";"None";"";"";"";"CHEMBL1785";"Endothelin receptor ET-B";"Homo sapiens";"SINGLE PROTEIN";"CHEMBL1129233";"1";"Scientific Literature";"Bioorg Med Chem Lett";"1996";"CHEMBL3307512";"";"";"";"25.0"
"CHEMBL172248";"";"None";"467.41";"1";"5.70";"33c";"Cc1cc(C)c(/C=C/c2ccsc2S(=O)(=O)Nc2onc(C)c2Br)c(C)c1";"IC50";"'='";"1720.0";"nM";"5.76";"";"";"UO_0000065";"12.33";"0.29";"0.06";"7.98";"0";"CHEMBL678457";"Inhibition of human Endothelin B receptor using I-ET-1 as radioligand in a competitive radioligand assay";"B";"BAO_0000357";"single protein format";"None";"None";"None";"None";"None";"";"";"";"CHEMBL1785";"Endothelin receptor ET-B";"Homo sapiens";"SINGLE PROTEIN";"CHEMBL1129901";"1";"Scientific Literature";"Bioorg Med Chem Lett";"1997";"None";"";"";"";"1.72"
"CHEMBL175501";"";"None";"695.77";"2";"6.06";"7u with Na salt";"CCOC(C)=O.Cc1ccc(-c2c([N-]S(=O)(=O)c3ccc(C(C)(C)C)cc3)ncnc2OCCOc2ncc(-c3ccco3)cn2)cc1.[Na+]";"IC50";"'='";"7.0";"nM";"8.15";"";"";"UO_0000065";"13.92";"0.27";"2.09";"6.31";"0";"CHEMBL670642";"In vitro for specific binding of [125I]ET1 to GHcell expressed in Endothelin B receptor";"B";"BAO_0000019";"assay format";"None";"None";"None";"None";"None";"";"";"";"CHEMBL1785";"Endothelin receptor ET-B";"Homo sapiens";"SINGLE PROTEIN";"CHEMBL1134624";"1";"Scientific Literature";"J Med Chem";"2001";"None";"";"";"";"7.0"
"CHEMBL103631";"";"None";"397.43";"0";"4.94";"10";"COC(=O)C(c1ccc2c(c1)OCO2)c1cc(-c2ccccc2)nc2ccccc12";"IC50";"";"";"nM";"";"";"Not Active";"UO_0000065";"";"";"";"";"0";"CHEMBL670637";"Inhibition of binding of [125I]ET1 to cloned human Endothelin B receptor expressed in CHO-K1 cells up to 200 uM; non significant";"B";"BAO_0000219";"cell-based format";"None";"None";"None";"CHO-K1";"None";"";"";"";"CHEMBL1785";"Endothelin receptor ET-B";"Homo sapiens";"SINGLE PROTEIN";"CHEMBL1128950";"1";"Scientific Literature";"Bioorg Med Chem Lett";"1996";"CHEMBL3307512";"";"";"";""
"CHEMBL309397";"";"None";"386.05";"0";"3.85";"28b";"Cc1noc(NS(=O)(=O)c2cc(Cl)ccc2Cl)c1Br";"IC50";"'='";"25000.0";"nM";"4.60";"";"";"UO_0000065";"11.92";"0.33";"0.75";"6.37";"0";"CHEMBL677439";"Binding affinity against human Endothelin B receptor in transfected COS 7 cell membrane preparation";"B";"BAO_0000219";"cell-based format";"None";"None";"None";"COS 7";"None";"";"";"";"CHEMBL1785";"Endothelin receptor ET-B";"Homo sapiens";"SINGLE PROTEIN";"CHEMBL1129771";"1";"Scientific Literature";"Bioorg Med Chem Lett";"1996";"None";"";"";"";"25.0"
"CHEMBL274383";"PD-155080";"None";"416.43";"0";"3.82";"7a";"COc1ccc(C2(O)OC(=O)C(c3ccc4c(c3)OCO4)=C2Cc2ccccc2)cc1";"IC50";"'='";"4550.0";"nM";"5.34";"";"";"UO_0000065";"";"";"";"";"0";"CHEMBL878154";"Tested for antagonistic activity against Endothelin B receptor in human (CHO expressed).";"F";"BAO_0000019";"assay format";"None";"None";"None";"None";"None";"";"";"";"CHEMBL1785";"Endothelin receptor ET-B";"Homo sapiens";"SINGLE PROTEIN";"CHEMBL1128292";"1";"Scientific Literature";"J Med Chem";"1995";"None";"";"";"";"4550.0"
"CHEMBL101292";"";"None";"481.94";"1";"6.65";"19";"O=C(OCc1ccc(Cl)cc1)C(c1ccc2c(c1)OCO2)c1c2ccccc2nc2ccccc12";"IC50";"";"";"nM";"";"";"Not Active";"UO_0000065";"";"";"";"";"0";"CHEMBL670637";"Inhibition of binding of [125I]ET1 to cloned human Endothelin B receptor expressed in CHO-K1 cells up to 200 uM; non significant";"B";"BAO_0000219";"cell-based format";"None";"None";"None";"CHO-K1";"None";"";"";"";"CHEMBL1785";"Endothelin receptor ET-B";"Homo sapiens";"SINGLE PROTEIN";"CHEMBL1128950";"1";"Scientific Literature";"Bioorg Med Chem Lett";"1996";"CHEMBL3307512";"";"";"";""
"CHEMBL296291";"";"None";"472.34";"0";"3.87";"5g";"COc1ccc(NC(=O)c2sccc2S(=O)(=O)Nc2onc(C)c2Br)cc1";"IC50";"'='";"30200.0";"nM";"4.52";"";"";"UO_0000065";"9.57";"0.23";"0.65";"4.09";"0";"CHEMBL670643";"In vitro inhibition of endothelin binding to human Endothelin B receptor using [125I]-labeled ET-1 competition assay";"B";"BAO_0000357";"single protein format";"None";"None";"None";"None";"None";"";"";"";"CHEMBL1785";"Endothelin receptor ET-B";"Homo sapiens";"SINGLE PROTEIN";"CHEMBL1130042";"1";"Scientific Literature";"J Med Chem";"1997";"None";"";"";"";"30200.0"
"CHEMBL47008";"";"None";"546.38";"0";"3.56";"5i";"CC(=O)O.Cc1noc(NS(=O)(=O)c2ccsc2C(=O)Nc2cccc(C(=O)O)c2)c1Br";"IC50";"'='";"117000.0";"nM";"";"Outside typical range";"";"UO_0000065";"";"";"";"";"0";"CHEMBL670643";"In vitro inhibition of endothelin binding to human Endothelin B receptor using [125I]-labeled ET-1 competition assay";"B";"BAO_0000357";"single protein format";"None";"None";"None";"None";"None";"";"";"";"CHEMBL1785";"Endothelin receptor ET-B";"Homo sapiens";"SINGLE PROTEIN";"CHEMBL1130042";"1";"Scientific Literature";"J Med Chem";"1997";"None";"";"";"";"117000.0"
"CHEMBL177143";"";"None";"531.59";"1";"4.67";"51";"C#CCOc1nc(-c2ccncc2)nc(NS(=O)(=O)c2ccc(C(C)C)cn2)c1Oc1ccccc1OC";"IC50";"'='";"823.0";"nM";"6.08";"";"";"UO_0000065";"11.45";"0.22";"1.41";"4.85";"0";"CHEMBL670645";"In vitro inhibitory concentration required against [125I]ET1 binding to membranes of CHO cells expressing human ETB receptor";"B";"BAO_0000219";"cell-based format";"None";"None";"None";"CHO";"None";"";"";"";"CHEMBL1785";"Endothelin receptor ET-B";"Homo sapiens";"SINGLE PROTEIN";"CHEMBL1136632";"1";"Scientific Literature";"Bioorg Med Chem Lett";"2003";"CHEMBL3308072";"";"";"";"823.0"
"CHEMBL94438";"";"None";"544.56";"1";"4.28";"rac-39an";"Cc1cc(C)nc(O[C@H](C(=O)O)[C@@]2(c3ccccc3)NCC(=O)N(Cc3cc(F)ccc3F)c3ccccc32)n1";"IC50";"'='";"32.9";"nM";"7.48";"";"";"UO_0000065";"";"";"";"";"0";"CHEMBL670641";"Antagonist activity towards human recombinant Endothelin B receptor expressed in chinese hamster ovary (CHO) cells determined using [125I]ET1 as radioligand";"F";"BAO_0000219";"cell-based format";"None";"None";"None";"CHO";"None";"";"";"";"CHEMBL1785";"Endothelin receptor ET-B";"Homo sapiens";"SINGLE PROTEIN";"CHEMBL1149183";"1";"Scientific Literature";"J Med Chem";"2004";"CHEMBL3308072";"";"";"";"32.9"
"CHEMBL302872";"";"None";"442.86";"0";"3.45";"7s";"Cc1noc(NS(=O)(=O)c2ccsc2C(=O)Oc2ccc3c(c2)OCO3)c1Cl";"IC50";"'='";"7940.0";"nM";"5.10";"";"";"UO_0000065";"11.52";"0.25";"1.65";"4.36";"0";"CHEMBL670640";"In vitro binding affinity in a radioligand binding experiment by competition with [125I]-labeled endothelin-1 for ETB receptor";"B";"BAO_0000357";"single protein format";"None";"None";"None";"None";"None";"";"";"";"CHEMBL1785";"Endothelin receptor ET-B";"Homo sapiens";"SINGLE PROTEIN";"CHEMBL1130505";"1";"Scientific Literature";"Bioorg Med Chem Lett";"1997";"None";"";"";"";"7.94"
"CHEMBL48134";"";"None";"441.92";"0";"4.07";"6";"COc1ccc(NC(=O)c2sccc2S(=O)(=O)Nc2onc(C)c2Cl)c(C)c1";"IC50";"'='";"14000.0";"nM";"4.85";"";"";"UO_0000065";"10.98";"0.24";"0.78";"4.39";"0";"CHEMBL670644";"In vitro inhibition of endothelin binding to human Endothelin B receptor using [125I]-labeled ET-1 competition assay";"B";"BAO_0000357";"single protein format";"None";"None";"None";"None";"None";"";"";"";"CHEMBL1785";"Endothelin receptor ET-B";"Homo sapiens";"SINGLE PROTEIN";"CHEMBL1130344";"1";"Scientific Literature";"J Med Chem";"1997";"None";"";"";"";"14000.0"
"CHEMBL433173";"";"None";"506.56";"1";"2.43";"rac-39b";"COCCOCN1C(=O)CN[C@](c2ccccc2)([C@H](Oc2nc(C)cc(C)n2)C(=O)O)c2ccccc21";"IC50";"'='";"47.8";"nM";"7.32";"";"";"UO_0000065";"";"";"";"";"0";"CHEMBL670641";"Antagonist activity towards human recombinant Endothelin B receptor expressed in chinese hamster ovary (CHO) cells determined using [125I]ET1 as radioligand";"F";"BAO_0000219";"cell-based format";"None";"None";"None";"CHO";"None";"";"";"";"CHEMBL1785";"Endothelin receptor ET-B";"Homo sapiens";"SINGLE PROTEIN";"CHEMBL1149183";"1";"Scientific Literature";"J Med Chem";"2004";"CHEMBL3308072";"";"";"";"47.8"
"CHEMBL96906";"";"None";"464.48";"0";"1.84";"rac-9c";"COc1cc(OC)nc(O[C@H](C(=O)O)[C@@]2(c3ccccc3)NCC(=O)N(C)c3ccccc32)n1";"IC50";"'='";"473.0";"nM";"6.33";"";"";"UO_0000065";"";"";"";"";"0";"CHEMBL670641";"Antagonist activity towards human recombinant Endothelin B receptor expressed in chinese hamster ovary (CHO) cells determined using [125I]ET1 as radioligand";"F";"BAO_0000219";"cell-based format";"None";"None";"None";"CHO";"None";"";"";"";"CHEMBL1785";"Endothelin receptor ET-B";"Homo sapiens";"SINGLE PROTEIN";"CHEMBL1149183";"1";"Scientific Literature";"J Med Chem";"2004";"CHEMBL3308072";"";"";"";"473.0"
"CHEMBL96303";"";"None";"606.77";"2";"6.27";"rac-85";"CCCCc1cccc([C@]2([C@H](Oc3nc(C)cc(C)n3)C(=O)O)NCC(=O)N(Cc3c(C)cc(C)cc3C)c3ccccc32)c1";"IC50";"'='";"13.6";"nM";"7.87";"";"";"UO_0000065";"";"";"";"";"0";"CHEMBL670641";"Antagonist activity towards human recombinant Endothelin B receptor expressed in chinese hamster ovary (CHO) cells determined using [125I]ET1 as radioligand";"F";"BAO_0000219";"cell-based format";"None";"None";"None";"CHO";"None";"";"";"";"CHEMBL1785";"Endothelin receptor ET-B";"Homo sapiens";"SINGLE PROTEIN";"CHEMBL1149183";"1";"Scientific Literature";"J Med Chem";"2004";"CHEMBL3308072";"";"";"";"13.6"
"CHEMBL56348";"";"None";"489.48";"0";"4.17";"3i";"COc1ccccc1Cn1c(=O)c(C(=O)O)c(-c2ccc3c(c2)OCO3)c2c(OC)c(OC)ccc21";"IC50";"'='";"2600.0";"nM";"5.58";"";"";"UO_0000065";"11.41";"0.21";"1.42";"5.30";"0";"CHEMBL670728";"Inhibition of [125I]ET1 binding to porcine kidney inner medulla membranes";"B";"BAO_0000221";"tissue-based format";"Sus scrofa";"CHEMBL3638241";"Kidney";"None";"None";"";"";"";"CHEMBL1785";"Endothelin receptor ET-B";"Homo sapiens";"SINGLE PROTEIN";"CHEMBL1130488";"1";"Scientific Literature";"Bioorg Med Chem Lett";"1997";"None";"";"";"";"2.6"
"CHEMBL78552";"";"None";"351.61";"0";"3.20";"13b";"Cc1noc(NS(=O)(=O)c2ccc(Cl)cc2)c1Br";"IC50";"'='";"7000.0";"nM";"5.16";"";"";"UO_0000065";"14.66";"0.39";"1.95";"7.14";"0";"CHEMBL677439";"Binding affinity against human Endothelin B receptor in transfected COS 7 cell membrane preparation";"B";"BAO_0000219";"cell-based format";"None";"None";"None";"COS 7";"None";"";"";"";"CHEMBL1785";"Endothelin receptor ET-B";"Homo sapiens";"SINGLE PROTEIN";"CHEMBL1129771";"1";"Scientific Literature";"Bioorg Med Chem Lett";"1996";"None";"";"";"";"7.0"
"CHEMBL306863";"";"None";"487.58";"1";"6.17";"6b";"CCCOc1ccc2c(c1)c(-c1ccc(OC)cc1)c(C(=O)O)n2Cc1cc2nsnc2cc1C";"IC50";"'='";"330.0";"nM";"6.48";"";"";"UO_0000065";"13.29";"0.25";"0.31";"7.50";"0";"CHEMBL670730";"Inhibition of [125I]ET1 binding to porcine kidney inner medulla membrane Endothelin B receptor";"B";"BAO_0000019";"assay format";"Sus scrofa";"None";"None";"None";"None";"";"";"";"CHEMBL1785";"Endothelin receptor ET-B";"Homo sapiens";"SINGLE PROTEIN";"CHEMBL1130971";"1";"Scientific Literature";"Bioorg Med Chem Lett";"1998";"None";"";"";"";"330.0"
"CHEMBL314755";"";"None";"526.57";"1";"4.14";"rac-39z";"Cc1cc(C)nc(O[C@H](C(=O)O)[C@@]2(c3ccccc3)NCC(=O)N(Cc3ccc(F)cc3)c3ccccc32)n1";"IC50";"'='";"49.7";"nM";"7.30";"";"";"UO_0000065";"";"";"";"";"0";"CHEMBL670641";"Antagonist activity towards human recombinant Endothelin B receptor expressed in chinese hamster ovary (CHO) cells determined using [125I]ET1 as radioligand";"F";"BAO_0000219";"cell-based format";"None";"None";"None";"CHO";"None";"";"";"";"CHEMBL1785";"Endothelin receptor ET-B";"Homo sapiens";"SINGLE PROTEIN";"CHEMBL1149183";"1";"Scientific Literature";"J Med Chem";"2004";"CHEMBL3308072";"";"";"";"49.7"
"CHEMBL310361";"";"None";"335.15";"0";"2.69";"4b";"Cc1noc(NS(=O)(=O)c2ccccc2F)c1Br";"IC50";"'='";"35000.0";"nM";"4.46";"";"";"UO_0000065";"13.30";"0.34";"1.77";"6.17";"0";"CHEMBL677439";"Binding affinity against human Endothelin B receptor in transfected COS 7 cell membrane preparation";"B";"BAO_0000219";"cell-based format";"None";"None";"None";"COS 7";"None";"";"";"";"CHEMBL1785";"Endothelin receptor ET-B";"Homo sapiens";"SINGLE PROTEIN";"CHEMBL1129771";"1";"Scientific Literature";"Bioorg Med Chem Lett";"1996";"None";"";"";"";"35.0"
"CHEMBL8981";"PD-156707";"None";"506.51";"1";"3.85";"1, (PD-156707)";"COc1ccc(C2(O)OC(=O)C(c3ccc4c(c3)OCO4)=C2Cc2cc(OC)c(OC)c(OC)c2)cc1";"IC50";"'='";"120.0";"nM";"6.92";"";"";"UO_0000065";"13.66";"0.26";"3.07";"6.79";"0";"CHEMBL670646";"Inhibition of Endothelin B receptor mediated (ET-3) release of arachidonic acid from human cloned receptors / CHO-K1 cells";"B";"BAO_0000219";"cell-based format";"None";"None";"None";"CHO-K1";"None";"";"";"";"CHEMBL1785";"Endothelin receptor ET-B";"Homo sapiens";"SINGLE PROTEIN";"CHEMBL1129982";"1";"Scientific Literature";"J Med Chem";"1997";"CHEMBL3307512";"";"";"";"120.0"
"CHEMBL406551";"";"None";"598.53";"1";"4.70";"rac-39ay";"Cc1cc(C)nc(O[C@H](C(=O)O)[C@@]2(c3ccccc3)NCC(=O)N(Cc3c(F)c(F)c(F)c(F)c3F)c3ccccc32)n1";"IC50";"'='";"28.8";"nM";"7.54";"";"";"UO_0000065";"";"";"";"";"0";"CHEMBL670641";"Antagonist activity towards human recombinant Endothelin B receptor expressed in chinese hamster ovary (CHO) cells determined using [125I]ET1 as radioligand";"F";"BAO_0000219";"cell-based format";"None";"None";"None";"CHO";"None";"";"";"";"CHEMBL1785";"Endothelin receptor ET-B";"Homo sapiens";"SINGLE PROTEIN";"CHEMBL1149183";"1";"Scientific Literature";"J Med Chem";"2004";"CHEMBL3308072";"";"";"";"28.8"
"CHEMBL314307";"";"None";"469.43";"1";"5.86";"22p";"Cc1noc(NS(=O)(=O)c2sccc2-c2ccc(CCC(C)C)cc2)c1Br";"IC50";"'='";"3275.0";"nM";"5.49";"";"";"UO_0000065";"11.68";"0.28";"-0.38";"7.60";"0";"CHEMBL670635";"Compound was tested for binding affinity against Endothelin B receptor";"B";"BAO_0000357";"single protein format";"None";"None";"None";"None";"None";"";"";"";"CHEMBL1785";"Endothelin receptor ET-B";"Homo sapiens";"SINGLE PROTEIN";"CHEMBL1128922";"1";"Scientific Literature";"Bioorg Med Chem Lett";"1996";"None";"";"";"";"3.275"
"CHEMBL413825";"";"None";"2043.19";"None";"None";"2";"C[C@@H]1NC(=O)[C@@H]([C@@H](C)O)NC(=O)CNC(=O)[C@@H](Cc2c[nH]cn2)NC(=O)[C@H](Cc2c[nH]c3ccccc23)NC(=O)[C@@H](CC(N)=O)NC(=O)CNC(=O)[C@H](CC(=O)N[C@@H](Cc2c[nH]c3ccccc23)C(=O)N[C@@H](Cc2ccccc2)C(=O)N[C@@H](Cc2ccccc2)C(=O)N[C@@H](CC(N)=O)C(=O)N[C@@H](Cc2ccc(O)cc2)C(=O)N[C@@H](Cc2ccc(O)cc2)C(=O)N[C@@H](Cc2c[nH]c3ccccc23)C(=O)O)NC(=O)[C@H]2CCCN2C1=O";"IC50";"'='";"16000.0";"nM";"4.80";"";"";"UO_0000065";"";"";"";"";"0";"CHEMBL671537";"Ability to block sarafotoxin-6c (SRTX-6c) stimulated arachidonic acid release in chinese hamster ovary (CHO) cells expressing recombinant rat endothelin B (ETB) receptor";"F";"BAO_0000219";"cell-based format";"Oryctolagus cuniculus";"None";"None";"CHO";"None";"";"";"";"CHEMBL1785";"Endothelin receptor ET-B";"Homo sapiens";"SINGLE PROTEIN";"CHEMBL1152094";"1";"Scientific Literature";"Bioorg Med Chem Lett";"1995";"CHEMBL3308072";"";"";"";"16.0"
"CHEMBL66762";"";"None";"517.58";"1";"4.15";"11";"COc1ccc(C2(O)OC(=O)C(c3ccc4c(c3)OCO4)=C2Cc2cccc(OCCCN(C)C)c2)cc1";"IC50";"'>'";"250.0";"nM";"";"";"";"UO_0000065";"";"";"";"";"0";"CHEMBL670638";"Inhibition of [125I]ET1 binding to recombinant human Endothelin B receptor.";"B";"BAO_0000357";"single protein format";"None";"None";"None";"None";"None";"";"";"";"CHEMBL1785";"Endothelin receptor ET-B";"Homo sapiens";"SINGLE PROTEIN";"CHEMBL1132648";"1";"Scientific Literature";"J Med Chem";"1999";"None";"";"";"";"250.0"
"CHEMBL95017";"";"None";"544.56";"1";"4.28";"rac-39ap";"Cc1cc(C)nc(O[C@H](C(=O)O)[C@@]2(c3ccccc3)NCC(=O)N(Cc3cc(F)cc(F)c3)c3ccccc32)n1";"IC50";"'='";"13.1";"nM";"7.88";"";"";"UO_0000065";"";"";"";"";"0";"CHEMBL670641";"Antagonist activity towards human recombinant Endothelin B receptor expressed in chinese hamster ovary (CHO) cells determined using [125I]ET1 as radioligand";"F";"BAO_0000219";"cell-based format";"None";"None";"None";"CHO";"None";"";"";"";"CHEMBL1785";"Endothelin receptor ET-B";"Homo sapiens";"SINGLE PROTEIN";"CHEMBL1149183";"1";"Scientific Literature";"J Med Chem";"2004";"CHEMBL3308072";"";"";"";"13.1"
"CHEMBL539420";"";"None";"547.63";"1";"4.25";"20";"CCn1cc(C(C(=O)NS(=O)(=O)c2ccc(C(C)C)cc2)c2ccc3c(c2)OCO3)c2ccc(C(N)=O)cc21";"IC50";"'='";"68.0";"nM";"7.17";"";"";"UO_0000065";"13.09";"0.25";"2.92";"5.53";"0";"CHEMBL677443";"Binding affinity towards human cloned endothelin B receptor by [125I]ET1 displacement.";"B";"BAO_0000357";"single protein format";"None";"None";"None";"None";"None";"";"";"";"CHEMBL1785";"Endothelin receptor ET-B";"Homo sapiens";"SINGLE PROTEIN";"CHEMBL1135360";"1";"Scientific Literature";"Bioorg Med Chem Lett";"2002";"None";"";"";"";"68.0"
"CHEMBL96463";"";"None";"552.59";"1";"3.70";"rac-39ah";"Cc1cc(C)nc(O[C@H](C(=O)O)[C@@]2(c3ccccc3)NCC(=O)N(Cc3ccc(C(=O)O)cc3)c3ccccc32)n1";"IC50";"'='";"3530.0";"nM";"5.45";"";"";"UO_0000065";"";"";"";"";"0";"CHEMBL670641";"Antagonist activity towards human recombinant Endothelin B receptor expressed in chinese hamster ovary (CHO) cells determined using [125I]ET1 as radioligand";"F";"BAO_0000219";"cell-based format";"None";"None";"None";"CHO";"None";"";"";"";"CHEMBL1785";"Endothelin receptor ET-B";"Homo sapiens";"SINGLE PROTEIN";"CHEMBL1149183";"1";"Scientific Literature";"J Med Chem";"2004";"CHEMBL3308072";"";"";"";"3530.0"
"CHEMBL62264";"";"None";"410.47";"1";"5.36";"2";"CCCCC1=C(C(=O)O)[C@@H](c2ccc3c(c2)OCO3)Oc2ccc(OC(C)C)cc21";"IC50";"'='";"400.0";"nM";"6.40";"";"";"UO_0000065";"15.59";"0.29";"1.04";"8.62";"0";"CHEMBL673747";"Inhibitory concentration against Endothelin B receptor";"B";"BAO_0000357";"single protein format";"None";"None";"None";"None";"None";"";"";"";"CHEMBL1785";"Endothelin receptor ET-B";"Homo sapiens";"SINGLE PROTEIN";"CHEMBL1139440";"1";"Scientific Literature";"J Med Chem";"2004";"None";"";"";"";"400.0"
"CHEMBL96422";"";"None";"592.57";"1";"4.90";"rac-39y";"Cc1cc(C)nc(O[C@H](C(=O)O)[C@@]2(c3ccccc3)NCC(=O)N(Cc3cccc(OC(F)(F)F)c3)c3ccccc32)n1";"IC50";"'='";"30.8";"nM";"7.51";"";"";"UO_0000065";"";"";"";"";"0";"CHEMBL670641";"Antagonist activity towards human recombinant Endothelin B receptor expressed in chinese hamster ovary (CHO) cells determined using [125I]ET1 as radioligand";"F";"BAO_0000219";"cell-based format";"None";"None";"None";"CHO";"None";"";"";"";"CHEMBL1785";"Endothelin receptor ET-B";"Homo sapiens";"SINGLE PROTEIN";"CHEMBL1149183";"1";"Scientific Literature";"J Med Chem";"2004";"CHEMBL3308072";"";"";"";"30.8"
"CHEMBL432815";"";"None";"469.43";"1";"5.78";"22s";"Cc1cc(CC(C)C)ccc1-c1ccsc1S(=O)(=O)Nc1onc(C)c1Br";"IC50";"'='";"1505.0";"nM";"5.82";"";"";"UO_0000065";"12.40";"0.29";"0.04";"8.06";"0";"CHEMBL670635";"Compound was tested for binding affinity against Endothelin B receptor";"B";"BAO_0000357";"single protein format";"None";"None";"None";"None";"None";"";"";"";"CHEMBL1785";"Endothelin receptor ET-B";"Homo sapiens";"SINGLE PROTEIN";"CHEMBL1128922";"1";"Scientific Literature";"Bioorg Med Chem Lett";"1996";"None";"";"";"";"1.505"
"CHEMBL96318";"";"None";"472.55";"0";"3.22";"rac-39c";"Cc1cc(C)nc(O[C@H](C(=O)O)[C@@]2(c3ccccc3)NCC(=O)N(CC3CC3)c3ccccc32)n1";"IC50";"'='";"87.8";"nM";"7.06";"";"";"UO_0000065";"";"";"";"";"0";"CHEMBL670641";"Antagonist activity towards human recombinant Endothelin B receptor expressed in chinese hamster ovary (CHO) cells determined using [125I]ET1 as radioligand";"F";"BAO_0000219";"cell-based format";"None";"None";"None";"CHO";"None";"";"";"";"CHEMBL1785";"Endothelin receptor ET-B";"Homo sapiens";"SINGLE PROTEIN";"CHEMBL1149183";"1";"Scientific Literature";"J Med Chem";"2004";"CHEMBL3308072";"";"";"";"87.8"
"CHEMBL56343";"";"None";"457.48";"0";"4.71";"3h";"CCc1ccc2c(c1)c(-c1ccc3c(c1)OCO3)c(C(=O)O)c(=O)n2Cc1ccccc1OC";"IC50";"'='";"1300.0";"nM";"5.89";"";"";"UO_0000065";"12.87";"0.24";"1.18";"6.77";"0";"CHEMBL670728";"Inhibition of [125I]ET1 binding to porcine kidney inner medulla membranes";"B";"BAO_0000221";"tissue-based format";"Sus scrofa";"CHEMBL3638241";"Kidney";"None";"None";"";"";"";"CHEMBL1785";"Endothelin receptor ET-B";"Homo sapiens";"SINGLE PROTEIN";"CHEMBL1130488";"1";"Scientific Literature";"Bioorg Med Chem Lett";"1997";"None";"";"";"";"1.3"
"CHEMBL92318";"";"None";"413.32";"0";"4.20";"22v";"Cc1noc(NS(=O)(=O)c2sccc2Cc2ccccc2)c1Br";"IC50";"'='";"39770.0";"nM";"4.40";"";"";"UO_0000065";"10.65";"0.26";"0.20";"6.09";"0";"CHEMBL670635";"Compound was tested for binding affinity against Endothelin B receptor";"B";"BAO_0000357";"single protein format";"None";"None";"None";"None";"None";"";"";"";"CHEMBL1785";"Endothelin receptor ET-B";"Homo sapiens";"SINGLE PROTEIN";"CHEMBL1128922";"1";"Scientific Literature";"Bioorg Med Chem Lett";"1996";"None";"";"";"";"39.77"
"CHEMBL89688";"";"None";"427.35";"0";"4.89";"22q";"Cc1ccc(-c2ccsc2S(=O)(=O)Nc2onc(C)c2Br)c(C)c1";"IC50";"'='";"60300.0";"nM";"4.22";"";"";"UO_0000065";"9.87";"0.24";"-0.67";"5.84";"0";"CHEMBL670635";"Compound was tested for binding affinity against Endothelin B receptor";"B";"BAO_0000357";"single protein format";"None";"None";"None";"None";"None";"";"";"";"CHEMBL1785";"Endothelin receptor ET-B";"Homo sapiens";"SINGLE PROTEIN";"CHEMBL1128922";"1";"Scientific Literature";"Bioorg Med Chem Lett";"1996";"None";"";"";"";"60.3"
"CHEMBL112877";"";"None";"518.65";"1";"3.86";"9c";"CCCCN(CCCC)C(=O)CN1C[C@H](c2ccc3c(c2)OCO3)[C@@H](C(=O)O)[C@@H]1CCC1OCCCO1";"IC50";"'='";"62000.0";"nM";"4.21";"";"";"UO_0000065";"8.11";"0.16";"0.35";"4.30";"0";"CHEMBL670729";"Binding affinity for endothelin B receptor by measuring its ability to displace [125I]-ET-3 from porcine cerebellar tissue";"B";"BAO_0000357";"single protein format";"Sus scrofa";"None";"None";"None";"None";"";"";"";"CHEMBL1785";"Endothelin receptor ET-B";"Homo sapiens";"SINGLE PROTEIN";"CHEMBL1131628";"1";"Scientific Literature";"J Med Chem";"1998";"None";"";"";"";"62000.0"
"CHEMBL275991";"";"None";"455.29";"1";"5.12";"9";"O=C1OC(O)(c2ccc(Cl)c(Cl)c2)C(Cc2ccccc2)=C1c1ccc2c(c1)OCO2";"IC50";"'>'";"25000.0";"nM";"";"";"";"UO_0000065";"";"";"";"";"1";"CHEMBL677440";"Binding affinity against human cloned Endothelin B receptor expressed in CHO-K1 cells";"B";"BAO_0000219";"cell-based format";"None";"None";"None";"CHO-K1";"None";"";"";"";"CHEMBL1785";"Endothelin receptor ET-B";"Homo sapiens";"SINGLE PROTEIN";"CHEMBL1129982";"1";"Scientific Literature";"J Med Chem";"1997";"CHEMBL3307512";"";"";"";"25000.0"
"CHEMBL3349461";"";"None";"598.70";"2";"0.73";"1";"CC(C)C[C@@H]1NC(=O)[C@@H](C(C)C)NC(=O)[C@H](C)NC(=O)[C@@H](CCC(=O)O)NC(=O)[C@@H](Cc2c[nH]c3ccccc23)NC1=O";"IC50";"'>'";"100000.0";"nM";"";"";"";"UO_0000065";"";"";"";"";"0";"CHEMBL670731";"Binding activity against Endothelin B receptor 0f Porcine cerebellum membranes";"B";"BAO_0000221";"tissue-based format";"Sus scrofa";"CHEMBL3638233";"Cerebellum";"None";"None";"";"";"";"CHEMBL1785";"Endothelin receptor ET-B";"Homo sapiens";"SINGLE PROTEIN";"CHEMBL1126071";"1";"Scientific Literature";"J Med Chem";"1992";"None";"";"";"";"100.0"
"CHEMBL76576";"";"None";"321.19";"0";"3.40";"18a";"Cc1noc(NS(=O)(=O)c2ccc(Cl)c(Cl)c2)c1C";"IC50";"'='";"25000.0";"nM";"4.60";"";"";"UO_0000065";"14.33";"0.33";"1.20";"6.37";"0";"CHEMBL677439";"Binding affinity against human Endothelin B receptor in transfected COS 7 cell membrane preparation";"B";"BAO_0000219";"cell-based format";"None";"None";"None";"COS 7";"None";"";"";"";"CHEMBL1785";"Endothelin receptor ET-B";"Homo sapiens";"SINGLE PROTEIN";"CHEMBL1129771";"1";"Scientific Literature";"Bioorg Med Chem Lett";"1996";"None";"";"";"";"25.0"
"CHEMBL96351";"";"None";"496.95";"0";"3.70";"rac-5c";"COc1cc(OC)cc(O[C@H](C(=O)O)[C@@]2(c3ccccc3)NCC(=O)N(C)c3cc(Cl)ccc32)c1";"IC50";"'='";"5600.0";"nM";"5.25";"";"";"UO_0000065";"";"";"";"";"0";"CHEMBL670641";"Antagonist activity towards human recombinant Endothelin B receptor expressed in chinese hamster ovary (CHO) cells determined using [125I]ET1 as radioligand";"F";"BAO_0000219";"cell-based format";"None";"None";"None";"CHO";"None";"";"";"";"CHEMBL1785";"Endothelin receptor ET-B";"Homo sapiens";"SINGLE PROTEIN";"CHEMBL1149183";"1";"Scientific Literature";"J Med Chem";"2004";"CHEMBL3308072";"";"";"";"5600.0"
"CHEMBL28563";"";"None";"507.52";"2";"5.01";"15";"COc1ccc(Sc2c(C(=O)O)n(Cc3ccc4c(c3)OCO4)c3cc4c(cc23)OCO4)cc1OC";"IC50";"'='";"170.0";"nM";"6.77";"";"";"UO_0000065";"";"";"";"";"0";"CHEMBL848084";"Inhibition of ET- 1 stimulated arachidonic acid release (AAR) in cultured rabbit renal vascular smooth muscle cells expressing the endothelin B receptor.";"F";"BAO_0000019";"assay format";"Oryctolagus cuniculus";"None";"None";"None";"None";"";"";"";"CHEMBL1785";"Endothelin receptor ET-B";"Homo sapiens";"SINGLE PROTEIN";"CHEMBL1129097";"1";"Scientific Literature";"Bioorg Med Chem Lett";"1996";"None";"";"";"";"0.17"
"CHEMBL10897";"";"None";"402.45";"0";"4.10";"15";"COc1ccc(CC2=C(c3ccccc3)C(=O)OC2(O)c2ccc(OC)cc2)cc1";"IC50";"'>'";"2500.0";"nM";"";"";"";"UO_0000065";"";"";"";"";"0";"CHEMBL676631";"Tested for antagonistic activity against Endothelin B receptor in the humans (CHO expressed).";"F";"BAO_0000019";"assay format";"None";"None";"None";"None";"None";"";"";"";"CHEMBL1785";"Endothelin receptor ET-B";"Homo sapiens";"SINGLE PROTEIN";"CHEMBL1128292";"1";"Scientific Literature";"J Med Chem";"1995";"None";"";"";"";"2500.0"
"CHEMBL303204";"";"None";"598.70";"2";"0.69";"8";"CC(C)C[C@@H]1NC(=O)[C@H](C(C)C)NC(=O)[C@H](C)N(C)C(=O)[C@H](CC(=O)O)NC(=O)[C@@H](Cc2c[nH]c3ccccc23)NC1=O";"IC50";"'='";"47000.0";"nM";"4.33";"";"";"UO_0000065";"7.23";"0.14";"3.64";"2.28";"0";"CHEMBL670731";"Binding activity against Endothelin B receptor 0f Porcine cerebellum membranes";"B";"BAO_0000221";"tissue-based format";"Sus scrofa";"CHEMBL3638233";"Cerebellum";"None";"None";"";"";"";"CHEMBL1785";"Endothelin receptor ET-B";"Homo sapiens";"SINGLE PROTEIN";"CHEMBL1126071";"1";"Scientific Literature";"J Med Chem";"1992";"None";"";"";"";"47.0"
"CHEMBL317510";"";"None";"552.63";"1";"4.32";"rac-73";"COc1ccc(CN2C(=O)CN[C@](c3cccc(C)c3)([C@H](Oc3nc(C)cc(C)n3)C(=O)O)c3ccccc32)cc1";"IC50";"'='";"50.7";"nM";"7.29";"";"";"UO_0000065";"";"";"";"";"0";"CHEMBL670641";"Antagonist activity towards human recombinant Endothelin B receptor expressed in chinese hamster ovary (CHO) cells determined using [125I]ET1 as radioligand";"F";"BAO_0000219";"cell-based format";"None";"None";"None";"CHO";"None";"";"";"";"CHEMBL1785";"Endothelin receptor ET-B";"Homo sapiens";"SINGLE PROTEIN";"CHEMBL1149183";"1";"Scientific Literature";"J Med Chem";"2004";"CHEMBL3308072";"";"";"";"50.7"
"CHEMBL422068";"";"None";"594.71";"2";"5.36";"rac-79";"CCCCc1cccc([C@]2([C@H](Oc3nc(C)cc(C)n3)C(=O)O)NCC(=O)N(Cc3ccc(OC)cc3)c3ccccc32)c1";"IC50";"'='";"36.5";"nM";"7.44";"";"";"UO_0000065";"";"";"";"";"0";"CHEMBL670641";"Antagonist activity towards human recombinant Endothelin B receptor expressed in chinese hamster ovary (CHO) cells determined using [125I]ET1 as radioligand";"F";"BAO_0000219";"cell-based format";"None";"None";"None";"CHO";"None";"";"";"";"CHEMBL1785";"Endothelin receptor ET-B";"Homo sapiens";"SINGLE PROTEIN";"CHEMBL1149183";"1";"Scientific Literature";"J Med Chem";"2004";"CHEMBL3308072";"";"";"";"36.5"
"CHEMBL330135";"";"None";"617.12";"2";"6.14";"rac-87";"CCCCc1cccc([C@]2([C@H](Oc3nc(C)cc(C)n3)C(=O)O)NCC(=O)N(Cc3c(F)cccc3Cl)c3ccccc32)c1";"IC50";"'='";"7.1";"nM";"8.15";"";"";"UO_0000065";"";"";"";"";"0";"CHEMBL670641";"Antagonist activity towards human recombinant Endothelin B receptor expressed in chinese hamster ovary (CHO) cells determined using [125I]ET1 as radioligand";"F";"BAO_0000219";"cell-based format";"None";"None";"None";"CHO";"None";"";"";"";"CHEMBL1785";"Endothelin receptor ET-B";"Homo sapiens";"SINGLE PROTEIN";"CHEMBL1149183";"1";"Scientific Literature";"J Med Chem";"2004";"CHEMBL3308072";"";"";"";"7.1"
"CHEMBL431124";"";"None";"580.73";"1";"3.82";"17c (BQ-017)";"CCCC[C@H](NC(=O)[C@@H](Cc1c(C#N)[nH]c2ccccc12)NC(=O)C(NC(=O)N1[C@H](C)CCC[C@@H]1C)C(C)C)C(=O)O";"IC50";"'='";"4.0";"nM";"8.40";"";"";"UO_0000065";"";"";"";"";"0";"CHEMBL670639";"Functional inhibition of ET-1 induced [Ca2+] increase in human Girardi heart (hGH) cells, which express Endothelin B receptor";"F";"BAO_0000019";"assay format";"None";"None";"None";"None";"None";"";"";"";"CHEMBL1785";"Endothelin receptor ET-B";"Homo sapiens";"SINGLE PROTEIN";"CHEMBL1128763";"1";"Scientific Literature";"Bioorg Med Chem Lett";"1995";"None";"";"";"";"4.0"
"CHEMBL332431";"";"None";"502.57";"1";"4.52";"8";"COc1ccc([C@H]2[C@H](C(=O)O)[C@@H](c3ccc4c(c3)OCO4)CN2CC(=O)Nc2ccc(C)c(C)c2)cc1";"IC50";"'='";"830.0";"nM";"6.08";"";"";"UO_0000065";"12.10";"0.22";"1.56";"6.25";"0";"CHEMBL670478";"Binding affinity towards human Endothelin B receptor (hET -B)";"B";"BAO_0000357";"single protein format";"None";"None";"None";"None";"None";"";"";"";"CHEMBL1785";"Endothelin receptor ET-B";"Homo sapiens";"SINGLE PROTEIN";"CHEMBL1132381";"1";"Scientific Literature";"J Med Chem";"1999";"None";"";"";"";"830.0"
"CHEMBL27617";"";"None";"477.49";"1";"5.01";"11";"COc1cccc(Sc2c(C(=O)O)n(Cc3ccc4c(c3)OCO4)c3cc4c(cc23)OCO4)c1";"IC50";"'='";"760.0";"nM";"6.12";"";"";"UO_0000065";"12.82";"0.25";"1.11";"6.92";"0";"CHEMBL670634";"Affinity for human endothelin B receptor expressed in CHO-K1 cells.";"B";"BAO_0000219";"cell-based format";"None";"None";"None";"CHO-K1";"None";"";"";"";"CHEMBL1785";"Endothelin receptor ET-B";"Homo sapiens";"SINGLE PROTEIN";"CHEMBL1129097";"1";"Scientific Literature";"Bioorg Med Chem Lett";"1996";"CHEMBL3307512";"";"";"";"0.76"
"CHEMBL10374";"";"None";"430.46";"0";"4.13";"11";"COc1ccc(C2(O)OC(=O)C(c3ccc4c(c3)OCO4)=C2Cc2ccc(C)cc2)cc1";"IC50";"'>'";"2500.0";"nM";"";"";"";"UO_0000065";"";"";"";"";"0";"CHEMBL677440";"Binding affinity against human cloned Endothelin B receptor expressed in CHO-K1 cells";"B";"BAO_0000219";"cell-based format";"None";"None";"None";"CHO-K1";"None";"";"";"";"CHEMBL1785";"Endothelin receptor ET-B";"Homo sapiens";"SINGLE PROTEIN";"CHEMBL1129982";"1";"Scientific Literature";"J Med Chem";"1997";"CHEMBL3307512";"";"";"";"2500.0"
"CHEMBL331066";"";"None";"558.68";"2";"5.21";"35";"CCc1cccc(CC)c1NC(=O)CN1C[C@H](c2ccc3c(c2)OCO3)[C@@H](C(=O)O)[C@@H]1c1ccc(CCOC)cc1";"IC50";"'='";"3.8";"nM";"8.42";"";"";"UO_0000065";"15.07";"0.28";"3.21";"8.65";"0";"CHEMBL670478";"Binding affinity towards human Endothelin B receptor (hET -B)";"B";"BAO_0000357";"single protein format";"None";"None";"None";"None";"None";"";"";"";"CHEMBL1785";"Endothelin receptor ET-B";"Homo sapiens";"SINGLE PROTEIN";"CHEMBL1132381";"1";"Scientific Literature";"J Med Chem";"1999";"None";"";"";"";"3.8"
"CHEMBL8978";"L-754142";"None";"539.61";"1";"4.81";"20, L-754142";"CCCc1cc(C(=O)O)ccc1OC(C(=O)NS(=O)(=O)c1ccc(C(C)C)cc1)c1ccc2c(c1)OCO2";"IC50";"'='";"4.4";"nM";"8.36";"";"";"UO_0000065";"15.49";"0.30";"3.55";"6.52";"0";"CHEMBL677268";"Ability to displace endothelin ([125I]ET1) from human Endothelin B receptor";"B";"BAO_0000357";"single protein format";"None";"None";"None";"None";"None";"";"";"";"CHEMBL1785";"Endothelin receptor ET-B";"Homo sapiens";"SINGLE PROTEIN";"CHEMBL1130174";"1";"Scientific Literature";"J Med Chem";"1997";"None";"";"";"";"4.4"
"CHEMBL411925";"";"None";"532.64";"2";"5.18";"2n (diastereomer)";"CCC(CO)Cc1cc(OC)ccc1[C@@H]1c2nc(NC(C)C)ccc2[C@H](c2ccc3c(c2)OCO3)[C@H]1C(=O)O";"IC50";"'='";"11.0";"nM";"7.96";"";"";"UO_0000065";"14.94";"0.28";"2.78";"7.23";"0";"CHEMBL670651";"Inhibitory activity against [125I]ET1 binding to human endothelin B receptor";"B";"BAO_0000357";"single protein format";"None";"None";"None";"None";"None";"";"";"";"CHEMBL1785";"Endothelin receptor ET-B";"Homo sapiens";"SINGLE PROTEIN";"CHEMBL1147633";"1";"Scientific Literature";"Bioorg Med Chem Lett";"2004";"None";"";"";"";"11.0"
"CHEMBL10924";"";"None";"460.48";"0";"4.14";"15";"COc1ccc(C2(O)OC(=O)C(c3ccc4c(c3)OCO4)=C2Cc2ccc(OC)c(C)c2)cc1";"IC50";"'>'";"1140.0";"nM";"";"";"";"UO_0000065";"";"";"";"";"0";"CHEMBL677440";"Binding affinity against human cloned Endothelin B receptor expressed in CHO-K1 cells";"B";"BAO_0000219";"cell-based format";"None";"None";"None";"CHO-K1";"None";"";"";"";"CHEMBL1785";"Endothelin receptor ET-B";"Homo sapiens";"SINGLE PROTEIN";"CHEMBL1129982";"1";"Scientific Literature";"J Med Chem";"1997";"CHEMBL3307512";"";"";"";"1140.0"
"CHEMBL421184";"";"None";"575.49";"2";"6.52";"rac-84m";"Cc1ccc(C)c(O[C@H](C(=O)O)[C@@]2(c3ccccc3)NCC(=O)N(Cc3c(Cl)cccc3Cl)c3ccccc32)c1";"IC50";"'>'";"1000.0";"nM";"";"";"";"UO_0000065";"";"";"";"";"0";"CHEMBL670641";"Antagonist activity towards human recombinant Endothelin B receptor expressed in chinese hamster ovary (CHO) cells determined using [125I]ET1 as radioligand";"F";"BAO_0000219";"cell-based format";"None";"None";"None";"CHO";"None";"";"";"";"CHEMBL1785";"Endothelin receptor ET-B";"Homo sapiens";"SINGLE PROTEIN";"CHEMBL1149183";"1";"Scientific Literature";"J Med Chem";"2004";"CHEMBL3308072";"";"";"";"1000.0"
"CHEMBL123994";"";"None";"678.66";"2";"5.17";"2";"COc1ccc([C@H]2[C@H](C(=O)O)[C@@H](c3ccc4c(c3)OCO4)CN2CC(=O)NC(c2ccccc2)c2ccccc2)cc1.O=C(O)C(F)(F)F";"IC50";"'='";"8.1";"nM";"8.09";"";"";"UO_0000065";"14.33";"0.26";"2.92";"8.31";"0";"CHEMBL670477";"Binding ability determined by the displacement of [125 I]ET-3 from the human Endothelin B receptor";"B";"BAO_0000357";"single protein format";"None";"None";"None";"None";"None";"";"";"";"CHEMBL1785";"Endothelin receptor ET-B";"Homo sapiens";"SINGLE PROTEIN";"CHEMBL1132108";"1";"Scientific Literature";"J Med Chem";"1999";"None";"";"";"";"8.1"
"CHEMBL23261";"DARUSENTAN";"3.0";"410.43";"0";"2.92";"1, (LU-135252)";"COc1cc(OC)nc(O[C@H](C(=O)O)C(OC)(c2ccccc2)c2ccccc2)n1";"IC50";"'='";"16.0";"nM";"7.80";"";"";"UO_0000065";"18.99";"0.35";"4.88";"7.80";"0";"CHEMBL677443";"Binding affinity towards human cloned endothelin B receptor by [125I]ET1 displacement.";"B";"BAO_0000357";"single protein format";"None";"None";"None";"None";"None";"";"";"";"CHEMBL1785";"Endothelin receptor ET-B";"Homo sapiens";"SINGLE PROTEIN";"CHEMBL1135360";"1";"Scientific Literature";"Bioorg Med Chem Lett";"2002";"None";"";"";"";"16.0"
"CHEMBL297679";"";"None";"426.90";"0";"3.93";"15g";"COc1cccc(CC(=O)c2sccc2S(=O)(=O)Nc2onc(C)c2Cl)c1";"IC50";"'='";"19100.0";"nM";"4.72";"";"";"UO_0000065";"11.05";"0.24";"0.79";"4.79";"0";"CHEMBL670644";"In vitro inhibition of endothelin binding to human Endothelin B receptor using [125I]-labeled ET-1 competition assay";"B";"BAO_0000357";"single protein format";"None";"None";"None";"None";"None";"";"";"";"CHEMBL1785";"Endothelin receptor ET-B";"Homo sapiens";"SINGLE PROTEIN";"CHEMBL1130344";"1";"Scientific Literature";"J Med Chem";"1997";"None";"";"";"";"19100.0"
"CHEMBL282724";"SITAXENTAN";"4.0";"454.91";"0";"3.96";"15q";"Cc1cc2c(cc1CC(=O)c1sccc1S(=O)(=O)Nc1onc(C)c1Cl)OCO2";"IC50";"'='";"9800.0";"nM";"5.01";"";"";"UO_0000065";"11.01";"0.24";"1.05";"4.65";"0";"CHEMBL670644";"In vitro inhibition of endothelin binding to human Endothelin B receptor using [125I]-labeled ET-1 competition assay";"B";"BAO_0000357";"single protein format";"None";"None";"None";"None";"None";"";"";"";"CHEMBL1785";"Endothelin receptor ET-B";"Homo sapiens";"SINGLE PROTEIN";"CHEMBL1130344";"1";"Scientific Literature";"J Med Chem";"1997";"None";"";"";"";"9800.0"
"CHEMBL96472";"";"None";"543.02";"1";"4.66";"rac-39p";"Cc1cc(C)nc(O[C@H](C(=O)O)[C@@]2(c3ccccc3)NCC(=O)N(Cc3ccccc3Cl)c3ccccc32)n1";"IC50";"'='";"48.1";"nM";"7.32";"";"";"UO_0000065";"";"";"";"";"0";"CHEMBL670641";"Antagonist activity towards human recombinant Endothelin B receptor expressed in chinese hamster ovary (CHO) cells determined using [125I]ET1 as radioligand";"F";"BAO_0000219";"cell-based format";"None";"None";"None";"CHO";"None";"";"";"";"CHEMBL1785";"Endothelin receptor ET-B";"Homo sapiens";"SINGLE PROTEIN";"CHEMBL1149183";"1";"Scientific Literature";"J Med Chem";"2004";"CHEMBL3308072";"";"";"";"48.1"
"CHEMBL279703";"";"None";"519.62";"1";"4.13";"15";"CC(C)c1ccc(S(=O)(=O)NC(=O)C(c2ccc3c(c2)OCO3)c2cn(C)c3cc(CN)ccc23)cc1";"IC50";"'='";"204.0";"nM";"6.69";"";"";"UO_0000065";"12.88";"0.25";"2.56";"5.94";"0";"CHEMBL677443";"Binding affinity towards human cloned endothelin B receptor by [125I]ET1 displacement.";"B";"BAO_0000357";"single protein format";"None";"None";"None";"None";"None";"";"";"";"CHEMBL1785";"Endothelin receptor ET-B";"Homo sapiens";"SINGLE PROTEIN";"CHEMBL1135360";"1";"Scientific Literature";"Bioorg Med Chem Lett";"2002";"None";"";"";"";"204.0"
"CHEMBL73506";"";"None";"469.45";"0";"4.90";"2a";"COc1ccc(-c2c(C(=O)O)c(=O)n(Cc3ccc4c(c3)OCO4)c3c2oc2ccccc23)cc1";"IC50";"'='";"440.0";"nM";"6.36";"";"";"UO_0000065";"13.54";"0.25";"1.46";"6.35";"0";"CHEMBL670730";"Inhibition of [125I]ET1 binding to porcine kidney inner medulla membrane Endothelin B receptor";"B";"BAO_0000019";"assay format";"Sus scrofa";"None";"None";"None";"None";"";"";"";"CHEMBL1785";"Endothelin receptor ET-B";"Homo sapiens";"SINGLE PROTEIN";"CHEMBL1130971";"1";"Scientific Literature";"Bioorg Med Chem Lett";"1998";"None";"";"";"";"440.0"
"CHEMBL23418";"";"None";"562.64";"1";"4.94";"17";"CCn1cc(C(C(=O)NS(=O)(=O)c2ccc(C(C)C)cc2)c2ccc3c(c2)OCO3)c2ccc(C(=O)OC)cc21";"IC50";"";"";"nM";"";"";"Not Determined";"UO_0000065";"";"";"";"";"0";"CHEMBL677444";"Binding affinity towards human cloned endothelin B (ETB) receptor by the displacement of [125I]-labeled ET-1; ND=Not determined";"B";"BAO_0000357";"single protein format";"None";"None";"None";"None";"None";"";"";"";"CHEMBL1785";"Endothelin receptor ET-B";"Homo sapiens";"SINGLE PROTEIN";"CHEMBL1135360";"1";"Scientific Literature";"Bioorg Med Chem Lett";"2002";"None";"";"";"";""
"CHEMBL59537";"";"None";"489.52";"0";"4.84";"3m";"CCOc1ccc2c(c1)c(-c1ccc(OC)cc1)c(C(=O)O)c(=O)n2Cc1cc(OC)ccc1OC";"IC50";"'='";"200.0";"nM";"6.70";"";"";"UO_0000065";"13.68";"0.25";"1.86";"6.96";"0";"CHEMBL670728";"Inhibition of [125I]ET1 binding to porcine kidney inner medulla membranes";"B";"BAO_0000221";"tissue-based format";"Sus scrofa";"CHEMBL3638241";"Kidney";"None";"None";"";"";"";"CHEMBL1785";"Endothelin receptor ET-B";"Homo sapiens";"SINGLE PROTEIN";"CHEMBL1130488";"1";"Scientific Literature";"Bioorg Med Chem Lett";"1997";"None";"";"";"";"0.2"
"CHEMBL2304006";"";"None";"699.60";"2";"1.49";"46";"O=C(O)C[C@H]1NC(=O)[C@H](Cc2c(Br)[nH]c3ccccc23)NC(=O)[C@@H](C2CC2)NC(=O)[C@H](C2CCCC2)NC(=O)[C@@H]2CCCN2C1=O";"IC50";"'='";"29.0";"nM";"7.54";"";"";"UO_0000065";"10.77";"0.22";"6.05";"3.97";"0";"CHEMBL677447";"Binding affinity towards Endothelin B receptor in human girardi heart cell membranes";"B";"BAO_0000219";"cell-based format";"None";"CHEMBL3638187";"Heart";"heart";"None";"";"";"";"CHEMBL1785";"Endothelin receptor ET-B";"Homo sapiens";"SINGLE PROTEIN";"CHEMBL1129335";"1";"Scientific Literature";"J Med Chem";"1996";"None";"";"";"";"29.0"
"CHEMBL122111";"";"None";"502.57";"1";"4.52";"6";"COc1ccc([C@H]2[C@H](C(=O)O)[C@@H](c3ccc4c(c3)OCO4)CN2CC(=O)Nc2cc(C)ccc2C)cc1";"IC50";"'='";"82.0";"nM";"7.09";"";"";"UO_0000065";"14.10";"0.26";"2.57";"7.28";"0";"CHEMBL670478";"Binding affinity towards human Endothelin B receptor (hET -B)";"B";"BAO_0000357";"single protein format";"None";"None";"None";"None";"None";"";"";"";"CHEMBL1785";"Endothelin receptor ET-B";"Homo sapiens";"SINGLE PROTEIN";"CHEMBL1132381";"1";"Scientific Literature";"J Med Chem";"1999";"None";"";"";"";"82.0"
"CHEMBL65925";"";"None";"430.46";"1";"5.22";"72";"CC(C)Oc1ccc2c(c1)C(c1ccccc1)=C(C(=O)O)C(c1ccc3c(c1)OCO3)O2";"IC50";"";"";"nM";"";"";"Not Determined";"UO_0000065";"";"";"";"";"0";"CHEMBL670727";"Binding affinity for Endothelin B receptor by inhibiting [125I]-ET-3 binding to cloned pig ET-B receptor expressed in COS-7 cells; not tested";"B";"BAO_0000219";"cell-based format";"Sus scrofa";"None";"None";"COS-7";"None";"";"";"";"CHEMBL1785";"Endothelin receptor ET-B";"Homo sapiens";"SINGLE PROTEIN";"CHEMBL1135409";"1";"Scientific Literature";"J Med Chem";"2002";"CHEMBL3307648";"";"";"";""
"CHEMBL286687";"";"None";"398.41";"0";"4.18";"Ic";"O=C1c2ccccc2[C@@H]2[C@H](C(=O)O)[C@H](C(=O)O)[C@@H]2c2ccc(-c3ccccc3)cc21";"IC50";"'='";"1000.0";"nM";"6.00";"";"";"UO_0000065";"15.06";"0.27";"1.82";"6.55";"0";"CHEMBL677448";"Binding affinity towards cloned human ETB receptor";"B";"BAO_0000357";"single protein format";"None";"None";"None";"None";"None";"";"";"";"CHEMBL1785";"Endothelin receptor ET-B";"Homo sapiens";"SINGLE PROTEIN";"CHEMBL1128758";"1";"Scientific Literature";"Bioorg Med Chem Lett";"1995";"None";"";"";"";"1000.0"
"CHEMBL311138";"";"None";"373.27";"0";"3.67";"25b";"CCc1ccc(CC)c(S(=O)(=O)Nc2onc(C)c2Br)c1";"IC50";"'='";"5200.0";"nM";"5.28";"";"";"UO_0000065";"14.16";"0.34";"1.61";"7.32";"0";"CHEMBL677439";"Binding affinity against human Endothelin B receptor in transfected COS 7 cell membrane preparation";"B";"BAO_0000219";"cell-based format";"None";"None";"None";"COS 7";"None";"";"";"";"CHEMBL1785";"Endothelin receptor ET-B";"Homo sapiens";"SINGLE PROTEIN";"CHEMBL1129771";"1";"Scientific Literature";"Bioorg Med Chem Lett";"1996";"None";"";"";"";"5.2"
"CHEMBL47424";"";"None";"424.93";"0";"4.54";"15n";"Cc1ccc(C)c(CC(=O)c2sccc2S(=O)(=O)Nc2onc(C)c2Cl)c1";"IC50";"'='";"18100.0";"nM";"4.74";"";"";"UO_0000065";"11.16";"0.24";"0.20";"5.31";"0";"CHEMBL670644";"In vitro inhibition of endothelin binding to human Endothelin B receptor using [125I]-labeled ET-1 competition assay";"B";"BAO_0000357";"single protein format";"None";"None";"None";"None";"None";"";"";"";"CHEMBL1785";"Endothelin receptor ET-B";"Homo sapiens";"SINGLE PROTEIN";"CHEMBL1130344";"1";"Scientific Literature";"J Med Chem";"1997";"None";"";"";"";"18100.0"
"CHEMBL45351";"";"None";"544.01";"0";"3.65";"19";"CCOC(C)=O.Cc1noc(NS(=O)(=O)c2ccsc2/C(Cc2ccc3c(c2)OCO3)=N\O)c1Cl";"IC50";"'='";"4200.0";"nM";"5.38";"";"";"UO_0000065";"11.79";"0.25";"1.73";"4.36";"0";"CHEMBL670644";"In vitro inhibition of endothelin binding to human Endothelin B receptor using [125I]-labeled ET-1 competition assay";"B";"BAO_0000357";"single protein format";"None";"None";"None";"None";"None";"";"";"";"CHEMBL1785";"Endothelin receptor ET-B";"Homo sapiens";"SINGLE PROTEIN";"CHEMBL1130344";"1";"Scientific Literature";"J Med Chem";"1997";"None";"";"";"";"4200.0"
"CHEMBL76623";"";"None";"393.26";"0";"4.21";"36b";"Cc1noc(NS(=O)(=O)c2ccc(-c3ccccc3)cc2)c1Br";"IC50";"'='";"140.0";"nM";"6.85";"";"";"UO_0000065";"17.43";"0.41";"2.64";"9.49";"0";"CHEMBL677273";"Binding affinity against human ETB receptor in transfected COS 7 cell membrane preparation";"B";"BAO_0000219";"cell-based format";"None";"None";"None";"COS 7";"None";"";"";"";"CHEMBL1785";"Endothelin receptor ET-B";"Homo sapiens";"SINGLE PROTEIN";"CHEMBL1129771";"1";"Scientific Literature";"Bioorg Med Chem Lett";"1996";"None";"";"";"";"0.14"
"CHEMBL80807";"";"None";"359.25";"0";"3.42";"30a";"CCc1ccc(Br)c(S(=O)(=O)Nc2onc(C)c2C)c1";"IC50";"'='";"27000.0";"nM";"4.57";"";"";"UO_0000065";"12.72";"0.31";"1.15";"6.33";"0";"CHEMBL677439";"Binding affinity against human Endothelin B receptor in transfected COS 7 cell membrane preparation";"B";"BAO_0000219";"cell-based format";"None";"None";"None";"COS 7";"None";"";"";"";"CHEMBL1785";"Endothelin receptor ET-B";"Homo sapiens";"SINGLE PROTEIN";"CHEMBL1129771";"1";"Scientific Literature";"Bioorg Med Chem Lett";"1996";"None";"";"";"";"27.0"
"CHEMBL80484";"";"None";"345.22";"0";"3.16";"21b";"Cc1ccc(C)c(S(=O)(=O)Nc2onc(C)c2Br)c1";"IC50";"'='";"15000.0";"nM";"4.82";"";"";"UO_0000065";"13.97";"0.35";"1.66";"6.68";"0";"CHEMBL677439";"Binding affinity against human Endothelin B receptor in transfected COS 7 cell membrane preparation";"B";"BAO_0000219";"cell-based format";"None";"None";"None";"COS 7";"None";"";"";"";"CHEMBL1785";"Endothelin receptor ET-B";"Homo sapiens";"SINGLE PROTEIN";"CHEMBL1129771";"1";"Scientific Literature";"Bioorg Med Chem Lett";"1996";"None";"";"";"";"15.0"
"CHEMBL310739";"";"None";"348.81";"0";"4.10";"34c";"Cc1noc(NS(=O)(=O)c2ccccc2-c2ccccc2)c1Cl";"IC50";"'='";"13000.0";"nM";"4.89";"";"";"UO_0000065";"14.01";"0.29";"0.79";"6.77";"0";"CHEMBL677439";"Binding affinity against human Endothelin B receptor in transfected COS 7 cell membrane preparation";"B";"BAO_0000219";"cell-based format";"None";"None";"None";"COS 7";"None";"";"";"";"CHEMBL1785";"Endothelin receptor ET-B";"Homo sapiens";"SINGLE PROTEIN";"CHEMBL1129771";"1";"Scientific Literature";"Bioorg Med Chem Lett";"1996";"None";"";"";"";"13.0"
"CHEMBL64127";"";"None";"459.50";"0";"4.63";"101";"COc1ccc(C2=C(C(N)=O)C(c3ccc4c(c3)OCO4)Oc3ccc(OC(C)C)cc32)cc1";"IC50";"";"";"nM";"";"";"Not Determined";"UO_0000065";"";"";"";"";"0";"CHEMBL670727";"Binding affinity for Endothelin B receptor by inhibiting [125I]-ET-3 binding to cloned pig ET-B receptor expressed in COS-7 cells; not tested";"B";"BAO_0000219";"cell-based format";"Sus scrofa";"None";"None";"COS-7";"None";"";"";"";"CHEMBL1785";"Endothelin receptor ET-B";"Homo sapiens";"SINGLE PROTEIN";"CHEMBL1135409";"1";"Scientific Literature";"J Med Chem";"2002";"CHEMBL3307648";"";"";"";""
"CHEMBL81593";"";"None";"331.19";"0";"2.85";"9a";"Cc1noc(NS(=O)(=O)c2cccc(Br)c2)c1C";"IC50";"'='";"49000.0";"nM";"4.31";"";"";"UO_0000065";"13.01";"0.33";"1.46";"5.97";"0";"CHEMBL677439";"Binding affinity against human Endothelin B receptor in transfected COS 7 cell membrane preparation";"B";"BAO_0000219";"cell-based format";"None";"None";"None";"COS 7";"None";"";"";"";"CHEMBL1785";"Endothelin receptor ET-B";"Homo sapiens";"SINGLE PROTEIN";"CHEMBL1129771";"1";"Scientific Literature";"Bioorg Med Chem Lett";"1996";"None";"";"";"";"49.0"
"CHEMBL76438";"";"None";"331.19";"0";"2.85";"11b";"Cc1ccc(S(=O)(=O)Nc2onc(C)c2Br)cc1";"IC50";"'='";"4000.0";"nM";"5.40";"";"";"UO_0000065";"16.30";"0.41";"2.55";"7.48";"0";"CHEMBL677439";"Binding affinity against human Endothelin B receptor in transfected COS 7 cell membrane preparation";"B";"BAO_0000219";"cell-based format";"None";"None";"None";"COS 7";"None";"";"";"";"CHEMBL1785";"Endothelin receptor ET-B";"Homo sapiens";"SINGLE PROTEIN";"CHEMBL1129771";"1";"Scientific Literature";"Bioorg Med Chem Lett";"1996";"None";"";"";"";"4.0"
"CHEMBL293874";"";"None";"584.67";"2";"0.30";"7";"CC(C)C[C@@H]1NC(=O)[C@H](C(C)C)NC(=O)CN(C)C(=O)[C@H](CC(=O)O)NC(=O)[C@@H](Cc2c[nH]c3ccccc23)NC1=O";"IC50";"'='";"30000.0";"nM";"4.52";"";"";"UO_0000065";"7.74";"0.15";"4.22";"2.38";"0";"CHEMBL670731";"Binding activity against Endothelin B receptor 0f Porcine cerebellum membranes";"B";"BAO_0000221";"tissue-based format";"Sus scrofa";"CHEMBL3638233";"Cerebellum";"None";"None";"";"";"";"CHEMBL1785";"Endothelin receptor ET-B";"Homo sapiens";"SINGLE PROTEIN";"CHEMBL1126071";"1";"Scientific Literature";"J Med Chem";"1992";"None";"";"";"";"30.0"
"CHEMBL173201";"";"None";"779.89";"3";"5.96";"24";"COc1ccccc1Oc1c(NS(=O)(=O)c2ccc(C(C)C)cn2)nc(-c2cc(OC)c(OC)c(OC)c2)nc1OCCNS(=O)(=O)c1ccc(C)cc1";"IC50";"'='";"4.0";"nM";"8.40";"";"";"UO_0000065";"10.77";"0.21";"2.44";"4.51";"0";"CHEMBL670655";"Inhibitory concentration required against [125I]ET1 binding to membranes of CHO cells expressing human ETB receptor";"B";"BAO_0000219";"cell-based format";"None";"None";"None";"CHO";"None";"";"";"";"CHEMBL1785";"Endothelin receptor ET-B";"Homo sapiens";"SINGLE PROTEIN";"CHEMBL1136631";"1";"Scientific Literature";"Bioorg Med Chem Lett";"2003";"CHEMBL3308072";"";"";"";"4.0"
"CHEMBL368828";"";"None";"569.64";"2";"2.81";"38";"COc1ccccc1Oc1c(NS(=O)(=O)c2ccc(C(C)C)cn2)nc(N2CCOCC2)nc1OCC#CCO";"IC50";"'='";"49.0";"nM";"7.31";"";"";"UO_0000065";"12.83";"0.25";"4.50";"5.03";"0";"CHEMBL670645";"In vitro inhibitory concentration required against [125I]ET1 binding to membranes of CHO cells expressing human ETB receptor";"B";"BAO_0000219";"cell-based format";"None";"None";"None";"CHO";"None";"";"";"";"CHEMBL1785";"Endothelin receptor ET-B";"Homo sapiens";"SINGLE PROTEIN";"CHEMBL1136632";"1";"Scientific Literature";"Bioorg Med Chem Lett";"2003";"CHEMBL3308072";"";"";"";"49.0"
"CHEMBL368386";"";"None";"681.73";"3";"5.68";"67";"COc1ccccc1Oc1c(NS(=O)(=O)c2ccc(C(C)C)cn2)nc(-c2ccncc2)nc1OCC#CCOC(=O)Nc1ccccn1";"IC50";"'='";"123.0";"nM";"6.91";"";"";"UO_0000065";"10.14";"0.19";"1.23";"3.91";"0";"CHEMBL670645";"In vitro inhibitory concentration required against [125I]ET1 binding to membranes of CHO cells expressing human ETB receptor";"B";"BAO_0000219";"cell-based format";"None";"None";"None";"CHO";"None";"";"";"";"CHEMBL1785";"Endothelin receptor ET-B";"Homo sapiens";"SINGLE PROTEIN";"CHEMBL1136632";"1";"Scientific Literature";"Bioorg Med Chem Lett";"2003";"CHEMBL3308072";"";"";"";"123.0"
"CHEMBL330629";"";"None";"462.50";"0";"3.05";"rac-5a";"COc1cc(OC)cc(O[C@H](C(=O)O)[C@@]2(c3ccccc3)NCC(=O)N(C)c3ccccc32)c1";"IC50";"'='";"6270.0";"nM";"5.20";"";"";"UO_0000065";"";"";"";"";"0";"CHEMBL670641";"Antagonist activity towards human recombinant Endothelin B receptor expressed in chinese hamster ovary (CHO) cells determined using [125I]ET1 as radioligand";"F";"BAO_0000219";"cell-based format";"None";"None";"None";"CHO";"None";"";"";"";"CHEMBL1785";"Endothelin receptor ET-B";"Homo sapiens";"SINGLE PROTEIN";"CHEMBL1149183";"1";"Scientific Literature";"J Med Chem";"2004";"CHEMBL3308072";"";"";"";"6270.0"
"CHEMBL342615";"";"None";"646.77";"2";"0.24";"10";"CC(C)C[C@H]1NC(=O)[C@H](C(C)C)NC(=O)[C@H]2CCCN2C(=O)[C@H](CS(=O)(=O)O)NC(=O)[C@H](Cc2c[nH]c3ccccc23)NC1=O";"IC50";"'>'";"100000.0";"nM";"";"";"";"UO_0000065";"";"";"";"";"0";"CHEMBL672254";"Inhibitory effect against Human Endothelin B receptor";"B";"BAO_0000357";"single protein format";"None";"None";"None";"None";"None";"";"";"";"CHEMBL1785";"Endothelin receptor ET-B";"Homo sapiens";"SINGLE PROTEIN";"CHEMBL1128172";"1";"Scientific Literature";"J Med Chem";"1995";"None";"";"";"";"100000.0"
"CHEMBL278109";"";"None";"505.55";"1";"2.95";"24";"Cc1ccc(S(=O)(=O)NC(=O)C(c2ccc3c(c2)OCO3)c2cn(C)c3cc(C(N)=O)ccc23)cc1";"IC50";"'='";"774.0";"nM";"6.11";"";"";"UO_0000065";"12.09";"0.23";"3.16";"4.71";"0";"CHEMBL677443";"Binding affinity towards human cloned endothelin B receptor by [125I]ET1 displacement.";"B";"BAO_0000357";"single protein format";"None";"None";"None";"None";"None";"";"";"";"CHEMBL1785";"Endothelin receptor ET-B";"Homo sapiens";"SINGLE PROTEIN";"CHEMBL1135360";"1";"Scientific Literature";"Bioorg Med Chem Lett";"2002";"None";"";"";"";"774.0"
"CHEMBL330354";"";"None";"618.66";"2";"5.77";"rac-86";"CCCCc1cccc([C@]2([C@H](Oc3nc(C)cc(C)n3)C(=O)O)NCC(=O)N(Cc3c(F)cc(F)cc3F)c3ccccc32)c1";"IC50";"'='";"33.2";"nM";"7.48";"";"";"UO_0000065";"";"";"";"";"0";"CHEMBL670641";"Antagonist activity towards human recombinant Endothelin B receptor expressed in chinese hamster ovary (CHO) cells determined using [125I]ET1 as radioligand";"F";"BAO_0000219";"cell-based format";"None";"None";"None";"CHO";"None";"";"";"";"CHEMBL1785";"Endothelin receptor ET-B";"Homo sapiens";"SINGLE PROTEIN";"CHEMBL1149183";"1";"Scientific Literature";"J Med Chem";"2004";"CHEMBL3308072";"";"";"";"33.2"
"CHEMBL332289";"";"None";"730.78";"2";"5.96";"10l";"CC(C)OCCOc1ccc([C@H]2[C@H](C(=O)O)[C@@H](c3ccc4c(c3)OCO4)CN2CC(=O)NC(c2ccccc2)C(C)(C)C)cc1.O=C(O)C(F)(F)F";"IC50";"'='";"0.71";"nM";"9.15";"";"";"UO_0000065";"14.83";"0.28";"3.19";"8.59";"0";"CHEMBL670477";"Binding ability determined by the displacement of [125 I]ET-3 from the human Endothelin B receptor";"B";"BAO_0000357";"single protein format";"None";"None";"None";"None";"None";"";"";"";"CHEMBL1785";"Endothelin receptor ET-B";"Homo sapiens";"SINGLE PROTEIN";"CHEMBL1132108";"1";"Scientific Literature";"J Med Chem";"1999";"None";"";"";"";"0.71"
"CHEMBL367776";"";"None";"457.37";"0";"4.80";"21b";"Cc1ccc(OCc2sccc2S(=O)(=O)Nc2onc(C)c2Br)c(C)c1";"IC50";"'='";"4480.0";"nM";"5.35";"";"";"UO_0000065";"11.69";"0.28";"0.55";"6.57";"0";"CHEMBL676634";"Inhibition of I-ET-1 binding to human Endothelin B receptor";"B";"BAO_0000357";"single protein format";"Homo sapiens";"None";"None";"None";"None";"";"";"";"CHEMBL1785";"Endothelin receptor ET-B";"Homo sapiens";"SINGLE PROTEIN";"CHEMBL1130366";"1";"Scientific Literature";"Bioorg Med Chem Lett";"1997";"None";"";"";"";"4.48"
"CHEMBL276615";"";"None";"387.39";"0";"4.73";"21";"COc1ccc2c(-c3ccc4c(c3)OCO4)c(C(=O)O)n(-c3ccccc3)c2c1";"IC50";"'>'";"25000.0";"nM";"";"";"";"UO_0000065";"";"";"";"";"0";"CHEMBL670654";"Inhibitory concentration against Endothelin B receptor expressed in CHO-K1 cells";"B";"BAO_0000219";"cell-based format";"None";"None";"None";"CHO-K1";"None";"";"";"";"CHEMBL1785";"Endothelin receptor ET-B";"Homo sapiens";"SINGLE PROTEIN";"CHEMBL1129233";"1";"Scientific Literature";"Bioorg Med Chem Lett";"1996";"CHEMBL3307512";"";"";"";"25.0"
"CHEMBL176854";"";"None";"483.37";"0";"4.82";"33e";"Cc1cc2c(cc1/C=C/c1ccsc1S(=O)(=O)Nc1onc(C)c1Br)OCO2";"IC50";"'='";"5370.0";"nM";"5.27";"";"";"UO_0000065";"10.90";"0.26";"0.45";"5.81";"0";"CHEMBL678456";"Tested for the inhibitory activity of cloned human ETB receptor by using I-ET-1 as radioligand in a competitive radioligand assay";"B";"BAO_0000357";"single protein format";"None";"None";"None";"None";"None";"";"";"";"CHEMBL1785";"Endothelin receptor ET-B";"Homo sapiens";"SINGLE PROTEIN";"CHEMBL1129901";"1";"Scientific Literature";"Bioorg Med Chem Lett";"1997";"None";"";"";"";"5.37"
"CHEMBL96313";"";"None";"573.05";"1";"4.67";"rac-72";"COc1ccc(CN2C(=O)CN[C@](c3cccc(Cl)c3)([C@H](Oc3nc(C)cc(C)n3)C(=O)O)c3ccccc32)cc1";"IC50";"'='";"78.2";"nM";"7.11";"";"";"UO_0000065";"";"";"";"";"0";"CHEMBL670641";"Antagonist activity towards human recombinant Endothelin B receptor expressed in chinese hamster ovary (CHO) cells determined using [125I]ET1 as radioligand";"F";"BAO_0000219";"cell-based format";"None";"None";"None";"CHO";"None";"";"";"";"CHEMBL1785";"Endothelin receptor ET-B";"Homo sapiens";"SINGLE PROTEIN";"CHEMBL1149183";"1";"Scientific Literature";"J Med Chem";"2004";"CHEMBL3308072";"";"";"";"78.2"
"CHEMBL336272";"";"None";"494.63";"0";"4.99";"1a";"CCCCN(CCCC)C(=O)CN1C[C@H](c2ccc3c(c2)OCO3)[C@@H](C(=O)O)[C@@H]1c1ccc(C)cc1";"IC50";"'='";"2140.0";"nM";"5.67";"";"";"UO_0000065";"11.46";"0.22";"0.68";"7.15";"0";"CHEMBL673048";"Binding affinity against endothelin B receptor in porcine cerebellar tissue";"B";"BAO_0000357";"single protein format";"Sus scrofa";"None";"None";"None";"None";"";"";"";"CHEMBL1785";"Endothelin receptor ET-B";"Homo sapiens";"SINGLE PROTEIN";"CHEMBL1134271";"1";"Scientific Literature";"J Med Chem";"2001";"None";"";"";"";"2140.0"
"CHEMBL450337";"";"None";"649.65";"2";"4.54";"8";"CCOC(=O)CCNC(=O)OC1(c2ccc(OC)cc2)OC(=O)C(c2ccc3c(c2)OCO3)=C1Cc1cc(OC)c(OC)c(OC)c1";"IC50";"'>'";"2500.0";"nM";"";"";"";"UO_0000065";"";"";"";"";"0";"CHEMBL678455";"Binding affinity for human endothelin B receptor expressed in CHO-K1 cells.";"B";"BAO_0000219";"cell-based format";"Homo sapiens";"None";"None";"CHO-K1";"None";"";"";"";"CHEMBL1785";"Endothelin receptor ET-B";"Homo sapiens";"SINGLE PROTEIN";"CHEMBL1129826";"1";"Scientific Literature";"Bioorg Med Chem Lett";"1997";"CHEMBL3307512";"";"";"";"2500.0"
"CHEMBL22367";"";"None";"521.55";"1";"2.65";"29";"COc1ccccc1S(=O)(=O)NC(=O)C(c1ccc2c(c1)OCO2)c1cn(C)c2cc(C(N)=O)ccc12";"IC50";"'='";"310.0";"nM";"6.51";"";"";"UO_0000065";"12.48";"0.24";"3.86";"4.68";"0";"CHEMBL677443";"Binding affinity towards human cloned endothelin B receptor by [125I]ET1 displacement.";"B";"BAO_0000357";"single protein format";"None";"None";"None";"None";"None";"";"";"";"CHEMBL1785";"Endothelin receptor ET-B";"Homo sapiens";"SINGLE PROTEIN";"CHEMBL1135360";"1";"Scientific Literature";"Bioorg Med Chem Lett";"2002";"None";"";"";"";"310.0"
"CHEMBL103501";"";"None";"563.61";"2";"6.32";"4";"COc1ccc(C2(OC(=O)N[C@@H](C)c3ccccc3)OC(=O)C(c3ccc4c(c3)OCO4)=C2Cc2ccccc2)cc1";"IC50";"'>'";"2500.0";"nM";"";"";"";"UO_0000065";"";"";"";"";"0";"CHEMBL678455";"Binding affinity for human endothelin B receptor expressed in CHO-K1 cells.";"B";"BAO_0000219";"cell-based format";"Homo sapiens";"None";"None";"CHO-K1";"None";"";"";"";"CHEMBL1785";"Endothelin receptor ET-B";"Homo sapiens";"SINGLE PROTEIN";"CHEMBL1129826";"1";"Scientific Literature";"Bioorg Med Chem Lett";"1997";"CHEMBL3307512";"";"";"";"2500.0"
"CHEMBL366652";"";"None";"615.63";"2";"4.43";"54";"C#CCOc1nc(-c2ccnc(-c3noc(O)n3)c2)nc(NS(=O)(=O)c2ccc(C(C)C)cn2)c1Oc1ccccc1OC";"IC50";"'='";"294.0";"nM";"6.53";"";"";"UO_0000065";"10.61";"0.20";"2.10";"3.54";"0";"CHEMBL670645";"In vitro inhibitory concentration required against [125I]ET1 binding to membranes of CHO cells expressing human ETB receptor";"B";"BAO_0000219";"cell-based format";"None";"None";"None";"CHO";"None";"";"";"";"CHEMBL1785";"Endothelin receptor ET-B";"Homo sapiens";"SINGLE PROTEIN";"CHEMBL1136632";"1";"Scientific Literature";"Bioorg Med Chem Lett";"2003";"CHEMBL3308072";"";"";"";"294.0"
"CHEMBL10019";"";"None";"491.50";"0";"4.82";"35";"COc1ccc(-c2c(C(=O)O)n(Cc3ccc4c(c3)OCO4)c3cc(OC)c(OC)cc23)cc1OC";"IC50";"'='";"850.0";"nM";"6.07";"";"";"UO_0000065";"12.35";"0.23";"1.25";"6.22";"0";"CHEMBL670654";"Inhibitory concentration against Endothelin B receptor expressed in CHO-K1 cells";"B";"BAO_0000219";"cell-based format";"None";"None";"None";"CHO-K1";"None";"";"";"";"CHEMBL1785";"Endothelin receptor ET-B";"Homo sapiens";"SINGLE PROTEIN";"CHEMBL1129233";"1";"Scientific Literature";"Bioorg Med Chem Lett";"1996";"CHEMBL3307512";"";"";"";"0.85"
"CHEMBL367443";"";"None";"667.81";"2";"5.53";"32";"COc1ccccc1Oc1c(NS(=O)(=O)c2ccc(C(C)C)cn2)nc(C2CC2)nc1OCCCNS(=O)(=O)c1ccc(C)cc1";"IC50";"'='";"19.0";"nM";"7.72";"";"";"UO_0000065";"11.56";"0.23";"2.19";"4.87";"0";"CHEMBL670655";"Inhibitory concentration required against [125I]ET1 binding to membranes of CHO cells expressing human ETB receptor";"B";"BAO_0000219";"cell-based format";"None";"None";"None";"CHO";"None";"";"";"";"CHEMBL1785";"Endothelin receptor ET-B";"Homo sapiens";"SINGLE PROTEIN";"CHEMBL1136631";"1";"Scientific Literature";"Bioorg Med Chem Lett";"2003";"CHEMBL3308072";"";"";"";"19.0"
"CHEMBL366680";"";"None";"499.36";"0";"4.00";"33g";"Cc1noc(NS(=O)(=O)c2sccc2/C=C/c2cc3c(cc2CO)OCO3)c1Br";"IC50";"'='";"3240.0";"nM";"5.49";"";"";"UO_0000065";"10.99";"0.26";"1.49";"4.95";"0";"CHEMBL678457";"Inhibition of human Endothelin B receptor using I-ET-1 as radioligand in a competitive radioligand assay";"B";"BAO_0000357";"single protein format";"None";"None";"None";"None";"None";"";"";"";"CHEMBL1785";"Endothelin receptor ET-B";"Homo sapiens";"SINGLE PROTEIN";"CHEMBL1129901";"1";"Scientific Literature";"Bioorg Med Chem Lett";"1997";"None";"";"";"";"3.24"
"CHEMBL70924";"";"None";"606.71";"2";"5.28";"5";"COc1ccccc1Oc1c(NS(=O)(=O)c2ccc(C(C)(C)C)cc2)nc(C)nc1OCCNC(=O)Nc1ccccn1";"IC50";"'='";"1240.0";"nM";"5.91";"";"";"UO_0000065";"9.74";"0.19";"0.63";"3.84";"0";"CHEMBL672256";"Receptor binding affinity was determined against [125I]ET1 with membranes prepared from human placenta for ETB receptor";"B";"BAO_0000019";"assay format";"None";"None";"None";"None";"None";"";"";"";"CHEMBL1785";"Endothelin receptor ET-B";"Homo sapiens";"SINGLE PROTEIN";"CHEMBL1130517";"1";"Scientific Literature";"Bioorg Med Chem Lett";"1997";"None";"";"";"";"1.24"
"CHEMBL286333";"";"None";"412.44";"0";"4.49";"Ih";"Cc1ccccc1-c1ccc2c(c1)C(=O)c1ccccc1[C@@H]1[C@H](C(=O)O)[C@H](C(=O)O)[C@H]21";"IC50";"'='";"2400.0";"nM";"5.62";"";"";"UO_0000065";"13.63";"0.25";"1.13";"6.13";"0";"CHEMBL677448";"Binding affinity towards cloned human ETB receptor";"B";"BAO_0000357";"single protein format";"None";"None";"None";"None";"None";"";"";"";"CHEMBL1785";"Endothelin receptor ET-B";"Homo sapiens";"SINGLE PROTEIN";"CHEMBL1128758";"1";"Scientific Literature";"Bioorg Med Chem Lett";"1995";"None";"";"";"";"2400.0"
"CHEMBL10218";"";"None";"473.48";"1";"5.30";"32";"CCCOc1ccc2c(c1)c(-c1ccc3c(c1)OCO3)c(C(=O)O)n2Cc1ccc2c(c1)OCO2";"IC50";"'='";"1100.0";"nM";"5.96";"";"";"UO_0000065";"12.58";"0.23";"0.66";"6.74";"0";"CHEMBL670654";"Inhibitory concentration against Endothelin B receptor expressed in CHO-K1 cells";"B";"BAO_0000219";"cell-based format";"None";"None";"None";"CHO-K1";"None";"";"";"";"CHEMBL1785";"Endothelin receptor ET-B";"Homo sapiens";"SINGLE PROTEIN";"CHEMBL1129233";"1";"Scientific Literature";"Bioorg Med Chem Lett";"1996";"CHEMBL3307512";"";"";"";"1.1"
"CHEMBL31524";"";"None";"428.44";"0";"4.19";"Ie";"COc1ccccc1-c1ccc2c(c1)C(=O)c1ccccc1[C@@H]1[C@H](C(=O)O)[C@H](C(=O)O)[C@H]21";"IC50";"'='";"2400.0";"nM";"5.62";"";"";"UO_0000065";"13.12";"0.24";"1.43";"5.57";"0";"CHEMBL677448";"Binding affinity towards cloned human ETB receptor";"B";"BAO_0000357";"single protein format";"None";"None";"None";"None";"None";"";"";"";"CHEMBL1785";"Endothelin receptor ET-B";"Homo sapiens";"SINGLE PROTEIN";"CHEMBL1128758";"1";"Scientific Literature";"Bioorg Med Chem Lett";"1995";"None";"";"";"";"2400.0"
"CHEMBL61625";"";"None";"424.49";"1";"5.45";"99";"CCCCC1=C(C(=O)OC)C(c2ccc3c(c2)OCO3)Oc2ccc(OC(C)C)cc21";"IC50";"";"";"nM";"";"";"Not Determined";"UO_0000065";"";"";"";"";"0";"CHEMBL670727";"Binding affinity for Endothelin B receptor by inhibiting [125I]-ET-3 binding to cloned pig ET-B receptor expressed in COS-7 cells; not tested";"B";"BAO_0000219";"cell-based format";"Sus scrofa";"None";"None";"COS-7";"None";"";"";"";"CHEMBL1785";"Endothelin receptor ET-B";"Homo sapiens";"SINGLE PROTEIN";"CHEMBL1135409";"1";"Scientific Literature";"J Med Chem";"2002";"CHEMBL3307648";"";"";"";""
"CHEMBL433229";"";"None";"428.44";"0";"4.19";"If";"COc1cccc(-c2ccc3c(c2)C(=O)c2ccccc2[C@@H]2[C@H](C(=O)O)[C@H](C(=O)O)[C@H]32)c1";"IC50";"'='";"1100.0";"nM";"5.96";"";"";"UO_0000065";"13.91";"0.25";"1.77";"5.91";"0";"CHEMBL677448";"Binding affinity towards cloned human ETB receptor";"B";"BAO_0000357";"single protein format";"None";"None";"None";"None";"None";"";"";"";"CHEMBL1785";"Endothelin receptor ET-B";"Homo sapiens";"SINGLE PROTEIN";"CHEMBL1128758";"1";"Scientific Literature";"Bioorg Med Chem Lett";"1995";"None";"";"";"";"1100.0"
"CHEMBL173465";"";"None";"545.62";"1";"4.84";"44";"C#CCOc1nc(-c2cnccn2)nc(NS(=O)(=O)c2ccc(C(C)(C)C)cc2)c1Oc1ccccc1OC";"IC50";"'='";"903.0";"nM";"6.04";"";"";"UO_0000065";"11.08";"0.21";"1.20";"4.82";"0";"CHEMBL670645";"In vitro inhibitory concentration required against [125I]ET1 binding to membranes of CHO cells expressing human ETB receptor";"B";"BAO_0000219";"cell-based format";"None";"None";"None";"CHO";"None";"";"";"";"CHEMBL1785";"Endothelin receptor ET-B";"Homo sapiens";"SINGLE PROTEIN";"CHEMBL1136632";"1";"Scientific Literature";"Bioorg Med Chem Lett";"2003";"CHEMBL3308072";"";"";"";"903.0"
"CHEMBL330414";"";"None";"387.39";"0";"4.41";"28";"COC(=O)C(Oc1c2ccccc2nc2ccccc12)c1ccc2c(c1)OCO2";"IC50";"";"";"nM";"";"";"Not Active";"UO_0000065";"";"";"";"";"0";"CHEMBL670637";"Inhibition of binding of [125I]ET1 to cloned human Endothelin B receptor expressed in CHO-K1 cells up to 200 uM; non significant";"B";"BAO_0000219";"cell-based format";"None";"None";"None";"CHO-K1";"None";"";"";"";"CHEMBL1785";"Endothelin receptor ET-B";"Homo sapiens";"SINGLE PROTEIN";"CHEMBL1128950";"1";"Scientific Literature";"Bioorg Med Chem Lett";"1996";"CHEMBL3307512";"";"";"";""
"CHEMBL325581";"";"None";"585.09";"1";"4.08";"15d";"CCCN(CCN1C[C@H](c2ccc3c(c2)OCO3)[C@@H](C(=O)O)[C@@H]1c1ccc(OC)c(F)c1)S(=O)(=O)CCCCl";"IC50";"'='";"0.83";"nM";"9.08";"";"";"UO_0000065";"";"";"";"";"0";"CHEMBL873581";"Ability to block the ET-1-induced hydrolysis of inositol phosphate in Endothelin B receptor of chinese hamster ovary(CHO) cells.";"F";"BAO_0000019";"assay format";"None";"None";"None";"None";"None";"";"";"";"CHEMBL1785";"Endothelin receptor ET-B";"Homo sapiens";"SINGLE PROTEIN";"CHEMBL1130174";"1";"Scientific Literature";"J Med Chem";"1997";"None";"";"";"";"0.83"
"CHEMBL1205177";"";"None";"928.04";"3";"0.80";"17, TAK-044";"CC(C)C[C@@H]1NC(=O)[C@@H](c2cccs2)NC(=O)[C@H](CC(=O)O)NC(=O)[C@H](CC(=O)N2CCN(c3ccccc3)CC2)NC(=O)[C@@H](CC(=O)O)NC(=O)[C@@H](Cc2c[nH]c3ccccc23)NC1=O";"IC50";"'='";"130.0";"nM";"6.89";"";"";"UO_0000065";"7.42";"0.14";"6.09";"2.39";"0";"CHEMBL677268";"Ability to displace endothelin ([125I]ET1) from human Endothelin B receptor";"B";"BAO_0000357";"single protein format";"None";"None";"None";"None";"None";"";"";"";"CHEMBL1785";"Endothelin receptor ET-B";"Homo sapiens";"SINGLE PROTEIN";"CHEMBL1130174";"1";"Scientific Literature";"J Med Chem";"1997";"None";"";"";"";"130.0"
"CHEMBL10648";"";"None";"436.89";"0";"4.76";"16";"COc1ccc(CC2=C(c3ccc(Cl)cc3)C(=O)OC2(O)c2ccc(OC)cc2)cc1";"IC50";"'>'";"2500.0";"nM";"";"";"";"UO_0000065";"";"";"";"";"0";"CHEMBL676631";"Tested for antagonistic activity against Endothelin B receptor in the humans (CHO expressed).";"F";"BAO_0000019";"assay format";"None";"None";"None";"None";"None";"";"";"";"CHEMBL1785";"Endothelin receptor ET-B";"Homo sapiens";"SINGLE PROTEIN";"CHEMBL1128292";"1";"Scientific Literature";"J Med Chem";"1995";"None";"";"";"";"2500.0"
"CHEMBL170335";"";"None";"388.50";"0";"3.44";"2";"C/C=C/C=C/C=C/C(=O)O[C@@H]1C=C2COC(O)[C@]2(O)[C@@]2(C)CCCC(C)(C)C12";"IC50";"'='";"21000.0";"nM";"4.68";"";"";"UO_0000065";"12.04";"0.23";"1.24";"6.16";"0";"CHEMBL671538";"Tested for binding affinity towards rabbit Endothelin B receptor";"B";"BAO_0000357";"single protein format";"Oryctolagus cuniculus";"None";"None";"None";"None";"";"";"";"CHEMBL1785";"Endothelin receptor ET-B";"Homo sapiens";"SINGLE PROTEIN";"CHEMBL1133352";"1";"Scientific Literature";"Bioorg Med Chem Lett";"2000";"None";"";"";"";"21.0"
"CHEMBL323464";"";"None";"564.68";"1";"4.25";"15a";"CCCCS(=O)(=O)N(CCC)CCN1C[C@H](c2ccc3c(c2)OCO3)[C@@H](C(=O)O)[C@@H]1c1ccc(OC)c(F)c1";"IC50";"'='";"0.47";"nM";"9.33";"";"";"UO_0000065";"16.52";"0.33";"5.08";"8.83";"0";"CHEMBL677449";"Binding assay performed using human Endothelin B receptor (hETB) expressed in chinese hamster ovary cells(CHO)";"B";"BAO_0000219";"cell-based format";"None";"None";"None";"CHO";"None";"";"";"";"CHEMBL1785";"Endothelin receptor ET-B";"Homo sapiens";"SINGLE PROTEIN";"CHEMBL1130174";"1";"Scientific Literature";"J Med Chem";"1997";"CHEMBL3308072";"";"";"";"0.47"
"CHEMBL78669";"";"None";"365.64";"0";"3.51";"16b";"Cc1noc(NS(=O)(=O)c2cccc(Cl)c2C)c1Br";"IC50";"'='";"22000.0";"nM";"4.66";"";"";"UO_0000065";"12.74";"0.33";"1.15";"6.45";"0";"CHEMBL677439";"Binding affinity against human Endothelin B receptor in transfected COS 7 cell membrane preparation";"B";"BAO_0000219";"cell-based format";"None";"None";"None";"COS 7";"None";"";"";"";"CHEMBL1785";"Endothelin receptor ET-B";"Homo sapiens";"SINGLE PROTEIN";"CHEMBL1129771";"1";"Scientific Literature";"Bioorg Med Chem Lett";"1996";"None";"";"";"";"22.0"
"CHEMBL80808";"";"None";"351.61";"0";"3.20";"8b";"Cc1noc(NS(=O)(=O)c2cccc(Cl)c2)c1Br";"IC50";"'='";"13000.0";"nM";"4.89";"";"";"UO_0000065";"13.90";"0.37";"1.69";"6.77";"0";"CHEMBL677439";"Binding affinity against human Endothelin B receptor in transfected COS 7 cell membrane preparation";"B";"BAO_0000219";"cell-based format";"None";"None";"None";"COS 7";"None";"";"";"";"CHEMBL1785";"Endothelin receptor ET-B";"Homo sapiens";"SINGLE PROTEIN";"CHEMBL1129771";"1";"Scientific Literature";"Bioorg Med Chem Lett";"1996";"None";"";"";"";"13.0"
"CHEMBL10211";"";"None";"401.37";"0";"4.45";"22";"O=C(O)c1c(-c2ccc3c(c2)OCO3)c2ccccc2n1-c1ccc2c(c1)OCO2";"IC50";"'='";"22000.0";"nM";"4.66";"";"";"UO_0000065";"11.60";"0.21";"0.21";"5.88";"0";"CHEMBL670654";"Inhibitory concentration against Endothelin B receptor expressed in CHO-K1 cells";"B";"BAO_0000219";"cell-based format";"None";"None";"None";"CHO-K1";"None";"";"";"";"CHEMBL1785";"Endothelin receptor ET-B";"Homo sapiens";"SINGLE PROTEIN";"CHEMBL1129233";"1";"Scientific Literature";"Bioorg Med Chem Lett";"1996";"CHEMBL3307512";"";"";"";"22.0"
"CHEMBL311455";"";"None";"321.19";"0";"3.40";"28a";"Cc1noc(NS(=O)(=O)c2cc(Cl)ccc2Cl)c1C";"IC50";"'='";"80000.0";"nM";"4.10";"";"";"UO_0000065";"12.76";"0.29";"0.70";"5.67";"0";"CHEMBL677439";"Binding affinity against human Endothelin B receptor in transfected COS 7 cell membrane preparation";"B";"BAO_0000219";"cell-based format";"None";"None";"None";"COS 7";"None";"";"";"";"CHEMBL1785";"Endothelin receptor ET-B";"Homo sapiens";"SINGLE PROTEIN";"CHEMBL1129771";"1";"Scientific Literature";"Bioorg Med Chem Lett";"1996";"None";"";"";"";"80.0"
"CHEMBL28779";"";"None";"447.47";"0";"5.00";"16";"O=C(O)c1c(Sc2ccc3c(c2)OCO3)c2ccccc2n1Cc1ccc2c(c1)OCO2";"IC50";"'='";"4500.0";"nM";"5.35";"";"";"UO_0000065";"11.95";"0.23";"0.35";"6.76";"0";"CHEMBL670634";"Affinity for human endothelin B receptor expressed in CHO-K1 cells.";"B";"BAO_0000219";"cell-based format";"None";"None";"None";"CHO-K1";"None";"";"";"";"CHEMBL1785";"Endothelin receptor ET-B";"Homo sapiens";"SINGLE PROTEIN";"CHEMBL1129097";"1";"Scientific Literature";"Bioorg Med Chem Lett";"1996";"CHEMBL3307512";"";"";"";"4.5"
"CHEMBL10924";"";"None";"460.48";"0";"4.14";"14";"COc1ccc(C2(O)OC(=O)C(c3ccc4c(c3)OCO4)=C2Cc2ccc(OC)c(C)c2)cc1";"IC50";"'='";"1140.0";"nM";"5.94";"";"";"UO_0000065";"";"";"";"";"0";"CHEMBL676631";"Tested for antagonistic activity against Endothelin B receptor in the humans (CHO expressed).";"F";"BAO_0000019";"assay format";"None";"None";"None";"None";"None";"";"";"";"CHEMBL1785";"Endothelin receptor ET-B";"Homo sapiens";"SINGLE PROTEIN";"CHEMBL1128292";"1";"Scientific Literature";"J Med Chem";"1995";"None";"";"";"";"1140.0"
"CHEMBL312266";"";"None";"396.06";"0";"3.31";"6b";"Cc1noc(NS(=O)(=O)c2ccccc2Br)c1Br";"IC50";"'='";"39000.0";"nM";"4.41";"";"";"UO_0000065";"11.13";"0.33";"1.10";"6.11";"0";"CHEMBL677439";"Binding affinity against human Endothelin B receptor in transfected COS 7 cell membrane preparation";"B";"BAO_0000219";"cell-based format";"None";"None";"None";"COS 7";"None";"";"";"";"CHEMBL1785";"Endothelin receptor ET-B";"Homo sapiens";"SINGLE PROTEIN";"CHEMBL1129771";"1";"Scientific Literature";"Bioorg Med Chem Lett";"1996";"None";"";"";"";"39.0"
"CHEMBL10847";"";"None";"572.54";"1";"4.73";"73, Na salt";"COc1ccc(C(=O)/C(Cc2ccc(OC)c(OC)c2OC)=C(\C(=O)[O-])c2cc(OC)c3c(c2)OCO3)cc1C.[Na+]";"IC50";"'='";"68.0";"nM";"7.17";"";"";"UO_0000065";"13.02";"0.24";"2.44";"6.02";"0";"CHEMBL871935";"Inhibition of Endothelin B receptor mediated (ET-3) release of arachidonic acid from human cloned receptors expressed in CHO-K1 cells";"B";"BAO_0000219";"cell-based format";"None";"None";"None";"CHO-K1";"None";"";"";"";"CHEMBL1785";"Endothelin receptor ET-B";"Homo sapiens";"SINGLE PROTEIN";"CHEMBL1129982";"1";"Scientific Literature";"J Med Chem";"1997";"CHEMBL3307512";"";"";"";"68.0"
"CHEMBL172666";"";"None";"515.41";"1";"4.87";"27c";"CCCc1cc2c(cc1OCc1sccc1S(=O)(=O)Nc1onc(C)c1Br)OCO2";"IC50";"'='";"335.0";"nM";"6.47";"";"";"UO_0000065";"12.56";"0.29";"1.60";"6.48";"0";"CHEMBL676634";"Inhibition of I-ET-1 binding to human Endothelin B receptor";"B";"BAO_0000357";"single protein format";"Homo sapiens";"None";"None";"None";"None";"";"";"";"CHEMBL1785";"Endothelin receptor ET-B";"Homo sapiens";"SINGLE PROTEIN";"CHEMBL1130366";"1";"Scientific Literature";"Bioorg Med Chem Lett";"1997";"None";"";"";"";"0.335"
"CHEMBL273723";"";"None";"476.48";"0";"3.84";"46";"COc1ccc(C2(O)OC(=O)C(c3ccc4c(c3)OCO4)=C2Cc2cc(OC)ccc2OC)cc1";"IC50";"'='";"1000.0";"nM";"6.00";"";"";"UO_0000065";"12.59";"0.23";"2.16";"6.47";"0";"CHEMBL677440";"Binding affinity against human cloned Endothelin B receptor expressed in CHO-K1 cells";"B";"BAO_0000219";"cell-based format";"None";"None";"None";"CHO-K1";"None";"";"";"";"CHEMBL1785";"Endothelin receptor ET-B";"Homo sapiens";"SINGLE PROTEIN";"CHEMBL1129982";"1";"Scientific Literature";"J Med Chem";"1997";"CHEMBL3307512";"";"";"";"1000.0"
"CHEMBL8981";"PD-156707";"None";"506.51";"1";"3.85";"1, (PD-156707)";"COc1ccc(C2(O)OC(=O)C(c3ccc4c(c3)OCO4)=C2Cc2cc(OC)c(OC)c(OC)c2)cc1";"IC50";"'='";"780.0";"nM";"6.11";"";"";"UO_0000065";"12.06";"0.23";"2.26";"5.99";"0";"CHEMBL677440";"Binding affinity against human cloned Endothelin B receptor expressed in CHO-K1 cells";"B";"BAO_0000219";"cell-based format";"None";"None";"None";"CHO-K1";"None";"";"";"";"CHEMBL1785";"Endothelin receptor ET-B";"Homo sapiens";"SINGLE PROTEIN";"CHEMBL1129982";"1";"Scientific Literature";"J Med Chem";"1997";"CHEMBL3307512";"";"";"";"780.0"
"CHEMBL355800";"";"None";"473.33";"0";"3.92";"27b";"Cc1noc(NS(=O)(=O)c2ccsc2COc2ccc3c(c2)OCO3)c1Br";"IC50";"'='";"5930.0";"nM";"5.23";"";"";"UO_0000065";"11.04";"0.26";"1.31";"5.23";"0";"CHEMBL676634";"Inhibition of I-ET-1 binding to human Endothelin B receptor";"B";"BAO_0000357";"single protein format";"Homo sapiens";"None";"None";"None";"None";"";"";"";"CHEMBL1785";"Endothelin receptor ET-B";"Homo sapiens";"SINGLE PROTEIN";"CHEMBL1130366";"1";"Scientific Literature";"Bioorg Med Chem Lett";"1997";"None";"";"";"";"5.93"
"CHEMBL62578";"";"None";"537.59";"1";"4.22";"104";"COc1ccc(C2=C(C(=O)NS(C)(=O)=O)C(c3ccc4c(c3)OCO4)Oc3ccc(OC(C)C)cc32)cc1";"IC50";"";"";"nM";"";"";"Not Determined";"UO_0000065";"";"";"";"";"0";"CHEMBL670727";"Binding affinity for Endothelin B receptor by inhibiting [125I]-ET-3 binding to cloned pig ET-B receptor expressed in COS-7 cells; not tested";"B";"BAO_0000219";"cell-based format";"Sus scrofa";"None";"None";"COS-7";"None";"";"";"";"CHEMBL1785";"Endothelin receptor ET-B";"Homo sapiens";"SINGLE PROTEIN";"CHEMBL1135409";"1";"Scientific Literature";"J Med Chem";"2002";"CHEMBL3307648";"";"";"";""
"CHEMBL47450";"";"None";"456.34";"0";"4.17";"5j";"Cc1ccccc1NC(=O)c1sccc1S(=O)(=O)Nc1onc(C)c1Br";"IC50";"'>'";"100000.0";"nM";"";"";"";"UO_0000065";"";"";"";"";"0";"CHEMBL670643";"In vitro inhibition of endothelin binding to human Endothelin B receptor using [125I]-labeled ET-1 competition assay";"B";"BAO_0000357";"single protein format";"None";"None";"None";"None";"None";"";"";"";"CHEMBL1785";"Endothelin receptor ET-B";"Homo sapiens";"SINGLE PROTEIN";"CHEMBL1130042";"1";"Scientific Literature";"J Med Chem";"1997";"None";"";"";"";"100000.0"
"CHEMBL31662";"";"None";"426.47";"0";"4.74";"Im";"CCc1ccc(-c2ccc3c(c2)C(=O)c2ccccc2[C@@H]2[C@H](C(=O)O)[C@H](C(=O)O)[C@H]32)cc1";"IC50";"'='";"280.0";"nM";"6.55";"";"";"UO_0000065";"15.37";"0.28";"1.81";"7.15";"0";"CHEMBL677448";"Binding affinity towards cloned human ETB receptor";"B";"BAO_0000357";"single protein format";"None";"None";"None";"None";"None";"";"";"";"CHEMBL1785";"Endothelin receptor ET-B";"Homo sapiens";"SINGLE PROTEIN";"CHEMBL1128758";"1";"Scientific Literature";"Bioorg Med Chem Lett";"1995";"None";"";"";"";"280.0"
"CHEMBL282724";"SITAXENTAN";"4.0";"454.91";"0";"3.96";"Sitaxsentan";"Cc1cc2c(cc1CC(=O)c1sccc1S(=O)(=O)Nc1onc(C)c1Cl)OCO2";"IC50";"'='";"9.8";"nM";"";"Potential transcription error";"";"UO_0000065";"";"";"";"";"1";"CHEMBL675451";"Inhibitory concentration towards endothelin B receptor in human";"F";"BAO_0000019";"assay format";"None";"None";"None";"None";"None";"";"";"";"CHEMBL1785";"Endothelin receptor ET-B";"Homo sapiens";"SINGLE PROTEIN";"CHEMBL1148449";"1";"Scientific Literature";"J Med Chem";"2004";"None";"";"";"";"9.8"
"CHEMBL10794";"";"None";"446.46";"0";"3.83";"71";"COc1ccc(C2(O)OC(=O)C(c3cc(OC)c4c(c3)OCO4)=C2Cc2ccccc2)cc1";"IC50";"'='";"640.0";"nM";"6.19";"";"";"UO_0000065";"13.87";"0.26";"2.36";"7.42";"0";"CHEMBL677440";"Binding affinity against human cloned Endothelin B receptor expressed in CHO-K1 cells";"B";"BAO_0000219";"cell-based format";"None";"None";"None";"CHO-K1";"None";"";"";"";"CHEMBL1785";"Endothelin receptor ET-B";"Homo sapiens";"SINGLE PROTEIN";"CHEMBL1129982";"1";"Scientific Literature";"J Med Chem";"1997";"CHEMBL3307512";"";"";"";"640.0"
"CHEMBL369489";"";"None";"620.50";"2";"5.56";"7k with Na salt";"Cc1ccc(-c2c([N-]S(=O)(=O)c3ccc(C(C)(C)C)cc3)ncnc2OCCOc2ncc(Br)cn2)cc1.[Na+]";"IC50";"'='";"38.0";"nM";"7.42";"";"";"UO_0000065";"12.40";"0.27";"1.86";"6.39";"0";"CHEMBL670642";"In vitro for specific binding of [125I]ET1 to GHcell expressed in Endothelin B receptor";"B";"BAO_0000019";"assay format";"None";"None";"None";"None";"None";"";"";"";"CHEMBL1785";"Endothelin receptor ET-B";"Homo sapiens";"SINGLE PROTEIN";"CHEMBL1134624";"1";"Scientific Literature";"J Med Chem";"2001";"None";"";"";"";"38.0"
"CHEMBL28188";"";"None";"449.53";"1";"5.56";"5";"COc1cccc(Sc2c(C(=O)O)n(Cc3ccccc3)c3cc(OC)c(OC)cc23)c1";"IC50";"'='";"870.0";"nM";"6.06";"";"";"UO_0000065";"13.48";"0.26";"0.50";"8.67";"0";"CHEMBL670634";"Affinity for human endothelin B receptor expressed in CHO-K1 cells.";"B";"BAO_0000219";"cell-based format";"None";"None";"None";"CHO-K1";"None";"";"";"";"CHEMBL1785";"Endothelin receptor ET-B";"Homo sapiens";"SINGLE PROTEIN";"CHEMBL1129097";"1";"Scientific Literature";"Bioorg Med Chem Lett";"1996";"CHEMBL3307512";"";"";"";"0.87"
"CHEMBL334076";"";"None";"658.67";"2";"5.31";"10e";"CCCCC(NC(=O)CN1C[C@H](c2ccc3c(c2)OCO3)[C@@H](C(=O)O)[C@@H]1c1ccc(OC)cc1)c1ccccc1.O=C(O)C(F)(F)F";"IC50";"'='";"5.0";"nM";"8.30";"";"";"UO_0000065";"15.24";"0.28";"2.99";"8.53";"0";"CHEMBL670477";"Binding ability determined by the displacement of [125 I]ET-3 from the human Endothelin B receptor";"B";"BAO_0000357";"single protein format";"None";"None";"None";"None";"None";"";"";"";"CHEMBL1785";"Endothelin receptor ET-B";"Homo sapiens";"SINGLE PROTEIN";"CHEMBL1132108";"1";"Scientific Literature";"J Med Chem";"1999";"None";"";"";"";"5.0"
"CHEMBL175268";"";"None";"653.78";"2";"5.14";"21";"COc1ccccc1Oc1c(NS(=O)(=O)c2ccc(C(C)C)cn2)nc(C2CC2)nc1OCCNS(=O)(=O)c1ccc(C)cc1";"IC50";"'='";"81.0";"nM";"7.09";"";"";"UO_0000065";"10.85";"0.22";"1.95";"4.47";"0";"CHEMBL670655";"Inhibitory concentration required against [125I]ET1 binding to membranes of CHO cells expressing human ETB receptor";"B";"BAO_0000219";"cell-based format";"None";"None";"None";"CHO";"None";"";"";"";"CHEMBL1785";"Endothelin receptor ET-B";"Homo sapiens";"SINGLE PROTEIN";"CHEMBL1136631";"1";"Scientific Literature";"Bioorg Med Chem Lett";"2003";"CHEMBL3308072";"";"";"";"81.0"
"CHEMBL287711";"";"None";"476.53";"0";"4.11";"2i";"COc1ccc([C@@H]2c3nc(NC(C)C)ccc3[C@H](c3ccc4c(c3)OCO4)[C@H]2C(=O)O)c(CO)c1";"IC50";"'='";"62.0";"nM";"7.21";"";"";"UO_0000065";"15.13";"0.28";"3.10";"6.54";"0";"CHEMBL670651";"Inhibitory activity against [125I]ET1 binding to human endothelin B receptor";"B";"BAO_0000357";"single protein format";"None";"None";"None";"None";"None";"";"";"";"CHEMBL1785";"Endothelin receptor ET-B";"Homo sapiens";"SINGLE PROTEIN";"CHEMBL1147633";"1";"Scientific Literature";"Bioorg Med Chem Lett";"2004";"None";"";"";"";"62.0"
"CHEMBL273258";"";"None";"387.39";"0";"4.73";"17";"COc1ccc2c(c1)c(-c1ccc3c(c1)OCO3)c(C(=O)O)n2-c1ccccc1";"IC50";"'>'";"25000.0";"nM";"";"";"";"UO_0000065";"";"";"";"";"0";"CHEMBL670654";"Inhibitory concentration against Endothelin B receptor expressed in CHO-K1 cells";"B";"BAO_0000219";"cell-based format";"None";"None";"None";"CHO-K1";"None";"";"";"";"CHEMBL1785";"Endothelin receptor ET-B";"Homo sapiens";"SINGLE PROTEIN";"CHEMBL1129233";"1";"Scientific Literature";"Bioorg Med Chem Lett";"1996";"CHEMBL3307512";"";"";"";"25.0"
"CHEMBL122614";"";"None";"692.69";"2";"5.37";"9b";"COc1ccc([C@H]2[C@H](C(=O)O)[C@@H](c3ccc4c(c3)OCO4)CN2CC(=O)NC(Cc2ccccc2)c2ccccc2)cc1.O=C(O)C(F)(F)F";"IC50";"'='";"47.0";"nM";"7.33";"";"";"UO_0000065";"12.66";"0.23";"1.96";"7.53";"0";"CHEMBL670477";"Binding ability determined by the displacement of [125 I]ET-3 from the human Endothelin B receptor";"B";"BAO_0000357";"single protein format";"None";"None";"None";"None";"None";"";"";"";"CHEMBL1785";"Endothelin receptor ET-B";"Homo sapiens";"SINGLE PROTEIN";"CHEMBL1132108";"1";"Scientific Literature";"J Med Chem";"1999";"None";"";"";"";"47.0"
"CHEMBL303649";"";"None";"649.77";"2";"6.70";"3c";"COc1ccccc1Oc1c(NS(=O)(=O)c2ccc(C(C)(C)C)cc2)nc(C(C)(C)C)nc1OCCOC(=O)Nc1ccccn1";"IC50";"'='";"144.0";"nM";"6.84";"";"";"UO_0000065";"10.53";"0.20";"0.14";"4.54";"0";"CHEMBL672256";"Receptor binding affinity was determined against [125I]ET1 with membranes prepared from human placenta for ETB receptor";"B";"BAO_0000019";"assay format";"None";"None";"None";"None";"None";"";"";"";"CHEMBL1785";"Endothelin receptor ET-B";"Homo sapiens";"SINGLE PROTEIN";"CHEMBL1130517";"1";"Scientific Literature";"Bioorg Med Chem Lett";"1997";"None";"";"";"";"0.144"
"CHEMBL109778";"";"None";"509.65";"1";"4.34";"9o";"CCCCN(CCCC)C(=O)CN1C[C@H](c2ccc3c(c2)OCO3)[C@@H](C(=O)O)[C@@H]1CCc1ccccn1";"IC50";"'='";"26000.0";"nM";"4.58";"";"";"UO_0000065";"9.00";"0.17";"0.25";"4.97";"0";"CHEMBL670729";"Binding affinity for endothelin B receptor by measuring its ability to displace [125I]-ET-3 from porcine cerebellar tissue";"B";"BAO_0000357";"single protein format";"Sus scrofa";"None";"None";"None";"None";"";"";"";"CHEMBL1785";"Endothelin receptor ET-B";"Homo sapiens";"SINGLE PROTEIN";"CHEMBL1131628";"1";"Scientific Literature";"J Med Chem";"1998";"None";"";"";"";"26000.0"
"CHEMBL109778";"";"None";"509.65";"1";"4.34";"9o";"CCCCN(CCCC)C(=O)CN1C[C@H](c2ccc3c(c2)OCO3)[C@@H](C(=O)O)[C@@H]1CCc1ccccn1";"IC50";"'='";"32000.0";"nM";"4.50";"";"";"UO_0000065";"8.82";"0.17";"0.15";"4.88";"0";"CHEMBL676632";"Tested for binding affinity for human Endothelin B receptor by measuring its ability to displace [125I]ET-3 from chinese hamster ovary cells(CHO)";"B";"BAO_0000219";"cell-based format";"None";"None";"None";"ovary";"None";"";"";"";"CHEMBL1785";"Endothelin receptor ET-B";"Homo sapiens";"SINGLE PROTEIN";"CHEMBL1131628";"1";"Scientific Literature";"J Med Chem";"1998";"None";"";"";"";"32000.0"
"CHEMBL10676";"";"None";"484.43";"0";"4.84";"43";"COc1ccc(C2(O)OC(=O)C(c3ccc4c(c3)OCO4)=C2Cc2cccc(C(F)(F)F)c2)cc1";"IC50";"'>'";"2500.0";"nM";"";"";"";"UO_0000065";"";"";"";"";"0";"CHEMBL677440";"Binding affinity against human cloned Endothelin B receptor expressed in CHO-K1 cells";"B";"BAO_0000219";"cell-based format";"None";"None";"None";"CHO-K1";"None";"";"";"";"CHEMBL1785";"Endothelin receptor ET-B";"Homo sapiens";"SINGLE PROTEIN";"CHEMBL1129982";"1";"Scientific Literature";"J Med Chem";"1997";"CHEMBL3307512";"";"";"";"2500.0"
"CHEMBL323485";"";"None";"484.64";"0";"4.81";"8k";"CCCCN(CCCC)C(=O)CN1C[C@H](c2ccc3c(c2)OCO3)[C@@H](C(=O)O)[C@@H]1CCC=C1CC1";"IC50";"'='";"10000.0";"nM";"5.00";"";"";"UO_0000065";"10.32";"0.20";"0.19";"6.30";"0";"CHEMBL670729";"Binding affinity for endothelin B receptor by measuring its ability to displace [125I]-ET-3 from porcine cerebellar tissue";"B";"BAO_0000357";"single protein format";"Sus scrofa";"None";"None";"None";"None";"";"";"";"CHEMBL1785";"Endothelin receptor ET-B";"Homo sapiens";"SINGLE PROTEIN";"CHEMBL1131628";"1";"Scientific Literature";"J Med Chem";"1998";"None";"";"";"";"10000.0"
"CHEMBL176422";"";"None";"439.36";"1";"5.09";"34a";"Cc1ccc(/C=C/c2sccc2S(=O)(=O)Nc2onc(C)c2Br)cc1";"IC50";"'='";"4130.0";"nM";"5.38";"";"";"UO_0000065";"12.25";"0.29";"0.29";"7.46";"0";"CHEMBL678457";"Inhibition of human Endothelin B receptor using I-ET-1 as radioligand in a competitive radioligand assay";"B";"BAO_0000357";"single protein format";"None";"None";"None";"None";"None";"";"";"";"CHEMBL1785";"Endothelin receptor ET-B";"Homo sapiens";"SINGLE PROTEIN";"CHEMBL1129901";"1";"Scientific Literature";"Bioorg Med Chem Lett";"1997";"None";"";"";"";"4.13"
"CHEMBL285368";"";"None";"493.54";"1";"5.29";"7";"COc1cccc(Sc2c(C(=O)O)n(Cc3ccc4c(c3)OCO4)c3cc(OC)c(OC)cc23)c1";"IC50";"'='";"1100.0";"nM";"5.96";"";"";"UO_0000065";"12.07";"0.23";"0.67";"6.74";"0";"CHEMBL670634";"Affinity for human endothelin B receptor expressed in CHO-K1 cells.";"B";"BAO_0000219";"cell-based format";"None";"None";"None";"CHO-K1";"None";"";"";"";"CHEMBL1785";"Endothelin receptor ET-B";"Homo sapiens";"SINGLE PROTEIN";"CHEMBL1129097";"1";"Scientific Literature";"Bioorg Med Chem Lett";"1996";"CHEMBL3307512";"";"";"";"1.1"
"CHEMBL435895";"";"None";"558.66";"1";"3.83";"2a";"CNCC(=O)OCCOc1nc(C)nc(NS(=O)(=O)c2ccc(C(C)(C)C)cc2)c1Oc1ccccc1OC";"IC50";"'='";"300.0";"nM";"6.52";"";"";"UO_0000065";"11.68";"0.23";"2.69";"4.73";"0";"CHEMBL672256";"Receptor binding affinity was determined against [125I]ET1 with membranes prepared from human placenta for ETB receptor";"B";"BAO_0000019";"assay format";"None";"None";"None";"None";"None";"";"";"";"CHEMBL1785";"Endothelin receptor ET-B";"Homo sapiens";"SINGLE PROTEIN";"CHEMBL1130517";"1";"Scientific Literature";"Bioorg Med Chem Lett";"1997";"None";"";"";"";"0.3"
"CHEMBL174086";"";"None";"441.37";"0";"4.70";"36a";"Cc1ccc(CCc2sccc2S(=O)(=O)Nc2onc(C)c2Br)cc1";"IC50";"'='";"11700.0";"nM";"4.93";"";"";"UO_0000065";"11.17";"0.27";"0.23";"6.83";"0";"CHEMBL678457";"Inhibition of human Endothelin B receptor using I-ET-1 as radioligand in a competitive radioligand assay";"B";"BAO_0000357";"single protein format";"None";"None";"None";"None";"None";"";"";"";"CHEMBL1785";"Endothelin receptor ET-B";"Homo sapiens";"SINGLE PROTEIN";"CHEMBL1129901";"1";"Scientific Literature";"Bioorg Med Chem Lett";"1997";"None";"";"";"";"11.7"
"CHEMBL62966";"";"None";"448.45";"1";"5.36";"78";"CC(C)Oc1ccc2c(c1)C(c1ccc(F)cc1)=C(C(=O)O)C(c1ccc3c(c1)OCO3)O2";"IC50";"";"";"nM";"";"";"Not Determined";"UO_0000065";"";"";"";"";"0";"CHEMBL670727";"Binding affinity for Endothelin B receptor by inhibiting [125I]-ET-3 binding to cloned pig ET-B receptor expressed in COS-7 cells; not tested";"B";"BAO_0000219";"cell-based format";"Sus scrofa";"None";"None";"COS-7";"None";"";"";"";"CHEMBL1785";"Endothelin receptor ET-B";"Homo sapiens";"SINGLE PROTEIN";"CHEMBL1135409";"1";"Scientific Literature";"J Med Chem";"2002";"CHEMBL3307648";"";"";"";""
"CHEMBL80180";"";"None";"345.22";"0";"3.16";"22a";"Cc1ccc(Br)cc1S(=O)(=O)Nc1onc(C)c1C";"IC50";"'='";"59000.0";"nM";"4.23";"";"";"UO_0000065";"12.25";"0.30";"1.07";"5.86";"0";"CHEMBL677439";"Binding affinity against human Endothelin B receptor in transfected COS 7 cell membrane preparation";"B";"BAO_0000219";"cell-based format";"None";"None";"None";"COS 7";"None";"";"";"";"CHEMBL1785";"Endothelin receptor ET-B";"Homo sapiens";"SINGLE PROTEIN";"CHEMBL1129771";"1";"Scientific Literature";"Bioorg Med Chem Lett";"1996";"None";"";"";"";"59.0"
"CHEMBL286395";"";"None";"401.21";"0";"3.28";"Ia";"O=C1c2ccccc2[C@@H]2[C@H](C(=O)O)[C@H](C(=O)O)[C@@H]2c2ccc(Br)cc21";"IC50";"'='";"890.0";"nM";"6.05";"";"";"UO_0000065";"15.08";"0.33";"2.77";"6.60";"0";"CHEMBL677448";"Binding affinity towards cloned human ETB receptor";"B";"BAO_0000357";"single protein format";"None";"None";"None";"None";"None";"";"";"";"CHEMBL1785";"Endothelin receptor ET-B";"Homo sapiens";"SINGLE PROTEIN";"CHEMBL1128758";"1";"Scientific Literature";"Bioorg Med Chem Lett";"1995";"None";"";"";"";"890.0"
"CHEMBL35984";"";"None";"504.58";"1";"4.54";"2k";"COc1ccc([C@@H]2c3nc(NC(C)C)ccc3[C@H](c3ccc4c(c3)OCO4)[C@H]2C(=O)O)c(CCCO)c1";"IC50";"'='";"20.0";"nM";"7.70";"";"";"UO_0000065";"15.26";"0.28";"3.16";"6.99";"0";"CHEMBL670651";"Inhibitory activity against [125I]ET1 binding to human endothelin B receptor";"B";"BAO_0000357";"single protein format";"None";"None";"None";"None";"None";"";"";"";"CHEMBL1785";"Endothelin receptor ET-B";"Homo sapiens";"SINGLE PROTEIN";"CHEMBL1147633";"1";"Scientific Literature";"Bioorg Med Chem Lett";"2004";"None";"";"";"";"20.0"
"CHEMBL367274";"";"None";"698.82";"2";"4.10";"28";"COc1ccccc1Oc1c(NS(=O)(=O)c2ccc(C(C)C)cn2)nc(N2CCOCC2)nc1OCCNS(=O)(=O)c1ccc(C)cc1";"IC50";"'='";"9.0";"nM";"8.05";"";"";"UO_0000065";"11.51";"0.23";"3.95";"4.70";"0";"CHEMBL670655";"Inhibitory concentration required against [125I]ET1 binding to membranes of CHO cells expressing human ETB receptor";"B";"BAO_0000219";"cell-based format";"None";"None";"None";"CHO";"None";"";"";"";"CHEMBL1785";"Endothelin receptor ET-B";"Homo sapiens";"SINGLE PROTEIN";"CHEMBL1136631";"1";"Scientific Literature";"Bioorg Med Chem Lett";"2003";"CHEMBL3308072";"";"";"";"9.0"
"CHEMBL435568";"";"None";"629.69";"2";"6.88";"21";"COc1cc2c(Sc3cc(OC)c(OC)c(OC)c3)c(C(=O)O)n(Cc3ccc4c(c3)OCO4)c2cc1OCc1ccccc1";"IC50";"'>'";"2500.0";"nM";"";"";"";"UO_0000065";"";"";"";"";"0";"CHEMBL670634";"Affinity for human endothelin B receptor expressed in CHO-K1 cells.";"B";"BAO_0000219";"cell-based format";"None";"None";"None";"CHO-K1";"None";"";"";"";"CHEMBL1785";"Endothelin receptor ET-B";"Homo sapiens";"SINGLE PROTEIN";"CHEMBL1129097";"1";"Scientific Literature";"Bioorg Med Chem Lett";"1996";"CHEMBL3307512";"";"";"";"2.5"
"CHEMBL173977";"";"None";"469.43";"1";"5.32";"35c";"Cc1cc(C)c(CCc2ccsc2S(=O)(=O)Nc2onc(C)c2Br)c(C)c1";"IC50";"'='";"1395.0";"nM";"5.86";"";"";"UO_0000065";"12.47";"0.30";"0.54";"8.11";"0";"CHEMBL678457";"Inhibition of human Endothelin B receptor using I-ET-1 as radioligand in a competitive radioligand assay";"B";"BAO_0000357";"single protein format";"None";"None";"None";"None";"None";"";"";"";"CHEMBL1785";"Endothelin receptor ET-B";"Homo sapiens";"SINGLE PROTEIN";"CHEMBL1129901";"1";"Scientific Literature";"Bioorg Med Chem Lett";"1997";"None";"";"";"";"1.395"
"CHEMBL2103873";"MACITENTAN";"4.0";"588.28";"1";"3.57";"EUB0000496a";"CCCNS(=O)(=O)Nc1ncnc(OCCOc2ncc(Br)cn2)c1-c1ccc(Br)cc1";"IC50";"'='";"391.0";"nM";"6.41";"";"";"UO_0000065";"10.89";"0.27";"2.84";"5.00";"1";"CHEMBL4426324";"Displacement of [125I]-ET-1 from human ETB receptor expressed in CHO cell membranes after 2 hrs by scintillation counting";"B";"BAO_0000219";"cell-based format";"Homo sapiens";"None";"None";"CHO";"None";"";"";"";"CHEMBL1785";"Endothelin receptor ET-B";"Homo sapiens";"SINGLE PROTEIN";"CHEMBL4425117";"1";"Scientific Literature";"Bioorg Med Chem Lett";"2016";"CHEMBL3308072";"";"";"";"391.0"
"CHEMBL4449731";"";"None";"529.80";"1";"3.07";"57";"CCNS(=O)(=O)Nc1ncnc(OCCOc2ncc(Br)cn2)c1-c1ccc(Cl)cc1";"IC50";"'>'";"1000.0";"nM";"";"";"";"UO_0000065";"";"";"";"";"0";"CHEMBL4426324";"Displacement of [125I]-ET-1 from human ETB receptor expressed in CHO cell membranes after 2 hrs by scintillation counting";"B";"BAO_0000219";"cell-based format";"Homo sapiens";"None";"None";"CHO";"None";"";"";"";"CHEMBL1785";"Endothelin receptor ET-B";"Homo sapiens";"SINGLE PROTEIN";"CHEMBL4425117";"1";"Scientific Literature";"Bioorg Med Chem Lett";"2016";"CHEMBL3308072";"";"";"";"1000.0"
"CHEMBL3989834";"AVOSENTAN";"3.0";"479.52";"0";"3.85";"25; Avosentan";"COc1ccccc1Oc1c(NS(=O)(=O)c2ccc(C)cn2)nc(-c2ccncc2)nc1OC";"IC50";"'='";"1200.0";"nM";"5.92";"";"";"UO_0000065";"12.35";"0.24";"2.07";"4.72";"0";"CHEMBL4426315";"Antagonist activity at ETB receptor (unknown origin) in presence of ET1";"B";"BAO_0000357";"single protein format";"Homo sapiens";"None";"None";"None";"None";"";"";"";"CHEMBL1785";"Endothelin receptor ET-B";"Homo sapiens";"SINGLE PROTEIN";"CHEMBL4425117";"1";"Scientific Literature";"Bioorg Med Chem Lett";"2016";"None";"";"";"";"1200.0"
"CHEMBL2163702";"";"None";"680.54";"2";"4.73";"38";"COc1ccccc1Oc1c(NS(=O)(=O)CCc2ccccc2)nc(-c2ncccn2)nc1OCCOc1ncc(Br)cn1";"IC50";"'='";"216.0";"nM";"6.67";"";"";"UO_0000065";"9.79";"0.21";"1.94";"4.15";"1";"CHEMBL4426322";"Antagonist activity at ETB receptor (unknown origin)";"B";"BAO_0000357";"single protein format";"Homo sapiens";"None";"None";"None";"None";"";"";"";"CHEMBL1785";"Endothelin receptor ET-B";"Homo sapiens";"SINGLE PROTEIN";"CHEMBL4425117";"1";"Scientific Literature";"Bioorg Med Chem Lett";"2016";"None";"";"";"";"216.0"
"CHEMBL421523";"";"None";"386.05";"0";"3.85";"17b";"Cc1noc(NS(=O)(=O)c2ccc(Cl)cc2Cl)c1Br";"IC50";"'='";"24000.0";"nM";"4.62";"";"";"UO_0000065";"11.97";"0.33";"0.77";"6.40";"0";"CHEMBL677439";"Binding affinity against human Endothelin B receptor in transfected COS 7 cell membrane preparation";"B";"BAO_0000219";"cell-based format";"None";"None";"None";"COS 7";"None";"";"";"";"CHEMBL1785";"Endothelin receptor ET-B";"Homo sapiens";"SINGLE PROTEIN";"CHEMBL1129771";"1";"Scientific Literature";"Bioorg Med Chem Lett";"1996";"None";"";"";"";"24.0"
"CHEMBL70800";"";"None";"607.69";"2";"5.71";"2d";"COc1ccccc1Oc1c(NS(=O)(=O)c2ccc(C(C)(C)C)cc2)nc(C)nc1OCCOC(=O)Nc1ccccn1";"IC50";"'='";"120.0";"nM";"6.92";"";"";"UO_0000065";"11.39";"0.22";"1.21";"4.59";"0";"CHEMBL672256";"Receptor binding affinity was determined against [125I]ET1 with membranes prepared from human placenta for ETB receptor";"B";"BAO_0000019";"assay format";"None";"None";"None";"None";"None";"";"";"";"CHEMBL1785";"Endothelin receptor ET-B";"Homo sapiens";"SINGLE PROTEIN";"CHEMBL1130517";"1";"Scientific Literature";"Bioorg Med Chem Lett";"1997";"None";"";"";"";"0.12"
"CHEMBL339969";"";"None";"548.60";"2";"5.70";"1d";"CCCCN(CCCC)C(=O)CN1C[C@H](c2ccc3c(c2)OCO3)[C@@H](C(=O)O)[C@@H]1c1ccc(C(F)(F)F)cc1";"IC50";"'='";"14300.0";"nM";"4.84";"";"";"UO_0000065";"8.83";"0.17";"-0.86";"6.11";"0";"CHEMBL673048";"Binding affinity against endothelin B receptor in porcine cerebellar tissue";"B";"BAO_0000357";"single protein format";"Sus scrofa";"None";"None";"None";"None";"";"";"";"CHEMBL1785";"Endothelin receptor ET-B";"Homo sapiens";"SINGLE PROTEIN";"CHEMBL1134271";"1";"Scientific Literature";"J Med Chem";"2001";"None";"";"";"";"14300.0"
"CHEMBL129740";"";"None";"506.69";"2";"5.45";"2g";"CCCCN(CCCC)C(=O)CN1C[C@H](c2ccc3c(c2)CCO3)[C@@H](C(=O)O)[C@@H]1c1ccc(CC)cc1";"IC50";"'='";"8130.0";"nM";"5.09";"";"";"UO_0000065";"10.05";"0.19";"-0.36";"7.26";"0";"CHEMBL673048";"Binding affinity against endothelin B receptor in porcine cerebellar tissue";"B";"BAO_0000357";"single protein format";"Sus scrofa";"None";"None";"None";"None";"";"";"";"CHEMBL1785";"Endothelin receptor ET-B";"Homo sapiens";"SINGLE PROTEIN";"CHEMBL1134271";"1";"Scientific Literature";"J Med Chem";"2001";"None";"";"";"";"8130.0"
"CHEMBL367445";"";"None";"641.75";"2";"6.53";"7v with Na salt";"Cc1ccc(-c2c([N-]S(=O)(=O)c3ccc(C(C)(C)C)cc3)ncnc2OCCOc2ncc(-c3cccs3)cn2)cc1.O.[Na+]";"IC50";"'='";"3.8";"nM";"8.42";"";"";"UO_0000065";"13.99";"0.27";"1.89";"7.25";"0";"CHEMBL670642";"In vitro for specific binding of [125I]ET1 to GHcell expressed in Endothelin B receptor";"B";"BAO_0000019";"assay format";"None";"None";"None";"None";"None";"";"";"";"CHEMBL1785";"Endothelin receptor ET-B";"Homo sapiens";"SINGLE PROTEIN";"CHEMBL1134624";"1";"Scientific Literature";"J Med Chem";"2001";"None";"";"";"";"3.8"
"CHEMBL430683";"";"None";"536.76";"1";"4.90";"9e";"CCCCN(CCCC)C(=O)CN1C[C@H](c2ccc3c(c2)OCO3)[C@@H](C(=O)O)[C@@H]1CCC1SCCS1";"IC50";"'='";"29300.0";"nM";"4.53";"";"";"UO_0000065";"8.45";"0.17";"-0.37";"5.72";"0";"CHEMBL670729";"Binding affinity for endothelin B receptor by measuring its ability to displace [125I]-ET-3 from porcine cerebellar tissue";"B";"BAO_0000357";"single protein format";"Sus scrofa";"None";"None";"None";"None";"";"";"";"CHEMBL1785";"Endothelin receptor ET-B";"Homo sapiens";"SINGLE PROTEIN";"CHEMBL1131628";"1";"Scientific Literature";"J Med Chem";"1998";"None";"";"";"";"29300.0"
"CHEMBL176418";"";"None";"666.82";"2";"5.92";"13";"COc1ccccc1Oc1c(NS(=O)(=O)c2ccc(C(C)(C)C)cc2)nc(C2CC2)nc1OCCNS(=O)(=O)c1ccc(C)cc1";"IC50";"'='";"299.0";"nM";"6.52";"";"";"UO_0000065";"9.78";"0.19";"0.60";"4.47";"0";"CHEMBL670655";"Inhibitory concentration required against [125I]ET1 binding to membranes of CHO cells expressing human ETB receptor";"B";"BAO_0000219";"cell-based format";"None";"None";"None";"CHO";"None";"";"";"";"CHEMBL1785";"Endothelin receptor ET-B";"Homo sapiens";"SINGLE PROTEIN";"CHEMBL1136631";"1";"Scientific Literature";"Bioorg Med Chem Lett";"2003";"CHEMBL3308072";"";"";"";"299.0"
"CHEMBL322547";"";"None";"488.67";"1";"5.14";"8a";"CCCCN(CCCC)C(=O)CN1C[C@H](c2ccc3c(c2)OCO3)[C@@H](C(=O)O)[C@@H]1CCCC(C)C";"IC50";"'='";"35800.0";"nM";"4.45";"";"";"UO_0000065";"9.10";"0.17";"-0.69";"5.61";"0";"CHEMBL670729";"Binding affinity for endothelin B receptor by measuring its ability to displace [125I]-ET-3 from porcine cerebellar tissue";"B";"BAO_0000357";"single protein format";"Sus scrofa";"None";"None";"None";"None";"";"";"";"CHEMBL1785";"Endothelin receptor ET-B";"Homo sapiens";"SINGLE PROTEIN";"CHEMBL1131628";"1";"Scientific Literature";"J Med Chem";"1998";"None";"";"";"";"35800.0"
"CHEMBL10588";"";"None";"430.46";"0";"4.13";"10";"COc1ccc(C2(O)OC(=O)C(c3ccc4c(c3)OCO4)=C2Cc2ccccc2)cc1C";"IC50";"'='";"1750.0";"nM";"5.76";"";"";"UO_0000065";"13.37";"0.25";"1.63";"7.76";"1";"CHEMBL677440";"Binding affinity against human cloned Endothelin B receptor expressed in CHO-K1 cells";"B";"BAO_0000219";"cell-based format";"None";"None";"None";"CHO-K1";"None";"";"";"";"CHEMBL1785";"Endothelin receptor ET-B";"Homo sapiens";"SINGLE PROTEIN";"CHEMBL1129982";"1";"Scientific Literature";"J Med Chem";"1997";"CHEMBL3307512";"";"";"";"1750.0"
"CHEMBL10143";"";"None";"342.42";"0";"4.97";"1";"CC(C)Oc1c(C(=O)O)sc2ccc(OCc3ccccc3)cc12";"IC50";"'>'";"100000.0";"nM";"";"";"";"UO_0000065";"";"";"";"";"0";"CHEMBL677450";"Compound was evaluated for binding affinity against human Endothelin B receptor";"B";"BAO_0000357";"single protein format";"None";"None";"None";"None";"None";"";"";"";"CHEMBL1785";"Endothelin receptor ET-B";"Homo sapiens";"SINGLE PROTEIN";"CHEMBL1129233";"1";"Scientific Literature";"Bioorg Med Chem Lett";"1996";"None";"";"";"";"100.0"
"CHEMBL302974";"";"None";"605.64";"2";"3.55";"19";"COc1ccc(C2(O)OC(=O)C(c3ccc4c(c3)OCO4)=C2Cc2cc(OC)c(OC)c(OCCN3CCOCC3)c2)cc1";"IC50";"'='";"2300.0";"nM";"5.64";"";"";"UO_0000065";"9.31";"0.18";"2.09";"4.93";"0";"CHEMBL670638";"Inhibition of [125I]ET1 binding to recombinant human Endothelin B receptor.";"B";"BAO_0000357";"single protein format";"None";"None";"None";"None";"None";"";"";"";"CHEMBL1785";"Endothelin receptor ET-B";"Homo sapiens";"SINGLE PROTEIN";"CHEMBL1132648";"1";"Scientific Literature";"J Med Chem";"1999";"None";"";"";"";"2300.0"
"CHEMBL51530";"";"None";"438.41";"0";"4.39";"2, PD-155080";"COc1ccc(C(=O)/C(Cc2ccccc2)=C(\C(=O)[O-])c2ccc3c(c2)OCO3)cc1.[Na+]";"IC50";"'='";"4550.0";"nM";"5.34";"";"";"UO_0000065";"12.83";"0.24";"0.95";"6.51";"0";"CHEMBL678455";"Binding affinity for human endothelin B receptor expressed in CHO-K1 cells.";"B";"BAO_0000219";"cell-based format";"Homo sapiens";"None";"None";"CHO-K1";"None";"";"";"";"CHEMBL1785";"Endothelin receptor ET-B";"Homo sapiens";"SINGLE PROTEIN";"CHEMBL1129826";"1";"Scientific Literature";"Bioorg Med Chem Lett";"1997";"CHEMBL3307512";"";"";"";"4550.0"
"CHEMBL422002";"";"None";"467.52";"1";"6.29";"7i";"COc1ccc(-c2c(C(=O)O)c(=O)n(Cc3ccccc3C(C)C)c3c2oc2ccccc23)cc1";"IC50";"'='";"660.0";"nM";"6.18";"";"";"UO_0000065";"13.22";"0.24";"-0.11";"7.57";"0";"CHEMBL673047";"Ability to displace [125I]endothelin-1 from endothelin B receptor in porcine kidney membranes";"B";"BAO_0000249";"cell membrane format";"Sus scrofa";"CHEMBL3638241";"Kidney";"None";"Membrane";"";"";"";"CHEMBL1785";"Endothelin receptor ET-B";"Homo sapiens";"SINGLE PROTEIN";"CHEMBL1132506";"1";"Scientific Literature";"Bioorg Med Chem Lett";"1999";"None";"";"";"";"0.66"
"CHEMBL304756";"";"None";"624.74";"2";"1.22";"4";"CC(C)C[C@@H]1NC(=O)[C@H](C(C)C)NC(=O)[C@@H]2CCCN2C(=O)[C@H](CCC(=O)O)NC(=O)[C@@H](Cc2c[nH]c3ccccc23)NC1=O";"IC50";"'>'";"100000.0";"nM";"";"";"";"UO_0000065";"";"";"";"";"0";"CHEMBL670731";"Binding activity against Endothelin B receptor 0f Porcine cerebellum membranes";"B";"BAO_0000221";"tissue-based format";"Sus scrofa";"CHEMBL3638233";"Cerebellum";"None";"None";"";"";"";"CHEMBL1785";"Endothelin receptor ET-B";"Homo sapiens";"SINGLE PROTEIN";"CHEMBL1126071";"1";"Scientific Literature";"J Med Chem";"1992";"None";"";"";"";"100.0"
"CHEMBL440507";"";"None";"547.44";"2";"5.91";"rac-84a";"O=C(O)[C@@H](Oc1ccccc1)[C@@]1(c2ccccc2)NCC(=O)N(Cc2c(Cl)cccc2Cl)c2ccccc21";"IC50";"'='";"3700.0";"nM";"5.43";"";"";"UO_0000065";"";"";"";"";"0";"CHEMBL670641";"Antagonist activity towards human recombinant Endothelin B receptor expressed in chinese hamster ovary (CHO) cells determined using [125I]ET1 as radioligand";"F";"BAO_0000219";"cell-based format";"None";"None";"None";"CHO";"None";"";"";"";"CHEMBL1785";"Endothelin receptor ET-B";"Homo sapiens";"SINGLE PROTEIN";"CHEMBL1149183";"1";"Scientific Literature";"J Med Chem";"2004";"CHEMBL3308072";"";"";"";"3700.0"
"CHEMBL102969";"";"None";"445.52";"1";"5.14";"2d";"CCCCc1ccc2c(n1)[C@@H](c1ccc(OC)cc1)[C@H](C(=O)O)[C@H]2c1ccc2c(c1)OCO2";"IC50";"'='";"11.0";"nM";"7.96";"";"";"UO_0000065";"17.86";"0.33";"2.82";"10.22";"0";"CHEMBL670652";"Inhibitory activity against I-labeled ET-1 binding to Endothelin B receptor";"B";"BAO_0000357";"single protein format";"None";"None";"None";"None";"None";"";"";"";"CHEMBL1785";"Endothelin receptor ET-B";"Homo sapiens";"SINGLE PROTEIN";"CHEMBL1134926";"1";"Scientific Literature";"Bioorg Med Chem Lett";"2002";"None";"";"";"";"11.0"
"CHEMBL322434";"";"None";"461.47";"0";"3.81";"2k";"COc1ccc([C@@H]2c3nc(CCC(=O)O)ccc3[C@H](c3ccc4c(c3)OCO4)[C@H]2C(=O)O)cc1";"IC50";"'='";"530.0";"nM";"6.28";"";"";"UO_0000065";"13.60";"0.25";"2.47";"5.45";"0";"CHEMBL670652";"Inhibitory activity against I-labeled ET-1 binding to Endothelin B receptor";"B";"BAO_0000357";"single protein format";"None";"None";"None";"None";"None";"";"";"";"CHEMBL1785";"Endothelin receptor ET-B";"Homo sapiens";"SINGLE PROTEIN";"CHEMBL1134926";"1";"Scientific Literature";"Bioorg Med Chem Lett";"2002";"None";"";"";"";"530.0"
"CHEMBL68896";"";"None";"473.55";"1";"5.86";"6a";"CCCOc1ccc2c(c1)c(-c1ccc(OC)cc1)c(C(=O)O)n2Cc1ccc2nsnc2c1";"IC50";"'='";"1200.0";"nM";"5.92";"";"";"UO_0000065";"12.50";"0.24";"0.06";"6.85";"0";"CHEMBL670730";"Inhibition of [125I]ET1 binding to porcine kidney inner medulla membrane Endothelin B receptor";"B";"BAO_0000019";"assay format";"Sus scrofa";"None";"None";"None";"None";"";"";"";"CHEMBL1785";"Endothelin receptor ET-B";"Homo sapiens";"SINGLE PROTEIN";"CHEMBL1130971";"1";"Scientific Literature";"Bioorg Med Chem Lett";"1998";"None";"";"";"";"1200.0"
"CHEMBL304481";"";"None";"377.45";"0";"3.41";"7l";"Cc1noc(NS(=O)(=O)c2ccsc2C(=O)Nc2ccccc2)c1C";"IC50";"'>'";"100000.0";"nM";"";"";"";"UO_0000065";"";"";"";"";"0";"CHEMBL670640";"In vitro binding affinity in a radioligand binding experiment by competition with [125I]-labeled endothelin-1 for ETB receptor";"B";"BAO_0000357";"single protein format";"None";"None";"None";"None";"None";"";"";"";"CHEMBL1785";"Endothelin receptor ET-B";"Homo sapiens";"SINGLE PROTEIN";"CHEMBL1130505";"1";"Scientific Literature";"Bioorg Med Chem Lett";"1997";"None";"";"";"";"100.0"
"CHEMBL155937";"";"None";"485.49";"1";"5.19";"7n";"COc1ccc(OC)c(-c2c(C(=O)O)c(=O)n(Cc3ccccc3OC)c3c2oc2ccccc23)c1";"IC50";"'='";"6800.0";"nM";"5.17";"";"";"UO_0000065";"10.64";"0.20";"-0.02";"5.16";"0";"CHEMBL673047";"Ability to displace [125I]endothelin-1 from endothelin B receptor in porcine kidney membranes";"B";"BAO_0000249";"cell membrane format";"Sus scrofa";"CHEMBL3638241";"Kidney";"None";"Membrane";"";"";"";"CHEMBL1785";"Endothelin receptor ET-B";"Homo sapiens";"SINGLE PROTEIN";"CHEMBL1132506";"1";"Scientific Literature";"Bioorg Med Chem Lett";"1999";"None";"";"";"";"6.8"
"CHEMBL157763";"";"None";"485.49";"1";"5.19";"7t";"COc1ccc(-c2c(C(=O)O)c(=O)n(Cc3cccc(OC)c3OC)c3c2oc2ccccc23)cc1";"IC50";"'='";"5200.0";"nM";"5.28";"";"";"UO_0000065";"10.88";"0.20";"0.09";"5.28";"0";"CHEMBL673047";"Ability to displace [125I]endothelin-1 from endothelin B receptor in porcine kidney membranes";"B";"BAO_0000249";"cell membrane format";"Sus scrofa";"CHEMBL3638241";"Kidney";"None";"Membrane";"";"";"";"CHEMBL1785";"Endothelin receptor ET-B";"Homo sapiens";"SINGLE PROTEIN";"CHEMBL1132506";"1";"Scientific Literature";"Bioorg Med Chem Lett";"1999";"None";"";"";"";"5.2"
"CHEMBL329890";"";"None";"441.37";"1";"5.23";"22l";"CCCc1ccc(-c2ccsc2S(=O)(=O)Nc2onc(C)c2Br)cc1";"IC50";"'='";"8160.0";"nM";"5.09";"";"";"UO_0000065";"11.53";"0.28";"-0.14";"7.05";"0";"CHEMBL670635";"Compound was tested for binding affinity against Endothelin B receptor";"B";"BAO_0000357";"single protein format";"None";"None";"None";"None";"None";"";"";"";"CHEMBL1785";"Endothelin receptor ET-B";"Homo sapiens";"SINGLE PROTEIN";"CHEMBL1128922";"1";"Scientific Literature";"Bioorg Med Chem Lett";"1996";"None";"";"";"";"8.16"
"CHEMBL102314";"";"None";"445.52";"0";"5.00";"2f";"COc1ccc([C@@H]2c3nc(CC(C)C)ccc3[C@H](c3ccc4c(c3)OCO4)[C@H]2C(=O)O)cc1";"IC50";"'='";"8.4";"nM";"8.08";"";"";"UO_0000065";"18.13";"0.33";"3.08";"10.37";"0";"CHEMBL670652";"Inhibitory activity against I-labeled ET-1 binding to Endothelin B receptor";"B";"BAO_0000357";"single protein format";"None";"None";"None";"None";"None";"";"";"";"CHEMBL1785";"Endothelin receptor ET-B";"Homo sapiens";"SINGLE PROTEIN";"CHEMBL1134926";"1";"Scientific Literature";"Bioorg Med Chem Lett";"2002";"None";"";"";"";"8.4"
"CHEMBL4542394";"";"None";"527.03";"1";"3.04";"62";"CCNS(=O)(=O)Nc1ncnc(OCCOc2cc(OC)ccc2Cl)c1-c1ncc(SC)cn1";"IC50";"'='";"120.0";"nM";"6.92";"";"";"UO_0000065";"13.13";"0.28";"3.88";"5.04";"0";"CHEMBL4426324";"Displacement of [125I]-ET-1 from human ETB receptor expressed in CHO cell membranes after 2 hrs by scintillation counting";"B";"BAO_0000219";"cell-based format";"Homo sapiens";"None";"None";"CHO";"None";"";"";"";"CHEMBL1785";"Endothelin receptor ET-B";"Homo sapiens";"SINGLE PROTEIN";"CHEMBL4425117";"1";"Scientific Literature";"Bioorg Med Chem Lett";"2016";"CHEMBL3308072";"";"";"";"120.0"
"CHEMBL4549357";"";"None";"656.74";"2";"4.18";"71";"COc1ccccc1Oc1c(NS(=O)(=O)CCc2cccs2)nc(N2CCOCC2)nc1OCCOC(=O)Nc1ccccn1";"IC50";"'='";"100.0";"nM";"7.00";"";"";"UO_0000065";"10.66";"0.21";"2.82";"4.29";"0";"CHEMBL4426324";"Displacement of [125I]-ET-1 from human ETB receptor expressed in CHO cell membranes after 2 hrs by scintillation counting";"B";"BAO_0000219";"cell-based format";"Homo sapiens";"None";"None";"CHO";"None";"";"";"";"CHEMBL1785";"Endothelin receptor ET-B";"Homo sapiens";"SINGLE PROTEIN";"CHEMBL4425117";"1";"Scientific Literature";"Bioorg Med Chem Lett";"2016";"CHEMBL3308072";"";"";"";"100.0"
"CHEMBL308088";"";"None";"681.80";"3";"5.17";"4e";"COc1ccccc1Oc1c(NS(=O)(=O)c2ccc(C(C)C)cn2)nc(N2CCSCC2)nc1OCCOC(=O)Nc1ccccn1";"IC50";"'='";"14.0";"nM";"7.85";"";"";"UO_0000065";"11.52";"0.23";"2.68";"4.70";"0";"CHEMBL672256";"Receptor binding affinity was determined against [125I]ET1 with membranes prepared from human placenta for ETB receptor";"B";"BAO_0000019";"assay format";"None";"None";"None";"None";"None";"";"";"";"CHEMBL1785";"Endothelin receptor ET-B";"Homo sapiens";"SINGLE PROTEIN";"CHEMBL1130517";"1";"Scientific Literature";"Bioorg Med Chem Lett";"1997";"None";"";"";"";"0.014"
"CHEMBL74118";"";"None";"581.65";"2";"5.51";"2b";"COc1ccccc1Oc1c(NS(=O)(=O)c2ccc(C(C)(C)C)cc2)nc(C)nc1OCCOC(=O)c1ccoc1";"IC50";"'='";"1000.0";"nM";"6.00";"";"";"UO_0000065";"10.32";"0.20";"0.49";"4.31";"0";"CHEMBL672256";"Receptor binding affinity was determined against [125I]ET1 with membranes prepared from human placenta for ETB receptor";"B";"BAO_0000019";"assay format";"None";"None";"None";"None";"None";"";"";"";"CHEMBL1785";"Endothelin receptor ET-B";"Homo sapiens";"SINGLE PROTEIN";"CHEMBL1130517";"1";"Scientific Literature";"Bioorg Med Chem Lett";"1997";"None";"";"";"";"1.0"
"CHEMBL435346";"";"None";"453.38";"1";"5.40";"33b";"Cc1ccc(/C=C/c2ccsc2S(=O)(=O)Nc2onc(C)c2Br)c(C)c1";"IC50";"'='";"2970.0";"nM";"5.53";"";"";"UO_0000065";"12.19";"0.29";"0.13";"7.66";"0";"CHEMBL678457";"Inhibition of human Endothelin B receptor using I-ET-1 as radioligand in a competitive radioligand assay";"B";"BAO_0000357";"single protein format";"None";"None";"None";"None";"None";"";"";"";"CHEMBL1785";"Endothelin receptor ET-B";"Homo sapiens";"SINGLE PROTEIN";"CHEMBL1129901";"1";"Scientific Literature";"Bioorg Med Chem Lett";"1997";"None";"";"";"";"2.97"
"CHEMBL311216";"";"None";"474.96";"0";"4.07";"29b";"Cc1noc(NS(=O)(=O)c2cc(Br)ccc2Br)c1Br";"IC50";"'='";"11000.0";"nM";"4.96";"";"";"UO_0000065";"10.44";"0.36";"0.89";"6.87";"0";"CHEMBL677439";"Binding affinity against human Endothelin B receptor in transfected COS 7 cell membrane preparation";"B";"BAO_0000219";"cell-based format";"None";"None";"None";"COS 7";"None";"";"";"";"CHEMBL1785";"Endothelin receptor ET-B";"Homo sapiens";"SINGLE PROTEIN";"CHEMBL1129771";"1";"Scientific Literature";"Bioorg Med Chem Lett";"1996";"None";"";"";"";"11.0"
"CHEMBL55666";"";"None";"489.52";"0";"4.84";"3n";"CCOc1ccc2c(c1)c(-c1ccc(OC)cc1OC)c(C(=O)O)c(=O)n2Cc1ccccc1OC";"IC50";"'='";"540.0";"nM";"6.27";"";"";"UO_0000065";"12.80";"0.24";"1.43";"6.51";"0";"CHEMBL670728";"Inhibition of [125I]ET1 binding to porcine kidney inner medulla membranes";"B";"BAO_0000221";"tissue-based format";"Sus scrofa";"CHEMBL3638241";"Kidney";"None";"None";"";"";"";"CHEMBL1785";"Endothelin receptor ET-B";"Homo sapiens";"SINGLE PROTEIN";"CHEMBL1130488";"1";"Scientific Literature";"Bioorg Med Chem Lett";"1997";"None";"";"";"";"0.54"
"CHEMBL368989";"";"None";"640.72";"2";"3.53";"72";"CCCCNC(=O)OCC#CCOc1nc(N2CCOCC2)nc(NS(=O)(=O)c2ccc(C)cn2)c1Oc1ccccc1OC";"IC50";"'='";"207.0";"nM";"6.68";"";"";"UO_0000065";"10.43";"0.20";"3.15";"4.09";"0";"CHEMBL670645";"In vitro inhibitory concentration required against [125I]ET1 binding to membranes of CHO cells expressing human ETB receptor";"B";"BAO_0000219";"cell-based format";"None";"None";"None";"CHO";"None";"";"";"";"CHEMBL1785";"Endothelin receptor ET-B";"Homo sapiens";"SINGLE PROTEIN";"CHEMBL1136632";"1";"Scientific Literature";"Bioorg Med Chem Lett";"2003";"CHEMBL3308072";"";"";"";"207.0"
"CHEMBL414408";"";"None";"412.44";"0";"4.49";"Ii";"Cc1ccc(-c2ccc3c(c2)C(=O)c2ccccc2[C@@H]2[C@H](C(=O)O)[C@H](C(=O)O)[C@H]32)cc1";"IC50";"'='";"190.0";"nM";"6.72";"";"";"UO_0000065";"16.30";"0.30";"2.23";"7.33";"0";"CHEMBL677448";"Binding affinity towards cloned human ETB receptor";"B";"BAO_0000357";"single protein format";"None";"None";"None";"None";"None";"";"";"";"CHEMBL1785";"Endothelin receptor ET-B";"Homo sapiens";"SINGLE PROTEIN";"CHEMBL1128758";"1";"Scientific Literature";"Bioorg Med Chem Lett";"1995";"None";"";"";"";"190.0"
"CHEMBL312551";"";"None";"300.77";"0";"3.05";"16a";"Cc1noc(NS(=O)(=O)c2cccc(Cl)c2C)c1C";"IC50";"'='";"74000.0";"nM";"4.13";"";"";"UO_0000065";"13.73";"0.30";"1.08";"5.72";"0";"CHEMBL677439";"Binding affinity against human Endothelin B receptor in transfected COS 7 cell membrane preparation";"B";"BAO_0000219";"cell-based format";"None";"None";"None";"COS 7";"None";"";"";"";"CHEMBL1785";"Endothelin receptor ET-B";"Homo sapiens";"SINGLE PROTEIN";"CHEMBL1129771";"1";"Scientific Literature";"Bioorg Med Chem Lett";"1996";"None";"";"";"";"74.0"
"CHEMBL80945";"";"None";"297.29";"0";"2.00";"15a";"Cc1noc(NS(=O)(=O)c2ccc([N+](=O)[O-])cc2)c1C";"IC50";"'='";"30000.0";"nM";"4.52";"";"";"UO_0000065";"15.21";"0.31";"2.52";"3.92";"0";"CHEMBL677439";"Binding affinity against human Endothelin B receptor in transfected COS 7 cell membrane preparation";"B";"BAO_0000219";"cell-based format";"None";"None";"None";"COS 7";"None";"";"";"";"CHEMBL1785";"Endothelin receptor ET-B";"Homo sapiens";"SINGLE PROTEIN";"CHEMBL1129771";"1";"Scientific Literature";"Bioorg Med Chem Lett";"1996";"None";"";"";"";"30.0"
"CHEMBL76949";"";"None";"321.19";"0";"3.40";"19a";"Cc1noc(NS(=O)(=O)c2cc(Cl)cc(Cl)c2)c1C";"IC50";"'='";"47000.0";"nM";"4.33";"";"";"UO_0000065";"13.47";"0.31";"0.93";"5.99";"0";"CHEMBL677439";"Binding affinity against human Endothelin B receptor in transfected COS 7 cell membrane preparation";"B";"BAO_0000219";"cell-based format";"None";"None";"None";"COS 7";"None";"";"";"";"CHEMBL1785";"Endothelin receptor ET-B";"Homo sapiens";"SINGLE PROTEIN";"CHEMBL1129771";"1";"Scientific Literature";"Bioorg Med Chem Lett";"1996";"None";"";"";"";"47.0"
"CHEMBL433619";"";"None";"525.97";"1";"3.30";"25";"Cn1cc(C(C(=O)NS(=O)(=O)c2ccc(Cl)cc2)c2ccc3c(c2)OCO3)c2ccc(C(N)=O)cc21";"IC50";"'='";"1100.0";"nM";"5.96";"";"";"UO_0000065";"11.33";"0.23";"2.66";"4.59";"0";"CHEMBL677443";"Binding affinity towards human cloned endothelin B receptor by [125I]ET1 displacement.";"B";"BAO_0000357";"single protein format";"None";"None";"None";"None";"None";"";"";"";"CHEMBL1785";"Endothelin receptor ET-B";"Homo sapiens";"SINGLE PROTEIN";"CHEMBL1135360";"1";"Scientific Literature";"Bioorg Med Chem Lett";"2002";"None";"";"";"";"1100.0"
"CHEMBL283598";"";"None";"491.48";"0";"4.73";"17";"O=C(O)c1c(Sc2ccc3c(c2)OCO3)c2cc3c(cc2n1Cc1ccc2c(c1)OCO2)OCO3";"IC50";"'='";"420.0";"nM";"6.38";"";"";"UO_0000065";"12.97";"0.25";"1.65";"6.53";"0";"CHEMBL670634";"Affinity for human endothelin B receptor expressed in CHO-K1 cells.";"B";"BAO_0000219";"cell-based format";"None";"None";"None";"CHO-K1";"None";"";"";"";"CHEMBL1785";"Endothelin receptor ET-B";"Homo sapiens";"SINGLE PROTEIN";"CHEMBL1129097";"1";"Scientific Literature";"Bioorg Med Chem Lett";"1996";"CHEMBL3307512";"";"";"";"0.42"
"CHEMBL175228";"";"None";"537.66";"1";"4.78";"15f";"Cc1[nH]c([C@@H](Cc2cn(C)c3ccccc23)NC(=O)[C@H](CC(C)C)OC(=O)NC2CCCCC2)nc1C(=O)O";"IC50";"'='";"54000.0";"nM";"4.27";"";"";"UO_0000065";"7.94";"0.15";"-0.51";"3.08";"0";"CHEMBL670653";"Inhibitory activity was evaluated against human Endothelin B receptor";"B";"BAO_0000357";"single protein format";"None";"None";"None";"None";"None";"";"";"";"CHEMBL1785";"Endothelin receptor ET-B";"Homo sapiens";"SINGLE PROTEIN";"CHEMBL1129499";"1";"Scientific Literature";"J Med Chem";"1996";"None";"";"";"";"54.0"
"CHEMBL89689";"";"None";"429.32";"0";"4.28";"22j";"COc1ccc(-c2ccsc2S(=O)(=O)Nc2onc(C)c2Br)cc1";"IC50";"'='";"62050.0";"nM";"4.21";"";"";"UO_0000065";"9.80";"0.24";"-0.07";"5.17";"0";"CHEMBL670635";"Compound was tested for binding affinity against Endothelin B receptor";"B";"BAO_0000357";"single protein format";"None";"None";"None";"None";"None";"";"";"";"CHEMBL1785";"Endothelin receptor ET-B";"Homo sapiens";"SINGLE PROTEIN";"CHEMBL1128922";"1";"Scientific Literature";"Bioorg Med Chem Lett";"1996";"None";"";"";"";"62.05"
"CHEMBL89457";"";"None";"415.29";"0";"4.40";"22u";"Cc1noc(NS(=O)(=O)c2sccc2Oc2ccccc2)c1Br";"IC50";"'='";"35500.0";"nM";"4.45";"";"";"UO_0000065";"10.71";"0.26";"0.05";"5.46";"0";"CHEMBL670635";"Compound was tested for binding affinity against Endothelin B receptor";"B";"BAO_0000357";"single protein format";"None";"None";"None";"None";"None";"";"";"";"CHEMBL1785";"Endothelin receptor ET-B";"Homo sapiens";"SINGLE PROTEIN";"CHEMBL1128922";"1";"Scientific Literature";"Bioorg Med Chem Lett";"1996";"None";"";"";"";"35.5"
"CHEMBL353320";"";"None";"538.65";"2";"5.05";"16c";"Cc1oc([C@@H](Cc2cn(C)c3ccccc23)NC(=O)[C@H](CC(C)C)NC(=O)OC2CCCCC2)nc1C(=O)O";"IC50";"'>'";"100000.0";"nM";"";"";"";"UO_0000065";"";"";"";"";"0";"CHEMBL670653";"Inhibitory activity was evaluated against human Endothelin B receptor";"B";"BAO_0000357";"single protein format";"None";"None";"None";"None";"None";"";"";"";"CHEMBL1785";"Endothelin receptor ET-B";"Homo sapiens";"SINGLE PROTEIN";"CHEMBL1129499";"1";"Scientific Literature";"J Med Chem";"1996";"None";"";"";"";"100.0"
"CHEMBL297618";"";"None";"526.98";"1";"3.11";"5ii";"Cc1noc(NS(=O)(=O)c2ccsc2C(=O)Nc2cc3c(cc2CC(=O)N(C)C)OCO3)c1Cl";"IC50";"'='";"13800.0";"nM";"4.86";"";"";"UO_0000065";"9.22";"0.20";"1.75";"3.47";"0";"CHEMBL670643";"In vitro inhibition of endothelin binding to human Endothelin B receptor using [125I]-labeled ET-1 competition assay";"B";"BAO_0000357";"single protein format";"None";"None";"None";"None";"None";"";"";"";"CHEMBL1785";"Endothelin receptor ET-B";"Homo sapiens";"SINGLE PROTEIN";"CHEMBL1130042";"1";"Scientific Literature";"J Med Chem";"1997";"None";"";"";"";"13800.0"
"CHEMBL295588";"";"None";"485.93";"0";"3.01";"19a";"Cc1noc(NS(=O)(=O)c2ccsc2C(=O)Nc2cc3c(cc2CCO)OCO3)c1Cl";"IC50";"'='";"16800.0";"nM";"4.78";"";"";"UO_0000065";"9.83";"0.21";"1.76";"3.41";"0";"CHEMBL670643";"In vitro inhibition of endothelin binding to human Endothelin B receptor using [125I]-labeled ET-1 competition assay";"B";"BAO_0000357";"single protein format";"None";"None";"None";"None";"None";"";"";"";"CHEMBL1785";"Endothelin receptor ET-B";"Homo sapiens";"SINGLE PROTEIN";"CHEMBL1130042";"1";"Scientific Literature";"J Med Chem";"1997";"None";"";"";"";"16800.0"
"CHEMBL30297";"";"None";"480.11";"0";"4.04";"Ib";"O=C1c2cc(Br)ccc2[C@@H]2[C@H](C(=O)O)[C@H](C(=O)O)[C@@H]2c2ccc(Br)cc21";"IC50";"'='";"1050.0";"nM";"5.98";"";"";"UO_0000065";"12.45";"0.31";"1.94";"6.52";"0";"CHEMBL677448";"Binding affinity towards cloned human ETB receptor";"B";"BAO_0000357";"single protein format";"None";"None";"None";"None";"None";"";"";"";"CHEMBL1785";"Endothelin receptor ET-B";"Homo sapiens";"SINGLE PROTEIN";"CHEMBL1128758";"1";"Scientific Literature";"Bioorg Med Chem Lett";"1995";"None";"";"";"";"1050.0"
"CHEMBL4455096";"";"None";"440.31";"0";"3.62";"1; Ro-06-2687";"O=S(=O)(Nc1ncnc(OCCO)c1-c1ccc(Cl)cc1)c1ccc(Cl)cc1";"IC50";"'='";"8500.0";"nM";"5.07";"";"";"UO_0000065";"11.52";"0.25";"1.45";"5.00";"0";"CHEMBL4426310";"Displacement of radioligand from ETB receptor in human placenta cell membranes";"B";"BAO_0000219";"cell-based format";"Homo sapiens";"None";"None";"None";"None";"";"";"";"CHEMBL1785";"Endothelin receptor ET-B";"Homo sapiens";"SINGLE PROTEIN";"CHEMBL4425117";"1";"Scientific Literature";"Bioorg Med Chem Lett";"2016";"None";"";"";"";"8.5"
"CHEMBL331936";"";"None";"644.64";"1";"4.92";"10d";"CCCC(NC(=O)CN1C[C@H](c2ccc3c(c2)OCO3)[C@@H](C(=O)O)[C@@H]1c1ccc(OC)cc1)c1ccccc1.O=C(O)C(F)(F)F";"IC50";"'='";"7.3";"nM";"8.14";"";"";"UO_0000065";"15.33";"0.28";"3.22";"8.36";"0";"CHEMBL670477";"Binding ability determined by the displacement of [125 I]ET-3 from the human Endothelin B receptor";"B";"BAO_0000357";"single protein format";"None";"None";"None";"None";"None";"";"";"";"CHEMBL1785";"Endothelin receptor ET-B";"Homo sapiens";"SINGLE PROTEIN";"CHEMBL1132108";"1";"Scientific Literature";"J Med Chem";"1999";"None";"";"";"";"7.3"
"CHEMBL264253";"";"None";"939.04";"2";"1.80";"3";"NC(=O)C[C@H](NC(=O)[C@H](Cc1ccccc1)NC(=O)[C@@H](N)Cc1ccccc1)C(=O)N[C@@H](Cc1ccc(O)cc1)C(=O)N[C@@H](Cc1ccc(O)cc1)C(=O)N[C@@H](Cc1c[nH]c2ccccc12)C(=O)O";"IC50";"'>'";"25000.0";"nM";"";"";"";"UO_0000065";"";"";"";"";"0";"CHEMBL677272";"Binding affinity in Chinese hamster ovary (CHO) cells stably transfected with human endothelin B (ETB) receptor";"B";"BAO_0000219";"cell-based format";"Homo sapiens";"None";"None";"CHO";"None";"";"";"";"CHEMBL1785";"Endothelin receptor ET-B";"Homo sapiens";"SINGLE PROTEIN";"CHEMBL1152094";"1";"Scientific Literature";"Bioorg Med Chem Lett";"1995";"CHEMBL3308072";"";"";"";"25.0"
"CHEMBL276639";"";"None";"460.44";"0";"3.55";"49";"COc1ccc(C2(O)OC(=O)C(c3ccc4c(c3)OCO4)=C2Cc2ccc3c(c2)OCO3)cc1";"IC50";"'='";"1500.0";"nM";"5.82";"";"";"UO_0000065";"12.65";"0.23";"2.27";"6.28";"0";"CHEMBL677440";"Binding affinity against human cloned Endothelin B receptor expressed in CHO-K1 cells";"B";"BAO_0000219";"cell-based format";"None";"None";"None";"CHO-K1";"None";"";"";"";"CHEMBL1785";"Endothelin receptor ET-B";"Homo sapiens";"SINGLE PROTEIN";"CHEMBL1129982";"1";"Scientific Literature";"J Med Chem";"1997";"CHEMBL3307512";"";"";"";"1500.0"
"CHEMBL10016";"";"None";"551.55";"2";"6.10";"37";"COc1cc2c(-c3ccc4c(c3)OCO4)c(C(=O)O)n(Cc3ccc4c(c3)OCO4)c2cc1OCc1ccccc1";"IC50";"'='";"50.0";"nM";"7.30";"";"";"UO_0000065";"13.24";"0.24";"1.20";"7.48";"0";"CHEMBL670654";"Inhibitory concentration against Endothelin B receptor expressed in CHO-K1 cells";"B";"BAO_0000219";"cell-based format";"None";"None";"None";"CHO-K1";"None";"";"";"";"CHEMBL1785";"Endothelin receptor ET-B";"Homo sapiens";"SINGLE PROTEIN";"CHEMBL1129233";"1";"Scientific Literature";"Bioorg Med Chem Lett";"1996";"CHEMBL3307512";"";"";"";"0.05"
"CHEMBL28948";"";"None";"389.48";"1";"5.55";"4";"COc1cccc(Sc2c(C(=O)O)n(Cc3ccccc3)c3ccccc23)c1";"IC50";"'='";"15000.0";"nM";"4.82";"";"";"UO_0000065";"12.39";"0.24";"-0.73";"9.37";"0";"CHEMBL670634";"Affinity for human endothelin B receptor expressed in CHO-K1 cells.";"B";"BAO_0000219";"cell-based format";"None";"None";"None";"CHO-K1";"None";"";"";"";"CHEMBL1785";"Endothelin receptor ET-B";"Homo sapiens";"SINGLE PROTEIN";"CHEMBL1129097";"1";"Scientific Literature";"Bioorg Med Chem Lett";"1996";"CHEMBL3307512";"";"";"";"15.0"
"CHEMBL123077";"";"None";"502.57";"1";"4.52";"9";"COc1ccc([C@H]2[C@H](C(=O)O)[C@@H](c3ccc4c(c3)OCO4)CN2CC(=O)Nc2cc(C)cc(C)c2)cc1";"IC50";"'='";"2700.0";"nM";"5.57";"";"";"UO_0000065";"11.08";"0.21";"1.05";"5.72";"0";"CHEMBL670478";"Binding affinity towards human Endothelin B receptor (hET -B)";"B";"BAO_0000357";"single protein format";"None";"None";"None";"None";"None";"";"";"";"CHEMBL1785";"Endothelin receptor ET-B";"Homo sapiens";"SINGLE PROTEIN";"CHEMBL1132381";"1";"Scientific Literature";"J Med Chem";"1999";"None";"";"";"";"2700.0"
"CHEMBL302493";"";"None";"559.62";"1";"3.92";"13";"COc1ccc(C2(O)OC(=O)C(c3ccc4c(c3)OCO4)=C2Cc2cccc(OCCCN3CCOCC3)c2)cc1";"IC50";"'>'";"2500.0";"nM";"";"";"";"UO_0000065";"";"";"";"";"0";"CHEMBL670638";"Inhibition of [125I]ET1 binding to recombinant human Endothelin B receptor.";"B";"BAO_0000357";"single protein format";"None";"None";"None";"None";"None";"";"";"";"CHEMBL1785";"Endothelin receptor ET-B";"Homo sapiens";"SINGLE PROTEIN";"CHEMBL1132648";"1";"Scientific Literature";"J Med Chem";"1999";"None";"";"";"";"2500.0"
"CHEMBL417978";"";"None";"430.41";"0";"3.54";"31";"O=C1OC(O)(c2ccc3c(c2)OCO3)C(Cc2ccccc2)=C1c1ccc2c(c1)OCO2";"IC50";"'='";"2000.0";"nM";"5.70";"";"";"UO_0000065";"13.24";"0.24";"2.16";"6.83";"0";"CHEMBL677440";"Binding affinity against human cloned Endothelin B receptor expressed in CHO-K1 cells";"B";"BAO_0000219";"cell-based format";"None";"None";"None";"CHO-K1";"None";"";"";"";"CHEMBL1785";"Endothelin receptor ET-B";"Homo sapiens";"SINGLE PROTEIN";"CHEMBL1129982";"1";"Scientific Literature";"J Med Chem";"1997";"CHEMBL3307512";"";"";"";"2000.0"
"CHEMBL172029";"";"None";"642.76";"2";"4.15";"11";"CCS(=O)(=O)NCCOc1nc(-c2ncccn2)nc(NS(=O)(=O)c2ccc(C(C)(C)C)cc2)c1Oc1ccccc1OC";"IC50";"'='";"873.0";"nM";"6.06";"";"";"UO_0000065";"9.43";"0.19";"1.91";"3.53";"0";"CHEMBL670655";"Inhibitory concentration required against [125I]ET1 binding to membranes of CHO cells expressing human ETB receptor";"B";"BAO_0000219";"cell-based format";"None";"None";"None";"CHO";"None";"";"";"";"CHEMBL1785";"Endothelin receptor ET-B";"Homo sapiens";"SINGLE PROTEIN";"CHEMBL1136631";"1";"Scientific Literature";"Bioorg Med Chem Lett";"2003";"CHEMBL3308072";"";"";"";"873.0"
"CHEMBL10919";"";"None";"436.50";"0";"4.94";"64";"COc1ccc(C2(O)OC(=O)C(c3ccc4c(c3)OCO4)=C2CC2CCCCCC2)cc1";"IC50";"'='";"1300.0";"nM";"5.89";"";"";"UO_0000065";"13.48";"0.25";"0.95";"7.93";"0";"CHEMBL677440";"Binding affinity against human cloned Endothelin B receptor expressed in CHO-K1 cells";"B";"BAO_0000219";"cell-based format";"None";"None";"None";"CHO-K1";"None";"";"";"";"CHEMBL1785";"Endothelin receptor ET-B";"Homo sapiens";"SINGLE PROTEIN";"CHEMBL1129982";"1";"Scientific Literature";"J Med Chem";"1997";"CHEMBL3307512";"";"";"";"1300.0"
"CHEMBL432974";"";"None";"502.70";"2";"5.53";"8h";"CCCCN(CCCC)C(=O)CN1C[C@H](c2ccc3c(c2)OCO3)[C@@H](C(=O)O)[C@@H]1CC(C)(C)CCC";"IC50";"'='";"62000.0";"nM";"4.21";"";"";"UO_0000065";"8.37";"0.16";"-1.32";"5.31";"0";"CHEMBL670729";"Binding affinity for endothelin B receptor by measuring its ability to displace [125I]-ET-3 from porcine cerebellar tissue";"B";"BAO_0000357";"single protein format";"Sus scrofa";"None";"None";"None";"None";"";"";"";"CHEMBL1785";"Endothelin receptor ET-B";"Homo sapiens";"SINGLE PROTEIN";"CHEMBL1131628";"1";"Scientific Literature";"J Med Chem";"1998";"None";"";"";"";"62000.0"
"CHEMBL274307";"";"None";"402.45";"0";"4.10";"66";"COc1ccc(C2(O)OC(=O)C(c3cccc(OC)c3)=C2Cc2ccccc2)cc1";"IC50";"'='";"12000.0";"nM";"4.92";"";"";"UO_0000065";"12.23";"0.22";"0.82";"7.57";"0";"CHEMBL677440";"Binding affinity against human cloned Endothelin B receptor expressed in CHO-K1 cells";"B";"BAO_0000219";"cell-based format";"None";"None";"None";"CHO-K1";"None";"";"";"";"CHEMBL1785";"Endothelin receptor ET-B";"Homo sapiens";"SINGLE PROTEIN";"CHEMBL1129982";"1";"Scientific Literature";"J Med Chem";"1997";"CHEMBL3307512";"";"";"";"12000.0"
"CHEMBL275559";"";"None";"460.48";"0";"4.14";"75";"COc1ccc(C2(O)OC(=O)C(c3cc(OC)c4c(c3)OCO4)=C2Cc2ccccc2)cc1C";"IC50";"'='";"1410.0";"nM";"5.85";"";"";"UO_0000065";"12.71";"0.24";"1.71";"7.01";"0";"CHEMBL677440";"Binding affinity against human cloned Endothelin B receptor expressed in CHO-K1 cells";"B";"BAO_0000219";"cell-based format";"None";"None";"None";"CHO-K1";"None";"";"";"";"CHEMBL1785";"Endothelin receptor ET-B";"Homo sapiens";"SINGLE PROTEIN";"CHEMBL1129982";"1";"Scientific Literature";"J Med Chem";"1997";"CHEMBL3307512";"";"";"";"1410.0"
"CHEMBL367763";"";"None";"469.34";"0";"4.51";"34d";"Cc1noc(NS(=O)(=O)c2ccsc2/C=C/c2ccc3c(c2)OCO3)c1Br";"IC50";"'='";"5245.0";"nM";"5.28";"";"";"UO_0000065";"11.25";"0.27";"0.77";"5.82";"0";"CHEMBL678457";"Inhibition of human Endothelin B receptor using I-ET-1 as radioligand in a competitive radioligand assay";"B";"BAO_0000357";"single protein format";"None";"None";"None";"None";"None";"";"";"";"CHEMBL1785";"Endothelin receptor ET-B";"Homo sapiens";"SINGLE PROTEIN";"CHEMBL1129901";"1";"Scientific Literature";"Bioorg Med Chem Lett";"1997";"None";"";"";"";"5.245"
"CHEMBL303428";"";"None";"635.74";"2";"6.35";"3a";"CCCc1nc(NS(=O)(=O)c2ccc(C(C)(C)C)cc2)c(Oc2ccccc2OC)c(OCCOC(=O)Nc2ccccn2)n1";"IC50";"'='";"63.0";"nM";"7.20";"";"";"UO_0000065";"11.33";"0.22";"0.85";"4.77";"0";"CHEMBL672256";"Receptor binding affinity was determined against [125I]ET1 with membranes prepared from human placenta for ETB receptor";"B";"BAO_0000019";"assay format";"None";"None";"None";"None";"None";"";"";"";"CHEMBL1785";"Endothelin receptor ET-B";"Homo sapiens";"SINGLE PROTEIN";"CHEMBL1130517";"1";"Scientific Literature";"Bioorg Med Chem Lett";"1997";"None";"";"";"";"0.063"
"CHEMBL2163698";"";"None";"601.65";"2";"3.97";"37";"COc1ccccc1Oc1c(NS(=O)(=O)CCc2ccccc2)nc(-c2ncccn2)nc1OCCOc1ncccn1";"IC50";"'='";"465.0";"nM";"6.33";"";"";"UO_0000065";"10.53";"0.20";"2.36";"3.95";"1";"CHEMBL4426322";"Antagonist activity at ETB receptor (unknown origin)";"B";"BAO_0000357";"single protein format";"Homo sapiens";"None";"None";"None";"None";"";"";"";"CHEMBL1785";"Endothelin receptor ET-B";"Homo sapiens";"SINGLE PROTEIN";"CHEMBL4425117";"1";"Scientific Literature";"Bioorg Med Chem Lett";"2016";"None";"";"";"";"465.0"
"CHEMBL2165328";"";"None";"603.46";"1";"3.73";"fig-7, 41";"COc1ccccc1Oc1c(NS(=O)(=O)NCc2ccccc2)ncnc1OCCOc1ncc(Br)cn1";"IC50";"'='";"525.0";"nM";"6.28";"";"";"UO_0000065";"10.41";"0.23";"2.55";"4.28";"1";"CHEMBL4426322";"Antagonist activity at ETB receptor (unknown origin)";"B";"BAO_0000357";"single protein format";"Homo sapiens";"None";"None";"None";"None";"";"";"";"CHEMBL1785";"Endothelin receptor ET-B";"Homo sapiens";"SINGLE PROTEIN";"CHEMBL4425117";"1";"Scientific Literature";"Bioorg Med Chem Lett";"2016";"None";"";"";"";"525.0"
"CHEMBL160768";"";"None";"590.65";"2";"5.35";"7ff";"CCCN(c1ccc2c(c1)oc1c(-c3ccc(OC)cc3)c(C(=O)O)c(=O)n(Cc3ccccc3OC)c12)S(C)(=O)=O";"IC50";"'='";"13.0";"nM";"7.89";"";"";"UO_0000065";"13.35";"0.26";"2.54";"6.15";"0";"CHEMBL673047";"Ability to displace [125I]endothelin-1 from endothelin B receptor in porcine kidney membranes";"B";"BAO_0000249";"cell membrane format";"Sus scrofa";"CHEMBL3638241";"Kidney";"None";"Membrane";"";"";"";"CHEMBL1785";"Endothelin receptor ET-B";"Homo sapiens";"SINGLE PROTEIN";"CHEMBL1132506";"1";"Scientific Literature";"Bioorg Med Chem Lett";"1999";"None";"";"";"";"0.013"
"CHEMBL430506";"";"None";"447.49";"0";"4.33";"2l";"CCOCc1ccc2c(n1)[C@@H](c1ccc(OC)cc1)[C@H](C(=O)O)[C@H]2c1ccc2c(c1)OCO2";"IC50";"'='";"140.0";"nM";"6.85";"";"";"UO_0000065";"15.32";"0.28";"2.52";"7.87";"0";"CHEMBL670652";"Inhibitory activity against I-labeled ET-1 binding to Endothelin B receptor";"B";"BAO_0000357";"single protein format";"None";"None";"None";"None";"None";"";"";"";"CHEMBL1785";"Endothelin receptor ET-B";"Homo sapiens";"SINGLE PROTEIN";"CHEMBL1134926";"1";"Scientific Literature";"Bioorg Med Chem Lett";"2002";"None";"";"";"";"140.0"
"CHEMBL47827";"";"None";"427.89";"0";"3.77";"5z";"Cc1ccc(NC(=O)c2sccc2S(=O)(=O)Nc2onc(C)c2Cl)c(O)c1";"IC50";"'='";"8240.0";"nM";"5.08";"";"";"UO_0000065";"11.88";"0.26";"1.31";"4.18";"0";"CHEMBL670643";"In vitro inhibition of endothelin binding to human Endothelin B receptor using [125I]-labeled ET-1 competition assay";"B";"BAO_0000357";"single protein format";"None";"None";"None";"None";"None";"";"";"";"CHEMBL1785";"Endothelin receptor ET-B";"Homo sapiens";"SINGLE PROTEIN";"CHEMBL1130042";"1";"Scientific Literature";"J Med Chem";"1997";"None";"";"";"";"8240.0"
"CHEMBL48134";"";"None";"441.92";"0";"4.07";"5aa";"COc1ccc(NC(=O)c2sccc2S(=O)(=O)Nc2onc(C)c2Cl)c(C)c1";"IC50";"'='";"14000.0";"nM";"4.85";"";"";"UO_0000065";"10.98";"0.24";"0.78";"4.39";"1";"CHEMBL670643";"In vitro inhibition of endothelin binding to human Endothelin B receptor using [125I]-labeled ET-1 competition assay";"B";"BAO_0000357";"single protein format";"None";"None";"None";"None";"None";"";"";"";"CHEMBL1785";"Endothelin receptor ET-B";"Homo sapiens";"SINGLE PROTEIN";"CHEMBL1130042";"1";"Scientific Literature";"J Med Chem";"1997";"None";"";"";"";"14000.0"
"CHEMBL70017";"";"None";"550.52";"1";"3.30";"24";"COc1ccc(C2(O)OC(=O)C(c3ccc4c(c3)OCO4)=C2Cc2cc(OC)c(OC)c(OCC(=O)O)c2)cc1";"IC50";"'='";"4500.0";"nM";"5.35";"";"";"UO_0000065";"9.71";"0.18";"2.05";"3.84";"0";"CHEMBL670638";"Inhibition of [125I]ET1 binding to recombinant human Endothelin B receptor.";"B";"BAO_0000357";"single protein format";"None";"None";"None";"None";"None";"";"";"";"CHEMBL1785";"Endothelin receptor ET-B";"Homo sapiens";"SINGLE PROTEIN";"CHEMBL1132648";"1";"Scientific Literature";"J Med Chem";"1999";"None";"";"";"";"4500.0"
"CHEMBL79030";"";"None";"362.16";"0";"2.45";"10b";"Cc1noc(NS(=O)(=O)c2cccc([N+](=O)[O-])c2)c1Br";"IC50";"'='";"38000.0";"nM";"4.42";"";"";"UO_0000065";"12.21";"0.30";"1.97";"3.83";"0";"CHEMBL677439";"Binding affinity against human Endothelin B receptor in transfected COS 7 cell membrane preparation";"B";"BAO_0000219";"cell-based format";"None";"None";"None";"COS 7";"None";"";"";"";"CHEMBL1785";"Endothelin receptor ET-B";"Homo sapiens";"SINGLE PROTEIN";"CHEMBL1129771";"1";"Scientific Literature";"Bioorg Med Chem Lett";"1996";"None";"";"";"";"38.0"
"CHEMBL103886";"";"None";"320.35";"0";"2.89";"26";"Cc1cc(C(C(N)=O)c2ccc3c(c2)OCO3)c2ccccc2n1";"IC50";"";"";"nM";"";"";"Not Active";"UO_0000065";"";"";"";"";"0";"CHEMBL670637";"Inhibition of binding of [125I]ET1 to cloned human Endothelin B receptor expressed in CHO-K1 cells up to 200 uM; non significant";"B";"BAO_0000219";"cell-based format";"None";"None";"None";"CHO-K1";"None";"";"";"";"CHEMBL1785";"Endothelin receptor ET-B";"Homo sapiens";"SINGLE PROTEIN";"CHEMBL1128950";"1";"Scientific Literature";"Bioorg Med Chem Lett";"1996";"CHEMBL3307512";"";"";"";""
"CHEMBL79031";"";"None";"396.06";"0";"3.31";"9b";"Cc1noc(NS(=O)(=O)c2cccc(Br)c2)c1Br";"IC50";"'='";"9400.0";"nM";"5.03";"";"";"UO_0000065";"12.69";"0.38";"1.72";"6.96";"0";"CHEMBL677439";"Binding affinity against human Endothelin B receptor in transfected COS 7 cell membrane preparation";"B";"BAO_0000219";"cell-based format";"None";"None";"None";"COS 7";"None";"";"";"";"CHEMBL1785";"Endothelin receptor ET-B";"Homo sapiens";"SINGLE PROTEIN";"CHEMBL1129771";"1";"Scientific Literature";"Bioorg Med Chem Lett";"1996";"None";"";"";"";"9.4"
"CHEMBL36627";"";"None";"476.53";"0";"4.63";"2a";"COc1ccc([C@@H]2c3nc(NC(C)C)ccc3[C@H](c3ccc4c(c3)OCO4)[C@H]2C(=O)O)c(OC)c1";"IC50";"'='";"25.0";"nM";"7.60";"";"";"UO_0000065";"15.95";"0.30";"2.97";"7.67";"0";"CHEMBL670651";"Inhibitory activity against [125I]ET1 binding to human endothelin B receptor";"B";"BAO_0000357";"single protein format";"None";"None";"None";"None";"None";"";"";"";"CHEMBL1785";"Endothelin receptor ET-B";"Homo sapiens";"SINGLE PROTEIN";"CHEMBL1147633";"1";"Scientific Literature";"Bioorg Med Chem Lett";"2004";"None";"";"";"";"25.0"
"CHEMBL290181";"";"None";"504.58";"2";"5.40";"2d";"COc1ccc([C@@H]2c3nc(NC(C)C)ccc3[C@H](c3ccc4c(c3)OCO4)[C@H]2C(=O)O)c(OC(C)C)c1";"IC50";"'='";"88.0";"nM";"7.06";"";"";"UO_0000065";"13.98";"0.26";"1.66";"7.12";"0";"CHEMBL670651";"Inhibitory activity against [125I]ET1 binding to human endothelin B receptor";"B";"BAO_0000357";"single protein format";"None";"None";"None";"None";"None";"";"";"";"CHEMBL1785";"Endothelin receptor ET-B";"Homo sapiens";"SINGLE PROTEIN";"CHEMBL1147633";"1";"Scientific Literature";"Bioorg Med Chem Lett";"2004";"None";"";"";"";"88.0"
"CHEMBL105591";"";"None";"431.49";"0";"4.75";"2c";"CCCc1ccc2c(n1)[C@@H](c1ccc(OC)cc1)[C@H](C(=O)O)[C@H]2c1ccc2c(c1)OCO2";"IC50";"'='";"30.0";"nM";"7.52";"";"";"UO_0000065";"17.43";"0.32";"2.77";"9.66";"0";"CHEMBL670652";"Inhibitory activity against I-labeled ET-1 binding to Endothelin B receptor";"B";"BAO_0000357";"single protein format";"None";"None";"None";"None";"None";"";"";"";"CHEMBL1785";"Endothelin receptor ET-B";"Homo sapiens";"SINGLE PROTEIN";"CHEMBL1134926";"1";"Scientific Literature";"Bioorg Med Chem Lett";"2002";"None";"";"";"";"30.0"
"CHEMBL80507";"";"None";"386.05";"0";"3.85";"18b";"Cc1noc(NS(=O)(=O)c2ccc(Cl)c(Cl)c2)c1Br";"IC50";"'='";"6700.0";"nM";"5.17";"";"";"UO_0000065";"13.40";"0.37";"1.32";"7.17";"0";"CHEMBL677439";"Binding affinity against human Endothelin B receptor in transfected COS 7 cell membrane preparation";"B";"BAO_0000219";"cell-based format";"None";"None";"None";"COS 7";"None";"";"";"";"CHEMBL1785";"Endothelin receptor ET-B";"Homo sapiens";"SINGLE PROTEIN";"CHEMBL1129771";"1";"Scientific Literature";"Bioorg Med Chem Lett";"1996";"None";"";"";"";"6.7"
"CHEMBL311742";"";"None";"424.11";"0";"3.87";"30b";"CCc1ccc(Br)c(S(=O)(=O)Nc2onc(C)c2Br)c1";"IC50";"'='";"4700.0";"nM";"5.33";"";"";"UO_0000065";"12.56";"0.36";"1.46";"7.38";"0";"CHEMBL677439";"Binding affinity against human Endothelin B receptor in transfected COS 7 cell membrane preparation";"B";"BAO_0000219";"cell-based format";"None";"None";"None";"COS 7";"None";"";"";"";"CHEMBL1785";"Endothelin receptor ET-B";"Homo sapiens";"SINGLE PROTEIN";"CHEMBL1129771";"1";"Scientific Literature";"Bioorg Med Chem Lett";"1996";"None";"";"";"";"4.7"
"CHEMBL420029";"";"None";"410.09";"0";"3.62";"22b";"Cc1ccc(Br)cc1S(=O)(=O)Nc1onc(C)c1Br";"IC50";"'='";"13000.0";"nM";"4.89";"";"";"UO_0000065";"11.91";"0.35";"1.27";"6.77";"0";"CHEMBL677439";"Binding affinity against human Endothelin B receptor in transfected COS 7 cell membrane preparation";"B";"BAO_0000219";"cell-based format";"None";"None";"None";"COS 7";"None";"";"";"";"CHEMBL1785";"Endothelin receptor ET-B";"Homo sapiens";"SINGLE PROTEIN";"CHEMBL1129771";"1";"Scientific Literature";"Bioorg Med Chem Lett";"1996";"None";"";"";"";"13.0"
"CHEMBL70339";"";"None";"678.77";"3";"5.23";"3g";"COc1ccccc1Oc1c(NS(=O)(=O)c2ccc(C(C)(C)C)cc2)nc(N2CCOCC2)nc1OCCOC(=O)Nc1ccccn1";"IC50";"'='";"19.0";"nM";"7.72";"";"";"UO_0000065";"11.38";"0.22";"2.49";"4.73";"0";"CHEMBL672256";"Receptor binding affinity was determined against [125I]ET1 with membranes prepared from human placenta for ETB receptor";"B";"BAO_0000019";"assay format";"None";"None";"None";"None";"None";"";"";"";"CHEMBL1785";"Endothelin receptor ET-B";"Homo sapiens";"SINGLE PROTEIN";"CHEMBL1130517";"1";"Scientific Literature";"Bioorg Med Chem Lett";"1997";"None";"";"";"";"0.019"
"CHEMBL103484";"";"None";"341.37";"0";"4.45";"24";"O=CC(c1ccc2c(c1)OCO2)c1c2ccccc2nc2ccccc12";"IC50";"";"";"nM";"";"";"Not Active";"UO_0000065";"";"";"";"";"0";"CHEMBL670637";"Inhibition of binding of [125I]ET1 to cloned human Endothelin B receptor expressed in CHO-K1 cells up to 200 uM; non significant";"B";"BAO_0000219";"cell-based format";"None";"None";"None";"CHO-K1";"None";"";"";"";"CHEMBL1785";"Endothelin receptor ET-B";"Homo sapiens";"SINGLE PROTEIN";"CHEMBL1128950";"1";"Scientific Literature";"Bioorg Med Chem Lett";"1996";"CHEMBL3307512";"";"";"";""
"CHEMBL103362";"";"None";"386.45";"0";"4.60";"15";"COC(=O)C(c1ccc2c(c1)OCO2)C1c2ccccc2CCc2ccccc21";"IC50";"";"";"nM";"";"";"Not Active";"UO_0000065";"";"";"";"";"0";"CHEMBL670637";"Inhibition of binding of [125I]ET1 to cloned human Endothelin B receptor expressed in CHO-K1 cells up to 200 uM; non significant";"B";"BAO_0000219";"cell-based format";"None";"None";"None";"CHO-K1";"None";"";"";"";"CHEMBL1785";"Endothelin receptor ET-B";"Homo sapiens";"SINGLE PROTEIN";"CHEMBL1128950";"1";"Scientific Literature";"Bioorg Med Chem Lett";"1996";"CHEMBL3307512";"";"";"";""
"CHEMBL288247";"";"None";"518.61";"1";"4.79";"2m (diastereomer)";"COc1ccc([C@@H]2c3nc(NC(C)C)ccc3[C@H](c3ccc4c(c3)OCO4)[C@H]2C(=O)O)c(CC(C)CO)c1";"IC50";"'='";"54.0";"nM";"7.27";"";"";"UO_0000065";"14.01";"0.26";"2.48";"6.60";"0";"CHEMBL670651";"Inhibitory activity against [125I]ET1 binding to human endothelin B receptor";"B";"BAO_0000357";"single protein format";"None";"None";"None";"None";"None";"";"";"";"CHEMBL1785";"Endothelin receptor ET-B";"Homo sapiens";"SINGLE PROTEIN";"CHEMBL1147633";"1";"Scientific Literature";"Bioorg Med Chem Lett";"2004";"None";"";"";"";"54.0"
"CHEMBL369362";"";"None";"541.59";"2";"1.99";"42";"COc1ccccc1Oc1c(NS(=O)(=O)c2ccc(C)cn2)nc(N2CCOCC2)nc1OCC#CCO";"IC50";"'='";"612.0";"nM";"6.21";"";"";"UO_0000065";"11.47";"0.22";"4.22";"4.28";"0";"CHEMBL670645";"In vitro inhibitory concentration required against [125I]ET1 binding to membranes of CHO cells expressing human ETB receptor";"B";"BAO_0000219";"cell-based format";"None";"None";"None";"CHO";"None";"";"";"";"CHEMBL1785";"Endothelin receptor ET-B";"Homo sapiens";"SINGLE PROTEIN";"CHEMBL1136632";"1";"Scientific Literature";"Bioorg Med Chem Lett";"2003";"CHEMBL3308072";"";"";"";"612.0"
"CHEMBL173689";"";"None";"651.75";"2";"6.29";"31";"COc1ccccc1Oc1c(NS(=O)(=O)c2ccc(C(C)(C)C)cc2)nc(-c2ncccn2)nc1OCC#CCOc1ccccc1";"IC50";"'='";"973.0";"nM";"6.01";"";"";"UO_0000065";"9.22";"0.17";"-0.28";"4.46";"0";"CHEMBL670645";"In vitro inhibitory concentration required against [125I]ET1 binding to membranes of CHO cells expressing human ETB receptor";"B";"BAO_0000219";"cell-based format";"None";"None";"None";"CHO";"None";"";"";"";"CHEMBL1785";"Endothelin receptor ET-B";"Homo sapiens";"SINGLE PROTEIN";"CHEMBL1136632";"1";"Scientific Literature";"Bioorg Med Chem Lett";"2003";"CHEMBL3308072";"";"";"";"973.0"
"CHEMBL11162";"";"None";"432.47";"0";"4.11";"17";"COc1ccc(CC2=C(c3ccc(OC)cc3)C(=O)OC2(O)c2ccc(OC)cc2)cc1";"IC50";"'>'";"2500.0";"nM";"";"";"";"UO_0000065";"";"";"";"";"0";"CHEMBL676631";"Tested for antagonistic activity against Endothelin B receptor in the humans (CHO expressed).";"F";"BAO_0000019";"assay format";"None";"None";"None";"None";"None";"";"";"";"CHEMBL1785";"Endothelin receptor ET-B";"Homo sapiens";"SINGLE PROTEIN";"CHEMBL1128292";"1";"Scientific Literature";"J Med Chem";"1995";"None";"";"";"";"2500.0"
"CHEMBL10905";"";"None";"511.57";"0";"4.35";"37 K salt";"COc1ccc(C(=O)/C(Cc2ccc(NC(C)=O)cc2)=C(\C(=O)[O-])c2ccc3c(c2)OCO3)cc1.[K+]";"IC50";"'='";"8200.0";"nM";"5.09";"";"";"UO_0000065";"10.74";"0.20";"0.74";"4.58";"0";"CHEMBL871935";"Inhibition of Endothelin B receptor mediated (ET-3) release of arachidonic acid from human cloned receptors expressed in CHO-K1 cells";"B";"BAO_0000219";"cell-based format";"None";"None";"None";"CHO-K1";"None";"";"";"";"CHEMBL1785";"Endothelin receptor ET-B";"Homo sapiens";"SINGLE PROTEIN";"CHEMBL1129982";"1";"Scientific Literature";"J Med Chem";"1997";"CHEMBL3307512";"";"";"";"8200.0"
"CHEMBL173059";"";"None";"386.49";"0";"3.65";"1";"C/C=C/C=C/C=C/C(=O)O[C@@H]1C=C2COC(=O)[C@]2(O)[C@@]2(C)CCCC(C)(C)C12";"IC50";"'='";"50000.0";"nM";"4.30";"";"";"UO_0000065";"11.13";"0.21";"0.65";"5.91";"0";"CHEMBL671538";"Tested for binding affinity towards rabbit Endothelin B receptor";"B";"BAO_0000357";"single protein format";"Oryctolagus cuniculus";"None";"None";"None";"None";"";"";"";"CHEMBL1785";"Endothelin receptor ET-B";"Homo sapiens";"SINGLE PROTEIN";"CHEMBL1133352";"1";"Scientific Literature";"Bioorg Med Chem Lett";"2000";"None";"";"";"";"50.0"
"CHEMBL173059";"";"None";"386.49";"0";"3.65";"1";"C/C=C/C=C/C=C/C(=O)O[C@@H]1C=C2COC(=O)[C@]2(O)[C@@]2(C)CCCC(C)(C)C12";"IC50";"'='";"73000.0";"nM";"4.14";"";"";"UO_0000065";"10.70";"0.20";"0.49";"5.68";"0";"CHEMBL676633";"Tested for binding affinity towards human Endothelin B receptor";"B";"BAO_0000357";"single protein format";"None";"None";"None";"None";"None";"";"";"";"CHEMBL1785";"Endothelin receptor ET-B";"Homo sapiens";"SINGLE PROTEIN";"CHEMBL1133352";"1";"Scientific Literature";"Bioorg Med Chem Lett";"2000";"None";"";"";"";"73.0"
"CHEMBL333034";"";"None";"658.67";"2";"5.17";"10i";"COc1ccc([C@H]2[C@H](C(=O)O)[C@@H](c3ccc4c(c3)OCO4)CN2CC(=O)NC(CC(C)C)c2ccccc2)cc1.O=C(O)C(F)(F)F";"IC50";"'='";"3.4";"nM";"8.47";"";"";"UO_0000065";"15.55";"0.29";"3.30";"8.70";"0";"CHEMBL670477";"Binding ability determined by the displacement of [125 I]ET-3 from the human Endothelin B receptor";"B";"BAO_0000357";"single protein format";"None";"None";"None";"None";"None";"";"";"";"CHEMBL1785";"Endothelin receptor ET-B";"Homo sapiens";"SINGLE PROTEIN";"CHEMBL1132108";"1";"Scientific Literature";"J Med Chem";"1999";"None";"";"";"";"3.4"
"CHEMBL368829";"";"None";"574.66";"1";"4.94";"46";"C#CCOc1nc(-c2ccnc(CO)c2)nc(NS(=O)(=O)c2ccc(C(C)(C)C)cc2)c1Oc1ccccc1OC";"IC50";"'='";"100.0";"nM";"7.00";"";"";"UO_0000065";"12.18";"0.23";"2.06";"5.27";"0";"CHEMBL670645";"In vitro inhibitory concentration required against [125I]ET1 binding to membranes of CHO cells expressing human ETB receptor";"B";"BAO_0000219";"cell-based format";"None";"None";"None";"CHO";"None";"";"";"";"CHEMBL1785";"Endothelin receptor ET-B";"Homo sapiens";"SINGLE PROTEIN";"CHEMBL1136632";"1";"Scientific Literature";"Bioorg Med Chem Lett";"2003";"CHEMBL3308072";"";"";"";"100.0"
"CHEMBL432227";"";"None";"692.69";"2";"5.48";"9e";"COc1ccc([C@H]2[C@H](C(=O)O)[C@@H](c3ccc4c(c3)OCO4)CN2CC(=O)NC(c2ccccc2)c2ccccc2C)cc1.O=C(O)C(F)(F)F";"IC50";"'='";"3.4";"nM";"8.47";"";"";"UO_0000065";"14.63";"0.27";"2.99";"8.70";"0";"CHEMBL670477";"Binding ability determined by the displacement of [125 I]ET-3 from the human Endothelin B receptor";"B";"BAO_0000357";"single protein format";"None";"None";"None";"None";"None";"";"";"";"CHEMBL1785";"Endothelin receptor ET-B";"Homo sapiens";"SINGLE PROTEIN";"CHEMBL1132108";"1";"Scientific Literature";"J Med Chem";"1999";"None";"";"";"";"3.4"
"CHEMBL274857";"";"None";"416.43";"0";"3.82";"22";"COc1cccc(C2(O)OC(=O)C(c3ccc4c(c3)OCO4)=C2Cc2ccccc2)c1";"IC50";"'='";"18000.0";"nM";"4.75";"";"";"UO_0000065";"11.39";"0.21";"0.92";"6.39";"0";"CHEMBL677440";"Binding affinity against human cloned Endothelin B receptor expressed in CHO-K1 cells";"B";"BAO_0000219";"cell-based format";"None";"None";"None";"CHO-K1";"None";"";"";"";"CHEMBL1785";"Endothelin receptor ET-B";"Homo sapiens";"SINGLE PROTEIN";"CHEMBL1129982";"1";"Scientific Literature";"J Med Chem";"1997";"CHEMBL3307512";"";"";"";"18000.0"
"CHEMBL22513";"";"None";"549.61";"1";"3.35";"32";"CCOc1cc(C)ccc1S(=O)(=O)NC(=O)C(c1ccc2c(c1)OCO2)c1cn(C)c2cc(C(N)=O)ccc12";"IC50";"'='";"397.0";"nM";"6.40";"";"";"UO_0000065";"11.65";"0.22";"3.05";"4.61";"0";"CHEMBL677443";"Binding affinity towards human cloned endothelin B receptor by [125I]ET1 displacement.";"B";"BAO_0000357";"single protein format";"None";"None";"None";"None";"None";"";"";"";"CHEMBL1785";"Endothelin receptor ET-B";"Homo sapiens";"SINGLE PROTEIN";"CHEMBL1135360";"1";"Scientific Literature";"Bioorg Med Chem Lett";"2002";"None";"";"";"";"397.0"
"CHEMBL297473";"";"None";"455.90";"0";"3.79";"5ee";"Cc1cc2c(cc1NC(=O)c1sccc1S(=O)(=O)Nc1onc(C)c1Cl)OCO2";"IC50";"'='";"35500.0";"nM";"4.45";"";"";"UO_0000065";"9.76";"0.21";"0.66";"3.72";"0";"CHEMBL670643";"In vitro inhibition of endothelin binding to human Endothelin B receptor using [125I]-labeled ET-1 competition assay";"B";"BAO_0000357";"single protein format";"None";"None";"None";"None";"None";"";"";"";"CHEMBL1785";"Endothelin receptor ET-B";"Homo sapiens";"SINGLE PROTEIN";"CHEMBL1130042";"1";"Scientific Literature";"J Med Chem";"1997";"None";"";"";"";"35500.0"
"CHEMBL170446";"";"None";"280.32";"0";"1.48";"18";"C/C=C/C=C/C(=O)O[C@@H]1C=C2COC(OC)[C@]2(O)CC1";"IC50";"'>'";"25000.0";"nM";"";"";"";"UO_0000065";"";"";"";"";"0";"CHEMBL676633";"Tested for binding affinity towards human Endothelin B receptor";"B";"BAO_0000357";"single protein format";"None";"None";"None";"None";"None";"";"";"";"CHEMBL1785";"Endothelin receptor ET-B";"Homo sapiens";"SINGLE PROTEIN";"CHEMBL1133352";"1";"Scientific Literature";"Bioorg Med Chem Lett";"2000";"None";"";"";"";"25.0"
"CHEMBL177839";"";"None";"536.67";"2";"5.07";"16g";"Cc1oc([C@@H](Cc2cn(C)c3ccccc23)NC(=O)[C@@H](CC(=O)NC2CCCCC2)CC(C)C)nc1C(=O)O";"IC50";"'>'";"100000.0";"nM";"";"";"";"UO_0000065";"";"";"";"";"0";"CHEMBL670653";"Inhibitory activity was evaluated against human Endothelin B receptor";"B";"BAO_0000357";"single protein format";"None";"None";"None";"None";"None";"";"";"";"CHEMBL1785";"Endothelin receptor ET-B";"Homo sapiens";"SINGLE PROTEIN";"CHEMBL1129499";"1";"Scientific Literature";"J Med Chem";"1996";"None";"";"";"";"100.0"
"CHEMBL317981";"";"None";"561.47";"2";"6.21";"rac-84c";"Cc1ccccc1O[C@H](C(=O)O)[C@@]1(c2ccccc2)NCC(=O)N(Cc2c(Cl)cccc2Cl)c2ccccc21";"IC50";"'>'";"10000.0";"nM";"";"";"";"UO_0000065";"";"";"";"";"0";"CHEMBL670641";"Antagonist activity towards human recombinant Endothelin B receptor expressed in chinese hamster ovary (CHO) cells determined using [125I]ET1 as radioligand";"F";"BAO_0000219";"cell-based format";"None";"None";"None";"CHO";"None";"";"";"";"CHEMBL1785";"Endothelin receptor ET-B";"Homo sapiens";"SINGLE PROTEIN";"CHEMBL1149183";"1";"Scientific Literature";"J Med Chem";"2004";"CHEMBL3308072";"";"";"";"10000.0"
"CHEMBL287622";"";"None";"490.56";"0";"4.15";"2j";"COc1ccc([C@@H]2c3nc(NC(C)C)ccc3[C@H](c3ccc4c(c3)OCO4)[C@H]2C(=O)O)c(CCO)c1";"IC50";"'='";"19.0";"nM";"7.72";"";"";"UO_0000065";"15.74";"0.29";"3.57";"7.01";"0";"CHEMBL670651";"Inhibitory activity against [125I]ET1 binding to human endothelin B receptor";"B";"BAO_0000357";"single protein format";"None";"None";"None";"None";"None";"";"";"";"CHEMBL1785";"Endothelin receptor ET-B";"Homo sapiens";"SINGLE PROTEIN";"CHEMBL1147633";"1";"Scientific Literature";"Bioorg Med Chem Lett";"2004";"None";"";"";"";"19.0"
"CHEMBL174547";"";"None";"617.73";"2";"4.08";"36";"COc1ccccc1Oc1c(NS(=O)(=O)c2ccc(C)cn2)nc(C2CC2)nc1OCCNS(=O)(=O)c1cccs1";"IC50";"'='";"8240.0";"nM";"5.08";"";"";"UO_0000065";"8.23";"0.17";"1.00";"3.20";"0";"CHEMBL670655";"Inhibitory concentration required against [125I]ET1 binding to membranes of CHO cells expressing human ETB receptor";"B";"BAO_0000219";"cell-based format";"None";"None";"None";"CHO";"None";"";"";"";"CHEMBL1785";"Endothelin receptor ET-B";"Homo sapiens";"SINGLE PROTEIN";"CHEMBL1136631";"1";"Scientific Literature";"Bioorg Med Chem Lett";"2003";"CHEMBL3308072";"";"";"";"8240.0"
"CHEMBL94810";"";"None";"502.62";"1";"4.39";"rac-39a";"CCCCCCN1C(=O)CN[C@](c2ccccc2)([C@H](Oc2nc(C)cc(C)n2)C(=O)O)c2ccccc21";"IC50";"'='";"39.9";"nM";"7.40";"";"";"UO_0000065";"";"";"";"";"0";"CHEMBL670641";"Antagonist activity towards human recombinant Endothelin B receptor expressed in chinese hamster ovary (CHO) cells determined using [125I]ET1 as radioligand";"F";"BAO_0000219";"cell-based format";"None";"None";"None";"CHO";"None";"";"";"";"CHEMBL1785";"Endothelin receptor ET-B";"Homo sapiens";"SINGLE PROTEIN";"CHEMBL1149183";"1";"Scientific Literature";"J Med Chem";"2004";"CHEMBL3308072";"";"";"";"39.9"
"CHEMBL156539";"";"None";"469.45";"0";"4.90";"7r";"COc1ccccc1Cn1c(=O)c(C(=O)O)c(-c2ccc3c(c2)OCO3)c2oc3ccccc3c21";"IC50";"'='";"1900.0";"nM";"5.72";"";"";"UO_0000065";"12.19";"0.22";"0.82";"5.71";"0";"CHEMBL673047";"Ability to displace [125I]endothelin-1 from endothelin B receptor in porcine kidney membranes";"B";"BAO_0000249";"cell membrane format";"Sus scrofa";"CHEMBL3638241";"Kidney";"None";"Membrane";"";"";"";"CHEMBL1785";"Endothelin receptor ET-B";"Homo sapiens";"SINGLE PROTEIN";"CHEMBL1132506";"1";"Scientific Literature";"Bioorg Med Chem Lett";"1999";"None";"";"";"";"1.9"
"CHEMBL323561";"";"None";"447.49";"0";"3.72";"2j";"COc1ccc([C@@H]2c3nc(CCCO)ccc3[C@H](c3ccc4c(c3)OCO4)[C@H]2C(=O)O)cc1";"IC50";"'='";"190.0";"nM";"6.72";"";"";"UO_0000065";"15.02";"0.28";"3.00";"6.85";"0";"CHEMBL670652";"Inhibitory activity against I-labeled ET-1 binding to Endothelin B receptor";"B";"BAO_0000357";"single protein format";"None";"None";"None";"None";"None";"";"";"";"CHEMBL1785";"Endothelin receptor ET-B";"Homo sapiens";"SINGLE PROTEIN";"CHEMBL1134926";"1";"Scientific Literature";"Bioorg Med Chem Lett";"2002";"None";"";"";"";"190.0"
"CHEMBL319452";"";"None";"635.62";"2";"4.15";"7, PD-163140";"CCOC(=O)CNC(=O)OC1(c2ccc(OC)cc2)OC(=O)C(c2ccc3c(c2)OCO3)=C1Cc1cc(OC)c(OC)c(OC)c1";"IC50";"'='";"1800.0";"nM";"5.75";"";"";"UO_0000065";"9.04";"0.17";"1.59";"3.93";"0";"CHEMBL678455";"Binding affinity for human endothelin B receptor expressed in CHO-K1 cells.";"B";"BAO_0000219";"cell-based format";"Homo sapiens";"None";"None";"CHO-K1";"None";"";"";"";"CHEMBL1785";"Endothelin receptor ET-B";"Homo sapiens";"SINGLE PROTEIN";"CHEMBL1129826";"1";"Scientific Literature";"Bioorg Med Chem Lett";"1997";"CHEMBL3307512";"";"";"";"1800.0"
"CHEMBL320208";"";"None";"459.54";"1";"5.53";"2e";"CCCCCc1ccc2c(n1)[C@@H](c1ccc(OC)cc1)[C@H](C(=O)O)[C@H]2c1ccc2c(c1)OCO2";"IC50";"'='";"9.1";"nM";"8.04";"";"";"UO_0000065";"17.50";"0.32";"2.51";"10.32";"0";"CHEMBL670652";"Inhibitory activity against I-labeled ET-1 binding to Endothelin B receptor";"B";"BAO_0000357";"single protein format";"None";"None";"None";"None";"None";"";"";"";"CHEMBL1785";"Endothelin receptor ET-B";"Homo sapiens";"SINGLE PROTEIN";"CHEMBL1134926";"1";"Scientific Literature";"Bioorg Med Chem Lett";"2002";"None";"";"";"";"9.1"
"CHEMBL16018";"";"None";"648.83";"2";"6.27";"5";"CCCc1cc(Cn2c(CC)nc3c(C)cc(C)nc32)cc(CCC)c1OC(C(=O)NS(=O)(=O)C(C)C)c1ccc2c(c1)OCO2";"IC50";"'='";"1900.0";"nM";"5.72";"";"";"UO_0000065";"8.82";"0.17";"-0.55";"4.70";"0";"CHEMBL670656";"Inhibition of human endothelin B (ETB) receptor expressed in CHO cells";"B";"BAO_0000219";"cell-based format";"Homo sapiens";"None";"None";"CHO";"None";"";"";"";"CHEMBL1785";"Endothelin receptor ET-B";"Homo sapiens";"SINGLE PROTEIN";"CHEMBL1128156";"1";"Scientific Literature";"Bioorg Med Chem Lett";"1995";"CHEMBL3308072";"";"";"";"1.9"
"CHEMBL408055";"";"None";"636.61";"2";"3.50";"29";"COc1ccc(C2(O)OC(=O)C(c3ccc4c(c3)OCO4)=C2Cc2cc(OC)c(OC)c(OCCCS(=O)(=O)[O-])c2)cc1.[Na+]";"IC50";"'='";"1600.0";"nM";"5.80";"";"";"UO_0000065";"9.43";"0.18";"2.30";"3.71";"0";"CHEMBL670638";"Inhibition of [125I]ET1 binding to recombinant human Endothelin B receptor.";"B";"BAO_0000357";"single protein format";"None";"None";"None";"None";"None";"";"";"";"CHEMBL1785";"Endothelin receptor ET-B";"Homo sapiens";"SINGLE PROTEIN";"CHEMBL1132648";"1";"Scientific Literature";"J Med Chem";"1999";"None";"";"";"";"1600.0"
"CHEMBL94606";"";"None";"561.47";"2";"6.21";"rac-84j";"Cc1ccc(O[C@H](C(=O)O)[C@@]2(c3ccccc3)NCC(=O)N(Cc3c(Cl)cccc3Cl)c3ccccc32)cc1";"IC50";"'='";"966.0";"nM";"6.01";"";"";"UO_0000065";"";"";"";"";"0";"CHEMBL670641";"Antagonist activity towards human recombinant Endothelin B receptor expressed in chinese hamster ovary (CHO) cells determined using [125I]ET1 as radioligand";"F";"BAO_0000219";"cell-based format";"None";"None";"None";"CHO";"None";"";"";"";"CHEMBL1785";"Endothelin receptor ET-B";"Homo sapiens";"SINGLE PROTEIN";"CHEMBL1149183";"1";"Scientific Literature";"J Med Chem";"2004";"CHEMBL3308072";"";"";"";"966.0"
"CHEMBL273642";"";"None";"778.82";"2";"6.58";"9k(2R,3R,4S)";"Cc1ccccc1C(NC(=O)CN1C[C@H](c2ccc3c(c2)OCO3)[C@@H](C(=O)O)[C@@H]1c1ccc(OCCOC(C)C)cc1)c1ccccc1C.O=C(O)C(F)(F)F";"IC50";"'='";"1.9";"nM";"8.72";"";"";"UO_0000065";"13.12";"0.24";"2.14";"8.18";"0";"CHEMBL670477";"Binding ability determined by the displacement of [125 I]ET-3 from the human Endothelin B receptor";"B";"BAO_0000357";"single protein format";"None";"None";"None";"None";"None";"";"";"";"CHEMBL1785";"Endothelin receptor ET-B";"Homo sapiens";"SINGLE PROTEIN";"CHEMBL1132108";"1";"Scientific Literature";"J Med Chem";"1999";"None";"";"";"";"1.9"
"CHEMBL10801";"";"None";"519.59";"0";"4.39";"8, (Choline salt)";"COc1ccc(C(=O)/C(Cc2ccccc2)=C(\C(=O)[O-])c2ccc3c(c2)OCO3)cc1.C[N+](C)(C)CCO";"IC50";"'='";"22000.0";"nM";"4.66";"";"";"UO_0000065";"11.18";"0.21";"0.27";"5.68";"0";"CHEMBL871935";"Inhibition of Endothelin B receptor mediated (ET-3) release of arachidonic acid from human cloned receptors expressed in CHO-K1 cells";"B";"BAO_0000219";"cell-based format";"None";"None";"None";"CHO-K1";"None";"";"";"";"CHEMBL1785";"Endothelin receptor ET-B";"Homo sapiens";"SINGLE PROTEIN";"CHEMBL1129982";"1";"Scientific Literature";"J Med Chem";"1997";"CHEMBL3307512";"";"";"";"22000.0"
"CHEMBL96387";"";"None";"592.57";"1";"4.90";"rac-39s";"Cc1cc(C)nc(O[C@H](C(=O)O)[C@@]2(c3ccccc3)NCC(=O)N(Cc3ccccc3OC(F)(F)F)c3ccccc32)n1";"IC50";"'='";"74.9";"nM";"7.13";"";"";"UO_0000065";"";"";"";"";"0";"CHEMBL670641";"Antagonist activity towards human recombinant Endothelin B receptor expressed in chinese hamster ovary (CHO) cells determined using [125I]ET1 as radioligand";"F";"BAO_0000219";"cell-based format";"None";"None";"None";"CHO";"None";"";"";"";"CHEMBL1785";"Endothelin receptor ET-B";"Homo sapiens";"SINGLE PROTEIN";"CHEMBL1149183";"1";"Scientific Literature";"J Med Chem";"2004";"CHEMBL3308072";"";"";"";"74.9"
"CHEMBL94769";"";"None";"561.47";"2";"6.21";"rac-84e";"Cc1cccc(O[C@H](C(=O)O)[C@@]2(c3ccccc3)NCC(=O)N(Cc3c(Cl)cccc3Cl)c3ccccc32)c1";"IC50";"'='";"745.0";"nM";"6.13";"";"";"UO_0000065";"";"";"";"";"0";"CHEMBL670641";"Antagonist activity towards human recombinant Endothelin B receptor expressed in chinese hamster ovary (CHO) cells determined using [125I]ET1 as radioligand";"F";"BAO_0000219";"cell-based format";"None";"None";"None";"CHO";"None";"";"";"";"CHEMBL1785";"Endothelin receptor ET-B";"Homo sapiens";"SINGLE PROTEIN";"CHEMBL1149183";"1";"Scientific Literature";"J Med Chem";"2004";"CHEMBL3308072";"";"";"";"745.0"
"CHEMBL368996";"";"None";"690.74";"2";"3.85";"71";"COc1ccccc1Oc1c(NS(=O)(=O)c2ccc(C(C)C)cn2)nc(N2CCOCC2)nc1OCC#CCOC(=O)Nc1cnccn1";"IC50";"'='";"13.0";"nM";"7.89";"";"";"UO_0000065";"11.42";"0.22";"4.04";"4.17";"0";"CHEMBL670645";"In vitro inhibitory concentration required against [125I]ET1 binding to membranes of CHO cells expressing human ETB receptor";"B";"BAO_0000219";"cell-based format";"None";"None";"None";"CHO";"None";"";"";"";"CHEMBL1785";"Endothelin receptor ET-B";"Homo sapiens";"SINGLE PROTEIN";"CHEMBL1136632";"1";"Scientific Literature";"Bioorg Med Chem Lett";"2003";"CHEMBL3308072";"";"";"";"13.0"
"CHEMBL56349";"";"None";"443.45";"0";"4.08";"3f";"COc1ccccc1Cn1c(=O)c(CC(=O)O)c(-c2ccc3c(c2)OCO3)c2ccccc21";"IC50";"'>'";"10000.0";"nM";"";"";"";"UO_0000065";"";"";"";"";"0";"CHEMBL670728";"Inhibition of [125I]ET1 binding to porcine kidney inner medulla membranes";"B";"BAO_0000221";"tissue-based format";"Sus scrofa";"CHEMBL3638241";"Kidney";"None";"None";"";"";"";"CHEMBL1785";"Endothelin receptor ET-B";"Homo sapiens";"SINGLE PROTEIN";"CHEMBL1130488";"1";"Scientific Literature";"Bioorg Med Chem Lett";"1997";"None";"";"";"";"10.0"
"CHEMBL157742";"";"None";"455.47";"1";"5.18";"7f";"COc1ccc(-c2c(C(=O)O)c(=O)n(Cc3ccccc3OC)c3c2oc2ccccc23)cc1";"IC50";"'='";"120.0";"nM";"6.92";"";"";"UO_0000065";"15.19";"0.28";"1.74";"7.61";"0";"CHEMBL673047";"Ability to displace [125I]endothelin-1 from endothelin B receptor in porcine kidney membranes";"B";"BAO_0000249";"cell membrane format";"Sus scrofa";"CHEMBL3638241";"Kidney";"None";"Membrane";"";"";"";"CHEMBL1785";"Endothelin receptor ET-B";"Homo sapiens";"SINGLE PROTEIN";"CHEMBL1132506";"1";"Scientific Literature";"Bioorg Med Chem Lett";"1999";"None";"";"";"";"0.12"
"CHEMBL312670";"";"None";"252.29";"0";"2.09";"2a";"Cc1noc(NS(=O)(=O)c2ccccc2)c1C";"IC50";"'='";"88000.0";"nM";"4.06";"";"";"UO_0000065";"16.07";"0.33";"1.97";"5.62";"0";"CHEMBL677439";"Binding affinity against human Endothelin B receptor in transfected COS 7 cell membrane preparation";"B";"BAO_0000219";"cell-based format";"None";"None";"None";"COS 7";"None";"";"";"";"CHEMBL1785";"Endothelin receptor ET-B";"Homo sapiens";"SINGLE PROTEIN";"CHEMBL1129771";"1";"Scientific Literature";"Bioorg Med Chem Lett";"1996";"None";"";"";"";"88.0"
"CHEMBL172071";"";"None";"591.71";"1";"3.79";"19";"CCS(=O)(=O)NCCOc1nc(C2CC2)nc(NS(=O)(=O)c2ccc(C(C)C)cn2)c1Oc1ccccc1OC";"IC50";"'='";"397.0";"nM";"6.40";"";"";"UO_0000065";"10.82";"0.22";"2.61";"4.03";"0";"CHEMBL670655";"Inhibitory concentration required against [125I]ET1 binding to membranes of CHO cells expressing human ETB receptor";"B";"BAO_0000219";"cell-based format";"None";"None";"None";"CHO";"None";"";"";"";"CHEMBL1785";"Endothelin receptor ET-B";"Homo sapiens";"SINGLE PROTEIN";"CHEMBL1136631";"1";"Scientific Literature";"Bioorg Med Chem Lett";"2003";"CHEMBL3308072";"";"";"";"397.0"
"CHEMBL275701";"";"None";"506.51";"1";"3.85";"52";"COc1ccc(C2(O)OC(=O)C(c3ccc4c(c3)OCO4)=C2Cc2cc(OC)c(OC)cc2OC)cc1";"IC50";"'='";"850.0";"nM";"6.07";"";"";"UO_0000065";"11.99";"0.22";"2.22";"5.96";"0";"CHEMBL677440";"Binding affinity against human cloned Endothelin B receptor expressed in CHO-K1 cells";"B";"BAO_0000219";"cell-based format";"None";"None";"None";"CHO-K1";"None";"";"";"";"CHEMBL1785";"Endothelin receptor ET-B";"Homo sapiens";"SINGLE PROTEIN";"CHEMBL1129982";"1";"Scientific Literature";"J Med Chem";"1997";"CHEMBL3307512";"";"";"";"850.0"
"CHEMBL430822";"";"None";"396.06";"0";"3.31";"14b";"Cc1noc(NS(=O)(=O)c2ccc(Br)cc2)c1Br";"IC50";"'='";"3400.0";"nM";"5.47";"";"";"UO_0000065";"13.81";"0.41";"2.16";"7.57";"0";"CHEMBL677439";"Binding affinity against human Endothelin B receptor in transfected COS 7 cell membrane preparation";"B";"BAO_0000219";"cell-based format";"None";"None";"None";"COS 7";"None";"";"";"";"CHEMBL1785";"Endothelin receptor ET-B";"Homo sapiens";"SINGLE PROTEIN";"CHEMBL1129771";"1";"Scientific Literature";"Bioorg Med Chem Lett";"1996";"None";"";"";"";"3.4"
"CHEMBL267094";"";"None";"420.85";"0";"4.47";"2";"O=C1OC(O)(c2ccc(Cl)cc2)C(Cc2ccccc2)=C1c1ccc2c(c1)OCO2";"IC50";"";"";"nM";"";"";"Not Active";"UO_0000065";"";"";"";"";"0";"CHEMBL670647";"Inhibition of Endothelin B receptor mediated (ET-3) release of arachidonic acid from human cloned receptors / CHO-K1 cells; In active";"B";"BAO_0000219";"cell-based format";"None";"None";"None";"CHO-K1";"None";"";"";"";"CHEMBL1785";"Endothelin receptor ET-B";"Homo sapiens";"SINGLE PROTEIN";"CHEMBL1129982";"1";"Scientific Literature";"J Med Chem";"1997";"CHEMBL3307512";"";"";"";""
"CHEMBL332387";"";"None";"532.59";"1";"4.47";"24";"CCc1cccc(OC)c1NC(=O)CN1C[C@H](c2ccc3c(c2)OCO3)[C@@H](C(=O)O)[C@@H]1c1ccc(OC)cc1";"IC50";"'='";"5.8";"nM";"8.24";"";"";"UO_0000065";"15.47";"0.29";"3.77";"7.73";"0";"CHEMBL670478";"Binding affinity towards human Endothelin B receptor (hET -B)";"B";"BAO_0000357";"single protein format";"None";"None";"None";"None";"None";"";"";"";"CHEMBL1785";"Endothelin receptor ET-B";"Homo sapiens";"SINGLE PROTEIN";"CHEMBL1132381";"1";"Scientific Literature";"J Med Chem";"1999";"None";"";"";"";"5.8"
"CHEMBL103969";"";"None";"360.41";"0";"4.50";"14";"COC(=O)C(c1ccc2c(c1)OCO2)C(c1ccccc1)c1ccccc1";"IC50";"";"";"nM";"";"";"Not Active";"UO_0000065";"";"";"";"";"0";"CHEMBL670637";"Inhibition of binding of [125I]ET1 to cloned human Endothelin B receptor expressed in CHO-K1 cells up to 200 uM; non significant";"B";"BAO_0000219";"cell-based format";"None";"None";"None";"CHO-K1";"None";"";"";"";"CHEMBL1785";"Endothelin receptor ET-B";"Homo sapiens";"SINGLE PROTEIN";"CHEMBL1128950";"1";"Scientific Literature";"Bioorg Med Chem Lett";"1996";"CHEMBL3307512";"";"";"";""
"CHEMBL78563";"";"None";"360.23";"0";"2.90";"23b";"CNc1ccc(C)cc1S(=O)(=O)Nc1onc(C)c1Br";"IC50";"'='";"930.0";"nM";"6.03";"";"";"UO_0000065";"16.74";"0.41";"3.13";"7.16";"0";"CHEMBL677439";"Binding affinity against human Endothelin B receptor in transfected COS 7 cell membrane preparation";"B";"BAO_0000219";"cell-based format";"None";"None";"None";"COS 7";"None";"";"";"";"CHEMBL1785";"Endothelin receptor ET-B";"Homo sapiens";"SINGLE PROTEIN";"CHEMBL1129771";"1";"Scientific Literature";"Bioorg Med Chem Lett";"1996";"None";"";"";"";"0.93"
"CHEMBL80438";"";"None";"351.61";"0";"3.20";"5b";"Cc1noc(NS(=O)(=O)c2ccccc2Cl)c1Br";"IC50";"'='";"37000.0";"nM";"4.43";"";"";"UO_0000065";"12.60";"0.34";"1.23";"6.14";"0";"CHEMBL677439";"Binding affinity against human Endothelin B receptor in transfected COS 7 cell membrane preparation";"B";"BAO_0000219";"cell-based format";"None";"None";"None";"COS 7";"None";"";"";"";"CHEMBL1785";"Endothelin receptor ET-B";"Homo sapiens";"SINGLE PROTEIN";"CHEMBL1129771";"1";"Scientific Literature";"Bioorg Med Chem Lett";"1996";"None";"";"";"";"37.0"
"CHEMBL173721";"";"None";"497.57";"0";"3.75";"35";"COc1ccccc1Oc1c(NS(=O)(=O)c2ccc(C(C)(C)C)cc2)ncnc1OCC#CCO";"IC50";"'='";"744.0";"nM";"6.13";"";"";"UO_0000065";"12.32";"0.24";"2.38";"5.11";"0";"CHEMBL670645";"In vitro inhibitory concentration required against [125I]ET1 binding to membranes of CHO cells expressing human ETB receptor";"B";"BAO_0000219";"cell-based format";"None";"None";"None";"CHO";"None";"";"";"";"CHEMBL1785";"Endothelin receptor ET-B";"Homo sapiens";"SINGLE PROTEIN";"CHEMBL1136632";"1";"Scientific Literature";"Bioorg Med Chem Lett";"2003";"CHEMBL3308072";"";"";"";"744.0"
"CHEMBL94964";"";"None";"500.52";"1";"1.52";"rac-39j";"Cc1cc(C)nc(O[C@H](C(=O)O)[C@@]2(c3ccccc3)NCC(=O)N(Cc3nn[nH]n3)c3ccccc32)n1";"IC50";"'='";"65.6";"nM";"7.18";"";"";"UO_0000065";"";"";"";"";"0";"CHEMBL670641";"Antagonist activity towards human recombinant Endothelin B receptor expressed in chinese hamster ovary (CHO) cells determined using [125I]ET1 as radioligand";"F";"BAO_0000219";"cell-based format";"None";"None";"None";"CHO";"None";"";"";"";"CHEMBL1785";"Endothelin receptor ET-B";"Homo sapiens";"SINGLE PROTEIN";"CHEMBL1149183";"1";"Scientific Literature";"J Med Chem";"2004";"CHEMBL3308072";"";"";"";"65.6"
"CHEMBL177546";"";"None";"538.65";"2";"5.05";"16f";"Cc1oc([C@@H](Cc2cn(C)c3ccccc23)NC(=O)[C@H](CC(C)C)OC(=O)NC2CCCCC2)nc1C(=O)O";"IC50";"'='";"48000.0";"nM";"4.32";"";"";"UO_0000065";"8.02";"0.15";"-0.73";"3.18";"0";"CHEMBL670653";"Inhibitory activity was evaluated against human Endothelin B receptor";"B";"BAO_0000357";"single protein format";"None";"None";"None";"None";"None";"";"";"";"CHEMBL1785";"Endothelin receptor ET-B";"Homo sapiens";"SINGLE PROTEIN";"CHEMBL1129499";"1";"Scientific Literature";"J Med Chem";"1996";"None";"";"";"";"48.0"
"CHEMBL10151";"";"None";"387.39";"0";"4.73";"18";"COc1ccc(-n2c(C(=O)O)c(-c3ccc4c(c3)OCO4)c3ccccc32)cc1";"IC50";"'>'";"25000.0";"nM";"";"";"";"UO_0000065";"";"";"";"";"0";"CHEMBL670654";"Inhibitory concentration against Endothelin B receptor expressed in CHO-K1 cells";"B";"BAO_0000219";"cell-based format";"None";"None";"None";"CHO-K1";"None";"";"";"";"CHEMBL1785";"Endothelin receptor ET-B";"Homo sapiens";"SINGLE PROTEIN";"CHEMBL1129233";"1";"Scientific Literature";"Bioorg Med Chem Lett";"1996";"CHEMBL3307512";"";"";"";"25.0"
"CHEMBL313801";"";"None";"483.45";"1";"6.17";"22t";"Cc1cc(CCC(C)C)ccc1-c1ccsc1S(=O)(=O)Nc1onc(C)c1Br";"IC50";"'='";"2450.0";"nM";"5.61";"";"";"UO_0000065";"11.61";"0.27";"-0.56";"7.77";"0";"CHEMBL670635";"Compound was tested for binding affinity against Endothelin B receptor";"B";"BAO_0000357";"single protein format";"None";"None";"None";"None";"None";"";"";"";"CHEMBL1785";"Endothelin receptor ET-B";"Homo sapiens";"SINGLE PROTEIN";"CHEMBL1128922";"1";"Scientific Literature";"Bioorg Med Chem Lett";"1996";"None";"";"";"";"2.45"
"CHEMBL91073";"";"None";"413.32";"0";"4.58";"22g";"Cc1ccc(-c2ccsc2S(=O)(=O)Nc2onc(C)c2Br)cc1";"IC50";"'='";"95550.0";"nM";"4.02";"";"";"UO_0000065";"9.73";"0.24";"-0.56";"5.57";"0";"CHEMBL670635";"Compound was tested for binding affinity against Endothelin B receptor";"B";"BAO_0000357";"single protein format";"None";"None";"None";"None";"None";"";"";"";"CHEMBL1785";"Endothelin receptor ET-B";"Homo sapiens";"SINGLE PROTEIN";"CHEMBL1128922";"1";"Scientific Literature";"Bioorg Med Chem Lett";"1996";"None";"";"";"";"95.55"
"CHEMBL62633";"";"None";"487.57";"0";"4.36";"103";"CCCCC1=C(C(=O)NS(C)(=O)=O)C(c2ccc3c(c2)OCO3)Oc2ccc(OC(C)C)cc21";"IC50";"";"";"nM";"";"";"Not Determined";"UO_0000065";"";"";"";"";"0";"CHEMBL670727";"Binding affinity for Endothelin B receptor by inhibiting [125I]-ET-3 binding to cloned pig ET-B receptor expressed in COS-7 cells; not tested";"B";"BAO_0000219";"cell-based format";"Sus scrofa";"None";"None";"COS-7";"None";"";"";"";"CHEMBL1785";"Endothelin receptor ET-B";"Homo sapiens";"SINGLE PROTEIN";"CHEMBL1135409";"1";"Scientific Literature";"J Med Chem";"2002";"CHEMBL3307648";"";"";"";""
"CHEMBL103846";"";"None";"677.70";"3";"5.17";"10";"CCOC(=O)C(NC(=O)OC1(c2ccc(OC)cc2)OC(=O)C(c2ccc3c(c2)OCO3)=C1Cc1cc(OC)c(OC)c(OC)c1)C(C)C";"IC50";"'='";"1300.0";"nM";"5.89";"";"";"UO_0000065";"8.69";"0.16";"0.72";"4.02";"0";"CHEMBL678455";"Binding affinity for human endothelin B receptor expressed in CHO-K1 cells.";"B";"BAO_0000219";"cell-based format";"Homo sapiens";"None";"None";"CHO-K1";"None";"";"";"";"CHEMBL1785";"Endothelin receptor ET-B";"Homo sapiens";"SINGLE PROTEIN";"CHEMBL1129826";"1";"Scientific Literature";"Bioorg Med Chem Lett";"1997";"CHEMBL3307512";"";"";"";"1300.0"
"CHEMBL4100579";"";"None";"565.59";"1";"4.37";"57";"C=CCOc1ccc2c(c1)c(=O)c(Cc1cccc(-c3nnn[nH]3)c1)c(C(=O)O)n2Cc1cc2c(cc1CC)OCO2";"IC50";"'='";"1003.7";"nM";"6.00";"";"";"UO_0000065";"10.61";"0.20";"1.63";"4.24";"0";"CHEMBL4030315";"Antagonist activity at ETB receptor (unknown origin) expressed in HEK293T cells measured after 30 mins by CCF4-AM dye based GeneBlazer FRET assay";"B";"BAO_0000219";"cell-based format";"Homo sapiens";"None";"None";"None";"None";"";"";"";"CHEMBL1785";"Endothelin receptor ET-B";"Homo sapiens";"SINGLE PROTEIN";"CHEMBL4028842";"1";"Scientific Literature";"Bioorg Med Chem Lett";"2017";"None";"";"";"";"1003.7"
"CHEMBL103001";"";"None";"403.43";"0";"4.11";"2a";"COc1ccc([C@@H]2c3nc(C)ccc3[C@H](c3ccc4c(c3)OCO4)[C@H]2C(=O)O)cc1";"IC50";"'='";"100.0";"nM";"7.00";"";"";"UO_0000065";"17.35";"0.32";"2.89";"8.99";"0";"CHEMBL670652";"Inhibitory activity against I-labeled ET-1 binding to Endothelin B receptor";"B";"BAO_0000357";"single protein format";"None";"None";"None";"None";"None";"";"";"";"CHEMBL1785";"Endothelin receptor ET-B";"Homo sapiens";"SINGLE PROTEIN";"CHEMBL1134926";"1";"Scientific Literature";"Bioorg Med Chem Lett";"2002";"None";"";"";"";"100.0"
"CHEMBL279419";"";"None";"702.90";"2";"7.23";"12";"CCCc1cc(Cn2c(CC)nc3c(C)cc(C)nc32)ccc1OC(C(=O)NS(=O)(=O)c1ccc(CC(C)C)s1)c1ccc2c(c1)OCO2";"IC50";"'='";"90.0";"nM";"7.05";"";"";"UO_0000065";"10.02";"0.20";"-0.18";"5.79";"0";"CHEMBL670656";"Inhibition of human endothelin B (ETB) receptor expressed in CHO cells";"B";"BAO_0000219";"cell-based format";"Homo sapiens";"None";"None";"CHO";"None";"";"";"";"CHEMBL1785";"Endothelin receptor ET-B";"Homo sapiens";"SINGLE PROTEIN";"CHEMBL1128156";"1";"Scientific Literature";"Bioorg Med Chem Lett";"1995";"CHEMBL3308072";"";"";"";"0.09"
"CHEMBL156404";"";"None";"485.49";"1";"5.19";"7o";"COc1ccc(-c2c(C(=O)O)c(=O)n(Cc3ccccc3OC)c3c2oc2ccccc23)c(OC)c1";"IC50";"'='";"430.0";"nM";"6.37";"";"";"UO_0000065";"13.11";"0.24";"1.18";"6.36";"0";"CHEMBL673047";"Ability to displace [125I]endothelin-1 from endothelin B receptor in porcine kidney membranes";"B";"BAO_0000249";"cell membrane format";"Sus scrofa";"CHEMBL3638241";"Kidney";"None";"Membrane";"";"";"";"CHEMBL1785";"Endothelin receptor ET-B";"Homo sapiens";"SINGLE PROTEIN";"CHEMBL1132506";"1";"Scientific Literature";"Bioorg Med Chem Lett";"1999";"None";"";"";"";"0.43"
"CHEMBL297215";"";"None";"500.94";"1";"2.87";"8";"COc1cc(OC)c(NC(=O)c2sccc2S(=O)(=O)Nc2onc(C)c2Cl)c(C(N)=O)c1";"IC50";"'='";"61000.0";"nM";"4.21";"";"";"UO_0000065";"8.41";"0.18";"1.34";"2.59";"0";"CHEMBL670643";"In vitro inhibition of endothelin binding to human Endothelin B receptor using [125I]-labeled ET-1 competition assay";"B";"BAO_0000357";"single protein format";"None";"None";"None";"None";"None";"";"";"";"CHEMBL1785";"Endothelin receptor ET-B";"Homo sapiens";"SINGLE PROTEIN";"CHEMBL1130042";"1";"Scientific Literature";"J Med Chem";"1997";"None";"";"";"";"61000.0"
"CHEMBL78080";"";"None";"317.16";"0";"2.55";"25a";"Cc1noc(NS(=O)(=O)c2ccccc2)c1Br";"IC50";"'>'";"100000.0";"nM";"";"";"";"UO_0000065";"";"";"";"";"0";"CHEMBL670635";"Compound was tested for binding affinity against Endothelin B receptor";"B";"BAO_0000357";"single protein format";"None";"None";"None";"None";"None";"";"";"";"CHEMBL1785";"Endothelin receptor ET-B";"Homo sapiens";"SINGLE PROTEIN";"CHEMBL1128922";"1";"Scientific Literature";"Bioorg Med Chem Lett";"1996";"None";"";"";"";"100.0"
"CHEMBL433039";"";"None";"448.47";"1";"5.33";"Id";"O=C1c2ccccc2[C@@H]2[C@H](C(=O)O)[C@H](C(=O)O)[C@@H]2c2ccc(-c3cccc4ccccc34)cc21";"IC50";"'='";"300.0";"nM";"6.52";"";"";"UO_0000065";"14.54";"0.26";"1.19";"7.12";"0";"CHEMBL677448";"Binding affinity towards cloned human ETB receptor";"B";"BAO_0000357";"single protein format";"None";"None";"None";"None";"None";"";"";"";"CHEMBL1785";"Endothelin receptor ET-B";"Homo sapiens";"SINGLE PROTEIN";"CHEMBL1128758";"1";"Scientific Literature";"Bioorg Med Chem Lett";"1995";"None";"";"";"";"300.0"
"CHEMBL369003";"";"None";"504.53";"1";"3.25";"57";"C#CCOc1nc(-c2ncccn2)nc(NS(=O)(=O)c2ccc(C)cn2)c1Oc1ccccc1OC";"IC50";"'>'";"10000.0";"nM";"";"";"";"UO_0000065";"";"";"";"";"0";"CHEMBL670645";"In vitro inhibitory concentration required against [125I]ET1 binding to membranes of CHO cells expressing human ETB receptor";"B";"BAO_0000219";"cell-based format";"None";"None";"None";"CHO";"None";"";"";"";"CHEMBL1785";"Endothelin receptor ET-B";"Homo sapiens";"SINGLE PROTEIN";"CHEMBL1136632";"1";"Scientific Literature";"Bioorg Med Chem Lett";"2003";"CHEMBL3308072";"";"";"";"10000.0"
"CHEMBL328073";"";"None";"544.65";"1";"4.55";"rac-69";"COc1ccc(CN2C(=O)CN[C@](C3CCCCC3)([C@H](Oc3nc(C)cc(C)n3)C(=O)O)c3ccccc32)cc1";"IC50";"'='";"105.0";"nM";"6.98";"";"";"UO_0000065";"";"";"";"";"0";"CHEMBL670641";"Antagonist activity towards human recombinant Endothelin B receptor expressed in chinese hamster ovary (CHO) cells determined using [125I]ET1 as radioligand";"F";"BAO_0000219";"cell-based format";"None";"None";"None";"CHO";"None";"";"";"";"CHEMBL1785";"Endothelin receptor ET-B";"Homo sapiens";"SINGLE PROTEIN";"CHEMBL1149183";"1";"Scientific Literature";"J Med Chem";"2004";"CHEMBL3308072";"";"";"";"105.0"
"CHEMBL94752";"";"None";"528.65";"1";"4.78";"rac-39e";"Cc1cc(C)nc(O[C@H](C(=O)O)[C@@]2(c3ccccc3)NCC(=O)N(CCC3CCCCC3)c3ccccc32)n1";"IC50";"'='";"153.0";"nM";"6.82";"";"";"UO_0000065";"";"";"";"";"0";"CHEMBL670641";"Antagonist activity towards human recombinant Endothelin B receptor expressed in chinese hamster ovary (CHO) cells determined using [125I]ET1 as radioligand";"F";"BAO_0000219";"cell-based format";"None";"None";"None";"CHO";"None";"";"";"";"CHEMBL1785";"Endothelin receptor ET-B";"Homo sapiens";"SINGLE PROTEIN";"CHEMBL1149183";"1";"Scientific Literature";"J Med Chem";"2004";"CHEMBL3308072";"";"";"";"153.0"
"CHEMBL94446";"";"None";"584.68";"2";"5.67";"rac-39ak";"Cc1cc(C)nc(O[C@H](C(=O)O)[C@@]2(c3ccccc3)NCC(=O)N(Cc3ccc(-c4ccccc4)cc3)c3ccccc32)n1";"IC50";"'='";"534.0";"nM";"6.27";"";"";"UO_0000065";"";"";"";"";"0";"CHEMBL670641";"Antagonist activity towards human recombinant Endothelin B receptor expressed in chinese hamster ovary (CHO) cells determined using [125I]ET1 as radioligand";"F";"BAO_0000219";"cell-based format";"None";"None";"None";"CHO";"None";"";"";"";"CHEMBL1785";"Endothelin receptor ET-B";"Homo sapiens";"SINGLE PROTEIN";"CHEMBL1149183";"1";"Scientific Literature";"J Med Chem";"2004";"CHEMBL3308072";"";"";"";"534.0"
"CHEMBL47383";"";"None";"484.94";"0";"3.67";"21";"Cc1noc(NS(=O)(=O)c2ccsc2C2(Cc3ccc4c(c3)OCO4)OCCO2)c1Cl";"IC50";"'='";"2100.0";"nM";"5.68";"";"";"UO_0000065";"11.71";"0.25";"2.01";"5.20";"0";"CHEMBL670644";"In vitro inhibition of endothelin binding to human Endothelin B receptor using [125I]-labeled ET-1 competition assay";"B";"BAO_0000357";"single protein format";"None";"None";"None";"None";"None";"";"";"";"CHEMBL1785";"Endothelin receptor ET-B";"Homo sapiens";"SINGLE PROTEIN";"CHEMBL1130344";"1";"Scientific Literature";"J Med Chem";"1997";"None";"";"";"";"2100.0"
"CHEMBL283136";"";"None";"486.33";"0";"3.59";"1";"Cc1noc(NS(=O)(=O)c2ccsc2C(=O)Nc2ccc3c(c2)OCO3)c1Br";"IC50";"'='";"10100.0";"nM";"5.00";"";"";"UO_0000065";"10.27";"0.24";"1.41";"4.17";"0";"CHEMBL670644";"In vitro inhibition of endothelin binding to human Endothelin B receptor using [125I]-labeled ET-1 competition assay";"B";"BAO_0000357";"single protein format";"None";"None";"None";"None";"None";"";"";"";"CHEMBL1785";"Endothelin receptor ET-B";"Homo sapiens";"SINGLE PROTEIN";"CHEMBL1130344";"1";"Scientific Literature";"J Med Chem";"1997";"None";"";"";"";"10100.0"
"CHEMBL48448";"";"None";"579.92";"0";"3.72";"29";"Cc1noc(NS(=O)(=O)c2ccsc2C(=O)C(C#N)c2ccc3c(c2)OCO3)c1Cl.O=C(O)C(F)(F)F";"IC50";"'='";"27300.0";"nM";"4.56";"";"";"UO_0000065";"9.80";"0.21";"0.84";"3.47";"0";"CHEMBL670644";"In vitro inhibition of endothelin binding to human Endothelin B receptor using [125I]-labeled ET-1 competition assay";"B";"BAO_0000357";"single protein format";"None";"None";"None";"None";"None";"";"";"";"CHEMBL1785";"Endothelin receptor ET-B";"Homo sapiens";"SINGLE PROTEIN";"CHEMBL1130344";"1";"Scientific Literature";"J Med Chem";"1997";"None";"";"";"";"27300.0"
"CHEMBL278114";"";"None";"411.89";"0";"4.06";"5u";"Cc1ccc(NC(=O)c2sccc2S(=O)(=O)Nc2onc(C)c2Cl)cc1";"IC50";"'='";"14100.0";"nM";"4.85";"";"";"UO_0000065";"11.78";"0.25";"0.79";"4.79";"1";"CHEMBL670643";"In vitro inhibition of endothelin binding to human Endothelin B receptor using [125I]-labeled ET-1 competition assay";"B";"BAO_0000357";"single protein format";"None";"None";"None";"None";"None";"";"";"";"CHEMBL1785";"Endothelin receptor ET-B";"Homo sapiens";"SINGLE PROTEIN";"CHEMBL1130042";"1";"Scientific Literature";"J Med Chem";"1997";"None";"";"";"";"14100.0"
"CHEMBL177538";"";"None";"619.77";"1";"4.57";"30";"CCCS(=O)(=O)NCCCOc1nc(C2CC2)nc(NS(=O)(=O)c2ccc(C(C)C)cn2)c1Oc1ccccc1OC";"IC50";"'='";"15.0";"nM";"7.82";"";"";"UO_0000065";"12.62";"0.25";"3.25";"4.93";"0";"CHEMBL670655";"Inhibitory concentration required against [125I]ET1 binding to membranes of CHO cells expressing human ETB receptor";"B";"BAO_0000219";"cell-based format";"None";"None";"None";"CHO";"None";"";"";"";"CHEMBL1785";"Endothelin receptor ET-B";"Homo sapiens";"SINGLE PROTEIN";"CHEMBL1136631";"1";"Scientific Literature";"Bioorg Med Chem Lett";"2003";"CHEMBL3308072";"";"";"";"15.0"
"CHEMBL110904";"";"None";"486.65";"1";"5.06";"8p";"C/C=C(\C)CC[C@H]1[C@H](C(=O)O)[C@@H](c2ccc3c(c2)OCO3)CN1CC(=O)N(CCCC)CCCC";"IC50";"'='";"48000.0";"nM";"4.32";"";"";"UO_0000065";"8.87";"0.17";"-0.74";"5.45";"0";"CHEMBL670729";"Binding affinity for endothelin B receptor by measuring its ability to displace [125I]-ET-3 from porcine cerebellar tissue";"B";"BAO_0000357";"single protein format";"Sus scrofa";"None";"None";"None";"None";"";"";"";"CHEMBL1785";"Endothelin receptor ET-B";"Homo sapiens";"SINGLE PROTEIN";"CHEMBL1131628";"1";"Scientific Literature";"J Med Chem";"1998";"None";"";"";"";"48000.0"
"CHEMBL286621";"";"None";"520.58";"1";"3.51";"2r (diastereomer)";"COc1ccc([C@@H]2c3nc(NC(C)C)ccc3[C@H](c3ccc4c(c3)OCO4)[C@H]2C(=O)O)c(CC(O)CO)c1";"IC50";"'='";"6.0";"nM";"8.22";"";"";"UO_0000065";"15.79";"0.30";"4.71";"6.31";"0";"CHEMBL670651";"Inhibitory activity against [125I]ET1 binding to human endothelin B receptor";"B";"BAO_0000357";"single protein format";"None";"None";"None";"None";"None";"";"";"";"CHEMBL1785";"Endothelin receptor ET-B";"Homo sapiens";"SINGLE PROTEIN";"CHEMBL1147633";"1";"Scientific Literature";"Bioorg Med Chem Lett";"2004";"None";"";"";"";"6.0"
"CHEMBL332093";"";"None";"544.65";"2";"5.05";"23";"CCc1cccc(CC)c1N(C)C(=O)CN1C[C@H](c2ccc3c(c2)OCO3)[C@@H](C(=O)O)[C@@H]1c1ccc(OC)cc1";"IC50";"'='";"600.0";"nM";"6.22";"";"";"UO_0000065";"11.42";"0.21";"1.17";"7.03";"0";"CHEMBL670478";"Binding affinity towards human Endothelin B receptor (hET -B)";"B";"BAO_0000357";"single protein format";"None";"None";"None";"None";"None";"";"";"";"CHEMBL1785";"Endothelin receptor ET-B";"Homo sapiens";"SINGLE PROTEIN";"CHEMBL1132381";"1";"Scientific Literature";"J Med Chem";"1999";"None";"";"";"";"600.0"
"CHEMBL29147";"";"None";"583.62";"2";"6.58";"18";"COc1cc2c(Sc3ccc4c(c3)OCO4)c(C(=O)O)n(Cc3ccc4c(c3)OCO4)c2cc1OCc1ccccc1";"IC50";"'='";"490.0";"nM";"6.31";"";"";"UO_0000065";"10.81";"0.21";"-0.27";"6.46";"0";"CHEMBL670634";"Affinity for human endothelin B receptor expressed in CHO-K1 cells.";"B";"BAO_0000219";"cell-based format";"None";"None";"None";"CHO-K1";"None";"";"";"";"CHEMBL1785";"Endothelin receptor ET-B";"Homo sapiens";"SINGLE PROTEIN";"CHEMBL1129097";"1";"Scientific Literature";"Bioorg Med Chem Lett";"1996";"CHEMBL3307512";"";"";"";"0.49"
"CHEMBL304406";"";"None";"443.30";"0";"3.83";"7g";"Cc1noc(NS(=O)(=O)c2ccsc2C(=O)Oc2ccccc2)c1Br";"IC50";"'>'";"100000.0";"nM";"";"";"";"UO_0000065";"";"";"";"";"0";"CHEMBL670640";"In vitro binding affinity in a radioligand binding experiment by competition with [125I]-labeled endothelin-1 for ETB receptor";"B";"BAO_0000357";"single protein format";"None";"None";"None";"None";"None";"";"";"";"CHEMBL1785";"Endothelin receptor ET-B";"Homo sapiens";"SINGLE PROTEIN";"CHEMBL1130505";"1";"Scientific Literature";"Bioorg Med Chem Lett";"1997";"None";"";"";"";"100.0"
"CHEMBL10951";"";"None";"416.47";"0";"4.41";"18";"COc1ccc(CC2=C(c3ccc(C)cc3)C(=O)OC2(O)c2ccc(OC)cc2)cc1";"IC50";"'>'";"2500.0";"nM";"";"";"";"UO_0000065";"";"";"";"";"0";"CHEMBL677440";"Binding affinity against human cloned Endothelin B receptor expressed in CHO-K1 cells";"B";"BAO_0000219";"cell-based format";"None";"None";"None";"CHO-K1";"None";"";"";"";"CHEMBL1785";"Endothelin receptor ET-B";"Homo sapiens";"SINGLE PROTEIN";"CHEMBL1129982";"1";"Scientific Literature";"J Med Chem";"1997";"CHEMBL3307512";"";"";"";"2500.0"
"CHEMBL216082";"";"None";"956.20";"3";"5.94";"16";"CC[C@H](C)[C@H](NC(=O)[C@H](Cc1ccccc1)NC(=O)[C@H](CC(C)C)NC(=O)[C@@H](NC(C)=O)C(c1ccccc1)c1ccccc1)C(=O)N[C@H](C(=O)N[C@@H](Cc1c[nH]c2ccccc12)C(=O)O)[C@@H](C)CC";"IC50";"'>'";"1600.0";"nM";"";"";"";"UO_0000065";"";"";"";"";"0";"CHEMBL677445";"Binding affinity measured in CHO cells stably transfected with the human endothelin B receptor";"B";"BAO_0000219";"cell-based format";"Homo sapiens";"None";"None";"CHO";"None";"";"";"";"CHEMBL1785";"Endothelin receptor ET-B";"Homo sapiens";"SINGLE PROTEIN";"CHEMBL1128478";"1";"Scientific Literature";"J Med Chem";"1995";"CHEMBL3308072";"";"";"";"1.6"
"CHEMBL1272299";"";"None";"543.57";"2";"5.12";"2d";"CCc1cc2c(cc1Cn1c(C(=O)O)c(Cc3cccc(C(=O)O)c3)c(=O)c3cc(OC(C)C)ccc31)OCO2";"IC50";"'='";"677.0";"nM";"6.17";"";"";"UO_0000065";"11.35";"0.21";"1.05";"4.96";"0";"CHEMBL1272363";"Displacement of [125I]ET1 from human ETB receptor expressed in membranes";"B";"BAO_0000019";"assay format";"Homo sapiens";"None";"None";"None";"None";"";"";"";"CHEMBL1785";"Endothelin receptor ET-B";"Homo sapiens";"SINGLE PROTEIN";"CHEMBL1268959";"1";"Scientific Literature";"Bioorg Med Chem Lett";"2010";"None";"";"";"";"677.0"
"CHEMBL331625";"";"None";"574.67";"2";"5.05";"39";"CCc1cccc(CC)c1NC(=O)CN1C[C@H](c2ccc3c(c2)OCO3)[C@@H](C(=O)O)[C@@H]1c1ccc(OCCOC)cc1";"IC50";"'='";"1.1";"nM";"8.96";"";"";"UO_0000065";"15.59";"0.29";"3.91";"8.41";"0";"CHEMBL670478";"Binding affinity towards human Endothelin B receptor (hET -B)";"B";"BAO_0000357";"single protein format";"None";"None";"None";"None";"None";"";"";"";"CHEMBL1785";"Endothelin receptor ET-B";"Homo sapiens";"SINGLE PROTEIN";"CHEMBL1132381";"1";"Scientific Literature";"J Med Chem";"1999";"None";"";"";"";"1.1"
"CHEMBL102773";"";"None";"417.46";"0";"4.36";"2b";"CCc1ccc2c(n1)[C@@H](c1ccc(OC)cc1)[C@H](C(=O)O)[C@H]2c1ccc2c(c1)OCO2";"IC50";"'='";"87.0";"nM";"7.06";"";"";"UO_0000065";"16.91";"0.31";"2.70";"9.07";"0";"CHEMBL670652";"Inhibitory activity against I-labeled ET-1 binding to Endothelin B receptor";"B";"BAO_0000357";"single protein format";"None";"None";"None";"None";"None";"";"";"";"CHEMBL1785";"Endothelin receptor ET-B";"Homo sapiens";"SINGLE PROTEIN";"CHEMBL1134926";"1";"Scientific Literature";"Bioorg Med Chem Lett";"2002";"None";"";"";"";"87.0"
"CHEMBL139734";"";"None";"665.77";"2";"6.43";"32";"COc1ccccc1Oc1c(NS(=O)(=O)c2ccc(C(C)(C)C)cc2)nc(-c2ncccn2)nc1OCC#CCOCc1ccccc1";"IC50";"'='";"199.0";"nM";"6.70";"";"";"UO_0000065";"10.07";"0.19";"0.27";"4.98";"0";"CHEMBL670645";"In vitro inhibitory concentration required against [125I]ET1 binding to membranes of CHO cells expressing human ETB receptor";"B";"BAO_0000219";"cell-based format";"None";"None";"None";"CHO";"None";"";"";"";"CHEMBL1785";"Endothelin receptor ET-B";"Homo sapiens";"SINGLE PROTEIN";"CHEMBL1136632";"1";"Scientific Literature";"Bioorg Med Chem Lett";"2003";"CHEMBL3308072";"";"";"";"199.0"
"CHEMBL112777";"";"None";"502.70";"2";"5.53";"8d";"CCCCN(CCCC)C(=O)CN1C[C@H](c2ccc3c(c2)OCO3)[C@@H](C(=O)O)[C@@H]1C(C)(C)CCCC";"IC50";"'='";"36000.0";"nM";"4.44";"";"";"UO_0000065";"8.84";"0.17";"-1.09";"5.60";"0";"CHEMBL670729";"Binding affinity for endothelin B receptor by measuring its ability to displace [125I]-ET-3 from porcine cerebellar tissue";"B";"BAO_0000357";"single protein format";"Sus scrofa";"None";"None";"None";"None";"";"";"";"CHEMBL1785";"Endothelin receptor ET-B";"Homo sapiens";"SINGLE PROTEIN";"CHEMBL1131628";"1";"Scientific Literature";"J Med Chem";"1998";"None";"";"";"";"36000.0"
"CHEMBL276949";"";"None";"710.86";"3";"5.64";"18";"COc1ccccc1Oc1c(NS(=O)(=O)c2ccc(C(C)(C)C)cc2)nc(-c2ncccn2)nc1OCCCNS(=O)(=O)c1cccs1";"IC50";"'='";"4.0";"nM";"8.40";"";"";"UO_0000065";"11.81";"0.24";"2.76";"4.89";"0";"CHEMBL670655";"Inhibitory concentration required against [125I]ET1 binding to membranes of CHO cells expressing human ETB receptor";"B";"BAO_0000219";"cell-based format";"None";"None";"None";"CHO";"None";"";"";"";"CHEMBL1785";"Endothelin receptor ET-B";"Homo sapiens";"SINGLE PROTEIN";"CHEMBL1136631";"1";"Scientific Literature";"Bioorg Med Chem Lett";"2003";"CHEMBL3308072";"";"";"";"4.0"
"CHEMBL28920";"";"None";"537.55";"2";"5.02";"20";"COc1cc(Sc2c(C(=O)O)n(Cc3ccc4c(c3)OCO4)c3cc4c(cc23)OCO4)cc(OC)c1OC";"IC50";"'='";"230.0";"nM";"6.64";"";"";"UO_0000065";"12.35";"0.24";"1.62";"6.21";"0";"CHEMBL670634";"Affinity for human endothelin B receptor expressed in CHO-K1 cells.";"B";"BAO_0000219";"cell-based format";"None";"None";"None";"CHO-K1";"None";"";"";"";"CHEMBL1785";"Endothelin receptor ET-B";"Homo sapiens";"SINGLE PROTEIN";"CHEMBL1129097";"1";"Scientific Literature";"Bioorg Med Chem Lett";"1996";"CHEMBL3307512";"";"";"";"0.23"
"CHEMBL441006";"";"None";"1124.27";"None";"None";"6";"CC(=O)[C@H](Cc1c[nH]c2ccccc12)N[C@@H](Cc1ccccc1)C(=O)N[C@@H](Cc1ccccc1)C(=O)N[C@@H](CC(N)=O)C(=O)N[C@@H](Cc1ccc(O)cc1)C(=O)N[C@@H](Cc1ccc(O)cc1)C(=O)N[C@@H](Cc1c[nH]c2ccccc12)C(=O)O";"IC50";"'='";"14000.0";"nM";"4.85";"";"";"UO_0000065";"4.32";"None";"None";"None";"0";"CHEMBL677272";"Binding affinity in Chinese hamster ovary (CHO) cells stably transfected with human endothelin B (ETB) receptor";"B";"BAO_0000219";"cell-based format";"Homo sapiens";"None";"None";"CHO";"None";"";"";"";"CHEMBL1785";"Endothelin receptor ET-B";"Homo sapiens";"SINGLE PROTEIN";"CHEMBL1152094";"1";"Scientific Literature";"Bioorg Med Chem Lett";"1995";"CHEMBL3308072";"";"";"";"14.0"
"CHEMBL68557";"";"None";"489.51";"0";"4.81";"3b";"COc1cc2c(-c3ccc4c(c3)OCO4)c(C(=O)O)n(Cc3ccc4nsnc4c3)c2cc1OC";"IC50";"'='";"1600.0";"nM";"5.80";"";"";"UO_0000065";"11.84";"0.23";"0.99";"5.52";"0";"CHEMBL670730";"Inhibition of [125I]ET1 binding to porcine kidney inner medulla membrane Endothelin B receptor";"B";"BAO_0000019";"assay format";"Sus scrofa";"None";"None";"None";"None";"";"";"";"CHEMBL1785";"Endothelin receptor ET-B";"Homo sapiens";"SINGLE PROTEIN";"CHEMBL1130971";"1";"Scientific Literature";"Bioorg Med Chem Lett";"1998";"None";"";"";"";"1600.0"
"CHEMBL176675";"";"None";"583.48";"2";"5.20";"33f";"Cc1noc(NS(=O)(=O)c2sccc2/C=C/c2cc3c(cc2COC2CCOCC2)OCO3)c1Br";"IC50";"'='";"4135.0";"nM";"5.38";"";"";"UO_0000065";"9.23";"0.21";"0.18";"4.93";"0";"CHEMBL678457";"Inhibition of human Endothelin B receptor using I-ET-1 as radioligand in a competitive radioligand assay";"B";"BAO_0000357";"single protein format";"None";"None";"None";"None";"None";"";"";"";"CHEMBL1785";"Endothelin receptor ET-B";"Homo sapiens";"SINGLE PROTEIN";"CHEMBL1129901";"1";"Scientific Literature";"Bioorg Med Chem Lett";"1997";"None";"";"";"";"4.135"
"CHEMBL9588";"";"None";"417.42";"0";"4.74";"19";"COc1ccc(-n2c(C(=O)O)c(-c3ccc4c(c3)OCO4)c3cc(OC)ccc32)cc1";"IC50";"'>'";"25000.0";"nM";"";"";"";"UO_0000065";"";"";"";"";"0";"CHEMBL670654";"Inhibitory concentration against Endothelin B receptor expressed in CHO-K1 cells";"B";"BAO_0000219";"cell-based format";"None";"None";"None";"CHO-K1";"None";"";"";"";"CHEMBL1785";"Endothelin receptor ET-B";"Homo sapiens";"SINGLE PROTEIN";"CHEMBL1129233";"1";"Scientific Literature";"Bioorg Med Chem Lett";"1996";"CHEMBL3307512";"";"";"";"25.0"
"CHEMBL417246";"";"None";"521.53";"2";"6.09";"28";"O=C(O)c1c(-c2ccc3c(c2)OCO3)c2cc(OCc3ccccc3)ccc2n1Cc1ccc2c(c1)OCO2";"IC50";"'='";"2500.0";"nM";"5.60";"";"";"UO_0000065";"10.74";"0.20";"-0.49";"6.34";"0";"CHEMBL670654";"Inhibitory concentration against Endothelin B receptor expressed in CHO-K1 cells";"B";"BAO_0000219";"cell-based format";"None";"None";"None";"CHO-K1";"None";"";"";"";"CHEMBL1785";"Endothelin receptor ET-B";"Homo sapiens";"SINGLE PROTEIN";"CHEMBL1129233";"1";"Scientific Literature";"Bioorg Med Chem Lett";"1996";"CHEMBL3307512";"";"";"";"2.5"
"CHEMBL366805";"";"None";"535.69";"1";"4.81";"15g";"Cc1[nH]c([C@@H](Cc2cn(C)c3ccccc23)NC(=O)[C@@H](CC(=O)NC2CCCCC2)CC(C)C)nc1C(=O)O";"IC50";"'>'";"100000.0";"nM";"";"";"";"UO_0000065";"";"";"";"";"0";"CHEMBL670653";"Inhibitory activity was evaluated against human Endothelin B receptor";"B";"BAO_0000357";"single protein format";"None";"None";"None";"None";"None";"";"";"";"CHEMBL1785";"Endothelin receptor ET-B";"Homo sapiens";"SINGLE PROTEIN";"CHEMBL1129499";"1";"Scientific Literature";"J Med Chem";"1996";"None";"";"";"";"100.0"
"CHEMBL2261358";"";"None";"536.56";"1";"3.56";"7";"COc1cc(C)ccc1S(=O)(=O)NC(=O)C(c1ccc2c(c1)OCO2)c1cn(C)c2cc(C(=O)O)ccc12";"IC50";"'='";"650.0";"nM";"6.19";"";"";"UO_0000065";"11.53";"0.22";"2.63";"4.65";"0";"CHEMBL3056375";"Displacement of [I125]ET1 from Homo sapiens (human) ETB receptor expressed in CHO cells";"B";"BAO_0000219";"cell-based format";"Homo sapiens";"None";"None";"CHO";"None";"";"";"";"CHEMBL1785";"Endothelin receptor ET-B";"Homo sapiens";"SINGLE PROTEIN";"CHEMBL3045872";"1";"Scientific Literature";"Med Chem Res";"2004";"CHEMBL3308072";"";"";"";"650.0"
"CHEMBL353502";"";"None";"362.47";"0";"2.88";"3";"C/C=C/C=C/C(=O)O[C@@H]1C=C2COC(O)[C@]2(O)[C@@]2(C)CCCC(C)(C)C12";"IC50";"'='";"70000.0";"nM";"4.16";"";"";"UO_0000065";"11.46";"0.22";"1.27";"5.47";"0";"CHEMBL671538";"Tested for binding affinity towards rabbit Endothelin B receptor";"B";"BAO_0000357";"single protein format";"Oryctolagus cuniculus";"None";"None";"None";"None";"";"";"";"CHEMBL1785";"Endothelin receptor ET-B";"Homo sapiens";"SINGLE PROTEIN";"CHEMBL1133352";"1";"Scientific Literature";"Bioorg Med Chem Lett";"2000";"None";"";"";"";"70.0"
"CHEMBL96125";"";"None";"496.95";"0";"3.70";"rac-5b";"COc1cc(OC)cc(O[C@H](C(=O)O)[C@@]2(c3ccccc3)NCC(=O)N(C)c3ccc(Cl)cc32)c1";"IC50";"'='";"1810.0";"nM";"5.74";"";"";"UO_0000065";"";"";"";"";"0";"CHEMBL670641";"Antagonist activity towards human recombinant Endothelin B receptor expressed in chinese hamster ovary (CHO) cells determined using [125I]ET1 as radioligand";"F";"BAO_0000219";"cell-based format";"None";"None";"None";"CHO";"None";"";"";"";"CHEMBL1785";"Endothelin receptor ET-B";"Homo sapiens";"SINGLE PROTEIN";"CHEMBL1149183";"1";"Scientific Literature";"J Med Chem";"2004";"CHEMBL3308072";"";"";"";"1810.0"
"CHEMBL278930";"";"None";"688.87";"2";"6.98";"7";"CCCc1cc(Cn2c(CC)nc3c(C)cc(C)nc32)cc(CCC)c1OC(C(=O)NS(=O)(=O)c1cccs1)c1ccc2c(c1)OCO2";"IC50";"'='";"540.0";"nM";"6.27";"";"";"UO_0000065";"9.10";"0.18";"-0.71";"5.15";"0";"CHEMBL670656";"Inhibition of human endothelin B (ETB) receptor expressed in CHO cells";"B";"BAO_0000219";"cell-based format";"Homo sapiens";"None";"None";"CHO";"None";"";"";"";"CHEMBL1785";"Endothelin receptor ET-B";"Homo sapiens";"SINGLE PROTEIN";"CHEMBL1128156";"1";"Scientific Literature";"Bioorg Med Chem Lett";"1995";"CHEMBL3308072";"";"";"";"0.54"
"CHEMBL264625";"";"None";"450.52";"0";"2.54";"rac-9f";"CSc1cnc(O[C@H](C(=O)O)[C@@]2(c3ccccc3)NCC(=O)N(C)c3ccccc32)nc1";"IC50";"'>'";"10000.0";"nM";"";"";"";"UO_0000065";"";"";"";"";"0";"CHEMBL670641";"Antagonist activity towards human recombinant Endothelin B receptor expressed in chinese hamster ovary (CHO) cells determined using [125I]ET1 as radioligand";"F";"BAO_0000219";"cell-based format";"None";"None";"None";"CHO";"None";"";"";"";"CHEMBL1785";"Endothelin receptor ET-B";"Homo sapiens";"SINGLE PROTEIN";"CHEMBL1149183";"1";"Scientific Literature";"J Med Chem";"2004";"CHEMBL3308072";"";"";"";"10000.0"
"CHEMBL94580";"";"None";"562.55";"1";"4.42";"rac-39as";"Cc1cc(C)nc(O[C@H](C(=O)O)[C@@]2(c3ccccc3)NCC(=O)N(Cc3c(F)ccc(F)c3F)c3ccccc32)n1";"IC50";"'='";"13.2";"nM";"7.88";"";"";"UO_0000065";"";"";"";"";"0";"CHEMBL670641";"Antagonist activity towards human recombinant Endothelin B receptor expressed in chinese hamster ovary (CHO) cells determined using [125I]ET1 as radioligand";"F";"BAO_0000219";"cell-based format";"None";"None";"None";"CHO";"None";"";"";"";"CHEMBL1785";"Endothelin receptor ET-B";"Homo sapiens";"SINGLE PROTEIN";"CHEMBL1149183";"1";"Scientific Literature";"J Med Chem";"2004";"CHEMBL3308072";"";"";"";"13.2"
"CHEMBL103572";"";"None";"399.45";"1";"5.20";"8";"COC(=O)C(c1ccc2c(c1)OC(C)(C)O2)c1c2ccccc2nc2ccccc12";"IC50";"";"";"nM";"";"";"Not Active";"UO_0000065";"";"";"";"";"0";"CHEMBL670637";"Inhibition of binding of [125I]ET1 to cloned human Endothelin B receptor expressed in CHO-K1 cells up to 200 uM; non significant";"B";"BAO_0000219";"cell-based format";"None";"None";"None";"CHO-K1";"None";"";"";"";"CHEMBL1785";"Endothelin receptor ET-B";"Homo sapiens";"SINGLE PROTEIN";"CHEMBL1128950";"1";"Scientific Literature";"Bioorg Med Chem Lett";"1996";"CHEMBL3307512";"";"";"";""
"CHEMBL70788";"";"None";"607.69";"2";"5.71";"2e";"COc1ccccc1Oc1c(NS(=O)(=O)c2ccc(C(C)(C)C)cc2)nc(C)nc1OCCOC(=O)Nc1cccnc1";"IC50";"'='";"700.0";"nM";"6.16";"";"";"UO_0000065";"10.13";"0.20";"0.44";"4.08";"0";"CHEMBL672256";"Receptor binding affinity was determined against [125I]ET1 with membranes prepared from human placenta for ETB receptor";"B";"BAO_0000019";"assay format";"None";"None";"None";"None";"None";"";"";"";"CHEMBL1785";"Endothelin receptor ET-B";"Homo sapiens";"SINGLE PROTEIN";"CHEMBL1130517";"1";"Scientific Literature";"Bioorg Med Chem Lett";"1997";"None";"";"";"";"0.7"
"CHEMBL268480";"";"None";"476.48";"0";"3.84";"47";"COc1ccc(C2(O)OC(=O)C(c3ccc4c(c3)OCO4)=C2Cc2ccc(OC)c(OC)c2)cc1";"IC50";"'='";"950.0";"nM";"6.02";"";"";"UO_0000065";"12.64";"0.23";"2.18";"6.50";"0";"CHEMBL677440";"Binding affinity against human cloned Endothelin B receptor expressed in CHO-K1 cells";"B";"BAO_0000219";"cell-based format";"None";"None";"None";"CHO-K1";"None";"";"";"";"CHEMBL1785";"Endothelin receptor ET-B";"Homo sapiens";"SINGLE PROTEIN";"CHEMBL1129982";"1";"Scientific Literature";"J Med Chem";"1997";"CHEMBL3307512";"";"";"";"950.0"
"CHEMBL273951";"";"None";"354.36";"0";"2.99";"61";"CCC1=C(c2ccc3c(c2)OCO3)C(=O)OC1(O)c1ccc(OC)cc1";"IC50";"'='";"15000.0";"nM";"4.82";"";"";"UO_0000065";"13.61";"0.25";"1.83";"6.50";"0";"CHEMBL677440";"Binding affinity against human cloned Endothelin B receptor expressed in CHO-K1 cells";"B";"BAO_0000219";"cell-based format";"None";"None";"None";"CHO-K1";"None";"";"";"";"CHEMBL1785";"Endothelin receptor ET-B";"Homo sapiens";"SINGLE PROTEIN";"CHEMBL1129982";"1";"Scientific Literature";"J Med Chem";"1997";"CHEMBL3307512";"";"";"";"15000.0"
"CHEMBL417067";"";"None";"548.59";"2";"5.02";"53";"CCOc1cc(CC2=C(c3ccc4c(c3)OCO4)C(=O)OC2(O)c2ccc(OC)cc2)cc(OCC)c1OCC";"IC50";"'='";"445.0";"nM";"6.35";"";"";"UO_0000065";"11.58";"0.22";"1.33";"6.23";"0";"CHEMBL677440";"Binding affinity against human cloned Endothelin B receptor expressed in CHO-K1 cells";"B";"BAO_0000219";"cell-based format";"None";"None";"None";"CHO-K1";"None";"";"";"";"CHEMBL1785";"Endothelin receptor ET-B";"Homo sapiens";"SINGLE PROTEIN";"CHEMBL1129982";"1";"Scientific Literature";"J Med Chem";"1997";"CHEMBL3307512";"";"";"";"445.0"
"CHEMBL129220";"";"None";"540.66";"1";"4.70";"1e";"CCCCN(CCCC)C(=O)CN1C[C@H](c2ccc3c(c2)OCO3)[C@@H](C(=O)O)[C@@H]1c1ccc(OC)c(OC)c1";"IC50";"'='";"300.0";"nM";"6.52";"";"";"UO_0000065";"12.06";"0.23";"1.82";"6.67";"0";"CHEMBL673048";"Binding affinity against endothelin B receptor in porcine cerebellar tissue";"B";"BAO_0000357";"single protein format";"Sus scrofa";"None";"None";"None";"None";"";"";"";"CHEMBL1785";"Endothelin receptor ET-B";"Homo sapiens";"SINGLE PROTEIN";"CHEMBL1134271";"1";"Scientific Literature";"J Med Chem";"2001";"None";"";"";"";"300.0"
"CHEMBL44321";"";"None";"518.41";"2";"5.53";"5s";"Cc1noc(NS(=O)(=O)c2ccsc2C(=O)Nc2ccc(-c3ccccc3)cc2)c1Br";"IC50";"'='";"8710.0";"nM";"5.06";"";"";"UO_0000065";"9.76";"0.22";"-0.47";"5.00";"0";"CHEMBL670643";"In vitro inhibition of endothelin binding to human Endothelin B receptor using [125I]-labeled ET-1 competition assay";"B";"BAO_0000357";"single protein format";"None";"None";"None";"None";"None";"";"";"";"CHEMBL1785";"Endothelin receptor ET-B";"Homo sapiens";"SINGLE PROTEIN";"CHEMBL1130042";"1";"Scientific Literature";"J Med Chem";"1997";"None";"";"";"";"8710.0"
"CHEMBL47604";"";"None";"501.93";"1";"2.85";"5ff";"Cc1noc(NS(=O)(=O)c2ccsc2C(=O)Nc2cc3c(cc2OCCO)OCO3)c1Cl";"IC50";"'='";"14400.0";"nM";"4.84";"";"";"UO_0000065";"9.65";"0.21";"1.99";"3.24";"0";"CHEMBL670643";"In vitro inhibition of endothelin binding to human Endothelin B receptor using [125I]-labeled ET-1 competition assay";"B";"BAO_0000357";"single protein format";"None";"None";"None";"None";"None";"";"";"";"CHEMBL1785";"Endothelin receptor ET-B";"Homo sapiens";"SINGLE PROTEIN";"CHEMBL1130042";"1";"Scientific Literature";"J Med Chem";"1997";"None";"";"";"";"14400.0"
"CHEMBL10744";"";"None";"432.43";"0";"3.53";"33";"COc1ccc(C2(O)OC(=O)C(c3ccc4c(c3)OCO4)=C2Cc2ccc(O)cc2)cc1";"IC50";"'>'";"250.0";"nM";"";"";"";"UO_0000065";"";"";"";"";"0";"CHEMBL677440";"Binding affinity against human cloned Endothelin B receptor expressed in CHO-K1 cells";"B";"BAO_0000219";"cell-based format";"None";"None";"None";"CHO-K1";"None";"";"";"";"CHEMBL1785";"Endothelin receptor ET-B";"Homo sapiens";"SINGLE PROTEIN";"CHEMBL1129982";"1";"Scientific Literature";"J Med Chem";"1997";"CHEMBL3307512";"";"";"";"250.0"
"CHEMBL10948";"";"None";"459.50";"0";"3.89";"34";"COc1ccc(C2(O)OC(=O)C(c3ccc4c(c3)OCO4)=C2Cc2ccc(N(C)C)cc2)cc1";"IC50";"'='";"1800.0";"nM";"5.75";"";"";"UO_0000065";"12.50";"0.23";"1.85";"7.42";"0";"CHEMBL677440";"Binding affinity against human cloned Endothelin B receptor expressed in CHO-K1 cells";"B";"BAO_0000219";"cell-based format";"None";"None";"None";"CHO-K1";"None";"";"";"";"CHEMBL1785";"Endothelin receptor ET-B";"Homo sapiens";"SINGLE PROTEIN";"CHEMBL1129982";"1";"Scientific Literature";"J Med Chem";"1997";"CHEMBL3307512";"";"";"";"1800.0"
"CHEMBL176664";"";"None";"571.58";"2";"3.04";"62";"C#CCOc1nc(-c2ccnc(-c3nn[nH]n3)c2)nc(NS(=O)(=O)c2ccc(C)cn2)c1Oc1ccccc1OC";"IC50";"'='";"1030.0";"nM";"5.99";"";"";"UO_0000065";"10.47";"0.20";"2.95";"3.33";"0";"CHEMBL670645";"In vitro inhibitory concentration required against [125I]ET1 binding to membranes of CHO cells expressing human ETB receptor";"B";"BAO_0000219";"cell-based format";"None";"None";"None";"CHO";"None";"";"";"";"CHEMBL1785";"Endothelin receptor ET-B";"Homo sapiens";"SINGLE PROTEIN";"CHEMBL1136632";"1";"Scientific Literature";"Bioorg Med Chem Lett";"2003";"CHEMBL3308072";"";"";"";"1030.0"
"CHEMBL417358";"";"None";"456.34";"0";"3.54";"5d";"Cc1noc(NS(=O)(=O)c2ccsc2C(=O)NCc2ccccc2)c1Br";"IC50";"'='";"97700.0";"nM";"4.01";"";"";"UO_0000065";"8.79";"0.21";"0.47";"3.96";"0";"CHEMBL670643";"In vitro inhibition of endothelin binding to human Endothelin B receptor using [125I]-labeled ET-1 competition assay";"B";"BAO_0000357";"single protein format";"None";"None";"None";"None";"None";"";"";"";"CHEMBL1785";"Endothelin receptor ET-B";"Homo sapiens";"SINGLE PROTEIN";"CHEMBL1130042";"1";"Scientific Literature";"J Med Chem";"1997";"None";"";"";"";"97700.0"
"CHEMBL45760";"";"None";"498.42";"1";"5.20";"5p";"CCCCc1ccc(NC(=O)c2sccc2S(=O)(=O)Nc2onc(C)c2Br)cc1";"IC50";"'='";"6170.0";"nM";"5.21";"";"";"UO_0000065";"10.45";"0.25";"0.01";"5.14";"0";"CHEMBL670643";"In vitro inhibition of endothelin binding to human Endothelin B receptor using [125I]-labeled ET-1 competition assay";"B";"BAO_0000357";"single protein format";"None";"None";"None";"None";"None";"";"";"";"CHEMBL1785";"Endothelin receptor ET-B";"Homo sapiens";"SINGLE PROTEIN";"CHEMBL1130042";"1";"Scientific Literature";"J Med Chem";"1997";"None";"";"";"";"6170.0"
"CHEMBL287169";"";"None";"553.59";"2";"5.31";"22";"COc1cc2c(Sc3cc(OC)c(OC)c(OC)c3)c(C(=O)O)n(Cc3ccc4c(c3)OCO4)c2cc1OC";"IC50";"'='";"440.0";"nM";"6.36";"";"";"UO_0000065";"";"";"";"";"0";"CHEMBL848084";"Inhibition of ET- 1 stimulated arachidonic acid release (AAR) in cultured rabbit renal vascular smooth muscle cells expressing the endothelin B receptor.";"F";"BAO_0000019";"assay format";"Oryctolagus cuniculus";"None";"None";"None";"None";"";"";"";"CHEMBL1785";"Endothelin receptor ET-B";"Homo sapiens";"SINGLE PROTEIN";"CHEMBL1129097";"1";"Scientific Literature";"Bioorg Med Chem Lett";"1996";"None";"";"";"";"0.44"
"CHEMBL56286";"";"None";"443.41";"0";"3.87";"3d";"O=C(O)c1c(-c2ccc3c(c2)OCO3)c2ccccc2n(Cc2ccc3c(c2)OCO3)c1=O";"IC50";"'='";"2700.0";"nM";"5.57";"";"";"UO_0000065";"12.56";"0.23";"1.70";"5.79";"0";"CHEMBL670728";"Inhibition of [125I]ET1 binding to porcine kidney inner medulla membranes";"B";"BAO_0000221";"tissue-based format";"Sus scrofa";"CHEMBL3638241";"Kidney";"None";"None";"";"";"";"CHEMBL1785";"Endothelin receptor ET-B";"Homo sapiens";"SINGLE PROTEIN";"CHEMBL1130488";"1";"Scientific Literature";"Bioorg Med Chem Lett";"1997";"None";"";"";"";"2.7"
"CHEMBL56627";"";"None";"429.43";"0";"4.15";"3c";"COc1cccc(Cn2c(=O)c(C(=O)O)c(-c3ccc4c(c3)OCO4)c3ccccc32)c1";"IC50";"'>'";"10000.0";"nM";"";"";"";"UO_0000065";"";"";"";"";"0";"CHEMBL670728";"Inhibition of [125I]ET1 binding to porcine kidney inner medulla membranes";"B";"BAO_0000221";"tissue-based format";"Sus scrofa";"CHEMBL3638241";"Kidney";"None";"None";"";"";"";"CHEMBL1785";"Endothelin receptor ET-B";"Homo sapiens";"SINGLE PROTEIN";"CHEMBL1130488";"1";"Scientific Literature";"Bioorg Med Chem Lett";"1997";"None";"";"";"";"10.0"
"CHEMBL174607";"";"None";"559.65";"2";"5.23";"27";"CC#CCOc1nc(-c2ncccn2)nc(NS(=O)(=O)c2ccc(C(C)(C)C)cc2)c1Oc1ccccc1OC";"IC50";"'='";"3169.0";"nM";"5.50";"";"";"UO_0000065";"9.83";"0.19";"0.27";"4.38";"0";"CHEMBL670645";"In vitro inhibitory concentration required against [125I]ET1 binding to membranes of CHO cells expressing human ETB receptor";"B";"BAO_0000219";"cell-based format";"None";"None";"None";"CHO";"None";"";"";"";"CHEMBL1785";"Endothelin receptor ET-B";"Homo sapiens";"SINGLE PROTEIN";"CHEMBL1136632";"1";"Scientific Literature";"Bioorg Med Chem Lett";"2003";"CHEMBL3308072";"";"";"";"3169.0"
"CHEMBL158204";"";"None";"459.89";"1";"5.82";"7l";"COc1ccc(-c2c(C(=O)O)c(=O)n(Cc3ccccc3Cl)c3c2oc2ccccc23)cc1";"IC50";"'='";"2700.0";"nM";"5.57";"";"";"UO_0000065";"12.11";"0.23";"-0.25";"6.82";"0";"CHEMBL673047";"Ability to displace [125I]endothelin-1 from endothelin B receptor in porcine kidney membranes";"B";"BAO_0000249";"cell membrane format";"Sus scrofa";"CHEMBL3638241";"Kidney";"None";"Membrane";"";"";"";"CHEMBL1785";"Endothelin receptor ET-B";"Homo sapiens";"SINGLE PROTEIN";"CHEMBL1132506";"1";"Scientific Literature";"Bioorg Med Chem Lett";"1999";"None";"";"";"";"2.7"
"CHEMBL304802";"";"None";"632.71";"2";"3.86";"18";"COc1ccc(C2(O)OC(=O)C(c3ccc4c(c3)OCO4)=C2Cc2cc(OC)c(OC)c(OCCCN3CCN(C)CC3)c2)cc1";"IC50";"'>'";"2500.0";"nM";"";"";"";"UO_0000065";"";"";"";"";"0";"CHEMBL670638";"Inhibition of [125I]ET1 binding to recombinant human Endothelin B receptor.";"B";"BAO_0000357";"single protein format";"None";"None";"None";"None";"None";"";"";"";"CHEMBL1785";"Endothelin receptor ET-B";"Homo sapiens";"SINGLE PROTEIN";"CHEMBL1132648";"1";"Scientific Literature";"J Med Chem";"1999";"None";"";"";"";"2500.0"
"CHEMBL163638";"";"None";"660.71";"2";"4.25";"74";"COc1ccccc1Oc1c(NS(=O)(=O)c2ccc(C)cn2)nc(N2CCOCC2)nc1OCC#CCOC(=O)Nc1ccccc1";"IC50";"'='";"589.0";"nM";"6.23";"";"";"UO_0000065";"9.43";"0.18";"1.98";"3.81";"0";"CHEMBL670645";"In vitro inhibitory concentration required against [125I]ET1 binding to membranes of CHO cells expressing human ETB receptor";"B";"BAO_0000219";"cell-based format";"None";"None";"None";"CHO";"None";"";"";"";"CHEMBL1785";"Endothelin receptor ET-B";"Homo sapiens";"SINGLE PROTEIN";"CHEMBL1136632";"1";"Scientific Literature";"Bioorg Med Chem Lett";"2003";"CHEMBL3308072";"";"";"";"589.0"
"CHEMBL4579445";"";"None";"704.81";"3";"5.22";"22";"COc1ccccc1Oc1c(NS(=O)(=O)c2ccc(C(C)C)cn2)cc(C(=O)N2CCN(C)CC2)cc1OCCOC(=O)Nc1ccccn1";"IC50";"'='";"440.0";"nM";"6.36";"";"";"UO_0000065";"9.02";"0.17";"1.14";"3.94";"0";"CHEMBL4426310";"Displacement of radioligand from ETB receptor in human placenta cell membranes";"B";"BAO_0000219";"cell-based format";"Homo sapiens";"None";"None";"None";"None";"";"";"";"CHEMBL1785";"Endothelin receptor ET-B";"Homo sapiens";"SINGLE PROTEIN";"CHEMBL4425117";"1";"Scientific Literature";"Bioorg Med Chem Lett";"2016";"None";"";"";"";"0.44"
"CHEMBL4572734";"";"None";"620.09";"1";"4.56";"72";"COc1cnc(OCCOc2nc(-c3ccncc3)nc(NS(=O)(=O)NCc3ccccc3)c2-c2ccc(Cl)cc2)nc1";"IC50";"'='";"569.0";"nM";"6.25";"";"";"UO_0000065";"10.07";"0.20";"1.68";"4.15";"0";"CHEMBL4426324";"Displacement of [125I]-ET-1 from human ETB receptor expressed in CHO cell membranes after 2 hrs by scintillation counting";"B";"BAO_0000219";"cell-based format";"Homo sapiens";"None";"None";"CHO";"None";"";"";"";"CHEMBL1785";"Endothelin receptor ET-B";"Homo sapiens";"SINGLE PROTEIN";"CHEMBL4425117";"1";"Scientific Literature";"Bioorg Med Chem Lett";"2016";"CHEMBL3308072";"";"";"";"569.0"
"CHEMBL173189";"";"None";"455.40";"1";"5.01";"35b";"Cc1ccc(CCc2ccsc2S(=O)(=O)Nc2onc(C)c2Br)c(C)c1";"IC50";"'='";"4295.0";"nM";"5.37";"";"";"UO_0000065";"11.79";"0.28";"0.36";"7.43";"0";"CHEMBL678457";"Inhibition of human Endothelin B receptor using I-ET-1 as radioligand in a competitive radioligand assay";"B";"BAO_0000357";"single protein format";"None";"None";"None";"None";"None";"";"";"";"CHEMBL1785";"Endothelin receptor ET-B";"Homo sapiens";"SINGLE PROTEIN";"CHEMBL1129901";"1";"Scientific Literature";"Bioorg Med Chem Lett";"1997";"None";"";"";"";"4.295"
"CHEMBL171972";"";"None";"469.43";"1";"5.32";"36c";"Cc1cc(C)c(CCc2sccc2S(=O)(=O)Nc2onc(C)c2Br)c(C)c1";"IC50";"'='";"2090.0";"nM";"5.68";"";"";"UO_0000065";"12.10";"0.29";"0.36";"7.87";"0";"CHEMBL678457";"Inhibition of human Endothelin B receptor using I-ET-1 as radioligand in a competitive radioligand assay";"B";"BAO_0000357";"single protein format";"None";"None";"None";"None";"None";"";"";"";"CHEMBL1785";"Endothelin receptor ET-B";"Homo sapiens";"SINGLE PROTEIN";"CHEMBL1129901";"1";"Scientific Literature";"Bioorg Med Chem Lett";"1997";"None";"";"";"";"2.09"
"CHEMBL2163709";"";"None";"652.49";"2";"4.55";"31";"COc1ccccc1Oc1c(NS(=O)(=O)c2ccccc2)nc(-c2ncccn2)nc1OCCOc1ncc(Br)cn1";"IC50";"'='";"341.0";"nM";"6.47";"";"";"UO_0000065";"9.91";"0.21";"1.92";"4.03";"0";"CHEMBL2166381";"Displacement of [I125]ET1 from recombinant ETB receptor expressed in CHO cells after 2 hrs by TopCount analysis";"B";"BAO_0000219";"cell-based format";"None";"None";"None";"CHO";"None";"";"";"";"CHEMBL1785";"Endothelin receptor ET-B";"Homo sapiens";"SINGLE PROTEIN";"CHEMBL2163289";"1";"Scientific Literature";"J Med Chem";"2012";"CHEMBL3308072";"";"";"";"341.0"
"CHEMBL425682";"";"None";"562.61";"2";"3.43";"36";"COc1ccccc1Oc1c(NS(=O)(=O)c2ccc(C(C)C)cn2)nc(-c2ncccn2)nc1OCC#CCO";"IC50";"'='";"2030.0";"nM";"5.69";"";"";"UO_0000065";"10.12";"0.19";"2.26";"3.59";"0";"CHEMBL670645";"In vitro inhibitory concentration required against [125I]ET1 binding to membranes of CHO cells expressing human ETB receptor";"B";"BAO_0000219";"cell-based format";"None";"None";"None";"CHO";"None";"";"";"";"CHEMBL1785";"Endothelin receptor ET-B";"Homo sapiens";"SINGLE PROTEIN";"CHEMBL1136632";"1";"Scientific Literature";"Bioorg Med Chem Lett";"2003";"CHEMBL3308072";"";"";"";"2030.0"
"CHEMBL70203";"";"None";"671.74";"3";"5.86";"3f";"COc1ccccc1Oc1c(NS(=O)(=O)c2ccc(C(C)(C)C)cc2)nc(-c2ncccn2)nc1OCCOC(=O)Nc1ccccn1";"IC50";"'='";"43.0";"nM";"7.37";"";"";"UO_0000065";"10.97";"0.21";"1.51";"4.17";"0";"CHEMBL672256";"Receptor binding affinity was determined against [125I]ET1 with membranes prepared from human placenta for ETB receptor";"B";"BAO_0000019";"assay format";"None";"None";"None";"None";"None";"";"";"";"CHEMBL1785";"Endothelin receptor ET-B";"Homo sapiens";"SINGLE PROTEIN";"CHEMBL1130517";"1";"Scientific Literature";"Bioorg Med Chem Lett";"1997";"None";"";"";"";"0.043"
"CHEMBL174326";"";"None";"503.54";"1";"3.86";"58";"C#CCOc1nc(-c2ccncc2)nc(NS(=O)(=O)c2ccc(C)cn2)c1Oc1ccccc1OC";"IC50";"'='";"4580.0";"nM";"5.34";"";"";"UO_0000065";"10.60";"0.20";"1.48";"4.26";"0";"CHEMBL670645";"In vitro inhibitory concentration required against [125I]ET1 binding to membranes of CHO cells expressing human ETB receptor";"B";"BAO_0000219";"cell-based format";"None";"None";"None";"CHO";"None";"";"";"";"CHEMBL1785";"Endothelin receptor ET-B";"Homo sapiens";"SINGLE PROTEIN";"CHEMBL1136632";"1";"Scientific Literature";"Bioorg Med Chem Lett";"2003";"CHEMBL3308072";"";"";"";"4580.0"
"CHEMBL123107";"";"None";"630.62";"1";"4.53";"10c";"CCC(NC(=O)CN1C[C@H](c2ccc3c(c2)OCO3)[C@@H](C(=O)O)[C@@H]1c1ccc(OC)cc1)c1ccccc1.O=C(O)C(F)(F)F";"IC50";"'='";"2.6";"nM";"8.59";"";"";"UO_0000065";"16.62";"0.31";"4.06";"8.82";"0";"CHEMBL670477";"Binding ability determined by the displacement of [125 I]ET-3 from the human Endothelin B receptor";"B";"BAO_0000357";"single protein format";"None";"None";"None";"None";"None";"";"";"";"CHEMBL1785";"Endothelin receptor ET-B";"Homo sapiens";"SINGLE PROTEIN";"CHEMBL1132108";"1";"Scientific Literature";"J Med Chem";"1999";"None";"";"";"";"2.6"
"CHEMBL280096";"";"None";"455.47";"1";"5.18";"7d";"COc1ccc(Cn2c(=O)c(C(=O)O)c(-c3ccc(OC)cc3)c3oc4ccccc4c32)cc1";"IC50";"'>'";"10000.0";"nM";"";"";"";"UO_0000065";"";"";"";"";"0";"CHEMBL673047";"Ability to displace [125I]endothelin-1 from endothelin B receptor in porcine kidney membranes";"B";"BAO_0000249";"cell membrane format";"Sus scrofa";"CHEMBL3638241";"Kidney";"None";"Membrane";"";"";"";"CHEMBL1785";"Endothelin receptor ET-B";"Homo sapiens";"SINGLE PROTEIN";"CHEMBL1132506";"1";"Scientific Literature";"Bioorg Med Chem Lett";"1999";"None";"";"";"";"10.0"
"CHEMBL296129";"";"None";"543.96";"2";"3.42";"5hh";"CC(=O)OCCOc1cc2c(cc1NC(=O)c1sccc1S(=O)(=O)Nc1onc(C)c1Cl)OCO2";"IC50";"'='";"15800.0";"nM";"4.80";"";"";"UO_0000065";"8.83";"0.19";"1.38";"3.09";"0";"CHEMBL670643";"In vitro inhibition of endothelin binding to human Endothelin B receptor using [125I]-labeled ET-1 competition assay";"B";"BAO_0000357";"single protein format";"None";"None";"None";"None";"None";"";"";"";"CHEMBL1785";"Endothelin receptor ET-B";"Homo sapiens";"SINGLE PROTEIN";"CHEMBL1130042";"1";"Scientific Literature";"J Med Chem";"1997";"None";"";"";"";"15800.0"
"CHEMBL308208";"";"None";"568.63";"2";"-0.20";"5";"CC(C)[C@@H]1NC(=O)[C@H](C)NC(=O)[C@H](CC(=O)O)NC(=O)[C@@H](Cc2c[nH]c3ccccc23)NC(=O)[C@@H]2CCCN2C1=O";"IC50";"'>'";"100000.0";"nM";"";"";"";"UO_0000065";"";"";"";"";"0";"CHEMBL670731";"Binding activity against Endothelin B receptor 0f Porcine cerebellum membranes";"B";"BAO_0000221";"tissue-based format";"Sus scrofa";"CHEMBL3638233";"Cerebellum";"None";"None";"";"";"";"CHEMBL1785";"Endothelin receptor ET-B";"Homo sapiens";"SINGLE PROTEIN";"CHEMBL1126071";"1";"Scientific Literature";"J Med Chem";"1992";"None";"";"";"";"100.0"
"CHEMBL70203";"";"None";"671.74";"3";"5.86";"11; Ro 48-5695";"COc1ccccc1Oc1c(NS(=O)(=O)c2ccc(C(C)(C)C)cc2)nc(-c2ncccn2)nc1OCCOC(=O)Nc1ccccn1";"IC50";"'='";"43.0";"nM";"7.37";"";"";"UO_0000065";"10.97";"0.21";"1.51";"4.17";"1";"CHEMBL4426310";"Displacement of radioligand from ETB receptor in human placenta cell membranes";"B";"BAO_0000219";"cell-based format";"Homo sapiens";"None";"None";"None";"None";"";"";"";"CHEMBL1785";"Endothelin receptor ET-B";"Homo sapiens";"SINGLE PROTEIN";"CHEMBL4425117";"1";"Scientific Literature";"Bioorg Med Chem Lett";"2016";"None";"";"";"";"0.043"
"CHEMBL4566095";"";"None";"482.98";"0";"2.64";"54";"CNS(=O)(=O)Nc1ncnc(OCCOc2ncc(SC)cn2)c1-c1ccc(Cl)cc1";"IC50";"'='";"555.0";"nM";"6.26";"";"";"UO_0000065";"12.95";"0.28";"3.62";"4.88";"0";"CHEMBL4426324";"Displacement of [125I]-ET-1 from human ETB receptor expressed in CHO cell membranes after 2 hrs by scintillation counting";"B";"BAO_0000219";"cell-based format";"Homo sapiens";"None";"None";"CHO";"None";"";"";"";"CHEMBL1785";"Endothelin receptor ET-B";"Homo sapiens";"SINGLE PROTEIN";"CHEMBL4425117";"1";"Scientific Literature";"Bioorg Med Chem Lett";"2016";"CHEMBL3308072";"";"";"";"555.0"
"CHEMBL4519822";"";"None";"522.61";"2";"2.90";"60";"CCCNS(=O)(=O)Nc1ncnc(OCCOc2ncc(SC)cn2)c1Oc1cccc(OC)c1";"IC50";"'='";"90.0";"nM";"7.05";"";"";"UO_0000065";"13.48";"0.27";"4.15";"4.80";"0";"CHEMBL4426324";"Displacement of [125I]-ET-1 from human ETB receptor expressed in CHO cell membranes after 2 hrs by scintillation counting";"B";"BAO_0000219";"cell-based format";"Homo sapiens";"None";"None";"CHO";"None";"";"";"";"CHEMBL1785";"Endothelin receptor ET-B";"Homo sapiens";"SINGLE PROTEIN";"CHEMBL4425117";"1";"Scientific Literature";"Bioorg Med Chem Lett";"2016";"CHEMBL3308072";"";"";"";"90.0"
"CHEMBL323175";"";"None";"518.65";"1";"3.86";"9d";"CCCCN(CCCC)C(=O)CN1C[C@H](c2ccc3c(c2)OCO3)[C@@H](C(=O)O)[C@@H]1CCCC1OCCO1";"IC50";"'='";"50000.0";"nM";"4.30";"";"";"UO_0000065";"8.29";"0.16";"0.44";"4.40";"0";"CHEMBL670729";"Binding affinity for endothelin B receptor by measuring its ability to displace [125I]-ET-3 from porcine cerebellar tissue";"B";"BAO_0000357";"single protein format";"Sus scrofa";"None";"None";"None";"None";"";"";"";"CHEMBL1785";"Endothelin receptor ET-B";"Homo sapiens";"SINGLE PROTEIN";"CHEMBL1131628";"1";"Scientific Literature";"J Med Chem";"1998";"None";"";"";"";"50000.0"
"CHEMBL45087";"";"None";"412.88";"0";"3.45";"5x";"Cc1ccc(NC(=O)c2sccc2S(=O)(=O)Nc2onc(C)c2Cl)nc1";"IC50";"'='";"44700.0";"nM";"4.35";"";"";"UO_0000065";"10.54";"0.23";"0.90";"3.81";"0";"CHEMBL670643";"In vitro inhibition of endothelin binding to human Endothelin B receptor using [125I]-labeled ET-1 competition assay";"B";"BAO_0000357";"single protein format";"None";"None";"None";"None";"None";"";"";"";"CHEMBL1785";"Endothelin receptor ET-B";"Homo sapiens";"SINGLE PROTEIN";"CHEMBL1130042";"1";"Scientific Literature";"J Med Chem";"1997";"None";"";"";"";"44700.0"
"CHEMBL305035";"";"None";"517.58";"1";"4.15";"9";"COc1ccc(C2(O)OC(=O)C(c3ccc4c(c3)OCO4)=C2Cc2ccc(OCCCN(C)C)cc2)cc1";"IC50";"'>'";"2500.0";"nM";"";"";"";"UO_0000065";"";"";"";"";"0";"CHEMBL670638";"Inhibition of [125I]ET1 binding to recombinant human Endothelin B receptor.";"B";"BAO_0000357";"single protein format";"None";"None";"None";"None";"None";"";"";"";"CHEMBL1785";"Endothelin receptor ET-B";"Homo sapiens";"SINGLE PROTEIN";"CHEMBL1132648";"1";"Scientific Literature";"J Med Chem";"1999";"None";"";"";"";"2500.0"
"CHEMBL1082723";"CIPARGAMIN";"2.0";"390.24";"0";"4.34";"NITD609";"C[C@H]1Cc2c([nH]c3cc(Cl)c(F)cc23)[C@@]2(N1)C(=O)Nc1ccc(Cl)cc12";"IC50";"'>'";"30000.0";"nM";"";"";"";"UO_0000065";"";"";"";"";"0";"CHEMBL1247884";"Binding affinity to human recombinant endothelin B receptor";"B";"BAO_0000357";"single protein format";"Homo sapiens";"None";"None";"None";"None";"";"";"";"CHEMBL1785";"Endothelin receptor ET-B";"Homo sapiens";"SINGLE PROTEIN";"CHEMBL1240532";"1";"Scientific Literature";"Science";"2010";"None";"";"";"";"30.0"
"CHEMBL96932";"";"None";"566.66";"1";"4.58";"rac-78";"CCc1cccc([C@]2([C@H](Oc3nc(C)cc(C)n3)C(=O)O)NCC(=O)N(Cc3ccc(OC)cc3)c3ccccc32)c1";"IC50";"'='";"68.0";"nM";"7.17";"";"";"UO_0000065";"";"";"";"";"0";"CHEMBL670641";"Antagonist activity towards human recombinant Endothelin B receptor expressed in chinese hamster ovary (CHO) cells determined using [125I]ET1 as radioligand";"F";"BAO_0000219";"cell-based format";"None";"None";"None";"CHO";"None";"";"";"";"CHEMBL1785";"Endothelin receptor ET-B";"Homo sapiens";"SINGLE PROTEIN";"CHEMBL1149183";"1";"Scientific Literature";"J Med Chem";"2004";"CHEMBL3308072";"";"";"";"68.0"
"CHEMBL1627023";"";"None";"571.63";"1";"4.29";"3b .Na salt";"Cc1ccc(-c2c([N-]S(=O)(=O)c3ccc(C(C)(C)C)cc3)ncnc2OCCOc2ncc(CO)cn2)cc1.[Na+]";"IC50";"'='";"31.0";"nM";"7.51";"";"";"UO_0000065";"13.66";"0.26";"3.22";"5.50";"0";"CHEMBL677270";"Ability to inhibit specific binding of [125I]- -ET-1 to human GH cells which express endothelin B receptor";"B";"BAO_0000219";"cell-based format";"Homo sapiens";"None";"None";"GH";"None";"";"";"";"CHEMBL1785";"Endothelin receptor ET-B";"Homo sapiens";"SINGLE PROTEIN";"CHEMBL1134415";"1";"Scientific Literature";"J Med Chem";"2001";"None";"";"";"";"31.0"
"CHEMBL31469";"";"None";"428.44";"0";"4.19";"Ig";"COc1ccc(-c2ccc3c(c2)C(=O)c2ccccc2[C@@H]2[C@H](C(=O)O)[C@H](C(=O)O)[C@H]32)cc1";"IC50";"'='";"300.0";"nM";"6.52";"";"";"UO_0000065";"15.22";"0.28";"2.33";"6.46";"0";"CHEMBL677448";"Binding affinity towards cloned human ETB receptor";"B";"BAO_0000357";"single protein format";"None";"None";"None";"None";"None";"";"";"";"CHEMBL1785";"Endothelin receptor ET-B";"Homo sapiens";"SINGLE PROTEIN";"CHEMBL1128758";"1";"Scientific Literature";"Bioorg Med Chem Lett";"1995";"None";"";"";"";"300.0"
"CHEMBL433221";"";"None";"561.66";"1";"4.51";"21";"CCn1cc(C(C(=O)NS(=O)(=O)c2ccc(C(C)C)cc2)c2ccc3c(c2)OCO3)c2ccc(C(=O)NC)cc21";"IC50";"'='";"210.0";"nM";"6.68";"";"";"UO_0000065";"11.89";"0.23";"2.17";"5.77";"0";"CHEMBL677443";"Binding affinity towards human cloned endothelin B receptor by [125I]ET1 displacement.";"B";"BAO_0000357";"single protein format";"None";"None";"None";"None";"None";"";"";"";"CHEMBL1785";"Endothelin receptor ET-B";"Homo sapiens";"SINGLE PROTEIN";"CHEMBL1135360";"1";"Scientific Literature";"Bioorg Med Chem Lett";"2002";"None";"";"";"";"210.0"
"CHEMBL273660";"";"None";"468.44";"0";"4.40";"71, Na salt";"COc1ccc(C(=O)/C(Cc2ccccc2)=C(\C(=O)[O-])c2cc(OC)c3c(c2)OCO3)cc1.[Na+]";"IC50";"'='";"15700.0";"nM";"4.80";"";"";"UO_0000065";"10.76";"0.20";"0.40";"5.26";"0";"CHEMBL871935";"Inhibition of Endothelin B receptor mediated (ET-3) release of arachidonic acid from human cloned receptors expressed in CHO-K1 cells";"B";"BAO_0000219";"cell-based format";"None";"None";"None";"CHO-K1";"None";"";"";"";"CHEMBL1785";"Endothelin receptor ET-B";"Homo sapiens";"SINGLE PROTEIN";"CHEMBL1129982";"1";"Scientific Literature";"J Med Chem";"1997";"CHEMBL3307512";"";"";"";"15700.0"
"CHEMBL110366";"";"None";"508.66";"1";"4.90";"2a";"CCCCN(CCCC)C(=O)CN1C[C@H](c2ccc3c(c2)CCO3)[C@@H](C(=O)O)[C@@H]1c1ccc(OC)cc1";"IC50";"'='";"2670.0";"nM";"5.57";"";"";"UO_0000065";"10.96";"0.21";"0.67";"7.03";"0";"CHEMBL673048";"Binding affinity against endothelin B receptor in porcine cerebellar tissue";"B";"BAO_0000357";"single protein format";"Sus scrofa";"None";"None";"None";"None";"";"";"";"CHEMBL1785";"Endothelin receptor ET-B";"Homo sapiens";"SINGLE PROTEIN";"CHEMBL1134271";"1";"Scientific Literature";"J Med Chem";"2001";"None";"";"";"";"2670.0"
"CHEMBL353502";"";"None";"362.47";"0";"2.88";"3";"C/C=C/C=C/C(=O)O[C@@H]1C=C2COC(O)[C@]2(O)[C@@]2(C)CCCC(C)(C)C12";"IC50";"'='";"148000.0";"nM";"";"Outside typical range";"";"UO_0000065";"";"";"";"";"0";"CHEMBL676633";"Tested for binding affinity towards human Endothelin B receptor";"B";"BAO_0000357";"single protein format";"None";"None";"None";"None";"None";"";"";"";"CHEMBL1785";"Endothelin receptor ET-B";"Homo sapiens";"SINGLE PROTEIN";"CHEMBL1133352";"1";"Scientific Literature";"Bioorg Med Chem Lett";"2000";"None";"";"";"";"148.0"
"CHEMBL177179";"";"None";"536.67";"2";"5.07";"16d";"Cc1oc([C@@H](Cc2cn(C)c3ccccc23)NC(=O)[C@H](CC(C)C)NC(=O)CC2CCCCC2)nc1C(=O)O";"IC50";"'>'";"100000.0";"nM";"";"";"";"UO_0000065";"";"";"";"";"0";"CHEMBL670653";"Inhibitory activity was evaluated against human Endothelin B receptor";"B";"BAO_0000357";"single protein format";"None";"None";"None";"None";"None";"";"";"";"CHEMBL1785";"Endothelin receptor ET-B";"Homo sapiens";"SINGLE PROTEIN";"CHEMBL1129499";"1";"Scientific Literature";"J Med Chem";"1996";"None";"";"";"";"100.0"
"CHEMBL2370534";"";"None";"3578.24";"None";"None";"28";"CCCC[C@H](NC(=O)[C@H](CC(C)C)NC(=O)[C@H](CCCCN)NC(=O)[C@H](CCCN=C(N)N)NC(=O)[C@H](CC(N)=O)NC(=O)[C@H](CO)NC(=O)[C@H](Cc1c[nH]cn1)NC(=O)[C@H](C)NC(=O)[C@H](CCC(N)=O)NC(=O)[C@H](CCC(N)=O)NC(=O)[C@H](C)NC(=O)[C@H](CC(C)C)NC(=O)[C@H](CCC(N)=O)NC(=O)[C@H]1CCCCNC(=O)CC[C@@H](NC(=O)[C@H](CCCC)NC(=O)[C@H](CCC(=O)O)NC(=O)[C@H](CC(C)C)NC(=O)[C@@H](NC(=O)[C@H](CCC(=O)O)NC(=O)[C@H](CCCN=C(N)N)NC(=O)[C@H](CC(C)C)NC(=O)[C@H](CC(C)C)NC(=O)[C@H](Cc2c[nH]cn2)NC(=O)[C@H](N)Cc2ccccc2)C(C)C)C(=O)N[C@H](CCCN=C(N)N)C(=O)N[C@@H](C)C(=O)N1)C(=O)N[C@@H](CCC(=O)O)C(=O)N[C@H](C(=O)N[C@H](C(N)=O)[C@@H](C)CC)[C@@H](C)CC";"IC50";"'='";"1.2";"nM";"8.92";"";"";"UO_0000065";"2.49";"None";"None";"None";"0";"CHEMBL670478";"Binding affinity towards human Endothelin B receptor (hET -B)";"B";"BAO_0000357";"single protein format";"None";"None";"None";"None";"None";"";"";"";"CHEMBL1785";"Endothelin receptor ET-B";"Homo sapiens";"SINGLE PROTEIN";"CHEMBL1132381";"1";"Scientific Literature";"J Med Chem";"1999";"None";"";"";"";"1.2"
"CHEMBL2163705";"";"None";"669.64";"2";"4.99";"27";"COc1ccccc1Oc1c(NS(=O)(=O)CCc2ccccc2)nc(-c2ncccn2)nc1OCCOc1ncc(C(F)(F)F)cn1";"IC50";"'='";"145.0";"nM";"6.84";"";"";"UO_0000065";"10.21";"0.20";"1.85";"4.26";"0";"CHEMBL2166381";"Displacement of [I125]ET1 from recombinant ETB receptor expressed in CHO cells after 2 hrs by TopCount analysis";"B";"BAO_0000219";"cell-based format";"None";"None";"None";"CHO";"None";"";"";"";"CHEMBL1785";"Endothelin receptor ET-B";"Homo sapiens";"SINGLE PROTEIN";"CHEMBL2163289";"1";"Scientific Literature";"J Med Chem";"2012";"CHEMBL3308072";"";"";"";"145.0"
"CHEMBL282398";"";"None";"491.57";"1";"6.07";"8";"CCCOc1ccc2c(Sc3cccc(OC)c3)c(C(=O)O)n(Cc3ccc4c(c3)OCO4)c2c1";"IC50";"'='";"6700.0";"nM";"5.17";"";"";"UO_0000065";"10.53";"0.20";"-0.90";"6.54";"0";"CHEMBL670634";"Affinity for human endothelin B receptor expressed in CHO-K1 cells.";"B";"BAO_0000219";"cell-based format";"None";"None";"None";"CHO-K1";"None";"";"";"";"CHEMBL1785";"Endothelin receptor ET-B";"Homo sapiens";"SINGLE PROTEIN";"CHEMBL1129097";"1";"Scientific Literature";"Bioorg Med Chem Lett";"1996";"CHEMBL3307512";"";"";"";"6.7"
"CHEMBL123997";"";"None";"544.65";"2";"5.42";"20";"CCCc1cccc(CC)c1NC(=O)CN1C[C@H](c2ccc3c(c2)OCO3)[C@@H](C(=O)O)[C@@H]1c1ccc(OC)cc1";"IC50";"'='";"82.0";"nM";"7.09";"";"";"UO_0000065";"13.01";"0.24";"1.67";"7.28";"0";"CHEMBL670478";"Binding affinity towards human Endothelin B receptor (hET -B)";"B";"BAO_0000357";"single protein format";"None";"None";"None";"None";"None";"";"";"";"CHEMBL1785";"Endothelin receptor ET-B";"Homo sapiens";"SINGLE PROTEIN";"CHEMBL1132381";"1";"Scientific Literature";"J Med Chem";"1999";"None";"";"";"";"82.0"
"CHEMBL175616";"BOSENTAN SODIUM";"None";"573.61";"1";"4.20";"2";"COc1ccccc1Oc1c([N-]S(=O)(=O)c2ccc(C(C)(C)C)cc2)nc(-c2ncccn2)nc1OCCO.[Na+]";"IC50";"'='";"310.0";"nM";"6.51";"";"";"UO_0000065";"11.80";"0.23";"2.31";"4.47";"0";"CHEMBL677269";"Ability to inhibit specific binding of [125I]- -ET-1 to human GH cells which express endothelin B receptor";"B";"BAO_0000219";"cell-based format";"None";"None";"None";"GH";"None";"";"";"";"CHEMBL1785";"Endothelin receptor ET-B";"Homo sapiens";"SINGLE PROTEIN";"CHEMBL1134624";"1";"Scientific Literature";"J Med Chem";"2001";"None";"";"";"";"310.0"
"CHEMBL320254";"";"None";"532.68";"1";"4.24";"9b";"CCCCN(CCCC)C(=O)CN1C[C@H](c2ccc3c(c2)OCO3)[C@@H](C(=O)O)[C@@H]1CCC1OC(C)C(C)O1";"IC50";"'='";"48000.0";"nM";"4.32";"";"";"UO_0000065";"8.11";"0.16";"0.08";"4.42";"0";"CHEMBL670729";"Binding affinity for endothelin B receptor by measuring its ability to displace [125I]-ET-3 from porcine cerebellar tissue";"B";"BAO_0000357";"single protein format";"Sus scrofa";"None";"None";"None";"None";"";"";"";"CHEMBL1785";"Endothelin receptor ET-B";"Homo sapiens";"SINGLE PROTEIN";"CHEMBL1131628";"1";"Scientific Literature";"J Med Chem";"1998";"None";"";"";"";"48000.0"
"CHEMBL2304017";"";"None";"667.79";"2";"0.80";"52";"CSC(C)(C)[C@@H]1NC(=O)[C@@H]2CCCN2C(=O)[C@@H](CC(=O)O)NC(=O)[C@H](Cc2c(C#N)[nH]c3ccccc23)NC(=O)[C@@H](C(C)C)NC1=O";"IC50";"'='";"29.0";"nM";"7.54";"";"";"UO_0000065";"11.29";"0.22";"6.74";"3.53";"0";"CHEMBL677447";"Binding affinity towards Endothelin B receptor in human girardi heart cell membranes";"B";"BAO_0000219";"cell-based format";"None";"CHEMBL3638187";"Heart";"heart";"None";"";"";"";"CHEMBL1785";"Endothelin receptor ET-B";"Homo sapiens";"SINGLE PROTEIN";"CHEMBL1129335";"1";"Scientific Literature";"J Med Chem";"1996";"None";"";"";"";"29.0"
"CHEMBL72473";"";"None";"487.58";"0";"4.06";"1b";"COc1ccccc1Oc1c(NS(=O)(=O)c2ccc(C(C)(C)C)cc2)nc(C)nc1OCCO";"IC50";"'='";"70.0";"nM";"7.16";"";"";"UO_0000065";"14.67";"0.29";"3.09";"5.97";"0";"CHEMBL672256";"Receptor binding affinity was determined against [125I]ET1 with membranes prepared from human placenta for ETB receptor";"B";"BAO_0000019";"assay format";"None";"None";"None";"None";"None";"";"";"";"CHEMBL1785";"Endothelin receptor ET-B";"Homo sapiens";"SINGLE PROTEIN";"CHEMBL1130517";"1";"Scientific Literature";"Bioorg Med Chem Lett";"1997";"None";"";"";"";"0.07"
"CHEMBL65639";"";"None";"316.36";"0";"1.94";"7c";"COC(=O)c1sccc1S(=O)(=O)Nc1onc(C)c1C";"IC50";"'>'";"100000.0";"nM";"";"";"";"UO_0000065";"";"";"";"";"0";"CHEMBL670640";"In vitro binding affinity in a radioligand binding experiment by competition with [125I]-labeled endothelin-1 for ETB receptor";"B";"BAO_0000357";"single protein format";"None";"None";"None";"None";"None";"";"";"";"CHEMBL1785";"Endothelin receptor ET-B";"Homo sapiens";"SINGLE PROTEIN";"CHEMBL1130505";"1";"Scientific Literature";"Bioorg Med Chem Lett";"1997";"None";"";"";"";"100.0"
"CHEMBL421190";"";"None";"880.10";"2";"4.35";"53";"CC[C@H](C)[C@H](NC(=O)[C@H](Cc1ccccc1)NC(=O)[C@H](CC(C)C)NC(=O)[C@H](Cc1ccccc1)NC(C)=O)C(=O)N[C@H](C(=O)N[C@@H](Cc1c[nH]c2ccccc12)C(=O)O)[C@@H](C)CC";"IC50";"'='";"37.0";"nM";"7.43";"";"";"UO_0000065";"8.44";"0.16";"3.08";"3.26";"0";"CHEMBL677445";"Binding affinity measured in CHO cells stably transfected with the human endothelin B receptor";"B";"BAO_0000219";"cell-based format";"Homo sapiens";"None";"None";"CHO";"None";"";"";"";"CHEMBL1785";"Endothelin receptor ET-B";"Homo sapiens";"SINGLE PROTEIN";"CHEMBL1128478";"1";"Scientific Literature";"J Med Chem";"1995";"CHEMBL3308072";"";"";"";"0.037"
"CHEMBL265290";"";"None";"323.19";"0";"2.61";"24a";"Cc1noc(NS(=O)(=O)c2ccsc2)c1Br";"IC50";"'>'";"100000.0";"nM";"";"";"";"UO_0000065";"";"";"";"";"0";"CHEMBL670635";"Compound was tested for binding affinity against Endothelin B receptor";"B";"BAO_0000357";"single protein format";"None";"None";"None";"None";"None";"";"";"";"CHEMBL1785";"Endothelin receptor ET-B";"Homo sapiens";"SINGLE PROTEIN";"CHEMBL1128922";"1";"Scientific Literature";"Bioorg Med Chem Lett";"1996";"None";"";"";"";"100.0"
"CHEMBL79080";"";"None";"362.16";"0";"2.45";"15b";"Cc1noc(NS(=O)(=O)c2ccc([N+](=O)[O-])cc2)c1Br";"IC50";"'='";"3800.0";"nM";"5.42";"";"";"UO_0000065";"14.97";"0.37";"2.97";"4.70";"0";"CHEMBL677439";"Binding affinity against human Endothelin B receptor in transfected COS 7 cell membrane preparation";"B";"BAO_0000219";"cell-based format";"None";"None";"None";"COS 7";"None";"";"";"";"CHEMBL1785";"Endothelin receptor ET-B";"Homo sapiens";"SINGLE PROTEIN";"CHEMBL1129771";"1";"Scientific Literature";"Bioorg Med Chem Lett";"1996";"None";"";"";"";"3.8"
"CHEMBL79054";"";"None";"321.19";"0";"3.40";"17a";"Cc1noc(NS(=O)(=O)c2ccc(Cl)cc2Cl)c1C";"IC50";"'='";"105000.0";"nM";"";"Outside typical range";"";"UO_0000065";"";"";"";"";"0";"CHEMBL677439";"Binding affinity against human Endothelin B receptor in transfected COS 7 cell membrane preparation";"B";"BAO_0000219";"cell-based format";"None";"None";"None";"COS 7";"None";"";"";"";"CHEMBL1785";"Endothelin receptor ET-B";"Homo sapiens";"SINGLE PROTEIN";"CHEMBL1129771";"1";"Scientific Literature";"Bioorg Med Chem Lett";"1996";"None";"";"";"";"105.0"
"CHEMBL64694";"";"None";"474.51";"1";"5.32";"35a";"COC(=O)C1=C(c2ccc(OC)cc2)c2cc(OC(C)C)ccc2OC1c1ccc2c(c1)OCO2";"IC50";"";"";"nM";"";"";"Not Determined";"UO_0000065";"";"";"";"";"0";"CHEMBL670727";"Binding affinity for Endothelin B receptor by inhibiting [125I]-ET-3 binding to cloned pig ET-B receptor expressed in COS-7 cells; not tested";"B";"BAO_0000219";"cell-based format";"Sus scrofa";"None";"None";"COS-7";"None";"";"";"";"CHEMBL1785";"Endothelin receptor ET-B";"Homo sapiens";"SINGLE PROTEIN";"CHEMBL1135409";"1";"Scientific Literature";"J Med Chem";"2002";"CHEMBL3307648";"";"";"";""
"CHEMBL67664";"";"None";"322.75";"0";"2.20";"7e";"Cc1noc(NS(=O)(=O)c2ccsc2C(=O)O)c1Cl";"IC50";"'>'";"100000.0";"nM";"";"";"";"UO_0000065";"";"";"";"";"0";"CHEMBL670640";"In vitro binding affinity in a radioligand binding experiment by competition with [125I]-labeled endothelin-1 for ETB receptor";"B";"BAO_0000357";"single protein format";"None";"None";"None";"None";"None";"";"";"";"CHEMBL1785";"Endothelin receptor ET-B";"Homo sapiens";"SINGLE PROTEIN";"CHEMBL1130505";"1";"Scientific Literature";"Bioorg Med Chem Lett";"1997";"None";"";"";"";"100.0"
"CHEMBL63290";"";"None";"422.44";"0";"3.10";"7t";"Cc1noc(NS(=O)(=O)c2ccsc2C(=O)Oc2ccc3c(c2)OCO3)c1C";"IC50";"'='";"48680.0";"nM";"4.31";"";"";"UO_0000065";"10.21";"0.21";"1.21";"3.69";"0";"CHEMBL670640";"In vitro binding affinity in a radioligand binding experiment by competition with [125I]-labeled endothelin-1 for ETB receptor";"B";"BAO_0000357";"single protein format";"None";"None";"None";"None";"None";"";"";"";"CHEMBL1785";"Endothelin receptor ET-B";"Homo sapiens";"SINGLE PROTEIN";"CHEMBL1130505";"1";"Scientific Literature";"Bioorg Med Chem Lett";"1997";"None";"";"";"";"48.68"
"CHEMBL2163723";"";"None";"681.53";"2";"4.19";"45";"COc1ccccc1Oc1c(NS(=O)(=O)NCc2ccccc2)nc(-c2cnccn2)nc1OCCOc1ncc(Br)cn1";"IC50";"'='";"166.0";"nM";"6.78";"";"";"UO_0000065";"9.95";"0.21";"2.59";"3.93";"0";"CHEMBL2166381";"Displacement of [I125]ET1 from recombinant ETB receptor expressed in CHO cells after 2 hrs by TopCount analysis";"B";"BAO_0000219";"cell-based format";"None";"None";"None";"CHO";"None";"";"";"";"CHEMBL1785";"Endothelin receptor ET-B";"Homo sapiens";"SINGLE PROTEIN";"CHEMBL2163289";"1";"Scientific Literature";"J Med Chem";"2012";"CHEMBL3308072";"";"";"";"166.0"
"CHEMBL283858";"";"None";"537.55";"2";"5.02";"14";"COc1ccc(Sc2c(C(=O)O)n(Cc3cc(OC)c4c(c3)OCO4)c3cc4c(cc23)OCO4)cc1OC";"IC50";"'='";"420.0";"nM";"6.38";"";"";"UO_0000065";"11.86";"0.23";"1.36";"5.97";"0";"CHEMBL670634";"Affinity for human endothelin B receptor expressed in CHO-K1 cells.";"B";"BAO_0000219";"cell-based format";"None";"None";"None";"CHO-K1";"None";"";"";"";"CHEMBL1785";"Endothelin receptor ET-B";"Homo sapiens";"SINGLE PROTEIN";"CHEMBL1129097";"1";"Scientific Literature";"Bioorg Med Chem Lett";"1996";"CHEMBL3307512";"";"";"";"0.42"
"CHEMBL9141";"";"None";"440.50";"0";"2.79";"17b";"CCCNC(=O)CN1C[C@@H](c2ccc3c(c2)OCO3)[C@H](C(=O)O)[C@H]1c1ccc(OC)cc1";"IC50";"'='";"579.0";"nM";"6.24";"";"";"UO_0000065";"14.16";"0.27";"3.45";"6.41";"0";"CHEMBL672255";"Radioligand binding selectivity to human Endothelin B receptor in chinese hamster ovary cells";"B";"BAO_0000219";"cell-based format";"None";"None";"None";"CHO";"None";"";"";"";"CHEMBL1785";"Endothelin receptor ET-B";"Homo sapiens";"SINGLE PROTEIN";"CHEMBL1129506";"1";"Scientific Literature";"J Med Chem";"1996";"CHEMBL3308072";"";"";"";"579.0"
"CHEMBL339657";"";"None";"530.62";"2";"5.03";"19";"CCc1cccc(CC)c1NC(=O)CN1C[C@H](c2ccc3c(c2)OCO3)[C@@H](C(=O)O)[C@@H]1c1ccc(OC)cc1";"IC50";"'='";"1.4";"nM";"8.85";"";"";"UO_0000065";"16.69";"0.31";"3.82";"9.10";"0";"CHEMBL670478";"Binding affinity towards human Endothelin B receptor (hET -B)";"B";"BAO_0000357";"single protein format";"None";"None";"None";"None";"None";"";"";"";"CHEMBL1785";"Endothelin receptor ET-B";"Homo sapiens";"SINGLE PROTEIN";"CHEMBL1132381";"1";"Scientific Literature";"J Med Chem";"1999";"None";"";"";"";"1.4"
"CHEMBL70895";"";"None";"663.76";"3";"5.09";"4f";"COc1ccccc1Oc1c(NS(=O)(=O)c2ccc(C(C)C)cn2)nc(C2CCNCC2)nc1OCCOC(=O)Nc1ccccn1";"IC50";"'='";"25.0";"nM";"7.60";"";"";"UO_0000065";"11.45";"0.22";"2.51";"4.32";"0";"CHEMBL672256";"Receptor binding affinity was determined against [125I]ET1 with membranes prepared from human placenta for ETB receptor";"B";"BAO_0000019";"assay format";"None";"None";"None";"None";"None";"";"";"";"CHEMBL1785";"Endothelin receptor ET-B";"Homo sapiens";"SINGLE PROTEIN";"CHEMBL1130517";"1";"Scientific Literature";"Bioorg Med Chem Lett";"1997";"None";"";"";"";"0.025"
"CHEMBL70293";"";"None";"658.70";"3";"5.08";"4b";"COc1ccccc1Oc1c(NS(=O)(=O)c2ccc(C(C)C)cn2)nc(-c2ncccn2)nc1OCCOC(=O)Nc1ccccn1";"IC50";"'='";"49.0";"nM";"7.31";"";"";"UO_0000065";"11.10";"0.21";"2.23";"3.86";"0";"CHEMBL672256";"Receptor binding affinity was determined against [125I]ET1 with membranes prepared from human placenta for ETB receptor";"B";"BAO_0000019";"assay format";"None";"None";"None";"None";"None";"";"";"";"CHEMBL1785";"Endothelin receptor ET-B";"Homo sapiens";"SINGLE PROTEIN";"CHEMBL1130517";"1";"Scientific Literature";"Bioorg Med Chem Lett";"1997";"None";"";"";"";"0.049"
"CHEMBL65939";"";"None";"529.59";"1";"4.30";"15";"COc1ccc(C2(O)OC(=O)C(c3ccc4c(c3)OCO4)=C2Cc2cccc(OCCN3CCCC3)c2)cc1";"IC50";"'>'";"2500.0";"nM";"";"";"";"UO_0000065";"";"";"";"";"0";"CHEMBL670638";"Inhibition of [125I]ET1 binding to recombinant human Endothelin B receptor.";"B";"BAO_0000357";"single protein format";"None";"None";"None";"None";"None";"";"";"";"CHEMBL1785";"Endothelin receptor ET-B";"Homo sapiens";"SINGLE PROTEIN";"CHEMBL1132648";"1";"Scientific Literature";"J Med Chem";"1999";"None";"";"";"";"2500.0"
"CHEMBL414605";"";"None";"550.70";"1";"4.70";"15b";"Cc1[nH]c([C@@H](Cc2cn(C)c3ccccc23)NC(=O)[C@H](CC(C)C)NC(=O)N(C)C2CCCCC2)nc1C(=O)O";"IC50";"'='";"20000.0";"nM";"4.70";"";"";"UO_0000065";"8.53";"0.16";"0.00";"3.55";"0";"CHEMBL670653";"Inhibitory activity was evaluated against human Endothelin B receptor";"B";"BAO_0000357";"single protein format";"None";"None";"None";"None";"None";"";"";"";"CHEMBL1785";"Endothelin receptor ET-B";"Homo sapiens";"SINGLE PROTEIN";"CHEMBL1129499";"1";"Scientific Literature";"J Med Chem";"1996";"None";"";"";"";"20.0"
"CHEMBL311510";"";"None";"348.81";"0";"4.10";"35c";"Cc1noc(NS(=O)(=O)c2cccc(-c3ccccc3)c2)c1Cl";"IC50";"'='";"1200.0";"nM";"5.92";"";"";"UO_0000065";"16.97";"0.35";"1.82";"8.20";"0";"CHEMBL677439";"Binding affinity against human Endothelin B receptor in transfected COS 7 cell membrane preparation";"B";"BAO_0000219";"cell-based format";"None";"None";"None";"COS 7";"None";"";"";"";"CHEMBL1785";"Endothelin receptor ET-B";"Homo sapiens";"SINGLE PROTEIN";"CHEMBL1129771";"1";"Scientific Literature";"Bioorg Med Chem Lett";"1996";"None";"";"";"";"1.2"
"CHEMBL311781";"";"None";"373.27";"0";"3.81";"27a";"CCCc1ccc(Br)cc1S(=O)(=O)Nc1onc(C)c1C";"IC50";"'='";"26000.0";"nM";"4.58";"";"";"UO_0000065";"12.28";"0.30";"0.78";"6.35";"0";"CHEMBL677439";"Binding affinity against human Endothelin B receptor in transfected COS 7 cell membrane preparation";"B";"BAO_0000219";"cell-based format";"None";"None";"None";"COS 7";"None";"";"";"";"CHEMBL1785";"Endothelin receptor ET-B";"Homo sapiens";"SINGLE PROTEIN";"CHEMBL1129771";"1";"Scientific Literature";"Bioorg Med Chem Lett";"1996";"None";"";"";"";"26.0"
"CHEMBL128061";"";"None";"522.69";"2";"5.64";"1c";"CCCCN(CCCC)C(=O)CN1C[C@H](c2ccc3c(c2)OCO3)[C@@H](C(=O)O)[C@@H]1c1ccc(CCC)cc1";"IC50";"'='";"1130.0";"nM";"5.95";"";"";"UO_0000065";"11.38";"0.21";"0.31";"7.50";"0";"CHEMBL673048";"Binding affinity against endothelin B receptor in porcine cerebellar tissue";"B";"BAO_0000357";"single protein format";"Sus scrofa";"None";"None";"None";"None";"";"";"";"CHEMBL1785";"Endothelin receptor ET-B";"Homo sapiens";"SINGLE PROTEIN";"CHEMBL1134271";"1";"Scientific Literature";"J Med Chem";"2001";"None";"";"";"";"1130.0"
"CHEMBL419211";"";"None";"506.69";"2";"5.45";"2c";"CCCCN(CCCC)C(=O)CN1C[C@H](c2ccc3c(c2)CCC3)[C@@H](C(=O)O)[C@@H]1c1ccc(OC)cc1";"IC50";"'='";"8000.0";"nM";"5.10";"";"";"UO_0000065";"10.06";"0.19";"-0.35";"7.27";"0";"CHEMBL673048";"Binding affinity against endothelin B receptor in porcine cerebellar tissue";"B";"BAO_0000357";"single protein format";"Sus scrofa";"None";"None";"None";"None";"";"";"";"CHEMBL1785";"Endothelin receptor ET-B";"Homo sapiens";"SINGLE PROTEIN";"CHEMBL1134271";"1";"Scientific Literature";"J Med Chem";"2001";"None";"";"";"";"8000.0"
"CHEMBL10661";"";"None";"494.52";"0";"3.23";"36";"COc1ccc(C2(O)OC(=O)C(c3ccc4c(c3)OCO4)=C2Cc2ccc(S(C)(=O)=O)cc2)cc1";"IC50";"'='";"3000.0";"nM";"5.52";"";"";"UO_0000065";"11.17";"0.22";"2.29";"5.10";"0";"CHEMBL677440";"Binding affinity against human cloned Endothelin B receptor expressed in CHO-K1 cells";"B";"BAO_0000219";"cell-based format";"None";"None";"None";"CHO-K1";"None";"";"";"";"CHEMBL1785";"Endothelin receptor ET-B";"Homo sapiens";"SINGLE PROTEIN";"CHEMBL1129982";"1";"Scientific Literature";"J Med Chem";"1997";"CHEMBL3307512";"";"";"";"3000.0"
"CHEMBL323989";"";"None";"504.62";"1";"3.47";"9a";"CCCCN(CCCC)C(=O)CN1C[C@H](c2ccc3c(c2)OCO3)[C@@H](C(=O)O)[C@@H]1CCC1OCCO1";"IC50";"'>'";"100000.0";"nM";"";"";"";"UO_0000065";"";"";"";"";"0";"CHEMBL670729";"Binding affinity for endothelin B receptor by measuring its ability to displace [125I]-ET-3 from porcine cerebellar tissue";"B";"BAO_0000357";"single protein format";"Sus scrofa";"None";"None";"None";"None";"";"";"";"CHEMBL1785";"Endothelin receptor ET-B";"Homo sapiens";"SINGLE PROTEIN";"CHEMBL1131628";"1";"Scientific Literature";"J Med Chem";"1998";"None";"";"";"";"100000.0"
"CHEMBL37920";"";"None";"532.64";"2";"5.32";"2q";"COc1ccc([C@@H]2c3nc(NC(C)C)ccc3[C@H](c3ccc4c(c3)OCO4)[C@H]2C(=O)O)c(CCC(C)(C)O)c1";"IC50";"'='";"23.0";"nM";"7.64";"";"";"UO_0000065";"14.34";"0.27";"2.32";"6.94";"0";"CHEMBL670651";"Inhibitory activity against [125I]ET1 binding to human endothelin B receptor";"B";"BAO_0000357";"single protein format";"None";"None";"None";"None";"None";"";"";"";"CHEMBL1785";"Endothelin receptor ET-B";"Homo sapiens";"SINGLE PROTEIN";"CHEMBL1147633";"1";"Scientific Literature";"Bioorg Med Chem Lett";"2004";"None";"";"";"";"23.0"
"CHEMBL172441";"";"None";"704.83";"3";"5.50";"14";"COc1ccccc1Oc1c(NS(=O)(=O)c2ccc(C(C)(C)C)cc2)nc(-c2ncccn2)nc1OCCNS(=O)(=O)c1ccc(C)cc1";"IC50";"'='";"420.0";"nM";"6.38";"";"";"UO_0000065";"9.05";"0.18";"0.88";"3.72";"0";"CHEMBL670655";"Inhibitory concentration required against [125I]ET1 binding to membranes of CHO cells expressing human ETB receptor";"B";"BAO_0000219";"cell-based format";"None";"None";"None";"CHO";"None";"";"";"";"CHEMBL1785";"Endothelin receptor ET-B";"Homo sapiens";"SINGLE PROTEIN";"CHEMBL1136631";"1";"Scientific Literature";"Bioorg Med Chem Lett";"2003";"CHEMBL3308072";"";"";"";"420.0"
"CHEMBL366627";"";"None";"743.84";"2";"4.89";"40";"COc1ccccc1Oc1c(NS(=O)(=O)c2ccc(C)cn2)nc(-c2cc(OC)c(OC)c(OC)c2)nc1OCCNS(=O)(=O)c1cccs1";"IC50";"'='";"351.0";"nM";"6.46";"";"";"UO_0000065";"8.68";"0.18";"1.56";"3.46";"0";"CHEMBL670655";"Inhibitory concentration required against [125I]ET1 binding to membranes of CHO cells expressing human ETB receptor";"B";"BAO_0000219";"cell-based format";"None";"None";"None";"CHO";"None";"";"";"";"CHEMBL1785";"Endothelin receptor ET-B";"Homo sapiens";"SINGLE PROTEIN";"CHEMBL1136631";"1";"Scientific Literature";"Bioorg Med Chem Lett";"2003";"CHEMBL3308072";"";"";"";"351.0"
"CHEMBL70385";"";"None";"637.68";"2";"3.64";"4c";"COc1ccccc1Oc1c(NS(=O)(=O)c2ccc(C)cn2)nc(N2CCOCC2)nc1OCCOC(=O)Nc1ccccn1";"IC50";"'='";"25.0";"nM";"7.60";"";"";"UO_0000065";"11.92";"0.23";"3.96";"4.31";"0";"CHEMBL672256";"Receptor binding affinity was determined against [125I]ET1 with membranes prepared from human placenta for ETB receptor";"B";"BAO_0000019";"assay format";"None";"None";"None";"None";"None";"";"";"";"CHEMBL1785";"Endothelin receptor ET-B";"Homo sapiens";"SINGLE PROTEIN";"CHEMBL1130517";"1";"Scientific Literature";"Bioorg Med Chem Lett";"1997";"None";"";"";"";"0.025"
"CHEMBL70303";"";"None";"630.64";"2";"4.26";"4a";"COc1ccccc1Oc1c(NS(=O)(=O)c2ccc(C)cn2)nc(-c2ncccn2)nc1OCCOC(=O)Nc1ccccn1";"IC50";"'='";"170.0";"nM";"6.77";"";"";"UO_0000065";"10.73";"0.21";"2.51";"3.57";"0";"CHEMBL672256";"Receptor binding affinity was determined against [125I]ET1 with membranes prepared from human placenta for ETB receptor";"B";"BAO_0000019";"assay format";"None";"None";"None";"None";"None";"";"";"";"CHEMBL1785";"Endothelin receptor ET-B";"Homo sapiens";"SINGLE PROTEIN";"CHEMBL1130517";"1";"Scientific Literature";"Bioorg Med Chem Lett";"1997";"None";"";"";"";"0.17"
"CHEMBL110053";"";"None";"515.65";"1";"3.33";"9u";"CCCCN(CCCC)C(=O)CN1C[C@H](c2ccc3c(c2)OCO3)[C@@H](C(=O)O)[C@@H]1CCN1CCCC1=O";"IC50";"'='";"65400.0";"nM";"4.18";"";"";"UO_0000065";"8.11";"0.15";"0.85";"4.20";"0";"CHEMBL670729";"Binding affinity for endothelin B receptor by measuring its ability to displace [125I]-ET-3 from porcine cerebellar tissue";"B";"BAO_0000357";"single protein format";"Sus scrofa";"None";"None";"None";"None";"";"";"";"CHEMBL1785";"Endothelin receptor ET-B";"Homo sapiens";"SINGLE PROTEIN";"CHEMBL1131628";"1";"Scientific Literature";"J Med Chem";"1998";"None";"";"";"";"65400.0"
"CHEMBL2261601";"";"None";"536.61";"1";"4.01";"14";"COCc1ccc2c(C(C(=O)NS(=O)(=O)c3ccc(C)cc3OC)c3ccc4c(c3)OCO4)cn(C)c2c1";"IC50";"'='";"1140.0";"nM";"5.94";"";"";"UO_0000065";"11.08";"0.21";"1.93";"5.66";"0";"CHEMBL3056375";"Displacement of [I125]ET1 from Homo sapiens (human) ETB receptor expressed in CHO cells";"B";"BAO_0000219";"cell-based format";"Homo sapiens";"None";"None";"CHO";"None";"";"";"";"CHEMBL1785";"Endothelin receptor ET-B";"Homo sapiens";"SINGLE PROTEIN";"CHEMBL3045872";"1";"Scientific Literature";"Med Chem Res";"2004";"CHEMBL3308072";"";"";"";"1140.0"
"CHEMBL2261362";"";"None";"492.55";"0";"3.34";"9";"Cc1ccc(S(=O)(=O)NC(=O)C(c2ccc3c(c2)OCO3)c2cn(C)c3cc(CO)ccc23)cc1";"IC50";"";"";"";"";"";"Not Determined";"";"";"";"";"";"0";"CHEMBL3056375";"Displacement of [I125]ET1 from Homo sapiens (human) ETB receptor expressed in CHO cells";"B";"BAO_0000219";"cell-based format";"Homo sapiens";"None";"None";"CHO";"None";"";"";"";"CHEMBL1785";"Endothelin receptor ET-B";"Homo sapiens";"SINGLE PROTEIN";"CHEMBL3045872";"1";"Scientific Literature";"Med Chem Res";"2004";"CHEMBL3308072";"";"";"";""
"CHEMBL2261359";"";"None";"536.56";"1";"3.56";"7a";"COc1cc(C)ccc1S(=O)(=O)NC(=O)[C@@H](c1ccc2c(c1)OCO2)c1cn(C)c2cc(C(=O)O)ccc12";"IC50";"'='";"347.0";"nM";"6.46";"";"";"UO_0000065";"12.04";"0.23";"2.90";"4.85";"0";"CHEMBL3056375";"Displacement of [I125]ET1 from Homo sapiens (human) ETB receptor expressed in CHO cells";"B";"BAO_0000219";"cell-based format";"Homo sapiens";"None";"None";"CHO";"None";"";"";"";"CHEMBL1785";"Endothelin receptor ET-B";"Homo sapiens";"SINGLE PROTEIN";"CHEMBL3045872";"1";"Scientific Literature";"Med Chem Res";"2004";"CHEMBL3308072";"";"";"";"347.0"
"CHEMBL2261356";"";"None";"504.61";"2";"5.15";"4";"CCn1cc(C(C(=O)NS(=O)(=O)c2ccc(C(C)C)cc2)c2ccc3c(c2)OCO3)c2ccccc21";"IC50";"";"";"";"";"";"Not Determined";"";"";"";"";"";"0";"CHEMBL3056375";"Displacement of [I125]ET1 from Homo sapiens (human) ETB receptor expressed in CHO cells";"B";"BAO_0000219";"cell-based format";"Homo sapiens";"None";"None";"CHO";"None";"";"";"";"CHEMBL1785";"Endothelin receptor ET-B";"Homo sapiens";"SINGLE PROTEIN";"CHEMBL3045872";"1";"Scientific Literature";"Med Chem Res";"2004";"CHEMBL3308072";"";"";"";""
"CHEMBL366628";"";"None";"662.75";"2";"4.51";"39";"COc1ccccc1Oc1c(NS(=O)(=O)c2ccc(C)cn2)nc(-c2ccncc2)nc1OCCNS(=O)(=O)c1ccc(C)cc1";"IC50";"'='";"1537.0";"nM";"5.81";"";"";"UO_0000065";"8.77";"0.17";"1.30";"3.39";"0";"CHEMBL670655";"Inhibitory concentration required against [125I]ET1 binding to membranes of CHO cells expressing human ETB receptor";"B";"BAO_0000219";"cell-based format";"None";"None";"None";"CHO";"None";"";"";"";"CHEMBL1785";"Endothelin receptor ET-B";"Homo sapiens";"SINGLE PROTEIN";"CHEMBL1136631";"1";"Scientific Literature";"Bioorg Med Chem Lett";"2003";"CHEMBL3308072";"";"";"";"1537.0"
"CHEMBL297107";"";"None";"366.22";"0";"1.71";"5a";"Cc1noc(NS(=O)(=O)c2ccsc2C(N)=O)c1Br";"IC50";"'>'";"100000.0";"nM";"";"";"";"UO_0000065";"";"";"";"";"0";"CHEMBL670643";"In vitro inhibition of endothelin binding to human Endothelin B receptor using [125I]-labeled ET-1 competition assay";"B";"BAO_0000357";"single protein format";"None";"None";"None";"None";"None";"";"";"";"CHEMBL1785";"Endothelin receptor ET-B";"Homo sapiens";"SINGLE PROTEIN";"CHEMBL1130042";"1";"Scientific Literature";"J Med Chem";"1997";"None";"";"";"";"100000.0"
"CHEMBL295632";"";"None";"515.95";"1";"3.55";"5bb";"COC(=O)c1cc(OC)cc(OC)c1NC(=O)c1sccc1S(=O)(=O)Nc1onc(C)c1Cl";"IC50";"'>'";"100000.0";"nM";"";"";"";"UO_0000065";"";"";"";"";"0";"CHEMBL670643";"In vitro inhibition of endothelin binding to human Endothelin B receptor using [125I]-labeled ET-1 competition assay";"B";"BAO_0000357";"single protein format";"None";"None";"None";"None";"None";"";"";"";"CHEMBL1785";"Endothelin receptor ET-B";"Homo sapiens";"SINGLE PROTEIN";"CHEMBL1130042";"1";"Scientific Literature";"J Med Chem";"1997";"None";"";"";"";"100000.0"
"CHEMBL176999";"";"None";"631.70";"3";"5.01";"55";"C#CCOc1nc(-c2ccnc(-c3noc(S)n3)c2)nc(NS(=O)(=O)c2ccc(C(C)C)cn2)c1Oc1ccccc1OC";"IC50";"'='";"366.0";"nM";"6.44";"";"";"UO_0000065";"10.19";"0.20";"1.43";"3.92";"0";"CHEMBL670645";"In vitro inhibitory concentration required against [125I]ET1 binding to membranes of CHO cells expressing human ETB receptor";"B";"BAO_0000219";"cell-based format";"None";"None";"None";"CHO";"None";"";"";"";"CHEMBL1785";"Endothelin receptor ET-B";"Homo sapiens";"SINGLE PROTEIN";"CHEMBL1136632";"1";"Scientific Literature";"Bioorg Med Chem Lett";"2003";"CHEMBL3308072";"";"";"";"366.0"
"CHEMBL10862";"";"None";"558.52";"1";"4.42";"72, Na salt";"COc1ccc(C(=O)/C(Cc2ccc(OC)c(OC)c2OC)=C(\C(=O)[O-])c2cc(OC)c3c(c2)OCO3)cc1.[Na+]";"IC50";"'='";"5100.0";"nM";"5.29";"";"";"UO_0000065";"9.86";"0.19";"0.87";"4.45";"0";"CHEMBL871935";"Inhibition of Endothelin B receptor mediated (ET-3) release of arachidonic acid from human cloned receptors expressed in CHO-K1 cells";"B";"BAO_0000219";"cell-based format";"None";"None";"None";"CHO-K1";"None";"";"";"";"CHEMBL1785";"Endothelin receptor ET-B";"Homo sapiens";"SINGLE PROTEIN";"CHEMBL1129982";"1";"Scientific Literature";"J Med Chem";"1997";"CHEMBL3307512";"";"";"";"5100.0"
"CHEMBL268751";"";"None";"473.48";"1";"5.30";"31";"CCCOc1ccc2c(-c3ccc4c(c3)OCO4)c(C(=O)O)n(Cc3ccc4c(c3)OCO4)c2c1";"IC50";"'='";"5600.0";"nM";"5.25";"";"";"UO_0000065";"11.09";"0.20";"-0.05";"5.94";"0";"CHEMBL670654";"Inhibitory concentration against Endothelin B receptor expressed in CHO-K1 cells";"B";"BAO_0000219";"cell-based format";"None";"None";"None";"CHO-K1";"None";"";"";"";"CHEMBL1785";"Endothelin receptor ET-B";"Homo sapiens";"SINGLE PROTEIN";"CHEMBL1129233";"1";"Scientific Literature";"Bioorg Med Chem Lett";"1996";"CHEMBL3307512";"";"";"";"5.6"
"CHEMBL4072165";"";"None";"607.67";"2";"5.38";"62";"CCc1cc2c(cc1Cn1c(C(=O)O)c(Cc3cccc(-c4nnn[nH]4)c3)c(=O)c3cc(OCC4CCCC4)ccc31)OCO2";"IC50";"'='";"1983.0";"nM";"5.70";"";"";"UO_0000065";"9.38";"0.17";"0.32";"4.03";"0";"CHEMBL4030315";"Antagonist activity at ETB receptor (unknown origin) expressed in HEK293T cells measured after 30 mins by CCF4-AM dye based GeneBlazer FRET assay";"B";"BAO_0000219";"cell-based format";"Homo sapiens";"None";"None";"None";"None";"";"";"";"CHEMBL1785";"Endothelin receptor ET-B";"Homo sapiens";"SINGLE PROTEIN";"CHEMBL4028842";"1";"Scientific Literature";"Bioorg Med Chem Lett";"2017";"None";"";"";"";"1983.0"
"CHEMBL289216";"";"None";"520.58";"1";"4.38";"2g (diastereomer)";"COc1ccc([C@@H]2c3nc(NC(C)C)ccc3[C@H](c3ccc4c(c3)OCO4)[C@H]2C(=O)O)c(OC(C)CO)c1";"IC50";"'='";"78.0";"nM";"7.11";"";"";"UO_0000065";"13.65";"0.26";"2.73";"5.95";"0";"CHEMBL670651";"Inhibitory activity against [125I]ET1 binding to human endothelin B receptor";"B";"BAO_0000357";"single protein format";"None";"None";"None";"None";"None";"";"";"";"CHEMBL1785";"Endothelin receptor ET-B";"Homo sapiens";"SINGLE PROTEIN";"CHEMBL1147633";"1";"Scientific Literature";"Bioorg Med Chem Lett";"2004";"None";"";"";"";"78.0"
"CHEMBL398070";"";"None";"1006.14";"None";"None";"19";"CC(=O)CC(=O)CCc1ccc(NC(=O)CCOCCOCCOCCOCCOCCOCCOCCC(=O)N(C)Cc2cc(-c3ncco3)ccc2-c2ccccc2S(=O)(=O)Nc2ccno2)cc1";"IC50";"'='";"4690.0";"nM";"5.33";"";"";"UO_0000065";"5.30";"None";"None";"None";"0";"CHEMBL902324";"Displacement of [125I]ET1 from human ETB receptor expressed in CHO cells";"B";"BAO_0000219";"cell-based format";"Homo sapiens";"None";"None";"CHO";"None";"";"";"";"CHEMBL1785";"Endothelin receptor ET-B";"Homo sapiens";"SINGLE PROTEIN";"CHEMBL1138388";"1";"Scientific Literature";"Bioorg Med Chem Lett";"2007";"CHEMBL3308072";"";"";"";"4690.0"
"CHEMBL64558";"";"None";"409.48";"0";"4.77";"100";"CCCCC1=C(C(N)=O)C(c2ccc3c(c2)OCO3)Oc2ccc(OC(C)C)cc21";"IC50";"";"";"nM";"";"";"Not Determined";"UO_0000065";"";"";"";"";"0";"CHEMBL670727";"Binding affinity for Endothelin B receptor by inhibiting [125I]-ET-3 binding to cloned pig ET-B receptor expressed in COS-7 cells; not tested";"B";"BAO_0000219";"cell-based format";"Sus scrofa";"None";"None";"COS-7";"None";"";"";"";"CHEMBL1785";"Endothelin receptor ET-B";"Homo sapiens";"SINGLE PROTEIN";"CHEMBL1135409";"1";"Scientific Literature";"J Med Chem";"2002";"CHEMBL3307648";"";"";"";""
"CHEMBL431372";"";"None";"412.48";"1";"5.31";"106";"CCCC[C@@H]1c2cc(OC(C)C)ccc2O[C@H](c2ccc3c(c2)OCO3)[C@H]1C(=O)O";"IC50";"";"";"nM";"";"";"Not Determined";"UO_0000065";"";"";"";"";"0";"CHEMBL670727";"Binding affinity for Endothelin B receptor by inhibiting [125I]-ET-3 binding to cloned pig ET-B receptor expressed in COS-7 cells; not tested";"B";"BAO_0000219";"cell-based format";"Sus scrofa";"None";"None";"COS-7";"None";"";"";"";"CHEMBL1785";"Endothelin receptor ET-B";"Homo sapiens";"SINGLE PROTEIN";"CHEMBL1135409";"1";"Scientific Literature";"J Med Chem";"2002";"CHEMBL3307648";"";"";"";""
"CHEMBL283535";"";"None";"483.91";"0";"3.68";"5kk (TBC11192)";"CC(=O)c1cc2c(cc1NC(=O)c1sccc1S(=O)(=O)Nc1onc(C)c1Cl)OCO2";"IC50";"'='";"32600.0";"nM";"4.49";"";"";"UO_0000065";"9.27";"0.20";"0.81";"3.28";"0";"CHEMBL670643";"In vitro inhibition of endothelin binding to human Endothelin B receptor using [125I]-labeled ET-1 competition assay";"B";"BAO_0000357";"single protein format";"None";"None";"None";"None";"None";"";"";"";"CHEMBL1785";"Endothelin receptor ET-B";"Homo sapiens";"SINGLE PROTEIN";"CHEMBL1130042";"1";"Scientific Literature";"J Med Chem";"1997";"None";"";"";"";"32600.0"
"CHEMBL298922";"";"None";"461.51";"0";"4.79";"4d";"CCCOc1ccc2c(c1)[C@@H](c1ccc(OC)cc1)N(CC(=O)O)[C@@H]2c1ccc2c(c1)OCO2";"IC50";"";"";"nM";"";"";"Not Determined";"UO_0000065";"";"";"";"";"0";"CHEMBL670648";"Inhibition of [125I]ET1 binding to CHO cells expressing human Endothelin B receptor at a concentration of 1 uM; ND=not determined";"B";"BAO_0000219";"cell-based format";"None";"None";"None";"CHO";"None";"";"";"";"CHEMBL1785";"Endothelin receptor ET-B";"Homo sapiens";"SINGLE PROTEIN";"CHEMBL1134124";"1";"Scientific Literature";"Bioorg Med Chem Lett";"2001";"CHEMBL3308072";"";"";"";""
"CHEMBL288967";"";"None";"586.36";"0";"3.87";"5e";"COc1cccc(NC(=O)c2sccc2S(=O)(=O)Nc2onc(C)c2Br)c1.O=C(O)C(F)(F)F";"IC50";"'='";"63100.0";"nM";"4.20";"";"";"UO_0000065";"8.89";"0.21";"0.33";"3.80";"0";"CHEMBL670643";"In vitro inhibition of endothelin binding to human Endothelin B receptor using [125I]-labeled ET-1 competition assay";"B";"BAO_0000357";"single protein format";"None";"None";"None";"None";"None";"";"";"";"CHEMBL1785";"Endothelin receptor ET-B";"Homo sapiens";"SINGLE PROTEIN";"CHEMBL1130042";"1";"Scientific Literature";"J Med Chem";"1997";"None";"";"";"";"63100.0"
"CHEMBL4095638";"";"None";"610.71";"2";"0.83";"BQ-123";"CC(C)C[C@@H]1NC(=O)[C@@H](C(C)C)NC(=O)[C@@H]2CCCN2C(=O)[C@@H](CC(=O)O)NC(=O)[C@H](Cc2c[nH]c3ccccc23)NC1=O";"IC50";"";"";"";"";"";"Not Determined";"";"";"";"";"";"0";"CHEMBL4030315";"Antagonist activity at ETB receptor (unknown origin) expressed in HEK293T cells measured after 30 mins by CCF4-AM dye based GeneBlazer FRET assay";"B";"BAO_0000219";"cell-based format";"Homo sapiens";"None";"None";"None";"None";"";"";"";"CHEMBL1785";"Endothelin receptor ET-B";"Homo sapiens";"SINGLE PROTEIN";"CHEMBL4028842";"1";"Scientific Literature";"Bioorg Med Chem Lett";"2017";"None";"";"";"";""
"CHEMBL298203";"";"None";"420.47";"0";"3.31";"15b";"Cc1noc(NS(=O)(=O)c2ccsc2C(=O)Cc2ccc3c(c2)OCO3)c1C";"IC50";"'='";"27200.0";"nM";"4.57";"";"";"UO_0000065";"10.86";"0.22";"1.26";"4.24";"0";"CHEMBL670644";"In vitro inhibition of endothelin binding to human Endothelin B receptor using [125I]-labeled ET-1 competition assay";"B";"BAO_0000357";"single protein format";"None";"None";"None";"None";"None";"";"";"";"CHEMBL1785";"Endothelin receptor ET-B";"Homo sapiens";"SINGLE PROTEIN";"CHEMBL1130344";"1";"Scientific Literature";"J Med Chem";"1997";"None";"";"";"";"27200.0"
"CHEMBL405599";"";"None";"967.14";"2";"2.39";"11";"CC[C@H](C)[C@H](NC(=O)[C@H](CC(=O)O)NC(=O)[C@H](CCCNC(=N)N)NC(=O)[C@@H](NC(C)=O)C(c1ccccc1)c1ccccc1)C(=O)N[C@H](C(=O)N[C@@H](Cc1c[nH]c2ccccc12)C(=O)O)[C@@H](C)CC";"IC50";"'='";"590.0";"nM";"6.23";"";"";"UO_0000065";"6.44";"0.12";"3.84";"1.91";"0";"CHEMBL677445";"Binding affinity measured in CHO cells stably transfected with the human endothelin B receptor";"B";"BAO_0000219";"cell-based format";"Homo sapiens";"None";"None";"CHO";"None";"";"";"";"CHEMBL1785";"Endothelin receptor ET-B";"Homo sapiens";"SINGLE PROTEIN";"CHEMBL1128478";"1";"Scientific Literature";"J Med Chem";"1995";"CHEMBL3308072";"";"";"";"0.59"
"CHEMBL15310";"";"None";"744.98";"2";"8.18";"8";"CCCc1cc(Cn2c(CC)nc3c(C)cc(C)nc32)cc(CCC)c1OC(C(=O)NS(=O)(=O)c1ccc(CC(C)C)s1)c1ccc2c(c1)OCO2";"IC50";"'='";"420.0";"nM";"6.38";"";"";"UO_0000065";"8.56";"0.17";"-1.80";"5.24";"0";"CHEMBL670656";"Inhibition of human endothelin B (ETB) receptor expressed in CHO cells";"B";"BAO_0000219";"cell-based format";"Homo sapiens";"None";"None";"CHO";"None";"";"";"";"CHEMBL1785";"Endothelin receptor ET-B";"Homo sapiens";"SINGLE PROTEIN";"CHEMBL1128156";"1";"Scientific Literature";"Bioorg Med Chem Lett";"1995";"CHEMBL3308072";"";"";"";"0.42"
"CHEMBL368558";"";"None";"524.66";"2";"5.08";"49";"CCCCN(CCCC)C(=O)CN1C[C@H](c2ccc3c(c2)OCO3)[C@@H](CC(=O)O)[C@@H]1c1ccc(OC)cc1";"IC50";"'='";"5100.0";"nM";"5.29";"";"";"UO_0000065";"10.09";"0.19";"0.21";"5.98";"0";"CHEMBL673747";"Inhibitory concentration against Endothelin B receptor";"B";"BAO_0000357";"single protein format";"None";"None";"None";"None";"None";"";"";"";"CHEMBL1785";"Endothelin receptor ET-B";"Homo sapiens";"SINGLE PROTEIN";"CHEMBL1139440";"1";"Scientific Literature";"J Med Chem";"2004";"None";"";"";"";"5100.0"
"CHEMBL96154";"";"None";"564.69";"2";"5.30";"rac-39aj";"Cc1cc(C)nc(O[C@H](C(=O)O)[C@@]2(c3ccccc3)NCC(=O)N(Cc3ccc(C(C)(C)C)cc3)c3ccccc32)n1";"IC50";"'='";"24.1";"nM";"7.62";"";"";"UO_0000065";"";"";"";"";"0";"CHEMBL670641";"Antagonist activity towards human recombinant Endothelin B receptor expressed in chinese hamster ovary (CHO) cells determined using [125I]ET1 as radioligand";"F";"BAO_0000219";"cell-based format";"None";"None";"None";"CHO";"None";"";"";"";"CHEMBL1785";"Endothelin receptor ET-B";"Homo sapiens";"SINGLE PROTEIN";"CHEMBL1149183";"1";"Scientific Literature";"J Med Chem";"2004";"CHEMBL3308072";"";"";"";"24.1"
"CHEMBL94934";"";"None";"570.62";"1";"4.46";"rac-75";"COc1ccc(CN2C(=O)CN[C@](c3ccc(F)c(C)c3)([C@H](Oc3nc(C)cc(C)n3)C(=O)O)c3ccccc32)cc1";"IC50";"'='";"33.2";"nM";"7.48";"";"";"UO_0000065";"";"";"";"";"0";"CHEMBL670641";"Antagonist activity towards human recombinant Endothelin B receptor expressed in chinese hamster ovary (CHO) cells determined using [125I]ET1 as radioligand";"F";"BAO_0000219";"cell-based format";"None";"None";"None";"CHO";"None";"";"";"";"CHEMBL1785";"Endothelin receptor ET-B";"Homo sapiens";"SINGLE PROTEIN";"CHEMBL1149183";"1";"Scientific Literature";"J Med Chem";"2004";"CHEMBL3308072";"";"";"";"33.2"
"CHEMBL175278";"";"None";"666.76";"2";"4.06";"73";"COc1ccccc1Oc1c(NS(=O)(=O)c2ccc(C)cn2)nc(N2CCOCC2)nc1OCC#CCOC(=O)NC1CCCCC1";"IC50";"'='";"603.0";"nM";"6.22";"";"";"UO_0000065";"9.33";"0.18";"2.16";"3.81";"0";"CHEMBL670645";"In vitro inhibitory concentration required against [125I]ET1 binding to membranes of CHO cells expressing human ETB receptor";"B";"BAO_0000219";"cell-based format";"None";"None";"None";"CHO";"None";"";"";"";"CHEMBL1785";"Endothelin receptor ET-B";"Homo sapiens";"SINGLE PROTEIN";"CHEMBL1136632";"1";"Scientific Literature";"Bioorg Med Chem Lett";"2003";"CHEMBL3308072";"";"";"";"603.0"
"CHEMBL267610";"";"None";"2061.21";"None";"None";"10";"C[C@H](NC(=O)[C@@H](NC(=O)CNC(=O)[C@H](Cc1c[nH]cn1)NC(=O)[C@H](Cc1c[nH]c2ccccc12)NC(=O)[C@H](CC(N)=O)NC(=O)CN)[C@@H](C)O)C(=O)N1CCC[C@@H]1C(=O)N[C@H](CC(=O)O)C(=O)N[C@@H](Cc1c[nH]c2ccccc12)C(=O)N[C@@H](Cc1ccccc1)C(=O)N[C@@H](Cc1ccccc1)C(=O)N[C@@H](CC(N)=O)C(=O)N[C@@H](Cc1ccc(O)cc1)C(=O)N[C@@H](Cc1ccc(O)cc1)C(=O)N[C@@H](Cc1c[nH]c2ccccc12)C(=O)O";"IC50";"'>'";"2500.0";"nM";"";"";"";"UO_0000065";"";"";"";"";"0";"CHEMBL677272";"Binding affinity in Chinese hamster ovary (CHO) cells stably transfected with human endothelin B (ETB) receptor";"B";"BAO_0000219";"cell-based format";"Homo sapiens";"None";"None";"CHO";"None";"";"";"";"CHEMBL1785";"Endothelin receptor ET-B";"Homo sapiens";"SINGLE PROTEIN";"CHEMBL1152094";"1";"Scientific Literature";"Bioorg Med Chem Lett";"1995";"CHEMBL3308072";"";"";"";"2.5"
"CHEMBL129060";"";"None";"522.69";"2";"5.29";"2h";"CCCCN(CCCC)C(=O)CN1C[C@H](c2ccc3c(c2)OCCO3)[C@@H](C(=O)O)[C@@H]1c1ccc(CC)cc1";"IC50";"'='";"7700.0";"nM";"5.11";"";"";"UO_0000065";"9.78";"0.18";"-0.18";"6.45";"0";"CHEMBL673048";"Binding affinity against endothelin B receptor in porcine cerebellar tissue";"B";"BAO_0000357";"single protein format";"Sus scrofa";"None";"None";"None";"None";"";"";"";"CHEMBL1785";"Endothelin receptor ET-B";"Homo sapiens";"SINGLE PROTEIN";"CHEMBL1134271";"1";"Scientific Literature";"J Med Chem";"2001";"None";"";"";"";"7700.0"
"CHEMBL94766";"";"None";"562.55";"1";"4.42";"rac-39av";"Cc1cc(C)nc(O[C@H](C(=O)O)[C@@]2(c3ccccc3)NCC(=O)N(Cc3cc(F)c(F)c(F)c3)c3ccccc32)n1";"IC50";"'='";"25.3";"nM";"7.60";"";"";"UO_0000065";"";"";"";"";"0";"CHEMBL670641";"Antagonist activity towards human recombinant Endothelin B receptor expressed in chinese hamster ovary (CHO) cells determined using [125I]ET1 as radioligand";"F";"BAO_0000219";"cell-based format";"None";"None";"None";"CHO";"None";"";"";"";"CHEMBL1785";"Endothelin receptor ET-B";"Homo sapiens";"SINGLE PROTEIN";"CHEMBL1149183";"1";"Scientific Literature";"J Med Chem";"2004";"CHEMBL3308072";"";"";"";"25.3"
"CHEMBL69741";"";"None";"520.56";"1";"4.12";"4b";"COc1ccc(C2(O)OC(=O)C(c3ccc4nsnc4c3)=C2Cc2cc(OC)c(OC)c(OC)c2)cc1";"IC50";"'='";"340.0";"nM";"6.47";"";"";"UO_0000065";"12.43";"0.24";"2.35";"5.92";"0";"CHEMBL670730";"Inhibition of [125I]ET1 binding to porcine kidney inner medulla membrane Endothelin B receptor";"B";"BAO_0000019";"assay format";"Sus scrofa";"None";"None";"None";"None";"";"";"";"CHEMBL1785";"Endothelin receptor ET-B";"Homo sapiens";"SINGLE PROTEIN";"CHEMBL1130971";"1";"Scientific Literature";"Bioorg Med Chem Lett";"1998";"None";"";"";"";"340.0"
"CHEMBL431286";"";"None";"561.01";"1";"4.80";"rac-39aw";"Cc1cc(C)nc(O[C@H](C(=O)O)[C@@]2(c3ccccc3)NCC(=O)N(Cc3c(F)cccc3Cl)c3ccccc32)n1";"IC50";"'='";"10.9";"nM";"7.96";"";"";"UO_0000065";"";"";"";"";"0";"CHEMBL670641";"Antagonist activity towards human recombinant Endothelin B receptor expressed in chinese hamster ovary (CHO) cells determined using [125I]ET1 as radioligand";"F";"BAO_0000219";"cell-based format";"None";"None";"None";"CHO";"None";"";"";"";"CHEMBL1785";"Endothelin receptor ET-B";"Homo sapiens";"SINGLE PROTEIN";"CHEMBL1149183";"1";"Scientific Literature";"J Med Chem";"2004";"CHEMBL3308072";"";"";"";"10.9"
"CHEMBL421073";"";"None";"516.59";"1";"4.77";"17";"CCc1cccc(C)c1NC(=O)CN1C[C@H](c2ccc3c(c2)OCO3)[C@@H](C(=O)O)[C@@H]1c1ccc(OC)cc1";"IC50";"'='";"4.0";"nM";"8.40";"";"";"UO_0000065";"16.26";"0.30";"3.63";"8.63";"0";"CHEMBL670478";"Binding affinity towards human Endothelin B receptor (hET -B)";"B";"BAO_0000357";"single protein format";"None";"None";"None";"None";"None";"";"";"";"CHEMBL1785";"Endothelin receptor ET-B";"Homo sapiens";"SINGLE PROTEIN";"CHEMBL1132381";"1";"Scientific Literature";"J Med Chem";"1999";"None";"";"";"";"4.0"
"CHEMBL10926";"";"None";"485.32";"1";"5.13";"14";"COc1ccc(C2(O)OC(=O)C(c3ccc4c(c3)OCO4)=C2Cc2ccc(Cl)c(Cl)c2)cc1";"IC50";"'>'";"2500.0";"nM";"";"";"";"UO_0000065";"";"";"";"";"0";"CHEMBL677440";"Binding affinity against human cloned Endothelin B receptor expressed in CHO-K1 cells";"B";"BAO_0000219";"cell-based format";"None";"None";"None";"CHO-K1";"None";"";"";"";"CHEMBL1785";"Endothelin receptor ET-B";"Homo sapiens";"SINGLE PROTEIN";"CHEMBL1129982";"1";"Scientific Literature";"J Med Chem";"1997";"CHEMBL3307512";"";"";"";"2500.0"
"CHEMBL366364";"";"None";"441.37";"0";"4.70";"35a";"Cc1ccc(CCc2ccsc2S(=O)(=O)Nc2onc(C)c2Br)cc1";"IC50";"'='";"9355.0";"nM";"5.03";"";"";"UO_0000065";"11.39";"0.27";"0.33";"6.97";"0";"CHEMBL678457";"Inhibition of human Endothelin B receptor using I-ET-1 as radioligand in a competitive radioligand assay";"B";"BAO_0000357";"single protein format";"None";"None";"None";"None";"None";"";"";"";"CHEMBL1785";"Endothelin receptor ET-B";"Homo sapiens";"SINGLE PROTEIN";"CHEMBL1129901";"1";"Scientific Literature";"Bioorg Med Chem Lett";"1997";"None";"";"";"";"9.355"
"CHEMBL330895";"";"None";"672.70";"2";"5.56";"10g";"CCC(CC)C(NC(=O)CN1C[C@H](c2ccc3c(c2)OCO3)[C@@H](C(=O)O)[C@@H]1c1ccc(OC)cc1)c1ccccc1.O=C(O)C(F)(F)F";"IC50";"'='";"1.1";"nM";"8.96";"";"";"UO_0000065";"16.04";"0.30";"3.40";"9.20";"0";"CHEMBL670477";"Binding ability determined by the displacement of [125 I]ET-3 from the human Endothelin B receptor";"B";"BAO_0000357";"single protein format";"None";"None";"None";"None";"None";"";"";"";"CHEMBL1785";"Endothelin receptor ET-B";"Homo sapiens";"SINGLE PROTEIN";"CHEMBL1132108";"1";"Scientific Literature";"J Med Chem";"1999";"None";"";"";"";"1.1"
"CHEMBL10901";"";"None";"432.47";"0";"4.11";"65";"COc1ccc(C2(O)OC(=O)C(c3ccc(OC)c(OC)c3)=C2Cc2ccccc2)cc1";"IC50";"'='";"3900.0";"nM";"5.41";"";"";"UO_0000065";"12.51";"0.23";"1.30";"7.29";"0";"CHEMBL677440";"Binding affinity against human cloned Endothelin B receptor expressed in CHO-K1 cells";"B";"BAO_0000219";"cell-based format";"None";"None";"None";"CHO-K1";"None";"";"";"";"CHEMBL1785";"Endothelin receptor ET-B";"Homo sapiens";"SINGLE PROTEIN";"CHEMBL1129982";"1";"Scientific Literature";"J Med Chem";"1997";"CHEMBL3307512";"";"";"";"3900.0"
"CHEMBL11131";"";"None";"386.40";"0";"3.81";"6";"O=C1OC(O)(c2ccccc2)C(Cc2ccccc2)=C1c1ccc2c(c1)OCO2";"IC50";"'='";"30000.0";"nM";"4.52";"";"";"UO_0000065";"";"";"";"";"0";"CHEMBL878154";"Tested for antagonistic activity against Endothelin B receptor in human (CHO expressed).";"F";"BAO_0000019";"assay format";"None";"None";"None";"None";"None";"";"";"";"CHEMBL1785";"Endothelin receptor ET-B";"Homo sapiens";"SINGLE PROTEIN";"CHEMBL1128292";"1";"Scientific Literature";"J Med Chem";"1995";"None";"";"";"";"30000.0"
"CHEMBL3980643";"";"None";"2490.96";"None";"None";"Endothelin-1";"CC[C@H](C)[C@H](NC(=O)[C@H](CC(=O)O)NC(=O)[C@H](CC(C)C)NC(=O)[C@H](Cc1cnc[nH]1)NC(=O)[C@@H]1CSSC[C@H](N)C(=O)N[C@@H](CO)C(=O)N[C@H]2CSSC[C@H](NC(=O)[C@H](CCC(=O)O)NC(=O)[C@H](CCCCN)NC(=O)[C@H](CC(=O)O)NC(=O)[C@H](CCSC)NC(=O)[C@H](CC(C)C)NC(=O)[C@H](CO)NC(=O)[C@H](CO)NC2=O)C(=O)N[C@@H](C(C)C)C(=O)N[C@@H](Cc2ccc(O)cc2)C(=O)N[C@@H](Cc2ccccc2)C(=O)N1)C(=O)N[C@H](C(=O)N[C@@H](Cc1c[nH]c2ccccc12)C(N)=O)[C@@H](C)CC";"IC50";"'='";"0.1";"nM";"10.00";"";"";"UO_0000065";"";"";"";"";"0";"CHEMBL3862585";"Agonist activity at human recombinant ETB receptor expressed in CHOK1 cells assessed as induction of Ca2+ mobilization by fluorimetric method";"F";"BAO_0000219";"cell-based format";"Homo sapiens";"None";"None";"CHO-K1";"None";"";"";"";"CHEMBL1785";"Endothelin receptor ET-B";"Homo sapiens";"SINGLE PROTEIN";"CHEMBL3861962";"1";"Scientific Literature";"Eur J Med Chem";"2016";"CHEMBL3307512";"";"";"";"0.1"
"CHEMBL173336";"";"None";"266.29";"0";"0.83";"6";"C/C=C/C=C/C(=O)O[C@@H]1C=C2COC(O)[C@]2(O)CC1";"IC50";"'>'";"25000.0";"nM";"";"";"";"UO_0000065";"";"";"";"";"0";"CHEMBL676633";"Tested for binding affinity towards human Endothelin B receptor";"B";"BAO_0000357";"single protein format";"None";"None";"None";"None";"None";"";"";"";"CHEMBL1785";"Endothelin receptor ET-B";"Homo sapiens";"SINGLE PROTEIN";"CHEMBL1133352";"1";"Scientific Literature";"Bioorg Med Chem Lett";"2000";"None";"";"";"";"25.0"
"CHEMBL175698";"";"None";"552.67";"2";"5.39";"16h";"Cc1oc([C@@H](Cc2cn(C)c3ccccc23)NC(=O)[C@H](CC(C)C)OC(=O)N(C)C2CCCCC2)nc1C(=O)O";"IC50";"'='";"90000.0";"nM";"4.05";"";"";"UO_0000065";"7.32";"0.14";"-1.34";"3.19";"0";"CHEMBL670653";"Inhibitory activity was evaluated against human Endothelin B receptor";"B";"BAO_0000357";"single protein format";"None";"None";"None";"None";"None";"";"";"";"CHEMBL1785";"Endothelin receptor ET-B";"Homo sapiens";"SINGLE PROTEIN";"CHEMBL1129499";"1";"Scientific Literature";"J Med Chem";"1996";"None";"";"";"";"90.0"
"CHEMBL4075238";"";"None";"663.79";"1";"4.82";"BQ-788";"CCCC[C@@H](NC(=O)[C@@H](Cc1cc2ccccc2n1C(=O)OC)NC(=O)[C@H](CC(C)(C)C)NC(=O)N1[C@H](C)CCC[C@@H]1C)C(=O)[O-].[Na+]";"IC50";"'='";"1.2";"nM";"8.92";"";"";"UO_0000065";"13.90";"0.26";"4.10";"5.61";"0";"CHEMBL4030315";"Antagonist activity at ETB receptor (unknown origin) expressed in HEK293T cells measured after 30 mins by CCF4-AM dye based GeneBlazer FRET assay";"B";"BAO_0000219";"cell-based format";"Homo sapiens";"None";"None";"None";"None";"";"";"";"CHEMBL1785";"Endothelin receptor ET-B";"Homo sapiens";"SINGLE PROTEIN";"CHEMBL4028842";"1";"Scientific Literature";"Bioorg Med Chem Lett";"2017";"None";"";"";"";"1.2"
"CHEMBL78080";"";"None";"317.16";"0";"2.55";"2b";"Cc1noc(NS(=O)(=O)c2ccccc2)c1Br";"IC50";"'='";"20000.0";"nM";"4.70";"";"";"UO_0000065";"14.82";"0.38";"2.15";"6.51";"0";"CHEMBL677439";"Binding affinity against human Endothelin B receptor in transfected COS 7 cell membrane preparation";"B";"BAO_0000219";"cell-based format";"None";"None";"None";"COS 7";"None";"";"";"";"CHEMBL1785";"Endothelin receptor ET-B";"Homo sapiens";"SINGLE PROTEIN";"CHEMBL1129771";"1";"Scientific Literature";"Bioorg Med Chem Lett";"1996";"None";"";"";"";"20.0"
"CHEMBL80857";"";"None";"393.26";"0";"4.21";"34b";"Cc1noc(NS(=O)(=O)c2ccccc2-c2ccccc2)c1Br";"IC50";"'='";"7900.0";"nM";"5.10";"";"";"UO_0000065";"12.97";"0.30";"0.89";"7.07";"0";"CHEMBL677439";"Binding affinity against human Endothelin B receptor in transfected COS 7 cell membrane preparation";"B";"BAO_0000219";"cell-based format";"None";"None";"None";"COS 7";"None";"";"";"";"CHEMBL1785";"Endothelin receptor ET-B";"Homo sapiens";"SINGLE PROTEIN";"CHEMBL1129771";"1";"Scientific Literature";"Bioorg Med Chem Lett";"1996";"None";"";"";"";"7.9"
"CHEMBL2163710";"";"None";"666.51";"2";"4.69";"32";"COc1ccccc1Oc1c(NS(=O)(=O)Cc2ccccc2)nc(-c2ncccn2)nc1OCCOc1ncc(Br)cn1";"IC50";"'='";"3479.0";"nM";"5.46";"";"";"UO_0000065";"8.19";"0.17";"0.77";"3.40";"0";"CHEMBL2166381";"Displacement of [I125]ET1 from recombinant ETB receptor expressed in CHO cells after 2 hrs by TopCount analysis";"B";"BAO_0000219";"cell-based format";"None";"None";"None";"CHO";"None";"";"";"";"CHEMBL1785";"Endothelin receptor ET-B";"Homo sapiens";"SINGLE PROTEIN";"CHEMBL2163289";"1";"Scientific Literature";"J Med Chem";"2012";"CHEMBL3308072";"";"";"";"3479.0"
"CHEMBL70781";"";"None";"592.67";"2";"5.32";"2c";"COc1ccccc1Oc1c(NS(=O)(=O)c2ccc(C(C)(C)C)cc2)nc(C)nc1OCCOC(=O)c1cccnc1";"IC50";"'='";"770.0";"nM";"6.11";"";"";"UO_0000065";"10.32";"0.20";"0.79";"4.40";"0";"CHEMBL672256";"Receptor binding affinity was determined against [125I]ET1 with membranes prepared from human placenta for ETB receptor";"B";"BAO_0000019";"assay format";"None";"None";"None";"None";"None";"";"";"";"CHEMBL1785";"Endothelin receptor ET-B";"Homo sapiens";"SINGLE PROTEIN";"CHEMBL1130517";"1";"Scientific Literature";"Bioorg Med Chem Lett";"1997";"None";"";"";"";"0.77"
"CHEMBL445101";"";"None";"424.93";"0";"4.54";"15j";"Cc1ccc(CC(=O)c2sccc2S(=O)(=O)Nc2onc(C)c2Cl)c(C)c1";"IC50";"'='";"4800.0";"nM";"5.32";"";"";"UO_0000065";"12.52";"0.27";"0.78";"5.96";"0";"CHEMBL670644";"In vitro inhibition of endothelin binding to human Endothelin B receptor using [125I]-labeled ET-1 competition assay";"B";"BAO_0000357";"single protein format";"None";"None";"None";"None";"None";"";"";"";"CHEMBL1785";"Endothelin receptor ET-B";"Homo sapiens";"SINGLE PROTEIN";"CHEMBL1130344";"1";"Scientific Literature";"J Med Chem";"1997";"None";"";"";"";"4800.0"
"CHEMBL274243";"";"None";"682.84";"2";"6.92";"6";"CCCc1cc(Cn2c(CC)nc3c(C)cc(C)nc32)cc(CCC)c1OC(C(=O)NS(=O)(=O)c1ccccc1)c1ccc2c(c1)OCO2";"IC50";"'='";"800.0";"nM";"6.10";"";"";"UO_0000065";"8.93";"0.17";"-0.82";"5.01";"0";"CHEMBL670656";"Inhibition of human endothelin B (ETB) receptor expressed in CHO cells";"B";"BAO_0000219";"cell-based format";"Homo sapiens";"None";"None";"CHO";"None";"";"";"";"CHEMBL1785";"Endothelin receptor ET-B";"Homo sapiens";"SINGLE PROTEIN";"CHEMBL1128156";"1";"Scientific Literature";"Bioorg Med Chem Lett";"1995";"CHEMBL3308072";"";"";"";"0.8"
"CHEMBL303203";"";"None";"426.90";"0";"4.33";"7v";"Cc1ccc(OC(=O)c2sccc2S(=O)(=O)Nc2onc(C)c2Cl)c(C)c1";"IC50";"'='";"68400.0";"nM";"4.17";"";"";"UO_0000065";"9.76";"0.21";"-0.17";"4.23";"0";"CHEMBL670640";"In vitro binding affinity in a radioligand binding experiment by competition with [125I]-labeled endothelin-1 for ETB receptor";"B";"BAO_0000357";"single protein format";"None";"None";"None";"None";"None";"";"";"";"CHEMBL1785";"Endothelin receptor ET-B";"Homo sapiens";"SINGLE PROTEIN";"CHEMBL1130505";"1";"Scientific Literature";"Bioorg Med Chem Lett";"1997";"None";"";"";"";"68.4"
"CHEMBL173761";"";"None";"467.41";"1";"5.70";"23";"Cc1cc(C)c(/C=C/c2sccc2S(=O)(=O)Nc2onc(C)c2Br)c(C)c1";"IC50";"'='";"2000.0";"nM";"5.70";"";"";"UO_0000065";"12.19";"0.29";"0.00";"7.89";"0";"CHEMBL678457";"Inhibition of human Endothelin B receptor using I-ET-1 as radioligand in a competitive radioligand assay";"B";"BAO_0000357";"single protein format";"None";"None";"None";"None";"None";"";"";"";"CHEMBL1785";"Endothelin receptor ET-B";"Homo sapiens";"SINGLE PROTEIN";"CHEMBL1129901";"1";"Scientific Literature";"Bioorg Med Chem Lett";"1997";"None";"";"";"";"2.0"
"CHEMBL71070";"";"None";"635.74";"2";"6.52";"3b";"COc1ccccc1Oc1c(NS(=O)(=O)c2ccc(C(C)(C)C)cc2)nc(C(C)C)nc1OCCOC(=O)Nc1ccccn1";"IC50";"'='";"160.0";"nM";"6.80";"";"";"UO_0000065";"10.69";"0.21";"0.28";"4.50";"0";"CHEMBL672256";"Receptor binding affinity was determined against [125I]ET1 with membranes prepared from human placenta for ETB receptor";"B";"BAO_0000019";"assay format";"None";"None";"None";"None";"None";"";"";"";"CHEMBL1785";"Endothelin receptor ET-B";"Homo sapiens";"SINGLE PROTEIN";"CHEMBL1130517";"1";"Scientific Literature";"Bioorg Med Chem Lett";"1997";"None";"";"";"";"0.16"
"CHEMBL69664";"";"None";"471.47";"1";"5.11";"5c";"CCCOc1ccc2c(c1)c(-c1ccc3c(c1)OCO3)c(C(=O)O)n2Cc1ccc2nonc2c1";"IC50";"'='";"5300.0";"nM";"5.28";"";"";"UO_0000065";"11.19";"0.21";"0.17";"4.85";"0";"CHEMBL670730";"Inhibition of [125I]ET1 binding to porcine kidney inner medulla membrane Endothelin B receptor";"B";"BAO_0000019";"assay format";"Sus scrofa";"None";"None";"None";"None";"";"";"";"CHEMBL1785";"Endothelin receptor ET-B";"Homo sapiens";"SINGLE PROTEIN";"CHEMBL1130971";"1";"Scientific Literature";"Bioorg Med Chem Lett";"1998";"None";"";"";"";"5300.0"
"CHEMBL31781";"";"None";"534.41";"2";"6.22";"Il";"O=C1c2ccccc2[C@@H]2[C@H](C(=O)O)[C@H](C(=O)O)[C@@H]2c2ccc(-c3ccc(C(F)(F)F)cc3C(F)(F)F)cc21";"IC50";"'='";"4700.0";"nM";"5.33";"";"";"UO_0000065";"9.97";"0.19";"-0.89";"5.81";"0";"CHEMBL677448";"Binding affinity towards cloned human ETB receptor";"B";"BAO_0000357";"single protein format";"None";"None";"None";"None";"None";"";"";"";"CHEMBL1785";"Endothelin receptor ET-B";"Homo sapiens";"SINGLE PROTEIN";"CHEMBL1128758";"1";"Scientific Literature";"Bioorg Med Chem Lett";"1995";"None";"";"";"";"4700.0"
"CHEMBL2163706";"";"None";"641.71";"2";"4.84";"28";"COc1ccccc1Oc1c(NS(=O)(=O)CCc2ccccc2)nc(-c2ncccn2)nc1OCCOc1ncc(C2CC2)cn1";"IC50";"'='";"424.0";"nM";"6.37";"";"";"UO_0000065";"9.93";"0.19";"1.53";"3.97";"0";"CHEMBL2166381";"Displacement of [I125]ET1 from recombinant ETB receptor expressed in CHO cells after 2 hrs by TopCount analysis";"B";"BAO_0000219";"cell-based format";"None";"None";"None";"CHO";"None";"";"";"";"CHEMBL1785";"Endothelin receptor ET-B";"Homo sapiens";"SINGLE PROTEIN";"CHEMBL2163289";"1";"Scientific Literature";"J Med Chem";"2012";"CHEMBL3308072";"";"";"";"424.0"
"CHEMBL2163699";"";"None";"511.52";"2";"2.35";"22";"COc1ccccc1Oc1c(NS(C)(=O)=O)nc(-c2ncccn2)nc1OCCOc1ncccn1";"IC50";"'='";"1765.0";"nM";"5.75";"";"";"UO_0000065";"11.25";"0.22";"3.40";"3.59";"0";"CHEMBL2166381";"Displacement of [I125]ET1 from recombinant ETB receptor expressed in CHO cells after 2 hrs by TopCount analysis";"B";"BAO_0000219";"cell-based format";"None";"None";"None";"CHO";"None";"";"";"";"CHEMBL1785";"Endothelin receptor ET-B";"Homo sapiens";"SINGLE PROTEIN";"CHEMBL2163289";"1";"Scientific Literature";"J Med Chem";"2012";"CHEMBL3308072";"";"";"";"1765.0"
"CHEMBL102494";"";"None";"375.42";"0";"4.15";"11";"COC(=O)C(c1ccc2c(c1)OCO2)c1c2c(nc3ccccc13)CCCC2";"IC50";"";"";"nM";"";"";"Not Active";"UO_0000065";"";"";"";"";"0";"CHEMBL670637";"Inhibition of binding of [125I]ET1 to cloned human Endothelin B receptor expressed in CHO-K1 cells up to 200 uM; non significant";"B";"BAO_0000219";"cell-based format";"None";"None";"None";"CHO-K1";"None";"";"";"";"CHEMBL1785";"Endothelin receptor ET-B";"Homo sapiens";"SINGLE PROTEIN";"CHEMBL1128950";"1";"Scientific Literature";"Bioorg Med Chem Lett";"1996";"CHEMBL3307512";"";"";"";""
"CHEMBL103975";"";"None";"431.44";"0";"4.44";"12";"COC(=O)C(c1ccc2c(c1)OCO2)c1c2ccccc2nc2c(OC)c(OC)ccc12";"IC50";"";"";"nM";"";"";"Not Active";"UO_0000065";"";"";"";"";"0";"CHEMBL670637";"Inhibition of binding of [125I]ET1 to cloned human Endothelin B receptor expressed in CHO-K1 cells up to 200 uM; non significant";"B";"BAO_0000219";"cell-based format";"None";"None";"None";"CHO-K1";"None";"";"";"";"CHEMBL1785";"Endothelin receptor ET-B";"Homo sapiens";"SINGLE PROTEIN";"CHEMBL1128950";"1";"Scientific Literature";"Bioorg Med Chem Lett";"1996";"CHEMBL3307512";"";"";"";""
"CHEMBL281121";"";"None";"548.62";"1";"4.45";"7";"COC(=O)c1ccc2c(C(C(=O)NS(=O)(=O)c3ccc(C(C)C)cc3)c3ccc4c(c3)OCO4)cn(C)c2c1";"IC50";"";"";"nM";"";"";"Not Determined";"UO_0000065";"";"";"";"";"0";"CHEMBL677444";"Binding affinity towards human cloned endothelin B (ETB) receptor by the displacement of [125I]-labeled ET-1; ND=Not determined";"B";"BAO_0000357";"single protein format";"None";"None";"None";"None";"None";"";"";"";"CHEMBL1785";"Endothelin receptor ET-B";"Homo sapiens";"SINGLE PROTEIN";"CHEMBL1135360";"1";"Scientific Literature";"Bioorg Med Chem Lett";"2002";"None";"";"";"";""
"CHEMBL2261364";"";"None";"510.54";"1";"4.00";"11";"COc1cc(C)ccc1S(=O)(=O)NC(=O)C(c1ccc2c(c1)OCO2)c1cn(C)c2cc(F)ccc12";"IC50";"'='";"219.0";"nM";"6.66";"";"";"UO_0000065";"13.04";"0.25";"2.66";"6.95";"0";"CHEMBL3056375";"Displacement of [I125]ET1 from Homo sapiens (human) ETB receptor expressed in CHO cells";"B";"BAO_0000219";"cell-based format";"Homo sapiens";"None";"None";"CHO";"None";"";"";"";"CHEMBL1785";"Endothelin receptor ET-B";"Homo sapiens";"SINGLE PROTEIN";"CHEMBL3045872";"1";"Scientific Literature";"Med Chem Res";"2004";"CHEMBL3308072";"";"";"";"219.0"
"CHEMBL96331";"";"None";"403.48";"0";"3.41";"rac-30";"Cc1cc(C)nc(O[C@H](C(=O)O)[C@@]2(c3ccccc3)NCCCc3ccccc32)n1";"IC50";"'='";"7840.0";"nM";"5.11";"";"";"UO_0000065";"";"";"";"";"0";"CHEMBL670641";"Antagonist activity towards human recombinant Endothelin B receptor expressed in chinese hamster ovary (CHO) cells determined using [125I]ET1 as radioligand";"F";"BAO_0000219";"cell-based format";"None";"None";"None";"CHO";"None";"";"";"";"CHEMBL1785";"Endothelin receptor ET-B";"Homo sapiens";"SINGLE PROTEIN";"CHEMBL1149183";"1";"Scientific Literature";"J Med Chem";"2004";"CHEMBL3308072";"";"";"";"7840.0"
"CHEMBL322732";"";"None";"499.61";"0";"3.93";"9l";"CCCCN(CCCC)C(=O)CN1C[C@H](c2ccc3c(c2)OCO3)[C@@H](C(=O)O)[C@@H]1CCc1ncco1";"IC50";"'>'";"100000.0";"nM";"";"";"";"UO_0000065";"";"";"";"";"0";"CHEMBL670729";"Binding affinity for endothelin B receptor by measuring its ability to displace [125I]-ET-3 from porcine cerebellar tissue";"B";"BAO_0000357";"single protein format";"Sus scrofa";"None";"None";"None";"None";"";"";"";"CHEMBL1785";"Endothelin receptor ET-B";"Homo sapiens";"SINGLE PROTEIN";"CHEMBL1131628";"1";"Scientific Literature";"J Med Chem";"1998";"None";"";"";"";"100000.0"
"CHEMBL333972";"";"None";"548.61";"2";"5.17";"27";"CCc1cc(F)cc(CC)c1NC(=O)CN1C[C@H](c2ccc3c(c2)OCO3)[C@@H](C(=O)O)[C@@H]1c1ccc(OC)cc1";"IC50";"'='";"0.8";"nM";"9.10";"";"";"UO_0000065";"16.58";"0.31";"3.93";"9.35";"0";"CHEMBL670478";"Binding affinity towards human Endothelin B receptor (hET -B)";"B";"BAO_0000357";"single protein format";"None";"None";"None";"None";"None";"";"";"";"CHEMBL1785";"Endothelin receptor ET-B";"Homo sapiens";"SINGLE PROTEIN";"CHEMBL1132381";"1";"Scientific Literature";"J Med Chem";"1999";"None";"";"";"";"0.8"
"CHEMBL310427";"";"None";"328.39";"0";"3.76";"34a";"Cc1noc(NS(=O)(=O)c2ccccc2-c2ccccc2)c1C";"IC50";"'='";"55000.0";"nM";"4.26";"";"";"UO_0000065";"12.97";"0.25";"0.50";"5.90";"0";"CHEMBL677273";"Binding affinity against human ETB receptor in transfected COS 7 cell membrane preparation";"B";"BAO_0000219";"cell-based format";"None";"None";"None";"COS 7";"None";"";"";"";"CHEMBL1785";"Endothelin receptor ET-B";"Homo sapiens";"SINGLE PROTEIN";"CHEMBL1129771";"1";"Scientific Literature";"Bioorg Med Chem Lett";"1996";"None";"";"";"";"55.0"
"CHEMBL47418";"";"None";"470.37";"0";"4.42";"5n";"CCc1ccc(NC(=O)c2sccc2S(=O)(=O)Nc2onc(C)c2Br)cc1";"IC50";"'='";"7410.0";"nM";"5.13";"";"";"UO_0000065";"10.91";"0.26";"0.71";"5.06";"0";"CHEMBL670643";"In vitro inhibition of endothelin binding to human Endothelin B receptor using [125I]-labeled ET-1 competition assay";"B";"BAO_0000357";"single protein format";"None";"None";"None";"None";"None";"";"";"";"CHEMBL1785";"Endothelin receptor ET-B";"Homo sapiens";"SINGLE PROTEIN";"CHEMBL1130042";"1";"Scientific Literature";"J Med Chem";"1997";"None";"";"";"";"7410.0"
"CHEMBL1204990";"";"None";"485.49";"0";"4.33";"1";"CCc1cc2c(cc1Cn1c(C(=O)O)c(Cc3cccc(C(=O)O)c3)c(=O)c3ccccc31)OCO2";"IC50";"'='";"571.0";"nM";"6.24";"";"";"UO_0000065";"12.86";"0.24";"1.91";"5.43";"0";"CHEMBL1272363";"Displacement of [125I]ET1 from human ETB receptor expressed in membranes";"B";"BAO_0000019";"assay format";"Homo sapiens";"None";"None";"None";"None";"";"";"";"CHEMBL1785";"Endothelin receptor ET-B";"Homo sapiens";"SINGLE PROTEIN";"CHEMBL1268959";"1";"Scientific Literature";"Bioorg Med Chem Lett";"2010";"None";"";"";"";"571.0"
"CHEMBL309692";"";"None";"424.11";"0";"3.87";"26b";"CCc1ccc(Br)cc1S(=O)(=O)Nc1onc(C)c1Br";"IC50";"'='";"5200.0";"nM";"5.28";"";"";"UO_0000065";"12.46";"0.36";"1.41";"7.32";"0";"CHEMBL677439";"Binding affinity against human Endothelin B receptor in transfected COS 7 cell membrane preparation";"B";"BAO_0000219";"cell-based format";"None";"None";"None";"COS 7";"None";"";"";"";"CHEMBL1785";"Endothelin receptor ET-B";"Homo sapiens";"SINGLE PROTEIN";"CHEMBL1129771";"1";"Scientific Literature";"Bioorg Med Chem Lett";"1996";"None";"";"";"";"5.2"
"CHEMBL2261357";"";"None";"549.56";"1";"2.27";"5";"Cn1cc(C(C(=O)NS(=O)(=O)c2ccc(CC(=O)O)cc2)c2ccc3c(c2)OCO3)c2ccc(C(N)=O)cc21";"IC50";"'='";"574.0";"nM";"6.24";"";"";"UO_0000065";"11.36";"0.22";"3.97";"3.74";"0";"CHEMBL3056375";"Displacement of [I125]ET1 from Homo sapiens (human) ETB receptor expressed in CHO cells";"B";"BAO_0000219";"cell-based format";"Homo sapiens";"None";"None";"CHO";"None";"";"";"";"CHEMBL1785";"Endothelin receptor ET-B";"Homo sapiens";"SINGLE PROTEIN";"CHEMBL3045872";"1";"Scientific Literature";"Med Chem Res";"2004";"CHEMBL3308072";"";"";"";"574.0"
"CHEMBL274758";"";"None";"515.59";"1";"4.54";"14";"CC(C)c1ccc(S(=O)(=O)NC(=O)C(c2ccc3c(c2)OCO3)c2cn(C)c3cc(C#N)ccc23)cc1";"IC50";"";"";"nM";"";"";"Not Determined";"UO_0000065";"";"";"";"";"0";"CHEMBL677444";"Binding affinity towards human cloned endothelin B (ETB) receptor by the displacement of [125I]-labeled ET-1; ND=Not determined";"B";"BAO_0000357";"single protein format";"None";"None";"None";"None";"None";"";"";"";"CHEMBL1785";"Endothelin receptor ET-B";"Homo sapiens";"SINGLE PROTEIN";"CHEMBL1135360";"1";"Scientific Literature";"Bioorg Med Chem Lett";"2002";"None";"";"";"";""
"CHEMBL316301";"";"None";"566.61";"1";"3.79";"rac-39ag";"COC(=O)c1ccc(CN2C(=O)CN[C@](c3ccccc3)([C@H](Oc3nc(C)cc(C)n3)C(=O)O)c3ccccc32)cc1";"IC50";"'='";"70.3";"nM";"7.15";"";"";"UO_0000065";"";"";"";"";"0";"CHEMBL670641";"Antagonist activity towards human recombinant Endothelin B receptor expressed in chinese hamster ovary (CHO) cells determined using [125I]ET1 as radioligand";"F";"BAO_0000219";"cell-based format";"None";"None";"None";"CHO";"None";"";"";"";"CHEMBL1785";"Endothelin receptor ET-B";"Homo sapiens";"SINGLE PROTEIN";"CHEMBL1149183";"1";"Scientific Literature";"J Med Chem";"2004";"CHEMBL3308072";"";"";"";"70.3"
"CHEMBL416019";"";"None";"300.34";"0";"4.29";"3";"COc1cccc(Sc2c(C(=O)O)oc3ccccc23)c1";"IC50";"'>'";"25000.0";"nM";"";"";"";"UO_0000065";"";"";"";"";"0";"CHEMBL670634";"Affinity for human endothelin B receptor expressed in CHO-K1 cells.";"B";"BAO_0000219";"cell-based format";"None";"None";"None";"CHO-K1";"None";"";"";"";"CHEMBL1785";"Endothelin receptor ET-B";"Homo sapiens";"SINGLE PROTEIN";"CHEMBL1129097";"1";"Scientific Literature";"Bioorg Med Chem Lett";"1996";"CHEMBL3307512";"";"";"";"25.0"
"CHEMBL10607";"";"None";"446.46";"0";"3.83";"44";"COc1ccc(C2(O)OC(=O)C(c3ccc4c(c3)OCO4)=C2Cc2cccc(OC)c2)cc1";"IC50";"'='";"260.0";"nM";"6.58";"";"";"UO_0000065";"14.75";"0.27";"2.76";"7.89";"0";"CHEMBL677440";"Binding affinity against human cloned Endothelin B receptor expressed in CHO-K1 cells";"B";"BAO_0000219";"cell-based format";"None";"None";"None";"CHO-K1";"None";"";"";"";"CHEMBL1785";"Endothelin receptor ET-B";"Homo sapiens";"SINGLE PROTEIN";"CHEMBL1129982";"1";"Scientific Literature";"J Med Chem";"1997";"CHEMBL3307512";"";"";"";"260.0"
"CHEMBL109206";"";"None";"511.66";"1";"4.28";"9n";"CCCCN(CCCC)C(=O)CN1C[C@H](c2ccc3c(c2)OCO3)[C@@H](C(=O)O)[C@@H]1CCc1cccn1C";"IC50";"'='";"43600.0";"nM";"4.36";"";"";"UO_0000065";"8.52";"0.16";"0.08";"5.18";"0";"CHEMBL670729";"Binding affinity for endothelin B receptor by measuring its ability to displace [125I]-ET-3 from porcine cerebellar tissue";"B";"BAO_0000357";"single protein format";"Sus scrofa";"None";"None";"None";"None";"";"";"";"CHEMBL1785";"Endothelin receptor ET-B";"Homo sapiens";"SINGLE PROTEIN";"CHEMBL1131628";"1";"Scientific Literature";"J Med Chem";"1998";"None";"";"";"";"43600.0"
"CHEMBL10860";"";"None";"467.48";"0";"4.37";"58";"COc1ccc(C2(O)OC(=O)C(c3ccc4c(c3)OCO4)=C2Cc2nccc3ccccc23)cc1";"IC50";"'='";"3200.0";"nM";"5.50";"";"";"UO_0000065";"11.75";"0.21";"1.12";"6.31";"0";"CHEMBL677440";"Binding affinity against human cloned Endothelin B receptor expressed in CHO-K1 cells";"B";"BAO_0000219";"cell-based format";"None";"None";"None";"CHO-K1";"None";"";"";"";"CHEMBL1785";"Endothelin receptor ET-B";"Homo sapiens";"SINGLE PROTEIN";"CHEMBL1129982";"1";"Scientific Literature";"J Med Chem";"1997";"CHEMBL3307512";"";"";"";"3200.0"
"CHEMBL10843";"";"None";"408.45";"0";"4.16";"62";"COc1ccc(C2(O)OC(=O)C(c3ccc4c(c3)OCO4)=C2CC2CCCC2)cc1";"IC50";"'='";"630.0";"nM";"6.20";"";"";"UO_0000065";"15.18";"0.28";"2.04";"8.35";"0";"CHEMBL677440";"Binding affinity against human cloned Endothelin B receptor expressed in CHO-K1 cells";"B";"BAO_0000219";"cell-based format";"None";"None";"None";"CHO-K1";"None";"";"";"";"CHEMBL1785";"Endothelin receptor ET-B";"Homo sapiens";"SINGLE PROTEIN";"CHEMBL1129982";"1";"Scientific Literature";"J Med Chem";"1997";"CHEMBL3307512";"";"";"";"630.0"
"CHEMBL307803";"";"None";"607.69";"2";"5.71";"2f";"COc1ccccc1Oc1c(NS(=O)(=O)c2ccc(C(C)(C)C)cc2)nc(C)nc1OCCOC(=O)Nc1ccncc1";"IC50";"'='";"2800.0";"nM";"5.55";"";"";"UO_0000065";"9.14";"0.18";"-0.16";"3.68";"0";"CHEMBL672256";"Receptor binding affinity was determined against [125I]ET1 with membranes prepared from human placenta for ETB receptor";"B";"BAO_0000019";"assay format";"None";"None";"None";"None";"None";"";"";"";"CHEMBL1785";"Endothelin receptor ET-B";"Homo sapiens";"SINGLE PROTEIN";"CHEMBL1130517";"1";"Scientific Literature";"Bioorg Med Chem Lett";"1997";"None";"";"";"";"2.8"
"CHEMBL11131";"";"None";"386.40";"0";"3.81";"6";"O=C1OC(O)(c2ccccc2)C(Cc2ccccc2)=C1c1ccc2c(c1)OCO2";"IC50";"'='";"30000.0";"nM";"4.52";"";"";"UO_0000065";"11.71";"0.21";"0.71";"6.96";"1";"CHEMBL677440";"Binding affinity against human cloned Endothelin B receptor expressed in CHO-K1 cells";"B";"BAO_0000219";"cell-based format";"None";"None";"None";"CHO-K1";"None";"";"";"";"CHEMBL1785";"Endothelin receptor ET-B";"Homo sapiens";"SINGLE PROTEIN";"CHEMBL1129982";"1";"Scientific Literature";"J Med Chem";"1997";"CHEMBL3307512";"";"";"";"30000.0"
"CHEMBL303185";"";"None";"610.71";"2";"0.83";"6";"CC(C)C[C@@H]1NC(=O)[C@H](C(C)C)NC(=O)[C@@H]2CCCN2C(=O)[C@H](CC(=O)O)NC(=O)[C@@H](Cc2c[nH]c3ccccc23)NC1=O";"IC50";"'='";"18000.0";"nM";"4.75";"";"";"UO_0000065";"7.77";"0.15";"3.91";"2.50";"0";"CHEMBL670731";"Binding activity against Endothelin B receptor 0f Porcine cerebellum membranes";"B";"BAO_0000221";"tissue-based format";"Sus scrofa";"CHEMBL3638233";"Cerebellum";"None";"None";"";"";"";"CHEMBL1785";"Endothelin receptor ET-B";"Homo sapiens";"SINGLE PROTEIN";"CHEMBL1126071";"1";"Scientific Literature";"J Med Chem";"1992";"None";"";"";"";"18.0"
"CHEMBL109478";"";"None";"529.68";"1";"3.72";"9s";"CCCCN(CCCC)C(=O)CN1C[C@H](c2ccc3c(c2)OCO3)[C@@H](C(=O)O)[C@@H]1CCN1CCCCC1=O";"IC50";"'='";"85000.0";"nM";"4.07";"";"";"UO_0000065";"7.68";"0.15";"0.35";"4.09";"0";"CHEMBL670729";"Binding affinity for endothelin B receptor by measuring its ability to displace [125I]-ET-3 from porcine cerebellar tissue";"B";"BAO_0000357";"single protein format";"Sus scrofa";"None";"None";"None";"None";"";"";"";"CHEMBL1785";"Endothelin receptor ET-B";"Homo sapiens";"SINGLE PROTEIN";"CHEMBL1131628";"1";"Scientific Literature";"J Med Chem";"1998";"None";"";"";"";"85000.0"
"CHEMBL306123";"";"None";"580.73";"1";"3.82";"5";"CCCCC(NC(=O)[C@@H](Cc1c(C#N)[nH]c2ccccc12)NC(=O)C(NC(=O)N1[C@H](C)CCC[C@@H]1C)C(C)C)C(=O)O";"IC50";"'='";"5.0";"nM";"8.30";"";"";"UO_0000065";"14.29";"0.27";"4.48";"4.96";"0";"CHEMBL677447";"Binding affinity towards Endothelin B receptor in human girardi heart cell membranes";"B";"BAO_0000219";"cell-based format";"None";"CHEMBL3638187";"Heart";"heart";"None";"";"";"";"CHEMBL1785";"Endothelin receptor ET-B";"Homo sapiens";"SINGLE PROTEIN";"CHEMBL1129335";"1";"Scientific Literature";"J Med Chem";"1996";"None";"";"";"";"5.0"
"CHEMBL109926";"";"None";"530.71";"2";"5.31";"10b";"C/C=C\C(C)(C)C[C@H]1[C@H](C(=O)O)[C@@H](c2cc(OC)c3c(c2)OCO3)CN1CC(=O)N(CCCC)CCCC";"IC50";"'='";"39700.0";"nM";"4.40";"";"";"UO_0000065";"8.29";"0.16";"-0.91";"4.97";"0";"CHEMBL676632";"Tested for binding affinity for human Endothelin B receptor by measuring its ability to displace [125I]ET-3 from chinese hamster ovary cells(CHO)";"B";"BAO_0000219";"cell-based format";"None";"None";"None";"ovary";"None";"";"";"";"CHEMBL1785";"Endothelin receptor ET-B";"Homo sapiens";"SINGLE PROTEIN";"CHEMBL1131628";"1";"Scientific Literature";"J Med Chem";"1998";"None";"";"";"";"39700.0"
"CHEMBL322537";"";"None";"498.62";"0";"3.60";"9p";"CCCCN(CCCC)C(=O)CN1C[C@H](c2ccc3c(c2)OCO3)[C@@H](C(=O)O)[C@@H]1CCn1cccn1";"IC50";"'='";"28600.0";"nM";"4.54";"";"";"UO_0000065";"9.11";"0.17";"0.94";"4.68";"0";"CHEMBL670729";"Binding affinity for endothelin B receptor by measuring its ability to displace [125I]-ET-3 from porcine cerebellar tissue";"B";"BAO_0000357";"single protein format";"Sus scrofa";"None";"None";"None";"None";"";"";"";"CHEMBL1785";"Endothelin receptor ET-B";"Homo sapiens";"SINGLE PROTEIN";"CHEMBL1131628";"1";"Scientific Literature";"J Med Chem";"1998";"None";"";"";"";"28600.0"
"CHEMBL11152";"";"None";"400.43";"0";"4.72";"77";"COc1ccc(C2OC(=O)C(c3ccc4c(c3)OCO4)=C2Cc2ccccc2)cc1";"IC50";"'>'";"2500.0";"nM";"";"";"";"UO_0000065";"";"";"";"";"0";"CHEMBL677440";"Binding affinity against human cloned Endothelin B receptor expressed in CHO-K1 cells";"B";"BAO_0000219";"cell-based format";"None";"None";"None";"CHO-K1";"None";"";"";"";"CHEMBL1785";"Endothelin receptor ET-B";"Homo sapiens";"SINGLE PROTEIN";"CHEMBL1129982";"1";"Scientific Literature";"J Med Chem";"1997";"CHEMBL3307512";"";"";"";"2500.0"
"CHEMBL416453";"";"None";"583.99";"0";"4.07";"20";"Cc1noc(NS(=O)(=O)c2ccsc2C(Cc2ccc3c(c2)OCO3)N(C)C)c1Cl.O=C(O)C(F)(F)F";"IC50";"'>'";"100000.0";"nM";"";"";"";"UO_0000065";"";"";"";"";"0";"CHEMBL670644";"In vitro inhibition of endothelin binding to human Endothelin B receptor using [125I]-labeled ET-1 competition assay";"B";"BAO_0000357";"single protein format";"None";"None";"None";"None";"None";"";"";"";"CHEMBL1785";"Endothelin receptor ET-B";"Homo sapiens";"SINGLE PROTEIN";"CHEMBL1130344";"1";"Scientific Literature";"J Med Chem";"1997";"None";"";"";"";"100000.0"
"CHEMBL384052";"";"None";"986.18";"3";"5.46";"46";"CC[C@H](C)[C@H](NC(=O)[C@H](CC(=O)O)NC(=O)[C@H](CC(C)C)NC(=O)[C@@H](NC(=O)c1ccccc1)C(c1ccccc1)c1ccccc1)C(=O)N[C@H](C(=O)N[C@@H](Cc1c[nH]c2ccccc12)C(=O)O)[C@@H](C)CC";"IC50";"'='";"4400.0";"nM";"5.36";"";"";"UO_0000065";"5.43";"0.10";"-0.10";"2.02";"0";"CHEMBL677445";"Binding affinity measured in CHO cells stably transfected with the human endothelin B receptor";"B";"BAO_0000219";"cell-based format";"Homo sapiens";"None";"None";"CHO";"None";"";"";"";"CHEMBL1785";"Endothelin receptor ET-B";"Homo sapiens";"SINGLE PROTEIN";"CHEMBL1128478";"1";"Scientific Literature";"J Med Chem";"1995";"CHEMBL3308072";"";"";"";"4.4"
"CHEMBL27911";"";"None";"316.40";"0";"4.76";"2";"COc1cccc(Sc2c(C(=O)O)sc3ccccc23)c1";"IC50";"'>'";"25000.0";"nM";"";"";"";"UO_0000065";"";"";"";"";"0";"CHEMBL670634";"Affinity for human endothelin B receptor expressed in CHO-K1 cells.";"B";"BAO_0000219";"cell-based format";"None";"None";"None";"CHO-K1";"None";"";"";"";"CHEMBL1785";"Endothelin receptor ET-B";"Homo sapiens";"SINGLE PROTEIN";"CHEMBL1129097";"1";"Scientific Literature";"Bioorg Med Chem Lett";"1996";"CHEMBL3307512";"";"";"";"25.0"
"CHEMBL316523";"";"None";"691.73";"3";"5.56";"9";"CCOC(=O)C(CC(C)C)NC(=O)OC1(c2ccc(OC)cc2)OC(=O)C(c2ccc3c(c2)OCO3)=C1Cc1cc(OC)c(OC)c(OC)c1";"IC50";"'='";"2500.0";"nM";"5.60";"";"";"UO_0000065";"8.10";"0.15";"0.04";"3.83";"0";"CHEMBL678455";"Binding affinity for human endothelin B receptor expressed in CHO-K1 cells.";"B";"BAO_0000219";"cell-based format";"Homo sapiens";"None";"None";"CHO-K1";"None";"";"";"";"CHEMBL1785";"Endothelin receptor ET-B";"Homo sapiens";"SINGLE PROTEIN";"CHEMBL1129826";"1";"Scientific Literature";"Bioorg Med Chem Lett";"1997";"CHEMBL3307512";"";"";"";"2500.0"
"CHEMBL320763";"";"None";"486.65";"1";"5.06";"8o";"C=C(C)CCC[C@H]1[C@H](C(=O)O)[C@@H](c2ccc3c(c2)OCO3)CN1CC(=O)N(CCCC)CCCC";"IC50";"'='";"36000.0";"nM";"4.44";"";"";"UO_0000065";"9.13";"0.17";"-0.62";"5.60";"0";"CHEMBL670729";"Binding affinity for endothelin B receptor by measuring its ability to displace [125I]-ET-3 from porcine cerebellar tissue";"B";"BAO_0000357";"single protein format";"Sus scrofa";"None";"None";"None";"None";"";"";"";"CHEMBL1785";"Endothelin receptor ET-B";"Homo sapiens";"SINGLE PROTEIN";"CHEMBL1131628";"1";"Scientific Literature";"J Med Chem";"1998";"None";"";"";"";"36000.0"
"CHEMBL112314";"";"None";"528.61";"2";"5.44";"8g";"CCCCN(CCCC)C(=O)CN1C[C@H](c2ccc3c(c2)OCO3)[C@@H](C(=O)O)[C@@H]1CCCCC(F)(F)F";"IC50";"'='";"34000.0";"nM";"4.47";"";"";"UO_0000065";"8.45";"0.16";"-0.97";"5.63";"0";"CHEMBL670729";"Binding affinity for endothelin B receptor by measuring its ability to displace [125I]-ET-3 from porcine cerebellar tissue";"B";"BAO_0000357";"single protein format";"Sus scrofa";"None";"None";"None";"None";"";"";"";"CHEMBL1785";"Endothelin receptor ET-B";"Homo sapiens";"SINGLE PROTEIN";"CHEMBL1131628";"1";"Scientific Literature";"J Med Chem";"1998";"None";"";"";"";"34000.0"
"CHEMBL110064";"";"None";"472.63";"0";"4.67";"8n";"C=CCCC[C@H]1[C@H](C(=O)O)[C@@H](c2ccc3c(c2)OCO3)CN1CC(=O)N(CCCC)CCCC";"IC50";"'='";"60000.0";"nM";"4.22";"";"";"UO_0000065";"8.93";"0.17";"-0.45";"5.32";"0";"CHEMBL670729";"Binding affinity for endothelin B receptor by measuring its ability to displace [125I]-ET-3 from porcine cerebellar tissue";"B";"BAO_0000357";"single protein format";"Sus scrofa";"None";"None";"None";"None";"";"";"";"CHEMBL1785";"Endothelin receptor ET-B";"Homo sapiens";"SINGLE PROTEIN";"CHEMBL1131628";"1";"Scientific Literature";"J Med Chem";"1998";"None";"";"";"";"60000.0"
"CHEMBL8923";"";"None";"510.63";"1";"4.69";"17u";"CCCCN(CCCC)C(=O)CN1CC(c2ccc3c(c2)OCO3)C(C(=O)O)C1c1ccc(OC)cc1";"IC50";"'='";"98.0";"nM";"7.01";"";"";"UO_0000065";"13.73";"0.26";"2.32";"7.92";"0";"CHEMBL672255";"Radioligand binding selectivity to human Endothelin B receptor in chinese hamster ovary cells";"B";"BAO_0000219";"cell-based format";"None";"None";"None";"CHO";"None";"";"";"";"CHEMBL1785";"Endothelin receptor ET-B";"Homo sapiens";"SINGLE PROTEIN";"CHEMBL1129506";"1";"Scientific Literature";"J Med Chem";"1996";"CHEMBL3308072";"";"";"";"98.0"
"CHEMBL417719";"";"None";"480.91";"0";"3.55";"5pp";"Cc1noc(NS(=O)(=O)c2ccsc2C(=O)Nc2cc3c(cc2CC#N)OCO3)c1Cl";"IC50";"'='";"25700.0";"nM";"4.59";"";"";"UO_0000065";"9.54";"0.20";"1.04";"3.20";"0";"CHEMBL670643";"In vitro inhibition of endothelin binding to human Endothelin B receptor using [125I]-labeled ET-1 competition assay";"B";"BAO_0000357";"single protein format";"None";"None";"None";"None";"None";"";"";"";"CHEMBL1785";"Endothelin receptor ET-B";"Homo sapiens";"SINGLE PROTEIN";"CHEMBL1130042";"1";"Scientific Literature";"J Med Chem";"1997";"None";"";"";"";"25700.0"
"CHEMBL330003";"";"None";"429.32";"0";"4.28";"22h";"COc1ccccc1-c1ccsc1S(=O)(=O)Nc1onc(C)c1Br";"IC50";"'='";"59100.0";"nM";"4.23";"";"";"UO_0000065";"9.85";"0.24";"-0.05";"5.19";"0";"CHEMBL670635";"Compound was tested for binding affinity against Endothelin B receptor";"B";"BAO_0000357";"single protein format";"None";"None";"None";"None";"None";"";"";"";"CHEMBL1785";"Endothelin receptor ET-B";"Homo sapiens";"SINGLE PROTEIN";"CHEMBL1128922";"1";"Scientific Literature";"Bioorg Med Chem Lett";"1996";"None";"";"";"";"59.1"
"CHEMBL296927";"";"None";"527.96";"1";"3.59";"5gg";"CC(=O)OCCc1cc2c(cc1NC(=O)c1sccc1S(=O)(=O)Nc1onc(C)c1Cl)OCO2";"IC50";"'='";"25700.0";"nM";"4.59";"";"";"UO_0000065";"8.69";"0.18";"1.00";"3.14";"0";"CHEMBL670643";"In vitro inhibition of endothelin binding to human Endothelin B receptor using [125I]-labeled ET-1 competition assay";"B";"BAO_0000357";"single protein format";"None";"None";"None";"None";"None";"";"";"";"CHEMBL1785";"Endothelin receptor ET-B";"Homo sapiens";"SINGLE PROTEIN";"CHEMBL1130042";"1";"Scientific Literature";"J Med Chem";"1997";"None";"";"";"";"25700.0"
"CHEMBL273488";"";"None";"391.81";"1";"5.38";"20";"O=C(O)c1c(-c2ccc3c(c2)OCO3)c2cc(Cl)ccc2n1-c1ccccc1";"IC50";"'>'";"25000.0";"nM";"";"";"";"UO_0000065";"";"";"";"";"0";"CHEMBL670654";"Inhibitory concentration against Endothelin B receptor expressed in CHO-K1 cells";"B";"BAO_0000219";"cell-based format";"None";"None";"None";"CHO-K1";"None";"";"";"";"CHEMBL1785";"Endothelin receptor ET-B";"Homo sapiens";"SINGLE PROTEIN";"CHEMBL1129233";"1";"Scientific Literature";"Bioorg Med Chem Lett";"1996";"CHEMBL3307512";"";"";"";"25.0"
"CHEMBL2163722";"";"None";"661.49";"2";"2.73";"44";"COc1ccccc1Oc1c(NS(=O)(=O)N2CCOCC2)nc(-c2ncccn2)nc1OCCOc1ncc(Br)cn1";"IC50";"'='";"1474.0";"nM";"5.83";"";"";"UO_0000065";"8.82";"0.19";"3.10";"3.37";"0";"CHEMBL2166381";"Displacement of [I125]ET1 from recombinant ETB receptor expressed in CHO cells after 2 hrs by TopCount analysis";"B";"BAO_0000219";"cell-based format";"None";"None";"None";"CHO";"None";"";"";"";"CHEMBL1785";"Endothelin receptor ET-B";"Homo sapiens";"SINGLE PROTEIN";"CHEMBL2163289";"1";"Scientific Literature";"J Med Chem";"2012";"CHEMBL3308072";"";"";"";"1474.0"
"CHEMBL2163701";"";"None";"636.09";"2";"4.62";"24";"COc1ccccc1Oc1c(NS(=O)(=O)CCc2ccccc2)nc(-c2ncccn2)nc1OCCOc1ncc(Cl)cn1";"IC50";"'='";"461.0";"nM";"6.34";"";"";"UO_0000065";"9.96";"0.20";"1.72";"3.95";"0";"CHEMBL2166381";"Displacement of [I125]ET1 from recombinant ETB receptor expressed in CHO cells after 2 hrs by TopCount analysis";"B";"BAO_0000219";"cell-based format";"None";"None";"None";"CHO";"None";"";"";"";"CHEMBL1785";"Endothelin receptor ET-B";"Homo sapiens";"SINGLE PROTEIN";"CHEMBL2163289";"1";"Scientific Literature";"J Med Chem";"2012";"CHEMBL3308072";"";"";"";"461.0"
"CHEMBL330425";"";"None";"432.48";"0";"2.44";"84";"Cc1cc(C)nc(O[C@H](C(=O)O)[C@@]2(c3ccccc3)NCC(=O)N(C)c3ccccc32)n1";"IC50";"'='";"184.0";"nM";"6.74";"";"";"UO_0000065";"15.57";"0.29";"4.30";"6.44";"1";"CHEMBL4426324";"Displacement of [125I]-ET-1 from human ETB receptor expressed in CHO cell membranes after 2 hrs by scintillation counting";"B";"BAO_0000219";"cell-based format";"Homo sapiens";"None";"None";"CHO";"None";"";"";"";"CHEMBL1785";"Endothelin receptor ET-B";"Homo sapiens";"SINGLE PROTEIN";"CHEMBL4425117";"1";"Scientific Literature";"Bioorg Med Chem Lett";"2016";"CHEMBL3308072";"";"";"";"184.0"
"CHEMBL61780";"TEZOSENTAN";"3.0";"605.64";"2";"3.21";"23";"COc1ccccc1Oc1c(NS(=O)(=O)c2ccc(C(C)C)cn2)nc(-c2ccnc(-c3nnn[nH]3)c2)nc1OCCO";"IC50";"'='";"21.0";"nM";"7.68";"";"";"UO_0000065";"12.68";"0.24";"4.47";"3.84";"0";"CHEMBL4426310";"Displacement of radioligand from ETB receptor in human placenta cell membranes";"B";"BAO_0000219";"cell-based format";"Homo sapiens";"None";"None";"None";"None";"";"";"";"CHEMBL1785";"Endothelin receptor ET-B";"Homo sapiens";"SINGLE PROTEIN";"CHEMBL4425117";"1";"Scientific Literature";"Bioorg Med Chem Lett";"2016";"None";"";"";"";"21.0"
"CHEMBL100756";"";"None";"361.83";"1";"5.35";"5";"COC(=O)C(c1ccc(Cl)cc1)c1c2ccccc2nc2ccccc12";"IC50";"";"";"nM";"";"";"Not Active";"UO_0000065";"";"";"";"";"0";"CHEMBL670637";"Inhibition of binding of [125I]ET1 to cloned human Endothelin B receptor expressed in CHO-K1 cells up to 200 uM; non significant";"B";"BAO_0000219";"cell-based format";"None";"None";"None";"CHO-K1";"None";"";"";"";"CHEMBL1785";"Endothelin receptor ET-B";"Homo sapiens";"SINGLE PROTEIN";"CHEMBL1128950";"1";"Scientific Literature";"Bioorg Med Chem Lett";"1996";"CHEMBL3307512";"";"";"";""
"CHEMBL287683";"";"None";"559.66";"1";"4.88";"2x (diastereomer)";"COc1ccc([C@@H]2c3nc(NC(C)C)ccc3[C@H](c3ccc4c(c3)OCO4)[C@H]2C(=O)O)c(CC(C)C(=O)N(C)C)c1";"IC50";"'='";"9.5";"nM";"8.02";"";"";"UO_0000065";"14.33";"0.27";"3.14";"7.28";"0";"CHEMBL670651";"Inhibitory activity against [125I]ET1 binding to human endothelin B receptor";"B";"BAO_0000357";"single protein format";"None";"None";"None";"None";"None";"";"";"";"CHEMBL1785";"Endothelin receptor ET-B";"Homo sapiens";"SINGLE PROTEIN";"CHEMBL1147633";"1";"Scientific Literature";"Bioorg Med Chem Lett";"2004";"None";"";"";"";"9.5"
"CHEMBL10374";"";"None";"430.46";"0";"4.13";"13";"COc1ccc(C2(O)OC(=O)C(c3ccc4c(c3)OCO4)=C2Cc2ccc(C)cc2)cc1";"IC50";"'='";"390.0";"nM";"6.41";"";"";"UO_0000065";"";"";"";"";"0";"CHEMBL676631";"Tested for antagonistic activity against Endothelin B receptor in the humans (CHO expressed).";"F";"BAO_0000019";"assay format";"None";"None";"None";"None";"None";"";"";"";"CHEMBL1785";"Endothelin receptor ET-B";"Homo sapiens";"SINGLE PROTEIN";"CHEMBL1128292";"1";"Scientific Literature";"J Med Chem";"1995";"None";"";"";"";"390.0"
"CHEMBL238539";"";"None";"508.60";"2";"5.19";"1";"CN(Cc1cc(-c2ncco2)ccc1-c1ccccc1S(=O)(=O)Nc1ccno1)C(=O)CC(C)(C)C";"IC50";"'='";"6003.0";"nM";"5.22";"";"";"UO_0000065";"10.27";"0.20";"0.03";"4.40";"0";"CHEMBL902324";"Displacement of [125I]ET1 from human ETB receptor expressed in CHO cells";"B";"BAO_0000219";"cell-based format";"Homo sapiens";"None";"None";"CHO";"None";"";"";"";"CHEMBL1785";"Endothelin receptor ET-B";"Homo sapiens";"SINGLE PROTEIN";"CHEMBL1138388";"1";"Scientific Literature";"Bioorg Med Chem Lett";"2007";"CHEMBL3308072";"";"";"";"6003.0"
"CHEMBL436821";"";"None";"849.02";"3";"6.48";"3";"CC(=O)CC(=O)CCc1ccc(NC(=O)CCOCCOCCOCCOc2ccc(-c3ccccc3S(=O)(=O)Nc3ccno3)c(CN(C)C(=O)CC(C)(C)C)c2)cc1";"IC50";"'>'";"10000.0";"nM";"";"";"";"UO_0000065";"";"";"";"";"0";"CHEMBL902324";"Displacement of [125I]ET1 from human ETB receptor expressed in CHO cells";"B";"BAO_0000219";"cell-based format";"Homo sapiens";"None";"None";"CHO";"None";"";"";"";"CHEMBL1785";"Endothelin receptor ET-B";"Homo sapiens";"SINGLE PROTEIN";"CHEMBL1138388";"1";"Scientific Literature";"Bioorg Med Chem Lett";"2007";"CHEMBL3308072";"";"";"";"10000.0"
"CHEMBL23444";"";"None";"575.69";"1";"4.85";"22";"CCn1cc(C(C(=O)NS(=O)(=O)c2ccc(C(C)C)cc2)c2ccc3c(c2)OCO3)c2ccc(C(=O)N(C)C)cc21";"IC50";"'='";"474.0";"nM";"6.32";"";"";"UO_0000065";"10.99";"0.21";"1.47";"5.91";"0";"CHEMBL677443";"Binding affinity towards human cloned endothelin B receptor by [125I]ET1 displacement.";"B";"BAO_0000357";"single protein format";"None";"None";"None";"None";"None";"";"";"";"CHEMBL1785";"Endothelin receptor ET-B";"Homo sapiens";"SINGLE PROTEIN";"CHEMBL1135360";"1";"Scientific Literature";"Bioorg Med Chem Lett";"2002";"None";"";"";"";"474.0"
"CHEMBL318270";"";"None";"460.53";"0";"2.94";"rac-9d";"CCc1cc(CC)nc(O[C@H](C(=O)O)[C@@]2(c3ccccc3)NCC(=O)N(C)c3ccccc32)n1";"IC50";"'='";"654.0";"nM";"6.18";"";"";"UO_0000065";"";"";"";"";"0";"CHEMBL670641";"Antagonist activity towards human recombinant Endothelin B receptor expressed in chinese hamster ovary (CHO) cells determined using [125I]ET1 as radioligand";"F";"BAO_0000219";"cell-based format";"None";"None";"None";"CHO";"None";"";"";"";"CHEMBL1785";"Endothelin receptor ET-B";"Homo sapiens";"SINGLE PROTEIN";"CHEMBL1149183";"1";"Scientific Literature";"J Med Chem";"2004";"CHEMBL3308072";"";"";"";"654.0"
"CHEMBL45875";"";"None";"390.49";"0";"3.89";"15h";"Cc1ccc(CC(=O)c2sccc2S(=O)(=O)Nc2onc(C)c2C)cc1";"IC50";"'='";"29200.0";"nM";"4.54";"";"";"UO_0000065";"11.61";"0.24";"0.64";"5.08";"0";"CHEMBL670644";"In vitro inhibition of endothelin binding to human Endothelin B receptor using [125I]-labeled ET-1 competition assay";"B";"BAO_0000357";"single protein format";"None";"None";"None";"None";"None";"";"";"";"CHEMBL1785";"Endothelin receptor ET-B";"Homo sapiens";"SINGLE PROTEIN";"CHEMBL1130344";"1";"Scientific Literature";"J Med Chem";"1997";"None";"";"";"";"29200.0"
"CHEMBL110695";"";"None";"525.65";"1";"3.56";"9t";"CCCCN(CCCC)C(=O)CN1C[C@H](c2ccc3c(c2)OCO3)[C@@H](C(=O)O)[C@@H]1CCn1ccccc1=O";"IC50";"'='";"41000.0";"nM";"4.39";"";"";"UO_0000065";"8.35";"0.16";"0.83";"4.33";"0";"CHEMBL670729";"Binding affinity for endothelin B receptor by measuring its ability to displace [125I]-ET-3 from porcine cerebellar tissue";"B";"BAO_0000357";"single protein format";"Sus scrofa";"None";"None";"None";"None";"";"";"";"CHEMBL1785";"Endothelin receptor ET-B";"Homo sapiens";"SINGLE PROTEIN";"CHEMBL1131628";"1";"Scientific Literature";"J Med Chem";"1998";"None";"";"";"";"41000.0"
"CHEMBL320124";"";"None";"486.65";"1";"5.06";"8i";"CCCCN(CCCC)C(=O)CN1C[C@H](c2ccc3c(c2)OCO3)[C@@H](C(=O)O)[C@@H]1CCC=C(C)C";"IC50";"'='";"33200.0";"nM";"4.48";"";"";"UO_0000065";"9.20";"0.17";"-0.58";"5.65";"0";"CHEMBL670729";"Binding affinity for endothelin B receptor by measuring its ability to displace [125I]-ET-3 from porcine cerebellar tissue";"B";"BAO_0000357";"single protein format";"Sus scrofa";"None";"None";"None";"None";"";"";"";"CHEMBL1785";"Endothelin receptor ET-B";"Homo sapiens";"SINGLE PROTEIN";"CHEMBL1131628";"1";"Scientific Literature";"J Med Chem";"1998";"None";"";"";"";"33200.0"
"CHEMBL281451";"";"None";"569.64";"2";"6.86";"9";"COc1cccc(Sc2c(C(=O)O)n(Cc3ccc4c(c3)OCO4)c3cc(OC)c(OCc4ccccc4)cc23)c1";"IC50";"'='";"690.0";"nM";"6.16";"";"";"UO_0000065";"10.82";"0.21";"-0.70";"6.97";"0";"CHEMBL670634";"Affinity for human endothelin B receptor expressed in CHO-K1 cells.";"B";"BAO_0000219";"cell-based format";"None";"None";"None";"CHO-K1";"None";"";"";"";"CHEMBL1785";"Endothelin receptor ET-B";"Homo sapiens";"SINGLE PROTEIN";"CHEMBL1129097";"1";"Scientific Literature";"Bioorg Med Chem Lett";"1996";"CHEMBL3307512";"";"";"";"0.69"
"CHEMBL264579";"";"None";"1102.34";"None";"None";"52";"CC[C@H](C)[C@H](NC(=O)[C@H](CC(=O)O)NC(=O)[C@H](CC(C)C)NC(=O)[C@@H](NC(=O)C1c2ccccc2CCc2ccccc21)C(c1ccccc1)c1ccccc1)C(=O)N[C@H](C(=O)N[C@@H](Cc1c[nH]c2ccccc12)C(=O)O)[C@@H](C)CC";"IC50";"'='";"5900.0";"nM";"5.23";"";"";"UO_0000065";"4.74";"None";"None";"None";"0";"CHEMBL677445";"Binding affinity measured in CHO cells stably transfected with the human endothelin B receptor";"B";"BAO_0000219";"cell-based format";"Homo sapiens";"None";"None";"CHO";"None";"";"";"";"CHEMBL1785";"Endothelin receptor ET-B";"Homo sapiens";"SINGLE PROTEIN";"CHEMBL1128478";"1";"Scientific Literature";"J Med Chem";"1995";"CHEMBL3308072";"";"";"";"5.9"
"CHEMBL113472";"";"None";"498.62";"0";"4.54";"9i";"CCCCN(CCCC)C(=O)CN1C[C@H](c2ccc3c(c2)OCO3)[C@@H](C(=O)O)[C@@H]1CCc1ccco1";"IC50";"'='";"47000.0";"nM";"4.33";"";"";"UO_0000065";"8.68";"0.16";"-0.21";"4.68";"0";"CHEMBL670729";"Binding affinity for endothelin B receptor by measuring its ability to displace [125I]-ET-3 from porcine cerebellar tissue";"B";"BAO_0000357";"single protein format";"Sus scrofa";"None";"None";"None";"None";"";"";"";"CHEMBL1785";"Endothelin receptor ET-B";"Homo sapiens";"SINGLE PROTEIN";"CHEMBL1131628";"1";"Scientific Literature";"J Med Chem";"1998";"None";"";"";"";"47000.0"
"CHEMBL367382";"";"None";"575.65";"1";"4.21";"29";"COc1ccccc1Oc1c(NS(=O)(=O)c2ccc(C(C)(C)C)cc2)nc(-c2ncccn2)nc1OCC#CCO";"IC50";"'='";"832.0";"nM";"6.08";"";"";"UO_0000065";"10.56";"0.20";"1.87";"4.17";"0";"CHEMBL670645";"In vitro inhibitory concentration required against [125I]ET1 binding to membranes of CHO cells expressing human ETB receptor";"B";"BAO_0000219";"cell-based format";"None";"None";"None";"CHO";"None";"";"";"";"CHEMBL1785";"Endothelin receptor ET-B";"Homo sapiens";"SINGLE PROTEIN";"CHEMBL1136632";"1";"Scientific Literature";"Bioorg Med Chem Lett";"2003";"CHEMBL3308072";"";"";"";"832.0"
"CHEMBL1271807";"";"None";"559.57";"1";"4.09";"2l";"CCc1cc2c(cc1Cn1c(C(=O)O)c(Cc3cccc(C(=O)O)c3)c(=O)c3cc(OCCCO)ccc31)OCO2";"IC50";"'='";"4387.0";"nM";"5.36";"";"";"UO_0000065";"9.57";"0.18";"1.27";"3.71";"0";"CHEMBL1272363";"Displacement of [125I]ET1 from human ETB receptor expressed in membranes";"B";"BAO_0000019";"assay format";"Homo sapiens";"None";"None";"None";"None";"";"";"";"CHEMBL1785";"Endothelin receptor ET-B";"Homo sapiens";"SINGLE PROTEIN";"CHEMBL1268959";"1";"Scientific Literature";"Bioorg Med Chem Lett";"2010";"None";"";"";"";"4387.0"
"CHEMBL1272137";"";"None";"501.49";"1";"4.03";"2a";"CCc1cc2c(cc1Cn1c(C(=O)O)c(Cc3cccc(C(=O)O)c3)c(=O)c3cc(O)ccc31)OCO2";"IC50";"'='";"15561.5";"nM";"4.81";"";"";"UO_0000065";"9.59";"0.18";"0.78";"3.55";"0";"CHEMBL1272363";"Displacement of [125I]ET1 from human ETB receptor expressed in membranes";"B";"BAO_0000019";"assay format";"Homo sapiens";"None";"None";"None";"None";"";"";"";"CHEMBL1785";"Endothelin receptor ET-B";"Homo sapiens";"SINGLE PROTEIN";"CHEMBL1268959";"1";"Scientific Literature";"Bioorg Med Chem Lett";"2010";"None";"";"";"";"15561.5"
"CHEMBL174781";"";"None";"577.69";"1";"3.37";"35";"CCCS(=O)(=O)NCCOc1nc(C2CC2)nc(NS(=O)(=O)c2ccc(C)cn2)c1Oc1ccccc1OC";"IC50";"'='";"4670.0";"nM";"5.33";"";"";"UO_0000065";"9.23";"0.19";"1.96";"3.36";"0";"CHEMBL670655";"Inhibitory concentration required against [125I]ET1 binding to membranes of CHO cells expressing human ETB receptor";"B";"BAO_0000219";"cell-based format";"None";"None";"None";"CHO";"None";"";"";"";"CHEMBL1785";"Endothelin receptor ET-B";"Homo sapiens";"SINGLE PROTEIN";"CHEMBL1136631";"1";"Scientific Literature";"Bioorg Med Chem Lett";"2003";"CHEMBL3308072";"";"";"";"4670.0"
"CHEMBL278176";"";"None";"682.84";"2";"7.09";"1";"CCCc1cc(Cn2c(CC)nc3c(C)cc(C)nc32)ccc1OC(C(=O)NS(=O)(=O)c1ccc(C(C)C)cc1)c1ccc2c(c1)OCO2";"IC50";"'='";"60.0";"nM";"7.22";"";"";"UO_0000065";"10.58";"0.20";"0.13";"5.94";"1";"CHEMBL670476";"Compound was evaluated for inhibitory activity against human Endothelin B receptor (ETB)";"B";"BAO_0000357";"single protein format";"None";"None";"None";"None";"None";"";"";"";"CHEMBL1785";"Endothelin receptor ET-B";"Homo sapiens";"SINGLE PROTEIN";"CHEMBL1135999";"1";"Scientific Literature";"J Med Chem";"2002";"None";"";"";"";"60.0"
"CHEMBL2165338";"";"None";"574.26";"1";"3.18";"61";"CCNS(=O)(=O)Nc1ncnc(OCCOc2ncc(Br)cn2)c1-c1ccc(Br)cc1";"IC50";"'='";"830.0";"nM";"6.08";"";"";"UO_0000065";"10.59";"0.27";"2.90";"4.74";"0";"CHEMBL2166381";"Displacement of [I125]ET1 from recombinant ETB receptor expressed in CHO cells after 2 hrs by TopCount analysis";"B";"BAO_0000219";"cell-based format";"None";"None";"None";"CHO";"None";"";"";"";"CHEMBL1785";"Endothelin receptor ET-B";"Homo sapiens";"SINGLE PROTEIN";"CHEMBL2163289";"1";"Scientific Literature";"J Med Chem";"2012";"CHEMBL3308072";"";"";"";"830.0"
"CHEMBL2163727";"";"None";"633.48";"2";"3.74";"49";"COc1nc(NS(=O)(=O)NCc2ccccc2)c(Oc2ccccc2OC)c(OCCOc2ncc(Br)cn2)n1";"IC50";"'='";"2490.0";"nM";"5.60";"";"";"UO_0000065";"8.85";"0.19";"1.86";"3.59";"0";"CHEMBL2166381";"Displacement of [I125]ET1 from recombinant ETB receptor expressed in CHO cells after 2 hrs by TopCount analysis";"B";"BAO_0000219";"cell-based format";"None";"None";"None";"CHO";"None";"";"";"";"CHEMBL1785";"Endothelin receptor ET-B";"Homo sapiens";"SINGLE PROTEIN";"CHEMBL2163289";"1";"Scientific Literature";"J Med Chem";"2012";"CHEMBL3308072";"";"";"";"2490.0"
"CHEMBL22562";"";"None";"535.58";"1";"2.96";"6";"COc1cc(C)ccc1S(=O)(=O)NC(=O)C(c1ccc2c(c1)OCO2)c1cn(C)c2cc(C(N)=O)ccc12";"IC50";"'='";"275.0";"nM";"6.56";"";"";"UO_0000065";"12.25";"0.24";"3.60";"4.72";"0";"CHEMBL3056375";"Displacement of [I125]ET1 from Homo sapiens (human) ETB receptor expressed in CHO cells";"B";"BAO_0000219";"cell-based format";"Homo sapiens";"None";"None";"CHO";"None";"";"";"";"CHEMBL1785";"Endothelin receptor ET-B";"Homo sapiens";"SINGLE PROTEIN";"CHEMBL3045872";"1";"Scientific Literature";"Med Chem Res";"2004";"CHEMBL3308072";"";"";"";"275.0"
"CHEMBL2163711";"";"None";"694.57";"3";"5.12";"33";"COc1ccccc1Oc1c(NS(=O)(=O)CCCc2ccccc2)nc(-c2ncccn2)nc1OCCOc1ncc(Br)cn1";"IC50";"'='";"377.0";"nM";"6.42";"";"";"UO_0000065";"9.25";"0.19";"1.30";"4.00";"0";"CHEMBL2166381";"Displacement of [I125]ET1 from recombinant ETB receptor expressed in CHO cells after 2 hrs by TopCount analysis";"B";"BAO_0000219";"cell-based format";"None";"None";"None";"CHO";"None";"";"";"";"CHEMBL1785";"Endothelin receptor ET-B";"Homo sapiens";"SINGLE PROTEIN";"CHEMBL2163289";"1";"Scientific Literature";"J Med Chem";"2012";"CHEMBL3308072";"";"";"";"377.0"
"CHEMBL2163696";"";"None";"433.45";"0";"1.48";"21";"COc1ccccc1Oc1c(NS(C)(=O)=O)nc(-c2ncccn2)nc1OCCO";"IC50";"'='";"9506.0";"nM";"5.02";"";"";"UO_0000065";"11.59";"0.23";"3.54";"3.45";"0";"CHEMBL2166381";"Displacement of [I125]ET1 from recombinant ETB receptor expressed in CHO cells after 2 hrs by TopCount analysis";"B";"BAO_0000219";"cell-based format";"None";"None";"None";"CHO";"None";"";"";"";"CHEMBL1785";"Endothelin receptor ET-B";"Homo sapiens";"SINGLE PROTEIN";"CHEMBL2163289";"1";"Scientific Literature";"J Med Chem";"2012";"CHEMBL3308072";"";"";"";"9506.0"
"CHEMBL2163721";"";"None";"695.56";"2";"4.53";"43";"COc1ccccc1Oc1c(NS(=O)(=O)N(C)Cc2ccccc2)nc(-c2ncccn2)nc1OCCOc1ncc(Br)cn1";"IC50";"'='";"457.0";"nM";"6.34";"";"";"UO_0000065";"9.12";"0.19";"1.81";"3.87";"0";"CHEMBL2166381";"Displacement of [I125]ET1 from recombinant ETB receptor expressed in CHO cells after 2 hrs by TopCount analysis";"B";"BAO_0000219";"cell-based format";"None";"None";"None";"CHO";"None";"";"";"";"CHEMBL1785";"Endothelin receptor ET-B";"Homo sapiens";"SINGLE PROTEIN";"CHEMBL2163289";"1";"Scientific Literature";"J Med Chem";"2012";"CHEMBL3308072";"";"";"";"457.0"
"CHEMBL2163717";"";"None";"605.43";"2";"2.62";"39";"CNS(=O)(=O)Nc1nc(-c2ncccn2)nc(OCCOc2ncc(Br)cn2)c1Oc1ccccc1OC";"IC50";"'='";"194.0";"nM";"6.71";"";"";"UO_0000065";"11.09";"0.24";"4.09";"3.89";"0";"CHEMBL2166381";"Displacement of [I125]ET1 from recombinant ETB receptor expressed in CHO cells after 2 hrs by TopCount analysis";"B";"BAO_0000219";"cell-based format";"None";"None";"None";"CHO";"None";"";"";"";"CHEMBL1785";"Endothelin receptor ET-B";"Homo sapiens";"SINGLE PROTEIN";"CHEMBL2163289";"1";"Scientific Literature";"J Med Chem";"2012";"CHEMBL3308072";"";"";"";"194.0"
"CHEMBL2163712";"";"None";"590.42";"2";"3.12";"34";"COc1ccccc1Oc1c(NS(C)(=O)=O)nc(-c2ncccn2)nc1OCCOc1ncc(Br)cn1";"IC50";"'='";"1146.0";"nM";"5.94";"";"";"UO_0000065";"10.06";"0.22";"2.82";"3.70";"0";"CHEMBL2166381";"Displacement of [I125]ET1 from recombinant ETB receptor expressed in CHO cells after 2 hrs by TopCount analysis";"B";"BAO_0000219";"cell-based format";"None";"None";"None";"CHO";"None";"";"";"";"CHEMBL1785";"Endothelin receptor ET-B";"Homo sapiens";"SINGLE PROTEIN";"CHEMBL2163289";"1";"Scientific Literature";"J Med Chem";"2012";"CHEMBL3308072";"";"";"";"1146.0"
"CHEMBL2163698";"";"None";"601.65";"2";"3.97";"20";"COc1ccccc1Oc1c(NS(=O)(=O)CCc2ccccc2)nc(-c2ncccn2)nc1OCCOc1ncccn1";"IC50";"'='";"465.0";"nM";"6.33";"";"";"UO_0000065";"10.53";"0.20";"2.36";"3.95";"0";"CHEMBL2166381";"Displacement of [I125]ET1 from recombinant ETB receptor expressed in CHO cells after 2 hrs by TopCount analysis";"B";"BAO_0000219";"cell-based format";"None";"None";"None";"CHO";"None";"";"";"";"CHEMBL1785";"Endothelin receptor ET-B";"Homo sapiens";"SINGLE PROTEIN";"CHEMBL2163289";"1";"Scientific Literature";"J Med Chem";"2012";"CHEMBL3308072";"";"";"";"465.0"
"CHEMBL293232";"";"None";"399.29";"0";"4.27";"24b";"Cc1noc(NS(=O)(=O)c2ccsc2-c2ccccc2)c1Br";"IC50";"'='";"74100.0";"nM";"4.13";"";"";"UO_0000065";"10.34";"0.26";"-0.14";"5.72";"0";"CHEMBL670635";"Compound was tested for binding affinity against Endothelin B receptor";"B";"BAO_0000357";"single protein format";"None";"None";"None";"None";"None";"";"";"";"CHEMBL1785";"Endothelin receptor ET-B";"Homo sapiens";"SINGLE PROTEIN";"CHEMBL1128922";"1";"Scientific Literature";"Bioorg Med Chem Lett";"1996";"None";"";"";"";"74.1"
"CHEMBL330674";"";"None";"441.37";"1";"5.40";"22m";"Cc1noc(NS(=O)(=O)c2sccc2-c2ccc(C(C)C)cc2)c1Br";"IC50";"'='";"28250.0";"nM";"4.55";"";"";"UO_0000065";"10.31";"0.25";"-0.85";"6.30";"0";"CHEMBL670635";"Compound was tested for binding affinity against Endothelin B receptor";"B";"BAO_0000357";"single protein format";"None";"None";"None";"None";"None";"";"";"";"CHEMBL1785";"Endothelin receptor ET-B";"Homo sapiens";"SINGLE PROTEIN";"CHEMBL1128922";"1";"Scientific Literature";"Bioorg Med Chem Lett";"1996";"None";"";"";"";"28.25"
"CHEMBL122673";"";"None";"734.77";"2";"6.30";"9i";"CCc1ccccc1C(NC(=O)CN1C[C@H](c2ccc3c(c2)OCO3)[C@@H](C(=O)O)[C@@H]1c1ccc(OC)cc1)c1ccccc1CC.O=C(O)C(F)(F)F";"IC50";"'='";"6.6";"nM";"8.18";"";"";"UO_0000065";"13.18";"0.24";"1.88";"8.40";"0";"CHEMBL670477";"Binding ability determined by the displacement of [125 I]ET-3 from the human Endothelin B receptor";"B";"BAO_0000357";"single protein format";"None";"None";"None";"None";"None";"";"";"";"CHEMBL1785";"Endothelin receptor ET-B";"Homo sapiens";"SINGLE PROTEIN";"CHEMBL1132108";"1";"Scientific Literature";"J Med Chem";"1999";"None";"";"";"";"6.6"
"CHEMBL123206";"";"None";"792.85";"2";"6.84";"9l";"CCc1ccccc1C(NC(=O)CN1C[C@H](c2ccc3c(c2)OCO3)[C@@H](C(=O)O)[C@@H]1c1ccc(OCCOC(C)C)cc1)c1ccccc1C.O=C(O)C(F)(F)F";"IC50";"'='";"3.3";"nM";"8.48";"";"";"UO_0000065";"12.49";"0.23";"1.64";"7.96";"0";"CHEMBL670477";"Binding ability determined by the displacement of [125 I]ET-3 from the human Endothelin B receptor";"B";"BAO_0000357";"single protein format";"None";"None";"None";"None";"None";"";"";"";"CHEMBL1785";"Endothelin receptor ET-B";"Homo sapiens";"SINGLE PROTEIN";"CHEMBL1132108";"1";"Scientific Literature";"J Med Chem";"1999";"None";"";"";"";"3.3"
"CHEMBL405677";"";"None";"1124.27";"None";"None";"5";"CC(=O)[C@@H](Cc1c[nH]c2ccccc12)N[C@@H](Cc1ccccc1)C(=O)N[C@@H](Cc1ccccc1)C(=O)N[C@@H](CC(N)=O)C(=O)N[C@@H](Cc1ccc(O)cc1)C(=O)N[C@@H](Cc1ccc(O)cc1)C(=O)N[C@@H](Cc1c[nH]c2ccccc12)C(=O)O";"IC50";"'='";"7600.0";"nM";"5.12";"";"";"UO_0000065";"4.55";"None";"None";"None";"0";"CHEMBL677272";"Binding affinity in Chinese hamster ovary (CHO) cells stably transfected with human endothelin B (ETB) receptor";"B";"BAO_0000219";"cell-based format";"Homo sapiens";"None";"None";"CHO";"None";"";"";"";"CHEMBL1785";"Endothelin receptor ET-B";"Homo sapiens";"SINGLE PROTEIN";"CHEMBL1152094";"1";"Scientific Literature";"Bioorg Med Chem Lett";"1995";"CHEMBL3308072";"";"";"";"7.6"
"CHEMBL432012";"";"None";"446.50";"0";"4.62";"2p";"CCCNc1ccc2c(n1)[C@@H](c1ccc(OC)cc1)[C@H](C(=O)O)[C@H]2c1ccc2c(c1)OCO2";"IC50";"'='";"63.0";"nM";"7.20";"";"";"UO_0000065";"16.13";"0.30";"2.58";"8.01";"0";"CHEMBL670652";"Inhibitory activity against I-labeled ET-1 binding to Endothelin B receptor";"B";"BAO_0000357";"single protein format";"None";"None";"None";"None";"None";"";"";"";"CHEMBL1785";"Endothelin receptor ET-B";"Homo sapiens";"SINGLE PROTEIN";"CHEMBL1134926";"1";"Scientific Literature";"Bioorg Med Chem Lett";"2002";"None";"";"";"";"63.0"
"CHEMBL2165334";"";"None";"636.33";"1";"4.36";"57";"O=S(=O)(NCc1ccccc1)Nc1ncnc(OCCOc2ncc(Br)cn2)c1-c1ccc(Br)cc1";"IC50";"'='";"461.0";"nM";"6.34";"";"";"UO_0000065";"9.96";"0.24";"1.98";"4.94";"0";"CHEMBL2166381";"Displacement of [I125]ET1 from recombinant ETB receptor expressed in CHO cells after 2 hrs by TopCount analysis";"B";"BAO_0000219";"cell-based format";"None";"None";"None";"CHO";"None";"";"";"";"CHEMBL1785";"Endothelin receptor ET-B";"Homo sapiens";"SINGLE PROTEIN";"CHEMBL2163289";"1";"Scientific Literature";"J Med Chem";"2012";"CHEMBL3308072";"";"";"";"461.0"
"CHEMBL110053";"";"None";"515.65";"1";"3.33";"9u";"CCCCN(CCCC)C(=O)CN1C[C@H](c2ccc3c(c2)OCO3)[C@@H](C(=O)O)[C@@H]1CCN1CCCC1=O";"IC50";"'='";"18000.0";"nM";"4.75";"";"";"UO_0000065";"9.20";"0.18";"1.41";"4.76";"0";"CHEMBL676632";"Tested for binding affinity for human Endothelin B receptor by measuring its ability to displace [125I]ET-3 from chinese hamster ovary cells(CHO)";"B";"BAO_0000219";"cell-based format";"None";"None";"None";"ovary";"None";"";"";"";"CHEMBL1785";"Endothelin receptor ET-B";"Homo sapiens";"SINGLE PROTEIN";"CHEMBL1131628";"1";"Scientific Literature";"J Med Chem";"1998";"None";"";"";"";"18000.0"
"CHEMBL156532";"";"None";"471.53";"1";"5.89";"7k";"COc1ccc(-c2c(C(=O)O)c(=O)n(Cc3ccccc3SC)c3c2oc2ccccc23)cc1";"IC50";"'='";"6400.0";"nM";"5.19";"";"";"UO_0000065";"11.01";"0.21";"-0.70";"6.36";"0";"CHEMBL673047";"Ability to displace [125I]endothelin-1 from endothelin B receptor in porcine kidney membranes";"B";"BAO_0000249";"cell membrane format";"Sus scrofa";"CHEMBL3638241";"Kidney";"None";"Membrane";"";"";"";"CHEMBL1785";"Endothelin receptor ET-B";"Homo sapiens";"SINGLE PROTEIN";"CHEMBL1132506";"1";"Scientific Literature";"Bioorg Med Chem Lett";"1999";"None";"";"";"";"6.4"
"CHEMBL47706";"";"None";"485.34";"0";"3.76";"15c";"Cc1noc(NS(=O)(=O)c2ccsc2C(=O)Cc2ccc3c(c2)OCO3)c1Br";"IC50";"'='";"5500.0";"nM";"5.26";"";"";"UO_0000065";"10.84";"0.26";"1.50";"4.88";"0";"CHEMBL670644";"In vitro inhibition of endothelin binding to human Endothelin B receptor using [125I]-labeled ET-1 competition assay";"B";"BAO_0000357";"single protein format";"None";"None";"None";"None";"None";"";"";"";"CHEMBL1785";"Endothelin receptor ET-B";"Homo sapiens";"SINGLE PROTEIN";"CHEMBL1130344";"1";"Scientific Literature";"J Med Chem";"1997";"None";"";"";"";"5500.0"
"CHEMBL156269";"";"None";"455.47";"1";"5.18";"7p";"COc1ccccc1Cn1c(=O)c(C(=O)O)c(-c2ccccc2OC)c2oc3ccccc3c21";"IC50";"'>'";"10000.0";"nM";"";"";"";"UO_0000065";"";"";"";"";"0";"CHEMBL673047";"Ability to displace [125I]endothelin-1 from endothelin B receptor in porcine kidney membranes";"B";"BAO_0000249";"cell membrane format";"Sus scrofa";"CHEMBL3638241";"Kidney";"None";"Membrane";"";"";"";"CHEMBL1785";"Endothelin receptor ET-B";"Homo sapiens";"SINGLE PROTEIN";"CHEMBL1132506";"1";"Scientific Literature";"Bioorg Med Chem Lett";"1999";"None";"";"";"";"10.0"
"CHEMBL158123";"";"None";"395.41";"1";"5.16";"7b";"O=C(O)c1c(-c2ccccc2)c2oc3ccccc3c2n(Cc2ccccc2)c1=O";"IC50";"'>'";"10000.0";"nM";"";"";"";"UO_0000065";"";"";"";"";"0";"CHEMBL673047";"Ability to displace [125I]endothelin-1 from endothelin B receptor in porcine kidney membranes";"B";"BAO_0000249";"cell membrane format";"Sus scrofa";"CHEMBL3638241";"Kidney";"None";"Membrane";"";"";"";"CHEMBL1785";"Endothelin receptor ET-B";"Homo sapiens";"SINGLE PROTEIN";"CHEMBL1132506";"1";"Scientific Literature";"Bioorg Med Chem Lett";"1999";"None";"";"";"";"10.0"
"CHEMBL88506";"";"None";"399.29";"0";"4.27";"22b";"Cc1noc(NS(=O)(=O)c2sccc2-c2ccccc2)c1Br";"IC50";"'='";"64450.0";"nM";"4.19";"";"";"UO_0000065";"10.50";"0.26";"-0.08";"5.80";"0";"CHEMBL670635";"Compound was tested for binding affinity against Endothelin B receptor";"B";"BAO_0000357";"single protein format";"None";"None";"None";"None";"None";"";"";"";"CHEMBL1785";"Endothelin receptor ET-B";"Homo sapiens";"SINGLE PROTEIN";"CHEMBL1128922";"1";"Scientific Literature";"Bioorg Med Chem Lett";"1996";"None";"";"";"";"64.45"
"CHEMBL340190";"";"None";"516.59";"1";"4.96";"1g";"CCCCN(CCCC)C(=O)CN1C[C@H](c2ccc3c(c2)OCO3)[C@@H](C(=O)O)[C@@H]1c1ccc(F)c(F)c1";"IC50";"'='";"1040.0";"nM";"5.98";"";"";"UO_0000065";"11.58";"0.22";"1.02";"7.54";"0";"CHEMBL673048";"Binding affinity against endothelin B receptor in porcine cerebellar tissue";"B";"BAO_0000357";"single protein format";"Sus scrofa";"None";"None";"None";"None";"";"";"";"CHEMBL1785";"Endothelin receptor ET-B";"Homo sapiens";"SINGLE PROTEIN";"CHEMBL1134271";"1";"Scientific Literature";"J Med Chem";"2001";"None";"";"";"";"1040.0"
"CHEMBL289634";"";"None";"532.64";"2";"5.44";"2t (diastereomer)";"COCC(C)Cc1cc(OC)ccc1[C@@H]1c2nc(NC(C)C)ccc2[C@H](c2ccc3c(c2)OCO3)[C@H]1C(=O)O";"IC50";"'='";"25.0";"nM";"7.60";"";"";"UO_0000065";"14.27";"0.27";"2.16";"7.67";"0";"CHEMBL670651";"Inhibitory activity against [125I]ET1 binding to human endothelin B receptor";"B";"BAO_0000357";"single protein format";"None";"None";"None";"None";"None";"";"";"";"CHEMBL1785";"Endothelin receptor ET-B";"Homo sapiens";"SINGLE PROTEIN";"CHEMBL1147633";"1";"Scientific Literature";"Bioorg Med Chem Lett";"2004";"None";"";"";"";"25.0"
"CHEMBL368528";"";"None";"563.66";"1";"2.98";"34";"CCS(=O)(=O)NCCOc1nc(C2CC2)nc(NS(=O)(=O)c2ccc(C)cn2)c1Oc1ccccc1OC";"IC50";"'='";"5660.0";"nM";"5.25";"";"";"UO_0000065";"9.31";"0.19";"2.27";"3.31";"0";"CHEMBL670655";"Inhibitory concentration required against [125I]ET1 binding to membranes of CHO cells expressing human ETB receptor";"B";"BAO_0000219";"cell-based format";"None";"None";"None";"CHO";"None";"";"";"";"CHEMBL1785";"Endothelin receptor ET-B";"Homo sapiens";"SINGLE PROTEIN";"CHEMBL1136631";"1";"Scientific Literature";"Bioorg Med Chem Lett";"2003";"CHEMBL3308072";"";"";"";"5660.0"
"CHEMBL96347";"";"None";"560.57";"2";"5.63";"rac-91";"Cc1cc(C)cc(O[C@H](C(=O)O)[C@@]2(c3ccccc3)NCC(=O)N(Cc3c(F)cc(F)cc3F)c3ccccc32)c1";"IC50";"'='";"565.0";"nM";"6.25";"";"";"UO_0000065";"";"";"";"";"0";"CHEMBL670641";"Antagonist activity towards human recombinant Endothelin B receptor expressed in chinese hamster ovary (CHO) cells determined using [125I]ET1 as radioligand";"F";"BAO_0000219";"cell-based format";"None";"None";"None";"CHO";"None";"";"";"";"CHEMBL1785";"Endothelin receptor ET-B";"Homo sapiens";"SINGLE PROTEIN";"CHEMBL1149183";"1";"Scientific Literature";"J Med Chem";"2004";"CHEMBL3308072";"";"";"";"565.0"
"CHEMBL328878";"";"None";"462.51";"0";"1.80";"rac-39h";"Cc1cc(C)nc(O[C@H](C(=O)O)[C@@]2(c3ccccc3)NCC(=O)N(CCO)c3ccccc32)n1";"IC50";"'='";"108.0";"nM";"6.97";"";"";"UO_0000065";"";"";"";"";"0";"CHEMBL670641";"Antagonist activity towards human recombinant Endothelin B receptor expressed in chinese hamster ovary (CHO) cells determined using [125I]ET1 as radioligand";"F";"BAO_0000219";"cell-based format";"None";"None";"None";"CHO";"None";"";"";"";"CHEMBL1785";"Endothelin receptor ET-B";"Homo sapiens";"SINGLE PROTEIN";"CHEMBL1149183";"1";"Scientific Literature";"J Med Chem";"2004";"CHEMBL3308072";"";"";"";"108.0"
"CHEMBL419879";"";"None";"562.55";"1";"4.42";"rac-39at";"Cc1cc(C)nc(O[C@H](C(=O)O)[C@@]2(c3ccccc3)NCC(=O)N(Cc3cc(F)c(F)cc3F)c3ccccc32)n1";"IC50";"'='";"72.7";"nM";"7.14";"";"";"UO_0000065";"";"";"";"";"0";"CHEMBL670641";"Antagonist activity towards human recombinant Endothelin B receptor expressed in chinese hamster ovary (CHO) cells determined using [125I]ET1 as radioligand";"F";"BAO_0000219";"cell-based format";"None";"None";"None";"CHO";"None";"";"";"";"CHEMBL1785";"Endothelin receptor ET-B";"Homo sapiens";"SINGLE PROTEIN";"CHEMBL1149183";"1";"Scientific Literature";"J Med Chem";"2004";"CHEMBL3308072";"";"";"";"72.7"
"CHEMBL11082";"";"None";"520.53";"1";"4.50";"78";"COc1ccc(C2(OC)OC(=O)C(c3ccc4c(c3)OCO4)=C2Cc2cc(OC)c(OC)c(OC)c2)cc1";"IC50";"'>'";"2500.0";"nM";"";"";"";"UO_0000065";"";"";"";"";"0";"CHEMBL677440";"Binding affinity against human cloned Endothelin B receptor expressed in CHO-K1 cells";"B";"BAO_0000219";"cell-based format";"None";"None";"None";"CHO-K1";"None";"";"";"";"CHEMBL1785";"Endothelin receptor ET-B";"Homo sapiens";"SINGLE PROTEIN";"CHEMBL1129982";"1";"Scientific Literature";"J Med Chem";"1997";"CHEMBL3307512";"";"";"";"2500.0"
"CHEMBL366872";"";"None";"656.79";"2";"4.54";"16";"CCS(=O)(=O)NCCCOc1nc(-c2ncccn2)nc(NS(=O)(=O)c2ccc(C(C)(C)C)cc2)c1Oc1ccccc1OC";"IC50";"'='";"101.0";"nM";"7.00";"";"";"UO_0000065";"10.65";"0.21";"2.46";"4.08";"0";"CHEMBL670655";"Inhibitory concentration required against [125I]ET1 binding to membranes of CHO cells expressing human ETB receptor";"B";"BAO_0000219";"cell-based format";"None";"None";"None";"CHO";"None";"";"";"";"CHEMBL1785";"Endothelin receptor ET-B";"Homo sapiens";"SINGLE PROTEIN";"CHEMBL1136631";"1";"Scientific Literature";"Bioorg Med Chem Lett";"2003";"CHEMBL3308072";"";"";"";"101.0"
"CHEMBL102348";"";"None";"387.39";"0";"3.66";"13";"COC(=O)C(c1ccc2c(c1)OCO2)c1c2ccccc2[n+]([O-])c2ccccc12";"IC50";"";"";"nM";"";"";"Not Active";"UO_0000065";"";"";"";"";"0";"CHEMBL670637";"Inhibition of binding of [125I]ET1 to cloned human Endothelin B receptor expressed in CHO-K1 cells up to 200 uM; non significant";"B";"BAO_0000219";"cell-based format";"None";"None";"None";"CHO-K1";"None";"";"";"";"CHEMBL1785";"Endothelin receptor ET-B";"Homo sapiens";"SINGLE PROTEIN";"CHEMBL1128950";"1";"Scientific Literature";"Bioorg Med Chem Lett";"1996";"CHEMBL3307512";"";"";"";""
"CHEMBL109778";"";"None";"509.65";"1";"4.34";"9o";"CCCCN(CCCC)C(=O)CN1C[C@H](c2ccc3c(c2)OCO3)[C@@H](C(=O)O)[C@@H]1CCc1ccccn1";"IC50";"'='";"14100.0";"nM";"4.85";"";"";"UO_0000065";"9.52";"0.18";"0.51";"5.26";"0";"CHEMBL670729";"Binding affinity for endothelin B receptor by measuring its ability to displace [125I]-ET-3 from porcine cerebellar tissue";"B";"BAO_0000357";"single protein format";"Sus scrofa";"None";"None";"None";"None";"";"";"";"CHEMBL1785";"Endothelin receptor ET-B";"Homo sapiens";"SINGLE PROTEIN";"CHEMBL1131628";"1";"Scientific Literature";"J Med Chem";"1998";"None";"";"";"";"14100.0"
"CHEMBL73925";"";"None";"632.60";"1";"4.47";"4";"CCCCC(NC(=O)[C@@H](Cc1c(Br)[nH]c2ccccc12)NC(=O)C(NC(=O)N1[C@H](C)CCC[C@@H]1C)C1CC1)C(=O)O";"IC50";"'='";"1.1";"nM";"8.96";"";"";"UO_0000065";"14.16";"0.30";"4.49";"6.24";"0";"CHEMBL677447";"Binding affinity towards Endothelin B receptor in human girardi heart cell membranes";"B";"BAO_0000219";"cell-based format";"None";"CHEMBL3638187";"Heart";"heart";"None";"";"";"";"CHEMBL1785";"Endothelin receptor ET-B";"Homo sapiens";"SINGLE PROTEIN";"CHEMBL1129335";"1";"Scientific Literature";"J Med Chem";"1996";"None";"";"";"";"1.1"
"CHEMBL285380";"";"None";"569.64";"2";"6.86";"10";"COc1cccc(Sc2c(C(=O)O)n(Cc3ccc4c(c3)OCO4)c3cc(OCc4ccccc4)c(OC)cc23)c1";"IC50";"'='";"1600.0";"nM";"5.80";"";"";"UO_0000065";"10.17";"0.19";"-1.06";"6.56";"0";"CHEMBL670634";"Affinity for human endothelin B receptor expressed in CHO-K1 cells.";"B";"BAO_0000219";"cell-based format";"None";"None";"None";"CHO-K1";"None";"";"";"";"CHEMBL1785";"Endothelin receptor ET-B";"Homo sapiens";"SINGLE PROTEIN";"CHEMBL1129097";"1";"Scientific Literature";"Bioorg Med Chem Lett";"1996";"CHEMBL3307512";"";"";"";"1.6"
"CHEMBL11174";"";"None";"430.41";"0";"3.51";"27";"O=C1OC(O)(c2ccc(C(=O)O)cc2)C(Cc2ccccc2)=C1c1ccc2c(c1)OCO2";"IC50";"'>'";"2500.0";"nM";"";"";"";"UO_0000065";"";"";"";"";"0";"CHEMBL677440";"Binding affinity against human cloned Endothelin B receptor expressed in CHO-K1 cells";"B";"BAO_0000219";"cell-based format";"None";"None";"None";"CHO-K1";"None";"";"";"";"CHEMBL1785";"Endothelin receptor ET-B";"Homo sapiens";"SINGLE PROTEIN";"CHEMBL1129982";"1";"Scientific Literature";"J Med Chem";"1997";"CHEMBL3307512";"";"";"";"2500.0"
"CHEMBL316453";"";"None";"614.70";"2";"5.68";"rac-80";"COc1ccc(CN2C(=O)CN[C@](c3cccc(-c4ccccc4)c3)([C@H](Oc3nc(C)cc(C)n3)C(=O)O)c3ccccc32)cc1";"IC50";"'='";"86.8";"nM";"7.06";"";"";"UO_0000065";"";"";"";"";"0";"CHEMBL670641";"Antagonist activity towards human recombinant Endothelin B receptor expressed in chinese hamster ovary (CHO) cells determined using [125I]ET1 as radioligand";"F";"BAO_0000219";"cell-based format";"None";"None";"None";"CHO";"None";"";"";"";"CHEMBL1785";"Endothelin receptor ET-B";"Homo sapiens";"SINGLE PROTEIN";"CHEMBL1149183";"1";"Scientific Literature";"J Med Chem";"2004";"CHEMBL3308072";"";"";"";"86.8"
"CHEMBL123408";"";"None";"702.72";"2";"5.19";"10k";"COCCOc1ccc([C@H]2[C@H](C(=O)O)[C@@H](c3ccc4c(c3)OCO4)CN2CC(=O)NC(c2ccccc2)C(C)(C)C)cc1.O=C(O)C(F)(F)F";"IC50";"'='";"2.2";"nM";"8.66";"";"";"UO_0000065";"14.71";"0.27";"3.47";"8.12";"0";"CHEMBL670477";"Binding ability determined by the displacement of [125 I]ET-3 from the human Endothelin B receptor";"B";"BAO_0000357";"single protein format";"None";"None";"None";"None";"None";"";"";"";"CHEMBL1785";"Endothelin receptor ET-B";"Homo sapiens";"SINGLE PROTEIN";"CHEMBL1132108";"1";"Scientific Literature";"J Med Chem";"1999";"None";"";"";"";"2.2"
"CHEMBL10808";"";"None";"432.47";"0";"4.11";"67";"COc1ccc(C2(O)OC(=O)C(c3ccc(OC)cc3OC)=C2Cc2ccccc2)cc1";"IC50";"'='";"25000.0";"nM";"4.60";"";"";"UO_0000065";"10.64";"0.20";"0.49";"6.20";"0";"CHEMBL677440";"Binding affinity against human cloned Endothelin B receptor expressed in CHO-K1 cells";"B";"BAO_0000219";"cell-based format";"None";"None";"None";"CHO-K1";"None";"";"";"";"CHEMBL1785";"Endothelin receptor ET-B";"Homo sapiens";"SINGLE PROTEIN";"CHEMBL1129982";"1";"Scientific Literature";"J Med Chem";"1997";"CHEMBL3307512";"";"";"";"25000.0"
"CHEMBL274370";"";"None";"417.42";"0";"4.74";"13";"COc1ccc(-c2c(C(=O)O)n(-c3ccc4c(c3)OCO4)c3ccc(OC)cc23)cc1";"IC50";"'>'";"25000.0";"nM";"";"";"";"UO_0000065";"";"";"";"";"0";"CHEMBL670654";"Inhibitory concentration against Endothelin B receptor expressed in CHO-K1 cells";"B";"BAO_0000219";"cell-based format";"None";"None";"None";"CHO-K1";"None";"";"";"";"CHEMBL1785";"Endothelin receptor ET-B";"Homo sapiens";"SINGLE PROTEIN";"CHEMBL1129233";"1";"Scientific Literature";"Bioorg Med Chem Lett";"1996";"CHEMBL3307512";"";"";"";"25.0"
"CHEMBL101239";"";"None";"477.52";"1";"6.00";"20";"COc1ccc(COC(=O)C(c2ccc3c(c2)OCO3)c2c3ccccc3nc3ccccc23)cc1";"IC50";"";"";"nM";"";"";"Not Active";"UO_0000065";"";"";"";"";"0";"CHEMBL670637";"Inhibition of binding of [125I]ET1 to cloned human Endothelin B receptor expressed in CHO-K1 cells up to 200 uM; non significant";"B";"BAO_0000219";"cell-based format";"None";"None";"None";"CHO-K1";"None";"";"";"";"CHEMBL1785";"Endothelin receptor ET-B";"Homo sapiens";"SINGLE PROTEIN";"CHEMBL1128950";"1";"Scientific Literature";"Bioorg Med Chem Lett";"1996";"CHEMBL3307512";"";"";"";""
"CHEMBL123654";"";"None";"750.77";"2";"5.80";"9j(enantiomer)";"COCCOc1ccc([C@H]2[C@H](C(=O)O)[C@@H](c3ccc4c(c3)OCO4)CN2CC(=O)NC(c2ccccc2C)c2ccccc2C)cc1.O=C(O)C(F)(F)F";"IC50";"'='";"1.7";"nM";"8.77";"";"";"UO_0000065";"13.77";"0.25";"2.97";"8.23";"0";"CHEMBL670477";"Binding ability determined by the displacement of [125 I]ET-3 from the human Endothelin B receptor";"B";"BAO_0000357";"single protein format";"None";"None";"None";"None";"None";"";"";"";"CHEMBL1785";"Endothelin receptor ET-B";"Homo sapiens";"SINGLE PROTEIN";"CHEMBL1132108";"1";"Scientific Literature";"J Med Chem";"1999";"None";"";"";"";"1.7"
"CHEMBL2261600";"";"None";"517.56";"1";"3.73";"13";"COc1cc(C)ccc1S(=O)(=O)NC(=O)C(c1ccc2c(c1)OCO2)c1cn(C)c2cc(C#N)ccc12";"IC50";"'='";"421.0";"nM";"6.38";"";"";"UO_0000065";"12.32";"0.24";"2.65";"5.33";"0";"CHEMBL3056375";"Displacement of [I125]ET1 from Homo sapiens (human) ETB receptor expressed in CHO cells";"B";"BAO_0000219";"cell-based format";"Homo sapiens";"None";"None";"CHO";"None";"";"";"";"CHEMBL1785";"Endothelin receptor ET-B";"Homo sapiens";"SINGLE PROTEIN";"CHEMBL3045872";"1";"Scientific Literature";"Med Chem Res";"2004";"CHEMBL3308072";"";"";"";"421.0"
"CHEMBL2261361";"";"None";"522.58";"1";"3.35";"8a";"COc1cc(C)ccc1S(=O)(=O)NC(=O)[C@@H](c1ccc2c(c1)OCO2)c1cn(C)c2cc(CO)ccc12";"IC50";"'='";"683.0";"nM";"6.17";"";"";"UO_0000065";"11.80";"0.23";"2.82";"5.31";"0";"CHEMBL3056375";"Displacement of [I125]ET1 from Homo sapiens (human) ETB receptor expressed in CHO cells";"B";"BAO_0000219";"cell-based format";"Homo sapiens";"None";"None";"CHO";"None";"";"";"";"CHEMBL1785";"Endothelin receptor ET-B";"Homo sapiens";"SINGLE PROTEIN";"CHEMBL3045872";"1";"Scientific Literature";"Med Chem Res";"2004";"CHEMBL3308072";"";"";"";"683.0"
"CHEMBL113589";"";"None";"551.71";"1";"2.74";"9r";"CCCCN(CCCC)C(=O)CN1C[C@H](c2ccc3c(c2)OCO3)[C@@H](C(=O)O)[C@@H]1CN1CCCCS1(=O)=O";"IC50";"'>'";"100000.0";"nM";"";"";"";"UO_0000065";"";"";"";"";"0";"CHEMBL670729";"Binding affinity for endothelin B receptor by measuring its ability to displace [125I]-ET-3 from porcine cerebellar tissue";"B";"BAO_0000357";"single protein format";"Sus scrofa";"None";"None";"None";"None";"";"";"";"CHEMBL1785";"Endothelin receptor ET-B";"Homo sapiens";"SINGLE PROTEIN";"CHEMBL1131628";"1";"Scientific Literature";"J Med Chem";"1998";"None";"";"";"";"100000.0"
"CHEMBL331625";"";"None";"574.67";"2";"5.05";"39";"CCc1cccc(CC)c1NC(=O)CN1C[C@H](c2ccc3c(c2)OCO3)[C@@H](C(=O)O)[C@@H]1c1ccc(OCCOC)cc1";"IC50";"'='";"0.85";"nM";"9.07";"";"";"UO_0000065";"15.78";"0.29";"4.02";"8.51";"0";"CHEMBL670478";"Binding affinity towards human Endothelin B receptor (hET -B)";"B";"BAO_0000357";"single protein format";"None";"None";"None";"None";"None";"";"";"";"CHEMBL1785";"Endothelin receptor ET-B";"Homo sapiens";"SINGLE PROTEIN";"CHEMBL1132381";"1";"Scientific Literature";"J Med Chem";"1999";"None";"";"";"";"0.85"
"CHEMBL173805";"";"None";"457.37";"0";"4.80";"15b";"Cc1ccc(OCc2ccsc2S(=O)(=O)Nc2onc(C)c2Br)c(C)c1";"IC50";"'='";"7275.0";"nM";"5.14";"";"";"UO_0000065";"11.23";"0.27";"0.34";"6.31";"0";"CHEMBL676634";"Inhibition of I-ET-1 binding to human Endothelin B receptor";"B";"BAO_0000357";"single protein format";"Homo sapiens";"None";"None";"None";"None";"";"";"";"CHEMBL1785";"Endothelin receptor ET-B";"Homo sapiens";"SINGLE PROTEIN";"CHEMBL1130366";"1";"Scientific Literature";"Bioorg Med Chem Lett";"1997";"None";"";"";"";"7.275"
"CHEMBL10733";"";"None";"450.87";"0";"4.48";"11";"COc1ccc(C2(O)OC(=O)C(c3ccc4c(c3)OCO4)=C2Cc2ccc(Cl)cc2)cc1";"IC50";"'>'";"2500.0";"nM";"";"";"";"UO_0000065";"";"";"";"";"0";"CHEMBL676631";"Tested for antagonistic activity against Endothelin B receptor in the humans (CHO expressed).";"F";"BAO_0000019";"assay format";"None";"None";"None";"None";"None";"";"";"";"CHEMBL1785";"Endothelin receptor ET-B";"Homo sapiens";"SINGLE PROTEIN";"CHEMBL1128292";"1";"Scientific Literature";"J Med Chem";"1995";"None";"";"";"";"2500.0"
"CHEMBL273529";"";"None";"459.41";"0";"4.24";"38";"O=C(O)c1c(-c2ccc3c(c2)OCO3)c2cc3c(cc2n1Cc1ccc2c(c1)OCO2)OCO3";"IC50";"'='";"670.0";"nM";"6.17";"";"";"UO_0000065";"13.44";"0.25";"1.93";"6.33";"0";"CHEMBL670654";"Inhibitory concentration against Endothelin B receptor expressed in CHO-K1 cells";"B";"BAO_0000219";"cell-based format";"None";"None";"None";"CHO-K1";"None";"";"";"";"CHEMBL1785";"Endothelin receptor ET-B";"Homo sapiens";"SINGLE PROTEIN";"CHEMBL1129233";"1";"Scientific Literature";"Bioorg Med Chem Lett";"1996";"CHEMBL3307512";"";"";"";"0.67"
"CHEMBL269409";"";"None";"466.49";"0";"4.98";"55";"COc1ccc(C2(O)OC(=O)C(c3ccc4c(c3)OCO4)=C2Cc2cccc3ccccc23)cc1";"IC50";"'>'";"2500.0";"nM";"";"";"";"UO_0000065";"";"";"";"";"0";"CHEMBL677440";"Binding affinity against human cloned Endothelin B receptor expressed in CHO-K1 cells";"B";"BAO_0000219";"cell-based format";"None";"None";"None";"CHO-K1";"None";"";"";"";"CHEMBL1785";"Endothelin receptor ET-B";"Homo sapiens";"SINGLE PROTEIN";"CHEMBL1129982";"1";"Scientific Literature";"J Med Chem";"1997";"CHEMBL3307512";"";"";"";"2500.0"
"CHEMBL312187";"";"None";"426.09";"0";"3.32";"24b";"COc1ccc(Br)cc1S(=O)(=O)Nc1onc(C)c1Br";"IC50";"'='";"5300.0";"nM";"5.28";"";"";"UO_0000065";"12.38";"0.36";"1.96";"6.48";"0";"CHEMBL677439";"Binding affinity against human Endothelin B receptor in transfected COS 7 cell membrane preparation";"B";"BAO_0000219";"cell-based format";"None";"None";"None";"COS 7";"None";"";"";"";"CHEMBL1785";"Endothelin receptor ET-B";"Homo sapiens";"SINGLE PROTEIN";"CHEMBL1129771";"1";"Scientific Literature";"Bioorg Med Chem Lett";"1996";"None";"";"";"";"5.3"
"CHEMBL46195";"";"None";"456.93";"0";"3.68";"22";"Cc1noc(NS(=O)(=O)c2ccsc2C(C)(O)Cc2ccc3c(c2)OCO3)c1Cl";"IC50";"'>'";"100000.0";"nM";"";"";"";"UO_0000065";"";"";"";"";"0";"CHEMBL670644";"In vitro inhibition of endothelin binding to human Endothelin B receptor using [125I]-labeled ET-1 competition assay";"B";"BAO_0000357";"single protein format";"None";"None";"None";"None";"None";"";"";"";"CHEMBL1785";"Endothelin receptor ET-B";"Homo sapiens";"SINGLE PROTEIN";"CHEMBL1130344";"1";"Scientific Literature";"J Med Chem";"1997";"None";"";"";"";"100000.0"
"CHEMBL170450";"";"None";"264.28";"0";"1.04";"7";"C/C=C/C=C/C(=O)O[C@@H]1C=C2COC(=O)[C@]2(O)CC1";"IC50";"'>'";"25000.0";"nM";"";"";"";"UO_0000065";"";"";"";"";"0";"CHEMBL676633";"Tested for binding affinity towards human Endothelin B receptor";"B";"BAO_0000357";"single protein format";"None";"None";"None";"None";"None";"";"";"";"CHEMBL1785";"Endothelin receptor ET-B";"Homo sapiens";"SINGLE PROTEIN";"CHEMBL1133352";"1";"Scientific Literature";"Bioorg Med Chem Lett";"2000";"None";"";"";"";"25.0"
"CHEMBL320839";"";"None";"589.60";"1";"4.77";"6";"C=CCNC(=O)OC1(c2ccc(OC)cc2)OC(=O)C(c2ccc3c(c2)OCO3)=C1Cc1cc(OC)c(OC)c(OC)c1";"IC50";"'>'";"2500.0";"nM";"";"";"";"UO_0000065";"";"";"";"";"0";"CHEMBL678455";"Binding affinity for human endothelin B receptor expressed in CHO-K1 cells.";"B";"BAO_0000219";"cell-based format";"Homo sapiens";"None";"None";"CHO-K1";"None";"";"";"";"CHEMBL1785";"Endothelin receptor ET-B";"Homo sapiens";"SINGLE PROTEIN";"CHEMBL1129826";"1";"Scientific Literature";"Bioorg Med Chem Lett";"1997";"CHEMBL3307512";"";"";"";"2500.0"
"CHEMBL177111";"";"None";"470.51";"0";"2.46";"43";"COc1ccccc1Oc1c(NS(=O)(=O)c2ccc(C)cn2)nc(C)nc1OCC#CCO";"IC50";"'='";"2880.0";"nM";"5.54";"";"";"UO_0000065";"11.78";"0.23";"3.08";"4.17";"0";"CHEMBL670645";"In vitro inhibitory concentration required against [125I]ET1 binding to membranes of CHO cells expressing human ETB receptor";"B";"BAO_0000219";"cell-based format";"None";"None";"None";"CHO";"None";"";"";"";"CHEMBL1785";"Endothelin receptor ET-B";"Homo sapiens";"SINGLE PROTEIN";"CHEMBL1136632";"1";"Scientific Literature";"Bioorg Med Chem Lett";"2003";"CHEMBL3308072";"";"";"";"2880.0"
"CHEMBL301840";"";"None";"473.48";"0";"4.55";"3g";"CCOc1ccc2c(c1)c(-c1ccc3c(c1)OCO3)c(C(=O)O)c(=O)n2Cc1ccccc1OC";"IC50";"'='";"450.0";"nM";"6.35";"";"";"UO_0000065";"13.40";"0.25";"1.80";"6.60";"0";"CHEMBL670728";"Inhibition of [125I]ET1 binding to porcine kidney inner medulla membranes";"B";"BAO_0000221";"tissue-based format";"Sus scrofa";"CHEMBL3638241";"Kidney";"None";"None";"";"";"";"CHEMBL1785";"Endothelin receptor ET-B";"Homo sapiens";"SINGLE PROTEIN";"CHEMBL1130488";"1";"Scientific Literature";"Bioorg Med Chem Lett";"1997";"None";"";"";"";"0.45"
"CHEMBL111277";"";"None";"578.70";"1";"4.64";"15b, A-182086";"CCCCCS(=O)(=O)N(CCC)CCN1C[C@H](c2ccc3c(c2)OCO3)[C@@H](C(=O)O)[C@@H]1c1ccc(OC)c(F)c1";"IC50";"'='";"0.28";"nM";"9.55";"";"";"UO_0000065";"16.51";"0.33";"4.91";"9.05";"0";"CHEMBL677449";"Binding assay performed using human Endothelin B receptor (hETB) expressed in chinese hamster ovary cells(CHO)";"B";"BAO_0000219";"cell-based format";"None";"None";"None";"CHO";"None";"";"";"";"CHEMBL1785";"Endothelin receptor ET-B";"Homo sapiens";"SINGLE PROTEIN";"CHEMBL1130174";"1";"Scientific Literature";"J Med Chem";"1997";"CHEMBL3308072";"";"";"";"0.28"
"CHEMBL111277";"";"None";"578.70";"1";"4.64";"15b, A-182086";"CCCCCS(=O)(=O)N(CCC)CCN1C[C@H](c2ccc3c(c2)OCO3)[C@@H](C(=O)O)[C@@H]1c1ccc(OC)c(F)c1";"IC50";"'='";"1.28";"nM";"8.89";"";"";"UO_0000065";"";"";"";"";"0";"CHEMBL873581";"Ability to block the ET-1-induced hydrolysis of inositol phosphate in Endothelin B receptor of chinese hamster ovary(CHO) cells.";"F";"BAO_0000019";"assay format";"None";"None";"None";"None";"None";"";"";"";"CHEMBL1785";"Endothelin receptor ET-B";"Homo sapiens";"SINGLE PROTEIN";"CHEMBL1130174";"1";"Scientific Literature";"J Med Chem";"1997";"None";"";"";"";"1.28"
"CHEMBL419367";"";"None";"618.65";"1";"4.79";"15e";"CCCN(CCN1C[C@H](c2ccc3c(c2)OCO3)[C@@H](C(=O)O)[C@@H]1c1ccc(OC)c(F)c1)S(=O)(=O)CCCC(F)(F)F";"IC50";"'='";"0.2";"nM";"9.70";"";"";"UO_0000065";"15.68";"0.32";"4.91";"9.18";"0";"CHEMBL677449";"Binding assay performed using human Endothelin B receptor (hETB) expressed in chinese hamster ovary cells(CHO)";"B";"BAO_0000219";"cell-based format";"None";"None";"None";"CHO";"None";"";"";"";"CHEMBL1785";"Endothelin receptor ET-B";"Homo sapiens";"SINGLE PROTEIN";"CHEMBL1130174";"1";"Scientific Literature";"J Med Chem";"1997";"CHEMBL3308072";"";"";"";"0.2"
"CHEMBL367958";"";"None";"636.75";"2";"2.75";"25";"CCS(=O)(=O)NCCOc1nc(N2CCOCC2)nc(NS(=O)(=O)c2ccc(C(C)C)cn2)c1Oc1ccccc1OC";"IC50";"'='";"122.0";"nM";"6.91";"";"";"UO_0000065";"10.86";"0.22";"4.16";"4.04";"0";"CHEMBL670655";"Inhibitory concentration required against [125I]ET1 binding to membranes of CHO cells expressing human ETB receptor";"B";"BAO_0000219";"cell-based format";"None";"None";"None";"CHO";"None";"";"";"";"CHEMBL1785";"Endothelin receptor ET-B";"Homo sapiens";"SINGLE PROTEIN";"CHEMBL1136631";"1";"Scientific Literature";"Bioorg Med Chem Lett";"2003";"CHEMBL3308072";"";"";"";"122.0"
"CHEMBL368107";"";"None";"712.85";"2";"4.49";"33";"COc1ccccc1Oc1c(NS(=O)(=O)c2ccc(C(C)C)cn2)nc(N2CCOCC2)nc1OCCCNS(=O)(=O)c1ccc(C)cc1";"IC50";"'='";"24.0";"nM";"7.62";"";"";"UO_0000065";"10.69";"0.21";"3.13";"4.45";"0";"CHEMBL670655";"Inhibitory concentration required against [125I]ET1 binding to membranes of CHO cells expressing human ETB receptor";"B";"BAO_0000219";"cell-based format";"None";"None";"None";"CHO";"None";"";"";"";"CHEMBL1785";"Endothelin receptor ET-B";"Homo sapiens";"SINGLE PROTEIN";"CHEMBL1136631";"1";"Scientific Literature";"Bioorg Med Chem Lett";"2003";"CHEMBL3308072";"";"";"";"24.0"
"CHEMBL123305";"";"None";"558.68";"2";"5.81";"21";"CCCc1cccc(CCC)c1NC(=O)CN1C[C@H](c2ccc3c(c2)OCO3)[C@@H](C(=O)O)[C@@H]1c1ccc(OC)cc1";"IC50";"'='";"460.0";"nM";"6.34";"";"";"UO_0000065";"11.34";"0.21";"0.53";"6.51";"0";"CHEMBL670478";"Binding affinity towards human Endothelin B receptor (hET -B)";"B";"BAO_0000357";"single protein format";"None";"None";"None";"None";"None";"";"";"";"CHEMBL1785";"Endothelin receptor ET-B";"Homo sapiens";"SINGLE PROTEIN";"CHEMBL1132381";"1";"Scientific Literature";"J Med Chem";"1999";"None";"";"";"";"460.0"
"CHEMBL368738";"";"None";"622.73";"2";"2.33";"42";"CCCS(=O)(=O)NCCOc1nc(N2CCOCC2)nc(NS(=O)(=O)c2ccc(C)cn2)c1Oc1ccccc1OC";"IC50";"'='";"931.0";"nM";"6.03";"";"";"UO_0000065";"9.68";"0.20";"3.70";"3.52";"0";"CHEMBL670655";"Inhibitory concentration required against [125I]ET1 binding to membranes of CHO cells expressing human ETB receptor";"B";"BAO_0000219";"cell-based format";"None";"None";"None";"CHO";"None";"";"";"";"CHEMBL1785";"Endothelin receptor ET-B";"Homo sapiens";"SINGLE PROTEIN";"CHEMBL1136631";"1";"Scientific Literature";"Bioorg Med Chem Lett";"2003";"CHEMBL3308072";"";"";"";"931.0"
"CHEMBL305524";"";"None";"666.68";"1";"4.67";"28";"CCSCC(NC(=O)[C@@H](Cc1c(Br)[nH]c2ccccc12)NC(=O)C(CC(C)C)NC(=O)N1[C@H](C)CCC[C@@H]1C)C(=O)O";"IC50";"'='";"3.6";"nM";"8.44";"";"";"UO_0000065";"12.67";"0.27";"3.77";"5.88";"0";"CHEMBL677446";"Binding affinity rowards Endothelin B receptor in human girardi heart cell membranes";"B";"BAO_0000219";"cell-based format";"None";"None";"None";"heart";"None";"";"";"";"CHEMBL1785";"Endothelin receptor ET-B";"Homo sapiens";"SINGLE PROTEIN";"CHEMBL1129335";"1";"Scientific Literature";"J Med Chem";"1996";"None";"";"";"";"3.6"
"CHEMBL3885244";"";"None";"2627.09";"None";"None";"Endothelin-3";"CC[C@H](C)[C@H](NC(=O)[C@H](CC(=O)O)NC(=O)[C@H](CC(C)C)NC(=O)[C@H](Cc1cnc[nH]1)NC(=O)[C@@H]1CSSC[C@H](N)C(=O)N[C@@H]([C@@H](C)O)C(=O)N[C@H]2CSSC[C@H](NC(=O)[C@H](CCC(=O)O)NC(=O)[C@H](CCCCN)NC(=O)[C@H](CC(=O)O)NC(=O)[C@H](CCCCN)NC(=O)[C@H](Cc3ccc(O)cc3)NC(=O)[C@H]([C@@H](C)O)NC(=O)[C@H](Cc3ccccc3)NC2=O)C(=O)N[C@@H](C(C)C)C(=O)N[C@@H](Cc2ccc(O)cc2)C(=O)N[C@@H](Cc2ccccc2)C(=O)N1)C(=O)N[C@H](C(=O)N[C@@H](Cc1c[nH]c2ccccc12)C(=O)O)[C@@H](C)CC";"IC50";"'='";"0.0063";"nM";"";"Outside typical range";"";"UO_0000065";"";"";"";"";"0";"CHEMBL3876359";"Displacement of [125I]endothelin-1 from human recombinant ETB receptor expressed in CHO cells measured after 120 mins by scintillation counting method";"B";"BAO_0000219";"cell-based format";"Homo sapiens";"None";"None";"CHO";"None";"";"";"";"CHEMBL1785";"Endothelin receptor ET-B";"Homo sapiens";"SINGLE PROTEIN";"CHEMBL3875185";"1";"Scientific Literature";"Bioorg Med Chem";"2017";"CHEMBL3308072";"";"";"";"6.3"
"CHEMBL10781";"";"None";"536.53";"1";"3.86";"72";"COc1ccc(C2(O)OC(=O)C(c3cc(OC)c4c(c3)OCO4)=C2Cc2cc(OC)c(OC)c(OC)c2)cc1";"IC50";"'='";"260.0";"nM";"6.58";"";"";"UO_0000065";"12.27";"0.23";"2.73";"5.92";"0";"CHEMBL677440";"Binding affinity against human cloned Endothelin B receptor expressed in CHO-K1 cells";"B";"BAO_0000219";"cell-based format";"None";"None";"None";"CHO-K1";"None";"";"";"";"CHEMBL1785";"Endothelin receptor ET-B";"Homo sapiens";"SINGLE PROTEIN";"CHEMBL1129982";"1";"Scientific Literature";"J Med Chem";"1997";"CHEMBL3307512";"";"";"";"260.0"
"CHEMBL333009";"";"None";"558.68";"2";"5.81";"33";"CCc1cccc(CC)c1NC(=O)CN1C[C@H](c2ccc3c(c2)OCO3)[C@@H](C(=O)O)[C@@H]1c1ccc(OC(C)C)cc1";"IC50";"'='";"6.9";"nM";"8.16";"";"";"UO_0000065";"14.61";"0.27";"2.35";"8.39";"0";"CHEMBL670478";"Binding affinity towards human Endothelin B receptor (hET -B)";"B";"BAO_0000357";"single protein format";"None";"None";"None";"None";"None";"";"";"";"CHEMBL1785";"Endothelin receptor ET-B";"Homo sapiens";"SINGLE PROTEIN";"CHEMBL1132381";"1";"Scientific Literature";"J Med Chem";"1999";"None";"";"";"";"6.9"
"CHEMBL325581";"";"None";"585.09";"1";"4.08";"15d";"CCCN(CCN1C[C@H](c2ccc3c(c2)OCO3)[C@@H](C(=O)O)[C@@H]1c1ccc(OC)c(F)c1)S(=O)(=O)CCCCl";"IC50";"'='";"0.14";"nM";"9.85";"";"";"UO_0000065";"16.84";"0.35";"5.77";"9.33";"0";"CHEMBL677449";"Binding assay performed using human Endothelin B receptor (hETB) expressed in chinese hamster ovary cells(CHO)";"B";"BAO_0000219";"cell-based format";"None";"None";"None";"CHO";"None";"";"";"";"CHEMBL1785";"Endothelin receptor ET-B";"Homo sapiens";"SINGLE PROTEIN";"CHEMBL1130174";"1";"Scientific Literature";"J Med Chem";"1997";"CHEMBL3308072";"";"";"";"0.14"
"CHEMBL96193";"";"None";"531.61";"1";"2.14";"rac-39f";"Cc1cc(C)nc(O[C@H](C(=O)O)[C@@]2(c3ccccc3)NCC(=O)N(CCN3CCOCC3)c3ccccc32)n1";"IC50";"'='";"743.0";"nM";"6.13";"";"";"UO_0000065";"";"";"";"";"0";"CHEMBL670641";"Antagonist activity towards human recombinant Endothelin B receptor expressed in chinese hamster ovary (CHO) cells determined using [125I]ET1 as radioligand";"F";"BAO_0000219";"cell-based format";"None";"None";"None";"CHO";"None";"";"";"";"CHEMBL1785";"Endothelin receptor ET-B";"Homo sapiens";"SINGLE PROTEIN";"CHEMBL1149183";"1";"Scientific Literature";"J Med Chem";"2004";"CHEMBL3308072";"";"";"";"743.0"
"CHEMBL286214";"";"None";"467.30";"1";"5.49";"Ik";"O=C1c2ccccc2[C@@H]2[C@H](C(=O)O)[C@H](C(=O)O)[C@@H]2c2ccc(-c3cc(Cl)cc(Cl)c3)cc21";"IC50";"'='";"2100.0";"nM";"5.68";"";"";"UO_0000065";"12.15";"0.24";"0.19";"6.19";"0";"CHEMBL677448";"Binding affinity towards cloned human ETB receptor";"B";"BAO_0000357";"single protein format";"None";"None";"None";"None";"None";"";"";"";"CHEMBL1785";"Endothelin receptor ET-B";"Homo sapiens";"SINGLE PROTEIN";"CHEMBL1128758";"1";"Scientific Literature";"Bioorg Med Chem Lett";"1995";"None";"";"";"";"2100.0"
"CHEMBL10911";"";"None";"432.50";"0";"4.54";"24";"CSc1ccc(C2(O)OC(=O)C(c3ccc4c(c3)OCO4)=C2Cc2ccccc2)cc1";"IC50";"'>'";"2500.0";"nM";"";"";"";"UO_0000065";"";"";"";"";"0";"CHEMBL677440";"Binding affinity against human cloned Endothelin B receptor expressed in CHO-K1 cells";"B";"BAO_0000219";"cell-based format";"None";"None";"None";"CHO-K1";"None";"";"";"";"CHEMBL1785";"Endothelin receptor ET-B";"Homo sapiens";"SINGLE PROTEIN";"CHEMBL1129982";"1";"Scientific Literature";"J Med Chem";"1997";"CHEMBL3307512";"";"";"";"2500.0"
"CHEMBL10996";"";"None";"471.34";"1";"5.41";"19";"COc1ccc(CC2=C(c3ccc(Cl)c(Cl)c3)C(=O)OC2(O)c2ccc(OC)cc2)cc1";"IC50";"'='";"2700.0";"nM";"5.57";"";"";"UO_0000065";"11.81";"0.24";"0.16";"8.57";"0";"CHEMBL677440";"Binding affinity against human cloned Endothelin B receptor expressed in CHO-K1 cells";"B";"BAO_0000219";"cell-based format";"None";"None";"None";"CHO-K1";"None";"";"";"";"CHEMBL1785";"Endothelin receptor ET-B";"Homo sapiens";"SINGLE PROTEIN";"CHEMBL1129982";"1";"Scientific Literature";"J Med Chem";"1997";"CHEMBL3307512";"";"";"";"2700.0"
"CHEMBL11176";"";"None";"474.47";"0";"3.61";"40";"COC(=O)c1cccc(CC2=C(c3ccc4c(c3)OCO4)C(=O)OC2(O)c2ccc(OC)cc2)c1";"IC50";"'='";"6000.0";"nM";"5.22";"";"";"UO_0000065";"11.01";"0.20";"1.61";"5.19";"0";"CHEMBL677440";"Binding affinity against human cloned Endothelin B receptor expressed in CHO-K1 cells";"B";"BAO_0000219";"cell-based format";"None";"None";"None";"CHO-K1";"None";"";"";"";"CHEMBL1785";"Endothelin receptor ET-B";"Homo sapiens";"SINGLE PROTEIN";"CHEMBL1129982";"1";"Scientific Literature";"J Med Chem";"1997";"CHEMBL3307512";"";"";"";"6000.0"
"CHEMBL269453";"";"None";"466.49";"0";"4.98";"56";"COc1ccc(C2(O)OC(=O)C(c3ccc4c(c3)OCO4)=C2Cc2ccc3ccccc3c2)cc1";"IC50";"'>'";"2500.0";"nM";"";"";"";"UO_0000065";"";"";"";"";"0";"CHEMBL677440";"Binding affinity against human cloned Endothelin B receptor expressed in CHO-K1 cells";"B";"BAO_0000219";"cell-based format";"None";"None";"None";"CHO-K1";"None";"";"";"";"CHEMBL1785";"Endothelin receptor ET-B";"Homo sapiens";"SINGLE PROTEIN";"CHEMBL1129982";"1";"Scientific Literature";"J Med Chem";"1997";"CHEMBL3307512";"";"";"";"2500.0"
"CHEMBL10910";"";"None";"417.42";"0";"3.22";"57";"COc1ccc(C2(O)OC(=O)C(c3ccc4c(c3)OCO4)=C2Cc2cccnc2)cc1";"IC50";"'>'";"2500.0";"nM";"";"";"";"UO_0000065";"";"";"";"";"0";"CHEMBL677440";"Binding affinity against human cloned Endothelin B receptor expressed in CHO-K1 cells";"B";"BAO_0000219";"cell-based format";"None";"None";"None";"CHO-K1";"None";"";"";"";"CHEMBL1785";"Endothelin receptor ET-B";"Homo sapiens";"SINGLE PROTEIN";"CHEMBL1129982";"1";"Scientific Literature";"J Med Chem";"1997";"CHEMBL3307512";"";"";"";"2500.0"
"CHEMBL10832";"";"None";"528.49";"1";"4.41";"1 Na salt";"COc1ccc(C(=O)/C(Cc2ccc(OC)c(OC)c2OC)=C(\C(=O)[O-])c2ccc3c(c2)OCO3)cc1.[Na+]";"IC50";"'='";"130.0";"nM";"6.89";"";"";"UO_0000065";"13.60";"0.25";"2.48";"6.27";"0";"CHEMBL871935";"Inhibition of Endothelin B receptor mediated (ET-3) release of arachidonic acid from human cloned receptors expressed in CHO-K1 cells";"B";"BAO_0000219";"cell-based format";"None";"None";"None";"CHO-K1";"None";"";"";"";"CHEMBL1785";"Endothelin receptor ET-B";"Homo sapiens";"SINGLE PROTEIN";"CHEMBL1129982";"1";"Scientific Literature";"J Med Chem";"1997";"CHEMBL3307512";"";"";"";"130.0"
"CHEMBL262784";"";"None";"533.61";"1";"3.77";"9";"CC(C)c1ccc(S(=O)(=O)NC(=O)C(c2ccc3c(c2)OCO3)c2cn(C)c3cc(C(N)=O)ccc23)cc1";"IC50";"'='";"34.0";"nM";"7.47";"";"";"UO_0000065";"14.00";"0.27";"3.70";"5.76";"0";"CHEMBL677443";"Binding affinity towards human cloned endothelin B receptor by [125I]ET1 displacement.";"B";"BAO_0000357";"single protein format";"None";"None";"None";"None";"None";"";"";"";"CHEMBL1785";"Endothelin receptor ET-B";"Homo sapiens";"SINGLE PROTEIN";"CHEMBL1135360";"1";"Scientific Literature";"Bioorg Med Chem Lett";"2002";"None";"";"";"";"34.0"
"CHEMBL276982";"";"None";"559.52";"1";"3.66";"26";"Cn1cc(C(C(=O)NS(=O)(=O)c2ccc(C(F)(F)F)cc2)c2ccc3c(c2)OCO3)c2ccc(C(N)=O)cc21";"IC50";"'='";"228.0";"nM";"6.64";"";"";"UO_0000065";"11.87";"0.23";"2.98";"5.12";"0";"CHEMBL677443";"Binding affinity towards human cloned endothelin B receptor by [125I]ET1 displacement.";"B";"BAO_0000357";"single protein format";"None";"None";"None";"None";"None";"";"";"";"CHEMBL1785";"Endothelin receptor ET-B";"Homo sapiens";"SINGLE PROTEIN";"CHEMBL1135360";"1";"Scientific Literature";"Bioorg Med Chem Lett";"2002";"None";"";"";"";"228.0"
"CHEMBL176482";"";"None";"561.62";"1";"4.16";"53";"C#CCOc1nc(-c2ccnc(CO)c2)nc(NS(=O)(=O)c2ccc(C(C)C)cn2)c1Oc1ccccc1OC";"IC50";"'='";"205.0";"nM";"6.69";"";"";"UO_0000065";"11.91";"0.23";"2.53";"4.59";"0";"CHEMBL670645";"In vitro inhibitory concentration required against [125I]ET1 binding to membranes of CHO cells expressing human ETB receptor";"B";"BAO_0000219";"cell-based format";"None";"None";"None";"CHO";"None";"";"";"";"CHEMBL1785";"Endothelin receptor ET-B";"Homo sapiens";"SINGLE PROTEIN";"CHEMBL1136632";"1";"Scientific Literature";"Bioorg Med Chem Lett";"2003";"CHEMBL3308072";"";"";"";"205.0"
"CHEMBL61211";"";"None";"460.48";"1";"5.23";"48(R)";"COc1ccc(C2=C(C(=O)O)[C@@H](c3ccc4c(c3)OCO4)Oc3ccc(OC(C)C)cc32)cc1";"IC50";"'='";"200.0";"nM";"6.70";"";"";"UO_0000065";"14.55";"0.27";"1.47";"8.03";"0";"CHEMBL677442";"Binding affinity at human Endothelin B receptor";"B";"BAO_0000357";"single protein format";"Homo sapiens";"None";"None";"None";"None";"";"";"";"CHEMBL1785";"Endothelin receptor ET-B";"Homo sapiens";"SINGLE PROTEIN";"CHEMBL1135409";"1";"Scientific Literature";"J Med Chem";"2002";"None";"";"";"";"200.0"
"CHEMBL295697";"";"None";"498.42";"1";"5.37";"5q";"CCC(C)c1ccc(NC(=O)c2sccc2S(=O)(=O)Nc2onc(C)c2Br)cc1";"IC50";"'='";"5890.0";"nM";"5.23";"";"";"UO_0000065";"10.49";"0.25";"-0.14";"5.16";"0";"CHEMBL670643";"In vitro inhibition of endothelin binding to human Endothelin B receptor using [125I]-labeled ET-1 competition assay";"B";"BAO_0000357";"single protein format";"None";"None";"None";"None";"None";"";"";"";"CHEMBL1785";"Endothelin receptor ET-B";"Homo sapiens";"SINGLE PROTEIN";"CHEMBL1130042";"1";"Scientific Literature";"J Med Chem";"1997";"None";"";"";"";"5890.0"
"CHEMBL332231";"";"None";"502.57";"1";"4.52";"4";"COc1ccc([C@H]2[C@H](C(=O)O)[C@@H](c3ccc4c(c3)OCO4)CN2CC(=O)Nc2cccc(C)c2C)cc1";"IC50";"'='";"81.0";"nM";"7.09";"";"";"UO_0000065";"14.11";"0.26";"2.57";"7.29";"0";"CHEMBL670478";"Binding affinity towards human Endothelin B receptor (hET -B)";"B";"BAO_0000357";"single protein format";"None";"None";"None";"None";"None";"";"";"";"CHEMBL1785";"Endothelin receptor ET-B";"Homo sapiens";"SINGLE PROTEIN";"CHEMBL1132381";"1";"Scientific Literature";"J Med Chem";"1999";"None";"";"";"";"81.0"
"CHEMBL121761";"";"None";"616.59";"1";"4.14";"10a";"COc1ccc([C@H]2[C@H](C(=O)O)[C@@H](c3ccc4c(c3)OCO4)CN2CC(=O)NC(C)c2ccccc2)cc1.O=C(O)C(F)(F)F";"IC50";"'='";"20.0";"nM";"7.70";"";"";"UO_0000065";"15.32";"0.28";"3.56";"7.91";"0";"CHEMBL670477";"Binding ability determined by the displacement of [125 I]ET-3 from the human Endothelin B receptor";"B";"BAO_0000357";"single protein format";"None";"None";"None";"None";"None";"";"";"";"CHEMBL1785";"Endothelin receptor ET-B";"Homo sapiens";"SINGLE PROTEIN";"CHEMBL1132108";"1";"Scientific Literature";"J Med Chem";"1999";"None";"";"";"";"20.0"
"CHEMBL100005";"";"None";"385.42";"0";"4.62";"29";"COC(=O)C(Cc1ccc2c(c1)OCO2)c1c2ccccc2nc2ccccc12";"IC50";"";"";"nM";"";"";"Not Active";"UO_0000065";"";"";"";"";"0";"CHEMBL670637";"Inhibition of binding of [125I]ET1 to cloned human Endothelin B receptor expressed in CHO-K1 cells up to 200 uM; non significant";"B";"BAO_0000219";"cell-based format";"None";"None";"None";"CHO-K1";"None";"";"";"";"CHEMBL1785";"Endothelin receptor ET-B";"Homo sapiens";"SINGLE PROTEIN";"CHEMBL1128950";"1";"Scientific Literature";"Bioorg Med Chem Lett";"1996";"CHEMBL3307512";"";"";"";""
"CHEMBL420072";"";"None";"589.52";"2";"7.03";"rac-84k";"CC(C)c1ccc(O[C@H](C(=O)O)[C@@]2(c3ccccc3)NCC(=O)N(Cc3c(Cl)cccc3Cl)c3ccccc32)cc1";"IC50";"'='";"8620.0";"nM";"5.06";"";"";"UO_0000065";"";"";"";"";"0";"CHEMBL670641";"Antagonist activity towards human recombinant Endothelin B receptor expressed in chinese hamster ovary (CHO) cells determined using [125I]ET1 as radioligand";"F";"BAO_0000219";"cell-based format";"None";"None";"None";"CHO";"None";"";"";"";"CHEMBL1785";"Endothelin receptor ET-B";"Homo sapiens";"SINGLE PROTEIN";"CHEMBL1149183";"1";"Scientific Literature";"J Med Chem";"2004";"CHEMBL3308072";"";"";"";"8620.0"
"CHEMBL435185";"";"None";"530.62";"2";"5.34";"18";"COc1ccc([C@H]2[C@H](C(=O)O)[C@@H](c3ccc4c(c3)OCO4)CN2CC(=O)Nc2c(C)cccc2C(C)C)cc1";"IC50";"'='";"20.0";"nM";"7.70";"";"";"UO_0000065";"14.51";"0.27";"2.36";"7.91";"0";"CHEMBL670478";"Binding affinity towards human Endothelin B receptor (hET -B)";"B";"BAO_0000357";"single protein format";"None";"None";"None";"None";"None";"";"";"";"CHEMBL1785";"Endothelin receptor ET-B";"Homo sapiens";"SINGLE PROTEIN";"CHEMBL1132381";"1";"Scientific Literature";"J Med Chem";"1999";"None";"";"";"";"20.0"
"CHEMBL367645";"";"None";"537.66";"1";"4.78";"15c";"Cc1[nH]c([C@@H](Cc2cn(C)c3ccccc23)NC(=O)[C@H](CC(C)C)NC(=O)OC2CCCCC2)nc1C(=O)O";"IC50";"'>'";"100000.0";"nM";"";"";"";"UO_0000065";"";"";"";"";"0";"CHEMBL670653";"Inhibitory activity was evaluated against human Endothelin B receptor";"B";"BAO_0000357";"single protein format";"None";"None";"None";"None";"None";"";"";"";"CHEMBL1785";"Endothelin receptor ET-B";"Homo sapiens";"SINGLE PROTEIN";"CHEMBL1129499";"1";"Scientific Literature";"J Med Chem";"1996";"None";"";"";"";"100.0"
"CHEMBL330359";"";"None";"504.54";"1";"2.67";"rac-39k";"Cc1cc(C)nc(O[C@H](C(=O)O)[C@@]2(c3ccccc3)NCC(=O)N(CCCC(=O)O)c3ccccc32)n1";"IC50";"'='";"253.0";"nM";"6.60";"";"";"UO_0000065";"";"";"";"";"0";"CHEMBL670641";"Antagonist activity towards human recombinant Endothelin B receptor expressed in chinese hamster ovary (CHO) cells determined using [125I]ET1 as radioligand";"F";"BAO_0000219";"cell-based format";"None";"None";"None";"CHO";"None";"";"";"";"CHEMBL1785";"Endothelin receptor ET-B";"Homo sapiens";"SINGLE PROTEIN";"CHEMBL1149183";"1";"Scientific Literature";"J Med Chem";"2004";"CHEMBL3308072";"";"";"";"253.0"
"CHEMBL96704";"";"None";"559.04";"2";"6.01";"rac-90";"Cc1cc(C)cc(O[C@H](C(=O)O)[C@@]2(c3ccccc3)NCC(=O)N(Cc3c(F)cccc3Cl)c3ccccc32)c1";"IC50";"'='";"184.0";"nM";"6.74";"";"";"UO_0000065";"";"";"";"";"0";"CHEMBL670641";"Antagonist activity towards human recombinant Endothelin B receptor expressed in chinese hamster ovary (CHO) cells determined using [125I]ET1 as radioligand";"F";"BAO_0000219";"cell-based format";"None";"None";"None";"CHO";"None";"";"";"";"CHEMBL1785";"Endothelin receptor ET-B";"Homo sapiens";"SINGLE PROTEIN";"CHEMBL1149183";"1";"Scientific Literature";"J Med Chem";"2004";"CHEMBL3308072";"";"";"";"184.0"
"CHEMBL173366";"";"None";"561.66";"2";"5.79";"24";"C/C=C/COc1nc(-c2ncccn2)nc(NS(=O)(=O)c2ccc(C(C)(C)C)cc2)c1Oc1ccccc1OC";"IC50";"'='";"3330.0";"nM";"5.48";"";"";"UO_0000065";"9.75";"0.19";"-0.31";"4.37";"0";"CHEMBL670645";"In vitro inhibitory concentration required against [125I]ET1 binding to membranes of CHO cells expressing human ETB receptor";"B";"BAO_0000219";"cell-based format";"None";"None";"None";"CHO";"None";"";"";"";"CHEMBL1785";"Endothelin receptor ET-B";"Homo sapiens";"SINGLE PROTEIN";"CHEMBL1136632";"1";"Scientific Literature";"Bioorg Med Chem Lett";"2003";"CHEMBL3308072";"";"";"";"3330.0"
"CHEMBL368211";"";"None";"561.62";"1";"4.03";"37";"COc1ccccc1Oc1c(NS(=O)(=O)c2ccc(C(C)C)cn2)nc(-c2ccncc2)nc1OCC#CCO";"IC50";"'='";"77.0";"nM";"7.11";"";"";"UO_0000065";"12.67";"0.24";"3.08";"4.88";"0";"CHEMBL670645";"In vitro inhibitory concentration required against [125I]ET1 binding to membranes of CHO cells expressing human ETB receptor";"B";"BAO_0000219";"cell-based format";"None";"None";"None";"CHO";"None";"";"";"";"CHEMBL1785";"Endothelin receptor ET-B";"Homo sapiens";"SINGLE PROTEIN";"CHEMBL1136632";"1";"Scientific Literature";"Bioorg Med Chem Lett";"2003";"CHEMBL3308072";"";"";"";"77.0"
"CHEMBL313867";"";"None";"476.49";"0";"1.89";"rac-39i";"Cc1cc(C)nc(O[C@H](C(=O)O)[C@@]2(c3ccccc3)NCC(=O)N(CC(=O)O)c3ccccc32)n1";"IC50";"'='";"558.0";"nM";"6.25";"";"";"UO_0000065";"";"";"";"";"0";"CHEMBL670641";"Antagonist activity towards human recombinant Endothelin B receptor expressed in chinese hamster ovary (CHO) cells determined using [125I]ET1 as radioligand";"F";"BAO_0000219";"cell-based format";"None";"None";"None";"CHO";"None";"";"";"";"CHEMBL1785";"Endothelin receptor ET-B";"Homo sapiens";"SINGLE PROTEIN";"CHEMBL1149183";"1";"Scientific Literature";"J Med Chem";"2004";"CHEMBL3308072";"";"";"";"558.0"
"CHEMBL96114";"";"None";"536.63";"1";"4.44";"rac-39n";"Cc1cc(C)nc(O[C@H](C(=O)O)[C@@]2(c3ccccc3)NCC(=O)N(CCCc3ccccc3)c3ccccc32)n1";"IC50";"'='";"18.3";"nM";"7.74";"";"";"UO_0000065";"";"";"";"";"0";"CHEMBL670641";"Antagonist activity towards human recombinant Endothelin B receptor expressed in chinese hamster ovary (CHO) cells determined using [125I]ET1 as radioligand";"F";"BAO_0000219";"cell-based format";"None";"None";"None";"CHO";"None";"";"";"";"CHEMBL1785";"Endothelin receptor ET-B";"Homo sapiens";"SINGLE PROTEIN";"CHEMBL1149183";"1";"Scientific Literature";"J Med Chem";"2004";"CHEMBL3308072";"";"";"";"18.3"
"CHEMBL275179";"";"None";"543.66";"2";"6.50";"3";"CCCc1cc(Cn2c(CC)nc3c(C)cc(C)nc32)cc(CCC)c1OC(C(=O)O)c1ccc2c(c1)OCO2";"IC50";"'='";"230.0";"nM";"6.64";"";"";"UO_0000065";"12.21";"0.23";"0.14";"6.94";"0";"CHEMBL670656";"Inhibition of human endothelin B (ETB) receptor expressed in CHO cells";"B";"BAO_0000219";"cell-based format";"Homo sapiens";"None";"None";"CHO";"None";"";"";"";"CHEMBL1785";"Endothelin receptor ET-B";"Homo sapiens";"SINGLE PROTEIN";"CHEMBL1128156";"1";"Scientific Literature";"Bioorg Med Chem Lett";"1995";"CHEMBL3308072";"";"";"";"0.23"
"CHEMBL316012";"";"None";"455.40";"1";"5.54";"22r";"CCCc1ccc(-c2ccsc2S(=O)(=O)Nc2onc(C)c2Br)c(C)c1";"IC50";"'='";"2910.0";"nM";"5.54";"";"";"UO_0000065";"12.16";"0.29";"0.00";"7.67";"0";"CHEMBL670635";"Compound was tested for binding affinity against Endothelin B receptor";"B";"BAO_0000357";"single protein format";"None";"None";"None";"None";"None";"";"";"";"CHEMBL1785";"Endothelin receptor ET-B";"Homo sapiens";"SINGLE PROTEIN";"CHEMBL1128922";"1";"Scientific Literature";"Bioorg Med Chem Lett";"1996";"None";"";"";"";"2.91"
"CHEMBL76360";"";"None";"286.74";"0";"2.75";"8a";"Cc1noc(NS(=O)(=O)c2cccc(Cl)c2)c1C";"IC50";"'='";"90000.0";"nM";"4.05";"";"";"UO_0000065";"14.11";"0.31";"1.30";"5.60";"0";"CHEMBL677439";"Binding affinity against human Endothelin B receptor in transfected COS 7 cell membrane preparation";"B";"BAO_0000219";"cell-based format";"None";"None";"None";"COS 7";"None";"";"";"";"CHEMBL1785";"Endothelin receptor ET-B";"Homo sapiens";"SINGLE PROTEIN";"CHEMBL1129771";"1";"Scientific Literature";"Bioorg Med Chem Lett";"1996";"None";"";"";"";"90.0"
"CHEMBL368629";"";"None";"539.63";"2";"5.47";"16i";"Cc1oc([C@@H](Cc2cn(C)c3ccccc23)NC(=O)[C@H](CC(C)C)OC(=O)OC2CCCCC2)nc1C(=O)O";"IC50";"'='";"79000.0";"nM";"4.10";"";"";"UO_0000065";"7.60";"0.14";"-1.37";"3.09";"0";"CHEMBL670653";"Inhibitory activity was evaluated against human Endothelin B receptor";"B";"BAO_0000357";"single protein format";"None";"None";"None";"None";"None";"";"";"";"CHEMBL1785";"Endothelin receptor ET-B";"Homo sapiens";"SINGLE PROTEIN";"CHEMBL1129499";"1";"Scientific Literature";"J Med Chem";"1996";"None";"";"";"";"79.0"
"CHEMBL15689";"";"None";"457.57";"1";"5.82";"1";"CCCc1cc(Cn2c(CC)nc3c(C)cc(C)nc32)ccc1OC(C(=O)O)c1ccccc1";"IC50";"'='";"47000.0";"nM";"4.33";"";"";"UO_0000065";"9.46";"0.17";"-1.49";"5.60";"0";"CHEMBL670656";"Inhibition of human endothelin B (ETB) receptor expressed in CHO cells";"B";"BAO_0000219";"cell-based format";"Homo sapiens";"None";"None";"CHO";"None";"";"";"";"CHEMBL1785";"Endothelin receptor ET-B";"Homo sapiens";"SINGLE PROTEIN";"CHEMBL1128156";"1";"Scientific Literature";"Bioorg Med Chem Lett";"1995";"CHEMBL3308072";"";"";"";"47.0"
"CHEMBL78601";"";"None";"286.74";"0";"2.75";"13a";"Cc1noc(NS(=O)(=O)c2ccc(Cl)cc2)c1C";"IC50";"'='";"29000.0";"nM";"4.54";"";"";"UO_0000065";"15.82";"0.34";"1.79";"6.28";"0";"CHEMBL677439";"Binding affinity against human Endothelin B receptor in transfected COS 7 cell membrane preparation";"B";"BAO_0000219";"cell-based format";"None";"None";"None";"COS 7";"None";"";"";"";"CHEMBL1785";"Endothelin receptor ET-B";"Homo sapiens";"SINGLE PROTEIN";"CHEMBL1129771";"1";"Scientific Literature";"Bioorg Med Chem Lett";"1996";"None";"";"";"";"29.0"
"CHEMBL2304015";"";"None";"634.73";"2";"1.04";"50";"Cc1[nH]c2ccccc2c1C[C@@H]1NC(=O)[C@@H](C2CC2)NC(=O)[C@H](C2CCCC2)NC(=O)[C@@H]2CCCN2C(=O)[C@@H](CC(=O)O)NC1=O";"IC50";"'='";"130.0";"nM";"6.89";"";"";"UO_0000065";"10.85";"0.20";"5.85";"3.63";"0";"CHEMBL677447";"Binding affinity towards Endothelin B receptor in human girardi heart cell membranes";"B";"BAO_0000219";"cell-based format";"None";"CHEMBL3638187";"Heart";"heart";"None";"";"";"";"CHEMBL1785";"Endothelin receptor ET-B";"Homo sapiens";"SINGLE PROTEIN";"CHEMBL1129335";"1";"Scientific Literature";"J Med Chem";"1996";"None";"";"";"";"130.0"
"CHEMBL321831";"";"None";"502.65";"1";"4.27";"9k";"CCCCN(CCCC)C(=O)CN1C[C@H](c2ccc3c(c2)OCO3)[C@@H](C(=O)O)[C@@H]1CCC1CCCO1";"IC50";"'>'";"100000.0";"nM";"";"";"";"UO_0000065";"";"";"";"";"0";"CHEMBL670729";"Binding affinity for endothelin B receptor by measuring its ability to displace [125I]-ET-3 from porcine cerebellar tissue";"B";"BAO_0000357";"single protein format";"Sus scrofa";"None";"None";"None";"None";"";"";"";"CHEMBL1785";"Endothelin receptor ET-B";"Homo sapiens";"SINGLE PROTEIN";"CHEMBL1131628";"1";"Scientific Literature";"J Med Chem";"1998";"None";"";"";"";"100000.0"
"CHEMBL28920";"";"None";"537.55";"2";"5.02";"20";"COc1cc(Sc2c(C(=O)O)n(Cc3ccc4c(c3)OCO4)c3cc4c(cc23)OCO4)cc(OC)c1OC";"IC50";"'='";"170.0";"nM";"6.77";"";"";"UO_0000065";"";"";"";"";"0";"CHEMBL848084";"Inhibition of ET- 1 stimulated arachidonic acid release (AAR) in cultured rabbit renal vascular smooth muscle cells expressing the endothelin B receptor.";"F";"BAO_0000019";"assay format";"Oryctolagus cuniculus";"None";"None";"None";"None";"";"";"";"CHEMBL1785";"Endothelin receptor ET-B";"Homo sapiens";"SINGLE PROTEIN";"CHEMBL1129097";"1";"Scientific Literature";"Bioorg Med Chem Lett";"1996";"None";"";"";"";"0.17"
"CHEMBL266594";"";"None";"454.52";"0";"3.13";"17h";"CCCN(C)C(=O)CN1C[C@@H](c2ccc3c(c2)OCO3)[C@H](C(=O)O)[C@H]1c1ccc(OC)cc1";"IC50";"'='";"4570.0";"nM";"5.34";"";"";"UO_0000065";"11.75";"0.22";"2.21";"6.03";"0";"CHEMBL672255";"Radioligand binding selectivity to human Endothelin B receptor in chinese hamster ovary cells";"B";"BAO_0000219";"cell-based format";"None";"None";"None";"CHO";"None";"";"";"";"CHEMBL1785";"Endothelin receptor ET-B";"Homo sapiens";"SINGLE PROTEIN";"CHEMBL1129506";"1";"Scientific Literature";"J Med Chem";"1996";"CHEMBL3308072";"";"";"";"4570.0"
"CHEMBL111023";"";"None";"516.72";"2";"5.92";"8f";"CCCCN(CCCC)C(=O)CN1C[C@H](c2ccc3c(c2)OCO3)[C@@H](C(=O)O)[C@@H]1CC(CCC)CCC";"IC50";"'='";"95000.0";"nM";"4.02";"";"";"UO_0000065";"7.78";"0.15";"-1.90";"5.07";"0";"CHEMBL670729";"Binding affinity for endothelin B receptor by measuring its ability to displace [125I]-ET-3 from porcine cerebellar tissue";"B";"BAO_0000357";"single protein format";"Sus scrofa";"None";"None";"None";"None";"";"";"";"CHEMBL1785";"Endothelin receptor ET-B";"Homo sapiens";"SINGLE PROTEIN";"CHEMBL1131628";"1";"Scientific Literature";"J Med Chem";"1998";"None";"";"";"";"95000.0"
"CHEMBL326685";"";"None";"500.68";"2";"5.45";"8j";"CCCCN(CCCC)C(=O)CN1C[C@H](c2ccc3c(c2)OCO3)[C@@H](C(=O)O)[C@@H]1CC/C=C(/C)CC";"IC50";"'='";"7000.0";"nM";"5.16";"";"";"UO_0000065";"10.30";"0.20";"-0.30";"6.50";"0";"CHEMBL670729";"Binding affinity for endothelin B receptor by measuring its ability to displace [125I]-ET-3 from porcine cerebellar tissue";"B";"BAO_0000357";"single protein format";"Sus scrofa";"None";"None";"None";"None";"";"";"";"CHEMBL1785";"Endothelin receptor ET-B";"Homo sapiens";"SINGLE PROTEIN";"CHEMBL1131628";"1";"Scientific Literature";"J Med Chem";"1998";"None";"";"";"";"7000.0"
"CHEMBL111612";"ABT-546";"None";"532.72";"2";"5.54";"10a";"CCCCN(CCCC)C(=O)CN1C[C@H](c2cc(OC)c3c(c2)OCO3)[C@@H](C(=O)O)[C@@H]1CC(C)(C)CCC";"IC50";"'='";"16700.0";"nM";"4.78";"";"";"UO_0000065";"8.97";"0.17";"-0.76";"5.40";"0";"CHEMBL670729";"Binding affinity for endothelin B receptor by measuring its ability to displace [125I]-ET-3 from porcine cerebellar tissue";"B";"BAO_0000357";"single protein format";"Sus scrofa";"None";"None";"None";"None";"";"";"";"CHEMBL1785";"Endothelin receptor ET-B";"Homo sapiens";"SINGLE PROTEIN";"CHEMBL1131628";"1";"Scientific Literature";"J Med Chem";"1998";"None";"";"";"";"16700.0"
"CHEMBL100874";"";"None";"413.47";"1";"5.59";"22";"CC(C)(C)OC(=O)C(c1ccc2c(c1)OCO2)c1c2ccccc2nc2ccccc12";"IC50";"";"";"nM";"";"";"Not Active";"UO_0000065";"";"";"";"";"0";"CHEMBL670637";"Inhibition of binding of [125I]ET1 to cloned human Endothelin B receptor expressed in CHO-K1 cells up to 200 uM; non significant";"B";"BAO_0000219";"cell-based format";"None";"None";"None";"CHO-K1";"None";"";"";"";"CHEMBL1785";"Endothelin receptor ET-B";"Homo sapiens";"SINGLE PROTEIN";"CHEMBL1128950";"1";"Scientific Literature";"Bioorg Med Chem Lett";"1996";"CHEMBL3307512";"";"";"";""
"CHEMBL79066";"";"None";"308.40";"0";"3.22";"25a";"CCc1ccc(CC)c(S(=O)(=O)Nc2onc(C)c2C)c1";"IC50";"'='";"17000.0";"nM";"4.77";"";"";"UO_0000065";"15.47";"0.31";"1.55";"6.61";"0";"CHEMBL677439";"Binding affinity against human Endothelin B receptor in transfected COS 7 cell membrane preparation";"B";"BAO_0000219";"cell-based format";"None";"None";"None";"COS 7";"None";"";"";"";"CHEMBL1785";"Endothelin receptor ET-B";"Homo sapiens";"SINGLE PROTEIN";"CHEMBL1129771";"1";"Scientific Literature";"Bioorg Med Chem Lett";"1996";"None";"";"";"";"17.0"
"CHEMBL76860";"";"None";"272.71";"0";"2.44";"2c";"Cc1noc(NS(=O)(=O)c2ccccc2)c1Cl";"IC50";"'='";"27000.0";"nM";"4.57";"";"";"UO_0000065";"16.75";"0.37";"2.13";"6.33";"0";"CHEMBL677273";"Binding affinity against human ETB receptor in transfected COS 7 cell membrane preparation";"B";"BAO_0000219";"cell-based format";"None";"None";"None";"COS 7";"None";"";"";"";"CHEMBL1785";"Endothelin receptor ET-B";"Homo sapiens";"SINGLE PROTEIN";"CHEMBL1129771";"1";"Scientific Literature";"Bioorg Med Chem Lett";"1996";"None";"";"";"";"27.0"
"CHEMBL286808";"";"None";"322.32";"0";"2.51";"I";"O=C1c2ccccc2[C@@H]2[C@H](C(=O)O)[C@H](C(=O)O)[C@@H]2c2ccccc21";"IC50";"'='";"7900.0";"nM";"5.10";"";"";"UO_0000065";"15.83";"0.29";"2.59";"5.57";"0";"CHEMBL677448";"Binding affinity towards cloned human ETB receptor";"B";"BAO_0000357";"single protein format";"None";"None";"None";"None";"None";"";"";"";"CHEMBL1785";"Endothelin receptor ET-B";"Homo sapiens";"SINGLE PROTEIN";"CHEMBL1128758";"1";"Scientific Literature";"Bioorg Med Chem Lett";"1995";"None";"";"";"";"7900.0"
"CHEMBL419367";"";"None";"618.65";"1";"4.79";"15e";"CCCN(CCN1C[C@H](c2ccc3c(c2)OCO3)[C@@H](C(=O)O)[C@@H]1c1ccc(OC)c(F)c1)S(=O)(=O)CCCC(F)(F)F";"IC50";"'='";"1.46";"nM";"8.84";"";"";"UO_0000065";"";"";"";"";"0";"CHEMBL873581";"Ability to block the ET-1-induced hydrolysis of inositol phosphate in Endothelin B receptor of chinese hamster ovary(CHO) cells.";"F";"BAO_0000019";"assay format";"None";"None";"None";"None";"None";"";"";"";"CHEMBL1785";"Endothelin receptor ET-B";"Homo sapiens";"SINGLE PROTEIN";"CHEMBL1130174";"1";"Scientific Literature";"J Med Chem";"1997";"None";"";"";"";"1.46"
"CHEMBL29265";"";"None";"467.30";"1";"5.49";"Ij";"O=C1c2ccccc2[C@@H]2[C@H](C(=O)O)[C@H](C(=O)O)[C@@H]2c2ccc(-c3ccc(Cl)cc3Cl)cc21";"IC50";"'='";"300.0";"nM";"6.52";"";"";"UO_0000065";"13.96";"0.28";"1.03";"7.12";"0";"CHEMBL677448";"Binding affinity towards cloned human ETB receptor";"B";"BAO_0000357";"single protein format";"None";"None";"None";"None";"None";"";"";"";"CHEMBL1785";"Endothelin receptor ET-B";"Homo sapiens";"SINGLE PROTEIN";"CHEMBL1128758";"1";"Scientific Literature";"Bioorg Med Chem Lett";"1995";"None";"";"";"";"300.0"
"CHEMBL322799";"";"None";"529.63";"1";"2.85";"9q";"CCCCN(CCCC)C(=O)CN1C[C@H](c2ccc3c(c2)OCO3)[C@@H](C(=O)O)[C@@H]1CCN1C(=O)CCC1=O";"IC50";"'>'";"100000.0";"nM";"";"";"";"UO_0000065";"";"";"";"";"0";"CHEMBL670729";"Binding affinity for endothelin B receptor by measuring its ability to displace [125I]-ET-3 from porcine cerebellar tissue";"B";"BAO_0000357";"single protein format";"Sus scrofa";"None";"None";"None";"None";"";"";"";"CHEMBL1785";"Endothelin receptor ET-B";"Homo sapiens";"SINGLE PROTEIN";"CHEMBL1131628";"1";"Scientific Literature";"J Med Chem";"1998";"None";"";"";"";"100000.0"
"CHEMBL10697";"";"None";"473.48";"0";"3.78";"37";"COc1ccc(C2(O)OC(=O)C(c3ccc4c(c3)OCO4)=C2Cc2ccc(NC(C)=O)cc2)cc1";"IC50";"'='";"880.0";"nM";"6.06";"";"";"UO_0000065";"12.79";"0.24";"2.28";"5.86";"0";"CHEMBL677440";"Binding affinity against human cloned Endothelin B receptor expressed in CHO-K1 cells";"B";"BAO_0000219";"cell-based format";"None";"None";"None";"CHO-K1";"None";"";"";"";"CHEMBL1785";"Endothelin receptor ET-B";"Homo sapiens";"SINGLE PROTEIN";"CHEMBL1129982";"1";"Scientific Literature";"J Med Chem";"1997";"CHEMBL3307512";"";"";"";"880.0"
"CHEMBL10915";"";"None";"460.44";"0";"3.52";"41";"COc1ccc(C2(O)OC(=O)C(c3ccc4c(c3)OCO4)=C2Cc2cccc(C(=O)O)c2)cc1";"IC50";"'>'";"2500.0";"nM";"";"";"";"UO_0000065";"";"";"";"";"0";"CHEMBL677440";"Binding affinity against human cloned Endothelin B receptor expressed in CHO-K1 cells";"B";"BAO_0000219";"cell-based format";"None";"None";"None";"CHO-K1";"None";"";"";"";"CHEMBL1785";"Endothelin receptor ET-B";"Homo sapiens";"SINGLE PROTEIN";"CHEMBL1129982";"1";"Scientific Literature";"J Med Chem";"1997";"CHEMBL3307512";"";"";"";"2500.0"
"CHEMBL276252";"";"None";"476.48";"0";"3.84";"45";"COc1ccc(C2(O)OC(=O)C(c3ccc4c(c3)OCO4)=C2Cc2cccc(OC)c2OC)cc1";"IC50";"'='";"2200.0";"nM";"5.66";"";"";"UO_0000065";"11.87";"0.22";"1.82";"6.10";"0";"CHEMBL677440";"Binding affinity against human cloned Endothelin B receptor expressed in CHO-K1 cells";"B";"BAO_0000219";"cell-based format";"None";"None";"None";"CHO-K1";"None";"";"";"";"CHEMBL1785";"Endothelin receptor ET-B";"Homo sapiens";"SINGLE PROTEIN";"CHEMBL1129982";"1";"Scientific Literature";"J Med Chem";"1997";"CHEMBL3307512";"";"";"";"2200.0"
"CHEMBL437472";"ENDOTHELIN";"2.0";"2491.95";"None";"None";"ET-1";"CC[C@H](C)[C@H](NC(=O)[C@H](CC(=O)O)NC(=O)[C@H](CC(C)C)NC(=O)[C@H](Cc1c[nH]cn1)NC(=O)[C@@H]1CSSC[C@@H](N)C(=O)N[C@H](CO)C(=O)N[C@H]2CSSC[C@@H](NC(=O)[C@H](CCC(=O)O)NC(=O)[C@H](CCCCN)NC(=O)[C@@H](CC(=O)O)NC(=O)[C@H](CCSC)NC(=O)[C@@H](CC(C)C)NC(=O)[C@H](CO)NC(=O)[C@@H](CO)NC2=O)C(=O)N[C@@H](C(C)C)C(=O)N[C@H](Cc2ccc(O)cc2)C(=O)N[C@@H](Cc2ccccc2)C(=O)N1)C(=O)N[C@H](C(=O)N[C@@H](Cc1c[nH]c2ccccc12)C(=O)O)[C@@H](C)CC";"IC50";"'='";"0.2";"nM";"9.70";"";"";"UO_0000065";"3.89";"None";"None";"None";"0";"CHEMBL672256";"Receptor binding affinity was determined against [125I]ET1 with membranes prepared from human placenta for ETB receptor";"B";"BAO_0000019";"assay format";"None";"None";"None";"None";"None";"";"";"";"CHEMBL1785";"Endothelin receptor ET-B";"Homo sapiens";"SINGLE PROTEIN";"CHEMBL1130517";"1";"Scientific Literature";"Bioorg Med Chem Lett";"1997";"None";"";"";"";"0.2"
"CHEMBL314946";"";"None";"522.61";"1";"4.31";"rac-39q";"Cc1cc(C)nc(O[C@H](C(=O)O)[C@@]2(c3ccccc3)NCC(=O)N(Cc3ccccc3C)c3ccccc32)n1";"IC50";"'='";"55.0";"nM";"7.26";"";"";"UO_0000065";"";"";"";"";"0";"CHEMBL670641";"Antagonist activity towards human recombinant Endothelin B receptor expressed in chinese hamster ovary (CHO) cells determined using [125I]ET1 as radioligand";"F";"BAO_0000219";"cell-based format";"None";"None";"None";"CHO";"None";"";"";"";"CHEMBL1785";"Endothelin receptor ET-B";"Homo sapiens";"SINGLE PROTEIN";"CHEMBL1149183";"1";"Scientific Literature";"J Med Chem";"2004";"CHEMBL3308072";"";"";"";"55.0"
"CHEMBL96325";"";"None";"581.88";"2";"6.56";"rac-84f";"O=C(O)[C@@H](Oc1cccc(Cl)c1)[C@@]1(c2ccccc2)NCC(=O)N(Cc2c(Cl)cccc2Cl)c2ccccc21";"IC50";"'='";"3150.0";"nM";"5.50";"";"";"UO_0000065";"";"";"";"";"0";"CHEMBL670641";"Antagonist activity towards human recombinant Endothelin B receptor expressed in chinese hamster ovary (CHO) cells determined using [125I]ET1 as radioligand";"F";"BAO_0000219";"cell-based format";"None";"None";"None";"CHO";"None";"";"";"";"CHEMBL1785";"Endothelin receptor ET-B";"Homo sapiens";"SINGLE PROTEIN";"CHEMBL1149183";"1";"Scientific Literature";"J Med Chem";"2004";"CHEMBL3308072";"";"";"";"3150.0"
"CHEMBL94802";"";"None";"575.49";"2";"6.52";"rac-84h";"Cc1cc(C)cc(O[C@H](C(=O)O)[C@@]2(c3ccccc3)NCC(=O)N(Cc3c(Cl)cccc3Cl)c3ccccc32)c1";"IC50";"'='";"109.0";"nM";"6.96";"";"";"UO_0000065";"";"";"";"";"0";"CHEMBL670641";"Antagonist activity towards human recombinant Endothelin B receptor expressed in chinese hamster ovary (CHO) cells determined using [125I]ET1 as radioligand";"F";"BAO_0000219";"cell-based format";"None";"None";"None";"CHO";"None";"";"";"";"CHEMBL1785";"Endothelin receptor ET-B";"Homo sapiens";"SINGLE PROTEIN";"CHEMBL1149183";"1";"Scientific Literature";"J Med Chem";"2004";"CHEMBL3308072";"";"";"";"109.0"
"CHEMBL96614";"";"None";"456.51";"0";"2.86";"rac-34";"Cc1cc(C)nc(O[C@H](C(=O)O)[C@@]2(c3ccccc3)NCc3nnc(C)n3-c3ccccc32)n1";"IC50";"'='";"250.0";"nM";"6.60";"";"";"UO_0000065";"";"";"";"";"0";"CHEMBL670641";"Antagonist activity towards human recombinant Endothelin B receptor expressed in chinese hamster ovary (CHO) cells determined using [125I]ET1 as radioligand";"F";"BAO_0000219";"cell-based format";"None";"None";"None";"CHO";"None";"";"";"";"CHEMBL1785";"Endothelin receptor ET-B";"Homo sapiens";"SINGLE PROTEIN";"CHEMBL1149183";"1";"Scientific Literature";"J Med Chem";"2004";"CHEMBL3308072";"";"";"";"250.0"
"CHEMBL431087";"";"None";"522.61";"1";"4.31";"rac-39ac";"Cc1ccc(CN2C(=O)CN[C@](c3ccccc3)([C@H](Oc3nc(C)cc(C)n3)C(=O)O)c3ccccc32)cc1";"IC50";"'='";"68.8";"nM";"7.16";"";"";"UO_0000065";"";"";"";"";"0";"CHEMBL670641";"Antagonist activity towards human recombinant Endothelin B receptor expressed in chinese hamster ovary (CHO) cells determined using [125I]ET1 as radioligand";"F";"BAO_0000219";"cell-based format";"None";"None";"None";"CHO";"None";"";"";"";"CHEMBL1785";"Endothelin receptor ET-B";"Homo sapiens";"SINGLE PROTEIN";"CHEMBL1149183";"1";"Scientific Literature";"J Med Chem";"2004";"CHEMBL3308072";"";"";"";"68.8"
"CHEMBL1790180";"ENDOTHELIN 3";"0.5";"2657.12";"None";"None";"Endothelin-3";"CC[C@H](C)[C@H](NC(=O)[C@H](CC(=O)O)NC(=O)[C@H](CC(C)C)NC(=O)[C@H](Cc1c[nH]cn1)NC(=O)[C@@H]1CSSC[C@@H](N)C(=O)N[C@H]([C@@H](C)O)C(=O)N[C@H]2CSSC[C@@H](NC(=O)[C@H](CCC(=O)O)NC(=O)[C@H](CCCCN)NC(=O)[C@@H](CC(=O)O)NC(=O)[C@H](CCCCN)NC(=O)[C@@H](CCc3ccc(O)cc3)NC(=O)[C@H]([C@H](C)O)NC(=O)[C@@H](Cc3ccccc3)NC2=O)C(=O)N[C@@H](C(C)C)C(=O)N[C@H](Cc2ccc(O)cc2)C(=O)N[C@@H](Cc2ccc(O)cc2)C(=O)N1)C(=O)N[C@H](C(=O)N[C@@H](Cc1c[nH]c2ccccc12)C(=O)O)[C@@H](C)CC";"IC50";"'='";"0.03";"nM";"10.52";"";"";"UO_0000065";"3.96";"None";"None";"None";"0";"CHEMBL2395694";"Binding affinity to human ETB receptor by radioligand displacement assay";"B";"BAO_0000357";"single protein format";"Homo sapiens";"None";"None";"None";"None";"";"";"";"CHEMBL1785";"Endothelin receptor ET-B";"Homo sapiens";"SINGLE PROTEIN";"CHEMBL2390830";"1";"Scientific Literature";"Eur J Med Chem";"2013";"None";"";"";"";"3.0"
"CHEMBL367017";"";"None";"654.75";"2";"4.26";"38";"COc1ccccc1Oc1c(NS(=O)(=O)c2ccc(C)cn2)nc(-c2ccncc2)nc1OCCNS(=O)(=O)c1cccs1";"IC50";"'='";"3676.0";"nM";"5.43";"";"";"UO_0000065";"8.30";"0.17";"1.17";"3.17";"0";"CHEMBL670655";"Inhibitory concentration required against [125I]ET1 binding to membranes of CHO cells expressing human ETB receptor";"B";"BAO_0000219";"cell-based format";"None";"None";"None";"CHO";"None";"";"";"";"CHEMBL1785";"Endothelin receptor ET-B";"Homo sapiens";"SINGLE PROTEIN";"CHEMBL1136631";"1";"Scientific Literature";"Bioorg Med Chem Lett";"2003";"CHEMBL3308072";"";"";"";"3676.0"
"CHEMBL111218";"";"None";"472.63";"0";"4.67";"8m";"C/C=C/CC[C@H]1[C@H](C(=O)O)[C@@H](c2ccc3c(c2)OCO3)CN1CC(=O)N(CCCC)CCCC";"IC50";"'='";"67000.0";"nM";"4.17";"";"";"UO_0000065";"8.83";"0.17";"-0.50";"5.26";"0";"CHEMBL670729";"Binding affinity for endothelin B receptor by measuring its ability to displace [125I]-ET-3 from porcine cerebellar tissue";"B";"BAO_0000357";"single protein format";"Sus scrofa";"None";"None";"None";"None";"";"";"";"CHEMBL1785";"Endothelin receptor ET-B";"Homo sapiens";"SINGLE PROTEIN";"CHEMBL1131628";"1";"Scientific Literature";"J Med Chem";"1998";"None";"";"";"";"67000.0"
"CHEMBL10819";"";"None";"462.50";"0";"4.12";"70";"COc1ccc(C2(O)OC(=O)C(c3cc(OC)c(OC)c(OC)c3)=C2Cc2ccccc2)cc1";"IC50";"'='";"1600.0";"nM";"5.80";"";"";"UO_0000065";"12.53";"0.23";"1.68";"6.95";"0";"CHEMBL677440";"Binding affinity against human cloned Endothelin B receptor expressed in CHO-K1 cells";"B";"BAO_0000219";"cell-based format";"None";"None";"None";"CHO-K1";"None";"";"";"";"CHEMBL1785";"Endothelin receptor ET-B";"Homo sapiens";"SINGLE PROTEIN";"CHEMBL1129982";"1";"Scientific Literature";"J Med Chem";"1997";"CHEMBL3307512";"";"";"";"1600.0"
"CHEMBL275991";"";"None";"455.29";"1";"5.12";"9";"O=C1OC(O)(c2ccc(Cl)c(Cl)c2)C(Cc2ccccc2)=C1c1ccc2c(c1)OCO2";"IC50";"'>'";"25000.0";"nM";"";"";"";"UO_0000065";"";"";"";"";"0";"CHEMBL676631";"Tested for antagonistic activity against Endothelin B receptor in the humans (CHO expressed).";"F";"BAO_0000019";"assay format";"None";"None";"None";"None";"None";"";"";"";"CHEMBL1785";"Endothelin receptor ET-B";"Homo sapiens";"SINGLE PROTEIN";"CHEMBL1128292";"1";"Scientific Literature";"J Med Chem";"1995";"None";"";"";"";"25000.0"
"CHEMBL80129";"";"None";"331.19";"0";"2.85";"14a";"Cc1noc(NS(=O)(=O)c2ccc(Br)cc2)c1C";"IC50";"'='";"14000.0";"nM";"4.85";"";"";"UO_0000065";"14.66";"0.37";"2.00";"6.72";"0";"CHEMBL677439";"Binding affinity against human Endothelin B receptor in transfected COS 7 cell membrane preparation";"B";"BAO_0000219";"cell-based format";"None";"None";"None";"COS 7";"None";"";"";"";"CHEMBL1785";"Endothelin receptor ET-B";"Homo sapiens";"SINGLE PROTEIN";"CHEMBL1129771";"1";"Scientific Literature";"Bioorg Med Chem Lett";"1996";"None";"";"";"";"14.0"
"CHEMBL27732";"";"None";"507.52";"2";"5.01";"19";"COc1cc2c(Sc3ccc4c(c3)OCO4)c(C(=O)O)n(Cc3ccc4c(c3)OCO4)c2cc1OC";"IC50";"'='";"280.0";"nM";"6.55";"";"";"UO_0000065";"12.91";"0.25";"1.54";"6.71";"0";"CHEMBL670634";"Affinity for human endothelin B receptor expressed in CHO-K1 cells.";"B";"BAO_0000219";"cell-based format";"None";"None";"None";"CHO-K1";"None";"";"";"";"CHEMBL1785";"Endothelin receptor ET-B";"Homo sapiens";"SINGLE PROTEIN";"CHEMBL1129097";"1";"Scientific Literature";"Bioorg Med Chem Lett";"1996";"CHEMBL3307512";"";"";"";"0.28"
"CHEMBL176741";"";"None";"661.70";"2";"3.64";"76";"COc1ccccc1Oc1c(NS(=O)(=O)c2ccc(C)cn2)nc(N2CCOCC2)nc1OCC#CCOC(=O)Nc1cccnc1";"IC50";"'='";"920.0";"nM";"6.04";"";"";"UO_0000065";"9.12";"0.18";"2.40";"3.43";"0";"CHEMBL670645";"In vitro inhibitory concentration required against [125I]ET1 binding to membranes of CHO cells expressing human ETB receptor";"B";"BAO_0000219";"cell-based format";"None";"None";"None";"CHO";"None";"";"";"";"CHEMBL1785";"Endothelin receptor ET-B";"Homo sapiens";"SINGLE PROTEIN";"CHEMBL1136632";"1";"Scientific Literature";"Bioorg Med Chem Lett";"2003";"CHEMBL3308072";"";"";"";"920.0"
"CHEMBL352657";"";"None";"507.77";"1";"4.57";"21c";"Cc1noc(NS(=O)(=O)c2ccsc2COc2cc3c(cc2Cl)OCO3)c1Br";"IC50";"'='";"765.0";"nM";"6.12";"";"";"UO_0000065";"12.05";"0.30";"1.55";"6.12";"0";"CHEMBL676634";"Inhibition of I-ET-1 binding to human Endothelin B receptor";"B";"BAO_0000357";"single protein format";"Homo sapiens";"None";"None";"None";"None";"";"";"";"CHEMBL1785";"Endothelin receptor ET-B";"Homo sapiens";"SINGLE PROTEIN";"CHEMBL1130366";"1";"Scientific Literature";"Bioorg Med Chem Lett";"1997";"None";"";"";"";"0.765"
"CHEMBL420729";"";"None";"558.68";"2";"5.59";"29";"CCc1cc(CC)c(NC(=O)CN2C[C@H](c3ccc4c(c3)OCO4)[C@@H](C(=O)O)[C@@H]2c2ccc(OC)cc2)c(CC)c1";"IC50";"'='";"1.5";"nM";"8.82";"";"";"UO_0000065";"15.79";"0.29";"3.23";"9.07";"0";"CHEMBL670478";"Binding affinity towards human Endothelin B receptor (hET -B)";"B";"BAO_0000357";"single protein format";"None";"None";"None";"None";"None";"";"";"";"CHEMBL1785";"Endothelin receptor ET-B";"Homo sapiens";"SINGLE PROTEIN";"CHEMBL1132381";"1";"Scientific Literature";"J Med Chem";"1999";"None";"";"";"";"1.5"
"CHEMBL115951";"";"None";"473.55";"0";"3.75";"1";"COc1cccc(Oc2c(NS(=O)(=O)c3ccc(C(C)(C)C)cc3)ncnc2OCCO)c1";"IC50";"'='";"1100.0";"nM";"5.96";"";"";"UO_0000065";"12.58";"0.25";"2.21";"4.97";"0";"CHEMBL677269";"Ability to inhibit specific binding of [125I]- -ET-1 to human GH cells which express endothelin B receptor";"B";"BAO_0000219";"cell-based format";"None";"None";"None";"GH";"None";"";"";"";"CHEMBL1785";"Endothelin receptor ET-B";"Homo sapiens";"SINGLE PROTEIN";"CHEMBL1134624";"1";"Scientific Literature";"J Med Chem";"2001";"None";"";"";"";"1100.0"
"CHEMBL273410";"";"None";"493.52";"1";"6.31";"14";"COc1ccc(-c2c(C(=O)O)n(-c3ccc4c(c3)OCO4)c3ccc(OCc4ccccc4)cc23)cc1";"IC50";"'='";"21000.0";"nM";"4.68";"";"";"UO_0000065";"9.48";"0.17";"-1.63";"5.91";"0";"CHEMBL670654";"Inhibitory concentration against Endothelin B receptor expressed in CHO-K1 cells";"B";"BAO_0000219";"cell-based format";"None";"None";"None";"CHO-K1";"None";"";"";"";"CHEMBL1785";"Endothelin receptor ET-B";"Homo sapiens";"SINGLE PROTEIN";"CHEMBL1129233";"1";"Scientific Literature";"Bioorg Med Chem Lett";"1996";"CHEMBL3307512";"";"";"";"21.0"
"CHEMBL10523";"";"None";"445.43";"0";"4.52";"29";"COc1ccc2c(c1)c(-c1ccc3c(c1)OCO3)c(C(=O)O)n2Cc1ccc2c(c1)OCO2";"IC50";"'='";"2400.0";"nM";"5.62";"";"";"UO_0000065";"12.62";"0.23";"1.10";"6.36";"0";"CHEMBL670654";"Inhibitory concentration against Endothelin B receptor expressed in CHO-K1 cells";"B";"BAO_0000219";"cell-based format";"None";"None";"None";"CHO-K1";"None";"";"";"";"CHEMBL1785";"Endothelin receptor ET-B";"Homo sapiens";"SINGLE PROTEIN";"CHEMBL1129233";"1";"Scientific Literature";"Bioorg Med Chem Lett";"1996";"CHEMBL3307512";"";"";"";"2.4"
"CHEMBL10302";"";"None";"459.45";"1";"5.24";"25";"CCCOc1ccc2c(c1)c(-c1ccc3c(c1)OCO3)c(C(=O)O)n2-c1ccc2c(c1)OCO2";"IC50";"'='";"12000.0";"nM";"4.92";"";"";"UO_0000065";"10.71";"0.20";"-0.32";"5.57";"0";"CHEMBL670654";"Inhibitory concentration against Endothelin B receptor expressed in CHO-K1 cells";"B";"BAO_0000219";"cell-based format";"None";"None";"None";"CHO-K1";"None";"";"";"";"CHEMBL1785";"Endothelin receptor ET-B";"Homo sapiens";"SINGLE PROTEIN";"CHEMBL1129233";"1";"Scientific Literature";"Bioorg Med Chem Lett";"1996";"CHEMBL3307512";"";"";"";"12.0"
"CHEMBL172987";"";"None";"453.38";"1";"5.40";"34b";"Cc1ccc(/C=C/c2sccc2S(=O)(=O)Nc2onc(C)c2Br)c(C)c1";"IC50";"'='";"2970.0";"nM";"5.53";"";"";"UO_0000065";"12.19";"0.29";"0.13";"7.66";"0";"CHEMBL678457";"Inhibition of human Endothelin B receptor using I-ET-1 as radioligand in a competitive radioligand assay";"B";"BAO_0000357";"single protein format";"None";"None";"None";"None";"None";"";"";"";"CHEMBL1785";"Endothelin receptor ET-B";"Homo sapiens";"SINGLE PROTEIN";"CHEMBL1129901";"1";"Scientific Literature";"Bioorg Med Chem Lett";"1997";"None";"";"";"";"2.97"
"CHEMBL109644";"";"None";"592.73";"2";"5.03";"15c";"CCCCCCS(=O)(=O)N(CCC)CCN1C[C@H](c2ccc3c(c2)OCO3)[C@@H](C(=O)O)[C@@H]1c1ccc(OC)c(F)c1";"IC50";"'='";"0.48";"nM";"9.32";"";"";"UO_0000065";"15.72";"0.31";"4.29";"8.82";"0";"CHEMBL677449";"Binding assay performed using human Endothelin B receptor (hETB) expressed in chinese hamster ovary cells(CHO)";"B";"BAO_0000219";"cell-based format";"None";"None";"None";"CHO";"None";"";"";"";"CHEMBL1785";"Endothelin receptor ET-B";"Homo sapiens";"SINGLE PROTEIN";"CHEMBL1130174";"1";"Scientific Literature";"J Med Chem";"1997";"CHEMBL3308072";"";"";"";"0.48"
"CHEMBL295477";"";"None";"455.36";"0";"4.34";"15f";"Cc1ccc(CC(=O)c2sccc2S(=O)(=O)Nc2onc(C)c2Br)cc1";"IC50";"'='";"9100.0";"nM";"5.04";"";"";"UO_0000065";"11.07";"0.26";"0.70";"5.65";"0";"CHEMBL670644";"In vitro inhibition of endothelin binding to human Endothelin B receptor using [125I]-labeled ET-1 competition assay";"B";"BAO_0000357";"single protein format";"None";"None";"None";"None";"None";"";"";"";"CHEMBL1785";"Endothelin receptor ET-B";"Homo sapiens";"SINGLE PROTEIN";"CHEMBL1130344";"1";"Scientific Literature";"J Med Chem";"1997";"None";"";"";"";"9100.0"
"CHEMBL176698";"";"None";"532.58";"1";"4.07";"50";"C#CCOc1nc(-c2cnccn2)nc(NS(=O)(=O)c2ccc(C(C)C)cn2)c1Oc1ccccc1OC";"IC50";"'='";"2620.0";"nM";"5.58";"";"";"UO_0000065";"10.48";"0.20";"1.51";"4.04";"0";"CHEMBL670645";"In vitro inhibitory concentration required against [125I]ET1 binding to membranes of CHO cells expressing human ETB receptor";"B";"BAO_0000219";"cell-based format";"None";"None";"None";"CHO";"None";"";"";"";"CHEMBL1785";"Endothelin receptor ET-B";"Homo sapiens";"SINGLE PROTEIN";"CHEMBL1136632";"1";"Scientific Literature";"Bioorg Med Chem Lett";"2003";"CHEMBL3308072";"";"";"";"2620.0"
"CHEMBL65407";"";"None";"397.87";"0";"3.75";"7k";"Cc1noc(NS(=O)(=O)c2ccsc2C(=O)Nc2ccccc2)c1Cl";"IC50";"'>'";"100000.0";"nM";"";"";"";"UO_0000065";"";"";"";"";"0";"CHEMBL670640";"In vitro binding affinity in a radioligand binding experiment by competition with [125I]-labeled endothelin-1 for ETB receptor";"B";"BAO_0000357";"single protein format";"None";"None";"None";"None";"None";"";"";"";"CHEMBL1785";"Endothelin receptor ET-B";"Homo sapiens";"SINGLE PROTEIN";"CHEMBL1130505";"1";"Scientific Literature";"Bioorg Med Chem Lett";"1997";"None";"";"";"";"100.0"
"CHEMBL291891";"";"None";"398.85";"0";"3.72";"7h";"Cc1noc(NS(=O)(=O)c2ccsc2C(=O)Oc2ccccc2)c1Cl";"IC50";"'>'";"100000.0";"nM";"";"";"";"UO_0000065";"";"";"";"";"0";"CHEMBL670640";"In vitro binding affinity in a radioligand binding experiment by competition with [125I]-labeled endothelin-1 for ETB receptor";"B";"BAO_0000357";"single protein format";"None";"None";"None";"None";"None";"";"";"";"CHEMBL1785";"Endothelin receptor ET-B";"Homo sapiens";"SINGLE PROTEIN";"CHEMBL1130505";"1";"Scientific Literature";"Bioorg Med Chem Lett";"1997";"None";"";"";"";"100.0"
"CHEMBL93820";"";"None";"544.56";"1";"4.28";"rac-39al";"Cc1cc(C)nc(O[C@H](C(=O)O)[C@@]2(c3ccccc3)NCC(=O)N(Cc3cccc(F)c3F)c3ccccc32)n1";"IC50";"'='";"18.5";"nM";"7.73";"";"";"UO_0000065";"";"";"";"";"0";"CHEMBL670641";"Antagonist activity towards human recombinant Endothelin B receptor expressed in chinese hamster ovary (CHO) cells determined using [125I]ET1 as radioligand";"F";"BAO_0000219";"cell-based format";"None";"None";"None";"CHO";"None";"";"";"";"CHEMBL1785";"Endothelin receptor ET-B";"Homo sapiens";"SINGLE PROTEIN";"CHEMBL1149183";"1";"Scientific Literature";"J Med Chem";"2004";"CHEMBL3308072";"";"";"";"18.5"
"CHEMBL349556";"";"None";"470.48";"0";"4.76";"7bb";"COc1ccc(-c2c(C(=O)O)c(=O)n(Cc3ccccc3OC)c3c2oc2cc(N)ccc23)cc1";"IC50";"'='";"27.0";"nM";"7.57";"";"";"UO_0000065";"16.09";"0.30";"2.81";"6.47";"0";"CHEMBL673047";"Ability to displace [125I]endothelin-1 from endothelin B receptor in porcine kidney membranes";"B";"BAO_0000249";"cell membrane format";"Sus scrofa";"CHEMBL3638241";"Kidney";"None";"Membrane";"";"";"";"CHEMBL1785";"Endothelin receptor ET-B";"Homo sapiens";"SINGLE PROTEIN";"CHEMBL1132506";"1";"Scientific Literature";"Bioorg Med Chem Lett";"1999";"None";"";"";"";"0.027"
"CHEMBL63805";"";"None";"457.33";"0";"4.14";"7o";"Cc1ccccc1OC(=O)c1sccc1S(=O)(=O)Nc1onc(C)c1Br";"IC50";"'>'";"100000.0";"nM";"";"";"";"UO_0000065";"";"";"";"";"0";"CHEMBL670640";"In vitro binding affinity in a radioligand binding experiment by competition with [125I]-labeled endothelin-1 for ETB receptor";"B";"BAO_0000357";"single protein format";"None";"None";"None";"None";"None";"";"";"";"CHEMBL1785";"Endothelin receptor ET-B";"Homo sapiens";"SINGLE PROTEIN";"CHEMBL1130505";"1";"Scientific Literature";"Bioorg Med Chem Lett";"1997";"None";"";"";"";"100.0"
"CHEMBL279947";"";"None";"520.61";"1";"4.16";"10";"CC(C)c1ccc(S(=O)(=O)NC(=O)C(c2ccc3c(c2)OCO3)c2cn(C)c3cc(CO)ccc23)cc1";"IC50";"'='";"450.0";"nM";"6.35";"";"";"UO_0000065";"12.19";"0.23";"2.19";"5.94";"0";"CHEMBL677443";"Binding affinity towards human cloned endothelin B receptor by [125I]ET1 displacement.";"B";"BAO_0000357";"single protein format";"None";"None";"None";"None";"None";"";"";"";"CHEMBL1785";"Endothelin receptor ET-B";"Homo sapiens";"SINGLE PROTEIN";"CHEMBL1135360";"1";"Scientific Literature";"Bioorg Med Chem Lett";"2002";"None";"";"";"";"450.0"
"CHEMBL297599";"";"None";"514.34";"1";"2.91";"9";"Cc1noc(NS(=O)(=O)c2ccsc2C(=O)NC(=O)c2ccc3c(c2)OCO3)c1Br";"IC50";"'='";"37200.0";"nM";"4.43";"";"";"UO_0000065";"8.61";"0.20";"1.52";"3.24";"0";"CHEMBL670644";"In vitro inhibition of endothelin binding to human Endothelin B receptor using [125I]-labeled ET-1 competition assay";"B";"BAO_0000357";"single protein format";"None";"None";"None";"None";"None";"";"";"";"CHEMBL1785";"Endothelin receptor ET-B";"Homo sapiens";"SINGLE PROTEIN";"CHEMBL1130344";"1";"Scientific Literature";"J Med Chem";"1997";"None";"";"";"";"37200.0"
"CHEMBL283648";"";"None";"433.49";"1";"5.28";"6";"COc1cccc(Sc2c(C(=O)O)n(Cc3ccc4c(c3)OCO4)c3ccccc23)c1";"IC50";"'='";"7400.0";"nM";"5.13";"";"";"UO_0000065";"11.84";"0.23";"-0.15";"7.34";"0";"CHEMBL670634";"Affinity for human endothelin B receptor expressed in CHO-K1 cells.";"B";"BAO_0000219";"cell-based format";"None";"None";"None";"CHO-K1";"None";"";"";"";"CHEMBL1785";"Endothelin receptor ET-B";"Homo sapiens";"SINGLE PROTEIN";"CHEMBL1129097";"1";"Scientific Literature";"Bioorg Med Chem Lett";"1996";"CHEMBL3307512";"";"";"";"7.4"
"CHEMBL10143";"";"None";"342.42";"0";"4.97";"1";"CC(C)Oc1c(C(=O)O)sc2ccc(OCc3ccccc3)cc12";"IC50";"'>'";"100000.0";"nM";"";"";"";"UO_0000065";"";"";"";"";"1";"CHEMBL670634";"Affinity for human endothelin B receptor expressed in CHO-K1 cells.";"B";"BAO_0000219";"cell-based format";"None";"None";"None";"CHO-K1";"None";"";"";"";"CHEMBL1785";"Endothelin receptor ET-B";"Homo sapiens";"SINGLE PROTEIN";"CHEMBL1129097";"1";"Scientific Literature";"Bioorg Med Chem Lett";"1996";"CHEMBL3307512";"";"";"";"100.0"
"CHEMBL173358";"";"None";"574.66";"1";"4.81";"33";"COc1ccccc1Oc1c(NS(=O)(=O)c2ccc(C(C)(C)C)cc2)nc(-c2ccncc2)nc1OCC#CCO";"IC50";"'='";"44.0";"nM";"7.36";"";"";"UO_0000065";"12.80";"0.25";"2.55";"5.54";"0";"CHEMBL670645";"In vitro inhibitory concentration required against [125I]ET1 binding to membranes of CHO cells expressing human ETB receptor";"B";"BAO_0000219";"cell-based format";"None";"None";"None";"CHO";"None";"";"";"";"CHEMBL1785";"Endothelin receptor ET-B";"Homo sapiens";"SINGLE PROTEIN";"CHEMBL1136632";"1";"Scientific Literature";"Bioorg Med Chem Lett";"2003";"CHEMBL3308072";"";"";"";"44.0"
"CHEMBL318683";"";"None";"434.45";"0";"1.83";"rac-9e";"COc1cnc(O[C@H](C(=O)O)[C@@]2(c3ccccc3)NCC(=O)N(C)c3ccccc32)nc1";"IC50";"'='";"9250.0";"nM";"5.03";"";"";"UO_0000065";"";"";"";"";"0";"CHEMBL670641";"Antagonist activity towards human recombinant Endothelin B receptor expressed in chinese hamster ovary (CHO) cells determined using [125I]ET1 as radioligand";"F";"BAO_0000219";"cell-based format";"None";"None";"None";"CHO";"None";"";"";"";"CHEMBL1785";"Endothelin receptor ET-B";"Homo sapiens";"SINGLE PROTEIN";"CHEMBL1149183";"1";"Scientific Literature";"J Med Chem";"2004";"CHEMBL3308072";"";"";"";"9250.0"
"CHEMBL450628";"";"None";"489.58";"0";"2.37";"rac-39g";"Cc1cc(C)nc(O[C@H](C(=O)O)[C@@]2(c3ccccc3)NCC(=O)N(CCN(C)C)c3ccccc32)n1";"IC50";"'='";"1780.0";"nM";"5.75";"";"";"UO_0000065";"";"";"";"";"0";"CHEMBL670641";"Antagonist activity towards human recombinant Endothelin B receptor expressed in chinese hamster ovary (CHO) cells determined using [125I]ET1 as radioligand";"F";"BAO_0000219";"cell-based format";"None";"None";"None";"CHO";"None";"";"";"";"CHEMBL1785";"Endothelin receptor ET-B";"Homo sapiens";"SINGLE PROTEIN";"CHEMBL1149183";"1";"Scientific Literature";"J Med Chem";"2004";"CHEMBL3308072";"";"";"";"1780.0"
"CHEMBL67971";"";"None";"483.51";"1";"5.17";"2b";"COc1ccc(-c2c(C(=O)O)c(=O)n(Cc3ccc4nsnc4c3)c3c2oc2ccccc23)cc1";"IC50";"'='";"300.0";"nM";"6.52";"";"";"UO_0000065";"13.49";"0.25";"1.35";"6.07";"0";"CHEMBL670730";"Inhibition of [125I]ET1 binding to porcine kidney inner medulla membrane Endothelin B receptor";"B";"BAO_0000019";"assay format";"Sus scrofa";"None";"None";"None";"None";"";"";"";"CHEMBL1785";"Endothelin receptor ET-B";"Homo sapiens";"SINGLE PROTEIN";"CHEMBL1130971";"1";"Scientific Literature";"Bioorg Med Chem Lett";"1998";"None";"";"";"";"300.0"
"CHEMBL368796";"";"None";"617.70";"1";"4.81";"7m with Na salt";"CCO.COc1cnc(OCCOc2ncnc([N-]S(=O)(=O)c3ccc(C(C)(C)C)cc3)c2-c2ccc(C)cc2)nc1.[Na+]";"IC50";"'='";"240.0";"nM";"6.62";"";"";"UO_0000065";"12.04";"0.23";"1.81";"5.28";"0";"CHEMBL670642";"In vitro for specific binding of [125I]ET1 to GHcell expressed in Endothelin B receptor";"B";"BAO_0000019";"assay format";"None";"None";"None";"None";"None";"";"";"";"CHEMBL1785";"Endothelin receptor ET-B";"Homo sapiens";"SINGLE PROTEIN";"CHEMBL1134624";"1";"Scientific Literature";"J Med Chem";"2001";"None";"";"";"";"240.0"
"CHEMBL280379";"";"None";"521.55";"1";"2.65";"27";"COc1ccc(S(=O)(=O)NC(=O)C(c2ccc3c(c2)OCO3)c2cn(C)c3cc(C(N)=O)ccc23)cc1";"IC50";"'='";"94.0";"nM";"7.03";"";"";"UO_0000065";"13.47";"0.26";"4.38";"5.06";"0";"CHEMBL677443";"Binding affinity towards human cloned endothelin B receptor by [125I]ET1 displacement.";"B";"BAO_0000357";"single protein format";"None";"None";"None";"None";"None";"";"";"";"CHEMBL1785";"Endothelin receptor ET-B";"Homo sapiens";"SINGLE PROTEIN";"CHEMBL1135360";"1";"Scientific Literature";"Bioorg Med Chem Lett";"2002";"None";"";"";"";"94.0"
"CHEMBL268754";"";"None";"432.47";"0";"4.11";"69";"COc1ccc(C2(O)OC(=O)C(c3cc(OC)cc(OC)c3)=C2Cc2ccccc2)cc1";"IC50";"'='";"5200.0";"nM";"5.28";"";"";"UO_0000065";"12.22";"0.23";"1.17";"7.12";"0";"CHEMBL677440";"Binding affinity against human cloned Endothelin B receptor expressed in CHO-K1 cells";"B";"BAO_0000219";"cell-based format";"None";"None";"None";"CHO-K1";"None";"";"";"";"CHEMBL1785";"Endothelin receptor ET-B";"Homo sapiens";"SINGLE PROTEIN";"CHEMBL1129982";"1";"Scientific Literature";"J Med Chem";"1997";"CHEMBL3307512";"";"";"";"5200.0"
"CHEMBL369676";"";"None";"650.78";"2";"3.14";"26";"CCCS(=O)(=O)NCCOc1nc(N2CCOCC2)nc(NS(=O)(=O)c2ccc(C(C)C)cn2)c1Oc1ccccc1OC";"IC50";"'='";"103.0";"nM";"6.99";"";"";"UO_0000065";"10.74";"0.22";"3.85";"4.08";"0";"CHEMBL670655";"Inhibitory concentration required against [125I]ET1 binding to membranes of CHO cells expressing human ETB receptor";"B";"BAO_0000219";"cell-based format";"None";"None";"None";"CHO";"None";"";"";"";"CHEMBL1785";"Endothelin receptor ET-B";"Homo sapiens";"SINGLE PROTEIN";"CHEMBL1136631";"1";"Scientific Literature";"Bioorg Med Chem Lett";"2003";"CHEMBL3308072";"";"";"";"103.0"
"CHEMBL102825";"";"None";"389.41";"0";"3.80";"1";"COc1ccc([C@@H]2c3ncccc3[C@H](c3ccc4c(c3)OCO4)[C@H]2C(=O)O)cc1";"IC50";"'='";"410.0";"nM";"6.39";"";"";"UO_0000065";"16.40";"0.30";"2.59";"8.20";"0";"CHEMBL670652";"Inhibitory activity against I-labeled ET-1 binding to Endothelin B receptor";"B";"BAO_0000357";"single protein format";"None";"None";"None";"None";"None";"";"";"";"CHEMBL1785";"Endothelin receptor ET-B";"Homo sapiens";"SINGLE PROTEIN";"CHEMBL1134926";"1";"Scientific Literature";"Bioorg Med Chem Lett";"2002";"None";"";"";"";"410.0"
"CHEMBL10388";"";"None";"417.42";"0";"4.74";"16";"COc1cccc(-c2c(C(=O)O)n(-c3ccc4c(c3)OCO4)c3ccc(OC)cc23)c1";"IC50";"'>'";"25000.0";"nM";"";"";"";"UO_0000065";"";"";"";"";"0";"CHEMBL670654";"Inhibitory concentration against Endothelin B receptor expressed in CHO-K1 cells";"B";"BAO_0000219";"cell-based format";"None";"None";"None";"CHO-K1";"None";"";"";"";"CHEMBL1785";"Endothelin receptor ET-B";"Homo sapiens";"SINGLE PROTEIN";"CHEMBL1129233";"1";"Scientific Literature";"Bioorg Med Chem Lett";"1996";"CHEMBL3307512";"";"";"";"25.0"
"CHEMBL176272";"";"None";"576.05";"2";"5.45";"7l with Na salt";"Cc1ccc(-c2c([N-]S(=O)(=O)c3ccc(C(C)(C)C)cc3)ncnc2OCCOc2ncc(Cl)cn2)cc1.[Na+]";"IC50";"'='";"28.0";"nM";"7.55";"";"";"UO_0000065";"13.63";"0.27";"2.10";"6.50";"0";"CHEMBL670642";"In vitro for specific binding of [125I]ET1 to GHcell expressed in Endothelin B receptor";"B";"BAO_0000019";"assay format";"None";"None";"None";"None";"None";"";"";"";"CHEMBL1785";"Endothelin receptor ET-B";"Homo sapiens";"SINGLE PROTEIN";"CHEMBL1134624";"1";"Scientific Literature";"J Med Chem";"2001";"None";"";"";"";"28.0"
"CHEMBL416086";"";"None";"572.38";"0";"4.23";"9";"COc1cccc(NCc2sccc2S(=O)(=O)Nc2onc(C)c2Br)c1.O=C(O)C(F)(F)F";"IC50";"'='";"7590.0";"nM";"5.12";"";"";"UO_0000065";"11.17";"0.27";"0.89";"5.48";"0";"CHEMBL670643";"In vitro inhibition of endothelin binding to human Endothelin B receptor using [125I]-labeled ET-1 competition assay";"B";"BAO_0000357";"single protein format";"None";"None";"None";"None";"None";"";"";"";"CHEMBL1785";"Endothelin receptor ET-B";"Homo sapiens";"SINGLE PROTEIN";"CHEMBL1130042";"1";"Scientific Literature";"J Med Chem";"1997";"None";"";"";"";"7590.0"
"CHEMBL321520";"";"None";"447.49";"0";"4.59";"2m";"CCCOc1ccc2c(n1)[C@@H](c1ccc(OC)cc1)[C@H](C(=O)O)[C@H]2c1ccc2c(c1)OCO2";"IC50";"'='";"65.0";"nM";"7.19";"";"";"UO_0000065";"16.06";"0.30";"2.60";"8.25";"0";"CHEMBL670652";"Inhibitory activity against I-labeled ET-1 binding to Endothelin B receptor";"B";"BAO_0000357";"single protein format";"None";"None";"None";"None";"None";"";"";"";"CHEMBL1785";"Endothelin receptor ET-B";"Homo sapiens";"SINGLE PROTEIN";"CHEMBL1134926";"1";"Scientific Literature";"Bioorg Med Chem Lett";"2002";"None";"";"";"";"65.0"
"CHEMBL93612";"";"None";"566.66";"1";"4.63";"rac-74";"COc1ccc(CN2C(=O)CN[C@](c3cc(C)cc(C)c3)([C@H](Oc3nc(C)cc(C)n3)C(=O)O)c3ccccc32)cc1";"IC50";"'='";"761.0";"nM";"6.12";"";"";"UO_0000065";"";"";"";"";"0";"CHEMBL670641";"Antagonist activity towards human recombinant Endothelin B receptor expressed in chinese hamster ovary (CHO) cells determined using [125I]ET1 as radioligand";"F";"BAO_0000219";"cell-based format";"None";"None";"None";"CHO";"None";"";"";"";"CHEMBL1785";"Endothelin receptor ET-B";"Homo sapiens";"SINGLE PROTEIN";"CHEMBL1149183";"1";"Scientific Literature";"J Med Chem";"2004";"CHEMBL3308072";"";"";"";"761.0"
"CHEMBL1790499";"";"None";"612.73";"2";"1.12";"2";"CC[C@@H](C)[C@@H]1NC(=O)[C@H](C)NC(=O)[C@H](CCC(=O)O)NC(=O)[C@@H](Cc2c[nH]c3ccccc23)NC(=O)[C@H](CC(C)C)NC1=O";"IC50";"'>'";"100000.0";"nM";"";"";"";"UO_0000065";"";"";"";"";"0";"CHEMBL670731";"Binding activity against Endothelin B receptor 0f Porcine cerebellum membranes";"B";"BAO_0000221";"tissue-based format";"Sus scrofa";"CHEMBL3638233";"Cerebellum";"None";"None";"";"";"";"CHEMBL1785";"Endothelin receptor ET-B";"Homo sapiens";"SINGLE PROTEIN";"CHEMBL1126071";"1";"Scientific Literature";"J Med Chem";"1992";"None";"";"";"";"100.0"
"CHEMBL59635";"";"None";"476.53";"1";"5.52";"56";"COc1ccc(C2=C(C(=O)O)C(c3ccc(OC)c(OC)c3)Oc3ccc(OC(C)C)cc32)cc1";"IC50";"";"";"nM";"";"";"Not Determined";"UO_0000065";"";"";"";"";"0";"CHEMBL670727";"Binding affinity for Endothelin B receptor by inhibiting [125I]-ET-3 binding to cloned pig ET-B receptor expressed in COS-7 cells; not tested";"B";"BAO_0000219";"cell-based format";"Sus scrofa";"None";"None";"COS-7";"None";"";"";"";"CHEMBL1785";"Endothelin receptor ET-B";"Homo sapiens";"SINGLE PROTEIN";"CHEMBL1135409";"1";"Scientific Literature";"J Med Chem";"2002";"CHEMBL3307648";"";"";"";""
"CHEMBL329132";"";"None";"522.55";"1";"3.06";"rac-5e";"COc1cc(OC)cc(O[C@H](C(=O)O)[C@@]2(c3ccccc3)NCC(=O)N(C)c3cc(OC)c(OC)cc32)c1";"IC50";"'='";"8030.0";"nM";"5.09";"";"";"UO_0000065";"";"";"";"";"0";"CHEMBL670641";"Antagonist activity towards human recombinant Endothelin B receptor expressed in chinese hamster ovary (CHO) cells determined using [125I]ET1 as radioligand";"F";"BAO_0000219";"cell-based format";"None";"None";"None";"CHO";"None";"";"";"";"CHEMBL1785";"Endothelin receptor ET-B";"Homo sapiens";"SINGLE PROTEIN";"CHEMBL1149183";"1";"Scientific Literature";"J Med Chem";"2004";"CHEMBL3308072";"";"";"";"8030.0"
"CHEMBL297048";"";"None";"419.90";"0";"2.91";"5w";"Cc1nnc(NC(=O)c2sccc2S(=O)(=O)Nc2onc(C)c2Cl)s1";"IC50";"'>'";"100000.0";"nM";"";"";"";"UO_0000065";"";"";"";"";"0";"CHEMBL670643";"In vitro inhibition of endothelin binding to human Endothelin B receptor using [125I]-labeled ET-1 competition assay";"B";"BAO_0000357";"single protein format";"None";"None";"None";"None";"None";"";"";"";"CHEMBL1785";"Endothelin receptor ET-B";"Homo sapiens";"SINGLE PROTEIN";"CHEMBL1130042";"1";"Scientific Literature";"J Med Chem";"1997";"None";"";"";"";"100000.0"
"CHEMBL283136";"";"None";"486.33";"0";"3.59";"5dd";"Cc1noc(NS(=O)(=O)c2ccsc2C(=O)Nc2ccc3c(c2)OCO3)c1Br";"IC50";"'='";"10100.0";"nM";"5.00";"";"";"UO_0000065";"10.27";"0.24";"1.41";"4.17";"1";"CHEMBL670643";"In vitro inhibition of endothelin binding to human Endothelin B receptor using [125I]-labeled ET-1 competition assay";"B";"BAO_0000357";"single protein format";"None";"None";"None";"None";"None";"";"";"";"CHEMBL1785";"Endothelin receptor ET-B";"Homo sapiens";"SINGLE PROTEIN";"CHEMBL1130042";"1";"Scientific Literature";"J Med Chem";"1997";"None";"";"";"";"10100.0"
"CHEMBL277595";"";"None";"439.95";"0";"4.68";"2";"Cc1cc(C)c(NC(=O)c2sccc2S(=O)(=O)Nc2onc(C)c2Cl)c(C)c1";"IC50";"'='";"8270.0";"nM";"5.08";"";"";"UO_0000065";"11.55";"0.25";"0.40";"5.02";"0";"CHEMBL676634";"Inhibition of I-ET-1 binding to human Endothelin B receptor";"B";"BAO_0000357";"single protein format";"Homo sapiens";"None";"None";"None";"None";"";"";"";"CHEMBL1785";"Endothelin receptor ET-B";"Homo sapiens";"SINGLE PROTEIN";"CHEMBL1130366";"1";"Scientific Literature";"Bioorg Med Chem Lett";"1997";"None";"";"";"";"8.27"
"CHEMBL9334";"";"None";"496.60";"0";"4.30";"17t";"CCCCN(CCC)C(=O)CN1C[C@@H](c2ccc3c(c2)OCO3)[C@H](C(=O)O)[C@H]1c1ccc(OC)cc1";"IC50";"'='";"211.0";"nM";"6.68";"";"";"UO_0000065";"13.44";"0.25";"2.38";"7.54";"0";"CHEMBL672255";"Radioligand binding selectivity to human Endothelin B receptor in chinese hamster ovary cells";"B";"BAO_0000219";"cell-based format";"None";"None";"None";"CHO";"None";"";"";"";"CHEMBL1785";"Endothelin receptor ET-B";"Homo sapiens";"SINGLE PROTEIN";"CHEMBL1129506";"1";"Scientific Literature";"J Med Chem";"1996";"CHEMBL3308072";"";"";"";"211.0"
"CHEMBL44539";"";"None";"486.33";"0";"3.56";"5h";"Cc1noc(NS(=O)(=O)c2ccsc2C(=O)Nc2ccccc2C(=O)O)c1Br";"IC50";"'='";"19500.0";"nM";"4.71";"";"";"UO_0000065";"9.68";"0.23";"1.15";"3.40";"0";"CHEMBL670643";"In vitro inhibition of endothelin binding to human Endothelin B receptor using [125I]-labeled ET-1 competition assay";"B";"BAO_0000357";"single protein format";"None";"None";"None";"None";"None";"";"";"";"CHEMBL1785";"Endothelin receptor ET-B";"Homo sapiens";"SINGLE PROTEIN";"CHEMBL1130042";"1";"Scientific Literature";"J Med Chem";"1997";"None";"";"";"";"19500.0"
"CHEMBL112531";"";"None";"598.52";"2";"5.56";"1";"Cc1ccc(-c2c(NS(=O)(=O)c3ccc(C(C)(C)C)cc3)ncnc2OCCOc2ncc(Br)cn2)cc1";"IC50";"'='";"38.0";"nM";"7.42";"";"";"UO_0000065";"12.40";"0.27";"1.86";"6.39";"0";"CHEMBL677270";"Ability to inhibit specific binding of [125I]- -ET-1 to human GH cells which express endothelin B receptor";"B";"BAO_0000219";"cell-based format";"Homo sapiens";"None";"None";"GH";"None";"";"";"";"CHEMBL1785";"Endothelin receptor ET-B";"Homo sapiens";"SINGLE PROTEIN";"CHEMBL1134415";"1";"Scientific Literature";"J Med Chem";"2001";"None";"";"";"";"38.0"
"CHEMBL172759";"";"None";"690.83";"2";"3.85";"27";"COc1ccccc1Oc1c(NS(=O)(=O)c2ccc(C(C)C)cn2)nc(N2CCOCC2)nc1OCCNS(=O)(=O)c1cccs1";"IC50";"'='";"100.0";"nM";"7.00";"";"";"UO_0000065";"10.13";"0.21";"3.15";"4.09";"0";"CHEMBL670655";"Inhibitory concentration required against [125I]ET1 binding to membranes of CHO cells expressing human ETB receptor";"B";"BAO_0000219";"cell-based format";"None";"None";"None";"CHO";"None";"";"";"";"CHEMBL1785";"Endothelin receptor ET-B";"Homo sapiens";"SINGLE PROTEIN";"CHEMBL1136631";"1";"Scientific Literature";"Bioorg Med Chem Lett";"2003";"CHEMBL3308072";"";"";"";"100.0"
"CHEMBL94212";"";"None";"522.61";"1";"4.31";"rac-39w";"Cc1cccc(CN2C(=O)CN[C@](c3ccccc3)([C@H](Oc3nc(C)cc(C)n3)C(=O)O)c3ccccc32)c1";"IC50";"'='";"16.7";"nM";"7.78";"";"";"UO_0000065";"";"";"";"";"0";"CHEMBL670641";"Antagonist activity towards human recombinant Endothelin B receptor expressed in chinese hamster ovary (CHO) cells determined using [125I]ET1 as radioligand";"F";"BAO_0000219";"cell-based format";"None";"None";"None";"CHO";"None";"";"";"";"CHEMBL1785";"Endothelin receptor ET-B";"Homo sapiens";"SINGLE PROTEIN";"CHEMBL1149183";"1";"Scientific Literature";"J Med Chem";"2004";"CHEMBL3308072";"";"";"";"16.7"
"CHEMBL338754";"";"None";"524.68";"2";"5.59";"9";"CCCCN(CCCC)C(=O)CN1C[C@H](c2ccc3c(c2)CCO3)[C@@H](C(=O)O)[C@@H]1c1ccc(CC)c(F)c1";"IC50";"'='";"3050.0";"nM";"5.52";"";"";"UO_0000065";"10.51";"0.20";"-0.07";"7.87";"0";"CHEMBL677441";"Binding affinity against human endothelin B receptor in CHO cells";"B";"BAO_0000219";"cell-based format";"None";"None";"None";"CHO";"None";"";"";"";"CHEMBL1785";"Endothelin receptor ET-B";"Homo sapiens";"SINGLE PROTEIN";"CHEMBL1134271";"1";"Scientific Literature";"J Med Chem";"2001";"CHEMBL3308072";"";"";"";"3050.0"
"CHEMBL366378";"";"None";"485.38";"0";"4.43";"35e";"Cc1cc2c(cc1CCc1ccsc1S(=O)(=O)Nc1onc(C)c1Br)OCO2";"IC50";"'='";"12450.0";"nM";"4.91";"";"";"UO_0000065";"10.11";"0.24";"0.47";"5.41";"0";"CHEMBL678457";"Inhibition of human Endothelin B receptor using I-ET-1 as radioligand in a competitive radioligand assay";"B";"BAO_0000357";"single protein format";"None";"None";"None";"None";"None";"";"";"";"CHEMBL1785";"Endothelin receptor ET-B";"Homo sapiens";"SINGLE PROTEIN";"CHEMBL1129901";"1";"Scientific Literature";"Bioorg Med Chem Lett";"1997";"None";"";"";"";"12.45"
"CHEMBL305267";"";"None";"545.59";"1";"3.53";"12";"COc1ccc(C2(O)OC(=O)C(c3ccc4c(c3)OCO4)=C2Cc2cccc(OCCN3CCOCC3)c2)cc1";"IC50";"'>'";"2500.0";"nM";"";"";"";"UO_0000065";"";"";"";"";"0";"CHEMBL670638";"Inhibition of [125I]ET1 binding to recombinant human Endothelin B receptor.";"B";"BAO_0000357";"single protein format";"None";"None";"None";"None";"None";"";"";"";"CHEMBL1785";"Endothelin receptor ET-B";"Homo sapiens";"SINGLE PROTEIN";"CHEMBL1132648";"1";"Scientific Literature";"J Med Chem";"1999";"None";"";"";"";"2500.0"
"CHEMBL369359";"";"None";"443.34";"0";"4.50";"15a";"Cc1ccc(OCc2ccsc2S(=O)(=O)Nc2onc(C)c2Br)cc1";"IC50";"'='";"23000.0";"nM";"4.64";"";"";"UO_0000065";"10.46";"0.25";"0.14";"5.70";"0";"CHEMBL676634";"Inhibition of I-ET-1 binding to human Endothelin B receptor";"B";"BAO_0000357";"single protein format";"Homo sapiens";"None";"None";"None";"None";"";"";"";"CHEMBL1785";"Endothelin receptor ET-B";"Homo sapiens";"SINGLE PROTEIN";"CHEMBL1130366";"1";"Scientific Literature";"Bioorg Med Chem Lett";"1997";"None";"";"";"";"23.0"
"CHEMBL11341";"";"None";"492.53";"1";"5.39";"26";"O=C1OC(O)(c2ccc(OCc3ccccc3)cc2)C(Cc2ccccc2)=C1c1ccc2c(c1)OCO2";"IC50";"'='";"5400.0";"nM";"5.27";"";"";"UO_0000065";"10.69";"0.19";"-0.12";"7.10";"0";"CHEMBL677440";"Binding affinity against human cloned Endothelin B receptor expressed in CHO-K1 cells";"B";"BAO_0000219";"cell-based format";"None";"None";"None";"CHO-K1";"None";"";"";"";"CHEMBL1785";"Endothelin receptor ET-B";"Homo sapiens";"SINGLE PROTEIN";"CHEMBL1129982";"1";"Scientific Literature";"J Med Chem";"1997";"CHEMBL3307512";"";"";"";"5400.0"
"CHEMBL122832";"";"None";"534.57";"1";"3.92";"25";"COc1ccc([C@H]2[C@H](C(=O)O)[C@@H](c3ccc4c(c3)OCO4)CN2CC(=O)Nc2c(OC)cccc2OC)cc1";"IC50";"'='";"57.0";"nM";"7.24";"";"";"UO_0000065";"13.55";"0.25";"3.32";"6.26";"0";"CHEMBL670478";"Binding affinity towards human Endothelin B receptor (hET -B)";"B";"BAO_0000357";"single protein format";"None";"None";"None";"None";"None";"";"";"";"CHEMBL1785";"Endothelin receptor ET-B";"Homo sapiens";"SINGLE PROTEIN";"CHEMBL1132381";"1";"Scientific Literature";"J Med Chem";"1999";"None";"";"";"";"57.0"
"CHEMBL424371";"";"None";"471.40";"1";"5.11";"15c";"Cc1cc(C)c(OCc2ccsc2S(=O)(=O)Nc2onc(C)c2Br)c(C)c1";"IC50";"'='";"4280.0";"nM";"5.37";"";"";"UO_0000065";"11.39";"0.27";"0.26";"6.59";"0";"CHEMBL676634";"Inhibition of I-ET-1 binding to human Endothelin B receptor";"B";"BAO_0000357";"single protein format";"Homo sapiens";"None";"None";"None";"None";"";"";"";"CHEMBL1785";"Endothelin receptor ET-B";"Homo sapiens";"SINGLE PROTEIN";"CHEMBL1130366";"1";"Scientific Literature";"Bioorg Med Chem Lett";"1997";"None";"";"";"";"4.28"
"CHEMBL292802";"";"None";"487.31";"0";"3.56";"1";"Cc1noc(NS(=O)(=O)c2ccsc2C(=O)Oc2ccc3c(c2)OCO3)c1Br";"IC50";"'='";"5700.0";"nM";"5.24";"";"";"UO_0000065";"10.76";"0.26";"1.68";"4.48";"0";"CHEMBL676634";"Inhibition of I-ET-1 binding to human Endothelin B receptor";"B";"BAO_0000357";"single protein format";"Homo sapiens";"None";"None";"None";"None";"";"";"";"CHEMBL1785";"Endothelin receptor ET-B";"Homo sapiens";"SINGLE PROTEIN";"CHEMBL1130366";"1";"Scientific Literature";"Bioorg Med Chem Lett";"1997";"None";"";"";"";"5.7"
"CHEMBL304761";"";"None";"370.43";"0";"3.44";"1a";"CN(C)c1cccc2c(S(=O)(=O)Nc3ccc4c(c3)OCO4)cccc12";"IC50";"'>'";"10000.0";"nM";"";"";"";"UO_0000065";"";"";"";"";"0";"CHEMBL670730";"Inhibition of [125I]ET1 binding to porcine kidney inner medulla membrane Endothelin B receptor";"B";"BAO_0000019";"assay format";"Sus scrofa";"None";"None";"None";"None";"";"";"";"CHEMBL1785";"Endothelin receptor ET-B";"Homo sapiens";"SINGLE PROTEIN";"CHEMBL1130971";"1";"Scientific Literature";"Bioorg Med Chem Lett";"1998";"None";"";"";"";"10000.0"
"CHEMBL69150";"";"None";"487.54";"1";"5.58";"5b";"CCCOc1ccc2c(c1)c(-c1ccc3c(c1)OCO3)c(C(=O)O)n2Cc1ccc2nsnc2c1";"IC50";"'='";"1600.0";"nM";"5.80";"";"";"UO_0000065";"11.89";"0.23";"0.22";"6.06";"0";"CHEMBL670730";"Inhibition of [125I]ET1 binding to porcine kidney inner medulla membrane Endothelin B receptor";"B";"BAO_0000019";"assay format";"Sus scrofa";"None";"None";"None";"None";"";"";"";"CHEMBL1785";"Endothelin receptor ET-B";"Homo sapiens";"SINGLE PROTEIN";"CHEMBL1130971";"1";"Scientific Literature";"Bioorg Med Chem Lett";"1998";"None";"";"";"";"1600.0"
"CHEMBL417428";"";"None";"474.47";"0";"3.61";"38";"COC(=O)c1ccc(CC2=C(c3ccc4c(c3)OCO4)C(=O)OC2(O)c2ccc(OC)cc2)cc1";"IC50";"'='";"2000.0";"nM";"5.70";"";"";"UO_0000065";"12.01";"0.22";"2.09";"5.67";"0";"CHEMBL677440";"Binding affinity against human cloned Endothelin B receptor expressed in CHO-K1 cells";"B";"BAO_0000219";"cell-based format";"None";"None";"None";"CHO-K1";"None";"";"";"";"CHEMBL1785";"Endothelin receptor ET-B";"Homo sapiens";"SINGLE PROTEIN";"CHEMBL1129982";"1";"Scientific Literature";"J Med Chem";"1997";"CHEMBL3307512";"";"";"";"2000.0"
"CHEMBL177221";"";"None";"446.46";"0";"4.40";"50";"COc1ccc(C(=O)/C(Cc2cccc(OC)c2)=C(\C(=O)O)c2ccc3c(c2)OCO3)cc1";"IC50";"'='";"260.0";"nM";"6.58";"";"";"UO_0000065";"14.75";"0.27";"2.19";"7.21";"0";"CHEMBL673747";"Inhibitory concentration against Endothelin B receptor";"B";"BAO_0000357";"single protein format";"None";"None";"None";"None";"None";"";"";"";"CHEMBL1785";"Endothelin receptor ET-B";"Homo sapiens";"SINGLE PROTEIN";"CHEMBL1139440";"1";"Scientific Literature";"J Med Chem";"2004";"None";"";"";"";"260.0"
"CHEMBL28563";"";"None";"507.52";"2";"5.01";"15";"COc1ccc(Sc2c(C(=O)O)n(Cc3ccc4c(c3)OCO4)c3cc4c(cc23)OCO4)cc1OC";"IC50";"'='";"170.0";"nM";"6.77";"";"";"UO_0000065";"13.34";"0.26";"1.76";"6.94";"0";"CHEMBL670634";"Affinity for human endothelin B receptor expressed in CHO-K1 cells.";"B";"BAO_0000219";"cell-based format";"None";"None";"None";"CHO-K1";"None";"";"";"";"CHEMBL1785";"Endothelin receptor ET-B";"Homo sapiens";"SINGLE PROTEIN";"CHEMBL1129097";"1";"Scientific Literature";"Bioorg Med Chem Lett";"1996";"CHEMBL3307512";"";"";"";"0.17"
"CHEMBL65488";"";"None";"406.49";"0";"3.99";"7w";"Cc1ccc(OC(=O)c2sccc2S(=O)(=O)Nc2onc(C)c2C)c(C)c1";"IC50";"'>'";"100000.0";"nM";"";"";"";"UO_0000065";"";"";"";"";"0";"CHEMBL670640";"In vitro binding affinity in a radioligand binding experiment by competition with [125I]-labeled endothelin-1 for ETB receptor";"B";"BAO_0000357";"single protein format";"None";"None";"None";"None";"None";"";"";"";"CHEMBL1785";"Endothelin receptor ET-B";"Homo sapiens";"SINGLE PROTEIN";"CHEMBL1130505";"1";"Scientific Literature";"Bioorg Med Chem Lett";"1997";"None";"";"";"";"100.0"
"CHEMBL16197";"";"None";"620.77";"2";"5.49";"4";"CCCc1cc(Cn2c(CC)nc3c(C)cc(C)nc32)cc(CCC)c1OC(C(=O)NS(C)(=O)=O)c1ccc2c(c1)OCO2";"IC50";"'='";"1200.0";"nM";"5.92";"";"";"UO_0000065";"9.54";"0.18";"0.43";"4.87";"0";"CHEMBL670656";"Inhibition of human endothelin B (ETB) receptor expressed in CHO cells";"B";"BAO_0000219";"cell-based format";"Homo sapiens";"None";"None";"CHO";"None";"";"";"";"CHEMBL1785";"Endothelin receptor ET-B";"Homo sapiens";"SINGLE PROTEIN";"CHEMBL1128156";"1";"Scientific Literature";"Bioorg Med Chem Lett";"1995";"CHEMBL3308072";"";"";"";"1.2"
"CHEMBL80980";"";"None";"367.22";"0";"3.70";"32b";"Cc1noc(NS(=O)(=O)c2cccc3ccccc23)c1Br";"IC50";"'='";"16000.0";"nM";"4.80";"";"";"UO_0000065";"13.06";"0.31";"1.10";"6.64";"0";"CHEMBL677273";"Binding affinity against human ETB receptor in transfected COS 7 cell membrane preparation";"B";"BAO_0000219";"cell-based format";"None";"None";"None";"COS 7";"None";"";"";"";"CHEMBL1785";"Endothelin receptor ET-B";"Homo sapiens";"SINGLE PROTEIN";"CHEMBL1129771";"1";"Scientific Literature";"Bioorg Med Chem Lett";"1996";"None";"";"";"";"16.0"
"CHEMBL1627022";"";"None";"636.50";"1";"4.53";"6b.Na salt";"Cc1ccc(-c2c([N-]S(=O)(=O)c3ccc(C(C)(C)CO)cc3)ncnc2OCCOc2ncc(Br)cn2)cc1.[Na+]";"IC50";"'='";"8.3";"nM";"8.08";"";"";"UO_0000065";"13.15";"0.28";"3.55";"5.92";"0";"CHEMBL677270";"Ability to inhibit specific binding of [125I]- -ET-1 to human GH cells which express endothelin B receptor";"B";"BAO_0000219";"cell-based format";"Homo sapiens";"None";"None";"GH";"None";"";"";"";"CHEMBL1785";"Endothelin receptor ET-B";"Homo sapiens";"SINGLE PROTEIN";"CHEMBL1134415";"1";"Scientific Literature";"J Med Chem";"2001";"None";"";"";"";"8.3"
"CHEMBL174448";"";"None";"536.68";"1";"4.35";"15a";"Cc1[nH]c([C@@H](Cc2cn(C)c3ccccc23)NC(=O)[C@H](CC(C)C)NC(=O)NC2CCCCC2)nc1C(=O)O";"IC50";"'='";"34000.0";"nM";"4.47";"";"";"UO_0000065";"8.33";"0.16";"0.12";"3.17";"0";"CHEMBL670653";"Inhibitory activity was evaluated against human Endothelin B receptor";"B";"BAO_0000357";"single protein format";"None";"None";"None";"None";"None";"";"";"";"CHEMBL1785";"Endothelin receptor ET-B";"Homo sapiens";"SINGLE PROTEIN";"CHEMBL1129499";"1";"Scientific Literature";"J Med Chem";"1996";"None";"";"";"";"34.0"
"CHEMBL291058";"";"None";"606.62";"2";"4.56";"27";"COC(=O)CCCCOc1cc(CC2=C(c3ccc4c(c3)OCO4)C(=O)OC2(O)c2ccc(OC)cc2)cc(OC)c1OC";"IC50";"'='";"900.0";"nM";"6.05";"";"";"UO_0000065";"9.97";"0.19";"1.49";"4.72";"0";"CHEMBL670638";"Inhibition of [125I]ET1 binding to recombinant human Endothelin B receptor.";"B";"BAO_0000357";"single protein format";"None";"None";"None";"None";"None";"";"";"";"CHEMBL1785";"Endothelin receptor ET-B";"Homo sapiens";"SINGLE PROTEIN";"CHEMBL1132648";"1";"Scientific Literature";"J Med Chem";"1999";"None";"";"";"";"900.0"
"CHEMBL328517";"";"None";"455.40";"1";"5.47";"22o";"Cc1noc(NS(=O)(=O)c2sccc2-c2ccc(CC(C)C)cc2)c1Br";"IC50";"'='";"2895.0";"nM";"5.54";"";"";"UO_0000065";"12.16";"0.29";"0.07";"7.67";"0";"CHEMBL670635";"Compound was tested for binding affinity against Endothelin B receptor";"B";"BAO_0000357";"single protein format";"None";"None";"None";"None";"None";"";"";"";"CHEMBL1785";"Endothelin receptor ET-B";"Homo sapiens";"SINGLE PROTEIN";"CHEMBL1128922";"1";"Scientific Literature";"Bioorg Med Chem Lett";"1996";"None";"";"";"";"2.895"
"CHEMBL109648";"CLAZOSENTAN";"3.0";"577.58";"2";"2.39";"24";"COc1ccccc1Oc1c(NS(=O)(=O)c2ccc(C)cn2)nc(-c2ccnc(-c3nnn[nH]3)c2)nc1OCCO";"IC50";"'='";"175.0";"nM";"6.76";"";"";"UO_0000065";"11.70";"0.23";"4.37";"3.38";"0";"CHEMBL4426310";"Displacement of radioligand from ETB receptor in human placenta cell membranes";"B";"BAO_0000219";"cell-based format";"Homo sapiens";"None";"None";"None";"None";"";"";"";"CHEMBL1785";"Endothelin receptor ET-B";"Homo sapiens";"SINGLE PROTEIN";"CHEMBL4425117";"1";"Scientific Literature";"Bioorg Med Chem Lett";"2016";"None";"";"";"";"175.0"
"CHEMBL133257";"";"None";"636.75";"2";"1.37";"33";"CC(C)C[C@H]1NC(=O)[C@H](C2CCCC2)NC(=O)[C@H]2CCCN2C(=O)[C@H](CC(=O)O)NC(=O)[C@H](Cc2c[nH]c3ccccc23)NC1=O";"IC50";"'='";"21000.0";"nM";"4.68";"";"";"UO_0000065";"7.35";"0.14";"3.31";"2.46";"0";"CHEMBL672254";"Inhibitory effect against Human Endothelin B receptor";"B";"BAO_0000357";"single protein format";"None";"None";"None";"None";"None";"";"";"";"CHEMBL1785";"Endothelin receptor ET-B";"Homo sapiens";"SINGLE PROTEIN";"CHEMBL1128172";"1";"Scientific Literature";"J Med Chem";"1995";"None";"";"";"";"21000.0"
"CHEMBL94962";"";"None";"587.47";"1";"4.77";"rac-39ab";"Cc1cc(C)nc(O[C@H](C(=O)O)[C@@]2(c3ccccc3)NCC(=O)N(Cc3ccc(Br)cc3)c3ccccc32)n1";"IC50";"'='";"119.0";"nM";"6.92";"";"";"UO_0000065";"";"";"";"";"0";"CHEMBL670641";"Antagonist activity towards human recombinant Endothelin B receptor expressed in chinese hamster ovary (CHO) cells determined using [125I]ET1 as radioligand";"F";"BAO_0000219";"cell-based format";"None";"None";"None";"CHO";"None";"";"";"";"CHEMBL1785";"Endothelin receptor ET-B";"Homo sapiens";"SINGLE PROTEIN";"CHEMBL1149183";"1";"Scientific Literature";"J Med Chem";"2004";"CHEMBL3308072";"";"";"";"119.0"
"CHEMBL177070";"";"None";"471.35";"0";"4.12";"35d";"Cc1noc(NS(=O)(=O)c2sccc2CCc2ccc3c(c2)OCO3)c1Br";"IC50";"'='";"17850.0";"nM";"4.75";"";"";"UO_0000065";"10.07";"0.24";"0.63";"5.24";"0";"CHEMBL678457";"Inhibition of human Endothelin B receptor using I-ET-1 as radioligand in a competitive radioligand assay";"B";"BAO_0000357";"single protein format";"None";"None";"None";"None";"None";"";"";"";"CHEMBL1785";"Endothelin receptor ET-B";"Homo sapiens";"SINGLE PROTEIN";"CHEMBL1129901";"1";"Scientific Literature";"Bioorg Med Chem Lett";"1997";"None";"";"";"";"17.85"
"CHEMBL94370";"";"None";"575.49";"2";"6.52";"rac-84l";"Cc1cccc(O[C@H](C(=O)O)[C@@]2(c3ccccc3)NCC(=O)N(Cc3c(Cl)cccc3Cl)c3ccccc32)c1C";"IC50";"'>'";"1000.0";"nM";"";"";"";"UO_0000065";"";"";"";"";"0";"CHEMBL670641";"Antagonist activity towards human recombinant Endothelin B receptor expressed in chinese hamster ovary (CHO) cells determined using [125I]ET1 as radioligand";"F";"BAO_0000219";"cell-based format";"None";"None";"None";"CHO";"None";"";"";"";"CHEMBL1785";"Endothelin receptor ET-B";"Homo sapiens";"SINGLE PROTEIN";"CHEMBL1149183";"1";"Scientific Literature";"J Med Chem";"2004";"CHEMBL3308072";"";"";"";"1000.0"
"CHEMBL432109";"";"None";"515.01";"0";"3.93";"15e";"CCOC(C)=O.COc1ccc(CC(=O)c2sccc2S(=O)(=O)Nc2onc(C)c2Cl)cc1";"IC50";"'='";"10100.0";"nM";"5.00";"";"";"UO_0000065";"11.70";"0.25";"1.07";"5.07";"0";"CHEMBL670644";"In vitro inhibition of endothelin binding to human Endothelin B receptor using [125I]-labeled ET-1 competition assay";"B";"BAO_0000357";"single protein format";"None";"None";"None";"None";"None";"";"";"";"CHEMBL1785";"Endothelin receptor ET-B";"Homo sapiens";"SINGLE PROTEIN";"CHEMBL1130344";"1";"Scientific Literature";"J Med Chem";"1997";"None";"";"";"";"10100.0"
"CHEMBL368929";"";"None";"539.61";"1";"3.45";"52";"C#CCOc1nc(N2CCOCC2)nc(NS(=O)(=O)c2ccc(C(C)C)cn2)c1Oc1ccccc1OC";"IC50";"'='";"746.0";"nM";"6.13";"";"";"UO_0000065";"11.35";"0.22";"2.68";"4.90";"0";"CHEMBL670645";"In vitro inhibitory concentration required against [125I]ET1 binding to membranes of CHO cells expressing human ETB receptor";"B";"BAO_0000219";"cell-based format";"None";"None";"None";"CHO";"None";"";"";"";"CHEMBL1785";"Endothelin receptor ET-B";"Homo sapiens";"SINGLE PROTEIN";"CHEMBL1136632";"1";"Scientific Literature";"Bioorg Med Chem Lett";"2003";"CHEMBL3308072";"";"";"";"746.0"
"CHEMBL367767";"";"None";"696.75";"3";"5.25";"64";"COc1ccccc1Oc1c(NS(=O)(=O)c2ccc(C(C)(C)C)cc2)nc(-c2ncccn2)nc1OCC#CCOC(=O)Nc1cnccn1";"IC50";"'='";"1400.0";"nM";"5.85";"";"";"UO_0000065";"8.40";"0.16";"0.60";"3.09";"0";"CHEMBL670645";"In vitro inhibitory concentration required against [125I]ET1 binding to membranes of CHO cells expressing human ETB receptor";"B";"BAO_0000219";"cell-based format";"None";"None";"None";"CHO";"None";"";"";"";"CHEMBL1785";"Endothelin receptor ET-B";"Homo sapiens";"SINGLE PROTEIN";"CHEMBL1136632";"1";"Scientific Literature";"Bioorg Med Chem Lett";"2003";"CHEMBL3308072";"";"";"";"1400.0"
"CHEMBL47536";"";"None";"570.37";"0";"3.88";"5c";"Cc1noc(NS(=O)(=O)c2ccsc2C(=O)N(C)c2ccccc2)c1Br.O=C(O)C(F)(F)F";"IC50";"'>'";"100000.0";"nM";"";"";"";"UO_0000065";"";"";"";"";"0";"CHEMBL670643";"In vitro inhibition of endothelin binding to human Endothelin B receptor using [125I]-labeled ET-1 competition assay";"B";"BAO_0000357";"single protein format";"None";"None";"None";"None";"None";"";"";"";"CHEMBL1785";"Endothelin receptor ET-B";"Homo sapiens";"SINGLE PROTEIN";"CHEMBL1130042";"1";"Scientific Literature";"J Med Chem";"1997";"None";"";"";"";"100000.0"
"CHEMBL284250";"";"None";"632.60";"1";"4.47";"16b (BQ-928)";"CCCC[C@H](NC(=O)[C@@H](Cc1c(Br)[nH]c2ccccc12)NC(=O)[C@@H](NC(=O)N1[C@H](C)CCC[C@@H]1C)C1CC1)C(=O)O";"IC50";"'='";"0.8";"nM";"9.10";"";"";"UO_0000065";"";"";"";"";"0";"CHEMBL670639";"Functional inhibition of ET-1 induced [Ca2+] increase in human Girardi heart (hGH) cells, which express Endothelin B receptor";"F";"BAO_0000019";"assay format";"None";"None";"None";"None";"None";"";"";"";"CHEMBL1785";"Endothelin receptor ET-B";"Homo sapiens";"SINGLE PROTEIN";"CHEMBL1128763";"1";"Scientific Literature";"Bioorg Med Chem Lett";"1995";"None";"";"";"";"0.8"
"CHEMBL367453";"";"None";"661.70";"2";"3.64";"75";"COc1ccccc1Oc1c(NS(=O)(=O)c2ccc(C)cn2)nc(N2CCOCC2)nc1OCC#CCOC(=O)Nc1ccccn1";"IC50";"'='";"197.0";"nM";"6.71";"";"";"UO_0000065";"10.13";"0.19";"3.07";"3.81";"0";"CHEMBL670645";"In vitro inhibitory concentration required against [125I]ET1 binding to membranes of CHO cells expressing human ETB receptor";"B";"BAO_0000219";"cell-based format";"None";"None";"None";"CHO";"None";"";"";"";"CHEMBL1785";"Endothelin receptor ET-B";"Homo sapiens";"SINGLE PROTEIN";"CHEMBL1136632";"1";"Scientific Literature";"Bioorg Med Chem Lett";"2003";"CHEMBL3308072";"";"";"";"197.0"
"CHEMBL1790180";"ENDOTHELIN 3";"0.5";"2657.12";"None";"None";"Endothelin-3";"CC[C@H](C)[C@H](NC(=O)[C@H](CC(=O)O)NC(=O)[C@H](CC(C)C)NC(=O)[C@H](Cc1c[nH]cn1)NC(=O)[C@@H]1CSSC[C@@H](N)C(=O)N[C@H]([C@@H](C)O)C(=O)N[C@H]2CSSC[C@@H](NC(=O)[C@H](CCC(=O)O)NC(=O)[C@H](CCCCN)NC(=O)[C@@H](CC(=O)O)NC(=O)[C@H](CCCCN)NC(=O)[C@@H](CCc3ccc(O)cc3)NC(=O)[C@H]([C@H](C)O)NC(=O)[C@@H](Cc3ccccc3)NC2=O)C(=O)N[C@@H](C(C)C)C(=O)N[C@H](Cc2ccc(O)cc2)C(=O)N[C@@H](Cc2ccc(O)cc2)C(=O)N1)C(=O)N[C@H](C(=O)N[C@@H](Cc1c[nH]c2ccccc12)C(=O)O)[C@@H](C)CC";"IC50";"'='";"0.091";"nM";"10.04";"";"";"UO_0000065";"3.78";"None";"None";"None";"0";"CHEMBL953142";"Displacement of radiolabeled endothelin-3 from human endothelin ETB receptor";"B";"BAO_0000357";"single protein format";"Homo sapiens";"None";"None";"None";"None";"";"";"";"CHEMBL1785";"Endothelin receptor ET-B";"Homo sapiens";"SINGLE PROTEIN";"CHEMBL1140203";"1";"Scientific Literature";"J Med Chem";"2008";"None";"";"";"";"9.1"
"CHEMBL329744";"";"None";"532.64";"1";"4.55";"rac-68";"CCCCC[C@]1([C@H](Oc2nc(C)cc(C)n2)C(=O)O)NCC(=O)N(Cc2ccc(OC)cc2)c2ccccc21";"IC50";"'='";"73.6";"nM";"7.13";"";"";"UO_0000065";"";"";"";"";"0";"CHEMBL670641";"Antagonist activity towards human recombinant Endothelin B receptor expressed in chinese hamster ovary (CHO) cells determined using [125I]ET1 as radioligand";"F";"BAO_0000219";"cell-based format";"None";"None";"None";"CHO";"None";"";"";"";"CHEMBL1785";"Endothelin receptor ET-B";"Homo sapiens";"SINGLE PROTEIN";"CHEMBL1149183";"1";"Scientific Literature";"J Med Chem";"2004";"CHEMBL3308072";"";"";"";"73.6"
"CHEMBL346926";"";"None";"515.52";"2";"5.20";"7v";"COc1ccc(-c2c(C(=O)O)c(=O)n(Cc3cc(OC)c(OC)cc3OC)c3c2oc2ccccc23)cc1";"IC50";"'>'";"10000.0";"nM";"";"";"";"UO_0000065";"";"";"";"";"0";"CHEMBL673047";"Ability to displace [125I]endothelin-1 from endothelin B receptor in porcine kidney membranes";"B";"BAO_0000249";"cell membrane format";"Sus scrofa";"CHEMBL3638241";"Kidney";"None";"Membrane";"";"";"";"CHEMBL1785";"Endothelin receptor ET-B";"Homo sapiens";"SINGLE PROTEIN";"CHEMBL1132506";"1";"Scientific Literature";"Bioorg Med Chem Lett";"1999";"None";"";"";"";"10.0"
"CHEMBL430695";"";"None";"429.47";"0";"4.67";"2h";"COc1ccc([C@@H]2c3nc(C4CC4)ccc3[C@H](c3ccc4c(c3)OCO4)[C@H]2C(=O)O)cc1";"IC50";"'='";"63.0";"nM";"7.20";"";"";"UO_0000065";"16.77";"0.31";"2.53";"9.25";"0";"CHEMBL670652";"Inhibitory activity against I-labeled ET-1 binding to Endothelin B receptor";"B";"BAO_0000357";"single protein format";"None";"None";"None";"None";"None";"";"";"";"CHEMBL1785";"Endothelin receptor ET-B";"Homo sapiens";"SINGLE PROTEIN";"CHEMBL1134926";"1";"Scientific Literature";"Bioorg Med Chem Lett";"2002";"None";"";"";"";"63.0"
"CHEMBL296326";"";"None";"456.34";"0";"4.17";"5l";"Cc1ccc(NC(=O)c2sccc2S(=O)(=O)Nc2onc(C)c2Br)cc1";"IC50";"'='";"9120.0";"nM";"5.04";"";"";"UO_0000065";"11.04";"0.26";"0.87";"4.98";"0";"CHEMBL670643";"In vitro inhibition of endothelin binding to human Endothelin B receptor using [125I]-labeled ET-1 competition assay";"B";"BAO_0000357";"single protein format";"None";"None";"None";"None";"None";"";"";"";"CHEMBL1785";"Endothelin receptor ET-B";"Homo sapiens";"SINGLE PROTEIN";"CHEMBL1130042";"1";"Scientific Literature";"J Med Chem";"1997";"None";"";"";"";"9120.0"
"CHEMBL319754";"";"None";"638.65";"2";"6.09";"rac-89";"Cc1cc(C)nc(O[C@H](C(=O)O)[C@@]2(c3cccc(-c4ccccc4)c3)NCC(=O)N(Cc3c(F)cc(F)cc3F)c3ccccc32)n1";"IC50";"'='";"89.8";"nM";"7.05";"";"";"UO_0000065";"";"";"";"";"0";"CHEMBL670641";"Antagonist activity towards human recombinant Endothelin B receptor expressed in chinese hamster ovary (CHO) cells determined using [125I]ET1 as radioligand";"F";"BAO_0000219";"cell-based format";"None";"None";"None";"CHO";"None";"";"";"";"CHEMBL1785";"Endothelin receptor ET-B";"Homo sapiens";"SINGLE PROTEIN";"CHEMBL1149183";"1";"Scientific Literature";"J Med Chem";"2004";"CHEMBL3308072";"";"";"";"89.8"
"CHEMBL96723";"";"None";"526.57";"1";"4.14";"rac-39o";"Cc1cc(C)nc(O[C@H](C(=O)O)[C@@]2(c3ccccc3)NCC(=O)N(Cc3ccccc3F)c3ccccc32)n1";"IC50";"'='";"33.1";"nM";"7.48";"";"";"UO_0000065";"";"";"";"";"0";"CHEMBL670641";"Antagonist activity towards human recombinant Endothelin B receptor expressed in chinese hamster ovary (CHO) cells determined using [125I]ET1 as radioligand";"F";"BAO_0000219";"cell-based format";"None";"None";"None";"CHO";"None";"";"";"";"CHEMBL1785";"Endothelin receptor ET-B";"Homo sapiens";"SINGLE PROTEIN";"CHEMBL1149183";"1";"Scientific Literature";"J Med Chem";"2004";"CHEMBL3308072";"";"";"";"33.1"
"CHEMBL292580";"";"None";"459.50";"0";"4.83";"3k";"CCOc1ccc2c(c1)c(-c1ccc(OC)cc1)c(C(=O)O)c(=O)n2Cc1ccccc1OC";"IC50";"'='";"500.0";"nM";"6.30";"";"";"UO_0000065";"13.71";"0.25";"1.47";"7.24";"0";"CHEMBL670728";"Inhibition of [125I]ET1 binding to porcine kidney inner medulla membranes";"B";"BAO_0000221";"tissue-based format";"Sus scrofa";"CHEMBL3638241";"Kidney";"None";"None";"";"";"";"CHEMBL1785";"Endothelin receptor ET-B";"Homo sapiens";"SINGLE PROTEIN";"CHEMBL1130488";"1";"Scientific Literature";"Bioorg Med Chem Lett";"1997";"None";"";"";"";"0.5"
"CHEMBL176650";"";"None";"573.68";"2";"5.63";"28";"CCC#CCOc1nc(-c2ncccn2)nc(NS(=O)(=O)c2ccc(C(C)(C)C)cc2)c1Oc1ccccc1OC";"IC50";"'='";"2280.0";"nM";"5.64";"";"";"UO_0000065";"9.83";"0.19";"0.01";"4.50";"0";"CHEMBL670645";"In vitro inhibitory concentration required against [125I]ET1 binding to membranes of CHO cells expressing human ETB receptor";"B";"BAO_0000219";"cell-based format";"None";"None";"None";"CHO";"None";"";"";"";"CHEMBL1785";"Endothelin receptor ET-B";"Homo sapiens";"SINGLE PROTEIN";"CHEMBL1136632";"1";"Scientific Literature";"Bioorg Med Chem Lett";"2003";"CHEMBL3308072";"";"";"";"2280.0"
"CHEMBL2114305";"";"None";"534.59";"1";"4.37";"8";"CC(C)c1ccc(S(=O)(=O)NC(=O)C(c2ccc3c(c2)OCO3)c2cn(C)c3cc(C(=O)O)ccc23)cc1";"IC50";"'='";"1500.0";"nM";"5.82";"";"";"UO_0000065";"10.89";"0.21";"1.45";"4.70";"0";"CHEMBL677443";"Binding affinity towards human cloned endothelin B receptor by [125I]ET1 displacement.";"B";"BAO_0000357";"single protein format";"None";"None";"None";"None";"None";"";"";"";"CHEMBL1785";"Endothelin receptor ET-B";"Homo sapiens";"SINGLE PROTEIN";"CHEMBL1135360";"1";"Scientific Literature";"Bioorg Med Chem Lett";"2002";"None";"";"";"";"1500.0"
"CHEMBL276819";"";"None";"717.50";"2";"8.31";"2";"CCCc1cc(Cn2c(CC)nc3c(C)cc(C)nc32)cc(CCC)c1OC(C(=O)O)c1cc(Br)c(OC)c(OC)c1Br";"IC50";"'='";"31000.0";"nM";"4.51";"";"";"UO_0000065";"6.28";"0.14";"-3.80";"4.71";"0";"CHEMBL670656";"Inhibition of human endothelin B (ETB) receptor expressed in CHO cells";"B";"BAO_0000219";"cell-based format";"Homo sapiens";"None";"None";"CHO";"None";"";"";"";"CHEMBL1785";"Endothelin receptor ET-B";"Homo sapiens";"SINGLE PROTEIN";"CHEMBL1128156";"1";"Scientific Literature";"Bioorg Med Chem Lett";"1995";"CHEMBL3308072";"";"";"";"31.0"
"CHEMBL295583";"";"None";"463.49";"0";"3.34";"5mm";"CC(=O)c1cc2c(cc1NC(=O)c1sccc1S(=O)(=O)Nc1onc(C)c1C)OCO2";"IC50";"'>'";"100000.0";"nM";"";"";"";"UO_0000065";"";"";"";"";"0";"CHEMBL670643";"In vitro inhibition of endothelin binding to human Endothelin B receptor using [125I]-labeled ET-1 competition assay";"B";"BAO_0000357";"single protein format";"None";"None";"None";"None";"None";"";"";"";"CHEMBL1785";"Endothelin receptor ET-B";"Homo sapiens";"SINGLE PROTEIN";"CHEMBL1130042";"1";"Scientific Literature";"J Med Chem";"1997";"None";"";"";"";"100000.0"
"CHEMBL65531";"";"None";"381.23";"0";"2.39";"7a";"COC(=O)c1sccc1S(=O)(=O)Nc1onc(C)c1Br";"IC50";"'>'";"100000.0";"nM";"";"";"";"UO_0000065";"";"";"";"";"0";"CHEMBL670640";"In vitro binding affinity in a radioligand binding experiment by competition with [125I]-labeled endothelin-1 for ETB receptor";"B";"BAO_0000357";"single protein format";"None";"None";"None";"None";"None";"";"";"";"CHEMBL1785";"Endothelin receptor ET-B";"Homo sapiens";"SINGLE PROTEIN";"CHEMBL1130505";"1";"Scientific Literature";"Bioorg Med Chem Lett";"1997";"None";"";"";"";"100.0"
"CHEMBL103090";"";"None";"460.53";"0";"4.64";"2r";"COc1ccc([C@@H]2c3nc(N(C)C(C)C)ccc3[C@H](c3ccc4c(c3)OCO4)[C@H]2C(=O)O)cc1";"IC50";"'='";"14.0";"nM";"7.85";"";"";"UO_0000065";"17.05";"0.32";"3.21";"9.68";"0";"CHEMBL670652";"Inhibitory activity against I-labeled ET-1 binding to Endothelin B receptor";"B";"BAO_0000357";"single protein format";"None";"None";"None";"None";"None";"";"";"";"CHEMBL1785";"Endothelin receptor ET-B";"Homo sapiens";"SINGLE PROTEIN";"CHEMBL1134926";"1";"Scientific Literature";"Bioorg Med Chem Lett";"2002";"None";"";"";"";"14.0"
"CHEMBL434983";"";"None";"367.20";"0";"2.31";"7d";"Cc1noc(NS(=O)(=O)c2ccsc2C(=O)O)c1Br";"IC50";"'>'";"100000.0";"nM";"";"";"";"UO_0000065";"";"";"";"";"0";"CHEMBL670640";"In vitro binding affinity in a radioligand binding experiment by competition with [125I]-labeled endothelin-1 for ETB receptor";"B";"BAO_0000357";"single protein format";"None";"None";"None";"None";"None";"";"";"";"CHEMBL1785";"Endothelin receptor ET-B";"Homo sapiens";"SINGLE PROTEIN";"CHEMBL1130505";"1";"Scientific Literature";"Bioorg Med Chem Lett";"1997";"None";"";"";"";"100.0"
"CHEMBL431460";"";"None";"556.59";"1";"4.15";"rac-70";"COc1ccc(CN2C(=O)CN[C@](c3ccccc3F)([C@H](Oc3nc(C)cc(C)n3)C(=O)O)c3ccccc32)cc1";"IC50";"'='";"80.2";"nM";"7.10";"";"";"UO_0000065";"";"";"";"";"0";"CHEMBL670641";"Antagonist activity towards human recombinant Endothelin B receptor expressed in chinese hamster ovary (CHO) cells determined using [125I]ET1 as radioligand";"F";"BAO_0000219";"cell-based format";"None";"None";"None";"CHO";"None";"";"";"";"CHEMBL1785";"Endothelin receptor ET-B";"Homo sapiens";"SINGLE PROTEIN";"CHEMBL1149183";"1";"Scientific Literature";"J Med Chem";"2004";"CHEMBL3308072";"";"";"";"80.2"
"CHEMBL63937";"";"None";"471.35";"0";"4.44";"7u";"Cc1ccc(OC(=O)c2sccc2S(=O)(=O)Nc2onc(C)c2Br)c(C)c1";"IC50";"'='";"43200.0";"nM";"4.37";"";"";"UO_0000065";"9.26";"0.22";"-0.08";"4.43";"0";"CHEMBL670640";"In vitro binding affinity in a radioligand binding experiment by competition with [125I]-labeled endothelin-1 for ETB receptor";"B";"BAO_0000357";"single protein format";"None";"None";"None";"None";"None";"";"";"";"CHEMBL1785";"Endothelin receptor ET-B";"Homo sapiens";"SINGLE PROTEIN";"CHEMBL1130505";"1";"Scientific Literature";"Bioorg Med Chem Lett";"1997";"None";"";"";"";"43.2"
"CHEMBL317589";"";"None";"587.47";"1";"4.77";"rac-39v";"Cc1cc(C)nc(O[C@H](C(=O)O)[C@@]2(c3ccccc3)NCC(=O)N(Cc3cccc(Br)c3)c3ccccc32)n1";"IC50";"'='";"25.5";"nM";"7.59";"";"";"UO_0000065";"";"";"";"";"0";"CHEMBL670641";"Antagonist activity towards human recombinant Endothelin B receptor expressed in chinese hamster ovary (CHO) cells determined using [125I]ET1 as radioligand";"F";"BAO_0000219";"cell-based format";"None";"None";"None";"CHO";"None";"";"";"";"CHEMBL1785";"Endothelin receptor ET-B";"Homo sapiens";"SINGLE PROTEIN";"CHEMBL1149183";"1";"Scientific Literature";"J Med Chem";"2004";"CHEMBL3308072";"";"";"";"25.5"
"CHEMBL45723";"";"None";"501.34";"1";"3.98";"12";"Cc1noc(NS(=O)(=O)c2ccsc2NC(=O)Nc2ccc3c(c2)OCO3)c1Br";"IC50";"'='";"1300.0";"nM";"5.89";"";"";"UO_0000065";"11.74";"0.28";"1.91";"4.47";"0";"CHEMBL670644";"In vitro inhibition of endothelin binding to human Endothelin B receptor using [125I]-labeled ET-1 competition assay";"B";"BAO_0000357";"single protein format";"None";"None";"None";"None";"None";"";"";"";"CHEMBL1785";"Endothelin receptor ET-B";"Homo sapiens";"SINGLE PROTEIN";"CHEMBL1130344";"1";"Scientific Literature";"J Med Chem";"1997";"None";"";"";"";"1300.0"
"CHEMBL264035";"";"None";"688.76";"3";"5.06";"69";"COc1ccccc1Oc1c(NS(=O)(=O)c2ccc(C(C)C)cn2)nc(N2CCOCC2)nc1OCC#CCOC(=O)Nc1ccccc1";"IC50";"'='";"28.0";"nM";"7.55";"";"";"UO_0000065";"10.97";"0.21";"2.49";"4.62";"0";"CHEMBL670645";"In vitro inhibitory concentration required against [125I]ET1 binding to membranes of CHO cells expressing human ETB receptor";"B";"BAO_0000219";"cell-based format";"None";"None";"None";"CHO";"None";"";"";"";"CHEMBL1785";"Endothelin receptor ET-B";"Homo sapiens";"SINGLE PROTEIN";"CHEMBL1136632";"1";"Scientific Literature";"Bioorg Med Chem Lett";"2003";"CHEMBL3308072";"";"";"";"28.0"
"CHEMBL23752";"";"None";"520.56";"1";"4.36";"19";"CC(C)c1ccc(S(=O)(=O)NC(=O)C(c2ccc3c(c2)OCO3)c2c[nH]c3cc(C(=O)O)ccc23)cc1";"IC50";"";"";"nM";"";"";"Not Determined";"UO_0000065";"";"";"";"";"0";"CHEMBL677444";"Binding affinity towards human cloned endothelin B (ETB) receptor by the displacement of [125I]-labeled ET-1; ND=Not determined";"B";"BAO_0000357";"single protein format";"None";"None";"None";"None";"None";"";"";"";"CHEMBL1785";"Endothelin receptor ET-B";"Homo sapiens";"SINGLE PROTEIN";"CHEMBL1135360";"1";"Scientific Literature";"Bioorg Med Chem Lett";"2002";"None";"";"";"";""
"CHEMBL45872";"";"None";"502.32";"1";"3.95";"11";"Cc1noc(NS(=O)(=O)c2ccsc2NC(=O)Oc2ccc3c(c2)OCO3)c1Br";"IC50";"'='";"5900.0";"nM";"5.23";"";"";"UO_0000065";"10.41";"0.25";"1.28";"4.05";"0";"CHEMBL878153";"In vitro inhibitory activity against human Endothelin B receptor using radioligand binding assay.";"B";"BAO_0000357";"single protein format";"None";"None";"None";"None";"None";"";"";"";"CHEMBL1785";"Endothelin receptor ET-B";"Homo sapiens";"SINGLE PROTEIN";"CHEMBL1130344";"1";"Scientific Literature";"J Med Chem";"1997";"None";"";"";"";"5900.0"
"CHEMBL55853";"";"None";"429.43";"0";"4.15";"3e";"COc1ccccc1Cn1c(=O)c(C(=O)O)c(-c2ccc3c(c2)OCO3)c2ccccc21";"IC50";"'='";"940.0";"nM";"6.03";"";"";"UO_0000065";"14.03";"0.26";"1.88";"6.93";"0";"CHEMBL670728";"Inhibition of [125I]ET1 binding to porcine kidney inner medulla membranes";"B";"BAO_0000221";"tissue-based format";"Sus scrofa";"CHEMBL3638241";"Kidney";"None";"None";"";"";"";"CHEMBL1785";"Endothelin receptor ET-B";"Homo sapiens";"SINGLE PROTEIN";"CHEMBL1130488";"1";"Scientific Literature";"Bioorg Med Chem Lett";"1997";"None";"";"";"";"0.94"
"CHEMBL16306";"";"None";"501.58";"2";"5.54";"11";"CCCc1cc(Cn2c(CC)nc3c(C)cc(C)nc32)ccc1OC(C(=O)O)c1ccc2c(c1)OCO2";"IC50";"'='";"1600.0";"nM";"5.80";"";"";"UO_0000065";"11.56";"0.21";"0.26";"6.06";"0";"CHEMBL670656";"Inhibition of human endothelin B (ETB) receptor expressed in CHO cells";"B";"BAO_0000219";"cell-based format";"Homo sapiens";"None";"None";"CHO";"None";"";"";"";"CHEMBL1785";"Endothelin receptor ET-B";"Homo sapiens";"SINGLE PROTEIN";"CHEMBL1128156";"1";"Scientific Literature";"Bioorg Med Chem Lett";"1995";"CHEMBL3308072";"";"";"";"1.6"
"CHEMBL63169";"";"None";"336.78";"0";"2.29";"7b";"COC(=O)c1sccc1S(=O)(=O)Nc1onc(C)c1Cl";"IC50";"'>'";"100000.0";"nM";"";"";"";"UO_0000065";"";"";"";"";"0";"CHEMBL670640";"In vitro binding affinity in a radioligand binding experiment by competition with [125I]-labeled endothelin-1 for ETB receptor";"B";"BAO_0000357";"single protein format";"None";"None";"None";"None";"None";"";"";"";"CHEMBL1785";"Endothelin receptor ET-B";"Homo sapiens";"SINGLE PROTEIN";"CHEMBL1130505";"1";"Scientific Literature";"Bioorg Med Chem Lett";"1997";"None";"";"";"";"100.0"
"CHEMBL312685";"";"None";"331.19";"0";"2.85";"7b";"Cc1cccc(S(=O)(=O)Nc2onc(C)c2Br)c1";"IC50";"'='";"13000.0";"nM";"4.89";"";"";"UO_0000065";"14.75";"0.37";"2.04";"6.77";"0";"CHEMBL677439";"Binding affinity against human Endothelin B receptor in transfected COS 7 cell membrane preparation";"B";"BAO_0000219";"cell-based format";"None";"None";"None";"COS 7";"None";"";"";"";"CHEMBL1785";"Endothelin receptor ET-B";"Homo sapiens";"SINGLE PROTEIN";"CHEMBL1129771";"1";"Scientific Literature";"Bioorg Med Chem Lett";"1996";"None";"";"";"";"13.0"
"CHEMBL368617";"";"None";"618.78";"1";"4.96";"15";"CCS(=O)(=O)NCCCOc1nc(C2CC2)nc(NS(=O)(=O)c2ccc(C(C)(C)C)cc2)c1Oc1ccccc1OC";"IC50";"'='";"33.0";"nM";"7.48";"";"";"UO_0000065";"12.09";"0.24";"2.52";"5.13";"0";"CHEMBL670655";"Inhibitory concentration required against [125I]ET1 binding to membranes of CHO cells expressing human ETB receptor";"B";"BAO_0000219";"cell-based format";"None";"None";"None";"CHO";"None";"";"";"";"CHEMBL1785";"Endothelin receptor ET-B";"Homo sapiens";"SINGLE PROTEIN";"CHEMBL1136631";"1";"Scientific Literature";"Bioorg Med Chem Lett";"2003";"CHEMBL3308072";"";"";"";"33.0"
"CHEMBL70487";"";"None";"633.73";"2";"6.28";"3d";"COc1ccccc1Oc1c(NS(=O)(=O)c2ccc(C(C)(C)C)cc2)nc(C2CC2)nc1OCCOC(=O)Nc1ccccn1";"IC50";"'='";"60.0";"nM";"7.22";"";"";"UO_0000065";"11.40";"0.22";"0.94";"4.79";"0";"CHEMBL672256";"Receptor binding affinity was determined against [125I]ET1 with membranes prepared from human placenta for ETB receptor";"B";"BAO_0000019";"assay format";"None";"None";"None";"None";"None";"";"";"";"CHEMBL1785";"Endothelin receptor ET-B";"Homo sapiens";"SINGLE PROTEIN";"CHEMBL1130517";"1";"Scientific Literature";"Bioorg Med Chem Lett";"1997";"None";"";"";"";"0.06"
"CHEMBL414165";"";"None";"650.76";"2";"1.61";"36";"CC(C)C[C@H]1NC(=O)[C@H](c2cccs2)NC(=O)[C@H]2CCCN2C(=O)[C@H](CC(=O)O)NC(=O)[C@H](Cc2c[nH]c3ccccc23)NC1=O";"IC50";"'='";"55000.0";"nM";"4.26";"";"";"UO_0000065";"6.55";"0.13";"2.65";"2.24";"0";"CHEMBL672254";"Inhibitory effect against Human Endothelin B receptor";"B";"BAO_0000357";"single protein format";"None";"None";"None";"None";"None";"";"";"";"CHEMBL1785";"Endothelin receptor ET-B";"Homo sapiens";"SINGLE PROTEIN";"CHEMBL1128172";"1";"Scientific Literature";"J Med Chem";"1995";"None";"";"";"";"55000.0"
"CHEMBL1271640";"";"None";"557.60";"2";"5.36";"46";"CCc1cc2c(cc1Cn1c(C(=O)O)c(Cc3cccc(C(=O)O)c3)c(=O)c3cc(OCC(C)C)ccc31)OCO2";"IC50";"'='";"713.0";"nM";"6.15";"";"";"UO_0000065";"11.02";"0.20";"0.79";"4.95";"0";"CHEMBL4030315";"Antagonist activity at ETB receptor (unknown origin) expressed in HEK293T cells measured after 30 mins by CCF4-AM dye based GeneBlazer FRET assay";"B";"BAO_0000219";"cell-based format";"Homo sapiens";"None";"None";"None";"None";"";"";"";"CHEMBL1785";"Endothelin receptor ET-B";"Homo sapiens";"SINGLE PROTEIN";"CHEMBL4028842";"1";"Scientific Literature";"Bioorg Med Chem Lett";"2017";"None";"";"";"";"713.0"
"CHEMBL2370255";"";"None";"937.20";"2";"4.82";"15";"CC[C@H](C)[C@H](NC(=O)[C@H](CCCCN)NC(=O)[C@H](CC(C)C)NC(=O)[C@H](NC(C)=O)C(c1ccccc1)c1ccccc1)C(=O)N[C@H](C(=O)N[C@@H](Cc1c[nH]c2ccccc12)C(=O)O)[C@@H](C)CC";"IC50";"'>'";"10000.0";"nM";"";"";"";"UO_0000065";"";"";"";"";"0";"CHEMBL677445";"Binding affinity measured in CHO cells stably transfected with the human endothelin B receptor";"B";"BAO_0000219";"cell-based format";"Homo sapiens";"None";"None";"CHO";"None";"";"";"";"CHEMBL1785";"Endothelin receptor ET-B";"Homo sapiens";"SINGLE PROTEIN";"CHEMBL1128478";"1";"Scientific Literature";"J Med Chem";"1995";"CHEMBL3308072";"";"";"";"10.0"
"CHEMBL47404";"";"None";"466.88";"0";"3.35";"5";"Cc1noc(NS(=O)(=O)c2ccsc2C(=O)Nc2ccc3c(c2C#N)OCO3)c1Cl";"IC50";"'='";"40400.0";"nM";"4.39";"";"";"UO_0000065";"9.41";"0.20";"1.04";"3.06";"0";"CHEMBL670644";"In vitro inhibition of endothelin binding to human Endothelin B receptor using [125I]-labeled ET-1 competition assay";"B";"BAO_0000357";"single protein format";"None";"None";"None";"None";"None";"";"";"";"CHEMBL1785";"Endothelin receptor ET-B";"Homo sapiens";"SINGLE PROTEIN";"CHEMBL1130344";"1";"Scientific Literature";"J Med Chem";"1997";"None";"";"";"";"40400.0"
"CHEMBL295557";"";"None";"506.95";"None";"None";"28";"CC#N.Cc1noc(NS(=O)(=O)c2ccsc2C(=O)Cc2cc3c(cc2C#N)OCO3)c1Cl";"IC50";"'='";"723.0";"nM";"6.14";"";"";"UO_0000065";"12.11";"None";"None";"None";"0";"CHEMBL670644";"In vitro inhibition of endothelin binding to human Endothelin B receptor using [125I]-labeled ET-1 competition assay";"B";"BAO_0000357";"single protein format";"None";"None";"None";"None";"None";"";"";"";"CHEMBL1785";"Endothelin receptor ET-B";"Homo sapiens";"SINGLE PROTEIN";"CHEMBL1130344";"1";"Scientific Literature";"J Med Chem";"1997";"None";"";"";"";"723.0"
"CHEMBL44544";"";"None";"482.93";"0";"3.64";"7";"COc1cc(C#N)c(NC(=O)c2sccc2S(=O)(=O)Nc2onc(C)c2Cl)cc1OC";"IC50";"'='";"12200.0";"nM";"4.91";"";"";"UO_0000065";"10.17";"0.22";"1.27";"3.42";"0";"CHEMBL670644";"In vitro inhibition of endothelin binding to human Endothelin B receptor using [125I]-labeled ET-1 competition assay";"B";"BAO_0000357";"single protein format";"None";"None";"None";"None";"None";"";"";"";"CHEMBL1785";"Endothelin receptor ET-B";"Homo sapiens";"SINGLE PROTEIN";"CHEMBL1130344";"1";"Scientific Literature";"J Med Chem";"1997";"None";"";"";"";"12200.0"
"CHEMBL177802";"";"None";"605.74";"1";"4.18";"29";"CCS(=O)(=O)NCCCOc1nc(C2CC2)nc(NS(=O)(=O)c2ccc(C(C)C)cn2)c1Oc1ccccc1OC";"IC50";"'='";"103.0";"nM";"6.99";"";"";"UO_0000065";"11.53";"0.23";"2.81";"4.40";"0";"CHEMBL670655";"Inhibitory concentration required against [125I]ET1 binding to membranes of CHO cells expressing human ETB receptor";"B";"BAO_0000219";"cell-based format";"None";"None";"None";"CHO";"None";"";"";"";"CHEMBL1785";"Endothelin receptor ET-B";"Homo sapiens";"SINGLE PROTEIN";"CHEMBL1136631";"1";"Scientific Literature";"Bioorg Med Chem Lett";"2003";"CHEMBL3308072";"";"";"";"103.0"
"CHEMBL316648";"";"None";"491.50";"1";"5.72";"21";"O=C(OCc1ccc2c(c1)OCO2)C(c1ccc2c(c1)OCO2)c1c2ccccc2nc2ccccc12";"IC50";"";"";"nM";"";"";"Not Active";"UO_0000065";"";"";"";"";"0";"CHEMBL670637";"Inhibition of binding of [125I]ET1 to cloned human Endothelin B receptor expressed in CHO-K1 cells up to 200 uM; non significant";"B";"BAO_0000219";"cell-based format";"None";"None";"None";"CHO-K1";"None";"";"";"";"CHEMBL1785";"Endothelin receptor ET-B";"Homo sapiens";"SINGLE PROTEIN";"CHEMBL1128950";"1";"Scientific Literature";"Bioorg Med Chem Lett";"1996";"CHEMBL3307512";"";"";"";""
"CHEMBL43788";"";"None";"546.02";"0";"3.77";"5y";"CCOC(C)=O.COc1ccc(NC(=O)c2sccc2S(=O)(=O)Nc2onc(C)c2Cl)c(OC)c1";"IC50";"'='";"51900.0";"nM";"4.29";"";"";"UO_0000065";"9.36";"0.20";"0.51";"3.58";"0";"CHEMBL670643";"In vitro inhibition of endothelin binding to human Endothelin B receptor using [125I]-labeled ET-1 competition assay";"B";"BAO_0000357";"single protein format";"None";"None";"None";"None";"None";"";"";"";"CHEMBL1785";"Endothelin receptor ET-B";"Homo sapiens";"SINGLE PROTEIN";"CHEMBL1130042";"1";"Scientific Literature";"J Med Chem";"1997";"None";"";"";"";"51900.0"
"CHEMBL47828";"";"None";"663.03";"1";"2.53";"5jj";"Cc1noc(NS(=O)(=O)c2ccsc2C(=O)Nc2cc3c(cc2CNS(C)(=O)=O)OCO3)c1Cl.O=C(O)C(F)(F)F";"IC50";"'='";"19800.0";"nM";"4.70";"";"";"UO_0000065";"8.57";"0.19";"2.17";"2.83";"0";"CHEMBL670643";"In vitro inhibition of endothelin binding to human Endothelin B receptor using [125I]-labeled ET-1 competition assay";"B";"BAO_0000357";"single protein format";"None";"None";"None";"None";"None";"";"";"";"CHEMBL1785";"Endothelin receptor ET-B";"Homo sapiens";"SINGLE PROTEIN";"CHEMBL1130042";"1";"Scientific Literature";"J Med Chem";"1997";"None";"";"";"";"19800.0"
"CHEMBL329375";"";"None";"399.29";"0";"4.27";"22c";"Cc1noc(NS(=O)(=O)c2cc(-c3ccccc3)cs2)c1Br";"IC50";"'='";"13500.0";"nM";"4.87";"";"";"UO_0000065";"12.20";"0.30";"0.60";"6.74";"0";"CHEMBL670635";"Compound was tested for binding affinity against Endothelin B receptor";"B";"BAO_0000357";"single protein format";"None";"None";"None";"None";"None";"";"";"";"CHEMBL1785";"Endothelin receptor ET-B";"Homo sapiens";"SINGLE PROTEIN";"CHEMBL1128922";"1";"Scientific Literature";"Bioorg Med Chem Lett";"1996";"None";"";"";"";"13.5"
"CHEMBL48024";"";"None";"458.32";"0";"3.57";"5m";"Cc1noc(NS(=O)(=O)c2ccsc2C(=O)Nc2cccc(O)c2)c1Br";"IC50";"'='";"67500.0";"nM";"4.17";"";"";"UO_0000065";"9.10";"0.22";"0.60";"3.43";"0";"CHEMBL670643";"In vitro inhibition of endothelin binding to human Endothelin B receptor using [125I]-labeled ET-1 competition assay";"B";"BAO_0000357";"single protein format";"None";"None";"None";"None";"None";"";"";"";"CHEMBL1785";"Endothelin receptor ET-B";"Homo sapiens";"SINGLE PROTEIN";"CHEMBL1130042";"1";"Scientific Literature";"J Med Chem";"1997";"None";"";"";"";"67500.0"
"CHEMBL297557";"";"None";"531.01";"0";"3.50";"18";"CCOC(C)=O.Cc1noc(NS(=O)(=O)c2ccsc2C(O)Cc2ccc3c(c2)OCO3)c1Cl";"IC50";"'='";"15700.0";"nM";"4.80";"";"";"UO_0000065";"10.85";"0.23";"1.30";"4.33";"0";"CHEMBL670644";"In vitro inhibition of endothelin binding to human Endothelin B receptor using [125I]-labeled ET-1 competition assay";"B";"BAO_0000357";"single protein format";"None";"None";"None";"None";"None";"";"";"";"CHEMBL1785";"Endothelin receptor ET-B";"Homo sapiens";"SINGLE PROTEIN";"CHEMBL1130344";"1";"Scientific Literature";"J Med Chem";"1997";"None";"";"";"";"15700.0"
"CHEMBL262784";"";"None";"533.61";"1";"3.77";"3";"CC(C)c1ccc(S(=O)(=O)NC(=O)C(c2ccc3c(c2)OCO3)c2cn(C)c3cc(C(N)=O)ccc23)cc1";"IC50";"'='";"15.0";"nM";"7.82";"";"";"UO_0000065";"14.66";"0.28";"4.05";"6.03";"0";"CHEMBL3056375";"Displacement of [I125]ET1 from Homo sapiens (human) ETB receptor expressed in CHO cells";"B";"BAO_0000219";"cell-based format";"Homo sapiens";"None";"None";"CHO";"None";"";"";"";"CHEMBL1785";"Endothelin receptor ET-B";"Homo sapiens";"SINGLE PROTEIN";"CHEMBL3045872";"1";"Scientific Literature";"Med Chem Res";"2004";"CHEMBL3308072";"";"";"";"15.0"
"CHEMBL22513";"";"None";"549.61";"1";"3.35";"1";"CCOc1cc(C)ccc1S(=O)(=O)NC(=O)C(c1ccc2c(c1)OCO2)c1cn(C)c2cc(C(N)=O)ccc12";"IC50";"'='";"397.0";"nM";"6.40";"";"";"UO_0000065";"11.65";"0.22";"3.05";"4.61";"1";"CHEMBL3056375";"Displacement of [I125]ET1 from Homo sapiens (human) ETB receptor expressed in CHO cells";"B";"BAO_0000219";"cell-based format";"Homo sapiens";"None";"None";"CHO";"None";"";"";"";"CHEMBL1785";"Endothelin receptor ET-B";"Homo sapiens";"SINGLE PROTEIN";"CHEMBL3045872";"1";"Scientific Literature";"Med Chem Res";"2004";"CHEMBL3308072";"";"";"";"397.0"
"CHEMBL1272137";"";"None";"501.49";"1";"4.03";"41";"CCc1cc2c(cc1Cn1c(C(=O)O)c(Cc3cccc(C(=O)O)c3)c(=O)c3cc(O)ccc31)OCO2";"IC50";"'='";"15602.3";"nM";"4.81";"";"";"UO_0000065";"9.59";"0.18";"0.78";"3.55";"1";"CHEMBL4030315";"Antagonist activity at ETB receptor (unknown origin) expressed in HEK293T cells measured after 30 mins by CCF4-AM dye based GeneBlazer FRET assay";"B";"BAO_0000219";"cell-based format";"Homo sapiens";"None";"None";"None";"None";"";"";"";"CHEMBL1785";"Endothelin receptor ET-B";"Homo sapiens";"SINGLE PROTEIN";"CHEMBL4028842";"1";"Scientific Literature";"Bioorg Med Chem Lett";"2017";"None";"";"";"";"15602.3"
"CHEMBL453822";"NIRTETRALIN";"None";"430.50";"0";"3.65";"3";"COC[C@@H]1Cc2cc3c(c(OC)c2[C@H](c2ccc(OC)c(OC)c2)[C@H]1COC)OCO3";"IC50";"'>'";"500000.0";"nM";"";"Outside typical range";"";"UO_0000065";"";"";"";"";"0";"CHEMBL937908";"Displacement of [125I]endothelin-1 from human recombinant ETB receptor expressed in CHO cells";"B";"BAO_0000219";"cell-based format";"Homo sapiens";"None";"None";"CHO";"None";"";"";"";"CHEMBL1785";"Endothelin receptor ET-B";"Homo sapiens";"SINGLE PROTEIN";"CHEMBL1150078";"1";"Scientific Literature";"J Nat Prod";"1995";"CHEMBL3308072";"";"";"";"500.0"
"CHEMBL96506";"";"None";"576.58";"2";"5.02";"rac-39r";"Cc1cc(C)nc(O[C@H](C(=O)O)[C@@]2(c3ccccc3)NCC(=O)N(Cc3ccccc3C(F)(F)F)c3ccccc32)n1";"IC50";"'='";"22.5";"nM";"7.65";"";"";"UO_0000065";"";"";"";"";"0";"CHEMBL670641";"Antagonist activity towards human recombinant Endothelin B receptor expressed in chinese hamster ovary (CHO) cells determined using [125I]ET1 as radioligand";"F";"BAO_0000219";"cell-based format";"None";"None";"None";"CHO";"None";"";"";"";"CHEMBL1785";"Endothelin receptor ET-B";"Homo sapiens";"SINGLE PROTEIN";"CHEMBL1149183";"1";"Scientific Literature";"J Med Chem";"2004";"CHEMBL3308072";"";"";"";"22.5"
"CHEMBL282426";"";"None";"507.52";"2";"5.01";"12";"COc1cccc(Sc2c(C(=O)O)n(Cc3cc(OC)c4c(c3)OCO4)c3cc4c(cc23)OCO4)c1";"IC50";"'='";"29000.0";"nM";"4.54";"";"";"UO_0000065";"8.94";"0.17";"-0.47";"4.65";"0";"CHEMBL670634";"Affinity for human endothelin B receptor expressed in CHO-K1 cells.";"B";"BAO_0000219";"cell-based format";"None";"None";"None";"CHO-K1";"None";"";"";"";"CHEMBL1785";"Endothelin receptor ET-B";"Homo sapiens";"SINGLE PROTEIN";"CHEMBL1129097";"1";"Scientific Literature";"Bioorg Med Chem Lett";"1996";"CHEMBL3307512";"";"";"";"29.0"
"CHEMBL3143473";"";"None";"649.81";"1";"4.81";"BQ-788";"CCCC[C@@H](NC(=O)[C@@H](Cc1cn(COC)c2ccccc12)NC(=O)[C@H](CC(C)(C)C)NC(=O)N1[C@H](C)CCC[C@@H]1C)C(=O)[O-].[Na+]";"IC50";"'='";"1.2";"nM";"8.92";"";"";"UO_0000065";"";"";"";"";"0";"CHEMBL677271";"Antagonistic activity against endothelin B (ETB) receptor using human girardi heart cells.";"F";"BAO_0000219";"cell-based format";"Homo sapiens";"None";"None";"heart";"None";"";"";"";"CHEMBL1785";"Endothelin receptor ET-B";"Homo sapiens";"SINGLE PROTEIN";"CHEMBL1152094";"1";"Scientific Literature";"Bioorg Med Chem Lett";"1995";"None";"";"";"";"1.2"
"CHEMBL45269";"";"None";"442.32";"0";"3.86";"5b";"Cc1noc(NS(=O)(=O)c2ccsc2C(=O)Nc2ccccc2)c1Br";"IC50";"'='";"77600.0";"nM";"4.11";"";"";"UO_0000065";"9.29";"0.22";"0.25";"4.06";"0";"CHEMBL670643";"In vitro inhibition of endothelin binding to human Endothelin B receptor using [125I]-labeled ET-1 competition assay";"B";"BAO_0000357";"single protein format";"None";"None";"None";"None";"None";"";"";"";"CHEMBL1785";"Endothelin receptor ET-B";"Homo sapiens";"SINGLE PROTEIN";"CHEMBL1130042";"1";"Scientific Literature";"J Med Chem";"1997";"None";"";"";"";"77600.0"
"CHEMBL345380";"";"None";"425.44";"1";"5.17";"7c";"COc1ccc(-c2c(C(=O)O)c(=O)n(Cc3ccccc3)c3c2oc2ccccc23)cc1";"IC50";"'='";"3000.0";"nM";"5.52";"";"";"UO_0000065";"12.98";"0.24";"0.35";"6.76";"0";"CHEMBL673047";"Ability to displace [125I]endothelin-1 from endothelin B receptor in porcine kidney membranes";"B";"BAO_0000249";"cell membrane format";"Sus scrofa";"CHEMBL3638241";"Kidney";"None";"Membrane";"";"";"";"CHEMBL1785";"Endothelin receptor ET-B";"Homo sapiens";"SINGLE PROTEIN";"CHEMBL1132506";"1";"Scientific Literature";"Bioorg Med Chem Lett";"1999";"None";"";"";"";"3.0"
"CHEMBL2165335";"";"None";"585.48";"1";"4.16";"58";"CCc1ccc(-c2c(NS(=O)(=O)NCc3ccccc3)ncnc2OCCOc2ncc(Br)cn2)cc1";"IC50";"'='";"1264.0";"nM";"5.90";"";"";"UO_0000065";"10.07";"0.22";"1.74";"4.60";"0";"CHEMBL2166381";"Displacement of [I125]ET1 from recombinant ETB receptor expressed in CHO cells after 2 hrs by TopCount analysis";"B";"BAO_0000219";"cell-based format";"None";"None";"None";"CHO";"None";"";"";"";"CHEMBL1785";"Endothelin receptor ET-B";"Homo sapiens";"SINGLE PROTEIN";"CHEMBL2163289";"1";"Scientific Literature";"J Med Chem";"2012";"CHEMBL3308072";"";"";"";"1264.0"
"CHEMBL2163702";"";"None";"680.54";"2";"4.73";"8";"COc1ccccc1Oc1c(NS(=O)(=O)CCc2ccccc2)nc(-c2ncccn2)nc1OCCOc1ncc(Br)cn1";"IC50";"'='";"216.0";"nM";"6.67";"";"";"UO_0000065";"9.79";"0.21";"1.94";"4.15";"0";"CHEMBL2166381";"Displacement of [I125]ET1 from recombinant ETB receptor expressed in CHO cells after 2 hrs by TopCount analysis";"B";"BAO_0000219";"cell-based format";"None";"None";"None";"CHO";"None";"";"";"";"CHEMBL1785";"Endothelin receptor ET-B";"Homo sapiens";"SINGLE PROTEIN";"CHEMBL2163289";"1";"Scientific Literature";"J Med Chem";"2012";"CHEMBL3308072";"";"";"";"216.0"
"CHEMBL2165326";"APROCITENTAN";"3.0";"546.20";"1";"2.53";"71";"NS(=O)(=O)Nc1ncnc(OCCOc2ncc(Br)cn2)c1-c1ccc(Br)cc1";"IC50";"'='";"987.0";"nM";"6.01";"";"";"UO_0000065";"11.00";"0.28";"3.48";"4.22";"0";"CHEMBL2166381";"Displacement of [I125]ET1 from recombinant ETB receptor expressed in CHO cells after 2 hrs by TopCount analysis";"B";"BAO_0000219";"cell-based format";"None";"None";"None";"CHO";"None";"";"";"";"CHEMBL1785";"Endothelin receptor ET-B";"Homo sapiens";"SINGLE PROTEIN";"CHEMBL2163289";"1";"Scientific Literature";"J Med Chem";"2012";"CHEMBL3308072";"";"";"";"987.0"
"CHEMBL2163700";"";"None";"615.67";"2";"4.28";"23";"COc1ccccc1Oc1c(NS(=O)(=O)CCc2ccccc2)nc(-c2ncccn2)nc1OCCOc1ncc(C)cn1";"IC50";"'='";"1501.0";"nM";"5.82";"";"";"UO_0000065";"9.46";"0.18";"1.54";"3.63";"0";"CHEMBL2166381";"Displacement of [I125]ET1 from recombinant ETB receptor expressed in CHO cells after 2 hrs by TopCount analysis";"B";"BAO_0000219";"cell-based format";"None";"None";"None";"CHO";"None";"";"";"";"CHEMBL1785";"Endothelin receptor ET-B";"Homo sapiens";"SINGLE PROTEIN";"CHEMBL2163289";"1";"Scientific Literature";"J Med Chem";"2012";"CHEMBL3308072";"";"";"";"1501.0"
"CHEMBL432856";"";"None";"518.61";"1";"4.93";"2p";"COc1ccc([C@@H]2c3nc(NC(C)C)ccc3[C@H](c3ccc4c(c3)OCO4)[C@H]2C(=O)O)c(CC(C)(C)O)c1";"IC50";"'='";"14.0";"nM";"7.85";"";"";"UO_0000065";"15.14";"0.28";"2.92";"7.13";"0";"CHEMBL670651";"Inhibitory activity against [125I]ET1 binding to human endothelin B receptor";"B";"BAO_0000357";"single protein format";"None";"None";"None";"None";"None";"";"";"";"CHEMBL1785";"Endothelin receptor ET-B";"Homo sapiens";"SINGLE PROTEIN";"CHEMBL1147633";"1";"Scientific Literature";"Bioorg Med Chem Lett";"2004";"None";"";"";"";"14.0"
"CHEMBL325935";"";"None";"472.63";"0";"4.67";"8l";"C/C=C\CC[C@H]1[C@H](C(=O)O)[C@@H](c2ccc3c(c2)OCO3)CN1CC(=O)N(CCCC)CCCC";"IC50";"'='";"26200.0";"nM";"4.58";"";"";"UO_0000065";"9.69";"0.18";"-0.09";"5.78";"0";"CHEMBL670729";"Binding affinity for endothelin B receptor by measuring its ability to displace [125I]-ET-3 from porcine cerebellar tissue";"B";"BAO_0000357";"single protein format";"Sus scrofa";"None";"None";"None";"None";"";"";"";"CHEMBL1785";"Endothelin receptor ET-B";"Homo sapiens";"SINGLE PROTEIN";"CHEMBL1131628";"1";"Scientific Literature";"J Med Chem";"1998";"None";"";"";"";"26200.0"
"CHEMBL4088349";"";"None";"553.58";"1";"4.21";"53";"CCOc1ccc2c(c1)c(=O)c(Cc1cccc(-c3nnn[nH]3)c1)c(C(=O)O)n2Cc1cc2c(cc1CC)OCO2";"IC50";"'='";"4072.1";"nM";"5.39";"";"";"UO_0000065";"9.74";"0.18";"1.18";"3.81";"0";"CHEMBL4030315";"Antagonist activity at ETB receptor (unknown origin) expressed in HEK293T cells measured after 30 mins by CCF4-AM dye based GeneBlazer FRET assay";"B";"BAO_0000219";"cell-based format";"Homo sapiens";"None";"None";"None";"None";"";"";"";"CHEMBL1785";"Endothelin receptor ET-B";"Homo sapiens";"SINGLE PROTEIN";"CHEMBL4028842";"1";"Scientific Literature";"Bioorg Med Chem Lett";"2017";"None";"";"";"";"4072.1"
"CHEMBL100795";"";"None";"343.38";"0";"4.24";"23";"OCC(c1ccc2c(c1)OCO2)c1c2ccccc2nc2ccccc12";"IC50";"";"";"nM";"";"";"Not Active";"UO_0000065";"";"";"";"";"0";"CHEMBL670637";"Inhibition of binding of [125I]ET1 to cloned human Endothelin B receptor expressed in CHO-K1 cells up to 200 uM; non significant";"B";"BAO_0000219";"cell-based format";"None";"None";"None";"CHO-K1";"None";"";"";"";"CHEMBL1785";"Endothelin receptor ET-B";"Homo sapiens";"SINGLE PROTEIN";"CHEMBL1128950";"1";"Scientific Literature";"Bioorg Med Chem Lett";"1996";"CHEMBL3307512";"";"";"";""
"CHEMBL4078537";"";"None";"567.60";"1";"4.60";"54";"CCCOc1ccc2c(c1)c(=O)c(Cc1cccc(-c3nnn[nH]3)c1)c(C(=O)O)n2Cc1cc2c(cc1CC)OCO2";"IC50";"'='";"803.2";"nM";"6.09";"";"";"UO_0000065";"10.74";"0.20";"1.50";"4.31";"0";"CHEMBL4030315";"Antagonist activity at ETB receptor (unknown origin) expressed in HEK293T cells measured after 30 mins by CCF4-AM dye based GeneBlazer FRET assay";"B";"BAO_0000219";"cell-based format";"Homo sapiens";"None";"None";"None";"None";"";"";"";"CHEMBL1785";"Endothelin receptor ET-B";"Homo sapiens";"SINGLE PROTEIN";"CHEMBL4028842";"1";"Scientific Literature";"Bioorg Med Chem Lett";"2017";"None";"";"";"";"803.2"
"CHEMBL4096346";"";"None";"525.52";"1";"3.52";"42";"CCc1cc2c(cc1Cn1c(C(=O)O)c(Cc3cccc(-c4nnn[nH]4)c3)c(=O)c3cc(O)ccc31)OCO2";"IC50";"'='";"16203.5";"nM";"4.79";"";"";"UO_0000065";"9.12";"0.17";"1.27";"3.14";"0";"CHEMBL4030315";"Antagonist activity at ETB receptor (unknown origin) expressed in HEK293T cells measured after 30 mins by CCF4-AM dye based GeneBlazer FRET assay";"B";"BAO_0000219";"cell-based format";"Homo sapiens";"None";"None";"None";"None";"";"";"";"CHEMBL1785";"Endothelin receptor ET-B";"Homo sapiens";"SINGLE PROTEIN";"CHEMBL4028842";"1";"Scientific Literature";"Bioorg Med Chem Lett";"2017";"None";"";"";"";"16203.5"
"CHEMBL385405";"";"None";"1083.21";"None";"None";"8";"CC(=O)N[C@H](C(=O)N[C@@H](Cc1ccccc1)C(=O)N[C@@H](CC(N)=O)C(=O)N[C@@H](Cc1ccc(O)cc1)C(=O)N[C@@H](Cc1ccc(O)cc1)C(=O)N[C@@H](Cc1c[nH]c2ccccc12)C(=O)O)C1c2ccccc2CCc2ccccc21";"IC50";"'='";"4300.0";"nM";"5.37";"";"";"UO_0000065";"4.95";"None";"None";"None";"0";"CHEMBL677272";"Binding affinity in Chinese hamster ovary (CHO) cells stably transfected with human endothelin B (ETB) receptor";"B";"BAO_0000219";"cell-based format";"Homo sapiens";"None";"None";"CHO";"None";"";"";"";"CHEMBL1785";"Endothelin receptor ET-B";"Homo sapiens";"SINGLE PROTEIN";"CHEMBL1152094";"1";"Scientific Literature";"Bioorg Med Chem Lett";"1995";"CHEMBL3308072";"";"";"";"4.3"
"CHEMBL433349";"";"None";"938.14";"2";"4.56";"14";"CC[C@H](C)[C@H](NC(=O)[C@H](CCC(=O)O)NC(=O)[C@H](CC(C)C)NC(=O)[C@@H](NC(C)=O)C(c1ccccc1)c1ccccc1)C(=O)N[C@H](C(=O)N[C@@H](Cc1c[nH]c2ccccc12)C(=O)O)[C@@H](C)CC";"IC50";"'='";"1800.0";"nM";"5.75";"";"";"UO_0000065";"6.12";"0.12";"1.18";"2.17";"0";"CHEMBL677445";"Binding affinity measured in CHO cells stably transfected with the human endothelin B receptor";"B";"BAO_0000219";"cell-based format";"Homo sapiens";"None";"None";"CHO";"None";"";"";"";"CHEMBL1785";"Endothelin receptor ET-B";"Homo sapiens";"SINGLE PROTEIN";"CHEMBL1128478";"1";"Scientific Literature";"J Med Chem";"1995";"CHEMBL3308072";"";"";"";"1.8"
"CHEMBL91873";"";"None";"592.57";"1";"4.90";"rac-39ae";"Cc1cc(C)nc(O[C@H](C(=O)O)[C@@]2(c3ccccc3)NCC(=O)N(Cc3ccc(OC(F)(F)F)cc3)c3ccccc32)n1";"IC50";"'='";"32.2";"nM";"7.49";"";"";"UO_0000065";"";"";"";"";"0";"CHEMBL670641";"Antagonist activity towards human recombinant Endothelin B receptor expressed in chinese hamster ovary (CHO) cells determined using [125I]ET1 as radioligand";"F";"BAO_0000219";"cell-based format";"None";"None";"None";"CHO";"None";"";"";"";"CHEMBL1785";"Endothelin receptor ET-B";"Homo sapiens";"SINGLE PROTEIN";"CHEMBL1149183";"1";"Scientific Literature";"J Med Chem";"2004";"CHEMBL3308072";"";"";"";"32.2"
"CHEMBL71787";"";"None";"572.66";"1";"3.84";"14";"COc1ccc(C2(O)OC(=O)C(c3ccc4c(c3)OCO4)=C2Cc2cccc(OCCCN3CCN(C)CC3)c2)cc1";"IC50";"'>'";"2500.0";"nM";"";"";"";"UO_0000065";"";"";"";"";"0";"CHEMBL670638";"Inhibition of [125I]ET1 binding to recombinant human Endothelin B receptor.";"B";"BAO_0000357";"single protein format";"None";"None";"None";"None";"None";"";"";"";"CHEMBL1785";"Endothelin receptor ET-B";"Homo sapiens";"SINGLE PROTEIN";"CHEMBL1132648";"1";"Scientific Literature";"J Med Chem";"1999";"None";"";"";"";"2500.0"
"CHEMBL112770";"";"None";"502.70";"2";"5.53";"8e";"CCCCN(CCCC)C(=O)CN1C[C@H](c2ccc3c(c2)OCO3)[C@@H](C(=O)O)[C@@H]1CCC(CC)CC";"IC50";"'='";"72000.0";"nM";"4.14";"";"";"UO_0000065";"8.24";"0.16";"-1.39";"5.22";"0";"CHEMBL670729";"Binding affinity for endothelin B receptor by measuring its ability to displace [125I]-ET-3 from porcine cerebellar tissue";"B";"BAO_0000357";"single protein format";"Sus scrofa";"None";"None";"None";"None";"";"";"";"CHEMBL1785";"Endothelin receptor ET-B";"Homo sapiens";"SINGLE PROTEIN";"CHEMBL1131628";"1";"Scientific Literature";"J Med Chem";"1998";"None";"";"";"";"72000.0"
"CHEMBL322537";"";"None";"498.62";"0";"3.60";"9p";"CCCCN(CCCC)C(=O)CN1C[C@H](c2ccc3c(c2)OCO3)[C@@H](C(=O)O)[C@@H]1CCn1cccn1";"IC50";"'='";"42000.0";"nM";"4.38";"";"";"UO_0000065";"8.78";"0.17";"0.78";"4.51";"0";"CHEMBL676632";"Tested for binding affinity for human Endothelin B receptor by measuring its ability to displace [125I]ET-3 from chinese hamster ovary cells(CHO)";"B";"BAO_0000219";"cell-based format";"None";"None";"None";"ovary";"None";"";"";"";"CHEMBL1785";"Endothelin receptor ET-B";"Homo sapiens";"SINGLE PROTEIN";"CHEMBL1131628";"1";"Scientific Literature";"J Med Chem";"1998";"None";"";"";"";"42000.0"
"CHEMBL287169";"";"None";"553.59";"2";"5.31";"22";"COc1cc2c(Sc3cc(OC)c(OC)c(OC)c3)c(C(=O)O)n(Cc3ccc4c(c3)OCO4)c2cc1OC";"IC50";"'='";"380.0";"nM";"6.42";"";"";"UO_0000065";"11.60";"0.22";"1.11";"6.01";"0";"CHEMBL670634";"Affinity for human endothelin B receptor expressed in CHO-K1 cells.";"B";"BAO_0000219";"cell-based format";"None";"None";"None";"CHO-K1";"None";"";"";"";"CHEMBL1785";"Endothelin receptor ET-B";"Homo sapiens";"SINGLE PROTEIN";"CHEMBL1129097";"1";"Scientific Literature";"Bioorg Med Chem Lett";"1996";"CHEMBL3307512";"";"";"";"0.38"
"CHEMBL176538";"";"None";"515.41";"1";"4.87";"15e";"CCCc1cc2c(cc1OCc1ccsc1S(=O)(=O)Nc1onc(C)c1Br)OCO2";"IC50";"'='";"1305.0";"nM";"5.88";"";"";"UO_0000065";"11.42";"0.27";"1.01";"5.89";"0";"CHEMBL676634";"Inhibition of I-ET-1 binding to human Endothelin B receptor";"B";"BAO_0000357";"single protein format";"Homo sapiens";"None";"None";"None";"None";"";"";"";"CHEMBL1785";"Endothelin receptor ET-B";"Homo sapiens";"SINGLE PROTEIN";"CHEMBL1130366";"1";"Scientific Literature";"Bioorg Med Chem Lett";"1997";"None";"";"";"";"1.305"
"CHEMBL324685";"";"None";"498.62";"0";"4.54";"9j";"CCCCN(CCCC)C(=O)CN1C[C@H](c2ccc3c(c2)OCO3)[C@@H](C(=O)O)[C@@H]1CCc1ccoc1";"IC50";"'='";"26000.0";"nM";"4.58";"";"";"UO_0000065";"9.20";"0.17";"0.05";"4.96";"0";"CHEMBL670729";"Binding affinity for endothelin B receptor by measuring its ability to displace [125I]-ET-3 from porcine cerebellar tissue";"B";"BAO_0000357";"single protein format";"Sus scrofa";"None";"None";"None";"None";"";"";"";"CHEMBL1785";"Endothelin receptor ET-B";"Homo sapiens";"SINGLE PROTEIN";"CHEMBL1131628";"1";"Scientific Literature";"J Med Chem";"1998";"None";"";"";"";"26000.0"
"CHEMBL413093";"";"None";"469.38";"0";"4.65";"15k";"Cc1ccc(CC(=O)c2sccc2S(=O)(=O)Nc2onc(C)c2Br)c(C)c1";"IC50";"'='";"3500.0";"nM";"5.46";"";"";"UO_0000065";"11.62";"0.28";"0.81";"6.11";"0";"CHEMBL670644";"In vitro inhibition of endothelin binding to human Endothelin B receptor using [125I]-labeled ET-1 competition assay";"B";"BAO_0000357";"single protein format";"None";"None";"None";"None";"None";"";"";"";"CHEMBL1785";"Endothelin receptor ET-B";"Homo sapiens";"SINGLE PROTEIN";"CHEMBL1130344";"1";"Scientific Literature";"J Med Chem";"1997";"None";"";"";"";"3500.0"
"CHEMBL2165332";"";"None";"571.46";"1";"3.91";"55";"Cc1ccc(-c2c(NS(=O)(=O)NCc3ccccc3)ncnc2OCCOc2ncc(Br)cn2)cc1";"IC50";"'='";"441.0";"nM";"6.36";"";"";"UO_0000065";"11.12";"0.24";"2.45";"4.96";"0";"CHEMBL2166381";"Displacement of [I125]ET1 from recombinant ETB receptor expressed in CHO cells after 2 hrs by TopCount analysis";"B";"BAO_0000219";"cell-based format";"None";"None";"None";"CHO";"None";"";"";"";"CHEMBL1785";"Endothelin receptor ET-B";"Homo sapiens";"SINGLE PROTEIN";"CHEMBL2163289";"1";"Scientific Literature";"J Med Chem";"2012";"CHEMBL3308072";"";"";"";"441.0"
"CHEMBL2163720";"";"None";"647.51";"2";"3.79";"42";"CCCCNS(=O)(=O)Nc1nc(-c2ncccn2)nc(OCCOc2ncc(Br)cn2)c1Oc1ccccc1OC";"IC50";"'='";"167.0";"nM";"6.78";"";"";"UO_0000065";"10.47";"0.23";"2.99";"3.93";"0";"CHEMBL2166381";"Displacement of [I125]ET1 from recombinant ETB receptor expressed in CHO cells after 2 hrs by TopCount analysis";"B";"BAO_0000219";"cell-based format";"None";"None";"None";"CHO";"None";"";"";"";"CHEMBL1785";"Endothelin receptor ET-B";"Homo sapiens";"SINGLE PROTEIN";"CHEMBL2163289";"1";"Scientific Literature";"J Med Chem";"2012";"CHEMBL3308072";"";"";"";"167.0"
"CHEMBL2163707";"";"None";"661.70";"2";"3.98";"29";"COc1cc(OC)nc(OCCOc2nc(-c3ncccn3)nc(NS(=O)(=O)CCc3ccccc3)c2Oc2ccccc2OC)n1";"IC50";"'>'";"10000.0";"nM";"";"";"";"UO_0000065";"";"";"";"";"0";"CHEMBL2166381";"Displacement of [I125]ET1 from recombinant ETB receptor expressed in CHO cells after 2 hrs by TopCount analysis";"B";"BAO_0000219";"cell-based format";"None";"None";"None";"CHO";"None";"";"";"";"CHEMBL1785";"Endothelin receptor ET-B";"Homo sapiens";"SINGLE PROTEIN";"CHEMBL2163289";"1";"Scientific Literature";"J Med Chem";"2012";"CHEMBL3308072";"";"";"";"10000.0"
"CHEMBL329251";"";"None";"544.56";"1";"4.28";"rac-39ao";"Cc1cc(C)nc(O[C@H](C(=O)O)[C@@]2(c3ccccc3)NCC(=O)N(Cc3c(F)cccc3F)c3ccccc32)n1";"IC50";"'='";"17.7";"nM";"7.75";"";"";"UO_0000065";"";"";"";"";"0";"CHEMBL670641";"Antagonist activity towards human recombinant Endothelin B receptor expressed in chinese hamster ovary (CHO) cells determined using [125I]ET1 as radioligand";"F";"BAO_0000219";"cell-based format";"None";"None";"None";"CHO";"None";"";"";"";"CHEMBL1785";"Endothelin receptor ET-B";"Homo sapiens";"SINGLE PROTEIN";"CHEMBL1149183";"1";"Scientific Literature";"J Med Chem";"2004";"CHEMBL3308072";"";"";"";"17.7"
"CHEMBL10648";"";"None";"436.89";"0";"4.76";"17";"COc1ccc(CC2=C(c3ccc(Cl)cc3)C(=O)OC2(O)c2ccc(OC)cc2)cc1";"IC50";"'>'";"2500.0";"nM";"";"";"";"UO_0000065";"";"";"";"";"1";"CHEMBL677440";"Binding affinity against human cloned Endothelin B receptor expressed in CHO-K1 cells";"B";"BAO_0000219";"cell-based format";"None";"None";"None";"CHO-K1";"None";"";"";"";"CHEMBL1785";"Endothelin receptor ET-B";"Homo sapiens";"SINGLE PROTEIN";"CHEMBL1129982";"1";"Scientific Literature";"J Med Chem";"1997";"CHEMBL3307512";"";"";"";"2500.0"
"CHEMBL11345";"";"None";"492.53";"1";"5.49";"59";"COc1ccc(C2(O)OC(=O)C(c3ccc4c(c3)OCO4)=C2Cc2ccc(-c3ccccc3)cc2)cc1";"IC50";"'='";"1900.0";"nM";"5.72";"";"";"UO_0000065";"11.62";"0.21";"0.23";"7.71";"0";"CHEMBL677440";"Binding affinity against human cloned Endothelin B receptor expressed in CHO-K1 cells";"B";"BAO_0000219";"cell-based format";"None";"None";"None";"CHO-K1";"None";"";"";"";"CHEMBL1785";"Endothelin receptor ET-B";"Homo sapiens";"SINGLE PROTEIN";"CHEMBL1129982";"1";"Scientific Literature";"J Med Chem";"1997";"CHEMBL3307512";"";"";"";"1900.0"
"CHEMBL10854";"";"None";"550.56";"1";"4.17";"73";"COc1ccc(C2(O)OC(=O)C(c3cc(OC)c4c(c3)OCO4)=C2Cc2cc(OC)c(OC)c(OC)c2)cc1C";"IC50";"'='";"180.0";"nM";"6.75";"";"";"UO_0000065";"12.25";"0.23";"2.57";"6.07";"0";"CHEMBL677440";"Binding affinity against human cloned Endothelin B receptor expressed in CHO-K1 cells";"B";"BAO_0000219";"cell-based format";"None";"None";"None";"CHO-K1";"None";"";"";"";"CHEMBL1785";"Endothelin receptor ET-B";"Homo sapiens";"SINGLE PROTEIN";"CHEMBL1129982";"1";"Scientific Literature";"J Med Chem";"1997";"CHEMBL3307512";"";"";"";"180.0"
"CHEMBL10996";"";"None";"471.34";"1";"5.41";"19";"COc1ccc(CC2=C(c3ccc(Cl)c(Cl)c3)C(=O)OC2(O)c2ccc(OC)cc2)cc1";"IC50";"'>'";"2500.0";"nM";"";"";"";"UO_0000065";"";"";"";"";"0";"CHEMBL676631";"Tested for antagonistic activity against Endothelin B receptor in the humans (CHO expressed).";"F";"BAO_0000019";"assay format";"None";"None";"None";"None";"None";"";"";"";"CHEMBL1785";"Endothelin receptor ET-B";"Homo sapiens";"SINGLE PROTEIN";"CHEMBL1128292";"1";"Scientific Literature";"J Med Chem";"1995";"None";"";"";"";"2500.0"
"CHEMBL45456";"";"None";"391.47";"0";"3.71";"5t";"Cc1ccc(NC(=O)c2sccc2S(=O)(=O)Nc2onc(C)c2C)cc1";"IC50";"'='";"67600.0";"nM";"4.17";"";"";"UO_0000065";"10.65";"0.22";"0.46";"4.12";"0";"CHEMBL670643";"In vitro inhibition of endothelin binding to human Endothelin B receptor using [125I]-labeled ET-1 competition assay";"B";"BAO_0000357";"single protein format";"None";"None";"None";"None";"None";"";"";"";"CHEMBL1785";"Endothelin receptor ET-B";"Homo sapiens";"SINGLE PROTEIN";"CHEMBL1130042";"1";"Scientific Literature";"J Med Chem";"1997";"None";"";"";"";"67600.0"
"CHEMBL11064";"";"None";"444.48";"0";"4.60";"25";"CC(C)Oc1ccc(C2(O)OC(=O)C(c3ccc4c(c3)OCO4)=C2Cc2ccccc2)cc1";"IC50";"'='";"11000.0";"nM";"4.96";"";"";"UO_0000065";"11.16";"0.21";"0.36";"6.68";"0";"CHEMBL677440";"Binding affinity against human cloned Endothelin B receptor expressed in CHO-K1 cells";"B";"BAO_0000219";"cell-based format";"None";"None";"None";"CHO-K1";"None";"";"";"";"CHEMBL1785";"Endothelin receptor ET-B";"Homo sapiens";"SINGLE PROTEIN";"CHEMBL1129982";"1";"Scientific Literature";"J Med Chem";"1997";"CHEMBL3307512";"";"";"";"11000.0"
"CHEMBL316792";"";"None";"447.49";"1";"5.99";"17";"O=C(OCc1ccccc1)C(c1ccc2c(c1)OCO2)c1c2ccccc2nc2ccccc12";"IC50";"";"";"nM";"";"";"Not Active";"UO_0000065";"";"";"";"";"0";"CHEMBL670637";"Inhibition of binding of [125I]ET1 to cloned human Endothelin B receptor expressed in CHO-K1 cells up to 200 uM; non significant";"B";"BAO_0000219";"cell-based format";"None";"None";"None";"CHO-K1";"None";"";"";"";"CHEMBL1785";"Endothelin receptor ET-B";"Homo sapiens";"SINGLE PROTEIN";"CHEMBL1128950";"1";"Scientific Literature";"Bioorg Med Chem Lett";"1996";"CHEMBL3307512";"";"";"";""
"CHEMBL174699";"";"None";"551.69";"1";"4.96";"16b";"Cc1oc([C@@H](Cc2cn(C)c3ccccc23)NC(=O)[C@H](CC(C)C)NC(=O)N(C)C2CCCCC2)nc1C(=O)O";"IC50";"'>'";"100000.0";"nM";"";"";"";"UO_0000065";"";"";"";"";"0";"CHEMBL670653";"Inhibitory activity was evaluated against human Endothelin B receptor";"B";"BAO_0000357";"single protein format";"None";"None";"None";"None";"None";"";"";"";"CHEMBL1785";"Endothelin receptor ET-B";"Homo sapiens";"SINGLE PROTEIN";"CHEMBL1129499";"1";"Scientific Literature";"J Med Chem";"1996";"None";"";"";"";"100.0"
"CHEMBL2261360";"";"None";"522.58";"1";"3.35";"8";"COc1cc(C)ccc1S(=O)(=O)NC(=O)C(c1ccc2c(c1)OCO2)c1cn(C)c2cc(CO)ccc12";"IC50";"'='";"245.0";"nM";"6.61";"";"";"UO_0000065";"12.65";"0.24";"3.26";"5.69";"0";"CHEMBL3056375";"Displacement of [I125]ET1 from Homo sapiens (human) ETB receptor expressed in CHO cells";"B";"BAO_0000219";"cell-based format";"Homo sapiens";"None";"None";"CHO";"None";"";"";"";"CHEMBL1785";"Endothelin receptor ET-B";"Homo sapiens";"SINGLE PROTEIN";"CHEMBL3045872";"1";"Scientific Literature";"Med Chem Res";"2004";"CHEMBL3308072";"";"";"";"245.0"
"CHEMBL293877";"";"None";"457.33";"0";"4.14";"7m";"Cc1ccc(OC(=O)c2sccc2S(=O)(=O)Nc2onc(C)c2Br)cc1";"IC50";"'='";"9210.0";"nM";"5.04";"";"";"UO_0000065";"11.01";"0.26";"0.90";"5.11";"0";"CHEMBL670640";"In vitro binding affinity in a radioligand binding experiment by competition with [125I]-labeled endothelin-1 for ETB receptor";"B";"BAO_0000357";"single protein format";"None";"None";"None";"None";"None";"";"";"";"CHEMBL1785";"Endothelin receptor ET-B";"Homo sapiens";"SINGLE PROTEIN";"CHEMBL1130505";"1";"Scientific Literature";"Bioorg Med Chem Lett";"1997";"None";"";"";"";"9.21"
"CHEMBL78830";"";"None";"359.25";"0";"3.42";"26a";"CCc1ccc(Br)cc1S(=O)(=O)Nc1onc(C)c1C";"IC50";"'='";"23000.0";"nM";"4.64";"";"";"UO_0000065";"12.91";"0.32";"1.22";"6.42";"0";"CHEMBL677439";"Binding affinity against human Endothelin B receptor in transfected COS 7 cell membrane preparation";"B";"BAO_0000219";"cell-based format";"None";"None";"None";"COS 7";"None";"";"";"";"CHEMBL1785";"Endothelin receptor ET-B";"Homo sapiens";"SINGLE PROTEIN";"CHEMBL1129771";"1";"Scientific Literature";"Bioorg Med Chem Lett";"1996";"None";"";"";"";"23.0"
"CHEMBL296427";"";"None";"525.01";"1";"3.19";"13";"Cc1noc(NS(=O)(=O)c2ccsc2C(=O)N2CCN(Cc3ccc4c(c3)OCO4)CC2)c1Cl";"IC50";"'>'";"100000.0";"nM";"";"";"";"UO_0000065";"";"";"";"";"0";"CHEMBL670644";"In vitro inhibition of endothelin binding to human Endothelin B receptor using [125I]-labeled ET-1 competition assay";"B";"BAO_0000357";"single protein format";"None";"None";"None";"None";"None";"";"";"";"CHEMBL1785";"Endothelin receptor ET-B";"Homo sapiens";"SINGLE PROTEIN";"CHEMBL1130344";"1";"Scientific Literature";"J Med Chem";"1997";"None";"";"";"";"100000.0"
"CHEMBL63611";"";"None";"378.43";"0";"3.37";"7i";"Cc1noc(NS(=O)(=O)c2ccsc2C(=O)Oc2ccccc2)c1C";"IC50";"'>'";"100000.0";"nM";"";"";"";"UO_0000065";"";"";"";"";"0";"CHEMBL670640";"In vitro binding affinity in a radioligand binding experiment by competition with [125I]-labeled endothelin-1 for ETB receptor";"B";"BAO_0000357";"single protein format";"None";"None";"None";"None";"None";"";"";"";"CHEMBL1785";"Endothelin receptor ET-B";"Homo sapiens";"SINGLE PROTEIN";"CHEMBL1130505";"1";"Scientific Literature";"Bioorg Med Chem Lett";"1997";"None";"";"";"";"100.0"
"CHEMBL158239";"";"None";"455.47";"1";"5.18";"7e";"COc1ccc(-c2c(C(=O)O)c(=O)n(Cc3cccc(OC)c3)c3c2oc2ccccc23)cc1";"IC50";"'='";"1600.0";"nM";"5.80";"";"";"UO_0000065";"12.73";"0.23";"0.62";"6.38";"0";"CHEMBL673047";"Ability to displace [125I]endothelin-1 from endothelin B receptor in porcine kidney membranes";"B";"BAO_0000249";"cell membrane format";"Sus scrofa";"CHEMBL3638241";"Kidney";"None";"Membrane";"";"";"";"CHEMBL1785";"Endothelin receptor ET-B";"Homo sapiens";"SINGLE PROTEIN";"CHEMBL1132506";"1";"Scientific Literature";"Bioorg Med Chem Lett";"1999";"None";"";"";"";"1.6"
"CHEMBL156453";"";"None";"439.47";"1";"5.48";"7h";"COc1ccc(-c2c(C(=O)O)c(=O)n(Cc3ccccc3C)c3c2oc2ccccc23)cc1";"IC50";"'='";"300.0";"nM";"6.52";"";"";"UO_0000065";"14.84";"0.27";"1.04";"7.99";"0";"CHEMBL673047";"Ability to displace [125I]endothelin-1 from endothelin B receptor in porcine kidney membranes";"B";"BAO_0000249";"cell membrane format";"Sus scrofa";"CHEMBL3638241";"Kidney";"None";"Membrane";"";"";"";"CHEMBL1785";"Endothelin receptor ET-B";"Homo sapiens";"SINGLE PROTEIN";"CHEMBL1132506";"1";"Scientific Literature";"Bioorg Med Chem Lett";"1999";"None";"";"";"";"0.3"
"CHEMBL101424";"";"None";"443.50";"0";"4.92";"2g";"C=CCCc1ccc2c(n1)[C@@H](c1ccc(OC)cc1)[C@H](C(=O)O)[C@H]2c1ccc2c(c1)OCO2";"IC50";"'='";"14.0";"nM";"7.85";"";"";"UO_0000065";"17.71";"0.33";"2.93";"10.08";"0";"CHEMBL670652";"Inhibitory activity against I-labeled ET-1 binding to Endothelin B receptor";"B";"BAO_0000357";"single protein format";"None";"None";"None";"None";"None";"";"";"";"CHEMBL1785";"Endothelin receptor ET-B";"Homo sapiens";"SINGLE PROTEIN";"CHEMBL1134926";"1";"Scientific Literature";"Bioorg Med Chem Lett";"2002";"None";"";"";"";"14.0"
"CHEMBL265116";"";"None";"958.13";"2";"4.37";"21";"CC[C@H](C)[C@H](NC(=O)[C@H](Cc1ccccc1)NC(=O)[C@H](CC(=O)O)NC(=O)[C@H](CC(C)C)NC(=O)[C@@H](NC(C)=O)C(c1ccccc1)c1ccccc1)C(=O)N[C@@H](Cc1c[nH]c2ccccc12)C(=O)O";"IC50";"'='";"900.0";"nM";"6.05";"";"";"UO_0000065";"6.31";"0.12";"1.68";"2.28";"0";"CHEMBL677445";"Binding affinity measured in CHO cells stably transfected with the human endothelin B receptor";"B";"BAO_0000219";"cell-based format";"Homo sapiens";"None";"None";"CHO";"None";"";"";"";"CHEMBL1785";"Endothelin receptor ET-B";"Homo sapiens";"SINGLE PROTEIN";"CHEMBL1128478";"1";"Scientific Literature";"J Med Chem";"1995";"CHEMBL3308072";"";"";"";"0.9"
"CHEMBL316629";"";"None";"568.63";"1";"4.02";"rac-77";"COc1ccc(CN2C(=O)CN[C@](c3cccc(OC)c3)([C@H](Oc3nc(C)cc(C)n3)C(=O)O)c3ccccc32)cc1";"IC50";"'='";"94.3";"nM";"7.03";"";"";"UO_0000065";"";"";"";"";"0";"CHEMBL670641";"Antagonist activity towards human recombinant Endothelin B receptor expressed in chinese hamster ovary (CHO) cells determined using [125I]ET1 as radioligand";"F";"BAO_0000219";"cell-based format";"None";"None";"None";"CHO";"None";"";"";"";"CHEMBL1785";"Endothelin receptor ET-B";"Homo sapiens";"SINGLE PROTEIN";"CHEMBL1149183";"1";"Scientific Literature";"J Med Chem";"2004";"CHEMBL3308072";"";"";"";"94.3"
"CHEMBL330045";"";"None";"499.53";"0";"3.16";"rac-32";"Cc1cc(C)nc(O[C@H](C(=O)O)[C@@]2(c3ccccc3)NCc3c(C(=O)O)nc(C)n3-c3ccccc32)n1";"IC50";"'='";"711.0";"nM";"6.15";"";"";"UO_0000065";"";"";"";"";"0";"CHEMBL670641";"Antagonist activity towards human recombinant Endothelin B receptor expressed in chinese hamster ovary (CHO) cells determined using [125I]ET1 as radioligand";"F";"BAO_0000219";"cell-based format";"None";"None";"None";"CHO";"None";"";"";"";"CHEMBL1785";"Endothelin receptor ET-B";"Homo sapiens";"SINGLE PROTEIN";"CHEMBL1149183";"1";"Scientific Literature";"J Med Chem";"2004";"CHEMBL3308072";"";"";"";"711.0"
"CHEMBL329477";"";"None";"562.55";"1";"4.42";"rac-39au";"Cc1cc(C)nc(O[C@H](C(=O)O)[C@@]2(c3ccccc3)NCC(=O)N(Cc3c(F)cc(F)cc3F)c3ccccc32)n1";"IC50";"'='";"83.6";"nM";"7.08";"";"";"UO_0000065";"";"";"";"";"0";"CHEMBL670641";"Antagonist activity towards human recombinant Endothelin B receptor expressed in chinese hamster ovary (CHO) cells determined using [125I]ET1 as radioligand";"F";"BAO_0000219";"cell-based format";"None";"None";"None";"CHO";"None";"";"";"";"CHEMBL1785";"Endothelin receptor ET-B";"Homo sapiens";"SINGLE PROTEIN";"CHEMBL1149183";"1";"Scientific Literature";"J Med Chem";"2004";"CHEMBL3308072";"";"";"";"83.6"
"CHEMBL175435";"";"None";"545.62";"1";"4.84";"26";"C#CCOc1nc(-c2ncccn2)nc(NS(=O)(=O)c2ccc(C(C)(C)C)cc2)c1Oc1ccccc1OC";"IC50";"'='";"1190.0";"nM";"5.92";"";"";"UO_0000065";"10.86";"0.21";"1.08";"4.72";"0";"CHEMBL670645";"In vitro inhibitory concentration required against [125I]ET1 binding to membranes of CHO cells expressing human ETB receptor";"B";"BAO_0000219";"cell-based format";"None";"None";"None";"CHO";"None";"";"";"";"CHEMBL1785";"Endothelin receptor ET-B";"Homo sapiens";"SINGLE PROTEIN";"CHEMBL1136632";"1";"Scientific Literature";"Bioorg Med Chem Lett";"2003";"CHEMBL3308072";"";"";"";"1190.0"
"CHEMBL267096";"";"None";"432.47";"0";"4.11";"68";"COc1ccc(C2(O)OC(=O)C(c3cc(OC)ccc3OC)=C2Cc2ccccc2)cc1";"IC50";"'>'";"2500.0";"nM";"";"";"";"UO_0000065";"";"";"";"";"0";"CHEMBL677440";"Binding affinity against human cloned Endothelin B receptor expressed in CHO-K1 cells";"B";"BAO_0000219";"cell-based format";"None";"None";"None";"CHO-K1";"None";"";"";"";"CHEMBL1785";"Endothelin receptor ET-B";"Homo sapiens";"SINGLE PROTEIN";"CHEMBL1129982";"1";"Scientific Literature";"J Med Chem";"1997";"CHEMBL3307512";"";"";"";"2500.0"
"CHEMBL332808";"";"None";"692.69";"2";"5.21";"9c";"COc1ccc([C@H]2[C@H](C(=O)O)[C@@H](c3ccc4c(c3)OCO4)CN2CC(=O)NCC(c2ccccc2)c2ccccc2)cc1.O=C(O)C(F)(F)F";"IC50";"'='";"108.0";"nM";"6.97";"";"";"UO_0000065";"12.04";"0.22";"1.76";"7.16";"0";"CHEMBL670477";"Binding ability determined by the displacement of [125 I]ET-3 from the human Endothelin B receptor";"B";"BAO_0000357";"single protein format";"None";"None";"None";"None";"None";"";"";"";"CHEMBL1785";"Endothelin receptor ET-B";"Homo sapiens";"SINGLE PROTEIN";"CHEMBL1132108";"1";"Scientific Literature";"J Med Chem";"1999";"None";"";"";"";"108.0"
"CHEMBL267094";"";"None";"420.85";"0";"4.47";"1";"O=C1OC(O)(c2ccc(Cl)cc2)C(Cc2ccccc2)=C1c1ccc2c(c1)OCO2";"IC50";"'='";"2700.0";"nM";"5.57";"";"";"UO_0000065";"";"";"";"";"0";"CHEMBL676631";"Tested for antagonistic activity against Endothelin B receptor in the humans (CHO expressed).";"F";"BAO_0000019";"assay format";"None";"None";"None";"None";"None";"";"";"";"CHEMBL1785";"Endothelin receptor ET-B";"Homo sapiens";"SINGLE PROTEIN";"CHEMBL1128292";"1";"Scientific Literature";"J Med Chem";"1995";"None";"";"";"";"2700.0"
"CHEMBL4570529";"";"None";"555.41";"1";"2.94";"59";"CCCNS(=O)(=O)Nc1ncnc(OCCOc2ncc(Br)cn2)c1Oc1ccccc1OC";"IC50";"'='";"1430.0";"nM";"5.84";"";"";"UO_0000065";"10.52";"0.23";"2.90";"3.98";"0";"CHEMBL4426324";"Displacement of [125I]-ET-1 from human ETB receptor expressed in CHO cell membranes after 2 hrs by scintillation counting";"B";"BAO_0000219";"cell-based format";"Homo sapiens";"None";"None";"CHO";"None";"";"";"";"CHEMBL1785";"Endothelin receptor ET-B";"Homo sapiens";"SINGLE PROTEIN";"CHEMBL4425117";"1";"Scientific Literature";"Bioorg Med Chem Lett";"2016";"CHEMBL3308072";"";"";"";"1430.0"
"CHEMBL92612";"";"None";"404.43";"0";"1.82";"rac-9a";"CN1C(=O)CN[C@](c2ccccc2)([C@H](Oc2ncccn2)C(=O)O)c2ccccc21";"IC50";"'>'";"10000.0";"nM";"";"";"";"UO_0000065";"";"";"";"";"0";"CHEMBL670641";"Antagonist activity towards human recombinant Endothelin B receptor expressed in chinese hamster ovary (CHO) cells determined using [125I]ET1 as radioligand";"F";"BAO_0000219";"cell-based format";"None";"None";"None";"CHO";"None";"";"";"";"CHEMBL1785";"Endothelin receptor ET-B";"Homo sapiens";"SINGLE PROTEIN";"CHEMBL1149183";"1";"Scientific Literature";"J Med Chem";"2004";"CHEMBL3308072";"";"";"";"10000.0"
"CHEMBL2165340";"";"None";"586.27";"1";"3.33";"63";"O=S(=O)(Nc1ncnc(OCCOc2ncc(Br)cn2)c1-c1ccc(Br)cc1)NC1CC1";"IC50";"'='";"1474.0";"nM";"5.83";"";"";"UO_0000065";"9.95";"0.25";"2.50";"4.55";"0";"CHEMBL2166381";"Displacement of [I125]ET1 from recombinant ETB receptor expressed in CHO cells after 2 hrs by TopCount analysis";"B";"BAO_0000219";"cell-based format";"None";"None";"None";"CHO";"None";"";"";"";"CHEMBL1785";"Endothelin receptor ET-B";"Homo sapiens";"SINGLE PROTEIN";"CHEMBL2163289";"1";"Scientific Literature";"J Med Chem";"2012";"CHEMBL3308072";"";"";"";"1474.0"
"CHEMBL2165339";"";"None";"602.31";"1";"3.96";"62";"CCCCNS(=O)(=O)Nc1ncnc(OCCOc2ncc(Br)cn2)c1-c1ccc(Br)cc1";"IC50";"'='";"158.0";"nM";"6.80";"";"";"UO_0000065";"11.29";"0.28";"2.84";"5.30";"0";"CHEMBL2166381";"Displacement of [I125]ET1 from recombinant ETB receptor expressed in CHO cells after 2 hrs by TopCount analysis";"B";"BAO_0000219";"cell-based format";"None";"None";"None";"CHO";"None";"";"";"";"CHEMBL1785";"Endothelin receptor ET-B";"Homo sapiens";"SINGLE PROTEIN";"CHEMBL2163289";"1";"Scientific Literature";"J Med Chem";"2012";"CHEMBL3308072";"";"";"";"158.0"
"CHEMBL2165337";"";"None";"560.23";"1";"2.79";"60";"CNS(=O)(=O)Nc1ncnc(OCCOc2ncc(Br)cn2)c1-c1ccc(Br)cc1";"IC50";"'='";"812.0";"nM";"6.09";"";"";"UO_0000065";"10.87";"0.28";"3.30";"4.75";"0";"CHEMBL2166381";"Displacement of [I125]ET1 from recombinant ETB receptor expressed in CHO cells after 2 hrs by TopCount analysis";"B";"BAO_0000219";"cell-based format";"None";"None";"None";"CHO";"None";"";"";"";"CHEMBL1785";"Endothelin receptor ET-B";"Homo sapiens";"SINGLE PROTEIN";"CHEMBL2163289";"1";"Scientific Literature";"J Med Chem";"2012";"CHEMBL3308072";"";"";"";"812.0"
"CHEMBL2165328";"";"None";"603.46";"1";"3.73";"51";"COc1ccccc1Oc1c(NS(=O)(=O)NCc2ccccc2)ncnc1OCCOc1ncc(Br)cn1";"IC50";"'='";"525.0";"nM";"6.28";"";"";"UO_0000065";"10.41";"0.23";"2.55";"4.28";"0";"CHEMBL2166381";"Displacement of [I125]ET1 from recombinant ETB receptor expressed in CHO cells after 2 hrs by TopCount analysis";"B";"BAO_0000219";"cell-based format";"None";"None";"None";"CHO";"None";"";"";"";"CHEMBL1785";"Endothelin receptor ET-B";"Homo sapiens";"SINGLE PROTEIN";"CHEMBL2163289";"1";"Scientific Literature";"J Med Chem";"2012";"CHEMBL3308072";"";"";"";"525.0"
"CHEMBL2163708";"";"None";"708.60";"3";"5.84";"30";"COc1ccccc1Oc1c(NS(=O)(=O)c2ccc(C(C)(C)C)cc2)nc(-c2ncccn2)nc1OCCOc1ncc(Br)cn1";"IC50";"'='";"19.3";"nM";"7.71";"";"";"UO_0000065";"10.89";"0.23";"1.87";"4.81";"0";"CHEMBL2166381";"Displacement of [I125]ET1 from recombinant ETB receptor expressed in CHO cells after 2 hrs by TopCount analysis";"B";"BAO_0000219";"cell-based format";"None";"None";"None";"CHO";"None";"";"";"";"CHEMBL1785";"Endothelin receptor ET-B";"Homo sapiens";"SINGLE PROTEIN";"CHEMBL2163289";"1";"Scientific Literature";"J Med Chem";"2012";"CHEMBL3308072";"";"";"";"19.3"
"CHEMBL2163703";"";"None";"631.67";"2";"3.98";"25";"COc1cnc(OCCOc2nc(-c3ncccn3)nc(NS(=O)(=O)CCc3ccccc3)c2Oc2ccccc2OC)nc1";"IC50";"'='";"202.0";"nM";"6.70";"";"";"UO_0000065";"10.60";"0.20";"2.71";"3.95";"0";"CHEMBL2166381";"Displacement of [I125]ET1 from recombinant ETB receptor expressed in CHO cells after 2 hrs by TopCount analysis";"B";"BAO_0000219";"cell-based format";"None";"None";"None";"CHO";"None";"";"";"";"CHEMBL1785";"Endothelin receptor ET-B";"Homo sapiens";"SINGLE PROTEIN";"CHEMBL2163289";"1";"Scientific Literature";"J Med Chem";"2012";"CHEMBL3308072";"";"";"";"202.0"
"CHEMBL78952";"";"None";"266.32";"0";"2.40";"11a";"Cc1ccc(S(=O)(=O)Nc2onc(C)c2C)cc1";"IC50";"'='";"15000.0";"nM";"4.82";"";"";"UO_0000065";"18.11";"0.37";"2.42";"6.68";"0";"CHEMBL677439";"Binding affinity against human Endothelin B receptor in transfected COS 7 cell membrane preparation";"B";"BAO_0000219";"cell-based format";"None";"None";"None";"COS 7";"None";"";"";"";"CHEMBL1785";"Endothelin receptor ET-B";"Homo sapiens";"SINGLE PROTEIN";"CHEMBL1129771";"1";"Scientific Literature";"Bioorg Med Chem Lett";"1996";"None";"";"";"";"15.0"
"CHEMBL2163688";"";"None";"650.35";"1";"4.71";"64";"CN(Cc1ccccc1)S(=O)(=O)Nc1ncnc(OCCOc2ncc(Br)cn2)c1-c1ccc(Br)cc1";"IC50";"'='";"5208.0";"nM";"5.28";"";"";"UO_0000065";"8.12";"0.20";"0.57";"4.42";"0";"CHEMBL2166381";"Displacement of [I125]ET1 from recombinant ETB receptor expressed in CHO cells after 2 hrs by TopCount analysis";"B";"BAO_0000219";"cell-based format";"None";"None";"None";"CHO";"None";"";"";"";"CHEMBL1785";"Endothelin receptor ET-B";"Homo sapiens";"SINGLE PROTEIN";"CHEMBL2163289";"1";"Scientific Literature";"J Med Chem";"2012";"CHEMBL3308072";"";"";"";"5208.0"
"CHEMBL274805";"";"None";"414.46";"0";"4.38";"23";"CCc1ccc(C2(O)OC(=O)C(c3ccc4c(c3)OCO4)=C2Cc2ccccc2)cc1";"IC50";"'>'";"2500.0";"nM";"";"";"";"UO_0000065";"";"";"";"";"0";"CHEMBL677440";"Binding affinity against human cloned Endothelin B receptor expressed in CHO-K1 cells";"B";"BAO_0000219";"cell-based format";"None";"None";"None";"CHO-K1";"None";"";"";"";"CHEMBL1785";"Endothelin receptor ET-B";"Homo sapiens";"SINGLE PROTEIN";"CHEMBL1129982";"1";"Scientific Literature";"J Med Chem";"1997";"CHEMBL3307512";"";"";"";"2500.0"
"CHEMBL4061110";"";"None";"581.63";"1";"4.99";"55";"CCCCOc1ccc2c(c1)c(=O)c(Cc1cccc(-c3nnn[nH]3)c1)c(C(=O)O)n2Cc1cc2c(cc1CC)OCO2";"IC50";"'='";"617.5";"nM";"6.21";"";"";"UO_0000065";"10.68";"0.20";"1.22";"4.39";"0";"CHEMBL4030315";"Antagonist activity at ETB receptor (unknown origin) expressed in HEK293T cells measured after 30 mins by CCF4-AM dye based GeneBlazer FRET assay";"B";"BAO_0000219";"cell-based format";"Homo sapiens";"None";"None";"None";"None";"";"";"";"CHEMBL1785";"Endothelin receptor ET-B";"Homo sapiens";"SINGLE PROTEIN";"CHEMBL4028842";"1";"Scientific Literature";"Bioorg Med Chem Lett";"2017";"None";"";"";"";"617.5"
"CHEMBL4081426";"";"None";"581.63";"1";"4.84";"56";"CCc1cc2c(cc1Cn1c(C(=O)O)c(Cc3cccc(-c4nnn[nH]4)c3)c(=O)c3cc(OCC(C)C)ccc31)OCO2";"IC50";"'='";"698.0";"nM";"6.16";"";"";"UO_0000065";"10.58";"0.20";"1.32";"4.35";"0";"CHEMBL4030315";"Antagonist activity at ETB receptor (unknown origin) expressed in HEK293T cells measured after 30 mins by CCF4-AM dye based GeneBlazer FRET assay";"B";"BAO_0000219";"cell-based format";"Homo sapiens";"None";"None";"None";"None";"";"";"";"CHEMBL1785";"Endothelin receptor ET-B";"Homo sapiens";"SINGLE PROTEIN";"CHEMBL4028842";"1";"Scientific Literature";"Bioorg Med Chem Lett";"2017";"None";"";"";"";"698.0"
"CHEMBL1271746";"";"None";"555.58";"2";"5.12";"50";"CCc1cc2c(cc1Cn1c(C(=O)O)c(Cc3cccc(C(=O)O)c3)c(=O)c3cc(OCC4CC4)ccc31)OCO2";"IC50";"'='";"856.0";"nM";"6.07";"";"";"UO_0000065";"10.92";"0.20";"0.95";"4.88";"0";"CHEMBL4030315";"Antagonist activity at ETB receptor (unknown origin) expressed in HEK293T cells measured after 30 mins by CCF4-AM dye based GeneBlazer FRET assay";"B";"BAO_0000219";"cell-based format";"Homo sapiens";"None";"None";"None";"None";"";"";"";"CHEMBL1785";"Endothelin receptor ET-B";"Homo sapiens";"SINGLE PROTEIN";"CHEMBL4028842";"1";"Scientific Literature";"Bioorg Med Chem Lett";"2017";"None";"";"";"";"856.0"
"CHEMBL2163692";"";"None";"589.86";"1";"3.60";"68";"CCCNS(=O)(=O)Nc1ncnc(OCCOc2ncc(Br)cn2)c1Oc1cc(OC)ccc1Cl";"IC50";"'='";"208.0";"nM";"6.68";"";"";"UO_0000065";"11.33";"0.26";"3.08";"4.56";"0";"CHEMBL2166381";"Displacement of [I125]ET1 from recombinant ETB receptor expressed in CHO cells after 2 hrs by TopCount analysis";"B";"BAO_0000219";"cell-based format";"None";"None";"None";"CHO";"None";"";"";"";"CHEMBL1785";"Endothelin receptor ET-B";"Homo sapiens";"SINGLE PROTEIN";"CHEMBL2163289";"1";"Scientific Literature";"J Med Chem";"2012";"CHEMBL3308072";"";"";"";"208.0"
"CHEMBL2163694";"";"None";"587.29";"1";"4.46";"70";"CCCCS(=O)(=O)Nc1ncnc(OCCOc2ncc(Br)cn2)c1-c1ccc(Br)cc1";"IC50";"'='";"2424.0";"nM";"5.62";"";"";"UO_0000065";"9.56";"0.24";"1.16";"4.83";"0";"CHEMBL2166381";"Displacement of [I125]ET1 from recombinant ETB receptor expressed in CHO cells after 2 hrs by TopCount analysis";"B";"BAO_0000219";"cell-based format";"None";"None";"None";"CHO";"None";"";"";"";"CHEMBL1785";"Endothelin receptor ET-B";"Homo sapiens";"SINGLE PROTEIN";"CHEMBL2163289";"1";"Scientific Literature";"J Med Chem";"2012";"CHEMBL3308072";"";"";"";"2424.0"
"CHEMBL411925";"";"None";"532.64";"2";"5.18";"2o (diastereomer)";"CCC(CO)Cc1cc(OC)ccc1[C@@H]1c2nc(NC(C)C)ccc2[C@H](c2ccc3c(c2)OCO3)[C@H]1C(=O)O";"IC50";"'='";"15.7";"nM";"7.80";"";"";"UO_0000065";"14.65";"0.27";"2.62";"7.09";"0";"CHEMBL670651";"Inhibitory activity against [125I]ET1 binding to human endothelin B receptor";"B";"BAO_0000357";"single protein format";"None";"None";"None";"None";"None";"";"";"";"CHEMBL1785";"Endothelin receptor ET-B";"Homo sapiens";"SINGLE PROTEIN";"CHEMBL1147633";"1";"Scientific Literature";"Bioorg Med Chem Lett";"2004";"None";"";"";"";"15.7"
"CHEMBL99963";"";"None";"313.36";"0";"4.71";"16";"c1ccc2c(Cc3ccc4c(c3)OCO4)c3ccccc3nc2c1";"IC50";"";"";"nM";"";"";"Not Active";"UO_0000065";"";"";"";"";"0";"CHEMBL670637";"Inhibition of binding of [125I]ET1 to cloned human Endothelin B receptor expressed in CHO-K1 cells up to 200 uM; non significant";"B";"BAO_0000219";"cell-based format";"None";"None";"None";"CHO-K1";"None";"";"";"";"CHEMBL1785";"Endothelin receptor ET-B";"Homo sapiens";"SINGLE PROTEIN";"CHEMBL1128950";"1";"Scientific Literature";"Bioorg Med Chem Lett";"1996";"CHEMBL3307512";"";"";"";""
"CHEMBL413001";"";"None";"994.13";"3";"7.34";"28";"CC(=O)CC(=O)CCc1ccc(NC(=O)CCOCCOCCOCCOCCOc2ccc(CCC(=O)N(C)Cc3cc(-c4ncco4)ccc3-c3ccccc3S(=O)(=O)Nc3ccno3)cc2)cc1";"IC50";"'='";"4920.0";"nM";"5.31";"";"";"UO_0000065";"5.34";"0.10";"-2.03";"2.33";"0";"CHEMBL902324";"Displacement of [125I]ET1 from human ETB receptor expressed in CHO cells";"B";"BAO_0000219";"cell-based format";"Homo sapiens";"None";"None";"CHO";"None";"";"";"";"CHEMBL1785";"Endothelin receptor ET-B";"Homo sapiens";"SINGLE PROTEIN";"CHEMBL1138388";"1";"Scientific Literature";"Bioorg Med Chem Lett";"2007";"CHEMBL3308072";"";"";"";"4920.0"
"CHEMBL268201";"";"None";"980.11";"3";"6.95";"27";"CC(=O)CC(=O)CCc1ccc(NC(=O)CCOCCOCCOCCOCCOc2ccc(CC(=O)N(C)Cc3cc(-c4ncco4)ccc3-c3ccccc3S(=O)(=O)Nc3ccno3)cc2)cc1";"IC50";"'='";"1910.0";"nM";"5.72";"";"";"UO_0000065";"5.84";"0.11";"-1.23";"2.51";"0";"CHEMBL902324";"Displacement of [125I]ET1 from human ETB receptor expressed in CHO cells";"B";"BAO_0000219";"cell-based format";"Homo sapiens";"None";"None";"CHO";"None";"";"";"";"CHEMBL1785";"Endothelin receptor ET-B";"Homo sapiens";"SINGLE PROTEIN";"CHEMBL1138388";"1";"Scientific Literature";"Bioorg Med Chem Lett";"2007";"CHEMBL3308072";"";"";"";"1910.0"
"CHEMBL156194";"";"None";"548.57";"1";"4.55";"7cc";"COc1ccc(-c2c(C(=O)O)c(=O)n(Cc3ccccc3OC)c3c2oc2cc(NS(C)(=O)=O)ccc23)cc1";"IC50";"'='";"120.0";"nM";"6.92";"";"";"UO_0000065";"12.62";"0.24";"2.37";"5.05";"0";"CHEMBL673047";"Ability to displace [125I]endothelin-1 from endothelin B receptor in porcine kidney membranes";"B";"BAO_0000249";"cell membrane format";"Sus scrofa";"CHEMBL3638241";"Kidney";"None";"Membrane";"";"";"";"CHEMBL1785";"Endothelin receptor ET-B";"Homo sapiens";"SINGLE PROTEIN";"CHEMBL1132506";"1";"Scientific Literature";"Bioorg Med Chem Lett";"1999";"None";"";"";"";"0.12"
"CHEMBL413825";"";"None";"2043.19";"None";"None";"1";"C[C@@H]1NC(=O)[C@@H]([C@@H](C)O)NC(=O)CNC(=O)[C@@H](Cc2c[nH]cn2)NC(=O)[C@H](Cc2c[nH]c3ccccc23)NC(=O)[C@@H](CC(N)=O)NC(=O)CNC(=O)[C@H](CC(=O)N[C@@H](Cc2c[nH]c3ccccc23)C(=O)N[C@@H](Cc2ccccc2)C(=O)N[C@@H](Cc2ccccc2)C(=O)N[C@@H](CC(N)=O)C(=O)N[C@@H](Cc2ccc(O)cc2)C(=O)N[C@@H](Cc2ccc(O)cc2)C(=O)N[C@@H](Cc2c[nH]c3ccccc23)C(=O)O)NC(=O)[C@H]2CCCN2C1=O";"IC50";"'='";"10.0";"nM";"8.00";"";"";"UO_0000065";"3.92";"None";"None";"None";"0";"CHEMBL677272";"Binding affinity in Chinese hamster ovary (CHO) cells stably transfected with human endothelin B (ETB) receptor";"B";"BAO_0000219";"cell-based format";"Homo sapiens";"None";"None";"CHO";"None";"";"";"";"CHEMBL1785";"Endothelin receptor ET-B";"Homo sapiens";"SINGLE PROTEIN";"CHEMBL1152094";"1";"Scientific Literature";"Bioorg Med Chem Lett";"1995";"CHEMBL3308072";"";"";"";"0.01"
"CHEMBL314320";"";"None";"399.29";"0";"4.27";"22d";"Cc1noc(NS(=O)(=O)c2ccc(-c3ccccc3)s2)c1Br";"IC50";"'='";"2400.0";"nM";"5.62";"";"";"UO_0000065";"14.07";"0.35";"1.35";"7.78";"0";"CHEMBL670635";"Compound was tested for binding affinity against Endothelin B receptor";"B";"BAO_0000357";"single protein format";"None";"None";"None";"None";"None";"";"";"";"CHEMBL1785";"Endothelin receptor ET-B";"Homo sapiens";"SINGLE PROTEIN";"CHEMBL1128922";"1";"Scientific Literature";"Bioorg Med Chem Lett";"1996";"None";"";"";"";"2.4"
"CHEMBL303484";"";"None";"619.67";"2";"3.94";"20";"COc1ccc(C2(O)OC(=O)C(c3ccc4c(c3)OCO4)=C2Cc2cc(OC)c(OC)c(OCCCN3CCOCC3)c2)cc1";"IC50";"'>'";"250.0";"nM";"";"";"";"UO_0000065";"";"";"";"";"0";"CHEMBL670638";"Inhibition of [125I]ET1 binding to recombinant human Endothelin B receptor.";"B";"BAO_0000357";"single protein format";"None";"None";"None";"None";"None";"";"";"";"CHEMBL1785";"Endothelin receptor ET-B";"Homo sapiens";"SINGLE PROTEIN";"CHEMBL1132648";"1";"Scientific Literature";"J Med Chem";"1999";"None";"";"";"";"250.0"
"CHEMBL426218";"";"None";"483.37";"0";"4.82";"34e";"Cc1cc2c(cc1/C=C/c1sccc1S(=O)(=O)Nc1onc(C)c1Br)OCO2";"IC50";"'='";"3280.0";"nM";"5.48";"";"";"UO_0000065";"11.35";"0.27";"0.66";"6.05";"0";"CHEMBL678457";"Inhibition of human Endothelin B receptor using I-ET-1 as radioligand in a competitive radioligand assay";"B";"BAO_0000357";"single protein format";"None";"None";"None";"None";"None";"";"";"";"CHEMBL1785";"Endothelin receptor ET-B";"Homo sapiens";"SINGLE PROTEIN";"CHEMBL1129901";"1";"Scientific Literature";"Bioorg Med Chem Lett";"1997";"None";"";"";"";"3.28"
"CHEMBL368383";"";"None";"660.75";"3";"5.57";"65";"CCCCNC(=O)OCC#CCOc1nc(-c2ccncc2)nc(NS(=O)(=O)c2ccc(C(C)C)cn2)c1Oc1ccccc1OC";"IC50";"'='";"18.0";"nM";"7.75";"";"";"UO_0000065";"11.72";"0.23";"2.17";"4.73";"0";"CHEMBL670645";"In vitro inhibitory concentration required against [125I]ET1 binding to membranes of CHO cells expressing human ETB receptor";"B";"BAO_0000219";"cell-based format";"None";"None";"None";"CHO";"None";"";"";"";"CHEMBL1785";"Endothelin receptor ET-B";"Homo sapiens";"SINGLE PROTEIN";"CHEMBL1136632";"1";"Scientific Literature";"Bioorg Med Chem Lett";"2003";"CHEMBL3308072";"";"";"";"18.0"
"CHEMBL70365";"";"None";"675.79";"3";"7.13";"3e";"COc1ccccc1Oc1c(NS(=O)(=O)c2ccc(C(C)(C)C)cc2)nc(-c2cccs2)nc1OCCOC(=O)Nc1ccccn1";"IC50";"'='";"200.0";"nM";"6.70";"";"";"UO_0000065";"9.91";"0.19";"-0.43";"4.44";"0";"CHEMBL672256";"Receptor binding affinity was determined against [125I]ET1 with membranes prepared from human placenta for ETB receptor";"B";"BAO_0000019";"assay format";"None";"None";"None";"None";"None";"";"";"";"CHEMBL1785";"Endothelin receptor ET-B";"Homo sapiens";"SINGLE PROTEIN";"CHEMBL1130517";"1";"Scientific Literature";"Bioorg Med Chem Lett";"1997";"None";"";"";"";"0.2"
"CHEMBL173982";"";"None";"471.35";"0";"4.12";"36d";"Cc1noc(NS(=O)(=O)c2ccsc2CCc2ccc3c(c2)OCO3)c1Br";"IC50";"'='";"9240.0";"nM";"5.03";"";"";"UO_0000065";"10.68";"0.25";"0.91";"5.55";"0";"CHEMBL678457";"Inhibition of human Endothelin B receptor using I-ET-1 as radioligand in a competitive radioligand assay";"B";"BAO_0000357";"single protein format";"None";"None";"None";"None";"None";"";"";"";"CHEMBL1785";"Endothelin receptor ET-B";"Homo sapiens";"SINGLE PROTEIN";"CHEMBL1129901";"1";"Scientific Literature";"Bioorg Med Chem Lett";"1997";"None";"";"";"";"9.24"
"CHEMBL47765";"";"None";"424.93";"0";"4.54";"15m";"Cc1cc(C)cc(CC(=O)c2sccc2S(=O)(=O)Nc2onc(C)c2Cl)c1";"IC50";"'='";"17700.0";"nM";"4.75";"";"";"UO_0000065";"11.18";"0.24";"0.21";"5.32";"0";"CHEMBL670644";"In vitro inhibition of endothelin binding to human Endothelin B receptor using [125I]-labeled ET-1 competition assay";"B";"BAO_0000357";"single protein format";"None";"None";"None";"None";"None";"";"";"";"CHEMBL1785";"Endothelin receptor ET-B";"Homo sapiens";"SINGLE PROTEIN";"CHEMBL1130344";"1";"Scientific Literature";"J Med Chem";"1997";"None";"";"";"";"17700.0"
"CHEMBL15573";"";"None";"724.92";"2";"8.04";"9";"CCCc1cc(Cn2c(CC)nc3c(C)cc(C)nc32)cc(CCC)c1OC(C(=O)NS(=O)(=O)c1ccc(C(C)C)cc1)c1ccc2c(c1)OCO2";"IC50";"'='";"1300.0";"nM";"5.89";"";"";"UO_0000065";"8.12";"0.15";"-2.15";"4.84";"0";"CHEMBL670656";"Inhibition of human endothelin B (ETB) receptor expressed in CHO cells";"B";"BAO_0000219";"cell-based format";"Homo sapiens";"None";"None";"CHO";"None";"";"";"";"CHEMBL1785";"Endothelin receptor ET-B";"Homo sapiens";"SINGLE PROTEIN";"CHEMBL1128156";"1";"Scientific Literature";"Bioorg Med Chem Lett";"1995";"CHEMBL3308072";"";"";"";"1.3"
"CHEMBL368945";"";"None";"711.80";"2";"4.52";"41";"COc1ccccc1Oc1c(NS(=O)(=O)c2ccc(C)cn2)nc(Cc2ccc3c(c2)OCO3)nc1OCCNS(=O)(=O)c1cccs1";"IC50";"'='";"2110.0";"nM";"5.68";"";"";"UO_0000065";"7.97";"0.16";"1.16";"3.20";"0";"CHEMBL670655";"Inhibitory concentration required against [125I]ET1 binding to membranes of CHO cells expressing human ETB receptor";"B";"BAO_0000219";"cell-based format";"None";"None";"None";"CHO";"None";"";"";"";"CHEMBL1785";"Endothelin receptor ET-B";"Homo sapiens";"SINGLE PROTEIN";"CHEMBL1136631";"1";"Scientific Literature";"Bioorg Med Chem Lett";"2003";"CHEMBL3308072";"";"";"";"2110.0"
"CHEMBL80538";"";"None";"393.26";"0";"4.21";"35b";"Cc1noc(NS(=O)(=O)c2cccc(-c3ccccc3)c2)c1Br";"IC50";"'='";"1100.0";"nM";"5.96";"";"";"UO_0000065";"15.15";"0.35";"1.75";"8.25";"0";"CHEMBL677439";"Binding affinity against human Endothelin B receptor in transfected COS 7 cell membrane preparation";"B";"BAO_0000219";"cell-based format";"None";"None";"None";"COS 7";"None";"";"";"";"CHEMBL1785";"Endothelin receptor ET-B";"Homo sapiens";"SINGLE PROTEIN";"CHEMBL1129771";"1";"Scientific Literature";"Bioorg Med Chem Lett";"1996";"None";"";"";"";"1.1"
"CHEMBL76779";"";"None";"361.22";"0";"2.86";"24a";"COc1ccc(Br)cc1S(=O)(=O)Nc1onc(C)c1C";"IC50";"'='";"20000.0";"nM";"4.70";"";"";"UO_0000065";"13.01";"0.32";"1.84";"5.77";"0";"CHEMBL677439";"Binding affinity against human Endothelin B receptor in transfected COS 7 cell membrane preparation";"B";"BAO_0000219";"cell-based format";"None";"None";"None";"COS 7";"None";"";"";"";"CHEMBL1785";"Endothelin receptor ET-B";"Homo sapiens";"SINGLE PROTEIN";"CHEMBL1129771";"1";"Scientific Literature";"Bioorg Med Chem Lett";"1996";"None";"";"";"";"20.0"
"CHEMBL276819";"";"None";"717.50";"2";"8.31";"88";"CCCc1cc(Cn2c(CC)nc3c(C)cc(C)nc32)cc(CCC)c1OC(C(=O)O)c1cc(Br)c(OC)c(OC)c1Br";"IC50";"'='";"31000.0";"nM";"4.51";"";"";"UO_0000065";"6.28";"0.14";"-3.80";"4.71";"1";"CHEMBL882936";"Inhibitory concentration against endothelin receptor type B";"B";"BAO_0000357";"single protein format";"Homo sapiens";"None";"None";"None";"None";"";"";"";"CHEMBL1785";"Endothelin receptor ET-B";"Homo sapiens";"SINGLE PROTEIN";"CHEMBL1140446";"1";"Scientific Literature";"J Med Chem";"2005";"None";"";"";"";"31.0"
"CHEMBL10940";"";"None";"461.43";"0";"3.73";"39";"COc1ccc(C2(O)OC(=O)C(c3ccc4c(c3)OCO4)=C2Cc2ccc([N+](=O)[O-])cc2)cc1";"IC50";"'='";"17000.0";"nM";"4.77";"";"";"UO_0000065";"10.34";"0.19";"1.04";"4.06";"0";"CHEMBL677440";"Binding affinity against human cloned Endothelin B receptor expressed in CHO-K1 cells";"B";"BAO_0000219";"cell-based format";"None";"None";"None";"CHO-K1";"None";"";"";"";"CHEMBL1785";"Endothelin receptor ET-B";"Homo sapiens";"SINGLE PROTEIN";"CHEMBL1129982";"1";"Scientific Literature";"J Med Chem";"1997";"CHEMBL3307512";"";"";"";"17000.0"
"CHEMBL123146";"";"None";"630.62";"1";"4.45";"10b";"COc1ccc([C@H]2[C@H](C(=O)O)[C@@H](c3ccc4c(c3)OCO4)CN2CC(=O)NC(C)c2ccccc2C)cc1.O=C(O)C(F)(F)F";"IC50";"'='";"18.0";"nM";"7.75";"";"";"UO_0000065";"14.99";"0.28";"3.29";"7.96";"0";"CHEMBL670477";"Binding ability determined by the displacement of [125 I]ET-3 from the human Endothelin B receptor";"B";"BAO_0000357";"single protein format";"None";"None";"None";"None";"None";"";"";"";"CHEMBL1785";"Endothelin receptor ET-B";"Homo sapiens";"SINGLE PROTEIN";"CHEMBL1132108";"1";"Scientific Literature";"J Med Chem";"1999";"None";"";"";"";"18.0"
"CHEMBL288247";"";"None";"518.61";"1";"4.79";"2l (diastereomer)";"COc1ccc([C@@H]2c3nc(NC(C)C)ccc3[C@H](c3ccc4c(c3)OCO4)[C@H]2C(=O)O)c(CC(C)CO)c1";"IC50";"'='";"51.0";"nM";"7.29";"";"";"UO_0000065";"14.06";"0.26";"2.50";"6.62";"0";"CHEMBL670651";"Inhibitory activity against [125I]ET1 binding to human endothelin B receptor";"B";"BAO_0000357";"single protein format";"None";"None";"None";"None";"None";"";"";"";"CHEMBL1785";"Endothelin receptor ET-B";"Homo sapiens";"SINGLE PROTEIN";"CHEMBL1147633";"1";"Scientific Literature";"Bioorg Med Chem Lett";"2004";"None";"";"";"";"51.0"
"CHEMBL269461";"";"None";"416.43";"0";"3.82";"21";"COc1ccccc1C1(O)OC(=O)C(c2ccc3c(c2)OCO3)=C1Cc1ccccc1";"IC50";"'>'";"2500.0";"nM";"";"";"";"UO_0000065";"";"";"";"";"0";"CHEMBL677440";"Binding affinity against human cloned Endothelin B receptor expressed in CHO-K1 cells";"B";"BAO_0000219";"cell-based format";"None";"None";"None";"CHO-K1";"None";"";"";"";"CHEMBL1785";"Endothelin receptor ET-B";"Homo sapiens";"SINGLE PROTEIN";"CHEMBL1129982";"1";"Scientific Literature";"J Med Chem";"1997";"CHEMBL3307512";"";"";"";"2500.0"
"CHEMBL10834";"";"None";"446.46";"0";"3.83";"30";"COc1ccc(C2(O)OC(=O)C(c3ccc4c(c3)OCO4)=C2Cc2ccccc2)c(OC)c1";"IC50";"'>'";"2500.0";"nM";"";"";"";"UO_0000065";"";"";"";"";"0";"CHEMBL677440";"Binding affinity against human cloned Endothelin B receptor expressed in CHO-K1 cells";"B";"BAO_0000219";"cell-based format";"None";"None";"None";"CHO-K1";"None";"";"";"";"CHEMBL1785";"Endothelin receptor ET-B";"Homo sapiens";"SINGLE PROTEIN";"CHEMBL1129982";"1";"Scientific Literature";"J Med Chem";"1997";"CHEMBL3307512";"";"";"";"2500.0"
"CHEMBL9139";"";"None";"482.58";"0";"3.91";"17bb";"CCCN(CCC)C(=O)CN1C[C@@H](c2ccc3c(c2)OCO3)[C@H](C(=O)O)[C@H]1c1ccc(OC)cc1";"IC50";"'='";"397.0";"nM";"6.40";"";"";"UO_0000065";"13.26";"0.25";"2.49";"7.23";"0";"CHEMBL672255";"Radioligand binding selectivity to human Endothelin B receptor in chinese hamster ovary cells";"B";"BAO_0000219";"cell-based format";"None";"None";"None";"CHO";"None";"";"";"";"CHEMBL1785";"Endothelin receptor ET-B";"Homo sapiens";"SINGLE PROTEIN";"CHEMBL1129506";"1";"Scientific Literature";"J Med Chem";"1996";"CHEMBL3308072";"";"";"";"397.0"
"CHEMBL29147";"";"None";"583.62";"2";"6.58";"18";"COc1cc2c(Sc3ccc4c(c3)OCO4)c(C(=O)O)n(Cc3ccc4c(c3)OCO4)c2cc1OCc1ccccc1";"IC50";"'='";"740.0";"nM";"6.13";"";"";"UO_0000065";"";"";"";"";"0";"CHEMBL848084";"Inhibition of ET- 1 stimulated arachidonic acid release (AAR) in cultured rabbit renal vascular smooth muscle cells expressing the endothelin B receptor.";"F";"BAO_0000019";"assay format";"Oryctolagus cuniculus";"None";"None";"None";"None";"";"";"";"CHEMBL1785";"Endothelin receptor ET-B";"Homo sapiens";"SINGLE PROTEIN";"CHEMBL1129097";"1";"Scientific Literature";"Bioorg Med Chem Lett";"1996";"None";"";"";"";"0.74"
"CHEMBL10636";"";"None";"462.52";"0";"4.54";"35";"COc1ccc(C2(O)OC(=O)C(c3ccc4c(c3)OCO4)=C2Cc2ccc(SC)cc2)cc1";"IC50";"'>'";"2500.0";"nM";"";"";"";"UO_0000065";"";"";"";"";"0";"CHEMBL677440";"Binding affinity against human cloned Endothelin B receptor expressed in CHO-K1 cells";"B";"BAO_0000219";"cell-based format";"None";"None";"None";"CHO-K1";"None";"";"";"";"CHEMBL1785";"Endothelin receptor ET-B";"Homo sapiens";"SINGLE PROTEIN";"CHEMBL1129982";"1";"Scientific Literature";"J Med Chem";"1997";"CHEMBL3307512";"";"";"";"2500.0"
"CHEMBL177979";"";"None";"605.72";"2";"5.52";"7s with Na salt";"CSc1cnc(OCCOc2ncnc([N-]S(=O)(=O)c3ccc(C(C)(C)C)cc3)c2-c2ccc(C)cc2)nc1.O.[Na+]";"IC50";"'='";"220.0";"nM";"6.66";"";"";"UO_0000065";"11.77";"0.23";"1.14";"5.73";"0";"CHEMBL670642";"In vitro for specific binding of [125I]ET1 to GHcell expressed in Endothelin B receptor";"B";"BAO_0000019";"assay format";"None";"None";"None";"None";"None";"";"";"";"CHEMBL1785";"Endothelin receptor ET-B";"Homo sapiens";"SINGLE PROTEIN";"CHEMBL1134624";"1";"Scientific Literature";"J Med Chem";"2001";"None";"";"";"";"220.0"
"CHEMBL114074";"";"None";"527.66";"1";"4.55";"9m";"CCCCN(CCCC)C(=O)CN1C[C@H](c2ccc3c(c2)OCO3)[C@@H](C(=O)O)[C@@H]1CCc1nc(C)c(C)o1";"IC50";"'='";"29700.0";"nM";"4.53";"";"";"UO_0000065";"8.58";"0.16";"-0.02";"4.30";"0";"CHEMBL670729";"Binding affinity for endothelin B receptor by measuring its ability to displace [125I]-ET-3 from porcine cerebellar tissue";"B";"BAO_0000357";"single protein format";"Sus scrofa";"None";"None";"None";"None";"";"";"";"CHEMBL1785";"Endothelin receptor ET-B";"Homo sapiens";"SINGLE PROTEIN";"CHEMBL1131628";"1";"Scientific Literature";"J Med Chem";"1998";"None";"";"";"";"29700.0"
"CHEMBL172538";"";"None";"443.34";"0";"4.50";"21a";"Cc1ccc(OCc2sccc2S(=O)(=O)Nc2onc(C)c2Br)cc1";"IC50";"'='";"15600.0";"nM";"4.81";"";"";"UO_0000065";"10.84";"0.26";"0.31";"5.90";"0";"CHEMBL676634";"Inhibition of I-ET-1 binding to human Endothelin B receptor";"B";"BAO_0000357";"single protein format";"Homo sapiens";"None";"None";"None";"None";"";"";"";"CHEMBL1785";"Endothelin receptor ET-B";"Homo sapiens";"SINGLE PROTEIN";"CHEMBL1130366";"1";"Scientific Literature";"Bioorg Med Chem Lett";"1997";"None";"";"";"";"15.6"
"CHEMBL63938";"";"None";"392.46";"0";"3.68";"7q";"Cc1ccc(OC(=O)c2sccc2S(=O)(=O)Nc2onc(C)c2C)cc1";"IC50";"'>'";"100000.0";"nM";"";"";"";"UO_0000065";"";"";"";"";"0";"CHEMBL670640";"In vitro binding affinity in a radioligand binding experiment by competition with [125I]-labeled endothelin-1 for ETB receptor";"B";"BAO_0000357";"single protein format";"None";"None";"None";"None";"None";"";"";"";"CHEMBL1785";"Endothelin receptor ET-B";"Homo sapiens";"SINGLE PROTEIN";"CHEMBL1130505";"1";"Scientific Literature";"Bioorg Med Chem Lett";"1997";"None";"";"";"";"100.0"
"CHEMBL103872";"";"None";"396.27";"1";"6.00";"6";"COC(=O)C(c1ccc(Cl)c(Cl)c1)c1c2ccccc2nc2ccccc12";"IC50";"";"";"nM";"";"";"Not Active";"UO_0000065";"";"";"";"";"0";"CHEMBL670637";"Inhibition of binding of [125I]ET1 to cloned human Endothelin B receptor expressed in CHO-K1 cells up to 200 uM; non significant";"B";"BAO_0000219";"cell-based format";"None";"None";"None";"CHO-K1";"None";"";"";"";"CHEMBL1785";"Endothelin receptor ET-B";"Homo sapiens";"SINGLE PROTEIN";"CHEMBL1128950";"1";"Scientific Literature";"Bioorg Med Chem Lett";"1996";"CHEMBL3307512";"";"";"";""
"CHEMBL103308";"";"None";"387.44";"0";"4.71";"4";"COC(=O)C(c1ccc(OC)c(OC)c1)c1c2ccccc2nc2ccccc12";"IC50";"";"";"nM";"";"";"Not Active";"UO_0000065";"";"";"";"";"0";"CHEMBL670637";"Inhibition of binding of [125I]ET1 to cloned human Endothelin B receptor expressed in CHO-K1 cells up to 200 uM; non significant";"B";"BAO_0000219";"cell-based format";"None";"None";"None";"CHO-K1";"None";"";"";"";"CHEMBL1785";"Endothelin receptor ET-B";"Homo sapiens";"SINGLE PROTEIN";"CHEMBL1128950";"1";"Scientific Literature";"Bioorg Med Chem Lett";"1996";"CHEMBL3307512";"";"";"";""
"CHEMBL276018";"";"None";"461.43";"0";"3.73";"42";"COc1ccc(C2(O)OC(=O)C(c3ccc4c(c3)OCO4)=C2Cc2cccc([N+](=O)[O-])c2)cc1";"IC50";"'>'";"25000.0";"nM";"";"";"";"UO_0000065";"";"";"";"";"0";"CHEMBL677440";"Binding affinity against human cloned Endothelin B receptor expressed in CHO-K1 cells";"B";"BAO_0000219";"cell-based format";"None";"None";"None";"CHO-K1";"None";"";"";"";"CHEMBL1785";"Endothelin receptor ET-B";"Homo sapiens";"SINGLE PROTEIN";"CHEMBL1129982";"1";"Scientific Literature";"J Med Chem";"1997";"CHEMBL3307512";"";"";"";"25000.0"
"CHEMBL273948";"";"None";"422.48";"0";"4.55";"63";"COc1ccc(C2(O)OC(=O)C(c3ccc4c(c3)OCO4)=C2CC2CCCCC2)cc1";"IC50";"'='";"225.0";"nM";"6.65";"";"";"UO_0000065";"15.74";"0.29";"2.10";"8.96";"0";"CHEMBL677440";"Binding affinity against human cloned Endothelin B receptor expressed in CHO-K1 cells";"B";"BAO_0000219";"cell-based format";"None";"None";"None";"CHO-K1";"None";"";"";"";"CHEMBL1785";"Endothelin receptor ET-B";"Homo sapiens";"SINGLE PROTEIN";"CHEMBL1129982";"1";"Scientific Literature";"J Med Chem";"1997";"CHEMBL3307512";"";"";"";"225.0"
"CHEMBL331758";"";"None";"574.63";"1";"4.73";"30";"CCc1cc(C(=O)O)cc(CC)c1NC(=O)CN1C[C@H](c2ccc3c(c2)OCO3)[C@@H](C(=O)O)[C@@H]1c1ccc(OC)cc1";"IC50";"'='";"44.0";"nM";"7.36";"";"";"UO_0000065";"12.80";"0.24";"2.63";"5.46";"0";"CHEMBL670478";"Binding affinity towards human Endothelin B receptor (hET -B)";"B";"BAO_0000357";"single protein format";"None";"None";"None";"None";"None";"";"";"";"CHEMBL1785";"Endothelin receptor ET-B";"Homo sapiens";"SINGLE PROTEIN";"CHEMBL1132381";"1";"Scientific Literature";"J Med Chem";"1999";"None";"";"";"";"44.0"
"CHEMBL416570";"";"None";"523.56";"2";"5.30";"13";"COc1cccc(Sc2c(C(=O)O)n(Cc3cc(OC)c4c(c3)OCO4)c3cc(OC)c(OC)cc23)c1";"IC50";"'='";"1100.0";"nM";"5.96";"";"";"UO_0000065";"11.38";"0.22";"0.66";"6.10";"0";"CHEMBL670634";"Affinity for human endothelin B receptor expressed in CHO-K1 cells.";"B";"BAO_0000219";"cell-based format";"None";"None";"None";"CHO-K1";"None";"";"";"";"CHEMBL1785";"Endothelin receptor ET-B";"Homo sapiens";"SINGLE PROTEIN";"CHEMBL1129097";"1";"Scientific Literature";"Bioorg Med Chem Lett";"1996";"CHEMBL3307512";"";"";"";"1.1"
"CHEMBL339657";"";"None";"530.62";"2";"5.03";"36";"CCc1cccc(CC)c1NC(=O)CN1C[C@H](c2ccc3c(c2)OCO3)[C@@H](C(=O)O)[C@@H]1c1ccc(OC)cc1";"IC50";"'='";"0.27";"nM";"9.57";"";"";"UO_0000065";"18.03";"0.34";"4.54";"9.83";"0";"CHEMBL670478";"Binding affinity towards human Endothelin B receptor (hET -B)";"B";"BAO_0000357";"single protein format";"None";"None";"None";"None";"None";"";"";"";"CHEMBL1785";"Endothelin receptor ET-B";"Homo sapiens";"SINGLE PROTEIN";"CHEMBL1132381";"1";"Scientific Literature";"J Med Chem";"1999";"None";"";"";"";"0.27"
"CHEMBL287683";"";"None";"559.66";"1";"4.88";"2w (diastereomer)";"COc1ccc([C@@H]2c3nc(NC(C)C)ccc3[C@H](c3ccc4c(c3)OCO4)[C@H]2C(=O)O)c(CC(C)C(=O)N(C)C)c1";"IC50";"'='";"43.0";"nM";"7.37";"";"";"UO_0000065";"13.16";"0.25";"2.49";"6.68";"0";"CHEMBL670651";"Inhibitory activity against [125I]ET1 binding to human endothelin B receptor";"B";"BAO_0000357";"single protein format";"None";"None";"None";"None";"None";"";"";"";"CHEMBL1785";"Endothelin receptor ET-B";"Homo sapiens";"SINGLE PROTEIN";"CHEMBL1147633";"1";"Scientific Literature";"Bioorg Med Chem Lett";"2004";"None";"";"";"";"43.0"
"CHEMBL103731";"";"None";"384.43";"1";"5.22";"27";"COC(=O)C(Cc1c2ccccc2cc2ccccc12)c1ccc2c(c1)OCO2";"IC50";"";"";"nM";"";"";"Not Active";"UO_0000065";"";"";"";"";"0";"CHEMBL670637";"Inhibition of binding of [125I]ET1 to cloned human Endothelin B receptor expressed in CHO-K1 cells up to 200 uM; non significant";"B";"BAO_0000219";"cell-based format";"None";"None";"None";"CHO-K1";"None";"";"";"";"CHEMBL1785";"Endothelin receptor ET-B";"Homo sapiens";"SINGLE PROTEIN";"CHEMBL1128950";"1";"Scientific Literature";"Bioorg Med Chem Lett";"1996";"CHEMBL3307512";"";"";"";""
"CHEMBL109248";"";"None";"474.64";"0";"4.89";"3";"CCCCC[C@H]1[C@H](C(=O)O)[C@@H](c2ccc3c(c2)OCO3)CN1CC(=O)N(CCCC)CCCC";"IC50";"'='";"47000.0";"nM";"4.33";"";"";"UO_0000065";"9.12";"0.17";"-0.56";"5.46";"0";"CHEMBL670729";"Binding affinity for endothelin B receptor by measuring its ability to displace [125I]-ET-3 from porcine cerebellar tissue";"B";"BAO_0000357";"single protein format";"Sus scrofa";"None";"None";"None";"None";"";"";"";"CHEMBL1785";"Endothelin receptor ET-B";"Homo sapiens";"SINGLE PROTEIN";"CHEMBL1131628";"1";"Scientific Literature";"J Med Chem";"1998";"None";"";"";"";"47000.0"
"CHEMBL175058";"";"None";"662.69";"2";"3.04";"78";"COc1ccccc1Oc1c(NS(=O)(=O)c2ccc(C)cn2)nc(N2CCOCC2)nc1OCC#CCOC(=O)Nc1cnccn1";"IC50";"'='";"241.0";"nM";"6.62";"";"";"UO_0000065";"9.99";"0.19";"3.58";"3.50";"0";"CHEMBL670645";"In vitro inhibitory concentration required against [125I]ET1 binding to membranes of CHO cells expressing human ETB receptor";"B";"BAO_0000219";"cell-based format";"None";"None";"None";"CHO";"None";"";"";"";"CHEMBL1785";"Endothelin receptor ET-B";"Homo sapiens";"SINGLE PROTEIN";"CHEMBL1136632";"1";"Scientific Literature";"Bioorg Med Chem Lett";"2003";"CHEMBL3308072";"";"";"";"241.0"
"CHEMBL267094";"";"None";"420.85";"0";"4.47";"2";"O=C1OC(O)(c2ccc(Cl)cc2)C(Cc2ccccc2)=C1c1ccc2c(c1)OCO2";"IC50";"'='";"27000.0";"nM";"4.57";"";"";"UO_0000065";"10.86";"0.21";"0.10";"7.03";"0";"CHEMBL677440";"Binding affinity against human cloned Endothelin B receptor expressed in CHO-K1 cells";"B";"BAO_0000219";"cell-based format";"None";"None";"None";"CHO-K1";"None";"";"";"";"CHEMBL1785";"Endothelin receptor ET-B";"Homo sapiens";"SINGLE PROTEIN";"CHEMBL1129982";"1";"Scientific Literature";"J Med Chem";"1997";"CHEMBL3307512";"";"";"";"27000.0"
"CHEMBL174871";"";"None";"535.69";"1";"4.81";"15d";"Cc1[nH]c([C@@H](Cc2cn(C)c3ccccc23)NC(=O)[C@H](CC(C)C)NC(=O)CC2CCCCC2)nc1C(=O)O";"IC50";"'>'";"90000.0";"nM";"";"";"";"UO_0000065";"";"";"";"";"0";"CHEMBL670653";"Inhibitory activity was evaluated against human Endothelin B receptor";"B";"BAO_0000357";"single protein format";"None";"None";"None";"None";"None";"";"";"";"CHEMBL1785";"Endothelin receptor ET-B";"Homo sapiens";"SINGLE PROTEIN";"CHEMBL1129499";"1";"Scientific Literature";"J Med Chem";"1996";"None";"";"";"";"90.0"
"CHEMBL60440";"";"None";"434.50";"0";"4.95";"102";"CCCCC1=C(c2nnn[nH]2)C(c2ccc3c(c2)OCO3)Oc2ccc(OC(C)C)cc21";"IC50";"";"";"nM";"";"";"Not Determined";"UO_0000065";"";"";"";"";"0";"CHEMBL670727";"Binding affinity for Endothelin B receptor by inhibiting [125I]-ET-3 binding to cloned pig ET-B receptor expressed in COS-7 cells; not tested";"B";"BAO_0000219";"cell-based format";"Sus scrofa";"None";"None";"COS-7";"None";"";"";"";"CHEMBL1785";"Endothelin receptor ET-B";"Homo sapiens";"SINGLE PROTEIN";"CHEMBL1135409";"1";"Scientific Literature";"J Med Chem";"2002";"CHEMBL3307648";"";"";"";""
"CHEMBL78929";"";"None";"331.19";"0";"2.85";"3b";"Cc1ccccc1S(=O)(=O)Nc1onc(C)c1Br";"IC50";"'='";"45000.0";"nM";"4.35";"";"";"UO_0000065";"13.12";"0.33";"1.50";"6.02";"0";"CHEMBL677439";"Binding affinity against human Endothelin B receptor in transfected COS 7 cell membrane preparation";"B";"BAO_0000219";"cell-based format";"None";"None";"None";"COS 7";"None";"";"";"";"CHEMBL1785";"Endothelin receptor ET-B";"Homo sapiens";"SINGLE PROTEIN";"CHEMBL1129771";"1";"Scientific Literature";"Bioorg Med Chem Lett";"1996";"None";"";"";"";"45.0"
"CHEMBL173743";"";"None";"589.67";"1";"4.86";"30";"COCC#CCOc1nc(-c2ncccn2)nc(NS(=O)(=O)c2ccc(C(C)(C)C)cc2)c1Oc1ccccc1OC";"IC50";"'='";"1140.0";"nM";"5.94";"";"";"UO_0000065";"10.08";"0.19";"1.08";"4.41";"0";"CHEMBL670645";"In vitro inhibitory concentration required against [125I]ET1 binding to membranes of CHO cells expressing human ETB receptor";"B";"BAO_0000219";"cell-based format";"None";"None";"None";"CHO";"None";"";"";"";"CHEMBL1785";"Endothelin receptor ET-B";"Homo sapiens";"SINGLE PROTEIN";"CHEMBL1136632";"1";"Scientific Literature";"Bioorg Med Chem Lett";"2003";"CHEMBL3308072";"";"";"";"1140.0"
"CHEMBL171950";"";"None";"605.74";"1";"4.18";"20";"CCCS(=O)(=O)NCCOc1nc(C2CC2)nc(NS(=O)(=O)c2ccc(C(C)C)cn2)c1Oc1ccccc1OC";"IC50";"'='";"84.0";"nM";"7.08";"";"";"UO_0000065";"11.68";"0.24";"2.90";"4.46";"0";"CHEMBL670655";"Inhibitory concentration required against [125I]ET1 binding to membranes of CHO cells expressing human ETB receptor";"B";"BAO_0000219";"cell-based format";"None";"None";"None";"CHO";"None";"";"";"";"CHEMBL1785";"Endothelin receptor ET-B";"Homo sapiens";"SINGLE PROTEIN";"CHEMBL1136631";"1";"Scientific Literature";"Bioorg Med Chem Lett";"2003";"CHEMBL3308072";"";"";"";"84.0"
"CHEMBL367317";"";"None";"534.55";"2";"2.61";"40";"COc1ccccc1Oc1c(NS(=O)(=O)c2ccc(C)cn2)nc(-c2ncccn2)nc1OCC#CCO";"IC50";"'>'";"10000.0";"nM";"";"";"";"UO_0000065";"";"";"";"";"0";"CHEMBL670645";"In vitro inhibitory concentration required against [125I]ET1 binding to membranes of CHO cells expressing human ETB receptor";"B";"BAO_0000219";"cell-based format";"None";"None";"None";"CHO";"None";"";"";"";"CHEMBL1785";"Endothelin receptor ET-B";"Homo sapiens";"SINGLE PROTEIN";"CHEMBL1136632";"1";"Scientific Literature";"Bioorg Med Chem Lett";"2003";"CHEMBL3308072";"";"";"";"10000.0"
"CHEMBL109474";"";"None";"516.68";"1";"4.52";"9h";"CCCCN(CCCC)C(=O)CN1C[C@H](c2ccc3c(c2)OCO3)[C@@H](C(=O)O)[C@@H]1CCC1CCOCC1";"IC50";"'>'";"100000.0";"nM";"";"";"";"UO_0000065";"";"";"";"";"0";"CHEMBL670729";"Binding affinity for endothelin B receptor by measuring its ability to displace [125I]-ET-3 from porcine cerebellar tissue";"B";"BAO_0000357";"single protein format";"Sus scrofa";"None";"None";"None";"None";"";"";"";"CHEMBL1785";"Endothelin receptor ET-B";"Homo sapiens";"SINGLE PROTEIN";"CHEMBL1131628";"1";"Scientific Literature";"J Med Chem";"1998";"None";"";"";"";"100000.0"
"CHEMBL367339";"";"None";"547.64";"2";"5.40";"23";"C=CCOc1nc(-c2ncccn2)nc(NS(=O)(=O)c2ccc(C(C)(C)C)cc2)c1Oc1ccccc1OC";"IC50";"'='";"2085.0";"nM";"5.68";"";"";"UO_0000065";"10.37";"0.20";"0.28";"4.53";"0";"CHEMBL670645";"In vitro inhibitory concentration required against [125I]ET1 binding to membranes of CHO cells expressing human ETB receptor";"B";"BAO_0000219";"cell-based format";"None";"None";"None";"CHO";"None";"";"";"";"CHEMBL1785";"Endothelin receptor ET-B";"Homo sapiens";"SINGLE PROTEIN";"CHEMBL1136632";"1";"Scientific Literature";"Bioorg Med Chem Lett";"2003";"CHEMBL3308072";"";"";"";"2085.0"
"CHEMBL366885";"";"None";"661.70";"2";"3.64";"77";"COc1ccccc1Oc1c(NS(=O)(=O)c2ccc(C)cn2)nc(N2CCOCC2)nc1OCC#CCOC(=O)Nc1ccncc1";"IC50";"'='";"656.0";"nM";"6.18";"";"";"UO_0000065";"9.34";"0.18";"2.54";"3.51";"0";"CHEMBL670645";"In vitro inhibitory concentration required against [125I]ET1 binding to membranes of CHO cells expressing human ETB receptor";"B";"BAO_0000219";"cell-based format";"None";"None";"None";"CHO";"None";"";"";"";"CHEMBL1785";"Endothelin receptor ET-B";"Homo sapiens";"SINGLE PROTEIN";"CHEMBL1136632";"1";"Scientific Literature";"Bioorg Med Chem Lett";"2003";"CHEMBL3308072";"";"";"";"656.0"
"CHEMBL94786";"";"None";"689.75";"2";"4.46";"70";"COc1ccccc1Oc1c(NS(=O)(=O)c2ccc(C(C)C)cn2)nc(N2CCOCC2)nc1OCC#CCOC(=O)Nc1ccccn1";"IC50";"'='";"42.0";"nM";"7.38";"";"";"UO_0000065";"10.69";"0.21";"2.92";"4.19";"0";"CHEMBL670645";"In vitro inhibitory concentration required against [125I]ET1 binding to membranes of CHO cells expressing human ETB receptor";"B";"BAO_0000219";"cell-based format";"None";"None";"None";"CHO";"None";"";"";"";"CHEMBL1785";"Endothelin receptor ET-B";"Homo sapiens";"SINGLE PROTEIN";"CHEMBL1136632";"1";"Scientific Literature";"Bioorg Med Chem Lett";"2003";"CHEMBL3308072";"";"";"";"42.0"
"CHEMBL10750";"";"None";"371.39";"0";"4.78";"33";"O=C(O)c1c(-c2ccc3c(c2)OCO3)c2ccccc2n1Cc1ccccc1";"IC50";"'='";"14500.0";"nM";"4.84";"";"";"UO_0000065";"13.03";"0.24";"0.06";"7.97";"0";"CHEMBL670654";"Inhibitory concentration against Endothelin B receptor expressed in CHO-K1 cells";"B";"BAO_0000219";"cell-based format";"None";"None";"None";"CHO-K1";"None";"";"";"";"CHEMBL1785";"Endothelin receptor ET-B";"Homo sapiens";"SINGLE PROTEIN";"CHEMBL1129233";"1";"Scientific Literature";"Bioorg Med Chem Lett";"1996";"CHEMBL3307512";"";"";"";"14.5"
"CHEMBL368780";"";"None";"485.38";"0";"4.43";"36e";"Cc1cc2c(cc1CCc1sccc1S(=O)(=O)Nc1onc(C)c1Br)OCO2";"IC50";"'='";"8895.0";"nM";"5.05";"";"";"UO_0000065";"10.41";"0.25";"0.62";"5.57";"0";"CHEMBL678457";"Inhibition of human Endothelin B receptor using I-ET-1 as radioligand in a competitive radioligand assay";"B";"BAO_0000357";"single protein format";"None";"None";"None";"None";"None";"";"";"";"CHEMBL1785";"Endothelin receptor ET-B";"Homo sapiens";"SINGLE PROTEIN";"CHEMBL1129901";"1";"Scientific Literature";"Bioorg Med Chem Lett";"1997";"None";"";"";"";"8.895"
"CHEMBL281378";"";"None";"558.62";"1";"3.85";"16";"CC(C)c1ccc(S(=O)(=O)NC(=O)C(c2ccc3c(c2)OCO3)c2cn(C)c3cc(-c4nn[nH]n4)ccc23)cc1";"IC50";"";"";"nM";"";"";"Not Determined";"UO_0000065";"";"";"";"";"0";"CHEMBL677444";"Binding affinity towards human cloned endothelin B (ETB) receptor by the displacement of [125I]-labeled ET-1; ND=Not determined";"B";"BAO_0000357";"single protein format";"None";"None";"None";"None";"None";"";"";"";"CHEMBL1785";"Endothelin receptor ET-B";"Homo sapiens";"SINGLE PROTEIN";"CHEMBL1135360";"1";"Scientific Literature";"Bioorg Med Chem Lett";"2002";"None";"";"";"";""
"CHEMBL314511";"";"None";"577.46";"2";"5.91";"rac-84d";"COc1ccccc1O[C@H](C(=O)O)[C@@]1(c2ccccc2)NCC(=O)N(Cc2c(Cl)cccc2Cl)c2ccccc21";"IC50";"'>'";"10000.0";"nM";"";"";"";"UO_0000065";"";"";"";"";"0";"CHEMBL670641";"Antagonist activity towards human recombinant Endothelin B receptor expressed in chinese hamster ovary (CHO) cells determined using [125I]ET1 as radioligand";"F";"BAO_0000219";"cell-based format";"None";"None";"None";"CHO";"None";"";"";"";"CHEMBL1785";"Endothelin receptor ET-B";"Homo sapiens";"SINGLE PROTEIN";"CHEMBL1149183";"1";"Scientific Literature";"J Med Chem";"2004";"CHEMBL3308072";"";"";"";"10000.0"
"CHEMBL69832";"";"None";"592.60";"1";"4.47";"28";"COc1ccc(C2(O)OC(=O)C(c3ccc4c(c3)OCO4)=C2Cc2cc(OC)c(OC)c(OCCCCC(=O)O)c2)cc1";"IC50";"'='";"2100.0";"nM";"5.68";"";"";"UO_0000065";"9.58";"0.18";"1.21";"4.08";"0";"CHEMBL670638";"Inhibition of [125I]ET1 binding to recombinant human Endothelin B receptor.";"B";"BAO_0000357";"single protein format";"None";"None";"None";"None";"None";"";"";"";"CHEMBL1785";"Endothelin receptor ET-B";"Homo sapiens";"SINGLE PROTEIN";"CHEMBL1132648";"1";"Scientific Literature";"J Med Chem";"1999";"None";"";"";"";"2100.0"
"CHEMBL326191";"";"None";"508.66";"1";"4.90";"2b";"CCCCN(CCCC)C(=O)CN1C[C@H](c2ccc3c(c2)OCC3)[C@@H](C(=O)O)[C@@H]1c1ccc(OC)cc1";"IC50";"'='";"960.0";"nM";"6.02";"";"";"UO_0000065";"11.83";"0.22";"1.12";"7.59";"0";"CHEMBL673048";"Binding affinity against endothelin B receptor in porcine cerebellar tissue";"B";"BAO_0000357";"single protein format";"Sus scrofa";"None";"None";"None";"None";"";"";"";"CHEMBL1785";"Endothelin receptor ET-B";"Homo sapiens";"SINGLE PROTEIN";"CHEMBL1134271";"1";"Scientific Literature";"J Med Chem";"2001";"None";"";"";"";"960.0"
"CHEMBL175045";"";"None";"455.40";"1";"5.01";"36b";"Cc1ccc(CCc2sccc2S(=O)(=O)Nc2onc(C)c2Br)c(C)c1";"IC50";"'='";"3480.0";"nM";"5.46";"";"";"UO_0000065";"11.99";"0.29";"0.45";"7.56";"0";"CHEMBL678457";"Inhibition of human Endothelin B receptor using I-ET-1 as radioligand in a competitive radioligand assay";"B";"BAO_0000357";"single protein format";"None";"None";"None";"None";"None";"";"";"";"CHEMBL1785";"Endothelin receptor ET-B";"Homo sapiens";"SINGLE PROTEIN";"CHEMBL1129901";"1";"Scientific Literature";"Bioorg Med Chem Lett";"1997";"None";"";"";"";"3.48"
"CHEMBL109926";"";"None";"530.71";"2";"5.31";"10b";"C/C=C\C(C)(C)C[C@H]1[C@H](C(=O)O)[C@@H](c2cc(OC)c3c(c2)OCO3)CN1CC(=O)N(CCCC)CCCC";"IC50";"'='";"45300.0";"nM";"4.34";"";"";"UO_0000065";"8.19";"0.16";"-0.97";"4.91";"0";"CHEMBL670729";"Binding affinity for endothelin B receptor by measuring its ability to displace [125I]-ET-3 from porcine cerebellar tissue";"B";"BAO_0000357";"single protein format";"Sus scrofa";"None";"None";"None";"None";"";"";"";"CHEMBL1785";"Endothelin receptor ET-B";"Homo sapiens";"SINGLE PROTEIN";"CHEMBL1131628";"1";"Scientific Literature";"J Med Chem";"1998";"None";"";"";"";"45300.0"
"CHEMBL332794";"A-192621";"None";"558.68";"2";"5.81";"38";"CCCOc1ccc([C@H]2[C@H](C(=O)O)[C@@H](c3ccc4c(c3)OCO4)CN2CC(=O)Nc2c(CC)cccc2CC)cc1";"IC50";"'='";"6.4";"nM";"8.19";"";"";"UO_0000065";"14.67";"0.27";"2.38";"8.42";"0";"CHEMBL670478";"Binding affinity towards human Endothelin B receptor (hET -B)";"B";"BAO_0000357";"single protein format";"None";"None";"None";"None";"None";"";"";"";"CHEMBL1785";"Endothelin receptor ET-B";"Homo sapiens";"SINGLE PROTEIN";"CHEMBL1132381";"1";"Scientific Literature";"J Med Chem";"1999";"None";"";"";"";"6.4"
"CHEMBL320569";"";"None";"516.68";"1";"4.66";"9g";"CCCCN(CCCC)C(=O)CN1C[C@H](c2ccc3c(c2)OCO3)[C@@H](C(=O)O)[C@@H]1CCC1CCCCO1";"IC50";"'='";"47800.0";"nM";"4.32";"";"";"UO_0000065";"8.36";"0.16";"-0.34";"4.88";"0";"CHEMBL670729";"Binding affinity for endothelin B receptor by measuring its ability to displace [125I]-ET-3 from porcine cerebellar tissue";"B";"BAO_0000357";"single protein format";"Sus scrofa";"None";"None";"None";"None";"";"";"";"CHEMBL1785";"Endothelin receptor ET-B";"Homo sapiens";"SINGLE PROTEIN";"CHEMBL1131628";"1";"Scientific Literature";"J Med Chem";"1998";"None";"";"";"";"47800.0"
"CHEMBL102411";"";"None";"465.51";"1";"5.46";"2i";"COc1ccc([C@@H]2c3nc(-c4ccccc4)ccc3[C@H](c3ccc4c(c3)OCO4)[C@H]2C(=O)O)cc1";"IC50";"'='";"130.0";"nM";"6.89";"";"";"UO_0000065";"14.79";"0.27";"1.43";"8.84";"0";"CHEMBL670652";"Inhibitory activity against I-labeled ET-1 binding to Endothelin B receptor";"B";"BAO_0000357";"single protein format";"None";"None";"None";"None";"None";"";"";"";"CHEMBL1785";"Endothelin receptor ET-B";"Homo sapiens";"SINGLE PROTEIN";"CHEMBL1134926";"1";"Scientific Literature";"Bioorg Med Chem Lett";"2002";"None";"";"";"";"130.0"
"CHEMBL347680";"";"None";"515.52";"2";"5.20";"7q";"COc1ccccc1Cn1c(=O)c(C(=O)O)c(-c2cc(OC)c(OC)c(OC)c2)c2oc3ccccc3c21";"IC50";"'='";"170.0";"nM";"6.77";"";"";"UO_0000065";"13.13";"0.24";"1.57";"6.19";"0";"CHEMBL673047";"Ability to displace [125I]endothelin-1 from endothelin B receptor in porcine kidney membranes";"B";"BAO_0000249";"cell membrane format";"Sus scrofa";"CHEMBL3638241";"Kidney";"None";"Membrane";"";"";"";"CHEMBL1785";"Endothelin receptor ET-B";"Homo sapiens";"SINGLE PROTEIN";"CHEMBL1132506";"1";"Scientific Literature";"Bioorg Med Chem Lett";"1999";"None";"";"";"";"0.17"
"CHEMBL327823";"";"None";"492.53";"0";"3.05";"rac-5d";"COc1cc(OC)cc(O[C@H](C(=O)O)[C@@]2(c3ccccc3)NCC(=O)N(C)c3cc(OC)ccc32)c1";"IC50";"'='";"7780.0";"nM";"5.11";"";"";"UO_0000065";"";"";"";"";"0";"CHEMBL670641";"Antagonist activity towards human recombinant Endothelin B receptor expressed in chinese hamster ovary (CHO) cells determined using [125I]ET1 as radioligand";"F";"BAO_0000219";"cell-based format";"None";"None";"None";"CHO";"None";"";"";"";"CHEMBL1785";"Endothelin receptor ET-B";"Homo sapiens";"SINGLE PROTEIN";"CHEMBL1149183";"1";"Scientific Literature";"J Med Chem";"2004";"CHEMBL3308072";"";"";"";"7780.0"
"CHEMBL329560";"";"None";"455.40";"1";"5.62";"22n";"CCCCc1ccc(-c2ccsc2S(=O)(=O)Nc2onc(C)c2Br)cc1";"IC50";"'='";"6106.7";"nM";"5.21";"";"";"UO_0000065";"11.45";"0.27";"-0.41";"7.22";"0";"CHEMBL670635";"Compound was tested for binding affinity against Endothelin B receptor";"B";"BAO_0000357";"single protein format";"None";"None";"None";"None";"None";"";"";"";"CHEMBL1785";"Endothelin receptor ET-B";"Homo sapiens";"SINGLE PROTEIN";"CHEMBL1128922";"1";"Scientific Literature";"Bioorg Med Chem Lett";"1996";"None";"";"";"";"6.1067"
"CHEMBL294707";"";"None";"399.40";"0";"4.14";"3a";"O=C(O)c1c(-c2ccc3c(c2)OCO3)c2ccccc2n(Cc2ccccc2)c1=O";"IC50";"'>'";"10000.0";"nM";"";"";"";"UO_0000065";"";"";"";"";"0";"CHEMBL670728";"Inhibition of [125I]ET1 binding to porcine kidney inner medulla membranes";"B";"BAO_0000221";"tissue-based format";"Sus scrofa";"CHEMBL3638241";"Kidney";"None";"None";"";"";"";"CHEMBL1785";"Endothelin receptor ET-B";"Homo sapiens";"SINGLE PROTEIN";"CHEMBL1130488";"1";"Scientific Literature";"Bioorg Med Chem Lett";"1997";"None";"";"";"";"10.0"
"CHEMBL10092";"";"None";"507.54";"2";"6.37";"34";"COc1ccc(Cn2c(C(=O)O)c(-c3ccc4c(c3)OCO4)c3cc(OCc4ccccc4)ccc32)cc1";"IC50";"'='";"4400.0";"nM";"5.36";"";"";"UO_0000065";"10.55";"0.19";"-1.01";"6.77";"0";"CHEMBL670654";"Inhibitory concentration against Endothelin B receptor expressed in CHO-K1 cells";"B";"BAO_0000219";"cell-based format";"None";"None";"None";"CHO-K1";"None";"";"";"";"CHEMBL1785";"Endothelin receptor ET-B";"Homo sapiens";"SINGLE PROTEIN";"CHEMBL1129233";"1";"Scientific Literature";"Bioorg Med Chem Lett";"1996";"CHEMBL3307512";"";"";"";"4.4"
"CHEMBL276638";"";"None";"475.45";"0";"4.53";"36";"COc1cc2c(-c3ccc4c(c3)OCO4)c(C(=O)O)n(Cc3ccc4c(c3)OCO4)c2cc1OC";"IC50";"'='";"1400.0";"nM";"5.85";"";"";"UO_0000065";"12.31";"0.23";"1.32";"6.00";"0";"CHEMBL670654";"Inhibitory concentration against Endothelin B receptor expressed in CHO-K1 cells";"B";"BAO_0000219";"cell-based format";"None";"None";"None";"CHO-K1";"None";"";"";"";"CHEMBL1785";"Endothelin receptor ET-B";"Homo sapiens";"SINGLE PROTEIN";"CHEMBL1129233";"1";"Scientific Literature";"Bioorg Med Chem Lett";"1996";"CHEMBL3307512";"";"";"";"1.4"
"CHEMBL274175";"";"None";"506.51";"1";"3.85";"51";"COc1ccc(C2(O)OC(=O)C(c3ccc4c(c3)OCO4)=C2Cc2ccc(OC)c(OC)c2OC)cc1";"IC50";"'='";"2000.0";"nM";"5.70";"";"";"UO_0000065";"11.25";"0.21";"1.85";"5.59";"0";"CHEMBL677440";"Binding affinity against human cloned Endothelin B receptor expressed in CHO-K1 cells";"B";"BAO_0000219";"cell-based format";"None";"None";"None";"CHO-K1";"None";"";"";"";"CHEMBL1785";"Endothelin receptor ET-B";"Homo sapiens";"SINGLE PROTEIN";"CHEMBL1129982";"1";"Scientific Literature";"J Med Chem";"1997";"CHEMBL3307512";"";"";"";"2000.0"
"CHEMBL316650";"";"None";"357.41";"0";"4.70";"3";"COC(=O)C(c1ccc(OC)cc1)c1c2ccccc2nc2ccccc12";"IC50";"";"";"nM";"";"";"Not Active";"UO_0000065";"";"";"";"";"0";"CHEMBL670637";"Inhibition of binding of [125I]ET1 to cloned human Endothelin B receptor expressed in CHO-K1 cells up to 200 uM; non significant";"B";"BAO_0000219";"cell-based format";"None";"None";"None";"CHO-K1";"None";"";"";"";"CHEMBL1785";"Endothelin receptor ET-B";"Homo sapiens";"SINGLE PROTEIN";"CHEMBL1128950";"1";"Scientific Literature";"Bioorg Med Chem Lett";"1996";"CHEMBL3307512";"";"";"";""
"CHEMBL109644";"";"None";"592.73";"2";"5.03";"15c";"CCCCCCS(=O)(=O)N(CCC)CCN1C[C@H](c2ccc3c(c2)OCO3)[C@@H](C(=O)O)[C@@H]1c1ccc(OC)c(F)c1";"IC50";"'='";"1.12";"nM";"8.95";"";"";"UO_0000065";"";"";"";"";"0";"CHEMBL873581";"Ability to block the ET-1-induced hydrolysis of inositol phosphate in Endothelin B receptor of chinese hamster ovary(CHO) cells.";"F";"BAO_0000019";"assay format";"None";"None";"None";"None";"None";"";"";"";"CHEMBL1785";"Endothelin receptor ET-B";"Homo sapiens";"SINGLE PROTEIN";"CHEMBL1130174";"1";"Scientific Literature";"J Med Chem";"1997";"None";"";"";"";"1.12"
"CHEMBL291247";"";"None";"504.58";"2";"5.41";"2c";"CCCOc1cc(OC)ccc1[C@@H]1c2nc(NC(C)C)ccc2[C@H](c2ccc3c(c2)OCO3)[C@H]1C(=O)O";"IC50";"'='";"100.0";"nM";"7.00";"";"";"UO_0000065";"13.87";"0.26";"1.59";"7.06";"0";"CHEMBL670651";"Inhibitory activity against [125I]ET1 binding to human endothelin B receptor";"B";"BAO_0000357";"single protein format";"None";"None";"None";"None";"None";"";"";"";"CHEMBL1785";"Endothelin receptor ET-B";"Homo sapiens";"SINGLE PROTEIN";"CHEMBL1147633";"1";"Scientific Literature";"Bioorg Med Chem Lett";"2004";"None";"";"";"";"100.0"
"CHEMBL77962";"";"None";"359.25";"0";"3.47";"31b";"Cc1cc(C)c(S(=O)(=O)Nc2onc(C)c2Br)c(C)c1";"IC50";"'='";"46000.0";"nM";"4.34";"";"";"UO_0000065";"12.07";"0.30";"0.87";"6.01";"0";"CHEMBL677273";"Binding affinity against human ETB receptor in transfected COS 7 cell membrane preparation";"B";"BAO_0000219";"cell-based format";"None";"None";"None";"COS 7";"None";"";"";"";"CHEMBL1785";"Endothelin receptor ET-B";"Homo sapiens";"SINGLE PROTEIN";"CHEMBL1129771";"1";"Scientific Literature";"Bioorg Med Chem Lett";"1996";"None";"";"";"";"46.0"
"CHEMBL26522";"";"None";"270.29";"0";"2.23";"12a";"Cc1noc(NS(=O)(=O)c2ccc(F)cc2)c1C";"IC50";"'='";"57000.0";"nM";"4.24";"";"";"UO_0000065";"15.70";"0.32";"2.01";"5.88";"0";"CHEMBL677439";"Binding affinity against human Endothelin B receptor in transfected COS 7 cell membrane preparation";"B";"BAO_0000219";"cell-based format";"None";"None";"None";"COS 7";"None";"";"";"";"CHEMBL1785";"Endothelin receptor ET-B";"Homo sapiens";"SINGLE PROTEIN";"CHEMBL1129771";"1";"Scientific Literature";"Bioorg Med Chem Lett";"1996";"None";"";"";"";"57.0"
"CHEMBL173557";"";"None";"473.33";"0";"3.92";"15d";"Cc1noc(NS(=O)(=O)c2sccc2COc2ccc3c(c2)OCO3)c1Br";"IC50";"'='";"9550.0";"nM";"5.02";"";"";"UO_0000065";"10.61";"0.25";"1.10";"5.03";"0";"CHEMBL676634";"Inhibition of I-ET-1 binding to human Endothelin B receptor";"B";"BAO_0000357";"single protein format";"Homo sapiens";"None";"None";"None";"None";"";"";"";"CHEMBL1785";"Endothelin receptor ET-B";"Homo sapiens";"SINGLE PROTEIN";"CHEMBL1130366";"1";"Scientific Literature";"Bioorg Med Chem Lett";"1997";"None";"";"";"";"9.55"
"CHEMBL323951";"";"None";"500.68";"2";"5.31";"8r";"C/C=C\C(C)(C)C[C@H]1[C@H](C(=O)O)[C@@H](c2ccc3c(c2)OCO3)CN1CC(=O)N(CCCC)CCCC";"IC50";"'>'";"100000.0";"nM";"";"";"";"UO_0000065";"";"";"";"";"0";"CHEMBL670729";"Binding affinity for endothelin B receptor by measuring its ability to displace [125I]-ET-3 from porcine cerebellar tissue";"B";"BAO_0000357";"single protein format";"Sus scrofa";"None";"None";"None";"None";"";"";"";"CHEMBL1785";"Endothelin receptor ET-B";"Homo sapiens";"SINGLE PROTEIN";"CHEMBL1131628";"1";"Scientific Literature";"J Med Chem";"1998";"None";"";"";"";"100000.0"
"CHEMBL323791";"";"None";"488.67";"1";"5.14";"8b";"CCCCN(CCCC)C(=O)CN1C[C@H](c2ccc3c(c2)OCO3)[C@@H](C(=O)O)[C@@H]1CCC(C)CC";"IC50";"'='";"8000.0";"nM";"5.10";"";"";"UO_0000065";"10.43";"0.20";"-0.04";"6.43";"0";"CHEMBL670729";"Binding affinity for endothelin B receptor by measuring its ability to displace [125I]-ET-3 from porcine cerebellar tissue";"B";"BAO_0000357";"single protein format";"Sus scrofa";"None";"None";"None";"None";"";"";"";"CHEMBL1785";"Endothelin receptor ET-B";"Homo sapiens";"SINGLE PROTEIN";"CHEMBL1131628";"1";"Scientific Literature";"J Med Chem";"1998";"None";"";"";"";"8000.0"
"CHEMBL38000";"";"None";"490.56";"1";"5.02";"2b";"CCOc1cc(OC)ccc1[C@@H]1c2nc(NC(C)C)ccc2[C@H](c2ccc3c(c2)OCO3)[C@H]1C(=O)O";"IC50";"'='";"45.0";"nM";"7.35";"";"";"UO_0000065";"14.98";"0.28";"2.33";"7.41";"0";"CHEMBL670651";"Inhibitory activity against [125I]ET1 binding to human endothelin B receptor";"B";"BAO_0000357";"single protein format";"None";"None";"None";"None";"None";"";"";"";"CHEMBL1785";"Endothelin receptor ET-B";"Homo sapiens";"SINGLE PROTEIN";"CHEMBL1147633";"1";"Scientific Literature";"Bioorg Med Chem Lett";"2004";"None";"";"";"";"45.0"
"CHEMBL176912";"";"None";"439.36";"1";"5.09";"33a";"Cc1ccc(/C=C/c2ccsc2S(=O)(=O)Nc2onc(C)c2Br)cc1";"IC50";"'='";"6635.0";"nM";"5.18";"";"";"UO_0000065";"11.79";"0.28";"0.09";"7.17";"0";"CHEMBL678457";"Inhibition of human Endothelin B receptor using I-ET-1 as radioligand in a competitive radioligand assay";"B";"BAO_0000357";"single protein format";"None";"None";"None";"None";"None";"";"";"";"CHEMBL1785";"Endothelin receptor ET-B";"Homo sapiens";"SINGLE PROTEIN";"CHEMBL1129901";"1";"Scientific Literature";"Bioorg Med Chem Lett";"1997";"None";"";"";"";"6.635"
"CHEMBL175111";"";"None";"533.57";"1";"3.22";"41";"COc1ccccc1Oc1c(NS(=O)(=O)c2ccc(C)cn2)nc(-c2ccncc2)nc1OCC#CCO";"IC50";"'='";"1520.0";"nM";"5.82";"";"";"UO_0000065";"10.90";"0.21";"2.60";"3.99";"0";"CHEMBL670645";"In vitro inhibitory concentration required against [125I]ET1 binding to membranes of CHO cells expressing human ETB receptor";"B";"BAO_0000219";"cell-based format";"None";"None";"None";"CHO";"None";"";"";"";"CHEMBL1785";"Endothelin receptor ET-B";"Homo sapiens";"SINGLE PROTEIN";"CHEMBL1136632";"1";"Scientific Literature";"Bioorg Med Chem Lett";"2003";"CHEMBL3308072";"";"";"";"1520.0"
"CHEMBL329943";"";"None";"514.63";"1";"4.39";"rac-39d";"Cc1cc(C)nc(O[C@H](C(=O)O)[C@@]2(c3ccccc3)NCC(=O)N(CC3CCCCC3)c3ccccc32)n1";"IC50";"'='";"82.0";"nM";"7.09";"";"";"UO_0000065";"";"";"";"";"0";"CHEMBL670641";"Antagonist activity towards human recombinant Endothelin B receptor expressed in chinese hamster ovary (CHO) cells determined using [125I]ET1 as radioligand";"F";"BAO_0000219";"cell-based format";"None";"None";"None";"CHO";"None";"";"";"";"CHEMBL1785";"Endothelin receptor ET-B";"Homo sapiens";"SINGLE PROTEIN";"CHEMBL1149183";"1";"Scientific Literature";"J Med Chem";"2004";"CHEMBL3308072";"";"";"";"82.0"
"CHEMBL340575";"";"None";"508.66";"2";"5.25";"1b";"CCCCN(CCCC)C(=O)CN1C[C@H](c2ccc3c(c2)OCO3)[C@@H](C(=O)O)[C@@H]1c1ccc(CC)cc1";"IC50";"'='";"1300.0";"nM";"5.89";"";"";"UO_0000065";"11.57";"0.22";"0.64";"7.42";"0";"CHEMBL673048";"Binding affinity against endothelin B receptor in porcine cerebellar tissue";"B";"BAO_0000357";"single protein format";"Sus scrofa";"None";"None";"None";"None";"";"";"";"CHEMBL1785";"Endothelin receptor ET-B";"Homo sapiens";"SINGLE PROTEIN";"CHEMBL1134271";"1";"Scientific Literature";"J Med Chem";"2001";"None";"";"";"";"1300.0"
"CHEMBL120106";"";"None";"502.57";"1";"4.52";"5";"COc1ccc([C@H]2[C@H](C(=O)O)[C@@H](c3ccc4c(c3)OCO4)CN2CC(=O)Nc2ccc(C)cc2C)cc1";"IC50";"'='";"74.0";"nM";"7.13";"";"";"UO_0000065";"14.19";"0.26";"2.61";"7.33";"0";"CHEMBL670478";"Binding affinity towards human Endothelin B receptor (hET -B)";"B";"BAO_0000357";"single protein format";"None";"None";"None";"None";"None";"";"";"";"CHEMBL1785";"Endothelin receptor ET-B";"Homo sapiens";"SINGLE PROTEIN";"CHEMBL1132381";"1";"Scientific Literature";"J Med Chem";"1999";"None";"";"";"";"74.0"
"CHEMBL433700";"";"None";"576.63";"1";"4.96";"7ee";"CCN(c1ccc2c(c1)oc1c(-c3ccc(OC)cc3)c(C(=O)O)c(=O)n(Cc3ccccc3OC)c12)S(C)(=O)=O";"IC50";"'='";"3.6";"nM";"8.44";"";"";"UO_0000065";"14.64";"0.28";"3.48";"6.58";"0";"CHEMBL673047";"Ability to displace [125I]endothelin-1 from endothelin B receptor in porcine kidney membranes";"B";"BAO_0000249";"cell membrane format";"Sus scrofa";"CHEMBL3638241";"Kidney";"None";"Membrane";"";"";"";"CHEMBL1785";"Endothelin receptor ET-B";"Homo sapiens";"SINGLE PROTEIN";"CHEMBL1132506";"1";"Scientific Literature";"Bioorg Med Chem Lett";"1999";"None";"";"";"";"0.0036"
"CHEMBL160828";"";"None";"485.49";"1";"5.19";"7u";"COc1ccc(-c2c(C(=O)O)c(=O)n(Cc3c(OC)cccc3OC)c3c2oc2ccccc23)cc1";"IC50";"'>'";"10000.0";"nM";"";"";"";"UO_0000065";"";"";"";"";"0";"CHEMBL673047";"Ability to displace [125I]endothelin-1 from endothelin B receptor in porcine kidney membranes";"B";"BAO_0000249";"cell membrane format";"Sus scrofa";"CHEMBL3638241";"Kidney";"None";"Membrane";"";"";"";"CHEMBL1785";"Endothelin receptor ET-B";"Homo sapiens";"SINGLE PROTEIN";"CHEMBL1132506";"1";"Scientific Literature";"Bioorg Med Chem Lett";"1999";"None";"";"";"";"10.0"
"CHEMBL291404";"";"None";"457.33";"0";"4.14";"7n";"Cc1cccc(OC(=O)c2sccc2S(=O)(=O)Nc2onc(C)c2Br)c1";"IC50";"'>'";"100000.0";"nM";"";"";"";"UO_0000065";"";"";"";"";"0";"CHEMBL670640";"In vitro binding affinity in a radioligand binding experiment by competition with [125I]-labeled endothelin-1 for ETB receptor";"B";"BAO_0000357";"single protein format";"None";"None";"None";"None";"None";"";"";"";"CHEMBL1785";"Endothelin receptor ET-B";"Homo sapiens";"SINGLE PROTEIN";"CHEMBL1130505";"1";"Scientific Literature";"Bioorg Med Chem Lett";"1997";"None";"";"";"";"100.0"
"CHEMBL413880";"";"None";"1126.24";"None";"None";"4";"NC(=O)C[C@H](NC(=O)[C@H](Cc1ccccc1)NC(=O)[C@H](Cc1ccccc1)N[C@H](Cc1c[nH]c2ccccc12)C(=O)O)C(=O)N[C@@H](Cc1ccc(O)cc1)C(=O)N[C@@H](Cc1ccc(O)cc1)C(=O)N[C@@H](Cc1c[nH]c2ccccc12)C(=O)O";"IC50";"'='";"15000.0";"nM";"4.82";"";"";"UO_0000065";"4.28";"None";"None";"None";"0";"CHEMBL677272";"Binding affinity in Chinese hamster ovary (CHO) cells stably transfected with human endothelin B (ETB) receptor";"B";"BAO_0000219";"cell-based format";"Homo sapiens";"None";"None";"CHO";"None";"";"";"";"CHEMBL1785";"Endothelin receptor ET-B";"Homo sapiens";"SINGLE PROTEIN";"CHEMBL1152094";"1";"Scientific Literature";"Bioorg Med Chem Lett";"1995";"CHEMBL3308072";"";"";"";"15.0"
"CHEMBL367024";"";"None";"471.40";"1";"5.11";"27a";"Cc1cc(C)c(OCc2sccc2S(=O)(=O)Nc2onc(C)c2Br)c(C)c1";"IC50";"'='";"3070.0";"nM";"5.51";"";"";"UO_0000065";"11.69";"0.28";"0.40";"6.77";"0";"CHEMBL676634";"Inhibition of I-ET-1 binding to human Endothelin B receptor";"B";"BAO_0000357";"single protein format";"Homo sapiens";"None";"None";"None";"None";"";"";"";"CHEMBL1785";"Endothelin receptor ET-B";"Homo sapiens";"SINGLE PROTEIN";"CHEMBL1130366";"1";"Scientific Literature";"Bioorg Med Chem Lett";"1997";"None";"";"";"";"3.07"
"CHEMBL434986";"";"None";"754.76";"2";"6.37";"9d";"COc1ccc([C@H]2[C@H](C(=O)O)[C@@H](c3ccc4c(c3)OCO4)CN2CC(=O)NC(c2ccccc2)(c2ccccc2)c2ccccc2)cc1.O=C(O)C(F)(F)F";"IC50";"'='";"744.0";"nM";"6.13";"";"";"UO_0000065";"9.56";"0.17";"-0.24";"6.30";"0";"CHEMBL670477";"Binding ability determined by the displacement of [125 I]ET-3 from the human Endothelin B receptor";"B";"BAO_0000357";"single protein format";"None";"None";"None";"None";"None";"";"";"";"CHEMBL1785";"Endothelin receptor ET-B";"Homo sapiens";"SINGLE PROTEIN";"CHEMBL1132108";"1";"Scientific Literature";"J Med Chem";"1999";"None";"";"";"";"744.0"
"CHEMBL80857";"";"None";"393.26";"0";"4.21";"25b";"Cc1noc(NS(=O)(=O)c2ccccc2-c2ccccc2)c1Br";"IC50";"'>'";"100000.0";"nM";"";"";"";"UO_0000065";"";"";"";"";"0";"CHEMBL670635";"Compound was tested for binding affinity against Endothelin B receptor";"B";"BAO_0000357";"single protein format";"None";"None";"None";"None";"None";"";"";"";"CHEMBL1785";"Endothelin receptor ET-B";"Homo sapiens";"SINGLE PROTEIN";"CHEMBL1128922";"1";"Scientific Literature";"Bioorg Med Chem Lett";"1996";"None";"";"";"";"100.0"
"CHEMBL80532";"";"None";"280.35";"0";"2.71";"21a";"Cc1ccc(C)c(S(=O)(=O)Nc2onc(C)c2C)c1";"IC50";"'='";"58000.0";"nM";"4.24";"";"";"UO_0000065";"15.11";"0.30";"1.53";"5.87";"0";"CHEMBL677439";"Binding affinity against human Endothelin B receptor in transfected COS 7 cell membrane preparation";"B";"BAO_0000219";"cell-based format";"None";"None";"None";"COS 7";"None";"";"";"";"CHEMBL1785";"Endothelin receptor ET-B";"Homo sapiens";"SINGLE PROTEIN";"CHEMBL1129771";"1";"Scientific Literature";"Bioorg Med Chem Lett";"1996";"None";"";"";"";"58.0"
"CHEMBL100120";"";"None";"356.38";"0";"3.73";"25";"NC(=O)C(c1ccc2c(c1)OCO2)c1c2ccccc2nc2ccccc12";"IC50";"";"";"nM";"";"";"Not Active";"UO_0000065";"";"";"";"";"0";"CHEMBL670637";"Inhibition of binding of [125I]ET1 to cloned human Endothelin B receptor expressed in CHO-K1 cells up to 200 uM; non significant";"B";"BAO_0000219";"cell-based format";"None";"None";"None";"CHO-K1";"None";"";"";"";"CHEMBL1785";"Endothelin receptor ET-B";"Homo sapiens";"SINGLE PROTEIN";"CHEMBL1128950";"1";"Scientific Literature";"Bioorg Med Chem Lett";"1996";"CHEMBL3307512";"";"";"";""
"CHEMBL283200";"";"None";"432.86";"0";"4.83";"In";"O=C1c2ccccc2[C@@H]2[C@H](C(=O)O)[C@H](C(=O)O)[C@@H]2c2ccc(-c3ccc(Cl)cc3)cc21";"IC50";"'='";"230.0";"nM";"6.64";"";"";"UO_0000065";"15.34";"0.29";"1.81";"7.24";"0";"CHEMBL677448";"Binding affinity towards cloned human ETB receptor";"B";"BAO_0000357";"single protein format";"None";"None";"None";"None";"None";"";"";"";"CHEMBL1785";"Endothelin receptor ET-B";"Homo sapiens";"SINGLE PROTEIN";"CHEMBL1128758";"1";"Scientific Literature";"Bioorg Med Chem Lett";"1995";"None";"";"";"";"230.0"
"CHEMBL91470";"";"None";"323.19";"0";"2.61";"22a";"Cc1noc(NS(=O)(=O)c2cccs2)c1Br";"IC50";"'>'";"100000.0";"nM";"";"";"";"UO_0000065";"";"";"";"";"0";"CHEMBL670635";"Compound was tested for binding affinity against Endothelin B receptor";"B";"BAO_0000357";"single protein format";"None";"None";"None";"None";"None";"";"";"";"CHEMBL1785";"Endothelin receptor ET-B";"Homo sapiens";"SINGLE PROTEIN";"CHEMBL1128922";"1";"Scientific Literature";"Bioorg Med Chem Lett";"1996";"None";"";"";"";"100.0"
"CHEMBL96520";"";"None";"483.32";"0";"2.58";"rac-9g";"CN1C(=O)CN[C@](c2ccccc2)([C@H](Oc2ncc(Br)cn2)C(=O)O)c2ccccc21";"IC50";"'='";"9480.0";"nM";"5.02";"";"";"UO_0000065";"";"";"";"";"0";"CHEMBL670641";"Antagonist activity towards human recombinant Endothelin B receptor expressed in chinese hamster ovary (CHO) cells determined using [125I]ET1 as radioligand";"F";"BAO_0000219";"cell-based format";"None";"None";"None";"CHO";"None";"";"";"";"CHEMBL1785";"Endothelin receptor ET-B";"Homo sapiens";"SINGLE PROTEIN";"CHEMBL1149183";"1";"Scientific Literature";"J Med Chem";"2004";"CHEMBL3308072";"";"";"";"9480.0"
"CHEMBL276173";"";"None";"430.46";"0";"4.48";"3";"COc1ccc(C2(OC)OC(=O)C(c3ccc4c(c3)OCO4)=C2Cc2ccccc2)cc1";"IC50";"'>'";"25000.0";"nM";"";"";"";"UO_0000065";"";"";"";"";"0";"CHEMBL678455";"Binding affinity for human endothelin B receptor expressed in CHO-K1 cells.";"B";"BAO_0000219";"cell-based format";"Homo sapiens";"None";"None";"CHO-K1";"None";"";"";"";"CHEMBL1785";"Endothelin receptor ET-B";"Homo sapiens";"SINGLE PROTEIN";"CHEMBL1129826";"1";"Scientific Literature";"Bioorg Med Chem Lett";"1997";"CHEMBL3307512";"";"";"";"25000.0"
"CHEMBL296074";"";"None";"501.93";"1";"3.47";"7";"COc1cc(OC)c(NC(=O)c2sccc2S(=O)(=O)Nc2onc(C)c2Cl)c(C(=O)O)c1";"IC50";"'>'";"100000.0";"nM";"";"";"";"UO_0000065";"";"";"";"";"0";"CHEMBL670643";"In vitro inhibition of endothelin binding to human Endothelin B receptor using [125I]-labeled ET-1 competition assay";"B";"BAO_0000357";"single protein format";"None";"None";"None";"None";"None";"";"";"";"CHEMBL1785";"Endothelin receptor ET-B";"Homo sapiens";"SINGLE PROTEIN";"CHEMBL1130042";"1";"Scientific Literature";"J Med Chem";"1997";"None";"";"";"";"100000.0"
"CHEMBL368117";"";"None";"628.67";"3";"5.21";"47";"C#CCOc1nc(-c2ccnc(-c3noc(O)n3)c2)nc(NS(=O)(=O)c2ccc(C(C)(C)C)cc2)c1Oc1ccccc1OC";"IC50";"'='";"238.0";"nM";"6.62";"";"";"UO_0000065";"10.54";"0.20";"1.41";"3.86";"0";"CHEMBL670645";"In vitro inhibitory concentration required against [125I]ET1 binding to membranes of CHO cells expressing human ETB receptor";"B";"BAO_0000219";"cell-based format";"None";"None";"None";"CHO";"None";"";"";"";"CHEMBL1785";"Endothelin receptor ET-B";"Homo sapiens";"SINGLE PROTEIN";"CHEMBL1136632";"1";"Scientific Literature";"Bioorg Med Chem Lett";"2003";"CHEMBL3308072";"";"";"";"238.0"
"CHEMBL123316";"";"None";"658.67";"2";"5.17";"10h";"COc1ccc([C@H]2[C@H](C(=O)O)[C@@H](c3ccc4c(c3)OCO4)CN2CC(=O)NC(c2ccccc2)C(C)(C)C)cc1.O=C(O)C(F)(F)F";"IC50";"'='";"0.94";"nM";"9.03";"";"";"UO_0000065";"16.57";"0.31";"3.86";"9.27";"0";"CHEMBL670477";"Binding ability determined by the displacement of [125 I]ET-3 from the human Endothelin B receptor";"B";"BAO_0000357";"single protein format";"None";"None";"None";"None";"None";"";"";"";"CHEMBL1785";"Endothelin receptor ET-B";"Homo sapiens";"SINGLE PROTEIN";"CHEMBL1132108";"1";"Scientific Literature";"J Med Chem";"1999";"None";"";"";"";"0.94"
"CHEMBL128479";"";"None";"540.68";"2";"5.43";"9a";"CCCCN(CCCC)C(=O)CN1C[C@H](c2ccc3c(c2)OCCO3)[C@@H](C(=O)O)[C@@H]1c1ccc(CC)c(F)c1";"IC50";"'='";"950.0";"nM";"6.02";"";"";"UO_0000065";"11.14";"0.21";"0.59";"7.59";"0";"CHEMBL677441";"Binding affinity against human endothelin B receptor in CHO cells";"B";"BAO_0000219";"cell-based format";"None";"None";"None";"CHO";"None";"";"";"";"CHEMBL1785";"Endothelin receptor ET-B";"Homo sapiens";"SINGLE PROTEIN";"CHEMBL1134271";"1";"Scientific Literature";"J Med Chem";"2001";"CHEMBL3308072";"";"";"";"950.0"
"CHEMBL4467748";"";"None";"555.48";"1";"3.53";"46";"CCCNS(=O)(=O)Nc1ncnc(OCCOc2ncc(SC)cn2)c1-c1ccc(Br)cc1";"IC50";"'='";"82.0";"nM";"7.09";"";"";"UO_0000065";"12.76";"0.29";"3.56";"5.53";"0";"CHEMBL4426324";"Displacement of [125I]-ET-1 from human ETB receptor expressed in CHO cell membranes after 2 hrs by scintillation counting";"B";"BAO_0000219";"cell-based format";"Homo sapiens";"None";"None";"CHO";"None";"";"";"";"CHEMBL1785";"Endothelin receptor ET-B";"Homo sapiens";"SINGLE PROTEIN";"CHEMBL4425117";"1";"Scientific Literature";"Bioorg Med Chem Lett";"2016";"CHEMBL3308072";"";"";"";"82.0"
"CHEMBL4521348";"";"None";"553.44";"1";"3.21";"53";"CCCCNS(=O)(=O)Nc1ncnc(OCCOc2ncc(OC)cn2)c1-c1ccc(Br)cc1";"IC50";"'='";"210.0";"nM";"6.68";"";"";"UO_0000065";"12.07";"0.27";"3.47";"4.86";"0";"CHEMBL4426324";"Displacement of [125I]-ET-1 from human ETB receptor expressed in CHO cell membranes after 2 hrs by scintillation counting";"B";"BAO_0000219";"cell-based format";"Homo sapiens";"None";"None";"CHO";"None";"";"";"";"CHEMBL1785";"Endothelin receptor ET-B";"Homo sapiens";"SINGLE PROTEIN";"CHEMBL4425117";"1";"Scientific Literature";"Bioorg Med Chem Lett";"2016";"CHEMBL3308072";"";"";"";"210.0"
"CHEMBL4573273";"";"None";"497.00";"0";"3.03";"55";"CCNS(=O)(=O)Nc1ncnc(OCCOc2ncc(SC)cn2)c1-c1ccc(Cl)cc1";"IC50";"'='";"567.0";"nM";"6.25";"";"";"UO_0000065";"12.57";"0.27";"3.22";"4.87";"0";"CHEMBL4426324";"Displacement of [125I]-ET-1 from human ETB receptor expressed in CHO cell membranes after 2 hrs by scintillation counting";"B";"BAO_0000219";"cell-based format";"Homo sapiens";"None";"None";"CHO";"None";"";"";"";"CHEMBL1785";"Endothelin receptor ET-B";"Homo sapiens";"SINGLE PROTEIN";"CHEMBL4425117";"1";"Scientific Literature";"Bioorg Med Chem Lett";"2016";"CHEMBL3308072";"";"";"";"567.0"
"CHEMBL4444355";"";"None";"522.61";"2";"2.90";"58";"CCCNS(=O)(=O)Nc1ncnc(OCCOc2ncc(SC)cn2)c1Oc1ccccc1OC";"IC50";"'='";"315.0";"nM";"6.50";"";"";"UO_0000065";"12.44";"0.25";"3.60";"4.43";"0";"CHEMBL4426324";"Displacement of [125I]-ET-1 from human ETB receptor expressed in CHO cell membranes after 2 hrs by scintillation counting";"B";"BAO_0000219";"cell-based format";"Homo sapiens";"None";"None";"CHO";"None";"";"";"";"CHEMBL1785";"Endothelin receptor ET-B";"Homo sapiens";"SINGLE PROTEIN";"CHEMBL4425117";"1";"Scientific Literature";"Bioorg Med Chem Lett";"2016";"CHEMBL3308072";"";"";"";"315.0"
"CHEMBL277275";"";"None";"771.90";"3";"5.71";"23";"COc1ccccc1Oc1c(NS(=O)(=O)c2ccc(C(C)C)cn2)nc(-c2cc(OC)c(OC)c(OC)c2)nc1OCCNS(=O)(=O)c1cccs1";"IC50";"'='";"7.0";"nM";"8.15";"";"";"UO_0000065";"10.56";"0.21";"2.44";"4.38";"0";"CHEMBL670655";"Inhibitory concentration required against [125I]ET1 binding to membranes of CHO cells expressing human ETB receptor";"B";"BAO_0000219";"cell-based format";"None";"None";"None";"CHO";"None";"";"";"";"CHEMBL1785";"Endothelin receptor ET-B";"Homo sapiens";"SINGLE PROTEIN";"CHEMBL1136631";"1";"Scientific Literature";"Bioorg Med Chem Lett";"2003";"CHEMBL3308072";"";"";"";"7.0"
"CHEMBL128818";"";"None";"510.65";"2";"5.34";"8a";"CCCCN(CCCC)C(=O)CN1C[C@H](c2ccc3c(c2)CCO3)[C@@H](C(=O)O)[C@@H]1c1ccc(C)c(F)c1";"IC50";"'='";"6200.0";"nM";"5.21";"";"";"UO_0000065";"10.20";"0.19";"-0.13";"7.43";"0";"CHEMBL677441";"Binding affinity against human endothelin B receptor in CHO cells";"B";"BAO_0000219";"cell-based format";"None";"None";"None";"CHO";"None";"";"";"";"CHEMBL1785";"Endothelin receptor ET-B";"Homo sapiens";"SINGLE PROTEIN";"CHEMBL1134271";"1";"Scientific Literature";"J Med Chem";"2001";"CHEMBL3308072";"";"";"";"6200.0"
"CHEMBL103497";"";"None";"335.36";"0";"3.58";"9";"COC(=O)C(c1ccc2c(c1)OCO2)c1cc(C)nc2ccccc12";"IC50";"";"";"nM";"";"";"Not Active";"UO_0000065";"";"";"";"";"0";"CHEMBL670637";"Inhibition of binding of [125I]ET1 to cloned human Endothelin B receptor expressed in CHO-K1 cells up to 200 uM; non significant";"B";"BAO_0000219";"cell-based format";"None";"None";"None";"CHO-K1";"None";"";"";"";"CHEMBL1785";"Endothelin receptor ET-B";"Homo sapiens";"SINGLE PROTEIN";"CHEMBL1128950";"1";"Scientific Literature";"Bioorg Med Chem Lett";"1996";"CHEMBL3307512";"";"";"";""
"CHEMBL95095";"";"None";"556.59";"1";"4.15";"rac-71";"COc1ccc(CN2C(=O)CN[C@](c3cccc(F)c3)([C@H](Oc3nc(C)cc(C)n3)C(=O)O)c3ccccc32)cc1";"IC50";"'='";"49.3";"nM";"7.31";"";"";"UO_0000065";"";"";"";"";"0";"CHEMBL670641";"Antagonist activity towards human recombinant Endothelin B receptor expressed in chinese hamster ovary (CHO) cells determined using [125I]ET1 as radioligand";"F";"BAO_0000219";"cell-based format";"None";"None";"None";"CHO";"None";"";"";"";"CHEMBL1785";"Endothelin receptor ET-B";"Homo sapiens";"SINGLE PROTEIN";"CHEMBL1149183";"1";"Scientific Literature";"J Med Chem";"2004";"CHEMBL3308072";"";"";"";"49.3"
"CHEMBL19808";"";"None";"466.88";"0";"3.35";"5nn (TBC11241)";"Cc1noc(NS(=O)(=O)c2ccsc2C(=O)Nc2cc3c(cc2C#N)OCO3)c1Cl";"IC50";"'='";"40400.0";"nM";"4.39";"";"";"UO_0000065";"9.41";"0.20";"1.04";"3.06";"0";"CHEMBL670643";"In vitro inhibition of endothelin binding to human Endothelin B receptor using [125I]-labeled ET-1 competition assay";"B";"BAO_0000357";"single protein format";"None";"None";"None";"None";"None";"";"";"";"CHEMBL1785";"Endothelin receptor ET-B";"Homo sapiens";"SINGLE PROTEIN";"CHEMBL1130042";"1";"Scientific Literature";"J Med Chem";"1997";"None";"";"";"";"40400.0"
"CHEMBL329861";"";"None";"429.32";"0";"4.28";"22i";"COc1cccc(-c2ccsc2S(=O)(=O)Nc2onc(C)c2Br)c1";"IC50";"'='";"56250.0";"nM";"4.25";"";"";"UO_0000065";"9.90";"0.24";"-0.03";"5.22";"0";"CHEMBL670635";"Compound was tested for binding affinity against Endothelin B receptor";"B";"BAO_0000357";"single protein format";"None";"None";"None";"None";"None";"";"";"";"CHEMBL1785";"Endothelin receptor ET-B";"Homo sapiens";"SINGLE PROTEIN";"CHEMBL1128922";"1";"Scientific Literature";"Bioorg Med Chem Lett";"1996";"None";"";"";"";"56.25"
"CHEMBL68269";"";"None";"577.63";"1";"4.17";"17";"COc1ccc(C2(O)OC(=O)C(c3ccc4c(c3)OCO4)=C2Cc2cc(OC)c(OC)c(OCCCN(C)C)c2)cc1";"IC50";"'>'";"2500.0";"nM";"";"";"";"UO_0000065";"";"";"";"";"0";"CHEMBL670638";"Inhibition of [125I]ET1 binding to recombinant human Endothelin B receptor.";"B";"BAO_0000357";"single protein format";"None";"None";"None";"None";"None";"";"";"";"CHEMBL1785";"Endothelin receptor ET-B";"Homo sapiens";"SINGLE PROTEIN";"CHEMBL1132648";"1";"Scientific Literature";"J Med Chem";"1999";"None";"";"";"";"2500.0"
"CHEMBL175057";"";"None";"599.63";"2";"3.85";"56";"C#CCOc1nc(-c2ccnc(-c3nn[nH]n3)c2)nc(NS(=O)(=O)c2ccc(C(C)C)cn2)c1Oc1ccccc1OC";"IC50";"'='";"221.0";"nM";"6.66";"";"";"UO_0000065";"11.10";"0.21";"2.81";"3.70";"0";"CHEMBL670645";"In vitro inhibitory concentration required against [125I]ET1 binding to membranes of CHO cells expressing human ETB receptor";"B";"BAO_0000219";"cell-based format";"None";"None";"None";"CHO";"None";"";"";"";"CHEMBL1785";"Endothelin receptor ET-B";"Homo sapiens";"SINGLE PROTEIN";"CHEMBL1136632";"1";"Scientific Literature";"Bioorg Med Chem Lett";"2003";"CHEMBL3308072";"";"";"";"221.0"
"CHEMBL313870";"";"None";"543.02";"1";"4.66";"rac-39aa";"Cc1cc(C)nc(O[C@H](C(=O)O)[C@@]2(c3ccccc3)NCC(=O)N(Cc3ccc(Cl)cc3)c3ccccc32)n1";"IC50";"'='";"122.0";"nM";"6.91";"";"";"UO_0000065";"";"";"";"";"0";"CHEMBL670641";"Antagonist activity towards human recombinant Endothelin B receptor expressed in chinese hamster ovary (CHO) cells determined using [125I]ET1 as radioligand";"F";"BAO_0000219";"cell-based format";"None";"None";"None";"CHO";"None";"";"";"";"CHEMBL1785";"Endothelin receptor ET-B";"Homo sapiens";"SINGLE PROTEIN";"CHEMBL1149183";"1";"Scientific Literature";"J Med Chem";"2004";"CHEMBL3308072";"";"";"";"122.0"
"CHEMBL91926";"";"None";"576.58";"2";"5.02";"rac-39ad";"Cc1cc(C)nc(O[C@H](C(=O)O)[C@@]2(c3ccccc3)NCC(=O)N(Cc3ccc(C(F)(F)F)cc3)c3ccccc32)n1";"IC50";"'='";"47.1";"nM";"7.33";"";"";"UO_0000065";"";"";"";"";"0";"CHEMBL670641";"Antagonist activity towards human recombinant Endothelin B receptor expressed in chinese hamster ovary (CHO) cells determined using [125I]ET1 as radioligand";"F";"BAO_0000219";"cell-based format";"None";"None";"None";"CHO";"None";"";"";"";"CHEMBL1785";"Endothelin receptor ET-B";"Homo sapiens";"SINGLE PROTEIN";"CHEMBL1149183";"1";"Scientific Literature";"J Med Chem";"2004";"CHEMBL3308072";"";"";"";"47.1"
"CHEMBL278349";"";"None";"535.53";"1";"2.34";"30";"Cn1cc(C(C(=O)NS(=O)(=O)c2ccccc2C(=O)O)c2ccc3c(c2)OCO3)c2ccc(C(N)=O)cc21";"IC50";"'='";"846.0";"nM";"6.07";"";"";"UO_0000065";"11.34";"0.22";"3.73";"3.64";"0";"CHEMBL677443";"Binding affinity towards human cloned endothelin B receptor by [125I]ET1 displacement.";"B";"BAO_0000357";"single protein format";"None";"None";"None";"None";"None";"";"";"";"CHEMBL1785";"Endothelin receptor ET-B";"Homo sapiens";"SINGLE PROTEIN";"CHEMBL1135360";"1";"Scientific Literature";"Bioorg Med Chem Lett";"2002";"None";"";"";"";"846.0"
"CHEMBL415614";"";"None";"1890.05";"None";"None";"9";"C[C@H](NC(=O)[C@@H](NC(=O)CNC(=O)[C@H](Cc1c[nH]cn1)NC(=O)[C@@H](N)Cc1c[nH]c2ccccc12)[C@@H](C)O)C(=O)N1CCC[C@@H]1C(=O)N[C@H](CC(=O)O)C(=O)N[C@@H](Cc1c[nH]c2ccccc12)C(=O)N[C@@H](Cc1ccccc1)C(=O)N[C@@H](Cc1ccccc1)C(=O)N[C@@H](CC(N)=O)C(=O)N[C@@H](Cc1ccc(O)cc1)C(=O)N[C@@H](Cc1ccc(O)cc1)C(=O)N[C@@H](Cc1c[nH]c2ccccc12)C(=O)O";"IC50";"'>'";"2500.0";"nM";"";"";"";"UO_0000065";"";"";"";"";"0";"CHEMBL677272";"Binding affinity in Chinese hamster ovary (CHO) cells stably transfected with human endothelin B (ETB) receptor";"B";"BAO_0000219";"cell-based format";"Homo sapiens";"None";"None";"CHO";"None";"";"";"";"CHEMBL1785";"Endothelin receptor ET-B";"Homo sapiens";"SINGLE PROTEIN";"CHEMBL1152094";"1";"Scientific Literature";"Bioorg Med Chem Lett";"1995";"CHEMBL3308072";"";"";"";"2.5"
"CHEMBL22249";"";"None";"505.55";"1";"2.95";"28";"Cc1ccccc1S(=O)(=O)NC(=O)C(c1ccc2c(c1)OCO2)c1cn(C)c2cc(C(N)=O)ccc12";"IC50";"'='";"1056.0";"nM";"5.98";"";"";"UO_0000065";"11.82";"0.23";"3.03";"4.61";"0";"CHEMBL677443";"Binding affinity towards human cloned endothelin B receptor by [125I]ET1 displacement.";"B";"BAO_0000357";"single protein format";"None";"None";"None";"None";"None";"";"";"";"CHEMBL1785";"Endothelin receptor ET-B";"Homo sapiens";"SINGLE PROTEIN";"CHEMBL1135360";"1";"Scientific Literature";"Bioorg Med Chem Lett";"2002";"None";"";"";"";"1056.0"
"CHEMBL94602";"";"None";"577.46";"2";"5.91";"rac-84g";"COc1cccc(O[C@H](C(=O)O)[C@@]2(c3ccccc3)NCC(=O)N(Cc3c(Cl)cccc3Cl)c3ccccc32)c1";"IC50";"'='";"1470.0";"nM";"5.83";"";"";"UO_0000065";"";"";"";"";"0";"CHEMBL670641";"Antagonist activity towards human recombinant Endothelin B receptor expressed in chinese hamster ovary (CHO) cells determined using [125I]ET1 as radioligand";"F";"BAO_0000219";"cell-based format";"None";"None";"None";"CHO";"None";"";"";"";"CHEMBL1785";"Endothelin receptor ET-B";"Homo sapiens";"SINGLE PROTEIN";"CHEMBL1149183";"1";"Scientific Literature";"J Med Chem";"2004";"CHEMBL3308072";"";"";"";"1470.0"
"CHEMBL10136";"";"None";"507.50";"2";"6.03";"23";"O=C(O)c1c(-c2ccc3c(c2)OCO3)c2cc(OCc3ccccc3)ccc2n1-c1ccc2c(c1)OCO2";"IC50";"'='";"14000.0";"nM";"4.85";"";"";"UO_0000065";"9.56";"0.17";"-1.18";"5.49";"0";"CHEMBL670654";"Inhibitory concentration against Endothelin B receptor expressed in CHO-K1 cells";"B";"BAO_0000219";"cell-based format";"None";"None";"None";"CHO-K1";"None";"";"";"";"CHEMBL1785";"Endothelin receptor ET-B";"Homo sapiens";"SINGLE PROTEIN";"CHEMBL1129233";"1";"Scientific Literature";"Bioorg Med Chem Lett";"1996";"CHEMBL3307512";"";"";"";"14.0"
"CHEMBL172184";"";"None";"532.58";"1";"4.07";"49";"C#CCOc1nc(-c2ncccn2)nc(NS(=O)(=O)c2ccc(C(C)C)cn2)c1Oc1ccccc1OC";"IC50";"'='";"1950.0";"nM";"5.71";"";"";"UO_0000065";"10.72";"0.21";"1.64";"4.13";"0";"CHEMBL670645";"In vitro inhibitory concentration required against [125I]ET1 binding to membranes of CHO cells expressing human ETB receptor";"B";"BAO_0000219";"cell-based format";"None";"None";"None";"CHO";"None";"";"";"";"CHEMBL1785";"Endothelin receptor ET-B";"Homo sapiens";"SINGLE PROTEIN";"CHEMBL1136632";"1";"Scientific Literature";"Bioorg Med Chem Lett";"2003";"CHEMBL3308072";"";"";"";"1950.0"
"CHEMBL339904";"";"None";"528.62";"1";"4.83";"1f";"CCCCN(CCCC)C(=O)CN1C[C@H](c2ccc3c(c2)OCO3)[C@@H](C(=O)O)[C@@H]1c1ccc(OC)c(F)c1";"IC50";"'='";"30.0";"nM";"7.52";"";"";"UO_0000065";"14.23";"0.27";"2.69";"8.50";"0";"CHEMBL673048";"Binding affinity against endothelin B receptor in porcine cerebellar tissue";"B";"BAO_0000357";"single protein format";"Sus scrofa";"None";"None";"None";"None";"";"";"";"CHEMBL1785";"Endothelin receptor ET-B";"Homo sapiens";"SINGLE PROTEIN";"CHEMBL1134271";"1";"Scientific Literature";"J Med Chem";"2001";"None";"";"";"";"30.0"
"CHEMBL128240";"";"None";"492.66";"1";"5.20";"2f";"CCCCN(CCCC)C(=O)CN1C[C@H](c2ccc3c(c2)CCO3)[C@@H](C(=O)O)[C@@H]1c1ccc(C)cc1";"IC50";"'='";"12000.0";"nM";"4.92";"";"";"UO_0000065";"9.99";"0.19";"-0.28";"7.02";"0";"CHEMBL673048";"Binding affinity against endothelin B receptor in porcine cerebellar tissue";"B";"BAO_0000357";"single protein format";"Sus scrofa";"None";"None";"None";"None";"";"";"";"CHEMBL1785";"Endothelin receptor ET-B";"Homo sapiens";"SINGLE PROTEIN";"CHEMBL1134271";"1";"Scientific Literature";"J Med Chem";"2001";"None";"";"";"";"12000.0"
"CHEMBL111612";"ABT-546";"None";"532.72";"2";"5.54";"2";"CCCCN(CCCC)C(=O)CN1C[C@H](c2cc(OC)c3c(c2)OCO3)[C@@H](C(=O)O)[C@@H]1CC(C)(C)CCC";"IC50";"'='";"13000.0";"nM";"4.89";"";"";"UO_0000065";"9.17";"0.18";"-0.65";"5.52";"0";"CHEMBL670649";"Inhibitory activity against human endothelin B receptor";"B";"BAO_0000357";"single protein format";"Homo sapiens";"None";"None";"None";"None";"";"";"";"CHEMBL1785";"Endothelin receptor ET-B";"Homo sapiens";"SINGLE PROTEIN";"CHEMBL1134271";"1";"Scientific Literature";"J Med Chem";"2001";"None";"";"";"";"13000.0"
"CHEMBL368860";"";"None";"695.76";"3";"5.86";"63";"COc1ccccc1Oc1c(NS(=O)(=O)c2ccc(C(C)(C)C)cc2)nc(-c2ncccn2)nc1OCC#CCOC(=O)Nc1ccccn1";"IC50";"'='";"1060.0";"nM";"5.97";"";"";"UO_0000065";"8.59";"0.16";"0.11";"3.38";"0";"CHEMBL670645";"In vitro inhibitory concentration required against [125I]ET1 binding to membranes of CHO cells expressing human ETB receptor";"B";"BAO_0000219";"cell-based format";"None";"None";"None";"CHO";"None";"";"";"";"CHEMBL1785";"Endothelin receptor ET-B";"Homo sapiens";"SINGLE PROTEIN";"CHEMBL1136632";"1";"Scientific Literature";"Bioorg Med Chem Lett";"2003";"CHEMBL3308072";"";"";"";"1060.0"
"CHEMBL366797";"";"None";"644.74";"3";"5.79";"48";"C#CCOc1nc(-c2ccnc(-c3noc(S)n3)c2)nc(NS(=O)(=O)c2ccc(C(C)(C)C)cc2)c1Oc1ccccc1OC";"IC50";"'='";"258.0";"nM";"6.59";"";"";"UO_0000065";"10.22";"0.20";"0.80";"4.35";"0";"CHEMBL670645";"In vitro inhibitory concentration required against [125I]ET1 binding to membranes of CHO cells expressing human ETB receptor";"B";"BAO_0000219";"cell-based format";"None";"None";"None";"CHO";"None";"";"";"";"CHEMBL1785";"Endothelin receptor ET-B";"Homo sapiens";"SINGLE PROTEIN";"CHEMBL1136632";"1";"Scientific Literature";"Bioorg Med Chem Lett";"2003";"CHEMBL3308072";"";"";"";"258.0"
"CHEMBL177203";"";"None";"582.68";"1";"3.59";"34";"COc1ccccc1Oc1c(NS(=O)(=O)c2ccc(C(C)(C)C)cc2)nc(N2CCOCC2)nc1OCC#CCO";"IC50";"'='";"50.0";"nM";"7.30";"";"";"UO_0000065";"12.53";"0.24";"3.71";"5.52";"0";"CHEMBL670645";"In vitro inhibitory concentration required against [125I]ET1 binding to membranes of CHO cells expressing human ETB receptor";"B";"BAO_0000219";"cell-based format";"None";"None";"None";"CHO";"None";"";"";"";"CHEMBL1785";"Endothelin receptor ET-B";"Homo sapiens";"SINGLE PROTEIN";"CHEMBL1136632";"1";"Scientific Literature";"Bioorg Med Chem Lett";"2003";"CHEMBL3308072";"";"";"";"50.0"
"CHEMBL113611";"";"None";"524.66";"1";"4.74";"2e";"CCCCN(CCCC)C(=O)CN1C[C@H](c2ccc3c(c2)OCCO3)[C@@H](C(=O)O)[C@@H]1c1ccc(OC)cc1";"IC50";"'='";"984.0";"nM";"6.01";"";"";"UO_0000065";"11.45";"0.22";"1.27";"6.78";"0";"CHEMBL673048";"Binding affinity against endothelin B receptor in porcine cerebellar tissue";"B";"BAO_0000357";"single protein format";"Sus scrofa";"None";"None";"None";"None";"";"";"";"CHEMBL1785";"Endothelin receptor ET-B";"Homo sapiens";"SINGLE PROTEIN";"CHEMBL1134271";"1";"Scientific Literature";"J Med Chem";"2001";"None";"";"";"";"984.0"
"CHEMBL170342";"";"None";"484.53";"0";"2.97";"39";"COc1ccccc1Oc1c(NS(=O)(=O)c2ccc(C(C)C)cn2)ncnc1OCC#CCO";"IC50";"'='";"183.0";"nM";"6.74";"";"";"UO_0000065";"13.91";"0.27";"3.77";"5.07";"0";"CHEMBL670645";"In vitro inhibitory concentration required against [125I]ET1 binding to membranes of CHO cells expressing human ETB receptor";"B";"BAO_0000219";"cell-based format";"None";"None";"None";"CHO";"None";"";"";"";"CHEMBL1785";"Endothelin receptor ET-B";"Homo sapiens";"SINGLE PROTEIN";"CHEMBL1136632";"1";"Scientific Literature";"Bioorg Med Chem Lett";"2003";"CHEMBL3308072";"";"";"";"183.0"
"CHEMBL72037";"";"None";"665.73";"2";"4.46";"4d";"COc1ccccc1Oc1c(NS(=O)(=O)c2ccc(C(C)C)cn2)nc(N2CCOCC2)nc1OCCOC(=O)Nc1ccccn1";"IC50";"'='";"5.0";"nM";"8.30";"";"";"UO_0000065";"12.47";"0.24";"3.84";"4.71";"0";"CHEMBL672256";"Receptor binding affinity was determined against [125I]ET1 with membranes prepared from human placenta for ETB receptor";"B";"BAO_0000019";"assay format";"None";"None";"None";"None";"None";"";"";"";"CHEMBL1785";"Endothelin receptor ET-B";"Homo sapiens";"SINGLE PROTEIN";"CHEMBL1130517";"1";"Scientific Literature";"Bioorg Med Chem Lett";"1997";"None";"";"";"";"5.0"
"CHEMBL297783";"";"None";"454.91";"0";"3.96";"15r";"Cc1cc2c(cc1CC(=O)c1sccc1S(=O)(=O)Nc1noc(C)c1Cl)OCO2";"IC50";"'='";"3900.0";"nM";"5.41";"";"";"UO_0000065";"11.89";"0.25";"1.45";"5.02";"0";"CHEMBL670644";"In vitro inhibition of endothelin binding to human Endothelin B receptor using [125I]-labeled ET-1 competition assay";"B";"BAO_0000357";"single protein format";"None";"None";"None";"None";"None";"";"";"";"CHEMBL1785";"Endothelin receptor ET-B";"Homo sapiens";"SINGLE PROTEIN";"CHEMBL1130344";"1";"Scientific Literature";"J Med Chem";"1997";"None";"";"";"";"3900.0"
"CHEMBL293151";"";"None";"429.43";"0";"4.15";"3b";"COc1ccc(Cn2c(=O)c(C(=O)O)c(-c3ccc4c(c3)OCO4)c3ccccc32)cc1";"IC50";"'='";"6800.0";"nM";"5.17";"";"";"UO_0000065";"12.03";"0.22";"1.02";"5.94";"0";"CHEMBL670728";"Inhibition of [125I]ET1 binding to porcine kidney inner medulla membranes";"B";"BAO_0000221";"tissue-based format";"Sus scrofa";"CHEMBL3638241";"Kidney";"None";"None";"";"";"";"CHEMBL1785";"Endothelin receptor ET-B";"Homo sapiens";"SINGLE PROTEIN";"CHEMBL1130488";"1";"Scientific Literature";"Bioorg Med Chem Lett";"1997";"None";"";"";"";"6.8"
"CHEMBL296456";"";"None";"482.93";"0";"3.64";"5cc";"COc1cc(C#N)c(NC(=O)c2sccc2S(=O)(=O)Nc2onc(C)c2Cl)c(OC)c1";"IC50";"'='";"12200.0";"nM";"4.91";"";"";"UO_0000065";"10.17";"0.22";"1.27";"3.42";"0";"CHEMBL670643";"In vitro inhibition of endothelin binding to human Endothelin B receptor using [125I]-labeled ET-1 competition assay";"B";"BAO_0000357";"single protein format";"None";"None";"None";"None";"None";"";"";"";"CHEMBL1785";"Endothelin receptor ET-B";"Homo sapiens";"SINGLE PROTEIN";"CHEMBL1130042";"1";"Scientific Literature";"J Med Chem";"1997";"None";"";"";"";"12200.0"
"CHEMBL155973";"";"None";"455.47";"1";"5.18";"7m";"COc1cccc(-c2c(C(=O)O)c(=O)n(Cc3ccccc3OC)c3c2oc2ccccc23)c1";"IC50";"'='";"3500.0";"nM";"5.46";"";"";"UO_0000065";"11.98";"0.22";"0.28";"6.00";"0";"CHEMBL673047";"Ability to displace [125I]endothelin-1 from endothelin B receptor in porcine kidney membranes";"B";"BAO_0000249";"cell membrane format";"Sus scrofa";"CHEMBL3638241";"Kidney";"None";"Membrane";"";"";"";"CHEMBL1785";"Endothelin receptor ET-B";"Homo sapiens";"SINGLE PROTEIN";"CHEMBL1132506";"1";"Scientific Literature";"Bioorg Med Chem Lett";"1999";"None";"";"";"";"3.5"
"CHEMBL328089";"";"None";"413.32";"0";"4.58";"22f";"Cc1cccc(-c2ccsc2S(=O)(=O)Nc2onc(C)c2Br)c1";"IC50";"'='";"21200.0";"nM";"4.67";"";"";"UO_0000065";"11.31";"0.28";"0.09";"6.47";"0";"CHEMBL670635";"Compound was tested for binding affinity against Endothelin B receptor";"B";"BAO_0000357";"single protein format";"None";"None";"None";"None";"None";"";"";"";"CHEMBL1785";"Endothelin receptor ET-B";"Homo sapiens";"SINGLE PROTEIN";"CHEMBL1128922";"1";"Scientific Literature";"Bioorg Med Chem Lett";"1996";"None";"";"";"";"21.2"
"CHEMBL47417";"";"None";"484.40";"0";"4.98";"5o";"Cc1noc(NS(=O)(=O)c2ccsc2C(=O)Nc2ccc(C(C)C)cc2)c1Br";"IC50";"'='";"4370.0";"nM";"5.36";"";"";"UO_0000065";"11.06";"0.26";"0.38";"5.29";"0";"CHEMBL670643";"In vitro inhibition of endothelin binding to human Endothelin B receptor using [125I]-labeled ET-1 competition assay";"B";"BAO_0000357";"single protein format";"None";"None";"None";"None";"None";"";"";"";"CHEMBL1785";"Endothelin receptor ET-B";"Homo sapiens";"SINGLE PROTEIN";"CHEMBL1130042";"1";"Scientific Literature";"J Med Chem";"1997";"None";"";"";"";"4370.0"
"CHEMBL319679";"";"None";"503.60";"2";"7.29";"18";"CC(C)(C)c1ccc(COC(=O)C(c2ccc3c(c2)OCO3)c2c3ccccc3nc3ccccc23)cc1";"IC50";"";"";"nM";"";"";"Not Active";"UO_0000065";"";"";"";"";"0";"CHEMBL670637";"Inhibition of binding of [125I]ET1 to cloned human Endothelin B receptor expressed in CHO-K1 cells up to 200 uM; non significant";"B";"BAO_0000219";"cell-based format";"None";"None";"None";"CHO-K1";"None";"";"";"";"CHEMBL1785";"Endothelin receptor ET-B";"Homo sapiens";"SINGLE PROTEIN";"CHEMBL1128950";"1";"Scientific Literature";"Bioorg Med Chem Lett";"1996";"CHEMBL3307512";"";"";"";""
"CHEMBL285368";"";"None";"493.54";"1";"5.29";"7";"COc1cccc(Sc2c(C(=O)O)n(Cc3ccc4c(c3)OCO4)c3cc(OC)c(OC)cc23)c1";"IC50";"'='";"210.0";"nM";"6.68";"";"";"UO_0000065";"";"";"";"";"0";"CHEMBL848084";"Inhibition of ET- 1 stimulated arachidonic acid release (AAR) in cultured rabbit renal vascular smooth muscle cells expressing the endothelin B receptor.";"F";"BAO_0000019";"assay format";"Oryctolagus cuniculus";"None";"None";"None";"None";"";"";"";"CHEMBL1785";"Endothelin receptor ET-B";"Homo sapiens";"SINGLE PROTEIN";"CHEMBL1129097";"1";"Scientific Literature";"Bioorg Med Chem Lett";"1996";"None";"";"";"";"0.21"
"CHEMBL11369";"";"None";"520.53";"1";"4.16";"74";"COc1ccc(C2(O)OC(=O)C(c3ccc4c(c3)OCO4)=C2Cc2cc(OC)c(OC)c(OC)c2)cc1C";"IC50";"'='";"240.0";"nM";"6.62";"";"";"UO_0000065";"12.72";"0.24";"2.46";"6.50";"0";"CHEMBL677440";"Binding affinity against human cloned Endothelin B receptor expressed in CHO-K1 cells";"B";"BAO_0000219";"cell-based format";"None";"None";"None";"CHO-K1";"None";"";"";"";"CHEMBL1785";"Endothelin receptor ET-B";"Homo sapiens";"SINGLE PROTEIN";"CHEMBL1129982";"1";"Scientific Literature";"J Med Chem";"1997";"CHEMBL3307512";"";"";"";"240.0"
"CHEMBL96171";"";"None";"522.61";"1";"4.05";"rac-39m";"Cc1cc(C)nc(O[C@H](C(=O)O)[C@@]2(c3ccccc3)NCC(=O)N(CCc3ccccc3)c3ccccc32)n1";"IC50";"'='";"21.5";"nM";"7.67";"";"";"UO_0000065";"";"";"";"";"0";"CHEMBL670641";"Antagonist activity towards human recombinant Endothelin B receptor expressed in chinese hamster ovary (CHO) cells determined using [125I]ET1 as radioligand";"F";"BAO_0000219";"cell-based format";"None";"None";"None";"CHO";"None";"";"";"";"CHEMBL1785";"Endothelin receptor ET-B";"Homo sapiens";"SINGLE PROTEIN";"CHEMBL1149183";"1";"Scientific Literature";"J Med Chem";"2004";"CHEMBL3308072";"";"";"";"21.5"
"CHEMBL94488";"";"None";"607.49";"2";"5.92";"rac-84i";"COc1cc(OC)cc(O[C@H](C(=O)O)[C@@]2(c3ccccc3)NCC(=O)N(Cc3c(Cl)cccc3Cl)c3ccccc32)c1";"IC50";"'='";"392.0";"nM";"6.41";"";"";"UO_0000065";"";"";"";"";"0";"CHEMBL670641";"Antagonist activity towards human recombinant Endothelin B receptor expressed in chinese hamster ovary (CHO) cells determined using [125I]ET1 as radioligand";"F";"BAO_0000219";"cell-based format";"None";"None";"None";"CHO";"None";"";"";"";"CHEMBL1785";"Endothelin receptor ET-B";"Homo sapiens";"SINGLE PROTEIN";"CHEMBL1149183";"1";"Scientific Literature";"J Med Chem";"2004";"CHEMBL3308072";"";"";"";"392.0"
"CHEMBL172030";"";"None";"696.83";"3";"5.25";"12";"COc1ccccc1Oc1c(NS(=O)(=O)c2ccc(C(C)(C)C)cc2)nc(-c2ncccn2)nc1OCCNS(=O)(=O)c1cccs1";"IC50";"'='";"16.0";"nM";"7.80";"";"";"UO_0000065";"11.19";"0.23";"2.55";"4.54";"0";"CHEMBL670655";"Inhibitory concentration required against [125I]ET1 binding to membranes of CHO cells expressing human ETB receptor";"B";"BAO_0000219";"cell-based format";"None";"None";"None";"CHO";"None";"";"";"";"CHEMBL1785";"Endothelin receptor ET-B";"Homo sapiens";"SINGLE PROTEIN";"CHEMBL1136631";"1";"Scientific Literature";"Bioorg Med Chem Lett";"2003";"CHEMBL3308072";"";"";"";"16.0"
"CHEMBL323951";"";"None";"500.68";"2";"5.31";"8r";"C/C=C\C(C)(C)C[C@H]1[C@H](C(=O)O)[C@@H](c2ccc3c(c2)OCO3)CN1CC(=O)N(CCCC)CCCC";"IC50";"'='";"92700.0";"nM";"4.03";"";"";"UO_0000065";"8.05";"0.15";"-1.28";"5.09";"0";"CHEMBL676632";"Tested for binding affinity for human Endothelin B receptor by measuring its ability to displace [125I]ET-3 from chinese hamster ovary cells(CHO)";"B";"BAO_0000219";"cell-based format";"None";"None";"None";"ovary";"None";"";"";"";"CHEMBL1785";"Endothelin receptor ET-B";"Homo sapiens";"SINGLE PROTEIN";"CHEMBL1131628";"1";"Scientific Literature";"J Med Chem";"1998";"None";"";"";"";"92700.0"
"CHEMBL10622";"";"None";"444.44";"0";"3.60";"28";"COC(=O)c1ccc(C2(O)OC(=O)C(c3ccc4c(c3)OCO4)=C2Cc2ccccc2)cc1";"IC50";"'>'";"2500.0";"nM";"";"";"";"UO_0000065";"";"";"";"";"0";"CHEMBL677440";"Binding affinity against human cloned Endothelin B receptor expressed in CHO-K1 cells";"B";"BAO_0000219";"cell-based format";"None";"None";"None";"CHO-K1";"None";"";"";"";"CHEMBL1785";"Endothelin receptor ET-B";"Homo sapiens";"SINGLE PROTEIN";"CHEMBL1129982";"1";"Scientific Literature";"J Med Chem";"1997";"CHEMBL3307512";"";"";"";"2500.0"
"CHEMBL102173";"";"None";"458.51";"0";"4.40";"2s";"COc1ccc([C@@H]2c3nc(N4CCCC4)ccc3[C@H](c3ccc4c(c3)OCO4)[C@H]2C(=O)O)cc1";"IC50";"'='";"21.0";"nM";"7.68";"";"";"UO_0000065";"16.75";"0.31";"3.28";"9.46";"0";"CHEMBL670652";"Inhibitory activity against I-labeled ET-1 binding to Endothelin B receptor";"B";"BAO_0000357";"single protein format";"None";"None";"None";"None";"None";"";"";"";"CHEMBL1785";"Endothelin receptor ET-B";"Homo sapiens";"SINGLE PROTEIN";"CHEMBL1134926";"1";"Scientific Literature";"Bioorg Med Chem Lett";"2002";"None";"";"";"";"21.0"
"CHEMBL4565926";"";"None";"541.45";"1";"3.14";"45";"CCNS(=O)(=O)Nc1ncnc(OCCOc2ncc(SC)cn2)c1-c1ccc(Br)cc1";"IC50";"'='";"203.0";"nM";"6.69";"";"";"UO_0000065";"12.36";"0.29";"3.55";"5.22";"0";"CHEMBL4426324";"Displacement of [125I]-ET-1 from human ETB receptor expressed in CHO cell membranes after 2 hrs by scintillation counting";"B";"BAO_0000219";"cell-based format";"Homo sapiens";"None";"None";"CHO";"None";"";"";"";"CHEMBL1785";"Endothelin receptor ET-B";"Homo sapiens";"SINGLE PROTEIN";"CHEMBL4425117";"1";"Scientific Literature";"Bioorg Med Chem Lett";"2016";"CHEMBL3308072";"";"";"";"203.0"
"CHEMBL4447655";"";"None";"592.67";"1";"5.00";"21";"COc1ccccc1Oc1c(NS(=O)(=O)c2ccc(C(C)(C)C)cc2)nc(C(=O)Nc2ccccc2)nc1OCCO";"IC50";"'='";"60.0";"nM";"7.22";"";"";"UO_0000065";"12.19";"0.23";"2.22";"4.85";"0";"CHEMBL4426310";"Displacement of radioligand from ETB receptor in human placenta cell membranes";"B";"BAO_0000219";"cell-based format";"Homo sapiens";"None";"None";"None";"None";"";"";"";"CHEMBL1785";"Endothelin receptor ET-B";"Homo sapiens";"SINGLE PROTEIN";"CHEMBL4425117";"1";"Scientific Literature";"Bioorg Med Chem Lett";"2016";"None";"";"";"";"0.06"
"CHEMBL10922";"";"None";"542.52";"1";"4.72";"74, Na salt";"COc1ccc(C(=O)/C(Cc2cc(OC)c(OC)c(OC)c2)=C(\C(=O)[O-])c2ccc3c(c2)OCO3)cc1C.[Na+]";"IC50";"'='";"1900.0";"nM";"5.72";"";"";"UO_0000065";"10.99";"0.21";"1.00";"5.21";"0";"CHEMBL871935";"Inhibition of Endothelin B receptor mediated (ET-3) release of arachidonic acid from human cloned receptors expressed in CHO-K1 cells";"B";"BAO_0000219";"cell-based format";"None";"None";"None";"CHO-K1";"None";"";"";"";"CHEMBL1785";"Endothelin receptor ET-B";"Homo sapiens";"SINGLE PROTEIN";"CHEMBL1129982";"1";"Scientific Literature";"J Med Chem";"1997";"CHEMBL3307512";"";"";"";"1900.0"
"CHEMBL273613";"";"None";"400.43";"0";"4.12";"7";"Cc1ccc(C2(O)OC(=O)C(c3ccc4c(c3)OCO4)=C2Cc2ccccc2)cc1";"IC50";"'>'";"25000.0";"nM";"";"";"";"UO_0000065";"";"";"";"";"1";"CHEMBL677440";"Binding affinity against human cloned Endothelin B receptor expressed in CHO-K1 cells";"B";"BAO_0000219";"cell-based format";"None";"None";"None";"CHO-K1";"None";"";"";"";"CHEMBL1785";"Endothelin receptor ET-B";"Homo sapiens";"SINGLE PROTEIN";"CHEMBL1129982";"1";"Scientific Literature";"J Med Chem";"1997";"CHEMBL3307512";"";"";"";"25000.0"
"CHEMBL302776";"";"None";"584.67";"2";"0.34";"3";"CC(C)C[C@@H]1NC(=O)[C@H](C(C)C)NC(=O)[C@H](C)NC(=O)[C@H](CC(=O)O)NC(=O)[C@@H](Cc2c[nH]c3ccccc23)NC1=O";"IC50";"'>'";"100000.0";"nM";"";"";"";"UO_0000065";"";"";"";"";"0";"CHEMBL670731";"Binding activity against Endothelin B receptor 0f Porcine cerebellum membranes";"B";"BAO_0000221";"tissue-based format";"Sus scrofa";"CHEMBL3638233";"Cerebellum";"None";"None";"";"";"";"CHEMBL1785";"Endothelin receptor ET-B";"Homo sapiens";"SINGLE PROTEIN";"CHEMBL1126071";"1";"Scientific Literature";"J Med Chem";"1992";"None";"";"";"";"100.0"
"CHEMBL327976";"";"None";"543.02";"1";"4.66";"rac-39u";"Cc1cc(C)nc(O[C@H](C(=O)O)[C@@]2(c3ccccc3)NCC(=O)N(Cc3cccc(Cl)c3)c3ccccc32)n1";"IC50";"'='";"21.4";"nM";"7.67";"";"";"UO_0000065";"";"";"";"";"0";"CHEMBL670641";"Antagonist activity towards human recombinant Endothelin B receptor expressed in chinese hamster ovary (CHO) cells determined using [125I]ET1 as radioligand";"F";"BAO_0000219";"cell-based format";"None";"None";"None";"CHO";"None";"";"";"";"CHEMBL1785";"Endothelin receptor ET-B";"Homo sapiens";"SINGLE PROTEIN";"CHEMBL1149183";"1";"Scientific Literature";"J Med Chem";"2004";"CHEMBL3308072";"";"";"";"21.4"
"CHEMBL415010";"";"None";"564.69";"2";"5.35";"rac-39ai";"CCCCc1ccc(CN2C(=O)CN[C@](c3ccccc3)([C@H](Oc3nc(C)cc(C)n3)C(=O)O)c3ccccc32)cc1";"IC50";"'='";"11.1";"nM";"7.96";"";"";"UO_0000065";"";"";"";"";"0";"CHEMBL670641";"Antagonist activity towards human recombinant Endothelin B receptor expressed in chinese hamster ovary (CHO) cells determined using [125I]ET1 as radioligand";"F";"BAO_0000219";"cell-based format";"None";"None";"None";"CHO";"None";"";"";"";"CHEMBL1785";"Endothelin receptor ET-B";"Homo sapiens";"SINGLE PROTEIN";"CHEMBL1149183";"1";"Scientific Literature";"J Med Chem";"2004";"CHEMBL3308072";"";"";"";"11.1"
"CHEMBL276173";"";"None";"430.46";"0";"4.48";"76";"COc1ccc(C2(OC)OC(=O)C(c3ccc4c(c3)OCO4)=C2Cc2ccccc2)cc1";"IC50";"'>'";"25000.0";"nM";"";"";"";"UO_0000065";"";"";"";"";"1";"CHEMBL677440";"Binding affinity against human cloned Endothelin B receptor expressed in CHO-K1 cells";"B";"BAO_0000219";"cell-based format";"None";"None";"None";"CHO-K1";"None";"";"";"";"CHEMBL1785";"Endothelin receptor ET-B";"Homo sapiens";"SINGLE PROTEIN";"CHEMBL1129982";"1";"Scientific Literature";"J Med Chem";"1997";"CHEMBL3307512";"";"";"";"25000.0"
"CHEMBL112417";"";"None";"488.67";"1";"5.14";"8c";"CCCCN(CCCC)C(=O)CN1C[C@H](c2ccc3c(c2)OCO3)[C@@H](C(=O)O)[C@@H]1CC(C)CCC";"IC50";"'='";"71000.0";"nM";"4.15";"";"";"UO_0000065";"8.49";"0.16";"-0.99";"5.23";"0";"CHEMBL670729";"Binding affinity for endothelin B receptor by measuring its ability to displace [125I]-ET-3 from porcine cerebellar tissue";"B";"BAO_0000357";"single protein format";"Sus scrofa";"None";"None";"None";"None";"";"";"";"CHEMBL1785";"Endothelin receptor ET-B";"Homo sapiens";"SINGLE PROTEIN";"CHEMBL1131628";"1";"Scientific Literature";"J Med Chem";"1998";"None";"";"";"";"71000.0"
"CHEMBL433074";"";"None";"498.42";"1";"5.16";"5r";"Cc1noc(NS(=O)(=O)c2ccsc2C(=O)Nc2ccc(C(C)(C)C)cc2)c1Br";"IC50";"'='";"6920.0";"nM";"5.16";"";"";"UO_0000065";"10.35";"0.24";"0.00";"5.09";"0";"CHEMBL670643";"In vitro inhibition of endothelin binding to human Endothelin B receptor using [125I]-labeled ET-1 competition assay";"B";"BAO_0000357";"single protein format";"None";"None";"None";"None";"None";"";"";"";"CHEMBL1785";"Endothelin receptor ET-B";"Homo sapiens";"SINGLE PROTEIN";"CHEMBL1130042";"1";"Scientific Literature";"J Med Chem";"1997";"None";"";"";"";"6920.0"
"CHEMBL46357";"";"None";"559.42";"0";"3.57";"15a";"CCOC(C)=O.Cc1noc(NS(=O)(=O)c2ccsc2C(=O)c2ccc3c(c2)OCO3)c1Br";"IC50";"'='";"15400.0";"nM";"4.81";"";"";"UO_0000065";"10.21";"0.24";"1.24";"4.47";"0";"CHEMBL670644";"In vitro inhibition of endothelin binding to human Endothelin B receptor using [125I]-labeled ET-1 competition assay";"B";"BAO_0000357";"single protein format";"None";"None";"None";"None";"None";"";"";"";"CHEMBL1785";"Endothelin receptor ET-B";"Homo sapiens";"SINGLE PROTEIN";"CHEMBL1130344";"1";"Scientific Literature";"J Med Chem";"1997";"None";"";"";"";"15400.0"
"CHEMBL80317";"";"None";"410.09";"0";"3.62";"29a";"Cc1noc(NS(=O)(=O)c2cc(Br)ccc2Br)c1C";"IC50";"'='";"33000.0";"nM";"4.48";"";"";"UO_0000065";"10.93";"0.32";"0.86";"6.21";"0";"CHEMBL677439";"Binding affinity against human Endothelin B receptor in transfected COS 7 cell membrane preparation";"B";"BAO_0000219";"cell-based format";"None";"None";"None";"COS 7";"None";"";"";"";"CHEMBL1785";"Endothelin receptor ET-B";"Homo sapiens";"SINGLE PROTEIN";"CHEMBL1129771";"1";"Scientific Literature";"Bioorg Med Chem Lett";"1996";"None";"";"";"";"33.0"
"CHEMBL311461";"";"None";"386.05";"0";"3.85";"19b";"Cc1noc(NS(=O)(=O)c2cc(Cl)cc(Cl)c2)c1Br";"IC50";"'='";"14000.0";"nM";"4.85";"";"";"UO_0000065";"12.57";"0.35";"1.00";"6.72";"0";"CHEMBL677439";"Binding affinity against human Endothelin B receptor in transfected COS 7 cell membrane preparation";"B";"BAO_0000219";"cell-based format";"None";"None";"None";"COS 7";"None";"";"";"";"CHEMBL1785";"Endothelin receptor ET-B";"Homo sapiens";"SINGLE PROTEIN";"CHEMBL1129771";"1";"Scientific Literature";"Bioorg Med Chem Lett";"1996";"None";"";"";"";"14.0"
"CHEMBL241460";"";"None";"859.95";"3";"5.33";"2";"CC(=O)CC(=O)CCc1ccc(NC(=O)CCOCCOCCOCCOCC(=O)N(C)Cc2cc(-c3ncco3)ccc2-c2ccccc2S(=O)(=O)Nc2ccno2)cc1";"IC50";"'='";"1110.0";"nM";"5.96";"";"";"UO_0000065";"6.92";"0.13";"0.62";"2.72";"0";"CHEMBL902324";"Displacement of [125I]ET1 from human ETB receptor expressed in CHO cells";"B";"BAO_0000219";"cell-based format";"Homo sapiens";"None";"None";"CHO";"None";"";"";"";"CHEMBL1785";"Endothelin receptor ET-B";"Homo sapiens";"SINGLE PROTEIN";"CHEMBL1138388";"1";"Scientific Literature";"Bioorg Med Chem Lett";"2007";"CHEMBL3308072";"";"";"";"1110.0"
"CHEMBL78734";"";"None";"335.15";"0";"2.69";"12b";"Cc1noc(NS(=O)(=O)c2ccc(F)cc2)c1Br";"IC50";"'='";"14000.0";"nM";"4.85";"";"";"UO_0000065";"14.48";"0.37";"2.16";"6.72";"0";"CHEMBL677439";"Binding affinity against human Endothelin B receptor in transfected COS 7 cell membrane preparation";"B";"BAO_0000219";"cell-based format";"None";"None";"None";"COS 7";"None";"";"";"";"CHEMBL1785";"Endothelin receptor ET-B";"Homo sapiens";"SINGLE PROTEIN";"CHEMBL1129771";"1";"Scientific Literature";"Bioorg Med Chem Lett";"1996";"None";"";"";"";"14.0"
"CHEMBL295207";"";"None";"472.34";"0";"3.87";"5f";"COc1ccccc1NC(=O)c1sccc1S(=O)(=O)Nc1onc(C)c1Br";"IC50";"'='";"61700.0";"nM";"4.21";"";"";"UO_0000065";"8.91";"0.21";"0.34";"3.81";"0";"CHEMBL670643";"In vitro inhibition of endothelin binding to human Endothelin B receptor using [125I]-labeled ET-1 competition assay";"B";"BAO_0000357";"single protein format";"None";"None";"None";"None";"None";"";"";"";"CHEMBL1785";"Endothelin receptor ET-B";"Homo sapiens";"SINGLE PROTEIN";"CHEMBL1130042";"1";"Scientific Literature";"J Med Chem";"1997";"None";"";"";"";"61700.0"
"CHEMBL174094";"";"None";"544.63";"2";"5.45";"45";"C#CCOc1nc(-c2ccncc2)nc(NS(=O)(=O)c2ccc(C(C)(C)C)cc2)c1Oc1ccccc1OC";"IC50";"'='";"295.0";"nM";"6.53";"";"";"UO_0000065";"11.99";"0.23";"1.08";"5.80";"0";"CHEMBL670645";"In vitro inhibitory concentration required against [125I]ET1 binding to membranes of CHO cells expressing human ETB receptor";"B";"BAO_0000219";"cell-based format";"None";"None";"None";"CHO";"None";"";"";"";"CHEMBL1785";"Endothelin receptor ET-B";"Homo sapiens";"SINGLE PROTEIN";"CHEMBL1136632";"1";"Scientific Literature";"Bioorg Med Chem Lett";"2003";"CHEMBL3308072";"";"";"";"295.0"
"CHEMBL80782";"";"None";"410.29";"0";"3.77";"33b";"Cc1noc(NS(=O)(=O)c2cccc3c(N(C)C)cccc23)c1Br";"IC50";"'='";"3300.0";"nM";"5.48";"";"";"UO_0000065";"13.36";"0.31";"1.71";"7.27";"0";"CHEMBL677273";"Binding affinity against human ETB receptor in transfected COS 7 cell membrane preparation";"B";"BAO_0000219";"cell-based format";"None";"None";"None";"COS 7";"None";"";"";"";"CHEMBL1785";"Endothelin receptor ET-B";"Homo sapiens";"SINGLE PROTEIN";"CHEMBL1129771";"1";"Scientific Literature";"Bioorg Med Chem Lett";"1996";"None";"";"";"";"3.3"
"CHEMBL330425";"";"None";"432.48";"0";"2.44";"rac-9b";"Cc1cc(C)nc(O[C@H](C(=O)O)[C@@]2(c3ccccc3)NCC(=O)N(C)c3ccccc32)n1";"IC50";"'='";"184.0";"nM";"6.74";"";"";"UO_0000065";"";"";"";"";"0";"CHEMBL670641";"Antagonist activity towards human recombinant Endothelin B receptor expressed in chinese hamster ovary (CHO) cells determined using [125I]ET1 as radioligand";"F";"BAO_0000219";"cell-based format";"None";"None";"None";"CHO";"None";"";"";"";"CHEMBL1785";"Endothelin receptor ET-B";"Homo sapiens";"SINGLE PROTEIN";"CHEMBL1149183";"1";"Scientific Literature";"J Med Chem";"2004";"CHEMBL3308072";"";"";"";"184.0"
"CHEMBL318247";"";"None";"544.56";"1";"4.28";"rac-39am";"Cc1cc(C)nc(O[C@H](C(=O)O)[C@@]2(c3ccccc3)NCC(=O)N(Cc3ccc(F)cc3F)c3ccccc32)n1";"IC50";"'='";"109.0";"nM";"6.96";"";"";"UO_0000065";"";"";"";"";"0";"CHEMBL670641";"Antagonist activity towards human recombinant Endothelin B receptor expressed in chinese hamster ovary (CHO) cells determined using [125I]ET1 as radioligand";"F";"BAO_0000219";"cell-based format";"None";"None";"None";"CHO";"None";"";"";"";"CHEMBL1785";"Endothelin receptor ET-B";"Homo sapiens";"SINGLE PROTEIN";"CHEMBL1149183";"1";"Scientific Literature";"J Med Chem";"2004";"CHEMBL3308072";"";"";"";"109.0"
"CHEMBL417651";"";"None";"328.39";"0";"3.76";"35a";"Cc1noc(NS(=O)(=O)c2cccc(-c3ccccc3)c2)c1C";"IC50";"'='";"4900.0";"nM";"5.31";"";"";"UO_0000065";"16.17";"0.32";"1.55";"7.35";"0";"CHEMBL677439";"Binding affinity against human Endothelin B receptor in transfected COS 7 cell membrane preparation";"B";"BAO_0000219";"cell-based format";"None";"None";"None";"COS 7";"None";"";"";"";"CHEMBL1785";"Endothelin receptor ET-B";"Homo sapiens";"SINGLE PROTEIN";"CHEMBL1129771";"1";"Scientific Literature";"Bioorg Med Chem Lett";"1996";"None";"";"";"";"4.9"
"CHEMBL429019";"";"None";"1267.46";"None";"None";"22";"CC(=O)CC(=O)CCc1ccc(NC(=O)CCOCCOCCOCCOCCOCCOCCOCCOCCOCCOCCOCCNC(=O)CCCC(=O)N(C)Cc2cc(-c3ncco3)ccc2-c2ccccc2S(=O)(=O)Nc2ccno2)cc1";"IC50";"'='";"4510.0";"nM";"5.35";"";"";"UO_0000065";"4.22";"None";"None";"None";"0";"CHEMBL902324";"Displacement of [125I]ET1 from human ETB receptor expressed in CHO cells";"B";"BAO_0000219";"cell-based format";"Homo sapiens";"None";"None";"CHO";"None";"";"";"";"CHEMBL1785";"Endothelin receptor ET-B";"Homo sapiens";"SINGLE PROTEIN";"CHEMBL1138388";"1";"Scientific Literature";"Bioorg Med Chem Lett";"2007";"CHEMBL3308072";"";"";"";"4510.0"
"CHEMBL308646";"";"None";"564.54";"2";"3.39";"23";"COC(=O)COc1cc(CC2=C(c3ccc4c(c3)OCO4)C(=O)OC2(O)c2ccc(OC)cc2)cc(OC)c1OC";"IC50";"'='";"600.0";"nM";"6.22";"";"";"UO_0000065";"11.02";"0.21";"2.83";"4.85";"0";"CHEMBL670638";"Inhibition of [125I]ET1 binding to recombinant human Endothelin B receptor.";"B";"BAO_0000357";"single protein format";"None";"None";"None";"None";"None";"";"";"";"CHEMBL1785";"Endothelin receptor ET-B";"Homo sapiens";"SINGLE PROTEIN";"CHEMBL1132648";"1";"Scientific Literature";"J Med Chem";"1999";"None";"";"";"";"600.0"
"CHEMBL1271586";"";"None";"557.60";"2";"5.51";"2g";"CCCCOc1ccc2c(c1)c(=O)c(Cc1cccc(C(=O)O)c1)c(C(=O)O)n2Cc1cc2c(cc1CC)OCO2";"IC50";"'='";"548.2";"nM";"6.26";"";"";"UO_0000065";"11.23";"0.21";"0.75";"5.04";"0";"CHEMBL1272363";"Displacement of [125I]ET1 from human ETB receptor expressed in membranes";"B";"BAO_0000019";"assay format";"Homo sapiens";"None";"None";"None";"None";"";"";"";"CHEMBL1785";"Endothelin receptor ET-B";"Homo sapiens";"SINGLE PROTEIN";"CHEMBL1268959";"1";"Scientific Literature";"Bioorg Med Chem Lett";"2010";"None";"";"";"";"548.2"
"CHEMBL1272190";"";"None";"529.55";"1";"4.73";"43";"CCOc1ccc2c(c1)c(=O)c(Cc1cccc(C(=O)O)c1)c(C(=O)O)n2Cc1cc2c(cc1CC)OCO2";"IC50";"'='";"3119.0";"nM";"5.51";"";"";"UO_0000065";"10.40";"0.19";"0.78";"4.43";"1";"CHEMBL4030315";"Antagonist activity at ETB receptor (unknown origin) expressed in HEK293T cells measured after 30 mins by CCF4-AM dye based GeneBlazer FRET assay";"B";"BAO_0000219";"cell-based format";"Homo sapiens";"None";"None";"None";"None";"";"";"";"CHEMBL1785";"Endothelin receptor ET-B";"Homo sapiens";"SINGLE PROTEIN";"CHEMBL4028842";"1";"Scientific Literature";"Bioorg Med Chem Lett";"2017";"None";"";"";"";"3119.0"
"CHEMBL89203";"";"None";"427.35";"0";"4.84";"22k";"CCc1ccc(-c2ccsc2S(=O)(=O)Nc2onc(C)c2Br)cc1";"IC50";"'='";"43850.0";"nM";"4.36";"";"";"UO_0000065";"10.20";"0.25";"-0.48";"6.04";"0";"CHEMBL670635";"Compound was tested for binding affinity against Endothelin B receptor";"B";"BAO_0000357";"single protein format";"None";"None";"None";"None";"None";"";"";"";"CHEMBL1785";"Endothelin receptor ET-B";"Homo sapiens";"SINGLE PROTEIN";"CHEMBL1128922";"1";"Scientific Literature";"Bioorg Med Chem Lett";"1996";"None";"";"";"";"43.85"
"CHEMBL324586";"";"None";"514.71";"2";"5.70";"8q";"CCCCN(CCCC)C(=O)CN1C[C@H](c2ccc3c(c2)OCO3)[C@@H](C(=O)O)[C@@H]1CC(C)(C)C=C(C)C";"IC50";"'='";"64000.0";"nM";"4.19";"";"";"UO_0000065";"8.15";"0.15";"-1.51";"5.29";"0";"CHEMBL670729";"Binding affinity for endothelin B receptor by measuring its ability to displace [125I]-ET-3 from porcine cerebellar tissue";"B";"BAO_0000357";"single protein format";"Sus scrofa";"None";"None";"None";"None";"";"";"";"CHEMBL1785";"Endothelin receptor ET-B";"Homo sapiens";"SINGLE PROTEIN";"CHEMBL1131628";"1";"Scientific Literature";"J Med Chem";"1998";"None";"";"";"";"64000.0"
"CHEMBL69353";"";"None";"674.75";"2";"3.24";"22";"COc1ccc(C2(O)OC(=O)C(c3ccc4c(c3)OCO4)=C2Cc2cc(OCCN3CCOCC3)cc(OCCN3CCOCC3)c2)cc1";"IC50";"'>'";"2500.0";"nM";"";"";"";"UO_0000065";"";"";"";"";"0";"CHEMBL670638";"Inhibition of [125I]ET1 binding to recombinant human Endothelin B receptor.";"B";"BAO_0000357";"single protein format";"None";"None";"None";"None";"None";"";"";"";"CHEMBL1785";"Endothelin receptor ET-B";"Homo sapiens";"SINGLE PROTEIN";"CHEMBL1132648";"1";"Scientific Literature";"J Med Chem";"1999";"None";"";"";"";"2500.0"
"CHEMBL37973";"";"None";"518.61";"2";"5.65";"2e";"COc1ccc([C@@H]2c3nc(NC(C)C)ccc3[C@H](c3ccc4c(c3)OCO4)[C@H]2C(=O)O)c(OCC(C)C)c1";"IC50";"'='";"420.0";"nM";"6.38";"";"";"UO_0000065";"12.30";"0.23";"0.73";"6.43";"0";"CHEMBL670651";"Inhibitory activity against [125I]ET1 binding to human endothelin B receptor";"B";"BAO_0000357";"single protein format";"None";"None";"None";"None";"None";"";"";"";"CHEMBL1785";"Endothelin receptor ET-B";"Homo sapiens";"SINGLE PROTEIN";"CHEMBL1147633";"1";"Scientific Literature";"Bioorg Med Chem Lett";"2004";"None";"";"";"";"420.0"
"CHEMBL103573";"";"None";"372.38";"0";"4.60";"7";"COC(=O)C(c1ccc([N+](=O)[O-])cc1)c1c2ccccc2nc2ccccc12";"IC50";"";"";"nM";"";"";"Not Active";"UO_0000065";"";"";"";"";"0";"CHEMBL670637";"Inhibition of binding of [125I]ET1 to cloned human Endothelin B receptor expressed in CHO-K1 cells up to 200 uM; non significant";"B";"BAO_0000219";"cell-based format";"None";"None";"None";"CHO-K1";"None";"";"";"";"CHEMBL1785";"Endothelin receptor ET-B";"Homo sapiens";"SINGLE PROTEIN";"CHEMBL1128950";"1";"Scientific Literature";"Bioorg Med Chem Lett";"1996";"CHEMBL3307512";"";"";"";""
"CHEMBL37427";"";"None";"531.61";"1";"4.60";"2v";"COc1ccc([C@@H]2c3nc(NC(C)C)ccc3[C@H](c3ccc4c(c3)OCO4)[C@H]2C(=O)O)c(CN(C)C(C)=O)c1";"IC50";"'='";"43.0";"nM";"7.37";"";"";"UO_0000065";"13.86";"0.26";"2.77";"6.68";"0";"CHEMBL670651";"Inhibitory activity against [125I]ET1 binding to human endothelin B receptor";"B";"BAO_0000357";"single protein format";"None";"None";"None";"None";"None";"";"";"";"CHEMBL1785";"Endothelin receptor ET-B";"Homo sapiens";"SINGLE PROTEIN";"CHEMBL1147633";"1";"Scientific Literature";"Bioorg Med Chem Lett";"2004";"None";"";"";"";"43.0"
"CHEMBL367275";"";"None";"662.77";"2";"3.04";"43";"COc1ccccc1Oc1c(NS(=O)(=O)c2ccc(C)cn2)nc(N2CCOCC2)nc1OCCNS(=O)(=O)c1cccs1";"IC50";"'='";"447.0";"nM";"6.35";"";"";"UO_0000065";"9.58";"0.20";"3.31";"3.71";"0";"CHEMBL670655";"Inhibitory concentration required against [125I]ET1 binding to membranes of CHO cells expressing human ETB receptor";"B";"BAO_0000219";"cell-based format";"None";"None";"None";"CHO";"None";"";"";"";"CHEMBL1785";"Endothelin receptor ET-B";"Homo sapiens";"SINGLE PROTEIN";"CHEMBL1136631";"1";"Scientific Literature";"Bioorg Med Chem Lett";"2003";"CHEMBL3308072";"";"";"";"447.0"
"CHEMBL95013";"";"None";"508.58";"1";"4.01";"rac-39l";"Cc1cc(C)nc(O[C@H](C(=O)O)[C@@]2(c3ccccc3)NCC(=O)N(Cc3ccccc3)c3ccccc32)n1";"IC50";"'='";"47.4";"nM";"7.32";"";"";"UO_0000065";"";"";"";"";"0";"CHEMBL670641";"Antagonist activity towards human recombinant Endothelin B receptor expressed in chinese hamster ovary (CHO) cells determined using [125I]ET1 as radioligand";"F";"BAO_0000219";"cell-based format";"None";"None";"None";"CHO";"None";"";"";"";"CHEMBL1785";"Endothelin receptor ET-B";"Homo sapiens";"SINGLE PROTEIN";"CHEMBL1149183";"1";"Scientific Literature";"J Med Chem";"2004";"CHEMBL3308072";"";"";"";"47.4"
"CHEMBL319007";"";"None";"576.58";"2";"5.02";"rac-39x";"Cc1cc(C)nc(O[C@H](C(=O)O)[C@@]2(c3ccccc3)NCC(=O)N(Cc3cccc(C(F)(F)F)c3)c3ccccc32)n1";"IC50";"'='";"15.6";"nM";"7.81";"";"";"UO_0000065";"";"";"";"";"0";"CHEMBL670641";"Antagonist activity towards human recombinant Endothelin B receptor expressed in chinese hamster ovary (CHO) cells determined using [125I]ET1 as radioligand";"F";"BAO_0000219";"cell-based format";"None";"None";"None";"CHO";"None";"";"";"";"CHEMBL1785";"Endothelin receptor ET-B";"Homo sapiens";"SINGLE PROTEIN";"CHEMBL1149183";"1";"Scientific Literature";"J Med Chem";"2004";"CHEMBL3308072";"";"";"";"15.6"
"CHEMBL348407";"";"None";"485.49";"1";"5.19";"7s";"COc1ccc(-c2c(C(=O)O)c(=O)n(Cc3cc(OC)ccc3OC)c3c2oc2ccccc23)cc1";"IC50";"'='";"41.0";"nM";"7.39";"";"";"UO_0000065";"15.22";"0.28";"2.20";"7.38";"0";"CHEMBL673047";"Ability to displace [125I]endothelin-1 from endothelin B receptor in porcine kidney membranes";"B";"BAO_0000249";"cell membrane format";"Sus scrofa";"CHEMBL3638241";"Kidney";"None";"Membrane";"";"";"";"CHEMBL1785";"Endothelin receptor ET-B";"Homo sapiens";"SINGLE PROTEIN";"CHEMBL1132506";"1";"Scientific Literature";"Bioorg Med Chem Lett";"1999";"None";"";"";"";"0.041"
"CHEMBL293012";"";"None";"450.51";"1";"5.59";"80";"Cc1ccc(C2=C(C(=O)O)C(c3ccc4c(c3)OCO4)Oc3ccc(OC(C)C)cc32)s1";"IC50";"'='";"1800.0";"nM";"5.75";"";"";"UO_0000065";"12.75";"0.25";"0.15";"7.74";"0";"CHEMBL4426324";"Displacement of [125I]-ET-1 from human ETB receptor expressed in CHO cell membranes after 2 hrs by scintillation counting";"B";"BAO_0000219";"cell-based format";"Homo sapiens";"None";"None";"CHO";"None";"";"";"";"CHEMBL1785";"Endothelin receptor ET-B";"Homo sapiens";"SINGLE PROTEIN";"CHEMBL4425117";"1";"Scientific Literature";"Bioorg Med Chem Lett";"2016";"CHEMBL3308072";"";"";"";"1.8"
"CHEMBL4435789";"";"None";"469.52";"0";"2.50";"93";"Cc1ccc(=O)n([C@@H](C(=O)NS(=O)(=O)c2ccc(C(C)C)cc2)c2ccc3c(c2)OCO3)n1";"IC50";"'='";"3.5";"nM";"8.46";"";"";"UO_0000065";"18.01";"0.35";"5.96";"7.25";"0";"CHEMBL4426324";"Displacement of [125I]-ET-1 from human ETB receptor expressed in CHO cell membranes after 2 hrs by scintillation counting";"B";"BAO_0000219";"cell-based format";"Homo sapiens";"None";"None";"CHO";"None";"";"";"";"CHEMBL1785";"Endothelin receptor ET-B";"Homo sapiens";"SINGLE PROTEIN";"CHEMBL4425117";"1";"Scientific Literature";"Bioorg Med Chem Lett";"2016";"CHEMBL3308072";"";"";"";"3.5"
"CHEMBL305777";"";"None";"503.55";"1";"3.76";"10";"COc1ccc(C2(O)OC(=O)C(c3ccc4c(c3)OCO4)=C2Cc2cccc(OCCN(C)C)c2)cc1";"IC50";"'='";"2400.0";"nM";"5.62";"";"";"UO_0000065";"11.16";"0.21";"1.86";"6.48";"0";"CHEMBL670638";"Inhibition of [125I]ET1 binding to recombinant human Endothelin B receptor.";"B";"BAO_0000357";"single protein format";"None";"None";"None";"None";"None";"";"";"";"CHEMBL1785";"Endothelin receptor ET-B";"Homo sapiens";"SINGLE PROTEIN";"CHEMBL1132648";"1";"Scientific Literature";"J Med Chem";"1999";"None";"";"";"";"2400.0"
"CHEMBL304762";"";"None";"578.57";"1";"4.08";"26";"COc1ccc(C2(O)OC(=O)C(c3ccc4c(c3)OCO4)=C2Cc2cc(OC)c(OC)c(OCCCC(=O)O)c2)cc1";"IC50";"'='";"1200.0";"nM";"5.92";"";"";"UO_0000065";"10.23";"0.19";"1.84";"4.25";"0";"CHEMBL670638";"Inhibition of [125I]ET1 binding to recombinant human Endothelin B receptor.";"B";"BAO_0000357";"single protein format";"None";"None";"None";"None";"None";"";"";"";"CHEMBL1785";"Endothelin receptor ET-B";"Homo sapiens";"SINGLE PROTEIN";"CHEMBL1132648";"1";"Scientific Literature";"J Med Chem";"1999";"None";"";"";"";"1200.0"
"CHEMBL275897";"";"None";"682.72";"3";"5.08";"68";"COc1ccccc1Oc1c(NS(=O)(=O)c2ccc(C(C)C)cn2)nc(-c2ccncc2)nc1OCC#CCOC(=O)Nc1cnccn1";"IC50";"'='";"236.0";"nM";"6.63";"";"";"UO_0000065";"9.71";"0.18";"1.55";"3.50";"0";"CHEMBL670645";"In vitro inhibitory concentration required against [125I]ET1 binding to membranes of CHO cells expressing human ETB receptor";"B";"BAO_0000219";"cell-based format";"None";"None";"None";"CHO";"None";"";"";"";"CHEMBL1785";"Endothelin receptor ET-B";"Homo sapiens";"SINGLE PROTEIN";"CHEMBL1136632";"1";"Scientific Literature";"Bioorg Med Chem Lett";"2003";"CHEMBL3308072";"";"";"";"236.0"
"CHEMBL174413";"";"None";"600.68";"2";"3.16";"37";"CCS(=O)(=O)NCCOc1nc(-c2ccncc2)nc(NS(=O)(=O)c2ccc(C)cn2)c1Oc1ccccc1OC";"IC50";"'='";"5402.0";"nM";"5.27";"";"";"UO_0000065";"8.77";"0.18";"2.11";"3.07";"0";"CHEMBL670655";"Inhibitory concentration required against [125I]ET1 binding to membranes of CHO cells expressing human ETB receptor";"B";"BAO_0000219";"cell-based format";"None";"None";"None";"CHO";"None";"";"";"";"CHEMBL1785";"Endothelin receptor ET-B";"Homo sapiens";"SINGLE PROTEIN";"CHEMBL1136631";"1";"Scientific Literature";"Bioorg Med Chem Lett";"2003";"CHEMBL3308072";"";"";"";"5402.0"
"CHEMBL262993";"";"None";"950.15";"2";"4.27";"3";"CC[C@H](C)[C@H](NC(=O)[C@H](CC(=O)O)NC(=O)[C@H](CC(C)C)NC(=O)[C@@H](NC(C)=O)C1c2ccccc2CCc2ccccc21)C(=O)N[C@H](C(=O)N[C@@H](Cc1c[nH]c2ccccc12)C(=O)O)[C@@H](C)CC";"IC50";"'='";"210.0";"nM";"6.68";"";"";"UO_0000065";"7.03";"0.13";"2.41";"2.52";"0";"CHEMBL677445";"Binding affinity measured in CHO cells stably transfected with the human endothelin B receptor";"B";"BAO_0000219";"cell-based format";"Homo sapiens";"None";"None";"CHO";"None";"";"";"";"CHEMBL1785";"Endothelin receptor ET-B";"Homo sapiens";"SINGLE PROTEIN";"CHEMBL1128478";"1";"Scientific Literature";"J Med Chem";"1995";"CHEMBL3308072";"";"";"";"0.21"
"CHEMBL157827";"";"None";"469.49";"1";"5.57";"7g";"CCOc1ccccc1Cn1c(=O)c(C(=O)O)c(-c2ccc(OC)cc2)c2oc3ccccc3c21";"IC50";"'='";"1300.0";"nM";"5.89";"";"";"UO_0000065";"12.54";"0.23";"0.32";"6.48";"0";"CHEMBL673047";"Ability to displace [125I]endothelin-1 from endothelin B receptor in porcine kidney membranes";"B";"BAO_0000249";"cell membrane format";"Sus scrofa";"CHEMBL3638241";"Kidney";"None";"Membrane";"";"";"";"CHEMBL1785";"Endothelin receptor ET-B";"Homo sapiens";"SINGLE PROTEIN";"CHEMBL1132506";"1";"Scientific Literature";"Bioorg Med Chem Lett";"1999";"None";"";"";"";"1.3"
"CHEMBL2163693";"";"None";"573.27";"1";"4.07";"69";"CCCS(=O)(=O)Nc1ncnc(OCCOc2ncc(Br)cn2)c1-c1ccc(Br)cc1";"IC50";"'='";"3058.0";"nM";"5.51";"";"";"UO_0000065";"9.62";"0.24";"1.44";"4.75";"0";"CHEMBL2166381";"Displacement of [I125]ET1 from recombinant ETB receptor expressed in CHO cells after 2 hrs by TopCount analysis";"B";"BAO_0000219";"cell-based format";"None";"None";"None";"CHO";"None";"";"";"";"CHEMBL1785";"Endothelin receptor ET-B";"Homo sapiens";"SINGLE PROTEIN";"CHEMBL2163289";"1";"Scientific Literature";"J Med Chem";"2012";"CHEMBL3308072";"";"";"";"3058.0"
"CHEMBL4071505";"";"None";"579.61";"1";"4.60";"60";"CCc1cc2c(cc1Cn1c(C(=O)O)c(Cc3cccc(-c4nnn[nH]4)c3)c(=O)c3cc(OCC4CC4)ccc31)OCO2";"IC50";"'='";"758.3";"nM";"6.12";"";"";"UO_0000065";"10.56";"0.19";"1.52";"4.33";"0";"CHEMBL4030315";"Antagonist activity at ETB receptor (unknown origin) expressed in HEK293T cells measured after 30 mins by CCF4-AM dye based GeneBlazer FRET assay";"B";"BAO_0000219";"cell-based format";"Homo sapiens";"None";"None";"None";"None";"";"";"";"CHEMBL1785";"Endothelin receptor ET-B";"Homo sapiens";"SINGLE PROTEIN";"CHEMBL4028842";"1";"Scientific Literature";"Bioorg Med Chem Lett";"2017";"None";"";"";"";"758.3"
"CHEMBL4088634";"";"None";"569.61";"2";"5.51";"51";"CCc1cc2c(cc1Cn1c(C(=O)O)c(Cc3cccc(C(=O)O)c3)c(=O)c3cc(OCC4CCC4)ccc31)OCO2";"IC50";"'='";"935.0";"nM";"6.03";"";"";"UO_0000065";"10.58";"0.20";"0.52";"4.85";"0";"CHEMBL4030315";"Antagonist activity at ETB receptor (unknown origin) expressed in HEK293T cells measured after 30 mins by CCF4-AM dye based GeneBlazer FRET assay";"B";"BAO_0000219";"cell-based format";"Homo sapiens";"None";"None";"None";"None";"";"";"";"CHEMBL1785";"Endothelin receptor ET-B";"Homo sapiens";"SINGLE PROTEIN";"CHEMBL4028842";"1";"Scientific Literature";"Bioorg Med Chem Lett";"2017";"None";"";"";"";"935.0"
"CHEMBL307324";"";"None";"624.74";"1";"1.17";"9";"CC(C)C[C@H]1C(=O)N[C@H](Cc2c[nH]c3ccccc23)C(=O)N[C@@H](CC(=O)O)C(=O)N2CCC[C@H]2C(=O)N[C@@H](C(C)C)C(=O)N1C";"IC50";"'>'";"100000.0";"nM";"";"";"";"UO_0000065";"";"";"";"";"0";"CHEMBL670731";"Binding activity against Endothelin B receptor 0f Porcine cerebellum membranes";"B";"BAO_0000221";"tissue-based format";"Sus scrofa";"CHEMBL3638233";"Cerebellum";"None";"None";"";"";"";"CHEMBL1785";"Endothelin receptor ET-B";"Homo sapiens";"SINGLE PROTEIN";"CHEMBL1126071";"1";"Scientific Literature";"J Med Chem";"1992";"None";"";"";"";"100.0"
"CHEMBL176963";"";"None";"533.57";"1";"3.35";"59";"C#CCOc1nc(-c2ccnc(CO)c2)nc(NS(=O)(=O)c2ccc(C)cn2)c1Oc1ccccc1OC";"IC50";"'>'";"1000.0";"nM";"";"";"";"UO_0000065";"";"";"";"";"0";"CHEMBL670645";"In vitro inhibitory concentration required against [125I]ET1 binding to membranes of CHO cells expressing human ETB receptor";"B";"BAO_0000219";"cell-based format";"None";"None";"None";"CHO";"None";"";"";"";"CHEMBL1785";"Endothelin receptor ET-B";"Homo sapiens";"SINGLE PROTEIN";"CHEMBL1136632";"1";"Scientific Literature";"Bioorg Med Chem Lett";"2003";"CHEMBL3308072";"";"";"";"1000.0"
"CHEMBL48031";"";"None";"456.34";"0";"4.17";"5k";"Cc1cccc(NC(=O)c2sccc2S(=O)(=O)Nc2onc(C)c2Br)c1";"IC50";"'='";"67400.0";"nM";"4.17";"";"";"UO_0000065";"9.14";"0.22";"0.00";"4.12";"0";"CHEMBL670643";"In vitro inhibition of endothelin binding to human Endothelin B receptor using [125I]-labeled ET-1 competition assay";"B";"BAO_0000357";"single protein format";"None";"None";"None";"None";"None";"";"";"";"CHEMBL1785";"Endothelin receptor ET-B";"Homo sapiens";"SINGLE PROTEIN";"CHEMBL1130042";"1";"Scientific Literature";"J Med Chem";"1997";"None";"";"";"";"67400.0"
"CHEMBL419148";"";"None";"581.88";"2";"6.56";"rac-84b";"O=C(O)[C@@H](Oc1ccccc1Cl)[C@@]1(c2ccccc2)NCC(=O)N(Cc2c(Cl)cccc2Cl)c2ccccc21";"IC50";"'>'";"10000.0";"nM";"";"";"";"UO_0000065";"";"";"";"";"0";"CHEMBL670641";"Antagonist activity towards human recombinant Endothelin B receptor expressed in chinese hamster ovary (CHO) cells determined using [125I]ET1 as radioligand";"F";"BAO_0000219";"cell-based format";"None";"None";"None";"CHO";"None";"";"";"";"CHEMBL1785";"Endothelin receptor ET-B";"Homo sapiens";"SINGLE PROTEIN";"CHEMBL1149183";"1";"Scientific Literature";"J Med Chem";"2004";"CHEMBL3308072";"";"";"";"10000.0"
"CHEMBL2112377";"";"None";"500.52";"1";"2.18";"rac-33";"Cc1cc(C)nc(O[C@H](C(=O)O)[C@@]2(c3ccccc3)NCc3nnc(CC(=O)O)n3-c3ccccc32)n1";"IC50";"'='";"261.0";"nM";"6.58";"";"";"UO_0000065";"";"";"";"";"0";"CHEMBL670641";"Antagonist activity towards human recombinant Endothelin B receptor expressed in chinese hamster ovary (CHO) cells determined using [125I]ET1 as radioligand";"F";"BAO_0000219";"cell-based format";"None";"None";"None";"CHO";"None";"";"";"";"CHEMBL1785";"Endothelin receptor ET-B";"Homo sapiens";"SINGLE PROTEIN";"CHEMBL1149183";"1";"Scientific Literature";"J Med Chem";"2004";"CHEMBL3308072";"";"";"";"261.0"
"CHEMBL448165";"";"None";"446.50";"0";"4.62";"2q";"COc1ccc([C@@H]2c3nc(NC(C)C)ccc3[C@H](c3ccc4c(c3)OCO4)[C@H]2C(=O)O)cc1";"IC50";"'='";"42.0";"nM";"7.38";"";"";"UO_0000065";"16.52";"0.31";"2.76";"8.20";"0";"CHEMBL670652";"Inhibitory activity against I-labeled ET-1 binding to Endothelin B receptor";"B";"BAO_0000357";"single protein format";"None";"None";"None";"None";"None";"";"";"";"CHEMBL1785";"Endothelin receptor ET-B";"Homo sapiens";"SINGLE PROTEIN";"CHEMBL1134926";"1";"Scientific Literature";"Bioorg Med Chem Lett";"2002";"None";"";"";"";"42.0"
"CHEMBL155708";"";"None";"562.60";"1";"4.57";"7dd";"COc1ccc(-c2c(C(=O)O)c(=O)n(Cc3ccccc3OC)c3c2oc2cc(N(C)S(C)(=O)=O)ccc23)cc1";"IC50";"'='";"8.6";"nM";"8.07";"";"";"UO_0000065";"14.34";"0.28";"3.50";"6.29";"0";"CHEMBL673047";"Ability to displace [125I]endothelin-1 from endothelin B receptor in porcine kidney membranes";"B";"BAO_0000249";"cell membrane format";"Sus scrofa";"CHEMBL3638241";"Kidney";"None";"Membrane";"";"";"";"CHEMBL1785";"Endothelin receptor ET-B";"Homo sapiens";"SINGLE PROTEIN";"CHEMBL1132506";"1";"Scientific Literature";"Bioorg Med Chem Lett";"1999";"None";"";"";"";"0.0086"
"CHEMBL64006";"";"None";"302.33";"0";"1.85";"7f";"Cc1noc(NS(=O)(=O)c2ccsc2C(=O)O)c1C";"IC50";"'>'";"100000.0";"nM";"";"";"";"UO_0000065";"";"";"";"";"0";"CHEMBL670640";"In vitro binding affinity in a radioligand binding experiment by competition with [125I]-labeled endothelin-1 for ETB receptor";"B";"BAO_0000357";"single protein format";"None";"None";"None";"None";"None";"";"";"";"CHEMBL1785";"Endothelin receptor ET-B";"Homo sapiens";"SINGLE PROTEIN";"CHEMBL1130505";"1";"Scientific Literature";"Bioorg Med Chem Lett";"1997";"None";"";"";"";"100.0"
"CHEMBL66641";"";"None";"412.88";"0";"4.03";"7p";"Cc1ccc(OC(=O)c2sccc2S(=O)(=O)Nc2onc(C)c2Cl)cc1";"IC50";"'>'";"100000.0";"nM";"";"";"";"UO_0000065";"";"";"";"";"0";"CHEMBL670640";"In vitro binding affinity in a radioligand binding experiment by competition with [125I]-labeled endothelin-1 for ETB receptor";"B";"BAO_0000357";"single protein format";"None";"None";"None";"None";"None";"";"";"";"CHEMBL1785";"Endothelin receptor ET-B";"Homo sapiens";"SINGLE PROTEIN";"CHEMBL1130505";"1";"Scientific Literature";"Bioorg Med Chem Lett";"1997";"None";"";"";"";"100.0"
"CHEMBL292802";"";"None";"487.31";"0";"3.56";"7r";"Cc1noc(NS(=O)(=O)c2ccsc2C(=O)Oc2ccc3c(c2)OCO3)c1Br";"IC50";"'='";"5740.0";"nM";"5.24";"";"";"UO_0000065";"10.76";"0.26";"1.68";"4.48";"0";"CHEMBL670640";"In vitro binding affinity in a radioligand binding experiment by competition with [125I]-labeled endothelin-1 for ETB receptor";"B";"BAO_0000357";"single protein format";"None";"None";"None";"None";"None";"";"";"";"CHEMBL1785";"Endothelin receptor ET-B";"Homo sapiens";"SINGLE PROTEIN";"CHEMBL1130505";"1";"Scientific Literature";"Bioorg Med Chem Lett";"1997";"None";"";"";"";"5.74"
"CHEMBL2163718";"";"None";"619.46";"2";"3.01";"40";"CCNS(=O)(=O)Nc1nc(-c2ncccn2)nc(OCCOc2ncc(Br)cn2)c1Oc1ccccc1OC";"IC50";"'='";"655.0";"nM";"6.18";"";"";"UO_0000065";"9.98";"0.22";"3.17";"3.59";"0";"CHEMBL2166381";"Displacement of [I125]ET1 from recombinant ETB receptor expressed in CHO cells after 2 hrs by TopCount analysis";"B";"BAO_0000219";"cell-based format";"None";"None";"None";"CHO";"None";"";"";"";"CHEMBL1785";"Endothelin receptor ET-B";"Homo sapiens";"SINGLE PROTEIN";"CHEMBL2163289";"1";"Scientific Literature";"J Med Chem";"2012";"CHEMBL3308072";"";"";"";"655.0"
"CHEMBL2163716";"";"None";"681.53";"2";"4.19";"38";"COc1ccccc1Oc1c(NS(=O)(=O)NCc2ccccc2)nc(-c2ncccn2)nc1OCCOc1ncc(Br)cn1";"IC50";"'='";"147.0";"nM";"6.83";"";"";"UO_0000065";"10.03";"0.21";"2.64";"3.96";"0";"CHEMBL2166381";"Displacement of [I125]ET1 from recombinant ETB receptor expressed in CHO cells after 2 hrs by TopCount analysis";"B";"BAO_0000219";"cell-based format";"None";"None";"None";"CHO";"None";"";"";"";"CHEMBL1785";"Endothelin receptor ET-B";"Homo sapiens";"SINGLE PROTEIN";"CHEMBL2163289";"1";"Scientific Literature";"J Med Chem";"2012";"CHEMBL3308072";"";"";"";"147.0"
"CHEMBL2163689";"";"None";"616.29";"1";"2.91";"65";"O=S(=O)(Nc1ncnc(OCCOc2ncc(Br)cn2)c1-c1ccc(Br)cc1)N1CCOCC1";"IC50";"'='";"2829.0";"nM";"5.55";"";"";"UO_0000065";"9.00";"0.22";"2.64";"4.31";"0";"CHEMBL2166381";"Displacement of [I125]ET1 from recombinant ETB receptor expressed in CHO cells after 2 hrs by TopCount analysis";"B";"BAO_0000219";"cell-based format";"None";"None";"None";"CHO";"None";"";"";"";"CHEMBL1785";"Endothelin receptor ET-B";"Homo sapiens";"SINGLE PROTEIN";"CHEMBL2163289";"1";"Scientific Literature";"J Med Chem";"2012";"CHEMBL3308072";"";"";"";"2829.0"
"CHEMBL2163725";"";"None";"688.56";"2";"3.57";"47";"COc1ccccc1Oc1c(NS(=O)(=O)NCc2ccccc2)nc(N2CCOCC2)nc1OCCOc1ncc(Br)cn1";"IC50";"'='";"192.0";"nM";"6.72";"";"";"UO_0000065";"9.75";"0.21";"3.15";"4.22";"0";"CHEMBL2166381";"Displacement of [I125]ET1 from recombinant ETB receptor expressed in CHO cells after 2 hrs by TopCount analysis";"B";"BAO_0000219";"cell-based format";"None";"None";"None";"CHO";"None";"";"";"";"CHEMBL1785";"Endothelin receptor ET-B";"Homo sapiens";"SINGLE PROTEIN";"CHEMBL2163289";"1";"Scientific Literature";"J Med Chem";"2012";"CHEMBL3308072";"";"";"";"192.0"
"CHEMBL23833";"";"None";"548.62";"1";"4.85";"2";"CCn1cc(C(C(=O)NS(=O)(=O)c2ccc(C(C)C)cc2)c2ccc3c(c2)OCO3)c2ccc(C(=O)O)cc21";"IC50";"'='";"69.0";"nM";"7.16";"";"";"UO_0000065";"13.05";"0.25";"2.31";"5.78";"0";"CHEMBL3056375";"Displacement of [I125]ET1 from Homo sapiens (human) ETB receptor expressed in CHO cells";"B";"BAO_0000219";"cell-based format";"Homo sapiens";"None";"None";"CHO";"None";"";"";"";"CHEMBL1785";"Endothelin receptor ET-B";"Homo sapiens";"SINGLE PROTEIN";"CHEMBL3045872";"1";"Scientific Literature";"Med Chem Res";"2004";"CHEMBL3308072";"";"";"";"69.0"
"CHEMBL4533479";"A-1806262";"None";"558.68";"2";"5.81";"EUB0000339a";"CCCOc1ccc([C@@H]2[C@@H](C(=O)O)[C@H](c3ccc4c(c3)OCO4)CN2CC(=O)Nc2c(CC)cccc2CC)cc1";"IC50";"'>'";"10000.0";"nM";"";"";"";"UO_0000065";"";"";"";"";"0";"CHEMBL5210266";"Affinity On-target Cellular interaction (Cellular functional assay (antagonist effect, Eurofins)) EUB0000339a EDNRB";"B";"BAO_0000357";"single protein format";"Homo sapiens";"None";"None";"None";"None";"Mode of action: Negative control for A-192621 | Protein family: GPCR | Recommended concentration = 100.0 nM";"";"";"CHEMBL1785";"Endothelin receptor ET-B";"Homo sapiens";"SINGLE PROTEIN";"CHEMBL5210121";"65";"EUbOPEN Chemogenomic Library Literature Data";"";"2023";"None";"Affinity On-target Cellular Source Knowledge: https://www.sgc-ffm.uni-frankfurt.de/#!specificprobeoverview/A-192621";"";"";"10000.0"
"CHEMBL2163691";"";"None";"555.41";"1";"2.94";"67";"CCCNS(=O)(=O)Nc1ncnc(OCCOc2ncc(Br)cn2)c1Oc1cccc(OC)c1";"IC50";"'='";"468.0";"nM";"6.33";"";"";"UO_0000065";"11.40";"0.25";"3.39";"4.32";"0";"CHEMBL2166381";"Displacement of [I125]ET1 from recombinant ETB receptor expressed in CHO cells after 2 hrs by TopCount analysis";"B";"BAO_0000219";"cell-based format";"None";"None";"None";"CHO";"None";"";"";"";"CHEMBL1785";"Endothelin receptor ET-B";"Homo sapiens";"SINGLE PROTEIN";"CHEMBL2163289";"1";"Scientific Literature";"J Med Chem";"2012";"CHEMBL3308072";"";"";"";"468.0"
"CHEMBL2165336";"";"None";"599.51";"1";"4.72";"59";"CC(C)c1ccc(-c2c(NS(=O)(=O)NCc3ccccc3)ncnc2OCCOc2ncc(Br)cn2)cc1";"IC50";"'='";"2474.0";"nM";"5.61";"";"";"UO_0000065";"9.35";"0.20";"0.89";"4.37";"0";"CHEMBL2166381";"Displacement of [I125]ET1 from recombinant ETB receptor expressed in CHO cells after 2 hrs by TopCount analysis";"B";"BAO_0000219";"cell-based format";"None";"None";"None";"CHO";"None";"";"";"";"CHEMBL1785";"Endothelin receptor ET-B";"Homo sapiens";"SINGLE PROTEIN";"CHEMBL2163289";"1";"Scientific Literature";"J Med Chem";"2012";"CHEMBL3308072";"";"";"";"2474.0"
"CHEMBL2165331";"";"None";"557.43";"1";"3.60";"54";"O=S(=O)(NCc1ccccc1)Nc1ncnc(OCCOc2ncc(Br)cn2)c1-c1ccccc1";"IC50";"'='";"5067.0";"nM";"5.29";"";"";"UO_0000065";"9.50";"0.21";"1.70";"4.13";"0";"CHEMBL2166381";"Displacement of [I125]ET1 from recombinant ETB receptor expressed in CHO cells after 2 hrs by TopCount analysis";"B";"BAO_0000219";"cell-based format";"None";"None";"None";"CHO";"None";"";"";"";"CHEMBL1785";"Endothelin receptor ET-B";"Homo sapiens";"SINGLE PROTEIN";"CHEMBL2163289";"1";"Scientific Literature";"J Med Chem";"2012";"CHEMBL3308072";"";"";"";"5067.0"
"CHEMBL2165330";"";"None";"637.90";"1";"4.39";"53";"COc1ccc(Cl)c(Oc2c(NS(=O)(=O)NCc3ccccc3)ncnc2OCCOc2ncc(Br)cn2)c1";"IC50";"'='";"712.0";"nM";"6.15";"";"";"UO_0000065";"9.64";"0.22";"1.76";"4.19";"0";"CHEMBL2166381";"Displacement of [I125]ET1 from recombinant ETB receptor expressed in CHO cells after 2 hrs by TopCount analysis";"B";"BAO_0000219";"cell-based format";"None";"None";"None";"CHO";"None";"";"";"";"CHEMBL1785";"Endothelin receptor ET-B";"Homo sapiens";"SINGLE PROTEIN";"CHEMBL2163289";"1";"Scientific Literature";"J Med Chem";"2012";"CHEMBL3308072";"";"";"";"712.0"
"CHEMBL2163728";"";"None";"677.53";"2";"3.76";"50";"COCCOc1nc(NS(=O)(=O)NCc2ccccc2)c(Oc2ccccc2OC)c(OCCOc2ncc(Br)cn2)n1";"IC50";"'='";"554.0";"nM";"6.26";"";"";"UO_0000065";"9.23";"0.20";"2.50";"3.79";"0";"CHEMBL2166381";"Displacement of [I125]ET1 from recombinant ETB receptor expressed in CHO cells after 2 hrs by TopCount analysis";"B";"BAO_0000219";"cell-based format";"None";"None";"None";"CHO";"None";"";"";"";"CHEMBL1785";"Endothelin receptor ET-B";"Homo sapiens";"SINGLE PROTEIN";"CHEMBL2163289";"1";"Scientific Literature";"J Med Chem";"2012";"CHEMBL3308072";"";"";"";"554.0"
"CHEMBL2163726";"";"None";"643.52";"1";"4.61";"48";"COc1ccccc1Oc1c(NS(=O)(=O)NCc2ccccc2)nc(C2CC2)nc1OCCOc1ncc(Br)cn1";"IC50";"'='";"1082.0";"nM";"5.97";"";"";"UO_0000065";"9.27";"0.20";"1.36";"4.07";"0";"CHEMBL2166381";"Displacement of [I125]ET1 from recombinant ETB receptor expressed in CHO cells after 2 hrs by TopCount analysis";"B";"BAO_0000219";"cell-based format";"None";"None";"None";"CHO";"None";"";"";"";"CHEMBL1785";"Endothelin receptor ET-B";"Homo sapiens";"SINGLE PROTEIN";"CHEMBL2163289";"1";"Scientific Literature";"J Med Chem";"2012";"CHEMBL3308072";"";"";"";"1082.0"
"CHEMBL2163724";"";"None";"680.54";"2";"4.80";"46";"COc1ccccc1Oc1c(NS(=O)(=O)NCc2ccccc2)nc(-c2ccncc2)nc1OCCOc1ncc(Br)cn1";"IC50";"'='";"561.0";"nM";"6.25";"";"";"UO_0000065";"9.19";"0.19";"1.45";"3.92";"0";"CHEMBL2166381";"Displacement of [I125]ET1 from recombinant ETB receptor expressed in CHO cells after 2 hrs by TopCount analysis";"B";"BAO_0000219";"cell-based format";"None";"None";"None";"CHO";"None";"";"";"";"CHEMBL1785";"Endothelin receptor ET-B";"Homo sapiens";"SINGLE PROTEIN";"CHEMBL2163289";"1";"Scientific Literature";"J Med Chem";"2012";"CHEMBL3308072";"";"";"";"561.0"
"CHEMBL2163719";"";"None";"633.49";"2";"3.40";"41";"CCCNS(=O)(=O)Nc1nc(-c2ncccn2)nc(OCCOc2ncc(Br)cn2)c1Oc1ccccc1OC";"IC50";"'='";"322.0";"nM";"6.49";"";"";"UO_0000065";"10.25";"0.22";"3.09";"3.76";"0";"CHEMBL2166381";"Displacement of [I125]ET1 from recombinant ETB receptor expressed in CHO cells after 2 hrs by TopCount analysis";"B";"BAO_0000219";"cell-based format";"None";"None";"None";"CHO";"None";"";"";"";"CHEMBL1785";"Endothelin receptor ET-B";"Homo sapiens";"SINGLE PROTEIN";"CHEMBL2163289";"1";"Scientific Literature";"J Med Chem";"2012";"CHEMBL3308072";"";"";"";"322.0"
"CHEMBL2163714";"";"None";"618.47";"2";"3.90";"36";"CCCS(=O)(=O)Nc1nc(-c2ncccn2)nc(OCCOc2ncc(Br)cn2)c1Oc1ccccc1OC";"IC50";"'='";"566.0";"nM";"6.25";"";"";"UO_0000065";"10.10";"0.22";"2.35";"3.89";"0";"CHEMBL2166381";"Displacement of [I125]ET1 from recombinant ETB receptor expressed in CHO cells after 2 hrs by TopCount analysis";"B";"BAO_0000219";"cell-based format";"None";"None";"None";"CHO";"None";"";"";"";"CHEMBL1785";"Endothelin receptor ET-B";"Homo sapiens";"SINGLE PROTEIN";"CHEMBL2163289";"1";"Scientific Literature";"J Med Chem";"2012";"CHEMBL3308072";"";"";"";"566.0"
"CHEMBL2163713";"";"None";"604.44";"2";"3.51";"35";"CCS(=O)(=O)Nc1nc(-c2ncccn2)nc(OCCOc2ncc(Br)cn2)c1Oc1ccccc1OC";"IC50";"'='";"460.0";"nM";"6.34";"";"";"UO_0000065";"10.48";"0.23";"2.83";"3.95";"0";"CHEMBL2166381";"Displacement of [I125]ET1 from recombinant ETB receptor expressed in CHO cells after 2 hrs by TopCount analysis";"B";"BAO_0000219";"cell-based format";"None";"None";"None";"CHO";"None";"";"";"";"CHEMBL1785";"Endothelin receptor ET-B";"Homo sapiens";"SINGLE PROTEIN";"CHEMBL2163289";"1";"Scientific Literature";"J Med Chem";"2012";"CHEMBL3308072";"";"";"";"460.0"
"CHEMBL441112";"";"None";"537.66";"1";"4.62";"16a";"Cc1oc([C@@H](Cc2cn(C)c3ccccc23)NC(=O)[C@H](CC(C)C)NC(=O)NC2CCCCC2)nc1C(=O)O";"IC50";"'>'";"100000.0";"nM";"";"";"";"UO_0000065";"";"";"";"";"0";"CHEMBL670653";"Inhibitory activity was evaluated against human Endothelin B receptor";"B";"BAO_0000357";"single protein format";"None";"None";"None";"None";"None";"";"";"";"CHEMBL1785";"Endothelin receptor ET-B";"Homo sapiens";"SINGLE PROTEIN";"CHEMBL1129499";"1";"Scientific Literature";"J Med Chem";"1996";"None";"";"";"";"100.0"
"CHEMBL170335";"";"None";"388.50";"0";"3.44";"2";"C/C=C/C=C/C=C/C(=O)O[C@@H]1C=C2COC(O)[C@]2(O)[C@@]2(C)CCCC(C)(C)C12";"IC50";"'='";"41000.0";"nM";"4.39";"";"";"UO_0000065";"11.29";"0.21";"0.95";"5.77";"0";"CHEMBL676633";"Tested for binding affinity towards human Endothelin B receptor";"B";"BAO_0000357";"single protein format";"None";"None";"None";"None";"None";"";"";"";"CHEMBL1785";"Endothelin receptor ET-B";"Homo sapiens";"SINGLE PROTEIN";"CHEMBL1133352";"1";"Scientific Literature";"Bioorg Med Chem Lett";"2000";"None";"";"";"";"41.0"
"CHEMBL369821";"";"None";"551.69";"1";"4.96";"16e";"Cc1oc([C@@H](Cc2cn(C)c3ccccc23)NC(=O)[C@H](CC(C)C)N(C)C(=O)NC2CCCCC2)nc1C(=O)O";"IC50";"'>'";"100000.0";"nM";"";"";"";"UO_0000065";"";"";"";"";"0";"CHEMBL670653";"Inhibitory activity was evaluated against human Endothelin B receptor";"B";"BAO_0000357";"single protein format";"None";"None";"None";"None";"None";"";"";"";"CHEMBL1785";"Endothelin receptor ET-B";"Homo sapiens";"SINGLE PROTEIN";"CHEMBL1129499";"1";"Scientific Literature";"J Med Chem";"1996";"None";"";"";"";"100.0"
"CHEMBL111611";"";"None";"532.68";"1";"4.10";"9f";"CCCCN(CCCC)C(=O)CN1C[C@H](c2ccc3c(c2)OCO3)[C@@H](C(=O)O)[C@@H]1CC(C)(C)C1OCCO1";"IC50";"'>'";"100000.0";"nM";"";"";"";"UO_0000065";"";"";"";"";"0";"CHEMBL670729";"Binding affinity for endothelin B receptor by measuring its ability to displace [125I]-ET-3 from porcine cerebellar tissue";"B";"BAO_0000357";"single protein format";"Sus scrofa";"None";"None";"None";"None";"";"";"";"CHEMBL1785";"Endothelin receptor ET-B";"Homo sapiens";"SINGLE PROTEIN";"CHEMBL1131628";"1";"Scientific Literature";"J Med Chem";"1998";"None";"";"";"";"100000.0"
"CHEMBL2165327";"SARAFOTOXIN 6C";"None";"2515.80";"None";"None";"Sarafotoxin 6c";"CC[C@H](C)[C@H](NC(=O)[C@@H](NC(=O)[C@H](CC(=O)O)NC(=O)[C@H](CCC(N)=O)NC(=O)[C@H](Cc1cnc[nH]1)NC(=O)[C@@H]1CSSC[C@H](N)C(=O)N[C@@H]([C@@H](C)O)C(=O)N[C@H]2CSSC[C@H](NC(=O)[C@H](CCC(=O)O)NC(=O)[C@H](CCC(=O)O)NC(=O)[C@H](CC(=O)O)NC(=O)[C@H]([C@@H](C)O)NC(=O)[C@H](CCSC)NC(=O)[C@H](CC(=O)O)NC(=O)[C@H](CC(N)=O)NC2=O)C(=O)N[C@@H](CC(C)C)C(=O)N[C@@H](CC(N)=O)C(=O)N[C@@H](Cc2ccccc2)C(=O)N1)C(C)C)C(=O)N[C@@H](Cc1c[nH]c2ccccc12)C(=O)O";"IC50";"'='";"0.208";"nM";"9.68";"";"";"UO_0000065";"3.85";"None";"None";"None";"0";"CHEMBL2166381";"Displacement of [I125]ET1 from recombinant ETB receptor expressed in CHO cells after 2 hrs by TopCount analysis";"B";"BAO_0000219";"cell-based format";"None";"None";"None";"CHO";"None";"";"";"";"CHEMBL1785";"Endothelin receptor ET-B";"Homo sapiens";"SINGLE PROTEIN";"CHEMBL2163289";"1";"Scientific Literature";"J Med Chem";"2012";"CHEMBL3308072";"";"";"";"0.208"
"CHEMBL413825";"";"None";"2043.19";"None";"None";"2";"C[C@@H]1NC(=O)[C@@H]([C@@H](C)O)NC(=O)CNC(=O)[C@@H](Cc2c[nH]cn2)NC(=O)[C@H](Cc2c[nH]c3ccccc23)NC(=O)[C@@H](CC(N)=O)NC(=O)CNC(=O)[C@H](CC(=O)N[C@@H](Cc2c[nH]c3ccccc23)C(=O)N[C@@H](Cc2ccccc2)C(=O)N[C@@H](Cc2ccccc2)C(=O)N[C@@H](CC(N)=O)C(=O)N[C@@H](Cc2ccc(O)cc2)C(=O)N[C@@H](Cc2ccc(O)cc2)C(=O)N[C@@H](Cc2c[nH]c3ccccc23)C(=O)O)NC(=O)[C@H]2CCCN2C1=O";"IC50";"'='";"7600.0";"nM";"5.12";"";"";"UO_0000065";"";"";"";"";"0";"CHEMBL671536";"Ability to block endothelin-1 (ET-1) stimulated arachidonic acid release in rabbit renal vascular smooth muscle cells (AARA) expressing recombinant rat endothelin B (ETB) receptor";"F";"BAO_0000019";"assay format";"Oryctolagus cuniculus";"None";"None";"None";"None";"";"";"";"CHEMBL1785";"Endothelin receptor ET-B";"Homo sapiens";"SINGLE PROTEIN";"CHEMBL1152094";"1";"Scientific Literature";"Bioorg Med Chem Lett";"1995";"None";"";"";"";"7.6"
"CHEMBL1271863";"";"None";"559.53";"1";"3.79";"2m";"CCc1cc2c(cc1Cn1c(C(=O)O)c(Cc3cccc(C(=O)O)c3)c(=O)c3cc(OCC(=O)O)ccc31)OCO2";"IC50";"'='";"1453.0";"nM";"5.84";"";"";"UO_0000065";"10.43";"0.19";"2.05";"3.61";"0";"CHEMBL1272363";"Displacement of [125I]ET1 from human ETB receptor expressed in membranes";"B";"BAO_0000019";"assay format";"Homo sapiens";"None";"None";"None";"None";"";"";"";"CHEMBL1785";"Endothelin receptor ET-B";"Homo sapiens";"SINGLE PROTEIN";"CHEMBL1268959";"1";"Scientific Literature";"Bioorg Med Chem Lett";"2010";"None";"";"";"";"1453.0"
"CHEMBL3774897";"";"None";"2546.96";"None";"None";"Endothelin-3";"CC[C@H](C)[C@H](NC(=O)[C@H](CC(=O)O)NC(=O)[C@H](CC(C)C)NC(=O)[C@H](Cc1cnc[nH]1)NC(=O)[C@@H]1CSSC[C@H](N)C(=O)N[C@@H](CO)C(=O)N[C@H]2CSSC[C@H](NC(=O)[C@H](CCC(=O)O)NC(=O)[C@H](CCCCN)NC(=O)[C@H](CC(=O)O)NC(=O)[C@H](CC(C)C)NC(=O)[C@H](Cc3c[nH]c4ccccc34)NC(=O)[C@H](CO)NC(=O)[C@H](CO)NC2=O)C(=O)N[C@@H](C(C)C)C(=O)N[C@@H](Cc2ccc(O)cc2)C(=O)N[C@@H](Cc2ccccc2)C(=O)N1)C(=O)N[C@H](C(=O)N[C@@H](Cc1c[nH]c2ccccc12)C(=O)O)[C@@H](C)CC";"IC50";"'='";"0.0063";"nM";"";"Outside typical range";"";"UO_0000065";"";"";"";"";"0";"CHEMBL3779718";"Displacement of [125I]Endothelin-1 from human recombinant Endothelin-B receptor expressed in CHO cells";"B";"BAO_0000219";"cell-based format";"Homo sapiens";"None";"None";"CHO";"None";"";"";"";"CHEMBL1785";"Endothelin receptor ET-B";"Homo sapiens";"SINGLE PROTEIN";"CHEMBL3774372";"1";"Scientific Literature";"Bioorg Med Chem";"2016";"CHEMBL3308072";"";"";"";"6.3"
"CHEMBL332109";"";"None";"706.71";"2";"5.79";"9g";"COc1ccc([C@H]2[C@H](C(=O)O)[C@@H](c3ccc4c(c3)OCO4)CN2CC(=O)NC(c2ccccc2C)c2ccccc2C)cc1.O=C(O)C(F)(F)F";"IC50";"'='";"1.1";"nM";"8.96";"";"";"UO_0000065";"15.12";"0.28";"3.17";"9.20";"0";"CHEMBL670477";"Binding ability determined by the displacement of [125 I]ET-3 from the human Endothelin B receptor";"B";"BAO_0000357";"single protein format";"None";"None";"None";"None";"None";"";"";"";"CHEMBL1785";"Endothelin receptor ET-B";"Homo sapiens";"SINGLE PROTEIN";"CHEMBL1132108";"1";"Scientific Literature";"J Med Chem";"1999";"None";"";"";"";"1.1"
"CHEMBL332627";"";"None";"558.68";"2";"6.15";"22";"COc1ccc([C@H]2[C@H](C(=O)O)[C@@H](c3ccc4c(c3)OCO4)CN2CC(=O)Nc2c(C(C)C)cccc2C(C)C)cc1";"IC50";"'='";"26.0";"nM";"7.58";"";"";"UO_0000065";"13.58";"0.25";"1.44";"7.79";"0";"CHEMBL670478";"Binding affinity towards human Endothelin B receptor (hET -B)";"B";"BAO_0000357";"single protein format";"None";"None";"None";"None";"None";"";"";"";"CHEMBL1785";"Endothelin receptor ET-B";"Homo sapiens";"SINGLE PROTEIN";"CHEMBL1132381";"1";"Scientific Literature";"J Med Chem";"1999";"None";"";"";"";"26.0"
"CHEMBL372814";"";"None";"680.87";"2";"7.29";"89";"CCCc1cc(Cn2c(CC)nc3c(C)cc(C)nc32)ccc1OC(C(=O)NS(=O)(=O)c1ccc(C(C)C)cc1)c1ccc2c(c1)OCC2";"IC50";"'='";"60.0";"nM";"7.22";"";"";"UO_0000065";"10.61";"0.20";"-0.07";"6.42";"0";"CHEMBL882936";"Inhibitory concentration against endothelin receptor type B";"B";"BAO_0000357";"single protein format";"Homo sapiens";"None";"None";"None";"None";"";"";"";"CHEMBL1785";"Endothelin receptor ET-B";"Homo sapiens";"SINGLE PROTEIN";"CHEMBL1140446";"1";"Scientific Literature";"J Med Chem";"2005";"None";"";"";"";"0.06"
"CHEMBL172297";"";"None";"672.85";"2";"6.06";"17";"COc1ccccc1Oc1c(NS(=O)(=O)c2ccc(C(C)(C)C)cc2)nc(C2CC2)nc1OCCCNS(=O)(=O)c1cccs1";"IC50";"'='";"2.0";"nM";"8.70";"";"";"UO_0000065";"12.93";"0.26";"2.64";"5.97";"0";"CHEMBL670655";"Inhibitory concentration required against [125I]ET1 binding to membranes of CHO cells expressing human ETB receptor";"B";"BAO_0000219";"cell-based format";"None";"None";"None";"CHO";"None";"";"";"";"CHEMBL1785";"Endothelin receptor ET-B";"Homo sapiens";"SINGLE PROTEIN";"CHEMBL1136631";"1";"Scientific Literature";"Bioorg Med Chem Lett";"2003";"CHEMBL3308072";"";"";"";"2.0"
"CHEMBL287517";"";"None";"552.63";"2";"6.20";"2f";"COc1ccc([C@@H]2c3nc(NC(C)C)ccc3[C@H](c3ccc4c(c3)OCO4)[C@H]2C(=O)O)c(OCc2ccccc2)c1";"IC50";"'='";"480.0";"nM";"6.32";"";"";"UO_0000065";"11.43";"0.21";"0.12";"6.37";"0";"CHEMBL670651";"Inhibitory activity against [125I]ET1 binding to human endothelin B receptor";"B";"BAO_0000357";"single protein format";"None";"None";"None";"None";"None";"";"";"";"CHEMBL1785";"Endothelin receptor ET-B";"Homo sapiens";"SINGLE PROTEIN";"CHEMBL1147633";"1";"Scientific Literature";"Bioorg Med Chem Lett";"2004";"None";"";"";"";"480.0"
"CHEMBL331767";"";"None";"502.57";"1";"4.52";"7";"COc1ccc([C@H]2[C@H](C(=O)O)[C@@H](c3ccc4c(c3)OCO4)CN2CC(=O)Nc2c(C)cccc2C)cc1";"IC50";"'='";"16.0";"nM";"7.80";"";"";"UO_0000065";"15.51";"0.29";"3.28";"8.01";"0";"CHEMBL670478";"Binding affinity towards human Endothelin B receptor (hET -B)";"B";"BAO_0000357";"single protein format";"None";"None";"None";"None";"None";"";"";"";"CHEMBL1785";"Endothelin receptor ET-B";"Homo sapiens";"SINGLE PROTEIN";"CHEMBL1132381";"1";"Scientific Literature";"J Med Chem";"1999";"None";"";"";"";"16.0"
"CHEMBL96831";"";"None";"405.45";"0";"2.85";"rac-31";"Cc1cc(C)nc(O[C@H](C(=O)O)[C@@]2(c3ccccc3)NCCOc3ccccc32)n1";"IC50";"'='";"3640.0";"nM";"5.44";"";"";"UO_0000065";"";"";"";"";"0";"CHEMBL670641";"Antagonist activity towards human recombinant Endothelin B receptor expressed in chinese hamster ovary (CHO) cells determined using [125I]ET1 as radioligand";"F";"BAO_0000219";"cell-based format";"None";"None";"None";"CHO";"None";"";"";"";"CHEMBL1785";"Endothelin receptor ET-B";"Homo sapiens";"SINGLE PROTEIN";"CHEMBL1149183";"1";"Scientific Literature";"J Med Chem";"2004";"CHEMBL3308072";"";"";"";"3640.0"
"CHEMBL343379";"";"None";"612.73";"2";"1.12";"2";"CC[C@H](C)[C@@H]1NC(=O)[C@@H](C)NC(=O)[C@H](CCC(=O)O)NC(=O)[C@H](Cc2c[nH]c3ccccc23)NC(=O)[C@@H](CC(C)C)NC1=O";"IC50";"'>'";"100000.0";"nM";"";"";"";"UO_0000065";"";"";"";"";"0";"CHEMBL672254";"Inhibitory effect against Human Endothelin B receptor";"B";"BAO_0000357";"single protein format";"None";"None";"None";"None";"None";"";"";"";"CHEMBL1785";"Endothelin receptor ET-B";"Homo sapiens";"SINGLE PROTEIN";"CHEMBL1128172";"1";"Scientific Literature";"J Med Chem";"1995";"None";"";"";"";"100000.0"
"CHEMBL23833";"";"None";"548.62";"1";"4.85";"18";"CCn1cc(C(C(=O)NS(=O)(=O)c2ccc(C(C)C)cc2)c2ccc3c(c2)OCO3)c2ccc(C(=O)O)cc21";"IC50";"'='";"2200.0";"nM";"5.66";"";"";"UO_0000065";"10.31";"0.20";"0.81";"4.57";"0";"CHEMBL677443";"Binding affinity towards human cloned endothelin B receptor by [125I]ET1 displacement.";"B";"BAO_0000357";"single protein format";"None";"None";"None";"None";"None";"";"";"";"CHEMBL1785";"Endothelin receptor ET-B";"Homo sapiens";"SINGLE PROTEIN";"CHEMBL1135360";"1";"Scientific Literature";"Bioorg Med Chem Lett";"2002";"None";"";"";"";"2200.0"
"CHEMBL121647";"";"None";"644.64";"1";"4.78";"10f";"COc1ccc([C@H]2[C@H](C(=O)O)[C@@H](c3ccc4c(c3)OCO4)CN2CC(=O)NC(c2ccccc2)C(C)C)cc1.O=C(O)C(F)(F)F";"IC50";"'='";"2.1";"nM";"8.68";"";"";"UO_0000065";"16.35";"0.30";"3.90";"8.92";"0";"CHEMBL670477";"Binding ability determined by the displacement of [125 I]ET-3 from the human Endothelin B receptor";"B";"BAO_0000357";"single protein format";"None";"None";"None";"None";"None";"";"";"";"CHEMBL1785";"Endothelin receptor ET-B";"Homo sapiens";"SINGLE PROTEIN";"CHEMBL1132108";"1";"Scientific Literature";"J Med Chem";"1999";"None";"";"";"";"2.1"
"CHEMBL123654";"";"None";"750.77";"2";"5.80";"9j(2R,3R,4S)";"COCCOc1ccc([C@H]2[C@H](C(=O)O)[C@@H](c3ccc4c(c3)OCO4)CN2CC(=O)NC(c2ccccc2C)c2ccccc2C)cc1.O=C(O)C(F)(F)F";"IC50";"'='";"1.7";"nM";"8.77";"";"";"UO_0000065";"13.77";"0.25";"2.97";"8.23";"0";"CHEMBL670477";"Binding ability determined by the displacement of [125 I]ET-3 from the human Endothelin B receptor";"B";"BAO_0000357";"single protein format";"None";"None";"None";"None";"None";"";"";"";"CHEMBL1785";"Endothelin receptor ET-B";"Homo sapiens";"SINGLE PROTEIN";"CHEMBL1132108";"1";"Scientific Literature";"J Med Chem";"1999";"None";"";"";"";"1.7"
"CHEMBL303712";"";"None";"704.77";"2";"3.25";"21";"COc1ccc(C2(O)OC(=O)C(c3ccc4c(c3)OCO4)=C2Cc2cc(OCCN3CCOCC3)c(OC)c(OCCN3CCOCC3)c2)cc1";"IC50";"'>'";"2500.0";"nM";"";"";"";"UO_0000065";"";"";"";"";"0";"CHEMBL670638";"Inhibition of [125I]ET1 binding to recombinant human Endothelin B receptor.";"B";"BAO_0000357";"single protein format";"None";"None";"None";"None";"None";"";"";"";"CHEMBL1785";"Endothelin receptor ET-B";"Homo sapiens";"SINGLE PROTEIN";"CHEMBL1132648";"1";"Scientific Literature";"J Med Chem";"1999";"None";"";"";"";"2500.0"
"CHEMBL93084";"";"None";"562.55";"1";"4.42";"rac-39ar";"Cc1cc(C)nc(O[C@H](C(=O)O)[C@@]2(c3ccccc3)NCC(=O)N(Cc3ccc(F)c(F)c3F)c3ccccc32)n1";"IC50";"'='";"49.7";"nM";"7.30";"";"";"UO_0000065";"";"";"";"";"0";"CHEMBL670641";"Antagonist activity towards human recombinant Endothelin B receptor expressed in chinese hamster ovary (CHO) cells determined using [125I]ET1 as radioligand";"F";"BAO_0000219";"cell-based format";"None";"None";"None";"CHO";"None";"";"";"";"CHEMBL1785";"Endothelin receptor ET-B";"Homo sapiens";"SINGLE PROTEIN";"CHEMBL1149183";"1";"Scientific Literature";"J Med Chem";"2004";"CHEMBL3308072";"";"";"";"49.7"
"CHEMBL94091";"";"None";"552.63";"1";"4.32";"81";"COc1ccc(CN2C(=O)CN[C@](c3ccc(C)cc3)([C@H](Oc3nc(C)cc(C)n3)C(=O)O)c3ccccc32)cc1";"IC50";"'='";"181.0";"nM";"6.74";"";"";"UO_0000065";"";"";"";"";"0";"CHEMBL670641";"Antagonist activity towards human recombinant Endothelin B receptor expressed in chinese hamster ovary (CHO) cells determined using [125I]ET1 as radioligand";"F";"BAO_0000219";"cell-based format";"None";"None";"None";"CHO";"None";"";"";"";"CHEMBL1785";"Endothelin receptor ET-B";"Homo sapiens";"SINGLE PROTEIN";"CHEMBL1149183";"1";"Scientific Literature";"J Med Chem";"2004";"CHEMBL3308072";"";"";"";"181.0"
"CHEMBL332144";"";"None";"676.64";"2";"5.15";"9a";"COc1ccc([C@H]2[C@H](C(=O)O)[C@@H](c3ccc4c(c3)OCO4)CN2CC(=O)NC2c3ccccc3-c3ccccc32)cc1.O=C(O)C(F)(F)F";"IC50";"'='";"600.0";"nM";"6.22";"";"";"UO_0000065";"11.06";"0.20";"1.07";"6.39";"0";"CHEMBL670477";"Binding ability determined by the displacement of [125 I]ET-3 from the human Endothelin B receptor";"B";"BAO_0000357";"single protein format";"None";"None";"None";"None";"None";"";"";"";"CHEMBL1785";"Endothelin receptor ET-B";"Homo sapiens";"SINGLE PROTEIN";"CHEMBL1132108";"1";"Scientific Literature";"J Med Chem";"1999";"None";"";"";"";"600.0"
"CHEMBL69986";"";"None";"592.60";"2";"4.17";"25";"COC(=O)CCCOc1cc(CC2=C(c3ccc4c(c3)OCO4)C(=O)OC2(O)c2ccc(OC)cc2)cc(OC)c1OC";"IC50";"'='";"200.0";"nM";"6.70";"";"";"UO_0000065";"11.30";"0.21";"2.53";"5.22";"0";"CHEMBL670638";"Inhibition of [125I]ET1 binding to recombinant human Endothelin B receptor.";"B";"BAO_0000357";"single protein format";"None";"None";"None";"None";"None";"";"";"";"CHEMBL1785";"Endothelin receptor ET-B";"Homo sapiens";"SINGLE PROTEIN";"CHEMBL1132648";"1";"Scientific Literature";"J Med Chem";"1999";"None";"";"";"";"200.0"
"CHEMBL24015";"";"None";"491.53";"0";"2.64";"23";"Cn1cc(C(C(=O)NS(=O)(=O)c2ccccc2)c2ccc3c(c2)OCO3)c2ccc(C(N)=O)cc21";"IC50";"'='";"2570.0";"nM";"5.59";"";"";"UO_0000065";"11.37";"0.22";"2.95";"4.31";"0";"CHEMBL677443";"Binding affinity towards human cloned endothelin B receptor by [125I]ET1 displacement.";"B";"BAO_0000357";"single protein format";"None";"None";"None";"None";"None";"";"";"";"CHEMBL1785";"Endothelin receptor ET-B";"Homo sapiens";"SINGLE PROTEIN";"CHEMBL1135360";"1";"Scientific Literature";"Bioorg Med Chem Lett";"2002";"None";"";"";"";"2570.0"
"CHEMBL174363";"";"None";"469.34";"0";"4.51";"33d";"Cc1noc(NS(=O)(=O)c2sccc2/C=C/c2ccc3c(c2)OCO3)c1Br";"IC50";"'='";"9955.0";"nM";"5.00";"";"";"UO_0000065";"10.66";"0.25";"0.49";"5.52";"0";"CHEMBL678457";"Inhibition of human Endothelin B receptor using I-ET-1 as radioligand in a competitive radioligand assay";"B";"BAO_0000357";"single protein format";"None";"None";"None";"None";"None";"";"";"";"CHEMBL1785";"Endothelin receptor ET-B";"Homo sapiens";"SINGLE PROTEIN";"CHEMBL1129901";"1";"Scientific Literature";"Bioorg Med Chem Lett";"1997";"None";"";"";"";"9.955"
"CHEMBL80342";"";"None";"438.14";"0";"4.26";"27b";"CCCc1ccc(Br)cc1S(=O)(=O)Nc1onc(C)c1Br";"IC50";"'='";"6600.0";"nM";"5.18";"";"";"UO_0000065";"11.82";"0.34";"0.92";"7.18";"0";"CHEMBL677439";"Binding affinity against human Endothelin B receptor in transfected COS 7 cell membrane preparation";"B";"BAO_0000219";"cell-based format";"None";"None";"None";"COS 7";"None";"";"";"";"CHEMBL1785";"Endothelin receptor ET-B";"Homo sapiens";"SINGLE PROTEIN";"CHEMBL1129771";"1";"Scientific Literature";"Bioorg Med Chem Lett";"1996";"None";"";"";"";"6.6"
"CHEMBL55621";"";"None";"445.47";"1";"5.19";"2";"CCOc1ccc2c(c1)c(-c1ccc3c(c1)OCO3)c(C(=O)O)n2Cc1ccc(OC)cc1";"IC50";"'='";"300000.0";"nM";"";"Outside typical range";"";"UO_0000065";"";"";"";"";"0";"CHEMBL670728";"Inhibition of [125I]ET1 binding to porcine kidney inner medulla membranes";"B";"BAO_0000221";"tissue-based format";"Sus scrofa";"CHEMBL3638241";"Kidney";"None";"None";"";"";"";"CHEMBL1785";"Endothelin receptor ET-B";"Homo sapiens";"SINGLE PROTEIN";"CHEMBL1130488";"1";"Scientific Literature";"Bioorg Med Chem Lett";"1997";"None";"";"";"";"300.0"
"CHEMBL176997";"";"None";"731.85";"2";"5.00";"22";"CCCS(=O)(=O)NCCOc1nc(-c2cc(OC)c(OC)c(OC)c2)nc(NS(=O)(=O)c2ccc(C(C)C)cn2)c1Oc1ccccc1OC";"IC50";"'='";"24.0";"nM";"7.62";"";"";"UO_0000065";"10.41";"0.21";"2.62";"4.09";"0";"CHEMBL670655";"Inhibitory concentration required against [125I]ET1 binding to membranes of CHO cells expressing human ETB receptor";"B";"BAO_0000219";"cell-based format";"None";"None";"None";"CHO";"None";"";"";"";"CHEMBL1785";"Endothelin receptor ET-B";"Homo sapiens";"SINGLE PROTEIN";"CHEMBL1136631";"1";"Scientific Literature";"Bioorg Med Chem Lett";"2003";"CHEMBL3308072";"";"";"";"24.0"
"CHEMBL2261363";"";"None";"527.00";"1";"4.51";"10";"COc1cc(C)ccc1S(=O)(=O)NC(=O)C(c1ccc2c(c1)OCO2)c1cn(C)c2cc(Cl)ccc12";"IC50";"'='";"217.0";"nM";"6.66";"";"";"UO_0000065";"12.64";"0.25";"2.15";"6.95";"0";"CHEMBL3056375";"Displacement of [I125]ET1 from Homo sapiens (human) ETB receptor expressed in CHO cells";"B";"BAO_0000219";"cell-based format";"Homo sapiens";"None";"None";"CHO";"None";"";"";"";"CHEMBL1785";"Endothelin receptor ET-B";"Homo sapiens";"SINGLE PROTEIN";"CHEMBL3045872";"1";"Scientific Literature";"Med Chem Res";"2004";"CHEMBL3308072";"";"";"";"217.0"
"CHEMBL1515091";"";"None";"663.79";"1";"4.82";"BQ-788";"CCCC[C@@H](NC(=O)[C@@H](Cc1cn(C(=O)OC)c2ccccc12)NC(=O)[C@H](CC(C)(C)C)NC(=O)N1[C@H](C)CCC[C@@H]1C)C(=O)[O-].[Na+]";"IC50";"'='";"0.41";"nM";"9.39";"";"";"UO_0000065";"";"";"";"";"0";"CHEMBL3862587";"Antagonist activity at ETB receptor in human BSMC assessed as inhibition of endothelin-1 or 3-mediated Ca2+ mobilization preincubated for 5 mins followed by endothelin-1 or 3 addition by fura-2/AM dye-based spectrofluorimetric method";"F";"BAO_0000357";"single protein format";"Homo sapiens";"None";"None";"None";"None";"";"";"";"CHEMBL1785";"Endothelin receptor ET-B";"Homo sapiens";"SINGLE PROTEIN";"CHEMBL3861962";"1";"Scientific Literature";"Eur J Med Chem";"2016";"None";"";"";"";"0.41"
"CHEMBL4068786";"";"None";"593.64";"1";"4.99";"61";"CCc1cc2c(cc1Cn1c(C(=O)O)c(Cc3cccc(-c4nnn[nH]4)c3)c(=O)c3cc(OCC4CCC4)ccc31)OCO2";"IC50";"'='";"1435.0";"nM";"5.84";"";"";"UO_0000065";"9.84";"0.18";"0.85";"4.13";"0";"CHEMBL4030315";"Antagonist activity at ETB receptor (unknown origin) expressed in HEK293T cells measured after 30 mins by CCF4-AM dye based GeneBlazer FRET assay";"B";"BAO_0000219";"cell-based format";"Homo sapiens";"None";"None";"None";"None";"";"";"";"CHEMBL1785";"Endothelin receptor ET-B";"Homo sapiens";"SINGLE PROTEIN";"CHEMBL4028842";"1";"Scientific Literature";"Bioorg Med Chem Lett";"2017";"None";"";"";"";"1435.0"
"CHEMBL1272244";"";"None";"543.57";"2";"5.12";"44";"CCCOc1ccc2c(c1)c(=O)c(Cc1cccc(C(=O)O)c1)c(C(=O)O)n2Cc1cc2c(cc1CC)OCO2";"IC50";"'='";"2868.4";"nM";"5.54";"";"";"UO_0000065";"10.20";"0.19";"0.42";"4.46";"0";"CHEMBL4030315";"Antagonist activity at ETB receptor (unknown origin) expressed in HEK293T cells measured after 30 mins by CCF4-AM dye based GeneBlazer FRET assay";"B";"BAO_0000219";"cell-based format";"Homo sapiens";"None";"None";"None";"None";"";"";"";"CHEMBL1785";"Endothelin receptor ET-B";"Homo sapiens";"SINGLE PROTEIN";"CHEMBL4028842";"1";"Scientific Literature";"Bioorg Med Chem Lett";"2017";"None";"";"";"";"2868.4"
"CHEMBL320236";"";"None";"371.39";"0";"4.42";"1";"COC(=O)C(c1ccc2c(c1)OCO2)c1c2ccccc2nc2ccccc12";"IC50";"'>'";"250000.0";"nM";"";"Outside typical range";"";"UO_0000065";"";"";"";"";"0";"CHEMBL670636";"Compound was tested for inhibition of binding of [125I]ET1 to cloned human Endothelin B receptor expressed in CHO-K1 cells";"B";"BAO_0000219";"cell-based format";"None";"None";"None";"CHO-K1";"None";"";"";"";"CHEMBL1785";"Endothelin receptor ET-B";"Homo sapiens";"SINGLE PROTEIN";"CHEMBL1128950";"1";"Scientific Literature";"Bioorg Med Chem Lett";"1996";"CHEMBL3307512";"";"";"";"250.0"
"CHEMBL44615";"";"None";"574.31";"0";"2.36";"11";"Cc1noc(NS(=O)(=O)c2ccsc2C(=O)Nc2ccc(O)nn2)c1Br.O=C(O)C(F)(F)F";"IC50";"'='";"81400.0";"nM";"4.09";"";"";"UO_0000065";"8.88";"0.21";"1.73";"2.78";"0";"CHEMBL670643";"In vitro inhibition of endothelin binding to human Endothelin B receptor using [125I]-labeled ET-1 competition assay";"B";"BAO_0000357";"single protein format";"None";"None";"None";"None";"None";"";"";"";"CHEMBL1785";"Endothelin receptor ET-B";"Homo sapiens";"SINGLE PROTEIN";"CHEMBL1130042";"1";"Scientific Literature";"J Med Chem";"1997";"None";"";"";"";"81400.0"
"CHEMBL313551";"";"None";"413.32";"0";"4.58";"22e";"Cc1ccccc1-c1ccsc1S(=O)(=O)Nc1onc(C)c1Br";"IC50";"'>'";"100000.0";"nM";"";"";"";"UO_0000065";"";"";"";"";"0";"CHEMBL670635";"Compound was tested for binding affinity against Endothelin B receptor";"B";"BAO_0000357";"single protein format";"None";"None";"None";"None";"None";"";"";"";"CHEMBL1785";"Endothelin receptor ET-B";"Homo sapiens";"SINGLE PROTEIN";"CHEMBL1128922";"1";"Scientific Literature";"Bioorg Med Chem Lett";"1996";"None";"";"";"";"100.0"
"CHEMBL96746";"";"None";"526.57";"1";"4.14";"rac-39t";"Cc1cc(C)nc(O[C@H](C(=O)O)[C@@]2(c3ccccc3)NCC(=O)N(Cc3cccc(F)c3)c3ccccc32)n1";"IC50";"'='";"26.8";"nM";"7.57";"";"";"UO_0000065";"";"";"";"";"0";"CHEMBL670641";"Antagonist activity towards human recombinant Endothelin B receptor expressed in chinese hamster ovary (CHO) cells determined using [125I]ET1 as radioligand";"F";"BAO_0000219";"cell-based format";"None";"None";"None";"CHO";"None";"";"";"";"CHEMBL1785";"Endothelin receptor ET-B";"Homo sapiens";"SINGLE PROTEIN";"CHEMBL1149183";"1";"Scientific Literature";"J Med Chem";"2004";"CHEMBL3308072";"";"";"";"26.8"
"CHEMBL47620";"";"None";"499.95";"0";"3.40";"19b";"Cc1noc(NS(=O)(=O)c2ccsc2C(=O)Nc2cc3c(cc2CCCO)OCO3)c1Cl";"IC50";"'='";"9080.0";"nM";"5.04";"";"";"UO_0000065";"10.08";"0.22";"1.64";"3.60";"0";"CHEMBL670643";"In vitro inhibition of endothelin binding to human Endothelin B receptor using [125I]-labeled ET-1 competition assay";"B";"BAO_0000357";"single protein format";"None";"None";"None";"None";"None";"";"";"";"CHEMBL1785";"Endothelin receptor ET-B";"Homo sapiens";"SINGLE PROTEIN";"CHEMBL1130042";"1";"Scientific Literature";"J Med Chem";"1997";"None";"";"";"";"9080.0"
"CHEMBL289216";"";"None";"520.58";"1";"4.38";"2h (diastereomer)";"COc1ccc([C@@H]2c3nc(NC(C)C)ccc3[C@H](c3ccc4c(c3)OCO4)[C@H]2C(=O)O)c(OC(C)CO)c1";"IC50";"'='";"61.0";"nM";"7.21";"";"";"UO_0000065";"13.86";"0.26";"2.83";"6.04";"0";"CHEMBL670651";"Inhibitory activity against [125I]ET1 binding to human endothelin B receptor";"B";"BAO_0000357";"single protein format";"None";"None";"None";"None";"None";"";"";"";"CHEMBL1785";"Endothelin receptor ET-B";"Homo sapiens";"SINGLE PROTEIN";"CHEMBL1147633";"1";"Scientific Literature";"Bioorg Med Chem Lett";"2004";"None";"";"";"";"61.0"
"CHEMBL1111";"AMBRISENTAN";"4.0";"378.43";"0";"3.52";"rac-2";"COC(c1ccccc1)(c1ccccc1)[C@H](Oc1nc(C)cc(C)n1)C(=O)O";"IC50";"'='";"1190.0";"nM";"5.92";"";"";"UO_0000065";"";"";"";"";"0";"CHEMBL670641";"Antagonist activity towards human recombinant Endothelin B receptor expressed in chinese hamster ovary (CHO) cells determined using [125I]ET1 as radioligand";"F";"BAO_0000219";"cell-based format";"None";"None";"None";"CHO";"None";"";"";"";"CHEMBL1785";"Endothelin receptor ET-B";"Homo sapiens";"SINGLE PROTEIN";"CHEMBL1149183";"1";"Scientific Literature";"J Med Chem";"2004";"CHEMBL3308072";"";"";"";"1190.0"
"CHEMBL4096211";"";"None";"568.59";"1";"3.15";"59";"CCc1cc2c(cc1Cn1c(C(=O)O)c(Cc3cccc(-c4nnn[nH]4)c3)c(=O)c3cc(OCCN)ccc31)OCO2";"IC50";"'='";"562.0";"nM";"6.25";"";"";"UO_0000065";"10.99";"0.20";"3.10";"3.73";"0";"CHEMBL4030315";"Antagonist activity at ETB receptor (unknown origin) expressed in HEK293T cells measured after 30 mins by CCF4-AM dye based GeneBlazer FRET assay";"B";"BAO_0000219";"cell-based format";"Homo sapiens";"None";"None";"None";"None";"";"";"";"CHEMBL1785";"Endothelin receptor ET-B";"Homo sapiens";"SINGLE PROTEIN";"CHEMBL4028842";"1";"Scientific Literature";"Bioorg Med Chem Lett";"2017";"None";"";"";"";"562.0"
"CHEMBL1272244";"";"None";"543.57";"2";"5.12";"44";"CCCOc1ccc2c(c1)c(=O)c(Cc1cccc(C(=O)O)c1)c(C(=O)O)n2Cc1cc2c(cc1CC)OCO2";"IC50";"'='";"2870.0";"nM";"5.54";"";"";"UO_0000065";"10.20";"0.19";"0.42";"4.46";"0";"CHEMBL4030318";"Antagonist activity at ETB receptor (unknown origin) expressed in membranes by radioligand assay";"B";"BAO_0000019";"assay format";"Homo sapiens";"None";"None";"None";"None";"";"";"";"CHEMBL1785";"Endothelin receptor ET-B";"Homo sapiens";"SINGLE PROTEIN";"CHEMBL4028842";"1";"Scientific Literature";"Bioorg Med Chem Lett";"2017";"None";"";"";"";"2870.0"
"CHEMBL27065";"";"None";"302.36";"0";"3.25";"32a";"Cc1noc(NS(=O)(=O)c2cccc3ccccc23)c1C";"IC50";"'='";"49000.0";"nM";"4.31";"";"";"UO_0000065";"14.25";"0.28";"1.06";"5.97";"0";"CHEMBL677273";"Binding affinity against human ETB receptor in transfected COS 7 cell membrane preparation";"B";"BAO_0000219";"cell-based format";"None";"None";"None";"COS 7";"None";"";"";"";"CHEMBL1785";"Endothelin receptor ET-B";"Homo sapiens";"SINGLE PROTEIN";"CHEMBL1129771";"1";"Scientific Literature";"Bioorg Med Chem Lett";"1996";"None";"";"";"";"49.0"
"CHEMBL45269";"";"None";"442.32";"0";"3.86";"7j";"Cc1noc(NS(=O)(=O)c2ccsc2C(=O)Nc2ccccc2)c1Br";"IC50";"'='";"77600.0";"nM";"4.11";"";"";"UO_0000065";"9.29";"0.22";"0.25";"4.06";"1";"CHEMBL670640";"In vitro binding affinity in a radioligand binding experiment by competition with [125I]-labeled endothelin-1 for ETB receptor";"B";"BAO_0000357";"single protein format";"None";"None";"None";"None";"None";"";"";"";"CHEMBL1785";"Endothelin receptor ET-B";"Homo sapiens";"SINGLE PROTEIN";"CHEMBL1130505";"1";"Scientific Literature";"Bioorg Med Chem Lett";"1997";"None";"";"";"";"77.6"
"CHEMBL10218";"";"None";"473.48";"1";"5.30";"5a";"CCCOc1ccc2c(c1)c(-c1ccc3c(c1)OCO3)c(C(=O)O)n2Cc1ccc2c(c1)OCO2";"IC50";"'='";"1600.0";"nM";"5.80";"";"";"UO_0000065";"12.24";"0.23";"0.50";"6.56";"0";"CHEMBL670730";"Inhibition of [125I]ET1 binding to porcine kidney inner medulla membrane Endothelin B receptor";"B";"BAO_0000019";"assay format";"Sus scrofa";"None";"None";"None";"None";"";"";"";"CHEMBL1785";"Endothelin receptor ET-B";"Homo sapiens";"SINGLE PROTEIN";"CHEMBL1130971";"1";"Scientific Literature";"Bioorg Med Chem Lett";"1998";"None";"";"";"";"1600.0"
"CHEMBL957";"BOSENTAN";"4.0";"551.63";"1";"4.20";"Bosentan 1";"COc1ccccc1Oc1c(NS(=O)(=O)c2ccc(C(C)(C)C)cc2)nc(-c2ncccn2)nc1OCCO";"IC50";"'='";"280.0";"nM";"6.55";"";"";"UO_0000065";"11.88";"0.23";"2.35";"4.50";"0";"CHEMBL670645";"In vitro inhibitory concentration required against [125I]ET1 binding to membranes of CHO cells expressing human ETB receptor";"B";"BAO_0000219";"cell-based format";"None";"None";"None";"CHO";"None";"";"";"";"CHEMBL1785";"Endothelin receptor ET-B";"Homo sapiens";"SINGLE PROTEIN";"CHEMBL1136632";"1";"Scientific Literature";"Bioorg Med Chem Lett";"2003";"CHEMBL3308072";"";"";"";"280.0"
"CHEMBL4458005";"";"None";"525.06";"1";"3.81";"Table-1, 41";"CCCCNS(=O)(=O)Nc1ncnc(OCCOc2ncc(SC)cn2)c1-c1ccc(Cl)cc1";"IC50";"'='";"611.0";"nM";"6.21";"";"";"UO_0000065";"11.83";"0.25";"2.40";"4.85";"0";"CHEMBL4426324";"Displacement of [125I]-ET-1 from human ETB receptor expressed in CHO cell membranes after 2 hrs by scintillation counting";"B";"BAO_0000219";"cell-based format";"Homo sapiens";"None";"None";"CHO";"None";"";"";"";"CHEMBL1785";"Endothelin receptor ET-B";"Homo sapiens";"SINGLE PROTEIN";"CHEMBL4425117";"1";"Scientific Literature";"Bioorg Med Chem Lett";"2016";"CHEMBL3308072";"";"";"";"611.0"
"CHEMBL367444";"";"None";"659.81";"3";"5.28";"65";"COc1ccccc1Oc1c(NS(=O)(=O)c2ccc(C(C)C)cn2)nc(C2CC2)nc1OCCCNS(=O)(=O)c1cccs1";"IC50";"'='";"4.0";"nM";"8.40";"";"";"UO_0000065";"12.73";"0.26";"3.12";"5.29";"1";"CHEMBL4426324";"Displacement of [125I]-ET-1 from human ETB receptor expressed in CHO cell membranes after 2 hrs by scintillation counting";"B";"BAO_0000219";"cell-based format";"Homo sapiens";"None";"None";"CHO";"None";"";"";"";"CHEMBL1785";"Endothelin receptor ET-B";"Homo sapiens";"SINGLE PROTEIN";"CHEMBL4425117";"1";"Scientific Literature";"Bioorg Med Chem Lett";"2016";"CHEMBL3308072";"";"";"";"4.0"
"CHEMBL4465332";"";"None";"626.70";"3";"5.02";"68";"CC#CCOc1nc(-c2ccnc(-c3nnn[nH]3)c2)nc(NS(=O)(=O)c2ccc(C(C)(C)C)cc2)c1Oc1ccccc1OC";"IC50";"'='";"29.0";"nM";"7.54";"";"";"UO_0000065";"12.03";"0.23";"2.52";"4.51";"0";"CHEMBL4426324";"Displacement of [125I]-ET-1 from human ETB receptor expressed in CHO cell membranes after 2 hrs by scintillation counting";"B";"BAO_0000219";"cell-based format";"Homo sapiens";"None";"None";"CHO";"None";"";"";"";"CHEMBL1785";"Endothelin receptor ET-B";"Homo sapiens";"SINGLE PROTEIN";"CHEMBL4425117";"1";"Scientific Literature";"Bioorg Med Chem Lett";"2016";"CHEMBL3308072";"";"";"";"29.0"
"CHEMBL2165332";"";"None";"571.46";"1";"3.91";"42";"Cc1ccc(-c2c(NS(=O)(=O)NCc3ccccc3)ncnc2OCCOc2ncc(Br)cn2)cc1";"IC50";"'='";"441.0";"nM";"6.36";"";"";"UO_0000065";"11.12";"0.24";"2.45";"4.96";"1";"CHEMBL4426322";"Antagonist activity at ETB receptor (unknown origin)";"B";"BAO_0000357";"single protein format";"Homo sapiens";"None";"None";"None";"None";"";"";"";"CHEMBL1785";"Endothelin receptor ET-B";"Homo sapiens";"SINGLE PROTEIN";"CHEMBL4425117";"1";"Scientific Literature";"Bioorg Med Chem Lett";"2016";"None";"";"";"";"441.0"
"CHEMBL112624";"";"None";"614.52";"1";"4.53";"16; T-0201";"Cc1ccc(-c2c(NS(=O)(=O)c3ccc(C(C)(C)CO)cc3)ncnc2OCCOc2ncc(Br)cn2)cc1";"IC50";"'='";"12.0";"nM";"7.92";"";"";"UO_0000065";"12.89";"0.28";"3.39";"5.81";"1";"CHEMBL4431774";"Antagonist activity at ET-B receptor (unknown origin)";"B";"BAO_0000357";"single protein format";"Homo sapiens";"None";"None";"None";"None";"";"";"";"CHEMBL1785";"Endothelin receptor ET-B";"Homo sapiens";"SINGLE PROTEIN";"CHEMBL4431311";"1";"Scientific Literature";"J Med Chem";"2016";"None";"";"";"";"12.0"
"CHEMBL111612";"ABT-546";"None";"532.72";"2";"5.54";"EUB0000348";"CCCCN(CCCC)C(=O)CN1C[C@H](c2cc(OC)c3c(c2)OCO3)[C@@H](C(=O)O)[C@@H]1CC(C)(C)CCC";"IC50";"'='";"15400.0";"nM";"4.81";"";"Not Active";"UO_0000065";"9.03";"0.17";"-0.73";"5.44";"0";"CHEMBL4880235";"Inhibition of [125I]-endothelin-3 binding to EDNRB";"B";"BAO_0000357";"single protein format";"Homo sapiens";"None";"None";"None";"None";"Assay publication: PMID: 10082200 | Target protein type: Membranes prepared from CHO cells stably transfected with human EDNRA and EDNRB";"";"";"CHEMBL1785";"Endothelin receptor ET-B";"Homo sapiens";"SINGLE PROTEIN";"CHEMBL4507258";"54";"SGC Frankfurt - Donated Chemical Probes";"";"2021";"None";"Num of experiments None 4.0 None | SD None 1600.0 nM";"";"";"15400.0"
"CHEMBL4568795";"";"None";"663.79";"1";"4.82";"19; BQ788";"CCCC[C@H](NC(=O)[C@@H](Cc1cn(C(=O)OC)c2ccccc12)NC(=O)[C@@H](CC(C)(C)C)NC(=O)N1[C@H](C)CCC[C@@H]1C)C(=O)[O-].[Na+]";"IC50";"'='";"1.2";"nM";"8.92";"";"";"UO_0000065";"13.90";"0.26";"4.10";"5.61";"0";"CHEMBL4431777";"Displacement of [125I]ET-1 from ET-B receptor in human Girardi heart cells incubated for 4 hrs by gamma counting method";"B";"BAO_0000219";"cell-based format";"Homo sapiens";"None";"None";"None";"None";"";"";"";"CHEMBL1785";"Endothelin receptor ET-B";"Homo sapiens";"SINGLE PROTEIN";"CHEMBL4431311";"1";"Scientific Literature";"J Med Chem";"2016";"None";"";"";"";"1.2"
"CHEMBL4540866";"";"None";"527.43";"1";"2.75";"44";"CNS(=O)(=O)Nc1ncnc(OCCOc2ncc(SC)cn2)c1-c1ccc(Br)cc1";"IC50";"'='";"290.0";"nM";"6.54";"";"";"UO_0000065";"12.40";"0.29";"3.79";"5.10";"0";"CHEMBL4426324";"Displacement of [125I]-ET-1 from human ETB receptor expressed in CHO cell membranes after 2 hrs by scintillation counting";"B";"BAO_0000219";"cell-based format";"Homo sapiens";"None";"None";"CHO";"None";"";"";"";"CHEMBL1785";"Endothelin receptor ET-B";"Homo sapiens";"SINGLE PROTEIN";"CHEMBL4425117";"1";"Scientific Literature";"Bioorg Med Chem Lett";"2016";"CHEMBL3308072";"";"";"";"290.0"
"CHEMBL4436531";"";"None";"511.03";"1";"3.42";"56";"CCCNS(=O)(=O)Nc1ncnc(OCCOc2ncc(SC)cn2)c1-c1ccc(Cl)cc1";"IC50";"'='";"686.0";"nM";"6.16";"";"";"UO_0000065";"12.06";"0.26";"2.74";"4.81";"0";"CHEMBL4426324";"Displacement of [125I]-ET-1 from human ETB receptor expressed in CHO cell membranes after 2 hrs by scintillation counting";"B";"BAO_0000219";"cell-based format";"Homo sapiens";"None";"None";"CHO";"None";"";"";"";"CHEMBL1785";"Endothelin receptor ET-B";"Homo sapiens";"SINGLE PROTEIN";"CHEMBL4425117";"1";"Scientific Literature";"Bioorg Med Chem Lett";"2016";"CHEMBL3308072";"";"";"";"686.0"
"CHEMBL4553625";"";"None";"571.48";"1";"2.77";"73";"COCCNS(=O)(=O)Nc1ncnc(OCCOc2ncc(SC)cn2)c1-c1ccc(Br)cc1";"IC50";"'='";"120.0";"nM";"6.92";"";"";"UO_0000065";"12.11";"0.28";"4.15";"5.04";"0";"CHEMBL4426324";"Displacement of [125I]-ET-1 from human ETB receptor expressed in CHO cell membranes after 2 hrs by scintillation counting";"B";"BAO_0000219";"cell-based format";"Homo sapiens";"None";"None";"CHO";"None";"";"";"";"CHEMBL1785";"Endothelin receptor ET-B";"Homo sapiens";"SINGLE PROTEIN";"CHEMBL4425117";"1";"Scientific Literature";"Bioorg Med Chem Lett";"2016";"CHEMBL3308072";"";"";"";"120.0"
"CHEMBL328942";"";"None";"924.11";"2";"4.17";"2";"CC[C@H](C)[C@H](NC(=O)[C@H](CC(=O)O)NC(=O)[C@H](CC(C)C)NC(=O)[C@@H](NC(C)=O)C(c1ccccc1)c1ccccc1)C(=O)N[C@H](C(=O)N[C@@H](Cc1c[nH]c2ccccc12)C(=O)O)[C@@H](C)CC";"IC50";"'='";"960.0";"nM";"6.02";"";"";"UO_0000065";"6.51";"0.12";"1.85";"2.27";"0";"CHEMBL677445";"Binding affinity measured in CHO cells stably transfected with the human endothelin B receptor";"B";"BAO_0000219";"cell-based format";"Homo sapiens";"None";"None";"CHO";"None";"";"";"";"CHEMBL1785";"Endothelin receptor ET-B";"Homo sapiens";"SINGLE PROTEIN";"CHEMBL1128478";"1";"Scientific Literature";"J Med Chem";"1995";"CHEMBL3308072";"";"";"";"0.96"
"CHEMBL311258";"";"None";"328.39";"0";"3.76";"36a";"Cc1noc(NS(=O)(=O)c2ccc(-c3ccccc3)cc2)c1C";"IC50";"'='";"610.0";"nM";"6.21";"";"";"UO_0000065";"18.92";"0.37";"2.45";"8.61";"0";"CHEMBL677273";"Binding affinity against human ETB receptor in transfected COS 7 cell membrane preparation";"B";"BAO_0000219";"cell-based format";"None";"None";"None";"COS 7";"None";"";"";"";"CHEMBL1785";"Endothelin receptor ET-B";"Homo sapiens";"SINGLE PROTEIN";"CHEMBL1129771";"1";"Scientific Literature";"Bioorg Med Chem Lett";"1996";"None";"";"";"";"0.61"
"CHEMBL2163690";"";"None";"543.83";"1";"3.46";"66";"CCCNS(=O)(=O)Nc1ncnc(OCCOc2ncc(Br)cn2)c1-c1ccc(Cl)cc1";"IC50";"'='";"784.0";"nM";"6.11";"";"";"UO_0000065";"11.23";"0.26";"2.65";"4.76";"0";"CHEMBL2166381";"Displacement of [I125]ET1 from recombinant ETB receptor expressed in CHO cells after 2 hrs by TopCount analysis";"B";"BAO_0000219";"cell-based format";"None";"None";"None";"CHO";"None";"";"";"";"CHEMBL1785";"Endothelin receptor ET-B";"Homo sapiens";"SINGLE PROTEIN";"CHEMBL2163289";"1";"Scientific Literature";"J Med Chem";"2012";"CHEMBL3308072";"";"";"";"784.0"
"CHEMBL2165333";"";"None";"591.88";"1";"4.25";"56";"O=S(=O)(NCc1ccccc1)Nc1ncnc(OCCOc2ncc(Br)cn2)c1-c1ccc(Cl)cc1";"IC50";"'='";"506.0";"nM";"6.30";"";"";"UO_0000065";"10.64";"0.24";"2.05";"4.91";"0";"CHEMBL2166381";"Displacement of [I125]ET1 from recombinant ETB receptor expressed in CHO cells after 2 hrs by TopCount analysis";"B";"BAO_0000219";"cell-based format";"None";"None";"None";"CHO";"None";"";"";"";"CHEMBL1785";"Endothelin receptor ET-B";"Homo sapiens";"SINGLE PROTEIN";"CHEMBL2163289";"1";"Scientific Literature";"J Med Chem";"2012";"CHEMBL3308072";"";"";"";"506.0"
"CHEMBL2165329";"";"None";"603.46";"1";"3.73";"52";"COc1cccc(Oc2c(NS(=O)(=O)NCc3ccccc3)ncnc2OCCOc2ncc(Br)cn2)c1";"IC50";"'='";"457.0";"nM";"6.34";"";"";"UO_0000065";"10.51";"0.23";"2.61";"4.32";"0";"CHEMBL2166381";"Displacement of [I125]ET1 from recombinant ETB receptor expressed in CHO cells after 2 hrs by TopCount analysis";"B";"BAO_0000219";"cell-based format";"None";"None";"None";"CHO";"None";"";"";"";"CHEMBL1785";"Endothelin receptor ET-B";"Homo sapiens";"SINGLE PROTEIN";"CHEMBL2163289";"1";"Scientific Literature";"J Med Chem";"2012";"CHEMBL3308072";"";"";"";"457.0"
"CHEMBL2163704";"";"None";"647.74";"2";"4.69";"26";"COc1ccccc1Oc1c(NS(=O)(=O)CCc2ccccc2)nc(-c2ncccn2)nc1OCCOc1ncc(SC)cn1";"IC50";"'='";"42.0";"nM";"7.38";"";"";"UO_0000065";"11.39";"0.22";"2.69";"4.60";"0";"CHEMBL2166381";"Displacement of [I125]ET1 from recombinant ETB receptor expressed in CHO cells after 2 hrs by TopCount analysis";"B";"BAO_0000219";"cell-based format";"None";"None";"None";"CHO";"None";"";"";"";"CHEMBL1785";"Endothelin receptor ET-B";"Homo sapiens";"SINGLE PROTEIN";"CHEMBL2163289";"1";"Scientific Literature";"J Med Chem";"2012";"CHEMBL3308072";"";"";"";"42.0"
"CHEMBL2163695";"";"None";"523.57";"1";"3.09";"19";"COc1ccccc1Oc1c(NS(=O)(=O)CCc2ccccc2)nc(-c2ncccn2)nc1OCCO";"IC50";"'='";"1131.0";"nM";"5.95";"";"";"UO_0000065";"11.36";"0.22";"2.86";"4.08";"0";"CHEMBL2166381";"Displacement of [I125]ET1 from recombinant ETB receptor expressed in CHO cells after 2 hrs by TopCount analysis";"B";"BAO_0000219";"cell-based format";"None";"None";"None";"CHO";"None";"";"";"";"CHEMBL1785";"Endothelin receptor ET-B";"Homo sapiens";"SINGLE PROTEIN";"CHEMBL2163289";"1";"Scientific Literature";"J Med Chem";"2012";"CHEMBL3308072";"";"";"";"1131.0"
"CHEMBL957";"BOSENTAN";"4.0";"551.63";"1";"4.20";"127";"COc1ccccc1Oc1c(NS(=O)(=O)c2ccc(C(C)(C)C)cc2)nc(-c2ncccn2)nc1OCCO";"IC50";"'='";"1000.0";"nM";"6.00";"";"";"UO_0000065";"10.88";"0.21";"1.80";"4.12";"0";"CHEMBL4371635";"Antagonist activity at ETB receptor (unknown origin) assessed as effect on G protein-mediated smooth muscle contraction";"B";"BAO_0000357";"single protein format";"Homo sapiens";"None";"None";"None";"None";"";"";"";"CHEMBL1785";"Endothelin receptor ET-B";"Homo sapiens";"SINGLE PROTEIN";"CHEMBL4371007";"1";"Scientific Literature";"J Med Chem";"2018";"None";"";"";"";"6.0"
"CHEMBL4533479";"A-1806262";"None";"558.68";"2";"5.81";"EUB0000339";"CCCOc1ccc([C@@H]2[C@@H](C(=O)O)[C@H](c3ccc4c(c3)OCO4)CN2CC(=O)Nc2c(CC)cccc2CC)cc1";"IC50";"'='";"1000.0";"nM";"6.00";"";"Not Active";"UO_0000065";"";"";"";"";"0";"CHEMBL5058653";"Eurofins cellular functional assay - Antagonist (EDNRB)";"F";"BAO_0000019";"assay format";"Homo sapiens";"None";"None";"None";"None";"";"";"";"CHEMBL1785";"Endothelin receptor ET-B";"Homo sapiens";"SINGLE PROTEIN";"CHEMBL4507261";"54";"SGC Frankfurt - Donated Chemical Probes";"";"2021";"None";"";"ANTAGONIST";"";"1.0"
"CHEMBL322920";"";"None";"703.74";"2";"7.50";"12 (Fast isomer)";"COc1ccc(C2(OC(=O)N[C@@H](C)c3cccc4ccccc34)OC(=O)C(c3ccc4c(c3)OCO4)=C2Cc2cc(OC)c(OC)c(OC)c2)cc1";"IC50";"'>'";"2500.0";"nM";"";"";"";"UO_0000065";"";"";"";"";"0";"CHEMBL678455";"Binding affinity for human endothelin B receptor expressed in CHO-K1 cells.";"B";"BAO_0000219";"cell-based format";"Homo sapiens";"None";"None";"CHO-K1";"None";"";"";"";"CHEMBL1785";"Endothelin receptor ET-B";"Homo sapiens";"SINGLE PROTEIN";"CHEMBL1129826";"1";"Scientific Literature";"Bioorg Med Chem Lett";"1997";"CHEMBL3307512";"";"";"";"2500.0"
"CHEMBL1790180";"ENDOTHELIN 3";"0.5";"2657.12";"None";"None";"Endothelin-3";"CC[C@H](C)[C@H](NC(=O)[C@H](CC(=O)O)NC(=O)[C@H](CC(C)C)NC(=O)[C@H](Cc1c[nH]cn1)NC(=O)[C@@H]1CSSC[C@@H](N)C(=O)N[C@H]([C@@H](C)O)C(=O)N[C@H]2CSSC[C@@H](NC(=O)[C@H](CCC(=O)O)NC(=O)[C@H](CCCCN)NC(=O)[C@@H](CC(=O)O)NC(=O)[C@H](CCCCN)NC(=O)[C@@H](CCc3ccc(O)cc3)NC(=O)[C@H]([C@H](C)O)NC(=O)[C@@H](Cc3ccccc3)NC2=O)C(=O)N[C@@H](C(C)C)C(=O)N[C@H](Cc2ccc(O)cc2)C(=O)N[C@@H](Cc2ccc(O)cc2)C(=O)N1)C(=O)N[C@H](C(=O)N[C@@H](Cc1c[nH]c2ccccc12)C(=O)O)[C@@H](C)CC";"IC50";"'='";"0.04";"nM";"10.40";"";"";"UO_0000065";"3.91";"None";"None";"None";"0";"CHEMBL2395014";"Binding affinity to human ETB receptor by radioligand displacement assay";"B";"BAO_0000357";"single protein format";"Homo sapiens";"None";"None";"None";"None";"";"";"";"CHEMBL1785";"Endothelin receptor ET-B";"Homo sapiens";"SINGLE PROTEIN";"CHEMBL2390917";"1";"Scientific Literature";"Bioorg Med Chem";"2013";"None";"";"";"";"0.04"
"CHEMBL273642";"";"None";"778.82";"2";"6.58";"9k(enantiomer)";"Cc1ccccc1C(NC(=O)CN1C[C@H](c2ccc3c(c2)OCO3)[C@@H](C(=O)O)[C@@H]1c1ccc(OCCOC(C)C)cc1)c1ccccc1C.O=C(O)C(F)(F)F";"IC50";"'='";"3.3";"nM";"8.48";"";"";"UO_0000065";"12.76";"0.24";"1.90";"7.96";"0";"CHEMBL670477";"Binding ability determined by the displacement of [125 I]ET-3 from the human Endothelin B receptor";"B";"BAO_0000357";"single protein format";"None";"None";"None";"None";"None";"";"";"";"CHEMBL1785";"Endothelin receptor ET-B";"Homo sapiens";"SINGLE PROTEIN";"CHEMBL1132108";"1";"Scientific Literature";"J Med Chem";"1999";"None";"";"";"";"3.3"
"CHEMBL9194";"ATRASENTAN";"3.0";"510.63";"1";"4.69";"1";"CCCCN(CCCC)C(=O)CN1C[C@H](c2ccc3c(c2)OCO3)[C@@H](C(=O)O)[C@@H]1c1ccc(OC)cc1";"IC50";"'='";"515.0";"nM";"6.29";"";"";"UO_0000065";"12.31";"0.23";"1.60";"7.10";"0";"CHEMBL673048";"Binding affinity against endothelin B receptor in porcine cerebellar tissue";"B";"BAO_0000357";"single protein format";"Sus scrofa";"None";"None";"None";"None";"";"";"";"CHEMBL1785";"Endothelin receptor ET-B";"Homo sapiens";"SINGLE PROTEIN";"CHEMBL1134271";"1";"Scientific Literature";"J Med Chem";"2001";"None";"";"";"";"515.0"
"CHEMBL328942";"";"None";"924.11";"2";"4.17";"2";"CC[C@H](C)[C@H](NC(=O)[C@H](CC(=O)O)NC(=O)[C@H](CC(C)C)NC(=O)[C@@H](NC(C)=O)C(c1ccccc1)c1ccccc1)C(=O)N[C@H](C(=O)N[C@@H](Cc1c[nH]c2ccccc12)C(=O)O)[C@@H](C)CC";"IC50";"'='";"60.0";"nM";"7.22";"";"";"UO_0000065";"7.81";"0.15";"3.05";"2.73";"0";"CHEMBL671552";"Binding affinity against endothelin B receptor from rabbit renal vascular smooth muscles";"B";"BAO_0000357";"single protein format";"Oryctolagus cuniculus";"None";"None";"None";"None";"";"";"";"CHEMBL1785";"Endothelin receptor ET-B";"Homo sapiens";"SINGLE PROTEIN";"CHEMBL1128478";"1";"Scientific Literature";"J Med Chem";"1995";"None";"";"";"";"0.06"
"CHEMBL286621";"";"None";"520.58";"1";"3.51";"2s (diastereomer)";"COc1ccc([C@@H]2c3nc(NC(C)C)ccc3[C@H](c3ccc4c(c3)OCO4)[C@H]2C(=O)O)c(CC(O)CO)c1";"IC50";"'='";"5.6";"nM";"8.25";"";"";"UO_0000065";"15.85";"0.30";"4.74";"6.33";"0";"CHEMBL670651";"Inhibitory activity against [125I]ET1 binding to human endothelin B receptor";"B";"BAO_0000357";"single protein format";"None";"None";"None";"None";"None";"";"";"";"CHEMBL1785";"Endothelin receptor ET-B";"Homo sapiens";"SINGLE PROTEIN";"CHEMBL1147633";"1";"Scientific Literature";"Bioorg Med Chem Lett";"2004";"None";"";"";"";"5.6"
"CHEMBL2163715";"";"None";"632.50";"2";"4.29";"37";"CCCCS(=O)(=O)Nc1nc(-c2ncccn2)nc(OCCOc2ncc(Br)cn2)c1Oc1ccccc1OC";"IC50";"'='";"552.0";"nM";"6.26";"";"";"UO_0000065";"9.89";"0.21";"1.97";"3.90";"0";"CHEMBL2166381";"Displacement of [I125]ET1 from recombinant ETB receptor expressed in CHO cells after 2 hrs by TopCount analysis";"B";"BAO_0000219";"cell-based format";"None";"None";"None";"CHO";"None";"";"";"";"CHEMBL1785";"Endothelin receptor ET-B";"Homo sapiens";"SINGLE PROTEIN";"CHEMBL2163289";"1";"Scientific Literature";"J Med Chem";"2012";"CHEMBL3308072";"";"";"";"552.0"
"CHEMBL2163697";"";"None";"629.70";"3";"5.08";"18";"COc1ccccc1Oc1c(NS(=O)(=O)c2ccc(C(C)(C)C)cc2)nc(-c2ncccn2)nc1OCCOc1ncccn1";"IC50";"'='";"76.0";"nM";"7.12";"";"";"UO_0000065";"11.31";"0.22";"2.04";"4.44";"0";"CHEMBL2166381";"Displacement of [I125]ET1 from recombinant ETB receptor expressed in CHO cells after 2 hrs by TopCount analysis";"B";"BAO_0000219";"cell-based format";"None";"None";"None";"CHO";"None";"";"";"";"CHEMBL1785";"Endothelin receptor ET-B";"Homo sapiens";"SINGLE PROTEIN";"CHEMBL2163289";"1";"Scientific Literature";"J Med Chem";"2012";"CHEMBL3308072";"";"";"";"76.0"
"CHEMBL278176";"";"None";"682.84";"2";"7.09";"13";"CCCc1cc(Cn2c(CC)nc3c(C)cc(C)nc32)ccc1OC(C(=O)NS(=O)(=O)c1ccc(C(C)C)cc1)c1ccc2c(c1)OCO2";"IC50";"'='";"60.0";"nM";"7.22";"";"";"UO_0000065";"10.58";"0.20";"0.13";"5.94";"0";"CHEMBL670656";"Inhibition of human endothelin B (ETB) receptor expressed in CHO cells";"B";"BAO_0000219";"cell-based format";"Homo sapiens";"None";"None";"CHO";"None";"";"";"";"CHEMBL1785";"Endothelin receptor ET-B";"Homo sapiens";"SINGLE PROTEIN";"CHEMBL1128156";"1";"Scientific Literature";"Bioorg Med Chem Lett";"1995";"CHEMBL3308072";"";"";"";"0.06"
"CHEMBL9194";"ATRASENTAN";"3.0";"510.63";"1";"4.69";"1";"CCCCN(CCCC)C(=O)CN1C[C@H](c2ccc3c(c2)OCO3)[C@@H](C(=O)O)[C@@H]1c1ccc(OC)cc1";"IC50";"'='";"63.3";"nM";"7.20";"";"";"UO_0000065";"14.10";"0.27";"2.51";"8.13";"0";"CHEMBL670477";"Binding ability determined by the displacement of [125 I]ET-3 from the human Endothelin B receptor";"B";"BAO_0000357";"single protein format";"None";"None";"None";"None";"None";"";"";"";"CHEMBL1785";"Endothelin receptor ET-B";"Homo sapiens";"SINGLE PROTEIN";"CHEMBL1132108";"1";"Scientific Literature";"J Med Chem";"1999";"None";"";"";"";"63.3"
"CHEMBL453568";"PHYLLANTHIN";"None";"418.53";"0";"4.03";"1";"COC[C@H](Cc1ccc(OC)c(OC)c1)[C@H](COC)Cc1ccc(OC)c(OC)c1";"IC50";"'>'";"500000.0";"nM";"";"Outside typical range";"";"UO_0000065";"";"";"";"";"0";"CHEMBL937908";"Displacement of [125I]endothelin-1 from human recombinant ETB receptor expressed in CHO cells";"B";"BAO_0000219";"cell-based format";"Homo sapiens";"None";"None";"CHO";"None";"";"";"";"CHEMBL1785";"Endothelin receptor ET-B";"Homo sapiens";"SINGLE PROTEIN";"CHEMBL1150078";"1";"Scientific Literature";"J Nat Prod";"1995";"CHEMBL3308072";"";"";"";"500.0"
"CHEMBL10218";"";"None";"473.48";"1";"5.30";"30";"CCCOc1ccc2c(c1)c(-c1ccc3c(c1)OCO3)c(C(=O)O)n2Cc1ccc2c(c1)OCO2";"IC50";"'='";"850.0";"nM";"6.07";"";"";"UO_0000065";"12.82";"0.24";"0.77";"6.87";"0";"CHEMBL670654";"Inhibitory concentration against Endothelin B receptor expressed in CHO-K1 cells";"B";"BAO_0000219";"cell-based format";"None";"None";"None";"CHO-K1";"None";"";"";"";"CHEMBL1785";"Endothelin receptor ET-B";"Homo sapiens";"SINGLE PROTEIN";"CHEMBL1129233";"1";"Scientific Literature";"Bioorg Med Chem Lett";"1996";"CHEMBL3307512";"";"";"";"0.85"
"CHEMBL323464";"";"None";"564.68";"1";"4.25";"15a";"CCCCS(=O)(=O)N(CCC)CCN1C[C@H](c2ccc3c(c2)OCO3)[C@@H](C(=O)O)[C@@H]1c1ccc(OC)c(F)c1";"IC50";"'='";"0.6";"nM";"9.22";"";"";"UO_0000065";"";"";"";"";"0";"CHEMBL873581";"Ability to block the ET-1-induced hydrolysis of inositol phosphate in Endothelin B receptor of chinese hamster ovary(CHO) cells.";"F";"BAO_0000019";"assay format";"None";"None";"None";"None";"None";"";"";"";"CHEMBL1785";"Endothelin receptor ET-B";"Homo sapiens";"SINGLE PROTEIN";"CHEMBL1130174";"1";"Scientific Literature";"J Med Chem";"1997";"None";"";"";"";"0.6"
"CHEMBL2261599";"";"None";"534.59";"1";"4.06";"12";"COc1cc(C)ccc1S(=O)(=O)NC(=O)C(c1ccc2c(c1)OCO2)c1cn(C)c2cc(C(C)=O)ccc12";"IC50";"'='";"906.0";"nM";"6.04";"";"";"UO_0000065";"11.30";"0.22";"1.98";"5.35";"0";"CHEMBL3056375";"Displacement of [I125]ET1 from Homo sapiens (human) ETB receptor expressed in CHO cells";"B";"BAO_0000219";"cell-based format";"Homo sapiens";"None";"None";"CHO";"None";"";"";"";"CHEMBL1785";"Endothelin receptor ET-B";"Homo sapiens";"SINGLE PROTEIN";"CHEMBL3045872";"1";"Scientific Literature";"Med Chem Res";"2004";"CHEMBL3308072";"";"";"";"906.0"
"CHEMBL510130";"HYPOPHYLLANTHIN";"None";"430.50";"0";"3.65";"2";"COC[C@@H]1Cc2cc(OC)c3c(c2[C@H](c2ccc(OC)c(OC)c2)[C@H]1COC)OCO3";"IC50";"'>'";"500000.0";"nM";"";"Outside typical range";"";"UO_0000065";"";"";"";"";"0";"CHEMBL937908";"Displacement of [125I]endothelin-1 from human recombinant ETB receptor expressed in CHO cells";"B";"BAO_0000219";"cell-based format";"Homo sapiens";"None";"None";"CHO";"None";"";"";"";"CHEMBL1785";"Endothelin receptor ET-B";"Homo sapiens";"SINGLE PROTEIN";"CHEMBL1150078";"1";"Scientific Literature";"J Nat Prod";"1995";"CHEMBL3308072";"";"";"";"500.0"
"CHEMBL1628620";"";"None";"609.70";"1";"4.78";"19; Ro 46-8443";"COc1ccc(-c2nc(NS(=O)(=O)c3ccc(C(C)(C)C)cc3)c(Oc3ccccc3OC)c(OC[C@H](O)CO)n2)cc1";"IC50";"'='";"69.0";"nM";"7.16";"";"";"UO_0000065";"11.75";"0.23";"2.38";"4.80";"0";"CHEMBL4426320";"Antagonist activity at human ETB receptor expressed in CHO cells in presence of ET1";"B";"BAO_0000219";"cell-based format";"Homo sapiens";"None";"None";"CHO";"None";"";"";"";"CHEMBL1785";"Endothelin receptor ET-B";"Homo sapiens";"SINGLE PROTEIN";"CHEMBL4425117";"1";"Scientific Literature";"Bioorg Med Chem Lett";"2016";"CHEMBL3308072";"";"";"";"0.069"
"CHEMBL2163715";"";"None";"632.50";"2";"4.29";"39";"CCCCS(=O)(=O)Nc1nc(-c2ncccn2)nc(OCCOc2ncc(Br)cn2)c1Oc1ccccc1OC";"IC50";"'='";"552.0";"nM";"6.26";"";"";"UO_0000065";"9.89";"0.21";"1.97";"3.90";"1";"CHEMBL4426322";"Antagonist activity at ETB receptor (unknown origin)";"B";"BAO_0000357";"single protein format";"Homo sapiens";"None";"None";"None";"None";"";"";"";"CHEMBL1785";"Endothelin receptor ET-B";"Homo sapiens";"SINGLE PROTEIN";"CHEMBL4425117";"1";"Scientific Literature";"Bioorg Med Chem Lett";"2016";"None";"";"";"";"552.0"
"CHEMBL1271479";"";"None";"541.56";"1";"4.89";"47";"C=CCOc1ccc2c(c1)c(=O)c(Cc1cccc(C(=O)O)c1)c(C(=O)O)n2Cc1cc2c(cc1CC)OCO2";"IC50";"'='";"1131.2";"nM";"5.95";"";"";"UO_0000065";"10.98";"0.20";"1.06";"4.78";"0";"CHEMBL4030315";"Antagonist activity at ETB receptor (unknown origin) expressed in HEK293T cells measured after 30 mins by CCF4-AM dye based GeneBlazer FRET assay";"B";"BAO_0000219";"cell-based format";"Homo sapiens";"None";"None";"None";"None";"";"";"";"CHEMBL1785";"Endothelin receptor ET-B";"Homo sapiens";"SINGLE PROTEIN";"CHEMBL4028842";"1";"Scientific Literature";"Bioorg Med Chem Lett";"2017";"None";"";"";"";"1131.2"
"CHEMBL3989834";"AVOSENTAN";"3.0";"479.52";"0";"3.85";"25; Avosentan";"COc1ccccc1Oc1c(NS(=O)(=O)c2ccc(C)cn2)nc(-c2ccncc2)nc1OC";"IC50";"'='";"600.0";"nM";"6.22";"";"";"UO_0000065";"12.98";"0.25";"2.37";"4.96";"0";"CHEMBL4426310";"Displacement of radioligand from ETB receptor in human placenta cell membranes";"B";"BAO_0000219";"cell-based format";"Homo sapiens";"None";"None";"None";"None";"";"";"";"CHEMBL1785";"Endothelin receptor ET-B";"Homo sapiens";"SINGLE PROTEIN";"CHEMBL4425117";"1";"Scientific Literature";"Bioorg Med Chem Lett";"2016";"None";"";"";"";"600.0"
"CHEMBL2163695";"";"None";"523.57";"1";"3.09";"36";"COc1ccccc1Oc1c(NS(=O)(=O)CCc2ccccc2)nc(-c2ncccn2)nc1OCCO";"IC50";"'='";"1131.0";"nM";"5.95";"";"";"UO_0000065";"11.36";"0.22";"2.86";"4.08";"1";"CHEMBL4426322";"Antagonist activity at ETB receptor (unknown origin)";"B";"BAO_0000357";"single protein format";"Homo sapiens";"None";"None";"None";"None";"";"";"";"CHEMBL1785";"Endothelin receptor ET-B";"Homo sapiens";"SINGLE PROTEIN";"CHEMBL4425117";"1";"Scientific Literature";"Bioorg Med Chem Lett";"2016";"None";"";"";"";"1131.0"
"CHEMBL4779424";"";"None";"176.26";"0";"2.05";"Metanicotine";"CN(C)CC/C=C/c1cccnc1";"IC50";"'>'";"10000.0";"nM";"";"";"";"UO_0000065";"";"";"";"";"0";"CHEMBL4676900";"Displacement of [3H]nicotine from Endothelin receptor type B (unknown origin)";"B";"BAO_0000357";"single protein format";"Homo sapiens";"None";"None";"None";"None";"";"";"";"CHEMBL1785";"Endothelin receptor ET-B";"Homo sapiens";"SINGLE PROTEIN";"CHEMBL4673260";"1";"Scientific Literature";"Bioorg Med Chem";"2020";"None";"";"";"";"10.0"
"CHEMBL2163716";"";"None";"681.53";"2";"4.19";"40";"COc1ccccc1Oc1c(NS(=O)(=O)NCc2ccccc2)nc(-c2ncccn2)nc1OCCOc1ncc(Br)cn1";"IC50";"'='";"147.0";"nM";"6.83";"";"";"UO_0000065";"10.03";"0.21";"2.64";"3.96";"1";"CHEMBL4426322";"Antagonist activity at ETB receptor (unknown origin)";"B";"BAO_0000357";"single protein format";"Homo sapiens";"None";"None";"None";"None";"";"";"";"CHEMBL1785";"Endothelin receptor ET-B";"Homo sapiens";"SINGLE PROTEIN";"CHEMBL4425117";"1";"Scientific Literature";"Bioorg Med Chem Lett";"2016";"None";"";"";"";"147.0"
"CHEMBL267458";"BMS-182874";"None";"345.42";"0";"3.31";"33a";"Cc1noc(NS(=O)(=O)c2cccc3c(N(C)C)cccc23)c1C";"IC50";"'='";"14000.0";"nM";"4.85";"";"";"UO_0000065";"14.05";"0.28";"1.54";"6.43";"0";"CHEMBL677273";"Binding affinity against human ETB receptor in transfected COS 7 cell membrane preparation";"B";"BAO_0000219";"cell-based format";"None";"None";"None";"COS 7";"None";"";"";"";"CHEMBL1785";"Endothelin receptor ET-B";"Homo sapiens";"SINGLE PROTEIN";"CHEMBL1129771";"1";"Scientific Literature";"Bioorg Med Chem Lett";"1996";"None";"";"";"";"14.0"
"CHEMBL957";"BOSENTAN";"4.0";"551.63";"1";"4.20";"1a";"COc1ccccc1Oc1c(NS(=O)(=O)c2ccc(C(C)(C)C)cc2)nc(-c2ncccn2)nc1OCCO";"IC50";"'='";"150.0";"nM";"6.82";"";"";"UO_0000065";"12.37";"0.24";"2.62";"4.69";"0";"CHEMBL672256";"Receptor binding affinity was determined against [125I]ET1 with membranes prepared from human placenta for ETB receptor";"B";"BAO_0000019";"assay format";"None";"None";"None";"None";"None";"";"";"";"CHEMBL1785";"Endothelin receptor ET-B";"Homo sapiens";"SINGLE PROTEIN";"CHEMBL1130517";"1";"Scientific Literature";"Bioorg Med Chem Lett";"1997";"None";"";"";"";"150.0"
"CHEMBL322920";"";"None";"703.74";"2";"7.50";"12 (Fast isomer)";"COc1ccc(C2(OC(=O)N[C@@H](C)c3cccc4ccccc34)OC(=O)C(c3ccc4c(c3)OCO4)=C2Cc2cc(OC)c(OC)c(OC)c2)cc1";"IC50";"'>'";"2500.0";"nM";"";"";"";"UO_0000065";"";"";"";"";"0";"CHEMBL678455";"Binding affinity for human endothelin B receptor expressed in CHO-K1 cells.";"B";"BAO_0000219";"cell-based format";"Homo sapiens";"None";"None";"CHO-K1";"None";"";"";"";"CHEMBL1785";"Endothelin receptor ET-B";"Homo sapiens";"SINGLE PROTEIN";"CHEMBL1129826";"1";"Scientific Literature";"Bioorg Med Chem Lett";"1997";"CHEMBL3307512";"";"";"";"2500.0"
"CHEMBL957";"BOSENTAN";"4.0";"551.63";"1";"4.20";"1";"COc1ccccc1Oc1c(NS(=O)(=O)c2ccc(C(C)(C)C)cc2)nc(-c2ncccn2)nc1OCCO";"IC50";"'='";"95.0";"nM";"7.02";"";"";"UO_0000065";"12.73";"0.25";"2.82";"4.82";"0";"CHEMBL3862589";"Binding affinity to human ETB receptor";"B";"BAO_0000357";"single protein format";"Homo sapiens";"None";"None";"None";"None";"";"";"";"CHEMBL1785";"Endothelin receptor ET-B";"Homo sapiens";"SINGLE PROTEIN";"CHEMBL3861962";"1";"Scientific Literature";"Eur J Med Chem";"2016";"None";"";"";"";"95.0"
"CHEMBL8981";"PD-156707";"None";"506.51";"1";"3.85";"1, (PD-156707)";"COc1ccc(C2(O)OC(=O)C(c3ccc4c(c3)OCO4)=C2Cc2cc(OC)c(OC)c(OC)c2)cc1";"IC50";"'='";"480.0";"nM";"6.32";"";"";"UO_0000065";"12.48";"0.23";"2.47";"6.20";"1";"CHEMBL678455";"Binding affinity for human endothelin B receptor expressed in CHO-K1 cells.";"B";"BAO_0000219";"cell-based format";"Homo sapiens";"None";"None";"CHO-K1";"None";"";"";"";"CHEMBL1785";"Endothelin receptor ET-B";"Homo sapiens";"SINGLE PROTEIN";"CHEMBL1129826";"1";"Scientific Literature";"Bioorg Med Chem Lett";"1997";"CHEMBL3307512";"";"";"";"480.0"
"CHEMBL2165326";"APROCITENTAN";"3.0";"546.20";"1";"2.53";"75";"NS(=O)(=O)Nc1ncnc(OCCOc2ncc(Br)cn2)c1-c1ccc(Br)cc1";"IC50";"'='";"987.0";"nM";"6.01";"";"";"UO_0000065";"11.00";"0.28";"3.48";"4.22";"1";"CHEMBL4426324";"Displacement of [125I]-ET-1 from human ETB receptor expressed in CHO cell membranes after 2 hrs by scintillation counting";"B";"BAO_0000219";"cell-based format";"Homo sapiens";"None";"None";"CHO";"None";"";"";"";"CHEMBL1785";"Endothelin receptor ET-B";"Homo sapiens";"SINGLE PROTEIN";"CHEMBL4425117";"1";"Scientific Literature";"Bioorg Med Chem Lett";"2016";"CHEMBL3308072";"";"";"";"987.0"
"CHEMBL332794";"A-192621";"None";"558.68";"2";"5.81";"EUB0000350";"CCCOc1ccc([C@H]2[C@H](C(=O)O)[C@@H](c3ccc4c(c3)OCO4)CN2CC(=O)Nc2c(CC)cccc2CC)cc1";"IC50";"'='";"6.5";"nM";"8.19";"";"Active";"UO_0000065";"";"";"";"";"0";"CHEMBL5058653";"Eurofins cellular functional assay - Antagonist (EDNRB)";"F";"BAO_0000019";"assay format";"Homo sapiens";"None";"None";"None";"None";"";"";"";"CHEMBL1785";"Endothelin receptor ET-B";"Homo sapiens";"SINGLE PROTEIN";"CHEMBL4507261";"54";"SGC Frankfurt - Donated Chemical Probes";"";"2021";"None";"";"ANTAGONIST";"";"6.5"
"CHEMBL1271586";"";"None";"557.60";"2";"5.51";"45";"CCCCOc1ccc2c(c1)c(=O)c(Cc1cccc(C(=O)O)c1)c(C(=O)O)n2Cc1cc2c(cc1CC)OCO2";"IC50";"'='";"548.2";"nM";"6.26";"";"";"UO_0000065";"11.23";"0.21";"0.75";"5.04";"1";"CHEMBL4030315";"Antagonist activity at ETB receptor (unknown origin) expressed in HEK293T cells measured after 30 mins by CCF4-AM dye based GeneBlazer FRET assay";"B";"BAO_0000219";"cell-based format";"Homo sapiens";"None";"None";"None";"None";"";"";"";"CHEMBL1785";"Endothelin receptor ET-B";"Homo sapiens";"SINGLE PROTEIN";"CHEMBL4028842";"1";"Scientific Literature";"Bioorg Med Chem Lett";"2017";"None";"";"";"";"548.2"
"CHEMBL276638";"";"None";"475.45";"0";"4.53";"3a";"COc1cc2c(-c3ccc4c(c3)OCO4)c(C(=O)O)n(Cc3ccc4c(c3)OCO4)c2cc1OC";"IC50";"'='";"1200.0";"nM";"5.92";"";"";"UO_0000065";"12.45";"0.23";"1.39";"6.07";"0";"CHEMBL670730";"Inhibition of [125I]ET1 binding to porcine kidney inner medulla membrane Endothelin B receptor";"B";"BAO_0000019";"assay format";"Sus scrofa";"None";"None";"None";"None";"";"";"";"CHEMBL1785";"Endothelin receptor ET-B";"Homo sapiens";"SINGLE PROTEIN";"CHEMBL1130971";"1";"Scientific Literature";"Bioorg Med Chem Lett";"1998";"None";"";"";"";"1200.0"
"CHEMBL957";"BOSENTAN";"4.0";"551.63";"1";"4.20";"6";"COc1ccccc1Oc1c(NS(=O)(=O)c2ccc(C(C)(C)C)cc2)nc(-c2ncccn2)nc1OCCO";"IC50";"'='";"202.0";"nM";"6.70";"";"";"UO_0000065";"12.14";"0.23";"2.49";"4.60";"1";"CHEMBL4426317";"Displacement of 125I-ET1 from human placenta ETB receptor";"B";"BAO_0000019";"assay format";"Homo sapiens";"None";"None";"None";"None";"";"";"";"CHEMBL1785";"Endothelin receptor ET-B";"Homo sapiens";"SINGLE PROTEIN";"CHEMBL4425117";"1";"Scientific Literature";"Bioorg Med Chem Lett";"2016";"None";"";"";"";"202.0"
"CHEMBL112832";"";"None";"506.64";"2";"5.71";"2d";"CCCCN(CCCC)C(=O)CN1C[C@H](c2ccc3occc3c2)[C@@H](C(=O)O)[C@@H]1c1ccc(OC)cc1";"IC50";"'='";"5080.0";"nM";"5.29";"";"";"UO_0000065";"10.45";"0.20";"-0.42";"6.36";"0";"CHEMBL673048";"Binding affinity against endothelin B receptor in porcine cerebellar tissue";"B";"BAO_0000357";"single protein format";"Sus scrofa";"None";"None";"None";"None";"";"";"";"CHEMBL1785";"Endothelin receptor ET-B";"Homo sapiens";"SINGLE PROTEIN";"CHEMBL1134271";"1";"Scientific Literature";"J Med Chem";"2001";"None";"";"";"";"5080.0"
"CHEMBL128818";"";"None";"510.65";"2";"5.34";"8";"CCCCN(CCCC)C(=O)CN1C[C@H](c2ccc3c(c2)CCO3)[C@@H](C(=O)O)[C@@H]1c1ccc(C)c(F)c1";"IC50";"'='";"4400.0";"nM";"5.36";"";"";"UO_0000065";"10.49";"0.20";"0.02";"7.64";"0";"CHEMBL677441";"Binding affinity against human endothelin B receptor in CHO cells";"B";"BAO_0000219";"cell-based format";"None";"None";"None";"CHO";"None";"";"";"";"CHEMBL1785";"Endothelin receptor ET-B";"Homo sapiens";"SINGLE PROTEIN";"CHEMBL1134271";"1";"Scientific Literature";"J Med Chem";"2001";"CHEMBL3308072";"";"";"";"4400.0"
"CHEMBL5272983";"";"None";"439.42";"0";"3.33";"29";"O=S(=O)(Nc1ncnc(OCCO)c1-c1ccccc1)c1ccc(C(F)(F)F)cc1";"IC50";"'='";"2000.0";"nM";"5.70";"";"";"UO_0000065";"12.97";"0.26";"2.37";"5.62";"0";"CHEMBL5246774";"Binding affinity to human placenta ETB";"B";"BAO_0000221";"tissue-based format";"Homo sapiens";"None";"Placenta";"None";"None";"";"";"";"CHEMBL1785";"Endothelin receptor ET-B";"Homo sapiens";"SINGLE PROTEIN";"CHEMBL5244271";"1";"Scientific Literature";"J Med Chem";"2020";"None";"";"BINDING AGENT";"";"2.0"
"CHEMBL78853";"";"None";"377.22";"0";"2.56";"20b";"COc1ccc(S(=O)(=O)Nc2onc(C)c2Br)cc1OC";"IC50";"'='";"24000.0";"nM";"4.62";"";"";"UO_0000065";"12.25";"0.30";"2.06";"5.10";"0";"CHEMBL677439";"Binding affinity against human Endothelin B receptor in transfected COS 7 cell membrane preparation";"B";"BAO_0000219";"cell-based format";"None";"None";"None";"COS 7";"None";"";"";"";"CHEMBL1785";"Endothelin receptor ET-B";"Homo sapiens";"SINGLE PROTEIN";"CHEMBL1129771";"1";"Scientific Literature";"Bioorg Med Chem Lett";"1996";"None";"";"";"";"24.0"
"CHEMBL4076290";"";"None";"544.56";"1";"3.67";"49";"CCc1cc2c(cc1Cn1c(C(=O)O)c(Cc3cccc(C(=O)O)c3)c(=O)c3cc(OCCN)ccc31)OCO2";"IC50";"'='";"1353.0";"nM";"5.87";"";"";"UO_0000065";"10.78";"0.20";"2.20";"3.90";"0";"CHEMBL4030315";"Antagonist activity at ETB receptor (unknown origin) expressed in HEK293T cells measured after 30 mins by CCF4-AM dye based GeneBlazer FRET assay";"B";"BAO_0000219";"cell-based format";"Homo sapiens";"None";"None";"None";"None";"";"";"";"CHEMBL1785";"Endothelin receptor ET-B";"Homo sapiens";"SINGLE PROTEIN";"CHEMBL4028842";"1";"Scientific Literature";"Bioorg Med Chem Lett";"2017";"None";"";"";"";"1353.0"
"CHEMBL8981";"PD-156707";"None";"506.51";"1";"3.85";"1";"COc1ccc(C2(O)OC(=O)C(c3ccc4c(c3)OCO4)=C2Cc2cc(OC)c(OC)c(OC)c2)cc1";"IC50";"'='";"780.0";"nM";"6.11";"";"";"UO_0000065";"12.06";"0.23";"2.26";"5.99";"1";"CHEMBL670638";"Inhibition of [125I]ET1 binding to recombinant human Endothelin B receptor.";"B";"BAO_0000357";"single protein format";"None";"None";"None";"None";"None";"";"";"";"CHEMBL1785";"Endothelin receptor ET-B";"Homo sapiens";"SINGLE PROTEIN";"CHEMBL1132648";"1";"Scientific Literature";"J Med Chem";"1999";"None";"";"";"";"780.0"
"CHEMBL435385";"";"None";"544.65";"2";"5.42";"31";"CCOc1ccc([C@H]2[C@H](C(=O)O)[C@@H](c3ccc4c(c3)OCO4)CN2CC(=O)Nc2c(CC)cccc2CC)cc1";"IC50";"'='";"3.6";"nM";"8.44";"";"";"UO_0000065";"15.50";"0.29";"3.02";"8.68";"0";"CHEMBL670478";"Binding affinity towards human Endothelin B receptor (hET -B)";"B";"BAO_0000357";"single protein format";"None";"None";"None";"None";"None";"";"";"";"CHEMBL1785";"Endothelin receptor ET-B";"Homo sapiens";"SINGLE PROTEIN";"CHEMBL1132381";"1";"Scientific Literature";"J Med Chem";"1999";"None";"";"";"";"3.6"
"CHEMBL4448273";"";"None";"674.74";"2";"4.07";"67";"COc1ccccc1Oc1c(NS(=O)(=O)c2ccc(C(C)C)cn2)nc(N2CCOCC2)nc1OCC#CCOC(=O)c1ccccn1";"IC50";"'='";"42.0";"nM";"7.38";"";"";"UO_0000065";"10.93";"0.21";"3.31";"4.49";"0";"CHEMBL4426324";"Displacement of [125I]-ET-1 from human ETB receptor expressed in CHO cell membranes after 2 hrs by scintillation counting";"B";"BAO_0000219";"cell-based format";"Homo sapiens";"None";"None";"CHO";"None";"";"";"";"CHEMBL1785";"Endothelin receptor ET-B";"Homo sapiens";"SINGLE PROTEIN";"CHEMBL4425117";"1";"Scientific Literature";"Bioorg Med Chem Lett";"2016";"CHEMBL3308072";"";"";"";"42.0"
"CHEMBL4562189";"";"None";"527.52";"1";"4.59";"20";"COc1ccccc1Oc1c(NS(=O)(=O)c2ccc(C(C)C)cc2)nc(C(F)(F)F)nc1OCCO";"IC50";"'='";"914.0";"nM";"6.04";"";"";"UO_0000065";"11.45";"0.23";"1.45";"5.04";"0";"CHEMBL4426322";"Antagonist activity at ETB receptor (unknown origin)";"B";"BAO_0000357";"single protein format";"Homo sapiens";"None";"None";"None";"None";"";"";"";"CHEMBL1785";"Endothelin receptor ET-B";"Homo sapiens";"SINGLE PROTEIN";"CHEMBL4425117";"1";"Scientific Literature";"Bioorg Med Chem Lett";"2016";"None";"";"";"";"914.0"
"CHEMBL332794";"A-192621";"None";"558.68";"2";"5.81";"EUB0000350a";"CCCOc1ccc([C@H]2[C@H](C(=O)O)[C@@H](c3ccc4c(c3)OCO4)CN2CC(=O)Nc2c(CC)cccc2CC)cc1";"IC50";"'='";"0.8";"nM";"9.10";"";"";"UO_0000065";"16.28";"0.30";"3.29";"9.35";"0";"CHEMBL5210272";"Affinity On-target Cellular interaction (EDNRB-dependent phosphatidylinositol hydrolysis assay (CHO cells transfected with human EDNRBA)) EUB0000350a EDNRB";"B";"BAO_0000019";"assay format";"Homo sapiens";"None";"None";"None";"None";"Mode of action: Antagonist | Negative control: A-1806262 | Protein family: GPCR | Recommended concentration = 100.0 nM";"";"";"CHEMBL1785";"Endothelin receptor ET-B";"Homo sapiens";"SINGLE PROTEIN";"CHEMBL5210121";"65";"EUbOPEN Chemogenomic Library Literature Data";"";"2023";"None";"Affinity On-target Cellular Source Knowledge: https://doi.org/10.1042/CS103S107S, https://www.sgc-ffm.uni-frankfurt.de/#!specificprobeoverview/A-192621";"";"";"0.8"
"CHEMBL4438411";"";"None";"580.68";"2";"5.63";"15";"COc1cccc(Oc2c(NS(=O)(=O)c3ccc(SC)cc3)cc(C(=O)Nc3ccccc3)cc2OCCO)c1";"IC50";"'='";"15.0";"nM";"7.82";"";"";"UO_0000065";"13.47";"0.27";"2.19";"6.35";"0";"CHEMBL4426310";"Displacement of radioligand from ETB receptor in human placenta cell membranes";"B";"BAO_0000219";"cell-based format";"Homo sapiens";"None";"None";"None";"None";"";"";"";"CHEMBL1785";"Endothelin receptor ET-B";"Homo sapiens";"SINGLE PROTEIN";"CHEMBL4425117";"1";"Scientific Literature";"Bioorg Med Chem Lett";"2016";"None";"";"";"";"0.015"
"CHEMBL4455360";"";"None";"569.51";"1";"3.92";"47";"CCCCNS(=O)(=O)Nc1ncnc(OCCOc2ncc(SC)cn2)c1-c1ccc(Br)cc1";"IC50";"'='";"63.0";"nM";"7.20";"";"";"UO_0000065";"12.64";"0.29";"3.28";"5.62";"0";"CHEMBL4426324";"Displacement of [125I]-ET-1 from human ETB receptor expressed in CHO cell membranes after 2 hrs by scintillation counting";"B";"BAO_0000219";"cell-based format";"Homo sapiens";"None";"None";"CHO";"None";"";"";"";"CHEMBL1785";"Endothelin receptor ET-B";"Homo sapiens";"SINGLE PROTEIN";"CHEMBL4425117";"1";"Scientific Literature";"Bioorg Med Chem Lett";"2016";"CHEMBL3308072";"";"";"";"63.0"
"CHEMBL4528516";"";"None";"541.06";"1";"3.43";"63";"CCCNS(=O)(=O)Nc1ncnc(OCCOc2cc(OC)ccc2Cl)c1-c1ncc(SC)cn1";"IC50";"'='";"310.0";"nM";"6.51";"";"";"UO_0000065";"12.03";"0.25";"3.08";"4.74";"0";"CHEMBL4426324";"Displacement of [125I]-ET-1 from human ETB receptor expressed in CHO cell membranes after 2 hrs by scintillation counting";"B";"BAO_0000219";"cell-based format";"Homo sapiens";"None";"None";"CHO";"None";"";"";"";"CHEMBL1785";"Endothelin receptor ET-B";"Homo sapiens";"SINGLE PROTEIN";"CHEMBL4425117";"1";"Scientific Literature";"Bioorg Med Chem Lett";"2016";"CHEMBL3308072";"";"";"";"310.0"
"CHEMBL4568468";"";"None";"649.71";"3";"5.11";"66";"COc1ccccc1Oc1c(NS(=O)(=O)c2ccc(C)cn2)nc(-c2ccnc(-c3noc(=S)[nH]3)c2)nc1OCC1CCCO1";"IC50";"'='";"288.0";"nM";"6.54";"";"";"UO_0000065";"10.07";"0.20";"1.43";"3.71";"0";"CHEMBL4426324";"Displacement of [125I]-ET-1 from human ETB receptor expressed in CHO cell membranes after 2 hrs by scintillation counting";"B";"BAO_0000219";"cell-based format";"Homo sapiens";"None";"None";"CHO";"None";"";"";"";"CHEMBL1785";"Endothelin receptor ET-B";"Homo sapiens";"SINGLE PROTEIN";"CHEMBL4425117";"1";"Scientific Literature";"Bioorg Med Chem Lett";"2016";"CHEMBL3308072";"";"";"";"288.0"
"CHEMBL4573806";"";"None";"568.45";"1";"4.87";"69";"Cc1ccc(-c2c(NS(=O)(=O)/C=C/c3ccccc3)ncnc2OCCOc2ncc(Br)cn2)cc1";"IC50";"'='";"569.0";"nM";"6.25";"";"";"UO_0000065";"10.99";"0.24";"1.37";"5.37";"0";"CHEMBL4426324";"Displacement of [125I]-ET-1 from human ETB receptor expressed in CHO cell membranes after 2 hrs by scintillation counting";"B";"BAO_0000219";"cell-based format";"Homo sapiens";"None";"None";"CHO";"None";"";"";"";"CHEMBL1785";"Endothelin receptor ET-B";"Homo sapiens";"SINGLE PROTEIN";"CHEMBL4425117";"1";"Scientific Literature";"Bioorg Med Chem Lett";"2016";"CHEMBL3308072";"";"";"";"569.0"
"CHEMBL4574034";"";"None";"545.98";"2";"1.95";"70";"COc1ccc(Cl)c(Oc2c(NS(C)(=O)=O)ncnc2OCCOc2ncc(S(C)(=O)=O)cn2)c1";"IC50";"'='";"542.0";"nM";"6.27";"";"";"UO_0000065";"11.48";"0.24";"4.32";"3.71";"0";"CHEMBL4426324";"Displacement of [125I]-ET-1 from human ETB receptor expressed in CHO cell membranes after 2 hrs by scintillation counting";"B";"BAO_0000219";"cell-based format";"Homo sapiens";"None";"None";"CHO";"None";"";"";"";"CHEMBL1785";"Endothelin receptor ET-B";"Homo sapiens";"SINGLE PROTEIN";"CHEMBL4425117";"1";"Scientific Literature";"Bioorg Med Chem Lett";"2016";"CHEMBL3308072";"";"";"";"542.0"
"CHEMBL4463633";"";"None";"618.26";"1";"2.64";"74";"O=C(O)CCNS(=O)(=O)Nc1ncnc(OCCOc2ncc(Br)cn2)c1-c1ccc(Br)cc1";"IC50";"'='";"330.0";"nM";"6.48";"";"";"UO_0000065";"10.48";"0.26";"3.84";"3.92";"0";"CHEMBL4426324";"Displacement of [125I]-ET-1 from human ETB receptor expressed in CHO cell membranes after 2 hrs by scintillation counting";"B";"BAO_0000219";"cell-based format";"Homo sapiens";"None";"None";"CHO";"None";"";"";"";"CHEMBL1785";"Endothelin receptor ET-B";"Homo sapiens";"SINGLE PROTEIN";"CHEMBL4425117";"1";"Scientific Literature";"Bioorg Med Chem Lett";"2016";"CHEMBL3308072";"";"";"";"330.0"
"CHEMBL332794";"A-192621";"None";"558.68";"2";"5.81";"EUB0000350a";"CCCOc1ccc([C@H]2[C@H](C(=O)O)[C@@H](c3ccc4c(c3)OCO4)CN2CC(=O)Nc2c(CC)cccc2CC)cc1";"IC50";"'='";"4.5";"nM";"8.35";"";"";"UO_0000065";"14.94";"0.28";"2.54";"8.58";"0";"CHEMBL5210566";"Affinity Biochemical interaction (Inhibition of 125I labeled ET-3 binding) EUB0000350a EDNRB";"B";"BAO_0000357";"single protein format";"Homo sapiens";"None";"None";"None";"None";"Mode of action: Antagonist | Negative control: A-1806262 | Protein family: GPCR | Recommended concentration = 100.0 nM";"";"";"CHEMBL1785";"Endothelin receptor ET-B";"Homo sapiens";"SINGLE PROTEIN";"CHEMBL5210307";"65";"EUbOPEN Chemogenomic Library Literature Data";"";"2023";"None";"Affinity Biochemical Source Knowledge: https://doi.org/10.1042/CS103S107S, https://www.sgc-ffm.uni-frankfurt.de/#!specificprobeoverview/A-192621";"";"";"4.5"
"CHEMBL8981";"PD-156707";"None";"506.51";"1";"3.85";"20a";"COc1ccc(C2(O)OC(=O)C(c3ccc4c(c3)OCO4)=C2Cc2cc(OC)c(OC)c(OC)c2)cc1";"IC50";"'='";"480.0";"nM";"6.32";"";"";"UO_0000065";"";"";"";"";"0";"CHEMBL676631";"Tested for antagonistic activity against Endothelin B receptor in the humans (CHO expressed).";"F";"BAO_0000019";"assay format";"None";"None";"None";"None";"None";"";"";"";"CHEMBL1785";"Endothelin receptor ET-B";"Homo sapiens";"SINGLE PROTEIN";"CHEMBL1128292";"1";"Scientific Literature";"J Med Chem";"1995";"None";"";"";"";"480.0"
"CHEMBL4536769";"";"None";"539.41";"1";"2.82";"52";"CCCNS(=O)(=O)Nc1ncnc(OCCOc2ncc(OC)cn2)c1-c1ccc(Br)cc1";"IC50";"'='";"516.0";"nM";"6.29";"";"";"UO_0000065";"11.66";"0.26";"3.47";"4.57";"0";"CHEMBL4426324";"Displacement of [125I]-ET-1 from human ETB receptor expressed in CHO cell membranes after 2 hrs by scintillation counting";"B";"BAO_0000219";"cell-based format";"Homo sapiens";"None";"None";"CHO";"None";"";"";"";"CHEMBL1785";"Endothelin receptor ET-B";"Homo sapiens";"SINGLE PROTEIN";"CHEMBL4425117";"1";"Scientific Literature";"Bioorg Med Chem Lett";"2016";"CHEMBL3308072";"";"";"";"516.0"
"CHEMBL25438";"PD-156707 SODIUM";"None";"528.49";"1";"4.41";"20b";"COc1ccc(C(=O)/C(Cc2cc(OC)c(OC)c(OC)c2)=C(\C(=O)[O-])c2ccc3c(c2)OCO3)cc1.[Na+]";"IC50";"'='";"417.0";"nM";"6.38";"";"";"UO_0000065";"";"";"";"";"0";"CHEMBL676631";"Tested for antagonistic activity against Endothelin B receptor in the humans (CHO expressed).";"F";"BAO_0000019";"assay format";"None";"None";"None";"None";"None";"";"";"";"CHEMBL1785";"Endothelin receptor ET-B";"Homo sapiens";"SINGLE PROTEIN";"CHEMBL1128292";"1";"Scientific Literature";"J Med Chem";"1995";"None";"";"";"";"417.0"
"CHEMBL22562";"";"None";"535.58";"1";"2.96";"31";"COc1cc(C)ccc1S(=O)(=O)NC(=O)C(c1ccc2c(c1)OCO2)c1cn(C)c2cc(C(N)=O)ccc12";"IC50";"'='";"302.0";"nM";"6.52";"";"";"UO_0000065";"12.17";"0.23";"3.56";"4.69";"0";"CHEMBL677443";"Binding affinity towards human cloned endothelin B receptor by [125I]ET1 displacement.";"B";"BAO_0000357";"single protein format";"None";"None";"None";"None";"None";"";"";"";"CHEMBL1785";"Endothelin receptor ET-B";"Homo sapiens";"SINGLE PROTEIN";"CHEMBL1135360";"1";"Scientific Literature";"Bioorg Med Chem Lett";"2002";"None";"";"";"";"302.0"
"CHEMBL4078297";"";"None";"583.64";"2";"5.90";"52";"CCc1cc2c(cc1Cn1c(C(=O)O)c(Cc3cccc(C(=O)O)c3)c(=O)c3cc(OCC4CCCC4)ccc31)OCO2";"IC50";"'='";"2156.0";"nM";"5.67";"";"";"UO_0000065";"9.71";"0.18";"-0.23";"4.56";"0";"CHEMBL4030315";"Antagonist activity at ETB receptor (unknown origin) expressed in HEK293T cells measured after 30 mins by CCF4-AM dye based GeneBlazer FRET assay";"B";"BAO_0000219";"cell-based format";"Homo sapiens";"None";"None";"None";"None";"";"";"";"CHEMBL1785";"Endothelin receptor ET-B";"Homo sapiens";"SINGLE PROTEIN";"CHEMBL4028842";"1";"Scientific Literature";"Bioorg Med Chem Lett";"2017";"None";"";"";"";"2156.0"
"CHEMBL4067475";"";"None";"569.57";"1";"3.79";"58";"CCc1cc2c(cc1Cn1c(C(=O)O)c(Cc3cccc(-c4nnn[nH]4)c3)c(=O)c3cc(OCOC)ccc31)OCO2";"IC50";"'='";"972.0";"nM";"6.01";"";"";"UO_0000065";"10.56";"0.20";"2.22";"3.99";"0";"CHEMBL4030315";"Antagonist activity at ETB receptor (unknown origin) expressed in HEK293T cells measured after 30 mins by CCF4-AM dye based GeneBlazer FRET assay";"B";"BAO_0000219";"cell-based format";"Homo sapiens";"None";"None";"None";"None";"";"";"";"CHEMBL1785";"Endothelin receptor ET-B";"Homo sapiens";"SINGLE PROTEIN";"CHEMBL4028842";"1";"Scientific Literature";"Bioorg Med Chem Lett";"2017";"None";"";"";"";"972.0"
"CHEMBL4590568";"";"None";"473.86";"0";"3.99";"2";"O=S(=O)(Nc1ncnc(OCCO)c1-c1ccc(Cl)cc1)c1ccc(C(F)(F)F)cc1";"IC50";"'='";"2000.0";"nM";"5.70";"";"";"UO_0000065";"12.03";"0.25";"1.71";"5.62";"0";"CHEMBL4426310";"Displacement of radioligand from ETB receptor in human placenta cell membranes";"B";"BAO_0000219";"cell-based format";"Homo sapiens";"None";"None";"None";"None";"";"";"";"CHEMBL1785";"Endothelin receptor ET-B";"Homo sapiens";"SINGLE PROTEIN";"CHEMBL4425117";"1";"Scientific Literature";"Bioorg Med Chem Lett";"2016";"None";"";"";"";"2.0"
"CHEMBL112624";"";"None";"614.52";"1";"4.53";"2, T-0201";"Cc1ccc(-c2c(NS(=O)(=O)c3ccc(C(C)(C)CO)cc3)ncnc2OCCOc2ncc(Br)cn2)cc1";"IC50";"'='";"12.0";"nM";"7.92";"";"";"UO_0000065";"12.89";"0.28";"3.39";"5.81";"0";"CHEMBL2166381";"Displacement of [I125]ET1 from recombinant ETB receptor expressed in CHO cells after 2 hrs by TopCount analysis";"B";"BAO_0000219";"cell-based format";"None";"None";"None";"CHO";"None";"";"";"";"CHEMBL1785";"Endothelin receptor ET-B";"Homo sapiens";"SINGLE PROTEIN";"CHEMBL2163289";"1";"Scientific Literature";"J Med Chem";"2012";"CHEMBL3308072";"";"";"";"12.0"
"CHEMBL314691";"";"None";"610.71";"2";"0.83";"BQ-123";"CC(C)C[C@@H]1NC(=O)[C@@H](C(C)C)NC(=O)[C@@H]2CCCN2C(=O)[C@@H](CC(=O)O)NC(=O)[C@@H](Cc2c[nH]c3ccccc23)NC1=O";"IC50";"'>'";"1000.0";"nM";"";"";"";"UO_0000065";"";"";"";"";"0";"CHEMBL2166381";"Displacement of [I125]ET1 from recombinant ETB receptor expressed in CHO cells after 2 hrs by TopCount analysis";"B";"BAO_0000219";"cell-based format";"None";"None";"None";"CHO";"None";"";"";"";"CHEMBL1785";"Endothelin receptor ET-B";"Homo sapiens";"SINGLE PROTEIN";"CHEMBL2163289";"1";"Scientific Literature";"J Med Chem";"2012";"CHEMBL3308072";"";"";"";"1000.0"
"CHEMBL957";"BOSENTAN";"4.0";"551.63";"1";"4.20";"1";"COc1ccccc1Oc1c(NS(=O)(=O)c2ccc(C(C)(C)C)cc2)nc(-c2ncccn2)nc1OCCO";"IC50";"'='";"202.0";"nM";"6.70";"";"";"UO_0000065";"12.14";"0.23";"2.49";"4.60";"0";"CHEMBL2166381";"Displacement of [I125]ET1 from recombinant ETB receptor expressed in CHO cells after 2 hrs by TopCount analysis";"B";"BAO_0000219";"cell-based format";"None";"None";"None";"CHO";"None";"";"";"";"CHEMBL1785";"Endothelin receptor ET-B";"Homo sapiens";"SINGLE PROTEIN";"CHEMBL2163289";"1";"Scientific Literature";"J Med Chem";"2012";"CHEMBL3308072";"";"";"";"202.0"
"CHEMBL289634";"";"None";"532.64";"2";"5.44";"2u (diastereomer)";"COCC(C)Cc1cc(OC)ccc1[C@@H]1c2nc(NC(C)C)ccc2[C@H](c2ccc3c(c2)OCO3)[C@H]1C(=O)O";"IC50";"'='";"48.0";"nM";"7.32";"";"";"UO_0000065";"13.74";"0.26";"1.88";"7.38";"0";"CHEMBL670651";"Inhibitory activity against [125I]ET1 binding to human endothelin B receptor";"B";"BAO_0000357";"single protein format";"None";"None";"None";"None";"None";"";"";"";"CHEMBL1785";"Endothelin receptor ET-B";"Homo sapiens";"SINGLE PROTEIN";"CHEMBL1147633";"1";"Scientific Literature";"Bioorg Med Chem Lett";"2004";"None";"";"";"";"48.0"
"CHEMBL282470";"";"None";"440.89";"0";"3.65";"15d";"Cc1noc(NS(=O)(=O)c2ccsc2C(=O)Cc2ccc3c(c2)OCO3)c1Cl";"IC50";"'='";"7000.0";"nM";"5.16";"";"";"UO_0000065";"11.69";"0.25";"1.50";"4.79";"0";"CHEMBL670644";"In vitro inhibition of endothelin binding to human Endothelin B receptor using [125I]-labeled ET-1 competition assay";"B";"BAO_0000357";"single protein format";"None";"None";"None";"None";"None";"";"";"";"CHEMBL1785";"Endothelin receptor ET-B";"Homo sapiens";"SINGLE PROTEIN";"CHEMBL1130344";"1";"Scientific Literature";"J Med Chem";"1997";"None";"";"";"";"7000.0"
"CHEMBL111612";"ABT-546";"None";"532.72";"2";"5.54";"10a";"CCCCN(CCCC)C(=O)CN1C[C@H](c2cc(OC)c3c(c2)OCO3)[C@@H](C(=O)O)[C@@H]1CC(C)(C)CCC";"IC50";"'='";"15400.0";"nM";"4.81";"";"";"UO_0000065";"9.03";"0.17";"-0.73";"5.44";"0";"CHEMBL676632";"Tested for binding affinity for human Endothelin B receptor by measuring its ability to displace [125I]ET-3 from chinese hamster ovary cells(CHO)";"B";"BAO_0000219";"cell-based format";"None";"None";"None";"ovary";"None";"";"";"";"CHEMBL1785";"Endothelin receptor ET-B";"Homo sapiens";"SINGLE PROTEIN";"CHEMBL1131628";"1";"Scientific Literature";"J Med Chem";"1998";"None";"";"";"";"15400.0"
"CHEMBL11162";"";"None";"432.47";"0";"4.11";"20";"COc1ccc(CC2=C(c3ccc(OC)cc3)C(=O)OC2(O)c2ccc(OC)cc2)cc1";"IC50";"'='";"9000.0";"nM";"5.05";"";"";"UO_0000065";"11.67";"0.22";"0.94";"6.80";"0";"CHEMBL677440";"Binding affinity against human cloned Endothelin B receptor expressed in CHO-K1 cells";"B";"BAO_0000219";"cell-based format";"None";"None";"None";"CHO-K1";"None";"";"";"";"CHEMBL1785";"Endothelin receptor ET-B";"Homo sapiens";"SINGLE PROTEIN";"CHEMBL1129982";"1";"Scientific Literature";"J Med Chem";"1997";"CHEMBL3307512";"";"";"";"9000.0"
"CHEMBL8981";"PD-156707";"None";"506.51";"1";"3.85";"4a";"COc1ccc(C2(O)OC(=O)C(c3ccc4c(c3)OCO4)=C2Cc2cc(OC)c(OC)c(OC)c2)cc1";"IC50";"'='";"300.0";"nM";"6.52";"";"";"UO_0000065";"12.88";"0.24";"2.67";"6.40";"0";"CHEMBL670730";"Inhibition of [125I]ET1 binding to porcine kidney inner medulla membrane Endothelin B receptor";"B";"BAO_0000019";"assay format";"Sus scrofa";"None";"None";"None";"None";"";"";"";"CHEMBL1785";"Endothelin receptor ET-B";"Homo sapiens";"SINGLE PROTEIN";"CHEMBL1130971";"1";"Scientific Literature";"Bioorg Med Chem Lett";"1998";"None";"";"";"";"300.0"
"CHEMBL1111";"AMBRISENTAN";"4.0";"378.43";"0";"3.52";"83";"COC(c1ccccc1)(c1ccccc1)[C@H](Oc1nc(C)cc(C)n1)C(=O)O";"IC50";"'='";"195.0";"nM";"6.71";"";"";"UO_0000065";"17.73";"0.33";"3.19";"8.23";"0";"CHEMBL4426324";"Displacement of [125I]-ET-1 from human ETB receptor expressed in CHO cell membranes after 2 hrs by scintillation counting";"B";"BAO_0000219";"cell-based format";"Homo sapiens";"None";"None";"CHO";"None";"";"";"";"CHEMBL1785";"Endothelin receptor ET-B";"Homo sapiens";"SINGLE PROTEIN";"CHEMBL4425117";"1";"Scientific Literature";"Bioorg Med Chem Lett";"2016";"CHEMBL3308072";"";"";"";"195.0"
"CHEMBL278114";"";"None";"411.89";"0";"4.06";"2";"Cc1ccc(NC(=O)c2sccc2S(=O)(=O)Nc2onc(C)c2Cl)cc1";"IC50";"'='";"14100.0";"nM";"4.85";"";"";"UO_0000065";"11.78";"0.25";"0.79";"4.79";"0";"CHEMBL670644";"In vitro inhibition of endothelin binding to human Endothelin B receptor using [125I]-labeled ET-1 competition assay";"B";"BAO_0000357";"single protein format";"None";"None";"None";"None";"None";"";"";"";"CHEMBL1785";"Endothelin receptor ET-B";"Homo sapiens";"SINGLE PROTEIN";"CHEMBL1130344";"1";"Scientific Literature";"J Med Chem";"1997";"None";"";"";"";"14100.0"
"CHEMBL453";"SULFISOXAZOLE";"4.0";"267.31";"0";"1.67";"1";"Cc1noc(NS(=O)(=O)c2ccc(N)cc2)c1C";"IC50";"'='";"24000.0";"nM";"4.62";"";"";"UO_0000065";"17.28";"0.35";"2.95";"4.70";"0";"CHEMBL677439";"Binding affinity against human Endothelin B receptor in transfected COS 7 cell membrane preparation";"B";"BAO_0000219";"cell-based format";"None";"None";"None";"COS 7";"None";"";"";"";"CHEMBL1785";"Endothelin receptor ET-B";"Homo sapiens";"SINGLE PROTEIN";"CHEMBL1129771";"1";"Scientific Literature";"Bioorg Med Chem Lett";"1996";"None";"";"";"";"24.0"
"CHEMBL1272190";"";"None";"529.55";"1";"4.73";"2b";"CCOc1ccc2c(c1)c(=O)c(Cc1cccc(C(=O)O)c1)c(C(=O)O)n2Cc1cc2c(cc1CC)OCO2";"IC50";"'='";"3119.0";"nM";"5.51";"";"";"UO_0000065";"10.40";"0.19";"0.78";"4.43";"0";"CHEMBL1272363";"Displacement of [125I]ET1 from human ETB receptor expressed in membranes";"B";"BAO_0000019";"assay format";"Homo sapiens";"None";"None";"None";"None";"";"";"";"CHEMBL1785";"Endothelin receptor ET-B";"Homo sapiens";"SINGLE PROTEIN";"CHEMBL1268959";"1";"Scientific Literature";"Bioorg Med Chem Lett";"2010";"None";"";"";"";"3119.0"
"CHEMBL437472";"ENDOTHELIN";"2.0";"2491.95";"None";"None";"Endothelin-1";"CC[C@H](C)[C@H](NC(=O)[C@H](CC(=O)O)NC(=O)[C@H](CC(C)C)NC(=O)[C@H](Cc1c[nH]cn1)NC(=O)[C@@H]1CSSC[C@@H](N)C(=O)N[C@H](CO)C(=O)N[C@H]2CSSC[C@@H](NC(=O)[C@H](CCC(=O)O)NC(=O)[C@H](CCCCN)NC(=O)[C@@H](CC(=O)O)NC(=O)[C@H](CCSC)NC(=O)[C@@H](CC(C)C)NC(=O)[C@H](CO)NC(=O)[C@@H](CO)NC2=O)C(=O)N[C@@H](C(C)C)C(=O)N[C@H](Cc2ccc(O)cc2)C(=O)N[C@@H](Cc2ccccc2)C(=O)N1)C(=O)N[C@H](C(=O)N[C@@H](Cc1c[nH]c2ccccc12)C(=O)O)[C@@H](C)CC";"IC50";"'='";"0.13";"nM";"9.89";"";"";"UO_0000065";"3.97";"None";"None";"None";"0";"CHEMBL2395271";"Displacement of [125I]Endothelin-1 from human recombinant ETB receptor expressed in CHOK1 cells after 2 hrs";"B";"BAO_0000219";"cell-based format";"Homo sapiens";"None";"None";"CHO-K1";"None";"";"";"";"CHEMBL1785";"Endothelin receptor ET-B";"Homo sapiens";"SINGLE PROTEIN";"CHEMBL2390918";"1";"Scientific Literature";"Bioorg Med Chem Lett";"2013";"CHEMBL3307512";"";"";"";"0.13"
"CHEMBL1271640";"";"None";"557.60";"2";"5.36";"2h";"CCc1cc2c(cc1Cn1c(C(=O)O)c(Cc3cccc(C(=O)O)c3)c(=O)c3cc(OCC(C)C)ccc31)OCO2";"IC50";"'='";"1983.0";"nM";"5.70";"";"";"UO_0000065";"10.23";"0.19";"0.34";"4.59";"0";"CHEMBL1272363";"Displacement of [125I]ET1 from human ETB receptor expressed in membranes";"B";"BAO_0000019";"assay format";"Homo sapiens";"None";"None";"None";"None";"";"";"";"CHEMBL1785";"Endothelin receptor ET-B";"Homo sapiens";"SINGLE PROTEIN";"CHEMBL1268959";"1";"Scientific Literature";"Bioorg Med Chem Lett";"2010";"None";"";"";"";"1983.0"
"CHEMBL957";"BOSENTAN";"4.0";"551.63";"1";"4.20";"2; RO470203; Tracleer";"COc1ccccc1Oc1c(NS(=O)(=O)c2ccc(C(C)(C)C)cc2)nc(-c2ncccn2)nc1OCCO";"IC50";"'='";"202.0";"nM";"6.70";"";"";"UO_0000065";"12.14";"0.23";"2.49";"4.60";"1";"CHEMBL4431774";"Antagonist activity at ET-B receptor (unknown origin)";"B";"BAO_0000357";"single protein format";"Homo sapiens";"None";"None";"None";"None";"";"";"";"CHEMBL1785";"Endothelin receptor ET-B";"Homo sapiens";"SINGLE PROTEIN";"CHEMBL4431311";"1";"Scientific Literature";"J Med Chem";"2016";"None";"";"";"";"202.0"
"CHEMBL10733";"";"None";"450.87";"0";"4.48";"12";"COc1ccc(C2(O)OC(=O)C(c3ccc4c(c3)OCO4)=C2Cc2ccc(Cl)cc2)cc1";"IC50";"'>'";"2500.0";"nM";"";"";"";"UO_0000065";"";"";"";"";"1";"CHEMBL677440";"Binding affinity against human cloned Endothelin B receptor expressed in CHO-K1 cells";"B";"BAO_0000219";"cell-based format";"None";"None";"None";"CHO-K1";"None";"";"";"";"CHEMBL1785";"Endothelin receptor ET-B";"Homo sapiens";"SINGLE PROTEIN";"CHEMBL1129982";"1";"Scientific Literature";"J Med Chem";"1997";"CHEMBL3307512";"";"";"";"2500.0"
"CHEMBL10588";"";"None";"430.46";"0";"4.13";"12";"COc1ccc(C2(O)OC(=O)C(c3ccc4c(c3)OCO4)=C2Cc2ccccc2)cc1C";"IC50";"'='";"1750.0";"nM";"5.76";"";"";"UO_0000065";"";"";"";"";"0";"CHEMBL676631";"Tested for antagonistic activity against Endothelin B receptor in the humans (CHO expressed).";"F";"BAO_0000019";"assay format";"None";"None";"None";"None";"None";"";"";"";"CHEMBL1785";"Endothelin receptor ET-B";"Homo sapiens";"SINGLE PROTEIN";"CHEMBL1128292";"1";"Scientific Literature";"J Med Chem";"1995";"None";"";"";"";"1750.0"
"CHEMBL1272244";"";"None";"543.57";"2";"5.12";"2c";"CCCOc1ccc2c(c1)c(=O)c(Cc1cccc(C(=O)O)c1)c(C(=O)O)n2Cc1cc2c(cc1CC)OCO2";"IC50";"'='";"913.4";"nM";"6.04";"";"";"UO_0000065";"11.11";"0.21";"0.92";"4.86";"0";"CHEMBL1272363";"Displacement of [125I]ET1 from human ETB receptor expressed in membranes";"B";"BAO_0000019";"assay format";"Homo sapiens";"None";"None";"None";"None";"";"";"";"CHEMBL1785";"Endothelin receptor ET-B";"Homo sapiens";"SINGLE PROTEIN";"CHEMBL1268959";"1";"Scientific Literature";"Bioorg Med Chem Lett";"2010";"None";"";"";"";"913.4"
"CHEMBL332794";"A-192621";"None";"558.68";"2";"5.81";"32";"CCCOc1ccc([C@H]2[C@H](C(=O)O)[C@@H](c3ccc4c(c3)OCO4)CN2CC(=O)Nc2c(CC)cccc2CC)cc1";"IC50";"'='";"12.0";"nM";"7.92";"";"";"UO_0000065";"14.18";"0.26";"2.11";"8.14";"0";"CHEMBL670478";"Binding affinity towards human Endothelin B receptor (hET -B)";"B";"BAO_0000357";"single protein format";"None";"None";"None";"None";"None";"";"";"";"CHEMBL1785";"Endothelin receptor ET-B";"Homo sapiens";"SINGLE PROTEIN";"CHEMBL1132381";"1";"Scientific Literature";"J Med Chem";"1999";"None";"";"";"";"12.0"
"CHEMBL274383";"PD-155080";"None";"416.43";"0";"3.82";"8";"COc1ccc(C2(O)OC(=O)C(c3ccc4c(c3)OCO4)=C2Cc2ccccc2)cc1";"IC50";"'='";"4550.0";"nM";"5.34";"";"";"UO_0000065";"12.83";"0.24";"1.52";"7.20";"1";"CHEMBL677440";"Binding affinity against human cloned Endothelin B receptor expressed in CHO-K1 cells";"B";"BAO_0000219";"cell-based format";"None";"None";"None";"CHO-K1";"None";"";"";"";"CHEMBL1785";"Endothelin receptor ET-B";"Homo sapiens";"SINGLE PROTEIN";"CHEMBL1129982";"1";"Scientific Literature";"J Med Chem";"1997";"CHEMBL3307512";"";"";"";"4550.0"
"CHEMBL2261602";"";"None";"564.62";"1";"4.04";"15";"CCOC(=O)c1ccc2c(C(C(=O)NS(=O)(=O)c3ccc(C)cc3OC)c3ccc4c(c3)OCO4)cn(C)c2c1";"IC50";"'='";"240.0";"nM";"6.62";"";"";"UO_0000065";"11.72";"0.23";"2.58";"5.42";"0";"CHEMBL3056375";"Displacement of [I125]ET1 from Homo sapiens (human) ETB receptor expressed in CHO cells";"B";"BAO_0000219";"cell-based format";"Homo sapiens";"None";"None";"CHO";"None";"";"";"";"CHEMBL1785";"Endothelin receptor ET-B";"Homo sapiens";"SINGLE PROTEIN";"CHEMBL3045872";"1";"Scientific Literature";"Med Chem Res";"2004";"CHEMBL3308072";"";"";"";"240.0"
"CHEMBL367444";"";"None";"659.81";"3";"5.28";"31";"COc1ccccc1Oc1c(NS(=O)(=O)c2ccc(C(C)C)cn2)nc(C2CC2)nc1OCCCNS(=O)(=O)c1cccs1";"IC50";"'='";"4.0";"nM";"8.40";"";"";"UO_0000065";"12.73";"0.26";"3.12";"5.29";"0";"CHEMBL670655";"Inhibitory concentration required against [125I]ET1 binding to membranes of CHO cells expressing human ETB receptor";"B";"BAO_0000219";"cell-based format";"None";"None";"None";"CHO";"None";"";"";"";"CHEMBL1785";"Endothelin receptor ET-B";"Homo sapiens";"SINGLE PROTEIN";"CHEMBL1136631";"1";"Scientific Literature";"Bioorg Med Chem Lett";"2003";"CHEMBL3308072";"";"";"";"4.0"
"CHEMBL332794";"A-192621";"None";"558.68";"2";"5.81";"EUB0000350";"CCCOc1ccc([C@H]2[C@H](C(=O)O)[C@@H](c3ccc4c(c3)OCO4)CN2CC(=O)Nc2c(CC)cccc2CC)cc1";"IC50";"'='";"4.5";"nM";"8.35";"";"Active";"UO_0000065";"14.94";"0.28";"2.54";"8.58";"0";"CHEMBL4880394";"Inhibition of 125I labeled ET-3 binding to EDNRB";"B";"BAO_0000357";"single protein format";"Homo sapiens";"None";"None";"None";"None";"Assay publication: PMID: 12193066 | Target protein type: Membranes (20 µg) prepared from CHO cells stably transfected with the human EDNRA";"";"";"CHEMBL1785";"Endothelin receptor ET-B";"Homo sapiens";"SINGLE PROTEIN";"CHEMBL4507261";"54";"SGC Frankfurt - Donated Chemical Probes";"";"2021";"None";"Num of experiments None 3.0 None | SD None 0.91 nM";"";"";"4.5"
"CHEMBL1271531";"";"None";"545.54";"1";"4.31";"48";"CCc1cc2c(cc1Cn1c(C(=O)O)c(Cc3cccc(C(=O)O)c3)c(=O)c3cc(OCOC)ccc31)OCO2";"IC50";"'='";"1030.2";"nM";"5.99";"";"";"UO_0000065";"10.97";"0.20";"1.68";"4.48";"0";"CHEMBL4030315";"Antagonist activity at ETB receptor (unknown origin) expressed in HEK293T cells measured after 30 mins by CCF4-AM dye based GeneBlazer FRET assay";"B";"BAO_0000219";"cell-based format";"Homo sapiens";"None";"None";"None";"None";"";"";"";"CHEMBL1785";"Endothelin receptor ET-B";"Homo sapiens";"SINGLE PROTEIN";"CHEMBL4028842";"1";"Scientific Literature";"Bioorg Med Chem Lett";"2017";"None";"";"";"";"1030.2"
"CHEMBL1271479";"";"None";"541.56";"1";"4.89";"2e";"C=CCOc1ccc2c(c1)c(=O)c(Cc1cccc(C(=O)O)c1)c(C(=O)O)n2Cc1cc2c(cc1CC)OCO2";"IC50";"'='";"1131.0";"nM";"5.95";"";"";"UO_0000065";"10.98";"0.20";"1.06";"4.78";"0";"CHEMBL1272363";"Displacement of [125I]ET1 from human ETB receptor expressed in membranes";"B";"BAO_0000019";"assay format";"Homo sapiens";"None";"None";"None";"None";"";"";"";"CHEMBL1785";"Endothelin receptor ET-B";"Homo sapiens";"SINGLE PROTEIN";"CHEMBL1268959";"1";"Scientific Literature";"Bioorg Med Chem Lett";"2010";"None";"";"";"";"1131.0"
"CHEMBL332794";"A-192621";"None";"558.68";"2";"5.81";"EUB0000350";"CCCOc1ccc([C@H]2[C@H](C(=O)O)[C@@H](c3ccc4c(c3)OCO4)CN2CC(=O)Nc2c(CC)cccc2CC)cc1";"IC50";"'='";"0.8";"nM";"9.10";"";"Active";"UO_0000065";"";"";"";"";"0";"CHEMBL4880398";"EDNRB- dependent phosphatidylinositol hydrolysis assay";"F";"BAO_0000019";"assay format";"Homo sapiens";"None";"None";"None";"None";"Assay publication: PMID: 12193066 | Target protein type: CHO cells stably transfected with human EDNRB";"";"";"CHEMBL1785";"Endothelin receptor ET-B";"Homo sapiens";"SINGLE PROTEIN";"CHEMBL4507261";"54";"SGC Frankfurt - Donated Chemical Probes";"";"2021";"None";"Num of experiments None 3.0 None";"";"";"0.8"
"CHEMBL176749";"";"None";"604.75";"1";"4.57";"10";"CCS(=O)(=O)NCCOc1nc(C2CC2)nc(NS(=O)(=O)c2ccc(C(C)(C)C)cc2)c1Oc1ccccc1OC";"IC50";"'='";"323.0";"nM";"6.49";"";"";"UO_0000065";"10.73";"0.22";"1.92";"4.45";"0";"CHEMBL670655";"Inhibitory concentration required against [125I]ET1 binding to membranes of CHO cells expressing human ETB receptor";"B";"BAO_0000219";"cell-based format";"None";"None";"None";"CHO";"None";"";"";"";"CHEMBL1785";"Endothelin receptor ET-B";"Homo sapiens";"SINGLE PROTEIN";"CHEMBL1136631";"1";"Scientific Literature";"Bioorg Med Chem Lett";"2003";"CHEMBL3308072";"";"";"";"323.0"
"CHEMBL4533479";"A-1806262";"None";"558.68";"2";"5.81";"EUB0000339";"CCCOc1ccc([C@@H]2[C@@H](C(=O)O)[C@H](c3ccc4c(c3)OCO4)CN2CC(=O)Nc2c(CC)cccc2CC)cc1";"IC50";"'='";"1000.0";"nM";"6.00";"";"Not Active";"UO_0000065";"";"";"";"";"0";"CHEMBL5058653";"Eurofins cellular functional assay - Antagonist (EDNRB)";"F";"BAO_0000019";"assay format";"Homo sapiens";"None";"None";"None";"None";"";"";"";"CHEMBL1785";"Endothelin receptor ET-B";"Homo sapiens";"SINGLE PROTEIN";"CHEMBL4507261";"54";"SGC Frankfurt - Donated Chemical Probes";"";"2021";"None";"";"ANTAGONIST";"";"1.0"
"CHEMBL1628688";"ZIBOTENTAN";"3.0";"424.44";"0";"2.71";"86";"COc1nc(C)cnc1NS(=O)(=O)c1cccnc1-c1ccc(-c2nnco2)cc1";"IC50";"'>'";"100.0";"nM";"";"";"";"UO_0000065";"";"";"";"";"0";"CHEMBL4426324";"Displacement of [125I]-ET-1 from human ETB receptor expressed in CHO cell membranes after 2 hrs by scintillation counting";"B";"BAO_0000219";"cell-based format";"Homo sapiens";"None";"None";"CHO";"None";"";"";"";"CHEMBL1785";"Endothelin receptor ET-B";"Homo sapiens";"SINGLE PROTEIN";"CHEMBL4425117";"1";"Scientific Literature";"Bioorg Med Chem Lett";"2016";"CHEMBL3308072";"";"";"";"100.0"
"CHEMBL1271531";"";"None";"545.54";"1";"4.31";"2f";"CCc1cc2c(cc1Cn1c(C(=O)O)c(Cc3cccc(C(=O)O)c3)c(=O)c3cc(OCOC)ccc31)OCO2";"IC50";"'='";"1030.0";"nM";"5.99";"";"";"UO_0000065";"10.97";"0.20";"1.68";"4.48";"0";"CHEMBL1272363";"Displacement of [125I]ET1 from human ETB receptor expressed in membranes";"B";"BAO_0000019";"assay format";"Homo sapiens";"None";"None";"None";"None";"";"";"";"CHEMBL1785";"Endothelin receptor ET-B";"Homo sapiens";"SINGLE PROTEIN";"CHEMBL1268959";"1";"Scientific Literature";"Bioorg Med Chem Lett";"2010";"None";"";"";"";"1030.0"
"CHEMBL72410";"";"None";"573.69";"2";"5.95";"21; 1RL2500";"Cc1cc(C)cc(C(=O)N(C)[C@H](Cc2ccc(-c3ccccc3)cc2)C(=O)N[C@@H](Cc2c[nH]c3ccccc23)C(=O)O)c1";"IC50";"'='";"1.3";"nM";"8.89";"";"";"UO_0000065";"15.49";"0.28";"2.94";"8.67";"0";"CHEMBL4431780";"Displacement of [125I]ET-1 from human ET-B receptor expressed in CHO cell membrane incubated for 2 hrs";"B";"BAO_0000219";"cell-based format";"Homo sapiens";"None";"None";"CHO";"None";"";"";"";"CHEMBL1785";"Endothelin receptor ET-B";"Homo sapiens";"SINGLE PROTEIN";"CHEMBL4431311";"1";"Scientific Literature";"J Med Chem";"2016";"CHEMBL3308072";"";"";"";"1.3"
"CHEMBL2103873";"MACITENTAN";"4.0";"588.28";"1";"3.57";"17, Macitentan, ACT-064992";"CCCNS(=O)(=O)Nc1ncnc(OCCOc2ncc(Br)cn2)c1-c1ccc(Br)cc1";"IC50";"'='";"391.0";"nM";"6.41";"";"";"UO_0000065";"10.89";"0.27";"2.84";"5.00";"0";"CHEMBL2166381";"Displacement of [I125]ET1 from recombinant ETB receptor expressed in CHO cells after 2 hrs by TopCount analysis";"B";"BAO_0000219";"cell-based format";"None";"None";"None";"CHO";"None";"";"";"";"CHEMBL1785";"Endothelin receptor ET-B";"Homo sapiens";"SINGLE PROTEIN";"CHEMBL2163289";"1";"Scientific Literature";"J Med Chem";"2012";"CHEMBL3308072";"";"";"";"391.0"
"CHEMBL957";"BOSENTAN";"4.0";"551.63";"1";"4.20";"6";"COc1ccccc1Oc1c(NS(=O)(=O)c2ccc(C(C)(C)C)cc2)nc(-c2ncccn2)nc1OCCO";"IC50";"'='";"150.0";"nM";"6.82";"";"";"UO_0000065";"12.37";"0.24";"2.62";"4.69";"1";"CHEMBL4426310";"Displacement of radioligand from ETB receptor in human placenta cell membranes";"B";"BAO_0000219";"cell-based format";"Homo sapiens";"None";"None";"None";"None";"";"";"";"CHEMBL1785";"Endothelin receptor ET-B";"Homo sapiens";"SINGLE PROTEIN";"CHEMBL4425117";"1";"Scientific Literature";"Bioorg Med Chem Lett";"2016";"None";"";"";"";"0.15"
"CHEMBL2103873";"MACITENTAN";"4.0";"588.28";"1";"3.57";"43";"CCCNS(=O)(=O)Nc1ncnc(OCCOc2ncc(Br)cn2)c1-c1ccc(Br)cc1";"IC50";"'='";"987.0";"nM";"6.01";"";"";"UO_0000065";"10.21";"0.26";"2.44";"4.68";"0";"CHEMBL4426320";"Antagonist activity at human ETB receptor expressed in CHO cells in presence of ET1";"B";"BAO_0000219";"cell-based format";"Homo sapiens";"None";"None";"CHO";"None";"";"";"";"CHEMBL1785";"Endothelin receptor ET-B";"Homo sapiens";"SINGLE PROTEIN";"CHEMBL4425117";"1";"Scientific Literature";"Bioorg Med Chem Lett";"2016";"CHEMBL3308072";"";"";"";"987.0"
