smiles,activity
CN(C)c1ccc(C2N(C(=O)N3CCOCC3)CCN2S(=O)(=O)c2ccccc2)cc1,0
CN(C)C(=O)Oc1ccc(OC(=O)N(C)C)cc1,0
O=C(CSc1nnc(-c2ccco2)o1)NC(=O)Cc1ccccc1,0
CCCCN(CCCC)S(=O)(=O)c1ccc(C(=O)Nc2nnc(COC)o2)cc1,0
O=c1nc(CN2CCN(C/C=C/c3ccccc3)CC2)[nH]c2ccccc12,0
COc1cc(C(=O)Nc2c(-c3ccccn3)c(=O)c3ccccc3n2C)cc(OC)c1OC,0
O=C(CN1CCN(c2ccccc2)CC1)Nc1cccc(C(F)(F)F)c1,0
COCc1nnc(NC(=O)CC(C)c2ccccc2)s1,0
c1ccc(OCc2nc3ccccc3[nH]2)cc1,0
CCOC(=O)C(NC(=O)c1ccccc1)=C1CCCCC1,0
CC(C)c1ccc(NC(=O)C(c2ccccc2)N2CCN(C=O)CC2)cc1,0
Nc1ncc(-c2cc3ccccc3oc2=O)s1,0
NC(=O)CC1NC(=O)c2ccccc21,0
Cc1cccn2c(=O)c3cc(C(=O)NC(C)C)c(=N)n(Cc4ccncc4)c3nc12,0
Cc1ccc(Nc2nc(=O)c3cccnc3s2)cc1,0
CCc1ccc(CCC(=O)Nc2nccs2)o1,0
Nc1nc(-c2c[nH]c3ccccc23)cs1,0
O=C(c1ccco1)N1CCN(C(=O)c2ccccc2OC(=O)C23CC4CC(CC(C4)C2)C3)CC1,0
COc1ccccc1N1CCN(C(=O)C2CCN(S(=O)(=O)c3ccc(Cl)cc3)CC2)CC1,0
CC(C)c1ccc2c(c1)C(=O)NC(C)(C)C2,0
COC(=O)c1[nH]c2ccc(C)cc2c1NC(=O)C1=COCCO1,0
CCNc1nc(Oc2ccc(C(=O)OC)cc2)nc(N(C)C)n1,0
COc1ccc(NC(=O)CCC2COc3ccccc3O2)c(OC)c1,0
COc1ccc2nc(Nc3ccc4c(c3)OCO4)sc2c1,0
CCC(C)C(NC(=O)NC1CC1)C(=O)O,0
C=CCNc1nc(C2(C)CC3(CC(C)(C)OC3=O)C(=O)O2)cs1,0
CC1CN(c2oc(-c3ccccc3Cl)nc2C#N)CC(C)O1,0
O=C(O)Cc1ccc(NC(=O)c2cccs2)cc1,0
O=C(NCc1ccc(F)cc1)c1c(O)n2c3c(cccc3c1=O)CCC2,0
CCOC(=O)c1c(NC(=O)CSc2nnc(-c3ccccc3C)n2C)sc(C(C)=O)c1C,0
O=C(Nc1nc2ccccc2[nH]1)C1CC(=O)N(c2ccc3c(c2)OCCO3)C1,0
COc1ccc(-n2nnc3c(=O)n(CC(=O)N4CCCC4)cnc32)cc1,0
CCC(=O)NC1(C(F)(F)F)C(=O)NC(C)=C1C#N,0
CC(=O)CCc1c(C)[nH]c2ccc(NC(C)=O)cc2c1=O,0
CC(C)COC(=O)n1c(=O)oc2cc(S(=O)(=O)N3CCCCC3)ccc21,0
CCOC(=O)c1c(C)n(C)c2ccc(O)c(CN3CCC(C)CC3)c12,0
CN(C)c1oc(-c2cccs2)nc1C#N,0
C=CCNc1nnc(SC2CC(=O)N(c3ccc(OC)cc3)C2=O)s1,0
Cc1ccc(Nc2nc3no[nH]c-3nc2=O)cc1C,0
COc1ccc(NC(=O)c2ccc(OC)cc2)cc1,0
N#CCC(=O)N1CCn2c1nc1ccccc12,0
Cc1cccc(C)c1-n1nnnc1SCSc1nnnn1-c1c(C)cccc1C,0
O=C1C=CC=C/C1=C1/CC(C(=O)NCCc2ccccc2)ON1,0
O=C(CCCc1ccccc1)NCCN1CCOCC1,0
O=C(O)c1cccnc1Nc1cccc(C(F)(F)F)c1,0
O=C(NCCc1ccncc1)Nc1ccccc1Cl,0
Cc1nnc(NC(=O)CSc2nnc(Cc3ccccc3)n2Cc2ccccc2)s1,0
Cc1ccc(-c2nc(CS(=O)CC(=O)NCc3ccccc3)c(C)o2)cc1,0
O=C(c1cccc(-n2cnnn2)c1)N1CCOCC1,0
Cc1cc(=S)n(-c2ccccc2)n1C,0
Cc1ccc(-c2nn3c(=O)c(C)nnc3s2)cc1,0
Cc1nc(SCC(=O)c2ccccc2)n[nH]1,0
Cc1cc(NC(=O)COC(=O)c2cc3c(s2)CCC(C)C3)no1,0
O=C(NCCSc1ccccc1)c1ccccc1,0
Cc1ccc(C(=O)O)cc1S(=O)(=O)N1CCC(C(=O)O)CC1,0
CC(C)OCCCNS(=O)(=O)c1ccc2c(c1)oc(=O)n2C,0
CCc1nnc(NC(=O)CSc2nnc(COc3ccccc3)n2-c2ccc(C)cc2)s1,0
Cc1[nH]n2c(=O)c(C#N)c(-c3ccccc3)nc2c1-c1ccccc1,0
CC1=C(C(=O)OCc2ccccc2)C(c2ccccc2OC(F)F)NC(=O)N1,0
Cc1ccc2nc(Cc3ccc(N)cc3)oc2c1,0
CCOc1ccc(C(=O)c2ccc(OCC)c(N)c2)cc1N,0
COc1ccccc1-n1c(SCC(N)=O)nnc1-c1ccccc1,0
Cc1cc2ccccc2c(=O)n1CC(=O)NCC(=O)N1CCN(c2cccc(Cl)c2)CC1,0
CCCCCCC(=O)c1c(C)[nH]c(C(=O)OCC)c1C,0
CC(=O)Nc1nc(C)nc(-c2ccccc2OC(C)=O)n1,0
O=C(c1ccc(Cl)c(Cl)c1)N1CCOCC1,0
O=C(Nc1nnc(-c2ccncc2)s1)C1CCCO1,0
Cc1ccc(S(=O)(=O)N2C(=O)CCC2C(=O)NCc2ccco2)cc1,0
CC(=O)Nc1ccc(S(=O)(=O)c2ccc(N)cc2)cc1,0
Nc1nnc(-c2ccco2)s1,0
O=C(NCc1cccs1)Nc1ccc2c(c1)OCO2,0
CC(=O)Nc1ccc(Cl)cc1C(=O)O,0
CC1(C)CC2(CCO1)NCCN1C(=O)CSC12,0
COc1ccc(C)cc1NC(=O)c1cc2c(C)nc3ccccc3c2o1,0
CC1CN(C(=O)NC(Cc2ccccc2)C(=O)O)CC(C)O1,0
O=C(COC(=O)c1cn(-c2ccccc2)nc1-c1cccs1)NC1CC1,0
C=CCN1C(=O)CSc2ccc(C(=O)N3CCC4(CC3)OCCO4)cc21,0
CCOC(=O)CSc1nnc(CNC(=O)c2ccc(S(=O)(=O)N3CCCCC3)cc2)n1C,0
CCc1nnc(NC=C2C(=O)OC(C)(C)OC2=O)s1,0
Cc1ccccc1Cn1nc(C)c(NC(=O)c2noc3c2CCc2ccccc2-3)c1C,0
O=C(CN1CCN(Cc2ccccc2)CC1)NC(=O)NC1CCCCC1,0
COc1nc(NCC(C)C)nc(Oc2ccc(=O)n(-c3ccccc3)n2)n1,0
Cc1cnc(NC(=O)CSc2nnc(-c3ccncc3)n2C2CCCCC2)s1,0
Nn1cnnc1SC1CCCCC1NS(=O)(=O)c1ccccc1,0
CC(=O)c1c(C)[nH]c(C(=O)CSc2nnc(C3CCCCC3)n2N)c1C,0
Cc1ccc(C)c(Nc2ncnc3nc[nH]c23)c1,0
COc1ccc(S(=O)(=O)NC(C(C)C)C(C)C)cc1OC,0
CCc1ccccc1S(=O)(=O)Cc1ccc(C(=O)NC(C)C)o1,0
COc1ccccc1N(CC(=O)NCCSc1ccccc1)S(C)(=O)=O,0
COc1ccccc1-n1c(O)cc(=O)nc1SCC(=O)NC(C)(C)C,0
COc1ccc(Cl)cc1S(=O)(=O)N1CCN(C(=O)COc2ccccc2)CC1,0
CCOC(=O)N1CCC(N2C(=O)c3ccc(C(=O)NCc4ccco4)cc3C2=O)CC1,0
Cc1cc(N(CN2CCCC2=O)C(=O)c2ccccc2)no1,0
O=C(CN(CCc1ccccc1)C(=O)CNS(=O)(=O)c1ccc(F)cc1)NCC1CCCO1,0
Cc1occc1C(=O)Nc1nccs1,0
O=C(CCc1ccccc1)Nc1ncc2c(n1)CCCC2=O,0
Cn1c(CNc2cccc(Cl)c2)nnc1SCC(=O)OC1CCCCC1,0
COc1ccc(-c2nnc(NC(=O)c3ccc(S(=O)(=O)N4COCC4(C)C)cc3)o2)cc1,0
CCCCCSc1nc(=O)cn[nH]1,0
Clc1ccc(SCCn2cncn2)cc1,0
CCOc1ccccc1C1N(c2ccc(F)cc2)C(=O)C2CCCN21,0
O=C(O)CCC(=O)NC1CCCCCCC1,0
COc1cccc(NC(=O)c2ncn[nH]2)c1,0
CC1=C(C(=O)Nc2ccc(F)cc2)C(c2ccc(C)o2)C2=C(CC(C)(C)CC2=O)N1,0
COc1ccc(N(CC(=O)N2CCC(C)CC2)S(=O)(=O)c2c(C)nn(C)c2C)cc1,0
CCOC(=O)C1C(=O)NC(SCC(=O)Nc2nccs2)=C(C#N)C1c1ccccc1OCC,0
Cn1c(CNc2ccc(Cl)cc2)nnc1SCc1ccccc1,0
Cc1nnc(NC(=O)c2sc3ccccc3c2Cl)s1,0
Cc1cc(NC(=O)c2cnn3cccnc23)n(-c2ccccc2)n1,0
Cc1cc(C)nc(N2CCCC(C(=O)Nc3nnc(C)s3)C2)n1,0
CCC(C)NC(=O)CC1Oc2ccc(Cl)cc2NC1=O,0
Cn1c(-c2ccccc2)cnc1SCC(=O)NCc1ccco1,0
Oc1ccc(N2CCN(c3ncnc4sc5c(c34)CCC5)CC2)cc1,0
c1ccc(-c2ccc(OCCOCCn3cncn3)cc2)cc1,0
CCCC(=O)Nc1ccc(N2CCOCC2)cc1,0
COCCn1c(SCC#N)nnc1-c1ccc2c(c1)OCO2,0
Cc1cccc(OCCN2CSC(=S)N(C)C2)c1,0
CN(C)c1ccc2nonc2c1N,0
CN1CCN(C2=C(Cl)C(=O)N(c3cccc(Cl)c3)C2=O)CC1,0
C=CCOC(=O)C1=C(C)OC(N)=C(C#N)C12C(=O)N(CN1CCOCC1)c1ccccc12,0
c1ccc(-c2nnc(-c3cccc(-c4nnc(-c5ccccc5)o4)c3)o2)cc1,0
O=C(CSc1nc(=O)cc(-c2ccccc2)[nH]1)N1CCc2ccccc21,0
CCCC(=O)Nc1cc(OC)c(OC)cc1C(=O)O,0
CCOc1ccc(C(CC(=O)O)NS(=O)(=O)c2ccc(C)cc2)cc1OC,0
COc1cccc(OCCCN2CCCCC2)c1,0
Cc1cc(C)cc(OCc2ccc(C(=O)O)o2)c1,0
CC(C)(C)c1ccc(S(=O)(=O)NCCc2ccncc2)cc1,0
COC(=O)c1cc(NC(=O)CSc2nnc(CN3CCOCC3)n2C)ccc1Cl,0
COc1ccc(CN2CCN(c3ccccc3F)CC2)c(OC)c1,0
CCn1c(CSc2nc(C)cc(C)n2)nnc1SCC(=O)Nc1ccccc1,0
O=S(=O)(Nc1nc2ccccc2nc1Nc1ccc2c(c1)OCCO2)c1cccs1,0
Cc1nn(-c2ccccc2)c2sc(C(=O)n3cccn3)cc12,0
Cc1cc(C(=O)Nc2sc3c(c2C#N)CCC(C)C3)no1,0
Cc1cc(C(=O)NCc2ccc3c(c2)OCO3)n(-c2ccccc2)n1,0
O=C1c2ccccc2C(=O)N1Cc1ccco1,0
CC(=O)n1nc(-c2ccco2)nc1N,0
CC(C)N(Cc1nc2ccccc2[nH]1)C(C)C,0
Cc1cc(NC(=O)c2ccc(N(C)S(=O)(=O)c3ccccc3)cc2)no1,0
CC1(C)Cc2c(sc(NC(=O)c3ccco3)c2C#N)C(C)(C)N1,0
Cc1cc(C)n(-c2cccc3cccnc23)n1,0
Cc1cc(C(=O)CSc2nnnn2C)c(C)n1CCc1ccc(Cl)cc1,0
Cc1nnc(SCCn2c(N3CCC(C)CC3)nc3c2c(=O)n(C)c(=O)n3C)s1,0
Cn1cc(C(=O)N2CCC3(CC2)OCCO3)c2c3ccccc3n(C)c2c1=O,0
COc1ccc(S(=O)(=O)NC2CC3CCC2C3)cc1Cl,0
CCOC(=O)c1c(C)oc(NC(=O)COc2ccc(Cl)cc2C)c1C#N,0
O=C(Cc1cccs1)Nc1ccon1,0
O=c1nc2c(-c3ccccc3F)n[nH]n2c2ccccc12,0
O=C(Nc1ccc2c(c1)OCO2)Nc1cnccn1,0
Cc1c(C)[n+](=O)c2c(n1[O-])CCCCC2,0
COC(=O)CSc1ncccc1-c1nc2ccccc2[nH]1,0
Cc1cccn2c(=O)c3cc(C(=O)NCCN4CCOCC4)c(=N)n(CCc4ccccc4)c3nc12,0
CCCCCCSC1=C(C#N)C(c2ccc(O)cc2)CC(=O)N1,0
CC(=O)Nc1ccc(S(=O)(=O)N(C)CC(=O)Nc2ccccc2N2CCOCC2)cc1,0
CCCCN(CC)Cc1ccc(CNC(=O)Nc2ccc(OC)cc2OC)o1,0
Oc1ccccc1CNn1cnnc1,0
O=C(Nc1ccc(Oc2ccccc2)cc1)C1CCN(c2ncccn2)CC1,0
CC(C)N(C(=O)CSc1nnnn1C1CCCC1)C(C)C,0
CCC(CC)C(=O)Nc1cc(C(=O)OC)cc(C(=O)OC)c1,0
CCOc1ccc(C(CC(=O)O)NC(=O)c2ccco2)cc1OC,0
COCCNc1nc2c(c(=O)n(Cc3ccc(OC)cc3)c(=O)n2C)n1C,0
COc1ccc(C2=NCC(=O)N(CC(=O)NCc3ccco3)c3sc4c(c32)CCCC4)cc1,0
Cc1cc(C)c(C#N)c(N2CCN(Cc3ccc4c(c3)OCO4)CC2)n1,0
CC(C)=CCC(C)(C)CNC(=O)NC1CCCCC1,0
Cc1cc(C)nc(NC2=NC3CCCCC3N2)n1,0
Cc1c(C(Nc2ccccn2)c2ccccc2)c(=O)n(-c2ccccc2)n1C,0
CN(C)c1nc(OCC(=O)NC(C)(C)C)nc(N(C)C)n1,0
CC(NC(=O)C1CCC1)c1ccc(Cl)cc1,0
CCC(Oc1ccccc1)C(=O)N1CCN(c2ccccn2)CC1,0
CCN1C(=O)CC(Sc2ccccc2N)C1=O,0
COc1ccc(OC)c(NC(=O)Cc2nn(C)c(=O)c3ccccc23)c1,0
Cc1cc(C)cc(CSc2nc(=O)c(C)n[nH]2)c1,0
COc1ccc(CNC(=O)c2cc(-c3cccs3)on2)cc1,0
O=C(CNC(=O)c1ccco1)OCc1c(F)cccc1Cl,0
COc1ccc(-c2noc(-c3ccccc3-c3ccccc3)n2)cc1OC,0
CSc1ccc(S(=O)(=O)Nc2ccc(N3CCOCC3)c(Cl)c2)cc1,0
COc1cccc(C2=NOC(C(=O)Nc3cccc(C(C)=O)c3)C2)c1,0
CCOC(=O)CSc1nnc(CNC(=O)c2cccc(C)c2)n1-c1ccccc1OC,0
O=C(CN1CCC(n2nnc3ccccc32)CC1)NCc1cccs1,0
CCCCn1nnnc1SCC(=O)N1CCN(C(=O)c2ccco2)CC1,0
CCN(CC)CC(=O)Nc1c(C)cccc1C,0
Cc1cc(C)cc(N(CC(=O)NCc2cccnc2)S(C)(=O)=O)c1,0
CC1(C)CN=C(N2CCN(C3=NCC(C)(C)S3)CC2)S1,0
COc1ccc(Cl)cc1NC(=O)c1cccnc1,0
CCOC(=O)CSc1nnc(Cc2ccccc2)n1CC1CCCO1,0
COCCCNC(=O)c1ccc(N(C)S(=O)(=O)c2ccc(OC)cc2)cc1,0
C=CCSc1nc2c(c(=N)n1CC=C)C1CCCC1S2,0
CC1CCCCN1C(=O)Nc1cccc(Cl)c1,0
CC1=NC(Nc2nc(C)c3ccccc3n2)=NC(C)(C)C1,0
CCNCCN/C(O)=C1/C(=O)NC2=C(CCCC2)C1=O,0
O=C(C1CCCCC1)N1CCN(S(=O)(=O)c2ccc(Cl)cc2)CC1,0
Cc1ccc(-c2noc(COc3ccccc3C)n2)cc1,0
COC(=O)c1ccc(NC(=O)CNC(=O)C2CCCCC2)cc1,0
CC(=O)NCCOC(=O)Nc1cccnc1,0
Cc1cccc(C(=O)N(C)c2nnc(-c3ccncc3)s2)c1,0
CCc1nnc(NC(=O)CCC(=O)N2CCN(Cc3cc(Cl)ccc3OC)CC2)s1,0
CC(C)=C(NC(=O)c1ccccc1)C(=O)N1CCOCC1,0
CCOC(=O)CC(=O)CSC1=C(C#N)C(c2ccccc2OC)CC(=O)N1,0
c1ccc(C2NCCn3cccc32)cc1,0
COc1cc(OC)cc(C(=O)Nc2cccc(N3CCCC3)c2)c1,0
COc1ccc(CCNC(=O)CSc2nc(C)nc3c2oc2ccccc23)cc1OC,0
Cc1ccc(C(c2nnnn2Cc2cccs2)N2CCN(Cc3ccc4c(c3)OCO4)CC2)cc1,0
CC1CCCCN1CC(=O)Nc1sc2c(c1C#N)CCC2,0
CCOC(=O)c1c(C)c(C(=O)NCc2ccco2)c(C)n1Cc1ccccc1,0
CC(=O)Nc1cc(NC(C)=O)c(CC(C)C)s1,0
CCOC(=O)/C(C#N)=C1/C=CN(C)C(C)=N1,0
CCOC(=O)C1CCCN(C(=O)C2CCN(S(=O)(=O)CC)CC2)C1,0
COC(=O)c1ccccc1NC(=O)c1cc(C2CC2)on1,0
O=c1cc(CSc2ccc(Cl)cc2)[nH]c(N2CCOCC2)n1,0
O=C(Cc1ncn[nH]1)NCCc1ccccc1,0
COc1ccccc1-c1noc(-c2ccccc2C(=O)Nc2ccccc2)n1,0
CC1(C)CC(=O)C(=CNc2ccccc2C(=O)O)C(=O)C1,0
C=C(C)Cn1c(CCNC(=O)C(C)C)nc2ccccc21,0
O=C(CSc1ncnc2nc[nH]c12)N1CCOCC1,0
CCOC(=O)CSc1ncnc2c1cnn2-c1ccc(Cl)cc1,0
COc1cc2[nH]c(=S)n(CCCN3CCOCC3)c(=O)c2cc1OC,0
Cc1ccc(OCCN2CCN(C(=O)CCC(=O)Nc3nnc(C(C)C)s3)CC2)cc1,0
O=C(CSc1ncn[nH]1)OCN1C(=O)c2ccccc2C1=O,0
CC1=C(C(=O)Nc2ccccc2)C(c2ccco2)C(C#N)=C(SCC(=O)Nc2cccc(C)c2C)N1,0
N#Cc1nc(-c2ccccc2Cl)oc1NCC1CCCO1,0
CC(=O)NC(Cc1cnc[nH]1)C(=O)O,0
O=C(O)C1CC(=O)N(c2ccc(F)cc2)C1,0
COc1ccc2c(C)cc(SCC#N)nc2c1,0
COC(=O)C1Cc2c([nH]c3ccccc23)CN1,0
COC(=O)CNC(=O)c1ccc(=O)oc1,0
COc1ccc(NC(=O)CN(C)S(=O)(=O)c2ccccc2)cc1OC,0
O=C(Cn1nnc(-c2ccccc2)n1)NCc1cccs1,0
CCSc1nc(=O)c(-c2ccccc2NC(=O)CC)n[nH]1,0
COc1cccc(-c2cc(C(=O)Nc3cccc(O)c3)no2)c1,0
CCOc1ccc(Cl)cc1S(=O)(=O)N1CCN(c2ccc(F)cc2)CC1,0
C/C(=C\c1cc(C(=O)O)c(C)o1)CO,0
CCCCOc1nc(N)nc(-c2ccccc2)n1,0
c1ccc2c(c1)OCC(c1nnc3sc(-c4ccc5c(c4)OCO5)nn13)O2,0
CCCSc1ccc2nc(NC(=O)OC)[nH]c2c1,0
COCC(=O)N(C)c1nnc(-c2cnc(C)cn2)s1,0
CCC(C)Sc1nc2n(-c3ccccc3)[nH]cc-2c(=O)n1,0
Cc1cccc2cc(CN(CCCO)C(=O)Nc3cccc(Cl)c3)c(=O)[nH]c12,0
O=c1[nH]c2ccccc2nc1Cc1ccccc1,0
Cc1cccc(OCCC(=O)NCC(c2ccccc2)N(C)C)c1,0
N#Cc1ccccc1NC(=O)CSc1nccn1CCc1ccccc1,0
Cc1nc(-n2cc(F)c(=O)[nH]c2=O)c2nc(C)oc2n1,0
COC(=O)C(C)NC(=O)Nc1cc(OC)ccc1OC,0
CC(=O)c1c(O)n(Nc2nc(C)cc(C)n2)c(C)cc1=O,0
Cc1csc(NC(=O)CSc2nc(=O)c3ccccc3[nH]2)n1,0
Cc1nnc(N(C(=O)c2cnccn2)c2ccccc2)s1,0
CN(C)S(=O)(=O)c1cc(C(=O)NCCCn2ccc3ccccc32)ccc1Cl,0
CC(C)OC(=O)NCCOC(=O)Nc1cccc(Cl)c1,0
CCOC(=O)Nc1ccc2c(C)cc(=O)oc2c1,0
CCCCn1c(-c2ccc(Cl)cc2)nc2c(=O)n(C)c(=O)[nH]c21,0
CCOC(=O)Cn1c(=O)oc2cc(S(=O)(=O)Nc3cc(Cl)ccc3OC)ccc21,0
CCOC(=O)c1[nH]cnc1C(=O)Nc1ccncc1,0
COc1ccccc1-c1nc(C(N)=O)c2[nH]c(=O)n(-c3cccc(C)c3)c2n1,0
N#Cc1c(-c2cccs2)cc(-c2ccccn2)nc1N,0
c1ccc(-n2ncc3c2ncn2nnnc32)cc1,0
Nc1ccc(C(=O)OCCCc2nc3ccccc3[nH]2)cc1,0
CS(=O)(=O)N(Cc1ccco1)CC(O)Cn1c2ccccc2c2ccccc21,0
CCn1cc(C(=O)N2CCn3c(nc4ccccc43)C2)c(=O)c2ccc(C)nc21,0
Cc1nc2sc(C(c3ccco3)N3CC(C)OC(C)C3)c(O)n2n1,0
O=C1CC(N2CCN(C(c3ccccc3)c3ccccc3)CC2)C(=O)N1,0
O=C(CSc1nnc(Cc2cc(=O)[nH]c(=O)[nH]2)n1-c1ccccc1)NCC1CCCO1,0
CCN(CC)CCCNC(=O)C1c2ccccc2Oc2ccccc21,0
Cn1c(SCC(=O)N2CCOCC2)nc2cccnc21,0
COc1ccc(CC(=O)Nc2ccc(OC)c(NC(=O)c3ccco3)c2)cc1,0
C=C(C)CSc1nnc(CCNC(=O)OC(C)(C)C)o1,0
CCSc1nc(-c2ccco2)ccc1C#N,0
CCc1ccccc1NC(=O)C(C#N)Cc1cccnc1,0
CCn1c(Cc2ccc(OC)cc2)nnc1SCC(=O)Nc1nc2ccccc2s1,0
Cc1ccc(S(=O)(=O)NCCNC(=O)C2CCCNC2=O)cc1,0
Cc1cc(C)c2c(=O)[nH]c(=O)n(Cc3ccccc3)c2n1,0
CCOC(=O)c1nnn(-c2nonc2N)c1CN(C)C1CCCCC1,0
CCOCCCNC(=O)Cc1cc(=O)[nH]c(=O)[nH]1,0
CCOC(=O)c1ccc(NC(=O)CSc2nc(C)nc3c2c(=O)n(C)c(=O)n3C)cc1,0
CCOC(=O)N1CCC(NC(=O)CN2C(=O)CSc3ncccc32)CC1,0
CCOc1cccc2cc(C(=O)N3CCN(C/C=C/c4ccccc4)CC3)c(=O)oc12,0
COC(=O)CSc1nnc(-c2sc3cc(OC)ccc3c2Cl)n1C,0
O=C(Cn1cc2c(n1)CCCCC2)NC1CCCCCC1,0
CC(C)OC(=O)CSc1nnc(CNc2nc(-c3ccccc3)cs2)n1C,0
c1cncc(-c2nc3cc(Cc4ccc5oc(-c6cccnc6)nc5c4)ccc3o2)c1,0
CCOC(=O)c1c(NC(=O)CSc2nnc(CN3CCOCC3)n2C)sc2c1CCCC2,0
COc1ccc(Nc2oc(-c3cccs3)nc2C#N)cc1,0
COc1ccccc1C(=O)OCC(=O)Nc1ccc(OC(F)F)cc1,0
CC(c1ccco1)N(C(=O)Nc1ccc(Cl)cc1)c1ccccn1,0
O=C(Nc1ccc(CN2CCOCC2)cc1)c1cc2ccccc2o1,0
O=C(CN1CCN(CCOCCO)CC1)N1c2ccccc2Sc2ccc(Cl)cc21,0
COc1ccc2nc(-n3c(C)ccc3C)sc2c1,0
CCOC(=O)c1c(NC(=O)c2ccoc2C)sc2c1CCC2,0
CSc1nnc(Cn2c(=O)sc3ccccc32)n1-c1cccc(Cl)c1,0
CN(C)C(=O)CN1C(=O)C2CC=C(Cl)CC2C1=O,0
O=C(CSc1c2c(nc3ccc(Cl)cc13)CCCC2)N1CCN(C(=O)c2ccco2)CC1,0
Cc1cccc(-c2noc(CN(C(C)C)S(=O)(=O)c3ccc(Cl)cc3)n2)c1,0
O=C(COc1ccccc1)Nc1cccc2nsnc12,0
O=C(CCN1CCc2ccccc2C1)Nc1cccc(F)c1,0
OC(C#Cc1ccccn1)c1cccs1,0
O=C(NCC(=O)N(Cc1cccs1)C(C(=O)NC1CCCC1)c1ccncc1)c1ccco1,0
COCC(=O)N(C)c1nnc(-c2ccccn2)s1,0
c1ccc(-c2nnc3n2N=C(c2ccc4c(c2)OCO4)CS3)nc1,0
Cc1cc(C)n2nc(-c3cccnc3)nc2n1,0
COC(=O)CCc1c(C)[nH]c(=S)[nH]c1=O,0
Clc1cccc(CSc2nnc(-c3cccnc3)n2Cc2ccco2)c1,0
CC(NC(=O)c1cccc(C(F)(F)F)c1)C1CCCO1,0
O=C(CSCc1nc(=O)[nH][nH]1)NCCOc1cccc(Oc2ccccc2)c1,0
CCOC(=O)CNC(=O)CSc1nc(N(C)C)nc(N2CCOCC2)n1,0
O=c1[nH]n(-c2ccccc2)c(=O)c2ccccc12,0
CCC1(C)NC(=O)N(CC(=O)Nc2sc3c(c2C(N)=O)CCC3)C1=O,0
c1nc(N2CCOCC2)c2c3c(sc2n1)CCCC3,0
CCOC(=O)N1CC=C2C(C#N)=C(N)C(C#N)(C#N)C(c3cccs3)C2C1,0
COc1ccccc1N(C(=O)c1snc(C(N)=O)c1N)C(C(=O)NCCC(C)C)c1ccco1,0
O=C(COc1ccc(Cl)cc1)Nc1ccc(Cl)cn1,0
Nc1nnc(SCC(=O)NCc2ccc3c(c2)OCO3)s1,0
NC(=O)c1ccccc1N/C=C/C(=O)c1ccco1,0
Cc1cccc(OCCn2c(=O)n(C)c3ccccc32)c1,0
CCn1c(SCC(=O)NCc2ccco2)nc2c1c(=O)n(C)c(=O)n2C,0
COc1ccccc1OCCSc1nnc(C)n1-c1ccccc1,0
CCOC(=O)C1CCCN(CC(=O)/C=C2/N(C)c3ccccc3C2(C)C)C1,0
O=C(NCCN1CCCC1)c1ccc(CS(=O)(=O)c2c(Cl)cccc2Cl)o1,0
O=C(NC12CC3CC(CC(C3)C1)C2)C1=COCCO1,0
COC(=O)CNC(=O)c1c(-c2ccccc2Cl)noc1C,0
CCNc1nc(SCCOc2ccccc2)nc(N(C)C)n1,0
O=C(CCCn1c(=S)[nH]c2ccccc2c1=O)NCc1ccco1,0
N#CC1=C(N)N(c2ccccc2C#N)C2=C(C(=O)CCC2)C1c1ccsc1,0
COc1ccc(N2C(=O)CC(Sc3nccc(C)n3)C2=O)cc1,0
CCNc1nc2c(c(=O)[nH]c(=O)n2C)n1Cc1ccc(F)cc1,0
CCOC(=O)Nc1ccc(S(=O)(=O)Nc2nccc(C)n2)cc1,0
CCOc1ccc(-n2cnnn2)cc1S(=O)(=O)N1CCCCC1,0
O=C(COC(=O)c1ccco1)Nc1ccc2c(c1)OCO2,0
CC(C)n1c(SCC(=O)N2c3ccccc3Sc3ccccc32)nc2c1c(=O)n(C)c(=O)n2C,0
CCN(CC(=O)N1CCCCCC1)S(=O)(=O)c1ccc(Cl)cc1,0
CCN(CC)S(=O)(=O)c1ccc2c3c(cccc13)C(=O)N2,1
O=C(Nc1ccon1)c1cnc2sccn2c1=O,0
Cc1cc(NC(=O)c2ccc3nc(C)sc3c2)no1,0
Cc1cc(C(=O)CSc2nnnn2-c2ccc(Cl)cc2)c(C)n1CC1CCCO1,0
COc1ccc(C(CNC(=O)c2cccnc2SC)N2CCOCC2)cc1,0
CCOc1ccc2c(c1)c1nnc(SCC(=O)N3CCCCC3C)nc1n2C,0
Cc1cc(NC(=O)CSc2nnc3c(C)cc4ccccc4n23)no1,0
Cc1c(C#N)c2ncn(Cc3ccccc3)c(=O)c2n1-c1ccccc1,0
O=C(NCc1ccc2c(c1)OCO2)C1CC(=O)N(C2CCCCCC2)C1,0
CCCOc1ccccc1C1C(C(=O)OC)=CN(C(C)C)C=C1C(=O)OC,0
CCSc1nc(-c2cccs2)nc2c1c(=O)n(C)c(=O)n2C,0
O=C(Oc1ccc(-c2nc(-c3ccccn3)no2)cc1)c1ccccc1,0
CCOc1ccc(NC(=O)N2CCC(NC(=O)c3ccco3)CC2)cc1,0
Cn1c(=O)c2c(nc(SCC(=O)Nc3ccccc3)n2C)n(C)c1=O,0
Cc1ccc(-n2nc(C)c3c2OC(N)=C(C#N)C3c2ccoc2)cc1,0
COc1ccc2[nH]c(=O)c(CN(C)C(=O)COc3ccccc3)cc2c1,0
CCC(=O)N1CCN(c2ccccc2NC(=O)COc2ccccc2Cl)CC1,0
O=C(c1ccccc1CCc1ccccc1)N1CCN(c2ccccn2)CC1,0
O=C(Oc1ccc(-c2cnc3ccccc3n2)cc1)c1ccco1,0
Cc1ccc(-n2ncc3c(=O)n(Cc4cccnc4)cnc32)cc1,0
O=C(O)c1ccc(COc2ccc3c4c(c(=O)oc3c2)CCC4)o1,0
COC(=O)c1ccc(NC(=O)c2ccccc2NS(C)(=O)=O)cc1,0
Cc1ccc(C(=O)OCc2nnc(-c3ccccc3)o2)o1,0
CCOC(=O)c1sc(SCC(=O)Nc2ccc(N(C)C)cc2)nc1N,0
CC(C)COc1cc(=O)[nH]c(SCC(C)C)n1,0
COc1cc(C)nc(Oc2ccc(=O)n(C)n2)n1,0
Cc1nnc(C)n1N1C(=O)c2cccc3cccc(c23)C1=O,0
Cc1cccc(NC(=O)COc2ccccc2)c1,0
CCOC(=O)N1CCC(NC(=O)C2CCCN(c3nc4ccccc4o3)C2)CC1,0
CN(C)S(=O)(=O)c1cccc(C(=O)Nc2cccnc2)c1,0
C=CCn1c(O)cc(=O)nc1SCC(=O)N(CC)CC,0
Cc1nnc(NS(C)(=O)=O)s1,0
O=C(c1ccccc1)c1nnc(-c2ccccc2F)o1,0
COc1ccc(C(=O)c2ccc(OC)cc2O)c(O)c1,0
CN1CCN(Cc2nc3c(c(=O)n(C)c(=O)n3C)n2Cc2ccccc2Cl)CC1,0
Cc1ccc(C)n1-c1ccc(N2CCOCC2)nc1,0
O=C(CCS(=O)(=O)c1ccccc1)Nc1nc2c(s1)CCCC2,0
O=C(Nc1ccc(N2CCCC2=O)cc1)c1cccc(F)c1,0
CC1(C)CC(=O)c2c(Cc3ccccc3)n[nH]c2C1,0
O=C(CSc1nnc(-c2cccnc2)n1-c1ccccc1)Nc1ccccn1,0
O=C(NCc1ccccn1)c1ccc(NC(=O)c2ccco2)cc1,0
Cc1cc(C)c2c(n1)nn1c(-n3ccnc3)cc(C)nc21,0
CCC(Sc1ccc2nnc(-c3ccc(F)cc3)n2n1)C(=O)O,0
CCOC(=O)CCc1c(C)nc2cc(-c3ccccc3OC)[nH]n2c1=O,0
O=C(Nc1ccc(Cl)cc1C(=O)NCc1cccnc1)c1ccco1,0
Cc1onc(-c2ccccc2)c1C(=O)NCc1ccc2c(c1)OCO2,0
CCOC(=O)/C(C#N)=C1/SC(CC)C(=O)N1c1ccc(C)cc1,0
Cc1ccc(S(=O)(=O)NC(=O)Nc2ncc3c(n2)CC(c2ccco2)CC3=O)cc1,0
Cc1nc(N)sc1-c1csc(Nc2ccccc2)n1,0
CCN(CC)C(=O)Oc1ccc(Cl)c2ccccc12,0
Cc1cc(C)c(C#N)c(SCC(=O)c2cccs2)n1,0
Cc1ccc(OC(=O)NC2CCS(=O)(=O)C2)cc1C,0
CC(C)=CC(=O)N1CCCc2ccccc21,0
C=CCN(C)CCCNC(=O)/C=N/O,0
CCCCc1nc(NCCNC(=O)c2ccco2)c(C#N)c2c1CSC(C)(C)C2,0
Cc1ccccc1S(=O)(=O)Cc1ccc(C(=O)N2CCN(c3cccc(C)c3C)CC2)o1,0
O=S(=O)(NCc1ccc(Cl)cc1)c1cnc[nH]1,0
C#CC(CC)(CC)NC(=O)c1c(C)noc1C,0
CCC(=O)Nc1cccc(-c2cn3ccsc3n2)c1,0
O=C(NCC1CCCO1)c1ccccc1-c1nc(-c2ccc(F)cc2)no1,0
COc1cccc(N2C(=O)C3CC=C(Cl)CC3C2=O)c1,0
Cc1nc(NCC2CCCO2)c2nnn(Cc3ccccc3)c2n1,0
O=C(c1ccccc1S(=O)(=O)NCc1ccccc1)N1CCCC1,0
CCOc1cccc2c1OC1(C)CC2NC(=O)N1c1cccc(F)c1,0
COc1ccc(-c2nn(-c3ccccc3)cc2C(=O)NCCCn2ccnc2)cc1,0
Cc1cc(C)n(Cc2ccc(C(=O)O)o2)n1,0
CCOC(=O)C(NC(=O)Nc1ccccc1)(OCC)C(F)(F)F,0
O=C(CSc1nnc(Cn2c(=O)sc3ccccc32)n1-c1ccccc1)N1CCOCC1,0
CCOc1ccc(NC(=O)CN2CCN(CC(=O)Nc3ccc(C(=O)OC)cc3)CC2)cc1,0
CCCS(=O)(=O)N1CCN(C(=O)CCC2CCCC2)CC1,0
Cc1ccccc1-c1nc(CN2CCC(C(=O)N3CCC(C(N)=O)CC3)CC2)c(C)o1,0
CC(C)(C)NCCCCOc1ccccc1F,0
CCOC(=O)COc1ccc(S(=O)(=O)NCCC2=CCCCC2)cc1,0
CC1(C)Cc2c(sc3c2c(=N)n(Cc2ccco2)c(=O)n3CC(=O)Nc2ccc(Cl)cc2)CO1,0
O=CNc1ccccc1Oc1ccccc1,0
CS(=O)(=O)N(CC(=O)N1CCOCC1)Cc1ccc(Cl)cc1,0
Cc1nnc(SCCn2c(N3CCN(C)CC3)nc3c2c(=O)n(C)c(=O)n3C)s1,0
O=C(Nc1ccc(Cl)cn1)c1cc2ccccc2o1,0
Cc1ccc(NCC(O)C(O)C(O)CO)cc1C,0
O=c1c2c(n3nnnc3n1-c1ccccc1)-c1ccccc1CC21CCCC1,0
CCOC(=O)CN1C(=O)NC(C)(c2ccc(OC(F)F)cc2)C1=O,0
Cc1nn2c(-c3ccc(Cl)cc3)nnc2s1,0
CCCC(=O)Nc1ccc(S(=O)(=O)Nc2cc(C)nc(C)n2)cc1,0
CC(=O)Oc1cccc(N2C(=O)C3CC=C(Cl)CC3C2=O)c1,0
CCCC(=O)NC(C)c1nc2ccccc2n1CC,0
Cc1cc(SCC(=O)Nc2ccccc2)nc(C)n1,0
O=C(NCCc1ccc(F)cc1)N1CCOCC1,0
Cc1ccc(S(=O)(=O)N2CCN(C(=O)CSc3nc4ccccc4o3)C2)cc1,0
COc1nc(-c2ccccc2)cc(C(F)(F)F)n1,0
CCN(CC(=O)NC1CCCCCC1)S(=O)(=O)c1ccccc1,0
CCn1c(SCC(=O)Nc2nc3ccc(OC)cc3s2)nc2c1c(=O)n(C)c(=O)n2C,0
CCC(=O)Nc1ccc(NC(=O)c2ccccn2)cn1,0
CC(C)(C)c1csc(NC(=O)Cn2cnc3ccccc3c2=O)n1,0
Cc1cc(C)c2c3c(sc2n1)C(=O)N(C)CC(=O)N3,0
Cn1ccnc1SCc1cn2ccccc2n1,0
Cc1nc2sc(C(c3ccco3)N3CCC4(CC3)OCCO4)c(O)n2n1,0
CC(=O)Nc1ccc(S(=O)(=O)N2CCN(C(=O)Cc3ccccc3)CC2)cc1,0
COc1ccc(-c2nnc3sc(-c4cccs4)nn23)cc1OC,0
COc1ccc(-c2nnc(SCC#N)o2)cc1,0
Cn1c(=O)n(CC(=O)Nc2ccc(F)cc2)c2ccccc21,0
CCOC(=O)c1nnc2ccnn2c1N,0
Cc1nonc1OCCNC(=O)C12CC3CC(CC(C3)C1)C2,0
COc1ccc(Cn2c(C)nc3oc4cc(OC)ccc4c(=O)c3c2=O)cc1,0
COc1ccc(CN2CCN(C(=O)c3ccco3)CC2)cc1,0
CCc1cccc2c(=O)c(C(=O)NCCN3CCOCC3)c[nH]c12,0
COC(=O)c1cc(-c2ccccc2)sc1NC(=O)c1cc(C)on1,0
O=C(CSc1nnc(C2CC2)n1Cc1ccccc1)c1cc2ccccc2o1,0
COc1cc(NC(=O)CN2C(=O)NC(C)(CC(C)C)C2=O)cc(OC)c1,0
CCN(CC)S(=O)(=O)c1ccc(NC(=O)Cn2cnc3ccccc3c2=O)cc1,0
Cc1cccc(OCC(=O)Nc2ccccc2N2CCN(C(=O)C(C)C)CC2)c1C,0
CCCn1c(O)c(C(=O)NCc2ccc(OC)c(OC)c2)c(=O)c2ccccc21,0
Cc1cc(C)n(CCCNC(=O)c2ccc(S(=O)(=O)NCc3ccco3)cc2)n1,0
CCSC1=C(C#N)C(c2ccc(Cl)cc2)C2=C(CCCC2=O)N1,0
CCN(CC)CCn1cnc2c([nH]c3cccc(OC)c32)c1=O,0
Cc1csc(NC(=O)c2c(O)n(CC(C)C)c3c(c2=O)CCCC3)n1,0
CCC(=O)NCCc1cc2cc(C)c(C)cc2[nH]c1=O,0
Cc1ccc(S(=O)(=O)Cc2ccc(C(=O)N3CCN(Cc4ccccc4)CC3)o2)cc1,0
CCOc1ccc2nc(NC(=O)C3CCCN(S(=O)(=O)c4c(C)noc4C)C3)sc2c1,0
COc1ccc(S(=O)(=O)N2CCN(C)CC2)cc1C,0
CC1CCc2c(C(=O)NCCN3CCOCC3)csc2C1,0
CCOC(=O)Cc1csc(NC(=O)c2c(-c3ccccc3)noc2C)n1,0
CCOc1cc(N2CCOCC2)c(OCC)cc1NC(=O)Cc1ccc(OC)c(OC)c1,0
CCNC(=O)COc1ccc2ccccc2c1,0
CC1CCN(CCNC(=O)CN(C)S(=O)(=O)c2cccc3nsnc23)CC1,0
Cn1c(=O)c2c(nc(SCCN3CCOCC3)n2Cc2ccccc2Cl)n(C)c1=O,0
O=C(Nc1ccc2oc(-c3ccccc3)nc2c1)c1ccncc1,0
CC(C)COC(=O)n1c(SCC(=O)N(C)C)nc2ccccc21,0
O=C(COC(=O)c1ccccn1)Nc1nccs1,0
CCOc1ccccc1-n1c(SCC(=O)N2CCOCC2)nnc1-c1ccccn1,0
C=C(C)CSc1nc(=O)c(Cc2ccccc2)c(C)[nH]1,0
CCOC(=O)c1[nH]c2ccccc2c1NC(=O)COC,0
COc1cc(C(=O)Nc2ccc3c(c2)OCCO3)ccc1OC(F)F,0
O=C(Cn1cnc2c(cnn2-c2ccccc2)c1=O)NCCc1ccccc1,0
CSc1nnc(-c2ccncc2)n1CCCN1CCCC1=O,0
CC(C(=O)N1CCOCC1)N1C(=O)c2ccccc2C1=O,0
COc1ccc(CC(=O)Nc2nc(C)cs2)cc1OC,0
CCOCCCNC(=O)c1ccc2c(c1)N(Cc1ccccc1)C(=O)CS2=O,0
Cc1cc(=O)oc(C)c1C(=O)N1CCN(C)CC1,0
CC(C)OC(=O)CC(=O)CSc1nc2c(cc1C#N)CCCC2,0
Cc1ccc(OCC(=O)N(C)CCc2ccccn2)cc1,0
CC(C)c1ccc(CNc2ccc(N3CCOCC3)cc2)cc1,0
Cc1cccc(-n2c(N)cc(=O)nc2SC(C)C(=O)NC2CCCCC2)c1,0
Cc1ccc(C)c(-n2c(CNC(=O)c3ccco3)nnc2SCC(=O)N2CCc3ccccc32)c1,0
Cc1ccc2c(C(=O)CN3CCN(c4ccccc4)CC3)c(C)[nH]c2c1,0
Cc1ccnc(N2CCCC(C(=O)Nc3nnc(C)s3)C2)n1,0
COc1ccc(S(=O)(=O)N2CCC(NC(=O)Nc3ccc(C)cc3)CC2)cc1,0
Cc1c(C#N)c2ncnc(N)c2n1-c1ccccc1,0
COc1cc(S(=O)(=O)N2CCOCC2)ccc1F,0
CC(=O)Nc1ccc(S(=O)(=O)NCCC(=O)OCCN2C(=O)c3ccccc3C2=O)cc1,0
c1ccc2c(c1)nc(-c1ccncc1)n1nnnc21,0
Cc1cccc(OCCCC(=O)O)c1,0
CCc1nnc(NC(=O)c2ccc(S(=O)(=O)N(CC)Cc3ccccc3)cc2)o1,0
COCCCNC(=O)c1ccc(NS(C)(=O)=O)cc1,0
O=C(Nc1cnn(Cc2ccccc2)c1)c1nc2ncccn2n1,0
Cc1nn2c(-c3cccc(NC(=O)c4ccco4)c3)nnc2c2ccccc12,0
CCOC(=O)N1CCC(NC(=O)c2ccc3c(c2)N(C)CCS3)CC1,0
COCCNc1oc(-c2ccc(C)cc2)nc1C#N,0
CC1Cn2c(nc3sc4c(c3c2=O)CCC4)N1CCO,0
c1ccc(N2CCN(C3CCSC3)CC2)cc1,0
Cc1cccc(C)c1NS(=O)(=O)c1c(C)[nH]c(=O)[nH]c1=O,0
CCCCN(CC)C(=O)CN(C)S(=O)(=O)c1cccc2nsnc12,0
COCCNC(=O)c1csc2c1CCCC2,0
CCc1ccc2c(c1)CCCN2C(=O)c1ccccc1C(=O)O,0
CCOC(=O)C1=C(C)NC(=O)NC1C1CC=CCC1,0
O=C(CSc1nnc(-c2cccnc2)o1)Oc1ccccc1,0
c1ccc2c(c1)NC1=c3ccccc3=NC(c3ccncc3)N12,0
Cc1nc2ccccc2c(=O)n1NC(=O)COc1ccccc1,0
Cc1cc(=O)oc2n[nH]c(-c3ccccc3)c12,0
Cc1ccc(CNC(=O)CCCn2c(=O)[nH]c3ccccc3c2=O)cc1,0
COc1ccc(N2CCN(C(=O)CSc3ncccc3-c3nc4ccccc4[nH]3)CC2)cc1,0
Cc1cc(NC(=O)NC2CCCN2S(=O)(=O)c2ccc(Cl)cc2)no1,0
O=C(CSCCc1ccccn1)Nc1ccccn1,0
CCOC(=O)N1CCC(NC(=O)c2ccc3nc(N4CCOCC4)sc3c2)CC1,0
O=c1c2ccccc2nc(-c2ccoc2)n1CCc1ccccc1,0
CCCCC(=O)Nc1cccc(-c2nnc(-c3ccccc3)o2)c1,0
CC1N(O)C(c2ccc(Cl)cc2Cl)N(O)C1(C)C,0
CCOc1cccc(OCCCNCCCOC)c1,0
C/N=c1\sc2ccccc2n1CC(O)COc1ccccc1,0
Cn1c(OCc2ccc3c(c2)OCO3)nc2c1c(=O)n(Cc1cccc(Cl)c1)c(=O)n2C,0
CN(C)c1ccc(NC(=O)c2cccc(N3C(=O)CCC3=O)c2)cc1,0
CC(C)Sc1nc2n(-c3ccccc3)[nH]cc-2c(=O)n1,0
CS(=O)(=O)N1CCC(C(=O)NCc2ccc(F)cc2Cl)CC1,0
O=S(=O)(NCC(c1ccccc1)N1CCNCC1)c1ccc(Cl)cc1,0
O=C(CCCN1C(=O)c2ccccc2C1=O)Nc1nncs1,0
COc1ccc(CCNC(=O)c2c(O)n3c4c(cccc4c2=O)CC3)cc1,0
COc1cc(S(=O)(=O)n2nnc3ccccc32)c(OC)cc1Cl,0
CCOc1ccccc1NC(=O)CSc1nc(N)c(C#N)cc1C#N,0
CCn1c(=O)cc(OCC(=O)NCc2ccco2)c2ccccc21,0
c1ccc2c(Cn3ccnc3)c[nH]c2c1,0
CCCCSc1nc2n(-c3ccc(Cl)cc3)[nH]cc-2c(=O)n1,0
CCC(Oc1ccccc1)C(=O)N1CCC(C(N)=O)CC1,0
CC(=O)Nc1ccc(NC(=O)CSc2nnc(C3CC3)n2C)cc1,0
O=c1c2[nH]c3ccc(F)cc3c2ncn1CCN1CCOCC1,0
CCOC(=O)CNC(=O)CSc1nnc(-c2cccc(C)c2)n1-c1ccc(OC)cc1,0
Cc1onc(-c2ccccc2Cl)c1C(=O)NCc1ccccn1,0
Cc1[nH]c(N2CCOCC2)nc(=O)c1CCC(C)C,0
CCCCCSc1nc(N2CCOCC2)c2c(c1C#N)CC(C)(C)OC2,0
COc1cccc(CC(C(=O)Nc2cc(C)ccc2C)c2nn[nH]n2)c1OC,0
Cc1ccccc1N(CC(=O)Nc1ccccc1C(=O)O)S(C)(=O)=O,0
[O-][n+]1onc2c1CCc1nnc(-c3ccccc3)cc1-2,0
CCCc1cn(S(=O)(=O)c2ccc(OC)cc2OC)nc1N,0
O=C(NC1CCCCC1)C(c1cccs1)N(CC1CCCO1)C(=O)c1csnn1,0
Nc1nc2ccccc2n1/N=C/c1ccc(-c2ccccc2)o1,0
O=c1cc(CNCCCO)c2ccccc2[nH]1,0
O=C(CNC(=O)c1ccco1)NCCCc1ccccc1,0
CCn1c(SCC(=O)c2cc(OC)ccc2OC)nnc1-c1ccncc1,0
CCn1c(SCC(=O)c2ccc(Cl)cc2)nnc1-c1ccoc1C,0
CC(C)C(=O)/N=c1\sc2cc(F)cc(F)c2n1C,0
CCC(C)N(C)Cc1cccc(C2(O)CCN(S(=O)(=O)c3ccc(F)cc3)CC2)c1,0
CC1(C)Cc2c(c(-c3ccco3)[nH]c(=O)c2C#N)CS1,0
CC(C)C(=O)N1CCN(c2nc(-c3ccccc3)c3c(c2C#N)CC(C)(C)OC3)CC1,0
O=C(C1CCN(Cc2ccc(F)cc2)CC1)N(CCO)Cc1ccccc1,0
COc1ccccc1NC(=O)CSc1nnc(-c2ccco2)o1,0
CCCCCCNC(=O)Nc1ccccc1,0
COc1ccc2c(c1)CCc1c(C(=O)NCc3ccco3)noc1-2,0
CCC(C)NC(=O)c1ccccc1C(=O)NC(C)CC,0
Cc1ccc(S(=O)(=O)NCC(=O)N2CCCCC2)cc1,0
O=C(Cc1cccs1)Nc1ccccn1,0
COCCNC(=O)C(c1cccs1)N(C(=O)Cn1nnc2ccccc21)c1cccc(C)c1,0
Cc1c(Cl)cccc1-n1ccnc1SCC(=O)O,0
CCOC(=O)C(C)(C)Sc1nc2n(-c3ccc(Cl)cc3)[nH]cc-2c(=O)n1,0
CCc1nc(C)cn1S(=O)(=O)c1cc(C)c(OC)cc1C,0
C=CCn1c(-c2ccccc2)n[nH]c1=S,0
CNC(=O)c1ccccc1NC(=O)c1ccc(C)c(S(=O)(=O)N2CCCCC2)c1,0
CCN1CCN(Cc2c(OC)ccc3ccccc23)CC1,0
CC(C)C(c1nnnn1Cc1ccc(F)cc1)N1CCSCC1,0
COc1cccc(Nc2nnc(SCn3nnc4ccccc4c3=O)s2)c1,0
O=C(NCC1CCCO1)NC12CC3CC(CC(C3)C1)C2,0
Cn1c(Cn2nnc3ccccc32)nnc1SCC(N)=O,0
COc1cc(-c2cc(OC)c3c(C)oc(C)c3c(=O)c2)ccc1O,0
CC(C)C(=O)Nc1ccc(NC(=O)c2cc3ccccc3o2)cc1,0
CSC1=C(C#N)C(CC(C)C)C2=C(CCCC2=O)N1,0
Cc1cccn2c(=O)c3cc(C(=O)N(C)C)n(C)c3nc12,0
CC1(C)CC(=O)C2=C(C1)OC(c1cccs1)C(C#N)=C2N,0
COC(=O)c1cc(-c2c(C)oc3cc(OC)ccc3c2=O)c(C)o1,0
CCC1=C/C(=C/N(C)c2ccccc2)C(=O)S1,0
CCOC(=O)Nc1nnc(-c2ccc(OC)c(OC)c2)s1,0
CCc1nnc(NC(=O)CSc2nnc(-c3ccncc3)n2Cc2ccccc2)s1,0
COc1ccccc1NC(=O)c1cc(S(=O)(=O)N2CCOCC2)ccc1Cl,0
C=CCN1C(=O)NC(=O)/C(=C\NCCN(C)C)C1=O,0
CCn1c2ccccc2c2cc(NC(=O)N3CCOCC3)ccc21,0
CC1(C)CC(NC(=O)C(F)(F)F)CC(C)(C)N1OC(=O)c1ccco1,0
O=C(CC1CCCCC1)NCCCN1CCOCC1,0
O=C(CSc1nc2ncccc2[nH]1)Nc1ccc2c(c1)OCCO2,0
CC(C)=CC(=O)Nc1ccccc1C(N)=O,0
O=C(O)c1oc2ccccc2c1-n1cccc1,0
Cc1cc(NC(=O)COc2ccccc2)n(-c2ccccc2)n1,0
CC1(C)CC(=O)C2=C(C1)Nc1[nH]c(=S)[nH]c(=O)c1C2c1ccccc1,0
COc1ccccc1Nc1ncnc2c1cnn2-c1cccc(C)c1,0
CN1CCCc2cc3c(C(F)(F)F)cc(=O)oc3nc21,0
O=C1CCC(=O)N1c1ccc(CSc2nc3ccccc3[nH]2)cc1,0
COC(=O)Cc1cc(=O)n(-c2nc3ccccc3s2)[nH]1,0
CCC(c1nnnn1Cc1ccc2c(c1)OCO2)N1CCN(c2ccc(OC)cc2)CC1,0
COC(=O)C(C)NC(=O)Nc1ccc(C)c(C)c1,0
Cc1noc(NS(=O)(=O)c2ccc(NC(=O)CSc3nc4ccccc4[nH]3)cc2)c1C,0
CC1Cc2ccccc2N1C(=O)COC(=O)Cn1nnc(-c2ccccc2)n1,0
COc1ccc(NC2C=CS(=O)(=O)C2)c(OC)c1,0
CCc1cc2ccccc2nc1SCC(=O)Nc1cc(C)on1,0
COc1cccc(-c2csc(N3CCN(C(=O)C4CCCCC4)CC3)n2)c1,0
CC1(C)CC(=O)C2=C(C1)NCN(Cc1ccc3c(c1)OCO3)C2,0
COc1ccc(-c2nc(CSCC(=O)N3CCN(C(=O)c4ccco4)CC3)c(C)o2)cc1OC,0
C=CC/N=C(\NC#N)SCC(=O)c1cccc(OC)c1,0
Cc1n[nH]c(C)c1S(=O)(=O)N1CCN(C(=O)c2ccco2)CC1,0
Cc1nnc(SCC(=O)Nc2ccc3c(c2)COC3=O)n1-c1ccccc1,0
Cc1ccc(S(=O)(=O)NCCSc2nnnn2-c2cc(C)ccc2C)cc1,0
CN(Cc1ccccc1)c1nc2c(c(=O)[nH]c(=O)n2C)n1CCOc1ccccc1,0
O=C(CSc1nnc(-c2ccc(S(=O)(=O)N3CCCC3)cc2)n1CC1CCCO1)NC1CC1,0
CNC(=O)CN1C(=O)C2C3C=CC(C3)C2C1=O,0
O=C(Nc1nnc(-c2ccco2)s1)C1CCCCC1,0
COCCNc1oc(-c2ccc(F)cc2)nc1C#N,0
CCCN1Cc2cccc(C(=O)NCc3ccc4c(c3)OCO4)c2C1=O,0
Oc1c(CN2CCCCC2)cc(COCc2ccccc2)c2cccnc12,0
CCOc1cc(C)c(Cl)cc1S(=O)(=O)N1CCCC1,0
COCC(=O)N(c1ccc(C(C)C)cc1)C1C=CS(=O)(=O)C1,0
Cc1ccccc1CN(c1ccc(C(N)=O)cc1)S(C)(=O)=O,0
CC(=O)c1c(C)[nH]c(C(=O)Nc2cccnc2)c1C,0
Cc1cc(C)cc(Oc2ccc(N)cc2)c1,0
O=C(Nc1cc(C(F)(F)F)ccc1N1CCOCC1)c1cccnc1,0
O=C(Nc1nnc(C2CCCC2)s1)C1CCC1,0
c1ccc(CCn2nnnc2CN2CCc3ccccc32)cc1,0
COCCCNC=C1C(=O)CC(C)(C)CC1=O,0
CC1(C)CC(CCNC(=O)c2ccco2)CC(C)(C)N1,0
O=S(=O)(NCc1cn2ccccc2n1)c1cc(F)ccc1F,0
CCOC(=O)C1CCN(C(C(=O)Nc2ccc3c(c2)OCCO3)c2ccccc2)CC1,0
S=c1[nH]nc(Cc2ccccc2)n1Cc1ccco1,0
Cc1ccccc1N1CC(c2nc3ccccc3[nH]2)CC1=O,0
O=C(COc1cccc2ccccc12)N1CCN(c2ccccn2)CC1,0
CC(Sc1nncs1)C(=O)NCc1ccc2c(c1)OCO2,0
CCN1C(=O)c2ccc(C(=O)Nc3nccs3)cc2C1=O,0
Cc1ccc(C2/C(=C(\O)c3cnn(-c4ccccc4)c3C)C(=O)C(=O)N2CCN(C)C)o1,0
NC(=O)c1c(NC(=O)c2cccs2)sc2c1CCCCCC2,0
CCOc1ccc(C(=O)CCN2CCCCC2)cc1,0
O=C(Nc1ccc2nc(-c3ccco3)c(-c3ccco3)nc2c1)N1CCCCCC1,0
CCOC(=O)c1c(-c2ccc(C)o2)csc1NC(=O)CN1CCN(CC)CC1,0
Cc1cc(C)c2nc(N3CCN(C)CC3)c(C#N)cc2c1,0
N#CC1=C2SCN(Cc3ccco3)CN2C(=O)CC1c1ccc(Cl)cc1,0
c1ccc(-c2nc(N3CCCCCC3)c3ccccc3n2)nc1,0
COc1ccc(N2CC(C(=O)NC3CC(C)(C)NC(C)(C)C3)CC2=O)cc1,0
Cn1c(=O)c2cc(S(=O)(=O)NCCC(=O)NCCC3=CCCCC3)ccc2n(C)c1=O,0
COc1cccc(-c2nnc3sc(-c4ccco4)nn23)c1,0
CCN(C(=O)COc1cc(=O)n(C)c2ccccc12)c1cccc(Cl)c1,0
Cn1c(CO)nc2cc(N)ccc21,0
CCOC(=O)CCC(=O)Nc1ccc(S(=O)(=O)N2CCCC2)cc1,0
CCC(C)C(NC(=O)c1ccc(Cl)cc1)C(=O)O,0
CC(=O)Nc1nc(=O)c(Oc2ccccc2)c(C)[nH]1,0
O=C(OCc1c(F)cccc1Cl)c1cnccn1,0
O=C(CN1C(=O)CNC1=O)Nc1cccc(C(F)(F)F)c1,0
Cn1cccc1Cc1nnc(SCC(=O)NC2CCCCC2)n1-c1ccc(F)cc1,0
O=C(Cc1nc2ccccc2s1)c1ccc(O)cc1O,0
CCOC(=O)Nc1cccc(Nc2ccccc2)c1,0
CCN1CC=C(c2c[nH]c3ccccc23)CC1,0
COc1cccc(N2CCN(C(=O)c3cccnc3)CC2)c1,0
Cc1ccccc1CSc1nc(=O)c(C)n[nH]1,0
COc1c2c(nc3occc13)C(CCC(C)(C)O)(OC)C(O)CC2,0
O=C1CCCC2=C1C(O)(C(F)(F)F)C(=O)N2Cc1ccccc1,0
O=C(CN1CCN(S(=O)(=O)c2ccc(Cl)cc2)CC1)Nc1ccc2c(c1)OCO2,0
COc1ccc(Cl)cc1N1CC(C(=O)Nc2nccs2)CC1=O,0
CCN(CC)CC(=O)n1c2c(c3ccccc31)CCCC2,0
Cc1ccc(S(=O)(=O)n2nc(-c3ccc(Cl)cc3)nc2NCc2ccco2)cc1,0
COc1ccc(CC(=O)Nc2cccc(-c3nnc(-c4cccc(C)c4)o3)c2)cc1OC,0
O=C(NCCc1ccc(Cl)cc1)C1CCN(S(=O)(=O)N2CCCC2)CC1,0
CC(C)c1ccc2oc(-c3ccc(NC(=O)c4ncn[nH]4)cc3)nc2c1,0
Cc1ccc(-c2noc(CCC(=O)NCCN3CCOCC3)n2)cc1,0
COc1ccc(CN(C)CC(=O)c2c(N)n(Cc3ccccc3)c(=O)n(C)c2=O)c(OC)c1,0
COc1ccccc1CNS(=O)(=O)c1c(C)noc1C,0
O=C(NCCCN1CCC(Cc2ccccc2)CC1)C1CCC(=O)N1C1CCCC1,0
CCOC(=O)c1c(NC(=O)CSc2nnc(-c3cccnc3)n2Cc2ccco2)sc(C)c1C,0
Nc1ccc(C2CCCc3nonc32)c2nonc12,0
CCOc1ccc(-n2c(C)nc3cc(C(=O)NCc4ccco4)ccc32)cc1,0
COCCNC(=O)CN(C(=O)CCC(=O)Nc1cc(C)on1)c1ccccc1C,0
Nc1cc(C(=O)O)ccc1Nc1ccccc1,0
CN(c1ccccc1C(=O)NCc1ccco1)S(C)(=O)=O,0
CCc1ccc2c(COn3nnc4ccc(S(=O)(=O)N(C)C)cc43)cc(=O)oc2c1,0
CC/N=C1/SC(CC(=O)Nc2ccc(C)cc2)C(=O)N1CC,0
Cc1ccc2nc3sc(C(=O)N4CCOCC4)c(N)c3cc2c1,0
O=S(=O)(NC1=NCCC1)c1cccs1,0
CCCn1nc(CC(=O)O)c2ccccc2c1=O,0
COC(=O)C1=C(N)OC2=C(C(=O)CC(C)(C)C2)C1c1ccoc1,0
COc1cc(C)nc(NC(=O)COc2ccc(Cl)cc2C)n1,0
O=C(CCC1CCCC1)NCCCN1CCOCC1,0
CCOC(=O)CSc1nc2nc(C)cc(C)n2n1,0
CCN(CC)c1ncccc1C(=O)NCc1cccs1,0
CCOC(=O)c1c(NC(=O)CSc2nc(=O)c(C)n[nH]2)sc2c1CCC2,0
CCCOc1ccc(Cc2nc(N)nc(N)n2)cc1,0
CCC(C)Cn1c(S(=O)(=O)O)nc2ccccc21,0
COC(=O)c1[nH]c2c(c1C)C(=O)CC(c1cccs1)C2,0
COc1ccc(-c2ccc(-c3noc(C4CCCCC4)n3)c(OC)n2)cc1,0
CC(C)(C)NCC(O)COc1cccc2c1CC(O)C(O)C2,0
CCN(CC)S(=O)(=O)c1ccc2c(c1)nc(SCC(=O)NC1CC1)n2-c1ccccc1OC,0
CCC(=O)N1CCc2cc(S(=O)(=O)CCC(=O)Nc3ccc(F)c(F)c3)ccc21,0
CCOc1cccc2c1OC1(C)CC2NC(=O)N1c1ccc(OC)cc1,0
Cc1cccc(C)c1OCC(=O)Nc1cccc(NC(=O)c2ccco2)c1,0
COc1ccc(CCN2C(=O)C3=C(/C(=C4\C=CC=CC4=O)NN3)C2c2cccc(O)c2)cc1OC,0
Cc1cccc(N(CC(=O)Nc2ccc(CC#N)cc2)S(C)(=O)=O)c1,0
O=C(C1CCC(CNc2c(N3CCCCC3)c(=O)c2=O)CC1)N1CCc2ccccc2C1,0
COC(=O)CCn1nnc(-c2ccc(C(C)C)cc2)n1,0
C/C(Cl)=C\CSc1nnc2n(N)c(=O)c3ccccc3n12,0
Cc1noc(C)c1COC(=O)Cc1ccc(Cl)cc1,0
CSCCC(NC(=O)OC(C)(C)C)C(=O)NC(CC(C)C)C(N)=O,0
C=CCOC(=O)C1=C(C)OC(N)=C(C#N)C1c1ccc(F)cc1,0
CN(Cc1ccccc1)C(=O)CN(C1CCCCC1)S(C)(=O)=O,0
CCOC(=O)CCSc1nc(C)c2ccccc2n1,0
CCn1c(NCc2ccco2)nc2c1c(=O)n(C)c(=O)n2C,0
Cc1c(NC(=O)C(C)N2C(=O)c3ccccc3C2=O)c(=O)n(-c2ccccc2)n1C,0
C=CCn1c(-c2ccccc2)c[nH]c1=S,0
COc1ccc(OC)c(N/C=C2/CCCCC2=O)c1,0
O=C(NCC1CCCO1)Nc1cccc(Cl)c1,0
CC(=O)NCCOc1nc(N(C)C)nc(N(C)C)n1,0
COCCNC(=O)Cn1nc(C)c2ccccc2c1=O,0
CCOC(=O)CNC(=O)CSc1nc(NCc2ccccc2)nc(N(C)C)n1,0
Cc1nnc(Sc2nc3c(c(=O)[nH]c(=O)n3C)n2CCc2ccccc2)s1,0
CCOC(=O)c1sc(NC(=O)CSc2nnc(-c3ccc(OC)cc3)n2CCOC)nc1C,0
O=c1nc(N2CCCCC2)nc2n1CCO2,0
COc1cc(C(Nc2ccccn2)c2ccc3ccc(C)nc3c2O)cc(OC)c1O,0
Cc1ccc(S(=O)(=O)NC(=O)N2CCCC(C)(C)C2)cc1,0
CCOC(=O)CSc1nc2c(sc3ccccc32)c(=O)n1CCCN1CCOCC1,0
O=C(O)C1CC=CCC1C(=O)Nc1ccc(S(=O)(=O)N2CCCc3ccccc32)cc1,0
Cc1ccc(S(=O)(=O)CCC(=O)Nc2ccc3c(c2)OCO3)cc1,0
CCC(C(=O)N1CCOCC1)n1c(C(=O)OC)cc2occc21,0
Cc1nnc(SCc2ccc(C(=O)c3ccc(Cl)cc3)o2)n1-c1ccccc1,0
Cc1ccc(C)c(N2CCN(c3cc(C)nc4nnnn34)CC2)c1,0
Nc1nnc(-c2ccncc2)s1,0
CCC(C)NC(=O)c1ccccc1NC(=O)C(C)N(c1ccccc1)S(C)(=O)=O,0
OCc1nc(CO)n(Cc2ccccc2)n1,0
O=C(Oc1nsnc1N1CCOCC1)N(c1ccccc1)c1ccccc1,0
NC(=O)c1ccc(F)cc1,0
Cn1c(=O)c2c(nc(CN3CCCCC3)n2CCc2ccccc2)n(C)c1=O,0
CC1Cc2ccccc2N1S(=O)(=O)c1cccc2nsnc12,0
O=C(COC(=O)c1ccco1)NCc1cccs1,0
Cc1ccc(CNC(=O)c2cc3c(=O)n4ccccc4nc3n(CC3CCCO3)c2=N)cc1,0
CCCCNC(=O)Cn1c(=O)n(C)c2ccccc21,0
Cc1cccc(CN2CCN(CC(=O)NCCCN3CCCC3=O)C2=O)c1,0
Cc1nn(Cc2ccccc2)c(C)c1NC(=O)CSc1nc2sc3c(c2c(=O)n1C)CCC3,0
Cn1c(=O)n(-c2cccc(Cl)c2)c(=O)n1C,0
CC(=O)c1cccc(NC(=O)Nc2c(C)nn(C)c2C)c1,0
Cc1nc2ccc(S(=O)(=O)N(C)CC(=O)NCc3ccc4c(c3)OCO4)cc2s1,0
Cc1ccc(-n2c(-c3cccnc3)n[nH]c2=S)cc1,0
CCOC(=O)c1cnn(-c2cc(C)nc3c(-c4ccccc4)cnn23)c1N,0
Clc1cc(NCc2cccs2)ccc1N1CCOCC1,0
CCn1c(-c2ccc(N)cc2)nc2ccccc21,0
NC(=O)COc1ccc(NC(=O)OCc2ccccc2)cc1,0
CN(CCNC(=O)C1CCN(S(=O)(=O)c2cnc[nH]2)CC1)Cc1ccccc1,0
Cc1c(C#N)c(SCC(N)=O)nc2c1CCCC2,0
Cc1cc(C)n(C(=O)c2cccc(S(=O)(=O)N3CCCC3)c2)n1,0
Cc1cc(C)nc(SCc2nnc(SCC(=O)N3CCCc4ccccc43)o2)n1,0
CN(C(=O)c1ccncc1)c1nnc(-c2ccncc2)s1,0
COc1ccc(S(=O)(=O)N(CC(=O)Nc2cc(C)on2)Cc2ccccc2)cc1,0
C=CCn1c(SCC(=O)Nc2cc3oc4ccccc4c3cc2OC)nnc1-c1cnccn1,0
O=C(CCn1nc(-c2ccc(Cl)cc2)ccc1=O)NCc1ccccn1,0
O=C(CN(Cc1ccco1)C(=O)CNS(=O)(=O)c1ccc(F)cc1)NCCc1ccccc1,0
c1ccc(CCc2ccccc2-c2nc(-c3ccccn3)no2)cc1,0
CC(C)CCNc1nc2c(c(=O)n(Cc3cccc(F)c3)c(=O)n2C)n1C,0
O=C(NCCCN1CCCC1=O)c1ccc2c(=O)n(Cc3ccco3)c(=S)[nH]c2c1,0
O=C(CSc1nc2ccccc2[nH]1)c1ccc2c(c1)OCO2,0
O=C1NC2(CCCC2)N=C1c1ccc(Cl)cc1,0
Cc1ccc(/C=N/c2sc3c(c2C#N)CCCCC3)o1,0
COc1cccc(C2=NC(C)(C)NC(c3ccccc3O)C2)c1,0
CC(C)c1ccc(-c2nc3c([nH]2)c(=O)n(C)c(=O)n3C)cc1,0
Cc1ccc(-c2csc3nnc(SCc4csc(C)n4)n23)cc1,0
O=C(Nc1ccccc1)Nc1cccc2cccnc12,0
c1ccc(CCNc2c3c(nc4ncnn24)CCC3)cc1,0
C=CCc1ccc(OCC(O)CN2CCCCC2)c(OC)c1,0
N#CCSc1nnc(CNc2cccc(Cl)c2)o1,0
CCc1ccc(-c2nnn(Cc3nn[nH]n3)n2)cc1,0
COc1cc(C)nc(NS(=O)(=O)c2ccccc2)n1,0
O=C(CN(C1CCCCC1)S(=O)(=O)c1ccccc1)NCc1cccnc1,0
Cc1cccc(C)c1NC(=O)C(c1ccccc1)N1CCN(C(=O)c2ccco2)CC1,0
Cc1ccn2c(-c3csc(NCc4ccco4)n3)c(C)nc2c1,0
O=C1CC(SCCO)C(=O)N1c1ccc(Oc2ccccc2)cc1,0
CCOc1cc(C2Nc3ccccc3C(=O)N2c2ccccc2)ccc1O,0
COc1ccc(CCNC(=O)c2cc(-c3cccs3)on2)cc1OC,0
O=C(O)CC(CC(=O)Nc1nncs1)c1ccccc1,0
CCOCCn1c(N2CCN(c3ccc(OC)cc3)CC2)nc2c1c(=O)[nH]c(=O)n2C,0
O=C(Nc1ccc(S(=O)(=O)NCCc2ccccc2)cc1)c1ccco1,0
Cc1nn(C)cc1C1C2=C(CC(C)(C)CC2=O)OC2=C1C(=O)CC(C)(C)C2,0
CN1C(=O)N(C)C2C1NC(=O)N2C,0
c1cc2nncn2nc1N1CCCC1,0
COC(=O)CSc1nc2cc3c(cc2cc1C)OCCO3,0
COc1ccc(CCNC(=O)CCNS(=O)(=O)c2ccc3c(c2)CCN3C(C)=O)cc1OC,0
CC(C)(C)NC(=O)C(c1ccncc1)N(C(=O)CNC(=O)c1ccco1)c1ccc2c(c1)OCO2,0
O=C1CN(C(=O)c2cccs2)c2ccccc2N1,0
Cc1ccc(-c2nc3cc(N)ccc3o2)c(C)c1,0
CCOC(=O)c1[nH]c2ccccc2c1NC(=O)CC(C)(C)C,0
O=C(C1CCN(S(=O)(=O)c2cccc3cccnc23)CC1)N1CCCC1,0
Cc1ccc(C(=O)Nc2nc3c(s2)CCCC3)o1,0
CCCCn1c(SCC(N)=O)nnc1-c1ccco1,0
CCc1nnc(NC(=O)CCC(=O)N2CCN(C3CCCCC3)CC2)s1,0
Cc1ccccc1CS(=O)(=O)Cc1ccc(C(=O)NCc2cccnc2)o1,0
CCC(=O)Nc1nnc(-c2ccco2)o1,0
O=C(Nc1nncs1)c1ccc(N2C(=O)C3C4C=CC(C4)C3C2=O)cc1,0
O=C(Nc1cccc(-c2nc3cccnc3s2)c1)c1ccco1,0
CC(C)=CC(=O)OCC(=O)Nc1ccccc1Cl,0
Cn1nnc2cc(C(=O)NCc3ccc4c(c3)OCO4)ccc21,0
C=CCSC1=C(C#N)C(c2ccccc2OC)CC(=O)N1,0
Cc1cc(N2CCC(C)CC2)nc(-n2nc(C)cc2C)n1,0
Cc1cc(C(=O)Nc2nnc(C3CCCCC3)s2)no1,0
O=C(NCCc1ccccc1)c1c(O)n2c3c(cccc3c1=O)CC2,0
CCOC(=O)c1ccc(S(=O)(=O)N2CCN(CCC#N)CC2)cc1,0
O=C1c2ccccc2C(=O)N1CCN1CCCCC1,0
C=CCNc1sc(C(=O)C(C)(C)C)c(N)c1C#N,0
CCCc1nc2ccccc2c(=O)n1-c1c(C)n(C)n(-c2ccccc2)c1=O,0
CCOC(=O)c1ccc(Nc2nc(C)cc(C)c2C#N)cc1,0
CCCc1cc(=O)n2[nH]c(C)nc2n1,0
OCc1nc2ccccc2n1C/C=C/c1ccccc1,0
CCn1c(CC(=O)Nc2cccc(OC)c2)nnc1SCC(=O)Nc1nccs1,0
CCn1c(SCC(=O)NCc2ccc3c(c2)OCO3)nnc1-c1cccs1,0
COc1ccc(OC)c(NC(=O)CSc2nnc(Cn3c(=O)sc4ccccc43)n2C)c1,0
Cc1ccc2oc(=O)c3cnn(CC(=O)NCCCOC(C)C)c3c2c1,0
COc1ccc2c(c1)-c1ccccc1S(=O)(=O)N2C(C)=O,0
CCCCC(CC)C(=O)Nc1ccccc1C(=O)NC(C)C,0
CCCOc1ccc(N2C(=O)CC(N3CCOCC3)C2=O)cc1,0
COc1ccc(S(=O)(=O)Nc2ccc(Cl)cn2)c(C)c1C,0
CCN(CC)c1nc2ccccc2nc1C(C#N)C(=O)NCCCOC,0
Cc1csc(NC(=O)CCc2nc3ccccc3s2)n1,0
COc1ccc(OC)c(NC(=O)C2CCCN2C(=O)OCc2ccccc2)c1,0
COC(=O)C1=CNC=C(C(=O)OC)C1c1ccccc1Cl,0
O=C(N1CCCC1)N1CCN(c2ncnc3c(-c4ccc(Cl)cc4)nsc23)CC1,0
Cc1cncn1CCc1nc2c3ccccc3nc(=S)n2[nH]1,0
COc1ccc(-n2ncc3c(NCc4cccs4)ncnc32)cc1,0
CCOC(=O)c1c(-c2ccccc2)csc1NC(=O)CSc1nnnn1C,0
C=CCn1c(NCCO)nc2c1c(=O)n(C)c(=O)n2C,0
O=C1C2CCN(CC2)C1Cc1ccc2ccccc2c1O,0
Cc1nnc(SCCCn2c(N3CCN(c4ccccc4)CC3)nc3c2c(=O)[nH]c(=O)n3C)s1,0
N#CCCn1c2ccccc2c2nc3ccccc3nc21,0
CCCS(=O)(=O)N1CCCC(C(=O)N2CCC3(CC2)OCCO3)C1,0
CCS(=O)(=O)/N=C(\N)c1ccccc1,0
CCCNc1nc2c(c(=O)[nH]c(=O)n2C)n1CCc1ccccc1,0
CC(O)CNc1nc2ccccc2n1-c1ncnc2sc3c(c12)CCC3,0
N#CCCCSc1ncccc1-c1nc2ccccc2[nH]1,0
Cn1c(COc2ccccc2)nnc1SCC(=O)NCc1ccccc1,0
CCOC(=O)c1c(-c2ccccc2)[nH]c2ccc(O)cc12,0
O=c1c(-c2ccc(Cl)cc2)[n+]([O-])c2ccccc2n1O,0
CC1CCN(C(=O)CSc2nncn2-c2ccccn2)CC1,0
CCCCc1ccc(NC(=O)OC)cc1,0
Nc1nonc1C(=O)NCCc1ccccc1,0
Cc1ccc(NC(=O)c2noc3c2CCCCC3)cc1C,0
O=C(CCCc1nc(-c2ccc(Cl)cc2)no1)Nc1cccnc1,0
Cc1cccc(C)c1NC(=O)C1(N(Cc2ccco2)C(=O)c2ccccn2)CCCC1,0
CCN(CC)CCNC(=O)C(C(=O)c1ccccc1)n1ccccc1=O,0
O=S(=O)(c1ccc2ccccc2c1)N1CCN(S(=O)(=O)N2CCOCC2)CC1,0
Cc1cc(O)c(C(C)C)cc1NS(=O)(=O)c1ccccc1,0
CC(C)c1ncc(C(O)c2cccc3ccccc23)n1C,0
Nc1cc(C(=O)OCC(=O)N2CCCC2)ccc1Cl,0
CCOC(=O)c1c(C)c(C(=O)NCc2cccs2)c(C)n1C,0
CCSc1nnc(Cc2cc(=O)[nH]c(=O)[nH]2)n1-c1ccc(F)cc1,0
CCn1c2ccccc2c2nnc(SCC(=O)Nc3ncccn3)nc21,0
COc1ccccc1NC(=O)Cc1noc(CN(C)Cc2cccs2)n1,0
CCC/C(=C1/C(=O)CC(C)(C)C(C(=O)OC)C1=O)N1CCCC1,0
CC(=O)Nc1ccc2nc(-c3cccs3)[nH]c2c1,0
CCN(CC)Cc1csc(C(N)=O)c1,0
COc1cc(NS(=O)(=O)N2CCCC2)cc(OC)c1OC,0
CC1(C)Cc2c(sc3c2C(=O)N(c2ccccc2)C2=NCCCN23)CO1,0
CC1=CC(=C2N=C(c3ccccc3)OC2=O)C=C(C)O1,0
Cc1cccc(CSc2ncnc3nc[nH]c23)c1,0
COc1ccc(NC(=O)c2cccc(-n3cnnn3)c2)cc1,0
CCc1nc2oc3ccccc3c(=O)c2c(=O)n1Cc1ccc(OC)cc1,0
CCCCNC(=O)Nc1cc(C(F)(F)F)c[nH]c1=O,0
Cc1cc(C)n(-c2nc(=O)cc(C)[nH]2)n1,0
Cc1cc2ccccc2cc1CN1CCOCC1,0
COc1ccc(C2=CC(c3ccc(C)cc3)N3NN=NC3=N2)cc1,0
COCCCNc1oc(COc2ccc(Cl)cc2Cl)nc1C#N,0
O=C(CSc1nnc(-c2ccncc2)n1C1CCCCC1)Nc1cccc(O)c1,0
Cc1nc2ccccn2c1C(=O)NCc1ccc2c(c1)OCO2,0
Cn1c(=O)c2c(ncn2CC(=O)N2CCN(c3ccc(F)cc3)CC2)n(C)c1=O,0
Cc1ccc2c(CSc3nnc(C4CC4)n3N)cc(=O)oc2c1C,0
CCOc1ccccc1C(=O)NCCCn1ccnc1,0
CCOc1cccc(NC(=O)C2CCCN(S(=O)(=O)c3ccc(OC)cc3)C2)c1,0
C=C(C)CSc1n[nH]c2nc(=O)cc(N)n12,0
Cc1cccc(C)c1NC(=O)CSc1nnc(-c2ccco2)n1N,0
Cc1ccc(CN2C(=O)CCC2C(=O)NCCN(CC(C)C)CC(C)C)cc1,0
CCOc1ccc2nc(NC(=O)CSc3nc4cccnc4n3C)sc2c1,0
CC(=O)N(C(C)=O)c1c(C#N)c(C)n(-c2ccccc2)c1C(=O)c1ccccc1,0
COc1nc(OC)nc(N2CCC(C(=O)Nc3cccc4ccccc34)CC2)n1,0
O=C(CCCSc1nnc(-c2cccs2)n1CC1CCCO1)c1ccccc1,0
COc1ccc2nc3oc(C(=O)N4CCN(c5cccc(Cl)c5)CC4)cc3cc2c1,0
COc1ccccc1C(CCN(Cc1cccs1)C(C)=O)c1ccco1,0
COc1ccc(-n2nnc3c(=O)n(Cc4cc(C)ccc4C)cnc32)cc1,0
Cc1ccc(S(=O)(=O)N2CCN(C3CC(=O)N(Cc4ccccc4)C3=O)CC2)cc1C,0
CCOC(=O)CNc1ncnc2nc[nH]c12,0
Cc1nn(Cc2ccccc2)c(Cl)c1C(=O)OC1CCOC1=O,0
CCN(CC)C(=O)C1CCCN(C/C=C/c2ccccc2)C1,0
Cn1c(Cc2csc(N)n2)nnc1SC/C=C/c1ccccc1,0
Cc1noc(C)c1CSc1nc2[nH]ncc2c(=O)n1-c1ccccc1,0
Cc1ccc(Cl)cc1NC(=O)Cn1cccc1,0
CC12CN3CC(C)(CN(C1)C3c1cccs1)C2O,0
C/C=C(\C)c1nnc(NC(=O)c2ccco2)s1,0
Cn1c(=O)[nH]c(=O)c2c1nc(SCC(=O)Nc1ccccc1)n2Cc1ccccc1,0
CC(C(=O)NCC1(c2ccccc2)CCCC1)N1CCOCC1,0
Cn1c(N)c(C(=O)CSc2nc3ccccc3n2-c2ccccc2)c(=O)n(C)c1=O,0
O=S(=O)(c1cccc2nsnc12)N1CCc2ccccc2C1,0
CCC(=O)N1c2ccc(S(=O)(=O)CCC(=O)N3CCC4(CC3)OCCO4)cc2CC1C,0
CC(=O)Nc1nonc1-c1nc2ccccc2n1CCC#N,0
Cc1ccc(S(=O)(=O)N2CCC(C(=O)N3CCCC3C(=O)NCc3ccccc3)CC2)cc1,0
COc1ccc(-c2nnc(SCC(=O)Nc3ncc(C)s3)n2-c2ccccc2)cc1OC,0
CNCc1ccc(OCc2ccccc2)c(OC)c1,0
Cc1c(C(=O)COC(C)(C)C)[nH]c2ccccc12,0
O=C(CCCCn1c(=O)c2ccccc2n(CC(=O)NC2CCCC2)c1=O)NCc1ccco1,0
CCCN1CC=C2C(C#N)=C(N)C(C#N)(C#N)C(c3cc(OC)ccc3OC)C2C1,0
Cc1nnc(SCC(=O)N2CCC(c3noc4ccc(F)cc34)CC2)s1,0
O=C(NC1CCCC1)NS(=O)(=O)c1ccccc1Cl,0
CC(C)Oc1ccc(NC(=O)c2ccncc2)cc1,0
O=c1c2ccccc2c2ccccc2c(=O)n1Cc1cccnc1,0
O=C(COC(=O)CCC(=O)c1ccc(F)cc1)Nc1ccc(N2CCOCC2)cc1,0
CC(C)c1ccc(S(=O)(=O)N2CCN(CC(=O)Nc3ccc4c(c3)OCO4)CC2)cc1,0
CN1/C(=C/C(=O)c2nc(S(C)(=O)=O)ncc2Cl)C(C)(C)c2ccccc21,0
COCC(=O)Nc1cc(OC)ccc1OC,0
CCCCc1ccc(Nc2ncnc3nc[nH]c23)cc1,0
COc1cc(S(=O)(=O)N2CCN(c3ccccc3)CC2)ccc1Cl,0
Cc1c(NC2=c3ccccc3=NC2=O)c(=O)n(-c2ccccc2)n1C,0
CCO/C(O)=C1/C(=O)C(=O)N(c2ccc(S(N)(=O)=O)cc2)C1c1ccc(OC)cc1OC,0
COc1ccc(-n2c(Cc3cccs3)nnc2SCC(=O)Nc2ccc3c(c2)OCCO3)cc1,0
C=CCn1c(COc2ccccc2C)nnc1SCC(=O)O,0
CCn1nnnc1SCC(=O)c1cc(OC)ccc1OC,0
c1ccc2cc3[nH]c(CN4CCOCC4)nc3cc2c1,0
COc1ccccc1N(C(=O)c1snc(C(N)=O)c1N)C(C(=O)NC1CCCC1)c1ccco1,0
O=C(CCn1nnc2ccccc2c1=O)NC(Cc1ccccc1)C(=O)O,0
CCn1c(C(=O)N2CCCC(C(=O)O)C2)cc2sccc21,0
Cc1occc1-c1nnc(SCC(=O)NC(=O)NC(C)C)n1N,0
CCN(CC)C(=O)COn1c(SCC(=O)N(CC)CC)nc2ccccc2c1=O,0
CCOC(=O)c1csc(NC(=O)CSc2nnc(C3CC3)n2C)n1,0
CN1C(=O)CC(N2CCN(c3ncccn3)CC2)C1=O,0
COc1cc(Cl)c(C)cc1NC(=O)CSc1nnc(-c2ccccn2)n1Cc1ccco1,0
COc1ccc(N2CCN(C(c3nnnn3CCc3ccccc3)C(C)C)CC2)cc1,0
O=C(CSc1nnc(-c2cccc(S(=O)(=O)N3CCCCC3)c2)o1)c1ccc[nH]1,0
S=c1nc2ccccc2c2nc(-c3ccccc3)[nH]n12,0
CCCOc1ccc(N2C(=O)CC(N(O)c3ccccc3)C2=O)cc1,0
CC1Oc2ccccc2N(CC(=O)N2CCCc3ccccc32)C1=O,0
COc1ccc(OC)c(C2CC(=O)N3CN(c4ccc(C)c(Cl)c4)CSC3=C2C#N)c1,0
Cc1cc(=O)oc2cc(OC(C)C(=O)Nc3nccs3)ccc12,1
COc1ccc(OC)c(C2C(C(C)=O)=C(O)C(=O)N2c2ccc(F)cc2)c1,0
CCn1c(CN2CCCCCC2=O)nnc1SCc1cnc(-c2ccccc2)s1,0
Cc1ccc(-n2[nH]cc3c(=O)nc(SCC(=O)N4CCCCC4)nc2-3)cc1,0
CC(Cc1ccc(O)c(O)c1)C(C)Cc1ccc(O)c(O)c1,0
COCCn1c(SCC(=O)N2CCCCC2)nc2cccnc21,0
Cc1ccc(-n2nc(C)c3c2OC(N)=C(C#N)C3c2ccccc2F)cc1,0
C=CCNc1nc(N2CCCC2)nc2ccccc12,0
Cc1ccc2cc(C#N)c(NCCNC(=O)C3CC3)nc2c1C,0
CCOC(=O)CC1=CC(=O)Nc2ccccc2N1,0
C=C(C)CN(CC)C(=O)CSc1nc2ncc(Cl)cc2[nH]1,0
c1ccc2c(c1)CCCN2Cc1nnnn1C1CCCC1,0
C=CCc1c(C)[nH]c(SCc2nc(=O)c3ccccc3[nH]2)nc1=O,0
CCOCCCNC(=O)c1ccc(CS(=O)(=O)Cc2cccc(C)c2)o1,0
COc1ccc(S(=O)(=O)N2CCCC2C(=O)NCc2cccs2)cc1,0
Cc1nccn1CC(O)COC1CCCCC1,0
CCn1c(Cc2c(C)[nH]c3ccccc23)n[nH]c1=S,0
Cc1cccc2cc(C(c3nnnn3C3CCCC3)N3CCOCC3)c(=O)[nH]c12,0
O=c1cc(O)nc(SCc2ccccc2Cl)[nH]1,0
CCOc1ccccc1N1C(=O)CC(Sc2ncccc2C(=O)O)C1=O,0
COc1ccc(Nc2nc(Nc3ccc(OC)cc3)nc(-n3[nH]c(=O)c(C)c3C)n2)cc1,0
O=C1CC(c2ccc(S(=O)(=O)NCCOc3ccccc3)cc2)CN1,0
Cc1cc(C)n2nc(SCC#N)nc2n1,0
CN(CCO)c1ncnc2nc[nH]c12,1
Cc1occc1C(=O)Nc1ccc2c(c1)CCC2,0
O/N=C1C(=C\c2ccccc2)/N2CCC/1CC2,0
CCOc1ccc(Oc2nc(Nc3ccc(C)cc3)nc(N(C)C)n2)nn1,0
Cc1nc2ccc(NC(=O)NCc3ccco3)cc2s1,0
Nc1nc(CN2CCOCC2)cs1,0
Cc1[nH]c(=S)n(CC2CCCO2)c1C,0
CCOC(=O)c1ccc(NC(=O)CSc2nnc(COc3ccccc3)n2C)cc1,0
CC1(C)Cc2c(C#N)c(SCC(=O)c3ccccc3)nc(N3CCOCC3)c2CO1,0
Cc1sc(NC(=O)CCCC(=O)O)c(C#N)c1C,0
O=C(NCC1CCCO1)c1nn2cccnc2c1Cl,0
CCn1nc(NC(=O)c2ccncc2)c2cc3cc(C)ccc3nc21,0
O=C(CCN1C(=O)C2C3C=CC(C3)C2C1=O)Nc1nccs1,0
Cc1c(C)c2ccc(OC3CCCCC3=O)cc2oc1=O,0
Cn1nnnc1SCCNS(=O)(=O)c1ccccc1,0
COc1ccc(S(=O)(=O)Cc2ccc(C(=O)NCc3cccs3)o2)cc1,0
O=C(Cc1ccccc1)Nc1nc2ccccc2[nH]1,0
O=C1c2ccccc2-c2c1nc1c([n+]2[O-])CCCC1,0
Cc1cc(C)nc(SC2CCCCC2O)n1,0
O=C(O)CC(C(=O)NC1CCCCC1)C1CCCO1,0
O=C(NCc1cccc(F)c1)c1noc2c1CCCC2,0
Cc1cc(NC(=O)c2ccccc2)sc1C,0
Cc1cc(C)nc(NC2=NCC(=O)N2CCc2c[nH]c3ccccc23)n1,0
CCOc1ccc2c(C)nc(NC3=NC(C)(C)C=C(C)N3)nc2c1,0
CCNc1nc2nonc2nc1NCC,0
COc1cc(SC)ccc1C(=O)Nc1ccccc1C#N,0
O=C(NCc1ccccn1)NC12CC3CC(CC(C3)C1)C2,0
COc1ccccc1NC(=O)N1CCN(c2ncccn2)CC1,0
COc1ccccc1C1NC(=O)NC(C)=C1C(=O)Nc1cccc(C)c1C,0
Cn1c(=O)cc(SCC(=O)NCCN2CCN(c3ccccc3F)CC2)c2cc(Cl)ccc21,0
CCOC(=O)c1ccc(Oc2c(C)oc3c(CN4CCN(C)CC4)c(O)ccc3c2=O)cc1,0
O=C(CN1C(=O)CSc2ccccc21)NCCC1=CCCCC1,0
CN(C)C(=O)N1CCC(C(=O)NCC2CCCO2)CC1,0
Cc1ccc(Cn2ncc3c(N4CCN(c5ccccc5C)CC4)ncnc32)cc1,0
Cc1c2non([O-])c-2c(C)[n+](=O)[n+]1[O-],0
Cc1ccc(CS(=O)(=O)CCC(=O)NCc2ccc3c(c2)OCO3)cc1,0
Cn1c(=O)cc(SCC(=O)Nc2cccnc2)c2ccccc21,0
CCC12CC3CC(C1)CC(C(=O)Nc1nn[nH]n1)(C3)C2,0
COCC(=O)Nc1nnc(Cc2ccc(OC)c(OC)c2)s1,0
Cc1ccc(CN2C(=O)CCC2C(=O)N2CCN(c3ccc(F)cc3)CC2)cc1,0
O=C(Cn1nnc2ccccc21)NCc1ccccc1,0
Cc1ccc(CCN2CC(C(=O)NCc3cccnc3)CC2=O)cc1,0
COc1cccc(C2CC(=O)N3CN(c4ccccc4F)CSC3=C2C#N)c1,0
CCN(CC)CCCN1C(=O)C(O)=C(C(=O)c2sc(C)nc2C)C1c1ccco1,0
CCCCn1c(C)nc2c(=O)n(C)c(=O)[nH]c21,0
Cc1noc(/C=C/NCc2cccnc2)c1S(=O)(=O)N(C)CC(=O)N1CCc2ccccc21,0
Cc1ccc(C)n1-c1cccc(N)c1,0
CC12C(=O)N(c3ccccn3)C(=O)C1C1C=CC2C1,0
Nn1c(-c2cccs2)nc2sc3c(c2c1=O)CCCC3,0
COc1ccccc1C(=O)Nc1ccc(S(=O)(=O)N2CCCC2)cc1,0
O=C(NCc1ccco1)c1ccc2c(=O)n(CC3CCCO3)c(=S)[nH]c2c1,0
CC(C)Nc1nc(C#N)nc(NC(C)C)n1,0
CN(C)CCNC(=O)COc1cccc(Cl)c1,0
CCC(C(=O)Nc1ccccc1OC)n1c(C(=O)OC)cc2ccsc21,0
COCCCNC(=O)C(C#N)c1nc2ccccc2nc1N1CCCC1,0
COCCNC(=O)CN(C(=O)CCC(=O)Nc1nccs1)c1ccccc1OC,0
Cn1c(=O)c2c(nc(N3CCOCC3)n2C)n(C)c1=O,0
Cc1nnc(SCc2ccc(Cl)cc2)n1CC1CCCO1,0
O=C(CCN1C(=O)c2ccccc2C1=O)NCCN1CCOCC1,0
O=C(C1CCN(S(=O)(=O)c2ccccc2)CC1)N(CCc1ccccc1)Cc1ccco1,0
Cc1nc(N2CCN(S(=O)(=O)c3cccc4nonc34)CC2)c2c3c(sc2n1)CCCC3,0
O=C(CCc1nc2ccccc2[nH]1)Nc1ccc2c(c1)OCO2,0
O=C1C(=CNc2ccccc2O)C(=O)c2ccccc21,0
COCc1cc(C)nc(SCC(=O)Nc2ccccc2C)c1C#N,0
CCOC(=O)c1ccc(Oc2nc(OC)nc(N(C)C)n2)cc1,0
CCCCOC(=O)n1c(=O)oc2ccccc21,0
OCCNCCCCCOc1ccc(F)cc1,0
CCOC(=O)c1c(C(C#N)C#N)cc(C)nc1C,0
O=C(C1CCN(S(=O)(=O)c2cccs2)CC1)N1CCc2ccccc2C1,0
CCCC(=O)Nc1ccccc1NC(=O)CCC,0
CCCc1nn(CCc2ccccn2)c(N)c1CC,0
CC1CN(c2oc(COc3ccc(Cl)cc3Cl)nc2C#N)CC(C)O1,0
CCOC(=O)CSc1nc2cc(C)cc(C)c2cc1C#N,0
CCc1ccccc1NC1c2ccccc2C(=O)N1c1cccnc1,0
COc1cc(/C=N/n2cnnc2)ccc1OC(=O)N(C)C,0
COC(=O)c1cc(NC(=O)Cc2coc3cc(OC)ccc23)cc(C(=O)OC)c1,0
c1ccc(-c2cc3c(ccc4nonc43)nn2)cc1,0
C/N=C1\c2ccccc2CN1c1cccc(C(=O)OC)c1,0
CCCCC(=O)Nc1sc2c(c1C(N)=O)CCC2,0
Cc1ccc(SCCCCN2C(=O)NC(C)(C)C2=O)cc1,0
O=C(CN1C(=O)CSC1=O)NC1CCCCC1,0
CCOC(=O)C1CCCN(c2c(NCCCN(CC)c3ccccc3)c(=O)c2=O)C1,0
CN1/C(=C\C(=O)C(F)F)C(C)(C)c2ccccc21,0
Cc1c(NS(C)(=O)=O)c(=O)n(-c2ccccc2)n1C,0
CCOc1cccc2cc(-c3csc(NC(=O)CCC(=O)N4CCN(C)CC4)n3)c(=O)oc12,0
O=C(NC1CCCCC1)N(CCN1CCOCC1)Cc1cc2cc3c(cc2[nH]c1=O)OCCO3,0
N#Cc1ccccc1Cn1cc(C(=O)c2cccs2)c2ccccc21,0
CCCCC(=O)Nc1ccc(NC(=O)c2ccc3c(c2)OCO3)cc1OC,0
Cc1ccccc1-c1ccc(/C=N/c2c(C)n(C)n(-c3ccccc3)c2=O)o1,0
COCC(=O)N(Cc1nc(=O)c2ccccc2[nH]1)Cc1cccs1,0
CCC(Sc1nc(=O)c(C#N)c(-c2ccccc2)[nH]1)C(=O)Nc1cc(C)on1,0
COc1ccc(N(C)S(=O)(=O)c2c(C)[nH]c(=O)[nH]c2=O)c(OC)c1,0
CC(NC(=O)Cc1cccs1)c1ccncc1,0
CC(OC(=O)c1cccc(NS(C)(=O)=O)c1)C(=O)Nc1ccc(N2CCOCC2)cc1,0
COc1ccc(C2CNC(=O)C2)cc1OC1CCCC1,0
CCOC(=O)c1cccc(NC(=O)CSc2nnc(-c3ccoc3C)n2CCOC)c1,0
COc1nc(OCCNC(=O)Nc2ccccc2)nc(N(C)C)n1,0
O=C(NC1CCCc2ccccc21)C1CCN(S(=O)(=O)c2cnc[nH]2)CC1,0
O=C(CCc1ccccc1)Nc1nc2ccc(S(=O)(=O)N3CCOCC3)cc2s1,0
O=C(NCCSc1ccccc1)c1ccco1,0
COc1ccccc1C1NC(=O)NC(C)=C1C(=O)OC1CCCCC1,0
CN1C(=O)SC(Nc2ccc(F)cc2)C1=O,0
COC(=O)c1cc2oc(C)cc2n1CC(=O)Nc1ccc(C)c(C)c1,0
O=C1CCCc2nc(N3CCCCC3)sc21,0
O=C(c1ccc(F)cc1)C1CCN(C(=O)NCc2ccccc2)CC1,0
Cc1cc(C)n(-c2nc3ccccc3nc2Nc2ccc3[nH]c(=O)[nH]c3c2)n1,0
CC(C)COC(=O)NCC12C=CC(O1)C1C(=O)N(c3ccc(Cl)cc3)C(=O)C12,0
CN(C(=O)c1ccc(Cl)c(S(=O)(=O)N2CCOCC2)c1)c1ccccc1C(=O)O,0
CCOC(=O)c1cnc2c(C)cccc2c1NCCN1CCOCC1,0
S=c1[nH]nc(-c2ccccc2)n1CC1CCCO1,0
Cc1ccc(C2=N/C(=C/N3CCOCC3)C(=O)O2)cc1,0
CCNc1oc(-c2cccc3ccccc23)nc1C#N,0
Cc1cc(C)n(-c2ccc(C(=O)NC(C)C)cc2)n1,0
CSc1cccc(-n2c(C)cc(C(N)=O)c2C)c1,0
NC(=O)C1CCN(Cc2nc(-c3ccccc3)no2)CC1,0
c1ccc2c(c1)nc(NC1CCCCC1)c1nncn12,0
O=C(NCCOC(=O)c1ccc(C(=O)OCCNC(=O)c2ccccc2)o1)c1ccccc1,0
Cc1ccc(CNC(=O)c2coc(=O)c3ccccc23)o1,0
CCCCNC(=O)CC1Nc2ccccc2NC1=O,0
O=C(NCCC1=CCCCC1)c1cnsn1,0
CSc1ccc(C2C3(C#N)C(N)=NC4(OCCO4)C23C#N)cc1,0
CCCC(=O)Nc1ccccc1NC(C)=O,0
Cc1ccc(CNC(=O)c2sccc2-n2cccc2)cc1,0
O=C(CN1C(=O)c2ccccc2S1(=O)=O)N1CCc2ccccc21,0
Cc1ccc(-n2ncc3c(NCc4ccccc4)ncnc32)cc1,0
CCOC(=O)c1[nH]c2ccc(OC)cc2c1NC(=O)CCN1CCCC(C)C1,0
COc1ccccc1NC(=O)Cn1c(=O)oc2ccccc21,0
CCCOc1ccc(C2C(C#N)=C(N)Oc3nc[nH]c(=O)c32)cc1OC,0
CC1(C)Cc2c(sc3ncnc(N)c23)CO1,0
CCCS(=O)(=O)N1CCC(C(=O)NCc2cccnc2)CC1,0
O=C1CCCC2=C1C(c1ccccc1)C1=C(CCCC1=O)O2,0
CCc1c(C)sc(NC(=O)OC)c1C(=O)N1CCOCC1,0
CCOn1c(=O)c(-c2ccc(OC)cc2)[n+]([O-])c2ccccc21,0
Cc1cccc(NC(=O)C2CCCN2S(=O)(=O)c2ccc(F)cc2)c1C,0
CCc1nnc(NC(=O)NCN2C(=O)C3C4C=CC(C4)C3C2=O)s1,0
Cc1csc(NC(=O)CSc2nnc(-c3ccoc3C)o2)n1,0
Cc1nnc2ccc(Oc3ccc(-c4ccccc4)cc3)nn12,0
O=c1c2ccccc2nnn1CSc1ncnc2ccccc12,0
Cc1cc(Cl)ccc1NC(=O)CSc1nnc(Cc2cccs2)n1Cc1ccco1,0
COc1ccc(OCCOC(=O)Nc2ccccc2)cc1,0
Cc1nc(Nc2nc(=O)c3ccccc3n2C)nc2c(C)cccc12,0
CC(=O)NCN1CCN(CNC(C)=O)CC1,0
CC(NC(=O)C1CCC1)c1ccccc1,0
COCCn1nnnc1C(c1cc2cc(C)ccc2[nH]c1=O)N1CCCCCC1,0
CN(C)CCCOC(=O)c1ccc(Cl)cc1,0
COc1ccc(S(=O)(=O)N(C)CC(=O)N2CCN(C)CC2)cc1C,0
CCOCCCNC(=O)NC12CC3CC(CC(C3)C1)C2,0
NC(=O)c1ccccc1OCC(=O)NS(=O)(=O)c1ccccc1,0
CCOc1ccc(-c2nnc(NC(=O)CCCOc3cccc(C)c3)o2)cc1,0
COc1ccc(C(=O)N2CCN(c3cccc(Cl)c3)CC2)c(OC)c1,0
COc1ccc(-n2ncc3c(NC(C)C)ncnc32)cc1,0
Cc1cc(C)c(NC(=O)NC(=O)c2ccc(F)cc2)c(C)n1,0
CN(Cc1ccccc1)C(=O)c1ccccc1NC(=O)c1ccco1,0
COc1ccc(-c2nnc(SCc3ccccc3)n2N)cc1,0
COCc1nnc(N)s1,0
CCCCOC(=O)Nc1sc2c(c1C(=O)OC)CCC2,0
CCn1c(SCC(=O)NCC(=O)Nc2ccc(F)cc2)nnc1-c1cccs1,0
COc1cc(-n2nnnc2SCC(=O)N2CCN(c3ccc(F)cc3)CC2)c(OC)cc1Cl,0
NS(=O)(=O)c1ccc(CCNC2CC(=O)N(CCc3ccccc3)C2=O)cc1,0
CCOC(=O)c1c(C)oc2ccc(O)c(CN3CCCCC3)c12,0
CC1CCc2nc(NC(=O)c3ccco3)sc2C1,0
Cc1csc(SC(C)C(=O)Nc2ccc(S(=O)(=O)N3CCCC3)cc2)n1,0
Cc1cnc(NC(=O)CSc2nc(=O)c3ccccc3[nH]2)s1,0
CCOC(=O)c1ccccc1NC(=O)c1ccc(NS(C)(=O)=O)cc1,0
O=C(CC(NS(=O)(=O)c1ccc(Cl)cc1)c1ccco1)NCc1cccnc1,0
CCc1ccc(CCC(=O)Nc2sc3c(c2C#N)CCCC3)o1,0
CCc1nc2sc3c(c2c(=O)n1N)CCC3,0
C=CCn1c(=O)c(C#N)cc2c(=O)n3ccccc3nc21,0
Cc1cc2ccccc2n1CCNC(=O)C1CC1,0
CCOC(=O)c1ccc(NC(=O)CSc2nnc(-c3cccs3)n2CC)cc1,0
CCC(=O)Nc1cccc(NC(=O)COc2ccc(OC)cc2)c1,0
CCOC(=O)CSc1nnc(CSc2nc(N)c3c(C)c(C)sc3n2)n1-c1ccccc1,0
COc1ccc(NC(=O)C2CCN(C(=O)c3ccccc3)CC2)cc1OC,0
Cc1nc2sc(C(c3cccs3)N3CCN(c4ccccc4)CC3)c(O)n2n1,0
COCCn1c(Sc2nc(C)cs2)nc2c1c(=O)[nH]c(=O)n2C,0
O=C(NCCCn1ccnc1)c1ccc(Cl)c(S(=O)(=O)N2CCOCC2)c1,0
Cc1nn2cc(-c3ccc(N)cc3)nc2s1,0
O=C(O)c1[nH]c2ccccc2c1NS(=O)(=O)Cc1ccccc1,0
CC(=O)NC1(C(F)(F)F)C(=O)NC(C)=C1C#N,0
CCOc1cc(C2c3c(n[nH]c3C)C(=O)N2c2ccc(C)cc2)ccc1O,0
O=S(=O)(NCC1CCCO1)c1cccc2nsnc12,0
CCc1c(C)nc(N)n2c(SCC(=O)N3CCCC(C)C3)nnc12,0
CC(C)c1cc(C(=O)Nc2cccc(Cl)c2)no1,0
Cc1ccc(-n2nc3c(c2NC(=O)c2c(-c4ccccc4Cl)noc2C)CSC3)cc1,0
COc1ccc(S(=O)(=O)N2CCC(C(N)=O)CC2)c2ccccc12,0
COc1ccc(C)cc1NC(=O)c1nc2nc(C)cc(C)n2n1,0
Cc1cc2ccccc2n1CCNC(=O)C(C)C,0
Cc1cc(C)cc(-c2nc(-c3ccncc3)no2)c1,0
CCCNC(=O)N1CCN(S(=O)(=O)c2ccc(C)cc2)CC1,0
Cc1ccc(OCC(O)Cn2c(NCCc3ccccc3)nc3c2c(=O)[nH]c(=O)n3C)cc1,0
CCC(=O)N1CCc2cc(S(=O)(=O)NC(C(=O)Nc3cccc(C)n3)C(C)C)ccc21,0
O=S(=O)(NCC1CCCO1)c1ccc2ccccc2c1,0
CCn1c(=O)c2cc(S(=O)(=O)NCc3ccccc3)ccc2n(CC)c1=O,0
Cc1c(N(C)C(=O)c2ccco2)c(=O)n(-c2ccccc2)n1C,0
O=C(CSCC(=O)OCn1nnc2ccccc2c1=O)Nc1ccc(Cl)cc1,0
c1ccc(-n2ncc3c(NCCCN4CCOCC4)ncnc32)cc1,0
Cn1c(-c2c(N)n(C3CCCC3)c3nc4ccccc4nc23)nc2ccccc21,0
O=C1CC(C(=O)N(CC2CCCO2)C(C(=O)NC2CCCCC2)c2ccncc2)CS1,0
Cc1ccc(-n2sc3ccccc3c2=O)cc1S(=O)(=O)N1CCCCC1,0
COc1ccc(-c2nc(CS(=O)CC(=O)NCC3CCCO3)c(C)o2)cc1,0
COCc1cc(CN2CCCC2)c(O)c2ncccc12,0
Cc1ccc(CC2C(=O)N(C)C(=O)N(C)C2=O)s1,0
CCc1cc(C(=O)N2CCOCC2)c(NC2=NS(=O)(=O)c3ccccc32)s1,0
c1ccc(-n2cnnc2SCc2cn3ccsc3n2)cc1,0
CCNc1nc(NCc2ccccc2)nc(Oc2ccc(=O)[nH]n2)n1,0
OCC/N=C(\c1ccccc1)C12CN3CN(CN(C3)C1)C2,0
CCOC(=O)c1ccc(NC(=O)NCc2ccncc2)cc1,0
NC(=O)CSc1nnnn1CC(CC(=O)O)c1ccccc1,0
CCN(CC)CCCN1C(=O)C(O)=C(C(=O)c2ccc(C)o2)C1c1ccc(C)o1,0
O=C(CN1C(=O)NC2(CCCCC2)C1=O)Nc1ccccc1Cl,0
CCCCOc1ccc(C(=O)OC2CC(C)N(C)CC2C)cc1,0
CCN1CCCC1CNC(=O)CN1C(=O)COc2ccc(C)cc21,0
Cn1c(=O)c2[nH]cnc2n(C)c1=O,0
COc1ccc(C(=O)N(Cc2ccc(N(C)C)cc2)C2CCS(=O)(=O)C2)cc1,0
CCc1ccc(NC(=O)C2CC(=O)N(C(C)C)C2)cc1,0
O=C1c2ccccc2C(=O)N1c1n[nH]c(CCc2ccccc2)n1,0
COc1cc(C)nc(NS(=O)(=O)c2ccc(C)cc2)n1,0
CCCCC(CC)C(=O)Nc1ccccc1C#N,0
C=CCOc1ccccc1/C=c1\sc2nc(-c3oc4ccccc4c3C)nn2c1=O,0
Cc1nc(SCC(=O)NCCc2ccccc2)n[nH]1,0
C=CCNC(=O)NS(=O)(=O)c1ccc(C)cc1,0
CCCn1c(Sc2nnnn2-c2ccccc2)n[nH]c1=O,0
O=c1[nH]cnc2scc(C3COc4ccccc4O3)c12,0
CC(C)(C)n1nnnc1C(c1cccnc1)N1CCN(C(=O)c2ccco2)CC1,0
Cc1c(NC(=O)C2CCN(S(=O)(=O)c3ccccc3)CC2)c(=O)n(-c2ccccc2)n1C,0
CN1CCN(Cc2cc(COCc3ccccc3)c3cccnc3c2O)CC1,0
COCc1cc(=O)n2c([nH]c3ccccc32)c1C#N,0
Cn1c(=O)c2c(ncn2CC(=O)N2CCOCC2)n(C)c1=O,0
CN(c1ccccc1C(=O)Nc1cccnc1)S(C)(=O)=O,0
Cc1ccc(C(=O)CSc2nnc(COc3cccc(C)c3)o2)cc1,0
CCCCc1cc(=O)oc2c(CN3CCCC3)c(O)c(Cl)cc12,0
COc1ccc2[nH]cc(C(=O)CN3CCN(C(=O)c4ccco4)CC3)c2c1,0
COc1ccc(NC2=C(C)C(=O)CC2)cc1,0
CCOC(=O)c1cc2sc(C)cc2n1CC(=O)Nc1cccc(C)c1C,0
N#Cc1nc(-c2ccc(OCc3ccccc3Cl)cc2)oc1NCCCn1ccnc1,0
O=C(CCn1cnc2ccccc2c1=O)Nc1ccc(S(=O)(=O)N2CCCCC2)cc1,0
COc1ccc(/C=N/O)cc1COc1ccc(NC(C)=O)cc1,0
CCCCNC(=O)c1ccccc1NC(=O)c1ccccc1N(C)S(C)(=O)=O,0
CC(C)(C)n1nc2c(c1NC(=O)c1cccs1)CS(=O)C2,0
O=C(c1cc(-c2ccc(Cl)cc2)on1)N1CCOCC1,0
Cc1cc(NC(=O)c2ccc3c(c2)OCO3)no1,0
CCOC(=O)c1snc2c(=O)nc[nH]c12,0
[O-][n+]1c2c(nn1-c1ccccc1Cl)-c1nonc1CC2,0
N#CC(C(=O)c1ccc(S(=O)(=O)N2CCCCCC2)cc1)c1nc2ccccc2[nH]1,0
O=C(Nc1nnc(C2CCCCC2)s1)c1cccs1,0
O=C(NCCN1CCOCC1)c1cc(-c2ccc(Cl)cc2)on1,0
CC(C)C(=O)NCCc1nc2ccccc2n1C,0
O=C(Nc1ccccc1C(=O)OC1CCOC1=O)c1ccco1,0
O=C(NCCN1CCc2ccccc2C1)C1CCN(S(=O)(=O)N2CCCCC2)CC1,0
COC(=O)CN(c1ccc(C)cc1)S(=O)(=O)c1ccc2c(c1)n(C)c(=O)c(=O)n2C,0
O=C(c1ccco1)N1CCN(c2ncnc3c2[nH]c2ccccc23)CC1,0
Cn1c(=O)c2c(nc(N3CCCC3)n2CC(O)CO)n(C)c1=O,0
Cc1ccc(NC(=O)CCNS(=O)(=O)c2ccc3c(c2)oc(=O)n3C)c(C)c1,0
CC1CCc2c(nc3ncnn3c2N2CCN(c3ccccc3F)CC2)C1,0
O=C(Nc1ccc(Cl)cn1)c1cccnc1,0
Cc1c(C)c2c(C)[nH]nc2oc1=O,0
CCOC(=O)c1cc(NC(=O)CSCCO)ccc1Cl,0
CCCS(=O)(=O)N1CCC(C(=O)NC2CCC(C)CC2)CC1,0
OC1(Cc2ccn[nH]2)CCCCC1,0
COc1cccc(N2CCN(C(=O)c3[nH]c(C)c(C(C)=O)c3C)CC2)c1,0
O=C(Nc1nnc(C2CC2)o1)c1ccc(S(=O)(=O)N2CCCc3ccccc32)cc1,0
CC(C)(C)n1ncc2c(=O)n(CC(=O)N3CCN(c4ccccc4)CC3)cnc21,0
CC(=O)N(C)c1ccc(OCC(O)CN(Cc2ccco2)S(=O)(=O)c2ccc(C)cc2)cc1,0
COC(=O)c1ccc(C)c(NS(=O)(=O)c2ccc3c(c2)OCCO3)c1,0
CCn1c(O)c(C(=O)NCCc2ccccc2)c(=O)c2ccccc21,0
Cc1nc2cc(NC(=O)NCc3ccco3)ccc2o1,0
CC(C)OC(=O)c1nnn(-c2nonc2N)c1CN1CCCCCC1,0
COc1ccc(-c2noc(CCC(=O)NCCCN3CCC(Cc4ccccc4)CC3)n2)cc1,0
Cc1cc(C)n(-c2nc3c(c(=O)[nH]c(=O)n3C)n2Cc2ccc(F)cc2)n1,0
Cc1cc(N2CCCC2=O)c(N)cc1N,0
Cc1onc(-c2c(F)cccc2Cl)c1C(=O)NCCc1ccc(S(N)(=O)=O)cc1,0
COc1ccccc1Oc1c(C)oc2c(CN3CCN(CCO)CC3)c(O)ccc2c1=O,0
Cc1ccc(C)c(C(=O)n2cnnc2N)c1,0
CCC(=O)N(CCO)Cc1cc2ccc(C)c(C)c2[nH]c1=O,0
CC(C)(C)C(=O)/N=C1\SC2CS(=O)(=O)CC2N1c1ccc2c(c1)OCO2,0
CCc1c(C)c2nncn2[nH]c1=O,0
CCn1c(CSc2nnc(C)n2-c2ccccc2)nc2cc(S(=O)(=O)N(C)C)ccc21,0
CCCOc1ccccc1-c1nc2c([nH]1)c(=O)[nH]c(=O)n2C,0
Cc1nnc2n(-c3ccccc3)c(=O)c3c4c(sc3n12)CC(C)CC4,0
O=C(CSC1=NCCS1)Nc1ccnc2ccccc12,0
Cc1cc(N2CCCC2=O)cc(C)c1CN1C(=O)c2ccccc2C1=O,0
COc1cc(C)c(CN2CCN(c3ccccc3)CC2)cc1C,0
Cc1onc(-c2ccccc2Cl)c1C(=O)N(C)C1CCCCC1,0
CC(C)CCSc1nc(N)c(C#N)cc1C#N,0
CCOc1ccccc1NS(=O)(=O)c1c(C)noc1C,0
CC(C)NC(=O)Cn1nnc(-c2cccc(NC(=O)c3ccccc3F)c2)n1,0
Cc1ccc(S(=O)(=O)NC2CCCC(C(=O)O)C2)cc1,0
Cc1cccc(NC2=NC(=O)/C(=C3/C(=O)N(C)c4ccccc43)S2)c1C,0
Nc1c(NCc2ccccc2)c2ccccc2oc1=O,0
O=C(O)C1CC=CCC1C(=O)Nc1ccccc1Cl,0
CCc1cccc(NC(=O)CN2C(=O)NC3(CCCCCCC3)C2=O)c1,0
CCC(=O)Nc1ccc(-c2nnc(SCC(=O)Nc3nccs3)n2C)cc1,0
CN1CCC(N(C)c2nc(-c3ccccc3)nc3ccccc23)CC1,0
CCOC(=O)CNC(=O)CN1C(=O)CCSc2ccccc21,0
COc1ccc(CN2C(=O)C3ON=C(c4ccccc4Cl)C3C2=O)cc1,0
Cc1ccc2cc(CNC(C)(C)C)c(=O)[nH]c2c1,0
O=C(CNC(=O)c1ccccc1F)NC1CC1,0
Cc1cc(C(F)(F)F)nn1CC(=O)Nc1cccnc1,0
CC(=O)Nc1cccc(NC(=O)CSc2nnc(Cc3cccn3C)n2-c2ccc(C)cc2)c1,0
CCC1(CC)C(=O)NC(=O)N=C1Nc1cccc(OC)c1,0
O=C(CN1C(=O)NC2(CCCC2)C1=O)Nc1nc(-c2ccc(F)cc2)cs1,0
Nc1cc(-c2ccco2)no1,0
O=C1CC(=O)N(c2ccccc2)c2ccccc21,0
Cc1cc(C)n(-c2nc3c(c(=O)[nH]c(=O)n3C)n2C)n1,0
CC1CN(Cc2nc3c(c(=O)[nH]c(=O)n3C)n2CCCc2ccccc2)CC(C)O1,0
CC(C)(CNC(=O)C1CCCC1)CNC(=O)C1CCCC1,0
O=C(CN1CCOCC1)Nc1ccc(S(=O)(=O)N2CCCCCC2)cc1,0
Cn1c(O)cc(=O)nc1SCC(=O)Nc1ccccc1,0
CCOC(=O)CSc1nc(C)c(C(C)=O)cc1C#N,0
COc1ccc(NCc2n[nH]nc2-c2ccccc2)cc1Cl,0
O=C(CN1CCC(C(=O)c2ccc3c(c2)OCCO3)CC1)NC1CCCC1,0
O=C(C1CC1)N1CCN=C1SCc1ccc(F)cc1,0
Cc1[nH]c2ccc(S(N)(=O)=O)cc2c1C,0
CN(c1ccc(C(=O)NCc2ccncc2)cc1)S(C)(=O)=O,0
Cc1nnc2n1N=CC=C(c1ccccc1)S2,0
CCOC(=O)N1CCN(S(=O)(=O)c2ccc3c(c2)SCC(=O)N3)CC1,0
CCOC(=O)c1c(NC(=O)CSc2nnnn2-c2ccc3c(c2)OCO3)sc(C)c1C,0
Cc1ccccc1-c1nn2c(-c3ccccc3)nnc2s1,0
O=C(N1CCN=C1SCc1cccnc1)C12CC3CC(CC(C3)C1)C2,0
Cc1cccc(NC(=O)Cn2c(=O)n(C)c3ccccc32)c1,0
CCN(CC)c1ccc(-c2nn3c(-c4cccnc4)nnc3s2)cc1,0
CC(NC(=O)c1ccncc1)C(c1cccs1)N1CCOCC1,0
Cc1ccc(OCn2c(=O)sc3ccccc32)cc1,0
CCN(CC)S(=O)(=O)c1ccc(NC(=O)c2cccc3c2C(=O)N(CCOC)C3)cc1,0
COc1ccc(N2CCn3c2nc2c3c(=O)n(CCCc3ccccc3)c(=O)n2C)cc1,0
CCCCNC(=O)OC(C)CNC(=O)Oc1cccc(C)c1,0
COc1cc(/C=N/n2cnnc2)ccc1OC(=O)c1ccncc1,0
CCOC(=O)CSc1nnc(-c2cccc(Cl)c2)n1CC,0
O=C(NC1CSC/C1=N\O)c1ccccc1,0
CC(C)(C)c1ccc(O)c(N)c1,0
CCCCCc1nnc(NC(=O)C2CCCO2)s1,0
Cc1cccc(N(C)S(=O)(=O)c2ccc3[nH]c(=O)c(=O)[nH]c3c2)c1,0
CC(C)c1nnc(NC(=O)CN2C(=O)c3ccccc3C2=O)s1,0
COC(=O)CN1C(=O)C2(OCCCO2)c2ccccc21,0
COc1ccc(C)cc1-n1c(-c2ccncc2)n[nH]c1=S,0
Cc1nnc(SC(C)C(=O)NCC2CCCO2)n1-c1ccccc1,0
CN(c1ccccc1C(=O)N1CCOCC1)S(C)(=O)=O,0
CSc1ccccc1NC(=O)c1ccncc1,0
O=C(Nc1cccc2ncccc12)c1cc2ccccc2o1,0
CCOc1ccc2nc(NCCNC(=O)C(C)C)c(C)cc2c1,0
CCC(=O)Nc1ccc(C(=O)Nc2ccc3c(c2)OCO3)cc1,0
O=C(NC1CCN(Cc2ccccc2)CC1)C1COc2ccccc2O1,0
CCCCCCOc1ccc(N2C(=O)CC(N3CCC(C(=O)OCC)CC3)C2=O)cc1,0
CCOC(=O)c1cnn(-c2cccc(Cl)c2)c1N,0
COc1ccc(NC(=O)CN2c3cccc4cccc(c34)S2(=O)=O)cc1,0
COc1ccc(N2C(=O)CCC(C(=O)c3ccccc3)=C2C)cc1,0
CN(C)C(=O)CSc1nnc(-c2cc(-c3cccs3)nc3ccccc23)o1,0
CCOC(=O)c1c(-c2ccco2)csc1N,0
CCOC(=O)COc1ccc(Oc2nc(C)cc(OC)n2)nn1,0
COc1ccc(CNC(=O)C(C)OC(=O)c2cccn2C)cc1,0
CC1CCCCC12NC(=O)N(CC(=O)c1ccc[nH]1)C2=O,0
O=C(NCc1nc2ccccc2[nH]1)c1cccs1,0
Cc1nc(C)c(C(=O)Nc2ccc(C)c(F)c2)o1,0
Cc1ccc(S(=O)(=O)NCC(=O)N2CCC(C)CC2)cc1,0
Cn1c(C(=O)N2CCCc3ccccc32)cc2sccc21,0
N#Cc1ccc(-c2nnnn2-c2ccc3c(c2)OCO3)cc1,0
O=C(CSc1ncccc1-c1nc2ccccc2[nH]1)NCc1ccco1,0
Cn1c(SCc2nc(=O)c3ccccc3[nH]2)nnc1-c1ccco1,0
COCCNC(=O)CCc1nc(-c2ccccc2)no1,0
COC(=O)C(C)NC(=O)C(C)NC(=O)OCc1ccccc1,0
C=CCn1c(SCC(=O)NC2CCCCC2)nnc1-c1sc(N)nc1C,0
Cc1nc2sc3c(c2c2nc(-c4ccco4)nn12)CCCC3,0
O=C(CCn1c(=O)oc2ccccc21)N1CCC2(CC1)OCCO2,0
Cc1cc(N2CCN(C(=O)c3ccco3)CC2)nc(-c2ccccc2)n1,0
O=c1c2ccccc2nc(-c2cccc(Cl)c2)n1O,0
COC1=CC(=O)/C(=C2\NNC=C2c2cnc(C)s2)C=C1,0
CC1(C)Cc2c(c(N3CCOCC3)nc3snc(N)c23)CO1,0
COCCCn1c(=N)c(C(=O)NCc2ccc3c(c2)OCO3)cc2c(=O)n3ccccc3nc21,0
C=CCSc1nnc2n(CCc3ccccc3)c(=O)c3c4c(sc3n12)COC(C)(C)C4,0
CN1CCN(C(=O)c2cn(C)c3ccc(S(=O)(=O)N(C)C4CCCCC4)cc3c2=O)CC1,0
O=C(CN1CCN(S(=O)(=O)c2cc(Cl)ccc2Cl)CC1)Nc1ccc2c(c1)OCCO2,0
CCOC(=O)N1CCC(NC(=O)c2cc3c(=O)n(C)c4ccccc4c3n2C)CC1,0
O=C(Nc1ccc(F)cc1F)NC1CC(=O)N(Cc2ccccc2)C1,0
Cc1c(C(=O)N2CCCC2)sc(NC(=O)c2cccs2)c1C#N,0
O=C(Nc1ccc(S(=O)(=O)N2CCCCC2)cc1)c1ccncc1,0
COc1ncnc2c1NC(=O)CS2,0
COc1ccc(S(=O)(=O)Nc2cccc(NC(C)=O)c2)cc1,0
CSc1ncccc1C(=O)OCn1nnc2ccccc2c1=O,0
CC1CC(C(F)(F)F)N2NC=NC2=N1,0
CSc1nsc(NC(=O)Cc2ccccc2)n1,0
CCOC(=O)N1CCC(NS(=O)(=O)c2cc3c(cc2C)NC(=O)CO3)CC1,0
CCOC(=O)N1CCN(C(=O)C2CCC(Cn3c(=S)[nH]c4ccccc4c3=O)CC2)CC1,0
CCOc1ccccc1C(=O)Nc1nnc(CC)s1,0
O=c1c2ccccc2sc2nc(C3CCCCC3)n(Cc3ccco3)c(=O)c12,0
CC(C)N(Cc1nc(-c2ccccc2)no1)C(=O)Cc1ccccc1,0
OCc1nc2ccccc2n1CC(O)Cn1ccc2ccccc21,0
CNC(=O)CN(C)S(=O)(=O)c1ccc(OC)c(Cl)c1,0
CN(C(=O)C1CCCO1)c1nnc(-c2ccccn2)s1,0
Cc1ccccc1-n1c(C)nnc1SCc1nc2ccccc2s1,0
CC(C)CCn1cnc2c(cnn2-c2ccc(Cl)cc2)c1=O,0
CCCCC(=O)Nc1nnc(C)s1,0
Cc1noc(C)c1S(=O)(=O)N1CCCC(C(=O)Nc2nccs2)C1,0
O=c1[nH]c2ccc(Cl)cc2c(-c2ccccc2)c1N1CCN(c2ccccn2)CC1,0
COc1ccc(-c2cc(-c3ccc(F)cc3)nc(N3CCN(C)CC3)n2)cc1,0
C=CCSC1=C(C#N)C(c2ccccc2OCC)C(C#N)C(=O)N1,0
O=C1CC(N2CCN(Cc3ccccc3)CC2)C(=O)N1c1ccccc1,0
Cc1nnc(SC(C)C(=O)Nc2ccc3c(c2)OCCO3)s1,0
COc1cc2cc(CN(CCO)S(=O)(=O)c3ccccc3Cl)c(=O)[nH]c2cc1OC,0
O=C(O)c1cc(-c2ccc3c(c2)OCO3)nc2ccccc12,0
NC(=O)CSc1nnc(-c2ccc(S(=O)(=O)N3CCCC3)cc2)n1Cc1ccco1,0
COc1ccc(/N=C2\SC(C(=O)Nc3ccc4c(c3)OCO4)CC(=O)N2C)cc1,0
Cc1ccc(NC(=O)CN2C(=O)COc3ccc(C)cc32)nc1,0
O=C1C2CC=C(Cl)CC2C(=O)N1CCc1ccccc1,0
CCOC(=O)c1ccc(NC(=O)CSc2nccn2C)cc1,0
CC(=O)Nc1c(C(=O)NCc2ccccc2)nnn1Cc1ccccc1,0
O=C(CN1CCOc2ccccc21)N1CCCC1,0
CCn1c(Sc2nc(C)nc3scc(-c4cccs4)c23)n[nH]c1=O,0
CC(C)(C)C1=CC=C/C(=C\NO)C1=O,0
Cc1ccc(OS(=O)Nc2cccc3nccnc23)cc1,0
Cc1cc(=O)oc2cc(N)ccc12,0
Cc1cc(C)nc(N(C#N)S(=O)(=O)c2ccccc2)n1,0
CCCCCn1c(N2CCC(C(N)=O)CC2)nc2c1c(=O)[nH]c(=O)n2C,0
O=C(NCc1ccco1)C1CCN(S(=O)(=O)c2ccc(-n3cnnn3)cc2)CC1,0
CC1(C)CC(=O)C2=C(C1)NC(=O)CC2c1ccccc1F,0
CC(=O)Nc1ccc(S(=O)(=O)Nc2c(C)n(C)n(-c3ccccc3)c2=O)cc1,0
O=C(NCC1CCCO1)c1cccc(N2CCCC2=O)c1,0
CCC(C(=O)N1CCN(S(C)(=O)=O)CC1)c1ccccc1,0
Cc1csc2ncc(C(=O)N3CCc4ccccc43)c(=O)n12,0
O=S(=O)(Cc1ccc(Cl)cc1)N1CCN(Cc2ccccc2)CC1,0
CCN1C(=O)/C(=C\NCCN2CCOCC2)SC1=S,0
Cc1cccc(C(C)C)c1-n1nnnc1-c1ccccc1,0
COc1nc(-c2ccc(C)cc2)ccc1-c1noc(-c2ccco2)n1,0
O=C(O)Cn1c(SCCOc2ccccc2)nc2ccccc21,0
Cn1cccc1Cc1nnc(SCC(=O)NCC2CCCO2)n1CCc1ccccc1,0
CN(C(=O)c1cnccn1)c1nnc(-c2cccnc2)s1,0
CCC(Sc1nc(=O)cc(C)[nH]1)C(=O)Nc1sc2c(c1C#N)CCCC2,0
CNc1oc(-c2ccc(Cl)cc2)nc1C#N,0
NC(=O)c1ccc(-n2nnnc2Oc2ccccc2)cc1,0
CCC1=C/C(=C\NC2CCCCC2)C(=O)S1,0
Cc1cc(NC(=O)CSc2nc(-c3ccc(F)cc3)cs2)no1,0
CCCCNC(=O)Nc1cc(C(=O)OC)ccc1C,0
CCCCc1[nH]c(=O)c(C#N)c2c1CSC(C)(C)C2,0
O=c1nc(N2CCOCC2)[nH]c2ncn(Cc3ccccc3)c12,0
COc1ccc(Cl)cc1NC(=O)CSc1nnc(Cc2cccn2C)n1-c1ccc(F)cc1,0
COc1ccc(Cl)cc1S(=O)(=O)N1CCN=C1C,0
CN(C(=O)c1ccccn1)c1nnc(-c2cccnc2)s1,0
CCn1cc(C(=O)NC2CCCC2)c(=O)c2cc(S(=O)(=O)N3CCOCC3)ccc21,0
C=CCn1c(SCC(=O)Nc2ccccc2OC)nc(=O)c(CC)c1O,0
CCC(=O)N1CCN=C1SCc1ccccc1,0
CCCCC(=O)Nc1ccc2c(c1)nc(CCN1CCOCC1)n2C,0
CCOn1c(=O)c(=O)n(OCc2ccccc2)c2ccccc21,0
CC(=O)Nc1ccccc1OC(=O)N(C)C,0
Fc1ccc(CSc2ncnc3nc[nH]c23)cc1,0
O=C(CSCc1ccccn1)Nc1ccccc1,0
Nc1nnc(-c2ccc(F)cc2)s1,0
Cc1ccc(-c2sc(C)nc2CC(=O)O)cc1,0
COc1cccc(NC(=O)c2ccc(CN3CCOCC3)cc2)c1,0
Cc1ccc(C)n1-n1c(C)nc2scc(-c3cccs3)c2c1=O,0
COc1ccc(C)cc1N(CC(=O)NC1CCCC1)C(=O)CCC(=O)Nc1cc(C)on1,0
Cc1ccc(C)c(CSc2nnc(-c3ccccn3)n2N)c1,0
Cc1ccnc(NC(=O)c2c(O)n(C)c3ccccc3c2=O)c1,0
CCOC(=O)CSCC(=O)Nc1cc(C)ccc1C,0
CCN(CC)c1ccc2nonc2c1N,0
COc1ccc(NC(=O)CN2CCN(S(=O)(=O)c3ccc(C(C)C)cc3)CC2)cc1OC,0
CCOC(=O)CC(/C(C)=N/O)c1ccccc1,0
COc1ccc(NC2CS(=O)(=O)CC2OC(=O)c2ccc(F)cc2)cc1,0
CCn1c(SCC(=O)Nc2ccc(OCc3ccccc3)cc2)nnc1-c1ccco1,0
Nc1cc(=O)nc(SCC(=O)NCC2CCCO2)[nH]1,0
CC(=O)c1c(COC(=O)c2cccnc2)nc2ccccc2[n+]1[O-],0
O=C1c2ccccc2N(Cc2ccc(Cl)cc2)C2=NCCN12,0
COc1ccc(NC(=O)c2ccc(CN3CCN(c4ccccc4)CC3)cc2)cc1OC,0
COc1ccccc1-n1nnnc1SCC(=O)Nc1cc(C)on1,0
CN(Cc1ccccc1)S(=O)(=O)c1ccc(S(=O)(=O)N2CCN(CCC#N)CC2)cc1,0
Cc1ccc(-n2c(N)c(-c3nc4ccccc4n3C)sc2=S)cc1,0
COc1cc2c(c(OC)c1)C(c1ccncc1)CC(=O)N2,0
COc1cccc(OC)c1C(=O)Nc1ccc(CN2CCOCC2)cc1,0
CCCCn1c(N)c(C(=O)NCCN2CCOCC2)c2nc3ccccc3nc21,0
C#CCNc1cc(C)nc2ncnn12,0
Cn1nnc(NC(=O)C(c2ccccc2)c2ccccc2)n1,0
COCCCNC(=O)c1ccc(CS(=O)(=O)Cc2cccc(C)c2)o1,0
CC(=O)CCc1oc2ccc(NC(C)=O)cc2c1-c1ccc(C)o1,0
CCOC(=O)c1ccc(NC(=O)C2CCCO2)cc1,0
CC(C)C(c1nnnn1C1CCCC1)N1CCCc2ccccc21,0
COCCNC(=O)CSCc1c(F)cccc1Cl,0
O=C1COc2ccc(C(=O)COC(=O)Cn3cnc4ccccc43)cc2N1,0
CC/N=C1\SC(C(=O)Nc2cccc(C(=O)O)c2)CC(=O)N1CC,0
CCOC(=O)c1c(-c2ccc(OC)cc2)nc2nonc2c1N,0
CC(=O)CCc1c(C)[nH]c2ccccc2c1=O,0
CC1(C)Cc2[nH]c(=S)c(C#N)cc2CO1,0
Cc1ccc(-n2ncc3c(=O)n(-c4ccc(C)c(C)c4)c(C)nc32)cc1,0
CCOc1ccc2nc(SCC(=O)Nc3ncccn3)[nH]c2c1,0
Cc1ccc(N(C(=O)Nc2ccccc2)C2=NCC(C)S2)cc1,0
COc1cccc(-n2nnnc2SCC(=O)Nc2cccc(NC(C)=O)c2)c1,0
CCOC(=O)CSc1nnc(Cc2ccccc2)n1Cc1ccco1,0
Cc1ccc(CN2CCNC(=O)C2CC(=O)O)cc1,0
O=C(Cc1coc(-c2ccc(F)cc2)n1)Nc1ccccc1,0
Cc1c(NC(=O)CSc2ccccn2)c(=O)n(-c2ccccc2)n1C,0
N#Cc1ccccc1NC(=O)COC(=O)c1ccc(S(=O)(=O)N2CCCC2)cc1,0
Cn1cccc1C(=O)Nc1nccs1,0
Cc1cc(Cl)ccc1OC(C)C(=O)Nc1ccccc1N1CCOCC1,0
Cc1cc(C)n(C(=O)CN2C(=O)COc3ccccc32)n1,0
Cc1ccc(-n2ncc3c(NCc4ccc5c(c4)OCO5)ncnc32)c(C)c1,0
CC1CCCCN1CCNC(=O)c1cc2c(-c3ccccc3F)nn(C)c2s1,0
Cc1ccc(NC2=NCC(=O)N2c2ccc3c(c2)OCCO3)c(C)c1,0
CCn1cc(C(C)NC(=O)COc2ccc(Cl)cc2C)c(C)n1,0
COC(=O)/C=c1\sc2n(c1=O)C(C)=CC(C)(C)N=2,0
CC(=O)c1ccc(NC(=O)CSc2nc3nc(C)cc(C)n3n2)cc1,0
CCOc1ccc2nc(N3CCC(C(=O)Nc4nnc(CC)s4)CC3)sc2c1,0
COc1ccc(NC(=O)CCc2ccccc2)cc1NC(=O)c1ccco1,0
Cc1nc2ccccc2c2c1C(=O)N(CCC1=CCCCC1)C2=O,0
COc1cccc2cc(-c3cn4cccc(C)c4n3)c(=O)oc12,0
C=CCn1c(C)cc(C(=O)COC(=O)COc2ccccc2C#N)c1C,0
CCCn1c(SCC(N)=O)nnc1C(C)C,0
Cc1ccc(CN(CC(=O)NCCc2ccccc2)C(=O)CCCC(=O)Nc2cc(C)on2)cc1,0
c1ccc(Cn2nnc3c(N4CCc5ccccc5C4)ncnc32)cc1,0
COc1cc(C2C(C#N)=C(C)NC3=C2C(=O)CC(C)(C)C3)ccc1O,0
CNC(=O)c1c(C)nc(SCC(=O)NCc2ccc(OC)cc2)c(C#N)c1-c1ccco1,0
COCCn1nnnc1CN1CCC(NC(=O)Nc2cccc(OC)c2)CC1,0
Cc1cccc(-n2nnc(C(=O)N3CCc4ccccc4C3)c2N)c1,0
CCOC(=O)c1sc(C)nc1C1CCN(C(=O)OCC)CC1,0
Cc1csc2nc(CNC(=O)c3ccco3)cn12,0
COc1cc2[nH]c(NC(=O)c3ccc(Cl)cc3)nc(=O)c2cc1OC,0
Cc1ccc(S(=O)(=O)/N=C(/Nc2nc(C)cc(C)n2)N2CCOCC2)cc1,0
Cc1ccccc1OCC1CN(CN2CCOCC2)C(=O)O1,0
Cc1ccc(-c2noc(C3CCN(S(C)(=O)=O)CC3)n2)o1,0
COc1cccc(CNc2ccc(N3CCCCC3)cc2)c1OC,0
CCCn1c2ccccc2c2nnc(SCC(=O)Nc3ncccn3)nc21,0
O=S(=O)(Nc1ccc2c(c1)nc1n2CCOC1)c1ccccc1,0
CCN1CC=C2C(C#N)=C(N)C(C#N)(C#N)C(CCc3ccccc3)C2C1,0
O=C(OCn1nnc2ccccc2c1=O)c1cccs1,0
O=C(Nc1ccc(NC(=O)C2CC2)nc1)c1cccs1,0
CN(C(=O)CN1C(=O)c2ccccc2S1(=O)=O)c1ccccc1C(=O)O,0
C=CCn1c(SCC(=O)NCc2ccco2)nc2sc3c(c2c1=O)CCCCC3,0
COc1ccc(C(=O)N(Cc2nc(-c3ccc(C)cc3)no2)C2CCCCC2)cc1OC,0
Cc1nnc(SCc2cn3ccsc3n2)n(N)c1=O,0
COc1ccc(N2CCN(c3ccc(NC(=O)C4CCCCC4)cc3C#N)CC2)cc1,0
Cc1ccc2c(c1)CN1CN2Cc2cc(C)ccc21,0
CCCc1cc(C(=O)Nc2sc3c(c2C(=O)OCC)CCCC3)no1,0
COCCOC(=O)c1c(C)n(C)c2ccc(OC(=O)C3CC3)cc12,0
CCn1c(=O)cc(SCC(=O)N2CCN(c3ccccc3OC)CC2)c2ccccc21,0
COc1cccc(CNC(=O)CCn2c(=O)oc3ccccc32)c1,0
CCCCN1C(=O)NC(=O)/C(=C(\C)NC(C)c2ccccc2)C1=O,0
CCOC(=O)N1CCN(C(=O)c2ccccc2CCc2ccccc2)CC1,0
COc1cccc(CNCc2ccccn2)c1OC,0
COc1ccccc1NC(=O)Cn1cnc2c(cnn2-c2ccccc2)c1=O,0
COC(=O)c1ccc(CSc2nc3n(-c4ccc(Cl)cc4)[nH]cc-3c(=O)n2)o1,0
CCC(=O)Nc1ccc(S(=O)(=O)Nc2cccc(C)c2)cc1OC,0
Cc1cc(C)c2c(N)c(C(=O)NCc3ccco3)sc2n1,0
O=C(CN1CC=C(c2ccccc2)CC1)NC(=O)NCc1ccco1,0
COc1cc(C)nc(SCC(N)=O)n1,0
COc1ccc(Cl)cc1N1C(=O)C2CCCN2C1c1sccc1C,0
CCCc1ccc(OC2=CNN/C2=C2\C=CC(=O)C=C2O)cc1,0
COc1ccc(C2(O)CCN(C(=O)NC3CCCCC3)CC2)cc1,0
COc1ccccc1C(=O)N1CCC(C(=O)c2ccc(F)cc2)CC1,0
COc1ccccc1N(CN1CCCC1=O)C(=O)c1c(F)cccc1F,0
CCc1cc2cc(C(=O)N3CCN(Cc4ccccc4)CC3)sc2s1,0
CCOc1ccc(N2CC(C(=O)NC(C)C)CC2=O)cc1,0
c1ccc2nc3c(nc2c1)c1ccccc1n3CCN1CCOCC1,0
CCn1c(SCC(=O)N2CCOCC2)nc2sc3c(c2c1=O)CCCC3,0
CC1Oc2ccccc2N(Cc2ccccc2F)C1=O,0
CC1CCN(C(=O)CN(C2CCCCC2)S(C)(=O)=O)CC1,0
CC(O)CNc1nc2c(c(=O)n(C)c(=O)n2C)n1C/C=C/c1ccccc1,0
C=CCSC1=C(C#N)C2(CCCCC2)C(C#N)C(=O)N1,0
N#CCCn1cc(/C=N/O)c(-c2ccc(-c3ccccc3)cc2)n1,0
O=C(CCC1CCCC1)c1c(O)oc2ccccc2c1=O,0
COC(=O)Cc1cnc(NC(=O)C2C3CCC(C3)C2C(=O)O)s1,0
N#Cc1nc(-c2ccco2)oc1NCCCN1CCOCC1,0
COc1cccc(CNc2nn[nH]n2)c1OC,0
CCOc1ccc(CN2CCN(C(=O)c3ccccc3)CC2)cc1,0
Nc1ccc2c(c1)C(=O)N(CC1CCCO1)C2=O,0
O=C(NCc1cccnc1)c1ccc(=O)oc1,0
CC(=O)c1cccc(NC(=O)c2cc(C(C)C)on2)c1,0
CCOc1ccccc1NC(=O)CSc1nnc2c(CC)c(C)nc(N)n12,0
O=C(NCc1ccccn1)C1CCN(S(=O)(=O)N2CCCCC2)CC1,0
Cc1nc2ccccn2c1-c1nnco1,0
CCOc1ccccc1N1CC(C(=O)Nc2ccccc2N2CCOCC2)CC1=O,0
Cc1ccc(N2C(=O)C(Cl)=C(NCCO)C2=O)c(C)c1,0
CCC(=O)Nc1cc(C(C)C)c(O)cc1C,0
CSc1nc2sc3c(c2c2nnnn12)CCCC3,0
Cc1cccc(NC(=O)C(NS(=O)(=O)c2ccc3c(c2)CCC(=O)N3)c2ccccc2)n1,0
Cc1ccc2[nH]c3c(c2c1)CCCC3C(N)=O,0
CCOC(=O)c1csc(NC(=O)CSc2nnnn2-c2ccc(OC)cc2)n1,0
Cn1c(/N=C/c2cccs2)nc2ccccc21,0
O=C(O)c1cccc(NS(=O)(=O)c2cccc3cccnc23)c1,0
COc1ccc(N2CCN(C(=O)CNC3=NS(=O)(=O)C(c4ccc(C)cc4)=C3C)CC2)cc1,0
O=C(c1ccco1)N1CCN(c2ncnc3c2cnn3-c2ccccc2)CC1,0
COCCn1c(SCC(=O)Nc2nnc(C)s2)nnc1-c1ccncc1,0
O=C(CCc1nc(=O)c2ccccc2[nH]1)N1CCN(C/C=C/c2ccccc2)CC1,0
O=c1c2[nH]c3ccc(F)cc3c2ncn1CCCn1ccnc1,0
CCOc1ccccc1NC(=O)CSc1nc2c(c(=O)n1C)SC(C)C2,0
CC1(CCC#N)N=C(SCCC#N)N(c2ccccc2)C1=O,0
COc1ccc(OC)c(NC(=O)CSc2nnc(-c3ccco3)n2-c2ccccc2)c1,0
COc1ccc(C2SCC(=O)Nc3c2c(=O)[nH]n3C2CCCCCC2)cc1,0
CCc1nc(NCCN2CCOCC2)c(C#N)c2c1CCCC2,0
CCn1c(SCC(=O)c2c(N)n(C)c(=O)n(C)c2=O)nc2sc(C)c(C)c2c1=O,0
CCOc1ccc(C2C=C(c3ccccc3)N=C3N=CNN32)cc1,0
CCOC(=O)N1CCN(c2ncnc3c2[nH]c2ccc(OC)cc23)CC1,0
CCN(CCO)Cc1cc(=O)oc2c(C)c(C)ccc12,0
Cc1cccc(NC(=O)COc2nsnc2N2CCOCC2)c1,0
Cc1sc2ncnc(OCC(=O)c3ccc(S(=O)(=O)N4CCCC4)cc3)c2c1C,0
COC(=O)c1nnn(-c2nonc2N)c1CSc1nc2ccccc2s1,0
Cc1ccc(C)n1-c1ccc(-n2cnnn2)cc1,0
O=C(Cn1nnc(-c2ccncc2)n1)N1CCc2ccccc21,0
COc1ccc(NC(=O)CC(=O)Nc2ccc(OC)cc2OC)c(OC)c1,0
COc1nc(OC/C(N)=N/O)nc(N2CCOCC2)n1,0
CCOC(=O)N1CCC(NC(=O)CCC(=O)N2CC(C)Oc3ccccc32)CC1,0
O=C(CC1SC(=O)N(c2ccccc2)C1=O)Nc1ccccc1,0
CCOC(=O)c1sc(NC(=O)CSc2nc3c(cc2C#N)CCCCCC3)c(C#N)c1C,0
CCN1CCN(CCCNC(=O)c2cn(CCOC)c(=O)c3c2c2ccccc2n3C)CC1,0
Cc1nc2cc(O)ccc2n1C,0
CCOc1ccc(S(=O)(=O)n2nnc3ccccc32)cc1C(C)C,0
CC(C)c1nnc(NC(=O)C2CCN(c3nc4ccccc4s3)CC2)s1,0
Cc1nc(SCc2nc3ccccc3[nH]2)c2oc3ccccc3c2n1,0
COc1cccc(C(=O)NCC(=O)n2nc(C)cc2C)c1,0
CC12CC(NC(=O)N1CCc1ccccc1)c1cc(Cl)ccc1O2,0
CCn1c(=O)c2ccccc2n2c(SCC(=O)N3CCCc4ccccc43)nnc12,0
N#Cc1ccc(COC(=O)CSc2nnc(C3CCCCC3)n2N)cc1,0
CCOC(=O)c1oc2nc(C(C)C)c3c(c2c1N)CCC3,0
Cn1nnc(NC(=O)CSc2ccc(Cl)cc2)n1,0
C=CCn1c(=O)/c(=C\c2ccc(Cl)cc2)s/c1=C(/C#N)c1nnc2n1CCCCC2,0
CCOc1ccc(CCNC(=O)C2CCN(c3nnc(-n4cccc4)s3)CC2)cc1OCC,0
CCOc1cc(-c2nc(-c3ccc(C)nc3OC)no2)cc(OCC)c1OCC,0
Cc1cc(C)n2nc(SCC3COc4ccccc4O3)nc2n1,0
CC(NS(=O)(=O)c1ccccc1)C(N)=O,0
Cc1cc(C)c(NC(=O)CSc2nnc(-c3ccco3)n2N)c(C)c1,0
CC(C)C(=O)N(Cc1cc2ccccc2[nH]c1=O)C(C)C,0
CC(=O)N1CCc2cc3nc(C)cc(C)c3cc21,0
Cc1cc(C(=O)N2CCN(C(c3ccccc3)c3ccccc3)CC2)on1,0
CCc1nnc(NC(=O)c2cccs2)s1,0
O=C(NCc1ccccn1)C1COc2ccccc2O1,0
N#CNC1=NCN(CCc2ccccc2)CN1,0
C=CCn1c(N)c(-c2nc3ccccc3n2C)sc1=S,0
Cc1cc(=O)nc(SCC(=O)NCCOc2ccccc2)[nH]1,0
CCN(Cc1ccccc1)C(=O)CCCOc1ccccc1,0
COc1ccc(-c2nc3ccccc3c(=O)n2CCCn2ccnc2)cc1,0
COCCNC(=O)CN(c1cccc(OC)c1)S(=O)(=O)c1ccc(C)cc1,0
CCc1c(C)nc2c(C#N)c[nH]n2c1=O,0
CC(=O)N1CCCc2cc(S(=O)(=O)NC(C(=O)NC(C)c3ccccc3)C(C)C)ccc21,0
COC(=O)C1=C(N)Oc2cc(C)n(C)c(=O)c2C1c1ccc(Cl)cc1,0
Cc1nn(CC(=O)NCc2cccnc2)c(=O)c2ccccc12,0
COc1ccc(CNC(=O)COC(=O)c2n[nH]c3ccccc23)cc1,0
COc1ccccc1NC(=O)N1CCc2[nH]c3ccc(F)cc3c2C1,0
COc1cc(C2c3c(oc4ccccc4c3=O)C(=O)N2Cc2ccncc2)ccc1O,0
CN(Cc1cc2ccccc2[nH]c1=O)S(C)(=O)=O,0
O=C1CCCc2nc(N3CCN(c4ccccc4)CC3)ncc21,0
O=C(CC12CC3CC(CC(C3)C1)C2)NCCN1CCOCC1,0
Cc1cccc(OCCC(=O)Nc2ccc(S(=O)(=O)N3CCCC3)cc2)c1,0
N#CC1=C(N)C2=C(N3CCCCC3)CCCC2C1(C#N)C#N,0
O=C(NCc1ccccn1)C1CCCN(S(=O)(=O)c2cccc3nsnc23)C1,0
O=C1C=CC=C/C1=C1/C=C(C(=O)N2CCc3ccccc3C2)NO1,0
CCn1cc(S(=O)(=O)CC(=O)Nc2ccc(OC)cc2)c2ccccc21,0
CCOc1ccccc1NC(=O)NC1(C(=O)N2CCOCC2)CCCCC1,0
CCn1nnnc1SCC(=O)Nc1nc(-c2cccs2)cs1,0
COCCCNC(=O)C1CCN(c2nc(C)cc(C)n2)CC1,0
CCn1c(O)cc(=O)c2ccccc21,0
COc1ccc(-c2nc3nc(C)c(Cc4ccccc4)c(=O)n3[nH]2)cc1,0
CC(C)(C)c1csc(NC2=NS(=O)(=O)c3ccccc32)n1,0
CCCCC1CCC(/C(N)=N/O)CC1,0
CCOc1ccc(NC(=O)CCN2CCN(c3ccccc3OC)CC2)cc1,0
CCOC(=O)c1c(C)c(C(=O)NCCCN2CCCC2=O)c(C)n1CC,0
CCOC(=O)C1=C(C)NC2=C(C(=O)CCC2)C1c1ccsc1,0
CC1CCN(C(=O)Nc2cccc(NC(=O)N3CCC(C)CC3)c2)CC1,0
NC(=O)Cn1c(S(=O)(=O)Cc2ccccc2)nc2ccccc21,0
Cc1oc(-c2ccc(Cl)cc2)nc1CS(=O)CC(=O)N1CCC2(CC1)OCCO2,0
CCOc1ccc(-c2nc(-c3ccncc3)no2)cc1OCC,0
CC1CCN(C(=O)CSc2nnc(CSc3ncccn3)n2C)CC1,0
Cc1cc2cc(CNC(=O)Nc3ccccc3)ccc2n1C,0
O=C(N1CCOCC1)N(Cc1ccccc1)c1ccccn1,0
NC(=O)C1C(c2ccccc2)=C1c1ccccc1,0
CC(C)N(Cc1ccccc1)S(=O)(=O)N(C)C,0
Cn1c(-c2ccccc2)cnc1SCC(N)=O,0
N#C/C(=C/c1ccc(N2CCCCCC2)o1)c1ccc(F)cc1,0
CCSc1nnc(NC(=O)CSc2nnc(Cc3cccn3C)n2-c2ccc(C)cc2)s1,0
O=c1cc(CSc2nnc(-c3ccccc3)o2)c2ccccc2[nH]1,0
O=C(NCc1cccs1)c1nc2n(Cc3ccccc3Cl)[nH]nc-2c(=O)n1,0
CCc1nccn1S(=O)(=O)c1ccc(C)c(C)c1,0
CC(C)CCNC(=O)C1CCN(c2nc3ccccc3o2)CC1,0
CCN(Cc1cc2ccc(C)cc2[nH]c1=O)C(=O)c1cccnc1,0
CC(=O)c1cccc(NC(=O)CCNS(=O)(=O)c2cccc(C(C)=O)c2)c1,0
Cc1cc2c(=O)n(Cc3ccco3)c(SCC(=O)N3CCCc4ccccc43)nc2s1,0
CCOC(=O)N1CCN(C(=O)c2ccc(CNS(=O)(=O)c3ccc(C)cc3)cc2)CC1,0
O=C(NCc1ccc2c(c1)OCO2)c1cccc(F)c1,0
CCC1(c2ccccc2)C(=O)NCNC1=O,0
O=C(c1ccncc1)N1CCN(C(=O)c2cccc3ccccc23)CC1,0
Cc1cc(C(=O)Nc2cccc(O)c2)c(C)o1,0
CCN(CC)c1ncnc2c1cnn2C,0
CCC(C)(C)n1nnnc1CN(Cc1cc2cc(OC)ccc2[nH]c1=O)C1CCCC1,0
N#CC(C(=O)COC(=O)CCc1ccc(S(=O)(=O)N2CCOCC2)cc1)=C1Nc2ccccc2N1,0
COCC(=O)Nc1ccc(S(=O)(=O)NCCc2ccccc2)cc1,0
COc1ccc(C)cc1NC(=O)C1CC(=O)N(Cc2ccco2)C1,0
CCn1c(-c2ccsc2)nc2c1c(=O)[nH]c(=O)n2Cc1ccccc1,0
CCOc1cccc2cc(C(=O)N3CCc4ccccc4C3)c(=O)oc12,0
CCc1ccc(CCC(=O)Nc2nnc(C)s2)o1,0
COc1ccc2c(c1)c(CC(=O)O)c(C)n2C(=O)c1ccc(Cl)cc1,0
Cc1cc2nc(-c3cccnc3SCC(=O)NCc3ccco3)[nH]c2cc1C,0
COc1ccc(N2CSC3=C(C#N)C(c4cc(OC)ccc4OC)CC(=O)N3C2)c(OC)c1,0
CC(C)(C)c1cc(NC(=O)C2CCCO2)no1,0
O=C(NCc1cccnc1)C1CC(=O)N(c2ccc(Cl)cc2)C1,0
CCS(=O)(=O)Nc1ccc(C(=O)CC2(O)C(=O)Nc3ccccc32)cc1,0
O=C(O)CC(C(=O)NCc1ccccc1)C1CCCO1,0
O=C(CN(c1ccc(F)cc1)S(=O)(=O)c1ccc2c(c1)OCCO2)NCc1ccccn1,0
CCCn1c(NCc2ccc(C)o2)nc2ccccc21,0
Cc1ccc(OCc2nnc(NC(=O)Cc3cccs3)s2)cc1,0
COc1cccc(-c2csc(N3CCN(S(=O)(=O)c4ccc(F)cc4)CC3)n2)c1,0
Cc1cc(C)nc(N2CCCC(C(=O)Nc3nc4ccc(S(C)(=O)=O)cc4s3)C2)n1,0
Cn1c(=O)[nH]c(=O)c2c1nc(Sc1nc3ccccc3s1)n2Cc1ccccc1,0
Cc1ccc(-n2ncc3c(=O)n(CC(=O)N4CCCCCC4)cnc32)cc1,0
CCCC(=O)Nc1cc(=O)nc2nc[nH]n12,0
Cc1cc(=O)nc(SCc2nc3ccccc3s2)[nH]1,0
CN1C(=O)C2ON(c3ccccc3)C(c3cccs3)C2C1=O,0
CCCOc1cc(C)c(S(=O)(=O)N2CCN(C)CC2)cc1C,0
COCC(C)NC(=O)NC(=O)c1ccc(Cl)cc1,0
CCn1nc(NC(=O)c2ccncc2)c2cc3ccccc3nc21,0
COc1ccc(OCC(=O)Nc2cccc3ncccc23)cc1,0
CC(C)CCn1nc(C(=O)OC(C)C(=O)NC(N)=O)c2ccccc2c1=O,0
N#Cc1nc(COc2ccccc2F)oc1NCCc1ccccc1,0
Cc1nc(SCC(=O)c2c[nH]c3ccccc23)n[nH]1,0
Cc1ccc(N2C(=O)C3ON(c4ccccc4)C(c4ccncc4)C3C2=O)c(C)c1,0
COc1ccc(C(=O)c2oc3nc(C)cc(C)c3c2N)cc1,0
Cc1nnc(NCCc2ccccc2)n(N)c1=O,0
CN1CCC2(CC1)NC(=O)NC2=O,0
CCOC(=O)/C=c1\s/c(=C(/C#N)C(=O)OCC)n(-c2ccccc2)c1=O,0
O=C1N(CN2CCC3(CC2)OCCO3)c2ccccc2C12OCCCO2,0
CCOC(=O)N1CCN(C(=O)CSc2nc3n(-c4ccc(C)cc4)[nH]cc-3c(=O)n2)CC1,0
Cc1cc(C)n(CC(=O)N2c3ccccc3Sc3ccccc32)n1,0
CCCCCn1c(Sc2ncccn2)nc2c1c(=O)[nH]c(=O)n2C,0
COc1ccc(OCC(=O)Nc2ccc(NC(=O)c3ccco3)cc2)cc1,0
C=CCN1C(=O)C(O)(CC(=O)c2ccccc2)c2ccccc21,0
CNC(=O)CSc1nnnn1CCCOC,0
CCOc1ccc(S(=O)(=O)n2nc(C)cc2C)c2ccccc12,0
COc1ccc(-n2ncc3c(N4CCc5ccccc54)ncnc32)cc1,0
c1cnn(-c2cc(N3CCOCC3)ncn2)c1,0
Cc1cccc(NC(=O)c2ccc3ccccc3n2)n1,0
CCOCCCN(C(=O)Nc1ccc(CC)cc1)C1CCN(C(C)=O)CC1,0
Cn1c(C(=O)N2CCN(C(=O)c3ccco3)CC2)cc2c(=O)n3ccccc3nc21,0
COC(=O)/C=c1\sc2nc3ccccc3n2c1=O,0
O=C(NCc1ccc(N2CCCC2=O)cc1)c1cn(Cc2ccccc2)nn1,0
COc1ccc(CCNC(=O)CSc2nnc(CNc3ccc(Cl)cc3)o2)cc1OC,0
CSc1ccccc1NC(=O)c1ccccc1N(C)S(C)(=O)=O,0
COC(=O)c1ccc(NC(=O)CN2CCN(S(=O)(=O)c3cc(Cl)ccc3OC)CC2)cc1,0
COCCCNC(=O)CN(Cc1ccc(Cl)cc1)S(C)(=O)=O,0
Cc1nc(NC(=O)C2CC2)sc1C(=O)N1CCCCC1,0
CC(=O)c1cccc(NC(=O)CCOc2ccccc2)c1,0
CC(=O)Nc1cccc(-c2nc3ccc(NC(C)=O)cc3[nH]2)c1,0
O=C(NCc1ccc(Cl)cc1)c1cc(-c2ccco2)on1,0
CCCCOc1ccc(N2C(=O)CC(N(O)c3ccccc3)C2=O)cc1,0
Cc1c(C(=O)N2CCc3ccccc32)oc2c1C(=O)CC(C)(C)C2,0
O=C(Cc1cccs1)OCC(=O)c1ccco1,0
CCC1CCCCN1C(=O)CSc1nnc(-c2cccs2)o1,0
Cc1ccnc2nc(C(=O)NC3=NCCS3)nn12,0
Cc1cc(C(=O)CSc2nnc(Nc3ccccc3)s2)c(C)n1CC1CCCO1,0
COc1[nH]c(/N=C/c2ccccc2)c(C#N)c1C#N,0
Clc1ccccc1CSc1nnc(-c2ccco2)c(-c2ccco2)n1,0
CCOC(=O)c1ccc(/N=c2\sc(C(=O)OC)cc(=O)n2C2CC2)cc1,0
CCCCc1ccc(NC(=O)C2CCN(S(C)(=O)=O)CC2)cc1,0
COc1cc(Cl)ccc1S(=O)(=O)n1nc(C)cc1C,0
Cc1csc(NC(=O)c2ccccc2O)n1,0
CCOc1ccc(NC(=O)CSc2nnc(-c3ccccc3Cl)n2Cc2ccco2)cc1,0
CC1=C/C(=C2/C=C(c3ccccc3C)NN2)C(=O)C=C1,0
CCOC(=O)C1CCCN(Cc2cccc(Cl)c2)C1,0
OCCSc1nnc(Nc2ccccc2)s1,0
CCS(=O)(=O)N1CCCC(C(=O)NCc2cccc(OC)c2)C1,0
COC(=O)CSc1nc2sc3c(c2c(=O)n1C1CCCCC1)CCN(C)C3,0
COC(=O)C(CC(C)C)NC(=O)CSc1nc(=O)c(C#N)c(-c2ccccc2)[nH]1,0
O=C(CCn1c(=O)oc2ccccc21)Nc1cccc(Cl)c1,0
CCC1CCCCN1C(=O)Cn1c(C(=O)OC)cc2ccsc21,0
O=C(c1ccco1)N1CCN(S(=O)(=O)Cc2ccc(Cl)cc2)CC1,0
O=C(Nc1ccc2c(c1)CCC2)c1cnccn1,0
CC1CCN(S(=O)(=O)c2cn(CC(=O)N3CCN(C)CC3)c(=O)c3ccccc23)CC1,0
CC(=O)Nc1ccc(C(=O)CSc2ncn(-c3ccccc3)n2)cc1,0
CC(C)NS(=O)(=O)c1ccc(OCC(=O)N2CCN(C)CC2)cc1,0
CCCSc1oc(-c2ccco2)nc1S(=O)(=O)c1ccccc1,0
Cn1c(=O)c2c(n(Cc3ccccc3)c1=O)NC(=O)C2CC(=O)N1CCc2ccccc2C1,0
C/N=C(/Nc1cc(C)nn1CCC#N)c1ccccc1,0
O=C(c1c(F)cccc1F)N1CCN(c2ccccc2F)CC1,0
CC(=O)c1ccc(N2CCCC2)c(F)c1,0
Cn1c(=O)n(C)c2cc(S(=O)(=O)NCc3ccccc3)ccc21,0
N#Cc1c(-c2ccccc2Cl)cc(C2CC2)nc1N,0
CN(Cc1nc(-c2cccnc2)no1)S(=O)(=O)c1ccccc1,0
O=C(Cn1c(=O)n(-c2ccccc2)c(=O)n1CC(=O)N1CCCCC1)N1CCCCC1,0
Cc1onc(-c2ccccc2Cl)c1C(=O)Nc1ccc(S(=O)(=O)N2CCCC2)cc1,0
Nc1ccc(C(=O)O)c(O)c1,0
COc1ccccc1Cn1c(=O)c2ccccc2n2c(SCC(=O)N3CCCCC3)nnc12,0
O=C(Nc1nc2ccc(S(=O)(=O)N3CCCCC3)cc2s1)c1ccncc1,0
Cc1nc2oc(C(=O)c3ccccc3)c(N)c2c2c1COC(C)(C)C2,0
COc1ccc(NC(=O)Cn2nnc(C(=O)NCc3cccc(OC)c3)c2N)cc1,0
Cc1cccc(NC(=O)CSCc2c(C)noc2C)c1C,0
CCOc1ccc(C(=O)Nc2c(C(N)=O)oc3ccccc23)cc1,0
CC(=O)Nc1ccccc1NS(=O)(=O)c1ccc(C)cc1,0
Cc1ccc(-c2csc3ncnc(Sc4nnc(CN5CCCCCC5=O)o4)c23)cc1,0
CC1(C)CC(=O)C=C(Nc2ccccc2F)C1,0
O=C(c1cccs1)N1CCN(C(=O)N2CCOCC2)CC1,0
CCN(CCCNC(=O)Cn1cc2c(n1)CCCC2)c1cccc(C)c1,0
CCCCNc1nc2ccccc2nc1NS(=O)(=O)c1cccs1,0
COc1ccc(S(=O)(=O)NC(CC(=O)NCc2ccco2)C(C)C)cc1,0
COc1ccc(NC2CC(=O)N(c3ccccc3)C2=O)cc1,0
COc1ccc(OC)c(S(=O)(=O)N2c3cc(F)ccc3CCC2C)c1,0
O=C(c1ccc2c(c1)OCCO2)C1CCN(S(=O)(=O)c2ccccc2F)CC1,0
Cc1cc(NC(=O)CSc2nc3ccccc3c(=O)n2C2CCCC2)no1,0
CN(C)C(=O)CSc1nnc(CCCCCNC(=O)OC(C)(C)C)o1,0
CCC(C)C(NC(=O)c1ccccc1NC(=O)c1ccc(OC)cc1)C(=O)NCc1ccco1,0
Cn1c(=O)c2c(SCC(=O)N3CCCc4ccccc43)nc(CC(C)(C)C)nc2n(C)c1=O,0
CCN(Cc1ccncc1)S(=O)(=O)c1ccc(C(C)=O)cc1,0
COC(=O)c1ccsc1NC(=O)CSc1nnnn1Cc1ccccc1,0
CCN1C(=O)C2C(c3ccc(O)c(OC)c3)NC(C)(C(=O)OC)C2C1=O,0
OC12Oc3ccccc3C=C1N1CCC2CC1,0
COc1cccc(C(=O)CSc2nnnn2C)c1,0
CC1=C(C(=O)OC2CCCCCCC2)C(c2ccc(O)cc2)NC(=O)N1,0
COCc1nnc(NC(=O)c2cccs2)s1,0
CSc1nnc(NC(=O)C2CCCCC2)s1,0
CCOC(=O)C1=C(N)n2c(s/c(=C\c3cccnc3)c2=O)=C(C#N)C1c1cccnc1,0
COc1cc(OC)c(NC(=O)c2ccco2)cc1Cl,0
CCCn1c(O)c(C(=O)NCc2ccncc2)c(=O)c2ccccc21,0
O=C1c2ccccc2C(=O)N1OCc1ccccc1,0
CCn1c(Cc2ccccc2)nnc1SCC(=O)Nc1nnc(-c2ccccc2)s1,0
O=C(C1CCC(=O)N1C1CCCCC1)N1CCC2(CC1)OCCO2,0
Cc1ccc2[nH]c(=O)c(CN(Cc3ccco3)C(=O)c3ccncc3)cc2c1,0
Cc1ccc2c(Cl)cc(Cl)c(OCC(=O)NC(=O)NCc3ccco3)c2n1,0
O=C(O)C1CCCCC1C(=O)Nc1ccc2c(c1)OCCO2,0
O=C(c1ccco1)N1CCN(C(=O)c2cccc3c2C(=O)N(C2CCCCC2)C3)CC1,0
CCN1CCN(c2cc3c(cc2F)c(=O)c(C(=O)O)cn3C2CC2)CC1,0
C=CCn1c(SC2CCOC2=O)nc2scc(C3CC3)c2c1=O,0
COCCCNc1nc2c(c(=O)[nH]c(=O)n2C)n1CC(O)COc1ccccc1C,0
CN(C)S(=O)(=O)c1cccc(C(=O)N2CCN(Cc3ccccc3)CC2)c1,0
CCCCOc1cccc(NC(=O)CSc2nccn2C)c1,0
O=C(CSc1ncnc2nc[nH]c12)N1CCN(c2ccccc2)CC1,0
CCOC(=O)N1CCC(c2nc(C)sc2C(=O)O)CC1,0
COc1cc(NC(=O)c2cnn3c(C)cc(C)nc23)c(OC)cc1Cl,0
CC(C)NC(=O)CN(C(=O)CCC(=O)Nc1ccccn1)c1ccc(F)c(Cl)c1,0
O=c1c2ccccc2nnn1CSc1nnc2ccccn12,0
CCN1C(=O)/C(=C2/Sc3ccc(OC)cc3N2C)S/C1=N\c1cccc(O)c1,0
CCCCCc1nc2sc3c(c2c(=O)n1N)CCC3,0
Cc1cc(C)cc(NS(=O)(=O)c2ccc3[nH]c(=O)[nH]c3c2)c1,0
O=C1Nc2ccccc2C12OCC(COc1ccc(Cl)cc1)O2,0
CCCSc1nc(=O)c(CC(=O)OCC)c(C)[nH]1,0
O=Nc1c2nc3ccccc3n(O)c-2c2ccccc12,0
CSc1nc2ccccc2n1CC(=O)N1CCCCC1,0
CCOC(=O)c1[nH]c(=O)[nH]c1CSc1ccccn1,0
CN(C)S(=O)(=O)N1CCN(c2cccc(Cl)c2)CC1,0
COC(=O)c1[nH]c(C)c(/C(O)=C2\C(=O)C(=O)N(CCN(C)C)C2c2ccc(OC)cc2)c1C,0
CCOC(=O)c1c(C)[nH]c(C(=O)COC(=O)c2ccc(N3CCCC3=O)cc2)c1C,0
COC(=O)c1cccc(NC(=O)CSc2nnc(COc3ccccc3)n2C)c1,0
C(=C/c1ccccc1)\CSc1nnc(-c2cccnc2)n1Cc1ccco1,0
CCOC(=O)c1cnc2nc(NCc3ccc(OC)c(OC)c3)[nH]n2c1=O,0
O=C(Nc1ccccc1N1CCCCC1)c1ccc2nccnc2c1,0
O=S(=O)(Nc1nc2ccccc2nc1NCc1ccco1)c1ccccc1,0
CS(=O)(=O)NCc1nnc(SCC(=O)NC2CCCCC2)n1-c1ccc(F)cc1,0
COC(=O)COc1cccc(NC(=O)c2cccs2)c1,0
CS(=O)(=O)NCc1ccc(C(=O)NCc2ccccc2)cc1,0
O=C(c1ccc2c3c(cccc13)CC2)N1CCN(c2ncccn2)CC1,0
CCC(CO)NC=C1C(=O)CC(C)(C)CC1=O,0
COc1ccc(OC)c(S(=O)(=O)Nc2ccc(OCC(=O)O)cc2)c1,0
Cc1ccc(S(=O)(=O)Nc2ccc(-c3nnc(SCC#N)n3C)cc2)cc1,0
Cc1cc(Oc2ccc(-c3ccccc3)cc2)n2ncnc2n1,0
CC(=O)N1CCN(C2c3cccc4cccc(c34)C2NS(=O)(=O)c2ccccc2)CC1,0
Cc1nn(-c2ccccc2)c2c1/C(=N/O)CC(C)(C)C2,0
COc1cccc(CNc2ccc(S(N)(=O)=O)cc2)c1OC,0
Cc1cc(C)nc(SCC(=O)c2cc3ccccc3oc2=O)n1,0
C=CCOc1ccc(C2N3CC4(CC)CN2CC(CC)(C3)C4=O)cc1,0
O=C(NCc1cccnc1)NC1CCCN1S(=O)(=O)c1ccc(Cl)cc1,0
Cc1cc(C)nc(Sc2c(C)nn(-c3ccccc3)c2C)n1,0
CCOC(=O)c1cnn(-c2nc(SC)nc3sc4c(c23)CCC4)c1N,0
CCCCn1c(N2CCC(Cc3ccccc3)CC2)nc2c1c(=O)[nH]c(=O)n2C,0
Cn1c(=O)c2c(nc(N3CCC(C(N)=O)CC3)n2CCSc2nc3ccccc3s2)n(C)c1=O,0
C=CCOC(=O)Nc1c(C(=O)OC)[nH]c2ccc(Cl)cc12,0
COc1cc(OC)cc(C(=O)NCC(=O)N2CCC(C)CC2)c1,0
CCc1nc2ccccc2c(=O)n1NC(=O)c1c(O)[nH]c2ccccc2c1=O,0
CCOC(=O)c1[nH]c2ccc(OC)cc2c1NC(C)=O,0
CCOC(=O)CSc1nnc(Cc2cc(=O)[nH]c(=O)[nH]2)n1-c1cccc(OC)c1,0
Cc1occc1C(=O)NCc1cccc(CNC(=O)c2ccoc2C)c1,0
COCCNC(=O)C(c1ccc(C)o1)N(Cc1ccccc1)C(=O)Cn1nnc2ccccc21,0
CCCn1cnc2cc(NCc3ccccn3)ccc21,0
O=C1c2cccc3c(N4CCCCC4)ccc(c23)C(=O)N1c1ccccn1,0
CCOC(=O)C(Cc1c[nH]c2ccccc12)NC(=O)c1ccco1,0
Fc1ccccc1COc1cccc(/C=N/n2cnnc2)c1,0
N#Cc1c2n(c(=S)n(-c3ccccn3)c1=O)CCCCC2,0
Cc1cc(C)c(C#N)c(N2CCCC(C(N)=O)C2)n1,0
O=C(Nc1ncnc2sc3c(c12)CCCCC3)c1ccco1,0
CCCOc1ccc2oc(=O)c3c(c2c1)CCCN3C(=O)CN1CCN(c2ncccn2)CC1,0
O=C(CCSc1nc2ccccc2o1)N1CCOCC1,0
CNC(=O)c1nnc(Cc2ccc(F)cc2)o1,0
O=C1C(Cl)=C(NCC2CCCO2)C(=O)N1C1CCCCC1,0
Cc1ccc(-c2ccc(/C=N/c3ncn[nH]3)o2)cc1Cl,0
COc1ccc(CNC(=O)Cn2nc(C(F)(F)F)c3c2CCC3)cc1,0
COc1ccc2[nH]c(C)c(C(=O)CN3CCN(C(=O)c4ccco4)CC3)c2c1,0
Cc1cc(NC(=O)Cn2cnc3c2c(=O)n(C)c(=O)n3C)n(-c2ccccc2)n1,0
Cn1c(=O)c(-c2ccccc2N)nc2ccccc21,0
CCCS(=O)(=O)N1CCC(C(=O)NCCN2CCCC2)CC1,0
COc1ccc(-c2noc(CSc3nc4ccccc4c(=O)n3-c3ccccc3)n2)cc1OC,0
CN1CCN(Cc2nc3c(c(=O)[nH]c(=O)n3C)n2CCc2ccccc2)CC1,0
Cc1ccc(-n2c(CSc3nc(C)cc(C)n3)nnc2SCC(=O)NCc2ccco2)cc1,0
CCn1c(-c2ccc(OC)c(OC)c2)n[nH]c1=S,0
O=C(Nc1ccccc1Cl)N1CCN(c2ccccn2)CC1,0
O=C1NC(=O)C2(Cc3ccccc3N3CCCC32)C(=O)N1Cc1ccccc1,0
COc1ccc(-c2cc3nc4n(c(=O)c3s2)CCOC4)cc1,0
CC(=O)c1ccc(NC(=O)Nc2ncn(Cc3cccc(C)c3)n2)cc1,0
COc1ccc(N(C)C(=O)Nc2ccc3c(c2)nnn3C)cc1,0
CC1CCN(C(=O)C2CC(c3ccc(F)cc3)=NO2)CC1,0
CCOc1ccccc1OCC(=O)Nc1nnc(C)s1,0
CS(=O)(=O)Nc1ccc(C(=O)NC2CCCC2)cc1,0
CC(Sc1ncc(C#N)c(N)n1)C(=O)Nc1ccccc1,0
COc1ccc(OC)c(NC(=O)C2C3C=CC(C3)C2C(=O)NCc2ccccn2)c1,0
Cc1nn(C)c(C)c1S(=O)(=O)N1CCCC(C(=O)N2CCN(c3ccc(Cl)cc3)CC2)C1,0
O=C(NCc1cccs1)C1CCCN1C(=O)Nc1ccccc1,0
CCCCOc1ccc(OCCNS(=O)(=O)N(C)C)cc1,0
COc1ccc(-n2c(C)cc(C(=O)CSc3nn4c(=O)c(C(C)(C)C)nnc4s3)c2C)cc1,0
CCCc1nc(SCC(=O)Nc2cc(C)on2)c2c(=O)n(C)c(=O)n(C)c2n1,0
COC(=O)Nc1nnc(Cc2ccccc2)s1,0
S=c1[nH]nc(-c2ccncc2)n1CC1CCCO1,0
O=C(NCC(c1cccnc1)N1CCOCC1)c1cccc(Cl)c1,0
c1ccc(C(Cc2nc(-c3cccnc3)no2)c2ccccc2)cc1,0
Cc1ccc(NC(=O)CN(C)S(=O)(=O)c2cnc[nH]2)cc1C,0
Cc1cccc(C(OC(=O)c2ccco2)C(=O)NCc2ccccc2)n1,0
Cc1csc(=O)n1CCC(=O)O,0
O=C(Nc1ccc2c(c1)OCO2)C1CCCN(S(=O)(=O)c2cccs2)C1,0
O=C(NCCOC(=O)c1ccc(Cl)c(S(=O)(=O)N2CCCCC2)c1)c1ccncc1,0
COc1cccc(C(=O)c2cc3ccc(O)cc3oc2=O)c1,0
O=C(C1CCCCC1)N1CCN(c2ccccc2F)CC1,0
Cc1cc2cc(CN(Cc3ccco3)C(=O)C3CCCCC3)c(=O)[nH]c2cc1C,0
O=C(O)C1=CC2=NC(c3ccccc3)CC(C(F)(F)F)N2N1,0
COc1ccc(C2CC(=O)c3cnc(N4CCN(Cc5ccccc5)CC4)nc3C2)cc1,0
Cc1ccc(CC(CC(=O)O)C(=O)NC2CCCCC2)cc1,0
COc1cc(SC)ccc1C(=O)Nc1ccc2c(c1)OCCO2,0
Cc1cc(-c2ccccc2)c(C#N)c(SCC(N)=O)n1,0
CCc1ccc(C2C3=C(CC(C)(C)CC3=O)Nc3c2c(=O)nc2nc(C)[nH]n32)cc1,0
CCCCN(CC)S(=O)(=O)c1ccc(C(=O)Nc2nnc(-c3ccccc3Cl)o2)cc1,0
COc1ccc(NC(=O)CCC2CCCC2)cc1OC,0
CCN(CC(=O)N1CCOCC1)S(=O)(=O)c1ccc(C)cc1,0
COc1ccc(C(=O)N2CCN(C(C)=O)CC2)cc1S(=O)(=O)NCc1ccc(Cl)cc1,0
O=C(NC1=NCCS1)c1cccc(NC(=O)c2ccco2)c1,0
CCOC(=O)C1=C(C)NC(=O)NC1c1ccc(N(C)C)cc1,0
CCC(C)C(NC(=O)NCc1ccc(Cl)cc1)C(=O)OC,0
CC(=O)NCCn1ccc2ccccc21,0
CNC(=O)c1cc2c(=O)n3cccc(C)c3nc2n(C(C)C)c1=N,0
COc1ccc(CNC(=O)Nc2ccc(C)cc2)cc1,0
OCCN(Cc1ccccc1)CC1CCCCC1,0
CC(c1ccco1)N(C(=O)c1cccs1)c1ccccn1,0
COc1ccccc1CN1CC(C(=O)NCC2CCCO2)CC1=O,0
CC(C)(C)OC(=O)NCCc1nnc(SCC(=O)Nc2cccc(Cl)c2)o1,0
CC1=NS(=O)(=O)c2cc(Cl)ccc2N1,0
Cc1cc(/C=N/n2cnnc2)c(C)n1-c1cccc(C(=O)O)c1,0
COc1ccc(N2CCN(CC(=O)Nc3nc4c(s3)CC(C)CC4)CC2)cc1,0
O=C(CSc1ncn[nH]1)NCCCc1ccccc1,0
CSc1cccc(NC(=O)C2CCCN(S(=O)(=O)c3cnc[nH]3)C2)c1,0
COC(=O)c1cc(-c2ccccc2)n[nH]1,0
CCC(=O)Nc1ccc(C(=O)n2nc(C)cc2C)cc1,0
CCc1cc(C(=O)NCCN(C)C)cs1,0
Cn1c(=O)c2c(=O)cc(O)[nH]c2n(-c2ccccc2)c1=O,0
Cc1noc(C)c1C(=O)OCC(=O)NCCC1=CCCCC1,0
Nc1nnc(CCc2ccccc2)s1,0
O=C(O)CSc1nnc(-c2cccnc2)n1Cc1ccccc1,0
COC(=O)c1ccc(-c2cc(C(=O)O)c3cc4c(cc3n2)OCCO4)cc1,0
c1ccc(N2CCN(c3ncnc4c3oc3ccccc34)CC2)cc1,0
COc1ccc(N2CSC3=C(C#N)C(c4cc(OC)c(OC)cc4OC)CC(=O)N3C2)c(OC)c1,0
CCOc1ccccc1CNC(=O)C1CCN(c2nc3ccccc3o2)CC1,0
CCS(=O)(=O)N1CCC(C(=O)NCc2cccc(OC)c2)CC1,0
O=S(=O)(c1ccc(F)c2ccccc12)N1CCCCC1,0
CS(=O)(=O)N1CCN(c2ccccc2NC(=O)c2ccc(Cl)cc2)CC1,0
O=C(CSc1ccc2nnc(-c3ccccn3)n2n1)NCC1CCCO1,0
COC(=O)Nc1ccc(S(=O)(=O)N(C)C)cc1,0
CCCCOc1cccc(C(=O)N(Cc2ccco2)C2CCS(=O)(=O)C2)c1,0
O=C(NC12CC3CC(CC(C3)C1)C2)c1cnccn1,0
CCC1CCc2c(sc3ncnc(N4CCOCC4)c23)C1,0
CCOC(=O)COc1c(OC)cc(Cl)cc1C1NC(=O)NC(C)=C1C(C)=O,0
COc1ccc(-n2c(Cn3c(=O)sc4ccccc43)nnc2SCC(=O)N2CCOCC2)cc1,0
Nc1ccc(-c2nnc(-c3ccc(-c4ccccc4)cc3)o2)cc1,0
COc1ccc(CCNS(=O)(=O)c2cccc(F)c2)cc1OC,0
CCCOC(=O)CCNc1n[nH]c(=O)[nH]c1=O,0
COc1cc(C(C)=O)ccc1OCC(=O)c1cc(C)n(C2CC2)c1C,0
c1ccc(-c2cc3c(N4CCOCC4)ncnc3s2)cc1,0
CCCCC(=O)N(c1ccc(OC)cc1)C1C=CS(=O)(=O)C1,0
COc1ccc(NC(=O)CSc2nc(-c3ccncc3)nn2CC(=O)N2CCCC2)cc1,0
O=C(CSc1n[nH]c(-c2ccco2)n1)Nc1sc2c(c1C(=O)Nc1ccccc1)CCCC2,0
COc1ccccc1N(CC(=O)Nc1ccccc1C(=O)NCC(C)C)S(C)(=O)=O,0
CCOC(=O)N1CCC(N2Cc3cccc(C(=O)N4CCN(C5CCCCC5)CC4)c3C2=O)CC1,0
Cn1c(=O)c2[nH]c(-c3cccnc3)nc2n(C)c1=O,0
NC(=O)/C(=N\O)c1ccccc1,0
O=C(NCCN1CCOCC1)c1ccc(Cl)cc1,0
Nc1nnc(N2CCc3ccccc32)s1,0
O=C(CSc1ncnc2c1oc1ccccc12)Nc1cccc(Cl)c1,0
O=S(=O)(NCC1CCCO1)c1ccc2c(c1)OCCO2,0
COc1cccc(NC(=O)CSc2nnc(CNC(=O)c3ccccc3)n2C)c1,0
OC(CNCc1ccco1)COc1ccccc1,0
Cc1nc(C)c(-c2csc(NCc3ccccc3)n2)s1,0
CN(C)c1ccc(C(=O)OCC(=O)Nc2ccc(S(N)(=O)=O)cc2)cc1,0
O=C(NCc1ccc2c(c1)OCO2)C1CC(=O)N(c2ccc(O)cc2)C1,0
CC(=O)Nc1ccc(S(=O)(=O)NCCc2ccccc2)cc1,0
Cc1ccc2nc3c(cc(C(=O)NCc4cccnc4)c(=N)n3C(C)C)c(=O)n2c1,0
COc1ccccc1-c1ccc(NC2CCCCC2)nn1,0
O=C(C1CCN(S(=O)(=O)Cc2ccccc2)CC1)N1CCN(c2ncccn2)CC1,0
CCN(CC)S(=O)(=O)c1ccc2nc(CSc3nnnn3-c3ccc(O)cc3)[nH]c2c1,0
Cc1nn(C)c(C)c1NC(=O)c1ccc(S(=O)(=O)N(C)C)cc1,0
CC(C)(C#N)Nn1cnnc1,0
CCC(C)(C)n1c(=O)[nH]c2c(c1=O)CCC2,0
COc1ccccc1NC(=O)CSc1nnc(CC(=O)Nc2ccccc2)n1C,0
CCOC(=O)N1CCN(C(=O)CSc2nnc(C3COc4ccccc4O3)o2)CC1,0
CCOc1ccccc1N(CC(=O)NC(C)(C)C)C(=O)c1ccc(CN2CCOCC2)o1,0
COc1ccccc1-c1noc(-c2ccncc2)n1,0
COc1cccc(NC(=O)c2cn(C)c(=O)c3cc(OC)c(OC)cc23)c1,0
CCCc1[nH]nc2c1C(c1ccc(OC)c(CSC3=NCCS3)c1)C(C#N)=C(N)O2,0
CCCc1nnc(NC(=O)C2CCCO2)s1,0
COc1cc(NC(=O)CCCN2C(=O)CCC2=O)c(OC)cc1Cl,0
C1CCC(n2nnnc2CN2CCN(C3CCCC3)CC2)CC1,0
O=C(CSc1nccn1-c1ccc(Cl)cc1)Nc1ccc2c(c1)OCO2,0
CCOC(=O)CC(=O)CSc1nc(N)c(C#N)c(-c2ccc(Cl)cc2)c1C#N,0
CCOC(=O)c1ccc(S(=O)(=O)Nc2cc(C(C)(C)C)no2)cc1,0
COc1nc(N)nc(N2CCOCC2)n1,0
CCC(C)NC(=O)CS(=O)Cc1nc(-c2cccc(OC)c2)oc1C,0
CC(C)(C)C(=O)CNS(=O)(=O)c1ccc(S(=O)(=O)NC2CCCC2)cc1,0
Nc1ccc(C(=O)OCc2nc3ccccc3[nH]2)cc1,0
CCSc1nc(=O)c(CC)c(O)n1C(C)CC,0
O=C(Nc1ccccc1-c1nnn(CC(=O)N2CCN(c3ccccc3)CC2)n1)c1cccs1,0
COc1ccc(Cl)cc1S(=O)(=O)N1CCCC(C(=O)NCC(N)=O)C1,0
Cc1ccc(NC2=NC3(CCCCC3)N=C(N)N2)c(C)c1,0
Cc1c(NC(=O)CSc2nnc3sc4ccccc4n23)c(=O)n(-c2ccccc2)n1C,0
CCOc1ccc(C(=O)N2CCN(c3ccccc3)CC2)cc1OCC,0
CCOC(=O)c1ccc2c(c1)nc(SCC(=O)c1ccco1)n2CC,0
Cc1cccc(NC2=NC(=O)CS2)c1,0
CS(=O)(=O)N1CCC(C(=O)N2CCc3ccccc3C2)CC1,0
Cc1cc(Cl)c(S(=O)(=O)Nc2ccccn2)cc1OCC(N)=O,0
O=C(CCn1cnc2ccccc2c1=O)Nc1cccc(Cl)c1,0
O=C(CCc1ccccc1)Nc1ccc(NC(=O)c2ccco2)cc1,0
Cc1ccc2c(c1)C(c1ccc(F)cc1)N(C(=O)C1CC1)CC(=O)N2,0
CCNc1nc(NC(C)C)nc(NS(=O)(=O)c2ccc(Cl)cc2)n1,0
COC(=O)c1c(NC(=O)c2ccco2)sc(C(=O)N2CCCC2)c1C,0
Cn1c(=O)[nH]c(=O)c2c1nc(N1CCCCCC1)n2CC(=O)c1ccccc1,0
COc1cccc(CNC(=O)C2CCCN(S(=O)(=O)c3c(C)n[nH]c3C)C2)c1,0
CCOC1(C(F)(F)F)NC(=O)N(Cc2ccc(OC)cc2)C1=O,0
O=C(Nc1ccon1)c1cccc(Cl)c1,0
O=C(NC1CCCCCC1)C1CCN(C(=O)Cc2ccccc2)CC1,0
COc1cccc(CNC(=O)c2ccc3nc[nH]c3c2)c1,0
Cn1ccnc1SCC(=O)Nc1ccc2c(c1)COC2=O,0
COC(=O)c1ccccc1NC(=O)c1ccc(-c2ccccc2F)o1,0
CCCn1c(=O)[nH]c(=O)c2[nH]cnc21,0
CCOC(=O)c1cnn(-c2sc(C(=O)OCC)c(C)c2C(=O)OCC)c1N,0
CCSC1=C(C#N)C2(CCCCC2)C(C#N)=C(N)N1,0
Cc1n[nH]c(SCc2ccc(Cl)cc2Cl)nc1=O,0
CC1(C)CNC(=O)c2sc(N3CCCCC3)nc2C1,0
CCN(CC)C(=O)C1=C(C)NC(=O)NC1c1ccccc1F,0
COc1ccccc1Nc1nc2ccccc2[nH]1,0
CC(C)(C)n1ncc2c(=O)n(CC(=O)NCc3ccccc3)cnc21,0
Cc1c(NC(=O)C2CCCNC2=O)c(=O)n(-c2ccccc2)n1C,0
O=C(NCc1ccccn1)C1CCC(=O)N1C1CCCC1,0
COc1cc(NC(=O)c2cc3ccccc3o2)c(OC)cc1Cl,0
CC1Cc2nc(SCC(=O)NC3CCCCC3)n(C)c(=O)c2S1,0
Cc1cc(NC(=O)CSc2nnc3c(C)cc4cc(C)c(C)cc4n23)no1,0
Cn1c(=O)c2c(nc(NC3CCCCC3)n2Cc2ccccc2)n(C)c1=O,0
O=C(Nc1nnc(SCC(=O)N2CCCCC2)s1)C1CCCCC1,0
CCN(CC)c1nc(N2CCOCC2)c(C#N)c2c1CN(C)CC2,0
O=C(Nc1ncc2c(n1)CC(c1ccccc1)CC2=O)c1ccco1,0
Cc1nnc(SCC(=O)c2ccc(S(=O)(=O)N3CCOCC3)cc2)n1-c1ccccc1,0
CCN(C#N)c1nc(N(C)C)nc(N(C)C)n1,0
Cn1c(O)cc(=O)nc1SCC(=O)NC(C)(C)C,0
Cn1cnnc1SCc1ccc(C#N)cc1Cl,0
O=C(c1ccccc1-c1ccccc1)N1CCN(c2ccccn2)CC1,0
Cc1nc(C)n(CC(O)COc2ccc3ccccc3c2)n1,0
COC(=O)Nc1cc(C(F)(F)F)ccc1N1CCN(c2ccccc2)CC1,0
CCN(C(=O)CSc1nncs1)c1c(N)n(Cc2ccccc2)c(=O)[nH]c1=O,0
O=C(O)CSc1nnc(-c2ccncc2)n1C1CCCCC1,0
CCOC(=O)N1CCC(NC(=O)C2CCCN(C(=O)N3CCOc4ccccc43)C2)CC1,0
COc1ccc(NC(=O)Nc2ccc(N3CCCC3=O)cc2)cc1OC,0
CCc1[nH]c(=O)c(C#N)c2c1CSC(C)(C)C2,0
COc1ccccc1C(=O)N1CCCN(C(=O)c2ccccc2OC)CC1,0
CC1CC(C)CN(CCCNC(=O)C2CCN(S(=O)(=O)N3CCCCC3)CC2)C1,0
CCOc1ccc(S(=O)(=O)Nc2ccc(Cl)cn2)c(C)c1C,0
CC1Oc2ccccc2N(CC(=O)NCC2CCCO2)C1=O,0
Cn1nnc2cc(C(=O)Nc3cccnc3)ccc21,0
O=C(Nc1ncccc1O)c1cccc(S(=O)(=O)N2CCc3ccccc32)c1,0
O=C(CCc1nc(-c2ccccc2F)no1)NCCc1ccccc1Cl,0
CCOC(=O)N1CCN(C(=O)COc2ccc(Cl)cc2Cl)CC1,0
C/N=C1/SC(CC(=O)Nc2ccc(N3CCOCC3)cc2)C(=O)N1C,0
O=C(Nc1ccc2c(c1)OCO2)N1CCN(S(=O)(=O)c2ccc(Cl)cc2)CC1,0
C=CCn1c(SCC(=O)Nc2ccccc2OC)nnc1-c1ccco1,0
Cc1c(NC(=O)C(C#N)=C2CCCCC2)c(=O)n(-c2ccccc2)n1C,0
CCc1nc(N)c(C#N)c(-c2ccccc2OC)c1C,0
CCc1ccc(-c2nnn(CCC(=O)OC)n2)cc1,0
COCCn1c(SCC(=O)c2[nH]c(C)c(C(C)=O)c2C)nc2ccccc21,0
CCCCNC(=O)c1ccc2c(c1)N(CC)C(=O)c1ccccc1S2(=O)=O,0
CC1=CC(NCc2ccccc2)=N/C(=C2/C=CC=CC2=O)N1,0
COC(=O)NC1(C(F)(F)F)NC(=O)N(C2CCCCC2)C1=O,0
COc1nc(C#N)nc(N(C)C)n1,0
CCOC(=O)c1cccc(NC(=O)CN(c2ccc(C)cc2)S(=O)(=O)c2c(C)n[nH]c2C)c1,0
COc1ccc(C(=O)Nc2nc3nc(-c4ccccc4)cc(=O)n3[nH]2)cc1,0
Oc1ccc2ccccc2c1CN1CCN(c2ccccc2F)CC1,0
COc1ccc(C(=O)Nc2ccccc2)cc1S(=O)(=O)Nc1cc(C)on1,0
O=C1NC(=O)N(c2cccc(Cl)c2)C(=O)/C1=C\Nc1ccccn1,0
COc1cccc(-n2ccnc2SCC(=O)N2CCc3ccccc32)c1,0
CCOC(=O)c1[nH]c2ccccc2c1NC(=O)CN(C)C,0
CCCS(=O)(=O)N1CCC(C(=O)NC2CCCC(C)C2C)CC1,0
CCOc1ccc(/C(=N/O)C(C)NO)cc1,0
C1CCC(Nc2nnnn2C2CCCCC2)CC1,0
CCN1C(=O)NC(c2cccnc2)C(C(=O)OC)=C1C,0
COc1ccc(NC(=O)c2ccc3c(c2)OCO3)cc1Cl,0
COC(=O)c1ccc(NC(=O)CN2CCCC2)cc1,0
Nc1nnnn1/N=C/c1ccccn1,0
O=C(C1COc2ccccc2O1)N1CCN(c2ccccc2F)CC1,0
COc1cc(-c2nnc(-c3ccncc3)o2)ccc1OCc1ccccc1,0
CC1CCC(NS(=O)(=O)c2ccc3c(c2)n(C)c(=O)c(=O)n3C)CC1,0
O=C(Cc1ccccc1)Nc1c(C(=O)N2CCOCC2)cnn1-c1ccccc1,0
CN1CCN(C(=O)c2ccccc2-c2nc(-c3ccccc3)no2)CC1,0
CCOc1ccc(/N=C2\SC(C(=O)O)CC(=O)N2C)cc1,0
COCCNC(=O)C(c1ccc(C)o1)N(C(=O)c1snc(C(N)=O)c1N)c1cc(C)cc(C)c1,0
N#C/C(=C\c1ccc[nH]1)S(=O)(=O)c1ccccc1,0
CCC(Sc1nnnn1C)C(=O)Nc1ccc(C(C)=O)cc1,0
O=C(CSc1ncccc1C(=O)O)NCc1ccc(F)cc1,0
CCOC(=O)c1c(C)c(C(=O)Nc2cc(F)ccc2F)c(C)n1C,0
O=C(c1cn(-c2ccccc2)nc1-c1ccncc1)n1nnc2ccccc21,0
Cc1nc(N2CCCC2C(=O)O)c2oc3ccccc3c2n1,0
CCOC(=O)C1CCCN(C(=O)c2cc(Cl)ccc2Cl)C1,0
Cc1ccc(Cl)c(OCC(=O)Nc2ccc3c(c2)OCCO3)c1,0
O=C(CSc1nc(C2CC2)nc2sc3c(c12)CCCC3)NCc1ccco1,0
COc1cccc(C(=O)Nc2ccccc2N2CCCC2)c1,0
CCc1nc(C)c(C#N)c2cc(OC)c(OC)cc12,0
CCCCn1c(SCC(=O)NCCc2ccc(OC)c(OC)c2)nc2c1c(=O)n(C)c(=O)n2C,0
O=C(COc1ccccc1)N1CCN(C(=O)c2cccs2)CC1,0
CCOC(=O)N1CCN(C(c2ccc(Cl)cc2)c2sc3nc(C)nn3c2O)CC1,0
CCCCC(=O)Nc1cccc(-c2nc3ncccc3o2)c1,0
O=C(Cn1cccc1)NC1CCCCCC1,0
Cn1c(CN2CCOCC2)nnc1SCC(=O)NCCc1ccccc1,0
Cn1c(NC(=O)c2ccccc2F)cc(=O)n(C)c1=O,0
O=C(O)CCCC(=O)Nc1ccccc1C(=O)O,0
COC(=O)NCC(c1cccnc1)N1CCOCC1,0
O=C1Nc2ccc(S(=O)(=O)NCCC3=CCCCC3)c3cccc1c23,0
O=C(NCc1ccco1)c1cccc(NC(=O)c2ccccc2)c1,0
CCCCNc1nc2c(c(=O)[nH]c(=O)n2C)n1CCOc1ccccc1,0
CCCNC(=O)CSc1nnc(-c2ccco2)n1C,0
CCOC(=O)c1sc(NC(=O)CCn2nnc3ccccc32)c(C(=O)OCC)c1C,0
COc1ccccc1CNc1nc2nc(C)c(C)c(=O)n2[nH]1,0
CC(Sc1nncn1C)C(=O)Nc1nnc(C(C)C)s1,0
CCC(=O)/N=C(\N)Nc1nc(C)c2cc(OC)ccc2n1,0
CCO/C([O-])=C1\N=c2ccccc2=C1[N+]#N,0
CCOC(=O)N1CCN(C(=O)CSCc2nc(-c3ccccc3C)oc2C)CC1,0
CCCCCCC1CC(CSc2ncn[nH]2)OC1=O,0
Cc1nc(C)c(C(=O)C2=C(O)C(=O)N(CCCn3ccnc3)C2c2ccc(Cl)cc2)s1,0
CCN1CCN(c2oc(COc3ccc(-c4ccccc4)cc3)nc2C#N)CC1,0
CCOC(=O)N1CCN(C(=O)Cc2ccc(-n3c(=O)[nH]c4ccccc4c3=O)cc2)CC1,0
OC(CNc1nc2ccccc2s1)c1ccccc1,0
O=C(C1CCN(S(=O)(=O)c2cccc3nsnc23)CC1)N1CCn2c1nc1ccccc12,0
O=C1CSC(c2ccccn2)N1c1cccc(Cl)c1,0
COc1ccc(-c2ccc(-c3noc(-c4ccncc4)n3)c(OC)n2)cc1,0
Cc1cc2c(c(SCC(=O)N(C)c3ccccc3)n1)C(=O)OC2,0
CCOc1ccc2nc(NC(=O)c3cnccn3)sc2c1,0
COc1cc(C(=O)Nc2ccc(S(=O)(=O)Nc3onc(C)c3C)cc2)cc(OC)c1OC,0
O=C(O)C1CC(c2ccccc2F)=NO1,0
CCCn1c(NCc2ccco2)nc2ccccc21,0
CCN(CC)CCCN/C=C1\C(=O)NC(=O)N(c2ccccc2F)C1=O,0
O=C(CCCC(=O)N(CC(=O)NC1CCCCC1)Cc1ccco1)Nc1ccccn1,0
Cn1c(=O)cc(OCCCC(=O)NC2CCCC2)c2ccccc21,0
COc1cc(S(=O)(=O)N2CCN(C)CC2)ccc1Cl,0
O=C(CS(=O)(=O)Cc1ccccc1)N1CCc2ccccc2C1,0
CCOC(=O)Cc1cc(=O)c2c(=O)n(-c3ccccc3)[nH]c2[nH]1,0
Cc1ccc(NC(=O)CN(C)S(=O)(=O)c2cccc3nsnc23)cc1,0
N#Cc1cc2ccccc2nc1SCc1cccnc1,0
Cc1ccc(C)c(C(=O)NCCN(C)C)c1,0
Cc1nc2n(n1)CC(O)CS2,0
Cc1nnc(SCC(=O)NC(=O)NC(C)(C)C)n1N,0
COCCCNc1nc(=S)[nH]c2cc(OC)c(OC)cc12,0
CC1CCCN(Cc2nc3c(c(=O)n(C)c(=O)n3C)n2CCc2ccccc2)C1,0
COC(=O)c1ccccc1NC(=O)C1CC(=O)N(c2ccc(F)cc2)C1,0
CC(C)C(NC(=O)OC(C)(C)C)c1nnc(SCc2cccc(F)c2)o1,0
O=S(=O)(Cc1ccccc1)N1CCN(C2Cc3ccccc3C2)CC1,0
COC(=O)Cc1cc(=O)n(-c2nc3ccccc3[nH]2)[nH]1,0
Cc1ccc2c(n1)sc1c(N)ncnc12,1
O=C(CSc1ncn(-c2ccccc2)n1)c1cccs1,0
CCCN1CCN(C(=O)C2CCN(S(=O)(=O)c3ccc4c(c3)oc(=O)n4C)CC2)CC1,0
O=C(Nn1cnnc1)C1Cc2ccccc2CN1S(=O)(=O)c1ccc(F)cc1,0
COc1ccc2c(c1)CCCC21NC(=O)NC1=O,0
CCn1c(SCC(=O)c2ccc(CNC(C)=O)o2)nnc1-c1cccs1,0
COc1ccc(-n2c(Cc3cccn3C)nnc2SCC(=O)Nc2cccc(C)c2C)cc1,0
COc1ccc(F)cc1S(=O)(=O)n1cc(C)nc1-c1ccccc1,0
COc1ccc(-n2nnc3c(=O)n(CC(=O)N4CCCc5ccccc54)cnc32)cc1,0
CCc1ccccc1NC(=O)CSc1ncn[nH]1,0
O=C(Nc1cccc(C(=O)N2CCOCC2)c1)c1ncn[nH]1,0
CCN(CC)S(=O)(=O)c1cccc(C(=O)NC(C(=O)Nc2nnc(C3CC3)s2)C(C)C)c1,0
CCOC(=O)CSc1nc2c(c(=O)n(Cc3ccccc3Cl)c(=O)n2C)n1C,0
Cn1c(CN2CCOCC2)c(C#N)c2ccccc21,0
CCN(CC)CCN1C(=O)c2oc3ccccc3c(=O)c2C1c1ccccc1,0
CCOC(=O)CNC(=O)c1cnn2cccnc12,0
COC(=O)CSc1cc(C)nc(NC(C)=O)n1,0
CC(c1ccco1)N(C(=O)c1ccc(Cl)s1)c1ccccn1,0
Cc1ccc(-n2ncc3c(=O)n(CC(=O)N4CCCc5ccccc54)cnc32)cc1C,0
O=C(COC(=O)CCC(=O)c1ccc(Cl)cc1)NCC1CCCO1,0
c1ccc(N2CCN(c3nnnn3-c3ccccc3)CC2)cc1,0
CCOc1ccc(NC(=O)c2oc3ccccc3c2NC(=O)CC)cc1,0
CS(=O)(=O)N(CC(=O)NCc1ccc2c(c1)OCO2)Cc1ccccc1,0
COc1ccc(CNC(=O)NC2CCCCC2)cc1,0
CCOC(=O)c1ccc(NC(=O)C2CCCN(S(=O)(=O)c3cnc[nH]3)C2)cc1,0
O=C1NC2=C(C(=O)CCC2)C(c2ccc3ncccc3c2)N1,0
N#CC1=C(N)C(C#N)(C#N)C(c2cccnc2)C2COCC=C12,0
Cn1c(=O)n(CCC(=O)O)c2ccccc21,0
Nc1cc(N)nc(SCC(=O)N2CCCCC2)n1,0
COC(=O)COC(=O)c1ccc(-n2nnnc2SC)cc1,0
CCc1ccc2oc(=O)cc(CN3CCN(CCO)CC3)c2c1,0
O=C(Cn1cc(C(=S)N2CCOCC2)c2ccccc21)N1CCOCC1,0
COc1cc2c(cc1OC)C(c1ccncc1)CC(=O)N2,0
CCOc1ccc(NC2c3ccccc3C(=O)N2Cc2ccco2)cc1,0
CN1CC(=O)N(CC(=O)Nc2ccc(F)cc2)c2ccccc2C1=O,0
CCOc1ccc(Nc2ncnc(N)n2)cc1,0
Cc1cc(N/C(=N\S(=O)(=O)c2ccc(Cl)cc2)c2ccc(F)cc2)no1,0
CC(C)CNc1cc(=O)n(C)c(=O)n1C,0
COC(=O)c1cc(CSc2nnc(NC3CCCCC3)s2)oc1C,0
CCOC(=O)C1CCN(C(=O)c2ccc(OCC)c(OCC)c2)CC1,0
Cc1cc(NC(=O)Cn2cnc3sc(C)c(-c4ccccc4)c3c2=O)no1,0
COCCNC(=O)c1c(N)n(CCCn2ccnc2)c2nc3ccccc3nc12,0
CCCS(=O)(=O)N1CCCC(C(=O)N2CCOCC2)C1,0
Cn1c(=O)[nH]c(=O)c2c1nc1n2CCCN1CCc1ccccc1,0
O=C(NCCc1csc(-c2ccccc2)n1)c1cccs1,0
Cn1c(SCC(=O)NCc2ccccc2)nc2ccccc21,0
COc1ccc(C(=O)Nc2ccncc2)cc1OC,0
CCOC(=O)N1CCN(C(=O)CN(Cc2ccc(Cl)cc2)S(C)(=O)=O)CC1,0
COc1ccc2nc3sc(C(=O)N4CCN(C)CC4)cc3cc2c1,0
CCS(=O)(=O)N1CCC(C(=O)NCc2cccnc2)CC1,0
c1ccc2c(CNCCN3CCOCC3)cccc2c1,0
C=CCn1c(Cc2cccs2)nnc1SCC(=O)Nc1ccc(OC)c(OC)c1,0
CCc1ccc(C(=O)CSc2ncn[nH]2)cc1,0
COc1ccc(-n2nc3c(c2NC(=O)C2CC2)CS(=O)C3)cc1,0
CCc1nc2sc(C)c(C)c2c(=O)n1CCO,0
CCCCCCNC(=O)Cc1c(O)[nH]c2ccccc2c1=O,0
CCC(=O)Nc1ccc(C(=O)CSc2nnc(CNc3ccc(Cl)cc3)o2)cc1OC,0
COc1ccc(C(=O)N2CCN=C2c2ccccc2)cc1OC,0
COc1ccc(Nc2ncnc3c2oc2ccccc23)cc1,0
Cn1nnnc1SCC(=O)Nc1ccccc1-c1ccccc1,0
CCOCCn1c(SCc2ccc(C)cc2)nc2c1c(=O)[nH]c(=O)n2C,0
Cc1onc(-c2ccccc2Cl)c1C(=O)NCC1CCCO1,0
CCN(CC)S(=O)(=O)c1cccc(C(=O)Nc2ccc(C#N)cc2)c1,0
c1ccc2c(c1)nc(N1CCOCC1)c1c3ccccc3[nH]c21,0
CCNC(=O)NC1=NC(=O)C(C(C)C)O1,0
CCCCCCC1C(C#N)=C(N)OC2=C1C(=O)CC(C)(C)C2,0
CCc1nc(N)c(C#N)c(-c2cccnc2)c1C,0
Cc1c(=O)n(OCc2ccccc2F)c2ccccc2[n+]1[O-],0
Cc1ccc2ccccc2c1COC(=O)c1nonc1N,0
CC(=O)Nc1ccc(S(=O)(=O)N2CCCCC2c2cccnc2)cc1,0
Cc1cc(Cl)ccc1OCCCC(=O)NO,0
Cc1nc(SCC(=O)O)c2oc3ccccc3c2n1,0
Cc1noc(C)c1COc1ccc(C(=O)NCc2ccccn2)cc1,0
Cc1ccc2nc(NC3=NCN(Cc4cccnc4)CN3)nc(C)c2c1,0
CN(CC(O)COCc1cccs1)C1CCCCC1,0
CCOC(=O)c1c(C)n(C)c2ccc(O)c(CN3CCN(C)CC3)c12,0
Cc1cc(C(=O)Nc2cccnc2)no1,0
CCCCOc1ccc(C(=O)NCC(=O)NCC(=O)OCC)cc1,0
CCCCOc1ccc(-c2nnn(CC(=O)NCc3ccco3)n2)cc1,0
COCCCNC(=O)COc1ccc(Cl)c(C)c1,0
Cc1cc(NCCNC2=CC(=O)CCC2)nc2ccccc12,0
CCCCCOC(=O)CSc1nc2c(c(=O)[nH]c(=O)n2C)n1Cc1ccc(Cl)cc1,0
C=C(C)CSc1nc2c(c(=O)[nH]c(=O)n2C)n1Cc1ccccc1,0
CC(C)NC(=O)c1ccccc1NC(=O)c1ccccc1N(C)S(C)(=O)=O,0
CN(C)/C=N/c1c(C#N)cnn1-c1ccccc1,0
CCOC(=O)c1cc(-c2ccc(N)cc2)sc1N,0
COc1ccccc1CNc1nc2ccccc2n1CCN1CCCCC1,0
Cc1ccc(CNC(=O)C2CNc3cc(C)ccc3O2)cc1,0
Cc1ccc(NC(=O)CCn2cccc2)cc1Cl,0
CC1CCCC(NC2CCCCNC2=O)C1,0
CSc1nnc2n(-c3ccccc3)c(=O)c3c4c(sc3n12)CCC4,0
CCCc1cc(=O)n2[nH]c(-c3ccccc3)cc2n1,0
CCOC(=O)COc1nc(Nc2ccccc2C)nc(N(C)C)n1,0
Cc1ccccc1C(NC(N)=O)c1ccccc1,0
O=C(CCc1nc(-c2ccccc2F)no1)N1CCC2(CC1)OCCO2,0
CC(C)(C)NC(=O)CSc1nccn1Cc1ccccc1,0
COc1cc(NC(=O)C2CCCN(S(=O)(=O)c3cccc4nsnc34)C2)cc(OC)c1,0
CCCNC(=O)c1c(N)n(-c2ccc3c(c2)OCO3)c2nc3ccccc3nc12,0
O=C(Nc1ccc2nc(-c3cccs3)c(-c3cccs3)nc2c1)N1CCOCC1,0
c1csc(-c2csc3nc(CN4CCOCC4)nc(NCc4ccc5c(c4)OCO5)c23)c1,0
Cc1nn(-c2ccc(F)cc2)c2sc(C(=O)OC3CCOC3=O)cc12,0
CC1(C)Cc2c(C#N)c(N3CCN(C(=O)c4ccco4)CC3)nc(Cc3ccccc3)c2CO1,0
Cc1cc(C)c2nc(-c3ccccn3)cc(C(=O)NCc3ccco3)c2c1,0
CCOc1ccc(/N=C(/NC#N)SCC(=O)NC2CC2)cc1,0
Cc1cc(NC(=O)CSc2nc(-c3cccnc3)ccc2C#N)no1,0
CSc1nnc(Cc2cc(=O)[nH]c(=O)[nH]2)n1-c1cccc(C)c1,0
CN1C(=O)C2(NCCc3c2[nH]c2ccccc32)c2ccccc21,0
N#CCCCSc1nnnn1-c1cccc(Cl)c1,0
COc1ccc(OCCSc2ncccn2)cc1,0
CCOc1ccc(OCC)c(NC(=O)C2CCN(c3ncccn3)CC2)c1,0
CCOC(=O)c1c(C)c(C(=O)NCc2ccccn2)c(C)n1CC,0
O=C(NC1CCCC1)C(c1ccncc1)N(Cc1cccs1)C(=O)c1csnn1,0
COc1ccc(S(=O)(=O)N(C(C)=O)c2ccc3oc(=O)sc3c2)cc1,0
CC(=O)Nc1ccc(C(=O)Nc2ccc(S(=O)(=O)N3CCCC3)cc2)cc1,0
c1cncc(-c2nnc(-c3cccnc3)nn2)c1,0
CN(C)c1cccc(C(=O)NCC2(N(C)C)CCCCC2)c1,0
O=C(Nc1cccc(F)c1)c1cccnc1N1CCOCC1,0
Cn1c(SCC(=O)N2CCc3ccccc32)nnc1C1CC1,0
O=C(Nc1ccccc1C(=O)NCCCn1ccnc1)c1ccccc1,0
O=C(O)C1CC=CCC1C(=O)Nc1cccc(Cl)c1,0
O=C(NC1CCCC1)c1cccc(S(=O)(=O)N2CCCCC2)c1,0
CCOc1nc(-c2ccc(C)cc2)ccc1-c1noc(COC)n1,0
CC(C)CC(OC(=O)c1cccs1)C(=O)NCc1ccco1,0
CN1CCN(C(=O)c2ccc(N(Cc3ccc(Cl)cc3)S(C)(=O)=O)cc2)CC1,0
N#Cc1cccc(NC(=O)CC2CCCCC2)c1,0
COc1ccccc1-c1cc(C(=O)Nc2cc(C)on2)no1,0
Cc1cc(NC(=O)C2CC(c3ccc(F)cc3)=NO2)no1,0
O=C(Nc1ccc2c(c1)OCCO2)c1cccnc1,0
Cc1ncsc1CCSc1n[nH]c(=O)n1-c1ccccc1,0
CCOC(=O)C1=C(N)OC(C)=C(C(=O)OCCOC)C12C(=O)Nc1ccccc12,0
COc1ccccc1-c1nnc(SCc2ccccn2)n1C,0
COC(=O)C1(C(F)(F)F)N=C(N(C)C)OC(N(C)C)=N1,0
Cc1ccc(S(=O)(=O)Nc2nsc(N)n2)cc1,0
CCCCNC(=O)Nc1ccon1,0
CN(C)c1nc(SCCOC(=O)c2ccccc2)nc(N(C)C)n1,0
O=C(Nc1ccc2oc(-c3ccncc3)nc2c1)c1cccs1,0
CC(/C=N/n1cnnc1)=C\c1ccco1,0
O=C(NCCCO)c1ccc2[nH]c3ccccc3c2c1,0
COc1ccc(CCC(=O)N2CC(C)OC(C)C2)cc1,0
CCN(CC)CCCN1C(=O)C(=O)/C(=C(/O)c2ccc(C)cc2)C1c1ccccn1,0
COc1ccc(-n2c(N)c(C(=O)NCC3CCCO3)sc2=S)cc1,0
O=C1c2cccnc2C(=O)N1c1cccc(-c2nc3ccccc3o2)c1,0
O=C(Nc1ncnc2sc3c(c12)CCC3)c1ccco1,0
COc1cc2nc(N3CCN(C(=O)C4CCCO4)CC3)nc(N)c2cc1OC,0
CC(=O)NC(c1ccccc1)c1cccnc1,0
CC(C)(C)N1C(=O)c2ccc(C(=O)Nc3nccs3)cc2C1=O,0
CC(=O)Nc1ccc(C(=O)CSc2nc3ccccc3n2CC(=O)N2CCCC2)cc1,0
CCCCCc1nnc(NC(=O)CS(=O)(=O)Cc2ccccc2)s1,0
O=C(CSc1nnc(NC(=O)c2ccco2)s1)NC1CCCCC1,0
COc1ccccc1NC(=O)c1nnn(CC(=O)Nc2ccccc2)c1N,0
Cc1ccc(-n2ncc3c(=O)n(CC#N)cnc32)cc1C,0
Cc1cc(N2CCCc3ccccc32)n2ncnc2n1,0
CC1(C)N=C(c2ccc(Cl)cc2)C(=O)N1,0
CC1(C)Cc2ccccc2-c2[nH]c(CN3CCOCC3)nc(=O)c21,0
Cc1nc2ccccc2n1CC(=O)NCCN1CCCC1,0
O=C(CSc1nnnn1C1CCCCC1)Nc1nc2c(s1)CCCC2,0
c1ccc(OCCCCn2cnc3ccccc32)cc1,0
COCC(C)n1c(COc2ccccc2F)nnc1SCc1c(C)noc1C,0
CCOc1ccccc1C(=O)Nc1cc(Cl)ccc1O,0
CCc1cc2ccc(OC)cc2nc1SCC(=O)Nc1cc(C)on1,0
Cc1nc2ccc(NC(=O)N3CCSCC3)cc2s1,0
COc1ccc(OC)c(NC(=O)NC(Cc2ccccc2)C(=O)O)c1,0
Cn1ccnc1Sc1nc2ccccc2nc1NS(=O)(=O)c1ccccc1,0
COc1ccc(-c2csc(N3CCC(C(N)=O)(N4CCCCC4)CC3)n2)cc1,0
CCCCn1c2c(c3ccccc31)CCc1nonc1-2,0
Cc1cc(C)n(C(=O)c2cc3sccc3[nH]2)n1,0
COc1ccc(N2CC(C(=O)Nc3ccc(F)cc3F)CC2=O)cc1,0
COc1cccc(-c2nnc(NC(=O)Cc3cccs3)s2)c1,0
Cc1cc2nn(-c3ccccc3)nc2cc1NC(=O)c1cccs1,0
Cc1cc(C)n2cc(CSc3nnnn3-c3ccccc3C)nc2n1,0
c1ccc(OCc2nnc3sc(-c4cccs4)nn23)cc1,0
CCOc1ccc(-c2nc(C#N)c(NCc3ccc4c(c3)OCO4)o2)cc1,0
COc1ccc(NC2=Nc3ccccc3CC2)cc1,0
O=S1(=O)N=C(NC2CCCCCC2)c2ccccc21,0
CN(C)S(=O)(=O)c1ccc(C(=O)Nc2ccc(F)cc2F)cc1,0
COc1ccccc1N1CCN(C(=O)CSc2nnc(NC(=O)c3ccco3)s2)CC1,0
C=C(C)c1cccc(C(C)(C)NC(=O)N2CCN(C)CC2)c1,0
CCOC(=O)c1c(NC(=O)Cc2cccs2)sc(C)c1C,0
CC(NC(=O)Nc1ccc(F)cc1F)c1ccncc1,0
CC(C)CNC(=O)C1C2C=CC(C2)C1C(=O)O,0
CSc1cccc(NC(=O)c2ccco2)c1,0
Cc1cc(C)c2c(N)c(C(=O)N3CCN(c4ncccn4)CC3)sc2n1,0
Nc1ccc2c(c1)ncn2CCCn1cnc2cc(N)ccc21,0
c1ccc(OCCCc2nc(-c3cccnc3)no2)cc1,0
COc1ccc(C)cc1S(=O)(=O)N(C)CC(=O)NCc1ccco1,0
Cc1ccc(C(=O)Nc2ccccc2C(N)=O)o1,0
CCOC(=O)C1CCN(c2nc3ccccc3nc2C(C#N)C(=O)OC(C)C)CC1,0
O=C(c1ccc2c(c1)OCO2)N(c1ccc(Cl)cc1)C1C=CS(=O)(=O)C1,0
O=C(CC1SC2=NCCN2C1=O)Nc1ccc(Cl)cc1,0
O=C(CSc1nncs1)N1c2ccccc2Sc2ccccc21,0
COc1ccc(CC(=O)Nc2cc(C)ccn2)cc1,0
COc1ccccc1C(=O)Nn1cnc2ccccc2c1=O,0
O=C(Nc1ccc(S(=O)(=O)NCc2cccnc2)cc1)c1ccco1,0
Clc1ccccc1-c1nn2c(COc3ccccc3)nnc2s1,0
COc1cc2nc(=S)n3[nH]c(CCn4nc(C)cc4C)nc3c2cc1OC,0
CC(C)n1c(CCC(=O)O)ccc1-c1ccccc1,0
Cc1csc(C2=C(N)N(CCc3ccccc3)CC2=O)n1,0
Fc1ccccc1OCCCCn1cncn1,0
CCn1c(=O)n(CC(=O)N2CCN(c3ccccc3F)CC2)c(=O)c2ccccc21,0
Cc1ccc(S(=O)(=O)NC2CCOC(C)(C)C2)cc1,0
CCn1cc(C(=O)NCc2ccc3c(c2)OCO3)c(=O)c2ccc(C)nc21,0
Cc1ccc(C(=O)CSc2n[nH]c(C)n2)cc1,0
Cn1c(SCC(=O)N2CCc3ccccc32)nc2cccnc21,0
COCCn1nnnc1C(c1ccc(OC)cc1OC)N1CCN(c2ccccc2)CC1,0
COC(=O)c1c(NC(=O)c2ccoc2C)sc2c1CCC2,0
CCOC(=O)Nc1c(O)ccc2oc(C)c(-c3ccccc3)c12,0
C=CCn1c(=S)[nH]c2ccccc2c1=O,0
CCn1cc(C(=O)NCCc2ccccc2)c(=O)c2cc(F)c(N3CCN(C)CC3)cc21,0
COc1nc(OC)nc(N2CCC(C(=O)NCc3ccco3)CC2)n1,0
O=C(Nc1cc(C(=O)N2CCCC2)ccc1N1CCCC1)c1ccccc1,0
C/C(NC1CCCC1)=C(/C#N)C(N)=O,0
CC1(C)Cc2noc(N)c2C(C)(C)N1OC(=O)c1cccs1,0
Cc1cc2ccccc2nc1SCC(=O)N1CCCC1,0
Cc1nc(NC(=O)c2cc3c(s2)CCCCC3)sc1C(=O)N(C)C,0
O=C(CCSc1ccccc1)NC1CCCC1,0
Cc1ccc(OC(C)C(=O)N2CCc3ccccc32)cc1,0
CCC(=O)Nc1ccc(NC(=O)CN2CCCC(C)C2)c(Cl)c1,0
O=C(O)CCC(=O)NCCn1c(-c2ccccc2)cs/c1=N\c1ccccc1,0
O=C(NC1CCCC1)c1sc(=S)n2c1[nH]c(=O)c1ccccc12,0
COc1ccc(CCNC(=O)c2[nH]c(C)c(C(C)=O)c2C)cc1OC,0
Cn1cnnc1SCC(=O)Nc1sccc1C#N,0
Cc1cccc(Cn2c(NCC(C)O)nc3c2c(=O)n(C)c(=O)n3C)c1,0
COc1ccc(Cl)cc1NC(=O)NC(C)c1ccncc1,0
COc1ccc(-c2nnnn2C)cc1S(=O)(=O)NCc1ccccc1,0
CC(=O)c1cnc2nc(C)nn2c1C,0
COc1ccc(OC)c(NC(=O)Cn2c(CCC(=O)O)ccc2-c2cccs2)c1,0
Nc1cc(CN2C(=O)c3ccccc3C2=O)cc(Cl)c1O,0
CCOC(=O)C1=C(C)N=C2SC(C)C(=O)N2C1/C=C/c1ccccc1OC,0
O=C(NCc1cccnc1)c1cccc(S(=O)(=O)N2CCCCC2)c1,0
COc1ccc(NC(=O)C2CCCN2S(=O)(=O)c2ccc(F)cc2)cc1,0
O=C(OCC(=O)c1ccco1)c1ccc2ncsc2c1,0
Cn1c(SCC(=O)N2CCOCC2)nnc1-c1ccc(Cl)cc1Cl,0
O=C(O)CCC(=O)N1CCN(c2nc3ccccc3s2)CC1,0
O=C(NC1CCCCC1)C1c2ccccc2C(=O)N1Cc1ccco1,0
N#CC1=C(N)Oc2n[nH]c(-c3cccs3)c2C1c1ccoc1,0
COCCSc1ccccc1C(=O)Nc1cc(C)on1,0
COC(=O)c1oc2ccc(Cl)cc2c1NC(C)=O,0
COc1ccc(NC(=O)CSc2nnc(-c3ccco3)n2C)cc1,0
CCCOn1nnnc1-c1ccccc1,0
COc1ccc(C(=O)NC(=O)Nc2cc(C)ccn2)cc1,0
O=C(CN1C(=O)c2ccccc2S1(=O)=O)NCCSc1ccccc1,0
CC(C)n1nnnc1SCC(=O)Nc1ccccc1N1CCOCC1,0
Cc1csc(NC(=O)c2c(O)n3c4c(cccc4c2=O)CCC3)n1,0
CC(OC(=O)c1cc2sccc2n1C)C(=O)NCc1ccco1,0
CCCc1cc(=O)nc(SCCOc2ccc(Cl)cc2)[nH]1,0
CS(=O)(=O)N(CCc1ccccc1)CC(=O)NCc1ccc2c(c1)OCO2,0
Clc1ccc(C2=Nn3c(nnc3-c3n[nH]c4c3CCC4)SC2)cc1,0
CCSc1nc2ccccc2n1CC(=O)N1CCCCC1,0
Cc1scc(C(=O)Nc2ccon2)c1-c1ccccc1,0
O=C(NCCc1ccccn1)c1n[nH]c(=O)c2ccccc12,0
Cc1nc(Nc2ccc(S(N)(=O)=O)cc2)oc1C,0
O=C1C(=CNCc2cccnc2)C(=O)c2ccccc21,0
COc1ccc(NC(=O)C2CCN(S(=O)(=O)c3cccc4cccnc34)CC2)cc1,0
CCOC(=O)Nc1ccc(S(=O)(=O)Nn2cnnc2)cc1,0
CCN1C(=O)CC(N2CCC(Cc3ccccc3)CC2)C1=O,0
O=C(CCn1c(=O)sc2ccccc21)NCCN1CCOCC1,0
CCC1Oc2ccc(C)cc2N(CC(=O)NCCN2CCN(Cc3ccccc3)CC2)C1=O,0
Cn1nccc1/C=C(/C#N)S(=O)(=O)c1ccccc1,0
O=C(OCc1nc2ccccc2s1)c1cnccn1,0
O=C(CCN1C(=O)C2CC=C(Cl)CC2C1=O)NC1CCCCC1,0
Cc1cc(=O)nc(S/C=C/c2ccccc2)[nH]1,0
CCCCOc1c(Cl)cc(CNC(C)(C)CO)cc1OCC,0
Cc1cc(C)n2nc(C(=O)Nc3ccccc3N3CCOCC3)nc2n1,0
Cn1c(SCc2nc3ccccc3s2)nnc1-c1ccc2c(c1)OCO2,0
Cc1cc(NC(=O)CSc2nnc3c4c(C)c(C)sc4ncn23)no1,0
Cc1ccc(OCc2nnc(SCC(=O)Nc3ccc4c(c3)OCCO4)n2Cc2ccco2)cc1,0
O=c1c2ccccc2nnn1CSc1ccc2c(c1)OCCO2,0
CN(C)S(=O)(=O)c1ccc(C(=O)Nc2ccc(Cl)cc2)cc1,0
Cc1nnc(NC(=O)CCCN2C(=O)c3ccccc3C2=O)s1,0
COc1ccc(OC)c(NC(=O)C2CCCNC2=O)c1,0
Cn1c(=O)[nH]c(=O)c2c1nc(N1CCOCC1)n2CCSc1ncccn1,0
CC(=O)c1cccc(NC(=O)N2CCCC2C(=O)Nc2cc(C)ccc2C)c1,0
Cc1cc(C)nc(NC(=O)CCCC(=O)O)c1,0
CC1(C)N=C(c2ccc(Cl)cc2Cl)C(=O)N1,0
CC(C)C(c1nnnn1C1CCCC1)N1CCN(c2ccccc2F)CC1,0
O=c1nc(CN2CCCCC2)[nH]c2c1C1(CCCC1)Cc1ccccc1-2,0
O=C(c1ccc(-c2cccc(C(F)(F)F)c2)o1)N1CCOCC1,0
CCCn1c(=N)c(C(=O)NCc2ccc3c(c2)OCO3)cc2c(=O)n3cccc(C)c3nc21,0
Cc1n[nH]c(NCCN2CCOCC2)nc1=O,0
CCOC(=O)c1ccccc1NC(=O)Cn1cnc2c(cnn2-c2ccc(F)cc2)c1=O,0
O=C(c1ccc(CS(=O)(=O)Cc2ccc(Cl)cc2)o1)N1CCCC1,0
Cc1ccc(-c2noc(CCCC(=O)Nc3cccnc3)n2)cc1,0
Cc1ccc(C)n1NC1=NC(=O)CS1,0
COc1ccccc1C1C(C#N)=C(N)Oc2cc(C)n(CCCn3ccnc3)c(=O)c21,0
O=c1cc(O)sc2ccccc12,0
Nc1ccc2oc(CCc3ccccc3)nc2c1,0
CC(C)(C)OC(=O)N1CCCC1C(=O)O,0
COc1ccc(NC(=O)C2CCCN(S(=O)(=O)c3c(C)n[nH]c3C)C2)cc1,0
COCc1cc(C)nc(SCC(=O)Nc2cccc3cccnc23)c1C#N,0
Cc1nnc(N(C)C(=O)c2cccnc2)s1,0
CCOC(=O)c1c(NC(=O)CSc2nnc(-c3cccnc3)o2)sc(C)c1C,0
COc1ccc(-c2nn3c(-c4ccco4)nnc3s2)cc1OC,0
CCC(CC)NCc1ccc(OC)cc1OC,0
Cc1sc2nc(SCC(=O)NCc3ccco3)[nH]c(=O)c2c1C,0
Cc1ccc(CN2C(=O)CCC2C(=O)NCCCN2CCCCC2C)cc1,0
Cc1nc2cc(C(=O)OCC(=O)N(CC(C)C)C3CCS(=O)(=O)C3)ccc2n1-c1ccccc1,0
Cc1c(C#N)c2ccccc2n1CC(=O)NCc1cccnc1,0
CCOc1ccc(OCc2ccc(C(=O)Nc3cccc(C)n3)o2)cc1,0
COc1ccc(NC(=O)CSc2nnc(COc3ccccc3)n2Cc2ccco2)cc1OC,0
Cc1nc2cc(NC(=O)NCCC3=CCCCC3)ccc2o1,0
O=C(Nc1ccccc1C(=O)NCc1ccco1)c1ccccc1,0
Cc1cccc(Nc2nc(N)nc(CN3CCN(Cc4ccc5c(c4)OCO5)CC3)n2)c1,0
CCN(C(=O)c1cc2cc(OC)ccc2oc1=O)c1ccccc1,0
c1ccc(Nc2c3c(nc4ncnn24)CCC3)cc1,0
CCOc1ccc(NC(=O)CCn2cccc2)cc1,0
CC(C)c1nc2n[nH]c(N)c2c2c1CCC2,0
Clc1ccccc1OCCn1cnc2ccccc21,0
CCOC(=O)Nc1ccc(C(N)=O)cc1,0
CS(=O)(=O)N(Cc1ccco1)Cc1ccccc1Cl,0
Cc1ccc(NC(=O)COS(=O)c2ccc(C)cc2)cc1,0
Cn1c(Cn2nnc3ccccc32)nnc1SCC(=O)N1c2ccccc2Sc2ccccc21,0
COc1nc(NC(C)(C)C)nc(Oc2ccc(=O)n(-c3ccccc3)n2)n1,0
CCOc1ccc2[nH]c(=O)c(=O)[nH]c2c1,0
O=C(OC1CSc2nc3ccccc3n2C1)c1ccco1,0
CCn1c(SCC(=O)Nc2cc(C)on2)nc2sc(C)c(C)c2c1=O,0
COC1=CC(=O)/C(=C2\NNC=C2Oc2ccccc2OC)C=C1,0
Cc1cc(C(=O)Nc2ccon2)cs1,0
Cc1cc(C(=O)CSc2nnc(-c3ccc(Cl)cc3)n2CC2CCCO2)c(C)n1C,0
CC1=CC2=C(OC1N(C)C)c1cccc3cccc(c13)C2=O,0
CC(=O)c1cccc(NC(=O)CC2Oc3ccc(C)cc3NC2=O)c1,0
Cc1cc(=O)n2[nH]c(C)c(-c3ccc(Cl)cc3)c2n1,0
C=CCN1CC(c2nc3ccccc3n2Cc2ccccc2)CC1=O,0
CCCOc1ccc(C2C3CN(C(=O)OCC)CC=C3C(C#N)=C(N)C2(C#N)C#N)cc1OC,0
CCOc1ccc(NS(=O)(=O)c2cc(Cl)ccc2OC)cc1,0
Cn1c(SCCOc2cccc(Cl)c2)nnc1-c1ccncc1,0
CC(=O)c1ccc(NC(=O)C(C)Sc2nnnn2C)cc1,0
Cc1ccc(-c2cc(-c3ccccc3Cl)c(C#N)c(N)n2)o1,0
CCOC(=O)c1oc2c(CN3CCN(C)CC3)c(O)ccc2c(=O)c1-c1ccccc1OC,0
Clc1ccc(OCc2nn3c(-c4ccco4)nnc3s2)c(Cl)c1,0
CC1(C)Nc2ccccc2N(CC(=O)N2CCCCC2)C1=O,0
O=C(NCC1CCCO1)C1c2ccccc2C(=O)N1Cc1ccc2c(c1)OCO2,0
Cc1ccc(-n2nnnc2SCCNS(=O)(=O)c2ccccc2)cc1C,0
CS(=O)(=O)n1nc(OC(=O)c2cccc3ccccc23)cc1N,0
COc1ccc(-c2nc(=S)c3c(n2CCN2CCOCC2)CC(C)(C)OC3)cc1,0
COc1ccc(C(=O)Nc2ccc(S(=O)(=O)Nc3onc(C)c3C)cc2)cc1,0
CC/N=C1/SC(CC(=O)Nc2ccccc2OCC)C(=O)N1CC,0
Nc1ccc2ncccc2c1,0
CC(OC(=O)c1cc2sccc2n1C)C(=O)NCCc1ccccc1,0
O=C(Nc1ccc(-c2noc(CCc3ccccc3)n2)cc1)c1ccco1,0
NC(=O)C(c1ccccc1)C1CCCC1,0
CCc1nc(SCc2cccnc2)c(C#N)cc1C,0
COc1ccccc1OCC(=O)NCCc1nc2ccccc2[nH]1,0
O=C(Cn1ncn2c(cc3ccccc32)c1=O)NCc1ccco1,0
CC(C)c1ccccc1NC(=O)c1cnccn1,0
O=c1[nH]nc(Sc2ncnc3sccc23)n1CCc1ccccc1,0
COc1cccc2cc(C(=O)N3CCN(c4ncccn4)CC3)c(=O)oc12,0
COc1ccc(C(NC(=O)c2ccco2)c2ccc(OC)c(OC)c2)cc1OC,0
COc1ccc(OC)c(S(=O)(=O)N(C)CC(=O)N2CCN(c3ccc(F)cc3)CC2)c1,0
CCOC(=O)c1[nH]c(C)c(C(=O)N2CCN(c3ccc(F)cc3)CC2)c1C,0
CCc1nc(N2CCCC2C(=O)O)c2oc3ccccc3c2n1,0
CC1CCc2nn(CC(=O)NCCN3CCOCC3)cc2C1,0
Cc1c(NC(=O)CSC2=C(C#N)C(c3ccccc3F)CC(=O)N2)c(=O)n(-c2ccccc2)n1C,0
N#Cc1ccsc1NC(=O)CSc1ncnc2ccccc12,0
O=C(O)C1CC(=O)N(Cc2cccs2)C1,0
CC(C)OC(=O)CN1CCN(S(=O)(=O)c2cc(Cl)ccc2Cl)CC1,0
CN1CCN(S(=O)(=O)c2ccc(SCCOc3ccccc3)nc2)CC1,0
COC(=O)c1ccccc1NC(=O)CS(=O)(=O)Cc1nc(-c2ccc(C)cc2)oc1C,0
COc1ccc(C2=NOC(CN3C(=O)c4ccccc4S3(=O)=O)C2)cc1,0
O=C(COC(=O)Cn1[nH]c(=O)c2ccccc2c1=O)Nc1ccc2c(c1)OCO2,0
O=C(NCc1ccco1)c1ccc(Cl)c(S(=O)(=O)N2CCOCC2)c1,0
O=C(CSc1nnc(-c2ccc(F)cc2)o1)Nc1ccc(S(=O)(=O)N2CCCC2)cc1,0
CN(C)C(=O)NCc1ccc(S(N)(=O)=O)cc1,0
COC(=O)CSc1nnc(CNC(=O)Cc2ccccc2)n1C,0
O=C(CN1C(=O)COc2ccccc21)NCc1ccc(C(=O)O)cc1,0
CC(C)NS(=O)(=O)c1ccc(OCC(=O)Nc2ccc3c(c2)OCO3)c(Cl)c1,0
COC(=O)CSc1nnc(-c2cccnc2)n1-c1cccc(OC)c1,0
Cc1nn2c(-c3ccccc3)nnc2c2ccccc12,0
CC12CN3CC(=O)N4CC5(C)CN(CC(C)(C4)C5=O)C(=O)CN(C1)CC(C)(C3)C2=O,0
Nc1nc(-c2cccnc2)nn1C(=O)CCc1ccccc1,0
COc1ccccc1-c1nc(-c2ccncc2)no1,0
Cc1ccc2c(c1)nnn2C1CCN(S(C)(=O)=O)CC1,0
COc1ccccc1OCCNC1=NCCC1,0
CCOC(=O)c1ccc(NC(=O)C2CCN(S(=O)(=O)CC)CC2)cc1,0
Cc1nn(C(=O)c2ccc3c(c2)OCO3)c(N)c1-c1ccccc1,0
Clc1ccc(-c2nnc3sc(Cc4cccs4)nn23)cc1,0
Cc1[nH]c(=O)[nH]c(=O)c1S(=O)(=O)NCC12CC3CC(CC(C3)C1)C2,0
COc1ccc(NC(=O)NCc2cccn2C)c(OC)c1,0
CCC(C)C(=O)Nc1c2c(nc3c1CCC3)CCCC2,0
COc1ccc(-c2ccc(SCC(=O)NCc3ccco3)nn2)cc1OC,0
O=C(c1ccc2c(c1)OCO2)N1CCc2ccccc2C1,0
CCC1CCCCN1Cc1nc2c(c(=O)n(C)c(=O)n2C)n1Cc1cccc2ccccc12,0
C(=N/n1cnnc1)\c1cccnc1,0
COC(=O)/C=c1\s/c(=C(/C#N)C(=O)NCc2ccco2)n(-c2ccc(C)cc2)c1=O,0
CC(C)c1nnc(NC(=O)C2CCCCC2)s1,0
CCOc1cccc(-c2nnc3sc(-c4cccs4)nn23)c1,0
Cc1ccccc1Cn1nnc(-c2cccc(C(=O)O)c2)n1,0
Cc1ccc(C(=O)N2CCN(c3cccc(Cl)c3)CC2)cc1C,0
CN1CC(=O)N=C1NC(=O)c1ccc(Cl)c(S(=O)(=O)N2CCCCCC2)c1,0
COn1c(SCC(=O)N(C)C)nc2ccccc2c1=O,0
Cc1nnsc1NC(=O)OCC(C)C,0
Cc1ccccc1CN1CCN(C(=O)c2cccc(F)c2)CC1,0
COc1ccc(OC(C)C(=O)NC2CC(C)(C)NC(C)(C)C2)cc1,0
c1ccc(OCc2nnc3sc(-c4ccco4)nn23)cc1,0
CCCCc1nc2n[nH]c(N)c2c2c1CCCC2,0
CC(c1ccccc1)n1c(NCCCn2ccnc2)nc2c1c(=O)[nH]c(=O)n2C,0
CC(=O)N(CC1CCCO1)c1nnc(-c2cnccn2)s1,0
Cn1c(-c2ccc(F)cc2)cnc1SCC(=O)NCc1ccco1,0
CCCC(C)n1[nH]c(=O)c2c1NC(=O)CSC2c1ccc(OC)c(OC)c1,0
O=C1c2ccccc2C(=O)N1CCCCSc1nnnn1-c1ccccc1,0
CCOc1ccccc1CN1C(=O)NC(C)(c2ccccc2)C1=O,0
CC(C)OC(=O)CSc1nnc(-c2cccnc2)n1N,0
Cn1c(=N)c(S(=O)(=O)c2ccccc2)cc2c(=O)n3ccccc3nc21,0
CCCOc1ccc(/C(O)=C2/C(=O)C(=O)N(CCN(C)C)C2c2ccncc2)cc1,0
COc1ccc(C(=O)CSc2nnc(COc3ccc(C#N)cc3)n2-c2ccccc2)cc1,0
Nc1nnc(CCCCc2cccs2)o1,0
CCCCCOc1ccc(N2C(=O)CC(N(O)c3ccccc3)C2=O)cc1,0
COc1ccccc1Nc1nc(N)nc(CN2CCOCC2)n1,0
O=C(O)CCCC(=O)N1CCN(c2cccc(Cl)c2)CC1,0
O=C(CN1CCN(Cc2ccc3c(c2)OCO3)CC1)Nc1ccc2c(c1)OCCO2,0
COC(=O)c1ccc(Nc2cc(C)nc3ncnn23)cc1,0
Cn1cnc2cc(OC(=O)c3ccccc3)ccc21,0
COC(=O)Nc1ccc(OCc2ccccc2)cc1,0
CC(C)(C)C(=O)COC(=O)c1cccc(NC(=O)c2ccco2)c1,0
Cc1nn(CC(=O)Nc2ccccc2)c(=O)c2ccccc12,0
COc1cc(NC2=CC(=O)CC(C)(C)C2)cc(OC)c1OC,0
CCOc1ccccc1OCC(=O)Nc1nnc(COC)s1,0
CCOC(=O)C(C#N)C(Cc1ccccc1)c1ccco1,0
Cc1occc1C(=O)NCCCCNC(=O)c1ccoc1C,0
N#Cc1ccccc1Sc1ccccc1C(=O)N1CCOCC1,0
COc1ccc(NC(=O)CN2CCC(NC(=O)C3CCCCC3)CC2)cc1,0
Cc1cccc(NC(=O)c2cc3ccccc3o2)c1,0
CC(=O)Nc1ccc(S(=O)(=O)n2cnc3cc(C)c(C)cc32)cc1,0
O=C(CCCc1ccccc1)NC1CCSC1=O,0
COc1ccc(CCNc2oc(-c3ccc(OC)c(OC)c3)nc2C#N)cc1,0
CN(C)c1ccc(-c2nn3c(-c4ccccc4Cl)nnc3s2)cc1,0
CCc1ccc(NC(=O)CSC2=C(C#N)C(c3ccc4c(c3)OCO4)CC(=O)N2)cc1,0
CN1C(=O)c2ccc(C(=O)NCc3ccccc3)cc2C1=O,0
O=C(CN(C(=O)C1COc2ccccc2O1)c1ccccc1)NCC1CCCO1,0
C=C(C)CSc1nnc(-c2ccccc2)n1N,0
CCOC(=O)c1c(C)n(C)c2ccc(OC)c(NC(=O)CN3CCN(Cc4ccccc4)CC3)c12,0
COc1ccccc1OCCSc1nc(=O)c2ccccc2[nH]1,0
O=C(CN(Cc1ccccc1)S(=O)(=O)c1ccccc1)NC1CC1,0
CCn1c(SCC(=O)Nc2ccc(C(C)=O)cc2)nc2ccccc21,0
O=C(NCCc1ccncc1)C(F)(F)F,0
CCOc1nc(C)ccc1-c1noc(-c2ccccn2)n1,0
CCn1c(SCC(=O)N2CC(=O)Nc3ccccc32)nnc1-c1ccoc1C,0
Cc1nn(C)c(C)c1S(=O)(=O)NC1CCCc2ccccc21,0
COc1ccc(S(=O)(=O)Nc2cccc(C)n2)c2ccccc12,0
CCN1CCCC1CNC(=O)c1cc2c(-c3ccc(Cl)cc3)nn(C)c2s1,0
Cc1cc(C)nc(SCc2n[nH]c(=S)n2C)n1,0
COC(=O)Cn1/c(=N/C(=O)C2CC2)sc2c(C)cc(C)cc21,0
Cc1ccc(Cl)cc1N1CCN(S(=O)(=O)c2c(C)[nH]c(=O)[nH]c2=O)CC1,0
CCc1sc(NC(=O)CN2CCOCC2)nc1-c1ccccc1,0
CC1CN(C(=O)c2cc3c(=O)n4ccccc4nc3s2)CC(C)O1,0
Cn1nnc2cc(C(=O)NC(C)(C)C)ccc21,0
Cc1nc(SCC(=O)NCc2ccco2)c2c3c(sc2n1)CCCC3,0
COc1ccccc1NC(=O)Cc1noc(CSc2cc(C)c3ccccc3n2)n1,0
O=C(NC1CCS(=O)(=O)C1)c1cn(-c2ccccc2)nc1-c1ccccc1,0
c1nc(COc2nsnc2N2CCOCC2)cs1,0
CC(C)(CN1CCCCC1)NS(=O)(=O)c1ccc(Cl)cc1,0
Cc1csc(SCC(=O)Nc2ccccn2)n1,0
Cc1ccnc(NC(=O)CCC2CCCCC2)c1,0
Cc1ccc(C)c(N2CCN(C(=O)CCCCn3c(=O)[nH]c4ccccc4c3=O)CC2)c1,0
COc1ccc(N2C(=O)CC(N3CCN(C4CCc5ccccc5C4)CC3)C2=O)cc1,0
c1ccc(CNCCN2CCNCC2)nc1,0
COc1ccc(N(CC(O)CN2CCCCC2)S(=O)(=O)c2ccc(C)cc2)cc1,0
O=C(NCC1CCCO1)C1CCC(N2C(=O)c3ccccc3C2=O)CC1,0
CSc1ccc(NC(=O)NCCCN2CCN(c3ccccc3F)CC2)cc1,0
CCS(=O)(=O)N1Cc2ccccc2CC1C(=O)OCC(=O)Nc1ccc(C)cc1,0
COc1cc(C2NC(=O)NC(C)=C2C(=O)OC(C)(C)C)ccc1OCC(N)=O,0
COc1cccc(-c2nc(CS(=O)(=O)CC(=O)N3CCN(C4CCCCC4)CC3)c(C)o2)c1,0
C=C1Cn2c(nnc2-c2ccc(Cl)cc2)S1,0
O=C1CC(c2ccccc2)N2NC(NC(=O)CCc3ccccc3)=NC2=N1,0
Cc1cnc(-c2nnc(N(C)C(=O)C3CCCO3)s2)cn1,0
CCn1c(COc2ccc(C)cc2)nnc1SCC(=O)Nc1ccc(S(N)(=O)=O)cc1,0
CC1CN(S(=O)(=O)c2cccc(-c3cn4cccnc4n3)c2)CC(C)O1,0
COc1ccc(CSc2nnc(C)n2N)cc1,0
COc1ccc(C(O)CNc2ccc(C)cc2)cc1,0
COc1ccccc1C(=O)OCn1nnc2ccccc2c1=O,0
CN(Cc1ccccc1)C(=O)CNC(=O)Cn1cnc2ccccc2c1=O,0
CCc1nnc(NC(=O)C2CCN(c3nccc(C)n3)CC2)s1,0
O=C(Nc1ccccc1)N(CCN1CCOCC1)Cc1ccccc1F,0
Cn1c(=O)c2c3c(sc2n2c(SCc4ccc5c(c4)OCO5)nnc12)COC(C)(C)C3,0
C=CCN(CC=C)C(=O)CCCC(=O)N(CC=C)CC=C,0
CCCc1[nH]nc2c1C(c1ccccc1OC)C(C#N)=C(N)O2,0
c1ccc(-c2cc(N3CCCCC3)ncn2)cc1,0
COC(=O)CC1Sc2ccccc2NC1=O,0
O=C(Nc1nncs1)c1cccc(S(=O)(=O)N2CCCC2)c1,0
Cc1csc(NC(=O)CSc2nncn2C)n1,0
CCOc1ccccc1N(CC(=O)N1CCCCCC1)S(C)(=O)=O,0
COc1ccc(CCCc2nnc(SCC(=O)Nc3ncc(C)s3)o2)cc1,0
O=C(N1CCOCC1)C12CCC3CC(CC(C3)C1)C2,0
CC1=C(C(=O)Nc2cccnc2)C(c2ccc(C(C)C)cc2)N2NC=NC2=N1,0
CC(=O)Nc1ccc(S(=O)(=O)Nc2cccc(NC(=O)C(C)(C)C)c2)cc1,0
Cc1ccc2nsnc2c1S(=O)(=O)N1CCN=C1Cc1ccccc1,0
COC(=O)c1ccccc1NC(=O)CC#N,0
O=C1CC(c2ccncc2)c2cc3c(cc2N1)OCO3,0
CCOC(=O)c1[nH]c2ccc(OC)cc2c1NC(=O)c1nonc1C,0
Cc1ccc2nc3c(cc(C(=O)NCC4CCCO4)n3C)c(=O)n2c1,0
CC(=O)Nc1ccc(S(=O)(=O)N2CCCC2C(=O)O)cc1,0
CCOC(=O)C1=C(C)OC(N)=C(C#N)C1c1ccsc1,0
Cc1cnc(C(=O)Nc2nnc(C)s2)cn1,0
CC1(C)C(c2ccccn2)=[N+]([O-])C(C)(C)N1O,0
CCc1nnc(NC(=O)CN2C(=O)c3ccccc3C2=O)s1,0
Cc1ccc(S(=O)(=O)c2c(N)n(/N=C/c3ccco3)c3nc4ccccc4nc23)cc1,0
CCOc1ccc(NC(=O)CN2CCN(CC(=O)c3ccc(OCC)cc3)CC2)cc1,0
CCCn1c(SCC(N)=O)nc2c(c1=O)C1(CCCC1)Cc1ccccc1-2,0
CCn1c(SCC(=O)Nc2cccc(C)n2)nnc1-c1ccco1,0
Cc1cccc(NC(=O)c2cnc3n(c2=O)CCS3)c1,0
c1ccc2c(c1)nnn1c3ccccc3nc21,0
COc1ccc(S(=O)(=O)Nc2cc(C(C)C)c(O)cc2C)cc1,0
COc1ccc(S(=O)(=O)CCC(=O)N2CC(=O)N(CCc3ccccc3)C(=O)C2)cc1,0
Cc1onc(-c2ccccc2Cl)c1C(=O)Nc1nn[nH]n1,0
COc1ccc(Cl)cc1CSc1n[nH]c(C)n1,0
Cc1nc(SCC(=O)NCC2CCCO2)c2oc3ccccc3c2n1,0
COc1cc(OC)cc(C(=O)Nc2ccc(-n3cnnn3)c(C)c2)c1,0
CCc1noc(N)c1C(=O)Nc1ccc(F)c(Cl)c1,0
O=C(Nc1ccccc1O)c1ccc(Cl)cc1,0
Cc1ccccc1C(=O)NC1CC(C)(C)NC(C)(C)C1,0
CC(=O)Nc1nnc(Cc2ccccc2)s1,0
Cn1c(N)c(C#N)c2c(c1=S)CSC(C)(C)C2,0
Nc1n[nH]c2c1C1(CCCCC1)Cc1ccccc1-2,0
CC1(C)NC(=O)N(CC(O)COc2ccccc2-c2ccccc2)C1=O,0
CC(C)NS(=O)(=O)c1ccc(CCC(=O)O)cc1,0
CCCc1nnc(NC(=O)c2ccncc2)s1,0
Cc1cccc(CSc2nc(=O)cn[nH]2)c1,0
CCOC(=O)c1ccc(NS(=O)(=O)c2ccc3[nH]c(=O)[nH]c3c2)cc1,0
O=C(Nc1ccc2nc[nH]c2c1)c1ccco1,0
N#CC1=C(N)OC2=C(C(=O)CCC2)C1Cc1ccccc1,0
O=C(Cn1cc2c(n1)CCCCC2)N1CCc2ccccc21,0
CCOc1ccccc1-n1c(SCC(=O)NC)nnc1-c1ccco1,0
CCOc1ccccc1C(=O)Nc1ccccc1C(N)=O,0
CCOc1cccc(NC(=O)Cc2cccs2)c1,0
NNC(=O)c1ccncc1,0
O=C(CCn1c(=O)oc2ccccc21)NCCN1CCc2ccccc2C1,0
COC(=O)c1c(NC(=O)CSc2nncs2)sc2c1CCCCC2,0
CCOc1ccccc1NC(=O)CSc1nnnn1Cc1ccccc1,0
CCN(CCNC(=O)C1CCN(S(=O)(=O)c2cccc3nsnc23)CC1)c1ccccc1,0
CCCCC(=O)Nc1nc2c(OC)ccc(OC)c2s1,0
COc1ccc(OC)c2sc(NC(=O)c3ccc(S(=O)(=O)N(C)C)cc3)nc12,0
CCOc1cccc(-c2nnc3sc(COc4ccc(Cl)cc4)nn23)c1,0
Cc1sc2ncnc(-n3cnc4ccccc43)c2c1C,0
N#CCCCSC1=C(C#N)C(c2ccccc2Cl)CC(=O)N1,0
Cc1cc(/C=N/n2cnnc2)c(C)n1-c1ccc(C(=O)O)cc1,0
COc1cc(C(c2sc3nc(C)nn3c2O)N2CCc3ccccc3C2)cc(OC)c1OC,0
Cc1cccc(NC(=O)Cn2nnc(-c3cccs3)n2)c1C,0
COC(=O)CCC(=O)Nc1cccc(Cl)c1,0
O=C(c1ccc2c(c1)OCO2)N1CCCC(c2ccccc2)C1,0
COc1ccc(NC(=O)c2ccc3c(c2)n(C)c(=O)n3C)cc1,0
CCc1nnc(NC(=O)C2CCN(c3cnccn3)CC2)s1,0
CCCCC(=O)Nc1ccc(Cl)cn1,0
CC(=O)Nc1ccc(NC(=O)c2ccccc2F)cc1,0
COc1cc2c(cc1OC)C(c1cccnc1)CC(=O)N2,0
Cc1ccc(Nc2nc(CSc3nnnn3-c3ccccc3)cs2)cc1,0
CCC(=O)Nc1ccc(N2CCN(C(=O)c3ccccc3C)CC2)cc1,0
CCOC(=O)N1CCN(C(=O)c2ccc3nc4ccsc4c(=O)n3c2)CC1,0
COc1cccc(CN2CCN(C(=O)c3ccco3)CC2)c1OC,0
O=C1OC(N2CCN(C(=O)c3ccco3)CC2)c2ccccc21,0
CCc1nnc(NC(=O)c2nc3nccc(C)n3n2)s1,0
CC(=O)N1CCN(S(=O)(=O)c2cccc(C(=O)Nc3nc4ccccc4[nH]3)c2)CC1,0
Cc1ccc(Cn2ncc3c(N4CCOCC4)ncnc32)cc1,0
Cc1cc(=O)oc(C)c1C(=O)N1CCN(Cc2ccc3c(c2)OCO3)CC1,0
Cc1nc(SCC(=O)NCc2ccco2)nc(C)c1C,0
c1ccc(-c2ccc(CN3CCN(c4ncccn4)CC3)cc2)cc1,0
Cn1nnnc1SCc1cc(=O)[nH]c2ccccc12,0
CC1Cc2nc(SCC(=O)Nc3ccc4c(c3)OCCO4)n(C)c(=O)c2S1,0
O=C(Nc1cc(C(F)(F)F)ccc1F)C1CCC1,0
Cc1cc(OCc2nnc(SCC(=O)OC3CCCCC3)o2)ccc1Cl,0
CC(C)C(=O)Nc1cccc(C(=O)Nc2nccs2)c1,0
CN(C)c1nc(SCCOC(=O)Nc2ccccc2)nc(N(C)C)n1,0
Cc1ccc2nc(NC(=O)C3CCN(S(=O)(=O)c4ccc5c(c4)oc(=O)n5C)CC3)sc2c1,0
O=C(O)CCC(=O)Nc1ccc(S(=O)(=O)N2CCCC2)cc1,0
CCOc1ccc2ccccc2c1C(=O)Nc1cc(=O)n(C)c(=O)n1C,0
Cc1cc(OCCCn2ccnc2)cc(C)c1Cl,0
COCCNc1nc(=S)[nH]c2cc(OC)c(OC)cc12,0
CCOc1c(C#N)c(C#N)c2nc(C)cc(C)n12,0
COc1ccccc1-c1nc(C#N)c(N2CCN(Cc3ccccc3)CC2)o1,0
O=C(CN1C(=O)c2ccccc2S1(=O)=O)NCc1cccnc1,0
COC(=O)CSc1nc2cc(C)ccc2cc1C#N,0
COc1nc(Nc2nc(=O)c3ccccc3[nH]2)nc2ccc(C)cc12,0
CCc1nnc(NC(=O)CSc2nnc(Cc3ccccc3)n2-c2ccc(OC)cc2)s1,0
CCNc1nc(NC(C)(C)C)nc(N(C#N)CC)n1,0
O=C(CC(=O)c1cc(Cl)ccc1O)c1ccccc1,0
CCN(CCNC(=O)CCCn1nc(C)n2c(cc3sccc32)c1=O)c1ccccc1,0
C/C(CC(O)(/C=N/O)c1ccccc1)=N\O,0
Cc1nc2ccccc2c(=O)n1CCCn1ccnc1,0
COCCSc1nnc(-c2cccc(C#N)c2)n1C,0
CN(C)/C=C1\N=C(c2cccs2)OC1=O,0
CCC(C)n1[nH]c(=O)c2c(C)cc(C)nc21,0
Cn1c(=O)[nH]c(=O)c2c1nc(SCCN1CCOCC1)n2Cc1ccccc1,0
C=CCSc1nc2c(c(=O)[nH]c(=O)n2C)n1C(C)C,0
CC1=C(C(=O)OC2CCCCC2)C(c2ccc(C)o2)C2=C(CCCC2=O)N1,0
CCc1nnc(NC(=O)c2ccncc2)s1,0
C1=C(c2ccccc2)CCN(c2nc3ccccc3n3cnnc23)C1,0
COC(=O)c1ccc(OC(=O)c2ccccn2)cc1,0
c1ccn(-c2ncnc3sc4c(c23)CCCC4)c1,0
CCCc1[nH]nc2c1C(c1ccncc1)C(C#N)=C(N)O2,0
CCOC(=O)c1c(CN2CCOCC2)n(-c2ccccc2)c2ccc(O)cc12,0
Oc1ccc(-c2csc(Nc3cccnc3)n2)cc1,0
CC(C)C(NC(=O)C12CC3CC(CC(C3)C1)C2)C(=O)O,0
Cc1cccc(OCc2nc(C#N)c(NCCN(C)C)o2)c1,0
COc1ccccc1Cc1nc(-c2ccc(C)cc2)no1,0
Cn1nnc(NC(=O)c2cccc(F)c2)n1,0
Cc1nc2sc3c(c2c(=O)[nH]1)CCC3,0
CCc1ccc(C2CC(=O)NC(SCC(=O)OC(C)C)=C2C#N)cc1,0
CC1=C(C#N)C(NC(=O)c2ccco2)(C(F)(F)F)C(=O)N1,0
CC1CCCC(NS(=O)(=O)c2ccc3c(c2)OCCO3)C1C,0
CCOC(=O)Cc1csc(NC(=O)C(C)(C)C)n1,0
CCCS(=O)(=O)N1CCCC(C(=O)NCCN(C)Cc2ccccc2)C1,0
COc1ccc(S(=O)(=O)Nc2ccc(F)c(Cl)c2)cc1OC,0
CCCCN(C)Cc1c(C)[nH]c2ccc(OCC)cc2c1=O,0
O=C(CSc1nnc(-c2cnccn2)n1Cc1ccco1)c1ccc(Cl)c(Cl)c1,0
Cc1sc2ncnc(OCC(=O)NCC3CCCO3)c2c1C,0
CCc1ncc(C(O)c2cccc(OC)c2OC)n1C,0
CCOC(=O)c1sc2nc(-c3ccco3)c3c(c2c1N)CC(C)(C)OC3,0
COc1cc(S(=O)(=O)N2CCN3CCCC3C2)ccc1-n1cnnn1,0
CCOc1cc2[nH]c(=O)n(CCCN3CCCC3=O)c(=O)c2cc1OCC,0
CC(=O)C1C2C(=O)N(Cc3ccccc3)C(=O)C2C2c3ccccc3C=CN12,0
O=C(NCc1ccccc1)C1CCN(S(=O)(=O)N2CCCCCC2)CC1,0
O=C(c1ccccc1F)N1CCN=C1SCc1cccnc1,0
N#CC1=C(N)Oc2cc3c(cc2C1c1ccc(Cl)cc1)OCO3,0
CCOC(=O)COc1ccc(C2NC(C(=O)O)CS2)cc1,0
Cc1ccc(S(=O)(=O)N2Cc3ccccc3CC2C(=O)Nc2cc(C)on2)cc1,0
O=C(O)C1CCCCC1C(=O)Nc1nccs1,0
O=C(O)CCN1C(=O)NC2(CCCC2)C1=O,0
Cc1ccc2nc(NC(=O)Cn3cc4c(n3)CCCCC4)sc2c1,0
COC(=O)c1cc(=O)n(Cc2ccco2)/c(=N/c2ccc(F)c(Cl)c2)s1,0
Cc1c(C)c2cc(Cl)c(O)c(CN(C)C)c2oc1=O,0
O=C(CN1C(=O)c2cccc3cccc1c23)Nc1ccc2c(c1)OCO2,0
O=C(NCCc1ccccc1)C1CCN(C(=O)c2sccc2-n2cccc2)CC1,0
O=C(NCc1ccco1)c1nc2ncccn2n1,0
Cc1cc2cc(CNC(=O)C3CCCC3)ccc2n1C,0
CCOc1ccc(-c2nnc(SCC(=O)N3CCOCC3)o2)cc1,0
Cc1nn(-c2ccccc2)c2sc(-c3n[nH]c(=S)o3)cc12,0
Cn1ncc(C#N)c1NC(=O)C1CC(c2c(F)cccc2Cl)=NO1,0
COCC(C)NC(=O)c1ccc(N(C)C)cc1,0
CC/C(=C1/C(=O)CC(C)(C)C(C(=O)OC)C1=O)N1CCCC1,0
CN(C)CCCN1C(=O)c2oc3ccccc3c(=O)c2C1c1cccs1,0
O=C(c1cc2ccccc2o1)c1cccs1,0
COC(=O)c1ccc(CSc2nnc(-c3ccncc3)o2)o1,0
Fc1ccc(CN2CCCCCC2)c(F)c1,0
CNc1ccccc1-c1nc2ccccc2n(C)c1=O,0
c1ccc(CC2CCN(Cc3nc(-c4ccccc4)no3)CC2)cc1,0
O=C(Nc1ccc2oc(-c3cccnc3)nc2c1)c1cccnc1,0
CN(c1cccc(NC(=O)CCSc2ccccc2)c1)S(C)(=O)=O,0
Cc1cc(C)nc(N2CCC(C(=O)NCC3CCCCC3)CC2)n1,0
CCN(CC)C(=O)C1CCCN(Cc2cccc(F)c2)C1,0
O=C(Nc1cc(Cl)ccc1Cl)c1noc2c1CCCC2,0
Cc1cccc2cc(C(c3nnnn3CC3CCCO3)N3CCOCC3)c(=O)[nH]c12,0
O=C(Nc1ccc(Nc2ccccc2)cc1)C1CC1,0
Cc1nn(C)c(C)c1NC(=O)CSc1nnc(C)n1-c1ccccc1,0
c1ccc(-c2oc3ncnc(N4CCOCC4)c3c2-c2ccccc2)cc1,0
COc1cc(SC)ccc1C(=O)NC1CCCCC1,0
Cc1ccc(-n2c(C)nc3oc4ccccc4c(=O)c3c2=O)cc1,0
CCCCC(=O)Nc1ccc(NC(=O)c2cc(OC)c(OC)c(OC)c2)cn1,0
Cc1ccc(-n2nnc3ccccc3c2=O)cc1C,0
COc1ccc(CN(CC(=O)NCc2ccco2)C(=O)CCC(=O)Nc2nccs2)cc1,0
CCC(=O)Nc1cccc(NC(=O)c2ccc3c(c2)OCO3)c1,0
COc1ccc(OCC(=O)N(C)Cc2ccccc2)cc1,0
COC(=O)c1ccc(OCC(O)CN2C(=O)NC(C)(C)C2=O)cc1,0
O=C(CSc1nnnn1Cc1ccccc1)c1ccccc1,0
CCOC(=O)C1=C(N)OC2=C(C(=O)CCC2)C1c1ccc(C)s1,0
COC(=O)c1ccccc1NC(=O)CSc1nnnn1C1CCCCC1,0
CC(=O)Nc1ccc(S(=O)(=O)Nc2nnc(C3CCCCC3)s2)cc1,0
O=C(NCc1ccco1)c1cc(-c2ccc(F)cc2)on1,0
COc1cc(OC)cc(C(=O)N2CCN(Cc3ccccc3C(F)(F)F)CC2)c1,0
O=C1C(Cl)=C(NCC2CCCO2)C(=O)N1c1ccccc1,0
COc1cc(C2=NOC(C(=O)N3CCN(c4ccc(F)cc4)CC3)C2)cc(OC)c1OC,0
Cc1cc(NCCN2CCOCC2)n2ncc(-c3ccccc3)c2n1,0
Cc1[nH]c(SC(C)C)nc(=O)c1Cc1ccccc1,0
O=S1(=O)CC(N2CCCCC2)C(N2CCCCC2)C1,0
CCOC(=O)c1cn[nH]c1N,0
CC(C)C(NC(=O)CCn1nnc2ccccc2c1=O)C(=O)O,0
c1csc(CNc2ncnc3nc[nH]c23)c1,0
O=C(c1ccc(S(=O)(=O)N2CCOCC2)cc1)N1CCN(c2cccc(Cl)c2)CC1,0
Cc1ccc(C(=O)Nc2nnn(C)n2)cc1,0
O=C(Nc1ccc2nc(-c3cccs3)[nH]c2c1)c1cccs1,0
O=C(/C=C/Nc1cccc(O)c1)c1ccccc1,0
O=C(c1nnc(Cc2ccc(Cl)cc2)o1)N1CCc2ccccc2C1,0
COc1nc(NCc2ccco2)nc(N2CCC(C)CC2)n1,0
CC1=CS/C(=C(/C#N)C(=O)N2CCOCC2)N1c1ccccc1,0
CC(C)(C)c1ccc(S(=O)(=O)NCC(=O)N2CCN(C(=O)c3ccco3)CC2)cc1,0
Cc1cccc(-c2c3c(=O)n(C)c(=O)n(C)c3cn2C(C)(C)C)c1,0
CCN1C(=O)c2cccc3c(S(=O)(=O)Nc4nc(C)cs4)ccc1c23,0
Cc1ccc(SC(C)c2nc(-c3ccccc3)no2)cc1,0
Cc1cc(NC(=O)CSc2nnc(-c3cccnc3)n2C)no1,0
Cc1n[nH]c(=O)nc1N1CCN(c2ccccc2)CC1,0
Cc1n[nH]c(SCCc2ccccc2)nc1=O,0
CCc1ccc(CN2C(=O)CCC2(C)C(=O)NC2CCCC2)cc1,0
Nc1nc2c3ccccc3nc(C3CC3)n2n1,0
O=C(COc1ccccc1)Nc1ccc(-c2nnc(-c3ccco3)o2)cc1,0
CC1(C)C2CCC13CS(=O)(=O)NC3C2,0
O=C(CCNNC(=O)c1ccncc1)NCc1ccccc1,0
Cc1sc2nc(SCc3nc4ccccc4[nH]3)n(Cc3ccco3)c(=O)c2c1C,0
Cc1cc(C)n2nc(S(=O)(=O)N(C)Cc3ccccc3)nc2n1,0
CCOC(=O)C1=C(C)N=C2N=C(C)NN2C1c1cc(OC)ccc1OC,0
CCOc1ccc(C)cc1S(=O)(=O)n1ccc(C)n1,0
O=C1NCCCC1C(=O)N1CCN(C(=O)c2ccco2)CC1,0
CN(CC(=O)NC1CCCc2ccccc21)S(=O)(=O)c1ccc2c(c1)c(=O)n(C)c(=O)n2C,0
COC(=O)c1c(NC(=O)c2nc3ncccn3n2)sc(C(=O)N(C)C)c1C,0
CN1CCN(C(=O)CN(Cc2ccc(Cl)cc2)S(C)(=O)=O)CC1,0
CN1C(=O)C(O)(c2sc(N)nc2-c2ccccc2)c2ccccc21,0
COC(=O)c1sc(Nc2ccccc2)nc1C,0
O=C(CSc1ncnc2sc3c(c12)CCCCC3)NCc1ccco1,0
CCc1ccc(N2CC(C(=O)Nc3nccs3)CC2=O)cc1,0
Cc1ccc(-n2c(-c3ccncc3)nnc2-c2ccco2)cc1,1
Cc1cc(C)c(S(=O)(=O)N2CCCCC2)c(C)c1-n1ncnn1,0
CCOC(=O)c1csc(NC(=O)c2ccc(OC)c(OC)c2)n1,0
CCOc1ccc(C(=O)NC2CCN(S(C)(=O)=O)CC2)cc1,0
COc1ccccc1NC(=O)CC(=O)CSc1nnc(-c2ccc(C)cc2)n1C,0
CC(=O)c1c(C)nc(-c2ccc(Cl)cc2)nc1NC(=O)C(C)C,0
OCCN1CN=C(Nc2nc3ccccc3o2)NC1,0
COc1ccc(Nc2nc(N)nc(CN3CCOCC3)n2)cc1,0
O=C(Nc1cccc(O)c1)c1cccc(S(=O)(=O)N2CCCC2)c1,0
COC(=O)C1=C2SC(C)C(=O)N2C(N)=C(C#N)C1c1ccc(OC)c(OC)c1,0
Cc1ccc(S(=O)(=O)N(C)c2nonc2C)cc1,0
CCCC(=O)C1=C(SCC)CC(C)(C)C(C(=O)OC)C1=O,0
CCCCOC(=O)C(C)c1c(C)[nH]c(=S)[nH]c1=O,0
CCOC(=O)c1ccccc1NC(=O)c1ccccc1N(C)S(C)(=O)=O,0
CCN(CCCNC(=O)CCn1c(=O)[nH]c2ccccc2c1=O)c1cccc(C)c1,0
CC(=O)Nc1sc2c(c1C(=O)N1CCOCC1)CCCCC2,0
Nc1nonc1-c1noc(COc2ccccc2Cl)n1,0
CCCCn1c(SCc2ccc(Cl)cc2)nc2c1c(=O)[nH]c(=O)n2C,0
CCOC(=O)C(Cc1ccccc1)NC(=O)CCc1c(C)nc2ncnn2c1C,0
Nc1[nH]c(SCC(=O)N2CCc3ccccc32)nc(=O)c1-c1ccccc1,0
CCn1/c(=N/C(=O)CN2C(=O)CCC2=O)sc2c(OC)ccc(OC)c21,0
CC(C)(C)n1ncc2c(=O)n(CC(=O)Nc3ccccc3)cnc21,0
CN(C)c1ccc(CNC23CN4CN(CN(C4)C2)C3)cc1,0
CS(=O)(=O)N(CC(=O)NCc1ccco1)c1ccc2c(c1)OCO2,0
O=C(CSc1ccccc1)N1CCN(c2ccccc2)CC1,0
COC(=O)c1sc(NC(=O)COc2ccccc2OC)nc1C,0
CN(C)CCCN1C(=O)C(=O)/C(=C(/O)c2ccc3c(c2)OCCO3)C1c1ccco1,0
Cc1c(C(=O)N2CCOCC2)sc(NC(=O)c2ccc3c(c2)OCO3)c1C#N,0
CCN(CC)CCCN1C(=O)C(O)=C(C(=O)c2ccc(C)o2)C1c1ccco1,0
CCc1nc2c(n1O)CCc1nonc1-2,0
Cc1cc(C)n2nc(C(=O)OCCOc3ccc(F)cc3)nc2n1,0
Cc1nn2c3c(cnc2c1-c1ccccc1)C(=O)CC(c1ccco1)C3,0
COc1ccc(N2C(=O)CC(N(Cc3ccc(S(N)(=O)=O)cc3)C(C)=O)C2=O)cc1,0
Cc1nc2ccc(N)cc2s1,0
Cn1c(CNC(=O)Cc2ccc3c(c2)OCO3)nnc1SCc1ccccc1,0
C=CCSC1=C(C#N)C(c2ccccc2)CC(=O)N1,0
CC(=O)Nc1cc(-c2nn3c(C)nnc3s2)ccc1C,0
N#CC(c1nc2ccccc2nc1N1CCCCC1)S(=O)(=O)c1ccc(Cl)cc1,0
Cc1nc(CSc2nc3[nH]ncc3c(=O)n2-c2ccccc2)cs1,0
COc1ccc(Cl)cc1NC(=O)c1c(-c2ccccc2)noc1C,0
CCOc1ccc(C(=O)Nc2cccc(C)n2)cc1,0
COC(=O)c1ccc(N2CCN(C)CC2)c(NC(=O)c2cc3ccccc3o2)c1,0
Clc1ccccc1-c1nnc2sc(-c3ccccn3)nn12,0
CCN(CC)CCN1C(=O)C(O)=C(C(=O)c2sc(C)nc2C)C1c1cccnc1,0
COc1ccccc1NC(=O)CCN1C(=O)C2CC=C(Cl)CC2C1=O,0
Cc1cc(C(=O)CSc2nc(=O)c3ccccc3[nH]2)c(C)n1C,0
CCCSc1nnc2c(n1)OC(c1cccn1C)N(C(C)=O)c1ccccc1-2,0
Cc1nc(-c2cn[nH]c2)c2cc(C)oc2n1,0
Cc1ccnc(Nc2nc(-c3c(C)nc4sccn34)cs2)c1,0
C=C(C)C1Cc2c(C)nn(-c3ccccc3)c2C1,0
CCOc1ccc(NC(=O)c2ccc(S(=O)(=O)N(C)C)cc2)cc1,0
Cc1cc(C)nc(NS(=O)(=O)c2ccc(N)cc2)n1,0
CCCCn1c2nc3ccccc3nc2c2c(=O)n(CCC)cnc21,0
COc1ccc(C2=NOC(C(=O)NCc3ccc(F)cc3)C2)cc1,0
Cn1nnc(NC(=O)c2ccccc2F)n1,0
COC(=O)/C(C(C)=O)=C(\C=C\C=C\N(C)C)N(C)C,0
CC1CCCCN1C(=O)Cn1nnc(-c2cccnc2)n1,0
CSCCC(NC(=O)C1CC1)c1nc2ccccc2[nH]1,0
COc1cccc(C(=O)N(CN2CCCC2=O)c2cccc(Cl)c2)c1OC,0
O=C(Nc1ccccn1)C1CCN(S(=O)(=O)c2cccs2)CC1,0
CCOc1ccc(CCN2C(=O)C3C4C=CC(C4)C3C2=O)cc1OCC,0
COc1ccc(CCNC(=O)c2nc3ncccn3n2)cc1OC,0
COc1ccccc1N(CC(=O)NCc1ccccn1)S(C)(=O)=O,0
OCCn1nc2c3ccccc3nc-2n(-c2ccccc2)c1=S,0
Cc1ccc(C(=O)N2CCN(c3ccccc3)CC2)cc1S(=O)(=O)N1CCCC1,0
N#Cc1c(N)nc2c(c1-c1ccccc1)CCCC2,0
CCOc1ccccc1N(CC(=O)NCc1ccc(OC)cc1)S(C)(=O)=O,0
CSC1=NC2(CCCCC2)C2=C(CCCC2)N1,0
COc1ccc(CNC(=O)C(c2cccs2)N(C(=O)c2csnn2)C2CC2)cc1,0
CC(=O)Nc1nonc1-n1nnc(C(=O)NCc2ccccc2)c1C,0
CC(C)(C)SCCNS(=O)(=O)c1ccc(F)cc1,0
CCOC(=O)CCCCC(=O)c1[nH]c(=O)[nH]c1Cn1ccnc1,0
CC1(C)SC2c3ccccc3C(=O)N2C1C(=O)NCCCN1CCOCC1,0
COCCN(C(=O)c1ccccc1)c1nnc(-c2cccnc2)s1,0
CC(C)C(NC(=O)NCCc1ccc(F)cc1)C(=O)O,0
Cc1cc(C)n(C(=O)c2ccc(NC(=O)C3COc4ccccc4O3)cc2)n1,0
CCOC(=O)c1[nH]c2cc3c(cc2c1NC(=O)CN1CC(C)CC(C)C1)OCO3,0
C/N=c1\sc2ccccc2n1CC(O)COCc1ccco1,0
CCCc1nnc(NC(=O)CCN2C(=O)c3ccccc3C2=O)s1,0
O=C(CSc1ccccc1C(=O)O)NCc1ccco1,0
CC(=O)c1ccc(OCC(O)CN(C)Cc2cccs2)cc1,0
O=c1cc[nH]c2cc(C(F)(F)F)ccc12,0
CC(=O)Nn1c(-c2ccccc2)cc2ccccc21,0
O=C(OCC(=O)N1CCN(c2ccccc2)CC1)c1ccco1,0
C=CCNC(=O)c1ccccc1NC(=O)c1ccccc1,0
Cc1ccc(C(=O)CSc2nnc(COc3cccc4cccnc34)o2)cc1,0
COc1ccc(Cl)cc1NC(=O)CN1CCC(n2nnc3cc(C)ccc32)CC1,0
Cc1cccc(N2C(=O)CC(N3CCN(Cc4ccc5c(c4)OCO5)CC3)C2=O)c1,0
COc1ccc(OC)c(C(=O)c2oc3ccccc3c2NC(C)=O)c1,0
Cc1cc(N(C)C)cc(C)[n+]1[O-],0
Cc1cc(C2C(=O)CC(=O)CC2c2ccccc2)on1,0
COc1ccc(C2C3=C(CC(C)(C)CC3=O)Nc3c2c(=O)[nH]c(=O)n3Cc2ccccc2)cc1OC,0
Cc1csc2nc(CNS(=O)(=O)c3cccnc3)cn12,0
O=C(COc1ccccc1O)N1CCN(C(=O)c2ccco2)CC1,0
COc1ccc(OCC(O)COc2ccc(C(=O)O)cc2)cc1,0
O=C(Cc1c(O)[nH]c2ccccc2c1=O)NC1CCCCCC1,0
COc1ccccc1-c1c(C)nn2c(N3CCCCCC3)cc(C)nc12,0
COc1cc(C(=O)Nc2c(C)cc(C)cc2C)c(-n2cnnn2)cc1OC,0
COc1cccc(NC(=O)Nc2cccs2)c1,0
COC(=O)c1c(NC(=O)CCc2ccc(C)o2)sc(C)c1C,0
O=C1CC(c2ccccc2)CC(=O)C1=CNCc1ccco1,0
CCOC(=O)c1c2n(c3ccc(O)cc13)CCCCC2,0
CCCCN(C)C(=O)c1ccc2c(c1)N(CC)C(=O)c1ccccc1S2(=O)=O,0
COCCNC(=O)CSc1nc2c(n1-c1ccccc1)CCCC2,0
CC1(C)CC(=O)C=C(Nc2ccc(F)cc2)C1,0
COc1ccc(NC(=O)CN2CCN(CC(=O)Nc3ccccc3F)CC2)c(OC)c1,0
CCN1CCN(C(=O)C(NS(=O)(=O)c2ccc3nc(C)sc3c2)C(C)C)CC1,0
Cc1ccc(C(=O)Nc2cccc(C(=O)NCc3ccccc3)c2)o1,0
CCCCN1Cc2cc(C(=O)c3cc(F)ccc3O)cnc2NC1=O,0
O=C(Cc1cccs1)N1CCN(c2ccccn2)CC1,0
O=C(Nc1ccc(N2CCCCC2)cc1)c1cccnc1,0
COc1ccc(OC)c(-c2cc(C(=O)NCc3ccco3)no2)c1,0
Cc1ccc(-c2cc(C(=O)NCCCN3CCOCC3)no2)cc1,0
CCOc1ccc(C(=O)c2nc3c(n2O)CCCC3)cc1,0
COc1cc(/C=C/C(=O)CC(=O)/C=C/c2ccc(O)c(OC)c2)ccc1O,0
CC/N=C1\SC(C(N)=O)CC(=O)N1CC,0
CCn1c(SCc2ccc(C#N)cc2)nnc1-c1ccc(S(=O)(=O)N2CCCCC2)cc1,0
CS(=O)(=O)Nc1nnc(Cc2ccccc2)s1,0
Cc1cc(=O)n2ncnc2n1COCCO,0
CN(CCCC(=O)Nc1ccncc1)S(=O)(=O)c1ccc(Cl)cc1,0
Cc1ccc(NC(=O)c2ccc(S(=O)(=O)NCC3CCCO3)cc2)cc1,0
O=C(CSc1nc(-c2ccccc2Cl)ns1)NCc1ccco1,0
O=C(CCC1=NS(=O)(=O)c2ccccc2N1)NC1CCCCCCC1,0
O=C(CSc1nnc(-c2cccnc2)n1CCc1ccccc1)N1CCCCC1,0
Cc1cc2ccccc2n1CCNC(=O)c1cccs1,0
O=C1OC2(CCCCC2)OC(=O)C1=CNc1ccc2c(c1)OCO2,0
CCc1nnc(NC(=O)CSc2nnc(CCc3nc4ccccc4[nH]3)n2C)s1,0
COc1ccc(-n2ncc3c(NCC(C)C)ncnc32)cc1,0
Cc1ccc(NC(=O)c2c(C)nc(Nc3nc4ccccc4o3)nc2C)cc1,0
COc1ccc(OC)c(NC(=O)CSc2nc3c(c(=O)n(C)c(=O)n3C)n2C)c1,0
CCCOc1cccc(C(=O)N(Cc2ccco2)C2CCS(=O)(=O)C2)c1,0
Cc1cc(C)n(CC(=O)N(C2CCCCC2)C2CCCCC2)n1,0
CCCCC(=O)Nc1cccc(-c2cn3ccsc3n2)c1,0
COc1ccc2[nH]c3c(NCCN4CCCCC4)ncnc3c2c1,0
CC(C)CNC(=O)c1cccc(Cn2cc(Cl)cn2)c1,0
Cc1ccc(-c2nc(NC(=O)CSc3nnc(C)s3)ns2)cc1,0
O=C(c1ccccc1)c1cccn1CC(=O)N1CCN(c2ccc(F)cc2)CC1,0
COc1nc(C#N)c(N2CCOCC2)o1,0
Cc1ccc(C)c(NS(=O)(=O)c2ccc(OCC(=O)N3CCOCC3)cc2)c1,0
O=C(c1cccs1)N1CCN(C/C=C/c2ccccc2)CC1,0
COc1ccccc1CC(=O)N1CCN(c2cccc(C(F)(F)F)c2)CC1,0
CCc1nc(SCC(=O)Nc2ccc(C(=O)O)cc2)n[nH]1,0
CCc1[nH]nc2c1C(c1cccnc1)C(C#N)=C(N)O2,0
CC(C)Cn1nc(NC(=O)C2CCCO2)c2cc3ccccc3nc21,0
c1cc(-c2nc3cc(Oc4ccc5oc(-c6ccncc6)nc5c4)ccc3o2)ccn1,0
CNc1ccc(OC(F)F)cc1C(=O)c1ccccc1,0
CCC(c1nnnn1CCC(C)C)N1CCC(C(N)=O)CC1,0
CSc1nc(Oc2ccc(=O)[nH]n2)nc(N(C)C)n1,0
Cc1cc(C)nc(N2CCCC(C(=O)NCc3cccs3)C2)n1,0
c1ccc(OCc2nn3c(-c4ccco4)nnc3s2)cc1,0
Cn1c(=O)c2cn3c(c2n(C)c1=O)C(c1ccccc1)CC(c1ccccc1)=N3,0
CCN1CCCC1CNC(=O)c1cc2c(-c3cccc(OC)c3)nn(C)c2s1,0
COC(=O)C(NC(=O)C(NC(=O)c1ccccc1)C(C)C)C(C)C,0
COc1cc(C)c(C(C)C)cc1S(=O)(=O)NCCCn1ccnc1,0
CC(C)c1[nH]nc2c1C(Cc1ccccc1)C(C#N)=C(N)O2,0
COc1ccc(C(=O)NCC(=O)Nc2ccccc2)cc1OC,0
Cn1c(NC(=O)c2ccco2)c(-c2ccccc2Cl)c(=O)c2ccccc21,0
CCC1(C)Cc2c(sc3c2c(=O)n(C)c2nnc(SCCc4ccccc4)n32)CO1,0
O=c1[nH]ncc2c3ccccc3n(Cc3ccccc3F)c12,0
Cc1cnn(C(=S)NCc2ccco2)c1,0
CC(C)CCNC(=O)C1C2C=CC3(CN(Cc4ccccc4Cl)C(=O)C13)O2,0
O=C(Nc1ccc(Cc2ccncc2)cc1)c1ccc(S(=O)(=O)N2CCOCC2)cc1,0
Cc1ccc(/C=c2\sc3nc(-c4cccs4)nn3c2=O)o1,0
O=C(Cc1cn2ccsc2n1)OCc1nc2ccccc2s1,0
Cc1nn2c(=O)nc3sc4c(c3c2[nH]c1=O)CCCC4,0
Nc1nc(CN2CCCCC2)cs1,0
O=C(CSc1nnnn1C1CCCCC1)NCc1ccc2c(c1)OCO2,0
COCCSc1ccccc1C(=O)NCCCn1ccnc1,0
COc1ccccc1C(=O)NCCCN1CCCC1=O,0
C=CCn1cc(C(=O)N2CCN(C)CC2)c(=O)c2cc(S(=O)(=O)N3CCCC3)ccc21,0
CC1Cc2ccccc2N1C(=O)CCNS(=O)(=O)c1cccc2nsnc12,0
CCOc1ccc(C(=O)NCCn2cc(SCC(=O)Nc3cc(C)on3)c3ccccc32)cc1,0
CC(C)COc1ccc(C(=O)NC(CC(C)C)C(=O)O)cc1,0
O=C(NCCN1CCOCC1)c1cc2sccc2n1Cc1ccc(Cl)cc1,0
CCOC(=O)c1ccc(NC(=O)Nc2ccc(OC)c(OC)c2)cc1,0
CC(C(=O)Nc1sccc1C(N)=O)N1C(=O)C2CC=CCC2C1=O,0
O=C1c2oc3ccccc3c(=O)c2C(c2ccc(Cl)cc2)N1c1ncccn1,0
Cc1ccc(OCC(=O)N2CCN(C3=NS(=O)(=O)c4ccccc43)CC2)cc1,0
O=C(Nc1ccc(Cl)cc1)NC1CCCC1Cc1ccco1,0
Cn1c(=O)cc(SCC(=O)NCC2COc3ccccc3O2)c2ccccc21,0
Cc1ccc(-c2nnc3ccc(SCC(=O)N4CCCCC4)nn23)cc1,0
Cc1cc(C)nc(-n2nc(C)c(Oc3ccccc3O)c2C)n1,0
CCCSc1nc2n(-c3ccccc3)[nH]cc-2c(=O)n1,0
O=C(Nc1nnc(C2CCCO2)s1)c1cccs1,0
O=C(CCc1nc(-c2ccccc2)no1)N1CCCC1,0
COc1ccc(CNc2nc3nc(C)cc(C)n3n2)cc1OC,0
O=C1OC2CCC1(c1ccccc1)C2,0
O=C(CC(c1ccco1)C1CCCCC1=O)c1ccco1,0
OC1CCN(c2ncnc3nc[nH]c23)CC1,1
O=C(CN1C(=O)c2ccccc2S1(=O)=O)N1CCN(c2ccc(F)cc2)CC1,0
Cc1c(C)n(CC(O)CN2CCCCCC2)c2ccccc12,0
COc1cccc(NC(=O)Cc2nnc(SCC(=O)c3ccccc3)n2C)c1,0
N#Cc1c(-c2ccco2)cc(-c2ccccn2)nc1N,0
O=C(Cc1c(O)[nH]c2ccccc2c1=O)NCc1cccc(F)c1,0
Nc1ccccc1OCCOCCOc1ccccc1N,0
COc1cccc(C2=N/C(=C\N(C)C)C(=O)O2)c1,0
COc1ccc(CN(C(=O)c2cccs2)c2nccs2)cc1OC,0
Cc1nnc(SCc2cccc(Oc3ccccc3)c2)n1N,0
Cc1ccc(-c2cc(C(=O)NCCN3CCOCC3)no2)cc1,0
CCn1c(SCC(=O)Nc2cc(C)on2)nnc1-c1cccnc1,0
Cc1ccsc1CN1CCN(c2ccccn2)CC1,0
COc1cccc(-c2nnc3sc(-c4ccccn4)nn23)c1,0
O=C(Nc1cnccn1)c1csc2ccccc12,0
Cc1ccc(S(=O)(=O)N2CCN(C(=O)CN3CCN(C)CC3)C2)cc1,0
Cc1ccc(S(=O)(=O)N(CCC#N)CCN2CCCC2)cc1,0
CCOC(=O)c1ccc(NS(=O)(=O)N2CCCCCC2)cc1,0
CC(C)(C)c1ccc(NC(=O)COC(=O)C2=COCCO2)cc1,0
CCc1nc(SCC(=O)Nc2nccs2)c2oc3ccccc3c2n1,0
CCOC1CCCCC1NS(=O)(=O)c1ccc(Cl)cc1,0
O=C(Oc1nsnc1N1CCCCC1)N1CCOCC1,0
CCC(=O)Nc1ccc(C(=O)n2ccc(C)n2)cc1,0
CN(C)c1nc2ccc(OCCN3CCCCC3)cc2s1,0
Cn1cnc2c1c(=O)n(Cc1ccccc1)c(=O)n2C,0
CCN(CC)CCCN1C(=O)C(O)=C(C(=O)c2sc(C)nc2C)C1c1ccc(C)o1,0
CCc1nnc(SCC(=O)NC2CCCCC2)nc1CC,0
C=CCn1cc(C(=O)OC)c(=O)c2cc(S(=O)(=O)N3CCC(C)CC3)ccc21,0
CCn1c(COc2ccc(Cl)cc2)nnc1SCC(=O)Nc1ccc2c(c1)OCCO2,0
Cc1ccc(NCc2nnc(SCC(=O)Nc3ncc(C)s3)n2Cc2ccco2)c(C)c1,0
COc1cc2[nH]c(=S)n(CCN3CCOCC3)c(=O)c2cc1OC,0
CCNC(=O)COC(=O)COc1ccc(Cl)cc1C,0
Cc1cc(C)cc(NCC(=O)Nc2c(C)cccc2C)c1,0
CCOC(=O)c1nn(-c2ccccc2)c(C(=O)OCC)c1N,0
CN(C)c1nc2n(c(=O)n1)CCO2,0
CC12CN3CC(C)(CN(C1)C31CCSCC1)C2=O,0
Cc1ccc(-n2nc3c(c2NC(=O)CCC2CCCCC2)CS(=O)C3)cc1,0
N#C/C(=C1/CCCCCN1)c1nc2ccccc2s1,0
N#CCSc1nc2c(cc1C#N)CCCCCC2,0
C=CCN1C(=O)NC(=O)/C(=C\Nc2ccc(N(CC)CC)cc2)C1=O,0
COC(=O)CCn1nnc(-c2cccs2)n1,0
CC1(C)CC(=O)C2=C(C1)Oc1ncn(Cc3ccco3)c(=N)c1C2c1ccccc1,0
O=C(Cc1cn2ccsc2n1)OCc1ccccc1,0
CCC(C)N(C(=O)COC(=O)c1cn(CC)c2nc(C)ccc2c1=O)C1CCS(=O)(=O)C1,0
CCOC(=O)Cn1ncc2c(=O)oc3ccccc3c21,0
CSc1nnc(C(C)NC(=O)OC(C)(C)C)o1,0
Cc1cc(Cl)ccc1OCC(=O)N1CC(C)CC(C)C1,0
O=C1C=C(NCc2ccco2)C2(CCCCC2)O1,0
Cc1cc(NC(=O)CCC2COc3ccccc3O2)no1,0
O=C(Nc1ccccc1C(=O)N1CCOCC1)C1CCC(=O)N1C1CCCC1,0
O=C(CSc1ccc2nnc(-c3ccccc3)n2n1)NCC1CCCO1,0
COCCn1nnnc1SCC(=O)N1CCCCC1,0
COC(=O)c1ccc(NS(=O)(=O)N(C)C)cc1,0
COC(=O)c1ccccc1NC(=O)CSc1nnc(CNS(=O)(=O)c2ccc(C)cc2)n1C,0
C=CCn1c(SCC(=O)N2CCOCC2)nc2sc3c(c2c1=O)CCCC3,0
CCOC(=O)CSc1cc(C)nc(NC(C)=O)n1,0
COC(=O)CSc1nnc2c(C)cc3cc4c(cc3n12)OCCO4,0
CCCCC(=O)Nc1nn(C)c2nc3c(C)cccc3cc12,0
CC1N=C2c3ccccc3N=C(SCc3cc(=O)n4cc(Cl)ccc4n3)N2C1=O,0
CS(=O)(=O)N(CC(=O)N1CCOCC1)Cc1ccccc1,0
C=CCNC(=O)CN1CCC(O)(c2ccc(F)cc2)CC1,0
C=CCNC(=O)C1CCN(S(=O)(=O)c2ccccc2)CC1,0
CN1CCC(OC(=O)C23CCC(C)(C(=O)O2)C3(C)C)CC1,0
O=C(CCS(=O)(=O)c1ccc(Cl)cc1)OCC(=O)N1CCCCC1,0
Cc1ccc(N(CC(O)CN2CCCC2)S(=O)(=O)c2ccccc2)cc1,0
Cc1nc2ccc(S(=O)(=O)N(C)CC(=O)N3CCc4ccccc43)cc2s1,0
CC1(C)Cc2ccccc2-c2nnc(-c3ccccn3)n21,0
COC(=O)c1oc2nc(C)cc(C)c2c1N,0
CCNS(=O)(=O)c1ccc2nc(NC(=O)c3cccnc3)sc2c1,0
N#CC1=C(N)Oc2cc(O)ccc2C1c1ccccc1,0
COC(=O)CSc1nc2ccccc2c(=O)n1C,0
O=C(CSc1ccccc1)Nc1ccccc1N1CCOCC1,0
COc1ccc(-n2c(SCC(=O)Nc3ccccc3)nc3c(c2=O)SCC3)cc1,0
Cc1cccc(NC2=NC3(CCCCC3)N=C(N)N2)c1C,0
COc1ccc(C(=O)CSc2n[nH]c(-c3ccco3)n2)cc1,0
CCn1cc(C(=O)NCC2CCCO2)c(=O)c2cc(S(=O)(=O)N(C)C3CCCCC3)ccc21,0
O=C1CC(c2nc3ccccc3[nH]2)CN1c1ccccc1,0
OCCn1c(CSc2nc3ccccc3n2CCO)nc2ccccc21,0
O=C(Nc1cccnc1)c1cnn2cccnc12,0
CCOc1ccc(Nc2oc(-c3cccs3)nc2C#N)cc1,0
c1ccc(OCCCc2nc(-c3ccccn3)no2)cc1,0
Cc1ccc2c(C)nc(NC3=NCN(Cc4ccccc4)CN3)nc2c1,0
O=C1CC(N2CCN(S(=O)(=O)c3ccc(Cl)cc3)CC2)C(=O)N1CCc1ccccc1,0
Cc1nc2ccccc2c(=O)n1-c1ccc(F)cc1,0
N#Cc1c(N)n(CCSc2ccccc2)c2nc3ccccc3nc12,0
CCC(CC)C(=O)Nc1cccc(C(=O)NCc2ccco2)c1,0
Cc1cccc(-n2c(=O)[nH]c3c(C(N)=O)nc(CC(C)C)nc32)c1,0
Cc1sc2ncnc(Oc3ccc(-n4ccnc4)cc3)c2c1C,0
CCCCc1c(C)c2ccc(OC)c(/C(C)=N/O)c2oc1=O,0
Cc1cccc(C)c1Nc1nc2ccccc2o1,0
COCc1cc(C)nc(Nc2ccccc2C)c1C#N,0
O=C(NCc1ccccc1)c1ccc(=O)[nH]n1,0
CCSCc1nnc(SCC(=O)c2ccc(OC)cc2)n1C,0
CCOC(=O)CSc1nc2cc(OCC)ccc2cc1C#N,0
CCOc1ccc(NC(=O)c2oc3ccccc3c2NC(=O)C2CC2)cc1,0
O=C(NCCc1ccc(Cl)cc1)c1nnc(Cc2ccc(Cl)cc2)o1,0
O=c1n(-c2ccccc2)c(=O)n(Cc2ccccn2)n1Cc1ccccn1,0
O=C(O)c1ccc2oc(SCC(=O)N3CCCCC3)nc2c1,0
CC1(C)Cc2c(c(-c3ccco3)nc3n[nH]c(N)c23)CO1,0
COc1ccc(OCC(=O)Nc2ccc(S(=O)(=O)N3CCCCCC3)cc2)cc1,0
c1ccc(-c2nc3ccccc3c3nncn23)cc1,0
Oc1ccc(-c2nc3ccccn3c2NCc2ccc3c(c2)OCO3)cc1,0
CNC(=O)c1ccc(N(Cc2ccccc2C)S(C)(=O)=O)cc1,0
Cc1cc2ncc(C(=O)Nc3ccccc3)c(C)n2n1,0
CSc1nsc(SC)c1NC(=O)Nc1ccccn1,0
O=S(=O)(Nc1cccc(-c2cn3ccsc3n2)c1)c1ccc(F)cc1,0
C=CCOC(=O)C1=C(C)NC(SCC(=O)Nc2ccc(C)c(Cl)c2)=C(C#N)C1c1ccco1,0
Cn1cccc1CNC(=O)Nc1ccc(Cl)cc1,0
Cc1cccc(OCc2nnc(SCC(=O)N3CCCC3)n2C)c1,0
COc1ccc(CC(=O)Nc2cc(Cl)ccc2O)cc1,0
CCOC(=O)n1c(=O)oc2cc(S(=O)(=O)N3CCCCC3)ccc21,0
CCOc1ccc(OCC)c(NC(=O)C2CCCN(c3ncccn3)C2)c1,0
CCCN(CC1CC1)C(=O)Nc1ccccc1C,0
N#Cc1c(-c2ccccc2)cc(C2CC2)nc1N,0
O=C(NCc1ccccn1)c1cn(Cc2ccccc2)nn1,0
Cn1c(=O)c2c([nH]c(=O)n2C)n(C)c1=O,0
Cc1cc(=O)nc2n(C3CCCC3)[nH]c(C)c1-2,0
O=S(=O)(Nc1ncccn1)c1ccc(Nc2ncnc3ccccc23)cc1,0
CCCSc1nnc(NC(=O)Nc2ccc(F)cc2)s1,0
O=C(c1cc(-c2ccco2)on1)N1CCN(c2ccccc2)CC1,0
Cn1c(NC(=O)c2ccco2)c(-c2ccccc2)c(=O)c2ccccc21,0
O=C(C1CCN(S(=O)(=O)N2CCOCC2)CC1)N1CCN(Cc2ccc3c(c2)OCO3)CC1,0
Cc1cc(NS(=O)(=O)c2ccc(Nc3nc(-c4sc(N)nc4C)cs3)cc2)no1,0
Cc1ccc(-n2ncc3c(NCCCN4CCCC4=O)ncnc32)c(C)c1,0
CCC(C)NC(=O)C1c2ccccc2C(=O)N1Cc1ccccc1OC,0
CC1(C)CC(CC(=O)O)(c2ccccc2)CCO1,0
Cc1cc(C(C)(C)C)cc(S(=O)(=O)NCCO)c1C,0
C=CCn1c(SCC(=O)NCc2cccs2)nnc1C1CCCCC1,0
CCN1C(=O)CC(N2CCN(c3ccc(OC)cc3)CC2)C1=O,0
COc1ccc(/C=N/n2cncn2)cc1COc1ccc(NC(C)=O)cc1,0
O=C(NCC1COc2ccccc2O1)C1CCC(CNc2c(N3CCCCC3)c(=O)c2=O)CC1,0
Cn1c(=O)[nH]c(=O)c2c1nc(N1CCCCC1)n2CCSc1ncccn1,0
O=c1cc(N2CCc3ccccc3C2)[nH]c(=O)n1Cc1ccc(F)cc1,0
Cn1c(=O)c(C(=O)CSc2nncs2)c(N)n(Cc2ccccc2)c1=O,0
COc1ccc(-c2nnnn2CCc2ccccc2)cc1,0
O=C(NCc1ccccc1F)C1CCCN(C(=O)NC2CCCCC2)C1,0
CSC1=NCCN1C(=O)c1cccs1,0
Cc1ccc(Cl)cc1N1CCN(S(=O)(=O)c2ccc3c(c2)OCCO3)CC1,0
COc1ccccc1NC(=O)c1ccc(CN2CCOCC2)cc1,0
O=C(NC12CC3CC(CC(C3)C1)C2)N1CCN(c2ccccn2)CC1,0
CCOc1ccc2[nH]cc(C(=O)N3CCN(CC)CC3)c(=O)c2c1,0
Cc1oc(-c2ccc(Cl)cc2)nc1CSCC(=O)NCCCN1CCOCC1,0
COCCCN1C(=O)C(=O)/C(=C(/O)c2ccccc2)C1c1ccc(N(C)C)cc1,0
Cc1cccc(C(=O)O)c1NC(=O)c1ccc(F)cc1,0
Cc1cc(-c2ccccc2)nc(N2CCC(C(=O)NC(C)C)CC2)n1,0
Nc1nonc1-c1noc(N2CCOCC2)n1,0
CCOC(=O)c1cccc(NC(=O)CSc2nnc(COc3ccc(Cl)cc3)o2)c1,0
O=S(=O)(c1ccc(F)cc1)N1CCCC(CO)C1,0
CCOc1ccc(-c2nc(C#N)c(NC3CC3)o2)cc1,0
CCOc1cc(S(=O)(=O)NC2CC(C)(C)NC(C)(C)C2)ccc1F,0
Cc1cccc(C(=O)N2CCC(n3nnc4cc(F)ccc43)CC2)c1,0
O=C(NCc1cccc(Cl)c1)c1cnccn1,0
COC(=O)C1=C(C)N(c2ccc(F)c(Cl)c2)C(=O)C1,0
O=C1c2ccccc2C(Nc2ccc(Cl)cn2)N1c1cccnc1,0
Cc1ccc(S(=O)(=O)NC2=NCN(CCN3CCOCC3)CN2)cc1,0
CC1CCCN(S(=O)(=O)c2ccc(C(=O)Nc3nnc(-c4ccccc4Cl)o3)cc2)C1,0
CC(C)C(C)(C#N)NC(=O)CSc1nnc(-c2ccncc2)n1Cc1ccccc1,0
COc1ccc2c(CC(=O)N3CCN(S(=O)(=O)c4cccs4)CC3)coc2c1,0
Cc1occc1-c1nnc(SCC(=O)NCC2CCCO2)n1C,0
COC(=O)Nc1ccc(S(=O)(=O)N2CCCc3ccccc32)cc1,0
O=c1cc(-c2ccccc2)nc2nc(-c3ccco3)[nH]n12,0
COCCNC(=O)Cn1cnc2ccc(S(=O)(=O)N3CCC(C)CC3)cc2c1=O,0
CCOc1ccccc1N(CC(=O)Nc1ccc(C)cc1)S(C)(=O)=O,0
Cn1c(=O)c2c(ncn2CC(=O)Nc2nnc(Cc3ccccc3)s2)n(C)c1=O,0
C=CCn1c(Cc2ccc(OC(C)C)c(Cl)c2)nnc1SCC(N)=O,0
CCN(CC)c1ccc(-c2nc3cnccc3n2C)cc1,0
CCOC(=O)c1ccc2c(c1)N(Cc1ccccc1C)C(=O)c1ccccc1S2=O,0
CCC(=O)Nc1ccc(S(=O)(=O)N2CCc3ccccc3C2)cc1,0
CCCCS/C(=C(/C#N)C(N)=O)c1cc2c([nH]1)CCCC2,0
COc1ccc(OC)c(Nc2cc(C)nc3ccccc23)c1,0
O=S(=O)(Nc1ncn[nH]1)c1ccc2ccccc2c1,0
CC(=O)Nc1nonc1NC(=O)CSc1ncn[nH]1,0
COC(=O)CSc1nc2cc(Cl)ccc2c(=O)n1C1CCCC1,0
COc1cccc(-n2nnnc2SCC(=O)NCCc2ccccc2)c1,0
COc1cc(C2Nc3ccccc3C(=O)N2c2ccccc2OC)ccc1O,0
COC(=O)c1sc2nc3c(cc2c1N)C(=O)CC(C)(C)C3,0
CN(C(=O)c1cccc(C#N)c1)c1nnc(-c2ccccn2)s1,0
O=C(O)C/N=C(/NS(=O)(=O)c1ccccc1)c1ccccc1,0
COC(=O)CSc1cc(C(=O)c2nccn2C)c2ccccc2n1,0
CCOC(=O)N1CCN(c2nnnn2-c2ccccc2)CC1,0
O=C(CN1C(=O)c2ccccc2C1=O)Nc1cccc2cccnc12,0
O=C(CSc1nc2ccccc2o1)N1CCN(c2ccc(Cl)cc2)CC1,0
COc1cccc(-c2nc(CS(=O)CC(=O)NCc3ccccc3Cl)c(C)o2)c1,0
COc1cccc(NC(=O)C2CC(=O)OC23CCOC(C)(C)C3)c1,0
CCOc1ccc(CNC23CN4CN(CN(C4)C2)C3)cc1,0
COc1cccc(CN(Cc2ccco2)C(c2ccc(F)cc2)c2nnnn2C(C)(C)C)c1,0
CCOC(=O)c1ccc(Oc2nc(NC)nc(SC)n2)cc1,0
C=CCc1ccccc1OCC(O)Cn1ccnc1C,0
CN(CC(=O)Nc1sccc1C#N)C1CCCCC1,0
CC(C)C(/C([O-])=C/[N+]#N)N1C(=O)c2ccccc2C1=O,0
O=C1NC(=O)C2(Cc3ccccc3N3CCCC32)C(=O)N1c1cccc(Cl)c1,0
CCOC(=O)CSc1n[nH]c(-c2ccco2)n1,0
CC1(C)CC(C#N)(N2CCOCC2)CCO1,0
N#Cc1cccc(CSc2nnc(CCCO)n2-c2ccccc2)c1,0
CS(=O)(=O)N(CC(=O)N1CCCC1)c1cccc(Cl)c1,0
COC(=O)COc1ccc(S(=O)(=O)NCC2CCCO2)cc1Cl,0
CCNc1nc(NCC)n2c(SCC(=O)O)nnc2n1,0
O=C(NCc1ccco1)Oc1ccccc1,0
CCCCOC(=O)Nc1cc(OC)c(Cl)cc1OC,0
CCC(CC)C(=O)Nc1cc(=O)n(C)c(=O)n1C,0
N#Cc1c(NC(=O)CSc2ncn(-c3ccccc3)n2)sc2c1CCCC2,0
Cc1nc2ccc(S(=O)(=O)N(C)CC(=O)N3CCc4ccccc4C3)cc2s1,0
O=C(CS(=O)(=O)Cc1ccccc1)N1CCN(C(=O)c2ccco2)CC1,0
COc1ccc(S(=O)(=O)n2c(CCN3CCOCC3)nc3ccccc32)cc1,0
CNC(=O)CSc1nnc(-c2cccnc2)n1CCc1ccccc1,0
COC(=O)c1c(N)sc(C(=O)N2CCOCC2)c1C,0
COc1ccc(CCNC(=O)NC2CCCCC2)cc1OC,0
COc1ccc(C(=O)Nc2ccc(-c3cn4ccsc4n3)cc2)cc1S(=O)(=O)N1CCOCC1,0
Cc1occc1C(=O)N1CCCc2ccccc21,0
Cc1csc(NC(=O)CSc2nnc(C)n2Cc2ccco2)n1,0
CCOC(=O)C1CCN(S(=O)(=O)c2cccc(-c3csc(C)n3)c2)CC1,0
CCCCOCCCNS(=O)(=O)Cc1ccccc1,0
CC1(C)CC(=O)C(=CNc2ccc(Cl)cn2)C(=O)C1,0
CCOc1ccccc1NC(=O)Cn1nnc(C(=O)Nc2ccc(C)cc2)c1N,0
CCOC(=O)c1[nH]c(C)c(C(=O)NC2CCCCCC2)c1C,0
O=C(CS(=O)(=O)Cc1ccccc1)Nc1cccnc1,0
CCn1c(CNc2ccccc2Cl)nnc1SCC(=O)OC1CCCCC1,0
CCOc1nc2ccccc2nc1NS(=O)(=O)c1ccccc1,0
Cc1nnc(NC(=O)C2COc3ccccc3O2)s1,0
CCn1c(CNc2ccccc2Cl)nnc1SCCN1CCCCC1,0
CC1=C(C(=O)N2CCC3(CC2)OCCO3)C2(CCC(C)CC2)OC1=O,0
COc1ccc(N2CCN(C(=O)c3c(-c4ccccc4)noc3C)CC2)cc1,0
O=C1CC(c2ccccc2)CC(=O)C1=CNCC1CCCO1,0
CCN1CCN(C(c2cccs2)C(C)NC(=O)c2cccc(OC)c2OC)CC1,0
COc1cccc(NC(=O)c2ccc(S(=O)(=O)N3CCCCC3)cc2)c1,0
CCOC(=O)CNC(=O)CNC(=O)c1ccc(OCC(C)C)cc1,0
CC(=O)c1sc(NC(=O)C=C(C)C)nc1C,0
N#Cc1ccc(-c2cccnc2)nc1SCC(=O)Nc1sc2c(c1C#N)CCC2,0
Cc1cc2ncn(S(=O)(=O)c3ccc(S(=O)(=O)N4CCOCC4)cc3)c2cc1C,0
CCc1nc(SCC(=O)Nc2c(C)n(C)n(-c3ccccc3)c2=O)n[nH]1,0
O=C1NC(=O)N(Cc2ccc(F)cc2)C(=O)/C1=C/NCc1cccnc1,0
Cn1c(SCC(=O)Nc2sc3c(c2C#N)CCC3)nnc1C1COc2ccccc2O1,0
C=CCn1c(Cc2ccc(OCC)cc2)nnc1SCC(N)=O,0
COc1ccc(OCCSc2ncnc3nc[nH]c23)cc1,0
Cc1ncoc1C(=O)Nc1ccccc1C(N)=O,0
COc1ccc(Cl)cc1NC(=O)CN1CCC(n2nnc3ccccc32)CC1,0
CCc1ccc(N2CCCn3c2nc2c3c(=O)n(CCN3CCOCC3)c(=O)n2C)cc1,0
Cn1c(CCN2CCCCC2)nc2cc(NS(=O)(=O)c3ccc(Cl)cc3)ccc21,0
CC1(C)CC(=O)C/C(=N/c2ccc3[nH]c(=O)[nH]c3c2)C1,0
CCCn1nnnc1NCc1cccn1C,0
COc1ccc(C2=NOC(COc3ccccc3NC(C)=O)C2)cc1OC,0
CCCNC(=O)N(C)c1nncnc1C(=O)NC,0
CCc1noc(C)c1C(=O)NCCc1ccc(OC)c(OC)c1,0
CC(=O)c1cc(-c2ccccc2)n(CC(=O)N2CCN(C3CCCC3)CC2)c1C,0
CCOc1cc(NS(C)(=O)=O)c(OCC)cc1NC(=O)c1cccs1,0
COC(=O)CC1SC(=O)NC1=O,0
CN(C)c1ccc(/C(=N\O)C(F)(F)F)cc1,0
CCOC1=CC(=O)/C(=C2\NNC=C2Oc2ccccc2OC)C=C1,0
O=C1NC(=O)C(=CNC2CCN(Cc3ccccc3)CC2)C(=O)N1,0
CC(C)N1C(=O)CCC1C(=O)NCCc1ccc(Cl)cc1,0
C=C(C)CSc1nnc(-c2cccc(S(=O)(=O)N(C)C)c2)n1-c1cc(OC)ccc1OC,0
c1ccc(-c2ncnc3nc4n(c23)CCC4)cc1,0
CCSc1nc2c(c(=O)n1Cc1ccccc1)SC(C)C2,0
CCC(Sc1ccc2nnc(-c3ccc(F)cc3)n2n1)C(=O)OC,0
COCC(C)n1c(C)cc(C(=O)COC(=O)c2ccc3ncsc3c2)c1C,0
O=C(Nc1nnc(-c2ccc3c(c2)OCCO3)o1)c1ccc(Cc2ccccc2)cc1,0
O=C(O)CN1CCN(Cc2ccc(F)cc2Cl)C1=O,0
CCOC(=O)Nc1sc2c(c1C#N)CCC(C)C2,0
CCC(=O)Nc1ccc(S(=O)(=O)c2ccc(NC(=O)CC)cc2)cc1,0
Cc1cc(C)c(NC(=O)C(C)(C)C)c(Cl)c1,0
Cc1nn(-c2ccccc2)c2c1C1(C(=O)Nc3ccccc31)N1C(=N2)Sc2ccccc21,0
Cc1[nH]c2ccccc2c1SCC(=O)N1CCOCC1,0
COc1cccc(-c2nnc(SCC(N)=O)n2-c2ccc(Cl)cc2)c1,0
CCN1CCCC1CNC(=O)Cn1cccc1C(=O)c1ccccc1,0
COc1ccc(S(=O)(=O)Nc2cccc(Cl)c2)cc1OC,0
CCOC(=O)NCCc1c(C)nc2c(c(C)nn2C(C)(C)C)c1C,0
CC(=O)Oc1ccc(N(C(C)=O)S(=O)(=O)c2cccs2)cc1,0
COc1ccc(OC)c(NC(=O)CN2CCC(C(=O)c3ccc(C)cc3)CC2)c1,0
Cc1ccc(-n2c(=O)[nH]c3c(C(N)=O)nc(-c4ccc(C)o4)nc32)cc1,0
C#CCN1C(=O)C(O)(CC(=O)c2cc(OC)ccc2OC)c2ccccc21,0
CCOc1ccc(-n2c(Cc3cc(=O)[nH]c(=O)[nH]3)nnc2SCC)cc1,0
CCc1nnc(NC(=O)c2cccc(S(=O)(=O)N3CCN(c4ccccc4)CC3)c2)s1,0
Cc1onc(-c2ccccc2Cl)c1C(=O)Nc1cccc2cccnc12,0
c1ccc2[nH]c(SCc3cscn3)nc2c1,0
Cc1ccc(S(=O)(=O)N2CCOCC2)cc1C(=O)OCC(=O)N1CCc2ccccc2C1,0
Cc1nn(C(C)(C)C)c(OC(=O)C2CCCC2)c1S(=O)(=O)c1ccccc1,0
CCn1c(CNC(=O)COC)nc2ccccc21,0
CCOc1cccc(-c2nn3c(-c4cc(C)[nH]n4)nnc3s2)c1,0
Cn1c(SCC(=O)NC2CCCC2)nc2cccnc21,0
COc1cccc(-c2csc(NC(C)=O)n2)c1,0
O=C(NCCN1CCCC1=O)Nc1ccccc1,0
Nc1ncnc2nc(Sc3ccc(Cl)cc3)[nH]c12,0
Cc1cccc(NC(=O)C2CCCN2S(=O)(=O)c2cccc3cccnc23)c1,0
O=S(=O)(c1ccc2c(c1)OCCO2)N1CCC(c2nc3ccc(Cl)cc3[nH]2)CC1,0
CC(=O)NC(c1ccccc1)c1nc2ccccc2[nH]1,0
Cn1cccc1C(C(=O)NC1CCCCC1)N(C(=O)Cc1cccs1)c1ccc2c(c1)OCO2,0
CCCOC(=O)Nc1sc2c(c1C(=O)OCC)CCC2,0
CC(C)CC(OC(=O)c1cccs1)C(=O)NCc1cccs1,0
CCCn1cc(SCC(N)=O)c2ccccc21,0
CCOc1ccccc1N1CCN(S(=O)(=O)c2cccs2)CC1,0
COc1ccccc1Nc1ncc(-c2cccs2)s1,0
CCOC(=O)c1cnn(-c2ncnc3sc4c(c23)CCC4)c1N,0
CCC(OC(=O)c1cccs1)C(=O)NCc1ccco1,0
Cc1c(C)n(Cc2ccccc2)c2ncnc(N)c12,0
O=C1C(Cl)=C(N2CCCCC2)C(=O)N1c1ccccc1,0
CCOc1cc(-c2nc(-c3ccncc3)no2)cc(OCC)c1OCC,0
COc1ccc(S(=O)(=O)N(C)CC(=O)NC2CC2)cc1,0
CSc1nn(CCc2ccncc2)c(=S)s1,0
c1ccc(OCCSc2nnc3sc4ccccc4n23)cc1,0
CCn1c(SCC(=O)O)nnc1C1CCCCC1,0
c1ccc(-c2nnc(-c3ccco3)n2-c2ccccc2)cc1,0
Cn1c(=O)c2c(nc(N3CCCCC3)n2C)n(C)c1=O,0
CCNc1nc(NCC)nc(-n2nc(C)cc2C)n1,0
Cn1c(COc2ccccc2)nnc1SCCN1CCOCC1,0
CCC12CN3CC(CC)(CN(C1)C3c1ccccc1Cl)C2O,0
COc1ccc(C(=O)N2CCCN(C)CC2)cc1S(=O)(=O)N1CCCc2ccccc21,0
CN(CC(=O)NCc1ccc(F)cc1)S(=O)(=O)c1cccc2nsnc12,0
Cc1cc(-c2ccccc2)nn1-c1nc2c(c(=O)[nH]c(=O)n2C)n1C,0
CCN1CCn2c1nc(N1CCCCC1)nc2=O,0
C=CCOC(=O)C1=C(C)NC(C)=C(C(=O)OCC=C)C1c1ccc(O)cc1,0
COc1cc(S(=O)(=O)Nc2ccccc2C)ccc1Cl,0
O=c1[nH]n(CC2COC3(CCCCC3)O2)c(=O)c2ccccc12,0
CCn1cc(/C=C(/C#N)S(=O)(=O)c2ccccc2)cn1,0
CCOC(=O)Cc1csc(NC(=O)CSc2nc3cccnc3n2CC)n1,0
CCOC(=O)c1sc(NC(=O)c2ccc(C)o2)nc1C,0
CCN1CCN(c2ncc(C(=O)Nc3cc(Cl)ccc3OC)c3ccccc23)CC1,0
N#Cc1ccc(N2CCNCC2)c(F)c1,0
CC(C)OCCCNc1ncnc2c1[nH]c1ccccc12,0
O=C(CN1CCC(n2nnc3cc(F)ccc32)CC1)Nc1ccccc1N1CCOCC1,0
Cc1ccc(CNC(=O)c2ccccc2NC(=O)CSc2nnnn2C)cc1,0
Cc1occc1-c1nnc(SCC(=O)N2CCOCC2)o1,0
COc1cccc(NC(=O)CNC(=O)c2ccc(F)cc2)c1,0
O=C(CS(=O)CC(=O)Nc1ccc(Cl)cc1)NCC1OCCc2ccccc21,0
O=c1c2c3c(sc2nc2n1CCCCC2)CCCCC3,0
Cc1noc(C)c1COC(=O)CCc1nc2ccccc2s1,0
COc1cc2ccccc2cc1C(=O)OCC(=O)N1CCOCC1,0
Cc1nc(N2CCN(c3ncccn3)CC2)c2oc3ccccc3c2n1,0
COc1cc2c(C(=O)NCCCOC(C)C)cn(CC(C)C)c(=O)c2cc1OC,0
O=C(c1ccccc1)c1cccn1CC(=O)N1CCCCCC1,0
CC1(C)Cc2c(sc3c2c(=N)n(Cc2ccco2)c(=O)n3Cc2ccccc2)CO1,0
CSc1nc(NC(C)C)nc(N2CCOCC2)n1,0
CC1CCc2cc(F)cc3c(=O)c(C(=O)NCc4ccco4)c(O)n1c23,0
O=C(NCc1ccco1)NCC(F)(F)F,0
C/C=C/c1ccc(OCCCN2C(=O)NC(C)(C)C2=O)c(OC)c1,0
Cc1cccc(CCNC(=O)C2CCCN(S(=O)(=O)c3cccc4nsnc34)C2)c1,0
O=C(NCCN1CCOCC1)c1cn(CCc2ccccc2)nn1,0
CS(=O)(=O)Nc1ccc(C(=O)NCc2cccnc2)cc1,0
COCCNC(=O)CSc1nc2ccccc2c(=O)n1CC1CCCO1,0
Cc1cc(N)c(NC2=CC(=O)CC(C)(C)C2)cc1C,0
COc1ccc(NC(=O)CN(c2cc(C)cc(C)c2)S(=O)(=O)c2c(C)noc2C)cc1,0
CCOC(=O)N1CCN(C(=O)CSc2nc(-c3cccc(C)c3)ns2)CC1,0
CCCCNC(=O)CCC(=O)Nc1ccc2nc(N3CCOCC3)cc(C)c2c1,0
CN(C)Cc1nc2ccccc2c(=O)n1Cc1nc(-c2cc3ccccc3o2)cs1,0
Cc1ccccc1NC(=O)C1CCN(c2cnccn2)CC1,0
O=C(CN1C(=O)c2cccc3cccc1c23)NCc1ccc2c(c1)OCO2,0
Cn1c(=O)cc(OCC(=O)Nc2ccccn2)c2ccccc21,0
CCC(C)NC(=O)C(Cc1ccccc1)NS(=O)(=O)c1cccc2nsnc12,0
COc1cccc(CC(=O)NCC2COc3ccccc3O2)c1OC,0
Cc1ccc2nsnc2c1S(=O)(=O)N1CCN(C(=O)C2CCCO2)CC1,0
O=C(Cn1cnc2c(cnn2-c2ccccc2)c1=O)N1CCN(c2ccc(F)cc2)CC1,0
CCCCOc1ccccc1C1CC(=O)NC2=C1C(=O)CCC2,0
Cc1ccc(CSc2nnc(-c3ccccn3)n2C)cc1,0
CCCc1cc(NCCCCO)n2c(nc3ccccc32)c1C#N,0
COC(=O)NCC(c1cccnc1)N1CCN(c2ccccc2)CC1,0
CCOC(=O)c1sc(NC(=O)CSc2nnnn2-c2ccccc2)nc1C,0
CCOc1ccc(NC(=O)C2CC(=O)N(CC)/C(=N\c3ccc4c(c3)OCO4)S2)cc1,0
N/C(CN1CCCC1=O)=N\O,0
O=C1c2cccc3c(Cl)ccc(c23)C(=O)N1O,0
O=C(NC1CCN(C(=O)NCc2ccccc2)CC1)c1ccco1,0
O=C(CN1CCOCC1)Nc1ccc(Oc2ccccc2)cc1,0
COc1ccc(N2C(=O)CN=C2Nc2cccc(C)c2C)cc1OC,0
Cc1nc2ccc3nc(NC(=O)C4COc5ccccc5O4)sc3c2s1,0
O=C(CCN1C(=O)C2CC=C(Cl)CC2C1=O)Nc1ccccc1O,0
O=c1[nH]c2sc3c(c2c(=O)n1Cc1ccccc1)CCC3,0
COc1cccc(OC)c1C(=O)N1CCOCC1,0
Cn1c(=O)c2c(-c3ccccc3)n(C3CCCCC3)cc2n(C)c1=O,0
c1ccc(-c2nc3cc(Cc4ccc5oc(-c6ccccn6)nc5c4)ccc3o2)nc1,0
c1cc(CNC2=NCCCCC2)ccn1,0
S=c1[nH]nc(-c2ccccc2Cl)n1CC1CCCO1,0
COc1ccc(Cl)cc1NC(=O)CC(C)=O,0
CC(C)(C)OC(=O)N1CCC(C(=O)N2CCCC2C(=O)O)CC1,0
CCCc1cc(Nc2cccc(OCC)c2)n2ncnc2n1,0
Cc1cc(C)nc(Sc2ccc3nnnn3n2)n1,0
CCOCCSc1nnc2nc(C)cc(C)n12,0
COc1ccc(OCC(=O)NC2CC(C)(C)NC(C)(C)C2)cc1,0
CCOC(=O)c1ccc(NC(=O)Nc2ccc3c(c2)OCCO3)cc1,0
CCCn1c(=N)n(CC(=O)c2cccs2)c2ccccc21,0
CCOc1ccc(C(=O)Nn2cnnc2)cc1,0
Cc1cc(C)c(N2/C(=N/C(=O)CCCC(=O)O)SC3CS(=O)(=O)CC32)c(C)c1,0
CCCS(=O)(=O)N1CCCC(C(=O)NCc2cccnc2)C1,0
CCNc1cc(=O)n(C)c(=O)n1C,0
Cc1ccc(N2CC(C(=O)Nc3ccc(N(C)C)cc3)CC2=O)cc1C,0
CN(C(=O)c1ccno1)c1nnc(-c2ccccn2)s1,0
COCC(C)NCc1ccc(C)cc1C,0
CCOc1ccccc1-c1nc(-c2cc3ccccc3nc2OC)no1,0
O=C(NCC(=O)N(Cc1ccco1)C(C(=O)NC1CCCC1)c1cccnc1)c1cccs1,0
c1ccc2c(c1)CC(N1CCCCC1)c1ccccc1N2,0
CCN1C(=O)NC(=O)/C(=C\NCc2cccs2)C1=O,0
O=C(Cc1ccccc1)N1CCC(c2nc3ccccc3[nH]2)CC1,0
CCCn1/c(=N/C(C)=O)c(C#N)cc2c(=O)n3cccc(C)c3nc21,0
Cc1nn(C2CCCCC2)c(N)c1-c1ccccc1,0
CCc1cccc2c1NC(=O)C21C2C(=O)N(Cc3ccccc3)C(=O)C2C2CCCN21,0
CCOC(=O)CCCCC(=O)c1[nH]c(=O)[nH]c1CSc1nc(C)cc(C)n1,0
CC(NC(=O)OCc1ccccc1)C(=O)NCC1CCCO1,0
COc1ccc(S(=O)(=O)N(CC(=O)O)c2ccc(C)cc2)cc1,0
Cn1c(SCc2nc(-c3ccc(Cl)cc3)no2)nnc1-c1ccco1,0
COc1ccc(CCNC(=O)Cc2nn(C)c(=O)c3ccccc23)cc1OC,0
CC(NC(=O)NC1CCCCC1)C(c1cccs1)N1CCOCC1,0
O=C(O)C(Cc1ccccc1)n1cccc1,0
c1ccc(CNn2c(N3CCOCC3)nc3ccccc32)cc1,0
c1ccc(-c2csc3ncnc(NCCN4CCOCC4)c23)cc1,0
C1CCN(c2nc3nonc3nc2N2CCCCC2)CC1,0
CCOC(=O)/C(C(=O)c1ccccc1)=C(\N)NC(C)C,0
COc1ccc(N/C(=N/C(C)=O)Nc2nc(C)cc(C)n2)cc1OC,0
Cc1csc(SCC(=O)Nc2c(C)n(C)n(-c3ccccc3)c2=O)n1,0
C=CCNc1nc2c(c(=O)n(C)c(=O)n2C)n1CCCCCC,0
CCc1ccc2[nH]c(=O)c(CN(CCO)C(=O)NCc3ccccc3)cc2c1,0
COC(=O)c1sc(NC(=O)CSc2nc3cccnc3n2C2CCCCC2)nc1C,0
C/C(NCc1cccnc1)=C1/C(=O)NC(=O)N(C2CCCCC2)C1=O,0
Cc1c(NC(=O)C2CCCN2C(=O)c2cccs2)c(=O)n(-c2ccccc2)n1C,0
CC1CCCC(C(=O)O)N1C(=O)CCSC(=O)c1ccccc1,0
C/C(N)=C(/C#N)C(=O)CSc1nnnn1-c1ccc(C)cc1,0
COc1ccc(CCN2CC(C#N)=C3c4cc(OC)c(OC)cc4CCN3C2)cc1OC,0
CC(C)NC(=O)CSc1nnc2sc3ccccc3n12,0
O=C(NCCCN1CCCC1=O)NC12CC3CC(CC(C3)C1)C2,0
CCC1(CC)Cc2ccccc2-c2[nH]c(CN3CCOCC3)nc(=O)c21,0
COc1ccc(NS(=O)(=O)c2c(C)[nH]c(=O)[nH]c2=O)c(OC)c1,0
COc1ccccc1OCc1csc(NC(=O)c2ccco2)n1,0
COCCn1c(SCC(=O)OCc2ccccc2)nc2c1c(=O)[nH]c(=O)n2C,0
Cc1ccc2cccc(SCC(=O)N3CCOCC3)c2n1,0
C=CCn1c(SCC(=O)c2cc(C)n(Cc3cccs3)c2C)nnc1-c1ccncc1,0
c1ccc2c(c1)[nH]c1c(N3CCC4(CC3)OCCO4)ncnc12,0
CN(c1ccc(C(=O)NCc2ccccc2)cc1)S(C)(=O)=O,0
COc1ccccc1NC(=O)Oc1ccc(NC(=O)c2ccco2)cc1,0
CC(=O)CN1Cc2ccccc2/C1=N/C(=O)Nc1ccccc1,0
CCN(CC)CCN1C(=O)c2ccccc2NC1c1cccc(F)c1,0
Cc1cc(C)nc(-n2nc(C)cc2NC(=O)c2cc3ccccc3oc2=O)n1,0
Cc1cc(C(=O)Nc2ccccn2)no1,0
CC1(C)CC(=O)C=C(NCc2ccncc2)C1,0
O=C(Nc1nc(-c2ccccc2)ns1)c1cccs1,0
COCCCNc1oc(-c2ccccc2F)nc1C#N,0
COc1cc(S(=O)(=O)N2CCOCC2)cc(C(=O)c2nccn2C)c1OC,0
CCC(OC(=O)c1ccco1)C(=O)NCc1ccco1,0
COCCn1c(C23CC4CC(CC(C4)C2)C3)n[nH]c1=S,0
N#Cc1nc(Cc2ccccc2)oc1NCCc1ccccc1,0
Cc1ccc(C)c(OCc2nnc(NC(=O)c3ccco3)s2)c1,0
CCOC(=O)Cc1csc(NC(=O)CSc2nnc(C)n2C)n1,0
COc1ccc2c(c1)[nH]c1c(=O)n(CC3CCCO3)cnc12,0
O=C1NC(=O)N(C2CCCCC2)C(=O)C1C1c2ccccc2C(=O)N1Cc1ccccc1,0
COc1ccc(NS(=O)(=O)c2ccc(SC)cc2)cc1,0
Cc1ccc(C)c(NS(=O)(=O)c2c(C)ccc3nsnc23)c1,0
CC(NCC1CCNCC1)=C1C(=O)CC(C)(C)CC1=O,0
CCn1c(SCC(=O)Nc2cc(C)on2)nc2c1c(=O)n(C)c(=O)n2C,0
CCn1c(SCc2nnc(-c3ccccc3)o2)nc2c1c(=O)n(C)c(=O)n2C,0
COc1ccc2c(c1)CCc1cc(C(=O)N3CCN(c4ccc(N5CCOCC5)nn4)CC3)sc1-2,0
Cc1ccc(N2CC(C(=O)NCc3ccc4c(c3)OCO4)CC2=O)cc1C,0
COc1cccc(OC)c1C(=O)Nc1ccc2c(c1)OCCO2,0
CCOC(=O)c1sc(-c2ccccc2)cc1N,0
CCOC(=O)C1CCN(S(=O)(=O)c2c(C)n(C)c(=O)n(C)c2=O)CC1,0
O=C(O)CC(CNS(=O)(=O)c1ccccc1)c1ccccc1,0
CN(Cc1ccccc1)C(=O)Nc1ccccc1,0
O=C(Cn1nc(C(F)(F)F)c2c1CCC2)NC1CCCCC1,0
Cc1nccn1CCc1n[nH]c(=S)n1Cc1ccccc1,0
O=C(c1ccco1)N1CCN(Cc2cccc(F)c2)CC1,0
CCOC(=O)c1cc(-c2ccccc2)sc1N,0
Cc1ccc(C(=O)Nc2ccccc2NC(=O)c2ccc(C)o2)o1,0
CCOC(=O)C1=C(C)NC2=C(C(=O)CC(c3ccc(OC)c(OC)c3)C2)C1c1ccc(C)o1,0
CCOC(=O)c1sc(NC(=O)CSc2nnc(C(C)C)n2CC)nc1C,0
CCOC(=O)C1CCCN(c2ncnc3c2[nH]c2cccc(OC)c23)C1,0
CN(c1ccc(C(=O)N2CCCCC2)cc1)S(=O)(=O)c1ccccc1,0
CCC(C)C(NC(=O)NCc1cccc(OC)c1)C(=O)O,0
O=C(Nc1ccccc1)Nc1nncs1,0
Cc1cccc(NC(=O)C23CCC(C)(/C(=N/O)C2)C3(C)C)c1,0
O=C(Cn1nc(-c2ccccc2)c2ccccc2c1=O)Nc1ccccn1,0
CCCOc1ccc(NC(=O)C2CCCNC2=O)cc1,0
CCOC(=O)c1ccc(NC(=O)c2cc(S(=O)(=O)N3CCOCC3)ccc2O)cc1,0
CC(C)(/C=N/O)/[N+]([O-])=C/c1ccco1,0
CS(=O)(=O)Nc1ccc(C(=O)NCc2ccco2)cc1,0
Cc1ccc(CCNS(=O)(=O)c2cnc[nH]2)cc1,0
CCOC(=O)c1ccc2c(c1)nc(COc1ccccc1C#N)n2CC,0
CCOc1ccccc1NC(=O)CC1NCCNC1=O,0
O=C(c1ccc(N2CCCC2=O)cc1)N1CCN(c2ccccc2)CC1,0
Cc1ccc(Nc2oc3cc(=O)ccc-3cc2C(N)=O)cc1,0
Cc1[nH]c2ccccc2c1C(=O)COC(=O)C1CCC(=O)N1,0
NC(=O)CSc1nnc(-c2ccccc2)n1Cc1ccco1,0
N#Cc1c(NC(=O)CSc2ncc(-c3ccccc3)n2CC2CCCO2)sc2c1CCCC2,0
COCCN1C(=O)c2oc3ccccc3c(=O)c2C1c1cccc(OC)c1,0
CCCc1cc(=O)nc(SCC(=O)N2CCN(c3ccccc3)CC2)[nH]1,0
Cc1ccc2nc(NC3=NCN(Cc4ccco4)CN3)nc(C)c2c1,0
O=c1cc(CN2CCOCC2)c2c(ccc3ccccc32)o1,0
CCOC(=O)N1CCC(NC(=O)COc2cc(=O)n(C)c3ccccc23)CC1,0
Cc1nnc2n(Cc3ccccc3)c(=O)c3c4c(sc3n12)CCCC4,0
CCOc1ccc(C(=O)Nc2nncs2)cc1OCC,0
Cc1nn(-c2ccc(F)cc2)c(C)c1NS(=O)(=O)c1ccc(Cl)cc1,0
CC(C)OC(=O)c1nnn(-c2nonc2N)c1CN1CCc2ccccc2C1,0
COc1ccc(-c2nnc3ccc(SCC(=O)NCC4CCCO4)nn23)cc1,0
NC(=O)C1CCN(C(=O)CN2CCc3ccccc32)CC1,0
Cc1ccccc1C(=O)c1cccn1CC(=O)O,0
CCOC(=O)c1[nH]c2ccc(C)cc2c1N,0
Cc1n[nH]c(SCCC(C)C)nc1=O,0
CCCOC(=O)CCn1c(=S)oc2ccccc21,0
CCc1ccccc1NC(=O)CC1S/C(=N\c2nccs2)N(CC)C1=O,0
CCCc1cc(=O)n2[nH]c(CCc3ccccc3)nc2n1,0
Cc1ccc(C)c(OCc2nc(-c3cccnc3)no2)c1,0
CCC1C(C#N)=C(N)OC2=C1C(=O)CC(C)(C)C2,0
Cc1cc2nc(SCCN3CCCC3)[nH]c2cc1C,0
O=C(COc1ccc(S(=O)(=O)N2CCCC2)cc1Cl)N1CCN(c2ccccc2)CC1,0
O=C(Cn1cnc2ccccc2c1=O)Nc1ccc(-c2nnc3n2CCCCC3)cc1,0
COc1cccc(-c2nnc3sc(-c4cccs4)nn23)c1,0
O=C(CSC1=NC(=O)C(Cc2ccccc2)C(=O)N1)Nc1ncccn1,0
COc1ccc(NC(=O)C2CC(c3ccc(OC)c(OC)c3)=NO2)cc1OC,0
Cc1ccccc1-n1c(SC(C)C(N)=O)nnc1-c1cccnc1,0
Cc1ccc(Nc2nc(CSc3nnnn3C)cs2)cc1,0
CCC(C)c1cc(S(=O)(=O)N2CCOCC2)ccc1OC,0
CCn1nnnc1-c1ccc(OC)c(S(=O)(=O)N2CCCCC2)c1,0
CC1(C)CC(c2csc(N)n2)CCO1,0
Cc1cc(C(=O)OCn2nnc3ccccc3c2=O)c(C)n1-c1ccccc1,0
O=C1CCCC/C1=C/Nc1ccc2c(c1)OCO2,0
CC(=O)OC(C(=O)NC1CCCCC1)c1ccncc1,0
COc1ccc(OC)c(N(CC(=O)N2CCN(c3cc(Cl)ccc3C)CC2)S(C)(=O)=O)c1,0
O=c1[nH]c2cc3c(cc2cc1C(c1nnnn1C1CCCCC1)N1CCSCC1)OCCO3,0
Cc1ccc(N(CC(=O)Nc2ccc3c(c2)OCCO3)S(=O)(=O)c2c(C)noc2C)cc1,0
CCSc1nnc(NC(=O)c2nn(C(C)C)c(=O)c3ccccc23)s1,0
CCN(Cc1ccccc1)C(c1ccccn1)c1nnnn1C(C)(C)CC,0
Cc1nnc(SCC(N)=O)n1CC1CCCO1,0
CC(=O)c1cccc(N(CC(=O)N2CCOCC2)S(C)(=O)=O)c1,0
Cc1cccc(-c2c3c(=O)n(C)c(=O)n(C)c3cn2CC2CCCO2)c1,0
CCOC(=O)CSc1nnc(CNC(=O)c2cccs2)n1-c1cccc(C)c1,0
Cc1ccccc1N1C(=O)C(Cl)=C(N2CCCCCC2)C1=O,0
COC(=O)COc1ccc(S(=O)(=O)Nc2ccc3c(c2)OCO3)cc1Cl,0
O=C(Nc1cccc(-c2nnc(-c3ccccc3)o2)c1)C1CCCCC1,0
COc1cccc(CNC(=O)c2ccccc2N)c1,0
CCN(CC)C(=O)CSC1=C(C#N)C(c2cccs2)C=C(C)N1,0
CC(=O)Oc1ccccc1C1OC(=O)c2ccccc2N1C(C)=O,0
CC1(C)Oc2ccc3ccc(=O)oc3c2/C(=C/N)C1=O,0
CCOC(=O)CCc1c(C)nc2c(c(C)nn2C(C)(C)C)c1C,0
CCSCCC(NC1=CC(=O)CC(C)(C)C1)C(=O)O,0
COc1ccc(C(=O)N2CCCC2)cc1S(=O)(=O)N1CCC(C)CC1,0
COc1ccc(OC)c(NC(=O)CC(NCCC2=CCCCC2)C(=O)O)c1,0
COc1cc(C(=O)Nc2nc3ccccc3[nH]2)cc(OC)c1OC,0
CC1CCN(c2oc(Cc3cccc4ccccc34)nc2C#N)CC1,0
CN(Cc1ccccc1)C(=O)CCn1c(=O)oc2ccccc21,0
Cn1c(CN2CCOCC2)nc2cc(NC(=O)c3ccc(Cl)cc3)ccc21,0
COc1ccc(CN2CCN(C(=O)Cc3ccccc3)CC2)c(OC)c1,0
CC(NC(=O)c1ccc(=O)oc1)c1ccccc1,0
CN(Cc1ccccc1)C(=O)CCNS(=O)(=O)c1ccc2c(c1)oc(=O)n2C,0
Cc1nc2nc[nH]n2c(=O)c1NC(=O)CCc1ccccc1,0
COC(=O)CNC(=O)CNC(=O)Nc1ccccc1,0
COCCn1c(SCC(=O)N2CCCCC2)nc2ccccc2c1=O,0
Cc1cc(NC(=O)COC(=O)C2CCCN2C(=O)c2cccs2)no1,0
COc1ccccc1N1CCN(C(=O)Cn2nnc(-c3ccncc3)n2)CC1,0
Cc1cc(C(=O)Nc2ccc3c(c2)OCO3)cs1,0
CN1CCN(c2nc3c(c(=O)n(C)c(=O)n3C)n2CC(N)=O)CC1,0
CCOc1cc(S(=O)(=O)NCC2OCCc3ccccc32)c(OCC)cc1-n1cnnn1,0
CCN(CC)CCNC(=O)NC1CCCCC1,0
CCOc1ccc(NC(=O)Cn2nnc(-c3ccccc3NC(=O)C3CC3)n2)cc1,0
Cc1ccccc1S(=O)(=O)Cc1ccc(C(=O)N2CCN(C3CCCCC3)CC2)o1,0
CCOc1ccc(S(=O)(=O)N2CCN(C)CC2)c(C)c1C,0
CCN1C(=O)/C(=C2\C=Cc3ccccc3N2CC)OC1=S,0
C=CCn1cc(C(=O)NCC2CCCO2)c(=O)c2cc(S(=O)(=O)N3CCCCCC3)ccc21,0
COCCOc1ccc(C(F)(F)F)cc1Nc1nc2ccccc2o1,0
CCCNc1ncnc2nc[nH]c12,0
CC1=CC(C)C2C(=O)N(CCCN(C)C)C(=O)C2C1,0
Cc1[nH]c(Nc2ccc(F)cc2)nc(=O)c1CCC(C)C,0
c1ccc(Cn2nnc3c(NCC4CCCO4)ncnc32)cc1,0
Cc1ccc(CNC(=O)C2C3C=CC(C3)C2C(=O)O)cc1,0
CCOc1ccc(C2=[N+]([O-])C(C)(C)N(O)C2(C)C)cc1,0
CN(C)CCNC(=O)Cn1nc(C(F)F)cc1C1CC1,0
COC(=O)c1ccccc1NC(=O)Nc1cccs1,0
O=C(CCn1cccc1)Nc1cc(F)ccc1F,0
Cc1cc(NC(=O)c2cc(-c3cccc(Cl)c3)on2)no1,0
CCOC(=O)Cn1c(C(C)=O)nc2ccccc21,0
CC12CCC(=O)N1c1c(sc3nc(N4CCOCC4)c4c(c13)CCCC4)C(=O)N2,0
COc1ccccc1-c1cn[nH]c(=S)n1,0
Cc1cc(NC(=O)CSc2nc(=O)c(C#N)c(-c3ccccc3)[nH]2)no1,0
O=C(CSc1ncnc2c1oc1ccccc12)NCc1ccco1,0
C=CCn1c(SCCN2CCOCC2)nc2c1c(=O)[nH]c(=O)n2C,0
CC(C)Oc1ccc(Cc2c(O)[nH]c(=O)[nH]c2=O)cc1,0
Cc1ccccc1CSc1nncn1N,0
Cc1cc(NC(=O)CSc2cn(CCNC(=O)c3ccccc3)c3ccccc23)no1,0
Cc1c(NC(=O)CSc2nnc(-c3cccc(Cl)c3)o2)c(=O)n(-c2ccccc2)n1C,0
Cn1c(=O)c2cn3ncccc3c2n(C)c1=O,0
O=C(O)CCSc1nnc(-c2ccc3c(c2)OCO3)o1,0
Cn1cc(C(=O)c2ccccc2)cc1-c1nc2ccccc2n1C,0
CCn1c(COc2ccc(Cl)cc2)nnc1SCC(=O)Nc1ccc2c(c1)OCO2,0
O=C(NCCCN1CCCC1=O)Nc1ccc(Cl)cc1,0
CCOc1ccc(OCC)c(NC(=O)C2C3C=CC(O3)C2C(=O)NCc2ccco2)c1,0
Cc1onc(-c2c(F)cccc2Cl)c1C(=O)Nc1nnc(C2CC2)s1,0
CCCCCSc1nc2c(c(=O)[nH]c(=O)n2C)n1C,0
CC1(C)CC(=O)C(=CNCC(O)c2ccccc2)C(=O)C1,0
Cc1[nH]n(-c2ccccc2)c2nc(C(F)(F)F)cc(=O)c1-2,0
O=C(CNC(=O)C12CC3CC(CC(C3)C1)C2)NC1=NCCS1,0
Cn1c(SCC(=O)Nc2nccs2)nnc1C12CC3CC(CC(C3)C1)C2,0
NC(=O)CSc1nnc(COc2ccccc2)n1CCc1ccccc1,0
O=C(CC1(O)C(=O)Nc2ccccc21)c1ccc(-n2cccc2)cc1,0
CC(NC(=O)C1CCCN(S(=O)(=O)c2cccs2)C1)c1ccccc1,0
Cc1cccc(OCc2nnc(SCC(=O)Nc3ccc(C)c(Cl)c3)o2)c1,0
Cc1cccc2cc(CN(CC3CCCO3)C(=O)NC3CCCCC3)c(=O)[nH]c12,0
Cc1ccc2oc(=O)c3cnn(CC(=O)N4CCN(c5ccccn5)CC4)c3c2c1,0
O=C(CN1C(=O)NC2(CCCCCCC2)C1=O)NC(=O)NCc1ccco1,0
Cn1nnnc1SCC(=O)c1c(N)n(C)c(=O)n(C)c1=O,0
CCCN(CCC)CCNC(=O)C1CCCN(S(=O)(=O)c2ccc3c(c2)oc(=O)n3C)C1,0
CCn1c(SCc2nnc(-c3ccccc3)o2)nnc1-c1ccc(S(=O)(=O)N2CCCC2)cc1,0
CCOC(=O)c1cc(CN2CCOCC2)oc1-c1ccccc1,0
O=C(O)C1CCC(=O)N1C1c2ccccc2Oc2ccccc21,0
Cc1nc(SCc2c(F)cccc2Cl)c2c(=O)n(C)c(=O)n(C)c2n1,0
CCN1C(=O)CSc2ccc(C(=O)NCCCN3CCOCC3)cc21,0
O=C(Cc1coc2ccc3ccccc3c12)N1CCN(c2ncccn2)CC1,0
Cn1c(=O)c2c(nc(SCCOc3ccc4ccc(=O)oc4c3)n2C)n(C)c1=O,0
O=C(C1CCCCC1)N1CCC(n2nnc3ccccc32)CC1,0
CCSc1nnc(Cn2c(=O)sc3ccccc32)n1C,0
CN1CCN(C2=C(Cl)C(=O)N(C3CCCCC3)C2=O)CC1,0
COC(=O)c1sc(NC(=O)CSc2nnnn2-c2ccc(C)cc2C)nc1C,0
Cc1cc(C(=O)COc2cccc3cccnc23)c(C)n1C,0
Cc1ccc(-n2[nH]cc3c(=O)ncnc2-3)c(C)c1,0
O=C(Nc1ccccc1)N1CCCC(c2nc(-c3cccs3)no2)C1,0
Cc1ccc(NC(=O)C2C3C=CC4(CN(Cc5cccnc5)C(=O)C24)O3)cc1,0
O=C(COc1nnc2ccccn12)N1CCN(S(=O)(=O)c2ccccc2)CC1,0
CC(=O)N(CN1C(=O)c2ccccc2C1=O)c1cccc(C)c1,0
CN(C)CCN1C(=O)c2oc3ccccc3c(=O)c2C1c1ccc(F)cc1,0
c1csc(-c2noc(COc3ccc4c(c3)CCCC4)n2)c1,0
Cc1cc(OC(=O)CNC(=O)OC(C)(C)C)c2c(C)cc(=O)oc2c1,0
COc1ccc(-c2noc(C3CCCN(S(=O)(=O)c4ccc(C)c(Cl)c4)C3)n2)cc1OC,0
Cc1cc(C)n2nc(S(=O)(=O)NC3CCCCC3)nc2n1,0
O=C(Oc1ccc(Cl)c2cccnc12)N1CCOCC1,0
O=C(Nc1ccc(-c2cn3ccsc3n2)cc1)C1CCCC1,0
Cc1cc(C)c(C#N)c(NCCCN2CCOCC2)n1,0
Cc1sc2nc(C3CC3)nc(NCCNS(C)(=O)=O)c2c1C,0
COc1ccc(CC(=O)NCc2ccccc2Cl)cc1S(=O)(=O)N1CCOCC1,0
O=C1CN(c2ccccc2Cl)C(=O)CN1c1ccccc1Cl,0
COc1ccccc1CNC(=O)COC(=O)C1=COCCO1,0
O=C(NCc1ccco1)C1CCN(c2ccc(N3CCOCC3)nn2)CC1,0
O=C(Nc1ccccn1)c1ccc(NC(=O)c2ccco2)cc1,0
Cn1nnnc1SCc1ccccc1F,0
O=C(CC1(C(F)(F)F)OCCO1)Nc1ccc2c(c1)OCO2,0
CCCCNC(=O)CN1C(=O)C(CC)Oc2ccc(Cl)cc21,0
N#CC1=C(N)C(C#N)(C#N)C2(C(=O)Nc3ccccc32)C2CCCC=C12,0
CC(=O)c1ccc(NS(=O)(=O)Cc2ccccc2)cc1,0
CN(C)CCN1C(=O)C(=O)/C(=C(/O)c2ccc(S(=O)(=O)N3CCOCC3)cc2)C1c1ccccc1,0
c1ccc(-c2csc(N3CCCCCC3)n2)cc1,0
Cc1ccc(S(=O)(=O)NCCCCCC(=O)Nc2nccs2)cc1,0
CC(=O)Nc1nc(-c2ccccc2)nc(C)c1C(C)=O,0
Cc1ccc(S(=O)(=O)NCCOc2nc(N(C)C)nc(N3CCOCC3)n2)cc1,0
O=C(NC1CCCC1)C(c1cccnc1)N(C(=O)c1csnn1)C1CC1,0
O=C(Nc1ccc(N2CCCCC2)c(Cl)c1)c1ncn[nH]1,0
O=C(Cc1c[nH]c2ccccc12)NCc1ccc2c(c1)OCO2,0
CSc1nnc2c3c4c(sc3c(=O)n(-c3ccccc3)n12)CC(C)(C)OC4,0
CCOC(=O)N1CCN(C(=O)Cn2ncn3nc(-c4cccs4)cc3c2=O)CC1,0
COc1cccc(NC(=O)COC(=O)c2cccnc2)c1,0
CC(=O)NC1=NC(=O)/C(=C/N2CCCCC2)S1,0
O=C(NC(C(=O)c1ccccc1)N1CCOCC1)c1ccccc1,0
Cc1ccccc1OCCCCCn1ccnc1,0
COc1cccc(C(=O)N2CCN(Cc3ccc4c(c3)OCO4)CC2)c1OC,0
COc1ccc(C2CC(=O)c3sc(N)nc3C2)cc1,0
CCOC(=O)c1c(NC(=O)CC)sc(C(C)=O)c1C,0
Cc1ccc(NC(=O)CSc2nnc(-c3ccncc3)n2C)cc1C,0
COc1ccc(N2CCN(c3nc4c(c(=O)[nH]c(=O)n4C)n3Cc3cccc(C)c3)CC2)cc1,0
CS(=O)(=O)c1cccc(C(=O)NCc2ccccc2)c1,0
COC(=O)c1sc(N)c(C(=O)OC)c1CSc1nnnn1C,0
COc1ccc(C2(C(=O)NC(C)C)CCCC2)cc1OC,0
CCCc1nc2ccccc2c(=O)n1-c1ccccc1OC,0
Cn1c(SCc2ccccc2)nnc1-c1cccs1,0
CCc1cccc(C)c1NC(=O)CN1C(=O)c2ccccc2S1(=O)=O,0
C#CCNc1nc(CC)nc2c1nnn2Cc1ccccc1F,0
Nc1nc(NC(=O)CCCC(=O)O)nn1-c1ccccc1,0
CC1(C)CC(=O)C(C#N)=C(NCCCO)C1,0
NC(=O)c1c(C(F)(F)F)cc(-c2ccccc2)nc1NCCO,0
CCCOc1ccccc1NC(=O)CC1Nc2ccccc2NC1=O,0
Cc1ccc(-c2cc(-c3ccc(F)cc3)nc(N)c2C#N)o1,0
O=C(Nc1ccc(O)cc1)c1cc(S(=O)(=O)N2CCCC2)ccc1Cl,1
CCOc1ccc(NC(=O)CSc2nnc(Cn3c(=O)sc4ccccc43)n2C)cc1,0
Cc1ccc(N2CCN(c3cc(C)nc4nc(C)nn34)CC2)c(C)c1,0
CCOC(=O)N1CCN(c2c(-c3ccccc3)c3cc(Cl)ccc3[nH]c2=O)CC1,0
CCOC(=O)CN(C(=O)CSc1nnc(-c2cccc(OC)c2)o1)c1ccc(F)cc1,0
COc1ccc(C2=C(N)N(c3ccccc3)C(C)C2=O)cc1OC,0
Cn1c(NC(=O)c2ccccc2C(F)(F)F)cc(=O)n(C)c1=O,0
CC(C)COC(=O)CCNc1n[nH]c(=O)[nH]c1=O,0
O=c1c(-c2ccccc2)coc2c(CN3CCCC3)c(O)ccc12,0
Cn1c(NC(=O)c2cccnc2)nc2ccccc21,0
c1ccc(NCCCNc2ccccc2)cc1,0
Cc1ccc(Nc2nc(N)nc(CC#N)n2)cc1,0
O=C(Cn1c(=O)oc2cc(S(=O)(=O)N3CCCC3)ccc21)NCc1ccccn1,0
COc1cccc2c(=O)n(CC(=O)N3CCCCCC3)ccc12,0
C=CCn1c(NCCc2ccccc2)nc2c1c(=O)n(C)c(=O)n2C,0
CCOCC(=O)Nc1ccc2c(c1)OCCO2,0
CCCCC(=O)Nc1ccc(NC(=O)c2ccccc2OC)cn1,0
Cc1ccc(S(=O)(=O)N2CCN(S(C)(=O)=O)C2)cc1,0
CCc1ccc(-c2cn(-c3nc(C)cc(C)n3)c(=N)o2)cc1,0
Cc1ccc(C)n1NC(=O)c1ccc(Cl)cc1Cl,0
O=C(O)CCSCC(=O)c1ccc2c(c1)OCCO2,0
c1ccc(Cn2c(-c3ccco3)nc3nc4ccccc4nc32)cc1,0
N#Cc1c(-c2ccc3c(c2)OCO3)csc1N,0
CCOC1=C/C(=C(\S)N2CCOCC2)C=CC1=O,0
O=C(CCN1CCN(c2ccc(F)cc2)CC1)Nc1ccc(F)cc1,0
CC(=O)C1=C(C)NC(SCC(=O)c2ccc(Cl)cc2)=C(C#N)C1c1ccco1,0
CC(C)(C)n1nc2c(c1NC(=O)Cc1ccc(F)cc1)CSC2,0
O=S(=O)(c1cccc2nsnc12)N1CCc2ccccc21,0
CC(=O)N1CC(=O)Nc2ccc(Cl)cc2C1c1ccc(F)cc1,0
CC1(C)CC(=O)C=C(NCc2ccco2)C1,0
Cc1ccc(NC(=O)CN(C)S(=O)(=O)c2cccc3nsnc23)cc1C,0
Nc1nnc(-c2cccnc2)s1,0
COc1ccc2cc(C3(C)NC(=O)NC3=O)ccc2c1,0
Cc1ccccc1Nc1ncnc2c1cnn2-c1ccccc1,0
CC(C)NS(=O)(=O)c1ccc(OCC(=O)N2CCN(Cc3ccccc3)CC2)cc1,0
c1nc(N2CCOCC2)c2sc3nc(N4CCOCC4)c4c(c3c2n1)CCCC4,0
Cc1cc(C)n(/N=C/c2ccccc2)c(=O)c1C#N,0
COC(=O)c1ccccc1NC(=O)CN(C)S(=O)(=O)c1ccc(OC)cc1,0
Cc1ccsc1-c1nc(CSCC(=O)NCc2ccc3c(c2)OCO3)c(C)o1,0
c1ccc2c3nnc4n(c-3nc2c1)CCCS4,0
C=CCOc1c(CNc2nccs2)cccc1OCC,0
CCOC(=O)CSc1nc(N)c(C#N)c(-c2ccc(OCC)cc2)c1C#N,0
CS(=O)(=O)Nc1ccc(C(=O)NCCc2ccccc2)cc1,0
Cc1c(C(=O)Nc2ccncc2)oc2ccccc12,0
CN(C)c1nc2c(c(=O)n(C)c(=O)n2C)n1Cc1ccccc1,0
CCN(CC)C(=O)Nc1ccc2c(c1)nnn2C,0
O=C(CSc1nccc2ccccc12)N1CCN(Cc2ccc3c(c2)OCO3)CC1,0
O=C(NCc1ccc2c(c1)OCO2)C1CCCN(S(=O)(=O)c2cccc3cccnc23)C1,0
Fc1ccc(C2CC(c3ccc(F)cc3)N3NC=NC3=N2)cc1,0
CCC(C)c1ccc(O)c(NC(=O)c2cccnc2)c1,0
CC(C)C(c1nnnn1Cc1ccccc1)N1CCSCC1,0
O=C1CC(N2CCN(c3ccccc3F)CC2)C(=O)N1c1ccc2c(c1)OCCO2,0
c1ccc(SCc2nc3ccccc3[nH]2)nc1,0
CCOC(=O)N1CCN(C(=O)C2CCN(S(=O)(=O)CC)CC2)CC1,0
Cc1cc(C(=O)CSc2nc3ccccc3[nH]2)c(C)n1C,0
CCOC(=O)CSC1=Nc2ccccc2C2=NC(CC(=O)NCc3ccc(OC)cc3)C(=O)N12,0
CC(NC(=O)c1cc(-c2cccs2)on1)c1ccccc1,0
Cc1ccc(S(=O)(=O)N(C)CCCC(=O)Nc2ccccn2)cc1,0
CCn1nnnc1NCc1cccn1C,0
O=c1c[n+]([O-])c2ccccc2n1OCc1c(F)cccc1F,0
O=C1NCC(CN(c2ccccc2)c2ccccc2)O1,0
Cc1cc(C)cc(N(CC(=O)NC2CCCCC2)C(=O)CCC(=O)Nc2cc(C)ccn2)c1,0
FC(F)(F)c1cccc(OCCOCCn2cncn2)c1,0
COc1ccc(-c2csc3nc(C)n(-n4cccc4)c(=O)c23)cc1,0
CCn1c(SCC(=O)Nc2nccs2)nnc1-c1ccc(S(=O)(=O)N2CCCCC2)cc1,0
Cc1ccc(NC(=O)c2ccco2)cc1C,0
O=C(NCC1CCCO1)c1cccc(-n2cnnn2)c1,0
Cc1ccccc1Nc1nc(N)nc(COC(=O)CCS(=O)(=O)c2ccccc2)n1,0
COc1ccc(N(C)S(=O)(=O)c2ccc3c(c2)oc(=O)n3C)cc1,0
CCn1c(C(=O)N2CCCC(C(=O)NCCCc3ccccc3)C2)cc2sccc21,0
CC(=O)NC1CCN(C(=O)N2CCCC2)CC1,0
C=CCNc1nc(Nc2ccc(OC)cc2OC)nc(OCC)n1,0
Cc1cc(C)cc(-n2nnnc2SCC(=O)Nc2cccc(NC(=O)c3ccco3)c2)c1,0
CCc1ccc(N2CC(C(=O)Nc3ccccc3F)CC2=O)cc1,0
CCOC(=O)Cc1nnc(NC(=O)CSc2ccccc2)s1,0
Cc1nn(-c2cccc(C(=O)O)c2)c(C)c1Oc1ccccc1O,0
CCc1nnc(NC(=O)CSC2=NN/C(=C3/C=CC=CC3=O)N2c2ccc(C)cc2C)s1,0
COc1ccc2nnc(-c3ccccc3)n2n1,0
CN1CCN(CCCCOc2ccc(F)cc2)CC1,0
CC1CN(C(=O)c2ccncc2)CC(C)O1,0
Cc1ccc(C(C)C)c(OCCNc2nc3c(c(=O)n(C)c(=O)n3C)n2C)c1,0
C=CCc1cc(C)cc(C)c1OCCn1cncn1,0
Cc1ccc(C)c(NC(=O)CSc2n[nH]c(-c3ccncc3)n2)c1,0
Nc1nc(-c2cccnc2)nn1C(=O)c1ccco1,0
CC1CCc2sc3ncn4nc(C(=O)NCc5ccco5)nc4c3c2C1,0
CC1=C(C#N)C(c2cn(-c3ccccc3)nc2-c2cccs2)C(C#N)=C(C)N1,0
Cc1nn(Cc2ccc(Cl)cc2)c(C)c1NC(=O)C1CC=CCC1C(=O)O,0
COc1cc(C2C(C(C)=O)=C(O)C(=O)N2CCc2c[nH]c3ccccc23)ccc1O,0
O=C(Nc1ccccc1C(=O)NC1CCCC1)NC1CCCC1,0
NCc1ccc(-c2nc3ccccc3o2)cc1,0
CCOC(=O)c1[nH]c(C)c(C(=O)NCCCN2CCOCC2)c1C,0
COC(=O)c1cn(C)c2ccc(S(=O)(=O)N3CCCC3)cc2c1=O,0
Cc1c(S(=O)(=O)N2CCc3ccccc3C2)c(=O)n(C)c(=O)n1C,0
Cc1cc(C)n2cc(CSc3nnnn3-c3ccc(Cl)cc3)nc2n1,0
CCn1c(SCC(=O)Nc2ccccc2N2CCOCC2)nnc1-c1ccccc1,0
CC1CCCCN1S(=O)(=O)c1coc(C(N)=O)c1,0
O=C(Nc1ccccc1)N1CCn2c(nc3ccccc32)C1,0
COc1cccc(CNc2nc3ccccc3n2CCN2CCCCC2)c1OC,0
COCCn1c(SCCCc2ccccc2)nc2c1c(=O)[nH]c(=O)n2C,0
CN(c1cccc(NC(=O)COc2ccccc2)c1)S(C)(=O)=O,0
Cc1ccc(CS(=O)(=O)CCC(=O)NCCCOC(C)C)cc1,0
O=c1nc(N2CCOCC2)nc2n1CCO2,0
C=CCn1c(O)c(C(=O)CCCCCC)c(=O)[nH]c1=O,0
O=c1nc2s/c(=C\c3ccco3)c(=O)n2nc1Cc1ccccc1,0
CCCC(C(=O)c1ccccc1)n1cncn1,0
COC(=O)COc1cccc(NS(=O)(=O)c2ccc(NC(C)=O)cc2)c1,0
CCCCC(CC)CNS(=O)(=O)c1ccc2c(c1)CCN2C(=O)CCC(=O)O,0
Cc1ccc(N/C=C2/C=CC=N2)c(O)c1,0
CNC(=O)c1nnn(Cc2ccccc2)c1NC(C)=O,0
CCc1c(O)nc(SCC(=O)Nc2ccccc2C)[nH]c1=O,0
N#Cc1nc(-c2ccco2)oc1NCc1ccco1,0
COc1ccc2[nH]cc(C(=O)CN3CCCCC3)c2c1,0
Cc1ccc(-c2noc(CCC(=O)Nc3ccc(C)cn3)n2)cc1,0
COc1ccc(C2CC(O)(C(C)(C)O)NO2)cc1,0
CCn1cc(C(=O)Nc2ccc(-n3cnnn3)c(OC)c2)c(=O)c2ccc(C)nc21,0
Cn1c(=O)c2c(nc(NCCO)n2CCc2ccccc2)n(C)c1=O,0
Cc1n[nH]c(C)c1S(=O)(=O)N1CCCC(C(=O)Nc2ccc3c(c2)OCCO3)C1,0
COC(=O)N1CN(C(=O)OC)CN(C(=O)OC)C1,0
COC(=O)c1c(-n2cnnn2)sc(C)c1C,0
Cc1cc(C)n2c(SCc3c(C)noc3C)nnc2n1,0
Cc1ccc(-c2csc(N)n2)s1,0
Cc1occc1C(=O)Nc1ccccc1C(=O)O,0
CC(C)(C)Nc1nc(NC(C)(C)C)nc(-n2ccnc2)n1,0
Nc1nc(-c2ccccc2)cc(C(F)(F)F)n1,0
Cn1c(C(=O)OC(C(=O)NC2CCCC2)c2cccnc2)cc2sccc21,0
Cc1cccn2c(=O)c(/C=N/Cc3ccco3)c(Nc3ccc(Cl)cc3)nc12,0
CC(=O)CC(=O)Nc1ccccc1NC(C)=O,0
COc1ccc(-n2ncc3c(N4CCCCC4)ncnc32)cc1,0
COc1cccc(OC)c1-c1nn2c(-c3ccco3)nnc2s1,0
CCOC(=O)c1c(C)[nH]c2ccc(O)cc12,0
O=C(O)CCSCC(=O)Nc1c(C(=O)C2CC2)oc2ccccc12,0
CCOc1ccccc1NC(=O)C1CCCN(S(=O)(=O)c2cccc3nsnc23)C1,0
CCCCC(=O)NC1=NC(=O)C(C)(C)S1,0
CCSc1nnc(NC(=O)c2cnccn2)s1,0
Cn1nnnc1SCc1nc2ccccc2s1,0
COc1ccc(-c2nc(SCC(=O)N3CCOCC3)n[nH]2)cc1,0
Cc1ccc2nc3c(cc(C(=O)NCCCn4ccnc4)n3C)c(=O)n2c1,0
CCOC(=O)c1[nH]c(C)c(C(=O)NC(C)(C)C)c1C,0
O=C(CSc1nnc(-c2cnccn2)n1Cc1ccco1)c1ccc2ccccc2c1,0
Cc1onc(-c2ccccc2)c1C(N)=O,0
CN(Cc1ccccc1)Cc1nc2c([nH]1)c(=O)[nH]c(=O)n2C,0
COc1ccc(C(=O)N2CCN(Cc3ccccc3C)CC2)cc1OC,0
O=C(CSc1ncccn1)NCc1ccccc1Cl,0
O=C(O)c1ccc2cc[nH]c2c1,0
O=C(Nc1cccc2c1N=S=N2)C1CC(=O)N(c2ccccc2)C1,0
COc1ccc(Nc2nc(C)cc(C)c2C(N)=O)c(OC)c1,0
Cc1ccc2nc(-c3cccc(S(=O)(=O)N(C)C)c3)cn2c1,0
CCOC(=O)C1=C(C)NC(=O)NC1c1ccc(OC(=O)c2ccco2)c(OC)c1,0
CCOc1ccc(-n2c(COc3ccc(C)cc3)nnc2SCC(N)=O)cc1,0
COc1ccc(C2=Nn3c(nnc3-c3ccccn3)SC2)cc1,0
O=C(Nc1ccc2ccccc2c1)c1cccnc1,0
Cc1ccc(CNC(=O)CN(C)S(=O)(=O)c2cccc3cccnc23)cc1,0
CCOc1cc(C)c(Cl)cc1S(=O)(=O)NCc1ccco1,0
Cc1nn(-c2ccc(Cl)cc2)c2sc(C(=O)N3CCN(c4ccccn4)CC3)cc12,0
Nc1nc2c(s1)CCc1c-2cnn1-c1ccccc1,0
COCCn1c(SCc2c(F)cccc2Cl)nc2c1c(=O)[nH]c(=O)n2C,0
COC(=O)CS(=O)(=O)c1ccc2c(c1)CC(=O)N2,0
C=CCn1c(Cc2c[nH]c3ccccc23)n[nH]c1=S,0
O=C(NC1CCN(C(=O)Nc2cccc(F)c2)CC1)C1CCCCC1,0
CC(C)(C)NC(=O)C(Cc1ccccc1)NS(=O)(=O)c1cccc2nsnc12,0
O=C(Nc1nccs1)C1CCCN1S(=O)(=O)c1ccc(Cl)cc1,0
COCCn1c(=S)[nH]c2ccc(N(C)C)cc2c1=O,0
CCOC(=O)N1CCN(C(=O)Cn2nc(C)c3sc4ccccc4c3c2=O)CC1,0
COc1ccc(-c2nc(-c3cccc(C)c3)no2)cc1OC,0
O=C(c1ccco1)N1CCN(c2ncnc3c2oc2ccccc23)CC1,0
CC1CC1C(=O)OCC(=O)NCc1ccccc1Cl,0
Cc1ccc(-c2nn3c(C)nnc3s2)cc1NC(=O)c1cccnc1,0
NC(=O)CSc1nnc(-c2ccncc2)n1CCc1ccccc1,0
C=CCn1c(SCC(=O)Nc2ccc3c(c2)OCO3)nnc1-c1ccccc1OC,0
COc1cc(Cl)cc(C2NC(=O)NC(C)=C2C(=O)NCc2ccccc2)c1O,0
Cc1ccc(NCCNc2ccc(C)cc2)cc1,0
CCCOC(=O)c1ccc(Nc2cc(C)nc3ncnn23)cc1,0
CN(c1ccccc1)C(c1ccc(F)cc1)c1nnnn1C1CCCC1,0
COc1ccc2c(c1)C(=O)N(c1ccccc1OC)C(=O)C2,0
CCCSC1=C(C#N)C2(CCCCC2)C(C#N)C(=O)N1,0
Cn1c(=O)n(C)c2cc(S(=O)(=O)N3CCOCC3)ccc21,0
CS(=O)(=O)Nc1ccc(C(=O)NCc2ccc3c(c2)OCO3)cc1,0
Cn1c(=O)c2[nH]c(N3CCOCC3)nc2n(-c2ccccc2)c1=O,0
Nc1ccc(SCCN2C(=O)c3ccccc3C2=O)cc1,0
Cc1noc(/C=C/c2ccco2)c1S(=O)(=O)N1CCC(C(=O)N(C)Cc2ccccc2)CC1,0
O=C(COC(=O)c1n[nH]c2ccccc12)Nc1ccc(S(=O)(=O)N2CCCC2)cc1,0
COc1cc(NC(=O)NCc2ccncc2)cc(OC)c1OC,0
CC(C)(C)c1ccccc1OCC(=O)Nc1ncn[nH]1,0
CCn1c(SCCC#N)nnc1-c1ccncc1,0
COC(=O)C(CCSC)NC(=O)Nc1ccc(OC)c(Cl)c1,0
COc1ccc(N2C(=O)CN=C2Nc2nc(C)cc(C)n2)cc1,0
Cc1cc(C)c(C#N)c(SCC(=O)N2CCCCC2)n1,0
COC(=O)c1ccc(Nc2nc(=O)cc(C)[nH]2)cc1,0
O=C(CN1C(=O)COc2ccc(Cl)cc21)Nc1ccc2c(c1)OCCO2,0
O=C(NCc1ccco1)c1cc2ccccc2o1,0
Cn1nnnc1SCC(=O)Nc1ccccc1Cc1ccccc1,0
CCOC(=O)c1c2c(c(=S)n(-c3ccccc3)c1N)CCC2,0
O=C(CSc1nnc(-c2ccco2)n1CC1CCCO1)c1ccccc1,0
O=C(Oc1ccccc1)N1CCN(c2ccc(F)cc2)CC1,0
O=C(NCCCNC(=O)c1ccccn1)c1ccccn1,0
CCOC(=O)c1ccc(NC(=O)CSc2nnc(-c3cccs3)n2C)cc1,0
CCC(=O)NCCN1CCN(C(=O)CC)CC1,0
CCOC(=O)c1cnn(-c2ccccn2)c1N,0
CCN(c1ccccc1)S(=O)(=O)c1ccc(N)cc1,0
CCCOC(=O)CSC1=C(C#N)C(c2ccccc2OC)C(C#N)C(=O)N1,0
COc1ccccc1Nc1nc(N)nc(CSc2nc(C)cc(C)n2)n1,0
Cc1ccc(N(C(C)C(=O)N2CCCCC2)S(C)(=O)=O)cc1C,0
NC(=O)CNC(=O)C1CCCc2c1[nH]c1ccc(Cl)cc21,0
Cc1c(C(=O)O)sc2ncn(C)c(=O)c12,0
O=C(NC1CCCCC1)C(c1ccco1)N(C(=O)c1csnn1)C1CCCC1,0
COc1cc(-c2nnc(COC(=O)CSc3cc(C)c4ccccc4n3)o2)cc(OC)c1OC,0
CCn1c(CCn2ccnc2C)n[nH]c1=S,0
c1ccc(-c2csc3ncn4cnnc4c23)cc1,0
O=C(O)C1CC(=O)N(c2ccc(OCc3ccccc3Cl)cc2)C1,0
CCN1/C(=C(\C#N)C(=O)CCc2ccccc2)Nc2ccccc21,0
COc1ccc2nc(SCC(=O)O)nc(C)c2c1,0
CCOC(=O)c1c(NC(=O)c2cccs2)sc(C)c1C,0
O=C(CN(C(=O)CNS(=O)(=O)c1ccccc1)C1CCCC1)NCC1CCCO1,0
COc1ccc(-n2nc3ccc(NS(C)(=O)=O)cc3n2)cc1Cl,0
CCOc1cc(S(=O)(=O)N2CC=C(c3ccc(F)cc3)CC2)c(OCC)cc1-n1cnnn1,0
O=C(CN1C(=O)C2CCCN2C(=O)c2ccccc21)Nc1ccccc1-n1cccc1,0
COc1cccc(N(CC(=O)Nc2cccc(N(C)S(C)(=O)=O)c2)S(C)(=O)=O)c1,0
Nc1ccc2nn(-c3cccc4ccccc34)nc2c1,0
O=C(Oc1ccc(N2C(=O)CCC2=O)cc1)c1ccco1,0
O=C(c1cc2c(s1)CCCCC2)N1CCN(c2ncccn2)CC1,0
CN(C(=O)c1ccno1)c1nnc(-c2cccnc2)s1,0
COC(=O)CSc1nc2ncc(Cl)cc2[nH]1,0
Cc1ccc(-n2c(SCC(N)=O)nnc2-c2ccccn2)cc1C,0
CN1C(=O)c2ccccc2Sc2ccc(NC(=O)N3CCCC3)cc21,0
CCOC(=O)C1CCN(CC(=O)c2c(C)[nH]c3ccccc23)CC1,0
CCOC(=O)C1CCCN(C(=O)C2CCCN(S(=O)(=O)c3ccc4c(c3)oc(=O)n4C)C2)C1,0
COC(=O)c1ccc(CSc2nc(N)cc(N)n2)cc1,0
O=c1nc(N2CCc3ccccc32)[nH]c2c1CCCC2,0
COC(=O)CN(c1nc(C)cc(OC)n1)S(=O)(=O)c1ccc(C)cc1,0
CCSc1nnc(NC(=O)C(C)C)s1,0
O=C1OCCC1S(=O)(=O)c1ccc2ccccc2c1,0
Cc1nc2ccc(NC(=O)N3CCC(c4ccccc4)C3)cc2nc1C,0
CC1CCCCN1C(=O)C1CC(c2ccc(F)cc2)=NO1,0
O=C(CCN1CCOCC1)Nc1ccc2c(c1)CCC2,0
CC(C)OCCCNC(=O)CN1C(=O)CC(C)(C)S(=O)(=O)c2ccccc21,0
Cc1ccc(NC(=O)C2CCCN2C(=O)Oc2ccccc2)cc1,0
O=C(Nc1ccc(C(=O)N2CCCC2)cc1)c1ccccc1F,0
O=C(NCCN1CCOCC1)c1ccc2c(c1)ncn2C1CCCCC1,0
COc1ccccc1-c1nnc(NC(C)=O)s1,0
CC1CCN(c2nc3c(c(=O)[nH]c(=O)n3C)n2CCSc2ncccn2)CC1,0
Cn1c(NC(=O)c2ccccc2NC(=O)C(C)(C)C)nc2ccccc21,0
NC(=O)C1CCN(CC(=O)c2c[nH]c3ccc(F)cc23)CC1,0
Fc1cccc(CN2CCN(c3ncccn3)CC2)c1,0
O=C(O)CSc1nnc(C2COc3ccccc3O2)n1-c1ccccc1,0
CCOC(=O)C1CCN(/C=N/c2cc(C)on2)CC1,0
O=C(Nc1ccccc1C(=O)NCc1ccccc1)c1ccco1,0
Cc1oc(-c2ccccc2)nc1C(=O)Nc1nccs1,0
CCn1c(=O)c2c(nc(SCC(=O)NCC3CCCO3)n2C)n(C)c1=O,0
CN(C)C(=O)CSc1nnc(CCNC(=O)OC(C)(C)C)o1,0
COc1cccc(OC)c1OCCCc1c(C)n[nH]c1C,0
CC(C)(C)c1cnnn1-c1ccc(-c2csc(N)n2)cc1,0
COc1ccc(OC)c(NC(=O)CN(c2ccc(C)cc2)S(=O)(=O)c2c(C)noc2C)c1,0
COc1cccc2c1OC1(C)CC2C(C(C)=O)=C(O)N1,0
CN1CCN(S(=O)(=O)c2ccc(-c3noc(C4CCN(S(C)(=O)=O)CC4)n3)cc2)CC1,0
CCOC(=O)N1CCN(C(=O)CSc2nnc(-c3ccc(Cl)s3)o2)CC1,0
COc1ccc(C(=O)Nn2c(SCC(=O)NCC3CCCO3)nc3ccccc3c2=O)cc1,0
O=C(Nc1ccc(S(=O)(=O)Nc2ccc(Cl)cc2)cc1)C1CCCO1,0
COc1cccc(C(=O)NC2CCSC2=O)c1,0
Cc1ccc2nsnc2c1S(=O)(=O)N1CCCC1,0
Cn1c(=O)n(C)c2cc(/C=N/n3cnnc3)ccc21,0
CCCCCCn1c(N2CCC(C(N)=O)CC2)nc2c1c(=O)[nH]c(=O)n2C,0
Cc1ccccc1N1C(=O)c2ccccc2C1Nc1cccnc1,0
Cc1nc(-c2ccc(NS(C)(=O)=O)cc2)cs1,0
COc1ccc(NC(=O)Nc2ccc(N(C)C)cc2)cc1,0
CC(C)Nc1nc(N(c2ccccc2)c2ccccc2)nc(-n2ccnc2)n1,0
COc1cc(CNC2CCCC2)cc(OC)c1,0
CC(=O)c1c(C)n(-c2ccccc2)c2ccc(OCC(O)CN3CCOCC3)cc12,0
CCOC(=O)C1CCCN(CC(=O)Nc2c(C(=O)OC)[nH]c3ccc(Cl)cc23)C1,0
Cc1ccc(CNC(=O)c2cccc(OCc3c(C)noc3C)c2)cc1,0
Cc1ccc(C)c(-n2c(SCC(=O)Nc3nnc(C)s3)nnc2-c2ccoc2C)c1,0
c1cc2c(cc1C1CCCN1)OCCCO2,0
COc1cccc(NS(=O)(=O)c2c(C)cc(C)cc2C)c1,0
C=C(C)c1cccc(C(C)(C)NC(=O)Nn2cnnc2)c1,0
COC(=O)c1sc(NC(=O)c2ccoc2C)nc1C,0
CCSc1nc2ccccc2n1CC(N)=O,0
CN(C)c1nc(N)nc(CSc2nc3cc(Cl)ccc3o2)n1,0
COc1ccc(N(C(=O)COc2ccccc2)C2C=CS(=O)(=O)C2)cc1,0
N#Cc1ccc(C(c2nnnn2CCc2ccccc2)N2CCCCCC2)cc1,0
COc1ccccc1OCCCCCc1c(C)n[nH]c1C,0
CCCOC(=O)c1ccc2c(c1)C(=O)N(c1ccccc1)C2=O,0
Cc1noc(C)c1C(=O)Nc1sc(C)c(C)c1C#N,0
Cc1noc(C)c1S(=O)(=O)Nc1ccc(C(=O)NC2CCCCC2)cc1,0
O=C(CSc1nnc(Cc2cc(=O)[nH]c(=O)[nH]2)n1-c1ccccc1)N1CCCC1,0
Cc1ccc(OCC(=O)NCc2ccccn2)cc1,0
COc1ccc(OC)c(-n2cnnn2)c1,0
CN1CC=C2C(C#N)=C(N)C(C#N)(C#N)C(c3ccncc3)C2C1,0
O=C1CSc2ccc(C(=O)N3CCN(c4ccccn4)CC3)cc2N1,0
COc1cc(NC(=O)CCc2ccccc2)nc(OC)n1,0
Cc1cc2ncn(C(=O)c3c(-c4ccccc4)noc3C)c2cc1C,0
Cc1ccccc1Nc1nnc(SCC(=O)NCc2ccco2)s1,0
CC1(C)Cc2nc(NCCCO)c(C#N)cc2CO1,0
CCCCCOC(=O)C1=C(C)NC(=O)NC1c1ccccc1OCC,0
CC1(C)CC(=O)C(=CNCCc2ccc(O)cc2)C(=O)C1,0
CCCCCCn1c(N2CCC(C(N)=O)CC2)nc2c1c(=O)n(C)c(=O)n2C,0
COc1ccc(N(CC(=O)Nc2cc(C)ccc2OC)S(=O)(=O)c2c(C)noc2C)cc1,0
COc1ccc(-n2nc(C(=O)O)c3ccccc3c2=O)c(OC)c1,0
Cn1c(Cn2c(=O)sc3ccccc32)nnc1SCC(=O)Nc1cccc(F)c1,0
COc1ccc(-c2nc(CS(=O)CC(=O)NCc3ccco3)c(C)o2)cc1,0
CCSc1nc2n(-c3ccc(C)cc3)[nH]cc-2c(=O)n1,0
COc1cc2c(cc1OC)C(C(=O)N1CCOCC1)C(c1cccs1)N(C)C2=O,0
CCCCN(CC)CCNc1c(N2CCN(C(=O)OCC)CC2)c(=O)c1=O,0
CC(C)OC(=O)CSc1nc(N)c(C#N)c(-c2cccs2)c1C#N,0
O=C(NCCCN1CCOCC1)C1CC(=O)N(CCc2ccccc2)C1,0
COCCn1c(SCC(=O)OC(C)C)nnc1-c1ccccc1,0
Cc1nn(C)c(C)c1S(=O)(=O)N1CCc2ccccc21,0
CC(=O)N1CC=C2C(C#N)=C(N)C(C#N)(C#N)C(CCc3ccccc3)C2C1,0
CCOc1ccc(C2CC(=O)NC(SC)=C2C#N)cc1,0
CCCn1c(=O)c2ccccc2n2c(SCc3cc(=O)n4ccsc4n3)nnc12,0
Cc1cc(/C=N/O)c(C)n1-c1ccncc1,0
O=C(CN1C2=NCCCN2c2ccccc21)c1cccs1,0
Cc1nn(CC(=O)NCC2CCCO2)c(=O)c2ccccc12,0
O=S(=O)(NCCC1=CCCCC1)c1cccc2nsnc12,0
CCOC(=O)Cc1c(C)nc2c(C#N)c(C)nn2c1C,0
O=S(=O)(c1cccs1)n1cnc2ccccc21,0
CC(=O)Cc1nsc(NC(=O)c2c(-c3ccccc3Cl)noc2C)n1,0
CCOCCn1c(CN2CCCCC2)nc2c1c(=O)n(C)c(=O)n2C,0
O=C(NCCCN1CCOCC1)c1ccccc1-c1ccccc1,0
CCOC(=O)c1[nH]c2ccccc2c1NC(=O)C1CCCC1,0
Cc1nc(SCCC(=O)O)c2ccccc2n1,0
Cc1ccc(C2NC(=O)c3c(sc4c3CCN(C)C4)N2)s1,0
CCc1c(C)[nH]n(CCC#N)c1=O,0
Cc1ccc(S(=O)(=O)N(C)CCCC(=O)NCc2ccc3c(c2)OCO3)cc1,0
O=C(Cn1c(=O)n2ncnc2c2c3c(sc21)CCCC3)c1ccccc1,0
O=C(O)CCCC(=O)Nc1ccn(-c2ccccc2)n1,0
CCc1ccc2[nH]c(=O)c(CN(Cc3ccc4c(c3)OCO4)C(=O)c3ccco3)cc2c1,0
COc1ccccc1-c1cc(C(=O)NCc2ccc(F)cc2)no1,0
Cc1nc(NC2=NCN(Cc3ccco3)CN2)nc2ccccc12,0
O=C(COc1nncc2ccccc12)NCCC1=CCCCC1,0
CC(C)(C)C1=Nn2c(nnc2-c2n[nH]c3c2CCC3)SC1,0
CCOc1ccc(-n2c(C)nc3cc(C(=O)NCCCN4CCOCC4)ccc32)cc1,0
CCCCn1c(O)c(C(=O)Nc2cnccn2)c(=O)c2ccccc21,0
CCOC(=O)CN1C(=O)C(O)(C2CCc3ccccc3C2=O)c2ccccc21,0
O=C(CSc1nnc(CNc2ccc(Cl)cc2)o1)Nc1nc2c(s1)CCCC2,0
Cc1nnc(NC2=NCCC2)s1,0
COc1cccc(OCCn2ccnc2)c1,0
COc1ccc(S(=O)(=O)NCCC(=O)NCc2ccccc2)cc1,0
O=C(Nc1ccc(C(=O)N2CCOCC2)cc1)c1nc2ncccn2n1,0
Cn1ncc2c(Nc3ccc(-c4ccccc4)cc3)ncnc21,0
COc1ccc(-c2nn(C)c(=O)c3ccccc23)cc1CNS(C)(=O)=O,0
Cc1c(C(=O)N2CCc3ccccc3C2)sc2nc(-c3ccccc3)cn12,0
Cc1cccc(NC(=O)CSc2nc(=O)c3c([nH]2)CCC3)c1C,0
O=C(NC1=NC2CCCCC2N1)c1ccccc1,0
COc1cc(NC(=O)C(F)(F)F)cc(OC)c1,0
Cn1c(-c2ccc3c(c2)OCO3)cnc1N,0
CC(C)c1cc(C(=O)O)on1,0
CCS(=O)(=O)n1nc(-c2ccccc2)nc1NCc1ccco1,0
O=C(O)c1ccc(S(=O)(=O)NC2CCCc3ccccc32)cc1,0
CCCn1c(SCC(=O)Nc2nnc(-c3ccccc3)s2)nnc1-c1ccccn1,0
CCCCCCOC(=O)NCC(O)c1ccccc1,0
CCOc1ccc(NC(=O)Nc2ccc(N(C)C(C)=O)cc2)cc1,0
CCn1c(SCC(=O)N2CCCC2)nnc1-c1ccc(S(=O)(=O)N2CCCCCC2)cc1,0
O=S(=O)(Nc1ccc2c(c1)nc1n2CCN(Cc2ccccc2)C1)c1ccc(Cl)cc1,0
COc1ccc(S(=O)(=O)Cc2ccc(C(=O)NCc3ccco3)o2)cc1,0
c1ccc(-c2nnc(CSc3nc4ccccc4[nH]3)o2)cc1,0
COc1ccc(NC(=O)COC(=O)c2cnccn2)cc1Cl,0
O=C1c2cccc3cccc(c23)N1CN1CCN(c2ccccn2)CC1,0
Cc1nc2cc(-c3cccc(F)c3)nn2c(N2CCOCC2)c1C,0
COc1ccccc1C1/C(=C(\O)c2c(C)nc3c(C)cccn23)C(=O)C(=O)N1CCCN(C)C,0
CCN(CC)S(=O)(=O)c1cccc(-c2nnc(SCC(=O)NCCC3=CCCCC3)n2N)c1,0
Cc1ccc(C)c(NC(=O)Cn2nnc(C(=O)Nc3c(C)cccc3C)c2N)c1,0
COc1ccccc1NC(=O)C1CC(=O)N(c2ccc(F)cc2)C1,0
CC(=O)Nc1ccc(S(=O)(=O)NCc2cn3c(C)csc3n2)cc1,0
CCC1c2ccc(C)n2CCN1C(=O)Nc1ccc(F)cc1,0
COc1cc(C2NC(=O)NC(C)=C2C(=O)OCc2ccccc2)ccc1O,0
COc1ccccc1CC(=O)Nc1ccc(O)cc1C(=O)O,0
Cc1ccc(CNC(=O)CNS(=O)(=O)c2cccc3nsnc23)cc1,0
CC(C)C(C(=O)NCC1CCC(C(=O)O)CC1)n1nnc2ccccc2c1=O,0
O=C1c2ccccc2C(=O)N1CCCn1c(=O)oc2ccccc21,0
Cn1c(N2CCOCC2)nc(-c2ccccc2)c1-c1ccccc1,0
CCOc1ccc(NC(=O)C2CCCN(S(=O)(=O)c3c(C)nn(C)c3C)C2)cc1,0
COc1cc(OC)c(C2CC(=O)N3CN(c4ccccc4)CSC3=C2C#N)cc1OC,0
Cc1ccc2nc(N3CCN(C)CC3)c(C#N)cc2c1,0
COc1ccccc1N1CCN(Cc2ccccc2F)CC1,0
CN(c1ccccc1C(=O)NCC1CCCO1)S(C)(=O)=O,0
CCOc1ccc2nc(NCCCNS(=O)(=O)c3ccccc3)c(C#N)cc2c1,0
CC(=O)N1CCN(C(=O)Nc2cccc(C(F)(F)F)c2)CC1,0
O=C1CN(c2nc3ccccc3n3cnnc23)CC(=O)N1CCc1ccccc1,0
CCOc1ccc(NC=C2C(=O)CC(C)(C)CC2=O)cc1,0
CC(C)CCn1cnc2c1c(=O)n(C)c(=O)n2C,0
NC(=O)NC(=O)COC(=O)CCCc1c[nH]c2ccccc12,0
CCN(CC)C(=O)N1CCC(NC(=O)c2ccccc2)CC1,0
O=C(CSc1nccc(=O)[nH]1)Nc1ccc(F)c(Cl)c1,0
CC1(C)CC(=O)C=C(Nc2cccc(O)c2)C1,0
NC(=O)C1CCN(C(=O)c2cc3ccccn3n2)CC1,0
S=C(NCC1CCCO1)n1nnc2ccccc21,0
O=C(Nc1ccccc1)c1cnc2n(c1=O)CCS2,0
CSCCC(NC(=O)Nc1ccc(C)cc1C)C(=O)O,0
COc1cccc(-n2c(SCC(N)=O)nnc2-c2ccncc2)c1,0
CCOc1ccc(NC(N)=O)cc1,0
Nc1ccccc1-c1n[nH]c(SCc2ccccc2F)nc1=O,0
Cc1cnc(C(=O)OCC(=O)Nc2ccc(Oc3ccccc3)cc2)cn1,0
Cn1c(=O)[nH]c(=O)c2c1nc(N1CCCCC1)n2CCOc1ccccc1,0
COc1ccc(Nc2nc(CC(C)=O)ns2)cc1OC,0
COCCn1c(CN2CCN(C)CC2)nc2c1c(=O)n(C)c(=O)n2C,0
Cc1noc(NS(=O)(=O)c2ccc(NC(=O)c3cnc4scc(C)n4c3=O)cc2)c1C,0
Cn1cnc(S(=O)(=O)NCc2cccs2)c1,0
COc1cccc(-c2cc(C(=O)Nc3cc(C)n(Cc4ccc(Cl)cc4)n3)no2)c1,0
CC(=O)c1c(C)[nH]c(C(=O)NCCc2ccccc2)c1C,0
Cc1cccn2c(=O)c(/C=N/Cc3ccccc3)c(NCCO)nc12,0
O=[n+]1c2c(n([O-])c3cc(F)c(F)cc31)CCCC2,0
Cc1n[nH]c(NCCc2ccccc2)nc1=O,0
C=CCn1c(SCC(=O)Nc2ccccc2)nnc1-c1cccc(S(=O)(=O)N2CCOCC2)c1,0
COc1cc2c(cc1OC)C(c1ccc(N(C)C)cc1)CC(=O)N2,0
O=C(NCCCn1ccnc1)c1cn(Cc2ccc(F)cc2)nn1,0
O=C(OCCN1C(=O)c2ccccc2C1=O)c1cccs1,0
C#CCN(C#N)c1nc(NCC)nc(NC(C)C)n1,0
COC(=O)CN1CCN(C(=O)c2ccc(F)cc2)c2ccccc2C1,0
CC1(C)CC(=O)C=C(NCCCN2CCCC2=O)C1,0
O=C(OCC(=O)N1CCN(c2ccccc2)CC1)c1ccccn1,0
c1coc(-c2nnc3sc(C4CCCCC4)nn23)c1,0
Cc1cc(NC(=O)CSc2ccc3c(c2)OCCO3)no1,0
COCCCNC(=O)Cn1cc2c(n1)CCCCC2,0
COc1ccc(Cl)cc1NC(=O)C1CSC(c2ccncc2)=N1,0
C=CCn1c(NC(=O)c2ccccc2)c(C#N)c2nc3ccccc3nc21,0
CCc1[nH]c(SCc2cccnc2)nc(=O)c1C,0
O=C(NC1CCCCC1)C(c1ccccc1)N1CCOCC1,0
O=C(CSc1nc(=O)c2c([nH]1)CCC2)Nc1cccc(Cl)c1,0
CC(=O)Nc1nnc(SCc2cccc(F)c2)s1,0
Cc1ccc(-n2ncc(C#N)c2/N=C/N2CCOCC2)cc1,0
CC(=O)Nc1ccc(N2CCN(C(C)=O)CC2)cc1,0
Cc1occc1-c1nnc(SCC(=O)NCCc2ccccc2)n1C(C)c1ccccc1,0
O=C(c1ccccc1)N1CCN(c2ccccc2F)CC1,0
C=CCNC(=O)Nc1ccc(OCC)cc1,0
O=C(Nc1cc2nn(-c3ccccc3)nc2cc1Cl)c1ccco1,0
O=C(NCc1ccco1)C(Cc1ccccc1)NS(=O)(=O)c1cccc2nsnc12,0
COc1cccc(C(=O)NCc2cccnc2)c1,0
Cc1c(C(=O)NCCN2CCOCC2)oc2ccccc12,0
c1ccc2c(c1)CCN2CCN1CCc2ccccc21,0
CCc1nnc(NC(=O)C2CCCCC2)s1,0
O=C(c1cccs1)N1CCN=C1SCc1ccccc1,0
CCc1ccc(OC)c(S(=O)(=O)NCCOc2ccccc2)c1,0
Cc1cc(NC2C3CC4CC(C3)CC2C4)n2ncnc2n1,0
CC1CCC(n2c(=S)[nH]c3ccccc3c2=O)CC1,0
Cn1c(SCCSc2nnc(-c3ccccc3)n2C)nnc1-c1ccccc1,0
COc1ccc(CCNC(=O)CSc2nnc(Cn3c(=O)sc4ccccc43)n2C)cc1OC,0
Cc1cccc(N2CCN(C(=O)CSCc3c(C)noc3C)CC2)c1C,0
Cc1ccc2c(c1)N(CC(=O)N(Cc1ccc3c(c1)OCO3)CC1CCCO1)C(=O)C(C)O2,0
COC(=O)CSc1nc(N2CCOCC2)c2c(c1C#N)CC(C)(C)N(C)C2,0
CCc1nc2n[nH]c(N)c2c2c1CCCC2,0
COc1cc(NC(=O)C2CCCCN2)ccc1OCC(C)C,0
COC(=O)CN1C(=O)N(c2ccccc2)C(N(O)C(=O)Nc2ccccc2)C1(C)C,0
Cn1c2ccccc2c2ncn(Cc3ccco3)c(=O)c21,0
Cc1ccc2oc(=O)n(CC(=O)O)c2c1,0
COc1ccccc1Cn1[nH]nc2c(=O)nc(C3CCN(C(=O)c4ccc(F)cc4)CC3)nc1-2,0
COC(=O)c1ccccc1NC(=O)c1nc2nc(C)cc(C)n2n1,0
Cc1nn(C(C)C(=O)N2CCN(c3ccccn3)CC2)c(=O)c2cc3occc3n12,0
CN1CCn2c1nc(N1CCOCC1)nc2=O,0
O=C(CSc1nc2ccccc2o1)NCc1ccco1,0
CCOc1ccc(Cc2nc(N)nc(N)n2)cc1,0
O=C(CSc1ncnc2c1oc1ccccc12)NCC1CCCO1,0
Cc1ccc2nc(SCC(=O)Nc3cc(C)on3)[nH]c2c1,0
CCCC(c1nnnn1Cc1cccs1)N1CCN(c2nc3ccccc3s2)CC1,0
O=C(NC1CCCCC1)C(O)C(O)C(=O)NC1CCCCC1,0
CCCC(=O)N1CCc2cc(-c3nc(N)sc3C)ccc21,0
Cc1ccc(-c2noc(CCC(N)=O)n2)cc1,0
CN1CCN(C(=S)c2ccc(N(C)C)cc2)CC1,0
CCn1c(SCC(=O)N2c3ccccc3Sc3ccccc32)nnc1-c1ccco1,0
Cc1cnn(C2CCN(C)CC2)c1N,0
CCOc1cc(CN2CCN(c3cccc(C(F)(F)F)c3)CC2)ccc1O,0
O=C(CSc1ncc(-c2ccccc2)n1-c1ccccc1)NCc1ccco1,0
c1ccc(Oc2cccc(OCCn3cncn3)c2)cc1,0
O=C1NC(=O)N(Cc2ccc(F)cc2)C(=O)/C1=C/NCCCN1CCOCC1,0
CN1CCN(c2nc3ccccc3c(=O)n2-c2ccccc2)CC1,0
CCn1c(C)cc(=S)c2ccccc21,0
Clc1ccc(-n2ncc3c(NCc4ccco4)ncnc32)cc1,0
O=C(NCCCN1CCOCC1)c1cccs1,0
Cc1ccccc1-c1nnc(SCc2ccccc2)o1,0
Cc1sc(NC(=O)CSc2nnnn2C2CCCC2)c(C#N)c1C,0
Cc1cccc(CC(=O)Nc2c3c(nn2-c2cccc(Cl)c2)CS(=O)C3)c1,0
COc1ccc(CNC(=O)C2CCCN2C(=O)NC2CCCCC2)cc1,0
O=C(CN(C1CCCCC1)S(=O)(=O)c1ccc(Cl)cc1)NCc1cccnc1,0
O=C(NC1CCCCC1)C1CCCN1S(=O)(=O)c1cccc2nsnc12,0
Cc1cccc(CSC2=NCCN2C(=O)C2CC2)c1,0
CCOC(=O)CNC(=O)CSc1nnc(Cn2cnc3ccccc32)n1C,0
CCCOc1cc(C)c(S(=O)(=O)n2ccc(C)n2)cc1C,0
Cc1cc(C)n2nc(S(=O)(=O)NCCc3ccccc3)nc2n1,0
COCCNC(=O)CNS(=O)(=O)c1ccc2nc(C)sc2c1,0
COc1ccc(OC)c(N(CC(=O)Nc2ccccc2)S(C)(=O)=O)c1,0
Cc1nnc2ccc(N3CCN(C)CC3)nn12,0
O=c1c2ccccc2nnn1CSc1nnc(Nc2ccccc2)s1,0
CS(=O)(=O)Nc1ccc(C(=O)NCC2CCCO2)cc1,0
O=S(=O)(Nc1ccc2c(c1)oc1ccccc12)N1CCCC1,0
O=C(OCC#CCSc1nnc(-c2ccccc2)o1)c1cccs1,0
N#Cc1c(-c2ccccc2)[nH]c(N2CCCCCC2)nc1=O,0
CCCCCCNC(=O)c1c(O)n2c3c(cccc3c1=O)CCC2,0
Cc1ccc2nsnc2c1S(=O)(=O)N1CCN(Cc2ccc3c(c2)OCO3)CC1,0
Cc1nc(=O)c(-c2ccccc2)c(C)n1-c1ccc(S(N)(=O)=O)cc1,0
CCSCCOC(=O)C1=C(C)NC(=O)NC1c1ccc2c(c1)OCO2,0
c1cc(-c2nc3ccccc3o2)nc(-c2nc3ccccc3o2)c1,0
C=CCn1c(Cc2csc(N)n2)nnc1SCC(=O)NC1CCCCC1,0
CCC(C)NC1=N/C(=C2\C=CC=C(OC)C2=O)Nc2ccccc21,0
COc1cccc(C(=O)Nc2ccc(NC(C)=O)cn2)c1,0
CCCc1nnc(SCC(=O)Nc2ccc(OC)cc2)n1N,0
CCOc1ccc(Nc2nc(=O)c3c([nH]2)CCCC3)cc1,0
Cc1ccc(S(=O)(=O)N(CC(O)CN2CCCC2)c2ccccc2)cc1,0
COc1ccccc1Nc1nnc(SCC(=O)N2CCCC2)s1,0
Cn1c(=O)oc2cc(S(=O)(=O)NCCN3CCCCCC3)ccc21,0
O=C(CC(c1ccccc1)c1ccccc1)NCCO,0
CCc1nc(SCC(=O)NCc2ccco2)c2c3c(sc2n1)CCCC3,0
Cc1ccc(C2C(C#N)=C(N)Oc3cc4c(cc32)OCO4)cc1,0
c1ccc(CSc2ncn(-c3ccccc3)n2)cc1,0
O=C(Nc1ccccn1)c1ccc2ccccc2n1,0
CCC1CCCCN1Cc1nc2c(c(=O)n(C)c(=O)n2C)n1Cc1ccccc1,0
CCN(C#N)c1nc(NC(C)C)nc(NC(C)C)n1,0
CCOC(=O)c1ccc(NC(=O)CC2Sc3ncnn3C2=O)cc1,0
O=C(Nc1cccc(C(F)(F)F)c1)c1cccnc1,0
Cc1nc(NC2=NCN(Cc3cccnc3)CN2)nc2c(C)cccc12,0
CC(C)(C)c1ccc(C(=O)CSc2ncn[nH]2)cc1,0
CCN(CC)CCCNc1nc2ccccc2[nH]1,0
CCn1cc(C(=O)Nc2ccc(C(=O)N3CCCC3)cc2)c(=O)c2ccc(C)nc21,0
c1ccc(Cc2nn[nH]n2)cc1,0
CCOC(=O)C1=C(c2ccccc2)OC(N)=C(C#N)C1c1ccco1,0
Cc1ccc(C)c(Cn2[nH]nc3c(=O)nc(C(=O)NCC4CCCO4)nc2-3)c1,0
COc1cc(Cl)c(C)cc1NC(=O)CSc1nc2ccccc2o1,0
CCOc1ccccc1N1CCN(C(=O)Nc2cccc(Cl)c2)CC1,0
CCCN(CCC)CCCNC(=O)CC(C(=O)N1CCc2ccccc21)n1ccnc1,0
Cc1cc(C)n(-c2nc3ccccc3nc2N2CCCCCC2)n1,0
O=C1CC(N2CCN(c3ccccc3Cl)CC2)C(=O)N1c1ccc(F)cc1,0
CCOC(=O)Cc1nnc(NC(=O)C(CC)Sc2nncn2C)s1,0
Cc1cccc(S(=O)(=O)c2c(N)n(Cc3ccco3)c3nc4ccccc4nc23)c1,0
CCCCCCn1c(NCC)nc2c1c(=O)[nH]c(=O)n2C,0
O=C(O)c1ccc(CNc2ccccc2C(=O)O)cc1,0
O=C(NCc1ccco1)c1ccc(COCC(F)(F)F)cc1,0
Cc1nnc2ccc(N3CCCC3)nn12,0
CCCCCn1c(CN2CCN(Cc3ccccc3)CC2)nc2c1c(=O)n(C)c(=O)n2C,0
c1ccc(CCn2nnnc2C(c2cccs2)N2CCOCC2)cc1,0
COc1ccc(CCNC(=O)CN(c2ccccc2OC)S(C)(=O)=O)cc1,0
O=C(CSc1ncn(-c2ccccc2)n1)N1CCc2ccccc21,0
O=C(N1CCOCC1)N1CCOCC1,0
Cc1nc2ccccc2c2nc(NC(=O)Cc3ccccc3)nn12,0
CCOCCn1c(SCCc2ccccc2)nc2c1c(=O)[nH]c(=O)n2C,0
COc1ccc(CCNC(=O)C2CCCCC2C(=O)O)cc1OC,0
COc1ccccc1NC(=O)c1ccc(NC(=O)CSc2nnnn2C)cc1,0
CC(C)(C)/N=C1\N=C(NC(C)(C)C)c2ccccc21,0
COc1ccc(N2CC(C)Cn3c2nc2c3c(=O)n(CCc3ccccc3)c(=O)n2C)cc1,0
Cc1cc(C)nc(Nc2nc3ccccc3[nH]2)n1,0
Cn1nc(CC(=O)Nc2ccc3c(c2)CCC3)c2ccccc2c1=O,0
CCC(=O)Nc1cc(OC)c(NC(=O)c2ccccc2)cc1OC,0
CCc1nnc(NC(=O)Nc2ccccc2OC)s1,0
O=C1c2ccccc2C(=O)N1CCCc1nc(-c2ccccn2)no1,0
CCc1nn(CC(=O)NCCCN(CC)Cc2ccccc2)c(=O)c2cc3sccc3n12,0
O=C(Nc1ccc2nsnc2c1)c1ccc2c(c1)OCO2,0
CCOc1ccc(NC(=O)C2CC(=O)N3CCCN=C3S2)cc1,0
O=C(NC1CCCc2ccccc21)C1CCN(S(=O)(=O)c2cccc3nsnc23)CC1,0
CCOC(=O)N1CCN(c2c(-c3ccc(C(C)C)cc3)c(=O)c2=O)CC1,0
Cc1cccc(Cn2c(NCCO)nc3c2c(=O)n(C)c(=O)n3C)c1,0
C=CCn1c(-c2ccc(N)cc2)nc2ccccc21,0
CCN(CC)S(=O)(=O)c1ccc(C(=O)OCn2nnc3ccccc3c2=O)cc1,0
O=C(Sc1nnnn1C1CCCCC1)c1cccs1,0
Cc1cccc(NC(=O)CSc2nnc(CSc3nc(C)cc(C)n3)n2Cc2ccco2)c1,0
CN(C)c1cccc(C(=O)Nc2cccc(F)c2)c1,0
CCOC(=O)CSc1nc(NC#N)nc(N(CC)CC)n1,0
CCOc1ccc(N2C(=O)c3ccccc3C2O)cc1,0
CC(=O)c1cccc(NC(=O)CSc2nnc(-c3ccc(S(=O)(=O)N4CCCC4)cc3)o2)c1,0
CCOC(=O)c1ccc(N2C(=O)CC(C(=O)OC)=C2C)cc1,0
O=C(CSc1nnc2ccccn12)c1ccccc1,0
Cc1cccnc1NC(=O)Nc1cccc(C(F)(F)F)c1,0
C=CCSc1nc(N)c(C#N)c(-c2ccccc2)c1C#N,0
COCCn1c(C)cc(C(=O)CSc2ccc(NC(C)=O)cc2)c1C,0
CCn1c(SCC(=O)Nc2nccs2)nnc1-c1cc2cccc(OC)c2o1,0
CSc1nc(N2CCOCC2)c2c3c(sc2n1)CCCC3,0
COC(=O)c1ccccc1NC(=O)COC(C)=O,0
COCC(=O)NCCNc1nc2ccc(C)cc2cc1C,0
CC1CCCN(C(=O)C2c3ccccc3C(=O)N3CCc4ccccc4C23)C1,0
Cn1c(SCc2ccc(C#N)cc2)nnc1-c1cccc(Cl)c1,0
CCOC(=O)N1CCN(c2c(NCCN3CCCCC3CC)c(=O)c2=O)CC1,0
Cc1onc(-c2ccccc2)c1C(=O)Nc1ccc(OC(C)C)cc1,0
O=C(c1ccco1)N1c2ccccc2Sc2ccccc21,0
CCCCN(C(=O)NC(=O)OCC1COc2ccccc2O1)S(C)(=O)=O,0
O=C(NC1CCCCCC1)c1c(O)n2c3c(cccc3c1=O)CCC2,0
COc1ccccc1NC(=O)c1nnn(Cc2ccccc2)c1NC(C)=O,0
COc1ccc(C)cc1Cn1c(S(C)(=O)=O)nc2ccccc21,0
NC(=O)CN(c1ccccc1)C1SC(=O)N(Cc2ccccc2)C1=O,0
CCSc1nnc(-c2ccc(S(=O)(=O)N3CCCC3)cc2)n1C,0
O=C(O)c1ccc(N2CCCC2=O)cc1,0
COc1ccc(Cc2nnc(-c3cccc(C)c3)o2)cc1OC,0
Cn1nnnc1SCc1csc(Nc2ccccc2)n1,0
N=c1c2c3c(sc2nc2n1CCC2)CCCC3,0
CC1=CC(C#N)(C#N)C(C#N)(C#N)C(c2ccccc2)N1,0
Cc1ccc(NC(=O)Cc2nc(CSc3nnc(-c4ccc5c(c4)OCO5)o3)cs2)cc1,0
O=C(Nc1ccccc1)C1=C(N2CCOCC2)/C(=C/c2cccnc2)CC1,0
COCCn1c(SCC(=O)Nc2sc(C)c(C)c2C#N)nnc1C(C)C,0
Cc1cc(NC(=O)Cn2c(=O)c3c(ncn3CC(C)C)n(Cc3ccccc3)c2=O)no1,0
CN1CCN(c2c[nH]c(=O)[nH]c2=O)CC1,0
O=C(c1cc(N2CCCCC2)nc2ccccc12)N1CCOCC1,0
CC(C)(C)c1cc(CN2CCN(CCO)CC2)cc(C(C)(C)C)c1O,0
CC(C)C(NS(=O)(=O)c1cccs1)C(=O)NCCN1CCN(c2ccccc2)CC1,0
Cc1ccc(NCc2nnc(SCC(=O)N3CCCc4ccccc43)o2)c(C)c1,0
O=C(NCCc1ccccc1)c1cc(-c2ccc3c(c2)OCO3)on1,0
CCC(c1c(C)n(C)n(-c2ccccc2)c1=O)c1c(C)n(C)n(-c2ccccc2)c1=O,0
Nc1nc(SCC(=O)C23CC4CC(CC(C4)C2)C3)n[nH]1,0
CC(C)N1C(=O)CCC1C(=O)NC1CCCC1,0
O=c1c2cccnc2[nH]c(=S)n1CCC1=CCCCC1,0
CC1(C)CC(=O)c2c(O)cc(O)cc2O1,0
COC(=O)c1ccccc1NC(=O)C(CCS(C)(=O)=O)NC(C)=O,0
Cc1ccc(S(=O)(=O)NCCC(=O)Nc2nnc(C3CC3)s2)cc1C,0
Cc1onc(-c2ccccc2Cl)c1C(=O)Nc1sc2c(c1C#N)CCC2,0
COc1ccc(S(=O)(=O)n2nc(OC(=O)C3CCCCC3)cc2N)cc1,0
COc1ccc(Cn2nnnc2C(c2cc3cc(C)cc(C)c3[nH]c2=O)N2CCOCC2)cc1,0
COc1ccc(OC)c2c(N3CCN(C)CC3)cc(C(F)(F)F)nc12,0
CCOCCCNC(=O)C1CC(=O)N(C2CCCC2)C1,0
Cc1ccc(-n2ncc3c(NCc4cccnc4)ncnc32)c(C)c1,0
CCCn1c(O)c(CN2CCCCC2)c(C)c(C#N)c1=O,0
CCOC(=O)c1cc(-c2cccs2)nn1CCC#N,0
COc1ccc(N2Cc3cccc(C(=O)N4CCN(C(=O)c5ccco5)CC4)c3C2=O)cc1,0
O=NC1=C(NO)CC2(C/C1=N\O)OCCO2,0
C=C1C(C(=O)N2CCN(C)CC2)C1C(=O)N1CCN(C)CC1,0
Cc1cc(NCCCCO)n2c(nc3ccccc32)c1C#N,0
C=CCn1c(N2CCCCCC2)nc2c1c(=O)[nH]c(=O)n2C,0
O=C(c1ccccc1)N1CCN(C2CC(=O)N(CCc3ccccc3)C2=O)CC1,0
O=c1c2c3nc4ccccc4nc3n(-c3ccc4c(c3)OCCO4)c2ncn1C1CCCC1,0
CC(C)OCCCn1/c(=N/C(=O)c2ccncc2)c(C#N)cc2c(=O)n3ccccc3nc21,0
CCCOc1ccc(N2CC(C(=O)Nc3ccccc3OC)CC2=O)cc1,0
CSc1nc2sc3c(c2c(=O)[nH]1)CCCC3,0
O=C(Cn1cc2c(n1)CCCC2)NC1CCN(Cc2ccccc2)CC1,0
OC(COc1ccc2ccccc2c1Cl)CN1CCOCC1,0
O=C(CN1C(=O)C2C3C=CC(C3)C2C1=O)Nc1ccc2nccnc2c1,0
CN1C(=O)Cn2c1nc1ccccc12,0
CCOC(=O)c1c(C)[nH]c(NC(=O)N2CCOCC2)c1C,0
O=S(=O)(O)c1nc2ccccc2n1Cc1ccc(Cl)cc1,0
CCN(CC)CCCn1c(=S)[nH]c2ccccc2c1=O,0
Cc1c(/N=C/c2ccncc2)c(=O)n(-c2ccccc2)n1C,0
CCOC(=O)c1csc(NC(=O)C2CCCCC2)n1,0
COc1cc(C)c(Cl)c(C)c1S(=O)(=O)NCc1ccc2c(c1)OCO2,0
O=c1[nH]c(-c2ccccc2)c(-c2ccccc2)[nH]1,0
O=C(NCCn1cccc1)c1cccc2ccccc12,0
Oc1cccc2ccc(Nc3ccccn3)nc12,0
O=C(O)CCCC(=O)Nc1cccc(C(F)(F)F)c1,0
CN(C#N)c1nc(N2CCOCC2)nc(N2CCOCC2)n1,0
C=CCNc1nc2c3ccccc3n(C(C)=O)c2s1,0
CC1=C(C)SC(=C(C#N)c2nnc(N3CCOCC3)n2-c2ccccc2)S1,0
N#Cc1c2n(c3c(=O)nc[nH]c13)CCCC2,0
Cc1nnc(SCCn2c(N3CCCCCC3)nc3c2c(=O)[nH]c(=O)n3C)s1,0
COC(=O)CSc1nc(C)cc(Oc2ccccc2)n1,0
Cc1cc(Nc2cccc(F)c2)n2nc(C)nc2n1,0
N#Cc1ccccc1CSc1nc(O)cc(=O)[nH]1,0
CCOC(=O)c1[nH]c(C)c(C(=O)Nc2cccc(Cl)c2C)c1C,0
O=C(Nn1cnnc1)C(Sc1ccccc1)c1ccccc1,0
Cn1c(C(C#N)C(=O)c2sc3ccccc3c2Cl)nc2ccccc21,0
COc1ccccc1-n1c(SCC(=O)NC2CCCC2)nc2cccnc21,0
CCOC(=O)c1oc2nc(C(C)C)c3c(c2c1N)CC(C)(C)OC3,0
Cc1ccc(-c2nnc(N(C)C(=O)c3cccnc3)s2)cn1,0
COc1cc2c(cc1OC)-c1cc(NC3CCCCC3)nc(=O)n1CC2,0
CC(=O)c1c(C)oc(C)c1CSCc1ccc(C(=O)O)o1,0
O=C(CSc1n[nH]c(=O)n1C1CC1)Nc1cc(Cl)ccc1Oc1ccccc1,0
CSC1=C(C#N)C(c2ccc(Cl)cc2)C2=C(CC(C)(C)CC2=O)N1,0
CN(c1ccc(C(=O)NC2CC2)cc1)S(=O)(=O)c1ccccc1,0
Cc1ccccc1-n1c(SCc2cc(=O)n3ccccc3n2)nc2[nH]ncc2c1=O,0
COCCn1c(C)cc2c(c1=O)C(c1ccccc1F)C(C#N)=C(N)O2,0
CCOc1ccc2ccccc2c1C(=O)N1CCN(c2ccccc2)CC1,0
Cc1cc(N2CCN(Cc3ccc4c(c3)OCO4)CC2)n2ncnc2n1,0
COc1cccc(NC(=O)c2oc3ccccc3c2NC(=O)C2CC2)c1,0
O=C(c1cccc(Cl)c1)N1CCN(C(=O)c2ccco2)CC1,0
c1cc(-c2nn[nH]n2)ccc1CN1CCCCC1,0
CC(=O)Nc1ccc(NC(=O)Cn2cc3c(n2)CCCC3)cc1,0
c1ccc(Cn2nnc3cnccc32)cc1,0
N#CC(C(=O)NC1CC1)c1nc2ccccc2nc1N1CCCC1,0
CSCCC(NC(=O)OC(C)(C)C)C(=O)N1CCC(C(=O)NC(C(=O)O)C(C)C)CC1,0
Cc1noc(C(=O)Nc2ccc3c(c2)OCO3)c1Cl,0
Cc1ccc(-c2nnnn2CS(=O)(=O)c2ccccc2)cc1,0
O=C(CN1C(=O)CCSc2ccccc21)Nc1ccc2c(c1)OCCO2,0
Cc1cccc(N2C(=O)CC(Sc3nc(C)c4c(n3)CCCC4)C2=O)c1,0
COc1cccc(C2=NOC(C(=O)NCc3ccco3)C2)c1,0
COc1ccc(C)cc1NC(=O)c1cc2ccccc2o1,0
O=C(CSc1nc2c([nH]c3ccccc32)c(=O)n1-c1cccc(Cl)c1)N1CCOCC1,0
Cc1ccc(S(=O)(=O)N2CCN(C(=O)CSc3nnc(C)s3)C2)cc1,0
O=C(CSC1=Nc2ccccc2C2=NC(CC(=O)NCc3ccco3)C(=O)N12)NCC1CCCO1,0
CCC1CCCCN1c1nc(-c2ccncc2)nc2ccccc12,0
Cn1c(SCc2ccc(C#N)cc2Cl)nc2ccccc21,0
CC(=O)Nc1cccc(NC(=O)CSc2nnnn2C)c1,0
CC(C)Cn1c(O)cc(=O)nc1SCc1nnc(-c2cccs2)o1,0
Cc1cccc(OCc2nc(C#N)c(N3CC(C)CC(C)C3)o2)c1,0
Nc1nnc(CC2=CCCCC2)s1,0
O=C(CCN1C(=O)c2ccccc2C1=O)Nc1ccc(-c2nc3ccccc3o2)cc1,0
N=C1C=CC=C2C1=NC1(CCCCC1)N2O,0
CC1CN(C(=O)CSc2nnc(-c3ccncc3)n2-c2ccccc2)CC(C)O1,0
COc1ccc(NC(=O)N2CCn3c2nc2ccccc23)cc1,0
Cc1ccc(Oc2ccc(S(=O)(=O)N3CCOCC3)cc2C(N)=O)c(-n2nc3ccccc3n2)c1,0
CC1(C)CC(=O)C(=CNc2ccc3[nH]ncc3c2)C(=O)C1,1
O=C(O)C12CC3CC(C1)CC(n1cnc(Cl)n1)(C3)C2,0
CCCCN(CCCNc1ncnc2nc[nH]c12)c1ccccc1,0
O=C(Nc1ccccc1C(F)(F)F)c1cccnc1,0
O=C(CSc1nnc(-c2ccncc2)n1Cc1ccco1)c1ccc(Cl)cc1,0
COc1ccccc1NC(=O)CSc1nnc(-c2ccc(NC(C)=O)cc2)n1C,0
Cc1ccc(C(=O)NC(Cc2c[nH]c3ccccc23)C(=O)O)o1,0
COc1ccc(S(=O)(=O)N2CCC(C(=O)c3ccc4c(c3)OCCO4)CC2)cc1,0
c1ccc2c(c1)nc(Nc1ccc3c(c1)OCO3)c1nnnn12,0
Cc1cccc(CSc2nnc(Cn3c(=O)sc4ccccc43)n2C)c1,0
CCc1nnc(NC(=O)CSc2nnc(CNc3cccc(C)c3)n2-c2ccccc2)s1,0
CCn1ncc(C2=NOC(C(=O)N3CCC(C(N)=O)CC3)C2)c1C,0
COc1ccc(CC(=O)Nc2ccc(-c3nnc(-c4ccccc4)o3)cc2)cc1,0
CCN1CCN(Cc2nc3c(c(=O)n(C)c(=O)n3C)n2CC(=O)c2ccccc2)CC1,0
O/N=C1\CCc2cc(Cl)ccc21,0
CCC(C)NC(=O)Cn1c(=O)n(-c2ccccc2)c(=O)c2ccc(C(=O)NCc3ccco3)cc21,0
COc1ccc(-c2nnc(SCC(=O)Nc3ccccc3)n2C)cc1,0
Cc1nccn1-c1ccc(C(F)(F)F)cc1NC=O,0
CCN(CC(=O)NC)S(=O)(=O)c1ccc(C)cc1,0
COc1ccccc1CNC(=O)C1CCN(S(C)(=O)=O)CC1,0
O=c1[nH]c2ccc(S(=O)(=O)N3CCCCC3)cc2[nH]1,0
Cc1c(NC(=O)C2(C)CCCCC2)c(=O)n(-c2ccccc2)n1C,0
O=C(NCCc1ccccc1)C1CCN(c2nc3ccccc3o2)CC1,0
Cc1cc(N2C(=O)C3CCCN3C2c2cccc(Cl)c2)no1,0
Cc1ccccc1NC(=O)CC1SCCNC1=O,0
CC(C)Oc1ccc(CNCC2(O)CCOC(C)(C)C2)cc1,0
O=c1cc(-c2ccccc2)c2ccccc2[nH]1,0
C=CCn1c2ccccc2c2nnc(SCc3ccc4nonc4c3)nc21,0
O=C1NC(c2cccs2)Oc2ccccc21,0
CCC(=O)Nc1sc(C(=O)N2CCCCC2)c(C)c1C#N,0
CS(=O)(=O)N1CCN(C(=O)c2cc(-c3ccncc3)nc3ccc(Cl)cc23)CC1,0
CCOC(=O)N1CCN(C(=O)c2ccccc2-c2ccccc2)CC1,0
CCN(CC)CC(=O)c1c[nH]c2ccccc12,0
Cc1csc(Sc2nc3c(c(=O)[nH]c(=O)n3C)n2CCCc2ccccc2)n1,0
COc1ccc(C(=O)COC(=O)c2ccco2)cc1,0
CSc1ncccc1C(=O)OCC(=O)NC(=O)NCCC(C)C,0
CCn1c(SCc2cc(=O)[nH]c3ccccc23)nc2c1c(=O)n(C)c(=O)n2C,0
NC(=O)c1oc2ccccc2c1NC(=O)C1CCCCC1,0
Cc1ccc(Nc2ncc3c(n2)CC(c2ccco2)CC3=O)c(C)c1,0
CC1=C(C(=O)OCc2ccccc2)C(c2ccco2)C2=C(CC(C)(C)CC2=O)N1,0
Cc1ccc(C(C)C)c(OCC(=O)Nc2ccc(N3CCN(S(C)(=O)=O)CC3)cc2)c1,0
CCN1CCc2nc(SCC(=O)Nc3ccc(OC)cc3)c(C#N)cc2C1,0
CCOC(=O)N1CCN(C(=O)CSc2nc3n(-c4ccccc4)[nH]cc-3c(=O)n2)CC1,0
CCOc1ccc(NC(=O)c2ccccc2O)cc1,0
COC1=C/C(=C(\S)N2CCCC2)C=C(Cl)C1=O,0
COc1ccccc1NS(=O)(=O)c1ccc(Cl)cc1,0
COc1ccc(Cl)cc1NC(=O)CSc1nnc(COc2ccccc2)n1C,0
CCn1c(=O)n(CCOC)c(=O)c2c3c(sc21)CCCC3,0
Cc1ccc(F)c(NC(=O)C2CCCCC2C(=O)O)c1,0
C/C(NCCN1CCOCC1)=C1/C(=O)NC(=O)N(c2ccccc2C)C1=O,0
CC1CN(c2cc(=O)n(-c3ccccc3)c(=O)[nH]2)CC(C)O1,0
COc1ccc(C)cc1NC(=O)CSc1nnnn1Cc1ccccc1,0
O=C(COC(=O)COc1ccccc1)Nc1ccccc1OC(F)F,0
COCCN(CCOC)Cc1c(O)ccc2c3c(c(=O)oc12)CCC3,0
COc1ccc2c(c1OC)C(=O)N1c3ccccc3SC21,0
Cc1ccccc1CNS(=O)(=O)c1ccc2c(c1)OCCO2,0
CCSc1nc(=O)c(-c2ccccc2N)n[nH]1,0
Cc1cc2c(c(=O)o1)C(C13C=CC(CC1)C3)C(C#N)=C(N)O2,0
Cc1ccc(C)c(-c2nc3ccc(N)cc3[nH]2)c1,0
CCCCOC(=O)Nc1nnc(CCOCC)s1,0
COC(=O)c1sc2nc(-c3ccco3)ccc2c1N,0
CN(CCNS(=O)(=O)c1ccc2c(c1)oc(=O)n2C)Cc1ccccc1,0
CC1Cc2ccccc2N1C(=O)COc1cccc(-n2cnnn2)c1,0
CCCCn1cnc2cc(NCc3cccc(OC)c3O)ccc21,0
CCS(=O)(=O)N1CCN(C(C)CCc2ccccc2)CC1,0
CCOC(=O)c1[nH]c(C)c(C(=O)N2CCN(C(=O)OCC)CC2)c1CC,0
Cc1nc2ccccc2c(=O)n1NC(=O)Nc1ccccc1,0
Cc1ccc2c(c1)c(-c1ccccc1)nc1nncn12,0
CCCNC(=O)N1CCN(S(=O)(=O)c2ccc(C)c(C)c2)CC1,0
O=C(Nc1sc2c(c1C(=O)NCc1cccnc1)CCCC2)c1ccco1,0
Cn1nc(-c2ccc(N3CCCCC3)c(NC(=O)c3ccco3)c2)c2ccccc2c1=O,0
COc1ccc(Cc2nc(-c3ccc(NC(=O)c4cccnc4)cc3)no2)cc1,0
COc1ccc(CCNC(=O)c2noc3c2CCCC3)cc1OC,0
CN(C)c1nc(C(=O)OCCO)nc(N(C)C)n1,0
CN1CCN(CC(=O)N(C)c2nc(-c3ccccc3)cs2)CC1,0
COCCN(C(C)=O)c1nnc(-c2ccccn2)s1,0
CCCCN(C(=O)NC(=O)Nc1c(C)cc(C)cc1C)S(C)(=O)=O,0
CCOc1ccccc1NC(=O)CSc1nc2cccnc2n1C,0
Cc1ccc2[nH]c(=O)c(CN(Cc3cccs3)Cc3nnnn3CC3CCCO3)cc2c1,0
CN1CCN(c2ccc(NC(=O)Cc3ccccc3)cc2)CC1,0
Cn1c(N2CCCCC2)nc2c1c(=O)[nH]c(=O)n2C,0
O=C(Nc1ccc2c(c1)OCO2)C(c1ccccc1)N1CCCCC1,0
Cc1cc(N2CCCC2)n2nc(C)c(-c3ccccc3)c2n1,0
C=CCSc1nc2c(c(=O)[nH]c(=O)n2C)n1CC,0
CCN(CC)C(=O)Oc1ccc2c(=O)c(-c3ccc(OC)cc3)c(C)oc2c1,0
CCOC(=O)C1CCN(Cc2nc3ccc(Cl)cc3n2CCO)CC1,0
Cc1cnc(NC(=O)c2c(O)n3c4c(cccc4c2=O)CCC3)s1,0
Cc1cc(C)cc(OCc2nnc(SCC(=O)OC3CCCCC3)o2)c1,0
CN1CCN(c2nc3c(c(=O)[nH]c(=O)n3C)n2CCOc2ccccc2)CC1,0
CCN(Cc1cc2ccccc2[nH]c1=O)C(=O)c1cccnc1,0
C=CCn1c(SC(C)C(=O)NCc2ccc3c(c2)OCO3)nnc1C1CCCCC1,0
Cc1ccc(NC(=O)COC(=O)Cn2c(C)csc2=O)cc1,0
Cc1ccc2nc(SCC(=O)N3CCCC3)[nH]c2c1,0
COc1ccccc1CN1C(=O)c2ccncc2C1=O,0
C=CCN(C1CCCCC1)S(=O)(=O)c1ccc2c(c1)oc(=O)n2C,0
O=C(c1ccc2ccccc2c1)N1CCN(c2ccc(O)cc2)CC1,0
Cc1ccccc1Nc1nc(N)nc(CSc2nnc3sc4ccccc4n23)n1,0
Cc1cccnc1NC(=O)c1c(O)n(C)c2ccccc2c1=O,0
CC1CCN(C(=O)C2CCCN(S(C)(=O)=O)C2)CC1,0
Cc1c(N/C=C2/C=CC=N2)c(=O)n(-c2ccccc2)n1C,0
c1ccc(-n2ncc3c(NCC4CCCO4)ncnc32)cc1,0
CC1CCN(CC(O)COc2ccc(F)cc2)CC1,0
Cc1nc(NC(CC(C)C)C(=O)O)c2nc(C)oc2n1,0
COC(=O)c1ccccc1NC(=O)CSc1nnc(C(CO)NC(=O)c2ccccc2)n1C,0
CC(=O)N1CCc2cc(S(=O)(=O)NC(C(=O)Nc3nc(C)cs3)C(C)C)ccc21,0
N#Cc1c(N)nc(SCC(=O)NCCc2ccccc2)c(C#N)c1-c1cccs1,0
CCOc1ccc(-c2nnc(-c3ccco3)o2)cc1OCC,0
O=c1c2ccccc2nc(CSc2ncnc3nc[nH]c23)n1-c1ccccc1,0
Cc1nc2ccccc2n1S(=O)(=O)N(C)C,0
Cc1nc(NC(=O)CSc2nc3cccnc3n2Cc2ccccc2)sc1C,0
Cc1ccc(NC2=NC(=O)CS2)c(C)c1,0
CCC(=O)Nc1ccc(Cl)c(NC(=O)c2cccnc2)c1,0
CC(=O)Nc1c(O)n(C)c2ccccc12,0
Cc1nc2nc[nH]n2c(=O)c1NC(=O)CC12CC3CC(CC(C3)C1)C2,0
Nc1ncnc2c1ncn2CCOc1ccccc1,0
COc1cccc(C2C(C(=O)c3cc4ccccc4o3)=C(O)C(=O)N2CCN(C)C)c1OC,0
CCOC(=O)CSc1nc(N(C)C)nc(N(C)C#N)n1,0
Nc1c(C(=O)NCc2cccnc2)sc(=S)n1-c1ccccc1,0
CCCCC12CNCC(C)(CNC1)C2=O,0
Cc1ccc(C(=O)NC2CCCCCC2)o1,0
CC(=O)Nc1cccc(-c2nnc(SCC(=O)N3CCCCC3)n2C)c1,0
O=C(CCSCCc1ccncc1)NCCCN1CCOCC1,0
O=C(Nc1cccc(F)c1)NC1CC2CCCC(C1)N2C1CC1,0
NC(=O)CSc1nnc(CNc2ccc(F)cc2)n1CC1CCCO1,0
Cc1ccccc1NS(=O)(=O)c1cc(C(N)=O)ccc1C,0
CCOC(=O)c1ccc(NC(=O)CNC(=O)C2CCCCC2)cc1,0
CCOCCc1nnc(NC(=O)c2cccs2)s1,0
Cc1ccc2cc(C#N)c(N3CCCC3)nc2c1C,0
CC(=O)Nc1ccc2c(c1)CC1(C(=O)N(C)C(=O)N(C)C1=O)C1CCCN21,0
CCOC(=O)c1c(NC(=O)CN(CC)CC)sc2c1CCC2,0
CCC(CC)C(=O)NCCc1cc2ccc(OC)cc2[nH]c1=O,0
c1ccn2c(Cc3nnc4ccccn34)nnc2c1,0
c1ccc(C2=Nn3c(nnc3-c3ccccn3)SC2)cc1,0
Cc1ccc2nsnc2c1S(=O)(=O)NCc1ccc2c(c1)OCO2,0
COCCn1c(SCCN2CCCCC2)nc2ccccc2c1=O,0
COc1ccc(Oc2nc(C)cc(C)c2C#N)cc1,0
CC(=O)Nc1cccc(OCC(=O)Nc2ccc(F)cc2)c1,0
COC(=O)COc1ccc(S(=O)(=O)N2CCOCC2)cc1,0
COC(=O)c1ccccc1NC(=O)CNc1cc(Cl)ccc1N1CCOCC1,0
Cc1csc2ncc(C(=O)NCc3ccco3)c(=O)n12,0
Cc1ccc(S(=O)(=O)N(C)Cc2nc(-c3ccncc3)no2)cc1,0
CCOc1cccc(C2C(C#N)=C(N)Oc3cc(C)oc(=O)c32)c1OCC,0
CN(C)CCCNC(=O)CCC1CCCCC1,0
CCCc1ccc(OCCNC(C)=O)cc1,0
CS(=O)(=O)c1ccc(Cl)c(NC(=O)C2CC(=O)N(Cc3ccccc3)C2)c1,0
COc1cc2nc3c4ccccc4n(CC#N)c3nc2cc1OC,0
COc1ccc(OC)c2sc(NC(=O)C3CC3)nc12,0
CCSc1nnc2c(n1)OC(C)(C)Nc1ccccc1-2,0
C=CCNS(=O)(=O)c1ccc(OC)c(C)c1,0
C1CCN(c2nc(N3CCCC3)nc(N3CCNCC3)n2)C1,0
CCC(=O)NCc1nc2ccccc2n1CC,0
O=C(Nc1cnn(C23CC4CC(CC(C4)C2)C3)c1)c1cc(-c2ccccc2)on1,0
COc1ccc(-c2nnc(SCC(=O)Nc3cc(C)on3)n2N)cc1OC,0
CCn1c2ccccc2c2nnc(SCC(=O)Nc3cc(C)on3)nc21,0
O=C(CC1NCCNC1=O)Nc1ccc(Oc2ccccc2)cc1,0
O=C(CN1CCCCC1)Nc1cccc(-n2cnnn2)c1,0
Cc1c(/C(O)=C2\C(=O)C(=O)N(CCN(C)C)C2c2cccnc2)cnn1-c1ccccc1,0
CCOc1ccc(C(=O)NCCN(C)C)cc1,0
c1ccc(OCc2nc(-c3ccccc3)no2)cc1,0
Cc1coc2c(O)cc3c(c12)OC1(N2CCCCC2)C(=O)NCCCC31,0
CC1CN(C(=O)c2cc(S(=O)(=O)N3CCCC3)c(Cl)cc2Cl)CC(C)O1,0
O=C(CSc1nnc(-c2ccccc2Cl)n1Cc1ccco1)Nc1ccc2c(c1)OCCO2,0
COc1ccc(-c2nnc(NC(=O)c3cc(C)on3)s2)cc1,0
CCc1nnc(NC(=O)CSc2nnc(-c3ccoc3C)n2CC(C)C)s1,0
O=C(c1ccccc1)n1c(=S)nc2ccccn21,0
CCCc1cc(=O)n2[nH]c(Cc3ccccc3)nc2n1,0
COc1ccc(NC(=O)C2CCN(C(=O)c3ccccc3)CC2)c(OC)c1,0
CCC1CCCCN1C(=O)Cn1c(C(=O)OC)cc2sc(Cl)cc21,0
CC(Cc1cccs1)NC(=O)NC1CCCCC1,0
COCCNC(=O)C(c1cccs1)N(C(=O)Cn1nnc2ccccc21)c1ccccc1,0
Cc1cc(=O)nc(SCC2COC3(CCCCC3)O2)[nH]1,0
O=C(CSc1nnc(C2CCCN2)o1)c1ccc(Cl)cc1,0
CN1CCN(S(=O)(=O)c2ccc(-c3ccc(S(=O)(=O)N4CCN(C)CC4)cc3)cc2)CC1,0
Cn1cnnc1SCC(=O)Nc1ccccc1C(=O)NC1CCCC1,0
CCc1nnc(NC(=O)c2ccc(S(=O)(=O)NCC(C)C)cc2)s1,0
CC1(C)CC(=O)C(=CNCC(N)=O)C(=O)C1,0
Cc1n[nH]c(SCC(=O)Nc2sc3c(c2C#N)CCCC3)nc1=O,0
Cc1noc(NS(=O)(=O)c2ccc(NC(=O)CSc3ncccn3)cc2)c1C,0
N#CCCCSc1nnc(-c2ccccn2)o1,0
COc1ccc(OC)c(CNC(=O)C2CCCN(c3nc4ccccc4o3)C2)c1,0
O=C1C=CC=C/C1=C1\NN=C(SC2CC(=O)N(c3ccccc3)C2=O)O1,0
O=C(CN(Cc1ccc2c(c1)OCO2)C(=O)c1cnsn1)NC1CCCC1,0
CCCCS(=O)CC(O)COc1ccc(C(C)(C)C)cc1,0
N#Cc1c(-n2cccc2/C=N/O)sc2c1CCCC2,0
CCC(=O)/N=C1\SC2CS(=O)(=O)CC2N1c1cccc(OC)c1,0
COc1ccc(OC)c(Nc2ncnc3c2cnn3-c2ccccc2)c1,0
CN(C)CCNc1oc(-c2ccccc2F)nc1C#N,0
COc1ccc(CCCc2nnc(SCC(=O)Nc3nc(C)cs3)n2C)cc1,0
COc1ccc(OC)c(NC(=O)c2[nH]c(C)c(C(C)=O)c2C)c1,0
COc1ccccc1NS(=O)(=O)c1ccc(NC(=O)c2nc3ncccn3n2)cc1,0
CCNS(=O)(=O)c1ccc(NS(=O)(=O)c2cc(C)ccc2C)cc1,0
COC(=O)c1cc(Cl)c(NC(=O)c2ccco2)cc1OC,0
Cc1cc(C)nc(SCC(=O)c2ccc(O)cc2O)n1,0
COc1cccc(S(=O)(=O)NCc2ccc(C(=O)NCc3ccco3)cc2)c1,0
CCc1nnc(NC(=O)C2CCN(c3nc(C)cc(C)n3)CC2)s1,0
CCSc1nc(=O)cc(O)n1-c1ccc(OC)cc1,0
N#CCC(=O)NCC1(c2ccccc2)CCCC1,0
COC(=O)c1ccccc1S(=O)(=O)Nc1ccc2cn[nH]c2c1,1
CC(C(=O)N1CCC2(CC1)OCCO2)C1Sc2ccccc2NC1=O,0
COc1cc(NC(=O)c2ccco2)c(OC)cc1NC(=O)Nc1cccc(Cl)c1,0
CCOC(=O)N1CCC(Nc2c(-c3ccc(C)cc3)c(=O)c2=O)CC1,0
CCCCC(=O)Nc1ccc(C(N)=O)cc1,0
CC1CCCN(S(=O)(=O)c2cccc(-c3cn4cccnc4n3)c2)C1,0
Cc1cc(-n2c(C)cc(C(=O)CSc3nnc4sc5ccccc5n34)c2C)no1,0
CCN1CCN(C(=O)CCN2C(=O)COc3ccc(C)cc32)CC1,0
C=CCSc1nnc(Cn2c(=O)sc3ccccc32)n1C,0
CCC(C)NC(=O)C1CCN(c2nc(C)cc(C)n2)CC1,0
Nc1ccc(Cl)c(-c2nc3ncccc3o2)c1,0
CCn1c(SCC(=O)O)nnc1-c1cc2c(C)nn(-c3ccccc3)c2s1,0
N#Cc1c(N)nc2c(c1-c1ccncc1)CCCC2,0
CCn1c(SCC(=O)NCc2cccs2)nnc1-c1cccs1,0
CCOC(=O)Cn1cc(C(=O)c2cccs2)c2ccccc21,0
COc1ccc2c(c1)CCC(C)N2S(=O)(=O)c1ccc(C2CNC(=O)C2)cc1,0
COc1ccccc1OCC(=O)Nc1ccc(S(=O)(=O)NC(C)=O)cc1,0
Cc1ccc(-c2c(C#N)c(N)nc3c2CCCCC3)o1,0
CCN(CC)S(=O)(=O)c1cccc2c(N(C)C)cccc12,0
Cc1cc(C)c(N2CCN(S(=O)(=O)N3CCCCCC3)CC2)c(C)c1,0
CCOc1ccc(N2C(=O)CC(NCc3ccc(F)cc3)C2=O)cc1,0
CCC(CC)NC(=O)c1cc(OC)c(OC)c(OC)c1,0
C(#Cc1ccccc1)Cn1nnc2ccccc21,0
CCn1nnc(NC(=O)c2c(OC)cccc2OC)n1,0
Cc1ccc(NC(=O)C2(N(CC(C)C)C(=O)Cn3nnnc3N)CCCCC2)cc1,0
CCCNS(=O)(=O)c1ccc(CCC(=O)N2CCOCC2)cc1,0
c1ccc(-c2cnc(CSc3ncnc4sccc34)o2)cc1,0
Cc1ccc(S(=O)(=O)Nc2ccccc2C(N)=O)cc1,0
CCSc1nnc(Nc2ccccc2)s1,0
Cc1nonc1NC(=O)CSc1nnc(-c2ccoc2C)n1C,0
COC(=O)c1ccc(CN2CCN(Cc3ccc(C(=O)OC)o3)CC2)o1,0
CN1CCN(C(=O)C2CCN(S(=O)(=O)c3cnc[nH]3)CC2)CC1,0
Cc1ccc(NC2c3ncccc3C(=O)N2C2CCCCC2)cc1,0
Cn1c(=O)[nH]c(=O)c2c1nc(N1CCCCC1)n2CC(O)CN1CCCCC1,0
Cn1c(=O)[nH]c(=O)c2c1nc(CN1CCOCC1)n2CCc1ccccc1,0
COc1ccccc1CNS(=O)(=O)c1cc(C)ccc1OC,0
O=C1c2ccccc2C(Nc2ccccc2F)N1c1cccnc1,0
O=C(CCN1CCCCCC1)Nc1ccc(F)c(F)c1,0
CCOC(=O)c1c(N)sc2c1CCCC2,0
CCc1nc2ccccc2c(C(=O)OCC(=O)NCc2ccco2)c1C,0
Cc1nc2c(-c3ccccc3)c(C)nn2c(C)c1CCC(=O)N1CCOCC1,0
CCn1c(=O)cc(SCC(=O)NCc2ccco2)c2ccccc21,0
Cn1c(CCNC(=O)c2cccs2)nnc1SCC(=O)N1CCN(c2ccccc2)CC1,0
N=c1c(C(=O)NCc2ccc(F)cc2)cc2c(=O)n3ccccc3nc2n1CCCN1CCOCC1,0
CCN1C(=O)/C(=C\N2CCN(c3cccc(Cl)c3)CC2)SC1=S,0
CCc1c(C)c2cc(Cl)c(O)c(CN3CCCCC3)c2oc1=O,0
COc1ccc2nc(NC3=NCN(CC4CCCO4)CN3)nc(C)c2c1,0
O=c1nc(C2CCCN(S(=O)(=O)c3ccccc3)C2)nc2n(Cc3ccccc3)[nH]nc1-2,0
Cc1noc(C)c1C(=O)Nc1nnc(-c2ccccc2)s1,0
CC(=C1C(=O)c2ccccc2C1=O)N1CCN(c2ccccn2)CC1,0
CNc1oc(Cc2ccccc2)nc1S(=O)(=O)c1ccc(Cl)cc1,0
CCNCc1cc2cc(C)ccc2[nH]c1=O,0
COc1nc(OC)nc(N2CCC(C(=O)NC3CCCCCC3)CC2)n1,0
FC(F)(F)c1cccc(N2CCN(Cc3ccoc3)CC2)c1,0
CCOc1ccc(NC(=O)CSc2nc3c(c(=O)n2C)SC(C)C3)cc1,0
CN(C1CCCCC1)S(=O)(=O)c1ccc(NC(=O)c2ccco2)cc1,0
CC(C)c1cc(Nc2cccc(O)c2)cc(C(C)C)c1O,0
Cc1ccc(-c2noc(CSc3nc(N)cc(N)n3)n2)cc1,0
CCOC(=O)C1C(=O)N(C)C2(C)CC1c1cc(OC)ccc1O2,0
COCC(=O)N(Cc1cc2ccccc2[nH]c1=O)c1ccc(OC)cc1,0
Cc1cccc(NC(=O)c2cc(-c3ccco3)nc3ccccc23)n1,0
O=C(CSc1nnc2ccccn12)NCCN1C(=O)CSC1=O,0
CN(C(=O)c1ccccn1)c1nnc(-c2ccccn2)s1,0
CC1(C)CC(=O)c2sc(NC(=O)CN3CCOCC3)nc2C1,0
O=S(=O)(c1ccccc1)N1CCN(c2cc(-c3ccccc3)nc3ncnn23)CC1,0
COc1cc(CNC(=O)c2ccc(Cn3nc(C)c(Cl)c3C)o2)cc(OC)c1,0
O=C(c1c(F)cccc1F)N1CCC(O)(c2cccnc2)CC1,0
COc1cc(OC)nc(NC(=O)CSc2nnc(-c3ccccc3)n2C2CCCCC2)n1,0
CCOC(=O)N1CCC(NC(=O)c2cccc3c2C(=O)N(Cc2cccnc2)C3)CC1,0
Cn1nccc1C(=O)Nc1cccnc1,0
Cc1cccc(C)c1NS(=O)(=O)c1ccc(F)cc1,0
CCCNC(=O)c1cc(-c2ccco2)on1,0
Cc1ccc(C2C(C(=O)c3cc4ccccc4o3)=C(O)C(=O)N2CCN(C)C)o1,0
Cc1nc(-c2ccccc2)cc(N2CCCC2)n1,0
CCCCC1(C(=O)OCC)CC(CN2CCOCC2)OC1=O,0
CCOc1ccc(N2CC(=O)Nc3ccccc3NCC2=O)cc1,0
Cc1[nH]c(N)nc(=O)c1CCC(=O)OCC(C)C,0
COc1ccccc1-n1cnc(N)c1C(C)=O,0
CCOc1ccc(-n2c(=O)c3c4c(sc3n(CC(=O)NCc3ccco3)c2=O)CCC4)cc1,0
CCCOC(=O)Nc1cc(OC)c(Cl)cc1OC,0
CCCc1[nH]nc2c1C(c1ccc(OC)cc1OC)C(C#N)=C(N)O2,0
CC1=C(C(=O)NCc2ccco2)C2(CCC(C)CC2)OC1=O,0
Cn1c(SCC(=O)N2CCCc3ccccc32)nnc1-c1cccs1,0
O=S(=O)(Nc1ccc(O)cc1)c1cccc2cccnc12,0
COc1ccccc1C(=O)Oc1cc(N)n(S(=O)(=O)c2ccc(C)cc2)n1,0
O=C(c1ccc(Cl)s1)N1CCOCC1,0
O=C(Nc1nnc(SCc2ccc(Cl)cc2)s1)c1ccco1,0
CSc1nc(C)c2c(n1)OC(CN1C(=O)c3ccccc3C1=O)C2,0
CCOC(=O)c1c(NC(=O)c2ccc(-n3cnnn3)cc2)sc2c1CCCC2,0
O=c1cc(N2CCc3ccccc3C2)[nH]c(=O)n1C1CCCCC1,0
O=C1CN(c2ccccc2F)C(=O)CN1c1ccccc1F,0
O=C(OCCNC1=NS(=O)(=O)c2ccccc21)c1cccnc1,0
CCN1CCN(c2nc(C)nc3c2sc(=S)n3C)CC1,0
COC(=O)c1cnn2c(C(F)(F)F)cc(-c3ccco3)nc12,0
O=C(CSc1ncn(-c2ccccc2)n1)Nc1ccccn1,0
N#Cc1c(NC(=O)c2cc(-n3cnnc3)ccc2Cl)sc2c1CCCC2,0
O=C(Nc1nccs1)c1cccc(NC(=O)C2CC2)c1,0
COC(C)(C)c1cc(C(C)(C)C)nc(N)n1,0
CCn1cnc2cc(NCc3cccc(OC)c3O)ccc21,0
CC(C)(C)NC(=O)NC(=O)COc1ccccn1,0
COc1ccccc1-c1cc(N)n[nH]1,0
CN(C)S(=O)(=O)c1ccc(C(=O)Nc2ccnn2C2CCCCC2)cc1,0
CCOC(=O)c1sc2ncn(CC(=O)N(CC)CC)c(=O)c2c1C,0
Cc1cc2c3c(c1)C1(C(=O)N3C(C)(C)CC2C)C(C#N)=C(N)Oc2cc(O)ccc21,0
COc1ccc(CCN2C(=O)CC(NCc3ccc4c(c3)OCO4)C2=O)cc1OC,0
N#CC1=C(N)Oc2n[nH]c(-c3ccncc3)c2C1c1ccsc1,0
CS(=O)(=O)N(CC(=O)Nc1ccc2c(c1)OCCO2)Cc1ccccc1,0
CCCCSc1cc(C)nc2ncnn12,0
CCN(C(=O)c1c(-c2ccccc2)noc1C)c1ccccc1,0
O=C1CN(C(=O)c2ccccc2)c2ccccc2N1,0
CCOC(=O)c1c(N)sc(C(=O)N(C)C)c1C,0
CCOc1ccccc1N(CC(=O)NC1CCCCC1)S(C)(=O)=O,0
CC(C)(CNCC(O)c1ccccc1)N1CCOCC1,0
COC(=O)C(C)NC(=O)Nc1ccccc1F,0
O=C(CCn1nc(-c2ccccc2)c2ccccc2c1=O)N1CCN(c2ccccc2)CC1,0
c1ccc(N/C(=N/Cc2ccco2)c2ccccc2)cc1,0
CN(c1ccccc1C(=O)O)S(C)(=O)=O,0
Cc1ccc(-n2nnnc2SCC(=O)Nc2cccc(NC(=O)c3ccco3)c2)cc1C,0
O=C(Cc1ccccc1)Oc1ccccc1N1C(=O)CCC1=O,0
COc1ccc2nc(NC(=O)CSc3nnc(-c4ccoc4C)n3C)sc2c1,0
Cc1cc(C(=O)NCc2cccnc2)no1,0
Nc1nncn1C(=O)c1ccccc1Cl,0
CCn1c(SCC(=O)Nc2nnc(C)s2)nc2c(c1=O)SC(C)C2,0
CCc1c(C)[nH]c(SCCOc2ccc(OC)cc2)nc1=O,0
Cc1ccnc2ccc(-c3nc4ccccc4o3)cc12,0
COc1ccccc1C(=O)N1CCN(CCc2ccccc2)CC1,0
CC(C)c1nnc(NC(=O)c2cccs2)s1,0
O=C(CSc1nnc(-c2cccs2)n1-c1ccccc1)c1ccc2c(c1)OCCO2,0
c1ccc(-n2ncc3c(NCc4cccnc4)ncnc32)cc1,0
Cc1ccc(Cn2c(SCCN3CCCCC3)nc3c2c(=O)n(C)c(=O)n3C)cc1,0
Cc1ccc(S(=O)(=O)N2CCN(C(=O)CSC3CCCC3)CC2)c(C)c1,0
CCOc1ccccc1OCC(O)CNC,0
O=C(Nc1ccon1)c1ccc(S(=O)(=O)N2CCCCCC2)cc1,0
N#Cc1nc(-c2ccc(OCc3ccccc3)cc2)oc1NCc1ccco1,0
Cc1ccc(-c2nnc(N3CCN(C(=O)CN4CCOCC4)CC3)c3ccccc23)cc1,0
O=c1nc(NCc2ccccc2)[nH]c2c1CCCC2,0
CC(C)CCNC(=O)NC(=O)COc1ncnc2sccc12,0
Cc1noc(C)c1C(=O)OCC(=O)c1c[nH]c2ccccc12,0
CN(C)c1nc(OCCNC(=O)Nc2ccccc2)nc(N(C)C)n1,0
COc1ccc(CC/N=C2\SCC(=O)N2C)cc1OC,0
O=C(NCCN1CCOCC1)c1noc2c1CCc1ccccc1-2,0
COc1ccc2cc3cc(C(=O)NCc4ccccn4)oc3nc2c1,0
O=C(Nc1ccc2c(c1)OCO2)C1CCN(S(=O)(=O)Cc2ccccc2)CC1,0
CC1=Nn2c(nnc2-c2ccccn2)SC1,0
CCN1CCn2c1nc(N1CCOCC1)nc2=O,0
COc1ccc(C2(C(=O)NCCN3CCOCC3)CCOCC2)cc1,0
Cc1c(C)c2cc(Cl)c(O)c(CN3CCN(C)CC3)c2oc1=O,0
CC(C)(C)n1nnnc1C(c1ccccc1F)N(Cc1ccco1)CC1CCCO1,0
COCCNCCOCCOc1cccc(OC)c1,0
Cc1sc2nc(SCC(=O)NCc3ccco3)n(C)c(=O)c2c1C,0
CCOC(=O)Cn1c(N2CCCCCC2)nc2c1c(=O)[nH]c(=O)n2C,0
Cc1ccc(NC(=O)CNc2cccc(C)c2C)c(C)c1,0
CS(=O)(=O)N1CCC(C(=O)Nc2ccc(Oc3ccccc3)cc2)CC1,0
O=C(CSc1nnc(Cn2c(=O)sc3ccccc32)n1CCc1ccccc1)N1CCOCC1,0
COC(=O)c1ccc(-n2nnnc2SCC(=O)Nc2ccccc2OC)cc1,0
O=C(CSc1ncn[nH]1)NCCOc1ccccc1,0
COc1ccc(C2CC(=O)NC3=C2C(=O)CCC3)cc1Cl,0
CCCC(=O)Nc1ccccc1-c1n[nH]c(SC)nc1=O,0
O=C(Cn1cnc2c(nnn2-c2ccc(F)cc2)c1=O)N1CCCc2ccccc21,0
COc1cccc(CNC(=O)C2CCCN(c3nn4c(=O)cc(C)nc4s3)C2)c1,0
CCOc1ccc(Nc2cc(=O)n(C)c(=O)n2C)cc1,0
COc1ccc(OC)c(NC(=O)C(CC(=O)O)NCc2ccco2)c1,0
O=C(OCc1ccccc1Cl)c1ccc(-n2cnnc2)cc1,0
Cc1cc(C)n(-c2ncnc3c2oc2ccccc23)n1,0
CC(C)Cc1nc(S(=O)(=O)c2ccc(Cl)cc2)c(N2CCOCC2)o1,0
CC12CCC(C(=O)N3CCN(c4ccccc4)CC3)(CC1=O)C2(C)C,0
Cc1cc(C)n(C(=O)CNC(=O)c2ccc3c(c2)OCCO3)n1,0
Cc1cc(C(=O)Nc2ccc3c(c2)OCCO3)c(C)o1,0
O=C(CSc1nnnn1-c1ccccc1)N1CCc2ccccc21,0
O=C(CN1C(=O)c2ccccc2S1(=O)=O)NC1CCCC1,0
Cc1ccc(-n2c(SCC(=O)NCc3ccco3)nc3nc4c(cc3c2=O)COC(C)(C)C4)cc1,0
Cc1cc(=O)n2[nH]cnc2n1,0
O=C(c1ccco1)N1CCN(Cc2ccc(Cl)cc2)CC1,0
CNc1nc(N)c(C(=O)C(C)(C)C)s1,0
Cc1[nH]nc2c1C1(CCN(Cc3ccccc3)CC1)C(C#N)=C(N)O2,0
Cc1cc(C(=O)CNCc2ccco2)c(C)n1-c1ccc(F)cc1,0
c1ccc(OCCSc2ncnc3nc[nH]c23)cc1,0
CC(=O)NCCc1ccc(S(=O)(=O)N2CCOCC2)cc1,0
CCOc1ccc(-c2nnc(N)s2)cc1,0
CC1=CC(C)(C)Nc2ccc(C)cc21,0
CCCCCCC(=O)Nc1c(O)[nH]c2ccccc2c1=O,0
CCCCN(C)C(=O)CCCCn1c(=O)[nH]c2cc(OCC)c(OCC)cc2c1=O,0
CCc1nc2c(n1)c1c(non1O)c1c2no[n+]1[O-],0
COc1ccc(NCc2nnc(SCC(=O)Nc3cccc(C)c3)o2)cc1,0
Cc1cc(C)n(-c2ccc(C(=O)Nc3nc4ccccc4s3)cc2)n1,0
CCc1cccc(CC)c1N(COC)C(=O)Cn1c(CO)nc2ccccc21,0
Cn1c(SCC(=O)N2CCCCC2)nc2cccnc21,0
Cc1ccc(S(=O)(=O)NCC(=O)OCC(=O)Nc2ncc(Cl)cc2Cl)cc1,0
O=C(Nc1ccc(Cl)cn1)c1cccc(F)c1,0
O=C(O)Cn1nc(-c2ccccc2)c2ccccc2c1=O,0
CCOC(=O)N1CCC(c2[nH][nH]c(=O)c2C)CC1,0
O=S(=O)(Nc1ccc(F)cc1)N1CCCCCC1,0
O=C(CSc1nnc2n(C3CCCC3)c(=O)c3ccccc3n12)N1CCCCCC1,0
Cc1ccc(S(=O)(=O)n2nc(OC(=O)C(C)(C)C)cc2N)cc1,0
Cc1cc(C)c2c(CC(=O)Nc3ccc(Cl)cn3)coc2c1,0
O=C1CSC(=O)N1CCOCCN1C(=O)CSC1=O,0
COc1ccccc1-n1c(N)c(C(=O)NCC2CCCO2)c2nc3ccccc3nc21,0
Cc1ccc(-c2nn3c(C)nnc3s2)cc1NC(=O)c1cccs1,0
CNc1cc(-n2nc(C)cc2-c2ccccc2)ncn1,0
COc1ccc(S(=O)(=O)NCC(c2cccnc2)N2CCN(c3ccc(F)cc3)CC2)cc1C,0
Cc1nc(CC(=O)N2CCN(c3cccc(C)c3C)CC2)cs1,0
CC(=O)Nc1ccc(S(=O)(=O)NC(C(=O)O)C2=CCC=CC2)cc1,0
CCOC(=O)C1CCN(S(=O)(=O)c2cccc(-c3cn4cccnc4n3)c2)CC1,0
CCCn1c(SCc2ccc(Cl)cc2)nc2c1c(=O)[nH]c(=O)n2C,0
Cc1ccc(-c2cc(C(=O)Nc3cccnc3)c3ccccc3n2)o1,0
O=C(Cc1ccc(-n2cnnn2)cc1)NC12CC3CC(CC(C3)C1)C2,0
Nc1nnc(SCC(=O)Nc2ccc(F)c(Cl)c2)n1-c1ccccc1,0
CCOc1ccc(NC(=O)CSc2nnc(-c3ccco3)n2C)cc1,0
NC(=O)C1CCC(NC(=O)OCc2ccccc2)CC1,0
COc1ccc(N(CC(=O)NC(C)(C)C)C(=O)c2ccco2)cc1,0
CCOC(=O)c1cc(NC(=O)c2cccnc2)cc(C(=O)OCC)c1,0
C/C(NCc1ccccc1)=C1/C(=O)COC1=O,0
CC1CCc2nc(N)c(C#N)c(-c3cccn3C)c2C1,0
N#Cc1sc2nc3c(c(-c4ccco4)c2c1N)CCCC3,0
CC(C)c1ccc(N2CC(C(=O)Nc3nccs3)CC2=O)cc1,0
O=C(NCc1ccco1)c1cc(-c2ccc(Cl)cc2)on1,0
CCCC(=O)c1ccc(N2CCN(C(=O)OCC)CC2)c(F)c1,0
Cc1nc2oc3c(NCc4ccccc4)ncnc3c2c2c1COC(C)(C)C2,0
Cc1noc(C)c1COC(=O)CCc1ccc(S(=O)(=O)N2CCCCC2)cc1,0
CC(NC(=O)C1CCN(S(=O)(=O)N2CCCCCC2)CC1)c1ccccc1,0
Cn1c(-c2ccc3c(c2)OCO3)cnc1NC(=O)CCC(=O)NCCc1ccccc1,0
N#Cc1cn(CC(=O)NCC2CCCO2)c2ccccc12,0
Cc1c(NC(=O)COC(=O)c2cc3c4ccccc4n(C)c3s2)c(=O)n(-c2ccccc2)n1C,0
Cc1cc(C)nc(SCC(=O)NCc2ccco2)n1,0
COc1cccc(-c2nc(CS(=O)(=O)CC(=O)N3CCN(c4ccccn4)CC3)c(C)o2)c1,0
O=C1C=C(NCc2ccco2)CCC1,0
CS(=O)(=O)N(CC(=O)NCCSc1ccc(Cl)cc1)c1ccc2c(c1)OCO2,0
Cc1noc(C(=O)NCc2ccco2)c1Cl,0
Nc1nc(-c2cccnc2)nn1C(=O)Cc1ccccc1,0
O=C(CCNS(=O)(=O)c1ccc(Cl)cc1)N1CCC2(O)CCCCC2C1,0
O=C(NCCc1ccccc1)C1CCCN1C(=O)Nc1ccc(F)cc1,0
Cc1cc(=O)oc(C)c1C(=O)Nc1ccc2nsnc2c1,0
Cn1c(NCCc2ccccc2)cc(=O)n(C)c1=O,0
CN(C)CCNC(=O)c1cc2ccccc2oc1=O,0
c1ccc(Cn2nnnc2C(c2ccncc2)N2CCOCC2)cc1,0
CC1(C)Oc2ccc(C(=O)N3CCc4ccccc43)cc2N(CC(=O)N2CCCC2)C1=O,0
Oc1ccccc1CNCCCNCc1ccccc1O,0
O=c1c2cccnc2[nH]c(=S)n1CCCN1CCN(c2ccc(F)cc2)CC1,0
O=C(Nc1ccccc1OC(=O)N1CCCCC1)N1CCCCC1,0
N#Cc1ccc(CSc2nnc(Nc3ccccc3)s2)cc1,0
COc1ccc2[nH]c(=O)c(CN(C(=O)c3ccccn3)C3CCCCC3)cc2c1,0
O=C(Cn1nc(Cc2cccnc2)c2ccccc2c1=O)NCC1COc2ccccc2O1,0
N#Cc1c(N)sc2c1CCCCCC2,0
O=C(Oc1cccnc1)c1ccc(Cl)c(Cl)c1,0
CN(C(=O)c1cccnc1)c1nnc(-c2ccccn2)s1,0
Cn1c(=O)c2cc(S(=O)(=O)NC(C(=O)N3CCCCCC3)c3ccccc3)ccc2n(C)c1=O,0
COc1cccc(C(=O)NCc2n[nH]c(=S)n2-c2cccc(C)c2)c1,0
CC(=O)Oc1ccccc1C(=O)Oc1ccc(/C=N/n2cnnc2)cc1,0
Cc1ccc(NC(=O)CSCC(=O)O)c(C)c1,0
CCN1C(=O)C(NC(C)=O)c2cc(OC)ccc21,0
CCC(C(=O)Nc1nccs1)c1ccccc1,0
CCN1C(c2ccc(F)cc2)=CS/C1=C(\C#N)c1nnc2n1-c1ccccc1SC2,0
CC(C)Sc1nc(N2CCOCC2)c2c(c1C#N)CC(C)(C)SC2,0
O=C(OCC(=O)N1CCOCC1)C(c1ccccc1)c1ccccc1,0
CC1(C)Cc2c(sc3c2c(=N)n(Cc2ccco2)c(=O)n3CC(=O)Nc2ccccc2)CO1,0
Nc1nonc1OCCc1ccccc1,0
CSc1nc(N)c(C#N)c(-c2ccccc2Cl)c1C#N,0
O=C1CC(c2ccco2)Cc2nc(Nc3ccc(F)cc3)ncc21,0
CCOC(=O)N1CCN(C(c2ccc(C)cc2)c2sc3nc(C)nn3c2O)CC1,0
Cc1cc(N2CCOCC2)n2nc(-c3cccc(F)c3)cc2n1,0
O=C(CSc1nc(-c2ccc(F)cc2)cs1)N1CCN(C(=O)c2ccco2)CC1,0
COc1ccc(C2=NOC(C(=O)NCCCN3CCOCC3)C2)cc1,0
O=S(=O)(c1ccc(NC2CCCc3ccccc32)nc1)N1CCOCC1,0
COc1ccccc1NS(=O)(=O)CC12CCC(CC1=O)C2(C)C,0
N#Cc1c(NC(=O)CN2CCN(S(=O)(=O)c3ccc4c(c3)OCCO4)CC2)sc2c1CCC2,0
CCOC(=O)c1c(C)n(C)c2ccc(OCC(O)Cn3nc(C)cc3C)cc12,0
c1ccc(-c2ccccc2OCCn2cncn2)cc1,0
CC(C)(C)c1cc(C(=O)NCc2ccccc2)ccn1,0
COC(=O)c1ccccc1NC(=O)NC1CCN(Cc2ccccc2)CC1,0
Cc1cccc(N2CCN(C(=O)Cc3c(C(=O)O)[nH]c4ccc(Cl)cc34)CC2)c1C,0
Cc1c(NC(=O)c2cccc(S(=O)(=O)N3CCOCC3)c2)c(=O)n(-c2ccccc2)n1C,0
CN(Cc1ccccc1)Cc1nc2c(c(=O)n(C)c(=O)n2C)n1CCCc1ccccc1,0
Cc1cccc(OCC(=O)Nc2ccccc2N2CCCCC2)c1,0
CN1C(=O)NC(NC(=O)C2CCCCC2)(C(F)(F)F)C1=O,0
COC(=O)c1ccc2c(=O)n(CC3CCCO3)c(=S)[nH]c2c1,0
CCOC(=O)c1cn(CC)c2ccc(S(=O)(=O)N3CC(C)CC(C)C3)cc2c1=O,0
CCn1c(C)c(C(C)=O)c(N2CCN(C(=O)c3ccco3)CC2)nc1=S,0
Cc1ccc2[nH]c3c(c2c1)CN(C(=O)CN1CCSCC1)CC3,0
O=C(NCc1cccs1)c1noc2c1CCCCC2,0
CC(=O)c1cccc(NC(=O)CN(Cc2ccccc2)S(C)(=O)=O)c1,0
Cc1ccc2[nH]c3c(=O)n(CCCN4CCN(C)CC4)cnc3c2c1,0
Cn1c(=O)[nH]c(=O)c2[nH]c(CN3CCN(Cc4ccccc4)CC3)nc21,0
O=C(CSc1nnc(Cc2ccccc2)n1-c1ccc(F)cc1)N1CCOCC1,0
CC(=O)Nc1cccc(Cl)c1C(=O)O,0
Cc1ccc2c(c1)NCC(C(=O)NCc1ccccc1)O2,0
CC1(C)CC(=O)C2=C(C1)OC(N)=C(C#N)C2CCc1ccccc1,0
COc1cccc(NC(=O)c2ccccc2SC)c1,0
Cn1c(C(=O)OCC(=O)NCCc2ccccc2)cc2sccc21,0
COc1ccc(-n2nnnc2SCC(=O)N2CCOCC2)cc1,0
COc1ccc(C2N(c3ccc(F)cc3)C(=O)C3CCCN32)cc1,0
COC(=O)c1c(C)[nH]c(C(=O)C(Cc2ccccc2)N(C)C)c1C,0
O=C(C1CCCCC1)N1CCC(c2nc3ccccc3[nH]2)CC1,0
CCN1CCN(c2nc3c(c(=O)[nH]c(=O)n3C)n2CCCSc2ncccn2)CC1,0
Nc1c(C(=O)Nc2ccc(F)cc2)sc2nc(-c3ccco3)ccc12,0
CCN1CCN(c2ncc3c(n2)CC(c2ccc(OC)c(OC)c2)CC3=O)CC1,0
O=C(CN(C(=O)CCC(=O)Nc1nccs1)c1ccc2c(c1)OCO2)NCC1CCCO1,0
CCCN1CCN(C(=O)c2cccc3c2C(=O)N(CCOC)C3)CC1,0
CC(=O)Nc1cccc(Oc2nc(C)cc(C)c2C#N)c1,0
Cc1cc(C(=O)OCCO)c(C#N)c(N)n1,0
O=c1c2ccccc2[nH]c(=S)n1Cc1cccnc1,0
O=C(COc1ccc(Cl)cc1)Nc1ccccc1C(=O)NCc1ccco1,0
O=S(=O)(c1ccccc1)N1CCSC1c1ccco1,0
Cc1ccccc1C(=O)NC1CCN(Cc2nnnn2Cc2ccc(F)cc2)CC1,0
CCOC(=O)N1CCC(Nc2c(OCC)c(=O)c2=O)CC1,0
O=C(NC1CCCCC1)C1CCN(c2nnnn2-c2ccccc2)CC1,0
O=C(CSc1nnc(-c2ccncc2)o1)Nc1ccccc1Cl,1
COc1cc(Cl)cc(NC(=O)CCN2CCN(C)CC2)c1,0
O=C(COC(=O)c1ccccc1NC(=O)c1ccco1)NCCC1=CCCCC1,0
Cc1nnc(SC(C)C(=O)Nc2ccc(Cl)cn2)n1Cc1ccccc1,0
N#CC1=C(SCC(=O)Nc2ccccc2)NC(=O)CC1c1ccc(O)cc1,0
CC(C)(Oc1ccc(Cl)cc1)C(=O)NCc1ccco1,0
O=C(NC1CCCC1)C(c1ccccc1)N(C(=O)c1ccno1)c1cccnc1,0
CCn1c(SCc2ccccc2)nnc1-c1ccc(S(=O)(=O)N2CCCCC2)cc1,0
O=C(NCc1ccco1)C1(c2ccccc2)CCCC1,0
CCn1c(SCC(=O)OCc2ccccc2)nc2c1c(=O)n(C)c(=O)n2C,0
CCOC(=O)c1ccc2nc(NC(=O)c3ccco3)sc2c1,0
C=CCn1c(N)c(C(=O)NCc2cccnc2)sc1=S,0
CC(C)C(c1nnnn1C1CCCC1)N1c2ccccc2CC1C,0
Cc1ccc(S(=O)(=O)Cn2nnnc2CN(Cc2ccco2)Cc2cccs2)cc1,0
Cc1c(C(=O)Nn2cnnc2)oc2ccccc12,0
CC/N=C(\NCC)SC1CC(=O)N(c2cccc(OCC)c2)C1=O,0
C=CCN(C(=O)CNS(=O)(=O)c1ccccc1)C(C(=O)NCCOC)c1ccncc1,0
CC(NC(=O)c1ccc(NS(C)(=O)=O)cc1)c1ccccc1,0
CC(C)Cn1c(O)c(C(=O)Nc2cnccn2)c(=O)c2ccccc21,0
Cc1ccsc1/C=N/c1ccc(O)cc1,0
O=c1nc(CN2CCc3ccccc3C2)[nH]c2ccccc12,0
O=C(Nc1ccc2c(c1)OCO2)C1CCN(C(=O)c2cccs2)CC1,0
O=C(NCCN1CCOCC1)c1cccs1,0
Cc1ccccc1N1C(=O)CC(=O)NC1=O,0
CCCCC(=O)Nc1ccc(NC(=O)C2CC2)nc1,0
CCOCCn1c(CCCO)nc2ccccc21,0
Cc1nc2cc(C(=O)N3CCC4(CC3)OCCO4)ccc2n1-c1cccc(F)c1,0
CCc1ccc(CCC(=O)Nc2nc(CC(C)=O)ns2)o1,0
CC1(C)CC(=O)C2=C(C1)OC(N)=C(C#N)C2C1CC=CCC1,0
Clc1ccc(-n2ncc3c(NCc4ccccn4)ncnc32)cc1,0
Cc1ccc(-n2c(SCc3cn4ccsc4n3)nc3ccccc3c2=O)cc1,0
COc1ccc(C(=O)c2cnc(C(C)C)n2C)cc1,0
Cc1cc(C)n2c(SCC(=O)Nc3ccccc3)nnc2n1,0
COC(=O)c1c(C)oc2ccc(NS(=O)(=O)c3cc(OC)ccc3OC)cc12,0
COCCn1c(C)cc(C(=O)CSc2nc3ccccc3o2)c1C,0
CC1CCCCC12NC(=O)N(Cn1nnc3ccccc3c1=O)C2=O,0
C=CCn1c(SCn2nnc3ccccc3c2=O)nnc1-c1ccc(Cl)cc1,0
C=CCSc1nc2ccccc2n1Cc1nnc(-c2cccs2)o1,0
Cc1nn(S(=O)(=O)N(C)C)c(C)c1CN1C(=O)c2ccccc2C1=O,0
CC1CCCCN1C(=O)C12CCC(C)(/C(=N/O)C1)C2(C)C,0
COc1ccc(N2C(=O)C3CCCN3C2c2cc(OC)c(OC)cc2OC)cc1,0
CCCCCCNC=C1C(=O)CC(C)(C)CC1=O,0
CCOC(=O)c1sc(/N=C/N(C)C)c(C(=O)OCC)c1C,0
COCCC(=O)NC12CC3CC(CC(C3)C1)C2,0
O=C(O)c1cc2c(ccc3ccccc32)[nH]1,0
CN1C(=O)c2cccc3c(S(=O)(=O)NCc4ccco4)ccc1c23,0
CCc1nnc(NC(=O)C2CCCN2S(=O)(=O)c2ccc(C)cc2)s1,0
O=C(COc1ccccc1)Nc1nnc(-c2ccc(Cl)s2)o1,0
COc1ccc(NC(=O)C(NS(=O)(=O)c2ccc3c(c2)CCCN3C(C)=O)C(C)C)c(OC)c1,0
O=C(NCc1ccc(Cl)cc1)c1cccnc1,0
NS(=O)(=O)c1ccc(CCNc2ncnc3sccc23)cc1,0
Cc1cc(C)nc(SCC(=O)Nc2ccc(N3CCOCC3)c(Cl)c2)n1,0
CCOCCCNC(=O)c1cc2c(=O)n3cccc(C)c3nc2n1C,0
CCCc1n[nH]c2c1C(=O)C(C(=O)OC)C(C)(C)C2,0
Cc1csc(SCC(=O)Nc2nc(-c3ccccc3)cs2)n1,0
O=C1C2CC=C(Cl)CC2C(=O)N1CNc1ccccn1,0
CCN1CCN(S(=O)(=O)Cc2ccccc2)CC1,0
COc1ccc(OC)c2c(C)cc(NCCN3CCOCC3)nc12,0
Cc1onc(-c2c(F)cccc2Cl)c1C(=O)Nc1cccc2nsnc12,0
c1ccc(Oc2nc(Oc3ccccc3)nc(N3CCOCC3)n2)cc1,0
Cc1ccc(S(=O)(=O)N(C)Cc2nc(-c3ccccn3)no2)cc1,0
Cc1cc(NC(=O)CSc2ncn(-c3ccccc3)n2)no1,0
CCN(CC)C(=O)CSCC(=O)Nc1ccccc1,0
CC(C)C(C(=O)Nc1ccc2c(c1)OCCO2)N1C(=O)c2ccccc2C1=O,0
O=C(CSc1nnc(-c2cccs2)n1-c1ccccc1)NCc1ccco1,0
C=CCN1C(=O)NC2(CCCCC2)C1=O,0
Cc1cc(C)nc(SCC(=O)Nc2ncc3c(n2)CCCC3=O)n1,0
Cn1c(=O)n(Cc2ccccc2)c(=O)c2c1nc1n2CCS1,0
CCOC(=O)CSc1nc2ccccc2c(=O)n1C1CCCC1,0
Cc1nnc(C)n1/N=C/c1cccs1,0
O=C(Cc1ccccc1)Nc1ccc(NC(=O)C2CC2)nc1,0
CCCOc1ccc2oc(=O)c3c(c2c1)CCCN3C(=O)CN1CCc2ccccc2C1,0
CC(=O)c1cccc(NC2=c3ccccc3=NC2=O)c1,0
CC(C)/C=C1\CCCCC1N(C)C(=O)NC(C)C,0
O=C(Cn1ncc2c(=O)oc3ccccc3c21)NCCCN1CCCC1=O,0
CC(=O)c1cc2c(cc1NC(=O)Nc1cccc(Cl)c1)OCCO2,0
CCOc1ccc2[nH]c(S(=O)(=O)CC)nc2c1Cl,0
COC(=O)c1ccccc1NC1c2ccccc2C(=O)N1c1cccnc1,0
Cc1ccc(-n2nnc3c(=O)n(CC(=O)N4CCCC4)cnc32)cc1,0
CCn1c(SCC(=O)Nc2ccc(S(N)(=O)=O)cc2)nnc1-c1cccc(OC)c1,0
c1ccc(-n2nnnc2-n2nnc3ccccc32)cc1,0
CCOc1ccccc1NC(=O)CSc1c(C)n[nH]c1C,0
COc1ccc(C(=O)OCn2nnc3ccccc3c2=O)cc1OC,0
Cc1ccc(CNS(=O)(=O)c2ccc(C(C)(C)C)cc2)n1C,0
CCOc1ccccc1N(CC(=O)O)S(=O)(=O)c1ccc(C)cc1,0
Cc1ccc(S(=O)(=O)NCC/N=C(\CN2CCCC2)NS(=O)(=O)c2ccc(C)cc2)cc1,0
NC(=O)CSc1nnc(COc2ccccc2)n1C1CCCCC1,0
Cc1nnc(SCc2ccccc2)n1N,0
CSc1nc(N)nc(SCC(=O)c2ccccc2)c1C#N,0
CCOC(=O)N1CCN(C(=O)c2cccc(OC)c2OC)CC1,0
CCCCCCSc1ncc(C#N)c(N)n1,0
COC(=O)CN1C(=O)C2(C(C#N)=C(N)Oc3cc(C)oc(=O)c32)c2ccccc21,0
O=C(CSc1nc2ccccc2o1)Nc1nc2c(s1)CCCC2,0
COc1cccc2[nH]c3c(=O)n(CCN(C)C)cnc3c12,0
CCOc1ccc(NC(=O)C2CC(=O)N(c3cc(C)cc(C)c3)C2)cc1,0
O=S(=O)(Nc1ccc(O)c(CN2CCCCC2)c1)c1ccccc1,0
CCCC(=O)Nc1nc2c(OC)ccc(OC)c2s1,0
COc1ccccc1C1CC(=O)NC(SCC(=O)Nc2ccccc2)=C1C#N,0
CCn1cc(C(=O)O)c(=O)c2cnc(N3CCN(C(=O)Nc4ccccc4)CC3)nc21,0
CC(=O)N(C(C)=O)c1c(N2CCOCC2)c2ccccc2oc1=O,0
O=C(NCc1cccnc1)c1c[nH]c2cc3c(cc2c1=O)OCCO3,0
CCOC(=O)C(CC)(CCC(=O)Nc1nncs1)C(=O)OCC,0
Cc1cccc(-n2ncc3c(Nc4ccc(F)cc4)ncnc32)c1,0
CCc1nccn1S(=O)(=O)c1ccc2ccc(C)cc2c1,0
O=C(c1ccco1)N1CCN(C(=O)N2c3ccccc3Sc3ccccc32)CC1,0
C=CCN(CC=C)C(=O)CCCCC(=O)N(CC=C)CC=C,0
CCC(C)c1ccc(NC(=O)c2cccnc2)cc1,0
CCN(CCNC(=O)CC1Oc2ccccc2NC1=O)c1ccccc1,0
CNC(=O)CSc1nnc(-c2cc(C)cc(C)c2)o1,0
Cn1c(=N)c(S(=O)(=O)c2ccc(Cl)cc2)cc2c(=O)n3ccccc3nc21,0
CCS(=O)(=O)CCn1c([N+](=O)[O-])cnc1C,0
CCn1c(SCC(=O)Nc2cc(C)on2)nnc1-c1ccc(S(=O)(=O)N2CCCC2)cc1,0
O=C(c1ccccc1Oc1nnnn1-c1ccccc1)N1CCOCC1,0
COC(=O)CSc1n[nH]c(-c2ccncc2)n1,0
O=C(NC1CS(=O)(=O)CC1NCc1ccccc1)c1ccccc1,0
COc1ccccc1C1/C(=C(/O)c2cnn(-c3ccccc3)c2C)C(=O)C(=O)N1CCN(C)C,0
CC(C)CNc1cc(Cl)c(S(=O)(=O)NCC(C)C)cc1C(=O)O,0
CS(=O)(=O)N1CCCC(C(=O)NCc2ccccc2Cl)C1,0
O=C(c1cccs1)N1CCC(c2nc3n(Cc4ccccc4)[nH]nc-3c(=O)n2)CC1,0
CN1CCN(c2ccc(Cl)cc2NC(=O)c2cccc(S(=O)(=O)N(C)C)c2)CC1,0
O=C(C1CCCO1)N1CCC(O)(c2ccccc2)CC1,0
NC(=O)CSc1nnc(-c2ccc(S(=O)(=O)N3CCCC3)cc2)n1CC1CCCO1,0
Cc1cc(C)cc(NC(=O)CSc2nc3c(c(=O)n2C)SC(C)C3)c1,0
COc1cccc(N2CCN(Cc3cccnc3)CC2)c1,0
CC1(C)CC(=O)C(CCCN2C(=O)c3ccccc3C2=O)C(=O)C1,0
CCCCn1c(CCNC(=O)c2cccs2)nc2ccccc21,0
COc1ccccc1CNC(=O)CCC(=O)Nc1nnc(C)s1,0
COc1ccccc1NC(=O)c1[nH]c(C)c(C(C)=O)c1C,0
CC1CCCC(NC(=O)c2n[nH]c(=O)c3ccccc23)C1C,0
Cc1ccc2c(c1)N(CCC(=O)NCc1cccnc1)C(=O)CO2,0
Cc1cccn2cc(CNC(=O)C3CCCCC3)nc12,0
Cc1c(C(=O)N2CCCc3ccccc32)oc2ccc(S(=O)(=O)N3CCOCC3)cc12,0
C/C(Cl)=C/CSc1nc2c(c(=O)[nH]c(=O)n2C)n1C(C)C,0
CCC(C(=O)O)n1c(C(F)(F)F)nc2ccccc21,0
O=C(NC1CCCc2ccccc21)c1ccc(CNc2c(N3CCOCC3)c(=O)c2=O)cc1,0
Cc1cc(NC(=O)C(C)C)ncc1NC(=O)Cc1ccccc1,0
c1cc(-c2nnc3n2CCCCC3)ccn1,0
COc1ccc(CNC(=O)c2cccc(N3CCCC3=O)c2)cc1,0
CN1C(=O)SC(Nc2ccccc2C(=O)O)C1=O,0
Cc1csc(NC(=O)CSc2nnc(Cn3c(=O)sc4ccccc43)n2-c2ccccc2)n1,0
Cc1onc(-c2ccccc2)c1C(=O)Nc1cccc(OC(C)C)c1,0
COc1ccc(-c2noc(CSc3nc(=O)cc(-c4ccccc4)[nH]3)n2)cc1OC,0
Cn1nc(C(=O)Nc2c(-c3ccccc3)nc3sccn23)c2ccccc2c1=O,0
Cc1coc(C)c1C(=O)CC1(O)C(=O)N(CCc2ccccc2)c2ccccc21,0
CCn1c(O)c(C(=O)Nn2c(C)nc3ccccc3c2=O)c(=O)c2ccccc21,0
O=C1NC(=O)N(c2ccc(F)cc2)C(=O)/C1=C/Nc1ccccc1N1CCCC1,0
CC1(C)N=C(c2cccc(F)c2)C(=O)N1,0
Nc1nnc(SCc2ccccc2F)n1-c1ccccc1,0
COC(=O)C1=CNC=C(C(=O)OC)C1c1ccc(Cl)cc1,0
CCCc1cc(=O)nc(Nc2ccc(N3CCCCC3)cc2)[nH]1,0
Cn1c(=O)[nH]c(=O)c2c1nc(NCCCn1ccnc1)n2CCOc1ccccc1,0
Cc1ccc(NC(=O)c2ccc(S(=O)(=O)N3CCCC3)cc2)cc1,0
CC(=O)c1c(C)[nH]c(C(=O)N2CCc3ccccc3C2)c1C,0
CCOc1ccc(NC(=O)Nc2cc(C)on2)cc1,0
CC(=O)N1CCN(c2ccc(NCc3ccc(F)cc3)cc2)CC1,0
Cc1nc2cc(-c3ccc(F)cc3)nn2c(N2CCOCC2)c1C,0
O=C(Nn1cnnc1)c1ccccc1CCc1ccccc1,0
COc1ccc(C(=O)c2ccc(OC)c(N)c2)cc1N,0
CCOC(=O)c1c(C)n(O)c2ccc(Cl)cc2c1=O,0
O=C(NCC1CCCO1)C1CCN(C(=O)c2ccc(Cl)cc2)CC1,0
O=S(=O)(Nc1cccc2cccnc12)c1ccc(S(=O)(=O)N2CCCC2)cc1,0
Cn1ncc2c1ncn1nc(CCc3ccccc3)nc21,0
CCC(=O)Nc1nc(C)c(C(=O)N2CCCCC2)s1,0
CN(C)/C=N/c1nc2ccc3c(c2s1)CCCC3,0
CCNS(=O)(=O)c1ccc(NC(=O)Nc2cccc(OC)c2)cc1,0
O=C(COc1ccc(S(=O)(=O)N2CCCCC2)cc1)NCc1ccncc1,0
CC(C(=O)N1CCN(C)CC1)N1C(=O)c2ccccc2C1=O,0
CS(=O)(=O)N(CCc1ccccc1)CC(=O)N1CCN(Cc2ccc3c(c2)OCO3)CC1,0
O=C1c2ccccc2C(=O)N1CCSc1nnc(-c2ccco2)n1Cc1ccccc1,0
Cc1ccc(S(=O)(=O)N(C)c2ccc(NS(C)(=O)=O)cc2)cc1,0
Cc1nnc2n1NC(c1ccc(Cl)cc1)C(C(=O)N(C)C1CCCCC1)S2,0
Cc1cc(C)n(-c2ccc(C(=O)Nc3ccccc3N3CCOCC3)cc2)n1,0
CCCCC(=O)Nc1ccc(C(=O)N2CCN(C)CC2)cc1,0
NC(=O)c1nc(N2CCOCC2)nc(N2CCOCC2)n1,0
CCCCn1c(SCC(=O)Nc2cc(C)on2)nc2ccccc2c1=O,0
O=C(NCc1ccc(F)cc1)NC(Cc1ccccc1)C(=O)O,0
Cc1cccc(-c2cc3nc4c(c(N5CCOCC5)n3n2)CCCC4)c1,0
C1=Nc2c(Nc3ccccc3)ncnc2Oc2ccccc21,0
O=S1(=O)C=C(Oc2ccc(F)cc2)c2ccccc21,0
COC(=O)c1nc(NC(C)=O)n[nH]1,0
Cc1cc(C)nc(SCC2=NC(N)=N/C(=C3/C=CC=CC3=O)N2)n1,0
Cc1ccc(SCCC(=O)N2CCOCC2)cc1,0
CC(CN1CCNCC1)(NS(=O)(=O)c1ccccc1)c1ccccc1,0
C=CCn1c(-c2ccccc2)nc2nc3ccccc3nc21,0
O=C(Nc1nnc(SCc2ccc(F)cc2)s1)c1ccco1,0
O=C(Cn1c(-c2cncs2)nc2ccccc21)NC1CCCC1,0
COc1ccc(CCn2c(=N)c(C(=O)NCc3ccco3)cc3c(=O)n4ccccc4nc32)cc1,0
CC1(C)Cn2c(nnc2-c2cccc(O)c2)S1,0
CCOC(=O)c1c(NC(=O)CN(CC)CC)sc2c1CCN(C(=O)OCC)C2,0
O=C(O)C1C2C=CC(O2)C1C(=O)NCCCn1ccnc1,0
Cc1c(/C=N/n2cnnc2)c2ccccc2n1CCOc1ccccc1,0
CCCNC(=O)C(NS(=O)(=O)c1cccc2nsnc12)c1ccccc1,0
CCCCN(C(=O)NC(=O)Nc1ccccc1OCC)S(C)(=O)=O,0
Cc1ccc(NC(=O)C2CCCNC2=O)nc1,0
CN(C)c1ccc(-c2nn3c(-c4ccc(Cl)cc4)nnc3s2)cc1,0
CCN(CC)C(=O)CC(c1ccc(F)cc1)c1ccco1,0
CCn1c(SCC(=O)Nc2ccccc2)nnc1-c1ccc(S(=O)(=O)N2CCOCC2)cc1,0
C=C(C)c1ccc(C(C)(C)NC(=O)N2CCN(C)CC2)cc1,0
O=C(CSc1nnc(-c2cccnc2)o1)Nc1ccccn1,0
Cc1ccc(C(=O)NCc2occc2C(=O)O)o1,0
CCc1nnc(NCC(=O)N2CCc3ccccc32)s1,0
Cc1noc(C)c1S(=O)(=O)N(CC(=O)N1CCc2ccccc21)c1ccc(C(C)C)cc1,0
C=CCn1c(N2C(=O)CC(Cc3ccccc3)C2=O)nc2ccccc21,0
CCN1C(=O)CSc2ccc(C(=O)NCc3ccco3)cc21,0
Cc1cccn2c(=O)c3cc(C(=O)Nc4ccc(N(C)C)cc4)n(C)c3nc12,0
COc1cccc(Nc2nc(-c3sc(N)nc3C)cs2)c1,0
O=S(=O)(NCc1ccco1)N1CCCCCC1,0
CCCC1C(C#N)=C(N)Oc2cc(C)n(C)c(=O)c21,0
CCOC(=O)C1=C(CSc2nncn2C)NC(=O)NC1c1cc(OCC)ccc1OCC,0
Cc1cc(=O)nc(-n2nc(C)c(Oc3ccccc3O)c2C)[nH]1,0
CCN(CC)S(=O)(=O)c1ccc(OC(C)C)nc1,0
CCOC(=O)c1cc(C)n(S(=O)(=O)c2ccc(C)cc2)c1C,0
CC1CCN(C(c2ccc(N(C)C)cc2)c2nnnn2C(C)(C)C)CC1,0
O=C(Nc1ccccc1C(F)(F)F)N1CCC(N2CCCCC2)CC1,0
COC(=O)c1ccc(=O)n(-c2ccc(OC)cc2)c1,0
COc1ccc(NC(=O)Cn2nnc(-c3ccccc3F)n2)cc1,0
O=C1c2ccccc2S(=O)(=O)N1CC(O)Cn1ccc2ccccc21,0
Cc1noc(C)c1C(=O)Nc1sc2c(c1C(N)=O)CCC2,0
CC(=O)Nc1nn(C)c2nc3cc(C)ccc3cc12,0
Cn1nnnc1SCc1nc2ccccc2[nH]1,0
CNC(=O)c1cc2c(=O)n3cc(C)ccc3nc2n(Cc2ccco2)c1=N,0
CC(=O)C(Sc1ncnc2c1nnn2-c1ccc(F)cc1)C(=O)N(C)C,0
Cc1nc2c(c(=O)n1Cc1ccco1)c1nc3ccccc3nc1n2Cc1ccccc1,0
Cn1c(SCC2CCCCC2)nnc1-c1ccncc1,0
O=c1c2ccccc2nnn1CSc1nc2cc(Cl)ccc2c(=O)n1Cc1ccco1,0
O=C(CSc1nncs1)NC(=O)NCc1ccccc1,0
Cc1ccccc1-n1nnnc1SCC(=O)Nc1ccc(S(=O)(=O)N2CCCC2)cc1,0
COc1ccc(C)cc1S(=O)(=O)N(C)CC(=O)NC1CCCCC1,0
CCOC(=O)Cn1cnc2c(nnn2-c2ccc(OC)cc2)c1=O,0
CCOC(=O)c1ccc(CNC(=O)C(Cc2c[nH]c3ccccc23)NC(C)=O)o1,0
Cc1cc(N2C(=O)CCC2=O)n(-c2ccccc2)n1,0
CCc1nnc(NC(=O)CSc2nnc(-c3ccoc3C)n2-c2ccccc2)s1,0
COC(=O)CCN1CCC(C(N)=O)CC1,0
O=C(NCc1ccc(F)cc1)c1cnc2sccn2c1=O,0
CC(=O)c1ccc(NC(=O)c2ccn[nH]2)cc1,0
COc1cccc(NC(=O)CSc2ccccn2)c1,0
CCOC(=O)N1CCN(S(=O)(=O)c2ccc(C)c(C)c2)CC1,0
O=C(c1ccc2ccccc2n1)N1CCN(c2ccccc2)CC1,0
CCCCCOC(=O)NCC(O)c1ccccc1,0
CCN(C(=O)COC(=O)c1cnc(C)cn1)C1CCCCC1,0
Cc1ccc(S(=O)(=O)N2CCN(S(C)(=O)=O)C2c2ccccc2)cc1,0
CCOCCOC(=O)C1=C(C)N(C)C(=O)NC1c1ccccc1Cl,0
Cc1ccccc1-n1c(N)cc(=O)[nH]c1=S,0
CC(=O)N1CCCc2cc(S(=O)(=O)NCCC3=CCCCC3)ccc21,0
O=C(Cn1c(C(=O)N2CCc3ccccc3C2)cc2sccc21)c1ccccc1,0
O=C(c1cccc(-n2cnnn2)c1)N1CC=C(c2ccccc2)CC1,0
COCCNC(=S)c1ccc(OC)cc1,0
COCc1cc(C)nc2sc(C(=O)N3CCCC3)c(N)c12,0
CC(C)COC(=O)Nc1ccccc1C(=O)N1CCOCC1,0
N#Cc1ccccc1Cn1c(=O)n(-c2ccc(CC(=O)NCc3ccco3)cc2)c(=O)c2sccc21,0
Cn1nc(-c2ccc(OCC(=O)Nc3cccnc3)cc2)c2ccccc2c1=O,0
Cc1nc2c(=O)n(C)c(=O)[nH]c2n1Cc1ccccc1,0
Cc1cc(C)c(S(=O)(=O)N(C)CC(=O)N2CCCCC2)c(C)c1,0
CCOc1cc(CO)ccc1OCC(=O)N1CCCCC1,0
c1cc(CNc2ccc3c(c2)OCO3)ccn1,0
CC(NC(=O)CC1Nc2ccccc2NC1=O)c1ccccc1,0
CCN1CCN(C(=O)C(C)N(c2ccc(C)cc2)S(C)(=O)=O)CC1,0
O=C(CSc1ccc2nnc(-c3ccc(F)cc3)n2n1)N1CCCCC1,0
c1ccc(-c2csc(Nc3cccnc3)n2)nc1,0
CCSc1nc(=O)c2c([nH]1)NC(C)=C(C(=O)OC)C2c1ccncc1,0
O=C(CCc1ccccc1)Nc1ccncc1,0
CC1CCCC(NC(=O)C2CCN(S(=O)(=O)N3CCOCC3)CC2)C1C,0
Cc1cc(C)n2c(SCC(=O)NCc3ccco3)nnc2n1,0
O=C(Nc1ccccc1C(=O)N1CCN(Cc2ccccc2)CC1)c1ccccn1,0
CC1=C(C(=O)Nc2ccccc2C)C2(CCCC2)C(C(N)=O)C(=O)N1,0
Cc1cccc(C)c1NC(=O)N1CCC(n2cnc3ccccc32)CC1,0
O=C(NCc1cccs1)c1csc2ccccc12,0
O=C1C(=C2CCCCC2)SC(=S)N1Cc1ccco1,0
CCN(CC)S(=O)(=O)c1ccc(OCC(=O)NCc2ccccc2)cc1,0
CCCCC1=CN/C(=C2\C=CC(C)=CC2=O)C=C1,0
c1ccc(NCc2nnc3n2CCCCC3)cc1,0
CC1CCCN(C(=O)CSC2=NN/C(=C3/C=Nc4ccccc43)O2)C1,0
O=C(CSc1nnc(-c2cccnc2)n1Cc1ccccc1)NCc1ccco1,0
COc1ccc(NC(=O)C23CCC(C2)C(C)(C)C3=O)cc1,0
CC(=O)Nc1ccc(S(=O)(=O)n2cnc(C)c2)cc1,0
Cc1ccc(S(=O)(=O)N2CCC(C(=O)NC(Cc3ccccc3)C(=O)O)CC2)cc1,0
COc1ccc(-n2ncc3c(NCCCn4ccnc4)ncnc32)cc1,0
CCOC(=O)c1nnn(-c2nc(OC)nc(N(C)C)n2)c1-c1ccccc1,0
O=[n+]1cc(-c2cc3ccccc3o2)n([O-])c2c1CCCC2,0
COc1cccc(CNc2nc3nc(C)cc(C)n3n2)c1,0
O=C(NCCCN1CCOCC1)c1c(F)cccc1F,0
C=CCN1C(=O)NC(=O)/C(=C(/C)NCc2cc(OC)cc(OC)c2)C1=O,0
CCOC(=O)CCCn1nc(C)n2c(cc3sccc32)c1=O,0
CCOC(=O)CSc1nc2c(c(=O)n1-c1ccc(OCC)cc1)SCC2,0
CN(C)c1oc(-c2ccccc2F)nc1C#N,0
O=C(c1ccc2c(c1)OCO2)N(c1ccc(F)cc1)C1C=CS(=O)(=O)C1,0
Cn1nnnc1SCC(=O)NCCc1ccc(Cl)cc1,0
CCCC(=O)Nc1ccc2oc(-c3cccnc3)nc2c1,0
Cc1cccc(CS(=O)(=O)Cc2ccc(C(=O)NCCN3CCCCC3C)o2)c1,0
CC1(C)NC(C)(C)C(O)(C(N)=O)C1=O,0
O=C(Nc1cccc(N2CCCC2)c1)c1cccs1,0
O=C1CCCc2sccc2N1,0
CCC(O)CNc1nc(-n2nc(C)cc2C)nc2sc3c(c12)CCCC3,0
Cn1c(=O)c2c(nc(SCC(=O)NCc3ccco3)n2C)n(C)c1=O,0
Cc1cc(C)n(CCCNC(=O)c2ccc3c(c2)NC(=O)CS3)n1,0
COc1ccc(C2C(C#N)=C(N)OC(C(C)(C)C)=C2C#N)cc1OC,0
O=C(CSc1nc(=O)c2ccccc2[nH]1)c1cccs1,0
CCOC(=O)N1CCN(c2cc(=O)n(-c3ccc(OCC)cc3)c(=O)[nH]2)CC1,0
O=C(CSc1nc2ccccc2o1)NC(=O)NCc1ccco1,0
COC(=O)c1ccc(NC(=O)CSc2nncn2C)cc1,0
CCOC(=O)C1=C(C)N/C(=C\N(C)C)C1=O,0
O=C(NCc1ccccc1)c1cnc2n(c1=O)CCS2,0
COc1ccc(C(=O)N2CCN=C2SC)cc1OC,0
COc1ccc2c(c1OC)C(=O)N(c1cccc(C)c1)C2=O,0
C/C(Nc1ccccc1C)=C1\C(=O)OC(C)C1=O,0
COc1ccc(-c2cc(C(=O)NC(C(=O)O)C(C)C)c(C)o2)cc1OC,0
O=C(Cn1[nH]c(=O)c2ccccc2c1=O)NCc1cccnc1,0
O=C(CSc1nnc(Cc2ccccc2)n1Cc1ccco1)NC12CC3CC(CC(C3)C1)C2,0
Cc1cccc2c1nc(-c1ccccc1)n1nnnc21,0
CN1CCc2c(sc3c2C(=O)NC(c2ccco2)N3)C1,0
CCCCC(=O)Nc1cc(N(C)C)nc2ccccc12,0
O=C1C=CC=C/C1=C1/CC(c2ccco2)=Nc2ccccc2N1,0
Cc1cc(=O)nc(SCC(=O)N2CCN(C(c3ccccc3)c3ccccc3)CC2)[nH]1,0
CC1(C)Cc2ccccc2-c2nnc(SCC(=O)Nc3nc4ccccc4s3)n21,0
Cn1c(=O)n(CCc2ccccc2)c(=O)c2c1ncn2Cc1ccccc1,0
COc1ccc(-n2c(SCC(=O)c3c(N)n(C)c(=O)n(C)c3=O)nc3ccccc32)cc1,0
CCOc1cc(N2CCOCC2)c(OCC)cc1NC(=O)CCS(=O)(=O)c1ccc(Cl)cc1,0
CC1CCN(C(=O)CN(c2ccc3c(c2)OCO3)S(C)(=O)=O)CC1,0
N#Cc1c(NC(=O)CSc2nc3ccccc3c(=O)n2Cc2ccco2)sc2c1CCCC2,0
O=C(Nc1sccc1C(=O)N1CCOCC1)c1cccnc1,0
CCOC(=O)c1ccc(NC=C2C(=O)CC(c3ccco3)CC2=O)cc1,0
Cc1c(Cl)cccc1NC(=O)NC1CCCCC1,0
COc1ccc(OC)c2[nH]c(=O)c(CCNC(=O)C3CCCCC3)cc12,0
Cc1nc(C(C)(C)O)n(-c2ccccc2)n1,0
O=C(CSc1ncnc2ccccc12)NCc1ccco1,0
Cc1ccc(NC(=O)CCNS(=O)(=O)c2ccc3c(c2)oc(=O)n3C)cc1C,0
N#Cc1nc(-c2ccc(F)cc2)oc1NCc1ccccc1,0
CCCCN1C(=O)NC(=O)/C(=C\NC2CCCCC2N)C1=O,0
CCOC(=O)C1=C(C)N(CCO)C(=O)NC1c1cccc(O)c1,0
CCOc1cc(-c2noc(CCC(=O)Nc3cccnc3)n2)ccc1OC,0
Nc1nc2c3ccccc3nc(Cc3ccccc3)n2n1,0
C=CCn1c(O)c(C(=O)Nc2nnc(C)s2)c(=O)c2ccccc21,0
CCOC(=O)CC(=O)CSc1nc2c(c(C)c1C#N)CCC2,0
CC(C)Oc1ccc(N2CC(C(=O)Nc3ccc4c(c3)OCO4)CC2=O)cc1,0
Cn1c(=O)c2c(nc(SCC(=O)NCC3CCCO3)n2C)n(C)c1=O,0
CCC(O)(CCN1CCCCC1)c1ccccc1,0
CS(=O)(=O)N(CC(=O)N1CCC(C(N)=O)CC1)c1ccc(Oc2ccccc2)cc1,0
COc1cc(NC(=O)C2COc3ccccc3O2)c(OC)cc1Cl,0
NC(=O)C1(N2CCCCC2)CCN(C(=O)NC2CCCCC2)CC1,0
COc1ccc(C)cc1S(=O)(=O)N(C)CC(=O)Nc1ccccc1,0
COc1cc(NC(=O)c2cc3nc(C)cc(C)n3n2)c(OC)cc1Cl,0
CCOC(=O)c1cnc2c(-c3ccccc3)cnn2c1N,0
C=CCc1cc(C)ccc1OCC(O)CN1CCN(c2ccccc2)CC1,0
CCC(C)(C)NC(=O)C(c1ccc(F)cc1)N(Cc1ccco1)C(=O)c1cnccn1,0
COc1ccc(CC(=O)OCC(=O)NC(=O)NC2CCCCC2)cc1,0
COC(=O)c1c(NC(=O)CC2NCCNC2=O)sc2c1CCCC2,0
Cc1ccc2c(COn3nnc4ccc(S(=O)(=O)N(C)C)cc43)cc(=O)oc2c1C,0
N#Cc1cc2c(nc1SCc1cccnc1)CCC2,0
CCCn1c(SCC(=O)NC)nnc1C(C)C,0
CCn1c(CNC(=O)C23CC4CC(CC(C4)C2)C3)nnc1SCC(=O)Nc1nnc(C)s1,0
O=C(c1ccccc1F)N1CCc2ccccc21,0
COC(=O)CN1C(=O)C(O)(CC(=O)c2ccc(C)cc2)c2ccccc21,0
O=C(COC(=O)C1CCCN1S(=O)(=O)c1ccc(Cl)cc1)Nc1ccc2c(c1)OCO2,0
O=C(CSc1nnc(NC(=O)c2ccco2)s1)NC1CCCC1,0
Cn1nc(-c2ccc(Cl)cc2)c2cc(C(=O)N3CCCC3)sc21,0
COc1ccccc1-c1nc(C#N)c(NCc2ccc(F)cc2)o1,0
O=c1[nH]c2c(n(C3CCCCC3)c1=O)CCC2,0
COc1cccc(C(=O)NC2=NCCS2)c1,0
CNC(=O)CN(C1CCCCC1)S(=O)(=O)c1ccc(F)cc1,0
Cc1ccc2[nH]c(=O)c3cc(C(=O)N4CCN(C(=O)c5ccco5)CC4)sc3c2c1,0
Cc1nc2c3cnn(-c4ccc(C)c(C)c4)c3ncn2n1,0
Cc1nnc2sc(-c3ccncc3)nn12,0
CC(=O)c1c(N)n(C)c(=O)n(C)c1=O,0
CCN(CC)S(=O)(=O)c1ccc(Cl)c(C(=O)NCC2CCCO2)c1,0
CCOCCCn1c(SCC(=O)Nc2ccc(C(N)=O)cc2)nc2ccccc2c1=O,0
COCc1cc(C)nc(N)c1C#N,0
COc1ccc(C)cc1NC(=O)CSc1nnc(-c2cc3cccc(OC)c3o2)n1N,0
Cc1nn(-c2ccccc2)c2sc(C(=O)N3CCc4ccccc4C3)cc12,0
Cc1nc(SCc2c(F)cccc2Cl)n[nH]1,0
Cc1cc(C)c(C(N)=O)c(NCCc2ccccc2)n1,0
O=C(COc1ccccc1)NCc1ccc2c(c1)OCO2,0
O=C(NCCCn1ccnc1)c1cc(-c2cccs2)on1,0
COc1ccc(CCN2C(=O)CC(Nc3ccc(N4CCOCC4)cc3)C2=O)cc1OC,0
Cc1ccc2nc(C(F)(F)F)c(C#N)c(N)c2c1,0
Cc1ccc(-c2cc(C(=O)N3CCOCC3)c3ccccc3n2)cc1,0
O=C(O)C1CCC(CNCc2cccnc2)CC1,0
CCCCn1nnnc1SCC(=O)Nc1ccc2c(c1)OCCO2,0
COC(=O)C1(CO)NC(c2cccs2)C2C(=O)N(c3ccccc3)C(=O)C21,0
CC(C)c1ccccc1NC(=O)c1cccnc1,0
COc1cc(NC(=O)c2ccco2)ccc1NC(=O)c1ccccc1Cl,0
CCS(=O)(=O)N1CCCC(C(=O)NCc2cccnc2)C1,0
O=C(Nc1ccccc1C1CC1)c1cccs1,0
Cn1c(CN2CCN(c3ccc(Cl)cc3)CC2)nc2ccccc21,0
N#Cc1c(NC(=O)c2ccncc2)sc2c1CCC2,0
CCNS(=O)(=O)c1ccc(OCCNS(C)(=O)=O)cc1,0
Cc1cccc(-c2c3c(=O)n(C)c(=O)n(C)c3c3cccnn23)c1,0
CCOc1ccc2nc(NC(=O)Cn3cnc4c3c(=O)n(C)c(=O)n4C)sc2c1,0
COc1ccc2c(c1)c(C(=O)CN1CCC3(CC1)OCCO3)c(C)n2C,0
Cc1nn(Cc2ccccc2Cl)c2sc(C(=O)NCCCn3ccnc3)cc12,0
CN1CCc2nc(NC(=O)c3cccc(S(=O)(=O)N4CCc5ccccc54)c3)sc2C1,0
Cc1cc(C(=O)N2CCN(C(=O)C3CCCO3)CC2)no1,0
COCCOC(=O)C1=C(C)OC(N)=C(C#N)C1c1ccco1,0
COc1ccc(-c2c(C)n([O-])c(C)c(C)[n+]2=O)cc1OC,0
CCC(NCCN1CCNCC1)=C1C(=O)CC(C)(C)CC1=O,0
O=C(C1CCC(N2C(=O)C3CC=CCC3C2=O)CC1)N1CCCCC1,0
O=C(CSc1ccc(-c2ccccc2)nn1)N1CCOCC1,0
CCCc1cc(=O)nc(SCC(=O)c2cc(C)n(CCOC)c2C)[nH]1,0
O=C(Nc1nnc(C2CCCCC2)s1)c1ccco1,0
Cc1ccc(S(=O)(=O)N2c3ccccc3NC(=O)C2CC(=O)Nc2ccccc2)cc1,0
Cc1noc(C)c1C(=O)N1CCN(CCc2ccccc2)CC1,0
C/C(=C1/SC(N2CCOCC2)=NC1=O)c1ccc(Cl)cc1,0
Cn1nccc1C(=O)NCCN1C(=O)OC(C)(C)C1(C)O,0
O=C(CCNc1cccc(Cl)c1)c1ccco1,0
CCOC(=O)C1CCN(c2c(N(C)Cc3ccco3)c(=O)c2=O)CC1,0
CCCCC(CC)C(=O)Nc1ccc(Cl)cn1,0
COc1ccc(C(c2sc3nc(C)nn3c2O)N2CCN(Cc3ccccc3)CC2)cc1OC,0
CC1(C)NC(=O)N(CCCCOc2ccc3c(c2)CCC3)C1=O,0
CCCCOc1ccc(Cl)cc1CSc1nnc(CC)n1N,0
CN(Cc1nc(-c2ccccn2)no1)S(=O)(=O)c1ccc(Cl)cc1,0
O=C(CNC(=O)c1ccccc1)NCCc1nc2ccccc2[nH]1,0
CCOC(=O)COc1nc(N(C)C)nc(N(C)C)n1,0
C=C(C)c1cccc(C(C)(C)NC(=O)NCC2COCCO2)c1,0
COC(=O)CSc1nnc(-c2ccc(OC)cc2OC)o1,0
COc1cccc(-c2nnc(SCC(=O)Nc3ccc(S(N)(=O)=O)cc3)n2C)c1,0
N#Cc1ccc2ccn(CC(=O)NC3CCCCCC3)c2c1,0
Cc1ccc(NS(=O)(=O)c2cccc(C(=O)N3CCOCC3)c2)cc1,0
Cc1[nH]c(=O)[nH]c(=O)c1S(=O)(=O)N(C)Cc1ccccc1,0
Cc1ccc(-n2c(N)c(C(=O)N3CCOCC3)sc2=S)cc1,0
O=C(NC1CCCC1)C(c1cccs1)N(Cc1ccco1)C(=O)Cn1nnc(-c2cccs2)n1,0
COCCNc1oc(-c2ccc(Cl)cc2)nc1C#N,0
CN(C)S(=O)(=O)c1ccc(C(=O)NCc2ccccc2)cc1,0
c1cncc(-c2nc(-c3ccco3)cs2)c1,0
O=C(c1ccccc1)c1cccc(NC(=O)c2ccco2)c1,0
COc1cc2[nH]c(=O)n(CCC(=O)NC3CCCC3)c(=O)c2cc1OC,0
CCCCn1c(SCC(=O)Nc2cc(NC(=O)c3ccco3)ccc2C)nc2ccccc2c1=O,0
N/C(=N\O)C(Cc1cccs1)C(=O)Nc1ccccc1,0
CCn1c(C)nc2cc(C(=O)n3cc(C(=O)c4cc(F)ccc4O)cn3)ccc21,0
COc1ccc(O)c(-c2c(-c3ccc(Cl)cc3)n[nH]c2C)c1,0
Cc1nc2ccc(S(=O)(=O)NCC(=O)N3CCCC(C)C3)cc2s1,0
COC(=O)CSc1nnc(CNC(=O)Cc2ccccc2)n1-c1ccccc1OC,0
CC1(C)CC2(CCO1)N1CC3(C)CN2CC(C)(C1)C3O,0
COc1ccc2nc(NC(=O)C3CCCN(S(=O)(=O)c4c(C)noc4C)C3)sc2c1,0
CC1Cc2nc(SCC(=O)NCc3ccco3)n(-c3ccccc3)c(=O)c2S1,0
COC(=O)COc1ccc(S(=O)(=O)NCc2ccco2)cc1Cl,0
COc1ccc(NC2=c3cccc(C)c3=NC2=O)cc1,0
Cc1cccc(C(=O)Nc2ncc(CN3CCOCC3)s2)c1,0
O=C(CN1C(=O)NC2NC(=O)NC21)NC1CCCCC1,0
Cc1n[nH]c(SCC(=O)N(C)Cc2ccccc2)nc1=O,0
Cc1cc(NC(=O)CN2CCCC2c2nc3ccccc3s2)no1,0
Cc1cnc(NC(=O)CCCSc2nc3ccccc3s2)s1,0
CC(=O)C(Sc1nc(-c2ccco2)nc2c1c(=O)n(C)c(=O)n2C)C(=O)N(C)C,0
C=CCN1CN(S(=O)(=O)c2cccs2)c2nc3ccccc3nc21,0
CCCOc1ccc(N2C(=O)CC(N3CCN(c4ccccc4OC)CC3)C2=O)cc1,0
COC(=O)c1ccc(NC(=O)CSc2nnc(C)n2-c2ccccc2)cc1,0
CC1(C)Oc2ccc3ccc(=O)oc3c2-c2cnoc21,0
CCOc1ccccc1NC(=O)c1ccc(F)c(S(=O)(=O)N2CCC3(CC2)OCCO3)c1,0
Cc1cccc(C)c1NC(=O)C1(N2CCN(C(=O)c3ccco3)CC2)CCCCC1,0
CC1CN(CC(O)COc2ccc(C(=O)c3ccccc3)cc2)CC(C)O1,0
CC(=O)Oc1ccc(N2C(=O)CC(N3CCOCC3)C2=O)cc1,0
CC(=O)c1cc2c(cc1NC(=O)CSc1nnc(C)s1)OCO2,0
COc1cccc(OC)c1C(=O)Nn1c(C2CCC2)nc2ccccc2c1=O,0
COC(=O)c1nc2cc(C)ccn2c1F,0
Cc1cc(C)c(C#N)c(SCC(=O)Nc2nnc(-c3ccccc3)s2)n1,0
CCOC(=O)c1cncc(NC(=O)c2ccccc2)c1,0
CN1C(=O)N(c2ccccc2)C(Nc2nncs2)C1(C)C,0
Cc1cc(-c2nnc(SCc3ccccn3)o2)no1,0
CCC1SC2=NCCN2C1(O)c1ccc(Cl)cc1,0
COc1ccc2c3c(cccc13)OCC2=O,0
COc1ccc(-c2csc(NC(C)=O)n2)cc1OC,0
O=C(Nc1ccc2c(c1)nc1n2CCCCC1)c1cc(S(=O)(=O)N2CCOCC2)ccc1Cl,0
O=C(O)Cc1ccc2[nH]c3ccc(CC(=O)O)cc3c2c1,0
CCOc1cc(C)c(C(C)C)cc1S(=O)(=O)N1CCN(C)CC1,0
CSc1nnc(-c2ccco2)c(-c2ccco2)n1,0
COc1ccc(OC)c(NC2=c3ccccc3=NC2=O)c1,0
Clc1cccc(-c2nn3c(Cn4cnc5ccccc54)nnc3s2)c1,0
Cc1cc(C)nc(N(C#N)CC(=O)c2ccccc2)n1,0
Cc1ccc(O)c(NC(=O)c2cccc(S(=O)(=O)N3CCCCC3)c2)c1,0
CCOc1ccccc1N1C(=O)c2ccc(C(=O)O)cc2C1=O,0
COc1ccc(S(=O)(=O)N2CCCC(C(=O)NCc3ccccn3)C2)cc1Cl,0
CCCn1c(SCC(=O)NCc2ccco2)nnc1C(C)C,0
Cc1ccc2c(c1)nnn2C1CCN(S(=O)(=O)c2cccc(S(=O)(=O)N(C)C)c2)CC1,0
Cc1nn(CC(=O)NC(C)c2ccccc2)c(=O)c2ccccc12,0
COC(=O)c1ccc(NC(=O)CSc2nnc(COc3ccccc3)n2C)cc1,0
O=C(Nc1nc2c(s1)CCCC2)C1COc2ccccc2O1,0
Nc1nc2ccc(N3CCOCC3)cc2s1,0
CCOC(=O)C1CCN(C(=O)CNC(=O)OC(C)(C)C)CC1,0
COc1ccc(CCNC(=O)CSc2nnnn2-c2ccccc2)cc1OC,0
Cc1cc(C)n(-c2nc(=O)c(C)n[nH]2)n1,0
CCOC(=O)CN(C(=O)CSc1nnc(-c2ccncc2)n1CCCN(C)C)c1ccccc1,0
CCCCCNC(=O)c1cc(S(=O)(=O)N2CCCCC2)ccc1F,0
COCCOC(=O)C1=C(C)NC(=O)NC1c1cccs1,0
CCCCOC(=O)n1c(SCC(=O)N(C)C)nc2ccccc21,0
CCc1ccccc1NC(=O)CSc1nnc(-c2ccco2)n1N,0
O=C(Nc1ccc(O)cc1)c1ccc(C(=O)c2ccccc2)o1,0
CCN(CCCNC(=O)COc1cc(=O)n(C)c2ccccc12)c1cccc(C)c1,0
CCN(CC)c1ncc(C)c(=O)[nH]1,0
O=C(CCc1ccccc1)Nc1ncn[nH]1,0
O=C1NCC(COCc2ccco2)O1,0
CN(Cc1ccccc1)c1nc2c(c(=O)n(C)c(=O)n2C)n1CCCc1ccccc1,0
Cc1ccc(-c2cc(C(=O)NCc3ccc4c(c3)OCO4)no2)cc1,0
Nc1cc(C(=O)N2CCCC2)cc(C(=O)N2CCCC2)c1,0
CC(=O)Nc1ncn(CC(COC(C)=O)OC(C)=O)c2ncnc1-2,0
Cc1ccn2cc(C(=O)Nc3nnc(C)s3)nc2c1,0
O=C(COC(=O)c1ccco1)Nc1ccccc1,0
CCNc1nc(NC#N)nc(SCC(=O)OCC)n1,0
C=CCn1c(-c2ccc(OC)c(OC)c2)cs/c1=N\c1ccccn1,0
COc1ccc(Cn2nnnc2CN2CCOCC2)cc1,0
Cc1ccc(NC(=O)Cc2cn3ccsc3n2)nc1,0
Cc1cccc2cc(COC(=O)C(C)C)c(=O)[nH]c12,0
CCC(C)Nc1nc(OC)nc(N(C)C#N)n1,0
COc1ccccc1CC1(C)NC(=O)N(CC(=O)Nc2cc(C)on2)C1=O,0
C=C(C)CSC1=C(C#N)C(c2ccccc2Cl)CC(=O)N1,0
CCc1nnc(NC(=O)CCC(=O)Nc2ccccc2)s1,0
O=C(Cn1nc(C(F)(F)F)c2c1CCCC2)NCc1ccco1,0
CN1CCN(CC(=O)N2CCn3c4c(c5cc(C6CCCCC6)ccc53)CCCC42)CC1,0
CC(C)c1ccc(NC(=O)NC2CCCCC2)cc1,0
CN(Cc1cccs1)C(=O)COc1ccc(-c2nnco2)cc1,0
CC1CN(C2CCN(C(=O)c3ccccc3Cl)CC2)CC(C)O1,0
COc1ccccc1-c1noc(-c2cccnc2)n1,0
CCOc1ccc2nc(NCCNC(=O)CC)c(C#N)cc2c1,0
COc1ccccc1N1CCN(C(=O)c2sc3nc(-c4ccccc4)cn3c2C)CC1,0
Cc1cccc(NC2=NCCCS2)c1C,0
CCCC(=O)Nc1nn(CCC)c2nc3ccccc3cc12,0
CCOC(=O)CCNc1n[nH]c(=O)[nH]c1=O,0
CCOc1ccc(C(=O)Nc2cc(C)c3c(=O)oc4ccccc4c3n2)cc1,0
CC(C)(C)NC(=O)C(c1ccccc1F)N(Cc1ccco1)C(=O)c1csnn1,0
O=C(NCCC1=CCCCC1)C1CCN(S(=O)(=O)c2cccc3cccnc23)CC1,0
O=C(Nc1ccccc1C(=O)O)c1ccc2ccccc2n1,0
COC(=O)c1cc(=O)n2c(-c3ccc(OC)cc3)csc2n1,0
O=C(c1ccc(Cl)s1)N1CCc2ccccc21,0
COc1ccc2c(CC#N)c[nH]c2c1,0
COc1ccc(OC)c(N2C(=O)C3ON=C(c4ccccc4Cl)C3C2=O)c1,0
Cc1ccc(OCC(=O)O)c(-n2nc3ccccc3n2)c1,0
CC(C)N(O)C(=O)NC(C)(C)C,0
Cc1onc(-c2ccccc2)c1C(=O)OCC(=O)c1ccccc1,0
CCCc1nnc(NC2=NS(=O)(=O)c3ccccc32)s1,0
CCOC(=O)N1CCN(S(=O)(=O)Cc2ccccc2)CC1,0
CC(C)C(=O)N1CCN(c2ccccc2N)CC1,0
c1ccc(Cc2nnc3sc(-c4ccco4)nn23)cc1,0
CCN(CC)S(=O)(=O)c1ccc2c(c1)nc(CCC(=O)OCc1c(C)noc1C)n2C,0
CCCC(=O)c1ccc(N2CCOCC2)c(F)c1,0
CC(C)(C)c1ccc(OCC(=O)NC2CCS(=O)(=O)C2)cc1,0
O=C(C1CCN(S(=O)(=O)c2cccc3nsnc23)CC1)N1CC=C(c2ccccc2)CC1,0
Cc1cccc(C)c1NC(=O)CSc1nnc(C(C)NC(=O)OC(C)(C)C)o1,0
COc1ccc(Cl)c(S(=O)(=O)N2CCCC2)c1,0
COc1ccc(NC(=O)CN2CCC(C)CC2)cc1,0
O=C(Nc1ccccc1N1CCCCC1)c1cccc(F)c1,0
CCOC(=O)c1ccccc1NC(=O)c1ccccc1NS(C)(=O)=O,0
CN(Cc1c(F)cccc1Cl)c1ccc(S(=O)(=O)N2CCOCC2)cn1,0
COc1ccc2sc(C)nc2c1NC(C)=O,0
COc1cccc(CC(=O)Nn2c(C)nc3ccccc3c2=O)c1,0
Cc1ccccc1NC(=O)c1c(O)n2c3c(cccc3c1=O)CCC2,0
CCN(CC)C(=O)c1ccc(NC(=O)c2cc(-n3cnnc3)ccc2Cl)cc1,0
CCOC(=O)c1cnc(-n2cc(C)cn2)nc1Nc1ccccc1OC,0
CCOC(=O)c1ccc(Nc2cc(C)nc(N3CCOCC3)n2)cc1,0
c1cc2[nH]snc2c2nc(C3CC3)nc12,0
CCOC(=O)C(Sc1ncn[nH]1)c1ccccc1,0
CCC1CCC2(CC1)NC(CO)(CO)CO2,0
CCOC(=O)c1oc2cc(O)ccc2c(=O)c1-c1ccccc1OC,0
CC1(C)CC(=O)C=C(NCc2cccs2)C1,0
O=C(CSc1nnc(-c2cccs2)o1)N1CCc2ccccc21,0
O=C(NCCN1CCCCCC1)c1ccc(N2CCCC2=O)cc1,0
CCN(CC(=O)Nc1ccccc1C(=O)OC)S(=O)(=O)c1ccc(OC)cc1,0
COc1ccc(C2C=C(c3ccc(C)c(C)c3)N=C3N=CNN32)c(OC)c1OC,0
CN(C)/C=N/c1nonc1-c1ncn[nH]1,0
CC(C)(C)C(=O)COC(=O)c1ccc(O)cc1,0
Cc1cccc(N2CCN(C(=O)c3ccc(N4CCCC4=O)cc3)CC2)c1C,0
Cc1ccc(CCNC(=O)C2CCN(C(=O)N(C)C)CC2)cc1,0
CCCn1c(SCC(=O)N2CCc3ccccc3C2)nc2c1c(=O)n(C)c(=O)n2C,0
Cc1noc(NS(=O)(=O)c2ccc(N3CC(=O)C(c4ccccc4)=C3N)cc2)c1C,0
Cc1ccc(-n2nc3c(c2NC(=O)c2ccc(S(=O)(=O)N4CCOCC4)cc2)CSC3)c(C)c1,0
CCOC(=O)C1=C(C)NC(=O)CC1c1ccccc1,0
CC(C)=CCCC(C)CN(C)CCc1ccccn1,0
O=C(O)C1CC=CCC1C(=O)NC12CC3CC(CC(C3)C1)C2,0
CCCCOc1ccc(CN2CCN(CCO)CC2)cc1,0
Cc1ccc(C2C=C(c3ccc4c(c3)OCO4)N=C3N=CNN32)cc1,0
Cc1ccc(N2CCN(C(=O)N3CCCC3)CC2)cc1Cl,0
CCCn1c(C(O)c2cc(OC)ccc2OC)nc2ccccc21,0
CCC(=O)c1ccc(N2CCN(C(=O)COc3ccc(F)cc3)CC2)c(F)c1,0
Nc1nnc(CCN2C(=O)CSC2=O)s1,0
COc1ccccc1-c1nc(SCC(=O)O)n[nH]1,0
Cc1nc2ccccc2nc1CSc1nncs1,0
CCS(=O)(=O)NCCc1cc2cc(C)c(C)cc2[nH]c1=O,0
CCNc1nc(NCC)nc(N(C)n2cnnc2)n1,0
NC1=C(c2ccccc2)C(=O)CN1Cc1ccco1,0
CC(C)(C)n1ncc2c(=O)n(CC(=O)OCc3ccccc3)cnc21,0
CN1CCN(S(=O)(=O)c2ccc(NC(=O)Nc3cccc(Cl)c3)cc2)CC1,0
C(#Cc1ccc(C#CCN2CCOCC2)cc1)CN1CCOCC1,0
COC(=O)c1cc2ccsc2n1CC(=O)NCC1CCCO1,0
C=CCn1c(NCc2ccccc2)nc2ccccc21,0
COc1ccc(C(=O)n2nc(C)cc2C)cc1OC,0
COc1ccc(C(O)c2nc3ccccc3s2)cc1,0
NC(=O)NCC12CC3CC(CC(C3)C1)C2,0
CC1=CC(C)=Nc2ccc(C)cc2N1,0
CCC(=O)Nc1ccc(-c2nc(-c3ccccc3)n(CC(=O)N3CCCCC3)n2)cc1,0
CCC(C)(C)NC(=O)C(OC(=O)c1ccco1)c1ccccc1OC,0
Cc1cc(NC(=O)c2cc(-c3cccs3)on2)nn1Cc1ccc(Cl)cc1,0
CCN(CC)S(=O)(=O)c1ccc(Cl)c(C(=O)NC2CCCC2)c1,0
CCS(=O)(=O)N1CCN(c2cccc(C)c2C)CC1,0
Cn1c(SCCOc2ccc(Cl)cc2)nnc1-c1ccncc1,0
Cc1ccc(-n2c(N)c(C(=O)N3CCCCC3)sc2=S)cc1,0
COc1ccc(NC(=O)N(C2CCCCC2)C2CCN(C(C)C)CC2)c(OC)c1,0
CC(=O)Nc1ccc(C(=O)CSc2nnc3scc(-c4ccccc4)n23)cc1,0
CC1(C)CNC(=O)c2sc(N3CCOCC3)nc2C1,0
COc1ccc(Cl)cc1NC(=O)CSc1nncn1-c1cccnc1,0
CCC1CCCCN1CCNC(=O)CNS(=O)(=O)c1ccc2nc(C)sc2c1,0
CC(NCc1ccco1)=C1C(=O)c2ccccc2C1=O,0
C/C(=C1\SC(N2CCOCC2)=NC1=O)c1ccccc1,0
COC(=O)C(C)Sc1nc2c(c(=O)[nH]c(=O)n2C)n1CCCc1ccccc1,0
CCN(C(C)=O)c1nnc(CSc2nc3ccccc3s2)s1,0
O=S(=O)(c1ccccc1)c1nc(-c2ccco2)oc1NCc1ccco1,0
COc1ccc(-n2nnc3c(=O)n(CC(=O)N4CCC(C)CC4)cnc32)cc1,0
CC(C)(C)NC(=O)Nc1ccc2nccnc2c1,0
Cc1ccc(N(CC(=O)NCc2cccnc2)S(C)(=O)=O)cc1C,0
O=C(NCCc1ccc(Cl)cc1)C1CCN(S(=O)(=O)c2ccc(-n3cnnn3)cc2)CC1,0
COc1ccc(CNc2ccc(-c3ccc(OC)cc3)nn2)cc1,0
CCCCCCSC1=C(C#N)C(c2ccc(C)o2)CC(=O)N1,0
CC(C)COc1nc2ccccc2nc1C(C#N)C(=O)NC1CCCCC1,0
N#CC(C#SN)=C1CCCCC1,0
COc1cccc(C2C(C(=O)Nc3cccnc3)=C(C)N=C3N=NNN32)c1OC,0
CCS(=O)(=O)N1CCC(C(=O)Nc2cc(Cl)ccc2O)CC1,0
COC(=O)c1c(C(=O)OC)c2cc(C)ccn2c1Cl,0
O=c1cc(CSc2nnc(-c3ccco3)o2)c2ccccc2[nH]1,0
O=C1CN2C(=N1)N(Cc1ccccc1)c1ccccc12,0
O=C(CSc1nc2ccccc2s1)Nc1ncccn1,0
CCOc1ccccc1Oc1ccc(C(F)(F)F)cn1,0
Cc1c(C(=O)Nc2ccc(Cl)cn2)oc2ccccc12,0
O=S(=O)(Nc1nc2ccccc2nc1NCCO)c1cccc(Cl)c1,0
Cc1ccc(-c2nsc3c(N4CCC(C(N)=O)CC4)ncnc23)cc1,0
CCCc1cc(=O)nc(SCC(=O)NC(=O)c2ccccc2)[nH]1,0
Fc1ccc(CN2CCCCCCC2)cc1F,0
Cn1ncc2c(Nc3ccc4ccccc4c3)ncnc21,0
Fc1ccc(-n2c(SCc3nc(-c4cccs4)no3)nnc2-c2ccncc2)cc1,0
CSc1n[nH]c(NCc2ccccc2)n1,0
Cc1cc(C)n(S(=O)(=O)c2ccc(C)c(C)c2C)n1,0
COc1cc(S(=O)(=O)NC2CCCCC2C)ccc1Cl,0
O=C1CSC(c2ccccn2)N1Cc1cn2ccccc2n1,0
COCCNC(=O)c1ccc2c(c1)ncn2-c1ccc(F)c(F)c1,0
CC1(C)NC(=O)N(CCOc2cccc(Oc3ccccc3)c2)C1=O,0
Cc1nn(-c2ccccc2)c(Cl)c1C(=O)Nc1nnc(C2CCCC2)s1,0
Cc1cccnc1Nc1nc(-c2ccc(O)cc2O)cs1,0
COc1ccccc1OCCNC(=O)c1cccs1,0
Cc1ccccc1OCC1Cn2c(nc3c2c(=O)[nH]c(=O)n3C)O1,0
C=CCn1c(C)cc(C(=O)COC(=O)C2CC(=O)N(Cc3ccccc3)C2)c1C,0
COc1ccc(-c2nnc(SCC(=O)OC3CCCCC3)o2)cc1OC,0
CCCn1c(SCC(=O)Nc2cccc(C)n2)nnc1-c1ccco1,0
O=C(CN1C(=O)CCC1=O)Nc1nc(-c2cccs2)cs1,0
Cc1cccn2c(=O)c(/C=N/O)c(N3CCCCC3)nc12,0
Cc1cc(C(=O)N2CCN(c3ncccn3)CC2)c2cc(F)ccc2n1,0
CCOC(=O)CSc1nnc(Cc2cc(=O)[nH]c(=O)[nH]2)n1-c1ccc(Cl)cc1,0
Cc1cccc(NC(=O)C2CCN(c3nc(C)cc(C)n3)CC2)c1,0
Cc1cc(C)n(-c2nc3c(c(=O)n(C)c(=O)n3C)n2C)n1,0
Cc1ccc(Nc2nc(N)nc(CN3CCN(C)CC3)n2)cc1,0
CCCCNC(=O)c1ccc(N2CCOCC2)c(NS(=O)(=O)c2ccc(OC)cc2)c1,0
COc1ccc(S(=O)(=O)N2Cc3ccccc3CC2C(=O)O)cc1OC,0
CCN(CC)C(=O)C1CCCN(Cc2ccc(OC)c(C)c2)C1,0
Cc1cnc(NC(=O)c2ccc3c(c2)C(=O)N(Cc2ccco2)C3=O)s1,0
Cc1cccc(NC(=O)CSc2n[nH]c(-c3ccncc3)n2)c1,0
COc1ccc2c(C)cc(SCC(=O)N3CCOCC3)nc2c1,0
OCCn1c(CSc2nnc(-c3ccco3)n2-c2ccccc2)nc2ccc(Cl)cc21,0
CCOC(=O)c1nnn(-c2nonc2NC(C)=O)c1C,0
O=C(CN1CCOCC1)Nc1ccc(C2CCCCC2)cc1,0
COc1ccccc1NC(=O)N(Cc1ccccc1)C1=NCC(C)S1,0
O=c1[nH]c2ccccc2nc1C(F)(F)C(F)F,0
CCOC(=O)c1nn(-c2c(C)n(C)n(-c3ccccc3)c2=O)cc1O,0
Cc1oc(C(=O)O)cc1COc1ccccc1Cl,0
O=C(CSc1nc2ccccc2c(=O)n1Cc1ccco1)N1CCCCCC1,0
O=C(NCc1cn2ccsc2n1)Nc1cccc(Cl)c1,0
CCn1nnnc1SCC(=O)NCc1ccco1,0
CCCCn1c(SCC(=O)NCc2cccs2)nc2c1c(=O)n(C)c(=O)n2C,0
CCCCn1nnnc1NCc1ccc(OC)c(OC)c1OC,0
Nc1nc(-c2ccco2)c(-c2ccco2)s1,0
O=C(O)c1ccc2c(c1)N(Cc1cccc(F)c1)C(=O)CS2,0
CC(=O)c1cccc(N(CC(=O)O)S(C)(=O)=O)c1,0
CCCCn1nnnc1NCc1cccnc1,0
Cc1ccc(N2CCn3c2nc2c3c(=O)n(CCc3ccccc3)c(=O)n2C)cc1,0
CCc1nc(SCC(=O)NCCc2ccccc2)n[nH]1,0
CCNc1nc(NC(C)C)nc(N(C#N)C(C)C(=O)N(C)C)n1,0
CCSc1sccc1C1C(C#N)=C(N)N(c2cccnc2)C2=C1C(=O)CCC2,0
CCSc1nc(=O)c(C#N)c(-c2ccccc2)[nH]1,0
NC(=O)C1CCCN(S(=O)(=O)c2ccccc2)C1,0
O=C(NCC(=O)N(Cc1cccs1)C(C(=O)NC1CCCC1)c1ccco1)c1cccs1,0
CC(=O)n1nc(-c2ccco2)nc1SCc1ccccc1,0
CCOc1cc(C2NC(=O)NC(C)=C2C(=O)OCc2ccccc2)ccc1O,0
N#CCc1ccc(NC(=O)Nc2cccc(Cl)c2)cc1,0
COC(=O)c1ccc(C)c(N(CCO)CCO)c1,0
COc1cc(C(C#N)N2CCCCC2)ccc1O,0
CC(C)C(=O)N1CCN(c2nc(-c3ccccc3)c3c(c2C#N)CCCC3)CC1,0
O=C(CC1Oc2ccccc2NC1=O)NCc1ccc(Cl)cc1,0
CCCCOC(=O)c1ccc(NC(=O)CSc2nncn2C)cc1,0
COc1ccc(S(=O)(=O)N(C)CC(=O)Nc2cccc(C(C)=O)c2)cc1,0
O=C(NC1CCCC1)c1c[nH]c2ccc(F)cc2c1=O,0
Cc1cc(=O)n(-c2ccc(O)cc2)[nH]1,0
COC(=O)CC1Oc2ccccc2N(Cc2ccc(C)cc2)C1=O,0
COc1ccc2cc(CN(CC3COCCO3)S(=O)(=O)c3ccccc3)c(=O)[nH]c2c1,0
CCOC(=O)N1CCN(Cc2ccccc2F)CC1,0
Cc1oc(-c2ccccc2F)nc1CS(=O)(=O)CC(=O)N1CCN(Cc2ccccc2)CC1,0
CC(NC1CCCCC1)=C1C(=O)c2ccccc2C1=O,0
Cn1c(=O)c(C(=O)CN2CCCc3ccccc32)c(N)n(Cc2ccccc2)c1=O,0
COc1cc(C(=O)Nc2ccc(S(=O)(=O)Nc3cc(C)on3)cc2)cc(OC)c1OC,0
Cc1ccc2c(NC(=O)C3CC3)cccc2n1,0
CCCc1cc(C(=O)Nc2nccs2)cs1,0
Cc1csc(NC(=O)c2nc3nccc(C)n3n2)n1,0
CC(C)CCNC(=O)C(c1ccco1)N(Cc1cccs1)C(=O)Cn1nnc2ccccc21,0
N#Cc1ccc(CN2CCN(C(=O)c3ccccc3)CC2)c(Cl)c1,0
O=C(Nc1c(C(=O)O)[nH]c2ccccc12)NC1CCCCC1,0
CCCCCCOC(=O)C(C#N)c1nc2ccccc2nc1N1CCN(CC)CC1,0
O=c1cc(N2CCc3ccccc3C2)[nH]c(=O)n1-c1ccc(Cl)cc1,0
CSc1ccc(S(=O)(=O)N2CCCC2)cc1,0
CN1C(=S)SC(N(O)C(=O)NC2CCCCC2)C1(C)C,0
COc1ccccc1CNc1nc2nc(C)cc(=O)n2[nH]1,0
Cc1noc(C)c1C(=O)OCC(=O)NCCc1ccc(Cl)cc1,0
CN(CCCCCC(=O)/C=N/O)Cc1ccccc1,0
CC1CC(C)CN(S(=O)(=O)c2ccc(C(=O)N3CCN(c4ccccc4)CC3)cc2)C1,0
Cc1nnc(SCC(=O)N2c3ccccc3CC2C)s1,0
CCN(CC)S(=O)(=O)c1cccc(-c2nnc(SCc3ncc(-c4ccccc4)o3)n2C)c1,0
Cn1nc(C(=O)OCCN2C(=O)c3ccccc3C2=O)c2ccccc2c1=O,0
CCOc1ccc(S(=O)(=O)NCc2csc(C)n2)cc1,0
COc1ccc(CNC(=O)COC(=O)c2ccc3c(c2)OCCO3)cc1,0
Cc1ccc(-n2c(SCC(=O)Nc3ccc4c(c3)OCO4)nnc2-c2ccoc2C)cc1,0
CCOC(=O)C1CCN(C(=O)COC(=O)CCOc2ccc(C)cc2)CC1,0
Cc1nc2cc(NC(=O)N3c4ccccc4CC3C)ccc2o1,0
NC(=O)C1(c2ccccc2)CCOCC1,0
CC1=C(C(=O)Nc2ccccc2)C(c2ccco2)C(C#N)=C(SCc2ccccc2)N1,0
O=C1CN2C(=Nc3ccc(Cl)cc3C2c2ccccc2)CN1,0
COc1ccc2ccccc2c1/C=N/O,0
CN(C)C(=O)c1nnc(Cc2ccc(Cl)cc2)o1,0
Cc1ccc(CSc2nnc(-c3ccco3)n2N)cc1,0
Cc1ccc(O)c(NC(=O)c2ccco2)c1,0
CCn1ncc(C(=O)Nc2ccc(S(=O)(=O)N3CCCC3)cc2)c1C,0
CC/N=c1\sc(C(=O)NCCc2ccccc2)cc(=O)n1CC,0
N#Cc1nc(-c2ccc(Cl)cc2)oc1NCc1cccc2c1OCO2,0
N#Cc1cc2c(nc1SCc1cccnc1)CCCC2,0
O=C(Cn1[nH]c(=O)c2ccccc2c1=O)OCC(=O)N1CCCc2ccccc21,0
O=C(C1CCN(S(=O)(=O)N2CCOCC2)CC1)N1CCC2(CC1)OCCO2,0
CCCOc1ccc(-c2nnc(N)s2)cc1,0
CCCN(CCC)C1CC(=O)N(Cc2ccccc2)C1=O,0
CCc1c(C(=O)Nc2ccc(OC)c(Cl)c2)[nH]c(C)c1C(C)=O,0
Cc1ccc(S(=O)(=O)N2CC(O)CC2C(=O)Nc2ccc3c(c2)CCC3)cc1,0
Cc1c(C(=O)N2CCCc3ccccc32)sc2nc(-c3ccccc3)cn12,0
Cc1cc(C)n(Cc2nc3ccccc3n2C)n1,0
O=C(Cn1cc2c(n1)CCCC2)NCc1cccs1,0
COc1ccc(-c2noc(CN3CCC(Cc4ccccc4)CC3)n2)cc1,0
Nc1ccc(S(=O)(=O)N2CCCCC2c2cccnc2)cc1,0
N#Cc1c(N)nc(SCC(=O)NCc2ccc3c(c2)OCO3)c(C#N)c1-c1cccs1,0
CS(=O)(=O)N(CC(=O)NCc1ccc2c(c1)OCO2)c1ccccc1,0
Cc1c(C(=O)OC(C)C)[nH]c2c1C(=O)CCC2,0
Cc1ncc(CSc2nc3ccccc3[nH]2)c(N)n1,0
CCOc1ccc(S(=O)(=O)Nc2nc3ccccc3nc2N2CCN(C)CC2)cc1,0
CC1CCc2nn(CC(=O)NCc3ccc(F)cc3)cc2C1,0
O=C(NCc1cccnc1)c1ccc(Cl)c(Cl)c1,0
COc1ccc(S(=O)(=O)n2nc(OC(=O)c3ccco3)cc2N)cc1,0
COc1ccc2cc(CCNC(=O)CC(C)(C)C)c(=O)[nH]c2c1,0
CCOc1cccc(NC(=O)CSc2nncn2N)c1,0
CCCCS(=O)(=O)Nc1ccc2c(c1)ncn2C1CCCCC1,0
CCn1ncc(C2=NOC(C(=O)Nc3c(C)n(C)n(-c4ccccc4)c3=O)C2)c1C,0
CC(=O)Nc1ccc(NC(=O)Oc2ccccc2)cc1,0
CC(C)(C)n1ncc2c(=O)n(CC(=O)NCc3ccc4c(c3)OCO4)cnc21,0
O=C(O)c1ccc(-c2ccccc2)[nH]1,0
O=c1c2[nH]c3ccccc3c2ncn1Cc1cccnc1,0
Cc1nc2ccccn2c1C(=O)NC1CCCCC1,0
Cn1c(=O)c2[nH]cnc2n(-c2ccccc2)c1=O,0
O=C1NCCCN1Cc1ccc(F)cc1Cl,0
Cc1ccc(-c2nc(-c3ccccn3)no2)cc1,0
c1ccc(-n2ncc3c2ncn2c(CSc4nc5ccccc5s4)nnc32)cc1,0
Cc1nn(-c2ccccc2)c2nc(N)c(C#N)c(-c3ccc(F)cc3)c12,0
O=C(NC1CCCC1)C1CCCN1C(=O)Nc1ccccc1,0
Cc1ccc(S(=O)(=O)Cn2nnnc2C(C(C)C)N2CCSCC2)cc1,0
O=C(c1ncn[nH]1)N1CCN(c2nc(-c3ccccc3)cs2)CC1,0
c1ccc(Cn2nnnc2-c2ccco2)cc1,0
O=C(CSc1n[nH]c(-c2ccc(S(=O)(=O)NC3CCCCC3)cc2)n1)N1CCCC1,0
CCN1C(SCCC(C)C)=NN/C1=C1\C=Nc2ccccc21,0
O=C(CCCOc1ccccc1)Nc1nncs1,0
Cc1cc(=O)oc2cc(NC(=O)C3COc4ccccc4O3)ccc12,0
Cc1nnc(SCC(=O)Nc2sccc2C(N)=O)n1Cc1ccccc1,0
COc1ccc(Cl)cc1Nc1nc(=O)cc(C)[nH]1,0
COc1ccc(Nc2nc(N)nc(CN3CCc4ccccc4C3)n2)cc1,0
CC1(C)OC(=O)C(=CNc2ccc(F)cc2)C(=O)O1,0
CCC(C)(C(=O)NC1CCCC1)N(C(=O)c1cnccn1)c1ccccc1,0
Cc1cccc(OCCSc2cc(C)nc(N)n2)c1,0
Cc1ccc(-n2ncc3c(NCC4CCCO4)ncnc32)c(C)c1,0
Cc1ccc2oc(=O)n(CCCOc3ccccc3)c2c1,0
COC(=O)c1c(-c2cccc(C)c2)csc1N,0
O=c1[nH]c2ccccc2n1C1=CCCC1,0
Cc1cc(C)nc(Nc2ccc(N3CCOCC3)cc2)n1,0
CCOc1ccc(Cc2nc(-c3nonc3N)no2)cc1OCC,0
CN(C)c1[nH]c(=O)c(C#N)c2c1CCN2Cc1ccccc1,0
Cc1ccc(NC(=O)CSc2nnc(Cn3cnc4ccccc43)o2)cc1,0
CCC(C)NC(=O)c1c(N)n(CC2CCCO2)c2nc3ccccc3nc12,0
COc1ccc(NC(=O)Nc2ccccc2C(N)=O)cc1OC,0
COC(=O)c1cc2oc(C)cc2n1CC(=O)Nc1cc(C)cc(C)c1,0
Cc1ccnc(NC(=O)CCC(=O)N(CC(=O)NCC2CCCO2)Cc2ccc(F)cc2)c1,0
O=C1NCCCc2nc(Oc3ccccc3)sc21,0
O/N=C1\CCCCC1c1ccccn1,0
CCSc1nnc(CNc2ccc(F)cc2)n1CC1CCCO1,0
OCC#Cc1cnc2ccccc2c1,0
Cc1nn(CC(=O)Nc2ccc3c(c2)oc2ccccc23)c(=O)c2ccccc12,0
CCOc1ccc2cc(C#N)c(SCC(=O)OC)nc2c1,0
O=C(c1ccccc1F)N1CCN(c2ccccc2F)CC1,0
CC(=O)NC1(c2ccccc2)CCN(c2nc(C)cc(C)n2)CC1,0
CCOC(=O)CC(=O)Nc1nnc(C(C)C)s1,0
O=C(O)CN1C(=O)/C(=C/Nc2ccccc2)SC1=S,0
CCOc1ccc(N(CC(=O)NCC(C)C)S(C)(=O)=O)cc1,0
CCOC(=O)C1=C(C)NC(=O)NC1c1cc(C)sc1C,0
CC1=Nn2c(nnc2-c2ccco2)SC1,0
CCc1nnc(NC(=O)CSc2nnc(Cc3ccccc3)n2-c2ccccc2)s1,0
Cc1nnc(SCCn2c(N(C)Cc3ccccc3)nc3c2c(=O)[nH]c(=O)n3C)s1,0
CCOc1ccc(-c2nnn(CC(=O)NCc3ccc(F)cc3)n2)cc1OCC,0
Cc1onc(-c2ccccc2)c1C(=O)N1CCN(CCc2ccccc2)CC1,0
CCOc1ccc(-n2cnnn2)cc1S(=O)(=O)Nc1c(C)cccc1C,0
COc1ccc2sc(NC(=O)c3ccco3)nc2c1,0
Cc1cc(C)nc(N2CCC(C(=O)Nc3ccc4c(c3)CCC4)CC2)n1,0
Nc1nonc1-c1nc2ccccc2n1Cc1ccc(F)cc1Cl,0
CC(NS(=O)(=O)c1ccc(OCC(=O)N2CCOCC2)c(Cl)c1)c1ccccc1,0
O=C1c2ccccc2C(=O)N1CC1=CCS(=O)(=O)C1,0
COc1ccc(OC)c(NC(=O)CSc2nnc(CNC(=O)COc3ccc(Cl)cc3)o2)c1,0
C=CCn1nnnc1SCC(=O)Nc1cccc(OC)c1,0
Cc1cc(NC(=O)CCOc2ccccc2)no1,0
Cn1c(=O)n(C)c2cc(NS(=O)(=O)c3ccc4c(c3)CCCC4)ccc21,0
CC(=O)NCc1ccc(C(=O)CSc2nnc(-c3ccncc3)n2Cc2ccccc2)o1,0
Cc1ccc(-n2nc3c(c2NC(=O)C(C)(C)C)CSC3)c(C)c1,0
COc1ccc2oc(=N)c(C(=O)Nc3ccccc3)cc2c1,0
O=C(c1ccco1)N1CCN(c2ccc(Cl)cc2)CC1,0
CC(C)(C)c1ccc(C(=O)NCCC(=O)NCc2ccco2)cc1,0
O=C(c1ccc(S(=O)(=O)N2CCC(c3nc4ccccc4[nH]3)CC2)cc1)N1CCOCC1,0
COc1ccc(-n2ncc3c(N4CCC(C)CC4)ncnc32)cc1,0
CS(=O)(=O)Nc1ccccc1C(=O)Nc1cccc(Cl)c1,0
CN1CCN(S(=O)(=O)c2ccc(NC(=O)c3cccc(S(=O)(=O)N4CCCC4)c3)cc2)CC1,0
O=C(CSc1nnc2sc3ccccc3n12)NCc1ccc2c(c1)OCO2,0
Cc1nc2ccc(S(=O)(=O)NC(C(=O)N3CCn4c3nc3ccccc34)C(C)C)cc2s1,0
CC(C)C1N(C(=O)CN2CCCC2)CCN1S(=O)(=O)c1ccccc1,0
CCOC(=O)c1sc(NC(=O)c2ccco2)nc1-c1ccccc1,0
CN(C)CCN1CC(C(=O)O)CC1=O,0
O=c1cc(-c2ccccc2)c2ccc(O)c(CN3CCCCC3)c2o1,0
Cc1csc2c(C#N)c(=O)c3c(n12)CCC3,0
O=C(OCCN1C(=O)CCC1=O)c1ccc(S(=O)(=O)N2CCCCC2)cc1,0
c1ccc2c(c1)NC1=c3ccccc3=NC3(CCCCC3)N12,0
N#Cc1c(-c2ccco2)[nH]c(SCC(=O)Nc2cccc(Cl)c2)nc1=O,0
CCc1ccccc1-n1c(-c2ccncc2)n[nH]c1=S,0
CCOc1ccc(-c2nc3n(c(=O)c2C#N)CCCS3)cc1,0
O=C(COC(=O)C1CCC1)NCc1ccccc1Cl,0
CCCN(C(=O)c1ccccc1N)c1c(C)n(C)n(-c2ccccc2)c1=O,0
COc1cc(S(=O)(=O)NC2CCCCC2)ccc1Cl,0
CC(c1ccccc1)N1C(=O)c2ccc(C(=O)NCc3ccco3)cc2C1=O,0
O=C(CCN1C(=O)C2C3C=CC(C3)C2C1=O)NCCc1ccccc1Cl,0
Nn1c(SCC(=O)NCCC2=CCCCC2)nnc1C1CCCCC1,0
Cc1c(Nc2nc3ccccc3nc2NS(=O)(=O)c2ccccc2)c(=O)n(-c2ccccc2)n1C,0
Cc1csc(NC(=O)c2ccc(C)c(S(=O)(=O)N3CCCCC3)c2)n1,0
O=C(COc1ccccc1)Nc1ncc2c(n1)CCCC2=O,0
Cc1ccccc1-n1c(-c2ccncc2)n[nH]c1=S,0
COc1ccc(Nc2nc3ccccc3c(=O)s2)c(OC)c1,0
O=c1c2ccccc2nc(-c2ccco2)n1/N=C/c1ccco1,0
O=C(Nc1ccc2c(c1)OCO2)C1(S(=O)(=O)c2ccc(Cl)cc2)CC1,0
CC(C)(C)NC(=O)C(c1ccncc1)N(Cc1cccs1)C(=O)Cn1nnc(-c2cccs2)n1,0
Cn1c(=O)c2c(nc(NCc3ccc4c(c3)OCO4)n2C)n(C)c1=O,0
CS(=O)(=O)N(Cc1nnc(-c2cccs2)o1)c1ccc(Cl)cc1F,0
Cc1ccc(C)c(N(CC(N)=O)S(C)(=O)=O)c1,0
COc1ccccc1NC(=O)C1CCCN1C(=O)NCc1ccccc1,0
CC1(C)CC(=O)C(=CNc2ccc3cn[nH]c3c2)C(=O)C1,0
CC(C)CCn1c(=S)[nH]c2ncccc2c1=O,0
COc1ccc(CN2CCN(C(=O)C3CC(=O)N(C4CCCCCC4)C3)CC2)c(OC)c1OC,0
COc1ccc(-c2csc(NC(=O)Cn3nc(C)cc3C)n2)cc1,0
O=C(CCCC(=O)Nc1cccnc1)Nc1cccnc1,0
CSCCC(NC(=O)c1cc(CC(C)C)oc1C)C(=O)O,0
CC(=O)Nc1ccc(NS(=O)(=O)Cc2ccccc2)cc1,0
O=C(NCc1cccnc1)C1CC(c2ccc(F)cc2)=NO1,0
COc1ccc(C2=CC(c3ccc(OC)c(OC)c3)N3NN=NC3=N2)c(OC)c1,0
CCNc1nc(NC(C)C)nc(N(C#N)CC)n1,0
COc1ccc(N2C(=O)CC(c3ccc(OC(C)C)cc3)C2=O)cc1,0
O=C(c1ccc(Cl)cc1)C1CCN(C(=O)N2CCOCC2)CC1,0
Cn1nnnc1SCC(=O)NCc1cccc(C(=O)O)c1,0
COc1ccc(NC(=O)CSC2CCCCC2)cc1,0
CCOc1ccc(N(CC)S(=O)(=O)c2ccc3c(c2)oc(=O)n3C)cc1,0
COc1cccc(NC(=O)CSc2nc(N)cc(N)n2)c1,0
Cn1c(=O)c2c(nc(Sc3ncccn3)n2Cc2ccc(Cl)cc2)n(C)c1=O,0
COC(=O)c1sccc1NC(=O)Cn1cnc2c1c(=O)n(C)c(=O)n2C,0
O=C(Nc1nc(-c2nc3ccccc3s2)cs1)C1COc2ccccc2O1,0
O=C(CN1C(=O)C2C3C=CC(C3)C2C1=O)NCCC1=CCCCC1,0
CCc1ccc(NC(=O)C2CCN(S(C)(=O)=O)CC2)cc1,0
CCCCn1c(CN2CCOCC2)nc2c1c(=O)n(C)c(=O)n2C,0
O=c1oc(-c2ccccc2)nc2c1cnn2-c1ccccc1,0
COc1ccc(S(=O)(=O)NC(CC(=O)NCc2ccccc2OC)c2ccco2)cc1,0
Cc1ccccc1Cc1c(C)nc2c(C(=O)NCc3ccco3)cnn2c1C,0
CCS(=O)(=O)N1CCCC(C(=O)NCCCOC)C1,0
O=C(CSc1ccccc1C(=O)NCCCN1CCCC1=O)NCc1ccco1,0
O=c1c2c(-c3ccco3)csc2nc(SCc2cn3cccnc3n2)n1-c1ccccc1,0
C1=Nc2c(NCc3ccccc3)ncnc2Oc2ccccc21,0
C(=N/n1cnnc1)\c1ccc2c(c1)OCO2,0
N#Cc1cc2c(=O)n3ccccc3nc2n(CCCn2ccnc2)c1=N,0
CC(C)(C)NC(=O)C1CCC(C)(C(=O)O)C1(C)C,0
CCC(CC)C(=O)Nc1cc(NC(=O)C(CC)CC)cc(C(=O)O)c1,0
O=C(CSc1nnc(NCc2ccccc2)s1)c1ccco1,0
CCOCCc1nnc(NC(=O)c2cc(OC)c(OC)c(OC)c2)s1,0
O=C(Nc1ccccc1F)c1ccncc1,0
Cc1nc(CNS(=O)(=O)c2cccnc2)cs1,0
Cc1c(C(=O)Nc2ccncc2)sc2nc(-c3ccccc3)cn12,0
O=c1[nH]c2ccccc2n1Cc1ccc(F)cc1,0
CCn1nnc(NC(=O)c2ccc(-c3ccc(Cl)cc3)o2)n1,0
CN1/C(=C/C(=O)C2CCC2)Sc2ccccc21,0
Cc1ccc(-c2ccc(=O)n(CC(=O)NCCN(C)C)n2)cc1,0
CCOC(=O)N1CCN(C(=O)Cc2ccc(Cl)cc2)CC1,0
O=C(CSc1nnc(Cc2cccs2)n1-c1ccccc1)NCc1ccc2c(c1)OCO2,0
C/N=C(\NC)SC1CC(=O)N(c2ccccc2)C1=O,0
CCOC(=O)C1=C(CC)OC(N)=C(C#N)C1c1cc(OC)ccc1OC,0
Cc1nc(N2CCCCC2)c2sc(=S)n(C)c2n1,0
O=C(CSc1nnc(-c2cccs2)n1-c1ccccc1)N1CCOCC1,0
Fc1ccc(-c2csc3nnc(SCc4cccnc4)n23)cc1,0
Nc1nc(NC(=O)c2ccco2)nn1-c1ccccc1,0
c1coc(C2Nc3cccc4cccc(c34)N2)c1,0
Cc1sc2ncnc(OCC(=O)N3CCN(S(=O)(=O)c4ccccc4)CC3)c2c1C,0
O=C(c1cn(-c2ccccc2)nc1-c1ccc(Cl)s1)N1CCOCC1,0
CC(C)(C)NC(=O)C(c1ccncc1)N(C(=O)c1csnn1)C1CC1,0
N#Cc1nc(-c2ccc(OCc3ccc(Cl)cc3)cc2)oc1N1CCOCC1,0
Cc1csc(NC(=O)CSc2nnc(-c3ccncc3)n2C)n1,0
Cc1nc(N2CCOCC2)c2cc(-c3ccccc3)sc2n1,0
COc1ccc(CNc2nc(NCc3ccc(OC)cc3)n(S(C)(=O)=O)n2)cc1,0
CCOc1ncccc1C(=O)OCc1cc(=O)n2c(n1)sc1ccccc12,0
O=C(Cc1ccccc1)Nc1cccc(-c2nnc(-c3ccco3)o2)c1,0
C=CCn1c(COc2cccc(C)c2)nnc1SCC(=O)NC(=O)NCc1ccco1,0
O=C(Cn1ncc2c3ccccc3n(Cc3ccccc3)c2c1=O)N1CCC2(CC1)OCCO2,0
O=C(CCN1CCc2ccccc2C1)Nc1ccccc1,0
O=C(CCn1nnc(-c2cccs2)n1)NCc1ccccc1Cl,0
COC(=O)C1=C(C)N=C2N=CNN2C1c1ccc(OC(=O)c2ccccc2)cc1,0
CS(=O)(=O)N(CCc1ccccc1)CC(=O)N1CCCCC1,0
COc1ccc(Cl)cc1C(=O)Nc1nnn(C)n1,0
COc1ccc2[nH]c(=O)c(CN(Cc3ccco3)Cc3nnnn3Cc3ccccc3)cc2c1,0
CC1(C)C(c2ccccc2)=[N+]([O-])CN1O,0
Clc1cccc(-c2nnc3sc(-c4ccccc4)nn23)c1,0
COC(=O)c1nc(NC2=NCCCCC2)n[nH]1,0
COC(=O)c1[nH]nc2c1C(=O)N(C1CCCCC1)C2=O,0
CC1(C)Cc2c(c(-c3ccccc3)nc3[nH][nH]c(=O)c23)CO1,0
CC(C)(C)C1=Nn2c(nnc2-c2ccccc2F)SC1,0
Nc1cc(C(=O)O)ccc1N1CCCCCC1,0
CCOCC(=O)Nc1nnc(Cc2ccc(OC)c(OC)c2)s1,0
COc1ccc2nc(SCc3cnc(C)nc3N)[nH]c2c1,0
O=C(NC1CCN(Cc2ccccc2)CC1)C1CCN(S(=O)(=O)c2cccc3nsnc23)CC1,0
C/C(Cl)=C/CC1(CN2CCCC2=O)C(=O)NC(=O)NC1=O,0
CC(C)CNC(=O)c1cc(-c2ccco2)on1,0
CCOc1cccc(C2C(C#N)=C(N)Oc3cc(C)n(Cc4ccccn4)c(=O)c32)c1OCC,0
CC1=C(NCCc2ccccc2)CCC1=O,0
CCOC(=O)c1cc(C)n(CCc2ccccc2)c1C,0
CCOC(=O)c1oc2nc3c(cc2c1N)COC(C)(C)C3,0
Cn1cnnc1SCCn1c(N2CCCCC2)nc2c1c(=O)[nH]c(=O)n2C,0
Cc1nc2c(=O)oc3ccccc3c2n1-c1ccccc1,0
CCCC(=O)C1=C(c2ccccc2)C(C#N)(C#N)C(C#N)=C1N,0
CNC(=O)c1ccc(-c2sc3nc(N4CCOCC4)c4c(c3c2N)CCCC4)o1,0
CCOc1ccc(C(=O)NCCCN(CC)CC)cc1,0
CCOc1cc(C#N)c(NC(=O)Cn2nnc3ccccc32)cc1OCC,0
CN(Cc1ccccc1)C(=O)CCS(=O)(=O)c1ccc2c(c1)n(C)c(=O)c(=O)n2C,0
COc1ccc(-c2c(C)oc3c(CN4CCCCC4C)c(O)ccc3c2=O)cc1OC,0
Cc1noc(NS(=O)(=O)c2ccc(NC(=O)CSc3nc4c(cc3C#N)CCCC4)cc2)c1C,0
Cc1ccc(N(CC2=NCCN2)c2cccc(O)c2)cc1,0
CCOC(=O)Cn1c(=O)oc2cc(S(=O)(=O)N3CCCc4ccccc43)ccc21,0
O=C1NC(=O)C(CC(=O)N2CCCCC2)S1,0
COc1ccc(-c2nnc(SC(C)C(=O)Nc3cccc(Cl)c3)o2)cc1,0
C=CCn1c(SCc2ccccc2)nnc1-c1cccnc1,0
COC(=O)c1cc(NC(=O)CN(c2ccc3c(c2)OCO3)S(C)(=O)=O)ccc1Cl,0
O=C(c1ccc(N2CCOCC2)cc1)c1cccs1,0
CC(=O)Nc1ccc(S(=O)(=O)NCc2csc(C)n2)cc1,0
CCN(CC)c1nc(C#N)nc(N(CC)CC)n1,0
O=C1c2oc3ccccc3c(=O)c2C(c2cccc(F)c2)N1CCCO,0
CCOC(=O)C(C)Sc1nc2c(c(=O)[nH]c(=O)n2C)n1CCc1ccccc1,0
Cc1ccc(-n2c(C)nc3c(cnn3-c3ccc(F)cc3)c2=O)cc1,0
COCC(C)NS(=O)(=O)c1ccc(OC)cc1,0
COC(=O)c1cccc(N2C(=O)C(Cl)=C(N3CCOCC3)C2=O)c1,0
Cc1cc(C(=O)NC(C)c2ccncc2)no1,0
COc1ccccc1NC(=O)CN(Cc1ccco1)C(=O)c1cccs1,0
CN(C)CCCNc1cc(Cl)c(S(=O)(=O)N2CCCCC2)cc1C(=O)O,0
CC(C)CC1(C)NC(=O)NC1=O,0
CC(=O)Nc1ccc(S(=O)(=O)NCc2csc(-c3cccnc3)n2)cc1,0
Oc1cnn(-c2ccccc2)c1,0
Cc1ccccc1CSc1nnc(-c2cccnc2)n1N,0
CCOC(=O)c1cc(C)[nH]c(=S)c1C#N,0
Cc1cc(C)n(-c2nc3ccccc3c(=O)n2OCC(=O)N(C)C)n1,0
CCCCC(=O)Nc1ccc(C(=O)NCCCn2ccnc2)cc1,0
CCOC(=O)c1[nH]c2ccc(C)cc2c1NC(=O)CN1CCCCC1,0
CC(C)(C)n1nc2c(c1NC(=O)CCCc1ccccc1)CS(=O)C2,0
CC(C)(C)c1ccc(-c2noc(CCC(N)=O)n2)cc1,0
Cn1c(SCc2ccccn2)nnc1-c1ccncc1,0
O=C1c2ccccc2C(O)N1CCN1CCOCC1,0
CC(=O)NC(O)C(=O)c1ccccc1,0
O=C(Nc1ccc(OC(=O)c2ccco2)cc1)c1ccco1,0
Cc1cc(NC(=O)CSC2=NCCS2)no1,0
O=S(=O)(N1CCCCCC1)N1CCN(S(=O)(=O)N2CCOCC2)CC1,0
CC(C)NC(=O)c1cc(C(=O)c2cc(Cl)ccc2O)coc1=N,0
O=C1c2oc3ccc(Cl)cc3c(=O)c2C(c2cccnc2)N1Cc1ccco1,0
O=c1ccnc(S/C=C/c2ccccc2)[nH]1,0
Cc1cc(C)nc(NC2=NCC(=O)N2c2ccccc2)n1,0
Cc1cccc(NC(=O)Nc2cc(C)on2)c1,0
COC(=O)c1cccc(NC(=O)NC2CCCN2S(=O)(=O)c2ccc(Cl)cc2)c1,0
CC1CCN(c2ncnc3c2cnn3-c2ccccc2)CC1,0
CCN1/C(=C(\O)c2ccccc2)C(=O)c2ccccc2S1(=O)=O,0
Cc1ccc(Cn2[nH]nc3c(=O)nc(C4CCN(S(=O)(=O)c5cc(C)ccc5C)CC4)nc2-3)cc1,0
O=C(NCCCN1CCCCC1)c1ccc2c(c1)NC(=O)C(N1CCCCC1)S2,0
CCN(CC)S(=O)(=O)c1ccc(C(=O)Nc2ccc3c(c2)OCCO3)cc1,0
Cc1cc(NS(=O)(=O)c2ccc(NC(=O)Nc3ccccc3)cc2)no1,0
COc1ccc(-c2ccc(SCC(=O)N3CCOCC3)nn2)cc1,0
CC(C)c1ccc(NC(=O)C2CCN(S(C)(=O)=O)CC2)cc1,0
Nc1nc2ccccc2n1CCN1CCCC1,0
CCOC(=O)CSc1nc2ccccc2c(=O)n1Cc1ccco1,0
CCOC(=O)c1cccc(NC(=O)c2cc3sccc3n2C)c1,0
COc1ccc(-c2cc(C(=O)NCCc3ccccc3)no2)cc1OC,0
Nc1c(C(=O)NCc2ccccc2)nnn1Cc1ccccc1,0
CCCCC(=O)Nc1ccc(NC(=O)CC)cc1OC,0
COc1ccccc1N1CCN(C(=O)c2ccc(CS(=O)(=O)c3ccccc3OC)o2)CC1,0
COc1ccc(CC(CC(=O)O)C(=O)Nc2ccccc2)cc1,0
COc1ccc(-c2ccc(-c3noc(-c4ccccc4C)n3)c(OC)n2)cc1,0
CCCc1nnc(NC(=O)CCC(=O)N2CCN(CCn3c(C)ccc3C)CC2)s1,0
CCN1CCN(C(=O)COc2cc(=O)n(CC)c3ccccc23)CC1,0
COc1cccc(NC(=O)c2cccnc2)c1,0
c1cnc(-c2nnc3n2CCCCC3)cn1,0
C=CCn1c(O)cc(=O)nc1SCCCC,0
O=C(O)CCc1ccc(-c2ccccc2)o1,0
Clc1ccc(CSc2ncccn2)cc1,0
CC1CCCCN1c1nnc(N)s1,0
CCOC(=O)CNC(=O)CSc1nnc(-c2ccccc2)n1Cc1ccco1,0
O=C(CCCN1CCC(O)(c2ccc(Cl)cc2)CC1)c1ccc(F)cc1,0
O=C(c1cc(-c2ccccc2)on1)N1CCCC1,0
O=C1NC(c2ccccc2)(C(F)(F)F)C(=O)N1Cc1cccnc1,0
O=C(N1CCCCC1)N1CCN(C(=O)N(c2ccccc2)c2ccccc2)CC1,0
CN(C)c1ccc(/C=N/c2cnn(C)c2C(N)=O)cc1,0
COC(=O)c1c(N)c(C#N)c2n1CCCCC2,0
CCC(C)Oc1cccc(OCCCCN2C(=O)NC(C)(C)C2=O)c1,0
COc1ccc(-c2[nH]nc3c2C(c2ccncc2)C(C#N)=C(N)O3)cc1,0
CN(C)S(=O)(=O)c1ccc(C(=O)OCc2ccc(C#N)cc2)cc1,0
Cc1ccc(S(=O)(=O)NC(=O)Nc2c(C)n(C)n(-c3ccccc3)c2=O)cc1,0
Cc1c(C(=O)O)oc2ccc(S(=O)(=O)NCc3ccc4c(c3)OCO4)cc12,0
O=c1cc(-c2ccccc2)nc2nc(SCc3ccccc3)[nH]n12,0
CCCn1c(SCC(=O)Nc2nonc2C)nnc1-c1ccoc1C,0
CCCc1nc(N)nc2c1C(=O)CC(C)(C)C2,0
Cc1ccc(CNc2ccc(O)cc2)cc1,0
N#Cc1nc(N2CCCC2)nc(N2CCCC2)n1,0
CCC(=O)Nc1cccc(NC(=O)c2cc3ccccc3o2)c1,0
O=C(CSc1nnc2scc(-c3ccccc3)n12)NCc1ccc2c(c1)OCO2,0
CCCCN(C(=O)NC(=O)Nc1cccc(C)c1C)S(C)(=O)=O,0
C=CCn1c(N)c(S(=O)(=O)c2cccs2)c2nc3ccccc3nc21,0
CCCC1(CCC)NC(=O)NC1=O,0
CC(=O)c1c(C)[nH]c(C(=O)OC2CCCCC2=O)c1C,0
CN1C(=O)C(O)(CC(=O)c2ccc3c(c2)OCO3)c2ccccc21,0
CCC(Sc1nc(=O)cc(N)n1-c1ccccc1)C(=O)Nc1cc(C)on1,0
N#Cc1c(N)nc2c(c1-c1ccco1)CCCCC2,0
Cc1cc(NC(=O)c2cc(-c3ccco3)on2)nn1Cc1ccc(Cl)cc1,0
O=C(COc1ccc(F)cc1)NC1CC1,0
Oc1c(C(c2cccc(F)c2)N2CCN(Cc3ccccc3)CC2)sc2ncnn12,0
C/C(N)=C(/C#N)C(=O)CSc1nnc(Nc2cccc(C)c2C)s1,0
Cc1cc2oc(=O)cc(CN3CCC(C)CC3)c2cc1Cl,0
Cc1onc(-c2ccccc2)c1C(=O)N1CCOCC1,0
Cc1ccc(NC(=O)CS(=O)CC(=O)Nc2ccc3c(c2)OCO3)cc1Cl,0
CCCn1nnnc1SCC(=O)N(C(C)C)C(C)C,0
COc1ccc(C(=O)NCCC(C)C)cc1S(=O)(=O)N1CCOCC1,0
COC(=O)c1ccc(NC(=O)CN2C(=O)CSC2=O)cc1,0
Cc1cc(C)nc(Nc2nc(=O)c3ccccc3s2)n1,0
c1ccc(-n2cnnc2SCc2nc3ccccc3s2)cc1,0
Cc1cc(C)nc(Nc2n[nH]c(Cc3ccccc3)n2)n1,0
O=C(CCN1CCN(c2ccccn2)CC1)Nc1ccc(F)cc1,0
CCCn1c(O)c(C(=O)Nc2ccc(OC)cc2)c(=O)c2c1CCCC2,0
CN(Cc1ccccc1)Cc1c(F)cccc1F,0
COC(=O)Cc1c(C)nc2nc[nH]n2c1=O,0
O=C(O)CC1NC(=O)N(c2ccccc2)C1=O,0
O=C(Nc1ccc(S(=O)(=O)NC2CCCC2)cc1)c1cnccn1,0
CCc1ccccc1-n1c(SCC(=O)NC)nnc1-c1cccnc1,0
CCn1nc(C(=O)Nc2ccc(S(=O)(=O)Nc3nccs3)cc2)c2ccccc2c1=O,0
CCOC(=O)N1CCN(C(=O)COc2ccc(S(=O)(=O)NC3CCCCC3)cc2C)CC1,0
O=C(Nc1ccccc1F)C1CCCN(S(=O)(=O)c2cccc3cccnc23)C1,0
CN(CC(=O)Nc1nc2ccccc2s1)S(=O)(=O)c1ccccc1,0
CCOC(=O)Nc1ccc(C(=O)NCC2CCCO2)cc1,0
COc1ccc(Cl)cc1N1C(=O)C2CCCN2C1c1ccc(F)cc1,0
Cc1ccc(CCNC(=O)C2CCN(S(=O)(=O)c3cccc4nsnc34)CC2)cc1,0
C=CCn1c(N)cc(=O)nc1SCC(=O)NC(C)c1ccccc1,0
CC(=O)CC(C)(C)n1nnc(-c2ccccc2)n1,0
CCSc1nc2c(c(=O)[nH]c(=O)n2C)n1Cc1ccc(Cl)cc1,0
CC(C)C1CC(c2csc(N)n2)CCO1,0
CCC1(CC)C(=O)N=C(Nc2cccc(C(F)(F)F)c2)NC1=O,0
c1ccc(-c2noc(CSc3nc4ccccc4o3)n2)cc1,0
CC(CCc1ccccc1)NCc1ccncc1,0
CCCC(C)C(=O)Nc1nnc(C)s1,0
COc1ccc(OC)c(NC(=O)c2ccc(NC(C)=O)cc2)c1,0
CCN(CC)C(=O)CN(C#N)c1nc(NC(C)C)nc(NC(C)C)n1,0
CN(CC(=O)N1CCCc2c1c(=O)oc1ccc(O)cc21)Cc1ccccc1,0
Cc1cc(OCC(=O)Nc2ccc3oc(-c4ccncc4)nc3c2)ccc1Cl,0
NC(Cc1ccccc1)c1nnc2sc(SCc3ccccc3)nn12,0
COc1ccc2c(c1)CCc1c(C(=O)Nc3c(C)n(C)n(-c4ccccc4)c3=O)noc1-2,0
COc1ccc(/C(C)=N/n2cnnc2)cc1,0
COC(=O)c1ccccc1NC(=O)Cn1nc(C(F)(F)F)c2c1CCC2,0
CC(Nc1nc(N2CCN(S(C)(=O)=O)CC2)nc2ccccc12)c1ccccc1,0
CC(=O)c1cccc(NC(=O)CN(c2ccccc2)S(C)(=O)=O)c1,0
O=C1NC(=O)N(c2cccc3ccccc23)C(=O)/C1=C/NCCCn1ccnc1,0
CCOc1ccc(OC(=O)c2cccnc2)cc1,0
CC(=O)Nc1ccc(S(=O)(=O)Nc2cccc(N(C)S(C)(=O)=O)c2)cc1,0
Nc1ccc(Cl)cc1/C(=N/O)c1ccccc1,0
CS(=O)(=O)N(Cc1ccccc1)c1ccccn1,0
C=CCOc1ccc(C2NC(=O)NC(C)=C2C(=O)OC)cc1,0
CC(C)NS(=O)(=O)c1ccc(CCC(=O)N2CCOCC2)cc1,0
CCOC(=O)C1=C(CSc2nc(C)cc(C)c2C#N)OC(N)=C(C#N)C1c1cccs1,0
COc1cccc(NC(=O)c2nc3nc(C)cc(C(F)F)n3n2)c1,0
CC(=O)c1cccc(NC(=O)C2CCN(S(C)(=O)=O)CC2)c1,0
Cc1cc(NS(=O)(=O)c2ccc(NC(=O)CCCC(=O)O)cc2)nc(C)n1,0
CC1(C)C2CC=C(CN3CCC(O)CC3)C1C2,0
O=C(NCCN1CCOCC1)c1ccccc1-c1ccccc1,0
CN(C)/C=N/c1ncc2c([nH]c3ccccc32)c1C#N,0
CC(=O)C1=C(O)C(=O)N(CCc2c[nH]c3ccccc23)C1c1ccc(O)cc1,0
O=C(O)CCCC(=O)Nc1ccc(Cl)c(Cl)c1,0
COCCN(CCOC)C(=O)c1cc2c(=O)n3ccccc3nc2s1,0
CC(C)(C)c1cc(C(=O)NCc2ccco2)ccn1,0
O=C1c2ccccc2C(=O)N1CC1c2ccccc2CCN1C(=O)N1CCOCC1,0
CCNC(=O)COC(=O)c1ccc(S(=O)(=O)N2CCCCCC2)cc1,0
COc1ccc(C(=O)c2coc3ccc(O)c(CN4CCCCC4)c23)cc1,0
Cc1oc2cc(O)cc(O)c2c(=O)c1-c1ccc2c(c1)OCCCO2,0
CC(NCc1cccnc1)=C1C(=O)c2ccccc2C1=O,0
Cc1ccc(NC(=O)COc2nc(C)cs2)cc1,0
CC1(C(=O)O)CCC(C(=O)NC2CCCCCC2)C1(C)C,0
CCOc1cccc2cc(C(=O)Nc3nccs3)c(=O)oc12,0
O=C(O)c1ccc2nc(C(F)(F)F)[nH]c2c1,0
NC1=C(c2ccccc2)C(=O)C2CCc3ccccc3N12,0
CCOc1ccc(CCNC(=O)Cn2c(-c3nonc3N)nc3ccccc32)cc1OCC,0
CC(NC(=O)C1CC1)C(c1cccs1)N1CCN(c2ccccc2)CC1,0
C=CCN1C(=O)CC(C(=O)NC)S/C1=N\c1ccc(C(=O)OCC)cc1,0
Cc1ccc(C(C(=O)NC(C)(C)C)N(C(=O)c2csnn2)c2ccccc2F)o1,0
O=C(C1CCN(S(=O)(=O)c2cccc3cccnc23)CC1)N1CCN(c2ccccn2)CC1,0
COc1ccc(C(=O)Nc2cc3c(cc2C#N)OCO3)cc1S(=O)(=O)NCc1ccco1,0
CCCCn1c(Cl)nc2c1c(=O)n(C)c(=O)n2C,0
Cn1c(C(=O)NC2CCCCC2)cc2sccc21,0
C=CCn1c(Sc2nncn2C)nc2c1c(=O)[nH]c(=O)n2C,0
COc1cccc(Oc2nc3ncn(Cc4ccccc4)c3c(=O)n2C)c1,0
Cc1[nH]c2ccccc2c1C(=O)CN1CCCCC1C,0
COc1ccc(S(=O)(=O)N(C)CC(=O)N2CCC(C(N)=O)CC2)cc1Cl,0
O=C(c1cc(S(=O)(=O)N2CCOCC2)c(Cl)cc1Cl)N1CCCCC1,0
O=C1NC(Cc2cnc[nH]2)C(=O)N2CCCC12,0
CN1CCN(Cc2nc3c(c(=O)n(C)c(=O)n3C)n2Cc2cccc3ccccc23)CC1,0
CSc1nc(C)cc(OCC(=O)n2nc(C)cc2C)n1,0
CCc1ccc(OCc2ccc(C(=O)NCc3ccccn3)o2)cc1,0
CC(C)(C)C(=O)Nc1ccccc1C(=O)NCc1ccco1,0
O=C(NC1=NCCS1)Nc1ccccc1,0
O=C(NCCN1CCOCC1)c1ccc(=O)oc1,0
Cn1c(=O)c2c(nc(CN3CCN(CCO)CC3)n2CCc2ccccc2)n(C)c1=O,0
O=c1[nH]c2ccc(S(=O)(=O)N3CCN(Cc4ccccc4)CC3)cc2[nH]c1=O,0
Cc1cc(C)c(C#N)c(SCC(=O)NC2CC2)n1,0
Clc1c(CSc2nc3ccccc3o2)nc2ccccn12,0
N#CCCn1nnc2ccccc21,0
Cc1cc(N2CCN(c3ccccc3)CC2)nc(NCc2ccccc2)n1,0
CCCc1cc(C(N)=O)c(NC(=O)c2ccco2)s1,0
CNC(=O)c1ccsc1NC(=O)c1ccccc1,0
CCOC(=O)CC(=O)CSc1nc(C)cc(-c2cccnc2)c1C#N,0
COc1ccccc1NC(=O)c1ccc(NS(C)(=O)=O)cc1,0
CC1CC(=O)C2=C(C1)Nc1ccccc1N(C(=O)COc1ccccc1)C2c1ccco1,0
COc1ccc(/C=N/n2cnnc2)cc1COc1ccccn1,0
CCCOc1ccc(N2C(=O)CC(N3CCN(C(=O)c4ccco4)CC3)C2=O)cc1,0
Cc1cc(C)n(C(=O)CNC(=O)CCc2ccccc2)n1,0
COCCCNC(=O)C1CCN(c2ncccn2)CC1,0
Nc1cc(N)nc(SCCOc2ccccc2)n1,0
COc1cc(-c2nnc3sc(Cc4ccc(Cl)cc4)nn23)cc(OC)c1OC,0
CCCC1(c2ccccc2)NC(=O)N(CC(=O)c2[nH]c(C)c(C(=O)OCC)c2C)C1=O,0
COc1cc(NS(=O)(=O)c2ccc(N)cc2)nc(OC)n1,0
C/C(NCCN(C)C)=C(/C#N)C(N)=O,0
CCOc1ccc(NC(=O)Nc2cc(C)ccc2OC)cc1,0
COc1ccc(CCNc2ncnc3[nH]ncc23)cc1OC,0
O=C1CCC(C(=O)Nc2cccc3ccccc23)N1,0
O=c1cccc2n1CC1CC2CN(Cc2c(F)cccc2Cl)C1,0
N#Cc1c(SCC(N)=O)nc(-c2ccccc2)c2c1CCCC2,0
CN(C)c1ccc(N/C=C2\N=C(c3ccccc3)OC2=O)cc1,0
Cc1noc(C)c1S(=O)(=O)N(CCc1ccccc1)Cc1ccccc1,0
O=N/C=C1/C=C(C(=O)NCCc2ccccc2)C=CN1,0
Cc1nnc(SCC(=O)c2cc(C)n(-c3c(C)n(C)n(-c4ccccc4)c3=O)c2C)s1,0
O=C(Cc1cccs1)Nc1ccc(Cl)cc1,0
O=C(NCCc1ccccc1)c1ccccc1NS(=O)(=O)N1CCCC1,0
Cc1sc2nc(CN(C(=O)c3cccs3)C3CCCC3)[nH]c(=O)c2c1C,0
COc1ccc(S(=O)(=O)Nc2nnc(C(C)(C)C)s2)cc1,0
O=C(NC(=O)c1ccccc1)OCC(F)(F)F,0
C=CCNC(=O)c1oc2ccc(S(=O)(=O)N(CC)CC)cc2c1C,0
COC(=O)CSc1nnc(CNC(=O)c2ccc(OC)cc2OC)n1C,0
Cc1nc(CC(=O)N2CCN(S(=O)(=O)c3ccccc3C#N)CC2)cs1,0
O=C(c1cccc(C(F)(F)F)c1)N1CCCC1,0
CCCn1c(SCC(=O)Nc2nnc(C)s2)nnc1-c1ccoc1C,0
Cc1ccc(-c2cn3nc(C)c(C)nc3n2)cc1,0
O=C(NC1CCCC1)C1CCN(S(=O)(=O)c2cccc3cccnc23)CC1,0
CCCCn1c(N)c(Sc2ccc(C)cc2)c(=O)[nH]c1=O,0
OC1(c2ccc(F)cc2)CC2CCC(C1)N2Cc1nnnn1C1CCCC1,0
CC1CCCC(C)N1C(=O)c1cc(-c2cccs2)on1,0
Cc1cc(C)n(-c2ccc(N3CCOCC3)nn2)n1,0
COc1ccc(-c2csc(NC(=O)C3CCCO3)n2)cc1,0
COCCn1c(SCC(=O)c2ccc3c(c2)OCCO3)nnc1C(C)C,0
c1nc2sc3c(c2c2nnnn12)CCCC3,0
CN1CCN(c2ccccc2NC(=O)c2cccc(OCc3ccccc3)c2)CC1,0
CCOC(=O)C1CCN(CC(=O)Nc2c(C(=O)OC)n(C)c3cccc(C)c23)CC1,0
CC(=O)c1c(C)[nH]c(C(=O)CSc2nnc(-c3ccco3)n2Cc2ccccc2)c1C,0
CC(C)Nc1oc(-c2cccc3ccccc23)nc1C#N,0
CCN(CC)S(=O)(=O)c1cc(C(=O)Nc2ccccn2)ccc1C,0
CS(=O)(=O)N1CCCC(C(=O)NCCCN2CCC(Cc3ccccc3)CC2)C1,0
CCCCNC(=O)C1CCN(S(=O)(=O)c2cnc[nH]2)CC1,0
c1ccc(CCCNc2ncnc3nc[nH]c23)cc1,0
COc1ccccc1NC(=O)c1ccccc1NS(=O)(=O)N1CCCC1,0
Cc1ccc(N2CCN(CCc3nc4cc(NS(C)(=O)=O)ccc4n3C)CC2)cc1,0
CNC(=O)c1cc2c(ccc3ccccc32)oc1=N,0
CCCCn1nnnc1NCc1cccs1,0
O=C(CCN1CCN(c2ccccc2)CC1)Nc1ccc2c(c1)OCO2,0
Cc1nnc(C)n1/N=C/c1cccn1C,0
CCn1c(SCC(=O)Nc2nc(C)cs2)nnc1-c1ccco1,0
CCOC(=O)Nc1ccc(S(=O)(=O)N2CCOCC2)cc1,0
O=C1c2sc3nc4c(c(=O)n3c2C(=O)N1c1ccccc1)CCC4,0
COCCn1c(SCC(=O)N2CCC(C)CC2)nc2ccccc2c1=O,0
Cc1cc(Cn2ccnc2)c(C)cc1Cn1ccnc1,0
COC(=O)Nc1ccc(S(=O)(=O)N2CCCCCC2)cc1,0
COc1cccc(-c2nnc(SCc3cccnc3)o2)c1,0
COc1cccc(NC(=O)CSc2nncn2-c2ccccn2)c1,0
CC(C)(C#N)C(C)(C)c1nn[nH]n1,0
Cc1cccc(OCc2nnc(N)s2)c1,0
CCOC(=O)NC1(C(F)(F)F)C(=O)NC(C)=C1C#N,0
O=C(CCn1nc(-c2ccccc2)c2ccccc2c1=O)NCC1CCCO1,0
Cc1c(NS(=O)(=O)c2ccc3[nH]c(=O)[nH]c3c2)c(=O)n(-c2ccccc2)n1C,0
COCCNC(=O)C(c1cccs1)N(C(=O)Cn1nnc2ccccc21)c1cccc(C(C)=O)c1,0
Cc1nc2nc[nH]n2c(=O)c1NS(C)(=O)=O,0
CC(OC(=O)c1cccs1)C(=O)NCc1ccc2c(c1)OCO2,0
O=C(Cn1cccc1)NC1CCCc2ccccc21,0
C=CCn1c(=O)c2c(nc3n2CCN3c2cccc(Cl)c2C)n(C)c1=O,0
CC(=O)C1=C(O)C(=O)N(CO)C1c1ccccc1F,0
COc1ccc(N2C(=O)CSC23C(=O)Nc2ccccc23)cc1OC,0
Cc1c(-c2ccccc2)sc(N)c1C(=O)N1CCOCC1,0
CC(=O)N1CCN(c2ccc(Oc3ncnc4sccc34)cc2)CC1,0
Cc1c(C(=O)NC2CCCCC2)oc2c1C(=O)CC(C)(C)C2,0
COCCn1c(N)c(C(=O)NCC2CCCO2)c2nc3ccccc3nc21,0
CCCCOCCCNS(=O)(=O)c1ccccc1,0
COCCN(CCOC)Cc1c(C)[nH]c2ccccc2c1=O,0
COc1ccc(NC(=O)Cc2ccc(Cl)cc2)cc1NC(=O)c1ccco1,0
CCOC(=O)c1sc2ncn(/N=C/N(C)C)c(=O)c2c1C,0
Cc1onc(-c2c(Cl)cccc2Cl)c1C(=O)NC(C)(C)CO,0
COc1nc(N2CCOCC2)nc(-n2cccc2)n1,0
CC(=O)c1cccc(NC(=O)c2oc(C)nc2C)c1,0
C=CCn1c(SCC(=O)c2cc(C)n(CC3CCCO3)c2C)nc2sc(C)c(C)c2c1=O,0
CC(Cc1ccccc1)N/C=C1/CC(=O)NC1=O,0
CCN(CC)CCN/C=C1/C(=O)CNC1=O,0
CCNc1nc(NC(C)C)nc(Oc2ccc(OCCOc3ccccc3)nn2)n1,0
COC(=O)c1cccc(-n2nnnc2SCC(=O)Nc2nc3c(s2)CCCC3)c1,0
CCNc1nc(Oc2ccc(C(=O)OC)cc2)nc(SC)n1,0
Cc1[nH]c(=O)[nH]c(=O)c1S(=O)(=O)Nc1ccc(Oc2ccccc2)cc1,0
COc1cc(C(=O)Nc2oc(-c3ccccc3)c(-c3ccccc3)c2C#N)cc(OC)c1OC,0
Cc1ccc(OCc2nnc(SCc3cc(=O)[nH]c4ccccc34)o2)cc1,0
CCOC(=O)CSc1nccc(N(C)C)c1C#N,0
CC(C)Oc1ccc(CSc2nnc3n(C)c(=O)c4c5c(sc4n23)CCCC5)cc1,0
Cc1ccc(C(=O)NCCNC(=O)CN2CCOCC2)cc1,0
Cn1c(Cn2cnc3ccccc32)nnc1SCc1ccccc1,0
CC1=NOC2(C1)/C(=N/O)CCC/C2=N\O,0
COc1ccc(CCN(Cc2cccs2)S(=O)(=O)c2ccc(-n3cnnn3)cc2)cc1OC,0
CS(=O)(=O)N1CCN(c2ccccc2NC(=O)c2cccs2)CC1,0
COc1ccc(CC(=O)C(C#N)=C2Nc3ccccc3N2)cc1OC,0
CCC(C)Nc1nc2c(c(=O)[nH]c(=O)n2C)n1CCC(C)C,0
c1ccc(Cn2nnc3c(N4CCCC4)ncnc32)cc1,0
O=C(Nc1cccc2c1CCCC2)c1ccco1,0
C(=C/c1ccccc1)\C=N\n1cnnc1,0
CCOC(=O)NC1(C(F)(F)F)NC(=O)N(C2CCCCC2)C1=O,0
COc1cc(C(=O)Nc2cccc(-c3nncn3C)c2)cc(OC)c1OC,0
C/C(=C(\C#N)C(=O)NCCN1CCOCC1)N(C)C,0
CCCCCN1C(=O)/C(=C(\O)OCC)C(=O)c2ccccc21,0
COCc1n[nH]c(=S)n1-c1cccc2ccccc12,0
COc1ccc(N2C(=O)CSC2c2ccc3c(c2)OCO3)c(OC)c1,0
Cc1cnc(N/C(O)=C2\C(=O)c3ccccc3S(=O)(=O)N2C)s1,0
Cc1nn(-c2cc(N3CCOCC3)ccc2N)c(=O)c2ccccc12,0
CC(=O)Nc1ccc(S(=O)(=O)Nc2ncccn2)cc1,0
CC1(C)C2CCC1(CS(=O)(=O)N1CCCc3ccccc31)C(=O)C2,0
CC(=O)Nc1cccc(N2C(=O)CC(N3CCC(C(=O)N4CCCCC4)CC3)C2=O)c1,0
Cn1c(SCC(=O)N2CCOCC2)nnc1-c1cccc(NC(=O)c2ccccc2F)c1,0
Cc1nc2ccc(S(=O)(=O)NCC(=O)NCc3ccc4c(c3)OCO4)cc2s1,0
CN(C)C(=O)CSc1nc(SCC(=O)N(C)C)n(-c2ccccc2)n1,0
CCN(CC)C(=O)c1sc2nc(-c3ccncc3)[nH]c(=O)c2c1C,0
Cn1c(SCC(N)=O)nnc1C1CCN(C(=O)NCc2ccccc2)CC1,0
CCN1CCc2nc(NC(=O)c3ccc4c(c3)OCCO4)sc2C1,0
Cc1ccc(Nc2nc(Oc3ccc(=O)[nH]n3)nc(N(C)C)n2)cc1,0
O=C(NCC1CCCO1)C(C(=O)c1ccccc1)n1cc(Cl)ccc1=O,0
O=C(C1CCN(C2CC(=O)N(Cc3ccccc3)C2=O)CC1)N1CCCCCC1,0
CCOc1nc2c(c(=O)n(C)c(=O)n2C)n1Cc1ccccc1Cl,0
CC(C)(CNC(=O)c1cc2ccccc2o1)N1CCOCC1,0
c1coc(CNc2c3c(nc4ncnn24)CCC3)c1,0
CCCSC1=C(C#N)C(c2ccccc2OCC)CC(=O)N1,0
Cc1ccccc1-n1nnnc1SCC(N)=O,0
O=C(NCCc1ccccc1)c1ccc(-n2cnnn2)cc1,0
O=C1COc2ccc(-c3csc(NCC4CCCO4)n3)cc2N1,0
Cc1cnc(C(=O)Nc2ccc(N3CCOCC3)cc2)cn1,0
Cc1ccc(CCN2CC(C(=O)NCCN3CCCCCC3)CC2=O)cc1,0
CCOCCCNC(=O)C1CCCN(S(=O)(=O)CC)C1,0
Cc1ccc(C)c2[nH]c(=O)c(CN(CC3CCCO3)C(=O)NC3CCCCC3)cc12,0
C/C(=N\O)c1ccc2[nH]ccc2c1,0
O=C(C1CC1)N1CCc2cc(S(=O)(=O)NCC3COc4ccccc4O3)ccc21,0
O=C(Nc1nccs1)c1cnccn1,0
COc1ccc(Cn2nnnc2C(c2cccs2)N2CCSCC2)cc1,0
COC(=O)c1ccc(C)c(NC(=O)CN2C(=O)c3ccccc3S2(=O)=O)c1,0
Cc1cc(NC(=O)c2oc3ccccc3c2C)ccc1-n1cnnn1,0
COc1cccc(C(=O)Nc2ccc(C(=O)O)cc2)c1,0
Cc1ccc(CNc2nc3ccccc3s2)s1,0
COc1ccc(CCCc2nnc(SCC(=O)Nc3nccs3)n2C)cc1C,0
COC(=O)Nc1ccc(S(=O)(=O)N2CCN(C)CC2)cc1,0
CCCCCCN/C(O)=C1/C(=O)Nc2ccccc2C1=O,0
O=C(CSc1ncccc1C(=O)O)c1ccccc1,0
N#Cc1cc2c(nc1SCC(=O)Nc1sc3c(c1C#N)CCC3)CCCCC2,0
CCOc1ccc(N(CC(=O)NC2CCCC2)S(=O)(=O)c2c(C)[nH]c(=O)[nH]c2=O)cc1,0
CN(CC(=O)NCCN1CCN(Cc2ccccc2)CC1)S(=O)(=O)c1cccc2nsnc12,0
COc1ccccc1C(=O)NCCNC(=O)c1ccco1,0
COc1ccc(-n2nnc3c(=O)n(Cc4cccc(C)c4)cnc32)cc1,0
CCNc1nc(SC(C(C)=O)C(C)=O)nc(N(C)C)n1,0
Cc1cc(NC(c2cccnc2)c2c(C)[nH]c3ccccc23)no1,0
CCN(CC(=O)NCc1cccs1)c1nnnn1-c1ccccc1,0
Cc1cc(C)nc(SCC(=O)Nc2ccc(N3CCOCC3)cc2)n1,0
CCn1c(SC(=O)NC2CCCCC2)nnc1-c1cccs1,0
CCOC(=O)N1CCC(NC(=O)c2cccnc2SC)CC1,0
O=C1CCCc2nc(NCc3ccco3)ncc21,0
Cc1ccnc(N2C(=O)c3ccccc3C2Nc2cccc(C)c2C)c1,0
CCCCn1cnc2sc3c(c2c1=N)CCCC3,0
Nc1nc(NC(=O)c2cccs2)nn1-c1ccccc1,0
CC(C)C(c1nnnn1C1CCCC1)N1CCc2ccccc21,0
COC(=O)C(C)NC(=O)Nc1ccc(OC)cc1OC,0
CCCc1nc(SCC(=O)N2CCN(c3ccccc3)CC2)c2c(=O)n(C)c(=O)n(C)c2n1,0
COCCCN(Cc1ccccn1)S(=O)(=O)Cc1ccccc1,0
COc1ccccc1Cn1c(CCCO)nc2ccccc21,0
CC1CCCCN1C(=O)Cn1c(=O)n(CCC(=O)NCc2ccco2)c(=O)c2sccc21,0
Cc1ccc(C(=O)CSc2ncn[nH]2)cc1,0
C=CCN(c1ccc(C(=O)N2CCN(c3ccc(F)cc3)CC2)cc1)S(C)(=O)=O,0
CCn1c2ccccc2c2cc(NC(=O)COC(=O)Cc3cn4ccsc4n3)ccc21,0
Cc1ccc(C2CC(=O)Nc3sc(C(N)=O)c(N)c32)cc1,0
CCn1c(=O)c2c3c(sc2n(C)c1=O)CCC3,0
CSc1nc(-c2ccccc2)nc2[nH]ccc(=O)c12,0
C(=N/c1nc2ccccc2[nH]1)\c1cccs1,0
CC1CCc2nc(N)c(C#N)c(-c3ccncc3)c2C1,0
CCC(C)NC(=O)CN(c1ccc(OC)cc1)S(=O)(=O)c1ccc(NC(C)=O)cc1,0
Cc1noc(N)c1C(=O)Nc1ccc(F)cc1,0
Nc1nc(NCc2ccco2)nn1-c1ccccc1,0
CS(=O)(=O)N(CCc1ccccc1)CC(N)=O,0
O=C(Nc1ccccc1O)c1ccccc1O,0
COc1cc(CC(=O)Nc2nccs2)cc(OC)c1OC,0
Cc1[nH]c(NCC2CCCO2)nc(=O)c1CCC(C)C,0
CCSCCNC(=O)c1cc(-n2cnnc2)ccc1Cl,0
Cc1ccccc1NC(=O)CSc1nc(Nc2ccccc2)nc(N2CCOCC2)n1,0
CC(C)(C)OC(=O)NCCc1nnc(SCC(=O)c2ccc(Cl)cc2)o1,0
Cc1ccc(C(=O)C(C)OC(=O)C2=COCCO2)cc1C,0
COc1ccc(CNC(=O)C2CCCN(S(=O)(=O)c3cnc[nH]3)C2)cc1,0
CC(C(=O)N1c2ccccc2Sc2ccccc21)n1nnc(-c2cccs2)n1,0
O=C(CCSc1nnc(-c2ccncc2)o1)Nc1ccc(F)cc1,0
COc1cccc(C(c2sc3ncnn3c2O)N2CC(C)OC(C)C2)c1,0
O=C(Nc1ccc(F)cc1F)N1CCN(C/C=C/c2ccccc2)CC1,0
COC(=O)CC1=C(C(=O)OC)C(c2ccc3c(c2Cl)OCO3)C(C#N)=C(N)O1,0
O=C1C2C(C(=O)N1Cc1cccnc1)C1C=CC2C12CC2,0
COc1ccc(N(CC(=O)Nc2ccc(OC)c(Cl)c2)S(=O)(=O)c2c(C)noc2C)cc1,0
CN(C)S(=O)(=O)N1CCN(c2ccc(Cl)cc2)CC1,0
COC(=O)c1[nH]c2c(c1C)C(=O)CC(c1cc(OC)ccc1OC)C2,0
CCN(Cc1ccccc1)S(=O)(=O)c1ccc(C(=O)Nc2nnc(C3CC3)o2)cc1,0
Cc1ccc(-c2nc(CSCC(=O)N3CCCC3)c(C)o2)cc1,0
CC(C)OCCCNc1ncc2c(n1)CC(c1ccc(N(C)C)cc1)CC2=O,0
CCOc1ccc(OCC)c(NC(=O)CSCC(=O)O)c1,0
CCC(C)(C)NC(=O)C(c1ccncc1)N(Cc1cccs1)C(=O)Cn1nnc2ccccc21,0
O=C(c1ccc(-n2cnnn2)cc1)N1CCOCC1,0
CC(=O)Nc1ccc(S(=O)(=O)N2CCSC2c2ccccc2Cl)cc1,0
COc1ccccc1NC(=O)COc1ccc(CO)cc1Cl,0
O=C(CCn1nnc2ccccc21)Nc1nnc(Cc2ccccc2)s1,0
Cc1ccc(C)n1-c1cc(S(=O)(=O)N2CCOCC2)ccc1N1CCCC1,0
CC1Cc2nc(SCC(N)=O)n(C)c(=O)c2S1,0
CS(=O)(=O)N1CCC(C(=O)NCc2ccco2)CC1,0
Cc1cc(C)n(-c2nc3c(c(=O)[nH]c(=O)n3C)n2CCc2ccccc2)n1,0
O=C(CN(c1ccc(F)cc1)S(=O)(=O)c1ccc2c(c1)OCCO2)N1CCOCC1,0
CNC(=O)CN(C1CCCCC1)S(=O)(=O)c1ccc(OC)c(Cl)c1,0
O=C(Cc1cccs1)N1CCC2(CC1)OCCO2,0
CCSc1ccccc1C(=O)NCc1ccc2c(c1)OCO2,0
CC(C)Nc1nc(NC(C)C)nc(N(C)C#N)n1,0
COC(=O)c1cc2c([nH]c3ccccc32)c(C)n1,0
Cc1nnc2c(NC(C)C)nc3ccccc3n12,0
Cc1cc(=O)nc(N2CCN(Cc3ccccc3)CC2)[nH]1,0
CCOC(=O)CC1=NS(=O)(=O)c2ccccc2N1,0
CCN(CC)c1ccc(C(=O)OCC(=O)N2CCN(c3ccccc3)CC2)cc1,0
COc1ccccc1C(=O)N1CCN(c2cccc(C(F)(F)F)c2)CC1,0
O=C(CSc1nc(O)cc(=O)[nH]1)C1CC1,0
COc1cc(OC)cc(-c2nnc(SCC(=O)N3CCOCC3)o2)c1,0
O=C1CC(c2cccs2)Cc2nc(NCC3CCCO3)ncc21,0
O=C(COc1ccccc1Cl)NCc1ccncc1,0
COc1ccccc1NC(=O)Nc1ccnn1Cc1cccs1,0
Cc1nc2ccccc2n1CC(=O)NCc1ccccc1,0
COC(=O)c1cc(NC2c3ccccc3C(=O)N2c2ccc(Cl)cn2)cc(C(=O)OC)c1,0
COc1ccc(CCNS(=O)(=O)c2ccc(C(=O)NCc3ccco3)cc2)cc1OC,0
Cc1cccc(-c2nc(CS(=O)CC(=O)N3CCc4ccccc4C3)c(C)o2)c1,0
CCOCC(O)CS(=O)(=O)c1ccccn1,0
O=c1cc(Cn2nnc(-c3ccc(Cl)cc3)n2)nc2sccn12,0
CCN(CC)S(=O)(=O)c1cccc(C(=O)Nc2ccccc2)c1,0
Oc1ccc(CNc2ccc(F)cc2)c2cccnc12,0
Nc1nc(N)nc(-c2ccccn2)n1,0
O=C(c1coc(=O)c2ccccc12)N1CCN(Cc2ccccc2)CC1,0
O=C(NCC1CCCO1)c1coc2nc3ccccc3nc12,0
COc1ccc(NC(=O)Nc2ccccc2C)c(OC)c1,0
Cc1noc(C)c1C(=O)Nc1ccccn1,0
COc1ccc(OC)c(N(CC(=O)Nc2ccc3c(c2)OCCO3)S(C)(=O)=O)c1,0
Cn1c(=O)cc(OCCCC(=O)NCCN2CCN(c3ccccc3F)CC2)c2ccccc21,0
Cc1ccc(C(=O)CSc2nc(=O)cc(N)[nH]2)cc1,0
COc1cc(NC(=O)C2CCCCC2)c(OC)cc1NC(=O)c1ccco1,0
O=C(NCCOC(=O)c1ccncc1)c1ccccc1,0
CC1(C)CC(=O)C(=CNCCc2ccccn2)C(=O)C1,0
Cc1cc(C)cc(NC(=O)N2CCC(NC(=O)c3ccc(F)cc3)CC2)c1,0
COc1ccc(Nc2nc(C)c3ccccc3n2)cc1,0
Cc1ccc(Nc2cc(-n3nc(C)cc3C)ncn2)c(C)c1,0
c1ccc(OCCCn2nnc(-c3ccc(N4CCOCC4)cc3)n2)cc1,0
O=C(NCCCn1ccnc1)c1cc2c(s1)CCCCC2,0
Cc1cccc(-n2nnc(C(=O)NC3CCCc4ccccc43)c2N)c1,0
COc1ccc(Cl)c(NC(=O)Cn2nnc(-c3ccccc3N)n2)c1,0
O=C(NC(O)C(=O)c1ccccc1)c1cccs1,0
CCOc1cc(C(=O)Nc2ccc(N3CCN(S(C)(=O)=O)CC3)cc2)cc(OCC)c1OCC,0
O=C(O)CCCNS(=O)(=O)c1cccs1,0
O=C1COc2cccnc2N1,0
Cc1cccc2cc(C#N)c(NCCNS(=O)(=O)c3ccc4c(c3)OCCO4)nc12,0
Cc1ccccc1Nc1nc(N)nc(CSCc2c(C)noc2C)n1,0
CCOC(=O)c1[nH]c(C)c(C(=O)N2CCN(c3cccc(Cl)c3)CC2)c1C,0
CCCC(=O)Nc1ccc(N2CCN(C(=O)CCC)CC2)cc1,0
C=CCNC(=O)c1ccccc1NC(=O)c1cccc(C)c1,0
Cc1cccc(NC(=O)CN(C)S(=O)(=O)c2cccc3nsnc23)c1C,0
Cc1ccc(S(=O)(=O)N(C)CC(=O)N2CCc3ccccc32)cc1,0
CC(C)CCn1c(SCCN2CCOCC2)nc2c1c(=O)[nH]c(=O)n2C,0
O=C(c1cccs1)N1CCN(Cc2ccc3c(c2)OCO3)CC1,0
Cc1ccc(-n2c(=O)[nH]c3c(C(N)=O)nc(CC(C)C)nc32)cc1,0
CCCn1c(C2CC(=O)N(c3cc(OC)ccc3OC)C2)nc2ccccc21,0
CC(C)CCn1c(SCc2ccc(Cl)cc2)nc2c1c(=O)[nH]c(=O)n2C,0
CCn1c(COc2ccccc2)nnc1SCC(=O)NC1CCCCC1,0
O=C(c1ccc(-c2ccccc2)cc1)N1CCN(c2ncccn2)CC1,0
CSc1ccccc1NC(=O)c1cccnc1,0
COc1ccc(-n2c(SCCC(=O)O)nnc2-c2ccncc2)cc1,0
Oc1ccc2nc(Cc3ccccc3)[nH]c2c1,0
O=c1[nH]c(=O)n(CCO)c2nnn(Cc3ccccc3)c12,0
CCOCCn1c(CN2CCN(CC)CC2)nc2c1c(=O)n(C)c(=O)n2C,0
Cc1cc(NC(=O)CSc2n[nH]c(CC(C)C)n2)no1,0
Cc1oc(-c2ccccc2F)nc1CS(=O)(=O)CC(=O)N1CCCCCC1,0
COCCNC(=O)c1cc2c(-c3ccc(Cl)cc3)nn(C)c2s1,0
O=CN(Cc1ccco1)C1(C(=O)NC2CCCCC2)CCCCC1,0
O=C(CCCSc1nc2sc3c(c2c(=O)[nH]1)CCC3)NCCO,0
Cc1nnc(NC(=O)CSc2nnc(-c3ccoc3C)n2CC(C)C)s1,0
CCS(=O)(=O)NCCCCc1ccccc1,0
Cc1cc(OCCOCCN(C)CCO)cc(C)c1Cl,0
CN1C(=O)C2(C(C#N)=C(N)Oc3c2oc(CO)cc3=O)c2ccccc21,0
C#CCOc1ccc2c(C)cc(=O)oc2c1,0
CCS(=O)(=O)NCCc1csc(C)n1,0
CC(=O)N1CCC(N2CCN(c3ccccc3F)CC2)CC1,0
COC(=O)NCC(C)OC(=O)Nc1cccc(Cl)c1,0
CCOC(=O)CSc1nnc(-c2ccncc2)o1,0
CCN(CC)C(=O)CN(C)S(=O)(=O)c1cccc2nsnc12,0
CC(=O)Nc1ccc(SCC(=O)c2cc(C)n(Cc3cccs3)c2C)cc1,0
Cc1ccc(C)c(NC(=O)C2CC(O)CN2C(=O)OC(C)(C)C)c1,0
Cc1n[nH]c(SCC(=O)NC(C)c2ccccc2)nc1=O,0
Cc1onc(-c2c(F)cccc2Cl)c1C(=O)NCc1ccco1,0
COc1ccc(CCC(=O)NC2=NCCS2)cc1OC,0
Cn1c(COc2ccc(Cl)cc2)nnc1SCC(=O)NC1CCCCC1,0
CC(=O)C1=C(N)CCC1=O,0
Cc1nc2sc(C(c3ccc(Cl)cc3)N3CCN(C(=O)c4ccco4)CC3)c(O)n2n1,0
Oc1c(C(c2ccccc2)N2CCCCC2)sc2ncnn12,0
Cc1ccc(C(C)C)c(OCc2nnc(SCC(=O)Nc3nccs3)n2C)c1,0
O=C(Nc1ccccn1)NC12CC3CC(CC(C3)C1)C2,0
CC/N=C1\SC(CC(=O)Nc2sc(C)c(C)c2C(=O)OC)C(=O)N1CC,0
CCc1c(C(=O)Nc2nnc(C3CC3)s2)csc1C,0
Cc1cc(C)nc(Nc2ccc(N3CCCC3)cc2)n1,0
CCC(=O)Nc1c(C)ccc2nsnc12,0
Cc1csc(NC(=O)Nc2cccc(Cl)c2)n1,0
Cn1c(-c2ccc(F)cc2)cnc1NCc1ccccc1,0
Cc1nc(CN2CCC/C2=N\C#N)n(-c2ccccc2)n1,0
O=C(CN1CCCCC1)N1CCN(C(=O)CN2CCCCC2)CC1,0
CC(C)C(OC(=O)c1cccs1)C(=O)NCc1cccs1,0
CCOC(=O)CSc1nc2ccccc2c(=O)n1CC1CCCO1,0
CC(=O)Nc1ccc(S(=O)(=O)c2ccc(N)cc2)cc1N,0
CCOC(=O)Nc1ccc2ncn(C)c(=O)c2c1,0
O=C(NCCc1ccccc1)c1ccncc1,0
c1ccc2c(c1)[nH]c1c(N3CCN(C4CCCCC4)CC3)ncnc12,0
CNC(=O)N(C)c1nnc(C(C)(C)C)s1,0
Cc1cccc(-n2ncc3c(N)ncnc32)c1,0
Cc1ccc(-n2c(=O)c(C#N)cc3c(=O)n4ccccc4nc32)cc1,0
CCN(CC)S(=O)(=O)c1ccc(-c2nnc(SCc3nnc(-c4ccccc4)o3)o2)cc1,0
COCCNC(=O)C1CC(=O)N(C2CCCCC2)C1,0
C#CCNc1nc(C)nc2c1nnn2Cc1ccccc1F,0
CC(=O)c1ccc(Oc2cc(C)nc(-n3nc(C)cc3C)n2)cc1,0
CCOCCCn1cnc2c(c1=O)c1nc3ccccc3nc1n2-c1ccccc1,0
O=C1NCCN1C(=O)c1ccccc1F,0
CCc1nnc(NC(=O)CCC(=O)N2CCN(CCc3ccccc3)CC2)s1,0
CC1CC(C)CN(C(=O)CSc2nnc(-c3ccc(F)cc3)o2)C1,0
CCOC(=O)CSc1nnc(Cn2nnc(-c3ccccc3)n2)n1C,0
COc1ccc(NS(=O)(=O)c2ccc(OCC(=O)N3CCCC3)cc2)cc1,0
COc1cccc(C(=O)Nc2cccc(OC(C)=O)c2)c1,0
CC(=O)Nc1c(C(=O)O)oc2ccc(Cl)cc12,0
CCOc1ccc(Nc2nc(Cc3nnc(SCC(=O)NCc4ccco4)n3CC)cs2)cc1,0
COc1ccccc1OCCNC(=O)c1ccccc1C,0
Cn1c(SCC(=O)Nc2cccc(O)c2)nnc1-c1ccc(S(=O)(=O)N2CCOCC2)cc1,0
Cc1cc(NC(=O)C2CC(c3ccc(F)cc3)=NO2)n(-c2ccccc2)n1,0
O=C(Nc1ccccc1N1CCN(C(=O)c2ccccc2)CC1)c1ccc2c(c1)OCO2,0
O=C(Nc1ccccc1C(=O)OCc1nnc(-c2ccccc2)o1)c1ccco1,0
COC(=O)C1=C/C(=C2/C=Nc3ccccc32)NN1,0
Cc1cc(C)n(-c2nc(NCC(C)O)c3c4c(sc3n2)CCCC4)n1,0
CCOC(=O)N1CCN(C(=O)CSc2ccc(Cl)cc2)CC1,0
O=C(CSc1ncccn1)NCc1ccccc1,0
Cc1n[nH]c(C)c1S(=O)(=O)N1CCOCC1,0
Cc1c(Cl)cccc1-n1nnnc1-c1cccs1,0
O=C(NCc1ccccc1)C1CCCN(C(=O)Nc2ccccc2)C1,0
COCCCNc1nc2c(c(=O)[nH]c(=O)n2C)n1CCCc1ccccc1,0
Fc1cccc(CSc2nc3ccncc3[nH]2)c1,0
O=C(CN1C(=O)c2cccc3cccc1c23)N1CCc2ccccc2C1,0
CCCC(=O)Nc1nnc(CC(=O)N2CCCC2)s1,0
COc1ccc(S(=O)(=O)Cc2ccc(C(=O)NCCCN(C)c3ccccc3)o2)cc1,0
CC1=CC2=c3cc(C)cc(C)c3=NC(c3ccc4c(c3)OCO4)N2N1,0
N#Cc1nc(-c2ccc(OCc3ccccc3)cc2)oc1NCc1cccnc1,0
O=C(COC(=O)c1n[nH]c2ccccc12)NC(=O)NCc1ccco1,0
CC(=O)Nc1ccc(S(=O)(=O)N2CCN(Cc3ccncc3)CC2)cc1,0
COc1ccc(CNC(=O)c2cnc(C)cn2)c(OC)c1,0
Cc1cccc(C2CC(c3ccccc3)N=C3N=CNN32)c1,0
CCCc1cc(Nc2cccc(OC)c2)n2ncnc2n1,0
CCN1CCN(C(=O)C2CCN(C(=O)c3cc4sccc4n3CC)CC2)CC1,0
Cc1cc(C)n(-c2nc3ccccc3c(=O)n2OCCOc2ccccc2)n1,0
O=C(Nc1nc2ccccc2[nH]1)c1ccc(F)cc1,0
Cc1cccc2c1nc(-c1ccccc1)n1cnnc21,0
CC1(C)NC(=O)N(CC(O)CN2CCOCC2)C1=O,0
O=C(CSc1nc2ccccc2o1)Nc1ccccc1,0
Cc1ccccc1Cn1c(=O)n(Cc2ccco2)c(=O)c2ccccc21,0
CCOc1ccccc1NC(=O)Nc1cc(OC)ccc1OC,0
CC(C)c1nnc(NC(=O)CCC(=O)NCc2ccc3c(c2)OCO3)s1,0
Cn1c(=O)c2c(ncn2CCCc2ccccc2)n(C)c1=O,0
CC(=O)Oc1cc2c(C(=O)NCc3ccncc3)c(C)oc2c2ccccc12,0
O=c1nc(C2CCCN(S(=O)(=O)c3ccc(F)cc3)C2)nc2n(Cc3ccccc3)[nH]nc1-2,0
Cc1csc(SCC(=O)Nc2cc(C(C)(C)C)nn2-c2ccccc2)n1,0
CCOc1ccc(-c2nnc(-c3cccs3)o2)cc1OCC,0
COCCCNC(=O)C1CC(=O)N(Cc2ccc(OC)cc2)C1,0
CCOC(=O)CC(=O)CSc1ncnc2c1cnn2-c1ccccc1,0
CC(C)CC(NC(=O)NCc1ccc(Cl)cc1)C(=O)O,0
Cc1ccc(S(=O)(=O)Nc2ccc(NC(=O)CN3CCCCC3)cc2)cc1,0
O=C(CSc1nc(=O)c2ccccc2[nH]1)N1CCCCCC1,0
CCOC(=O)Nc1ccccc1N1C(=O)c2ccccc2C1=O,0
COc1ccc(NC(=O)N(C2CCCCC2)C(C)c2ccco2)c(OC)c1,0
COc1ccc(CNCC(O)COCc2cccs2)cc1,0
COc1cccc(C(=O)/C=C/Nc2cc(C)ccc2O)c1,0
COC(=O)CCN(C(C)=O)c1ccc(N)cc1,0
Cc1sc(NC(=O)C2CCCO2)c(C#N)c1C,0
CCCCNC(=O)Nc1cnn(CC)c1C(N)=O,0
CCOC(=O)C1CCN(C(=O)CCc2nc3ccccc3[nH]2)CC1,0
COc1ccc(-n2c(Cc3cc(=O)[nH]c(=O)[nH]3)nnc2SCC(=O)N2CCC(C)CC2)cc1,0
COc1cccc(Cn2c(-c3nonc3N)nc3ccccc32)c1,0
COC(=O)c1c(NC(=O)COC(=O)Cn2cnc3ccccc32)sc(C)c1C,0
Cc1n[nH]c(C)c1S(=O)(=O)Nc1ccc2c(c1)OCCO2,0
CCOC(=O)c1c(N)nn(C(=O)CC)c1-c1ccccc1,0
Cc1ccc(-c2nnc(SCC(=O)N3CCCC3)o2)cc1,0
CC(C)NC(=O)CCNC(=O)c1ccc(F)cc1,0
CCC1C2CN(C(C)=O)CC=C2C(C#N)=C(N)C1(C#N)C#N,0
CCOC(=O)C1CCCN(Cc2ccccc2F)C1,0
Cc1nc2nc(-c3cccnc3)[nH]n2c(=O)c1Cc1ccccc1,0
C=CCn1nnnc1SCC(=O)Nc1ccccc1C(=O)OC,0
O=C(Cn1cnc2c(cnn2-c2ccccc2)c1=O)NCc1ccccc1,0
CCOC(=O)c1c(C2CCN(C(=O)OCC)CC2)nc2ccccn12,0
CCn1nnc(-c2ccccc2NC(=O)c2cc(OC)c(OC)c(OC)c2)n1,0
COC(=O)c1ccccc1NC(=O)c1cc2sccc2n1C,0
Cc1ccc(SCC(=O)N2CCOCC2)cc1,0
O=C(CSc1nnnn1Cc1ccccc1)NCC(=O)c1ccccc1,0
O=c1cc(NCC2CCCO2)[nH]c(=O)n1-c1ccc(Cl)cc1,0
N#Cc1c(N)[nH]c(=S)c(C#N)c1-c1ccccc1,0
CC(C)NC(=O)c1ccc2c(=O)n(C3CCCC3)c(=S)[nH]c2c1,0
CCOC(=O)c1cnc(Nc2nc3ccccc3o2)nc1CSc1nnc(C)s1,0
COc1ccc2c(-c3cccnc3)cc(=O)[nH]c2c1,0
CC(=C1C(=O)c2ccccc2C1=O)N1CCN(Cc2ccccc2)CC1,0
CN(C)c1cccc2c(S(=O)(=O)N3CCOCC3)cccc12,0
O=C(CSc1nnc(-c2ccccc2Cl)o1)N1CCCCC1,0
CN(C(=O)NC(=O)C1=C(N2CCOCC2)/C(=C/c2ccccc2)CC1)S(C)(=O)=O,0
Cn1c(C(=O)N2CCCC2)cc2c(=O)n(C)c3ccccc3c21,0
CCOC(=O)CN1CC23C=CC(O2)C(C(=O)NC2CCCCCC2)C3C1=O,0
Cc1nc(N2C(=O)C(=O)/C(=C(/O)c3ccccc3)C2c2ccco2)sc1C,0
CCOc1ccc2nc(SC(C)C(N)=O)[nH]c2c1,0
COc1ccc(NCc2cc3ccccc3[nH]c2=O)cc1,0
CC(C)=CCCC(C)NC(=O)NC1CCCCC1,0
CCCc1cc(=O)nc(SCC)[nH]1,0
Nc1c(C(=O)NCc2ccco2)c2nc3ccccc3nc2n1CCN1CCCCC1,0
COc1ccc(S(=O)(=O)Nc2cc(C)c(O)cc2C(C)C)cc1,0
c1ccc(OCCSc2nc3ccccc3o2)cc1,0
CCCSc1nc(=O)c(CC)c(O)n1C(C)CC,0
CCCc1cc(=O)n2[nH]cnc2n1,0
Cc1ccccc1OCC(=O)Nc1ccccc1N1CCOCC1,0
O=C(NCc1ccccn1)c1cccs1,0
CC(C)CNC(=O)CSc1nnc(CN2CCCCCC2=O)n1-c1ccccn1,0
CC1CCN(S(=O)(=O)c2ccc(NC(=O)CSc3nnnn3C)cc2)CC1,0
COc1cccc(-c2nc(CS(=O)(=O)CC(=O)N3CCN(C)CC3)c(C)o2)c1,0
COc1ccc2[nH]c3ccc(OC)cc3c2c1,0
CCOc1ccccc1C(=O)N(CCC(=O)OC)c1ccccn1,0
CN(C)C(=O)CSc1nnc(C23CC4CC(CC(C4)C2)C3)o1,0
COc1ccc(NC(=O)c2ccc3c(c2)C(=O)N(Cc2cccnc2)C3=O)c(OC)c1,0
Cc1c(C(=O)NCc2ccccc2)oc2ccc(S(=O)(=O)N3CCCC3)cc12,0
COc1ccc(-c2nc(C#N)c(N3CCCCCC3)o2)cc1,0
N#CCCSc1nc(N2CCOCC2)c2c(c1C#N)CCCC2,0
C=CCn1c(COc2ccccc2)nnc1SCC(=O)Nc1ccc2c(c1)OCCO2,0
c1cnn(-c2nc(N3CCOCC3)nc(N3CCOCC3)n2)c1,0
O=C(Cn1cc2c(n1)CCCCC2)NC1CCN(Cc2ccccc2)CC1,0
COc1cccc(OCC(=O)NC2CCCCC2)c1,0
NS(=O)(=O)c1ccc(NS(=O)(=O)/C=C/c2ccccc2)cc1,0
CCOC(=O)N1CCC(NC(=O)CCc2c(C)nc3c(c(C)nn3C(C)(C)C)c2C)CC1,0
O=c1nc(SCc2n[nH]c(=S)n2-c2ccccc2)[nH]c2ccccc12,0
Cn1c(=O)n(CCOc2ccccc2Cl)c2ccccc21,0
O=C(O)CSc1nnc(CNc2ccc(Cl)cc2)n1Cc1ccccc1,0
O=S(=O)(NCc1cccnc1)c1cccc2cccnc12,0
Cc1cccc(-n2c(N)cc(=O)nc2SCC(=O)Nc2cc(C)on2)c1,0
COc1ccc(CC2S/C(=C(\C#N)C(=O)NCc3ccco3)N(c3ccc(C)cc3)C2=O)cc1,0
NC(=O)CSc1nnc(-c2ccc(S(=O)(=O)N3CCOCC3)cc2)n1Cc1ccccc1,0
Cc1cccc2sc(NC(=O)C3CCCO3)nc12,0
Cc1oc(-c2ccccc2F)nc1CS(=O)(=O)CC(=O)NCCCN(C)C1CCCCC1,0
COc1ccccc1NS(=O)(=O)c1[nH]c(=O)[nH]c(=O)c1C,0
CC(=O)Nc1cnc2ccccc2n1,0
O=C(COn1nnc2ccccc21)NCC1CCCCC1,0
Cc1nc2nc(-c3ccccc3)nn2c(C)c1Cl,0
CCCCCn1c(SCC(=O)OC)nc2c1c(=O)[nH]c(=O)n2C,0
COc1ccc(Cc2nnc3n2N=C(c2cc4ccccc4o2)CS3)cc1OC,0
O=C(NCCc1c[nH]c2ccccc12)C(F)(F)C(F)F,0
c1cncc(-c2nn3cnnc3s2)c1,0
COc1cc(-c2c(C#N)c(N)nc3c2c(C)nn3-c2ccc(C)c(C)c2)cc(OC)c1OC,0
Cc1cc(C)n(-c2cccc(Cl)c2)c(=O)c1C#N,0
CCCc1cc(=O)nc(N/C(=N\C(=O)c2ccccc2)Nc2ccc3c(c2)OCCO3)[nH]1,0
c1ccc(-c2nn3c(C4CCCCC4)nnc3s2)nc1,0
O=C(C(c1ccccc1)c1ccccc1)N1CCOCC1,0
CCCC(C)C1C(C#N)=C(N)Oc2c1c(=O)oc1ccccc21,0
Cc1c(C(=O)N2CCOCC2)[nH]c2c1C(=O)CC(c1ccccc1Cl)C2,0
Cc1nc2ncnn2c(C)c1CCC(=O)NCCC1=CCCCC1,0
COc1ccc2nc(NC(=O)CCn3cccc3)sc2c1,0
CCc1n[nH]c(=O)c2cc3occc3n12,0
CC1CCCCC1NC(=O)CSc1nncs1,0
COc1ccccc1N1CC(C(=O)Nc2cccc(C(=O)O)c2)CC1=O,0
CCN(CC)C(=O)C1CCCN(Cc2ccccc2F)C1,0
O=S(=O)(NC1CCCC1)c1ccccc1Cl,0
Cc1ccc2c(c1)[nH]c1c(=O)n(CCN3CCNCC3)cnc12,0
CN(c1nnc(N)s1)C1CCCCC1,0
CCCN1CCN(CCCNC(=O)C2CCCN(c3nc4ccc(OCC)cc4s3)C2)CC1,0
O=C(Cc1cccs1)NCc1ccncc1,0
Cc1ccc(-c2csc3ncn(-n4c(C)ccc4C)c(=O)c23)o1,0
CCC1(C)Cc2c(sc(NC(=O)CCC(=O)O)c2C#N)CO1,0
Cc1ccc(C(=O)Nc2cc(=O)n(C)c(=O)n2C)cc1C,0
COC(=O)c1c(-c2cccnc2)csc1NC(=O)c1cc(C)on1,0
COC(=O)c1ccc(CSc2nnnn2-c2ccc(C)cc2C)o1,0
Cc1ccc(NC(=O)COC(=O)CN2CSCC2=O)cc1C,0
CC(C)c1nc2n[nH]c(N)c2c2c1CCCC2,0
CC1CCCN(C(=O)C2CCN(S(=O)(=O)c3cccc4cccnc34)CC2)C1,0
CCOc1ccc(OCc2ccc(C(=O)Nc3ccc(Cl)cn3)o2)cc1,0
N#Cc1nc(-c2ccccc2F)oc1N1CCCC1,0
O=C(CN1C(=O)CCC1=O)Nc1ccc2c3c(cccc13)CC2,0
CC(C)C(c1nnnn1Cc1cccs1)N1CCN(C2CCCC2)CC1,0
CC(C(=O)NCc1ccc2c(c1)OCO2)N(c1ccccc1)S(C)(=O)=O,0
CCCCCCN1C(=O)C(O)=C(C(C)=O)C1c1ccc(Cl)cc1,0
COC(=O)C1=C(C)N(CCc2ccc(OC)cc2)C(=O)C1,0
O=C(Nc1ccc2c(c1)OCO2)c1ccc(CN2CCOCC2)cc1,0
CCOC(=O)c1oc2ccccc2c1NC(=O)C1CCCCC1,0
CCC(=O)Nc1nn(C)c2nc3c(C)cccc3cc12,0
CCCC(=O)Nc1ccccc1NC(=O)CN(C)S(=O)(=O)c1ccccc1,0
N#CC(C(=O)Nc1cccc(Cl)c1)=C1Nc2ccccc2N1,0
COC(=O)C1=C(N)Oc2cc(C)oc(=O)c2C1c1cccnc1,0
O=C(NC1CCCC1)c1ccc(COCC(F)(F)F)o1,0
Nn1c(SCC(=O)Nc2ccc(F)cc2)nnc1-c1cccnc1,0
COc1ccc(C(NC(N)=O)c2ccccc2)cc1,0
COCc1cc(=O)nc(Nc2nc3ccc(C)cc3o2)[nH]1,0
Cn1c(C(=O)NCCCN2CCCCC2)cc2sccc21,0
CSC1=NCCN1C(=O)c1ccc2c(c1)OCO2,0
CCc1cc2c(NC(C)C(=O)O)ncnc2s1,0
CCCc1cc(C(=O)Nc2ccccc2C(=O)OC)no1,0
CCN1CCCC1CN/C(O)=C1/C(=O)NC2=C(CCCC2)C1=O,0
COc1ccc2nc(N3CCCC(O)C3)c(C#N)cc2c1,0
O=C(c1cc2ccccc2oc1=O)N1CCN(Cc2ccc3c(c2)OCO3)CC1,0
COc1ccc(OC)c(NC(=O)CN2C(=O)C3(OCCCO3)c3ccccc32)c1,0
N#CC1=C(SCC(N)=O)NC(=O)CC1c1ccccc1Cl,0
CCOC(=O)CCC(=O)OCC(=O)NC(C)C1CC2CCC1C2,0
c1ccc(-c2nnc3sc(-c4csc5c4CCCC5)nn23)cc1,0
Cc1cc(NS(=O)(=O)c2ccc(NC(=O)NC3CCCCC3)cc2)no1,0
CC(C)CCNC(=O)C(C)N(Cc1ccc(F)cc1)C(=O)c1ccc(CN2CCCCC2)o1,0
Cn1c(CN2CCCCC2)nc2cc(NC(=O)c3ccc(F)cc3)ccc21,0
CCn1c(N)c(C(=O)NCc2ccco2)sc1=S,0
Oc1c(C(c2ccccc2)N2CCc3ccccc3C2)sc2ncnn12,0
COc1ccc(C(=O)CSc2nnc(C3CCCCC3)n2N)c(OC)c1,0
CC(=O)NCCc1nc2ccccc2[nH]1,0
COc1ccccc1NC(=O)CN1CCN(Cc2ccccc2)CC1,0
Cc1cc(C)c(NC(=O)C2CCCN2CCO)c(C)c1,0
O=C(CCCOc1ccccc1)n1nnc2ccccc21,0
CCCCn1c(NC(=O)CC)c(C#N)c2nc3ccccc3nc21,0
O=C(c1cc2cc(Cl)ccc2oc1=O)N1CCOCC1,0
COc1cccc(C2/C(=C(\O)c3ccc4c(c3)OCCO4)C(=O)C(=O)N2CCCN(C)C)c1OC,0
C=CCN1C(=O)C(CC(=O)O)S/C1=N\c1c(C)n(C)n(-c2ccccc2)c1=O,0
CCOc1ccc2nc(NCCNS(=O)(=O)c3ccccc3)c(C#N)cc2c1,0
c1ccc2[nH]c(-c3cscn3)nc2c1,0
Cc1ccc(C(C)C)cc1S(=O)(=O)NCc1cccnc1,0
C=CCn1c(SCC(=O)Nc2c(C)nn(Cc3ccccc3)c2C)nnc1C(O)c1ccccc1,0
Cc1ccc(Nc2cc(C)nc3nnnn23)cc1,0
CC(NC(=O)COc1ccccc1)C(=O)NC1=NCCS1,0
COc1ccc2c(c1)C(C)=CC(C)(C)N2C(=O)CSc1nnc(-c2ccc(C)cc2)o1,0
O=C(CC1Nc2ccccc2NC1=O)Nc1ccccc1,0
NC(=O)NC1CCCc2c1[nH]c1ccc(Cl)cc21,0
Cc1ccc(S(=O)(=O)N2Cc3ccccc3CC2C(=O)Nn2cnnc2)cc1,0
O=C(CSc1nnc(Cc2cc(=O)[nH]c(=O)[nH]2)n1-c1ccc(Cl)cc1)NC1CCCC1,0
COc1ccc(NC(=O)CN2CCN(S(=O)(=O)c3ccc(Cl)cc3)CC2)cc1,0
CCOc1ccc(-n2cc(C(=O)N3CCC(C)CC3)c3cc(OC)c(OC)cc3c2=O)cc1,0
Nc1ncnc2c1ncn2CCNCCc1ccccc1,0
O=[n+]1cc(-c2ccc(F)cc2)n([O-])c2c1CCC2,0
CC(C)CNC(=O)c1cccc(C(=O)NCC(C)C)c1,0
N#CCCN1CCN(C(=S)c2ccc(-c3ccc(Cl)cc3)o2)CC1,0
Cc1cccc(N2CCN(C(=O)Cn3ccc4ccccc4c3=O)CC2)c1C,0
CCCCCN(C(=O)NC(=O)Nc1ccccc1C)S(C)(=O)=O,0
CCc1[nH]nc2c1C1(CCOC1C)C(C#N)=C(N)O2,0
O=C(c1ccccc1F)N1CCC(O)(c2cccnc2)CC1,0
CC/C(NCc1ccccc1)=C1/C(=O)CC(C)(C)C(C(=O)OC)C1=O,0
Cc1cccc(C)c1NC(=O)C(c1cccs1)N(Cc1ccco1)C(=O)Cn1nnc2ccccc21,0
CCN1CCN(C(=O)C2=C(C(=O)O)CCCC2)CC1,0
O=C1c2ccccc2C(=O)N1CCCSc1nc2ccccc2o1,0
CC(=O)Nc1cccc(NC(=O)C2CC3CCC2C3)c1,0
CCOC(=O)C(Cc1ccccc1)NC(=O)Cn1nnc(-c2ccccc2)n1,0
c1ccc2c(NC3=NCCS3)cccc2c1,0
O=C(CN1C(=O)c2ccccc2C1=O)OCN1C(=O)c2ccccc2C1=O,0
Cc1noc(NS(=O)(=O)c2ccc(NC(=O)C34CCC(CC3)C4)cc2)c1C,0
O=C(NCc1cn2ccccc2n1)c1ccccc1,0
C/N=c1\oc2ccc(Cl)cc2cc1C(N)=O,0
Nc1nc(NCc2cccs2)nn1-c1ccccc1,0
Cc1ccc2nc(SCC(=O)O)nc(C)c2c1,0
Cc1ccc(-c2nc3cc(N)ccc3o2)cc1,0
Cc1noc(/C=C/N(C)C)c1S(=O)(=O)N1CCCC(C(=O)NC(C)c2ccccc2)C1,0
Fc1ccccc1-c1nc(-c2ccccc2)no1,0
CC(NC(=O)CSc1n[nH]c(=O)n1C1CC1)C12CC3CC(CC(C3)C1)C2,0
CC1(C)Cc2ccccc2-c2nnnn21,0
O=S1(=O)CCC(NS(=O)(=O)c2cccc3cccnc23)C1,0
Cc1nn2c3ccccc3nc2n(Cc2ccccc2)c1=O,0
Cc1nnc(SCc2nnc(-c3ccc(Cl)cc3)o2)n1-c1ccccc1,0
C/C(CCc1c[nH]c2ccccc12)=N\O,0
COc1ccc(-c2ccc(-c3noc(-c4ccco4)n3)c(OC)n2)cc1,0
CC1=C(C(=O)OCc2ccc3c(c2)OCO3)C(c2ccc(Cl)cc2)NC(=O)N1,0
O=C1c2cccnc2C(O)N1Cc1ccco1,0
COc1nc(OC)nc(N2CCC(C(=O)NCC3CCCCC3)CC2)n1,0
O=S(=O)(/N=C(/c1ccccc1)N1CCOCC1)c1cccs1,0
O=C(COc1ccc(Cl)cc1)NCc1nnc(SCC(=O)NCc2ccc3c(c2)OCO3)o1,0
CCN(CC)S(=O)(=O)c1cccc(C(=O)N2CCCCC2)c1,0
CC(=O)Nc1cc(-c2ccccc2)ccc1O,0
CSc1nc(N)nc(SCC(=O)c2ccc(C)cc2)c1C#N,0
C=CCN1C(=O)NC(=O)/C(=C(/C)Nc2ccc(N(C)C)cc2)C1=O,0
Cc1nnc(SCC(=O)Nc2ccc(Cl)cn2)n1Cc1ccccc1,0
COc1ccc(C(=O)Nc2cccc(N(C)S(C)(=O)=O)c2)cc1OC,0
Cc1ccc(Cn2nnc3c(=O)n(Cc4cc(C)ccc4C)cnc32)cc1,0
c1nc2sc3c(c2c2nnnn12)CCC3,0
CCOc1nc(CC)nc(NC(=O)NS(=O)(=O)c2ccccc2Cl)n1,0
O=C(NCc1cccs1)c1cnn2cccnc12,0
CCN(CC)S(=O)(=O)c1ccc2nc(NC(=O)c3cccs3)sc2c1,0
CN(C=C1C(=O)CC(C)(C)CC1=O)CCN1CCNCC1,0
COc1cc(-c2nnc3sc(-c4cccs4)nn23)cc(OC)c1OC,0
CCN1C(=O)c2cccc3c(S(=O)(=O)Nc4ccccc4OC)ccc1c23,0
CCC(=O)Nc1ccccc1N1CCN(S(C)(=O)=O)CC1,0
CCOc1ccc(NC(=O)CCS(=O)(=O)c2ccc3c(c2)CCCN3C(C)=O)cc1,0
COc1cc(CN2CCN(c3cc(C)ccc3C)CC2)ccc1O,0
Nc1c(S(=O)(=O)c2cccs2)c2nc3ccccc3nc2n1/N=C/c1cccc(O)c1,0
Cn1ncc2c(NCc3ccccc3)ncnc21,0
Cc1cc2ccccc2n1CCNC(=O)C1CCCC1,0
O=C(Cc1ccccc1)Nc1nonc1NC(=O)c1ccccc1,0
COc1ccc(CCNC(=O)CSc2nc(O)c(CC(C)C)c(=O)[nH]2)cc1OC,0
CCOC(=O)N1CCN(C(=O)C(NS(=O)(=O)c2cccc3nsnc23)c2ccccc2)CC1,0
COc1ccccc1-n1c(-c2cccnc2)n[nH]c1=S,0
CCCN1CCC(NC(=O)CC#N)CC1,0
CC(=O)NCCc1ccc(S(=O)(=O)Nc2cccnc2)cc1,0
CC(=O)Nc1ccc(NC(=O)c2oc3cc(C)c(C)cc3c2C)cc1,0
CC1CCCN(C(=O)Cn2nnc(-c3cccnc3)n2)C1,0
Cc1cc(C)nc(NC(=O)Cc2cccs2)n1,0
c1cc(-c2noc(CCC3CCCC3)n2)ccn1,0
Cn1nc(C(=O)NCc2ccccc2)c2ccccc2c1=O,0
CCc1nc(N)c(C#N)c(-c2ccncc2)c1C,0
CN(Cc1nc2ccccc2n1C)C(=O)c1cccs1,0
NS(=O)(=O)c1ccc(NC(=O)CSc2ccccn2)cc1,0
O=C1c2ccccc2C(=O)N1CCCc1nc2ccccc2c(=O)n1CCCn1ccnc1,0
C=CCOc1ccc2c(c1)c(S(=O)(=O)c1ccc(C)cc1)cn2COC,0
Cc1ccc(N(C(=O)c2ccc3c(c2)OCO3)C2C=CS(=O)(=O)C2)cc1,0
C=CCn1c(N)cc(=O)nc1SCC(=O)Nc1ccccc1,0
O=C(NCCN1C(=O)CSC1=O)C1CC(=O)N(c2ccccc2)C1,0
CC(=O)Nc1cccc(NC(=O)CCn2cnc3cc(C)c(C)cc32)c1,0
COC(=O)c1cc(NC2c3ccccc3C(=O)N2CCN2CCOCC2)cc(C(=O)OC)c1,0
CC(C)OCCCN(Cc1ccccn1)C(=O)Nc1cccc(Cl)c1,0
O=C(Nc1ccccc1)N1CCN(Cc2ccc3c(c2)OCO3)CC1,0
CCCS(=O)(=O)N1CCC(C(=O)NCCCOC(C)C)CC1,0
CC(=O)N1CCc2cc(S(=O)(=O)NC(CC(C)C)C(=O)Nc3ccc4c(c3)OCCO4)ccc21,0
COc1ccc(OC)c(-c2nc3c(C)[nH][nH]c(=O)c-3n2)c1,0
CCCn1nnnc1NC(=O)CSc1ccc(Cl)cc1,0
Cn1c(=O)n(CC(=O)Nc2ccccc2)c2ccccc21,0
COc1ccc(CCNC(=O)CSc2nnc(Cc3csc(N)n3)n2C)cc1OC,0
COc1ccccc1Nc1nc(C)cs1,0
C=C(C)CSc1nc2c(c(=O)[nH]c(=O)n2C)n1CCC(C)C,0
O=C(Cc1coc2cc3c(cc12)CCC3)OCc1cc(=O)n2c(n1)sc1ccccc12,0
O=C(Oc1ccc(Cl)cc1N1C(=O)CCC1=O)c1ccco1,0
O=C(O)CCSc1nc2ccccc2n1CCOc1ccccc1,0
Cc1ccc(C2SCC(=O)N2Cc2cn3ccsc3n2)o1,0
CN(C)S(=O)(=O)N1CCN(CC(O)COc2ccc(C(=O)c3ccccc3)cc2)CC1,0
COc1ccccc1C1=NC2=NC(C)=C(C(=O)Nc3cccnc3)C(c3cccs3)N2N1,0
CCOC(=O)Cn1c(CN2CC(C)OC(C)C2)nc2c1c(=O)n(C)c(=O)n2C,0
C/C(NCC(C)(C)CN(C)C)=C(/C#N)C(=O)NCc1ccccc1,0
CCCCCC(=O)Nc1ccc(Cl)cn1,0
CC1CC(C)CN(S(=O)(=O)c2ccc(C(=O)NCCCn3ccnc3)cc2)C1,0
O=C(CCSCCC(=O)NCC1CCCO1)NCC1CCCO1,0
CNC(=O)c1ccccc1-c1ccccc1,0
CN(O)/C=c1/ccc2c(n1)C(=O)C=CC=2,0
COc1ccc(N2C(=O)CC(NCc3ccncc3)C2=O)cc1,0
Cc1ccsc1C1C(C(=O)O)c2ccccc2C(=O)N1C,0
COc1ccc(CN2CCN(c3cccc(C)c3C)CC2)cc1OC,0
Cc1nc(NCCO)c(C#N)c2c1COC(C)(C)C2,0
Cc1cc(SCC(=O)N2CCCCC2)nc(C)n1,0
COC(=O)c1cn(CC(=O)NCc2cccs2)c2ccccc12,0
CCC(NC(CC)CO)=C1C(=O)CC(C)(C)CC1=O,0
COc1ccc(C(=O)N(Cc2ccco2)Cc2cc3cc(C)ccc3[nH]c2=O)cc1OC,0
c1cnc(N2CCN(c3ncnc4c3oc3ccccc34)CC2)nc1,0
O=C(NCCc1ccc(Cl)cc1)c1ncn[nH]1,0
COCCN1CN=C(Nc2nc3ccccc3s2)NC1,0
Cc1ccc(C(C(=O)NCCc2ccccc2)N(C(=O)c2csnn2)C2CC2)o1,0
NS(=O)(=O)c1ccc(NC(=O)COC(=O)CSc2n[nH]c(-c3ccccc3)n2)cc1,0
CCc1c(C)c2ccc(OCC(N)=O)cc2oc1=O,0
COc1ccc(OC)c(NC(=O)c2cc3sccc3n2C)c1,0
CC(=O)NC(C)C(c1cccs1)N1CCN(c2ccccc2)CC1,0
Cc1cc(C)c2c3c(sc2n1)C1(CCSCC1)C(C#N)=C(N)O3,0
CCN(CC)CCN1C(=O)C(=O)/C(=C(/O)c2cccc(OC)c2)C1c1ccccn1,0
CCn1c(=O)cc(OCC(=O)O)c2ccccc21,0
Cc1ccc(S(=O)(=O)NC(C(=O)N2CCC(C(=O)N3CCCC3C(=O)O)CC2)C(C)C)cc1,0
COc1cc(C)c(S(=O)(=O)N2CCOCC2)cc1C(C)C,0
CCNc1nc2c(c(=O)[nH]c(=O)n2C)n1CC(C)C,0
Cc1ccc(C(N)=O)cc1S(=O)(=O)Nc1cccc(C)c1C,0
O=c1nc[nH]c2cc(-c3ccccc3)sc12,0
CC1CN=C(NC2CCCCC2C)S1,0
Cc1ccc(Cn2ccc(NC(=O)c3cc(-c4ccccc4)on3)n2)cc1,0
c1ccc(Nc2nc(-c3cccnc3)cs2)nc1,0
Cc1cccc(Nc2ncnc3nc[nH]c23)c1C,0
Nc1nc(N2CCOCC2)nc2ccccc12,0
CN(C)c1cccc(-c2nnc(SCCCC#N)o2)c1,0
COc1ccc(CN(CCCN2CCOCC2)C(=O)Nc2ccccc2)cc1OC,0
CC(=O)Oc1ccc(C(=O)Nc2nnc(C)s2)cc1,0
CCOCCCNC(=O)C1CCN(S(=O)(=O)N2CCCCC2)CC1,0
COc1cc(C2CC(=O)N3CN(c4ccccc4C)CSC3=C2C#N)cc(OC)c1OC,0
Cc1cc(NC2C3CC4CC(C3)CC2C4)n2nnnc2n1,0
CNc1cc(C)nc(-n2nc(C)cc2C)n1,0
Cc1ccc(Cn2c(NCCc3ccccc3)nc3c2c(=O)n(C)c(=O)n3C)cc1,0
COC(=O)c1ccccc1NC(=O)N1CCN(S(=O)(=O)c2ccc(Cl)cc2)CC1,0
CCCN1C(=O)C(NC(C)=O)c2cc(OC)ccc21,0
CCn1c(=O)cc(OCC(=O)Nc2ccc3c(c2)OCCO3)c2ccccc21,0
CC(C)CC1NC2(C(=O)N(C)c3ccccc32)C2C(=O)N(C(C)C)C(=O)C12,0
CCOC(=O)c1cc(C)n(CCc2cnc[nH]2)c1C,0
Cn1nnnc1SCC(=O)Nc1ccc(Oc2ccc(Cl)cc2)cc1,0
O=C(OCc1cc(=O)n2c(n1)sc1ccccc12)c1ccc2c(=O)n3c(nc2c1)CCC3,0
CCn1cc(S(=O)(=O)CC(=O)N2CCc3ccccc32)c2ccccc21,0
Nc1c(C(=O)NCCN2CCOCC2)c2nc3ccccc3nc2n1-c1ccc2c(c1)OCO2,0
Cc1ccc(S(=O)(=O)N2CCOCC2)cc1C(=O)NCc1cn2ccsc2n1,0
Cc1ccc(N2CCN(S(=O)(=O)N(C)C)CC2)cc1Cl,0
CCOC(=O)N1CCC(c2cc(=O)n3[nH]cc(C(=O)OC)c3n2)CC1,0
CCOc1ccc(NC(=O)CSc2nc3cccnc3n2CCOC)cc1,0
CC(=O)OC(C(=O)NCc1ccc2c(c1)OCO2)c1ccccc1Cl,0
O=C(CSc1nnc(-c2ccccn2)n1Cc1ccccc1)N1CCCC1,0
O=C(CN1C(=O)CCSc2ccccc21)Nc1ccccc1,0
O=c1c2[nH]c3ccccc3c2ncn1CCN1CCOCC1,0
CCCCCn1c(S(=O)(=O)O)nc2ccccc21,0
Cc1ccsc1CNn1cnnc1SCc1ccccc1F,0
Cc1cc(NC(=O)COC(=O)CCCOc2ccc(Cl)cc2C)no1,0
CCCCOC(=O)c1cccc(NC(=O)CC)c1,0
NC(=O)C1CCN(CC(=O)Nc2ccccn2)CC1,0
CCCC(=O)c1c(NC(C)C)cc(C)oc1=O,0
Cc1ccccc1-n1nnc2c(=O)oc3ccccc3c21,0
O=C(NCc1ccccc1)c1cc(-c2cccs2)on1,0
CCCCOc1ccc(NC(=O)C2CC=CCC2C(=O)O)cc1,0
CN(C)S(=O)(=O)c1ccc(NC(=O)c2ccccn2)cc1,0
O=C(C1CCCN(S(=O)(=O)c2cnc[nH]2)C1)N(CCc1ccccc1)Cc1ccccc1,0
CCc1nc(SCC(=O)c2cc(C)ccc2C)n[nH]1,0
Fc1ccc(OCc2nn3cnnc3s2)cc1,0
COc1cc2[nH]c(=O)n(-c3cccc(Cl)c3)c(=O)c2cc1OC,0
O=C(CSc1ncccn1)NCCc1ccccc1,0
O=C(CSc1ccc2nnc(-c3ccccn3)n2n1)N1CCN(c2ccccc2)CC1,0
CC(C)Oc1ccc(NC(=O)C2CCCNC2=O)cc1,0
CCc1c(C)nc2ncnn2c1NCCc1ccc(OC)c(OC)c1,0
Cc1ccc(OCC(=O)n2cnnc2N)c(C)c1,0
COc1ccc(NC(=O)C2CSC3c4ccccc4C(=O)N23)cc1,0
O=C1NCC2=C1C(c1ccccc1)Nc1ccccc1N2,0
COc1ccc(N2C(=O)CC(Cc3ccccc3)C2=O)cc1,0
CSCCC(NC(=O)c1occc1C)C(=O)O,0
CCN1C(=O)c2cccc3c(S(=O)(=O)Nc4ccc(OC)cc4OC)ccc1c23,0
Cc1ccc(S(=O)(=O)NCCn2c(C)cc3ccccc32)cc1,0
O=c1cc(-c2ccccc2)c2c([nH]1)CCCC2,0
CNc1nc(C)c(C#N)cc1C(C)=O,0
Cc1onc(-c2ccccc2Cl)c1C(=O)NC1CCS(=O)(=O)C1,0
CN(C)c1ccc(C(=O)c2ccc(N(C)C)c(N)c2)cc1N,0
Cc1ccc(S(=O)(=O)n2nc(OC(=O)c3ccco3)cc2N)cc1,0
O=C(Cn1cnc2ccccc2c1=O)c1c[nH]c2ccccc12,0
CCn1c(SCC(=O)Nc2ccc(S(=O)(=O)Nc3ccccn3)cc2)nnc1-c1ccncc1,0
O=S(=O)(Nc1nc2ccccc2nc1NCc1ccco1)c1cccs1,0
O=C(c1ccccc1)N1CCN(c2ccc(NCc3ccc4c(c3)OCO4)cc2)CC1,0
Cc1cc(Cl)c(S(=O)(=O)N2CC(C)OC(C)C2)cc1OCC(N)=O,0
COc1ccccc1N1CCN(C(=O)c2cc(-c3ccc4c(c3)OCO4)on2)CC1,0
Cn1c(C(=O)NCCCn2ccnc2)cc2c(=O)n3ccccc3nc21,0
CCC(c1nnnn1C1CCCC1)N(Cc1cccs1)Cc1cc2cc(C)ccc2[nH]c1=O,0
Cc1sc2nc(SCC(=O)NCc3cccs3)[nH]c(=O)c2c1C,0
CCn1c(SCC(=O)Nc2ccc3c(c2)OCCO3)nc2c(c1=O)SC(C)C2,0
CC1=Nc2ccc(Cl)cc2NC(C)=C1N=O,0
Cc1cccc(-n2ccnc2SCC(=O)Nc2nccs2)c1,0
CCCn1c(O)c(C(=O)NC)c(=O)c2c1CCCC2,0
CN(C)CCCNC(=O)CC(c1ccccc1)c1ccccc1O,0
CCCS(=O)(=O)N1CCCC(C(=O)N2CCN(c3ccccn3)CC2)C1,0
CCCc1cc(=O)nc(SCC(=O)N(C)CC(=O)Nc2ccc(C)cc2)[nH]1,0
O=C(c1n[nH]c2ccccc12)N1CCN(S(=O)(=O)c2ccc3ccccc3c2)CC1,0
CCOc1cc(-c2conc2N)cc(OCC)c1OCC,0
CCCCOC(=O)c1cc(=O)[nH]c2ccccc12,0
CCOC(=O)c1cnc2nc(Cc3ccccc3)[nH]n2c1=O,0
C=C(C)Cn1c(C2CC(=O)N(c3ccccc3F)C2)nc2ccccc21,0
Nc1c2c(nc3ccccc13)N(C1CCCCC1)CC2,0
CCn1c(SCC(=O)Nc2ccc3c(c2)OCCO3)nnc1-c1ccco1,0
C=CC(C)Sc1nc2c(c(=O)n(C)c(=O)n2C)n1Cc1ccccc1Cl,0
COC(=O)/C=c1\sc2n(c1=O)CCN=2,0
COc1cccc(-c2nn(C)c3sc(C(=O)N4CCN(c5ccccc5)CC4)cc23)c1,0
CC1(C)CC(=O)C2=C(C1)OC(N)=C(C#N)C2C1C=CCCC1,0
COc1ccc(S(=O)(=O)c2c(N)n(Cc3ccco3)c3nc4ccccc4nc23)cc1,0
COc1ccc(NC(=O)N(Cc2cc3cc(OC)ccc3[nH]c2=O)CC2CCCO2)cc1,0
COc1cc(OC)c(NC(=O)CCNC(=O)Cn2cnc3ccccc3c2=O)cc1Cl,0
C=CCn1c(SCCOC)nc2c1c(=O)[nH]c(=O)n2C,0
O=C(c1cccc(C(F)(F)F)c1)N1CCN(C2CCCCC2)CC1,0
Cc1ccc(S(=O)(=O)NC(=O)NCc2ccccn2)cc1,0
Cc1cccc(C(=O)N2CCN(Cc3ccc4c(c3)OCO4)CC2)c1,0
O=C(Nc1cccc(Cl)c1)c1ccc2c(=O)n3c(nc2c1)CCCCC3,0
O=C1c2ccccc2C(=O)N1Cc1nc(-c2ccccc2)no1,0
COc1ccccc1NC(=O)CSc1nnc(C)n1CCc1ccccc1,0
O=C(NCc1ccco1)c1csc2c1CCCCC2,0
COc1ccccc1N1CCN(CC(=O)Nc2ccc(C)c(F)c2)CC1,0
Cn1c(NC(=O)c2ccccc2)cc(=O)n(C)c1=O,0
CSC1=C(C#N)C(c2ccccc2Cl)C2=C(CCCC2=O)N1,0
CC(=O)ON1C(C)(C)CC(OC(=O)c2ccccc2)CC1(C)C,0
CCn1c(NCc2cccs2)nc2ccccc21,0
COc1ccccc1CNc1ncnc2c1cnn2-c1ccccc1,0
CC(C)C(=O)N1c2ccccc2NC2=C(C(=O)CCC2)C1c1ccc(N(C)C)cc1,0
CC1CCN(C(=O)c2cc3ccccc3o2)CC1,0
COc1ccc(S(=O)(=O)N2CCCC(C(=O)N3CCOCC3)C2)cc1C,0
COC(=O)c1cccc(NC(=O)c2ccc(S(=O)(=O)N3CCN(C)CC3)cc2)c1,0
COc1ccc(Nc2ncnc3c2cnn3-c2ccccc2)cc1OC,0
Cc1onc(-c2ccccc2Cl)c1C(=O)N1CCN(c2ccccc2)CC1,0
C=CCOC(=O)c1sc(NC(=O)c2ccco2)nc1C,0
COc1ccc(C(=O)Nc2ccc(Cl)cc2C(=O)NCCO)cc1,0
O=C(c1ccccc1)c1nc[nH]c1C(=O)Nc1ccccc1,0
CC1=CC(=O)/C(=C/Nc2cccc(Cl)c2)C(=O)O1,0
O=C(NCc1ccccc1)NC(=O)c1ccncc1,0
Cc1cc(NCCCn2ccnc2)n2c(nc3ccccc32)c1C#N,0
COc1ccc(OC)c(NC=C2C(=O)CC(C)(C)CC2=O)c1,0
N#CCSc1nnc(-c2ccccc2)c(-c2ccccc2)n1,0
Cc1cc(C)cc(NC(=O)C2CCCN(c3nccc(C)n3)C2)c1,0
CC1=Nc2ccc(C)cc2N(Cc2ccccc2)C(=O)C1,0
Cc1noc(C)c1CSc1ccccc1C(=O)Nc1nccs1,0
CCc1ccc2c(c1)C(NC(C)=O)C(=O)N2CC,0
Cn1cnc2c1c(=O)n(Cc1ccc(F)cc1Cl)c(=O)n2C,0
COc1ccccc1S(=O)(=O)Cc1ccc(C(=O)NCCN(C)C)o1,0
Cc1nnc2sc(-c3cccc(NC(=O)c4ccc(-c5cccc(Cl)c5)o4)c3)nn12,0
Cc1ccc(CNC(=O)C2CCCN(S(=O)(=O)c3cnc[nH]3)C2)cc1,0
CCN(CC(=O)NCc1ccccn1)S(=O)(=O)c1ccc(Cl)cc1,0
Cn1c(=O)c2c(n(C)c1=O)=NC1(CCCCC1)ON=2,0
CN(C(=O)COC(=O)C1c2ccccc2Oc2ccccc21)C1CCS(=O)(=O)C1,0
Cc1cc(N2CCN(S(=O)(=O)c3ccc4c(c3)OCCO4)CC2)n2ncnc2n1,0
CCC(C)C(NC(=O)NC1CCCc2ccccc21)C(=O)O,0
Cc1cccnc1NCC(O)COc1ccccc1,0
Cc1cccn2c(=O)c3cc(C#N)c(=N)n(Cc4ccncc4)c3nc12,0
COc1ccc(CN2CC(C(=O)NCc3ccccn3)CC2=O)cc1,0
Cc1cc(S(=O)(=O)N2CCC(NC(=O)C34CC5CC(CC(C5)C3)C4)CC2)ccc1-n1cnnn1,0
COc1ccccc1NS(=O)(=O)c1ccccc1C#N,0
O=C(Nc1cccc(Cl)c1)c1c(O)n(Cc2ccco2)c2c(c1=O)CCCC2,0
COC(=O)C(C)NC(=O)Nc1ccc(OC(F)(F)F)cc1,0
Cc1cc(NC(=O)CSc2nnc(-c3ccc4c(c3)OCCO4)o2)no1,0
O=C(COC(=O)CCNS(=O)(=O)c1ccc(Cl)cc1)NCc1ccco1,0
Cc1ccc2[nH]c(=O)c(N3CCOCC3)c(-c3ccccc3)c2c1,0
COC(=O)COc1cccc(NC(=O)COc2ccccc2)c1,0
O=C(NCC1COCCO1)C1CCN(S(=O)(=O)c2ccccc2)CC1,0
O=C(NC1CCCC1)C1CCCN1C(=O)Nc1ccc(Cl)cc1,0
CC(C)NC(=O)NC1C2CC3CC(C2)CC1C3,0
Cc1sc2ncn(CCn3cnc4sc(C)c(C)c4c3=O)c(=O)c2c1C,0
CC(C)C(NS(=O)(=O)c1cccs1)C(=O)NCc1ccc2c(c1)OCO2,0
O=C(CSc1nnc(CCc2nc3ccccc3[nH]2)n1-c1ccccc1)NCc1ccco1,0
CCOC(=O)c1c(C)[nH]c(C(=O)COC(=O)c2ccccc2NC(=O)c2ccco2)c1C,0
CCCCNC(=O)CCSc1nc2nc(C)cc(C)n2n1,0
Cc1csc(NC(=O)CCn2c(=O)sc3ccccc32)n1,0
CC(=O)Nc1cccc(NS(=O)(=O)Cc2ccc(Cl)cc2)c1,0
CC1CCCN(c2nc3c(c(=O)n(C)c(=O)n3C)n2CCSc2nc3ccccc3s2)C1,0
CCOc1ccc(N2CC(C(=O)Nc3ccc(S(=O)(=O)N4CCOCC4)cc3)CC2=O)cc1,0
COc1cccc(OC)c1C(=O)Nc1ccccc1N1CCCC1,0
O=C(Nc1ccc(N2CCN(C(=O)c3ccco3)CC2)c(Cl)c1)c1cc2ccccc2o1,0
CCCCNC(=O)c1cnc2n(c1=O)CCS2,0
CC(C)(C)OC(=O)N1CCC(C(=O)N2CCOCC2)CC1,0
C=CCNC(=O)C1CC(=O)N(c2ccc(OCC(=O)Nc3ccc(C)cc3)cc2)C1,0
CCOC(=O)N1CCC(NC(=O)CSCc2nc(-c3ccc(OC)c(OC)c3)oc2C)CC1,0
CCOc1nnnc2c1sc1nc(N3CCOCC3)c3c(c12)CC(C)(C)OC3,0
O=C(NC1CCCCC1)C1CCN(S(=O)(=O)N2CCOCC2)CC1,0
COc1ccc(C)cc1Nc1cc(C)nc2ncnn12,0
CC1=[N+]([O-])C(N2CCOCC2)C(O)(c2ccccc2)C1,0
CSc1ccccc1NC(=O)c1cnccn1,0
O=S(=O)(NCCOc1ccc(F)cc1)c1ccc2c(c1)OCCO2,0
Cc1ccc(-n2nnnc2SCC(=O)c2c(N)n(CC(C)C)c(=O)n(C)c2=O)cc1,0
O=C(CSc1nnc(-c2cccs2)n1-c1ccccc1)N1CCN(C(=O)c2ccco2)CC1,0
CCc1ccc(CCC(=O)Nc2ccc(S(N)(=O)=O)cc2)o1,0
Cc1cc(C)nc(NC(=O)c2ccc(OC(C)C)cc2)n1,0
CCc1nnc(NC(=O)CSc2nc3c(cc2C#N)CCC3)s1,0
OCCNc1c2c(nc3ccccc13)CCCC2,0
Cn1c(CNc2nc(-c3ccccc3)cs2)nnc1SCC(=O)OC1CCCCC1,0
CN1/C(=C(\C#N)C(=O)c2ccc(S(=O)(=O)N3CCCCC3)cc2)Nc2ccccc21,0
Cn1c(CCN2CCCCC2)nc2cc(NC(=O)NC3CCCCC3)ccc21,0
Cn1c(=O)c2c(nc(-n3ccnc3)n2C)n(C)c1=O,0
CC(=O)Nc1nonc1-c1nc2ccccc2n1N(C(C)=O)C(C)=O,0
COC(=O)C(NC(C)=O)(Nc1ccccn1)C(F)(F)F,0
Nc1nnc(-c2cc3ccccc3oc2=O)s1,0
CCOc1nc(-c2ccccc2)ccc1-c1noc(-c2ccco2)n1,0
CCOc1ccc2[nH]c(C)c(CN3CCOCC3)c(=O)c2c1,0
Cc1sc(NC(=O)c2ccco2)c(CN2CCCCC2)c1C,0
Cc1ccc(OCC(=O)Nc2nnn(C)n2)c(C)c1,0
CC(=O)N1CCN(C(=O)CCc2nc3sc4c(c3c(=O)[nH]2)CCCC4)CC1,0
Cc1cc2ncn(N)c2cc1C,0
O=c1ncnc2[nH]n(-c3ccccc3)nc1-2,0
Cn1c(-n2c(CCCN3C(=O)c4ccccc4C3=O)nc3ccccc3c2=O)nc2ccccc21,0
CCN(CC)S(=O)(=O)c1cccc(-c2nnc(SCC(=O)c3cc(C)n(C4CC4)c3C)o2)c1,0
Cc1c(C(=O)OCCOC(C)C)[nH]c2c1C(=O)CC(c1ccco1)C2,0
Cc1cc(Cl)cc(Cl)c1OCC(=O)NCc1ccco1,0
COc1ccc(CNc2oc(COc3ccccc3Cl)nc2C#N)cc1,0
CC(=O)Nc1nc(=O)c2ccccc2s1,0
COc1cc(NC(=O)Cc2cccs2)cc(OC)c1,0
c1ccc2c(c1)OCC(c1nn3cnnc3s1)O2,0
COc1ccccc1-c1nc(-c2cccc(C)c2)no1,0
CCC(=O)Nc1ccc(NC(=O)c2c(C)nc3ccccn23)cc1,0
COc1cc2c(cc1NC(=O)c1ccc3c(c1)OCO3)oc1ccccc12,0
CCOC(=O)N1CCC(NC(=O)c2cc3sccc3n2CC)CC1,0
O=C(O)CCC(=O)Nc1ccc(N2CCOCC2)cc1,0
O=C(CN1C(=O)c2ccccc2S1(=O)=O)NCc1ccccn1,0
C=CCNc1nc2ccccc2nc1NS(=O)(=O)c1cccs1,0
CN(C)CCCNc1c2c(c(C#N)c3nc4ccccc4n13)CCC2,0
COc1cc(Cc2cnc(N)nc2N)cc(OC)c1OC,0
O=C(Cc1cccs1)N1CCC(c2nc3n(Cc4ccccc4Cl)[nH]nc-3c(=O)n2)CC1,0
C/C(=C\c1ccco1)C1C(C#N)=C(N)OC2=C1C(=O)CC(C)(C)C2,0
Cn1c(COc2ccc3ccccc3c2)nnc1SCC(=O)O,0
COC(=O)C(NC(=O)Nc1ccc(C(C)=O)cc1)C(C)C,0
CCOc1ccc(/C(O)=C2/C(=O)C(=O)N(CCN(CC)CC)C2c2ccco2)cc1,0
O=S(=O)(c1ccc2c(c1)nc1n2CCC1)N1CCOCC1,0
Cc1ccccc1-c1nc2cc(N)ccc2o1,0
O=C(Nc1ccc2nsnc2c1)c1cccs1,0
C=CCOc1ccccc1/C=c1\sc2nc(=O)c(C)nn2c1=O,0
COCc1nn2c(N)c(C#N)cnc2c1-c1ccccc1,0
CCCn1c(N)c(Sc2ccc(Cl)cc2)c(=O)n(CCC)c1=O,0
COc1ccc2c(c1)CCc1c(C(=O)NCCCn3ccnc3)noc1-2,0
O=C(CSc1nc(=O)c2ccccc2[nH]1)Nc1ccc(S(=O)(=O)N2CCCC2)cc1,0
COC(=O)Cn1cnc(=O)c(C#N)c1/C=C/N(C)C,0
FC(F)(F)c1cccc(CN2CCCCCC2)c1,0
O=C(CCc1nc(-c2ccccc2F)no1)NCCN1CCc2ccccc2C1,0
COc1ccccc1-c1cc(C(=O)NCc2cccs2)no1,0
COc1ccc(CCNC(=O)CCN2C(=O)C(C)Oc3ccc(C)cc32)cc1OC,0
CC(C(=O)c1ccccc1)n1c(N2CCOCC2)nc2c1c(=O)n(C)c(=O)n2C,0
CCC1(CC)Cc2ccccc2C(N)=C1C#N,0
O=C(NCCO)C1(c2ccccc2)CCCC1,0
COc1cc(C2C(C(=O)OC(C)C)=C(C)N=C3N=CNN32)cc(OC)c1OC,0
CCCS(=O)(=O)N1CCCC(C(=O)NCC2CCCO2)C1,0
c1cncc(CNC2=NCCC2)c1,0
COc1cccc(-n2c(=O)[nH]cc(C(=O)Nc3ccc4c(c3)OCCO4)c2=O)c1,0
CSc1ccn(CCC(=O)O)c(=O)n1,0
CCS(=O)(=O)N1CCC(C(=O)NCCCN2CCCC2)CC1,0
CCN(CC)C(=O)c1scc2c1OCCO2,0
Cc1occc1C(=O)Nc1nnc(C2CCCCC2)s1,0
COc1ccc(NC(=O)Cc2nn(C)c(=O)c3ccccc23)c2ncccc12,0
O=C(c1cccc(F)c1)n1nnc2ccccc21,0
O=C1NC2=C(C(=O)c3ccccc32)C(c2ccccc2)N1,0
Cc1cc(C)n(C(=O)CNC(=O)C2COc3ccccc3O2)n1,0
COc1ccc(CCNc2oc(-c3ccco3)nc2C#N)cc1,0
CCOc1ccccc1NC(=O)c1ccccc1-c1nc(-c2ccccc2OC)no1,0
CCCCn1c(SCC2CCCCO2)nc2cc(S(N)(=O)=O)ccc21,0
CN(C)/C=C/c1c(C#N)c(=O)ncn1Cc1ccccc1,0
O=C(NCc1ccccc1)c1cnsn1,0
COCC(C)NC(=O)c1cc(-c2ccccc2OC)on1,0
COc1cccc(Oc2ccc(N)cn2)c1,0
Cn1c(=O)c2c(nc(NCc3ccccc3)n2C)n(C)c1=O,0
Cc1cc(C)c(S(=O)(=O)Nc2ccc(O)cc2)cc1C,0
Cn1c(=O)cc(NCc2ccccc2)[nH]c1=O,0
CCOc1ccc(NC(=O)c2ccccc2OC)cc1,0
O=C(CCc1ccccc1)Nc1ccc(NC(=O)C2CC2)nc1,0
O=C(Nc1cccnc1)c1cccnc1,0
Cc1cc(C(=O)OCC(=O)NCc2ccco2)c(C)n1-c1ccccc1,0
Cc1cc(-c2cccnc2)c(C#N)c(SCC#N)n1,0
CC12CCC(C(=O)N(c3ccccn3)c3ccccn3)(OC1=O)C2(C)C,0
COC(=O)c1ccccc1NC(=O)NCc1ccc(OC)c(OC)c1,0
CCc1nnc(NC(=O)CSc2nnc(-c3ccc(S(=O)(=O)N4CCCC4)cc3)n2C)s1,0
CN1CCc2c(sc3c2c(NCc2ccco2)nc2nnnn23)C1,0
CNCCc1c[nH]c2ccccc12,0
Cn1c(CNC(=O)Nc2cccc(Cl)c2)nnc1SCc1ccccc1,0
O=C1CS/C(=N\c2ccccn2)N1C1CCCCC1,0
CN(C)c1nc(Oc2ccc(N)cc2)nc(N(C)C)n1,0
CCn1c(=O)cc(SCC(=O)NCC2CCCO2)c2ccccc21,0
Cn1ncc(N)c1C(=O)Nc1cccc(C(F)(F)F)c1,0
Cc1n[nH]c(=O)nc1NCc1ccccc1,0
CCOc1ccc(C2CC(c3ccccc3C)N3NC=NC3=N2)cc1,0
N#CCCN1CCn2c1nc1ccccc12,0
CN1C2CCC1CC(OC(=O)CCN1CCCC1)C2,0
Cc1ccc(-n2nc3c(c2NC(=O)c2cccs2)CSC3)cc1,0
Nc1nonc1-n1nnc(C(=O)O)c1-c1cccs1,0
O=S(=O)(Cc1ccc(Cl)cc1)NCC1CCCO1,0
Cn1c(C(=O)N2CCN(c3nc4ccccc4s3)CC2)cc2sccc21,0
Cc1ccc2c(c1)C(N1CCCC1=O)CC(c1ccco1)N2,0
Cc1cc(NS(=O)(=O)Cc2ccccc2)no1,0
COc1cccc(-c2nnc(SCC(=O)N3CCOCC3)o2)c1,0
COc1ccc(C(=O)CSc2nnc(Cc3ccccc3)o2)cc1,0
CC(c1ccco1)N(C(=O)COc1ccc(Cl)cc1)c1ccccn1,0
COc1cccc(CN(C)C(=O)c2ccc(S(=O)(=O)N3CCCC3)cc2)c1OC,0
CC(C)C1N(c2ccccc2)C(N)=C(C#N)C1(C#N)C#N,0
O=C(Nc1ccc2nn(-c3ccccc3)nc2c1)c1ccc2c(c1)OCO2,0
O=C1NC(=O)N(Cc2ccccc2)C(=O)/C1=C\NCCCO,0
OC1CN=C2Sc3ccccc3N2C1,0
O=C1CCc2cc(S(=O)(=O)NC(Cc3ccccc3)C(=O)NC3CCCC3)ccc2N1,0
O=C(CSc1nc2n(-c3ccccc3)[nH]cc-2c(=O)n1)c1ccc(Cl)cc1,0
CCn1c(SCC(=O)Nc2nc(C)cs2)nnc1-c1cccnc1,0
COc1ccc(Cc2nnc(NC(=O)Cc3cccs3)s2)cc1,0
CCCCn1c(-c2nonc2NC(=O)c2ccccc2Cl)nc2ccccc21,0
CCC(=O)N1CCc2cc(S(=O)(=O)CCC(=O)N3CCc4ccccc4C3)ccc21,0
CCOC(=O)CSc1nnc(-c2ccc(OC)cc2OC)o1,0
O=C(NC1CCCCCCC1)c1ccccc1O,0
Cc1onc(-c2ccccc2)c1C(=O)NCC1CCCO1,0
CCOCCn1c(SC)nc2c1c(=O)[nH]c(=O)n2C,0
CCNC(=O)CN(c1ccc(C)cc1)S(=O)(=O)c1ccc(SC)cc1,0
CC(C)NC(=O)Cn1c(SCC(=O)N2CCc3ccccc3C2)nc2ccccc21,0
O=C(c1ccco1)N1CCN(CC(=O)N2CCCc3c2c(=O)oc2ccc(O)cc32)CC1,0
Cc1nc(C)n(C(=O)N(c2ccccc2)c2ccccc2)n1,0
COc1ccc(CN2CCNC(=O)C2CC(=O)O)c(OC)c1,0
O=C1c2ccccc2NC(c2ccncc2)N1c1ccccn1,0
COc1cccc(NC(=O)CN2CCN(c3ccc(F)cc3)CC2)c1,0
CC(C)CNC(=O)C1CCN(c2ccc(S(=O)(=O)N3CCOCC3)cc2Cl)CC1,0
Cc1nc2ccccn2c1/C(O)=C1\C(=O)C(=O)N(CCN2CCOCC2)C1c1cccnc1,0
CCc1nnc(NC(=O)CSc2nc3c(cc2C#N)CCCC3)s1,0
COc1cccc(C2C(C#N)=C(N)Oc3c2c(C)nn3-c2ccccc2)c1OC,0
O=C(NCCN1CCOCC1)c1ccccc1Oc1ccccc1,0
O=C1CN(C(=O)c2cnccn2)c2ccccc2N1,0
CC(C)(C)NC(=O)CSc1nnc(-c2ccco2)n1Cc1ccco1,0
O=c1c2c3c(sc2n2cnnc2n1Cc1ccccc1)CN(Cc1ccccc1)CC3,0
N=c1c2c3c(sc2ncn1CCN1CCOCC1)CCCC3,0
Cn1c(=O)n(C)c2cc(NS(C)(=O)=O)ccc21,0
CCCCOc1ccc(CN(C)c2ncnc(N)n2)cc1,0
O=C(Nc1ccc(-c2cn3ccsc3n2)cc1)c1ccc(F)c(S(=O)(=O)N2CCOCC2)c1,0
COc1ccc(CCNC=C2C(=O)CCCC2=O)cc1OC,0
CSc1ccccc1NC(=O)c1c(C)noc1C,0
O=C(CSc1nnnn1C1CCCCC1)Nc1cccc(NC(=O)c2ccco2)c1,0
COc1ccc(NS(=O)(=O)c2ccc(N)cc2)nn1,0
N#Cc1ccccc1NC(=O)COC(=O)CSc1nc2ccccc2o1,0
CC(C)NS(=O)(=O)c1cc(C(=O)O)ccc1Cl,0
CCOC(=O)c1ccccc1NC(=O)CSc1nc2c(c(=O)n(C)c(=O)n2C)n1C,0
COc1cc(NS(=O)(=O)c2ccc(NC(=O)c3ccc(C)o3)cc2)nc(OC)n1,0
Cc1onc(-c2ccccc2)c1C(=O)Nc1ccnn1C1CCCCC1,0
Cn1c(=O)c2c(nc(SCc3cccnc3)n2Cc2ccccc2)n(C)c1=O,0
COc1cc(Cl)c(C)cc1NC(=O)CSC,0
Cc1cc(C)nc(NS(=O)(=O)c2ccc(NC(=O)c3ccco3)cc2)n1,0
CC(C)NC(=O)Cn1nnc(-c2ccc(Cl)cc2)n1,0
CC(C)OCCCNc1nc2c([nH]1)c(=O)n(C)c(=O)n2C,0
O=C(Nc1ccc(O)cc1C(=O)O)c1ccc2c(c1)C(=O)N(Cc1ccco1)C2=O,0
COc1ccc(-c2noc(-c3ccccc3C(=O)Nc3cccnc3)n2)cc1,0
Cc1ccc(C2CC(=O)c3cnc(N4CCN(c5ccccc5)CC4)nc3C2)cc1,0
CCC(CC)c1nnc(NC(=O)c2c(-c3ccccc3)noc2C)s1,0
CN1CCN(C(=O)NC2CCCN2S(=O)(=O)c2ccc(Cl)cc2)CC1,0
Cc1nc2ncnn2c(C)c1CCC(=O)N1CCN(C(=O)c2ccco2)CC1,0
Cc1ccc(N2C(=O)c3ccccc3C2=O)cc1Cl,0
Cc1ccc(S(=O)(=O)N2CCN(C(=O)COc3ccc(-c4nnco4)cc3)CC2)cc1,0
O=C(O)C1CC=CCC1C(=O)NCc1ccccc1,0
COCC(=O)Nc1ccc(Nc2ccccc2)cc1,0
Cc1ccc(C)c2[nH]c(=O)c(CCNC(=O)c3ccc4c(c3)OCO4)cc12,0
CC(C)C(NC(=O)c1ccccc1)C(=O)NC1=NCCS1,0
CN(C(=O)COc1ccccc1)c1nnc(-c2ccncc2)s1,0
Cc1ccc(-c2nc(N)n(C(=O)c3cccnc3)n2)cc1,0
Cc1cccn2cc(-c3ccccc3)nc12,0
CN(C(=O)NC(=O)NC1C2CC3CC(C2)CC1C3)S(C)(=O)=O,0
c1ccc2c(SCc3cn4cccnc4n3)ncnc2c1,0
O=C(NCc1ccccn1)c1cn(CCc2ccccc2)nn1,0
O=c1c(F)cn(C2CCCO2)c(=O)n1Cc1ccccc1F,0
O=C(NCCc1ccncc1)c1ccccc1F,0
Cc1cc(NC(=O)c2noc3c2CCc2ccccc2-3)n(-c2ccccc2)n1,0
Cc1ccccc1NS(=O)(=O)c1cccc(-c2nnc(-c3ccccc3)o2)c1,0
Cc1ccc(-c2noc(CN3CCN(Cc4ccccc4)CC3)n2)cc1,0
COc1ccccc1OCc1ccc(C(=O)Nc2ccncc2)o1,1
COc1ccc(OCC(=O)Nc2ccc(N3CCOCC3)cc2)cc1,0
CCN1C(=O)c2ccccc2Sc2ccc(C(=O)N3CCC4(CC3)OCCO4)cc21,0
O=C(CSc1nnc(Cc2cc(=O)[nH]c(=O)[nH]2)n1-c1ccccc1)N1CCCCC1,0
C=CCn1c(Cc2cccs2)nnc1SCC(=O)Nc1cc(OC)cc(OC)c1,0
O=C1N=C(N2CCCCC2)SC1=C1CCCC1,0
COc1ccc(NC(=O)NCc2cccnc2)cc1OC,0
O=C(CN1CCN(c2ccc(Cl)cc2)CC1)Nc1ccc(F)cc1,0
O=C(O)c1ccc(F)c(S(=O)(=O)Nc2ccccc2Cl)c1,0
CCCCOC(=O)Nc1cccc(C(C)=O)c1,0
COc1ccc(C2C(C(C)=O)=C(C)N=C3N=CNN32)cc1OC,0
Cc1ccc(C(C(=O)NC2CCCC2)N(C(=O)c2csnn2)C2CCCC2)o1,0
COC(=O)c1cc(NC(=O)C2COc3ccccc3O2)ccc1Cl,0
COc1cc(C(=O)Nc2ccccc2N2CCN(S(C)(=O)=O)CC2)cc(OC)c1OC,0
Cc1cc(NC(=O)CSc2ccc(Cl)cc2)no1,0
COC(=O)c1cccc(NC(=O)c2cc3sccc3n2C)c1,0
CC(=O)NCCn1c(SCc2ccccc2F)nc2ccccc2c1=O,0
CCn1c(SCc2ccc(C#N)cc2)nnc1-c1cccc(Cl)c1,0
CCOC(=O)CSc1nc(N)c(C#N)c(-c2ccc(OC)cc2)c1C#N,0
Cn1c(SCC(=O)c2ccccc2)nnc1C1CC1,0
Cc1cc(C)n(-c2nc3ccccc3nc2Nc2ccc3c(c2)OCO3)n1,0
CC(SCCc1ccccn1)C(=O)O,0
COc1ccc(-c2nc(CNS(=O)(=O)c3cc(OC)ccc3OC)cs2)cc1,0
Cc1cc(Nc2ccccc2N2CCOCC2)n2ncnc2n1,0
Cc1ccc2nc3c(c(C(=O)O)c2c1)CCC3,0
O=C(Nc1ccccc1)N1CCn2c1nc1ccccc12,0
Cn1c(SCc2cccnc2)nc2cccnc21,0
c1ccc(-c2nc3nonc3c3nc4ccccc4n23)cc1,0
Cn1c(=O)[nH]c(=O)c2c1nc(N1CCOCC1)n2CCN1CCOCC1,0
Cc1cccc(C)c1NC(=O)CSc1nnnn1C,0
Cc1cc(C)n(CC(O)COc2ccccc2C(=O)Nc2ccccc2)n1,0
COc1ccc(-n2nnnc2SCC(=O)Nc2nnc(C)s2)cc1OC,0
CCOc1ccccc1NC(=O)COc1cccc(-n2cnnn2)c1,0
CCCC(=O)Nc1nc(C(=O)OCC)cs1,0
Cc1cc(OCC(=O)NCCCN2CCOCC2)cc(C)c1Cl,0
CC(C)OC(=O)C(CC(=O)O)NCc1ccccc1,0
COC(=O)C(C)NS(=O)(=O)c1ccc(NC(C)=O)cc1,0
Cc1cc(N/C=C/C(=O)c2cccc3ccccc23)no1,0
COCc1nnc(NC(=O)CCc2ccccc2)s1,0
CN(Cc1ccncc1)C1CC(=O)N(c2ccc(Cl)cc2)C1=O,0
CC(=O)Nc1nonc1NC(=O)CSc1nc2ccccc2o1,0
CCOC(=O)c1[nH]c(C)c(C(=O)NCCC2=CCCCC2)c1C,0
Cn1c(Cn2c(=O)sc3ccccc32)nnc1SCc1ccc(F)cc1,0
COC(=O)c1ccc(C)c(NC(=O)CN(c2ccc3c(c2)OCO3)S(C)(=O)=O)c1,0
CCn1nnc(NC(=O)c2cccc(-c3cc4ccccc4oc3=O)c2)n1,0
CCOc1ccc(N2C(=O)CSC2c2ccncc2)cc1,0
Nc1nc(-c2cccnc2)nn1S(=O)(=O)c1ccccc1,0
O=C(CN1CCOCC1)Nc1nc(-c2ccc3c(c2)CCN3S(=O)(=O)c2ccccc2)cs1,0
Cc1nnc(SCC(=O)N2c3ccccc3Sc3ccccc32)n1N,0
CCOC(=O)c1ccc(-n2c(-c3ccco3)nc3ccccc3c2=O)cc1,0
Cc1cc(C)n2nc(S(=O)(=O)N(C)c3ccccc3)nc2n1,0
COc1ccc(S(=O)(=O)NCc2ccc3c(c2)OCO3)cc1C(=O)O,0
c1ccc2c(CCNc3ncnc4nc[nH]c34)c[nH]c2c1,0
Cc1noc(C)c1CSc1nnc2sc3ccccc3n12,0
O=C1Nc2ccc(S(=O)(=O)NCc3ccccn3)c3cccc1c23,0
Cc1ccc(S(=O)(=O)NCc2ccncc2)cc1,0
CCOC(=O)c1c(N)nn(C(=O)C(C)(C)C)c1-c1ccccc1,0
COc1ccccc1NC(=O)Cn1cnc2c1c(=O)n(C)c(=O)n2C,0
Nc1nc(COc2ccc3ccccc3c2)cs1,0
Cc1ccc2c(SCC(=O)NCc3ccco3)nc(-c3ccc(F)cc3)nc2c1,0
COc1ccc(-n2c(O)cc(=O)nc2SCC(=O)N2CCCCC2)cc1,0
CC(=O)Nc1nc(CC(C)C)cc(-c2ccco2)c1C#N,0
Cc1cccc(NC(=O)CN(C)S(=O)(=O)c2ccccc2)n1,0
c1ccc(Cc2nc3ccccc3n2CCN2CCOCC2)cc1,0
Cc1c(NC(=O)C(C)Oc2ncnc3ccccc23)c(=O)n(-c2ccccc2)n1C,0
NC(=O)c1ccccc1/N=C/c1ccccn1,0
O=c1[nH]c2ccc(Cl)cc2c(=O)n1Cc1ccco1,0
CCCc1cc(C(=O)NCCc2ccccc2)no1,0
Cc1nc2ccc(C(=O)N3CCN(c4ccccn4)CC3)cc2s1,0
CC1CN=C(Nc2cccc3ccccc23)S1,0
COCCCNC(=O)C1CCN(C(=O)Nc2ccc(Cl)cc2)CC1,0
COCCN1CC(=O)N(c2cccc(C)c2C)C(c2ccc(Cl)cc2)C1=O,0
O=C(O)CCc1ccc(-c2cccs2)n1CC1CCCO1,0
CCC(=O)NC(C)C(c1cccs1)N1CCOCC1,0
O=C(CSc1nc(=O)cc(O)n1-c1ccccc1)NCc1ccccc1,0
COc1ccc(Cn2nnnc2C(c2cccs2)N2CCOCC2)cc1,0
CSCCC(NC(=O)NCc1cccs1)C(=O)O,0
COC(=O)c1cc(C(=O)OC)cc(N2C(=O)CC(Sc3nc(C)cc(C)n3)C2=O)c1,0
COCCCn1c(-c2ccccc2Cl)n[nH]c1=S,0
O=C(C1COc2ccccc2O1)N1CCc2ccccc21,0
COc1ccc(C2C3=C(CC(c4ccco4)CC3=O)Nc3ccccc3N2C(C)=O)cc1,0
CCOc1ccccc1Nc1ncnc2c1cnn2-c1ccccc1,0
CCOC(=O)N1CCN(C(=O)Nc2ccccc2Cl)CC1,0
CCOC(=O)c1csc(NC(=O)CSc2nnnn2-c2ccc(OCC)cc2)n1,0
CCOCCn1c(CN2CCN(CCO)CC2)nc2c1c(=O)n(C)c(=O)n2C,0
CCCCn1c(SCc2nnc(-c3ccccc3)o2)nc2c1c(=O)n(C)c(=O)n2C,0
COc1ccc(NC(=O)C(c2ccc(OC)cc2)N(C)C(=O)CNC(C)=O)cc1,0
CN(C)/C=C(\C#N)c1nc2ccccc2[nH]1,0
Cc1c(NC(=O)CN2C(=O)c3ccccc3S2(=O)=O)c(=O)n(-c2ccccc2)n1C,0
CN(Cc1nc(-c2ccncc2)no1)S(=O)(=O)c1ccc(Cl)cc1,0
Cc1csc(NC(=O)c2cc3c(s2)-c2ccccc2OC3)n1,0
Cn1c(=O)[nH]c(=O)c2c1nc(SCCN1CCOCC1)n2CCc1ccccc1,0
CCOC(=O)Cc1cc(=O)n2[nH]c(C)c(-c3ccc(OC)cc3)c2n1,0
CC(=O)N1CCN(CCNC=C2C(=O)CC(C)(C)CC2=O)CC1,0
O=C(NCCc1ccc(Cl)cc1)C1CCN(c2cnccn2)CC1,0
Cc1nc(=O)c(-c2ccccc2)c(C)[nH]1,0
CC(C)(C)n1nnc(CCc2nnn(C(C)(C)C)n2)n1,0
CCN(CC)S(=O)(=O)c1ccc(NC(=O)C(OC)c2ccccc2)cc1,0
CC1Cc2ccccc2N1C(=O)CSc1nnnn1-c1ccc2c(c1)OCCO2,0
O=C(CSC1=NCCN1)C1COc2ccccc2O1,0
COc1ccc(CNS(=O)(=O)c2ccc(OC)cc2)cc1,0
Cc1cc(C)nc(SC(C)C(=O)O)n1,0
Cc1ccnc(N2CCC(C(=O)Nc3ccc(Oc4ccccc4)cc3)CC2)n1,0
Cc1[nH]nc2c1C(C(C)C)C(C#N)=C(N)O2,0
O=C1c2cccc3cccc(c23)C(=O)N1c1cccnc1,0
COC(=O)c1[nH]c2ccccc2c1NC(=O)CN1CCCCCC1,0
Cc1nn(C(C)(C)C)c(OC(=O)c2cccs2)c1S(=O)(=O)c1ccccc1,0
O=C(CN(C(=O)C1CSC(=O)C1)c1ccccc1F)NCc1ccc2c(c1)OCO2,0
C=C(C)CC1Nc2ccccc2NC1CC(=C)C,0
Cc1c(N2C(=O)CSC23C(=O)Nc2ccccc23)c(=O)n(-c2ccccc2)n1C,0
CCOC(=O)C1=C(N)Oc2cc(O)ccc2C1c1cccnc1,0
O=C(CN1C(=O)c2ccccc2C1=O)Nc1ccc(-c2nc3ccccc3o2)cc1,0
CC1(C)Cc2cccc(OCC(=O)Nc3ccccc3N3CCOCC3)c2O1,0
COc1ccc(-n2cnc3c(cnn3CCC#N)c2=N)cc1,0
CCOC(=O)c1c(-c2ccccc2)oc2ccc(O)c(CN3CCOCC3)c12,0
N#Cc1c(NC(=O)CSc2nnnn2C2CCCC2)sc2c1CCCC2,0
CNC(=O)CSc1nnc(-c2ccc(S(=O)(=O)N3CCCC3)cc2)n1-c1cccc(C)c1C,0
CCn1c(C)nc2cc(C(=O)OCCC(F)(F)F)ccc21,0
COC(=O)c1ccccc1NC(=O)c1sc(N)nc1C,0
O=C(Cn1c(-c2cncs2)nc2ccccc21)NCCc1ccccc1,0
COc1ccc(OC)c(NC(=O)CCN2CCCCC2)c1,0
Nn1c(SCC(=O)NC(=O)NC2CCCC2)nnc1-c1ccccc1F,0
COc1cccc(C(=O)Nc2ncc3c(n2)CC(C)CC3=O)c1,0
CCc1nc(SCC(=O)Nc2ccnc3ccccc23)n[nH]1,0
c1ccc(N2CCN(Cc3ccsc3)CC2)nc1,0
CC(C)c1nc2ccccc2c2nnc(SCC(=O)NCc3ccco3)n12,0
CCN1CCN(Cc2ccccc2NC(=O)Nc2ccc(C)cc2)CC1,0
Cc1ccc(S(=O)(=O)N2CCN(C(=O)CSc3nc(=O)c4ccccc4[nH]3)CC2)cc1,0
Fc1ccc(-c2nnc(CN3CCC(c4nc5ccccc5s4)CC3)o2)cc1,0
O=C(CCN1C(=O)COc2ccccc21)NCCCN1CCN(c2ccccc2F)CC1,0
Cc1ccc(OCC(=O)Nc2ccc(N3CCCC3)cc2)cc1C,0
CC(C)n1c(NCc2ccc(N(C)C)cc2)nc2ccccc21,0
COc1cc(NC(=O)c2cccs2)c(OC)cc1NC(=O)CCn1nnc2ccccc21,0
CN(C)c1ccc(NC(=S)c2ccccn2)cc1,0
CCCCn1c(=O)[nH]c2ccccc21,0
Cc1ccc(CCNC(=O)C2CCN(S(=O)(=O)c3ccc4c(c3)CCC(=O)N4)CC2)cc1,0
Cc1cccnc1NC1=NCC(C)S1,0
O=C(O)C1CC=CCC1C(=O)Nc1cc(Cl)ccc1Cl,0
Cc1ccccc1NC(=O)CSc1nc2c(c(-c3ccco3)c1C#N)CCCC2,0
CCOC(=O)C1CCCN(C(=O)CCCn2nc(C)n3c(cc4sccc43)c2=O)C1,0
Cc1ccc2oc(=O)c3cnn(CC(=O)NCCN(C)C)c3c2c1,0
COCCNC(=O)c1ccc2c(c1)nc(C)n2-c1cccc(F)c1,0
CCC(NS(=O)(=O)c1ccc(NC(C)=O)cc1)C(=O)O,0
COc1ccc(N(Cc2cc3cc(OC)ccc3[nH]c2=O)S(C)(=O)=O)cc1,0
Cc1oc(C(=O)O)cc1COc1cccc2cccnc12,0
COc1ccc(N2CCN(C(=O)CSc3nnc4n3C(C)(C)Cc3ccccc3-4)CC2)cc1,0
Cc1ccc(Cn2ncc3c(NCCCN4CCOCC4)ncnc32)cc1,0
O=C(c1ccc(Cl)cc1)C12CN3CN(CN(C3)C1)C2,0
CC(=O)Nn1c(COc2ccccc2C)nc2ccccc2c1=O,0
N#Cc1c(N)nc(SCC(=O)OCc2ccccc2)c(C#N)c1-c1ccco1,0
O=C(c1cccs1)N1CCCc2ccccc21,0
CN(Cc1ccccc1)S(=O)(=O)c1ccc2[nH]cc(C(=O)NCC3CCCO3)c(=O)c2c1,0
CCN(CC)c1ccc(C(=O)OCC(=O)c2ccco2)cc1,0
Cc1nn(C(=O)c2cc3sccc3[nH]2)c(C)c1C,0
O=C(c1c[nH]c(=O)n(-c2ccccc2)c1=O)N1CCc2ccccc21,0
CCOC(=O)Nc1ccc2c(c1)Nc1ccccc1S2,0
COc1ccc(NC(=O)c2ccc(=O)oc2)cc1,0
Cn1c(-c2ccccc2)cc2c3no[n+]([O-])c3ccc21,0
Cc1nnc(NC(=O)c2ccc(S(=O)(=O)N3CCCCCC3)cc2)o1,0
COC(=O)c1ccc(C2NC(=O)NC(C)=C2C(=O)N(C)C)cc1,0
COc1ccccc1N(CC(=O)Nc1ccc2c(c1)OCO2)S(=O)(=O)c1ccccc1,0
O=S(=O)(Nc1cccnc1)c1ccc2c(c1)OCCO2,0
C/C=C/c1ccc(OCCn2cncn2)c(OC)c1,0
Cn1c(=O)n(C)c2cc(C(=O)c3ccccc3)ccc21,0
CCn1c(SCc2nc3ccccc3[nH]2)nnc1-c1cccs1,0
Cn1nc(C(C)(C)C)cc1C(=O)NCc1ccc(N2CCCC2=O)cc1,0
CN1C(=O)C(=CNCCN2CCN(C(=O)c3ccccc3)CC2)C(=O)N(C)C1=O,0
CC1(C)NC(=O)N(CCOc2cccc(Cl)c2Cl)C1=O,0
CNS(=NS(=O)(=O)c1ccccc1)c1ccc(C)cc1,0
COc1ccc(N2CCN(C(=O)c3ccc(-n4nc(C)cc4C)cc3)CC2)cc1,0
Cc1ccc(-c2nnn(CC(=O)N(Cc3cccs3)C(C(=O)NC(C)(C)C)c3ccco3)n2)o1,0
O=C(CCn1c(=S)oc2ccccc21)Nc1ccc2c(c1)OCCO2,0
Cc1noc(NS(=O)(=O)c2ccc(NC(=O)Nc3ccc(Cl)c(Cl)c3)cc2)c1C,0
Cc1ccc(CN2C(=O)CSc3ccc(C(=O)NCCN4CCOCC4)cc32)cc1,0
CC(C)(C)n1nnnc1C(c1ccncc1)N1CCCCCC1,0
O=C(Nc1ccc(N2CCN(Cc3ccccc3)CC2)cc1)c1cccnc1,0
CC1(C)CC2CC(C)(CN2C(=O)COC(=O)c2ccc(Cl)cc2N)C1,0
CCOC(=O)c1sc(NC(=O)CSc2ncn[nH]2)c(C#N)c1C,0
Cc1ccc(C(=O)NCCCn2ccnc2)o1,0
CCOC(=O)C(C)Sc1nc2n(-c3ccc(C)cc3)[nH]cc-2c(=O)n1,0
Nc1ccc2oc(-c3ccccc3Cl)nc2c1,0
COc1ccc(-c2nc(N)n(C(C)=O)n2)cc1,0
COc1ccccc1-c1nn2c(-c3ccccc3Cl)nnc2s1,0
O=C(NCc1ccco1)c1cc(-c2ccccc2)c(N2CCOCC2)s1,0
CCCCNC(=O)c1ccc(NS(=O)(=O)c2ccccc2)cc1,0
Cc1ccc(NC(=O)CSC2=C(C#N)C(c3ccc4c(c3)OCO4)CC(=O)N2)cc1C,0
COC(=O)c1sc(NC(=O)C(C)C)c(C(=O)OC)c1C,0
COc1cccc(C(=O)NC2CCN(C(=O)N3CCCCC3)CC2)c1,0
Cc1nc2sc(C(c3ccco3)N3CCN(c4ccccc4)CC3)c(O)n2n1,0
COc1nc(OC)nc(N(C)CCO)n1,0
CN1C(=O)CS(=O)c2ccc(C(=O)NC3CC3)cc21,0
CSc1nc(C)c(C(=O)Nc2ccccc2)c(C)c1C#N,0
COc1ccc(-c2csc(N3CCN(C(=O)c4ccco4)CC3)n2)cc1,0
COc1ccc(S(=O)(=O)n2nc(OC(=O)c3ccc(C)cc3)cc2N)cc1,0
CCOC(=O)N1CCC(NC(=O)Cn2c3ccccc3c3cn[nH]c(=O)c32)CC1,0
CCn1c(=O)cc(OCC(=O)Nc2ccc(C)cn2)c2ccccc21,0
Clc1ccc(OCc2nc(-c3ccccn3)n[nH]2)cc1,0
Cc1ccc(CCNC(=O)NC(C)(C)C)cc1,0
Cc1ccoc1C(=O)NCCCNC(=O)c1occc1C,0
N=c1nc(-c2ccccc2)ccn1O,0
Cn1c(C(=O)N2CCN(Cc3ccccc3)CC2)cc2c(=O)n(C)c3ccccc3c21,0
COc1ccccc1-c1nc2s/c(=C\c3cccs3)c(=O)n2n1,0
Cc1nnc(Nc2ccc(C(=O)NCCO)cc2)c2ccccc12,0
CN(C)CC(C)(C)NS(=O)(=O)c1ccc(Cl)cc1,0
CN(CC(=O)Nc1nccs1)S(=O)(=O)c1ccc(F)cc1,0
Cc1nnc2sc(-c3ccc(NC(=O)c4cccnc4)cc3)nn12,0
CC(C)(C)n1ncc2c(=O)n(CC(=O)NCc3ccco3)cnc21,0
COc1cccc(N2C(=O)C3CCCN3C2c2ccc(Cl)cc2)c1,0
COc1ccc(C(=O)NC(C(=O)NCc2ccccn2)C(C)C)cc1,0
CCC1CCCCN1C(=O)CSc1nnc(-c2ccc(Cl)cc2)o1,0
COC(=O)c1cc(Cc2ccc(N)c(C(=O)OC)c2)ccc1N,0
Nc1nnc(SCc2ccc3c(c2)OCO3)s1,0
COc1ccc(CCNC(=O)CSc2nnc(-c3cccc(F)c3)o2)cc1OC,0
COC(=O)c1cccc(Oc2nc3c(c(=O)n(C)c(=O)n3C)n2Cc2ccc(C)cc2)c1,0
CCCn1c(O)c(C(=O)NCc2ccccn2)c(=O)c2ccccc21,0
CSc1ccccc1NC(=O)c1ccco1,0
CC1(C)Nc2ccccc2N(CCC(=O)N2CCOCC2)C1=O,0
COc1nc(NCCc2ccc(OC)c(OC)c2)nc(OC)n1,0
COc1ccc(C(=O)NCCn2ccc3ccccc32)cc1,0
COc1cc(-c2nc(-c3ccc(C)nc3OC)no2)cc(OC)c1OC,0
CC(=O)Nc1ccc(C(=O)Nc2cccnc2)cc1,0
COCCNc1cc(C)nc2c3c(C)cc(C)nc3nn12,0
Cc1ccc(-n2ncc3c(=O)n(CC#N)cnc32)cc1,0
CCN1C(=O)CC(C(=O)Nc2ccc(C(=O)O)cc2)S/C1=N\c1ccccc1OC,0
CCN(CC)CCN1C(=O)c2ccccc2NC1c1cc(OC)c(OC)c(OC)c1,0
CCOC(=O)N1CC=C2C(C#N)=C(N)C(C#N)(C#N)C(c3ccsc3)C2C1,0
O=C(Nc1ccccc1)c1cc(N2CCOCC2)nc2ccccc12,0
COc1cc(NC(=O)c2c(-c3ccccc3Cl)noc2C)c2ncccc2c1,0
O=C1c2cccc3cccc(c23)C(=O)N1c1nncs1,0
CC(=O)N1CCN(CCNC=C2C(=O)CC(c3ccc(Cl)cc3)CC2=O)CC1,0
CC(=O)c1cc(CN2C(=O)CCC2=O)cs1,0
Cc1ccc(N2CC(C(=O)Nc3cccc(F)c3)CC2=O)cc1,0
COc1ccc(NC(=O)c2cccs2)cc1OC,0
CC(=O)c1c(C)nc(-c2ccc3c(c2)OCO3)n1O,0
Cc1cc(C)nc(NCCCN2CCOCC2)n1,0
COc1ccc(Nc2nnc(C)c3ccccc23)cc1C(N)=O,0
O=C(CCN1CCN(CCO)CC1)Nc1ccc(OCc2ccccc2)cc1,0
O=C(CN1CCN(c2nc(-c3ccc(Cl)cc3)cs2)CC1)NCc1ccco1,0
CCOC(=O)c1c(NS(=O)(=O)c2cccc(OC)c2)sc2c1CCC2,0
COCC(=O)Nc1nc(-c2ccccc2)ns1,0
CSC1=C(C#N)C(c2ccc(C(C)C)cc2)CC(=O)N1,0
O=C(c1cc(-c2ccc3c(c2)OCO3)on1)N1CCOCC1,0
CCn1c(SCC(=O)Nc2sc(C)c(C)c2C#N)nnc1C(C)C,0
Cc1nn(C)cc1C(N)=O,0
O=C1CC(O)(C(F)F)Oc2ccc3ccccc3c21,0
CC1CN(O)C2CCc3nonc3C12O,0
Cc1cc(=O)n2nc(N3CCCC3C(=O)NCc3ccccn3)sc2n1,0
C/C(=N\S(=O)(=O)c1ccc(C)cc1)N1CCN(S(=O)(=O)c2ccccc2)C1,0
CCc1cc2c(=O)n(C(C)C(=O)OC3CCCCC3)cnc2s1,0
CC(=O)c1cnc(Nc2nc(C)c3ccc(C)cc3n2)nc1C,0
CC(C)OCC(O)Cn1c(N2CCCC2)nc2c1c(=O)[nH]c(=O)n2C,0
Cc1ccc(NCc2nnc(SCC(=O)Nc3ccccc3)n2CC2CCCO2)c(C)c1,0
CC(C)(C)Cc1nnc(NS(=O)(=O)Cc2ccccc2)s1,0
Cc1ccc(N2CC(C(=O)Nc3ccccn3)CC2=O)cc1,0
CC(=O)N(C1=NCCCS1)c1ccccc1F,0
O=C(CC1CCCC1)Nc1nc2ccccc2[nH]1,0
CCOc1ccc(C(=O)NCCC(=O)NCCCC(=O)O)cc1,0
O=C1CCCC2=C1C(c1cccnc1)Nc1ccccc1N2,0
Cc1nnc(SCc2ccccc2Cl)n1CC1CCCO1,0
O=C(CCC1(C(=O)O)CCC(=O)NC1)NCc1ccccc1,0
Cc1sc(NC(=O)CSc2nnc(COc3ccccc3)n2C)c(C#N)c1C,0
CCCCSc1nc(=O)c(-c2ccccc2N)n[nH]1,0
COc1cc2c(C(=O)NCc3ccc4c(c3)OCO4)cn(C)c(=O)c2cc1OC,0
COc1cccc(NC(=O)C2CCCN2C(=O)Nc2cccc(F)c2)c1,0
Cc1cc(C)nc(N2CCCC(C(=O)Nc3cc(F)ccc3C)C2)n1,0
CC1=Nn2c(nnc2-c2ccccc2)SC1,0
Cn1c2c(c(=O)n(C)c1=O)CN(CC1CCCO1)CN2,0
O/N=C/c1cccn1-c1ccccc1,0
C=C1c2cc(OC)ccc2NC(=O)N1CC,0
CCCC(=O)Nc1ccc(OCC(=O)OC)cc1,0
c1ccc2c(-c3nc(C4CCCCC4)no3)cc(-c3ccncc3)nc2c1,0
CCCC1(CCC)NC(=O)N(CC(=O)Nc2ccccc2OC)C1=O,0
COc1ccc(OC)c(S(=O)(=O)Nc2cnc3ccccc3c2)c1,0
Cc1onc(-c2ccccc2)c1C(=O)n1cccn1,0
CC(C)(C)NC(=O)NC(=O)COC(=O)COc1ccc2c(c1)CCC2,0
COc1ccccc1CC(=O)Nc1ccc(OC)c(OC)c1,0
O=C(Cc1ccsc1-c1ccccc1)NO,0
CCCCN1C(=O)NC(=O)/C(=C(/CC)NCCCN(C)C)C1=O,0
COc1cc(S(=O)(=O)N2CCN(c3ccccc3F)CC2)ccc1Cl,0
COc1ccc(OC)c(C(=O)c2coc3ccc(O)cc23)c1,0
CCc1ccccc1NC1c2ccccc2C(=O)N1Cc1ccco1,0
CC1(C)Cc2nc3n[nH]c(N)c3cc2CO1,0
CCOCCCn1c(=S)[nH]c2ncccc2c1=O,0
Cc1ccc(S(=O)(=O)NCCC/C([O-])=C/[N+]#N)cc1,0
Cc1nc2cc(CO)ccc2n1C,0
Cc1ccc2c(c1)sc1ncc(NC(=O)c3ccccc3)c(=O)n12,0
Cc1[nH]c(NCc2ccco2)nc(=O)c1CCC(C)C,0
CCOc1ccccc1N(CC(=O)O)S(=O)(=O)c1ccccc1,0
COCCCNC(=O)COc1cc(C)c(Cl)c(C)c1,0
O=NC1=C2NC3(CCCCC3)[N+]([O-])=C2CCC1,0
O=C(Nc1cccc(-c2nnc(-c3ccccc3)o2)c1)c1ccco1,0
COc1ccc(CNC(=O)CCn2c(=O)oc3ccccc32)cc1,0
Cc1sc2nc(C(C)C)nc(SCC(=O)N3CCN(C(=O)c4ccco4)CC3)c2c1C,0
Cc1sc2nnn(CC(=O)N3CCN(C(=O)c4ccco4)CC3)c(=O)c2c1C,0
COC(=O)c1ccc(-n2nnnc2SCC(=O)N2CCCCC2)cc1,0
O=C(Oc1ccc(Cl)c2cccnc12)N1CCCCC1,0
CN1CCN(C(=O)c2ccccc2NC(=O)c2cccs2)CC1,0
O=C(CCN1C(=O)COc2ccccc21)N1CCC2(CC1)OCCO2,0
CCCCCn1c(Sc2nc3ccccc3s2)nc2c1c(=O)[nH]c(=O)n2C,0
COc1ccc(CNC(=O)CCc2c(C)nc3ncnn3c2C)cc1,0
Cc1ccc2[nH]c3c(NCCCN4CCCC4=O)ncnc3c2c1,0
O=C(CSc1ncn(-c2ccccc2)n1)NCc1ccccc1,0
COc1ccccc1CC(=O)NCC1CCCO1,0
CS(=O)(=O)N(Cc1ccc(F)cc1)Cc1nc(=O)c2ccccc2[nH]1,0
COC(=O)c1ccc(NC(=O)CCN2CCN(c3ccccc3)CC2)cc1,0
COc1cccc(/C=N/n2c(SC)nnc2-c2ccccc2)c1OC,0
O=C(NCCC1=CCCCC1)C1CCN(S(=O)(=O)c2cccc3nsnc23)CC1,0
CCCCCOc1ccc(C2NC(=O)NC2=O)cc1,0
COc1ccc(C(=O)Nc2ccc(S(=O)(=O)N3CCOCC3)cc2)cc1OC,0
Cc1ccc2nc(SC(C)C(=O)N3CCCC3)[nH]c2c1,0
N#C/C(=C\Nc1ccc2c(c1)OCCO2)c1nc2ccccc2[nH]1,0
O=C(Nc1ccc(NC(=O)C2CC2)cn1)c1ccccc1Cl,0
O=C(O)c1cccc(N2C(=O)C3CC=C(Cl)CC3C2=O)c1,0
CCN1CCCC1CNC(=O)c1cn(CC)c2ccc(S(=O)(=O)N3CCCCCC3)cc2c1=O,0
O=C(O)C1CC=CCC1C(=O)Nc1cccc(Cl)c1Cl,0
C/C=C/COC(=O)c1[nH]c2c(c1C)C(=O)CC(c1ccco1)C2,0
CC(C)Cn1c(N)c(C(=O)COC(=O)c2ccc3ccccc3n2)c(=O)n(C)c1=O,0
CCCCN1CCC(C#N)(Nc2ccccc2)CC1,0
COc1ccc(-n2c(Cc3cc(=O)[nH]c(=O)[nH]3)nnc2SCc2ccccc2)cc1,0
COc1ccccc1OCc1nc(C#N)c(NCc2ccco2)o1,0
Cc1ccc2nc(SCc3nnc(-c4cccs4)o3)[nH]c2c1,0
COc1cc2nc(CN3C(=O)c4ccccc4C3=O)oc(=O)c2cc1OC,0
Cc1ccc(C(=O)CCC(=O)Nc2cccnc2)cc1C,0
COc1nc2c(C)cccc2cc1-c1noc(-c2ccncc2)n1,0
CC(=O)c1cccc(N(CC(=O)NCCC2=CCCCC2)S(C)(=O)=O)c1,0
CC(C)c1nnc(NC(=O)CC(=O)Nc2ccccc2C(=O)O)s1,0
CC(C)Cc1ccc(C#N)c(SCC(N)=O)n1,0
CCn1nnc(NC(=O)COc2cc(C)ccc2C(C)C)n1,0
Cc1ccc(-c2nnc(N(C)C(=O)C3CCCO3)s2)cn1,0
CCN(CC)CCNc1nc2c(c(=O)n(C)c(=O)n2C)n1C/C=C(/C)Cl,0
Cc1c(NC(=O)c2ccccc2F)c(=O)n(-c2ccccc2)n1C,0
Cc1cc(N2CCCC2)n2nc(C)nc2n1,0
CCCN1C(=O)NC2(O)C(=O)c3ccccc3C12O,0
Cc1ccccc1-n1nc2c(c1NC(=O)COc1ccc(Cl)cc1)CS(=O)C2,0
COc1ccc(S(=O)(=O)Nc2ccccn2)c(C)c1C,0
O=S(=O)(NC1CCCCC1NCc1ccco1)c1ccc(Cl)cc1,0
COc1ccc(S(=O)(=O)n2nc(OC(=O)c3cccs3)cc2N)cc1,0
CCc1nc2ccccc2c(C(=O)OCC(=O)Nc2ccc(S(=O)(=O)N3CCOCC3)cc2)c1C,0
C=CCNC(=O)c1nn2cccnc2c1Cl,0
O=C(COC(=O)Cn1cnc2ccccc21)Nc1ccc2c(c1)OCCO2,0
O=C(OC(C(=O)NC1CCCC1)c1ccccc1F)c1ccco1,0
COC(=O)c1[nH]c2ccccc2c1NS(=O)(=O)c1ccc(F)c(C)c1,0
O=C(Nc1ccc(Cl)cc1)C1CC2CCCC(C1)C2=O,0
Cc1onc(-c2ccccc2)c1C(=O)NCCc1c[nH]c2ccccc12,0
O=C1C(Cl)=C(N2CCOCC2)C(=O)N1CCc1ccccc1,0
CCOc1ccccc1NC(=O)CSc1nnc(CNC(=O)COc2ccc(Cl)cc2)o1,0
CCCCNC(=O)Nc1ccccc1C(=O)NCc1ccco1,0
CCN1CCN(/C=N/c2nc(C)cs2)CC1,0
Cn1c(=O)c2[nH]c(NCC3CCCO3)nc2n(-c2ccccc2)c1=O,0
O=C(c1ccc(C#Cc2ccccc2)o1)N1CCN(c2ccccn2)CC1,0
CC(=O)N(CC1CCCO1)c1nnc(-c2ccccn2)s1,0
Cc1cc(=O)n2nc(N3CCCC3C(=O)NCCCN3CC(C)CC(C)C3)sc2n1,0
COc1ccc(NC(=O)COc2nc(N(C)C)nc(N(C)C)n2)cc1,0
COC(=O)CNc1nc(-c2cccnc2)nc2ccccc12,0
Cn1c(SCC(=O)Nc2ccc3c(c2)OCCO3)nnc1-c1ccccn1,0
O=C(Cn1cnc2c(nnn2Cc2ccccc2F)c1=O)NCC1CCCO1,0
CC1CN(S(=O)(=O)c2ccc(NC(=O)C3=C/C(=C4/C=CC=CC4=O)NN3)cc2)CC(C)O1,0
Cc1ccc(S(=O)(=O)O)c(C)c1N1CCCC1=O,0
CCn1c(N2CCC(C)CC2)nc2c1c(=O)n(C)c(=O)n2C,0
O=C1C(=CNCCCn2ccnc2)C(=O)c2ccccc21,0
COc1ccccc1C(=O)Nc1cccc(N(C)S(C)(=O)=O)c1,0
Cc1nnc(NC(=O)C2CCCCC2)s1,0
N#Cc1c(-c2ccccc2)[nH]c(SCc2nc(N)nc(N3CCCCC3)n2)nc1=O,0
COc1ccc(NC(=O)CCNC(C)=O)cc1NS(=O)(=O)c1ccc(F)cc1,0
CCCCn1c(NC(C)CC)nc2c1c(=O)[nH]c(=O)n2C,0
CCn1c2ccccc2c2nnc(SCC(=O)Nc3ccc4c(c3)OCO4)nc21,0
c1ccc2c(c1)OCC(c1nnc3sc(-c4cnccn4)nn13)O2,0
COc1ccc(CC(NC(=O)c2ccccc2)C(=O)NCC(=O)O)cc1,0
O=C(CC(Nc1ccc(F)cc1)C(=O)O)c1ccccc1,0
Cc1cc(Nc2ccc(C)c(F)c2)n2ncnc2n1,0
COc1ccc(Cl)cc1NC(=O)C1CCCO1,0
CCOC(=O)c1c[nH]c2c3c(ccc2c1=O)CCCC3,0
CCOC(=O)C(Cc1c[nH]c2ccccc12)NC(=O)CNC(C)=O,0
Cc1nc(C)c(-c2csc(NCc3ccco3)n2)s1,0
O=C(Nc1nccs1)c1ccc(S(=O)(=O)c2ccccc2)cc1,0
O=C(NCc1cccs1)c1cccc(S(=O)(=O)N2CCCCC2)c1,0
CCOC(=O)C(C)Oc1ccc(C2NC(=O)NC(C)=C2C(=O)Nc2ccccc2C)cc1,0
Nc1ccccc1SCC(=O)N1CCc2ccccc21,0
COc1cc(C(=O)Nc2ccc3c(c2)OCCO3)ccc1-n1cnnn1,0
c1ccc(OCc2nn3c(-c4ccncc4)nnc3s2)cc1,0
COc1ccc(C2=NCC(CSc3nccc(=O)[nH]3)S2)cc1,0
CCCCNc1cc(C)oc(=O)c1C(C)=O,0
CC(C)CC(=O)N1CCN(C(=O)CCC2CCCC2)CC1,0
CCCC(=O)Nc1ccc(N2CCCCC2)cc1,0
Nc1ccc(S(=O)(=O)NC(=O)c2ccccc2)cc1,0
COc1ccc(CSc2nc(=O)cc(C)[nH]2)cc1,0
Cc1ccc2cccc(Oc3cnccn3)c2n1,0
CCOc1cc(C)c(Cl)cc1S(=O)(=O)n1nnc2ccccc21,0
O=C(OC1CN2CCC1CC2)C12CC3CC(CC(C3)C1)C2,0
CCS(=O)(=O)Nc1c(C(=O)OC)[nH]c2ccccc12,0
O=C(CCN1C(=O)COc2ccccc21)NCc1cccnc1,0
Cc1ccc(S(=O)(=O)NC2=NCN(C3CCCCC3)CN2)cc1,0
CC1(C)CC(NS(=O)(=O)c2ccccc2)CC(C)(C)N1,0
CCC(=O)N1CN(S(=O)(=O)c2ccc(C)cc2)CC1C,0
COC(=O)c1cc(Cl)c(NS(=O)(=O)c2ccccc2)cc1OC,0
COc1ccc(N2C(=O)CC(N3CCN(c4nc5ccccc5s4)CC3)C2=O)cc1,0
CC1CCCN(c2nc3c(c(=O)n(C)c(=O)n3C)n2CCSc2nc3ccccc3o2)C1,0
CCOC(=O)N1CCN(C(=O)c2cn(C)c3ccc(S(=O)(=O)N4CCCC4)cc3c2=O)CC1,0
O=c1nc(N2CCCCC2)[nH]c2c1CCCC2,0
Cc1c(Cl)cccc1NC(=O)CCN1CCCCCC1,0
Cn1c(CC(=O)Nc2ccccc2)nnc1SCCOc1ccccc1,0
COc1cccc(COc2nc3c(c(=O)n(C)c(=O)n3C)n2C)c1,0
COC(=O)c1ccc2c(=O)n(CCCN3CCOCC3)c(=S)[nH]c2c1,0
CNC(=O)COC(=O)c1cc(F)c(F)cc1Cl,0
CCCN1C2CCCC1CC(NC(=O)c1ccccc1F)C2,0
CC(=O)N1CCN(CC(O)COc2ccc(OCc3ccccc3)cc2)CC1,0
CNc1oc(C)nc1S(=O)(=O)c1ccccc1,0
CCCOc1ccc(C(=O)N2CCN(c3ccc(NC(=O)CC)cc3Cl)CC2)cc1,0
CCCc1cc(=O)nc(SCc2ccc(C#N)cc2)[nH]1,0
CN(CC(=O)Nc1ccncc1)S(=O)(=O)c1ccc(Cl)cc1,0
O=S(=O)(c1ccccc1)c1nc(-c2ccco2)oc1NCCCn1ccnc1,0
C/C=C/c1ccc(OCCCCN2C(=O)NC(C)(C)C2=O)c(OC)c1,0
O=C(NCCOc1ccccc1)c1ncn[nH]1,0
CCOC(=O)C1CCCN(Cc2nc(N)nc(Nc3ccccc3OC)n2)C1,0
CC(=O)C1=C(O)C(=O)N(CCN(C)C)C1c1ccc(Cl)cc1,0
Cc1ccc(-n2ncc3c(NCCCN4CCOCC4)ncnc32)c(C)c1,0
O=C(c1cccs1)N1CCCC(c2nc(-c3ccc(F)cc3)no2)C1,0
O=C(NCCCc1ccccc1)c1cnc2n(c1=O)CCS2,0
Cc1nn(C)c(C)c1S(=O)(=O)NC1CCCC1,0
O=C(COc1ccc(Cl)cc1Cl)Nc1noc2ccccc12,0
CCCCn1nnnc1SCC(=O)c1ccc(C)c(C)c1,0
COc1ccc(N2CCN(C(=O)Cc3nn(C)c(=O)c4ccccc34)CC2)cc1,0
CCc1nc(=O)c(-c2ccccc2)c(C)[nH]1,0
Cc1ccc(-n2nnnc2SCC(=O)Nc2c(C)n(C)n(-c3ccccc3)c2=O)cc1,0
Cc1ccc(NC(=O)N(CCCN2CCOCC2)Cc2cc3cc4c(cc3[nH]c2=O)OCO4)cc1,0
CC(=O)Nc1cccc(OC(=O)c2ccoc2C)c1,0
O=C(CN1C(=O)CSc2ccccc21)NC1CCCC1,0
COCCNC(=O)C1CCN(S(=O)(=O)N2CCC3(CC2)OCCO3)CC1,0
CCOc1ccc(-c2nc(C#N)c(N3CCN(CC)CC3)o2)cc1,0
OCc1nc2ccccc2n1CC(O)COc1ccccc1,0
CC(C)=CCCC(C)CN1CCC(O)CC1,0
O=C(COc1ccccc1F)Nc1ccc(S(=O)(=O)NCc2ccco2)cc1,0
CCCC(=O)NC(c1ccco1)c1cc(Cl)c2cccnc2c1O,0
Cc1occc1C(=O)Nc1cccc(C(=O)NCc2ccccc2)c1,0
Cc1c(C)[n+](=O)c(-c2ccco2)c(C)n1[O-],0
C#CCOc1nc(OCC#C)nc(OCC#C)n1,0
CCS(=O)(=O)N1CCCC(C(=O)NC2CCC(C)CC2)C1,0
COc1ccc(S(=O)(=O)n2cnc3cc(C)c(C)cc32)cc1C,0
COc1ccccc1NC(=O)Cn1nnc(-c2ccccc2NC(=O)c2ccco2)n1,0
CC(C)CC(=O)Nc1ccc(-c2cn3ccsc3n2)cc1,0
COc1ccccc1-c1nc(C#N)c(N2CCC(Cc3ccccc3)CC2)o1,0
O=C(Nc1nc2ccccc2n1Cc1ccccc1)c1ccco1,0
CN1CCN(CC(=O)Nc2ccc(Cl)cc2Cl)CC1,0
Cc1ccc(Nc2nc(N)nc(CSc3nccn3C)n2)cc1,0
COc1cc(NS(=O)(=O)c2ccc(NC(C)=O)cc2)cc(OC)c1,0
CCC1(CC)NC(=O)NC1=O,0
COC1=C/C(=C/Nn2c(SC)nnc(C(C)(C)C)c2=O)C=CC1=O,0
COc1ccc(N(C(=O)c2cccc(OC)c2OC)C2C=CS(=O)(=O)C2)cc1,0
Cc1cccc(NC(=O)COc2ccccc2C)n1,0
c1ccc(-n2c(SCc3nc(-c4cccs4)no3)nnc2-c2ccco2)cc1,0
CCSc1nc(=O)c2c([nH]1)NC(C)=C(C(=O)OC)C2c1cccnc1,0
c1ccc2c(c1)nc(CN1CCOCC1)n1c3ccccc3nc21,0
Cc1cc(NS(=O)(=O)c2ccccc2)n(-c2ccccc2)n1,0
CCOC(=O)C1C(=O)NC(N2CCCCC2)=NC1c1ccccc1,0
O=C1NC(=O)N(CCC2=CCCCC2)C(=O)/C1=C/NCCCn1ccnc1,0
COc1ccc(Cc2nnc(SCC(=O)NC3CCCCC3)n2C)cc1,0
COc1ccc(C(=O)N2CCN(c3nc4ccccc4o3)CC2)cc1OC,0
CCCn1c(NC(=O)c2ccc(Cl)c(S(=O)(=O)N3CCCC3)c2)nc2ccccc21,0
CCc1ccc(NC(=O)c2cc(CC(C)C)on2)cc1,0
COC(=O)C(CCSC)NC(=O)Nc1ccc(C)cc1,0
Cc1cc(C)n2cc(CSCc3ccco3)nc2n1,0
COc1ccc(NC(=O)Cn2nnc(-c3ccccc3NC(=O)c3cccs3)n2)cc1,0
CCOC(=O)c1cc2sccc2n1CC(=O)Nc1ccc2c(c1)OCCO2,0
Nc1nncn1C(=O)CCc1ccccc1,0
O=C(c1n[nH]c(=O)c2ccccc12)N1CCN(c2ccccc2Cl)CC1,0
COc1ccc(-n2c(COc3ccccc3)nnc2SCC(N)=O)cc1,0
CC(=O)c1cc2c(cc1NC(=O)CSc1nc3ccccc3o1)OCO2,0
Cc1cccc(N(C)S(=O)(=O)c2ccc3c(c2)CCC(=O)N3)c1,0
O=C(CSc1nnc2scc(-c3ccccc3)n12)c1ccc2c(c1)OCCO2,0
CNCc1cc2ccc(C)cc2[nH]c1=O,0
O=C(CSC1=NS(=O)(=O)c2ccccc21)Nc1ccccc1,0
Cc1ccccc1CSc1nnc(C)n1N,0
CCC(=O)N(c1ccc(F)cc1)C1C=CS(=O)(=O)C1,0
CCn1cc(C(=O)NCc2ccc(Cl)cc2)c(=O)c2cc(S(=O)(=O)N3CCOCC3)ccc21,0
CCOc1ccccc1C(=O)n1nc2nc(C)cc(C)c2c1N,0
O=C(Cn1cnc2c(cnn2-c2ccccc2Cl)c1=O)N1CCc2ccccc21,0
Cn1cnnc1SCCC(=O)Nc1ccccc1,0
CC(NC(=O)c1cccnc1)C(c1cccs1)N1CCOCC1,0
CC(C)(C)c1ccc(-c2nc(C#N)c(NCc3ccncc3)o2)cc1,0
Cc1oc(-c2cccs2)nc1CS(=O)CC(=O)NCCCOC(C)C,0
Cc1ccccc1NC(=O)c1ccccc1,0
Fc1ccc(-n2cnnn2)c(F)c1,0
CCN(CC)CCN1C(=O)/C(=N\O)c2ccccc21,0
Cc1cc(NS(=O)(=O)c2ccc(N)cc2)no1,0
O=C(Nc1cccc(C(=O)N2CCCCCC2)c1)c1ccco1,0
COC(=O)Cc1c(C)nc2nc(Cc3ccccc3)[nH]n2c1=O,0
O=C(NCN1CCN(c2ccccn2)CC1)c1cnccn1,0
CC(=O)c1ccc(N2CCN(C(=O)C3(S(=O)(=O)c4ccc(Cl)cc4)CC3)CC2)cc1,0
Cn1c(=O)[nH]c(=O)c2c1nc(N1CCNCC1)n2CCOc1ccccc1,0
O=C(NCc1cccs1)c1cc2ccccc2o1,0
CC1(C(=O)NC2CCCC2)CCC(=O)N1Cc1ccc2c(c1)OCO2,0
COc1ccc(-c2csc(N(CC3CCCO3)C(=O)c3cccs3)n2)cc1,0
CCOc1ccc(S(=O)(=O)n2c(C)nc3ccccc32)cc1,0
CC(C)n1c(Nn2cnnc2)nc2ccccc21,0
COCCn1c(=N)c(C(=O)NCc2ccco2)cc2c(=O)n3cccc(C)c3nc21,0
COc1nc(Oc2ccc(=O)n(C)n2)nc(N(C)C)n1,0
CCOC(=O)CNc1nc(-c2ccncc2)nc2ccccc12,0
COc1ccc(OCC(=O)Nc2ccc(N3CCOCC3)c(Cl)c2)cc1,0
Cn1c(CCNC(=O)c2ccccc2)nc2cc(NC(=O)c3ccco3)ccc21,0
Cc1ccc2cc(C#N)c(SCC(=O)NCc3ccco3)nc2c1,0
Cc1cccc(Nc2nc(NCc3ccco3)nc(N3CCOCC3)n2)c1,0
CCc1nnc(NC(=O)C2CCN(C(=O)NC3CCCCC3)CC2)s1,0
CCOC(=O)c1ccc(NC(=O)CCc2nc(-c3ccc(C)cc3)no2)cc1,0
CCc1nn(CC(=O)NCCN2CCN(C)CC2)c(=O)c2cc3occc3n12,0
O=C(CSc1nnc(-c2ccc(Cl)s2)o1)N1CCOCC1,0
O=C(CSc1nnc(-c2ccc(Cl)cc2)n1Cc1ccco1)Nc1ccc2c(c1)OCCO2,0
COc1ccc(C(=O)c2coc3ccc(O)c(CN4CCOCC4)c23)cc1,0
Fc1cccc(CN2CCCCCCC2)c1,0
COc1ccc(N2CCn3c2nc2c3c(=O)n(CCc3ccccc3)c(=O)n2C)c(OC)c1,0
COc1ccc(C2C(C(=O)Nc3ccccc3OC)=C(C)N=C3N=CNN32)cc1,0
COc1cc(OC)cc(C(=O)Nc2ccccc2NC(C)=O)c1,0
Cc1cc(C)nc(-n2nc(C)cc2NC(=O)c2cc(=O)c3ccccc3o2)n1,0
CCOC(=O)c1cnc(-n2nc(C)cc2C)nc1Nc1ccc2c(c1)OCO2,0
CC1=N/C(=C2/C=CC=CC2=O)N(S(=O)(=O)N(C)C)N1,0
CC(C)(C)c1ccc(-c2nnc3sc(-c4ccncc4)nn23)cc1,0
CC(=O)NC1CCC(C(=O)O)(c2ccccc2)C1,0
O=C(NCC1CCCO1)c1ccc(NC(=O)C2CCCCC2C(=O)O)cc1,0
COc1ccc(OC)c(NC(=O)CCN2CCN(c3ccccc3)CC2)c1,0
CCOC(=O)c1ccc(NC(=O)c2ccc(NS(C)(=O)=O)cc2)cc1,0
Cc1ccc(-c2nc(CSCC(=O)N3CCOCC3)c(C)o2)cc1,0
COc1cccc(C2C(C(=O)OCc3ccccc3)=C(C)N=C3N=CNN32)c1OC,0
O=C1CCCC(=O)C1=CNCCc1ccccc1,0
O=C(NCc1ccc2c(c1)OCO2)c1ccc(-c2ccc(Cl)cc2)o1,0
CCCC(=O)NCCCCNC(=O)CCC,0
Cc1ccc(S(=O)(=O)N2CCN(C(=O)CN3CCOCC3)C2C(C)C)cc1,0
COC(=O)c1cc2sc(Cl)cc2n1CC(=O)Nc1ccc(OC)c(OC)c1OC,0
CC1CCC(NC(=O)C2c3ccccc3C(=O)N2CCCN2CCOCC2)CC1,0
O=C(NCCc1ccc2c(c1)OCO2)C1CCN(S(=O)(=O)c2ccc(Cl)cc2)CC1,0
O=C(O)CN1C(=O)c2cccc(Oc3ccc(Cl)cc3)c2C1=O,0
Cc1cc(NC(=O)CSc2nc(C3CC3)nc3sc4c(c23)CCC(C)C4)no1,0
O=C(c1ccccn1)N(Cc1cc2ccccc2[nH]c1=O)C1CCCCC1,0
CCCCCn1c(SCCN2CCOCC2)nc2c1c(=O)[nH]c(=O)n2C,0
O=C(Nc1ccc2c(c1)OCO2)c1cnn2cccnc12,0
O=C(O)c1ccc(COc2ccc(CO)cc2Cl)cc1,0
CCn1c(SCCOc2ccc(OC)cc2)nnc1C(CO)NC(=O)c1ccc(OC)cc1,0
CS(=O)(=O)N1CCC(C(=O)Nc2ccc(F)cc2F)CC1,0
Cc1nnc2ccc(N3CCC4(CC3)OCCO4)nn12,0
CCNC(=O)c1ccc(NS(=O)(=O)c2ccccc2)cc1,0
CCc1nc2sc3ccccc3c(=O)c2c(=O)n1Cc1ccco1,0
Cc1sc2nc3n(c(=O)c2c1C)NC(=O)CC3,0
Cc1nn(-c2ccccc2)c2sc(C(=O)NCCN3CCOCC3)cc12,0
O=C(CC12CC3CC(CC(C3)C1)C2)NCO,0
Cc1noc(C)c1COC(=O)CN(C)S(=O)(=O)c1ccc(Cl)cc1,0
O=C1CCC(=O)N1CNc1cccnc1,0
CCOC(=O)CSc1nc2n(-c3ccc(C)cc3)[nH]cc-2c(=O)n1,0
COc1ccc(C(=O)NCCc2nnc(SCC(=O)Nc3ccccc3)n2C)cc1,0
CCc1c(C)[nH]c(Nc2nc(C)c3cc(OC)ccc3n2)nc1=O,0
CCOC(=O)c1nc(-c2ccc3c(c2)OCO3)[nH]c1C,0
O=C(Nc1ccccc1)N1CCCCC1c1cccnc1,0
COC(=O)C1=C(NC(=O)c2cccs2)CCS1,0
COc1cccc(C(=O)n2cnnc2N)c1OC,0
Clc1ccc(OCCN2CCN(c3ncnc4sccc34)CC2)cc1,0
O=C1C2CC=C(Cl)CC2C(=O)N1c1ncn[nH]1,0
Cc1[nH]c(=S)[nH]c(=O)c1CCOc1ccccc1,0
CCN1CCCC1CNC(=O)CCc1nc(-c2ccc(C)cc2)no1,0
Cc1onc(-c2ccccc2Cl)c1C(=O)NCCN1Cc2ccccc2C1=O,0
Cc1ccc(OCCN2C(=O)CSC2=O)cc1,0
CSc1ccccc1NC(=O)Nc1ccccc1,0
O=c1[nH]nc2n1CCCCC2,0
O=C(CSc1nc2ccccc2n1CC(=O)N1CCCC1)Nc1nccs1,0
Nc1nc(=O)c2ncn(COCCO)c2[nH]1,0
COc1cccc(C(=O)Nc2cc(=O)n(C)c(=O)n2C)c1,0
CCn1c(COc2cccc(C)c2)nnc1SCC(=O)N1CCCC1,0
Cc1ccc(C(=O)Nc2ccc3c(c2)OCO3)cc1S(=O)(=O)N1CCCC1,0
Cc1cc(Nc2ccc(N3CCC(C)CC3)cc2)n2ncnc2n1,0
C/C(=C(\C#N)C(=O)NCCCN1CCOCC1)N(C)C,0
CCN(CC)S(=O)(=O)c1ccc(C(=O)N2CCN=C2SC)cc1,0
O=C(CC1CCS(=O)(=O)C1)Nc1ccc[nH]c1=O,0
CC1(C)CC(=O)C(=CNCCN2CCN(C(=O)c3ccccc3)CC2)C(=O)C1,0
Cc1onc(-c2c(F)cccc2Cl)c1C(=O)N1CCc2ccccc2C1,0
CCOC(=O)C(C(=O)N1CCOCC1)C1CCCCC1,0
COc1ccc(S(=O)(=O)N(C)CC(=O)Nc2ccc(F)cc2)cc1,0
Cc1oncc1C(=O)Nc1ccc(C(F)(F)F)cc1,0
Cc1ccc(CNC(=O)C2CCC(=O)N2C2CCCCC2)cc1,0
O=C(NCC1CCCO1)C1C2C=CC3(CN(Cc4cccs4)C(=O)C13)O2,0
O=C(Cn1c(SCC(=O)NC2CCCC2)nnc1-c1ccncc1)Nc1ccc2c(c1)OCO2,0
Fc1ccccc1-c1nc(NCCCN2CCOCC2)c2ccccc2n1,0
c1ccc(CC2CCN(c3nnnn3-c3ccccc3)CC2)cc1,0
C=CCN(CC=C)c1nc2ccccc2nc1C(C#N)C(=O)OCCOC,0
Cc1csc(NC(=O)C2CCCCC2C(=O)O)n1,0
CCN(CC)c1ccc(/C=N/C(C#N)=C(\N)C#N)cc1,0
N#CCCS(=O)(=O)c1nnnn1-c1ccccc1,0
O=C(NCc1ccco1)c1cccc(-c2nnc(-c3ccccc3)o2)c1,0
CCCCOc1ccc(OC(=O)c2cccnc2)cc1,0
CCOC(=O)c1ccc(N2CN=C3SCC(=O)N3C2)cc1,0
c1ccc(Cn2nnnc2CN2CCN(c3ncccn3)CC2)cc1,0
CC(NC(=O)c1noc2c1CCCCC2)c1ccccc1,0
COc1ccccc1N1CCN(C(=O)c2c(-c3ccccc3)noc2C)CC1,0
Cn1cccc1-c1nc2ccc(NC(=O)c3cccs3)cc2[nH]1,0
Cn1c(Nn2cnnc2)nc2ccccc21,0
COc1cccc(C2C(C#N)=C(N)OC(C(C)(C)C)=C2C#N)c1,0
Cc1[nH]c(=S)[nH]c(=O)c1Cc1ccccc1,0
CCOC(=O)c1ccc(NC(=O)CC2SCCNC2=O)cc1,0
CCOC(=O)CSc1nc2c(c(=O)[nH]c(=O)n2C)n1CCCc1ccccc1,0
CS(=O)(=O)N(CC(=O)N1CCN(c2cccc(Cl)c2)CC1)c1cccc(F)c1,0
C=CCC1CCCCC12NC(=O)NC2=O,0
C=CCn1c(SCC2=C(C(=O)OCC)C(C)NC(=O)N2)nnc1C1CCCCC1,0
C=CCn1c(SCC(=O)Nc2cc(NC(C)=O)ccc2OC)nnc1-c1ccccn1,0
Cc1ccc(NC(=O)CSc2nnc(CSc3nc(C)cc(C)n3)n2Cc2ccco2)c(C)c1,0
CC(C)COC(=O)N1CCCC1C(=O)Nc1nccs1,0
CCN1CCN(C(c2cccc(OC)c2)c2sc3nc(C)nn3c2O)CC1,0
CCCCOc1nc2nc(-c3ccco3)n(Cc3ccco3)c(N)c-2c1C#N,0
CCS(=O)(=O)N1CCC(C(=O)NCCN2CCN(Cc3ccccc3)CC2)CC1,0
COCc1[nH]nc2c1C1(CCSCC1)C(C#N)=C(N)O2,0
CCOC12NC(=O)CC(=O)N1C(c1ccccc1)=CS2,0
O=S(=O)(NCc1cccnc1)c1cccc2nsnc12,0
CC1=CC=CN2C(=O)C(=C/Nc3ccccc3)/C(=N/Cc3ccco3)N=C12,0
COC(=O)Cc1c(C)nc2nc(NCc3ccc(Cl)cc3)[nH]n2c1=O,0
Cc1c(Cl)cccc1NC(=O)CCCCCN1C(=O)CCC1=O,0
COc1ccc(N2C(N)=C(C#N)C(c3cccnc3)C3=C2CC(C)(C)CC3=O)cc1,0
CC1CCN(c2ccccc2N)CC1,0
Oc1cc(Cc2ccccc2)cnc1CN1CCOCC1,0
COC(=O)c1cccc(NC(=O)CSc2nc(=O)cc(N)n2-c2ccccc2)c1,0
COC(=O)c1ccccc1NC(=O)c1cnc2sccn2c1=O,0
COc1ccc(CCNC(=O)CCC(=O)N2CCN(S(=O)(=O)c3ccccc3)CC2)cc1OC,0
CC(C)c1cc(C(N)=O)c(NC(=O)C2CCC2)s1,0
COc1ccccc1NC(=O)NCc1ccc2c(c1)OCO2,0
CCOC(=O)CSc1nnc(CNC(=O)c2ccco2)n1C,0
COc1cccc(CN2CCN(C(=O)c3cccc(F)c3)CC2)c1,0
Cc1cc(C)c(S(=O)(=O)Nc2cccnc2)c(C)c1,0
COc1ccc(C2CCN(Cc3cccnc3)CC2O)cc1,0
O=C(CCn1cccc1)NC1CCCc2ccccc21,0
O=C(NC1CCCCC1)N1CCN(C2CCCCC2)CC1,0
O=C(Nc1ccc2c(c1)OCO2)OCc1ccccc1,0
Oc1c(C(c2ccco2)N2CCN(C(c3ccccc3)c3ccccc3)CC2)sc2ncnn12,0
Cc1ccc2nc(NC(=O)CN3CCOCC3)sc2c1,0
CCS(=O)(=O)N1CCCC(C(=O)NC2CCCCC2C)C1,0
CC(Oc1ccccc1)C(=O)Nc1ccc(C(N)=O)cc1,1
CC(Nc1ncnc2nc[nH]c12)c1ccccc1,0
CC1CCc2cc(F)ccc2N1C(=O)CCC(=O)O,0
Cc1ccccc1NC(=O)NCc1ccco1,0
C=CCn1c2ccccc2c2nnc(SC(CC)C(=O)Nc3nc(C)c(C(=O)OCC)s3)nc21,0
C/C(=C\C(=O)c1ccc(F)cc1)Nc1ccc(N2CCOCC2)cc1,0
O=C(c1csc2ccccc12)n1cccn1,0
CC1(C)CC(=O)C(=CNCCc2ccccc2)C(=O)C1,0
Cc1cc(NCCCN2CCOCC2)n2c(nc3ccccc32)c1C#N,0
O=S(=O)(Nc1cccc2ccccc12)N1CCCC1,0
O=c1c2ccccc2[nH]c(=S)n1-c1ccc2c(c1)OCO2,0
CC(=O)c1c(C)[nH]c(C(=O)Nc2c(C)n(C)n(-c3ccccc3)c2=O)c1C,0
Clc1ccc(-c2nn3c(-c4ccccc4)nnc3s2)cc1,0
Cc1ccc(S(=O)(=O)Cc2cn3cccnc3n2)cc1,0
Cc1ccc(NC(=O)c2oc3ccc(S(=O)(=O)N4CCOCC4)cc3c2C)cc1C,0
COc1cccc(C(=O)OCc2ccccc2C#N)c1O,0
O=C(O)CCC(C(=O)O)N1C(=O)/C(=C2/C(=O)Nc3ccccc32)SC1=S,0
O=C(Nc1ccc(CN2CCOCC2)cc1)c1cccs1,0
O=C(CCC(=O)c1cccs1)Nc1ccccc1F,0
N#CC1=C(SCC(=O)NC2CC2)NC(=O)C(C#N)C12CCCCC2,0
COc1ccc(CN2C(=O)NC3(CCCCCC3)C2=O)cc1F,0
Cc1ccc(S(=O)(=O)N2CCCC2C(=O)Nc2cc(C)on2)cc1,0
Cc1nc2nc(-c3cccnc3)nn2c(C)c1Cl,0
CC(=O)Nc1ccc(OCC(O)Cn2nc(C)nc2C)cc1,0
CC(=O)Nc1ccc(NC(=O)c2c(C)nc3ccccn23)cc1,0
c1ccc(-c2noc(-c3ccncc3)n2)nc1,0
Cc1cc(-c2nnc(-c3ccccc3)c(-c3ccccc3)n2)c(C)o1,0
O=C(CN1C(=O)c2ccccc2C1=O)NCc1ccccn1,0
CC1=CC(Nc2cccc(F)c2)=N/C(=C2/C=CC=CC2=O)N1,0
O=C(O)C1CCCCC1C(=O)Nc1ccc(Cl)cc1,0
Nc1c(C(=O)NCCc2ccccc2)nnn1Cc1ccccc1,0
COc1cc(NC(=O)c2cc(OC)c(OC)c(OC)c2)c(OC)cc1NC(=O)CN1CCCCC1,0
COc1ccccc1-n1c(=O)oc2ccc(Cl)cc2c1=O,0
Cn1nc(C(=O)Nc2sccc2C(N)=O)ccc1=O,0
O=C(Nc1ccc(F)cc1)N(Cc1ccco1)Cc1cc2cc3c(cc2[nH]c1=O)OCO3,0
COc1cc2c(cc1OC)C(c1ccco1)CC(=O)N2,0
COCC(=O)Nc1nc2ccc(C)cc2s1,0
COc1ccc(NC(=O)c2cnc3sccn3c2=O)cc1OC,0
O=C(Cn1c(C(=O)NCc2ccco2)cc2sccc21)c1ccccc1,0
CCn1c(SCC(=O)Nc2ccc3c(c2)OCO3)nc2c1c(=O)n(C)c(=O)n2C,0
COc1ccc(C(=O)Nc2ccc3c(c2)OCO3)cc1OC,0
O=C(Cn1cnc2c(cnn2-c2ccccc2)c1=O)OCc1ccccc1,0
Cc1ccccc1C(=O)NC1CCN(CC(=O)Nc2nccs2)CC1,0
COCCNC(=O)C(OC(=O)c1cccs1)c1ccccc1,0
CN1CCCCc2c1nc1c(c2N)CCCC1,0
CCc1nnc(NC(=O)c2ccc(N3C(=O)CCC3=O)cc2)s1,0
O=C(COc1ccccc1)Nc1ccc(S(=O)(=O)N2CCCC2)cc1,0
COCC(C)n1c(C)cc(C(=O)CSc2nc(=O)c3ccccc3[nH]2)c1C,0
Cc1nnc2ccc3ccccc3n12,0
O=c1[nH]c2cc(Cl)ccc2n1-c1ccccc1,0
Cc1nc2c(C)cccn2c1/C(O)=C1\C(=O)C(=O)N(CCN(C)C)C1c1ccncc1,0
Cc1ccc(S(=O)(=O)NCc2cn3c(C)csc3n2)cc1,0
O=C(COc1cccc(NC(=O)c2ccco2)c1)c1ccc(F)cc1,0
O=C(Nc1ccc2nn(-c3ccccc3)nc2c1)c1cccnc1,0
CCC1CCCCN1C(=O)COc1cc(=O)n(C)c2ccccc12,0
CCOC(=O)C(C)Sc1nc2c(c(=O)[nH]c(=O)n2C)n1Cc1ccc(Cl)cc1,0
CCOc1cc(C)c(C(C)C)cc1S(=O)(=O)NCc1ccccn1,0
Cc1noc(NS(=O)(=O)c2ccc(NC(=O)CSc3nc4c(cc3C#N)CCC4)cc2)c1C,0
O=c1cc(O)nc(SC23CC4CC(CC(C4)C2)C3)[nH]1,0
CCOc1cc(CN2CCSCC2)ccc1O,0
O=[n+]1cc(-c2ccccc2)n([O-])c2c1CCC2,0
COC(=O)C1=C(C)Nc2ccc(C)cc2S1,0
O=C(CCn1nc(-c2ccccc2)ccc1=O)N1CCN(c2ccccn2)CC1,0
Cc1ccc(-c2cc(C)nc3ncnn23)cc1,0
CC(=O)Nc1ccc(S(=O)(=O)Nc2nc(C)cc(-n3nc(C)cc3C)n2)cc1,0
O=S(=O)(Nc1ccc(Cc2ccncc2)cc1)N1CCCC1,0
CCc1ccc2c(c1)N/C(=C1/C=C(N)C=CC1=O)O2,0
Cc1cc(C)c(S(=O)(=O)Nc2ccc(O)cc2)c(C)c1,0
CCOC(=O)c1cc2cc(F)ccc2nc1C,0
CCCCOC(=O)c1ccc(NC(=O)c2cnccn2)cc1,0
O=C(NCCN1CCOCC1)c1cc(-c2ccccc2)on1,0
COc1cc(C(=O)Oc2ccccc2N)cc(OC)c1OC,0
CCN1C(=O)c2ccc(-c3nc4ccccc4c(=O)o3)cc2C1=O,0
CCc1c(C)sc(NC(=O)c2ccco2)c1C(=O)N1CCCCC1,0
Cc1ccc(S(=O)(=O)N2CCCC(C(=O)NCCCN3CCCCC3C)C2)cc1,0
Cc1cc(NC2CCCCC2)nc(N2CCOCC2)n1,0
O=C(Nc1ccc(C(=O)N2CCOCC2)cc1)Nc1cccc(Cl)c1,0
CC(C)(C)C1=C(C#N)C(c2ccc3c(c2)OCO3)C(C#N)=C(N)O1,0
O=C1c2oc3ccc(F)cc3c(=O)c2C(c2ccccc2)N1CC1CCCO1,0
CCC(Sc1nc(=O)cc(-c2ccccc2)[nH]1)C(=O)O,0
CC(=O)Nc1ccc(-n2c(C)c(C(C)=O)c(C(C)=O)c2C)cc1,0
Clc1ccc(CSc2ncn[nH]2)cc1,0
COc1ccccc1N/C(=N\C(C)=O)Nc1nc(C)cc(C)n1,0
CCOC(=O)c1sc2ncn(/N=C/c3ccccn3)c(=O)c2c1C,0
CN(Cc1ccccc1)c1oc(-c2ccco2)nc1C#N,0
O=C(CN1C(=O)c2ccccc2S1(=O)=O)Nc1cccnc1,0
C=CCn1c(-c2cc(OC)cc(OC)c2)n[nH]c1=S,0
Cc1nn(-c2ccccc2)c2nc(=O)n(-c3ccccc3)cc12,0
CCN(CC)S(=O)(=O)c1cccc(C(=O)Nc2ccc(Cl)cn2)c1,0
COc1cccc(C2/C(=C(/O)c3cnn(-c4ccccc4)c3C)C(=O)C(=O)N2CCN(C)C)c1,0
COC(=O)c1ccc(CSc2nnc3c(Cl)cc(Cl)cn23)o1,0
Cc1sc2ncnc(SCC(=O)NC(=O)NCc3ccco3)c2c1C,0
Cc1[nH]c2ccc(C(=O)OCCN(C)C)cc2c1C,0
CC(/N=c1\ccccn1C(=O)Nc1ccc(F)cc1)c1ccco1,0
CC(C)(C)NC(=O)CSc1nnc(NC(=O)CCn2cnc3ccccc3c2=O)s1,0
CC(C)(C)OC(=O)NC(Cc1ccccc1)c1nnc(SCC(=O)O)o1,0
CCOC(=O)c1nnn(-c2nonc2N)c1-c1ccccc1,1
Cc1ccc(-c2nn(-c3ccccc3)cc2/C=C(\C#N)c2cccc(C#N)c2)o1,0
CCOC(=O)C1=C(C)Nc2nc3ccccc3n2C1c1cccnc1,0
Cc1[nH]c2ccccc2c1C(=O)CSCC(=O)O,0
Cc1ccc(NC(=O)CSCc2c(C)noc2C)cc1C,0
CCOC(=O)c1cnc(-n2nc(C)cc2C)nc1NC1CCCCC1,0
CC(C)C(=O)Nc1cccc(C(=O)Nc2ccc3c(c2)OCO3)c1,0
Cc1cccc2cc(CN(Cc3ccco3)C(=O)N3CCCC3)c(=O)[nH]c12,0
N#Cc1c(/N=C/N2CCOCC2)sc2c1CCCCC2,0
c1ccc2c(c1)sc1nnnn12,0
CC(C)(C)C1CCc2onc(C(=O)N3CCOCC3)c2C1,0
Cc1cc(C(=O)OCC(=O)N2c3ccccc3CC2C)c(C)o1,0
C=C(C)Cn1c(SCCCO)nc2c1c(=O)[nH]c(=O)n2C,0
CN1CCc2c(sc(/N=C/c3ccco3)c2C(N)=O)C1,0
CN(C)c1cc(NC(=O)CN2CCOCC2)c2ccccc2n1,0
CC(=O)Nc1ccc(NS(=O)(=O)c2ccc(Cl)c(C(=O)O)c2)cc1,0
CC(=O)C1=C(O)C(=O)N(c2cccc(C(=O)O)c2)C1c1ccccc1F,0
O=C1c2ccccc2C(=O)N1CNc1ccccc1,0
CSCCNC(=O)c1ccc(C(C)(C)C)cc1,0
COCCCNC(=O)Cn1nc(-c2ccc(C)cc2)ccc1=O,0
CCOC(=O)CSc1nc2sc(C)c(C)c2c(=O)n1C,0
CC(=O)Nc1cccc(OCC(O)Cn2cnc3ccccc32)c1,0
CS(=O)(=O)NCc1ccc(C(=O)NC2CCCCC2)cc1,0
CC1(C)CC(=O)C2=C(C1)OC(c1ccncc1)C(C#N)=C2N,0
Cn1c(NCc2cccnc2)nc2c1c(=O)n(Cc1ccccc1F)c(=O)n2C,0
O=C(Cn1[nH]c(=O)c2ccccc2c1=O)Nc1ccc2c(c1)CCC2,0
CCOc1ccc(C(=O)N(CN2CCCC2=O)c2ccc(C)cc2)cc1,0
CCN(CC)CCn1c(=S)[nH]c2ccccc2c1=O,0
C=C(c1ccc(O)cc1)c1ccc(O)cc1,0
COCc1cc(=O)n2[nH]c(C)nc2n1,0
CCOC(=O)c1cnc(SCC)[nH]c1=O,0
Cc1ccc(CN2C(=O)CCC2C(=O)NCc2ccco2)cc1,0
O=C(COC(=O)c1cccnc1)c1ccc(Cl)cc1,0
CSc1nc(C)cc(OCCNS(=O)(=O)c2cc(C)ccc2C)n1,0
O=C1CCC(C(=O)NCCCn2ccnc2)N1,0
CN1CCN(Cc2nc(N)nc(Nc3ccc4c(c3)OCCO4)n2)CC1,0
COc1ccc(C(=O)Nc2nncs2)c(OC)c1,0
COc1ccc2oc(C)c(C(N)=O)c2c1,0
Clc1ccc(C2Nc3ccccc3-n3cccc32)cc1,0
CCCCn1c(NCCN(C)C)nc2c1c(=O)[nH]c(=O)n2C,0
COc1ccc(OC)c(Nc2nc(-c3sc(C)nc3C)cs2)c1,0
Cc1ccc(NC(=O)N2CCC(NC(=O)c3ccccc3C)CC2)cc1,0
Cc1cc(C(=O)Nc2ccc(S(=O)(=O)Nc3onc(C)c3C)cc2)c(C)o1,0
CCCCOc1cc(=O)[nH]c(=O)[nH]1,0
COC(=O)C(C)n1cnc2c(nnn2-c2cccc(Cl)c2)c1=O,0
O=S(=O)(Cc1ccccc1)Nn1cnnc1,0
CCOC(=O)N1CCC(NC(=O)Cn2ncc3ccccc32)CC1,0
COc1cccc(-c2noc(-c3cccnc3)n2)c1,0
O=C(c1ccco1)N(Cc1ccco1)c1ccc(O)cc1,0
CCOc1ccc(C(=O)Nc2c3c(nn2-c2cccc(Cl)c2)CS(=O)C3)cc1,0
O=C(CN1CCN(c2nc(-c3ccccc3)cs2)CC1)Nc1ccc2c(c1)OCO2,0
COCCOC(=O)C1=C(C)N=C2SCCC(=O)N2C1/C=C/c1ccccc1,0
Cc1cccc2cc(CN(CCCO)C(=O)Nc3ccccc3Cl)c(=O)[nH]c12,0
Cc1cccc(-n2ccnc2SCC(=O)Nc2cc(C)on2)c1,0
Cn1c(SCC(=O)Nc2ccc3c(c2)OCCO3)nnc1-c1ccco1,0
CC(C)(C)NC(=O)NC(=O)Cn1cc(C(F)(F)F)ccc1=O,0
Oc1ccccc1C1Nc2cccc3cccc(c23)N1,0
Cc1nc2ccccc2c2oc(C(=O)NCCCN3CCC(C)CC3)cc12,0
O=C1OC2(CCCCC2)OC(=O)C1=CNc1nccs1,0
CC(=O)c1cccc(NC(=O)COc2nsnc2N2CCOCC2)c1,0
COc1ccc(NC(=O)C2CCCCN2S(=O)(=O)c2ccc(F)cc2)c(OC)c1,0
O=C(CS(=O)(=O)Cc1ccccc1)Nc1ncccn1,0
CCCC(=O)Nc1nnc(Cc2ccccc2)s1,0
Cc1nc(C)c(NC(=O)N2CCc3ccccc32)cc1NC(=O)N1CCc2ccccc21,0
CCOc1ccccc1NC(=O)Cn1cnc2c(nnn2-c2cccc(OC)c2)c1=O,0
O=c1nc(CN2CCN(c3ccccc3Cl)CC2)[nH]c2ccsc12,0
c1ccc(CSc2nnc(Cc3ccccn3)o2)cc1,0
COc1ccc(CNc2oc(COc3ccc(Cl)cc3)nc2C#N)cc1,0
O=C(Nc1ccc(S(=O)(=O)NCc2ccco2)cc1)c1ccc2ccccc2n1,0
Cc1cc(N(C)C)nc(SC(C)C)n1,0
Nc1nonc1-c1noc(-c2ccccc2)n1,0
O=S(=O)(c1cccc(-c2cn3cccnc3n2)c1)N1CCOCC1,0
O=C1CC(c2ccsc2)c2cc3c(cc2N1)OCCO3,0
Cc1ccc(S(=O)(=O)N2CCN(C(=O)CSc3nc(=O)c(C)n[nH]3)CC2)cc1,0
CCOC(=O)Nc1ccc2c(CN3C(=O)NC4(CCCC4)C3=O)cc(=O)oc2c1,0
Cc1cccc(S(=O)(=O)c2c(N)n(/N=C/c3ccco3)c3nc4ccccc4nc23)c1,0
O=C(NCc1cccs1)C1CCN(c2nccs2)CC1,0
COc1ccc(CCNC(=O)Cn2c(=O)cnc3ccccc32)cc1,0
CCOC(=O)c1ccccc1NC(=O)CN(c1ccccc1)S(=O)(=O)N(C)C,0
CCCOc1ccccc1C1CC(=O)NC(C)=C1C(=O)OCC(C)C,0
Cc1nc(CC(=O)Nc2nc(-c3ccccc3)cs2)cs1,0
COCC(=O)Nc1ccc(C)c(Cl)c1,0
O=C(O)C1CCCCC1C(=O)Nc1cccc(C(=O)N2CCCCC2)c1,0
CCCn1c(SCc2nc(-c3cccs3)no2)nnc1-c1ccncc1,0
O=C(CN1CCN(c2ccc(F)cc2)CC1)NCC1CCCO1,0
c1cc(C2CCCCC2)ccc1Oc1nc(N2CCOCC2)nc(N2CCOCC2)n1,0
COc1ccc(N(CC(=O)NCC2CCCO2)S(=O)(=O)c2c(C)noc2C)cc1,0
O=C(COc1cc(=O)n2c(n1)SCCC2)c1ccccc1,0
COc1ccc(NC(=O)CCN2CCCCC2)cc1,0
CSc1nsc(SCC(=O)NC2CCCCC2)n1,0
O=C(c1cccc(C(=O)N2CCc3ccccc32)n1)N1CCc2ccccc21,0
Cc1nnc2c3ccccc3c(-c3ccccc3)nn12,0
COc1ccc(-c2nc(CS(=O)(=O)CC(=O)Nc3ccc(Cl)cc3)c(C)o2)cc1,0
Cc1ccccc1Cn1ccc(NC(=O)c2onc(C)c2Cl)n1,0
CC(=O)Cc1nsc(NC(=O)c2ccc(-c3ccccc3Cl)o2)n1,0
Cc1cc(N2CCC(N(C)C3CCCC3)CC2)[nH]c2cc(=O)ccc1-2,0
CCn1c(SCc2nc3ccccc3[nH]2)nnc1-c1cnccn1,0
COc1ccc(CNC(=O)CSc2nc3nc(C)cc(C)n3n2)cc1,0
COC(=O)Nc1ccc(NC(C)=O)cc1,0
Cc1cc(NC(=O)CSc2c(C)[nH]c3ccccc23)no1,0
COc1ccc(CNC(=O)C2CCN(c3nccs3)CC2)cc1,0
Cc1ccc(S(=O)(=O)NCCC(=O)NCc2ccccc2)cc1,0
CCOc1ccccc1-n1c(COc2ccccc2)nnc1SCC(N)=O,0
CCOc1ccc(NC(=O)c2nnn(CC(=O)Nc3ccccc3OC)c2N)cc1,0
C=CCn1c(=O)/c(=C\c2ccc(F)cc2)s/c1=C(/C#N)c1nnc2n1CCCCC2,0
COC(=O)CSc1nc2nc(C)cc(C)n2n1,0
Cc1cc2c(C(F)(F)F)cc(=O)oc2c2c1NCCC2,0
CCOCCCn1c(=N)c(C(=O)Nc2cc(C)on2)cc2c(=O)n3ccccc3nc21,0
CCCOc1ccccc1NC(=O)c1c(-c2ccccc2)noc1C,0
Cc1ccc2cccc(OC(=O)N3CCCC3)c2n1,0
CCCCc1ccc(NS(=O)(=O)N(C)C)cc1,0
Cc1cc(C(=O)Nc2cccc3ncccc23)no1,0
CCOC(=O)c1cnc(SCC(=O)N2CCc3ccccc32)nc1N,0
Cc1ccc(F)cc1NC(=O)c1cccc(N(C)C)c1,0
CCOC(=O)CSC(CC)C(=O)Nc1nnc(CC)s1,0
CCOc1ccc(Nc2nc(Cc3nnc(SCC(=O)NCC4CCCO4)n3C)cs2)cc1,0
O=C1c2ccccc2C(=O)N1c1cccc(-c2nc3ccccc3o2)c1,0
CCCC(=O)Nc1sc(C(=O)OC)c(C)c1C(N)=O,0
CC(C)CN(C(=O)COC(=O)Cn1cnc2ccccc2c1=O)C1CCS(=O)(=O)C1,0
COc1cc(C2C(C#N)=C(N)Oc3n[nH]c(-c4ccncc4)c32)cc(OC)c1OC,0
O=C(COC(=O)C1CCN(C(=O)c2ccc(Cl)cc2)CC1)c1ccco1,0
C=CCc1c(C)nc(SC)nc1Nc1ccc(C(=O)O)cc1,0
COc1ccccc1C1N(c2ccc(F)cc2)C(=O)C2CCCN21,0
Cc1nc(C)c(C(=O)Nc2ccc(Oc3ccccc3)cc2)o1,0
c1ccc(Oc2ccc(-n3cnnn3)cc2)cc1,0
CN(Cc1cc2ccccc2[nH]c1=O)S(=O)(=O)c1ccccc1,0
CCOc1ccc(C(=O)N2CCN=C2SC)cc1OCC,0
CCN1C(SCC(=O)Nc2ccccc2N2CCOCC2)=NN/C1=C1/C=CC=CC1=O,0
COc1ccc(S(=O)(=O)Nc2cc(OC)c(NC(=O)c3ccco3)cc2OC)cc1,0
C=C1C2(C(=O)Nc3nccs3)CCC(C2)C1(C)C,0
COc1ccc(S(=O)(=O)N2CCN(C(=O)c3cccc(Cl)c3)CC2)cc1,0
Nc1cc(N)nc(SCc2cccnc2)n1,0
COC(=O)C(CC(C)C)NC(=O)NC1CCCc2ccccc21,0
CCCCn1c(-c2ccccc2)nnc1-c1ccccc1,0
CC(=O)OC1CC(C)(C)N(OC(=O)c2ccccc2)C(C)(C)C1,0
O=C(c1ccc(F)cc1)N1CCC(N2CCCCCC2)CC1,0
COc1ccccc1NC(=O)CSc1nnnn1C,0
c1ccc(CSc2nnnn2-c2ccc3c(c2)OCCO3)nc1,0
Cc1cc(NS(=O)(=O)c2ccc(NC(=O)CCCOc3ccc(Cl)cc3)cc2)no1,0
CCn1c(SCC(=O)Nc2cc(C)ccc2C)nnc1-c1cnccn1,0
COC(=O)Nc1c(C)n(C)n(-c2ccccc2)c1=O,0
COC(=O)c1c(C)[nH]c(C)c1-c1ccccc1,0
O=C(O)c1ccc(Cl)c(S(=O)(=O)N2CCCCCC2)c1,0
CCn1c(COc2ccc(Cl)c(C)c2)nnc1SCC(=O)N1CCCC1,0
O=C(NCc1cccs1)C1CCN(c2ccc(S(=O)(=O)N3CCOCC3)cc2Cl)CC1,0
CC(C)N1CC(C(=O)Nc2nc3ccccc3s2)CC1=O,0
N#Cc1ccccc1Sc1ccccc1C(=O)OCC(=O)N1CCN(C(=O)c2ccco2)CC1,0
CC(C)N(C#N)c1nc(N2CCOCC2)nc(N2CCOCC2)n1,0
N#Cc1nc(Cc2cccc3ccccc23)oc1NCCN1CCCCC1,0
CCC(=O)Nc1c2c(nn1-c1ccc(F)cc1)CS(=O)C2,0
O=c1oc2cc(O)ccc2c2c1CCCC2,0
Cc1ccc(-n2nnnc2SCC(=O)Nc2ccc3c(c2)COC3=O)cc1C,0
CCOC(=O)C1=C(C)NC(=O)N(C(C)=O)C1c1ccc(Cl)cc1,0
CSc1ccccc1NC(=O)C1CCCO1,0
CCOc1ccccc1N(CC(=O)Nc1ccccc1C(=O)NCc1ccco1)S(C)(=O)=O,0
O=C(CSc1nc2ccc(Cl)cc2[nH]1)NCc1ccco1,0
CC1=C(C(N)=O)C(c2ccc(C)o2)C(C(N)=O)=C(C)N1,0
Cc1cc(O)c(NC(=O)c2ccco2)cc1C,0
COc1cc(C)nc(N2CCCC(C(=O)NC3CCC(C)CC3)C2)n1,0
O=C(O)c1ccc(NCc2ccc3c(c2)OCO3)cc1,0
c1ccc(OCCSc2nnnn2C2CCCCC2)cc1,0
CCCc1ncc(C(O)c2cccc3ccccc23)n1C,0
O=C(O)CCc1nn2cc(-c3ccccc3)[nH]c2nc1=O,0
CCOC(=O)C1=C(N)OC2=C(C(=O)CC(C)(C)C2)C1c1ccoc1,0
Cc1nn2c3ccccc3nc2n(C)c1=O,0
CCn1nnc(NC(=O)COc2ccc(C3CCCCC3)cc2)n1,0
Cc1cc(=S)[nH]c2ccccc12,0
CC(NC(=O)c1ccc2c(c1)OCCO2)C(=O)O,0
CC(=O)Nc1c(OC(C)=O)ccc2c(C)cc(=O)oc12,0
CN(C(=O)CSc1nc2ccccc2n1CCc1ccccc1)C1CCS(=O)(=O)C1,0
CCCc1cc(=O)nc(SCC(=O)N(C)C2CCS(=O)(=O)C2)[nH]1,0
CCOC(=O)CNC(=O)CSc1nnnn1-c1ccc(C)c(C)c1,0
Cc1cccc(-n2c(SCC(N)=O)nnc2-c2ccccn2)c1C,0
Cc1ccc(C(=O)NCC(=O)O)cc1S(=O)(=O)N1CCCCC1,0
CCC(CCC(=O)Nc1cccc(C(=O)O)c1)C(=O)O,0
CC(C)N1C(=O)CCC1C(=O)NCc1ccccc1Cl,0
CCCn1nnc(NC(=O)c2cccc(OCC)c2)n1,0
O=C(NCc1ccco1)C1CSC2c3ccccc3C(=O)N12,0
CCn1c(COc2ccccc2C)nnc1SCC(=O)NC1CCCC1,0
COc1cccc2cc(C(=O)N3CCN(c4ccc(C)cc4C)CC3)c(=O)oc12,0
Clc1ccc(-c2nnc3sc(-c4ccccn4)nn23)cc1,0
COC(=O)c1ccccc1NC(=O)Cn1c(-c2nonc2N)nc2ccccc21,0
Nn1c(SCc2ccccc2)nnc1-c1ccco1,0
S=c1oc(-c2ccncc2)nn1CCc1ccncc1,0
COC(=O)c1ccc(COc2ccc3c4c(c(=O)oc3c2)CCC4)o1,0
CCCn1c(SCc2cc(=O)[nH]c3ccccc23)nc2c1c(=O)n(C)c(=O)n2C,0
O=C(Nc1ccc(Oc2ccc(Cl)cc2)cc1)c1ncn[nH]1,0
Cc1cc(NC(=O)CSc2nnc3c(C)cc4c(C)ccc(C)c4n23)no1,0
O=C(OCCCN1CCCCC1)c1ccc(O)cc1,0
O=C(Nc1cnn(Cc2ccc(Cl)cc2Cl)c1)c1cc(-c2cccs2)on1,0
Cn1cnnc1SCc1ccc(C#N)cc1,0
CCSc1nc(=O)c(C2OC(=O)c3c2ccc(OC)c3OC)c(O)n1CC,0
c1ccc(-n2ncc3c(N4CCCC4)ncnc32)cc1,0
Cc1cc(C)nc(N2CCC(CNC(=O)CCc3ccccc3)CC2)n1,0
Cc1c(NC(=O)c2ccc(F)cc2)c(=O)n(-c2ccccc2)n1C,0
CCOC(=O)N1CCN(C(=O)CCC(=O)N2CCOc3ccc(C)cc32)CC1,0
O=C(O)CCCC(=O)Nc1ccc(N2CCCC2)cc1,0
C=CCn1c(SCc2ccc(C#N)cc2)nnc1-c1cccc(OC)c1,0
COc1cccc(C2/C(=C(\O)c3ccc4c(c3)OCCO4)C(=O)C(=O)N2CCN(C)C)c1,0
CCOc1cc(-c2nc(-c3ccccc3OC)no2)cc(OCC)c1OCC,0
Cc1nc2ncnn2c(C)c1CCC(=O)NCc1ccc2c(c1)OCO2,0
CCN(CC)c1ccc(NS(=O)(=O)c2ccc3c(c2)oc(=O)n3C)c(C)c1,0
CNc1nc(OC)nc(N2CCOCC2)n1,0
Nc1nonc1-c1noc(CCCCCN2C(=O)c3ccccc3C2=O)n1,0
O=C(NCc1cccnc1)c1ccc(S(=O)(=O)N2CCOCC2)cc1,0
O=S(=O)(c1cccc2cccnc12)n1cnc2ccccc21,0
CCOc1cc(C(=O)Nc2ccccc2N2CCN(S(C)(=O)=O)CC2)cc(OCC)c1OCC,0
O=C1CC(NCc2ccncc2)C(=O)N1c1ccccc1,0
O=C(Nc1ccccc1N1CCCC1)c1ccc2c(c1)OCO2,0
CCOC(=O)c1cnn2c(C)cc(-c3ccc(F)cc3)nc12,0
CCS(=O)(=O)Nc1ccc(Cc2ccncc2)cc1,0
C=CCNC(=O)C(C#N)c1nc2ccccc2nc1N1CCN(Cc2ccccc2)CC1,0
COC(=O)c1ccc(OCC(=O)c2ccc(O)cc2O)cc1,0
O=C(NCCN1CCOCC1)c1cc2c(=O)n3ccccc3nc2n1Cc1ccccc1,0
Cc1cc(=O)[nH]c(SCC(N)=O)c1C#N,0
CN1CCN(/C=N/c2c(C#N)cnn2Cc2ccccc2)CC1,0
Cc1ccc(CN2CCN(C)CC2)c(C)c1,0
Cn1c(=O)c(=O)n(C)c2cc(S(=O)(=O)NCCc3ccccc3)ccc21,0
COC(=O)C(NC(=O)NCc1cccs1)C(C)C,0
O=C(Nc1cccc(Cl)c1)c1cnn2cccnc12,0
CCOC(=O)c1c(C)[nH]c(C(=O)CSc2nnnn2-c2ccc(C)cc2)c1C,0
CCN(CCCNC(=O)c1[nH]c(C)c(C(C)=O)c1C)c1ccccc1,0
Cc1cc(NC(=O)CSc2nnc(C3CC3)n2N)no1,0
CC(C)CCn1cnc2c([nH]c3cccc(Cl)c32)c1=O,0
CC(C)C(=O)Nc1nnc(Cc2ccccc2)s1,0
CCOC(=O)C(CC)Sc1nc2c(c(=O)[nH]c(=O)n2C)n1CCc1ccccc1,0
Cc1ccc(-c2noc(CN(C(=O)CCCN3C(=O)c4ccccc4C3=O)C(C)C)n2)cc1,0
CCCn1c(N)c(-c2nc(-c3ccco3)c(C(=O)c3ccccc3)s2)c(=O)n(C)c1=O,0
Cc1occc1-c1nnc(SCC(=O)NCc2ccco2)n1CC(C)C,0
O=c1nc(N2CCN(c3ccccc3)CC2)[nH]c2c1CCC2,0
COC(=O)COc1ccc(S(=O)(=O)Nc2ccc(NC(C)=O)cc2)cc1,0
Cc1cc(N2CCN(C)CC2)nc(N2CCOCC2)n1,0
COc1cccc(NC(=O)CSc2nc3nnc(C)c-3c(N)n2-c2cccc(OC)c2)c1,0
CCOC(=O)N1CCC2(CC1)C(C#N)=C(N)Oc1n[nH]c(CSc3ccc(C)cc3)c12,0
COC(=O)c1c(NC(=O)c2ccco2)sc(C(=O)Nc2ccc(F)cc2)c1C,0
O=c1[nH]c2ccccc2c2nc3ccccn3c12,0
CC(=O)c1c(C)nc2ccccc2c1N,0
CCC1(c2cccc(Cl)c2)NC(=O)N(Cc2cc(C(=O)OC)c(C)o2)C1=O,0
Cc1ccc(-n2c(SCc3ccc(C#N)cc3)nnc2-c2ccccn2)cc1,0
COc1ccc(CCNC(=O)CN2CCN(c3cccc(Cl)c3)CC2)cc1OC,0
Cc1ccc(-n2ncc3c2ncn2c(C)nnc32)cc1C,0
O=C(NCC1CCCO1)c1c(O)n2c3c(cccc3c1=O)CCC2,0
Cc1nnc(NC(=O)CSc2nnc(-c3ccc(S(=O)(=O)N4CCCC4)cc3)n2C)s1,0
CC(C)c1cc(C(=O)Nc2sc3c(c2C#N)CCC3)no1,0
CCc1nnc(NC(=O)CSc2nnc(COc3cccc(C)c3)o2)s1,0
CC1CCCCN1C(=O)CSCC(=O)Nc1nc(-c2cccs2)cs1,0
Cn1c(=O)c2c(nc(N3CCCCCC3)n2CCSc2nc3ccccc3o2)n(C)c1=O,0
Cc1nn(-c2ccccc2)c(C)c1C(=O)Nc1nnc(-c2ccco2)o1,0
O=C(Nc1cc(N2CCOCC2)ncn1)c1ccccc1,0
CCOC(=O)C1CCN(C(=O)CN(C)S(=O)(=O)c2cc(C)ccc2OC)CC1,0
O=S1(=O)N=C2CCCCCN2C(c2ccncc2)N1,0
CCOC(=O)c1c(NC(=O)COC)sc(C(C)=O)c1C,0
O=C(Cn1nnc(-c2cccs2)n1)N1CCc2ccccc2C1,0
O=C(CS(=O)(=O)c1cn(Cc2ccc(Cl)cc2)c2ccccc12)N1CCCC1,0
CN(C)S(=O)(=O)c1ccc2c(c1)c(=O)c(C(=O)N1CCN(c3ccccn3)CC1)cn2C,0
CCOC(=O)c1cnn2c(C(F)F)cc(C3CC3)nc12,0
COc1ccc(OC)c(S(=O)(=O)Nc2cc(OC)c(Cl)cc2OC)c1,0
Cc1nc2nc(COc3ccccc3)[nH]n2c(=O)c1Cc1ccccc1,0
C1CCC(n2nnnc2CN2CCCC2)CC1,0
CCCc1nnc(SCc2ccc(C(=O)OC)o2)n1N,0
CCC(Nc1ccc(OC)cc1OC)=C1C(=O)NC(=O)NC1=O,0
CS(=O)(=O)N(CC(=O)Nc1cccnc1)c1ccc2c(c1)OCO2,0
Cc1ccc2c(c1)CCCN2C(=O)c1c(C)noc1C,0
COc1ccc(OC)c(C2CC(=O)NC(SC)=C2C#N)c1,0
Cc1occc1C(=O)NCc1cccs1,0
Cc1cc(C)n2nnnc2c1C#N,0
O=C1C2CCCN2C(c2ccccc2F)N1c1ccc(Cl)cc1,0
Cc1ccc(Cn2c(NCCCn3ccnc3)nc3c2c(=O)n(C)c(=O)n3C)cc1,0
C=CCN1C(SCC(=O)NCc2ccccc2)=NN/C1=C1/C=CC=CC1=O,0
Cc1cccc(N2CCCn3c2nc2c3c(=O)n(CC(=O)OCc3ccccc3)c(=O)n2C)c1,0
CCn1c(COc2cccc3ccccc23)nnc1SCC(N)=O,0
CC1(C)CC(=O)C(=CNCc2ccc3c(c2)OCO3)C(=O)C1,0
Cc1ccc(NCc2nnc(SCC(=O)c3ccc4c(c3)OCCO4)o2)c(C)c1,0
Cc1cc(=O)nc(Cc2ccc(OC(C)C)cc2)[nH]1,0
N#Cc1nc(-c2ccccc2)oc1N1CCCCC1,0
N#Cc1cnc(SCCc2ccccc2)nc1N,0
COC(=O)c1[nH]c2cccc(OC)c2c1NC(=O)CCN1CCN(c2ccccc2OC)CC1,0
CCn1nc(NC(=O)c2ccncc2)c2cc3cccc(C)c3nc21,0
CCCC(=O)NCc1nc2ccccc2n1C,0
Cc1cc(NC2(C(F)(F)F)N=C(c3ccccc3)NC2=O)no1,0
OCCNCCCCOc1ccccc1F,0
CCN1C(=O)c2ccccc2S(=O)(=O)c2ccc(C(=O)NCc3cccnc3)cc21,0
NC(=O)c1cc(-c2ccccc2)nc(N2CCCCCC2)n1,0
CCOC(=O)CSc1nc(C)c2cc(OC)ccc2n1,0
O=C(COc1ccccc1)Nc1ccccc1N1CCN(c2ccccc2)CC1,0
O=C(NC12CC3CC(CC(C3)C1)C2)c1cccnc1,0
O=C(Nc1ccon1)c1ccc(Cl)s1,0
COc1ccc(S(=O)(=O)N(Cc2nc(=O)c3ccccc3[nH]2)C2CCCC2)cc1,0
COc1ccc(C(=O)Cn2nnc(-c3cccs3)n2)cc1,0
O=NC1=C(N=O)C2=C(CC1)NON2,0
Cc1ccc2c(c1)NC(=O)C(CC(=O)NCc1cccnc1)O2,0
O=C(COc1ccc(S(=O)(=O)N2CCCC2)cc1Cl)NCc1ccco1,0
CC(C)CC(C(=O)Nn1cnnc1)N1C(=O)c2ccccc2C1=O,0
CCn1c(SCC(=O)Nc2nonc2C)nnc1-c1ccco1,0
CCCC1=C/C(=C2\C=CC(=O)C(OCC)=C2)C(C#N)=C(N)N1,0
COc1ccc(NC(=O)CNCCC2=CCCCC2)cc1,0
O=C(Nc1cccnc1)c1cccs1,0
COCc1nnc(SCC(=O)NC(C)c2ccccc2)n1-c1ccccc1,0
O=C(Cn1cnc2c(nnn2Cc2ccc(F)cc2)c1=O)NCC1CCCO1,0
O=C(Nc1cnc2ccccc2c1)c1ccco1,0
CCOC(=O)c1ccc(NC(=O)CSc2nnc(Cc3cccs3)n2C)cc1,0
CC(C)(C)C(=O)Nc1ccccc1N1CCN(C(=O)c2ccc(Cl)cc2)CC1,0
CCC(SCC(=O)OC)C(=O)Nc1nnc(C(C)C)s1,0
O=C(CSc1nc2ccccc2c(=O)n1CCCO)NCc1ccccc1,0
O=C(Nc1nccs1)c1cccc(S(=O)(=O)N2CCCCC2)c1,0
COc1cc(NC(=O)c2ccccc2)c(OC)cc1NC(C)=O,0
CCOC(=O)c1ccc(NC(=O)Nc2cc(C)on2)cc1,0
COC(=O)C1=C(C)NC(C)=C(C(=O)OC)C1c1cc2cc(C)ccc2[nH]c1=O,0
CCOC(=O)c1ccc(S(=O)(=O)n2c(CN3CCCCC3)nc3ccccc32)cc1,0
CC1CCN(C(=O)CSc2nc3cccnc3n2C)CC1,0
CC/C(NCC1CCCO1)=C1/C(=O)NC(=O)N(c2ccc(Cl)cc2)C1=O,0
CCn1c(SCC(=O)NCc2ccco2)nnc1C(C)C,0
Cc1cc2ccccc2c(=O)n1CC(=O)NCC(=O)N1CCN(c2ccccc2)CC1,0
O=C(C1CCCO1)N1CCN(c2ncccn2)CC1,0
Cc1cc(C)nc(SCc2nnc(SCC(=O)OC3CCCCC3)o2)n1,0
O=C(Nc1ccccc1N1CCCCC1)c1ccccc1F,0
COc1ccc(C(=O)Nn2cc3c(c2-c2ccccc2)c(=O)n(C)c(=O)n3C)cc1,0
CC1CCN(S(=O)(=O)c2ccc(S(=O)(=O)NCC(=O)C(C)(C)C)cc2)CC1,0
CCc1c(C)nc2ncnn2c1N1CCC(C(=O)Nc2ccccc2)CC1,0
CCS(=O)(=O)NCCc1csc(-c2cccnc2)n1,0
O=C(c1ccncc1)N1CCN(C(=O)c2cccs2)CC1,0
CCOc1ccc2nc(C(C)O)[nH]c2c1,0
COCC(=O)Nc1ccc(C(N)=O)cc1,0
CCCCOC(=O)C1=C(C)N=C2N=CNN2C1c1cccc(OC)c1,0
CCCCOc1cccc(-c2nnc(N)s2)c1,0
Cc1ccc(-n2cnnn2)c2cccnc12,0
CCCCOC(=O)Nc1ccc(S(=O)(=O)Nn2cnnc2)cc1,0
CCOc1ncccc1C(=O)OCc1cn2cc(Cl)ccc2n1,0
Cc1nc(N)c(C#N)c(-c2ccccc2)c1C,0
CC(=O)C1=C(O)C(=O)N(Cc2cccnc2)C1c1ccccc1Cl,0
Cc1cc(-c2ccccc2)c2c3c(cn2n1)c(=O)n(C)c(=O)n3C,0
COc1ccc(CCNC(=O)c2c[nH]c3ccccc3c2=O)cc1OC,0
Cc1ccc2[nH]c(CCN(C)C)c(CC#N)c2c1,0
COc1ccc(C)cc1NC(=O)c1nnn(CCc2ccccc2)c1N,0
Cc1cc(=O)oc2cc(OC(C)C(=O)N3CCCc4ccccc43)ccc12,0
CC(=O)Nc1ccc(-n2c(C)nc(=O)c(-c3ccccc3)c2C)cc1,0
COc1ccc(-n2c(=O)c3c4c(sc3n3c(C)nnc23)CCCC4)cc1,0
O=C(COc1ccc(S(=O)(=O)N2CCCC2)cc1Cl)NCc1ccc2c(c1)OCO2,0
CCOC(=O)c1c(C)[nH]c(C(=O)Cn2c(=O)oc3ccccc32)c1C,0
CCOC(=O)c1cccc(NC(=O)CN(C)S(=O)(=O)c2cnc[nH]2)c1,0
O=C(CC1CCCCC1)c1c(O)oc2ccccc2c1=O,0
COCCCn1c(SCC(N)=O)nnc1-c1ccccc1,0
CCC(=O)N1CCN(c2ccccc2NC(=O)Cc2ccc(Cl)cc2)CC1,0
COc1ccc(C2=NOC(C(=O)NCc3ccccc3)C2)cc1,0
Cc1cs/c(=N\c2c(C)n(C)n(-c3ccccc3)c2=O)n1Cc1ccccc1,0
CCOC(=O)N1CCN(S(=O)(=O)c2cc(C)c(C)cc2C)CC1,0
Cc1ccc(CCC(=O)Nc2nccs2)o1,0
Cc1cccc(NC(=O)CS(=O)(=O)c2cn(C)c3ccccc23)c1,0
CC(C)(O)C#Cc1ccc(C(=O)N2CCN(C(=O)c3ccco3)CC2)cc1,0
CN1CCN(S(=O)(=O)c2ccc(NC(=O)C3CCCO3)cc2)CC1,0
CC(C)CCNC(=O)Cn1c(NCCC(C)C)nc2c1c(=O)n(C)c(=O)n2C,0
Cc1ccc2c(c1)N(CC(=O)NCCc1c[nH]c3ccccc13)C(=O)CO2,0
CCc1cc(C(=O)Cc2cnn(-c3ccccc3)c2)c(O)cc1O,0
CCC(C)NC(=O)CC(NS(=O)(=O)c1ccc(Cl)cc1)c1ccco1,0
CC1(C)C(c2ccccc2)=NC(c2cccnc2)=[N+]1[O-],0
Cc1ccc2c(c1)C(c1ccccc1)N(C(=O)C(C)C)CC(=O)N2,0
C=CCN(CC=C)S(=O)(=O)c1ccc2nsnc2c1,0
O=C(c1cccs1)N1CCN=C1SCc1cccnc1,0
C=CCn1c(SCC(=O)Nc2cccc(C(=O)OC)c2)nnc1C(C)NC(=O)c1cccs1,0
Cn1c(C(=O)N2CCN(c3ccccn3)CC2)cc2c(=O)n(C)c3ccccc3c21,0
Cc1ccc(-c2n[nH]c(=O)c3ccccc23)cc1N,0
Cc1cccc2cc(CN(CCN3CCOCC3)C(=O)NCc3ccccc3)c(=O)[nH]c12,0
COC(=O)c1ccccc1NC(=O)Cn1cnc2c(cnn2-c2ccccc2)c1=O,0
c1cnc(NCCNc2ncccn2)nc1,0
CCOC(=O)N1CCC(NC(=O)CCc2c(C)nc3ncnn3c2C)CC1,0
O=S(=O)(c1cccs1)n1cccn1,0
CCC(=O)Nc1cc2nn(-c3ccc(OC)cc3)nc2cc1C,0
Cn1c(NC(=O)c2cc(-c3ccc4c(c3)OCO4)nc3ccccc23)cc(=O)n(C)c1=O,0
Cc1cccc(NCc2ccccc2O)c1,0
OCn1ncn(-c2ccccc2)c1=S,0
O=C(NCc1ccc2c(c1)OCO2)C1CC(=O)N(C2CCCCCCC2)C1,0
CCCCCn1/c(=N/C(C)=O)c(C#N)cc2c(=O)n3ccccc3nc21,0
COc1cccc(OC)c1C(=O)N1CC(C)OC(C)C1,0
Cc1cccc(N2CCN(C(=O)n3ccnc3)CC2)c1C,0
O=c1nc(NCc2ccco2)sc2ncccc12,0
CC(C)n1c(SC2C(=O)CC(C)(C)CC2=O)nc2c1c(=O)n(C)c(=O)n2C,0
CCN(CC)CCCN1C(=O)C(O)=C(C(=O)c2cccs2)C1c1ccccn1,0
COc1ccc(Cl)cc1NC(=O)CSc1ncnc2c1oc1ccccc12,0
O=[n+]1c2c(n([O-])c3cc(F)ccc31)CCCC2,0
CN(Cc1nnc(SCC(=O)NCCc2ccccc2)n1C)S(=O)(=O)c1ccccc1,0
COc1ccccc1C(=O)Nc1cc(Cl)ccc1O,0
CC(C)OC(=O)CC(=O)c1sc2nc3c(cc2c1N)CN(C)CC3,0
COC(=O)c1ccc(C2C(C(C)=O)=C(C)N=C3N=CNN32)cc1,0
COCCNC(=O)C1CC(=O)N(CCc2ccccc2)C1,0
O=C(C1COc2ccccc2O1)N1CCN(Cc2ccc3c(c2)OCO3)CC1,0
CCOC(=O)CSc1nc2cccnc2n1-c1ccc(F)cc1,0
CCOC(=O)Cn1cnc2sc3c(c2c1=O)CCC3,0
CCc1cccc(OCCCCNCCOC)c1,0
CN(C)Cc1nc2ccccc2c(=O)n1Cc1nc(C(C)(C)C)cs1,0
Cc1occc1C(=O)n1nnc2ccccc21,0
CCOC(=O)N1CCN(c2nc(-c3ccc(Cl)cc3)cs2)CC1,0
Cc1ccc(C(=O)Nc2ccc(S(=O)(=O)N3CCN(C)CC3)cc2)o1,0
COc1ccc(-c2noc(-c3ccccc3F)n2)cc1,0
C=CCn1c(SCc2ccc3nonc3c2)nnc1-c1cccs1,0
Cc1ccc2c(c1)-c1c(cnn1CC(=O)NC(C)CCc1ccco1)CO2,0
COc1ccc(NC(=O)CSc2nnc(-c3cccs3)n2-c2ccccc2)cc1,0
c1ccc(-c2nc[nH]c2-c2ccccc2)cc1,0
CN1CCc2nc(SCC(=O)OC(C)(C)C)c(C#N)cc2C1,0
N#Cc1nc(-c2ccco2)oc1NCc1ccc(F)cc1,0
Cc1[nH]c(SCc2cccc(F)c2)nc(=O)c1C#N,0
Cc1ccc(N2CC(C(=O)OCc3ccccc3)CC2=O)cc1,0
COc1ccc(OC)c2[nH]c(=O)c(CCNC(=O)c3ccc(S(=O)(=O)N4CCCCC4)cc3)cc12,0
Cc1ccc(S(=O)(=O)N2CCCC2C(=O)NC2CCCCC2)cc1,0
COc1ccc(OC)c(C(=O)COC(=O)c2cc(C)oc2C)c1,0
CCC(C)OC(=O)C1=C(C)NC(=O)NC1c1ccc(F)cc1,0
CCOC(=O)c1ccc(NC(=O)N2CCN(S(C)(=O)=O)CC2)cc1,0
COC(=O)c1[nH]c2cccc(OC)c2c1NC(=O)CN1CCOCC1,0
O=C(O)c1cc(S(=O)(=O)NCC2CCCO2)ccc1Cl,0
Cc1cc(C)c2cc(C#N)c(SCC(=O)NCc3ccco3)nc2c1,0
CCC1(c2ccccc2)C(=O)N(COC)C(=O)N(COC)C1=O,0
Cc1ccccc1N(CC(=O)NCc1ccncc1)S(C)(=O)=O,0
COc1ccc2c(c1)CCc1c(C(=O)NCc3cccnc3)noc1-2,0
CCOC(=O)c1ccccc1NC(=O)CSc1nc2ccccc2n1CC(=O)N1CCCC1,0
COCCn1c(=S)[nH]c2cc(OC)c(OC)cc2c1=O,0
NC1=C(c2nc3ccccc3s2)C(=O)CN1CCCO,0
CCN1CCN(c2ncnc3c2cnn3-c2ccc(C)cc2C)CC1,0
COc1ccc(C)cc1NC(=O)CSc1nnc(COc2ccc(Cl)cc2)n1Cc1ccco1,0
O=C(c1ccco1)N1CCCS/C1=N\c1ccccc1,0
c1ccc(-c2nnc(OCCN3CCOCC3)c3ccccc23)cc1,0
CCOC(=O)C1=C(C)N2C(=C(C#N)C1c1ccc(C(=O)OC)cc1)SCC2(O)C(C)(C)C,0
O=C(NCCOC(=O)C1COc2ccccc2O1)C1COc2ccccc2O1,0
Cc1cc(N2C(=O)C3CCCN3C2c2ccccc2)no1,0
CSCCC(NC(=O)OC(C)(C)C)c1nnc(SCC(=O)Nc2c(C)cccc2C)o1,0
Cc1nn(C)c(C)c1NC(=O)CSc1nc(Cc2ccccc2)nc2c1cnn2-c1ccccc1,0
c1cc2cn[nH]c2cc1NC1CCCCCC1,0
Cn1cc(S(=O)(=O)CC(=O)N2CCc3ccccc32)c2ccccc21,0
O=C(Nc1ccc2nc(C3CC3)n(Cc3ccc(F)cc3)c(=O)c2c1)c1ccco1,0
CCNc1nc(NCC)nc(Nn2cnnc2)n1,0
COc1ccc(C(CC(=O)NC(C)(C)C)n2cccc2)cc1,0
Cc1ccc(N(CN2C(=O)NC(C)(C)C2=O)CN2C(=O)NC(C)(C)C2=O)cc1,0
O=C(CSc1nnc(-c2cccnc2)o1)c1cc2ccccc2oc1=O,0
O=C(COC(=O)Cc1cn2ccsc2n1)Nc1nc2ccccc2s1,0
Cc1oc(-c2ccccc2)cc1C(N)=O,0
Cc1ccc(N(CC(=O)O)S(=O)(=O)c2cccc3nonc23)cc1,0
c1ccc2c(c1)[nH]c1c(N3CCOCC3)ncnc12,0
COc1ccc(N2CCN(C(=O)CC(NC(N)=O)c3cccc(Oc4ccccc4)c3)CC2)cc1,0
NC12CC3CC(C1)CC(CO)(C3)O2,0
Cn1cccc1C(=O)NC(=O)CSc1cccc[n+]1[O-],0
Cc1ccc(CCNc2ccccc2)c[n+]1[O-],0
Cc1cc(N2CCN(c3ccccn3)CC2)n2nc(C)nc2n1,0
COc1ccc(C(=O)CSc2nnc(CNc3nc(-c4ccccc4)cs3)n2C)cc1,0
COc1ccc(Nc2ncnc3c2cnn3-c2cccc(C)c2)cc1OC,0
O=C(CSc1ncnc2c1oc1ccccc12)N1CCN(c2ccccc2)CC1,0
COc1cc(C2C(C#N)=C(C)NC3=C2C(=O)CC(C)(C)C3)ccc1OCCO,0
OCCn1c(SC2CCCCC2)nc2ccccc21,0
COc1ccc(S(=O)(=O)N(C)CC(=O)N2CCCCCC2)cc1OC,0
Cc1cc(C)n(C2CCCCC2OC(=O)c2ccccc2)n1,0
CCN1CCN(Cc2ccccc2C)CC1,0
CN(C)c1ccc(-c2nnn(CC(=O)Nc3ccccc3N3CCOCC3)n2)cc1,0
COc1cccc(NC(=O)CN2C(=O)COc3ccc(Cl)cc32)c1,0
CCOc1ccccc1OCCCC(=O)NC1=NCCS1,0
CC1(c2ccccc2)NC(=O)N(CCOc2ccccc2)C1=O,0
CC(C)c1nc(-c2c(N)n(C)c(=O)n(C)c2=O)sc1C(=O)C(C)(C)C,0
CCCc1cc(=O)nc(SCC(N)=O)[nH]1,0
Cc1cc(O)c(C2(C(F)(F)F)NCCNC2=O)cc1C,0
COc1cccc(C2c3c(oc4cc(C)c(C)cc4c3=O)C(=O)N2CCCN(C)C)c1,0
Nc1ccc2oc(-c3cccs3)nc2c1,0
CC(C)(C)C(=O)CN1CCN(S(=O)(=O)c2ccc(F)cc2)CC1,0
COc1ccccc1C(=O)n1nc(-c2ccco2)nc1N,0
COC1=C/C(=C(\S)N2CCCC2)C=CC1=O,0
COC(=O)C1=C(N)Oc2cc(N(C)C)ccc2C1c1ccccc1OC,0
COc1ccc(CCNC(=O)CN(C2CCCCC2)S(C)(=O)=O)cc1,0
Cc1ccccc1S(=O)(=O)Cc1ccc(C(=O)N2CCN(c3ccc(F)cc3)CC2)o1,0
c1ccc(-n2nnc3cnccc32)cc1,0
COc1ccc(Cl)cc1C(=O)CSc1nnnn1C1CCCC1,0
CN(C)c1ccc2c(c1)OC(N)=C(C#N)C2c1cccc(F)c1,0
N#Cc1cc2ccccc2nc1SCC(=O)Nc1ccc(S(=O)(=O)N2CCCC2)cc1,0
COc1cccc(Nc2ncnc3c2cnn3C)c1,0
CCN1CCN(C(c2cccs2)C(C)NC(=O)CC(C)C)CC1,0
Cn1c(C(=O)NCc2ccccn2)cc2c(=O)n3ccccc3nc21,0
COc1ccc(CCNC(=O)C2CC(=O)N(C3CCCC3)C2)cc1OC,0
CC(C)(C)C(=O)NC1CCN(C(=O)N2CCCC2)CC1,0
CC(CCc1ccccc1)NC(=O)CSc1nc(N)cc(N)n1,0
Cc1cc(C)n2nc(SCC(=O)c3ccccc3)nc2n1,0
CCOC(=O)c1oc2ccccc2c1CN1CCN(C(=O)c2ccccc2)CC1,0
CCc1nnc(NC2=NCCC2)s1,0
CCOC(=O)Cc1csc(NC(=O)c2cccc(OC)c2)n1,0
CCOCCCNC(=O)Cc1ccc(OC)c(OC)c1,0
COc1cc(NS(=O)(=O)c2ccc(Cl)cc2)c(OC)cc1NC(=O)c1ccco1,0
O=C(c1ccc(Cl)cc1)N1CCC(c2nc(-c3cccs3)no2)CC1,0
Cc1ccc(-c2csc3nnc(SCC(=O)N4CCN(Cc5ccccc5)CC4)n23)cc1,0
COc1ccc(S(=O)(=O)N(CCCN2CCOCC2)Cc2ccc(OC)c(OC)c2)cc1,0
CCOC(=O)N1CCN(C(=O)CSc2nnc(-c3cccs3)o2)CC1,0
COCC(=O)Nc1ccccc1C(=O)Nc1ccc(OC)cc1,0
CC1CCc2nc(NC(=O)CN3CCOCC3)sc2C1,0
Nc1ccc2c3c(cccc13)CC2,0
CNc1nnc(-c2ccncc2)s1,0
CC(=O)NS(=O)(=O)c1ccc(NC(=O)CCC2CCCC2)cc1,0
Cc1ccc(-c2cc(C(=O)NCc3ccco3)c3ccccc3n2)o1,0
CC(C(=O)NCCCN1CCOCC1)n1cccc1C(=O)c1ccccc1,0
COC(=O)c1c(NC(=O)c2nn(C)cc2Cl)sc2c1CCCC2,0
O=C(Cn1nc(C(F)(F)F)c2c1CCCCC2)N1CCOCC1,0
CCc1nnc(NC(=O)CC(=O)Nc2ccccc2C(=O)O)s1,0
CCCCNc1nc(N(C)c2ccccc2)nc(-n2ccnc2)n1,0
O=C(CSc1ncnc2ccccc12)Nc1ccc2c(c1)OCO2,0
COC(=O)C(O)(c1c(C)[nH]n(-c2ccccc2)c1=O)C(F)(F)F,0
CS(=O)(=O)N(CC(=O)NCc1ccc2c(c1)OCO2)c1ccc(Cl)cc1,0
Cc1ccc(OCC(=O)Nc2ccc3c(c2)nc2n3CCOC2)cc1,0
O=C(O)CCCC(=O)Nc1nc(-c2ccccc2)cs1,0
CCOc1ccc2cc(S(=O)(=O)n3ccnc3C)ccc2c1,0
Nc1c(S(=O)(=O)c2cccs2)c2nc3ccccc3nc2n1Cc1ccc2c(c1)OCO2,0
c1ccc(CN2CCC3(CC2)Nc2ccccc2CO3)cc1,0
COc1cccc(-c2nnn(CC(=O)O)n2)c1,0
CCC(C)(C)NC(=O)C(c1ccco1)N(C(=O)c1csnn1)c1cccc(F)c1,0
O=C(Nc1ccccc1N1CCCCC1)c1cccs1,0
CS(=O)(=O)N(CC(=O)Nc1cccnc1)c1ccc2c(c1)OCCO2,0
CCCS(=O)(=O)N1CCC(C(=O)NC2CCCCC2C)CC1,0
CCC(=O)N1CCc2cc(S(=O)(=O)CCC(=O)Nc3ccc(CC)cc3)ccc21,0
CN(CC(=O)N1CCC(Cc2ccccc2)CC1)S(=O)(=O)c1cnc[nH]1,0
Cc1cc(C)n(Cc2ccccc2F)c(=O)c1C#N,0
O=C(Cn1nnc2ccccc21)NC1CCCCC1,0
O=C(COc1ccc(S(=O)(=O)N2CCc3ccccc32)cc1Cl)NCc1ccccn1,0
CCOC(=O)C1CCN(C(=O)c2ccc(Cl)c(NC3=NC4CS(=O)(=O)CC4S3)c2)CC1,0
O=C(Nc1cnn(Cc2ccc(Cl)cc2)c1)c1cnccn1,0
COC(=O)C1=C(C)NC(=O)NC1C1CC=CCC1,0
CC1(C)CC(NC(=O)CCC2CCCC2)CC(C)(C)N1,0
CC(C)(C)Nc1nc(C(N)=O)nc(N2CCOCC2)n1,0
Cc1ccc(-c2nnn(CC(=O)Nc3ccc4nn(-c5ccccc5)nc4c3)n2)o1,0
Cc1cccc(C)c1Nc1nnc(SCC(=O)NCc2ccco2)s1,0
Cn1c(O)cc(=O)nc1SCC(=O)Nc1cccc2ccccc12,0
CN(CC(=O)Nc1ccc(F)c(Cl)c1)S(=O)(=O)c1cccc2nsnc12,0
CC12COC3(C(=O)Nc4ccc(Cl)cn4)CC1CCC32C,0
COc1cccc(C(=O)N(Cc2nc(-c3cccc(C)c3)no2)C(C)C)c1OC,0
C=CCNC(=O)Nc1ccc2oc(C)nc2c1,0
Cc1nc(C2CC(=O)OC23CCCCC3)cs1,0
O=C1COc2ccc(C(=O)COC(=O)c3ccc4ccccc4n3)cc2N1,0
CC(=O)Nc1cccc(NC(=O)c2c(-c3ccccc3Cl)noc2C)c1,0
CN(C)c1ccc(Nc2nc(-c3cccnc3)cs2)cc1,0
O=c1oc2ccccc2cc1-c1cn2cccnc2n1,0
Cc1cc(C)c(C#N)c(N2CCCC2)n1,0
O=C(Nc1cccnc1)c1c(F)cccc1F,0
COc1cc(C)nc(Oc2ccc(=O)[nH]n2)n1,0
CC(=O)N(C1=NCCCS1)c1ccc(F)cc1,0
O=C(NC12CC3CC(CC(C3)C1)C2)N1CCN(S(=O)(=O)c2ccc(Cl)cc2)CC1,0
O=C(NCc1ccc(Cl)cc1)c1noc2c1CCCC2,0
O=C(NCCN1CCOCC1)c1ccncc1,0
Nc1ccc(C(=O)c2ccc3c(c2)OCCO3)cc1N,0
COc1ccc(NC(=O)CCCn2c(=O)[nH]c3ccccc3c2=O)cc1,0
O=C(Nc1ccccc1)c1cccc(N2CCCC2=O)c1,0
O=C(NCCC1=CCCCC1)NC(Cc1ccccc1)C(=O)O,0
CC(C)NC(=O)CSCc1ccccc1Cl,0
Cn1c(SCC(=O)Nc2ccc3cn[nH]c3c2)nnc1-c1cccs1,0
Cc1ccccc1OCCCC(=O)Nc1ccc(N2CCOCC2)cc1,0
Cn1c(SCC2CCCO2)nnc1-c1ccncc1,0
CC1CCCN(c2oc(-c3cccc4ccccc34)nc2C#N)C1,0
CCC(=O)Nc1cccc(NC(=O)c2ccc3c(c2)OCCO3)c1,0
C=CCn1c(Cc2cccs2)nnc1SCC(=O)Nc1ccc(C(=O)OCC)cc1,0
Cc1cc(C)cc(OCC(=O)NC2=NCCS2)c1,0
CN(C)C(=O)CSc1nc(=O)c2ccccc2[nH]1,0
CCc1nnc(NC(=O)c2ccc(OC)cc2OC)s1,0
Cc1sc(-n2c(C)ccc2C)c(C#N)c1C,0
Cn1c(=O)c(C#N)c(-c2ccccc2)n2cnnc12,0
Cc1cc(C)cc(NC(=O)CN(C)S(=O)(=O)c2cnc[nH]2)c1,0
CC(C)C1=C2OC(N)=C(C#N)C(C#N)=C2C(C)CC1,0
Cn1nccc1C(=O)Nn1cnnc1,0
CC(C)CCn1c(N2CCOCC2)nc2c1c(=O)n(CC(N)=O)c(=O)n2C,0
CCn1cc(C(=O)O)c(=O)c2cnc(N3CCN(C(=O)Nc4cccc5ccccc45)CC3)nc21,0
CC(C)CC(C(=O)NCc1ccccn1)N1C(=O)c2ccccc2C1=O,0
COc1ccc2cc(C(=O)OC(C)C)sc(=O)c2c1OC,0
CCCc1nnc(NC(=O)CCC(=O)N2CCN(CCOc3ccc(C)cc3)CC2)s1,0
CC1CCN(C(=O)c2ccc(NS(C)(=O)=O)cc2)CC1,0
CCOC(=O)c1cccc(NC(=O)CNC(=O)C2CCCCC2)c1,0
COc1ccccc1N1CCN(C(=O)CCCn2c(=O)[nH]c3ccsc3c2=O)CC1,0
N#Cc1ccccc1Cn1c(=O)n(Cc2ccc(C(=O)NCc3ccco3)cc2)c(=O)c2sccc21,0
COc1cccc(CNC(=O)Cn2cccc2)c1,0
CC1C(c2ccccc2)=[N+]([O-])C2(CCCC2)N1O,0
CCOC(=O)C(C)SC1=NN/C(=C2/C=CC=CC2=O)N1Cc1ccccc1,0
O=C(CN1CCC(C(=O)c2ccc(Cl)cc2)CC1)Nc1ccc2c(c1)OCCO2,0
N=c1c(S(=O)(=O)c2ccccc2)cc2c(=O)n3ccccc3nc2n1Cc1ccco1,0
CC(NC(=O)COc1cc(=O)n(C)c2ccccc12)c1ccc2c(c1)OCCO2,0
C=CCn1c(SCc2ccc(Cl)cc2)nc2c1c(=O)[nH]c(=O)n2C,0
O=C1NCN(c2ccccc2)C12CCNCC2,0
CCc1nnc(NC(=O)CSc2ncc(-c3ccccc3)n2C)s1,0
Cc1ccc(Cn2nc(C)c(NC(=O)c3cc(-c4ccco4)on3)c2C)cc1,0
CCOc1ccc(OCC)c(NC(=O)CN(C)S(=O)(=O)c2cnc[nH]2)c1,0
COC(=O)COc1ccc(S(=O)(=O)NCc2ccncc2)cc1,0
Cc1noc(NS(=O)(=O)c2ccc(N)cc2)c1C,0
CN1C(=O)N(C)C2CC1N(C)C(=O)N2C,0
CC(C)Cn1c(O)c(C(=O)Nc2ccccc2S(N)(=O)=O)c(=O)c2ccccc21,0
Cc1ccccc1-c1nc(CS(=O)(=O)CC(=O)NCc2ccccc2)c(C)o1,0
Cc1n[nH]c(C)c1-c1nc2ccccc2[nH]1,0
CC(C)Oc1ccc(C2CNC(=O)C2)cc1,0
Cc1ccc(-c2nc3ccccc3c(=O)n2CCCn2ccnc2)cc1,0
CC(=O)Nc1ccc(N/C=C/C(=O)C(C)(C)C)cc1,0
Cc1ccc(S(=O)(=O)CNC(=O)c2ccccc2)cc1,0
O=C(NCCCN1CCCC1=O)c1cccc(C(F)(F)F)c1,0
COC(=O)c1ccccc1/N=C(\SC)N(C)C,0
CC(C)CCn1nnnc1C(c1ccccc1)N1CCN(C)CC1,0
COc1ccc(C2(C(=O)Nc3cc(C)on3)CCOCC2)cc1,0
Cn1nnc2cc(NC(=O)N3CCN(c4ccccn4)CC3)ccc21,0
c1ccc2[nH]c(NCCN3CCOCC3)nc2c1,0
Cc1ccc(-n2cnnn2)c(S(=O)(=O)N2CCOCC2)c1,0
CCOC(=O)C(CC)n1cnc2c(nnn2-c2ccc(C)cc2)c1=O,0
CCOC(=O)Cn1c(=O)oc2cc(S(=O)(=O)NC3CCCc4ccccc43)ccc21,0
COc1cccc(NC(=O)N2CCCC2C(=O)NCC(C)C)c1,0
Cc1sc2nc3n(c(=O)c2c1C)CCCS3,0
CCOc1ccc(NC(=O)CN(C)CC(=O)NC2CCCc3ccccc32)cc1OCC,0
O=C(Nc1ccon1)c1cccc(C(F)(F)F)c1,0
Nn1c(SCC(=O)Nc2ccccc2F)nnc1-c1cccnc1,0
Cc1cc(Cl)c(S(=O)(=O)NCC2CCCO2)cc1OCC(N)=O,0
O=C1CC(N2CCOCC2)C(=O)N1c1ccccc1Cl,0
CC(C)Nc1nc(SCC(=O)Nc2ccccc2)nc(N2CCOCC2)n1,0
COC(=O)c1ccccc1NC(=O)CNC(=O)c1ccco1,0
COC(=O)C1CCN(C(=O)c2sc3nc(-c4ccccc4)cn3c2C)CC1,0
Cc1cc(=O)n2nc(N3CCCC(C(=O)NCc4ccco4)C3)sc2n1,0
CN1CCN(c2ccccc2NC(=O)Cc2cn(C)c3ccccc23)CC1,0
Cc1ccc(OCc2nnc(SCC(=O)Nc3cc(C)on3)n2C)cc1,0
Cc1cccc(C)c1NC(=O)N1CCC(N2CCCCC2)CC1,0
CCOc1ccc(-c2nnn(CC(=O)NCc3ccco3)n2)cc1,0
O=C(CN1CCCc2ccccc21)NC(=O)NCc1ccco1,0
COc1ccc(N2CCN(c3oc(-c4ccccc4OC)nc3C#N)CC2)cc1,0
COc1ccc(-c2noc(COc3ccc(Cl)c(C)c3)n2)cc1,0
CCOc1ccccc1C1CC(=O)NC2=C1C(=O)CCC2,0
O=C(CCCCn1c(=O)[nH]c2ccccc2c1=O)NCCC1=CCCCC1,0
CCC(C)(C)n1nnnc1C(c1ccccc1F)N1CCC(C(N)=O)CC1,0
CCCC1CC(c2csc(N)n2)CCO1,0
CCOC(=O)CSc1nc2ccccc2c(=O)n1C,0
COc1ccccc1OCC(=O)c1[nH]c(C)c(C(C)=O)c1C,0
Nc1nnnn1/N=C/c1cccs1,0
N#Cc1cnn(Cc2ccccc2)c1N,0
CCCOc1ccc(C(=O)Nc2cc(-c3nn4c(C)nnc4s3)ccc2C)cc1,0
COc1ccc(C2CC(=O)c3cnc(N)nc3C2)c(OC)c1,0
CCOC(=O)c1sc(NC(=O)c2cccnc2)nc1C,0
COc1ccc(-c2cc(C(=O)NCc3ccccc3)no2)cc1OC,0
O=C(Cn1c(-c2ccccn2)nc2ccccc21)NCCN1CCOCC1,0
CC(=O)Nc1ccc2[nH]c3ccccc3c2c1,0
CC(NC(=O)c1ccccc1Cl)C(=O)O,0
Cc1ccccc1-n1c(=O)c2ccccc2n2c(=O)[nH]nc12,0
C/C(Nc1ccc(C)c(C)c1)=C1/C(=O)CSC1=O,0
CC(=O)Nc1ccc(S(=O)(=O)N2CCSC2c2ccc(C)cc2)cc1,0
O=C(/C=N/O)NCCCNCc1ccccc1,0
COc1ccc(C(=O)NCCn2cc(SCC(=O)NCc3ccco3)c3ccccc32)cc1,0
O=C(NCc1ccccn1)c1ccc(COc2ccc(Cl)cc2)o1,0
Cc1cc(C)c(S(N)(=O)=O)c(C)c1-n1cnnn1,0
CN(C)S(=O)(=O)NCc1ccc2c(c1)OCO2,0
COc1ccc(-c2c3c(=O)n(C)c(=O)n(C)c3cn2Cc2ccccn2)cc1,0
CC1=C(C(=O)OCCOc2ccccc2)C(c2ccc(C)o2)C2=C(CC(C)(C)CC2=O)N1,0
CCCCN1C(=O)NC(=O)/C(=C(\C)Nc2ccc(OCC)cc2)C1=O,0
Cn1c(=O)c2c(SCc3cccnc3)nc(C3CC3)nc2n(C)c1=O,0
c1ccc(-n2ncc3c(NCCN4CCOCC4)ncnc32)cc1,0
COC(=O)c1cn[nH]c1N,0
O=C(NCCN1C(=O)C2C3C=CC(C3)C2C1=O)Nc1cccnc1,0
CC(C)c1nnc(NC(=O)CCCC(=O)O)s1,0
OCC(CO)(CO)n1cnnn1,0
CCC12CN3CCN(CC(C3)/C1=N\O)C2,0
Cc1occc1-c1nnc(SCC(=O)NCc2cccs2)n1CC1CCCO1,0
O=C(NCc1cccnc1)c1cc(-c2cccs2)on1,0
CCOC(=O)C1CCN(S(=O)(=O)c2c(C)[nH]c(=O)[nH]c2=O)CC1,0
c1ccc2[nH]c(SCc3ccc(-c4nnco4)cc3)nc2c1,0
O=C(CSc1ncccc1C(=O)O)NCCC1=CCCCC1,0
CC(C)(C)NC(=O)CN(Cc1cccnc1)C(=O)c1csnn1,0
N#Cc1c(N)sc2c1CCN(C(=O)OCc1ccccc1)C2,1
COC(=O)c1ccc(CSc2ncnc3c2sc2nc(N4CCOCC4)c4c(c23)CCCC4)o1,0
Fc1cccc(NCc2cn3ccccc3n2)c1,0
O=C(CN1C(=O)NC2(CCOc3ccccc32)C1=O)Nc1ccc2c(c1)OCCO2,0
COc1ccc(CCNC(=O)CC2Nc3ccccc3NC2=O)cc1OC,0
O=C1c2ccccc2OCOc2ccccc21,0
Cc1ccccc1OCC(=O)Nc1ccccc1CO,0
Cc1ccc(NC(=O)CS(=O)CC(=O)Nc2ccc(N3CCOCC3)cc2)cc1Cl,0
CCc1ccc(-c2nc(CSCC(=O)NCCCN3CCCC3=O)c(C)o2)cc1,0
CC1=C/C(=C2/C=C(C(=O)Nc3ccc(S(=O)(=O)N4CCOCC4)cc3)NN2)C(=O)C(C)=C1,0
CC1CCCC(=O)CCCCCc2cc(O)cc(O)c2C(=O)O1,0
Cc1ccc2[nH]cc(C(=O)CN3CCC4(CC3)OCCO4)c2c1,0
CCC(=O)NC1CC(C(C)(C)NC(=O)CC)CC=C1C,0
CN(Cc1nc(-c2ccccn2)no1)S(=O)(=O)c1ccccc1,0
COc1ccc(OC)c(-n2nnnc2SCC(=O)Nc2nc(C)c(C)s2)c1,0
O=C(CN1C(=O)CCC1=O)Nc1nc(-c2ccc(Cl)s2)cs1,0
CCCCCn1c(-c2ccco2)nc2nc3ccccc3nc21,0
Nc1nonc1-n1nnc(C(=O)c2ccccc2)c1-c1ccccc1,0
NC1=NC2=C(CCCC2)C2(CCCCC2)S1,0
CCCn1nnnc1SCC(=O)NCc1cccs1,0
c1ccc(CSc2nncn2-c2ccccn2)cc1,0
CCOC(=O)c1c(N)sn(-c2ccccc2)c1=S,0
Cc1ccc(S(=O)(=O)NC(=O)NN2CCCCCC2)cc1,0
Nc1sccc1C(=O)c1ccccc1,0
COC(=O)c1cc(=O)nc2sc3ccccc3n12,0
Cn1c(C(=O)N2CCCC(C(=O)NCCN3CCOCC3)C2)cc2sccc21,0
CC(C)Oc1ccccc1-c1nc(SCC(=O)O)n[nH]1,0
O=C(Nc1ccc(C2CCCCC2)cc1)C1CCCN(c2ncccn2)C1,0
O=C(Cc1c[nH]c2ccccc12)N1CCc2ccccc21,0
Cn1c(NC(=O)c2cccs2)cc(=O)n(C)c1=O,0
O=C(Nc1nnc(-c2ccccc2)o1)c1ccc(Cl)cc1,0
Clc1nnc2ccc(-c3ccccc3)nn12,0
Cc1nnc(SCc2cc(=O)nc(N3CCN(Cc4ccccc4)CC3)[nH]2)s1,0
COc1ccccc1NC(=O)N1CCCC1C(=O)NCc1ccccc1,0
Cc1cc(OCC(=O)Nc2ccc(S(=O)(=O)N3CCN(C)CC3)cc2)cc(C)c1Cl,0
Cc1ccc(C)c(NC(=O)CNS(=O)(=O)c2ccccc2)c1,0
CCOC(=O)Nc1cccc(OCC(=O)Nc2ccccc2OC)c1,0
Cc1ccc(-c2nc3ccccc3c(=O)n2-n2cccc2)cc1,0
CC(=O)OCC(=O)Nc1ccc(Cl)cc1Cl,0
CCN(CC)CCn1c2ccccc2c2nc(C)sc21,0
CC(=O)Nc1ccc(N2S(=O)(=O)c3ccccc3S2(=O)=O)cc1,0
O=C(c1cc2c(=O)n3ccccc3nc2s1)N1CCOCC1,0
CCCCc1nc(SCC(=O)Nc2cc(C)on2)n[nH]1,0
Cc1cc(Nc2ccc(F)cc2Cl)n2nc(C)nc2n1,0
Cn1nnnc1SCC(=O)Nc1cc(C(C)(C)C)nn1-c1ccccc1,0
COc1ccc(Cl)cc1S(=O)(=O)N1CCN(C)CC1,0
CCn1c(SCC(=O)NCCc2ccc(F)cc2)nnc1-c1cccs1,0
CCn1c(SCC(=O)N2c3ccccc3CCc3ccccc32)nc2c1c(=O)n(C)c(=O)n2C,0
CCSc1nnc(NC(=O)c2ccc(C)o2)s1,0
CCCOc1ccc(C2/C(=C(/O)c3ccccc3)C(=O)C(=O)N2CCCN(C)C)cc1OC,0
COc1ccccc1-c1nnn(CC#N)n1,0
COCc1cc(=O)n2[nH]c(SC)nc2n1,0
CCCCn1c2c(c(=O)n(C)c1=O)C(c1ccc(OC)cc1)N1CCCCCC1=N2,0
O=c1c2c(nc3n1CCCCC3)-c1ccccc1CC21CCCC1,0
COc1ccc(C)cc1-n1nnnc1SCC(=O)NC(=O)NCc1ccco1,0
O=S(=O)(NCc1ccccc1)c1ccc2c(c1)OCCO2,0
O=C(CSc1nnc2c3c4c(sc3ncn12)CCCC4)NCc1ccco1,0
c1csc(Cn2nnnc2CN2CCN(c3nc4ccccc4s3)CC2)c1,0
O=C(CCS(=O)NCc1ccccc1)NCc1ccccc1,0
CCOCc1nnc(NC(=O)c2ccco2)s1,0
CCCCCCNS(=O)(=O)c1ccc(OC)c(OC)c1,0
CCCc1nn(C)c2c1C(c1cccnc1)C(C#N)=C(N)O2,0
Clc1ccccc1-c1nnc2sc(CCc3ccccc3)nn12,0
c1ccc(CCc2nn3c(Cc4ccccc4)nnc3s2)cc1,0
COc1ccc(C)cc1S(=O)(=O)N(CC(=O)O)c1ccc(C)cc1,0
CCOC(=O)c1cccc(NC(=O)NC(C)C(=O)OC)c1,0
COc1ccc(NC(=O)CSc2nc3c(cc2C#N)CN(C)CC3)cc1,0
CCc1c(O)n(-c2ccccc2)c(SCC(=O)Nc2ccccc2)nc1=O,0
CN(C)CCCNC(=O)c1ccc2[nH]c3ccccc3c2c1,0
CCOC(=O)c1c(CN2CCN(C)CC2)oc2ccc(O)cc12,0
Cn1c(=O)c2c(nc(CN3CCc4ccccc4C3)n2Cc2ccccc2F)n(C)c1=O,0
Cc1ccc(S(=O)(=O)NC2=NCN(Cc3cccnc3)CN2)cc1,0
C=CCn1c(-c2ccoc2)n[nH]c1=S,0
Cc1oc2ccccc2c1-c1cn2c(n1)SCC2,0
CN(C)C(=O)N1CCN(C(=O)c2ccccc2Sc2ccccc2C#N)CC1,0
O=C(NCCC(=O)N1CCNC1=O)OCc1ccccc1,0
COc1cc(CNC(=O)OCC(C)C)cc(OC)c1OC,0
Cc1ccc(S(=O)(=O)Cn2nnnc2CN2CCCC3(CCCCC3)C2)cc1,0
CC(=O)C1=C(O)C(=O)N(C)C1c1ccccc1F,0
CCCN1C(=O)c2cc(C(=O)NCc3cccs3)ccc2C1O,0
CCCn1c(CNC(=O)c2ccccc2)nc2ccccc21,0
CCOC(=O)c1c(N)sn(-c2ccccc2C)c1=S,0
CCOC(=O)NC(=O)CSc1ccccn1,0
COC(=O)c1sccc1NC(=O)c1csc(C)c1,0
O=C(CSc1nccc(=O)[nH]1)N1CCCc2ccccc21,0
COc1ccc(CNC(=O)CSc2nnc(-c3ccc(NC(C)=O)cc3)n2C)cc1,0
Cc1cc(Cl)ccc1OCC(=O)N1CCN(C)CC1,0
CCOC(=O)C1CCN(C(=O)CN(c2ccc(OC)cc2)S(=O)(=O)c2c(C)noc2C)CC1,0
CCOC(=O)c1ccc(Nc2nnc3nc(C)cc(C)n23)cc1,0
O=C1CCCC/C1=C\Nc1ccccc1C(=O)O,0
CCc1nnc(NC(=O)CSc2nc(C)c3c(c2C#N)CCCC3)s1,0
CCOc1ccc(NC(=O)c2ccc(F)c(S(=O)(=O)N3CCN(c4ccccn4)CC3)c2)cc1,0
O=C(Nc1ccc2nc(-c3cccs3)[nH]c2c1)c1ccco1,0
O=C(O)COc1ccccc1Cc1ccccc1,0
Cc1ccc(-c2cc(C(=O)NCc3ccco3)no2)cc1,0
CN1CCc2c(sc3c2C(=O)NC(c2cccc(OC(=O)c4cccs4)c2)N3)C1,0
CCCCS(=O)(=O)Nc1ccc(Cc2ccncc2)cc1,0
CCOc1cc(C)c(Cl)cc1S(=O)(=O)n1cnc2ccccc21,0
COC(=O)C(NC(=O)N1CCN(c2cccc(C(F)(F)F)c2)CC1)C(C)C,0
Cn1c(SCc2ccccn2)nnc1-c1cnccn1,0
COC(=O)c1c(C)[nH]c(C)c1-c1ccccc1Cl,0
CCc1c(C)sc(NC(=O)c2cnn3cccnc23)c1C#N,0
CCn1c(C)c(C(C)=O)c(NCc2ccccc2)nc1=S,0
C=C(C)Cn1c(C2CC(=O)N(Cc3ccccc3)C2)nc2ccccc21,0
COCCn1c(SCCN2CCOCC2)nc2c1c(=O)[nH]c(=O)n2C,0
O=C(CCN1CCCCC1)Nn1c(=S)[nH]c2ccccc2c1=O,0
CCOc1ccc2nc(SCC#N)c(C#N)cc2c1,0
Cc1cc(C)cc(NC(=O)CCn2ccnc2C)c1,0
O=S(=O)(Nc1ccccn1)c1ccc(Cl)cc1,0
O=C(CSc1nnc(NC(=O)C2CCC2)s1)Nc1ccc(N2CCOCC2)cc1,0
Nc1ncnc2c1ncn2CCN1CCCCC1,0
CCCC(=O)Nc1ccc(N2CCN(C(=O)c3ccccc3C)CC2)cc1,0
O=C(NCc1n[nH]c(=S)n1-c1ccccc1)c1ccco1,0
CC(=O)c1cccc(NC(=O)Cc2cccs2)c1,0
N#Cc1c(NC(=O)CCn2cnc3ccccc3c2=O)oc(-c2ccccc2)c1-c1ccccc1,0
CCCC(=O)N(c1ccc2oc(=O)sc2c1)S(=O)(=O)c1ccccc1,0
CCn1c(COc2cccc3cccnc23)nnc1SCC(=O)O,0
CCCn1c(Nc2nc3ccccc3n2C)nc2ccccc21,0
Cn1c2c(c(=O)n(C)c1=O)CN(Cc1ccco1)CN2,0
Nc1cc(=O)nc(SCc2ccccc2)n1Cc1ccco1,0
C=CCn1c(SCC(=O)NC2CCCC2)nc2scc(-c3ccco3)c2c1=O,0
Cn1cnnc1-c1cccc(NS(=O)(=O)c2ccc(N3CCCC3=O)cc2)c1,0
Cc1cc(NC(=O)CSc2nnc(Cn3c(=O)sc4ccccc43)n2-c2ccccc2C)no1,0
COc1ccc(N(CC(=O)Nc2cccc(C)c2C)S(=O)(=O)c2c(C)n[nH]c2C)cc1,0
COCCCn1c(-c2ccsc2)nc2c1c(=O)[nH]c(=O)n2Cc1ccccc1,0
CCOc1cc(C(=O)O)cc(Cl)c1OCC#N,0
CCCOc1ccccc1NC(=O)c1ccc(N)cc1,0
COc1ccc(C2CC(c3cccc(C)c3)N3NC=NC3=N2)cc1,0
c1nc(NCCN2CCOCC2)c2c3c(sc2n1)CCCCC3,0
Cc1onc(-c2ccccc2Cl)c1C(=O)Nc1ccc2c(c1)OCO2,0
CSc1nc2nc3c(c(=O)n2[nH]1)CN(Cc1ccccc1)CC3,0
CCOC(=O)C1(C)NC(c2ccc(OC)c(OC)c2)C2C(=O)N(CC)C(=O)C21,0
Cc1onc(-c2ccccc2)c1C(=O)Nc1nnc(N(C)Cc2ccccc2)s1,0
Cc1cc(NC(=O)c2noc3c2CCCC3)n(-c2ccccc2)n1,0
O=C(O)COc1ccc(S(=O)(=O)NCCc2ccccc2)cc1,0
COc1cc(C(=O)NCc2cn3ccccc3n2)cc(OC)c1OC,0
CCc1c(C(=O)Nc2ccncc2)csc1C,1
COC(=O)Nc1ccc(C(=O)NCC2CCCO2)cc1,0
Cc1ccc(NC(=O)CSCC(=O)Nc2ncc3c(n2)CC(c2ccco2)CC3=O)cc1,0
O=C(NC(Cc1ccccc1)C(=O)N1CCN(c2ccccn2)CC1)c1ccco1,0
CCn1nc(NC(=O)c2cccnc2)c2cc3ccccc3nc21,0
CC(=O)OC(C(=O)NC1CCCCC1)c1ccc(C)cc1,0
O=C(Oc1ccc2[nH]cc(CCN3C(=O)c4ccccc4C3=O)c2c1)c1ccco1,0
COc1ccc2c(Cl)c(-c3nnc4n3CCCCC4)sc2c1,0
O=C(CSc1nnc2ccccn12)NCc1cccs1,0
O=[N+]1C=C(c2ccc(-c3ccccc3)cc2)N([O-])C2CCCCC21,0
CCCCCCN1C(=O)NC(=O)/C(=C(\C)NC)C1=O,0
CN(C)c1ccc(C(=O)C(O)c2ccc(C(C)(C)C)cc2)cc1,0
CC1=C(C(=O)OC(C)C)C(c2cccs2)C2=C(CCCC2=O)N1,0
CCOc1ccccc1N1CCN(C(=O)c2cccc(-c3ccc(O)cc3)c2)CC1,0
COC(=O)c1sc(NC(=O)c2cnccn2)c(C(=O)OC)c1C,0
Cc1cccc(-n2ncc3c(NCc4ccccc4)ncnc32)c1,0
c1ccc(-c2cc(-c3nnc4sc(-c5ccccn5)nn34)[nH]n2)cc1,0
O=C1c2ccccc2C(Nc2ccc3c(c2)OCCO3)N1c1ccccn1,0
COc1ccc(/C(O)=C2/C(=O)C(=O)N(CCCN(C)C)C2c2ccc(C)o2)cc1Cl,0
O=C(NCc1cccnc1)c1ccccn1,0
COc1ccc(S(=O)(=O)Cc2ccc(C(=O)NC(C)C)o2)cc1,0
COCc1cc(C)nc(Nc2ccc(C)cc2C)c1C#N,0
Cn1c(SCc2ccccc2F)nnc1-c1cnccn1,0
O=C1CCC(C(=O)Nc2cccc(C(F)(F)F)c2)N1,0
COC(=O)c1cc(S(=O)(=O)NC2CCN(Cc3ccccc3)CC2)cn1C,0
CCOC(=O)CSc1nc(=O)c2ccccc2[nH]1,0
c1ccc(-c2nnn(C34CC5CC(CC(C5)C3)C4)n2)cc1,0
O=C(CN(C(=O)Cn1nnc(-c2ccc(F)cc2)n1)C1CCCC1)NC1CCCC1,0
CCOC(=O)c1c(NC(=O)CSc2nnc(CNc3ccc(F)cc3)o2)sc(C(C)=O)c1C,0
COC(=O)Nc1sc2c(c1C(=O)NCc1ccco1)CCC2,0
CCOCCc1nnc(NC(=O)CSc2ccccc2)s1,0
CC(=O)N1CCc2cc(S(=O)(=O)NC(C(=O)NC3CCCc4ccccc43)C(C)C)ccc21,0
COc1cc(NC(=O)Cn2nnc(-c3ccncc3)n2)cc(OC)c1,0
CCN1CCN(Cc2ccc(OC)c(OCc3ccccc3)c2)CC1,0
CCOC(=O)CC1C(=O)NCCN1C(=O)c1cc2c(=O)n3cccc(C)c3nc2s1,0
COC(=O)c1cc2ccsc2n1Cc1cc(=O)n2ccccc2n1,0
Cc1ccccc1NC1=NCCCS1,0
N#Cc1ccccc1NC(=O)COC(=O)c1ccc2c(c1)OCCO2,0
O=C(NC(O)C(=O)c1cccs1)c1cccnc1,0
COc1ccccc1OCC(O)CN1C(=O)NC(C)(C)C1=O,0
CCCn1nnnc1SCC(=O)N1CCOCC1,0
O=S(=O)(Nc1ccc2nc(-c3ccco3)[nH]c2c1)c1ccccc1,0
Cc1ccc(SCCNS(=O)(=O)c2ccc3c(c2)OCCO3)cc1,0
COc1ccc(CNC(=O)C2CCN(S(=O)(=O)N3CCOCC3)CC2)cc1,0
CC(NC(=O)c1ccco1)C(=O)OCc1cccc(Cl)c1,0
N#Cc1cn(-c2ccccc2)nc1-c1cc2ccccc2oc1=O,0
COc1cccc2c(C)nc(Nc3nc(=O)cc(CSc4nnc(C)s4)[nH]3)nc12,0
O=C(c1csc(Nc2ccccc2Cl)n1)N1CCCC1,0
CCOC(=O)N1CCN(S(=O)(=O)c2ccc(OCC(=O)OC)cc2)CC1,0
Cn1c(=O)n(CC(=O)Nc2cccnc2)c2ccccc21,0
COc1ccc(C(=O)Cn2nnc(-c3ccccc3-n3cnnn3)n2)cc1,0
CC(=O)Nc1ccc(S(=O)(=O)Nc2nc3c(s2)CCCC3)cc1,0
N#CCSCC(=O)Nc1ccccc1,0
Cc1cc2cc(CN(CC3CCCO3)C(=O)c3cnccn3)c(=O)[nH]c2cc1C,0
Cc1ccc2nc(SCC(=O)NCc3ccco3)c(C#N)cc2c1,0
O=S(=O)(NC1c2cccc3cccc(c23)C1N1CCNCC1)c1ccccc1,0
O=C(NCCN1CCN(c2ccccc2)CC1)C1CCCN(S(=O)(=O)c2cnc[nH]2)C1,0
CCOC(=O)C(NCCCO)c1ccccc1,0
CCCn1nnc(NC(=O)c2ccco2)n1,0
NC(=O)CCN(Cc1ccccc1)S(=O)(=O)c1ccccc1,0
CC1CCCC(C)N1S(=O)(=O)c1ccc(NC(=O)c2ccccc2C(=O)N2CCOCC2)cc1,0
CCOC(=O)c1cnc(-n2nc(C)cc2C)nc1N(C)C,0
CN1CCN(C(=O)c2ccc(C(C)(C)C)cc2)CC1,0
O=C(C1CCN(S(=O)(=O)c2cnc[nH]2)CC1)N1CCc2ccccc2C1,0
CC1CCCCN1C(=O)COc1ccc(NC(=O)c2ccco2)cc1,0
Nn1c(SC/C=C/c2ccccc2)nnc1-c1ccco1,0
Cc1cc(C)n2cc(CSc3nnnn3-c3ccccc3)nc2n1,0
O=C(CSc1ccc2c(c1)OCCO2)NCC1CCCO1,0
O=C(CCc1ccc(S(=O)(=O)N2CCOCC2)cc1)NCCCN1CCCC1=O,0
CCCc1nc(NC2CCCCC2)c(C#N)c2c1COC(C)(C)C2,0
CC(C)NC(=O)N(O)C1N(Cc2ccc3c(c2)OCO3)C(=S)SC1(C)C,0
Cc1ccc2c(c1)cc(CN(CCc1ccccc1)C(=O)N1CCOCC1)c1nnnn12,0
CCCCOC(=O)Nc1ccc(S(=O)(=O)Nc2cc(C)nc(C)n2)cc1,0
CS(=O)(=O)N(CC(=O)NCc1ccccn1)Cc1ccc(Cl)cc1,0
CCc1c(C)nc2cc(-c3cc(OC)cc(OC)c3)nn2c1N1CCCC1,0
N#Cc1nc(-c2ccc(OCc3ccc(Cl)cc3)cc2)oc1NCCCn1ccnc1,0
COc1ccc(S(=O)(=O)N(C)CC(=O)N2CCC(C)CC2)cc1Cl,0
CCN(Cc1cc2ccc(C)cc2[nH]c1=O)C(=O)c1ccncc1,0
O=C(Cn1cnc2c(nnn2Cc2ccccc2)c1=O)c1ccccc1,0
CCOC(=O)C1=C(N)OC2=C(C(=O)CCC2)C1c1ccco1,0
CCOC(=O)c1cc(-c2ccco2)nc2c1c(C)nn2-c1ccccc1,0
COc1ccc(C)cc1S(=O)(=O)Nc1ccccc1C,0
Cc1ccc(-c2nnc(OCCN3CCOCC3)c3ccccc23)cc1,0
Cc1ccc(N(CC(=O)NC2CCCCCC2)S(=O)(=O)c2c(C)nn(C)c2C)cc1,0
CC(=O)Nc1ccc(NC2(C)C(=O)c3ccccc3C2=O)cc1,0
Cc1ccc(-c2noc(CCC(=O)N3CCCC3)n2)cc1,0
COc1ccc(CN(Cc2cc3cc4c(cc3[nH]c2=O)OCO4)C(=O)NC2CCCCC2)cc1,0
O=c1cc(NC2CCCCCC2)[nH]c(=O)[nH]1,0
O=C(NCc1ccc(N2CCCC2=O)cc1)NC1CCCCC1,0
CCOC(=O)C1=C(C)NC2=C(C(=O)CCC2)C1c1cccnc1,0
NS(=O)(=O)c1cccc2cccnc12,0
CC1Oc2ccccc2N(CC(=O)N2CCc3ccccc32)C1=O,0
CCCCCOC(=O)C(C)c1c(C)[nH]c(=S)[nH]c1=O,0
COCCn1c(C)cc(C(=O)CSc2ncn[nH]2)c1C,0
CC(C)(C)NC(=O)CN(C(=O)C1CSC(=O)C1)c1ccc2c(c1)OCCO2,0
CN(C)S(=O)(=O)c1cccc(C(=O)NCC2CCCO2)c1,0
CCOC(=O)c1ccc(NC(=O)CN2CCN(c3ccccc3)CC2)cc1,0
C=CCNS(=O)(=O)c1ccc(OCC(=O)OCC)cc1,0
O=c1nc(SCc2ccccc2Cl)nc2n(-c3ccccc3)[nH]cc1-2,0
CS(=O)(=O)N(CC(=O)N1CCc2ccccc2C1)c1ccc2c(c1)OCO2,0
CN1CCN(CCCNC(=O)c2ccc(CSCc3cccc(Cl)c3)o2)CC1,0
CCc1cccc(NC(=O)c2snc3c(=O)nc[nH]c23)c1,0
COc1cccc(-n2c(C)c(C(C)=O)c(C(C)=O)c2C)c1,0
COc1ccc(C2c3c(oc4ccc(F)cc4c3=O)C(=O)N2CCN2CCOCC2)cc1OC,0
NC(=O)SCC(=O)Nc1cccc(Cl)c1,0
O=C1C=Cc2ccccc2/C1=C/Nn1cnnc1,0
CS(=O)(=O)N1CCN(c2ccccc2NC(=O)c2ccc(-c3ccc(Cl)cc3Cl)o2)CC1,0
CCOC(=O)C(C)n1cnc2sc3c(c2c1=O)CCC3,0
CC(=O)c1cccc(NS(=O)(=O)c2ccc3c(c2)oc(=O)n3C)c1,0
CCC(=O)Nc1cc(C(F)(F)F)ccc1N1CCOCC1,0
CN1CCN(CCC(=O)N2c3ccccc3Sc3ccc(Cl)cc32)CC1,0
COc1ccc(C(=O)NCCc2nnc(SCc3nc(=O)c4ccccc4[nH]3)n2C)cc1,0
COc1ccc(-c2nc(C#N)c(NCCN(C)C)o2)cc1,0
COC(=O)CSc1nnc(-c2ccco2)n1-c1ccc(C)cc1,0
CNC(=O)c1c(O)n2c3c(cccc3c1=O)CC2,0
OCc1ccccc1OCCOc1ccc(Cl)c2cccnc12,0
Cc1ccc(-n2c(SCC(N)=O)nnc2-c2cccnc2)c(C)c1,0
CSc1nsc(SCC(=O)Nc2c(C)n(C)n(-c3ccccc3)c2=O)n1,0
CC1CN(C2CCCCC2)c2nc3c(c(=O)[nH]c(=O)n3C)n2C1,0
O=C(CCn1c(=O)oc2ccccc21)Nc1ccc2c(c1)OCCO2,0
Cc1cc(Nc2ccc3ccccc3c2)n2ncnc2n1,0
CC(C)(C)OC(=O)NC(Cc1c[nH]c2ccccc12)c1nnc(SCC(N)=O)o1,0
Cc1ccc(S(=O)(=O)N2CCCC2C(=O)N2CCCCCC2)cc1,0
Cc1ccc(NC(=O)N2CCCN(Cc3ccc(F)cc3)C2)cc1C,0
OC(COC1CCCCC1)CN1CCN(c2ccccc2)CC1,0
CC(=O)Nc1ccc2c(c1)nc(CCNC(=O)c1ccccc1)n2C,0
O=C(CSc1ccccn1)c1ccc(F)cc1,0
O=C1c2ccccc2NC2(CCCCC2)N1c1ccc(O)cc1,0
O=C(O)c1cc2c(s1)CCCC2,0
CCOC(=O)c1c(C)nc2ncccn12,0
COc1ccc(CCNC(=O)c2nnn(-c3ccccc3OC)c2N)cc1OC,0
O=C(CCC(=O)CCN1CCCCC1)CCN1CCCCC1,0
CNC(=O)CCn1nc(-c2ccc(Cl)cc2)c2ccccc2c1=O,0
CCC(NCCc1ccccc1)=C1C(=O)CCC1=O,0
CCCC(=O)NCCSC,0
Cc1cccc(CN2CCN(CC(=O)O)C2=O)c1,0
CCOc1cc(N2CCOCC2)c(OCC)cc1NC(=O)c1nc2nc(C)cc(C)n2n1,0
C=CCNc1oc(Cc2cccc3ccccc23)nc1C#N,0
COc1ccc(OC)c(C2C(C#N)=C(N)Oc3cc(N)ccc32)c1,0
COC(=O)C1=C(C)NC(=O)NC1/C=C/c1ccccc1,0
CCOc1ccc(CCNC(=O)C2CCCN(c3nn4c(=O)cc(C)nc4s3)C2)cc1,0
CCOC(=O)N1CCN(C(=O)c2ccc3nc(N4CCCCC4)sc3c2)CC1,0
O=C(NCCC1=CCCCC1)c1cnccn1,0
CCOC(=O)c1cnn(-c2ncnc3c2cnn3Cc2ccccc2)c1N,0
O=C1c2ccccc2CN1CCNS(=O)(=O)c1ccc(Cl)cc1,0
Cc1cccc(CCN(Cc2cc3cccc(C)c3[nH]c2=O)C(=O)N2CCOCC2)c1,0
O=C(NC1CCCCC1)N1CCCCCC1,0
c1ccc(-c2noc(C3CCCCC3)n2)nc1,0
O=S(=O)(/C=C/c1ccccc1)n1cnc2ccccc21,0
O=C(Oc1ccc(/C=N/O)cc1)c1ccccc1,0
Cc1ccccc1OCCCCCNCCO,0
Cn1c(NC(=O)Cc2cccs2)cc(=O)n(C)c1=O,0
COc1ccc(Cl)cc1NC(=O)c1oc(C)nc1C,0
Cc1cc(-c2cc(N)n(-c3ccccc3)n2)c(C)n1C1CCCC1,0
CCN(CC)c1ccc(NC(=O)CSc2nc(=O)cc(C)[nH]2)cc1,0
COc1ccc(C(=O)CSc2ncn[nH]2)cc1OC,0
CC1=C(C(=O)N2CCOCC2)C(c2ccccc2F)C2=C(CCCC2=O)N1,0
O=C(CSc1ccc(Cl)cc1)Nc1ccc(N2CCN(C(=O)c3ccco3)CC2)cc1,0
Cc1ccc(NC(=O)CSc2nnc(-c3ccc(S(=O)(=O)N4CCOCC4)cc3)n2C)cc1,0
Cn1c(SCc2nc3ccccc3[nH]2)nnc1-c1cnccn1,0
CC1CCN(C(=O)CSc2nnc(-c3ccc(S(=O)(=O)N4CCOCC4)cc3)n2C)CC1,0
Cc1onc(-c2ccccc2)c1C(=O)Nc1sc2c(c1C#N)CCC2,0
O=C(NC1CCCC1)C1CCCN1C(=O)Nc1ccccc1Cl,0
CCCCn1c(CN2CCN(C(=O)OCC)CC2)nc2c1c(=O)[nH]c(=O)n2C,0
CCN1C(=O)CS/C1=N\c1nccs1,0
CC(C)N(Cc1ccccc1)C(=O)c1cnc2n(c1=O)CCS2,0
CCCCn1c(C(C)NC(=O)CCC)nc2ccccc21,0
Cc1n[nH]c(C)c1S(=O)(=O)N1CCCC(C(=O)N2CCc3ccccc32)C1,0
Cn1nnnc1SCc1ccc(F)cc1,0
C=CCNc1ncnc2ccccc12,0
CCN(CC)CCNC1=Nc2ccccc2CCC1,0
CCOC(=O)C(C#N)C(c1cccnc1)c1c(C)[nH][nH]c1=O,0
Cn1nc(CC(=O)N2CCN(c3ccccc3)CC2)c2ccccc2c1=O,0
O=C1NCCCc2c1no[n+]2[O-],0
Cc1nn(-c2nc3ccccc3n2Cc2ccccc2)c2c1C(=O)CC(C)(C)C2,0
COc1ccc2c(Cl)c(C(=O)NCCCn3ccnc3)sc2c1,0
Cc1nnc2c(-c3ccccc3)nc3ccccc3n12,0
O=C(OCc1nnc(-c2ccccc2)o1)c1ccc2c(c1)C(=O)N(CCc1ccccc1)C2=O,0
Cc1ccnc(N(C(=O)c2cccs2)C(=O)c2cccs2)c1,0
O=C(C1CC1)N(Cc1ccco1)c1nc(-c2ccccc2)cs1,0
COCCN(C(=O)Cc1cccs1)c1nnc(-c2ccncc2)s1,0
CCCN(CCC)c1ncnc2nc[nH]c12,1
O=C(NC1c2ccccc2-c2ccccc21)N1CCOCC1,0
CC1(C)CC(=O)c2sc(N)nc2C1,0
CCOC(=O)c1cnc(-n2nc(C)cc2C)nc1Nc1cccc(C(C)=O)c1,0
CCOC(=O)N1CCN(C(c2ccccc2)c2sc3nc(C)nn3c2O)CC1,0
CCn1cc(C(=O)O)c(=O)c2cnc(N3CCNCC3)nc21,0
CC1CN(C2CCN(S(=O)(=O)c3ccccc3)CC2)CC(C)O1,0
O=C1C(=CNCCCN2CCCC2=O)C(=O)c2ccccc21,0
COc1cccc(-c2nnc(SCCC(=O)O)n2C)c1,0
CCCCCCNC(=O)C(C#N)c1nc2ccccc2nc1N1CCCC1,0
CC(C)Oc1ccc(N2CC(C(=O)Nc3ccccc3F)CC2=O)cc1,0
Cc1cc(S(=O)(=O)Nc2ccccc2C(=O)O)ccc1Cl,0
COCCNC(=O)Cn1ncc2ccsc2c1=O,0
CC1(CCc2ccc3c(c2)OCO3)NC(=O)c2ccccc2N1,0
Cc1sc2c(c1C)C(=O)NC(c1cccc(O)c1)N2,0
COc1cc(CN2C(=O)NC(=O)C3(Cc4cc(C)ccc4N(C)C3)C2=O)cc(OC)c1,0
COC(=O)c1sc(NC(=O)c2oc3ccccc3c2C)nc1C,0
Oc1c(C(c2ccc(F)cc2)N2CCc3ccccc3C2)sc2ncnn12,0
Nn1c(Cc2cccc3ccccc23)nnc1SCC(=O)NC1CCS(=O)(=O)C1,0
Cc1cccc(-n2c(CNC(=O)COc3ccccc3)nnc2SCC(=O)Nc2nccs2)c1,0
CCC1=Nc2ccccc2-c2nnc(SC)nc2O1,0
Cc1cc(N)c(-n2cc3c(=O)n(C)c(=O)n(C)c3c2)cc1C,0
CCCCOC(=O)C1=C(C)N=C2N=CNN2C1c1ccc(OCC)c(OC)c1,0
CCOc1ccc(NS(=O)(=O)c2ccc3c(c2)oc(=O)n3C)cc1,0
Cc1cc(C)nc(NS(=O)(=O)c2ccc(-n3cccc3)cc2)n1,0
Cc1ccnc(SCC(=O)N2CCC(C(N)=O)CC2)n1,0
CCOC(=O)c1ccc(NC(=O)Cn2nnc3ccccc32)cc1,0
CCN1CCN(Cc2cc(=O)oc3cc(C)cc(C)c23)CC1,0
CC1Cc2ccccc2N1S(=O)(=O)c1cnc[nH]1,0
COc1ccc(NC(=O)Cn2nnc(-c3ccc(CN4CCOCC4)cc3)n2)c(OC)c1,0
COCCn1c(SCC(=O)Nc2cccc(C(=O)OC)c2)nc2ccccc2c1=O,0
COc1ccc(CNC(=O)CSc2nnnn2Cc2ccccc2)cc1,0
CS(=O)(=O)N(CC(=O)N1CCN(c2ccccc2F)CC1)c1ccc2c(c1)OCCO2,0
Cc1cccc(-c2noc(CN(C(=O)C34CC5CC(CC(C5)C3)C4)C(C)C)n2)c1,0
CCOC(=O)c1c(C)[nH]c(C(=O)Cn2nnc(-c3ccccc3)n2)c1C,0
O=c1nc(CN2CCN(C/C=C/c3ccccc3)CC2)[nH]c2cc(Cl)ccc12,0
O=C(COc1ccc(-n2cnnn2)cc1)NCCc1ccc(F)cc1,0
Nc1nc2sc3c(c2cc1C(=O)N1CCOCC1)CCCC3,0
CCOc1ccc(NC(=O)CC2CC(C)(C)OC2=O)cc1,0
CCOCc1nnc(NC(=O)CCc2ccccc2)s1,0
O=C1C=CC=C/C1=C1\N=C(NCC2CCCO2)c2ccccc2N1,0
COc1cccc(-n2c(SCC(=O)NC(C)(C)C)nnc2-c2ccoc2C)c1,0
COc1cccc(NC(=O)c2nnn(CCc3ccccc3)c2N)c1,0
CC(C)Sc1nnc(C(C)NC(=O)OC(C)(C)C)o1,0
CC(C)Cc1nc2n[nH]c(N)c2c2c1CCC2,0
CC(=O)c1c(C(C)=O)c(C)n(Cc2ccc3c(c2)OCO3)c1C,0
CCCn1c(=O)c2[nH]c(C3CCCC3)nc2n(CCC)c1=O,0
Cc1nn(C(C)C(=O)O)c(=O)c2c1sc1ccccc12,0
Cc1ccc(Cn2ccc(NC(=O)c3noc4c3CC(C(C)(C)C)CC4)n2)cc1,0
N#CCCN1CCN(C(CNS(=O)(=O)c2ccc(Cl)cc2)c2ccccc2)CC1,0
O=C(CSc1nnc(-c2cccs2)o1)NCC1CN(Cc2ccccc2)CCO1,0
CCNc1nc(N2CCCCC2)nc(-n2nnc(C(=O)OCC)c2C)n1,0
COc1cc(OC)c(C2C3=C(CCCC3=O)Nc3nc4ccccc4n32)cc1OC,0
O=C(O)Cn1cc(C(=O)c2ccccc2)c2ccccc21,0
COc1ccccc1CNC(=O)C1CC(=O)N(c2ccc(C)c(C)c2)C1,0
CC(C)C(NC(=O)C12CC3CC(CC(C3)C1)C2)C(=O)NC1=NCCS1,0
Cc1[nH]nc(NC=C2C(=O)CC(C)(C)CC2=O)c1-c1ccc(Cl)cc1,0
O=C(CN1C(=O)CCSc2ccccc21)N1CCC2(CC1)OCCO2,0
Cn1c(=O)[nH]c(=O)c2c1nc(N1CCCC1)n2CC(O)COc1ccccc1,0
CCCc1nnc(NC(=O)Cn2c(=O)sc3ccccc32)s1,0
COC(=O)C1=C2SC(C)C(=O)N2C(N)=C(C#N)C1c1cc(OC)c(OC)c(OC)c1,0
Cc1ccc2nc(-c3cccc(-c4nc5ccc(C)cc5o4)n3)oc2c1,0
COc1ccc(Cl)cc1NC(=O)CSc1nnc(-c2ccncc2)n1CC1CCCO1,0
CN1CCN(S(=O)(=O)c2ccc(-c3ccc(Cl)cc3)cc2)CC1,0
CCc1nn(C(C)C(=O)NCCc2ccc(OC)c(OC)c2)c(=O)c2cc3occc3n12,0
COc1ccc(Cl)cc1S(=O)(=O)n1ccnc1C(C)C,0
CCCCSC1=C(C#N)C(c2ccccc2C)CC(=O)N1,0
O=C(CCc1nc2ccccc2[nH]1)Nc1ccccc1,0
Cc1ccc(NC(=O)CCSc2nnnn2-c2ccc3c(c2)OCO3)cc1C,0
Cn1nnc2cc(NC(=O)NCc3ccc4c(c3)OCO4)ccc21,0
C=CC(=C)CC(NC)c1ccccc1,0
COc1ccc(-c2nnc(SCC(=O)Nc3cccc(Cl)c3)o2)cc1,0
CC(C)c1ccccc1N1CC(C(=O)O)CC1=O,0
Cc1ccc(NC(=O)CC2Nc3ccccc3NC2=O)cc1Cl,0
O=C(C1CCCCC1)N1CC(=O)N2CCc3ccccc3C2C1,0
COc1ccccc1-n1cnnc1SCC(=O)Nc1cc(C(C)(C)C)nn1-c1ccccc1,0
Nc1ccccc1SCc1cn2ccccc2n1,0
Cc1nc(NCCN)c(C#N)c2c1COC(C)(C)C2,0
CC(C)C(=O)Nc1cccc(NC(=O)c2cc3ccccc3o2)c1,0
COc1ccc(OC)c(NC(=O)C2CC(=O)N3NC=NC3=N2)c1,0
COc1ccc(C2CC(=O)C3=C(C2)N=C2N=CNN2C3c2ccccc2C)c(OC)c1,0
O=C(CN(Cc1ccco1)C(=O)CCC(=O)Nc1ccccn1)NCCc1ccccc1,0
O=C(NCc1ccccn1)c1ccc(=O)oc1,0
Cc1nc(Nc2nc3ccccc3o2)nc2c1CCC2,0
CN1CC(=O)N(C)c2ncn(Cc3ccccc3)c2C1=O,0
O=c1cc(C2CCNCC2)[nH][nH]1,0
Cc1c(C)n(C(=O)CN2CCN(c3ccccn3)CC2)c2ccccc12,0
Nn1c(Nc2ccccc2)nc2sc3c(c2c1=O)CCC3,0
CC1Cc2ccccc2N1C(=O)C1CCN(S(=O)(=O)Cc2ccccc2)CC1,0
CCN(CC)S(=O)(=O)c1cccc(C(=O)NC2CCCCC2)c1,0
CC(=O)C1=C(O)C(=O)N(Cc2cccnc2)C1c1ccccc1,0
Cc1nc(N(C)C)c2sc(=S)n(C)c2n1,0
C/C(CC1(O)C(=O)N(C)c2ccccc21)=N\O,0
CCC(=O)Oc1ccc2c(C)c(Cl)c(=O)oc2c1,0
O=C(NCCc1ccccc1)c1ncn[nH]1,0
CCCc1nc(SCC(=O)Nc2cc(C)on2)c2ccccc2n1,0
C=CCOc1ccc(/C(O)=C2\C(=O)C(=O)N(CCN(C)C)C2c2cccs2)cc1,0
Cc1cc(=O)nc2n(-c3ccccc3)[nH]c(C)c1-2,0
COC(=O)CSc1nnc(CNC(=O)c2cccs2)n1-c1cccc(C)c1,0
CC12CN3CC(C)(CN(C1)C31C(=O)N(Cc3ccccc3)c3ccccc31)C2=O,0
Cc1cc(C)c2c(N)c(C(=O)c3ccccc3)oc2n1,0
CCCn1c(SCC(=O)Nc2ccc3c(c2)OCO3)nc2c1c(=O)n(C)c(=O)n2C,0
O=C(Nc1cccc(F)c1)NC1CCCCC1,0
Cc1cc(Cl)ccc1OCC(=O)OC(C)C(=O)N(C)C,0
O=C1CC(Nc2ccccc2)C(=O)N1c1ccc(N2CCOCC2)cc1,0
COC(=O)c1ccc(N2CCN(C)CC2)c(NC(=O)COc2ccc(OC)cc2)c1,0
O=C(C(Cc1ccccc1)n1cccc1)N1CCN(C2CCCCC2)CC1,0
COC(=O)c1c(NC(=O)CSc2nnnn2-c2ccc3c(c2)OCO3)sc(C)c1C,0
O=c1cc(NCc2ccccc2)c2ccccc2o1,0
O=C1N(CN2C(=O)C3(OCCO3)c3ccccc32)c2ccccc2C12OCCO2,0
CCOC(=O)C1CCCN(C2CC(=O)N(c3ccc(C)c(C)c3)C2=O)C1,0
CCCC(=O)n1nc(-c2ccc(OC)cc2)nc1N,0
O=C(Nc1ccc(Cl)cn1)c1cnn2cccnc12,0
CCOc1ccc(CC(=O)N2CCN(c3ccc(N4CCOCC4)nn3)CC2)cc1OCC,0
CCn1ncc2c(OCc3ccc(C#N)cc3)cc(C)nc21,0
CCOc1cc(N2CCOCC2)c(OCC)cc1NC(=O)CCC1CCCC1,0
Cc1nc(N2CCN(C(=O)CCC(=O)O)CC2)c2c(C)c(C)sc2n1,0
COc1ccc(-c2cc(C(=O)N3CCOCC3)no2)cc1OC,0
Cc1cc(C)c2[nH]c(=O)c(CN(C(=O)C3CCCO3)C3CCCC3)cc2c1,0
COc1cccc(N(CC(=O)Nc2cccc(C(C)=O)c2)S(C)(=O)=O)c1,0
CC(NC(=O)CSc1nc(=O)c2ccccc2[nH]1)c1ccccc1,0
CCOc1ccc(N2CC(C(=O)Nc3ccccc3OC)CC2=O)cc1,0
Cc1ccc(-n2ncc(C#N)c2/N=C/N(C)C)cc1,0
COc1cccc(OC)c1C(=O)NCCN1CCN(C(=O)c2c(OC)cccc2OC)CC1,0
COc1ccccc1N1CCN(C(=O)CSc2nnc(-c3ccoc3C)o2)CC1,0
O=C(NCc1cccnc1)C1CCN(S(=O)(=O)c2cccs2)CC1,0
COc1ccc(CCN(C)C(=O)CN2C(=O)c3ccccc3S2(=O)=O)cc1OC,0
Cc1ccc2oc3c(c(=O)c2c1)C(c1ccc(F)cc1)N(CCCN1CCOCC1)C3=O,0
O=C(O)CCCC(=O)Nc1ccccc1-n1ccnc1,0
CCOc1nc(OCC)nc(N2CCC(C)CC2)n1,0
CC1Cc2ccccc2N1S(=O)(=O)c1cccs1,0
O=C(c1cccs1)N1CCN(CCc2ccccc2)CC1,0
CCOc1cc(S(=O)(=O)NCCc2ccccc2C)c(OCC)cc1-n1cnnn1,0
N#Cc1nc(Cc2cccc3ccccc23)oc1N1CCCCC1,0
COC(=O)Cc1nnc(NC(=O)c2ccccc2)s1,0
COc1ccc(N2CCN(c3oc(-c4ccco4)nc3C#N)CC2)cc1,0
O=S(=O)(NCc1ccccn1)c1ccc2c(c1)OCCO2,0
O=C(CCOc1ccccc1)Nc1ccc(S(=O)(=O)N2CCCC2)cc1,0
Cc1nc2cc(NC(=O)NCc3ccc4c(c3)OCO4)ccc2o1,0
CC(C)Cc1ccc(C(C)C(=O)N2CCOCC2)cc1,0
CN(Cc1ccccc1)C(=O)CCCn1c(=O)[nH]c2cc(Cl)ccc2c1=O,0
S=c1[nH]nc(COc2ccccc2)n1C1CCCCC1,0
Cc1nn(-c2cc(Cl)ccc2N)c(=O)c2ccccc12,0
COCCN(C(=O)c1csnn1)C(C(=O)NC(C)(C)C)c1cccc(OC)c1,0
O=C1CSC2N1CCNC21CCCCC1,0
COc1cccc(C2=CC(c3ccc(OC)c(OC)c3OC)N3NN=NC3=N2)c1,0
Cc1nc2sc(C(c3ccc(Cl)cc3)N3CCN(c4ccccc4F)CC3)c(O)n2n1,0
Cc1ccc2cc(C)c(NCCO)nc2c1,0
Cc1c(-c2nn(C)c(=O)c3ccccc23)oc2ccc(F)cc2c1=O,0
CCOC(=O)c1ccc(N2C(=O)C(O)=C(C(C)=O)C2c2ccc(O)c(OC)c2)cc1,0
CCOc1ccccc1-n1nnnc1SCc1nc2ccccc2s1,0
COCCNc1nc2c(c(=O)n(C)c(=O)n2C)n1Cc1cccc(C)c1,0
COc1ccc(-c2nnc(SCc3ncc(-c4ccccc4)o3)o2)cc1,0
Cc1nnc(SCC(=O)N2CCN(Cc3ccccc3)CC2)s1,0
O=C(NCCN1CCOCC1)C1CCN(S(=O)(=O)N2CCCCC2)CC1,0
O=C(O)c1ccc2c(c1)C(c1ccccc1)OC2=O,0
FC(F)(F)c1ccc2c(c1)nc1n2CCCC1,0
COc1ccc(C2C(C(=O)Nc3ccccn3)=C(C)N=C3N=CNN32)c(OC)c1,0
Cc1ccc(NC(=O)CC2SCCNC2=O)cc1Cl,0
O=C(CSc1ncn[nH]1)Nc1nnc(-c2ccccc2)s1,0
CC(C)C(c1nnnn1Cc1ccccc1)N1CCN(Cc2ccc3c(c2)OCO3)CC1,0
Cc1cc(C)c(NC(=O)c2ccc(S(=O)(=O)N(C)C)cc2)c(C)n1,0
CCCc1cc(=O)n2[nH]c(NCc3ccccc3F)nc2n1,0
Cc1occc1-c1nnc(SCC(=O)c2ccc(F)cc2)o1,0
Cc1ccc2nsnc2c1-n1c(C)nc2ccccc2c1=O,0
c1ccc(CCNC2=NCCCS2)cc1,0
Cc1cc(C)nc(NS(=O)(=O)c2ccc(NC(=O)NC3CCCCC3)cc2)n1,0
CC1Cc2ccccc2N1CC(=O)NC(=O)NCc1ccco1,0
Cc1nnc(SCCn2c(N3CCN(C)CC3)nc3c2c(=O)[nH]c(=O)n3C)s1,0
COc1ccccc1NC(=O)c1cccs1,0
CC(NC(=O)CSc1ncccn1)c1ccccc1,0
COC(=O)C(N)Cc1ccc(O)cc1,0
CN(C)c1ccnc2sc3c(=O)n(Cc4ccccc4)cnc3c12,0
CCOc1ccc(-c2csc(NC(=O)C3CCCO3)n2)cc1,0
CSc1n[nH]c(NCc2cccs2)n1,0
Cc1cc(=O)oc(C)c1C(=O)NCCc1ccccc1,0
O=C(CN1C(=O)c2ccccc2C1=O)Nc1cccnc1,0
CC(C)CN(CC(C)C)S(=O)(=O)N1CCC(C(=O)NCc2ccc(F)cc2)CC1,0
COC(=O)CSC1=C(C#N)C(c2ccccc2F)CC(=O)N1,0
O=c1cc(-c2ccccc2)nc2nc(-c3ccccc3)[nH]n12,0
CCCCOc1ccc(CSc2n[nH]c(C)n2)cc1,0
Cc1nc(NC(=O)CCCC(=O)Nc2nc(C)c(C)s2)sc1C,0
O=C(Nc1ccc(Oc2ccccc2)cc1)c1ccco1,0
CCc1nc(N)c(C#N)c(-c2ccc(OC)c(OC)c2)c1C,0
Cc1[nH]c(NCc2ccccc2)nc(=O)c1CCC(C)C,0
Cc1csc2ncc(C(=O)Nc3ccon3)c(=O)n12,0
CCOC(=O)c1ccc(CNC(=O)CSc2nnnn2-c2ccc(Cl)cc2)o1,0
Cc1cccc(CS(=O)(=O)Cc2ccc(C(=O)NCCCN3CCOCC3)o2)c1,0
CC(CN1CCCCC1)OC(=O)Cc1ccc(Cl)cc1,0
Cc1cc(C)c2cc(C#N)c(NCCCNC(=O)CCC(=O)O)nc2c1,0
O=C(NCc1ccccc1Cl)C1CCN(S(=O)(=O)N2CCCCCC2)CC1,0
CC1CN(C(=O)c2cccc(S(=O)(=O)N3CCOCC3)c2)CC(C)O1,0
O=C(Cn1cccc1)Nc1ccc(OC(F)(F)F)cc1,0
CC(NC(=O)c1ccccc1NS(C)(=O)=O)c1ccccc1,0
N#Cc1nc(-c2cccs2)oc1NCc1ccc(Cl)cc1,0
COc1ccc2c(c1)c(C(O)CN1CCN(Cc3ccc4c(c3)OCO4)CC1)c(C)n2C,0
Cc1ccc(NC(=O)c2cc(NC(=O)c3ccco3)ccc2N2CCOCC2)cc1,0
O=C1CC(c2ccccc2)CC(=O)C1=CNCCCN1CCOCC1,0
O=C(Nc1cnn(C23CC4CC(CC(C4)C2)C3)c1)c1cnn2cccnc12,0
COc1ccc(OC)c(NC(=O)C2CC(C)=C(C)CC2C(=O)O)c1,0
O=C(COc1cccc2cccnc12)NCC(F)(F)F,0
O=C(Nc1ccccc1)NC1CCN(Cc2nnnn2C2CCCCC2)CC1,0
CCN(C(=O)CSc1ncn[nH]1)c1cccc2ccccc12,0
CCN(CCCNC(=O)C1CCN(S(=O)(=O)CC)CC1)c1ccccc1,0
N#CCCSc1ncnc2c1oc1ccccc12,0
CN(C)/C=N/c1sc2c(c1C#N)CCC2,0
CSc1ccc(Cl)c(C(=O)NCC(C)C)c1,0
CC1(C)C2CCC1(CS(=O)(=O)NCc1ccc(C(=O)O)cc1)C(=O)C2,0
COc1ccc(NC(=O)c2ccco2)cc1NC(=O)c1ccc(C)cc1,0
Cc1cc(C)nc(SCc2nnc(SCC(=O)Nc3ccccc3C)n2Cc2ccco2)n1,0
COc1cc(NC(=O)Nc2cccc(C(C)=O)c2)cc(OC)c1OC,0
CCOc1ccc(NC(=O)c2cnsn2)cc1,0
COC(=O)C1C(=O)C2=C(CC1C)NC(=O)CC2c1ccccc1,0
CCn1cc(C(=O)NCC2CCCO2)c(=O)c2cc(S(=O)(=O)N3CCC(C)CC3)ccc21,0
CCOC(=O)c1cccc(NS(=O)(=O)c2cnc[nH]2)c1,0
O=C(NCCc1ccccn1)C1CC(=O)N(Cc2ccccc2Cl)C1,0
Cc1onc(-c2ccccc2)c1C(=O)Nc1cccc(C#N)c1,0
CCCCNC(=O)CCCCCNS(=O)(=O)c1ccc(OC)cc1,0
Nc1cc(-c2nn[nH]n2)ccc1F,0
Cc1cc(-c2cc(-c3ccc(Cl)cc3)nc(N)c2C#N)co1,0
Cc1cc(N2CCN(C(=O)c3ccco3)CC2)n2nc(-c3cccc(F)c3)cc2n1,0
Cc1ccc(NC(=O)c2ccc(OC(=O)c3ccco3)cc2)cc1,0
COc1ccc(NC(=O)c2oc3ccccc3c2NC(=O)c2ccco2)cc1,0
O=C(O)CCc1ccc(-c2cccs2)o1,0
CC(C)CC(C(=O)Nc1ccc2c(c1)OCCO2)N1C(=O)c2ccccc2C1=O,0
COc1ccccc1NC(=O)CNS(=O)(=O)c1ccccc1,0
O=C(Nc1nnc(C2CC2)s1)c1cccc(S(=O)(=O)N2CCc3ccccc32)c1,0
Cc1cn(C2CC3OCC3O2)c(=O)[nH]c1=O,0
CCCC(C)C1C(C#N)=C(N)Oc2cc(C)oc(=O)c21,0
O=C(CCn1cccc1)N1CCc2ccccc21,0
CCOC(=O)c1nc2nc(C)cc(=O)n2[nH]1,0
Cc1cccc(-c2noc(CCC(=O)Nc3ccccc3)n2)c1,0
CC1CN(Cc2nc3c(c(=O)[nH]c(=O)n3C)n2CC(N)=O)CC(C)O1,0
Cc1ccc(N)c(C(=O)CCCCC(=O)O)c1,0
CCCCC(c1nnnn1Cc1ccco1)N1CCN(c2nc3ccccc3s2)CC1,0
N=c1n(CCOc2ccccc2)c2ccccc2n1CCN1CCOCC1,0
COC(=O)c1ccc(-n2nnnc2SCc2ccccc2OC)cc1,0
CC(=O)c1cccc(NC(=O)Nc2cccnc2)c1,0
COC(=O)C(C#N)C(c1cccnc1)c1c(C)[nH][nH]c1=O,0
CC/N=C1/SC(CC(=O)Nc2ccccc2)C(=O)N1CC,0
CCC(Nc1ccc(OC)cc1OC)=C1C(=O)N(C)C(=O)N(C)C1=O,0
CCOC(=O)c1sc2nc(NC(=O)C3CCCCC3)sc2c1C,0
CCCNC(=O)Cn1cnc2sc(C(=O)N3CCN(CCC)CC3)c(C)c2c1=O,0
CC(=O)NC(CCS(C)(=O)=O)C(=O)Nc1cccc2ccccc12,0
CC(=O)c1c(C)[nH]c(C(=O)NCCCN2CCCC2)c1C,0
CCn1ncc(Cl)c1C(=O)NC(C)c1ccccc1,0
COc1cc2cc(C)c3nnc(SCC(N)=O)n3c2cc1OC,0
COc1cc2c(cc1OC)CN(CC(=O)Nc1cccc(C)c1)CC2,0
O=C(Cn1cccc1C(=O)c1ccccc1)NCc1ccc2c(c1)OCO2,0
CCCC(=O)n1nc(-c2ccc(Cl)cc2)nc1SC,0
Cc1cc(C)n(-c2cc(N3CCOCC3)ncn2)n1,0
COCc1cc(=O)n2[nH]c(C)cc2n1,0
COc1ccc(-c2cc3nc(C)c(CCC(=O)NCc4ccco4)c(C)n3n2)c(OC)c1,0
Cc1ccc(-n2c(=O)[nH]cc(C(=O)Nc3ccc4c(c3)OCCO4)c2=O)cc1C,0
O=C1OCCC1Sc1nnc(-c2cccs2)n1Cc1ccccc1,0
CN(C(=O)OCc1ccccc1)C(CC(N)=O)C(=O)O,0
Cn1c(=O)c2c(nc(CN3CCN(c4ccccc4)CC3)n2CCc2ccccc2)n(C)c1=O,0
CC1Cc2cc(/C(O)=C3/C(=O)C(=O)N(CCCn4ccnc4)C3c3ccco3)ccc2O1,0
CCOC(=O)C1CCN(CC(=O)Nc2c(C(=O)OC)[nH]c3ccccc23)CC1,0
CC(=O)Nc1ccc(OC(=O)c2cccs2)cc1,0
Cc1cccc(OCCCCCNCCO)c1,0
CCn1c(CN2CCN(C(=O)c3ccco3)CC2)nc2c1c(=O)n(C)c(=O)n2C,0
O=C(CN1CCN(c2ccc(F)cc2)CC1)N1CCOCC1,0
Cc1cc(C)n(-c2nc3c(c(=O)[nH]c(=O)n3C)n2CC(O)c2ccccc2)n1,0
COC(=O)c1ccccc1NS(=O)(=O)c1ccc(O)c(C(=O)O)c1,0
O=C(CCN1C(=O)c2cccnc2C1=O)NC1CCCCCC1,0
COC(=O)c1[nH]c2ccccc2c1NC(=O)CCN1CCSCC1,0
Clc1ccc(-c2nnc(-c3ccco3)o2)cc1,0
COC(=O)C1=C(N)Oc2cc(C)n(Cc3cccnc3)c(=O)c2C1c1ccc(OC)c(OC)c1,0
Fc1cccc(Cl)c1CSc1nnnn1-c1ccc2c(c1)OCO2,0
CCCCN(CC)S(=O)(=O)c1ccc(C(=O)Nc2nnc(-c3cccs3)o2)cc1,0
Cc1cc(NC(=O)c2cc(C)on2)n(-c2ccccc2)n1,0
COC(=O)c1sc2ccccc2c1N,0
O=C(OCC(O)CN1CCCCC1)C12CC3CC(CC(C3)C1)C2,0
CCOc1ccccc1NC(=O)CC1Nc2cc(C)c(C)cc2NC1=O,0
COC(=O)Nc1nc(C)c(C(=O)N(C)C)s1,0
O=C(NCc1ccc2c(c1)OCO2)c1ccc(COc2cccc(Cl)c2)o1,0
COc1cccc(C2NC(=O)c3ccccc3O2)c1OC,0
CCC1CC(C)(C(=O)Nc2ccc(S(N)(=O)=O)cc2)OC1=O,0
COc1ccccc1NS(=O)(=O)c1ccc(NC(C)=O)cc1,0
O=C(CSc1nnc(C2CC2)n1Cc1ccccc1)N1CCN(S(=O)(=O)c2ccccc2)CC1,0
COc1cccc(NC(=O)Cc2nnc(SCCOc3ccccc3)n2C)c1,0
COc1cccc(C2/C(=C(/O)c3ccc(F)cc3)C(=O)C(=O)N2CCN(C)C)c1,0
CNC(=O)NC(=O)CSc1cccc(C(F)(F)F)c1,0
COc1cc(NC(=O)c2ncn[nH]2)cc(OC)c1OC,0
CCC1CCCCN1C(=O)NC(CCSC)C(=O)OC,0
COc1ccc(S(=O)(=O)N2CCC(C(=O)Nc3cccc(Cl)c3)CC2)cc1OC,0
O=c1oc2c3c(nn2c2ccccc12)CCCC3,0
CC(Oc1ccccc1)C(=O)NCc1cccnc1,0
CC1SC(NC(=O)c2ccco2)=NC1=O,0
O=C(CSc1nc(-c2ccc(F)cc2)cs1)N1CCOCC1,0
Cc1nnc(NC2=NCCCCC2)o1,0
CC1CCN(S(=O)(=O)c2ccc(F)c(C(=O)O)c2)CC1,0
CCCCn1nnc(NC(=O)c2cc3ccccc3o2)n1,0
O=C(CSc1n[nH]c(-c2ccccc2)n1)c1ccccc1,0
CCOC(=O)c1nnn(-c2nonc2N)c1CSc1ccccn1,0
CCOc1ccc(C)cc1S(=O)(=O)Nc1cc(OC)c(Cl)cc1OC,0
CCn1c(SCCC(=O)Nc2ccccc2)nnc1-c1ccc(OC)cc1,0
COc1ccc(NC(=O)C2CCCN(S(=O)(=O)c3ccc(C)cc3)C2)cc1OC,0
CCCCN(CC)S(=O)(=O)c1ccc(C(=O)Nc2nnc(CSC)o2)cc1,0
CCOC(=O)c1sc(NCCNc2nc(C)c(C(=O)OCC)s2)nc1C,0
COc1ccccc1C1CC(=O)NC(C)=C1C(=O)OCC(C)C,0
Cc1[nH]c2ccccc2c(=O)c1CN1CCCCC1,0
Cc1ccc(-c2nsc3c(N4CCN(C(=O)c5ccco5)CC4)ncnc23)cc1,0
CC(=O)Nc1ccc(S(=O)(=O)N2CCN(C(=O)N3CCCCCC3)CC2)cc1,0
O=c1c2ccccc2nc2n1CCC2,0
CCOCCCNC(=O)c1c[nH]c2cc(C)ccc2c1=O,0
C=COCCn1c(-c2nonc2N)nc2ccccc21,1
CCOC(=O)NC(=O)CSc1nnnn1-c1ccc(C)cc1,0
COc1ccccc1-c1cc(C(=O)N2CCN(c3ccccc3OC)CC2)no1,0
COc1ccccc1C1C(C(=O)c2cc3ccccc3o2)=C(O)C(=O)N1CCN(C)C,0
NC(=O)c1cccc2c3c([nH]c12)CCCC3,0
CCOc1ccc(OCC)c(/N=c2\oc3c(C)ncc(CO)c3cc2C(N)=O)c1,0
CCCCCOc1ccc(NS(C)(=O)=O)cc1,0
c1ccc(-c2nnc(CSc3nnc(-c4cccs4)o3)o2)cc1,0
CCn1c(NCc2ccccn2)nc2c1c(=O)n(C)c(=O)n2C,0
C=CCNc1ccc(F)c(F)c1N1CCCCCC1=O,0
COC(=O)c1cccc(NC(=O)Cc2coc3cc(OC)ccc23)c1,0
NC(=O)c1ccsc1NC(=O)COc1ccccc1,0
O=C(CCn1c(=O)sc2ccccc21)NCc1ccccc1,0
COc1ccc(S(=O)(=O)NCc2ccccc2Cl)cc1OC,0
O=C(CSc1nnc(COc2ccc(Cl)cc2)o1)N1CCN(c2ccccc2)CC1,0
CCN(CC)c1ccc(NC(=O)c2ccco2)c(C)c1,0
CC(C)CNS(=O)(=O)c1ccc(CCC(=O)NCc2ccco2)cc1,0
C/C(=N\O)c1ccc2c3c([nH]c2c1)CCCC3,0
N#Cc1cc2ccccc2nc1SCc1ccccn1,0
Cc1occc1C(=O)N1CCN(C(=O)C2CCCO2)CC1,0
CCCCCn1c(=S)[nH]c2ncccc2c1=O,0
COC(=O)c1cccc(NC(=O)CSc2nnc(C)n2Cc2ccccc2)c1,0
Cc1ccc(-n2ncc3c2ncn2c(-c4ccncc4)nnc32)cc1,0
COc1ccc(NC(=O)Nc2cccc(C)n2)cc1,0
CCN1CCCC1CNC(=O)c1csc2c1CCCC2,0
CC(=O)c1oc2ccccc2c1N,0
CNc1nc2c(c(=O)n(C)c(=O)n2C)n1Cc1ccccc1,0
Cc1ccc(Nc2cccccc2=O)cc1,0
O=C(OCCN1CCCCC1)c1ccc(O)cc1,0
O=C(COc1ccc(S(=O)(=O)NC2CCCCC2)cc1)NCc1ccccn1,0
COc1ccc(NC(=O)CNS(=O)(=O)c2ccccc2)cc1Cl,0
Cc1n[nH]c(SCC(=O)NCc2cccs2)nc1=O,0
CCC(c1nnnn1Cc1cccs1)N1CCN(c2nc3ccccc3s2)CC1,0
COc1ccccc1-n1c(SCC(N)=O)nc2c(c1=O)SCC2,0
CCCNC(=O)CS(=O)(=O)Cc1nc(-c2cccc(OC)c2)oc1C,0
OC(c1cccs1)c1nccc2ccccc12,0
Cn1ccnc1Sc1nc(Nc2cccc(Cl)c2)nc(N2CCOCC2)n1,0
Cc1ccc(C(=O)CCC2CCCC2=O)cc1,0
CCSc1nnc(Cc2cc(=O)[nH]c(=O)[nH]2)n1-c1ccc(Cl)cc1,0
c1ccc(-c2cccc(-c3ccccn3)n2)nc1,0
Cn1nc(C(=O)NC2CCCCC2)c2ccccc2c1=O,0
NC(=O)c1ccccc1OCCOCCOCCOc1ccccc1C(N)=O,0
Cc1cccc(N2CCN(C(=O)c3ccc(CS(=O)(=O)c4ccccc4C)o3)CC2C)c1,0
C=CCN(C(=O)Nc1ccc(Cl)cc1)C1CC(=O)N(c2ccc(OC)cc2)C1=O,0
c1ccc2c(c1)[nH]c1c(N3CCSCC3)ncnc12,0
CCOc1ccccc1NC(=O)c1cc(Cl)ccc1NC(=O)c1ccco1,0
CCCOc1cccc(C(=O)Nc2cccnc2)c1,0
C=CCSC1=C(C#N)C(c2ccccc2OCC)CC(=O)N1,0
Cn1c(=O)c2c(nc(SCc3cc4c(cc3Cl)OCO4)n2C)n(C)c1=O,0
COc1ccccc1N(CC(=O)Nc1cccnc1)S(C)(=O)=O,0
CCOC(=O)N1CCN(C(=O)CN(c2ccc(OCc3ccccc3)cc2)S(C)(=O)=O)CC1,0
O=C(CSc1ncccn1)Nc1ccccc1,0
COC(=O)CSc1nc2c(cc1C#N)C(=O)CCC2,0
COC(=O)c1c(NC(=O)C2CC2)sc2c1CCCC2,0
O=C(NC(=O)N1CCN(c2ccccc2F)CC1)c1ccccc1,0
Cc1cnc(NC(=O)COc2ccccc2Cl)s1,0
CCCCc1cc(=O)oc2cc(OCC(=O)N(C)C)c(Cl)cc12,0
Cc1ccc(N2OC3C(=O)NC(=O)C3C2c2ccco2)cc1,0
CSc1ncccc1C(=O)OCC(=O)N1CCOCC1,0
CCOC(=O)N1CCc2c(sc3c2C(=O)NC(c2ccccc2)N3)C1,0
Cc1ccc(CCN2CC(C(=O)NCCCN3CCOCC3)CC2=O)cc1,0
CN1CCN(CCCNC(=O)C2CC(=O)N(C3CCCCC3)C2)CC1,0
Cc1ccc(C)c(N2CCN(S(=O)(=O)c3c(C)noc3/C=C/N(C)C)CC2)c1,0
Cn1c(=O)c2c(nc(SCC(=O)Nc3ccccc3N3CCCCC3)n2C)n(C)c1=O,0
COc1cc(C(=O)N2CCN=C2c2ccccc2)cc(OC)c1OC,0
CSc1nnc(-c2ccc(NC(=O)CCc3ccccc3)cc2)n1C,0
O=C(Oc1cccc(-n2cnnn2)c1)C1CCCCC1,0
Nc1nc2ccc(Oc3ccccc3)cc2s1,0
COc1ccc(NC(=O)c2c(C)oc3c2CCCC3)cc1,0
O=C(CCC(=O)N(CC(=O)NC1CCCC1)C1CCCC1)Nc1ccccn1,0
COc1ccccc1-c1cc(C(=O)N2CCCCC2)no1,0
COc1ccc(O)c(CN2CCN(C/C=C/c3ccccc3)CC2)c1,0
C=CCn1c(SCc2cccnc2)nnc1-c1ccncc1,0
CC(Sc1nnc2ccccn12)C(=O)Nc1ccc(Cl)cn1,0
O=C(O)c1cccc(CSc2nnc(COc3ccccc3)o2)c1,0
O=c1c2[nH]c3cccc(Cl)c3c2ncn1Cc1ccncc1,0
CC1=C(C(=O)OC(C)C)C(c2c(O)ccc3ccccc23)NC(=O)N1,0
CC1CCN(S(=O)(=O)c2ccc(Cl)cc2)CC1,0
CCn1c(SCc2ccccc2)nnc1-c1cccs1,0
Cc1ccc2c(c1)[nH]c1c(=O)n(CCN3CCCCC3)cnc12,0
Nc1nc(-c2nc3ccccc3[nH]2)cs1,0
CCOCC(=O)Nc1ccc(S(=O)(=O)NCCc2ccccc2)cc1,0
O=C(NCc1ccco1)c1cc2c(s1)CCCCC2,0
CCOC(=O)c1ccccc1NC(=O)CN1C(=O)c2ccccc2S1(=O)=O,0
CCN(CC)c1nc(=O)nc(N(CC)CC)[nH]1,0
CCCCSc1nc2n(-c3ccc(F)cc3)[nH]cc-2c(=O)n1,0
O=c1c2ccccc2nc(CN2CCCCCC2)n1-c1ccc(F)cc1,0
CCC(C)(C)NC(=O)CN(CC1CCCO1)C(=O)CCC(=O)Nc1nccs1,0
CCOC(=O)/C=C1\SCC(=O)N1CC(=O)c1ccc[nH]1,0
Cc1cccc(C(=O)Nc2cc(=O)n(C)c(=O)n2C)c1,0
Nc1nc(CSc2nc3ccccc3s2)nc(N2CCCCC2)n1,0
CCOC(=O)COc1ccc(S(=O)(=O)NCc2ccncc2)cc1,0
Cc1cc(Nc2nc3ccccc3[nH]c2=O)n(-c2ccccc2)n1,0
CC1CCN(C(=O)COc2ccccc2F)CC1,0
CCc1ccc(NC2CC(=O)N(c3ccc(OC)cc3OC)C2=O)cc1,0
COc1ccc(N2CC(C(=O)Nc3ccc4c(c3)OCO4)CC2=O)cc1,0
Cc1sc2nc(CN3CCN(S(=O)(=O)c4cccc5nonc45)CC3)[nH]c(=O)c2c1C,0
COc1cccc(C(=O)Nc2c3c(nn2-c2ccccc2C)CS(=O)C3)c1OC,0
CCOCCCNC(=O)c1ccccc1SCC,0
Cc1ccc(-c2ccc(OCC(=O)N3CCOCC3)cc2)cc1,0
COC(=O)CSc1nc(NCC(C)C)nc(N2CCOCC2)n1,0
CCN(Cc1ccccc1)S(=O)(=O)c1ccc(S(=O)(=O)N2CCN(CCC#N)CC2)cc1,0
O=C(O)c1cccnc1SCC(=O)N1CCCCCC1,0
COc1ccccc1NC(=O)N1c2ccc(F)cc2CCC1C,0
Cc1cnc(C(=O)Nc2nnc(C(C)C)s2)cn1,0
Nc1ccc(-c2nc3ccccc3[nH]2)cc1,0
CCn1c(CNc2ccc(Cl)cc2)nnc1SCC(=O)NCc1ccccc1,0
Cc1cc(S(=O)(=O)N2CCN(Cc3ccc4c(c3)OCO4)CC2)cc(C)c1N1CCCC1=O,0
O=C1N=C(Nc2ccccn2)SC1Cc1ccccc1,0
CN1CCN(c2nc(-c3cccnc3)nc3ccccc23)CC1,0
O=C1CCCC2=C1C1(CCCC1)N=C(Nc1nc3ccccc3o1)N2,0
Cc1ncsc1C(=O)NCc1ccc(N2CCCC2=O)cc1,0
Cc1cc2c(cc1C)C(=O)NC(C)(C)C2,0
CC(C)(C)NCc1cc2ccccc2[nH]c1=O,0
CCOC(=O)c1[nH]c2ccccc2c1NC(=O)C(C)(C)C,0
Cc1cc(C)c(OCC(=O)Nc2cccc(O)c2)cc1C,0
CCCC(C)C(=O)Nc1cccc(NC(C)=O)c1,0
COc1ccccc1-n1nnnc1SCc1ccccc1,0
CCS(=O)(=O)N1CCN(C(=O)CCC2CCCC2)CC1,0
Cc1cc(C)n(C(=O)CNC(=O)COc2ccccc2)n1,0
COc1ccccc1-n1c(O)cc(=O)nc1SCC(=O)Nc1ccccc1C,0
COc1ccc(OC)c(-c2csc3nnc(SCC(=O)Nc4ccc(NC(C)=O)cc4)n23)c1,0
COc1cc(-c2nnc(CSc3nnc4nc(C)cc(C)n34)o2)cc(OC)c1OC,0
COc1cccc(NC(=O)CSc2nncn2N)c1,0
CCCOc1ccc(CSC(CC(=O)O)C(=O)O)cc1,0
Cc1cc(C)n(C(=O)C2CCCN2S(=O)(=O)c2ccc(Cl)cc2)n1,0
O=C(c1ccc(F)cc1)c1ccc(N2CCCC2)cc1,0
Nc1ccc(CCc2nc3ccccc3o2)cc1,0
N#Cc1nc(-c2ccc(Cl)cc2)oc1NCc1ccco1,0
CCCc1nc2ccccc2n2cc3c(=O)n(C)c(=O)n(C)c3c12,0
c1ccc(-c2onc3cc4c(cc23)OCCO4)cc1,0
O=C(NC(C(=O)c1ccccc1)n1ccc(=O)[nH]c1=O)c1ccccc1,0
CC(=O)N(C)c1ccc(NS(=O)(=O)Cc2ccccc2)cc1,0
CCCCCn1c(SCC#N)nc2cc(C(=O)NC3CCCCC3)ccc2c1=O,0
COc1ccccc1C1/C(=C(/O)c2ccc(C)cc2)C(=O)C(=O)N1Cc1ccco1,0
CCCOc1ccc(-c2nc(C#N)c(N3CCN(C)CC3)o2)cc1,0
Cc1ccc(C(CC(=O)N2CCCC2)c2ccccc2)c(O)c1C,0
O=C(Cc1ccccc1)Nc1ccccc1N1CCN(c2ccccc2)CC1,0
O=C1CCCc2c1cc(C(=O)NCc1ccco1)c(=O)n2-c1ccccc1,0
Cc1cccc(-n2c(SCCC(=O)O)nnc2-c2cccs2)c1C,0
CCc1c(C)nc2cc(-c3cccs3)[nH]n2c1=O,0
O=C(NCCC(=O)N1CCN(c2ncccn2)CC1)c1ccccc1,0
Cc1noc(C)c1CSc1nnnn1-c1ccc(Cl)cc1,0
CNC(=O)N(c1ccccc1)c1ccccc1,0
O=C(c1cnn2cccnc12)N1CCN(c2ccccc2)CC1,0
COc1cccc(C2=NOC(C(=O)N3CCN(Cc4ccccc4)CC3)C2)c1OC,0
Cn1c(CN2CCCC2)nc2cc(NS(=O)(=O)c3ccccc3)ccc21,0
COCCNC(=O)CS(=O)Cc1nc(-c2ccccc2C)oc1C,0
CC1(C)CC(=O)C(=CNc2ccncc2)C(=O)C1,0
CCOC(=O)CC(=O)Nc1nc2ccccc2s1,0
COc1ccccc1-c1nc(S(=O)(=O)c2ccc(Cl)cc2)c(N(C)C)o1,0
O=C(Nc1ccon1)c1ccc2c(c1)OCO2,0
COC(=O)c1cc2c(=O)n3cccc(C)c3nc2n(Cc2cccnc2)c1=N,0
O=C(O)c1ccccc1NS(=O)(=O)c1cccc2cccnc12,0
N#Cc1c(F)cccc1N1CCOCC1,0
CC(=O)c1cccc(NC2c3ncccc3C(=O)N2Cc2ccco2)c1,0
O=C(Nc1ccncc1)c1ccccc1F,1
CCOC(=O)c1c(C)nn(Cc2ccccc2)c1N,0
Cc1cc(C(=O)Cn2cncn2)c(C)n1CCc1ccc(F)cc1,0
Cc1cc(C)cc(NC(=O)CCN2CC(C)OC(C)C2)c1,0
COC(=O)c1ccc(N2C(=O)CC(SCCN)C2=O)cc1,0
CN1C(=O)C(O)(CC(=O)c2cccnc2)c2ccccc21,0
O=C(c1cc2ccccc2oc1=O)N1CCCC1,0
C(=N/n1cnnc1)\c1cn(Cc2ccccc2)c2ccccc12,0
O=C(COC(=O)Cn1cnc2ccccc21)NCCC1=CCCCC1,0
CC(=O)NC(Cc1c[nH]c2ccccc12)C(=O)OCC(=O)Nc1ccc2c(c1)OCO2,0
CCCCOc1ccc(Cl)cc1CSc1nncn1N,0
C/C(CCc1oc2ccccc2c1-c1ccc(C)o1)=N\O,0
COc1cccc(-c2nn(-c3ccccc3)cc2CO)c1,0
CCS(=O)(=O)c1ccc(O)c(NC(=O)Nc2ccccc2)c1,0
Cc1nnc(SCCCn2c(N3CCCCC3)nc3c2c(=O)[nH]c(=O)n3C)s1,0
Cc1ccc(C(C)C)c(OCc2nnc(SCC(=O)Nc3ncc(C)s3)n2C)c1,0
Cc1c(C(C)NC(=O)Nc2ccc(F)cc2F)cnn1C,0
CN1CCCC(OC(=O)c2cc(Cl)ccc2Cl)C1,0
O=C(Nn1cnnc1)c1ccc(F)c(S(=O)(=O)N2CCCCC2)c1,0
N#CC1=C(N)N(c2ccccc2)C(c2ccco2)C1(C#N)C#N,0
CCOC(=O)c1ccc2ncc(C(=O)OCC)c(NCc3ccco3)c2c1,0
C=CCN(C(=O)CCC(=O)Nc1cc(C)on1)C(C(=O)NC1CCCC1)c1cccnc1,0
COc1cccc(C(=O)Nc2cc(C)c3c(=O)oc4ccccc4c3n2)c1,0
O=S(=O)(Cc1ccccc1)N1CCN(Cc2ccccc2)CC1,0
CCOC(=O)c1c(NC(=O)CSc2nnc(CNc3ccc(OC)cc3)n2C)sc(C)c1C,0
Cn1c(=O)c2cc(S(=O)(=O)NCCC(=O)NC3CCCCCCC3)ccc2n(C)c1=O,0
Cn1ccnc1SCc1cc(=O)[nH]c2ccccc12,0
Cc1cccc(-n2ccnc2SCC(=O)Nc2ccc3c(c2)OCCO3)c1,0
COc1cccc(NS(=O)(=O)c2ccc3[nH]cc(C(=O)NCCCOC(C)C)c(=O)c3c2)c1,0
CCOC(=O)C1=C(N)N(c2ccc(N3CCCCC3)cc2)C(=O)C1,0
CCOC(=O)c1cccc(NC(=O)CSc2nc3ccccc3c(=O)n2CC)c1,0
CCOc1ccc(S(=O)(=O)Nc2cccc(Cl)c2)cc1,0
CCn1cc(C(=O)Nc2cccc(C(=O)OC)c2)c(=O)c2ccc(C)nc21,0
CS(=O)(=O)Nc1cccc(C(=O)CC2(O)C(=O)Nc3ccccc32)c1,0
CCOC(=O)C1CCCN(S(=O)(=O)Cc2ccccc2)C1,0
Cc1ccc(C(=O)COC(=O)c2cnccn2)cc1,0
CCCCSc1nc2c(c(=O)[nH]c(=O)n2C)n1CCc1ccccc1,0
C/C(=C\C(=O)c1ccccc1)Nc1cccc(O)c1,0
COc1cccc2cc(C(=O)NC3CC(C)(C)NC(C)(C)C3)c(=O)oc12,0
COc1ccc(C2C(C#N)=C(N)Oc3n[nH]c(-c4ccccn4)c32)c(OC)c1OC,0
CCCCSc1nc2n(-c3ccc(C)c(C)c3)[nH]cc-2c(=O)n1,0
O=C(CSc1nnnn1-c1ccc2c(c1)OCO2)NCc1cccs1,0
COC(=O)c1ccc(NC(=O)C2C3CCC(C3)C2C(=O)O)cc1,0
O=C(NCc1cccs1)c1ccncc1,0
Cc1ccc(NC(=O)CS(=O)CC(=O)NC(C)CCc2ccco2)cc1Cl,0
CCOC(=O)c1c(C)[nH]c(C(=O)CN2C(=O)NC(C)(c3ccc(C)cc3)C2=O)c1C,0
O=C(NCCN1C(=O)CSC1=O)c1ccccc1,0
O=C(Nn1cnc2ccccc2c1=O)C1CCCCC1,0
O=C(Nc1nnc(-c2ccc3c(c2)CCCC3)o1)c1ccccc1Cl,0
CN(C(=O)c1cccc(C#N)c1)c1nnc(C2CCCO2)s1,0
Cc1cc(Cl)c(S(=O)(=O)N2CCCCCC2)cc1OCC(N)=O,0
Cc1ccc(CN2C(=O)CCC2C(=O)NCCN2CCOCC2)cc1,0
CCOC(=O)N1CCC(c2nc3ccccc3[nH]2)CC1,0
O=C(CSc1n[nH]c(-c2ccc(S(=O)(=O)N3CCCCC3)cc2)n1)Nc1nccs1,0
CN(C)CCNC(=O)c1ccc(Cl)s1,0
Cc1ccc(S(=O)(=O)NCCCN2CCOCC2)cc1C,0
NC(=O)c1c(N)sc(=S)n1CC1CCCO1,0
CCCCn1c(SCC(=O)Nc2cc(C)on2)nc2c1c(=O)n(C)c(=O)n2C,0
O=C(NCC1CCCO1)c1ccc(C(=O)NCC2CCCO2)cc1,0
COC(=O)c1ccc(NC(=O)C2CCCN2S(=O)(=O)c2ccc(C)cc2)cc1,0
O=C(NCc1ccccc1)c1cc(-c2cccc(O)c2)on1,0
Cc1nnc(SCC(=O)NCc2cccs2)n1-c1ccccc1,0
CC1=CC(=O)/C(=C/NCc2ccncc2)C=C1,0
COc1cccc(C(=O)CN2CCC(NC(=O)NC3CCCCC3)CC2)c1,0
CCOC(=O)CNC(=O)Cn1cnc2c(nnn2-c2cccc(Cl)c2)c1=O,0
CNC(=O)c1ccc2nc(NC(C)=O)sc2c1,0
CC(=O)c1sc2ccccc2c1OC(=O)c1ccco1,0
O=C1CC(c2cccc(Cl)c2)Cc2nc(N3CCN(c4ccccc4)CC3)ncc21,0
CCCOc1ccc(Cn2c(O)cc(=O)[nH]c2=O)cc1,0
O=c1c2cc(Cl)ccc2nc2ccc(N3CCCC3)nn12,0
Cc1cc(NC(=O)CSc2nnc(C3CC3)n2C)no1,0
COc1ccc2c(c1OC)C(=O)OC2Nn1cncn1,0
CCCC1CC(C)(C(=O)Cn2[nH]c(=O)ccc2=O)OC1=O,0
O=C1C=C(N2CCN(C(=O)c3ccccc3)CC2)C2(CCCCC2)O1,0
O=C(c1cn(-c2ccccc2)nc1-c1ccncc1)N1CCCCC1,0
COC(=O)c1c(-c2ccc(C)cc2)csc1N,0
CCOc1ccc(/C(O)=C2/C(=O)C(=O)N(c3nc(C)c(C)s3)C2c2ccco2)cc1,0
O=C(Cc1ccccc1)Nc1ccc(-c2nnc(-c3ccco3)o2)cc1,0
CCOC(=O)c1ccc(NC(=O)C2CCN(S(=O)(=O)c3ccccc3)CC2)cc1,0
Cn1c(=O)c2c(nc(NCc3ccco3)n2C)n(C)c1=O,0
CCc1noc(C)c1C(=O)Nc1sc(C(=O)N(C)C)c(C)c1C(=O)OC,0
O=C(NC1CCCC1)c1ccc2nc(-c3ccco3)c(-c3ccco3)nc2c1,0
CCOc1ccc(NC(=O)CCN2CCN(S(=O)(=O)c3cc(Cl)ccc3OC)CC2)cc1,0
O=C(CSCc1nc2ccccc2[nH]1)N1CCN(c2cccc(Cl)c2)CC1,0
O=C(CSc1nnc(Cc2ccccc2)n1-c1cccc(Cl)c1)N1CCOCC1,0
CCOC(=O)c1nc2sc3c(c2c(=O)[nH]1)CCCC3,0
Cc1ccc(NC(=O)CCN2C(=O)c3ccncc3C2=O)cc1,0
CCOC(=O)C1CCN(Cc2ccccc2C(F)(F)F)CC1,0
CCC(=O)Nc1nc(OC)cc(OC)n1,0
Cc1cc(-c2ccccc2)nc(=O)[nH]1,0
CCC(=O)Nc1ccc(NC(=O)Cc2ccccc2)cn1,0
CC(C)CSc1n[nH]c2nc(=O)cc(N)n12,0
O=c1c2ccccc2oc2nc(C3CCCCC3)n(Cc3ccco3)c(=O)c12,0
CSCCC(NC(N)=O)C(=O)NCC1CCCCC1,0
Cc1c(C(=O)O)sc2ncnc(N3CCCCC3C)c12,0
COc1ccccc1-c1noc(-c2ccccc2)n1,0
CN(C)S(=O)(=O)N(CC(=O)N1CCOCC1)c1ccccc1,0
COc1cccc2sc(Nc3nnc(-c4cccs4)o3)nc12,0
O=C(Cc1c(O)[nH]c2ccccc2c1=O)OC1CCCCC1,0
COC(=O)c1ccc2ccn(CC(=O)NC(C)C)c2c1,0
Clc1ccc2c(c1)c1ccccc1n2CN1CCOCC1,0
CCOc1ccc2cc(C#N)c(SCC(=O)N3CCOCC3)nc2c1,0
CC(=O)Nc1ccc(S(=O)(=O)NCCSc2ccccn2)cc1,0
O=C(c1ccco1)N1CCN=C1SCc1cccnc1,0
COc1ccc(-n2c(COc3ccc(C)cc3)nnc2SCC(N)=O)cc1,0
CCOc1ccccc1Nc1nc(N)nc(CSc2nccc(C)n2)n1,0
N#Cc1c(NC(=O)CCC(=O)O)sc2c1CCCC2,0
CS(=O)(=O)Nc1ccccc1C(=O)Nc1ccc2c(c1)OCCO2,0
CN(C)C(CNC(=O)C1CCCN(C(=O)c2ccc(Cl)cc2)C1)c1ccco1,0
CCC(=O)N1CCc2cc(S(=O)(=O)CCC(=O)NCCc3ccc(OC)c(OC)c3)ccc21,0
COc1ccc2c(-c3ccccc3)cc3nnnn3c2c1,0
CN1CCN(C(=O)c2ccc(NS(=O)(=O)c3ccccc3)cc2)CC1,0
O=c1c2c(nc3nc(CCc4ccccc4)[nH]n13)CCC2,0
CC(=O)Nc1ccc(C(=O)CSc2nnnn2C(C)C)cc1,0
COc1ccccc1-n1c(C)nnc1SCC(=O)Nc1cccc(C(C)=O)c1,0
O=C(CSc1nc2ccccc2o1)c1cc2ccccc2oc1=O,0
CC1=C(C(=O)NCCN2CCN(C)CC2)C2(CCC(C)CC2)OC1=O,0
Cc1ccc(-c2csc3nnc(SCC(=O)NCc4ccco4)n23)cc1,0
CC(C)Cc1nc(SCC(=O)NCc2ccccc2)n[nH]1,0
Cc1ccccc1NC(=O)CSc1nnc(Cc2cccn2C)n1-c1ccc(F)cc1,0
Cc1cc(NC(=O)CCn2c(=O)sc3ccccc32)no1,0
CC1=CC(=C(C#N)c2nc3ccccc3s2)C=C(C)N1Cc1ccco1,0
Cn1c(C(=O)NCCCN2CCCC2=O)cc2c(=O)n3ccccc3nc21,0
CCc1cccc(NC2c3ccccc3C(=O)N2c2ccc(C)cn2)c1,0
COC(=O)CNC(=O)C12CC3(C)CC(C)(CC(C)(C3)C1)C2,0
Clc1ccc(SCCCCn2ccnc2)cc1,0
COc1ccc2c(C(F)(F)F)cc(=O)oc2c1C,0
COc1ccc2cc(C#N)c(NC(C)C)nc2c1,0
O=C(c1ccccc1)N1CCCC(C(=O)N2CCCCCC2)C1,0
NS(=O)(=O)c1ccc(CCNC(=O)c2cccnc2)cc1,0
N#Cc1nc(-c2cccs2)oc1NCc1ccccc1,0
COc1ccc(NC(=O)c2ccco2)cc1N,0
c1cncc(-c2nnc3sc(-c4ccco4)nn23)c1,0
Cc1ccc(-c2nn[nH]n2)o1,0
Cc1ccc(C)c(-n2nnnc2SCC(=O)c2ccc3c(c2)NC(=O)CO3)c1,0
O=C(NCc1cccnc1)c1ccc2c(=O)n(CCCN3CCCC3=O)c(=S)[nH]c2c1,0
CCN(CC)C(=O)C(C)OC(=O)COc1ccc(Cl)cc1C,0
Cc1cccc(OCCC(=O)Nc2c(C)n(C)n(-c3ccccc3)c2=O)c1,0
COC(=O)Nc1c(-c2ccccc2)nc2ccc(C)cn12,0
COc1ccc(NC(=O)CN2C(=O)CC(C)(C)S(=O)(=O)c3ccccc32)cc1,0
O=C(CN1CCN(c2ccccc2F)CC1)Nc1ccccc1F,0
CC(C)(NCc1ccccc1Cl)C(=O)O,0
COc1ccc2cc(C)c(SCC(=O)Nc3cc(C)on3)nc2c1,0
CC(C)(/C=N/O)/[N+]([O-])=C/c1ccccc1C(F)(F)F,0
Cc1cc(=O)nc(SCC(=O)N2CCCCCC2)[nH]1,0
CCC(C)C(=O)N1CCc2cc(-c3csc(N)n3)ccc21,0
CCN1CCN(C(=O)CN(Cc2ccccc2)S(C)(=O)=O)CC1,0
Cn1cccc1C1NC(=O)c2c(sc3c2CCC(C(C)(C)C)C3)N1,0
CCOc1cc(N2CCOCC2)c(OCC)cc1NS(=O)(=O)c1ccc(Cl)s1,0
Cc1ccccc1-n1nc(C)c2cc(C(=O)NCc3cccnc3)sc21,0
C=CCN1C(=O)/C(=C2/Sc3ccccc3N2C)S/C1=N\c1c(C)n[nH]c1C,0
COc1ccc(N(CC(O)Cn2nnc3ccccc32)S(=O)(=O)c2ccc(C)cc2)cc1,0
O=C(Nc1cn(-c2ccccc2)nc1-c1cccs1)c1ccco1,0
CCCCCn1c(O)c(C(=O)Nc2ccncc2)c(=O)c2ccccc21,0
Cc1cc(NC(=O)c2c(-c3ccccc3Cl)noc2C)no1,0
COc1ccc(OC)c(S(=O)(=O)N2C(C)CCCC2C)c1,0
Cc1cc(NS(=O)(=O)c2ccc(Cl)cc2)nn1CC(=O)NCc1ccco1,0
CCCCCCc1c(O)nc(SCC(=O)O)[nH]c1=O,0
CC(=O)NC(C)C(=O)OCC(=O)c1ccc(Cl)s1,0
CCCn1nc(C(=O)NCc2ccccn2)c2ccccc2c1=O,0
O=C1NCCN1C(=O)C12CC3CC(CC(C3)C1)C2,0
O=C(O)c1ccc2[nH]c3c(c2c1)CSCC3,0
O=c1cc(N2CCC(Cc3ccccc3)CC2)[nH]c(=O)n1C1CCCCC1,0
CCCCCC(=O)Nc1ccc(N2CCN(CC)CC2)c(Cl)c1,0
CCOC(=O)Nc1ccc(S(=O)(=O)NCc2ccccc2)cc1,0
Cn1c(=O)n(CC(N)=O)c2ccccc21,0
CCOc1ccc(S(=O)(=O)N(CC(=O)O)c2ccccc2)cc1,0
CCN(CC)C(=O)c1sc(NC(=O)Cc2cccs2)c(C#N)c1C,0
CCOC(=O)c1ccccc1NC(=O)CSc1ncc(C(=O)OCC)c(N)n1,0
Cc1sc2nc(C(C)Sc3nnc(C)n3-c3ccccc3)[nH]c(=O)c2c1C,0
Cc1cc(-n2ccc(=O)[nH]c2=O)nc(-c2ccccc2)n1,0
COc1cc(-c2nnc(SCC(=O)c3ccc(C)cc3)o2)cc(OC)c1OC,0
O=C(COc1ccc(S(=O)(=O)NC2CCCCC2)cc1)NCC1CCCO1,0
O=C1CCCc2c1nc(-c1ccccc1)n2O,0
Cc1c(/N=C/c2ccco2)n(Cc2ccccc2)c2ccccc12,0
CCCc1cc(=O)nc(Nc2ccc(OC)c(Cl)c2)[nH]1,0
Cc1ccc(NC(=O)C2CCCN(S(=O)(=O)c3c(C)noc3C)C2)nc1,0
CCCCn1nnc(NC(=O)c2ccco2)n1,0
O=C(Oc1ccc(-c2nnco2)cc1)N1CCCCC1,0
COc1cccc(NC(=O)C2CCN(c3ncccn3)CC2)c1,0
Cc1nnc(SCC(=O)Nc2ccc(N3CCOCC3)cc2)o1,0
CCOc1ccccc1N1CCN(Cc2cccc(OC)c2OC)CC1,0
O=C(Nc1nccs1)C1C2C=CCCCCC21,0
O=C(NCc1ccccc1Cl)c1cnc2n(c1=O)CCS2,0
CCn1c(=O)c2ccccc2n2c(SCC(=O)NCc3cccs3)nnc12,0
Cc1ccc(NC(=O)C(C)Sc2nnc(-c3cccnc3)o2)cc1,0
CN(C)S(=O)(=O)c1ccc(N2CCOCC2)nc1,0
O=C(CCN1C(=O)c2ccccc2S1(=O)=O)NCc1ccco1,0
CCCOc1ccc(/C(O)=C2/C(=O)C(=O)N(CCCn3ccnc3)C2c2cccs2)cc1,0
Cc1cccnc1NCc1ccc(O)c2ncccc12,0
O=c1c2[nH]c3ccccc3c2ncn1Cc1ccncc1,0
O=C(Cn1nnc(-c2ccccc2)n1)NCc1ccc2c(c1)OCO2,0
Cc1noc(C(=O)Nc2c(C)nn(Cc3ccccc3)c2C)c1Cl,0
CC(Oc1ccccc1Cl)C(=O)N(Cc1ccco1)C1CCS(=O)(=O)C1,0
Cc1ccccc1-c1nnc(-c2ccccc2)o1,0
CC(=O)Nc1ccc(-c2nn3c(C)nnc3s2)cc1C,0
COc1ccc(NC(=O)CSc2nnc(-c3ccoc3C)n2CCc2ccccc2)cc1,0
COc1ccc(-c2nc3cccc(C)n3c2NCc2ccco2)cc1OC,0
CCOC(=O)c1c(NC(=O)CSc2nc3c(c(=O)n(C)c(=O)n3C)n2CC)sc(C)c1C,0
O=C(Nc1ccccc1)N1CCN(c2nc3ccccc3s2)CC1,0
O=C(Nc1nnc(CCc2ccccc2)s1)c1ccco1,0
Cc1ccc(S(=O)(=O)N2CCCC2C(=O)NCCc2nc3ccccc3[nH]2)cc1,0
Nc1c(C(=O)NCc2ccco2)sc2nc(N3CCOCC3)c3c(c12)CCCC3,0
CC/C(=N\O)c1ccc(OC)c(OC)c1,0
COc1ccc(NC(=O)c2ccco2)cc1NC(=O)c1cccs1,0
CCOc1ccccc1N1C(=O)CC(Nc2ccc(N3CCOCC3)cc2)C1=O,0
N#Cc1cc2c(nc1SCc1nc3ccccc3[nH]1)CCC2,0
COc1cc(C2Nc3cccc4cccc(c34)N2)cc(OC)c1OC(C)=O,0
O=C(O)c1ccc2c(c1)C(=O)N(c1n[nH]c(-c3ccccc3)n1)C2=O,0
CCOC(=O)N1CCN(c2ccc3nnnn3n2)CC1,0
C=CCC1(O)C(=O)Nc2ccccc21,0
Cc1cccc(N(CC(N)=O)S(C)(=O)=O)c1C,0
CCOC(=O)CSc1nc(-c2ccncc2)ccc1C#N,0
Cc1ccc(NC(=O)CCSc2nnc(-c3ccco3)o2)cc1,0
O=C(CCSc1nnc2scc(-c3ccccc3)n12)NCc1ccc2c(c1)OCO2,0
COC(=O)CCSc1nccn1Cc1ccccc1,0
COC(=O)c1sc(NC(=O)c2ccc(OC)cc2OC)nc1C,0
CSCCC(NC(C)=O)C(=O)Oc1ccc2c3c(c(=O)oc2c1)CCCC3,0
COc1cc(NC(=O)Cc2cccs2)ccc1-n1cnnn1,0
CC(NC(=O)c1cc2sccc2n1C)c1ccc2c(c1)OCCO2,0
CN1CCN(/C=N/c2c(C#N)cnn2C)CC1,0
CCn1c(SCC(=O)Nc2nnc(C)s2)nnc1-c1ccco1,0
CC1(C)CC(=O)c2cnc(NC(=O)CSc3nc4ccccc4o3)nc2C1,0
Cc1c(NC(=O)c2cc(-n3cnnc3)ccc2Cl)cccc1-c1nc2ccccc2o1,0
COC(=O)CSc1ncnc2c1cnn2Cc1ccccc1,0
Cc1nc2ccccc2cc1O,0
CCn1c(CNC(=O)c2cccc(C)c2)nnc1SCC(=O)Nc1cccc(OC)c1,0
C/N=c1\scc(C)n1/N=C/c1ccc2c(c1)OCO2,0
Nc1ccc2oc(=O)c3ccccc3c2c1,0
Cc1ccc2nc(CCc3nc4ccc(C)cc4o3)oc2c1,0
Cc1ncoc1C(=O)Nc1ccccc1-c1ccccc1,0
CCOc1cc(-c2nc3ccccn3c2NCC2CCCO2)ccc1O,0
COc1ccc2c(c1)CCc1c(C(=O)NCCc3ccc(OC)c(OC)c3)noc1-2,0
O=C(Nc1nc2ccccc2s1)C1CCCO1,0
COc1ccc(C(=O)N2CCCC2)cc1,0
NC(=O)c1ccsc1NC(=O)COC(=O)c1ccccc1NCc1ccco1,0
C=CCNc1nc(-c2c(C)nc3sccn23)cs1,0
O=C(CSc1nc2ccccc2o1)N1CCCC1,0
COc1ccc(N2C(=O)CC(NC3CC3)C2=O)cc1,0
Cc1sc2ncn3cnnc3c2c1C,0
COc1ccccc1-c1nnc2sc(COc3ccc(Cl)cc3)nn12,0
CC(Nc1n[nH]c(=S)[nH]c1=O)C(=O)OCc1ccccc1,0
CC(C)CC(c1nnnn1Cc1ccccc1)N1CCN(C(=O)c2ccco2)CC1,0
Cc1cc(C)n(-c2nc(NC(C)C)nc(NC(C)C)n2)n1,0
Cc1ccc(Nc2nc(N)nc(CN3CCN(C)CC3)n2)cc1C,0
CCOc1cc(C)nc(N2CCN(C3CCCCC3)CC2)n1,0
C=CCNc1ncnc2c1cnn2-c1cccc(C)c1,0
O=C(CCN1C(=O)c2ccccc2C1=O)NC1=NCCS1,0
Cc1cccc(-n2ncc(C#N)c2N)c1,0
NC(=O)c1cc(N)ccc1N1CCCC1,0
OCCN1CCN(Cc2cccc(Oc3ccc(Cl)cc3)c2)CC1,0
Cc1cccc(-n2ccnc2SCC(=O)Nc2nccs2)c1C,0
COc1ccc(N2CCN(CC(=O)Nc3ccc(-n4cnnn4)cc3)CC2)cc1,0
CCc1ccc(N(CC(=O)O)S(=O)(=O)c2c(C)noc2C)cc1,0
COc1ccc(-c2nnc(NC(=O)C(C)C)s2)c(OC)c1,0
Nn1c(SCC(=O)NC2CCCCC2)nnc1C1CC1,0
O=S(=O)(Cc1ccccc1Cl)N1CCCCC1,0
CCOC(=O)Nc1cc(C)ccc1OC,0
COc1ccc(-n2ncc3c(NCCCN4CCOCC4)ncnc32)cc1,0
Cc1cccc(NC(=O)c2cc(NC(=O)c3ccco3)ccc2Cl)n1,0
O=C(c1cc2c(s1)CCCCCC2)N1CCC2(CC1)OCCO2,0
COc1ccc(NC(=O)CCCN2C(=O)C3C4C=CC(C4)C3C2=O)c(OC)c1,0
COc1cc(C(=O)Nc2ccc(-n3cnnn3)c(C)c2)cc(OC)c1OC,0
N#Cc1ccc(CSc2nnc(NC(=O)C3CCCO3)s2)cc1,0
CCc1c(C)[nH]n(-c2ccc(Oc3ccccc3)c(S(=O)(=O)O)c2)c1=O,0
O=C(C1CCC1)N1CCc2cc(S(=O)(=O)N3CCc4ccccc4C3)ccc21,0
CCc1ccc(CNCc2cccnc2)cc1,0
Cc1cccc(OCC(=O)Nc2ccc(S(=O)(=O)N3CCCC3)cc2)c1,0
CCN(CC)C(=O)CSc1ncnc2c1nnn2-c1ccc(OC)cc1,0
OC(C#CCN1CCCC1)c1ccccc1,0
O=C(O)c1ncc(-c2ccccc2)cn1,0
Nc1nc(SCCOc2ccccc2)n[nH]1,0
CC(C)c1ccccc1NC(=O)c1ccco1,0
CCOc1ccc(NC(=O)CSc2nnnn2CC(=O)O)cc1,0
Cc1csc(SCCn2c(N3CCN(c4ccccc4)CC3)nc3c2c(=O)[nH]c(=O)n3C)n1,0
Cc1onc(-c2ccccc2Cl)c1C(=O)OCC(=O)Nc1ccc2c(c1)OCO2,0
Cc1nc2nc(-c3ccccc3)cc(=O)n2[nH]1,0
CC(C)NC(=O)CSc1nc2ccccc2c(=O)n1CCCOC(C)C,0
CCC(C)NC(=O)c1c(N)n(/N=C/c2ccccn2)c2nc3ccccc3nc12,0
Cc1ccc(C(C(=O)NC2CCCCC2)N(C(=O)c2csnn2)C2CCCC2)o1,0
Cc1ccc(C(=O)C2=C(O)C(=O)N(c3ncccn3)C2c2cccc(Cl)c2)o1,0
COC(=O)c1cc(-c2c(C)nn(-c3ccccc3)c2C)n[nH]1,0
CCn1c(=O)n(CC(=O)N(C)Cc2ccccc2)c(=O)c2ccccc21,0
COc1cccc(-n2c(SCC(=O)OC(C)C)nnc2-c2cccnc2)c1,0
Nc1nncn1C(=O)CCCN1C(=O)c2ccccc2C1=O,0
O=C(Nc1ccccc1)c1ccc(S(=O)(=O)NCc2ccco2)cc1,0
CCCS(=O)(=O)N1CCCC(C(=O)NCCN(CC)CC)C1,0
CCCCn1c(NCc2ccccn2)nc2ccccc21,0
CCOc1ccc(C(C)=O)cc1CN1C(=O)NC2(CCCCC2C)C1=O,0
CC(OC1=CC(=O)CCC1)C(=O)c1ccccc1,0
CC(C)C(=O)Nc1ccc(N2CCN(C(=O)c3cccs3)CC2)cc1,0
Cn1c(SCC(=O)N(C2CCCCC2)C2CCCCC2)nnc1-c1cccs1,0
O=C(NCCC1=CCCCC1)C1CCN(S(=O)(=O)c2ccc(-n3cnnn3)cc2)CC1,0
Cc1ccc(NC(=O)COC(=O)c2ccc3c(c2)NC(=O)C2CCCN32)cc1C,0
CC(C)CNS(=O)(=O)c1ccc(C(=O)Nc2ccc3c(c2)OCCO3)cc1,0
O=c1n(-c2cccc(Cl)c2)c(=O)n2n1CCC2,0
Cc1nc(SCC(=O)N2CCOCC2)c2ccsc2n1,0
N#Cc1ccc(CSc2nnc(-c3cccc(S(=O)(=O)N4CCCCC4)c3)o2)cc1,0
CC(C)(O)c1cn(-c2nonc2N)nn1,0
COC(=O)c1cccc(NC(=O)Cn2nnc3ccccc32)c1,0
Cc1ccc(CN2C(=O)CCC2C(=O)NCc2ccc(F)cc2)cc1,0
CCOn1c(=O)c(-c2cc3ccccc3o2)[n+]([O-])c2ccccc21,0
Cn1c(CN2CCOCC2)nnc1SCC(=O)Nc1nccs1,0
Cc1ccc2c(c1)c1c3n2CCN(C(=O)CN2CCN(C)CC2)C3CCC1,0
CCOC(=O)CC1C(=O)NC2CCCCC2N1C(=O)Nc1ccc(Cl)cc1,0
Nc1ncc2c(n1)CC(c1ccco1)CC2=O,0
O=c1[nH]ncn2cccc12,0
Cc1ccc2nsnc2c1S(=O)(=O)N1CCN(CCc2ccccc2)CC1,0
Cc1ccc(C)c(NS(=O)(=O)c2cc(C(N)=O)ccc2C)c1,0
CS(=O)(=O)N(CCc1ccccc1)CC(=O)NCc1ccccn1,0
Cc1ncoc1C(=O)Nc1cccc(Cl)c1,0
CCOC(=O)c1ccc(N2C(=O)C(C)=C(C)C2=O)cc1,0
CC(C)OC(=O)CSc1nnc(-c2ccccn2)n1C,0
OCCNc1ncnc2c1ncn2Cc1ccccc1,0
O=C(O)CCC1=C2c3ccccc3CCN2C(=O)CC1,0
O=C(Nc1cccc2ccccc12)N1CCOCC1,0
Nn1c(SCC(=O)N2CCCCC2)nnc1-c1ccncc1,0
CCN(CC)S(=O)(=O)c1ccc2c(c1)c(=O)c(C(=O)N1CCOCC1)cn2C,0
COc1ccccc1-c1nc(C(F)(F)F)c(OC)o1,0
CCN1CCCC(OC(=O)Nc2ccccc2)C1,0
Cc1ccc(N2CCN(c3cc(C)nc4c5c(C)cc(C)nc5nn34)CC2)cc1,0
O=C(O)CC(c1ccc(Cl)cc1)n1cccc1,0
CC(C)(C)C(=O)C(Oc1cccc2nonc12)n1cncn1,0
Cc1c(S(=O)(=O)N2CCN(C(=O)c3ccco3)CC2)c(=O)n(C)c(=O)n1C,0
CCN(CC)S(=O)(=O)c1ccc(C(=O)N2CCN=C2SCc2cccnc2)cc1,0
COc1ccc(C(C)=O)cc1COC(=O)c1cccc(N(C)C)c1,0
CC(C(=O)N1CCOCC1)N1c2cccc3cccc(c23)S1(=O)=O,0
CCOc1ccccc1C1NC(=O)NC(C)=C1C(=O)OC1CCCCC1,0
CCN(CC)C(=O)Nc1cnc2ccccc2c1,0
Cc1ccc(S(=O)(=O)N2CCN(C(=O)COC(=O)c3cc(C)oc3C)CC2)cc1,0
CN(CCc1ccccn1)S(=O)(=O)c1ccc2c3c(cccc13)C(=O)N2,0
Cc1ccc(C(=O)c2cc3c(cc2N)OCCO3)cc1,0
CC(C)(C)OC(=O)N1CCC(c2cc(=O)[nH][nH]2)CC1,0
Cn1c(SCc2ccc3c(c2)OCO3)nnc1-c1ccccc1,0
CN(C)CCCNC(=O)c1ccc(-c2ccccc2)cc1,0
Cc1cc(C)c(NC(=O)CS(=O)CC(=O)N2CCN(c3ccc(F)cc3)CC2)c(C)c1,0
COC(=O)COc1ccc(-c2nn(C)c(=O)c3ccccc23)cc1,0
O=C(CS(=O)(=O)Cc1ccccc1)Nc1ccccn1,0
O=C(COc1ccc(Cl)cc1Cl)NC(=O)N1CCCCC1,0
Nc1nc(N2C(=O)C3CC=CCC3C2=O)nn1-c1ccccc1,0
CC(C)c1ccc(NC(=O)c2cccnc2)cc1,0
CCOc1ccc(-c2nnn(CC(=O)c3ccc4c(c3)OCCO4)n2)cc1,0
COc1ccc(-c2nnc(CSc3nc4ccccc4c(=O)n3CC(C)C)o2)cc1OC,0
Cc1[nH]nc2c1C1(CCOC1C)C(C#N)=C(N)O2,0
Cc1nn(C)c(C)c1S(=O)(=O)N(CC(=O)NCc1cccs1)c1ccc(C(C)C)cc1,0
CS(=O)(=O)NC1c2cccc3cccc(c23)C1Sc1nncn1/N=C\c1ccco1,0
Cc1ccc(SCC(=O)NCC(C)C)cc1,0
O=C(Nc1ccc(F)cc1Cl)c1ccc2c(=O)n3c(nc2c1)CCCCC3,0
CCc1ccccc1NC(=O)CSc1nc2c(c(-c3ccco3)c1C#N)CCCC2,0
CN(C)c1ccc(CNCCC2(O)CCOC(C)(C)C2)cc1,0
CCCCCCn1c(SCC(=O)OC)nc2c1c(=O)[nH]c(=O)n2C,0
CCCCC(=O)Nc1ccccc1C#N,0
O=C1CCCc2nc3nc4ccccc4n3cc21,0
Cc1nc2ncnn2c(N2CCN(C(=O)c3cccc(F)c3)CC2)c1Cc1ccccc1,0
CC12CC3CC(C)(C1)CC(C(=O)Nc1nn[nH]n1)(C3)C2,0
Cc1ccnc(SCC(=O)N2CCN(c3cccc(Cl)c3)CC2)n1,0
CCCn1nnc(NC(=O)c2cc3ccccc3o2)n1,0
COCCn1c(C)cc(C(=O)COC(=O)c2ccc(N3CCCC3=O)cc2)c1C,0
O=C(Nc1ccccc1)N1CC=C(c2ccc(F)cc2)CC1,0
Cc1oc(-c2ccccc2Cl)nc1CSCC(=O)NC1CC1,0
Cc1ccc(C)c(S(=O)(=O)Nc2ccc(O)cc2)c1,0
CC1=C(C#N)C(c2cccnc2)C2=C(CC(C)(C)CC2=O)N1,0
O=c1cc(CSc2nc3cc(Cl)ccc3o2)nc2sccn12,0
CCN(CCCNc1ncnc2nc[nH]c12)c1cccc(C)c1,0
O=c1ccn(CCOc2ccc(Cl)cc2)c(=O)[nH]1,0
CCC(=O)Nc1ccc(-c2nn3c(C)nnc3s2)cc1,0
COc1ccc(-c2nnnn2-c2ccccc2OC)cc1,0
COc1ccccc1NC(=O)c1ccccc1NS(C)(=O)=O,0
CCOC(=O)c1[nH]c2ccc(C)cc2c1/N=C(\C)N(C)C,0
CCc1ccc2oc(-c3ccc(N)cc3)nc2c1,0
Cc1ccc2c(c1)[nH]c1c(=O)n(Cc3ccccn3)cnc12,0
Cc1cc(C)nc(N2CCC(C(=O)Nc3ccc(Oc4ccccc4)cc3)CC2)n1,0
O=C(c1cnc2n(c1=O)CCS2)N1CCN(c2ccc(Cl)c(Cl)c2)CC1,0
CCCCCN(C(=O)NC(=O)NC1C2CC3CC(C2)CC1C3)S(C)(=O)=O,0
CC(C)CNS(=O)(=O)c1ccccc1C(=O)N1CCCCC1,0
COc1ccccc1-c1noc(-c2ccccc2C(=O)N2CCOCC2)n1,0
C=CCC1(CN2CCCCCC2=O)C(=O)NC(=O)NC1=O,0
Nc1nc(CSc2ncn(-c3ccccc3)n2)cs1,0
O=C(Nc1ccc(NC(=O)c2cccs2)cn1)c1ccco1,0
CCCC(=O)Nc1ccc(NC(=O)c2cccc(OC)c2)nc1,0
CC(C)OC(=O)c1sc2nc3c(cc2c1N)C(=O)CCC3,0
CCOC(=O)N1CCN(c2cc(=O)n(-c3ccccc3Cl)c(=O)[nH]2)CC1,0
CCc1nnc(NC2=NS(=O)(=O)c3ccccc32)s1,0
COc1ccc2c(=O)c3c(=O)n(Cc4ccco4)c(C4CCCCC4)nc3oc2c1,0
O=C(Nc1cccc(NC(=O)c2cccs2)c1)c1ccco1,0
COc1ccc(-n2c(SCC(=O)N3CCCC(C)C3)nnc2-c2cccnc2)cc1,0
C=CCNc1nc2c(c(=O)[nH]c(=O)n2C)n1Cc1cccc(C)c1,0
O=c1nc(SCC2CCCCO2)[nH]c2ccccc12,0
Cc1ccc(Cn2c(SCC(=O)Nc3cc(C)on3)nc3ccccc3c2=O)cc1,0
COc1cc2c(C(=O)NCc3ccc4c(c3)OCO4)cn(CC(C)C)c(=O)c2cc1OC,0
O=C(NCc1ccco1)c1cccc(F)c1,0
Cc1ccc(C(=O)NC(C)(COc2nonc2C)COc2nonc2C)cc1,0
CN(C)S(=O)(=O)Nc1ccc(Oc2ccccc2)cc1,0
O=C1CC(c2ccc(S(=O)(=O)NC3CC3)cc2)CN1,0
CC(=O)Nc1cccc(-c2nnc3n2CC(C)S3)c1,0
CCOC(=O)C1=C(C)N(C)C(C)=C(C(=O)OCC)C1c1cccnc1,0
O=C(CSCCO)Nc1cccc2ccccc12,0
COc1ccc(C2C3=C(CC(C)(C)CC3=O)Oc3ncn(CCO)c(=N)c32)cc1OC,0
COc1ccc(S(=O)(=O)Nc2ccc3c(c2)OCO3)cc1C(=O)O,0
CCCCOc1ccc(CSc2nncn2N)cc1,0
CN1CCCN(CC(O)COCc2cccs2)CC1,0
O=C(CCN1C(=O)c2ccccc2C1=O)Oc1ccc(F)cc1,0
CC1=C(C(=O)OC(C)C)C(C)NC(=O)N1,0
c1ccc(CNc2ccc3ccccc3n2)nc1,0
Cc1cc(NC(=O)Cc2c(F)cccc2Cl)no1,0
NS(=O)(=O)c1ccc(-c2ccc(/C=N/C3CCS(=O)(=O)C3)o2)cc1,0
COc1ccc(C2C(C#N)=C(N)Oc3n[nH]c(C)c32)cc1CSc1ccccn1,0
O=C(O)CCC(=O)Nc1ccccc1N1CCOCC1,0
COC(=O)CSc1nnc(CNS(=O)(=O)c2ccc(C)cc2)n1C,0
COc1ccc(OC)c(N(CC(=O)NCc2cccnc2)S(C)(=O)=O)c1,0
C=CCn1c(=O)c2ccccc2n2c(SCC(=O)NCc3cccs3)nnc12,0
O=c1oc2ccccc2c(N2CCCCC2)c1CN1CCCCC1,0
Cn1nnc2cc(C(=O)NCc3ccco3)ccc21,0
Clc1ccc(SCCCCn2cncn2)cc1,0
COC(=O)c1cc(=O)nc2scc(C)n12,0
COCc1nc(-c2cc(OC)c(OC)c(OC)c2)no1,0
Cc1cc(NC(=O)c2cnccn2)no1,0
CC(C)C1C(C#N)=C(N)Oc2n[nH]c(C(C)(C)C)c21,0
CCc1nnc(NC(=O)CCC(=O)NCC2CCCO2)s1,0
S=c1[nH]nc(-c2cccnc2)n1Cc1ccccc1,0
Cn1c(=O)[nH]c(=O)c2c1nc(N1CCOCC1)n2CCCSc1ncccn1,0
CCCn1nc(NC(=O)c2ccncc2)c2cc3ccccc3nc21,0
Cc1cc(C)n(CC(=O)n2c3ccccc3c3ccccc32)n1,0
CCOCCc1nnc(NC(=O)Cc2ccccc2)s1,0
O=C(CSc1nnnn1Cc1ccccc1)Nc1ccc2c(c1)OCO2,0
O=C(Cn1c(=O)sc2ccccc21)N1CCOCC1,0
Cc1cc(-n2c(=O)c(C#N)cc3c(=O)n4ccccc4nc32)no1,0
Cc1c(NC(=O)CSc2nc3n(-c4ccccc4)[nH]cc-3c(=O)n2)c(=O)n(-c2ccccc2)n1C,0
COC(=O)c1ccc(COC(=O)C23CC4CC(CC(O)(C4)C2)C3)o1,0
CCOC(=O)N1CCN(C(=O)C(C)(C)Oc2ccc(Cl)cc2)CC1,0
CCN(CC)Cc1c[nH]c2c(C(=O)OC)cccc12,0
C=CCn1c(COc2ccccc2)nnc1SCC(=O)Nc1ccc(S(N)(=O)=O)cc1,0
N#Cc1nc(-c2ccccc2F)oc1NC1CCCCC1,0
Cc1cc(C)cc(OCC(=O)Nc2ccccc2C(=O)NCc2ccco2)c1,0
CC1=CC(N2CCCCCC2)=N/C(=C2/C=CC=CC2=O)N1,0
O=C(c1ccc(-c2ccccc2)cc1)N1CCC(C(=O)N2CCCC2)CC1,0
Cc1ccccc1-c1nnc(SCc2ccc(F)cc2)o1,0
Cc1nnc(NC(=O)c2ccc(S(=O)(=O)N(C)Cc3ccccc3)cc2)o1,0
COc1ccc(-n2c(SCC(=O)Nc3cc(C)on3)nc3c(c2=O)SCC3)cc1,0
c1ccc(SCCOCCn2cncn2)cc1,0
CC(Nc1cc(=O)n(C)c(=O)[nH]1)c1ccccc1,0
COc1ccc(N/C(C)=C2/C(=O)NC(=O)N(C3CCCCC3)C2=O)c(OC)c1,0
CCSc1nnc(NC(=O)c2cccnc2)s1,0
Cc1ccc(CNC(=O)Nc2ccccc2)cc1,0
Cc1ccccc1OCC(=O)N(Cc1nc(-c2ccccc2)no1)C(C)C,0
COc1ccc(CCNC(=O)CC2Nc3ccccc3NC2=O)cc1,0
O=C1NC2(CCCCC2)N=C1c1ccc(F)cc1,0
COc1ccc(Cl)cc1NC(=O)Cn1cccc1,0
O=C(Cn1c(=O)n(-c2ccccc2)c(=O)c2sccc21)N1CCCC1,0
COc1ccc(N2CCN(C(c3ccccc3)c3sc4nc(C)nn4c3O)CC2)cc1,0
CC1CCC(NC(=O)C2(C)CCC(=O)N2Cc2cccnc2)CC1,0
CCOC(=O)N1CCC(NC(=O)c2cc(C(=O)Nc3cccc(OC)c3)ccc2CO)CC1,0
Cc1cc(C)cc(Nc2ncc3c(n2)CCCC3=O)c1,0
COc1ccc(CNc2oc(-c3ccccc3)nc2C#N)cc1,0
Cc1c(C(=O)NCCN2CCOCC2)sc2nc(-c3ccc(F)cc3)cn12,0
Cc1cc(NC(=O)CSc2nnc(COc3ccccc3)o2)no1,0
CCCn1c(SCC(=O)NCCc2ccccc2)nnc1-c1ccccn1,0
CC(=O)CSc1nc2ccc(Nc3nc(N4CCOCC4)nc(N4CCOCC4)n3)cc2s1,0
COC(=O)c1cc(OC)c(OC)cc1NC(=O)CCCCCN1C(=O)CCC1=O,0
CCN1CCN(c2nc3c(c(=O)[nH]c(=O)n3C)n2CCSc2nc3ccccc3s2)CC1,0
O=C(CSc1cccc2cccnc12)NCc1ccco1,0
COc1ccc(CCNC(=O)c2nn(C)cc2Cl)cc1,0
CCN(CC)C(=O)C1CC(=O)N(c2ccc(F)c(Cl)c2)C1,0
Cc1ccc2oc(=O)c3cc(C(=O)N4CCN(C(=O)c5ccco5)CC4)sc3c2c1,0
Cc1cc(C)cc(C(=O)NCc2ccncc2)c1,0
CCOC(=O)c1[nH]c(C)c(C(=O)Nc2ccccc2C)c1C,0
Cc1ccc(C)c(S(=O)(=O)C(C#N)c2nc3ccccc3nc2N2CCCC2)c1,0
Clc1ccccc1-c1nn2c(-c3ccccn3)nnc2s1,0
O=c1nc2n(c3c1oc1ccccc13)Cc1ccccc1-2,0
O=C1C2CCCN2C(c2ccc(F)cc2)N1c1ccc(Cl)cc1,0
CCCCOC(=O)Nc1nc(CC(=O)OCC)cs1,0
CCCC1C2CN(C(C)=O)CC=C2C(C#N)=C(N)C1(C#N)C#N,0
CCn1nc(NC(=O)c2ccccn2)c2cc3cc(C)ccc3nc21,0
O=C(Nc1cccnc1)c1c(O)n2c3c(cccc3c1=O)CC2,0
O=C1C2=C(SCCS2)C(=O)N1CCCO,0
COC(=O)c1cnn(-c2ccc(C)c(C)c2)c1-n1cccc1,0
CCOc1ccc(C(=O)NC2CCN(S(=O)(=O)CC)CC2)cc1,0
CCCC(C)n1[nH]c(=O)cc1N,0
O=C(Nc1ccccc1OC(F)F)c1ccc(F)cc1,0
CCCCCn1c(N(C)Cc2ccccc2)nc2c1c(=O)[nH]c(=O)n2C,0
CCCCNc1cc(C)nc(NCc2ccccc2)n1,0
CNC(=O)CN(c1cccc2ccccc12)S(C)(=O)=O,0
COc1cccc(-n2c(SC)nnc2-c2cnccn2)c1,0
CCOC(=O)C1=C(C)N=c2s/c(=C\c3cccn3C)c(=O)n2C1c1cccc(OC)c1OC,0
COc1ccc(N2CCCn3c2nc2c3c(=O)n(CCN3CCOCC3)c(=O)n2C)cc1,0
Cc1noc(C)c1S(=O)(=O)N(CC(=O)Nc1ccc2c(c1)OCO2)c1ccc(C(C)C)cc1,0
O=C(CSc1ncnc2nc[nH]c12)NCCc1ccccc1,0
COc1cccc(C2NC(=O)NC(C)=C2C(=O)OCCSC)c1OC,0
Cc1ccc(CN2CCN(C(=O)C3CCC3)CC2)cc1,0
Cc1ccc(Cn2nc(C)c(NC(=O)c3noc4c3CCCCC4)c2C)cc1,0
CCOc1ccc(OCC)c(NC(=O)c2[nH]c(C)c(C(C)=O)c2C)c1,0
CCn1cc(C(=O)NCc2ccco2)c(=O)c2cc(S(=O)(=O)N3CC(C)CC(C)C3)ccc21,0
CC1(C)CC(=O)C(=CNCCC2=CCCCC2)C(=O)C1,0
CCC(Sc1nc(=O)c2c([nH]1)CCC2)C(=O)Nc1cccc(OC)c1,0
O=C1CCC(=O)N1CC(=O)N1c2ccccc2Sc2ccccc21,0
COc1ccc(Cc2nnc(SCC(=O)Nc3nc(C)cs3)o2)cc1,0
Cc1ccc(Cn2c(=O)c3ccccc3n3c(SCC(=O)N4CCCCC4C)nnc23)cc1,0
Cc1ccc(S(=O)(=O)N2CCCC2)cc1S(=O)(=O)N1CCCC1,0
CC1CCCCN1S(=O)(=O)c1ccc(NC(=O)CSc2nnnn2C)cc1,0
O=c1cc(-c2ccccc2)[nH]c2ccccc12,0
O=C(CCCNS(=O)(=O)c1ccccc1)NCc1ccco1,0
Cc1cccc(NC(=O)c2ccc(S(=O)(=O)N(C)C)cc2)n1,0
CCNS(=O)(=O)c1c(C)cc(N2CCCC2=O)cc1C,0
Cc1sc2nc(SCC(=O)N(C)C)[nH]c(=O)c2c1C,0
CC(=O)c1cc2c(cc1NS(=O)(=O)c1ccc3c(c1)OCCO3)OCO2,0
Cc1ccc(-c2nnc(SCC(=O)Nc3ccc4c(c3)OCCO4)n2N)cc1,0
COCCCn1cnc2c(c1=O)c1nc3ccccc3nc1n2-c1ccccc1,0
Cc1nc(N2CCN(Cc3ccc4c(c3)OCO4)CC2)nc2c1C(=O)CC(c1ccco1)C2,0
O=c1c2c(nc3c(-c4ccc(Cl)cc4)c[nH]n13)CCCC2,0
COc1cc(OC)cc(C(=O)NCC(=O)OC2CCOC2=O)c1,0
Nc1c(C(=O)NCc2ccco2)nnn1-c1ccccc1,0
COC(=O)C(Cc1ccccc1)NC(=O)N1CC(C)OC(C)C1,0
CCN(CC)CCN1NC(C)=N/C1=C1/C=CC=CC1=O,0
CCOC(=O)N1CCN(C2=NC3(CCCCC3)C(C#N)C(=O)N2)CC1,0
COc1cccc(C2C(C#N)=C(N)Oc3cc(C)n(Cc4ccccn4)c(=O)c32)c1OC,0
COc1ccc(-n2nc3cc(C)c(NC(=O)c4cccnc4)cc3n2)cc1,0
COc1ccc(CCNS(=O)(=O)c2ccc3c(c2)CCN3C(=O)CCC(=O)O)cc1OC,0
CC(=O)c1cccc(NC(=O)c2cc(-c3ccc(F)cc3)on2)c1,0
Cc1onc(-c2c(F)cccc2Cl)c1C(=O)N1CCN(S(C)(=O)=O)CC1,0
CCN(CC)CCNC(=O)Cn1c(-c2ccccn2)nc2ccccc21,0
Cc1noc(C)c1S(=O)(=O)Nc1ccc(C(=O)N2CCN(c3ccc(Cl)cc3)CC2)cc1,0
O=C(COC(=O)c1ccccn1)Nc1ccccc1Cl,0
C=CCn1c(O)cc(=O)nc1SCC(=O)NC12CC3CC(CC(C3)C1)C2,0
CC1CN(C(=O)CN2C(=O)NC(C)(c3ccccc3)C2=O)CC(C)O1,0
COc1ccc(-c2noc(CSc3nc4ccccc4c(=O)n3-c3ccccc3)n2)cc1,0
CCN(CC)CCNc1nc2ccccc2n1C,0
Cc1onc(-c2ccccc2Cl)c1C(=O)NCC(=O)O,0
O=C(CN1C(=O)CSC1=O)Nc1ccc(C(=O)O)cc1,0
Cc1ccc(O)c(-c2cc3ccccc3[nH]2)c1,0
CCCCn1c(SCC(=O)Nc2nnc(CC)s2)nc2ccccc2c1=O,0
N#CC1=C(N)OC2=C(C(=O)CCC2)C1c1ccsc1,0
CCN(CC)S(=O)(=O)c1cc(C(=O)Nc2ccncc2)ccc1Cl,0
CC(=O)NC1CC1c1ccccc1,0
O=C(NCCN1CCOCC1)c1ccc2c(c1)N(Cc1ccccc1)CCS2,0
CN(C)c1ccc(CNn2cnnc2)cc1,0
COc1ccc(CNC(=O)C2CCNCC2)cc1,0
Cc1nc2ccccn2c(=O)c1CCN1CCC(C(=O)c2ccc(F)cc2)CC1,0
O=C(CSc1nnnn1C1CCCCC1)N1CCCC1,0
Cc1nnc(N(Cc2ccccc2)C(=O)c2cnccn2)s1,0
Cc1cc(OCC(=O)Nc2ccc3c(c2)OCCO3)ccc1Cl,0
Cc1cc(C)n(C(=O)CCC(=O)NCc2ccccc2)n1,0
COc1ccc(OCCSc2nc(=O)c3ccccc3[nH]2)cc1,0
COc1cccc(NC(=O)C2CCCN2C(=O)Nc2ccccc2F)c1,0
COc1ccc(CNC(=O)CSc2ncn[nH]2)cc1,0
CC(C)Oc1ccc(C(=O)NCc2cccnc2)cc1,0
CCOc1ccccc1C1CC(=O)NC(SCC)=C1C#N,0
CC1CCCC(C)N1C(=O)CSc1nnc(-c2cccs2)o1,0
COc1cccc(NC(=O)Cn2c(SCC(=O)N3CCOCC3)nc3ccccc32)c1,0
Cn1c(SCC(=O)N2CCOCC2)nnc1-c1ccccc1,0
NS(=O)(=O)c1ccc(Nc2nc(-c3ccc(O)cc3)cs2)cc1,0
COc1ccc(OC)c(NC(=O)CS(=O)(=O)c2ccccc2)c1,0
CN(C)S(=O)(=O)c1ccc2nc(NC(=O)c3cccnc3)sc2c1,0
O=C(NCCC1=CCCCC1)C1CCN(C(=O)Nc2ccccc2)CC1,0
c1csc(CCNc2ncnc3sc4c(c23)CCC4)c1,0
CCn1c(/C=N/n2cnnc2)nc2ccccc21,0
Cc1cc2cc(CN(Cc3cccs3)Cc3nnnn3CC3CCCO3)c(=O)[nH]c2cc1C,0
CCOC(=O)N1CC=C2C(C#N)=C(N)C(C#N)(C#N)C(c3ccc(OC(C)C)c(OCC)c3)C2C1,0
Cc1oc2cc(O)cc(C)c2c(=O)c1-c1cnn(-c2ccccc2)c1,0
COC(=O)c1ccccc1NC(=O)CN1CCC(NC(=O)c2ccc(C)cc2)CC1,0
O=C(NCc1ccco1)c1cccc(S(=O)(=O)N2CCCCC2)c1,0
O=C(CCN1C(=O)c2ccccc2C1=O)Nc1ccc(F)cc1,0
CCOc1[nH]c(/N=C/c2ccco2)c(C#N)c1C#N,0
CCCn1nnc(NC(=O)COc2ccc(C3CCCCC3)cc2)n1,0
C=CCN1C(=O)c2oc3ccccc3c(=O)c2C1c1ccc(O)c(OC)c1,0
CCCNC(=O)Cc1ncn[nH]1,0
Cc1ccc2nc(NCc3ccccc3)[nH]c2c1,0
COCC(C)NC(=O)c1cccc(Cl)c1,0
Cc1cc(Cl)ccc1OCC(=O)Nn1c(C)ccc1C,0
COc1ccc(C(=O)N2CCN(C3CCCCC3)CC2)c(OC)c1,0
CC(C)CCNC(=O)CN(Cc1ccc2c(c1)OCO2)C(=O)CCC(=O)Nc1ccccn1,0
CCc1ccc(CNc2ccc(O)cc2)cc1,0
Cn1c2ccccc2c2ncn(CCCN3CCOCC3)c(=O)c21,0
O=C(Nc1ccncc1)C1COc2ccccc2O1,0
O=C1CC(N2CCN(C/C=C/c3ccccc3)CC2)C(=O)N1CCc1ccccc1,0
Cn1c(-c2ccccc2)cccc1=O,0
Cc1ccc(CNC(=O)C(C)OC(=O)c2ccco2)cc1,0
O=C1CC(N2CCC(c3nc4ccccc4s3)CC2)C(=O)N1,0
Cc1cc(NC(=O)CSc2nc3sc4c(c3c(=O)n2C)CCCC4)no1,0
COC(=O)c1c(N)c2ccccc2[nH]c1=O,0
COC(=O)c1c(N)n(-c2ccc(N3CCOCC3)cc2)c2nc3ccccc3nc12,0
Cc1c(NC(=O)N2CCCCCC2)c(=O)n(-c2ccccc2)n1C,0
CC(C)Cc1nc(N2CCN(C(=O)c3ccco3)CC2)c(C#N)c2c1CCC2,0
Cc1nnc2sc(-c3cccc(NC(=O)c4cccnc4)c3)nn12,0
Cc1occc1C(=O)NCCCc1ccccc1,0
C=CCn1c(-c2ccco2)n[nH]c1=S,0
COc1cc2[nH]c3c(N4CCC(C(N)=O)CC4)ncnc3c2cc1OC,0
c1ccc2c(c1)CC1(CCCC1)n1nnnc1-2,0
CCOC(=O)N1CCC(Nc2c(-c3ccc(C)c(C)c3)c(=O)c2=O)CC1,0
Cn1c(=O)c2c(ncn2CC(=O)NCc2cccnc2)n(C)c1=O,0
Cc1cccc(NC(=O)Cn2cccc2)c1,0
Cc1ccc2nc(NC3=NCN(C4CCCCC4)CN3)nc(C)c2c1,0
Cc1nn(-c2ccccn2)c(C)c1Oc1ccccc1O,0
OCCOCCNc1ncnc2c1cnn2-c1ccccc1,0
O=C(Cn1ncc2c1-c1ccccc1OC2)N1CCc2ccccc21,0
COc1ccc(C2=NC3=NC4=C(C(=O)CCC4)C(c4ccccc4)N3N2)cc1OC,0
Cc1nc2sc(C(c3ccccc3)N3CC(C)OC(C)C3)c(O)n2n1,0
CCOC(=O)Cc1nnc(NC(=O)CC)s1,0
C=CCn1c(=O)c2ccccc2n2c(SCC(=O)Nc3cc(C)on3)nnc12,0
CCOC(=O)c1cc(NC(=O)N2CCOCC2)c(C)nc1C,0
O=C(COc1cccc(-n2cnnn2)c1)NCCC1=CCCCC1,0
O=C(OCn1nnc2ccccc2c1=O)c1cc2ccccc2o1,0
CSc1nc(O)c(Cc2ccccc2)c(=O)[nH]1,0
O=C(NC1CCCCC1)c1ccc2c(=O)n(CC3CCCO3)c(=O)[nH]c2c1,0
CCc1nc(NC(Cc2c[nH]c3ccccc23)C(=O)O)c2oc3ccccc3c2n1,0
CCOC(=O)C1=C(C)N(C)C(=O)NC1c1ccccc1OC,0
CC/N=C(\NCC)SC1CC(=O)N(c2cccc(OC)c2)C1=O,0
O=C(CSc1nnnn1-c1cccc2ccccc12)N1CCOCC1,0
COc1ccccc1-n1c(C)nnc1SCC(N)=O,0
C=CCn1cc(Cl)c(=O)n(CC=C)c1=O,0
C1=CCC(/C=N/n2cnnc2)CC1,0
CCC(C)c1c(O)nc(SCC(=O)c2ccccc2)[nH]c1=O,0
COC(=O)C1CCN(C(=O)COc2ccc(Cl)cc2)CC1,0
CC(=O)c1ccc2cccc3[nH]c(C)nc1c23,0
CC(=O)c1cnc(Nc2nc(C)c3cc(C)ccc3n2)nc1C,0
Cc1ccccc1OCC(=O)N(Cc1cccs1)C1CCS(=O)(=O)C1,0
COc1ccccc1-n1nnnc1SCC(=O)NC1CCCC1,0
COc1ccc(OC)c(NC(=O)C23CCC(C)(C(=O)C2)C3(C)C)c1,0
Cc1cc(C(=O)Nc2sc3c(c2C#N)CCC3)no1,0
NC(=O)c1ccccc1NC(=O)c1ccccc1F,0
Cc1csc(NC(=O)CSc2nnc(-c3ccco3)n2C)n1,0
CCN(CC)c1ncnc2sc(C(=O)N3CCN(c4ccccc4)CC3)c(C)c12,0
C=CCNC(=O)CN(c1ccc(F)cc1)S(=O)(=O)c1ccc(OC)cc1,0
Cc1cc(=O)n2[nH]c(C)c(-c3ccccc3)c2n1,0
COc1ccc(NC(=O)c2c(-c3ccccc3Cl)noc2C)c(OC)c1,0
CCOC(=O)N1CCN(C(=O)c2oc(=O)c3ccccc3c2-c2ccc(C)cc2)CC1,0
COC(=O)c1nc(NC(=O)C(C)C)n[nH]1,0
CCOC(=O)c1cnn(-c2nc(CC)nc3sc4c(c23)CCC4)c1N,0
COc1ccc(NC(=O)c2ccc(Cl)c(S(=O)(=O)N3CCc4ccccc4C3)c2)cn1,0
CCOC(=O)c1cnn(-c2cc(C)nc3c(-c4ccccc4)c(C)nn23)c1N,0
Cn1nnc2cc(C(=O)NC3CCCCC3)ccc21,0
CN1CCCN(Cc2ccccc2C(F)(F)F)CC1,0
CCn1c(SCC(=O)N2CCCc3ccccc32)nc2ccccc2c1=O,0
CC(Sc1nnnn1C)C(=O)Nc1ccc(N2CCOCC2)cc1,0
CN(C)S(=O)(=O)c1ccc(C(=O)Oc2cc(=O)[nH]c3ccccc23)cc1,0
COc1ccc(CN2CCN(C(=O)CC(C)C)CC2)cc1OC,0
CCn1c(O)c(C(=O)Nc2cnccn2)c(=O)c2ccccc21,0
CCOCCCNc1nc2ccccc2[nH]1,0
O=c1c2ccccc2nnn1CSc1nc2sc3c(c2c(=O)n1CC1CCCO1)CCC3,0
CCOC(=O)C1CCN(C(c2cccnc2)c2c(NC(=O)c3ccco3)sc(C)c2C)CC1,0
COc1ccccc1C1C2CCCCC2(O)CCN1CC(=O)Nc1ccccc1,0
CCOc1ccc(C(=O)Nc2c3c(nn2-c2ccc(F)cc2)CS(=O)C3)cc1,0
CCCCC(CCC(=O)Nc1ccccc1C(=O)OCC)C(=O)O,0
CCOC(=O)N1CCC(NC(=O)C(Cc2ccccc2)NC(=O)c2ccco2)CC1,0
Cc1c(C)n(C(=O)CSc2nccn2C)c2ccccc12,0
Cc1ccc(O)c(CNc2ccccn2)c1,0
O=C(c1n[nH]c2c1CCCC2)n1ccnc1,0
O=C(CCCc1ccccc1)NCc1cccnc1,0
Cc1nc2sccn2c1-c1csc(NCc2ccccc2)n1,0
Cc1ccc(S(=O)(=O)NC(=O)Nc2ccc(Cl)cn2)cc1,0
O=C1CC(N2CCN(c3ccccc3)CC2)C(=O)N1c1ccc2c(c1)OCCO2,0
O=C(CCC1N=C2c3ccccc3N=C(SCc3ccc(F)cc3)N2C1=O)NCc1ccco1,0
CNc1nc(CC(C)=O)ns1,0
COc1ccccc1C(=O)NC(C)C(c1cccs1)N1CCN(C)CC1,0
CC(C)OC(=O)CSc1ncnc2c1cnn2-c1ccccc1,0
CC(=O)N1CCC(N(CCCOC(C)C)C(=O)Nc2ccc(Cl)cc2)CC1,0
COc1ccc(N(CC(=O)Nc2cc(Cl)ccc2OC)S(=O)(=O)c2c(C)noc2C)cc1,0
C(=N/C12CN3CN(CN(C3)C1)C2)\c1ccc2c(c1)OCO2,0
O=C(N1CCOCC1)N1CCN(c2nc(-c3ccccc3)cs2)CC1,0
CSc1cc(C)nc(N(C)C(C)=O)n1,0
O=c1cc(-c2cccc3ccccc23)[nH][nH]1,0
Cc1cc(C)n2nc3ccccc3c2n1,0
CCn1c(COc2ccc3c(c2)OCO3)nnc1SCC(=O)c1ccccc1,0
O=C(Cc1cccs1)Nn1c(Cc2cccs2)nc2ccccc2c1=O,0
Nn1c(SCC(=O)NC2CCCCC2)nnc1-c1ccc(Cl)cc1,0
Cc1cc(C(=O)Nc2cccnc2)cs1,0
O=C1C=CC2=C(c3ccccc3C(=O)O)Nc3ccc(O)cc3OC2=C1,0
CCOC(=O)Cc1csc(NC(=O)COc2ccccc2)n1,0
CCOC(=O)N1CCN(C(=O)CNC(=O)Cc2ccc(Cl)cc2)CC1,0
CC(C)(C)c1nnc2sc(SCC(=O)c3ccccc3)nn2c1=O,0
Cn1nc(C(=O)NCc2cccnc2)c2ccccc2c1=O,0
CC(=O)c1cc2c(cc1NC(=O)c1ccc(-n3nc(C)cc3C)cc1)OCO2,0
O=C1CC(N2CCN(c3ccc(Cl)c(Cl)c3)CC2)C(=O)N1,0
C=CCNS(=O)(=O)c1sccc1/C=N/O,0
CN(C)CCCN1C(=O)C(O)=C(C(=O)c2cccs2)C1c1ccccn1,0
CC12CN3CC(C)(CN(C1)C3c1ccco1)C2=O,0
CCOC(=O)C1=C(C)NC(=O)NC1c1ccc(OC)c(Cl)c1,0
C=CCn1c(NC)cc(=O)n(C)c1=O,0
S=c1[nH]nc(Cc2ccccc2)n1-c1ccccc1,0
CC(C)CC1NC(=O)N(CCN2CCOCC2)C1=O,0
Cc1cc2c(cc(C(=O)O)n2C)s1,0
O=C1c2ccccc2C(=O)N1CCSc1nncs1,0
CN1C(=O)c2cccc3c(S(=O)(=O)Nc4ccccn4)ccc1c23,0
Cc1ccc(C)c(Cn2c(=O)c3c(nc4n3CCN4Cc3ccco3)n(C)c2=O)c1,0
COC(=O)c1[nH]c2ccc(C)cc2c1NC(=O)CN1CCC(C)CC1,0
C=C(C)C1Cc2c(C)nn(-c3nc(C)cc(C)n3)c2C1,0
C1=C(CCNc2ncnc3c2cnn3-c2ccccc2)CCCC1,0
COC(=O)c1ccccc1NC(=O)CSc1nnnn1-c1ccc(C)cc1C,0
CN1CCN(CCCn2cnc3c(=O)oc4ccccc4c32)CC1,0
COc1cc(CC(=O)Oc2ccc3c(c2)OCO3)cc(OC)c1OC,0
COCCn1c(COc2ccc(Cl)cc2)nnc1SCC(N)=O,0
Cn1c(NC(=O)CCc2ccccc2)cc(=O)n(C)c1=O,0
COc1ccc(OC)c(Nc2cc(-c3ccccc3)nc(N)n2)c1,0
CCn1nnc(NC(=O)c2cccnc2)n1,0
O=C(O)CCN1C(=O)c2ccccc2C1=O,0
COc1ccc2c(CC(=O)OCC(=O)N3CCc4ccccc43)coc2c1,0
O=C(NCC1CCCO1)C1CCN(c2ccc(S(=O)(=O)N3CCCC3)cc2)CC1,0
CCCN1C=CC(=C2C(=O)c3ccccc3C2=O)C=C1,0
CCc1c(C(=O)NCc2cnn(C)c2)csc1C,0
CC1CCN(C(=O)c2ccc(N(C)S(C)(=O)=O)cc2)CC1,0
O=C(NCC1CCCO1)c1cc2ccccc2[nH]1,0
O=S(=O)(CCc1nc2ccccc2o1)c1ccc(Cl)cc1,0
CN1C(=O)C(=C(NCCN2CCCCC2)c2ccccc2Cl)C(=O)N(C)C1=O,0
COc1cccc(NC(=O)CSCc2nc(=O)[nH][nH]2)c1,0
COc1ccc(N2C(=O)NC3CC2(C)Oc2ccccc23)cc1OC,0
CCN1C(=O)C(CC(=O)NCc2ccc(Cl)cc2)N(CC)C1=O,0
CCc1nnc(NC(=O)CSc2nnc(COc3ccccc3)n2Cc2ccccc2)s1,0
C(=N/n1cnnc1)\c1ccc2ncccc2c1,0
CN1c2ccccc2N(C)C1c1c(O)ccc2ccccc12,0
Cc1nc(NC2=NCN(Cc3ccc4c(c3)OCO4)CN2)nc2ccccc12,0
CCCc1cc(=O)nc(SCC(=O)NC(=O)OCC)[nH]1,0
Cc1ccccc1C(=O)c1cccn1CC(=O)NCc1ccco1,0
CCCC(C(=O)NCc1ccco1)N(C(=O)CNS(=O)(=O)c1ccc(Cl)cc1)C1CCCC1,0
Cc1cc(C)nc(-n2nc(C)cc2NC(=O)c2ccc3c(c2)OCO3)n1,0
O=C(Nc1ccccc1)N(CCN1CCOCC1)Cc1cccc(Cl)c1,0
CC(C)C(=O)Nc1cc(=O)nc2nc[nH]n12,0
Cc1cc(C(=O)Nc2sc3c(c2C#N)CCCC3)no1,0
CCC(Sc1nc(=O)cc(C)[nH]1)C(=O)Nc1nnc(C)s1,0
CCN1C(=O)/C(=C2\CCCCN2)c2ccccc21,0
c1ccc(-c2oc3ncnc(NCCN4CCOCC4)c3c2-c2ccccc2)cc1,0
O=C(Nc1nccs1)c1ccc(COc2ccc(Cl)cc2)o1,0
CC1CC(=O)c2cnc(Nc3cccc(C(F)(F)F)c3)nc2C1,0
CCCNC(=O)CN(C1CCCCC1)S(C)(=O)=O,0
COCCN(CC(=O)NCc1ccc(OC)cc1)C(=O)CCC(=O)Nc1nccs1,0
CCOC(=O)c1cnc(SCC(=O)Nc2nnc(CC)s2)nc1N,0
Cn1c(=O)c2[nH]c(Nc3ccccc3)nc2n(C)c1=O,0
c1cncc(-c2nnc3sc(C4CCCCC4)nn23)c1,0
CC1(C(=O)NC2CCCCCCC2)CCC(=O)N1Cc1ccco1,0
Cn1ncc(Cl)c1C(=O)N1CCc2ccccc21,0
CCn1c(SCC(=O)Nc2cc(NC(C)=O)ccc2OC)nnc1-c1ccncc1,0
O=C(NCc1cccs1)NC(Cc1ccccc1)C(=O)O,0
C=CCn1c(SCC(=O)NCc2ccc3c(c2)OCO3)nnc1C1COc2ccccc2O1,0
COc1ccc(-c2nnc(CSc3nc4ccccc4c(=O)n3C)o2)cc1OC,0
O=C(/C=C/N1CCOCC1)c1coc2ccccc12,0
Cc1cc(C(=O)Nc2ccc(S(=O)(=O)Nc3nccs3)cc2)c(C)o1,0
COc1ccc(NC(=O)Nc2ccc3nccnc3c2)cc1,0
CCOc1ccccc1C1NC(=O)NC(C)=C1C(=O)OC1CCCC1C,0
COc1ccc2cc(CN(Cc3cccnc3)S(=O)(=O)c3ccccc3)c(=O)[nH]c2c1,0
CCCNS(=O)(=O)c1ccc(OCC(=O)NCc2ccco2)cc1,0
CCCCSc1nn[nH]n1,0
Cc1nc2ccccn2c1C(=O)NCc1cccnc1,0
COc1ccc(-c2noc(CN3C(=O)c4ccccc4C3=O)n2)cc1,0
CCN(C(=O)c1sc(N)c(C#N)c1C)C1CCCCC1,0
CCOC(=O)C1(Cc2ccc(O)cc2)NC(c2ccccc2F)C2C(=O)N(C)C(=O)C21,0
CCc1ccc(C(=O)N2CCN(c3ccc(F)cc3)CC2)s1,0
N#CCc1ccc(NS(=O)(=O)c2ccc(N3CCCC3=O)cc2)cc1,0
COC(=O)CNC(=O)c1nn(-c2cccc(OC)c2)c(=O)c2ccccc12,0
O=C1c2ccccc2C2NC(=O)C3(CCCCC3)N12,0
Cc1cccc(C)c1NC(=O)CSc1nnc(CCCCCNC(=O)OC(C)(C)C)o1,0
O=C(c1cccnc1Nc1ccc2c(c1)CCC2)N1CCOCC1,0
CN(CC(=O)NC1CCCCC1)S(=O)(=O)c1cccc2nsnc12,0
O=C(NCCOc1ccccc1)c1n[nH]c(=O)c2ccccc12,0
O=C(Nc1cccnc1)Nc1ccc2c(c1)OCO2,0
Cc1nc2c(c(C)nn2-c2ccccc2)c(C)c1Cl,0
COc1ccc(S(=O)(=O)N2CCN(C(=O)c3cccs3)CC2)cc1OC,0
CCOC(=O)C1CCN(Cc2c(O)ccc3ccccc23)CC1,0
c1csc(-c2nn3c(-c4ccncc4)nnc3s2)c1,0
CC(C)(C)C(=O)C(CO)(Oc1ccc(Cl)cc1)n1cncn1,0
CC(=O)c1cn(CC(=O)NCc2ccc3c(c2)OCO3)c2ccccc12,0
COc1cc(C(=O)Nc2ccncc2)cc(OC)c1OC,0
CC1(C)CC(=O)c2cc(OCC(=O)NCC3CCCO3)ccc2O1,0
CCOC(=O)c1cnc(-n2nc(C)cc2C)nc1NC,0
CSc1ccc(N2C(=O)NC3(CCCCC3)C2=O)cc1,0
CCOC(=O)C(C)n1cnc2c(cnn2-c2ccc(Cl)cc2)c1=O,0
O=C(CCCNS(=O)(=O)c1cccc2nsnc12)NCc1ccc(Cl)cc1,0
Cn1c(=O)c2c(nc(SCC(=O)NC3CCCCC3)n2C)n(C)c1=O,0
CCOc1ccccc1OCC(=O)Nc1ccc(N2CCCCC2)cc1,0
CCOC(=O)N1CCC(NC(=O)Cn2ncc3c2-c2cc(C)ccc2OC3)CC1,0
COc1ccc(C(=O)Nc2nc(N)n(-c3ccccc3)n2)cc1OC,0
COCCCn1nnnc1SCC(=O)Nc1nc(C)c(C)s1,0
CCOc1ccc(C)cc1S(=O)(=O)Nc1cccnc1,0
CC1CCCC(C)N1C(=O)CSc1nc2ncnc(N)c2[nH]1,0
Cc1ccc2c(CSc3nnc(C4CC4)n3N)cc(=O)oc2c1,0
O=C(CCCn1c(=S)[nH]c2ccccc2c1=O)N1CCCCC1,0
Cc1nc(NC(=O)C23CCC(C)(C(=O)O2)C3(C)C)sc1C,0
COc1ccc2oc(=O)c(-c3nc(C)cs3)cc2c1,0
CCCCNC(=O)c1cc(-c2ccc(F)cc2)on1,0
CCC(CC)c1nnc(NS(=O)(=O)Cc2ccccc2)s1,0
COC(=O)C(CCSC)NC(=O)Nc1ccc(C(C)C)cc1,0
Cc1ccc(C)n1C(Cc1ccccc1)C(=O)O,0
Cc1cc(C)c(C#N)c(SCC(=O)CC(=O)OC(C)C)n1,0
CSc1nc(-c2ccco2)nn1S(=O)(=O)c1ccc(C)cc1,0
c1csc(-c2nn3c(C4CCCCC4)nnc3s2)c1,0
CCN(CC)Cc1c[nH]c2ccccc12,0
Cc1cc(N2CCOCC2)nc(SCC(=O)c2ccc(Cl)cc2)n1,0
COc1cc(Cn2c(N)c(C#N)c3nc4ccccc4nc32)cc(OC)c1,0
Cc1ccc(C2CC(c3cccc(C)c3)N3NC=NC3=N2)cc1,0
COc1ccc2cc(C3(C)NC(=O)N(CC(=O)NCc4ccco4)C3=O)ccc2c1,0
CN(C(=O)c1cccc(C#N)c1)c1nnc(C2CCOC2)s1,0
Cc1noc(C)c1C(=O)NCc1cccs1,0
CCOC(=O)N1CCN(C(=O)C2CCCN(S(=O)(=O)c3cccnc3)C2)CC1,0
COC(=O)c1ccc(-c2nc(=O)c3c[nH]ccn2-3)cc1,0
CCSc1nc(=O)n(-c2ccccc2)c(C)c1C(C)=O,0
COC(=O)c1ccccc1NC(=O)CSc1nnc(Cc2ccc(Cl)cc2)o1,0
Nc1ccccc1SCc1cn2cccnc2n1,0
Cc1n[nH]c(N2CCN(c3ccccc3)CC2)nc1=O,0
O=C(Nc1ccc2oc(Cc3ccc(Cl)cc3)nc2c1)c1cccnc1,0
COc1ccc(OC)c(N(CC(=O)Nc2cccnc2)S(=O)(=O)c2ccc(OC)c(OC)c2)c1,0
COc1cccc(-n2nnc3c(=O)n(Cc4ccc(C)cc4)cnc32)c1,0
O=C(NCCc1c[nH]c2ccccc12)c1cccnc1,0
CC(=O)Nc1ccc2c(c1)nc(CCN1CCOCC1)n2C,0
CC1CCCN(CCCNC(=O)C2CC(=O)N(c3ccc(F)c(Cl)c3)C2)C1,0
Cc1cc(C)c2c(c1)NC(=O)C2(O)CC(=O)c1cccs1,0
Cc1ccc2cccc(S(=O)(=O)NC3CCS(=O)(=O)C3)c2n1,0
CN(C)C(=O)Nc1cnc2ccccc2c1,0
COc1ccc(S(=O)(=O)N2CCC(C(=O)N3CCCC3)CC2)cc1Cl,0
O=S(NC1CCCCC1)C12CC3CC(CC(C3)C1)C2,0
CCOC(=O)COc1ccc(S(=O)(=O)NCc2cccnc2)cc1,0
O=C(Nc1ccc2c(c1)ncn2C1CCCCC1)c1ccco1,0
C=CCNc1ncnc2c1cnn2-c1ccc(OC)cc1,0
N#Cc1ccc(OCC(=O)N2CCN(S(=O)(=O)c3cccs3)CC2)cc1,0
COc1ccccc1/C=C/CN1CCOCC1,0
Cc1c(C2CC(=O)N(c3ccccc3)C2=O)[nH]n(-c2ccccc2)c1=O,0
O=C(O)c1ccccc1Nc1cccc(C(F)(F)F)c1,0
O=C(NCc1cccnc1)c1cc(S(=O)(=O)N2CCCCC2)ccc1Cl,0
Cc1cccc(NCC(O)Cn2cnc3c2c(=O)n(C)c(=O)n3C)c1,0
COc1ccc(NC(=O)C(CC(C)C)NC(=O)c2ccccc2C)cn1,0
COc1cccc2c(=O)c(C(=O)NCc3cccs3)c[nH]c12,0
Cc1ccc(-c2nn(C)c(=O)c3ccccc23)cc1S(=O)(=O)NCCO,0
O=C(NCc1cccnc1)c1cccc(S(=O)(=O)N2CCOCC2)c1,0
CCC(C)NC(=O)C1CCN(C(=O)N(C)C)CC1,0
CC(=O)Nc1cccc(OCC(=O)NS(=O)(=O)c2ccc(Cl)cc2)c1,0
CC(=O)Nc1ccc(Nc2ncnc3c2cnn3-c2ccccc2)cc1,0
COc1cc(C(N)=O)ccc1OCc1ccccc1,0
CN1C(=O)C(=CNCCCNC2CCCCC2)C(=O)N(C)C1=O,0
Cc1cc2c(cc1C)NC(c1ccccn1)C1=C(CC(C)(C)CC1=O)N2,0
CC(=O)c1sc2nc(SCC(=O)N3CCCCC3)[nH]c(=O)c2c1C,0
Fc1ccccc1N1CCN(Cc2nc(-c3ccccc3)no2)CC1,0
Cc1ccc(OCC(=O)Nc2cc(-c3nn4c(C)nnc4s3)ccc2C)cc1,0
COc1ccc(OC)c(Nc2nc(N)nc(-c3cc4ccccc4o3)n2)c1,0
Cc1ccc(OCCN2CCN(C(=O)CCC(=O)Nc3nnc(C)s3)CC2)cc1,0
O=C(NCc1ccc(Cl)cc1)c1cc(-c2cccs2)on1,0
CC(=O)Nc1cccc(OC(=O)N2CCOCC2)c1,0
C(=N/n1cncn1)\c1ccc(N2CCOCC2)cc1,0
CC1CC(=O)N(CC(=O)NCc2ccco2)c2ccccc2S1,0
COc1ccc(C(=O)NCCNC(C)=O)cc1S(=O)(=O)NCc1ccc(Cl)cc1,0
CCCCNC(=O)c1nnn(-c2ccccc2)c1N,0
Cc1cccc(OCc2nnc(SCC(=O)N(C(C)C)C(C)C)n2Cc2ccco2)c1C,0
COc1ccc(CN(Cc2cc3cccc(C)c3[nH]c2=O)C(=O)N(C)C)cc1,0
CCOC(=O)C1=C(C)NC(C)=C(C(=O)OCC)C1c1ccc(O)cc1,0
O=C(NCc1nc(-c2ccccc2)no1)c1cccs1,0
CC(=O)NCCc1cc2cc(C)c(C)cc2[nH]c1=O,0
Cc1cc(C)n(C(=O)CNc2cccc(Cl)c2C)n1,0
O=C(CCS(=O)(=O)Cc1ccccc1)NC1CCCCC1,0
COc1cc(NC(=O)C2CCC(CNc3c(N4CCCCC4)c(=O)c3=O)CC2)cc(OC)c1,0
O=C(CN1CCOCC1)NCc1ccccc1,0
O=C(COc1ccc2c(c1)OCO2)Nc1ccc2c(c1)oc1ccccc12,0
CCOc1ccc(N(CC(=O)Nc2ccc(OC)cc2)S(C)(=O)=O)cc1,0
CNc1oc(-c2ccc(OCc3ccccc3)cc2)nc1C#N,0
CCOC(=O)CNC(=O)c1c(C)nn(-c2ccccc2)c1Cl,0
Cn1nnc2cc(C(=O)NCCC3=CCCCC3)ccc21,0
O=C(c1ccncc1)N(Cc1ccccc1)Cc1nc(=O)c2ccccc2[nH]1,0
O=S(=O)(c1ccc2c(c1)OCCO2)N1CCC(c2nc3ccccc3[nH]2)CC1,0
CC(C(N)=O)N1CC(c2ccccc2)CC1=O,0
COc1ccc(Cl)cc1NS(=O)(=O)c1ccc(NC(C)=O)cc1,0
CCOc1ccccc1NC(=O)CN(c1ccc(C)cc1)S(=O)(=O)c1c(C)n[nH]c1C,0
COC(=O)c1ccccc1NC(=O)c1ccc(COc2ccccc2)o1,0
N#Cc1nc(-c2cccs2)oc1N1CCOCC1,0
CCOc1ccc2c(c1)N(C(=O)CN1C(=O)CCC1=O)C(C)(C)C=C2C,0
Cc1cccc2cc3c(N)c(C(=O)N4CCOCC4)sc3nc12,0
COc1ccc(Cn2c(=O)c3c(nc(NCCO)n3C)n(C)c2=O)cc1,0
CCN(CC)C(=O)CSc1nc2sc(C)c(C)c2c(=O)[nH]1,0
Cc1ccc(-c2csc3nnc(SCC(=O)Nc4nsc(-c5ccccc5)n4)n23)cc1,0
Cc1noc(NS(=O)(=O)c2ccc(N/C=C/C(=O)c3cccnc3)cc2)c1C,0
CCN(CC)c1ccc(NC(=O)c2ccco2)cc1,0
COC(=O)c1sc(NC(=O)c2csc3c2CCCC3)nc1C,0
CC/N=C1\SC(C(=O)Nc2cccc(OCC)c2)CC(=O)N1CC,0
O=C(O)c1cc(NCc2cccs2)ccc1N1CCOCC1,0
Cc1ccc2cc(C#N)c(NCc3ccco3)nc2c1,0
CCn1c(NCc2cc(OC)ccc2OC)nc2ccccc21,0
CCOC(=O)N1CCC(Nc2ncnc3c2cnn3-c2ccccc2)CC1,0
O=C1C2C3C=CC(C3)C2C(=O)N1c1ccc(-c2nc3ccccc3o2)cc1,0
Clc1ccccc1CSc1ncccn1,0
Cc1cc(C)n(-c2ccc(C(=O)N3CCc4ccccc43)cc2)n1,0
CCOCC(=O)Nc1cccc(NC(C)=O)c1,0
C=CCn1c(CNC(=O)CCC)nc2ccccc21,0
COc1cccc(OCc2nc3ccccc3c(=O)n2N)c1,0
C=CCNc1nc2c(c(=O)n(C)c(=O)n2C)n1CC(=C)C,0
COc1ccccc1-c1cn(S(=O)(=O)c2ccc(C)cc2)nc1N,0
N#CC1=C(SCc2ccccc2Cl)NC(=O)C(C(N)=O)C1,0
CCSc1nnc(NC(=O)C2(C)Cc3ccccc3C(=O)O2)s1,0
Nn1c(SC/C=C/c2ccccc2)nnc1-c1cccnc1,0
CCOC(=O)c1c(C)nn(Cc2cccc(Cl)c2)c1N,0
Cn1c(=O)[nH]c(=O)c2c1nc(NC1CCCCC1)n2CCO,0
Cc1sc2nc3ccc(N4CCCCC4)nn3c(=O)c2c1C,0
c1cn(CCCNc2ncnc3nc[nH]c23)cn1,1
Cc1ccc(-n2c(SCC(=O)NCC3CCCO3)nnc2-c2ccoc2C)cc1,0
CCOC(=O)C1CCCN(C(=O)c2cc(-c3ccc(C)cc3)on2)C1,0
CCn1c(SCC(=O)NCc2ccco2)nc2c(c1=O)SC(C)C2,0
Cc1cc(NC(=O)c2ccc(COc3ccc(Cl)c(C)c3)o2)no1,0
COc1cccc(-c2nc(-c3ccccn3)no2)c1OC,0
CCC(C)NC(=O)C1CCN(S(=O)(=O)CC)CC1,0
COc1ccc(NC(=O)NC(CCSC)C(=O)O)cc1Cl,0
COC(=O)c1sccc1NC(=O)c1ccco1,0
C/C(=C(\C#N)C(=O)NC1CCCCC1)N(C)C,0
CC(=O)Nc1cccc(N2C(=O)CC(Cc3ccccc3)C2=O)c1,0
CC(=O)C1=C(C)NC(=O)NC1c1ccc(OC2CCCC2)cc1,0
COc1ccc(CCn2c(=N)c(C(=O)NCc3ccco3)cc3c(=O)n4cccc(C)c4nc32)cc1,0
COCCNC(=O)CN(c1ccccc1OC)S(C)(=O)=O,0
Fc1ccccc1Cn1nnc2c(NCCc3ccccn3)ncnc21,0
CNC(=O)CCC(=O)Nc1ccc(C(=O)OC)cc1,0
Cc1n[nH]c(SCC(=O)NCCc2ccccc2)nc1=O,0
CN(C)c1nc(N)nc(/C(C#N)=C/C2CC3C=CC2C3)n1,0
COc1ccc(CCN(C)Cc2ccncc2)cc1OC,0
Cc1cccc(N2CCN(S(=O)(=O)c3ccc4c(c3)CCC(=O)N4)CC2C)c1,0
Cn1c2c(c(=O)n(C)c1=O)CN(CCN1CCNCC1)CN2,0
CCc1ccc2[nH]c(=O)c(CN(Cc3ccco3)S(=O)(=O)c3ccc4c(c3)OCCO4)cc2c1,0
CC(C)C(C(=O)Nc1ccc2c(c1)OCO2)N1C(=O)c2ccccc2C1=O,0
Cc1cccc(NC(=O)c2cccnc2)c1,0
CCOC(=O)c1cccc(Nc2nc(C)cc(C)n2)c1,0
N#CC(C(=O)Nc1ccccc1)=C1CCCCC1,0
COc1cc2[nH]c(=S)n(C3CCCC3)c(=O)c2cc1OC,0
Cc1nc2ccccc2c(=O)n1/N=C/c1ccncc1,0
Cc1ccnc(NC(=O)Nc2ccc(F)cc2)c1,0
CC1S/C(=C(\C#N)C(=O)NCc2ccco2)N(Cc2ccco2)C1=O,0
O=C(NCc1cccnc1)c1noc2c1CCCC2,0
COc1ccccc1NC(=O)CSc1nc2ccccc2c(=O)n1CCNC(C)=O,0
COc1ccccc1Nc1nc(N)nc(CSCCO)n1,0
COc1ccc(-c2nnc(SC(C)C#N)o2)cc1,0
CS(=O)(=O)N1CCCC(C(=O)N2CCOCC2)C1,0
COc1ccc2[nH]c(=O)c(CN(CC3CCCO3)C(=O)Nc3ccccc3OC)cc2c1,0
O=C(CCCNS(=O)(=O)c1cccc2nsnc12)NCc1ccc(F)cc1,0
O=C(COc1ccccc1)NC(Cc1c[nH]c2ccccc12)C(=O)O,0
COc1ccc(-c2cc(C(F)(F)F)n3nc(C)cc3n2)cc1,0
c1ccc(CNc2ncnc3c2cnn3-c2ccccc2)cc1,0
Cc1cc(C(=O)OCC(=O)N2CCN(c3ccccc3)CC2)c2ccccc2n1,0
COc1ccc(NC(=O)CSc2nc(=O)c3c([nH]2)CCC3)cc1OC,0
CCOC(=O)c1[nH]c(C)c(C(=O)Nc2ccc(C)c(Cl)c2)c1C,0
O=C(Nc1ccon1)c1cc2c(s1)CCCCCC2,0
Cc1ccccc1N1C(=O)C(Cl)=C(N2CCN(c3ccccc3)CC2)C1=O,0
COC(=O)c1ccc(NC(=O)c2ccc3c(c2)OCO3)cc1,0
CC(=O)C1=C(C)N=C2N=CNN2C1c1ccc(Cl)cc1,0
Cn1c(=O)oc2cc(S(=O)(=O)NC3CCCCCCC3)ccc21,0
COCc1cc(=O)nc(Nc2nc(C)c3ccc(C)cc3n2)[nH]1,0
Cc1nc(SCC(=O)N2CCN(C(=O)c3ccco3)CC2)c2c(C)c(C)sc2n1,0
Cc1cccn2cc(CNC(=O)c3ccco3)nc12,0
Cn1nccc1C(=O)OCC(=O)Nc1nc(-c2ccccc2)cs1,0
Cc1ccc2cc(CN(Cc3nnnn3Cc3ccco3)CC3CCCO3)c(=O)[nH]c2c1C,0
N#CC12C(N)=NC3(OCCO3)C1(C#N)C1=C(CCC1)NC2c1ccccc1,0
C=CCn1c(COc2cccc3cccnc23)nnc1SCC(=O)O,0
Cc1cc(C(=O)Nc2nc3c(s2)CCCC3)no1,0
CCSc1nnc(NC(=O)C(CC)Oc2ccccc2)s1,0
COc1cc2c(cc1OC)CN(Cc1nc(=O)c3sccc3[nH]1)CC2,0
CC(NC(=O)c1ccc(S(=O)(=O)N(C)C)cc1)c1ccccc1,0
O=C(O)CCN1C(=O)c2ccc(NC(=O)c3cccs3)cc2C1=O,0
COc1ccc(CNC(=O)c2ccc(CN3CCOCC3)cc2)cc1,0
COc1ccc(OC)c(C2N(c3cc(C)on3)C(=O)C3CCCN32)c1,0
CC(=O)Cn1c(C(F)(F)F)nc2ccccc21,0
NC(=O)c1cc2ccc(=O)cc-2oc1NCc1ccccc1,0
N#Cc1c(N2CCOCC2)nc(-c2ccco2)c2c1CCCC2,0
CC(=O)c1c(C)cc(C)c(CSc2nc(=O)cc(C)[nH]2)c1C,0
O=C(CCn1c(=O)c2sccc2n(CC(=O)OCc2ccccc2)c1=O)NCc1ccco1,0
Cc1ccc(CNC(=O)c2cccc(-n3cnnn3)c2)cc1,0
CCc1ccc2oc(-c3cc(N)ccc3Cl)nc2c1,0
Cc1onc(-c2ccccc2)c1C(=O)Nc1c(C)n(C)n(-c2ccccc2)c1=O,0
NC(=O)C1CCCN(C(=O)Nc2cccc3ccccc23)C1,0
CCOC(=O)C1=C(C)NC(=O)NC1c1ccc(F)cc1,0
CSCCC(NC(=O)NCCC1=CCCCC1)C(=O)O,0
COCC(=O)Nc1nnc(COc2ccccc2)s1,0
Cc1cc(C)nc(N(C#N)CC(=O)N(c2ccccc2)C(C)C)n1,0
Cc1cc(=O)n2[nH]c(-c3ccc(F)cc3)nc2n1,0
CCS(=O)(=O)c1ccc2oc(Nc3ccccc3C)nc2c1,0
CC(C(=O)N1CCCCC1)N1C(=O)c2ccccc2C1=O,0
COc1ccc(C)cc1NC(=O)C1CCCN1C(=O)OCc1ccccc1,0
Cc1cc(Nc2cc(C)on2)n2ncnc2n1,0
CCOC(=O)N1CCC(=C2c3ccc(Cl)cc3CCc3cccnc32)CC1,0
Nc1nc(NC(=O)c2cccnc2)nn1-c1ccccc1,0
Cn1cccc1-c1cc(C(=O)O)[nH]n1,0
C=CCSc1nc(=O)c(-c2ccccc2NC(=O)CC)n[nH]1,0
CC(=O)NC1C(=O)N=C(SCC(=O)NCc2ccccc2)NC1=O,0
O=C(c1ccc2nc(N3CCOCC3)sc2c1)N1CCCC1,0
c1ncn(CCOCCOc2ccc3c(c2)CCC3)n1,0
COC(=O)CSc1nc2cc(OC)ccc2cc1C#N,0
c1ccc(-n2ncc3c(NCc4ccco4)ncnc32)cc1,0
C#CCSc1nc(-c2cccs2)ccc1C#N,0
COc1cccc(-c2nnc(SCC(=O)Nc3cc(C)on3)o2)c1,0
Cc1cc(Nc2cc(C(=O)O)ccc2C)n2ncnc2n1,0
CC(=O)Nc1ccc2nc(SCC(=O)O)sc2c1,0
CCCc1cc(=O)nc(SCC(=O)Nc2nonc2N)[nH]1,0
Cn1nc(C(=O)NC2CCCCCC2)ccc1=O,0
CC(SCc1ccccc1)C(=O)NC1CCCC1,0
CCCc1ccc2c(N)c(C#N)sc2n1,0
CCC1CCCCN1C(=O)CSc1nc(=O)c(NC(=O)c2ccc(OC)c(OC)c2)c(N)[nH]1,0
CC(=O)Nc1ccc(NC(=O)CN(C)CCC#N)cc1,0
O=C(CSc1ccc(Cl)cc1)OCc1nnc(-c2ccccc2)o1,0
O=C(CCCc1nc(-c2ccc(Cl)cc2)no1)N1CCOCC1,0
COc1ccc(N(CC(=O)Nc2cc(OC)ccc2OC)S(C)(=O)=O)cc1,0
O=C(Nc1ccc(Cl)cc1)C1CCCN(S(=O)(=O)c2cnc[nH]2)C1,0
Cc1nnc(SCC(=O)N(C(C)C)C(C)C)nc1C,0
CC1=C(C(=O)N2CCCCC2)C(c2cccs2)NC(=O)N1,0
O=C(NCCOC(=O)c1cccs1)c1cccnc1,0
Cc1cc(-c2ccccc2)n2ncc(C#N)c2n1,0
O=C(Nc1cccnc1)c1ccc(Cl)c(S(=O)(=O)N2CCCCCC2)c1,0
O=C(c1ccccc1F)N1CCC(N2CCCCCC2)CC1,0
COc1cc(-c2nc(N)n[nH]2)cc(OC)c1OC,0
CCOc1ccc(C(=O)Nc2nnc(C)s2)cc1OCC,0
CN1Cc2cc(C(=O)c3cc(Cl)cc(CSc4ncccn4)c3O)cnc2NC1=O,0
O=c1c2c(nc3nc(COc4ccccc4)[nH]n13)CCC2,0
CC1=Nn2c(nnc2-c2n[nH]c3c2CCC3)SC1,0
CC(=O)Oc1ccc2cc(-c3nc4ccccc4n3C)c(=O)oc2c1,0
COc1ccc(C(=O)Nc2nccs2)cc1OC,0
C=CCNC(=O)c1scc2c1CCCC2,0
O=C(Nc1cc(C(F)(F)F)ccc1N1CCCCC1)c1ccco1,0
O=C(NC1CCCCC1)C1CCCN(S(=O)(=O)c2cnc[nH]2)C1,0
Cc1cc(NC(=O)CSc2nnc(-c3ccco3)o2)no1,0
CCCCNC(=O)CS(=O)Cc1nc(-c2ccc(C)cc2)oc1C,0
Cc1oc2c(CN3CCOCC3)c(O)ccc2c(=O)c1-c1ccccc1,0
Cc1ccc(-c2csc(=S)n2CC(=O)OCC(=O)NCc2ccco2)cc1,0
Cc1nc2sc(C(c3ccccc3)N3CCN(CCO)CC3)c(O)n2n1,0
Cc1cc(-n2c(C)cc(C(=O)CSc3nnnn3-c3ccc(Cl)cc3)c2C)no1,0
Cc1noc(C)c1C(=O)NCCCc1ccccc1,0
Cc1nc(N2CCN(Cc3ccccc3)CC2)c(C#N)c2c1COC(C)(C)C2,0
COc1ccc(NC(=O)CN2CCN(CC(=O)Nc3ccc4c(c3)OCO4)CC2)cc1,0
COc1cccc(N2CCN(S(=O)(=O)c3ccc4nc(-c5ccccc5)[nH]c4c3)CC2)c1,0
Cc1cccc2cc(COC(=O)C3CCCCC3)c(=O)[nH]c12,0
CCCOC(=O)Nc1ccccc1C(N)=O,0
O=C(Nc1nc2ccccc2s1)C1CCCN1S(=O)(=O)c1ccc(Cl)cc1,0
CCOc1ccc(-c2nnc(-c3snc(-c4ccc(F)cc4)c3/N=C/N(C)C)o2)cc1,0
Cc1onc(-c2ccccc2Cl)c1C(=O)NCc1ccco1,0
CC(=O)c1cccc(-n2nnnc2SCC(=O)N2CCCC2)c1,0
CCOc1cc(-c2noc(-c3cccnc3)n2)ccc1OC,0
CCOC(=O)CNC(=O)CSc1nc2cccnc2n1Cc1ccccc1,0
COc1ccc(-c2nnn(CC(=O)c3c[nH]c4ccccc34)n2)cc1OC,0
Fc1ccccc1N1CCN(Cc2c(F)cccc2F)CC1,0
Cc1ccc(Cn2ccc(NC(=O)c3noc4c3CCCC4)n2)cc1,0
COc1ccc(OC)c2sc(NC(=O)C3=COCCO3)nc12,0
Cc1csc(NC(=O)CSc2nnc(-c3ccccn3)n2-c2ccc(C)c(C)c2)n1,0
NC(=O)C1CCN(C(=O)c2ccc(C(F)(F)F)cc2)CC1,0
Cc1nc(SCC(=O)Nc2ccnc3ccccc23)n[nH]1,0
CCn1nc(C(=O)OCC(=O)c2cc(C)n(Cc3cccs3)c2C)c2ccccc2c1=O,0
Cc1ccc2c(c1)CCCN2C(=O)C1CCCO1,0
CCCc1ncc(C(O)c2ccc(OC)cc2)n1C,0
Cc1ccc(N2C(=O)c3oc4ccccc4c(=O)c3C2c2cccnc2)nc1,0
CCOC(=O)Cc1cnc(NC(=O)Cn2nnc(-c3ccc(OCC)cc3)n2)s1,0
CCOc1ccc(-c2nnc(N)o2)cc1,0
CC(C)C(C)(C#N)NC(=O)CSc1nc2scc(-c3ccco3)c2c(=O)n1-c1ccccc1,0
COc1ccc(-n2c(SCC(=O)NCc3cccs3)nnc2-c2ccoc2C)cc1,0
CCOC(=O)c1ccc(NC(=O)CSCc2ccco2)cc1,0
COC(=O)c1ccccc1NC(=O)NCc1ccccn1,0
CCOC(=O)c1ccc(NC(=O)CSc2nc(=O)cc(C)[nH]2)cc1,0
COc1ccc(Cl)cc1C(=O)Nc1ccc(NC(=O)c2ccco2)cc1,0
COc1ccc(NC(=O)CSc2nncs2)cc1OC,0
O=C(Nc1ccncc1)c1c(F)cccc1F,1
N#Cc1cc2c(nc1SCC(=O)Nc1nccs1)CCCCC2,0
Cc1cc(C)c(C(=O)CSc2n[nH]c(=O)n2C2CC2)cc1C,0
Cc1cc(NC(=O)c2cc3ccccc3o2)cc(C)c1OCC(=O)N1CCOCC1,0
CS(=O)(=O)N1CCCC(C(=O)NC2CCCCCCC2)C1,0
COc1ccc(C2CC(=O)C3=C(C2)NC(C)=C(C#N)C3c2ccc(N(C)C)cc2)cc1,0
CC(=O)NC(Cc1ccc(C)cc1)C(=O)NC1CCN(C(=O)c2cnccn2)CC1,0
O=C(CSc1ncn[nH]1)Nc1nc(-c2ccccc2)ns1,0
COc1ccc(CNc2nc(SC)n[nH]2)cc1OC,0
c1ccc(-c2ccc(OCCCn3cncn3)cc2)cc1,0
O=C(CC1Oc2ccccc2NC1=O)NCc1ccccc1,0
CC1(C)C(c2cccs2)=NC(c2ccccc2)N1O,0
CN(C)S(=O)(=O)c1cccc(C(=O)N2CCc3ccccc32)c1,0
CCS(=O)(=O)N1CCCC(C(=O)NC2CCCCC2)C1,0
CC(C)COC(=O)c1nnsc1NC(=O)Nc1ccccc1,0
COc1ccc(C)cc1-n1nnnc1SCc1cn2ccsc2n1,0
O=C(Nc1ccc(C(=O)Oc2ccccc2)c(O)c1)c1ccco1,0
O=c1nc(SCCOc2ccccc2)[nH]c2ccccc12,0
COc1ccc(CNC(=O)CN2CCC(C(=O)c3ccc(OC)cc3)CC2)cc1,0
O=C(Nc1ccc2oc(-c3ccccc3)nc2c1)c1cccnc1,0
O=C(c1ccccc1Cl)N1CCN(c2ccccn2)CC1,0
Cc1ccc(CS(=O)(=O)CCC(=O)NCc2ccccn2)cc1,0
Cc1cc(C)n(-c2ccc(-n3ccnc3)nn2)n1,0
COC(=O)c1sc(N)c(C(=O)OC)c1COC(=O)C1CC(=O)N(Cc2ccco2)C1,0
Cc1cccc(NCc2ccccc2O)n1,0
COc1ccc(OC)c(S(=O)(=O)n2cnc3cc(C)c(C)cc32)c1,0
CCOC(=O)C1=C(C)NC(=O)NC1c1ccccc1Cl,0
O=C(CNc1ccccc1)Nc1ccc(F)cc1,0
COc1ccc(Nc2cc(C(=O)NCCCN3CCN(C)CC3)c3ccccc3n2)cc1,0
O=C(Cc1c[nH]c2ccccc12)Nc1nccs1,0
COc1ccc2c(c1)C1(Nc3ccccc3C(=O)N1c1ccccc1)C(=O)N2,0
O=C(CCn1nc(-c2ccccc2)ccc1=O)N1CCCC1,0
COC(=O)Nc1ccc(C)cc1NC(=O)OC,0
CCOc1ccc(C(C)=O)cc1COc1ccc(-n2cnnn2)cc1,0
Cc1ccc2c(c1)nnn2C1CCN(C(=O)C2CCCCC2)CC1,0
CC(=O)Nc1ccc(N2CCN(C(=O)c3cccs3)CC2)cc1,0
CC1CCc2c(nc3ncnn3c2N2CC(C)OC(C)C2)C1,0
CCOC(=O)CSc1nnc(-c2cccnc2)n1Cc1ccccc1,0
CC(=O)c1ccc(NC(=O)NC(Cc2ccccc2)C(=O)O)cc1,0
CSc1ccccc1NC(=O)Cn1c(-c2cscn2)nc2ccccc21,0
CSCCC(NC(=O)c1ccc(=O)n(C)n1)c1nc2ccccc2[nH]1,0
CCOc1ccccc1N1CCN(CC(=O)Nc2nnc(CC)s2)CC1,0
O=C(CSc1nc(C2CCCCC2)n(-c2ccccc2)n1)NCCN1C(=O)CSC1=O,0
O=C(NCCc1cn2ccccc2n1)c1ccccc1F,0
Cc1ccc(S(=O)(=O)N2CCOCC2)cc1C(=O)O,0
COc1ccc(C(=O)CSc2nnc(-c3ccoc3C)n2CC2CCCO2)cc1,0
O=C(c1cnsn1)N1CCN(c2ccccn2)CC1,0
O=C(Cn1c(C(=O)N2CCN(C3CCCC3)CC2)cc2sccc21)c1ccccc1,0
Cc1cc(C)cc(C(=O)N2CCC(C(N)=O)CC2)c1,0
O=C(CSc1nnc2ccccn12)Nc1ccccc1C(=O)NC1CC1,0
N#Cc1cn(CCOc2ccccc2F)c2ccccc12,0
Cc1nc2[nH]onc2c2nccc(=O)c12,0
O=C(O)c1cc(S(=O)(=O)N2CCCCCC2)ccc1Cl,0
CCCCn1c(CN2CCN(CCO)CC2)nc2ccccc21,0
COc1nnc(-c2ccc(C)c(S(=O)(=O)NCCO)c2)c2ccccc12,0
CCOc1ccc(CCNc2nc3c(c(=O)n(C)c(=O)n3C)n2CC)cc1OCC,0
COc1cc(N2C(=O)c3ccccc3C2=O)c(Cl)cc1C(=O)OCC(=O)NCc1ccco1,0
CCn1nc(NC(=O)c2cccnc2)c2cc3cccc(C)c3nc21,0
O=C1C=CC=C/C1=C1/C=C(C(F)(F)C(F)F)NCCN1,0
COc1ccc(OC)c(S(=O)(=O)N(C)CC(=O)Nc2cc(Cl)ccc2OC)c1,0
CCC(Sc1nc(=O)cc(C)[nH]1)C(=O)Nc1ccc(Cl)cn1,0
Cn1c(=O)c2cnc(N3CCOCC3)nc2n(C)c1=O,0
CCc1ccc(NC(=O)CNS(=O)(=O)c2c(C)noc2C)cc1,0
O=C1COc2ccccc2N1Cc1ccccc1Cl,0
CCn1c(COc2ccc(C)cc2)nnc1SCC(=O)C(C)(C)C,0
CCOC(=O)C1CCN(c2ncnc3c2oc2ccc(Cl)cc23)CC1,0
Cn1c(=O)c2c(SCC(=O)N3CCN(c4ccccc4)CC3)nc(C3CC3)nc2n(C)c1=O,0
CCOC(=O)N1CCN(c2nc(C)c3c(n2)CCCC3=O)CC1,0
CCCc1cc(=O)nc(SCC(=O)N2CCN(c3ccc(F)cc3)CC2)[nH]1,0
CCc1nccn1S(=O)(=O)c1ccc(OC)c(OC)c1,0
Cc1ccc(NC(=O)COc2ccc3oc4c(c3c2)CCCC4)nc1,0
COc1ccc(C(=O)CSc2nnc(-c3cc(C)cc(C)c3)o2)cc1,0
CCn1c(SCC(=O)Nc2cccc(NC(=O)c3cccs3)c2)nnc1-c1ccncc1,1
CCOC(=O)NCc1ccc(CNC(=O)OCC)cc1,0
O=C(Nc1nnc(-c2ccco2)s1)c1ccccc1,0
CCOC(=O)N1CCC(NC(=O)c2cc3c(-c4ccc(OC)c(OC)c4)nn(C)c3s2)CC1,0
Cn1c(C(=O)OC(C(=O)NC2CCCC2)c2ccncc2)cc2sccc21,0
COc1ccc(Oc2c(C)oc3cc(OC(=O)N4CCOCC4)ccc3c2=O)cc1,0
CCOc1ccc(C2C(C#N)=C(N)Oc3cc(C)n(CCN(C)C)c(=O)c32)cc1OCC,0
CCOC(=O)C1CCN(C(=O)CCCCn2c(=O)[nH]c3ccccc3c2=O)CC1,0
CCOC(=O)CSc1ncnc2c1cnn2-c1ccccc1,0
Cc1ccc(S(=O)(=O)N(C)Cc2cc3ccccc3[nH]c2=O)cc1,0
Cc1ccc(C(=O)N(CN2CCCC2=O)c2ccccc2)cc1C,0
C=CCn1c(SCC(=O)OCc2ccccc2)nc2c1c(=O)n(C)c(=O)n2C,0
CCCN1CCN(c2ncnc3c2nnn3Cc2ccccc2)CC1,0
Cc1ccc(-n2nc(C)c3c(-c4cccs4)c(C#N)c(N)nc32)cc1,0
CC(Sc1nnc(Cn2c(=O)sc3ccccc32)n1C)c1ccccc1,0
Cc1cc(C(=O)N2CCN(c3cccc(Cl)c3)CC2)c(C)o1,0
O=C(Cn1c(-c2ccccc2)noc1=O)Nc1ccc(N2CCCCCC2)cc1,0
CC1=C(C(=O)OC(C)C)C(c2ccc(F)cc2)NC(=O)N1,0
COC(=O)CNC(=O)COC(=O)C(Cc1ccccc1)NC(=O)c1ccco1,0
Cc1noc(C)c1C(=O)N1CCC(Cc2ccccc2)CC1,0
CCOC(=O)COn1c(=O)c(=O)n(O)c2ccccc21,0
CCN(CC)S(=O)(=O)c1ccc(C(=O)OCCN2C(=O)CCC2=O)cc1,0
Cc1ccc(-c2nc(N)n(S(C)(=O)=O)n2)cc1,0
Cc1nnc(NC(=O)C2CCCN(c3ncccn3)C2)s1,0
COCCNC(=O)CN(Cc1ccc2c(c1)OCO2)C(=O)CCC(=O)Nc1nccs1,0
CC1=C(C(=O)OCC2CCCO2)C(c2ccncc2)C2=C(CC(C)(C)CC2=O)N1,0
CSC1=NCCN1C(=O)Cc1cccs1,0
CCOc1cc(C2CC(=O)N3CN(C4CCCCC4)CSC3=C2C#N)ccc1O,0
COc1cc(Nc2ccc(-c3ccccc3C)nn2)cc(OC)c1OC,0
CC(=O)CCc1c[nH]c2c(C(=O)O)cccc12,0
CC1=C(C(=O)OC2CCCCC2)C(c2ccco2)N2NC=NC2=N1,0
O=C(Nc1nccs1)C1CCCN(S(=O)(=O)c2cccc3cccnc23)C1,0
O=C1NC2(Nc3ccccc31)C(=O)Nc1ccccc12,0
O=C(Cc1ccccc1)n1nc(-c2ccccc2)nc1NCc1ccco1,0
O=C(N1CCOCC1)N1CCN(CC(O)COc2ccc3ccccc3c2)CC1,0
Cc1noc(C)c1CN1C(=O)NC2(CCc3ccccc3C2)C1=O,0
CC1(C)CC(=O)C(=CNCC2CCNCC2)C(=O)C1,0
CCOc1cc(CNc2ccccc2SC)ccc1O,0
CCOC(=O)Nc1cc(C(=O)OC)cc(C(=O)OC)c1,0
CCn1c(C)c(C(C)=O)c(N2CCC(C(N)=O)CC2)nc1=S,0
CC(=O)c1cccc(NC(=O)c2cc(-n3cnnc3)ccc2Cl)c1,0
COc1ccc(NC(C)=O)cc1NC(=O)CSc1nnc(-c2ccccn2)n1C,0
Cc1ccc2oc(C(=O)Nc3c(C)n(C)n(-c4ccccc4)c3=O)c(C)c2c1,0
CCc1cccc(NC(=O)NC2CCCCC2)c1,0
COc1ccc(Nc2nccc3c2nnn3C)cc1,0
Cn1c(N2CCN(C(=O)C34CC5CC(CC(C5)C3)C4)CC2)nc2ccccc21,0
CSc1c(CC(=O)NCCO)n(C)c2ccccc12,0
CCn1c(CNc2cccc(Cl)c2)nnc1SCc1ccccc1,0
CCC(C)NS(=O)(=O)c1ccc(NC(=O)c2c(-c3ccccc3)noc2C)cc1,0
COc1ccc2[nH]c(=O)c(CN(C(=O)c3ccncc3)C(C)(C)C)cc2c1,0
Cc1nn(-c2ccccc2)c(C)c1NC(=O)c1cccs1,0
CC(C)CC(=O)Nc1cccc(-c2cn3ccsc3n2)c1,0
CC(=O)c1cccc(NS(=O)(=O)N2CCCCC2)c1,0
COCCn1c(=N)c(C(=O)NCc2ccco2)cc2c(=O)n3ccccc3nc21,0
COc1ccc(CCn2c(-c3ccco3)nc3oc4ccccc4c(=O)c3c2=O)cc1,0
COc1ccc(-n2nnnc2SCC(=O)Nc2cccc(C)n2)cc1OC,0
CCOC(=O)Cc1nnc(NC(=O)Nc2ccccc2)s1,0
CC12CNCC(C)(CNC1)C2O,0
Cc1ccc(C)c(NC(=O)C2CC(O)CN2C(=O)OCc2ccccc2)c1,0
CCCCSc1nc(=O)c2c([nH]1)CCC2,0
N#CCn1nnc(-c2ccc3c(c2)OCO3)n1,0
COc1ccc(OCCN2C(=O)NC(C)(c3ccc(C)cc3)C2=O)cc1,0
O=S(=O)(c1ccc2c(c1)OCCCO2)N1CCNCC1,0
COCCSc1ccccc1C(=O)Nc1nnc(COC)s1,0
COc1ccccc1OC(=O)C1CC(=O)N(c2ccc(Cl)cc2)C1,0
C#CCOC(=O)CCCC(=O)Nc1ccccc1OC,0
CCCn1c(O)c(C(=O)Nc2ccc(OCC)cc2)c(=O)c2c1CCCC2,0
COC(=O)CC1=C(C(=O)OC)C2(C(=O)Nc3c(C)cccc32)C(C#N)=C(N)O1,0
COc1cc(NC(=O)C2CCCN2S(=O)(=O)c2cccc3cccnc23)cc(OC)c1OC,0
C=CCn1c(=O)/c(=C\c2ccsc2)s/c1=C(/C#N)C(=O)NCCN1CCOCC1,0
Cc1ccc(CNc2oc(COc3ccccc3Cl)nc2C#N)cc1,0
O=C(NCc1ccco1)c1ccc(OCC2CCCO2)cc1,0
CCOC(=O)c1c(C)n(C)c2ccc(O)c(CN3CCCCC3)c12,0
Cc1csc(SCCn2c(N3CCCC3)nc3c2c(=O)[nH]c(=O)n3C)n1,0
CCn1c(=O)cc(OCC(=O)N2CCN(Cc3ccc4c(c3)OCO4)CC2)c2ccccc21,0
CCSc1nnc(NC(=O)C2Cc3ccccc3CN2C(=O)c2ccco2)s1,0
CC(=O)n1nc2nc(C)cc(C)c2c1N,0
CC1CCN(C(=O)COC(=O)c2cc3ccccc3cc2O)CC1,0
O=S(=O)(/C=C/c1ccccc1)Nc1ccc(N2CCOCC2)cc1,0
CCCc1nc(N2CCN(C)CC2)c2sc(=S)n(-c3ccccc3)c2n1,0
O=S(=O)(NCc1ccco1)c1cccc2cccnc12,0
COc1ccc(Cc2nnc(NS(=O)(=O)Cc3ccccc3)s2)cc1,0
CC1CCN(S(=O)(=O)Cc2ccccc2Cl)CC1,0
Cc1cc(C)n2nc(C(=O)OCC(=O)Nc3ccc4c(c3)OCO4)nc2n1,0
CC1(C(=O)O)CCC(C(=O)N2CCOCC2)C1(C)C,0
O=C(O)C1CCCCC1C(=O)NCCc1cccc(Cl)c1,0
Oc1c(CN2CCc3ccccc3C2)cc(Cl)c2cccnc12,0
O=C(O)Cn1cc(C(=O)C2CC2)c2ccccc21,0
CCNC(=O)N1CCNC(=O)C1CC(=O)OC,0
CC(=O)Oc1ccc2occ(C(=O)c3cccs3)c2c1,0
CNC(=O)N(C1=NCC(C)S1)c1ccc(F)cc1F,0
CCOc1nc(-c2ccc(OC)cc2)ccc1-c1noc(C)n1,0
c1ccc2c(CCNC3=NCCC3)c[nH]c2c1,0
CCc1ccc(NC(=O)CSC2=C(C#N)C(c3ccco3)C3=C(CCCC3=O)N2)cc1,0
CCc1nnc(NC(=O)CSC2=NN/C(=C3\C=Nc4ccccc43)N2CC)s1,0
O=S(=O)(c1ccc(S(=O)(=O)N2CCN(C3CCCCC3)CC2)cc1)N1CCCCCC1,0
O=C(Nc1ccc2c(c1)oc1ccccc12)c1cccnc1,0
CCOC(=O)c1c(C)[nH]c(C(=O)OCC(=O)N2CCc3ccccc32)c1C,0
N#Cc1c2c(c(-c3ccccc3)[nH]c1=O)CCCC2,0
CCCCC1CCC(C(=O)NC2CCS(=O)(=O)C2)CC1,0
COc1cc(C(=O)Nc2nncs2)cc(OC)c1OC,0
CCCCCc1c(C)[nH]c(SCC(=O)O)nc1=O,0
Cc1cc(C)n(-c2nc3c(c(=O)[nH]c(=O)n3C)n2CC(O)COc2ccccc2C)n1,0
COCCn1c(SCC(=O)Nc2cc(C)cc(C)c2)nnc1C(C)C,0
COC(=O)Cc1cc(=O)n2[nH]c(C)nc2n1,0
Cn1c(=O)c2c(nc(NCCO)n2C)n(C)c1=O,0
Cc1cc(Cl)c(S(=O)(=O)Nc2ccon2)cc1OCC(=O)NC1CCCCC1,0
CCOC(=O)Nc1sc(NS(=O)(=O)c2ccccc2)nc1C,0
CCc1[nH]c(SC)nc(=O)c1C,0
CC(C)COC(=O)NCCCOC(=O)Nc1ccccc1,0
O=C(c1cc(-c2ccc(Cl)cc2Cl)on1)N1CCOCC1,0
COc1ccc(CNC2CC(=O)N(C)C2=O)cc1,0
Cc1cc(C(=O)Nc2c(C)n(C)n(-c3ccccc3)c2=O)c(C)o1,0
CCOC(=O)c1[nH]cnc1C(=O)Nc1ccccn1,0
Cc1n[nH]c(=O)nc1N1CCc2ccccc2C1,0
COCCSc1nnc(NC(=O)Cc2ccccc2OC)s1,0
CC(C)C(=O)Nc1ccc(N2CCN(S(C)(=O)=O)CC2)cc1,0
COc1ccc(NC(=O)C2CCN(c3nc(C)nc4c3CCC4)CC2)cc1,0
Cc1cc(=O)n2nc(N3CCCC3C(=O)NCCCN3CCCCC3)sc2n1,0
O=C(Nc1cccc(C(F)(F)F)c1)c1ccco1,0
Cc1cn(C2C=CC(CO)O2)c(=O)[nH]c1=O,0
C=CCOC(=O)C1=C(C)OC(N)=C(C#N)C1c1ccc2c(c1)OCO2,0
CC1(C)CC(=O)N(CC(=O)NCc2ccc(F)cc2)c2ccccc2S1(=O)=O,0
Cc1cccc(S(=O)(=O)NCCC(=O)OC(C)C(=O)NC(=O)NC2CCCCC2)c1,0
O=C(NCc1ccc2c(c1)OCO2)c1cc2c(s1)CS(=O)(=O)C2,0
O=C(O)C1CCC(=O)N1C1CCCC1,0
COCC(=O)NCCc1nc2ccccc2[nH]1,0
Cn1c(CCc2ccccc2)nnc1SCC(=O)N1CCCC1,0
CCOC(=O)c1cnc(SCc2ccccc2)nc1N,0
COC(=O)c1ccc(N2C(=O)CC(NCc3ccccc3)C2=O)cc1,0
O=C(NCCN1C(=O)C2C3C=CC(C3)C2C1=O)N1CCCCC1,0
Cc1nnc(SCC(=O)n2c3c(c4ccccc42)CCCC3)s1,0
NC(=O)c1ccccc1NC(=O)CCc1ccccc1,0
Cn1cccc1C(C(=O)NC1CCCCC1)N(C(=O)Cc1cccs1)C1CC1,0
COc1ccc(S(=O)(=O)Nc2nncs2)cc1,0
O=c1c2cnn(-c3ccccc3)c2ncn1/N=C/c1ccncc1,0
COc1cccc(C(=O)Nc2c(C(N)=O)oc3ccccc23)c1,0
CC(=O)C(C(C)=O)=C(N)N1CCN(C(c2ccccc2)c2ccccc2)CC1,0
O=c1nc(N2CCc3ccccc3C2)[nH]c2c1CCC2,0
CCC(C)C(NC(=O)C1CCC(C)CC1)C(=O)NC(C(=O)OC)C(C)C,0
COc1ccccc1N1CCN(C(=O)CCNS(=O)(=O)c2ccc3c(c2)CCC(=O)N3)CC1,0
COc1ccc(NC(=O)c2cc(C(C)C)on2)cc1OC,0
CCOC(=O)C1CCN(S(=O)(=O)c2ccc3c4c(cccc24)C(=O)N3)CC1,0
CC1=CCC(C(C)(C)NC(=O)c2ccccc2)C/C1=N\O,0
Cc1cc(C)n2nc(C(=O)Nc3cccnc3)nc2n1,0
Cc1ccccc1Cn1c(=O)[nH]c2ccccc21,0
COC(=O)c1ccc2c(c1)NC(=O)C1CCCN21,0
Cc1nn(-c2ccccc2)c(Cl)c1C(=O)NCC(=O)O,0
Cc1cccc(Cn2c(CN3CCN(Cc4ccccc4)CC3)nc3c2c(=O)[nH]c(=O)n3C)c1,0
CC1CCN(C(=O)Cn2cc3c(n2)CCCC3)CC1,0
O=C(O)CSc1nnc(Cn2cnc3ccccc32)n1CCc1ccccc1,0
CCN(CC)C(=O)c1cncc(C(=O)N(CC)CC)c1-c1ccccc1,0
O=c1ccccn1Cc1ccccc1F,0
CN1CCN(/C=N/c2c(C#N)cnn2-c2ccccc2)CC1,0
CCn1c(=O)n(CC)c2cc(S(N)(=O)=O)c(C)cc21,0
Cc1ccc(CNC(=O)C2CC(=O)OC23CCCC3)c(C)c1,0
CCc1cc(C(=O)Nc2ccccc2)cs1,0
CCc1cc2c(NC(C(=O)O)C(C)C)ncnc2s1,0
CC(=O)Nc1ccc(S(=O)(=O)N2CCC(NC(=O)c3ccco3)CC2)cc1,0
CCOC(=O)N1CCC(NC(=O)c2cc3c(C)nc4ccccc4c3o2)CC1,0
CCCn1c(O)c(C(=O)Nc2nnc(CC)s2)c(=O)c2ccccc21,0
N#Cc1c(NC(=O)Cn2cnc3ccccc3c2=O)oc(-c2ccccc2)c1-c1ccccc1,0
Cc1cccc(CSC2=NCCN2C(=O)c2ccco2)c1,0
Cc1sc2ncnc(SCC#N)c2c1C,0
CC1(C)Cc2ccccc2-c2nc(NCCO)n(-c3ccccc3)c(=O)c21,0
O=C(NCc1ccccn1)c1ccc2ccccc2n1,0
O=C(O)Cn1c(C(F)(F)F)nc2ccccc21,0
COc1ccc2cc3c(N)c(C(=O)N4CCCC4)sc3nc2c1,0
COc1ccc(Cl)cc1S(=O)(=O)Nc1cccc(C(=O)O)c1,0
CCCCn1nnc(NC(=O)c2ccc(-c3ccccc3)cc2)n1,0
CSc1ccc(C(=S)N2CCN(CCO)CC2)cc1,0
O=C(NC12CC3CC(CC(C3)C1)C2)N1CCC(O)CC1,0
Cc1c(C(=O)OC2CCCC2)[nH]c2c1C(=O)CC(c1ccco1)C2,0
CCn1c2ccccc2c2nnc(SCC(=O)N3CC(C)OC(C)C3)nc21,0
COc1ccc(NC(=O)CS(=O)CC(=O)Nc2cc(Cl)ccc2OC)cc1,0
Cc1cc(C)nc(N(C#N)CN2C(=O)c3ccccc3S2(=O)=O)n1,0
Cc1ccc(Nc2nnns2)cc1C,0
COc1ccc(CNC(=O)Cn2cnc3c(=O)n(C)c(=O)n(C)c32)cc1,0
CCn1c(CCNC(=O)c2cccs2)nnc1SCC(=O)c1ccc(OC)cc1,0
Cc1cc(=O)nc(Nc2c(C)n(C)n(-c3ccccc3)c2=O)[nH]1,0
CN1CCN(C(=O)c2cc(-c3cccc(Cl)c3)on2)CC1,0
CCOC(=O)N1CCN(c2c(NCCN(C)Cc3ccccc3)c(=O)c2=O)CC1,0
O=S(=O)(c1ccc(-c2nnc(SCc3nnc(-c4ccccc4)o3)o2)cc1)N1CCCC1,0
O=C(Cc1ccccc1)Nc1nnc(-c2ccco2)s1,0
CCn1c(-c2ccco2)n[nH]c1=S,0
C/C(=C\C#N)n1nc(C)cc1N,0
Cc1ccc(-n2nc3ccc(N)cc3n2)cc1,0
O=C(O)C1C2C=CC(C2)C1C(=O)NCCc1ccccc1,0
CC(NC(=O)c1ccco1)C(c1cccs1)N1CCN(c2ccc(F)cc2)CC1,0
Cc1ccccc1NS(=O)(=O)c1ccc2[nH]cc(C(=O)N(C)Cc3ccco3)c(=O)c2c1,0
CCCCn1nnnc1NCc1cc(OC)c(OC)cc1OC,0
Cc1cc2c(cc1C)NC(CC(=O)NCc1ccccc1)C(=O)N2,0
CCn1c(-c2ccc3[nH]c(C)c(C)c3c2)n[nH]c1=S,0
O=C(c1ccc2c(=O)n(CC3CCCO3)c(=S)[nH]c2c1)N1CCN(c2ccccc2)CC1,0
CN(C)CCc1nn[nH]n1,0
O=C(NCc1ccc(F)cc1)c1noc2c1CCCCC2,0
CC(NC(N)=O)C12CC3CC(CC(C3)C1)C2,0
O=C1CNC(=O)/C1=C\NC12CC3CC(CC(C3)C1)C2,0
O=C(Nc1ccccc1C(=O)NCC1CCCO1)c1ccco1,0
COC(=O)C1=C(C)OC(N)=C(C#N)C1C1CCCCC1,0
Cc1cc(C(=O)NCc2cccnc2)cs1,0
Nc1ccc(Nc2ccccc2N)cc1,0
COc1cc(Cl)cc(C#N)c1OCC(=O)O,0
O=C(C1CCCN(S(=O)(=O)c2cnc[nH]2)C1)N1CCN(Cc2ccccc2)CC1,0
CN(C)/C=N/c1ncc2c3ccccc3n(CCN(C)C)c2c1C#N,0
CCOc1ccc(C(=O)CSc2nnc(N)s2)cc1,0
Cc1ccc(C)c(S(=O)(=O)N2CC(=O)Nc3ccccc32)c1,0
O=c1[nH]c2ccccc2c(=O)n1Cc1ccco1,0
O=c1cc(-c2ccccc2)[nH]c(N2CCCCC2)n1,0
COc1ccc2nc(NC(=O)CCc3nc(-c4ccccc4F)no3)sc2c1,0
O=C(CCn1c(=O)c2ccccc2n(Cc2cccnc2)c1=O)NCc1ccc2c(c1)OCO2,0
CC(C)N(C(=O)Nc1ccc2nccnc2c1)C(C)C,0
CS(=O)(=O)Nc1ccc([N+](=O)[O-])cc1Oc1ccccc1,0
CCOc1ccc2[nH]c(C)c(CN(C)C)c(=O)c2c1,0
Cc1ccc(S(=O)(=O)NCc2nc3ccccc3[nH]2)cc1,0
COc1ccc(C)cc1S(=O)(=O)N(CC(=O)O)c1ccc(F)cc1,0
Cc1nnc(SCc2cnc(-c3ccc(C(C)C)cc3)s2)n1C,0
CCCS(=O)(=O)N1CCCC(C(=O)NCCN2CCOCC2)C1,0
CSc1oc(-c2ccccc2)nc1C(N)=O,0
COC(=O)c1cccc(NC(=O)CN2CCN(c3ccc(OC)cc3)CC2)c1,0
CN1CCN(CCCNC(=O)Cn2nc(-c3ccccc3)ccc2=O)CC1,0
Cc1cc2oc(=O)cc(CN3CCC(C)CC3)c2c(C)c1Cl,0
CN1C=CC=C/C1=C(\C#N)c1nc2ccccc2[nH]1,0
CC1(c2ccc(Cl)cc2)NC(=O)N(CC(=O)N2CCCC2)C1=O,0
O=C(NCCSc1c[nH]c2ccccc12)c1ccco1,0
COCCCNC(=O)CCC(=O)Nc1ccc2nc(N3CCOCC3)cc(C)c2c1,0
CCOC(=O)N1CCN(C(=O)CCn2nc(-c3ccccc3)ccc2=O)CC1,0
c1ccc2[nH]c(-c3nc4ccccc4[nH]3)nc2c1,0
Cn1c(=O)cc(OCC(=O)NCCCN2CCN(Cc3ccccc3)CC2)c2ccccc21,0
CCN1CCN(CNC(=O)c2cnccn2)CC1,0
Cc1cc(C)n(CC2CC(=O)N(c3ccc(F)c(Cl)c3)C2=O)n1,0
O=c1c2c(nc3nc(Cc4ccccc4)[nH]n13)CCC2,0
Cc1ccc(C2NC(=O)c3c(sc4c3CCN(C)C4)N2)o1,0
Cc1cc(NC(=O)c2cc(C(C)C)on2)no1,0
O=C(NCC1CCCO1)c1csc2c1CCCCC2,0
Cc1cc2oc(=O)cc(CN3CCN(C/C=C/c4ccccc4)CC3)c2cc1O,0
CCc1nnc(NC(=O)CSc2nnc(-c3ccc(OC)cc3)n2C)s1,0
COc1ccc(NC(=O)CSc2nccc(C)n2)cc1,0
CCCn1c(-c2ccc(OC)cc2)nc2ccccc21,0
CCOc1ncccc1C(=O)OCCN1C(=O)c2ccccc2C1=O,0
c1ccc2c(N3CCCC3)nc(-c3ccncc3)nc2c1,0
COc1ccc(C2=NOC(C(=O)N3CCCCCC3)C2)cc1OC,0
COc1ccc(-c2nnc(SCC(=O)NCc3ccco3)n2C)cc1,0
CCOC(=O)c1c(C)[nH]c(C(=O)Nc2ccc3c(c2)OCO3)c1C,0
COc1ccc2c(C(=O)CN3CCN(CCO)CC3)c[nH]c2c1,0
CCC(Oc1ccccc1)C(=O)Nc1nnc(C)s1,0
COc1ccc(-c2cc(-c3ccccc3)nc(N3CCCC3)n2)cc1OC,0
N#C/C(C(=O)c1ccccc1)=C1/CCCCCN1,0
CCn1c(=O)[nH]c2cc(C(=O)N3CCN(c4ccccc4)CC3)ccc2c1=O,0
COC(=O)c1ccccc1NC(=O)N1CCN(C(=O)c2ccco2)CC1,0
COC(=O)c1cc(COC(=O)c2ccc(OC)c(S(=O)(=O)N3CCCC3)c2)oc1C,0
CCCOc1ccc(NC(=O)c2c(-c3ccccc3)noc2C)cc1,0
CCOC(=O)c1[nH]c(C)c(CN(Cc2ccco2)C(=O)C(F)(F)F)c1C,0
CC(=O)NC12CC3CC(C1)CC(C(=O)Nc1nccs1)(C3)C2,0
O=C(NCc1ccccn1)C1CCN(S(=O)(=O)c2cccs2)CC1,0
CCOC(=O)c1ccc(NC(=O)Nc2ccn(C)n2)cc1,0
CC1(C)CN=C(Nc2ccccc2C(F)(F)F)S1,0
CCC(=O)Nc1nc2c(OC)ccc(OC)c2s1,0
CCNc1nnc(-c2ccc(C)cc2)o1,0
CC1CCN(c2nc(-c3ccncc3)nc3ccccc23)CC1,0
COc1ccc(CCNC(=O)C2CCN(S(=O)(=O)c3cnc[nH]3)CC2)cc1OC,0
COc1cccc(-n2c(CNC(=O)OC(C)(C)C)n[nH]c2=S)c1,0
CCC1SC2=NCN(c3ccccc3)CN2C1=O,0
Cc1cc(C)n2ncc(C(=O)Nc3ccc4c(c3)OCO4)c2n1,0
Cc1ccc2c(c1)N(CCCC(=O)NCc1ccc3c(c1)OCO3)C(=O)CO2,0
O=C(NS(=O)(=O)c1ccccc1)c1ccccc1F,0
CCc1nnc(NC(=O)Cn2nnc(-c3ccccc3F)n2)s1,0
CN1CCCCC/C1=N\C1=C(C#N)CCCC1,0
COc1cccc2cc(-c3nnc(SCC(=O)Nc4nc(C)cs4)n3C)oc12,0
CC(C)CNC(=O)C1CCCN(S(=O)(=O)c2ccc(-n3cnnn3)cc2)C1,0
CN(CCCNC(=O)C1CCN(S(=O)(=O)c2cccc3nsnc23)CC1)Cc1ccccc1,0
O=C(O)C1CCCCC1C(=O)NCc1ccc(F)cc1,0
CCOC(=O)c1c(N)n(CCN2CCCCC2)c2nc3ccccc3nc12,0
CC1=C(C#N)C(NC(=O)C2CC2)(C(F)(F)F)C(=O)N1,0
Cc1cc2ccccc2c(=O)n1CC(=O)N(C)c1ccc(F)cc1,0
CCC(NC(=O)c1ccccc1O)c1ccccc1,0
COc1ccc(CCNc2c(C)c(C)nc3ncnn23)cc1,0
O=C(Cc1cccs1)N1CCCC(c2nc3n(Cc4ccc(F)cc4)[nH]nc-3c(=O)n2)C1,0
Cc1ccc(S(=O)(=O)NCC(=O)NC2CCCCCC2)cc1,0
COc1cc(CN2CCN(c3ccccc3F)CC2)cc(OC)c1O,0
CNC(=O)CCc1nc(-c2ccc(C(C)(C)C)cc2)no1,0
Cc1cc(C)n(-c2nc3c(c(=O)[nH]c(=O)n3C)n2CC(O)COc2ccccc2)n1,0
C=CCn1c(COc2ccccc2)nnc1SCC(=O)NCC(=O)OCC,0
Cc1cnc(C)c(N2CCC(C(=O)NCc3ccco3)CC2)n1,0
CCCOc1ccc(C2c3c(oc4ccccc4c3=O)C(=O)N2CCCN2CCOCC2)cc1,0
Cn1cnnc1SCC(=O)NC(=O)NC1CCCC1,0
Cc1nc2ccc(S(=O)(=O)NCC(=O)N3CCN(c4ccccc4)CC3)cc2s1,0
CCOc1ccc(Cc2nc(=O)c(CC(=O)N3CCCCC3)c(C)[nH]2)cc1,0
CCN(CC)c1ccc(NC(=O)CN2CCN(c3ccccc3F)CC2)cc1,0
O=C(Cn1nnc(-c2ccncc2)n1)NCCc1ccccc1,0
O=c1cc(CN2CCN(C/C=C/c3ccccc3)CC2)c2cc(O)ccc2o1,0
COc1ccc(C(C)C)cc1S(=O)(=O)NCc1ccccn1,0
COCCn1c(SCC(=O)Nc2ccccc2)nc2c1c(=O)[nH]c(=O)n2C,0
COc1ccc(-c2nn3c(-c4ccccc4)nnc3s2)cc1OC,0
CCOC(=O)C1CCCN(c2c(NCCCN(C)c3ccccc3)c(=O)c2=O)C1,0
CCOCCCNC(=O)C(C)NS(=O)(=O)c1ccc(C)cc1,0
Cn1c(SCC(=O)c2cccs2)nnc1-c1ccco1,0
CCC1Sc2ccccc2N(CC(=O)NCCC(C)C)C1=O,0
CC(=O)Nc1ccc(S(=O)(=O)N2CCN(c3ccc(C)c(Cl)c3)CC2)cc1,0
O=C(CC(NS(=O)(=O)c1ccc(Cl)cc1)c1ccco1)NCc1ccco1,0
COc1ccc(CC(=O)Nc2nncs2)cc1OC,0
COc1ccc(OC)c(NC(=O)COC(=O)c2ccc(-n3cnnn3)cc2)c1,0
O=C(Nc1nc2ccccc2n1CCOc1ccc(Cl)cc1)c1ccco1,0
CC(NC(=O)OC(C)(C)C)C(=O)NCC1CCC(C(=O)O)CC1,0
Cc1ccc(NC(=O)N(Cc2cc3cc(C)cc(C)c3[nH]c2=O)CC2COCCO2)cc1,0
CCOC(=O)c1ccccc1NC(=O)CSc1nc2ccccc2o1,0
O=C(CSc1nc(N2CCCCC2)nc(N2CCCCC2)n1)N1CCc2ccccc21,0
Cn1c(SC/C=C/c2ccccc2)nnc1-c1ccco1,0
CCOC(=O)c1cccc(NC(=O)CSc2nnc(C)n2Cc2ccccc2)c1,0
Cc1ccc(SCc2cc(=O)nc(N3CCCCC3)[nH]2)cc1,0
O=C(CCCCn1c(=O)c2ccccc2n(Cc2ccc(F)cc2)c1=O)NCc1ccco1,0
COC(=O)COc1ccc(S(=O)(=O)N2CCN(c3ccccc3F)CC2)cc1C,0
CCCc1nc(=O)[nH][nH]1,0
Cc1cnc(NC(=O)CSc2nnc(-c3ccccc3)o2)s1,0
C=CCNc1nc(N)c(C(=O)Nc2cc(C)on2)s1,0
CCc1ccccc1NC(=O)Cn1nnc(-c2cccs2)n1,0
COC(=O)C1=C(C)NC2=C(C(=O)CCC2)C1c1ccsc1,0
COC(=O)CSc1ncc(C#N)c(N)n1,0
N#Cc1nc(-c2cccs2)oc1NCC1CCCO1,0
CCOC(=O)COn1c(=O)c(-c2cccs2)[n+]([O-])c2ccccc21,0
Clc1ccccc1-c1nnc2sc(-c3ccco3)nn12,0
CC1(C)Cc2c(c(-c3ccccc3)nc(N3CCCC3)c2C(N)=O)CO1,0
c1ccc2c(c1)Cn1nc(Cc3nc4c(s3)CCCC4)nc1-2,0
COCCn1c(SCc2nnc(-c3ccccc3)o2)nc2sc3c(c2c1=O)CCC3,0
CCS(=O)(=O)N1CCC(C(=O)NCc2ccccc2OC)CC1,0
C=CCn1c(N(C)C)nc2c1c(=O)[nH]c(=O)n2C,0
COc1ccc(OC)c(C(=O)CSc2nc3ncccc3[nH]2)c1,0
CCOC(=O)C1CSC(CC(=O)Nc2ccc(Cl)cc2)C(=O)N1,0
CC(C)Cn1c(O)c(C(=O)Nc2ccc(F)cc2)c(=O)c2c1CCCC2,0
CCOC(=O)C1CCN(C(=O)COc2ccc(S(=O)(=O)NC(C)C)cc2Cl)CC1,0
CCc1c(C)[nH]c(=S)c(C#N)c1C,0
COC(=O)C(NC(=O)Nc1ccccc1F)C(C)C,0
NC(=O)C1=NSN/C1=C1/C=CC=CC1=O,0
COc1ccc(Cc2nnc(SCC(=O)c3ccccc3)o2)cc1,0
CCCN1CCC(NC(=O)Nc2ccc(OC)c(OC)c2)CC1,0
Cc1occc1C(=O)Nc1ccc(S(=O)(=O)N2CCCC2)cc1,0
CCOC(=O)C1=C(C)NC(=O)C(C(N)=O)C1c1ccccc1,0
Cc1sc2nc(SCC(=O)Nc3c(C)n(C)n(-c4ccccc4)c3=O)n(C)c(=O)c2c1C,0
COCCn1c(SCC(=O)c2ccc(Cl)cc2)nnc1C(C)C,0
CC(=O)Nc1cc2c(cc1C(C)=O)OCCO2,0
O=C(CCn1c(=O)sc2ccccc21)NCCC1=CCCCC1,0
Cc1nc(SCC(=O)c2ccccc2)c(C#N)c(-c2ccco2)c1C(=O)NCc1ccco1,0
O=c1cc(Nc2ccc3c(c2)OCCO3)[nH]c(=O)n1-c1ccc(Cl)cc1,0
CC1CCCN(CC(=O)Nc2ccc(S(=O)(=O)N3CCCCCC3)cc2)C1,0
COc1ccc(NC(=O)C(C)NS(=O)(=O)c2ccc(NC(C)=O)cc2)cc1Cl,0
Nc1ncn(C(=O)c2ccco2)n1,0
Cc1nnc(SCCn2c(N3CCCC(C)C3)nc3c2c(=O)[nH]c(=O)n3C)s1,0
CC1(C)CC2(CC(C)(C)N1)OC(=O)N1CCc3ccccc3C12C,0
O=C(OC1CCOC1=O)c1ccc(-c2nc3ccccc3s2)s1,0
Cc1ccc(S(=O)(=O)N2CCCC2C(=O)OCc2nc3ccccc3s2)cc1,0
COc1cccc(C2=NC3=NC(C)=C(C(=O)Nc4cccnc4)C(c4cccs4)N3N2)c1,0
COC(=O)CN(n1cnnc1)S(=O)(=O)c1ccc(C)cc1,0
COc1ccccc1NC(=O)c1ccccc1SC,0
FC(F)(F)c1cccc(NCc2cn3cccnc3n2)c1,0
Cc1nc(N2CCN(c3ccccc3)CC2)nc2c1C(=O)CC(C)C2,0
COc1cccc(-n2c(SCc3c(C)noc3C)nnc2-c2cccc(S(=O)(=O)N(C)C)c2)c1,0
CC(C)(C)NC(=O)C(c1ccccc1)N(Cc1ccco1)C(=O)c1csnn1,0
O=C(CSc1nnc(-c2ccccc2)n1Cc1ccccc1)N1CCCC1,0
O=C(CN1C(=O)C2C3C=CC(C3)C2C1=O)NCCc1ccccc1Cl,0
Nc1ccc(-n2nnnc2-c2ccco2)cc1,0
CCCc1cc(C(=O)Nc2cccc(Cl)c2)no1,0
CCOC(=O)C1C(C#N)=C(N)OC(C)=C1c1ccncc1,0
COc1cc(C(=O)Nc2nc(OC)c(-c3ccccc3)c(OC)n2)cc(OC)c1OC,0
CC1(C)Cc2nc3sc4c(=O)nc[nH]c4c3cc2CS1,0
COc1ccc(NC(=O)Cn2nnc(-c3ccccc3NC(=O)c3ccco3)n2)cc1,0
Cc1cccc(-n2ncc3c(NC(C)C)ncnc32)c1,0
Nc1nonc1N1CCCCC1,0
Cc1ccc(-c2noc(-c3ccccc3C(=O)N3CCCC3)n2)cc1,0
c1ccc(-c2cc(N3CCOCC3)nc(-c3ccccc3)n2)cc1,0
O=C(CN1CCOCC1)OCCCC1CCCCC1,0
O=C(CSc1ncnc2nc[nH]c12)c1ccc(Cl)cc1,0
CSCc1nnc(NC(=O)c2ccc(S(=O)(=O)N(CC(C)C)CC(C)C)cc2)o1,0
CCC1C(=O)C(c2ccccn2)=C(N)N1c1ccccc1,0
Cc1cc(CNC(=O)NC23CC4CC(CC(C4)C2)C3)nn1C,0
CCN(CC)CCN/C=C1\C(=O)NC(=O)N(CCC2=CCCCC2)C1=O,0
CCc1nc(SCC(=O)N2CCc3ccccc32)c2oc3ccccc3c2n1,0
Cc1ccc(C(C)C)c(OCC(O)CN2CCOCC2)c1,0
CCCCn1c(SCC(=O)OCC)nnc1-c1ccoc1C,0
Cn1c(=O)c2c(nc(NCCc3ccccc3)n2Cc2ccccc2)n(C)c1=O,0
O=S1(=O)N=C(Nc2ccc(O)c(CN3CCCCC3)c2)c2ccccc21,0
O=C(NC1CCCC1)c1csc2c1CCCC2,0
Cc1nc(S(=O)(=O)N2CCOCC2)c(C#N)c(C)c1Cl,0
N#Cc1ccccc1NCc1ccccc1,0
CCOC(=O)c1ccc(NC(=O)c2cc3ccccc3o2)cc1,0
CCCn1cnc2c(c1=O)c1nc3ccccc3nc1n2CCC1=CCCCC1,0
c1ccc2c3c([nH]c2c1)CNCC3,0
O=C(CSc1nnc(Cc2ccccc2)o1)N1CCc2ccccc21,0
COc1nc(Nc2ccc(-c3nc4ccccc4o3)cc2)nc(N2CCOCC2)n1,0
Cc1cc(NC(=O)COC(=O)c2n[nH]c3ccccc23)no1,0
O=C(CSc1nc2ccccc2[nH]1)NC(=O)NCc1ccco1,0
CCOC(=O)C1CCN(c2c(Nc3ccc4c(c3)OCCO4)c(=O)c2=O)CC1,0
CCc1cccc(NC(=O)CS(=O)Cc2nc(-c3ccc(C)cc3)oc2C)c1,0
CC(C)c1nc(=S)c2ccccc2[nH]1,0
CC1Cc2ccccc2N1C(=O)c1cnsn1,0
Cc1ccc(-c2cc(C(=O)Nc3c(C#N)cnn3C)no2)cc1,0
Cc1cc(C)c2nc(SCCC#N)nc(C)c2c1,0
CCOC(=O)N1CCC(NC(=O)CC(NS(=O)(=O)c2ccc(Cl)cc2)c2ccco2)CC1,0
O=C(NCCN1CCOCC1)c1cccc(S(=O)(=O)N2CCCCCC2)c1,0
Cc1c(=O)n(OCc2c(F)cccc2F)c2ccccc2[n+]1[O-],0
CS(=O)(=O)N1CCc2cc(C(=O)N3CCCCC3)ccc21,0
O=C(NCCCn1ccnc1)c1csc2ccccc12,0
Cc1c(OC(=O)CNC(=O)OC(C)(C)C)ccc2c3c(c(=O)oc12)CCC3,0
CCSc1ncc(C#N)c(=O)[nH]1,0
Cc1cnc(C(=O)OCC(=O)c2csc(N3CCCCC3)n2)cn1,0
CCCC(=O)Nc1c(O)[nH]c2ccccc2c1=O,0
N#CNC1=NCN(Cc2ccccc2)CN1,0
c1ccc(C2CC3CC4(CCCC4)N2O3)cc1,0
CCN(c1ccccc1)c1ncnc2c1cnn2-c1ccccc1,0
COC(=O)c1sc(NC(=O)CSc2nnc(C(C)C)n2C)nc1C,0
Cc1nnc(Sc2cc(C(=O)NCc3ccco3)c3ccccc3n2)s1,0
COc1cccc(C(=O)Nc2ccc(NC(=O)C3CC3)cn2)c1,0
OC1(c2ccc3c(c2)OCO3)CCN(Cc2ccccn2)CC1,0
COC(=O)Nc1nnc(CC(=O)Nc2ccccc2C)s1,0
COc1ccc(NCc2nnc(SCC(=O)Nc3cc(C)cc(C)c3)o2)cc1,0
Cc1cc(C)n(-c2ccc3cccc(NS(C)(=O)=O)c3n2)n1,0
COc1ccccc1CNC(=O)NC(Cc1ccccc1)C(=O)O,0
CC(NC(=O)CSc1nc2c(cc1C#N)CN(C)CC2)c1ccccc1,0
O=C1CN(C(=O)COC(=O)Cc2ccsc2)c2ccccc2N1,0
N=c1oc2ccc3ccccc3c2cc1-c1nnc2n1CCCCC2,0
Cc1sc2nc(SCC(=O)N3CCOCC3)[nH]c(=O)c2c1C,0
Cc1noc(/C=C/N(C)C)c1S(=O)(=O)N1CCCC(C(=O)NCc2ccc(Cl)cc2)C1,0
O=c1n(Cc2ccccc2)c2cc(Cl)cnc2n1Cc1ccccc1,0
CC1(C)Cc2c(sc3nc(SCC(=O)O)[nH]c(=O)c23)CO1,0
O=C(CC1N=C2c3ccccc3N=C(SCc3ccccc3Cl)N2C1=O)NCc1ccco1,0
CCCn1c(SCC(=O)N2CCN(c3ccc(OC)cc3)CC2)nc2c1c(=O)n(C)c(=O)n2C,0
Cn1c(=O)[nH]c(=O)c2c1nc1n2CCCS1,0
CCOc1ccccc1NC(=O)c1ccccc1NS(C)(=O)=O,0
c1ccc(-c2nc(C3CCCCC3)no2)cc1,0
O=C(CN1C(=O)C2C3C=CC(C3)C2C1=O)NCCc1ccccc1,0
Cc1noc(COc2ccccc2OCC(N)=O)c1Cl,0
O=C(Cc1cccs1)NCc1ccccc1F,0
CCOC(=O)C1=C(CC)Nc2ccccc2N=C1NC(=O)Nc1ccccc1OC,0
COc1ccc(OC)c(C(c2nnnn2C2CCCC2)N2CCc3ccccc3C2)c1,0
Cc1nc(CNS(=O)(=O)c2ccc3ccccc3c2)cs1,0
CCCCn1c2nc3ccccc3nc2c2c(=O)n(CC(C)C)cnc21,0
Cn1cc(SCC(=O)Nc2ccc3c(c2)OCO3)c2ccccc21,0
O=C(NCCN1CCN(c2ccccc2F)CC1)c1cccn2c(=O)c3ccccc3nc12,0
S=c1[nH]nc(-c2ccccc2)n1Cc1ccccc1,0
Cc1nnc(SCC(=O)N2CCC(C(=O)Nc3nccs3)CC2)n1Cc1ccccc1,0
O=C(COc1ccccc1)c1cn(CC(=O)N2CCOCC2)c2ccccc12,0
CCCCNC(=O)OCCNC(=O)Oc1cccc(C)c1,0
N#Cc1nc(COc2ccccc2)oc1N1CCCCC1,0
CCOC(=O)Cc1csc(NC(=O)c2cccc(N3C(=O)CCC3=O)c2)n1,0
COC(=O)Cc1cc(=O)nc(Nc2nc3ccccc3o2)[nH]1,0
COc1ccc(OC)c(C2C(C#N)=C(N)Oc3c2c(C)nn3-c2ccc(C)cc2)c1,0
O=C(CC1N=C2c3ccccc3N=C(SCc3ccc(Cl)cc3)N2C1=O)NCc1ccco1,0
Cc1ccc(-c2nnc(SCC(=O)O)n2N)cc1,0
O=C(O)C=C1C2CC3CC(C2)CC1C3,0
Cn1cc(CNC(=O)C2CCCCC2)cn1,0
Cc1ccc2c(c1)c1ncnc(N3CCN(c4ccccc4)CC3)c1n2C,0
CCc1nnc(NC(=O)CSc2nnc(COc3ccccc3C)o2)s1,0
CCOCCOC(=O)C1=C(C)N(C)C(=O)NC1c1cc(Cl)c(O)c(OC)c1,0
CCCCCOc1ccc(/C=c2\sc3ncnn3c2=O)cc1,0
CCc1ccc(NC(=O)c2ccc3c(c2)C(=O)N(Cc2ccco2)C3=O)cc1,0
Cc1ccnc(NC(=O)CCC(=O)N(CC(=O)NC(C)(C)C)C2CCCC2)c1,0
O=C(Nc1ccc(CN2CCOCC2)cc1)c1cccc(F)c1,0
COC(=O)c1c(NC(=O)CCN2CCOCC2)sc2c1CCCC2,0
COc1ccc(S(=O)(=O)N2CCN(Cc3cccc(Cl)c3)CC2)cc1,0
CC(C)(C)c1nnc(NC(=O)C2CCN(c3ncccn3)CC2)s1,0
CCN(CC)C(=O)C1CCCN(Cc2ccc(F)c(F)c2)C1,0
N#CCCN(Cc1cccnc1)S(=O)(=O)c1ccc(S(=O)(=O)NC2CCCCC2)cc1,0
c1ccc(N2CCN(Cc3nnnn3C3CCCCC3)CC2)cc1,0
O=C(Nc1ccc(Cl)cc1)N1CCC(c2nc(-c3ccc(F)cc3)no2)CC1,0
CC(C)(C)NC(=O)C(c1ccccc1)N(C(=O)c1ccco1)C1CC1,0
CCc1cccc(NC(=O)CN(C)S(=O)(=O)c2cccc3nsnc23)c1,0
COc1cc(SC)ccc1C(=O)NCC1CCCO1,0
Cc1nc2nc3c(cn2n1)C(=O)CC(C)(C)C3,0
Cc1cccc(C)c1NC(=O)c1ccc(-n2cnnn2)cc1,0
Oc1cnc2ccccc2c1CN1CCOCC1,0
CC(C)OCCCn1c(-c2ccco2)nc2nc3ccccc3nc21,0
Cc1c(C(=O)N2CCN(c3ccccn3)CC2)oc2ccccc12,0
CCc1nnc(NC(=O)CSc2nnc(C3CCCCC3)n2-c2ccccc2)s1,0
Cc1cc2cc(CNC(=O)NC3CCCCC3)ccc2[nH]1,0
COc1ccc(C(=O)c2coc3ccc(O)c(CN4CCCC4)c23)cc1,0
O=c1nc(-c2ccccc2)n(-c2ccccc2)c2ncccc12,0
Cc1oc(C(=O)Nc2ccc(O)cc2)cc1COc1ccccc1,0
COc1ccc(S(=O)(=O)N2CCOCC2)cc1C(C)C,0
C=CCn1c(SCn2nnc3ccccc3c2=O)nnc1-c1ccc(F)cc1,0
CCOC(=O)N1CCC(C(N)=O)CC1,0
COCc1cc(=O)n2c(-c3ccc(C)cc3)n[nH]c2n1,0
Cc1cc(-n2c(C)cc(C(=O)CN3C(=O)NC4(CCCCC4C)C3=O)c2C)no1,0
O=C(CSc1ccc2nnc(-c3ccccn3)n2n1)NCc1ccc2c(c1)OCO2,0
COC(=O)C1=C(C)N(CCC2=CCCCC2)C(=O)C1,0
Cc1nc(NCCCO)c(C#N)c2c1COC(C)(C)C2,0
COc1ccc(-c2nnc(SCCC(=O)O)n2-c2ccccc2)cc1,0
COc1cc(OC)cc(-c2nnc(SCC(=O)N3CCCC3)o2)c1,0
OC(c1ccccc1)c1nc2ccccc2s1,0
Cc1ccc2cccc(S(=O)(=O)N3CCN(c4cccc(Cl)c4)CC3)c2n1,0
O=C(Nc1cccc2c1CCCC2)C1CCN(C(=O)NC2CCCCC2)CC1,0
O=C(COc1ccccc1)Nc1ccc2c(c1)nc1n2CCSC1,0
CCOC(=O)CNC(=O)c1ccc2[nH]c3c(c2c1)CCCC3,0
COc1ccc(-c2nnco2)cc1OC,0
CCOc1ccc(NC(=O)CN2CCN(CC(=O)Nc3ccc(F)cc3)CC2)cc1,0
Fc1cccc(F)c1CN1CCN(c2ncccn2)CC1,0
O=C(Nc1ccccc1C(=O)NCc1ccc(Cl)cc1)c1ccco1,0
Cc1ccc(NC(=O)CSc2n[nH]c(-c3ccncc3)n2)cc1,0
O=C(NCc1ccccc1)NC(Cc1c[nH]c2ccccc12)C(=O)O,0
Cc1cccc(N(CC(=O)NC2CCCCC2)C(=O)CCC(=O)Nc2ccccn2)c1,0
COc1cccc(C2CC(c3cccc(C)c3)N3NC=NC3=N2)c1,0
COc1ccc(Nc2ccccc2)c(C)c1,0
O=C(NCCN1CCCCC1)c1cc2ccccc2[nH]1,0
Cn1nc(C(=O)NCc2ccccn2)c2ccccc2c1=O,0
COc1ccc(-c2cc(C(F)F)nc(-n3nc(C)cc3C)n2)cc1,0
COc1cccc(C(=O)Nc2ccc(N(C)C)cc2)c1OC,0
Cc1c(C)[n+](=O)c2c(n1[O-])CCC2,0
O=C1c2ccccc2C(=O)N1CCc1nc(-c2ccccn2)no1,0
O=S(=O)(CC(CN1CCCC1)N1CCCC1)c1ccc2ccccc2c1,0
CC(C)Nc1nnc(SCC(=O)Nc2ccc(F)cc2)s1,0
O=C(Nc1ccc2c(c1)OCO2)N1CCOCC1,0
Cc1nc(NCC2CCCO2)c2nnn(Cc3ccccc3Cl)c2n1,0
C=CCn1c(C2CC(=O)N(c3ccc(C)cc3)C2)nc2ccccc21,0
CCCN1CCN(C(=O)Cn2cccc2C(=O)c2ccccc2)CC1,0
CC1(C)Cc2c(sc3ncn4nc(-c5ccco5)nc4c23)CO1,0
Cc1ccc(-c2nc(=S)c3c(n2CCN2CCOCC2)CC(C)(C)OC3)cc1,0
CCCCC(=O)NC(Nc1ccc(C)cn1)(C(=O)OCC)C(F)(F)F,0
C=CCn1c(=O)c2ccccc2n2c(SC(C)C(=O)Nc3nc(-c4ccccc4)cs3)nnc12,0
CCOC(=O)c1[nH]cc(-c2ccccc2)c1N1CCOCC1,0
CCOC(=O)c1[nH]c2ccc(OC)cc2c1NC(=O)CN1CCN(c2ccccn2)CC1,0
N#Cc1cc(-c2ccccc2)oc1NC(=O)c1ccco1,0
Cc1ccnc(NC(=O)C2CCN(S(=O)(=O)c3cccc4nonc34)CC2)c1,0
COc1ccc(C(=O)Nc2nc(C)c(C(=O)N(C)C)s2)cc1OC,0
Cc1cccc2cc(CN(CC3CCCO3)C(=O)c3cnccn3)c(=O)[nH]c12,0
Cc1nn(-c2ccccc2)c2sc(C(=O)N3CCOCC3)cc12,0
CC1Cc2cc(C(=O)O)ccc2O1,0
CC1=C(C(=O)Nc2ccccc2)C(c2ccc(C)o2)n2c(s/c(=C\c3ccco3)c2=O)=N1,0
CC(=O)c1nc(N2C(=O)C3CC=C(C)CC3C2=O)sc1C,0
O=C(c1cccc(C(F)(F)F)c1)N1CCCCCC1,0
O=c1cc(-c2ccccc2)nc2nc(CCc3ccccc3)[nH]n12,0
COc1cc(OC)cc(C(=O)NCCNC(=O)c2ccccc2)c1,0
COC(=O)c1nn(-c2ccc(-c3ccccc3)cc2)cc1O,0
CCCNC(=O)c1ccccc1NS(=O)(=O)c1ccc(OC)c(OC)c1,0
Cc1cc(Nc2ccc3c(c2)OCCO3)n2ncnc2n1,0
COc1ccc(OC)c(C2NC(=O)NC(C)=C2C(=O)Nc2ccc(C)cc2)c1,0
Cc1ccc(N2CC(C(=O)NC3=NCCS3)CC2=O)cc1C,0
Cc1nnc(NC(=O)CSc2ccccn2)s1,0
CCOC(=O)C(NC(=O)CC)(Nc1ccccc1OC)C(F)(F)F,0
CCCC(=O)c1cc(-c2nc3ccccc3n2C)n(C)c1,0
CC(=O)Nn1cc2c(c1-c1ccccc1)c(=O)n(C)c(=O)n2C,0
COc1ccc2ccccc2c1C1CC(=O)N2CN(Cc3ccco3)CSC2=C1C#N,0
Cc1ccc2c(CN3C(=O)NC(C)(c4ccc5c(c4)OCO5)C3=O)cc(=O)oc2c1,0
O=C(CN1CCOc2ccccc21)N1CCN(c2cccc(Cl)c2)CC1,0
CCCCOC(=O)CSCC(=O)Nc1cc(C)on1,0
CCCNc1nc2c(c(=O)[nH]c(=O)n2C)n1CCCc1ccccc1,0
CCCC(=O)Nc1ccc(Cl)c(NC(=O)C(C)(C)C)c1,0
Cc1nc(CNS(=O)(=O)c2ccc3c(c2)CCCC3)cs1,0
O=C(NCCC1=CCCCC1)C1CCN(S(=O)(=O)c2cccs2)CC1,0
Cc1cccc(CCNS(=O)(=O)c2ccc3c(c2)oc(=O)n3C)c1,0
CCOC(=O)c1cccc(NC(=O)C2CCN(S(=O)(=O)c3cnc[nH]3)CC2)c1,0
O=C(NCc1cccs1)c1noc2c1CCCC2,0
CN(C)c1nc2sc3c(c2c(=O)n1C)CC(C)(C)OC3,0
Cc1ccc(-n2c(O)cnc2Nc2nc(C)cc(C)n2)cc1,0
CN(C)c1ccc(C(=O)Nc2nc3c(s2)CCCC3)cc1,0
Cn1c(=O)oc2cc(S(=O)(=O)NCCCN3CCCC3=O)ccc21,0
Cc1cc(C)n(-c2nc3ccccc3n3cnnc23)n1,0
CCOc1ccccc1-n1c(SCC(N)=O)nnc1-c1ccco1,0
O=C(CSc1nc2ccccc2o1)Nc1ccc(N2CCOCC2)c(Cl)c1,0
NC(=O)c1cnn2c(C(F)(F)F)cc(-c3ccccc3)nc12,0
Cc1sc2ncnc(SCc3nnc(-c4ccccc4)o3)c2c1C,0
Cc1ccc(NC(=O)CSc2nnc(-c3ccccn3)n2C)cc1,0
CCCCCc1nnc(NC(=O)OCCC)s1,0
COC(=O)C1=C(C)N(C)C(C)=C(C(=O)OC)C1c1ccccn1,0
O=C(NCc1ccco1)c1csc(Nc2ccccc2Cl)n1,0
CCN1C(=O)c2n[nH]c(C(=O)OC)c2C1=O,0
Cc1cc(=O)nc(Nc2ccc(C(=O)OC(C)C)cc2)[nH]1,0
Clc1ccc2c(N3CCNCC3)ccnc2c1,0
O=C(C1=COCCO1)N1CCN(S(=O)(=O)c2cccc(Cl)c2Cl)CC1,0
O=C(Nc1ccc2c(c1)OCCO2)NC1CCCCC1,0
Cc1cccc(-c2nnc(NC(=O)c3ccc(Cl)cc3)o2)c1,0
CN(Cc1ccccc1)C(=O)c1cccc(NC(=O)c2ccco2)c1,0
O=C(NCCN1CCCC1)C1(S(=O)(=O)c2ccc(Cl)cc2)CC1,0
COC(=O)Cc1nnc(N)s1,0
Cc1[nH]n(C(C)(C)C)c(=O)c1Sc1ccccc1,0
Cc1cc(C)nc(SCc2nc3ccccc3n2C)n1,0
CCn1c(=O)c2cc(C(=O)N3CCCC3)sc2c2ccccc21,0
O=C1C(=CNCc2ccco2)C(=O)c2ccccc21,0
Cc1cc(C(=O)COc2ncnc3sccc23)c(C)n1C1CC1,0
Cn1c(=O)c2c(nc(NCc3ccccc3)n2CC(=O)NCc2ccccc2)n(C)c1=O,0
O=C(Nc1nsc(-c2ccccc2)n1)c1ccncc1,0
CCOC(=O)c1cccc(NC(=O)CCn2cccc2)c1,0
O=C(O)c1ccc(N2CCCCC2)cc1,0
O=S(=O)(Cc1ccccc1)N1CCc2ccccc21,0
CCC(CC)C(=O)Nc1cccc(C(=O)Nc2ccc3c(c2)OCO3)c1,0
Cc1cc(=O)nc(N/C(=N\C(=O)c2ccccc2)Nc2ccc3c(c2)OCCO3)[nH]1,0
CCn1cc(C(=O)NCc2ccc3c(c2)OCO3)c(=O)c2cc(S(=O)(=O)N3CCOCC3)ccc21,0
c1ccc2sc(N3CN(CCN4CCOCC4)CN(c4nc5ccccc5s4)C3)nc2c1,0
Cc1nccn1-c1cc(C(C)C)c(C#N)c2nc3ccccc3n12,0
CC(=O)Nc1ccc(OC(=O)CC2SC(=O)NC2=O)cc1,0
c1ccc2c(c1)[nH]c1c(N3CCCC3)ncnc12,0
Cn1c(=O)c2c(ncn2CC(=O)Nc2ccccc2Sc2ccccc2)n(C)c1=O,0
Cc1ccc(C)c(OCC(=O)Nc2ccc3c(c2)OCO3)c1C,0
Cc1ccccc1NC(=O)CSc1nnc(-c2ccoc2C)n1CCc1ccccc1,0
Cc1c(C(=O)O)oc2ccc(S(=O)(=O)NCc3ccccc3)cc12,0
Cc1nc2ccc(S(=O)(=O)NC(C(=O)N3CCCCCC3)C(C)C)cc2s1,0
COc1ccc(CNc2oc(C)nc2C#N)cc1,0
CCCCN1CC(C(=O)NC2CCCCC2)CC1=O,0
COc1cccc(NC(=O)C2CC(=O)n3cnnc3S2)c1,0
CCN1CCN(c2ncnc3c2oc2nc(C(C)C)c4c(c23)CCC4)CC1,0
Cc1cc(O)c(C(C)C)cc1NC1=NS(=O)(=O)c2ccccc21,0
CCOC(=O)CCC(=O)NCc1ccc2[nH]c(C)cc2c1,0
COC(=O)NCC1(C)CC(NC(=O)OC)CC(C)(C)C1,0
CCCCOC(=O)c1ccc(Nc2ncnc3nc[nH]c23)cc1,0
COC(=O)C1Cc2c([nH]c3ccccc23)C(C)N1,0
O=c1c2ccccc2nc(SCc2cn3ccsc3n2)n1-c1ccccc1,0
Cn1c(SCC(=O)Nc2nccs2)nnc1-c1ccncc1,0
COc1ccccc1-c1ccc(=O)n(CC(=O)NCc2ccc3c(c2)OCO3)n1,0
CC(C)Oc1ccc(/C(O)=C2/C(=O)C(=O)N(CCN3CCOCC3)C2c2ccccc2)cc1,0
Cc1ccc2[nH]c(=O)c(CN(CCCO)S(=O)(=O)c3cccc4nsnc34)cc2c1,0
CCOC(=O)N1CCC(NC(=O)CS(=O)(=O)Cc2nc(-c3ccc(C)cc3)oc2C)CC1,0
COc1ccc(CN2CC(C(=O)NCc3cccc(OC)c3)CC2=O)cc1,0
c1ccc(-c2nnc(N3CCOCC3)nc2-c2ccccc2)cc1,0
CC(C)C(=O)N1CCc2cc(-c3csc(N)n3)ccc21,0
c1ccc(CCc2ccccc2-c2nc(-c3cccnc3)no2)cc1,0
COC(=O)c1c(C#N)c(N)nc2c1CCC2,0
O=C1c2ccccc2NC(c2ccc(F)cc2)N1Cc1ccco1,0
CCCOc1cccc(C2/C(=C(/O)c3ccc(F)cc3)C(=O)C(=O)N2CCN(C)C)c1,0
CCCCC(=O)Nc1ccc(C(=O)NCC(=O)OC)cc1,0
COc1ccc(N2CC(C(=O)NCc3ccccc3)CC2=O)cc1,0
COc1ccc(CC(C(=O)Nc2cccc(F)c2)c2nn[nH]n2)c(OC)c1,0
N#Cc1cccc(-c2nnc(SCc3ccccc3C#N)o2)c1,0
CCOC(=O)c1ccc(Nc2ncnc3c2cnn3C)cc1,0
Cc1cc(C)n(Cc2cc(C)c(Cn3nc(C)cc3C)cc2C)n1,0
Cc1ccc(-c2nc(NC(=O)CSc3nnnn3-c3ccccc3)ns2)cc1,0
Clc1ccc2c(c1)C1OCCC1C(c1ccco1)N2,0
N#Cc1ccc(CSc2nnc(-c3cnccn3)o2)cc1,0
CC(=O)c1cccc(NC(=O)c2ccc(NS(C)(=O)=O)cc2)c1,0
COc1ccccc1NC(=O)CNC(=O)c1ccccc1,0
COc1ccccc1N1CCN(C(=O)c2ccc(S(=O)(=O)N3CCCCCC3)cc2)CC1,0
CCOC(=O)c1cc(C)n(Cc2cccc(OC)c2OC)c1C,0
CN1CCc2c(sc3c2c(=O)n(-c2ccccc2)c2nncn32)C1,0
Cc1nnc(N)nc1C,0
Cc1cc(C)n(-c2nncc(-c3ccccc3)n2)n1,0
COC(=O)CSc1nc2cc3c(cc2cc1C#N)OCO3,0
CN1CCc2c(sc3c2c(=O)n(-c2cccc(Cl)c2)c2nncn32)C1,0
O=C(c1csc2c1CCCC2)N1CCN(c2ncccn2)CC1,0
COc1ccc(C(C)(C)C)cc1NC(=O)Nc1ccc2c(c1)OCO2,0
CCNc1nc(OCCNS(=O)(=O)c2cc(C)ccc2C)nc(N(C)C)n1,0
COc1ccc(C(=O)N2CCN(C(=O)CC(C)C)CC2)cc1OC,0
Cc1ccc(Cl)cc1N1CCN(C(=O)COc2ccc(S(=O)(=O)NC(C)C)cc2)CC1,0
CCOc1ccc(-n2cnnn2)cc1S(=O)(=O)NCc1ccccc1,0
O=C(O)CCCCCNc1nc(=S)[nH]c2ccccc12,0
CC(C(=O)O)N1C(=O)CSc2ncccc21,0
O=C(Nc1ccc2ccccc2c1)c1cnccn1,0
Cc1ccc(S(=O)(=O)N2CCCC(C(=O)NCC3COCCO3)C2)cc1,0
Cc1cc(C)nc(-n2nc(C)cc2NC(=O)COC(=O)CCC(=O)c2cccs2)n1,0
CCCOC(=O)CSc1nnc(-c2ccccc2Cl)o1,0
CCCCn1c(CNC(=O)CCC)nc2ccccc21,0
CN1C(=O)NC(=O)/C(=C/NC2CC3CCC2(C)C3(C)C)C1=O,0
CCOC(=O)C1=C(C)NC(SCC(N)=O)=C(C#N)C1c1ccncc1,0
COc1ccc(OC)c(C(=O)c2nc3c(n2O)CCCCC3)c1,0
COCc1nnc(NC(=O)c2ccc(NC(C)=O)cc2)s1,0
COc1ccc(-c2nnc(CSc3ncnc4sc5c(c34)CCC5)o2)cc1OC,0
Cc1cc(C)cc(N(CC(=O)Nc2c(C)n(C)n(-c3ccccc3)c2=O)S(C)(=O)=O)c1,0
CN(C)CCNC(=O)Cn1nc(-c2ccc(Cl)cc2)ccc1=O,0
Cn1c(CN2CCOCC2)nnc1SCC(=O)NC1CCCCC1,0
COc1ccccc1NC(=O)C(Cc1ccc(Cl)cc1)c1nn[nH]n1,0
COCc1[nH]nc2c1C1(CCC3(CC1)OCCO3)C(C#N)=C(N)O2,0
CCN1CCCC1Cn1cnc2c([nH]c3ccc(Cl)cc32)c1=O,0
Cc1cccc2cc(C#N)c(NCCCn3ccnc3)nc12,0
COc1ccc(C2C(C#N)=C(/N=C/N3CCN(C)CC3)OC3=C2C(=O)CC(C)(C)C3)cc1OC,0
CCn1c(=N)c(C(=O)NC)cc2c(=O)n3cccc(C)c3nc21,0
C=CCNC(CC)=C1C(=O)CCCC1=O,0
O=c1[nH]c2ccc(S(=O)(=O)Nc3ccc(-c4nnc5n4CCCCC5)cc3)cc2o1,0
COc1cccc(NC(=O)c2oc3ccccc3c2NC(=O)c2ccc3c(c2)OCO3)c1,0
N#Cc1nc(-c2cccs2)oc1NCCCN1CCOCC1,0
CCOC(=O)c1cn(-c2ccccc2)nc1-c1ccncc1,0
COc1cccc(C(=O)NC(C)C(c2cccs2)N2CCN(C)CC2)c1,0
Cc1nnc2sc(-c3csc4c3CCCC4)nn12,0
CCSc1nnc(NC(=O)CCn2c(=O)oc3ccccc32)s1,0
COc1ccccc1N(CC(=O)Nc1ccccc1C)S(C)(=O)=O,0
CCCn1c(N2CCN(CC(=O)NCc3cccs3)CC2)nc2ccccc21,0
COC(=O)c1[nH]c2ccc(F)cc2c1NC(=O)C1=COCCO1,0
Cc1ccc(S(=O)(=O)NCc2ccc(C(=O)N(C)CCC#N)cc2)cc1,0
Cc1onc(-c2ccccc2)c1C(=O)n1nnc2ccccc21,0
O=C(CSc1nc2ccccc2[nH]1)N1CCCCC1,0
COCCNC(=O)c1cn(C)c2ccc(S(=O)(=O)N(C)C3CCCCC3)cc2c1=O,0
CC(C)C(c1nnnn1CCc1ccccc1)N1CCOCC1,0
COc1cc(C(=O)Nc2ccc(NC(=O)C3CC3)nc2)cc(OC)c1OC,0
Cc1cc(C)n2cc(CSc3nnc(-c4ccccc4)o3)nc2n1,0
Cc1nn(Cc2ccccc2)c(N)c1C#N,0
COc1ccc(NC(=O)NCCCN2CCN(c3cc(C)ccc3C)CC2)cc1,0
Cn1c(=O)oc2cc(S(=O)(=O)NCc3ccccn3)ccc21,0
CCOc1ccc2[nH]c(O)c(NC(C)=O)c2c1,0
COC(=O)C(NC(=O)Nc1ccc(OC)cc1)C(C)C,0
CCOC(=O)c1c(NC(=O)CN2CCOCC2)sc2c1CCCC2,0
O=C(C1CCN(S(=O)(=O)N2CCOCC2)CC1)N1CCN(Cc2ccccc2)CC1,0
O=C(OCCOCCNC1=NS(=O)(=O)c2ccccc21)c1ccncc1,0
Cc1cccc(-n2c(CCCN3C(=O)c4ccccc4C3=O)nc3ccccc3c2=O)n1,0
CCCCOC(=O)Nc1ccccc1C(N)=O,0
CSCCOC(=O)c1[nH]c2c(c1C)C(=O)CC(c1ccco1)C2,0
Cn1cnnc1SCC(=O)Nc1ccccc1,0
O=C(CN(Cc1ccco1)C(=O)CNS(=O)(=O)c1ccc(Cl)cc1)NCc1ccc(F)cc1,0
CCNc1nc(NC(C)(C)C)nc(N(CC)n2cnnc2)n1,0
CCOC(=O)CNS(=O)(=O)c1cc(-c2nn(C)c(=O)c3ccccc23)ccc1C,0
COCCN1Cc2cccc(C(=O)Nc3cccnc3)c2C1=O,0
Cc1c(-c2ccc(F)cc2)nc(N)c(C#N)c1-c1ccco1,0
CCc1nnc(NC(=O)c2ccc(S(=O)(=O)NC3CCCCC3)cc2)s1,0
O=S(=O)(Nc1nc2ccccc2nc1NCCN1CCOCC1)c1cccc(Cl)c1,0
O=c1nc[nH]c2nc3n(c12)CCCCC3,0
CC1(C)NC(=O)N(CCCSc2ccc(Cl)cc2)C1=O,0
O=C(NCCc1ccc(Cl)cc1)C1CCC(=O)N1C1CCCC1,0
Cc1ccc(CNc2cc(-c3nn4c(C)nnc4s3)ccc2C)s1,0
CCOC(=O)C1CCCN(c2c(N3CCC(N4CCCCC4)CC3)c(=O)c2=O)C1,0
Cc1ccccc1-c1nnn(CC(=O)NCc2ccc3c(c2)OCO3)n1,0
COc1ccc(C(=O)Cn2c(N3CCCCC3)nc3c2c(=O)n(C)c(=O)n3C)cc1OC,0
C=CCc1c(C)nn(CC(=O)O)c1-c1ccccc1,0
Cc1ccc(NC(=O)C2CCN(S(=O)(=O)c3c(C)n[nH]c3C)CC2)nc1,0
CCOC(=O)N1CCN(S(=O)(=O)c2ccc3c(c2)OCC(=O)N3)CC1,0
CCOC(=O)C1=C(Nc2ccc(Cl)cc2)SCC1=O,0
CC(=O)NCCC(=O)Nc1ccc(C)c(F)c1,0
O=C(CN1C(=O)c2ccccc2C1=O)N1CCOCC1,0
CCSc1nnc(NC(=O)C2CCCCC2)s1,0
Cc1ccc(C2C3CN(C(C)C)CC=C3C(C#N)=C(N)C2(C#N)C#N)cc1,0
Fc1ccc(-c2cnc[nH]2)cc1,0
COc1ccc(OC)c(-c2[nH]nc3c2C(c2ccco2)C(C#N)=C(N)O3)c1,0
CCN(CC)S(=O)(=O)c1ccc2nnn(OCC(=O)Nc3cccc(C#N)c3)c2c1,0
COc1ccc(N(CC(=O)NCc2ccco2)S(C)(=O)=O)cc1,0
CCN1C(=O)/C(=C/N(C)c2ccccc2)OC1=S,0
C=CCn1c(O)c(C(=O)Nc2ccccc2O)c(=O)c2ccccc21,0
O=c1[nH]c2ccccc2n1CCCSCCCn1c(=O)[nH]c2ccccc21,0
CC(=O)c1cccc(NC(=O)c2ccncc2)c1,0
CS(=O)(=O)N1CCC(C(=O)Nc2c(F)cccc2F)CC1,0
CCCCn1c(SCC(=O)Nc2nc(C)cs2)nnc1-c1cccnc1,0
CC1CCCC(C)N1CCNC(=O)C1CCN(S(=O)(=O)N2CCCCC2)CC1,0
O=C(CSc1nnc(-c2cccnc2)o1)OC1CCCCC1,0
O=C(COc1ccccc1Cl)Nc1ccc2c(c1)OCCO2,0
Cn1c(=O)c2c(nc(SC3C(=O)CC(C)(C)CC3=O)n2C)n(C)c1=O,0
O=C(C1CCCO1)N1CCC2(CC1)OCCO2,0
C=CCN(CC(=O)NCc1ccccc1)C(=O)c1csnn1,0
CC(=O)NC1CC2CCCC(C1)N2,0
NC(=O)c1ccc(C2SCC(=O)N2Cc2ccccc2)cc1,0
CSc1c(C#N)c(N)c(C#N)c2c1COC(C)(C)C2,0
COc1ccc(Cl)c(Cn2c(NCc3ccccn3)nc3c2c(=O)n(C)c(=O)n3C)c1,0
Cc1nc2ncnn2c(C)c1CCC(=O)O,0
O=C1CC(c2ccc(S(=O)(=O)N3CCCCC3)cc2)CN1,0
CCOC(=O)C1=C(C)NC(C)=C(C(=O)OCC)C1c1ccccn1,0
CC(C)c1ccc2oc(-c3ccc(N)cc3)nc2c1,0
COCCn1c(SCc2ccc(C(=O)OC)o2)nc2cc(Cl)ccc2c1=O,0
COC(=O)Nc1nnc(SCc2ccc(C)cc2)s1,0
OCCNc1nc(-c2ccccc2)c2ccccc2n1,0
COc1ccc(-n2c(CNC(=O)c3ccc(S(=O)(=O)N4CCCC4)cc3)n[nH]c2=S)cc1,0
CSc1nc(O)c(C2OC(=O)c3ccccc32)c(=O)[nH]1,0
Cc1noc(C)c1C(=O)NCCc1ccc(Cl)cc1,0
CCOC(=O)c1cn(CC)c2cc(N3CCOCC3)c(F)cc2c1=O,0
COc1ccc2[nH]c(C)c(C(=O)CN3CCOCC3)c2c1,0
Nc1ccc(N2CCCCC2)cc1N1CCCCC1,0
CCOc1cc(C2C(C#N)=C(N)OC3CCCC(=O)C32)ccc1OCCN1CCOCC1,0
COC(=O)c1ccc(Cl)c(NC(=O)NC2CCCCC2)c1,0
O=C(CCc1ccccc1)Nc1nnc(-c2cccs2)o1,0
CCOC(=O)Cc1csc(NC(=O)c2ccc3c(c2)OCO3)n1,0
CCCCc1ccc(CC(=O)O)cc1,0
CCOC(=O)c1cccc(NC(=O)C2CCCN(S(=O)(=O)c3c(C)n[nH]c3C)C2)c1,0
COC(=O)c1cc(O)c(OCc2ccccc2)c(O)c1,0
O=C(O)c1ccc(NS(=O)(=O)/C=C/c2ccccc2)cc1,0
c1ccc(-c2n[nH]c3ccccc23)cc1,0
O=C(NCc1ccc2c(c1)OCO2)c1cccc(Cl)c1,0
CN(C)C(=O)N1CCC(C(=O)NCc2cccs2)CC1,0
CC(C)n1c(=S)[nH]c2c1c(=O)[nH]c(=O)n2C,0
CCn1c(SCC(=O)c2[nH]c(C)c(C(C)=O)c2C)nnc1-c1cccs1,0
CCCCN(CCCC)S(=O)(=O)c1ccc(C(=O)Nc2nnc(CSC)o2)cc1,0
CCOc1ccccc1NC(=O)C1C2C=CC(O2)C1C(=O)O,0
O=C(CN1CCC(c2nc3ccccc3[nH]2)CC1)Nc1ccc2c(c1)OCO2,0
N#Cc1cn(-c2ccccc2)nc1-c1ccc2c(c1)OCCO2,0
O=C(NCc1ccc(F)cc1)C1CCCN1C(=O)NCc1ccccc1,0
CCCN1C(=O)C2(C(C#N)=C(N)C(C#N)(C#N)C3=CCC(C)CC32)c2ccccc21,0
N=c1c(C(=O)NCc2ccc(F)cc2)cc2c(=O)n3ccccc3nc2n1CC1CCCO1,0
O=C(Nc1cccnc1)c1cccc(NC(=O)c2ccco2)c1,0
CCN(CC)S(=O)(=O)c1cccc(-c2nnc(SCCOc3ccccc3)o2)c1,0
N#Cc1cc(Oc2cccc3cccnc23)c(-n2nnc3ccccc32)cc1C#N,0
CCOC(=O)Cc1nn(C)c(=O)c2ccccc12,0
CC(=O)NCCc1ccc(S(=O)(=O)NCc2ccc3c(c2)OCO3)cc1,0
CCOC(=O)c1ccc(NCC(O)COc2ccccc2)cc1,0
Cc1cc(-c2nnc(SCC(=O)NC3CCCC3)o2)no1,0
CCn1c(-c2cc(OC)c(OC)c(OC)c2)n[nH]c1=S,0
CCC(C)NC(=O)C1(C)CCC(=O)N1CCc1ccc(OC)c(OC)c1,0
CC(C)c1[nH]c(=O)c(C#N)c2c1CSC(C)(C)C2,0
CN(C)S(=O)(=O)c1cccc(C(=O)Nc2ccc(Cl)cn2)c1,0
O=C(NC(=O)c1ccccc1)NC1(C(F)(F)F)OCCO1,0
CC(/C=C/c1ccccc1)=N\O,0
Cc1cccc(NC(=O)c2ccccc2NC(=O)C(C)(C)C)n1,0
Cc1cc(Nc2ccccc2)n(-c2nc3ccccc3[nH]2)n1,0
COc1cc(C(=O)Nc2cccc3ncccc23)cc(OC)c1OC,0
CC(C)Cc1nc(NCCN2CCOCC2)c(C#N)c2c1COC(C)(C)C2,0
CCc1ccc(NC(=O)C(C)Nc2ccc(S(=O)(=O)NC(C)=O)cc2)cc1,0
CCOC(=O)c1cccc(NC(=O)CSc2nnnn2C)c1,0
CC1CC(c2ccccc2)N2NC(NC(=O)c3ccco3)=NC2=N1,0
CC(OC(=O)c1cc2sccc2n1C)C(=O)NCC1CCCO1,0
CCC(C)C(NC(=O)NCc1cccc(OC)c1)C(=O)OC,0
COc1ccc(NC(=O)c2cnc(C)cn2)c2ncccc12,0
COc1ccc(S(=O)(=O)N2CCCN(Cc3cccc(F)c3)CC2)cc1,0
CCOC(=O)CNC(=O)CSc1ncnc2c1cnn2-c1ccc(Cl)cc1,0
O=C(CSc1nnc(-c2ccco2)o1)NCC(=O)c1ccccc1,0
O=C(CN1CCCC1)N1c2ccccc2Sc2ccccc21,0
O=C(Nc1ccccn1)c1cccnc1,0
CCSc1nnc(Cc2cc(=O)[nH]c(=O)[nH]2)n1-c1cc(C)ccc1C,0
COc1ccc(N2CCN(C(CNC(=O)c3ccco3)c3cccnc3)CC2)cc1,0
COc1ccccc1-c1nnc(NC(=O)C(C)C)s1,0
C=CCNC(=O)COc1ccc(S(=O)(=O)NC2CCCCC2)cc1,0
O=C(Cn1cnc2scc(-c3ccccc3)c2c1=O)N1CCOCC1,0
CNC(=O)NCC12CC3CC(CC(C3)C1)C2,0
COCc1cc(C)nc(Nc2cc(C)ccc2C)c1C#N,0
COc1cccc(C2C(C#N)=C(N)Oc3cc(C)oc(=O)c32)c1OC,0
O=C(O)c1cccn2c(=O)c3ccccc3nc12,0
C=CCNc1nc(N2CCOCC2)c(C#N)c2c1CN(C)CC2,0
CCc1c(C)c(C#N)c2nc3ccccc3n2c1N(C)C,0
COc1ccc(CNC(=O)C(C)N(Cc2ccco2)C(=O)c2snc(C(N)=O)c2N)cc1,0
COc1cccc2sc(Nc3nc(C)c(C(C)=O)s3)nc12,0
OCCNCc1ccc(OC2CCCC2)cc1,0
CCOC(=O)c1c(N)sc2c(NC(C)=O)cccc12,0
O=C(Nc1ccc2oc(=O)ccc2c1)c1ccco1,0
COc1ccc(-c2nnc(Nc3nc4c(OC)cccc4s3)o2)cc1,0
Cc1nc2n[nH]c(N)c2c2c1COC(C)(C)C2,0
CCOC(=O)c1oc2ccccc2c1NC(=O)Cc1cccs1,0
CCOC(=O)C1CCCN(C(=O)C2CCN(S(=O)(=O)c3cnc[nH]3)CC2)C1,0
CCOc1ccc(CNc2ccc3c(c2)nc(C)n3C)cc1,0
CC(C)N1C(=O)CCC1C(=O)N1CCC(Cc2ccccc2)CC1,0
COc1ccc(C(=O)Nc2ccccc2C(=O)NCCCn2ccnc2)cc1,0
COC(=O)C1=C(C)N(C)C(=O)NC1c1ccc(O)c(OC)c1,0
Cc1ccc(NC(=O)C2CC(c3ccc(F)cc3)=NO2)cc1,0
Cc1ccc(S(=O)(=O)NCC2CCC(C(=O)NCc3ccco3)CC2)cc1,0
COc1ccc(Cc2nnc(NC(=O)Cc3cccs3)s2)cc1OC,0
OC1CN=C2CCCc3c2n(c2ccc(Cl)cc32)C1,0
CCCc1nnc(NC(=O)c2c(O)n3c4c(cccc4c2=O)CCC3)s1,0
O=C(NCc1ccoc1)c1ccc(NC(=O)c2ccccc2Cl)cc1,0
O=C(Nc1ccc2c(c1)nc1n2CCOC1)c1ccco1,0
C=C(C)CSc1nnc2n(C)c(=O)c3c4c(sc3n12)CCC4,0
CCOC(=O)N1CCN(Cc2cccs2)CC1,0
Cc1cc(C)nc(NC2=NCC(=O)N2c2ccc3c(c2)OCCO3)n1,0
COc1cccc(N2CCN(CC(=O)Nc3nc4c(s3)CC(C)CC4)CC2)c1,0
CSCCC(NC(=O)c1c(C)oc2c1CCCC2)C(=O)O,0
COc1cc(CSc2ncn[nH]2)c(OC)cc1CSc1ncn[nH]1,0
CCOc1ccc(N(CCC#N)S(=O)(=O)c2ccc(OC)cc2)cc1,0
COC(=O)c1ccccc1NC(=O)CN1C(=O)C2CCCN2c2ncc(Cl)cc21,0
CCOC(=O)C1=C(NC#N)OC(C)=C(C)C1c1ccc(O)cc1,0
c1ccn2c(c1)nc1c2nc2ccccn21,0
Cc1ccc(S(=O)(=O)N(C)CC(=O)NC2CC(C)(C)NC(C)(C)C2)cc1,0
CC(CCc1ccco1)NC(=O)Cn1ncc2c1-c1ccccc1OC2,0
O=C(CN(C(=O)c1ccco1)c1cccc(F)c1)NCc1ccc(F)cc1,0
O=C(NCc1cccnc1)c1cccc(F)c1,0
Cc1cccc(-c2c3c(=O)n(C)c(=O)n(C)c3cn2-c2ccc(O)cc2)c1,0
O=C(c1cccc(-c2nnc(-c3ccccc3)o2)c1)N1CCCCC1,0
CCN(CC)CCCNC(=O)CC1Sc2ccccc2NC1=O,0
c1ccc(OCCCn2nnc(-c3ccncc3)n2)cc1,0
c1cc2c(cc1Cn1cnnn1)OCO2,0
Cc1ccc2c(c1)C1(C(=O)N2C)N2CC3(C)CN1CC(C)(C2)C3=O,0
COc1cc(S(=O)(=O)NCCN2CCOCC2)c(OC)cc1Cl,0
Cc1ccc(CNC(=O)CN(C)S(=O)(=O)c2cccc3nsnc23)cc1,0
CCN1C(=O)/C(=C\N2CCN(c3ccccc3)CC2)SC1=S,0
CC(CC(=O)NC1CCSC1=O)c1ccccc1,0
CCOC(=O)c1sc(NC(=O)CSc2nnc3c4ccccc4n(C(C)C)c3n2)nc1C,0
COc1ccc(-c2onc3ccc(Cl)cc23)cc1OC,0
O=C(CCC1CCCCC1)Nc1ncn[nH]1,0
Cc1cc2cc(CNC(=O)CCC(=O)O)ccc2[nH]1,0
[O-]/[N+](=C/c1ccc(F)cc1)c1ccccc1,0
COc1ccc(NC(=O)C2CCCN2C(=O)OCc2ccccc2)c(OC)c1,0
CCc1nc2ccccc2c(C(=O)OC2CCOC2=O)c1C,0
COC(=O)/C=c1\s/c(=C(/C#N)C(=O)NCc2ccco2)n(-c2ccccc2)c1=O,0
O=C(Nc1ccc2c(c1)nc1n2CCSC1)c1ccccc1,0
c1ccc(-n2ncc3c2ncn2nc(CSc4nc5ccccc5s4)nc32)cc1,0
CC(=O)NC(CCS(C)(=O)=O)C(=O)Nc1ccc(Oc2ccccc2)cc1,0
CCS(=O)(=O)N1CCN(c2nc(-c3ccccc3)cs2)CC1,0
C=CCOC(=O)Nc1ccc(Cl)cc1NC(=O)OCC=C,0
CNc1nc(N2CCc3ccccc32)ncc1F,0
Cn1nnc(-c2ccc(OCc3ccccc3F)cc2)n1,0
O=c1cc(C(F)(F)F)c2sc(N3CCCCC3)nc2[nH]1,0
Cc1cc(O)c(C(C)C)cc1NC1=NC(=O)SC1,0
OC(CN1CCOCC1)Cn1c(-c2cccc(Cl)c2)nc2ccccc21,0
CCc1c(C)nc(N)n2c(SCC(=O)N3CCN(c4ccccc4F)CC3)nnc12,0
CC(=O)Nc1c(C#N)c(C(C)(C)C)cn1C,0
CCCCCCOc1ccc(C(=O)n2cnc(N)n2)cc1,0
Cc1ccc(Cl)cc1NC(=O)CSc1nnc(C)n1-c1ccccc1,0
CC(C)n1c(N2CCN(C(=O)c3cccs3)CC2)nc2ccccc21,0
O=C1CCN2NC(c3ccc(Cl)cc3)=CC2=N1,0
Cc1ccc(Cn2[nH]nc3c(=O)nc(C4CCN(C(=O)c5cccs5)CC4)nc2-3)cc1,0
Cc1n[nH]c(SCC(C)C)nc1=O,0
Cc1cc(N2C(=O)C3CCCN3C2c2sccc2C)no1,0
CCC(C)n1[nH]c(=O)cc1N,0
CC(C)(C)c1cc(NC(=O)c2cccnc2)no1,0
Cc1cc(=O)n2c(c1C#N)SC1CCCCC12O,0
Clc1cccc2sc(N3CCOCC3)nc12,0
CCOC(=O)c1c(-c2ccc(C)o2)csc1NC(=O)CSc1nnnn1-c1ccccc1,0
Cc1nc2ccc(NC(=O)N3CCOCC3)cc2s1,0
O=C1c2ccccc2C(Nc2ccc(F)c(Cl)c2)N1c1ccccn1,0
Cc1ccc(-n2ncc3c(N4CCC(C(N)=O)CC4)ncnc32)c(C)c1,0
COc1ccc(C(=O)O)cc1S(=O)(=O)NCCCN1CCCC1=O,0
O=C(NO)c1ccc(OC(F)F)cc1,0
CC(C)C(NC(=O)Nc1cccc(C(F)(F)F)c1)C(=O)O,0
CC(C)(C)c1ccccc1NC(=O)c1ccco1,0
CCCCn1nnnc1SCC(=O)Nc1ccc(C)cc1,0
O=C(c1ccc(S(=O)(=O)N2CCOCC2)cc1)N1CCc2ccccc2C1,0
Cc1ccc(N2CCN(C(=O)C3CCN(S(=O)(=O)c4cccc5nsnc45)CC3)CC2C)cc1,0
Cc1cc(C)n(C(=O)c2ccc(C)c(S(=O)(=O)N3CCOCC3)c2)n1,0
CN(CCCC(=O)NCc1ccco1)S(=O)(=O)c1ccccc1,0
Oc1cccc(Nc2ncnc3ccccc23)c1,0
CCN(CC)CCNC(=O)CS(=O)Cc1nc(-c2ccccc2Cl)oc1C,0
Cc1c(Cl)cccc1N1CC(C(=O)Nc2nccs2)CC1=O,0
COc1cc(NC(=O)c2noc3c2CCC3)c(OC)cc1Cl,0
O=C(C1CC1)N1CCN=C1SCc1cccc(F)c1,0
COc1ccc(N2CCN(S(=O)(=O)c3cccc4cccnc34)CC2)cc1,0
COc1cc(C)c(C(N)=O)c(OC)n1,0
CN(C)CCCNC(=O)C1CCNCC1,0
Nn1c(Cc2cccc3ccccc23)nnc1SC1CCOC1=O,0
O=C(Oc1oc(-c2ccco2)nc1/C=N/c1ccccc1)c1ccoc1,0
Cc1ccc2c(c1)C(O)(c1c(C)[nH]c3ccccc13)C(=O)N2,0
O=C(CN1CCCCCC1)OCCNC1=NS(=O)(=O)c2ccccc21,0
N#CC(C#N)=c1ccc2c(c1)NC1(CCCCC1)N=2,0
CCn1c(SCC(=O)N2CCC(C(N)=O)(N3CCCCC3)CC2)nc2ccccc2c1=O,0
CC(C)c1cc(NCCCN2CCOCC2)n2c(nc3ccccc32)c1C#N,0
CCN1C(=O)C2(C(C#N)=C(N)Oc3c2c(C)nn3-c2ccccc2)c2ccccc21,0
COc1ccc(S(=O)(=O)N(CC(=O)N2CCN(c3ccccc3OC)CC2)c2ccccc2)cc1,0
Cc1nc(NCc2ccco2)c2c3c(sc2n1)CCC3,0
CCOc1ccc(CN(C(=O)c2ccco2)C2CCS(=O)(=O)C2)cc1,0
Cc1cc(Cl)cc(C)c1OCCCCN1CCOCC1,0
Cc1cccc(-n2c(Cc3cc(=O)[nH]c(=O)[nH]3)nnc2SCC(=O)NCc2ccco2)c1,0
COc1cccc(OC)c1C(=O)Nc1c(C)n(C)n(-c2ccccc2)c1=O,0
c1ccc(-n2cnc3cc(NCc4ccncc4)ccc32)cc1,0
Cn1nc(-c2ccc(OCC(=O)N3CCN(Cc4ccccc4)CC3)cc2)c2ccccc2c1=O,0
CC(C)(C)NC(=O)CSc1nnc(Cc2ccc3c(c2)OCO3)n1C1CCCCC1,0
COc1ccc(-c2ccc(-c3nnn(CC(C)=O)n3)cc2)cc1,0
Nc1nnnn1/N=C/c1ccco1,0
O=C(CNS(=O)(=O)c1cccs1)N1CCc2ccccc2C1,0
COC(=O)c1cc(C(=O)OC)cc(S(=O)(=O)Nc2ccc(Cl)c(N)c2)c1,0
OC(CNCCc1ccccc1)c1ccccc1,0
Clc1cccc(Nc2c3c(nc4ncnn24)CCC3)c1,0
CC(OC(=O)CNC(=O)c1ccc2c(c1)OCO2)C(=O)NCCC1=CCCCC1,0
CNC(=O)CN1C(=O)CSc2ncccc21,0
Cc1cc2c(=O)n(C)c(SCC(=O)c3cc4ccccc4o3)nc2s1,0
O=C(C1=C(O)C(=O)N(CCN2CCOCC2)C1c1ccccn1)c1cccs1,0
Cc1cc(N2CCCCC2)n2ncc(-c3ccccc3)c2n1,0
CCCc1cc(C(=O)OC)c(NC(=O)OCC)s1,0
CCCCNC(=O)N1CCOCCOCCN(C(=O)NCCCC)CCOCC1,0
Cc1ccc(NC(=O)CSc2nnc(C3CCCCC3)n2N)cc1F,0
CC1C2CC(C(S(=O)(=O)N3CCOCC3)C2=O)C1(C)C,0
O=C(CCn1nc(-c2ccc(Cl)cc2)ccc1=O)N1CCOCC1,0
CCOC(=O)c1sc(NCC2CCCO2)nc1C,0
CCOC(=O)N1CCN(c2ncnc3c2cnn3-c2ccc(OC)cc2)CC1,0
CC(C)Nc1nc2n(c(=O)n1)CCN2C(C)C,0
O=C(NCc1ccco1)Nc1ccc2nsnc2c1,0
Nc1cc(C(=O)OCC(=O)NCc2ccco2)ccc1Cl,0
O=C(COc1ccccc1)Nc1ccccc1C(=O)NCc1ccco1,0
Cc1ccc(-c2csc3nnc(SCC(=O)Nc4cccc(C)n4)n23)cc1,0
CCOC(=O)c1csc(NC(=O)c2ccc(S(=O)(=O)N3CCCC3)cc2)n1,0
CCn1c(SCc2cccc(OC)c2)nnc1-c1ccco1,0
O=C(Nc1ccc(-c2cn3ccsc3n2)cc1)C1COc2ccccc2O1,0
O=C(Nc1ccccc1)NC1CS(=O)(=O)CC1O,0
NC(=O)COC(=O)c1ccc(Oc2ccccc2)cc1,0
COC(=O)c1sc2nc(N3CCCCC3)c3c(c2c1N)CC(C)(C)N(C)C3,0
CCn1c(C(=O)NCc2ccccn2)cc2sccc21,0
CCOc1ccc(N2C(=O)CC(NCCc3ccncc3)C2=O)cc1,0
Cn1c(=O)c2c(ncn2CC(=O)Nc2nc(-c3ccccc3Cl)cs2)n(C)c1=O,0
Cc1nc(NCCO)c2nnn(Cc3ccccc3F)c2n1,0
COc1ccc(CCNC(=O)CCn2c(=O)oc3ccccc32)cc1,0
COc1ccc(S(=O)(=O)N(CCCN2CCCC2=O)Cc2cc3c(C)cc(C)cc3[nH]c2=O)cc1,0
CC(Oc1ccc(Cl)cc1)C(=O)Nc1ncccn1,0
CC(O)CNc1nc2c(c(=O)n(C)c(=O)n2C)n1CCc1ccccc1,0
COC(=O)Cc1csc(Nc2c(C)n(C)n(-c3ccccc3)c2=O)n1,0
CC(C)(C)NC(=O)c1ccc2nccnc2c1,0
O=C(Cn1nnc(-c2ccccc2F)n1)Nc1ccc(S(=O)(=O)NC2CCCC2)cc1,0
CC(C)OCCCNC(=O)NC12CC3CC(CC(C3)C1)C2,0
Cc1nonc1NC(=O)CSc1ccc(-c2ccccc2)nn1,0
O=C(NC(Cc1ccccc1)C(=O)O)c1ccc(S(=O)(=O)N2CCOCC2)cc1,0
CN(CC(=O)Nc1ccc(C#N)cc1)Cc1ccc(Cl)cc1,0
CC1(C)CC(=O)c2sc(NC(=O)c3ccco3)nc2C1,0
COc1ccc(C(=O)NC(=O)N2CCCCC2)cc1,0
O=C(COc1ccc(Cl)cc1)NCc1nnc(SCC(=O)Nc2ccc3c(c2)OCCO3)o1,0
COCCSc1ccccc1C(=O)Nc1nncs1,0
O=C(Cn1cc2c(n1)CCCC2)NCc1cccc(Cl)c1,0
CCn1c(N)nc2c1c(=O)n(C)c(=O)n2C,0
N#CC1=C(N)Oc2n[nH]c(-c3cccs3)c2C1c1cccnc1,0
Cc1nn2c(-c3ccncc3)nnc2c2ccccc12,0
Cc1c(C(=O)CN2CCOCC2)[nH]c2ccccc12,0
COc1cccc(-c2nc(C(N)=O)c3[nH]c(=O)n(-c4ccccc4)c3n2)c1OC,0
Cc1ccc(NC(=O)C2CCCN(S(=O)(=O)c3c(C)noc3C)C2)c(C)c1,0
COc1ccc(OC)c(NC(=O)C2CC=CCC2C(=O)O)c1,0
CCn1c(SCC(=O)NCc2ccccc2)nc2ccccc2c1=O,0
CC(C)NC(=O)c1ccccc1NC(=O)CCS(=O)(=O)Cc1ccccc1,0
CCn1ncc(CN2CCN(C(=O)Nc3ccccc3C(=O)OC)CC2)c1C,0
COc1ccc(-c2nc(SC)n(S(=O)(=O)c3ccccc3)n2)cc1,0
O=C(O)C1Cc2c([nH]c3ccccc23)C(c2ccc3c(c2)OCO3)N1,0
Cn1c(=O)cc(SCC(=O)NCC2CCCO2)c2ccc(Cl)cc21,0
CC(=O)Nc1ccc(OCC(O)CN2CCN(c3cc(Cl)ccc3C)CC2)cc1,0
Cn1ccnc1Sc1nc2c(c(=O)n(C)c(=O)n2C)n1C,0
COCc1nnc(NC(=O)c2ccc(S(=O)(=O)N(C)c3ccccc3)cc2)o1,0
CCN(CC)C(=O)CSc1nc(=O)cc(O)n1CC,0
Cc1nc2ncnn2c(Nc2ccc3c(c2)OCCO3)c1C,0
CN(C)S(=O)(=O)c1ccc(Oc2ccccc2)cc1,0
N#CCCN1CCN(C2=NC(=O)C(=C3CCCCC3)S2)CC1,0
O=C(O)c1cn[nH]c1-n1cnnn1,0
C/N=C(\c1ccco1)n1c(=S)nc(-c2ccco2)n(C)c1=S,0
O=C(O)c1cccc2[nH]c(C(F)(F)F)nc12,0
CCOCCCNC(=O)c1ccc(OC)cc1,0
COc1ncnc2c1oc1nc(CC(C)C)c3c(c12)CCCC3,0
Cc1ccc(-c2nnn(CC(=O)Nc3cccc4cccnc34)n2)o1,0
CCC(=O)Nc1nc2ccc(NC(C)=O)cc2s1,0
CN(C)Cc1c(O)ccc2oc(Cc3ccccc3)cc12,0
CCOc1ccccc1NC1c2ccccc2C(=O)N1c1ccc(C)cn1,0
CCCN1CCN(C(=O)CCCNC(=O)Cn2cnc3sc(C)c(C)c3c2=O)CC1,0
COc1ccccc1Nc1nc(N)nc(CSc2nnc(C)s2)n1,0
CCSc1nc(N2CCOCC2)c2ccccc2n1,0
COCC(C)NC(=O)C1=CC(=C2C=CC(=O)C=C2)ON1,0
CCCNc1nc2c(c(=O)[nH]c(=O)n2C)n1Cc1ccc(F)cc1,0
CCC(C)(C)n1nnnc1C(c1ccccc1OC)N1CCSCC1,0
O=C(Nc1ccon1)c1cc(-c2ccccc2)nc2ccccc12,0
COC(=O)c1c(NC(=O)CSc2nnnn2C)sc(C)c1C,0
N#Cc1c(-c2cccnc2)c2c([nH]c1=S)CCCC2,0
CC(C)(C)n1nnnc1C(c1ccc2ncccc2c1)N1CCSCC1,0
c1coc(-c2nnc3n2C2(CCCC2)Cc2ccccc2-3)c1,0
COC(=O)c1ccc(Oc2cc(C)nc(SC)n2)cc1,0
CN(C)S(=O)(=O)c1ccc2c(c1)C(CC(=O)O)NC2=O,0
CC(C)(C)NC(=O)CSc1nnnn1C(C)(C)C,0
COc1ccc(-n2ccnc2SCC(=O)Nc2ccc(OC)cc2OC)cc1,0
Cc1ccc(CNc2ccc(N3CCOCC3)c(C(=O)O)c2)s1,0
CCCn1c(C)nc2c(c1=O)c1nc3ccccc3nc1n2CCC1=CCCCC1,0
CC1CN(C(=O)CSc2nc3cc(Cl)ccc3o2)CC(C)O1,0
Cc1cc(=O)nc(Nc2cccc(C(F)(F)F)c2)[nH]1,0
O=C(NCC1CCCO1)C1CCC(CNS(=O)(=O)c2ccccc2)CC1,0
Cc1cc(=O)[nH]c(SCC(=O)c2ccccc2)c1C#N,0
COC(=O)CN(c1nc(C)cc(OC)n1)S(=O)(=O)c1ccccc1,0
O=C(Nc1ccc(N2CCOCC2)cc1)c1cnsn1,0
CC1(C)NC(=O)N(CCOCCSc2ccccc2)C1=O,0
COC(=O)CSc1nc(-c2ccccc2)cc(-c2ccco2)c1C#N,0
CCOC(=O)c1c(-c2cccs2)csc1NC(=O)CSc1ncn[nH]1,0
O=C(CSc1ncn(-c2ccccc2)n1)Nc1ccc2c(c1)OCO2,0
O=C(C1CCC1)N1CCc2cc(S(=O)(=O)NCc3ccco3)ccc21,0
COc1cc(S(=O)(=O)N2CCN(c3ccccc3F)CC2)c(OC)cc1Cl,0
COc1cc(-c2noc(-c3cccc(Cl)c3)n2)cc(OC)c1OC,0
CC(/C=N/O)Cc1ccc2c(c1)OCO2,0
CCOc1ccc2nc3ccc4[nH]onc4c3c2c1,0
COC(=O)c1cc(NC(=O)CC2SCCNC2=O)cc(C(=O)OC)c1,0
CC1(C)C=C(c2ccc(O)cc2)CC(C)(C)N1,0
C=CCNC(=O)c1ccccc1NS(=O)(=O)c1ccccc1,0
CC(C)c1ccc(-c2[nH]c(N3CCOCC3)nc(=O)c2C#N)cc1,0
COc1ccc(NC(=O)CSc2c(C)nn(-c3nc(=O)c(C)n[nH]3)c2C)cc1,0
NC(=O)c1c(NC(=O)CSc2nnc(-c3ccccc3)n2CC2CCCO2)sc2c1CCC2,0
O=S(=O)(CCCc1ccccc1)c1ncn[nH]1,0
CCc1nc(N)c(C#N)c(-c2cccn2C)c1C,0
CN1C(=O)N(C)C2(CC1(C)C)CC(C)(C)N(C)C(=O)N2C,0
CC1(C)CC(=O)CC(C)(C)N1OC(=O)c1ccncc1,0
CCCN1C2CCCC1CC(NC(=O)c1ccccc1)C2,0
COc1ccc(C(=O)Nc2cc(=O)n(C)c(=O)n2C)cc1OC,0
CCCCN1CC(=O)C(c2nc3ccccc3s2)=C1N,0
O=C(CSc1cccc[n+]1[O-])c1cc2ccccc2o1,0
O=C(Nc1ccc2[nH]c3c(c2c1)CCCC3)c1ccco1,0
Cc1nnc(SCCOC(N)=O)n1C,0
CCCc1nc(SCC(=O)NCc2ccco2)c2c(=O)n(C)c(=O)n(C)c2n1,0
Cc1noc(NS(=O)(=O)c2ccc(NC(=O)c3ccoc3C)cc2)c1C,0
CCN(CC)S(=O)(=O)c1cccc(C(=O)Nc2cccnc2)c1,0
Cc1ccc(N2CC(C(N)=O)CC2=O)cc1,0
COc1ccccc1N1CCN(S(=O)(=O)c2cnc[nH]2)CC1,0
O=C(CS(=O)(=O)Cc1ccccc1)Nc1nnc(C2CCCCC2)s1,0
COc1ccc(Cl)cc1NC(=O)c1ccco1,0
Cc1ccc2c(c1)c1c(n2CC(O)Cn2c(C)nc3ccccc32)C(=O)CCC1,0
CCc1nnc(NC(=O)c2cc3ccccc3oc2=O)s1,0
COC(=O)CC(=O)Cc1nc(N)nc(Nc2ccc(C)c(C)c2)n1,0
CCOc1ccc(-n2c(SCc3nc(-c4cccs4)no3)nnc2-c2ccncc2)cc1,0
CCOC(=O)c1[nH]c2ccc(OC)cc2c1NC(=O)C(C)N1CCC2(CC1)OCCO2,0
O=S(=O)(Nc1ccc2c(c1)OCCO2)c1cccs1,0
COc1ccc2nc(NC(=O)c3ccoc3C)sc2c1,0
C=CCn1c(SCC(=O)NCCOC)nc2scc(-c3ccco3)c2c1=O,0
COc1ccc(NC(=O)c2oc3ccccc3c2NC(=O)c2ccco2)c(OC)c1,0
CCOC(=O)c1[nH]c(C)c(C(=O)NCCc2ccc(OC)cc2)c1C,0
CC(C)CC(=O)N1CCN(C(=O)c2cccc(F)c2)CC1,0
CCOc1ccccc1-n1c(SCC(=O)NC(C)(C)C)nnc1-c1ccoc1C,0
Cc1ccc(Nc2nc(C(=O)NCCCN3CCOCC3)cs2)cc1,0
CCOc1cc(C(=O)NC(C)COC)cc(OCC)c1OCC,0
COc1cccc(NC(=O)c2oc3ccccc3c2NC(C)=O)c1,0
COc1ccc(CN/C(C)=C(/C#N)C(N)=O)cc1OC,0
Cc1cc(SCC(=O)NC(=O)NCc2ccco2)nc2c(C)cccc12,0
O=C(O)CSC1CC(=O)N(c2cccc(Cl)c2)C1=O,0
CS(=O)(=O)N1CCCC(C(=O)NCCc2ccccc2)C1,0
N#Cc1c(N)nc(SCc2ccccc2)c(C#N)c1-c1ccco1,0
O=S(=O)(NCCc1cn2ccccc2n1)c1cccs1,0
NC1=CC(=O)c2cccc3cccc1c23,0
CCOC(=O)c1[nH]c(CSc2nnnn2-c2ccccc2C)c(C(=O)OCC)c1C,0
COc1cc(C(=O)NCCc2ccc(S(N)(=O)=O)cc2)cc(OC)c1OC,0
COCCSc1nnc(NC(=O)CSCc2ccccc2)s1,0
O=C(COC(=O)c1ccc(=O)n(Cc2ccccc2)n1)Nc1ccc2c(c1)OCCO2,0
CCCCNc1nc2c(c(=O)n(C)c(=O)n2C)n1CCC,0
CNC(=O)Nc1ccccc1C(=O)NCc1ccccc1,0
O=C(CCC(=O)Nc1nnc(C2CCCCC2)s1)NCc1cccs1,0
S=C(/N=N/c1ccccc1)NNc1ccccc1,0
O=C(Nc1ccc(-c2nnco2)cc1)c1ccccc1,0
O=C1Nc2ccc(S(=O)(=O)N3CCOCC3)c3cccc1c23,0
COCCCn1c(CCC(=O)O)ccc1-c1cccs1,0
CCc1ccccc1NC(=O)Cn1nnc(-c2cccnc2)n1,0
Cc1ccc(C(=O)CSc2nnc(CNc3ccc(C)cc3C)n2Cc2ccco2)cc1,0
CC1(C)C2CC=C(CN3CCOCC3)C1C2,0
CCCCCNc1nc(N2CCCC2)c2c(c1C#N)CCN(C)C2,0
COC(=O)CSc1nc2c(c(=O)[nH]c(=O)n2C)n1CCC(C)C,0
NC(=O)c1ccccc1N/C=C/C(=O)c1ccccc1,0
COc1ccc2[nH]cc(C(=O)CN(C)CCc3ccc(OC)c(OC)c3)c2c1,0
CCCC(=O)Nc1sc2c(c1C#N)CCCC2,0
CN(C)c1ccc(CN2CC=C(c3ccc(F)cc3)CC2)cc1,0
CC#CCCCC(=O)Nc1ccccc1C(=O)O,0
COc1ccccc1NS(=O)(=O)c1ccc(O)c(C(N)=O)c1,0
COc1ccc(-c2nnc(SCC#CCO)o2)cc1OC,0
Cc1cc(NC(=O)Cn2nc(C(F)(F)F)c3c2CCC3)no1,0
COc1ccc(-c2nc3c(=O)n(C)c(=O)[nH]c3n2CCc2ccccc2)cc1,0
CCOC(=O)c1c(C)nc(-c2ccccc2)nc1N,0
Cc1cccc(-n2c(N)cc(=O)[nH]c2=S)c1C,0
COc1ccc(CN(CCCN2CCOCC2)S(=O)(=O)N(C)C)cc1OC,0
CC(C)c1nnc(NC(=O)c2c(O)n3c4c(cccc4c2=O)CC3)s1,0
Cc1ccc2[nH]c3c(c2c1)CN(C(=O)CN1CCN(c2ccccc2)CC1)CC3,0
COc1ccccc1-c1nnc2sc(-c3cnccn3)nn12,0
COCCNC(=O)c1ccccc1NC(=O)COc1ccccc1,0
Cc1ccc2oc(Nc3nc(C)cc(C)n3)nc2c1,0
CCCn1c(-c2ccccc2)nc2c(=O)n(C)c(=O)[nH]c21,0
CCN(CC)CCCN1C(=O)c2oc3ccccc3c(=O)c2C1c1cc(OC)ccc1OC,0
Cc1noc(C)c1CSCC(=O)OCC(=O)Nc1sccc1C#N,0
O=C(CSCC(=O)N1CCOCC1)Nc1ccccc1,0
Cc1cc(C)c2c(n1)sc1c(N3CCN(CCO)CC3)ncnc12,0
O=C(Nc1ccc(Cl)cn1)C1CCCN1S(=O)(=O)c1ccccc1,0
CN1CCN(C(=O)CN(c2cccc(Cl)c2)S(=O)(=O)c2ccccc2)CC1,0
O=C(NCCNC(=O)c1ccco1)c1cccc(F)c1,0
O=C1c2ccccc2S(=O)(=O)N1CCOc1ccc(F)cc1,0
CC(C)CN(CC(C)C)c1nnc(N)s1,0
O=C(Nc1ccc2c(c1)ncn2-c1ccccc1)c1ccco1,0
CC(=O)NCCc1cc2ccc(C)cc2[nH]c1=O,0
CCOC(=O)c1sc2nc3n(c(=O)c2c1C)CCCCC3,0
CCCn1nc(-c2nnc(-c3ccc(C)c(C)c3)o2)c2ccccc2c1=O,0
O=C(NCC(c1cccnc1)N1CCN(c2ccc(F)cc2)CC1)c1ccccc1,0
Cn1c(C(=O)Nc2ccc3c(c2)OCO3)cc2sccc21,0
CCc1nc(SCc2cccnc2)c2c(=O)n(C)c(=O)n(C)c2n1,0
COc1ccc(C2C(C(C)=O)=C(O)C(=O)N2CCCn2ccnc2)cc1OC,0
CC1CCCN(C(=O)CSc2nnc(-c3ccc(S(=O)(=O)N4CCOCC4)cc3)n2C)C1,0
CC1CCCC(C2(O)C(=O)Nc3ccccc32)C1=O,0
O=C(CSc1nnc(COc2ccc3c(c2)CCCC3)o1)Nc1ccc(F)cc1,0
CCCCOCCCn1c(-c2ccco2)nc2nc3ccccc3nc21,0
COc1ccc(Cl)cc1NC(=O)CN1C(=O)CSC1=O,0
Cc1cc(C)c(C)c(OCC(=O)NCC2CCCO2)c1,0
COc1cc(NC(=O)C2CC(=O)NC3=C2C(=O)CC(C)(C)C3)c(OC)cc1Cl,0
CS(=O)(=O)Nc1ccccc1C(=O)NC1CC2CCC1C2,0
O=C(OCc1cc2ccccc2[nH]c1=O)c1ccccn1,0
Cc1noc(C)c1S(=O)(=O)Nc1ccc(C(=O)NC2CCCCC2C)cc1,0
CCOc1ccccc1Nc1ccc(C(=O)O)cc1NC(C)=O,0
CCCCc1cc(=O)oc2cc(C)c(CN3CCCC3)c(O)c12,0
COc1ccc(OC)c(NC(=O)C2CCN(S(C)(=O)=O)CC2)c1,0
CN(C)c1ccc(NC(=O)CSc2nc(=O)c3c([nH]2)CCCC3)cc1,0
CN(C1CCCCC1)S(=O)(=O)c1ccc(C(=O)O)cc1,0
CCCC(C)C(=O)Nc1ccc(C(N)=O)cc1,1
CCOC(=O)c1c(-c2ccncc2)csc1N,0
COCCn1c(N)c(NCc2ccccc2)c(=O)n(CC(=O)Nc2cc(C)ccc2C)c1=O,0
COc1cccc(-n2c(C)nnc2SCC#N)c1,0
O=C(NCCc1ccccc1)c1cccnc1N1CCCCCC1,0
CCCCNc1cc(=O)n(C)c(=O)n1C,0
Cc1cccc(Nc2nc(N)nc(CN3CCN(C)CC3)n2)c1,0
COCCN1C(=O)c2oc3c(C)cc(C)cc3c(=O)c2C1c1cccc(O)c1,0
O=C(NC12CC3CC(CC(C3)C1)C2)N1CCC(O)(c2ccc3c(c2)OCO3)CC1,0
CC1CCN(S(=O)(=O)c2cccc(-c3nnc(-c4cccnc4)o3)c2)CC1,0
CCc1ccc(C(=O)NCC2COc3ccccc3O2)o1,0
O=C(NCc1ccco1)c1cc2ccccc2c(=O)o1,0
O=C(NCc1ccccn1)c1ccc(CS(=O)(=O)Cc2ccc(Cl)cc2)o1,0
Cc1ccc2cc3c(NC(=O)c4cccnc4)nn(C)c3nc2c1,0
CCOc1ccc(-n2nc(C(=O)N3CCOCC3)c3ccccc3c2=O)cc1,0
COc1ccccc1N1CCN(S(=O)(=O)c2cn(C)c(=O)n(C)c2=O)CC1,0
O=C(NCc1cccs1)c1ccc2c(c1)OCCO2,0
Cc1ccc(S(=O)(=O)N2CCCC(C(=O)NCc3cccnc3)C2)cc1Cl,0
Cc1cccc(NC(=O)CCN2C(=O)c3ccccc3C2=O)n1,0
CCn1c(CNc2ccc(C)cc2C)nnc1SCC(=O)N1CCCc2ccccc21,0
COc1ccc(-c2noc(CN(C(=O)C(C)(C)C)C(C)C)n2)cc1,0
COCCN1CC(=O)C(c2nc(=O)c3ccccc3[nH]2)=C1N,0
COc1nc(C)ccc1-c1noc(-c2ccncc2)n1,0
Cc1ccccc1-c1nc(CN2CCC(C(=O)NCC3CCCO3)CC2)c(C)o1,0
CCCOC(=O)c1ccc(OC2=CNN/C2=C2\C=CC(OC)=CC2=O)cc1,0
Cc1ccc(C(=O)/C=C/Nc2cccc(O)c2)cc1,0
CCOc1ccc(C2CC(c3ccc(OC)cc3)N3NC=NC3=N2)cc1,0
CSc1nc(NC(C)(C)C)nc(Oc2ccc(=O)[nH]n2)n1,0
O=C(NCCCn1ccnc1)c1ccncc1,0
O=C(O)C1C2C=CC3(CN(Cc4cccs4)C(=O)C13)O2,0
Cc1cc(C(=O)NCCC2=CCCCC2)c(C)o1,0
CCOC(=O)c1[nH]c(C)c(/C(O)=C2\C(=O)C(=O)N(CCN(C)C)C2c2ccco2)c1C,0
Nc1cccc(-c2nc3ccccc3[nH]2)c1,0
CCCCCn1c(N2CCN(Cc3ccccc3)CC2)nc2c1c(=O)[nH]c(=O)n2C,0
Cn1c(SCC(=O)NCc2cccs2)nnc1-c1ccc(S(=O)(=O)N2CCCC2)cc1,0
CSCCC(=O)Nc1ccc(C(C)=O)cc1,0
CCOC(=O)Nc1cc(C)c(Cl)cc1OC,0
Cc1cc(C)n(-c2nc(NCCO)c3c4c(sc3n2)CCCC4)n1,0
COc1ccc(OC)c(NC=C2C(=O)OC3(CCCCC3)OC2=O)c1,0
Cc1ccc2c(c1)C(C)(C)C1(C)NC(=O)CCN21,0
COc1cccc(OC)c1-c1nnc(-c2cn(C)c3ccccc23)o1,0
CCOC(=O)c1cnn2c(C(F)(F)F)cc(-c3ccccc3)nc12,0
c1cc2c(cc1C1=Nn3c(nnc3C3CCCCC3)SC1)OCO2,0
C=CCn1c(SCCN2CCCCC2)nc2c1c(=O)[nH]c(=O)n2C,0
S=c1[nH]ncc2ccccc12,0
O=C(NCc1ccco1)C1CC(=O)N(c2ccc(F)cc2)C1,0
Cn1c(=O)c2c(nc(SCC(=O)OCc3ccccc3)n2C)n(C)c1=O,0
COc1cc(NC(=O)CN2CCN(c3ccccc3F)CC2)cc(OC)c1,0
O=C(NCc1ccco1)c1nc2ccccc2s1,0
COc1cccc(-n2cnc3cccc(N)c32)c1,0
O=C(NC1=NCCS1)c1ccncc1,0
NC(=O)c1c(NC(=O)CSc2nnc(Cc3ccccc3)n2Cc2ccco2)sc2c1CCC2,0
Cc1cc2nnc(SC(C)C#N)n2c2ccccc12,0
O=C(CN(Cc1ccccc1)C(=O)CCC(=O)Nc1ccccn1)NCc1ccco1,0
CC1CCc2c(C(=O)NCCCN3CCOCC3)csc2C1,0
COc1ccc(N(CC(=O)NC2CCCCCCC2)S(=O)(=O)c2c(C)nn(C)c2C)cc1,0
Cn1c(NCc2ccccc2)nc2c1c(=O)n(Cc1ccccc1)c(=O)n2C,0
CS(=O)(=O)N1CCN(c2nc3ccccc3s2)CC1,0
CCCC(=O)Nc1cccc(-c2cn3ccsc3n2)c1,0
O=C(c1ccc(-c2ccccc2)cc1)N1CCCC1,0
COCCn1c(SCC(=O)c2ccc(CNC(C)=O)o2)nc2ccccc2c1=O,0
O=c1cc(CSc2ccc(Cl)cc2)nc2nc[nH]n12,0
Cc1c(C(=O)N2CCCC2)oc2c1-c1[nH]ncc1CC2,0
O=C(CCNc1n[nH]c(=O)[nH]c1=O)N1CCOCC1,0
CC(=O)N1CN(CCCn2ccnc2)Cc2c1sc1c2CCCC1,0
COc1cc(C2C(C#N)=C(N)Oc3cc(C)n(CCc4ccccc4)c(=O)c32)cc2c1OCO2,0
Cc1cnc(C(=O)Nc2ccc(-n3cnnn3)cc2)cn1,0
O=C(CSc1nnnn1-c1ccccc1)Nc1ccc(Cl)cn1,0
CC1=C(C(=O)NCc2ccccc2)C(c2cccs2)N2NC=NC2=N1,0
Clc1ccccc1OCc1nc(-c2ccccn2)no1,0
COc1c(Cl)ccc(Cl)c1C(=O)NC(=O)N1CCOCC1,0
O=C(O)Cn1nc(-c2ccc(F)cc2)oc1=O,0
C(=N/n1cnnc1)\c1ccc(OCc2ccccc2)cc1,0
Nc1ccc(S(=O)(=O)N2CC3CC(C2)c2cccc(=O)n2C3)cc1,0
CN(C)C(=O)Cn1c(=O)n(C)c2ccccc21,0
CC1CCCCC1NC(=O)Cn1[nH]c(=O)c2ccccc2c1=O,0
O=C(CN1CCN(c2ccccc2)CC1)Nc1ccccc1C(F)(F)F,0
CC(C)Cc1cc(C(=O)NCc2ccco2)no1,0
O=C(NCc1ccc2c(c1)OCO2)c1ccc(-n2cnnn2)cc1,0
CNC(=O)CSc1nnnn1-c1ccc(C)cc1C,0
CN1CCc2c(sc3c2c(=O)n(-c2ccccc2)c2nnc(SCc4ccccc4)n32)C1,0
CCCc1nc(NC(C)=O)c(C#N)c(-c2ccco2)c1CC,0
Cc1cccn2c(N)c(-c3ccccc3)nc12,0
Cc1ccc(S(=O)(=O)CC2CSc3nnc(C)c(=O)n32)cc1,0
CCC(=O)c1ccc(OCC(O)CN2CCN(S(=O)(=O)N3CCCCC3)CC2)cc1,0
CCOc1ccc(NC(=O)CCC(=O)OC)cc1,0
N#CC1=C(N)Oc2n[nH]c(-c3ccc(F)cc3)c2C1c1ccncc1,0
O=C(CN1CCc2[nH]c3ccccc3c2C1)N1CCCCC1,0
CCCN1Cc2cccc(C(=O)NC3CCCC3)c2C1=O,0
O=C(CN(C(=O)CSc1nnc(COc2ccccc2)o1)c1ccc(F)cc1)NC1CCCC1,0
O=S1(=O)N=C(NCc2ccccc2)c2ccccc21,0
COCCOC(=O)C1=C(C)NC(=O)NC1C1CC=CCC1,0
O=CNCCCc1nc2ccccc2n1Cc1ccccc1,0
Cc1ccc(N2CN=c3s/c(=C\c4cccnc4)c(=O)n3C2)cc1,0
Cc1ccc(S(=O)(=O)NCC(=O)OCC(=O)N2CCc3ccccc32)cc1,0
COc1ccc(NC(=O)Cn2nnc(-c3ccccc3N)n2)cc1OC,0
COc1cccc(Nc2ncccc2C(=O)O)c1,0
CCCC(=O)Nc1ccc2nc(SCC(=O)Nc3nccs3)sc2c1,0
CC(C)C(=O)Nc1ccc(Nc2ccccc2)cc1,0
COc1ccccc1OCCCc1c(C)n[nH]c1C,0
O=C(Nc1ccon1)c1sc2ccccc2c1Cl,0
CC1CCc2nn(CC(=O)Nc3ccc(F)cc3F)cc2C1,0
c1ccc(-c2nc3nonc3nc2-c2ccccc2)cc1,0
COc1ccc(C2C(C(C)=O)=C(C)N=c3s/c(=C\c4ccc5c(c4)OCO5)c(=O)n32)c(OC)c1,0
Cc1nc(NC(=O)CSc2nnnn2Cc2ccccc2)sc1C,0
COc1cc2cc(C(c3nnnn3C3CCCC3)N3CCCCC3)c(=O)[nH]c2cc1OC,0
COc1cc(C)nc(N2CCC(C(N)=O)CC2)n1,0
Cc1cccc(OCc2nnc(SCC(=O)Nc3sc(C)c(C)c3C#N)n2C)c1,0
CS(=O)(=O)N1CCN(c2nnc(-c3ccccc3)c3ccccc23)CC1,0
COc1cccc(-c2ccc(=O)n(CC(=O)NCCN3CCOCC3)n2)c1,0
Cc1onc(-c2ccccc2Cl)c1C(N)=O,0
Nc1cc(N)nc(SCc2ccccc2)n1,0
CCOC(=O)c1nc(-c2ccccc2)oc1N(C)C,0
Cc1ccc(C(=O)NCCCC(=O)O)o1,0
Cn1c(=O)c2c(ncn2CC(N)=O)n(C)c1=O,0
O=C(O)c1ccc(Cl)c(S(=O)(=O)NCc2ccco2)c1,0
O=C(COc1ccccc1)NCC(=O)NC1=NCCS1,0
CC(=O)c1cc2c(=O)c3cc(C)ccc3oc2nc1C,0
O=C(Nc1cccnc1)c1ccc(COCC(F)(F)F)cc1,0
O=C(O)c1ccc(CN2C(=O)CSC2=S)cc1,0
CCOC(=O)c1c(C)c(C(=O)NCc2ccccc2OC)c(C)n1C,0
COC(=O)CSc1nnc(-c2ccc(S(=O)(=O)N3CCC(C)CC3)cc2)o1,0
CSc1ccccc1NC=C1C(=O)CC(C)(C)CC1=O,0
CCc1ccc(C(=O)CSc2n[nH]c(C)n2)cc1,0
Cc1noc(C)c1CSc1ncnc2sc3c(c12)CCC3,0
Cc1noc(C)c1CSc1nc2ccccc2[nH]1,0
COc1ccc(S(=O)(=O)CCC(=O)NC2CCCCC2)cc1,0
COc1ccc(/C=N/c2nc3ccccc3n2C)cc1OC,0
Cc1ccc(C)n1-n1cnc2scc(-c3cccs3)c2c1=O,0
COc1ccccc1CNC(=O)c1cc2c(=O)n(C)c3ccccc3c2n1C,0
COc1cc(OC)cc(C(=O)NCc2n[nH]c(=S)n2-c2ccccc2OC)c1,0
C=CCn1c(NCCOC)nc2c1c(=O)n(C)c(=O)n2C,0
O=C(Cc1ccc(F)cc1)Nc1c2c(nn1-c1cccc(Cl)c1)CS(=O)C2,0
Cc1nc2ccc(NC(=O)C3CCN(S(=O)(=O)c4cccs4)CC3)cc2s1,0
CCOC(=O)c1c(C)n(C)c2ccc(OC(=O)c3ccoc3)cc12,0
CCSc1nnc(NC(=O)CCc2ccccc2)s1,0
Cc1cccc(-c2c3c(=O)n(C)c(=O)n(C)c3cn2CCO)c1,0
Cc1ccc(-c2noc(CCC(=O)N(C)c3ccccc3C)n2)cc1,0
Cc1ccc(NCc2nnc(SCC(=O)Nc3ncc(C)s3)n2CC2CCCO2)c(C)c1,0
NS(=O)(=O)c1ccc(NC=C2C(=O)OC3(CCCCC3)OC2=O)cc1,0
N#CC1=C(SCC(=O)NCc2ccccc2)NC(=O)CC1c1ccco1,0
Nc1cccc(C(=O)Nc2ccco2)c1,0
COc1ccc(C2CC3(CC(C)(C)NC(=O)N3)Oc3cc(O)ccc32)cc1,0
Cc1cc(SCc2ccccc2)nc(=O)[nH]1,0
O=C(CSc1nnc(-c2ccco2)n1Cc1ccco1)NCc1cccs1,0
CCn1cc(S(=O)(=O)CC(=O)Nc2ccc3c(c2)OCO3)c2ccccc21,0
COC(=O)c1sccc1NC(=O)Cn1nnc(-c2ccc(C)cc2)n1,0
CCCCC(=O)Nc1ccc(NC(=O)C2CC2)cn1,0
CNC(=O)C1CCCN1S(=O)(=O)c1ccc(OC)cc1,0
Cc1cc(Nc2ccccc2)n(CCC#N)n1,0
COc1cccc(N(CC(=O)Nc2ccccc2C)S(C)(=O)=O)c1,0
CCc1cc(N2CCOCC2)cc2c1[nH]c1ccccc12,0
CCOc1cccc(-c2nnc(SCC(=O)Nc3cccc(OC)c3)n2N)c1,0
COc1ccc2nc(SCC(=O)N3CCNC3=O)[nH]c2c1,0
O=C(CSc1n[nH]c(-c2ccccc2)n1)NC(=O)NCc1ccco1,0
CC1(C(=O)Nc2ccccc2C(=O)O)Cc2ccccc2C(=O)O1,0
CCCN1C(=O)c2ccc(C(=O)Nc3cc(C)on3)cc2C1=O,0
COc1ccc(C(=O)NCc2nc3ccccc3[nH]2)cc1OC,0
Cc1csc(NC(=O)CNC(=O)OCc2ccccc2)n1,0
CC(=O)N1CCN(Cc2nc3cc(NS(C)(=O)=O)ccc3n2C)CC1,0
COc1ccccc1CNC(=O)CN1CCN(Cc2ccc(Cl)cc2)C1=O,0
CCCCCNC(=O)C(C)NS(=O)(=O)c1ccc(OC)cc1,0
Cc1nnc2n(C3CCCCC3)c(=O)c3c4c(sc3n12)CCC4,0
Cc1ccc(S(=O)(=O)Cn2nnnc2C(C)N2CCN(C(=O)c3ccco3)CC2)cc1,0
Cc1ccc(S(=O)(=O)N2CCC(C(=O)NC(C(=O)N3CCN(C)CC3)C(C)C)CC2)cc1,0
CC(=O)Nc1ccc(S(=O)(=O)N2CCN(CCCOc3cc(C)ccc3C)CC2)cc1,0
NC(=O)CSc1nnc(-c2cnccn2)n1-c1ccccc1,0
CSCCC(NS(=O)(=O)c1ccc2c(c1)OCCO2)C(=O)NCCc1ccccn1,0
Cc1c(Cl)cccc1NC(=O)CN1C(=O)CSc2ncccc21,0
O=C(NCCCCNC(=O)c1ccco1)c1ccco1,0
CC(=O)NC12CC3CC(C1)CC(C(=O)OCC(=O)NC(=O)c1cccn1C)(C3)C2,0
CN(CC(=O)NC1CCCCCC1)S(=O)(=O)c1ccccc1,0
O=C(NCc1cccc(Cl)c1)c1ccc2c(c1)OCO2,0
Cc1cc(-c2nc3ncccc3o2)ccc1NC(=O)CC(C)C,0
C=C(Cl)COc1ccc2c(C)cc(=O)oc2c1,0
Cn1c(CSCc2ccc(F)cc2)nnc1SCC(=O)Nc1nccs1,0
Cc1cccc2nc(=S)n(C(=O)c3ccco3)n12,0
Cc1cccc(NC(=O)Nc2cccc(C#N)c2)n1,0
O=C(NC(=O)c1ccc(Cl)cc1)Nc1cc(N2CCCCC2)ncn1,0
COc1ccc(/C=C/C2=N/C(=C\N(C)C)C(=O)O2)cc1,0
Cn1c(SCc2ccon2)nc2ccccc2c1=O,0
COc1cc(OC)c(C2=NOC(C(=O)NCc3ccc4c(c3)OCO4)C2)cc1Cl,0
COc1ccc(OCc2nn3c(-c4ccco4)nnc3s2)cc1,0
CSc1ccccc1NC(=O)c1ccc(C)o1,0
CC(=O)Nc1nonc1C(=O)N1CCC(C)CC1,0
CCSC1=C(C#N)C2(CCCC2)C(C#N)=C(N)N1,0
O=S(=O)(c1ccc(Cl)cc1)N1CN2CCN(C2)C1,0
CCN(CC)c1nc(Nc2ccccc2)nc(Oc2ccc(=O)[nH]n2)n1,0
CCCN1C2CCCC1CC(NC(=O)c1cc(OC)c(OC)c(OC)c1)C2,0
CC(C)(C)c1ccc(-c2cc(N)n[nH]2)cc1,0
CCOC(=O)c1ccc(NCn2c(=O)oc3ccccc32)cc1,0
CCc1nc(CNC(=O)c2cc(OC)c(OC)c(OC)c2)no1,0
C#CCOC(=O)CCC(=O)NCCc1ccccc1,0
Cc1cnc(-c2nnc(N(C)C(=O)c3ccccn3)s2)cn1,0
O=C(NCc1ccccc1F)C1CCCN1C(=O)NCc1ccccc1,0
COC(=O)C1(S(=O)(=O)c2cccc3nsnc23)CC1,0
Cc1cnn(C(=S)NCC2CCCO2)c1,0
CCOc1ccc(Cl)cc1S(=O)(=O)N1CCCC1,0
Cc1cc(C)c2c(n1)nn1c(NCCOCCO)cc(C)nc21,0
CN/C(C)=C1\C(=O)CC(C)(C)C(C(=O)OC)C1=O,0
COc1cc(SC)ccc1C(=O)NCCCOC(C)C,0
Cc1cc(C(F)(F)F)n2ncc(-c3ccccc3)c2n1,0
Cn1c(C(=O)NCC2CCCO2)cc2c(=O)[nH]c3ccccc3c21,0
COc1cc(N2CN=c3s/c(=C\c4ccccn4)c(=O)n3C2)cc(OC)c1OC,0
COC(=O)CSc1nc2ccccc2n1CC(=O)N(C(C)C)C(C)C,0
O=C(CSc1ncnc2sc3c(c12)CCCC3)N1CCC(c2noc3ccc(F)cc23)CC1,0
O=C(NC1CCS(=O)(=O)C1)N1CCCCC1,0
CCCn1c(=N)c(C(=O)NCC2CCCO2)cc2c(=O)n3cccc(C)c3nc21,0
Cc1csc2nc(CNC(=O)CCC(=O)O)cn12,0
Cc1cc(C)nc(NC2=NC(=O)CC3C(=O)NCCN23)n1,0
O=C1CCCCCC1C1(O)C(=O)Nc2ccccc21,0
COC(=O)c1nonc1NCn1nnc2ccccc21,0
COc1cc(C(=O)OCc2cc3ccccc3[nH]c2=O)cc(OC)c1OC,0
CCCn1c(O)c(C(=O)Nc2ccccc2)c(=O)c2c1CCCC2,0
Cc1ccc(N2CC(C(N)=O)CC2=O)cc1C,0
Cc1cc2c(c(=O)o1)C(CC(C)C)C(C#N)=C(N)O2,0
Cn1c(CCNC(=O)c2cccs2)nnc1SCC(=O)Nc1nc(-c2ccccc2)cs1,0
CCc1ccc(N2CC(C(=O)NC3=NCCS3)CC2=O)cc1,0
CC1(C)CC(=O)C2=C(C1)N(c1cccc(O)c1)C1=C(C2)C(=O)CC(C)(C)C1,0
COc1ccccc1N1CCN(CCCC(=O)c2ccc(F)cc2)CC1,0
CN(C(=O)c1ccccn1)c1nnc(-c2ccncc2)s1,0
CC(C)CC(=O)Nc1nnn(C)n1,0
COc1ccc2nc3oc(C(=O)N4CCN(c5ccccc5F)CC4)cc3cc2c1,0
CCOC(=O)c1c(NC(=O)CSc2nnnn2C)sc(CC)c1C,0
CC1(C(=O)CSc2nc3ccccc3[nH]2)CCC(=O)O1,0
CC1(C)C(C(=O)NCc2ccco2)C1(C)C,0
CC(C)C(=O)NC(c1ccco1)c1ccc2cccnc2c1O,0
COc1ccc(CC2C(=O)NC(=O)NC2=O)c(OC)c1,0
CN(C)CCCN(C(=O)c1cccs1)c1nc(-c2ccccc2)cs1,0
CC(C)C(=O)Nc1ccc(NC(=O)c2cccs2)cn1,0
Cc1ccc(-c2nnc(CSc3nc(C)nc4sc(C)c(C)c34)o2)cc1,0
O=C(NCCN1CCN(c2ccccc2)CC1)C1CCN(S(=O)(=O)c2cccs2)CC1,0
CCCCOc1ccc(-c2ncc(C(=O)OCC)c(N)n2)cc1,0
CC1CCC(NC(=O)C2CCN(c3cnccn3)CC2)CC1,0
CC(C(=O)NC1CCCc2ccccc21)N1CCN(Cc2ccc3c(c2)OCO3)CC1,0
c1cncc(-c2nnc(SCCSc3nnc(-c4cccnc4)o3)o2)c1,0
COC(=O)C(CCSC)NC(=O)NCCC1=CCCCC1,0
Cc1[nH]c2ccccc2c1C(=O)CN1CCCC1,0
O=C1CCCC2=C1C(c1ccncc1)c1c([nH]c(SCc3ccccc3Cl)nc1=O)N2,0
COc1cccc(OC)c1C(=O)Nc1ccc(NC(=O)c2ccco2)cc1,0
Cc1cc(N2CCN(c3ccccc3)CC2)nc(-c2ccccc2)n1,0
CCC1Cc2c(nc3nc(C)[nH]c4nc(N5CCOCC5)c(C#N)c2c34)O1,0
CC(C)CCOc1cccc(OCC(=O)NC2CCS(=O)(=O)C2)c1,0
N#Cc1c(NC(=O)CSc2ncn[nH]2)sc2c1CCCCC2,0
Cc1ccc(-c2c3c(=O)n(C)c(=O)n(C)c3cn2Cc2cccnc2)cc1,0
CN1CCC(NC(=O)Cc2c(F)cccc2Cl)CC1,0
O=C(Cn1ccc2ccccc2c1=O)NCCC(=O)Nc1cccnc1,0
COc1ccc(C)cc1NC(=O)CSc1nc(SC)ns1,0
CC(=O)c1c(/N=C/N(C)C)nc(C)nc1-c1ccccc1,0
CCOC(=O)Cc1csc(NC(=O)CSc2ncnc3c2cnn3-c2ccccc2Cl)n1,0
COc1ccc(NC(=O)C2CC(=O)N(C(C)C)C2)cc1,0
CC1(C)CC(=O)C(=CNCc2ccccn2)C(=O)C1,0
CC1CCc2nc(NC(=O)CSc3nc4ccccc4o3)sc2C1,0
Cc1ccc(-c2nn3c(-c4cccc(Cl)c4)nnc3s2)cc1,0
CCOC(=O)/C(C#N)=C1/SC(CCO)C(=O)N1c1ccccc1,0
COc1ccccc1C(=O)C1Nc2ccccc2-c2nnc(SC)nc2O1,0
CC(=O)N(CCO)Cc1cc2cc(C)cc(C)c2[nH]c1=O,0
CC(C)NS(=O)(=O)c1ccc(OCC(=O)NCc2ccc3c(c2)OCO3)c(Cl)c1,0
CC1(C)C/C(=C(/C#N)C(N)=O)CCO1,0
Cc1ccccc1NC(=O)c1cnc2ccccn2c1=O,0
Cc1cccc2cc3c(N)c(C#N)sc3nc12,0
O=C(O)c1ccc(CSc2ncn[nH]2)cc1,0
COc1ccc(S(=O)(=O)Nc2ccc3c(c2)OCCO3)cc1Cl,0
O=C(COc1ncnc2ccccc12)NCCC1=CCCCC1,0
CCOC(=O)C1=C(c2ccccc2)OC(N)=C(C#N)C1C(C)C,0
CCOC(=O)c1c(C)n(C)c2ccc(OC(C)C(=O)OC)cc12,0
CCOC(=O)N1CCN(S(=O)(=O)c2c(C)cc(C)cc2C)CC1,0
CC(C)CSc1nc2ccccc2n1CC(N)=O,0
COc1ccc(S(=O)(=O)Nc2ccccc2C(=O)NC(C)C)cc1OC,0
CCOC(=O)C1CCN(S(=O)(=O)c2cnc[nH]2)CC1,0
O=C1Nc2ccccc2OC1CC(=O)N1CCCC1,0
CCCOc1cccc(C(=O)Nc2cc(NC(=O)c3ccco3)ccc2OC)c1,0
CCn1cc(C(=O)NCc2cccs2)c(=O)c2ccc(C)nc21,0
COC(=O)c1cccc(NC(=O)c2nn(C)c(=O)c3ccccc23)c1,0
O=C(COc1ccccc1)Nc1ccc(S(=O)(=O)NCc2ccco2)cc1,0
Nn1c(Nc2ccccc2)nc2ccccc21,0
Cn1nnnc1SCc1nnc(-c2ccc(Cl)cc2)o1,0
O=C(CCCNS(=O)(=O)c1cccc2nsnc12)NC1CCCCC1,0
COc1ccc(-c2nnc(-c3ccc(N(C)C)cc3)o2)cc1,0
CC/N=C1\SC(C(=O)NCCc2ccccc2)CC(=O)N1CC,0
O=S(=O)(c1ccccc1)N1CCN(c2ncnc3sc(-c4ccccc4)cc23)CC1,0
CCOc1ccc(C(=O)N2CCCN(C(=O)c3ccc(OCC)cc3)CC2)cc1,0
Cn1c(SCC(=O)Nc2cc(=O)n(C)c(=O)n2C)nnc1-c1cccs1,0
CC(C)N/C(O)=C1/C(=O)Nc2ccccc2C1=O,0
CCOC(=O)Cc1cc(=O)nc(Nc2nc3ccccc3o2)[nH]1,0
CCC1c2ccc(C)n2CCN1C(=O)Nc1cc(Cl)ccc1OC,0
O=C(Nc1cccc(NC(=O)c2cccnc2)c1)c1cccnc1,0
CC(Nc1cc(=O)n(C)c(=O)n1C)c1ccccc1,0
Cn1cccc1C(=O)OCc1cc(Cl)cc2c1OCOC2,0
COc1ccc(OC)c(C2=NOC(C(=O)Nc3cccc(C(C)=O)c3)C2)c1,0
CCOC(=O)Cc1csc(NC(=O)COc2ccc(OC)cc2)n1,0
Cc1sc2nc(SCC(=O)N3CCN(CCO)CC3)n(-c3ccccc3)c(=O)c2c1C,0
CCCc1nc2oc(C(=O)OCC)c(N)c2c2c1COC(C)(C)C2,0
CS(=O)(=O)Nc1ccc(N2CCCCC2)c(Cl)c1,0
COc1cc2cc3c(N)c(C(=O)NCc4ccco4)sc3nc2cc1OC,0
COC(=O)c1ccccc1NC(=O)Nc1cnccn1,0
Cc1ccc(-n2nc3c(c2NC(=O)c2ccc4c(c2)OCO4)CS(=O)C3)cc1,0
COc1ccc(NC(=O)c2cc3ccccn3n2)cc1,0
CCc1ccc(NC(=O)CCN2C(=O)c3cccnc3C2=O)cc1,0
Cc1ccc2cccc(SCC(=O)NCc3ccco3)c2n1,0
CCOC(=O)C1=C(C)NC(C)=C(C(=O)OCC)C1c1ccc(OC)cc1,0
c1ccc(-c2n[nH]c(-c3ccccn3)n2)nc1,0
O=C(Nc1ccc2c(c1)OCO2)N1CCN(c2ncccn2)CC1,0
O=C(O)CCn1c(=O)[nH]c2ccccc2c1=O,0
CCOC(=O)C1CCN(c2c(NC3CCCc4ccccc43)c(=O)c2=O)CC1,0
Cc1ccc(OC(C)c2nnc(N)s2)cc1Cl,0
CCOC(=O)c1c(C)n(C)c2ccc(OCC(O)CNC(CC)CO)cc12,0
Cc1cc(N2CCC(C(=O)NC3CCCCC3)CC2)nc(-c2ccccc2)n1,0
O=S(=O)(c1cccc(S(=O)(=O)N2CCC(n3nnc4ccccc43)CC2)c1)N1CCCCC1,0
Cc1ccc(Cn2c(SCC(C)C)nc3c2c(=O)[nH]c(=O)n3C)cc1,0
Cn1cccc1Cc1nnc(SCC(N)=O)n1-c1ccc(F)cc1,0
O=C(NC1CCCC1)C1CC(c2ccc(F)cc2)=NO1,0
COc1cc(C(=O)NCCC2=CCCCC2)cc(OC)c1OC,0
CNC(=O)NC(=O)CSc1ccc(NC(C)=O)cc1,0
CCOCCCNC(=O)C1CCN(S(=O)(=O)c2c(C)noc2/C=C\c2ccc(OC)cc2)CC1,0
O=C(NC1CCCCC1)NC1CC2CCC(C1)N2C(=O)NC1CCCCC1,0
O=C(NCc1ccccn1)c1cc(S(=O)(=O)N2CCN(c3ccccc3)CC2)ccc1Cl,0
Cc1cc(SCNC(=O)c2ccccc2)ncn1,0
CS(=O)(=O)N1CCN(C2CCN(Cc3ccccc3)CC2)CC1,0
CCC(Oc1ccccc1)C(=O)Nc1cc(C)on1,0
CCCOc1cccc(OCCSc2nc(=O)cc(C)[nH]2)c1,0
Cc1nn(Cc2ccccc2)c(N)c1-c1ccccc1,0
CC(=O)Nc1ccc(CN2CCCCCCC2)cc1,0
COC(=O)c1cccc(Nc2nc3ccccc3nc2C)c1,0
CSc1nc(N)c(C#N)c(-c2ccc(Cl)cc2)c1C#N,0
O=C(NCc1cccs1)C1CCCN(c2ncccn2)C1,0
CCn1c(SCC(=O)NCc2ccco2)nnc1-c1ccc(N)cc1,0
COc1ccc2c(Cl)c(-c3nnco3)sc2c1,0
COc1ccccc1C(=O)n1nc(-c2ccccc2)nc1N,0
Nc1nc(-c2cccnc2)nn1C(=O)COc1ccccc1,0
CC(C)C(NC(=O)c1ccccc1NC(=O)c1ccco1)C(=O)O,0
Cc1noc(C)c1C(=O)OCC(=O)NC(=O)NC12CC3CC(CC(C3)C1)C2,0
Cc1ccc(/C(O)=C2\C(=O)C(=O)N(CC(C)O)C2c2cccc(F)c2)cc1,0
CC1CCC(N2CCN(c3ncccn3)CC2)CC1,0
COc1ccc(S(=O)(=O)NC(CC(=O)NC2CCCC2)c2ccco2)cc1,0
CCOC(=O)N1CCN(/C=C(\C#N)c2nc3ccccc3s2)CC1,0
O=C(O)CC1CCCC(c2ccccc2)C1=O,0
CCC(Sc1nc2nnc(C)c-2c(N)n1-c1cccc(Cl)c1)C(=O)NCCOC,0
CC(C)OC(=O)c1cccc(C(=O)OCc2ccco2)n1,0
O=C(NCc1n[nH]c(=S)n1-c1ccccc1)c1ccc(S(=O)(=O)N2CCOCC2)cc1,0
COc1ccc(C(=O)NCC(C)CN(C)C)cc1,0
COc1ccccc1NC(=O)CSc1nc(=O)cc(O)n1C,0
CC1Cc2cc(C3(O)C(=O)c4ccccc4C3=O)ccc2N1,0
COCCCNC(=O)CCc1nc(-c2ccccc2)no1,0
CCOC(=O)C1CCN(Cc2ccc(C(=O)OC)cc2)CC1,0
CCSc1nnc(NC(=O)c2cccs2)s1,0
O=C1CCCc2nn(-c3ccccc3)c(-c3ccncc3)c21,0
N#Cc1cn(Cc2cccc(Cl)c2)c2ccccc12,0
Cc1ccc(S(=O)(=O)NCc2ccc(C(=O)N3CCN(c4ccccn4)CC3)cc2)cc1,0
COC(=O)C1=C(CSc2nncn2C)NC(=O)NC1c1cc(C)ccc1C,0
Nc1ccc(-n2ccnc2)cc1,0
COc1ccc(NC(=O)Cn2c(C)cc(=O)c3cccc(OC)c32)cc1,0
COc1cc(/C=N/n2cnnc2)ccc1OCCOc1ccccc1,0
O=C(CSc1ncn(-c2ccccc2)n1)Nc1nc2c(s1)CCCC2,0
COc1cccc(NC(=O)CN(c2ccc(C)cc2)S(=O)(=O)c2c(C)nn(C)c2C)c1,0
CCN(Cc1ccccc1)Cc1c(F)cccc1F,0
CCOC(=O)C1CCN(C(=O)Nc2ccccc2Cl)CC1,0
COc1cccc(NC(=O)C2CC(=O)N(C)/C(=N/c3cccc(F)c3)S2)c1,0
COc1ccccc1S(=O)(=O)Cc1ccc(C(=O)NCc2ccc3c(c2)OCO3)o1,0
CCOc1nc(N(C)C)nc(-n2nnc(C(C)=O)c2C)n1,0
O=C(CN1CCCC1)N1CCCc2c1c(=O)oc1ccc(OCc3ccccc3)cc21,0
CCOC(=O)/C=C1\CC(=O)N=C2NONC2=N1,0
CC1(C)Cc2c(sc(NC(=O)c3ccco3)c2C#N)CO1,0
NC(=O)CSc1nnc(-c2cccnc2)n1CCc1ccccc1,0
Cc1ccccc1C(=O)NCc1ccncc1,0
Cc1nnc2n(CCc3ccccc3)c(=O)c3c4c(sc3n12)CCCC4,0
CCOC(=O)c1[nH]cnc1C(=O)Nc1cccc(N)n1,0
CCCCNC(=O)Cn1cnc2c(cnn2-c2ccc(C)c(C)c2)c1=O,0
COc1ccccc1-c1nc(-c2ccc(C)nc2OC)no1,0
CN(c1cccc(NC(=O)Cc2ccccc2)c1)S(C)(=O)=O,0
Cc1ccccc1NC1=NCC(C)S1,0
C=CC/N=C(\NC#N)SCC(=O)NC(C)(C)C,0
COc1cc2nc(NCC3CCCO3)n3nc(-c4cccnc4)nc3c2cc1OC,0
COc1ccc2[nH]c3c(=O)n(CCCCC(=O)N4CCCC4)c(=S)[nH]c3c2c1,0
C=CCN1CC(=O)C(c2ccccc2)=C1N,0
O=C1c2ccccc2-c2nc3ncnn3c(-c3ccccc3Cl)c21,0
COc1cccc(N(CC(=O)N2CCN(C)CC2)S(=O)(=O)c2ccccc2)c1,0
c1coc(CSCc2cn3cccnc3n2)c1,0
Cc1cc(C)n(-c2nc3ccccc3c(=O)n2OCC(=O)OCc2ccccc2)n1,0
Cc1nc2ccc(Nc3nc4cc(S(=O)(=O)N5CCOCC5)ccc4o3)cc2s1,0
O=C(CSc1cccc2cccnc12)N1CCCC1,0
O=C(CCn1c(=S)[nH]c2ccccc2c1=O)NCCCN1CCCC1=O,0
O=C(c1cn(-c2ccccc2)nc1-c1ccc(F)cc1)N1CCOCC1,0
O=C(C1CCC1)N1CCc2cc(S(=O)(=O)NCc3cccnc3)ccc21,0
COc1ccccc1NC(=O)c1cnc2n(c1=O)CCS2,0
O=S(=O)(c1ccccc1)N1CCN(Cc2cccc(Cl)c2)CC1,0
O=C(NCc1cccs1)C1CCCN(S(=O)(=O)c2cnc[nH]2)C1,0
Cc1ccc(C(=O)Nc2nnc(-c3cccs3)s2)cc1C,0
N#CCCNc1ccc(OCCC#N)cc1,0
CCOC(=O)Cc1csc(NC(=O)CSc2nnc(-c3ccncc3)n2Cc2ccco2)n1,0
CCn1c(SCC(=O)Nc2ccccc2C(=O)OC)nnc1-c1ccoc1C,0
OCCN(Cc1ccccc1)Cc1cccc(C(F)(F)F)c1,0
Cc1cc(C)n(-c2ccc(C(=O)OCn3nnc4ccccc4c3=O)cc2)n1,0
O=C(CS(=O)CC(=O)N(CC(=O)NC1CCCC1)C1CCCC1)Nc1ccc(F)cc1,0
Fc1cccc(CSc2ncnc3c2oc2ccccc23)c1,0
COc1ccc2[nH]cc(C(=O)CN3CCCC(C)C3)c2c1,0
COc1ccc(CC2c3cc(OC)c(OC)cc3CCN2C)cc1OC,0
C(=N/n1cnnc1)\c1cccc(Oc2ccccc2)c1,0
Cc1cc(NC(=O)c2cc(-c3ccco3)on2)no1,0
Cc1onc(-c2ccccc2Cl)c1C(=O)N1CCc2ccccc21,0
N=c1c2c(n(Cc3ccc(F)cc3)c3c1CCC3)CCC2,0
COC(=O)c1ccc(NC(=O)Nc2ccc(F)cc2)cc1,0
O=C(Nc1ccc(S(=O)(=O)N2CCOCC2)cc1)c1ccc(Cl)cc1,0
O=C(NCc1cccnc1)c1cccc(C(F)(F)F)c1,0
CN1CC(=O)Nc2ccc(F)cc2C1=O,0
CCSC(C)CC1C/C(=N\O)c2c(C)noc2C1,0
CCSCCOC(=O)C1=C(C)NC(=O)NC1c1ccccc1,0
Cc1c(=O)n(OCc2ccccn2)c2ccccc2[n+]1[O-],0
Cc1ccc(S(=O)(=O)NC(=O)N2CCC(C)CC2)cc1,0
COc1ccc(OC)c(S(=O)(=O)n2cccn2)c1,0
COc1ccccc1-n1cnnc1SCC(=O)c1ccc[nH]1,0
O=C(NCCC1=CCCCC1)NC1CCCCC1,0
N#CC(C(=O)OC1CCCCC1)c1nc2ccccc2nc1N1CCOCC1,0
COc1ccc(CN2CCN(Cc3ccccc3)CC2)c(OC)c1,0
Cc1cccc(Cn2c(Sc3nc(C)cs3)nc3c2c(=O)[nH]c(=O)n3C)c1,0
CCCC(=O)C1=C(N2CCCC2)CC(CC(C)SCC)CC1=O,0
CC(C)n1c(C(O)c2ccccc2)nc2ccccc21,0
O=C1C2C3C=CC(C3)C2C(=O)N1CCCO,0
COc1cccc(-n2cc(C(=O)O)c3ccccc3c2=O)c1,0
CCn1c(SCC(=O)Nc2ccc3c(c2)OCO3)nc2c(c1=O)SC(C)C2,0
CCc1c(C)nc(SCC(=O)CC(=O)OC(C)C)c(C#N)c1C,0
Cc1cccnc1NC(=O)CCCN1C(=O)c2ccccc2C1=O,0
O=C(NCCOCCOCCNC(=O)c1cccnc1)c1cccnc1,0
Cc1nc(-c2ccc(C(=O)N3CCOCC3)cc2)cs1,0
Cc1nc2sc(C(c3ccco3)N3CCN(c4cccc(Cl)c4)CC3)c(O)n2n1,0
CC(=O)/C(C#N)=C1\NC(=O)C(Cc2ccccc2)S1,0
O=c1c2[nH]c3ccccc3c2ncn1CCN1CCNCC1,0
CC(NC=C1C(=O)NC(=O)NC1=O)c1ccccc1,0
Cc1nc2c(-c3ccccc3)c(C)nn2c(C)c1CCC(=O)N1CCC2(CC1)OCCO2,0
CCCNC(=O)C1CCN(c2nc(C)cc(C)n2)CC1,0
CCOC(=O)c1ccccc1NC(=O)c1ccc(Cl)c(S(=O)(=O)N2CCOCC2)c1,0
O=C(NCc1ccccc1)c1ccc(COCC(F)(F)F)o1,0
CCCC1=C(C(=O)OCC)C(c2ccc(N(C)C)cc2)N2NC=NC2=N1,0
CCCS(=O)(=O)N1CCCC(C(=O)NCc2ccc3c(c2)OCO3)C1,0
CCCn1c(SCC(=O)NC(=O)Nc2ccc(C)cc2C)n[nH]c1=O,0
CCc1c(C)nc2[nH]nc(-c3ccccc3)n2c1=O,0
Cc1cc(C)c2nc(NC3=NCN(CCN4CCOCC4)CN3)nc(C)c2c1,0
CCCc1[nH]nc2c1C(c1ccc(OC(=O)c3ccco3)cc1)C(C#N)=C(N)O2,0
O=C(O)CCn1c(=O)c2ccccc2c2ccccc2c1=O,0
CC1CCN(CCc2nc3cc(NS(=O)(=O)c4ccccc4)ccc3n2C)CC1,0
CCC(=O)Nn1c(C)nnc1C,0
Cc1ccc(C)c(-n2c(Cc3cc(=O)[nH]c(=O)[nH]3)nnc2SCC(=O)NCC2CCCO2)c1,0
Cc1cc(C(=O)N2CCc3ccccc32)c2cc(F)ccc2n1,0
Cc1nnc2sc(-c3ccccn3)nn12,0
Cc1cc(NC(=O)CSc2nnc(-c3ccc(S(=O)(=O)N4CCCC4)cc3)n2C)no1,0
COC(=O)CSc1nnc(C)n1-c1cccc(C#N)c1,0
CC(=O)N1CCN(c2ccc(Oc3nc(-c4ccccc4)nc4ccccc34)cc2)CC1,0
CC1(C)N=C(C(=O)c2ccccc2)N(O)C1(C)O,0
Cc1ccc(C2(C(F)(F)F)NC(=O)N3CCN=C3S2)cc1,0
O=C1/C(=N\n2cnnc2)c2ccccc2N1Cc1ccccc1,0
COc1cccc(-c2cn3nc(C)c(C)nc3n2)c1,0
CCN(CC(=O)Nc1ccccc1C(=O)OC)S(=O)(=O)c1ccccc1,0
CS(=O)(=O)Nc1ccccc1Oc1ccccc1,0
COC(=O)COc1ccc(S(=O)(=O)Nc2ccc3c(c2)OCO3)cc1,0
CCCc1cc(C(=O)Nc2ccccc2SC)no1,0
O=C(COc1ccc(Cl)cc1)OCC(=O)N1CCCCCC1,0
Cc1cn(C(=O)CN2C(=O)c3ccccc3C2=O)c(C)n1,0
COc1ccc(C)cc1NC(=O)c1nnn(Cc2cccc(F)c2)c1N,0
Cc1cc(=O)nc(SCC(=O)Nc2nc(-c3ccccc3)cs2)[nH]1,0
O=c1cc(CSc2ccc(Cl)cc2)[nH]c(N2CCCCC2)n1,0
C=CCN(Cc1cc(OC)ccc1OC)S(=O)(=O)N(C)C,0
CC1CCCCC1NC(=O)Cn1ncc2ccccc21,0
Cn1c(=O)c2c(-c3ccccc3)n(Cc3ccccn3)cc2n(C)c1=O,0
CCC1=C(C)/C(=C2/C=CC(=O)C(OC)=C2)C(C#N)=C(N)N1,0
Cc1ccc(CNc2oc(-c3cccs3)nc2C#N)cc1,0
CCOC(=O)CSc1nnc(CSc2nc(C)cc(C)n2)n1Cc1ccco1,0
Cc1ccc(S(=O)(=O)Nn2c(C)nnc2-n2nc(C)cc2C)cc1,0
O=C(Nc1ccc(-c2nc3ncccc3o2)cc1)c1ccco1,0
CC(Sc1n[nH]c(=O)[nH]c1=O)C(=O)OCc1ccccc1,0
CC(C)Nc1nc(NC(C)C)nc(Oc2ccc(/C=N/O)cc2)n1,0
CCCn1c(SCC(=O)Nc2c(C)cccc2CC)nnc1C(C)C,0
CCN1CCCC1CNC1=NCCCCC1,0
Cc1ccc2nc(-c3ccc(SCC(=O)O)nc3)[nH]c2c1,0
CN(C)S(=O)(=O)c1cccc(-c2cn3ccccc3n2)c1,0
O=C(CCn1cccc1)Nc1nccs1,0
Cc1c(C#N)c2ncn(CCCN(C)C)c(=O)c2n1-c1ccccc1,0
CCCC(CCC(=O)Nc1ccc(C(=O)OCC)cc1)C(=O)O,0
Cc1ccsc1C(=O)OCC(=O)NCC1CCCO1,0
COCc1nnc(NC(=O)CSc2ccc(C)cc2)s1,0
Cc1ccc(S(=O)(=O)N(C)CC(=O)Nc2cccc(C)n2)cc1,0
Cc1ccc(OCC(=O)Nc2ccc(-c3nc4ncccc4o3)cc2)cc1,0
Cc1cc(C)n2nc(NCc3ccccc3)nc2n1,0
C=CCn1c(Cc2csc(N)n2)nnc1SCC(=O)OCC,0
Cc1cccc(N2CN=c3s/c(=C\c4ccncc4)c(=O)n3C2)c1,0
CCOC(=O)c1ccc2[nH]c(C(F)(F)F)nc(=O)c2c1,0
COc1cc(NC(=O)c2cccs2)c(OC)cc1NC(=O)c1ccco1,0
Cc1sc2nc(C3CC3)nc(SCC(=O)NCc3ccco3)c2c1C,0
CCC(=O)c1c(O)n(C2CCCCCC2)c(=O)[nH]c1=O,0
CC1(C)CC(=O)c2sc(NS(=O)(=O)Cc3ccccc3)nc2C1,0
O=C(Nc1nc2c(s1)CCCC2)c1cccs1,0
COc1cccc(C(=O)OCn2nnc3ccccc3c2=O)c1OC,0
O=C1CCSc2cccc3cccc(c23)N1,0
CCC(=O)Nc1cc(C(=O)N2CCC3(CC2)OCCO3)ccc1S(=O)(=O)c1ccc(C)cc1,0
CC1CCN(CC(=O)NCc2ccccc2)CC1,0
Cc1ccc(N2CC(C(=O)Nc3ccc4c(c3)OCCO4)CC2=O)cc1,0
CCOc1ccc(C(=O)CN2CCN(S(=O)(=O)c3ccc(Cl)cc3)CC2)cc1,0
CCn1c(=O)c(C(=O)CN2CCCc3ccccc32)c(N)n(Cc2ccccc2)c1=O,0
CSc1nnnn1-c1ccc(C(=O)OCC(=O)N2CCOCC2)cc1,0
CC(C)n1c(-c2cccnc2)nc2cnccc21,0
O=C(COc1ccc(Cl)cc1)NCc1nnc(SCC(=O)NCCc2ccccc2)o1,0
Cc1c(O)ccc(C(=O)COc2ccccc2F)c1O,0
CC1(C)Cc2ccccc2C2=NNC(=C3C=CC(=O)C=C3)N21,0
c1ccc(-n2c(-c3ccco3)nnc2N2CCOCC2)cc1,0
CCOC(=O)c1ccc(NS(=O)(=O)c2cnc[nH]2)cc1,0
CC1(C)CC(=O)C=C(NCc2cccnc2)C1,0
CCOc1ccc(CNC(=O)C2CCN(S(=O)(=O)CC)CC2)cc1OC,0
CCN1CCN(CCCn2c(=S)[nH]c3ccccc3c2=O)CC1,0
CS(=O)(=O)N1CCCC(C(=O)NCCCN2CCOCC2)C1,0
COc1ccc(-c2nnc3ccc(SCC(=O)NCc4ccco4)nn23)cc1,0
COC(=O)c1[nH]c2ccc(C)cc2c1NC(=O)CN1CCc2cc(OC)c(OC)cc2C1,0
CC(C)CCNC(=O)NC(=O)CSc1nnc2ccccn12,0
COc1cc(N)ccc1Cc1ccc(N)cc1OC,0
Cc1cc(C)n(CC(O)CN2c3ccccc3Sc3ccccc32)n1,0
COc1cccc(-n2nnc3c(=O)n(C/C=C/c4ccccc4)cnc32)c1,0
COc1ccc(C(=O)c2c(C)oc3ccc(O)c(CN4CCOCC4)c23)cc1,0
COCCn1c(-c2ccc(OC)cc2)cnc1N,0
Cn1nnnc1SCC(=O)N1CCN(c2ccccc2)CC1,0
COCCNC(=O)C1CCC(Cn2c(=S)[nH]c3ccccc3c2=O)CC1,0
CCOC(=O)CCCNC(=O)CCNC(=O)c1ccc(OCC)cc1,0
COc1cccc(NC(=O)C(C#N)Cc2ccncc2)c1,0
Cn1c(SCC(=O)NCCc2ccccc2)nnc1-c1ccncc1,0
CCCN1CC=C2C(C#N)=C(N)C(C#N)(C#N)C(c3cccc(OC)c3OC)C2C1,0
Cc1ccc(SC(C)C(=O)Nc2ncn[nH]2)cc1,0
O=C(NCc1ccco1)c1ccc(=O)oc1,0
CN(c1ccccc1C(=O)NCc1ccccn1)S(C)(=O)=O,0
O=C(CN(c1ccc2c(c1)OCCO2)S(=O)(=O)c1ccccc1)NCC1CCCO1,0
O=C(Cc1ccccc1)Nc1ccccc1CO,0
O=C(Nc1ccc(S(=O)(=O)N2CCCC2)cc1Cl)C1=COCCO1,0
CC(C)Nc1ncnc2c1cnn2-c1ccccc1,0
CN(C)S(=O)(=O)c1cccc(C(=O)Nc2cc(Cl)ccc2O)c1,0
CCn1cc(C2N3CC4(C)CN2CC(C)(C3)C4=O)c2ccccc21,0
Cc1ccc(SC(C)c2nc(-c3ccncc3)no2)cc1,0
Nc1nonc1-c1noc(N2CCCCC2)n1,0
Cc1ccc(CC(C(=O)Nc2ccc(F)cc2)/C(N)=N/O)cc1,0
COc1cccc(N2CCN(c3ncccn3)CC2)c1,0
COc1ccc(OC)c(NC(=O)C2=C/C(=C3/C=C(Cl)C=CC3=O)NN2)c1,0
CS(=O)(=O)NC1CCN(Cc2ccccc2)CC1,0
N#CC1=C(N)Oc2cc(N)ccc2C1C1CCCCC1,0
Cc1cc(C)cc(-n2ccnc2SCC(=O)Nc2nccs2)c1,0
CCOC(=O)c1snc(C(=O)NC2CCCCC2)c1N,0
Cc1cccc(C)c1NC(=O)CSc1nnc(-c2ccoc2C)n1CCc1ccccc1,0
CNC(=O)c1cccc(N2CCCC2=O)c1,0
Nc1nc(NC(=O)Cc2ccccc2)nn1-c1ccccc1,0
S=c1[nH]ncn1-c1ccccn1,0
Cc1ccc(NC(=O)Cn2cccc2)cc1C,0
c1ccc(Cc2ccc(OCCn3cncn3)cc2)cc1,0
O=C(CC(c1ccccc1)c1ccccc1)Nc1ncn[nH]1,0
O=C(Oc1ccc(-c2nnco2)cc1)N(c1ccccc1)c1ccccc1,0
Cn1c(=O)[nH]c(=O)c2c1nc(NCCCO)n2CCCc1ccccc1,0
CC(=O)c1cccc(N(CC(=O)N2CCCC2)S(C)(=O)=O)c1,0
CCOC(=O)N1CCC(NS(=O)(=O)c2cc3c(cc2Cl)NC(=O)CO3)CC1,0
O=C(Nc1ccc2c(c1)OCO2)N1CCN(C/C=C/c2ccccc2)CC1,0
COC(=O)c1cccc(NS(=O)(=O)c2cccs2)c1C,0
CCN1CCN(C(=O)c2nn(-c3ccc(OC)cc3)c(=O)c3c2c2ccccc2n3C)CC1,0
O=C(Cn1cc(C(=O)COc2ccccc2)c2ccccc21)NCc1ccco1,0
CCN(CC)C(=O)N1CCN(S(=O)(=O)c2ccc(C)c(C)c2)CC1,0
Cc1ccc(/C=N/n2c(C)nnc2C)cc1,0
CCOC(=O)Cc1cc(=O)n2[nH]c(C)c(-c3ccccc3)c2n1,0
C=CCn1c(SCC(=O)Nc2cc(NC(C)=O)ccc2OC)nnc1-c1cccnc1,0
COCc1nnc(NC(=O)c2cc(Cl)ccc2OC)s1,0
COc1ccc(NC(=O)C2CC(=O)N(c3cc(C)ccc3C)C2)cc1,0
CCOC(=O)C(O)(c1ccc(N)c(OC)c1)C(F)(F)F,0
CCOC(=O)c1c(NC(=O)Cn2nnc(-c3ccccc3)n2)sc(C(C)=O)c1C,0
CC1CN(S(=O)(=O)c2cccc(-c3cn4ccccc4n3)c2)CC(C)O1,0
CCOC(=O)c1nc(NCc2cccnc2)c2ccccc2n1,0
CN(C)CCNc1nc(-c2ccco2)c2c(c1C#N)CC(C)(C)OC2,0
CS(=O)(=O)N(CC(=O)NCc1ccncc1)Cc1ccc(Cl)cc1,0
CCCCN(CC)S(=O)(=O)c1ccc2c(c1)CCCN2C(C)=O,0
Cc1onc(-c2ccncc2)c1C(=O)O,0
N#Cc1c(N)n(C2CCCCC2)c2nc3ccccc3nc12,0
Cc1cc(C)nc(Nc2nc(C)c3cc4c(cc3n2)OCO4)n1,0
O=C(O)CC(c1ccccc1)n1cnnn1,0
O=C(NC1CCCCC1)N1CCC(n2cnc3ccccc32)CC1,0
CC(C)C(NS(=O)(=O)c1ccc2c(c1)oc(=O)n2C)C(=O)N1CCN(c2ccccc2F)CC1,0
O=C(Nc1ccc(N2CCOCC2)cc1)Nc1cnsn1,0
O=C(O)c1cc(Cl)c(Cl)cc1C(=O)N1CCCC1,0
O=C(NCc1cccnc1)Nc1ccc(F)cc1F,0
CC(=O)c1cc2c(cc1NC(=O)CN1CCc3ccccc3C1)OCO2,0
CCSc1nnc(NC(=O)c2cc(C)oc2C)s1,0
O=C(NCc1ccco1)c1cc(-c2ccc3c(c2)OCO3)on1,0
c1cc(-n2cnnn2)ccc1NC1=NCCC1,0
CS(=O)(=O)Nc1ccc(C(=O)Nc2ccccc2C(=O)N2CCCC2)cc1,0
O=C(CSc1nnnn1C1CCCC1)N1CCN(C(=O)c2ccco2)CC1,0
C=CCSc1ncccc1C(=O)NCc1ccccc1,0
Cc1ccccc1C(=O)Nc1ccc2nc3n(c(=O)c2c1)CCC3,0
Cc1cccc(N(CC(=O)N2CCCC2)S(=O)(=O)c2ccccc2)c1,0
CCNC(=O)c1nc[nH]c1C(=O)NCC,0
CC1CCN(S(=O)(=O)c2cccc(C(=O)Nc3nccs3)c2)CC1,0
COc1ccc(CCNC2=NCC(C)S2)cc1,0
O=C(Nc1ccc(Cl)cc1C(=O)N1CCOCC1)c1ccco1,0
CC(C)C(=O)Nc1c(C(=O)c2ccc(F)cc2)oc2ccccc12,0
C=CCn1c(SCC(=O)Nc2cc(C)c(Cl)cc2OC)nnc1-c1ccco1,0
Cc1ccccc1CN1CCNC1=O,0
CCOC(=O)C1=C(C)NC(=O)NC1C,0
CCOc1ccc(-c2nnc(-c3cccnc3)o2)cc1OCC,0
CCOC(=O)Cn1c(=O)oc2cc(S(=O)(=O)N3CCc4ccccc43)ccc21,0
O=C(COc1ccccc1)N1CCNC1=O,0
CCOC(=O)CNC(=O)CSc1ncnc2c1cnn2-c1ccc(OC)cc1,0
O=C(c1cc2c(s1)CCCC2)n1cccn1,0
CCCOc1ccc(N2CC(C(=O)Nc3ccc4c(c3)OCO4)CC2=O)cc1,0
CCOC(=O)CCn1nc(-c2ccc(Cl)cc2)cc1N,0
CC(=O)c1ccc(OC(C)C)c(CSc2nc(O)cc(=O)[nH]2)c1,0
COc1ccc2cnn(CCOc3ccccc3)c(=O)c2c1OC,0
Cc1nc2cc(-c3ccccc3)nn2c(C)c1CCC(=O)N1CCC2(CC1)OCCO2,0
OC1(c2ccccc2F)CCN(Cc2nnc(-c3ccccc3)o2)CC1,0
CCOc1ccc(CC(=O)Nc2ccc(S(=O)(=O)Nc3cc(C)on3)cc2)cc1OCC,0
CC(C)(C)n1nnnc1C(c1cccc(C#N)c1)N1CCC(Cc2ccccc2)CC1,0
CCOc1ccc(-c2nc(-c3ccccc3)no2)cc1OCC,0
O=c1c2ccccc2[nH]c(=S)n1CCN1CCN(Cc2ccccc2)CC1,0
Cc1ccc(S(=O)(=O)N2CCN(C(=O)CSc3nc(=O)c4ccccc4[nH]3)CC2)c(C)c1,0
CCCc1nc(SCC(=O)N2CCCc3ccccc32)c2c(=O)n(C)c(=O)n(C)c2n1,0
Cc1cccc(-c2nnc3n2N=C(c2ccccc2)CS3)c1,0
O=C(NCc1ccco1)c1cnccn1,0
O=C1c2ccccc2NC(c2ccc3c(c2)OCO3)N1O,0
CCOC(=O)Nc1ccc2c(c1)nc(CN1CCN(C(C)=O)CC1)n2C,0
Nc1nnc2c(n1)CCCC2,0
O=C(Nc1ccc2c(c1)nc1n2CCOC1)C1CCCCC1,0
CC(C)=CCC/C(C)=C/CN(CC(C)O)CC(C)O,0
CSc1nnc(Cc2cc(=O)[nH]c(=O)[nH]2)n1-c1cc(C)ccc1C,0
Cc1ccc(NC(=O)C2CCN(S(=O)(=O)c3cnc[nH]3)CC2)nc1,0
C=CCn1c(N2CCCC2)nc2c1c(=O)[nH]c(=O)n2C,0
O=C(Nc1ccc(N2CCCCC2)c(C(=O)O)c1)c1ccco1,0
Cn1nc(-c2ccc(Cl)cc2)c2cc(C(=O)NCCN3CCOCC3)sc21,0
Cc1nn(Cc2ccc(Cl)cc2)c(C)c1NC(=O)c1noc2c1CCCCC2,0
Cc1cccc(Nc2nc(NC(C)C)nc(Oc3ccc(=O)n(C)n3)n2)c1,0
Cc1c(C(=O)N2CCN(S(C)(=O)=O)CC2)oc2ccccc12,0
CC1CN(C(=O)CCn2c(=O)oc3ccccc32)CC(C)O1,0
COc1ccc2c(C(=O)CN3CC(C)OC(C)C3)c[nH]c2c1,0
Cc1ccc(S(=O)(=O)N2CN3CCN(C3)C2)cc1,0
Nc1cccc(C(=O)Nc2ccc(N)cc2Cl)c1,0
Cc1cc(Nc2cccc(F)c2)n2ncnc2n1,0
Cc1cc(C(=O)COc2cccc(-n3cnnn3)c2)c(C)n1-c1ccccc1,0
N#CCCN(CCC#N)c1nnc(-c2ccccc2)s1,0
Cc1ccc(Cn2[nH]nc3c(=O)nc(C(=O)NCc4ccco4)nc2-3)cc1,0
Cc1nnc(N2C(=O)C(O)=C(C(=O)c3ccco3)C2c2ccc(F)cc2)s1,0
O=C(COc1ccc(-n2cnnn2)cc1)NC1CCCCC1,0
O=C(COc1ccccc1Cl)N(Cc1ccco1)C1CCS(=O)(=O)C1,0
O=C(NC1CCCCC1)n1c(=O)oc2ccc(Cl)cc21,0
C=C(C)CSc1nnc(C(CCSC)NC(=O)OC(C)(C)C)o1,0
Cn1c(=O)c2c(nc(Oc3ccc4c(c3)OCO4)n2Cc2ccc(Cl)cc2)n(C)c1=O,0
COc1cc2c(C#N)c(N3CCCCC3)nc(N)c2c(N)n1,0
COC(=O)C(CCSC)NC(=O)NCc1ccccn1,0
O=C(NC12CC3CC(CC(C3)C1)C2)N1CCN(C(=O)C2CCCO2)CC1,0
Cc1ccc(-n2[nH]cc3c(=O)nc(SCC(=O)N4CCCC4)nc2-3)cc1C,0
Cc1cccn2cc(CNc3ccccc3)nc12,0
Cc1ccc(Cn2nnc3c(=O)n(CC(=O)NCc4ccco4)cnc32)cc1,0
O=C(COc1ccccc1)N1CCN(S(=O)(=O)Cc2ccccc2)CC1,0
Cc1ccccc1CSc1nc(=O)c2c([nH]1)CCC2,0
Cc1cc(=O)nc(/N=C(\N)Nc2cccc3ccccc23)[nH]1,0
Cc1ncsc1C(=O)Nc1nc2c(s1)CC(C)CC2,0
Cc1nc2ccc(NC(=O)Cc3cccs3)cc2s1,0
Cc1nc(-c2ccccc2)sc1C(N)=O,0
Cc1cc2c(c(N)n1)c(=O)oc1ccccc12,0
COc1ccc(C(=O)Nc2cccnc2)cc1C(=O)Nc1cccnc1,0
CCn1c(Cc2ccc(OC)cc2)nnc1SCC(=O)Nc1cccc(C(=O)OC)c1,0
COc1ccc2[nH]c(C)c(C(=O)CN3CCc4cc(OC)c(OC)cc4C3)c2c1,0
Cc1cnn(Cc2ccccc2)c1N,0
O=C1CC(N2CCN(c3ccc(S(=O)(=O)N4CCCC4)cc3)CC2)C(=O)N1c1ccc(F)cc1,0
O=C1COc2ccc(C(=O)NCc3ccco3)cc2N1,0
CCOC(=O)c1ccc(NC(=O)NCCN2CCCCC2)cc1,0
Cc1nn(-c2ccccc2)c2nc(-c3ccncc3)cc(C(=O)NCc3ccco3)c12,0
c1ccc(C(Cc2nc(-c3ccccn3)no2)c2ccccc2)cc1,0
Cc1n[nH]c(=S)n(/N=C/c2ccccn2)c1=O,0
Cc1c(Cl)cccc1NC(=O)CCN1CCCCC1,0
CC(=O)Nc1ccc(NC(=O)c2ccco2)cc1,0
O=C(COC(=O)CSc1nnc(-c2ccc(Cl)cc2)o1)NCc1ccc2c(c1)OCO2,0
O=S(=O)(c1ccccc1)c1cccc(S(=O)(=O)N2CCCCC2)c1,0
COCCNC(=O)CN(C(=O)Cn1nnc2ccccc21)c1ccccc1,0
COc1ccc(NC(=O)c2ccc(N(C)S(C)(=O)=O)cc2)cc1OC,0
Cc1cc(C)nc(N2C(=O)CC(C(=O)O)N=C2NCCc2c[nH]c3ccccc23)n1,0
Cc1nc2sc3c(c2c2nnc(SCC(=O)NCc4ccco4)n12)CCCC3,0
O=C(Cc1cccs1)Nc1nnc(-c2ccncc2)s1,1
CCC(=O)NCCc1cc2ccc(C)c(C)c2[nH]c1=O,0
COc1cccc2c(=O)c(C/C=C(/C)Cl)c(C)[nH]c12,0
CCOC(=O)c1ccc(S(=O)(=O)N2CCC(C(=O)OCC)CC2)cc1,0
CS(=O)(=O)N(CC(=O)NCc1cccnc1)Cc1ccc(Cl)cc1,0
COc1ccc(-c2cn3c(C)c(C(=O)NC(C)C)sc3n2)cc1,0
COc1ccc(N2CCN(C(=O)CSc3nc(=O)c(C)n[nH]3)CC2)cc1,0
CCCc1cc(C(N)=O)c(NC(=O)c2ccoc2C)s1,0
CCCOc1ccc(C(=O)NCc2ccco2)cc1,0
O=S(=O)(c1ccccc1Cl)N1CCCC(c2nc(-c3cccnc3)no2)C1,0
CN(CC(=O)Nc1ccncc1)S(=O)(=O)c1ccccc1,0
COc1ccc(-n2nnnc2SCC(N)=O)cc1,0
CCOC(=O)c1c(NC(=O)Cn2nnc3ccccc32)sc2c1CCC(C)C2,0
O=C(O)c1ccc(F)c(S(=O)(=O)Nc2ccccc2)c1,0
CCOC(=O)c1c(C)oc2ccc(O)c(CN(C)C)c12,0
CC(=O)c1ccc(N2CCN(C(=O)c3cc(C)on3)CC2)cc1,0
CCOc1ccc(C(=O)NCc2cccnc2)cc1,0
CC12CC(c3ccccc3O1)C(C(=O)N1CCOCC1)C(=O)N2,0
CCOC(=O)c1cc2c(=O)n3cc(C)ccc3nc2n(Cc2cccnc2)c1=N,0
CCCCNC(=O)C1CC(=O)N(CCC(C)C)C1,0
CCN(CC)c1cc2nonc2c2nonc12,0
Cc1occc1C(=O)Nc1nnc(-c2ccncc2)s1,1
COc1ccc(CCC2(C)NC(=O)NC2=O)cc1,0
CCC(C)NC(=O)CCC(=O)Nc1ccc2nc(N3CCOCC3)cc(C)c2c1,0
Cc1c(C)n(C(=O)CN2CCC(C(N)=O)CC2)c2ccccc12,0
C=CCSc1nnc(-c2cccnc2)o1,0
O=C(CN1C(=O)c2cccc3cccc1c23)N1CCN(c2cccc(Cl)c2)CC1,0
O=C(CCn1c(=O)sc2ccccc21)NCCCn1ccnc1,0
COc1cccc(Oc2ccc(N)cc2)c1,0
CCN1CCCC1CNC(=O)Cn1cnc2ccc(S(=O)(=O)N3CCC(C)CC3)cc2c1=O,0
Cn1c(Cn2cnc3ccccc32)nnc1SCC(=O)CC(=O)Nc1ccccc1,0
CN(C)CCCN(CCCNC(=O)/C=N/O)Cc1ccccc1,0
COc1ccc(CNC(=O)COc2ccc(S(=O)(=O)NC(C)C)cc2)cc1,0
COc1ccc(C2NCCC3(O)CCCCC23)c(OC)c1OC,0
Nn1c(SCC(=O)N2CCCc3ccccc32)nnc1-c1ccc(Cl)cc1,0
CC(C)OC(=O)CSc1nnc(-c2ccco2)n1N,0
CCOC(=O)c1[nH]c(=O)[nH]c1CSc1nc(C)cc(C)n1,0
CC1(C)CC(=O)C2=C(C1)NC(=O)CC2C(=O)NCc1ccc(F)cc1,0
CCOC(=O)N1CCN(c2c(NCCCN(CC)c3cccc(C)c3)c(=O)c2=O)CC1,0
C=CCc1ccc(OCC(O)COCC)c(OC)c1,0
CCOC(=O)C(C(=O)OCC)C1N=C(N)N=C2Oc3ccccc3N21,0
COc1ccccc1-n1cnnc1SCC(=O)N1CCN(S(=O)(=O)c2ccccc2)CC1,0
COc1ccccc1Nc1oc2cc(=O)ccc-2cc1C(N)=O,0
CCCN(CCC)CCCNC(=O)c1cn(CCOC)c(=O)c2c1c1ccccc1n2C,0
N#Cc1nc(Cc2ccccc2)oc1N1CCC(C(N)=O)CC1,0
C=CCn1c(COc2cccc3ccc(C)nc23)nnc1SCC(=O)OC,0
COC(=O)C1=C(C)N=C2N=CNN2C1c1ccc(OCc2ccccc2)cc1,0
CC1(C)CC(=O)C2=C(C1)NC(=O)CC2c1cc(F)ccc1F,0
CC(Oc1ccccc1)C(=O)OCn1nnc2ccccc2c1=O,0
CCOC(=O)CNC(=O)C1CCCN(c2ncccn2)C1,0
CCN(CC)C(=O)C1CCCN(Cc2ccccc2C(F)(F)F)C1,0
Cc1ccc(-c2noc(CN3CCC(C(N)=O)CC3)n2)cc1,0
CCC(=O)c1ccccc1OCCSc1nc(=O)cc(C)[nH]1,0
CCCCCNc1c(C(=O)OCC)c(=O)[nH]c2ccccc12,0
O=C(CSc1nnc(-c2ccco2)n1CC1CCCO1)N1CCCC1,0
O=S1(=O)N=C(NCc2ccco2)c2ccccc21,0
COc1ccccc1N1C(SCC(=O)N2CCCCC2)=NN/C1=C1\C=CC=CC1=O,0
O=C(O)CCCC(=O)Nc1ccc(C(=O)N2CCCCC2)cc1,0
COc1cc(-n2c(=O)c3ccccc3n(Cc3cccnc3)c2=O)cc(OC)c1OC,0
Cc1cc(=O)nc2n(Cc3ccccc3)[nH]cc1-2,0
Cc1cccc(-n2c(C)nc3c(cnn3-c3ccc(F)cc3)c2=O)c1,0
CCn1c(SCC(=O)Nc2ccc(C(=O)OC)cc2)nnc1-c1cccs1,0
COc1ccc(S(=O)(=O)N(Cc2ccccc2)Cc2nc(-c3ccccc3)no2)cc1,0
CC1CCCCN1CC(=O)NCc1ccc2c(c1)OCO2,0
c1ccc(-c2noc(CSc3nnnn3C3CCCCC3)n2)cc1,0
O=C(Nc1ccon1)c1ccccc1Cl,0
COc1cccc(CN2CCN(C(=O)c3cccs3)CC2)c1OC,0
O=C1C2C(c3ccccc3)C=CC(c3ccccc3)C2C(=O)N1CCO,0
CC(=O)Nc1cccc(N2CCCC2=O)c1,0
CCOC(=O)C1CCCN(S(=O)(=O)c2cccc3cccnc23)C1,0
Cc1c(Cl)cccc1N1C(=O)CC(N(O)c2ccccc2)C1=O,0
Cc1cc(C)nc(NC(=O)c2cccc(Cl)c2)n1,0
CCOC(=O)c1nnn(-c2nonc2N)c1-c1cccc2ccccc12,0
Cc1ccc(-c2noc(C3CCCN(C(=O)c4ccccc4)C3)n2)o1,0
CCOc1ccccc1NC(=O)C1CCCN(S(=O)(=O)c2ccc(OC)c(C)c2)C1,0
COc1ccc(-c2nnc(SCC(=O)c3ccc(C)o3)o2)cc1,0
O=C(Nc1nccs1)c1c(O)n2c3c(cccc3c1=O)CCC2,0
O=C(Nc1nc2ccc(S(=O)(=O)N3CCCC3)cc2s1)C1CCCCC1,0
CCCC(=O)c1ccc(N2CCN(S(=O)(=O)c3ccccc3)CC2)c(F)c1,0
O=C(COC(=O)c1ccccn1)Nc1cccc(Cl)c1,0
CN(CCNC(=O)c1cccc(N2CCCC2=O)c1)Cc1ccccc1,0
O=C(CSc1ncccc1-c1nc2ccccc2[nH]1)NC1CC1,0
CC(C)(C)OC(=O)N1CCCC1C(=O)NCC1CCC(C(=O)O)CC1,0
CSc1nnc2n(-c3ccc(C)cc3)c(=O)c3c4c(sc3n12)COC(C(C)C)C4,0
Cc1nnc(NC(=O)c2ccc(C)c(S(=O)(=O)N3CCCCCC3)c2)s1,0
N#Cc1ccc(NC(=O)Nc2ccc(Cl)cc2)cc1,0
O=C(CSc1ncn[nH]1)c1ccccc1,0
O=C(COCc1nc(=O)c2ccccc2[nH]1)NC1CCCC1,0
COC(=O)c1sccc1NC(=O)C1CC=CCC1C(=O)O,0
COc1ccc(N2CCC(CNC(=O)Nc3ccc(C)c(C)c3)C2)cc1,0
COc1cccc(-c2nn3c(-c4cc(C)[nH]n4)nnc3s2)c1,0
Cn1ccnc1C(=O)c1cc(=O)c2ccccc2o1,0
COc1cc(C2C(C#N)=C(N)Oc3cc(C)oc(=O)c32)cc2c1OCO2,0
CCOc1nc(OCC)nc(-n2cc(-c3ccccc3)nn2)n1,0
O=C(Nc1cnc2ccccn2c1=O)c1ccc(F)cc1,0
O=C(Nc1ccccc1)c1ccc2nc(-c3ccco3)c(-c3ccco3)nc2c1,0
OC(COc1ccc2c(c1)CCC2)Cn1cnc2ccccc21,0
CCN(CC)S(=O)(=O)c1ccc(NC(=O)C2COc3ccccc3O2)cc1,0
CCn1nc(C(=O)OC2CCOC2=O)c2ccccc2c1=O,0
Cn1c(SCC(=O)OC2CCCCC2)nnc1-c1ccc(S(=O)(=O)N2CCCC2)cc1,0
COC(=O)c1ccc(NC(=O)CNC(=O)C2CCCCC2)c(C)c1,0
c1ccc2c(CNn3cnnc3)cccc2c1,0
Nc1c(C(=O)N2CCOCC2)sc(=S)n1-c1ccccc1,0
CC1=C(C(=O)OCc2ccc3c(c2)OCO3)C(c2ccccc2)NC(=O)N1,0
NCC1(CC(=O)O)CCCCC1,0
O=S(N1CCCCCC1)C12CC3CC(CC(C3)C1)C2,0
NC(=O)CSc1nc2scc(-c3ccco3)c2c(=O)n1-c1ccccc1,0
COc1ccccc1N1CCSC1C(N)=O,0
NS(=O)(=O)c1ccc(-n2nncc2C23CC4CC(CC(C4)C2)C3)cc1,0
Cc1ccc2cccc(S(=O)(=O)Nc3ccc4c(c3)OCO4)c2n1,0
c1ccc2c(c1)OCC(CNC1=NCCCCC1)O2,0
O=C(Nc1cccc2cccnc12)c1cccnc1,0
COc1ccc(CN/C=C2/C(=O)CNC2=O)cc1OC,0
C=CCn1c(COc2ccc(Cl)cc2)nnc1SCC(=O)N1CC(=O)Nc2ccccc21,0
OCCOCCn1c2ccccc2c2ccccc21,0
O=C1CCCC2=C1C1(CCCC1)N=C(Nc1nc3ccccc3s1)N2,0
O=C(NC1=NCCS1)c1ccc(OCC2CCCO2)cc1,0
Cc1nn(CC(=O)O)c2ccccc12,0
N#Cc1cnn(Cc2ccccc2)c1/N=C/N1CCOCC1,0
CCOC(=O)CN(C)Cc1c[nH]c2ccccc12,0
On1c(-c2ccco2)nc2c1CCc1nonc1-2,0
c1coc(-c2nnc(SCc3nc4ccccc4[nH]3)o2)c1,0
COc1ccccc1NC(=O)N(CCN(C)C)Cc1cc2cc(C)ccc2[nH]c1=O,0
COCc1cc(C)nc(Nc2ccc(C)c(C)c2)c1C#N,0
O=C(Nc1nnc(CCc2ccccc2)s1)c1cccs1,0
COCCN(CC(=O)NC1CCCCC1)C(=O)CSc1nc2ccccc2o1,0
CCOc1ccc(N(CC(=O)NCc2ccccc2OC)S(C)(=O)=O)cc1,0
CCOC(=O)N1CCC(N2Cc3cccc(C(=O)NC(C)c4ccc5c(c4)OCCO5)c3C2=O)CC1,0
Cc1ccccc1NC(=O)c1c(O)n2c3c(cccc3c1=O)CC2,0
CCOC(=O)C1=C(C)OC(N)=C(C#N)C1C1CCCCC1,0
C=CCn1c(COc2ccccc2)nnc1SCC(=O)C(C)(C)C,0
CCOc1ccccc1C(=O)NCCc1ccc(S(N)(=O)=O)cc1,0
CN1CCN(S(=O)(=O)c2cccc(C(=O)NC3CCCc4ccccc43)c2)CC1,0
COc1ccc(N(CC(=O)NCc2cccs2)S(=O)(=O)c2c(C)n[nH]c2C)cc1,0
CN1C(=O)C(CC(=O)Nc2ccc3c(c2)Cc2ccccc2-3)N(C)C1=O,0
Cc1sc(NC(=O)c2oc3ccccc3c2C)c(C#N)c1C,0
c1coc(-c2nn3c(-c4ccco4)nnc3s2)c1,0
O=C(c1ccco1)N1CCN(Cc2ccccc2C(F)(F)F)CC1,0
COc1ccc(-n2nnc3c(SCC(=O)N4CCN(c5ccccc5)CC4)ncnc32)cc1,0
CC(=O)NC(CC(=O)Nc1ccc(S(=O)(=O)N2CCCC2)cc1)c1ccccc1,0
COc1ccc(OC)c(S(=O)(=O)Nc2ccc(C(N)=O)cc2)c1,0
COc1ccc(N2CCN(CCCNS(=O)(=O)c3ccc4c(c3)oc(=O)n4C)CC2)cc1,0
N#CC1=C(N)OC2=C(C(=O)CCC2)C1C1CC=CCC1,0
Nc1nnc(CC(=O)NCc2ccccc2)s1,0
CCOC(=O)c1sc(NC(=O)CSc2nnc(Cc3ccccc3)o2)c(C#N)c1C,0
Cc1cc2ccccc2c(=O)n1CC(=O)Nc1ccc2c(c1)OCCO2,0
COc1cc(-n2cnnn2)ccc1S(=O)(=O)N1CCOCC1,0
C=CCNC(NC(=O)c1ccccc1)(C(=O)OCC)C(F)(F)F,0
COc1nnc(-c2ccc(N3CCOCC3)c(NC(C)=O)c2)c2ccccc12,0
CCn1c(SCC(=O)Nc2ccc3c(c2)OCO3)nnc1-c1cnccn1,0
CN1C(=O)Cc2cc(S(=O)(=O)N3CCOCC3)ccc21,0
Cc1cc(C)n(-c2ccc(C(=O)NC3=NCCS3)cc2)n1,0
Cc1cc(Cl)ccc1OCC(=O)Nc1ccccc1CO,0
COc1cc(NC(=O)CN2CC(c3ccccc3)CC2=O)cc(OC)c1,0
Cc1cnn(-c2cc(Oc3ccccc3)ncn2)c1,0
CCc1ccccc1OCCCCCNCCO,0
COC(=O)c1cc(COc2cc(C)cc3oc(=O)c4c(c23)CCC4)c(C)o1,0
Cc1ccc(S(=O)(=O)N(C)CC(=O)Nc2nc3ccccc3s2)cc1,0
Cc1cc(=O)n2[nH]c(-c3ccccc3Cl)cc2n1,0
CCOC(=O)c1c(C)[nH]c(C(=O)CN2CC(C)OC(C)C2)c1C,0
O=c1[nH]c(CSc2nnc(-c3ccco3)n2-c2ccccc2)nc2sc3c(c12)CCC3,0
Cc1cc2oc(C(=O)NC3CCS(=O)(=O)C3)c(C)c2cc1C,0
C=CCn1c(SCC(=O)Nc2cc(C)cc(C)c2)nnc1-c1cnccn1,0
Nc1nnc(SCC(=O)N2CCN(c3ccccc3)CC2)s1,0
CCOC(=O)C1=C(N)Oc2cc(C)oc(=O)c2C1c1cccnc1,0
COc1ccc(Cc2nnc(NC(=O)c3cccs3)s2)cc1,0
COc1ccc(NC(=O)c2cccs2)cc1O,0
Cc1nnc(NC(=O)Oc2ccccc2)s1,0
Cn1c(O)c(C(=O)NCCO)c(=O)c2ccccc21,0
O=C(Cc1ccsc1)NCC(c1ccco1)N1CCCCC1,0
CCOc1ccc(-c2nc(C#N)c(N3CCN(C)CC3)o2)cc1,0
CCCc1cc(=O)nc(Nc2cc(OC)ccc2OC)[nH]1,0
Cc1ccccc1-c1nc(CS(=O)(=O)CC(=O)N(C)C2CCCCC2)c(C)o1,0
C/C(Nc1cccc(F)c1)=C(/C#N)C(N)=O,0
Cc1ccc(C(=O)CSc2nnc(-c3cccnc3)n2N)cc1,0
CCOC(=O)C1=C(N)Oc2cc(C)n(C)c(=O)c2C1c1ccncc1,0
Cc1c(N(C(=O)Nc2ccccc2)C2=NCC(C)S2)c(=O)n(-c2ccccc2)n1C,0
Cc1ccsc1C(=O)OCC(=O)N1CC(=O)Nc2ccccc21,0
O=C(CSc1nnc2scc(-c3ccc(F)cc3)n12)NCc1ccco1,0
Cc1cc(C)nc(N(C#N)Cc2ccccc2)n1,0
CCOc1cc(NC(=O)c2ccco2)c(OCC)cc1NC(=O)CCc1ccccc1OC,0
COc1ccc(NC(=O)C23CCC(C)(C(=O)C2)C3(C)C)cc1,0
COCc1nnc(SCC(=O)Nc2cccc(Cl)c2C)n1-c1ccccc1,0
O=C(CN(C(=O)CSc1nnc(COc2ccccc2)o1)c1ccc(F)cc1)NC1CCCCC1,0
Cn1c(=O)c2c(nc(NCC3CCCO3)n2C)n(C)c1=O,0
O=C1Cc2ccccc2C(c2ccccc2)N1,0
O=C(NC1CCCCCCC1)c1cnccn1,0
COc1ccc2oc(=O)c(C(=O)N3CCc4ccccc43)cc2c1,0
O=C(CSc1nnc(-c2ccc(F)cc2)o1)Nc1ccc(S(=O)(=O)N2CCCCCC2)cc1,0
CC(C(=O)NC1=NCCS1)N1C(=O)c2ccccc2C1=O,0
O=C(COc1ccc(S(=O)(=O)N2CCCC2)cc1Cl)NC1CC1,0
O=C(c1ccc2snnc2c1)N1CCCC1,0
CC(C)Oc1ccc2nnnn2n1,0
Cc1cc2nc(SC(C)C(=O)O)[nH]c2cc1C,0
COc1ccccc1-c1cc(C(=O)Nc2c(C)n(C)n(-c3ccccc3)c2=O)no1,0
Cc1cc(C)n(CC2CC(=O)N(c3ccc(C)c(Cl)c3)C2=O)n1,0
COc1cc(CN(C)CC(=O)c2[nH]c(C)c(C(C)=O)c2C)ccc1OC(F)F,0
O=C(O)CSc1nnc(CNc2ccccc2Cl)n1-c1ccccc1,0
COc1ccccc1/C=c1\sc2nc(-c3ccco3)nn2c1=O,0
CCc1cc(C(=O)OC)c(NC(=O)CCCC(=O)O)s1,0
c1ccc(OCc2nc3ccccc3s2)cc1,0
O=C(NCCCn1ccnc1)c1cn(-c2ccccc2)nc1-c1ccccc1,0
COCCCNC(=O)CN(c1cccc(Cl)c1)S(C)(=O)=O,0
Cc1nc(NC(=O)CSc2nc3cccnc3n2C2CCCCC2)sc1C,0
COc1ccc(C(=O)O)cc1Nc1cc(C)nc2ncnn12,0
COc1ccc(-n2c(SCC(=O)NCC3CCCO3)nc3nnc(C)c-3c2N)cc1,0
CCOc1cc(S(=O)(=O)NC2CCCC2)ccc1Cl,0
COC(=O)c1ccc(CSc2nc(N3CCOCC3)c3c(c2C#N)CC(C)(C)OC3)o1,0
CC(OC(=O)c1ccncc1)C(=O)Nc1cccc(Cl)c1,1
COc1ccc(CNC(=O)C2CCN(C(=O)N3CCOc4ccc(C)cc43)CC2)cc1,0
Cc1[nH]nc2c1C1(CCOCC1)C(C#N)=C(N)O2,0
CCOC(=O)c1c(C)c(C(=O)NCc2ccccn2)c(C)n1C,0
COc1cccc(NC(=O)CN(C)S(=O)(=O)c2ccc(C)cc2)c1,0
Cc1cccc(NC(=O)CCN2CCOCC2)c1,0
Cc1oc2c(O)c(O)ccc2c(=O)c1-c1ccccc1,0
CCS(=O)c1ccccc1C(=O)O,0
COc1nc(-c2ccccc2)ccc1-c1noc(-c2ccc(F)cc2)n1,0
Cc1cc(Cl)c(S(=O)(=O)Nc2ccc3c(c2)OCO3)cc1OCC(N)=O,0
COc1ccc(NC(=O)C2CCCN(S(=O)(=O)c3cnc[nH]3)C2)cc1,0
COc1ccc(N(CC(=O)Nc2nccs2)S(=O)(=O)c2c(C)nn(C)c2C)cc1,0
Cc1cc(C)n(C(=O)c2ccc(S(=O)(=O)N3CCCC3)cc2)n1,0
CN(C(=O)c1ccccc1C(=O)c1ccccc1)C1CCS(=O)(=O)C1,0
O=C(c1cc(-c2cccs2)on1)N1CCN(c2ccccc2)CC1,0
Cc1cccc(N(CC(=O)NC2CCCCC2)C(=O)CCC(=O)Nc2cc(C)ccn2)c1,0
CC(=O)Oc1ccc(/C=c2\sc3ncnn3c2=O)cc1,0
Cc1ccc2nc(-c3ccccn3)cc(C(=O)NC3CCN(C)CC3)c2c1,0
O=C(NCc1ccc(C(=O)N2CCC3(CC2)OCCO3)cc1)c1ccc2c(c1)OCO2,0
Cc1ccc2c(C)c(C(=O)Nc3nnc(C)s3)oc2c1,0
CCCCOc1ccccc1C1NC(=O)NC(C)=C1C(=O)OCc1ccco1,0
Cc1cc(NC(=O)CSc2ccc3nnc(-c4ccccn4)n3n2)no1,0
COc1cccc(Nc2nnc(SCC(=O)N3CCOCC3)s2)c1,0
C(=N/n1cnnc1)\c1cccc(OCCOc2ccccc2)c1,0
Cc1cc(C)c2nc(N3CCCC3)c(C#N)cc2c1,0
CCCCN(CC)CCNC(=O)c1cc2c(=O)n(C)c3ccccc3c2n1C,0
CCN(CC)S(=O)(=O)c1ccc(C(=O)NCc2nnc(SCC(=O)OC)n2C)cc1,0
c1ccc2c(-c3nc(-c4ccncc4)no3)cccc2c1,0
Cn1cnnc1SCC(=O)c1c[nH]c2ccccc12,0
Cc1cc(NC(=O)CCC(=O)N(Cc2cccs2)C(C(=O)NC2CCCC2)c2ccncc2)no1,0
CCOC(=O)c1sc2ncnc(NCC(c3cccs3)N(C)C)c2c1C,0
Cc1nn(Cc2ccccc2)c(C)c1NC(=O)c1cc(-c2ccco2)on1,0
O=C1CC(c2ccccc2)Sc2ccccc2N1,0
Cc1ccc(-c2nc(C#N)c(NCCc3ccccn3)o2)cc1,0
CC(NC(=O)OC(C)(C)C)c1nnc(SCC(N)=O)o1,0
O=C(Nc1nnc(CC2=CCCCC2)s1)c1cccs1,0
CCC(=O)N1CCCc2cc(S(=O)(=O)NCc3cccs3)ccc21,0
CCCCNC(=O)c1cccc(C(=O)NCCCC)c1,0
Cc1c(C#N)c2ccccc2n1CC(=O)N1CCCC1,0
COCCCNc1nc(-c2ccncc2)nc2ccccc12,0
COc1ccc(S(=O)(=O)N2CCC(C(=O)Nc3cccc(C(C)=O)c3)CC2)cc1C,0
O=C(CSCC(=O)Nc1nccs1)Nc1ccccc1,0
Cc1cc(C)nc(CC(N)=O)n1,0
Cn1c(=O)n(C)c2cc(S(=O)(=O)NCCc3ccccc3)ccc21,0
CC(C)(C)NC(=O)CN1CCC(O)(c2ccccc2)CC1,0
O=C(NCc1cccnc1)c1cccc2c1C(=O)N(C1CCCCC1)C2,0
CC(C)(C)n1ncc2c(=O)n(CC(=O)Nc3ccc4c(c3)OCCO4)cnc21,0
COc1ccc(/C(CC2(O)C(=O)Nc3ccccc32)=N\O)cc1,0
Cc1ccccc1Cn1cnc2c(cnn2C(C)(C)C)c1=O,0
COC(=O)c1[nH]c2ccccc2c1NC(=O)CN1CCN(c2cccc(OC)c2)C(C)C1,0
O=c1nc(N2CCOCC2)[nH]c2c1CCCC2,0
CCCn1c(O)c(C(=O)Nc2nc(C)cs2)c(=O)c2c1CCCC2,0
Cc1cc(NC(=O)CSc2nnnn2Cc2ccccc2)no1,0
Cc1ccc(C2(c3ccc(C)cc3)NC(=O)N(Cc3c(C)noc3C)C2=O)cc1,0
CCOC(=O)c1c(-c2cccc(OC)c2)nn2c(C)cc(C)nc12,0
COc1ccc(NC(=O)Cn2cccc2)cc1Cl,0
O=C(Nc1cccnc1)c1ccc(Oc2ccccc2)cc1,0
CCOc1ccc(S(=O)(=O)Nc2cc(Cl)ccc2O)cc1,0
COc1cc(C(=O)Nc2ccc3c(c2)OCO3)ccc1-n1cnnn1,0
COc1cccc(-c2nnc(SCC(=O)OC(C)C)n2N)c1,0
CSC(=O)CC(=O)NC(=O)c1ccccc1,0
C=C(C)Cn1c(Sc2nc3ccccc3[nH]2)nc2c1c(=O)[nH]c(=O)n2C,0
COc1ccccc1-c1nnc(SCC(=O)NCc2c(C)c(Cl)cc(C(C)C)c2O)o1,0
O=C(NC1CC2CCCC(C1)N2Cc1cccs1)N1CCOCC1,0
O=C(Nc1sccc1C(=O)NCc1ccco1)c1cccnc1,0
O=C1NC(c2ccccn2)Nc2sc3c(c21)CCC3,0
CCOC(=O)c1s/c(=N/C(=O)c2cccc(OC)c2)n(C)c1C,0
Cc1ccc2oc(=O)c3cc(C(=O)NCCN4CCN(C)CC4)sc3c2c1,0
O=C(Nc1c(Cl)cc(Cl)cc1C(=O)NCC1CCCO1)c1ccco1,0
CC12CCC(c3c(C(=O)Nc4nccs4)nn(-c4ccccc4)c31)C2(C)C,0
COc1ccc(N/C=C2\CCOC2=O)cc1,0
CCN(CC)C(=O)CSc1nc(=O)c2ccccc2[nH]1,0
COc1cc2[nH]c3c(=O)n(CCN(C(C)C)C(C)C)cnc3c2cc1OC,0
COc1ccccc1Oc1ccc(S(=O)(=O)N2CCCC2)cc1,0
c1ccc(-c2nc(NCC3CCCO3)c3ccccc3n2)nc1,0
CCC(=O)Nc1ccc(Nc2ccccc2)cc1,0
CCN(CC)C(=O)CSc1nc(=O)cc(O)n1-c1ccccc1OC,0
COC(=O)c1ccc2c(=O)n(CCN3CCOCC3)c(=S)[nH]c2c1,0
O=c1nc(Cc2cccs2)[nH]c2ccccc12,0
O=C(NC(NC1CCS(=O)(=O)C1)C(=O)c1ccccc1)c1ccc(Cl)cc1,0
Cc1cc(C)c2c(=O)[nH]n(C(C)C)c2n1,0
Cc1nnc(SCC(=O)N2CCCCC2)s1,0
CC1CN(C(=O)N(C)C)CCN1C(=O)N(C)C,0
COC(=O)c1sccc1NC(=O)c1cccnc1,0
CCN(CC(=O)NC1CCCC1)S(=O)(=O)c1ccc(C)cc1,0
COCCCNc1ccnc2c(Cl)cccc12,0
N#Cc1nc(-c2ccco2)oc1NCCCn1ccnc1,0
O=C(NCc1cccnc1)C1CCCN(S(=O)(=O)c2ccc(Cl)cc2)C1,0
Cc1cnc(N)c2c(=O)oc3ccccc3c12,0
Cc1ccc(NC(=O)Nc2ccc(F)cc2)nc1,0
Cn1c(CSc2ncccn2)nnc1SCC(=O)N1CCCc2ccccc21,0
CCC(=O)Nc1cccc(-c2nc3ccccc3o2)c1,0
CCCCc1c(O)nc(SCC(=O)NCC2CCCO2)[nH]c1=O,0
COc1ccc(CCNC(=O)CS(=O)Cc2nc(-c3cccs3)oc2C)cc1OC,0
CC(=O)c1cccc(NS(=O)(=O)N(C)C)c1,0
Cc1cccc(-n2c(=O)[nH]c3c(C(N)=O)nc(C(C)C)nc32)c1,0
COc1ccc(S(=O)(=O)N(C)CC(=O)N2CCCCC2)cc1Cl,0
c1ccc(N2CCN(CCc3nnc4n3CCCCC4)CC2)cc1,0
CCCCc1nc2sc3c(c2c(=O)[nH]1)CCC3,0
O=C1c2ccccc2C(O)N1c1cccnc1,0
CC1CC2(CC(C)(C(=O)CSc3n[nH]c(-c4ccccc4Cl)n3)OC2=O)C(=O)O1,0
O=C(O)C1CC=CCC1C(=O)N1CCN(c2nc(-c3ccccc3)c3ccccc3n2)CC1,0
CCSc1nnc2c(n1)[nH]c1c(C)cccc12,0
Cc1cc(C)c(NC(=O)CN2C(=O)NC3(CCCCC3)C2=O)c(Cl)c1,0
COc1ccc(/C=C(/C#N)c2cccnc2)cc1OC,0
CCc1nnc(NC(=O)CSc2nnc(COc3ccc(C#N)cc3)n2-c2ccccc2)s1,0
Cc1c(NC(=O)C2CC=CCC2C(=O)O)c(=O)n(-c2ccccc2)n1C,0
CCOC(=O)N/C(N)=N/c1nc2ccccc2s1,0
CCOC(=O)CC(=O)CSc1nc2ccc(C)cc2cc1C#N,0
O=C(Cc1ccccc1)Nc1ccc(CN2CCOCC2)cc1,0
Cc1ccc2c(c1)nnn2C1CCN(S(=O)(=O)c2ccc(C(=O)N3C(C)CCCC3C)cc2)CC1,0
COc1ccc(CCNC(=O)c2nnn(-c3ccc4c(c3)OCCO4)c2N)cc1OC,0
COc1ccc2c(c1OC)C(=O)OC2Nc1ccccc1S(=O)(=O)C(F)F,0
O=C(CN(c1ccccc1)S(=O)(=O)c1ccccc1)N1CCN(Cc2ccc3c(c2)OCO3)CC1,0
Cn1nnnc1SCC(=O)NC(=O)Cc1ccccc1,0
CN(c1cc(=O)n2ccccc2n1)C1CCCCC1,0
CC(C)C(=O)Nc1ccc(NC(=O)c2ccco2)cn1,0
C=CCSC1=C(C#N)C(c2cccc(OC)c2)CC(=O)N1,0
COc1ccccc1N1CCN(S(=O)(=O)c2cccc3nsnc23)CC1,0
CC1CCN(C(=O)CSc2nc3ccccc3[nH]2)CC1,0
COc1ccc(Cl)cc1NC(=O)CSc1nnc(COc2ccccc2)n1N,0
COC(=O)c1cc2ccsc2n1CC(=O)N(C)c1ccccc1,0
CCC(=O)Nc1nnc(-c2ccc(OC)cc2)o1,0
C1=C(c2c[nH]c3ccccc23)CCNC1,1
O=C(NCc1cccs1)c1cc(-c2ccccc2)on1,0
Cc1cc(NC(=O)c2cnn3cccnc23)nn1CC(=O)Nc1cccnc1,0
Cn1c(-c2ccc3ccccc3n2)nc2cnccc21,0
CCCn1c(SCC(=O)NCCc2ccc(Cl)cc2)n[nH]c1=O,0
N#Cc1c(N)nc(SCc2ccccn2)c(C#N)c1-c1cccs1,0
O=c1[nH]n(-c2ccccn2)c(=O)c2ccccc12,0
Cc1ccc(S(=O)(=O)n2nc(OC(=O)c3cccs3)cc2N)cc1,0
CCn1cc(C(=O)O)c(=O)c2cc(OC)ccc21,0
N#Cc1cccc(NC(=O)c2nc(-c3ccccc3)n(-c3ccccc3)n2)c1,0
O=C(NCc1ccccc1)NC1CCCCC1,0
CCC(=O)N1CCN(C(=O)CC)C1c1ccccc1,0
CCn1c(SCC(=O)Nc2cc(C)on2)nc2c(c1=O)SC(C)C2,0
CCOc1cc(C2C(C(=O)OC)=C(C)N=C3SCCC(=O)N32)ccc1OC(C)=O,0
CCOC(=O)C1=C(C)N=C2N=CNN2C1c1c[nH]c2ccccc12,0
O=C(O)c1cc(-c2ccc(Cl)cc2)n[nH]1,0
CCOc1ccc(S(=O)(=O)NCc2ccco2)c2ccccc12,0
CCOc1ccccc1NC1=NCC(=O)N1Cc1ccc(F)cc1,0
CC1CCc2nn(CC(=O)NCCCN3CCCC3=O)cc2C1,0
COCc1cc(C)c(C#N)c(=S)[nH]1,0
CC(=O)N1CCN(c2cccc(C)c2C)CC1,0
CCCOc1ccc(-c2nnc(-c3ccncc3)o2)cc1,0
O=C(COc1ccccc1)Nc1ccc2c(c1)nc1n2CCOC1,0
O=C(NCc1ccccc1)NC(Cc1ccccc1)C(=O)O,0
Cc1ccccc1N(CC(=O)NCCc1ccccc1)C(=O)c1ccc(N2CCCC2)nc1,0
CC(=O)Nc1ccc(OC(=O)c2ccccc2N)cc1,0
COc1ccc(CNC(=O)c2cccs2)cc1,0
CCC1CCCCN1CCCNC(=O)C1CCN(S(=O)(=O)N2CCCCC2)CC1,0
COc1ccc(C)cc1NC(=O)CN1CCN(c2ccc(F)cc2)CC1,0
O=c1cc(-c2ccc(Cl)cc2)[nH][nH]1,0
CCOC(=O)c1cc(C)sc1N1C(=O)C2C3C=CC(C3)C2C1=O,0
COc1ccc(S(=O)(=O)Nc2ccc(NC(C)=O)cc2)cc1OC,0
CCOCCCNC(=O)C1CCCN1S(=O)(=O)c1ccc(Cl)cc1,0
Cc1nn2c(-c3ccccc3)c(-c3ccccc3)[nH]c2nc1=O,0
O=C(O)Cn1nc(C(F)(F)F)c2c1CCC2,0
CCn1c(SCC(=O)NCc2cccs2)nnc1-c1ccncc1,0
CCOc1ccc(-n2cc(C(=O)NCc3ccco3)c3cc(OC)c(OC)cc3c2=O)cc1,0
O=C1/C(=C/NCCCn2ccnc2)C(c2ccccc2)=NN1c1nc2ccccc2s1,0
Cc1ccc(-c2nnn(CC(=O)N(CCO)C(C(=O)NC(C)(C)C)c3ccncc3)n2)cc1,0
Cc1sc2ncnc(NCCCn3ccnc3)c2c1C,0
CCNc1nc2c(c(=O)n(C)c(=O)n2C)n1Cc1ccc(Cl)cc1,0
COc1ccccc1C(=O)NCCc1nc2ccccc2[nH]1,0
COC(=O)C1=C(CSc2nnnn2C)NC(=O)NC1c1cc(C)ccc1C,0
O=C(CSc1ncnc2c1oc1ccccc12)Nc1cccc(F)c1,0
CCNc1nc(NCC)nc(OCCOC(=O)c2ccccc2)n1,0
Cc1nnc(NC(=O)C2(c3ccccc3)CCOCC2)s1,0
CCOc1ccccc1C(=O)Nc1ccccc1O,0
Cc1ccccc1-c1nc(CN2CCC(C(=O)NCCCN3CCCC3)CC2)c(C)o1,0
Cc1ccc(CCNC(=O)C2CCCN(S(=O)(=O)c3c(C)nn(C)c3C)C2)cc1,0
O=C(NCC1CCCO1)c1ccccc1-c1nc(-c2ccccc2)no1,0
COc1ccccc1NC(=O)CN1C(=O)NC(C)(C)C1=O,0
CN1CCN(Cc2nc3ccccc3n2C)CC1,0
CCOC(=O)CSc1nnc(-c2ccccc2OC)o1,0
CC(C)N(C=O)C1(C(=O)NC2CCCCC2)CCCCC1,0
COc1ccc(C)cc1NC(=O)CN1CCN(S(=O)(=O)c2ccc(F)cc2)CC1,0
CN(Cc1cccs1)CC(O)COCc1ccco1,0
O=C(/N=C(\NO)c1ccccc1)Nc1ccc(Cl)cc1,0
COc1ccc(NC(=O)C2CCN(S(=O)(=O)c3cccc4cccnc34)CC2)cc1OC,0
COc1ccc2c(c1OC)C(=O)N(c1cccc(C)c1)C2,0
Cc1ncc(CSc2nnnn2-c2ccccc2)c(N)n1,0
Cc1nc2sc(C(c3ccccc3)N3CCN(C(=O)c4ccco4)CC3)c(O)n2n1,0
COc1ccc(NC(=O)C2CCCN(S(=O)(=O)c3c(C)n[nH]c3C)C2)c(OC)c1,0
O=C(Nc1ccon1)C1CCN(S(=O)(=O)c2cccs2)CC1,0
CCOC(=O)CC1C(=O)NCCN1Cc1cccc(C(F)(F)F)c1,0
O=C(NCc1ccccc1)N1CCC(c2nc3ccccc3[nH]2)CC1,0
COc1ccccc1-c1nnc(SCC(=O)O)n1C,0
Cc1ccc(NC(=O)CN2C(=O)C(C)Oc3ccccc32)nc1,0
Cc1occc1-c1nnc(SCC(=O)Nc2nccs2)n1CCc1ccccc1,0
CCOc1cc2c(cc1C(C)(C)C)NC(=O)CS2,0
Cc1ccc(N2C(=O)NC(=O)C3(Cc4ccccc4N4CCCC43)C2=O)cc1,0
Cc1nnc(Sc2nc3ccccc3o2)c2ccccc12,0
CCCCn1c(NCCC)nc2c1c(=O)[nH]c(=O)n2C,0
CC(SC1=NNC(=C2C=CC(=O)C=C2)O1)C(=O)Nc1cccc2ccccc12,0
Cc1noc(C)c1CSc1nnc(-c2ccco2)o1,0
CCOC(=O)c1ccc(CSc2nnc(-c3ccncc3)n2N)cc1,0
CCOC(=O)C1=C(C)NC2=C(C(=O)CCC2)C1c1cccs1,0
O=c1[nH]c(CN2CCN(Cc3ccccc3)CC2)nc2sc3c(c12)CCC3,0
CC1Cc2ccccc2N1C(=O)c1cc2c(=O)n3ccccc3nc2n1C,0
CCn1c2ccccc2c2cc(C3C(C#N)=C(N)Oc4n[nH]c(COC)c43)ccc21,0
C/C(=C1\SC(N2CCOCC2)=NC1=O)c1ccc(C)cc1,0
O=C(Nc1nsc(-c2ccccc2)n1)c1cccs1,0
COc1cc(C2=NOC(C(=O)N3CCOCC3)C2)cc(OC)c1OC,0
CCOc1ccccc1N1CC(C(=O)Nc2nccs2)CC1=O,0
COCCCNC(=O)c1cc2c(=O)n3cccc(C)c3nc2n(C(C)C)c1=N,0
CCOC(=O)C1CCCN(C(=O)c2cc3c(-c4cccc(OC)c4)nn(C)c3s2)C1,0
O=C(NCCCN1CCOCC1)C1CC(=O)N(C2CCCCC2)C1,0
CC1(C)CC(NC(=O)C2CCCCC2C(=O)O)CC(C)(C)N1,0
O=C(NCC(F)(F)F)N1CCOCC1,0
O=C(O)C1Cc2ccccc2CN1C(=O)c1ccccc1,0
Cc1sc2nc3c4ccccc4c(NCc4ccco4)nn3c(=O)c2c1C,0
COC(=O)CSc1nnc(-c2cnccn2)n1C,0
Cc1cccc(NC(=O)CC2CCC2)c1,0
COc1ccc(C2(NC(C)=O)CCN(C(=O)c3ccco3)CC2)cc1,0
Cc1nc(-c2ccc(S(=O)(=O)N3CCCCCC3)cc2)cs1,0
CC(C)CC(NC(=O)OC(C)(C)C)c1nnc(SCc2cccc(F)c2)o1,0
CCCCn1nc(C(=O)NC2=NCCS2)c2ccccc2c1=O,0
Cc1nn(-c2nc(=O)c(C)n[nH]2)c(C)c1SCC(=O)Nc1ccc(F)cc1,0
CC1(C)Cc2cccc(OCC(=O)Nc3nccs3)c2O1,0
COc1ccc(S(=O)(=O)N2CCCN(CC(=O)Nc3cc(NC(C)=O)ccc3OC)CC2)cc1,0
CCC(CC)C(=O)NCCc1cc2ccc(C)cc2[nH]c1=O,0
Cc1cc(NC(=O)CSc2nc3ccccc3n2CC(=O)N2CCCCC2)no1,0
Cc1ccc(S(=O)(=O)CCC(=O)c2ccc(O)cc2O)cc1,0
CCN1CCN(C(c2cccs2)C(C)NC(=O)c2ccco2)CC1,0
Cc1ccccc1NC(=O)CSc1nc(N)c(C#N)cc1C#N,0
O=[n+]1c2c(n([O-])c3cc(F)c(N4CCCC4)cc31)CCCC2,0
Cn1c(SCC(N)=O)nnc1C1CCN(C(=O)NC2CCCCC2)CC1,0
O=C(CSc1ncc(-c2ccccc2)nn1)NCc1ccco1,0
Nn1c(CN2CCCCC2)nc2ccccc2c1=O,0
COc1cc2c(cc1OC)CN(C(=O)CSc1nc3[nH]ncc3c(=O)n1-c1ccccc1)CC2,0
O=C(NCC1CC1)C1CCCN(S(=O)(=O)c2ccc(-n3cnnn3)cc2)C1,0
CCOC(=O)CC(=O)CSc1nc2c(cc1C#N)CCCCCC2,0
Cc1ccccc1-n1nc2c(c1NC(=O)c1cc3ccccc3oc1=O)CS(=O)C2,0
Cc1nc2ccc3[nH]snc3c2n1,0
CC(=O)c1cccc(NC2c3ccccc3C(=O)N2Cc2ccc3c(c2)OCO3)c1,0
COC(=O)c1[nH]c2ccccc2c1NS(=O)(=O)c1ccc(OC)cc1OC,0
O=C(CCC(=O)NC1CC1)Nc1nnc(C2CCCCC2)s1,0
COC(=O)CCCCC1SCC(NC(=O)OC)C1NC(=O)OC,0
Cc1cc(NC(=O)CSc2nnnn2C2CCCC2)no1,0
COc1cc(OC)cc(-n2c3nc4ccccc4nc3c3c(=O)n(CC4CCCO4)cnc32)c1,0
NC(=O)c1c(-c2ccccc2)oc2ccc(O)cc12,0
O=C1NC(c2ccccc2Cl)Nc2ccccc21,0
O=c1c2c3c(sc2nc2sc(C4CC4)nn12)CCCC3,0
Cn1c(=O)oc2cc(S(=O)(=O)NCCC(=O)NCCc3ccccc3)ccc21,0
CCCCCOC(=O)Nc1nnc(CCC)s1,0
Cc1cccc2cc3c(nc12)S/C(=N\CC1CCCO1)N(Cc1ccco1)C3,0
O=C(NCc1nc2ccccc2[nH]1)c1ccco1,0
COc1ccc(OC)c(NC(=O)NCc2ccc(F)cc2)c1,0
O=C(Nc1ccc(Cn2nnc3ccccc32)cc1)c1ccco1,0
CCOc1ccc(N2CC(=O)N=C2Nc2nc(C)cc(C)n2)cc1,0
COCCCNC(=O)CSC1=Nc2ccccc2C2=NC(CC(=O)NCc3ccccc3)C(=O)N12,0
CCOC(=O)C1=C(CS(=O)(=O)c2ccccc2)NC(=O)NC1c1ccccc1,0
COc1ccc(OC)c(CCNC(=O)CC2Oc3ccccc3NC2=O)c1,0
OC(COc1ccc2c(c1)CCC2)CN1CCN(c2ccccc2F)CC1,0
Cc1ccc(C)c(CSc2nnc(-c3cccnc3)o2)c1,0
CC1(C)CC(=O)C=C(Nc2ccc(S(N)(=O)=O)cc2)C1,0
Cc1ccc2oc(-c3ccc(NC(=O)c4cccnc4)cc3)nc2c1,0
O=C(CSc1nnc2scc(-c3ccccc3)n12)Nc1ccc2c(c1)OCCO2,0
CCOC(=O)C1=C(CN2CCN(c3ccc(F)cc3)CC2)NC(=O)NC1c1cccs1,0
CCCC(=O)Nc1cc(C)c2c(=O)oc3ccccc3c2n1,0
COC(=O)C1CCN(c2cc(=O)n(-c3ccc(OC)cc3)c(=O)[nH]2)CC1,0
CC1CCN(c2[nH]c(=S)c(C#N)c3c2CCCC3)CC1,0
Cc1ccc(-n2nnnc2SC(C)C(N)=O)c(C)c1,0
CCOc1cc(NC(=O)c2ccco2)c(OCC)cc1NC(=O)CCc1ccc(OC)cc1,0
COc1ccc(-n2c(=S)[nH]c3cc(C(=O)NCCCN4CCCC4=O)ccc3c2=O)cc1,0
CCOC(=O)CSC1=NN/C(=C2\C=Nc3ccccc32)N1CC,0
Cc1cc(-c2ccccc2N)n[nH]1,0
O=C(CSc1ncn[nH]1)c1ccc2c(c1)OCCO2,0
COc1ccc(CCNC(=O)CC(NS(=O)(=O)c2ccc(NC(C)=O)cc2)C(C)C)cc1OC,0
CCOc1ccc(NCC(=O)Nc2ccc(C)cc2C)cc1,0
CC1=C(C(=O)Nc2ccccc2)C(c2cccs2)N2NN=NC2=N1,0
OCCOCCNc1ncnc2nc[nH]c12,0
CC(=O)c1ccc(NC(=O)C2CCCNC2=O)cc1,0
Cc1cccc(NC(=O)CCn2nc(C)cc2C)c1,0
O=C1N/C(=C2\C=CC=CC2=O)NC2=C1CCCC2,0
COc1cccc(Cn2c(Oc3cccc(C)c3)nc3c2c(=O)n(C)c(=O)n3C)c1,0
O=C(Nc1ccc(Oc2ccccc2)cc1)C1CCCN(c2ncccn2)C1,0
CCCn1c(O)c(C(=O)Nc2nccs2)c(=O)c2c1CCCC2,0
CNC(=O)Nc1cccc(NC(=O)NC)n1,0
O=C(NCc1ccccc1)c1ccc(OC2CSC2)cc1,0
O=C(CN1CCCc2ccccc21)NCc1ccc2c(c1)OCO2,0
c1ccc(-c2nc(-c3ccncc3)no2)cc1,0
O=c1c2ccccc2oc2nc(-c3ccco3)n(Cc3ccccc3)c(=O)c12,0
CCN1C(SCC(=O)Nc2nc(-c3ccc(C)cc3)cs2)=NN/C1=C1/C=CC=CC1=O,0
Cc1c(O)ccc2c3c(c(=O)oc12)CCCC3,0
O=C(COc1ncnc2ccccc12)NC1CCS(=O)(=O)C1,0
CCN(CCCNC(=O)C1CCN(S(=O)(=O)c2cnc[nH]2)CC1)c1cccc(C)c1,0
CC(OC(=O)c1cc2sccc2n1C)C(=O)NCc1ccc2c(c1)OCO2,0
CC1=C(C(=O)Nc2ccccc2)C(c2ccco2)N2NC=NC2=N1,0
CCOc1ccccc1NC(=O)CC1Nc2ccccc2NC1=O,0
Cc1cc(C)n2cc(CSc3nnnn3C)nc2n1,0
Cn1c(C(=O)OCC(=O)NCc2ccco2)cc2sccc21,0
Cc1cc(C)nc(SCC(=O)N2CCC(C(N)=O)CC2)n1,0
COc1ccc(-c2nc(-c3ccccc3)no2)c(OC)c1,0
O=C(CC1CCCCC1)N1CCN(c2ccccn2)CC1,0
O=C(Nc1ccccc1)NC1CC2CCC(C1)N2,0
COc1ccc(-n2nnnc2SCC(=O)c2cccc(OC)c2)cc1,0
COc1ccc(-n2nnnc2SCC(=O)N2CCCC2)cc1OC,0
Cc1ccc(Cn2nnnc2CN2CCC(O)(c3ccc(F)cc3)CC2)cc1,0
O=C(COc1ccccc1)NCCc1cn2ccsc2n1,0
CCOC(=O)C1=C(C)NC(=O)NC1c1ccc(NC(C)=O)cc1,0
Cc1cc(O)ccc1NC(=O)c1ccccc1,0
Cc1cc(C)n2cc(CSc3ncccc3C(=O)O)nc2n1,0
Cc1ccccc1-n1ncc2c(SCC(=O)NCc3cccs3)ncnc21,0
CCCN(CCC)CCCNC(=O)c1ccc2c(c1)N(CC)C(=O)c1ccccc1S2=O,0
CC(C)(C)C(O)C(Oc1ccc(Cl)cc1)n1cncn1,0
Cc1onc(-c2c(F)cccc2Cl)c1C(=O)NC1=NCCS1,0
COc1ccccc1-c1c(NC(=O)c2ccco2)n(-c2ccccc2)nc(C)c1=O,0
Cn1c(=O)c2c(nc(SCC(=O)N3c4ccccc4CCc4ccccc43)n2C)n(C)c1=O,0
COc1ccc(NC(=O)CSc2nnc(-c3ccccc3Cl)n2Cc2ccco2)c(OC)c1,0
N#Cc1nc(-c2ccc(OCc3ccccc3)cc2)oc1N1CCOCC1,0
O=c1c2ccccc2nc(-c2ccco2)n1-c1cccnc1,0
CCN(CC)CCNC(=O)Cn1nc(-c2ccc(C)cc2)ccc1=O,0
COc1ccc(-c2nc(N)n[nH]2)cc1OC,0
CCCNC(=O)NC(C(=O)OC)C12CC3CC(CC(C3)C1)C2,0
O=C(O)COc1cccc(NC(=O)c2ccccc2)c1,0
O=C(Cn1nnc2ccccc21)C1CC1,0
Fc1ccccc1N1CCN(Cc2ccc3c(c2)OCO3)CC1,0
Cc1cccn2cc(-c3ccc(S(=O)(=O)N4CCOCC4)cc3)nc12,0
O=C(COC(=O)c1cccnc1)Nc1cccc(Cl)c1,0
Cc1c(Cl)cccc1N(CC(=O)N1CCCCCC1)S(C)(=O)=O,0
CCOC(=O)c1[nH]c2ccccc2c1NC(=O)CC(C)C,0
Cn1c(SCC(=O)N2CCc3ccccc3C2)nnc1-c1cccs1,0
O=C(NCc1ccc2c(c1)OCO2)c1cccc(C(=O)NCc2ccc3c(c2)OCO3)c1,0
Cc1cc(C(=O)NC(C)c2ccncc2)cs1,0
CCOC(=O)C1=C(Nc2cccc(Cl)c2)SCC1=O,0
O=c1c2ccccc2nc(SCc2nc3ccccc3s2)n1Cc1ccco1,0
O=C(CSc1ccc2c(c1)OCCO2)Nc1ccc(Cl)cn1,0
COc1ccccc1-c1c(C)oc2c(CN3CCN(C)CC3)c(O)ccc2c1=O,0
COc1ccc(CN(C(=O)c2oc3ccccc3c2C)C2CCS(=O)(=O)C2)cc1,0
Cc1ccc(C(=O)NCc2nnc(SCC(=O)Nc3sc4c(c3C#N)CCCC4)n2C)cc1,0
COc1ccc(C(C)=O)cc1COC(=O)c1ccc(OCc2c(C)noc2C)cc1,0
COc1ccccc1NC(=O)CSc1nc(=O)cc(O)n1-c1ccccc1OC,0
Cc1onc(-c2ccccc2)c1C(=O)Nc1cccnc1,0
Cc1cc(C)c(S(=O)(=O)NCc2cn3c(C)csc3n2)c(C)c1,0
CC(=O)N(CC(C)(C)CC=C(C)C)c1ccccc1,0
COC(=O)NCc1ccc(CNC(=O)OC)cc1,0
Cc1cccc2cc(C(c3nnnn3Cc3ccc4c(c3)OCO4)N3CCCC3)c(=O)[nH]c12,0
Cc1c(C)n(C(=O)CSc2nncn2C)c2ccccc12,0
Cc1csc(NC(=O)C(Cc2ccccc2)n2cccc2)n1,0
O=C(CCCOc1ccccc1)NCC1CCCO1,0
COc1ccc(C(=O)N2CCN(S(=O)(=O)c3ccc(C)cc3C)CC2)cc1OC,0
COc1ccccc1S(=O)(=O)Cc1ccc(C(=O)NC2CCCCC2)o1,0
Cc1cc2nnc(SCc3ccccc3)n2c(N)n1,0
CCn1c(=O)c2c(nc(SCc3ccccn3)n2C)n(C)c1=O,0
O=C(COC(=O)C1=COCCO1)NCCCc1ccccc1,0
O=C(NCCSCc1ccco1)Nc1ccccc1,0
COc1ccc(S(=O)(=O)N(C)CC(=O)O)c2ccccc12,0
COc1ccc(C)cc1NC(=O)CN1C(=O)c2ccccc2S1(=O)=O,0
O=C(CCCn1c(=S)[nH]c2ccccc2c1=O)NC1CCCC1,0
Cc1cccc(-n2nnc(C(=O)NCc3ccccc3)c2N)c1,0
CSC1=NCCN1C(=O)C(C)Oc1ccccc1,0
CC(C)CC1NC(=O)N(CC(=O)N2CCN(S(=O)(=O)c3ccc(Cl)cc3)CC2)C1=O,0
Cc1nc(SCC(=O)N2CCN(c3ccccc3)CC2)c2oc3ccccc3c2n1,0
O=C1Nc2ccccc2C12OCCS2,0
O=C(CSc1nnc(COc2cccc3cccnc23)o1)N1CCc2ccccc21,0
c1ccc(-c2nc3ccccc3nc2-c2ccccn2)nc1,0
O=C(O)Cn1c(SC2CCCCC2)nc2ccccc21,0
COc1cccc(-n2nnc3c(=O)n(CC(=O)N4CCCCC4)cnc32)c1,0
Cc1ccc2nc(C3CCN(CC(=O)N4CCCCCC4)CC3)[nH]c2c1,0
CC(=O)NCCn1c(SCC(=O)NCC2CCCO2)nc2ccccc2c1=O,0
O=C(Nc1ccccc1-c1ccccc1)c1ccco1,0
Cc1ccc(-c2cc(C(=O)Nc3cc(C)on3)c3ccccc3n2)c(C)c1,0
Cc1ccc(S(=O)(=O)N(C)CCCC(=O)Nc2ccncc2)cc1,0
CCOc1ccc(-c2nnn(CC(=O)Nc3ccccc3OC)n2)cc1OCC,0
c1ccc(C(CN2CCOCC2)c2ccccc2)cc1,0
COC(=O)NC1CSCC1OC(=O)CN1C(=O)c2ccccc2C1=O,0
Nc1cc(=O)nc(SCc2nnc(-c3ccccc3)o2)[nH]1,0
N#CC1=C(SCC(=O)c2cc3ccccc3oc2=O)NC(=O)C(C#N)C12CCCC2,0
O=S(=O)(NCCSc1ccc(Cl)cc1)c1ccc2c(c1)OCCO2,0
O=C(CCCN1C(=O)c2ccccc2C1=O)NCc1cccnc1,0
CN(C)c1oc(-c2ccc(OCc3ccccc3)cc2)nc1C#N,0
Fc1ccccc1N1CCN(CCCNc2ccc3nncn3n2)CC1,0
C=CCn1cnc2c(NCc3ccccc3)ncnc21,0
Cc1csc(NC(=O)CSc2nnc(-c3ccoc3C)n2Cc2ccco2)n1,0
N#CC1=C(N)C(C#N)(C#N)C(c2ccsc2)C2COCC=C12,0
Cc1ccc(NC(=O)CC(=O)NCCN2CCOCC2)cc1,0
COC(=O)c1cc2sccc2n1CC(=O)Nc1cc(OC)cc(OC)c1,0
O=C(Cc1ccc(-c2ccccc2)cc1)NCCN1CCOCC1,0
CCOC(=O)c1cc2sccc2n1CC(=O)Nc1ccc(OC)c(OC)c1,0
c1ccc(Cn2ncc3c2ncn2nc(-c4ccncc4)nc32)cc1,0
CCN1CCN(Cc2cc(=O)oc3ccc(Cl)cc23)CC1,0
Cc1ccc2c(Cl)cc(Cl)c(OCc3c(C)noc3C)c2n1,0
CCOc1ccc(Cl)cc1CSc1n[nH]c(CC)n1,0
Cc1ccccc1NC(=O)c1ccc(NC(=O)c2ccco2)cc1,0
Cc1cc(S(=O)(=O)NCC(C)C)ccc1OCC(=O)N1CCOCC1,0
Cc1cc(C)c2cc(CN(CCO)C(=O)Nc3ccc(Cl)cc3)c(=O)[nH]c2c1,0
COc1ccc(C(=O)CSc2nnc(-c3ccccn3)n2Cc2ccco2)cc1,0
C=C(C)CSc1nc2ncccc2[nH]1,0
O=C(NCc1ccccc1)NS(=O)(=O)c1ccccc1Cl,0
COc1cccc2cc(C(=O)N3CCN(C(=O)c4ccco4)CC3)c(=O)oc12,0
CC(=O)Nc1cccc(NC(=O)c2cc3ccccc3o2)c1,0
CCn1c(=O)cc(SCC(=O)N2CCC3(CC2)OCCO3)c2ccccc21,0
CCN1CCN(Cc2ccc(OC(F)(F)F)cc2)CC1,0
COc1ccc(S(=O)(=O)N2CCC(C(N)=O)CC2)cc1,0
COc1ccccc1N(CC(=O)NCCc1ccccc1)S(C)(=O)=O,0
O=C(Oc1cccc2cccnc12)c1cccc(-n2cnnn2)c1,0
CCOc1ccc(-c2nc(=S)[nH][nH]2)cc1,0
N#Cc1ccc(C23CC4CC(CC(C4)C2)C3)[nH]c1=O,0
CCSc1nnc(NC(=O)c2ccccn2)s1,0
COc1cccc(OC)c1OCCCSc1nc(=O)cc(C)[nH]1,0
COc1ccc(OC)c(CNc2nc3ccccc3n2CCN2CCCCC2)c1,0
CCN(CC)c1ccc2c(c1)oc(=O)c1c(Cl)cc(=O)oc12,0
COC(=O)C(Cc1cnc[nH]1)NC(=O)C1CCC(=O)N1,0
CCn1c(SCC(=O)c2cc(OC)ccc2OC)nnc1C1CC1,0
CC(=O)N1CCN(S(=O)(=O)c2ccc(C)cc2)C1C(C)C,0
CC(=O)Nc1nc(CC(=O)c2ccccc2)cs1,0
Cc1cc(N2CCN(C3CCCC3)CC2)n2ncc(-c3ccccc3)c2n1,0
Cc1cc(C)cc(OCC(=O)Nc2cccc(-c3nnc(-c4ccco4)o3)c2)c1,0
Cc1[nH]c2ccc(-c3n[nH]c(=S)n3C)cc2c1C,0
CC1(C)CC(=O)C(=CNCCCn2ccnc2)C(=O)C1,0
CS(=O)(=O)NCCOc1ccc(S(=O)(=O)N2CCCc3ccccc32)cc1,0
Cc1nnc(NC2=NCCC2)o1,0
CCCc1c(O)nc(SCC(=O)NCCc2ccc(OC)c(OC)c2)[nH]c1=O,0
O=C(Cc1ccccc1)Nc1ccc(C(=O)O)cc1,0
Cc1cccc(OCC(O)CN2C(C)(C)CC(O)CC2(C)C)c1C,0
CCCn1c(N)c(C(=O)CSc2nc3ccccc3n2CCC#N)c(=O)n(C)c1=O,0
COC(=O)COc1ccc(S(=O)(=O)NCCC2=CCCCC2)cc1,0
CCCCNc1c(C(=O)OCC)c(=O)[nH]c2ccccc12,0
Cc1noc(C)c1S(=O)(=O)N1CCCC(C(=O)Nc2cccnc2)C1,0
COc1ccc(-n2c(=O)cc(N3CCc4ccccc43)[nH]c2=O)cc1,0
CCOC(=O)c1cnc2ccc(C(=O)OC)cc2c1NCc1ccco1,0
CCn1c(CSc2ncccn2)nnc1SCC(=O)N1c2ccccc2CC1C,0
O=C(NCc1ccco1)c1ccc(=O)[nH]n1,0
CN(C1CCCCC1)S(=O)(=O)c1ccc2c(c1)c(=O)c(C(=O)NCCCN1CCCC1)cn2C,0
O=C1NC(c2cc3c(cc2Cl)OCO3)Oc2ccccc21,0
Cc1ccc(O)c(NC(=O)CCC2CCCCC2)c1,0
Cc1ccccc1-n1nc(C)c2cc(C(=O)N3CCN(S(=O)(=O)c4ccccc4)CC3)sc21,0
Cc1ccc2c(CC(=O)NC3=NCCS3)coc2c1,0
Cc1nc(SCC(=O)N2CCC(C(N)=O)CC2)n[nH]1,0
CCN(CC)CCCN1C(=O)C(=O)/C(=C(/O)c2ccc(OC)cc2)C1c1ccco1,0
COc1cccc(NC(=O)c2oc3ccccc3c2NC(=O)C(C)(C)C)c1,0
CCCc1nc(Nc2nc3ccccc3o2)nc(C)c1C(=O)OCC,0
CC1(C)Cc2c(sc3nc(NCCN4CCOCC4)n4ncnc4c23)CO1,0
Cc1c(NC(=O)c2cc(-c3ccc4c(c3)OCO4)on2)c(=O)n(-c2ccccc2)n1C,0
CCOC(=O)C1=C(C)N(C)C(=O)NC1c1ccc(C)s1,0
COc1ccccc1Cn1c(=O)c2ccccc2n2c(Sc3ncnc4sccc34)nnc12,0
COCCSc1nnc(NC(=O)COC)s1,0
CCOC(=O)C1=C(c2ccccc2)NC(SCC(=O)Nc2ccccc2C)=C(C#N)C1c1ccco1,0
O=C(Nc1ccccc1)c1ccc(S(=O)(=O)NCC2CCCO2)cc1,0
N#CCCN1CCN(S(=O)(=O)c2ccc(S(=O)(=O)NC3CCCC3)cc2)CC1,0
Cc1csc(NC(=O)c2cnc3ccccn3c2=O)n1,0
Nn1cnnc1SCC(=O)Nc1ccc2c(c1)OCCO2,0
Cc1ccc(S(=O)(=O)N2CCN(C(=O)N3CCOCC3)C2c2ccc(N(C)C)cc2)cc1,0
CCCC(=O)Nc1ccc(Cl)c(NC(=O)c2cccnc2)c1,0
COc1cccc(NC(=O)CSc2nnnn2C(C)C)c1,0
CCCSCCCNC(=O)CC1Oc2ccccc2NC1=O,0
O=C(CCn1cccc1)NCCc1ccc(Cl)cc1,0
CCOC(=O)N1CCN(C(=O)c2ccc3c(=O)n(Cc4ccc(OC)cc4)c(=S)[nH]c3c2)CC1,0
CCOC(=O)N1CCN(S(=O)(=O)c2cc(OCC(N)=O)c(C)cc2Cl)CC1,0
O=C(Nc1ccc2c(c1)OCCO2)C1CCC1,0
CCCCOc1ccc(C(=O)Nn2cnnc2)cc1,0
Cc1occc1-c1nnc(SCc2nc3ccccc3c(=O)n2CC#N)n1C,0
Cc1cc(C)cc(NC2=NC3(CCCCC3)N=C(N)N2)c1,0
O=C1C2CCCN2C(c2ccc(Cl)cc2)N1c1nccs1,0
COc1ccc(OC)c(NC(=O)CSc2nnnn2-c2ccc3c(c2)OCO3)c1,0
O=C(c1ccccc1)c1cc(F)c(N2CCOCC2)cc1Cl,0
CCn1c(C)c(C(=O)O)c2cc(OC)ccc21,0
O=C(NCc1ccc(F)cc1)c1cc(-c2ccco2)on1,0
Cc1cc(-n2c(C)cc(C(=O)COc3ccc4ccc(=O)oc4c3)c2C)no1,0
Cc1ccc(Nc2nc(N)nc(CN3CCCCCC3)n2)c(C)c1,0
CCN(CC)C(=O)c1cc2c(=O)n3cccc(C)c3nc2n1C,0
Cc1ccc(OC(=O)c2cccc(C(=O)Oc3ccc(C)cn3)n2)nc1,0
Cc1cccc(N2CCN(C(=O)c3ccc(Cl)c(S(=O)(=O)NCc4ccco4)c3)CC2)c1C,0
Cn1c(Sc2nc3ccccc3n2C)nc2ccccc21,0
COC(=O)c1ccccc1NC(=O)CSc1nnc(COc2cccc(OC)c2)n1C,0
O=C(c1nc2ncccn2n1)N1CCN(c2ccccc2)CC1,0
O=C(c1ccc(Cl)cc1)c1ccc(OCC(O)CN2CCOCC2)cc1,0
COCCSc1ccccc1C(=O)NCC1CCCO1,0
CCCC(C(=O)NCC1CCCO1)N(Cc1ccco1)C(=O)CNS(=O)(=O)c1ccc(F)cc1,0
COc1nonc1NCn1nc(C)cc1C,0
Cc1cccc2cc(CN(Cc3nnnn3Cc3ccccc3)C3CCCC3)c(=O)[nH]c12,0
CS(=O)(=O)c1ccc2nc(NC(=O)Oc3ccccc3)sc2c1,0
CCCN(C(=O)CSc1nnc(-c2ccoc2C)n1N)C1CCS(=O)(=O)C1,0
CCOC(=O)C1=C(C)S/C(=C\N(C)C)C1=O,0
N#CC1=C(N)n2c(s/c(=C\c3ccco3)c2=O)=C(C#N)C1c1ccco1,0
CC(=O)c1cc(C#N)c(SCC(=O)OC(C)C)nc1C,0
O=C(CCCC(=O)n1cnc2ccccc21)n1cnc2ccccc21,0
CCn1c(SCC(=O)Nc2ccc(NC(C)=O)cc2)nnc1C1CC1,0
CCSc1n[nH]c(=O)[nH]c1=O,0
O=c1c2ccccc2nc(-c2cccs2)n1-c1cnccn1,0
CC(c1ccccc1)n1cnc2ccccc21,0
O=C(CCCN1C(=O)CCC1=O)Nc1cccc(C(F)(F)F)c1,0
O=C(COc1ccc(Cl)cc1)N1CCN(C(=O)Cc2ccccc2)CC1,0
COCCn1c(COc2ccc(OC)cc2)nc2ccccc21,0
Cn1c(=O)c2c(nc(SCCN3CCCCC3)n2Cc2ccc(Cl)cc2)n(C)c1=O,0
CCOC(=O)c1sc(NC(C)=O)c(C(=O)OCC)c1C,0
CCn1cc(C(=O)NCCC2=CCCCC2)c(=O)c2cc(S(=O)(=O)N(C)C)ccc21,0
CCCCn1c(-c2cc(Cl)ccc2OC)n[nH]c1=S,0
Cc1ccc(N(C(=O)C2CCCO2)C2C=CS(=O)(=O)C2)cc1Cl,0
COc1cccc(OCCOCCNCCO)c1,0
CCOC(=O)c1ccc(NC(=O)COc2ccccc2OC)cc1,0
CC(C)OCCCNC(=O)C1CC(=O)N(C2CCCCCCC2)C1,0
O=C(/N=C1\SCC(=O)N1c1ccccc1Cl)c1ccco1,0
COc1cccc(NC(=O)c2ccccc2-c2nc(-c3ccccc3)no2)c1,0
O=C1N=c2ccccc2=C1Nc1ccc(-c2nnc3n2CCCCC3)cc1,0
O=c1c2nnn(Cc3ccccc3)c2ncn1-c1ccccc1,0
O=C(NC(C(=O)c1ccccc1)N1CCOCC1)c1cccs1,0
O=C(Cn1nnc(-c2ccccc2)n1)NCc1ccccc1,0
CC(C(=O)Nc1cccnc1)N1C(=O)c2ccccc2C1=O,0
CCOC(=O)c1[nH]c(C)c(C(=O)Nc2ccc(C)c(F)c2)c1C,0
Cc1ccc(CC2CC(=O)N(CCc3ccc4c(c3)OCO4)C2=O)cc1,0
CCOC(=O)C1CCCN(c2ccc(NC(=O)c3snc4c(=O)nc[nH]c34)cc2)C1,0
CCOC(=O)C1=C(c2ccccc2)N=C2N=CNN2C1c1ccccn1,0
COCCn1c(COc2ccccc2)nnc1SCC(N)=O,0
COc1ccc(S(=O)(=O)NCc2ccco2)c2ccccc12,0
CC1Cc2ccccc2N1C(=O)C1CCN(S(=O)(=O)c2cccs2)CC1,0
CC(=O)c1sc(NC(=O)CN2C(=O)CCC2=O)nc1C,0
c1ccc(-c2cnnc(SCc3cn4cccnc4n3)n2)cc1,0
Fc1ccc(-c2cc3nc4c(c(N5CCOCC5)n3n2)CCCC4)cc1,0
O=C(NCC1(N2CCOCC2)CCCCC1)c1ccc(Cl)c(S(=O)(=O)NCc2ccco2)c1,0
O=C(O)COc1cccc(NC(=O)C2CCCO2)c1,0
O=c1c2ccccc2nc(-c2ccco2)n1CCCn1ccnc1,0
CCC(=O)Nc1cc(Cl)ccc1N1CCN(C(=O)CC)CC1,0
COc1ccc(S(=O)(=O)Nc2ccc(CC#N)cc2)cc1,0
Cc1cccnc1NC(=O)C(C)Oc1ccccc1,0
COc1cc2c(cc1OC)-c1nnnn1C(C)(C)C2,0
COc1ccc2c(CC(=O)Nc3nnc(C4CC4)s3)coc2c1,0
CCOC(=O)N1CCC(NC(=O)Cn2cc3c(n2)CCCCC3)CC1,0
Cc1c(N/C=C/C(=O)c2cccs2)c(=O)n(-c2ccccc2)n1C,0
Cc1cc(NC(=O)CSc2ccc3nnc(-c4ccccc4)n3n2)no1,0
COCCN(CCOC)S(=O)(=O)c1ccc(C(=O)NCCCN2CCOCC2)cc1,0
O=C(Nc1nnc(-c2ccccc2Cl)o1)c1ccco1,0
CCCC(=O)Nc1nn(C)c2nc3c(C)cccc3cc12,0
CC(=O)C1(C)OC(N)=C(C#N)C(c2ccccc2)C1(C#N)C#N,0
CCN(CC)c1nc2nonc2nc1N(CC)CC,0
CC(C)OC(=O)c1cccnc1SCc1cc(=O)n2ccccc2n1,0
c1ccc2c(c1)nc(N1CCN(C3CCCCC3)CC1)c1nnnn12,0
Cn1c(C(=O)N2CCN(c3ccc(F)cc3)CC2)cc2c(=O)n(C)c3ccccc3c21,0
O=C(Nc1ccc2c(c1)OCO2)c1cn(Cc2ccc(F)cc2)nn1,0
Cc1cc(=O)oc2cc(OCC(=O)NCCCN3CCOCC3)ccc12,0
CCCCCn1c(CN2CCN(C(=O)c3ccco3)CC2)nc2c1c(=O)n(C)c(=O)n2C,0
COC(=O)c1ccc(-c2sc3nc(N4CCOCC4)c4c(c3c2N)CC(C)(C)OC4)o1,0
O=C(O)c1ccn(Cn2cnc3ccccc32)n1,0
O=CNCC(=O)NC1CCCCCC1,0
Cn1c(COc2ccccc2)nnc1SCc1cc(=O)[nH]c2ccccc12,0
Cc1nc2ccc(F)cc2cc1C(=O)NCc1ccco1,0
CC(=O)c1c(O)n(C2CCCCCC2)c(=O)[nH]c1=O,0
Cn1c2ccccc2c2nnc(SCN3C(=O)c4ccccc4C3=O)nc21,0
NC(=O)CC1(CC(=O)O)CCCCC1,0
O=C(Cn1c(=O)sc2ccccc21)Nc1ccc(S(=O)(=O)N2CCCC2)cc1,0
Cn1c(C(=O)NCCN2CCN(Cc3ccccc3)CC2)cc2c(=O)n(C)c3ccccc3c21,0
COc1ccccc1NS(=O)(=O)c1cc(Cl)ccc1OC,0
CCN(CC)S(=O)(=O)c1ccc(C(=O)NCCc2cc3c(OC)ccc(OC)c3[nH]c2=O)cc1,0
Cc1cc(C)n(C(=O)CNC(=O)c2ccco2)n1,0
Cc1cc(C)cc(NC(=O)CCNS(=O)(=O)c2ccc3c(c2)oc(=O)n3C)c1,0
COc1ccc(OC)c(S(=O)(=O)NCc2ccccc2)c1,0
CN(c1nc2c(c(=O)n(C)c(=O)n2C)n1CC(=O)c1ccccc1)C1CCCCC1,0
Clc1ccc(OCCn2cnc3ccccc32)cc1,0
C=CCn1c(SCC(=O)Nc2sc(C)c(C)c2C(=O)OCC)nnc1-c1sc(N)nc1C,0
O=C(c1cccs1)N(C(=O)c1cccs1)c1ccccn1,0
CCN(CC)S(=O)(=O)c1ccc2c(c1)nc(CCC(=O)OCC(=O)N1CCc3ccccc31)n2C,0
COc1ccc(NC(=O)Nc2ccc(OCC(=O)N3CCOCC3)cc2)cc1OC,0
O=S(=O)(c1ccc(-c2ccccc2)cc1)N1CCOCC1,0
CCCNC(=O)CN(c1ccc(F)c(Cl)c1)S(C)(=O)=O,0
Cc1cc(OC(=O)N2CCCCC2)cc(C)c1Cl,0
Cc1ccc(CNC(=O)c2ccc(Cn3nc(C)c(Cl)c3C)o2)cc1,0
O=C(CSc1nc(O)c(C2CCCCC2)c(=O)[nH]1)Nc1ccc(Cl)cc1,0
CCOC(=O)c1ccc(NC(=O)CSC2=NC(=O)C(CC)C(=O)N2)cc1,0
COc1ccc2[nH]c(=O)c(CN(C)C(=O)c3ccncc3)cc2c1,0
Cc1ccc(C(C(=O)NC2CCCC2)N(Cc2ccc(F)cc2)C(=O)c2csnn2)o1,0
Nn1c(-c2ccccn2)nnc1-c1ccccn1,0
NC(=O)COc1c(-c2ccccc2)oc2ccccc2c1=O,0
c1cncc(-c2nnc3n2CCC3)c1,0
O=C1CC(N2CCC(c3nc4ccccc4o3)CC2)C(=O)N1c1ccc(Cl)cc1,0
O=C(Nc1cccc(C(=O)N2CCOCC2)c1)NC1CCCCC1,0
NC(=O)CSc1nnc2n(-c3ccccc3)c(=O)c3c4c(sc3n12)CCCCC4,0
C=CCNC(=O)CCCCCNS(=O)(=O)c1ccc(OC)cc1,0
CC1CCCCN1CCn1cnc2c([nH]c3ccccc32)c1=O,0
Cc1cccc(N2CCN(S(=O)(=O)c3ccc4c(c3)CCN4C(=O)CCC(=O)O)CC2)c1C,0
COc1ccc(S(=O)(=O)NCCOc2ccccc2)cc1OC,0
CCOCCOC(=O)c1[nH]c2c(c1C)C(=O)CC(c1ccc(N(C)C)cc1)C2,0
CSc1ccc(CNc2ccccn2)cc1,0
Cc1cc(-c2ccc(F)cc2)nc2cc(C(N)=O)nn12,0
COc1ccc(C(c2sc3nc(C)nn3c2O)N2CC(C)OC(C)C2)cc1OC,0
COCCCN(C(C)=O)c1nc(-c2ccc(OC)cc2)cs1,0
CCOC(=O)C1(Nc2nccs2)Sc2ccccc2NC1=O,0
Cc1ccc(NC(=O)CCn2c(=O)oc3ccccc32)cc1,0
COc1ccc(S(=O)(=O)N2CCN(C(=O)NC3CCCCC3)CC2)cc1OC,0
OCC#CCSc1nnc(-c2ccncc2)o1,0
C=CCc1c(C)[nH]c(SC(C)C)nc1=O,0
CN1CCN(CC#CC2(O)CCCCC2)CC1,0
COc1ccc(CC2NCCC3(O)CCCCC23)cc1,0
c1cc(CSc2nnc(-c3ccc4c(c3)OCO4)o2)ccn1,0
CC/C(NO)=C1\C=CC(=O)C(OC)=C1,0
COc1cccc(C(=O)CSc2nnc(CNS(C)(=O)=O)n2-c2ccc(C)cc2)c1,0
CC(C)(C#N)Nc1ccccc1,0
CC1CCN(CCCn2c(=S)[nH]c3ccccc3c2=O)CC1,0
O=C(CSc1nnc(Cc2ccccc2)o1)NC1CC2CCC1C2,0
CCOc1ccc(-c2nc(-c3ccccc3C)no2)cc1,0
COc1ccc(/N=C2\SC(C(=O)O)CC(=O)N2C)cc1,0
COc1ccc(NC(=O)N2CCCCC2)cc1,0
CC(C)n1c(SCc2ccc(Cl)cc2)nc2c1c(=O)[nH]c(=O)n2C,0
Cc1cc(NC(=O)CCCOc2ccc(Cl)cc2Cl)no1,0
CC(=O)c1c(NCCc2ccccc2)cc(C)oc1=O,0
O=C(CCn1c(=O)oc2ccccc21)Nc1ccon1,0
Cc1c(C2Nc3ccccc3NC3=C2C(=O)CC(C)(C)C3)cnn1C,0
CCCCn1c(N(CCOC(C)=O)C(C)=O)nc2ccccc21,0
Cc1nn(-c2ccc(F)cc2)c2sc(C(=O)OCC(=O)N3CCC(C)CC3)cc12,0
N#CC1=C(N)OC2=C(C(=O)CCC2)C1C1C=CCCC1,0
O=C(C1CC2CCC1C2)N1CCN(Cc2ccc3c(c2)OCO3)CC1,0
CCCc1c(C)c2cccc(C)c2[nH]c1=O,0
CCC(C)Sc1nc2c(c(=O)[nH]c(=O)n2C)n1C,0
CCC(C)n1c(-c2cccs2)nc2nc3ccccc3nc21,0
C/C(NCCc1ccccc1)=C1/C(=O)COC1=O,0
COCC(=O)NC1=NC2=NC(c3ccc(OC)cc3)CC(c3ccccc3)N2N1,0
COc1ccc(NC(=O)c2cnc(C)cn2)cc1-n1cnnn1,0
COc1cc(C2CC(=O)NC(SCC(=O)Nc3ccccc3C)=C2C#N)ccc1O,0
CN(C)S(=O)(=O)c1ccc(C(=O)Nc2ccc(OCC(=O)N3CCOCC3)cc2)cc1,0
Cn1c(=O)[nH]c(=O)c2c1nc(NCCCn1ccnc1)n2Cc1ccc(F)cc1,0
CCN(Cc1ccccc1)C(c1cc2cc(C)ccc2[nH]c1=O)c1nnnn1CCOC,0
Cc1cc(Oc2ccc(-c3ccccc3)cc2)nc(N2CCOCC2)n1,0
CCOC(=O)c1ccc(NC(=O)CSc2ncccn2)cc1,0
CCc1nnc(NC(=O)c2ccc(S(=O)(=O)N3CCOCC3)cc2)s1,0
CC(CC1C(C#N)=C(N)OC2=C1C(=O)CCC2)c1ccccc1,0
COC(=O)CSc1nnc(CNc2ccc(Cl)cc2)n1Cc1ccccc1,0
Cn1c2c(c(=O)n(C)c1=O)CN(CCCN1CCOCC1)CN2,0
CCCCCn1c(CN2CCN(C(=O)OCC)CC2)nc2c1c(=O)[nH]c(=O)n2C,0
COCCn1c(N)c(S(=O)(=O)c2cccs2)c2nc3ccccc3nc21,0
CCOC(=O)c1cc(S(=O)(=O)NC2CCN(C(=O)OCC)CC2)cn1C,0
CCOC(=O)C1CCCN(C(=O)c2c(-c3ccccc3Cl)noc2C)C1,0
O=C(Cc1ccccc1)Nc1cccc(-c2nc3ncccc3o2)c1,0
COC(=O)CSC1=C(C#N)C(c2ccc(C(C)C)cc2)CC(=O)N1,0
Cc1sc2nc(C(C)Nc3ccccc3N3CCOCC3)[nH]c(=O)c2c1C,0
O=C1CCCN1CN(C(=O)c1ccccc1)c1ccc(F)cc1,0
O=C(CCSc1nnc(-c2ccco2)o1)Nc1ccc(Cl)cc1,0
Cc1cc(C(=O)NCc2ccccc2)c(=O)[nH]c1C,0
CCSc1nnc(Cc2cc(=O)[nH]c(=O)[nH]2)n1-c1cccc(C)c1,0
CCOc1cccc(-c2cc(=O)[nH][nH]2)c1,0
COc1ccc(CN2CCN(C)CC2)cc1OCc1ccccc1,0
O=C(c1ccccc1)N(Cc1ccc(F)cc1)C1CCS(=O)(=O)C1,0
CCN(CC(=O)Nc1ccc(OC)c(OC)c1)S(=O)(=O)c1ccc(C)cc1,0
Cc1ccc(C2C(C#N)=C(N)Oc3c2sc2ccccc32)o1,0
CCC(CC)C(=O)Nc1ccccc1NC(C)=O,0
CCCS(=O)(=O)NCCc1cc2cc(C)c(C)cc2[nH]c1=O,0
Cn1c(CN2CCCCC2)nc2cc(NS(=O)(=O)c3ccc(Cl)cc3)ccc21,0
O=C(CN1CCC(n2nnc3cc(F)ccc32)CC1)NC1CC1,0
CC(=O)Nc1ccc(SCC(=O)OCC(=O)NC(=O)NCc2ccco2)cc1,0
Cc1nc2c3cnn(-c4ccccc4)c3ncn2n1,0
COC(=O)c1ccccc1NC(=O)CN1CCC(n2nnc3cc(F)ccc32)CC1,0
O=C1COc2ccc(C(=O)CSc3nnnn3-c3ccccc3)cc2N1,0
Cc1cc2ncn(S(=O)(=O)N3CCOCC3)c2cc1C,0
O=C1CC(c2ccc(F)cc2)Cc2nc(NCc3ccco3)ncc21,0
Cc1sc(NC(=O)CSc2nnc(-c3ccccc3)o2)c(C#N)c1C,0
Cc1ccc(C(=O)CCNc2ccc(F)c(Cl)c2)o1,0
Cc1ccc2c(c1)cc(CN(Cc1ccccc1)C(=O)N(C)C)c1nnnn12,0
CCSc1nnc(Cn2c(=O)sc3ccccc32)n1-c1ccccc1C,0
C/C(N)=N\S(=O)(=O)c1ccc(Cl)cc1,0
O=C(CSc1nccn1-c1cccc(Cl)c1)NC1CCCC1,0
CN(C(=O)COC(=O)COc1ccc(Cl)cc1)C1CCCCC1,0
Cc1c(Cc2ccccc2)c(=O)oc2cc(OCc3nn[nH]n3)ccc12,0
COc1ccc2ccccc2c1CN1CCN(C(=O)c2ccccc2)CC1,0
COc1ccccc1-c1nnc(NC(=O)C(C)SC2=NCCS2)s1,0
COCCNC(=O)C1CCCN(c2ncccn2)C1,0
Cc1ccc(-c2nc(CSCC(=O)NCCCN3CCOCC3)c(C)o2)cc1,0
Cc1cc2c(cc(C(=O)OCC(=O)NCc3cccs3)n2C(C)C)o1,0
CC(=O)N1CSCC1C(=O)N1CCN(c2ccc(N3CCOCC3)nn2)CC1,0
Cc1cccc(N2CCN(C(=O)C3CCN(S(=O)(=O)c4cnc[nH]4)CC3)CC2)c1C,0
O=C1CCCc2sc3c(c2N1)CCCCC3,0
COC(=O)Nc1nnc(-c2ccccc2Cl)s1,0
O=C(NCC1CCCO1)c1ccc(N2CCCCC2)nc1,0
CCCC(=O)Nc1ccc2c(c1)nc1n2CCSC1,0
c1ccc(C2(Cn3ccc4ccccc43)OCCO2)cc1,0
CCOC(=O)/C=C1\SCC(=O)N1CC(=O)Nc1ccc2c(c1)CCC2,0
O=C(c1cc2cc(Cl)ccc2oc1=O)N1CCCC1,0
COc1ccccc1NC(=O)CSc1nnc(-c2ccccc2)o1,0
CCN(CC)c1ccc(NC(=O)c2ccccc2F)cc1,0
Cc1ccc(C(=O)Nc2ccc3c(c2)OCO3)cc1S(=O)(=O)N1CCCCC1,0
Cc1cc(C)c2c(n1)nn1c(NCCN3CCOCC3)cc(C)nc21,0
COc1ccc(C(=O)NC2COC(C)(C)OC2c2ccccc2)cc1,0
CCOc1ccc(N2C(=O)C3CCCN3C2=O)cc1,0
Cc1ccc(OCCCCn2ccnc2)c(Cl)c1,0
CC1CC(=O)N(Cc2ccccc2)c2ccccc2N1C=O,0
Cc1ccc2nc(NC3=NCN(CCN4CCOCC4)CN3)nc(C)c2c1,0
COc1ccc(Cl)cc1N(CC(=O)Nc1ccc2c(c1)OCCO2)S(C)(=O)=O,0
CC1(C)CC(=O)C(=CNc2ccc(O)cc2)C(=O)C1,0
CS(=O)(=O)N(CC(=O)N1CCN(Cc2ccccc2)CC1)C1CCCCC1,0
CC(=O)Nc1ccc(Cc2ccncc2)cc1,0
Cc1cc(C)nc(SCc2nnc(SCC(=O)N3CCCc4ccccc43)n2C)n1,0
Cc1ccc(C)c(S(=O)(=O)N2CCN(CC(=O)NC(=O)NCc3ccccc3)CC2)c1,0
Cc1nnc2n(C3CCCCC3)c(=O)c3c4c(sc3n12)COC(C)(C)C4,0
CCOC(=O)C1CCN(S(=O)(=O)c2ccc3[nH]c(=O)oc3c2)CC1,0
CCOC(=O)c1ccc(COC(=O)c2cc(=O)[nH]c3ccccc23)o1,0
CCOC(=O)c1ccc(N2C(=O)C3CC=C(C)CC3C2=O)cc1,0
COC(=O)CSc1nc(C)c(C(C)=O)cc1C#N,0
Cc1cc(C)cc(NC(=O)C2CCN(c3nc(C)cc(C)n3)CC2)c1,0
C=CCn1c(NCCO)nc2sc3c(c2c1=O)CCC3,0
Cc1csc(NC(=O)CCn2c(=O)oc3ccccc32)n1,0
CC(C)(C)C1CCc2onc(C(=O)Nc3ccc(F)cc3F)c2C1,0
CC(=O)c1cc(C#N)c(SCC(=O)OC(C)(C)C)nc1C,0
Cc1ccc(C(c2nnnn2Cc2cccs2)N2CCN(C(=O)c3ccco3)CC2)cc1,0
COCC(C)n1c(C)cc(C(=O)COC(=O)c2nc3nc(C)cc(C)n3n2)c1C,0
CN(c1ccc(C(=O)Nc2ccccc2C(=O)N2CCCC2)cc1)S(C)(=O)=O,0
CCCC(=O)Nc1ccccc1-c1nnn(CC(=O)Nc2ccc(OC)cc2)n1,0
CCN(CC)C(=O)CSc1nnc(-c2ccccc2)n1-c1ccccc1,0
NC(=O)N1c2ccccc2C=Cc2ccccc21,0
CC1CCN(c2ccc(C(=O)O)cc2N)CC1,0
CCOC(=O)c1c(NC(=O)CSc2nnnn2C)sc(C)c1-c1ccc(C)cc1,0
O=S(=O)(NCCOc1cccc2cccnc12)c1ccc(F)cc1,0
COc1ccccc1NC(=O)CSc1ncnc2c1oc1ccccc12,0
CCc1c(C)nc(SC)n(CC#N)c1=O,0
Cc1nn(-c2ccccc2)c(C)c1-c1cc(C(=O)O)[nH]n1,0
CC(C)Cn1c(-c2cccs2)nc2nc3ccccc3nc21,0
CC(C)c1nnc(SCC(=O)NCc2ccco2)n1C,0
O=C(CSc1nnc(-c2ccc(S(=O)(=O)N3CCCC3)cc2)o1)NCc1ccco1,0
COc1ccc(C2C(C(C)=O)=C(O)C(=O)N2c2cccnc2)c(OC)c1,0
Nc1ncnc2nc(SCC(=O)N3CCN(c4ccccc4)CC3)[nH]c12,0
O=C(NCc1ccc2c(c1)OCO2)C1CCCN1C(=O)Nc1ccccc1,0
Cc1ccc(-c2[nH]n(-c3ccccc3)c3nc(=O)c(CNCCN(C)C)cc2-3)cc1,0
Cc1c(C(=O)N2CCOCC2)sc2ncnc(N3CCc4ccccc4C3)c12,0
CCC1(CC)C(=O)N(C)C(=O)N=C1NCc1ccccc1,0
COc1ccc(N2C(=O)C3CCCN3C2c2cccs2)cc1,0
COC(=O)c1sc(N)c(C(=O)OC)c1CSc1nnc(-c2ccccc2Cl)n1C,0
Cc1ccc(NC(=O)N2CCCC2C(=O)NCCc2ccccc2)cc1,0
CNC(=O)CN1C(=O)CSc2nc(C)cc(C)c21,0
CCC(C)C1C(C#N)=C(N)Oc2n[nH]c(-c3ccccc3)c21,0
CCC(NS(=O)(=O)c1ccc(OC)cc1)C(=O)O,0
Cc1cn2c(-c3ccc(Cl)cc3)nnc2s1,0
COc1nc(NCc2cccnc2)nc(OC)n1,0
O=C(Cc1cccs1)NCc1cn2ccccc2n1,0
CCOC(=O)C1=C(C)NC(SCC(=O)O)=NC1c1ccccc1,0
CCOc1cc(NC(=O)c2cnccn2)c(OCC)cc1NC(=O)c1ccc(OC)cc1,0
CCN1C(=O)C2C(c3cccc(F)c3)NC(C)(C(=O)OC)C2C1=O,0
c1ccc(-c2ccc(-c3nc(-c4ccncc4)no3)cc2)cc1,0
COc1ccc(CC(NC(C)=O)C(=O)NC2CCN(c3c4c(nc5ncnn35)CCC4)CC2)cc1,0
Cc1cc(S(=O)(=O)NC2CCCCC2)ccc1OCC(=O)NCc1ccccn1,0
COCCSc1nnc(NC(=O)C2CCCCC2)s1,0
Cc1nnc(N(CCC#N)CCC#N)s1,0
O=C(NCc1ccccc1)c1ccc(CN2CCOCC2)cc1,0
Cn1ccnc1SCCC#N,0
COc1ccc2[nH]c3nc(SC(C)C)nnc3c2c1,0
Cc1ccc(CCNC(=O)CC2Oc3ccc(C)cc3NC2=O)cc1,0
c1ccc2c(CN3CCCCCCC3)c[nH]c2c1,0
C=CCn1c(Cc2cccs2)nnc1SCC(=O)Nc1cccc(OC)c1,0
CCn1c(=O)cc(OCC(=O)Nc2nc(C)cs2)c2ccccc21,0
O=C(Cn1cnc2c(cnn2-c2ccc(Cl)cc2)c1=O)NCC1CCCO1,0
O=C1CN(C(=O)c2ccccc2F)c2ccccc2N1,0
Cc1ccc(Nc2oc(C)nc2C#N)cc1,0
CC(=O)Nc1nc2ccccc2n1CCN(C)C,0
Cc1ccc(Cn2[nH]nc3c(=O)nc(C4CCN(S(=O)(=O)c5ccccc5)CC4)nc2-3)cc1,0
Cc1csc(-c2cnn(-c3ccccc3)c2NC(=O)c2ccccc2)n1,0
CCC(C)(C)NC(=O)CC(c1ccc(OC)cc1)n1cccc1,0
CCOC(=O)CSc1nnc(C(CC(C)C)NC(=O)OC(C)(C)C)o1,0
CN(C)Cc1c(O)ccc2occ(C(=O)c3ccccc3)c12,0
O=c1c2ccccc2nc(-c2ccco2)n1-c1ccccn1,0
COC(=O)CNc1n[nH]c(=S)[nH]c1=O,0
Cc1ccc(S(=O)(=O)N2CCN(Cc3cccc(C)c3O)CC2)cc1,0
CCN(CC)c1ccc(NC(=O)CSc2nnc(N)s2)cc1C,0
COc1cc(C2C3CN(C)CC=C3C(C#N)=C(N)C2(C#N)C#N)cc2c1OCO2,0
CC(C)n1/c(=N/C(=O)c2ccco2)c(C#N)cc2c(=O)n3ccccc3cc21,0
CCn1c(NC(=O)c2cccs2)nc2ccccc21,0
CCOC(=O)C(CC(=O)O)N1CCCCC1,0
CCN1CCN(C(CNS(=O)(=O)c2ccc(OC)cc2)c2cccnc2)CC1,0
COCCCNC(=O)Cn1ncc2ccsc2c1=O,0
COc1ccc(OC)c(NC(=O)c2cnc3n(c2=O)CCS3)c1,0
Cn1c(=O)[nH]c(=O)c2[nH]c(CN3CCN(C(=O)c4ccco4)CC3)nc21,0
O=C(NCCCN1CCN(c2ccccc2F)CC1)C1CCN(S(=O)(=O)c2cccs2)CC1,0
COc1ccc(NC(=O)c2cnc3ccccn3c2=O)c(OC)c1,0
O=C(NCc1cccs1)c1nc2n(Cc3ccc(F)cc3)[nH]nc-2c(=O)n1,0
COc1ccccc1NC(=O)CCSc1nnnn1C,0
O=C(O)c1ccc(-c2ccccc2C(F)(F)F)o1,0
COc1ccc(-c2cc(=O)nc(NCc3ccccc3)[nH]2)cc1,0
CC(=O)N1c2ccccc2NC2=C(C(=O)CCC2)C1c1cccnc1,0
O=C(NCc1cccs1)C1CCCN(c2nc3ccccc3o2)C1,0
CC(NC(=O)c1nn(C)c(=O)c2ccccc12)c1ccccc1,0
Cc1cc(NC(=O)CSc2nc(=O)c(C)n[nH]2)no1,0
CCCS(=O)(=O)N1CCCC(C(=O)NCCCN(C)c2ccccc2)C1,0
COC(=O)Nc1ccc(S(=O)(=O)N2c3ccccc3CCC2C)cc1,0
COC(=O)c1cc2c(=O)n3ccccc3nc2n(C)c1=N,0
Cc1ccc(SCc2nc(-c3cccnc3)no2)cc1,0
COCC(=O)NC1CC2CCCC(C1)N2Cc1ccccc1,0
CCOC(=O)C1CCN(C(=O)COC(=O)COc2ccccc2OC)CC1,0
COC(=O)c1ccc(CSc2nc3n(-c4ccccc4)[nH]cc-3c(=O)n2)o1,0
Cc1nc2c(-c3ccc(F)cc3)c(C)nn2c(C)c1CCC(=O)NC(C)CCc1ccco1,0
C=CCN1C(=O)/C(=C2/C(=O)Nc3ccccc32)S/C1=N\c1nccs1,0
COc1ccc(Cl)cc1S(=O)(=O)n1nnc2ccccc21,0
COc1ccc(-c2cnn(-c3ccccc3)c2N)cc1OC,0
Cc1oc(C)c(C(N)=O)c1C(N)=O,0
CC(=O)Nc1cccc(N(C)C)c1,0
COCCCn1c(-c2ccc(OC)cc2)nc2nc3ccccc3nc21,0
O=C(Nc1nc2c(s1)C(=O)CCC2)c1ccccc1,0
Cc1cccc(OCC(=O)N2CCC(N3CCOCC3)CC2)c1,0
Cc1ccnc(NC(=O)Nc2cccc(F)c2)c1,0
COc1ccc(C(=O)n2cnc(N)n2)cc1,0
CC(C)n1c(Sc2nccn2C)nc2c1c(=O)n(C)c(=O)n2C,0
CCc1ccc(CCC(=O)Nc2nnc(CC)s2)o1,0
CCOc1ccc(N(CC(=O)NCc2ccccc2)S(C)(=O)=O)cc1,0
CC1CCN(C(=O)CN(CCc2ccccc2)S(C)(=O)=O)CC1,0
CC1(C)CC(=O)C=C(NCC2CCCO2)C1,0
CCOC(=O)C(NCc1ccccc1OC)(NC(C)=O)C(F)(F)F,0
Cc1csc2nc(=O)c3ccccc3n12,0
CN1CCN(CC(=O)Nc2sc3c(c2C#N)CCC(C(C)(C)C)C3)CC1,0
COc1cc(N2CCOCC2)ncn1,0
Cc1cc(C(=O)CC#N)c(C)n1CC(F)(F)F,0
Cc1cc(Nc2ccc(F)cc2C)n2nc(C)nc2n1,0
Cc1cc(C)n(-c2nc3ccccc3[nH]c2=O)n1,0
CN(c1ccc(C(=O)N2CCCCC2)cc1)S(C)(=O)=O,0
Cc1ccccc1-c1noc(N)c1C#N,0
CC(C)C(=O)Nc1cccc(C(=O)NC2CCSC2=O)c1,0
CCCc1nc2n[nH]c(N)c2c2c1CCCC2,0
CC(=O)c1cc2c(cc1NC(=O)CCc1ccccc1)OCO2,0
CCOc1ccc2nc(COC(=O)c3ccco3)c(C(C)=O)[n+]([O-])c2c1,0
C=CCn1c(SCC(=O)Nc2ccc(C(=O)OC(C)C)cc2)nnc1-c1cccs1,0
CCN(Cc1ccncc1)C(=O)c1cccs1,0
CCc1cc(C(=O)c2ccccc2OC)c(N)s1,0
CC(=O)Nc1cc(NC(=O)CCCC(=O)O)ccc1Cl,0
CCCn1c(SCC(=O)Nc2nnc(CC)s2)nnc1-c1ccco1,0
Clc1ccc(OCCn2ccnc2)c2ccccc12,0
CCCc1nc2ccccc2c2nc(N)nn12,0
CCOc1cc(CN2CCN(C(=O)c3ccco3)CC2)ccc1OC,0
CNC(=O)CSc1nc2c(c(=O)n(C)c(=O)n2C)n1Cc1ccc(C)cc1,0
CCOC(=O)CC(=O)CSc1ccc2nnc(-c3ccccc3)n2n1,0
COc1ccccc1C(=O)NCC(c1cccnc1)N(C)C,0
CC(C)n1cnc2cc(NCc3nc4ccccc4n3C)ccc21,0
O=C(CSc1ncnc2ccccc12)Nc1ccc(N2CCOCC2)cc1,0
CN1CCN(CCC(=O)Nc2ccccc2Cl)CC1,0
COc1ccccc1C(=O)N1CCN(c2nc3cc(C)c(C)cc3cc2C#N)CC1,0
CC1c2[nH]c3ccccc3c2CCN1S(C)(=O)=O,0
Cc1nc(C)n(CC(O)COc2ccc3c(c2)CCC3)n1,0
COCCCNC(=O)CN1C(=O)CSc2ncccc21,0
COc1ccccc1OCC(=O)Nc1nnc(-c2ccco2)s1,0
Cn1c(=O)n(-c2ccccc2)c(=O)c2c3c(sc21)COC(C)(C)C3,0
CCOC(=O)c1c(NC(C)=O)sc2c1CCCNC2=O,0
CCCCC(CCC(=O)Nc1nncs1)(C(=O)OCC)C(=O)OCC,0
COc1ccc(NC(=O)CCN2CCN(S(=O)(=O)c3cc(Cl)ccc3OC)CC2)cc1,0
O=C1c2ccccc2CC1Sc1nnc(-c2ccncc2)o1,0
CCN1CCN(c2nc(=O)c3c([nH]2)CCCC3)CC1,0
CCn1c(=O)cc(OCC(=O)Nc2cccnc2)c2ccccc21,0
O=C(c1cc(-c2ccc3c(c2)OCO3)on1)N1CCN(c2ccc(F)cc2)CC1,0
CCOC(=O)N1CCC(NC(=O)c2cc3ccccn3n2)CC1,0
O=C(COc1ccc(Cl)cc1)Nc1ncccn1,0
Cc1ccccc1-n1c(O)cc(=O)nc1SCC(=O)N1CCOCC1,0
COc1cc(NS(=O)(=O)c2ccc(OC)c(C)c2C)c(OC)cc1Cl,0
CN(C)CCCN1C(=O)C(O)=C(C(=O)c2cc3ccccc3o2)C1c1ccccn1,0
O=C(c1ccc2c(c1)OCO2)N1CCN(c2ccc(Cl)cc2)CC1,0
COc1ccccc1N(CC(=O)NC1CCCCC1)S(C)(=O)=O,0
CCc1cc2c(NCCO)ncnc2s1,0
O=C1c2cccnc2C(=O)N1Cc1ccc(F)cc1,0
CSc1nc(=O)n(-c2ccccc2)c(C)c1C(C)=O,0
CCOC(=O)c1[nH]c2ccccc2c1NC(=O)CC,0
COc1ccc(-n2c(SCC(=O)Nc3nccs3)nc3c(c2=O)SCC3)cc1,0
C=C(C)Cn1c(COc2ccccc2)nnc1SCC(=O)O,0
CCc1cccc(C)c1NC(=O)C1=C(C(=O)O)CCCC1,0
N#Cc1nc(-c2cccs2)oc1NCc1ccco1,0
CCC(=O)N1CCc2cc(S(=O)(=O)CCC(=O)NCc3cccs3)ccc21,0
CCOC(=O)c1c(C(=O)OCC)c(C)n(N2C(=O)CSC2=S)c1C,0
COc1ccc(NC(=O)CSc2nnc(CN3CCOCC3)n2-c2ccccc2)cc1Cl,0
O=S1(=O)N=C(SCCO)c2ccccc21,0
C=C1CSc2nc(=O)c3c4c(sc3n21)CCC4,0
Nc1c(NC2CCCCC2)c2ccccc2oc1=O,0
O=C1c2ccccc2NC(c2ccco2)N1O,0
O=C1CCCN1CCCNc1ncnc2c1[nH]c1ccccc12,0
CN(Cc1nc2ccccc2n1C)S(=O)(=O)c1ccc(Cl)cc1,0
Cc1ccc(C2C3CSCC=C3C(C#N)=C(N)C2(C#N)C#N)cc1,0
C(=N/C12CN3CN(CN(C3)C1)C2)\c1cccnc1,0
CCOC(=O)c1[nH]c2ccccc2c1NC(=O)C(CC)CC,0
O=S(=O)(NCCCN1CCN(c2ccccc2F)CC1)c1cccc2cccnc12,0
CCOC(=O)c1sc2nccc(N(C)C)c2c1/N=C/N(C)C,0
O=C(c1noc2c1CCCC2)N1CCCCC1,0
Cn1c(=O)cc(NCCc2ccccc2)[nH]c1=O,0
CNC(=O)Cn1nc(C)c2ccccc2c1=O,0
COc1ccc2[nH]c(=O)c(CN(CCCN(C)C)C(=O)Nc3ccccc3)cc2c1,0
Cc1cc(S(=O)(=O)NCC(C)C)ccc1OCC(=O)NCc1ccccn1,0
O=C(CSc1nnc(COc2ccc(Cl)cc2)o1)OC1CCCCC1,0
COc1ccccc1CNC(=O)c1ccc(S(=O)(=O)N2CCCC2)cc1,0
Cc1nc(-c2cccc(N)c2)cs1,0
CC(C)CC(=O)Nc1ccc(F)c(Cl)c1,0
O=C1CCC(=O)N1c1cccc(-c2nc3ccccc3o2)c1,0
COc1ccc(C2C(C(=O)c3sc(C)nc3C)=C(O)C(=O)N2CCCn2ccnc2)cc1,0
CC(C)(C)C1(C)OC(C(N)=O)C(C(N)=O)O1,0
O=C(Cc1ccccc1)NCc1nc2ccccc2[nH]1,0
Cc1nc(NC(C)C(=O)O)c2nc(C)oc2n1,0
O=C(CSc1nnc(NC(=O)C2CC2)s1)Nc1ccc(F)cc1,0
CC(C)CCn1cnc2c(c1=O)c1nc3ccccc3nc1n2Cc1ccc2c(c1)OCO2,0
CCN1CCc2c(sc(N)c2C#N)C1,0
O=c1nc(N2CCc3ccccc3C2)[nH]c2c1CCCC2,0
CC(NC(=O)c1ccnc(C(C)(C)C)c1)c1ccccc1,0
CCOC(=O)CNC(=O)CSc1ncnc2c1cnn2-c1ccccc1,0
Cc1cccc(OC(=O)N2CCOCC2)c1,0
COc1ccc(S(=O)(=O)Cc2ccc(C(=O)N3CCN(c4cccc(C)c4C)CC3)o2)cc1,0
O=C(NC1CCCCCCC1)C1CCN(c2nc3ccccc3o2)CC1,0
CCCc1nc(N)c(C#N)c(-c2cccnc2)c1CC,0
O=C(Nc1ccccc1)c1ccc(S(=O)(=O)N2CCCC2)cc1,0
COC(=O)c1ccc(S(=O)(=O)NCc2cccc(OC)c2)n1C,0
COC(=O)c1ccc(NC2(C#N)C(=O)Nc3ccccc32)cc1,0
C=CCNc1nc(N)c(C(=O)c2ccc3c(c2)OCO3)s1,0
Cc1sc2c(c1C)C(c1cccs1)=NCC(=O)N2CC(=O)NCc1cccs1,0
CC(C)NS(=O)(=O)c1ccc(OCC(=O)Nc2ccc3c(c2)OCCO3)cc1,0
O=C(CCCN1C(=O)CCC1=O)Nc1ccc2c(c1)OCO2,0
Cc1ccc(-c2csc3ncnc(OCC(=O)NC(=O)NCc4ccco4)c23)cc1,0
O=C(NCc1ccncc1)c1cccc(F)c1,0
CS(=O)(=O)N1CCN(c2nc(-c3ccccc3)cs2)CC1,0
CC(C)C(=O)Nc1cccc(C(=O)Nc2nncs2)c1,0
CCCCN(C)C(=O)c1c[nH]c2ccc(S(=O)(=O)N3CCOCC3)cc2c1=O,0
Fc1ccccc1CSc1nnnn1-c1ccc2c(c1)OCO2,0
O=C(NCCc1nc2ccccc2[nH]1)c1ccco1,0
CC(C)NC(=O)c1cccc(Cn2cc(Cl)cn2)c1,0
CCOC(=O)c1ccccc1NC(=O)c1c(O)n(CC)c2ccccc2c1=O,0
Cc1ccc(NS(=O)(=O)c2cc(C(=O)N3CCOCC3)ccc2C)cc1,0
O=C(CSc1nc2ccccc2o1)NCc1n[nH]c(=O)c2ccccc12,0
CCOC(=O)c1nnn(-c2nonc2-n2cccc2)c1CN1CCC(C)CC1,0
Cc1oc(C)c2c(=O)ccc3c(c12)OC(N)=C(C#N)C3c1ccccc1,0
CN1CCN(c2ccccc2NS(=O)(=O)c2ccc3c(c2)CCN3C(=O)C2CCC2)CC1,0
c1ccc(Cc2nc(-c3ccccn3)no2)cc1,0
CN(c1ccccc1)S(=O)(=O)c1cc(C(=O)c2nccn2C)ccc1Cl,0
O=C(CSc1nnc(-c2cccnc2)n1Cc1ccco1)NCc1ccc2c(c1)OCO2,0
O=C(CCn1c(=O)oc2ccccc21)NC1=NCCS1,0
Cc1ccc(C)c2[nH]c(=O)c(CCNC(=O)CC(C)C)cc12,0
CCC(C)OC(=O)c1[nH]c2c(c1C)C(=O)CC(c1ccc(N(C)C)cc1)C2,0
COc1cccc(OC)c1C(=O)N1CCN(Cc2ccc3c(c2)OCO3)CC1,0
CC1(c2ccncc2)N=c2ccccc2=C2Nc3ccccc3N21,0
Cc1cc(C)n(-c2nc3ccccc3n3nnnc23)n1,0
CCC(=O)N1CCN(CCNC=C2C(=O)CC(C)(C)CC2=O)CC1,0
Nc1nc2ccc(C(=O)NC3CCCCC3)cc2s1,0
COc1ccccc1NC(=O)Cn1nnc(-c2ccccc2NC(=O)c2cccs2)n1,0
COc1ccc(OC)c(C2N(c3ccc(Cl)cc3)C(=O)C3CCCN32)c1,0
Nc1nc2ccc(C(=O)Nc3ccccc3)cc2s1,0
c1cncc(Nc2nc(-c3ccncc3)cs2)c1,1
Cc1cccc(N(CC(=O)NCC2CCCO2)C(=O)CCC(=O)Nc2cc(C)on2)c1,0
COC(=O)C1=C(C)Nc2c(c(=O)n(C)c(=O)n2C)C1c1cccs1,0
Cn1c(Cn2c(=O)sc3ccccc32)nnc1SCc1cccc(F)c1,0
COC(=O)CCC(=O)Nc1sc2c(c1C#N)CCCC2,0
Cc1ccc(CNc2nc3c([nH]2)c(=O)n(C)c(=O)n3C)cc1,0
Cn1c(SCC(=O)NCc2ccc3c(c2)OCO3)nnc1C1COc2ccccc2O1,0
O=C1CSC(=O)N1CC(O)COc1ccc(Cl)cc1,0
