smiles,activity
COCCNC(=O)c1c(N)n(CCC2=CCCCC2)c2nc3ccccc3nc12,0
CCSc1nnc(NC(=O)c2ccc3c(c2)OCO3)s1,0
Nc1c(C(=O)OCC2CCCO2)c2nc3ccccc3nc2n1Cc1cccs1,0
CCOC(=O)C1=C(CNCc2ccccc2Cl)NC(=O)NC1c1ccc2c(c1)OCO2,0
Cc1nn(Cc2ccc(F)cc2)c(C)c1NC(=O)c1noc2c1CCCCC2,0
O=S(=O)(Nc1nc2ccccc2nc1Nc1ccc2c(c1)OCCO2)c1cccs1,0
Cc1ccc(S(=O)(=O)c2c(N)n(C)c3nc4ccccc4nc23)cc1,0
CN1C(=O)C(CC(=O)N2CCN(C(c3ccccc3)c3ccccc3)CC2)N(C)C1=O,0
CCCc1nnc(SCc2ccc(C(=O)OC)o2)n1N,0
COc1ccc(-n2c(Cc3cccn3C)nnc2SCC(=O)N2CCCC2)cc1,0
Cc1nn(C)c(C)c1S(=O)(=O)N1CCC(C(=O)NC2CCCCC2)CC1,0
CCCn1c(SCC(=O)N2CCCc3ccccc32)nnc1-c1ccco1,0
COc1ccccc1C(=O)Nc1ccc(C(=O)O)cc1,0
COc1cccc(C2C(C(=O)NCc3ccccc3)=C(C)N=C3N=CNN32)c1,0
CCOC(=O)c1sc(N)c(C(=O)OCC)c1COC(=O)C1CC(=O)N(Cc2ccco2)C1,0
Cc1ccc(-c2c(C)n([O-])c3c([n+]2=O)CCCCC3)o1,0
CCOc1ccccc1C1N(c2ccc(OC)cc2)C(=O)C2CCCN21,0
COc1ccccc1N1CCN(C(=O)C2CCN(S(=O)(=O)c3ccc(Cl)cc3)CC2)CC1,0
O=C1CCC(C(=O)Nc2ccc(OC(F)F)cc2)N1,0
CN1CC(=O)N(CC(=O)NCCc2ccc(F)cc2)c2ccccc2C1=O,0
N#Cc1nc(-c2ccc(F)cc2)oc1NCCN1CCOCC1,0
O=C(CN1CCN(c2ccccc2F)CC1)c1ccc2cc[nH]c2c1,0
COCCCNC(=O)c1ccccc1NS(=O)(=O)c1ccc(C)cc1,0
COc1ccccc1Nc1nc(N)nc(-c2cc3ccccc3o2)n1,0
CCN(CC)S(=O)(=O)c1cc(C(=O)NC2CCCCC2)ccc1C,0
COc1ccccc1N(CC(=O)Nc1cc(C)on1)S(=O)(=O)c1cccs1,0
COc1ccc(CN2CCN(c3ccccc3F)CC2)c(OC)c1,0
COc1cc(-c2nc(-c3ccc(NC(=O)c4ccc5c(c4)OCO5)cc3)no2)cc(OC)c1OC,0
Cn1c(=O)c2c(nc(SCc3cccnc3)n2Cc2ccc(F)cc2)n(C)c1=O,0
CC(C)Cn1c(O)c(C(=O)NCc2ccccn2)c(=O)c2ccccc21,0
Cc1ccc(CN2C(=O)CCC2C(=O)NCc2ccc(F)cc2)cc1,0
CCCCC(=O)N(CCOC)c1nnc(-c2ccc(OC)cc2)s1,0
O=S(=O)(NCCc1ccc2c(c1)OCCO2)c1cccs1,0
Cn1c(CCNC(=O)c2ccco2)nc2cc(NS(=O)(=O)c3ccccc3)ccc21,0
Cc1ccc2c(c1)c1ncnc(N3CCc4ccccc4C3)c1n2C,0
NC(=O)CSc1oc(-c2ccc(F)cc2)nc1S(=O)(=O)c1ccccc1,0
N#Cc1c(-c2cccnc2)c2c([nH]c1=S)CCCC2,0
O=C(c1cccc(-n2cnnn2)c1)N1CC=C(c2ccccc2)CC1,0
CCCCCCc1nc2c(=O)[nH]c3ccccc3c2o1,0
CCc1ccc(NC(=O)CSc2nnc(Cc3cccn3C)n2-c2ccc(F)cc2)cc1,0
O=S1(=O)CC(NCc2ccccc2)C(Nc2ccccc2)C1,0
CCOC(=O)c1ccc(-n2c(C)nc3ccccc3c2=O)cc1,0
O=C(NCN1CCN(c2ccccc2F)CC1)c1ccccc1,0
O=C(CSc1nnc2ccccn12)NCc1cccs1,0
Cc1ncoc1C(=O)NCc1ccccc1Cl,0
CCCn1c(C)nc2c(c1=O)c1nc3ccccc3nc1n2CCC1=CCCCC1,0
c1ccc(-n2c(-c3ccco3)nnc2N2CCOCC2)cc1,0
COc1cccc(-c2nc(-c3ccccc3)no2)c1,0
COc1ccc(NC(=O)CSc2nnc(Cc3ccccc3)o2)c(OC)c1,0
COC(=O)CN1C(=O)C(O)(CC(=O)c2ccccc2)c2ccccc21,0
COc1cc(C2NC(=O)NC(C)=C2C(=O)OC(C)(C)C)ccc1OCC(=O)O,0
COc1ccccc1N1CCN(C(=O)C(C)N(c2ccc(C)cc2)S(C)(=O)=O)CC1,0
COc1cc(OC)cc(-c2cc3nc(C)c(CCC(=O)NC(C)CCc4ccco4)c(C)n3n2)c1,0
COc1ccc(S(=O)(=O)N(CC(=O)N2CCN(C)CC2)c2ccccc2)cc1OC,0
Cc1cccn2c(=O)c3cc(C(=O)NCc4cccnc4)c(=N)n(C)c3nc12,0
COc1cc2cc(CN(C(=O)Nc3ccccc3)C3CCCC3)c(=O)[nH]c2cc1OC,0
O=S(=O)(c1ccc2c(c1)OCCO2)N1CCC(n2cnc3cc(F)ccc32)CC1,0
O=C(NCc1ccc2c(c1)OCO2)c1ccc2c(=O)n(C3CCCC3)c(=O)[nH]c2c1,0
CCCc1nc(N2CCN(C)CC2)c2sc(=S)n(-c3ccccc3)c2n1,0
Cc1ccc(-c2nc3ccccc3c(=O)n2-n2cccc2)cc1,0
COc1ccc(C(C(=O)Nc2ccc3c(c2)OCCO3)N(C)C(=O)CNC(C)=O)cc1,0
O=C(Cn1nnc(-c2ccc(Cl)cc2)n1)NCC1CCCCC1,0
O=C(NCc1cccnc1)c1ccc(COc2ccc3c(c2)CCC3)o1,0
Cc1ccnc(-n2c(CCN3C(=O)c4ccccc4C3=O)nc3ccccc3c2=O)c1,0
COc1ccc(NC(=O)CN2CCN(c3ccccc3F)CC2)cc1,0
Cc1ccc(-c2c3c(=O)n(C)c(=O)n(C)c3c3nnc4ccccc4n23)cc1,0
N#CC1=C(Nc2ccccc2)/C(=C/NCCN2CCOCC2)C=NC1=O,0
O=C(COc1ccccc1)Nc1ccc2c(c1)nc1n2CCOC1,0
CCC(=O)c1cn(CC(=O)NCc2cccnc2)c2ccccc12,0
CC(C)n1c(SCC(=O)N2CCCc3ccccc32)nc2c1c(=O)n(C)c(=O)n2C,0
O=S(=O)(c1cccc(-c2cn3cccnc3n2)c1)N1CCCCCC1,0
CCOc1ccc(NC(=O)CCS(=O)(=O)c2cccc3nsnc23)cc1,0
COc1ccc(Cc2nc(-c3ccc(-n4cccc4)cc3)no2)cc1,0
COc1cccc(C2=CC(c3ccc(N(C)C)cc3)N3NN=NC3=N2)c1,0
O=C(CC1CCCC1)OCn1nnc2ccccc2c1=O,0
CCOC(=O)C1CCCN(Cc2ccccc2C)C1,0
CCCN1CCN(CCCNC(=O)C2CCCN(c3nc4ccc(OCC)cc4s3)C2)CC1,0
Cc1ccc(N2CC(c3nc4ccccc4n3C)CC2=O)cc1C,0
CC(C)CCn1c(N2CCN(Cc3ccccc3)CC2)nc2c1c(=O)[nH]c(=O)n2C,0
COC(=O)Cn1nnc(-c2cccc(OC)c2)n1,0
Cc1ccc(C(C)C)cc1S(=O)(=O)NCc1cccnc1,0
CC(Sc1nc(N(C)C)nc(N2CCOCC2)n1)C(=O)Nc1ccccc1,0
CCOC(=O)c1cc2c(=O)n3ccccc3nc2n(Cc2ccco2)/c1=N/C(=O)c1cccnc1,0
CCC(c1nnc(SCc2nc3ccccc3s2)n1Cc1ccccc1)N(C)C,0
Cc1ccc2cc3cc(C(=O)NCc4ccc5c(c4)OCO5)oc3nc2c1,0
CN(Cc1ccccc1)Cc1nc2c(c(=O)n(C)c(=O)n2C)n1CCCc1ccccc1,0
CCOc1ccccc1OCC(=O)Nc1nnc(C)s1,0
COc1ccc(CN2CC(C(=O)NCCC3=CCCCC3)CC2=O)cc1,0
Cc1ccccc1Cn1ccc(NC(=O)c2cnn3cccnc23)n1,0
Cc1ccccc1Cn1cnc2c(nnn2Cc2ccc(F)cc2)c1=O,0
COc1ccc(C2C(C#N)=C(C)NC3=C2C(=O)CC(C)(C)C3)c(OC)c1,0
Cn1c(=O)c2cc(S(=O)(=O)NCCC(=O)NCCc3ccc(Cl)cc3)ccc2n(C)c1=O,0
COCCn1c(C)cc(C(=O)CSc2nc3ccccc3o2)c1C,0
O=C(OCC(=O)N1CCC(Cc2ccccc2)CC1)c1ccc[nH]c1=O,0
COc1cc(OC)cc(-c2nc(-c3cc4cc(C)ccc4nc3OC)no2)c1,0
O=C(c1ccco1)N1CCN(C(=O)c2ccccc2OC(=O)C23CC4CC(CC(C4)C2)C3)CC1,0
c1ccc(-c2oc3ncnc(NCCN4CCOCC4)c3c2-c2ccccc2)cc1,0
CC1Cc2ccccc2N1c1ncnc2c1nnn2Cc1ccccc1,0
O=S(=O)(Nc1cccc2cn[nH]c12)c1ccc(F)cc1,0
CCCCSc1nc(C)c(C(C)=O)cc1C#N,0
CCN(C1CCCCC1)S(=O)(=O)c1cn(C)c(=O)n(C)c1=O,0
COC(=O)c1ccc(NC(=O)CN(C2CCCCC2)S(C)(=O)=O)cc1,0
CN(CC(=O)Nc1ccncc1)S(=O)(=O)c1ccccc1,0
OC(Cn1cncn1)c1ccc(Cl)cc1,0
Cn1nnc2cc(C(=O)NCCC3=CCCCC3)ccc21,0
COc1cccc(CNC(=O)c2nnn(CC(=O)Nc3ccc(C)c(C)c3)c2N)c1,1
CN(C)c1ccc(/C=N/c2cnn(C)c2C(N)=O)cc1,0
COC(=O)c1ccccc1NC(=O)c1cc2sccc2n1C,0
COc1ccc(-n2c(=O)cc(N3CCN(c4ccccc4)CC3)[nH]c2=O)cc1,0
Cn1c(=O)[nH]c(=O)c2c1nc(SCCN1CCCCC1)n2Cc1ccccc1,0
O=C(CC(SCc1ccco1)c1ccc(O)cc1)c1cccs1,0
Cc1ccc(S(=O)(=O)c2c(N)n(/N=C/c3ccco3)c3nc4ccccc4nc23)cc1C,0
CCOC(=O)c1c(C)[nH]c(C)c1C(=O)CSc1nnc(-c2ccncc2)n1C,0
CCOC(=O)N1CCC(c2nc3ccccc3[nH]2)CC1,0
CCOC(=O)c1ccc(NC(=O)NS(=O)(=O)c2ccc(C)cc2)cc1,0
Cc1csc2nc(CSc3ccc(Cl)cc3)cn12,0
O=C(CCSc1nnc(-c2ccncc2)o1)Nc1ccc(Cl)cc1,0
O=c1nc(CSc2ncc(-c3ccc(F)cc3)n2Cc2ccco2)[nH]c2ccccc12,0
CC(C)Oc1ccc(C(=O)CCN2CCCCC2)cc1,0
COc1ccc(S(=O)(=O)CCC(=O)N2CC(=O)N(CCc3ccccc3)C(=O)C2)cc1,0
Cc1nc2ncnn2c(C)c1CCC(=O)Oc1ccccc1,0
O=C(NCC1CCCO1)C1CC(=O)N(C2CCCCCC2)C1,0
CC(C)CN1CN(S(=O)(=O)c2cccs2)c2nc3ccccc3nc21,0
COCCN1Cc2cccc(C(=O)NCc3ccc4c(c3)OCO4)c2C1=O,0
CCOC(=O)N1CCN(C(=O)c2cnc(Nc3ccccc3OC)c3ccccc23)CC1,0
CCc1ccccc1NC1c2ccccc2C(=O)N1Cc1ccco1,0
Cc1ccc2cc(CN(Cc3ccco3)C(=O)C3CCCCC3)c(=O)[nH]c2c1C,0
O=C(Nc1cccc(Cl)c1)Nc1nccs1,0
COc1ccc(-c2nc3cc(NC(=O)c4ccc5c(c4)OCO5)ccc3o2)cc1,0
O=c1[nH]cnc2sc3c(c12)CCCC3,0
O=C(Cn1cnc2c(cnn2-c2ccc(F)cc2)c1=O)N1CCCc2ccccc21,0
COc1ccc(N2CCN(C(=O)CSc3nnc4n3C(C)(C)Cc3ccccc3-4)CC2)cc1,0
N#Cc1ccc(OCCN2C(=O)NC3(CCSC3)C2=O)cc1,0
Cc1ccc(S(=O)(=O)N(CC(=O)N2CCCC2)C2CCCCC2)cc1,0
C#CCN1C(=O)C(O)(CC(=O)c2cccc(OC)c2)c2ccccc21,0
Cn1nc(-c2ccc(C(=O)NCC3CCCO3)cc2)c2ccccc2c1=O,0
COc1ccc(C2CC(=O)N3CN(c4ccc(C)c(Cl)c4)CSC3=C2C#N)cc1OC,0
O=C(COC(=O)C12CC3CC(CC(O)(C3)C1)C2)N1CCN(S(=O)(=O)c2ccc(Cl)cc2)CC1,0
COc1ccc(OCc2nnc(SCC(=O)NCc3ccco3)o2)cc1,0
COC(=O)c1ccc(NC(=O)C2CCCO2)cc1,0
CCN(CC)S(=O)(=O)c1ccc2c(c1)nc(SCC(=O)NC1CC1)n2-c1ccccc1OC,0
COc1ccc(NS(=O)(=O)c2ccc(OC)c(OC)c2)cc1OC,0
Cc1cc(C)n(-c2nc(=O)c(C)n[nH]2)n1,0
CCOc1ccc(CC2CC(=O)NC2=O)cc1,0
COC(=O)CC(=O)CSc1nc2c(cc1C#N)CCCCC2,0
COc1ccc(OC(=O)c2ccncc2)cc1,0
Cc1cc(C)c(C(N)=O)c(NCCc2ccccc2)n1,0
O=C(CSc1nnc(-c2ccccc2)n1Cc1ccccc1)NC1CC1,0
O=C(COC(=O)C1CC(=O)N(Cc2ccco2)C1)c1ccc(OC(=O)c2ccco2)cc1,0
Cc1ccc(-c2nnn(CC(=O)Nc3cccc4c3CCCC4)n2)o1,0
Cc1ccc(Cn2nnnc2CN2CCC(O)(c3ccc(F)cc3)CC2)cc1,0
CC1CCCN(c2ccc(C(=O)NCCc3ccccc3)cn2)C1,0
Cn1c(CCN2CCCCCC2)nc2cc(NC(=O)Nc3ccccc3)ccc21,0
CCOC(=O)CSc1nc(=O)c2ccccc2[nH]1,0
CC1(CCc2ccc3c(c2)OCO3)NC(=O)c2ccccc2N1,0
COc1ccc(NS(=O)(=O)c2c(C)[nH]c(=O)[nH]c2=O)c(OC)c1,0
COc1cccc(NC(=O)C2CCN(c3ncccn3)CC2)c1,0
CC1CCN(S(=O)(=O)c2ccc3ncn(CC(=O)N(C)Cc4ccccc4)c(=O)c3c2)CC1,0
CCOC(=O)c1cccc(NC(=O)CN2CCN(c3ccc(OC)cc3)CC2)c1,0
COCc1nnc(NC(=O)c2sc3ccccc3c2Cl)s1,0
Cc1nn2c(N3CCN(C(=O)c4ccco4)CC3)cc(C(C)(C)C)nc2c1-c1ccccc1,0
COC(=O)c1ccccc1NC(=O)CC#N,0
C=CCOC(=O)C1=C(C)NC(SCC(=O)N(CC)CC)=C(C#N)C1c1ccco1,0
CN1/C(=C\C(=O)COc2ccc3c(c2)OCO3)C(C)(C)c2ccccc21,0
COC(=O)c1cc(=O)n2c(-c3ccccc3)csc2n1,0
CCc1ccccc1NC(=O)Cn1nnc(-c2cccnc2)n1,0
CS(=O)(=O)Nc1ccccc1Oc1ccccc1,0
c1c(C2CCCCC2)n[nH]c1CN1CCCCC1,0
CC(C)(C)c1ccc2c(c1)N(CC(=O)O)C(=O)CO2,0
O=C(C1CCCCC1)N1CCC(n2nnc3ccccc32)CC1,0
COc1ccc(C(=O)/C=C/Nc2cc(C)on2)c(OC)c1,0
O=S(=O)(c1ccc(OCC(O)CN2CCN(c3ccccc3O)CC2)cc1)N1CCOCC1,0
CC1(C)Cc2ccccc2-c2[nH]c(CN3CCOCC3)nc(=O)c21,0
O=C(NCc1ccc2c(c1)OCO2)c1cccs1,0
COCCN1C(=O)C(=O)/C(=C(/O)c2cccc(OC)c2)C1c1ccc(C)o1,0
COc1ccc(S(=O)(=O)N2CCN(S(=O)(=O)c3ccc4c(c3)OCCO4)CC2)cc1,0
COc1ccccc1N1CCN(C(=O)CN(Cc2ccccc2)S(C)(=O)=O)CC1,0
Cc1ccc2nc(NCc3ccco3)c(/C=N/Cc3ccco3)c(=O)n2c1,0
CCOC(=O)C1=C(C)NC(C)=C(C(=O)OCC)C1C(=O)OCC(=O)N1CCCCC1CC,0
COc1ccc(CC(=O)N2CC3(C)CC2CC(C)(C)C3)cc1OC,0
CCOC(=O)COc1cccc2c(=O)n(CC(=O)NCc3ccc4c(c3)OCO4)ccc12,0
O=C(COc1ccc(S(=O)(=O)N2CCCC2)cc1Cl)NCc1ccco1,0
COc1cc(-c2nc(-c3ccc(C)nc3OC)no2)cc(OC)c1OC,0
COc1ccc(C2C(C#N)=C(N)Oc3n[nH]c(C)c32)cc1CSc1ccccn1,0
CCOC(=O)CNC(=O)c1cn(CC)c(=O)c2cc(OC)c(OC)cc12,0
O=C1CN(C(=O)c2ccco2)C(c2ccc(F)cc2)c2cc(Cl)ccc2N1,0
O=C(CSc1nnc(-c2ccncc2)n1CC1CCCO1)NCc1ccccc1,0
CC(C)(C)c1ccccc1NC(=O)c1ccco1,0
COc1ccc(NC(=O)CSc2nc3ccccc3c(=O)n2CCNC(C)=O)c(OC)c1,0
O=C(c1ccc2c(c1)OCO2)N(c1ccc(Cl)cc1)C1C=CS(=O)(=O)C1,0
COC(=O)c1cccc(NC(=O)CSc2nnc(COc3cccc(C)c3)n2C)c1,0
O=C1c2ccncc2C(=O)N1C1CCCCC1,0
CC(C)=C(NC(=O)c1ccccc1)C(=O)NCCCC(=O)O,0
COC(=O)CC1=Nc2ccccc2NC(=O)C1,0
Cc1ccccc1-n1nc(C)c2cc(C(=O)N3CCN(S(=O)(=O)c4ccccc4)CC3)sc21,0
Clc1ccc(CSc2nnc(-c3ccncc3)o2)c(Cl)c1,0
CCOC(=O)c1c(C)[nH]c(C(=O)COC(=O)C2CC2C)c1C,0
O=C(NCCc1ccccc1)C1CCN(S(=O)(=O)N2CCCC2)CC1,0
CCOc1ccc(C2NC(=O)c3n[nH]c(C)c32)cc1,0
Cc1ccc(C(=O)CSc2nnc(Cn3nnc4ccccc43)n2C)cc1,0
O=c1cc(-c2ccccc2)[nH]c(N2CCN(Cc3ccccc3)CC2)n1,0
Cc1nnc(C)c2c(C)n(Cc3ccc4c(c3)OCO4)c(C)c12,0
CCOC(=O)C1=C(C)Nc2nc3ccccc3n2C1c1cccnc1,0
COCC(=O)N(CCc1ccc(OC)cc1)Cc1nc(=O)c2ccccc2[nH]1,0
CCCc1cc(C(=O)Nc2nnc(C)s2)cs1,0
CCC(c1nnnn1CCC(C)C)N1CCC(C(N)=O)CC1,0
COc1cc(NS(=O)(=O)c2ccc(NC(=O)COc3ccccc3Cl)cc2)nc(OC)n1,0
CCc1ccc(C(=O)Nc2nnn(CC)n2)cc1,0
O=C(C1CCCCC1)N1CCC(c2nc3n(Cc4ccccc4Cl)[nH]nc-3c(=O)n2)CC1,0
COC(=O)CSc1nc(C(C)C)nc2ccccc12,0
COCc1nnc(NC(=O)c2ccco2)s1,0
COC(=O)C1CCN(C(=O)COC(=O)Cc2c[nH]c3ccccc23)CC1,0
Cc1nc(N2CCN(c3ncccn3)CC2)c2oc3ccccc3c2n1,0
COc1ccc(-c2noc(CN(C(=O)c3c(-c4ccccc4Cl)noc3C)C(C)C)n2)cc1,0
COc1ccc(-c2cc(C(=O)Nc3cccc(C(C)=O)c3)no2)cc1,0
Cc1nc2sc(C(c3ccccc3)N3CCOCC3)c(O)n2n1,0
O=c1oc(-c2cccnc2)nc2ccccc12,0
COC(=O)C1(C)NC(c2ccc(O)cc2)C2C(=O)N(c3ccc4c(c3)OCCO4)C(=O)C21,0
COC(=O)C1C2CCC(C(=O)Nc3ccccc3)(CC2)C1C(=O)OC,0
CCn1c(=O)n(CC)c2cc(S(=O)(=O)N3CCc4ccccc43)ccc21,0
COc1ccc2cc3cc(C(=O)NCCN4CCN(c5ccccc5F)CC4)oc3nc2c1,0
CCCCCCN1C(=O)NC(=O)/C(=C\NCCN2CCCCC2)C1=O,0
Cn1cnc2c1c(=O)[nH]c(=O)n2C,0
Cc1n[nH]c(C)c1S(=O)(=O)N1CCCC(C(=O)NC2CCCc3ccccc32)C1,0
COc1cccc(C(=O)/C=C/Nc2cc(C)ccc2O)c1,0
CCOc1ccc(-n2cc(C(=O)N3CCCCCC3)c3cc(OC)c(OC)cc3c2=O)cc1,0
Clc1cccc(CN2CCCCC2c2cccnc2)c1,0
Nc1cccc(C(=O)Nc2ccco2)c1,0
CCCOc1ccc(OCCSc2ncccn2)cc1,0
COc1ccc(N(CC(=O)Nc2cccc(SC)c2)S(C)(=O)=O)cc1,0
COc1ccc2c(c1OC)C(=O)N1c3ccccc3C(=O)N(c3ccccc3F)C21,0
COc1nc(C#N)c(N2CCOCC2)o1,0
COc1cccc(CC(NC(C)=O)C(=O)NC2CCN(c3nc(C)cc(C)c3C#N)CC2)c1,0
O=C(CSc1nc2ccccc2o1)NCc1ccco1,0
CC(C)(C)OC(=O)N1CC=C2C(C#N)=C(N)C(C#N)(C#N)C(c3cccs3)C2C1,0
Cc1cccc2cc(CN(CC3CCCO3)C(=O)NC3CCCCC3)c(=O)[nH]c12,0
CCn1nnc(NC(=O)COc2ccc(C3CCCCC3)cc2)n1,0
Cc1nn(-c2ccccc2)c2c1CC1(C(=O)N(C)C(=O)N(C)C1=O)C1CCCCN21,0
Nc1c(C(=O)NCC2CCCO2)sc(=S)n1-c1ccccc1,0
CCCCN(C(=O)NC(=O)Nc1ccccc1OCC)S(C)(=O)=O,0
Cc1ccc(Cl)cc1N1CCN(C(=O)COc2ccc(S(=O)(=O)NC(C)C)cc2)CC1,0
COc1cc2c(cc1OC)-c1cc(NC3CCCCCCC3)nc(=O)n1CC2,0
O=C(NC1CCCCCCC1)C1=COCCO1,0
O=C(Nc1ccccc1Cl)N1CCN(c2ncccn2)CC1,0
CN1CCN(CCCNc2nc3ccccc3c3nc(-c4ccccc4)nn23)CC1,0
Cc1sc2ncnc(SCC#N)c2c1C,0
O=c1cc(N2CCC(Cc3ccccc3)CC2)[nH]c(=O)n1C1CCCCC1,0
CC1CCCCC1NC(=O)c1nn(C)c(=O)c2ccccc12,0
O=C(c1cc(-c2ccco2)on1)N1CCN(C(c2ccccc2)c2ccccc2)CC1,0
O=S(=O)(c1ccccc1Cl)N1CCC(O)(c2ccc3c(c2)OCO3)CC1,0
CN1CC2(Cc3c1ccc1ccccc31)C(=O)OC(C)(C)OC2=O,0
CCOC(=O)CNC(=O)CSc1nnc(COc2ccc(Cl)cc2)n1CC,0
CN1C(=O)c2ccc(C(=O)NC3CCCCC3)cc2C1=O,0
COc1ccc2cc3cc(C(=O)Nc4ccccc4N4CCN(C)CC4)oc3nc2c1,0
CCC(=O)Nc1ccc(NC(=O)c2ccccc2Cl)nc1,0
Cc1ccc2oc(=O)c3cc(C(=O)N4CCN(c5ncccn5)CC4)sc3c2c1,0
CCOc1ccc(NS(=O)(=O)c2ccc3c(c2)CCN3C(=O)CCC(=O)O)cc1,0
COc1ccc(N2CCN(c3oc(-c4ccc(OC)c(OC)c4)nc3C#N)CC2)cc1,0
O=C(Nc1c(C(=O)O)[nH]c2ccccc12)NC1CCCCC1,0
O=C(NCc1cccs1)c1csc2ccccc12,0
O=C(CCCC(=O)N(CC(=O)NC1CCCC1)C1CCCC1)Nc1ccccn1,0
COc1ccc(C(C)=O)cc1COC(=O)Cn1cnc2ccccc2c1=O,0
CC(CCc1ccccc1)NC(=O)c1ccncc1,0
O=C(Oc1ccc2c3c(c(=O)oc2c1)CCCC3)c1ccco1,0
CC(C(=O)N1c2ccccc2Sc2ccccc21)n1nnc(-c2cccs2)n1,0
Cc1ccccc1CNS(=O)(=O)c1ccc2c(c1)OCCO2,0
COc1cc(C(=O)N2CCCC(c3nc(-c4cccs4)no3)C2)cc(OC)c1OC,0
CC(C)Sc1nc(N2CCOCC2)c2c(c1C#N)CC(C)(C)SC2,0
NS(=O)(=O)c1ccc(NC=C2C(=O)N(C3CCCCC3)C(=O)N(C3CCCCC3)C2=O)cc1,0
Cc1ccc(NC(=O)CC2SCCNC2=O)cc1Cl,0
Cc1ccc(CNC(=O)c2cccc(OCc3c(C)noc3C)c2)cc1,0
CCn1nc(NC(=O)c2cccnc2)c2cc3ccccc3nc21,0
Cc1ccc(-n2c(C)cc(C)c(C#N)c2=O)cc1Cl,0
COc1ccc(CCn2nnnc2C(CC(C)C)N2CCC(C(N)=O)CC2)cc1OC,0
Cc1cc(Oc2ccccc2)nc(OCC#N)n1,0
COc1ccc(Cn2nnnc2C(c2cccs2)N2CCSCC2)cc1,0
COc1cc(Cl)c(C)cc1NC(=O)CSc1nc2ccccc2o1,0
c1ccc(CNc2ncnc3nc[nH]c23)nc1,0
CCOC(=O)N1CCC(NC(=O)Cc2ccc(-n3c(=O)[nH]c4ccccc4c3=O)cc2)CC1,0
CCCCN1C(=O)NC(=O)/C(=C\NCCCn2ccnc2)C1=O,0
C=CCn1c(Cc2cccs2)nnc1SCC(=O)Nc1ccc(OC)cc1,0
CCc1ccc(-c2cn(-c3nc(C)cc(C)n3)c(=N)o2)cc1,0
CC1=C(C(=O)OC(C)C)C(c2ccc(F)cc2)NC(=O)N1,0
NC(=O)c1ccsc1NC(=O)COC(=O)C1CCCN1C(=O)c1cccs1,0
O=c1c2ccccc2ncn1-c1ccc2c(c1)OCCO2,0
CN(c1cccc(NC(=O)CCSc2ccccc2)c1)S(C)(=O)=O,0
Nc1ccc(C23CC4CC(CC(O)(C4)C2)C3)cc1,0
CCOc1ccc2nc(N3CCCCCC3)sc2c1,0
CC(C)CC(=O)N1CCN(Cc2cccc(F)c2)CC1,0
CCCOc1ccc2oc(=O)c3c(c2c1)CCCN3C(=O)CN1CCN(c2ncccn2)CC1,0
CN1C(=O)C(=CNC2CCN(Cc3ccccc3)CC2)C(=O)N(C)C1=O,0
COc1ccc(NC(C)=C2C(=O)N(C)C(=O)N(C)C2=O)c(OC)c1,0
COC(=O)C1C(=O)c2c([nH]c(C(=O)OC3CCCCC3)c2C)CC1C,0
COc1ccc(OC)c(C(=O)c2coc3ccc(O)c(CN4CCOCC4)c23)c1,0
O=C(c1ccco1)N1CCCS/C1=N\c1ccccc1,0
O=C(O)CSc1nnc(Cc2ccccc2)n1-c1ccccc1,0
CC(=O)CCS(=O)(=O)c1ccc(C)c(C)c1,0
O=C(NCC(c1cccnc1)N1CCOCC1)C1CCCCC1,0
CC1CCCCN1C(=O)c1ccc(S(=O)(=O)N2CCCCC2C)cc1,0
CCOC(=O)CSc1nnc(CNC(=O)c2cccs2)n1-c1cccc(C)c1,0
Cc1ccc(Nc2cc(C)nc3nc(C)nn23)cc1,0
Cc1csc(NC(=O)CN(C)S(=O)(=O)c2cccc3cccnc23)n1,0
Cc1ccc(S(=O)(=O)CCc2nnc(NC(=O)C3CCCO3)s2)cc1,0
O=C1CCCc2c1nc(-c1ccccc1)n2O,0
COc1cccc(-c2nnc(SCc3ccc(C#N)cc3)n2Cc2ccco2)c1,0
COCC(=O)NC1CCN(C(=O)NCc2ccccc2)CC1,0
Cc1ccc(S(=O)(=O)Nc2cc(C(=O)N3CCOCC3)ccc2N2CCCCC2)cc1,0
O=S(=O)(Nc1nc2ccccc2nc1NCc1ccco1)c1ccc(Cl)cc1,0
CCSCCOC(=O)C1=C(C)N(C)C(=O)NC1c1cc(OC)ccc1OC,0
CCOC(=O)CNC(=O)CSc1nnc(-c2ccccc2)n1Cc1ccco1,0
O=C(CCc1nc2ccccc2[nH]1)Nc1ccc2c(c1)OCCO2,0
C/C(=C\C(=O)c1ccc(F)cc1)Nc1ccc(N2CCOCC2)cc1,0
COc1cccc(C(=O)Nc2c3c(nn2-c2cccc(C)c2C)CS(=O)C3)c1OC,0
CCn1cc(C(=O)NCCCN2CC(C)CC(C)C2)c2cc(OC)c(OC)cc2c1=O,0
O=C(Nc1cccc(Cl)c1)N1CCN(c2ncccn2)CC1,0
CCOC(=O)c1c(C)[nH]c(C(=O)COC(=O)CCC(=O)c2ccc3c(c2)OCCO3)c1C,0
c1ccc(-c2ccccc2-c2nc(-c3cccnc3)no2)cc1,0
COc1ccc(-c2noc(C3CCCN(C(=O)CCc4ccccc4)C3)n2)cc1,0
COc1cc(NC(=O)c2ccco2)c(OC)cc1NC(=O)CCC(=O)Nc1ccccc1C,0
CCCn1nnc(NC(=O)c2ccc(-c3ccccc3)cc2)n1,0
O=C(COc1ccc(Cl)cc1)NCc1nnc(SCC(=O)NCCc2ccccc2)o1,0
COc1ccc(F)cc1S(=O)(=O)N1CCC(C(N)=O)CC1,0
C/C(Cl)=C\CSc1nnc2n(N)c(=O)c3ccccc3n12,0
Cc1ccc(-c2noc(CCC(=O)NCCc3ccccc3Cl)n2)cc1,0
Cc1cc(N2CCCC2=O)cc(C)c1S(N)(=O)=O,0
O=C(CCc1nc(-c2cccs2)no1)Nc1cnc2ccccc2c1,0
O=C(CCCn1c(=O)[nH]c2ccsc2c1=O)NCc1cccs1,0
CCC(C)(c1ccc(C(=O)OC)s1)c1ccc(C(=O)OC)s1,0
Cc1nc(C(C)(C)O)n(-c2ccccc2)n1,0
COc1ccc(C2=C(N)c3ccccc3C2=O)cc1,0
COc1ccc(-c2nnc(SCC(=O)c3cccs3)o2)c(OC)c1,0
Nc1nc(CSc2ncn(-c3ccccc3)n2)cs1,0
COc1ccc(OC(C)=O)c(C2c3cc(OC)c(OC)cc3CCN2C(C)=O)c1,0
COc1cc(/C=N/n2cnnc2)ccc1OC(=O)c1cccnc1,0
CS(=O)(=O)N(CC(=O)N1CCN(c2cccc(Cl)c2)CC1)c1ccccc1,0
Cc1cc(N2CCN(C3CCCC3)CC2)n2ncc(-c3ccccc3)c2n1,0
CSC1=NCCN1C(=O)Cc1ccc(F)cc1,0
COc1ccc(C(=O)Nc2ccc(S(=O)(=O)N3CCCCC3)cc2)cc1OC,0
CCn1cc(SCC(=O)NCc2ccc3c(c2)OCO3)c2ccccc21,0
Cc1cc(C)nc(NC2=NC(=O)CC(C(=O)O)N2CCc2c[nH]c3ccccc23)n1,0
COc1cccc(CC(=O)Nc2nccs2)c1,0
O=C(C1CCCCC1)N1CCC(c2nc3ccccc3[nH]2)CC1,0
CCN(CC)S(=O)(=O)c1ccc(S(=O)(=O)Nc2ccc(C(=O)N3CCCC3)cc2)cc1,0
COc1cccc(-c2nnc(NC(=O)c3ccc(S(=O)(=O)N(CC(C)C)CC(C)C)cc3)o2)c1,0
O=C(CN1CCN(Cc2ccc3c(c2)OCO3)CC1)N1CCc2[nH]c3ccccc3c2C1,0
CCOc1nc(C)ccc1-c1noc(-c2ccccn2)n1,0
CCOC(=O)C1CCN(C(c2cc3c(C)ccc(C)c3[nH]c2=O)c2nnnn2C2CCCCC2)CC1,0
CCC(Sc1nc(=O)cc(N)n1-c1ccccc1)C(=O)Nc1ccc(Cl)cn1,0
Clc1ccc(OCCn2ccnc2)c2ccccc12,0
COc1ccc(CN(Cc2cc3ccc(C)cc3[nH]c2=O)Cc2nnnn2C2CCCC2)cc1,0
Cc1ccccc1-n1nc2c(c1NC(=O)c1c(-c3ccccc3Cl)noc1C)CSC2,0
CC(C)C(NC(=O)c1ccccc1NC(=O)c1ccco1)C(=O)O,0
O=C(Nc1ccc(-c2nc3cccnc3s2)cc1)c1ccco1,0
CNC(=O)c1ccsc1NC(=O)c1ccccc1,0
COc1ccc(CCNC(=O)CCn2c(=O)oc3ccccc32)cc1,0
CCC1=C/C(=C2\NNC=C2c2ccc3c(c2)OCO3)C(=O)C=C1O,0
COc1ccc(C2CC(C(F)(F)F)N3NC(C(=O)Nc4ccc5c(c4)OCO5)=CC3=N2)cc1,0
CCOc1ccc(C(=O)N2CCN(C(=O)c3ccco3)CC2)cc1OCC,0
CN1CCN(c2ncnc3c2cnn3-c2ccc(Cl)cc2)CC1,0
Cc1noc(C)c1COc1ccc(C(=O)OCC(=O)c2ccc3c(c2)OCCO3)cc1,0
Cc1ccc(-c2nc(C#N)c(N3CCCCC3)o2)cc1,0
Cc1ccc(NC(=O)c2cc(S(=O)(=O)N3CCC4(CC3)OCCO4)ccc2F)cc1,0
Cc1cccc2nc(Cn3c(=O)n(CCC(=O)NCc4ccco4)c(=O)c4sccc43)cc(=O)n12,0
Cc1ccc(-n2c(SCC(=O)N3CCCC3)nc3c(c2=O)SCC3)cc1,0
O=C(OCc1nc(-c2ccccc2)oc1COC(=O)c1ccco1)c1ccco1,0
CCOC(=O)CNC(=O)CSc1ncnc2c1cnn2-c1ccccc1,0
N#Cc1ccccc1Cn1cc(C(=O)C2CC2)c2ccccc21,0
O=C(CSc1nnc(-c2ccco2)n1-c1ccccc1)NCc1ccc2c(c1)OCO2,0
CS(=O)(=O)N(CC(=O)N1CCN(c2cccc(Cl)c2)CC1)C1CCCCC1,0
COc1cccc(C(=O)NC2CCN(C(=O)N3CCCCC3)CC2)c1,0
O=C(c1ccccc1F)N1CCC(N2CCCCCC2)CC1,0
COCCN(CC(=O)Nc1ccccc1)S(=O)(=O)c1ccc(S(=O)(=O)N2CCCC2)cc1,0
Cc1cccc(-n2c(SCC(N)=O)nnc2-c2ccccn2)c1C,0
COC(=O)c1ccccc1NC(=O)NCc1ccccn1,0
COCCn1c(N)c(C(=O)NCc2cccs2)c2nc3ccccc3nc21,0
CC1=CC(c2ccccc2)N2NC(N3C(=O)c4ccccc4C3=O)=NC2=N1,0
COCCCNC(=O)CS(=O)Cc1nc(-c2cccc(OC)c2)oc1C,0
Cc1cc(NC(=O)c2ccc(S(=O)(=O)N3CCOCC3)cc2)nc2c1c(=O)oc1ccccc12,0
CCN(CC)CCNC(=O)c1ccc(N2CCCCC2)c(NS(=O)(=O)c2ccc(C)cc2)c1,0
Cc1ccc(-n2c(SCC(=O)NCc3ccco3)nc3sc(C)c(C)c3c2=O)cc1,0
O=C(C1CCC1)N1CCc2cc(S(=O)(=O)NCC3COc4ccccc4O3)ccc21,0
CCOC(=O)c1ccc(NC(=O)CSc2nccn2C)cc1,0
O=C(Oc1cccc2c(OC(=O)N3CCOCC3)cccc12)N1CCOCC1,0
O=C(Nc1cccc(-c2nnc(-c3ccccc3)o2)c1)c1ccco1,0
CC(C(=O)NCc1ccccn1)N1C(=O)c2ccccc2C1=O,0
O=C(NCc1ccco1)Nc1ccccc1Cl,0
CCCCOc1ccc(CNn2c(C)nc3ccccc3c2=O)cc1,0
CC(C)C(=O)Nc1ccccc1N1CCN(S(C)(=O)=O)CC1,0
Cc1cc(NCc2ccccc2Cl)n2nnnc2n1,0
CCOCC(O)CS(=O)Cc1ccccc1,0
COC(=O)c1ccccc1NC(=O)Cn1c(-c2nonc2N)nc2ccccc21,0
O=C(Cc1cccs1)Nc1ccc2c(c1)C(=O)OC2,0
CCCCCCc1c(O)[nH]c2ccccc2c1=O,0
Cc1cc(NC(=O)c2ccc(S(=O)(=O)N3CCCC3)cc2)nc2c1c(=O)oc1ccccc12,0
Cc1cc(C)c2[nH]c(=O)c(CN(Cc3ccc4c(c3)OCO4)Cc3nnnn3C3CCCC3)cc2c1,0
Cc1ccc(C)c(Cn2[nH]nc3c(=O)nc(C4CCCN(C(=O)CC(C)C)C4)nc2-3)c1,0
c1ccc2c(c1)CCCC2NC1=NCCC1,0
Clc1ccc(Cn2ncc3c(NCc4cccnc4)ncnc32)cc1,0
CCOc1cccc(NC(=O)CC#N)c1,0
COc1ccc(S(=O)(=O)Nc2ccc(O)c3ccccc23)cc1,0
CCOc1ccccc1C(=O)N1CCC(n2nnc3cc(C)ccc32)CC1,0
CN(Cc1cc2ccccc2[nH]c1=O)S(=O)(=O)c1ccccc1,0
O=C(Cn1nnc(-c2ccccc2NC(=O)C2CC2)n1)NC1CCCCC1,0
CC(=O)Nc1ccc(C(=O)CSc2ncn(-c3ccccc3)n2)cc1,0
Cc1cc2ncn(C(=O)c3c(-c4ccccc4)noc3C)c2cc1C,0
CC(=O)NCC(=O)OCC(=O)Nc1ccc(C(C)=O)cc1,0
O=C(c1ccc(=O)oc1)N1CCCc2ccccc21,0
CS(=O)(=O)c1ccc2nc(NC(=O)C3COc4ccccc4O3)sc2c1,0
N#Cc1cc2c(=O)n3ccccc3nc2n(Cc2cccnc2)c1=O,0
COc1cccc(N2C(=O)CC(=O)NC2=O)c1,0
CCCc1nnc(NC(=O)c2ccncc2)s1,0
COCCn1c(COc2ccc(Cl)cc2)nnc1SCC(N)=O,0
Cn1nnnc1SCC(=O)NC1CCCCC1,0
COc1ccc(CCNc2oc(COc3ccccc3F)nc2C#N)cc1OC,0
Cc1nc(NCC2CCCO2)nc2c1C(=O)CC(C)C2,0
COc1ccccc1-n1c(-c2ccoc2)nc2ccccc2c1=O,0
Cc1ccc(-n2c(SCC(=O)NCc3cccs3)nnc2-c2ccoc2C)cc1,0
COc1ccc(C(C)NC(=O)c2ccoc2C)cc1OC,0
O=C(CSc1nc(-c2ccc(F)cc2)cs1)NC(=O)NCc1ccco1,0
Cc1cccc2nc(CNc3ccc(F)cc3)cn12,0
COc1ccc(-c2csc(NCc3ccco3)n2)cc1C,0
COC(=O)c1ccccc1NC(=O)N1CSCC1C(=O)OC,0
Nc1nonc1NC(=O)CSc1nc2ccccc2s1,0
CCOc1ncccc1C(=O)OCC(=O)N1CCN(S(=O)(=O)c2ccc(Cl)cc2)CC1,0
O=C(OCCCN1CCCC1)C1(c2ccccc2)CCCC1,0
CCOC(=O)C(C)c1nc2ccccc2[nH]c1=O,0
COC(=O)c1[nH]c2ccc(C)cc2c1NC(=O)CN1CCCCC1C,0
O=C(O)c1cn(-c2ccccc2)nc1-c1cccnc1,0
CCCOc1ccccc1C(=O)N(Cc1cccs1)C1CCS(=O)(=O)C1,0
COc1c(Cl)cc(-c2noc(C)c2C(=O)NC(C)C)cc1Cl,0
Cc1cc(N2CCOCC2)nc(SCC(=O)c2ccc(Cl)cc2)n1,0
CC1Oc2ccccc2N(CC(=O)c2cccc(Cl)c2)C1=O,0
O=C(NCC1CCCO1)C1CCN(S(=O)(=O)N2CCCC2)CC1,0
CC(=O)Nn1cnc2c(c1=O)C1(CCCC1)Cc1ccccc1-2,0
O=C(Cn1c(S(=O)(=O)Cc2ccccc2)nc2ccccc21)N1CCCCC1,0
CN(C)c1ccc(NC(=O)Nc2cccc(Cl)c2)cc1,0
CC(C)(C)NC(=O)Cn1nnc(-c2ccccc2Cl)n1,0
O=C(NCCN1CCOCC1)c1cn(CCc2ccccc2)nn1,0
O=C(O)CC(NS(=O)(=O)c1cccc2nsnc12)c1ccc(F)cc1,0
c1ccc(Oc2nc(NCc3ccco3)nc(NCc3ccco3)n2)cc1,0
CCCc1cc(=O)n2[nH]c(SCc3ccccc3)nc2n1,0
Cc1ccc(C(=O)Nc2ncc(Cc3ccccc3)s2)o1,0
CCCCn1c(SCC(=O)Nc2nnc(C)s2)nnc1-c1ccoc1C,0
CCCCc1c(O)nc(SCC(=O)c2ccccc2)[nH]c1=O,0
CCOc1cc(C)c(Cl)cc1S(=O)(=O)NCc1ccco1,0
CCOC(=O)Nc1ccc(C(=O)Oc2ccccc2)c(O)c1,0
COc1cc(/C=N/n2nnnc2N)ccc1OCc1ccc(F)cc1,0
Cn1c(=O)c(C(=O)CN2CCOCC2)c(N)n(Cc2ccccc2)c1=O,0
COCCCNC(=O)c1c(N)n(-c2cccc(S(N)(=O)=O)c2)c2nc3ccccc3nc12,0
Cc1ccc(C)n1-c1ccc(-c2nnc3n2CCCCC3)s1,0
Cc1ccc(S(=O)(=O)NCC(c2ccccc2)N2CCN(CCC#N)CC2)cc1,0
CCOc1cc(N2CCOCC2)c(OCC)cc1NC(=O)COC(=O)c1cc(C)oc1C,0
S=c1[nH]nc(C2COc3ccccc3O2)o1,0
Cc1c(NC(=O)CSc2ccccc2C(=O)Nc2cccnc2)c(=O)n(-c2ccccc2)n1C,0
O=C(c1ccco1)N(c1ccccn1)c1ccccn1,0
COc1cc(OC)c(C(=O)Nc2ccc(S(=O)(=O)Nc3ncccn3)cc2)cc1OC,0
CCCC(=O)NC1=CC(=O)/C(=C2/Nc3cc(C)c(C)cc3O2)C=C1,0
CCc1nnc(NC(=O)c2ccc(N(C)S(=O)(=O)c3ccccc3)cc2)s1,0
COc1cccc(NC(=O)CNC(=O)c2ccc(F)cc2)c1,0
COc1ccccc1Nc1nc(N)nc(CN2CCc3ccccc3C2)n1,0
Cc1cc(C)c(C)c(S(=O)(=O)NCC(=O)N2CCCC2)c1C,0
Cc1cccc(OCCN2CSC(=S)N(C)C2)c1,0
N#CCCS(=O)(=O)c1nnnn1-c1ccccc1,0
CCOC(=O)Nc1ccccc1N1C(=O)c2ccccc2C1=O,0
CC1(C)Oc2ccc(C(=O)NC3CCCC3)cc2N(CC(=O)N2CCOCC2)C1=O,0
Cn1c(=O)n(C)c2cc(S(=O)(=O)NCc3ccco3)ccc21,0
CCCc1cc(=O)nc(N/C(=N\C(=O)c2ccccc2)Nc2ccc3c(c2)OCCO3)[nH]1,0
Cc1cc(=O)oc(C)c1C(=O)NC1CCCCNC1=O,0
CCOc1ccc(-n2c(Cc3ccccc3)nnc2SCc2c(C)noc2C)cc1,0
COc1cccc(NS(=O)(=O)c2ccc(NC(C)=O)cc2)c1,0
CC(C)CCn1cnc2c1c(=O)n(C)c(=O)n2C,0
C=CCOc1nc2c(c(=O)n(C)c(=O)n2C)n1C,0
CCOC(=O)CCSc1nnc(-c2cccnc2)n1-c1ccccc1OC,0
COc1ccc(CNC(=O)C2CCCN2C(=O)NC2CCCCC2)cc1,0
O=S(=O)(NCc1ccc2c(c1)OCO2)c1cccc2cccnc12,0
CCOC(=O)c1cc(-c2ccc(/C=N/n3cnnc3)o2)ccc1Cl,0
COc1ccc(S(=O)(=O)N(Cc2cc3ccc(OC)cc3[nH]c2=O)CC2COCCO2)cc1,0
CCc1cc2c(SCC(=O)O)ncnc2s1,0
CC(=O)C1=C(C)NC(=O)NC1c1ccc(OC2CCCC2)cc1,0
O=C(OCC(=O)N1CCCC1)c1cccs1,0
c1ccc2nc3c(nc2c1)CCc1nonc1-3,0
COc1ccccc1N1CCN(C(CNC(=O)Oc2ccccc2)c2cccnc2)CC1,0
CC1=C/C(=C\c2ccc3c(c2)OCO3)C(=O)S1,0
O=C1CC(c2cccs2)Sc2nc3ccccc3n21,0
O=c1nc(NC2CCCCC2)[nH]nc1Cc1ccccc1,0
CCOC(=O)c1nnn(-c2nonc2-n2cccc2)c1C,0
Cn1c(CN2CCCCC2)nc2cc(NC(=O)c3cccs3)ccc21,0
COc1ccc(NC(=O)CSc2nc(=O)c3c([nH]2)CCC3)cc1OC,0
CSc1nc(C)cc(OCCNS(=O)(=O)c2cc(C)ccc2C)n1,0
COc1ccc(N2CC(C(=O)OCC(=O)c3cccc(OC)c3)CC2=O)cc1,0
CC(C)NC(=O)COC(=O)c1ccc(O)cc1,0
Nn1c(SCC(=O)Nc2ccccc2F)nnc1-c1cccnc1,0
Cc1ccccc1OCC(O)Cn1c(N2CCN(c3ccccc3)CC2)nc2c1c(=O)[nH]c(=O)n2C,0
N#Cc1nc(-c2cccs2)oc1N1CCN(Cc2ccccc2)CC1,0
CCn1c(=O)c2c(nc3n2CC(C)CN3CCc2ccccc2)n(C)c1=O,0
O=S1(=O)N=C(Nc2nc3c(s2)CCCC3)c2ccccc21,0
CCCCN1C(=O)NC(=O)/C(=C(/C)NCc2ccc(F)cc2)C1=O,0
Cc1ccccc1OCC(O)Cn1c(NCc2ccco2)nc2c1c(=O)[nH]c(=O)n2C,0
O=C(Nc1nccs1)c1ccc2nccnc2c1,0
Cc1cccc(NC(=O)c2oc3c(c2C)C(=O)CC(C)(C)C3)n1,0
Cc1ccc(S(=O)(=O)N2CCN(c3ncnc4c3cnn4-c3ccccc3)CC2)cc1,0
CCCc1ccc(C(=O)CCC(=O)O)cc1,0
C=CCN1C(=O)C(O)=C(C(C)=O)C1c1ccccc1F,0
COc1ccc(NC(=O)c2cnc3sccn3c2=O)cc1OC,0
CCOC(=O)C1=C(C)Nc2ccccc2N=C1NC(=O)c1cccc(S(=O)(=O)N(C)C)c1,0
O=C1c2sc3nc4ccccc4n3c2C(=O)N1c1ccccc1Cl,0
Cc1ccccc1-n1c(SCC(=O)c2cc(C)n(C)c2C)nnc1-c1ccncc1,0
C=CCSc1nc2c(cc1C#N)CCC2,0
Cn1cnnc1SCC(=O)n1c2ccccc2c2ccccc21,0
Cc1ccc(C)c(SCC(=O)OCC(=O)Nc2ccc(S(=O)(=O)N3CCOCC3)cc2)c1,0
COc1ccc(OCCn2c(NC(=O)c3ccco3)nc3ccccc32)cc1,0
CCCCNC(=O)NS(=O)(=O)c1ccc(C(=O)OC(C)C)o1,0
CCCNC(=O)Cn1cnc2sc(C(=O)N3CCCC(C(=O)OCC)C3)c(C)c2c1=O,0
CNC(=O)c1ccc(N(Cc2ccccc2C)S(C)(=O)=O)cc1,0
CN1CCN(S(=O)(=O)c2ccc(Cc3ccc(S(=O)(=O)N4CCN(C)CC4)cc3)cc2)CC1,0
O=C1c2ccccc2S(=O)(=O)N1CC(O)Cn1ccc2ccccc21,0
CN1CCN(c2ccccc2NC(=O)Cc2cn(C)c3ccccc23)CC1,0
O=C1N(CCCCN2C(=O)C3(OCCO3)c3ccccc32)c2ccccc2C12OCCO2,0
CC1(C)N([O-])C(c2cccs2)=C[N+]1=O,0
Cc1ccc(C(=O)CC(C(=O)O)n2ccc(C)n2)cc1,0
Cc1cc(NS(=O)(=O)c2ccc(NC(=O)Nc3ccc4c(c3)OCO4)cc2)no1,0
Cc1nnc(N2CCCCC2)c2ccccc12,0
CCOc1ccc(/C(O)=C2/C(=O)C(=O)N(CCOCCO)C2c2ccccn2)cc1,0
O=C(CCS(=O)(=O)c1cccc2nsnc12)N1CCN(Cc2ccc3c(c2)OCO3)CC1,0
COc1ccccc1NC(=O)CSc1nnc(C2CCCCC2)n1C,0
O=S(NCc1ccco1)C12CC3CC(CC(C3)C1)C2,0
CC(=O)N1CCN(C2c3cccc4cccc(c34)C2NS(=O)(=O)c2ccccc2)CC1,0
CC(Sc1ccccc1)C(=O)Nc1ccc(S(=O)(=O)N2CCOCC2)cc1,0
Cc1ccc2c(c1)cc(C)c1nnc(SCC(=O)NCc3ccco3)n12,0
O=c1nc(CN2CCN(c3ccccc3Cl)CC2)[nH]c2ccsc12,0
Cc1sc(NC(=O)c2cccs2)nc1-c1ccccc1,0
CCOC(=O)c1cnn(-c2ncnc3sc(CC)cc23)c1N,0
O=S(=O)(c1ccccc1)c1nc(Nc2ccccc2N2CCOCC2)sc1Cl,0
O=C(Cn1ccc2ccccc2c1=O)N1CCN(c2cccc(Cl)c2)CC1,0
O=c1nc(CSc2nnc(COc3ccccc3)n2-c2ccccc2)[nH]c2ccccc12,0
COC(=O)CSc1nnc(-c2ccc(S(=O)(=O)N3CCCCC3)cc2)o1,0
CCCC(=O)Nc1nc2ccc(S(=O)(=O)N3CCCCC3)cc2s1,0
COc1ccc(C)cc1NC(=O)C1CCCN(S(=O)(=O)c2cccc3nonc23)C1,0
O=S(=O)(NCC1CCCO1)c1ccc(S(=O)(=O)N2CCc3ccccc3C2)cc1,0
O=C(NCCc1ccccc1)c1ccc(-n2cnnn2)cc1,0
CC(C)(C)n1nnnc1C(c1cccs1)N1CCCC2(CCCCC2)C1,0
O=c1c2ccccc2nc2c3ccccc3c(N3CCOCC3)nn12,0
Cc1cc(/C=N/n2cnnc2)c(C)n1-c1cccc(C(=O)O)c1,0
Cc1ccc(S(=O)(=O)C2(C(=O)Nc3ccc(F)cc3)CC2)cc1,0
Cn1c(=O)c2c(nc(N3CCCCC3)n2C)n(C)c1=O,0
Cc1nnc(SC(C)C(=O)NCC2CCCO2)n1-c1ccccc1,0
O=C(NCCc1ccccc1F)C1CCCN1S(=O)(=O)c1ccccc1,0
Cc1ccc(NC(=O)COC(=O)Cn2c(C)csc2=O)cc1,0
Cc1ccc(-n2c(=O)cc(N3CCCCCC3)[nH]c2=O)cc1,0
CCOC(=O)C1=C(N)OC2=C(C(=O)CC(C)(C)C2)C1c1ccoc1,0
CCOC(=O)c1ccc(NC(=O)CSc2nnc(CNC(=O)c3c(F)cccc3Cl)o2)cc1,0
Cc1cc(C)c2c(n1)nn1c(N3CCN(c4cccc(Cl)c4)CC3)cc(C)nc21,0
CCOc1ccc(-c2nc(-c3ccc(OC)c(OC)c3)no2)cc1OCC,0
CC(C)n1c(N2CCN(C(=O)NCc3ccccc3)CC2)nc2ccccc21,0
Cc1cc(C)cc(NC(=O)CSc2nnc(Cn3c(=O)sc4ccccc43)n2C)c1,0
COc1cccc(N2C(=O)CC(N3CCC(C(N)=O)(N4CCCCC4)CC3)C2=O)c1,0
Cn1c(=O)c2c(nc(N3CCN(Cc4ccccc4)CC3)n2CC(=O)c2ccccc2)n(C)c1=O,0
CCOC(=O)C1CCCN(C(=O)c2cccs2)C1,0
CCc1cc2c(=O)c(-c3nc4ccccc4n3C)coc2c(CN2CCN(C)CC2)c1O,0
CCc1nnc(NC(=O)Nc2ccccc2OC)s1,0
O=C(NC1CCCC1)C1CC(=O)N(CCc2ccccc2)C1,0
Cc1onc(-c2ccccc2)c1C(=O)N1CCCS/C1=N\c1ccccc1,0
CC1CN(C(=O)CSc2nc3cc(Cl)ccc3o2)CC(C)O1,0
O=C(CCn1nc(-c2ccccc2)c2ccccc2c1=O)N1CCN(c2ccccc2)CC1,0
COc1ccccc1CNC(=O)C1CCCN(S(C)(=O)=O)C1,0
Cc1cnc(C(=O)Nc2ccccc2-n2cccc2)cn1,0
COc1ccc(NC(=O)Cn2nnc(-c3ccccc3NC(=O)c3cccs3)n2)cc1,0
Cc1[nH]nc2c1C(c1cccc(OC(=O)N3CCOCC3)c1)C(C#N)=C(N)O2,0
CC1=C(C(=O)OC2CCCCC2)C(c2cccnc2)N2NC=NC2=N1,0
CCOC(=O)C1=C(Nc2cccc(Cl)c2)SCC1=O,0
Cc1cc(-c2nn3c(-c4ccccc4)nnc3s2)c2ccccc2n1,0
CC1(C)CC(=O)c2cc(OCC(=O)NCC3CCCO3)ccc2O1,0
CC(C)C(=O)N1CCN(c2nc(-c3ccccc3)c3c(c2C#N)CC(C)(C)OC3)CC1,0
CC(C)Nc1nnc(SCC(=O)Nc2ccc(F)cc2)s1,0
O=C(CSc1ncccc1-c1nc2ccccc2[nH]1)NC1CC1,0
CC(C)OCCCNC(=O)Cn1nc(-c2ccccc2)ccc1=O,0
Cc1ccc(OCC(=O)Nc2ccc3c(c2)nc2n3CCOC2)cc1,0
O=C1NC(=O)N(Cc2ccco2)C(=O)/C1=C/NCc1cccs1,0
CN(C)S(=O)(=O)c1ccc(C(=O)N2CCN=C2SCc2cccnc2)cc1,0
CCCC1=NN(c2nc3ccccc3s2)C(=O)/C1=C/NCCN1CCOCC1,0
CCC(=O)Nc1nc(C)cc(SCC(=O)OC)n1,0
COc1cccc(C(=O)n2cnnc2N)c1OC,0
CCCOc1ccccc1C1CC(=O)NC(C)=C1C(=O)OCC(C)C,0
COc1ccc(-n2c(Cc3cccn3C)nnc2SCC(=O)Nc2ccc(C)cc2C)cc1,0
CCn1c(=O)c2cc(C(=O)N3CCOCC3)sc2c2ccccc21,0
CCCCOc1ccc(-c2nnc(-c3ccncc3)o2)cc1,0
c1ccc(-n2c(SCc3nc(-c4cccs4)no3)nnc2-c2ccco2)cc1,0
CCC(C)NC(=O)C1CCCN(C(=O)Nc2ccc(F)cc2)C1,0
CCCN1CCN(C(=O)Cn2c(=O)oc3cc(S(=O)(=O)NCc4ccccc4)ccc32)CC1,0
O=S(=O)(c1ccccc1)c1nc(-c2ccco2)oc1N1CCOCC1,0
Clc1c(CSc2nc3ccccc3o2)nc2ccccn12,0
CCOC(=O)c1ccc(CNS(=O)(=O)c2c(C)ccc3nsnc23)o1,0
COc1ccc(N2C(=O)CC(n3c(CCCCO)nc4ccccc43)C2=O)cc1,0
CCN(CC)CCN1C(=O)c2oc3ccccc3c(=O)c2C1c1ccc(C)cc1,0
O=C(Nc1ccc(F)cc1)N1CCN(c2nc3ccccc3s2)CC1,0
Cc1cc(N2CCN(c3ccccc3)CC2)n2c(n1)nc1ccccc12,0
CCC/C(NO)=C1\C=Nc2ccccc21,0
CCOC(=O)CSc1nnc(-c2ccc(OC)cc2OC)o1,0
O=c1c(-c2ccccc2)coc2c(CN3CCOCC3)c(O)ccc12,0
COc1ccc(-n2cnnc2SCc2ncc(-c3ccccc3)o2)cc1,0
CC(C)Sc1nc2c(c(=O)[nH]c(=O)n2C)n1Cc1ccc(Cl)cc1,0
CCc1cc2c(=O)c(-c3nc4ccccc4[nH]3)coc2c(CN2CCC(C)CC2)c1O,0
CCC(=O)N1CCN(CCNC=C2C(=O)CC(C)(C)CC2=O)CC1,0
CCn1c(C(=O)NCCCc2ccccc2)cc2sccc21,0
Cc1cc(C(=O)COc2nncc3ccccc23)c(C)n1C,0
Cc1ccccc1N1CC(c2nc3ccccc3[nH]2)CC1=O,0
Cc1nn(-c2ccccc2)c2sc(C(=O)N(CC(=O)NC3CCCC3)Cc3ccco3)cc12,0
NC1CCCCC1N/C=C1\C(=O)NC(=O)N(CCc2ccc(F)cc2)C1=O,0
O=C(c1ccc2c3c(cccc13)CC2)N1CCN(c2ncccn2)CC1,0
O=C(NCc1ccc2c(c1)OCO2)C1CCCN1C(=O)Nc1ccc(F)cc1,0
Clc1ccc(Cn2ncc3c(N4CCCC4)ncnc32)cc1,0
COc1ccc(C(CC(=O)N2CCC3(CC2)OCCO3)NS(=O)(=O)c2ccc(OC)cc2)cc1,0
CC(=O)Nc1ccc(NS(=O)(=O)c2cc(C)sc2C)cc1,0
CCC(C)NC(=O)CC(c1ccc(OC)cc1)n1cccc1,0
CCOC(=O)C1=C(C)NC(C)=C(C(=O)OCC)C1C(=O)OCC(=O)c1ccc2c(c1)OCCO2,0
Cc1c(NC(=O)c2cc(-n3cnnc3)ccc2Cl)cccc1-c1nc2ccccc2o1,0
CN(Cc1ccco1)C(=O)Cn1c(=O)oc2cc(S(=O)(=O)NCc3ccccc3)ccc21,0
O=C(O)c1ccc(CN(c2ccccn2)S(=O)(=O)c2ccccc2)cc1,0
CSCCC(NC(=O)OC(C)(C)C)c1nnc(SCC(=O)Nc2ccc(C)cc2C)o1,0
Cn1ncc(C#N)c1/N=C/N(Cc1ccccc1)Cc1ccccc1,0
Cc1cc(=O)n2c(C)n[nH]c2n1,0
COc1ccc2c(CC(=O)OCC(=O)Nc3ccc4c(c3)OCO4)coc2c1,0
CC1=C(N=O)C(c2ccccc2)N2NC=NC2=N1,0
Cc1ccc(NC(=O)c2cnccn2)c(OC(F)F)c1,0
COc1ccccc1-n1c(=O)[nH]c2c(C(N)=O)nc(C3CCCCC3)nc21,0
COc1ccc(N2CCN(CCCNS(=O)(=O)c3ccc4c(c3)oc(=O)n4C)CC2)cc1,0
COc1ccc(CCn2c(N3CCN(Cc4ccccc4)CC3)nc3c2c(=O)[nH]c(=O)n3C)cc1,0
COc1cc(/C=N/n2cnnc2)ccc1OC(=O)c1ccncc1,0
CC(=O)Nc1ccc(S(=O)(=O)Nc2c(C)n(C)n(-c3ccccc3)c2=O)cc1,0
O=C(OCc1nc(=O)c2ccccc2[nH]1)c1cccs1,0
Cc1ccc(C(=O)NCC(C)(C)O)cc1,0
c1ccc2c(c1)nc1n2CCS1,0
COc1ccccc1NC(=O)CCN1CCN(CCC(=O)Nc2ccccc2OC)CC1,0
Cc1nn(-c2ccc(C(=O)O)cc2)c(=O)c2ccccc12,0
CCCOc1ccc(N2CC(C(=O)Nc3ncccc3C)CC2=O)cc1,0
COc1ccc(N(C(=O)CNC(=O)c2ccco2)C(C(=O)NC2CCCCC2)c2ccco2)cc1,0
COc1ccc(C(=O)N2CC(=O)N(CCc3ccccc3)C(=O)C2)cc1OC,0
O=C(Nc1ccc2c(c1)CCC2)C1CCCO1,0
COc1ccc2nc(SCC(=O)NC(C)(C)C)[nH]c2c1,0
Cc1cc2c(=O)n(Cc3ccco3)c(SCC(=O)N3CCCc4ccccc43)nc2s1,0
CCN1C(=O)c2ccccc2S(=O)c2ccc(C(=O)N3CCCCCC3)cc21,0
CC1Cc2nc(SCC(=O)Nc3nccs3)n(Cc3ccccc3)c(=O)c2S1,0
CCC1(COC(=O)Nc2cccc(Cl)c2)COC1,0
CC1(C)CC(=O)c2c(-c3cccnc3)n[nH]c2C1,0
COc1ccc(NC(=O)Nc2ccc3c(c2)N(C)C(=O)CS3)cc1OC,0
CCn1c2ccccc2c2cc(NC(=O)N3CCOCC3)ccc21,0
O=c1cc(N2CCc3ccccc3C2)[nH]c(=O)n1Cc1ccc(F)cc1,0
Cn1c(=O)c2c(nc(N3CCOCC3)n2CC(=O)c2ccccc2)n(C)c1=O,0
COCCn1c(SCC(=O)Nc2ccccc2)nc2c1c(=O)[nH]c(=O)n2C,0
O=c1c(F)cn(C2CCCO2)c(=O)n1Cc1ccccc1Cl,0
CC(=O)CCc1c(C)[nH]c2ccc(NC(C)=O)cc2c1=O,0
Cc1ccc(S(=O)(=O)NC2=NCN(CCc3ccccc3)CN2)cc1,0
O=C(c1ccccc1)c1ccc(OC(=O)N2CCOCC2)cc1,0
COc1ccc(OC)c(NC(=O)CSc2nc3ccccc3c(=O)n2CCNC(C)=O)c1,0
O=C(C1CCN(S(=O)(=O)N2CCOCC2)CC1)N1CCN(Cc2ccc3c(c2)OCO3)CC1,0
COc1ccc2c(c1)n([O-])c1c([n+]2=O)CCC1,0
O=C(CCn1c(=O)c2sccc2n(CC(=O)NCc2ccco2)c1=O)NCc1ccccc1,0
COc1ccc(-c2nc(N)n(C(C)=O)n2)cc1,0
COCCCNC(=O)CCc1nc(-c2ccccc2Cl)no1,0
CC(=C1C(=O)c2ccccc2C1=O)N1CCN(c2ccccn2)CC1,0
COc1ccc(NC(=O)c2cc(C(C)C)on2)cc1OC,0
COC(=O)c1cc2ccsc2n1CC(=O)Nc1ccc(N(C)C)cc1,0
CCOC(=O)c1c(N)nn(C(=O)C(C)(C)C)c1-c1ccccc1,0
CC1(C)CNC(=O)c2sc(NC(=O)CN3CCOCC3)nc2C1,0
Cc1ccc2c(c1)N(CC(=O)NCCc1c[nH]c3ccccc13)C(=O)CO2,0
COc1ccccc1-c1nnc(NC(=O)c2ccc(S(=O)(=O)N(C)C)cc2)o1,0
Cc1ccc(S(=O)(=O)N2CCN(C(=O)c3c(C)nn(-c4ccccc4)c3Cl)CC2)cc1,0
Cc1cc(C)c2c3c(c(-c4ccccc4)n2n1)c(=O)n(C)c(=O)n3C,0
CCOc1ncccc1C(=O)OCC(=O)c1cc(C)n(Cc2ccco2)c1C,0
Cc1ccc(NC(=O)CSc2n[nH]c(-c3ccncc3)n2)cc1C,0
Cc1ccc(NC(=O)N2CCC(C(=O)NCc3ccc(F)cc3)CC2)cc1,0
O=C(O)C1CCCN1c1ncccn1,0
O=C1c2oc3ccc(F)cc3c(=O)c2C(c2ccncc2)N1CCN1CCOCC1,0
COC(=O)CSC1=C(C#N)C(c2sccc2C)CC(=O)N1,0
COc1ccccc1N1CCN(S(=O)(=O)CC23CCC(CC2=O)C3(C)C)CC1,0
COc1ccc(/C=N/n2cncn2)cc1COc1ccc(NC(C)=O)cc1,0
CCCn1nnc(NC(=O)COc2ccc(Cl)cc2)n1,0
O=C(CCn1c(=S)[nH]c2cc3c(cc2c1=O)OCO3)N1CCN(C2CCCCC2)CC1,0
CCOc1ccc(CCNS(=O)(=O)c2cnc[nH]2)cc1OCC,0
Cc1cnc(C(=O)OCC(=O)NC2CCCCC2)cn1,0
Cc1nc2sc(C(c3cccs3)N3CCN(c4cccc(Cl)c4)CC3)c(O)n2n1,0
COc1ccc(-c2noc(-c3cc(C)cc(C)c3)n2)cc1OC,0
COc1ccc2nc(NC(=O)c3ccoc3C)sc2c1,0
CCc1noc(C)c1C(=O)N1CCN(c2ccc(Cl)c(Cl)c2)CC1,0
COc1ccccc1OCc1nc(C#N)c(NCc2ccco2)o1,0
CCCc1cc(=O)nc(SCC(=O)Nc2cc3c(cc2C(C)=O)OCO3)[nH]1,0
COC(=O)C(Cc1ccc(O)cc1)NC(=O)c1ccccc1OC,0
Cc1c(=O)n(OCc2ccccc2)c2ccccc2[n+]1[O-],0
Cc1nc(S(=O)(=O)NC2CCCCC2)c(C#N)c(C)c1Cl,0
O=S(=O)(N1CCOCC1)n1nnc2ccccc21,0
Cc1ccc(OCc2nnc(SCC(=O)Nc3ccc4c(c3)OCCO4)n2Cc2ccco2)cc1,0
CCOC(=O)CSc1nnc(CSc2nc(=O)c3ccccc3[nH]2)n1-c1ccccc1,0
O=C(NC1CCCCCC1)c1ccc(N2CCCC2=O)cc1,0
Cc1ccc(S(=O)(=O)CCC(=O)OCC(=O)N2CC(=O)Nc3ccccc32)cc1,0
CCOc1ccc(S(=O)(=O)N2CCN(Cc3ccccc3)CC2)c2cccnc12,0
CCOc1ccc(N2C(=O)NC(=O)/C(=C/Nc3ccc(N(CC)CC)cc3)C2=O)cc1,0
CC(=O)c1c(NCCc2ccccc2)cc(C)oc1=O,0
CCOC(=O)N1CCN(C(=O)c2cc(-c3ccc(F)cc3)[nH]c2C)CC1,0
Cc1ccc(C)c(Cn2[nH]nc3c(=O)nc(C(=O)NCC4CCCO4)nc2-3)c1,0
Cc1nn(C(=O)c2cccnc2)c(C)c1C,0
O=C1OC(N2CCN(Cc3ccccc3)CC2)c2ccccc21,0
Cc1ccc2nc(NC(=O)C3CCN(S(=O)(=O)c4cccs4)CC3)sc2c1,0
Cc1nc(SCC(=O)c2ccccc2)n[nH]1,0
CCN(CCNC(=O)C1CCN(Cc2nc(-c3ccc(Cl)cc3)oc2C)CC1)c1ccccc1,0
O=C(COC(=O)C1c2ccccc2Oc2ccccc21)NC1CCS(=O)(=O)C1,0
COc1cc(NC(=O)CSc2nc(C)cs2)cc(OC)c1,0
O=S(=O)(N1CCCCC1)N1CCN(S(=O)(=O)N2CCCCC2)CC1,0
CC(=O)c1ccc(Oc2cc(C)nc(-n3nc(C)cc3C)n2)cc1,0
O=C(CCn1ccc2ccccc21)Nc1ccc(N2CCOCC2)cc1,0
CS(=O)(=O)Nc1ccccc1C(=O)O,0
COc1cccc(-c2csc(NC(C)=O)n2)c1,0
O=C(Cn1cc(C(=O)c2cccs2)c2ccccc21)NCC1CCCO1,0
COc1ccccc1OCc1csc(NC(=O)c2ccco2)n1,0
COc1cccc(NC(=O)c2oc3ccccc3c2NC(=O)C2CC2)c1,0
CCNC(=O)CC1S/C(=N\c2ccccc2C)N(C)C1=O,0
Cn1c(SC/C=C/c2ccccc2)nnc1-c1ccco1,0
CCOC(=O)Nc1sc2c(c1C(=O)OCC)CCC2,0
O=C(Cc1ccccc1)Nc1c2c(nn1-c1cccc(Cl)c1)CS(=O)(=O)C2,0
CCOC(=O)N1CCN(C(=O)c2ccc3c(=O)n(CCC4=CCCCC4)c(=O)[nH]c3c2)CC1,0
COc1ccc(-c2nc(CCNC(=O)c3ccco3)cs2)cc1OC,0
Cc1ccccc1Cc1c(C)nc2c(C(=O)N3CCN(Cc4ccc5c(c4)OCO5)CC3)cnn2c1C,0
COc1cc(Nc2cc(C)nc3ncnn23)cc(OC)c1,0
O=C(NCc1cccs1)C1CCN(S(=O)(=O)c2cccc3cccnc23)CC1,0
COc1cccc(-c2nc(CS(=O)(=O)CC(=O)N3CCN(C)CC3)c(C)o2)c1,0
Cc1cc2c(N=O)c(NO)ccc2[nH]1,0
Nn1c(SCc2cccc3ccccc23)nnc1-c1ccco1,0
Cc1[nH]c2ccccc2c1C(=O)CSc1nc2cc(S(=O)(=O)N3CCCCC3)ccc2o1,0
CN1CC=C(c2c[nH]c3ccccc23)CC1,0
O=C(Nc1cccnc1)Nc1ccc(F)c(Cl)c1,0
Cc1noc(C)c1S(=O)(=O)Nc1ccc(C(=O)NC2CCCCC2)cc1,0
N#CCCn1nnc2ccccc21,0
CC(C)CNC(=O)CN(C1CCCCC1)S(=O)(=O)c1ccccc1,0
Cc1ccc(C(C)n2cc(C(=O)NCCN3CCN(C)CC3)nn2)cc1,0
O=C(NCc1ccco1)C1(S(=O)(=O)c2ccc(Cl)cc2)CC1,0
CCOC(=O)c1ccc(N2C(=O)c3n[nH]c(C)c3C2c2cccnc2)cc1,0
COc1ccc(C(=O)/C=C/Nc2cccc(C)n2)cc1OC,0
Cc1ccc(-n2nc3c([n+]2[O-])CCc2c-3no[n+]2[O-])cc1,0
CCN(CC)S(=O)(=O)c1cccc(-c2nnc(SCC(=O)c3cc(C)n(C)c3C)o2)c1,0
COc1ccc(NC(=O)CN2CCC(n3c(C)nc4cc(F)ccc43)CC2)c(OC)c1,0
CC(=O)c1cccc(NC(=O)NC(C)C2CCCO2)c1,0
CCOC(=O)CCCNC(=O)CN1C(=O)NC(CCc2ccccc2)C1=O,0
COc1ccccc1Cn1c(-c2ccco2)nc2nc3ccccc3nc21,0
Cc1ccccc1NS(=O)(=O)c1cc(C(=O)NCc2ccco2)ccc1C,0
CCOc1ccc(N(CC(=O)NCCSc2ccccn2)S(C)(=O)=O)cc1,0
Cc1noc(C)c1S(=O)(=O)N1CCCC(C(=O)NCC2CCCO2)C1,0
CCOC(=O)C1CCc2nc3ccccc3c(=O)n21,0
CS(=O)(=O)N1CCc2cc(C(=O)N3CCOCC3)ccc21,0
CCSc1nnc(NC(=O)c2cc(C)oc2C)s1,0
CCCc1cc(=O)n2[nH]c(-c3ccccc3)cc2n1,0
Cc1cccc(C)c1OCC(=O)Nc1cccc(-c2nnc(-c3ccccc3)o2)c1,0
O=C(Nc1nnc(Cc2ccccc2)s1)c1cccs1,0
COCCCn1c(C2CCCCC2)nc2oc3cc(OC)ccc3c(=O)c2c1=O,0
N#Cc1c2c(c(N3CCN(CCO)CC3)n3c1nc1ccccc13)CCCC2,0
O=C(NCC(=O)N(Cc1ccco1)C(C(=O)NC1CCCC1)c1cccnc1)c1cccs1,0
COc1cccc(-n2c(SCC(N)=O)nnc2-c2ccncc2)c1,0
Cc1ccc(Cn2ccc(NC(=O)c3noc4c3CCCC4)n2)cc1,0
O=C(NC1CCCC1)C(c1ccco1)N(Cc1ccccc1)C(=O)c1csnn1,0
CCOc1ccccc1CNc1ccc(N2CCOCC2)c(C(=O)O)c1,0
O=C(Nc1cccc2c1C(=O)NC2=O)c1ccc(S(=O)(=O)N2CCCC2)cc1,0
Cn1c(=O)c2c(nc(CN3CCCCC3)n2CCCc2ccccc2)n(C)c1=O,0
COc1ccc2c(c1OC)C(=O)OC2C1c2c(cc3c(c2OC)OCO3)CCN1C,0
C=CCc1cccc2cc(C(=O)NCc3cccnc3)c(=O)oc12,0
COc1ccc(S(=O)(=O)N(C)CC(=O)O)c2ccccc12,0
COc1ccccc1-c1cc(C(=O)Nc2c(C)n(C)n(-c3ccccc3)c2=O)no1,0
Cc1occc1-c1nnc(SCC(=O)NCc2ccc3c(c2)OCO3)n1CC(C)C,0
Cc1cc(Oc2ccc(-c3ccccc3)cc2)n2ncnc2n1,0
CSCCC(NC(=O)OC(C)(C)C)c1nnc(SCc2ccccc2)o1,0
Cc1ccc(-c2nc(CSCC(=O)NCc3cccnc3)c(C)o2)cc1,0
CSc1nnc2c3ccccc3n(CCc3ccccc3)c2n1,0
Cc1sc2nc(C3CC3)nc(NCCNS(C)(=O)=O)c2c1C,0
COc1ccc(NC(=O)CSc2nnc(-c3ccccc3)n2Cc2ccco2)c(OC)c1,0
Cc1n[nH]c(=O)nc1N1CCc2ccccc2C1,0
Cc1cccc(-n2ncc3c(N4CCC(C)CC4)ncnc32)c1,0
CSCCC(NC(=O)OC(C)(C)C)c1nnc(SCC(=O)Nc2c(C)cccc2C)o1,0
CC(C)(C)NC(=O)c1cccc(NC(=O)c2ccc(NC(=O)c3ccco3)cc2)c1,0
CCOC(=O)N1CCN(Cc2nc(N)nc(Nc3ccc(Oc4ccccc4)cc3)n2)CC1,0
CCc1ccc2[nH]c(=O)c(C(c3nnnn3Cc3ccc(OC)cc3)N3CCOCC3)cc2c1,0
CCOCCCNS(=O)(=O)c1ccc2c(c1)OCCO2,0
O=C(CCCCn1c(=O)[nH]c2ccccc2c1=O)N1CCN(c2ncccn2)CC1,0
c1coc(-c2ncc[nH]2)c1,0
CC(Oc1ccc(Cl)cc1)C(=O)Nc1nccs1,0
CC(=O)Nc1cccc(-c2nnc(-c3ccccc3)o2)c1,0
CCOC(=O)c1c(C)[nH]c(C(=O)OC)c1CCC(=O)OC,0
CCC(=O)OCc1cc2cccc(C)c2[nH]c1=O,0
O=C(Cn1cnc2c(nnn2-c2ccc(F)cc2)c1=O)NCc1ccco1,0
CC1CCCC(NC(=O)c2ccc3c(c2)N(Cc2ccccc2)C(=O)CS3=O)C1C,0
COC(=O)CNC(=O)C(Cc1c[nH]c2ccccc12)NC(=O)OC(C)(C)C,0
O=C(CSc1ccccc1C(=O)O)Nc1cccc(C(=O)O)c1,0
O=C(CSc1ccccc1)N1CCC2(CC1)OCCO2,0
COc1ccccc1CNS(=O)(=O)c1ccc2c(c1)oc(=O)n2C,0
O=C1c2ccccc2C(=O)N1c1ccc2nc(-c3ccco3)[nH]c2c1,0
CS(=O)(=O)N(CC(=O)NC1CC1)c1cccc(F)c1,0
COC(=O)c1ccc(NC(=O)c2sc3nc(-c4ccccc4)cn3c2C)cc1,0
Cc1cc(C)c2c(/N=C/N(C)C)c(C(=O)N3CCN(c4ncccn4)CC3)sc2n1,0
COC(=O)C1=C(C)N=C2N=NNN2C1c1cc(OC)ccc1OC,0
CC(C)CCNc1nc2c(c(=O)n(Cc3cccc(F)c3)c(=O)n2C)n1C,0
CCOC(=O)c1[nH]c(C)c(C(=O)Nc2ccc(C)cc2C)c1C,0
CCOc1cc(C2NC(=O)NC(C)=C2C(=O)OCc2ccccc2)ccc1O,0
O=C(c1n[nH]c(=O)c2ccccc12)N1CCN(C2c3ccccc3-c3ccccc32)CC1,0
O=C(Cn1nc(-c2ccccc2)ccc1=O)NCC1COCCO1,0
COc1cccc(Cn2nnc(C(=O)Nc3cc(C)ccc3OC)c2N)c1,0
O=S(=O)(NCC1CCCO1)c1ccc2c(c1)OCCO2,0
CCCN(CCC)CCNC(=O)c1cc2c(C)nc3ccccc3c2o1,0
CC1=CC(C)(C)N2C(=O)C3(SCC(=O)N3c3ccc(O)cc3)c3cc(C)cc1c32,0
Cc1ccc(-n2nc(C)c3c(-c4cccs4)c(C#N)c(N)nc32)cc1,0
CCOc1cc(C)c(Cl)cc1S(=O)(=O)N(C)C,0
CCCS(=O)(=O)c1c(S(=O)(=O)CCC)c2c3ccccc3ccn2c1C(N)=O,0
Cc1nnc(NC(=O)CSc2nnc(Cc3cccn3C)n2-c2ccccc2)s1,0
O=C1CSC(NC2CCCCC2)=N1,0
COc1ccc(-c2nc(CS(=O)(=O)CC(=O)Nc3ccc(Cl)cc3)c(C)o2)cc1,0
COC(=O)c1c(N)n(-c2ccc(NC(C)=O)cc2)c2nc3ccccc3nc12,0
O=C(Nc1ccc2c(c1)nc1n2CCOC1)c1ccco1,0
COc1cccc(NC2SC(=O)N(c3ccccc3)C2=O)c1,0
Cc1cn(C(=O)CN2C(=O)c3ccccc3C2=O)c(C)n1,0
CCOc1ccc(S(=O)(=O)Nc2cc(OC)ccc2OC)cc1,0
Cc1nc2sc(C(c3ccc(Cl)cc3)N3CCOCC3)c(O)n2n1,0
CCOC(=O)c1c(C)n(CC(O)c2ccccc2)c2ccc(O)cc12,0
Cc1cc(C)c2nc3s/c(=C\c4ccc5c(c4)n(C)c(=O)n5C)c(=O)n3c2c1,0
COc1ccc(C2=NOC3C(=O)N(c4ccc5c(c4)OCCO5)C(=O)C23)cc1OC,0
COc1cc(C(=O)CSc2nncn2C)cc(OC)c1OC,0
O=C(c1c[nH]c2ccc(S(=O)(=O)N3CCC4(CC3)OCCO4)cc2c1=O)N1CCOCC1,0
CCOC(=O)c1ccc(NC(=O)c2ccc(NS(C)(=O)=O)cc2)cc1,0
CC(C)Cn1c(O)cc(=O)nc1SCc1nnc(-c2cccs2)o1,0
Cc1ccc(S(=O)(=O)c2nc(-c3ccccc3)oc2NCCN2CCOCC2)cc1,0
COC(=O)c1ccccc1NC(=O)CSc1nnc(-c2ccoc2C)n1C,0
Cc1ccc(NC(=O)Cn2nnc(C(=O)NCc3cccs3)c2N)cc1,0
c1ccc(SCc2nc3ccccc3[nH]2)nc1,0
COc1ccc(S(=O)(=O)N(C)CC(=O)Nc2ccccc2OC)cc1C,0
COC(=O)c1c(NC(=O)c2nc3ccccc3s2)sc2c1CCN(C(C)=O)C2,0
C=CCOc1c(OC)cc(Cl)cc1C1NC(=O)NC(C)=C1C(C)=O,0
CCOC(=O)C1CCCN(C(=O)CN2CCN(Cc3ccc(Cl)cc3)C2=O)C1,0
c1ccc(-c2ccc(OCCOCCn3cncn3)cc2)cc1,0
COc1cccc(-c2nc(Cc3ccc(OC)c(OC)c3)no2)c1,0
CCc1nnc(NC(=O)CCC(=O)N2CCN(Cc3cc(Cl)ccc3OC)CC2)s1,0
CCC(C)Sc1nc2c(c(=O)n1C)SC(C)C2,0
CCN1CCN(CCCNC(=O)c2ccc3c(c2)NC(=O)c2ccccc2S3)CC1,0
C/C(Nc1ccc2c(c1)CCC2)=C1/C(=O)NC(=O)N(C2CCCCC2)C1=O,0
CCn1c(SCC(=O)NCCc2ccc(Cl)cc2)nnc1-c1cccs1,0
CN(CCCNC(=O)c1cccc(N2CCCC2=O)c1)c1ccccc1,0
CC1(C)CC(=O)C=C(Nc2ccccc2F)C1,0
O=S(=O)(c1ccccc1)N1CCN(c2ncnc3sc(-c4ccccc4)cc23)CC1,0
CN(C)c1ccc(S(=O)(=O)c2ccc(Cl)cc2)cc1,0
Cc1cc(C)c(C#N)c(SCc2[nH]nc3c2C(c2ccccc2)C(C#N)=C(N)O3)n1,0
COc1cc(NC(=O)CCN2CCN(c3ccccc3F)CC2)cc(OC)c1,0
CC1CCN(C(=O)Cn2c(=O)oc3ccccc32)CC1,0
O=C(CCCc1nc(-c2ccc(Cl)cc2)no1)N1CCOCC1,0
CC1CCN(C(=O)CNC(=O)Cn2ccc3ccccc3c2=O)CC1,0
COc1ccc(CCN(Cc2nc(=O)c3ccccc3[nH]2)C(=O)c2ccco2)cc1OC,0
Cc1ccc(S(=O)(=O)N2CCCC(C(=O)NCc3ccccn3)C2)cc1,0
COc1ccc(OC)c(NC(=O)c2cc3ccccc3o2)c1,0
CCc1ccccc1NC(=O)CSc1nc2nnc(C)c-2c(N)n1-c1ccc(OC)cc1,0
CCc1ccc(C2CC(=O)NC(SCC(=O)OC(C)C)=C2C#N)cc1,0
Cn1c(=O)c2cc(S(=O)(=O)NCCC(=O)NCCC3=CCCCC3)ccc2n(C)c1=O,0
S=c1oc(-c2ccncc2)nn1CCc1ccncc1,0
COc1ccc(N2CCN(C(=O)CSc3ncccc3-c3nc4ccccc4[nH]3)CC2)cc1,0
O=C(COC(=O)Cc1ccsc1)NC1CCCCCC1,0
Cn1c(C(=O)NCc2ccccn2)cc2c(=O)n3ccccc3nc21,0
CCCCc1cc(=O)oc2c(CN3CCCC3)c(O)c(Cl)cc12,0
COc1ccc(Cl)cc1S(=O)(=O)N1CCN(C(=O)c2ccco2)CC1,0
COC(=O)C1=C(NC(=O)c2cccs2)CCS1,0
CCCSc1nc(N2CCOCC2)c2c(c1C#N)CCCC2,0
CCCSc1nnc(Cc2cc(=O)[nH]c(=O)[nH]2)n1-c1cc(C)ccc1C,0
CSc1nnc(C(NC(=O)OC(C)(C)C)C(C)C)o1,0
COc1ccc(C(=O)N2CCN(S(=O)(=O)N3CCOCC3)CC2)cc1OC,0
CCNc1nc(Oc2ccc(=O)n(-c3ccccc3)n2)nc(N2CCOCC2)n1,0
CCOc1ccc(-c2nc(-c3ccccc3)no2)cc1OCC,0
CC1CCCN(C(=O)c2ccc3c(c2)C(=O)N(CCC2=CCCCC2)C3=O)C1,0
CCOC(=O)Cc1c(C)nc2c(-c3ccc(Cl)cc3)c[nH]n2c1=O,0
CCOc1ccc(NC(=O)N2CCN(c3nc4ccccc4s3)CC2)cc1,0
O=C(C1CCC(CNc2nc(=S)[nH]c3ccccc23)CC1)N1CCN(c2ccccn2)CC1,0
COc1ccccc1N1CCN(c2cc(N3CCCC3)nc(C)n2)CC1,0
CCOC(=O)C(Cc1cc(C(C)=O)ccc1OC(C)C)C(=O)OCC,0
Cc1cc(NCc2ccco2)[nH]c2cc(=O)ccc1-2,0
CCCCCn1c(SCCOCC)nc2c1c(=O)[nH]c(=O)n2C,0
Cc1cc(Cl)ccc1OCC(=O)N1CCN(C)CC1,0
CC(=O)n1c2ccccc2c2c(C#N)c(N3CCCCC3)sc21,0
CCOc1ccc(-c2csc(NC(=O)C3CCCO3)n2)cc1,0
Cc1cccc(Nc2nc(N)nc(CN3CCN(c4ccccc4F)CC3)n2)c1,0
CCn1cnc2sc(C(=O)N3CCN(c4ccc(OC)cc4)CC3)c(C)c2c1=O,0
CCN1CCN(c2nc3ccccc3nc2C(C#N)C(=O)OCc2ccccc2)CC1,0
O=C(CSc1nnnn1Cc1ccccc1)Nc1ccc2c(c1)OCCO2,0
CCOC(=O)C1CCN(CCC(=O)Nc2cccc(Cl)c2C)CC1,0
COc1ccc(C2=NOC(Cn3c(Cc4ccc(Cl)cc4)nc4c3c(=O)n(C)c(=O)n4C)C2)cc1,0
COc1ccc2nc(C)c3c(c2c1)OC(C)C3,0
COc1ccc2[nH]c(=O)c(CN(CC3CCCO3)C(=O)Nc3ccccc3OC)cc2c1,0
COC(=O)c1c(-c2cccnc2)csc1NC(=O)c1cc(C)on1,0
COc1ccc(OC)c(Nc2nc(N)nc(-c3cc4ccccc4o3)n2)c1,0
Cc1cccc(-c2nc(C#N)c(NC3CCCCC3)o2)c1,0
CSc1nc(SC)c2c3c(oc2n1)COC(C)(C)C3,0
CCOC(=O)c1cc(-c2ccccc2)sc1NC(=O)CSc1nnnn1C,0
O=C(CSc1ncnc2nc[nH]c12)NCCc1ccccc1,0
Cc1cc(C(=O)OCC(=O)N2CCC(C)CC2)c(C)o1,0
CC(=O)c1cnc(Nc2nc(C)c3ccc(C)cc3n2)nc1C,0
COc1ccccc1Cn1c(=O)[nH]c2cccnc21,0
O=C(Nc1ccc(F)cc1)N1CCOCC1,0
Cc1cc(NC(=O)CSc2nnc3c(C)cc4cc5c(cc4n23)OCO5)no1,0
CCOc1cccc(C(=O)Nc2cc(-c3nn4c(C)nnc4s3)ccc2C)c1,0
CCCc1cc(=O)nc(SCc2ccc(C#N)cc2)[nH]1,0
CCOC(=O)N1CCC(N2C(=O)c3ccc(C(=O)NCc4ccco4)cc3C2=O)CC1,0
C=CCN(CC=C)C(=O)CN1C(=O)c2ccccc2C1=O,0
CC1CCC(NC(=O)CN2C(=O)C3CCCN3c3ncc(Cl)cc32)CC1,0
CC1=CC(C)(C)Nc2ccc(OC(=O)CN3C(=O)CCC3=O)cc21,0
CCOC(=O)N1CCC(NC(=O)c2cnn3cccnc23)CC1,0
COc1cccc(/C(O)=C2/C(=O)C(=O)N(c3cc(C)on3)C2c2cccs2)c1,0
COCCn1c(SCC(=O)Nc2cccc(C)c2)nnc1C(C)C,0
CC(C(=O)O)N1C(=O)CSC1=S,0
COc1ccc(Cn2nnnc2C(c2cc(OC)ccc2OC)N2CCC(C(N)=O)CC2)cc1,0
O=C(NCCCn1ccnc1)c1ccc2c(c1)OCCO2,0
Cn1c(=O)c2c(nc(CN3CCc4ccccc4C3)n2Cc2ccc(F)cc2)n(C)c1=O,0
CCn1c(COc2cccc(C)c2)nnc1SCC(=O)Nc1cccc(C(=O)OC)c1,0
COc1cccc(CN(Cc2cccnc2)S(=O)(=O)c2ccc(-n3cnnn3)c(C)c2)c1,0
COC(=O)c1ccc2c(=O)n(CCN3CCOCC3)c(SCC(=O)c3ccccc3)nc2c1,0
O=C1C2C3CCCC3=C3CCCC3C2C(=O)N1c1ccc(Cl)cc1,0
COc1ccc(-c2nc3nc(C)c(Cc4ccccc4)c(=O)n3[nH]2)cc1,0
COC(=O)c1ccc(NC(=O)CN2C(=O)CSC2=O)cc1,0
O=C1CC(c2ccc(S(=O)(=O)N3CCN(c4ccccc4)CC3)cc2)CN1,0
Cc1ccccc1CSc1nnc(C)n1N,0
Cc1cccc(C)c1NC(=O)Cn1c(=O)n(CCC(=O)NCc2ccco2)c(=O)c2sccc21,0
O=C(CSc1nnc(-c2cccs2)n1-c1ccccc1)N1CCCC1,0
CCC(C)(C)NC(=O)C(c1cccs1)N(CC1CCCO1)C(=O)Cn1nnc2ccccc21,0
CC1Cc2ccccc2N1C(=O)C1CCN(S(=O)(=O)c2cccs2)CC1,0
Cc1cc(=O)oc2cc(NC(=O)C3COc4ccccc4O3)ccc12,0
COc1ccc(C(C)=O)cc1CSCCC(=O)O,0
CCOc1ccc(NC(=O)COc2nsnc2N2CCCCC2)cc1,0
CC(C)(C)c1csc(NC(=O)c2cccs2)n1,0
COc1ccc(OC)c(-n2c(SCC(C)=O)nnc2-c2cccc(S(=O)(=O)N(C)C)c2)c1,0
CC(=O)c1cn(CC(=O)NCc2cccnc2)c2ccccc12,0
Cc1ccc(S(=O)(=O)N2CCN(C(=O)CSc3nc4ccccc4o3)C2)cc1,0
COc1cccc(NS(=O)(=O)c2ccc3[nH]cc(C(=O)NC4CC4)c(=O)c3c2)c1,0
CCCCNC(=O)CC1N=C2c3ccccc3N=C(SCC(=O)Nc3cccc(OC)c3)N2C1=O,0
CC(=O)Nc1cc(-c2nn(CC(=O)N3CCCCC3)c(=O)c3ccccc23)ccc1N1CCOCC1,0
Cc1oc(-c2ccc(Cl)cc2)nc1CN1CCCC(C(=O)NCCCN2CCCC2=O)C1,0
CCCC(=O)Nc1ccc(S(=O)(=O)Nc2cc(C)nc(C)n2)cc1,0
Cc1ccc2oc3c(c(=O)c2c1)C(c1ccc(F)cc1)N(CCCN1CCOCC1)C3=O,0
CCCCCn1c2nc3ccccc3nc2c2c(=O)n(CC3CCCO3)c(C)nc21,0
CCOC(=O)c1[nH]c(COC(=O)c2ccccc2NC(=O)c2ccco2)c(C(=O)OCC)c1C,0
O=C1C(Cl)=C(N2CCCCCC2)C(=O)N1c1ccccc1,0
CN1CCN(CC(=O)N(C)c2nc(-c3ccccc3)cs2)CC1,0
COc1cccc(NC(=O)Cn2c(=O)oc3ccccc32)c1,0
Cc1ccc(C)c(N2CCN(S(=O)(=O)c3ccc4c(c3)OCCO4)CC2)c1,0
Clc1ccccc1COc1ccccc1-c1nnco1,0
COc1cccc(NC(=O)CSc2nnc(-c3cc(C)n(-c4ccccc4)c3C)o2)c1,1
COc1ccccc1OC(C)C(=O)O,0
Cc1ccc2cc(CN(CC3CCCO3)S(=O)(=O)c3cccc4nsnc34)c(=O)[nH]c2c1,0
Cc1ccc2c(c1)CC1(CN2C)C(=O)NC(=O)N(c2ccccc2C)C1=O,0
COc1ccc(C(=O)NCc2c(CC(C)C)oc(C)c2C(=O)O)cc1,0
Cc1cc(C)n2c(SCc3ccc(C#N)cc3)nnc2n1,0
CN(c1ccccc1C(=O)Nc1ccccc1C(=O)NCc1ccco1)S(C)(=O)=O,0
Cc1ccc(SCC(=O)N(Cc2nc(-c3ccccc3)no2)C(C)C)cc1,0
Cc1sc(NC(=O)c2oc3ccccc3c2C)c(C#N)c1C,0
CCn1c2ccccc2c2cc(C3C(C#N)=C(C)NC(C)=C3C#N)ccc21,0
CCC(c1nnnn1Cc1ccc2c(c1)OCO2)N1CCN(c2ccc(F)cc2)CC1,0
CCOC(=O)C1CCN(C(=O)Cn2cc3c(n2)CCC(C)C3)CC1,0
O=C(CN1CCN(S(=O)(=O)c2ccc(Cl)cc2)CC1)Nc1ccc2c(c1)OCO2,0
COC(=O)C1CCN(S(=O)(=O)c2c(C)n(C)c(=O)n(C)c2=O)CC1,0
CCCCCc1nc2sc3c(c2c(=O)n1N)CCC3,0
CCOc1ccc(C2=Nn3c(nnc3-c3cccnc3)SC2)cc1,0
CC1CN(C(=O)c2cc3ccccc3oc2=O)CC(C)O1,0
Clc1ccc(-c2noc(COc3ccccc3)n2)cc1,0
COCCn1c(SCC(=O)c2ccc3c(c2)OCCO3)nnc1-c1ccco1,0
Cn1c(=O)c2c(nc(NC3CCCCC3)n2Cc2ccccc2)n(C)c1=O,0
CCOC(=O)c1cc(-c2ccc(C)cc2)n(CC(=O)NCc2ccco2)c1C,0
O=C(CCCn1c(SCC(=O)NCC2CCCO2)nc2ccccc2c1=O)NCC1CCCO1,0
CCOc1ccccc1-n1c(SCC(=O)Nc2nccs2)nnc1-c1ccoc1C,0
Cn1c(=O)[nH]c(=O)c2c1nc(N1CCCC1)n2CCCSc1nc2ccccc2o1,0
CCOC(=O)Nc1sc(NS(=O)(=O)c2ccccc2)nc1C,0
CCOc1ccc(Cn2nnc(C(=O)NCc3ccccc3)c2N)cc1,0
Cc1nn(Cc2ccc(F)cc2)c(C)c1NC(=O)c1cnn2cccnc12,0
OCCN1CCN(C(=S)c2ccc(Cl)cc2)CC1,0
CCN(CC(=O)Nc1c(C(=O)OC)[nH]c2ccc(C)cc12)c1ccc2c(c1)OCO2,0
O=C(c1cnsn1)N1CCN(c2ccccc2)CC1,0
Cc1[nH]nc(NC=C2C(=O)N(C)C(=O)N(C)C2=O)c1-c1ccccc1,0
COCCn1c(Cc2ccccc2)nnc1SCC(=O)Nc1cc(C)on1,0
COc1cc(NC(=O)CCn2c(=O)[nH]c3ccsc3c2=O)cc(OC)c1,0
O=C(CN(C1CCCCC1)S(=O)(=O)c1ccc(Cl)cc1)NCc1ccncc1,0
COc1ccc(C(=O)NCCc2nnc(SCc3nc(=O)c4ccccc4[nH]3)n2C)cc1,0
O=C(CCS(=O)(=O)Cc1ccccc1)NCC1CCCO1,0
CC1CCCCC1NC(=O)c1ccc(S(=O)(=O)NCc2ccco2)cc1,0
Cc1ccc(-c2noc(C3CCN(S(=O)(=O)c4ccc5c(c4)OCCO5)CC3)n2)o1,0
COc1ccc(C(=O)N2c3ccccc3CC2C)cc1OC,0
O=C1C2CC=C(Cl)CC2C(=O)N1CCc1ccccc1,0
O=C(CCc1ccc(S(=O)(=O)N2CCOCC2)cc1)Nc1cc(Cl)ccc1N1CCOCC1,0
c1ccc(N2CCN(c3nc4ccccc4n4nnnc34)CC2)cc1,0
Cc1nn(-c2ccc(F)cc2)c(C)c1NS(=O)(=O)c1ccc(Cl)cc1,0
CCOC(=O)C1CCN(Cc2c(F)cccc2Cl)CC1,0
CCOC(=O)NCc1ccc2c(c1)cc(C)n2C,0
CCOc1ccccc1N1CCN(S(=O)(=O)c2cccs2)CC1,0
COc1cc(C(=O)NCCc2ccc3c(c2)OCCO3)ccc1OCC(=O)N1CCOCC1,0
CC(C)(C)NC(=O)C(c1ccccc1)N(Cc1ccco1)C(=O)c1csnn1,0
COc1ccc(S(=O)(=O)NCc2csc(C)n2)cc1,0
CC1(C)Cc2c(c(N3CCOCC3)nc3sc(C(=O)N4CCCCC4)c(N)c23)CO1,0
NC(=O)C1CCN(C(=S)c2cccs2)CC1,0
CCC(NS(=O)(=O)c1ccc(NC(C)=O)cc1)C(=O)O,0
CCCCn1c(SCC(=O)NCc2ccco2)nnc1-c1ccoc1C,0
C=CCn1c(Cc2cccs2)nnc1SCC(=O)Nc1ccc(C(=O)OCC)cc1,0
CCc1ccc(NC(=O)C2CCN(S(C)(=O)=O)CC2)cc1,0
CSc1nnc2n(CCc3ccccc3)c(=O)c3c4c(sc3n12)CCCC4,0
CC(NC(=O)CSc1nnc(COc2ccccc2)o1)c1ccccc1,0
CCCCSc1nc(=O)c(CC(=O)OC)c(C)[nH]1,0
COc1cccc(-c2cc(C(=O)N3CCCCCC3)no2)c1,0
Clc1ccccc1-c1ccc(/C=N/n2cnnc2)o1,0
CC(C)(C)c1ccc(C(=O)/C=C2\NC(=O)CS2)cc1,0
CC(=O)Nc1c(-c2ccc(F)cc2)nc2ccccn12,0
CCOC(=O)Nc1ccc2c(c1)ncn2C1CCCCC1,0
CCCCOC(=O)c1cccc(NC(=O)CC)c1,0
Cc1cc(=O)nc(Nc2ccc(C(=O)OC(C)C)cc2)[nH]1,0
CCCc1cc(=O)nc(SCC(=O)OCc2ccccc2)[nH]1,0
CCOC(=O)N1CCN(S(=O)(=O)c2ccc(F)c(C(=O)Nc3cccc(C)c3C)c2)CC1,0
CS(=O)(=O)NCc1nnc(SCC(=O)NC2CCCCC2)n1-c1ccc(F)cc1,0
CC(=O)Oc1ccc(N2C(=O)CCC2=O)cc1,0
Cc1cc(N/C=C2\CCCCC2=O)no1,0
COc1ccc(CNc2nc3nc(-c4ccccc4)cc(=O)n3[nH]2)cc1OC,0
Cc1cc(C)nc(N2CCC(C(=O)Nc3ccc4c(c3)CCC4)CC2)n1,0
O=C(CSc1oc(-c2ccco2)nc1S(=O)(=O)c1ccc(Cl)cc1)NCC1CCCO1,0
Cc1ccc(Cn2c(CN3CCOCC3)nc3c2c(=O)[nH]c(=O)n3C)cc1,0
Cc1ccc(C)c2[nH]c(=O)c(C(c3nnnn3C3CCCC3)N3CCOCC3)cc12,0
Cc1ccc(-n2nnnc2SCCNS(=O)(=O)c2ccccc2)cc1C,0
Cc1ccccc1Nc1nc(N)nc(CN2C(=O)NC3(CCCCC3C)C2=O)n1,0
COc1ccccc1-c1ccc(=O)n(CC(=O)NCc2ccc3c(c2)OCO3)n1,0
COc1cc(N2C(=O)c3ccccc3C2=O)c(Cl)cc1C(=O)OCC(=O)NCc1ccco1,0
O=C(Cn1[nH]c(=O)c2ccccc2c1=O)OCC(=O)N1CCc2ccccc2C1,0
O=C(Nc1nc2ccccc2n1CCN1CCCCC1)c1ccco1,0
O=C(CCN1C(=O)c2ccccc2C1=O)N1CCN(c2ccccc2)CC1,0
CCc1ccccc1NC(=O)c1cc(C2CC2)on1,0
COc1ccc(C2C(C(=O)N3CCCC3)c3cc(OC)c(OC)cc3C(=O)N2C)cc1OC,0
CCCCN(C(=O)CCC(=O)O)C1CC(=O)N(c2ccc(OCCC)cc2)C1=O,0
CC1CCN(C(=O)Cn2c(=O)n(Cc3ccc4c(c3)OCO4)c(=O)c3ccccc32)CC1,0
O=S(=O)(c1ccccc1)c1nc(-c2cccs2)oc1NCCCn1ccnc1,0
Cc1ccc(-n2c3c(cc(C(=O)NCc4ccco4)c2=O)C(=O)CC(C)(C)C3)cc1,0
O=C(O)CCCC(=O)Nc1ccccc1C(=O)N1CCCC1,0
CC1CN(S(=O)(=O)c2ccc(NC(=O)CCCN3C(=O)c4ccccc4C3=O)cc2)CC(C)O1,0
O=C(CSc1nc2ccccc2c(=O)n1CCC(=O)N1CCCCC1)NCc1ccccc1,0
COC(=O)CCC(NC(=O)c1cc(-c2ccc3c(c2)OCCO3)oc1C)C(=O)OC,0
COc1cccc(OC)c1C(=O)Nc1ccc(N2CCN(S(C)(=O)=O)CC2)cc1,0
CC(=O)N1CCN2C(=O)C1CCCC(=O)c1cc(C3CCCCC3)ccc12,0
O=C(CCCN1C(=O)CCC1=O)Nc1ccc2c(c1)OCO2,0
CCOc1ccc(N2C(=O)c3ccc(C(=O)OCc4c(C)noc4C)cc3C2=O)cc1,0
Cc1ccc(-n2c(N)c(C(=O)N3CCCCC3)sc2=S)cc1,0
C=CCn1c(=O)c(C#N)cc2c(=O)n3ccccc3nc21,0
CCN(CCCn1c(=S)[nH]c2ncccc2c1=O)c1ccccc1,0
CC(=O)CC(=O)N/C(=N\C1CCCCC1)Nc1nc(C)cc(C)n1,0
CCn1cc(C(=O)NCc2ccc(OC)cc2OC)c(=O)c2ccc(C)nc21,0
O=C(CS(=O)(=O)c1cn(Cc2ccc(F)cc2)c2ccccc12)N1CCCCC1,0
Cc1ccc(C)c(N(CC(=O)NC2CCCC2)C(=O)CCCC(=O)Nc2ccccn2)c1,0
Nc1cccc2c1C(=O)N(C(=O)c1ccc(S(=O)(=O)N3CCCCCC3)cc1)C2=O,0
O=C(Nc1ccccc1C(=O)NCCCn1ccnc1)c1ccccc1,0
Cc1ccc(C(C(=O)NC2CCCCC2)N(Cc2cccnc2)C(=O)C2COc3ccccc3O2)o1,0
O=C(COc1ccccc1)n1nc(-c2ccc(Cl)cc2)nc1NCc1ccco1,0
CC(C)Cn1nc(NS(=O)(=O)c2ccccc2)c2cc3ccccc3nc21,0
COc1cccc2cc(C(=O)N3CCN(C45CC6CC(CC(C6)C4)C5)CC3)c(=O)oc12,0
O=C(NC1CCCCC1)C1CCN(c2nccs2)CC1,0
c1ccc(-c2nc(C3CCCCC3)no2)cc1,0
COc1ccc(Nc2nc(C(=O)NCCCN3CCOCC3)cs2)cc1,0
COc1cccc(-c2nnn(CC(=O)NC3CCCC3)n2)c1OC,0
COc1ccc2c(c1)CCCC21NC(=O)NC1=O,0
COC(=O)c1c(NC(=O)c2c(C)noc2C)sc2c1CCCCCC2,0
COC(=O)c1ccc(NC(=O)CN2CCN(S(=O)(=O)c3cc(Cl)ccc3OC)CC2)cc1,0
CSCCC(NC(=O)NCc1cccs1)C(=O)O,0
COc1ccc(N/C(C)=C2\C(=O)COC2=O)cc1,0
Cc1ccc(CNC(=O)C2c3ccccc3C(=O)N(C)C2c2c[nH]c3ccccc23)o1,0
CCc1ccc(/C=N/C23CN4CN(CN(C4)C2)C3)s1,0
CCOc1ccc2nc(NCCNC(=O)C(C)C)c(C)cc2c1,0
CC(C)c1nnc(NC(=O)CCC(=O)Nc2ccc(F)cc2)s1,0
COc1ccc(OC)c(/N=c2\oc3c(OC)cccc3cc2C(=O)NCc2ccco2)c1,0
COc1cc2c(cc1NC(=O)COC(=O)Cn1cnc3ccccc31)oc1ccccc12,0
O=C(c1ncc[nH]1)c1ccco1,0
Cc1ccc(S(=O)(=O)Cn2nnnc2C(C)N2CCN(C(=O)c3ccco3)CC2)cc1,0
CCOC1=CC(=O)/C(=C2\NC=NC=C2c2ccc(OC)cc2)C=C1,0
COc1ccc(-c2c(C)oc3cc(O)cc(O)c3c2=O)cc1OC,0
N#CCn1c(C2CCCCC2)nc2ccccc2c1=O,0
COc1cc(C(=O)Nc2cnc(NC(=O)C(C)C)cc2C)cc(OC)c1OC,0
COc1ccccc1N1CCN(C(=O)CSc2nnc(-c3ccoc3C)o2)CC1,0
COc1ccc(-c2nc(C#N)c(NC(C)c3ccccc3)o2)cc1OC,0
Cc1nc(N2CCN(Cc3ccccc3)CC2)c(C#N)c2c1COC(C)(C)C2,0
COc1ccc(CNC(=O)C(c2cccs2)N(C(=O)c2csnn2)C2CC2)cc1,0
CC(O)c1nc2ccccc2n1Cc1nnc(-c2ccc(Cl)cc2)o1,0
CCN1C(=O)/C(=C/N2CCc3ccccc32)SC1=S,0
O=C(NCc1ccc(N2CCCC2=O)cc1)c1cn(Cc2ccccc2)nn1,0
Cc1cc(C)c2[nH]c(=O)c(C(c3nnnn3CC3CCCO3)N3CCCC(C)C3)cc2c1,0
Cc1ccc(C(=O)CSc2nnc(CNc3nc(-c4ccccc4)cs3)n2C)cc1,0
CC1(C)NC(=O)N(CCOc2ccc3c(c2)CCC3)C1=O,0
O=C(O)c1ccccc1OCCOc1ccccc1,0
C=CCn1cc(C(=O)NCCCOCC)c(=O)c2cc(S(=O)(=O)N(CC)CC)ccc21,0
CN1C(=O)C2(N=c3ccccc3=C3Nc4ccccc4N32)c2ccccc21,0
CCC(=O)Nc1ccc(NC(=O)CN2CCCC(C)C2)c(Cl)c1,0
COc1ccc(Cc2nnc(SCC(=O)c3ccccc3)o2)cc1,0
Cc1sc2nc(SCC(=O)c3cc(C)n(CC4CCCO4)c3C)n(C(C)C)c(=O)c2c1C,0
COc1ccc(OC)c(S(=O)(=O)NCc2cccnc2)c1,0
CC(C)c1cc(C(=O)Nc2cccnc2)no1,0
CCN(CC)S(=O)(=O)c1ccc(OCC(=O)NCc2ccccc2)cc1,0
O=C(CSc1nnnn1-c1ccccc1)Nc1ccc(Cl)cc1,0
CCOc1ccc(CNC(=O)NS(=O)(=O)c2ccc(OC)cc2)cc1,0
CCOC(=O)N1CCN(c2c(NCC3CCCO3)c(=O)c2=O)CC1,0
Cn1nnc2cc(C(=O)NC(C)(C)C)ccc21,0
O=C(NC(=O)c1ccc(Cl)cc1)Nc1cc(N2CCCCC2)ncn1,0
COC(=O)c1ccc(CNC(=O)CSc2nc3sc(C)c(C)c3c(=O)n2C)o1,0
Cc1ccc(-c2nnc(SCC(=O)Nc3ccccc3N3CCOCC3)o2)cc1,0
CCCS(=O)(=O)NCc1cn2cccc(C)c2n1,0
COc1ccc(S(=O)(=O)N2CCN(Cc3ccc(Cl)cc3)CC2)cc1,0
COc1ccc(OC)c(NC(=O)Cn2c(CCC(=O)O)ccc2-c2cccs2)c1,0
Cc1noc(C)c1COC(=O)C1COc2ccccc2O1,0
CCOC(=O)c1cccc(NC(=O)C2CCN(S(=O)(=O)c3cccs3)CC2)c1,0
COc1ccc2[nH]cc(C(=O)CN3CCN(C4CCCCC4)CC3)c2c1,0
COc1ccccc1-n1c(SCC(=O)Nc2cccc(C)c2)nc2c(c1=O)SCC2,0
COc1ccc(N(C(=O)c2ccco2)C(C(=O)NC2CCCC2)c2ccc(N(C)C)cc2)cc1,0
Cc1cc2cc(CN(Cc3nnnn3C3CCCCC3)CC3CCCO3)c(=O)[nH]c2cc1C,0
O=C1CC(NCc2ccccc2F)C(=O)N1c1ccccc1,0
COc1ccccc1CNC(=O)C(C)NS(=O)(=O)c1ccccc1,0
Cc1ccc(Cl)cc1NC(=O)CSc1nnc(C)n1-c1ccccc1,0
COC1=C/C(=C2\NNC=C2C(=O)c2ccccc2)C(=O)C=C1,0
CCOC(=O)CSC1=C(C#N)C(c2ccco2)C(C(=O)OCc2ccccc2)=C(C)N1,0
Cc1ccc(-n2ncc3c(=O)n(-c4ccc(C)c(C)c4)c(C)nc32)cc1,0
O=C(COc1ccccc1)Nc1ccc(S(=O)(=O)N2CCOCC2)cc1,0
c1cc(-c2nn[nH]n2)ccc1CN1CCCCC1,0
COc1ccc(CCNC(=O)CN(C2CCCCC2)S(C)(=O)=O)cc1,0
COc1cccc(OC)c1C(=O)N1CCN(S(=O)(=O)c2ccccc2)CC1,0
COCCCNC(=O)CCn1c(=O)c2ccccc2n(CC(=O)Nc2c(C)cccc2C)c1=O,0
COC(=O)c1cc(=O)nc(SCc2cccc(C)c2)[nH]1,0
CN1CCN(C(=O)c2cccc(S(=O)(=O)N3CCCCC3)c2)CC1,0
CCOC(=O)c1ccc2nc(C)c3c(c2c1)OC(C)C3,0
CCCN(CCC(=O)Nc1ccccc1F)CC1CC1,0
Cc1cc(C(=O)OCC(=O)N2CCN(c3ccccc3)CC2)c2ccccc2n1,0
COc1ccc(S(=O)(=O)CCC(=O)N2c3ccccc3CC2C)cc1,0
Cc1sc2nc(CN(C(=O)c3cccs3)C3CCCC3)[nH]c(=O)c2c1C,0
COC(=O)C1=C(C)N=C2SC(C)C(=O)N2C1c1ccc(C(=O)OC)cc1,0
CCOC(=O)C1CCN(c2ncnc3nc[nH]c23)CC1,0
CCCCOc1ccccc1C1NC(=O)NC(C)=C1C(=O)OCc1ccco1,0
Cc1cc(C)c2nc(NC3=NCN(CCN4CCOCC4)CN3)nc(C)c2c1,0
O=C(NCc1ccccc1)NC1(C(=O)N2CCOCC2)CCCCC1,0
CCCCCc1c(C)[nH]c(Nc2nc(C)c3cc(OC)ccc3n2)nc1=O,0
COc1ccc(CNC(=O)COC(=O)c2c[nH]c(=O)[nH]c2=O)cc1OC,0
COc1cc2nc(SCC(=O)NC3CC3)n(CCC3=CCCCC3)c(=O)c2cc1OC,0
COc1ccc(Cl)cc1-c1nc(-c2ccncc2)no1,0
Cc1ccc2c(CC(=O)OCc3csc(C)n3)coc2c1,0
CCCCc1c(O)nc(SCC(=O)NCC2CCCO2)[nH]c1=O,0
COc1cc(NC(=O)c2ccc3c(=O)n(Cc4ccco4)c(=S)[nH]c3c2)cc(OC)c1OC,0
Cc1ccc(/C=c2\sc3nnc(-c4ccccc4Cl)n3c2=O)o1,0
CN(C)c1ccnc2sc3c(=O)n(-c4ccccc4)cnc3c12,0
CCOC(=O)N1CCN(C(=O)C(NS(=O)(=O)c2cccc3nsnc23)c2ccccc2)CC1,0
CC(C)CCNC(=O)C(c1cccs1)N(CC1CCCO1)C(=O)Cn1nnc2ccccc21,0
N#CC1=C(N)SC(C(=O)C23CC4CC(CC(C4)C2)C3)C1c1ccncc1,0
O=C1C(Cl)=C(N2CCOCC2)C(=O)N1CCc1ccccc1,0
CCCCCn1c(NCc2ccco2)nc2ccccc21,0
COc1ccc(C(=O)NC(C(=O)NCc2ccccn2)C(C)C)cc1,0
Cc1ccc2c(c1)N(CCCC(=O)NCc1cccnc1)C(=O)CO2,0
Cc1nnc(SCC(=O)Nc2ccccc2N2CCOCC2)s1,0
O=C(CSc1nc(-c2ccccc2)c(-c2ccccc2)o1)N1CCOCC1,0
CCOc1ccc(N2C(=O)CC(N3CCN(C4CCc5ccccc5C4)CC3)C2=O)cc1,0
CCCOC(=O)CSC1=C(C#N)C(c2ccccc2Cl)CC(=O)N1,0
O=C(CC1c2ccccc2Oc2ccccc21)N1CCN(c2ccccn2)CC1,0
N#Cc1c(N2CCOCC2)nc(N2CCCCC2)c2c1CCN(C1CCCCC1)C2,0
CCC(C)NC(=O)C1=C/C(=C2\C=CC=CC2=O)ON1,0
CN(c1ccccc1)S(=O)(=O)c1ccccc1C(=O)Nc1nccs1,0
O=C(O)c1ccc(OC2CSC2)cc1,0
c1ccc2c(CCNc3ncnc4nc[nH]c34)c[nH]c2c1,0
COc1ccc2nc(CC(C)(C)CC(=O)O)c[n+]([O-])c2c1,0
O=C(CCC(=O)N1CCN(S(=O)(=O)c2ccccc2)CC1)c1cccs1,0
CC(C)(C)c1[nH]n(-c2ccccc2)c2nc(=O)c(CNCc3ccco3)cc1-2,0
O=C(O)CCc1ccc(-c2ccccc2)n1CC1CCCO1,0
c1nnc(NC2=NCCCCC2)s1,0
COc1ccc(OC)c(NC(=O)C2C3CCC(C3=C(C)C)C2C(=O)O)c1,0
CCOC(=O)c1c(NS(=O)(=O)c2cccc(OC)c2)sc2c1CCC2,0
CC(=O)Oc1c2occc2cc2ccc(=O)oc12,0
C/C=C/c1ccccc1OCc1ccc(C(=O)O)o1,0
O=C(CSc1nnnn1C1CCCC1)Nc1ccc2c(c1)OCCO2,0
CN(C(=O)COc1nnc(-c2cccs2)c(-c2cccs2)n1)c1ccccc1,0
COc1ccc(C2CC(=O)C3=C(C2)N=C2N=CNN2C3c2ccccc2C)c(OC)c1,0
O=C(Nc1ccccc1)N(CCc1nc2ccccc2[nH]1)C1CCCC1,0
N#CC1=C(N)OC2=C(C(=O)CCC2)C1CCc1ccccc1,0
CCN(CC)S(=O)(=O)c1ccc(-c2nnc3sc4cccc(C)c4n23)cc1,0
O=C(CNC(=O)c1ccccc1C(=O)O)c1ccccc1,0
COc1cccc(C(=O)Nc2c3c(nn2-c2ccccc2C)CS(=O)C3)c1OC,0
Cc1cccc(NC(=O)CSc2nnc(C3CCCN3C(=O)OC(C)(C)C)o2)c1C,0
CCN(CC)C(=O)CSc1nnc2sc3ccccc3n12,0
CCN(C(=O)CN1CCCc2ccccc21)c1c(N)n(Cc2ccccc2)c(=O)[nH]c1=O,0
CC(C)(C)OC(=O)N1CCCC1C(=O)N1CCc2ccccc21,0
O=C(NC1CS(=O)(=O)CC1NCc1ccco1)c1ccccc1,0
O=C(COC(=O)c1ccc(S(=O)(=O)NCc2ccco2)cc1)NCCC1=CCCCC1,0
C=C(C)c1cccc(C(C)(C)NC(=O)Nc2ncccn2)c1,0
COc1ccc(F)cc1S(=O)(=O)NC1CC(C)(C)NC(C)(C)C1,0
O=C(O)CCCc1nc(-c2ccccc2)no1,0
CCCCC(=O)Nc1nnc(C)s1,0
Cc1ccc(NC(=O)CSC2=C(C#N)C(c3ccco3)C3=C(CC(C)(C)CC3=O)N2)cc1,0
CCCCNC(=O)C1CC(=O)N(C2CCCCC2)C1,0
Clc1ccc(OCc2nn3c(-c4ccco4)nnc3s2)cc1,0
CCc1ccc2oc(=O)cc(CN3CCC(C)CC3)c2c1,0
Cc1cccc(CS(=O)(=O)Cc2ccc(C(=O)NCc3cccnc3)o2)c1,0
Cc1nc2nc(SCC(=O)NCc3ccco3)nn2c(C)c1Cc1ccccc1,0
O=c1c2c3nc4ccccc4nc3n(CC3CCCO3)c2ncn1CCc1ccccc1,0
CCOC(=O)C1=C(C)NC2=C(C(=O)CC(C)(C)C2)C1c1cccc(C)n1,0
CC1=NN(c2ccc(C)cc2)C(=O)/C1=C/Nc1ccccn1,0
O=C(OCCN1C(=O)c2ccccc2C1=O)c1cccs1,0
COc1cc(CN2CCN(c3ccccc3F)CC2)cc(OC)c1O,0
CC1CCc2c(nc3ncnn3c2N2CCN(c3ccccc3)CC2)C1,0
CC(=O)c1cccc(NC(=O)C2CCCCC2)c1,0
CCOC(=O)CSc1nc2ccc(NC(C)=O)cc2s1,0
CCOc1ccc(-c2nnc(-c3cccs3)o2)cc1OCC,0
Cc1ccc(-c2csc(=S)n2CC(=O)OCC(=O)NCc2ccco2)cc1,0
O=C(CN1C(=O)CCC1=O)Nc1ccc2c3c(cccc13)CC2,0
Cc1cccc(OCCn2c(NC(=O)c3ccco3)nc3ccccc32)c1,0
NC(=O)CSc1nnc(CNc2cccc(Cl)c2)n1CCc1ccccc1,0
COc1ccc(OC)c(C2/C(=C(\O)c3ccc4c(c3)OCCO4)C(=O)C(=O)N2CCCN(C)C)c1,0
CCCn1c(SCC(=O)NCc2ccco2)nc2c1c(=O)n(C)c(=O)n2C,0
Cc1ccc(NC2c3ncccc3C(=O)N2c2ccccc2C)cc1C,0
COc1ccc(-c2nsc(SCC(=O)Nc3cc(C)on3)n2)cc1,0
O=C(NC1CCCCCCC1)c1ccc(CNc2c(N3CCOCC3)c(=O)c2=O)cc1,0
CCOC(=O)C1=C(C)NC(=O)C(C#N)C1c1ccco1,0
Cn1c(=O)[nH]c(=O)c2c1nc(N1CCCCC1)n2CC(O)CN1CCCCC1,0
Cc1cc(C)c2c(n1)nn1c(NCCCN3CCOCC3)cc(C)nc21,0
CCc1ccc2[nH]c(=O)c(CN(Cc3ccc4c(c3)OCO4)Cc3nnnn3C3CCCC3)cc2c1,0
Cc1cccc(Nc2nc(NC(C)C)nc(Oc3ccc(=O)n(C)n3)n2)c1,0
CC1=CC2=c3ccccc3=NC(c3ccsc3)N2N1,0
CC(C)c1nnc(NC(=O)c2cccs2)s1,0
c1ccc(-c2cnc(CSc3ncnc4sccc34)o2)cc1,0
CC(=O)N1CCc2cc(S(=O)(=O)NC(C(=O)Nc3ccc4c(c3)OCCO4)C(C)C)ccc21,0
O=C(Nc1ccccc1-c1ccccc1)c1ccco1,0
Cn1c(COc2ccc(Cl)cc2)nnc1SCc1ncc(-c2ccccc2)o1,0
O=C(CCc1nc(-c2ccccc2F)no1)NC1CCCCC1,0
Cn1c(=O)[nH]c(=O)c2c1nc(SCC(=O)Nc1ccccc1)n2Cc1ccccc1,0
COCc1nnc(NC(=O)c2ccc(NC(=O)C(C)C)cc2)s1,0
CCNc1ccc(C(=O)OCC)cc1NC(=O)c1cccc(S(=O)(=O)N2CCOCC2)c1,0
Cc1ccc(C(=O)CSc2nnc(COc3cccc4cccnc34)o2)cc1,0
CCN1CCN(Cc2c(C)[nH]c3ccc(OC)cc3c2=O)CC1,0
N#Cc1c(NC(=O)CSc2nnnn2C2CCCC2)sc2c1CCCC2,0
CCCCc1ccc(CC(=O)O)cc1,0
CCS(=O)(=O)c1ccc(O)c(NC(=O)Nc2ccccc2)c1,0
CC(c1ccco1)N(C(=O)Nc1ccc(Cl)cc1)c1ccccn1,0
N#Cc1ccc(NC(=O)c2cc3cc4c5c(c3oc2=N)CCCN5CCC4)cc1,0
Cc1nc2sc(C(c3cccc(F)c3)N3CCCC(C)C3)c(O)n2n1,0
CCCn1c(O)c(C(=O)Nc2ccc(C)cn2)c(=O)c2c1CCCC2,0
CCn1c(C(=O)N2CCC(C(=O)NCc3ccc4c(c3)OCO4)CC2)cc2sccc21,0
O=C(NCc1cccs1)NC(Cc1ccccc1)C(=O)O,0
CCc1c(C)[nH]c2ccc(C)cc2c1=O,0
CCOC(=O)N1CCC(NC(=O)c2ccc3c(c2)N(C)CCS3)CC1,0
Cc1cc(-n2c(C)cc(C(=O)CSc3nnc4sc5ccccc5n34)c2C)no1,0
Cc1cc(NC(=O)Cn2nc(C(F)(F)F)c3c2CCC3)n(-c2ccccc2)n1,0
O=C(NCc1ccco1)c1ccc2c(=O)n(CCC3=CCCCC3)c(=O)[nH]c2c1,0
Cc1nnc(NC(=O)CSc2ccccn2)s1,0
Cc1ccc(C(=O)CC2(O)C(=O)N(CN3CCOCC3)c3ccccc32)cc1,0
CCOC(=O)C1=C(C)Nc2nc3ccccc3n2C1c1ccncc1,0
COc1ccc(C(=O)c2cnc(C(C)C)n2C)cc1,0
CC1(C)N=C(c2cccc(F)c2)C(=O)N1,0
Nc1nc(-n2cnnc2)nn1-c1ccccc1,0
CCn1c(CNc2nc(-c3ccccc3)cs2)nnc1SCC(=O)NCc1ccco1,0
CCCOc1ccc(C2C(C(=O)OC)=CN(CCOC)C=C2C(=O)OC)cc1,0
Cc1nc2ccccc2c(=O)n1NC(=O)c1ccc(F)cc1Cl,0
CCCCc1cc2c(c(NC(=O)CC)n1)c(=O)oc1ccccc12,0
Cc1ccc(SCC(=O)NCCN2C(=O)CSC2=O)c(C)c1,0
COC(=O)c1ccc(OCC(O)Cn2nnc3ccccc32)cc1,0
Cc1ccc(-c2nnn(CC(=O)NCC3COCCO3)n2)o1,0
CSc1ccccc1NC(=O)Cn1c(-c2cscn2)nc2ccccc21,0
CN(C)c1ccc(C(=O)C(O)c2ccc(C(C)(C)C)cc2)cc1,0
CCn1c(N2CCN(CC(=O)c3c(C)n(C)c4ccccc34)CC2)nc2c1c(=O)[nH]c(=O)n2C,0
O=C(CN1C(=O)COc2ccccc21)c1cccc(Cl)c1,0
CC(=O)c1c(C)[nH]c(C(=O)N2c3ccccc3CC2C)c1C,0
O=C(NCN1CCCCC1)c1cnccn1,0
CCCCCc1c(C)[nH]c(N2CCOCC2)nc1=O,0
O=S(=O)(c1ccccc1)c1nc(-c2ccco2)oc1NCCCn1ccnc1,0
O=C(O)c1cccc(N2C(=O)CCC2=O)c1,0
COc1ccc(OC)c(-c2cc(C(=O)Nc3c(C)nn(Cc4ccccc4C)c3C)no2)c1,0
COc1cc(NC(=O)c2ccc3c(c2)OCO3)c2ncccc2c1,0
CCOC(=O)c1c(NC(=O)CSc2nc3cccnc3n2C)sc(C(C)=O)c1C,0
c1ccc(-c2ccccc2-n2cnnn2)cc1,0
CC(C)OCCCNC(=O)c1ccc(NC(=O)C2CCCO2)cc1,0
COC(=O)c1[nH]c2cccc(OC)c2c1NC(=O)CN1CCOCC1,0
O=C(NC1CCCCC1)Nn1c(-c2ccccc2)nc2ccccc2c1=O,0
CCN1C(=O)CC(N2CCN(C(c3ccccc3)c3ccccc3)CC2)C1=O,0
CCC(C(=O)Nc1cc(C)nn1-c1nc(C)cc(C)n1)c1ccccc1,0
Cc1cn2c(-c3ccc(Cl)cc3)nnc2s1,0
CCCCn1c(N2CCC(Cc3ccccc3)CC2)nc2c1c(=O)[nH]c(=O)n2C,0
COc1ccccc1CNC(=O)C1CCN(Cc2nc(-c3cccc(Cl)c3)oc2C)CC1,0
CCn1c(SCC(=O)Nc2ccccc2)nnc1-c1ccc(S(=O)(=O)N2CCOCC2)cc1,0
Cc1noc(C)c1CSc1nnc(-c2cc(Cl)ccc2Cl)n1N,0
CCOC(=O)N1CCN(C(=O)CNS(=O)(=O)c2cccs2)CC1,0
O=C(Nn1cnc2ccccc2c1=O)c1ccccc1Cl,0
CCCNc1ncnc2nc[nH]c12,0
O=C(NCCc1cccc(Cl)c1)c1cccnc1,0
COc1ccc2nc(NC(=O)C3CCCN3S(=O)(=O)c3ccc(C)cc3)sc2c1,0
CCc1nc(SCC(=O)NCc2ccco2)c2c3c(sc2n1)CCCC3,0
C/C(NCCN1CCOCC1)=C1/C(=O)NC(=O)N(c2ccccc2C)C1=O,0
CCC(=O)Nc1sc(C(=O)N2CCCCC2)c(C)c1C#N,0
O=C1OCCC1Sc1nnc(-c2ccco2)o1,0
O=C(CCc1nc2ccccc2[nH]c1=O)OCc1ccc(S(=O)(=O)N2CCOCC2)cc1,0
O=C(NCc1ccc2c(c1)OCO2)c1cccc(C(=O)NCc2ccc3c(c2)OCO3)c1,0
CCCCOC(=O)Nc1nc(C)c(C(=O)OCC)s1,0
CCCn1nc(NC(=O)c2ccncc2)c2cc3ccccc3nc21,0
Cc1ccccc1OCc1nc(-c2ccc(NC(=O)c3ccc4c(c3)OCO4)cc2)no1,0
CCOC(=O)c1ccccc1NC(=O)CSc1nc2ccccc2n1CC(=O)N1CCCC1,0
CCOC(=O)CN(C(=O)CSc1nnc2c(n1)[nH]c1ccccc12)c1ccccc1,0
O=C(NCCC1=CCCCC1)C1CCN(S(=O)(=O)c2cccs2)CC1,0
CC(C)(C)NC(=O)CSc1nnc(-c2ccncc2)n1Cc1ccccc1,0
CCOc1cc(C)c(S(=O)(=O)Nc2ccc(Cl)cn2)cc1C,0
O=C1Nc2ccc(S(=O)(=O)N3CCOCC3)c3cccc1c23,0
COc1ccc(O)c(C(=O)c2cnn(C(=O)c3cc(C)oc3C)c2)c1,0
CC1CCCCC12NC(=O)N(Cn1nnc3ccccc3c1=O)C2=O,0
CN(C(=O)c1ccccn1)C(C(=O)Nc1ccc2c(c1)OCCO2)c1ccccc1,0
Nc1nnc(SCCOc2ccccc2)s1,0
COc1cc(C(Nc2ccccn2)c2ccc3ccc(C)nc3c2O)cc(OC)c1O,0
Cc1nc2sc(C(c3cccs3)N3CCOCC3)c(O)n2n1,0
Cc1cc(C(=O)CSc2nc3ccccc3o2)c(C)n1C1CC1,0
CCOC(=O)Cc1csc(NC(=O)Nc2ccccc2)n1,0
CC1(C)CC(=O)C2=C(C1)NC(Nc1nc3ccccc3o1)=NC21CCCC1,0
Cn1nccc1C(=O)c1ccc(Cl)cc1,0
CCCc1nc2oc3cc(OC)ccc3c(=O)c2c(=O)n1Cc1ccco1,0
O=C(CCN1C(=O)c2ccccc2C1=O)N1CCN(c2ccccn2)CC1,0
CCn1c(-c2ccco2)nc2ccccc21,0
COc1ccc2oc(C(=O)CCC(=O)O)c(N)c2c1,0
CCN(CC)CCCN1C(=O)C(=O)/C(=C(/O)c2cnn(-c3ccccc3)c2C)C1c1ccncc1,0
CCOC1=CC=C/C(=C2/N=c3c([nH]c(=O)n3-c3cccc(Cl)c3)=C(C(N)=O)N2)C1=O,0
O=C(Nc1cccc2ncccc12)c1cccnc1,0
O=C(COC(=O)c1ccccn1)Nc1nccs1,0
O=C(CSc1nnnn1C1CC2CCC1C2)Nc1ccnc2ccccc12,1
COc1ccc(C2SCC(=O)Nc3c2c(=O)[nH]n3C2CCCCC2)cc1,0
CCCCn1c(SCC(=O)NCc2ccco2)nc2ccc(N3CCOCC3)cc2c1=O,0
c1coc(-c2nn3c(-c4ccco4)nnc3s2)c1,0
O=C(CCn1c(=O)sc2ccccc21)NCCC1=CCCCC1,0
COc1cccc(C2c3c(oc4ccccc4c3=O)C(=O)N2CCCN2CCOCC2)c1OC,0
CCc1ccccc1NC(=O)CN(C)Cc1nc(N)nc(Nc2ccccc2C)n1,0
O=C(Nc1nnc(COc2ccc(Cl)cc2)s1)c1cccs1,0
O=C(Nc1sc2c(c1C(=O)NCc1cccnc1)CCCC2)c1ccco1,0
CCn1c(N2CCN(CC(=O)c3ccc(OC)cc3)CC2)nc2ccccc21,0
CCOC(=O)CSc1nc2sc3c(c2c(=O)[nH]1)CC(C)(C)OC3,0
O=C(Cn1nc(-c2ccc(Cl)cc2)ccc1=O)NCCCN1CCN(Cc2ccccc2)CC1,0
Cc1ccc2nc(N3CCC(C(=O)N4CCC5(CC4)OCCO5)CC3)sc2c1,0
O=C(Nc1ccc2c(c1)OCO2)N1CCN(c2ncccn2)CC1,0
O=C(O)CC1Sc2nc3ccccc3n2C1=O,0
COc1cccc2cc(-c3nnc(SCC(=O)NCc4ccccc4)n3C)oc12,0
O=C(CN1C(=O)CSC1=O)NCc1ccccc1,0
COCCOC(=O)c1c(C)oc2ccc(NS(=O)(=O)c3ccccc3)cc12,0
Cc1occc1C(=O)n1cnc2ccccc21,0
CCOC(=O)N1CCN(C(=O)c2ccc(CN(c3ccc(C)c(C)c3)S(C)(=O)=O)cc2)CC1,0
Cc1cc(C)nc(N(C#N)CCOc2ccccc2)n1,0
COc1cc(CNC(=O)OCC(C)C)cc(OC)c1OC,0
Cc1cc(OCC(=O)N2CCOCC2)cc2oc(=O)c3ccccc3c12,0
Cc1nc(CC(=O)Nc2nc(-c3ccccc3)cs2)cs1,0
CN1CCN(C(=O)Cn2c(=O)oc3cc(S(=O)(=O)NCc4ccccc4)ccc32)CC1,0
COc1ccc(CCNS(=O)(=O)c2ccc(S(=O)(=O)N3CCCC3)cc2)cc1OC,0
CCc1ccc(C(=O)COC(=O)CNC(=O)c2ccco2)cc1,0
O=C(Nc1ccc2c(c1)OCCO2)NC12CC3CC(CC(C3)C1)C2,0
COCC(=O)N(Cc1cc2ccccc2[nH]c1=O)c1ccccc1OC,0
O=C(NCC(c1cccnc1)N1CCN(c2ccccc2F)CC1)c1cccc(Cl)c1,0
Clc1ccc(Cn2ncc3c(NCc4ccco4)ncnc32)c(Cl)c1,0
Clc1ccc(SCCCCn2ccnc2)cc1,0
CCn1ncc(Cl)c1C(=O)NC(C)c1ccccc1,0
CC1=C2C(=NC(=O)CSC2c2ccc3c(c2)OCO3)N(c2ccc(C)cc2)N1,0
CCC(=O)Nc1cc(OC)c(NC(=O)c2ccccc2)cc1OC,0
CCOC(=O)CN1CC23C=CC(O2)C(C(=O)NC2CCCCCC2)C3C1=O,0
CCOc1ccccc1NC(=O)c1cc(Cl)ccc1NC(=O)c1ccco1,0
CC(C)N(C(=O)N1CCC(c2nc(-c3ccncc3)no2)CC1)C(C)C,0
COc1ccccc1NC(=O)CCc1c(C)[nH]c(=O)c(C#N)c1C,0
O=C(NCc1cccnc1)C(C(=O)c1ccc(F)cc1)n1ccccc1=O,0
N#Cc1c(N)sc(=S)c2c1CCCCC2,0
Cc1cccn2c(=O)c3cc(C(=O)NC4CCCCC4)c(=N)n(CCN4CCOCC4)c3nc12,0
CCCCNC(=O)CC1N=C2c3ccccc3N=C(SCC(=O)Nc3ccccc3OC)N2C1=O,0
COC(=O)c1sc(=S)n(-c2ccccc2)c1N,0
CC(C)(C)SCCNC(=O)CSc1ccccc1,0
CCOc1ccc(NS(=O)(=O)c2ccc3c(c2)oc(=O)n3C)cc1,0
CCCCCCC1C(C#N)=C(N)OC2=C1C(=O)CC(C)(C)C2,0
CSc1nc(O)c(Cc2ccccc2)c(=O)[nH]1,0
CCOC(=O)c1cnc(-n2nc(C)cc2C)nc1N(CC)CC,0
CCCN(CCC)C(=O)C1CCN(c2cc(C)nc3c(-c4ccc(OC)c(OC)c4)c(C)nn23)CC1,0
Cc1ccc(N2CCN(C(=O)c3ccccc3F)CC2)c(C)c1,0
Cn1c(=O)c2cc(S(=O)(=O)NC(C(=O)NCc3cccnc3)c3ccccc3)ccc2n(C)c1=O,0
C=CCN1C(=O)NC(=O)/C(=C(/CC)Nc2ccc(N(CC)CC)cc2)C1=O,0
COc1ccc(-c2cc(=O)nc(NCc3ccccc3)[nH]2)cc1,0
CCCC(=O)N(c1ccc(OCC)cc1)C1C=CS(=O)(=O)C1,0
CCS(=O)(=O)n1nc(-c2ccc(OC)cc2)nc1SC,0
COc1ccc(CNC(=O)C(C#N)c2nc3ccccc3nc2N2CCN(C)CC2)cc1,0
Cc1ccc(N/C=C2\C=CC(=O)C=C2O)cc1F,0
Cc1ccc2cc(CN(CC3CCCO3)C(=O)NC3CCCCC3)c(=O)[nH]c2c1C,0
CCOCCCNC(=O)c1c(C)c(C(=O)OCC)n(C)c1C,0
CC(=O)Nc1nnc(SCC(=O)NC(C)(C)C)s1,0
O=C(CCCCCN1C(=O)CCC1=O)Nc1ccc2c(c1)OCO2,0
Cc1cc(Nc2cccc(C)c2C)n2ncnc2n1,0
O=C(CN(C(=O)CNS(=O)(=O)c1ccccc1)C1CCCC1)NCc1ccco1,0
COCCn1c(CN(Cc2ccccc2)Cc2ccccc2)nc2c1c(=O)n(C)c(=O)n2C,0
CCC1SC2=NC(C)=C(C(=O)OC)C(c3ccc(C)cc3)N2C1=O,0
Cc1cc(C)cc(C(=O)NCc2ccncc2)c1,0
COC(=O)c1c(-c2cccs2)csc1NC(=O)c1cccnc1,0
CCOC(=O)C1CCN(CC(=O)c2c(C)[nH]c3cc(C)ccc23)CC1,0
COc1ccc(-c2cc(C(=O)NCCN3CCOCC3)c3ccccc3n2)cc1,0
COc1ccc2[nH]c(=O)c(CN(C(=O)c3cccnc3)c3ccccc3OC)cc2c1,0
CCOC(=O)c1c(C)[nH]c(C(=O)CSc2nc3ccccc3o2)c1C,0
CNc1nc(SCc2ccccc2)nc(N2CCOCC2)n1,0
O=C(NCc1cccs1)c1ccccc1C(=O)NCc1cccs1,0
Cc1c(C(=O)Nc2cnccn2)oc2ccccc12,0
Cc1ccc(-c2cc(C(=O)N3CCN(c4ncccn4)CC3)c3ccccc3n2)cc1,0
COc1ccccc1N(CC(=O)NCCSc1ccccc1)S(C)(=O)=O,0
O=C(CCc1nc(=O)c2ccccc2[nH]1)N1CCN(C/C=C/c2ccccc2)CC1,0
COc1ccc(C2C(C(C)=O)=C(C)N=c3s/c(=C\c4cc(C)n(C)c4C)c(=O)n32)c(OC)c1,0
CCCCCCC(=O)N(O)C1CC(=O)N(c2ccccc2)C1=O,0
CCOC(=O)c1sc2nc(N3CCOCC3)c3c(c2c1N)CCCC3,0
Clc1cccc(-c2nnc(-c3ccccc3)o2)c1,0
CSCCC(NC(=O)OC(C)(C)C)c1nnc(SCC=C(C)C)o1,0
CCOC(=O)c1c(CN2CCN(c3ccccc3)CC2)oc2ccc(O)cc12,0
CCN(Cc1cc2ccccc2[nH]c1=O)C(=O)c1cccnc1,0
COc1cccc(CC(NC(C)=O)C(=O)NC2CCN(c3c4c(nc5ncnn35)CCC4)CC2)c1,0
Cc1nn(C)c(C)c1NC(=O)c1ccnn1C,0
O=C(Cn1c(C(=O)N2CCc3ccccc3C2)cc2sccc21)c1ccccc1,0
Cc1nc2c(n1O)CCC/C2=N\O,0
O=C(CSc1nc2ccccc2s1)NC(=O)NCc1ccco1,0
CC(=O)c1ccc(OCCCC(=O)OCc2nnc(-c3ccc(Cl)cc3)o2)cc1,0
CCOC(=O)N1CCN(c2c(N3CC=C(c4ccccc4)CC3)c(=O)c2=O)CC1,0
CCn1cc(C(=O)NCC2CCCO2)c(=O)c2cc(S(=O)(=O)N3CCC(C)CC3)ccc21,0
Cc1noc(C)c1COC(=O)Cc1ccc(Cl)cc1,0
Cc1ccc(OCCN2CCCCCC2)c(C)c1,0
O=c1oc2ccccc2n1CSC1=NCCS1,0
Cn1c(=O)c2c(-c3ccccc3)n(-n3cnnc3)cc2n(C)c1=O,0
Cc1cc(C)c(NC(=O)c2cc3c(nc4sccn43)s2)c(C)c1,0
COCCCNC(=O)C1CC(=O)N(c2ccc(C)cc2)C1,0
Cn1c(=O)c2c(ncn2CC(O)CNc2ccc(Cl)cc2)n(C)c1=O,0
COc1cc(C)nc(N2CCCC(C(=O)Nc3cccc(Cl)c3Cl)C2)n1,0
Cc1nc2scc(-c3cccs3)c2c(=O)n1-n1cccc1,0
Cc1ccccc1C(=O)Nc1c(C(=O)N2CCCC2)cnn1-c1ccccc1,0
Cn1c(CN2CCCC2)nc2cc(NC(=O)Nc3ccccc3)ccc21,0
Cc1ccc(C)c(NC(=O)CN(C)S(=O)(=O)c2ccccc2)c1,0
COc1ccccc1C1C(C#N)=C(N)Oc2cc(C)n(Cc3ccccn3)c(=O)c21,0
COc1ccc(CCC(=O)N2CCC3(CC2)OCCO3)cc1,0
Cc1cc(Cl)c(S(=O)(=O)N2CCSCC2)cc1OCC(N)=O,0
O=C(CN(C(=O)CCNC(=O)c1ccco1)c1ccccc1)NC1CCCC1,0
O=C(O)c1ccc(NCc2cccnc2)cc1,0
COc1ccc(-c2csc(NC(=O)c3cc(C)on3)c2C#N)cc1OC,0
Cc1nn(-c2ccccc2)c2c1C(=O)NC(=O)C(C)(C)C2,0
COc1ccc(Oc2nc(Oc3ccc(OC)cc3)nc(Oc3ccc(OC)cc3)n2)cc1,0
CCOC(=O)C1C(=O)NCC2CCCC21,0
CN(C)CCCN1C(=O)C(O)=C(C(=O)c2cc3ccccc3o2)C1c1ccccc1,0
O=C(CSc1nnc(COc2ccccc2)n1Cc1ccco1)NCc1ccco1,0
Cn1c(=O)c2c(nc(NCc3ccccc3)n2CCCc2ccccc2)n(C)c1=O,0
Clc1ccc(-n2nnnc2-c2ccccc2)cc1Cl,0
Cc1sc2nc(C(C)Nc3ccccc3N3CCOCC3)[nH]c(=O)c2c1C,0
Cc1cccc(NC(=O)CN(C)S(=O)(=O)c2ccc(Cl)cc2)n1,0
CCOC(=O)Cn1nc(-c2ccccc2)nc1-c1ccccc1,0
Cn1c(=O)c2cc(S(=O)(=O)NCCC(=O)N3CC=C(c4ccccc4)CC3)ccc2n(C)c1=O,0
CCc1nnc(NC(=O)CSc2ncc(-c3ccccc3)n2CC)s1,0
COCCN1C(=O)c2oc3cc(C)c(C)cc3c(=O)c2C1c1cccc(O)c1,0
O=C(Cn1nnc(-c2ccc(S(=O)(=O)N3CCCC3)cc2)n1)NCC1CCCO1,0
O=C(O)CCN1C(=O)c2ccc(NC(=O)c3cccs3)cc2C1=O,0
c1ccc(Cn2nnc3c(N4CCCC4)ncnc32)cc1,0
O=C(Nc1ccc(N2CCN(C(=O)c3ccco3)CC2)cc1)c1cccs1,0
COc1ccc(C(=O)N2CCN(c3ccc(C)cc3)CC2)cc1OC,0
CCN(CC)CCCNC(=O)c1cn(C)c2ccc(S(=O)(=O)N(C)C)cc2c1=O,0
c1ccc(N2CCN(c3ncnc4sc5c(c34)CCC5)CC2)cc1,0
COc1ccc(NC(=O)c2cc(C)on2)cc1OC,0
CC(=O)Nc1cccc(NC(=O)c2c(-c3ccccc3)noc2C)c1,0
Cc1ccc(C(=O)CSc2nc(C)cc(SCc3nnc(-c4ccccc4)o3)n2)cc1,0
Cc1ccc(F)cc1NC(=O)Cc1nn(C)c(=O)c2ccccc12,0
O=C(Nn1cnnc1)c1ccccc1-c1ccccc1,0
COc1cc2c(cc1OC)CN(C(=O)CSc1nc3[nH]ncc3c(=O)n1-c1ccccc1)CC2,0
O=C(COc1ccc2ccccc2c1)N1CCN(C2CCN(Cc3ccccc3)CC2)CC1,0
CCOC(=O)N1CCC(N2Cc3cccc(C(=O)NCc4ccc5c(c4)OCO5)c3C2=O)CC1,0
CCOC(=O)c1ccc(NC(=O)NCc2ccncc2)cc1,0
O=C(c1ccc(Cl)cc1)C1CCN(C(=O)N2CCOCC2)CC1,0
Cc1ccc(-n2c(=O)c3sccc3n(CC(=O)N3CCCC3)c2=O)cc1,0
CC(=O)NC(CCS(C)(=O)=O)C(=O)Nc1cccc(C)c1C,0
O=S(=O)(Cc1ccc(Cl)cc1)N1CCN(Cc2ccccc2)CC1,0
COc1ccc(S(=O)(=O)N2CCC(C(=O)NCC(c3cccs3)N(C)C)CC2)cc1,0
Cc1nnn(C23CC4CC(CC(C4)C2)C3)n1,0
O=c1c2c([nH]c3ccccc13)CCCCCC2,0
COc1ccc(Nc2ncc3c(n2)CC(c2ccc(OC)cc2)CC3=O)cc1,0
CCOC(=O)COc1ccc(C(=O)NC2CCCCC2)cc1,0
Cc1ccc(C2C(C(=O)c3cccs3)=C(O)C(=O)N2CCN2CCOCC2)o1,0
COc1cc(SC)ccc1C(=O)NC1CCCCC1,0
C/C=C/c1ccc(Oc2nnnn2-c2ccc(C(=O)O)cc2)c(OC)c1,0
CCC1CCCCN1CC(=O)c1c(C)[nH]c2ccccc12,0
CCOC(=O)C1CCN(C(c2cc3ccc(C)cc3[nH]c2=O)c2nnnn2C2CCCCC2)CC1,0
O=C(N1CCOCC1)N1CCN(C(=O)N(c2ccccc2)c2ccccc2)CC1,0
COCCn1c(C)cc(C(=O)CN2C(=O)NC3(CCCCCCC3)C2=O)c1C,0
CCOC(=O)Cc1nnc2c(Nc3ccc(C)cc3)nc3nonc3n12,0
O=C(Nc1ccc2c(c1)oc1ccc(S(=O)(=O)N3CCCC3)cc12)C1CC1,0
OCCSc1nncn1N/C=C1\C=Nc2ccccc21,0
CC(=O)N1CCN(c2ccc(NCc3ccc(F)cc3)cc2)CC1,0
O=C(CSc1nnc(CNc2ccccc2)o1)c1ccc2c(c1)OCCO2,0
CSC1=C(C#N)C(c2cccs2)CC(=O)N1C,0
COc1ccc(-c2nc(N3CCCC3)nc3nn4c(C)cc(C)nc4c23)cc1,0
CSCCC(Nc1nc2ccccc2s1)C(=O)O,0
N#Cc1c(N2CCN(C(=O)c3ccco3)CC2)nc(-c2ccccc2)c2c1CCCC2,0
CCCCC(CC)C(=O)Nc1ccc(Cl)cn1,0
CCOC(=O)c1cccc(NC(=O)CSc2nnc(-c3ccoc3C)n2CCOC)c1,0
Cc1cc(C)n(CC(=O)NCc2cc(-c3nn(C)c(=O)c4ccccc34)ccc2C)n1,0
CCCCCOC(=O)Cc1c(C)[nH]c(-c2ccccc2)nc1=O,0
COc1ccccc1-c1noc(-c2ccccc2C(=O)Nc2ccccc2)n1,0
O=C1CCCN1c1ccc(S(=O)(=O)NCc2ccco2)cc1,0
COc1ccccc1NC(=O)C1CCCCC1,0
N#Cc1cc(N)c(Nc2ccccc2)cc1C#N,0
Cn1c(=O)c2c(nc(Cl)n2Cc2ccncc2)n(C)c1=O,0
O=C(O)C1C2C=CC(C2)C1C(=O)NC1CCN(Cc2ccccc2)CC1,0
CCOC(=O)CC(=O)CSc1nnc2sc3ccccc3n12,0
CC(C)C(NC(=O)OCc1ccccc1)C(=O)OCC(=O)N1C(C)CCCC1C,0
O=S(=O)(NCc1ccccc1)c1cccc2nonc12,0
CCOC(=O)c1cc(C(=O)OCC)cc(-n2c(C)cc(C(=O)CN3CCOCC3)c2C)c1,0
CCNC(=O)C1CCN(S(=O)(=O)c2ccc(F)cc2)CC1,0
Cc1ccc(C)c(NC(=O)CSc2nnc(-c3ccncc3)n2N)c1,0
COc1ccccc1N(CC(=O)NC1CCCCC1)C(=O)c1cnn(C(C)C)c1,0
Cc1cccc(-c2c3c(=O)n(C)c(=O)n(C)c3c3cccnn23)c1,0
O=C(CSc1nnc(-c2ccco2)o1)NC1CCCCCC1,0
Cc1nc(SCC(=O)N2CCN(c3ccccc3)CC2)c2oc3ccccc3c2n1,0
CCOc1cc(C(=O)N2CCN(c3ccc(C(C)=O)cc3)CC2)cc(OCC)c1OCC,0
CC1(C)CC(n2[nH]c(=O)c3c2NC(=O)CSC3c2ccccc2)CCO1,0
CCOc1ccc(C2=Nn3c(nnc3-c3ccc(OC)cc3)SC2)cc1,0
Cc1ccc(-c2c3c(=O)n(C)c(=O)n(C)c3cn2-c2ccccc2O)cc1,0
O=C(Cc1cccs1)Nc1ccc(NC(=O)c2ccco2)cc1,0
CCS(=O)(=O)N1CCC(C(=O)NCCCN2CCC(Cc3ccccc3)CC2)CC1,0
COc1ccc(-n2c(C)nc3cc(C(=O)N4CCOCC4)ccc32)cc1,0
CC(=O)c1ccc(N2CCN(C(=O)CCCn3c(=S)[nH]c4cc5c(cc4c3=O)OCO5)CC2)cc1,0
CCC(=O)N1CCN(CCNC=C2C(=O)N(C)C(=O)N(C)C2=O)CC1,0
C=CCn1nnnc1SCC(=O)Nc1cccc(OC)c1,0
Cc1cccc2cc(CN(CC3CCCO3)C(=O)c3ccncc3)c(=O)[nH]c12,0
CCOC(=O)Nc1ccc2c(c1)N(C(=O)N(C)C)c1ccccc1CC2,0
COCCSc1ccccc1C(=O)N1CCN(Cc2ccc3c(c2)OCO3)CC1,0
COc1ccc(C)cc1S(=O)(=O)N1CCN(Cc2ccccc2)CC1,0
COc1ccc(NC(=O)CN2CCN(S(=O)(=O)c3ccc(C(C)C)cc3)CC2)cc1OC,0
CCOC(=O)CSC1=C(C#N)C(c2ccc(Cl)cc2)CC(=O)N1,0
Cc1ccc(S(=O)(=O)C2(C(=O)O)CCCC2)cc1C,0
COc1ccc(OC)c2[nH]c(=O)c(CCNC(=O)c3cc4ccccc4o3)cc12,0
CCOC(=O)c1cc(NC(=O)c2cccnc2)cc(C(=O)OCC)c1,0
CN(C(=O)c1ccccc1C(=O)c1ccccc1)C1CCS(=O)(=O)C1,0
O=C(COc1ccccc1)Nc1ccccc1C(=O)NCc1ccco1,0
O=C(O)CCn1c(-c2ccccc2)cc2c1CCCC2=O,0
CCC(c1nnnn1Cc1ccccc1)N(Cc1cc2cc(OC)ccc2[nH]c1=O)CC1CCCO1,0
CC(C)c1[nH]nc2c1C(Cc1ccccc1)C(C#N)=C(N)O2,0
c1ccc(-c2cc(-c3nc(-c4ccccn4)no3)c3ccccc3n2)cc1,0
CCCOC(=O)c1ccc(NC(=O)CCC(=O)OCC)cc1,0
CSc1ccccc1NC(=O)CN(c1cc(C)cc(C)c1)S(C)(=O)=O,0
O=C(COC(=O)CCOc1ccccc1)NCc1ccco1,0
CCC(C)NC1=N/C(=C2\C=CC=C(OC)C2=O)Nc2ccccc21,0
Cc1nc(NCC2CCCO2)nc2c1C(=O)CC(C)(C)C2,0
COc1ccc(CC(=O)OCn2nnc3ccccc3c2=O)cc1,0
CSc1ccccc1C(=O)Nc1cccc(C(C)O)c1,0
CC(C)C(NC(=O)Nc1ccc2c(c1)OCCO2)C(=O)O,0
CC(=O)c1cc2c(cc1NC(=O)c1ccc(-n3nc(C)cc3C)cc1)OCO2,0
O=C(CSc1ncnc2sc3c(c12)CCCCC3)NCc1ccco1,0
CCc1nnc2c3cnn(-c4ccccc4)c3ncn12,0
COC(=O)CCc1c(C)c(C(=O)c2ccco2)c2ccccn12,0
COc1ccc2oc(C(=O)C3CC3)c(NC(=O)CCCN3C(=O)c4ccccc4C3=O)c2c1,0
Clc1ccc(N2CCN(c3ncnc4c3oc3ccccc34)CC2)cc1,0
COC(=O)c1ccc2c(c1)N(Cc1cc(C)ccc1C)C(=O)c1ccccc1S2=O,0
COc1cc(OC)c2c(c1)OC(c1ccc(OC)c(OC)c1)C(O)C2=O,0
c1ccc2c(c1)oc1c(NCc3ccc4c(c3)OCO4)ncnc12,0
O=C(O)C1=C(C(=O)Nc2ccc(F)c(Cl)c2)CCCC1,0
Cc1cc(NC(=O)c2noc3c2CCc2ccccc2-3)no1,0
Cc1noc(C)c1C(=O)NCCCN1CCCC1=O,0
CCCn1c(O)c(C(=O)Nc2ncccc2C)c(=O)c2c1CCCC2,0
CCOCCCn1c(=N)c(C(=O)Nc2cc(C)on2)cc2c(=O)n3ccccc3nc21,0
Cc1cc2c(c(=O)n1CCCn1ccnc1)C(c1ccco1)C(C#N)=C(N)O2,0
CSc1ccc(S(=O)(=O)N2CCCC2)cc1,0
O=C(O)CCN1C(=O)CC2(CCCCC2)C1=O,0
CC(=O)c1cccc(NC2c3ncccc3C(=O)N2Cc2ccco2)c1,0
c1ccc2c(c1)ncn2CCn1cnc2ccccc21,0
CCN1CCN(S(=O)(=O)c2cc(C)c(OC)cc2C)CC1,0
O=C(O)CCC(=O)N1CCc2cc(S(=O)(=O)N3CC=C(c4ccccc4)CC3)ccc21,0
Cc1oc(-c2ccccc2F)nc1CN1CCC(C(=O)NCc2cccnc2)CC1,0
O=C(Cc1c(C(=O)O)[nH]c2ccccc12)Nc1ccc2c(c1)OCO2,0
Cc1ccc(NC(=O)COC(=O)c2ccnn2C)cc1,0
Nc1nnc(SCc2ccc(F)cc2Cl)s1,0
O=C1C2ON(c3ccccc3)C(c3cccnc3)C2C(=O)N1c1ccccc1,0
C=CCNc1nc2c(c(=O)n(C)c(=O)n2C)n1CC(=C)C,0
Cc1nc2sc3c(c2c(=O)o1)CC(C)(C)OC3,0
CCCCCn1c(SCC#N)nc2cc(C(=O)NC3CCCCC3)ccc2c1=O,0
CCOC(=O)C1CCN(S(=O)(=O)c2cccc(-c3cn4cccnc4n3)c2)CC1,0
O=C(NCc1ccc(F)cc1)c1ccc(CS(=O)(=O)Cc2ccccc2F)o1,0
CC(NC(=O)Cc1cccs1)C(c1cccs1)N1CCOCC1,0
COC(=O)C(C#N)C(c1cccnc1)c1c(C)[nH][nH]c1=O,0
COc1cccc(NC(=O)CSc2ccc3nnc(-c4ccncc4)n3n2)c1,0
Cc1ccc(-n2cnnn2)c(S(=O)(=O)N2CCOCC2)c1,0
COc1ccc(Nc2nc(N)nc(CN3CCN(c4ccccn4)CC3)n2)cc1,0
Cc1nnc(NC(=O)c2cccc(F)c2)s1,0
CSc1nsc(NC(=O)Cc2ccccc2)n1,0
COc1cc(C(Nc2ccc3c(c2)OCO3)C(=O)NC2CCCCC2)cc(OC)c1OC,0
COc1ccc2[nH]c(=O)c(CN(Cc3cccnc3)C(=O)Nc3ccccc3)cc2c1,0
Clc1cccc(-c2ccc(/C=N/n3cnnc3)o2)c1,0
CC(C)CCNC(=O)C(c1ccco1)N(Cc1ccc(F)cc1)C(=O)c1snc(C(N)=O)c1N,0
N#C/C(=C1\CCCN1)c1ccc2ccccc2n1,0
Cc1cccn2c(N)c(-c3ccccc3)nc12,0
CCCn1nnc(NC(=O)c2sc3ccccc3c2Cl)n1,0
CCCC(NC(=O)c1ccccc1)c1nc2ccccc2n1Cc1ccc(C(=O)OC)o1,0
Cc1cc(C)c(S(=O)(=O)Nc2ccc(OCC(=O)O)cc2)c(C)c1,0
CCOC(=O)c1c(-c2ccco2)csc1N,0
CC(=O)Nc1cc(C(=O)c2ccccc2)ccc1N1CCOCC1,0
CCCC(c1nnnn1CS(=O)(=O)c1ccc(C)cc1)N1CCN(c2ccccc2)CC1,0
N#CC(C(=O)c1ccc(S(=O)(=O)N2CCCCCC2)cc1)c1nc2ccccc2[nH]1,0
C=CCOc1cccc(C2C(C(=O)c3ccc(C)o3)=C(O)C(=O)N2CCN(C)C)c1,0
CCc1nnc(NC2=NS(=O)(=O)c3ccccc32)s1,0
CCn1c(SCC(=O)NCc2ccc3c(c2)OCO3)nnc1-c1cccs1,0
COc1ccc2nc(SCc3cnc(C)nc3N)[nH]c2c1,0
Cc1cc(C)nc(-n2nc(C)cc2Nc2ccccc2)n1,0
Cc1ccc(-n2c(SCC(=O)NCc3ccco3)nnc2-c2cccnc2)c(C)c1,0
O=C1NC(=O)C(c2cn(-c3ccccc3)nc2-c2ccc(F)cc2)N1,0
CCN(CC)c1ccc(NC(=O)CN2CCN(c3ccc(F)cc3)CC2)cc1,0
CCOC(=O)c1c(C)c(C(=O)N2CCCCCC2)c(C)n1CC,0
COc1ccccc1-n1c(O)cc(=O)nc1SC,0
CCOC(=O)Cn1cnc2c(nnn2-c2ccc(OC)cc2)c1=O,0
Cc1ccc(N2CN=c3s/c(=C\c4cccnc4)c(=O)n3C2)cc1,0
COc1ccc(CNc2nc(SC)n[nH]2)cc1OC,0
Cc1cc(C)nc(Nc2n[nH]c(COc3ccc(Cl)cc3)n2)n1,0
CS(=O)(=O)N(CC(=O)NC1CCCCC1)c1cccc(Cl)c1,0
Cc1ccc(C(C)C)cc1C(=O)CC1(O)C(=O)N(C)c2ccccc21,0
COc1ncnc2c1NC(=O)CS2,0
O=C(CCN1CCN(CC(=O)Nc2ccccc2F)CC1)Nc1ccccc1F,0
Oc1c(C(c2ccccc2)N2CCCCC2)sc2ncnn12,0
COC(=O)c1cn(NC(=O)c2ccc3c(c2)OCO3)c(=O)c2ccccc12,0
CCn1nc(C(=O)N2CCN(Cc3ccc4c(c3)OCO4)CC2)c2ccccc2c1=O,0
O=C(NCCc1ccc(Cl)cc1)C1CCN(S(=O)(=O)N2CCCC2)CC1,0
O=C(Nc1cccnc1)c1cnc2ccccc2n1,0
COc1ccc(C(c2nnnn2Cc2cccs2)N2CCC(C(N)=O)CC2)c(OC)c1,0
CCCn1c(SCC(=O)NC(=O)Nc2ccc(C)cc2C)n[nH]c1=O,0
CCOC(=O)c1sc(NC(=O)C(CC)Sc2nnc3c4ccccc4n(CC)c3n2)nc1C,0
CC(C)Sc1nc(N)c2c3c(sc2n1)CN(C)CC3,0
CN1CCN(c2nc(-c3ccccc3)nc3c2oc2ccccc23)CC1,0
COCCN(CC(=O)NCc1ccccc1)C(=O)CCC(=O)Nc1nccs1,0
CC/C(=C1/C(=O)CC(C)(C)C(C(=O)OC)C1=O)N1CCCC1,0
CC1(C)NC(=O)N(CC(O)COc2ccc(-c3ccc(C#N)cc3)cc2)C1=O,0
O=C(Nc1ccc(Oc2ccc(NC(=O)C3CCCO3)cc2)cc1)C1CCCO1,0
NC(=O)c1cc(-c2ccccc2)nc(N2CCOCC2)n1,0
COc1cccc(C(=O)N(CN2CCCC2=O)c2cccc(Cl)c2)c1OC,0
CC(C)(C)c1nc(CN2CCCCC2)cc(CN2CCCCC2)c1O,0
CC(C)Nc1nc(C#N)nc(NC(C)C)n1,0
Cn1c(=O)n(CC(=O)N2CCC3(CC2)OCCO3)c(=O)c2ccccc21,0
O=C(NCC(c1cccnc1)N1CCN(c2ccccc2F)CC1)c1ccccc1,0
COc1cccc(Nc2nnc(SCn3nnc4ccccc4c3=O)s2)c1,0
COc1cccc(/C=c2\sc3nc(-c4cccs4)nn3c2=O)c1OC,0
CCn1ccc(C(=O)Nc2ccc(S(=O)(=O)Nc3ccccc3OC)cc2)n1,0
CCCC(=O)Nc1nnc(-c2ccc(Cl)s2)o1,0
COc1ccc(S(=O)(=O)N2CCCC2C(=O)NCc2cccs2)cc1,0
CCN(CC)CCCN1C(=O)C(O)=C(C(=O)c2ccc(C)o2)C1c1cccs1,0
C/C(NCC1CCCO1)=C1/C(=O)NC(=O)N(c2ccc(Cl)cc2)C1=O,0
Cc1cccc(N2C(=O)c3cccc4c(N(C)CCO)ccc(c34)C2=O)c1,0
COc1ccc(CCNS(=O)(=O)c2cccs2)cc1,0
COc1cccc(N2CCN(C3CCCC(C)C3)CC2)c1,0
Cn1nnc(NC(=O)c2ccc(C(C)(C)C)cc2)n1,0
CCN(CC)C(=O)Oc1ccc2c(=O)c(-c3ccc(OC)cc3)coc2c1,0
CCOc1ccc2[nH]c(=O)c(CN(C(=O)N3CCOCC3)C3CC3)cc2c1,0
CC(C)(C)c1nc(NCCN2CCOCC2)c2nnn(Cc3ccccc3Cl)c2n1,0
Cc1ccc(OCc2nnc(SCC(=O)c3ccccc3)n2Cc2ccco2)cc1,0
CC(CCc1ccccc1)NC(=O)CSc1nnnn1C,0
CCN(CC(=O)NCc1ccc(F)cc1)C(=O)C1CCN(C(=O)Nc2ccccc2)CC1,0
COC(=O)CSc1nnnn1-c1ccccc1,0
CCC(=O)N1CCN(c2ccccc2NC(=O)COc2cc(C)ccc2C(C)C)CC1,0
Cn1cccc1Cc1nnc(SCC(=O)N2CCCCCC2)n1CCc1ccccc1,0
C=CCn1c(SCC(=O)NCc2cccs2)nnc1C1CCCCC1,0
COc1cc(OC)cc(-c2nnc(SCC(=O)N(Cc3ccccc3)C(C)(C)C)o2)c1,0
CCc1noc(C)c1C(=O)N1CCOCC1,0
Cc1nc2oc3c(NCC4CCCO4)ncnc3c2c2c1COC(C)(C)C2,0
O=C(NC1CCCCC1)C1c2ccccc2C(=O)N1Cc1ccco1,0
Cc1cc(C)n(-c2nnc(C)n2/N=C/c2ccccc2OCc2ccccc2Cl)n1,0
CCNC(=O)c1cc2c(=O)n3cccc(C)c3nc2n1C,0
CCOC(=O)CCCCC(=O)c1[nH]c(=O)[nH]c1CSc1nc(C)cc(C)n1,0
COC(=O)c1c(NC(=O)Cc2cccs2)sc2c1CCCC2,0
CC(=O)c1cc2c(cc1NC(=O)CCn1cccc1)OCO2,0
COc1ccc(-c2nc(CSCC(=O)N3CCC4(CC3)OCCO4)c(C)o2)cc1OC,0
COC1(OC)N=C(NC(=O)Nc2ccccc2)C2(C#N)C(c3ccccc3)C12C#N,0
COc1ccc(CCNC(=O)CSc2nnc(Cc3csc(N)n3)n2C)cc1OC,0
C=CCn1c(SCC(=O)O)nnc1-c1cccc(Cl)c1,0
Cc1nc2ccc(F)cc2cc1C(=O)NCc1ccco1,0
COc1ccc(CNc2nc(-c3cccnc3)nn2C(=O)c2cccs2)cc1,0
CCSCCOC(=O)C1=C(C)NC(=O)NC1c1ccccc1,0
COC(=O)c1c(NC(=O)CN2CCN(c3ccccc3)CC2)c2c(C)cccc2n1C,0
N#CCc1ccc(NS(=O)(=O)c2cccs2)cc1,0
COc1cccc(-c2n[nH]c(=S)n2Cc2ccco2)c1OC,0
Cc1cc(NC(=O)CS(=O)(=O)c2cn(Cc3cccc(F)c3)c3ccccc23)no1,0
COC(=O)c1[nH]c2ccc(C)cc2c1NC(=O)CN1CCN(c2ccccc2)CC1,0
O=C(c1cccc(Cl)c1)N1CCCC(C(=O)N2CCCCCC2)C1,0
CC1CCN(S(=O)(=O)c2ccc(NC(=O)c3cccs3)cc2)CC1,0
O=C(CN1CCC(C(=O)c2ccc3c(c2)OCCO3)CC1)NC1CCCC1,0
Cc1nc2nc(COc3ccccc3)[nH]n2c(=O)c1Cc1ccccc1,0
COc1cccc(-c2cc(C(=O)N3CCc4ccccc4C3)no2)c1,0
COc1cc2c(cc1OC)C(COc1ccc3c(C)cc(=O)oc3c1)N(C(=O)c1ccco1)CC2,0
N#Cc1c(NC(NC(=O)c2ccco2)C(=O)c2ccccc2)sc2c1CCCC2,0
CCOC(=O)C1=C(C)NC(=O)C1CC(=O)Nc1ccccc1,0
O=C1c2ccccc2C(=O)N1SC1CCCCC1,0
Cc1ccc(C)c(CSc2nnc(-c3ccccn3)n2N)c1,0
CCOc1ccccc1N1CCN(S(=O)(=O)c2cccc3nsnc23)CC1,0
CCCCC(CC)CNC(=O)c1[nH]c(C)c(C(C)=O)c1C,0
O=C(NCc1ccc2c(c1)OCO2)c1ccc2snnc2c1,0
CCOC(=O)C1CCCCN1C(=O)CCc1c(C)nc2cc(-c3ccccc3)nn2c1C,0
COCCOC(=O)C1=C(C)OC(N)=C(C#N)C1c1ccc2c(c1)OCO2,0
COC(=O)c1ccc(NC(=O)C2CCN(S(C)(=O)=O)CC2)cc1,0
Clc1ccccc1Cn1nnc2c(N3CCCC3)ncnc21,0
CC1=CC(=O)N2C(=NC(Nc3ccc(C)cc3)=NC2c2ccc(O)cc2)N1,0
O=C(NCCC1=CCCCC1)C1CCCN(S(=O)(=O)c2ccccc2)C1,0
O=C(NCc1ccccn1)c1ccccc1Cl,0
CCOC(=O)CNC(=O)c1cc(C)oc1C,0
CCN(CC)S(=O)(=O)c1cccc2nsnc12,0
O=C(Nn1c(-c2ccccc2)nc2ccccc2c1=O)C1CCC1,0
Cc1nnc(SCc2ccccc2F)n1NCc1cccs1,0
CCCCn1c2nc3ccccc3nc2c2c(=O)n(CCC)cnc21,0
CCSc1nnc(NC(=O)c2cc(C)on2)s1,0
CCOC(=O)N1CCC(NS(=O)(=O)c2ccc3c(c2)C(C)(C)C(=O)N3C)CC1,0
Cc1nc2c(C(=O)NCCC3=CCCCC3)c[nH]n2c(=O)c1Cl,0
Cc1noc(C)c1CSc1nc2ccccc2nc1NS(=O)(=O)c1ccc(Cl)cc1,0
Cc1nnc(SCC(=O)NCc2ccc3c(c2)OCO3)s1,0
CC1CCN(C(=O)NC(Cc2ccccc2)C(=O)O)CC1,0
COc1cccc(C(=O)N(Cc2cc3cc(C)ccc3[nH]c2=O)CC2CCCO2)c1,0
COc1cccc(C(=O)N(Cc2ccc3c(c2)OCO3)Cc2nc(=O)c3ccccc3[nH]2)c1,0
COC(=O)c1ccc(C)c(NC(=O)Cc2coc3cc(OC)ccc23)c1,0
CSc1ccc(NC(=O)N2CC(C)OC(C)C2)cc1,0
COc1ccc(NC(=O)CNc2cccc(C#N)c2)cc1Cl,0
CCOC(=O)Cc1[nH]nc2c1C(C1C=CCCC1)C(C#N)=C(N)O2,0
COc1ccc(CCn2c(-c3ccco3)nc3ccccc3c2=O)cc1OC,0
Nc1nnc(SCC(=O)N2CCN(c3ccccc3)CC2)n1-c1ccccc1,0
C1=C(CCNc2nnnn2-c2ccccc2)CCCC1,0
CS(=O)(=O)N1CCN(C(=O)Cc2ccccc2)CC1,0
O=C(O)CC1(c2ccccc2)C(=O)c2ccccc2C1=O,0
Cc1cc2oc(=O)cc(C)c2cc1NC(=O)CCC(=O)O,0
CCOC(=O)/C=C1\Nc2ccccc2SC1=O,0
O=C(NCCc1ccccc1)c1ncn[nH]1,0
COc1ccc(C(=O)CSc2nccc(=O)[nH]2)cc1,0
COc1ccccc1C(=O)N1CCN(C2CCN(Cc3ccccc3)CC2)CC1,0
COc1cccc(CNCc2ccccn2)c1OC,0
Cc1nnc2n1NC(c1ccc(Cl)cc1)C(C(=O)N(C)C1CCCCC1)S2,0
O=c1c2ccccc2nc(SCc2cn3ccsc3n2)n1-c1ccccc1,0
COc1ccc(OC)c(-n2c(N)c(C(=O)NCC3CCCO3)c3nc4ccccc4nc32)c1,0
O=C(Nc1ccc(Cl)cn1)c1cnn2cccnc12,0
N#CC1=C(N)C(C#N)(C#N)C(c2ccncc2)C2CC3(CC=C12)OCCO3,0
O=C(c1cc2ccccc2oc1=O)N1CCN(C(=O)C2CCCO2)CC1,0
Cc1ccc2cc(CN(Cc3nnnn3C3CCCCC3)CC3CCCO3)c(=O)[nH]c2c1,0
O=C(NCCN1CCOCC1)c1cc2sccc2n1Cc1ccc(F)cc1,0
O=C(OCn1nnc2ccccc2c1=O)c1cn(-c2ccccc2)nc1-c1cccnc1,0
Cc1ccc2cc(CCNC(=O)c3ccco3)c(=O)[nH]c2c1,0
CCCC(C)n1[nH]c(=O)c2c1NC(=O)CSC2c1ccc(OC)c(OC)c1,0
Cc1ccnc(N2CCC(C(=O)Nc3ccc4c(c3)CCC4)CC2)n1,0
O=c1c2ccccc2c2ccccc2c(=O)n1CC1CCCO1,0
O=C(CN(C(=O)C1COc2ccccc2O1)c1ccccc1)NCC1CCCO1,0
CC1(C)NC(=O)N(c2ccccc2Cl)C1(C)NO,0
O=C1Nc2ccccc2/C1=C/Nc1ccc2c(c1)OCO2,0
COc1ccc(-c2nc3ccccc3s2)cc1O,0
CC1=C2C(=NC(=O)CSC2c2ccc3c(c2)OCO3)N(c2ccccc2)N1,0
CCC(=O)N1CCCc2cc(S(=O)(=O)N3CCN(c4ccccn4)CC3)ccc21,0
C=C(C)Cn1c(CCCNC(=O)CC)nc2ccccc21,0
COc1ccccc1N1CCN(C(=O)C(C)N(c2ccc(C)c(C)c2)S(C)(=O)=O)CC1,0
COC(=O)c1ccc(C2NC(C(=O)O)CS2)cc1,0
O=C(COc1ccc(-n2cnnn2)cc1)NCCc1ccc(F)cc1,0
COc1nc(-c2ccc(C)cc2)ccc1-c1noc(-c2cccnc2)n1,0
Cc1ccc(C(C(=O)NC(C)(C)C)N(C(=O)c2csnn2)c2ccccc2F)o1,0
O=C(NC1CCCC1)C(c1ccc(O)cc1)N(CC1CCCO1)C(=O)C1COc2ccccc2O1,0
CCOC(=O)Cn1c(=O)oc2cc(S(=O)(=O)N3CCc4ccccc43)ccc21,0
Clc1ccccc1CN(Cc1ccccc1)c1ncnc2nc[nH]c12,0
Cc1ccc(Cn2c(CN3CC(C)OC(C)C3)nc3c2c(=O)n(C)c(=O)n3C)cc1,0
O=C(O)C1C2C=CC(C2)C1C(=O)NCCOCc1ccccc1,0
COC(=O)Cc1c(C)nc2nc(-c3ccco3)[nH]n2c1=O,0
COCCn1c(Cc2ccccc2)nnc1SCC(=O)N(C)C,0
CCCOc1ccccc1Nc1nc(=O)c(C)n[nH]1,0
CC1(c2ccc3c(c2)OCO3)NC(=O)N(CC(=O)Nc2ccc(N3CCOCC3)cc2)C1=O,0
COCCn1nnnc1CN(CCc1ccccc1)Cc1cc2ccc(C)cc2[nH]c1=O,0
O=C(NC1CCCC1)c1csc2c1CCCC2,0
COc1ccc(-n2c(=O)c3ccccc3n(CC(=O)NC3CCCC3)c2=O)c(OC)c1,0
COC(=O)c1ccccc1N1C(=O)C2ON=C(c3ccc(F)cc3)C2C1=O,0
CCC1CCCCN1C(=O)CSc1nnc(-c2cccs2)o1,0
O=C(NCc1ccco1)C1CCN(S(=O)(=O)N2CCC3(CC2)OCCO3)CC1,0
O=C(NCCCNC(=O)c1ccco1)c1ccco1,0
Cc1ccc(CCC(=O)Nc2nccs2)o1,0
CC(C)C(NC(=O)c1ccc(Cl)cc1)C(=O)NC1=NCCS1,0
COc1ccc(C(=O)NCc2nnc(SCC(=O)N3CCC(C)CC3)o2)cc1OC,0
CN(C)c1nc(-c2ccccc2)c2cnn(Cc3ccccc3)c2n1,0
CCCCCNC(=O)C(C)NS(=O)(=O)c1ccc(OC)cc1,0
COC(=O)c1ccc(CNC(=O)CSc2nnc(COc3ccccc3)n2C)o1,0
Cc1ccc(C(=O)Nc2cccc(C(=O)NCc3ccccc3)c2)o1,0
CCN1CCN(C(c2cccs2)C(C)NC(=O)c2ccccc2F)CC1,0
O=C(O)Cc1ccc(NC(=O)c2cccs2)cc1,0
O=C(Nc1nc2c(s1)CCCC2)Oc1ccccc1,0
Cc1onc(-c2c(F)cccc2Cl)c1C(=O)Nc1cccc2nsnc12,0
O=C(Nc1cccc(F)c1)Nc1ccccn1,0
O=C(O)CCCC(=O)N1CC(=O)Nc2ccccc21,0
COc1nc(OC)nc(N2CCC(C(=O)NCC3CCCCC3)CC2)n1,0
COc1ccc(/C=N/n2c(=O)[nH]c3c([nH]c4ccc(C)cc43)c2=O)cc1CN1CCOCC1,0
CCOC(=O)CSc1nc2ccccc2n1CC(=O)N1CCN(c2ccccc2)CC1,0
CCN1C(=O)CS/C1=C(\C#N)S(=O)(=O)c1ccccc1,0
Cc1ccc2nsnc2c1S(=O)(=O)N1CCN=C1Cc1ccccc1,0
Nn1c(COc2ccccc2)nnc1SCc1cc(=O)[nH]c2ccccc12,0
CC(=O)Nc1nonc1-c1nc2ccccc2n1Cc1ccccn1,0
COc1cc2[nH]c(NC(=O)c3ccc(Cl)cc3)nc(=O)c2cc1OC,0
COc1ccc(C(C)NC(=O)C2C(=O)NC3(C)CC2c2ccccc2O3)cc1,0
CCN1CCCC1CNC(=O)CSc1cc(=O)n(C)c2cc(Cl)ccc12,0
CCOc1cccc(-c2nnc3sc(-c4ccc(C)cc4)nn23)c1,0
Cc1cccc(CCNC(=O)C2CCN(S(=O)(=O)c3c(C)nn(C)c3C)CC2)c1,0
CC1(C)CC(=O)C2=C(C1)N(c1ccc(F)cc1)C(=O)CC2c1cccnc1,0
O=C(c1nn(Cc2ccccc2)c(=O)c2ccccc12)N1CCC(c2nc3ccccc3o2)CC1,0
CCOCC(=O)Nc1nnc(COCC)s1,0
COc1cc2c(C#N)c(N3CCCCC3)nc(N)c2c(N)n1,0
Cc1cccc(-c2noc(Cc3ccccc3)n2)c1,0
COC(=O)C1CCN(C(=O)c2cc(OC)c(OC)c(OC)c2)CC1,0
CCOC(=O)c1ccc(CSc2nnc(-c3ccncc3)n2N)cc1,0
O=C(CSCSCC(=O)Nc1ccc2c(c1)OCO2)Nc1ccc2c(c1)OCO2,0
O=C(c1cnc2ccccn2c1=O)N1CCCc2ccccc21,0
CCOC(=O)c1cnc(SCC(=O)NCc2cccs2)nc1N,0
CC(C)(C)c1nnc2sc(SCC(=O)N3CCCc4ccccc43)nn2c1=O,0
COc1cc(-c2nnc(SCC#CCO)o2)cc(OC)c1OC,0
CC1CN(c2nc3c(c(=O)[nH]c(=O)n3C)n2Cc2ccccc2F)CC(C)O1,0
O=C(CCCSc1nc2ccccc2[nH]1)N1CCN(c2ccccc2)CC1,0
O=C(NCc1cccnc1)c1cccc(S(=O)(=O)N2CCOCC2)c1,0
Cc1ccc(S(=O)(=O)NCCN2CCOCC2)cc1C,0
CC(C)(C)c1cc(NS(=O)(=O)c2ccc3c(c2)OCCO3)on1,0
Cc1ccc2cc3cc(C(=O)N4CCC5(CC4)OCCO5)oc3nc2c1,0
COc1ccc(C2C=C(c3cccs3)N=C3N=C(CCCO)NN32)cc1,0
Cc1ccc(SCc2[nH]nc3c2C(c2cccnc2)C(C#N)=C(N)O3)cc1,0
CCS(=O)(=O)Nc1c(C(=O)OC)[nH]c2ccccc12,0
O=C(O)Cn1cc(C(=O)c2ccccc2)c2ccccc21,0
Cc1ccc(S(=O)(=O)NCCc2ccncc2)cc1,0
CCC(Sc1nc(=O)c(NC(=O)c2ccc(OC)c(OC)c2)c(N)[nH]1)C(=O)OC,0
CCCCN(C)C(=O)c1sc2ncn(CC)c(=O)c2c1C,0
CCn1c(C(O)c2ccc3c(c2)OCO3)nc2ccccc21,0
O=C(Cn1cnc2c(nnn2Cc2ccc(Cl)cc2)c1=O)NC1CCCC1,0
COc1cc(NS(C)(=O)=O)c(OC)cc1NC(=O)c1ccccc1,0
CSc1nc2c(c(=O)n1-c1ccccc1)SCC2,0
CCCCc1cc(=O)oc2cc(C)cc(OCC(=O)O)c12,0
COc1ccc(CNS(=O)(=O)c2ccc(OC)cc2)cc1,0
Cc1nnc(N2CCOCC2)c2ccccc12,0
COc1ccc(C(=O)Oc2ccc(/C=N/O)cc2)cc1,0
Cc1cc(C(N)=O)c2ccccc2n1,0
CCOc1ccccc1-c1nc(-c2ccc(C)nc2OC)no1,0
Cc1oc(-c2ccccc2)cc1C(=O)Nc1cccc(C(=O)O)c1,0
Clc1ccc(Cc2noc(Cc3ccccc3)n2)cc1Cl,0
COc1ccc(-c2nc(CS(=O)CC(=O)NCc3ccco3)c(C)o2)cc1,0
Cc1ccc2c(C(=O)CN3CCCC3)c(C)[nH]c2c1,0
Cc1onc(-c2c(F)cccc2Cl)c1C(=O)Nc1nc2c(s1)CCCC2,0
CCOC(=O)c1ccccc1NC(=O)CSc1nnc(COc2ccccc2)n1CC,0
CN1C(=O)NC(c2ccccc2)C2=C1CN(c1cccc(C(F)(F)F)c1)C2=O,0
Cc1occc1C(=O)NC1CCCc2ccccc21,0
CN(C)CCCN1C(=O)C(O)=C(C(=O)c2cccs2)C1c1ccccn1,0
Nc1ccc(-c2nnc(-c3ccc(-c4ccccc4)cc3)o2)cc1,0
O=S(=O)(CCc1ccccc1)/N=C/c1cccs1,0
CCc1nnc(NC(=O)c2c(OC)cccc2OC)s1,0
COc1cccc(C(=O)Nc2c3c(nn2-c2cccc(C)c2C)CS(=O)(=O)C3)c1OC,0
CC1CCN(CCCNC(=O)C2CC(=O)N(C3CCCCCC3)C2)CC1,0
Cn1c(=O)c2c(nc(CN3CCOCC3)n2Cc2ccccc2)n(C)c1=O,0
O=C(Nn1c(-c2ccccc2)nc2ccccc2c1=O)c1ccco1,0
CCOC(=O)Cc1csc(NC(=O)c2ccoc2C)n1,0
O=C(Oc1ccc2cccc(OC(=O)N3CCOCC3)c2c1)N1CCOCC1,0
CCCCCOc1ccc(NC(=O)CCCC(=O)O)cc1,0
CS(=O)(=O)N1CCC(C(=O)NCC2CCCO2)CC1,0
COCCCNS(=O)(=O)c1ccc2c3c(cccc13)C(=O)S2,0
Cc1cc(C(C#N)c2ccccc2)n2ncnc2n1,0
O=c1c2c3nc4ccccc4nc3n(-c3ccc4c(c3)OCCO4)c2ncn1CC1CCCO1,0
O=C(c1ccc(=O)n(Cc2ccccc2)n1)N1CCN(C/C=C/c2ccccc2)CC1,0
COC(=O)c1ccc(S(=O)(=O)N2CCCCCC2)cc1,0
CCOC(=O)c1sc(NC(=O)CSc2nnc(-c3ccco3)n2CC)c(C(=O)OCC)c1C,0
c1ccc2[nH]c(-c3cscn3)nc2c1,0
O=c1[nH]c(CN2CCN(Cc3ccc4c(c3)OCO4)CC2)nc2sc3c(c12)CCC3,0
Cc1ccc(C(=O)NC2CC(C)(C)NC(C)(C)C2)c(C)c1,0
NS(=O)(=O)c1ccc(NC(=O)NC(Cc2ccccc2)C(=O)O)cc1,0
COc1ccc(OC)c(S(=O)(=O)N2CCC(C(=O)Nc3ccc(C)c(C)c3)CC2)c1,0
O=C1c2ccccc2C(=O)N1CCN1CCN(c2nc(-c3ccccc3)cs2)CC1,0
O=C(CSc1nc2ccccc2c(=O)n1-c1ccccc1)NCc1ccco1,0
Cc1nc2ccc(NC(=O)Cc3cccs3)cc2s1,0
Cc1nc2sc(C(c3ccco3)N3CCC4(CC3)OCCO4)c(O)n2n1,0
C=CCNC(=O)c1ccc(OC)cc1OC,0
O=C(CN(C1CC1)S(=O)(=O)c1ccc(S(=O)(=O)NC2CCCCC2)cc1)Nc1ccccc1,0
CC1=C(c2ccc(Cl)cc2)[N+](=O)C(C)(C)N1[O-],0
COc1cc(NC(=O)c2c(F)cccc2F)nc(OC)n1,0
COc1cccc(C2C3=C(CCCC3=O)N=C3N=C(c4cc(OC)c(OC)c(OC)c4)NN32)c1,0
CC(=O)C(C(C)=O)=C(N)N1CCN(Cc2ccccc2)CC1,0
O=c1c2c3n(c(=O)nc2[nH]n1-c1ccccc1)CCCCC3,0
CN(Cc1ccccc1)C(=O)CCn1c(=O)oc2ccccc21,0
Cc1c(/C=N/n2cnnc2)c2ccccc2n1CCOc1ccc(Cl)cc1,0
CCn1c(SCC(=O)c2[nH]c(C)c(C(C)=O)c2C)nnc1-c1ccncc1,0
CCC(C)(C)n1nnnc1C(c1ccccc1OC)N1CCSCC1,0
COC(=O)CC1=C(C(=O)OC)C2(C(=O)N(C)c3ccccc32)C(C#N)=C(N)O1,0
CCOC(=O)C1CCN(C2CC(=O)N(c3cccc(Cl)c3)C2=O)CC1,0
CCCCCCn1c(CN2CCN(Cc3ccccc3)CC2)nc2c1c(=O)n(C)c(=O)n2C,0
CN(CCCNC(=O)COc1cc(=O)n(C)c2ccccc12)Cc1ccccc1,0
CCN(CC(=O)Nc1ccc2c(c1)OCCO2)C(=O)C1CCCCC1,0
Cc1cc(=O)oc(C)c1C(=O)NCCCN1C(C)CCCC1C,0
COc1cc(C2C(C#N)=C(N)Oc3n[nH]c(-c4ccccn4)c32)cc(OC)c1OC,0
Cc1onc(-c2ccccc2)c1C(=O)Nc1nc(-c2cc(F)ccc2F)cs1,0
CCC(C)(C(=O)NC1CCCCC1)N(C)C(=O)c1ccccn1,0
Cn1cnc2cc(NC(=O)c3ccc(Cl)cc3)ccc21,0
CCn1cc(C(=O)OCC(=O)NCc2ccc3c(c2)OCO3)c(=O)c2ccc(C)nc21,0
CCOC(=O)N1CCN(C(=O)Cc2cccs2)CC1,0
Cc1ccccc1NC(=O)c1cc(S(=O)(=O)N2CCOCC2)cs1,0
COc1cc2c(cc1OC)CN(Cc1ccc(OC)c(C)c1OC)CC2,0
C=CCn1c(N2C(=O)CC(Cc3ccccc3)C2=O)nc2ccccc21,0
O=C1CCCc2nc(NCc3ccco3)ncc21,0
COc1ccccc1N(CC(=O)NC1CCCC1)C(=O)c1csnn1,0
O=C(C1COc2ccccc2O1)N1CCN(c2ccc(F)cc2)CC1,0
CCS(=O)(=O)N1CCN(c2nc(-c3ccccc3)cs2)CC1,0
CN(C(=O)c1ccco1)C1(c2ccccc2Cl)CCCCC1=O,0
O=C(NCc1ccco1)c1cc2c(s1)CCCCC2,0
COc1cccc(-c2csc(N3CCN(C(=O)C4CCCCC4)CC3)n2)c1,0
COc1ccc(C(c2sc3nc(C)nn3c2O)N2CCN(Cc3ccccc3)CC2)cc1OC,0
Cc1cc(N2CCN(S(=O)(=O)c3ccccc3)CC2)c2ccccc2n1,0
CCCn1c(O)c(C(=O)Nc2c(C)n(C)n(-c3ccccc3)c2=O)c(=O)c2ccccc21,0
COc1ccc(NC(=O)Nc2cccs2)cc1OC,0
CC(Sc1nc(N2CCOCC2)c2c(c1C#N)CC(C)(C)OC2)C(=O)Nc1ccccc1,0
COc1cc(C)c(Cl)c(C)c1S(=O)(=O)NCc1ccc2c(c1)OCO2,0
CC(C)Cn1c(N)c(C(=O)NCc2cccs2)c2nc3ccccc3nc21,0
O=C(COc1ccc(Cl)cc1)OCC(=O)N1CCCC1,0
CN(C)c1ccc(C(=O)Nc2nc3c(s2)CCCC3)cc1,0
CC/N=c1\scc(-c2ccc3c(c2)NC(=O)CO3)n1N=C1CCCC1,0
COc1ccc(C(=O)NC(=O)CSc2nnc(-c3ccco3)n2-c2ccccc2)cc1,0
CCN1C(=O)CC(N2CCN(c3ccc(Cl)cc3)CC2)C1=O,0
O=C(NCc1ccncc1)c1ccc(Cl)c(S(=O)(=O)N2CCOCC2)c1,0
Cc1cc2nc(SCC(=O)Nc3nonc3C)c3c(c2cc1C)CCCC3,0
Cc1ccc(S(=O)(=O)N2CCC(C(=O)Nc3ccccc3N3CCCCC3)CC2)cc1,0
O=C(CN1CCN(c2ccccn2)CC1)NCCc1ccccc1,0
Cc1cccc(N2CCN(C(=O)C3CCCN(S(=O)(=O)c4cnc[nH]4)C3)CC2C)c1,0
COc1ccc(CCNS(=O)(=O)c2ccccc2)cc1OC,0
O=C(NCCCn1ccnc1)c1cc(-c2ccc3c(c2)OCO3)on1,0
CCOc1ccccc1Nc1ccc(C(=O)O)cc1NC(C)=O,0
COC(=O)Cn1c2ccc(OC)cc2c2nc3ccccc3nc21,0
CC(=O)Nc1ccc(S(=O)(=O)NC(CC(=O)O)c2ccc(OC(C)C)cc2)cc1,0
O=C(CSc1ncnc2c1oc1ccccc12)N1CCCc2ccccc21,0
O=C(CSc1nnc(-c2ccccc2)o1)N1CCOCC1,0
COc1ccc(NS(=O)(=O)c2ccc(NC(C)=O)cc2)cc1OC,0
CCC1CCCCN1C(=O)Cn1c(C(=O)OC)cc2ccsc21,0
Cc1cc(NC(=O)CCCN2C(=O)c3cccnc3C2=O)no1,0
CCN(CC)C(=O)N1CCN(C(=O)c2ccc(C)cn2)CC1,0
CC(NC(=O)C1CC2CCCC(C1)C2=O)c1ccccc1,0
CCC1c2ccc(C)n2CCN1C(=O)Nc1ccc(F)cc1,0
COC(=O)CCC(=O)Nc1ccc(NC(C)=O)cc1,0
O=C(Cn1nc(-c2ccccc2F)ccc1=O)NCc1ccc2c(c1)OCO2,0
CCc1ccc(Nc2ncc3c(n2)CC(c2ccco2)CC3=O)cc1,0
CC1CCCCC1NC(=O)C1CCN(S(=O)(=O)c2ccc3c(c2)CCC(=O)N3)CC1,0
COC(=O)c1cn(NC(=O)c2ccncc2)c(=O)c2ccccc12,0
Cc1ccc(C(=O)CSc2nnc(COc3cccc(C)c3)o2)cc1,0
CCOC(=O)C1=C(C)NC(=O)NC1C,0
CCc1c(C)[nH]c(N2CCN(Cc3ccccc3)CC2)nc1=O,0
COc1ccccc1N/C(=N\C(C)=O)Nc1nc(C)cc(C)n1,0
Cc1ccc(S(=O)(=O)Nc2nncs2)cc1,0
CC(=O)n1cc(C2C(=O)CC(C)(C)CC2=O)c2ccccc21,0
Cc1nc2oc3ccccc3c(=O)c2c(=O)n1Cc1ccccc1,0
N#C/C(C(=O)NCc1ccco1)=C1/SC(Cc2ccc(Cl)cc2)C(=O)N1c1ccccc1,0
O=C(c1ccccc1)c1ccc(C(=O)N2CCOCC2)cc1,0
CCOC(=O)c1nnn(-c2nonc2N)c1CN1CCCCCC1,0
Cc1ccc(S(=O)(=O)CNC(=O)c2ccccc2)cc1,0
O=C(Cc1c(F)cccc1Cl)N1CCCC1,0
O=C(CSc1nnc(-c2ccco2)o1)NC(=O)C1COc2ccccc2O1,0
Fc1ccccc1-c1nc(NCCCN2CCOCC2)c2ccccc2n1,0
Cc1ccc2nc(NC(=O)c3ccc(Cn4cc(Cl)cn4)o3)sc2c1,0
COc1cccc(N2C(=O)NC(=O)C3(Cc4cc(C)ccc4N(C)C3)C2=O)c1,0
CCOc1ccc(-c2noc(-c3cccnc3)n2)cc1OC,0
COc1cc(C(=O)NC2CC3CCCC(C2)N3C2CC2)cc(OC)c1OC,0
O=C(Nc1ccc2c(c1)OCO2)C1CCCN1C(=O)NCc1ccccc1,0
CCOC(=O)CSc1nnc(CNC(=O)c2cccs2)n1CCc1ccccc1,0
COc1cc(C2C3=C(CC(c4ccco4)CC3=O)Nc3ccccc3N2C(C)=O)cc(OC)c1OC,0
O=C(NCc1ccccc1)NC(Cc1ccccc1)C(=O)O,0
CCN(CC)S(=O)(=O)c1ccc2[nH]cc(C(=O)NCCc3ccc(OC)c(OC)c3)c(=O)c2c1,0
COC(=O)c1cc(-c2ccc(OC)c(OC)c2)on1,0
O=C(CSc1nnc(NC(=O)c2ccco2)s1)NC1CCCCC1,0
Cc1c(C)n(C(=O)CN2CCN(c3ccccn3)CC2)c2ccccc12,0
Cc1ccc2[nH]c(=O)c(CN(Cc3cccs3)Cc3nnnn3CC3CCCO3)cc2c1,0
COc1ccc2cc(S(=O)(=O)N3CCCCC3)ccc2c1S(=O)(=O)N1CCCCC1,0
COc1cccc(-n2nnnc2SCC(=O)c2ccc(NC(C)=O)cc2)c1,0
Cn1cccc1Cc1nnc(SCC(=O)NCC2CCCO2)n1-c1ccc(F)cc1,0
O=C1C2CC=CCC2C(=O)N1CC(=O)N(Cc1ccccc1)C1CCS(=O)(=O)C1,0
COc1ccc(S(=O)(=O)Cc2ccccc2)cc1N,0
c1csc(-c2cn3c(n2)SCC3)c1,0
COC(=O)c1ccccc1COn1c(=O)c[n+]([O-])c2ccccc21,0
CC(C)C(OC(=O)c1cc2occc2n1C)C(=O)NCc1ccc2c(c1)OCO2,0
COc1ccccc1Nc1ncnc2c1cnn2-c1cccc(C)c1,0
O=C(CCCc1ccccc1)NCCN1CCOCC1,0
O=C(NCCCN1CCc2ccccc2C1)C1CCN(S(=O)(=O)N2CCCC2)CC1,0
CN(CCCNC(=O)C1CCCN(S(=O)(=O)c2cnc[nH]2)C1)c1ccccc1,0
O=C1c2ccccc2C(Nc2ccc3c(c2)OCCO3)N1c1ccccn1,0
Cc1oc(-c2ccccc2Cl)nc1CSCC(=O)NC1CC1,0
O=C(O)C1CCCCC1C(=O)NCCCc1ccccc1,0
O=C(NCc1cccnc1)c1ccc(=O)oc1,0
O=C(CSc1nnnn1Cc1ccccc1)Nc1ccc2c(c1)OCO2,0
COC(=O)c1cccc(Oc2nc(N3CCOCC3)nc(N3CCOCC3)n2)c1,0
Cc1cccc(N2C(=O)CC(N3CCN(Cc4ccc5c(c4)OCO5)CC3)C2=O)c1,0
CC1(C)CC(NS(=O)(=O)c2ccccc2)CC(C)(C)N1,0
O=C(OC(C(=O)NCc1cccs1)c1ccccn1)c1cccs1,0
Cc1ccc2cc(CN(C(=O)c3ccncc3)C(C)C)c(=O)[nH]c2c1,0
CCO/C=C1/C(=O)N(CC)c2ccccc21,0
Cc1ccc(S(=O)(=O)C2(S(=O)(=O)c3ccc(C)cc3)CCCC2)cc1,0
O=C(CN(C(=O)c1cc2c(s1)CCC2)C1CCCC1)NCc1cccs1,0
O=C(COC(=O)c1ccccn1)NCCCc1ccccc1,0
Cc1ccccc1-n1nc(C)c2cc(C(=O)N3CCN(S(=O)(=O)c4ccc(F)cc4)CC3)sc21,0
CCOC(=O)c1cnn(CC2CCCCC2)c1N,0
COc1ccc(NC(=O)CN(c2ccccc2)S(=O)(=O)N(C)C)cc1OC,0
COc1ccc(S(=O)(=O)Nc2ccc(S(=O)(=O)N3CCCCC3)cc2)cc1OC,0
CC(=O)N1CCN(CC(O)COc2ccc(OCc3ccccc3)cc2)CC1,0
O=C(CSc1nnc(C2COc3ccccc3O2)o1)N1CCOCC1,0
Cc1nc2c(c(=O)n1Cc1ccco1)c1nc3ccccc3nc1n2Cc1ccccc1,0
O=C(NCCN1CCN(C(=O)c2cc3ccccc3oc2=O)CC1)c1cc2ccccc2oc1=O,0
Cc1cc2nc(SC(C)C(=O)O)[nH]c2cc1C,0
COc1cccc(CNC(=O)C2CCN(S(=O)(=O)c3cnc[nH]3)CC2)c1,0
CCOC(=O)CSc1cc(C)nc(N)n1,0
COCCCNC(CC(=O)Nc1ccc(N(C)C)cc1)C(=O)O,0
O=c1oc2ccccc2n1Cc1ccccc1Cl,0
CCCc1cc(=O)oc2cc(Oc3ncccn3)ccc12,0
O=C(O)Cn1nnnc1-c1ccc(F)cc1,0
Cc1ccc(OCCN2C(=O)c3ccccc3C2=O)c(C)c1,0
O=C(CN1C(=O)CC(c2ccco2)Sc2ccccc21)Nc1ccc2c(c1)OCCO2,0
CCc1c(C(=O)NCc2ccc3c(c2)OCO3)[nH]c(C)c1C(C)=O,0
CCc1nc(SCC(=O)Nc2cc(C)on2)c2c(=O)n(C)c(=O)n(C)c2n1,0
Clc1ccc(Cl)c(-c2ccc(/C=N/c3ncn[nH]3)o2)c1,0
Cc1cc(C)n(-c2ccc(OCC(=O)O)nn2)n1,0
O=C(CCCCCN1C(=O)c2ccccc2C1=O)NC1CCCC1,0
O=C(Nc1ccc(Cl)cc1)C1CCCN(S(=O)(=O)c2cnc[nH]2)C1,0
O=c1nc2n(c3c1oc1ccccc13)Cc1ccccc1-2,0
CCCc1cc(=O)n2[nH]c(Cc3ccccc3)nc2n1,0
O=C(CSc1nc2ccccc2c(=O)n1Cc1ccco1)NCc1ccccc1,0
COc1cc(OC)cc(C(=O)Nc2cccc(C(C)=O)c2)c1,0
COc1cc(C(=O)NCCc2cn3ccccc3n2)cc(OC)c1OC,0
O=C(C1CCN(S(=O)(=O)c2cccs2)CC1)N1CCc2ccccc2C1,0
O=C1NC2(CCCCC2)Cc2ccccc21,0
O=C(c1ccc(F)cc1)c1ccc(N2CCCC2)cc1,0
O=C(NCCc1ccccc1)C1CCN(S(=O)(=O)N2CCC3(CC2)OCCO3)CC1,0
Nc1[nH]nc2nc(N3CCCC3)nc(-c3ccccc3)c12,0
COc1ccc(N(Cc2ccco2)C(=O)c2ccccc2F)cc1OC,0
Nc1nc(-c2ccco2)nn1C(=O)CCc1ccccc1,0
c1ccc(N2CCN(c3nnnn3-c3ccccc3)CC2)cc1,0
COc1cccc(C(=O)NCC(=O)n2nc(C)cc2C)c1,0
c1csc(CNc2ncnc3sccc23)c1,1
CC(C)(C)n1nc2c(c1NC(=O)Cc1cccc3ccccc13)CS(=O)C2,0
CCOC(=O)c1ccc(NCn2c(=O)oc3ccccc32)cc1,0
CC(C)Nc1nc(N(c2ccccc2)c2ccccc2)nc(-n2ccnc2)n1,0
COC(=O)CSc1nc(N2CCCCC2)c2c(c1C#N)CCCC2,0
COc1ccc2[nH]c(=O)c(CN(C(=O)c3ccccn3)C3CCCCC3)cc2c1,0
COc1ccc(NS(=O)(=O)c2ccc(NC(=O)C3CCCO3)cc2)cc1,0
COc1cccc(NC(=O)CSC2=C(C#N)C(c3ccco3)C3=C(CCCC3=O)N2)c1,0
COc1cc(NC(=O)c2noc3c2CCC3)c(OC)cc1Cl,0
O=C(Cc1ccc(F)cc1)N(c1ccccc1)C1C=CS(=O)(=O)C1,0
Cc1cc(C)cc(-c2nnc(SCC(=O)N3CCN(C(=O)c4ccco4)CC3)o2)c1,0
CCOC(=O)N1CCN(C(=O)CCSc2ccc(C)cc2)CC1,0
CCCN1Cc2cccc(C(=O)NC3CCCC3)c2C1=O,0
Cc1ccc(C(=O)Nc2cc(=O)n(C)c(=O)n2C)cc1C,0
COc1cc(C)ccc1NC(=O)c1ccc(S(=O)(=O)N2CCOCC2)cc1,0
N#[N+]/C=C(\[O-])CNC(=O)C(Cc1ccccc1)N1C(=O)c2ccccc2C1=O,0
O=C1CC(N2CCN(Cc3ccc4c(c3)OCO4)CC2)C(=O)N1Cc1ccc(N2CCCC2=O)cc1,0
C=CCSC1=C(C#N)C2(CCCCC2)C(C#N)C(=O)N1,0
COc1cccc(-c2nc(-c3ccc(NC(=O)Cc4ccccc4OC)cc3)no2)c1,0
Cc1cc(C)nc(SCC(=O)c2ccc(O)cc2O)n1,0
CC(=O)Nc1ccc(OC(=O)c2cccs2)cc1,0
CCc1ccc(NC(=O)c2cc(C)on2)cc1,0
OCCNc1nc(Nc2ccccc2)nc(Nc2ccccc2)n1,0
O=C(CS(=O)(=O)c1cn(Cc2ccc(Cl)cc2)c2ccccc12)N1CCCC1,0
O=C(COc1ccc(F)cc1)Nc1ccc(-n2cnnn2)cc1,0
CCOc1ccccc1N1CCN(C(=O)c2c(C)noc2C)CC1,0
CCOC(=O)CSc1nnc(CNc2ccc(Cl)cc2)n1-c1ccccc1,0
COc1ccc(C(=O)NC(C)c2nnc(SCC(=O)Nc3nc4ccccc4s3)n2C)cc1,0
COc1cc(C2C(C#N)=C(N)Oc3cc(O)ccc32)cc2c1OCO2,0
COc1ccc(C)cc1NC(=O)CSc1nnc(-c2ccc(C)cc2)o1,0
O=C(c1noc2c1CCc1ccccc1-2)N1CCCc2ccccc21,0
O=C(NCc1ccccc1Cl)C1CCN(S(=O)(=O)N2CCCCCC2)CC1,0
CCOc1ccccc1-c1nc(-c2cc3ccccc3nc2OC)no1,0
c1ccc(-n2ncc3c2ncn2cnnc32)cc1,0
CCOC(=O)N1CCN(C(=O)c2cn(C)c3ccc(S(=O)(=O)N4CCCC4)cc3c2=O)CC1,0
CCn1c(SCC(=O)N2CCc3ccccc32)nc2c(c1=O)SC(C)C2,0
C=CCc1cccc(CNc2nc3ccccc3n2CC)c1O,0
COc1ccccc1-c1ccc(=O)n(CC(=O)NC(C)(C)C)n1,0
Cc1scc(C(=O)NCc2ccco2)c1-c1ccccc1,0
COc1ccc(NC(C)c2cc(Cl)ccc2O)cc1,0
O=C1N(CC(=O)N2CCc3ccccc32)CCN1Cc1ccccc1Cl,0
CCOC(=O)N1CCN(Cc2nc3c(c(=O)[nH]c(=O)n3C)n2Cc2ccccc2C)CC1,0
CCOc1ccccc1N1CCN(S(=O)(=O)c2ccc(Cl)s2)CC1,0
COc1cc(OC)cc(-n2nnnc2SCC(=O)NCc2ccc3c(c2)OCO3)c1,0
COc1ccccc1Nc1nc(N)nc(CSc2nccc(C)n2)n1,0
CCCCOC(=O)c1ccc(NC(=O)C2CCCO2)cc1,0
CCOc1cc(NC(=O)c2ccccn2)c(OCC)cc1NC(=O)CC(C)C,0
Cc1ccc2oc(-c3ccc(NC(=O)c4ccc5c(c4)OCO5)cc3)nc2c1,0
COC(=O)c1c(C)oc2ccc(NS(=O)(=O)c3cccs3)cc12,0
Cc1nc(SCC(=O)Nn2c(-c3ccccc3)nc3ccccc3c2=O)n[nH]1,0
CC(C)N(Cc1nc(-c2ccc(Cl)cc2)no1)C(=O)CCC1CCCC1,0
CCCc1cc(=O)nc(Nc2ccc(OC)c(Cl)c2)[nH]1,0
Cn1c(NC(=O)c2cccs2)c(-c2cccs2)c(=O)c2ccccc21,0
Cc1cccc2sc(NC(=O)c3ccc(Cl)s3)nc12,0
CCOc1ccccc1C(=O)NCCC(=O)O,0
Cn1c(CN2CCOCC2)nnc1SCC(=O)Nc1nccs1,0
O=C1NCCCc2c1no[n+]2[O-],0
COc1ccc(Cn2c(CCC(=O)Nc3ccc(CC#N)cc3)nc3cccnc32)cc1,0
COc1cccc(-c2csc(N3CCN(S(=O)(=O)c4ccc(F)cc4)CC3)n2)c1,0
COc1ccc(C2=NOC3C(=O)N(C4CCCCC4)C(=O)C23)cc1OC,0
CC1CCc2nn(CC(=O)NC3CCCC3)cc2C1,0
CCCS(=O)(=O)N1CCC(C(=O)NC2CCCCC2C)CC1,0
CCCCNC(=O)c1sc2nc(C)cc(COC)c2c1-n1cccc1,0
Cc1ccc(C)n1NC(=O)c1ccco1,0
Cc1cccc(NC(=O)c2ccc3ccccc3n2)n1,0
COc1ccc(-c2cc(N)n(CCC#N)n2)c(OC)c1,0
Cc1cnc(NC(=O)C(C)N2C(=O)C3CC=CCC3C2=O)s1,0
CCCCCn1c2nc3ccccc3nc2c2c(=O)n(CC(C)C)cnc21,0
O=C(Cc1ccccc1)Nc1nc2ccccc2[nH]1,0
COc1cc(C)nc(NC(=O)COc2ccc(Cl)cc2C)n1,0
COc1ccc(S(=O)(=O)N(CCc2ccccc2)CC(=O)N2CCOCC2)cc1,0
CCOC(=O)CNC(=O)Cn1cnc2c(nnn2-c2cccc(Cl)c2)c1=O,0
COc1ccc(C2C3=C(CC(C)(C)CC3=O)Oc3ncn(CCCn4ccnc4)c(=N)c32)cc1,0
CCN1CCCC1CN(Cc1cc2cc(C)ccc2[nH]c1=O)C(=O)Nc1ccccc1OC,0
CC(NC(=O)COc1ccccc1)C(=O)NC1=NCCS1,0
Cc1ccc(C)c(Oc2nnnn2-c2ccccc2)c1,0
COCCNc1nc(-n2nc(C)cc2C)nc2sc3c(c12)CCCC3,0
CC1CCC(NC(=O)c2ccc(CS(=O)(=O)Cc3ccccc3F)o2)CC1,0
O=C(Nc1ccc2c(c1)OCCO2)C1CCN(c2nnnn2-c2ccccc2)CC1,0
Cc1nnc(NC(=O)CSc2nccn2-c2cccc(C)c2C)s1,0
CN(C)S(=O)(=O)c1ccc(N2CCCC2)c(C(=O)Nc2ccccc2N2CCOCC2)c1,0
COC(=O)c1cccc(S(=O)(=O)N2CCCCC2)c1,0
CCCN1C(=O)c2ccc(C(=O)NC3CCCCC3)cc2C1=O,0
O=C(CNC(=O)c1ccccc1F)NC1CC1,0
CCN(CC)S(=O)(=O)c1cccc(C(=O)Nc2ccc(Cl)cn2)c1,0
CC1CCCCN1C(=O)Cc1ccc(F)cc1,0
CCOC(=O)c1c(-c2cccs2)csc1NC(=O)CCCC(=O)O,0
CCOCCCNC(=O)C(c1ccc(C)cc1)N(Cc1ccc2c(c1)OCO2)C(=O)c1cnccn1,0
O=C(CCn1[nH]c(=O)c2ccccc2c1=O)OC1CCCCC1,0
CCCCSc1nnc(-c2ccc(NC(C)=O)cc2)n1C,0
CC(C)COc1ccc(C(=O)NC(CC(C)C)C(=O)O)cc1,0
Cc1ccc(C)c(Cc2c(C)nc3c(C(=O)N4CCOCC4)cnn3c2C)c1,0
O=c1[nH]c2cc3c(cc2cc1C(c1nnnn1CC1CCCO1)N1CCCC1)OCO3,0
COc1ccc(NC(C)=O)cc1NC(=O)CN1CCN(S(=O)(=O)c2ccc(C(C)C)cc2)CC1,0
O=C(CSc1nc2ccccc2c(=O)n1C1CC1)NCc1ccccc1,0
Cc1cc(N2CCC(C(=O)Nc3ccc(F)cc3)CC2)nc(-c2ccccc2)n1,0
CC1Cc2nc(SCC(=O)Nc3ccc(F)cc3)n(C)c(=O)c2S1,0
CCOC(=O)CSc1nnc2n(Cc3ccccc3)c(=O)c3c4c(sc3n12)CCC4,0
Cc1cc(C)n(-c2cc(-c3ccccc3)nc(C)n2)n1,0
CN1CCN(C(=O)CSc2nc(-c3ccncc3)ccc2C#N)CC1,0
Cc1cccc(OCC(O)Cn2c(NCc3cccnc3)nc3c2c(=O)[nH]c(=O)n3C)c1,0
COc1ccc(N(CC(=O)N2CCc3ccccc32)S(=O)(=O)c2c(C)noc2C)cc1,0
COc1ccccc1C1C(C(=O)c2cc3ccccc3o2)=C(O)C(=O)N1CCN(C)C,0
Cn1c(OCc2cccnc2)nc2c1c(=O)n(Cc1ccc(Cl)cc1)c(=O)n2C,0
COc1ccc(NS(=O)(=O)c2coc(C(N)=O)c2)cc1Cl,0
CC(=O)N1SC(N)=NC1c1ccccc1,0
O=C(CCSc1nc2ccccc2o1)N1CCOCC1,0
COc1ccc(-c2nnc(SCC(=O)Nc3sc4c(c3C#N)CCC4)n2CC2CCCO2)cc1,0
COc1ccc(OCC(=O)N2CCN(c3nnc(-c4ccccc4)c4ccccc34)CC2)cc1,0
CC(C)c1nc2oc3c(NCC4CCCO4)ncnc3c2c2c1COC(C)(C)C2,0
CCn1c(SCc2nc(=O)c3cc(OC)c(OC)cc3[nH]2)nnc1-c1ccncc1,0
Cc1noc(NS(=O)(=O)c2ccc(N3CC(=O)C(c4ccccc4)=C3N)cc2)c1C,0
CC(=O)C1=C(O)C(=O)N(C)C1c1ccccc1F,0
C=CCOC(=O)C1=C(C)NC(SCC(=O)N(CC)CC)=C(C#N)C1c1ccccc1,0
Cn1c(=O)oc2cc(S(=O)(=O)NC3CCCCCCC3)ccc21,0
CCOC(=O)c1c(C)[nH]c(C(=O)CN2C(=O)NC(C)(c3ccc(C)cc3)C2=O)c1C,0
COc1ccc(-c2nnn(CC(=O)c3ccccc3)n2)cc1OC,0
COc1ccc(C(=O)NCc2ccccc2OC)cc1,0
COc1ccccc1OCCSc1nc(=O)c2ccccc2[nH]1,0
CCC(=O)c1ccc(OCC(O)Cn2cnc3ccccc32)cc1,0
O=C(Nc1ccccc1C(=O)N1CCOCC1)c1noc2c1CCCC2,0
CC1=C(C#N)C(=O)N(CCCO)C(=O)/C1=N/c1ccc(N(C)C)cc1,0
COc1cc(-c2nnc3sc(-c4ccncc4)nn23)cc(OC)c1OC,0
CCCCC(=O)Nc1ccc2c(c1)nc1n2CCOC1,0
CCCN(CCC)C(=O)CSc1nc2nnc(C)c-2c(N)n1-c1ccc(OC)cc1,0
O=CN1CCN(C(=O)c2ccccc2F)CC1,0
CN(C)C(=O)CSc1nc(=O)c2ccccc2[nH]1,0
Cc1cc(C)nc(NC2=NCC(=O)N2c2ccc(Cl)cc2)n1,0
COc1ccc(CCNc2oc(-c3ccc(OC)c(OC)c3)nc2C#N)cc1,0
CCOC(=O)c1c(NC(=O)CSc2nc(C)cc(C)c2C#N)sc(C(C)=O)c1C,0
C=CCn1c(SCC(=O)N2CCCC2)nc2cc(C(=O)NCC3CCCO3)ccc2c1=O,0
COc1ccccc1-c1cc(C(=O)Nc2ccc(F)cc2F)no1,0
O=C(CCCCC(=O)N1CCN(c2ccccc2)CC1)N1CCN(c2ccccc2)CC1,0
Cc1cccc(OCC(=O)N2CCN(C(=O)c3cccs3)CC2)c1,0
CCOC(=O)c1sc(NC(C)=O)c(C(=O)OCC)c1C,0
O=C(CSc1nnc2scc(-c3ccccc3)n12)NCc1ccco1,0
CC(=O)Nc1cccc(NC(=O)CCn2c(=O)sc3ccccc32)c1,0
COc1ccc(C(CNC(=O)C2CC(=O)N(Cc3ccc(C)cc3)C2)N(C)C)cc1,0
Cc1nc(N2CCOCC2)c(C#N)c2c1COC(C)(C)C2,0
Cc1ccccc1C(=O)OCn1nnc2ccccc2c1=O,0
Cc1cc(NC(=O)c2cc(-c3ccccn3)nc3ccccc23)no1,0
CCOC(=O)c1cnc(-n2cc(C)cn2)nc1NCc1ccc2c(c1)OCO2,0
COc1ccc(S(=O)(=O)N2CCN(C(=O)c3cccc(Cl)c3)CC2)cc1,0
Cc1sc(NC(=O)CN2CCN(c3ccccn3)CC2)c(C#N)c1C,0
O=C(CN(Cc1ccccc1F)C(=O)Cn1nnc(-c2cccs2)n1)NCC1CCCO1,0
COc1ccc(OCC(=O)N2CCN(CC3CC4C=CC3C4)CC2)cc1,0
Cc1cc(C)c2c(n1)nn1c(NCCOCCO)cc(C)nc21,0
CCCn1c(SCC(=O)c2cc(OC)ccc2OC)nnc1-c1ccco1,0
CCOC(=O)N1CCN(c2c(-c3ccccc3)c3cc(Cl)ccc3[nH]c2=O)CC1,0
CC1=C(C(=O)Nc2ccc(C)cc2)C(c2ccc(N(C)C)cc2)NC(=O)N1,0
COc1ccc(CCN(C)C(=O)CN2C(=O)c3ccccc3S2(=O)=O)cc1OC,0
CCCC(C)(COC(N)=O)COC(=O)NC(C)C,0
CCOC(=O)C1=C(C)N(C)C(=O)NC1c1cccc(O)c1,0
CC(=O)c1ccc(N2CCN(C(=O)c3cc4c(=O)n(C)c5ccccc5c4n3C)CC2)cc1,0
CC(NC1CCN(Cc2ccccc2)CC1)=C1C(=O)NC(=O)NC1=O,0
COc1ccc(NC(=O)NCCCN2CCc3ccccc3C2)cc1,0
Cc1cc(NC(=O)c2cc(-c3cccc(Cl)c3)on2)no1,0
CC12CCC(C(=O)O)(c3nc(C#N)c(C#N)nc31)C2(C)C,0
O=C(COC(=O)c1cc(S(=O)(=O)N2CCOCC2)ccc1Cl)Nc1ccc2c(c1)OCO2,0
CN1C(=O)OC(C)(CCc2ccccc2)C1(C)O,0
O=C(CN(Cc1ccccc1)S(=O)(=O)c1ccccc1)NC1CC1,0
Cn1c(CN2CCCCC2)nc2cc(NS(=O)(=O)c3ccc(Cl)cc3)ccc21,0
CCCCc1c(C(=O)O)cc(OC)cc1C(=O)O,0
Nc1ccc(CCc2nc3ccccc3o2)cc1,0
COc1cc(NC(=O)Cn2nnc(-c3ccccc3N)n2)cc(OC)c1,0
O=C(Cc1cccs1)NCc1ccc(F)cc1,0
COc1ccc(S(=O)(=O)NCCSCc2ccco2)cc1,0
Cc1cc(NC(=O)c2cccnc2)ccc1NC(=O)c1ccco1,0
CC1CCCCC1NC(=O)CSc1nnc(CN2CCOCC2)n1C,0
O=C(c1ccccc1)N(Cc1cccs1)C1CCS(=O)(=O)C1,0
C=CCn1c(SCCN2CCCCC2)nc2c1c(=O)[nH]c(=O)n2C,0
Nc1nc(-c2ccc(Cl)cc2)nn1C(=O)c1cccnc1,0
COc1ccc(OCCCC(=O)Nc2ccc3c(c2)OCCO3)cc1,0
Cc1c(C(=O)OC(C)C)[nH]c2c1C(=O)CC(C)(C)C2,0
CCCNC(=O)NCCc1c(C)[nH]c2ccccc12,0
O=C(NCCc1ccccn1)c1ccc(S(=O)(=O)N2CCCCCC2)cc1,0
COc1ccc(NC(=O)C(NS(=O)(=O)c2ccc3c(c2)CCCN3C(C)=O)C(C)C)c(OC)c1,0
COc1ccc(CN2C(=O)CCC2(C)C(=O)NCc2cccnc2)c(OC)c1,0
COc1ccc(CNc2ccc(C(=O)O)cc2)cc1,0
CCCCNC(=O)C1CCN(S(=O)(=O)c2cnc[nH]2)CC1,0
CC12CCC(=O)N1C(C(=O)O)Cc1c2[nH]c2ccccc12,0
CC(C)c1ccc(C(O)c2cnc(C(C)C)n2C)cc1,0
CCCc1[nH]nc2c1C(c1ccc(OCCN3CCOCC3)c(OC)c1)C(C#N)=C(N)O2,0
CCc1cccc(CC)c1N(COC)C(=O)Cn1c(C(C)O)nc2ccccc21,0
CCCS(=O)(=O)N1CCCC(C(=O)NCc2ccc3c(c2)OCO3)C1,0
CN(c1ccccc1C(=O)Nc1ccc2c(c1)OCO2)S(C)(=O)=O,0
COC(=O)c1cc(CSc2nnc(-c3ccccc3)c(-c3ccccc3)n2)oc1C,0
CCCn1nnc(NC(=O)COc2ccccc2Cl)n1,0
O=C(CSc1nnc(-c2cccnc2)n1Cc1ccco1)c1ccc(Cl)cc1,0
Cc1cc(S(=O)(=O)NCC(C)C)ccc1OCC(=O)N1CCOCC1,0
Cn1c(=O)n(CCCOc2ccc(Cl)cc2)c2ccccc21,0
Cn1c(=O)c2c(ncn2CCCc2ccccc2)n(C)c1=O,0
COc1ccc(OC)c(S(=O)(=O)NCc2ccccc2)c1,0
COc1ccc(N2/C(=N/C(C)=O)SC3CS(=O)(=O)CC32)cc1OC,0
O=C(NC1CCCCC1)N1CCCC(c2nc3ccccc3[nH]2)C1,0
Cc1cc(NC(=O)CSc2nc(C3CC3)nc3sc4c(c23)CCC(C)C4)no1,0
CC1(C)CC(=O)C2=C(C1)NCN(Cc1ccccc1)C2,0
COc1ccc(-n2c(SCCC#N)nnc2-c2cc(Cl)ccc2OC)cc1Cl,0
Cc1cc(C)c2[nH]c(=O)c(CN(CC3CCCO3)S(=O)(=O)c3ccc4c(c3)OCCO4)cc2c1,0
Cc1cc(C)c(C)c(S(=O)(=O)NCc2ccco2)c1C,0
CCOC(=O)C1CCCN(C(=O)CS(=O)(=O)Cc2ccccc2)C1,0
CCOC(=O)COn1c2c(c3c4no[n+]([O-])c4ccc31)CCCC2,0
CN(Cc1nc(-c2cccnc2)no1)S(=O)(=O)c1ccccc1,0
CCNc1nc(Oc2ccccc2)nc(OC(C)C(=O)OCC)n1,0
COc1cc(NC(=O)C(C)Oc2ccccc2)c(C(=O)O)cc1OC,0
Cn1c(SCC(=O)Nc2nc3c(s2)CCCC3)nnc1-c1ccccc1,0
Cc1ccc(C)c(-n2c(SCC(N)=O)nnc2-c2ccccn2)c1,0
CC1(C)Cc2c(c(-c3ccccc3)nc(N3CCCC3)c2C(N)=O)CO1,0
CC(=O)NC(CC(C)C)C(=O)NC(Cc1ccccc1)C(N)=O,0
O=C(O)CCNS(=O)(=O)c1ccc2c(c1)Cc1ccccc1-2,0
Cc1ccc(C)c2[nH]c(=O)c(CN(CCN3CCCC3)C(=O)Nc3ccc(F)cc3)cc12,0
CCc1c(O)n(C2CCCCC2)c(SCC(=O)Nc2ccc(OC)cc2)nc1=O,0
CCCC(c1nnnn1CS(=O)(=O)c1ccc(C)cc1)N1CCN(c2ccc(F)cc2)CC1,0
O=C(CSc1nnc(Cc2cccs2)n1Cc1ccco1)Nc1cccc(Cl)c1,0
CC(C)C(=O)N(Cc1cc2ccccc2[nH]c1=O)C(C)(C)C,0
COc1ccc(N2CCN(C(=O)CSc3nc4cc(OC)c(OC)cc4cc3C#N)CC2)cc1,0
COCCCN1C(=O)C(=O)/C(=C(/O)c2ccc3c(c2)OCCO3)C1c1ccc(C(=O)OC)cc1,0
C=CCn1c(SCC(=O)Nc2nccs2)nnc1-c1cc2cccc(OC)c2o1,0
O=C(CCN1C(=O)c2ccccc2C1=O)N1CCN(C(=O)c2ccccc2)CC1,0
Cc1cccc(-c2nnc3n2N=C(c2ccccc2)CS3)c1,0
CCOC(=O)c1ccc(N2C(=O)c3n[nH]c(C)c3C2c2ccc(OC)c(OC)c2)cc1,0
COc1cccc(-c2cc3nc(-c4ccccc4)cc(N4CCC5(CC4)OCCO5)n3n2)c1,0
Cc1ccc(N2C(=O)c3cccc4c(N5CCN(C)CC5)ccc(c34)C2=O)c2cccnc12,0
COc1cccc(CNC(=O)C2CCN(S(=O)(=O)N3CCCCC3)CC2)c1,0
O=C(COC(=O)C1CCCN1S(=O)(=O)c1ccc(Cl)cc1)Nc1ccc2c(c1)OCO2,0
COc1ccc(-n2c(=O)cc(N3CC(C)OC(C)C3)[nH]c2=O)cc1,0
CC(=O)c1ccc(-n2nncc2C(C)(C)C)cc1,0
COc1ccc(NC(=O)c2cc(-c3ccccc3OC)on2)cc1,0
COc1ccc(-n2c(=O)c3c4c(sc3n(CC(=O)NCc3ccco3)c2=O)CCC4)c(OC)c1,0
O=C(CSc1nnc(-c2ccco2)n1Cc1ccccc1)OC1CCCCC1,0
Cn1/c(=N/C(=O)CSCC(=O)N2CCOCC2)sc2ccccc21,0
CCOc1ccc2nc(Nc3nc(=O)c4c([nH]3)CCC4)nc(C)c2c1,0
C=CCn1c(SCC(=O)Nc2c(C)nn(Cc3ccccc3)c2C)nnc1C(O)c1ccccc1,0
Cc1nccn1-c1c2c(c(C#N)c3nc4ccccc4n13)CCC2,0
COc1cc2nc(C3CC3)n(NC(=O)c3ccc(F)cc3)c(=O)c2cc1OC,0
CCOC(=O)c1ccccc1NC(=O)c1cccc2c1C(=O)N(C1CCN(C(=O)OCC)CC1)C2,0
O=C(NCc1ccccc1)c1cccnc1N1CCOCC1,0
O=C(Nc1ccc2oc(-c3ccccc3F)nc2c1)c1ccc2c(c1)OCCO2,0
Cc1nn(-c2cc(N3CCOCC3)ccc2N)c(=O)c2ccccc12,0
O=C(OC1CCc2ccccc2C1=O)c1ccccc1O,0
O=C1CC(c2ccccc2)N2NC(NC(=O)C3CCCO3)=NC2=N1,0
Oc1ccc(-c2nc3ncccn3c2Nc2ccc3c(c2)OCO3)cc1,0
CCOCCCn1c(C)nc2c(c1=O)c1nc3ccccc3nc1n2-c1ccc(C)cc1,0
CCOc1ccc(/C=c2\sc3nc(-c4ccco4)nn3c2=O)cc1OCC,0
Cc1cc(-c2ccccc2)nc(=O)[nH]1,0
Cc1ccc(S(=O)(=O)N(Cc2ccccc2)Cc2ccco2)cc1,0
Cc1nc2cc(N3CCN(C)CC3)c(NC(=O)Cc3ccccc3)cc2c(=O)n1Cc1ccccc1,0
COc1cc(C)c(C)cc1S(=O)(=O)N1CCCCC1c1cccnc1,0
O=C(NC12CC3CC(CC(C3)C1)C2)N1CCC(O)(c2ccc3c(c2)OCO3)CC1,0
O=C(NCCC1=CCCCC1)C1COc2ccccc2O1,0
CCOC(=O)c1cccnc1SCc1cc(=O)n2ccccc2n1,0
CC(=O)Nc1nc2c(c3c1c(=O)oc1ccccc13)CC(C)CC2,0
COCc1nnc(NS(=O)(=O)c2ccccc2)s1,0
O=C(CC1Oc2ccccc2NC1=O)NCc1ccc(Cl)cc1,0
Cc1cc(C)n2ncc(C(=O)NCc3cccnc3)c2n1,0
Cc1cccc(C)c1N(CC(=O)N1CCN(C)CC1)S(C)(=O)=O,0
CCOC(=O)N1CCN(C(=O)C2CCC(Cn3c(=S)[nH]c4ccccc4c3=O)CC2)CC1,0
CCC(Sc1nc(=O)cc(C)[nH]1)C(=O)Nc1ccc(Cl)cn1,0
CCNC(=O)CC1C(=O)N(c2ccccc2)C(=O)N1Cc1ccc(OC)cc1,0
COc1ccc(-c2cn3c(C)c(C(=O)NCc4ccc5c(c4)OCO5)sc3n2)cc1,0
O=C(c1ccco1)N1C(=O)c2cccc3cccc1c23,0
O=S(=O)(c1ccccc1)N1CCN(CC(O)COc2ccc3c(c2)CCC3)CC1,0
S=c1nc(-c2ccccc2)n(CCCN2CCOCC2)c2c1CCCC2,0
CC(=O)CCC(=O)NCCc1ccccc1F,0
COc1cccc(-c2nc(C(N)=O)c3[nH]c(=O)n(-c4cccc(Cl)c4)c3n2)c1OC,0
CCOc1ccc(N(CC(=O)NC(C)(C)C)C(=O)c2ccco2)cc1,0
Cc1ccccc1N(Cc1nnc2n1CCCCC2)C(=O)Nc1ccccc1,0
O=C(CSc1nc2ccccc2n1CC(=O)NCc1ccccc1)NCc1ccco1,0
CC(=O)c1cccc(NC(=O)c2cc(-n3cnnc3)ccc2Cl)c1,0
COc1ccc(N2CCCCn3c2nc2c3c(=O)n(C)c(=O)n2C)cc1,0
CCOC(=O)c1c(-c2ccc(C)cc2C)csc1NC(=O)CSc1nnnn1C,0
CCOC(=O)c1c(CN2CCCCC2)n(C)c2ccc(OC)c(S(=O)(=O)c3ccccc3)c12,0
COCCOC(=O)/C=C1/NC(=O)CS1,0
CN(C)/C=N/c1cnc(C(=O)c2ccc(Cl)cc2)n1C,0
CCC(C)(C)NC(=O)C(c1cccn1C)N(C(=O)Cn1nnc2ccccc21)c1ccc(F)cc1,0
CCCC(C(=O)c1ccccc1)n1cncn1,0
CCN(CC)CCNC(=O)CCc1n[nH]c(=O)c2ccccc12,0
O=C(NC1CCCCC1)N(Cc1cc2cc3c(cc2[nH]c1=O)OCCO3)CC1CCCO1,0
CC(=O)Nc1ccc(N2CCOCC2)c(C(=O)Nc2cccc(C)c2)c1,0
COC(=O)c1c(-n2cnnn2)sc(C)c1C,0
Cc1cc(NC(=O)CSc2cn(CCNC(=O)c3ccc(Cl)cc3)c3ccccc23)no1,0
CCn1cc(C(=O)O)c(=O)c2cc(F)c(N3CCNCC3)cc21,0
COc1ccc(-n2c3c(cc(C(=O)NC4CCSC4=O)c2=O)C(=O)CC(C)(C)C3)cc1,0
COc1cccc(-c2nc(CS(=O)CC(=O)NCCCOC(C)C)c(C)o2)c1,0
O=C(CSc1ncnc2c1oc1ccccc12)Nc1ccccc1F,0
COc1ccccc1-c1ccc(NC2CCCCC2)nn1,0
COc1ccc(C2=NOC(Cn3c(=O)cc(C)c4ccccc43)C2)cc1,0
Cc1c(C)c2ccc(OC3CCCCC3=O)cc2oc1=O,0
COc1cc2c(=O)nc3n(c2cc1OC)C(c1ccccc1)N=C(N)N3,0
COc1ccc(C)cc1-n1c(-c2ccncc2)n[nH]c1=S,0
CC(=O)Nc1cccc(NC(=O)C2CCCN2C(=O)Nc2cccc(C)c2)c1,0
CCOc1ccccc1OCCCC(=O)Nc1ccc(OC)nc1,0
COc1ccc(-n2nnnc2SCC(=O)N2C(C)CCCC2C)c(OC)c1,0
COCCOC(=O)C1=C(C)NC2=C(C(=O)CC(C)(C)C2)C1c1cccnc1,0
CCCc1cc(Nc2cccc(OC)c2)n2ncnc2n1,0
Nc1nc(CN2CCN(Cc3ccc4c(c3)OCO4)CC2)nc(Nc2ccccc2)n1,0
c1ccc(-c2csc3ncn4nnnc4c23)cc1,0
O=C(NCCc1ccccc1)C1CCCN1C(=O)Nc1ccc(F)cc1,0
COC(=O)c1ccc(CSc2nnc(-c3ccncc3)n2Cc2ccccc2)o1,0
COc1ccc(-c2noc(CN(C)S(=O)(=O)c3ccccc3)n2)cc1OC,0
CSc1nnc2n(-c3ccccc3)c(=O)c3c4c(sc3n12)CCC4,0
COc1cc(-c2nnc(-c3ccc(S(=O)(=O)c4ccccc4)cc3)o2)cc(OC)c1OC,0
O=C(CSc1nnc(-c2ccoc2)o1)N1CCOCC1,0
COc1ccc(OC)c(C2CC(=O)N3CN(c4cccc(Cl)c4)CSC3=C2C#N)c1,0
O=C(Cc1cccs1)Nc1nc(-c2ccccc2)cs1,0
Cc1cccn2c(=O)c3cc(C(=O)NCc4cccnc4)c(=N)n(C(C)C)c3nc12,0
O=S(=O)(c1ccccc1)c1nc(-c2ccco2)oc1NCc1cccnc1,0
COC(=O)CNC(=O)C1CCN(c2nc(C)cc(C)n2)CC1,0
Cc1cccc(OCc2nnc(SCC(=O)OC3CCCCC3)o2)c1,0
CCN(Cc1cc2cc(OC)ccc2[nH]c1=O)C(=O)Cc1ccc(OC)cc1,0
CCN(c1ccccc1)S(=O)(=O)c1ccc(N)cc1,0
COc1ccc(OC)c(C2CC(=O)C3=C(C2)NC(=O)CC3c2ccc(O)c(OC)c2)c1,0
CC(C)Cn1c(N)c(C(=O)COC(=O)C2=COCCO2)c(=O)n(C)c1=O,0
CCC1=NN=C2CCCC(NO)=C12,0
O=C(CSc1nc2ccccc2[nH]1)c1cccs1,0
Cc1cccn2c(=O)c3cc(C(=O)NCc4ccccn4)n(C)c3nc12,0
CCC(=O)n1nc(-c2cccnc2)nc1NCc1ccc(OC)cc1,0
Cc1c(C(=O)N2CCC3(CC2)OCCO3)oc2ccccc12,0
COC(=O)Cc1cc(=O)nc(N/C(=N/C(=O)c2ccccc2)Nc2ccccc2C)[nH]1,0
O=c1[nH]nc(Cc2ccccn2)c2ccccc12,0
O=C(COc1ccc(Cl)cc1)NCc1nnc(SCC(=O)Nc2ccc3c(c2)OCCO3)o1,0
N#Cc1cccc(-c2cn(S(=O)(=O)c3ccc(Cl)cc3)nc2N)c1,0
CCN(CC)c1ccc(NC(=O)CC2Oc3ccccc3NC2=O)c(C)c1,0
Cc1cccc(NCC(O)Cn2cnc3c2c(=O)n(C)c(=O)n3C)c1,0
Cc1ccccc1-n1c(SCC(=O)N2CCN(c3ccccc3)CC2)nnc1-c1ccncc1,0
Cn1c(=O)c2c(nc(NCc3ccccc3)n2C)n(C)c1=O,0
CCCOc1ccc(N2C(=O)CC(NCCCN3CCC(C(N)=O)CC3)C2=O)cc1,0
COc1ccc(-c2c(C)nn3c(N4CCC(C(=O)N5CCCCC5)CC4)cc(C)nc23)cc1OC,0
Clc1cccc(-c2nnc(SCc3nc4ccccc4[nH]3)n2Cc2ccco2)c1,0
Cc1cc(N2CCOCC2)nc(NCc2ccccc2)n1,0
COc1ccc(S(=O)(=O)N(CC(=O)Nc2cc(C)on2)Cc2ccccc2)cc1,0
Nc1c(N2CCN(c3ccccc3)CC2)c2ccccc2oc1=O,0
CNc1nc(C)c(C(=O)OCC(=O)OC)s1,0
O=C(C(Cc1ccccc1)NS(=O)(=O)c1cccc2nsnc12)N1CCC2(CC1)OCCO2,0
N#CC1=C(N)n2c(s/c(=C\c3ccco3)c2=O)=C(C#N)C1c1ccco1,0
COc1cccc(C2Nc3ccccc3C(=O)N2O)c1O,0
Cc1ccc(N(Cc2ccco2)C(=O)c2cccc(S(=O)(=O)N(C)C)c2)cc1,0
Cc1cc(C)c(-c2cc(NC(=O)CSc3nncn3C)n(-c3ccccc3)n2)cc1C,0
CCOC(=O)C1CCN(C(=O)c2ccc(SC)cc2OC)CC1,0
COc1ccc(S(=O)(=O)N(C)C2CCN(C)CC2)cc1,0
O=c1c2[nH]c3ccccc3c2ncn1Cc1ccccn1,0
CCOc1ccc(C(=O)N2CCCC2)cc1OC,0
Cc1onc(-c2ccccc2)c1C(=O)NCC1CCCO1,0
O=C(Cn1nnc(-c2ccccc2F)n1)NCCc1ccccc1,0
COC(=O)c1c(C)[nH]c(C)c1-c1ccccc1Cl,0
CCN(C(=O)CSc1ccc2c(c1)OCCO2)C1CCS(=O)(=O)C1,0
O=C(CSc1nc(=O)cc(O)n1-c1ccccc1)NCc1ccccc1,0
COc1ccccc1NC(=O)Cn1cnc2c(cnn2-c2ccccc2)c1=O,0
Cc1ccc(-n2c(SCC(=O)Nc3ccc4c(c3)OCO4)nnc2-c2ccoc2C)cc1,0
Cc1c2c(nc3c(C(=O)NC4CC4)cnn13)CCCC2,0
O=S(=O)(NC1CCCCC1NCc1ccco1)c1ccc(Cl)cc1,0
Cc1ccc(-n2c(=O)cc(N3CC(C)CC(C)C3)[nH]c2=O)cc1,0
CN(C)c1ccc(C(=O)Nc2nnc(-c3ccc(Cl)cc3)o2)cc1,0
O=C(CN1CCC(c2nc3ccccc3[nH]2)CC1)NCc1ccc2c(c1)OCO2,0
CC(=O)Oc1ccc2cc(-c3nc4ccccc4n3C)c(=O)oc2c1,0
O=C(O)c1cc2c([nH]c1=O)CCCC2,0
CCCCCOc1ccc(C2C(C(C)=O)=C(C)N=C3N=CNN32)cc1OC,0
Cc1ccc(C(=O)Nc2c(C(=O)NCc3ccco3)cnn2-c2ccccc2)cc1,0
CCCc1nc2ccccc2c(C(=O)OCc2nnc(-c3cc(OC)c(OC)c(OC)c3)o2)c1CC,0
O=C(CSc1ncnc2ccccc12)N1CCN(c2ccccc2)CC1,0
Cc1ccc(S(=O)(=O)NCc2csc(C)n2)c(C)c1,0
COc1ccc(/N=c2\oc3c(OC)cccc3cc2C(=O)NCc2ccco2)c(OC)c1,0
CC(C)CNC1=CC(=O)CC(c2ccco2)C1,0
CSc1nnc2c(n1)OC(c1ccsc1)N(C(C)=O)c1ccccc1-2,0
CN(C)CCNc1oc(COc2ccc(Cl)cc2)nc1C#N,0
Cc1c(-c2nc(N)nc(Nc3ccc(F)cc3)n2)oc2ccccc12,0
CCN1CCc2c(C#N)c(N3CCOCC3)nc(NCCO)c2C1,0
O=C(CC1S/C(=N\c2ccccc2)N(CCCO)C1=O)Nc1ccc(Cl)cc1,0
COC(=O)c1c(C)nc(C)c2c(=O)oc3ccccc3c12,0
O=C(Nc1ccccn1)c1cc(-n2cnnc2)ccc1Cl,0
O=C(Nc1nccs1)c1cc(S(=O)(=O)N2CCCCC2)ccc1Cl,0
O=C(CN1C(=O)NC2(CCCCCC2)C1=O)c1ccc2c(c1)OCCO2,0
CC(C)(CNS(=O)(=O)c1ccc(Cl)cc1)N1CCCCC1,0
CCn1c(SCC(=O)OC2CCCCC2)nnc1-c1ccncc1,0
COc1cccc(C2c3c(oc4ccc(F)cc4c3=O)C(=O)N2CCCN2CCOCC2)c1,0
CCCc1cc(=O)oc2c(C)c3occ(C)c3cc12,0
CCOC(=O)c1sc(NC(=O)CSc2ccccn2)c(C#N)c1C,0
CCC(C)C(NC(=O)OC(C)(C)C)C(=O)NCc1ccco1,0
CC(=O)N1CCc2cc(S(=O)(=O)NCCC(=O)NC3CCN(Cc4ccccc4)CC3)ccc21,0
COC(=O)C1=C(C)NC(C)=C(C(=O)OC)C1c1ccc(NC(C)=O)cc1,0
CCOC(=O)C1=C(C)NC2=C(C(=O)C(C(=O)OC)C(C)C2)C1c1ccc(OC)c(O)c1,0
O=C(Oc1ccccc1)c1cc2ccccc2o1,0
CC1CCc2nn(CC(=O)NCCN3CCOCC3)cc2C1,0
O=C(CSc1nnc(CCCO)n1-c1ccccc1)Nc1nccs1,0
Cc1cccc(-c2c3c(=O)n(C)c(=O)n(C)c3cn2C(C)C)c1,0
CC1(C)Cc2c(c(-c3ccccc3)[nH]c(=O)c2C#N)CO1,0
Cc1nc(NC(Cc2c[nH]c3ccccc23)C(=O)O)c2oc3ccccc3c2n1,0
COc1cccc(-c2cc(C(=O)NCc3ccco3)no2)c1,0
Cc1c(C2Nc3ccccc3NC3=C2C(=O)CC(C)(C)C3)cnn1C,0
O=C1C=CC=C/C1=C\Nc1c(-c2ccco2)nc2ccccn12,0
CCN(CCCNC(=O)CCNC(=O)Cn1cnc2ccccc2c1=O)c1cccc(C)c1,0
COc1ccc(S(=O)(=O)N2CCOCC2)cc1C(C)C,0
COc1ccc(Cl)cc1NC(=O)N(C)Cc1c(C)nn(C)c1C,0
Cc1ccc(S(=O)(=O)NCCSc2nnnn2-c2ccc(C(N)=O)cc2)cc1,0
CCn1c(N)c(C(=O)NC)sc1=S,0
Nc1nonc1-c1nc2ccccc2n1Cc1ccc(F)cc1Cl,0
CCOc1ccccc1-c1nc(C(N)=O)c2[nH]c(=O)n(-c3ccc(F)cc3)c2n1,0
CN(c1ccc(C(=O)N2CCCCC2)cc1)S(C)(=O)=O,0
Cc1ccc(C(=O)CC2(O)C(=O)N(C)c3ccccc32)o1,0
O=C(Nc1cccc(-c2nnc(-c3ccccc3)o2)c1)C1CCCO1,0
CCc1ccccc1NS(=O)(=O)c1ccc(SC)cc1,0
Cc1cccc(-c2noc(C3CCCCC3)n2)c1,0
Cc1c(C(=O)N(C)Cc2ccccc2)oc2ccc(S(=O)(=O)N3CCCC3)cc12,0
Cc1ccc(/C(O)=C2\C(=O)C(=O)N(CC(C)O)C2c2cccc(F)c2)cc1,0
COc1cccc(CNC(=O)C2CCN(S(=O)(=O)c3ccccc3)CC2)c1,0
O=C(CCCN1CC=C(n2c(=O)[nH]c3ccccc32)CC1)c1ccc(F)cc1,0
CC(=O)Oc1cccc(N2C(=O)C3C(C2=O)C2C=CC3C23CC3)c1,0
Cc1cc2c(c(=O)n1Cc1cccnc1)C(Cc1ccccc1)C(C#N)=C(N)O2,0
Cn1c(=O)c2c(nc(NCCCO)n2CCc2ccccc2)n(C)c1=O,0
CCCCOn1c(C)c(C(=O)OCC)c2c3nonc3ccc21,0
CCN(c1ccccc1)S(=O)(=O)c1ccc(Oc2ccc(-n3ccnc3)cc2)nc1,0
O=C(Nc1nccs1)c1cc2sccc2n1Cc1ccc(F)cc1,0
CC(C)(C)OC(=O)NC(Cc1ccccc1)C(=O)N1CCC(C(=O)O)CC1,0
CCC(C)(NC(=O)c1ccc(=O)[nH]c1)C(=O)NC1CCCC1,0
O=c1c(-c2ccccc2)coc2c(CN3CCCC3)c(O)ccc12,0
CCOC(=O)C1=C(C)N=C2N=CNN2C1c1ccccc1F,0
CCOC(=O)N1CCN(c2nc(C)c3c(n2)CC(C)CC3=O)CC1,0
CCOC(=O)c1c(C)c(C(=O)NCCOC)c(C)n1CC,0
COc1cccc(N2CCN(C3CC(=O)N(c4ccc(Cl)cc4)C3=O)CC2)c1,0
Cc1cc(-c2ccco2)n(CC(=O)NCc2ccco2)n1,0
Cn1c(=O)c2c(ncn2CC(=O)NC(C)(C)C)n(C)c1=O,0
COc1ccc(N2CCN(C(=O)C(CCSC)NC3=NS(=O)(=O)c4ccccc43)CC2)cc1,0
Cc1ccc(N(CC(N)=O)C2SC(=O)N(Cc3ccccc3)C2=O)cc1,0
Cc1oc2nc(SCC(=O)NCc3cccnc3)nc(N)c2c1C,0
COC(=O)CCC(=O)N1CCc2cc(S(=O)(=O)N3CCc4ccccc43)ccc21,0
COC(=O)c1ccc(CN2C(=O)NC3(CCC(C)CC3)C2=O)o1,0
Cc1ccc2nc(SCC(=O)O)nc(C)c2c1,0
CC(=O)Nc1ccccc1N(C)S(=O)(=O)c1ccc(C)cc1,0
COc1ccccc1CNC(=O)CN(C)CC(=O)Nc1cccc(F)c1,0
CC(C(=O)Nc1ccccc1-c1ccccc1)N1CCN(C(=O)c2ccco2)CC1,0
Cc1cc(-c2nnc(-c3cc4ccccc4oc3=O)o2)c(C)n1-c1ccccc1,0
Cc1oc(C(C)(C)C)cc1C(=O)Nc1ccc(C(=O)O)cc1,0
COc1ccc(-c2nc(CS(=O)CC(=O)N3CCc4ccccc4C3)c(C)o2)cc1,0
Cc1cccc(N2C(=O)/C(=C/NCCCN3CCOCC3)c3ccccc3C2=O)c1,0
Cc1ccc(N(C(=O)Nc2ccccc2)C2=NCC(C)S2)cc1,0
CN1C(=O)c2oc3ccccc3c(=O)c2C1c1ccccn1,0
Cc1ccc(-c2nc(CSCC(=O)N3CCN(C(=O)c4ccco4)CC3)c(C)o2)cc1,0
CC(C)C(c1nnnn1CCc1ccccc1)N1CCOCC1,0
COCCn1nnnc1C(C(C)C)N(Cc1ccccc1)Cc1cc2cc(OC)ccc2[nH]c1=O,0
Cc1ccc(S(=O)(=O)N2CCC(C(=O)Nc3nnc(-c4ccco4)s3)CC2)cc1,0
COCCN(Cc1cc2ccccc2[nH]c1=O)C(=O)c1ccccc1OC,0
O=C(Nc1c(C(=O)Nc2ccccc2)cnn1-c1ccccc1)c1ccco1,0
c1ccc(-n2ncc3c2ncn2nnnc32)cc1,0
CCC(C(=O)NC1CCCCC1)N(CC1CCCO1)C(=O)CNS(=O)(=O)c1ccc(OC)cc1,0
CC1Cc2ccccc2N1S(=O)(=O)c1cccc(C(=O)NC2CC2)c1,0
Cc1cc(Cl)ccc1OCC1=NC(=C2C=CC(=O)C=C2)NN1,0
c1ccc(CCN2CCC(N3CCN(c4ccccc4)CC3)CC2)cc1,0
CC(=O)N1CCc2cc(S(=O)(=O)CCC(=O)Nc3c(C)n(C)n(-c4ccccc4)c3=O)ccc21,0
CC(C)C(C(=O)N1CCOCC1)N1C(=O)c2ccccc2C1=O,0
Cc1cc(C)n(-c2nc(NCC(C)O)c3c4c(sc3n2)CCCC4)n1,0
COc1ccc(-c2cc(C(=O)NC3CCCC3)no2)cc1OC,0
COC(=O)c1cccc(NC(=O)CN2CCN(Cc3ccccc3)CC2)c1,0
O=C1CCc2cc(OCCCCc3nnnn3C3CCCCC3)ccc2N1,0
CCOC(=O)c1ccc(-n2[nH]c(-c3ccccc3)cc2=O)cc1,0
Cc1nn(Cc2ccc(C(=O)Nc3ccc(C(=O)OC(C)C)cc3)o2)c(C)c1Cl,0
COc1cccc(NC(=O)c2cccs2)c1,0
COc1ccccc1NC(=O)N1CCCC1C(=O)NCc1ccc(F)cc1,0
N#Cc1ccc(COc2ccc(CCO)cc2-n2nc3ccccc3n2)cc1,0
COc1ccc(CN2CC(C(=O)NCCN3CCOCC3)CC2=O)cc1,0
O=S1(=O)N=C2CCCN2C(c2ccc(Cl)cc2)N1,0
C=C1C(C(=O)N2CCOCC2)C1C(=O)N1CCOCC1,0
COc1ccc(C(NC(=O)c2ccco2)c2ccc(OC)c(OC)c2)cc1OC,0
COc1cccc(-c2nnc(SCC(=O)N3CCCC3=O)n2-c2ccccc2)c1,0
CCn1c(Cc2ccc(OC)cc2)nnc1SCC(=O)Nc1cccc(C(=O)OC)c1,0
COc1cccc(CNC(=O)C2CCN(S(=O)(=O)N3CC(C)CC(C)C3)CC2)c1,0
CCOC(=O)Nc1ccc(S(=O)(=O)NCCCN2CCOCC2)cc1,0
CCSc1nnc(Nc2ccccc2)s1,0
Cc1nc(NC2=NCN(Cc3ccco3)CN2)nc2ccccc12,0
O=C(N1CCC(O)(c2cccnc2)CC1)C12CC3CC(CC(C3)C1)C2,0
COc1ccc(CNC(=O)c2cc(-n3cnnc3)ccc2Cl)cc1,0
Cc1ccc(SCc2nnc(N)s2)cc1,0
Cc1ccc(C2(C)NC(=O)N(CC(=O)NC(=O)NC3CCCC3)C2=O)cc1,0
CNC(=O)CSc1nc2c(c(=O)n(C)c(=O)n2C)n1Cc1ccc(C)cc1,0
Cc1ccc(C)c2[nH]c(=O)c(CN(CCCN(C)C)C(=O)NCc3ccccc3)cc12,0
Cc1ccccc1SCC(=O)NC1CCOC1=O,0
CCC(C(=O)NC(C)CCc1ccccc1)n1nc(C)n2c(cc3occc32)c1=O,0
COc1ccc(NC(=O)Cn2nnc(-c3ccccc3F)n2)cc1Cl,0
CCOC(=O)CCc1c(C)c2ccc(OC(C)C(=O)OCC)c(C)c2oc1=O,0
COc1nc(NC(C)(C)C)nc(Oc2ccc(=O)n(C)n2)n1,0
CCc1nn(CC(=O)NCCCN(Cc2ccccc2)C(C)C)c(=O)c2cc3sccc3n12,0
CCOC(=O)N1CCN(S(=O)(=O)c2ccc(C(=O)Nc3nc4ccccc4s3)cc2)CC1,0
Cc1c(C(=O)O)[nH]c2c1C(=O)CC(c1ccccc1)C2,0
COc1ccccc1-n1cnnc1SCC(=O)Nc1cc(C(C)(C)C)nn1-c1ccccc1,0
Cc1nc2nc(C)c(CCC(=O)NCc3ccc4c(c3)OCO4)c(C)n2n1,0
Cc1noc(C)c1CSc1nc2ccccc2s1,0
CCCCn1c(N/C=C2\C=C(OC)C=CC2=O)nc2ccccc21,0
Cc1cc2nc(-c3ccc(NC(=O)c4cccnc4)cc3)oc2cc1C,0
CCCCC(=O)Nc1cccc(-c2nn3c(C)nnc3s2)c1,0
Cc1ccc(CNC(=O)c2ccccc2NS(C)(=O)=O)cc1,0
COc1ccc(-c2nnc(SCC(=O)Nc3ccc(Cl)cc3)n2C)cc1,0
COC(=O)c1ccc(-c2nn(C)c(=O)c3ccccc23)cc1,0
Cc1cccc(C(OC(=O)c2ccco2)C(=O)NCc2ccccc2)n1,0
COc1ccc(S(=O)(=O)NCCC(=O)NC2CCCCCCC2)cc1,0
Cc1ccccc1C(=O)c1cccn1CC(=O)NCc1ccco1,0
COC(=O)CSc1nnc(-c2cccc(NC(=O)c3ccc(C)cc3)c2)n1C,0
COc1ccccc1N1CCN(Cc2ccsc2)CC1,0
CCC(=O)N1CCc2cc(S(=O)(=O)N3CCN(C(=O)c4ccco4)CC3)ccc21,0
CN(C(=O)c1ccncc1)c1nnc(-c2ccccn2)s1,0
CCOC(=O)C(C(C)=O)c1nc(C)nc2c1nnn2Cc1ccccc1Cl,0
NC(=O)C1(S(=O)(=O)c2ccccc2)CCCCC1,0
COc1ccc(NC(=O)CN2CCN(CC(=O)Nc3ccc(OC)c(OC)c3)CC2)cc1,0
O=C(NCCC1=CCCCC1)C1CCN(S(=O)(=O)c2cccc3nsnc23)CC1,0
O=C(c1ccc2c(c1)OCCO2)N1CCCCC1,0
COc1cccc(-c2cc(N)nn2C(=O)Nc2ccc(Cl)cc2)c1,0
O=C(c1ccccn1)N(Cc1cc2ccccc2[nH]c1=O)C1CCCCC1,0
CCN(C(=O)COc1cc(=O)n(CC)c2ccccc12)c1cccc(Cl)c1,0
COc1ccc(CNC(=O)C(C#N)c2nc3ccccc3nc2N2CCCC2)cc1,0
O=C(OCc1csc(-c2ccccc2)n1)c1cccs1,0
CCN(CC)C(=O)C1CCCc2c1[nH]c1ccc(Cl)cc21,0
C=CCOc1nc2c(c(=O)n(Cc3ccc(Cl)cc3)c(=O)n2C)n1C,0
O=C(Cn1nnc(-c2ccccc2)n1)OCc1ccccc1,0
COc1ccc(NC(=O)CN(c2cc(C)cc(C)c2)S(=O)(=O)c2c(C)n[nH]c2C)cc1,0
COC(=O)Nc1ccc(OCc2ccccc2)cc1,0
COc1ccccc1Cc1noc(-c2cc(Cl)ccc2OC)n1,0
C(=N/C12CN3CN(CN(C3)C1)C2)\c1ccc2c(c1)OCO2,0
Cc1nn2cnc3sc4c(c3c2nc1=O)CCCC4,0
COC(=O)c1[nH]c(=O)c2ccccc2c1OCc1ccccc1,0
Cc1cc(C(=O)CSc2nnc(Nc3ccccc3)s2)c(C)n1CC1CCCO1,0
Cc1csc(NC(=O)CSc2nnc(-c3ccoc3C)o2)n1,0
COc1cccc(N(CC(=O)O)S(=O)(=O)c2ccccc2)c1,0
O=C(Nc1ccc2c(c1)ncn2-c1ccccc1)c1ccco1,0
CCCNC(=O)c1c(N)n(CC2CCCO2)c2nc3ccccc3nc12,0
Cc1cccc(-c2c3c(=O)n(C)c(=O)n(C)c3cn2CC2CCCO2)c1,0
CCn1c2ccccc2c2nnc(SCC(=O)NC(C(=O)OC)C(C)C)nc21,0
CCOc1ccccc1NC(=O)CC1NCCNC1=O,0
Cn1c(Cc2ccccc2)nnc1SCCC(=O)Nc1ccccc1,0
CN1C(=O)CC(N2CCC(c3nc4ccccc4s3)CC2)C1=O,0
O=C(CSc1nnc(NCc2ccccc2)s1)c1ccco1,0
O=C(NCCCN1CCOCC1)c1ccco1,0
Cc1ccc(-c2csc3nnc(SCC(=O)Nc4cccc(C)n4)n23)cc1,0
CCC1(C)Cc2ccccc2-c2nc3n(c(=O)c21)CC(C(=O)O)S3,0
COC(=O)Cc1[nH]nc2c1C(c1c[nH]c3ccccc13)C(C#N)=C(N)O2,0
CCCCC(=O)c1c(O)oc2ccccc2c1=O,0
COc1ccc(Cn2c(N)c(C#N)c3nc4ccccc4nc32)cc1OC,0
Cc1sc2c(c1C)CN(Cc1ccco1)CN2C(=O)c1ccccc1,0
CCCn1nc(NC(=O)c2cccs2)c2cc3cc(OC)ccc3nc21,0
Clc1ccc(-c2nn3c(-c4ccccc4)nnc3s2)cc1,0
O=C(Cc1ccccc1)N1CCC(c2nc(-c3ccc(F)cc3)no2)CC1,0
CCOC(=O)c1sc2nc(SCC#N)n(CC3CCCO3)c(=O)c2c1C,0
COc1cccc2c1OC1(C)CC2NC(=O)N1c1cccc(C(=O)Nc2ccc3c(c2)OCCO3)c1,0
Cc1cnc(C(=O)OCC(=O)N2c3ccccc3NC(=O)C2(C)C)cn1,0
CC1(C)Cc2c(sc3nn[nH]c(=O)c23)CO1,0
CCc1nc(=O)c(-c2ccccc2)c(C)[nH]1,0
CC(=O)NC(CCS(C)(=O)=O)C(=O)Nc1ccc(C)c(F)c1,0
Cn1nnnc1SCC(=O)Nc1ccccc1-c1ccccc1,0
OC12CCCCC1C(c1ccc3c(c1)OCO3)N(Cc1ccccc1F)CC2,0
CC(=O)N1C(=O)C2(C(C#N)=C(N)Oc3n[nH]c(-c4ccccn4)c32)c2ccccc21,0
O=C1CCc2cc(S(=O)(=O)N3CCN(Cc4ccc5c(c4)OCO5)CC3)ccc2N1,0
CCOC(=O)N1CCC(NC(=O)c2sc(-n3cccc3)nc2C)CC1,0
CCCn1nnc(NC(=O)COc2ccc(C3CCCCC3)cc2)n1,0
COc1ccc(OC)c(NC(=O)CSC2=NCCS2)c1,0
Cc1cc(C)n(-c2nc3ccccc3nc2Nc2ccc3c(c2)OCO3)n1,0
OC1(c2ccccc2)C/C(=N/n2cnnc2)C=C1c1ccccc1,0
c1ccc(CC2CCN(c3nnnn3-c3ccccc3)CC2)cc1,0
COc1ccc2nc(NC(=O)CSC3=NCCS3)sc2c1,0
COc1cccc(-c2nc(CSCC(=O)NCC3CCCO3)c(C)o2)c1,0
Nc1cc(Cl)ccc1Oc1ccccc1,0
COc1ccc(OCCC(=O)OCC(=O)NCc2ccco2)cc1,0
O=C(O)CSCC(=O)Nc1cccc2ccccc12,0
COCc1cc(C)nc(Nc2ccccc2C)c1C#N,0
COc1ccc(NCc2nnc(SCC(=O)N3CCCc4ccccc43)o2)cc1,0
CCc1ccc(-c2nnn(CCC(=O)OC)n2)cc1,1
Cc1cccc(N(CC(=O)NC2CCCCC2)C(=O)CCC(=O)Nc2cc(C)ccn2)c1,0
CCOC(=O)c1cc(-c2ccc3c(c2)OCCO3)nc2c1c(C)nn2CCC#N,0
COC(=O)c1ccc(NC2(C#N)C(=O)Nc3ccccc32)cc1,0
c1csc(Cc2nc3ccccc3[nH]2)c1,0
CCC(C)(C)n1nnnc1C(c1cc2cc(C)cc(C)c2[nH]c1=O)N1CCCC1,0
COc1ccc(OC)c(NC(=O)CCCN2C(=O)C3C4C=CC(C4)C3C2=O)c1,0
CCCCOC(=O)C(C#N)c1nc2ccccc2nc1N1CCOCC1,0
CC(C)(C)OC(=O)NC(Cc1ccccc1)c1nnc(S(=O)(=O)Cc2ccccc2)o1,0
O=S(=O)(Nc1ccc2c(c1)OCCO2)c1ccc2oc3ccccc3c2c1,0
Cc1cc(C)c(C#N)c(SCS(=O)Cc2ccccc2)n1,0
CC(NC(=O)c1ccc(NS(C)(=O)=O)cc1)c1ccccc1,0
CC(C)(O)C#Cc1ccc(C(=O)N2CCN(C(=O)c3ccco3)CC2)cc1,0
CCOc1ccc(NC(=O)c2oc3ccccc3c2NC(=O)C(C)C)cc1,0
O=C(O)CC(c1ccccc1)n1cccc1,0
COc1cccc(-n2c(SCC#N)nnc2-c2cnccn2)c1,0
COc1ccccc1NC(=O)CN1CCN(c2ccccc2F)CC1,0
COc1ccc(C2C(C(=O)N3CCCC3)c3cc(OC)c(OC)cc3C(=O)N2C)cc1,0
O=C(O)C1CC=CCC1C(=O)Nc1cccc(F)c1,0
CCOc1ccc(C2CC(c3cccc(OC)c3)N=C3N=CNN32)cc1,0
Cc1ccccc1N(CC(=O)NCCc1ccccc1)C(=O)c1ccc(N2CCCC2)nc1,0
Cc1ccc(C2CC(C(F)(F)F)N3NC(C(=O)NCc4ccco4)=CC3=N2)cc1,0
CCc1cccc(C)c1NC(=O)C1CCCO1,0
CC(C)OC(=O)c1cccnc1SCc1cc(=O)n2ccccc2n1,0
COc1ccc(C(c2sc3ncnn3c2O)N2CCN(c3ccccc3F)CC2)cc1OC,0
C=CCn1c(Cc2ccc(OC(C)C)c(Cl)c2)nnc1SCC(N)=O,0
COc1ccc(OC)c(C2/C(=C(/O)c3ccccc3)C(=O)C(=O)N2Cc2ccco2)c1,0
Cc1sc2nc(CN(CCc3ccccc3)C(=O)c3ccco3)[nH]c(=O)c2c1C,0
O=C(Cn1c(=O)oc2ccccc21)N(Cc1ccccc1)C1CCS(=O)(=O)C1,0
CC(C)N(C(=O)COC(=O)c1ccc(O)cc1)C(C)C,0
CCCCCn1c(O)c(C(=O)NCc2ccncc2)c(=O)c2ccccc21,0
CC1(C)CC(=O)C(CCCN2C(=O)c3ccccc3C2=O)C(=O)C1,0
Cc1noc(C)c1COC(=O)c1ccccc1Oc1ccccc1,0
C=CCn1c(SCC(=O)Nc2ccc3c(c2)CCC3)nnc1-c1cccs1,0
CCS(=O)(=O)c1ccc2oc(Nc3ccccc3C)nc2c1,0
COc1ccc(-c2noc(CCC(=O)Nc3cc(Cl)c(OC)cc3OC)n2)cc1,0
O=C(NC(Cc1ccccc1)C(=O)N1CCCC1C(=O)O)c1ccccc1,0
CCCCn1c(CCNC(=O)CCC)nc2ccccc21,0
CCOC(=O)N1CCC(NC(=O)c2ccc3c(c2)ncn3C2CCCC2)CC1,0
COC(=O)c1ccccc1Nc1cc(C)nc2nc(C)nn12,0
Cc1nc2ccc(NC(=O)N3CCN(c4ccccn4)CC3)cc2s1,0
COc1ccc(OC)c(NC(=O)CSc2ccccc2)c1,0
CCN(CC)C(=O)CSc1nc2ncc(Cl)cc2[nH]1,0
COC(=O)C(C)NC(=O)Nc1ccc(OC)c(OC)c1,0
O=C(CCN1CCN(CCC(=O)c2ccccc2)CC1)c1ccccc1,0
CCCCn1c(SCC(=O)NCc2ccccc2)nc2ccc(N3CCOCC3)cc2c1=O,0
CCOC(=O)N1CCC(Nc2cc(C)nc3c(-c4ccccc4OC)c(C)nn23)CC1,0
NC(=O)CN(c1ccccc1)C1SC(=O)N(Cc2ccccc2)C1=O,0
Cc1ccccc1-c1nnc(-c2ccccc2)o1,0
Cc1ccc(S(=O)(=O)n2nc(-c3ccc(Cl)cc3)nc2NCc2ccco2)cc1,0
Cn1c(=O)c(=O)n(C)c2cc(S(=O)(=O)N3CCC(Cc4ccccc4)CC3)ccc21,0
COc1cccc(-c2nc(CS(=O)(=O)CC(=O)NCc3ccc(Cl)cc3)c(C)o2)c1,0
CCCCc1nc(NCC2CCCO2)c(C#N)c2c1COC(C)(C)C2,0
CCn1c(SCC(=O)N2CCOCC2)nc2c(c1=O)SC(C)C2,0
O=C(c1cccc(S(=O)(=O)N2CCOCC2)c1)N1CCCC1,0
CCCC(=O)Nc1ccc2oc(-c3cccnc3)nc2c1,0
OCCOCCOCCn1c2ccccc2c2ccccc21,0
C(=N/n1cnnc1)\c1ccc2c(c1)OCO2,0
CCCn1c(O)c(Cc2ccccc2)c(=O)c2ccccc21,0
O=C(Nc1cccc(-c2nc3ccccc3[nH]2)c1)c1ccco1,0
Cn1c(N2CCOCC2)nc2c1c(=O)n(Cc1ccc(Cl)c(Cl)c1)c(=O)n2C,0
CCOC(=O)COn1c(=O)c(-c2cccs2)[n+]([O-])c2ccccc21,0
O=C(OCC(=O)c1c[nH]c2ccccc12)c1ccco1,0
CCOC(=O)c1c(-c2ccc(C)o2)csc1NC(=O)CSc1nnnn1-c1ccccc1,0
O=C(C1CCN(S(=O)(=O)c2cccc3cccnc23)CC1)N1CCN(c2ccccc2)CC1,0
Cn1c(SCc2nc3ccccc3[nH]2)nnc1-c1ccccn1,0
COc1ccc(S(=O)(=O)NCC(c2cccnc2)N2CCN(c3ccccc3)CC2)cc1C,0
COc1ccc2cnn(-c3ccccc3)c(=O)c2c1OC,0
CCOCCOC(=O)C1=C(C)NC2=C(C(=O)CC(c3cccs3)C2)C1c1ccsc1,0
COc1ccc(OC)c(NC(=O)CN2C(=O)C3(OCCCO3)c3ccccc32)c1,0
COc1ccc(C(=O)SC2=NCCS2)cc1OC,0
CC1=C(C(=O)Nc2ccccc2C)C2(CCCC2)C(C(N)=O)C(=O)N1,0
O=C(O)C1CC(=O)N(C2CCCCCC2)C1,0
CCCc1[nH]nc2c1C(c1ccc(OCCN3CCOCC3)c(OCC)c1)C(C#N)=C(N)O2,0
CCn1c(CNC(=O)c2cccs2)nnc1SCC(=O)NCCc1ccccc1,0
COc1cc(NC(=O)c2c(-c3ccccc3Cl)noc2C)c2ncccc2c1,0
COc1cccc(CN2C(=O)CCC2(C)C(=O)NC2CCCCCC2)c1,0
COc1ccc(C2C(C#N)=C(N)OC3=C2C(=O)CCC3)c(OC)c1OC,0
COc1ccc(C(=O)Nc2nnc(-c3ccccc3)o2)cc1OC,0
Cc1cc(NC(=O)c2oc3ccccc3c2C)ccc1-n1cnnn1,0
Cc1ccc(Nc2nc(N)nc(CN3CCCCCC3)n2)cc1,0
Cn1c(C(=O)NCc2ccc3c(c2)OCO3)cc2sccc21,0
O=C1c2cccc3cccc(c23)C(=O)N1c1cccnc1,0
CCCS(=O)(=O)N1CCCC(C(=O)NC2CCCC(C)C2C)C1,0
CCCOc1ccccc1-c1nc(SCCC(=O)O)n[nH]1,0
CCOc1ccc2nc(NCCCNS(=O)(=O)c3ccccc3)c(C#N)cc2c1,0
COC(=O)C1=C(C)N(c2ccc(F)c(Cl)c2)C(=O)C1,0
COc1ccc(C2CC(=O)C(=CNCCCN3CCOCC3)C(=O)C2)cc1,0
O=C(O)CCc1nc(-c2ccccc2)no1,0
CCOC(=O)c1sc(C)c2c(=O)n(CC)nnc12,0
CCCCOc1ccccc1/C=c1\sc2nc(-c3oc4ccccc4c3C)nn2c1=O,0
COc1ccc2[nH]c(=O)c(CN(C(=O)c3ccco3)C3CCCCC3)cc2c1,0
Cc1ccc(N2CCN(CCc3nc4cc(NC(=O)c5ccco5)ccc4n3C)CC2)cc1,0
CCc1ccccc1OCCCCCNCCO,0
COc1ccc(OC)c(C(=O)CSc2nnc(-c3cccs3)n2C)c1,0
CCc1ccc(-c2nc(CSCC(=O)NCCCN3CCCC3=O)c(C)o2)cc1,1
Cc1ccc(S(=O)(=O)NCc2ccncc2)cc1,0
CC(C)N(Cc1ccccc1)C(=O)COC(=O)c1ccc2c(c1)OCCO2,0
CC(C)C(c1nnnn1C1CCCC1)N1c2ccccc2CC1C,0
CCS(=O)(=O)Nc1ccc2c(c1)N(C(C)=O)c1ccccc1CC2,0
O=C(Nc1nc2ccccc2[nH]1)c1ccc(F)cc1,0
COc1cc2nc(C3CCC3)n(NC(=O)C3CCC(OC)CC3)c(=O)c2cc1OC,0
O=C1c2ccccc2C(=O)N1Cc1nc(-c2cccnc2)no1,0
O=C(Nc1nc2c(s1)CCCC2)C1COc2ccccc2O1,0
CCn1c(=O)c(C(=O)CN2CCCc3ccccc32)c(N)n(Cc2ccccc2)c1=O,0
CCOC(=O)C1CCN(C(=O)Nc2ccc3c(c2)nc(C)n3C)CC1,0
COc1ccc(CCNC(=O)CCN2C(=O)COc3ccc(C)cc32)cc1OC,0
Cc1cnn(C(=S)NCc2ccco2)c1,0
CCCOc1ccccc1C1SCC(=O)Nc2c1c(=O)[nH]n2C(C)CCC,0
O=C(CCNc1ccc(F)cc1)c1ccco1,0
COc1ccc(NC(=O)C2CCCCN2S(=O)(=O)c2ccc(F)cc2)c(OC)c1,0
CN(c1ccccc1C(=O)N1CCOCC1)S(C)(=O)=O,0
O=c1c2ccccc2nc(-c2ccccc2)n1-n1cccc1,0
CCCn1nc(C(=O)N2CC(=O)Nc3ccccc32)c2ccccc2c1=O,0
N#CC(C(=O)NC1CC1)c1nc2ccccc2nc1N1CCCC1,0
CC1CCCN(S(=O)(=O)c2cccc(-c3cn4cccnc4n3)c2)C1,0
CN(CC(=O)NCCc1ccccc1)S(=O)(=O)c1cccs1,0
Cc1ccc(C)c(NS(=O)(=O)c2ccc(OCC(=O)N3CCOCC3)cc2)c1,0
CCc1nnc(NC(=O)CSc2nnc(CNc3cccc(C)c3)n2-c2ccccc2)s1,0
Cn1c(=O)c2c(nc(SCCN3CCCCC3)n2Cc2ccc(Cl)cc2)n(C)c1=O,0
C(#Cc1ccccc1)Cn1nnc2ccccc21,0
CCCN(CCC)CCNS(=O)(=O)c1ccc2c(c1)oc(=O)n2C,0
CC(NC(=O)Cn1cc2c(n1)CCCCC2)c1ccccc1,0
Cc1cc(C)n(Cc2cc(C)c(Cn3nc(C)cc3C)cc2C)n1,0
CCOc1ccccc1NC(=O)C1CCN(S(=O)(=O)c2c(C)noc2C)CC1,0
O=S(=O)(NCC(c1cccnc1)N1CCN(c2ccc(F)cc2)CC1)c1ccc(F)cc1,0
CCNC(=O)CSc1nc2ccccc2c(=O)n1OC,0
CCOC(=O)CNC(=O)CSc1nc(C)cc(C)c1C#N,0
CCc1nnc(NC(=O)c2c(O)n3c4c(cccc4c2=O)CC3)s1,0
O=S(=O)(c1cccc2cccnc12)N1CCOCC1,0
Cc1cc(C)n(S(=O)(=O)c2ccc(C(C)(C)C)cc2)n1,0
Cc1cc(C(=O)Nc2ccc3c(c2)OCO3)cs1,0
Cc1ccc(C(=O)COC(=O)CNC(=O)c2ccco2)cc1,0
COc1ccc(NC(=O)Cn2nc3n(c2=S)CCC3)cc1,0
O=C(NCC(=O)N(c1cccnc1)C(C(=O)NC1CCCCC1)c1cccnc1)c1ccco1,0
O=C(C1CCCN(S(=O)(=O)c2cccc3cccnc23)C1)N1CCN(c2ccccc2F)CC1,0
CCOC(=O)c1sc(=S)n(-c2ccccc2OC)c1N,0
O=C(CN(Cc1ccc2c(c1)OCO2)C(=O)CNS(=O)(=O)c1ccccc1)NCc1ccco1,0
CCOC(=O)c1ccc(N2C(=O)CC(Sc3nc(O)c(CC)c(=O)[nH]3)C2=O)cc1,0
COCCCn1c(-c2ccccc2)nc2ccccc2c1=O,0
CCOC(=O)CNC(=O)CSc1ncnc2c1cnn2-c1ccc(C)cc1,0
CC1CCCCC1NC(=O)Cn1c(CN2CCCCC2)nc2ccccc2c1=O,0
CC(=O)Nc1c(OC(C)=O)ccc2c(C)cc(=O)oc12,0
COCCn1nnnc1C(c1cc2ccc(C)cc2[nH]c1=O)N(Cc1ccco1)Cc1cccs1,0
COc1ccc(CCNC(=O)C2CCN(S(=O)(=O)N3CCCCC3)CC2)cc1OC,0
O=C(NC1CCCCC1)C1CCCN(c2nnnn2-c2ccccc2)C1,0
COc1cc(-c2noc(-c3ccccc3C(=O)NCc3ccco3)n2)cc(OC)c1OC,0
Cc1ccc(-c2nnc3ccc(SCC(=O)Nc4cc(C)on4)nn23)cc1,0
CCOC(=O)c1cnc(-n2nc(C)cc2C)nc1N(C)C,0
Cc1cc(NCCN2CCOCC2)n2ncc(-c3ccc(Cl)cc3)c2n1,0
COC(=O)C1=C(C)N(c2cccc3ccccc23)C(=O)C1,0
O=c1c2c([nH]c3ccccc13)C(=C1CCCC1)CC2,0
CCC(C)(C)n1nnnc1CN(Cc1ccco1)Cc1cc2cc3c(cc2[nH]c1=O)OCO3,0
N#Cc1nc(Cc2cccc3ccccc23)oc1NCc1ccc2c(c1)OCO2,0
Cn1c(=O)[nH]c(=O)c2c1nc(CN1CCN(c3ccccc3F)CC1)n2CCCc1ccccc1,0
C=CCNc1oc(-c2ccc(OCC)cc2)nc1C#N,0
COc1cccc(NC(=O)CN2C(=O)C3(OCCCO3)c3ccccc32)c1,0
CCN(CC(=O)NC)S(=O)(=O)c1ccc(C)cc1,0
CCN1CCCC1CNC(=O)Cn1cccc1C(=O)c1ccccc1C,0
COCCn1nnnc1SCC(=O)N1CCCCC1,0
COc1cc2cc3c(N)c(C(=O)NCc4ccco4)sc3nc2cc1OC,0
CCCC1Cc2nc(N3CCCCC3)c(C#N)cc2CO1,0
Cc1cccnc1Nc1nc(-c2ccc(O)cc2O)cs1,0
COCCNC(=O)CSc1nc2cc(OC)c(OC)cc2c(=O)n1Cc1ccc(OC)cc1,0
O=C(Nc1cccc(-c2cn3cccnc3n2)c1)c1ccc2c(c1)OCO2,0
O=C(Cc1ccccc1)N1CCC(c2nc3ccccc3[nH]2)CC1,0
CC(C)C(C(=O)NCC1CCCO1)N(Cc1ccco1)C(=O)CNS(=O)(=O)c1ccccc1,0
Cc1ccc2nc(-c3ccc(S(=O)(=O)N4CCOCC4)cc3)cn2c1,0
COc1ccc(S(=O)(=O)N(CC(=O)O)c2ccc(C)cc2)cc1,0
COc1ccc(-n2c(Cc3cccn3C)nnc2SCC(=O)Nc2cc(C)cc(C)c2)cc1,0
CC1(C)C2CCC1(C)C(OC(=O)CSc1nc(=O)cc(N)[nH]1)C2,0
Cn1c(C(=O)OC(C(=O)NC2CCCC2)c2ccncc2)cc2sccc21,0
Nc1ccccc1OCCOCCOCCOc1ccccc1N,0
Cc1noc(C)c1COC(=O)c1cc2c3ccccc3n(C)c2s1,0
CCCS(=O)(=O)N1CCC(C(=O)N2CCC3(CC2)OCCO3)CC1,0
CCC(Oc1ccccc1)C(=O)N1CCN(c2ccccn2)CC1,0
CC(=O)NC(CCS(C)(=O)=O)C(=O)Nc1cccc(C(C)=O)c1,0
Cc1ccc(CCNC(=O)C2CCN(S(=O)(=O)c3c(C)nn(C)c3C)CC2)cc1,0
Cc1cc(=O)cc(C)n1-c1ccccc1N1CCOCC1,0
Cc1c(NC(=O)CN2CCCc3ccccc32)c(=O)n(-c2ccccc2)n1C,0
O=C(NCc1cccs1)C1CCN(c2nccs2)CC1,0
Cc1cc(-n2c(C)cc(C(=O)CN3C(=O)NC4(CCCCCC4)C3=O)c2C)no1,0
CCN1C(=O)c2ccc(C(=O)O)cc2C1=O,0
CS(=O)(=O)N(CC(=O)N1CCN(Cc2ccccc2)CC1)C1CCCCC1,0
Cc1cc2nc(NC3=NCN(CCN4CCOCC4)CN3)nc(C)c2cc1C,0
COc1cc(NC(=O)C2CCCN2S(=O)(=O)c2ccc3c(c2)CCC(=O)N3)cc(OC)c1,0
Cc1nnc(Oc2ccccc2F)c2ccccc12,0
Cc1cc(C)nc(N2CCN(c3ncnc4c3oc3ccccc34)CC2)n1,0
CCOCCCn1c(=S)[nH]c2cc(C(=O)N3CCC(C(N)=O)CC3)ccc2c1=O,0
COc1ccc(C)cc1NC(=O)C1CC(=O)N(Cc2ccco2)C1,0
COc1ccccc1NC(=O)N1CCCC1C(=O)Nc1ccc(NC(C)=O)cc1,0
COc1ccccc1C(=O)N1CCCN(C(=O)c2ccccc2OC)CC1,0
CCN(CC)S(=O)(=O)c1cccc(C(=O)Nc2ccccc2C(=O)N2CCOCC2)c1,0
CCC(C)NC(=O)CS(=O)Cc1nc(-c2cccc(C)c2)oc1C,0
O=C1CCc2cc(S(=O)(=O)NC(C(=O)NCc3cccnc3)c3ccccc3)ccc2N1,0
Nc1nc(SCC(=O)c2ccc(Oc3ccccc3)cc2)n[nH]1,0
COc1ccc(Cn2nnnc2CN2CCc3ccccc32)cc1,0
COc1ccc(OC)c(S(=O)(=O)Nc2ccc3oc4c(c3c2)C(=O)CCC4)c1,0
CCC(=O)c1ccc(OCC(=O)N2CCc3cc(OC)c(OC)cc3C2)cc1,0
COc1ccc(N(Cc2cc(=O)[nH]c3ccccc23)C(=O)c2ccco2)cc1,0
O=C1CCCc2c1nn(-c1ccccc1)[n+]2[O-],0
Cc1ccc(-c2nnn(CCC(=O)Nc3ccc4c(c3)OCO4)n2)cc1,0
O=c1[nH]c2cc3c(cc2cc1CN(CC1CCCO1)S(=O)(=O)c1ccc(Cl)cc1)OCCO3,0
Cc1nn(-c2ccc(C(=O)Nc3nnc(C4CC4)s3)cc2)c(C)c1Cl,0
CC(C)CC(=O)N(c1ccc(F)cc1)C1C=CS(=O)(=O)C1,0
CS(=O)(=O)N(Cc1ccccc1)c1ccccn1,0
CCOC(=O)N1CCC(O)(c2cc(C)c(C)cc2C)CC1,0
C=CCN1C(=O)C(O)(CC(=O)c2ccc(N)cc2)c2ccccc21,0
COCCSc1nnc(NC(=O)CSc2ccccc2)s1,0
CCOc1ccc(C2C(C(=O)c3ccc(C)o3)=C(O)C(=O)N2CCCN(CC)CC)cc1,0
O=C(CSc1nc2ccccc2n1-c1ccccc1)NCC1CCCO1,0
CC(=O)Nc1ccc(C(=O)CSc2nnc3scc(-c4ccccc4)n23)cc1,0
N#CC1=C(N)Oc2n[nH]c(-c3ccccc3)c2C12C(=O)Nc1ccccc12,0
CCCCCn1c(CN2CCN(c3cccc(Cl)c3)CC2)nc2c1c(=O)[nH]c(=O)n2C,0
CCn1c(CNc2ccc(OC)cc2)nnc1SCC(=O)N1CCCc2ccccc21,0
CCN(Cc1ccccc1)C(c1cccs1)c1nnnn1C1CCCCC1,0
Cc1nn(-c2ccc(F)cc2)c2nc(N)c(C#N)c(-c3cccs3)c12,0
COc1ccc(CCCc2nnc(SCC(=O)Nc3nccs3)n2C)cc1C,0
O=C(Nc1ccc(N2CCOCC2)cc1)NC1CCCCC1,0
COc1ccc(C(=O)CSc2nnc(-c3cccnc3)n2Cc2ccco2)cc1,0
O=C(Cn1cc2c(n1)CCCC2)Nc1ccccc1Cl,0
COC(=O)c1c(C)n(Cc2ccc3c(c2)OCO3)c2ccc(O)cc12,0
CCOC(=O)c1ccc(S(=O)(=O)NC2CCCCCCC2)n1C,0
COc1cccc(N(CC(=O)Nc2cccc(N(C)S(C)(=O)=O)c2)S(C)(=O)=O)c1,0
Nc1ccc2oc(-c3ccccc3Cl)nc2c1,0
Cc1ccc(SC(C)C(=O)NCC(C)C)cc1,0
Cc1ccc(C)c(NC(=O)CSc2nnc(CSc3nc(C)cc(C)n3)n2Cc2ccco2)c1,0
Cc1sc(NC(=O)CSc2nnc(-c3ccc(F)cc3)o2)c(C#N)c1C,0
O=C(c1ccco1)N1CCN(c2ncnc3sc4c(c23)CCC4)CC1,0
CCN1CCCC1CN(Cc1cc2cc(OC)ccc2[nH]c1=O)C(=O)NCc1ccccc1,0
O=C(Nc1cccc(N2CCCC2)c1)c1cccs1,0
Cc1ccc(OCC(=O)OC2CCS(=O)(=O)C2)cc1,0
c1ccc(CNc2nc(NCCN3CCOCC3)nc(N3CCOCC3)n2)cc1,0
CCOc1ccc2nc(SCC(=O)N3CCCCCC3)c(C#N)cc2c1,0
CS(=O)(=O)N(CC(=O)NCCC1=CCCCC1)c1ccc2c(c1)OCO2,0
Cc1ccc2nc(CSc3nnc(Cc4cccs4)n3C3CCCCC3)cc(=O)n2c1,0
COC(=O)c1cn(NC(=O)CC2CCCCC2)c(=O)c2ccccc12,0
Cc1c(C(=O)NCc2ccoc2)oc2ccc3c(c12)C(=O)CC(C)(C)O3,0
O=C(CCC(=O)N(Cc1ccco1)C(C(=O)NC1CCCC1)c1ccncc1)Nc1cccnc1,0
COc1ccccc1N1CC(C(=O)Nc2cccc(C(=O)O)c2)CC1=O,0
COc1cccc(Cn2c(Oc3cccc(C)c3)nc3c2c(=O)n(C)c(=O)n3C)c1,0
O=C1C=CC=C/C1=C1/NN=C(SCCN2CCOCC2)N1Cc1ccccc1,0
Cc1cc(C)nc(N(C#N)CN2C(=O)c3ccccc3S2(=O)=O)n1,0
Cc1ccc(N2CCN(C(=O)N3CCCC3)CC2)cc1Cl,0
CCN1CCN(S(=O)(=O)c2cc(OC)ccc2OC)CC1,0
O=C(Cn1c(C(=O)N2CCN(C3CCCCC3)CC2)cc2sccc21)c1ccccc1,0
CCOC(=O)N1CCC(NC(=O)c2csc3c2CCCC3)CC1,0
CCn1c(=O)cc(NC2=NCC(C)CN2c2cccc(Cl)c2)n(C)c1=O,0
O=S(=O)(NC1CC1)c1cccc(S(=O)(=O)N2CCCC2)c1,0
COc1cc(NC(=O)Cn2c(-c3cncs3)nc3ccccc32)cc(OC)c1OC,0
COc1ccccc1NC(=O)c1ccccc1NS(=O)(=O)N1CCCC1,0
Cc1cccc(C)c1NC(=O)c1c(-c2ccccc2)noc1C,0
COc1ccc(NC(=O)NCc2ccccn2)cc1OC,0
O=C(C(Cc1ccccc1)n1cccc1)N1CCN(Cc2ccccc2)CC1,0
CCN(CCCNC(=O)CCc1nc(-c2ccc(C)cc2)no1)c1cccc(C)c1,0
O=C(NCCCNCCCNC(=O)c1ccccn1)c1ccccn1,0
O=C(Nc1ccc(Cn2nnc3ccccc32)cc1)c1ccco1,0
Cc1cc(NC(=O)CCC(=O)N(Cc2cccs2)C(C(=O)NC2CCCC2)c2ccncc2)no1,0
CCn1c(CCNC(=O)c2cccs2)nnc1SCC(=O)c1ccc(OC)cc1,0
O=C1CCCC2=C1C1(CCCC1)N=C(Nc1nc3ccccc3s1)N2,0
O=C(NC1CCCCC1)N(Cc1nc(=O)c2ccccc2[nH]1)C1CCCCC1,0
Nn1c(SCC(=O)Nc2ccc3c(c2)OCO3)nnc1C1CC1,0
Cc1cc2ncn(C(=O)c3ccc4c(c3)OCO4)c2cc1C,0
Oc1ccc2c(c1)C1CCCC1(N1CCOCC1)O2,0
CC(=O)Nc1cccc(NC(=O)c2sc3ncn(CC(=O)N4CCCCC4)c(=O)c3c2C)c1,0
COc1ccc(OC)c(-c2nnc(-c3ccc(C)o3)o2)c1,0
COc1ccc(C2C(C(=O)Nc3cccc(C)n3)c3ccccc3C(=O)N2C)cc1OC,0
Cc1ccc2cc3c(NC(=O)c4ccco4)nn(CC(C)C)c3nc2c1,0
CCOC(=O)c1cc(OC(=O)c2cccs2)n(-c2ccccc2)n1,0
COCCNC(=O)C(c1ccco1)N(Cc1ccc(OC)cc1)C(=O)Cn1nnc2ccccc21,0
CN(c1nc(-c2ccccc2)cs1)C1CCS(=O)(=O)C1,0
CCOC(=O)C1CCN(C(=O)CN(c2ccc3c(c2)OCO3)S(C)(=O)=O)CC1,0
COc1cccc(C2/C(=C(\O)c3c(C)nc4c(C)cccn34)C(=O)C(=O)N2CCCN(C)C)c1OC,0
O=C(c1n[nH]c(=O)c2ccccc12)N1CCN(c2ccc(F)cc2)CC1,0
COc1cc2[nH]c(=O)n(-c3ccccc3)c(=O)c2cc1OC,0
CC/C(NCCCN(CC)CC)=C1/C(=O)NC(=O)N(c2ccccc2)C1=O,0
CCOC(=O)CSC1=C(C#N)C(c2ccccc2Cl)C(C(=O)OC)C(=O)N1,0
O=C(NC1CCCc2ccccc21)C1CCN(S(=O)(=O)N2CCCCCC2)CC1,0
Nc1ccc(Sc2nnnn2-c2ccccc2)c(Cl)c1,0
CCOC(=O)c1ccc(NC(=O)CCNS(=O)(=O)c2ccc3c(c2)oc(=O)n3C)cc1,0
Cc1ccc(-c2nn3c(C)nnc3s2)cc1NCc1c(F)cccc1Cl,0
COc1ccc(-c2nc3c(=O)n(C)c(=O)[nH]c3n2CCc2ccccc2)cc1,0
CC1=CC2=NC(=O)CC(C)(C(=O)N(CC(=O)NC(C)(C)C)C3CCCC3)N2C=C1,0
COc1ccccc1C1(O)CCN(CC(=O)Nc2c(C)nn(C)c2C)CC1,0
COc1cccc(/C=N/n2c(-c3ccco3)nc3ccccc3c2=O)c1,0
COc1ccc(Nc2nc(C)cc(C)c2C#N)cc1OC,0
Cc1cccc(CS(=O)(=O)Cc2ccc(C(=O)NCCN3CCCCC3C)o2)c1,0
COc1ccc(C2CCCN2C(=O)Nc2cccc(C(C)=O)c2)cc1OC,0
CCOC(=O)CNC(=O)c1c2c(nc3ccccc13)CCCC2,0
Cc1csc2nc(CCNS(=O)(=O)c3ccc4c(c3)OCCO4)cn12,0
CCc1ccccc1-n1c(SCC(=O)N2CCCC2)nnc1-c1ccccn1,0
CCCOC(=O)c1ccc(OC(=O)c2ccco2)cc1,0
CCOc1cc(C#N)c(NC(=O)c2ccco2)cc1OCC,0
Fc1cccc(Cl)c1Cn1nnc(-c2ccc3c(c2)OCO3)n1,0
CCOc1ccccc1-n1c(SCC(=O)N(C(C)C)C(C)C)nnc1-c1cccnc1,0
C=CCn1c(SCc2nc3c(c(=O)[nH]c(=O)n3CCCC)n2CCC)nnc1-c1ccccc1,0
COc1ccccc1/C=C/CN1CC(C)OC(C)C1,0
O=C(NCc1cccnc1)c1noc2c1CCCCC2,0
O=C(C1CCCN(S(=O)(=O)c2ccc(F)cc2)C1)N(Cc1cccs1)C1CC1,0
CCCCn1c(=O)c2c(c3ccccc31)OCC(=O)N2,0
Cc1ccc(OCC(O)CN2C(=O)NC(C)(C)C2=O)cc1C,0
COc1ccccc1NC(=O)CSc1nnc(-c2ccco2)o1,0
COCCSc1nnc(NC(=O)Cc2cccs2)s1,0
CC(CCc1ccccc1)NC(=O)C1CCN(C(=O)c2sccc2-n2cccc2)CC1,0
COC(=O)c1ccc(N2C(=O)CC(N(C)CCc3ccc(OC)c(OC)c3)C2=O)cc1,0
O=C(OCC(=O)N1CCN(C(=O)c2ccco2)CC1)c1sc2ccccc2c1Cl,0
N#CC1=C2SCN(Cc3ccco3)CN2C(=O)CC1c1ccc(Cl)cc1,0
Cc1cc(NS(=O)(=O)c2ccccc2)c(C)c(Cl)c1O,0
COc1ccc(-c2ccc(-c3noc(-c4ccccc4C)n3)c(OC)n2)cc1,0
COCCn1c(SCC(=O)N2CCc3ccccc32)nc2c(c1=O)SC(C)C2,0
COc1ccc(CC(NC(C)=O)C(=O)NC2CCN(C(=O)NCc3ccccc3)CC2)cc1OC,0
O=C(CN1C(=O)CSC1=O)NC1CCCCC1,0
COc1cc(C2C(C#N)=C(N)Oc3cc(C)oc(=O)c32)ccc1OC(=O)N1CCOCC1,0
O=C(c1cc2ccccc2o1)n1nnc2ccccc21,0
CCc1cc(C(=O)Cc2cnn(-c3ccccc3)c2)c(O)cc1O,0
O=C(O)CCCC(=O)N1CCN(c2nc(-c3ccccc3)c3ccccc3n2)CC1,0
COc1ccc(-c2nnc(SCC(=O)N3CCCC(C)C3)o2)c(OC)c1,0
COc1ccccc1/N=C1\SC(C)CN1C(=O)C1CCC1,0
CCn1c(SCc2c(F)cccc2Cl)nnc1-c1ccco1,0
CCOC(=O)C1CSc2[nH]c(=O)sc2C1c1ccccc1,0
CN1CCN(C(=O)c2ccc3c(c2)N(Cc2ccc(Cl)cc2)C(=O)c2ccccc2S3=O)CC1,0
CC1(C)Oc2ccc3ccc(=O)oc3c2C(N2CCCCC2)C1O,0
CCCc1cc(=O)nc(Nc2ccc(N3CCCCC3)cc2)[nH]1,0
CC(=O)CC(=O)Nc1cccc2c1CCCC2,0
O=C1c2ccccc2C(=O)N1n1c(=O)[nH]c2ccccc2c1=O,0
OCc1cn(-c2ccccc2)nc1-c1cccnc1,0
Cc1cccc(-n2c(N)c(C(=O)N3CCN(C)CC3)sc2=S)c1,0
c1ccc(-c2onc3cc4c(cc23)OCCO4)cc1,0
COc1cccc(NC(=O)CSc2nnc(-c3cccc(OC(C)C)c3)n2N)c1,0
O=C(NC1CCCC1)C1CCCN1C(=O)Nc1ccccc1,0
COc1ccc(C(CC(=O)O)NC(=O)Cc2ccccc2)cc1,0
CCOc1ccccc1OCc1nn2c(-c3ccc(C)cc3)nnc2s1,0
Cc1ccc(-n2sc3ccccc3c2=O)cc1S(=O)(=O)N1CCCCC1,0
CCOC(=O)c1cc(-c2cccs2)nn1CCC#N,0
CC(C(=O)NC(=O)NCc1ccccc1)N1C(=O)c2ccccc2C1=O,0
Cc1ccc(-c2[nH]nc3c2C(c2cccnc2)C(C#N)=C(N)O3)cc1,0
COc1ccc(Nc2cc(C(=O)NCCCN3CCN(C)CC3)c3ccccc3n2)c(OC)c1,0
N#Cc1nc(Cc2cccc3ccccc23)oc1N1CCN(Cc2ccc3c(c2)OCO3)CC1,0
CC(=O)N1CCN(S(=O)(=O)c2ccc(C)cc2)C1c1ccc(N(C)C)cc1,0
CCCn1c(CNS(=O)(=O)c2ccc(C)cc2)nc2ccccc21,0
Cc1c(NC(=O)c2ccc(CN3CCc4ccccc4C3)cc2)c(=O)n(-c2ccccc2)n1C,0
COc1ccc(CCNC(=O)c2c(-c3ccccc3)noc2C)cc1OC,0
Cn1c(SCC(=O)c2ccc(-c3ccccc3)cc2)nnc1-c1ccco1,0
N#CC(C(=O)NCc1ccco1)c1nc2ccccc2nc1N1CCOCC1,0
COc1cc(OC)c(C2=NOC(C(=O)Nc3cc(C)nn3-c3ccccc3)C2)cc1Cl,0
COc1ccc(OC)c(Nc2cc(-c3ccccc3)nc(N)n2)c1,0
O=C(NCCc1ccccc1)C1CCCN(S(=O)(=O)c2cccs2)C1,0
COc1ccc(NC(=O)c2ccco2)cc1NC(=O)c1ccc(C)cc1,0
COC(=O)CNc1nc(-c2cccnc2)nc2ccccc12,0
Cc1cc(Nc2cc(C)on2)n2ncnc2n1,0
COc1ccc(C2CC(=O)N3CN(Cc4ccco4)CSC3=C2C#N)cc1,0
Cc1cccc(OCc2nnc(N)s2)c1,0
CCc1ccc(Nc2cc(=O)n(C3CCCCC3)c(=O)[nH]2)cc1,0
CCOC(=O)/C=C1\SCC(=O)N1CC(=O)Nc1ccccc1OC(F)F,0
Cc1ccc(NC(=O)CSc2nnc(-c3ccncc3)n2N)cc1C,0
COc1ccc(NC(=O)C2CC(=O)N(c3cccc(C)c3C)C2)cc1,0
Cc1sc2nc(SCC(=O)N3CCCCC3)[nH]c(=O)c2c1C,0
Cc1nc(C)c(C(=O)C2=C(O)C(=O)N(CCCN(C)C)C2c2ccco2)s1,0
Cn1c(CSc2nc3ccccc3s2)nc2ccccc21,0
COCCn1c(=O)[nH]c2cc(C(=O)NCCN3CCN(c4ccc(OC)cc4)CC3)ccc2c1=O,0
COc1cc2c(C(=O)NCc3ccccn3)cn(CC(C)C)c(=O)c2cc1OC,0
Cc1ccc(-n2ncc3c(NCCCN4CCOCC4)ncnc32)c(C)c1,0
CC(C)NC(=O)NC(=O)COC(=O)Cc1ccsc1,0
Cc1c(C(=O)N2CCC3(CC2)OCCO3)sc2ncnc(N(C)c3ccccc3)c12,0
COc1cccc(CNc2nn[nH]n2)c1OC,0
COc1ccc(CCNC(=O)C2CCCN(S(C)(=O)=O)C2)cc1OC,0
COCCNC(=O)C(c1ccc(O)cc1)N(Cc1ccco1)C(=O)CCC(=O)Nc1nccs1,0
O=C(Nc1nnc(C2CC2)s1)c1cc(-c2ccccc2)nn1-c1ccccc1,0
CCN(CCCNC(=O)CC(C(=O)N1CCc2ccccc21)n1ccnc1)c1ccccc1,0
CCCS(=O)(=O)C(=C1NCCO1)S(=O)(=O)CCC,0
COc1ccc(C2(C(=O)N3CCOCC3)CCOCC2)cc1OC,0
CC1=Nc2ccc(Cl)cc2NC(C)=C1N=O,0
O=C(COC(=O)c1cccs1)c1ccccc1,0
CCN(C(=O)Cc1cccs1)c1nnc(-c2cccnc2)s1,0
O=C(CN1CCN(c2ccccn2)CC1)Nc1ccc(OCc2ccccc2)cc1,0
CCOC(=O)CSC(C)C(=O)Nc1nnc(C(C)C)s1,0
COc1nc(-c2ccc(C)cc2)ccc1-c1noc(-c2ccco2)n1,0
COc1ccc(N/C=C(\C#N)c2nc3ccccc3n2C)c(OC)c1,0
O=C(Nc1nc(SCc2ccc(F)cc2)ns1)c1ccco1,0
CC1(C)Cc2ccccc2-c2nc(NCCCO)n(-c3ccccc3)c(=O)c21,0
O=C(Nc1cccnc1)Nc1ccccn1,0
COC(=O)c1cccc(NC(=O)CN2CCN(c3ccc(OC)cc3)CC2)c1,0
O=C(O)CCCCCn1c(SCC(=O)N2CCCC2)nc2ccsc2c1=O,0
CC(=O)c1ccc(NC(=O)CCn2c(=O)oc3ccccc32)cc1,0
Clc1ccc(Nc2ncnc3c2cnn3-c2ccccc2)cc1,0
C/C=C/Cn1c(SC)nc2c1c(=O)[nH]c(=O)n2C,0
c1ccc(CCc2ccccc2-c2nc(-c3ccccn3)no2)cc1,0
COc1ccc(N(Cc2cc3ccccc3[nH]c2=O)C(=O)C2CCCO2)cc1,0
O=C(Nc1ccon1)c1ccc(S(=O)(=O)N2CCCCCC2)cc1,0
Cc1ccc(CS(=O)(=O)CCC(=O)N2CCC3(CC2)OCCO3)cc1,0
OC1CCN(c2ncnc3c2nnn3Cc2c(F)cccc2Cl)CC1,0
CCc1nnc(NC(=O)CSc2nnc(Cc3ccccc3)n2-c2ccccc2)s1,0
CCc1ccc2[nH]cc(C(=O)OCCOC)c(=O)c2c1,0
COc1ccc(CCNc2oc(COc3ccccc3F)nc2C#N)cc1,0
CCOc1ccc(N2CC(=O)Nc3ccccc3NCC2=O)cc1,0
COc1ccc(CCN2C(=O)C3=C(/C(=C4\C=CC=CC4=O)NN3)C2c2ccc(C)cc2)cc1OC,0
CC(C)(C)C1CCc2onc(C(=O)N3CCOCC3)c2C1,0
CCOC(=O)c1c(NC(=O)CSc2nnc(-c3ccccc3C)n2C)sc(C(C)=O)c1C,0
Clc1ccc(-c2nnc3sc(-c4ccccn4)nn23)cc1,0
Oc1ccccc1OCc1nc2ccccc2s1,0
O=C(NCc1ccco1)c1cc(-c2ccccn2)nc2ccccc12,0
CCOC(=O)c1c(C)[nH]c(C(=O)CN2CC(C)OC(C)C2)c1C,0
COc1ccc(N2CCN(C(=O)c3ccc(-n4nc(C)cc4C)cc3)CC2)cc1,0
CNc1cc(-n2nc(C)cc2-c2ccccc2)ncn1,0
CCOc1ccccc1NC(=O)CSc1nnnn1Cc1ccccc1,0
CCN1CCN(c2ncnc3c2sc2nc(N4CCOCC4)c4c(c23)CCC4)CC1,0
COc1ccccc1CNc1ccc(N2CCOCC2)c(C(=O)O)c1,0
CC(C)Sc1nc(-c2cccs2)nc2c1c(=O)n(C)c(=O)n2C,0
Cc1cccnc1NC(=O)c1c(O)n2c3c(cccc3c1=O)CCC2,0
CCCCOc1ccc(-c2nnn(CC(=O)NCc3ccco3)n2)cc1,0
COc1ccc(-c2cc(C(=O)NCc3ccc(Cl)cc3)no2)cc1OC,0
CCOC(=O)c1ccc(NCc2ccc3c(c2)OCO3)cc1,0
COc1ccc(OC)c(N2Cc3cc(C)c(C)cc3C2)c1,0
COc1ccc(-c2oc(/N=C/N3CCOCC3)c(C#N)c2-c2ccc(OC)cc2)cc1,0
CN1/C(=C(\C#N)C(=O)CN2CCN(Cc3ccccc3)CC2)Nc2ccccc21,0
COc1ccc(C2=NCC(CSc3nnc(-c4ccc5c(c4)OCO5)o3)S2)cc1,0
Cc1ccc(C(=O)CC2(O)C(=O)N(Cc3ccc4c(c3)OCO4)c3ccccc32)cc1,0
COc1cccc(-c2nc(=S)c3c(n2CCCO)CCCC3)c1,0
Cc1noc(C)c1C(=O)Nc1ccccc1-c1ccccc1,0
Cn1c(SCc2nc3ccccc3[nH]2)nnc1-c1cnccn1,0
COc1ccc(OC)c(S(=O)(=O)Nc2ccccc2F)c1,0
Clc1cccc(Nc2c3c(nc4ncnn24)CCC3)c1,0
CC(C)CC(NC(=O)COc1ccccc1)C(=O)O,0
COc1ccc(N2CCN(C(=O)c3ccc(NS(=O)(=O)c4ccccc4)cc3)CC2)cc1,0
CC(=O)Nc1ccc(S(=O)(=O)N2C3CCCC2CC(NC(=O)C2CCCCC2)C3)cc1,0
O=C(O)CCn1c(=O)c2ccccc2c2ccccc2c1=O,0
Cc1nnc(C)n1/N=C/c1cccc(Oc2ccccc2)c1,0
N#Cc1ccccc1NC(=O)COC(=O)c1ccc(S(=O)(=O)N2CCCC2)cc1,0
O=C(CCCC(=O)N(CC(=O)NC1CCCC1)Cc1ccccc1)Nc1ccccn1,0
COc1cc(C)c(Cl)cc1S(=O)(=O)NCc1ccncc1,0
COc1cccc(NC(=O)N2CCC(N3CCCCC3)CC2)c1,0
CCOC(=O)NC(=O)CSc1nnnn1-c1ccc(C)cc1,0
CCN(CC)S(=O)(=O)c1ccc2oc(C(=O)O)c(C)c2c1,0
CCN(C(=O)CN1CCN(c2ccc(O)cc2)CC1)c1c(N)n(Cc2ccccc2)c(=O)[nH]c1=O,0
O=C(NCCC(=O)N1CCN(c2ncccn2)CC1)c1ccccc1,0
CCOc1ccc(-c2nnc(NC(=O)c3ccc(OCC(C)C)c(OC)c3)o2)cc1,0
O=C1CC(=O)N(CCc2ccccc2)C(=O)N1CCc1ccccc1,0
CCOC(=O)c1[nH]c2ccccc2c1NC(=O)C1CCCC1,0
COc1ccccc1NC(=O)CN(Cc1ccco1)C(=O)c1cccs1,0
Cc1ccc2nsnc2c1S(=O)(=O)N1CCN(Cc2ccc3c(c2)OCO3)CC1,0
CCCCN1Cc2cc(C(=O)c3cc(F)ccc3O)cnc2NC1=O,0
CC1CCN(S(=O)(=O)c2ccc(NC(=O)Cn3nnc(-c4ccccc4)n3)cc2)CC1,0
CCc1nc2oc3cc(OC)ccc3c(=O)c2c(=O)n1Cc1ccco1,0
Cn1c(=O)n(CC(=O)N2CCOCC2)c2ccccc21,0
O=C(CSc1nc2ccccc2o1)Nc1ccc(N2CCOCC2)cc1,0
O=C(CN(C(=O)CCC(=O)Nc1nccs1)c1cccc(F)c1)NCC1CCCO1,0
Cc1cc(NC(=O)c2ccc3nc(-c4ccccc4)c(-c4ccccc4)nc3c2)no1,0
Cc1ccc2[nH]c3c(N4CCN(Cc5ccc6c(c5)OCO6)CC4)ncnc3c2c1,1
CCN(CC)C(=O)c1c[nH]c2ccc(S(=O)(=O)Nc3cc(C)cc(C)c3)cc2c1=O,0
CC(C)N1CC(=O)C(c2nc3ccccc3[nH]2)=C1N,0
CCOC(=O)c1ccc2nc(NC(=O)c3ccco3)sc2c1,0
COc1ccc(C(=O)CSc2nnc(-c3ccoc3C)n2CC2CCCO2)cc1,0
Cc1cc(C)nc(SCc2cccc(C(=O)O)c2)n1,0
CCOc1ccccc1N(CC(=O)N1CCCCCC1)S(C)(=O)=O,0
Cc1[nH]c2ccccc2c1-c1nc2ccccc2[nH]1,0
O=C1CCC(=O)N1CNc1ccc(Oc2ccccc2)cc1,0
COC(=O)c1cccc(S(=O)(=O)N2CCC(NC(=O)NC34CC5CC(CC(C5)C3)C4)CC2)c1,0
O=C(Nc1ccc(F)cc1Cl)c1ccc2c(=O)n3c(nc2c1)CCCCC3,0
CCn1nc(NC(=O)c2ccccn2)c2cc3cccc(C)c3nc21,0
CCOc1cccc(-c2nnc3sc(-c4cc(OC)c(OC)c(OC)c4)nn23)c1,0
O=C(CSc1nc2sc3c(c2c(=O)n1-c1ccccc1)CCCC3)NCc1ccco1,0
CC(C)C(NC(=O)OCc1ccccc1)C(=O)NCC(=O)OC(C)(C)C,0
O=C(CSc1nnc(-c2cnccn2)n1Cc1ccco1)c1ccc(Cl)cc1,0
Cc1ccc2c(C(=O)CN3CCN(C4CCCCC4)CC3)c(C)[nH]c2c1,0
CCCCN1C(=O)NC(=O)/C(=C(/C)NCCN2CCCCC2)C1=O,0
C=C1Cn2c(nnc2-c2ccc(Cl)cc2)S1,0
CCOc1ccc2[nH]c(=O)c(CN(Cc3ccc(F)cc3)C(=O)N3CCCC3)cc2c1,0
Cc1onc(-c2ccccc2)c1C(=O)Nc1ccnn1C1CCCCC1,0
Cc1csc(NC(=O)C2CCCN(S(=O)(=O)c3cccnc3)C2)n1,0
CCOC(=O)N1CCC(N2C(=O)c3ccccc3C2Nc2cc(Cl)c(OC)cc2OC)CC1,0
O=C(NCc1ccco1)C1CCN(c2ccc(N3CCOCC3)nn2)CC1,0
COCCNC(=O)CCCCCN1C(=O)CCC1=O,0
CCOC(=O)c1c(NC(=O)c2cccs2)sc(C)c1C,0
CCCCN1CCC(C#N)(Nc2ccccc2)CC1,0
O=C(COC(=O)C1CC(=O)N(c2ccccc2)C1)c1ccccc1,0
CCCCCNc1nc(N2CCCC2)c2c(c1C#N)CCN(C)C2,0
Cc1noc(C)c1CSc1nnc2c(C)cc3ccccc3n12,0
OC1(c2ccc(F)cc2)CC2CCC(C1)N2Cc1nnnn1C1CCCC1,0
COCc1[nH]nc2c1C(C1C=CCCC1)C(C#N)=C(N)O2,0
O=C(NCCc1ccc(S(=O)(=O)N2CCCC2)cc1)c1cccs1,0
CN(CC(=O)NCCN1CCN(Cc2ccccc2)CC1)S(=O)(=O)c1cccc2nsnc12,0
COc1ccc(NC(=O)c2c(NC(=O)CNCc3ccco3)sc3c2CCC3)c(OC)c1,0
O=C(Nc1ccccc1C(=O)NC1CCCC1)NC1CCCC1,0
N#Cc1nc(Cc2ccccc2)oc1NCCCn1ccnc1,0
COc1cccc(NC(=O)Cc2nnc(SCC(=O)c3ccccc3)n2C)c1,0
CCOc1cc(C2C(C(=O)O)c3cc(OCC)c(OCC)cc3C(=O)N2C)ccc1O,0
Cc1ccc(-n2c(N)c(-c3nc4ccccc4n3C)sc2=S)cc1,0
COc1ccc2nc(/N=C/N(C)C)sc2c1,0
COc1ccc(-n2c(SCC(=O)Nc3ccc4c(c3)OCO4)nnc2C(C)N2CCCCC2)cc1,0
CCC(Sc1nncn1C)C(=O)Nc1ccccc1OC,0
COc1ccc(N2CCC(CNC(=O)Nc3ccc(OC)cc3OC)C2)cc1,0
COC(=O)c1ccc(CS(=O)(=O)c2ccccc2C)o1,0
CC(NC(=O)CSc1nnc(Cc2ccccc2)o1)c1ccccc1,0
CCSc1nnc(N(CCC#N)CCC#N)s1,0
CCOc1ccc(S(=O)(=O)NCCCN2CCOCC2)c2ccccc12,0
O=C(NC1CC1)c1ccc(S(=O)(=O)NCC2CCCCC2)cc1,0
COc1ccccc1C(=O)n1nc(-c2ccccc2)nc1NCc1ccco1,0
Cn1c(SCC(=O)Nc2ccc3c(c2)oc2ccccc23)nnc1-c1ccccc1,0
O=C(NCC1CCCO1)c1cccc(-n2cnnn2)c1,0
CC(C)NC(=O)c1cc(-c2ccco2)on1,0
c1ccc2c(c1)NC(CN1CCOCC1)CO2,0
CC(=O)Nc1ccc(C(=O)CSc2nc3ccccc3n2CC(=O)N2CCCC2)cc1,0
CC1CCCN(C(C(=O)Nc2ccc3c(c2)OCCO3)c2ccccc2)C1,0
COC(=O)c1cc(OC)c(OC)cc1NC(=O)CSc1nnc(-c2cccnc2)n1C,0
O=C(COc1ccc(S(=O)(=O)NC2CCCCC2)cc1Cl)NCC1CCCO1,0
O=C(O)Cn1nc(Cc2ccccc2)c2ccccc2c1=O,0
Cc1cc(C)cc(NC(=O)C2CCN(c3nc(C)cc(C)n3)CC2)c1,0
CC(C)n1c(=O)[nH]c2ccccc21,0
Cc1ccccc1NC(=O)C1CCCN(S(=O)(=O)c2cccc3cccnc23)C1,0
Cc1cc(C(=O)CSc2nnc(-c3cccs3)o2)c(C)n1-c1ccccc1,0
COc1ccc(S(=O)(=O)Nc2cc(C)on2)cc1OC,0
Cc1ccc(CNC(=O)CSc2nc(N3CCCCC3)nc(N3CCCCC3)n2)cc1,0
CCC(NC(C)c1ccccc1)=C1C(=O)N(C)C(=O)N(C)C1=O,0
CCOC(=O)Nc1cc(OC)c(OC)cc1Cc1nccc2cc(OC)c(OC)cc12,0
CCOC(=O)Cn1c(SC)nc2sc3c(c2c1=O)CC(C)(C)OC3,0
O=C(NCc1cccs1)C1CCN(S(=O)(=O)c2ccc3c(c2)OCCO3)CC1,0
CC1(C)c2ccccc2N2CCC(=O)NC21/C=C/c1ccco1,0
CCOC(=O)c1c(NC(C)=O)sc2c1CCCNC2=O,0
COc1ccc(N(CC(=O)Nc2ccc(C)c(C)c2)S(=O)(=O)c2c(C)n[nH]c2C)cc1,0
COc1ccc(-c2nnc(SCC(=O)NCc3ccco3)n2C)cc1,0
O=c1nc(N2CCN(c3ccccc3)CC2)[nH]c2c1CCC2,0
CC(=O)Nc1ccc2c(c1)C(=O)N(C1CCCCC1)C2=O,0
CCC(C)n1c(-c2cccs2)nc2nc3ccccc3nc21,0
COc1ccc(Cl)cc1NC(=O)CSc1nncn1-c1cccnc1,0
CC(=O)c1c(C)nc2ccccn12,0
CC1(C)CN=C(Nc2nc3ccccc3s2)S1,0
COc1cccc(C2=CC(c3cc(OC)ccc3OC)N3NN=NC3=N2)c1,0
Cn1c(C(=O)N2CCc3ccccc3C2)cc2oc3ccccc3c21,0
CCOC(=O)N1CCC(N(CCOC)C(=O)Nc2ccc(Cl)cc2)CC1,0
COc1ccc(OC)c(S(=O)(=O)N(C)CC(=O)N2CCN(c3ccccc3)CC2)c1,0
O=C(O)C1CSC(c2cccnc2)N1,0
CCOc1ccccc1N(CC(=O)N1CCOCC1)S(=O)(=O)c1ccccc1,0
C=CCn1c(COc2ccccc2)nnc1SCC(=O)NCC(=O)OCC,0
O=C(CCn1c(=O)sc2ccccc21)NCc1ccco1,0
COc1ccc(-c2csc(NC(C)=O)n2)cc1OC,0
Cc1cc(C)c(C#N)c(OCC(=O)c2ccccc2)n1,0
O=C(CSc1nnc(Cc2ccccc2)n1-c1ccc(Cl)cc1)N1CCOCC1,0
C=CCNC(=O)NC(CCSC)C(=O)OC,0
CCCN1C(=O)c2ccc(C(=O)NCc3ccco3)cc2C1=O,0
CCCC(=O)N1CCN(S(=O)(=O)c2cc(Cl)ccc2OC)CC1,0
COc1ccc(N2CCN(C(CNC(=O)c3ccc4c(c3)OCO4)c3cccnc3)CC2)cc1,0
Cc1csc(NC(=O)C2CCN(C(=O)CSc3nnc(C)n3Cc3ccccc3)CC2)n1,0
Cc1ccccc1NC(=O)c1cnn(-c2ccccc2)c1NC(=O)c1ccco1,0
CCCCN(C(=O)CNC(=O)c1ccco1)C(C(=O)NC1CCCCC1)c1ccc(OC)cc1OC,0
CC1(C)CC(=O)C(=CNC2CCCCC2)C(=O)C1,0
CCc1ccc(OCC(=O)Nc2ncc3c(n2)CC(C)(C)CC3=O)cc1,0
COc1ccc(NC(=O)C2CCN(C(=O)NC3CCCCC3)CC2)c(OC)c1,0
COc1ccccc1C(=O)Nc1ncc2c(n1)CC(c1ccco1)CC2=O,0
Cc1ccc(S(=O)(=O)N2CCN(C(=O)N(C)C)CC2)cc1C,0
O=C(Nc1ccc2c(c1)OCO2)N1CCN(C/C=C/c2ccccc2)CC1,0
CCC(C)n1cnc2c(c1=O)c1nc3ccccc3nc1n2Cc1ccc2c(c1)OCO2,0
Cc1cc(C(=O)CSc2nc3ccccc3n2CCC#N)c(C)n1Cc1cccs1,0
CCOc1ccccc1NC(=O)CSc1nnc(-c2cnccn2)n1C,0
Cc1cccc(Cn2cnc3c(nnn3Cc3ccc(Cl)cc3)c2=O)c1,0
CN1CCN(S(=O)(=O)c2ccc(NC(=O)c3ccc(F)cc3)cc2)CC1,0
COCCCNC(=O)CCCn1c(=O)c2ccccc2n(CC(=O)Nc2c(C)cccc2C)c1=O,0
COc1ccc(C(=O)Oc2c(CN3CCOCC3)cc(Cl)c3cccnc23)cc1,0
CCN(CC)S(=O)(=O)c1cccc(C(=O)NCC(=O)OCC(=O)NCc2ccccc2)c1,0
Cc1nc2oc3ccccc3c(=O)c2c(=O)n1-c1ccccc1,0
c1ccc(CSc2nnc3c(n2)OC(c2ccco2)Nc2ccccc2-3)cc1,0
C=CCNc1nc(N)c(C(=O)c2ccc3c(c2)OCO3)s1,0
COc1ccc2c(=O)c(N3C(=O)c4ccccc4C3=O)c(C)oc2c1,0
COc1ccc(CN(Cc2nc(=O)c3ccccc3[nH]2)C(=O)C(C)(C)C)cc1,0
Cc1cccc(N2CN=c3s/c(=C\c4ccncc4)c(=O)n3C2)c1,0
Cc1cc2c(s1)CCCCC(=O)N2,0
COc1ccc(C(CNC(=O)c2ccc3c(c2)C(=O)N(CCC(C)C)C3=O)N2CCOCC2)cc1,0
CC(=O)Nc1ccc(S(=O)(=O)NCC2CCC(C(=O)N3CCCCCC3)CC2)cc1,0
COc1ccc(CN2CCNC(=O)C2CC(=O)O)cc1OC,0
O=C(Nc1c(C(=O)NCc2ccco2)cnn1-c1ccccc1)c1ccc(F)cc1,0
CCOC(=O)N1CCN(C(=O)CCc2ccc(S(=O)(=O)NCCc3ccccc3)cc2)CC1,0
COC(=O)c1c(NC(=O)c2ccco2)sc2c1C(C(=O)OC)CC2,0
CCO/C=N/c1c(C#N)c2c(c(=S)n1C)COC(C)(C)C2,0
COc1ccccc1S(=O)(=O)Cc1ccc(C(=O)N2CCOCC2)o1,0
CCN1C(=O)/C(=C\N2CCN(c3ccccc3)CC2)SC1=S,0
O=c1c2c(nc3nc(Cc4ccccc4)[nH]n13)CCC2,0
Cc1nn(-c2ccc(F)cc2)c2c1cc(C#N)c1nc3ccccc3n12,0
Cc1c(C(=O)NC(C)CN2CCCCC2)oc2ccccc12,0
Cc1ccc(N2C(=O)CSC2c2cccnc2)cc1F,0
CCOC(=O)C1CCCN(C(=O)CCNS(=O)(=O)c2ccc3c(c2)CCC(=O)N3)C1,0
Cc1c(NC(=O)CSc2nncc3ccccc23)c(=O)n(-c2ccccc2)n1C,0
CSCCC(NC(=O)c1cc(CC(C)C)oc1C)C(=O)O,0
Cc1ccc(C(C)C)c(OCc2ccc(-c3nnco3)cc2)c1,0
Clc1ccccc1-c1nc(-c2cccnc2)no1,0
Cc1ccc(NC(=O)N2CCC(NC(=O)c3ccccc3C)CC2)cc1,0
O=S(=O)(Nc1nc2ccccc2nc1NCC1CCCO1)c1cccs1,0
COc1ccc(C(=O)Nc2nccs2)cc1OC,0
COc1ccc(CCNc2ncnc3[nH]ncc23)cc1OC,0
O=C(Nc1ccc(N2CCCC2)c(Cl)c1)c1ccco1,0
Cc1cccc(C)c1NC(=O)CSc1nnc(C2CCCN2C(=O)OC(C)(C)C)o1,0
O=C(NC1CCCCCC1)C1CCN(c2nc3ccccc3o2)CC1,0
Cc1cc(C)c2[nH]c(=O)c(CN(Cc3ccco3)C(=O)C3CCCO3)cc2c1,0
c1ccc2c(c1)[nH]c1c(NCC3CCCO3)ncnc12,0
CC1CCC(C(=O)NC(C(=O)N2CCN(c3ccccn3)CC2)C(C)C)CC1,0
O=C(CSc1nnc2sc3ccccc3n12)NCc1ccc2c(c1)OCO2,0
COc1ccc(-c2cn3c(C)c(C(=O)Nc4cccc(C)n4)sc3n2)cc1,0
Cc1c(NC(=O)c2ccc(Cl)c(S(=O)(=O)N3CCOCC3)c2)c(=O)n(-c2ccccc2)n1C,0
Cc1cccc(N(C)C(=S)Oc2ccc3ccccc3c2)c1,0
O=C1C2C3c4ccccc4C(c4ccccc43)C2C(=O)N1Cc1ccco1,0
Cc1cc(=O)oc2c(CN3CCN(C)CC3)c(O)c(Cl)cc12,0
CCCc1cc(C(=O)Nc2cc(OC)c(Cl)cc2OC)no1,0
COC(=O)C1=CN(CC2CCCO2)C=C(C(=O)OC)C1c1cc(OC)c(OC)c(OC)c1,0
COCCCNCCOc1cc(C(C)C)ccc1C,0
CCC1Oc2ccccc2N(CC(=O)Nc2ccccc2OC)C1=O,0
Cc1cc(Nc2ccc(Cl)cc2)n2nnnc2n1,0
CCN1C(=O)N(CN2CCOCC2)C2C1N(CN1CCOCC1)C(=O)N2CC,0
COc1ccc(NC(=O)C2=C/C(=C3/C=C(C)C=CC3=O)NN2)cc1Cl,0
O=C(CSc1ncn(-c2ccccc2)n1)c1cccs1,0
CCn1c(CSc2ncccn2)nnc1SCC(=O)N1CCc2ccccc21,0
c1ccc(-n2cnc3cc(NCc4ccncc4)ccc32)cc1,0
CCCS(=O)(=O)N1CCCC(C(=O)NCCCN2CCN(c3cccc(Cl)c3)CC2)C1,0
COc1ccc(C(=O)Nc2nc(-c3cccs3)cs2)cc1,0
COc1cc2cc(C(c3nnnn3C3CCCC3)N3CCCCC3)c(=O)[nH]c2cc1OC,0
CCCN(CCC)Cc1c(C(=O)OCC)nnn1-c1nonc1N,0
CCc1ccc2nc(NC(=O)CSCc3c(C)noc3C)sc2c1,0
COCCNc1ncnc2nc[nH]c12,0
CN1C(=O)c2ccc(C(=O)NCc3ccccc3)cc2C1=O,0
COc1ccc(-c2noc(C3CCCN(C(=O)c4cccs4)C3)n2)cc1,0
CCCC(=O)Nc1ccc2oc(-c3ccncc3)nc2c1,0
CCC(C)(C)NC(=O)C(c1ccco1)N(C(=O)Cn1nnc2ccccc21)c1ccc2c(c1)OCO2,0
Cc1cc(C)nc(N(C#N)Cc2ccccc2Cl)n1,0
O=C(C1CCC1)N(CCc1ccccc1)Cc1nc(=O)c2ccccc2[nH]1,0
Cc1ccc(Nc2cc(-n3nc(C)cc3C)ncn2)c(C)c1,0
COc1ccccc1N(C)S(=O)(=O)c1ccc(C(=O)NC2=NCCS2)cc1,0
CCCCCn1c(CN2CCN(c3cccc(Cl)c3)CC2)nc2c1c(=O)n(C)c(=O)n2C,0
Fc1ccc(CSc2ncnc3c2oc2ccccc23)cc1,0
CC1Cc2ccccc2N1C(=O)Cn1c(=O)oc2cc(S(=O)(=O)NC3CCCC3)ccc21,0
Cc1cccc(OCCCC(=O)Nc2ccc(S(=O)(=O)Nc3onc(C)c3C)cc2)c1C,0
CC1CCc2c(sc3ncnc(NCCN4CCOCC4)c23)C1,0
Nc1cc(=O)nc(SCc2cccc(Cl)c2)[nH]1,0
COc1ccc(-n2ncc3c(Nc4cccc(C)c4)ncnc32)cc1,0
CC(Sc1nc(N2CCCCC2)c2c(c1C#N)CCCC2)C(=O)O,0
CCN(CC(=O)Nc1cccc(OC)c1)C(=O)C1CCN(C(=O)Nc2ccccc2)CC1,0
CCOC(=O)N1CCN(C(=O)CSCC(=O)Nc2nc(-c3ccccc3)cs2)CC1,0
CCn1[nH]c(=O)/c(=N/c2c(C)n(C)n(-c3ccccc3)c2=O)cc1-c1ccc(Cl)cc1,0
CCOC(=O)N1CCN(C(=O)CSCc2nc(-c3ccccc3F)oc2C)CC1,0
O=C(CSc1nc(O)c(C2CCCCC2)c(=O)[nH]1)Nc1ccc(Cl)cc1,0
CN(Cc1ccccc1)C(=O)CCCn1c(=O)[nH]c2cc(Cl)ccc2c1=O,0
COc1ccc(C(C)=O)cc1COC(=O)Cc1n[nH]c(=O)c2ccccc12,0
O=C1CC(Nc2ccc(N3CCOCC3)cc2)C(=O)N1Cc1ccccc1,0
O=C(NCCN1CCOCC1)c1cc2sccc2n1Cc1ccc(Cl)cc1,0
Cc1ccc(Cn2ccc(NC(=O)c3cc(-c4cccc(Cl)c4)on3)n2)cc1,0
O=C(Nc1ccc2c(c1)CCC2)c1cnccn1,0
COc1cccc(NC(=O)CCSc2nnc3scc(-c4ccccc4)n23)c1,0
COc1ccc2nc(N3CCCC(C(=O)NCCCN4CCN(C)CC4)C3)sc2c1,0
CCC(Sc1ccc2nnc(-c3cccnc3)n2n1)C(=O)O,0
CCOC(=O)N1CCN(C(=O)Cc2ccsc2)CC1,0
CCOc1ccc(C(=O)N2CCN=C2SC)cc1OCC,0
CCOC(=O)C1CCCN(C(=O)CN2C(=O)c3ccccc3C2=O)C1,0
c1ccc(-c2cc(-c3nc(-c4cccnc4)no3)c3ccccc3n2)cc1,0
COc1cccc(-n2c(C)c(C(C)=O)c(C(C)=O)c2C)c1,0
O=C(Nc1cccc(Cl)c1)c1c(O)n(Cc2ccco2)c2c(c1=O)CCCC2,0
O=C(CCCC(=O)N(CC(=O)NC1CCCC1)Cc1ccc(F)cc1)Nc1ccccn1,0
Cc1nnc2c3cnn(-c4ccc(Cl)cc4)c3ncn12,0
Nn1c(SCC(=O)N2CCCc3ccccc32)nnc1-c1ccccc1,0
CCCCCCNC(=O)Nc1ccccc1,0
Cc1ccc(CSc2nc3c(c(=O)[nH]c(=O)n3C)n2CCC(C)C)cc1,0
O=C(Cn1cnc2c(nnn2Cc2ccccc2)c1=O)c1ccccc1,0
Cc1ccsc1C1NC(=O)c2ccccc2N1,0
COc1ccc(Nc2nc(=O)c(Cc3ccccc3)n[nH]2)c(OC)c1,0
CC(=O)n1nc(-c2ccco2)nc1N,0
Cc1ccccc1OCCC(=O)Nc1c(C)n(C)n(-c2ccccc2)c1=O,0
Cc1ccc(CCNC(=O)C2CCN(S(=O)(=O)c3ccc4c(c3)CCC(=O)N4)CC2)cc1,0
CCN(CC)CCCNC(=O)c1cc2c(-c3ccc(Cl)cc3)nn(C)c2s1,0
CCOC(=O)C1=C(C)N=c2s/c(=C\c3ccncc3)c(=O)n2C1c1ccc2c(c1)OCO2,0
CC1CCC(NC(=O)C2CCN(c3cnccn3)CC2)CC1,0
Cc1sc2nc(CN3CCOCC3)nc(N3CCC(C(N)=O)CC3)c2c1C,0
COc1cccc(-c2nc(CS(=O)(=O)CC(=O)NCc3ccccc3OC)c(C)o2)c1,0
CSc1ccccc1NC(=O)c1c(C)noc1C,0
COc1ccc(C(=O)NCCCCCC(=O)O)cc1OC,0
COc1ccc(NC(=O)N2CCC(O)(c3cccnc3)CC2)c(OC)c1,0
CCOC(=O)N1CCC(NC(=O)c2cc3ccccn3n2)CC1,0
COc1ccccc1N1CCN(C(=O)c2sc3nc(-c4ccccc4)cn3c2C)CC1,0
CCn1c(Cc2ccccc2)nnc1SCC(=O)Nc1nc(C)c(C)s1,0
O=c1c2c3c(sc2n2cnnc2n1-c1ccccc1)N(Cc1ccccc1)CCC3,0
Cn1c(=O)[nH]c(=O)c2c1nc(OC(=O)c1ccccc1)n2CC(O)COc1ccccc1,0
Cc1nc(C)n(C(C)CC(=O)O)n1,0
OC(COCC1CC=CCC1)Cn1cnc2ccccc21,0
Cc1cccn2c(=O)c3cc(C#N)c(=O)n(Cc4cccnc4)c3nc12,0
O=C(C1CCCN(S(=O)(=O)Cc2ccccc2)C1)N1CCc2ccccc21,0
Cc1ccc(-c2cc(-c3ccc(Cl)cc3)c(C#N)c(N)n2)o1,0
c1ccc(Cc2nnc3sc(-c4cccs4)nn23)cc1,0
N#C/C(=C1/CCCCCN1)c1nc2ccccc2[nH]1,0
CC(C)N(C(=O)Nc1ccc2nccnc2c1)C(C)C,0
c1coc(CNc2nc(-c3ccncc3)cs2)c1,0
COc1ccc(OC)c(NC(=O)Nc2ccccc2C)c1,0
N#Cc1c(NC(=O)CN2CCN(C(=O)c3ccco3)CC2)sc2c1CCCCC2,0
CC(C)(C)c1csc(NC(=O)c2ccc(Cl)s2)n1,0
Cc1ccc(OCC(=O)Nc2ccc(N(C)C)cc2)cc1,0
Fc1ccc(Cn2nnnc2C(c2cccs2)N2CCCCCC2)cc1,0
O=C1c2ccccc2C(=O)N1CCC(=O)N1CCc2ccccc21,0
O=c1nc2scc(-c3ccccc3)n2c2ccccc12,0
CC(Sc1nnc(N)s1)c1ccccc1Cl,0
CC1CCN(C(=O)CN2C(=O)C(=O)c3ccccc32)CC1,0
O=C(c1ccco1)N1CCN(C(=O)C(Cc2ccccc2)NS(=O)(=O)c2cccs2)CC1,0
O=C(O)CCC(=O)N1CCc2cc(S(=O)(=O)NC3CCCC3)ccc21,0
O=S(=O)(c1cccc2cccnc12)n1cnc2ccccc21,0
COC(=O)c1cc(-c2c(C)oc3cc(OC)ccc3c2=O)c(C)o1,0
O=C(CCSc1nnc2scc(-c3ccccc3)n12)NCc1ccc2c(c1)OCO2,0
Cc1nn(-c2ccccc2)c(C)c1C(=O)OCC(=O)Nc1ccc2c(c1)OCO2,0
CCOc1ccccc1N(CC(=O)NCc1ccc(OC)cc1)S(C)(=O)=O,0
Cc1cc(C)n2cc(CSc3nnnn3-c3ccccc3)nc2n1,0
CC(=O)c1ccc(OCCCC(=O)OCC(=O)N2CCN(c3ccccc3)CC2)cc1,0
Cc1sc2ncn(-n3c(C)ccc3C)c(=O)c2c1C,0
CCOc1ncccc1C(=O)Nc1ccccc1C(=O)NCc1ccc2c(c1)OCO2,0
CCn1c(SCC(=O)c2ccc(OC)cc2)nnc1C(C)NC(=O)c1ccc(OC)cc1,0
Cc1ccc(-c2cc(C)nc3ncnn23)cc1,0
Cc1nc2sc3c(c2c(=O)n1/N=C/c1ccco1)CCCC3,0
Cc1ccc(-c2cc(-c3nnc(SCC(=O)N(C)CCC#N)n3N)c3ccccc3n2)cc1,0
COc1ccc(OC)c(CN2C(=O)CCC2(C)C(=O)NC2CCCCCC2)c1,0
CCOC(=O)c1cnc(NCc2ccccc2)nc1C,0
COCCCNS(=O)(=O)c1ccc2c(c1)OCCO2,0
O=C(Cn1ncn2c(cc3ccccc32)c1=O)NCc1ccco1,0
CCCCNC(=O)CSc1nc2cc3c(cc2c(=O)n1CCCN(CC)CC)OCO3,0
C=CCn1c2ccccc2c2nnc(SCC(=O)NC(C(=O)OC)C(C)C)nc21,0
C=C(C)Cn1c(Sc2nc3ccccc3[nH]2)nc2c1c(=O)[nH]c(=O)n2C,0
Cc1noc(C)c1S(=O)(=O)N(CC(=O)O)c1ccc2c(c1)OCO2,0
O=C1C2CCCN2C(c2ccccc2)N1c1ccccn1,0
O=c1nc(-c2ccccc2)c2ccccc2[nH]1,0
CC12CC(NC(=O)N1c1ccc(C(=O)N3CCN(c4ccc(F)cc4)CC3)cc1)c1ccccc1O2,0
Cc1cccc(OCc2nc(=O)cc(C)[nH]2)c1,0
Cn1nnc2cc(NC(=O)N3CC4(C)CC3CC(C)(C)C4)ccc21,0
CC(=O)Nc1ccc(OC(=O)N2CCCCC2)cc1,0
COc1ccc(Cn2nnnc2C(C(C)C)N2CCN(c3ccccc3OC)CC2)cc1,0
c1csc(-c2csc3ncnc(NCCCN4CCOCC4)c23)c1,0
CCC1(CC)NC(=O)NC1=O,0
Cc1ccccc1NC(=O)c1nc[nH]c1C(=O)NCc1ccccc1,0
COCCN1Cc2cccc(C(=O)N3CCN(c4cc(C)ccc4C)CC3)c2C1=O,0
CCOc1ccc(C(=O)Nc2nncs2)cc1OCC,0
Cc1occc1C(=O)n1nnc2ccccc21,0
CC1(C)CC(=O)C=C(NC2CC(C)(C)NC(C)(C)C2)C1,0
O=C1CCC/C1=c1\s/c(=C\c2cccnc2)c(=O)n1-c1ccccc1,0
Cc1cc(NC(=O)COC(=O)COc2ccc3c(c2)CCC3)no1,0
CCOC(=O)C1=C(N)OC2=C(C(=O)CCC2)C12C(=O)Nc1ccccc12,0
COCCNC(=O)C(C#N)c1nc2ccccc2nc1N1CCCCCC1,0
CCOc1ccc(C2N(c3cc(Cl)ccc3OC)C(=O)C3CCCN32)cc1OC,0
Cc1nc(NC(=O)CSc2nc3cccnc3n2Cc2ccccc2)sc1C,0
CC12CCC(C(=O)N3CCc4ccccc43)(CC1=O)C2(C)C,0
CCOC(=O)c1ccc(-n2c(-c3ccco3)nc3ccccc3c2=O)cc1,0
COc1cccc(C(=O)Nc2ccc(NC(=O)C(C)C)nc2)c1,0
CC1=C(C(=O)NCc2ccccc2)C(c2ccc(C)o2)N2NC=NC2=N1,0
COc1ccc(CCN2CNc3c(c(=O)n(C)c(=O)n3C)C2)cc1,0
Cc1ccc(S(=O)(=O)N(CC(=O)O)Cc2ccccc2F)cc1,0
COc1ccc(-c2cc(C(F)F)n3ncc(C(=O)NCCCN4CCCC4=O)c3n2)cc1,0
CCC(=O)Nc1ccccc1C(=O)N1CCOCC1,0
Cc1cccn2cc(CNc3ccccc3)nc12,0
CCC1CCCCN1CCCNC(=O)COc1cc(=O)n(C)c2ccccc12,0
CN(C)CCN/C(O)=C1/C(=O)NC2=C(CCCC2)C1=O,0
CC1Cc2ccccc2N1C(=O)CSc1nnc(-c2ccc(S(=O)(=O)N3CCCC3)cc2)o1,0
CCOC(=O)CSc1nnc(CNC(=O)c2ccccc2OC)n1-c1ccc(OC)cc1,0
Cc1cc(C)c2nc(-c3ccccn3)cc(C(=O)NCc3ccco3)c2c1,0
CC(=O)Nc1ccc(C(=O)CSc2nnc(Cn3nnc4ccccc43)n2C)cc1,0
COc1ccc(C2c3sc(=O)[nH]c3SC3C(=O)N(c4ccccc4)C(=O)C32)cc1,0
Cc1cccc(N(C)S(=O)(=O)c2ccc3c(c2)CCC(=O)N3)c1,0
COc1ccc(-c2[nH]c(N3CCCC3)nc(=O)c2C#N)cc1,0
CCOC(=O)c1cc(S(=O)(=O)NC2CCN(C(=O)OCC)CC2)cn1C,0
COC(=O)C(CCSC)NC(=O)Nc1ccc(C(C)C)cc1,0
CCC(=O)c1ccc(OCC(O)Cn2c(C)nc3ccccc32)cc1,0
Cc1ccc(C)c(N(CC(=O)NC2CCCCC2)C(=O)CCC(=O)Nc2ccccn2)c1,0
COCc1nnc(NC(=O)c2ccc(S(=O)(=O)N3CCCCCC3)cc2)o1,0
CCNC(=O)N1c2ccc(OCC)cc2C(C)=CC1(C)C,0
N#Cc1c2n(c3c(=O)n(Cc4ccccc4)cnc13)CCCC2,0
CN(CC(=O)Nc1nc2ccccc2s1)S(=O)(=O)c1ccccc1,0
CCOC(=O)C1=C(C)N=C2SCCC(=O)N2C1c1cccs1,0
Cc1cc(-c2cccnc2)c(C#N)c(SCC#N)n1,0
CC(Sc1nnc2ccccn12)C(=O)Nc1ccc(Cl)cn1,0
CCCCc1nc(N2CCNCC2)c(C#N)c2c1CSC(C)(C)C2,0
COC(=O)c1ccc(COc2ccc(-c3nn[nH]n3)cc2)cc1,0
COc1cc(C)c(C(C)C)cc1S(=O)(=O)n1cnc(C)c1,0
COc1ccc(S(=O)(=O)N2CCN(c3ccc4nnc(-c5ccc(F)cc5)n4n3)CC2)cc1,0
N#Cc1cn(CC(=O)O)c2ccccc12,0
CC(C)(Oc1ccc(Cl)cc1)C(=O)NCc1ccco1,0
Cn1c(CC(=O)Nc2ccccc2)nnc1SCCOc1ccccc1,0
Cc1ccc(CN(C(=O)Cn2nnc3ccccc32)C(C(=O)NCc2ccco2)c2cccs2)cc1,0
COc1ccc(-n2c(=O)[nH]cc(C(=O)N3CCCc4ccccc43)c2=O)cc1,0
N#Cc1cc2cc3c(cc2nc1N1CCOCC1)OCO3,0
Cc1cccc(-c2nnc(SCC#N)n2-c2cccc(Cl)c2)c1,0
COc1ccc(Cc2nnnn2CC(=O)O)cc1,0
c1ccc2oc(SCc3nc4ccccc4s3)nc2c1,0
NC(NC(=O)c1ccccc1)=C1C(=O)CCC1=O,0
O=C(O)CCC(=O)N1CCc2cc(S(=O)(=O)Nc3ccc4c(c3)OCCO4)ccc21,0
O=C(Nc1nc(-c2ccccn2)cs1)C1COc2ccccc2O1,0
CCC(Sc1nc(=O)cc(N)n1CCc1ccccc1)C(=O)Nc1ccccc1C#N,0
COc1ccc2[nH]c(C)c(C(=O)CN3CCN(C(=O)c4ccco4)CC3)c2c1,0
COc1cccc(NC(=O)N2CCCC(C(=O)Nc3ccccc3OC)C2)c1,0
COc1ccc(-n2nc3cc(C)c(NC(=O)C(C)C)cc3n2)cc1,0
Cc1noc(C)c1S(=O)(=O)N1CCC(C(=O)Nc2ccccn2)CC1,0
O=C(Oc1ccc(-c2ccccc2)cc1)N1CCCCC1,0
CCOc1ccccc1NC(=O)Cn1cnc2c(nnn2-c2cccc(OC)c2)c1=O,0
COc1ccccc1NC(=O)c1ccccc1-c1nc(-c2ccccc2OC)no1,0
COC(=O)CSc1nnc(CNc2ccc(F)cc2)o1,0
COc1ccc(N2CCN(S(=O)(=O)c3ccc(OC)cc3)CC2)cc1,0
CCC(C)Sc1nc2c(c(=O)[nH]c(=O)n2C)n1C,0
CNC(=O)c1cc2c(=O)n3cccc(C)c3nc2n1C,0
Cc1cc(=O)oc2cc(OCC(=O)NCCc3nc4ccccc4[nH]3)ccc12,0
O=C(Nc1ccc2c(c1)CCC2)C1CCN(c2c3c(nc4ncnn24)CCC3)CC1,0
Cn1cnnc1Sc1nc2c(c(=O)n(C)c(=O)n2C)n1Cc1ccccc1Cl,0
O=C(NCc1ccc(F)cc1)NC(Cc1ccccc1)C(=O)O,0
CCOc1nc(-c2ccccc2)ccc1-c1noc(-c2ccco2)n1,0
Cc1c(C(=O)Nc2ccc(Cl)cn2)oc2ccccc12,0
CC(=O)c1c(C)[nH]c(C(=O)N2CCC3(CC2)OCCO3)c1C,0
Cc1ccc2cc(CN(CCCO)S(=O)(=O)c3cccc4nsnc34)c(=O)[nH]c2c1C,0
CCOC(=O)C1=C(CNC2CCCCC2)NC(=O)NC1c1cc(C)ccc1C,0
O=C(c1cccs1)N1CCc2ccccc21,0
CCC(=O)Nc1cccc(NC(=O)CSc2nnc(-c3ccc(NS(C)(=O)=O)cc3)n2C)c1,0
Cc1ccc(NC(=O)N2CCC(C(=O)NCCC3=CCCCC3)CC2)cc1,0
COc1cc(C)nc(N2CCCC(C(=O)Nc3cccc(Cl)c3C)C2)n1,0
CC(C)OC(=O)CC(=O)CSc1nc2c(cc1C#N)CCC2,0
COc1cc2c(cc1OC)CN(C(=O)CCCN1C(=O)c3ccccc3C1=O)CC2,0
CCOC(=O)Cc1nnc(NC(=O)c2ccco2)s1,0
CCOC(=O)C1CCN(Cc2coc3ccc(Cl)cc3c2=O)CC1,0
CCCCOC(=O)Nc1cc(OC)c(Cl)cc1OC,0
O=C(Nc1ccc(S(=O)(=O)N2CCOCC2)cc1)C1CCCCC1,0
O=C(NCCN1CCc2ccccc2C1)C1CCN(S(=O)(=O)N2CCC3(CC2)OCCO3)CC1,0
Cn1nnnc1SCC(=O)N1CCN(c2cccc(Cl)c2)CC1,0
COc1ccc(CNc2ccc(S(N)(=O)=O)cc2)c(OC)c1OC,0
CC(C)Cc1nc2oc3c(N4CCN(C)CC4)ncnc3c2c2c1CCCC2,0
COCCCN(C(=O)c1cccnc1SC)c1c(N)n(Cc2ccccc2)c(=O)[nH]c1=O,0
CCN1CCN(c2ccc(NC(=O)COc3ccccc3Cl)cc2)CC1,0
O=C(CSc1ncnc2nc[nH]c12)N1CCN(c2ccccc2)CC1,0
Cc1cc2cc(CNC(=O)c3ccco3)ccc2n1C,0
Cc1cnc(C(=O)Nc2ccc(C(=O)N(C)C3CCCCC3)cc2)cn1,0
Cc1nc(N2CCN(c3ccccc3)CC2)nc2c1C(=O)CC(c1ccccc1)C2,0
O=c1c2ccccc2sn1-c1ccc(S(=O)(=O)N2CCCC2)cc1,0
O=C(NCC1CCCO1)C1CCCN(c2ncccn2)C1,0
CCN(CC)C(=O)CSc1nc2sc(C)c(C)c2c(=O)[nH]1,0
S=C(NCC1CCCO1)n1nnc2ccccc21,0
Oc1c(C(c2cccs2)N2CCC3(CC2)OCCO3)sc2ncnn12,0
Cn1c(=O)[nH]c(=O)c2c1nc(N1CCN(c3cccc(Cl)c3)CC1)n2CCCc1ccccc1,0
CC1(C)CC(N(Cc2ccco2)C(=O)Cc2ccccc2)CCO1,0
O=C(Nc1ccc2oc(-c3ccccc3)nc2c1)c1ccncc1,0
Cc1ccc(NC(=O)c2ccco2)cc1NC(=O)CSc1nnc(-c2cccs2)n1C,0
O=c1cc(Nc2ccc3c(c2)OCCO3)[nH]c(=O)n1-c1ccc(Cl)cc1,0
Cc1cc(C)c2cc(CN(CCN3CCCC3)C(=O)Nc3ccc(F)cc3)c(=O)[nH]c2c1,0
CCOc1cccc2c1OC1(C)CC2NC(=O)N1c1ccc(OC)cc1,0
Cc1nc2ncnn2c(C)c1CCC(=O)NCCC1=CCCCC1,0
Cc1c(/N=C/c2ccco2)c(=O)n(-c2ccccc2)n1C,0
COc1cccc(N2C(SCC(=O)N3CCOCC3)=NN/C2=C2\C=Nc3ccccc32)c1,0
CCCOc1ccccc1C1CC(=O)Nc2cc3c(cc21)OCCO3,0
CCCCCCn1c(CN2CCN(C(=O)OCC)CC2)nc2c1c(=O)n(C)c(=O)n2C,0
Cc1nc2c(cnn2-c2ccc(Cl)cc2)c(=O)n1-c1ccc2c(c1)OCCO2,0
Cc1csc(N(C)C(=O)CSc2nnc(COc3ccccc3C)o2)n1,0
COC(=O)CCc1c(C)nn(-c2ccccc2)c1C,0
CCOC(=O)c1cc2c(=O)[nH]ccc2nc1C,0
CCc1c(C(=O)Nc2ncn(Cc3cccc(C)c3)n2)csc1C,0
Cn1c(=O)[nH]c(=O)c2c1nc(Sc1nc3ccccc3[nH]1)n2CCc1ccccc1,0
O=C1CC(Sc2nnc(-c3ccccc3)o2)C(=O)N1c1ccccc1,0
Cc1ccccc1-n1c(Cn2c(=O)sc3ccccc32)nnc1SCC(=O)N1CCCC1,0
CCOC(=O)Cn1c(=O)oc2cc(S(=O)(=O)N(C)Cc3ccco3)ccc21,0
Cc1cc(NS(=O)(=O)c2ccc(NC(=O)CCCOc3ccccc3)cc2)no1,0
Cc1ccc(-n2nc3c(c2NC(=O)C(C)(C)C)CSC3)c(C)c1,0
Cc1sc2ncn(CC(=O)N(CC(=O)NC3CCCC3)Cc3cccs3)c(=O)c2c1C,0
COc1cc(-c2nnc(COC(=O)CSc3cc(C)c4ccccc4n3)o2)cc(OC)c1OC,0
CCn1c(SCC(=O)N2CCN(c3ccccc3)CC2)nnc1-c1ccoc1C,0
O=C(NCCN1CCOCC1)C1CC(=O)N(c2ccc(F)c(Cl)c2)C1,0
Cc1nn(Cc2ccc(Cl)c(Cl)c2)c(C)c1NC(=O)c1cc(C2CC2)on1,0
CCOc1ccc(NC(=O)CSc2nc3cccnc3n2CCOC)cc1,0
COc1ccc(N2CC(C(=O)Nc3ccc(N4CCOCC4)cc3)CC2=O)cc1,0
O=C(Nc1nccs1)c1nc(-c2ccccc2)n(-c2ccccc2)n1,0
CCNc1oc(-c2cccc3ccccc23)nc1C#N,0
COc1ccc(C(=O)Nc2nc3ccccc3[nH]2)cc1OC,0
CN1CCN(C(c2cccnc2)c2ccc3cccnc3c2O)CC1,0
O=C(CC1Sc2ccccc2NC1=O)Nc1cccc(-c2nnc3n2CCCCC3)c1,0
CC(=O)c1ccc(N2CCN(C(=O)c3ccc(NC(=O)C4CCCO4)cc3)CC2)cc1,0
CCOc1ccc(NC(=O)Nc2ccc(N(C)C(C)=O)cc2)cc1,0
CCN(CC)C(=O)c1ccc(O)c(OC)c1,0
COCCn1c(CN2CC(C)CC(C)C2)nc2c1c(=O)n(C)c(=O)n2C,0
O=C1CCC(=O)N1CC(=O)N1c2ccccc2Sc2ccccc21,0
Cc1oc2cc3c(C(=O)N4CCCCC4)c(C)oc3cc2c1C(=O)N1CCCCC1,0
O=C(Nc1ccc2c(c1)OCO2)C1COc2ccccc2O1,0
Cn1cc(Cl)c(C(=O)N(Cc2ccccc2)c2ccccn2)n1,0
CCOC(=O)N1CCC(NC(=O)CCc2nc(-c3ccccc3F)no2)CC1,0
CCOc1ccc(Nc2nc(Cc3nnc(SCC(=O)O)o3)cs2)cc1,0
O=C(CCNC(=O)Cn1ccc2ccccc2c1=O)NCCN1CCN(c2cccc(Cl)c2)CC1,0
CCOc1ccc(N2CC(C(=O)NCc3cccc(C)c3)CC2=O)cc1,0
CC(C)CCn1c(NCCc2ccccc2)nc2c1c(=O)n(C)c(=O)n2C,0
COc1cc(C(=O)Nc2ccc(NC(=O)C(C)C)nc2)cc(OC)c1OC,0
O=C(c1cc2ccccc2oc1=O)N1CCN(Cc2ccc3c(c2)OCO3)CC1,0
Cc1nc2ccccc2c(=O)n1-c1cccnc1,0
Cc1ccnc(N2CCC(C(=O)Nc3ccc(Oc4ccccc4)cc3)CC2)n1,0
CCCOc1cccc(NC(=O)c2c(-c3ccccc3)noc2C)c1,0
COc1ccc(C)cc1NC(=O)c1nnn(Cc2cccc(F)c2)c1N,0
CC(=O)N1CCC(N(CCCOC(C)C)C(=O)Nc2ccc(Cl)cc2)CC1,0
Cc1cc(C)cc(-n2nnc(C(=O)NCc3ccc(Cl)cc3)c2N)c1,0
COc1ccc(-c2nnco2)cc1OC,0
CC12CN3CC(c4ccccc4)(CN(C1)C31CCCCC1)C2=O,0
O=C(Nc1cc(N2CCOCC2)ncn1)c1ccccc1,0
C=CCc1cccc(CNc2nc3ccccc3n2CCC)c1O,0
Cn1c(SCCS(=O)(=O)c2ccc(Cl)cc2)nnc1-c1ccccc1,0
CN1CCN(C2=c3ccccc3=Nc3ccc(Cl)cc3N2)CC1,0
O=C1CCC(=O)N1OCCCCOc1ccccc1,0
O=C(COc1ccccc1)NCCSCc1ccco1,0
CCCSc1nnc2n(C)c(=O)c3c4c(sc3n12)CCC4,0
NC(=O)c1ccsc1NC(=O)C1CC1,0
CC1=C(C(=O)Nc2ccccc2)C(c2ccc3c(c2)OCO3)C2=C(CCCC2=O)N1,0
O=S(=O)(c1cccc(-c2csc(-c3cccnc3)n2)c1)N1CCCCC1,0
COc1ccc(NC(=O)N(C2CCCCC2)C(C)c2cccnc2)c(OC)c1,0
CC1CN(c2nc3ccccc3nc2C(C#N)C(=O)OC2CCCCC2)CC(C)O1,0
O=C(COc1ccccc1)Nc1ccc(Cl)c(-c2nc3ncccc3o2)c1,0
CCOC(=O)C1CCN(C(=O)c2cn(-c3ccccc3)nc2-c2cccnc2)CC1,0
O=C1c2oc3ccc(Cl)cc3c(=O)c2C(c2cccnc2)N1Cc1ccco1,0
O=C(Nc1cccnc1)c1ccc(CN2CCc3ccccc3C2)cc1,0
CC1CCN(c2nc3ccccc3nc2C(C#N)C(=O)OC2CCCCC2)CC1,0
Cc1nc2ccc(-n3ccc(=O)cc3)cc2s1,0
O=C1c2ccccc2C(=O)C1c1ccncc1,0
CS(=O)(=O)N(CC(=O)N1CCOCC1)c1ccc2c(c1)OCO2,0
CCOC(=O)C1=C(C)NC2=C(C(=O)CCC2)C1c1cc(OC)ccc1OC,0
O=C(Cn1cccc1C(=O)c1ccccc1)NCCN1CCOCC1,0
Cc1nnc(SCC(=O)Nc2ccc3c(c2)OCCO3)s1,0
CCOC(=O)c1nnn(-c2nonc2N)c1CN(C)Cc1ccccc1,0
Cc1c(Cl)cccc1N1C(=O)c2ccccc2C1=O,0
CC1=CC2=c3ccccc3=NC(c3ccc(N(C)C)cc3)N2N1,0
CCOC(=O)c1cc(NC(=O)OC)c(C)nc1C,0
COc1cc(C2C3CCCCC3(O)CCN2CC(=O)Nc2ccc(C)cc2C)ccc1O,0
CNc1nc(C)c(C#N)c(-c2ccccc2)c1C(C)=O,0
CCCOc1ccc(/C=c2\sc3nc(-c4ccco4)nn3c2=O)cc1OCC,0
Cc1ccccc1-n1c(SCC(=O)NCc2cccs2)nnc1-c1ccncc1,0
CCOC(=O)N1CCN(C(=O)CSCC(=O)Nc2nc(-c3ccc(OC)cc3)cs2)CC1,0
CCCC1C2C(=O)N(c3ccccc3OC)C(=O)C2ON1c1ccccc1,0
CN1CCn2c1nc(N1CCOCC1)nc2=O,0
c1ccn2c(SCc3ccc4c(c3)OCO4)nnc2c1,0
O=C(Cn1cnc2ccccc2c1=O)NC1CCCc2ccccc21,0
Cc1ccccc1Nc1nc(N)nc(CN(C)c2ccccc2)n1,0
CCCCC1CCC(C(=O)Nc2c(C)n(C)n(-c3ccccc3)c2=O)CC1,0
N#Cc1nc(COc2ccccc2)oc1NCCCn1ccnc1,0
COc1ccc(C(C)(C)C)cc1NC(=O)C1C2C=CC(C2)C1C(=O)O,0
N#Cc1c(NC(=O)CCn2cnc3ccccc3c2=O)oc(-c2ccccc2)c1-c1ccccc1,0
CC(C)c1ccccc1NC(=O)c1ccco1,0
CC1=NC2(CCCc3c2no[n+]3[O-])N(O)C1(C)C,0
CCOC(=O)N1CCN(S(=O)(=O)/C=C/c2ccccc2)CC1,0
COCCCn1c(SCC(=O)N2CCc3ccccc32)nnc1-c1ccoc1C,0
C=CCN(C(=O)CNS(=O)(=O)c1ccccc1)C(C(=O)NCCOC)c1ccncc1,0
COc1ccc(S(=O)(=O)NCc2ccco2)c2ccccc12,0
COc1cc(C(=O)N2CCC(n3cnc4cc(F)ccc43)CC2)cc(OC)c1OC,0
O=C(CSc1nnc(CNC(=O)c2ccco2)o1)NC1CCCC1,0
Cc1nc2c(nnn2Cc2ccccc2)c(=O)n1-c1ccccc1,0
CCN(C(=O)COc1cc(=O)n(C)c2ccccc12)c1cccc(Cl)c1,0
CC(=O)c1ccc(Nc2ncnc3c2oc2ccccc23)cc1,0
NC(CC(=O)O)c1cccc(OCc2ccccc2)c1,0
Cn1c(SCC(=O)OC2CCCCC2)nnc1-c1ccc(S(=O)(=O)N2CCCC2)cc1,0
CSc1cccc(NC(=O)C2CCCN(S(=O)(=O)c3ccc(F)cc3)C2)c1,0
Cc1ccc(-n2ncc(C#N)c2/N=C/N2CCCCCC2)cc1,0
COC(=O)CN(c1ccc(OC)c(OC)c1)S(C)(=O)=O,0
COc1ccc(CN(Cc2cc3cccc(C)c3[nH]c2=O)C(=O)N(C)C)cc1,0
COc1cccc(NC(C)C(=O)N2CC(C)OC(C)C2)c1,0
CCn1c(SCc2nc3ccccc3[nH]2)nnc1-c1ccncc1,0
O=C1CCCc2c1cc(C(=O)Nc1ccc(Cl)cn1)c(=O)n2-c1ccccc1,0
O=C(CCn1c(=O)oc2ccccc21)N1CCC2(CC1)OCCO2,0
CCN1C(=O)CC(n2c(C)nc3ccccc32)C1=O,0
Cc1onc(-c2ccccc2)c1C(=O)NC(C)C,0
CC1CCC(C(C)C)C(OC(=O)COC(=O)c2ccc(=O)[nH]c2)C1,0
CCC(C)C(NC(=O)C1CCN(C(=O)C(NS(=O)(=O)c2ccc(C)cc2)C(C)C)CC1)C(=O)O,0
Cc1cc(C)nc(NC2=NCC(=O)N2c2ccc(F)c(Cl)c2)n1,0
COc1ccc(OC)c(NC(=O)CSc2nnc(-c3ccco3)n2-c2ccc(C(=O)O)cc2)c1,0
O=C(Nc1ccccc1C(=O)NCc1ccco1)c1ccccc1,0
Fc1ccc(-c2nnc3sc(-c4ccc5c(c4)OCO5)nn23)cc1,0
COc1cccc(C(=O)N2CCN(S(=O)(=O)Cc3ccccc3)CC2)c1,0
O=C(CSCC(=O)Nc1nccs1)Nc1ccccc1,0
CCOC(=O)N1CCN(C(=O)CC(C(=O)N2CCc3ccccc32)n2ccnc2)CC1,0
CCc1cc2cc(C)cc(C)c2nc1SCC(=O)N1CCN(C(=O)c2ccco2)CC1,0
CCOc1ccc(C2C(C#N)=C(N)Oc3nc[nH]c(=O)c32)cc1OC,0
N#Cc1c(-c2ccccc2)[nH]c(N2CCCCCC2)nc1=O,0
CCCn1c(SCC(=O)N2CCN(c3ccc(OC)cc3)CC2)nc2c1c(=O)n(C)c(=O)n2C,0
Cc1csc(N(C(=O)c2cccc(S(=O)(=O)N(C)C)c2)c2ccccc2)n1,0
Cc1onc(-c2ccccc2Cl)c1C(=O)NCc1ccc2c(c1)cc(C)n2C,0
CCCCn1c(N)c(C(=O)OCC2CCCO2)c2nc3ccccc3nc21,0
CCOC(=O)C1CCCN(C(=O)c2cn(C)c(=O)c3cc(OC)c(OC)cc23)C1,0
O=C(c1ccccc1)c1cc(F)c(N2CCOCC2)cc1Cl,0
CCOc1ccccc1NC(=O)CCC(=O)Nc1ccc2nc(N3CCN(C)CC3)cc(C)c2c1,0
COc1ccc(OC)c(NS(=O)(=O)c2cc(OC)ccc2OC)c1,0
O=C(CSc1nnc(Cn2c(=O)sc3ccccc32)n1-c1ccccc1)N1CCOCC1,0
CCOc1ccc(Cn2nnc(C(=O)Nc3cc(C)cc(C)c3)c2N)cc1,0
O=C(OCC(=O)N1CCCC1)c1ccccc1OCc1ccccc1,0
Cc1ccc(C)c(OCc2nnc(NC(=O)c3ccco3)s2)c1,0
CCCCS(=O)(=O)C(=C1Nc2ccccc2N1)S(=O)(=O)CCCC,0
CS(=O)(=O)N1CCc2cc(C(=O)OCC(=O)c3ccccc3)ccc21,0
CN1C(=O)c2ccccc2C(C(=O)NCCCN2CCCC2)C1c1c[nH]c2ccccc12,0
CC(=O)Nc1ccc(-c2ccccc2)s1,0
O=C1CCCN1c1ccc(S(=O)(=O)N2CCC(c3ccccc3)CC2)cc1,0
O=C(Nc1cccc(Cl)c1)c1cnn2cccnc12,0
Cc1csc(NC(=O)C2CCCN2C(=O)OCC(C)C)n1,0
COc1ccc(OC)c(S(=O)(=O)N2CCN(C34CC5CC(CC(C5)C3)C4)CC2)c1,0
Cc1nc(C2CC(=O)OC23CCCCC3)cs1,0
Cc1ccc(C)c(NC(=O)C(Sc2nncn2C)c2ccccc2)c1,0
O=C(COC(=O)c1ccccn1)Nc1ccccc1Cl,0
CS(=O)(=O)N(CC(=O)N1CCCCC1)c1sc2c(c1C#N)CCCC2,0
CCn1c2ccccc2c2cc(NC(=O)c3ccco3)ccc21,0
CCS(=O)(=O)N1CCCC(C(=O)NCCCN(C)Cc2ccccc2)C1,0
CC(C)c1ccc2oc(-c3ccc(NC(=O)c4ncn[nH]4)cc3)nc2c1,0
Clc1ccc(-n2ncc3c(NCc4ccc5c(c4)OCO5)ncnc32)cc1,0
COC1=CC=C/C(=C2\N=C(N3CCCCC3C)c3ccccc3N2)C1=O,0
COc1cc(C(=O)NCCC(=O)NCc2ccc3c(c2)OCO3)cc(OC)c1OC,0
CNC(=O)c1ccccc1-c1ccccc1,0
CC(NS(C)(=O)=O)C(c1cccs1)N1CCN(c2ccc(F)cc2)CC1,0
COc1cccc(C2/C(=C(\O)c3c(C)nc4c(C)cccn34)C(=O)C(=O)N2CCCN(C)C)c1,0
O=C(NC1CCCc2ccccc21)c1cccnc1,0
O=c1[nH]c2cc(Cl)ccc2n1-c1ccccc1,0
C=CCn1c(SCC(=O)/C(C#N)=C(\C)N)nc2sc(CC)cc2c1=O,0
Cc1cc(C)n2nc(C(=O)N3CCOCC3)nc2n1,0
CSc1cccc(NC(=O)Cn2cccc2)c1,0
Cc1cc(C)nc(NC(=O)c2cccc(Cl)c2)n1,0
O=S(=O)(c1ccc(NCCc2c[nH]c3ccccc23)nc1)N1CCOCC1,0
CCCOc1ccc(C(=O)Nc2ccc(N3CCN(C(C)=O)CC3)cc2)cc1,0
O=C(OCN1C(=O)c2ccccc2C1=O)C1CCCCC1,0
CCOCCCNc1nc2ccccc2[nH]1,0
CCCC(=O)Nc1ccc(NC(=O)c2cccc(OC)c2)nc1,0
COc1cc(NC(=O)CN2C(=O)NC(C)(CCC(C)C)C2=O)cc(OC)c1,0
CC(=O)Cc1nsc(NC(=O)c2ccc(COc3ccc(C)cc3)o2)n1,0
Cc1csc(NC(=O)c2cc3c(s2)CCC3)n1,0
Cc1ccc2cc(CN(C(=O)c3ccco3)c3ccccc3)c(=O)[nH]c2c1,0
Cc1ccc(-c2nn3c(C)nnc3s2)cc1NC(=O)c1cccs1,0
CCn1c(SCC(=O)NCC2CCCO2)nc2cc(S(=O)(=O)N3CCCCC3)ccc21,0
Cc1ccc(-n2nnc3c(SCC(=O)N4CCN(c5ccccc5)CC4)ncnc32)cc1,0
Cc1cc(C)c(N2CCN(S(=O)(=O)N3CCCCCC3)CC2)c(C)c1,0
Cc1cccc(Nc2nc(NCc3ccco3)nc(N3CCOCC3)n2)c1,0
O=C(CCCOc1ccccc1)n1nnc2ccccc21,0
N=c1c2c3c(sc2ncn1CCCN1CCOCC1)CCCCC3,0
Cc1ccc(C)c(N2CCN(C(=O)C3CCCN(S(=O)(=O)c4c(C)[nH]c(=O)[nH]c4=O)C3)CC2)c1,0
COC(=O)C(C#N)C(=C1C(=O)CC(C)(C)CC1=O)c1ccc(O)cc1,0
COc1ccc(-c2ncc3ccccn23)cc1,0
N#Cc1nc(-c2ccccc2Cl)oc1NCc1ccco1,0
Cc1nc2c(-c3ccccc3)c(C)nn2c(C)c1CCC(=O)O,0
CC(=O)n1c2ccccc2c2c1c1ccccc1n2C,0
O=C(CNS(=O)(=O)c1cccc2nonc12)NCc1ccc(F)cc1,0
Cc1cc(C)n(CCc2nc(-c3ccc(Cl)s3)cs2)n1,0
C#CCOC(=O)c1ccccc1C(=O)OCC#C,0
O=C(Nc1ccc2c(c1)OCO2)N1CCOCC1,0
O=C1c2ccccc2NC(c2ccc(F)cc2)N1Cc1ccco1,0
COc1ccccc1N1CCN(C(CNC(=O)c2ccco2)c2cccnc2)CC1,0
CCCCn1cnc2c(c1=O)c1nc3ccccc3nc1n2Cc1ccc2c(c1)OCO2,0
Cc1ccccc1OCCn1nc(C(=O)O)c2ccccc2c1=O,0
Cn1c(COc2ccc(Cl)cc2)nc2ccccc2c1=O,0
CCC(C)NC(=O)C1CCN(S(=O)(=O)CC)CC1,0
COc1ccc2nc(N3CCC(O)CC3)c(C#N)cc2c1,0
Cn1c(=O)n(Cc2ccccc2)c(=O)c2c1nc1n2CCCN1Cc1ccccc1,0
COc1ccc(C(=O)NC2CCN(C(=O)NC3CCCCC3)CC2)cc1,0
O=C(CN1C(=O)NC2(CCCCC2)C1=O)NCCC1=CCCCC1,0
CCC(Sc1nc2nnc(C)c-2c(N)n1-c1ccc(C)c(Cl)c1)C(=O)N1CCOCC1,0
O=C(c1cccc(-c2nnc(-c3ccccc3)o2)c1)N1CCCCC1,0
Cc1csc(NC(=O)CCN2C(=O)c3ccccc3S2(=O)=O)n1,0
O=C(NC1=NCCS1)Nc1ccccc1,0
CCOC(=O)CSc1nc(=O)cc(N)[nH]1,0
O=C(NCc1cccnc1)c1cccc2c1C(=O)N(C1CCCCC1)C2,0
CSc1cccc(NC(=O)CN2C(=O)c3ccccc3S2(=O)=O)c1,0
N#CCc1c(C#N)c(N)nc(N2CCN(S(=O)(=O)c3ccccc3)CC2)c1C#N,0
COc1ccc(CC(NC(C)=O)C(=O)NC2CCN(c3nc(C)cc(C)c3C#N)CC2)c(OC)c1,0
O=C(Nc1ccc2c(c1)OCCO2)C1CCCN(S(=O)(=O)Cc2ccccc2)C1,0
CC(NC(=O)C1CCCCC1)C(c1cccs1)N1CCN(C)CC1,0
Cc1ccc(-c2nc(CS(=O)CC(=O)NC3CCCC3)c(C)o2)cc1,0
Cc1ccc2c(c1)N(CCC(=O)N1CCC3(CC1)OCCO3)C(=O)CO2,0
CC(Sc1nc2ccccc2c(=O)n1Cc1ccco1)C(=O)c1ccccc1,0
CC1CCCN(c2nc3ccccc3nc2C(C#N)C(=O)OC2CCCCC2)C1,0
COc1ccc(N2CCN(C(=O)CSc3nnc(-c4cccnc4)n3-c3ccccc3)CC2)cc1,0
N=c1c(C(=O)NCc2ccc3c(c2)OCO3)cc2c(=O)n3ccccc3nc2n1Cc1cccnc1,0
CCc1nc2ccccc2n(CCOCCOCCn2c(=O)c(CC)nc3ccccc32)c1=O,0
Cc1nc(-c2ccccc2)nc2[nH]c(C(C)C)cc(=O)c12,0
Cc1ccc(C)c(CSc2nnc(-c3cccnc3)o2)c1,0
Cc1ccc(-n2cc3c(=O)n(C)c(=O)n(C)c3c2)cc1C,0
CS(=O)(=O)N(CC(N)=O)c1ccc2c(c1)OCO2,0
Cn1c(-c2ccc(F)cc2)cnc1NCc1ccc(C#N)cc1,0
Cc1ccc(Nc2nc(N3CCOCC3)c3ccccc3n2)cc1,0
COc1ccc(NC(=O)Cn2nnc(-c3ccccc3F)n2)cc1,0
c1ccc(N2CCN(Cc3nnnn3C3CCCCC3)CC2)cc1,0
COc1ccc(CCNc2nc(N3CCOCC3)nc(N3CCOCC3)n2)cc1OC,0
CCN(CC(=O)NC1CCS(=O)(=O)C1)C(=O)C(c1ccccc1)c1ccccc1,0
CCn1c(SCC(=O)Nc2ccccc2N2CCOCC2)nnc1-c1ccccc1,0
Cn1cc(S(=O)(=O)CC(=O)Nc2ccc3c(c2)OCO3)c2ccccc21,0
CN(Cc1ccccc1)C(=O)CSc1nc2ccccc2c(=O)n1Cc1ccco1,0
Cc1cccc(S(=O)(=O)c2c(N)n(/N=C/c3ccco3)c3nc4ccccc4nc23)c1,0
O=C(c1ccc(Cl)cc1)N1CCCOC1,0
CC(c1ccccc1)n1cc(C(=O)NCc2ccncc2)nn1,0
CCOC(=O)C1=C(NC#N)OC(C)=C(C)C1c1ccc(O)cc1,0
Cn1c(Cn2c(=O)sc3ccccc32)nnc1SCC(=O)Nc1ccc(F)cc1,0
Cc1cc(C)cc(N(CC(=O)NC2CCCCC2)C(=O)CCC(=O)Nc2cc(C)ccn2)c1,0
Cc1ccc(C)n1-c1ccc(N2CCOCC2)cc1,0
COc1ccc(CN2CCN(Cc3ccccc3)CC2)c(OC)c1,0
CNC(=O)c1cc2c(=O)n3cc(C)ccc3nc2n(Cc2ccco2)c1=N,0
Cc1ccc(OC(C)c2nnc(N)s2)cc1Cl,0
Cc1ccccc1-n1c(C)nnc1SCC(=O)NCC1CCCO1,0
COC(=O)C(NC(=O)NCc1cccc(OC)c1)C(C)C,0
CCCn1c(SCC(=O)Nc2cccc(NC(C)=O)c2)nnc1C(C)C,0
CCOc1ccc(OCc2ccc(C(=O)Nc3cccc(C)n3)o2)cc1,0
CCN(CC)CCn1c2ccccc2c2nc(C)sc21,0
CCOCN(C(=O)Cn1c(CO)nc2ccccc21)c1c(C)cccc1CC,0
COc1ccccc1N1CCN(C(=O)c2ccc(N3CCCC3=O)cc2)CC1,0
O=C(Oc1ccc2c(c1)CCC2)N1CCOCC1,0
O=C(Cn1cnc2ccccc2c1=O)c1ccc2c(c1)OCCO2,0
C=CCn1c(SCC(=O)Nc2ccc(C)cc2C)nnc1-c1cccnc1,0
CCOC(=O)N1CCN(C(=O)CCSCCc2ccncc2)CC1,0
CCCCNC(=O)CCCCCNS(=O)(=O)c1ccc(OC)cc1,0
COc1ccc(N2CCN(CCCNC(=O)c3cc4sccc4n3C)CC2)cc1,0
CC(C)C(C(=O)Nc1ccc2c(c1)OCO2)N1C(=O)c2ccccc2C1=O,0
Cc1onc(-c2ccccc2Cl)c1C(=O)Nc1ccc(-n2nncc2C(C)(C)C)cc1,0
CCOC(=O)N1CCN(C(=O)CN(c2cccc(C)c2)S(=O)(=O)c2ccccc2)CC1,0
Cn1c(SCc2ccc(C#N)cc2Cl)nc2ccccc21,0
O=c1/c(=C/c2ccc3c(c2)OCO3)sc2n1CCCN=2,0
CC(C)C(NC(=O)c1cccs1)C(=O)NC1=NCCS1,0
CCS(=O)(=O)N1Cc2ccccc2CC1C(=O)N1CCN(c2ccccc2)CC1,0
C/C(Nc1ccccc1C)=C1\C(=O)OC(C)C1=O,0
Cc1ccc(-n2c(SCC(=O)N3CCOCC3)nnc2-c2cccnc2)cc1C,0
COc1ccc(CNc2nc3nc(C)c(Cl)c(C)n3n2)cc1OC,0
O=C(Nc1ccc(NC(=O)C2CCCN2C(=O)OCc2ccccc2)cc1)c1ccco1,0
Cc1ccc(CNC(=O)c2cc3c(=O)n4ccccc4nc3n(CC3CCCO3)c2=N)cc1,0
Cn1nc(C(=O)N2CCCC2)c2ccccc2c1=O,0
Cc1ccc(-n2nc(-c3ccc(N)cc3)cc2N)cc1,0
CCOc1ccccc1NS(=O)(=O)c1cccs1,0
Cc1ccc(Cn2c(Sc3nccc(C)n3)nc3c2c(=O)[nH]c(=O)n3C)cc1,0
O=C(c1ccc(Cl)cc1)N1CCCCC(Sc2nnc(-c3ccc4c(c3)OCO4)o2)C1=O,1
CCOC(=O)C1CCN(c2c(NC3CCCc4ccccc43)c(=O)c2=O)CC1,0
Cc1nn2c(-c3ccccc3)c(-c3ccccc3)[nH]c2nc1=O,0
CCn1c(SCC(=O)c2c[nH]c3ccccc23)nnc1-c1cccs1,0
CCn1nc(NC(=O)c2ccncc2)c2cc3cccc(C)c3nc21,0
CCOC(=O)CCc1nn(C)c(=O)c2ccccc12,0
CCn1cc(CNC(=O)CCc2ccc(OC)cc2)cn1,0
Cc1ccccc1CN1C(=O)C2(OCCCO2)c2ccccc21,0
O=C(CCS(=O)(=O)c1cccc2nonc12)NCCc1ccccc1Cl,0
COCCNC(=O)C(c1cccs1)N(CCc1ccccc1)C(=O)Cn1nnc2ccccc21,0
O=C1C(=O)N(CCN2CCOCC2)C(c2ccncc2)/C1=C(/O)c1ccc2c(c1)OCO2,0
CCc1nc2ccccc2n1Cc1cc(=O)n2cc(C)ccc2n1,0
Cc1ccc(-n2[nH]cc3c(=O)nc(SCC(=O)N4CCCC4)nc2-3)cc1C,0
Cc1cc(NC(=O)Cc2c(F)cccc2Cl)no1,0
CCCOc1ccc(C(=O)NCc2cccnc2)cc1,0
Cc1ccc2nc(N3CCOCC3)c3nncn3c2c1,0
CCOC(=O)c1ccc(NC(=O)NC2CCN(CC(=O)NCc3ccc4c(c3)OCO4)CC2)cc1,0
Cn1cc(Cl)c(C(=O)N2CCN(c3ncccn3)CC2)n1,0
COc1ccc2c(c1)-c1nc(NC(=O)c3cccs3)sc1CC2,0
CCOc1ccc(OCC)c(NC(=O)C2CCCN(S(=O)(=O)c3c(C)noc3C)C2)c1,0
Cc1cccc(C)c1NC(=O)C1CC(=O)N(C(C)C)C1,0
CCOc1ccc(S(=O)(=O)Nc2nc3ccccc3nc2N2CCN(C)CC2)cc1,0
COc1cc2nc(C3CCC3)n(NC(=O)C(OC(C)=O)c3ccccc3)c(=O)c2cc1OC,0
CCCCOCCCn1c(N)c(C(=O)OCCOC)c2nc3ccccc3nc21,0
O=C(c1cc(-c2cccc(O)c2)on1)N1CCCCC1,0
CCN(CC)CCCNc1cc2n(c(=O)n1)CCc1cc(OC)c(OC)cc1-2,0
COc1nc2c(C)cccc2cc1-c1noc(-c2ccco2)n1,0
CCCCNC(=O)c1c(C)cc(=O)oc1C,0
O=c1c2cnn(-c3ccccc3)c2ncn1Cc1ccccn1,0
O=C(CCCCn1c(=O)[nH]c2ccccc2c1=O)NCCc1c[nH]c2ccccc12,0
CCCn1nc(NC(=O)c2ccco2)c2cc3ccc(C)cc3nc21,0
COc1ccccc1N1CCN(c2ccc(-c3ccccc3)nn2)CC1,0
CC(=O)Nc1ccc(NC(C)=O)s1,0
CCn1c(C(=O)N2CCCC(C(=O)NCCc3ccc(C)cc3)C2)cc2sccc21,0
CC1=Nn2c(nnc2-c2cc(-c3ccccc3)n[nH]2)SC1,0
O=C(Oc1ccnc2cc(Cl)ccc12)N1CCCCCC1,0
Cc1ccc(Nc2nc(C(=O)N3CCC(C(=O)NCCN4CCOCC4)CC3)cs2)cc1,0
CCSc1nc2c(c(=O)n(C)c(=O)n2C)n1Cc1ccc(Cl)cc1,0
CCn1c(CNC(=O)c2ccc(OC)cc2)nnc1SCC(=O)c1ccccc1,0
COc1ccc(N2CCN(CC(O)c3c[nH]c4ccc(OC)cc34)CC2C)cc1,0
COc1ccccc1OCC(O)CN1C(=O)NC(C)(C)C1=O,0
CCC1CCCCN1S(=O)(=O)c1ccc(C(=O)Nc2nnc(-c3cccs3)o2)cc1,0
COc1ccc(N(CC(=O)N2CCc3ccccc32)S(=O)(=O)c2c(C)n[nH]c2C)cc1,0
COCCn1cc(C(=O)N2CCCC(C)C2)c2c3ccccc3n(C)c2c1=O,0
COC(=O)CC1=C(C(=O)OC)C(c2cccs2)C(C#N)=C(N)O1,0
COc1cc(S(=O)(=O)NCCc2ccc3c(c2)OCO3)ccc1-n1cnnn1,0
Cc1nn(Cc2ccccc2)c(N)c1-c1ccccc1,0
CCC(C)(C)n1nnnc1C(c1cccc(C#N)c1)N1CCN(c2cc(C)ccc2C)CC1,0
COc1ccc(S(=O)(=O)N2CCC(C(=O)Nc3ccccc3C)CC2)c2cccnc12,0
O=C(CCn1c(=O)sc2ccccc21)NCc1cccs1,0
O=C(NCCCn1ccnc1)c1cn(-c2ccccc2)nc1-c1ccc(F)cc1,0
O=S(=O)(c1ccccc1)c1nc(-c2ccco2)oc1NCCCN1CCOCC1,0
CCN1C(=O)c2cccc3c(NC(=O)c4ccc(S(=O)(=O)N(C)C)cc4)ccc1c23,0
Cc1c(NC(=O)N2CCCCCC2)c(=O)n(-c2ccccc2)n1C,0
CCN(Cc1cc2ccc(C)cc2[nH]c1=O)C(=O)c1ccncc1,0
CCOC(=O)C1=C(N)OC2=C(C(=O)CCC2)C1c1ccc(C)s1,0
O=C(CSc1nnc(Cc2ccccc2)o1)NCCc1ccccc1,0
Cc1cc(=O)oc(C)c1C(=O)NCC(C)NC(=O)c1c(C)cc(=O)oc1C,0
O=C(Oc1ccc(OC(=O)c2ccncc2)cc1)c1ccncc1,0
CCn1c(SCc2ccc(C(=O)OC)o2)nc2sc3c(c2c1=O)CCCC3,0
Cc1cc(C)c(C#N)c(Nc2ccccc2Cl)n1,0
CCOc1ccccc1-n1c(SCC(=O)NCc2ccco2)nnc1-c1ccncc1,0
CCN1CCN(C(c2cccs2)C(C)NC(=O)c2ccco2)CC1,0
O=C1NCCCC1C(=O)N1CCN(C(c2ccccc2)c2ccccc2)CC1,0
Cc1ccc(C)c(C(C)NC(=O)C2C3CCC(O3)C2C(=O)O)c1,0
Cc1cc(C)c(C#N)c(SCCS(=O)(=O)Cc2ccccc2)n1,0
COCCNC(=O)c1ccc2c(c1)ncn2-c1ccc(F)c(F)c1,0
O=C(CCS(=O)(=O)c1ccccc1)Nc1nccs1,0
CCOC(=O)c1[nH]c2c(c1C)C(=O)CC(c1ccc(F)cc1)C2,0
CCOC(=O)CC1=C(C(=O)OCC)C(c2ccncc2)C(C#N)=C(N)O1,0
CCN(CC)C(C(=O)Nc1ccc2c(c1)OCO2)c1ccccc1,0
O=C(CSCc1ccccc1Cl)N1CCN(c2ccccn2)CC1,0
CCOC(=O)c1sc(C)c2c(=O)n(CCCN3CCOCC3)cnc12,0
O=C(CSc1nc2ccccc2o1)c1ccc2c(c1)OCCO2,0
Cc1ccc2nc3c(cc(C(=O)NCC4CCCO4)n3C)c(=O)n2c1,0
CN1CCN(c2ccc(NC(=O)COc3ccccc3Cl)cc2)CC1,0
N#Cc1cccc(-n2nnnc2-c2ccccn2)c1,0
CN(C)CCN1CC(C(=O)O)CC1=O,0
COc1ccc(CCNC(=O)CSc2nnc(-c3ccccc3)o2)cc1OC,0
Cc1ccc(C)c(-n2c(SCC(=O)N3CCCC3)nnc2-c2ccccn2)c1,0
CCN1CCCC1CN(Cc1cc2c(C)cc(C)cc2[nH]c1=O)C(=O)NC1CCCCC1,0
COc1ccc(CNC(=O)Cn2cc3c(n2)CCCCC3)cc1,0
c1ccc(Cc2nn3c(Cn4cnc5ccccc54)nnc3s2)cc1,0
CS(=O)(=O)N(CC(=O)NCc1ccc2c(c1)OCO2)c1ccc(Cl)cc1,0
CCOC(=O)C(C)C1(O)c2ccccc2-c2ncccc21,0
Cc1c(NS(=O)(=O)N2CCCC2)c(=O)n(-c2ccccc2)n1C,0
O=C(NCC1CCCO1)C1CCC(=O)N1Cc1ccccc1Cl,0
COc1ccc2c3c(c(=O)oc2c1OCC(=O)C(C)(C)C)CCCC3,0
CCC1Oc2ccccc2N(CC(=O)NCCCN2CCCCC2C)C1=O,0
CC(C)N(c1ccccc1)c1ccc(NC(=O)C2CCCO2)cc1,0
CSc1nc(N)nc(SCC(=O)C23CC4CC(CC(C4)C2)C3)c1C#N,0
COc1ccc(CCNS(=O)(=O)c2ccc3c(c2)CC(C)N3C(C)=O)cc1OC,0
CC(=O)c1c(C)cc(C)c(CSc2nnc(-c3ccco3)o2)c1C,0
CCOC(=O)c1c(N)n(Cc2ccco2)c2nc3ccccc3nc12,0
O=C(C1CCN(C2CC(=O)N(c3cccc(Cl)c3)C2=O)CC1)N1CCCCCC1,0
Cc1cc(NC(=O)COC(=O)C2CCN(C(=O)c3ccc(Cl)cc3)CC2)no1,0
O=C(c1cccc(S(=O)(=O)N2CCCC2)c1)c1nnc(-c2ccncc2)o1,0
O=C(OCc1nnc(-c2ccc(Cl)cc2)o1)c1ccncc1,0
CCOC(=O)NC1(Nc2ccc(Cl)cn2)Oc2ccccc2O1,0
O=C(CSc1nc(-c2ccccc2)cs1)NCc1ccco1,0
CCOC(=O)C1CCN(C(=O)Nc2ccc(OC)c(OC)c2)CC1,0
CCN(CC)c1ccc(NC(=O)CN2CCN(c3nc(C)cc(C)n3)CC2)cc1,0
O=C(c1csc2c1CCCC2)N1CCN(c2ccccc2)CC1,0
Oc1c(C(c2ccco2)N2CCC(Cc3ccccc3)CC2)sc2ncnn12,0
O=C1NC2=C(C(=O)CCC2)C(c2ccc3ncccc3c2)N1,0
Cc1nc(C)c(C(=O)C2=C(O)C(=O)N(CCN(C)C)C2c2ccccc2)s1,0
COc1ccc(NC(=O)C2CCN(C(=O)c3ccccc3)CC2)cc1OC,0
CCCc1nc(SCC(=O)NCc2ccc3c(c2)OCO3)c2c(=O)n(C)c(=O)n(C)c2n1,0
O=C(NC1CCCCCC1)c1nc2ncccn2n1,0
CCSC1=C(C#N)C(c2ccc(Cl)cc2)C2=C(CCCC2=O)N1,0
CCOC(=O)C(NC=O)(NC(C)(C)C)C(=O)OCC,0
CC(C(=O)N1CC2(C)CC1CC(C)(C)C2)N1C(=O)c2ccccc2C1=O,0
CC(=O)c1cccc(NC(=O)CSc2nnc(-c3ccc(S(=O)(=O)N4CCCC4)cc3)o2)c1,0
CCCN(C(=O)c1cccs1)c1nnc(-c2ccncc2)s1,0
CCC1(C)Cc2c(sc3nc4n(c(=O)c23)CCS4)CO1,0
COc1ccc(C2C(C(=O)OCC(=O)N3CCCCC3)CCC(=O)N2c2ccc(OC)cc2)cc1,0
O=C(O)C1C2C=CC(O2)C1C(=O)Nc1ccc(S(=O)(=O)Nc2ccccc2)cc1,0
Cc1ccc(-c2nn(CC(=O)NCC3CCCO3)c(=O)c3ccccc23)cc1,0
COc1cccc(-c2csc3nc[nH]c(=O)c23)c1,0
CCOc1cc2[nH]c(=O)n(CCc3ccc(OC)c(OC)c3)c(=O)c2cc1OCC,0
CS(=O)(=O)Nc1ccc(-c2n[nH]c(=S)n2-c2ccccc2)cc1,0
COc1cc(NS(=O)(=O)c2ccc(OC)c(C)c2C)c(OC)cc1Cl,0
Cc1cc(NC(=O)c2c(-c3ccccc3Cl)noc2C)no1,0
COc1ccccc1-c1noc(CCC(=O)Nc2ccccc2Cl)n1,0
CN(C)S(=O)(=O)c1cccc(C(=O)NCCc2ccccc2)c1,0
COc1ccc(Cl)cc1N1C(=O)C2CCCN2C1c1sccc1C,0
COc1ccccc1N1CCN(C(=O)CSc2nnc(NC(=O)c3ccco3)s2)CC1,0
COc1cc(NC(=O)CSc2nccc(C)n2)c(C(=O)O)cc1OC,0
CCOC(=O)C1CCCN(c2c(NCCCN(C)Cc3ccccc3)c(=O)c2=O)C1,0
COc1ccc2c(c1OC)C(=O)N1C(C(=O)O)Cc3c([nH]c4ccccc34)C21,0
Cc1nc2ncnn2c(C)c1CCC(=O)O,0
Cc1ccc(NC(=O)c2cnc3scc(C)n3c2=O)c(C)c1,0
O=C(Cn1c(=O)c2c(ncn2C2CCCC2)n(Cc2ccccc2)c1=O)N1CCc2ccccc21,0
CCOC(=O)C1=C(C)NC2=C(C(=O)CCC2)C1c1ccsc1,0
O=C1Nc2ccccc2C(=O)/C1=C(\O)NC1CCCCCCC1,0
CC(C)(C)NS(=O)(=O)c1ccc(CCC(=O)O)cc1,0
CC(C)C(NC(=O)c1ccccc1)C(=O)NCc1ccccn1,0
Cc1cc(C(=O)OCC(=O)N2CCOCC2)c2ccccc2n1,0
O=S(=O)(Nc1cccnc1)c1cccs1,0
COc1cccc(NC(=O)CSc2nnc(COc3ccc4c(c3)CCCC4)o2)c1,0
O=C(Nc1nccs1)c1cccc(S(=O)(=O)N2CCCCC2)c1,0
COCCOC(=O)c1c(C)oc2ccc(OC(=O)c3cccs3)cc12,0
c1ccn2c(c1)nc1c2nc2ccccn21,0
COc1cc2c(cc1NC(=O)CN1C(=O)NC3(CCc4ccccc43)C1=O)oc1ccccc12,0
Cc1nn(-c2ccccc2)c(Cl)c1C(=O)Nc1nnc(C2CCCC2)s1,0
CC(=O)C(C(C)=O)=C(N)N1CCN(C(c2ccccc2)c2ccccc2)CC1,0
CCOC(=O)c1sc(NC(=O)CSc2nnnn2-c2ccc(C)c(C)c2)nc1C,0
Nn1c(CSc2ccccn2)nc2ccccc2c1=O,0
COc1ccc(OC)c(S(=O)(=O)N2c3cc(F)ccc3CCC2C)c1,0
Cc1cc(C(=O)CSc2nncs2)c(C)n1-c1ccc2c(c1)OCO2,0
Cc1c(C(Nc2ccccn2)c2ccc(Cl)cc2)c(=O)n(-c2ccccc2)n1C,0
COc1ccccc1S(=O)(=O)n1cc(Cc2ccccc2)c(N)n1,0
C=CCc1ccccc1OCC(O)CN1CCN(c2ccc(C)cc2)CC1,0
CCC(=O)Nc1ccc(S(=O)(=O)N2CCc3ccccc3C2)cc1,0
CCC(Oc1ccccc1)C(=O)NCc1cccnc1,0
CCOC(=O)c1sc2nc(CC(=O)OC)nc(NCCN3CCOCC3)c2c1C,0
CCN(CC(=O)Nc1ccc2c(c1)OCCO2)C(=O)c1cccc(S(=O)(=O)N2CCOCC2)c1,0
CCCC1=C/C(=C2/NNC=C2c2ccc(C(=O)OCC)o2)C(=O)C=C1O,0
CC1CCCN(C(=O)CSCC(=O)/N=c2\sc3ccccc3n2C)C1,0
Cc1ccc(CC2C(=O)N(C)C(=O)N(C)C2=O)s1,0
COc1ccc(-c2noc(-c3cccc(Cl)c3)n2)cc1OC,0
COc1cc(C(=O)N2CCN(c3ncnc4sc(C)c(C)c34)CC2)cc(OC)c1OC,0
O=C(Oc1ccc(-c2cn3c(n2)SCC3)cc1)c1ccccc1,0
COc1cccc(OC)c1OCCOCCn1cnc2ccccc2c1=O,0
COC(=O)C1=NC2=NC(C)=C(C(=O)OC3CCCCC3)C(c3cc(OC)ccc3OC)N2N1,0
CCC(=O)N1CCc2cc(S(=O)(=O)Nc3ccc4c(c3)OCCO4)ccc21,0
CCCCCC(C)n1[nH]c(=O)c2c(C)cc(C)nc21,0
Cc1cccc(-c2c3c(=O)n(C)c(=O)n(C)c3c3c(C)cc(C)nn23)c1,0
O=C(Nc1ccc2c(c1)OCCO2)C1CCN(c2cnccn2)CC1,0
Cc1ccc(C2CC(C(F)(F)F)N3NC=C(C(=O)NCc4ccco4)C3=N2)cc1,0
CCOc1ccc(C(=O)NCCCn2ccnc2)cc1,0
CN(Cc1ccccc1)C(=O)CCS(=O)(=O)c1ccc2c(c1)n(C)c(=O)c(=O)n2C,0
Nc1c(C(=O)Nc2ccc(F)cc2)sc2nc(-c3ccco3)ccc12,0
O=C(Nc1nccs1)C1CCN(S(=O)(=O)c2ccc3c(c2)OCCCO3)CC1,0
CC1CC(C)CN(CCCNC(=O)C2CCC(=O)N2C2CCCC2)C1,0
COc1ccc(C(=O)N2CCN(C(=O)c3ccco3)CC2)cc1,0
COc1cc(C2Nc3ccc4ncccc4c3C3=C2C(=O)CCC3)ccc1O,0
CCn1c(=N)c(C(=O)NCCCOC)cc2c(=O)n3cccc(C)c3nc21,0
O=C(Nc1ccc2c(c1)OCO2)C1CCCCN1S(=O)(=O)c1ccc(F)cc1,0
COc1ccc(Nc2cc(C)nc(N3CCOCC3)n2)cc1,0
O=S(=O)(Cc1ccccc1)N1CCCC1,0
COc1ccc(C(=O)CN2C(=O)c3ccccc3C2=O)c(OC)c1C,0
COc1ccccc1NC(=O)CSc1nnc(C2CCCCC2)o1,0
COc1ccc(N2CCN(CC(=O)Nc3c(C)cc(C)cc3C)CC2)cc1,0
Cc1nnc(NC2=NCCC2)o1,0
Cc1ccc2c(c1)c1c(n2CC(O)Cn2c(C)nc3ccccc32)/C(=N/O)CCC1,0
CC1CN(c2nc3c(c(=O)n(Cc4ccc(Cl)cc4)c(=O)n3C)n2C)CC(C)O1,0
COCCCn1c(N)c(C(=O)NCCC(C)C)c2nc3ccccc3nc21,0
Cc1cc(C)c2[nH]c(=O)c(CN(CC3CCCO3)C(=O)c3cnccn3)cc2c1,0
O=C(Nc1ccc(N2CCN(Cc3ccccc3Cl)CC2)cc1)c1cccnc1,0
COC(=O)c1cc2c(=O)n3ccccc3nc2n(C(C)C)c1=N,0
O=C(CSc1nnc(Cn2c(=O)sc3ccccc32)n1-c1ccccc1)NCC1CCCO1,0
CCNC(=O)NC(=O)COC(=O)c1ccccc1SCC(=O)NC(=O)NCC,0
COc1cccc(-n2c(COc3ccccc3C)nnc2SCC(=O)O)c1,0
CCc1ccc(NC(=O)CS(=O)CC(=O)NCC2OCCc3ccccc32)cc1,0
COc1ccc(OC)c(NC(=O)Cn2cc(C#N)c3ccccc32)c1,0
O=C(NCCCn1ccnc1)c1cc(-c2cccs2)on1,0
CC(C)CNC(=O)c1cccc(NC(=O)C2CCCO2)c1,0
COc1ccccc1Nc1nc(N)nc(CN2CCN(Cc3ccccc3)CC2)n1,0
O=C(NC1CCCC1)c1sc(=S)n2c1[nH]c(=O)c1ccccc12,0
COc1ccc(Cl)c(NC(=O)NCCN2CCN(c3ccccc3)CC2)c1,0
C=CCn1c(SCC(=O)Nc2cc(C)ccc2C)nnc1-c1cnccn1,0
O=C1/C(=C/NCc2ccncc2)Sc2ccccc21,0
CCOC(=O)CCc1c(C)c(C#N)c2nc3ccccc3n2c1-n1ccnc1,0
O=C(NC(O)C(=O)c1ccccc1)c1cccs1,0
OCCNc1cc(-n2nc(-c3ccccc3)cc2-c2ccccc2)ncn1,0
c1ccc2ncc(-n3cnnn3)cc2c1,0
C=CCOC(=O)CCC(=O)Nc1cccc2ccccc12,0
COc1ccccc1NC(=O)N1CCn2c(nc3ccccc32)C1,0
Cn1c(=O)n(CCN2CCOCC2)c(=O)c2c1nc1n2CCN1c1ccccc1,0
Cc1ccc(NC(=O)N2CCC(O)(c3ccc(Cl)cc3)CC2)cc1,0
CCC(C)NC(=O)c1ccc(NC(=O)C2CCCO2)cc1,0
O=C(NCCCn1ccnc1)c1ccncc1,0
CN(C)S(=O)(=O)c1ccc(C(=O)Nc2ccc(OCC(=O)N3CCOCC3)cc2)cc1,0
Cc1cccc(NS(=O)(=O)c2ccc(C)c(C(=O)OCC(=O)Nc3cc(C)on3)c2)c1,0
O=C(COc1ncnc2ccccc12)N1CCN(C(=O)c2ccco2)CC1,0
CCOc1ccc(Cn2nnc(C(=O)Nc3cc(OC)cc(OC)c3)c2N)cc1,0
Cc1cc(C)cc(NC(=O)N2CCC(NC(=O)c3ccc(F)cc3)CC2)c1,0
CCOC(=O)CN1CC23C=CC(O2)C(C(=O)NC2CCCC2)C3C1=O,0
Cc1cc(CCN2CCC(=O)NC2=O)ccc1OC(C)C,0
Cc1ccc(CCNC(=O)C2CCCN(S(=O)(=O)c3c(C)nn(C)c3C)C2)cc1,0
Cn1c(=O)c2c(nc(OCc3cccnc3)n2Cc2c(F)cccc2Cl)n(C)c1=O,0
c1ccc2[nH]c(-c3ccnc4ccccc34)nc2c1,0
COc1ccc(CN(Cc2cccnc2)S(=O)(=O)c2ccc(-n3cnnn3)c(C)c2)cc1OC,0
Cc1cccc(-c2nsc(SCC(=O)Nc3cc(C)on3)n2)c1,0
CN(C(=O)NC(=O)C1=C(N2CCOCC2)/C(=C/c2ccccc2)CC1)S(C)(=O)=O,0
Cc1ccc(-c2noc(CN(C(=O)CCCN3C(=O)c4ccccc4C3=O)C(C)C)n2)cc1,0
COc1cccc(-n2nnc3c(=O)n(CC(=O)N4CCC(Cc5ccccc5)CC4)cnc32)c1,0
O=C(O)C1CCN(c2ncccn2)CC1,0
Cc1cccc(NC(=O)c2cc(N3CCOCC3)nc3ccccc23)c1,0
COc1ccc(N2CCN(c3ncnc4c3cnn4-c3ccc(C)cc3C)CC2)cc1,0
Cc1cc(C)nc(NC(=O)c2cc3ccccc3o2)n1,0
CSc1nccc(Nc2ccccc2)c1C#N,0
Cc1ccc(S(=O)(=O)N2CCC(C(=O)NC(C(=O)NCc3ccco3)C(C)C)CC2)cc1,0
Cc1cccc2c(=O)cc(C)n(CC(=O)N3CCOCC3)c12,0
Cc1cccc(OCc2nc(C#N)c(NCCN(C)C)o2)c1,0
O=C1c2oc3ccc(Cl)cc3c(=O)c2C(c2ccco2)N1CCN1CCOCC1,0
Cc1cnc(C(=O)Nc2cccc3ncccc23)cn1,0
COc1ccc(Cn2nnnc2C(c2cc3cc(C)ccc3[nH]c2=O)N2CCOCC2)cc1,0
Cc1ccc(-c2nn(CCC(=O)NCC3CCCO3)c(=O)c3ccccc23)cc1,0
CCOc1ccc(-c2noc(CCC(N)=O)n2)cc1OCC,0
O=C(Nc1nnc(SCc2ccccc2F)s1)c1ccco1,0
COc1cc(-c2nc(S(=O)(=O)c3ccc(Cl)cc3)c(N(C)C)o2)cc(OC)c1OC,0
CCOC(=O)Nc1nnc(-c2ccccc2OC)s1,0
COCn1c(-c2ccc(OC)c(OC)c2)nc2ccccc21,0
COc1ccc(NC(=O)CSc2nc3c(c(=O)n2-c2ccc(C)cc2)SCC3)c(OC)c1,0
CCn1cc(CNC(=O)c2cc(Cl)ccc2OC)c(C)n1,0
CCOC(=O)C1=C(C)N=c2s/c(=C3/C(=O)Nc4ccccc43)c(=O)n2C1c1ccc2c(c1)OCO2,0
Cn1c(=O)c2c(-c3ccc(C(C)(C)C)cc3)n(N3CCOCC3)cc2n(C)c1=O,0
CCN1C(=O)C(CC(=O)N2CCN(C(c3ccccc3)c3ccccc3)CC2)N(CC)C1=O,0
O=C(Nc1ccc(N2CCN(C(=O)c3ccc(Cl)cc3)CC2)cc1)c1cccnc1,0
CCC(Sc1nnnn1-c1ccccc1)C(=O)NC(C)c1ccccc1,0
CCOC(=O)c1cccc(N2C(=O)c3ccccc3S2(=O)=O)c1,0
COC(=O)c1cc2oc3ccccc3c2n1CC(=O)Nc1ccccc1OC,0
Cc1ccnc(Nc2nc3ccccc3o2)n1,0
C=CCn1c(COc2ccccc2F)nnc1SCC(=O)NC(=O)NCc1ccco1,0
COC(=O)c1ccc(C2C(C(=O)c3cc4ccccc4o3)=C(O)C(=O)N2CCCN(C)C)cc1,0
CCCCCOC(=O)Cc1c(O)[nH]c2ccccc2c1=O,0
CCOC(=O)C1=C(CN2CCSCC2)NC(=O)NC1c1cc(C)ccc1C,0
CCN(CCCNC(=O)CNC(=O)Cn1cnc2ccccc2c1=O)c1ccccc1,0
COc1ccccc1Oc1ccc(S(=O)(=O)N2CCCC2)cc1,0
CC12CN3CC(C)(CN(C1)C3c1ccc3ccccc3c1O)C2=O,0
CN1CC=C2C(C#N)=C(N)C(C#N)(C#N)C(CCc3ccccc3)C2C1,0
O=C(c1ccco1)N(Cc1cc2ccccc2[nH]c1=O)C1CCCCC1,0
CCCNC(=O)c1c(N)n(-c2cccc(OC)c2)c2nc3ccccc3nc12,0
COC(=O)c1cc(OC)c(OC)cc1NC(=O)CC1CCCCC1,0
Cc1cc2nnc(SC(C)C#N)n2c2ccccc12,0
Cc1c(O)c(CN2CCCC2)cc2c1oc(=O)c1ccccc12,0
Cc1cccc(C2Nc3ccccc3C(=O)N2c2ccccc2)n1,0
COc1cc(NC(=O)CSc2nc3ccccc3c(=O)n2C)ccc1NC(=O)c1ccco1,0
Cc1cc(C)cc(NC(=O)CCn2ccnc2C)c1,0
COc1ccccc1NC(=O)CN1CCN(C2c3ccccc3-c3ccccc32)CC1,0
Cc1ccc(S(=O)(=O)NCC(=O)OCC(=O)c2cccs2)cc1,0
Cn1c(=O)c2cn3c(c2n(C)c1=O)C(c1ccccc1)CC(c1ccccc1)=N3,0
CCCCC(=O)Nc1ccc2oc(-c3ccncc3)nc2c1,0
CC1CCCCN1C(=O)c1ccccc1NC(=O)c1ccco1,0
Cc1[nH]n2c(=O)cc(C(C)(C)C)nc2c1-c1ccccc1,0
COc1ccc(N(CC(=O)NCc2ccccc2)S(=O)(=O)c2c(C)noc2C)cc1,0
Cc1ccc(S(=O)(=O)NC(CC(=O)N2CCc3ccccc32)c2ccco2)cc1,0
COc1cccc(C(=O)Nc2cnc(NC(=O)c3ccco3)cc2C)c1,0
CC(=O)c1ccc(N2CCN(C(=O)C3CCC3)CC2)cc1,0
O=C(CCSc1ccccc1)Nc1ccc(S(=O)(=O)N2CCOCC2)cc1,0
O=C(O)CC(NC(=O)OCc1ccccc1)c1ccccc1,0
O=C(CCC(=O)c1cccs1)OCc1nnc(-c2ccccc2)o1,0
CS(=O)(=O)N(CC(=O)NC1CCCC1)c1ccc2c(c1)OCCO2,0
O=C(O)C1CCCCC1C(=O)N1CCc2ccccc2C1CN1C(=O)c2ccccc2C1=O,0
Cc1cc(C(=O)CSc2nnnn2-c2ccc(O)cc2)c(C)n1Cc1ccc2c(c1)OCO2,0
CCCS(=O)(=O)N1CCCC(C(=O)NCc2ccco2)C1,0
Cc1ccc2c(nc3s/c(=C\c4cccs4)c(=O)n32)c1C,0
O=C(c1ccc(S(=O)(=O)N2CCCCC2)cc1)N1CCCc2ccccc21,0
Cc1ccc2nc(C3CCCN(C(=O)NCc4ccccc4)C3)[nH]c2c1,0
CCc1ccc(C(=O)NCc2cccs2)s1,0
O=C(Cc1cccs1)Nc1ccc(N2CCOCC2)cc1,0
COc1ccc(CSc2nnnn2C)cc1F,0
COc1ccccc1NC(=O)N(c1c(N)n(Cc2ccccc2)c(=O)[nH]c1=O)C1CCCC1,0
COc1ccccc1-n1c(SCC(=O)Nc2ccc(F)cc2)nc2c(c1=O)SCC2,0
O=C(c1ccccc1)c1cc(-c2ccccc2)on1,0
COc1ccc(Cn2c3nc4ccccc4nc3c3c(=O)n(Cc4ccco4)c(C)nc32)cc1,0
Cc1cc(Nc2ccc(C(=O)O)cc2)n2nc(C)nc2n1,0
Nc1nc(NC(=O)c2cccnc2)nn1-c1ccccc1,0
COc1ccccc1CN(C(=O)c1ccco1)C(C(=O)NC1CCCC1)c1ccncc1,0
Cc1nn(CCO)c2c1C(=O)CCC2,0
CC(C)n1c(N2CCN(C(=O)N3CCCCC3)CC2)nc2ccccc21,0
Cc1ccc(NCc2nnc(SCC(=O)NCc3ccco3)n2CC2CCCO2)cc1Cl,0
CC12C=CC3(CN(Cc4ccccc4)C(=O)C3C1C(=O)NCc1ccco1)O2,0
COc1ccc2c(c1)cc(C(=O)O)n2C,0
CCCCn1c(SCC(=O)N2CC(C)CC(C)C2)nc2cc(S(N)(=O)=O)ccc21,0
O=C(NCc1ccccn1)C1CCCN(S(=O)(=O)c2cccc3nsnc23)C1,0
O=C(Nc1cccc(-c2cn3ccccc3n2)c1)c1cnccn1,0
CC(=O)C1=C(Nc2ccccc2)CC(C)(O)C(C(C)=O)C1c1ccc2c(c1)OCO2,0
CC1Cc2ccccc2N1C(=O)CSC1=NCCS1,0
O=C(C1CC1c1ccccc1)N1CCOCC1,0
CCOCc1nnc(NC(=O)c2cccs2)s1,0
COc1cccc(-n2nnnc2SCC(=O)Nc2cccc(NC(C)=O)c2)c1,0
CCOC(=O)c1c(-c2ccc(C)o2)csc1NC(=O)COC(=O)c1cccs1,0
Cc1cc(S(=O)(=O)n2cnc3ccccc32)c(C)cc1Cl,0
O=C(Cn1c(=O)oc2ccccc21)N1CCCCC1,0
O=C1C=C/C(=C2/NNC=C2c2cccc3cccnc23)C(O)=C1,0
CCn1c(SCC(=O)N2CCN(c3ccc(Cl)cc3)CC2)nc2ccccc2c1=O,0
COc1cc2cc(C(c3nnnn3Cc3ccc(F)cc3)N3CCCCCC3)c(=O)[nH]c2cc1OC,0
Cn1c(=O)c2c(nc(SCC(=O)c3cccs3)n2Cc2ccc(F)cc2)n(C)c1=O,0
CN(C(=O)c1ccno1)c1nnc(-c2ccccn2)s1,0
COc1ccc(OC)c(C(=O)c2coc3ccc(O)cc23)c1,0
Cc1ccc(S(=O)(=O)c2nc(S(C)(=O)=O)sc2N(C)C)cc1,0
O=S(=O)(c1ccc2oc(SCc3cn4ccsc4n3)nc2c1)N1CCOCC1,0
N#Cc1ccccc1Cn1cc(C(=O)c2ccco2)c2ccccc21,0
COc1ccccc1NC(=O)C1=C(C)NC(SCC(=O)c2ccccc2)=C(C#N)C1c1ccco1,0
CCOC(=O)C1=CN(C)C=C(C(=O)OCC)C1c1ccsc1,0
COc1ccc(-c2nnn(CC(=O)Nc3sc4c(c3C#N)CCCC4)n2)cc1,0
Cc1nn2c3ccccc3nc2n(Cc2ccccc2)c1=O,0
O=c1[nH]cnc2scc(-c3ccc(F)cc3)c12,0
CCOC(=O)c1ccc(Oc2nc(NC)nc(SC)n2)cc1,0
CCCCN1C(=O)NC(=O)/C(=C(/C)Nc2ccc(C(=O)O)cc2)C1=O,0
O=C(CCCOc1ccccc1)NCC1CCCO1,0
C1=NC2=NC(c3cccnc3)CC(c3cccs3)N2N1,0
CCC(=O)Nn1c(C)nnc1C,0
Cc1cccc(-c2c3c(=O)n(C)c(=O)n(C)c3cn2CCO)c1,0
COC(=O)C1=C(C)NC(C)=C(C(=O)OC)C1c1ccccc1[N+](=O)[O-],0
CC1(C)CC(=O)C=C(N2CCN(C3=CC(=O)CC(C)(C)C3)CC2)C1,0
Cn1c(=O)c2c(nc(-n3ccnc3)n2Cc2ccccc2)n(C)c1=O,0
CCn1c(SCC(=O)Nc2nc3c(s2)CCCC3)nnc1-c1ccccc1,0
COc1cc(OC)c(C2C(C(=O)N3CCOCC3)=C(C)NC3=C2C(=O)CC(C)(C)C3)cc1OC,0
Cc1nn(-c2ccccc2)c2nc(N)c(C#N)c(-c3ccc(F)cc3)c12,0
COC(=O)c1ccc(Cn2cnc3c(sc4nc(N5CCOCC5)c5c(c43)CCCC5)c2=O)o1,0
Cc1cccc(-c2noc(-c3ccc(F)cc3)n2)c1,0
Cc1ccc(C(C(=O)NCc2ccco2)N(Cc2ccco2)C(=O)CNC(=O)c2ccco2)cc1,0
c1ccc2nc(N3CCCC3)c(N3CCCC3)nc2c1,0
O=C(c1cccs1)N1CCN(S(=O)(=O)Cc2ccccc2)CC1,0
COCc1[nH]nc2c1C(c1ccc(OC)cc1)C(C#N)=C(N)O2,0
CC(C)OC(=O)CSc1nnc(-c2ccc(Cl)cc2)n1N,0
CS(=O)(=O)N1CCC(NC(=O)Cc2ccccc2)CC1,0
CCOC(=O)c1csc(NC(=O)CSc2nnc(C3CC3)n2C)n1,0
Cc1cc(=O)n(CCC(=O)O)c2ccccc12,0
COC(=O)CSC1=NN/C(=C2/C=CC=CC2=O)N1c1ccc(C)cc1,0
O=S(=O)(Cc1nc2ccccc2s1)c1ccccc1,0
O=C1c2ccccc2C(O)(Cc2ccccc2)N1Cc1ccco1,0
COc1cc(-c2nnc3sc(-c4cccnc4)nn23)cc(OC)c1OC,0
O=C1c2ccccc2C(Nc2ccc3c(c2)OCO3)N1Cc1ccc2c(c1)OCO2,0
O=C(Nc1ccc(N2CCCCC2)cc1)c1ccc(F)cc1,0
CC(=O)Nc1cccc(NC(=O)CSc2nnc(Cc3cccn3C)n2CCc2ccccc2)c1,0
Cc1oc(-c2ccccc2F)nc1CSCC(=O)NCc1ccc2c(c1)OCO2,0
COc1ccc(C2NC3=C(CCC3)C3(C#N)C(OC)(OC)N=C(N)C23C#N)cc1,0
O=C(Oc1cccc2cccnc12)c1ccc2c(c1)OCCO2,0
O=C(CSc1ncn[nH]1)NC1CC2CCC1C2,0
CCn1nc(C(=O)OCC(=O)c2cc(C)n(Cc3cccs3)c2C)c2ccccc2c1=O,0
CCN(CC)C(=O)CN(C)S(=O)(=O)c1cccc2nsnc12,0
Clc1ccc(Oc2nc(N3CCOCC3)nc(N3CCOCC3)n2)c(C2CCCCC2)c1,0
CC(C)c1ccc(NC(=O)C2CCCCC2C(=O)O)cc1,0
CC1CCc2nn(CC(=O)N3CCCCCC3)cc2C1,0
COCCN(CCOC)c1ncnc2c1cnn2-c1ccccc1,0
CCCn1nnnc1SCC(=O)N1CCOCC1,0
Cc1sc2nc(CN3CCOCC3)nc(Oc3ccc(NC(=O)c4ccco4)cc3)c2c1C,0
C=CCn1c(=O)n(CC=C)c2c(C)cc(C)cc21,0
O=C(c1cc(-c2ccc(Cl)c(Cl)c2)on1)N1CCN(c2ccccc2)CC1,0
C(=N/c1nc2ccccc2n1CCN1CCOCC1)\c1cccs1,0
COc1ccc(OC)c(C(=O)COC(=O)C2CC3CCCC(C2)C3=O)c1,0
COc1ccc(CCNC(=O)c2nnc(Cc3c(F)cccc3Cl)o2)cc1OC,0
CCOC(=O)c1[nH]c2cc(OC)c(OC)cc2c1NC(=O)CN(C)C1CCCCC1,0
CC1CCCC(C)N1CC(O)COc1ccc(Cl)cc1,0
CC(C)C(=O)Nc1cc2c(cc1C(=O)c1ccccc1)OCCO2,0
CCCn1c(O)c(C(=O)NCc2ccncc2)c(=O)c2ccccc21,0
CCOc1cccc2cc(C(=O)Nc3cc(C)on3)c(=O)oc12,0
COC(=O)c1c(NC(=O)CN2CCC(C(N)=O)CC2)c2c(C)cccc2n1C,0
N#CCC(=O)NCC1(c2ccccc2)CCCC1,0
Cn1c(C(=O)N2CCN(c3nc4ccccc4s3)CC2)cc2sccc21,0
O=C(C(Cc1ccccc1)N1C(=O)C2C3C=CC(C3)C2C1=O)N1CCCCCC1,0
COc1ccc(N(Cc2cc3cc(OC)ccc3[nH]c2=O)C(=O)C2CCCO2)cc1,0
Cc1ccccc1CSc1nnc(-c2ccco2)n1Cc1ccco1,0
O=S(=O)(c1ccc(N2CCOCC2)cc1)N1CCOCC1,0
N#CC(C(=O)NC1CCCCC1)c1nc2ccccc2nc1N1CCOCC1,0
CCn1c(COc2ccccc2C)nnc1SCC(=O)NCc1ccccc1,0
CC(=O)c1ccc(N2CCN(C(=O)CCS(=O)(=O)c3ccc(C)cc3)CC2)cc1,0
O=C(CSc1nnc(C2CC2)n1Cc1ccccc1)N1CCN(S(=O)(=O)c2ccccc2)CC1,0
COCCN1Cc2cccc(C(=O)Nc3ccc(C)c(C)c3)c2C1=O,0
O=C(Nc1ncc2c(n1)CC(c1ccccc1)CC2=O)c1ccco1,0
Cc1cc(NC(=O)CSc2ccc3nnc(-c4cccnc4)n3n2)no1,0
Cc1cc2nc(NC3=NCN(Cc4cccnc4)CN3)nc(C)c2cc1C,0
O=C(CCCn1c(=O)[nH]c2ccsc2c1=O)N1CCN(Cc2ccc3c(c2)OCO3)CC1,0
CCc1ccc(NC(=O)c2cc(-c3ccc(OC)cc3)on2)cc1,0
CCOc1cc(C(=O)Nc2cc(C)on2)cc(OCC)c1OCC,0
O=C1NCCN1C(=O)c1cccc(Cl)c1,0
CCc1ccc2[nH]c(=O)c(CN(Cc3ccccc3)Cc3nnnn3Cc3ccco3)cc2c1,0
CCc1nnc(NC(=O)C2CCN(S(=O)(=O)Cc3ccccc3)CC2)s1,0
CCc1nnc(NC(=O)Cc2ccc(OCc3c(C)noc3C)cc2)s1,0
Cc1c(OC(=O)CNC(=O)OC(C)(C)C)ccc2c3c(c(=O)oc12)CCC3,0
O=C1C2Cc3ccccc3CN2C(=O)N1c1cccc(F)c1,0
CCn1c(COc2ccccc2C)nnc1SCC(=O)CC(=O)Nc1ccccc1OC,0
CCc1nnc(NC(=O)c2ccc(COc3ccc(C)cc3)o2)s1,0
Cc1ccc(-c2cc(C(=O)Nc3cc(C)on3)c3ccccc3n2)c(C)c1,0
Cc1ccccc1-n1nnnc1-c1ccccc1,0
O=C1c2ccccc2C(=O)N1Cc1nc(-c2ccccn2)no1,0
Cc1ccc(O)c(C(=O)c2cc(C#N)c(=O)n(CC3CCCO3)c2)c1,0
CCCN(CCC)C(=O)Cn1c(=O)n(CCCCC(=O)NCc2ccco2)c(=O)c2ccccc21,0
COc1cccc(C2=NOC(C(=O)N3CCN(Cc4ccccc4)CC3)C2)c1OC,0
Cn1c(=O)[nH]c(=O)c2c1nc(CN1CCN(c3ccccc3F)CC1)n2CCc1ccccc1,0
O=C(COC(=O)c1cccc(S(=O)(=O)N2CCOCC2)c1)Nc1ccc2c(c1)OCO2,0
O=c1c2ccccc2sc2nc(C3CCCCC3)n(Cc3ccco3)c(=O)c12,0
Cc1nc2ccc(S(=O)(=O)NCC(=O)N3CCCC(C)C3)cc2s1,0
COc1ccc(C2=NOC(C(=O)NCc3ccccc3)C2)cc1,0
CCSC1=C(C#N)C(c2ccc(OC)c(OC)c2)CC(=O)N1,0
Cc1ccc(SCCNC(=O)CN2C(=O)c3ccccc3S2(=O)=O)cc1,0
CC1CCCCN1S(=O)(=O)c1ccc2c(c1)CCN2C(=O)CCC(=O)O,0
CN(CCNC(=O)c1cccc(N2CCCC2=O)c1)Cc1ccccc1,0
O=c1[nH]c2cc3c(cc2cc1C(c1nnnn1C1CCCC1)N1CCSCC1)OCCO3,0
Cc1c(C(=O)NCc2ccco2)sc2nc(-c3ccccc3)cn12,0
CC1Cc2nc(SCC(=O)NCC3CCCO3)n(Cc3ccccc3)c(=O)c2S1,0
Cn1c(=N)c(S(=O)(=O)c2ccc(F)cc2)cc2c(=O)n3ccccc3nc21,0
CCCn1c(N2CCN(S(=O)(=O)Cc3ccccc3)CC2)nc2ccccc21,0
CCC(C)NC(=O)CSc1nc2ccccc2c(=O)n1CCCC(=O)NCC1CCCO1,0
Cn1cc(C(=O)N2CCC3(CC2)OCCO3)c2c3ccccc3n(C)c2c1=O,0
CC(C(=O)N1CCCCC1)n1ncn2cccc2c1=O,0
OCCN1C2CCC1CC(O)(c1ccc(F)cc1)C2,0
CC(=O)N1CCN(c2ccc(NC(=O)c3ccc4c(c3)OCO4)cc2)CC1,0
CSc1nnc(-c2ccccc2)o1,0
Clc1ccc(-c2nnc3ccccn23)cc1,0
COc1ccc(OC)c(C2C3=C(CCCC3=O)Nc3nc4ccccc4n32)c1,0
Cc1cc(Oc2ccccc2)nc(SCC(N)=O)n1,0
O/N=C/c1cccn1-c1ccccc1,0
CC(C)N(C(=O)CSc1nnc(NC(=O)C2CCC2)s1)C(C)C,0
COc1ccc(CNC(=O)CN(CC2CCCO2)C(=O)CNS(=O)(=O)c2ccccc2)cc1,0
Cc1nn(-c2ccccc2)c2c1C1(C(=O)N(C(C)C)c3ccccc31)C(C#N)=C(N)O2,0
CCn1c(=O)cc(SCC(=O)NCc2ccco2)c2ccccc21,0
COc1cc(C)c(S(=O)(=O)NCc2cccs2)cc1C,0
c1cncc(C2CCCCN2Cc2ccc3c(c2)OCO3)c1,0
O=S(=O)(/N=C(/c1ccccc1)N1CCOCC1)c1cccs1,0
CCn1c(SCc2nc3ccccc3[nH]2)nnc1-c1cnccn1,0
O=C(Oc1ccc(OC(=O)N2CCCCC2)cc1)c1ccccc1,0
COc1ccc(C)cc1S(=O)(=O)N(C)CC(=O)NCc1ccco1,0
CN(C(=O)c1cccnc1)c1nnc(-c2cccnc2)s1,0
Cc1cn(COC/C=C/c2ccccc2)c(=O)[nH]c1=O,0
CCCCOc1ccccc1C1C(C(=O)OC)=C(C)N(C)C(C)=C1C(=O)OC,0
COc1ccc(CCNC(=O)c2ccccc2NC(=O)c2ccco2)cc1OC,0
O=C(O)C1CCCN1C(=O)c1cccs1,0
O=C1CC(c2ccccc2)Cc2nc(NCc3ccco3)ncc21,0
O=C(Nc1ccccc1C(=O)N1CCN(c2ccccc2)CC1)c1ccco1,0
CC1(C)CC(=O)C=C(Nc2ccc(S(N)(=O)=O)cc2)C1,0
Cc1cccn2c(=O)c3cc(C(=O)N4CCc5ccccc5C4)n(C)c3nc12,0
CC(C)n1nnnc1SCC(=O)NCc1cccs1,0
CCOC(=O)N1CCN(C(=O)c2ccc(CN(c3ccccc3)S(C)(=O)=O)cc2)CC1,0
COc1cccc(-c2cc(C(=O)Nc3cnn(Cc4ccccc4C)c3)no2)c1,0
Cn1c(=O)c2c(nc(NCc3ccc4c(c3)OCO4)n2Cc2ccccc2Cl)n(C)c1=O,0
Cc1ccc(-n2ncc3c(=O)n(Cc4ccccn4)cnc32)cc1C,0
Cc1c(C(=O)OCC(=O)c2c(N)n(CC(C)C)c(=O)n(C)c2=O)oc2ccccc12,0
CCOC(=O)C(C(=O)Nc1ccccc1)C1CCCCC1,0
CCCOc1ccc(Cn2cnc3ccccc32)cc1,0
CC(Oc1ccccc1)C(=O)NC1CC(C)(C)NC(C)(C)C1,0
COc1ccc(-c2nnn(CC(=O)N(C3CCCC3)C(C)C(=O)NC3CCCC3)n2)cc1OC,0
COc1ccccc1-c1noc(CCC(=O)Nc2cccc(C)c2)n1,0
CCOc1ccccc1C(=O)NC1CCN(Cc2nnnn2C2CCCC2)CC1,0
CC1=CC(=O)/C(=C/Nc2cccc(C)n2)C(=O)O1,0
CCOC(=O)c1ccccc1NC(=O)Cn1cnc2c(cnn2-c2ccc(OC)cc2)c1=O,0
Cc1ccc(-n2c(SCC(=O)Nc3ccc4c(c3)OCO4)nnc2-c2cccs2)cc1,0
CC(=O)c1cc(C(=O)Nc2ccccc2C(=O)O)oc1C,0
COc1cc(OC)nc(Nc2nc(C)c(C(C)=O)s2)n1,0
CC(=O)Nc1ccc(N2C(=O)CSC2c2ccc(F)cc2)cc1,0
COc1ccc(-c2nc3ccccc3c(=O)n2CCN2CCOCC2)cc1,0
COc1cccc(-c2ccc(=O)n(CC(=O)NCCN3CCOCC3)n2)c1,0
COc1ccc(N2C(=O)c3cccc4cccc(c34)C2=O)nn1,0
CCOC(=O)C1=C(c2ccccc2)OC(N)=C(C#N)C1c1ccco1,0
Cc1ccc(S(=O)(=O)NC(=O)Nc2cc(C)ccc2F)cc1,0
CCN(CC)S(=O)(=O)c1cccc(C(=O)NC(C(=O)Nc2nnc(C3CC3)s2)C(C)C)c1,0
CC(C)(C)n1ncc2c(=O)n(CC(=O)N3CCCCCC3)cnc21,0
COC(=O)c1ccccc1NC(=O)CN1CCC(NC(=O)c2ccc(C)cc2)CC1,0
COc1ccc(C2(C(=O)NCCN3CCOCC3)CCOCC2)cc1,0
CCN(CC)CCn1c(=S)[nH]c2ccc(Cl)cc2c1=O,0
Cc1nc2nc(-c3cccnc3)nn2c(C)c1Cl,0
COCCn1nnnc1CN(CCc1ccc(OC)c(OC)c1)Cc1cc2ccc(C)cc2[nH]c1=O,0
O=C(Nc1ccc(-c2nnc(-c3ccccc3)o2)cc1)C1CCCO1,0
CCOc1ccc(-c2nnn(CC(=O)NCc3ccc(OC)cc3)n2)cc1OCC,0
CCOc1ccccc1CN1C(=O)NC(C)(c2ccccc2)C1=O,0
Nc1ccccc1S(=O)(=O)c1ccccc1N,0
Cc1cc(C)n(Cc2ccc(F)cc2)c(=O)c1C#N,0
Cc1nnc(SCCn2c(N3CC(C)CC(C)C3)nc3c2c(=O)[nH]c(=O)n3C)s1,0
CCS(=O)(=O)N1CCCC(C(=O)NCc2ccccc2Cl)C1,0
COc1ccc(CCNc2ncnc3nc[nH]c23)cc1OC,0
Cc1ccc(CNC(=O)CCCNS(=O)(=O)c2cccc3nonc23)cc1,0
COc1ccc(N2CCN(c3nc(NCCO)nc(N4CCOCC4)n3)CC2)cc1,0
O=C1c2ccccc2C(=O)N1CCCn1nnc(-c2ccc(N3CCOCC3)cc2)n1,0
Nc1nc2ccc(Oc3ccccc3)cc2s1,0
O=C(C1CCN(c2nnc(-n3cccc3)s2)CC1)N1CCN(Cc2ccc3c(c2)OCO3)CC1,0
CCC(C)(C(=O)NC1CCCCC1)N(Cc1ccco1)C(=O)CC1NC(=O)NC1=O,0
c1ccc(OCc2nn3c(Cn4cnc5ccccc54)nnc3s2)cc1,0
CCOc1ccc2c(O)csc2c1,0
CCCCc1ccc(-c2nc(N)n[nH]2)cc1,0
CCOC(=O)c1sc(NC(=O)CSc2nnc(-c3ccc(OC)cc3)n2CCOC)nc1C,0
Cc1nn(-c2ccccc2)cc1/C=N/O,0
Cn1c(SCc2nc(=O)c3ccccc3[nH]2)nnc1-c1ccco1,0
CCn1c(SCC(=O)Nc2ccc(NC(=O)c3ccco3)c(OC)c2)nc2ccccc2c1=O,0
Cc1cc(C)cc(OCC(=O)NCc2nc(-c3ccccc3)no2)c1,0
COc1cccc(OCc2nc3c4cnn(-c5ccccc5)c4ncn3n2)c1,0
Cc1cccc(Nc2nc(N)nc(CN3CCC(C)CC3)n2)c1C,0
O=C(NCc1ccccc1)C(c1cccs1)N(C(=O)c1csnn1)C1CC1,0
CCn1c(SC(C)C(=O)O)nc2sc3c(c2c1=O)CCC3,0
CCS(=O)(=O)c1ccc(NC(=O)c2ccccc2Cl)c(O)c1,0
O=C(COC(=O)Cn1[nH]c(=O)c2ccccc2c1=O)Nc1ccc2c(c1)OCO2,0
CCOc1ccc(NC(=O)C2CC(=O)NC(N3CCc4ccccc43)=N2)cc1,0
O=C1C=C(N2CCN(C3=CC(=O)CCC3)CC2)CCC1,0
Cc1ocnc1C(=O)Nc1ccc(Cl)cc1,0
CN(Cc1ccccc1)c1nc2c(c(=O)[nH]c(=O)n2C)n1CCCc1ccccc1,0
Cc1noc(C)c1S(=O)(=O)Nc1ccc(C(=O)N2CCN(c3ccc(Cl)cc3)CC2)cc1,0
O=C(CC1S/C(=N\c2ccccc2)N(CCCCO)C1=O)NCc1ccccc1,0
COc1ccc(Cc2nnc(NC(=O)c3c(-c4ccccc4)noc3C)s2)cc1OC,0
Cc1c(Cl)cccc1NC(=O)NC1CCCCC1,0
O=S(=O)(c1ccc2c(c1)OCO2)N1CCN(c2nnnn2-c2ccccc2)CC1,0
CNS(=O)(=O)c1ccc(Oc2ccc(S(=O)(=O)NC)cc2)cc1,0
O=C(NCc1ccccc1F)C1CCN(C(=O)NCc2ccccc2)CC1,0
c1cncc(-c2nc(N3CCCCCC3)c3ccccc3n2)c1,0
CCOc1ccc(CN2CCN(c3cc(C)nc4c5c(C)cc(C)nc5nn34)CC2)cc1,0
Cc1cc(N2CCCCC2)n2ncc(-c3ccc(Cl)cc3)c2n1,0
Cc1cc(NC(=O)c2cccc(N3C(=O)CCC3=O)c2)no1,0
Cc1ccc(C(C(=O)NCCc2ccccc2)N(C(=O)c2csnn2)C2CC2)o1,0
Cc1ccccc1Cn1c2ccccc2c2cn[nH]c(=O)c21,0
Cc1cc(=O)nc(SCC(=O)Nc2nnc(CC(C)C)s2)[nH]1,0
Cn1cccc1-c1nc2ccc(NC(=O)c3ccco3)cc2[nH]1,0
O=C(O)CCc1nn2cc(-c3ccccc3)[nH]c2nc1=O,0
Cc1ccc(S(=O)(=O)Nc2cc(C(=O)NCCN(C)C)ccc2N2CCCCC2)cc1,0
CCOc1ccccc1CNC(=O)C1CCCN(c2nc3ccccc3o2)C1,0
c1ccc(Nc2n[nH]nc2-c2ccccc2)cc1,0
O=C(c1ccsc1)N1CCN(C(=O)c2cccs2)CC1,0
COc1ccc(Cn2c(=O)[nH]c3cc(C(=O)NCc4ccc5c(c4)OCO5)ccc3c2=O)cc1,0
CCCOC(=O)Nc1ccc(C(N)=O)cc1,0
O=C(c1cccc(C(=O)N2CCN(c3ccccc3)CC2)c1)N1CCN(c2ccccc2)CC1,0
CCOC(=O)C1CCCN(S(=O)(=O)c2c(C)c(C)cc(C)c2C)C1,0
Cc1ccc(OCc2nc(-c3ccccc3)no2)c(C)c1,0
CCOc1ccc(C(=O)OCn2nnc3ccccc3c2=O)cc1OC,0
O=CN1Cc2[nH]c3ccccc3c2N(c2ccc(Cl)cc2)C1=O,0
COc1ccc(CNC(=O)CSc2nnc(-c3ccc(NC(C)=O)cc3)n2C)cc1,0
CCc1ccc(N2CC(C(=O)Nc3cc(C)ccc3F)CC2=O)cc1,0
COc1cccc2cc(C(=O)N3CCN(c4ccc(C)cc4C)CC3)c(=O)oc12,0
COC(=O)C1C(=O)C2=C(CC1C)NC(C)=C(C(=O)OCCOc1ccccc1)C2c1ccc(C)o1,0
CCc1cccc(NC(=O)CN2C(=O)NC3(CCCCCCC3)C2=O)c1,0
O=c1nc(-c2ccc(Cl)cc2)nc2n(-c3ccccc3)[nH]cc1-2,0
COc1ccc(-n2c(Cc3cccn3C)nnc2SCC(=O)Nc2ccccc2F)cc1,0
Cc1ccc2[nH]c3c(=O)n(CCN4CCNCC4)cnc3c2c1,0
COc1ccc(OC)c2c1CCC2=O,0
O=S(=O)(Cc1ccccc1)N1CCN(Cc2ccccc2)CC1,0
CCN(CC)CCN1C(=O)c2oc3ccccc3c(=O)c2C1c1ccc(F)cc1,0
CC(=O)N1CCC2(CC1)CC(=O)c1cc(OCC(=O)NCc3ccc(C)cc3)ccc1O2,0
CC(=O)NC(C)c1nc2ccccc2n1C(C)C,0
C=CCn1c(-c2ccc(OC)c(OC)c2)cs/c1=N\c1ccccn1,0
O=C(Nc1ccc(N2CCN(C(=O)c3ccco3)CC2)cc1)c1cccc(F)c1,0
CCCC1(C(=O)OC)NC(c2cc(OC)c(OC)c(OC)c2)C2C(=O)N(CC)C(=O)C21,0
COc1ccc(-c2oc3ncn(CCN4CCOCC4)c(=N)c3c2-c2ccc(OC)cc2)cc1,0
Cc1ccccc1NS(=O)(=O)c1cc(C(=O)N2CCCC2)ccc1C,0
COC(=O)c1cc2ccsc2n1Cc1nc(-c2ccc(OC)cc2)oc1C,0
COc1cccc(Nc2ncnc3c2cnn3C)c1,0
CCCc1cc(=O)oc2cc(C)c3c(C)coc3c12,0
COc1cccc(C(C(=O)NCc2ccco2)N(C(=O)Cn2nnc3ccccc32)C2CC2)c1OC,0
CCN(CC(=O)Nc1ccc2c(c1)OCCO2)Cc1cc(=O)oc2c(C)c(C)ccc12,0
CC(=O)Nc1ccc(C(=O)Cn2nnc3ccccc3c2=O)cc1,0
CSc1nc2ccccc2n1Cc1cccc(F)c1,0
CC12CC(NC(=O)N1c1cccc(C(=O)N3CCN(c4ccccc4F)CC3)c1)c1ccccc1O2,0
CCCn1c(=O)c2ccccc2n2c(SCCOc3ccc(Cl)cc3)nnc12,0
CN1CCN(c2ccccc2NS(=O)(=O)c2ccc3c(c2)CCN3C(=O)C2CCC2)CC1,0
O=C(NCc1ccc(F)cc1)C1CCCN(S(=O)(=O)c2cccnc2)C1,0
COCCN(C(=O)Nc1ccc(OC)cc1OC)C1CCN(C(C)=O)CC1,0
COc1ccc(CN2C(=O)C3C4C=CC(C4)C3C2=O)cc1,0
COC(=O)C(CC(C)C)NC(=O)c1ccc(F)cc1,0
COc1ccccc1Nc1cc(C(=O)NCCCN2CCOCC2)c2ccccc2n1,0
CCCOc1cccc(C2C(C(=O)c3ccc(C)o3)=C(O)C(=O)N2CCCN(C)C)c1,0
Cc1cc(C)cc(OCC(O)CN2C(=O)NC(C)(C)C2=O)c1,0
COc1cc(NC(=O)C2CCN(S(=O)(=O)c3cccnc3)CC2)cc(OC)c1OC,0
O=C(COc1nnnc2ccccc12)N1CCCc2ccccc21,0
Cc1ccnc(NC(=O)Nc2ccc3c(c2)N(C)C(=O)CS3)c1,0
Clc1ccc(Cn2ncc3c(N4CCCCC4)ncnc32)cc1,0
COc1ccc(N2CCN(c3oc(COc4ccccc4Cl)nc3C#N)CC2)cc1,0
CCOC(=O)c1ccc(/N=C/c2nc3ccccc3n2C)cc1,0
O=C(CSc1n[nH]c(-c2cccs2)n1)NCc1cccs1,0
CCOC(=O)CNC(=O)c1c(C)nn(-c2ccccc2)c1Cl,0
COc1cccc(OC)c1C(=O)Nc1ccc(CN2CCCCC2)cc1,0
COc1ccc(N2CCN(c3nc4c(c(=O)n(C)c(=O)n4C)n3Cc3ccccc3)CC2)cc1,0
C=CCOc1ccc(C2C(C(=O)c3ccco3)=C(O)C(=O)N2CCCN(CC)CC)cc1,0
Cc1cc(NCCCN2CCOCC2)n2nc(C)c(-c3ccccc3)c2n1,0
O=C(Cc1cccs1)Nc1ccc(C(=O)O)cc1,0
COc1ccc(OCc2nnc(SC3CCOC3=O)n2-c2ccccc2)cc1,0
O=C(CSc1oc(-c2ccco2)nc1S(=O)(=O)c1ccccc1)NCC1CCCO1,0
CN1CCN(S(=O)(=O)c2cccc(C(=O)N(c3ccccn3)C3CCCCC3)c2)CC1,0
O=C(C1CCCN(S(=O)(=O)c2ccc(Cl)cc2)C1)N(Cc1cccs1)C1CC1,0
CCOC(=O)c1cnc(SCc2ccc(C)cc2)nc1N,0
Cc1onc(-c2ccccc2Cl)c1-c1nc(-c2ccccn2)no1,0
Cc1cccc(N(C)c2cc(C)nc3nc(C)nn23)c1,0
CCN(CC)c1ccc2cc(-c3nnc(-c4ccncc4)o3)c(=O)oc2c1,0
CC(NC(=O)OCc1ccccc1)C(=O)OCN1C(=O)c2ccccc2C1=O,0
CC(C)(C)NC(=O)C(c1ccco1)N(C(=O)c1csnn1)c1ccccc1,0
N#CCCSc1ccccc1NC(=O)c1ccc(S(=O)(=O)N2CCCC2)cc1,0
O=C(CSc1nc2sc3c(c2c(=O)n1Cc1ccco1)CCC3)N1CCc2ccccc21,0
CCNc1nc(OC)nc(Oc2ccc(=O)n(-c3ccccc3)n2)n1,0
O=C(Cn1nnc(-c2ccccc2)n1)c1ccccc1,0
CCOc1ccc(NC(=O)c2ccccc2O)cc1,0
CCC(C(=O)Nc1ccccc1OC)n1c(C(=O)OC)cc2ccsc21,0
Clc1c(-c2nnc3n2CCCCC3)sc2ccccc12,0
CC(=O)N1CCC(C(=O)Nc2ccccc2)(N(Cc2ccccc2)C(=O)c2cccnc2)CC1,0
COC(=O)c1cccc(C(=O)Nc2ccc(C)cc2)n1,0
CCOc1ccc(Cl)cc1S(=O)(=O)n1cnc2ccccc21,0
O=C(OCC(=O)N1CCCCCC1)c1cccs1,0
CCOC(=O)N1CCN(Cc2c(F)cccc2Cl)CC1,0
CC(C)(C)NC(=O)C(c1ccccc1)N(C(=O)c1ccco1)C1CC1,0
CC1CCCCN1C(=O)NC(Cc1ccccc1)C(=O)O,0
Cc1ccsc1CNn1cnnc1SCc1ccccc1F,0
Cc1nnc(Oc2ccccc2)c2ccccc12,0
CCN(C1CCCCC1)S(=O)(=O)c1ccc(S(=O)(=O)NCCc2ccncc2)cc1,0
COC(=O)c1ccc(C(=O)OC)c(NC(=O)c2oc(C)nc2C)c1,0
N#Cc1c(N)nc(SCC(=O)NCCc2ccccc2)c(C#N)c1-c1cccs1,0
CN(Cc1ccccc1)C(=O)CCC(=O)N(C)Cc1ccccc1,0
Cc1noc(C)c1C(=O)OCC(=O)/C=C1\N(C)c2ccccc2C1(C)C,0
CC1CCN(Cc2nc3c(c(=O)n(C)c(=O)n3C)n2Cc2c(F)cccc2Cl)CC1,0
CCn1c(SCC(=O)c2ccc(CNC(C)=O)o2)nnc1-c1cccs1,0
CN1C(=O)c2ccccc2C(C(=O)NCC2CCCO2)C1c1c[nH]c2ccccc12,0
CCOc1ccc(CCNC(=O)Cn2c(-c3nonc3N)nc3ccccc32)cc1OCC,0
CC(C)CN(CC(C)C)c1nnc(N)s1,0
O=C(CSc1ncnc2sc3c(c12)CCCC3)c1ccco1,0
COc1ccc(C(=O)Nc2ccc3c(c2)OCO3)cc1OC,0
COC(=O)c1ccccc1NC(=O)C12CCC(C)(C(=O)O1)C2(C)C,0
COc1ccc(CN(Cc2ccccn2)S(=O)(=O)c2ccc(-n3cnnn3)c(OC)c2)cc1,0
CCC(=O)N1CCc2cc(S(=O)(=O)CCC(=O)Nc3cccc(F)c3)ccc21,0
COCCn1c(COc2ccccc2)nnc1SCC(N)=O,0
CC(=O)c1c(C)[nH]c(C(=O)OC2CCCCC2=O)c1C,0
CC(C)(C)n1nc2c(c1NC(=O)c1ccccc1F)CS(=O)C2,0
COC(=O)c1[nH]c2c(c1C)C(=O)CC(c1ccccc1)C2,0
Cc1ccc(-n2ncc3c(=O)n(CC(=O)Nc4cccc(Cl)c4)cnc32)cc1C,0
CC(=O)c1ccc2c(c1)Nc1ccccc1S2,0
c1ccc(-n2ncc3c(NC4CCCCCC4)ncnc32)cc1,0
O=C(CSc1nc2cc3c(cc2c(=O)n1CCC1=CCCCC1)OCO3)NCc1ccco1,0
CC(NC(=O)c1cccnc1)c1ccc2c(c1)OCO2,0
CCCn1nnc(NCc2ccc(OCc3cccs3)c(OC)c2)n1,0
Cc1cccc2cc(CN(Cc3ccccc3)C(=O)N(C)C)c(=O)[nH]c12,0
O=C(Nc1ccc(C2CCCCC2)cc1)C1CCCN(c2ncccn2)C1,0
O=C1NC(=O)N(CCC2=CCCCC2)C(=O)/C1=C\NCCN1CCNCC1,0
CCCCc1nc(SCC(=O)Nc2cc(C)on2)n[nH]1,0
COc1cc(C(=O)n2nc(C)cc2C)cc(OC)c1OC,0
O=C(CSc1nncs1)NCc1ccc2c(c1)OCO2,0
Cc1ccc2[nH]c3c(c2c1)CN(C(=O)CN1CCN(Cc2ccc4c(c2)OCO4)CC1)CC3,0
CC(C)(C)C1CCc2[nH]c3ccccc3c(=O)c2C1,0
COc1cccc(C(=O)Nc2cc(C)c3c(=O)oc4ccccc4c3n2)c1,0
O=C(CCCc1c[nH]c2ccccc12)N1CCN(S(=O)(=O)c2cccs2)CC1,0
Cc1cccc(-n2ncc3c(NC4CCCCC4)ncnc32)c1,0
CCN1C(=O)CC(N2CCC(Cc3ccccc3)CC2)C1=O,0
CCOC(=O)c1csc(NC(=O)c2ccc(S(=O)(=O)N3CCCC3)cc2)n1,0
O=C(NCCc1cn2ccsc2n1)C1CCCCC1,0
Nc1nc2c3ccccc3nc(C3CC3)n2n1,0
O=C(c1cnc2sccn2c1=O)N(Cc1ccccc1)c1ccccn1,0
O=C1CN(C(=O)c2ccccc2)c2ccccc2N1,0
CCc1ccc(-c2ccc(C(=O)O)cc2)nc1,0
Cc1ccccc1N(CC(=O)Nc1ccccc1C(=O)O)S(C)(=O)=O,0
CCOC(=O)COc1ccc(S(=O)(=O)N2CCc3ccccc3C2)cc1,0
O=C1CSC(=S)N1c1cccnc1,0
CC1Cc2ccccc2N1C(=O)CSc1nnnn1Cc1ccccc1,0
Cc1ccc(Cn2c(SCCN3CCOCC3)nc3c2c(=O)n(C)c(=O)n3C)cc1,0
O=C(Nc1nnc(SCc2ccc(F)cc2)s1)c1ccco1,0
O=C(O)c1cc(S(=O)(=O)N2CCCCC2)ccc1F,0
CN1CCN(c2oc(-c3ccco3)nc2S(=O)(=O)c2ccccc2)CC1,0
Cc1cc(NC(=O)COC(=O)COc2cccc3c2OC(C)(C)C3)no1,0
CCCc1[nH]nc2c1C(c1ccc(OC(=O)N3CCOCC3)c(OC)c1)C(C#N)=C(N)O2,0
O=C(NCc1cn2ccsc2n1)c1c(F)cccc1Cl,0
COc1ccc2ccccc2c1C(O)c1nccn1C,0
Cc1cc(C)n(-c2nc3ccccc3c(=O)n2OCC(=O)OCc2ccccc2)n1,0
O=C(O)CSCC(=O)NCc1ccccc1,0
CCOC(=O)c1cnc2c(OC)cccc2c1N1CCN(c2ccccc2OC)CC1,0
COCCN1C(SCC(=O)N(C(C)C)C(C)C)=NN/C1=C1\C=c2ccccc2=CC1=O,0
CCN(CC)CCNc1nc2c(c(=O)[nH]c(=O)n2C)n1CCOc1ccccc1,0
Cc1ccc(NC(=O)c2c(O)n(C)c3ccccc3c2=O)nc1,0
Nn1c(SC/C=C/c2ccccc2)nnc1-c1ccccn1,0
Cc1cc(C)nc(SCC(=O)NC2=NC(=O)C(C)S2)n1,0
N=c1c2c(-c3ccccc3)c(-c3ccccc3)oc2ncn1CCN1CCOCC1,0
Cc1cccc(-n2c(Cc3cc(=O)[nH]c(=O)[nH]3)nnc2SCC(=O)NCc2ccco2)c1,0
Cc1[nH]c(N2CCN(c3ccccc3)CC2)nc(=O)c1Cc1ccccc1,0
CCOC(=O)N1CCN(C(=O)c2ccc3c(c2)sc2nc(-c4ccc(OC)cc4)cn23)CC1,0
N#Cc1c(N)n(CCCN2CCOCC2)c2nc3ccccc3nc12,0
Cc1cc(N2CCN(C(=O)c3ccco3)CC2)n2nc(C)nc2n1,0
CC12CN3CC(C)(CN(C1)C31C(=O)N(Cc3ccccc3)c3ccccc31)C2=O,0
Cc1cncn1CCc1nc2c3ccccc3nc(=S)n2[nH]1,0
CCN(CCO)c1ccc(-n2c(N)c(C(=O)OC)c3nc4ccccc4nc32)cc1,0
Cc1cccc2cc(COC(=O)c3ccccc3)c(=O)[nH]c12,0
CCOc1nc2ccccc2nc1NS(=O)(=O)c1ccccc1,0
N#Cc1ccc(Oc2cccc(C(=O)O)c2)cc1C#N,0
O=C(NC1CCCC1)C1CCCN1S(=O)(=O)c1cccc2cccnc12,0
N#CCOc1nc(N2CCOCC2)nc(N2CCOCC2)n1,0
O=S(=O)(c1ccc2c(c1)OCCO2)N1CCC(c2nc3ccc(Cl)cc3[nH]2)CC1,0
O=S1(=O)CCN2C(=N1)SC1=C2CCN(Cc2ccccc2)C1,0
CCc1ccc(CCC(=O)Nc2nccs2)o1,0
CC(NC(=O)Oc1ccccc1)C(c1cccs1)N1CCOCC1,0
CCn1c(C(=O)N2CCC(C(=O)N3CCC4(CC3)OCCO4)CC2)cc2sccc21,0
CCCCNc1cc(C)nc(NCc2ccccc2)n1,0
COc1cccc(-c2noc(-c3cccnc3)n2)c1,0
Cn1c(=O)n(C)c2cc(CNc3ccc(N4CCOCC4)c(C(=O)O)c3)ccc21,0
OCCN1CCN(CCCN2c3ccccc3Sc3ccc(Cl)cc32)CC1,0
C=CCc1cccc(CNc2nc3ccccc3n2C(C)C)c1O,0
O=C(CCc1ccccc1)Nc1cccc(-c2nnc(-c3ccco3)o2)c1,0
Cc1cc2nc(NC3=NCN(Cc4ccc5c(c4)OCO5)CN3)nc(C)c2cc1C,0
CN1C(=O)c2cccc3c(S(=O)(=O)NCc4ccco4)ccc1c23,0
CC(C)(C)n1nc2c(c1NC(=O)Cc1cccs1)CSC2,0
CCOc1ccccc1C(=O)N(CN1CCCC1=O)c1ccc(C)c(Cl)c1,0
COc1ccc(C(=O)CSc2nc(=O)cc(C)[nH]2)cc1,0
COC(=O)c1cc(COC(=O)c2ccc3ccccc3n2)oc1C,0
Cc1nn(Cc2ccccc2Cl)c(C)c1C(=O)NC1=NCCS1,0
O=S(=O)(Nc1ccc2c(c1)nc1n2CCOC1)c1ccc(Cl)cc1,0
O=c1[nH]c2ccc(S(=O)(=O)N3CCCCC3)cc2[nH]1,0
O=C1CC(c2ccco2)Sc2nc3ccccc3n21,0
CCN(CC)C(=O)c1sc2nc(-c3ccc(OC)cc3)cn2c1C,0
CCOc1ccc2nc(NC(=O)c3cnccn3)sc2c1,0
COc1cccc(NC(=O)C2CC(=O)N(C)/C(=N/c3cccc(F)c3)S2)c1,0
CCOC(=O)CSc1nnc(CNC(=O)c2ccc(OC)cc2)n1-c1ccc(OC)cc1,0
O=C(Nc1ccccn1)C12CC3CC(C1)CC(C(=O)Nc1ccccn1)(C3)C2,0
CCOC(=O)c1ccc(NC(=O)C2CCN(S(=O)(=O)CC)CC2)cc1,0
CCCCn1c(SCc2ccc(Cl)cc2)nc2c1c(=O)[nH]c(=O)n2C,0
O=C(NCc1ccc(Cl)cc1)c1cccnc1,0
COCCCNC(=O)c1cn(Cc2c(F)cccc2Cl)nn1,0
Cc1cc2oc(C(=O)Nc3c(C)n(C)n(-c4ccccc4)c3=O)c(C)c2cc1C,0
O=C(c1ccc(N2CCOCC2)nc1)N1CCCCC1,0
CN1CCc2nc(SCC(=O)Nc3ccc(Cl)cc3)c(C#N)cc2C1,0
CCN(CC)c1ccc2c(C)c(-c3ccc(N)cc3)c(=O)oc2c1,0
O=C1c2ccccc2C(=O)N1CCCc1nc(-c2ccc(Cl)cc2)no1,0
CCOC(=O)c1cc(C)n(-c2c(C)n(C)n(-c3ccccc3)c2=O)c1C,0
CC1=CC(C)(C)N(C(=O)CSc2nnc(-c3ccccc3)o2)c2ccc(C)cc21,0
CCc1c(C)nc2ncnn2c1N1CCC(C(=O)N2CCN(c3ccccc3)CC2)CC1,0
Cc1[nH]c(=O)[nH]c1C(=O)CCCCC(=O)OCC(=O)Nc1ccccn1,0
COc1ccc(S(=O)(=O)NC(CC(=O)NC2CCCC2)c2ccco2)cc1,0
CC1CC(C)CN(c2oc(-c3ccco3)nc2C#N)C1,0
CCOC(=O)c1c(C)[nH]c(C(=O)COC(=O)c2cnc(C)cn2)c1C,0
CCCc1nn(C)c2c1C(c1ccncc1)C(C#N)=C(N)O2,0
O=C(C1CCC(Cn2c(=S)[nH]c3ccccc3c2=O)CC1)N1CCN(c2ccccc2)CC1,0
O=C(COc1ccc(S(=O)(=O)N2CCCC2)cc1)NCCC1=CCCCC1,0
CC(=O)Nc1ccc(SCC(=O)c2cc(C)n(Cc3cccs3)c2C)cc1,1
CSc1nc2ccccc2n1CC(=O)Nc1ccc(C)c(C)c1,0
CCN(CC)S(=O)(=O)c1cc(C(=O)Nc2ccccc2C(=O)O)ccc1OC,0
COc1ccc(OC)c2[nH]c(=O)c(CCNC(=O)c3ccc(S(=O)(=O)N4CCCCC4)cc3)cc12,0
O=C(c1cc2ccccc2o1)N1CCCCCC1,0
O=C(COc1ccccc1)Nc1ccc(S(=O)(=O)NCc2ccco2)cc1,0
CC(=O)Nc1ccc(Nc2ncnc3c2cnn3-c2ccccc2)cc1,0
COc1ccc(NC(=O)c2ccccc2NC(=O)c2ccco2)c(OC)c1,0
C=CC(O)(C#CCN(CC)CC)c1ccccc1,0
CCCn1c(NC(=O)c2ccco2)nc2ccccc21,0
O=C(NCc1ccc2c(c1)OCO2)c1cnc2ccccn2c1=O,0
C=CCn1c(Cc2cccs2)nnc1SCC(=O)Nc1cccc(OC)c1,0
COC(=O)c1ccccc1NC(=O)CSc1nnc(C(CO)NC(=O)c2ccccc2)n1C,0
CCOC(=O)c1c(C)[nH]c(C(=O)OCC(=O)N2c3ccccc3CC2C)c1C,0
C=CCn1c(SCC(=O)NC(=O)NCc2ccco2)nc2sc(CC)cc2c1=O,0
CC(=O)Nc1nc2ccccc2n1CCOc1ccccc1,0
CCOC(=O)c1cccc(NC(=O)c2cc3sccc3n2C)c1,0
CC1CCCN(c2nc3c(c(=O)[nH]c(=O)n3C)n2CCSc2nc3ccccc3o2)C1,0
Cn1nc(-c2ccc(Cl)cc2)c2cc(C(=O)NCCCN3CCCC3)sc21,0
Nc1c2c(nc3ccn(-c4ccccc4)c(=O)c13)CCCCC2,0
COc1ccc(S(=O)(=O)NCCC(C)C)cc1OC,0
CCOC(=O)c1coc(CNC(=O)c2c(C)oc3c2CCCC3)c1,0
CCN(CC)S(=O)(=O)c1ccc(NC2c3ncccc3C(=O)N2Cc2ccccc2)cc1,0
CCOc1ccc(CCNS(=O)(=O)c2cccc3nsnc23)cc1OCC,0
Cc1cccc(-n2nnnc2SCC(=O)c2cc(C)n(Cc3ccco3)c2C)c1,0
CC12CC(NC(=O)N1c1ccc(C(=O)N3CCN(c4ccccn4)CC3)cc1)c1ccccc1O2,0
O=C(O)C1CC(=O)N(c2ccc(OCc3ccccc3Cl)cc2)C1,0
O=C(C1CCCO1)N1CCN(c2ncccn2)CC1,0
Cc1nc(Nc2ncc3c(n2)CCCC3=O)nc2ccccc12,0
COc1ccc(S(=O)(=O)N(CC(=O)NCc2ccco2)C2CCCCC2)cc1OC,0
Cc1noc(C)c1COC(=O)c1ccccc1Sc1ccccc1C#N,0
CCOC(=O)C1=C(CC)Nc2ccccc2N=C1NC(=O)c1cccc(S(=O)(=O)N2CCCC2)c1,0
Cc1csc2nc(CNS(=O)(=O)c3ccc4c(c3)OCCO4)cn12,0
O=S(=O)(c1cccs1)n1cccn1,0
CCOC(=O)COn1c(=O)c[n+]([O-])c2ccccc21,0
CN1CCN(c2ncnc3c2sc2nc(N4CCCC4)c4c(c23)CC(C)(C)OC4)CC1,0
Clc1ccc(Cn2nnc(-c3ccc(N4CCOCC4)cc3)n2)cc1,0
CN1CCN(CC(=O)Nc2ccc(Oc3ccccc3)cc2)CC1,0
COC(=O)c1ccccc1NC(=O)c1ccc2c(c1)C(=O)N(Cc1ccco1)C2=O,0
CC1Cc2ccccc2N1C(=O)CCNS(=O)(=O)c1cccc2nsnc12,0
CC(C)CCn1c(SCCc2ccccc2)nc2c1c(=O)[nH]c(=O)n2C,0
CN(C)S(=O)(=O)N(CC(=O)N1CCOCC1)c1ccccc1,0
N#Cc1c(NCCCO)nc(-c2ccccc2)c2c1CCCC2,0
COC(=O)c1ccc(CSc2nc3ccccc3c(=O)n2-c2cccc(OC)c2)o1,0
CC(C)COc1ccc(-c2nnc(-c3ccncc3)o2)cc1,0
CC(C)OC(=O)CSc1nc2ccccc2s1,0
COCCN(CCOC)c1cc(C)c(C#N)c2nc3ccccc3n12,0
O=C(CN1C2CCC1CC(O)(c1cccnc1)C2)Nc1ccc2c(c1)OCO2,0
CN(CC(=O)NC1CCCCC1)S(=O)(=O)c1ccc(Cl)cc1,0
COc1ccc(CN2CCN(C)CC2)cc1OCc1ccccc1,0
COc1ccc(CCNC(=O)c2[nH]c(C)c(C(C)=O)c2C)cc1OC,0
Cc1cccc(CCNC(=O)C2CCCN(S(=O)(=O)c3cnc[nH]3)C2)c1,0
Cc1ccc2nc3c(cc2c1)c(NC(=O)c1cccnc1)nn3C,0
COc1ccccc1NC(=O)c1ccc(NS(=O)(=O)c2c(C)noc2C)cc1,0
COc1cc(C(=O)N2CCC(C(=O)Nc3cccc(C(C)=O)c3)CC2)cc(OC)c1OC,0
Cc1ccc(C)c2[nH]c(=O)c(CN(CC3CCCO3)C(=O)NC3CCCCC3)cc12,0
CCCCCn1c(CN2CCN(c3cc(Cl)ccc3C)CC2)nc2c1c(=O)[nH]c(=O)n2C,0
O=C(Nc1ccc2nn(-c3ccccc3)nc2c1)c1ccc2c(c1)OCCO2,0
CC(C)(C)c1ccc(C(=O)NCc2cccnc2)cc1,0
CC(=O)CCc1ccc(OCCCCn2cncn2)cc1,0
CCOC(=O)C1=C(C(C)=O)C(c2cccnc2)C(C#N)=C(N)O1,0
COC(=O)c1[nH]c2cccc(OC)c2c1NC(=O)CCN1CCN(c2ccccc2F)CC1,0
CSc1nnc(-c2ccc(NC(=O)CCc3ccccc3)cc2)n1C,0
c1ccc2[nH]c(NCCCN3CCOCC3)nc2c1,0
CCC1(C)CC(=O)N(c2ccc(C(=O)O)c(O)c2)C1=O,0
COc1ccc(OCCN2C(=O)NC(C)(c3ccc(C)cc3)C2=O)cc1,0
CC(Oc1ccc(Cl)cc1Cl)C(=O)NCc1ccncc1,0
CS(=O)(=O)N(CCc1ccccc1)CC(=O)N1CCN(Cc2ccccc2)CC1,0
COc1cccc(N(CC(=O)NCCSc2ccccc2)S(C)(=O)=O)c1,0
COc1ccccc1NC(=O)N1CCN(c2ccccc2F)CC1,0
CCN(CC)C(=O)CSc1ncnc2c1nnn2-c1ccc(OC)cc1,0
Cn1c(C(=O)N2CCCC(C(=O)NCc3cccs3)C2)cc2sccc21,0
O=C(Nc1ccc2c(c1)OCCO2)c1ccc2nccnc2c1,0
Cc1nn(Cc2ccccc2Cl)c2sc(C(=O)OC3CCCC3=O)cc12,0
COC(=O)C1=C(C)NC2=C(C(=O)CCC2)C1c1ccsc1,0
O=C(CCC(=O)OCC(=O)c1ccccc1)NC1CCCCC1,0
Cc1ccc(-c2nn3c(-c4cccc(Cl)c4)nnc3s2)cc1,0
Cc1cnc(NC(=O)CSc2nc(=O)c3ccccc3[nH]2)s1,0
Cc1ccc(NC(=O)c2nnn(-c3cc(C)cc(C)c3)c2N)cc1,0
CC(=O)CC(=O)NC1C2CC3CC(C2)CC1C3,0
CCOC(=O)N1CCN(C(=O)CN(C)S(=O)(=O)c2ccc3c(c2)C(C)(C)C(=O)N3C)CC1,0
CCOc1cc(S(=O)(=O)N2CCN(CC)CC2)ccc1Cl,0
Cc1ccc(NC(=O)CSc2nnc(COc3ccc(C#N)cc3)n2-c2ccccc2)cc1C,0
COCCCNC(=O)CCC(=O)Nc1ccc2nc(N3CCOCC3)cc(C)c2c1,0
Cc1ccc(C(=O)C2CCN(CC(=O)NC3CCCCC3)CC2)cc1,0
COC(=O)C1(CCSC)NC(c2ccco2)C2C(=O)N(C)C(=O)C21,0
CC1Cc2ccccc2N1C(=O)C1CCCN(S(=O)(=O)c2cccc3nsnc23)C1,0
CC1Cc2ccccc2N1C(=O)COc1cccc(-n2cnnn2)c1,0
C=CC(O)Cc1c(C)n[nH]c1C,0
CCCCn1c(=S)[nH]c2c(oc3ccc(Cl)cc32)c1=O,0
COc1cc2cc(C(c3nnnn3C3CCCC3)N3CCc4ccccc43)c(=O)[nH]c2cc1OC,0
COc1ccc(N2CCN(Cc3nc(N)nc(N4CCCc5ccccc54)n3)CC2)cc1,0
CC1CN(S(=O)(=O)c2cccc(C(=O)NCc3ccc4c(c3)OCO4)c2)CC(C)O1,0
COC(=O)CC1C(=O)NCCN1C(=O)NC1CCCCC1,0
CC1(C)CC(=O)C2=C(C1)N=C1SCCC(=O)N1C2c1ccccc1,0
CC(=O)c1c(C)n(C)c2ccc(OC(=O)c3ccco3)cc12,0
CCOc1cc2[nH]c(=O)n(CCCCC(=O)NCc3ccco3)c(=O)c2cc1OCC,0
COC(=O)C1(S(=O)(=O)C2(C(=O)OC)CCCC2)CCCC1,0
O=C(NCc1ccc2c(c1)OCO2)C1CC(=O)N(CCc2ccccc2)C1,0
COc1ccc(-c2noc(CSc3nnc(CCc4ccccc4)n3-c3ccccc3)n2)cc1OC,0
COc1ccc(CCc2nc(-c3ccc(-n4cccc4)cc3)no2)cc1,0
CC(C)n1c(Sc2nccn2C)nc2c1c(=O)n(C)c(=O)n2C,0
COc1ccc(NC(=O)CSC2=C(C#N)C(c3ccco3)C3=C(CCCC3=O)N2)c(OC)c1,0
COc1ccc2[nH]c3c(NCCN(C(C)C)C(C)C)ncnc3c2c1,0
CCOc1nc(SCCOc2ccc(C)cc2)nc(N(C)C)n1,0
Cn1cnnc1SCC(=O)c1cc2ccccc2oc1=O,0
c1coc(CNc2c3c(nc4ncnn24)CCCC3)c1,0
CC(C)c1nc2ccccc2c2nnc(SCC(=O)NCc3ccco3)n12,0
O=C(NC1(C(=O)NC2CCCC2)CCCCC1)c1ccc2c(c1)OCO2,0
O=C(CC1Nc2ccccc2NC1=O)NCCCN1CCCCCC1,0
Cc1cccc(CSc2nnc(-c3ccccn3)n2N)c1,0
CC(Oc1ccccc1Cl)C(=O)N(Cc1ccco1)C1CCS(=O)(=O)C1,0
COC(=O)c1ccc(CSc2ccc3nnc(-c4cccc(F)c4)n3n2)o1,0
Cc1nc(N2CCN(C(=O)c3ccc(Cl)cc3)CC2)c(C#N)c2c1COC(C)(C)C2,0
c1ccc(-c2ccc(-c3nc(-c4cccnc4)no3)cc2)cc1,0
O=c1cc(CSc2nnnn2-c2ccccc2)[nH]c2[nH]n(-c3ccccc3)c(=O)c12,0
CC1(C)CC(=O)C2=C(C1)NC(=O)CC2c1cccc(F)c1,0
CCCc1nnc(NC2=NS(=O)(=O)c3ccccc32)s1,0
O=c1nc2n(c(O)c1Cc1ccccc1)CCS2,0
Cc1cc(S(=O)(=O)N2CCCC2)ccc1OCC(=O)N1CCOCC1,0
O=C(O)C1CCCCC1C(=O)NC1CCCCC1,0
CCOC(=O)c1cnc2c(C#N)c(C)nn2c1-c1ccccc1,0
O=C(OCC#CCSc1nnc(-c2ccccc2)o1)c1ccco1,0
CCCn1c(CCC(=O)O)ccc1-c1ccc(F)cc1,0
CCCc1cc(-n2ccnc2C)n2c(nc3ccccc32)c1C#N,0
CCc1nc2sc(C)c(C)c2c(=O)n1CCO,0
O=C(NCc1ccccn1)c1cn(CCc2ccccc2)nn1,0
Cn1c(=O)[nH]c(=O)c2c1nc(CN1CCN(c3cccc(Cl)c3)CC1)n2CCCc1ccccc1,0
CC1CCc2[nH]nc(C(=O)O)c2C1,0
CS(=O)(=O)NCCC1=CCCCC1,0
Cc1cc(C)c(C#N)c(SCC(=O)c2cccs2)n1,0
CC1(C)CN=C(NCc2ccccc2Cl)S1,0
Cc1cc(C(=O)NC(C)C2CCCO2)cs1,0
Cc1nc2ccc(-c3ccccc3)cc2o1,0
Cc1cc(C(=O)N2CCN(c3cccc(Cl)c3)CC2)c(C)o1,0
CCc1ccc(C(=O)CC2(O)C(=O)N(CN3CCOCC3)c3ccccc32)cc1,0
Cc1cc(NC(=O)CSc2nnc(COc3cccc(C)c3C)n2Cc2ccco2)no1,0
CCOc1ccccc1N1CCN(CC(=O)Nc2nnc(CC)s2)CC1,0
COc1ccccc1N1CCN(C(=O)CN(c2ccccc2OC)S(=O)(=O)c2ccccc2)CC1,0
CCOC(=O)C1C(=O)C=C(c2ccc(OC)cc2)CC1c1ccco1,0
CC1(C)C(c2ccccn2)=[N+]([O-])C(C)(C)N1O,0
CCOC(=O)c1ccc(NC(=O)c2c(O)n(C)c3ccccc3c2=O)cc1,0
CCOC(=O)c1cnn(-c2ncnc3c2cnn3Cc2ccccc2)c1N,0
CCCCN(CC)Cc1c(C)[nH]c2ccccc2c1=O,0
CCOC(=O)c1ccc(OCC(=O)c2ccc(O)cc2O)cc1,0
O=C(Nc1nccs1)c1ccc(COc2ccc(Cl)cc2)o1,0
CC(C)CCn1c(=O)c2ccccc2n2c(CN(C)Cc3ccccc3)nnc12,0
CC(=O)n1c(=O)c2cccc3cccc(c(=O)n1C(C)=O)c32,0
CCCCOc1ccc(CN2CCC(O)CC2)cc1,0
COc1cc(OC)cc(C(=O)Nc2ccc(-n3cnnn3)c(C)c2)c1,0
Cc1nn(C(C)(C)C)c(OC(=O)c2cccs2)c1S(=O)(=O)c1ccccc1,0
CN1CCC(OC(=O)C23CCC(C)(C(=O)O2)C3(C)C)CC1,0
CCOC(=O)N1CCN(C(=O)C2CCN(S(C)(=O)=O)CC2)CC1,0
CCOc1cc(N2CCOCC2)c(OCC)cc1NC(=O)CCC1CCCC1,0
Cc1ccc(C(=O)Cn2c(N3CCOCC3)nc3c2c(=O)n(C)c(=O)n3C)cc1,0
O=C(COc1ccccc1)NCCc1cn2ccsc2n1,0
COC(=O)c1ccc(OC)c(CSc2nnc(COc3ccc(Cl)cc3)o2)c1,0
O=C(CCCc1nc2ccccc2s1)N1CCN(S(=O)(=O)c2cccs2)CC1,0
CC(C)NC(=O)Cn1c(SCC(=O)N2CCCCCC2)nc2ccccc21,0
COc1ccc(-c2nnc(SCC(=O)NC3CCCCC3)o2)cc1OC,0
CCOc1cc(S(=O)(=O)NCCc2cccc(C)c2)c(OCC)cc1-n1cnnn1,0
O=C(O)C1CCN(C(=O)COc2ccc3c4c(c(=O)oc3c2)CCC4)CC1,0
CC(C)(C)OC(=O)N1CCCC1C(=O)N1CCC(C(=O)O)CC1,0
Nc1c(C(=O)NCc2cccnc2)sc(=S)n1-c1ccccc1,0
Cn1c(SCC(=O)NCc2ccc3c(c2)OCO3)nnc1-c1cccs1,0
CC1CCCC(NC(=O)c2ccc3c(=O)n(CC4CCCO4)c(=O)[nH]c3c2)C1C,0
O=C(NCCN1CCOCC1)c1cccc(S(=O)(=O)N2CCCCCC2)c1,0
CCCCC(C(=O)O)C(C)CC(=O)Nc1cccc(C(=O)O)c1,0
O=c1cc(-c2ccccc2)[nH]c2[nH]n(-c3ccccc3)c(=O)c12,0
C=CCn1c(N2CCCCCC2)nc2c1c(=O)n(C)c(=O)n2C,0
CCCn1c(NC(=O)c2ccc(C)cc2)nc2ccccc21,0
Cc1cc(Oc2ccccc2)nc2ccc(O)cc12,0
COC(=O)C(CCSC)NC(=O)N1CCN(Cc2ccccc2)CC1,0
CCOc1ccc(-n2c(CC)nc3ccccc3c2=O)cc1,0
CCOC(=O)C(C)n1cnc2c(oc3ccccc32)c1=O,0
COc1cc(C2C(C#N)=C(N)Oc3n[nH]c(C)c32)cc2c1OCO2,0
CCS(=O)(=O)N1CCC(C(=O)NCCCN2CCCCCC2)CC1,0
COc1ccc(-c2nc(CSCC(=O)N3CCN(c4cccc(C)c4)C(C)C3)c(C)o2)cc1OC,0
COCC(N)(c1ccccc1)c1nc2ccccc2n1C,0
CN(C)S(=O)(=O)c1cccc(C(=O)N2CCN(Cc3ccccc3)CC2)c1,0
O=C(Nc1ccc(N2CCN(Cc3ccccc3)CC2)cc1)c1ncn[nH]1,0
CCn1c(SCC(=O)Nc2ccc(OC)c(OC)c2)nnc1-c1cccs1,0
COc1ccccc1-c1ccc(Nc2cccc(C(C)=O)c2)nn1,0
CCOCCn1c(SCC)nc2c1c(=O)[nH]c(=O)n2C,0
CCOc1ccc(CN2CCC(=O)NC2=O)cc1,0
CC1CCC(NC(=O)CN2CCCN(Cc3ccc(F)cc3Cl)C2=O)CC1,0
CCOC(=O)CCC(=O)Nc1ccc(S(=O)(=O)N2CCCC2)cc1,0
CCN1CCN(CCNC(=O)c2cn(C(C)c3ccccc3F)nn2)CC1,0
CC(C)CCOc1ccc(C2(C)NC(=O)N(CN3CCOCC3)C2=O)cc1,0
Cc1nnc(C)n1/N=C/c1ccc2c(c1)OCCO2,0
Cc1ccc(C(C(=O)NC2CCCC2)N(Cc2ccc(F)cc2)C(=O)c2csnn2)o1,0
COc1ccc(S(=O)(=O)Nc2cc(C)c(O)cc2C(C)C)cc1,0
CCOC(=O)C1CCCN(Cc2nc(N)nc(Nc3ccc(C)cc3)n2)C1,0
COc1ccc(C(=O)CN2C(=O)NC3(CCCc4ccccc43)C2=O)cc1OC,0
COCCN(C(=O)CCC(=O)Nc1ccccn1)C(C(=O)NC1CCCC1)c1ccc(OC)cc1,0
O=C(NCCN1CCOCC1)C1CCC(=O)N1Cc1ccccc1Cl,0
COc1ccc(-c2nc(CS(=O)CC(=O)NCCCN3CC(C)CC(C)C3)c(C)o2)cc1OC,0
O=C(Cc1ccccc1)N1CCC(C(=O)N2CCN(c3ccc(F)cc3)CC2)CC1,0
CCCC(=O)n1nc(-c2ccco2)nc1SCc1ccccc1,0
Cc1nnc2n(Cc3ccccc3)c(=O)c3c4c(sc3n12)COC(C(C)C)C4,0
O=C(c1cnn2ccccc12)N1CCc2ccccc21,0
O=C(CSc1nnc(-c2ccc(F)cc2)o1)Nc1ccc(S(=O)(=O)N2CCCC2)cc1,0
C=CCn1c(SCC(=O)Nc2ccc(C(=O)OCC)cc2)nnc1-c1cccs1,0
Cc1nc2nc(C)c(CCC(=O)N3CCc4ccccc43)c(C)n2n1,0
CCC(=O)n1nc(NCc2ccc(OC)c(OC)c2)nc1NCc1ccc(OC)c(OC)c1,0
CCN1C(=O)C(O)(CC(=O)c2ccc3c(c2)OCCO3)c2ccccc21,0
N#CC1=C(N)Oc2n[nH]c(-c3cccs3)c2C1c1ccsc1,0
C=CCOC(=O)C1=C(C)NC(=O)NC1c1ccc(OC(=O)c2ccco2)c(OC)c1,0
CCCNc1nc2c(c(=O)n(C)c(=O)n2C)n1CCc1ccccc1,0
Cc1ccc(Cl)cc1N1CCN(C(=O)C2CCCN(S(=O)(=O)c3cnc[nH]3)C2)CC1,0
CCN(CC)CCCN(Cc1cc2cc(OC)ccc2[nH]c1=O)C(=O)Nc1ccc(F)cc1,0
O=C1c2ccccc2C(O)(c2ncc[nH]2)N1C1CCCCC1,0
CC(=O)Oc1cc2c(C(=O)NCc3ccncc3)c(C)oc2c2ccccc12,0
COc1ccc(NC(=O)Nc2ccccc2C(=O)N2CCCC2)cc1,0
Cc1cc(NC(=O)COc2ccc(N(C)S(=O)(=O)c3ccccc3)cc2)no1,0
Cc1cc(=O)nc(SCC(=O)Nc2nc(-c3ccccc3)cs2)[nH]1,0
N#CCSc1nnc(Cc2cccs2)n1C1CCCCC1,0
Cc1ccc2nc(C3CCN(CC(=O)N4CCCCCC4)CC3)[nH]c2c1,0
Cn1c(N2CCN(c3ccccn3)CC2)nc2c1c(=O)n(Cc1ccccc1Cl)c(=O)n2C,0
CN(C)c1ccc(C(C(=O)NC(C)(C)C)N(C(=O)c2csnn2)C2CC2)cc1,0
COc1ccc(OCC(O)COc2ccc(OC)cc2)cc1,0
CCC1Sc2ccccc2N(CC(=O)NC2CCCC2)C1=O,0
O=C(Nc1cccc(NC(=O)c2cccs2)c1)c1ccco1,0
O=C(NCC1CCCO1)c1ccc2nc(N3CCCCC3)sc2c1,0
COc1ccc(C)cc1-n1nnnc1SCc1csc(C)n1,0
O=C(NCC1COc2ccccc2O1)c1ccc(NC(=O)C2CCCO2)cc1,0
CSc1cccc(NC(=O)CN(C2CCCCC2)S(C)(=O)=O)c1,0
O=C(c1ccc(Cl)cc1Cl)N1CCC(c2nc3n(Cc4ccco4)[nH]nc-3c(=O)n2)CC1,0
COc1ccc(CC(=O)Nc2ccc(-c3nnc(-c4ccc(C)cc4)o3)cc2)cc1,0
Cc1ccc(-n2ncc3c(N4CCCC4)ncnc32)c(C)c1,0
COc1cc(NC(=O)c2ccco2)c(OC)cc1NC(=O)c1cc(OC)c(OC)c(OC)c1,0
C=COCCNC(=O)C1CC(=O)N(c2ccc(C)cc2)C1,0
CC(=O)Nc1cccc(NC(=O)CSc2nnnn2C)c1,0
CCOc1ccccc1NC(=O)CN(Cc1ccccc1)S(C)(=O)=O,0
COc1ccccc1NC(=O)c1ccc(CN2CCOCC2)cc1,0
COc1ccccc1S(=O)Cc1ccc(C(=O)NCc2ccccc2Cl)o1,0
CN1C(=O)CSc2ccc(NC(=O)NCCC3=CCCCC3)cc21,0
O=C(NC1CCCCCC1)C1c2ccccc2C(=O)N1C1CC1,0
CC1(C)CC(=O)C(=CNCC2CCN(C(=O)Nc3ccccc3)CC2)C(=O)C1,0
O=C(c1cc2c(=O)n3ccccc3nc2s1)N1CCOCC1,0
CCn1c(SCC(=O)C(C)(C)C)nnc1-c1cnccn1,0
Cc1c(C(=O)N2CCN(Cc3ccccc3)CC2)sc2ncnc(N3CCOCC3)c12,0
CCOC(=O)Cn1nc(C)c(-c2ccccc2)c1N,0
COC(=O)c1ccccc1NC(=O)c1noc2c1CCCC2,0
O=C(COc1ccccc1)Nc1cccc(-c2nnc(-c3ccccc3)o2)c1,0
COc1ccc(N(Cc2cc3cc(OC)ccc3[nH]c2=O)S(C)(=O)=O)cc1,0
N#CCCN(C(=O)CSc1ccc2c(c1)OCCO2)c1ccccc1,0
Cc1cccc(-n2c(SCCC(=O)O)nnc2-c2cccs2)c1C,0
COc1ccc(NC(=O)Nc2ccccc2C)c(OC)c1,0
COc1ccc(C2N3CC4(C)CN2CC(C)(C3)C4=O)cc1OC,0
O=C(Cc1ccccc1)Nc1ccc2oc(-c3ccncc3)nc2c1,0
COC(=O)C1=C(C)NC(C)=C(C(=O)OC)C1c1ccc(N(C)C)cc1,0
CCCn1c(SCC(=O)Nc2ccccc2CC)nnc1C(C)C,0
C=CCn1c(SCC(=O)Nc2cccc(OC)c2)nnc1-c1cccnc1,0
COCCCN1C(=O)C2=C(/C(=C3\C=CC=CC3=O)NN2)C1c1cccc(Cl)c1,0
Cc1ccc(C2/C(=C(/O)c3ccc(OC(C)C)cc3)C(=O)C(=O)N2CCN2CCOCC2)cc1,0
O=C1CC(c2ccccc2)CC(=O)C1=CNCCCO,0
Clc1ccc(Cn2ncc3c(N4CCOCC4)ncnc32)cc1,0
COC(=O)NCc1ccc(CNC(=O)OC)cc1,0
CCC(=O)Nc1c2c(nn1-c1ccc(OC)cc1)CS(=O)C2,0
COCC(C)N/C=C1\C(=O)Nc2ccccc21,0
CN1CCN(CCCNC(=O)c2cn(C3CCCCC3)c(=O)c3c2c2ccccc2n3C)CC1,0
COc1ccc(C(=O)NCc2nnc(SC)n2C2CCCCC2)cc1,0
COc1cccc(CNC(=O)CCS(=O)(=O)c2cccc3nsnc23)c1,0
CCOc1cc(N2CCOCC2)c(OCC)cc1NC(=O)c1cc(-c2ccco2)nc2ccccc12,0
O=C(NC12CC3CC(CC(C3)C1)C2)c1ccc(S(=O)(=O)N2CCOCC2)cc1,0
c1ccc(CNc2c3c(nc4ncnn24)CCCC3)nc1,0
CCN1CCc2c(C#N)c(NCc3ccccc3)nc(NCCO)c2C1,0
CCc1nc(SCC(=O)N2CCc3ccccc32)c2oc3ccccc3c2n1,0
Cc1n[nH]c(C)c1C(=O)CC1(O)C(=O)N(CCc2ccccc2)c2ccc(Cl)cc21,0
CC1CCCCN1C(=O)Cc1ccc(Cl)cc1,0
CCOC(=O)Cc1nnn(CC(=O)OCC)n1,0
O=C1CC(N2CCN(C3CCc4ccccc4C3)CC2)C(=O)N1c1ccccc1,0
O=C(c1noc2c1CCCCC2)N1CCOCC1,0
c1ccc2nc(N3CCOCC3)c(N3CCOCC3)nc2c1,0
CC(=O)c1c(C)[nH]c(C(=O)Nc2c(C)n(C)n(-c3ccccc3)c2=O)c1C,0
CCOC(=O)c1ccc(CNC(=O)c2cc(C(C)(C)C)oc2C)o1,0
CC1(C)CC(=O)C(=CNCCc2ccc(S(N)(=O)=O)cc2)C(=O)C1,0
CC(C)(C)NC(=O)C(c1ccccn1)N(C(=O)c1ccc2c(c1)OCCO2)C1CCCC1,0
COc1ccc(OC)c(C(=O)c2nc3c(n2O)CCCCC3)c1,0
CCOc1ccccc1CNC(=O)c1cc2occc2n1C,0
O=C(CN1CCN(CC(=O)Nc2ccc3c(c2)OCO3)CC1)Nc1ccc(F)cc1,0
COc1cc(NC(=O)C2CCCO2)c(OC)cc1NC(=O)c1ccccc1,0
COC(=O)C1CCN(c2cc(=O)n(Cc3ccc(F)cc3)c(=O)[nH]2)CC1,0
O=C(Nc1cccc2ccccc12)N1CCOCC1,0
O=C(CN1CCCCC1)Nc1ccc(F)c(Cl)c1,0
CCOC(=O)N1CCN(S(=O)(=O)c2ccc(F)c(C(=O)Nc3cc(C)cc(C)c3)c2)CC1,0
COc1ccc(C2c3c(oc4ccccc4c3=O)C(=O)N2CCN2CCOCC2)cc1OC,0
Cc1nc2[nH]onc2c2nccc(=O)c12,0
Nc1c(C(=O)NCc2ccco2)nnn1Cc1ccccc1,0
CCOC(=O)C(NC(=O)c1ccccc1)=C1CCCCC1,0
CCNc1ccc(C(=O)OCC)cc1NC(=O)c1cccc(N(C)C)c1,0
CCCC(=O)NC(C)C(c1cccs1)N1CCN(c2ccccc2)CC1,0
CC(=O)N1CC(=O)Nc2ccc(Cl)cc2C1c1ccc(F)cc1,0
Cn1c(=O)[nH]c(=O)c2c1nc(N1CCCCCC1)n2CCCSc1nc2ccccc2o1,0
CCOC(=O)CN1CC23C=CC(O2)C(C(=O)Nc2ccc4c(c2)OCO4)C3C1=O,0
Cc1ccc(N2CC(C(=O)Nc3ccc(S(=O)(=O)N4CCCC4)cc3)CC2=O)cc1,0
CC(C)(C)SCCNC(=O)CN1C(=O)c2ccccc2S1(=O)=O,0
Cc1nnc(SCC(=O)c2cc(C)n(-c3c(C)n(C)n(-c4ccccc4)c3=O)c2C)s1,0
Cc1c(C(=O)NCc2ccc3c(c2)OCO3)sc2nc(-c3ccccc3)cn12,0
O=C(CCN1CCN(c2ccccc2)CC1)Nc1ccccc1F,0
CC1(C)CC2CC(C)(CN2C(=O)COC(=O)c2n[nH]c(=O)c3ccccc23)C1,0
C=CCn1c(SC/C=C/c2ccccc2)nnc1-c1sc(N)nc1C,0
COc1cccc(N2C(=O)C(CC(=O)Nc3ccc(F)cc3)N(C3CCCCC3)C2=O)c1,0
COc1cccc(-n2cnc3scc(-c4cccs4)c3c2=O)c1,0
c1ccc(OCCSc2nnnn2C2CCCCC2)cc1,0
Cc1cc(C)nc(N2CCN(c3nc(C)nc4c3oc3ccccc34)CC2)n1,0
COCCCn1c(SCC(=O)Nc2cccc(C(=O)OC)c2)nnc1-c1ccncc1,0
Cc1cc(NC(=O)CSc2nnc(-c3ccco3)n2CC2CCCO2)no1,0
CC(C)CN(CC(C)C)S(=O)(=O)N1CCC(C(=O)NCc2cccs2)CC1,0
Cc1ccccc1-n1c(Cn2c(=O)sc3ccccc32)nnc1SCC(=O)N1CCC(C)CC1,0
COc1ccc(NC(=O)N2c3ccccc3CC2C)cc1OC,0
Cc1cc(C)c2c(n1)nn1c(-n3ccnc3)cc(C)nc21,0
CC(OC(=O)c1cc(=O)[nH]c2ccccc12)c1ccccc1,0
COc1ccc(C2=NOC(C(=O)NCc3ccc(F)cc3)C2)cc1OC,0
CN(CC(=O)N1CC=C(c2ccccc2)CC1)S(=O)(=O)c1cnc[nH]1,0
CCOc1ccc(S(=O)(=O)N2CCN(C)CC2)c(C)c1C,0
Cc1nn(C(=O)N2CCCCC2)c(C)c1CN1C(=O)c2ccccc2C1=O,0
CCOC(=O)c1cc(-c2nnc(-c3cc(OC)c(OC)c(OC)c3)o2)c(C)nc1C,0
Cc1ccc(C(=O)Nc2ccccc2C(N)=O)o1,0
CCC(C)C(NS(=O)(=O)c1ccc(C)cc1)C(=O)N1CCC(C(=O)NCC(=O)O)CC1,0
Cc1oc(-c2ccccc2F)nc1CS(=O)(=O)CC(=O)NCc1ccco1,0
COc1ccccc1CNC(=O)c1ccc(S(=O)(=O)N2CCCC2)cc1,0
COc1ccc(CC(=O)Nc2c3c(nn2-c2cccc(C)c2C)CS(=O)C3)cc1,0
CCOc1ccc(N(CC(=O)NC(C)CC)S(=O)(=O)c2c(C)noc2C)cc1,0
CCOC(=O)CSC1=NC(=O)CS1,0
Cn1cc(C(=O)NC2CCCCCC2)c(=O)c2cc(S(=O)(=O)N3CCCC3)ccc21,0
O=C1NCC(COCc2ccco2)O1,0
Cc1ccc(C(=O)CSc2nnc(-c3ccco3)n2Cc2ccccc2)cc1,0
CCN(CC)S(=O)(=O)c1ccc(C(=O)Oc2ccc3c(c2)OCO3)cc1,0
Cc1cc(C)nc(NC(=O)CCCC(=O)O)c1,0
O=c1n(-c2ccccc2)c(=O)n(Cc2ccccn2)n1Cc1ccccn1,0
COC(=O)CSc1nnc(CNC(=O)Cc2ccccc2)n1-c1ccccc1OC,0
O=C(Cn1nc(-c2ccccc2)c2ccccc2c1=O)Nc1ccccn1,0
Cc1ccc(S(=O)(=O)C(C#N)c2nc3ccccc3nc2N2CC(C)OC(C)C2)cc1C,0
CCOC(=O)C1(Cc2ccc(O)cc2)NC(c2ccccc2F)C2C(=O)N(C)C(=O)C21,0
CCCOc1ccc(-c2nnc(-c3ccncc3)o2)cc1,0
O=C(c1cc(-c2ccncc2)nc2ccccc12)N1CCN(c2ccccn2)CC1,0
O=C(CCn1cccc1)NCCc1ccc(Cl)cc1,0
CCCCS(=O)(=O)Nc1ccc(C(=O)NCC2CCCO2)cc1,0
Cc1oc(C)c(C(=O)O)c1COc1ccc(C(=O)O)cc1,0
Cc1ccc(C2C(C(=O)c3sc(C)nc3C)=C(O)C(=O)N2CCCN(C)C)o1,0
CCCN(C(=O)c1ccccc1N)c1c(C)n(C)n(-c2ccccc2)c1=O,0
O=C1C=CC=C/C1=C1/CC(c2ccccc2)N2NC=NC2=N1,0
O=C(O)c1cccc(CN2C(=O)SC(Nc3ccccc3)C2=O)c1,0
O=C1CC2CS(=O)(=O)CC2N1c1ccc(Oc2ccccc2)cc1,0
CCc1ccc(OC)c(S(=O)(=O)Nc2ccccc2C)c1,0
Cn1c(=O)c(NCCO)c2c3c(cccc31)C(=O)c1ccccc1-2,0
COc1cc(NC(=O)NCc2ccncc2)cc(OC)c1OC,0
COc1ccc(NC(=O)C2CC(c3cc(OC)c(OC)c(OC)c3)=NO2)cc1OC,0
COCc1cc(=O)nc(SCC(=O)Nc2ccccc2)[nH]1,0
O=C(Nc1nc(-c2cccs2)c(-c2ccccc2)s1)c1ccco1,0
O=c1c(-c2ccccc2)[n+]([O-])c2ccccc2n1O,0
O=S(=O)(c1ccc2c(c1)OCCO2)N1CCC(c2nc3ccccc3[nH]2)CC1,0
CC1CC2(CC(C)(C(=O)CSc3n[nH]c(-c4ccccc4Cl)n3)OC2=O)C(=O)O1,0
CSc1nc2sc3c(c2c2nncn12)CCC3,0
COC(=O)c1ccc(CSCC(=O)Nc2cc(OC)cc(OC)c2)o1,0
O=C1OCc2cc(NC(=O)C3CCCO3)ccc21,0
O=C(c1ccccc1Cl)N1CCCC(c2nc3n(Cc4ccccc4)[nH]nc-3c(=O)n2)C1,0
COc1cccc(-c2cc(C(=O)Nc3cc(C)n(Cc4ccc(Cl)cc4)n3)no2)c1,0
Cc1ccccc1Cn1cc(NC(=O)c2cc(-c3cccs3)on2)cn1,0
O=C1C(Cl)=C(N2CCCCC2)C(=O)N1c1ccccc1,0
Cc1cc(NC(=O)CSc2nnc3c(C)cc4cc(C)c(C)cc4n23)no1,0
O=S(=O)(NC1CCc2ccccc21)c1ccc(S(=O)(=O)N2CCCC2)cc1,0
COc1ccc(NC(=O)CCCNS(=O)(=O)c2cccs2)cc1,0
COc1ccc(OC)c(NC(=O)c2ccc(NS(=O)(=O)c3c(C)noc3C)cc2)c1,0
O=C(NCCCO)c1ccc2[nH]c3ccccc3c2c1,0
Cc1ccc(-c2[nH]n(-c3ccccc3)c3nc(=O)c(CNCCN(C)C)cc2-3)cc1,0
O=C1NC(c2cc3c(cc2Cl)OCO3)Oc2ccccc21,0
CC1(C)Cc2cccc(OCC(=O)Nc3ccccc3N3CCOCC3)c2O1,0
O=C(NC(C(=O)c1ccccc1)N1CCCCC1)c1ccccc1,0
C=C(C)C1Cc2nc(N)nc(C)c2C1,0
c1cc2c(cc1Nc1nc(-c3ccc4c(c3)OCO4)cs1)OCCO2,0
CCOc1ccc2[nH]c3c(N4CCN(c5ccccn5)CC4)ncnc3c2c1,0
N#Cc1ccc(-c2nnnn2-c2ccc3c(c2)OCO3)cc1,0
COCCOC(=O)c1[nH]c2c(c1C)C(=O)CC(c1ccccc1)C2,0
Cc1c(C(=O)NC2CCCc3ccccc32)oc2ccc(S(=O)(=O)N3CCOCC3)cc12,0
CC1(C)Cc2c(c(=S)nc(-c3ccccc3)n2CCCN2CCOCC2)CO1,0
Cc1cc(C)n(-c2cc(N3CCOCC3)nc(-c3ccccc3)n2)n1,0
Cc1ccc2nc(CSc3nnc(-c4ccco4)n3-c3ccccc3)cc(=O)n2c1,0
Cc1ccc2cccc(S(=O)(=O)Nc3c(C)n(C)n(-c4ccccc4)c3=O)c2n1,0
CC1(C)Cc2c(sc3nc(-c4cccs4)n(N)c(=O)c23)CO1,0
Cc1ccn2cc(-c3nonc3C)cc2c1,0
Cc1nc2sc(C(c3ccco3)N3CCc4ccccc4C3)c(O)n2n1,0
O=C(CSCc1ccccc1)N1CCN(C(=O)c2ccco2)CC1,0
Cc1ccc(-c2nc(-c3ccccc3)no2)c(Cl)c1,1
CC(C)CCNC(=O)NC(=O)CSc1nnc(COc2ccccc2Cl)o1,0
CCOC(=O)c1sc(NC(=S)n2cc(C)cn2)c(C(=O)OCC)c1C,0
Cc1nc(NC(=O)C2CC3CCCC(C2)C3=O)sc1C,0
COc1ccc(OC)c(-n2nnnc2SCC(=O)Nc2ccc3c(c2)OCCO3)c1,0
N#CC1=C(SCC(=O)NC2CC2)NC(=O)C(C#N)C12CCCCC2,0
CCCCC(=O)Nc1ccc(NC(=O)c2ccc3c(c2)OCO3)cc1OC,0
CC(C)(C)C(O)C(Oc1ccc(Cl)cc1)n1cncn1,0
O=C(Nc1nnc(C2CCCCC2)s1)c1cccs1,0
Cn1c(Cc2ccccc2)nnc1SCC(=O)Nc1ccc2c(c1)OCCO2,0
Cc1cccc(-c2noc(CN(C(C)C)S(=O)(=O)c3ccc(Cl)cc3)n2)c1,0
CCN(CC)S(=O)(=O)c1cccc(C(=O)OCc2cc(=O)n3nc(C)sc3n2)c1,0
CCC(c1nnnn1C1CCCC1)N(Cc1cccs1)Cc1cc2cccc(C)c2[nH]c1=O,0
COc1ccc2[nH]c3c(=O)n(CCCCC(=O)N4CCC(C(N)=O)CC4)c(=S)[nH]c3c2c1,0
O=C(CSc1nc2cc(Cl)ccc2s1)N1CCN(C(=O)c2ccco2)CC1,0
O=C1C=C(O)CC(c2ccc(Cl)cc2)C1,0
O=C(Nc1ccccc1-c1ccccc1)NC1CCN(C(=O)N2CCOCC2)CC1,0
CCCCOc1ccc(CSc2ncn[nH]2)cc1,0
Cc1cc(Cl)ccc1OCCCC(=O)N1CCOCC1,0
Cc1ccc(S(=O)(=O)NCCCCCC(=O)NC(C)(C)CO)cc1,0
O=C(C1CC1)N(CCc1ccccc1)Cc1nc(=O)c2ccccc2[nH]1,0
CC1(C)Cc2ccccc2/C(=C(\N=O)C(N)=O)N1,0
O=C(CC1NCCNC1=O)Nc1ccc(Oc2ccccc2)cc1,0
Cc1cnn(C(=S)NCCc2ccccc2)c1,0
CCOC(=O)C(C)Sc1nnc(Cc2cc(=O)[nH]c(=O)[nH]2)n1-c1cccc(OC)c1,0
CC1(C)OC(=O)C(=CNc2ncccn2)C(=O)O1,0
S=C(c1cccs1)N1CCCC1,0
CSc1nc(-c2ccccc2)nc(SC)c1C(C)=O,0
CCOC(=O)N1CCN(c2ccc(C(=O)CC)cc2F)CC1,0
O=C(Nc1ccc(CCC(=O)N2CCCC2)cc1)c1ncn[nH]1,0
COc1cccc(N2CCN(C3OC(=O)c4ccccc43)CC2)c1,0
O=C(NCC(=O)N(c1ccccc1)C(C(=O)NC1CCCCC1)c1ccncc1)c1ccco1,0
O=C(c1cc(-c2ccccc2)nc2ccccc12)N1CCC2(CC1)OCCO2,0
CC(=O)NCCn1c(SCC(=O)c2ccccc2)nc2ccccc2c1=O,0
O=C(CN1C(=O)CSc2ccccc21)Nc1ccccc1C(=O)N1CCOCC1,0
CCCCNC(=O)NC1C(NC(=O)NCCCC)N(C)C(=O)N1C,0
Cc1cc(=O)oc(C)c1C(=O)O,0
Cc1ccc2[nH]c3c(c2c1)CN(C(=O)CN1CC(C)OC(C)C1)CC3,0
N=c1c2c3c(sc2nc2n1CCC2)CCCC3,0
CC(C)CC(c1nnnn1CC1CCCO1)N1CCN(c2cccc(Cl)c2)CC1,0
Cc1ccc2c(c1)C1CN(C)CCC1N2C(=O)c1ccco1,0
O=C(CSc1nnc(-c2ccco2)c(-c2ccco2)n1)Nc1ccccc1,0
O=C1c2oc3ccc(F)cc3c(=O)c2C(c2cccc(O)c2)N1CCCN1CCOCC1,0
Cc1nn(-c2ccccc2)c(C)c1-c1cc(C(=O)O)[nH]n1,0
O=C(CSc1n[nH]c(-c2ccncc2)n1)Nc1ccccn1,0
COc1cccc(N(CC(=O)NC(C)(C)C)C(=O)C2CSC(=O)C2)c1,0
CC(C)n1/c(=N/C(=O)c2ccco2)c(C#N)cc2c(=O)n3ccccc3cc21,0
C=CCn1c(COc2ccc(Cl)cc2)nnc1SCC(=O)NCC(=O)OCC,0
COc1ccc(CC2S/C(=C(\C#N)C(=O)NCc3ccco3)N(c3ccc(C)cc3)C2=O)cc1,0
CCCc1[nH]nc2c1C(c1ccc(OC)c(Cn3nnc4ccccc43)c1)C(C#N)=C(N)O2,0
O=C(Oc1cccnc1)c1cccc(Cl)c1,0
Cc1cccc(OCCNc2nc3c(c(=O)n(C)c(=O)n3C)n2C)c1,0
O=C(CSc1nnc(Cn2cnc3ccccc32)o1)c1ccccc1,0
CC1(C)CC(=O)C2=C(C1)NC(Nc1nc3ccccc3o1)=NC21CCCCC1,0
COc1ccc(-c2nn(CC(=O)N(C)C)c(=O)c3ccccc23)cc1,0
Cc1cccc2cc(CN(CCN3CCOCC3)C(=O)NCc3ccccc3)c(=O)[nH]c12,0
CCCC(=O)NC1=C(C#N)C2(CCCC2)Cc2ccccc21,0
COC(=O)c1ccc(OC)c(CSc2nnc(COc3cccc(C)c3)o2)c1,0
COc1ccccc1OCCNC(=O)c1cccs1,0
CC(C)CCOc1cccc(OCC(=O)NC2CCS(=O)(=O)C2)c1,0
O=C(O)c1cc(-c2ccccc2)n(-c2ccccc2C(=O)O)n1,0
Cn1c(-c2ccc3ccccc3n2)nc2cnccc21,0
Cc1cc(NC(=O)c2ccc(Cl)cc2)no1,0
CCOc1ccc2nc(NC(=O)CS(=O)(=O)c3ccccc3)sc2c1,0
Nc1c(C(=O)N2CCCCC2)sc(=S)n1-c1ccccc1,0
O=S(=O)(NCC(c1cccnc1)N1CCN(c2ccc(F)cc2)CC1)c1cccs1,0
CCC/C(Nc1ccccc1)=C1/C(=O)CC(C)(C)C(C(=O)OC)C1=O,0
Cc1cc2cc(CN(CCN3CCOCC3)C(=O)Nc3ccccc3F)c(=O)[nH]c2cc1C,0
N#CCCN1CCN(C(=S)c2ccc(-c3ccc(Cl)c(Cl)c3)o2)CC1,0
COc1ccc(C2/C(=C(/O)c3ccc(OC(C)C)cc3)C(=O)C(=O)N2CCCN2CCOCC2)cc1,0
COc1ccc(Cn2c(=O)sc3ccccc32)cc1OC,0
COc1ccc(CNC(=O)C2CCCN(S(=O)(=O)c3cc(C)ccc3OC)C2)cc1,0
O=C(C1CCCN(S(=O)(=O)c2cccs2)C1)N1CCC(N2CCCCC2)CC1,0
Cc1ccc(OCC(=O)Nc2cccc(-c3nnc(-c4ccccc4)o3)c2)cc1,0
CC1CC(C)CN(c2nc3c(c(=O)[nH]c(=O)n3C)n2CCSc2nc3ccccc3o2)C1,0
O=C(NC(Cc1c[nH]c2ccccc12)c1nnc2n1CCCCC2)c1cccs1,0
C=CCOc1cccc(C2/C(=C(/O)c3ccccc3)C(=O)C(=O)N2CCCN2CCOCC2)c1,0
COC(=O)c1ccc2c(=O)n(CC3CCCO3)c(=S)[nH]c2c1,0
CC1=C(C(=O)OC(C)C)C(c2ccncc2)N2NC=NC2=N1,0
COc1ccc(-c2nc(-c3ccncc3)no2)cc1OC,0
CC(C)(C)c1ccccc1NC(=O)c1cccnc1,0
Cc1cc(NC(=O)COn2nnc3ccc(Cl)cc32)no1,0
CCn1cc(C2=NC(c3ccccc3)CO2)c2ccccc21,0
O=c1[nH]cnc2scc(C3COc4ccccc4O3)c12,0
O=C(CCc1nc2ccccc2[nH]c1=O)OCC(=O)N1CCc2ccccc21,0
CC1(C)CC(=O)c2cnc(NC(=O)Cc3ccc(Cl)cc3)nc2C1,0
N=c1oc2ccccc2cc1-c1nc(=O)c2ccccc2[nH]1,0
O=S(=O)(NC1CCN(Cc2ccccc2)CC1)c1cccc2cccnc12,0
Cc1c(C(=O)N2CCOCC2)oc2c1C(=O)CC(C)(C)C2,0
Clc1ccc(-n2nnnc2-c2ccccc2)cc1,0
CCSc1nc(=O)c2c([nH]1)NC(C)=C(C(=O)OC(C)C)C2c1ccncc1,0
C/C(N)=C(/C#N)C(=O)CSc1nnc(COc2ccccc2Cl)o1,0
CCOC(=O)c1cnc(-c2cccc(OC)c2)[nH]c1=O,0
O=C(CNC(=O)c1ccco1)OCc1c(F)cccc1Cl,0
CCC(=O)Nc1cc(=O)nc2nc[nH]n12,0
COc1cccc(=O)c2c(C)oc(C)c12,0
Cc1ccc(S(=O)(=O)N2C(=S)SCC2(C)C)cc1,0
O=C(CN1CCN(Cc2ccc3c(c2)OCO3)CC1)N1CCc2[nH]c3ccc(F)cc3c2C1,0
Cc1onc(-c2c(F)cccc2Cl)c1C(=O)Nc1c(C)n(C)n(-c2ccccc2)c1=O,0
Cc1cccc(N2CCN(C(=O)CS(=O)(=O)Cc3nc(-c4ccccc4F)oc3C)CC2C)c1,0
COCc1[nH]nc2c1C(c1cc(OC)c(O)c(OC)c1)C(C#N)=C(N)O2,0
O=c1nc(CSCc2ccccc2Cl)[nH][nH]1,0
Cc1sc(NC(=O)CSc2nnc(COc3ccccc3)n2C)c(C#N)c1C,0
CCCCn1nc(CC(=O)O)c2ccccc2c1=O,0
Cc1ccc(S(=O)(=O)C2(C(=O)N(C)C3CCCCC3)CC2)cc1,0
Cc1ccc(-n2c(SCC(=O)Nc3nccs3)nc3c(c2=O)SCC3)cc1,0
COc1ccc(C2CC(c3ccccc3)N3NC(NC(=O)c4cccs4)=NC3=N2)cc1,0
Cc1ccccc1Cn1nnc(-c2cccc(C(=O)O)c2)n1,0
CC(C)(C)NC(=O)CSc1nnc(CN2CCCCCC2=O)n1-c1ccccn1,0
CC1(C)Cc2c(sc3nc(-c4cc5ccccc5o4)n(N)c(=O)c23)CO1,0
CS(=O)(=O)N1CCCC(C(=O)NCc2ccco2)C1,0
CCOC(=O)c1ccc(S(=O)(=O)N2CCN(CC(=O)NC(=O)NC3CCCCC3)CC2)cc1,0
Cc1cc(C)cc(Nc2cc(C)nc3nc(C)nn23)c1,0
CCCCn1/c(=N/C(=O)c2ccc3c(c2)OCO3)c(C#N)cc2c(=O)n3cccc(C)c3nc21,0
CC(C)OCCCNc1ncnc2c1[nH]c1ccccc12,0
Cc1ccc2nc(C3CCN(CC(=O)Nc4ccc5c(c4)OCCO5)CC3)[nH]c2c1,0
Cn1c(CNc2nc(-c3ccccc3)cs2)nnc1SCC(=O)OC1CCCCC1,0
O=C(CSc1nnc(CCCO)n1-c1ccccc1)NCCc1ccccc1,0
CCCn1nc(-c2nnc(-c3ccc(C)c(C)c3)o2)c2ccccc2c1=O,0
CCC(C)NC(=O)c1cn(CC)c2ccc(S(=O)(=O)N(C)C)cc2c1=O,0
Cc1cc(NC(=O)CSc2nc(-c3cccnc3)ccc2C#N)no1,0
Cc1csc(NC(=O)C2CCC(C)(C(=O)O)C2(C)C)n1,0
CCOC(=O)c1[nH]c(C)c(C(=O)N2CCN(c3ccccc3)CC2)c1C,0
CCOc1ccc2nc(NC(=O)CN3CCC(n4nnc5cc(F)ccc54)CC3)sc2c1,0
COc1cc2[nH]c(=O)n(CCC(=O)N3CCN(c4cc(Cl)ccc4C)CC3)c(=O)c2cc1OC,0
COC(=O)C(Cc1ccccc1)NC(=O)Nc1ccc(S(N)(=O)=O)cc1,0
Cc1ccc(NC(=O)CCN2C(=O)c3ccncc3C2=O)cc1,0
COc1ccc(N2CCN(S(=O)(=O)c3cccs3)CC2)cc1,0
CCC(=O)Nc1ccc2c(c1)ncn2-c1ccccc1OC,0
O=C(c1c(Cl)nc2sccn12)N1CCN(c2cccc(Cl)c2)CC1,0
CCn1c(NCc2cc(OC)ccc2OC)nc2ccccc21,0
CC1(C)CC(=O)CC(C)(C)N1OC(=O)c1ccccn1,0
CC(C)n1c(SCC(=O)Nc2ccc3c(c2)OCO3)nc2c1c(=O)n(C)c(=O)n2C,0
Cc1cc(C)nc(Nc2ccc(N3CCCC3)cc2)n1,0
COc1ccccc1NC(=O)C1=C(C)N=C2N=C(CCCO)NN2C1c1cccnc1,0
CCSc1nnc(-c2cccc(S(=O)(=O)N(C)C)c2)n1-c1cc(OC)ccc1OC,0
COc1ccc(CCn2c(C)cc(C(=O)CSc3nnc(N)s3)c2C)cc1,0
Cn1c(=O)c2c(nc(NCCCN3CCOCC3)n2Cc2ccc(Cl)cc2)n(C)c1=O,0
CN(C)/C=N/c1c(C#N)c(-c2ccccc2)c(-c2ccccc2)n1Cc1ccco1,0
O=C(CCCCCNc1nc(=S)[nH]c2ccccc12)N1CCN(c2ccccn2)CC1,0
COC(=O)c1ccccc1NC(=O)COc1ccc(S(=O)(=O)N2CCCC2)cc1C,0
Cc1ccccc1NC(=O)c1c(-c2ccccc2)noc1C,0
COCCOC(=O)C1=C(C)NC(=O)NC1c1cn(-c2ccccc2)nc1-c1cccs1,0
O=C(CN1C(=O)CCSc2ccccc21)N1CCC2(CC1)OCCO2,0
CCn1c(SCC(=O)N2CCN(c3ccccc3)CC2)nnc1-c1cc2cc(Cl)ccc2o1,0
O=C(CSc1nnc(-c2ccccn2)n1-c1ccccc1)Nc1ccc2c(c1)OCO2,0
COc1ccccc1NC(=O)c1ccc(NS(C)(=O)=O)cc1,0
CC(=O)Nc1sc(C)c(C)c1CN1CCN(S(=O)(=O)c2ccccc2)CC1,0
Cc1cc(NC(=O)COC(=O)c2c(C)nn(Cc3ccccc3)c2Cl)no1,0
Cc1nc(SCCO)c2oc3ccccc3c2n1,0
CCn1c(=N)c(C(=O)NCc2cccnc2)cc2c(=O)n3cccc(C)c3nc21,0
COc1ccc(N2CCN(c3ccc(NC(=O)c4ccc5c(c4)OCO5)cc3C#N)CC2)cc1,0
COC(=O)c1ccc(Oc2nc3ccccc3n3c(C)nnc23)cc1,0
Cc1ccccc1N1C(=O)C(Cl)=C(N2CCN(c3ccccc3)CC2)C1=O,0
CC1(C)Cc2c(C#N)c(SCCOc3ccccc3)nc(N3CCOCC3)c2CO1,0
CCOC(=O)C1=C(C)NC2=C(C(=O)C(C(=O)OCC)C(c3ccco3)C2)C1c1ccccn1,0
CC1CCc2c(sc3ncnc(SCC(=O)N4CCN(C(=O)c5ccco5)CC4)c23)C1,0
COc1ccc(CCNC(=O)C2CCN(S(C)(=O)=O)CC2)cc1OC,0
CCOC(=O)NCc1ccc2c(c1)OCO2,0
CCCCCCn1c(SCC(=O)OC)nc2c1c(=O)[nH]c(=O)n2C,0
CCCn1c(=N)n(CCOc2ccc(OC)cc2)c2ccccc21,0
CSC1=C(C#N)C(c2ccccc2Cl)C2=C(CCCC2=O)N1,0
CCc1ccc(NC2CC(=O)N(c3ccc(OC)cc3OC)C2=O)cc1,0
COCCn1c(C)cc(C(=O)COc2nc3ccccc3nc2C)c1C,0
CC(C)n1c(C(=O)OCC(=O)NCc2ccc3c(c2)OCO3)cc2sccc21,0
COc1ccc(S(=O)(=O)NCCSCc2cccs2)cc1,0
Cc1ccc2c(c1)NC(=O)C(CC(=O)NCCCN1CCc3ccccc3C1)O2,0
O=C(NCC(c1cccnc1)N1CCN(c2ccccc2)CC1)OCc1ccccc1,0
O=C(NCc1ccco1)C1CCN(S(=O)(=O)N2CCOCC2)CC1,0
CNC(=O)CN(C1CCCCC1)S(=O)(=O)c1ccc(OC)c(Cl)c1,0
CCOC(=O)CCSc1nc(C)c2ccccc2n1,0
Cc1nn(-c2ccccc2)c(N2CCCC2)c1/C=N/n1cnc2scc(-c3ccccc3)c2c1=O,0
CCOc1ccccc1C(=O)NC1CC2CCCC(C1)N2C1CC1,0
Fc1ccc(F)c(CN2CCN(c3ncccn3)CC2)c1,0
COCCn1c(Cc2ccccc2)nnc1SCC(=O)NC(C)C,0
CCCCC(=O)Nc1ccc(C(=O)N2CCN(c3ccccc3OC)CC2)cc1,0
Nn1c(SCC(=O)NC(=O)NC2CCCC2)nnc1-c1ccccc1F,0
COc1ccccc1CNC(=O)C1CCN(S(C)(=O)=O)CC1,0
CC(C)OC(=O)c1cccc(C(=O)OCc2ccco2)n1,0
COc1cc(-c2nnc(-c3ccncc3)o2)ccc1OCc1ccccc1,0
Nc1nnc(SCc2cccnc2)s1,0
CCOC(=O)c1sc2nccc(N(C)C)c2c1/N=C/N(C)C,0
O=C(NCc1ccc(Cl)cc1)c1cc(-c2ccco2)on1,0
CN(C)c1ccc(NC(=O)CC2NCCNC2=O)cc1,0
Cc1ccccc1CSCCNC(=O)CN(c1ccc2c(c1)OCO2)S(C)(=O)=O,0
Cn1c(=O)c2c(ncn2CC(=O)N(Cc2ccccc2)c2ccccn2)n(C)c1=O,0
COC(=O)C1=C(CN2CCCc3ccccc32)NC(=O)NC1c1ccc(F)cc1,1
Cc1ccc(NC(=O)C2CC=CCC2C(=O)N2CCCCC2)cc1,0
Cc1nn(-c2ccccc2)c2nc(=O)n(-c3ccccc3)cc12,0
CCOC(=O)Nc1ccc(OC)cc1S(=O)(=O)N1CCCCC1,0
Cc1ccccc1COc1ccc(/C(O)=C2/C(=O)C(=O)N(CCCn3ccnc3)C2c2ccco2)cc1,0
CC/N=C1\SC(C(=O)Nc2ccc(Cl)c(Cl)c2)CC(=O)N1CC,0
C=C(C)c1cccc(C(C)(C)NC(=O)N2CCCC(C(N)=O)C2)c1,0
COc1ccc(S(=O)(=O)NCC2CCC(C(=O)NCc3ccco3)CC2)cc1,0
CN(C)C(=O)Oc1ccc(-c2nnco2)cc1,0
COc1ccc(-n2c(Cn3c(=O)sc4ccccc43)nnc2SCC(=O)N2CCOCC2)cc1,0
COc1cccc(N2CCN(C(=O)c3[nH]c(C)c(C(C)=O)c3C)CC2)c1,0
Cc1ccc(CN2CCNC(=O)C2CC(=O)O)cc1,0
O=C(CSc1nnc(-c2ccc(S(=O)(=O)N3CCCC3)cc2)o1)NCc1ccco1,0
CCC(=O)N1CCc2cc(S(=O)(=O)NC(C(=O)Nc3cccc(C)n3)C(C)C)ccc21,0
CSc1nsc(SCC(=O)Nc2ccccn2)n1,0
COc1ccc(-n2nc(C(=O)NCC(=O)NCC3CCCO3)c3ccccc3c2=O)c(OC)c1,0
COc1ccc2cc(CN(C(=O)Nc3ccccc3OC)C3CCCC3)c(=O)[nH]c2c1,0
CCn1c(SCC(=O)Nc2cc(C)on2)nnc1-c1ccc(S(=O)(=O)N2CCCC2)cc1,0
CSc1nnc2c(n1)OC(C)=Nc1ccccc1-2,0
N=c1n(CCOc2ccccc2)c2ccccc2n1CCN1CCOCC1,0
CC1(C)C(C#N)=C(N)OC2=C1C(=O)CCC2,0
O=NC1=C2NN(c3ccccc3Cl)NC2=C(N=O)CC1,0
COc1cccc(-c2cc(C(=O)NC3CCCC3)no2)c1,0
C=CCSC1=C(C#N)C(c2ccc(C(C)C)cc2)CC(=O)N1,0
COc1ccc(S(=O)(=O)N2CCN(Cc3cccc(Cl)c3)CC2)cc1,0
COC(=O)CC(=O)CSc1nc(C)cc(C)c1C#N,0
CS(=O)(=O)N(CC(=O)NCc1ccc2c(c1)OCO2)c1ccccc1,0
COC(=O)c1[nH]c2cccc(OC)c2c1NC(=O)CCN1CC(C)CC(C)C1,0
CCOC(=O)c1ccc(N2C(=O)C3ON(c4ccccc4)C(c4ccco4)C3C2=O)cc1,0
COC(=O)c1cc(Oc2ccc(C(=O)OC)cc2N)cc(C(=O)OC)c1,0
Cc1cc(=O)oc2cc(OCC(=O)OCC(=O)NCc3ccc4c(c3)OCO4)ccc12,0
CCCOC(=O)CSc1nnc(-c2ccccc2Cl)o1,0
Cc1nc2cc(NC(=O)Nc3nccs3)ccc2n1C,0
CSc1nnc2c(n1)OC(C)N(C(=O)c1ccccc1)c1ccccc1-2,0
CCOC(=O)Cn1nnc(-c2ccc(OCC(C)C)cc2)n1,0
Cc1cc(C)cc(N2CC(c3nc4ccccc4n3C)CC2=O)c1,0
COC(=O)c1sc(NC(=O)c2oc3ccccc3c2C)nc1C,0
COc1ccccc1-c1nnc(SCC(=O)Nc2nc(-c3ccccc3)cs2)n1C,0
C=CCn1c(COc2ccc(CC)cc2)nnc1SCC(=O)N(C)C1CCS(=O)(=O)C1,0
CCOC(=O)c1[nH]c(C)c(C(=O)N2CCN(c3cccc(Cl)c3)CC2)c1C,0
N#Cc1c2n(c3c(=O)n(Cc4ccccc4Cl)cnc13)CCCCC2,0
CCS(=O)(=O)N1CCCC(C(=O)NCCCOC(C)C)C1,0
O=C(O)CC(C(=O)O)n1nc(-c2ccccc2)cc1-c1ccccc1,0
O=C(Nc1ccc(F)cc1)N(CCCN1CCOCC1)Cc1cc2cc3c(cc2[nH]c1=O)OCCO3,0
O=C1CC(NCc2ccc3c(c2)OCO3)C(=O)N1CCc1ccccc1,0
O=C(Nc1ccc2c(c1)OCO2)C1CCCN1C(=O)OCc1ccccc1,0
CN1CCN(c2ccc(Cl)cc2NC(=O)c2ccc(S(=O)(=O)N3CCCCCC3)cc2)CC1,0
O=S(=O)(c1ccc2c(c1)nc(COc1ccc(Cl)cc1)n2CC1CCCO1)N1CCOCC1,0
CCCn1c(O)c(C(=O)NCc2cccnc2)c(=O)c2ccccc21,0
CCOC(=O)N1CCC(NC(=O)c2cc(C)c3c(C)nn(-c4ccccc4)c3n2)CC1,0
CC(NS(=O)(=O)c1ccc(OCC(=O)N2CCOCC2)c(Cl)c1)c1ccccc1,0
COc1ccc(C(=O)OCn2nnc3ccccc3c2=O)cc1OC,0
CCn1cc(C(=O)NC2CCCCC2)c(=O)c2cc(S(=O)(=O)N(C)C)ccc21,0
COc1ccc(NC(=O)C2CCN(c3nc(C)nc4c3CCC4)CC2)cc1,0
CC1(C)CC(=O)c2cnc(NCC3CCCO3)nc2C1,0
CCCCn1c(SCC(=O)NCC2CCCO2)nc2ccc(N3CCOCC3)cc2c1=O,0
O=C(CSc1nc2cccnc2n1Cc1ccccc1)NCc1ccco1,0
CC(=O)c1cccc(N(C(=O)c2ccco2)C(C(=O)NC2CCCC2)c2ccncc2)c1,0
CCOC(=O)CSc1nnc(CNC(=O)c2ccc(OC)c(OC)c2)n1C,0
Cc1ccc(S(=O)(=O)NCCNC(=O)c2ccccc2)cc1,0
CCn1c(=O)c(=O)[nH]c2cc(C(=O)Nc3ccc(S(=O)(=O)N4CCCC4)cc3)ccc21,0
N#Cc1cccc(CSc2nnc(CCCO)n2-c2ccccc2)c1,0
COc1ccc2c(c1)c(=O)oc1cc(OCC(=O)N3CCC(C)CC3)ccc12,0
O=C(COc1ccc(Cl)cc1)N1CCN(C(=O)Cc2ccccc2)CC1,0
Cc1cc(=O)n2[nH]c(C)c(-c3ccc(Cl)cc3)c2n1,0
CCOC(=O)c1cc2c(=O)n3cc(C)ccc3nc2n(Cc2cccnc2)c1=N,0
CCN(Cc1cc2ccccc2[nH]c1=O)S(=O)(=O)c1ccccc1,0
Cc1cc(NC(=O)C2COc3ccccc3O2)no1,0
COc1ccc(S(=O)(=O)Nc2cc(Cl)ccc2OC)cc1,0
COc1ccc(-c2nnc3ccc(SCC(=O)NCc4ccco4)nn23)cc1OC,0
CCOc1ccccc1Nc1nnc(SCc2ccc(C(=O)OC)o2)s1,0
O=C(Nc1c(C(=O)N2CCCC2)cnn1-c1ccccc1)c1cccc(F)c1,0
O=C(NCCNC(=O)C(c1ccccc1)c1ccccc1)c1ccco1,0
COc1cc2c(=O)n(-c3ccc(C)cc3)c(=O)n(CC(=O)c3ccc4c(c3)OCO4)c2cc1OC,0
Cc1cc(=O)n2nc(N3CCCC3C(=O)NCCCN3CC(C)CC(C)C3)sc2n1,0
Cc1cccc(OCc2nnc3n2CCCCC3)c1,0
CC1(C)Cc2c(sc3c2c(=N)n(Cc2ccco2)c(=O)n3CC(=O)Nc2ccccc2)CO1,0
Cc1c(C2(O)C(=O)Nc3ccc(F)cc32)c(=O)n(-c2ccccc2)n1C,0
Cc1ccc(C)c(-n2c(SCC(=O)Nc3nonc3C)nnc2-c2ccoc2C)c1,0
CCOC(=O)COc1cc(=O)n(CC)c2ccccc12,0
COc1ccccc1NC(=O)CSc1nnc(C)n1CCc1ccccc1,0
O=C(NCCN1CCOCC1)c1ccncc1,0
COC(=O)c1cccc(S(=O)(=O)N2CCN(c3nc4ccccc4s3)CC2)c1,0
O=C(CN1CCCCC1)Nc1ccccc1NC(=O)CN1CCCCC1,0
Cc1ccc(-n2nnc3c(=O)n(CC(=O)NCC4CCCO4)cnc32)cc1,0
CCOC(=O)c1csc(NC(=O)c2ccc(S(=O)(=O)N(CC)CC)cc2)n1,0
O=C(CCC1CCCCC1)Nc1ccccc1O,0
Cc1ccc(-n2c(SCC(=O)Nc3cc(C)on3)nc3c(c2=O)SC(C)C3)cc1,0
CC#CCCCC(=O)Nc1ccccc1C(=O)O,0
COC(=O)C(C)Sc1nc2n(-c3ccccc3)[nH]cc-2c(=O)n1,0
O=C(NCc1ccc2c(c1)OCO2)c1ccc(-n2cnnn2)cc1,0
O=C1c2oc3ccccc3c(=O)c2C(c2cccnc2)N1Cc1ccco1,0
Cc1ccc(S(=O)(=O)N2CCN(C3CC(=O)N(Cc4ccccc4)C3=O)CC2)cc1C,0
CN1CCN(C(=O)c2ccccc2NC(=O)Cc2ccccc2)CC1,0
CCOc1ccc(N(Cc2cc3cc(OC)ccc3[nH]c2=O)C(=O)C2CCCO2)cc1,0
Cc1c(C(=O)OCCOC(C)C)[nH]c2c1C(=O)CC(C)(C)C2,0
COc1cc(SC)ccc1C(=O)NCC1CCCO1,0
COc1ccc(CCn2c(-c3ccco3)nc3nc4ccccc4nc32)cc1,0
Cc1cccc(NC(=O)CSc2nnc(-c3ccccc3)n2N)c1,0
CC(=O)Nc1ccc(-c2cc(NC(C)=O)n(-c3ccccc3)n2)cc1,0
COc1ccc(CCNC(=O)CSc2nnc(CNC(=O)c3ccco3)o2)cc1OC,0
COc1cccc(NC(=O)CN2CCN(c3ccc(F)cc3)CC2)c1,0
COC(=O)c1[nH]c(C)c(/C(O)=C2\C(=O)C(=O)N(CCN(C)C)C2c2ccc(OC)cc2)c1C,0
CCOc1ccccc1C1C(C#N)=C(N)Oc2cc(C)n(Cc3ccccn3)c(=O)c21,0
CCOc1ccc(CCNC(=O)CCc2nc(-c3ccc(C)cc3)no2)cc1OCC,0
COC(=O)c1c(NC(=O)CSc2nc3c(c(=O)n(C)c(=O)n3C)n2C(C)C)sc(C)c1C,0
C=CCSc1nsc(N)n1,0
CCOC(=O)CC1=CC(C)(CC(=O)OCC)C(C#N)(C#N)C(N)=C1C#N,0
CC(=O)c1ccc(OCC(O)CN2C(C)(C)CC(O)CC2(C)C)cc1,0
CC(OC(=O)c1cc2sccc2n1C)C(=O)NCc1ccc2c(c1)OCO2,0
COc1cccc(NC(=O)CSc2nnc(-c3cccs3)n2C)c1,0
O=C(NCCc1ccccc1)C1CCCN(S(=O)(=O)c2cnc[nH]2)C1,0
COc1ccc(OC(=O)c2cc3ccccc3o2)cc1,0
c1ccc(Cn2c(-c3ccco3)nc3nc4ccccc4nc32)cc1,0
Cc1nnc2sc(-c3cccc(NC(=O)c4ccc(-c5cccc(Cl)c5)o4)c3)nn12,0
CS(=O)(=O)N(CCc1ccccc1)CC(=O)N1CCN(c2ccccc2F)CC1,0
CCCCn1c(SCC(=O)Nc2cccc(OC)c2)nc2ccc(N3CCOCC3)cc2c1=O,0
O=C(c1ccc(Cn2c(=O)[nH]c3ccccc3c2=O)cc1)N1CCN(c2ccc(F)cc2)CC1,0
O=C(NCC(c1cccnc1)N1CCOCC1)Nc1ccccc1,0
Cc1ccc(-c2nnn(CC(=O)N3CCN(c4nc5ccccc5s4)CC3)n2)cc1,0
O=C(O)c1cccnc1Oc1ccccc1,0
O=C(CSc1nnc2c3cc(F)ccc3nc(-c3ccccc3)n12)N1CCOCC1,0
O=C(CSc1nnc2c3c4c(sc3ncn12)CCCC4)NCc1ccco1,0
CCOC(=O)c1[nH]c(C)c(C(=O)NCCCN2CCOCC2)c1C,0
Cc1ccc(NC(=O)N2CCC(C(=O)NCC(C)C)CC2)cc1,0
CCN(CC)C(=O)c1cccc(-c2ccc(OC)cc2)c1,0
COCC(=O)N(CCc1ccc(OC)c(OC)c1)Cc1nc(=O)c2ccccc2[nH]1,0
Oc1ccc(CN2CCCc3ccccc32)c2cccnc12,0
N#Cc1cc2c(nc1SCC(=O)NCc1ccc3c(c1)OCO3)CCCCC2,0
Cc1cccc(N/C(N)=N/c2nc(=O)c3c([nH]2)CCCC3)c1,0
COC(=O)CSc1ccc2c(N)c(C(=O)OC)sc2c1,0
COc1ccc(S(=O)(=O)Cc2ccc(C(=O)N3CCCC3)o2)cc1,0
Cc1onc(-c2ccccc2Cl)c1C(=O)Nc1cccc(-c2cn3cccnc3n2)c1,0
N#CC1(c2c(O)n3c(nc2=O)SCCC3)CCCCC1,0
CCN1CCCC(OC(=O)Nc2ccccc2)C1,0
COc1ccc(CNC(=O)c2cccc3c2C(=O)N(Cc2cccnc2)C3)cc1,0
CCOC(=O)C1CCCN(S(=O)(=O)c2cccc3cccnc23)C1,0
O=C(Nc1cnn(C23CC4CC(CC(C4)C2)C3)c1)c1cc(-c2ccccc2)on1,0
O=C(CN1CCC(NC(=O)c2cccc(F)c2)CC1)NCc1ccccc1F,0
c1c2c(cc3sc(N4CCCCC4)nc13)OCO2,0
CCOC(=O)C1CCN(C(=O)c2cccc(C(=O)N3CCC(C(=O)OCC)CC3)c2)CC1,0
COc1ccccc1OCC(=O)NC1CCCCCC1,0
Cc1ccccc1C(=O)N1CCC(C(=O)Nc2ccc(F)cc2)CC1,0
COc1ccc(-c2nc(CS(=O)CC(=O)NCC3CCCO3)c(C)o2)cc1,0
CCOc1ccc(NC(=O)CNC(=O)c2ccc(OC)c(OC)c2)cc1,0
CC(=O)/C(C#N)=C1\NC(=O)C(Cc2ccccc2)S1,0
COc1ccccc1NC(=O)CSc1nnc(-c2ccccc2)o1,0
Cc1csc(C(C#N)C(=O)c2ccc(S(=O)(=O)N3CCCC3)cc2)n1,0
CC(=O)Nc1ccc(-c2cn3ccsc3n2)cc1,0
COC(=O)c1cccnc1-n1c(=O)c2cccnc2n(Cc2ccc(Cl)cc2)c1=O,0
O=C(Cn1nc(Cc2cccnc2)c2ccccc2c1=O)NCc1ccc2c(c1)OCO2,0
Cc1cccc(-c2noc(CN(C(=O)C34CC5CC(CC(C5)C3)C4)C(C)C)n2)c1,0
COc1cccc2c1nc(C)c1cc(C)oc12,0
CCCCCc1ccc(CC(=O)O)cc1,0
Cc1ccc(C)c2[nH]c(=O)c(CN(CCN3CCCC3)C(=O)Nc3cccc(Cl)c3)cc12,0
Cc1nn(-c2ccc(Cl)cc2)c2sc(C(=O)N3CCN(C(=O)c4ccco4)CC3)cc12,0
COC(=O)C1CCN(C(=O)COc2cc3sc(C)nc3c3sccc23)CC1,0
NC(=O)C1CCCN(S(=O)(=O)c2ccccc2)C1,0
CC(C)c1nc(N2CCOCC2)c(C#N)c2c1CCC2,0
O=C(CN1C(=O)C2(OCCCO2)c2ccccc21)NCCc1ccccc1,0
COc1ccc(CNC(=O)c2ccc(NC(=O)C3CCCO3)cc2)cc1,0
COc1ccc(-c2cc(N3CCCC3)n3ncnc3n2)cc1,0
N#Cc1nc(Cc2cccc3ccccc23)oc1N1CCC(C(N)=O)CC1,0
O=C1OCCC1Sc1nnc(-c2cccs2)n1Cc1ccccc1,0
CC1(c2ccc3c(c2)OCO3)NC(=O)N(CC(=O)NCCC2=CCCCC2)C1=O,0
CCOC(=O)c1c(C)nc(-c2ccccc2)nc1N,0
COc1ccc(C2C(C(=O)c3sc(C)nc3C)=C(O)C(=O)N2CCN(C)C)cc1,0
CCOC(=O)/C=C/S(=O)(=O)c1ccc(NC(C)=O)cc1,0
CCN(CC)CC(=O)c1c[nH]c2ccccc12,0
COc1ccccc1Nc1oc2cc(=O)ccc-2cc1C(=O)NCC1CCCO1,0
Cc1c(CCC#N)c(N2CCCCC2)n2c(nc3ccccc32)c1C#N,0
COc1cccc(-c2noc(CCC(=O)NC3CCCCC3)n2)c1,0
O=c1c(C(c2nnnn2C2CCCCC2)N2CCCCC2)coc2ccc(Cl)cc12,0
CC(C)c1ccc(NC(=O)C2CC(=O)N(C(C)C)C2)cc1,0
Cc1occc1C(=O)NCc1cccs1,0
O=C(CCCCCN1C(=O)c2ccccc2C1=O)Nc1nccs1,0
Cc1noc(C)c1COC(=O)c1ccc2ccccc2n1,0
CCn1nnnc1SCC(=O)c1cc(OC)ccc1OC,0
O=C(OCn1nnc2ccccc2c1=O)C1COc2ccccc2O1,0
CCN(Cc1cc2cc(OC)ccc2[nH]c1=O)C(=O)c1ccncc1,0
Cc1sc2nc(CN(Cc3cccs3)C(=O)C3CC3)[nH]c(=O)c2c1C,0
O=C(CN(Cc1ccccc1)C(=O)c1ccco1)NCc1ccc(F)cc1,0
COc1cccc(C(=O)N(Cc2ccc(N(C)C)cc2)C2CCS(=O)(=O)C2)c1,0
O=C(NCC12CC3CC(C1)CC(CNC(=O)N1CCCC1)(C3)C2)N1CCCC1,0
CSc1nc2sc3c(c2c(=O)n1C)CCCC3,0
COc1ccc(NC(=O)c2cc(=O)c3ccccc3o2)cn1,0
Cc1ccc(-n2c(=O)cc(N3CCc4ccccc4C3)[nH]c2=O)cc1,0
CN1CCN(C(=O)c2ccc(C(C)(C)C)cc2)CC1,0
CCOC(=O)N1CCN(c2ccc(Cl)c(Cl)c2)CC1,0
O=C(COC(=O)c1cccs1)NCc1ccc2c(c1)OCO2,0
O=C(Nc1ccccc1)c1ccc(S(=O)(=O)N2CCCC2)cc1,0
CCOC(=O)C1=C(C)NC(SCc2cc(=O)[nH][nH]2)=C(C#N)C1c1cccs1,0
CC(C)NS(=O)(=O)c1ccc(CCC(=O)O)cc1,0
O=C(O)c1ccc(S(=O)(=O)Cc2ccccc2)cc1,0
Cc1ccc(S(=O)(=O)NCC(=O)N(CCc2ccccc2)CC(=O)NCc2ccco2)cc1,0
CCC1C2CN(C(C)=O)CC=C2C(C#N)=C(N)C1(C#N)C#N,0
CCCCCCn1c(-c2ccco2)nc2oc3cc(OC)ccc3c(=O)c2c1=O,0
CC(C)CC(NC(=O)NCCc1ccc(Cl)cc1)C(=O)O,0
CN(Cc1nc2ccccc2n1C)S(C)(=O)=O,0
O=C1C=C(N2CCN(C34CC5CC(CC(C5)C3)C4)CC2)C2(CCCCC2)O1,0
Cn1c(=O)c2c(nc(CN3CCc4ccccc4C3)n2Cc2ccccc2)n(C)c1=O,0
O=C(O)CCCC(=O)Nc1ccc(N2CCCC2)cc1,0
O=C(CCn1c(=O)oc2ccccc21)NCc1ccc2c(c1)OCO2,0
Cc1ccccc1CN(c1ccc(C(=O)N2CCCC2)cc1)S(C)(=O)=O,0
NC(=O)C1CCN(C(=O)c2cc3ccccn3n2)CC1,0
CCn1c(SCC(=O)Nc2cccc(NC(C)=O)c2)nnc1C(C)C,0
Cc1ccc(S(=O)(=O)n2nc(-c3ccco3)nc2SCc2ccccc2)cc1,0
Cc1ccc2c(c1)cc(CN(Cc1ccco1)S(=O)(=O)c1ccccc1)c1nnnn12,0
O=C(c1cccc(Cl)c1)N1CCN(C(=O)c2ccco2)CC1,0
C=CCNc1nc(NCCN2CCOCC2)nc(N2CCOCC2)n1,0
O=C(NCCCn1ccnc1)c1cn(-c2ccccc2)nc1-c1ccccc1,0
O=C(CSc1nnc(C2COc3ccccc3O2)o1)Nc1nccs1,0
CCOc1ccc(CCNC(=O)c2cc3sccc3n2C)cc1OCC,0
Cc1ccc(N2CC(C(=O)NCc3cccs3)CC2=O)cc1,0
O=C(CC(=O)c1ccccc1O)c1cccc(F)c1,0
Cc1ccc(OCCn2c(=O)cnc3ccccc32)cc1,0
CC(OC(=O)c1cccs1)C(=O)NCc1cccs1,0
COc1cccc(OC)c1C(=O)N1CCN(S(=O)(=O)c2ccc(C)cc2)CC1,0
O=C(CSc1ncccn1)NCCc1ccccc1,0
Cc1sc2nc(C3CC3)nc(SCC(=O)NCc3ccco3)c2c1C,0
CC(C)(C)OC(=O)N1Cc2ccccc2CC1C(=O)O,0
COc1ccccc1OCc1nc(Cc2ccc(Cl)cc2)no1,0
CCN(CC)S(=O)(=O)c1cccc(C(=O)NC(C(=O)NC2=NCCS2)C(C)C)c1,0
CC(C)(C)OC(=O)c1c(N)n(Cc2ccco2)c2nc3ccccc3nc12,0
CCN(CCCNC(=O)c1[nH]c(C)c(C(C)=O)c1C)c1ccccc1,0
O=C(COc1ccc(S(=O)(=O)N2CCCC2)cc1Cl)N1CCN(c2ccccc2)CC1,0
CCCN1Cc2cccc(C(=O)NCc3cccs3)c2C1=O,0
CCOc1ccccc1N1C(=O)NC(=O)/C(=C\Nc2ccc(N(CC)CC)cc2)C1=O,0
CCc1nnc(NC(=O)c2ccc(S(=O)(=O)N3CCN(Cc4ccccc4)CC3)cc2)s1,0
CCOCCCNC(=O)c1c(-c2ccccc2)noc1C,0
CCN(CC)CCN1C(=O)C(O)=C(C(=O)c2cccs2)C1c1ccc(C)o1,0
CCN1C(=O)C2C(c3cccc(F)c3)NC(CC)(C(=O)OC)C2C1=O,0
CC(C)(C)n1nnnc1CN1CCC(NC(=O)NC2CCCCC2)CC1,0
O=C(c1ccncc1)N1CCN(C(=O)c2cccc3ccccc23)CC1,0
COc1ccccc1N1CCN(CC(=O)Nc2cccc(F)c2)CC1,0
COC(=O)c1c(NC(=O)c2ccc(C)o2)sc2c1CCCCC2,0
O=C1c2oc3ccccc3c(=O)c2C(c2cccc(O)c2)N1c1ccccn1,0
O=C(Nc1nccs1)c1ccc(S(=O)(=O)NCC2CCCCC2)cc1,0
Cc1nn(CC(=O)Nc2ccc3c(c2)nc(CN2CCCCC2)n3C)c(=O)c2ccccc12,0
CCn1c(C(=O)N2CCCC(C(=O)NCCCc3ccccc3)C2)cc2sccc21,0
Cc1ccc(N2C(=O)C3C(C2=O)C2c4ccccc4C=CN2C3C(=O)c2ccco2)cc1,0
O=C(CCc1ccccc1)Nc1ccc(NC(=O)c2ccco2)nc1,0
CCOC(=O)c1c(N)nn(C(=O)C(C)C)c1-c1ccccc1,0
CCC(CC)C(=O)Nc1c2c(nn1-c1ccc(OC)cc1)CS(=O)(=O)C2,0
O=C(NCCNC(=O)c1cccs1)c1ccco1,0
c1ccc(-n2ncc3c(NCc4ccc5c(c4)OCO5)ncnc32)cc1,0
COc1ccc(S(=O)(=O)NC2CCCCC2)c(C)c1C,0
Cc1onc(-c2c(F)cccc2Cl)c1C(=O)Nc1cccc(Cn2cccn2)c1,0
CC(C)(C)NC(=O)c1ccc2c(c1)N(CC(=O)N1CCN(c3ccccc3F)CC1)C(=O)C(C)(C)O2,0
CCOc1cc(-c2c3c(C)[nH]n(-c4ccc(F)cc4)c-3nc(=O)c2C#N)ccc1O,0
COc1ccc(C)cc1S(=O)(=O)Nc1cccc(Cl)c1,0
Cc1ccc(NC(=O)Cn2nc(C)cc2C)cc1,0
CCOC(=O)Cn1c(N)c(C(=O)OC)sc1=S,0
O=C1c2ccccc2C(=O)N1CCCCN(C(=O)c1ccco1)c1ccc(Cl)cc1,0
COc1ccc(NC(C)=O)cc1NC(=O)CN1CCN(c2ccccn2)CC1,0
O=C(NCc1ccco1)C1CCCN(S(=O)(=O)c2ccc(-n3cnnn3)cc2)C1,0
CCOc1ccc(-n2c(=O)[nH]cc(C(=O)N3CCCc4ccccc43)c2=O)cc1,0
COc1ccccc1N1CCN(S(=O)(=O)Cc2ccccc2Cl)CC1,0
CC(C)NC(=O)CN1CCC(O)(c2ccccc2)CC1,0
Cc1ccc(-n2[nH]cc3c(=O)nc(SCC(=O)N4CCN(c5ccccc5)CC4)nc2-3)cc1,0
Cc1cc2c(ccc3c2no[n+]3[O-])nn1,0
COc1ccc(CC(=O)C(C#N)=C2Nc3ccccc3N2)cc1OC,0
COc1ccc(CCNC(=O)Cn2c(=O)cnc3ccccc32)cc1,0
CCOc1cc2[nH]c(=O)n(CC3CCC(C(=O)NC(C)CC)CC3)c(=O)c2cc1OCC,0
O=C1c2cccc3c(Cl)ccc(c23)C(=O)N1O,0
CCOc1ccccc1NC(=O)CC1Nc2ccccc2NC1=O,0
CCOC(=O)CNC(=O)CSc1ncnc2c1cnn2-c1ccc(OC)cc1,0
O=C(Nc1ccc(N2CCOCC2)cc1)C1CCN(S(=O)(=O)Cc2ccccc2)CC1,0
CC1=C(C(=O)OCC(C)C)C(c2ccccc2Cl)NC(=O)N1C,0
CC(C)(C)C(=O)Oc1cc(N)n(S(=O)(=O)c2ccc(F)cc2)n1,0
COc1ccc(NS(=O)(=O)c2ccc3oc(Nc4ccc5c(c4)OCCO5)nc3c2)cc1,0
Cn1/c(=N/C(=O)CSCC(=O)N2CCCCC2)sc2ccccc21,0
CCC1(N(C(C)=O)c2ccc(OC)cc2)C(=O)c2ccccc2C1=O,0
COC(=O)c1ccccc1NC(=O)COC(=O)CSCC(=O)N1CCOCC1,0
c1ccc(C(Cc2nc(-c3cccnc3)no2)c2ccccc2)cc1,0
COCCN(C(=O)CCC(=O)Nc1cccnc1)C(C(=O)NC1CCCCC1)c1ccccc1,0
COc1ccc(OCCSc2nc(=O)c3ccccc3[nH]2)cc1,0
Cc1ccc(-n2c(CSc3nc(C)cc(C)n3)nnc2SCC(=O)N2CCCC2)cc1,0
Cc1ccc(S(=O)(=O)NCC(=O)N(CC(=O)NCC2CCCO2)C2CCCC2)cc1,0
Cc1ccc(C(=O)N2CCN(C(=O)c3ccc(C)c(C)c3)C(C)C2)cc1C,0
CCN1CCN(C(=O)c2ccc3c(=O)n(CCC4=CCCCC4)c(=O)[nH]c3c2)CC1,0
O=C(c1ccccc1Cl)N1CCN(c2ccccn2)CC1,0
CCCCn1c(CN2CCN(c3ccccc3)CC2)nc2c1c(=O)n(C)c(=O)n2C,0
COc1ccccc1C(=O)Nc1ccccc1SC,0
Cc1cccc(N2CCN(C(=O)C3CCN(S(=O)(=O)c4cccc5nsnc45)CC3)CC2C)c1,0
CC(C)NC(=O)c1ccccc1NC(=O)CN(c1ccc2c(c1)OCO2)S(C)(=O)=O,0
Cc1cc2c(c(=O)n1Cc1ccco1)C(c1cccnc1)C(C#N)=C(N)O2,0
COC(=O)c1cc(NC2c3ncccc3C(=O)N2Cc2ccccc2)cc(C(=O)OC)c1,0
COc1cc(NC(=O)Cc2nn(C)c(=O)c3ccccc23)cc(OC)c1,0
COc1ccccc1N1CCN(C(=O)c2ccc(S(=O)(=O)N3CCCCCC3)cc2)CC1,0
Cn1cc(CC(=O)N2CCN(c3ccc(Cl)cc3)CC2)c2ccccc21,0
CC12CCC(=O)N1C(C(=O)Nc1cccc3ccccc13)CS2,0
N#Cc1nc(COc2ccc(F)cc2)oc1N1CCCC1,0
CCOc1cc(N2CCOCC2)c(OCC)cc1NC(=O)CN1CCc2ccccc2C1,0
CCc1c(C)c(C#N)c2nc3ccccc3n2c1Nc1c(C)n(C)n(-c2ccccc2)c1=O,0
COc1ccc(NC(=O)COc2nsnc2N2CCCCC2)cc1,0
COc1cccc(C(=O)CSc2nnc(CNS(C)(=O)=O)n2-c2ccc(C)cc2)c1,0
Cc1cc(C(=O)N2CCN(C(c3ccccc3)c3ccccc3)CC2)on1,0
Cc1ccc(N2CCN(c3cc(C)nc4c5c(C)cc(C)nc5nn34)CC2)cc1,0
CC(=O)N(CN1C(=O)c2ccccc2C1=O)c1ccccc1,0
Cc1ccc(CCNC(=O)C2CCN(S(=O)(=O)N3CCC4(CC3)OCCO4)CC2)cc1,0
O=C(CSc1nnc(-c2ccco2)n1CC1CCCO1)N1CCCC1,0
c1ccc2[nH]c(NCCN3CCOCC3)nc2c1,0
O=C(O)CCN1C(=O)C(=C2CCCCCC2)SC1=S,0
CCC(=O)Nc1nonc1-c1nc2ccccc2n1CC(C)C,0
CCOC(=O)C1=C(CSc2nncn2C)NC(=O)NC1c1cc(OCC)ccc1OCC,0
COc1ccc2c(c1)[nH]c1c(=O)n(CCN3CCCC3)cnc12,0
Cc1n[nH]c(=O)nc1NC1CCCCC1,0
O=C(c1ccc(S(=O)(=O)N2CCOCC2)cc1)N1CCN=C1SCc1cccnc1,0
COCCNC(=O)CC(NS(=O)(=O)c1ccc(C)cc1)c1ccco1,0
O=S(=O)(NCCSc1ccc(Cl)cc1)c1ccc2c(c1)OCCO2,0
COCCCNC(=O)Cn1cc(C(=O)C2CC2)c2ccccc21,0
CCn1c(C2CC(=O)N(c3cc(C)cc(C)c3)C2)nc2ccccc21,0
COC(=O)c1cccc(NC(=O)Cn2cnc3ccccc3c2=O)c1,0
CN(C)c1ccc(-c2noc(C3CCN(S(=O)(=O)c4ccc(C(=O)O)cc4)CC3)n2)cc1,0
O=C(CCCc1cccs1)Nc1nc2c(s1)CCCC2,0
CCCNC(=O)C(CC)NS(=O)(=O)c1ccc(OC)cc1,0
CC(=C1C(=O)c2ccccc2C1=O)N1CCc2ccccc2C1,0
Cc1cc(OCCCn2ccnc2)cc(C)c1Cl,0
CC(=O)C1=C(NC(=O)c2ccccc2F)CC2C1C2(C)C,0
Clc1ccccc1CSc1nnc(-c2ccccn2)n1Cc1ccco1,0
C(=N/C(/N=C/c1ccco1)c1ccco1)\c1ccco1,0
O=C(OCn1nnc2ccccc2c1=O)C1CCN(S(=O)(=O)c2cccs2)CC1,0
COc1ccc(-n2nc3cc(C)c(NC(=O)c4cccnc4)cc3n2)cc1,0
Cc1cc(Nc2ccc3ccccc3c2)n2ncnc2n1,0
Cc1[nH]c(N2CCN(C(c3ccccc3)c3ccccc3)CC2)nc(=O)c1C,0
CCOC(=O)C1CCCN(C(=O)c2cc3c(C)nc4ccccc4c3o2)C1,0
Cc1ccc(-c2cc(C(F)F)n3ncc(C(=O)N4CCN5CCCC5C4)c3n2)cc1,0
COc1ccc(N2C(=O)CC(NCc3cccc(F)c3)C2=O)cc1,0
Cc1ccc(-c2ccc(=O)n(CC(=O)Nc3cccc(C(=O)N4CCN(C)CC4)c3)n2)cc1,0
O=C(NCCc1ccc(Cl)cc1)C1CC(=O)N(C2CCCCC2)C1,0
O=C(c1ccco1)N1CCN(S(=O)(=O)c2ccc(S(=O)(=O)NC3CC3)cc2)CC1,0
Cn1c(=O)[nH]c(=O)c2c1nc(N1CCCCCC1)n2Cc1cccc2ccccc12,0
Cc1nc2ccccc2c(=O)n1N,0
COC(=O)c1ccsc1NC(=O)CN1CCN(c2ccc(F)cc2)CC1,0
Cc1ccc(NS(=O)(=O)c2cccc(C(=O)O)c2)c(C)c1,0
CCCC(=O)Nc1ccc(NC(=O)c2cccs2)cn1,0
CCc1nnc(NC(=O)CSc2nnc(-c3ccoc3C)n2-c2ccc(C)cc2)s1,0
Cc1cc(C)cc(-n2cc3c(=O)n(C)c(=O)n(C)c3c2)c1,0
CN(CC(=O)N1CCc2ccccc21)S(=O)(=O)c1cccc2cccnc12,0
O=C(NCc1cccs1)c1cc(-c2cccc(Cl)c2)on1,0
Cc1nc(CCNC(=O)COc2ccccc2)cs1,0
Cc1cc2c(cc1C)NC1(C(=O)Nc3ccccc31)C1=C(CC(C)(C)CC1=O)N2,0
Cc1cc(C)cc(NC(=O)CSc2nc3c(c(=O)n2C)SC(C)C3)c1,0
COC(=O)C1=C(C)C(c2ccc(OC)cc2OC)NC(=O)N1,0
O=C(c1cn[nH]c1)c1cc(F)ccc1O,0
O=C1Cc2ccccc2N1c1ccccc1,0
C=CCn1c(SCC(=O)NCC2CCCO2)nc2scc(-c3ccco3)c2c1=O,0
O=S(=O)(Cc1ccc(Cl)cc1)NCC1CCCO1,0
COc1ccc2c(c1)c(C(=O)CN1CCN(C)CC1)c(C)n2Cc1ccccc1,0
CCOC(=O)N1CCN(c2ncnc3c2oc2nc(C(C)C)c4c(c23)CCC4)CC1,0
CCN(CC)CCNC(=O)Cn1nc(-c2ccccc2)c2ccccc2c1=O,0
Cc1ccc(OCCCC(=O)Nc2ccc3c(c2)OCO3)cc1,0
COc1cccc(Nc2ncccc2C(=O)NCc2ccccc2)c1,0
Cc1ccc(S(=O)(=O)N2Cc3ccccc3CC2C(=O)Nn2cnnc2)cc1,0
COc1cc(NC(=O)c2ccccc2)c(OC)cc1NC(=O)CN1CCN(c2ccccn2)CC1,0
Cc1oc(-c2ccc(Cl)cc2)nc1CN1CCC(C(=O)N2CCN(c3ccccn3)CC2)CC1,0
COc1cc(OC)cc(C(=O)N2CCC(n3c(C)nc4cc(F)ccc43)CC2)c1,0
COc1ccc(-n2c(SCC(=O)N3CCCC3)nc3c([nH]c4ccccc43)c2=O)cc1,0
c1ccc(C(Cc2nc(-c3ccncc3)no2)c2ccccc2)cc1,0
COc1ccc(-c2nnc(SC(C)C(=O)Nc3nccs3)n2-c2ccccc2)cc1OC,0
COC(=O)c1cc2sccc2n1CC(=O)N1CCCc2ccccc21,0
O=C(COC(=O)C1CCCCC1C(=O)N1CCc2ccccc21)NCc1ccco1,0
CC(=O)N1CCN(c2ccc(NCc3ccc(C(C)C)cc3)cc2)CC1,0
COc1ccccc1N1CCN(S(=O)(=O)c2ccc3c4c(cccc24)C(=O)N3C)CC1,0
CCNc1nc(C)cc(COC)c1C#N,0
COc1ccc(CNC(=O)c2c(O)n3c4c(cccc4c2=O)CCC3)cc1OC,0
O=CN1CC(=O)N(c2ccccc2)c2c([nH]c3ccccc23)C1,0
Fc1cccc(Cl)c1CSc1nnnn1-c1ccc2c(c1)OCO2,0
OCCn1c(SCCOc2ccccc2F)nc2ccccc21,0
CC1(C)CC(=O)C=C(Nc2cc(-c3ccccc3)[nH]n2)C1,0
Nc1c(NCCN2CCOCC2)c2ccccc2oc1=O,0
O=C(O)c1ccc(N2CCCCC2)cc1,0
Cc1ccc(OCC(=O)N2CCN(C(=O)Cc3ccccc3)CC2)cc1,0
O=C(CN1CCOCCOCCN(CC(=O)Nc2ccccc2)CCOCC1)Nc1ccccc1,0
O=C(Nc1ccc(S(=O)(=O)NC2CCCC2)cc1)c1cnccn1,0
CCOc1ccccc1N(CC(=O)Nc1ccccc1C(=O)NCc1ccco1)S(C)(=O)=O,0
CCCCCN(C(=O)NC(=O)Nc1ccccc1OC)S(C)(=O)=O,0
O=C1C=C(NCc2ccco2)CC(c2ccc(Cl)cc2)C1,0
O=C(OCc1nc2ccccc2s1)c1cccs1,0
Cc1cccc(-n2ncc3c(NCCc4ccc(S(N)(=O)=O)cc4)ncnc32)c1,0
CNC(=O)CN(c1cc(C)ccc1OC)S(=O)(=O)c1ccc(C)cc1,0
COc1ccc(C(CCc2ccc(C)o2)NC(=O)Nc2ccc(OC)cc2OC)cc1,0
O=C(NCc1ccc2c(c1)OCO2)C1CCCN1C(=O)Nc1ccccc1,0
C=CCc1cccc2cc(C(=O)NC(C)(C)C)c(=O)oc12,0
Cc1nc(NCc2ccco2)c(C#N)c2c1COC(C)(C)C2,0
Cc1onc(-c2ccccc2Cl)c1C(=O)NCCn1c(C)cc2ccccc21,0
O=C(O)c1ccc(OCc2occc2C(=O)O)cc1,0
C/C=C/c1ccc(OC)c(OC(C)=O)c1,0
CCn1cc(C(=O)NCc2ccco2)c(=O)c2cc(S(=O)(=O)N3CCC(C)CC3)ccc21,0
Cc1nc2ccc(S(=O)(=O)NC(C(=O)NC3CCCC3)C(C)C)cc2s1,0
CC1(C)CC(=O)C2=C(C1)Oc1ncn(CCCn3ccnc3)c(=N)c1C2c1ccccc1,0
O=C(Cn1cccc1C(=O)c1ccccc1)NCc1cccs1,0
CCOc1ccccc1C(=O)N(Cc1cccs1)C1CCS(=O)(=O)C1,0
COc1ccccc1OCC(=O)Nc1ccc(S(=O)(=O)Nc2nc(C)cc(C)n2)cc1,0
O=C1CC(c2ccc3c(c2)OCO3)c2cc3c(cc2N1)OCCO3,0
COc1cc(Nc2cc(C)nc3ncnn23)cc(OC)c1OC,0
O=C(COn1nnc2ccc(Cl)cc21)NCc1ccccc1,0
NC(=O)CSC1=NNC(=C2C=CC(=O)C=C2)N1Cc1ccco1,0
CCOC(=O)N1CCN(C(=O)CCc2c(C)nc3nc(C)nn3c2C)CC1,0
COc1ccc(CC(=O)OCC(=O)NC(=O)NC2CCCCC2)cc1,0
COc1cc(C2C(C(=O)OC(C)C)=C(C)Nc3[nH]c(=O)[nH]c(=O)c32)ccc1O,0
O=C(c1cnc2ccccn2c1=O)N1CCc2ccccc21,0
COC(=O)C(C)Sc1ccc2nnc(-c3ccc(F)cc3)n2n1,0
Cc1c(C)n(C(=O)CSc2nccn2C)c2ccccc12,0
CC(=O)ON1C(C)(C)CC(OC(=O)c2ccccc2)CC1(C)C,0
COc1ccc(-c2ccc(-c3noc(-c4ccc(OC)c(OC)c4)n3)c(OC)n2)cc1,0
COCCCn1c2nc3ccccc3nc2c2c(=O)n(CC3CCCO3)cnc21,0
Cc1ccc(OCC(=O)Nc2ccc(O)c(C(=O)O)c2)cc1C,0
COc1ccccc1C(OC(=O)c1cccs1)C(=O)NCc1ccco1,0
CC12CCC(C(=O)n3c1nc1ccccc13)C2(C)C,0
COc1ccc(Cl)cc1NC(=O)c1cnc2n(c1=O)CCS2,0
CCCCc1nc(N2CCOCC2)c(C#N)c2c1COC(C)(C)C2,0
CC1CCN(c2nnc(N)s2)CC1,0
CC(=O)c1sc(Nc2nc3ccc(F)cc3s2)nc1C,0
Cc1ccc2c(c1)CCCN2C(=O)c1c(C)noc1C,0
COc1ccc(NC(=O)c2cc(-c3cccs3)on2)cc1OC,0
CCOC(=O)N1CCC(NC(=O)CSc2cc(=O)n(C)c3ccc(Cl)cc23)CC1,0
CCCC1(CCC)NC(=O)N(CC(=O)Nc2cccc(OC)c2)C1=O,0
Cc1cccc(NC(=O)N(Cc2nc(=O)c3ccccc3[nH]2)C2CCCC2)c1,0
CC(=O)/N=c1\cccc2n(O)c(C)c(C)[n+]([O-])c1-2,0
O=C(CSc1nnc(Cc2ccccc2)o1)N1CCOCC1,0
COc1ccc(C2(NC(C)=O)CCN(C(=O)CCC(=O)O)CC2)cc1,0
C=CCn1c(SCc2nc(=O)c3ccccc3[nH]2)nnc1-c1ccco1,0
COCCOC(=O)C1=C(C)N(Cc2ccccc2)C(=O)NC1c1cccc(OC)c1OC,0
CC(Sc1nnnn1C)C(=O)Nc1ccc(Oc2ccccc2)cc1,0
C1=CC2CC1CC2CN1CCN(c2ccccc2)CC1,0
CC(C)(C)c1ccc(O)c(CN2CCN(c3ccccc3)CC2)c1,0
CN(Cc1ccccc1)c1nc2c(c(=O)n(C)c(=O)n2C)n1CCCc1ccccc1,0
Cc1nc(NC2=NCN(CCN3CCOCC3)CN2)nc2c(C)cccc12,0
CN/C=C1\Sc2ccccc2C1=O,0
CC/C(NCCN1CCOCC1)=C1/C(=O)NC(=O)N(c2ccccc2C)C1=O,0
CC(C(=O)Nc1sccc1C(N)=O)N1C(=O)C2CC=CCC2C1=O,0
O=C(NCCn1cc(SCC(=O)N2CCOCC2)c2ccccc21)c1ccccc1,0
CCn1cc(C(C)NC(=O)COc2ccc(Cl)cc2C)c(C)n1,0
CCOC(=O)c1c(-c2cccs2)csc1NC(=O)c1ccncc1,0
CCCc1ccc(OCc2nc(-c3ccc(NC(=O)c4ccco4)cc3)no2)cc1,0
CCN1C(=O)C(Cc2nc3ccccc3c(=O)n2C)c2ccccc21,0
CCCCC(=O)NCCNc1nc2c(c(=O)n(C)c(=O)n2C)n1Cc1ccc(F)cc1,0
C=CCN(CC=C)S(=O)(=O)c1ccc2nsnc2c1,0
O=C1CN(S(=O)(=O)c2ccccc2)CC(=O)N1CCc1ccccc1,0
COc1ccccc1N(CC(=O)NCCc1ccccc1)S(C)(=O)=O,0
COC(=O)c1ccc(CSc2nc3n(-c4ccc(F)cc4)[nH]cc-3c(=O)n2)o1,0
Cc1csc(Sc2nc3c(c(=O)[nH]c(=O)n3C)n2CCCc2ccccc2)n1,0
Fc1cccc(Cl)c1Cn1nnc2c(N3CCC4(CC3)OCCO4)ncnc21,0
CCOC(=O)CC(C#N)c1c[nH]c2ccccc12,0
CCOC(=O)CSc1nnc(CNC(=O)c2ccc(OC)cc2)n1Cc1ccccc1,0
CC1=Nc2ccccc2/C1=C/Nn1cnnc1,0
O=C(Cc1ccc(S(=O)(=O)N2CCCC2)s1)N1CCOCC1,0
CCOC(=O)c1c(C)[nH]c(C)c1C(=O)COC(=O)CCOc1ccccc1OC,0
O=C(C1CCN(S(=O)(=O)c2cccc3cccnc23)CC1)N1CCn2c1nc1ccccc12,0
CCN(CC(=O)NCc1cccs1)C(=O)c1cc(S(=O)(=O)N2CCOCC2)ccc1C,0
c1ccc(-c2csc(-n3cnnn3)n2)cc1,0
COc1ccc(C2C(C(=O)c3cccs3)=C(O)C(=O)N2c2nncs2)cc1,0
COc1ccc(CCN(Cc2cccs2)S(=O)(=O)c2ccc(-n3cnnn3)cc2)cc1OC,0
COc1ccc(C)cc1NC(=O)CN1C(=O)c2ccccc2S1(=O)=O,0
Cc1cc(C(=O)COc2ccc(-c3nnco3)cc2)c(C)n1Cc1ccccc1,0
Cc1nnc(SCc2nnc(-c3ccccc3)o2)n(N)c1=O,0
O=C(CN1CCCc2ccccc21)NCc1ccc2c(c1)OCO2,0
CC(=O)NC1C(=O)SC1(C)C,0
CCC(=O)Nc1cc(C)c(NC(=O)c2ccccc2OC)cn1,0
Cn1c(C(=O)OCC(=O)NCCc2ccccc2)cc2sccc21,0
CCOC(=O)C1=C(C)OC(N)=C(C#N)C1c1ccoc1,0
CC(=O)NC1CCC(C(=O)O)(c2ccccc2)C1,0
CCCc1nnc(NC(=O)Cn2c(=O)sc3ccccc32)s1,0
CS(=O)(=O)Nc1ccc(C(=O)NCCC2=CCCCC2)cc1,0
COC(=O)c1nc(N)sc1-c1ccccc1,0
CCOC(=O)c1cccc(NC(=O)C(NS(=O)(=O)c2ccc3c(c2)CCN3C(C)=O)C(C)C)c1,0
COc1ccc(-n2[nH]c(C)cc2=O)cc1,0
COc1cccc(NC(=O)c2cn(C)c(=O)c3cc(OC)c(OC)cc23)c1,0
COC(=O)c1c(N)nc(C)n1-c1ccc(OC)cc1,0
O=C(Cn1cnc2c(nnn2Cc2ccc(Cl)cc2)c1=O)N1CCCc2ccccc21,0
CCCN1C2=NS(=O)(=O)CCN2c2ccccc21,0
O=C(CCn1c(=O)oc2ccccc21)n1c(=O)oc2ccccc21,0
Cc1cc(Nc2nc3ccccc3[nH]c2=O)n(-c2ccccc2)n1,0
Cn1c(Cc2cccs2)nnc1SCC(=O)N1CCc2ccccc21,0
CS(=O)(=O)Nc1ccc([N+](=O)[O-])cc1Oc1ccccc1,0
CCOc1ccc(CNC(=O)C(CC)n2nc(C)n3c(cc4occc43)c2=O)cc1OC,0
COc1cccc(NC(=O)Cn2nnc(-c3ccccc3N)n2)c1,0
O=C1NC(=O)N(CCC2=CCCCC2)C(=O)/C1=C/NCc1cccnc1,0
OC1CCN(c2c3c(nc4cc(-c5cccc(F)c5)nn24)CCCC3)CC1,0
CCC(C)(C)n1nnnc1C(c1ccccn1)N1CCOCC1,0
CCN1CCN(c2cc3c(cc2F)c(=O)c(C(=O)O)cn3C2CC2)CC1,0
Cc1oc(-c2ccccc2F)nc1CS(=O)(=O)CC(=O)N1CCc2ccccc2C1,0
COC(=O)Cn1cc(C(=O)c2ccco2)c2ccccc21,0
COCCNC(=O)c1ccc2c(c1)NC(=O)CS2,0
O=C(COC(=O)CCC1CCCC1)Nc1ccc(Cl)cn1,0
O=C(COC(=O)c1cccc(S(=O)(=O)N2CCc3ccccc3C2)c1)NCc1ccco1,0
Cc1ccc(NC(=O)Cn2cnc3c(cnn3C(C)(C)C)c2=O)cc1,0
CCSc1nc(=O)c(C2OC(=O)c3c2ccc(OC)c3OC)c(O)n1CC,0
Cc1cc(C)c2cc(CN(Cc3ccco3)C(=O)NCc3ccccc3)c(=O)[nH]c2c1,0
CCOC(=O)c1c(COC(=O)c2ccco2)nc2ccccc2[n+]1[O-],0
Cn1nnc2cc(C(=O)N3CCCCCC3)ccc21,0
O=C(O)CCC(=O)c1c[nH]c2ccccc12,0
COc1nc(OCCNC(=O)Nc2ccccc2)nc(N(C)C)n1,0
Cc1cc(NC2C3CC4CC(C3)CC2C4)n2ncnc2n1,0
COc1ccc2nc(Nc3nc(=O)c(CCC(C)C)c(C)[nH]3)nc(C)c2c1,0
Cc1nc2nc[nH]n2c(=O)c1NC(=O)CC12CC3CC(CC(C3)C1)C2,0
CCOC(=O)C1=C(C)OC(N)=C(C#N)C12C(=O)Nc1ccc(C)cc12,0
Cn1c(CN2CCN(c3ccc(Cl)cc3)CC2)nc2ccccc21,0
CCCc1nc2ccccc2c(=O)n1N/C=C1\C=CC=CC1=O,0
Cc1cc(C)cc(OCc2nnc(SCC(=O)N3CCN(c4ccccc4)CC3)o2)c1,0
COc1ccc(N(CC(=O)NCc2ccco2)S(=O)(=O)c2ccc(OC)c(OC)c2)cc1,0
COc1ccc(NC(C)=O)cc1NC(=O)CN1CCN(C2c3ccccc3-c3ccccc32)CC1,0
CC(=O)Oc1ccc(-c2ccc(C(=O)O)cc2)cc1,0
Cc1ccc(C(=O)N2CCN(S(C)(=O)=O)C2)cc1,0
CC(=O)Nc1ccc(S(=O)(=O)N2CCN(S(=O)(=O)N3CCCCCC3)CC2)cc1,0
Cn1c(Cc2cccs2)nnc1SCc1nc2ccccc2[nH]1,0
COc1cc(=O)n2c(-c3ccccc3)csc2n1,0
CC(O)C(NC(=O)C1(c2ccccc2)CCN(C(=O)OC(C)(C)C)CC1)C(=O)O,0
CCC(Sc1nc2sc(C(=O)OC)c(C)c2c(=O)n1N)C(=O)NCC1CCCO1,0
CC(=O)CCc1ccc(OC(=O)c2cccnc2)cc1,0
CCc1cccc2c(=O)c(C(=O)N3CCCCCC3)c[nH]c12,0
CCOC(=O)C1=C(C)N/C(=C\N(C)C)C1=O,0
COc1ccc(N2CCN(CCNC(=O)CCN3C(=O)COc4ccccc43)CC2)cc1,0
CC(=O)OC1CC(C)(C)N(OC(=O)CCCN2C(=O)c3ccccc3C2=O)C(C)(C)C1,0
Cc1nn(Cc2ccccc2)c2c1C(c1ccco1)C(C#N)=C(N)O2,0
O=C(CCC1N=C2c3ccccc3N=C(SCc3ccc(Cl)cc3)N2C1=O)NCc1ccco1,0
S=c1[nH]nc(-c2ccc3ccccc3n2)o1,0
CCOC(=O)c1c(-c2cccc(OC)c2)nn2c(C)c(CCC(=O)O)c(C)nc12,0
COc1cc(NC(=O)c2cccs2)c(OC)cc1NC(=O)CCn1nnc2ccccc21,0
COc1cccc(N(CC(=O)N2CCN(C)CC2)S(=O)(=O)c2ccccc2)c1,0
COc1ccccc1NC(=O)Nn1cnnc1,0
O=C(Nc1nc2ccc(S(=O)(=O)N3CCCC3)cc2s1)C1CCCO1,0
C=CCn1c(N(C)C)nc2c1c(=O)[nH]c(=O)n2C,0
C=CCn1c(SCc2ccc(C(=O)OC)cc2)nnc1-c1sc(N)nc1C,0
CC1CN(S(=O)(=O)c2ccc(C(=O)Nc3sc4c(c3C(N)=O)CCN(C)C4)cc2)CC(C)O1,0
NC(=O)c1oc2ccccc2c1NC(=O)CCc1ccccc1,0
CCOC(=O)c1c(NC(=O)CSc2nnnn2-c2ccc3c(c2)OCCO3)sc(C)c1C,0
Cc1ncsc1CCSc1n[nH]c(=O)n1-c1ccccc1,0
O=C1N(c2ccc(Cl)c(Cl)c2)CN(Cc2ccccc2)CN1n1cnnc1,0
Cc1noc(C)c1COC(=O)C1(c2cccc(F)c2)CCCC1,0
O=C(CSc1ncn[nH]1)Nc1cccc2ccccc12,0
Cc1cccc(C)c1OCc1nnc(SCC(=O)NCc2ccccc2)o1,0
c1ccc(-n2nnnc2Oc2cccc3cccnc23)cc1,0
C=CCn1c(C(C)NC(=O)COC)nc2ccccc21,0
CN(C)c1ccc(NC(=O)CN2CCN(c3ccccc3F)CC2)cc1,0
Cc1ccc(C(=O)CCNc2ccccc2)o1,0
CCN(CC(=O)NCc1ccc(F)cc1)CC(O)COCc1cccc(OC)c1,0
Cc1nn(C(C)C(=O)N2CCCCC2)c(=O)c2c1sc1ccccc12,0
Cc1ccc2c(c1)C(c1ccccc1)N(C(=O)C(C)C)CC(=O)N2,0
CCC(=O)Nc1nonc1-c1nc2ccccc2n1Cc1ccccc1,0
Cc1cc(C)c2c(n1)nn1c(NCCCn3ccnc3)cc(C)nc21,0
Cc1ccc(-c2nnn(CCC(=O)NC3CCCC3)n2)cc1,0
CNC(=O)NC1CCCCc2sccc21,0
CCCCn1c(=O)n(Cc2cccc(F)c2)c(=O)c2c1ncn2Cc1ccco1,0
O=c1c2ccccc2nnn1CSc1nnc(COc2ccc(Cl)cc2)n1Cc1ccco1,0
Cc1cc(C(=O)NC(C)c2ccncc2)cs1,0
Cc1cc(C)nc(N2CCC(C(=O)NCCc3ccccc3)CC2)n1,0
O=C(Nc1cccnc1)c1cnn2cccnc12,0
CC(C)N(C(=O)CSc1nc2c([nH]1)c(=O)n(C)c(=O)n2C)c1ccccc1,0
CN(C)CCCN1C(=O)C(O)=C(C(=O)c2cc3ccccc3o2)C1c1ccccn1,0
CCOC(=O)c1c(NC(=O)c2cccs2)sc(C(=O)N2CCOCC2)c1C,0
CCOC(=O)C1CCCN(C(=O)c2cnn3c(C(F)F)cc(-c4ccc(C)cc4)nc23)C1,0
COc1cc(NC(=O)C2CC2)c(C(=O)O)cc1OC,0
O=C(CSc1n[nH]c(-c2ccc(S(=O)(=O)NC3CCCCC3)cc2)n1)N1CCCC1,0
COc1ccc(OC)c2sc(N3CCCCC3)nc12,0
CC1(C)CC2(CCO1)CNC(=O)O2,0
CCOC(=O)CNC(=O)C1(c2ccccc2)CCCC1,0
COc1cc2[nH]c(=O)n(CCC(=O)N3CCc4ccccc4C3)c(=O)c2cc1OC,0
O=C(C1CCN(S(=O)(=O)c2ccccc2)CC1)N(CCc1ccccc1)Cc1ccco1,0
COc1cc(NC(=O)CSc2nnnn2-c2ccccc2)cc(OC)c1OC,0
CCc1nnc(NC(=O)CSc2nnc(Cc3ccccc3)o2)s1,0
COc1cccc(C(=O)NCc2nnc(SCC(=O)Nc3nccs3)n2-c2ccccc2)c1,0
Cc1ccc(C)c(NC(=O)C2CCCN2C(=O)OC(C)(C)C)c1,0
CSc1ccccc1NC(=O)CCn1c(=O)sc2ccccc21,0
CCn1c(COc2ccc(Cl)cc2)nnc1SCC(=O)Nc1ccc2c(c1)OCO2,0
OCCCNC(c1ccccc1)c1ccc(O)cc1,0
Nc1c(C(=O)NCCc2ccccc2)nnn1Cc1ccccc1,0
O=C(CSc1nc2cc(S(=O)(=O)N3CCOCC3)ccc2o1)NC1CCCc2ccccc21,0
Cc1n[nH]c(C)c1S(=O)(=O)N1CCCC(C(=O)N2CCN(c3ccc(Cl)cc3)CC2)C1,0
CCOC(=O)c1csc(NC(=O)C(C)(C)C)n1,0
COc1ccc(Nc2oc(-c3ccccc3Cl)nc2C#N)cc1,0
CC(C)C(NC(=O)C1CCCCC1)C(=O)Nc1ccc2c(c1)OCCO2,0
COCCCN1C(=O)C(O)=C(C(C)=O)C1c1cccc(F)c1,0
COc1ccc(-n2ncc3c(NC(C)C)ncnc32)cc1,0
Cn1c(=O)c(-c2ccccc2)nn2c3ccccc3nc12,0
Cc1ccc2nc(-c3cccc(NC(=O)c4ccco4)c3)[nH]c2c1,0
COc1cccc(N2CCN(Cc3nc(=O)c4ccccc4[nH]3)CC2)c1,0
Nc1c(C(=O)NC2CCCC2)c2nc3ccccc3nc2n1CC1CCCO1,0
O=C(NCc1ccco1)c1cccc2ccccc12,0
Cc1ccc2cc(C#N)c(SCC(=O)NCC3CCCO3)nc2c1C,0
Cc1ccc(-n2nnc3ccccc3c2=O)cc1C,0
CC(=O)c1c(N2CCN(c3ccccc3)CC2)nc(=S)n(-c2ccccc2)c1C,0
CCOC(=O)CSc1nnc(-c2cccc(Cl)c2)n1CC,0
Cn1nc(C(=O)NC2CCCCC2)c2ccccc2c1=O,0
N#Cc1c2n(c3c(=O)n(Cc4ccccc4Cl)cnc13)CCCC2,0
COC(=O)CSc1ncnc2c1cnn2Cc1ccccc1,0
N#Cc1c(/N=C/c2cccs2)sc2c1CCCCC2,0
CC(=O)N1CCN(c2ccc(Oc3nc(-c4ccccc4)nc4ccccc34)cc2)CC1,0
Cc1c(NC(=O)c2cnn3cccnc23)c(=O)n(-c2ccccc2)n1C,0
Cc1ccccc1N1C(=O)C(Cl)=C(N2CCCCCC2)C1=O,0
Cc1ccccc1-n1c(=O)cc(N2CCN(Cc3ccccc3)CC2)[nH]c1=O,0
CCn1cc(S(=O)(=O)CC(=O)Nc2ccc3c(c2)OCCO3)c2ccccc21,0
O=C(CN1CCC(n2nnc3cc(F)ccc32)CC1)NC1CCCCC1,0
CCOC(=O)CNC(=O)CSc1nnc(-c2ccccc2OC)n1CC,0
COc1ccccc1OCC(=O)Nc1ccc(S(=O)(=O)Nc2cc(C)nc(C)n2)cc1,0
CCCCOc1ccc(NC(=O)c2cnc(C)cn2)cc1,0
COc1ccc(NC(=O)c2cc(S(=O)(=O)N3CCCCC3)ccc2N2CCCCC2)cn1,0
CCN(CC)S(=O)(=O)c1csc(C(=O)Nc2ccccn2)c1,0
O=C(NC1CCCCCC1)C1CCN(S(=O)(=O)N2CCC3(CC2)OCCO3)CC1,0
O=C(Nc1nnc(-c2ccc3c(c2)CCCC3)o1)c1ccccc1Cl,0
CCC(C)(C)n1nnnc1C(c1cc2ccc(OC)cc2[nH]c1=O)N1CCc2ccccc21,0
COCCn1c(C)cc(C(=O)CSc2nc(C)nc3sc4c(c23)CCC4)c1C,0
CCOCCn1cnc2sc(C(=O)Nc3nc(C)c(C(=O)OCC)s3)c(C)c2c1=O,0
O=C1c2ccccc2S(=O)(=O)N1CCOc1ccc(F)cc1,0
COc1ccc(CNC(=O)CSc2nc3nc(C)cc(C)n3n2)cc1,0
CCOC(=O)C1=C(C)N(C)C(=O)NC1c1ccc(C)s1,0
Cn1/c(=N/C(=O)c2ccco2)sc2cccc(F)c21,0
COc1ccc(-c2nnc(SCc3ncc(-c4ccccc4)o3)o2)cc1,0
O=C(Nc1cccnc1)c1ccc(Oc2ccccc2)cc1,0
CCn1c(NC(=O)c2cccs2)c(-c2cccs2)c(=O)c2ccccc21,0
CCOCCCN(C(=O)CNC(=O)c1ccco1)C(C(=O)NC1CCCC1)c1ccccc1C,0
O=c1cc(-c2ccccc2)[nH]n1-c1nc2ccccc2s1,0
CCN(CC)CCCN1C(=O)C(O)=C(C(=O)c2cccs2)C1c1ccccn1,0
CC(C)(C)c1ccc(S(=O)(=O)n2c(CN3CCOCC3)nc3ccccc32)cc1,0
CCOC(=O)C1=C(C)N=C2N=NNN2C1c1cccc(OC)c1OC,0
CCOCCCNC(=O)c1[nH]c(C)c(C(C)=O)c1C,0
Cc1cc(NC(=O)CSc2nc(CCC3CCCC3)nc3ccccc23)no1,0
Cc1cc(NC(=O)C(C)C)ncc1NC(=O)CCc1ccccc1,0
CCc1ccc(-n2c(O)cnc2Nc2nc(C)cc(C)n2)cc1,0
Cc1ccccc1-n1c(Cn2c(=O)sc3ccccc32)nnc1SCC(N)=O,0
Cc1nc(N2CCN(S(=O)(=O)c3ccc(F)cc3)CC2)c2c(C)c(C)sc2n1,0
CCc1ccccc1Nc1nc(N)nc(CSCC(=O)c2cc(C)n(C)c2C)n1,0
O=C(NC(Cc1ccccc1)C(=O)O)c1ccccc1,0
O=c1oc2ccccc2n1CCCOc1ccccc1,0
CCOc1cccc(NC(=O)C(Cc2cccs2)c2nn[nH]n2)c1,0
CC(=O)c1cc2c(cc1NC(=O)c1cnc(C)cn1)OCO2,0
O=C(CCN1C(=O)c2ccccc2S1(=O)=O)NCc1ccco1,0
O=C(Nc1ccccc1C(=O)NCc1ccccc1)c1ccco1,0
Cc1cc(NC(=O)c2cc(-c3cccs3)on2)nn1Cc1ccc(Cl)cc1,0
CCSc1nnc(NC(=O)c2cccnc2)s1,0
c1ccc2c(NCC3CCCO3)nc(-c3ccncc3)nc2c1,0
CCOc1ccc(CCNC(=O)C2CCN(S(=O)(=O)CC)CC2)cc1OCC,0
CCOc1ccc(-n2c(COc3ccccc3)nnc2SCC(N)=O)cc1,0
CCOC(=O)N1CCN(C(=O)Cc2ccc(-n3c(=S)[nH]c4ccccc4c3=O)cc2)CC1,0
Cc1ccc(C(=O)N2CCN(C)CC2)cc1S(=O)(=O)N1CCCCC1,0
COC(=O)c1cn(C(=O)c2ccco2)c2ccccc12,0
O=C(CSc1nnc(C2CCCCC2)o1)N1CCCCC1,0
CCOC(=O)Cc1csc(NC(=O)CCN2C(=O)c3ccccc3C2=O)n1,0
O=c1c2ccccc2nc(CN2CCCCCC2)n1-c1ccc(F)cc1,0
C=C(C)CSC1=C(C#N)C(c2ccccc2)CC(=O)N1,0
O=C(CN(Cc1cccs1)C(=O)CNS(=O)(=O)c1ccccc1)NCc1ccco1,0
CC(/C=N/O)Cc1ccc2c(c1)OCO2,0
COc1nc2ccc(C)cc2cc1-c1noc(-c2cccnc2)n1,0
C=CCOc1ccc(/C(O)=C2\C(=O)C(=O)N(CCOC)C2c2cccnc2)cc1,0
O=C(CCC(=O)N(CC(=O)NC1CCCC1)Cc1ccc2c(c1)OCO2)Nc1ccccn1,0
CCOC(=O)c1cccc(NC(=O)CSc2nnc(COc3ccccc3)n2CC)c1,0
CCOc1ccccc1C1C(C(N)=O)=C(C)N=C2N=C(CCCO)NN21,0
CC(NC(=O)CNC(=O)OCc1ccccc1)C(=O)N1CC(O)CC1C(=O)OCc1ccccc1,0
Cc1cccc2cc(CN(Cc3ccco3)C(=O)N3CCCC3)c(=O)[nH]c12,0
Cc1cc(C)cc(N(CC(=O)Nc2c(C)n(C)n(-c3ccccc3)c2=O)S(C)(=O)=O)c1,0
Cc1ccc2c(c1)nnn2C1CCN(CC(=O)N2c3ccccc3CC2C)CC1,0
O=C(Nc1ccccc1)N(Cc1ccc2c(c1)OCO2)Cc1nc(=O)c2ccccc2[nH]1,0
O=c1ncnc2[nH]n(-c3ccccc3)nc1-2,0
CC(=O)Nc1ccc(N2CCN(Cc3ccccc3F)CC2)cc1,0
CC(C)c1ccc(NS(=O)(=O)c2ccc3[nH]cc(C(=O)N4CCC(C(N)=O)CC4)c(=O)c3c2)cc1,0
Cc1cccc(-c2c3c(=O)n(C)c(=O)n(C)c3cn2-c2ccc(O)cc2)c1,0
O=C(COc1ccc(S(=O)(=O)NC2CCCC2)cc1)N1CCCCCC1,0
Cc1cnnc2c1-c1no[n+]([O-])c1CC2,0
CN(C)S(=O)(=O)c1cccc(CSc2cccc[n+]2[O-])c1,0
Cc1ccc2c(c1)NC(=O)C(CC(=O)NCCCN1CCCCC1C)O2,0
CCn1c(SCC(=O)NCc2ccco2)nc2c1c(=O)n(C)c(=O)n2C,0
c1ccc(OCCCn2nnc(-c3ccncc3)n2)cc1,0
Fc1ccc(Cn2nnnc2CN2CCN(C3CCCCC3)CC2)cc1,0
O=C(Nc1nnc(COc2ccc(Cl)cc2)s1)C1CCCO1,0
C=CCOc1nc(N2CCCC2)nc(N2CCCC2)n1,0
CC(C)n1c(SCC(=O)NCc2ccco2)nc2c1c(=O)n(C)c(=O)n2C,0
Cc1ccnc(SCCn2c(N3CC(C)CC(C)C3)nc3c2c(=O)n(C)c(=O)n3C)n1,0
CCc1ccccc1NC(=O)CSc1nnc(C2CCCN2C(=O)OC(C)(C)C)o1,0
O=C(Oc1ccccc1)c1cccc(COC(=O)c2cnccn2)c1,0
CCCC(=O)Nc1nnc(Sc2ccc(N(C)C)cc2)s1,0
Cc1coc2cc3oc(=O)c4c(c3cc12)CCCC4,0
COC(=O)C1=C2SC(C)C(=O)N2C(N)=C(C#N)C1c1cc(OC)c(OC)c(OC)c1,0
O=C(Nc1ccccc1N1CCN(C(=O)c2ccc(Cl)cc2)CC1)c1cccnc1,0
COCCNC(=O)c1ccc2ccccc2n1,0
COc1ccc(OC)c(C2=NOC3C(=O)N(c4cc(Cl)ccc4OC)C(=O)C23)c1,0
O=C(COC(=O)C1CC2C=CC1C2)Nc1ccc2c(c1)OC(F)(F)O2,0
O=C(CSc1ncn[nH]1)Nc1nc(-c2ccccc2)ns1,0
CCCOc1ccccc1-c1nc2c([nH]1)c(=O)[nH]c(=O)n2C,0
CC(=O)N1CCc2cc(S(=O)(=O)NC(C(=O)NC3CCCc4ccccc43)C(C)C)ccc21,0
O=C(CSc1nnc(-c2cccnc2)n1CCc1ccccc1)N1CCCCC1,0
COc1ccc(S(=O)(=O)N(CC(=O)NCc2ccco2)c2ccccc2)cc1OC,0
O=C(Nc1cccc2nsnc12)c1ccc(F)cc1,0
COc1ccc2cc(S(=O)(=O)N3CCOCC3)ccc2c1,0
CCOc1ccccc1NC(=O)Cn1c(C)cc(COC)c(C#N)c1=O,0
COc1ccc(N2CCN(S(=O)(=O)/C=C/c3ccccc3)CC2)cc1,0
O=C(Nc1nnc(CCc2ccccc2)s1)c1ccco1,0
CN(Cc1ccccc1)Cc1nc2c(c(=O)n(C)c(=O)n2C)n1Cc1ccc(Cl)cc1,0
CCCCNC(=O)c1ccc(N2CCOCC2)c(NS(=O)(=O)c2ccc(OC)cc2)c1,0
OCCNc1nc(C2CC2)nc2c1nnn2Cc1ccccc1Cl,0
Cc1cc(N2C(=O)CC(Cc3ccccc3)C2=O)no1,0
CCc1ccc2[nH]c(=O)c(CN(CCN(C)C)C(=O)Nc3ccccc3OC)cc2c1,0
CCOC(=O)CC(=O)Nc1nnc(CC(C)C)s1,0
COc1cccc(OCc2nnc(SCC(=O)NCc3ccco3)n2CCc2ccccc2)c1,0
CCCCNc1nc2c(c(=O)n(C)c(=O)n2C)n1CCC,0
COC(=O)c1ccc(CN2C(=O)NC3(CCCc4ccccc43)C2=O)o1,0
CC1CCCCC1NC(=O)CSc1nnc(N)s1,0
CCOC(=O)c1cnc2c(C#N)c(C)nn2c1C,0
CCCn1c(=O)[nH]c(=O)c2c1nc(-c1ccc3c(c1)OCCO3)n2CCN1CCOCC1,0
CCN1CCCC1Cn1cnc2c([nH]c3ccc(Cl)cc32)c1=O,0
C=CCn1c(COc2ccc(Cl)cc2)nnc1SCC(=O)N1CC(=O)Nc2ccccc21,0
CCN1C(=O)C(O)(CC(=O)c2ccc(-n3cccc3)cc2)c2ccccc21,0
COc1ccc(CNC(=O)Nc2ccc(OC)cc2)cc1,0
COc1ccccc1N1CCN(C(=O)c2c(-c3ccccc3Cl)noc2C)CC1,0
O=C(NCc1cccnc1)c1cn(-c2ccccc2)nc1-c1cccs1,0
Nn1cnn(Cc2ccccc2)c1=S,0
CCS(=O)(=O)N1CCCC(C(=O)NC2CCCCC2)C1,0
COc1ccccc1N1CCN(Cc2nc(N)nc(Nc3ccc(C)cc3)n2)CC1,0
CCn1c(SCC(=O)Nc2cccc(NC(=O)c3cccs3)c2)nnc1-c1ccncc1,0
CCN(CC)CCNC(=O)NC1CCCCC1,0
O=C(O)c1ccccc1C(=O)Nc1ccccn1,0
CCc1nnc(SCC(=O)Nc2ccc(C(C)=O)cc2)nc1CC,0
COc1ccc(CN/C=C2\CCCCC2=O)cc1,0
Cc1ccc(C)c(S(=O)(=O)Nc2ccccc2C(=O)Nc2cc(C)on2)c1,0
O=S1(=O)N=C(N2CCOCC2)c2ccccc21,0
Cc1cc(C)nc(N2CCCC(C(=O)Nc3nc4ccc(S(C)(=O)=O)cc4s3)C2)n1,0
O=C(CSc1nc2c([nH]c3ccccc32)c(=O)n1-c1cccc(Cl)c1)N1CCOCC1,0
COc1ccc(S(=O)(=O)N2CCCC2C(=O)Nc2nccs2)cc1,0
CCC(=O)N(c1ccc(F)cc1)C1C=CS(=O)(=O)C1,0
CCCCCn1c(=O)[nH]c2cc(C(=O)O)ccc2c1=O,0
COC(=O)C(C)Sc1nc2c(c(=O)[nH]c(=O)n2C)n1CCC(C)C,0
Cc1ccc2nc(NC(=O)C3CCN(S(=O)(=O)c4ccc5c(c4)oc(=O)n5C)CC3)sc2c1,0
CCN1C(=O)/C(=C\N2CCCc3ccccc32)SC1=S,0
O=C(COC(=O)c1cccs1)Nc1ccccc1,0
Cc1ccc(Cn2c(=O)c3ccccc3n3c(CCC(=O)O)nnc23)cc1,0
COCCOC(=O)c1c(C)n(C)c2ccc(OC(=O)N3CCOCC3)cc12,0
CCOC(=O)c1sc(C(=O)OCC)c(OCCO)c1OCCO,0
CCOC(=O)CNC(=O)CSc1nc2cccnc2n1C,0
COc1ccccc1C(=O)Nc1nnn(C)n1,0
CCOc1cc(NC(=O)C2CCCCC2)c(OCC)cc1NC(=O)c1ccco1,0
CCn1c2ccccc2c2nc3ccccc3nc21,0
COc1cc(OC)cc(C(=O)Nc2ccccc2NC(C)=O)c1,0
COc1ccc2c(c1OC)C(=O)OC2Nc1ccccn1,0
O=C(COc1ccc(Cl)cc1)N1CCN(c2ncccn2)CC1,0
O=C(Cn1cc2c(n1)CCCC2)N1CCOCC1,0
O=C(CCn1cnc2ccccc2c1=O)Nc1ccc(S(=O)(=O)N2CCCCC2)cc1,0
COc1cccc(C2C(C#N)=C(N)Oc3cc(C)oc(=O)c32)c1OC,0
COCCn1c(=O)[nH]c2cc(C(=O)N3CCN(c4ccccc4OC)CC3)ccc2c1=O,0
COc1cc(OC)cc(C(=O)Nc2ccc3c(c2)COC3=O)c1,0
COC(=O)C1(C(O)C(=O)c2ccc(C)cc2C)CCCCC1,0
CCc1c(C(=O)NCc2cnn(C)c2)csc1C,0
Cc1ccc(-c2nnc(SCC(=O)Nc3ccccc3F)o2)cc1,0
COC(=O)c1ccc(Cl)c(NC(=O)NC2CCCCC2)c1,0
CCOC(=O)c1sc(NC(=O)CSc2ncn(-c3ccccc3)n2)nc1C,0
CC1(C)CC(=O)C(C2(O)C(=O)N(Cc3ccccc3)c3ccccc32)CO1,0
Cc1nn(-c2ccccc2)c(C)c1/C=N/O,0
Cc1ccc(-c2csc3n[nH]c(=S)n23)cc1,0
CN(CCNC(=O)CCNC(=O)Cn1ccc2ccccc2c1=O)Cc1ccccc1,0
COC(=O)c1[nH]c2cccc(C)c2c1NC(=O)CN1CCCc2ccccc21,0
C=CCNc1nc2ccccc2nc1NS(=O)(=O)c1cccs1,0
Cc1cccc(C)c1NC(=O)CSc1nnc(-c2ccco2)n1N,0
Cc1ccccc1NC(=O)C1CCN(c2cnccn2)CC1,0
CCOc1ccc(C(=O)NCCCN(CC)CC)cc1,0
CCC(C)NC(=O)C1CCC(=O)N(c2cc(OC)c(OC)c(OC)c2)C1c1ccc(OC)cc1,0
CCc1nnc(NC(=O)CSc2nnc(COc3ccccc3)n2-c2ccc(C)cc2)s1,0
CCCC(=O)/N=C1\SC2CS(=O)(=O)CC2N1c1ccc(CC)cc1,0
O=C(Nc1cccc(-n2cnnn2)c1)c1ccco1,0
c1ccc(COn2nnc3ccccc32)c(COn2nnc3ccccc32)c1,0
CCOc1ccc(-n2c(SCC(=O)Nc3ccc4c(c3)OCCO4)nc3c(c2=O)SCC3)cc1,0
CCOC(=O)N1CCC(NC(=O)CSc2cc(=O)n(C)c3ccccc23)CC1,0
CCn1cc(C(=O)NCC2CCCO2)c(=O)c2cc(S(=O)(=O)N(C)C3CCCCC3)ccc21,0
c1ccc(OCCSc2ncnc3nc[nH]c23)cc1,0
Cc1cc(C)nc(-n2nc(C)cc2NC(=O)c2ccc3c(c2)OCO3)n1,0
COc1ccccc1-c1cn(S(=O)(=O)c2ccc(F)cc2)nc1N,0
CCc1nc(SCc2ccc(C(=O)OC)o2)c2c(=O)n(C)c(=O)n(C)c2n1,0
O=C(NCCCN1CCCCC1)c1ccc2c(=O)n(CCc3ccccc3)c(=O)[nH]c2c1,0
CCC(C)C(NC(=O)NCc1ccccc1Cl)C(=O)O,0
COc1cccc(C2C(C#N)=C(N)Oc3cc(C)[nH]c(=O)c32)c1OC,0
c1ccc(-n2c(SCC3CCCCO3)nnc2-c2cnccn2)cc1,0
CCOC(=O)C1=C(C)NC(=O)NC1c1ccc2c(c1)OCO2,0
O=C(c1cc(-c2ccc(Cl)cc2Cl)on1)N1CCOCC1,0
COc1ccc(S(=O)(=O)N2CCN(C(=O)c3cccs3)CC2)cc1,0
CCCCCC(=O)Nc1ccc(N2CCN(S(C)(=O)=O)CC2)cc1,0
Cc1nn2c3c(cnc2c1-c1ccccc1)C(=O)CCC3,0
CCOC(=O)Cc1c(C)[nH]c(-c2ccccc2)nc1=O,0
CCOc1ccc(Nc2cc(=O)n(C)c(=O)n2C)cc1,0
CCS(=O)(=O)N1CCN(C(=O)CCC2CCCC2)CC1,0
CC(=O)NC(CCS(C)(=O)=O)C(=O)Nc1ccc2c(c1)OCCO2,0
CCCn1nnnc1SCC(=O)NCc1cccs1,0
COC(=O)c1ccc(OCC(O)CN2C(=O)NC(C)(C)C2=O)cc1,0
O=C1CN(C(=O)COC(=O)COc2ccc3c(c2)CCC3)c2ccccc2N1,0
COc1ccc(S(=O)(=O)NCCCCCC(=O)NCCCN2CCOCC2)cc1,0
CC(C)CCNC(=O)Cc1c(C(=O)O)[nH]c2ccc(Cl)cc12,0
COc1ccc(NC(=O)CSc2nccn2-c2cccc(OC)c2)cc1,0
CCCCn1c(SCc2cc(=O)[nH]c3ccccc23)nc2c1c(=O)n(C)c(=O)n2C,0
COC(=O)C1=C(C)N(C)C(C)=C(C(=O)OC)C1c1ccncc1,0
COc1ccccc1C1C2=C(N=C3SCC(=O)N31)c1ccccc1CC2,0
CCC(c1c(C)n(C)n(-c2ccccc2)c1=O)c1c(C)n(C)n(-c2ccccc2)c1=O,0
C=CCn1c(=O)c2c(C)c(C)sc2n2c(Nc3ccc(OC)cc3)nnc12,0
OCc1nc2ccccc2n1CC(O)COc1ccccc1,0
C=CCNC(=O)C1CCN(c2nc(C)cc(-c3ccccc3)n2)CC1,0
CCN1C(SCC(=O)N2CCc3ccccc32)=NN/C1=C1/C=Nc2ccccc21,0
Cc1ccc(Nc2nc(N)nc(CN3CCN(C)CC3)n2)cc1C,0
Cc1ccc(-n2ncc(C#N)c2/N=C/N2CCOCC2)cc1,0
COc1cccc(NC(=O)c2ccccc2-c2nc(-c3ccccc3)no2)c1,0
O=C1C=CC=C/C1=C1/NNC2=C1C(c1ccccc1F)N(Cc1ccco1)C2=O,0
COc1cc(C(c2nnnn2C(C)(C)C)N2CCN(C)CC2)cc(OC)c1OC,0
CC(=O)NCCc1ccc(S(=O)(=O)N2CCOCC2)cc1,0
CC(C)CCOc1ccc(C(=O)NCCC(=O)N2CCOCC2)cc1,0
O=C(Cc1cccs1)N1CCCC(c2nc(-c3ccc(S(=O)(=O)N4CCCC4)cc3)no2)C1,0
O=c1nc[nH]c2c1sc(=S)n2-c1ccccc1,0
Cc1cccc(NC(=O)CCNS(=O)(=O)c2cccc3nsnc23)c1,0
COc1cc(C(=O)Nc2ccc(NC(=O)c3ccco3)nc2)cc(OC)c1OC,0
c1ccc(-c2nnc(CSc3nncs3)o2)cc1,0
COCCCN(C(=O)c1ccco1)c1nc(-c2cc(OC)ccc2OC)cs1,0
Cc1nc2nc3c(c(=O)n2[nH]1)CCC3,0
O=C(Nn1cc(C(=O)N2CCN(c3ccccc3F)CC2)c2ccccc2c1=O)c1cnccn1,0
O=C1c2ccccc2C(=O)N1CCN1CCOCC1,0
CCC(C)(C)NC(=O)CN(CC1CCCO1)C(=O)CCC(=O)Nc1nccs1,0
Cc1occc1C(=O)Nc1cc(=O)n(C)c(=O)n1C,0
COc1ccc(Cc2nnc(SCC(=O)NCCc3ccccc3)o2)cc1,0
Cc1cc(C)cc(-n2nnc(C(=O)NCc3ccccc3Cl)c2N)c1,0
COc1ccccc1N(CC(=O)Nc1ccc2c(c1)OCCO2)S(C)(=O)=O,0
COc1cccc(C(=O)NC2=NCCS2)c1,0
COCCNC(=O)CN(c1ccc(C)cc1)S(=O)(=O)c1ccc(SC)cc1,0
Cc1cc(NC(=O)CCC(=O)N(CCc2ccccc2)C(C(=O)NC2CCCC2)c2ccco2)no1,0
COc1cc(NC(=O)CC(C)C)ccc1NC(=O)c1ccco1,0
O=C(Nc1ccc2c(c1)OCO2)N1CCN(S(=O)(=O)c2ccc(Cl)cc2)CC1,0
COC(=O)c1ccc(CSc2nc3ccccc3s2)o1,0
CCCOc1ccc(-c2nnc(N)s2)cc1,0
CCOc1ccc(N2CC(C(=O)Nc3ccccc3F)CC2=O)cc1,0
Cc1ccc(-c2cnc(-c3ccncc3)o2)cc1,0
Cc1ccccc1S(=O)(=O)Cc1ccc(C(=O)N2CCN(c3ccc(F)cc3)CC2)o1,0
COc1ccc(CNC(=O)c2cc3c(=O)n4ccccc4nc3n(CC3CCCO3)c2=N)cc1,0
COc1ccc2nc(NC(=O)CSc3nc4ccccc4o3)sc2c1,0
COc1ccc(CNC(=O)CCCCCn2c(SCC#N)nc3cc4c(cc3c2=O)OCO4)cc1,0
COc1ccc(-c2nnc(Nc3nc4c(OC)cccc4s3)o2)cc1,0
Cc1cc(Cl)ccc1NC(=O)CSc1nnc(-c2ccncc2)n1Cc1ccco1,0
Cc1cccc(N2CCN(C(=O)c3ccc(N4CCCC4=O)cc3)CC2C)c1,0
O=C(CC(c1ccc(F)cc1)c1ccco1)N1CCOCC1,0
Cc1cc(C)n(C(CC(=O)O)C(=O)O)n1,0
COc1cccc(-n2c(C)nc3ccccc3c2=O)c1,0
O=C(CCN1CCN(Cc2ccccc2)CC1)Nc1cccc(Cl)c1,0
COC(=O)c1cc(S(=O)(=O)NC2CCN(Cc3ccccc3)CC2)cn1C,0
CCC(c1nnnn1C(C)(C)C)N1CCN(c2cc(Cl)ccc2C)CC1,0
O=C(COc1ccc2ccccc2c1)N1CCCC1,0
CC(C)COC(=O)c1nnsc1NC(=O)Nc1ccccc1,0
CC(=O)c1cccc(NC(=O)CN(c2ccc(C)cc2)S(=O)(=O)c2cccc3nonc23)c1,0
COc1ccc(-c2nnc(CSc3nc4ccccc4c(=O)n3CC(C)C)o2)cc1OC,0
CCCCN(Cc1cc2cc(OC)ccc2[nH]c1=O)C(=O)c1ccco1,0
Nc1c(C(=O)NCc2ccco2)c2nc3ccccc3nc2n1Cc1ccc(F)cc1,0
CCOC(=O)N1CCC(NC(=O)c2cc3sccc3n2CC)CC1,0
COc1ccc(Cl)cc1C(=O)Nc1nnn(C)n1,0
Cc1ccc(NC(=O)CCn2cnc3ccccc3c2=O)cc1Cl,0
CCOc1ccc(NC2CCN(C(C)=O)CC2)cc1,0
Cc1c(C)c2cc3c4c(oc3c(C)c2oc1=O)CCCC4,0
CN(C)c1cccc2c(S(=O)(=O)Nc3ccccn3)cccc12,0
COc1ccc(-c2noc(CCC(=O)NCCN(C)Cc3ccccc3)n2)cc1,0
CCN(CC)S(=O)(=O)N1CCC(C(=O)NC2CCCc3ccccc32)CC1,0
COc1ccccc1-c1nc(SCc2ccccn2)n[nH]1,0
COc1ccc(Nc2nc(N)nc(CN3CCC(Cc4ccccc4)CC3)n2)cc1,0
CCCc1nc2oc3c(N4CCNCC4)ncnc3c2c2c1CCCC2,0
CC1=C(C(=O)NCc2ccccn2)C2(CCC(C)CC2)OC1=O,0
CCSc1n[nH]c(=O)[nH]c1=O,0
CCOC(=O)Nc1cc2c(C)cc(=O)oc2cc1C,0
O=S(=O)(NC1CCCCC1)c1cccc(-c2nnc(-c3ccccc3)o2)c1,0
CC(C)(C)NC(=O)c1cc(NC(=O)c2ccco2)cc(NC(=O)c2ccco2)c1,0
COc1ccc(CNC(=O)C(c2ccco2)N(Cc2cccs2)C(=O)Cc2cccs2)cc1,0
O=C(Cn1ncc2c(=O)oc3ccccc3c21)NCCC1=CCCCC1,0
O=C(C1CCCN(S(=O)(=O)c2cccs2)C1)N1CCc2ccccc2C1,0
COc1ccc(CNc2nc3c(c(=O)n(Cc4ccc(Cl)cc4)c(=O)n3C)n2C)cc1,0
O=C(O)c1ccc(CSc2nnc(COc3ccc(Cl)cc3Cl)o2)cc1,0
O=C(O)c1[nH]c2ccc(Cl)cc2c1CC(=O)N1CCN(c2ccccc2)CC1,0
COc1ccccc1S(=O)(=O)Cc1ccc(C(=O)N2CCN(c3cccc(Cl)c3)CC2)o1,0
COc1ccc(C(=O)NCCNC(C)=O)cc1S(=O)(=O)NCc1ccc(Cl)cc1,0
CCC1CC(C)(C(=O)Nc2ccc(S(N)(=O)=O)cc2)OC1=O,0
O=C(NC1CCCCC1)c1ccc(S(=O)(=O)N2CCCCC2)cc1,0
CCOC(=O)C(C(=O)Nc1ccccn1)C1CCCCC1,0
Cc1ccc(-n2ncc3c(=O)n(Cc4cccnc4)cnc32)cc1,0
Cc1nn(-c2nc(=O)c(C)n[nH]2)c(C)c1SCC(=O)Nc1ccc(F)cc1,0
Cc1cc(C)n2nc(-c3cccnc3)nc2n1,0
COc1ccc2c(Cl)c(C(=O)NCCCn3ccnc3)sc2c1,0
CCS(=O)(=O)N1CCN(c2ccccc2F)CC1,0
Cn1c(SCc2ccc(C#N)cc2)nnc1-c1cccc(Cl)c1,0
Cc1ccc(NC(=O)N2CCCC2C(=O)NCCC2=CCCCC2)cc1,0
O=C1CCCc2c1cc(C(=O)NCCCN1CCOCC1)c(=O)n2-c1ccc(Cl)cc1,0
O=C1NC(=O)C(CC(=O)N2CCCCC2)S1,0
COc1cc2c(cc1OC)-c1cc(N3CCCc4ccccc43)nc(=O)n1CC2,0
COc1ccc(C)cc1NC(=O)c1cnc2n(c1=O)CCS2,0
Nc1ncnc2nc(SCCc3ccccc3)[nH]c12,0
CSc1nc2sc3c(c2c(=O)[nH]1)CCC(C)C3,0
O=C(NCC(c1cccnc1)N1CCN(c2ccc(F)cc2)CC1)OCc1ccccc1,0
CCCCn1c(SCC(=O)c2ccc3c(c2)OCCO3)nnc1-c1ccco1,0
O=S(=O)(c1ccc(NC2CCCc3ccccc32)nc1)N1CCOCC1,0
CC(C(=O)NCCC1=CCCCC1)N1C(=O)c2ccccc2C1=O,0
CCCc1[nH]nc2c1C(c1cc(OC)cc(OC)c1)C(C#N)=C(N)O2,0
Cn1c(=O)[nH]c(=O)c2c1nc(OC(=O)c1ccccc1)n2CC(O)COc1ccc(F)cc1,0
CN1CCN(CC#CCn2c3ccccc3c3ccccc32)CC1,0
CCOC(=O)Cn1nc(C)c2ccccc2c1=O,0
COc1ccc(OCc2nc(C#N)c(N3CCN(c4ccc(OC)cc4)CC3)o2)cc1,0
CC1CCN(S(=O)(=O)c2ccc(NC(=O)CN3CCN(C)CC3)cc2)CC1,0
COC(=O)c1[nH]c2ccccc2c1NC(=O)CN1CCN(C(=O)c2ccco2)CC1,0
O=C1CCCC(O)=C1C(C#Cc1ccccc1)C1=C(O)CCCC1=O,0
Cc1cccc2cc(C#N)c(NCCCn3ccnc3)nc12,0
O=C1CSC(c2cn(-c3ccccc3)nc2-c2cc3ccccc3oc2=O)N1Cc1ccco1,0
COc1ccccc1NC(=O)c1nnn(CC(=O)Nc2cccc(SC)c2)c1N,0
O=C(Nc1ccc(NC(=O)C23CC4CC(CC(C4)C2)C3)cn1)c1ccco1,0
CCOC(=O)c1cc(CC)sc1NC(=O)Cc1ccsc1,0
CC(C)C(NC(=O)c1ccco1)C(=O)NCC(c1ccco1)N1CCCCC1,0
O=C(CSc1nnc(-c2ccncc2)n1C1CCCCC1)Nc1ccccc1,0
COc1ccc(N(CC(=O)O)S(C)(=O)=O)cc1OC,0
COCc1cc(C)nc2sc(C(=O)OC)c(N)c12,0
O=C(Oc1ccccc1)c1cccc(N2C(=O)CCC2=O)c1,0
CC(=O)CCc1c(C)[nH]c2ccccc2c1=O,0
CC(C)C(NC(=O)C1CCCCC1)C(=O)NCc1ccccn1,0
Cc1cc(C)c(C#N)c(SCC(=O)N2CCN(Cc3ccccc3)CC2)n1,0
CC(C)C(c1nnnn1Cc1ccccc1)N1CCc2ccccc2C1,0
Cn1cnnc1SCC(=O)Nc1ccccc1Sc1ccccc1,0
Cc1ccc(CSc2nnc(-c3cccs3)n2C)cc1,0
COCCCNC(=O)c1cc2c(=O)n3cccc(C)c3nc2n(C(C)C)c1=N,0
Cc1ccc(OCCSc2nnc(NC(=O)c3ccco3)s2)cc1,0
COc1ccc(-c2noc(COc3ccc(Cl)c(C)c3)n2)cc1,0
COc1ccc(-c2nc(CS(=O)CC(=O)NCc3ccco3)c(C)o2)cc1OC,0
COCCn1c(-c2ccco2)nc2nc3ccccc3nc21,0
O=C(O)CCC(=O)NCCn1c(-c2ccccc2)cs/c1=N\c1ccccc1,0
COc1ccc(-c2noc(CCN3C(=O)c4ccccc4C3=O)n2)cc1OC,0
CNC(=O)CCn1nc(-c2ccc(Cl)cc2)c2ccccc2c1=O,0
COc1cccc(C(=O)Nc2ccc(C(=O)O)cc2)c1,0
C=CCn1cnc2c(NCc3ccccc3)ncnc21,0
CN1CCN(CCCNC(=O)Cn2nc(-c3ccccc3)ccc2=O)CC1,0
CCCC(C)C1(CC)C(=O)N=C(Nc2ccc(F)cc2)NC1=O,0
COc1cccc2c(=O)n(CC(=O)NC3CCCC3)ccc12,0
CCc1cc2c(=O)c(Oc3ccccc3)c(C)oc2cc1O,0
CC(=O)NC(Cc1ccc(C)cc1)C(=O)NC1CCN(C(=O)c2cnccn2)CC1,0
Cc1ccc(NC(=O)Cn2c(=O)n(CCCC(=O)NCc3ccco3)c(=O)c3ccccc32)cc1,0
Cc1cc(C)n(-c2ccc(C(=O)Nc3ccc4c(c3)OCCO4)cc2)n1,0
CCC1CCCCN1C(=O)CSc1nnc(-c2ccco2)o1,0
O=C1OCCC1Sc1nc2ccccc2o1,0
O=C(CC12CC3CC(CC(C3)C1)C2)N1CCOCC1,0
COc1cccc(CN2CCN(c3ncccn3)CC2)c1,0
COc1cc2ccccc2cc1C(=O)Nc1ccc(S(=O)(=O)Nc2cc(C)on2)cc1,0
COC(=O)Cn1ncn2cccc2c1=O,0
c1coc(CNc2nc3sc4c(c3c3ncnn23)CCCC4)c1,0
Cc1cc(C)cc(NC(=O)CN(C)S(=O)(=O)c2cccc3nsnc23)c1,0
COc1ccccc1-c1nnc(SCC(=O)OC(C)C)o1,0
COc1ccccc1NC(=O)N1CCCC1C(=O)Nc1ccc2c(c1)OCO2,0
COC(=O)c1ccc(CSc2nc3n(-c4ccc(C)cc4)[nH]cc-3c(=O)n2)o1,0
c1ccc2c(c1)[nH]c1c(N3CCOCC3)ncnc12,0
CC1(C)Cc2c(C#N)c(N3CCOCC3)nc(Cc3ccccc3)c2CO1,0
Cc1nn(Cc2ccc(F)cc2)c(C)c1NC(=O)c1cc(-c2ccc3c(c2)OCO3)on1,0
CCC(c1nnc(SCC(=O)Nc2nnc(-c3ccccc3)o2)o1)N(C)C,0
Cc1ccc(-c2ccc(S(=O)(=O)N3CCN(C)CC3)cc2)cc1,0
COC(=O)c1ccccc1NC(=O)N1CCCC1,0
CCOC(=O)c1[nH]c(C)c(C(=O)c2cc(F)ccc2F)c1C,0
OCCn1c(CSc2nnc(-c3ccco3)n2-c2ccccc2)nc2ccc(Cl)cc21,0
COc1ccc(-c2nc(CS(=O)(=O)CC(=O)NCCc3cc(OC)ccc3OC)c(C)o2)cc1,0
C=CCOc1ccc(/C(O)=C2\C(=O)C(=O)N(CCCOC)C2c2ccc(O)c(OC)c2)cc1,0
CCc1c(C(=O)NCc2ccccc2Cl)[nH]c(C)c1C(C)=O,0
COc1cc(C2=NOC(C(=O)NCc3ccc(F)cc3)C2)cc(OC)c1OC,0
O=C(COC(=O)C1=COCCO1)Nc1ccccc1Oc1ccccc1,0
Cc1ccc(S(=O)(=O)NC(=O)Nc2c(C)n(C)n(-c3ccccc3)c2=O)cc1,0
CCOC(=O)C1CCCN(C(=O)c2ccc(OC(C)=O)cc2)C1,0
Cc1cc(C(=O)Nc2ccc(S(=O)(=O)N3CCCC3)cc2)cs1,0
COc1cccc(N2C(=O)CC(N3CCC(c4nc5ccccc5[nH]4)CC3)C2=O)c1,0
Cc1cc2ncn(C3CC(=O)N(Cc4ccccc4)C3=O)c2cc1C,0
O=C(Cn1c(-c2ccc(Cl)cc2)noc1=O)N1CCN(c2ccccc2F)CC1,0
CCOC(=O)N1CCN(c2ccc3nnnn3n2)CC1,0
Cc1cc(C)nc(N2CCCC(C(=O)Nc3ccc4nc(C)c(C)nc4c3)C2)n1,0
Cc1sc(NC(=O)c2ccco2)c(CN2CCCCC2)c1C,0
COc1ccc(N2CCN(S(=O)(=O)c3ccc(C(=O)NCc4ccco4)cc3)CC2)cc1,0
Cc1noc(C)c1C(=O)Nc1ccccn1,0
O=C(O)CC(CNS(=O)(=O)c1ccccc1)c1ccccc1,0
CCOC(=O)c1cc(=O)n2[nH]c(-c3ccc(C)cc3)cc2n1,0
COc1ccc(NC(=O)c2cc(OC)c(OC)c(OC)c2)cn1,0
CCOC(=O)N1CCN(C(=O)c2ccc3c(c2)N(CC)CCS3)CC1,0
O=C(NCc1ccc(Cl)cc1Cl)c1ccccn1,0
Cc1cccc(C)c1OCc1nnc(SCC(=O)NCCc2ccccc2)o1,0
COC(=O)c1cc(NCc2cccs2)ccc1N1CCOCC1,0
CC1=C(C(=O)OCc2ccc3c(c2)OCO3)C(c2ccc(F)cc2)NC(=O)N1,0
O=C(CCCn1c(=S)[nH]c2ccsc2c1=O)NCc1ccco1,0
CC(=O)c1cccc(NS(=O)(=O)N2CCCCC2)c1,0
Cn1c(=O)[nH]c(=O)c2c1nc(SCCN1CCCCC1)n2CCCc1ccccc1,0
Cc1noc(C)c1C(=O)N1CCC(Cc2ccccc2)CC1,0
CC(=O)Nc1ccc(C2NC(=O)c3ccccc3O2)cc1,0
Cn1c(=O)[nH]c(=O)c2c1nc(N1CCNCC1)n2Cc1cccc2ccccc12,0
CCC(=O)Nc1c(C(=O)Nc2cccc(OC)c2)oc2ccccc12,0
O=C1C(Cl)=C(NCC2CCCO2)C(=O)N1c1ccccc1,0
Cc1csc(NC(=O)C(Cc2ccccc2)n2cccc2)n1,0
O=S(=O)(NC1=NCCCCC1)c1cccs1,0
CCS(=O)(=O)Nc1ccc(-c2nnc(SCC(=O)c3cccc(OC)c3)o2)cc1,0
CNC(=O)C1CCCN1S(=O)(=O)c1ccc(OC)cc1,0
COc1ccc(-c2nc3nc(C)cc(C)n3n2)cc1,0
Cn1c(SCC(=O)Nc2ccc3c(c2)OCO3)nnc1-c1cnccn1,0
CCOC(=O)c1ccc(COC(=O)c2nonc2N)cc1,0
CCn1cc(C(=O)OCC(=O)OC2CC(C)CCC2C(C)C)c(=O)c2ccc(C)nc21,0
CCOC(=O)c1cc(-c2ccco2)nc2c1c(C)nn2CCC#N,0
NC(=O)C1CCN(c2ncnc3c2c(-c2ccccc2)cn3-c2ccccc2)CC1,0
COc1ccc(C2c3c(oc4ccccc4c3=O)C(=O)N2c2ccccn2)cc1OC,0
COc1cccc(-c2nc(-c3ccccn3)no2)c1OC,0
O=C(NC1CCCCC1)C1CCN(C(=O)NCc2ccccc2)CC1,0
Fc1ccc(-c2nn3c(C4COc5ccccc5O4)nnc3s2)cc1,0
Cc1cc(/C=N/n2cnnc2)c(C)n1-c1ccc(C(=O)O)cc1,0
COc1ccccc1-c1nnc(SCC(=O)Nc2ccc(Cl)cc2Cl)o1,0
CCOc1cc(N2CCOCC2)c(OCC)cc1NS(=O)(=O)c1ccc(Cl)s1,0
O=C(CSc1nnc(COc2ccccc2)o1)Nc1nccs1,0
CCN(CC)S(=O)(=O)c1cccc2nonc12,0
CC1CCCN(S(=O)(=O)c2ccc(NC(=O)Cn3nnc(-c4ccccc4F)n3)cc2)C1,0
COc1ccccc1-c1nnc(SCC(=O)N2CCC(C)CC2)o1,0
O=C1CCCCCN1Sc1ccccc1,0
COC(=O)C(C)Sc1nnc(Cc2cc(=O)[nH]c(=O)[nH]2)n1-c1cc(C)ccc1C,0
Cc1ccc(-c2nc(CS(=O)(=O)CC(=O)NC3CCCCC3C)c(C)o2)cc1,0
Cn1cnnc1SCC(=O)Nc1ccccc1C(=O)NC1CCCC1,0
O=C(c1ccc(CS(=O)(=O)c2ccccc2)o1)N1CCOCC1,0
Cc1ccc(NC(=O)COC(=O)C2CC2C)c(S(=O)(=O)N2CCCCC2)c1,0
CCOc1ccc2nc(SCC(=O)NC3CCS(=O)(=O)C3)sc2c1,0
Cc1c(C#N)c2ncnc(N)c2n1-c1ccccc1,0
CCN(CCCNC(=O)CN1C(=O)COc2ccccc21)c1ccccc1,0
O=CN1CCN(C2CC(=O)N(c3ccc4c(c3)OCO4)C2=O)CC1,0
Cc1ccc(-c2nc(NCCN3CCOCC3)c3ccccc3n2)cc1,0
Cc1ccc(C)c(OCCCC(=O)Nc2ccc(N3CCOCC3)cc2)c1,0
Cc1ccccc1OCc1nc(-c2ccccc2)no1,0
O=C(NCCCN1CCCC1=O)c1nnc(Cc2c(F)cccc2Cl)o1,0
CCCSc1nc2c(c(=O)n1-c1ccc(OCC)cc1)SCC2,0
Cc1ccc(CN2C(=O)CCC2C(=O)NC2CCCC2)cc1,0
O=C(Nc1ccccc1)c1ccc(NCc2ccco2)c(S(=O)(=O)N2CCOCC2)c1,0
COC(=O)C1=C(C)NC(C)=C(C(=O)OC)C1C(=O)OC1CCCCC1=O,0
CCOC(=O)C1CCN(C(=O)C2CCN(S(=O)(=O)c3cccc4cccnc34)CC2)CC1,0
COc1ccccc1CC(=O)NCCc1ccc(S(N)(=O)=O)cc1,0
Cc1oc2c(c1C(=O)NCc1ccccc1)CCCC2,0
Cc1ccc2cc(CN(CCN3CCCC3)C(=O)Nc3ccccc3)c(=O)[nH]c2c1C,0
Cc1ccc(Oc2ccc(OCC(=O)NC(C)C(=O)O)cc2)cc1,0
CC(=O)Nc1ccc(S(=O)(=O)N2CCN(c3cccc(C)c3C)CC2)cc1,0
O=S(=O)(NCCN1CCCC1)c1cccc2cccnc12,0
CCn1nc(C(=O)OCC(=O)c2c[nH]c3ccccc23)c2ccccc2c1=O,0
CC(=O)Nc1ccc(S(=O)(=O)N2CCSC2c2ccc(C)cc2)cc1,0
CCOc1ccc(NC(=O)CN(c2cc(C)cc(C)c2)S(=O)(=O)c2c(C)noc2C)cc1,0
CCn1c(=O)cc(SCC(=O)N2CCC3(CC2)OCCO3)c2ccccc21,0
CCC(C)NC(=O)C1CN(S(=O)(=O)c2ccccc2)CCN1S(=O)(=O)c1ccccc1,0
Cn1c(SCC(=O)N2CCOCC2)nnc1-c1ccc(NC(=O)c2ccccc2F)cc1,0
COCCCNC(=O)CCc1nc(-c2ccccc2)no1,0
Cc1csc(NC(=O)CSc2nnc(-c3ccccn3)n2-c2ccc(C)c(C)c2)n1,0
O=C(Nc1ccc(C(=O)Oc2ccccc2)c(O)c1)c1ccco1,0
COc1ccc(NC2CCN(C3CC(=O)N(c4ccc(F)c(Cl)c4)C3=O)CC2)cc1,0
COCCNC(=O)C(c1ccc(C)o1)N(Cc1ccccc1)C(=O)Cn1nnc2ccccc21,0
O=C(OCc1ccc(F)cc1Cl)c1ccccn1,0
O=C1CC(N2CCC(c3nc4ccccc4o3)CC2)C(=O)N1Cc1cccs1,0
COc1ccc(Cc2n[nH]c(Nc3ccc(C)cc3C)nc2=O)cc1,0
CC(C)c1nnc(NC(=O)CCC(=O)N2CCN(C3CCCCC3)CC2)s1,0
Cc1ccc(OC(=O)CCC(=O)Nc2ccc(S(=O)(=O)Nc3cc(C)on3)cc2)cc1,0
COCCN(CCOC)c1ncc(Cl)c(C(=O)c2c(C)cc3ccccn23)n1,0
CCOC(=O)c1sc2ncn(C(CC)C(=O)OC)c(=O)c2c1C,0
C=C(C)c1cccc(C(C)(C)NC(=O)NCC2COCCO2)c1,0
O=C(NCc1ccccn1)c1ccc2ccccc2n1,0
O=C(CSc1nnc(-c2cccnc2)n1Cc1ccco1)c1ccccc1,0
NC(=O)c1oc2ccccc2c1NC(=O)c1ccco1,0
COc1ccc(C(=O)CSc2nnc(-c3ccco3)n2CC2CCCO2)cc1,0
CC(C)(C)n1nc2c(c1NC(=O)COc1ccc3ccccc3c1)CS(=O)C2,0
O=C(c1cccs1)N(C(=O)c1cccs1)c1ccccn1,0
Cc1cc(NCCN2CCCCC2)n2c(nc3ccccc32)c1C#N,0
N#Cc1cccc(NC(=O)COc2ccc(-n3ccnc3)cc2)c1,0
CN(C)S(=O)(=O)c1cccc(-c2nnc(SCc3ccc4c(c3)OCCO4)o2)c1,0
Fc1ccc(-c2nnc(-c3ccc(Cl)cc3)o2)cc1,0
O=C(CSc1nnc2scc(-c3ccccc3)n12)N1CCN(Cc2ccccc2)CC1,0
CC1CCN(c2nc(-c3ccncc3)nc3ccccc23)CC1,0
COc1cccc(-c2cc(C(=O)Nc3c(C)nn(Cc4ccccc4C)c3C)no2)c1,0
O=C1CC(NCc2ccc3c(c2)OCO3)C(=O)N1Cc1ccc2c(c1)OCO2,0
Clc1cc(NCc2cccs2)ccc1N1CCOCC1,0
O=C(CN1CCOc2ccccc21)NCc1ccccc1,0
CC(=O)Nc1ccc(S(=O)(=O)N(C2=NCC(C)S2)c2ccccc2)cc1,0
Cc1ccc(C)n1-n1cnc2sc3c(c2c1=O)CCC3,0
COc1cccc(/C(O)=C2/C(=O)C(=O)N(CCN(C)C)C2c2ccccn2)c1,0
Cc1[nH]c(SC(C)C)nc(=O)c1Cc1ccccc1,0
CCOC(=O)c1ccc(NC(=O)N2CCN(S(C)(=O)=O)CC2)cc1,0
O=C(CSc1nc2ccccc2c(=O)n1CC1CCCCC1)N1CCOCC1,0
CCC(=O)Nc1cc(-c2nn(C)c(=O)c3ccccc23)ccc1OC,0
O=C(Cc1ccsc1)NCC(c1ccco1)N1CCCCC1,0
Nc1nonc1-c1noc(COc2ccccc2Cl)n1,0
Cc1oc(N/C=C2\C(=O)C=Cc3ccccc32)c(C#N)c1C,0
CC1=C(C(=O)Nc2ccccc2)C(c2ccccc2)N2C(=O)CSC2=N1,0
Cc1ccc(Cn2c(CN3CCN(C(=O)c4ccco4)CC3)nc3c2c(=O)n(C)c(=O)n3C)cc1,0
COc1ccc(CNC(=O)CCCNS(=O)(=O)c2cccc3nonc23)cc1,0
COC(=O)C1=C(C)N=c2s/c(=C\c3ccoc3)c(=O)n2C1c1ccccc1,0
O=C(Nc1ccccc1)N1CCN(Cc2ccc3c(c2)OCO3)CC1,0
O=C(NC1CCN(Cc2ccccc2)CC1)c1ccccc1F,0
CCOC(=O)C1C(=O)NC(SCC(=O)OC)=C(C#N)C1c1ccccc1OCC,0
CCOC(=O)NC1(NCc2ccccc2)Oc2ccccc2O1,0
CC(C)n1nc(C(=O)Nc2nc3ccc(S(C)(=O)=O)cc3s2)c2ccccc2c1=O,0
COc1ccc(N2CCN(C(=O)CN3C(=O)c4ccccc4S3(=O)=O)CC2)cc1,0
O=C(O)CC1C(=O)OCN1C(=O)OCc1ccccc1,0
O=C1CC(c2ccoc2)CC(Nc2ccccc2)=C1C(=O)Nc1ccccc1,0
COc1ccc(CCNC(=O)c2c[nH]c3ccccc3c2=O)cc1OC,0
c1cc(-c2nnc3sc(C4CCCCC4)nn23)ccn1,0
CCOC(=O)C1=C(C)NC(=O)NC1c1ccc(C)o1,0
O=C(Cn1c(=O)c2c(ncn2Cc2ccccc2)n(Cc2ccccc2)c1=O)NC1CC1,0
Cc1cc(NS(=O)(=O)c2ccc(NC(=O)Nc3cccc(Cl)c3)cc2)no1,0
CC1CCCC(C)N1C(=O)CSc1nc2ncnc(N)c2[nH]1,0
CCOC(=O)C1=C(C)NC(=O)NC1c1ccc(OCC(=O)OC)c(OC)c1,0
CN1CCN(C(=O)c2cnn(-c3ccccc3)c2NC(=O)c2cccs2)CC1,0
CCOC(=O)c1c(NC(=O)COC(=O)c2c(C)noc2C)sc2c1CCC2,0
CC(=O)NCCC(Cc1ccccc1)c1ccco1,0
O=C1N=c2ccccc2=C1Nc1ccc(-c2nnc3n2CCCCC3)cc1,0
O=C(CCNS(=O)(=O)c1cccc2nonc12)NC1CCCc2ccccc21,0
O=C(NCC1COc2ccccc2O1)c1ccc(Cl)cc1,0
O=S(=O)(c1ccc(F)cc1)N1CCC(O)(c2ccc3c(c2)OCO3)CC1,0
CCOC(=O)c1cc(NC(=O)N2CCOCC2)c(C)nc1C,0
CCn1c(SCCC(=O)Nc2ccccc2)nnc1-c1ccc(OC)cc1,0
O=C(CSc1nnc(-c2cccnc2)n1Cc1ccco1)c1ccc2ccccc2c1,0
COc1nc2ccccc2c(=O)n1OCC(C)C,0
CCN(CC)CCCN(C(=O)c1cccs1)c1nc(-c2ccc(OC)cc2)cs1,0
Cc1nn(CC(=O)Nc2ccccc2)c(=O)c2ccccc12,0
C=CCn1c(N)c(C(=O)NC2CCCCC2)sc1=S,0
COc1ccc(CCNC(=O)CSc2nnc(-c3cccc(C)c3)o2)cc1OC,0
O=C(Nc1ccncc1)c1cccc(F)c1,0
COc1ccc(Cc2nn3c(-c4ccccc4OC)nnc3s2)cc1,0
COc1ccc2cnn(Cc3ccccc3)c(=O)c2c1OC,0
Cc1c(OCc2ccccc2)c(=O)ccn1Cc1ccccc1,0
Cn1c(=O)c2c(nc(NCCc3ccccc3)n2CC(=O)NCCc2ccccc2)n(C)c1=O,0
CC(=O)c1cccc(NC(=O)CN2C(=O)COc3ccc(Cl)cc32)c1,0
Cc1ccc(S(=O)(=O)N2CCN(C(=O)COC(=O)c3cc(C)oc3C)CC2)cc1,0
COc1ccc(NC(=O)C2CCCN2C(=O)NCc2ccccc2)c(OC)c1,0
CCOC(=O)N1CCN(C(=O)Cc2ccc(Cl)cc2)CC1,0
O=C(Sc1nnnn1C1CCCCC1)c1cccs1,0
O=c1cc(CSc2nnc(COc3ccccc3Cl)o2)nc2sccn12,0
COc1ccc(CN2C(=O)C3ON=C(c4ccc(F)cc4)C3C2=O)cc1,0
COc1ccc2c(c1OC)C(=O)N(C(C)C(=O)O)C2=O,0
Cc1nc2nc3c(cn2n1)C(=O)CC(C)(C)C3,0
CC(C)COC(=O)C(C#N)c1nc2ccccc2nc1N1CCN(Cc2ccccc2)CC1,0
O=C(Cc1ccc(-n2cnnn2)cc1)NC12CC3CC(CC(C3)C1)C2,0
COc1ccc(N2CCN(C(c3ccco3)c3sc4nc(C)nn4c3O)CC2)cc1,0
O=C(c1cc(-c2ccccc2)on1)N1CCN(C(=O)c2ccco2)CC1,0
O=C(Nc1ccc(Nc2ccccc2)cc1)c1ccco1,0
O=c1[nH]c2cc3c(cc2cc1CN(CCc1ccccc1)Cc1nnnn1C1CCCC1)OCCO3,0
CCN(Cc1cc2cccc(C)c2[nH]c1=O)C(=O)c1ccccc1OC,0
COc1ccc(C2C(C#N)=C(N)Oc3cc4c(cc32)OCO4)cc1,0
O=C(COc1ncnc2ccccc12)N1CCOCC1,0
CC(C)/N=C1\SCC(C)(/C=N/O)S1,0
COc1ccc(-c2noc(CSc3nc4ccccc4c(=O)n3-c3ccccc3)n2)cc1,0
Cc1cccc(C)c1NC(=O)N1C2CCCC1CC(NC(=O)C(C)(C)C)C2,0
O=C(NCc1ccccc1F)c1cccs1,0
O=c1nc(-c2ccccc2)n(-c2ccccc2)c2ncccc12,0
COC(=O)CCN(C(=O)c1ccc2c(c1)OCO2)c1ccccn1,0
CC1CCCCC1NC(=O)Cn1cnc2ccccc2c1=O,0
Cc1ccc(OCC(=O)NCCN2CCN(C(=O)COc3ccc(C)cc3)CC2)cc1,0
CC(=O)c1ccc(Oc2ncnc3sccc23)c(CN2CCOCC2)c1,0
O=C(CN1CCOc2ccccc21)N1CCN(c2cccc(Cl)c2)CC1,0
Cc1nc2c(c(=O)n1CC1CCCO1)c1nc3ccccc3nc1n2CCC(C)C,0
COCCN(CC(=O)NCc1ccccc1)C(=O)CCC(=O)Nc1ccccn1,0
O=C(Nc1ccc2c(c1)OCO2)C1CCCN1C(=O)Nc1cccc(F)c1,0
CCN(CC)CCCN1C(=O)C(O)=C(C(=O)c2sc(C)nc2C)C1c1ccc(C)o1,0
N#Cc1c(N)nc2c(c1N)CC(=O)N2c1ccccc1-c1ccccc1,0
COc1ccc(OC)c(-n2cnnn2)c1,0
Cn1c(=O)cc(SCC(=O)N2CCC3(CC2)OCCO3)c2ccccc21,0
O=C(Oc1cccc2cccnc12)N1CCCC1,0
CC(C)Oc1cccc(C(=O)Nc2ccccc2N2CCOCC2)c1,0
Cc1ccc(C(=O)OCC(=O)Nc2sc3c(c2C#N)CCCCC3)cc1NC(=O)c1ccco1,0
CC1(C)C2CC=C(CN3CCOCC3)C1C2,0
O=C(NCC(=O)N(c1cccnc1)C(C(=O)NCc1ccco1)c1ccccc1)c1ccco1,0
Cn1cccc1Cc1nnc(SCC(=O)Nc2cccc(F)c2)n1-c1ccc(F)cc1,0
O=C(Nc1nnc(C2CC2)s1)C1Cc2ccccc2CN1S(=O)(=O)c1cccs1,0
CCOC(=O)c1ccc(NC(=O)CSc2nnc(-c3cccs3)n2CC)cc1,0
CCOC(=O)c1nnc2cc(-c3ccccc3)nn2c1C,0
COc1ccc(-c2noc(-c3ccccc3C(=O)Nc3cccc(OC)c3)n2)cc1,0
Cc1cccc(OC(=O)N2CCOCC2)c1,0
CC(O)CNc1nc2c(c(=O)n(C)c(=O)n2C)n1CCc1ccccc1,0
Cc1csc(SCC(=O)Nc2nc3ccccc3s2)n1,0
CCOC(=O)C1CCN(C(=O)c2ccc(NC(=O)C3CCCO3)cc2)CC1,0
O=C1c2ccccc2-c2onc3ccc(NCCCn4ccnc4)c1c23,0
COc1cc2[nH]c(NC(=O)c3ccccc3)nc(=O)c2cc1OC,0
Cc1ccc2nc(SCc3nnc(-c4cccs4)o3)[nH]c2c1,0
O=C(CSc1nnc(Cc2cc(=O)[nH]c(=O)[nH]2)n1-c1ccccc1)NCC1CCCO1,0
COc1ccc(OC)c(CNC(=O)CCN2C(=O)COc3ccccc32)c1,0
CN(C)S(=O)(=O)c1ccc(C(=O)Oc2ccccc2)cc1,0
O=C(NCCN1CCOCC1)c1csc2c1CCCC2,0
CCOC(=O)Cc1nnc(NC(=O)Nc2ccccc2)s1,0
CN(Cc1ccccc1)C(=O)CCNS(=O)(=O)c1ccc2c(c1)oc(=O)n2C,0
CCOC(=O)c1ccc(NC(=O)CSc2nnc(COc3ccccc3OC)n2C)cc1,0
CCN1C(=O)CC(N2CCC(Nc3ccc(OC)cc3)CC2)C1=O,0
COCC(=O)N(Cc1cc2ccc(C)cc2[nH]c1=O)c1ccc(OC)cc1,0
COC1=CC(=O)/C(=C2\NNC=C2Oc2ccccc2OC)C=C1,0
CCS(=O)(=O)N1CCC(C(=O)Nc2cc(Cl)ccc2O)CC1,0
Cn1c(SCC(=O)N2CCOCC2)nc2sc3c(c2c1=O)CCCC3,0
CCC(C)c1ccc(NC(=O)C2CC2)cc1,0
COc1ccc(OC)c(C(=O)CSc2nnnn2C)c1,0
c1ccc(Nc2nc3ccccc3n3cnnc23)cc1,0
COc1ccccc1N1CCN(C(=O)COc2ccc(S(=O)(=O)NC3CCCCC3)cc2)CC1,0
COc1ccc(OC)c(NC(=O)CSc2nc(C)cs2)c1,0
COc1ccc(C(=O)Nc2nnc(Cc3cccs3)s2)cc1OC,0
CC1(C)NC(=O)N(CCCOc2ccc3c(c2)CCC3)C1=O,0
CCc1c(C)[nH]c(=S)c(C#N)c1C,0
CCCCN(CC)CCCNC(=O)CC1Nc2ccccc2NC1=O,0
CCOCC(=O)Nc1c(C(=O)Nc2ccccc2OC)oc2ccccc12,0
CCCC(=O)Nc1cc(-c2nnc(OC)c3ccccc23)ccc1N1CCOCC1,0
CC(=O)Nc1nonc1-c1ccccc1,0
COc1ccc(-c2nn3cnnc3s2)cc1OC,0
Cc1nc(Nc2nc3ccccc3o2)nc2c1CCC2,0
Cn1cccc1-c1nc2ccc(NC(=O)c3ccccc3)cc2[nH]1,0
Cc1cc(C(=O)N2CCN(S(C)(=O)=O)CC2)sc1-c1ccccc1,0
C=CCN(C(=O)CNC(=O)c1ccco1)C(C(=O)NC1CCCCC1)c1ccccc1,0
Cc1nnc(SCC(=O)N2CCN(S(=O)(=O)c3ccccc3)CC2)n1Cc1ccccc1,0
O=c1c2c(nc3c(-c4ccc(Cl)cc4)c[nH]n13)CCCC2,0
CCCCC(=O)Nc1ccc(NC(=O)c2cc(OC)c(OC)c(OC)c2)cn1,0
COCCNC(=O)Nc1ccc2c(c1)N(C)C(=O)CS2,0
CCOC(=O)C1=C(C)N=C2N=C(C)NN2C1c1ccc(OCC)c(OC)c1,0
CCCS(=O)(=O)N1CCN(C(=O)COc2ccc(-c3ccccc3)cc2)CC1,0
O=C(C(NS(=O)(=O)c1cccs1)c1ccccc1)N1CCN(c2ccccc2)CC1,0
N#CCCCCn1c(-c2cncs2)nc2ccccc21,0
Cc1ccc(Nc2nc(CSc3nnnn3-c3ccccc3)cs2)cc1,0
CCOC(=O)C1=C(C)NC2=C(C(=O)CC(c3ccc(OC)c(OC)c3)C2)C1c1ccc(C)o1,0
CCc1nnc(N2CCN(c3ncnc4c3oc3ccccc34)CC2)s1,0
O=C(O)Cn1cc(C(=O)c2ccco2)c2ccccc21,0
CN(C)c1ccc(C(=S)N2CCN(c3ccccc3)CC2)cc1,0
COc1cccc(C(=O)N2CCN(C(=O)c3cccs3)CC2)c1OC,0
CCOc1ccc(-n2cc(C(=O)Nc3cccc(C)n3)c3cc(OC)c(OC)cc3c2=O)cc1,0
O=C(c1cc2ccccn2n1)N1CCC2(CC1)OCCO2,0
Cc1ccc(NC(=O)CCNS(=O)(=O)c2ccc3c(c2)oc(=O)n3C)cc1,0
Cc1ccc(-c2nc3ncccc3o2)cc1NC(=O)Cc1ccc(Cl)cc1,0
CCS(=O)(=O)N1CCN(C(=O)c2ccc(-c3ccccc3)cc2)CC1,0
Cc1cc(NCCCN2CCOCC2)n2c(nc3ccccc32)c1C#N,0
CCOC(=O)c1ccccc1NC(=O)CN1C(=O)CCS(=O)(=O)c2ccccc21,0
CC(C)n1c(Nn2cnnc2)nc2ccccc21,0
CCn1c(N2CCC(Cc3ccccc3)CC2)nc2c1c(=O)[nH]c(=O)n2C,0
CCN(Cc1ccccc1)S(=O)(=O)c1ccc(S(=O)(=O)N2CCN(CCC#N)CC2)cc1,0
COc1ccc(N2C(=O)C3CCCN3C2c2cccc(OC)c2)cc1,0
COc1ccc(N(CC(=O)N2CCN(c3ccccc3)CC2)S(=O)(=O)c2c(C)noc2C)cc1,0
CCN(CC)Cc1c(C(=O)OC)nnn1-c1nonc1N,0
Cc1nc2nc(C)c(CCC(=O)N3CCC4(CC3)OCCO4)c(C)n2n1,0
Cc1ccc(-c2cc(C(=O)NCc3cccs3)no2)cc1,0
CCOC(=O)CSc1nnc(Cc2ccccc2)n1Cc1ccco1,0
CN(C)c1nc(Oc2ccc(/C=N/O)cc2)nc(N(C)C)n1,0
Cc1cccc(N(CC(=O)N2CCCC2)S(=O)(=O)c2ccccc2)c1,0
N#CCSc1nc2sc3c(c2c(=O)n1C1CCCCC1)CCCC3,0
O=C(OCc1nnc(-c2ccccc2)o1)c1ccc(S(=O)(=O)NCc2ccco2)cc1,0
Cc1cc(C(=O)Nc2nnc(C3CCCCC3)s2)cs1,0
CCc1ccccc1N1CCN(S(=O)(=O)c2cc(OC)ccc2OC)CC1,0
CC(=O)Nc1cccc(-c2nnc(SCc3ccccc3C#N)n2C)c1,0
Cn1c(=O)[nH]c(=O)c2c1nc(N1CCCCCC1)n2CCN1CCCCCC1,0
O=C(CSCc1ccccc1)NC1CCSC1=O,0
Cn1c(Cn2c(=O)sc3ccccc32)nnc1SCC(=O)Nc1ccccc1,0
COC(=O)c1noc(-c2ccc(OC)cc2)n1,0
CC1CCCC(N2CCN(C(=O)c3ccc(F)cc3)CC2)C1,0
CC1(C)C(=O)Nc2ccccc2N1C(=O)CN1C(=O)c2ccccc2C1=O,0
CCOC(=O)c1c(C)oc2ccc(NS(=O)(=O)c3ccc4c5c(cccc35)C(=O)N4)cc12,0
CCOC(=O)c1sc(NC(=O)CCN2CCOCC2)c(C(=O)OCC)c1C,0
COC(=O)CNc1nc(-c2ccncc2)nc2ccccc12,0
CCCn1nnc(NC(=O)c2ccco2)n1,0
COC(=O)c1sc(NC(=O)c2cc3c(s2)CCCC3)nc1C,0
CCn1nc(NC(=O)c2ccco2)c2cc3ccc(C)cc3nc21,0
O=c1c2oc3ccccc3c2ncn1Cc1ccccc1F,0
CCOC(=O)C1CCN(C(=O)CN(c2ccc(OC)cc2)S(=O)(=O)c2c(C)noc2C)CC1,0
O=C(c1ccc(COc2ccccc2Cl)o1)N1CCN(c2ccccc2)CC1,0
CC1=C(C#N)C2C(/C1=N/O)C2(C)C,0
CCn1cnc2scc(-c3ccccc3)c2c1=O,0
CCC(=O)NCCSc1c[nH]c2ccccc12,0
Cc1ccc(NC(=O)CS(=O)CC(=O)NC(C)CCc2ccco2)cc1Cl,0
N#Cc1nc(-c2ccc(OCc3ccc(Cl)cc3)cc2)oc1NCc1cccnc1,0
CN(C)CCN1C(=O)c2oc3ccccc3c(=O)c2C1c1ccc(F)cc1,0
COc1ccc(S(=O)(=O)NCc2ccc3c(c2)cc(C)n3C)cc1,0
Cc1ccn2cc(CCNC(=O)CC(C)(C)C)nc2c1,0
CCOC(=O)N1CCN(S(=O)(=O)c2cccc3cccnc23)CC1,0
CCOC(=O)c1c(C)n(C)c2ccc(OC)c(NS(=O)(=O)c3ccc(Cl)s3)c12,0
Clc1ccccc1-c1nn2c(-c3ccncc3)nnc2s1,0
COC(=O)Nc1ccc(C(=O)NCC2CCCO2)cc1,0
C/C(NC(=O)c1ccccc1)=C1/C(=O)CC2C1C2(C)C,0
CCN(CCCNC(=O)CCNC(=O)Cn1cnc2ccccc2c1=O)c1ccccc1,0
O=c1c2ccccc2nc(-c2ccccc2)n1Cc1ccco1,0
CCc1nnc(NC(=O)c2cccs2)s1,0
O=C(CC1(O)C(=O)Nc2ccccc21)c1cccnc1,0
O=C1CC(C(=O)N2CCOCC2)C2(CCCC2)O1,0
Cn1c(=O)c2c(nc(NCCNC(=O)c3ccco3)n2Cc2ccccc2Cl)n(C)c1=O,0
COc1ccc(-c2nnc3ccc(SCC(=O)N4CCN(c5ccccc5)CC4)nn23)cc1OC,0
CCOc1cc2c(cc1OCC)C(C(=O)O)C(c1cc(OC)c(OC)c(OC)c1)N(C)C2=O,0
CCCC(=O)Nc1cc(-c2nn(C)c(=O)c3ccccc23)ccc1OC,0
CCn1nnc(NC(=O)c2cccnc2)n1,0
COc1cccc2c(C)nc(Nc3nc(=O)cc(CSc4nnc(C)s4)[nH]3)nc12,0
Cc1ccc(Cc2c(C)nc3nc(SCC(=O)NCc4ccco4)nn3c2C)cc1,0
Clc1ccc(SCCn2cncn2)cc1,0
O=C(Nc1cccc2ncccc12)c1ccc2c(c1)OCCO2,0
C=CCn1c(NC(=O)c2ccccc2)c(C#N)c2nc3ccccc3nc21,0
Cc1nn2c(-c3ccc(Cl)cc3)nnc2s1,0
O=C(O)c1cn(-c2ccccc2)nc1-c1ccncc1,0
CCOC(=O)c1c(CC(C)C)csc1NC=O,0
CCN1CCN(c2ccc(NC(=O)c3cccc4ncccc34)cc2)CC1,0
COc1ccc(CC(=O)Nc2cc(C)c3c(=O)oc4ccccc4c3n2)cc1,0
COC(=O)c1cccc(NC(=O)c2cccc(OC)c2)c1,0
Cc1ccccc1CN(c1ccc(C(N)=O)cc1)S(C)(=O)=O,0
O=C(CCNC(=O)Cn1ccc2ccccc2c1=O)NCc1ccc2c(c1)OCO2,0
COc1ccc(C2(C(=O)Nc3c(C)n(C)n(-c4ccccc4)c3=O)CCCC2)cc1OC,0
CCOc1cccc(C(=O)Nc2nnc(-c3ccco3)s2)c1,0
Cc1nnc(NC(=O)C2CCCN(c3ncccn3)C2)s1,0
CCOC(=O)C1CCN(C(=O)CSCCSCC(=O)N2CCC(C(=O)OCC)CC2)CC1,0
O=c1ccnc(NCCc2ccccc2)[nH]1,0
Cc1ccc(C(=O)COC(=O)c2cnccn2)cc1,0
O=C1CC(c2ccc(Cl)cc2)CC(=O)C1=CNCCN1CCNCC1,0
Cn1c(NC(=O)c2ccco2)c(-c2ccccc2Cl)c(=O)c2ccccc21,0
O=C1c2ccccc2C(=O)N1CCCCn1c(=O)oc2ccccc21,0
COc1ccc(-c2ccc(SCC(=O)N3CCCC3)nn2)cc1OC,0
Cc1cccc(-n2ncc3c(NCc4ccco4)ncnc32)c1,0
O=C(CN1C(=O)c2ccccc2S1(=O)=O)Nc1ccc(S(=O)(=O)N2CCCCCC2)cc1,0
Cc1ccccc1NC(=O)CN1CCC(NC(=O)Nc2ccccc2)CC1,0
CCN(CC)CCNC(=O)c1ccc2c(=O)n(CCc3ccccc3)c(=O)[nH]c2c1,0
CN(c1ccccc1C(=O)NCc1ccccn1)S(C)(=O)=O,0
COc1ccc(C(=O)N(CN2CCCC2=O)c2cc(C)on2)cc1OC,0
OC(COCc1ccccc1)CN1CCN(c2ccccc2)CC1,0
Cc1ccc(C)c(N2CCN(C(=O)C3CCN(c4nc(C)cc(C)n4)CC3)CC2)c1,0
CC(=O)N(Cc1cc2ccc(C)c(C)c2n2nnnc12)C1CCCC1,0
COC(=O)c1[nH]c2ccccc2c1NC(=O)CCN1CCN(C2CCCCC2)CC1,0
CCOC(=O)C1CCN(C(=O)c2ccccc2N(C)S(C)(=O)=O)CC1,0
C/C(=N\O)C(=O)NCc1ccncc1,0
CCc1nnc(NC(=O)C2CCN(c3cnccn3)CC2)s1,0
COc1cccc(CNC(=O)C2CCN(S(=O)(=O)N3CCCC3)CC2)c1,0
COc1ccc(N2CCN(c3oc(-c4ccccc4OC)nc3C#N)CC2)cc1,0
CCN1CCN(Cc2ccc(NC(=O)Nc3ccccc3Cl)cc2)CC1,0
COc1ccc(C2C(=O)N(C3CCCCC3)CC(=O)N2CCc2ccccc2)cc1OC,0
O=C(C1CCN(S(=O)(=O)c2cccc3cccnc23)CC1)N1CCN(C2CCCC2)CC1,0
CCc1ccc(C2CC(c3cccc(OC)c3)N3NC(N)=NC3=N2)cc1,0
CC(=O)Nc1ccccc1OCC(=O)c1cc(C)n(Cc2cccs2)c1C,1
COc1ccccc1NC(=O)CS/C(=N/C(C)C)NC#N,0
O=C(NCc1ccc2c(c1)OCO2)C1CCCN1C(=O)Nc1cccc(F)c1,0
Cc1cc(C)c(Cn2c(=O)n(CCCC(=O)NCc3ccco3)c(=O)c3ccccc32)c(C)c1,0
O=C(O)c1c(-c2ccccc2)c2oc3ccccc3c2[nH]c1=O,0
CCc1ccc(-n2c(SCC(=O)Nc3cc(C)[nH]n3)nc3[nH]ncc3c2=O)cc1,0
CC(C)=CCC(C)(C)CNC(=O)NC1CCCCC1,0
CC(=O)c1cccc(NC(=O)N2CCN(S(C)(=O)=O)CC2)c1,0
COc1ccc(-c2ocnc2C(=O)Nc2ccccc2N2CCCCC2)cc1,0
CCC(=O)Nc1ccc(-c2nnc(SCC(=O)NCC3CCCO3)n2C)cc1,0
CCC1CCCCN1CCCNC(=O)CC1Oc2ccccc2NC1=O,0
CCOC(=O)CN1CC23C=CC(O2)C(C(=O)Nc2ccc(F)cc2)C3C1=O,0
O=C(CSc1nnc(-c2ccncc2)n1C1CCCCC1)Nc1cccc(O)c1,0
O=S(=O)(c1ccc(OCc2nc3ccccc3s2)c(Cl)c1)N1CCOCC1,0
CCN(CC(=O)Nc1ccccc1C(=O)OC)S(=O)(=O)c1ccc(OC)cc1,0
COc1cccc(C(=O)N(Cc2nc(-c3ccc(C)cc3)no2)C(C)C)c1,0
CS/C(=N\CCCN1CCOCC1)NS(=O)(=O)c1cccs1,0
COc1ccc(NC(=O)CSc2nccc(C)n2)cc1,0
CC(=O)Nc1c2c3c(cccc3n(C)c1=O)C(=O)c1ccccc1-2,0
O=C(Nc1ccccc1C(=O)O)c1ccc2ccccc2n1,0
O=C(CCC(=O)N1CCN(S(=O)(=O)c2ccccc2)CC1)NC1CCCc2ccccc21,0
CCOc1ccccc1C(=O)Nc1ccc2nc(N3CCN(c4ncccn4)CC3)cc(C)c2c1,0
COc1ccc(OC)c(S(=O)(=O)N2CCC(C(=O)NCCC3=CCCCC3)CC2)c1,0
Cn1c(NCc2ccccc2)nc2c1c(=O)n(Cc1ccccc1)c(=O)n2C,0
COc1ccccc1N1CCN(C(=O)c2cc(-c3ccco3)on2)CC1,0
COC(=O)C1=C(N)Oc2cc(C)n(CC3CCCO3)c(=O)c2C1c1ccccc1OC,0
CNC(=O)C1CC(=O)N(Cc2ccccc2)/C(=N/c2ccc(OC)cc2)S1,0
CCCOc1ccc(-c2nc(C#N)c(N3CCN(C)CC3)o2)cc1,0
Cc1ccc(NC(=O)C2CCN(S(=O)(=O)c3cccc4cccnc34)CC2)nc1,0
Cc1cccc2cc(CN(Cc3ccco3)S(=O)(=O)c3ccc4c(c3)OCCO4)c(=O)[nH]c12,0
COc1ccc(OC)c(S(=O)(=O)Nc2ccc(O)c(Sc3ncn[nH]3)c2)c1,0
Cc1cc2oc(=O)cc(CN3CCC(C)CC3)c2c(C)c1Cl,0
O=C(CCCSc1nc2ccccc2s1)Nc1nccs1,0
Cc1ccccc1NC(=O)c1cccc2nccnc12,0
CCc1ccc2oc(-c3cccc(NC(=O)c4cccnc4)c3)nc2c1,0
COc1cccc(OC)c1NC(=O)C1CCCN1C(=O)NCc1ccccc1,0
Cc1ccc(NC(=O)Cn2c(=O)n(Cc3ccco3)c(=N)c3c4c(sc32)COC(C)(C)C4)cc1,0
C=CCc1cccc2cc(C(=O)N(C)C)c(=O)oc12,0
Cn1c(=O)c2c(ncn2CC(=O)OCc2ccccc2)n(C)c1=O,0
CCSc1ncnc2c(C#N)c3n(c12)CCCCC3,0
COc1ccc(S(=O)(=O)N2CCN(C)CC2)c2ccccc12,0
CCSc1nc(=O)c2c([nH]1)NC(C)=C(C(=O)OC)C2c1ccncc1,0
Cc1nc2ccc(S(=O)(=O)N(C)CC(=O)NCc3ccc4c(c3)OCO4)cc2s1,0
O=C(NCc1ccco1)C(C(=O)c1ccc(F)cc1)n1ccccc1=O,0
CCOC(=O)C1=C(C)N=c2s/c(=C\c3cccn3C)c(=O)n2C1c1cccc(OC)c1OC,0
O=C(CSc1nnc(-c2ccncc2)n1-c1ccc(Cl)cc1)N1CCOCC1,0
CCN1CCN(Cc2ccccc2NC(=O)Nc2ccc(C)cc2)CC1,0
Cc1nnc(SCC(=O)NCc2ccccc2)s1,0
Cc1cccc(C)c1N(CC(=O)Nc1cccc(N(C)S(C)(=O)=O)c1)S(C)(=O)=O,0
O=C(NCC1CCCO1)c1nnc(Cc2ccc(F)cc2)o1,0
Cc1cc(=O)n2[nH]cnc2n1,0
CNc1nc(-c2ccc(Cl)cc2)cs1,0
O=C(CN(CCc1ccccc1)C(=O)CNS(=O)(=O)c1ccccc1)NCC1CCCO1,0
Cc1cc(S(=O)(=O)NCc2ccco2)c(C)s1,0
COc1cccc(C2C(C#N)=C(N)Oc3cc(C)n(Cc4ccco4)c(=O)c32)c1,0
Cc1[nH]n(C(N)=S)c(=O)c1C(c1ccccc1)C(C#N)C#N,0
COc1ccc(NC(=O)CSc2nnc(-c3cccs3)n2C)cc1OC,0
CCNC(=O)c1cc2c(=O)n3cccc(C)c3nc2n(Cc2ccc(C)cc2)c1=N,0
C(=C/c1ccccc1)\CSc1nnc(-c2ccccn2)n1Cc1ccco1,0
Cc1cc(C(=O)CSc2nnc(-c3ccncc3)n2-c2ccccc2)c(C)n1C,0
CCC(C)(C)n1nnnc1CN(Cc1cc2cc(OC)c(OC)cc2[nH]c1=O)C1CCCC1,0
O=C(CS(=O)(=O)Cc1ccccc1)Nc1nc2c(s1)CCCC2,0
COc1cccc(C2C(C(=O)c3sc(C)nc3C)=C(O)C(=O)N2CCN2CCOCC2)c1,0
Cc1c(NC(=O)C2CCCN2C(=O)c2cccs2)c(=O)n(-c2ccccc2)n1C,0
Cc1ccc2nc(-c3cccc(-c4nc5ccc(C)cc5o4)n3)oc2c1,0
COc1cccc(-c2nc(CS(=O)(=O)CC(=O)NCc3ccccc3)c(C)o2)c1,0
CC(=O)N1CCCc2cc(S(=O)(=O)N3CCN(c4ccccn4)CC3)ccc21,0
COc1ccccc1NC(=O)C1=C(C)NC2=C(C(=O)CCC2)C1c1ccc2c(c1)OCO2,0
CCOC(=O)Cn1nnc(-c2ccc(SC)cc2)n1,0
COCCN1Cc2cccc(C(=O)Nc3cc(C)cc(C)c3)c2C1=O,0
COc1ccc(CN(CCCN2CCOCC2)S(=O)(=O)N(C)C)cc1OC,0
Cc1ccc(CNC(=O)C2CCN(S(=O)(=O)N3CCOCC3)CC2)cc1,0
CS(=O)(=O)N1Cc2ccccc2CC1C(=O)Nc1ccccc1C(N)=O,0
CCCN1CCN(CCCNC(=O)C2CCN(c3nnc(-n4cccc4)s3)CC2)CC1,0
Cc1ccc(OCCCC(=O)Nc2ccc(S(=O)(=O)Nc3cc(C)on3)cc2)cc1,0
COc1ccc(-c2cc(CCCC(=O)N3CCN(C(=O)c4ccco4)CC3)no2)cc1,0
O=C(O)CC1S/C(=N\c2ccccc2)N(c2ccccc2)C1=O,0
O=C(Nc1ccccc1C(=O)N1CCOCC1)C1CCC(=O)N1C1CCCC1,0
COc1cccc(NC(=O)NCCCN2CCN(c3ccc(F)cc3)CC2)c1,0
Cn1c(NC(=O)c2cccc(Cn3cc(Cl)cn3)c2)nc2ccccc21,0
Cc1cc(C)nc(NC2=NCC(=O)N2c2ccc3c(c2)OCCO3)n1,0
CCOc1cccc(C(=O)Nc2cccnc2)c1,0
Cc1cc(C(=O)OCC(=O)N2CCN(C(=O)c3ccco3)CC2)c(C)n1-c1ccc(F)cc1,0
O=C(C1CCC(=O)N1Cc1cccnc1)N1CCN(c2ccc(F)cc2)CC1,0
COC(=O)c1ccc(Oc2nc(Nc3ccccc3)nc(N(C)C)n2)cc1,0
CN1C(=S)SC(C)(C)C1NO,0
O=C1CC(c2ccncc2)c2cc3c(cc2N1)OCO3,0
CCOc1cc(C(=O)OCC(=O)NCc2ccco2)cc(OCC)c1OCC,0
COc1ccc(C)cc1NC(=O)CN1CCN(S(=O)(=O)c2ccc(C(C)C)cc2)CC1,0
O=C(c1ccccc1)c1cccn1CC(=O)N1CCN(c2ccccc2)CC1,0
Cc1cc(OCC(=O)N2CCCC2)cc(C)c1Cl,0
Cc1nnc(SCC(=O)Nc2ccc(Oc3ccccc3)cc2)n1N,0
COC(=O)c1cccc(Nc2nc3ccccc3nc2C)c1,0
Cc1onc(-c2ccccc2Cl)c1C(=O)Nc1nn[nH]n1,0
Nc1nonc1-n1nncc1-c1ccccc1,0
COc1ccc(N2CCN(C(CNC(=O)C3CCCCC3)c3cccnc3)CC2)cc1,0
COc1ccc2nc(Nc3ccc4c(c3)OCO4)sc2c1,0
CC1CCC/C(=C\Nc2ccc3c(c2)OCO3)C1=O,0
CC12CC(NC(=O)N1c1cccc(C(=O)N3CCN(c4ccccc4)CC3)c1)c1ccccc1O2,0
CCCOc1ccc(N2C(=O)CC(NCCNc3ccc(S(=O)(=O)CC)cc3)C2=O)cc1,0
CC1CCC/C(=C\Nc2ccccc2C(=O)O)C1=O,0
Cc1cc(C)c2c(n1)nn1c(N3CCN(c4ccccc4)CC3)cc(C)nc21,0
c1cn2c(NC3CCCC3)c(-c3ccc(N4CCOCC4)cc3)nc2cn1,0
CCS(=O)(=O)NCCc1csc(-c2ccccc2)n1,0
CN1CCc2c(sc(/N=C/c3cccs3)c2C(N)=O)C1,0
CCOCCCNC(=O)C1CCN(C(=O)Nc2ccc(Cl)cc2)CC1,0
CNC(=O)n1ccc(C(=O)N2CCCCC2)n1,0
N#Cc1cnc(Nc2nc3ccccc3o2)nc1-c1ccccc1,0
CC(=O)NCCCc1c[nH]c2ccc(Cl)cc12,0
COc1ccccc1OCCC(=O)OCC(=O)NC(=O)NC(C)(C)C,0
O=C(CSc1nnc(-c2ccco2)o1)N1c2ccccc2CCc2ccccc21,0
O=C(Nc1ccc2c(c1)OCCO2)C1CCN(C(=O)c2ccc(F)cc2)CC1,0
Cc1ccc(-c2ccc(SCC(=O)Nc3nonc3C)nn2)cc1,0
O=C(CCS(=O)(=O)c1ccc(Cl)cc1)N1CCN(c2ccccc2F)CC1,0
CCN(CC)c1ccc2cc(C(=O)O)c(=O)oc2c1,0
CCSc1nnc(-c2ccc(S(=O)(=O)N3CCOCC3)cc2)n1CC1CCCO1,0
COc1ccc(-n2c(=O)[nH]cc(C(=O)Nc3ccc(NC(C)=O)cc3)c2=O)cc1,0
COCC(=O)N(C)c1nnc(-c2cnc(C)cn2)s1,0
CC1CCC(NC(=O)c2cc3c(=O)n(C)c4ccccc4c3n2C)CC1,0
Cc1noc(C)c1COC(=O)CCc1nc(=O)c2ccccc2[nH]1,0
O=C(N1CCOCC1)n1nnc2ccccc21,0
CCc1nc2ccccc2n1Cc1ccccc1OC,0
CCNc1nc(Oc2ccc(C(=O)OC)cc2)nc(N(C)C)n1,0
Cc1nc(C)n(CC(O)COc2ccc3c(c2)CCC3)n1,0
CCOc1ccc(C(=O)NCC(C)CN(C)C)cc1OCC,0
Cn1nc(C(=O)Nc2c(-c3ccccc3)nc3sccn23)c2ccccc2c1=O,0
COc1cccc(NS(=O)(=O)c2cn(C)c(=O)n(C)c2=O)c1,0
COc1cccc(-c2cc(C(=O)N3CCCc4ccccc43)no2)c1,0
COc1ccc(C(C)=O)cc1COC(=O)c1cccc(N(C)C)c1,0
COc1ccc(S(=O)(=O)N(CC(=O)N2CCOCC2)c2cc(Cl)ccc2OC)cc1OC,0
CCOC(=O)c1c(-c2cccs2)csc1NC(=O)CN1CCOCC1,0
O=c1cc(CSc2ccc(Cl)cc2)[nH]c(N2CCOCC2)n1,0
CCn1/c(=N/C(=O)CN2C(=O)CCC2=O)sc2c(C)cc(C)cc21,0
O=C(c1ccco1)N1CCN(S(=O)(=O)c2ccc(S(=O)(=O)NC3CCCC3)cc2)CC1,0
O=S(=O)(Nc1ccc(N2CCOCC2)cc1)c1cccs1,0
O=C1CC(Cc2ccccc2)C(=O)N1CCc1ccc2c(c1)OCO2,0
COc1cccc(S(=O)(=O)Nc2ccc(C(=O)N3CCOCC3)cc2)c1,0
COC(=O)c1ccc(CSc2ncnc3c2oc2ccccc23)o1,0
COC(=O)c1cccc(NC(=O)C2COc3ccccc3O2)c1C,0
COc1ccc(F)cc1CN1CCN(c2cc(C)nc3c4c(C)cc(C)nc4nn23)CC1,0
O=C(CSc1nnc(C2CC2)n1Cc1ccccc1)c1cc2ccccc2o1,0
O=C(c1ccc2c(c1)C(=O)N(c1ccc(Cl)cc1)C2=O)N1CCN(c2ccccn2)CC1,0
COc1cccc(-n2nnnc2SCC(=O)NCCc2ccccc2)c1,0
N#Cc1c(-c2ccccc2)[nH]c(SCc2nc(N)nc(N3CCCCC3)n2)nc1=O,0
CN(CCCC(=O)Nc1nccs1)S(=O)(=O)c1ccc(Cl)cc1,0
O=C(CSc1nnc(CNC(=O)c2cccs2)o1)NCc1ccc(F)cc1,0
C=CCc1cc(C(=O)N2CCCCC2)ccc1O,0
Cn1ncc2c1ncn1nc(COc3ccc4ccccc4c3)nc21,0
O=C(CSCc1cnn(-c2ccccc2)c1-n1cccc1)NCC1CCCO1,0
COc1ccc(Cl)cc1S(=O)(=O)N1CCN(C)CC1,0
N#C/C(=C\c1ccc[nH]1)S(=O)(=O)c1ccccc1,0
CS/C(=N\C1CCCCC1)NS(=O)(=O)c1ccccc1,0
c1ccc(Cn2nnc3cnccc32)cc1,0
O=C(CCC(=O)Nc1nnc(C2CCCCC2)s1)NCc1cccs1,0
O=C(NCc1ccco1)C(c1ccc(F)cc1)N(Cc1cccnc1)C(=O)Cn1nnc2ccccc21,0
CCS(=O)(=O)c1ccc2oc(SCC(=O)c3ccco3)nc2c1,0
CN1CCN(c2ccc(Cl)cc2NS(=O)(=O)c2ccccc2Cl)CC1,0
COc1ccc(S(=O)(=O)N(C)CC(=O)NCc2cccnc2)cc1C,0
CCOC(=O)CNC(=O)c1cn(CC(C)C)c(=O)c2cc(OC)c(OC)cc12,0
Cn1c(=O)c(C#N)c(-c2ccccc2)n2cnnc12,0
O=C(Cn1cnc2c(cnn2-c2ccc(Cl)cc2)c1=O)NCC1CCCO1,0
CCOc1ccc(S(=O)(=O)Nc2ccccc2C(=O)Nc2ccccc2N2CCOCC2)cc1,0
O=C(OCC#CCSc1nnc(-c2ccccc2)o1)c1cccs1,0
COc1ccc(NS(=O)(=O)c2ccc(SC)cc2)cc1,0
Cc1ccc2[nH]c(=O)c(CN(CCCN3CCOCC3)C(=O)NC3CCCCC3)cc2c1,0
Cc1ccc(C)c(Cn2[nH]nc3c(=O)nc(C4CCN(C(=O)c5cccs5)CC4)nc2-3)c1,0
CN(C)S(=O)(=O)c1ccc(C(=O)NCCOc2ccccc2)cc1,0
COc1ccccc1NC(=O)CN1CCN(Cc2ccccc2)CC1,0
COC(=O)c1ccccc1NC(=O)CN1CCN(C23CC4CC(CC(C4)C2)C3)CC1,0
CS(=O)(=O)N1CCN(c2ccccc2NC(=O)c2cccs2)CC1,0
Cc1cc(C)nc(NS(=O)(=O)c2ccc(NC(=O)NC3CCCCC3)cc2)n1,0
O=C(CN1C(=O)c2cccc3cccc1c23)NCc1cccnc1,0
COc1ccc2c(c1)CCc1c(C(=O)NCCc3ccc(OC)c(OC)c3)noc1-2,0
CC(=O)N(c1ccc(C)cc1)C1C=CS(=O)(=O)C1,0
Cc1ccc(-c2noc(CN(C(=O)C34CC5CC(CC(C5)C3)C4)C(C)C)n2)cc1,0
COc1ccc(-c2nc(CS(=O)CC(=O)NCc3cccnc3)c(C)o2)cc1,0
COC(=O)C1CCN(c2cc(=O)n(C3CCCCC3)c(=O)[nH]2)CC1,0
Cc1cc(C(=O)COC(=O)CN(C)S(=O)(=O)c2ccc(Cl)cc2)c(C)n1Cc1cccs1,0
Cc1cccc2cc(CN(CCN3CCOCC3)C(=O)Nc3ccccc3F)c(=O)[nH]c12,0
CCOc1ccc2nc(COC(=O)c3ccco3)c(C(C)=O)[n+]([O-])c2c1,0
O=S1(=O)C=C(SCCN2CCCCC2)c2ccccc21,0
C=CCCC(=O)Nc1ccc(COC(=O)N2CCOCC2)cc1,0
COC(=O)CSc1nnc(C(Cc2ccccc2)NC(=O)OC(C)(C)C)o1,0
Cc1ccc(S(=O)(=O)N2CCN(C(=O)CN3CCN(C)CC3)C2)cc1,0
COc1ccccc1S(=O)Cc1ccc(C(=O)NCCc2ccc(Cl)cc2)o1,0
CCC(=O)Nc1cc2c(cc1C(=O)CC)OCCO2,0
CCNc1cc2n(c(=O)n1)CCc1cc(OC)c(OC)cc1-2,0
CCOC(=O)C1=C(c2ccccc2)NC(SCC(=O)Nc2cccc(C)c2)=C(C#N)C1c1ccco1,0
COc1ccc(-c2cc(=O)n(-c3nc4ccccc4[nH]3)[nH]2)cc1,0
C=CCN1C(SCc2cccc(C#N)c2)=NN/C1=C1/C=CC=CC1=O,0
Cc1ccc(N2CC(C(=O)N3CCc4ccccc43)CC2=O)cc1,0
Cc1nc2cc(-c3ccc(Cl)cc3)nn2c(C)c1CCC(=O)N1CCC2(CC1)OCCO2,0
CCCCOC(=O)CSc1nc(N)c(C#N)c(-c2ccc(OC)cc2)c1C#N,0
CC(=O)Nc1ccc(S(=O)(=O)NCC2CCC(C(=O)NCCC(C)C)CC2)cc1,0
O=C(NC(Cc1ccccc1)C(=O)N1CCN(c2ccccn2)CC1)c1ccco1,0
Cc1cccc(C)c1NC(=O)C(c1ccccc1)N1CCN(C(=O)c2ccco2)CC1,0
Cc1ccc(-n2nnnc2SCC(=O)N2CCc3ccccc3C2)cc1,0
O=C(NCc1ccccc1)C1=NNN/C1=C1/C=CC=CC1=O,0
COc1nc(Nc2cccc(C)c2)nc(N2CCCCC2)n1,0
CCCC(=O)Nc1cc(Cl)ccc1N1CCN(C(=O)CC)CC1,0
O=S(=O)(NC1CC1)c1ccc(S(=O)(=O)N2CCc3ccccc32)cc1,0
Cc1ccc(-c2nc3ncccn3c2NC(=O)C2CC2)cc1,0
CCOC(=O)/C=C1\SCC(=O)N1CC(=O)Nc1ccc2c(c1)CCC2,0
CCOCCCNC(=O)Cc1c(C(=O)O)[nH]c2ccc(Cl)cc12,0
Cc1cc(C(=O)NC(C)c2ccc3c(c2)OCO3)cs1,0
O=C(NCc1ccco1)C12CC3CC(C1)CC(C(=O)NCc1ccco1)(C3)C2,0
Cc1cc(Oc2ccc(-c3ccccc3)cc2)nc(N2CCOCC2)n1,0
Cc1ccc2[nH]c(=O)c(-c3nc4cc(C)ccn4c3NCc3ccco3)cc2c1,0
CN(C)C(=O)c1ccc(NC(=O)c2cccnc2)cc1,0
O=S1(=O)CC=C(CSc2nc3ccccc3[nH]2)C1,0
O=C(Cn1cnc2c(nnn2Cc2ccccc2)c1=O)NCC1CCCO1,0
CN(CCNC(=O)Cn1c(=O)sc2ccccc21)Cc1ccccc1,0
COc1ccccc1N1CCN(C(=O)c2cc(-c3cccc(Cl)c3)on2)CC1,0
N#Cc1cc2ccc(N3CCOCC3)cc2cc1C#N,0
COc1ccc(C(=O)NCc2ccccc2OC)c(OC)c1,0
COC(=O)c1ccc(OCc2nc(N)nc(N3CCOCC3)n2)cc1,0
CCOC(=O)c1sc(-n2[nH]c(C)cc2=O)nc1C,0
CN(CC(=O)NCCC1=CCCCC1)S(=O)(=O)c1ccc2c(c1)c(=O)n(C)c(=O)n2C,0
CSc1ccccc1NC(=O)c1noc2c1CCC2,0
O=C(CN1C(=O)c2ccccc2C1=O)NCC1COc2ccccc2O1,0
Cc1[nH]n(-c2ccccc2)c2nc(=O)c(CNCC3CCCO3)cc1-2,0
C=CCn1c(SCC(=O)N2CCN(C(=O)c3ccco3)CC2)nc2sc(CC)cc2c1=O,0
COCCNC(=O)C(c1ccncc1)N(C(=O)Cn1nnc2ccccc21)c1ccc(OC)cc1,0
COCCOC(=O)c1[nH]c2c(c1C)C(=O)CC(c1ccc(N(C)C)cc1)C2,0
COc1cc2c(cc1OC)CN(C(=O)Cc1ccc(OC)c(S(=O)(=O)N3CCOCC3)c1)CC2,0
CCCCNC(=O)CCCn1c(=S)[nH]c2cc3c(cc2c1=O)OCO3,0
COc1cccc(N2CCN(CC(=O)Nc3nnc(-c4ccccc4)s3)CC2)c1,0
CCOC(=O)Cn1c(=O)oc2cc(S(=O)(=O)Nc3cccc(C)c3)ccc21,0
CCC(C)(C)n1nnnc1C(c1ccc(OC)c(OC)c1)N1CCN(c2ccccc2)CC1,0
O=C(CN1CCC(NC(=O)c2ccccc2)CC1)NCc1ccccc1F,0
O=c1[nH]c(=S)c2c(n1-c1ccccc1)CCC2,0
Fc1ccccc1N1CCN(c2ncnc3[nH]ncc23)CC1,0
COc1cc2cc(CN(Cc3nnnn3Cc3ccccc3)CC3CCCO3)c(=O)[nH]c2cc1OC,0
COc1ccc(S(=O)(=O)NCC(c2cccnc2)N2CCN(c3ccc(F)cc3)CC2)cc1C,0
COc1ccc(-c2noc(CN(C(=O)C(C)(C)C)C(C)C)n2)cc1,0
CC1CCCC(C)N1C(=O)CN1C(=O)C(C)(C)Oc2ccc(C(=O)NC3CCCCC3)cc21,0
CC/N=C1/SC(CC(=O)Nc2ccc(N3CCOCC3)cc2)C(=O)N1CC,0
CCn1nc(NC(=O)c2ccncc2)c2cc3ccc(C)cc3nc21,0
CC(=O)c1ccc(NC(=O)NC(CC(C)C)C(=O)O)cc1,0
CCOc1ccc(OCC)c(NC(=O)CSc2nc3ccccc3c(=O)n2C)c1,0
O=C(Nc1ccc2c(c1)OCO2)c1cnn2cccnc12,0
COc1cccc(-c2nnc(SCC(=O)N(C(C)C)C(C)C)o2)c1,0
COC(=O)C1=C2SC(C)C(=O)N2C(N)=C(C#N)C1c1ccc(OC)c(OC)c1,0
O=C(CN1C(=O)COc2ccccc21)NCCN1CCN(Cc2ccccc2)CC1,0
CCOC(=O)N1CCN(C(=O)CN(c2ccc(C)cc2)S(=O)(=O)c2c(C)noc2C)CC1,0
COc1ccc(C(=O)Nc2cccc(-c3nc4ncccc4o3)c2C)cc1OC,0
CC1CN(c2oc(-c3ccco3)nc2S(=O)(=O)c2ccccc2)CC(C)O1,0
O=C(Nc1nnc(-c2cccs2)o1)c1cccc(Oc2ccccc2)c1,0
CCN(Cc1ccccc1)C(c1ccncc1)c1nnnn1C(C)(C)C,0
Cc1cccc2sc(NC(=O)CCNS(=O)(=O)c3cccc4nonc34)nc12,0
Cc1cc(C)c2cc(CN(CCO)C(=O)Nc3ccc(F)cc3)c(=O)[nH]c2c1,0
O=C(C1CCN(c2nnc(-n3cccc3)s2)CC1)N1CCOCC1,0
CCOC(=O)CSc1nnc(C)n1N,0
Cc1ccc(N2CC(C(=O)NC3=NCCS3)CC2=O)cc1C,0
CCCc1nc(SCc2ccccn2)c2c(=O)n(C)c(=O)n(C)c2n1,0
O=C(CSc1nnc(CNc2ccc(F)cc2)o1)N1CCCc2ccccc21,0
Cc1oc(-c2ccccc2F)nc1CS(=O)(=O)CC(=O)NCCCN(C)C1CCCCC1,0
Cc1ccc(Cn2nnc(C(=O)Nc3cc(C)ccc3C)c2N)cc1,0
O=C(NCSC1=NCCS1)c1ccccc1,0
CCn1c(CNC(=O)Cc2ccc(OC)cc2)nnc1SCC(=O)Nc1nccs1,0
COc1ccccc1Cn1c(=O)c2ccccc2n2c(SCc3csc(C)n3)nnc12,0
CC(C)C(NS(=O)(=O)c1cccc2nsnc12)C(=O)N1CCc2ccccc2C1,0
O=C(C(Cc1ccccc1)N1C(=O)C2C3C=CC(C3)C2C1=O)N1CCCCC1,0
CN1CCN(S(=O)(=O)c2ccc(=O)[nH]c2)CC1,0
CCOc1ccc(CNC23CN4CN(CN(C4)C2)C3)cc1,0
Cc1cc(C)cc(NC(=O)C2CCN(c3nccs3)CC2)c1,0
CCOc1ccc(-n2c(C)nc3cc(C(=O)NCCCN4CCOCC4)ccc32)cc1,0
COCCNC(=O)CCSCc1ccccc1F,0
O=C1c2ccccc2C(=O)N1c1nc2nccc(-c3ccccc3)n2n1,0
Cc1nc2c3ccccc3n(CC#N)c(=O)n2n1,0
Cc1ccc2[nH]c3c(NCc4ccco4)ncnc3c2c1,0
O=C(Nc1nnc(C2CCCO2)s1)c1cccs1,0
CC(=O)c1cn(CC(=O)NCC2CCCO2)c2ccccc12,0
CC(C)(C)n1ncc2c(=O)n(CC(=O)NCc3ccccc3)cnc21,0
Cc1c(/C(O)=C2\C(=O)C(=O)N(CCN(C)C)C2c2cccs2)cnn1-c1ccccc1,0
COC(=O)c1ccc(N/C(C)=C/C(=O)c2ccc(C)o2)cc1,0
COc1ccccc1-n1c(CNC(=O)c2ccco2)nnc1SCC(=O)Nc1nccs1,0
c1ccc2c(-c3nc(-c4ccncc4)no3)cccc2c1,0
CCOC(=O)c1c(C)n(C)c2ccc(OCC(O)Cn3c(C)nc4ccccc43)cc12,0
CC1CCN(c2c(NCc3ccc(C(=O)NCC4COc5ccccc5O4)cc3)c(=O)c2=O)CC1,0
COc1ccc(C(C(=O)NC(C)(C)C)N(Cc2ccco2)C(=O)CCC(=O)Nc2cc(C)on2)cc1,0
COc1cccc2cc(C(=O)NC(C)C3CCCO3)c(=O)oc12,0
CCOc1ccc(-c2nnn(CC(=O)NCc3ccco3)n2)cc1,0
N#CCCN1CCN(C(=S)c2ccc(-c3cccc(Cl)c3)o2)CC1,0
O=c1[nH]c(CSc2nnc(-c3ccco3)n2-c2ccccc2)nc2sc3c(c12)CCC3,0
CCN1C(=S)SC(=O)C1=C1C=C(C)N(CCOC)C(C)=C1,0
Cc1sc2nc(NCCO)[nH]c(=O)c2c1C,0
CCOc1ccc(N(CC(=O)Nc2ccc(OC)cc2)S(C)(=O)=O)cc1,0
C=CCNc1ncnc2ccccc12,0
CCOC(=O)N1CCN(c2cc(NCCC(=O)O)c3c4c(onc24)-c2ccccc2C3=O)CC1,0
COC(=O)c1ccccc1NC(=O)CN(CCc1ccccc1)S(C)(=O)=O,0
CC(C)CCNc1ncnc2c1nnn2Cc1ccccc1Cl,0
CCOc1cc(NC(=O)c2ccco2)c(OCC)cc1NC(=O)Cc1ccc(OC)c(OC)c1,0
Cc1cccc(NC(=O)CCCCCN2C(=O)c3ccccc3C2=O)n1,0
COc1ccccc1C1/C(=C(/O)c2ccc(C)cc2)C(=O)C(=O)N1CC(C)O,0
CCC1(CC)Nc2ccccc2C(=O)N1c1ccc(NC(C)=O)cc1,0
Cc1ccccc1-n1nnnc1SCC(=O)Nc1ccc(S(=O)(=O)N2CCCC2)cc1,0
COc1cc(OC)cc(C(=O)NC2CCSC2=O)c1,0
CCN1C(SC)=NN/C1=C1\C=Nc2ccccc21,0
Cc1cc(N2CCN(C(=O)c3ccco3)CC2)n2nc(-c3cccc(Cl)c3)cc2n1,0
COC(=O)c1sc(NC(=O)c2ccc(Cn3cc(Cl)cn3)o2)c(C#N)c1C,0
CC1(C(=O)O)CCC(C(=O)N2CCOCC2)C1(C)C,0
COc1ccc(CCNC(=O)COc2ccc(S(=O)(=O)N3CCOCC3)cc2)cc1OC,0
CC1(C)NC(C)(C)C(N=O)=C2NON=C21,0
O=C(CSc1ncnc2c1oc1ccccc12)NCc1ccc(F)cc1,0
N#CC1C(=O)NC(N2CCN(c3ccccc3)CC2)=NC12CCCCC2,0
CCN(Cc1ccccc1)C(=O)CCc1nc(-c2ccc(C)cc2)no1,0
CCOc1ccc(NC(=O)c2ccco2)cc1,0
CCOC(=O)c1cc2c(=O)n3cccc(C)c3nc2n(Cc2cccnc2)c1=N,0
O=C(O)c1ccc(S(=O)(=O)c2ccccc2)cc1,0
COc1ccc2[nH]c3c(=O)n(CCCCC(=O)N4CCCC4)c(=S)[nH]c3c2c1,0
CCC(OC(=O)CCc1nc2ccccc2[nH]c1=O)C(=O)c1ccccc1,0
COC(=O)C(C#N)c1nc2ccccc2nc1N1CCCC1,0
COc1ccc(OC)c(N(CC(=O)O)S(=O)(=O)c2ccc(OC)c(OC)c2)c1,0
COC(=O)COc1ccc(S(=O)(=O)Nc2ccccc2SC)cc1,0
O=C(CN1CCc2ccccc2C1)N1CCN(S(=O)(=O)c2ccccc2)CC1,0
O=C(NC1CCCCC1)N1CCCCCCC1,0
COCCNC(=O)c1cc2sc3ccccc3c2s1,0
O=C(NCC(c1cccnc1)N1CCN(c2ccccc2F)CC1)Oc1ccccc1,0
Clc1cccc(-c2nnc3sc(-c4ccc5c(c4)OCO5)nn23)c1,0
Cn1nnnc1SCC(=O)N(C1CCCCC1)C1CCCCC1,0
O=C(NC1CCCCC1)N1CCC(n2c(=O)[nH]c3ccccc32)CC1,0
O=C(CCn1nc(-c2ccc(Cl)cc2)ccc1=O)NCc1ccccn1,0
CCn1cc(C2=NOC(C(=O)Nc3cc(OC)c(Cl)cc3OC)C2)c(C)n1,0
CC(C)C(=O)Nc1ccccc1N1CCN(C(=O)c2ccccc2)CC1,0
CCc1c(C)n([O-])c2c([n+]1=O)CCCCC2,0
COc1ccc(OC)c(S(=O)(=O)n2cnc3cc(C)c(C)cc32)c1,0
CC1(C)C(c2cccs2)=[N+]([O-])C2(CCCCC/C2=N\O)N1O,0
COc1cccc(C(C#N)N2CCCCC2)c1O,0
CCN(CCNC(=O)C1CCN(S(=O)(=O)CC)CC1)c1ccccc1,0
COc1ccccc1NC(=O)Cc1cccs1,0
CCOC(=O)c1sc(=S)n(-c2cc(OC)ccc2OC)c1N,0
COc1cccc2sc(Nc3nc(C)c(C(C)=O)s3)nc12,0
Cc1ccccc1NC(=O)CC1SC(NC2CCCCC2)=NC1=O,0
Cc1ccc(NC(=O)CSC2=C(C#N)C(c3ccco3)C3=C(CCCC3=O)N2)cc1,0
CCc1c(O)nc(SCC(=O)NCc2ccco2)[nH]c1=O,0
CCC(CO)N/C=C1\C(=O)CCC(C(=O)c2ccccc2)C1=O,0
O=C(COc1ccc(Cl)cc1)Nc1ccccc1N1CCOCC1,0
COc1ccc2cc(CCNC(=O)C3CCCC3)c(=O)[nH]c2c1,0
Cc1c(C(=O)Nc2ccc3c(c2)OCCO3)sc2nc(-c3ccccc3)cn12,0
OC(COc1ccc2ccccc2c1Cl)CN1CCOCC1,0
O=C(c1cc(-c2ccc(F)cc2)on1)N1CCCC1,0
COC(=O)CSc1nnc(CNC(=O)c2cccs2)n1-c1cccc(C)c1,0
Cc1ccc(Cn2c(N3CCCCCC3)nc3c2c(=O)[nH]c(=O)n3C)cc1,0
CCn1c(SCC(=O)O)nnc1-c1cc2c(C)nn(-c3ccccc3)c2s1,0
CC1CCCN(C(=O)COC(=O)c2n[nH]c3ccccc23)C1,0
Cc1c(-c2cccs2)[n+](=O)c2c(n1[O-])CCCC2,0
CCOc1ccc(N2C(=O)CCC2=O)cc1,0
O=C(Nc1cccc(Cl)c1N1CCCC1)c1cc2ccccc2o1,0
Cn1cccc1C(=O)NC(=O)COC(=O)c1ccccc1Sc1ccccc1C#N,0
Cc1cc(C)c2cc(C(O)c3nnnn3Cc3ccccc3)c(=O)[nH]c2c1,0
Cc1nn(Cc2c(Cl)cccc2Cl)c(C)c1NC(=O)c1cc(C(C)C)on1,0
CSCCC(NC(=O)C1CCC(C)CC1)C(=O)N1CCN(c2ccccn2)CC1,0
O=C(O)C1CC=CCC1C(=O)NCc1ccccc1,0
CC(C)(C)OC(=O)N1CCN(c2ccc(NC(=O)c3cc4ccccc4oc3=O)cc2)CC1,0
O=C(CCOc1ccccc1)NCC(c1ccco1)N1CCCCC1,0
CC(C)C(=O)Nc1cccc2nsnc12,0
Cn1c(SCC(=O)NCCc2ccccc2)nnc1-c1ccncc1,0
O=C1C=CC=C/C1=C1/NNC=C1C(=O)c1ccc(F)cc1,0
Cc1nn(-c2ccccc2C(=O)O)c(=O)c2ccccc12,0
CCN1CCN(c2nc3ccccc3nc2C(C#N)C(=O)OC2CCCCC2)CC1,0
O=C(Cn1cnc2c(cnn2-c2ccccc2)c1=O)c1ccc(Cl)cc1,0
CCOCCOCN(C#N)c1nc(OC)nc(N(C)C)n1,0
O=C(CCn1c(=O)oc2ccccc21)N1CCN(c2ccccc2Cl)CC1,0
COC(=O)c1ccc(C(=O)OC)c(NC2=NS(=O)(=O)c3ccccc32)c1,0
Cc1c(C(=O)N2CCOCC2)[nH]c2c1C(=O)CC(c1ccccc1Cl)C2,0
COc1cccc(CN(Cc2cccnc2)S(=O)(=O)c2ccc(-n3cnnn3)c(C)c2)c1OC,0
CCN1CCN(Cc2nc3c(c(=O)n(C)c(=O)n3C)n2Cc2ccccc2Cl)CC1,0
CCSC1(SCC)N=C(N)C2(C#N)C(c3ccc(OC)c(OC)c3OC)C12C#N,0
O=c1c(-c2ccc3c(c2)OCCO3)coc2c(CN3CCOCC3)c(O)ccc12,0
O=C(Nc1ccccc1Cl)c1ccc(S(=O)(=O)N2CCOCC2)cc1,0
CC(C)CCn1c(SCC(=O)OCn2nnc3ccccc3c2=O)nc2ccccc2c1=O,0
COc1cc(NS(=O)(=O)c2ccc(F)cc2)c(OC)cc1NC(=O)C1CC1,0
COc1ccc2c(c1OC)C(=O)N(c1ncn[nH]1)C2,0
CC(C)C(=O)Nc1ccc(N2CCN(C(=O)c3cccs3)CC2)cc1,0
CCCC(=O)N1CCc2cc(-c3nc(N)sc3C)ccc21,0
Cc1cc2oc(=O)cc(CN3CCN(Cc4ccc5c(c4)OCO5)CC3)c2cc1C,0
CC(=O)Nc1ccc(S(=O)(=O)Nc2ccc(NC(=O)c3ccco3)cc2)cc1,0
CCCCc1n[nH]c2c1C(=O)CC(C)(C)C2,0
Cc1nc(-c2cccc(S(=O)(=O)N3CCOCC3)c2)cs1,0
CN1CCN(c2nc(-c3ccncc3)nc3ccccc23)CC1,0
O=C1CN(C(=O)c2ccccn2)c2ccccc2N1,0
C(=N/n1cncn1)\c1ccc(N2CCOCC2)cc1,0
Cc1ccsc1C(C(=O)NC1CCCCC1)N(C(=O)c1csnn1)C1CC1,0
Cn1c(O)c(C(=O)Nc2cccnc2)c(=O)c2ccccc21,0
O=C(CCc1nc(=O)c2ccccc2[nH]1)NC1CCN(Cc2ccccc2)CC1,0
Cc1ccnc(SCC(=O)Nc2oc(-c3ccccc3)c(-c3ccccc3)c2C#N)n1,0
CC(=O)Nn1cc2c(c1-c1ccccc1)c(=O)n(C)c(=O)n2C,0
O=C(CSc1nnc(-c2ccccc2)n1Cc1ccco1)Nc1ccc2c(c1)OCCO2,0
CCCOc1ccc(/C(O)=C2/C(=O)C(=O)N(CCN3CCOCC3)C2c2ccccc2)cc1,0
CC(C(=O)Nc1ccc2c(c1)OCO2)N(c1ccc(Cl)cc1)S(C)(=O)=O,0
CCOC(=O)C(C)Sc1ccc2nnc(-c3ccc(F)cc3)n2n1,0
Cc1cccc(C)c1-n1nnnc1S(=O)(=O)Cc1ccccc1Cl,0
C(=N/n1cnnc1)\c1ccccc1OCCOc1ccccc1,0
CCOC(=O)c1c[nH]c2c3c(ccc2c1=O)CCCC3,0
COc1ccc(OC)c(Nc2ncnc3c2cnn3-c2ccccc2)c1,0
COc1ccc(-n2c(NC(=O)c3ccco3)c(C#N)c3nc4ccccc4nc32)cc1,0
CCc1ccc(N2C(=O)C3ON(c4ccccc4)C(c4ccco4)C3C2=O)cc1,0
O=C(CSc1nnc(-c2ccccc2)o1)N1CCc2ccccc2C1,0
O=C(O)CSCCC(=O)Nc1ccc(F)cc1,0
C=CCn1c(-c2ccccc2)n[nH]c1=S,0
COc1ccc(N2CCN(C(=O)CCCC3=NS(=O)(=O)c4ccccc4N3)CC2)cc1,0
CC(C)NC(=O)Cn1c(SCC(=O)N2c3ccccc3CC2C)nc2ccccc21,0
CCn1c(COc2ccc(C)cc2)nnc1SCC(=O)Nc1ccc2c(c1)OCCO2,0
CC(C)C(C(=O)NCc1ccco1)N(C(=O)CNS(=O)(=O)c1ccc(Cl)cc1)C1CCCC1,0
CCCNC(=O)CC1Sc2ccccc2NC1=O,0
O=C(NCC(=O)N(Cc1ccccc1)C(C(=O)NC1CCCC1)c1ccco1)c1ccco1,0
CC(NC(=O)Cc1ccsc1)c1ccc(S(N)(=O)=O)cc1,0
CCc1nnc(NC(=O)C2CCCN(c3nc4ccccc4s3)C2)s1,0
Cc1ccc(C(=O)NCC2CCCO2)cc1N1CCCC1=O,0
Cc1ccc(S(=O)(=O)N(C)CC(=O)Nc2nc3ccccc3s2)cc1,0
N#CCCn1cc(CN(Cc2ccccc2)C(=O)c2ccco2)c(-c2ccc(Cl)cc2)n1,0
COc1ccc(CCNC(=O)CN2C(=O)C3(OCCCO3)c3ccccc32)cc1OC,0
N#Cc1nc(-c2cccs2)oc1NCc1ccccc1,0
Cc1ccc2cc(C#N)c(SCC(=O)NCc3ccco3)nc2c1,0
CCCCNc1nc2c(c(=O)[nH]c(=O)n2C)n1CCOc1ccccc1,0
O=C(NCCCN1CCOCC1)C1CC(=O)N(C2CCCCC2)C1,0
CN1C(=S)SC(N(O)C(=O)Nc2ccccc2)C1(C)C,0
CC(C(=O)NCc1cccnc1)N1C(=O)c2ccccc2C1=O,0
CN1C(=O)SC(Nc2ccccc2C(=O)O)C1=O,0
Cc1cc(NC(=O)C2CCCN(S(=O)(=O)c3c(C)noc3C)C2)n[nH]1,0
Cc1nc(N2C(=O)C(=O)/C(=C(/O)c3ccccc3)C2c2ccco2)sc1C,0
Cc1cc(N2CCC(C(=O)NC3CC3)CC2)nc(-c2ccccc2)n1,0
Cc1cc(C)nc(NC(=O)CN2C(=O)c3ccccc3C2=O)n1,0
COc1ccc(/C(CC2(O)C(=O)Nc3ccccc32)=N\O)cc1,0
O=C(c1cn(-c2ccccc2)nc1-c1ccncc1)N1CCCCC1,0
COc1ccc(N2C(=O)CSC23C(=O)N2CCCc4cccc3c42)cc1,0
O=C(Cn1nnc2ccccc2c1=O)NC1CCCc2ccccc21,0
Cc1ccc(S(=O)(=O)NC2=NCN(Cc3cccnc3)CN2)cc1,0
C=C(C)Cn1c(N2CCC(Cc3ccccc3)CC2)nc2c1c(=O)[nH]c(=O)n2C,0
Cc1cccc(Cc2c(C)nc3nc(SCC(=O)NCc4ccco4)nn3c2C)c1,0
COC(=O)c1ccc(COc2ccc3c(C)c(C)c(=O)oc3c2C)o1,0
COc1cc(OC)cc(C2C(C#N)=C(N)Oc3n[nH]c(-c4cccnc4)c32)c1,0
CCOc1ccc(-n2c(SCc3ccc(C(=O)OC)o3)nc3c(c2=O)SCC3)cc1,0
COc1cccc(C(=O)Nc2cccc(-c3nc4ncccc4o3)c2C)c1,0
COc1ccc(NC(=O)c2c(-c3ccccc3Cl)noc2C)c(OC)c1,0
CCCCNc1c(C(=O)OCC)c(=O)[nH]c2ccccc12,0
O=C(c1ccccc1)N1CCCCC(Sc2nnc3ccccn23)C1=O,0
COc1cccc(Oc2c(C)oc3c(CN4CCOCC4)c(O)ccc3c2=O)c1,0
COc1cc(OC)c(NS(=O)(=O)c2coc(C(N)=O)c2)cc1Cl,0
CN(C)c1ccc(-c2nn3c(-c4cccnc4)nnc3s2)cc1,0
Cc1ccc(Cn2c(NCCCn3ccnc3)nc3c2c(=O)n(C)c(=O)n3C)cc1,0
COc1ccc(-n2nnnc2Sc2ccc(S(=O)(=O)N3CCOCC3)cn2)cc1,0
CC(=O)Nc1ccc(C(=O)OCCC(C)C)cc1,0
CCCOn1nnnc1-c1ccccc1,0
Cc1ccccc1-c1ccc(=O)n(CC(=O)Nc2ccc(N3CCOCC3)cc2)n1,0
COC(=O)CCCCC1SCC(NC(=O)OC)C1NC(=O)OC,0
COC(=O)c1c(NC(=O)CN2CCC(C)CC2)c2c(C)cccc2n1C,0
CCCCNc1ncnc2c1cnn2-c1ccc(Cl)cc1,0
Cn1c(SCC(=O)c2ccccc2)nnc1C1CC1,0
CCCCCOc1ccccc1C(=O)NCCCC(=O)O,0
c1csc(CNc2nc3ccccc3n2CCN2CCOCC2)c1,0
Cc1nc2cc(NC(=O)N(C)c3ccc4ccccc4c3)ccc2o1,0
CC(=O)N1CCc2cc(S(=O)(=O)CCC(=O)NCc3cccs3)ccc21,0
COc1ccccc1NC(=O)CSc1nnc(Cc2ccccc2)o1,0
Cc1ccc(CS(=O)(=O)CCC(=O)NCCCOC(C)C)cc1,0
COc1cc2cc(CN(Cc3cccnc3)C(=O)NCc3ccccc3)c(=O)[nH]c2cc1OC,0
Cc1cc(=O)oc2cc(OCCSCCN3CCOCC3)ccc12,0
COc1ccccc1NC(=O)c1nc[nH]c1C(=O)Nc1ccccc1OC,0
CCCCn1nnnc1NCc1cccc(OC)c1OC,0
O=C1C2CCCN2C(c2ccc(F)cc2)N1c1cccc(Cl)c1,0
CN1/C(=C\C(=O)c2cccs2)Sc2ccccc21,0
CC(=O)NCCc1ccc(S(=O)(=O)NCc2ccc3c(c2)OCO3)cc1,0
Cc1noc(C)c1COc1ccc(C(=O)OC(C)C(=O)Nc2ccc(N3CCOCC3)cc2)cc1,0
COc1ccc(C(c2nnnn2C2CCCC2)N2CCC(C(N)=O)CC2)c(OC)c1,0
CC(C)(C)c1nc2ccccc2c2nnc(SCC(=O)NCc3ccco3)n12,0
CCOC(=O)C1=C(C)Nc2[nH]c(SCC)nc(=O)c2C1c1ccncc1,0
CCCN(CCC)S(=O)(=O)c1ccc(C(=O)Nc2nnc(CSC)o2)cc1,0
Cc1c(N2C(=O)c3ccc4c5c(ccc(c35)C2=O)CC4)c(=O)n(-c2ccccc2)n1C,0
Cc1ccccc1NS(=O)(=O)c1cccc(-c2nnc(-c3ccccc3)o2)c1,0
O=c1cc(O)oc2c1c(=O)n1c3c(cccc23)CCC1,0
CCN1CCN(C(=O)c2cc3c(s2)-c2ccccc2S(=O)(=O)C3)CC1,0
CCOC(=O)C1C(=O)CC(C)(O)C(C(=O)OCC)C1/C=C/c1ccccc1,0
CCC(c1nnnn1Cc1ccccc1)N(Cc1ccco1)Cc1cc2cc(OC)ccc2[nH]c1=O,0
CN1C(=O)NC(c2ccccc2)C2=C1CN(Cc1ccco1)C2=O,0
CCOC(=O)c1nnn(-c2nonc2N)c1COc1ccccc1,0
COC(=O)c1cc(S(=O)(=O)N2CCOCC2)ccc1Sc1ccccc1N,0
CCn1c2ccccc2c2nnc(SCC(=O)NCCOC)nc21,0
Cc1ccc(-n2nnnc2SCC(=O)Nc2cccc(NC(=O)c3ccco3)c2)cc1C,0
Cc1cc(OCC(=O)Nc2c(C)n(C)n(-c3ccccc3)c2=O)c2c3c(c(=O)oc2c1)CCC3,0
CCOC(=O)c1ccc2[nH]c(C)cc(=O)c2c1,0
COc1ccc(-n2nnnc2-c2cccc(OC)c2)cc1,0
CCCCSCCCNC(=O)Nc1cccc(OC)c1,0
Cc1[nH]nc2c1C(c1ccc(OC(=O)c3ccco3)cc1)C(C#N)=C(N)O2,0
CC(=O)N1CCN(c2cccc(C)c2C)CC1,0
CCCCOc1ccccc1C1C(C(N)=O)=C(C)N=C2N=NNN21,0
COC(=O)c1c(C)n(-c2ccccc2)c2ccc(O)cc12,0
Cc1cc(NC(=O)c2ccc(N(C)S(=O)(=O)c3ccccc3)cc2)no1,0
O=C(CSc1nnc(-c2ccc(F)cc2)o1)Nc1ccc(S(=O)(=O)N2CCCCCC2)cc1,0
CCOC(=O)c1cc(-c2nnc(-c3ccc(Oc4ccccc4)cc3)o2)c(C)nc1C,0
CCCCN(C)CCNC(=O)c1ccc2c(c1)NC(=O)C(N1CCCCC1)S2,0
Cn1c(=O)c2c(n(C)c1=O)=NC1(CCCCC1)N=2,0
Cc1cc(C(=O)COC(=O)c2n[nH]c3ccccc23)c(C)n1C,0
Cc1cc(=O)n(CCCO)c(O)c1C#N,0
CCOC(=O)c1ccc(/N=c2\sc(C(=O)OC)cc(=O)n2Cc2ccco2)cc1,0
Cc1ccc(NC(=O)CSCC(=O)Nc2ncc3c(n2)CC(c2ccco2)CC3=O)cc1,0
O=C1CN(C(=O)COC(=O)Cc2ccsc2)c2ccccc2N1,0
Cc1onc(-c2ccccc2Cl)c1C(=O)Nc1ccc(S(=O)(=O)NCC2CCCO2)cc1,0
CCOCC(=O)Nc1nc2ccc(OCC)cc2s1,0
c1ccc(-n2nnnc2SCc2cn3ccccc3n2)cc1,0
CCC(=O)Nc1cccc(NC(=O)c2cc3ccccc3o2)c1,0
N#Cc1c[nH]n2c(=O)cc(Cc3ccccc3)nc12,0
NC(=O)c1c(NC(=O)CSc2nnc(-c3ccccc3)n2CC2CCCO2)sc2c1CCC2,0
CCOC(=O)C1C(=O)CC(C)(O)C(C(=O)OCC)C1c1ccc(OCC)cc1,0
CN1CCN(CCCNC(=O)c2cc3c(-c4ccc(Cl)cc4)nn(C)c3s2)CC1,0
COc1ccc(OC)c(-c2cc(C(=O)NCCCn3ccnc3)no2)c1,0
O=C(CCS(=O)(=O)Cc1ccccc1)Nc1nc2c(s1)CCCC2,0
CC1CCc2nc(NC(=O)CSc3nc4ccccc4o3)sc2C1,0
Cc1c(NC(=O)C(C)Oc2ncnc3ccccc23)c(=O)n(-c2ccccc2)n1C,0
COc1cc2nc(CN3C(=O)c4ccccc4C3=O)oc(=O)c2cc1OC,0
COC(=O)c1c(C)oc2ccc(OC(=O)N3CCOCC3)cc12,0
CC(=O)c1ccccc1OCCn1nnc(-c2ccc(C)cc2)n1,0
CCOC(=O)c1cncc(NC(=O)c2ccccc2)c1,0
Fc1ccccc1-c1nc(-c2ccccc2)no1,0
Cn1c(-c2ccccc2)cnc1SCc1nc(=O)c2ccccc2[nH]1,0
CC1(C)CC(=O)C2=C(C1)Oc1ncn(CCO)c(=N)c1C2c1ccccc1,0
Cc1ccc(CNC(=O)CCS(=O)(=O)c2cccc3nonc23)cc1,0
O=C1/C(=N\n2cnnc2)c2ccccc2N1Cc1ccccc1,0
Cc1cnc(NC(=O)CSc2nnc(-c3ccccc3)o2)s1,0
O=C(Cn1c(=O)oc2cc(S(=O)(=O)N3CCCC3)ccc21)NCc1ccccn1,0
COCCSc1nc2c(c(=O)[nH]c(=O)n2C)n1Cc1cccc(C)c1,0
O=C(Nc1ccc2c(c1)oc1ccccc12)c1cccnc1,0
COC(=O)c1cc(=O)n(Cc2ccco2)/c(=N/c2ccc(F)c(Cl)c2)s1,0
Cc1c(NC(=O)C2(C)CCCCC2)c(=O)n(-c2ccccc2)n1C,0
C=C(C)COc1ccc2c(C)c(C)c(=O)oc2c1OCC(=C)C,0
COCCN1Cc2cccc(C(=O)Nc3cccc(OC)c3)c2C1=O,0
C=CCn1c(COc2cccc3ccc(C)nc23)nnc1SCC(N)=O,0
CCCCNC(=O)C1C2C=CC3(CN(Cc4ccc(C)cc4)C(=O)C13)O2,0
CC1(C)C2CC=C(/C=N/n3cnnc3)C1C2,0
O=C1CCC(=O)N1c1ccc(CSc2nnnn2C2CCCCC2)cc1,0
CN1C(=O)N(c2ccccc2)C(Nc2nncs2)C1(C)C,0
CCOc1ccccc1CNC(=O)C1CCC(=O)N1C(C)C,0
Cc1ccc(C(=O)C2=C(O)C(=O)N(c3ncccn3)C2c2ccc(Cl)cc2)o1,0
Fc1ccccc1CCNc1nnnn1-c1ccccc1,0
Cn1c(CSc2ccccc2)c(C#N)c2ccccc21,0
CCC(=O)Nc1c(C)nn(C(=O)CC)c1C,0
CCOC(=O)CSCC(=O)Nc1cc(C)ccc1C,0
CC(=O)Nc1c(C(=O)O)oc2ccc(Cl)cc12,0
COc1cc(C(C(=O)NC(C)(C)C)N(Cc2ccccc2)C(=O)c2cnccn2)cc(OC)c1OC,0
Cc1ccc2[nH]c(=O)c(CN(C)C(=O)c3ccccn3)cc2c1,0
CC(OC(=O)CCc1nc(=O)c2ccccc2[nH]1)C(=O)NCc1ccc2c(c1)OCO2,0
CCOC(=O)c1ccc(NC(=O)CN2C(=O)CSC2=O)cc1,0
O=C(Cn1c(C(=O)NCC2CCCO2)cc2sccc21)c1ccccc1,0
CCOC(=O)n1c(=O)oc2cc(S(=O)(=O)N3CCOCC3)ccc21,0
CCN1C(=O)C2(C(C#N)=C(N)Oc3c2c(C)nn3-c2ccccc2)c2ccccc21,0
CCCC(=O)Nc1ccc(C(=O)NCCCn2ccnc2)cc1,0
Cc1ccc(N(CC(=O)N2CCc3ccccc32)C2=NC(=O)CS2)cc1,0
CCOC(=O)Cc1csc(NC(=O)c2ccc(S(=O)(=O)N3CCCC3)cc2)n1,0
CCOc1ccc2[nH]c(=O)c(C(c3nnnn3Cc3ccco3)N3CCCC(C)C3)cc2c1,0
CSc1nc2ccc(NS(=O)(=O)c3ccc4c(c3)OCCO4)cc2s1,0
CCOC(=O)c1ccccc1NC(=O)c1ccc2c(=O)n3c(nc2c1)CCCCC3,0
Cc1c(C(=O)N2CCCCCC2)oc2ccccc12,0
COc1cccc(-n2c(SCC(=O)NCCc3ccccc3)nnc2-c2ccoc2C)c1,0
O=C(CN1C(=O)c2cccc3cccc1c23)Nc1ccccc1C(=O)NCc1ccco1,0
COc1ccc(-c2nnc(SCC(=O)N3CCCCC3)o2)cc1OC,0
CS(=O)(=O)c1ccc2nc(NC(=O)C3CCCCC3)sc2c1,0
CCOC(=O)c1ccc(NC(=O)Nc2ccc3c4c(cccc24)C(=O)N3CC)cc1,0
CCCCn1c(CN2C(=O)c3ccccc3C2=O)nc2ccccc2c1=O,0
COc1cc(C2SCC(=O)Nc3c2c(=O)[nH]n3C2CCCCCC2)cc(OC)c1OC,0
CC1CCCC(C)N1C(=O)Cn1c(SCC(=O)Nc2ccc3c(c2)OCO3)nc2ccccc21,0
CCCCOc1ccc(NC(=O)Cn2c(=O)ccc3c(C)cc(C)nc32)cc1,0
Cc1cc(C)c2nc(Nc3nc(=O)cc(C)[nH]3)nc(C)c2c1,0
CN(Cc1c(F)cccc1Cl)c1nnnn1-c1ccccc1,0
CN1CCc2c(sc3c2c(NCc2ccco2)nc2nnnn23)C1,0
Cn1c(CCNC(=O)C(C)(C)C)nc2ccccc21,0
CCCc1oc2c(c(=O)c1CC)C(=O)CC(C)(C)C2,0
O=C(Cc1c(F)cccc1Cl)NCC1CCCO1,0
CC(=O)c1cccc(NC(=O)CN2C(=O)NC3(CCCCCCC3)C2=O)c1,0
COc1ccc(S(=O)(=O)NCc2ccco2)cc1-c1nnc2c3ccccc3c(C)nn12,0
O=C(CCNS(=O)(=O)c1cccc2nsnc12)N1CCN(c2ccccn2)CC1,0
O=C(O)c1cccc(NC(=O)C2CC(=O)N(Cc3ccccc3)C2)c1,0
Cc1[nH]c2ccccc2c1C(=O)CN1CCSCC1,0
Cn1c(SCC(=O)Nc2cc(=O)n(C)c(=O)n2C)nnc1C12CC3CC(CC(C3)C1)C2,0
CCOC(=O)c1cn(CC(=O)Nc2cc(Cl)ccc2OC)nn1,0
CC1=C/C(=C/N(C)c2ccccc2)C(=O)S1,0
CC(C)C(NS(=O)(=O)c1ccc2c(c1)OCCO2)C(=O)NCCc1ccccn1,0
COc1ccccc1CC(=O)N(CCC#N)CCC#N,0
CCC(C)C(NC(=O)OC(C)(C)C)c1nnc(S(=O)(=O)Cc2cccc(C)c2)o1,0
CCn1c(Cc2ccccc2)nnc1SCC(=O)O,0
CCn1c(SCC(=O)c2cc(OC)ccc2OC)nnc1C1CC1,0
COc1ccc(-n2nc3c(c2NC(=O)C24CC5CC(CC(C5)C2)C4)CS(=O)C3)cc1,0
O=C(CCCc1nc(-c2ccccc2)no1)Nc1cccnc1,0
COc1cccc(Nc2nnc(SCC(=O)N3CCOCC3)s2)c1,0
Cc1nn(-c2cc(C)c3ccccc3n2)c2c1CCC2,0
CC1CCN(S(=O)(=O)c2cccc(C(=O)Nc3ccccn3)c2)CC1,0
CN(C)S(=O)(=O)c1ccc(S(=O)(=O)N2CCN(CCC#N)CC2)cc1,0
Cc1cc(C)n(C(=O)c2ccc(NC(=O)C3COc4ccccc4O3)cc2)n1,0
CCn1c(SCC(=O)N2c3ccccc3Sc3ccccc32)nnc1-c1ccco1,0
COc1ccc(OC)c(S(=O)(=O)N2CCC(C(=O)Nc3cccc(C)c3C)CC2)c1,0
Cc1ccc(-c2nnn(CC(=O)N(CCO)C(C(=O)NC(C)(C)C)c3ccncc3)n2)cc1,0
COc1cc2[nH]c(CN3CC=C(c4ccccc4)CC3)nc(=O)c2cc1OC,1
COC(=O)CSc1nnc2n1C(C)(C)Cc1ccccc1-2,0
Cc1nn(Cc2ccccc2Cl)c(C)c1C(=O)NCc1ccco1,0
CCN(CC)S(=O)(=O)c1cccc(C(=O)Oc2cccnc2)c1,0
COc1ccc(OC)c(C2=NOC(C(=O)NCCN3CCOCC3)C2)c1,0
CC(C)Cc1[nH]c(=O)c(C#N)c2c1CCCC2,0
CCOC(=O)c1nnn(CC(=O)Nc2cccc(Cl)c2C)c1C(=O)OCC,0
CCn1ncc(C2=NOC(C(=O)Nc3ccccc3C(=O)OC)C2)c1C,0
Cc1cccc(N2CCN(C(=O)c3ccncc3)CC2)c1C,0
COC(=O)N1CCN(c2ccc(C(C)=O)cc2)CC1,0
Cc1cccc(-c2nc(CN3CCCC(C(=O)NC4CCCCCC4)C3)c(C)o2)c1,0
CCC1(c2ccccc2)C(=O)NCNC1=O,0
CC(C)(C)NC(=O)C(c1ccco1)N(C(=O)Cn1nnc(-c2ccc(F)cc2)n1)c1ccccc1F,0
CC(C)(C)OC(=O)NCCC(=O)Oc1ccc2ccc(=O)oc2c1,0
COc1ccc(CNC(=O)C2CCN(S(=O)(=O)c3cccc4cccnc34)CC2)cc1,0
O=C(Nc1ccccc1-c1nnn(CC(=O)N2CCCc3ccccc32)n1)c1ccco1,0
CC(C)COc1cccc(C(=O)Nc2ccc(S(=O)(=O)N3CCOCC3)cc2)c1,0
CCC(=O)Oc1ccc(C2N(C(=O)CC)CCN2S(=O)(=O)c2ccc(C)cc2)cc1OC,0
COc1ccc(CCNS(=O)(=O)c2ccc(C(=O)NCc3ccco3)cc2)cc1OC,0
CCOc1ncccc1C(=O)OCCN1C(=O)c2ccccc2C1=O,0
C=CCn1c(SCC(=O)Nc2ccccc2CC)nnc1-c1ccncc1,0
CCOc1ccccc1N1C(=O)NC(=O)/C(=C\Nc2c(C)n(C)n(-c3ccccc3)c2=O)C1=O,0
O=C(O)CCC(=O)Nc1nc(-c2ccccc2)cs1,0
COc1cc(OC)c(N(C)C(=O)CCNC(=O)Cn2cnc3ccccc3c2=O)cc1Cl,0
NS(=O)(=O)c1ccc(Nc2nc(-c3ccc(O)cc3)cs2)cc1,0
COc1ccc(CC(=O)OCc2cc3cccc(C)c3[nH]c2=O)cc1,0
COc1cc(C2c3c(n[nH]c3C)C(=O)N2c2ccc(C)cc2)ccc1O,0
O=S(=O)(c1cccc(S(=O)(=O)N2CCC(n3nnc4ccccc43)CC2)c1)N1CCCCC1,0
CC(C)CC(=O)Nc1ccc2oc(-c3ccncc3)nc2c1,0
CC(C)N(C(=O)CSc1nn2c(=O)c(C(C)(C)C)nnc2s1)c1ccccc1,0
CN(C(=O)c1ccno1)c1nnc(-c2cccnc2)s1,0
CCOC(=O)CNC(=O)c1cc(-c2ccc3c(c2)OCCO3)oc1C,0
Cc1noc(C)c1C(=O)OCC(=O)c1ccc[nH]1,0
Cc1ccc(-c2cc(C(=O)NCc3ccco3)no2)cc1,0
CCCCc1nc(N2CCOCC2)c(C#N)c2c1CCCC2,0
O=C(c1cc(Cl)ccc1Cl)N1CCN(c2ccccn2)CC1,0
Cc1cc(N2CCN(Cc3ccc4c(c3)OCO4)CC2)n2ncnc2n1,0
CCOC(=O)c1c(NC(=O)c2cccs2)sc2c1CC(C)(C)OC2,0
O=C(O)c1cnc2ccccc2n1,0
O=C(NCc1ccccn1)c1ccc2nc(-c3ccco3)c(-c3ccco3)nc2c1,0
CCOc1ccc(NC(=O)CN2CCN(CC(=O)c3ccc(OC)c(OC)c3)CC2)cc1,0
Cc1onc(-c2ccccc2Cl)c1C(=O)NCc1cccs1,0
COc1ccc(C2=NOC(C(=O)NCCCN3CCOCC3)C2)cc1,0
O=C(CSc1nnc2scc(-c3ccccc3)n12)c1ccc2c(c1)OCCO2,0
c1cncc(-c2nn3c(Cn4cnc5ccccc54)nnc3s2)c1,0
Cc1sc2nc(SCC(=O)OC(C)C)n(C)c(=O)c2c1C,0
O=C(N1CCCCC1)N1CCN(C(=O)N(c2ccccc2)c2ccccc2)CC1,0
CCOC(=O)N1CCc2c(sc(NC(=O)c3ccc(Cl)s3)c2C(N)=O)C1,0
CCOc1ccc(C(=O)CSc2nnc(N)s2)cc1,0
CCN1CCN(c2ncc(C(=O)N3CCN(c4ccccc4OC)CC3)c3ccccc23)CC1,0
O=c1c2ccccc2oc2ncccc12,0
CCN1CCN(C(c2cc3cccc(C)c3[nH]c2=O)c2nnnn2Cc2ccccc2)CC1,0
CCCOC(=O)C1=C(C)NC2=C(C(=O)C(C(=O)OC)C(C)C2)C1c1ccc(N(CC)CC)cc1,0
CC(C)(C)n1nc2c(c1NC(=O)COc1ccc(Cl)cc1)CSC2,0
O=C(Nc1ncc(Cc2ccccc2)s1)C1CCCO1,0
CC1CCCN(C(=O)C(Cc2ccccc2)n2cccc2)C1,0
Cc1cc(C)cc(N(CC(=O)NCc2ccc3c(c2)OCO3)C(=O)CCC(=O)Nc2ccccn2)c1,0
O=C(Nc1ccc2c(c1)OCO2)C1CCN(C(=O)CSc2ncnc3ccccc23)CC1,0
CCn1c(SCC(=O)NCc2ccc(C)cc2)nnc1-c1ccncc1,0
Cc1nc2c(-c3ccc(F)cc3)c(C)nn2c(N2CCOCC2)c1C,0
CCOC(=O)C1CCN(C(=O)CSCc2nc(-c3ccc(OCC)cc3)oc2C)CC1,0
CC(=O)N1c2ccc(S(=O)(=O)CCC(=O)O)cc2CC1C,0
CCc1c(C)[nH]c(Nc2nc(C)c3cc(OC)ccc3n2)nc1=O,0
CCN1CCCC1CNC(=O)c1cc2c(-c3cccc(OC)c3)nn(C)c2s1,0
COc1ccc(-c2nn(CCC(=O)O)cc2CCC(=O)O)cc1,0
CCn1c(=O)c(=O)[nH]c2cc(C(=O)N3CCN(c4ccccc4F)CC3)ccc21,0
Cc1ccc(-c2oc3ncnc(N)c3c2-c2ccc(C)cc2)cc1,0
COc1ccc(Cn2c(-c3ccco3)nc3oc4ccccc4c(=O)c3c2=O)cc1,0
C/N=C1/SC(CC(=O)Nc2sc3c(c2C#N)CCCC3)C(=O)N1C,0
N#Cc1nc(-c2ccco2)oc1N1CCN(c2cccc(Cl)c2)CC1,0
C/C(N)=C(/C#N)C(=O)COC(=O)c1ccncc1,0
COc1ccc(NS(=O)(=O)c2cccc(-c3nnc4n3CCCCC4)c2)cc1,0
Cc1cnc(C(=O)Nc2ccccc2-c2ccc(C)o2)cn1,0
CCS(=O)(=O)Nc1ccc(C(=O)CC2(O)C(=O)Nc3ccccc32)cc1,0
COC(=O)c1cc(NCc2ccc3c(c2)OCO3)ccc1N1CCOCC1,0
COC(=O)c1ccc(NS(=O)(=O)N(C)C)cc1,0
CCSC1=NC(=O)/C(=C2/C=Cc3ccccc3N2CC)S1,0
COc1cc(-c2nc(S(=O)(=O)c3ccc(C)cc3)c(N(C)C)o2)cc(OC)c1OC,0
CC1(C)Cc2nc3sc4c(N(CCO)CCO)ncnc4c3cc2CO1,0
O=C(Nc1nc(-c2ccc3c(c2)OCO3)cs1)C1CC1,0
Fc1cccc(CSc2nc3ccncc3[nH]2)c1,0
C=CCN(C(=O)Nc1ccc(Cl)cc1)C1CC(=O)N(c2ccc(OC)cc2)C1=O,0
O=S(=O)(Nc1ccc2c(c1)nc1n2CCOC1)c1ccccc1,0
CCCCOc1ccc(Cl)cc1CSc1nnc(C)n1N,0
CCCCC(=O)Nc1ccc(C(=O)NCc2ccncc2)cc1,0
COc1cc(CN2CCN(CCOCCO)CC2)cc(OC)c1OC,0
Cn1c(=O)c2c(-c3ccccc3)n(Cc3cccnc3)cc2n(C)c1=O,0
C/C=C/c1ccc(OCCSc2nc(=O)cc(C)[nH]2)c(OC)c1,0
O=C1CCCC2=C1C(c1ccc3c(c1)OCO3)c1c([nH]n(-c3ccccc3)c1=O)N2,0
Cc1cc(C(=O)COC(=O)C2COc3ccccc3O2)c(C)n1CC1CCCO1,0
O=C(NCCN1CCc2ccccc2C1)Nc1ccc(F)cc1,0
CCOC(=O)C1(c2nc(N)cs2)COC(=O)C1,0
Cc1ccc2cc(CCNC(=O)CC(C)(C)C)c(=O)[nH]c2c1C,0
CC(OC(=O)c1cc2sccc2n1C)C(=O)NCC1CCCO1,0
COc1ccc2c(c1OC)C(=O)N1c3ccccc3C(=O)N(c3ccc(F)cc3)C21,0
O=C(NC(c1ccccc1)c1ccccc1)C1CCCN(S(=O)(=O)c2cnc[nH]2)C1,0
CC(=O)c1c(C)[nH]c(C(=O)Nc2cc(C)ccc2C)c1C,0
Cc1ccc(S(=O)(=O)N2CCN(c3nc(C)c4c(c3C#N)CC(C)(C)OC4)CC2)cc1,0
OCC1N=C(c2ccccn2)OC1c1ccccc1,0
COc1ccc(OC)c(S(=O)(=O)NCCc2ccccc2)c1,0
O=C(Nc1ccc2c(c1)OCCO2)C1CCCN1S(=O)(=O)c1cccc2cccnc12,0
COc1ccc(CCn2c(=N)c(C#N)cc3c(=O)n4ccccc4nc32)cc1,0
COc1ccc(-c2ccc(-c3noc(-c4cccs4)n3)c(OC)n2)cc1,0
CCOC(=O)Nc1cccc(OCC(=O)Nc2ccccc2OC)c1,0
CCOC(=O)c1c(C)n(C)c2ccc(OC)c(NC(=O)CN3CCCCC3)c12,0
CCOC(=O)CCCCC(=O)c1[nH]c(=O)[nH]c1Cn1cnc2ccccc21,0
COc1ccc(CNC(=O)CN(C(=O)c2cc3sccc3n2C)C2CCCC2)cc1,0
Nc1c(C(=O)NCCN2CCOCC2)c2nc3ccccc3nc2n1-c1ccccc1,0
Cn1c(NCc2ccco2)nc2c1c(=O)n(Cc1ccc(Cl)c(Cl)c1)c(=O)n2C,0
CC1CN(c2oc(Cc3cccc4ccccc34)nc2C#N)CC(C)O1,0
O=C1CCCN1CCCNc1ncnc2c1[nH]c1ccc(Cl)cc12,0
CCN1CCN(CC(=O)n2c3c(c4ccccc42)CC(C)CC3)CC1,0
CCCCCCn1c(N2CCC(C(N)=O)CC2)nc2c1c(=O)[nH]c(=O)n2C,0
O=C(CCn1cccc1)Nc1nccs1,0
Cc1nc(N)sc1-c1csc(Nc2ccccn2)n1,0
Cc1ccc(C(=O)Nc2nc(COc3ccccc3)cs2)s1,0
COC(=O)c1[nH]cnc1C(=O)c1ccccc1,0
Cc1noc(C)c1CN1C(=O)NC2(CCCCCCC2)C1=O,0
Nc1c(S(=O)(=O)c2ccccc2)nnn1-c1ccccc1,0
O=C(c1cccs1)N1CCOCC1,0
CC(=O)N(c1cccc(C)c1)C1SC(=O)N(c2ccccc2)C1=O,0
CC1CC(=O)N(CC(=O)NCc2ccco2)c2ccccc2S1,0
CCOC(=O)CSc1nnc(Cn2c(=O)sc3ccccc32)n1C,0
CCOC(=O)c1c(CN2CCC(C)CC2)oc2ccc(OC)cc12,0
O=C(CN1CCN(Cc2cccc(Cl)c2)C1=O)N1CCC2(CC1)OCCO2,0
COc1cc2ccccc2cc1C(=O)Nc1ccccc1N1CCN(S(C)(=O)=O)CC1,0
COc1ccc(C(O)c2coc3ccc(O)c(CN(C)C)c23)cc1,0
COc1ccc(NC(=O)N2CCN(S(C)(=O)=O)CC2)cc1OC,0
CCC(c1nnnn1C(C)(C)CC)N(CCCO)Cc1cc2cc(C)cc(C)c2[nH]c1=O,0
CC(C(=O)NC1CCCC1)N(Cc1ccc2c(c1)OCO2)C(=O)c1snc(C(N)=O)c1N,0
COc1cc2c(C(=O)NCCCN3CCN(c4cccc(Cl)c4)CC3)cn(C)c(=O)c2cc1OC,0
O=C(CN1C(=O)c2cccc3cccc1c23)Nc1ccc(S(=O)(=O)N2CCOCC2)cc1,0
Cc1oc(-c2cccc(Cl)c2)nc1CN1CCC(C(=O)NCc2ccco2)CC1,0
CCOC(=O)c1cc(-c2cccs2)nc2onc(C)c12,0
CCOC(=O)N1CCC(N(C(=O)Nc2ccc(CC)cc2)C(C)CC)CC1,0
CCOc1ccc(OCC)c(NC(=O)CSc2nnc(-c3cccnc3)o2)c1,0
CCS(=O)(=O)NCCCc1ccccc1,0
COc1ccccc1N1CCN(Cc2nc(N)nc(Nc3ccccc3)n2)CC1,0
O=C(NC1CCCCC1)n1c(=O)oc2cc(S(=O)(=O)N3CCCCC3)ccc21,0
CCn1cc(C(=O)NCC2CCCO2)c(=O)c2cc(F)c(N3CCN(C)CC3)cc21,0
O=C(NCC1CCCO1)c1ccccc1-c1nc(-c2ccc(F)cc2)no1,0
Cc1cc(C)cc(-n2nnc(C(=O)NCc3ccco3)c2N)c1,0
CC(=O)c1c(N2CCN(c3cccc(Cl)c3)CC2)nc(=S)n(-c2ccccc2)c1C,0
Cc1cc(NC(=O)COc2ccc(Cl)cc2Cl)n(CCC#N)n1,0
CCOc1ccccc1C(=O)NC(C(=O)OCC(=O)Nc1nnc(-c2ccccc2)o1)C(C)C,0
Cc1cccc(CCN(Cc2cc3cccc(C)c3[nH]c2=O)C(=O)N2CCOCC2)c1,0
CCOC(=O)COc1ccc2c3c(c(=O)oc2c1C)CCC3,0
COc1ccc(OC)c2[nH]c(=O)c(CCNC(=O)C3CCCCC3)cc12,0
CCCN(CCC)CCCNS(=O)(=O)c1ccc2c(c1)oc(=O)n2C,0
O=C(NCc1ccco1)c1cc(-c2cccc(Cl)c2)on1,0
N#Cc1nc(COc2ccccc2F)oc1NCCc1ccccc1,0
COc1ccc(CNC(=O)C2CCN(S(=O)(=O)c3ccc(-c4nn[nH]n4)cc3)CC2)cc1,0
O=C1CSC(c2cccs2)N1c1ccccc1,0
CCOC(=O)c1c(C)[nH]c(C(=O)COc2ccc3c(c2)OCO3)c1C,0
CCOc1cc2[nH]c(=O)n(CCCCCC(=O)NCc3ccc4c(c3)OCO4)c(=O)c2cc1OCC,0
Nc1c(C(=O)Nc2ccc3c(c2)OCCO3)nnn1CCc1ccccc1,0
O=C(C1CCC1)N1CCc2cc(S(=O)(=O)N3CCCCC3)ccc21,0
CCCCCCN1C(=O)C(O)=C(C(C)=O)C1c1ccc(Cl)cc1,0
CCCC(=O)Nc1ccc(N2CCN(C(=O)c3ccccc3C)CC2)cc1,0
CC(=O)Nc1ccc(S(=O)(=O)Nc2nc3c(s2)CCCC3)cc1,0
CSc1nncn1/N=C/c1cc(Cl)ccc1F,0
CSCCC(NC(=O)NCCc1ccc(F)cc1)C(=O)O,0
Fc1ccc(C(c2nnnn2C2CCCC2)N2CCN(Cc3ccccc3)CC2)cc1,0
O=C(O)CCSc1nc2ccccc2s1,0
Cn1c(=O)[nH]c(=O)c2c1nc1n2CCCN1CCc1ccccc1,0
CN(Cc1ccccc1)c1nc2c(c(=O)[nH]c(=O)n2C)n1CCCSc1ncccn1,0
COc1ccccc1OCCNC(=O)c1ccc(S(=O)(=O)N(C)C)cc1,0
COc1cc(C(=O)Nc2cc(-c3ccccc3)[nH]n2)cc(OC)c1OC,0
CC(=O)NC(Cc1c[nH]c2ccccc12)C(=O)NCc1ccc2c(c1)OCO2,0
CCCCN(CC)C(=O)CSc1cc(=O)n(C)c2ccccc12,0
CCN(C1CCCCC1)S(=O)(=O)c1cc(C)ccc1OC,0
CSC1=C(C#N)C(c2ccc(C(C)C)cc2)CC(=O)N1,0
O=C(Nc1cccnc1)c1cccs1,0
CN1CCN(C(=O)CSc2nc(-c3cccs3)ccc2C#N)CC1,0
CCc1ccc2[nH]c(=O)c(C(c3nnnn3CC3CCCO3)N3CCCc4ccccc43)cc2c1,0
CCN(CC)S(=O)(=O)c1ccc(C(=O)Nc2ccc(OCC(=O)N3CCOCC3)cc2)cc1,0
CCCCCn1c(N2CCC(C(N)=O)CC2)nc2c1c(=O)[nH]c(=O)n2C,0
Cc1ccc(S(=O)(=O)N(C)CC(=O)N2CCOCC2)cc1,0
COc1ccc(C(=O)NCCC(C)C)cc1S(=O)(=O)N1CCOCC1,0
Cc1cc(C)nc(SCC(=O)Nc2cc(C)on2)n1,0
CC1=CC(=C2N=C(c3ccccc3)OC2=O)C=C(C)O1,0
CCOc1nc2c(c(=O)n(C)c(=O)n2C)n1Cc1ccccc1Cl,0
COC(=O)c1ccc(N2C(=O)CC(N3CCOCC3)C2=O)cc1,0
O=C(CCCn1c(=O)[nH]c2ccccc2c1=O)NC1CCCCCC1,0
COc1ccc2nc(NC(=O)C(NS(=O)(=O)c3cccs3)C(C)C)sc2c1,0
CCOc1ccccc1-c1nc(C(N)=O)c2[nH]c(=O)n(-c3cccc(C)c3)c2n1,0
CN(C)c1nc(OCCOC(=O)c2ccccc2)nc(N(C)C)n1,0
COc1ccccc1CN1CC(C(=O)NCC2CCCO2)CC1=O,0
COc1ccc(Cc2nnc3c4cnn(C)c4ncn23)cc1,0
Cc1ccc(-n2ncc3c(N4CCC(C(N)=O)CC4)ncnc32)c(C)c1,0
CCOC(=O)/C(C#N)=C1/SC(CCO)C(=O)N1c1ccccc1,0
CCCCC(CCC(=O)Nc1nncs1)(C(=O)OCC)C(=O)OCC,0
Cc1cc(C)cc(-n2c3nc4ccccc4nc3c3c(=O)n(Cc4ccco4)cnc32)c1,0
Cc1nc2c(c(=O)n1CC1CCCO1)c1nc3ccccc3nc1n2CC(C)C,0
COc1ccc(C(=O)Nc2ccccc2C(=O)NCCCn2ccnc2)cc1,0
CCOC(=O)CSc1nnc(CNC(=O)c2cccs2)n1-c1cc(C)ccc1C,0
CC(C)CC(NC(=O)c1ccco1)C(=O)Nc1ccc2c(c1)OCCO2,0
Cc1noc(C)c1CSCC(=O)OCC(=O)N1CC(=O)Nc2ccccc21,0
Cc1ccc(S(=O)(=O)N2CCCN(S(=O)(=O)c3ccc4c(c3)OCCO4)CC2)cc1,0
N#CC1=C(N)OC2=C(C(=O)CCC2)C1C1CC=CCC1,0
CCOC(=O)CSc1nnc(CNc2ccccc2Cl)n1-c1ccccc1,0
COc1cc(-c2nnc(SCC(=O)N(Cc3ccccc3)C(C)(C)C)o2)cc(OC)c1OC,0
CCC(C)COC(=O)C(C#N)c1nc2ccccc2nc1N1CCCCC1,0
Cc1ccc(OCC(=O)O)c(-n2nc3ccccc3n2)c1,0
N=c1c(C(=O)NCc2ccco2)cc2c(=O)n3ccccc3nc2n1Cc1ccccc1,0
Cc1cc(C)n(C(=O)CNC(=O)COc2ccccc2)n1,0
NC(=O)CS(=O)(=O)c1nc2ccccc2n1Cc1ccccc1F,0
Cc1onc(-c2ccccc2Cl)c1C(=O)NCCN1CCOCC1,0
CCOC(=O)N1CCN(C(=O)Cc2ccc(-n3c(=O)[nH]c4ccccc4c3=O)cc2)CC1,0
CCCC(=O)Nc1cccc(NC(=O)CN2CCN(c3ccccc3OC)CC2)c1,0
O=c1c2cc(N3CCOCC3)ccc2[nH]c(=S)n1CCCN1CCCCC1,0
c1cn(CCCNc2ncnc3nc[nH]c23)cn1,0
CSc1ccc(C2C3(C#N)C(N)=NC4(OCCO4)C23C#N)cc1,0
CSc1ncccc1C(=O)OCn1nnc2ccccc2c1=O,0
Cc1ccc(C(=O)Nc2nccs2)cc1S(=O)(=O)N1CCCCC1,0
CCOC(=O)N1CCC(NC(=O)CSCc2nc(-c3cccc(OC)c3)oc2C)CC1,0
c1cnc(N2CCN(c3ncnc4c3oc3ccccc34)CC2)nc1,0
COc1ccc(S(=O)(=O)N2CCC(C(=O)N3CCc4ccccc4C3)CC2)cc1,0
Cc1cccc(N(C)S(=O)(=O)c2ccc3[nH]cc(C(=O)N4CCOCC4)c(=O)c3c2)c1,0
CCc1nn(CC(=O)NCCCN2CCCC2=O)c(=O)c2cc3sccc3n12,0
COc1ccc(C(=O)O)cc1S(=O)(=O)NCCCN1CCCC1=O,0
c1coc(-c2nnc3sc(C4CCCCC4)nn23)c1,0
Cc1ccc(Cl)cc1NC(=O)COC(=O)C1CCCC1,0
CC(C)(C)C(=O)/C(C#N)=c1\s/c(=C/c2ccncc2)c(=O)n1CCCN1CCOCC1,0
C=CCC(CC=C)(C(=O)O)c1ccccc1,0
CCN1C(=O)c2cccc3c(N)ccc1c23,0
CCN1CCN(c2ncc(C(=O)Nc3ccccc3C(=O)OC)c3ccccc23)CC1,0
O=C(NCC(=O)N(CCN1CCOCC1)C(C(=O)NC1CCCC1)c1cccnc1)c1cccs1,0
CCn1nccc1C(=O)Nc1ccc(Cl)cc1Cl,0
COCCNC(=O)c1ccc(N(C)S(=O)(=O)c2ccc(OC)c(OC)c2)cc1,0
CCCSc1nnc(-c2cccc(S(=O)(=O)N(C)C)c2)n1-c1cc(OC)ccc1OC,0
O=C(CCN1c2ccccc2Sc2ccccc21)OCC(=O)N1CCN(C(=O)c2ccco2)CC1,0
COc1nc(N2CCCCCC2)nc(N2CCCCCC2)n1,0
O=C1CCC(=O)N1CN(C(=O)c1ccco1)c1ccccc1,0
COc1ccc(NC(=O)N(CCCN(C)C)Cc2cc3cc(OC)ccc3[nH]c2=O)cc1,0
Cc1c(C#N)c2ccccc2n1CC(=O)NCCc1c[nH]c2ccccc12,0
O=C(NCc1ccccn1)c1cn(Cc2ccccc2)nn1,0
COc1ccc(-c2csc(NCc3ccco3)n2)cc1,0
CC1Cc2ccccc2N1S(=O)(=O)c1cccc2nsnc12,0
CS(=O)(=O)NC1c2cccc3cccc(c23)C1Sc1nncn1/N=C\c1ccco1,0
CCCCn1c(SCC(=O)NCc2ccco2)nnc1-c1ccco1,0
CCn1c(CNc2ccccc2Cl)nnc1SCC(=O)OC1CCCCC1,0
COCCN(C(=O)Cc1cccs1)c1nnc(-c2ccncc2)s1,0
COc1cccc(C2CC(c3ccc(C(C)C)cc3)N3NC(N)=NC3=N2)c1,0
CC(=O)Nc1ccc(NC(=O)Cn2cc3c(n2)CCCC3)cc1,0
O=C(Cn1ncc2c(=O)oc3ccccc3c21)Nc1nc2ccccc2s1,0
O=C(OCc1nc2ccc(Cl)cc2n1CCO)c1ccc2c(c1)OCO2,0
Cc1cccc(C)c1NC(=O)N1CCC(c2nc3ccccc3o2)CC1,0
COc1ccc(N2CCN(C(=O)CN(c3ccccc3)S(C)(=O)=O)CC2)cc1,0
COc1ccc(OC)c(C2NC(=O)NC(C)=C2C(=O)Nc2ccc(C)cc2)c1,0
CCn1c(SCC(=O)Nc2ccccc2OC)nnc1-c1cnccn1,0
COc1cc(NC(=O)c2cc3sccc3n2C)cc(OC)c1,0
COc1ccccc1-n1c(O)cc(=O)nc1SCC(=O)Nc1ccccc1C,0
Nc1ccccc1-c1nc2ccccc2[nH]1,0
O=C1C(=CNCCN2CCNCC2)C(=O)N(C2CCCCC2)C(=O)N1C1CCCCC1,0
CCn1c(=O)cc(SCC(=O)NCc2ccc3c(c2)OCO3)c2ccccc21,0
C=C(C)CSC1=C(C#N)C(c2ccsc2)CC(=O)N1,0
CC(=O)n1cc(Nc2ccccc2C(=O)O)c2ccccc21,0
CCn1c(SCC(=O)Nc2cc(NC(C)=O)ccc2OC)nnc1-c1ccccn1,0
CCCNC(=O)c1ccc(CNc2c(N3CCC(C(=O)OCC)CC3)c(=O)c2=O)cc1,0
COC(=O)CSc1nc2c(c(=O)n(C)c(=O)n2C)n1CCCc1ccccc1,0
O=C(NC1CCCCC1)N(Cc1ccc(F)cc1)Cc1nc(=O)c2ccccc2[nH]1,0
CCCCOc1ccc(NC2=NC3(CCCCC3)N=C(N)N2)cc1,0
COc1ccc(CCNC(=O)CCCCn2c(=O)[nH]c3ccccc3c2=O)cc1OC,0
O=C(NCc1ccco1)c1ccc(S(=O)(=O)N2CCCc3ccccc32)cc1,0
Cc1cc(-n2c(C)cc(C(=O)COc3ccc4ccc(=O)oc4c3)c2C)no1,0
O=C(NCc1cccs1)c1ccncc1,0
O=C(c1cccs1)N1CCN(S(=O)(=O)N2CCCCC2)CC1,0
COc1cccc(NS(=O)(=O)c2ccc3[nH]cc(C(=O)NCCN4CCOCC4)c(=O)c3c2)c1,0
Cn1c(=O)c2c(nc(NCCc3ccccc3)n2Cc2ccccc2)n(C)c1=O,0
COc1ccc(N2CCN(C(=O)CC(NC(N)=O)c3cccc(Oc4ccccc4)c3)CC2)cc1,0
CCCOc1ccc(Cc2nn[nH]n2)cc1,0
CCOC(=O)c1cccc(NC(=O)Cn2c(CC(=O)N3CCCC3)nc3ccccc32)c1,0
O=C(CCS(=O)CCC(=O)NCc1ccccc1)NCc1ccccc1,0
CCn1c(Cc2c(C)[nH]c3ccccc23)n[nH]c1=S,0
COc1ccc(NC(=O)CS(=O)CC(=O)Nc2ccc(OC)c(OC)c2)cc1,0
Cc1c(NC2=Nc3cccc4cccc2c34)c(=O)n(-c2ccccc2)n1C,0
O=C(C1=C(O)C(=O)N(CCN2CCOCC2)C1c1cccnc1)c1cc2ccccc2o1,0
Cc1nc(SCC#N)c2c(C)c(C)sc2n1,0
CCOc1ccccc1N(CC(=O)NC(C)(C)C)C(=O)c1ccc(CN2CCOCC2)o1,0
CCCN1C(=O)C(O)(CC(=O)c2cccc(OC)c2)c2ccccc21,0
CCCNC(=O)C1CC(=O)N(c2ccc(OCC(=O)Nc3cc(C)cc(C)c3)cc2)C1,0
COc1ccc(N2CCN(CCCNC(=O)Nc3ccccc3C)CC2)cc1,0
O=c1c2c3c(sc2ncn1/N=C/c1ccco1)CCCC3,0
COc1cc(NC(=O)C23CC4CC(C2)CC(n2nnc(C)n2)(C4)C3)c(OC)cc1Cl,0
O=C(NC1CCN(Cc2nnnn2CCc2ccccc2)CC1)c1ccccc1F,0
COc1ccccc1Nc1nc(C2(C)CCC(=O)O2)cs1,0
COc1ccccc1N(CC(=O)Nc1ccc(F)c(F)c1)S(C)(=O)=O,0
c1ccc(C(CN2CCOCC2)c2ccccc2)cc1,0
Cc1ccc(S(=O)(=O)N(C)CC(=O)Nc2cccc(C)n2)cc1,0
Cc1ccc(S(=O)(=O)c2cc3c(=O)n4ccccc4nc3n(Cc3ccco3)c2=N)cc1,0
C/C(=C(\C#N)C(=O)NC1CCCCC1)N(C)C,0
O=C(CSc1ccc2nnc(-c3ccccc3)n2n1)NCC1CCCO1,0
CC(C)C(C(=O)NC1CCCCC1)N(CC1CCCO1)C(=O)CNS(=O)(=O)c1ccc(F)cc1,0
CCn1c2ccccc2c2cc(NC(=O)CSc3nnc(-c4ccccc4OC)n3N)ccc21,0
Cn1ncc(N/C=C2\C=CC=CC2=O)c1C(=O)Nc1ccccc1,0
Cc1cc2nc3c(c(=O)n2[nH]1)CCCC3,0
CCc1nnc(NC(=O)c2cc3ccccc3oc2=O)s1,0
COc1cc(C(=O)NCc2nnc(SCC(=O)NCc3ccccc3)o2)cc(OC)c1OC,0
CCOc1c(OC)cccc1C1CC(=O)Nc2cc(OC)c(OC)cc21,0
COc1cccc(N2CCN(CC(=O)c3c[nH]c4ccc(OC)cc34)CC2C)c1,0
Cc1cccc(C)c1OCC(=O)Nc1cccc(NC(=O)c2ccco2)c1,0
CC12CN(C(=O)c3ccccc3)C3(C#N)CC1CCC23C,0
COc1ccc(N2C(=O)CC(NC3CC3)C2=O)cc1,0
CCOC(=O)C1=C(c2ccccc2)NC(SCC(=O)Nc2ccc(C)cc2)=C(C#N)C1c1ccco1,0
O=C(NC1CCCCC1)N1CCC(n2cnc3ccccc32)CC1,0
CC(C)(C)c1ccc(C(=O)NC2=NONC2=C2N=c3ccccc3=N2)cc1,0
O=C(Nc1nncs1)c1cccc(S(=O)(=O)N2CCCC2)c1,0
CCOC(=O)c1c(N)sc(C(=O)N2CCCCCC2)c1C,0
O=C(Nc1ccccc1C(=O)O)c1ccc(Cl)c(S(=O)(=O)N2CCOCC2)c1,0
COc1ccccc1NC(=O)CN1CCC(n2c(C)nc3cc(F)ccc32)CC1,0
O=C(Nc1ccc(Cc2ccncc2)cc1)c1ccco1,0
COc1ccc(NC(=O)C2CC2)cc1-n1cnnn1,0
Cc1cccc(OCCOCCSc2ncccn2)c1,0
Cc1cc(C)c(S(=O)(=O)N(C)CC(N)=O)c(C)c1,0
CCCCCn1c(CCCNC(=O)CC)nc2ccccc21,0
CC(=O)N(CCN(C(C)=O)c1ccccc1)c1ccccc1,0
Cc1ccc(NC(=O)CSc2nnc(CSc3nc(C)cc(C)n3)n2Cc2ccco2)c(C)c1,0
COCCNC(=O)CSCc1nc(-c2ccc(SC)cc2)oc1C,1
CCCCCc1c(C)[nH]c(NCc2ccccc2)nc1=O,0
Cc1nn(C(C)C(=O)N2CCc3ccccc3C2)c(=O)c2cc3occc3n12,0
COc1ccc(C2C(C(=O)c3sc(C)nc3C)=C(O)C(=O)N2CCCn2ccnc2)cc1,0
O=C(CCCN1C(=O)c2ccccc2C1=O)Nc1sc2c(c1C(=O)NCc1ccco1)CCC2,0
Cc1ccc(NC(=O)C2CCCN(S(=O)(=O)c3ccc4c(c3)oc(=O)n4C)C2)nc1,0
CC1CCCN(C(=O)c2ccc3nc[nH]c3c2)C1,0
Cc1noc(C)c1S(=O)(=O)Nc1ccc(C(=O)O)cc1,0
CN(C)CCN1C(=O)C(=O)/C(=C(/O)c2ccc(F)cc2)C1c1ccccc1,0
COC(=O)c1nc2cc(C)ccn2c1F,0
O=c1nc(SCc2ccccc2Cl)[nH]c2c1CCCC2,0
O=C(NC1CC2CCCC(C1)N2C(=O)Nc1ccccc1)c1ccncc1,0
O=C(Cc1ccccc1)Nc1ccccc1N1CCN(c2ccccc2)CC1,0
COc1ccc(O)c(C(=O)c2cc(C#N)c(=O)n(CCN3CCOCC3)c2)c1,0
CCOC(=O)NC(c1ccccc1)C1CCCCC1=O,0
C=CCOC(=O)C1=C(C)NC(SCC(=O)Nc2ccc(C)c(Cl)c2)=C(C#N)C1c1ccco1,0
O=C(Nc1ccc(S(=O)(=O)Nc2ccc(Cl)cc2)cc1)C1CCCO1,0
COc1ccccc1NS(=O)(=O)c1ccc(OC)c(OC)c1,0
c1ccc2sc(-c3ccc4c(c3)OCO4)nc2c1,0
COc1ccc(NC(=O)CN2C(=O)C(C)Oc3ccccc32)c(OC)c1,0
Cc1onc(-c2ccccc2Cl)c1C(=O)N1CC(C)OC(C)C1,0
CCN(CCCNC(=O)C1CCN(S(=O)(=O)N2CCOCC2)CC1)c1cccc(C)c1,0
COc1ccc(CC(=O)Nc2nc(C)cs2)cc1OC,0
CSc1ccccc1N/C=C1\N=C(c2ccccc2)OC1=O,0
COc1cc2c(cc1OC)C(C(=O)NCc1cccnc1)C(c1cccnc1)N(C)C2=O,0
C=CCC1=C/C(=C\Nn2cnnc2)C=C(OCC)C1=O,0
CCCNC(=O)Cn1cnc2sc(C(=O)NCCN(CC)CC)c(C)c2c1=O,0
O=C(CCC1CCCC1)N1CCN(C(=O)c2cccnc2)CC1,0
CN(C)/C=N/c1c(C#N)cnn1-c1ncnc2sc(-c3ccccc3)cc12,0
Cn1c(SCC(=O)NC2CCCCC2)nnc1-c1cc2cc(Cl)ccc2o1,0
COc1cc(C2c3c(oc4c(C)cc(C)cc4c3=O)C(=O)N2Cc2cccnc2)cc(OC)c1OC,0
CCOc1ccc(NC(=O)N2CC=C(n3c(=O)[nH]c4ccccc43)CC2)cc1,0
CCC12CN(C(=O)c3ccc(OC)cc3)CC(CC)(CN(C(=O)c3ccc(OC)cc3)C1)C2=O,0
Cc1ccc(Cn2nnnc2CN2CCC(O)(c3ccccc3F)CC2)cc1,0
CC1CCCCN1Cc1nc2c(c(=O)n(C)c(=O)n2C)n1CCc1ccccc1,0
Cc1ccccc1CS(=O)(=O)Cc1ccc(C(=O)NCc2cccnc2)o1,0
O=S(=O)(Cc1cccc(F)c1)c1c[nH]c2ccccc12,0
CS(=O)(=O)Nc1ccc2c(c1)nc1n2CCOC1,0
O=C(Cn1ncc2c(=O)oc3ccccc3c21)N1CCc2ccccc2C1,0
Cc1ccc2oc(-c3ccco3)nc2c1,0
Cc1onc(-c2ccccc2)c1C(=O)n1cccn1,0
Cc1noc(NS(=O)(=O)c2ccc(N/C=C/C(=O)c3cccnc3)cc2)c1C,0
COc1ccccc1NC(=O)N(C1CCCC1)C1CCN(C(C)=O)CC1,0
O=C(Cc1cccs1)OCC(=O)c1ccco1,0
COc1ccc(-c2noc(CCC(=O)Nc3cc(OC)ccc3OC)n2)cc1,0
O=C(CN1C2CCC1CC(NC(=O)C1CC1)C2)NCc1ccccc1,0
CCOc1ccc(CCNC(=O)CCc2nc(-c3ccc(OC)cc3)no2)cc1OCC,0
NC1CCCCC1N/C=C1\C(=O)NC(=O)N(Cc2ccc(F)cc2)C1=O,0
O=C(NC(C(=O)N1CCCC1C(=O)O)=C1CCCCC1)c1ccccc1,0
CCOc1ccccc1N1CSC2=C(C#N)C(c3c(OC)ccc4ccccc34)CC(=O)N2C1,0
Cc1ccc2c(=O)c(CN(C)C3CCN(C)CC3)c(C)[nH]c2c1C,0
C/C=C/c1ccc(Oc2nnnn2-c2ccc(C(N)=O)cc2)c(OC)c1,0
O=C1c2ccccc2C(Nc2ccc3c(c2)OCO3)N1Cc1ccco1,0
CCCCCc1c(C)[nH]c(N2CCc3ccccc3C2)nc1=O,0
Cn1c(-c2ccc(N)cc2)nc2ccccc21,0
CCOC(=O)c1sc2ccc(S(=O)(=O)N3CCOCC3)cc2c1N,0
CCOC(=O)c1cc2sc(C)cc2n1CC(=O)NCCc1ccccc1,0
CCC(=O)Nc1nonc1-c1nc2ccccc2n1N(C(=O)CC)C(=O)CC,0
COc1ccc(N2CC(C(=O)NCCc3ccc(OC)c(OC)c3)CC2=O)cc1,0
CC(=O)Oc1cccc(N2C(=O)CC(Nc3ccc(N4CCOCC4)cc3)C2=O)c1,0
CN(CC(=O)Nc1ccc(Cl)cc1)S(=O)(=O)c1cccc2cccnc12,0
N=c1c(C(=O)NCC2CCCO2)cc2c(=O)n3ccccc3nc2n1Cc1cccnc1,0
COC(=O)N(C)CCCC1(C)C(=O)N(C)c2ccc(O)cc21,0
O=C(CCCC(=O)Nc1cccnc1)Nc1cccnc1,0
O=C(Nc1ccc2c(c1)OCO2)NC1CCN(Cc2ccccc2)CC1,0
CCN1C(=O)c2cccc3c(S(=O)(=O)NC(Cc4c[nH]c5ccccc45)C(=O)O)ccc1c23,0
Cc1nn(C)c(C)c1S(=O)(=O)N(CC(=O)NCCCOC(C)C)c1ccc(C(C)C)cc1,0
Cc1nc2ccccn2c1C(=O)NCc1ccc2c(c1)OCO2,0
CN(Cc1ccccc1)Cc1nc2c(c(=O)n(C)c(=O)n2C)n1CCc1ccccc1,0
COc1cc2c(cc1OC)CN(C(=O)CSc1nnc(C)s1)CC2,0
COc1ccc(OC)c(-n2c(O)cnc2Nc2nc(C)cc(C)n2)c1,0
Cc1ccc(/N=C2\SCCCN2C(=O)c2ccco2)cc1Cl,0
O=C(C1CC1)N1CCN=C1SCc1cccc(F)c1,0
CCn1c(C(=O)NCc2cccnc2)cc2sc(Cl)cc21,0
CCCCc1c(O)n2c(nc1=O)[nH]c1ccccc12,0
NC(=O)C1C(c2ccccc2)=C1c1ccccc1,0
COCCn1c(SCC(=O)Nc2cccc(OC)c2)nnc1-c1ccccc1,0
Cc1cc(NC(=O)CSC2=Nc3ccccc3C3=NC(Cc4ccccc4)C(=O)N23)n[nH]1,0
Cc1cc(Nc2ncc(Cl)cc2Cl)n(-c2ccccn2)n1,0
CCn1cc(NC(=O)Nc2ccc(OC)c(OC)c2)c(C(N)=O)n1,0
CCN(CC)CCN1C(=O)c2oc3ccc(F)cc3c(=O)c2C1c1ccncc1,0
CCc1ccccc1OCC(=O)NC1CCCC1,0
CCOc1ccc2[nH]c(=O)c(CN(Cc3cccs3)Cc3nnnn3C(C)(C)C)cc2c1,0
COc1cc(Nc2ccc(-c3ccccc3C)nn2)cc(OC)c1OC,0
Cc1cc(Nc2ccccc2N2CCOCC2)n2ncnc2n1,0
C/C(=C(\C#N)C(=O)NCCCN1CCOCC1)N(C)C,0
Cc1ccc2c(c1)NC(=O)C(CC(=O)Nc1ccc(CN3CCC(C)CC3)cc1)O2,0
COc1cc2c(cc1NC(=O)CSc1nnc(Cc3cccs3)n1C)oc1ccccc12,0
Cc1nc2ccccc2cc1O,0
CCn1c(=O)cc(OCC(=O)Nc2ccccc2N2CCN(C)CC2)c2ccccc21,0
CCOC(=O)c1cccc(NC(=O)c2cnc3ccccc3n2)c1,0
Cc1cc(C)n(-c2nc(NCCO)c3c4c(sc3n2)CCCC4)n1,0
COc1ccc(CCNC(=O)c2cccnc2)cc1OC,0
Cc1ccc(C(=O)Nc2ccc(S(=O)(=O)N3CCc4ccccc43)cc2)o1,0
Cn1c(C(=O)NCCN2CCOCC2)cc2c(=O)n(C)c3ccccc3c21,0
COc1cc2nc(C3CCC3)n(NC(=O)C3CCCC(OC)C3)c(=O)c2cc1OC,0
C/C=C/Cn1c(SCCCc2ccccc2)nc2c1c(=O)[nH]c(=O)n2C,0
CCCC(=O)NC(C)c1nc2ccccc2n1C(C)C,0
COc1ccc(CCN(Cc2nc(=O)c3ccccc3[nH]2)C(=O)c2ccco2)cc1,0
CC(C)OC(=O)CCc1nc2ccccc2[nH]c1=O,0
COc1ccc(-c2noc(CSc3ccccc3)n2)cc1OC,0
CCOC(=O)c1[nH]c(C)c(C(=O)NCCC2=CCCCC2)c1C,0
CCC(=O)Nc1nc(C)c(C(=O)N2CCCCC2)s1,0
Cc1cc(-c2c(C)n([O-])c(C)c(C)[n+]2=O)ccc1F,0
COc1ccc(-c2nnc(SCC(=O)NCc3ccco3)o2)cc1,0
Cn1cccc1C(=O)OCc1cc(Cl)cc2c1OCOC2,0
Cc1csc2ncc(C(=O)Nc3ccccc3Cl)c(=O)n12,0
O=C(CCc1ccccc1)NCc1ccccn1,0
O=C(NCc1ccc2c(c1)OCO2)C1CCCN(S(=O)(=O)c2cccc3nonc23)C1,0
O=C(Cn1nnc2ccccc2c1=O)NCc1ccco1,0
CC1CCc2nc(NC(=O)C3CCCO3)sc2C1,0
COc1ccc(C(CNC(=O)c2cccc(N(C)C)c2)N2CCCC2)cc1,0
Cc1cc(SCC(=O)N2CCCC2)nc2ccccc12,0
CC(=O)NCC(=O)OCC(=O)c1ccc(C)cc1,0
O=C(CSc1nc2ccccc2[nH]1)NC(=O)NCc1ccco1,0
CC(=O)c1cc(-c2nc3ccccc3n2C)n(C)c1,0
O=C(CSC1=NCCN1)C1COc2ccccc2O1,0
COc1ccc(OCC(O)CON2C(=O)c3ccccc3C2=O)cc1,0
Cc1ccc(S(=O)(=O)N2CCOCC2)cc1C(=O)N1CCOCC1,0
CC(C)COC(=O)Cc1c(O)[nH]c2ccccc2c1=O,0
COCCNC(=O)c1ccccc1NC(=O)c1ccc(OC)c(OC)c1,0
COc1cc(NC(=O)c2cccc3c2C(=O)N(Cc2cccnc2)C3)cc(OC)c1OC,0
CCOC1=C/C(=C2/C(C#N)=C(N)NC3=C2CCCC3)C=CC1=O,0
COc1cc(NC(=O)c2cc(-c3cccs3)on2)cc(OC)c1OC,0
c1ccc(-c2nnc(CN3CCCc4ccccc43)o2)cc1,0
Cc1cc(N2CCC(C)CC2)nc2ccc(N3C(=O)CCC3=O)cc12,0
CC(=O)N1C(=O)N(C)C2C1N(C)C(=O)N2C(C)=O,0
CCOc1cc2c(cc1OCC)C(c1cc(OC)c(O)c(OC)c1)NCC2,0
O=C(CN1C(=O)c2ccccc2S1(=O)=O)NC1CCCCCC1,0
COc1ccc(Oc2coc3cc(OC(=O)N4CCOCC4)ccc3c2=O)cc1,0
O=C(Nc1ccon1)c1ccccc1Cl,0
COC(=O)C(CCSC)NC(=O)NC1CCN(Cc2ccccc2)CC1,0
CC(=O)c1ccc(Cc2cnc(N)s2)cc1,0
CSc1ccc(-c2nc(CSCC(=O)N3CCOCC3)c(C)o2)cc1,0
COc1cccc(N2C(=O)C3CCCN3C2c2ccc(N(C)C)cc2)c1,0
CCN(c1ccccc1)S(=O)(=O)c1ccc(OCc2c(C)noc2C)cc1,0
CCCCCC(=O)Nc1ccc2oc(-c3ccncc3)nc2c1,0
COc1ccc(NS(=O)(=O)c2ccc(NS(C)(=O)=O)cc2)cc1,0
Cc1cccc(C)c1OCc1nnc(SCC(=O)Nc2nccs2)n1-c1ccccc1,0
Cc1nc(N2CCOCC2)c2oc3ccccc3c2n1,0
Cc1c(/N=C/C=C/c2ccccc2)cnn1C,0
Cn1c(=O)c2c(nc(N3CCCCCC3)n2CC(=O)c2ccccc2)n(C)c1=O,0
COc1cc(C2NC(=O)N(C)C3=C2C(=O)CCC3)cc(OC)c1OC,0
COC(=O)c1cc(NC(=O)CN2C(=O)CSC2=O)ccc1Cl,0
O=C(Cn1cnc2ccccc2c1=O)N1CCN(Cc2ccccc2)CC1,0
COc1ccccc1C(CC(=O)Nc1nccs1)c1ccco1,0
O=C(c1ccncc1)N1CCN(C(=O)c2ccncc2)CC1,0
O=C1OCCC1Sc1nnc(-c2ccc3c(c2)OCO3)n1-c1ccccc1,0
COc1ccccc1C(=O)Nc1c(C)n(C)n(-c2ccccc2)c1=O,0
Cc1cc(NC(=O)Cc2cn3ccsc3n2)n(-c2ccccc2)n1,0
O=C(CSc1nnc(-c2cccnc2)n1Cc1ccccc1)NCc1ccco1,0
N#Cc1nc(COc2ccccc2)oc1N1CCN(Cc2ccccc2)CC1,0
O=C(CN1C(=O)CCS(=O)(=O)c2ccccc21)NCc1ccc2c(c1)OCO2,0
Cn1nc(-c2ccc(N3CCOCC3)c(NC(=O)COc3ccccc3)c2)c2ccccc2c1=O,0
Cc1onc(-c2c(F)cccc2Cl)c1C(=O)NCc1cccs1,0
CC(NS(=O)(=O)c1ccccc1)C(=O)Nc1nccs1,0
CCCCn1c(NC(=O)CC)c(C#N)c2nc3ccccc3nc21,0
CCOc1ccc(S(=O)(=O)N(CC(N)=O)c2ccc(C)cc2)cc1,0
CCC(=O)Nc1ccc2nc(C3CC3)n(Cc3ccccc3)c(=O)c2c1,0
O=C(NCc1ccccn1)C(C(=O)c1ccc(F)cc1)n1ccccc1=O,0
c1ccc(Nc2nn[nH]n2)cc1,0
CCCCn1nc(NC(=O)c2cccs2)c2cc3ccccc3nc21,0
O=C(O)CSc1nnc(-c2ccccc2)o1,0
O=C(NCc1cccs1)C1CC(=O)N(C2CCCC2)C1,0
COc1ccc(C2=NOC(Cn3c(=O)cc(C)c4ccccc43)C2)c(OC)c1,0
COc1cc(C(=O)Nc2nnc(-c3sccc3C)s2)cc(OC)c1OC,0
Cc1cc(-n2c(C)cc(C(=O)CSc3nc4ccccc4c(=O)n3Cc3ccco3)c2C)no1,0
Cc1cc(N(C)C)nc(SC(C)C)n1,0
O=C(NCC1CCCO1)C1CCCN1C(=O)NC1CCCCC1,0
CCCC(=O)N1CC2(C)CN(C(=O)CCC)CC(CCC)(C1)C2=O,0
CCOC(=O)c1c(N)sc(=S)c2c1CCC2,0
CCOC(=O)C1=C(SCC(=O)Nc2ccccc2)NC(=O)C(C#N)C12CCCCC2,0
CCOC(=O)CSc1nc2cccnc2n1-c1ccc(F)cc1,0
O=C(Cc1nn[nH]n1)NCCC1=CCCCC1,0
COc1ccc(C(=O)Nc2cccc(C(=O)N3CCN(C)CC3)c2)cc1,0
COc1ccc(Cl)cc1NC(=O)CN(C(=O)c1ccco1)C1CCCCC1,0
Cc1cnc(N/C(O)=C2\C(=O)c3ccccc3S(=O)(=O)N2C)s1,0
Clc1ccc(Cc2noc(-c3cccs3)n2)cc1,0
O=C(Nc1ncnc2c1CCC2)C12CC3CC(CC(C3)C1)C2,0
COc1ccc(N(CC(=O)NCc2cccnc2)S(=O)(=O)c2c(C)nn(C)c2C)cc1,0
Cc1ccc(F)cc1NC(=O)c1c(-c2ccccc2)noc1C,0
CN(C)CCCN1C(=O)C(=O)/C(=C(/O)c2ccccc2)C1c1ccccn1,0
COC(=O)c1ccc(CSc2nnnn2Cc2ccccc2)cc1,0
CCOc1ccccc1-c1nc(SCC(=O)O)n[nH]1,0
Cc1csc(SCC(=O)N2CCCC2)n1,0
COc1cccc(OCC(=O)Nc2c(C(=O)Nc3ccc(OC)cc3OC)oc3ccccc23)c1,0
CC(C)CC(c1nnnn1Cc1ccco1)N1CCN(c2cccc(Cl)c2)CC1,0
CCCCSc1nnc2n(CCc3ccccc3)c(=O)c3c4c(sc3n12)COC(C)(C)C4,0
COc1ccc(C(C(O)C(=O)c2c[nH]c3ccccc23)N2CCN(c3ccccc3)CC2)cc1,0
CC1CCCN(c2nc3c(c(=O)[nH]c(=O)n3C)n2Cc2ccccc2Cl)C1,0
O=C(NCc1cccs1)c1cc(-c2ccccc2)on1,0
COc1cccc(CC(=O)Nn2c(C)nc3ccccc3c2=O)c1,0
Cc1ccc(Cn2ccc(NC(=O)c3cc(-c4cccs4)on3)n2)cc1,0
Cc1cnc(C(=O)Nc2cccc(-c3nnc4n3CCCCC4)c2)cn1,0
N#Cc1ccc(CSc2nnc(Cc3cccs3)n2Cc2ccco2)cc1,0
CN(C)CCNC(=O)Cn1nc(-c2ccc(Cl)cc2)ccc1=O,0
O=c1[nH]n(-c2ccccn2)c(=O)c2ccccc12,0
COc1ccc(C(=O)Nc2nncs2)c(OC)c1,0
COc1ccc(C(=O)CSc2nnc(Cc3ccccc3)o2)cc1,0
CCCCNC(=O)c1sc(=S)n2c1[nH]c(=O)c1ccccc12,0
COc1ccc(CCNC(=O)Cc2cc(=O)[nH]c(=O)[nH]2)cc1OC,0
COc1ccc(Cn2cccc(NC(=O)Nc3ccc(C#N)cc3)c2=O)cc1,0
O=C(Nc1ccc2c(c1)nc1n2CCN(C2CCCCC2)C1)c1ccco1,0
COc1ccc(S(=O)(=O)CCC(=O)NC2CCCCC2)cc1,0
OCCn1nc2c3ccccc3nc-2n(-c2ccccc2)c1=S,0
CCN1CCN(Cc2nnnn2C(C)(C)C)CC1,0
Cc1ccc(CSCCNS(C)(=O)=O)cc1,0
COc1ccc2[nH]cc(C(=O)CN3CCCCC3)c2c1,0
COc1ccc(-c2noc(CCC(=O)Nc3cccc(C)c3)n2)cc1,0
O=c1cc(N2CCOCC2)[nH]c(=O)n1Cc1ccc(F)cc1,0
Cc1ccc(NC2=NCC(=O)N2Cc2ccc3c(c2)OCO3)cc1,0
CCOc1ccc(C(=O)Nc2cc(OC)ccc2OC)cc1,0
O=C(CN1C(=O)CC(c2ccccc2)=Nc2ccccc21)NCc1ccco1,0
CCOC(=O)c1cn(CC(=O)Nc2ccc(C)cc2)nn1,0
Cc1onc(-c2ccccc2)c1C(=O)Nc1ccccc1N1CCOCC1,0
O=C(C(Cc1ccccc1)n1cccc1)N1CCc2ccccc21,0
O=S(=O)(Cc1ccccc1)N1CCc2ccccc21,0
COc1ccc(-c2csc(N3CCOCC3)n2)cc1OC,0
O=C(NCCCN1CCN(c2ccc(F)cc2)CC1)c1cccc(N2CCCC2=O)c1,0
c1cncc(-c2noc(-c3ccco3)n2)c1,0
COc1ccc(N(CC(=O)NC(C)(C)C)C(=O)c2ccco2)cc1,0
O=C(OCCN(C1=NS(=O)(=O)c2ccccc21)c1ccc(Cl)cc1)c1ccco1,0
CCOC(=O)C1=C(CSCc2ccco2)NC(=O)NC1c1cc(C)ccc1C,0
C=CCNC(=O)CNS(=O)(=O)c1ccc(F)cc1,0
COc1ccccc1OCc1ccc(C(=O)NC(C)(C)C)o1,0
CCOC(=O)c1[nH]c2ccc(OC)cc2c1NC(=O)CN1CCN(c2ccccn2)CC1,0
C=CCn1c(SCc2cc(C(=O)OC)c(C)o2)nnc1-c1ccncc1,0
CCCCOc1nc2ccccc2nc1C(C#N)S(=O)(=O)c1ccccc1,0
COCc1nnc(SCC(=O)NC(C)c2ccccc2)n1-c1ccccc1,0
Cc1cccc(OCCSc2nnc(-c3ccoc3C)n2C)c1,0
Cc1ccccc1OCC(=O)Nc1ccc(N2CCN(C(=O)C(C)C)CC2)c(Cl)c1,0
COc1ccc(O)c(C(=O)c2cnc3onc(C(C)C)c3c2)c1,0
N#Cc1cnn(-c2ccccc2)c1N,0
Cc1cc(NS(=O)(=O)c2ccc(NC(=O)COc3ccccc3Cl)cc2)no1,0
CN(CC(=O)Nc1ccncc1)S(=O)(=O)c1ccc(Cl)cc1,0
Clc1ccc2oc(-c3ccccn3)nc2c1,0
Clc1ccc(C2Nc3ccccc3-n3cccc32)cc1,0
C=C(C)CN1C(=O)C(O)(CC(=O)c2ccc3c(c2)OCCO3)c2ccccc21,0
COc1ccc(NC(=O)NC(CCSC)C(=O)O)cc1Cl,0
COc1cccc(S(=O)(=O)NCc2ccc(C(=O)NCc3ccco3)cc2)c1,0
CCOc1ccccc1N1CCN(C(=O)c2cc(C)oc2C)CC1,0
CCOC(=O)c1ccc2c(c1)nc(COc1ccccc1C#N)n2CC,0
CCCCn1c(SCC(=O)Nc2cc(C)on2)nc2ccccc2c1=O,0
c1ccc(N2CCN(c3cnccn3)CC2)nc1,0
N#Cc1nc(-c2ccco2)oc1NCc1ccco1,0
COC(=O)c1c(NC(=O)c2ccoc2C)sc2c1CCC2,0
CCCC(=O)Nc1ccc(NC(=O)CCc2ccccc2)cn1,0
COc1cc(C2C3C(=O)N(Cc4ccccc4)C(=O)C3ON2c2ccccc2)cc(OC)c1O,0
O=C(NCc1ccco1)C1CCCN(S(=O)(=O)c2cccc3nsnc23)C1,0
COCCNC(=O)CN(C(=O)CCC(=O)Nc1ccccn1)c1ccc(F)c(Cl)c1,0
COc1ccc(OC)c(S(=O)(=O)NC2CCN(Cc3ccccc3)CC2)c1,0
CCOC(=O)c1cccc(NC(=O)C2CCCN(S(=O)(=O)c3c(C)nn(C)c3C)C2)c1,0
CCCn1c(-c2ccccc2)nc2c(=O)n(C)c(=O)[nH]c21,0
COc1ccc2c(c1)c1c(n2C(C)=O)C(OC(C)=O)=NCC1,0
CSc1nnc2c(n1)OC(C1CC=C(C)CC1)Nc1ccccc1-2,0
CN(C)c1ccc(-c2nn3c(-c4ccc(Cl)cc4)nnc3s2)cc1,0
c1ccc(CCc2nn3c(Cn4cnc5ccccc54)nnc3s2)cc1,0
COCCCNC(=O)COc1ccc(Cl)c(C)c1,0
O=C1c2cccc3cccc(c23)N1CN1CCN(c2ccccn2)CC1,0
O/N=C(/Cc1ccccn1)c1ccccc1,0
O=C(CCCn1c(=O)c2ccccc2n(CC(=O)NCc2ccco2)c1=O)NCc1ccco1,0
O=C1C=CC=C/C1=C1\NNC2=C1C(c1ccccc1)N(Cc1ccco1)C2=O,0
CCOCCN(C(=O)COC)c1cccc(OC)c1,0
O=C(CSc1nnc(-c2ccncc2)n1Cc1ccco1)OC1CCCCC1,0
O=C(Nc1nc2c(s1)CCc1ccccc1-2)c1ccco1,0
CCOC(=O)N1CCN(C(=O)CSc2ccc(Cl)cc2)CC1,0
Cc1ccc2c(c1)C1CN(C)CCC1N2S(=O)(=O)c1ccccc1,0
Cc1ccc(NC(=O)c2cc(N3CCOCC3)nc3ccccc23)cc1,0
CN1/C(=C\C(=O)CN2C(=O)NC3(CCCCCC3)C2=O)C(C)(C)c2ccccc21,0
CCCC(=O)Nc1c(O)[nH]c2ccccc2c1=O,0
COc1ccc(-n2ncc3c(NCc4ccc5c(c4)OCO5)ncnc32)cc1,0
O=C1C=CC=C/C1=C\NS(=O)(=O)c1cccs1,0
CCOCC(=O)Nc1ccc2c(c1)OCCO2,0
COC(=O)c1[nH]c2cccc(C)c2c1NC(=O)CN1CCN(C(=O)c2ccco2)CC1,0
COc1ccccc1NS(=O)(=O)CC12CCC(CC1=O)C2(C)C,0
COCCSc1nc2sc3c(c2c(=O)n1-c1ccccc1)CCN(C)C3,0
COC(=O)C1C(c2ccccc2)C(C(=O)N2CCN(C)CC2)C1c1ccccc1,0
CC(=O)NCCn1c(SCc2ccccc2F)nc2ccccc2c1=O,0
CCOc1ccccc1C1C(C(=O)OC)=CN(C)C=C1C(=O)OC,0
COc1ccc2cc(C(c3nnnn3C(C)(C)C)N3CCSCC3)c(=O)[nH]c2c1,0
CCCOc1ccc(Cc2nn3c(=O)/c(=C/c4ccco4)sc3nc2=O)cc1,0
COc1ccc(OCCC(=O)Nc2cc(C)on2)cc1,0
N#[N+]/C=C(\[O-])CC(c1ccccc1)N1C(=O)c2ccccc2C1=O,0
CCOc1ccc(OCC)c(NC(=O)C2CCCN(c3nc(C)cc(C)n3)C2)c1,0
CCOc1ccc(C2/C(=C(/O)c3ccc(OC)cc3)C(=O)C(=O)N2c2cc(C)on2)cc1OC,0
Cc1c(C(=O)Nc2cccc3cccnc23)oc2ccccc12,0
CC(=O)c1cc2c(cc1NC(=O)c1cc(C)nn1-c1ccccc1)OCO2,0
Cc1cc(C)n(C2=NS(=O)(=O)c3ccccc32)n1,0
O=C(c1ccccc1)N1CCn2c(nc3ccccc32)C1,0
CC1(C)Cc2cccc(OCC(=O)O)c2O1,0
Cc1cc(C)cc(OCc2nnc(SCC(=O)c3ccccc3)o2)c1,0
CN(C)c1ccc(CNC23CN4CN(CN(C4)C2)C3)cc1,0
CC(C)CC(=O)Nc1cccc(-c2cn3ccsc3n2)c1,0
O=C(CSc1nc2ccccc2n1CC(=O)N1CCCC1)Nc1ccc2c(c1)OCO2,0
CCCOC(=O)C1=C(C)NC2=C(C(=O)CCC2)C1c1cccc(OC)c1OC,0
CCCCCOC(=O)c1cc(=O)[nH]c2ccccc12,0
CCOC(=O)CSC1=C(C#N)C(c2ccc(Cl)cc2)C(C(=O)OC)C(=O)N1,0
O=C(CSc1nnc(Cc2cccs2)n1-c1ccccc1)NCc1ccc2c(c1)OCO2,0
COc1ccc(-c2noc(CN3CCN(c4ccccc4F)CC3)n2)cc1OC,0
Cc1cc(C)n(-c2nc(C)nc(N)n2)n1,0
CCOC(=O)c1cc2sc(C)cc2n1CC(=O)Nc1ccc2c(c1)OCCO2,0
CC1CN(c2oc(-c3cccs3)nc2C#N)CC(C)O1,0
CCCCN(C(=O)NC(=O)Nc1ccccc1C)S(C)(=O)=O,0
CCOC(=O)c1nnn(-c2nonc2OC)c1-c1ccccc1,0
O=C(CCCN1C(=O)c2ccccc2C1=O)Nc1nncs1,0
O=c1oc2ccccc2c2nccnc12,0
Cn1c(=O)c2c(nc(SCC(=O)NCC3CCCO3)n2C)n(C)c1=O,0
CCNC(=O)c1c(O)n2c3c(cccc3c1=O)CC2,0
O=S(=O)(c1cccs1)N1CCc2ccccc2C1,0
COc1cccc(CNC(=O)C2CCCN(c3nn4c(=O)cc(C)nc4s3)C2)c1,0
N#Cc1nc(-c2cccc3ccccc23)oc1N1CCCCC1,0
Cc1ccc(/C=C/S(=O)(=O)N2CCC(C(=O)O)CC2)cc1,0
COc1ccc(OC(C)C(=O)N2CC(C)OC(C)C2)cc1,0
COc1ccc(OC)c(N(CC(=O)NCc2ccccn2)S(C)(=O)=O)c1,0
Cc1[nH]c2ccccc2c1SCC(=O)N1CCOCC1,0
CN(C)/C=N/c1ncc2c3ccccc3n(Cc3ccccc3)c2c1C#N,0
O=C(c1ccncc1)N1CCN(C(=O)c2cccs2)CC1,0
COc1ccccc1Nc1nc2c(s1)CCC2,0
Cc1ccc2c(c1)C1(C(=O)N2C)N2CC3(C)CN1CC(C)(C2)C3=O,0
COc1ccc(NC(=O)CCS(=O)(=O)c2cccc3nonc23)c(OC)c1,0
Nc1nnc(SCc2cc3c(cc2Cl)OCO3)s1,0
Cc1onc(-c2ccccc2Cl)c1C(=O)Nc1nnc(C(C)C)s1,0
CN1C(=O)C(CC(=O)Nc2ccc3c(c2)Cc2ccccc2-3)N(C)C1=O,0
CCC(=O)Nc1nc2c(OC)ccc(C)c2s1,0
O=C(OCc1nnc(-c2ccccc2)o1)c1cn(-c2ccccc2)nc1-c1ccccc1,0
CCc1ccc2[nH]c(=O)c(C(c3nnnn3Cc3ccccc3)N3CCOCC3)cc2c1,0
CCOCCc1nnc(NC(=O)COC)s1,0
O=C(O)CCC(=O)N1CCC(C(=O)c2cccc(Cl)c2)CC1,0
O=C(O)CCCC(=O)NCCCc1ccccc1,0
O=C(CSc1nnnn1C1CCCCC1)Nc1cccc(NC(=O)c2ccco2)c1,0
COc1ccc(CCNc2nc(N3CCCCC3)nc(N3CCCCC3)n2)cc1OC,0
COc1ccc(CCCc2nnc(SCC(=O)Nc3nc(C)cs3)n2C)cc1C,0
Cc1cc2ncc(-c3ccc(Cl)cc3)c(N)n2n1,0
COc1ccc(Oc2c(C)oc3cc(OC(=O)N4CCOCC4)ccc3c2=O)cc1,0
CC(C)n1nnnc1SCC(=O)Nc1ccccc1N1CCOCC1,0
CCOC(=O)c1cnc(-n2nc(C)cc2C)nc1Nc1ccc2c(c1)OCO2,0
CCn1c2ccccc2c2nnc(SCC(=O)Nc3cc(C)on3)nc21,0
N#Cc1nc(Cc2ccccc2)oc1N1CCN(c2cccc(Cl)c2)CC1,0
CCOC(=O)c1[nH]c(C)c(/C(O)=C2\C(=O)C(=O)N(CCCN(CC)CC)C2c2cccnc2)c1C,0
CC(C)OC(=O)c1cccc(C(=O)O)n1,0
COc1ccccc1CNc1ccc(N2CCCCC2)cc1,0
Fc1ccc(CSc2nc3ncccc3[nH]2)cc1,0
Cc1ccc(N2CC(C(=O)NCc3ccc4c(c3)OCO4)CC2=O)cc1C,0
COc1ccc2c(c1)c(C(=O)CN1CCOCC1)c(C)n2C,0
COc1ccc(CC(=O)Nc2ccc(-c3noc(-c4cccc(OC)c4)n3)cc2)cc1,0
CCOC(=O)C1CCN(/C=C2/C(=O)NC(=O)N(c3ccc(OCC)cc3)C2=O)CC1,0
CCSc1nnc(NC(=O)C(CC)Oc2ccccc2)s1,0
O=C(NC1CCN(Cc2ccccc2)CC1)C1COc2ccccc2O1,0
COc1ccc2oc(C)c(C(=O)Cn3ccnc3)c2c1,0
CCN(CC)c1ccc(-c2nn3c(-c4n[nH]c5c4CCC5)nnc3s2)cc1,0
CCCOc1cccc(C(=O)N(Cc2ccco2)C2CCS(=O)(=O)C2)c1,0
CC1Oc2ccccc2N(CC(=O)N(Cc2ccccc2)Cc2ccccn2)C1=O,0
Cc1c(C(=O)O)oc2c3c(ccc12)OCCO3,0
Cn1c(=O)n(CCc2ccccc2)c(=O)c2c1nc1n2CCN1Cc1ccco1,0
CCOC(=O)c1cnn(-c2ncnc3c2oc2ccccc23)c1N,0
CC(=O)NCCn1ccc2ccccc21,0
Cc1c(C(=O)Nc2ccc3c(c2)OCO3)sc2nc(-c3ccccc3)cn12,0
CCOC(=O)c1c(C)nn(Cc2ccccc2)c1N,0
O=C(O)c1ccc(N2CCCC2=O)cc1,0
Cc1ccccc1OCc1nnc2c3cnn(C)c3ncn12,0
O=C(CSc1nnnn1Cc1ccccc1)NCCc1ccccc1,0
Cc1cc(C)cc(NC(=O)Cn2ncn3c(cc4ccccc43)c2=O)c1,0
CN(C)C(CNc1nnnn1-c1ccccc1)c1ccco1,0
Cc1cccc(Nc2nc3c(c(=O)n(C)c(=O)n3C)n2Cc2ccccc2)c1,0
CCCC(c1nnnn1Cc1cccs1)N1CCN(c2ccc(OC)cc2)CC1,0
CN(C)C(=O)N1CCN(C(=O)c2ccccc2Sc2ccccc2C#N)CC1,0
O=C(O)C(Cc1c[nH]c2ccccc12)NS(=O)(=O)c1cccc2nsnc12,0
CCCCOCCCNC(=O)COc1ccccc1,0
CCOC(=O)/C(C#N)=C1/CCCCCN1C,0
O=C(CCCCC(=O)NCc1cccs1)NCc1cccs1,0
CC1Cc2ccccc2N1C(=O)CSc1nnc(CNc2ccccc2)o1,0
Cc1cc(C)n(CC(O)COc2cccc(OCC(O)Cn3nc(C)cc3C)c2)n1,0
Cc1cccc(C(=O)Nc2ncc(CN3CCOCC3)s2)c1,0
COc1ccc(N2CCN(c3nc4c(c(=O)[nH]c(=O)n4C)n3Cc3ccccc3Cl)CC2)cc1,0
O=C(c1cnsn1)N1CCN(c2ccccn2)CC1,0
COc1ccc(S(=O)(=O)N2CN(Cc3ccco3)c3nc4ccccc4nc32)cc1,0
Cc1c(C(=O)COC(C)(C)C)[nH]c2ccccc12,0
Cc1cccc(CS(=O)(=O)Cc2ccc(C(=O)NCC3CCCO3)o2)c1,0
COc1ccc(Cl)cc1NC(=O)C1CCCN(c2cc(C)nc3ncnn23)C1,0
CN(c1ccccc1)S(=O)(=O)c1cc(C(=O)c2nccn2C)ccc1Cl,0
CCOc1ccc(N(CC(=O)Nc2ccc(C)c(C)c2)S(=O)(=O)c2c(C)noc2C)cc1,0
O=C(Oc1ccc2c(c1)OCC2=O)c1ccccc1,0
O=C(NC1c2ccccc2-c2ccccc21)c1ccco1,0
COc1ccc2c(=O)c3c(=O)n(Cc4ccco4)c(C4CCCCC4)nc3oc2c1,0
C(=N/n1cnnc1)\c1ccc(-c2ccccc2)cc1,0
CC(C)NC(=O)c1cc2c(-c3ccc(Cl)cc3)nn(C)c2s1,0
COC(=O)CSc1nc2cc(C)cc(C)c2cc1C#N,0
CCCCn1ccnc1C(=O)c1cccc(S(=O)(=O)N2c3ccccc3CC2C)c1,0
Cc1cc(C(=O)NCCCN2CCCC2=O)cs1,0
COc1ccc(CCNC(=O)c2ccc(CN3CCOCC3)cc2)cc1,0
CCSc1nnc(NC(=O)C2(C)Cc3ccccc3C(=O)O2)s1,0
CCCn1cc(C(CC(=O)O)C(=O)O)c2ccccc21,0
COC(=O)c1sc2cnccc2c1N,0
COc1ccc2c(c1)CCc1c(C(=O)N3CCCC3)noc1-2,0
O=C(C1CCN(S(=O)(=O)c2cccc3cccnc23)CC1)N1CCN(Cc2ccccc2)CC1,0
O=C(Nc1cc(=O)c2ccccc2o1)N1CCCCC1,0
Cc1ccc(CC2CC(=O)N(c3cc(C)on3)C2=O)cc1,0
Cn1c(=O)n(CC(=O)Nc2ccc(F)cc2)c2ccccc21,0
C=CCN1C(=O)C2(C(C(=O)OCC)=C(N)Oc3ccccc32)c2c1c1ccccc1oc2=O,0
Cc1ccc2[nH]c3c(c2c1)CN(C(=O)CN1CCN(c2ccccn2)CC1)CC3,0
CCOC(=O)/C(C(=O)c1ccccc1)=C(\N)NC,0
O=C1c2cccnc2C(=O)N1Cc1ccco1,0
Cc1cc(C)cc(NC(=O)CSc2nnc(-c3ccc(S(=O)(=O)N4CCCC4)cc3)o2)c1,0
Cc1nc2ccc(NC(=O)c3c(-c4ccccc4)noc3C)cc2s1,0
CCOc1ccccc1-n1c(SCC(N)=O)nnc1-c1ccco1,0
Cc1occc1-c1nnc(SCC(=O)c2c[nH]c3ccccc23)n1C,0
CCCOc1ccc(C(=O)NCCC(=O)NCCCC(=O)OCC)cc1,0
Cc1ccc(NC(=O)C2CC(=O)NC(Nc3cccc(C)c3)=N2)cc1,0
COc1ccc(S(=O)(=O)Nc2cc(C(C)C)c(O)cc2C)cc1,0
CSc1ccc(S(=O)(=O)Nc2cccc(F)c2)cc1,0
Cc1ccc(-n2ncc3c(N4CCC5(CC4)OCCO5)ncnc32)c(C)c1,0
CCOC(=O)C1CCN(Cc2ccc(C(=O)OC)cc2)CC1,0
O=C1c2ccccc2NC(c2ccccn2)N1c1ccc(Cl)cc1,0
COC(=O)C(NC(=O)c1ccccc1)=C1CCCCC1,0
Cc1cc(C)c2nc(SCC#N)cc(C)c2c1,0
Cc1ccc(S(=O)(=O)NC(CC(=O)NC2CCCC2)c2ccco2)cc1,0
O=C(c1ccccc1)c1ccc(C(=O)N2CCN(c3ccc(F)cc3)CC2)o1,0
O=C(Cc1ccccc1)Nc1cccc(-c2nc3ncccc3o2)c1,0
COC(=O)c1cc2c([nH]c3ccccc32)c(C)n1,0
Cc1ccc(C(=O)c2coc3ccc(O)c(CN4CCN(C)CC4)c23)cc1,0
CC(C)Oc1ccccc1-c1nc(SCC(=O)O)n[nH]1,0
Cc1ccc2nc(SC(C)C(=O)N3CCCC3)[nH]c2c1,0
CCN(CC)CCNC(=O)CCn1c(=S)[nH]c2cc3c(cc2c1=O)OCO3,0
O=C(CSc1nc2ccccc2n1CC(=O)N1CCCC1)Nc1nccs1,0
O=C(CSc1nc2ccccc2c(=O)n1Cc1ccco1)NCc1ccco1,0
Cc1ccccc1-n1c(SCc2ccccn2)nc2nnc(C)c-2c1N,0
O=C(Cc1cccs1)Nc1nnc(CCc2ccccc2)s1,0
CCCCN(CCCC)c1nc2ccccc2nc1C(C#N)C(=O)NCCCOC,0
Cc1cccc(NCN2C(=O)c3ccncc3C2=O)n1,0
COc1cc(C2c3c(oc4ccccc4c3=O)C(=O)N2CCN2CCOCC2)cc(OC)c1OC,0
CCCCC(SCC(=O)Nc1ccccc1)C(=O)O,0
Cc1c(C(=O)Nc2ccc3oc(-c4cccnc4)nc3c2)oc2ccccc12,0
CCOCCCNC(=O)C(c1ccc(C)cc1)N(Cc1ccc2c(c1)OCO2)C(=O)CNC(C)=O,0
COc1ccc(NC(=O)c2cc(CC(C)C)on2)cc1OC,0
O=C(CNC(=O)C1CCCCC1)NC1=NCCS1,0
Cc1ccc(Cn2nnc3c(=O)n(Cc4ccccc4C)cnc32)cc1,0
O=C(O)c1cccnc1SCCc1ccccc1,0
CCc1c(O)n(C2CCCCC2)c(SCC(=O)Nc2ccc(C)cc2)nc1=O,0
CC1(C)Oc2ccc(C(=O)N3CCCC3)cc2N(CC(=O)NCc2ccccc2)C1=O,0
CC(C)c1ccc(NC(=O)c2cnn(-c3ccccc3)c2NC(=O)c2ccco2)cc1,0
CC1=CC(C)(C)N2C(=O)C3(C(C#N)=C(N)Oc4cc(O)ccc43)c3cccc1c32,0
COc1cc2[nH]c3c(=O)n(CCN(C(C)C)C(C)C)cnc3c2cc1OC,0
O=C(c1cc2ccccc2oc1=O)N1CCN(CCc2ccccc2)CC1,0
COc1ccc2c(c1)c1ncnc(N3CCN(Cc4ccc5c(c4)OCO5)CC3)c1n2C,0
CCOc1ccc(Nc2nc(Cc3nnc(SCC(=O)NCc4ccco4)n3CC)cs2)cc1,0
COc1ccc(-n2c(C)nnc2SCC(=O)N2C(C)CCCC2C)cc1,0
Cn1c(NC(=O)c2ccc(C(C)(C)C)cc2)cc(=O)n(C)c1=O,0
O=S(=O)(CC1CSc2ncnc3ncn1c23)c1ccc2ccccc2c1,0
O=C(Nc1ccc2nsnc2c1)c1ccc2c(c1)OCO2,0
COC(=O)c1c(N)n(Cc2ccc(OC)cc2)c2nc3ccccc3nc12,0
CCOC(=O)C1=C(C)NC(=O)NC1c1c(OCC(=O)N2CCCCC2)ccc2ccccc12,0
COc1cc(C(=O)Nc2cc(C)ccn2)cc(OC)c1OC,0
COc1ccc(NCc2nnc(SCC(=O)Nc3cc(C)cc(C)c3)o2)cc1,0
CC1=C(C(=O)Nc2ccccc2)C(c2cccs2)C(C#N)=C(SCC#N)N1,0
Cc1sc(-n2c(C)cc(/C=N/n3cnnc3)c2C)c(C#N)c1C,0
Cc1c(/N=C/c2ccncc2)c(=O)n(-c2ccccc2)n1C,0
Cc1ccc(CCN2CC(C(=O)NCCCN3CCN(C)CC3)CC2=O)cc1,0
COc1ccc(N2C(=O)CCC(C(=O)NCCN3CCOCC3)C2c2ccc(OC)c(OC)c2)cc1,0
CC(C)CN(CC(C)C)c1nc(N)c(C#N)c(CC#N)c1C#N,0
COc1ccc(-c2nnc(SCC(=O)Nc3ccccc3OC)o2)cc1,0
CC(=O)N1CCN(C(C)=O)C1c1ccccc1,0
COC(=O)c1ccccc1NC(=O)N1CCN(C/C=C/c2ccccc2)CC1,0
Cn1c(CCNC(=O)c2ccco2)nc2cc(NC(=O)NC3CCCCC3)ccc21,0
O=C(NCCCn1ccnc1)Nc1cccc(Cl)c1,0
COc1ccc(-c2c3c(=O)n(C)c(=O)n(C)c3cn2-c2cc(OC)ccc2OC)cc1,0
COCc1nc(-c2ccc(-c3ccc(OC)cc3)nc2OC)no1,0
CC(C)(Oc1ccc(Cl)cc1)C(=O)Nc1cccnc1,0
COc1ccc2nc(N3CCC(C)CC3)c(C#N)cc2c1,0
Cc1nn(CC(=O)Nc2ccc3c(c2)oc2ccccc23)c(=O)c2ccccc12,0
CCn1c(SCCC(=O)O)nnc1-c1cccnc1,0
Cc1[nH]c(NCc2ccco2)nc(=O)c1CCC(C)C,0
CCn1c(SCC(=O)NCc2cccs2)nnc1-c1ccncc1,0
COc1cccc(C(c2sc3nc(C)nn3c2O)N2CCN(c3ccccc3F)CC2)c1,0
O=C(Nc1ccc2c(c1)OCO2)C1CCCN(S(=O)(=O)Cc2ccccc2)C1,0
Cc1cc(C)cc(N2C(=O)CSC2c2cccs2)c1,0
CCn1c(SCC(N)=O)nnc1-c1ccc(S(=O)(=O)N2CCN(C)CC2)cc1,0
Cc1cc(-c2nnc(SCc3cccnc3)o2)no1,0
CCN1CCN(C(=O)c2ccc(NS(=O)(=O)c3ccccc3)cc2)CC1,0
COCCCNC(=O)c1c(N)n(/N=C/c2ccccn2)c2nc3ccccc3nc12,0
c1ccc(NC2=Nc3ccccc3CS2)cc1,0
CCN(Cc1nc(=O)c2ccccc2[nH]1)Cc1nc(=O)c2cc(OC)c(OC)cc2[nH]1,0
CCCCCn1c(N2CCC(Cc3ccccc3)CC2)nc2c1c(=O)[nH]c(=O)n2C,0
O=C(O)c1cccc2c1C(=O)N(Cc1ccncc1)C2,0
CCN(CCCNC(=O)Cn1cc2c(n1)CCCC2)c1cccc(C)c1,0
COc1cccc(C(=O)NCCC2=CCCCC2)c1OC,0
COc1ccc(N(CC(=O)Nc2ccc3c(c2)OCCO3)S(=O)(=O)c2c(C)noc2C)cc1,0
COc1ccc(CN(Cc2cc3cc(C)ccc3[nH]c2=O)C(=O)N(C)C)cc1,0
c1ccc(CCc2nc(-c3ccncc3)no2)cc1,0
CCOc1ccc2noc3c2c1C(=O)c1ccccc1-3,0
Nc1ncnc2nc(SCC(=O)N3CCN(c4ccccc4)CC3)[nH]c12,0
COc1cccc(OC)c1OCCCN1CCOCC1,0
CC(n1cnnn1)C12CC3CC(CC(C3)C1)C2,0
CCOc1ccc(NC(=O)CSc2nnc(-c3ccncc3)n2CC2CCCO2)cc1,0
Cn1c(COc2ccccc2)nnc1SCCN1CCOCC1,0
Cc1cccc(NC2=NCCCS2)c1C,0
CCOC(=O)C1CCN(C(=O)Cn2cc(C(=O)c3ccco3)c3ccccc32)CC1,0
Cc1ccc(C)c(N2CCN(C(=O)C3CCN(S(=O)(=O)c4cccc5nsnc45)CC3)CC2)c1,0
CC(C)Cc1nc(N2CCOCC2)c(C#N)c2c1COC(C)(C)C2,0
CCOc1ccccc1NC(=O)N1CCC(c2nc3ccc(C)cc3[nH]2)CC1,0
Cc1nnc(C)n1N1C(=O)c2cccc3cccc(c23)C1=O,0
Cc1nc2c(C(=O)N3CCCC3)c[nH]n2c(=O)c1Cc1ccc(F)cc1Cl,0
CSc1ccccc1C(=O)NCCSC(C)(C)C,0
Cc1cccc(NC(=O)C2CCCN2C(=O)OCC(C)C)c1C,0
O=C(CCCSc1nnc(-c2cccs2)n1CC1CCCO1)c1ccccc1,0
CC1(C)CC(=O)N(CC(=O)O)c2ccccc2S1,0
CCSC1=C(C#N)C(c2cccs2)C(C(=O)OC)=C(C)N1,0
Cc1cccc(NC(=O)c2sc3nc(-c4ccc(F)cc4)cn3c2C)n1,0
C=CCNC(=O)c1ccccc1Cl,0
COc1ccc(CNC(=O)c2cc3c(=O)n4ccccc4nc3n(Cc3ccco3)c2=N)cc1,0
Cc1cc(C)n(-c2nc3c(c(=O)[nH]c(=O)n3C)n2C(C)C)n1,0
CCc1nc(Sc2nc(C)cc(C)n2)c2oc3ccccc3c2n1,0
O=C(Cc1ccc(Cl)cc1)Nc1ccc(N2CCN(C(=O)c3ccco3)CC2)cc1,0
COc1ccc(OC)c2[nH]c(=O)c(CCNC(=O)C(C)(C)C)cc12,0
O=C(CC1C(=O)OCN1C(=O)OCc1ccccc1)OCC(=O)c1ccccc1,0
CC(Oc1ccc(NC(=O)c2ccco2)cc1)C(=O)N1c2ccccc2CC1C,0
CNC(=O)c1cccc(N2CCCC2=O)c1,0
COC(=O)C(CCSC)NC(=O)NCc1ccccn1,0
Cc1ccc(C)c(Cn2cnc3c(cnn3C(C)(C)C)c2=O)c1,0
Cc1ccc2nc(NC(=O)CN3CCOCC3)sc2c1,0
Cc1ccc(-c2[nH]nc3c2C(c2ccc(OC(=O)N4CCOCC4)cc2)C(C#N)=C(N)O3)cc1,0
COc1ccc(NC(=O)CN2C3CCC2CC(O)(c2cccnc2)C3)cc1OC,0
Cc1cccc(N(CC(=O)NC2CCCC2)C(=O)CCCC(=O)Nc2ccccn2)c1,0
COc1ccc(CN(Cc2ccncc2)C(=O)CCC(=O)O)cc1,0
O=c1oc(-c2cccs2)nc2sc3c(c12)CCCCC3,0
c1ccc(COc2ccc(Nc3ncnc4nc[nH]c34)cc2)cc1,0
CCOCCn1c(SCC(=O)OCc2ccccc2)nc2c1c(=O)[nH]c(=O)n2C,0
Cc1ccc(S(=O)(=O)N2CCN(C(=O)CSC3CCCC3)CC2)c(C)c1,0
COc1cc2c(cc1OC)-c1cc(NC3CCCCC3)nc(=O)n1CC2,0
NS(=O)(=O)c1ccc(CNC(=O)NC23CC4CC(CC(C4)C2)C3)cc1,0
Fc1cccc(Cl)c1-c1nnc2ccc(N3CCOCC3)nn12,0
Cc1c(C#N)c2ccccc2n1CC(=O)NCc1cccnc1,0
Cc1ccc(CNc2oc(-c3ccco3)nc2C#N)cc1,0
CCc1cc2c(=O)c(-c3nc4ccccc4[nH]3)coc2c(CN2CCCC(C)C2)c1O,0
O=C(CSc1nnc(C2CC2)n1Cc1ccccc1)c1ccc(S(=O)(=O)N2CCOCC2)cc1,0
O=C(CCCOc1ccccc1)Nc1nccs1,0
CCCN(CCC)CCNC(=O)C1CCCN(S(=O)(=O)c2ccc3c(c2)oc(=O)n3C)C1,0
CCO/C(C)=N/n1c2nc3ccccc3nc2c2c(=O)n(Cc3ccccc3Cl)c(C)nc21,0
O=C(O)C1(c2ccc(Cl)cc2)CCC1,0
CCN1CCCC1CN(Cc1cc2ccc(C)c(C)c2[nH]c1=O)C(=O)Nc1ccccc1OC,0
COc1ccc(C(=O)NCc2cccnc2)cc1OC,0
CCOc1ncccc1C(=O)OCc1nnc(-c2ccccc2)o1,0
COc1ccccc1CN1C(=S)SC(C)(C)C1NO,0
O=C(NCC1CCCO1)c1cccs1,0
Cc1cc(C)n(-c2ccc(-n3ccnc3)nn2)n1,0
COc1ccccc1CNC(=O)CS(=O)Cc1nc(-c2ccccc2C)oc1C,0
O=C(NCc1ccc(F)cc1Cl)C1CCN(S(=O)(=O)N2CCC3(CC2)OCCO3)CC1,0
Cc1cc2nnc(SCC(=O)N3C(C)CCCC3C)n2c(N)n1,0
CC1Cc2ccccc2N1C(=O)COC(=O)Cn1nnc(-c2ccccc2)n1,0
COc1ccc(-c2nc(C#N)c(N3CCCCCC3)o2)cc1OC,0
COc1ccc(N2CCN(C(=O)CCCn3c(=S)[nH]c4cc5c(cc4c3=O)OCO5)CC2)cc1,0
O=C(CCCC(=O)n1cnc2ccccc21)n1cnc2ccccc21,0
O=C(c1cccs1)N(Cc1ccco1)Cc1cc2ccccc2[nH]c1=O,0
COC(=O)C1=C(C)NC(C)=C(C(=O)OC)C1c1cc2cc(C)ccc2[nH]c1=O,0
COc1ccc(C(=O)CN2C(=O)C(C)(C)Oc3ccc(C(=O)N4CCCCCC4)cc32)cc1,0
Cn1c(CCNC(=O)c2ccco2)nc2cc(NC(=O)C3CCCCC3)ccc21,0
CCOC(=O)N1CCN(C(=O)C2CCCN(S(C)(=O)=O)C2)CC1,0
CCOC(=O)c1[nH]c2cc(OC)c(OC)cc2c1NC(=O)c1ccc2c(c1)OCO2,0
COC(=O)COc1ccc2oc(=O)cc(C)c2c1,0
O=C(CSc1nnnn1-c1ccccc1Cl)Nc1ccc2c(c1)OCCO2,0
Cc1c(NC(=O)c2ccc3c(c2)OCO3)cccc1-c1nc2ncccc2o1,0
O=C1CC(N2CCC(c3nc4ccccc4[nH]3)CC2)C(=O)N1Cc1ccccc1,0
Cc1ccc(CCNC(=O)C2CCN(C(=O)c3sccc3-n3cccc3)CC2)cc1,0
CC(OC(=O)c1cccs1)C(=O)NCc1ccccc1,0
CSc1cccc(NS(=O)(=O)c2cccs2)c1,0
COc1ccccc1-c1c(C)oc2cc(OC(=O)c3ccco3)ccc2c1=O,0
O=C(N1CCN(CCO)CC1)N1c2ccccc2C=Cc2ccccc21,0
Cc1ccc(C(=O)Nc2ccccc2N2CCN(C(=O)C(C)C)CC2)cc1,0
Cc1ccc2oc(=O)c3cnn(CC(=O)NCCC(C)C)c3c2c1,0
COC(=O)c1cc(OC)c(OC)cc1N,0
Cc1cc(=O)n2nc(N3CCC(C(=O)NCCC4=CCCCC4)CC3)sc2n1,0
O=C1N(Cc2ccc3c(c2)OCO3)c2ccccc2C1(O)c1c[nH]c2ccccc12,0
Cc1ccc(Cn2c(SCC(=O)NCc3ccco3)nc3ccsc3c2=O)cc1,0
O=C(c1ccc2c(=O)n(-c3ccccc3)c(=O)[nH]c2c1)N1CCCCC1,0
CCc1nc(N2CCNCC2)c(C#N)c2c1CSC(C)(C)C2,0
CCn1c(CSc2nc3ccccc3[nH]2)n[nH]c1=S,0
O=C(NCc1ccco1)c1cc(-c2cccs2)on1,0
CCS(=O)(=O)N1CCC(C(=O)NCc2ccccc2OC)CC1,0
O=C(NC1CCN(C(=O)N2c3ccccc3Sc3ccccc32)CC1)c1ccco1,0
COc1ccc(Cn2nnnc2C(c2ccc(N(C)C)cc2)N2CCC(C)CC2)cc1,0
O=C(CCCn1c(=O)c2ccccc2n(Cc2ccccc2)c1=O)NCc1ccco1,0
COc1cc(-c2c3c(C)[nH]n(-c4ccccc4)c-3nc(=O)c2C#N)ccc1O,0
COc1ccc(-c2nnc(SCC(=O)Nc3ncc(C)s3)n2-c2ccccc2)cc1OC,0
Cc1cc(C)c2c(N)c(C(=O)c3ccccc3)oc2n1,0
CC(C)OC(=O)c1nnn(-c2nonc2N)c1CN1CCCCCC1,0
CC(C)(C)c1[nH]nc2c1C(c1ccncc1)C(C#N)=C(N)O2,0
CC(C)CCNc1nc2c(cc1C#N)COC(C)(C)C2,0
CCOC(=O)N1CCC(NC(=O)c2sc3nc4n(c(=O)c3c2C)CCCC4)CC1,0
Cc1[nH]c2ccc(-c3nnc(SCC(=O)NCc4ccco4)n3Cc3ccccc3)cc2c1C,0
O=c1nc(SCc2ccccc2Cl)[nH]c2c1CCC2,0
CCCCc1nc2ccccc2n1Cc1nnc2n1-c1ccccc1SC2,0
O=C(CN1CCN(c2nc(-c3ccc(Cl)cc3)cs2)CC1)NCc1ccco1,0
CCCC(=O)N(Cc1cc2cc(C)ccc2[nH]c1=O)c1ccccc1OC,0
O=C(NCCC1=CCCCC1)C1CCCN(S(=O)(=O)c2cccnc2)C1,0
CCn1c(O)c(C(=O)NCCCO)c(=O)c2ccccc21,0
c1ccc(-c2nc(-c3ccncc3)no2)cc1,0
CCOc1ccc(NC(=O)C(C)Sc2nnc(C)n2C)cc1,0
O=C(c1ccccc1Oc1ccccc1)N1CCN(c2ccccc2)CC1,0
O=C(c1cccn2c(=O)c3ccccc3nc12)N1CCN(Cc2ccc3c(c2)OCO3)CC1,0
CCOCc1nnc(NC(=O)CSc2ccccc2)s1,0
CC(=O)c1cc(C#N)c(SCC(=O)OC(C)C)nc1C,0
Nc1nc(N2CCOCC2)nc(N(c2ccccc2)c2ccccc2)n1,0
CCOC(=O)N1CCC(=C2c3ccc(Cl)cc3CCc3cccnc32)CC1,0
CC(C)(C)OC(=O)N1CCC(C(=O)N2CCCC2C(=O)O)CC1,0
COc1ccc(OCCSc2ncnc3nc[nH]c23)cc1,0
O=C(CC(NS(=O)(=O)c1ccc(Cl)cc1)c1ccco1)NCc1cccnc1,0
CCOc1ccc(OCC)c(NC(=O)C2CCN(c3nn4c(=O)cc(C)nc4s3)CC2)c1,0
O=C(OCC1COc2ccccc2O1)c1ccccc1F,0
Cc1ccc(N2C(=O)c3n[nH]c(C)c3C2c2ccccn2)cc1,0
Cc1cccc(NC(=O)Cn2cnc3c(cnn3-c3ccc(F)cc3)c2=O)c1C,0
N#CC1=C(SCC(=O)c2ccc(Cl)cc2)NC2=C(C(=O)CCC2)C1c1ccco1,0
COCCNC(=O)COC(=O)CSCc1nc2ccccc2s1,0
COc1ccc(-c2ccc(OC)cc2C(=O)O)cc1,0
COc1ccc(OCC(=O)Nc2ccc3c(c2)nc2n3CCSC2)cc1,0
CCC(C)(C)NC(=O)C(c1ccncc1)N(Cc1cccs1)C(=O)Cn1nnc2ccccc21,0
CCOc1cccc(-c2nnc(SCC(=O)Nc3cccc(OC)c3)n2N)c1,0
O=C(O)c1cccnc1SCc1ccccc1,0
CCOC(=O)C1=C(CS(=O)(=O)c2ccc(F)c(C)c2)NC(=O)NC1c1ccc(O)c(O)c1,0
COc1ccccc1NC(=O)C1=CC2=NC(c3ccc4c(c3)OCO4)CC(C(F)(F)F)N2N1,0
COc1ccccc1-c1c(C)nn2c(N3CCC4(CC3)OCCO4)cc(C)nc12,0
COc1ccc2c(c1)CCc1c(C(=O)N3CC4(C)CC3CC(C)(C)C4)noc1-2,0
CCN(CC)CCCNC(=O)C1c2ccccc2C(=O)N(C)C1c1ccc(OC)cc1,0
O=C(c1cccc(F)c1)N1CCN(C(=O)c2nn3cccnc3c2Cl)CC1,0
c1ccc(-n2nnnc2-n2ccnc2)cc1,0
O=c1n(-c2cccc(Cl)c2)c(=O)n2n1CCC2,0
Cn1c(SCC(=O)NC2CCCCCC2)nnc1-c1cccs1,0
CSCCC(NC(=O)C1CCC(C)CC1)C(=O)NCCN1CCOCC1,0
CCCCNC(=O)c1cc2c(=O)n3cccc(C)c3nc2n(Cc2ccncc2)c1=N,0
O=C1NCCCc2nc(Oc3ccccc3)sc21,0
CCOC(=O)c1nnn(-c2nonc2NC(C)=O)c1C,0
c1ccc2c(c1)nc(N1CCOCC1)c1nnnn12,0
CCN1CCN(C(=O)c2cc3c(=O)n4ccccc4nc3n2Cc2ccccc2)CC1,0
CC(=O)c1nn(-c2cccc(Cl)c2)cc1C(=O)c1ccco1,0
CC(=O)c1cccc(N2/C(=N/C(=O)C(C)C)SC3CS(=O)(=O)CC32)c1,0
COc1cc(C(=O)N2CCN(S(=O)(=O)c3ccc(C)cc3)CC2)ccc1OCc1c(C)noc1C,0
COc1cc(C(=O)Nc2cc(C)c(OCC(=O)N3CCOCC3)c(C)c2)cc(OC)c1OC,0
COc1nc(NCCc2ccc(OC)c(OC)c2)nc(OC)n1,0
COc1ccc2c(CSc3nc4nc(C)cc(C)n4n3)cc(=O)oc2c1,0
O=C(NCCCN1CCOCC1)c1cc(-c2ccc(F)cc2)on1,0
CCCCOc1ccc(/C(O)=C2/C(=O)C(=O)N(CCCOC)C2c2ccncc2)cc1C,0
Cn1cc(Cl)c(C(=O)NC2CCCCCC2)n1,0
COC(=O)c1ccc(NC(=O)CN2CCN(c3cccc(Cl)c3)CC2)cc1,0
Cc1ccc(NC(=O)NCCCN2CCOCC2)cc1,0
O=C(NC1CCCCC1)N1CCC(c2nc(-c3ccc(S(=O)(=O)N4CCCC4)cc3)no2)CC1,0
Cc1ccc(S(=O)(=O)N2CC(=O)Nc3ccccc32)cc1C,0
O=S(=O)(c1cccs1)N1CN(CC2CCCO2)c2nc3ccccc3nc21,0
CC(C)c1ccc(NC(=O)CCNS(=O)(=O)c2cccc3nonc23)cc1,0
CCc1ccccc1NC(=O)c1cnccn1,0
COc1ccc(C2CC(=O)c3c(C)nc(N4CCN(c5ccccc5)CC4)nc3C2)cc1,0
Cc1ccc(CC(=O)Nc2nncs2)cc1,0
CCn1c(SCC(=O)Nc2cc(C)on2)nc2sc3c(c2c1=O)CCCC3,0
Cc1nnc(NC(=O)c2ccc3ccccc3c2)o1,0
CCOC(=O)c1ccc(COC(=O)c2cc3ccccc3oc2=O)o1,0
O=C(Cc1ccc(F)cc1)Nc1c2c(nn1-c1cccc(Cl)c1)CS(=O)C2,0
CC(C)N1CC=C2C(C#N)=C(N)C(C#N)(C#N)C(c3ccccc3)C2C1,0
O=c1[nH]c2c(c(=O)n1C1CCCCC1)CCC2,0
CCCCCCOC(=O)C(C#N)c1nc2ccccc2nc1N1CCN(C)CC1,0
COc1cccc(Cn2c(NCc3ccccn3)nc3c2c(=O)n(C)c(=O)n3C)c1,0
COc1cccc(-c2nc(=S)c3c(n2Cc2ccco2)CCCC3)c1,0
Cc1cc(C)c2c3c(sc2n1)C1(CCSCC1)C(C#N)=C(N)O3,0
CCCN1C(=O)c2ccc(C(=O)Nc3nccs3)cc2C1=O,0
CCC1(c2ccc(F)cc2)NC(=O)N(CC(=O)N2CCOCC2)C1=O,0
CCn1c(SCC(=O)Nc2nc(C)cs2)nnc1-c1cccnc1,0
COCCNC(=O)C(c1cccs1)N(C(=O)Cn1nnc2ccccc21)c1ccc2c(c1)OCO2,0
CCc1ccccc1N1CC(C(=O)O)CC1=O,0
Cc1noc(C)c1COC(=O)CCN1c2ccccc2Sc2ccccc21,0
O=C(NC1CCCCC1)C(c1ccc(Cl)cc1)N(C(=O)c1cnccn1)c1ccc2c(c1)OCO2,0
O=c1[nH]c(CN2CCc3ccccc32)nc2scc(-c3cccs3)c12,0
CCCNC(=O)N1CCN(c2ncccn2)CC1,0
Cc1ccc(C(C)C)c(OCC(=O)Nc2ccccc2N2CCN(C)CC2)c1,0
Cc1c(Cl)cccc1NC(=O)CSCc1cc(=O)[nH][nH]1,0
O=S(=O)(NC1CCCC1)c1ccc(S(=O)(=O)NC2CCCC2)cc1,0
COc1cc(-n2c(C)nc3cc(C(=O)NCc4ccco4)ccc32)cc(OC)c1OC,0
CCCOc1cccc(OCCSc2nc(=O)cc(C)[nH]2)c1,0
CCc1ccccc1NC(=O)c1nnn(CC(=O)Nc2cccc(C)c2C)c1N,0
O=C1CN(C(=O)CCCc2c[nH]c3ccccc23)c2ccccc2N1,0
O=C(CCC1COc2ccccc2O1)N1CCCC1,0
CC(C)CCn1cnc2c(cnn2-c2ccc(Cl)cc2)c1=O,0
O=c1c2ccccc2nnn1CSc1nnc(-c2ccc3c(c2)OCO3)o1,0
CCOC(=O)c1[nH]c2ccc(F)cc2c1NC(=O)CN1CCN(C/C=C/c2ccccc2)CC1,0
CCCCCn1c(SC(C)C(C)=O)nc2c1c(=O)[nH]c(=O)n2C,0
CC(C)(C)n1ncc2c(=O)n(CC(=O)NCc3ccccc3Cl)cnc21,0
CCOc1ccccc1NC(=O)N1CCC(NC(=O)c2cccc(C)c2)CC1,0
CCn1nnnc1SCC(=O)Nc1cccc(C)n1,0
Cn1c(N)c(C(=O)NCc2ccccc2)sc1=S,0
Cc1ccc(Nc2oc3cc(=O)ccc-3cc2C(N)=O)cc1,0
O=C(OCCNC1=NS(=O)(=O)c2ccccc21)c1cccnc1,0
Cc1cccc(NC(=O)Cn2c(C)c(C#N)c3ccccc32)c1C,0
CC(C)Oc1ccc(NC(=O)Oc2ccccc2)cc1,0
CC1=CC(=O)N2C(=NC(Nc3ccc(C)cc3C)=NC2c2ccco2)N1,0
O=c1cc(CN2CCN(CCO)CC2)c2cc3c(cc2o1)CCC3,0
Cn1c(N2CCC(C(N)=O)CC2)nc2c1c(=O)n(Cc1ccc(Cl)cc1)c(=O)n2C,0
CCOC(=O)N1CCC(Nc2c(-c3ccc(C)cc3)c(=O)c2=O)CC1,0
Cc1ccc(CCN2CC(C(=O)NCCCN3CCCCCC3)CC2=O)cc1,0
CCOC(=O)c1cc(OCC(=O)NC(C)C(C)C)cc(C(=O)OCC)c1,0
O=C(COc1ccc(S(=O)(=O)N2CCOCC2)cc1)NC1CCCC1,0
O=C(CSc1nnc(-c2ccccc2)o1)OCc1ccccc1,0
COc1nc(NCc2ccc(Cl)cc2)nc(OC)n1,0
CC1CN(C(=O)Cc2ccc(-c3ccccc3)cc2)CC(C)O1,0
CCC(C)(C)n1nnnc1CN(Cc1cc2cc(OC)ccc2[nH]c1=O)C1CCCC1,0
Cc1cc(S(=O)(=O)NC2CCCCC2)c(C)s1,0
Cc1nonc1NC(=O)c1ccc(Cl)c(S(=O)(=O)N2CCCCC2)c1,0
O=C(O)CCCC(=O)NCCc1cccc(Cl)c1,0
CCn1c(C(=O)N2CCC(C(=O)NCCCSC3CCCCC3)CC2)cc2sccc21,0
N#Cc1ccccc1Cn1cc(C(=O)c2cccs2)c2ccccc21,0
COC1(c2cc(-c3ccccc3)nc(N)n2)CCCCC1,0
Cc1cc(C(C)c2ccccc2)c(O)c(CN2CCOCC2)c1C,0
Cc1ccc(NCc2nnc(SCCN3CCCCC3)n2CC2CCCO2)cc1Cl,0
CC(NC(=O)CC1Nc2ccccc2NC1=O)c1ccccc1,0
Cc1ccc(C(=O)C2=C(O)C(=O)N(c3ncccn3)C2c2cccc(Cl)c2)o1,0
O=C(COC(=O)C1CCCCC1)Nc1ccc(N2CCCCC2)cc1,0
Cc1noc(C(=O)Nc2c(C)nn(Cc3ccccc3)c2C)c1Cl,0
OCCCC1=NC2=NC(c3ccc(F)cc3)=CC(c3ccccc3)N2N1,0
COCc1nnc(NC(=O)c2ccc(NC(C)=O)cc2)s1,0
CCOC(=O)CCSCC(=O)Nc1cc(C)on1,0
COc1cc2cc(C)c(SCC(=O)N3CCOCC3)nc2cc1OC,0
Clc1ccc2c(c1)C=Nc1c(ncnc1N1CCCCC1)O2,0
O=C(CN1C(=O)NC(Cc2ccccc2)C1=O)Nc1ccc(F)cc1,0
COC(=O)C1=C(N)Oc2cc(C)n(CCCn3ccnc3)c(=O)c2C1c1ccccc1Cl,0
Cc1ccc2cccc(Oc3nnnn3-c3ccccc3)c2n1,0
OC(c1cccs1)c1nccc2ccccc12,0
CCc1ccc(CNC(=O)CN2C(=O)COc3ccccc32)cc1,0
CCOc1nc(-c2ccc(C)cc2)ccc1-c1noc(COC)n1,0
N#Cc1cc2ccccc2nc1SCC(=O)Nc1ccc(S(=O)(=O)N2CCCC2)cc1,0
O=C(CN(Cc1ccccc1)C(=O)c1ccc2c(c1)OCCO2)NCc1ccc2c(c1)OCO2,0
O=c1c2c(nc3nc(COc4ccccc4)[nH]n13)CCC2,0
O=C(c1ccc2c(c1)ncn2C1CCCCCC1)N1CCC2(CC1)OCCO2,0
COc1ccccc1OCCCn1cc(C(=O)c2ccco2)c2ccccc21,0
CCCC(=O)Nc1ccc(NC(=O)c2ccccc2OC)cn1,0
O=C(NC1CCCC1)C1CC1c1ccccc1,0
COc1cccc(C2NC(=O)NC(C)=C2C(=O)Nc2cccc(C)c2C)c1,0
C=CCn1c(SCC(=O)Nc2ccc3c(c2)OCCO3)nnc1-c1ccccn1,0
O=C1CN(C(=O)OCc2ccccc2)c2ccccc2N1,0
CCOc1nc(SC(C(C)=O)C(=O)Nc2ccccc2)nc(N(C)C)n1,0
CC(=O)Nc1ccc(S(=O)(=O)N2CCSC2c2ccc(Cl)cc2)cc1,0
O=C(c1cnn2ccccc12)N(Cc1ccco1)C1CCCC1,0
Cc1nnc2n(-c3ccccc3)c(=O)c3c4c(sc3n12)CC(C)CC4,0
Cc1cc(C(=O)COc2ccc3ccc(=O)oc3c2)c(C)n1Cc1cccs1,0
O=C(c1ccc(CS(=O)(=O)c2ccccc2)o1)N1CCC2(CC1)OCCO2,0
COC(=O)c1ccc(NC(=O)c2ccccc2NS(C)(=O)=O)cc1,0
CC(=O)c1ccc(NC(=O)c2ccc(S(=O)(=O)N3CCCC3)cc2)cc1,0
Cn1c(C(C#N)C2=C(Cl)C(=O)N(c3ccccc3)C2=O)nc2ccccc21,0
CCOc1ccccc1-c1cc(-c2ccc(OC)cc2)nc2c1c(=O)n(C)c(=O)n2C,0
CC(Sc1nncn1C)C(=O)Nc1ccccc1-c1ccccc1,0
COc1ccccc1NC(=O)CSc1nnc(CC(=O)Nc2ccccc2)n1C,0
Nc1c(NCCC2=CCCCC2)c(=O)[nH]c(=O)n1Cc1ccccc1,0
CCc1c(C)nc2ncnn2c1N1CCCC(C(=O)NCCc2ccccc2)C1,0
O=C(NC1CCCCCC1)C1CCN(S(=O)(=O)c2ccccc2)CC1,0
CC(C)Cc1nc(S(=O)(=O)c2ccc(Cl)cc2)c(N2CCOCC2)o1,0
O=C(O)c1ccc(CN2C(=O)CSC2=S)cc1,0
CCOc1ccc(C)cc1S(=O)(=O)n1ccc(C)n1,0
CC(=O)Oc1ccc(Oc2ccc(-c3noc(C)n3)cc2)cc1,0
c1ccc(-n2c(Sc3cnccn3)nnc2-c2cccs2)cc1,0
CCOC(=O)N1CCN(C(=O)c2cn(-c3ccc(C)c(C)c3)c(=O)c3ccccc23)CC1,0
C/C(=C(\C#N)C(=O)NCCN1CCOCC1)N(C)C,0
CCOc1ccc(NC(=O)Nc2ccc3nccnc3c2)cc1,0
O=C(Nc1ccc(NC(=O)C2CC2)nc1)c1ccco1,0
CC(C)(C)SCCNS(=O)(=O)c1ccccc1,0
Clc1cccc(N2CCN(Cc3nc(-c4ccccc4)no3)CC2)c1,0
Nc1nnc(SCC(=O)NC2CCCCC2)n1-c1ccccc1,0
C=CCOc1nc2c(c(=O)n(C)c(=O)n2C)n1Cc1ccc(Cl)cc1,0
CCN(CC)CCCNC(=O)C1CCN(C(=O)c2cc3sccc3n2Cc2ccc(F)cc2)CC1,0
O=C(NCc1ccco1)C1CCN(S(=O)(=O)c2cccc3cccnc23)CC1,0
COc1cccc(-c2nnc(SCC(=O)Nc3ccc4c(c3)OCCO4)n2Cc2ccco2)c1,0
Cn1c(=O)c2c(nc(CN3CCN(Cc4ccccc4)CC3)n2CCN2CCOCC2)n(C)c1=O,0
O=C(COc1ccccc1)Nn1cnc2ccccc21,0
CNC(=O)CC(C(=O)O)c1ccc(OCC(C)C)cc1,0
O=C(CSc1ncnc2c1oc1ccccc12)N1CCN(c2ccccc2)CC1,0
CCOC(=O)c1cccc(NC(=O)c2cccnc2)c1,0
CC1(C)CC(=O)C(=CNCCN2CCN(C(=O)C34CC5CC(CC(C5)C3)C4)CC2)C(=O)C1,0
Cn1c(COc2ccccc2)nnc1SCc1cc(=O)[nH]c2ccccc12,0
COc1ccc(N(C(=O)Cn2nnc3ccccc32)C(C(=O)NCc2ccco2)c2ccc(C)o2)cc1,0
c1ccc(-n2cnnc2SCc2cn3ccccc3n2)cc1,0
CCOc1ccccc1CN(Cc1ccco1)S(=O)(=O)c1ccc(-n2cnnn2)c(OC)c1,0
CCc1ccc2[nH]c(=O)c(CN(Cc3ccc4c(c3)OCO4)C(=O)c3ccco3)cc2c1,0
Cc1cc(=O)oc2c1ccc1oc(/C(=N/O)c3ccccc3)c(C)c12,0
CCNC(=O)CC1C(=O)N(c2ccc(F)cc2)C(=O)N1Cc1ccc(OC)cc1,0
CCOc1ccc(C(=O)OCC(=O)NCc2ccco2)cc1OCC,0
O=C(c1ccco1)N1CCN(S(=O)(=O)Cc2ccc(Cl)cc2)CC1,0
COCc1cc(C)nc(SCC(=O)NCc2ccco2)c1C#N,0
C#CC(C)(CC)NC(=O)Cn1nnc(-c2ccc(S(C)(=O)=O)cc2)n1,0
Cc1cc(C)n2c(SCCN3C(=O)c4ccccc4C3=O)nnc2n1,0
O=S1(=O)CC(O)C(NCc2ccco2)C1,0
CNC(=O)c1ccc2snnc2c1,0
COc1cccc(NC(=O)c2nc3ncccn3n2)c1,0
Cn1c(N2CCCC2)nc2c1c(=O)n(Cc1ccc(Cl)cc1)c(=O)n2C,0
CCS(=O)(=O)N1CCC(C(=O)NCC2CCCO2)CC1,0
O=C(NC1CCCCCC1)C1c2ccccc2C(=O)N1Cc1cccnc1,0
C=C(C)C(C)(C#CCN1CCCC1)OC(C)=O,0
CCn1c(SCC(=O)NCc2ccc(F)cc2)nc2c(c1=O)SC(C)C2,0
O=C(CC1Nc2ccccc2NC1=O)NCC1COc2ccccc2O1,0
CCOC(=O)C1CCN(c2ncnc3c2oc2ccc(Cl)cc23)CC1,0
CCCC(=O)N1CCN(c2ccc(NC(=O)c3cc4ccccc4o3)cc2)CC1,0
CS(=O)(=O)N(CC(=O)NCc1ccco1)c1ccc2c(c1)OCO2,0
Cc1cc(C(=O)NC(C)C)on1,0
CC(C)C(c1nnnn1C(C)(C)C)N1CCN(c2cccc(Cl)c2)CC1,0
COC1=C/C(=C2\NNC=C2C(=O)c2ccccc2C)C(=O)C=C1,0
CCOC(=O)c1ccccc1NC(=O)COC,0
CCOc1ccc(N2C(=O)c3cccnc3C2=O)cc1,0
O=C1CCCCCN1Cc1nnc(SCc2nc3ccccc3s2)n1-c1ccccn1,0
O=C(CSc1nnc2scc(-c3ccccc3)n12)NCc1ccc2c(c1)OCO2,0
O=C(CN1C(=O)c2ccccc2C1=O)Nc1cccc2cccnc12,0
CCn1c(-c2ccc(N)cc2)nc2ccccc21,0
Cc1ccc(Cn2c(C)nc3c(c2=O)c2nc4ccccc4nc2n3Cc2ccco2)cc1,0
O=C(OCc1cc2ccccc2[nH]c1=O)c1ccncc1,0
Cc1ccc2oc(-c3cccc(NC(=O)C4CCCO4)c3)nc2c1,0
Cc1ccc2[nH]c3c(N4CCOCC4)ncnc3c2c1,0
C(=C/c1ccco1)\C=N\n1cnnc1,0
N#Cc1cccc(Cn2nnc(-c3ccccc3)n2)c1,0
N#Cc1cc(Cl)c(N2CCOCC2)cc1C#N,0
COc1ccc(C2C3=C(OC(C)=O)c4ccccc4C3=Nc3c2c(=O)n(C)c(=O)n3C)cc1,0
COC(=O)c1ccc(NC(=O)CSc2nnc(C)n2-c2ccccc2)cc1,0
CCn1c(COc2ccc(C)cc2)nnc1SCC(=O)Nc1cc(OC)ccc1OC,0
CCOc1ncccc1C(=O)OCc1ccc(C(=O)OC)o1,0
CC(C)(C)n1nnnc1C(c1cccs1)N1CCCc2ccccc21,0
CC(C)(C)NC(=O)CSc1nnnn1C(C)(C)C,0
CCOC(=O)c1[nH]c(C)c(C(=O)NCc2cccnc2)c1C,0
N#Cc1nc(Cc2cccc3ccccc23)oc1N1CCCCC1,0
CC(NC(=O)c1ccccc1NC(=O)c1ccco1)C(=O)O,0
CCOc1cccc(NC(=O)Cc2cccs2)c1,0
Cc1cccc(-n2c(=O)cc(N3CCN(c4ccc(F)cc4)CC3)[nH]c2=O)c1,0
COc1cc(C2c3c(-c4ccccc4)n[nH]c3C(=O)N2c2ccccc2)ccc1O,0
CC1C2CC(CC1(C)C)N(C(=O)Nc1ccc3nccnc3c1)C2,0
O=C(Nc1ccccc1C(=O)OCC(=O)N1CCc2ccccc2C1)c1ccco1,0
COC(=O)c1cccc(NCN2C(=O)c3ccccc3C2=O)c1,0
Cc1ccc(C)c(-n2c(CNc3ccc(F)cc3)nnc2SCC(N)=O)c1,0
Cc1ccc(S(=O)(=O)N(CCO)c2cc3c(s2)CCCC3)cc1,0
CSc1nc2ccc(S(=O)(=O)N3CCOCC3)cc2s1,0
Cc1ccc(C)c(NC(=O)CSc2nnc(-c3ccccc3C)o2)c1,0
CCCn1c(OC)nc2c1c(=O)n(C)c(=O)n2C,0
Cc1cccc2cc(C(c3nnnn3C3CCCC3)N3CCOCC3)c(=O)[nH]c12,0
COc1ccccc1CNc1n[nH]c(NCc2ccccc2OC)n1,0
Cc1onc(-c2ccccc2)c1C(=O)Nc1nc(-c2ccc(F)c(F)c2)cs1,0
Cc1cc2ncc(C(=O)Nc3ccccc3)c(C)n2n1,0
Cn1c(C(=O)N2CCCC(C(=O)NCc3ccc4c(c3)OCO4)C2)cc2sccc21,0
Cc1nn(-c2ccccc2)c2c1C(c1cccnc1)N1C=C(S(=O)(=O)N3CCCCC3)C=CC1=N2,0
CCN(c1cccc(C)c1)S(=O)(=O)c1cccc2nsnc12,0
Cc1cc(NC(=O)COn2nnc3ccccc32)no1,0
O=C(OCCN1C(=O)c2ccccc2C1=O)c1cnccn1,0
CN(Cc1ccccc1)c1nc2c(c(=O)[nH]c(=O)n2C)n1CCSc1nc2ccccc2[nH]1,0
COc1ccc(OCC(O)Cn2c(Nc3ccccc3)nc3c2c(=O)n(C)c(=O)n3C)cc1,0
CC(=O)NC1=NC(=O)/C(=C/N2CCOCC2)S1,0
CCOC(=O)N1CCC(NC(=O)C2CCN(c3ccc(N4CCOCC4)nn3)CC2)CC1,0
Cn1c(=O)c2c(nc(NCCO)n2CCc2ccccc2)n(C)c1=O,0
Cc1ccc(C2c3c(oc4ccccc4c3=O)C(=O)N2c2nnc(C(C)C)s2)o1,0
COc1ccc(C)cc1NC(=O)C1CCCN(S(=O)(=O)c2c(C)noc2/C=C/N(C)C)C1,0
CCOC(=O)N1CCN(C(=O)CSc2nnc(Cc3cccn3C)n2CCc2ccccc2)CC1,0
CC1CCCCN1C(=O)Cn1c(=O)oc2ccccc21,0
CC1CN(C2CCN(S(=O)(=O)c3ccc4ccccc4c3)CC2)CC(C)O1,0
Cc1ccc(CC2S/C(=C(/C#N)C(=O)NCc3ccco3)N(c3ccccc3)C2=O)cc1,0
O=C(NCCCN1CCOCC1)c1cccs1,0
O=C(Oc1ccc(-c2nnco2)cc1)N(c1ccccc1)c1ccccc1,0
O=C(O)CSc1nnc(C2COc3ccccc3O2)n1-c1ccccc1,0
CCS(=O)(=O)N1CCN(c2cccc(C)c2C)CC1,0
CS(=O)(=O)N1CCc2cc(-c3csc(NCC4CCCO4)n3)ccc21,0
CCc1c(C)nc2cc(-c3ccc(OC)cc3)[nH]n2c1=O,0
Cc1nnc(SCc2ccccc2Cl)n1CC1CCCO1,0
C=CCn1c(C2CC(=O)N(c3ccc(C)cc3)C2)nc2ccccc21,0
COC(=O)c1ccc(CSc2nnc(Nc3ccccc3OC)s2)o1,0
Cc1ccc(NC(=O)N2CCCN(Cc3ccc(F)cc3)C2)cc1C,0
O=C1c2ccccc2C(O)N1Cc1ccco1,0
Cn1nnc2cc(C(=O)NCc3ccc4c(c3)OCO4)ccc21,0
COCCNC(=O)CCc1nc(-c2ccccc2)no1,0
CSCCC(NC(=O)NCc1ccc(F)cc1)C(=O)O,0
COC(=O)c1sc(NC(=O)COc2ccccc2OC)nc1C,0
Cc1nn(-c2nc3ccccc3s2)c(C)c1Oc1ccccc1O,0
Cc1ccc2[nH]c3c(NCCN4CCOCC4)ncnc3c2c1,0
COc1cccc(NC(=O)CN(c2cccc(F)c2)S(C)(=O)=O)c1,0
N#Cc1nc(-c2cccs2)oc1NCc1ccc(Cl)cc1,0
CC(=O)CC1(O)C(=O)N(CN2CCN(c3ccccc3)CC2)c2ccccc21,0
O=C(CN1C(=O)C2C3C=CC(C3)C2C1=O)NCC1COc2ccccc2O1,0
CCOc1ccc(-c2nnc3ccc(SCc4ccc(C(=O)OC)o4)nn23)cc1,0
O=S1(=O)N=C(Nc2ccc(N3CCOCC3)cc2)c2ccccc21,0
Cc1ccc(-c2nc(CS(=O)CC(=O)NCc3ccc(Cl)cc3)c(C)o2)cc1,0
COc1ccc(S(=O)(=O)Nc2nncs2)cc1,0
CSc1nc(-c2ccco2)nn1C(=O)Cc1ccccc1,0
COc1ccc2[nH]c(=O)c(CN(C(C)=O)C3CCCCC3)cc2c1,0
CCCCC(CC)CNS(=O)(=O)c1ccc2c(c1)CCN2C(=O)CCC(=O)O,0
O=C1CC(N2CCN(c3ccccc3)CC2)C(=O)N1CCc1ccccc1,0
Cc1cc(=O)oc2c(CN(C)Cc3ccccc3)c(O)ccc12,0
COc1cc2cc(C(=O)Nc3ccccc3)c(N)nc2cc1OC,0
COc1cc(C)nc(N(C)S(=O)(=O)c2ccccc2Cl)n1,0
Cc1ccc(C(=O)CSc2nnc(CNc3ccc(C)cc3C)o2)cc1,0
COCc1[nH]nc2c1C1(C(=O)Nc3ccc(F)cc31)C(C#N)=C(N)O2,0
CCN(CC)c1ccc(CC2C(=O)N(C)C(=O)N(C)C2=O)cc1,0
Cc1ccc(-n2c(SCC(=O)OC(C)C)nnc2-c2ccncc2)cc1,0
Cc1ccc(S(=O)(=O)C(C#N)c2nc3ccccc3nc2N2CCCC2)cc1C,0
O=C1c2ccccc2C(=O)N1CCCn1c(=O)oc2ccccc21,0
CCn1cc(C(=O)NCc2ccco2)c2cc(OC)c(OC)cc2c1=O,0
COc1cccc(N2CC34C=CC(O3)C(C(=O)O)C4C2=O)c1,0
Cc1nn(-c2ccccc2)c(CC(C)(C)C(=O)O)c1C(=O)O,0
Cc1ccc(S(=O)(=O)Cn2nnnc2CN(Cc2ccco2)Cc2cccs2)cc1,0
O=C(OCC(=O)N1CCN(c2ccccc2)CC1)c1ccccn1,0
O=C(Nc1nccs1)c1cccc(S(=O)(=O)N2CCOCC2)c1,0
CCCOc1ccc(C2C(C(=O)c3ccc(C)o3)=C(O)C(=O)N2CCCn2ccnc2)cc1,0
CC(=O)N1CCN(c2nc(CC(C)C)c3c(c2C#N)CCC3)CC1,0
COc1ccccc1NC1=NC2(CCCC2)N=C(N)N1,0
CCc1nn(C(C)C(=O)N2CCc3ccccc3C2)c(=O)c2cc3occc3n12,0
COC(=O)c1ccc(C(=O)OC)c(NC(=O)CCC(=O)O)c1,0
O=CN1CCC(=O)N(Cc2ccccc2)c2ccccc21,0
COc1ccc(-c2nnc(SCC(=O)/C(C#N)=C(\C)N)o2)cc1,0
O=C(Cn1c(=O)sc2ccccc21)NCCOc1ccccc1F,0
O=C1C(=CNc2ccccc2O)C(=O)c2ccccc21,0
COc1ccc(Cc2nnc(SCc3nc(=O)c4ccccc4[nH]3)n2C)cc1,0
Cc1noc(C)c1CSc1nnc2sc3ccccc3n12,0
CCOCCCNC(=O)C1CCCN1C(=O)NC1CCCCC1,0
CCOC(=O)NC(NC(=O)OCC)C(=O)c1ccccc1,0
O=C(Nc1ccc2nc(-c3cccs3)[nH]c2c1)c1cccs1,0
COc1ccc2nc(COC(=O)c3ccco3)c(C(C)=O)[n+]([O-])c2c1,0
O=C(CCn1nnc2ccccc21)N1CCC(O)(c2cccc(F)c2)CC1,0
CCCCCCN/C(C)=C1\C(=O)NC(=O)N(CCCC)C1=O,0
O=C(c1ccco1)N1CCN(C(=O)C2CCCO2)CC1,0
Cc1nnc(SCC(=O)Nc2sccc2C(N)=O)n1Cc1ccccc1,0
COC(=O)COc1cccc(-n2cnnn2)c1,0
O=C(CSCc1nc2ccccc2[nH]1)N1CCN(c2cccc(Cl)c2)CC1,0
COc1cc(C(=O)NCc2cn3cccc(C)c3n2)cc(OC)c1OC,0
Cc1ccc(N2CCn3c2nc2c3c(=O)n(CCc3ccccc3)c(=O)n2C)cc1,0
CCS(=O)(=O)N1CCC(NC(C)=O)(c2ccccc2)CC1,0
Cn1c(SCC(=O)c2ccc3c(c2)OCO3)nnc1C1COc2ccccc2O1,0
CCCC1c2ccc(C)n2CCN1C(=O)Nc1ccc(F)cc1,0
Cc1ccc(S(=O)(=O)NC2CCCC(C(=O)O)C2)cc1,0
COc1cc(C2Nc3ccccc3C(=O)N2c2ccccc2OC)ccc1O,0
COc1ccc(NC(=O)CN2C(=O)C(C)Oc3ccccc32)cc1,0
CCOc1ccc2nc(S(N)(=O)=O)sc2c1,0
CCOC(=O)c1c(NC(=O)CSc2nnnn2-c2ccc3c(c2)OCO3)sc(C)c1C,0
CCOC(=O)CC(=O)CSc1nc2ccc(C)cc2cc1C#N,0
Cn1cc(Cl)nc1C(O)c1ccccc1,0
COc1ccc(NC(=O)C2=C/C(=C3/C=C(C)C=C(C)C3=O)NN2)cc1Cl,0
Cc1ccc(CNC(=O)Cn2c(=O)oc3ccccc32)o1,0
O=C(NCCN1CCCC1)c1ccc2c(=O)n(CCc3ccccc3)c(=O)[nH]c2c1,0
CCn1c(SCC(=O)N2CCN(S(=O)(=O)c3ccccc3)CC2)nnc1-c1cccs1,0
Cc1cc2c(c(=O)n1Cc1cccnc1)C(c1ccccc1)C(C#N)=C(N)O2,0
Clc1ccc2nc(CSc3nc4ccccc4o3)cn2c1,0
CCOC(=O)c1[nH]c(=O)[nH]c1CSc1nc(C)cc(C)n1,0
CSCCC(NC(=O)CCn1nnc2ccccc2c1=O)C(=O)O,0
O=C(CN1CCOCC1)Nc1ccc(Oc2ccc(NC(=O)CN3CCOCC3)cc2)cc1,0
O=C(COC(=O)c1ccc(S(=O)(=O)N2CCCC2)cc1)NCc1ccccc1,0
NC(=O)c1c(NC(=O)c2cccs2)sc2c1CCCCCC2,0
Cc1ccc(CCNC(=O)C2CCC(=O)N2C(C)C)cc1,0
O=C(Cc1cn2ccsc2n1)OCc1nc2ccccc2s1,0
O=C(NCC(c1cccnc1)N1CCN(c2ccccc2)CC1)Oc1ccccc1,0
Cn1nnnc1SCC(=O)c1ccco1,0
COc1ccc(CCN2C(=O)CC(Nc3ccc(N4CCOCC4)cc3)C2=O)cc1OC,0
COc1ccc2c(c1)Cc1sc(NC(=O)c3cccs3)nc1-2,0
Cn1c(Cn2c(=O)sc3ccccc32)nnc1SCC(=O)NC1CCCCC1,0
CCOC(=O)c1[nH]c(C)c(C(=O)N2CCN(C(=O)c3ccco3)CC2)c1C,0
COC(=O)c1ccc(Cl)c(NC(=O)CN2CCN(Cc3ccccc3)CC2)c1,0
C/C(Cl)=C\Cn1c(Nc2cccc(C)c2)nc2c1c(=O)n(C)c(=O)n2C,0
CCOC(=O)C1CCCN(C(=O)COC(=O)c2cc(=O)c3ccccc3o2)C1,0
CCc1c(-c2ccccc2)nc2nc(C)c(C)nn12,0
COc1ccccc1NC(=O)CN(Cc1ccco1)C(=O)c1ccc(-n2nc(C)cc2C)cc1,0
COc1ccc(C2C3=C(CC(C)(C)CC3=O)Oc3ncn(CC(C)C)c(=N)c32)cc1,0
Cc1ccc(C(=O)O)cc1S(=O)(=O)N1CCOCC1,0
Cc1ccc(S(=O)(=O)NCC/N=C(\CN2CCCC2)NS(=O)(=O)c2ccc(C)cc2)cc1,0
CSCCC1NC(=O)N(CC(=O)Nc2ccc(N3CCCCC3)cc2)C1=O,0
CCN(CC)C(=O)CSc1nnc(-c2ccccn2)n1-c1ccc(C)c(C)c1,0
CCOc1ccccc1C(=O)N(C)Cc1cc2ccccc2[nH]c1=O,0
COc1ccc(C(=O)CSc2nnc(-c3ccccc3)o2)cc1,0
COc1ccc(C(=O)Nc2cc(Cl)cc(Cl)c2)c(OC)n1,0
Cn1c(CCN2CCCCC2)nc2cc(NC(=O)C3CCCCC3)ccc21,0
CC1=CC2=c3cccc(C)c3=NC(c3ccc4c(c3)OCO4)N2N1,0
O=c1nc(-c2ccncc2)[nH]c2ccccc12,0
Cc1ccc(C(=O)CC(C(=O)O)c2cn(CCC#N)c3ccccc23)cc1,0
Cc1ccccc1-c1nnc(SCc2ccccc2F)o1,0
COc1ccc(-c2nnc(SCc3nnc(-c4ccccc4)o3)n2C)cc1OC,0
CCSc1nc2c(c(=O)n1-c1ccc(F)cc1)SCC2,0
O=C(CCSCCc1ccncc1)NCCCN1CCOCC1,0
O=C(CN1C(=O)C2CC=C(Cl)CC2C1=O)NCc1ccccc1,0
CCN(C(=O)c1cnc2scc(C)n2c1=O)c1ccccc1C,0
CCN(CC)S(=O)(=O)c1ccc2nc(CSc3nnnn3-c3ccc(O)cc3)[nH]c2c1,0
CCn1cc(C(=O)NCCCOC(C)C)c2cc(OC)c(OC)cc2c1=O,0
O=C(CCc1ccccc1)Nc1ncc2c(n1)CCCC2=O,0
COc1cc2nc(-c3ccccc3)nc(N3CCCC3)c2cc1OC,0
O=C(CSc1nnc(Cc2ccccc2)o1)N1CCc2ccccc21,0
Cc1ccc2[nH]c(=O)c(CN(CCc3ccccc3)Cc3nnnn3CC3CCCO3)cc2c1,0
Cc1oc(-c2cccc(Cl)c2)nc1CN1CCC(C(=O)NCc2cccnc2)CC1,0
O=C(CSc1ncccn1)NCc1ccccc1Cl,0
O=C(CCn1c(=O)oc2ccccc21)N(Cc1ccccc1)c1ccccn1,0
COc1ccc(/N=C2\SC(CC(=O)Nc3ccc(OC)cc3OC)C(=O)N2C)cc1,0
COc1ccccc1NC(=O)c1ccc(S(=O)(=O)N2CCCC2)cc1,0
CC(C)c1ccc(S(=O)(=O)N2CCN(CC(=O)Nc3ccc4c(c3)OCO4)CC2)cc1,0
Cc1nnc2ccc(N3CCCC3)nn12,0
CC1(C(=O)N(c2ccccc2)C(C(=O)NC2CCCC2)c2ccccn2)CC(=O)N=C2C=CC=CN21,0
O=C(O)CN1CCN(Cc2ccccc2Cl)C1=O,0
CC1(C)Cc2ccccc2-c2nnc(-c3ccccn3)n21,0
CCOC(=O)C1CCN(C(=O)Cn2cc(C(=O)C3CC3)c3ccccc32)CC1,0
CCC(CC)C(=O)NCCc1ccc(S(N)(=O)=O)cc1,0
CCOC(=O)c1oc2ccc(S(=O)(=O)N3CCOCC3)cc2c1C,0
Cc1cc(NC(=O)c2ccco2)ncc1NC(=O)CCc1ccccc1,0
Cc1cc(N2CCC(C(=O)NCC3CC3)CC2)nc(-c2ccccc2)n1,0
CCc1cc2c(=O)c(Oc3ccccc3F)c(C)oc2c(CN(C)C)c1O,0
O=C(CSc1nnc(-c2cccs2)n1-c1ccccc1)N1CCN(C(=O)c2ccco2)CC1,0
Cn1c(CNc2nc(-c3ccccc3)cs2)nnc1SCC(=O)N1CCc2ccccc21,0
COc1ccc2c(c1)c1nnc(SCC(=O)N3CCCCC3C)nc1n2C,0
COC(=O)c1ccc2c(=O)n(CC3CCCO3)c(SCC(=O)Nc3ccccc3OC)nc2c1,0
CC1Cc2nc(SCC(=O)Nc3ccccc3F)n(C)c(=O)c2S1,0
CCOC(=O)Cc1csc(NC(=O)CSc2nnc(C3CC3)n2C)n1,0
CCS(=O)(=O)N1Cc2ccccc2CC1C(=O)Nc1nc2ccccc2[nH]1,0
O=S(=O)(c1ccccc1)N1CCC(N2CCN(c3ccccc3)CC2)CC1,0
CCOC(=O)C(C)n1cnc2c(nnn2-c2ccc(OC)cc2)c1=O,0
CCOc1ccc(CCN2C(=O)C3C4C=CC(C4)C3C2=O)cc1OCC,0
O=C(C1CCCN(c2ncccn2)C1)N1CCc2ccccc21,0
COc1cc(-c2csc(N3CCOCC3)n2)cc(OC)c1OC,0
O=C(Cn1cnc2c(nnn2Cc2ccc(Cl)cc2)c1=O)NCc1ccco1,0
COc1ccc(C)cc1NC(=O)CCN1CCCC1,0
CCOc1ccc(S(=O)(=O)NCc2csc(C)n2)cc1,0
Cc1nn(Cc2ccc(C(=O)Nc3nccs3)cc2)c(C)c1Cl,0
O=c1cc(CSc2nnc(-c3ccco3)o2)c2ccccc2[nH]1,0
O=C(O)c1cccc(C(=O)Nc2cccc(NC(=O)C3CCCO3)c2)c1,0
COC(=O)C1=C(N)Oc2cc(C)n(Cc3cccnc3)c(=O)c2C1c1ccc(OC)c(OC)c1OC,0
Cc1cc(NC(=O)CCC(=O)N(c2cccnc2)C(C(=O)NC2CCCC2)c2ccccc2)no1,0
CCOC(=O)C1C(=O)NC(N2CCc3ccccc32)=NC1c1ccccc1,0
CC(C)C(CC(=O)N1CCCCC1)C1CCOC(C)(C)C1,0
CCn1/c(=N/C(=O)CSCC(=O)Nc2nccs2)sc2ccccc21,0
CCn1ncc2c(OCc3ccc(C#N)cc3)cc(C)nc21,0
O=C(O)c1cccc2c1C(=O)N(C1CCCCC1)C2,0
O=C(c1ccc(C#CC2(O)CCCCC2)cc1)N1CCOCC1,0
O=C(Nc1cccnc1)C1CCCN(S(=O)(=O)c2cccc3nsnc23)C1,0
COc1ccc(-c2noc(CCCOc3ccccc3)n2)cc1OC,0
CCc1c(C)sc(NC(=O)c2cc(C3CC3)on2)c1C#N,0
CCS(=O)(=O)CCSc1nc(C)cc(C)n1,0
O=C(Nc1ccc2oc(-c3cccnc3)nc2c1)c1cc2ccccc2o1,0
N#Cc1cn(Cc2ccccc2)c2ccccc12,0
CC1(C)OC(=O)C(=CNc2cccc(C(=O)O)c2)C(=O)O1,0
CCc1nnc(NC(=O)C2CCCN2S(=O)(=O)c2ccccc2)s1,0
CCOC(=O)C(C)(C)Sc1nc2n(-c3ccc(C)cc3)[nH]cc-2c(=O)n1,0
O=C(COC(=O)c1ccccc1Nc1ccccc1)NCc1ccco1,0
COc1cccc(N(CC(=O)Nc2ccccc2C)S(C)(=O)=O)c1,0
CCOC(=O)C1CCN(c2c(NCCCN(CC)Cc3ccccc3)c(=O)c2=O)CC1,0
Nc1cccc(-n2nncc2-c2ccc(Cl)cc2)c1,0
O=C(CN1C(=O)c2ccccc2C1=O)Nc1ccc(S(=O)(=O)NCC2CCCO2)cc1,0
CC1(C)C(=O)Nc2ccccc2N1C(=O)COc1ncnc2ccccc12,0
CCOc1ccccc1Nc1nc(N)nc(CN(C)C2CCCCC2)n1,0
Cc1ccnc(SCC(=O)N2CCC(C(N)=O)CC2)n1,0
O=C(CC1Oc2ccccc2NC1=O)NCCCN1CCN(C2CCCCC2)CC1,0
CCOC(=O)N1CCN(C(=O)C2CCCN(S(=O)(=O)c3cccnc3)C2)CC1,0
COc1cccc(NS(=O)(=O)c2ccc3c(c2)n(C)c(=O)c(=O)n3C)c1,0
O=C(Nc1ccc2c(c1)OCO2)C1CCN(C(=O)c2cccs2)CC1,0
Cc1nnc(Nc2ccccn2)c2ccccc12,0
Cn1cnc2c1c(=O)n(Cc1ccccc1)c(=O)n2C,0
COc1cc(-c2nnc3sc(-c4cccs4)nn23)cc(OC)c1OC,0
CC(C)OCCCNC(=O)c1c(N)n(Cc2cccs2)c2nc3ccccc3nc12,0
Cc1cc(NC(=O)c2cccc(S(=O)(=O)N3CCCCCC3)c2)n(-c2ccccn2)n1,0
Cc1ncsc1CCSc1nc2ccccc2c(=O)n1C,0
COc1ccc(CCN(C)C(=O)CSc2nccn2C)cc1OC,0
Cc1cc(=O)oc2ccc(OC(=O)c3cccc(S(=O)(=O)N4CCOCC4)c3)cc12,0
O=S(=O)(NC1CC1)c1ccc(S(=O)(=O)N2CCCC3(CCCCC3)C2)cc1,0
CN1CCN(C(=O)c2ccccc2-c2nc(-c3ccccc3)no2)CC1,0
Cc1cc(-c2nnc(SCC(=O)NC3CCCC3)o2)no1,0
N#Cc1ccc(CN2CCN(C(=O)c3ccccc3)CC2)c(Cl)c1,0
CC(C)c1nnc(NC(=O)CN(C)S(=O)(=O)c2ccc3c(c2)OCCO3)s1,0
CCOC(=O)c1sc(NC(=O)CSc2n[nH]c(-c3ccccc3)n2)c(C#N)c1C,0
CCOc1ccc(CNC(=O)C2CCN(S(=O)(=O)CC)CC2)cc1OC,0
Cc1noc(C)c1S(=O)(=O)N1CCC(C(=O)N2CCN(C3CCCC3)CC2)CC1,0
COc1ccc(Cn2c(CCC(=O)N3CCN(c4ccccn4)CC3)nc3ncccc3c2=O)cc1,0
O=C(Nc1ccccc1)NC1CS(=O)(=O)CC1O,0
O=C(NCCCN1CCOCC1)c1cc(-c2ccc(Cl)cc2)on1,0
COC(=O)c1ccc(C(c2c(N)n(Cc3ccccc3)c(=O)n(C)c2=O)N2CCOCC2)cc1,0
CCOC(=O)c1cc(-c2ccc3c(c2)OCO3)nc2onc(C)c12,0
O=C(CSc1nnc(-c2ccco2)n1-c1ccccc1)NCCc1ccccc1,0
CCOC(=O)c1c(NC(=O)Cc2cccs2)sc2c1CCCC2,0
CCN1CCN(C(c2cccs2)C(C)NC(=O)CC(C)C)CC1,0
O=C(Nc1ccccc1)NC1(C(=O)N2CCN(c3ncccn3)CC2)CCCCC1,0
COc1ccc(CCNC(=O)c2cc(-c3ccccc3)on2)cc1OC,0
Cc1c(NC(=O)C(C#N)=C2CCCCC2)c(=O)n(-c2ccccc2)n1C,0
COCCSc1ccccc1C(=O)Nc1cc(C)on1,0
Cc1noc(NS(=O)(=O)c2ccc(NC(=O)c3cnc4n(c3=O)CCS4)cc2)c1C,0
CCOC(=O)C1CCN(C(=O)CSc2cc(=O)n(C)c3ccccc23)CC1,0
COc1ccc(-c2nnc(SCc3ccccc3F)o2)cc1OC,0
Cc1ccccc1OCc1nnc(SCC(=O)NCc2ccccc2)n1C,0
O=C(Cn1cc2c(n1)CCCCC2)NCc1cccs1,0
CN(C)c1nc(OCCNC(=O)COc2ccc(Cl)cc2Cl)nc(N2CCCCC2)n1,0
Cc1noc(NS(=O)(=O)c2ccc(NC(=O)CSc3n[nH]c(-c4ccccc4)n3)cc2)c1C,0
Cn1c(=O)c(C(=O)CSc2nncs2)c(N)n(Cc2ccccc2)c1=O,0
O=C(Oc1ccc(Cl)cc1)N1CCCCC1,0
O=C(O)C1CC(=O)N(Cc2cccs2)C1,0
CSc1oc(-c2ccccc2)nc1S(=O)(=O)c1ccc(C)cc1,0
COc1ccc(C2=CC(=O)OC3(CCCCC3)O2)cc1,0
COc1ccc(S(=O)(=O)N2CCN(C(=O)c3cccs3)CC2)cc1OC,0
C=CCn1c(NC(=O)c2ccco2)c(S(=O)(=O)c2ccccc2)c2nc3ccccc3nc21,0
Cc1ccc2c(c1)c1ncnc(N3CCOCC3)c1n2C,0
N#CCSc1nnc(C2CCCCC2)n1-c1ccccc1,0
CCCCOC(=O)Cc1n[nH]c(=O)[nH]c1=O,0
CCn1c(N2CCN(C(=O)C34CC5CC(CC(C5)C3)C4)CC2)nc2ccccc21,0
O=C(OCc1cccc2ccccc12)c1ccc2c(=O)nc(CN3CCOCC3)[nH]c2c1,0
COC(=O)Cc1c(C)nc2nc(-c3ccccc3)[nH]n2c1=O,0
COCCn1c(SCC(=O)Nc2cc(Cl)ccc2OC)nc2c(c1=O)SC(C)C2,0
O=C(CSc1nnc(Cc2cccs2)n1-c1ccccc1)Nc1ccc2c(c1)OCCO2,0
O=C(Cn1nc(-c2ccccc2)ccc1=O)NCCN1CCN(Cc2ccccc2)CC1,0
CCOc1ccc2nc(SCC(=O)NCc3ccco3)sc2c1,0
C=CCN1C(=O)CSc2ccc(C(=O)NCc3ccco3)cc21,0
CC1CCN(C(=O)C2CCCN(S(C)(=O)=O)C2)CC1,0
COC(=O)c1ccc2c(=O)n(CCN3CCOCC3)c(SCC(=O)NC3CCCCC3)nc2c1,0
O=C(NCCN1CCN(c2ccccc2)CC1)c1cccn2c(=O)c3ccccc3nc12,0
O=C1C(=O)N(CCCn2ccnc2)C(c2cccnc2)/C1=C(/O)c1ccccc1,0
CCN1CCN(c2ccc(NC(=O)c3cccnc3)cc2Cl)CC1,0
Cc1nc2ccccc2c2nc(NC(=O)Cc3ccccc3)nn12,0
Cc1nc2ccc(S(=O)(=O)NC(C(=O)NCc3cccs3)C(C)C)cc2s1,0
COc1ccc(N(CC(=O)Nc2ccc3c(c2)OCCO3)S(=O)(=O)c2c(C)nn(C)c2C)cc1,0
O=C(O)CSC1=NN/C(=C2/C=CC=CC2=O)N1Cc1ccccc1,0
COc1ccc(C(=O)c2ccc(OC)c(N)c2)cc1N,0
CNC(=O)c1c(C)nc(SCC(=O)NCc2ccc(OC)cc2)c(C#N)c1-c1ccco1,0
Cc1ccc2cc(CN(CCN3CCOCC3)C(=O)NCc3ccccc3)c(=O)[nH]c2c1C,0
CC(=O)Oc1cc2c(C(C)=O)coc2c2ccccc12,0
CN(C)c1ccc(NC(=O)CSc2nc3ccccc3c(=O)n2C2CCCCC2)cc1,0
COc1cccc(C(=O)Nc2cc(=O)n(C)c(=O)n2C)c1OC,0
CCN(Cc1nc(=O)c2ccccc2[nH]1)Cc1cc(=O)oc2cc(C)c(C)cc12,0
O=C(CCCn1c(=S)[nH]c2ccccc2c1=O)NCc1ccco1,0
CCOc1cccc(NC(=O)c2ccc(S(=O)(=O)N(C)C)cc2)c1,0
CC(=O)c1c(C)[nH]c(C(=O)Nc2ccc3c(c2)OCCO3)c1C,0
CC1CCN(C(=O)CN2C(=O)C(C)(C)Oc3ccc(C(=O)NC4CCCC4)cc32)CC1,0
CCn1c(Cc2ccccc2)nnc1SCC(=O)Nc1cc(C)on1,0
Cc1ccc(NC(=O)CCn2cccc2)cc1Cl,0
CCOc1ccccc1NC(=O)c1cccc(NC(=O)c2ccco2)c1,0
COc1ccc2noc3c2c1C(=O)c1ccccc1-3,0
Cc1noc(COc2ccccc2OCC(N)=O)c1Cl,0
CCc1nnc(NC(=O)CSc2nc(C)c3c(c2C#N)CCCC3)s1,0
CC(NC(=O)c1cccc(N2CCCC2=O)c1)c1ccc2c(c1)OCCO2,0
CC(c1ccco1)N(C(=O)COc1ccc(Cl)cc1)c1ccccn1,0
COC(=O)c1cccc(N2C(=O)c3cccnc3C2=O)c1,0
Cc1nc(C)n(CC(O)COc2ccc3ccccc3c2)n1,0
c1ccc(Cn2ncc3c2ncn2c(-c4ccncc4)nnc32)cc1,0
COc1ccc(OC)c(-c2nnc(SCC(=O)N3CCCc4ccccc43)o2)c1,0
COC(=O)c1ccc2c(c1)N(C)CCS2,0
CCOC(=O)C1CCN(C(=O)C2CCN(c3nc4ccc(OC)cc4s3)CC2)CC1,0
COc1ccc(CCNC(=O)C2=COCCO2)cc1,0
COc1ccccc1NC(=O)c1oc2ccccc2c1NC(=O)c1ccco1,0
Cc1ccc(-c2nc3ccc(N4C(=O)c5ccccc5C4=O)cc3[nH]2)o1,0
CCOc1ccc(C(C)C)cc1S(=O)(=O)Nc1ccc(Cl)cn1,0
CCCCSC1=C(C#N)C(c2ccccc2C)C(C(=O)OCC)C(=O)N1,0
CC1(C)Cc2c(sc3c2c(=N)n(Cc2ccco2)c(=O)n3CC(=O)Nc2ccc(Cl)cc2)CO1,0
Cc1onc(-c2ccccc2Cl)c1C(=O)Nc1c(C)n(C)n(-c2ccccc2)c1=O,0
C=CCN1C(=O)C2(C(C(=O)OCC)=C(N)Oc3c2c(=O)oc2ccccc32)c2ccccc21,0
Cn1cccc1C(=O)OCC(=O)Nc1cc(C(C)(C)C)nn1-c1ccccc1,0
Cc1ccc(OCC(=O)Nc2ccc(-c3nc4ncccc4o3)cc2)c(C)c1,0
COc1cccc(NC(=O)C2CCCN2C(=O)Nc2ccccc2F)c1,0
O=C1C2C3C=CC(C3)C2C(=O)N1c1ccncc1,0
N#CCCn1c(SCC(=O)c2c[nH]c3ccccc23)nc2ccccc21,0
O=C(C1CCN(S(=O)(=O)c2cccc3nsnc23)CC1)N1CC=C(c2ccccc2)CC1,0
CCOc1ccc2[nH]cc(C(=O)N3CCN(CC)CC3)c(=O)c2c1,0
CN(CC1CCCO1)S(=O)(=O)c1ccc(C(=O)Nc2nc3cc4c(cc3s2)OCO4)cc1,0
COc1ccccc1-c1nc(NC(C)=O)n[nH]1,0
COc1cc(C(=O)Nc2ccc(S(=O)(=O)N3CCCCC3C)cc2)cc(OC)c1OC,0
CC1=C(C(=O)OCC(C)C)C(c2ccc(F)cc2)NC(=O)N1,0
O=C(COc1ccccc1)Nc1ccccc1N1CCN(c2ccccc2)CC1,0
CCCCOc1ccc(-c2ncc(C(=O)OCC)c(N)n2)cc1,0
COc1ccc(CN2C(=O)CC(=O)NC2=O)cc1,0
O=C(COc1ncnc2ccccc12)N1CCN(S(=O)(=O)c2ccccc2)CC1,0
COc1ccc2[nH]c(=O)c(CN(CCO)C(=O)c3ccccc3F)cc2c1,0
CCOC(=O)Cc1csc(NC(=O)CSc2nnc(-c3ccc(OC)cc3)n2C)n1,0
CSc1nc2sc3c(c2c(=O)n1C1CCCCC1)CCN(C)C3,0
COc1ccc(CN2C(=O)c3cccnc3C2Nc2cc(Cl)ccc2OC)cc1,0
CS(=O)(=O)c1cccc(C(=O)NCc2ccccc2)c1,0
CC1CCCCN1c1nc(-c2ccncc2)nc2ccccc12,0
CCCC(=O)Nn1cnc2c(c1=O)C1(CCCC1)Cc1ccccc1-2,0
CCc1cc2c(=O)c(-c3nc4ccccc4[nH]3)coc2cc1OC(=O)N1CCOCC1,0
COC(=O)c1c(NC(=O)CN2CCN(C(=O)c3ccco3)CC2)c2cc(C)ccc2n1C,0
O=C(CN1C(=O)c2ccccc2C1=O)N1CCOCC1,0
CCn1c(SCC(=O)Nc2ccccc2N2CCCCC2)nc2c1c(=O)n(C)c(=O)n2C,0
Cc1onc(-c2ccccc2Cl)c1C(=O)N(C)C1CCCCC1,0
O=c1nc2n(-c3ccccc3)[nH]c(-c3cccc(F)c3)c-2cc1CNCCN1CCOCC1,0
Cn1cnnc1SCc1ccc(C(=O)n2ncc(C#N)c2N)cc1,0
N#CC(C(=O)NCCc1ccccc1)c1nc2ccccc2nc1N1CCCCC1,0
COC(=O)Cn1c(=O)cnc2ccccc21,0
O=C(Nc1cccc(-c2cn3cccnc3n2)c1)c1ccco1,0
CCOc1ccc(-n2c(SCc3ccc(C#N)cc3)nnc2-c2cccnc2)cc1,0
COc1ccccc1N1CCN(C(=O)c2ccc(S(=O)(=O)N3CCCCC3)cc2)CC1,0
O=C(CSc1nnc(-c2cccs2)n1Cc1ccco1)Nc1ccc2c(c1)OCO2,0
COc1cc(CNC(=O)c2ccc(Cn3nc(C)c(Cl)c3C)o2)cc(OC)c1,0
CCc1nc(NCCc2ccccn2)c2nnn(Cc3ccccc3F)c2n1,0
COc1cc(-c2nnc(SCC(=O)c3cc(C)n(CC4CCCO4)c3C)o2)cc(OC)c1OC,0
Cc1cc(C)cc(OCc2nnc(SCC(=O)Nc3ccccc3)o2)c1,0
CC(=O)C(Sc1nc(-c2ccco2)nc2c1c(=O)n(C)c(=O)n2C)C(=O)N(C)C,0
CCOc1ccc2nc(N3CCOCC3)nc(C)c2c1,0
COc1ccc(S(=O)(=O)Nc2ccc(CC#N)cc2)cc1,0
CCN1CCN(c2ncnc3c2cnn3-c2ccc(Cl)cc2)CC1,0
O=C1c2ccccc2C(=O)N1c1ncccn1,0
COc1ccc(Cl)cc1N1CCN(CCNC(=O)Nc2ccccc2C)CC1,0
CC(C)(C)OC(=O)N1CCC(C(=O)N2CCOCC2)CC1,0
Cc1oc2c(c1C(=O)NCc1cc(C(=O)O)co1)CCCC2,0
CC1CN(C(=O)c2cccs2)CCN1C(=O)c1cccs1,0
CCOc1ccc(C2C=C(c3ccccc3)N=C3N=NNN32)cc1,0
c1cc(-c2noc(-c3ccc4c(c3)OCO4)n2)ccn1,0
COC(=O)c1ccc(-c2n[nH]c(=O)c3ccccc23)cc1,0
COc1cc(C)nc(Oc2ccc(=O)n(C)n2)n1,0
COc1ccc(-n2c(COc3cccc(C)c3)nnc2SCC(=O)NCc2ccco2)cc1,0
CCOc1ccc(Cl)cc1S(=O)(=O)n1nnc2ccccc21,0
COc1cc2c(cc1OC)CN(C(=O)CSc1nc(N)c(C#N)cc1C#N)CC2,0
CCCN1CCN(CCCNC(=O)CN2C(=O)COc3ccccc32)CC1,0
Clc1cccc(-c2nn3c(Cn4cnc5ccccc54)nnc3s2)c1,0
COc1ccc(C2C3=C(CCCC3=O)Nc3nc4ccccc4n32)c(OC)c1OC,0
COc1ccc(C2C3=C(CC(C)(C)CC3=O)Nc3c2c(=O)[nH]c(=O)n3Cc2ccccc2)cc1,0
CCn1cnc2sc(-c3ccccc3)cc2c1=O,0
COC(=O)c1[nH]c2cc(OC)c(OC)cc2c1NC(=O)CN1CCN(Cc2ccccc2)CC1,0
CCCn1c(O)c(C(=O)Nc2ccccc2C(=O)OCC)c(=O)c2ccccc21,0
Cc1cc(NC(=O)CSc2ccc(Cl)cc2)no1,0
CCCS(=O)(=O)C(=C1Nc2ccccc2N1)S(=O)(=O)CCC,0
N#Cc1ccc(OCc2nnc(SCC(=O)N3CCCc4ccccc43)n2-c2ccccc2)cc1,0
CC1CCN(Cc2ccc(NC(=O)C3CCN(c4nnc(-n5cccc5)s4)CC3)cc2)CC1,0
COc1nc(N2CCOCC2)nc(-n2cccc2)n1,0
Cc1c(C#N)c(/N=C/N(C)C)c(C(=O)c2ccccc2)n1-c1ccccc1,0
Cc1cccc(-n2c(C)nc3cc(C(=O)N4CCC5(CC4)OCCO5)ccc32)c1,0
CNS(=O)(=O)c1cccc(C(=O)OC2CCCCC2=O)c1,0
CCOC(=O)c1cc(CN2CCOCC2)oc1-c1ccccc1,0
CCOC(=O)c1sc(NC(=O)c2ccc3ncsc3c2)nc1C,0
CCOC(=O)Cc1c(C)nc2cc(-c3ccc(Cl)cc3)[nH]n2c1=O,0
CC(=O)c1c(C)[nH]c(C(=O)N2CCN(c3ncccn3)CC2)c1C,0
Cn1cc(/C(Cc2ccccc2)=N\O)c2ccccc21,0
CCc1ccc2[nH]c(=O)c(CN(CCCN3CCOCC3)C(=O)Nc3ccc(Cl)cc3)cc2c1,0
O=C(CCc1ccccc1)Nc1ccc(NC(=O)c2ccco2)cc1,0
COC(=O)c1cc2oc3ccccc3c2n1Cc1ccccn1,0
O=C(Cc1cn2ccsc2n1)Nc1nc2c(s1)CN(Cc1ccccc1)CC2,0
C=CCn1c(O)c(CN2CCN(Cc3ccccc3)CC2)c(C)c(C#N)c1=O,0
CCOC(=O)c1ccc2c(c1)C1C=CCC1C(C(=O)O)N2,0
CC(C)Cn1c(SCC(=O)N2CCN(S(=O)(=O)c3ccccc3)CC2)nc2ccccc21,0
CCOc1cc2[nH]c(=S)n(Cc3ccc(C)o3)c(=O)c2cc1OCC,0
O=c1oc2ccccc2n1Cn1c(=O)oc2ccccc21,0
CCCCNc1nc2c(c(=O)n(C)c(=O)n2C)n1Cc1cccc(OC)c1,0
CCc1c(C)sc(NC(=O)c2cnn3cccnc23)c1C#N,0
CC(=O)Nc1ccc(C(=O)Nc2ccc3c(c2)OCO3)cc1,0
CC(C)Cn1c(N)c(C(=O)COC(=O)C2CCCCC2)c(=O)n(C)c1=O,0
COc1ccc(-n2cnnc2SCc2csc(-c3ccccc3)n2)cc1,0
NC(=O)CSc1nnc(Cn2c(=O)sc3ccccc32)n1CCc1ccccc1,0
Cc1nn(-c2ccccc2)c2c1C(c1ccccc1)C(C#N)=C(N)O2,0
CCCS(=O)(=O)N1CCC(C(=O)NCC2CCCO2)CC1,0
COc1ccc2c(=O)c3c(=O)n(Cc4ccco4)c(C(C)C)nc3oc2c1,0
Cc1scc(C(=O)N2CCN(S(C)(=O)=O)CC2)c1-c1ccccc1,0
O=c1[nH]c2ccc(S(=O)(=O)N3CCN(Cc4ccccc4)CC3)cc2[nH]c1=O,0
CCn1c(CNc2ccc(Cl)cc2)nnc1SCC(=O)NCc1ccccc1,0
CC(=O)c1c(C(C)=O)c(C)n(-c2ccc(C(=O)O)cc2)c1C,0
O=C1c2cccc3c(N4CCCCC4)ccc(c23)C(=O)N1c1ccccn1,0
CCOC(=O)c1cc2sc(C)cc2n1CC(=O)N1CCc2ccccc21,0
CCOC(=O)c1ccc(Nc2nc(C)cc(C)c2C#N)cc1,0
COc1cc(C(=O)Nc2cc(-c3nc4cc(C)ccc4o3)ccc2C)cc(OC)c1OC,0
CCS(=O)(=O)N1CCC(NC(=O)c2ccco2)CC1,0
Cc1ccc(CN2CCN(C(=O)CCN3C(=O)c4ccccc4C3=O)CC2)cc1,0
COc1cccc(OCCSc2nnc3sc4ccccc4n23)c1,0
Cc1ccc(-n2ncc3c(NCc4ccc5c(c4)OCO5)ncnc32)c(C)c1,0
COc1ccc(C(=O)NCCc2c[nH]c3ccccc23)cc1S(=O)(=O)N1CCOCC1,0
CN(C)C(=O)CSc1nnc2sc3ccccc3n12,0
CCOC(=O)c1c(N)sc(C(=O)N2CCCC2)c1C,0
Cn1c(=O)c2c(nc(SCc3cccnc3)n2Cc2ccccc2)n(C)c1=O,0
COc1ccc2[nH]c(=O)c(CN(C(=O)COc3ccccc3)C(C)C)cc2c1,0
Cc1cc(C)c2c(CC(=O)NCc3ccco3)coc2c1,0
Cc1ccc(C(=O)CSc2ncn[nH]2)cc1,0
COc1ccc(Cl)cc1C(=O)NCC(c1ccco1)N1CCCC1,0
Cn1cccc1Cc1nnc(SCC(=O)NC2CCCC2)n1-c1ccc(F)cc1,0
O=C(Nc1ccc2c(c1)OCO2)N1CCN(C(=O)C2CCCO2)CC1,0
CC1=Nc2ccccc2N=C(NC(=O)CSc2nnnn2-c2ccccc2)C1c1ccccc1,0
Cc1cc(C)n(CC(=O)n2nc(C)cc2C)n1,0
Cc1cc(C(=O)CSc2nnc(C3COc4ccccc4O3)n2C)c(C)n1-c1ccc(F)cc1,0
O=C1CC(c2ccco2)c2ccc3ccccc3c2N1,0
O=C(c1ccc2c(c1)OCO2)C1C2C(=O)N(C3CCCCC3)C(=O)C2C2c3ccccc3C=CN12,0
Cc1ccc2nc(-c3ccc(SCC(=O)Nc4cc(C)on4)nc3)[nH]c2c1,0
CCCCN1C(=O)c2ccc(C(=O)Nc3cccnc3)cc2C1=O,0
CCOc1ccccc1C(=O)N(CN1CCCC1=O)c1cccc(Cl)c1,0
CCOC(=O)C1CCN(C(c2cc3ccc(C)c(C)c3[nH]c2=O)c2nnnn2C2CCCCC2)CC1,0
Cc1nc2c(C(=O)NCc3ccc4c(c3)OCO4)c[nH]n2c(=O)c1Cc1ccccc1F,0
CCC(=O)Nc1ccccc1Oc1ccccc1,0
CN(CCCC(=O)Nc1ccncc1)S(=O)(=O)c1ccc(Cl)cc1,0
CC1(C)OC(=O)CC1C(=O)NCc1ccccc1,0
COc1cccc(C(=O)Nc2cc(NC(=O)c3ccco3)ccc2OC)c1,0
COc1ccc(OC(=O)CCCN2C(=O)c3ccccc3C2=O)cc1,0
CSCCC(NS(=O)(=O)c1ccc2c(c1)oc(=O)n2C)C(=O)NC1CCCCC1,0
COC(=O)c1ccc2c(c1)S(=O)(=O)N=C(NCc1ccco1)S2,0
Cc1nc2c(sc3nc4c(cc32)COC(C)(C)C4)c(=O)n1CC(=O)NCc1ccco1,0
COc1ccccc1N(CCC#N)C(=O)CSc1ccc2c(c1)OCCO2,0
CCc1ccc2c(c1)N/C(=C1/C=C(N)C=C(C)C1=O)O2,0
Cc1ccc(S(=O)(=O)NCCC(=O)OCn2nnc3ccccc3c2=O)cc1,0
CC(C)C(/C([O-])=C/[N+]#N)N1C(=O)c2ccccc2C1=O,0
Cc1cc(C)nc(N2CCN(c3nc(C)cc(C)n3)CC2)n1,0
COc1ccc(-c2csc(N3CCN(Cc4ccc5c(c4)OCO5)CC3)n2)cc1,0
COc1cccc(-n2c(Cc3cc(=O)[nH]c(=O)[nH]3)nnc2SC(C)C)c1,0
COc1ccc(-c2nc(C#N)c(NCc3ccc(F)cc3)o2)cc1OC,0
CCCc1nnc(SCC(=O)N2CCOCC2)n1CCCOC,0
Cc1c(C(=O)O)nn(-c2ccccc2)c(=O)c1C#N,0
CCCC1=C(C(=O)OCC)C(c2ccc(NC(C)=O)cc2)NC(=O)N1,0
O=C(CCN1C(=O)c2ccccc2C1=O)Nc1ccc2c(c1)OCCO2,0
CCn1c(SCC(=O)Nc2ccc(N(C)C)cc2)nnc1-c1cccc(C)c1,0
O=S(=O)(c1ccc2c(c1)OCCO2)N1CCC(O)(c2ccc(Cl)cc2)CC1,0
CN1CCN(S(=O)(=O)c2ccc(-c3ccc(S(=O)(=O)N4CCN(C)CC4)cc3)cc2)CC1,0
O=C(CN1C(=O)CSC1=O)Nc1ccc2c(c1)OCCO2,0
CC(=O)Nc1ccc(C2Nc3ccccc3C(=O)N2C2CCCCC2)cc1,0
CCC(=O)N1c2ccc(S(=O)(=O)CCC(=O)Nc3nccs3)cc2CC1C,0
Cn1cc(SCC(=O)NCC2CCCO2)c2ccccc21,0
Cc1cc(C)nc(SCc2nnc(SCC(=O)NCc3ccco3)n2-c2ccccc2)n1,0
O=C(CSc1nnnn1-c1ccc2c(c1)OCCO2)OC1CCCCC1,0
Cc1ccc(-c2nc(Nc3ccccc3)n[nH]2)cc1,0
O=C(O)CSC12CC3CC(C1)CC(C(=O)O)(C3)C2,0
CCc1nc2c(cnn2-c2ccc(Cl)cc2)c(=O)n1-c1ccc2c(c1)OCCO2,0
COCCNc1nc(C(C)(C)C)nc2c1nnn2Cc1ccccc1Cl,0
Cc1ccc(-n2c(SCC(N)=O)nnc2-c2ccccn2)cc1C,0
O=C(Nc1cccc(-c2cn3ccsc3n2)c1)c1ccccc1,0
Cc1ccc(S(=O)(=O)NCC(=O)N2CCC(C)CC2)cc1,0
COc1ccc(Nc2nc(Nc3ccc(OC)cc3)nc(-n3[nH]c(=O)c(C)c3C)n2)cc1,0
O=S1(=O)N=C(Nc2ccc(S(=O)(=O)N3CCCCC3)cc2)c2ccccc21,0
Cc1cc(NC(=O)c2sccc2C)n(-c2cccc(Cl)c2)n1,0
CCOC(=O)c1ccc(COC(=O)c2cc(=O)[nH]c3ccccc23)o1,0
COc1ccc(CC(=O)N2CCN(c3ccccn3)CC2)cc1OC,0
CC(=O)N1CCc2cc(S(=O)(=O)CCC(=O)N3CCN(c4ccccn4)CC3)ccc21,0
Cn1cnnc1SCC(=O)N(Cc1ccc2c(c1)OCO2)C1(C(=O)NC2CCCCC2)CCCC1,0
CCOC(=O)C1CCCN(C(=O)Nc2cccc(Cl)c2)C1,0
CCOC(=O)N1CCN(C(=O)CS(=O)Cc2nc(-c3ccc(C)cc3)oc2C)CC1,0
Cc1cccc(Cn2c(N(C)Cc3ccccc3)nc3c2c(=O)[nH]c(=O)n3C)c1,0
CCCCN(C)C(=O)CCCCn1c(=O)[nH]c2cc(OCC)c(OCC)cc2c1=O,0
CCC(C)(C)NC(=O)c1ccc2c(c1)N(CC(=O)OC)C(=O)C(C)(C)O2,0
CCCn1nnnc1SCC(=O)c1ccc2c(c1)OCCO2,0
CCOC(=O)c1[nH]c(=O)[nH]c1CSc1ccccn1,0
CCn1c(CCNC(=O)c2cccs2)nnc1SCC(=O)NC1CCCCC1,0
CCCc1cc(=O)n2[nH]c(NCc3cccs3)nc2n1,0
Cc1ccc(-c2noc(CN3CCN(c4ccccc4F)CC3)n2)cc1,0
COC(=O)c1ccc(C2C(C#N)=C(C)NC3=C2C(=O)CC(C)(C)C3)cc1,0
Cc1onc(-c2ccccc2Cl)c1C(=O)NCC(=O)O,0
COc1ccc(C)cc1S(=O)(=O)Nc1cccc(SC)c1,0
Cc1cc(C)c2[nH]c(=O)c(C(c3nnnn3C3CCCC3)N3CCOCC3)cc2c1,0
CCCN(CCC)CCCNC(=O)CC(C(=O)N1CCc2ccccc21)n1ccnc1,0
COc1ccc(CC(NC(C)=O)C(=O)NC2CCN(c3c4c(nc5ncnn35)CCC4)CC2)cc1,0
COc1cc2[nH]c(=S)n(CCN3CCCCC3C)c(=O)c2cc1OC,0
CS(=O)(=O)N(CC(=O)NCCSC1CCCCC1)c1ccc2c(c1)OCO2,0
Cn1c(=O)cc(OCC(=O)NCc2cccnc2)c2ccccc21,0
CC1S/C(=C(\C#N)C(=O)NCc2ccco2)N(Cc2ccco2)C1=O,0
CN1CCN(C(=O)c2ccc3c(=O)n(Cc4ccc(Cl)cc4)c(=S)[nH]c3c2)CC1,0
COC(=O)c1ccccc1NC(=O)CSc1nc(=O)cc(O)n1C1CCCC1,0
CCN(CCNC(=O)C1CCN(S(=O)(=O)c2cccc3cccnc23)CC1)c1ccccc1,0
Cn1nc(OCC(N)=O)ccc1=O,0
CCCCOC(=O)c1ccc(NC(=O)c2cnc3n(c2=O)CCS3)cc1,0
CC(=O)Nc1ccc(-c2cn3cccnc3n2)cc1,0
Cc1cccc(NC(=O)NCC(c2cccnc2)N2CCOCC2)c1,0
COc1ccc(OC)c(NS(=O)(=O)c2cccs2)c1,0
Cc1ccc(-n2ncc3c(=O)n(CC(=O)NC4CCCCC4)cnc32)cc1,0
C=CCn1c(SCC(=O)Nc2cccc(C)c2)nnc1-c1cnccn1,0
Cc1ccc2c(c1)cc(CN(Cc1ccco1)C(=O)COc1ccccc1)c1nnnn12,0
COc1ccc(Cc2nnc(SCC(=O)NCC3CCCO3)o2)cc1,0
Cc1cc(NC(=O)c2ccc3c(c2)C(=O)N(C2CCCCC2)C3=O)no1,0
Cc1nc2ccc(NC(=O)N3CCC(c4ccccc4)C3)cc2nc1C,0
Cc1c(Cl)cccc1NC(=O)CCN1CCCCCC1,0
CC1C2C(C)N(C)C(=O)N(C)C2N(C)C(=O)N1C,0
COC(=O)c1ccc(CSc2ncnc3c2sc2nc(N4CCOCC4)c4c(c23)CCCC4)o1,0
COc1ccccc1NC(=O)Nc1ncccc1C,0
Cc1cc(CN2C(=O)c3ccccc3C2=O)no1,0
Cc1ccc(Cn2ccc(NC(=O)c3cc(-c4ccco4)on3)n2)cc1,0
O=C(Nc1ccc(NC(=O)C2CC2)nc1)c1cccs1,0
CCOC(=O)N1CCN(S(=O)(=O)c2ccc(OCC(=O)OC)c(C)c2)CC1,0
COc1ccc(C(=O)N(Cc2ccco2)C(C(=O)NC2CCCC2)c2ccc(O)cc2)cc1OC,0
CC(C)OCCCNC(=O)CCc1nc(-c2ccccc2)no1,0
O=C(O)COc1ccccc1Cc1ccccc1,0
Oc1ccc(/N=C/c2ccc(-c3cccs3)s2)cc1,0
CCOc1ccc(CCNC(=O)C2CCN(C(=O)N(C)C)CC2)cc1OCC,0
Cc1ccc(S(=O)(=O)Nc2ccc3oc(=O)sc3c2)c(C)c1,0
COc1ccc(N(CC(=O)Nc2cccc(OC)c2)S(=O)(=O)c2c(C)nn(C)c2C)cc1,0
Cc1cccc(C)c1N1C(=O)c2ccccc2C1=O,0
Cc1ccccc1-c1nc(CN2CCCC(C(=O)NCCCN3CCOCC3)C2)c(C)o1,0
CCOC(=O)Cn1c(CN2CCc3ccccc3C2)nc2c1c(=O)n(C)c(=O)n2C,0
CC(=O)NC1CC2CCCC(C1)N2CC(=O)N1CCCc2ccccc21,0
COC(=O)n1ccc(C(=O)Nc2ccccc2F)n1,0
Cc1cc(OC(=O)c2ccccc2)n(CCC#N)n1,0
Cn1c(=O)c2c(nc(N3CCNCC3)n2Cc2cccc3ccccc23)n(C)c1=O,0
CC(C)(C)NC(=O)C(c1ccco1)N(C(=O)c1ccc(CN2CCOCC2)o1)c1ccccc1,0
O=C(Nc1ccc2c(c1)OCO2)C1C2C(=O)N(C3CCCCC3)C(=O)C2C2c3ccccc3C=CN12,0
Cc1cc2oc(=O)cc(CN3CCN(Cc4ccccc4)CC3)c2cc1Cl,0
CCN(CC)c1nc(N)c2c(N)nc3c(c2c1C#N)CC(c1ccccc1)O3,0
CCOC(=O)CSc1nnc(CNC(=O)Cc2ccccc2)n1-c1ccccc1OC,0
Cc1cc(C)n(CC(O)COCc2ccco2)n1,0
COn1c(-n2nc(C)cc2C)nc2ccccc2c1=O,0
COc1ccc(C2C(C(=O)Nc3cc(C)on3)c3ccccc3C(=O)N2C)cc1OC,0
Cc1nn(C)c(C)c1S(=O)(=O)N(CC(=O)Nc1ccc2c(c1)OCO2)c1ccc(C(C)C)cc1,0
CCOC(=O)c1ccc(NC(=O)CSc2nnc(C)n2-c2ccccc2)cc1,0
Cc1sc2nc(SCc3nc4ccccc4[nH]3)n(Cc3ccco3)c(=O)c2c1C,0
Cc1ccc(-c2ccc(/C=N/n3cnnc3)o2)cc1Cl,0
COc1ccc(N2CCN(CC(=O)Nc3ccc(-n4cnnn4)cc3)CC2)cc1,0
COc1ccc(C2C(C(=O)N3CCOCC3)c3ccccc3C(=O)N2c2ccc(OC)cc2)cc1,0
COc1ccc(OCc2nnc3n2N=C(c2ccc(OC)cc2)CS3)cc1,0
COc1ccccc1NC(=O)Nc1ccnn1C1CCCCC1,0
Cc1ccc(-n2ncc3c(NCc4ccccc4)ncnc32)cc1,0
Cc1cccc(CCNS(=O)(=O)c2ccc3c(c2)oc(=O)n3C)c1,0
COc1ccc(-c2nnc(SCc3nnc(-c4ccc(Cl)cc4)o3)n2-c2ccccc2)cc1,0
Cc1nc2nc(-c3ccco3)[nH]n2c(=O)c1Cc1ccccc1,0
CC(C)C(C)(C#N)NC(=O)CSc1nnc(-c2ccncc2)n1Cc1ccccc1,0
O=C(Cn1nnc(-c2ccccc2NC(=O)c2cccs2)n1)Nc1ccccc1,0
c1ccc(-c2nnc3n2NC(c2ccc4c(c2)OCO4)S3)cc1,0
O=c1oc2cc(OCc3nn[nH]n3)ccc2c2c1CCCC2,0
CN1CCN(c2nc3ccccc3nc2C(C#N)C(=O)OC2CCCCC2)CC1,0
CN(C)c1ccc(C(c2nnnn2CCOC(=O)Nc2ccc(Cl)cc2)N2CCOCC2)cc1,0
CCOC(=O)C1=C(C)NC(C)=C(C(=O)OCC)C1C(=O)OCC(=O)N1CCc2ccccc21,0
CCc1ccccc1NC(=O)CN1C(=O)C2CCCN2c2ncc(Cl)cc21,0
CC(C)(C)C(=O)Nc1ccccc1C(=O)NCc1ccco1,0
Cc1c(C(=O)N2CCc3ccccc32)oc2c1C(=O)CC(C)(C)C2,0
Cc1ccnc(-n2c(-c3ccco3)nc3ccccc3c2=O)c1,0
COc1cccc(-n2nc(C(=O)O)c3ccccc3c2=O)c1,0
Cn1c2ccccc2c2c(C(=O)NCC3CCCO3)cn(C3CCCC3)c(=O)c21,0
COC(=O)c1sc(NC(=O)Cc2cccs2)nc1C,0
O=C(CSc1ncn(-c2ccccc2)n1)Nc1nc2c(s1)CCCC2,0
N#CCCN1CCN(C(=S)c2ccc(-c3ccc(Cl)cc3)o2)CC1,0
O=C(Cn1cnc2c(cnn2-c2ccccc2)c1=O)N1CCCc2ccccc21,0
Cc1nc(CC(=O)O)c(-c2ccccc2)s1,0
Cc1cc(C(=O)Cn2nnc(-c3ccc(Cl)cc3)n2)c(C)n1CC1CCCO1,0
CCc1[nH]c(SC)nc(=O)c1C,0
CC(=O)Oc1ccc(/C=c2\sc3ncnn3c2=O)cc1,0
O=c1nc(NCc2ccco2)[nH]nc1Cc1ccccc1Cl,0
CCOC(=O)c1ccc(NC(=O)N2CC(C)OC(C)C2)cc1,0
COc1ccc(OC)c(NC(=O)c2ccc(S(=O)(=O)N3CCN(C)CC3)cc2)c1,0
CC(CS)C(=O)N1CCCC1C(=O)O,0
O=C(CN1CCCC1)Nc1ccc(-c2nc3cc(NC(=O)CN4CCCC4)ccc3o2)cc1,0
C/C=C/COC(=O)c1[nH]c2c(c1C)C(=O)CC(c1ccco1)C2,0
On1c(-c2ccco2)nc2c1CCc1nonc1-2,0
O=C(NC1CCCC1)C(c1ccsc1)N(Cc1ccco1)C(=O)Cc1cccs1,0
Nc1c(-c2ccc(Cl)cc2)nnn1-c1ccccc1,0
COc1ccc(OC)c(NS(=O)(=O)Cc2ccccc2)c1,0
O=C(O)CCC(=O)Nc1ccc(N2CCCCC2)c(C(=O)O)c1,0
CCN1C(=O)c2cccc3c(S(=O)(=O)Nc4nc(C)cs4)ccc1c23,0
Cc1ccc(-n2c(-c3cccnc3)n[nH]c2=S)cc1,0
Cc1ccc2cc(CN(Cc3cccs3)Cc3nnnn3CC3CCCO3)c(=O)[nH]c2c1C,0
Cc1ccsc1C1CC(=O)NC2=C1C(=O)CC(C)(C)C2,0
CC1(C)CC(=O)C=C(Nc2ccccn2)C1,0
O=C(O)CCCCCNC(=O)c1ccncc1,0
O=C(O)c1ccc(NS(=O)(=O)c2ccc3c(c2)OCCO3)cc1,0
Cc1ccc(S(=O)(=O)N2CCC(C(=O)N3CCCC3C(=O)NCc3ccccc3)CC2)cc1,0
CCc1nc2ccccc2c(C(=O)OCC(=O)Nc2ccc(S(=O)(=O)N3CCOCC3)cc2)c1C,0
c1ccc(C2=Nn3c(nnc3-c3ccccn3)SC2)cc1,0
O=C(CSc1nc2ccccc2o1)Nc1nc2ccccc2s1,0
CC(=O)Nc1cccc(Oc2cc(C#N)c(C#N)cc2N2CCCCCC2)c1,0
CCN(CC)CCN1C(=O)C(=O)/C(=C(/O)c2ccc(OC(C)C)cc2)C1c1ccncc1,0
O=c1cc(Nc2ccc3c(c2)OCCO3)[nH]c(=O)n1Cc1ccc(F)cc1,0
Cc1ccc(-c2nn(C)c(=O)c3ccccc23)cc1CO,0
Cc1ccc(-n2c(SCC(=O)OC(C)C)nnc2-c2ccccn2)cc1,0
CC(=O)OCc1cc2cc(C)ccc2[nH]c1=O,0
Cc1ccc(NC(=O)COc2ccc(/C(N)=N/O)cc2)cc1C,0
Nn1c(SCC(=O)Nc2ccc3c(c2)OCCO3)nnc1-c1ccccn1,0
Cc1cc(=O)nc(SCc2nc3ccccc3n2Cc2ccccc2)[nH]1,0
N#Cc1ccc(CSc2nnc(-c3ccccn3)n2-c2ccccc2)cc1,0
NC(=O)C1(N2CCCCC2)CCN(C(=O)c2ccccc2)CC1,0
O=C(OC1CCOC1=O)c1ccc2ccccc2n1,0
Cn1ncc2c1ncn1nc(CCc3ccccc3)nc21,0
COc1ccc(S(=O)(=O)N(CCc2ccccc2)CC(=O)NCCCO)cc1,0
Cc1ccc(CCNC(=O)c2nnn(-c3cccc(C)c3)c2N)cc1,0
O=C(CCn1c(=O)sc2ccccc21)Nc1nccs1,0
[O-][n+]1c2c(nn1-c1ccccc1Cl)-c1nonc1CC2,0
Cc1cc2cc(CN(Cc3ccc4c(c3)OCO4)C(=O)c3ccco3)c(=O)[nH]c2cc1C,0
Cc1ccc(C)c(NC(=O)CSc2nnc(Cc3cccn3C)n2-c2ccc(F)cc2)c1,0
CCCCn1nnc(NC(=O)c2ccc(-c3ccccc3)cc2)n1,0
CCOc1ccc(NS(=O)(=O)c2ccc(SC)cc2)cc1,0
c1ccc(-c2noc(-c3ccncc3)n2)nc1,0
Cc1onc(-c2c(F)cccc2Cl)c1C(=O)OCn1nnc2ccccc2c1=O,0
CN(C(=O)c1ccncc1)c1nnc(-c2cccnc2)s1,0
COc1ccc(NC(=O)Cn2nnc(-c3ccc(CN4CCOCC4)cc3)n2)c(OC)c1,0
O=C(c1cnn2c(C(F)F)cc(-c3ccccc3)nc12)N1CCN2CCCC2C1,0
CCCCOc1ccc(C(O)(CCC)CCN2CCOCC2)cc1,0
O=C(Nc1ccc(N2CCOCC2)cc1N1CCOCC1)c1ccco1,0
Cc1ccc(-c2nc3cnccn3c2Nc2ccc3c(c2)OCCO3)o1,0
Clc1ccccc1Cn1nnc2c(NCCN3CCOCC3)ncnc21,0
CN1CCN(C(=O)c2cc(-c3cccc(Cl)c3)on2)CC1,0
COC(=O)c1ccc(CSc2ccc3nnc(-c4ccccn4)n3n2)o1,0
COc1cccc(N2C(=O)C(CC(=O)Nc3ccccc3)N(C3CCCCC3)C2=O)c1,0
COc1ccc(OC)c(C2/C(=C(/O)c3cnn(-c4ccccc4)c3C)C(=O)C(=O)N2CCN(C)C)c1,0
N#Cc1ccc(Oc2ccc(C(N)=O)cc2)cc1C#N,0
O=C(O)c1cc(NCc2ccc3c(c2)OCO3)ccc1N1CCOCC1,0
O=C(NCc1ccccn1)Nc1cccc(NC(=O)NCc2ccccn2)c1,0
CC1=C(C(=O)OCc2ccccc2)C(c2ccccn2)c2c(n(C)c(=O)n(C)c2=O)N1,0
COc1ccc(N(CC(=O)NCc2ccco2)S(C)(=O)=O)cc1,0
COC(=O)c1cc(OC)c(OC)cc1NC(=O)c1c(C)noc1C,0
CCOc1ccc(NC(=O)CN(c2ccc(OC)cc2)S(C)(=O)=O)cc1,0
COc1ccc(C)cc1NCc1cccc(OC)c1OC,0
COc1ccccc1C1C(C(N)=O)=C(C)N=C2N=CNN21,0
COc1ccc(CN2C(=O)C3ON=C(c4ccccc4Cl)C3C2=O)cc1,0
COCCNC(=O)c1c(NC(=O)c2ccco2)n(Cc2ccccc2)c2nc3ccccc3nc12,0
Clc1ccccc1OCc1nn2c(-c3ccncc3)nnc2s1,0
CC(C)c1cc(N2CCN(C(=O)c3ccco3)CC2)n2c(nc3ccccc32)c1C#N,0
COc1ccc(OCC(=O)Nc2cc(-c3nn4c(C)nnc4s3)ccc2C)cc1,0
CSC1CCCCC1(O)CSc1nc2c(cc1C#N)CCCC2,0
CC(=O)Nc1nc(-c2ccccc2)nc(C)c1C(C)=O,0
CCn1cc(C(=O)NCCOC)c(=O)c2ccc(C)nc21,0
Cc1ccccc1-n1c(SCC(=O)N2CCCC2)nnc1-c1ccccn1,0
Cc1ccccc1NC(=O)c1ccc(NC(=O)c2ccco2)cc1,0
COc1ccc(-c2noc(CN3CCOCC3)n2)cc1OC,0
CCC(C(=O)Nc1ccccc1C(=O)N1CCCC1)N1C(=O)c2ccccc2C1=O,0
CCOC(=O)Cn1c(=O)n(Cc2ccco2)c(=O)c2ccc(C(=O)NCCc3ccccc3)cc21,0
CCOC(=O)c1ccc(NC(=O)CSc2nc(SC)ns2)cc1,0
Cn1c(=O)c2c(nc(NCc3ccc4c(c3)OCO4)n2Cc2ccc(F)cc2)n(C)c1=O,0
CCOC(=O)c1ccc2nc3c(cc2c1)CCS3,0
CC(=O)c1ccc(-c2nc3c4ccccc4ccn3c2C(C)=O)o1,0
CS(=O)(=O)c1ccc2nc(NC(=O)c3ccco3)sc2c1,0
CC(C)OC(=O)C(NC(=O)c1ccccc1)=C1CCCCC1,0
CC(C)CCNC(=O)C(c1ccco1)N(Cc1ccccc1)C(=O)c1snc(C(N)=O)c1N,0
Cc1ccc(-c2csc(N3CCC(C(N)=O)(N4CCCCC4)CC3)n2)cc1,0
Cc1cccc(N2CC(C(=O)O)CC2=O)c1,0
Cc1cc(OCC(=O)Nc2ccc(S(=O)(=O)N3CCN(C)CC3)cc2)cc(C)c1Cl,0
CCOC(=O)Cn1c(=O)oc2cc(S(=O)(=O)Nc3ccc(F)cc3)ccc21,0
CCOc1ccc(-n2c(Cc3cc(=O)[nH]c(=O)[nH]3)nnc2SCc2cccnc2)cc1,0
COc1ccccc1NC(=O)CSc1nnc(COc2ccc(Cl)cc2)n1Cc1ccco1,0
CC(C)Oc1ccc(C2CNC(=O)C2)cc1,0
Cc1ccc(CN2C(=O)CCC2C(=O)NC(C)C)cc1,0
COc1ccc(Cl)cc1NC(=O)CSc1nc(N2CCCCC2)nc(N2CCCCC2)n1,0
COc1ccc(C(C)=O)cc1CSc1nnc(C)s1,0
O=C(COc1ccccc1Cl)N1CCN(c2ncccn2)CC1,0
Cc1cccc2cc3c(NC(=O)c4ccccn4)nn(C)c3nc12,0
CN(Cc1ccccc1)C(=O)NC(Cc1ccccc1)C(=O)O,0
COC(=O)c1ccc(CN2CCN(Cc3ccc(C(=O)OC)o3)CC2)o1,0
COCCNC(=O)c1ccc(N2CCCCC2)c(NS(=O)(=O)c2ccc(C)cc2)c1,0
CCn1cc(C(=O)O)c(=O)c2cc(F)c(N3CCNCC3)nc21,0
CSc1n/c(=N/C(C)=O)ss1,0
c1ccc(CSc2nncn2-c2ccccn2)cc1,0
CC(C)(C)NC(=O)CSc1nnc(-c2ccccn2)n1-c1ccccc1,0
O=C(NCCCN1CCCCC1)c1ccc2c(c1)NC(=O)C(N1CCCCC1)S2,0
COc1ccc(CCNC(=O)CN(c2ccc(OC)c(OC)c2)S(C)(=O)=O)cc1OC,0
Cc1cc(C)n(-c2nncn2NC(=O)c2ccc(Cl)cc2O)n1,0
CCOc1ccccc1NC(=O)CSc1nnc(-c2ccco2)n1Cc1ccco1,0
CC1CN(CCC(=O)Nc2ccc3c(c2)CCC3)CC(C)O1,0
CCC(C)N(C(=O)COC(=O)Cc1n[nH]c(=O)c2ccccc12)C1CCS(=O)(=O)C1,0
COC(=O)n1c(=O)oc2cc(S(=O)(=O)N3CCCCC3)ccc21,0
COc1ccccc1-c1nc(C#N)c(N2CCN(c3ccccc3)CC2)o1,0
O=C1CC(N(Cc2ccc3c(c2)OCO3)C(=O)Nc2ccc(F)cc2)C(=O)N1c1ccccc1,0
O=C(Nc1ccc(S(=O)(=O)N2CCCC2)cc1Cl)C1=COCCO1,0
COC(=O)c1ccccc1NC(=O)Nc1cccs1,0
COc1ccc(NC(=O)CSc2nnc(CNc3ccc(F)cc3)o2)c(OC)c1,0
O=C(COc1ccccc1)Nc1nc(-c2cccs2)cs1,0
CCN(CC)C1CCCCC1NS(=O)(=O)c1ccc(Cl)cc1,0
Cc1cnc(C(=O)NCCc2ccc(S(=O)(=O)NC(=O)NC3CCCCC3)cc2)cn1,0
Cc1cc(OCCN2CCCC2)ccc1C(C)C,0
CCOc1cc(C(=O)OCC(=O)c2c(C)[nH]c3ccccc23)ccc1OCC(=O)N1CCOCC1,0
CCOC(=O)c1c(C)oc2c1c(C(c1cccnc1)N1CCN(C)CC1)c(O)c1ccccc12,0
COc1ccc(N(C(=O)Nc2ccc(Cl)cc2)C2=NCCC2)cc1,0
CCc1c(C)[nH]c(N2CCOCC2)nc1=O,0
CCOC(=O)c1c(C)n(COCCO)c2ccc(O)cc12,0
Cc1cc(C)c(S(=O)(=O)Nc2ccc(O)cc2)c(C)c1,0
CCC(=O)N(Cc1ccco1)c1nc(-c2ccccc2)cs1,0
Cc1cccc(Cn2c(N3CCN(c4ccccc4)CC3)nc3c2c(=O)n(C)c(=O)n3C)c1,0
O=C1CC(c2cccs2)CC(=O)C1=CNCCN1CCNCC1,0
S=c1[nH]nc(-c2ccncc2)n1CC1CCCO1,0
COc1cc(C(=O)OCn2nnc3ccccc3c2=O)cc(OC)c1OC,0
Cc1c(C(=O)NCCN2CCOCC2)oc2ccccc12,0
CCOc1ccc(N(CC(=O)NC2CCCCC2)S(=O)(=O)c2c(C)noc2C)cc1,0
CC(C)Sc1nc2c(c(=O)n(C)c(=O)n2C)n1C,0
CCOC(=O)c1cccc(NC(=O)CN(c2ccc(C)cc2)S(=O)(=O)c2c(C)noc2C)c1,0
O=C(NCC(=O)N(c1ccccc1F)C(C(=O)NCC1CCCO1)c1ccccc1)c1ccco1,0
COC(=O)CCC(=O)Nc1nc(-c2ccccc2)cs1,0
O=C(NC1CCN(Cc2ccccc2)CC1)C1CCN(S(=O)(=O)c2cccc3nsnc23)CC1,0
CC(=O)c1c(C)[nH]c(C(=O)N2CCN(C(=O)c3ccco3)CC2)c1C,0
CCOc1cc(C(=O)N2CCOCC2)ccc1OCc1ccccc1,0
CSc1nnc(-c2ccccc2Cl)n1N,0
C=CCSc1nc2c(c(=O)[nH]c(=O)n2C)n1C/C=C(/C)Cl,0
O=C(O)c1ccc2c(c1)N(Cc1cccc(F)c1)C(=O)CS2,0
CC(NC(=O)C1C2C=CC(C2)C1C(=O)O)c1ccccc1,0
CCOC(=O)CNC(=O)CSc1nnc(-c2ccco2)n1Cc1ccco1,0
Cc1ccc(S(=O)(=O)Nc2cccc(-c3cn4ccsc4n3)c2)cc1,0
N#CC(C#N)C(c1ccsc1)c1c(-c2ccccc2)[nH][nH]c1=O,0
CC1(C)Cc2c(C#N)c(N)sc(=S)c2CO1,0
Cc1ccc(C)c(SCC(=O)Nc2nnc(-c3ccccc3)o2)c1,0
Cc1ccc(-c2nnc(SCC(=O)N3CCN(c4ccccc4)CC3)o2)cc1,0
O=C(CSc1nc(Nc2ccccc2)nc(N2CCOCC2)n1)Nc1ccc2c(c1)OCCO2,0
CCCN(CCC)c1nc2ccccc2n2c(C)nnc12,0
O=C(OCC(=O)N1CCN(C(=O)c2ccco2)CC1)c1ccccc1OCc1ccccc1,0
Cc1cccc2sc(NC(=O)CCNS(=O)(=O)c3cccs3)nc12,0
O=C(NCc1ccncc1)/C(=N\O)c1ccccc1,0
O=C(O)C1CC=CCC1C(=O)NC12CC3CC(CC(C3)C1)C2,0
COC(=O)c1ccccc1NC(=O)c1ccc(NS(C)(=O)=O)cc1,0
C/C(=C\c1cc(C(=O)O)c(C)o1)CO,0
Cc1ccc(S(=O)(=O)c2cc3c(=O)n4ccccc4nc3n(CC3CCCO3)c2=N)cc1,0
O=C(COc1cnc2ccccc2n1)NCCC1=CCCCC1,0
N#Cc1c(NC(=O)CSc2nc3ccccc3c(=O)n2Cc2ccco2)sc2c1CCCC2,0
COc1ccc(C(=O)OCC(=O)c2cc(OC)ccc2OC)c(OC)c1,0
Cc1ccc(NC(=O)CC2Nc3ccccc3NC2=O)cc1Cl,0
O=C(c1ccco1)N1CCN(C(=O)c2cnn3cccnc23)CC1,0
COc1ccc(-c2oc3ncnc(NCCCN4CCOCC4)c3c2-c2ccc(OC)cc2)cc1,0
Cc1noc(C)c1COC(=O)c1cccc(S(=O)(=O)N2c3ccccc3CC2C)c1,0
COCc1cc(C)nc(Nc2ccc(C)cc2C)c1C#N,0
CC(=O)Oc1ccc2oc(C)c(C(=O)N3CCOCC3)c2c1,0
COc1ccc(C(CNC(=O)c2cc(C)oc2C)N2CCOCC2)cc1,0
Cc1ccc(-c2nc3ccccc3c(=O)n2CCCN2CCOCC2)cc1,0
O=C(CN(C(=O)CNS(=O)(=O)c1ccccc1)C1CCCC1)NCC1CCCO1,0
CN1CCN(c2ccccc2NC(=O)c2ccc(OCc3ccccc3)cc2)CC1,0
Cc1nnc(SCC(=O)c2cc(C)n(-c3ccc4c(c3)OCO4)c2C)s1,0
CCC(c1nnnn1Cc1ccc2c(c1)OCO2)N1CCN(c2ccccc2)CC1,0
COc1ccc(CCN2C(=O)CC(C(N)=O)S/C2=N\c2ccccc2)cc1OC,0
N#Cc1c(NC(=O)CSc2nnc(-c3ccncc3)n2CC2CCCO2)sc2c1CCCC2,0
COc1cc(CC(=O)Nc2nccs2)cc(OC)c1OC,0
CCCn1c(SCC(=O)N2c3ccccc3Sc3ccccc32)nc2c1c(=O)n(C)c(=O)n2C,0
Cc1ccc2[nH]c3c(=O)n(CCCN4CCN(C)CC4)cnc3c2c1,0
COc1cccc(C2=NC3=NC(C)=C(C(=O)Nc4cccnc4)C(c4cccs4)N3N2)c1,0
Clc1nnc2ccc(-c3ccccc3)nn12,0
CN(C)CC#CCOCCOCCC#N,0
CCOc1cc(C)nc(N2CCC(C(=O)Nc3ccccc3OCC)CC2)n1,0
Cc1ccc(-c2nn(CC(=O)NCc3ccco3)c(=O)c3ccccc23)cc1,0
C=CCN(C(=O)CSc1nc2[nH]ncc2c(=O)n1-c1ccccc1OC)c1ccccc1,0
Cc1onc(-c2ccccc2)c1C(=O)Nc1nnc(N2CCCCCC2)s1,0
Cc1cc(OCc2nn[nH]n2)c2c(-c3ccccc3)cc(=O)oc2c1,0
O=C(Nc1c(C(=O)NCc2ccco2)cnn1-c1ccccc1)c1cccc(F)c1,0
CCN(CCNC(=O)C1CCCN(S(=O)(=O)CC)C1)c1ccccc1,0
CC1(C)Oc2ccc(C(=O)N3CCOCC3)cc2N(CC(=O)Nc2ccccc2)C1=O,0
COCCNC(=O)CN(C(=O)CCC(=O)Nc1cc(C)on1)c1cccc(C)c1C,0
CCOc1ccc2ccccc2c1C(=O)Nc1cc(=O)n(C)c(=O)n1C,0
CSc1nc(C)cc(OCC(=O)n2nc(C)cc2C)n1,0
N#CC(C(=O)CSc1nnc(Cc2cccs2)n1C1CCCCC1)=C1Nc2ccccc2N1,0
Cc1ccc(C)c(NC(=O)c2ccccn2)c1,0
CC(C)CC1NC(=O)N(CC(=O)c2ccc3c(c2)OCCO3)C1=O,0
CCOc1ccccc1NC(=O)c1ccc2nccnc2c1,0
COc1ccc(N2C(=O)C3CCCN3C2c2ccccc2OC)cc1,0
Cc1oc(C(C)(C)C)cc1C(=O)Nc1ccc2c(c1)OCCO2,0
COc1nc(C)ccc1-c1noc(-c2ccncc2)n1,0
Cn1c(C(=O)Nc2ccc3c(c2)OCCO3)cc2sccc21,0
CCOC(=O)C1CCCN(Cc2cccc(Cl)c2)C1,0
O=C(COC(=O)CCc1ccc(S(=O)(=O)N2CCOCC2)cc1)Nc1ccc(Cl)cn1,0
O=C(NCc1cccs1)c1ccc2c(c1)OCCO2,0
O=C(NC(NC1CCS(=O)(=O)C1)C(=O)c1ccccc1)c1ccc(Cl)cc1,0
CCOc1ccc(OCC)c(NC(=O)CCn2c(=O)oc3ccccc32)c1,0
CCOC(=O)N1CCN(S(=O)(=O)c2c(C)cc(C)cc2C)CC1,0
CCn1cc(C(=O)N2CCCC2)c(=O)c2cc(S(=O)(=O)N3CCOCC3)ccc21,0
CCN(CC)C(=O)CSC1=C(C#N)C(c2ccco2)C(C(=O)OCCOC)=C(C)N1,0
CCc1ccc(NC(=O)CCN2C(=O)c3cccnc3C2=O)cc1,0
Cc1cc(C(=O)OCC(=O)NC(=O)NC(C)(C)C)c(C)o1,0
CCCS(=O)(=O)NCCc1cc2c(OC)ccc(OC)c2[nH]c1=O,0
CN(C)S(=O)(=O)c1ccc(-c2ccccc2)cc1,0
Cn1c(=O)c2c(nc(CN3CCN(C(=O)c4ccco4)CC3)n2Cc2cccc(Cl)c2)n(C)c1=O,0
Cn1c(CNc2ccccn2)c(C#N)c2ccccc21,0
Cc1cc(NC(=O)CSc2nnc(COc3ccccc3)n2Cc2ccco2)no1,0
CCOC(=O)C1CCN(C(=O)CSc2nnc(-c3ccco3)n2-c2ccccc2)CC1,0
COC(=O)CNc1nc(C2CC2)nc2c1nnn2Cc1ccccc1Cl,0
COc1ccc(S(=O)(=O)Cc2ccc(C(=O)NCCCN(C)c3ccccc3)o2)cc1,0
NC(=O)c1c(NC(=O)CSc2nnc(Cc3ccccc3)n2Cc2ccco2)sc2c1CCC2,0
Cc1ccc(NC(=O)C2CCCN(S(=O)(=O)c3cnc[nH]3)C2)cc1C,0
O=C(Nc1cccnc1)C1OCCc2ccccc21,0
CC(C)NS(=O)(=O)c1ccc(NC(=O)c2cccnc2)cc1,0
Cc1cc(=O)n2c(n1)OC(CO)C2,0
N#CCSc1nc2ccccc2c(=O)n1CCC(=O)NCCc1ccccc1,0
COc1ccc(-c2nnc3ccc(SCC(=O)N4CCOCC4)nn23)cc1,0
Cn1c(=O)c2c3c(sc2n2c(SCC(=O)c4ccccc4)nnc12)COC(C)(C)C3,0
COc1cc2c(cc1OC)-c1nnc(C)n1C1(CCCC1)C2,0
COc1ccccc1N(CC(=O)NC1CCCCC1)S(C)(=O)=O,0
O=C(CSc1nnc(-c2cccs2)o1)OCc1ccccc1,0
COC(=O)CSC1=C(C#N)C(c2cccc(OC)c2)CC(=O)N1,0
COC(=O)CNC(=O)COC(=O)C(Cc1ccccc1)NC(=O)c1ccco1,0
Cc1cccc(-c2nnc(SCc3nc4ccccc4[nH]3)n2Cc2ccco2)c1,0
Cc1cc(C(=O)CN2C(=O)NC3(CCCCC3)C2=O)c(C)n1Cc1ccc2c(c1)OCO2,0
Cc1ccc(C2C3=C(CC(C)(C)CC3=O)N(CCN3CCOCC3)C3=C2C(=O)CC(C)(C)C3)cc1,0
Cc1cc(C)n(C(=O)c2ccc(NC(=O)CC(C)C)cc2)n1,0
CC(=O)c1c(C(C)=O)c(C)n(NC(=O)c2cccnc2)c1C,0
COc1ccc(OC)c(NC(=O)CC(Cc2ccccc2OC)C(=O)O)c1,0
COc1ccc(S(=O)(=O)N(CC(=O)N2CCN(c3ccccc3OC)CC2)c2ccccc2)cc1,0
CCOc1cc(S(=O)(=O)NC2CCCCCC2)ccc1F,0
CC(C)(C)N1C(=O)c2ccc(C(=O)O)cc2C1=O,0
C=CCn1c(Cc2csc(N)n2)nnc1SCc1ccc(C(=O)OC)cc1,0
CC(=O)Nc1ccc(NC(=O)CN(c2ccccc2Cl)S(C)(=O)=O)cc1,0
O=C1c2cccnc2C(=O)N1c1cccc(-c2nc3ccccc3o2)c1,0
Cc1ccc(Cl)cc1N1CCN(CC(=O)Nc2ccc3[nH]c(=O)[nH]c3c2)CC1,0
CC(C)c1ccc(NC(=O)C2CCN(S(C)(=O)=O)CC2)cc1,0
CCOC(=O)N1CCN(CC(O)c2ccc3c(c2)CCN3)CC1,0
CS(=O)(=O)N1CCCC(C(=O)NCc2cccs2)C1,0
CC(Sc1nc2ccccc2s1)C(=O)N1CCOCC1,0
O=S(=O)(Cc1ccccc1)N1CCN(C2Cc3ccccc3C2)CC1,0
COC(=O)C1=C(N)n2c(s/c(=C\c3cccnc3)c2=O)=C(C(=O)OC)C1c1cccnc1,0
CCCS(=O)(=O)N1CCN(c2ccccc2F)CC1,0
COc1cccc(/C(O)=C2/C(=O)C(=O)N(CCN3CCOCC3)C2c2cccs2)c1,0
Cc1cccc(C(=O)OCc2cc3ccccc3[nH]c2=O)c1,0
Cc1cc(NC(=O)CSc2nc(=O)c(C#N)c(-c3ccccc3)[nH]2)no1,0
Cc1ccc(-n2c(=O)cc(N3CCC(C)CC3)[nH]c2=O)cc1,0
Fc1cccc(Cl)c1CSc1nnc(COc2cccc3cccnc23)o1,0
Cc1cccc(-n2c(=O)[nH]c3c(C(N)=O)nc(CC(C)C)nc32)c1,0
COC(=O)c1ccccc1NC(=O)CN1CCC(n2nnc3cc(F)ccc32)CC1,0
CC(C)c1nnc(NC(=O)CCC(=O)NCc2ccc3c(c2)OCO3)s1,0
Cn1c(OCc2ccco2)nc2c1c(=O)n(Cc1ccc(Cl)c(Cl)c1)c(=O)n2C,0
Cc1nc2ccc(S(=O)(=O)NCC(=O)N3CCN(c4ccccn4)CC3)cc2s1,0
CCOC(=O)C1CCCN(c2nc3ccccc3nc2C(C#N)C(=O)NCc2ccccc2)C1,0
CCOc1ccc(C(=O)CN2CCN(S(=O)(=O)c3ccc(OC)cc3)CC2)cc1,0
Cc1ccc(-c2nc3cc(NC(=O)C(C)C)ccc3o2)cc1,0
CCOC(=O)c1ccc(N2CN=C3SCC(=O)N3C2)cc1,0
COc1ccc(C(=O)n2nc(-c3ccc(Cl)cc3)nc2N)cc1OC,0
COc1cc(OC)c(C2C3=C(CCCC3=O)Nc3nc4ccccc4n32)cc1OC,0
COc1ccc(S(=O)(=O)N2CC3C4C=CC(C4)C3C2)cc1,0
CC(C)CCNC(=O)c1c(N)n(CC2CCCO2)c2nc3ccccc3nc12,0
Cc1ccc(C(C)C)c(OCCn2c(=O)oc3ccccc32)c1,0
Cc1cc(=O)nc(/N=C(\N)Nc2cccc3ccccc23)[nH]1,0
CCCCOc1nc2nc(-c3ccco3)n(Cc3ccco3)c(N)c-2c1C#N,0
COc1ccc(CC(=O)NCc2ccccc2Cl)cc1S(=O)(=O)N1CCOCC1,0
COc1ccccc1-c1nnc(NC(C)=O)s1,0
O=C(CSc1nnc(-c2cccs2)n1-c1ccccc1)N1CCc2ccccc21,0
COc1ccc(CC(CC(=O)O)C(=O)Nc2ccc(OC)cc2)cc1,0
Cc1c(C(=O)N2CCOCC2)sc2ncn(CC(=O)N3CCC(C)CC3)c(=O)c12,0
COc1ccc(CCNC(=O)CSc2nnc(CNc3ccc(Cl)cc3)o2)cc1OC,0
O=S(=O)(Cc1ccccc1Cl)N1CCN(Cc2ccc3c(c2)OCO3)CC1,0
Cc1ccc(C)c(-n2nnnc2SCC(=O)c2ccc3c(c2)NC(=O)CO3)c1,0
COC(=O)C1C(C(C)C)N(c2ccccc2)OC1(C)O,0
Clc1ccc(Cn2cccc2C2=NCCO2)cc1,0
Cc1cc(C)n(C(=O)CCN2C(=O)c3ccccc3C2=O)n1,0
O=C(c1cccnc1Nc1ccc2c(c1)CCC2)N1CCOCC1,0
COc1ccccc1C(=O)Nc1ccc(N2CCN(S(C)(=O)=O)CC2)cc1,0
Cc1cc(C(=O)N2CCN(C(c3ccccc3)c3ccccc3)CC2)no1,0
Cc1noc(C)c1COC(=O)CCOc1ccccc1,0
O=C(Nc1ccc2c(c1)OCCO2)c1cc(-n2cnnc2)ccc1Cl,0
CCOc1cccc(-c2nnc3n2N=C(c2cc(OC)ccc2OC)CS3)c1,0
CCOC(=O)Cn1c(C)c(C#N)c2ccccc21,0
N=c1c(S(=O)(=O)c2ccccc2)cc2c(=O)n3ccccc3nc2n1CCN1CCOCC1,0
O=C(c1ccccc1)c1cccn1CC(=O)N1CCN(C2CCCCC2)CC1,0
CC(NC(=O)c1ccccc1)c1nc2ccccc2n1Cc1ccc(C#N)cc1,0
CC(C)(CN1CCCCC1)NS(=O)(=O)c1ccc(Cl)cc1,0
COC(=O)c1cccc(S(=O)(=O)N2CCC(NC(=O)Nc3cccc(F)c3)CC2)c1,0
Cc1ccc(S(=O)(=O)NCCOCCNS(=O)(=O)c2ccc(C)cc2)cc1,0
Cn1c(=O)oc2cc(S(=O)(=O)NCCc3ccccc3)ccc21,0
c1ccc(OCCOc2nc3ccccc3nc2N2CCOCC2)cc1,0
O=C(O)CCn1c(=O)sc2ccccc21,0
CCCC(=O)Nc1ccc(C(=O)O)cc1NC(=O)CCC,0
O=C(CSc1nc(=O)cc(-c2ccccc2)[nH]1)NCc1ccc2c(c1)OCO2,0
CCOc1cc(C2CC(=O)NC(SCC)=C2C#N)ccc1O,0
O=C(NCc1cccnc1)NC1(c2ccccc2)CC1,0
CC(C)c1ccc(-c2nc3c([nH]2)c(=O)n(C)c(=O)n3C)cc1,0
Cc1ccc(Oc2ccc(S(=O)(=O)N3CCOCC3)cc2C(N)=O)c(-n2nc3ccccc3n2)c1,0
CC(=O)Oc1ccc(N(C(C)=O)S(=O)(=O)c2cccs2)cc1,0
COCCCNc1oc(-c2ccccc2OC)nc1C#N,0
CCOc1nc(-c2ccc(OC)cc2)ccc1-c1noc(-c2ccncc2)n1,0
CC1CCN(c2oc(-c3ccccc3Cl)nc2C#N)CC1,0
COCCN(C(=O)c1ccccc1)c1nnc(-c2cccnc2)s1,0
COc1ccc(CCNC(=O)C2CC2)cc1OC,0
CCN1CCN(C(=O)C2=C(C(=O)O)CCCC2)CC1,0
CCOC(=O)c1sc(NC(=O)c2noc3c2CCCC3)c(C(=O)OCC)c1C,0
COC(=O)Nc1nnc(CCc2ccccc2)s1,0
COC(=O)CC1SC(=O)N=C1Nc1ccccc1,0
Cn1c(SCC(=O)NCC2CCCO2)nnc1-c1ccc(S(=O)(=O)N2CCCC2)cc1,0
O=C1NC(=S)SC1=C1CCCCCC1,0
O=C(O)CCSc1nc2ccccc2n1CCOc1ccccc1,0
COc1ccc(Nc2oc(COc3ccc(Cl)cc3)nc2C#N)cc1,0
O=C(Nn1cnnc1)c1ccccc1CCc1ccccc1,0
CC1CCCCN1C(=O)Cn1cc(C(=O)c2ccco2)c2ccccc21,0
O=C(NCC(=O)N(c1ccccc1)C(C(=O)NCC1CCCO1)c1ccccc1)c1ccco1,0
CC(C)NC(=O)CN(C)S(=O)(=O)c1ccc(F)cc1,0
Cc1nc2ccccn2c1-c1nnco1,0
O=C(Nc1nc(-c2nc3ccccc3s2)cs1)C1COc2ccccc2O1,0
O=C(CC1N=C2c3ccccc3N=C(SCc3ccc(F)cc3)N2C1=O)NCc1ccco1,0
CCOC(=O)c1cc2sccc2n1CC(=O)Nc1ccc2c(c1)OCCO2,0
Cn1c2ccccc2c2nnc(SC3CCOC3=O)nc21,0
CCCS(=O)(=O)N1CCCC(C(=O)NCCc2ccc(OC)c(OC)c2)C1,0
Cc1ccc(-c2ccc(/C=N/c3ncn[nH]3)o2)cc1Cl,0
COc1cccc(NC(=O)COc2ccccc2C(N)=O)c1,0
O=C(OCC(=O)N(C1CCCCC1)C1CCCCC1)c1cnccn1,0
COc1ccc(NC(=O)c2ccc3c(c2)n(C)c(=O)n3C)cc1,0
O=C(c1ccc(CNS(=O)(=O)c2ccccc2)cc1)N1CCC2(CC1)OCCO2,0
CC(OC(=O)c1cccs1)C(=O)NCc1ccc2c(c1)OCO2,0
Cn1c(=O)n(CCN2CCOCC2)c(=O)c2c1nc1n2CCN1c1ccc(Oc2ccccc2)cc1,0
O=C(O)C1Cc2c([nH]c3ccccc23)C(c2ccc3c(c2)OCO3)N1,0
O=C(CCCN1CCC2(CC1)C(=O)NCN2c1ccccc1)c1ccc(F)cc1,0
Cc1ccc(C)c(Cn2c(=O)c3c(nc4n3CCN4Cc3ccco3)n(C)c2=O)c1,0
COc1ccc(-c2cc(C(N)=O)nc(N3CCCCCC3)n2)cc1,0
CCCCN1C(=O)CC(Nc2ccc(CC)cc2)C1=O,0
COC(=O)c1cc2oc(C)cc2n1CC(=O)N1CCCc2ccccc21,0
COc1ccc(CCNC(=O)CCn2c(=O)oc3ccccc32)cc1OC,0
Cc1ccc2c(c1)CC1(CN2C)C(=O)NC(=O)N(c2cc(C)ccc2C)C1=O,0
O=C(CCCn1c(=S)[nH]c2ccccc2c1=O)NC1CCCC1,0
CCCc1cc(=O)n2[nH]c(CCc3ccccc3)nc2n1,0
O=C(COc1ccccc1O)N1CCN(C(=O)c2ccco2)CC1,0
Cc1ccc2cccc(S(=O)(=O)N3CCN(c4ccccc4F)CC3)c2n1,0
COc1cccc(-n2nnc3c(=O)n(Cc4cccc(F)c4)cnc32)c1,0
CS(=O)(=O)N1CCN(C(=O)c2csc3ccccc23)CC1,0
CCOC(=O)C1/C(=N/O)CC(C)(O)C(C(=O)OCC)C1c1ccc(N(C)C)cc1,0
CCN(CC)C(=O)C1=C(C)NC(=O)NC1c1ccccc1F,0
O=C(C1CCCO1)N(Cc1ccccc1)c1ccccc1,0
CCOC(=O)c1c(C)c2c(n1C)CCC/C2=N\O,0
Cc1c(C(=O)N2CCOCC2)[nH]c2ccc(OCc3ccccc3)cc12,0
O=C(COc1ccccc1)NCc1nnc(SCC(=O)Nc2nccs2)n1-c1ccccc1,0
COc1ccccc1N1CCN(c2ncnc3c2oc2ccccc23)CC1,0
CN1CCN(CCCNC(=O)C2CCN(c3nnc(-n4cccc4)s3)CC2)CC1,0
CN1CCN(/C=C2\SC(=S)NC2=O)CC1,0
CCOC(=O)c1ccc(NC(=O)CSc2nnc(Cc3cccs3)n2C)cc1,0
COc1ccc(NC(=O)CSc2nnc(Cn3c(=O)sc4ccccc43)n2C)cc1OC,0
CCn1c(=O)cc(OCC(=O)NC2CCCCC2)c2ccccc21,0
COc1ccc(OC)c(S(=O)(=O)NCc2csc(C)n2)c1,0
CC(=O)NC1C2CN3CCN(C2)CC1(Cc1ccccc1)C3,0
CCn1nnc(-c2ccccc2NC(=O)c2cc(OC)cc(OC)c2)n1,0
CCN(CC)c1ccc2nonc2c1N,0
CCc1nnc(NC(=O)CCC(=O)N2CCN(Cc3ccc(Cl)cc3)CC2)s1,0
CCN(CCO)Cc1cn[nH]c1-c1ccc(C)c(C)c1,0
COc1ccc2cc(CCNC(=O)C3CC3)c(=O)[nH]c2c1,0
CON(C)C(=O)Nc1ccc(Cl)cc1,0
N=c1c(C(=O)NCc2ccccc2)cc2c(=O)n3ccccc3nc2n1Cc1ccco1,0
COCCNC(=O)c1c(N)n(CCCn2ccnc2)c2nc3ccccc3nc12,0
Cc1nc2sccn2c1-c1nc(-c2cc3ccccc3o2)cs1,0
Cc1cccc(-n2ncc3c(N4CCOCC4)ncnc32)c1,1
Cc1ccccc1CS(=O)(=O)CCC(=O)NCCCN1CCN(c2ccccc2F)CC1,0
CC(C)NC(=O)C1CCN(C(=O)C(C(=O)c2ccccc2)n2cc(Cl)ccc2=O)CC1,0
CCOC(=O)C1CCN(C(=O)CC(C)c2ccccc2)CC1,0
CCOC(=O)c1nnn(-c2nonc2N)c1-c1cccs1,0
O=C1NC2(CCCCC2)Oc2ccccc21,0
CCc1ccc2c(c1)C(NC(C)=O)C(=O)N2CC,0
Cc1cc(C)n2nc(C(=O)Oc3ccc4c(c3)OCO4)nc2n1,0
CN(C)CCCNc1oc(-c2ccc(Cl)cc2)nc1C#N,0
Cc1noc(C)c1CSc1nnc(-c2cccnc2)n1C1CCCCC1C,0
Cc1nc2sc(C(c3ccco3)N3CCC(Cc4ccccc4)CC3)c(O)n2n1,0
O=C(NC1CCCCC1)N(Cc1nc(=O)c2ccccc2[nH]1)C1CCCC1,0
O=C(Nc1ccc2c(c1)OCO2)c1nn(-c2ccccc2)c(=O)c2ccccc12,0
CCOc1cc(NC(=O)C2CCCO2)c(OCC)cc1NC(=O)C1CC1,0
COCCOC(=O)C1=C(C)NC(C)=C(C(=O)OC(C)C)C1c1cccc([N+](=O)[O-])c1,0
C=CCNc1nnc(SC2CC(=O)N(c3ccc(OC)cc3)C2=O)s1,0
O=C(NC1CCCC1)c1ccc2nc(-c3ccco3)c(-c3ccco3)nc2c1,0
CCC1c2ccc(C)n2CCN1C(=O)Nc1ccccc1C(=O)OC,0
Cc1ccc(-n2ncc3c2ncn2nc(-c4ccco4)nc32)c(C)c1,0
CCOc1ccc(/C(O)=C2/C(=O)C(=O)N(CCCn3ccnc3)C2c2cccs2)cc1Cl,0
CCOC(=O)Cn1cc(C(=O)c2ccco2)c2ccccc21,0
CCCCC(CC)CNC(=O)CCS(=O)(=O)c1cccc2nsnc12,0
COC(=O)c1ccccc1NC(=O)c1noc2c1CCC2,0
O=C(CSc1nc2ccccc2c(=O)n1Cc1ccc(C(=O)NC2CC2)cc1)NCc1ccco1,0
O=C(O)CSC1c2ccccc2C(=O)N1Cc1ccccc1,0
COc1ccc(C2CCCN2C(=O)c2cccs2)cc1,0
COc1cccc(C(=O)COC(=O)C(C)N2C(=O)c3ccccc3C2=O)c1,0
CC(C(=O)NCc1cccs1)n1cccc1,0
CCc1ccccc1-n1cnc2cc(C(=O)O)ccc21,0
O=C(NCc1ccc2c(c1)OCO2)c1cccc(Cl)c1,0
CCCn1c(=N)c(C(=O)NCC2CCCO2)cc2c(=O)n3cccc(C)c3nc21,0
COc1cc(OC)c(C2=NOC(C(=O)NCc3ccc4c(c3)OCO4)C2)cc1Cl,0
Cn1cc(CNC(=O)C2c3ccccc3Oc3ccccc32)cn1,0
CCOC1(NC(=O)c2ccccc2)C(C)=CC(=O)C=C1C,0
COc1ccc(-c2nn(C)c(=O)c3ccccc23)cc1NS(C)(=O)=O,0
CCc1nc2oc3cc(OC)ccc3c(=O)c2c(=O)n1-c1ccccc1,0
O=C(Nc1nnc(CCc2ccccc2)s1)c1cccs1,0
CC(C)(C)C(=O)C1C2C(=O)N(c3ccc4c(c3)OCCO4)C(=O)C2C2c3ccccc3C=CN12,0
COc1cccc(C(=O)N(Cc2nc(-c3cccc(C)c3)no2)C(C)C)c1OC,0
CC1CCCCN1C(=O)CSc1ccc(-c2ccc(F)cc2)nn1,0
COc1ccc(S(=O)(=O)N2CCC(C(=O)N3CCCC3)CC2)cc1Cl,0
COCCCNc1ncnc2nc[nH]c12,0
CCCS(=O)(=O)N1CCCC(C(=O)NCCCN(CC)c2cccc(C)c2)C1,0
O=C(Cc1cn2ccsc2n1)Nc1nc2c(s1)CCCC2,0
O=C(CSc1nnnn1C1CCCCC1)NCc1ccc2c(c1)OCO2,0
CCOC(=O)N1CCC(Nc2ncnc3c2cnn3-c2ccc(C)cc2C)CC1,0
CCn1c(=O)cc(SCC(=O)NCc2ccccn2)c2ccccc21,0
Clc1ccc(OCc2nn3c(C4CCCCC4)nnc3s2)cc1,0
Cc1ccc(N2CC(C(N)=O)CC2=O)cc1,0
CCc1cccc(Nc2cc(C)nc3nc(C)nn23)c1,0
CC(NC(=O)c1ccccc1Cl)C1COc2ccccc2O1,0
N#Cc1c(N)nc2c(c1-c1ccncc1)CCCC2,0
Cc1nc(SCC(=O)Nc2cccc(F)c2)c2oc3ccccc3c2n1,0
CCOc1ccc(-n2nnc3c(=O)n(CC(=O)N4CCCc5ccccc54)cnc32)cc1,0
CC1CCCCN1C(=O)C1CC(c2ccc(F)cc2)=NO1,0
Cc1noc(C)c1C(=O)OCC(=O)NCCc1ccc(Cl)cc1,0
COc1cc2[nH]c(=O)n(-c3cccc(Cl)c3)c(=O)c2cc1OC,0
CC(C)OC(=O)CN1C(=O)c2ccccc2C1=O,0
Cc1ccccc1NC(=O)N1CCCC(c2nc(-c3ccc(F)cc3)no2)C1,0
O=C1c2cccnc2C(=O)N1C1CCCCC1,0
Cc1ccn(CCSCC(=O)O)n1,0
COc1cc2c(cc1NC(=O)CCCN1C(=O)CCC1=O)oc1ccccc12,0
COc1ccc(S(=O)(=O)N2CCCC2)c(C)c1C,0
c1ccc(-c2csc3ncnc(NCCN4CCOCC4)c23)cc1,0
O=C(CN1C(=O)C2C3C=CC(C3)C2C1=O)NCCN1CCCc2ccccc21,0
O=C(NCCC1=CCCCC1)c1ccc(CN2CCOCC2)cc1,0
O=C(COc1ccccc1)Nc1ncc2c(n1)CCCC2=O,0
O=C(/C=C/Nc1ccc(F)cc1)c1ccco1,0
COC(=O)c1ccc2c(=O)n(Cc3ccc4c(c3)OCO4)c(SCC(=O)N3CCCC3)nc2c1,0
Cc1nc(N2CCCC2C(=O)O)c2oc3ccccc3c2n1,0
c1ccc(OCCCc2nc(-c3ccccn3)no2)cc1,0
O=C(Nn1cnnc1)C(c1ccccc1)c1ccccc1,0
CC(=O)Nc1cccc(Oc2cc(C#N)c(C#N)cc2N2CCOCC2)c1,0
CCOC(=O)CSC1=C(C#N)C(c2ccccc2F)C(C(C)=O)=C(C)N1,0
O=C(CCn1c(=O)oc2ccccc21)N1CCN(c2ccc(F)cc2)CC1,0
CCN(CC(=O)N1CCN(C)CC1)S(=O)(=O)c1ccc(Cl)cc1,0
COCc1cc(C)nc(Nc2cc(C)ccc2C)c1C#N,0
O=C(CN1CCC(C(=O)c2ccc(Cl)cc2)CC1)Nc1ccc2c(c1)OCCO2,0
COc1cc(S(=O)(=O)n2c(C)nc3ccccc32)ccc1F,0
Cc1ccc(OCc2nnc(SCC(=O)NC3CCCCC3)n2C)cc1,0
Cc1nc(NCc2ccc3c(c2)OCO3)c2nnn(Cc3ccccc3)c2n1,0
COc1cccc(NC(=O)CC2SC(Nc3ccccc3)=NC2=O)c1,0
Cc1ccc(C(=O)CSc2nnc(CNc3ccc(C)cc3C)n2Cc2ccco2)cc1,0
Cc1ccnc(NC(=O)CCC2CCCCC2)c1,0
COc1ccc(OC)c2c1s/c(=N\C(=O)CN1C(=O)CCC1=O)n2C,0
COc1cccc2[nH]c3c(N4CCC(C(N)=O)CC4)ncnc3c12,0
COc1cc(S(=O)(=O)N2CCN(C(=O)c3ccccc3F)CC2)c(OC)cc1NC(C)=O,0
COc1ccc(C(=O)NC2CCN(S(=O)(=O)Cc3ccccc3)CC2)c(OC)c1,0
O=C(NC12CC3CC(CC(C3)C1)C2)N1CCN(S(=O)(=O)c2ccc(Cl)cc2)CC1,0
COC(=O)C(C)NC(=O)NCc1ccc(F)cc1,0
Cc1cc2ccccc2c(=O)n1CC(=O)N1CCN(c2cccc(Cl)c2)CC1,0
COc1cc2cc(C(=O)O)n(C)c2c(OC)c1OC,0
COc1ccc(CC[n+]2cc(/N=C(/C)[O-])on2)cc1OC,0
CCn1c2ccccc2c2nnc(SCc3cc(=O)n4ccsc4n3)nc21,0
CCOC(=O)C1CCN(S(=O)(=O)c2ccc(-c3nc4ccccc4s3)s2)CC1,0
CCOC(=O)C1CCCN(c2ncnc3c2cnn3-c2ccc(Cl)cc2)C1,0
Cc1cccc(-c2noc(CCCC(=O)Nc3cccnc3)n2)c1,0
N#Cc1c(NC(=O)CCC(=O)O)sc2c1CCCC2,0
CC(=O)Nc1ccc(NC(=O)Cn2cc3c(n2)CCC(C)C3)cc1,0
CCC1(C)Nc2ccccc2C(=O)N1O,0
Cc1c(NC(=O)CSc2nc3ccccc3[nH]2)c(=O)n(-c2ccccc2)n1C,0
O=C(Nc1nc2ccccc2n1CCOc1ccccc1)c1ccco1,0
COc1ccc(N(Cc2cc3ccc(C)cc3[nH]c2=O)C(=O)c2ccco2)cc1,0
CC1(C)Cc2c(c(N3CCOCC3)nc3sc(C#N)c(N)c23)CS1,0
COc1cc2[nH]c(=O)n(CCCCCC(=O)N3CCN(c4ccccn4)CC3)c(=O)c2cc1OC,0
CCN1CSC(=S)N(Cc2ccc(OC)cc2)C1,0
CCOc1ccc(NC(=O)c2cccc(-n3cnnn3)c2)cc1,0
Cn1c(=O)c2c(nc(CN3CCC(C(N)=O)CC3)n2Cc2c(F)cccc2Cl)n(C)c1=O,0
CC1(C)C(=O)C2(C(=O)NCc3ccccc3)CCC1C2,0
CCOC(=O)c1nn(-c2ccc(OC)cc2)c(=O)c2c(N)scc12,0
Nc1nnc(CC2=CCCCC2)s1,0
Cc1ccccc1C(=O)N1CCN(c2ccc(NC(=O)c3ccco3)cc2Cl)CC1,0
CCc1c(C)sc(NC(=O)c2cccs2)c1C(=O)OC(C)C,0
Fc1cc2nccnc2cc1N1CCSCC1,0
COC(=O)CSCc1nc2ccccc2[nH]c1=O,0
Cc1cc(C)c2nc(SCCC#N)nc(C)c2c1,0
CC1CN(C(=O)CN2C(=O)c3ccccc3C2=O)CC(C)O1,0
O=C(CS(=O)(=O)Cc1ccccc1)Nc1nnc(C2CCCCC2)s1,0
NC(=O)c1c(-c2cccs2)csc1N,0
COc1ccc(NC(=O)c2cccc(-n3cnnn3)c2)cc1,0
[O-][n+]1onc2c1CCc1nnc(-c3ccccc3)cc1-2,0
c1ccc(-c2noc(-c3ccco3)n2)nc1,0
COc1cccc(C(=O)CN2CCC(NC(=O)NC3CCCCC3)CC2)c1,0
COc1ccc(N2C(=O)CC(N3CCN(C4CCc5ccccc5C4)CC3)C2=O)cc1,0
CCOc1ccc2nc(SCc3ccc(C(=O)OC)o3)[nH]c2c1,0
Cc1ccc2nsnc2c1S(=O)(=O)N1CCN(CCc2ccccc2)CC1,0
Cc1c(/C(O)=C2\C(=O)C(=O)N(CCCN(C)C)C2c2ccncc2)cnn1-c1ccccc1,0
CCOC(=O)CSC1=C(C#N)C(c2ccc(OC)cc2)C2=C(CC(C)(C)CC2=O)N1,0
COC(=O)CCN(C(=O)C1C2CC3CC(C2)CC1C3)c1ccccn1,0
CC(C)Sc1nnc(NC(=O)C2CC2)s1,0
Cc1cc2nc(-c3cccnc3SCC(=O)NCc3ccco3)[nH]c2cc1C,0
Cc1nnc(SCc2ccc(C(=O)c3ccc(Cl)cc3)o2)n1-c1ccccc1,0
CSc1ccc(S(=O)(=O)Nc2ccc(NC(C)=O)cc2)cc1,0
Cc1ccc2nc(NC(=O)c3cccs3)sc2c1,0
CCOC(=O)c1cnn(-c2cc(C)nc3c(-c4ccccc4)c(C)nn23)c1N,0
CN(C)S(=O)(=O)c1ccc(C(=O)Nc2ccccn2)cc1,0
O=C1CNC(=O)c2c(nc3n2CCC3)N1,0
CC/C(NCc1ccco1)=C1/C(=O)NC(=O)N(c2ccc(OC)cc2)C1=O,0
Cc1onc(-c2ccccc2)c1C(=O)Nc1ccc2c(C)cc(=O)oc2c1,0
Cc1ccn2cc(CNS(=O)(=O)c3ccc(Cl)s3)nc2c1,0
Cc1cc(OCC(=O)N2CCOCC2)ccc1NC(=O)C1CCCCC1,0
CC(=O)N(c1ccc(C(C)C)cc1)C1C=CS(=O)(=O)C1,0
O=C(O)CC(c1ccc(Cl)cc1)N1C(=O)CCC1=O,0
c1ccc(OCc2nn3c(-c4cccnc4)nnc3s2)cc1,0
CC(=O)N1CCc2cc(S(=O)(=O)NC(CC(C)C)C(=O)Nc3cc(C(=O)O)ccc3C)ccc21,0
COc1ccc2cc(CN(C(=O)Nc3ccccc3)C3CCCC3)c(=O)[nH]c2c1,0
COc1cccc(C2C(C(=O)c3cccs3)=C(O)C(=O)N2CCCn2ccnc2)c1OC,0
C=CCN(c1ccccc1)S(=O)(=O)c1ccc2c(c1)oc(=O)n2C,0
c1ccc2sc(NC3=NCN(Cc4ccc5c(c4)OCO5)CN3)nc2c1,0
Cc1ccc(Cn2c(=O)cc(C(=O)O)c3ccccc32)cc1,0
COC(=O)COc1ccc(S(=O)(=O)Nc2ccc(NC(C)=O)cc2)cc1,0
CCOc1ccc(-c2nnn(CC(=O)Nc3cc(OC)ccc3OC)n2)cc1OCC,0
COc1ccc(OC)c(CNC(=O)C2CCCN(c3nc4ccccc4o3)C2)c1,0
COc1ccc(CCC(=O)NC2=NCCS2)cc1OC,0
CCOc1ccc(-n2c(C)nc3c(cnn3-c3ccc(Cl)cc3)c2=O)cc1,0
O=C(Cc1ccccc1)n1nc(-c2ccccc2)nc1NCc1ccco1,0
Cn1c(=O)c2c(-c3ccccc3)n(CCCN3CCOCC3)cc2n(C)c1=O,0
Cc1cc(C)n(-c2nc3c(c(=O)[nH]c(=O)n3C)n2CC(O)c2ccccc2)n1,0
Cc1ccc(N(CC(O)CN2CCOCC2)S(=O)(=O)c2ccc3ccccc3c2)cc1,0
Clc1ccccc1-c1nnc2sc(-c3ccc4c(c3)OCO4)nn12,0
CC1(C)CC(=O)C=C(NCCN2CCN(C(=O)Cc3ccc(Cl)cc3)CC2)C1,0
CCOCCCNC(=O)C(C)NS(=O)(=O)c1ccc(C)cc1,0
COc1ccc(-c2noc(COc3ccc4c(c3)OCO4)n2)cc1,0
Cc1c(NC2=NC(=O)C(CC(=O)Nc3ccccc3)S2)c(=O)n(-c2ccccc2)n1C,0
Cc1ccc(CC2CC(=O)N(c3ccncc3)C2=O)cc1,0
COc1ccccc1N1C(=O)NC(=O)C2(Cc3cc(C)ccc3N(C)C2)C1=O,0
CCCc1cc(=O)n2[nH]c(NCc3ccccc3Cl)nc2n1,0
Cc1ccccc1OCCCC(=O)Nc1ccc(N2CCOCC2)cc1,0
CSc1nc(N(CCO)CCO)c2sc3nc(-c4ccco4)c4c(c3c2n1)CCC4,0
COCCOC(=O)c1c(C)oc2ccc(OCC=C(C)C)cc12,0
O=C(COc1ccc(Cl)cc1)N1CCN(Cc2ccccc2)CC1,0
O=C(CSc1nc2n(-c3ccccc3)[nH]cc-2c(=O)n1)N1CCOCC1,0
Nc1cc(=O)nc(SCc2ccccc2)n1Cc1ccco1,0
CC(=O)c1nc2ccccc2n1S(=O)(=O)c1ccc(Cl)cc1,0
CCN(Cc1ccccc1)C(=O)CC1Oc2ccccc2NC1=O,0
CN(c1ccccc1C(=O)N1CCN(c2cccc(Cl)c2)CC1)S(C)(=O)=O,0
Cc1ccc2cc(CN(CCCN3CCOCC3)C(=O)NC3CCCCC3)c(=O)[nH]c2c1C,0
Cc1noc(NS(=O)(=O)c2ccc(N3Cc4ccccc4C3=O)cc2)c1C,0
O=S(=O)(c1ccc(S(=O)(=O)N2CCCC2)cc1)N1CCCCCC1,0
Nc1c(C(=O)NCc2ccco2)c2nc3ccccc3nc2n1CCN1CCCCC1,0
O=C(O)CSc1nc2ccccc2o1,0
Cn1c(=O)c2c(ncn2CCCNC2=CC(C)(C)CC(=O)C2)n(C)c1=O,0
CCn1c(CSc2nc(C)cc(C)n2)nnc1SCC(=O)N1CCCc2ccccc21,0
CC1=CC2=C(OC1N(C)C)c1cccc3cccc(c13)C2=O,0
CCOc1ccc2[nH]c(=O)c(CN(Cc3cccnc3)C(=O)Nc3ccccc3OC)cc2c1,0
Cc1ccc(S(=O)(=O)N2CCCC(C(=O)NCc3cccnc3)C2)cc1Cl,0
COc1ccc2[nH]c(=O)c(CN(C(=O)C3CCCO3)c3ccc(C)cc3)cc2c1,0
CCOC(=O)c1c(NC(=O)Cn2c(=O)oc3ccccc32)oc(C)c1C(C)=O,0
CC(c1nnc(Sc2nnnn2-c2ccccc2)n1-c1ccc(F)cc1)N(C)C,0
Nc1nc(SCc2ccccc2)ns1,0
Cc1noc(C)c1CSc1nc2sc(C)c(C)c2c(=O)n1C1CCCC1,0
Cc1cc(C)nc(SC2=CS(=O)(=O)c3ccccc32)n1,0
Cc1ccc(N2C(=O)NC(=O)/C(=C\NC3CCCCC3N)C2=O)cc1C,0
CCOC(=O)COc1ccc2c(c1)C(=O)CC(C)(C)O2,0
CCOC(=O)c1ccc(NS(=O)(=O)CC)cc1,0
O=C(CCC(=O)N1CCCc2ccccc21)N1CCN(S(=O)(=O)c2ccccc2)CC1,0
C=CCn1c(SCC(=O)NCC2CCCO2)nnc1C1CCCCC1,0
O=C(CSc1nnnn1Cc1ccccc1)c1ccccc1,0
O=C(Cc1ccccc1)Nc1nnc(-c2cccs2)s1,0
CCOC(=O)c1nnn(-c2ccccc2C#N)c1C,0
CCOc1ccc(CNc2ccc(N3CCCC3)cc2)cc1,0
COc1ccc(C(=O)OCCNC2=NS(=O)(=O)c3ccccc32)cc1OC,0
Cc1cc(C)nc(SCCS(=O)(=O)Cc2ccccc2)n1,0
O=C(Nc1nc(-c2ccncc2)cs1)c1ccc(S(=O)(=O)N2CCOCC2)cc1,0
CN1CC2=Cc3ccccc3OC23Oc2ccccc2C=C3C1,0
COc1cc(NC(=O)C2CCC(CNc3c(N4CCCCC4)c(=O)c3=O)CC2)cc(OC)c1,0
COC(=O)Cn1c(CCC(=O)O)ccc1-c1ccccc1,0
COc1ccc(-n2c(C)nc3c(cnn3-c3ccccc3)c2=O)cc1,0
O=C(CSc1nnc2sc3ccccc3n12)NCc1ccco1,0
CCn1cc(C2Nc3ccccc3C(=O)N2O)c(C)n1,0
COc1ccc(C2N3CC4(C)CN2CC(C)(C3)C4O)cc1,0
Cc1nnc(-c2ccccc2)c[n+]1[O-],0
O=C(Nc1cc(C(=O)N2CCCC2)ccc1N1CCCC1)c1ccccc1,0
COc1ccc2[nH]c(C(=O)O)c(NS(=O)(=O)c3ccc(OC)c(OC)c3)c2c1,0
Cc1cc(C(=O)NCc2cccs2)cs1,0
CC1CC(NC(=O)CCn2c(=O)oc3ccccc32)CC(C)(C)C1,0
Cc1cccc2cc(CN(CC3CCCO3)C(c3nnnn3Cc3ccco3)C(C)C)c(=O)[nH]c12,0
CN1C(=O)C(=CNCc2cccs2)C(=O)N(C)C1=O,0
CSc1ccccc1NC(=O)COc1ccc(S(=O)(=O)N2CCCC2)cc1,0
Cc1onc(-c2ccccc2Cl)c1C(=O)NC1CCS(=O)(=O)C1,0
COC(=O)C1=C(C)NC2=C(C(=O)CC(c3cccs3)C2)C1c1ccsc1,0
CCOC(=O)C1CCCN(C(=O)c2ccc3c(c2)OCO3)C1,0
O=C(c1cccc(S(=O)(=O)N2CCOCC2)c1)N1CCOCC1,0
Cc1cccc(NC2=NC(=O)/C(=C3/C(=O)N(C)c4ccccc43)S2)c1C,0
CC1CN(C(=O)CSc2nnc(-c3ccc(Cl)cc3)n2C)CC(C)O1,0
CCOC(=O)c1cc2c(=O)n3ccccc3nc2n(Cc2ccc(Cl)cc2)c1=N,0
CCOC(=O)Nc1cc2c(cc1C(C)=O)OCO2,0
O=C(O)c1cccn2c(=O)c3ccccc3nc12,0
CCN(C(=O)CSc1nnc(-c2ccccc2Cl)n1C1CCCC1)C1CCS(=O)(=O)C1,0
COc1ccccc1NC(=O)Cn1c(=O)oc2ccccc21,0
CCOC(=O)c1c(NC(=O)CSc2nnc(-c3cccnc3)n2Cc2ccco2)sc(C)c1C,0
CCn1cc(S(=O)(=O)CC(=O)N2CCc3ccccc32)c2ccccc21,0
O=C1C(=O)N(CCCN2CCOCC2)C(c2cccs2)/C1=C(/O)c1ccc2c(c1)OCO2,0
CCOCCCNC(=O)Cc1ccc(OC)c(OC)c1,0
Cc1onc(-c2ccccc2Cl)c1C(=O)NCC1CCCO1,0
CCCCCn1c(N)c(C(=O)NCCN2CCOCC2)c2nc3ccccc3nc21,0
CCOc1ccc(C2N(c3ccc(OC)cc3)C(=O)C3CCCN32)cc1OC,0
O=C1c2cccc3cccc(c23)C(=O)N1c1nccs1,0
O=C(C1CCC(N2C(=O)C3CC=CCC3C2=O)CC1)N1CCCCC1,0
Cc1cc(C(=O)Nc2ccccc2C#N)n(-c2ccccc2)n1,0
CC(C)(C)NC(=O)C(c1ccccc1)N(C(=O)c1csnn1)C1CC1,0
Nc1nc(SCc2ccc3c(c2)OCCO3)n[nH]1,0
COc1ccc(OCC(=O)Nc2ccc3c(c2)nc(CCN2CCOCC2)n3C)cc1,0
Cc1cc(-n2nc(C)cc2C)nc(NS(=O)(=O)c2ccccc2)n1,0
Cc1cc(C)nc(N(C#N)Cc2ccccc2)n1,0
Cc1ccn2cc(-c3ccc(S(=O)(=O)N4CCOCC4)cc3)nc2c1,0
COc1ccc(C(C)=O)c2c(O)cccc12,0
Cc1cccc(CCNC(=O)CN(C)S(=O)(=O)c2ccc3c(c2)c(=O)n(C)c(=O)n3C)c1,0
NC(=O)c1c(NC(=O)CN2CCCC2)sc2c1CCCC2,0
CCc1ccccc1-n1c(SCC(=O)Nc2ccc3c(c2)OCCO3)nc2[nH]ncc2c1=O,0
CCCCOC(=O)C(C)Oc1ccc(=O)n(-c2ccccc2)n1,0
COc1ccc(CCCc2nnc(SCC(=O)Nc3nc(C)cs3)n2C)cc1,0
COc1ccc(N2CCN(c3ncnc4nc[nH]c34)CC2)cc1,0
CC1(C)CC(=O)C2=C(C1)N=C1N=CNN1C2c1ccccn1,0
COc1cc(SC)ccc1C(=O)Nc1ccccc1C#N,0
CC(C)(C)OC(=O)N1CCC(C(=O)N2CCCCCC2)CC1,0
COc1ccc(NC(=O)CSc2nnc(-c3ccc(C)cc3)n2N)cc1,0
CC(C)OC(=O)C1C2C=CC3(CN(Cc4cccs4)C(=O)C13)O2,0
CCOC(=O)c1c(-c2cccs2)csc1NC(=O)COC(=O)c1c(C)noc1C,0
CCc1nc2sc3c(c2c(=O)o1)CCCC3,0
CCCCSc1nsc(NC(C)=O)n1,0
O=C(Cc1ccc(S(=O)(=O)N2CCOCC2)s1)Nc1ccc2c(c1)CCC2,0
COC(=O)C1=C(NC(=O)c2ccc(C)c(C)c2)CCS1,0
Cc1cc(C(=O)CN2C(=O)NC3(CCCc4ccccc43)C2=O)c(C)n1Cc1cccs1,0
O=C(COC(=O)c1ccccc1)NCC1CCCO1,0
Cc1cccc2cc(COC(=O)C(C)(C)C)c(=O)[nH]c12,0
Cc1cc(NC(=O)c2cc(C(C)C)on2)no1,0
C#CC(C)(C)NC(=O)CSc1nc2c(c(=O)n(C)c(=O)n2C)n1CCCC,0
Cc1occc1-c1nnc(SCC(=O)c2ccc(Cl)cc2)n1C,0
O=C(COC(=O)C1CC(=O)N(C2CCCCC2)C1)c1ccc(F)cc1,0
CC(C)(C)OC(=O)N1CCC(c2c(C(=O)O)cnn2-c2ccccc2Cl)CC1,0
CCOC(=O)C1=C(C)N=C2SC(CC)C(=O)N2C1c1cccc(F)c1,0
CC(NC(=O)c1ccc(=O)oc1)c1ccccc1,0
Cc1nn(C(=O)c2ccoc2C)c(N)c1-c1ccccc1,0
CC(C)NC(=O)CN(Cc1ccccc1)S(=O)(=O)c1ccccc1,0
COCCNS(=O)(=O)c1ccc(OCC(=O)OC)c(Cl)c1,0
Cc1c(OCc2nn[nH]n2)ccc2c3c(c(=O)oc12)CCC(C)C3,0
COCC(=O)N(Cc1cc2cc(OC)ccc2[nH]c1=O)c1ccc(C)cc1,0
CCN(CC)S(=O)(=O)c1ccc2oc(C(=O)Nc3ccc(OC)cc3OC)c(C)c2c1,0
CCCSc1nc(=O)c(CC(=O)OCC)c(C)[nH]1,0
Cc1cc(=O)[nH]c2c(C)c(Cl)ccc12,0
COc1ccc(C2c3c(oc4c(C)cc(C)cc4c3=O)C(=O)N2Cc2cccnc2)cc1OC,0
COc1ccc(CCNC(=O)c2cnc3n(c2=O)CCS3)cc1OC,0
CCOC(=O)N1CCN(C(=O)C2COc3ccccc3O2)CC1,0
CCCOc1ccc(N2C(=O)C3ON(c4ccccc4)C(c4ccc(O)c(OC)c4)C3C2=O)cc1,0
Cc1ccc(NC(=O)c2ccc(S(=O)(=O)N3CCCC3)cc2)cc1,0
COc1ccc(CN2CC3CC(C2)c2cccc(=O)n2C3)cc1OC,0
Cc1cc(C)c(C)c(OCC(=O)NCC2CCCO2)c1,0
CCOc1ccccc1Nc1nc(N)nc(CSc2nccc(C)n2)n1,0
Cc1cccc(Cn2c(=O)n(Cc3ccco3)c(=O)c3ccccc32)c1,0
CCCc1cc(=O)nc(N/C(=N/C(=O)C(C)N2C(=O)c3ccccc3C2=O)Nc2ccccc2)[nH]1,0
COc1ccccc1C(=O)NC(=Nc1nc2ccccc2o1)NC(=O)c1ccccc1OC,0
Cc1cc(C(=O)N2CCN(c3ncccn3)CC2)c(C)o1,0
CCOCCCNC(=O)C(Cc1ccccc1)NC(=O)c1ccco1,0
O=C(COc1ccc(F)c(Cl)c1)c1ccc[nH]1,0
CC(C)Cn1cnc2c(c1=O)c1nc3ccccc3nc1n2Cc1ccc2c(c1)OCO2,0
CCOC(=O)C1=C(C)NC(=O)NC1c1ccccc1Cl,0
Cc1[nH]c(SCC(C)C)nc(=O)c1Cc1ccccc1,0
O=NC1=C2NON=C2CC2(C1)OCCO2,0
COc1ccccc1C(=O)C1Nc2ccccc2-c2nnc(SC)nc2O1,0
c1cnn(-c2cc(N3CCOCC3)ncn2)c1,0
O=C(COC(=O)CCc1c[nH]c(=O)[nH]1)Nc1ccccc1,0
Cn1c2ccccc2c2ccc(CC(=O)O)cc21,0
O=C(OCC(=O)N1CCc2ccccc21)c1ccc[n+]([O-])c1,0
OC(CN1CCN(c2ccccn2)CC1)Cn1c2ccccc2c2ccccc21,0
C=CCN1C(=O)C2C(C(=O)NC)C3(C)C=CC2(O3)C1C(=O)NCc1ccc(OC)cc1,0
Cc1ccc(-n2ccnc2SCC(=O)N(CC(C)C)C2CCS(=O)(=O)C2)c(C)c1,0
COC(=O)c1ccccc1NC(=O)CSc1nnc(Cc2ccc(Cl)cc2)o1,0
C=CCN1C(=O)CC(C(=O)NC)S/C1=N\c1ccc(C(=O)OCC)cc1,0
O=S(=O)(Cc1ccccc1)N1CCC(N2CCN(c3ccccc3)CC2)CC1,0
CCn1nc(C(=O)Nc2ccc(S(=O)(=O)Nc3nccs3)cc2)c2ccccc2c1=O,0
CCOC(=O)c1cc(-c2ccc(C)o2)nn1CCC#N,0
O=C(NC1CCCc2ccccc21)C1CCN(c2nnc(-n3cccc3)s2)CC1,0
Cc1ccc(CNc2oc(-c3cccs3)nc2C#N)cc1,0
COc1cc(OC)c(NC2=NCCCCC2)cc1Cl,0
COc1ccc(N2CC(C)Cn3c2nc2c3c(=O)n(CCN3CCOCC3)c(=O)n2C)cc1,0
CCCC(=O)Nc1ccc(NC(=O)c2ccco2)c(OC)c1,0
COCCNc1cc(C)c(C#N)c2nc3ccccc3n12,0
Cc1cc(C)n2nc(NCc3ccccc3)nc2n1,0
COc1ccccc1-c1cc(N)n(S(=O)(=O)c2ccc(F)c(C)c2)n1,0
Nc1ncnc2nc(N3CCN(C(=O)c4ccccc4)CC3)[nH]c12,0
Cc1nn(-c2ccccc2)c(C)c1C(=O)OCC(=O)N1CC(=O)Nc2ccccc21,0
COc1ccc(Cl)cc1NC(=O)CN1CCC(n2nnc3cc(F)ccc32)CC1,0
CC/N=C1\Cn2c(nc3scc(-c4ccccc4)c3c2=O)CN1CC,0
CCSc1ncc(Cl)c(C(=O)N(Cc2ccc(N(C)C)cc2)C2CCS(=O)(=O)C2)n1,0
CCNC(=O)Cc1ccc(NS(=O)(=O)c2ccc(F)cc2)cc1,0
CC(=O)c1c(C(C)=O)c(C)n(NC(=O)c2ccccc2O)c1C,0
COCCn1c(-c2ccccc2)nc2oc3ccccc3c(=O)c2c1=O,0
CCc1cc(C(=O)COc2ccccc2F)c(O)cc1O,0
C=CCn1c(SCC(=O)NC(=O)NCC(C)C)nnc1C1CCCCC1,0
C=CCn1c(SCC(=O)C(C)(C)C)nnc1-c1cccs1,0
CC(=O)c1cc(-c2ccc(F)cc2)n(CCC(=O)Nc2cc(C)[nH]n2)c1C,0
CS(=O)(=O)N(CC(=O)NCc1cccnc1)Cc1ccc(Cl)cc1,0
CCOc1ccc(N(CC(=O)Nc2ccccc2)S(C)(=O)=O)cc1,0
COc1ccc(C(=O)CSc2nnc(-c3ccco3)n2C)cc1,0
COc1cccc(-n2c(Cc3cc(=O)[nH]c(=O)[nH]3)nnc2SCC(=O)Nc2ccccc2)c1,0
CC(=O)c1cccc(NC(=O)N2CCCC2C(=O)Nc2cccc(C)c2)c1,0
CCn1c(SCC(=O)Nc2nccs2)nnc1-c1cc2cccc(OC)c2o1,0
C=CCn1c(=O)c2c(C)c(C)sc2n2c(Nc3ccccc3)nnc12,0
CCOC(=O)c1c(C)[nH]c(C(=O)C(C)OC(=O)c2cccc(OCc3c(C)noc3C)c2)c1C,1
Cc1ccc(S(=O)(=O)c2c(N)n(NC(=O)c3ccco3)c3nc4ccccc4nc23)cc1,0
O=C1/C(=C/NC2CCS(=O)(=O)C2)c2ccccc2C(=O)N1c1ccccc1,0
Cn1c(-c2c(N)n(C3CCCC3)c3nc4ccccc4nc23)nc2ccccc21,0
COc1ccc(CN(CCCN2CCOCC2)C(=O)Nc2ccccc2)cc1OC,0
NC(=O)c1nsc(C(=O)N(CC(=O)NCc2ccc3c(c2)OCO3)C2CCCC2)c1N,0
CC(=O)Nc1ccc(S(=O)(=O)CCC#N)cc1,0
Cc1nn(Cc2ccccc2)c(C)c1C(=O)Nc1ccc(N2CCOCC2)cc1,0
CCN1CCCC1CN/C(O)=C1/C(=O)NC2=C(CCCC2)C1=O,0
Cc1nc2cc(NC(=O)NCCC3=CCCCC3)ccc2o1,0
c1ccc(Cc2nnc3sc(-c4cccnc4)nn23)cc1,0
CCC(C)NC(=O)CC1Oc2ccc(C)cc2NC1=O,0
COC(=O)c1nnn(CC(=O)Nc2cccc(Cl)c2C)c1C(=O)OC,0
COc1ccc2[nH]c(C)c(CN3CCCC(C)C3)c(=O)c2c1,0
CC(=O)Nc1cc(C(=O)N2CCC3(CC2)OCCO3)ccc1S(=O)(=O)c1ccc(C)cc1,0
CCOC(=O)C1CCCN(C(=O)Cc2c(F)cccc2Cl)C1,0
COc1cccc(NC(=O)CSc2nc3c(c(-c4ccco4)c2C#N)CCCC3)c1,0
CCOc1ccccc1N1Cc2cc(C)c(C)cc2C1,0
COc1ccc(CCNC(=O)C2CCCN2C(=O)Nc2cccc(C(C)=O)c2)cc1OC,0
CCn1c(COc2ccccc2OC)nnc1SCC#N,0
CC(C)CCn1nnnc1C(c1ccccc1F)N1CCC(C(N)=O)CC1,0
C/C(Cl)=C/Cn1c(NCCN(C)C)nc2c1c(=O)n(C)c(=O)n2C,0
COc1ccc(OC)c(S(=O)(=O)N2CCN(C)CC2)c1,0
COc1ccc(C(=O)NCC(c2ccc(F)cc2)N2CCOCC2)cc1S(=O)(=O)N1CCCC1,0
N#Cc1nc(-c2ccc(OCc3ccccc3Cl)cc2)oc1NCCCn1ccnc1,0
COc1ccc(-n2c(SCC(=O)NCc3cccs3)nnc2-c2ccoc2C)cc1,0
COc1ccccc1-c1nc(C#N)c(N2CCN(c3cccc(Cl)c3)CC2)o1,0
O=C(c1ccco1)N1CCN(S(=O)(=O)N2CCOCC2)CC1,0
COc1ccc(-c2nc3oc4cc(OC)ccc4c(=O)c3c(=O)n2Cc2ccco2)cc1,0
CCNC(=O)c1ccccc1-c1nc(-c2ccccc2Cl)no1,0
CCOC(=O)c1cc2sccc2n1CC(=O)Nc1ccc(OC)cc1OC,0
O=C(Cn1cc(/C=N/O)c2ccccc21)N1CCOCC1,0
CCC(=O)Nc1c2c(nn1-c1cccc(Cl)c1)CSC2,0
COCC(=O)N1CCCc2ccccc21,0
O=C(Cn1cnc2ccccc2c1=O)OCC(=O)c1ccc2c(c1)OCCO2,0
COc1ccc(S(=O)(=O)Nc2nnc(C(C)C)s2)cc1,0
CCn1nnc(NC(=O)CSc2ccc(Cl)cc2)n1,0
CN(C)c1ccc(NC(=O)CSCc2nc3n(Cc4ccc(F)cc4)[nH]nc-3c(=O)n2)cc1,0
COc1ccc(OCC(=O)Nc2ccc(S(=O)(=O)Nc3cc(C)nc(C)n3)cc2)cc1,0
C=CCn1cc(C(=O)NCCCOC)c(=O)c2cc(S(=O)(=O)N(CC)CC)ccc21,0
CCOC(=O)c1[nH]c(C)c(C(=O)Nc2ccc(C)c(F)c2)c1C,0
O=C(NCc1ccccc1)c1cnsn1,0
COC(=O)c1ccc(C2c3c(oc4ccc(F)cc4c3=O)C(=O)N2CCO)cc1,0
CNC(SCc1ccccc1)=C1C(=O)N(C)C(=O)N(C)C1=O,0
CCOC(=O)c1sc(NC(=O)CSc2nc3c(cc2C#N)CCC3)c(C#N)c1C,0
COc1ccc(NC(=O)CC2Oc3ccccc3NC2=O)cc1,0
Cn1c(SCc2nc3ccccc3[nH]2)nnc1-c1cccs1,0
COc1cc(C(=O)Nc2ccc3c(c2)C(=O)N(CCC(=O)O)C3=O)cc(OC)c1OC,0
CC(C)Oc1ccc(C2CC(=O)N(c3cccc(C(=O)O)c3)C2=O)cc1,0
O=C(CC(c1ccccc1)c1ccco1)N1CCOCC1,0
Cc1ccc(Cn2c(-c3nonc3N)nc3ccccc32)cc1,0
O=C(CSc1nnc(-c2ccc3c(c2)OCCO3)o1)NC1CCCCC1,0
CCOC(=O)Nc1c(C)n(C)n(-c2ccccc2)c1=O,0
COc1ccc(NC(=O)C2CCCN2C(=O)OCc2ccccc2)c(OC)c1,0
COc1ccc2c(c1)C1(Nc3ccccc3C(=O)N1c1ccccc1)C(=O)N2,0
CCOC(=O)CNC(=O)Cn1cnc2ccc(S(=O)(=O)N3CCC(C)CC3)cc2c1=O,0
CCC(C)(C)n1nnnc1CN(Cc1cccs1)Cc1cc2cc(OC)ccc2[nH]c1=O,0
CCCCn1c(CNC(=O)CC)nc2ccccc21,0
O=C(CSc1nc(N2CCCCC2)nc(N2CCCCC2)n1)NC1CCCCC1,0
O=C1c2ccccc2C(Nc2ccc3nc(-c4cccnc4)[nH]c3c2)N1Cc1ccco1,0
O=C(Nc1ccccn1)c1ccc2ccccc2n1,0
[O-]/[N+](=C\c1ccncc1)c1ccccc1,0
CCC(C)(C)NC(=O)C(OC(=O)c1ccco1)c1ccccc1OC,0
c1ccc(-c2nnc3sc(CN4CCC5(CC4)OCCO5)cn23)cc1,0
C#CC(CC)(CC)NC(=O)c1c(C)noc1C,0
CCOC(=O)C1CCN(C(=O)CN(c2cccc(OC)c2)S(=O)(=O)c2ccccc2)CC1,0
O=C1CCCN1CN(C(=O)c1ccc2c(c1)OCO2)c1ccc(F)cc1,0
COc1ccc(S(=O)(=O)N2CCc3ccccc32)cc1C(=O)OCc1nnc(-c2ccccc2)o1,0
CCOC(=O)N1CCC(NC(=O)Cn2nc(-c3ccccc3)ccc2=O)CC1,0
CS(=O)(=O)Nc1ccccc1C(=O)NC1CC2CCC1C2,0
O=C1CC(N2CCN(c3ccccc3)CC2)C(=O)N1c1ccc2c(c1)OCCO2,0
Cc1ccc(S(=O)(=O)NCCCNC(=O)N2CCOCC2)cc1,0
COC(=O)C1CCN(C(=O)c2ccc(Cl)c(S(=O)(=O)NCc3cccnc3)c2)CC1,0
CCOC(=O)c1c(NC(=O)c2ccoc2C)sc2c1CCC2,0
COc1ccc(OC)c(C2/C(=C(/O)c3ccc(C)cc3)C(=O)C(=O)N2Cc2ccco2)c1,0
CCCCCc1cc(O)c2c(C)cc(=O)oc2c1,0
Cc1cc2c3c(c1C)C1(C(=O)N3C(C)(C)CC2C)C(C#N)=C(N)Oc2n[nH]c(C)c21,0
O=S(=O)(c1cccc(-c2nnco2)c1)N1CCCC1,0
CS(=O)(=O)N1CCC(C(=O)Nc2ccc(OCc3ccccc3)cc2)CC1,0
COc1cccc(C2C(C(=O)c3ccc(C)o3)=C(O)C(=O)N2CCCN(C)C)c1,0
O=C(O)CSc1nnc(CNc2ccccc2Cl)n1-c1ccccc1,0
Cc1nnc(SCC(=O)N2CCC(Cc3ccccc3)CC2)n(N)c1=O,0
Nc1nc(CSc2ccccn2)nc(Nc2ccccc2)n1,0
Cc1cccc(NC(=O)CCN2C(=O)c3ccccc3C2=O)n1,0
COC(=O)c1[nH]nc2c1C(=O)N(Cc1ccccc1)C2=O,0
CC(=O)c1cccc(NC(=O)N2CCC(c3nnc(SCC(N)=O)n3C)CC2)c1,0
COc1ccc(OC)c(C(C)NC(=O)c2ccco2)c1,0
CC(=O)c1cc(-c2ccccc2)n(CC(=O)N2CCN(C3CCCC3)CC2)c1C,0
CCC(Sc1nc(=O)cc(-c2ccccc2)[nH]1)C(=O)O,0
O=C1COc2ccc(C(=O)COC(=O)c3ccc4ccccc4n3)cc2N1,0
CC(C)(C)NC(=O)Cn1c(SCC(=O)NCc2cccs2)nc2ccccc21,0
COC(=O)c1ccc(O)c(Sc2cc(C(=O)OC)ccc2O)c1,0
CC(=O)COC(=O)c1cccc(N2C(=O)C3C4C=CC(C4)C3C2=O)c1,0
CCOC(=O)c1ccoc1CSCC(=O)N1CCN(S(=O)(=O)c2ccc(C)cc2)CC1,0
O=C1CC(N2CCC(c3nc4ccccc4o3)CC2)C(=O)N1c1ccc(Cl)cc1,0
Cc1ccc(S(=O)(=O)N2CCCCC2C(=O)NCc2ccco2)cc1,0
O=C(Cc1cccs1)NCc1ccc2c(c1)OCO2,0
COc1ccc(OCc2nnc3n2N=C(c2ccc(C)cc2)CS3)cc1,0
O=S(=O)(NC1CCCC1)c1ccc(S(=O)(=O)N2CCc3ccccc32)cc1,0
Nc1nnc(-c2cccs2)s1,0
O=C(OCc1cccs1)c1ccccc1NS(=O)(=O)c1ccc2c(c1)OCCO2,0
CCOC(=O)C1CCCN(c2ccc(NC(=O)c3snc4c(=O)nc[nH]c34)cc2)C1,0
Cc1nn(C)c(C)c1S(=O)(=O)N(CC(=O)NCCN1CCOCC1)c1ccc(C(C)C)cc1,0
O=C(CSc1nc2ccccc2c(=O)n1CC1CCCO1)N1CCN(c2ccccc2)CC1,0
CC(=O)N1C=CN(C(C)=O)C(c2cn(C)c3ccccc23)C1c1cn(C)c2ccccc12,0
Cc1cc(C)nc(-n2nc(C)c(Sc3ccc(F)cc3)c2N)n1,0
Cc1ccsc1C(=O)OCC(=O)N1CCOCC1,0
CCC(O)CNc1nc(-n2nc(C)cc2C)nc2sc3c(c12)CCCC3,0
O=C(CCn1c(=O)oc2ccccc21)NCCCN1CCN(c2ccc(F)cc2)CC1,0
Cc1ccc(Cl)cc1N1CCN(C(=O)CCC(=O)O)CC1,0
CCC(C)NC(=O)CNC(=O)Cn1c(C)cc2ccccc2c1=O,0
CCCCOC(=O)Cc1c(O)[nH]c2ccccc2c1=O,0
CC(Nc1nc(N2CCCC2)nc2ccccc12)c1ccccc1,0
Cc1cccc(C)c1NC(=O)CNc1ccccc1,0
Cc1cc(Cl)c(S(=O)(=O)Nc2ccon2)cc1OCC(=O)NC1CCCCC1,0
Cc1csc2nc(=O)c(-c3ccccc3)nn12,0
OCCN1CCN(c2ncnc3nc[nH]c23)CC1,0
COCc1nc(-c2ccc(-c3ccccc3)nc2OC)no1,0
CCC(=O)Nc1ccc2c(c1)C(=O)N(C1CCCCC1)C2=O,0
Cc1ccc2nc(N3CCC(C(=O)O)CC3)nc(-c3ccccc3)c2c1,0
O=C(Cn1c(=O)sc2ccccc21)Nc1ccc2c(c1)OCCO2,0
CCOC(=O)c1cnc(-n2cc(C)cn2)nc1Nc1ccccc1OCC,0
O=C(c1ccco1)N1CCN(CC(O)COc2ccc3oc4ccccc4c3c2)CC1,0
CCOC(=O)N1CCN(C(=O)CSc2nc(-c3cccc(C)c3)ns2)CC1,0
COc1ccccc1-c1cc(C(=O)NC(C)C)no1,0
CC(C)(CNC(=O)c1cccs1)CNC(=O)c1cccs1,0
COc1ccc2c(c1OC)C(=O)N(c1nccs1)C2,0
COCCn1c(=S)[nH]c2cc(C(=O)NCCCN3CCOCC3)ccc2c1=O,0
Cc1cccc(Nc2n[nH]c(=S)s2)c1C,0
COCCn1nnnc1C(c1cc2c(C)cc(C)cc2[nH]c1=O)N1CCCCCC1,0
CCCNC(=O)C(NS(=O)(=O)c1cccc2nsnc12)c1ccccc1,0
CCOc1ccc2cc(S(=O)(=O)N3CCN(C)CC3)ccc2c1,0
CC1CCN(C(=O)C2Cc3ccccc3CN2S(=O)(=O)c2ccc(F)cc2)CC1,0
O=C(CNC(=O)c1ccco1)OCC(=O)c1ccccc1,0
O=C(OC1CSc2nc3ccccc3n2C1)c1ccco1,0
Cc1cc(C)cc(OCC(=O)Nc2ccccc2C(=O)NCc2ccco2)c1,0
O=C(CN1CCCC1=O)N1CCOCC1,0
CCOC(=O)c1c(NC(=O)c2noc3c2CCCC3)sc(C)c1C,0
CCN1C(=O)/C(=C/Nn2cnnc2)SC1=S,0
O=C1C=CC(Cl)=C/C1=C\Nc1nccs1,0
O=C(Nc1ccccc1)N(CCN1CCOCC1)Cc1ccccc1F,0
Cc1ccccc1-n1nnnc1SC1CCOC1=O,0
CC(OC(=O)c1cc2sccc2n1C)C(=O)NCCc1ccccc1,0
COc1ccc(-c2ccc(C(=S)N3CCN(C(C)=O)CC3)o2)cc1,0
Cc1csc(NC(=O)C2CCCN2C(=O)Oc2ccccc2)n1,0
O=C(NCc1ccc2c(c1)OCO2)c1nn(-c2ccccc2)c(=O)c2ccccc12,0
O=C1CCC2CCCCC2(O)O1,0
CCCCc1c(O)n(-c2ccccc2C)c(SCC(=O)N2CCCCC2)nc1=O,0
Cc1oc2c(CN3CCOCC3)c(O)ccc2c(=O)c1-c1ccccc1,0
Cc1cc(S(=O)(=O)Nc2cccnc2)c(C)s1,0
O=C(NC1CCN(C(=O)NC2CCCCC2)CC1)c1ccco1,0
O=C(NCc1ccco1)c1ccc2ccccc2c1,0
COc1ccc(C2CC(c3ccc(C)cc3)N=C3N=C(N)NN32)cc1,0
Cc1ccc(N(CC(=O)NC2CC3CCC2C3)S(C)(=O)=O)cc1C,0
CCc1c(C)nc2cc(-c3ccc(OC)c(OC)c3)nn2c1N1CCCC1,0
CC(=O)N(CC1CCCO1)C1(C(=O)NC2CCCC2)CCCCC1,0
O=C(O)CCCNc1cc(N2CCC3(CC2)OCCO3)c2noc3c2c1C(=O)c1ccccc1-3,0
Cc1cccc(CN2CCN(CC(=O)NCCCN3CCCC3=O)C2=O)c1,0
COCc1cc(C)c2c(N)c(C#N)sc2n1,0
Clc1ccc(-c2nnc(N3CCCC3)nn2)cc1,0
Cc1ccnc2ccc(-c3nc4ccccc4o3)cc12,0
Cn1c(=O)[nH]c(=O)c2c1nc(SCCN1CCOCC1)n2CCCc1ccccc1,0
c1ccc(-c2n[nH]c3c2CCC3)cc1,0
CCCc1ccc(OCCNC(=O)CC)cc1,0
COc1ccc(C(=O)NCCn2cc(SCC(=O)NCc3ccco3)c3ccccc32)cc1,0
Cc1ccccc1-n1c(=O)cc(N2CC(C)OC(C)C2)[nH]c1=O,0
O=C(NCCc1nc2ccccc2[nH]1)c1ccco1,0
N#Cc1nc(COc2ccc(F)cc2)oc1NCCCn1ccnc1,0
COc1ccc(NCc2nnc(SCC#N)n2-c2ccccc2OC)cc1,0
CC(NC(=O)c1ccco1)C(=O)Nc1nc(-c2ccccn2)cs1,0
CN(Cc1ccccc1)C(=O)Nc1ccccc1,0
Cc1ccccc1NC(=O)CSCCO,0
CCOC(=O)c1[nH]c(C)c(C(=O)N2CCOCC2)c1C,0
CN(CCc1ccccn1)C(=O)Nc1ccc(F)cc1,0
CCOC(=O)c1c(C)[nH]c(C(=O)Cn2nnc(-c3ccccc3Cl)n2)c1C,0
Cn1c(CCN2CCCCC2)nc2cc(NC(=O)Nc3ccccc3)ccc21,0
O=C(Cn1nnc(-c2ccccc2)n1)NCc1ccc2c(c1)OCO2,0
CCC(C)Sc1nc(C)nc2c1c(=O)n(C)c(=O)n2C,0
CC1C=Cc2ccccc2N1C(=O)c1ccccc1,0
CC(C)(C)OC(=O)NCCc1nnc(SCc2ccccc2Cl)o1,0
Cn1cccc1Cc1nnc(SCC(=O)Nc2ccc3c(c2)OCO3)n1CCc1ccccc1,0
COc1ccc(C(c2nnnn2C(C)(C)C)N2CCN(C)CC2)cc1OC,0
COC(=O)C1=NC2=NC3=C(C(=O)CCC3)C(c3ccccc3OC)N2N1,0
CCOc1cc(C2C3=C(CCCC3=O)NC3=C2C(=O)CCC3)ccc1OCCO,0
O=C(CS(=O)(=O)Cc1ccccc1)Nc1nc2ccccc2s1,0
COc1ccc(NC(=O)CSc2c(C)nn(-c3nc(=O)c(C)n[nH]3)c2C)cc1,0
Cc1ccc(-c2csc3ncn(-n4c(C)ccc4C)c(=O)c23)o1,0
Clc1ccc2c(N3CCCC3)ccnc2c1,0
CCc1ccc(OCc2nnc(SCC(=O)NCc3ccco3)o2)cc1,0
CCCc1cc(=O)n2[nH]c(-c3cc(OC)c(OC)c(OC)c3)nc2n1,0
O=c1c2ccccc2oc2nc(C3CCCCC3)n(Cc3ccco3)c(=O)c12,0
CCOc1cc(C)nc(Oc2ccc(=O)[nH]n2)n1,0
Clc1ccc(COn2nnc3ccccc32)c(Cl)c1,0
CC(C)c1cc(C(=O)Nc2cccc(Cl)c2)no1,0
COCCNC(=O)c1ccccc1-c1ccccc1C(=O)O,0
O=C(Nc1nnc(CC2=CCCCC2)s1)c1cccs1,0
COC(=O)c1cc(NC(=O)C2COc3ccccc3O2)cc(C(=O)OC)c1,0
O=C(Oc1cccc(-n2cnnn2)c1)c1sc2ccccc2c1Cl,0
CCOc1ccc(-c2noc(CCC(=O)O)n2)cc1,1
CC(=O)N1CN2CN(C(C)=O)CC(C(=O)c3ccccc3)(C2)C1,0
CCn1c(SCC(=O)Nc2cc(C)ccc2C)nnc1-c1cnccn1,0
O=C(N1CCCC1)N1CCN(c2ncnc3c(-c4ccc(Cl)cc4)nsc23)CC1,0
CN(C)/C=N/c1c(C#N)cnn1-c1nc2ccccc2s1,0
Cc1ccc(C)c(N2CC(=O)N(c3cc(C)ccc3C)CC2=O)c1,0
COc1ccc(N2CCN(C(c3nnnn3CCc3ccccc3)C(C)C)CC2)cc1,0
CCOC(=O)C1CCCN(C(=O)C2CCN(S(=O)(=O)c3cccs3)CC2)C1,0
CCn1c(SCC(=O)Nc2cc(NC(C)=O)ccc2OC)nnc1-c1cccnc1,0
Clc1ccc(-c2nc3nc4ccccc4nc3n2Cc2ccco2)cc1,0
O=S(=O)(Nc1ncccn1)c1ccc(Nc2ncnc3ccccc23)cc1,0
COc1ccc(NC(=O)c2ccc(S(=O)(=O)N(C)C)cc2)cc1OC,0
O=C(NC1CC2CCCC(C1)N2C(=O)NCc1ccccc1)C1CC1,0
CCNC(=O)CC1C(=O)N(c2ccccc2)C(=O)N1CCC(C)C,0
O=C(c1ccc2nccnc2c1)N1CCN(Cc2ccc3c(c2)OCO3)CC1,0
Oc1c(C(Nc2nc3ccccc3s2)c2ccco2)ccc2cccnc12,0
O=C(CCc1ccc(S(=O)(=O)N2CCOCC2)cc1)OCc1nc2ccccc2s1,0
Cc1nc(S(=O)(=O)N(C)Cc2ccccc2)c(C#N)c(C)c1Cl,0
COC(=O)CSc1nnc2c(C)cc3cc4c(cc3n12)OCCO4,0
C(=N/n1cnnc1)\c1ccc(OCc2ccccc2)cc1,0
O=C1c2ccccc2C(O)(Cc2ccccc2)N1CCCN1CCOCC1,0
CCOC(=O)c1ccc(NC(=O)NC2CC3CCC(C2)N3Cc2nnnn2C(C)(C)C)cc1,0
Cc1ccc(S(=O)(=O)c2c(N)n(CCN3CCOCC3)c3nc4ccccc4nc23)cc1C,0
N#C/C(C(=O)Oc1ccccc1)=C1\C=CC=CN1,0
CC(C)CCNC(=O)NC(=O)COc1ccccc1C#N,0
COc1ccc(CN(CC(=O)NC2CCCC2)C(=O)c2onc(C(N)=O)c2N)cc1,0
Cc1ccc(C)c(NC(=O)CS(=O)(=O)c2cn(C)c3ccccc23)c1,0
Cc1cccc2sc(NC(=O)C3CCCN(S(=O)(=O)c4cccc5nonc45)C3)nc12,0
COc1ccc(OC)c(N2C(=O)C(Cl)=C(N3CCCCC3)C2=O)c1,0
CCOCC(=O)Nc1nc2ccc(OC)cc2s1,0
CC(C)C(=O)c1cn(Cc2ccccc2C#N)c2ccccc12,0
COc1cccc(NC(=O)c2ccccc2-c2nc(-c3cccc(C)c3)no2)c1,0
CCCC(=O)Nc1ccc(-c2nc3cc(C)c(C)cc3o2)cc1,0
CCOC(=O)C1CCCN(C(=O)C2CC(=O)N(c3ccc(C)cc3)C2)C1,0
Cc1ccc(-c2nnc3sc(C4COc5ccccc5O4)nn23)cc1,0
CCCc1cc(C(=O)Nc2ccc(C)cc2)no1,0
COc1cccc(-n2c(SCC(=O)OC(C)C)nnc2-c2cccnc2)c1,0
C=CCn1c(SCC(=O)NC2CCCCC2)nnc1C(C)NC(=O)c1cccs1,0
COCC(=O)/C=C1\Sc2ccccc2N1C,0
CCOCC(=O)Nc1c(C(=O)OCC)oc2ccccc12,0
N#Cc1ccc(-c2cccnc2)nc1SCC(=O)Nc1sc2c(c1C#N)CCC2,0
CCCC(=O)c1cc(F)c(N2CCN(CCC#N)CC2)cc1C,0
CCN(CC)C(=O)CSc1nnc(-c2cccs2)n1Cc1ccco1,0
O=c1c2[nH]c3ccccc3c2ncn1Cc1cccnc1,0
Cc1ccc(N2C(=O)c3oc4ccccc4c(=O)c3C2c2cccc(O)c2)nc1,0
Cc1cccc2cc(CN(Cc3ccco3)C(=O)c3cccs3)c(=O)[nH]c12,0
COc1cc(N2CCCC2)c(OC)cc1/C=c1\sc2nc3ccccc3n2c1=O,0
Cc1ccc(-c2nnc(SCC(=O)Nc3nc4c(s3)CCCC4)n2C)cc1,0
Cc1ccc2c(CC(=O)OC(C)C(=O)NCc3ccc4c(c3)OCO4)coc2c1,0
COc1cc(NS(=O)(=O)c2ccc(F)cc2)c(C(=O)O)cc1OC,0
CCOC(=O)CN1CC23C=CC(O2)C(C(=O)NC2CCCCC2)C3C1=O,0
COc1ccc(C2CC(=O)c3c(C)nc(N4CCN(Cc5ccccc5)CC4)nc3C2)cc1OC,0
COc1cc(OC)c(C2C(C#N)=C(N)OC3=C2C(=O)CC(C)(C)C3)cc1OC,0
Cc1oc(-c2ccc(Cl)cc2)nc1CS(=O)CC(=O)NCCCN(C)C1CCCCC1,0
C=CCn1c(SCC(=O)Nc2ccc(NC(=O)c3ccco3)c(OC)c2)nnc1-c1ccncc1,0
Cc1ccc(-n2nc3c(c2NC(=O)c2ccc(S(=O)(=O)N4CCOCC4)cc2)CSC3)c(C)c1,0
C=CCn1c(SCc2nc3ccccc3[nH]2)nnc1-c1ccccn1,0
O=C(c1ccc(=O)[nH]c1)N(Cc1ccco1)C1(C(=O)NC2CCCCC2)CCCCC1,0
CC(=O)Nc1cccc(-c2cnc3ccccc3n2)c1,0
CC(C)OC(=O)C(C#N)c1nc2ccccc2nc1N1CCN(Cc2ccc3c(c2)OCO3)CC1,0
CC1CCCCC1NC(=O)CSc1nncs1,0
CCOc1ccc(C2C(C(=O)O)c3ccccc3C(=O)N2CCN2CCOCC2)cc1,0
Cc1onc(-c2ccccc2Cl)c1C(=O)N1CCCc2ccccc21,0
COc1ccc(S(=O)(=O)N2CCN(C(=O)NC3CCCCC3)CC2)cc1OC,0
CCOc1ccc(-c2cc(C(=O)O)c3ccccc3n2)c(OCC)c1,0
COC(=O)CC1(Cc2ccccc2)C(=O)NC(=O)NC1=O,0
Cc1ccsc1-c1nc(CSCC(=O)NCCN2CCCC2)c(C)o1,0
COc1cccc(NC(=O)c2ccc(S(=O)(=O)N3CCCCC3)cc2)c1,0
O=C(CSc1nnc(-c2ccco2)n1Cc1ccccc1)c1ccccc1,0
CCCCOC(=O)c1cc(=O)[nH]c2ccccc12,0
COc1cccc(OCC(=O)NC2CCCCC2)c1,0
CC(=O)Nc1ccc(NC(=O)CSc2nnc(C3CC3)n2C)cc1,0
O=C(NCc1ccccc1)c1c(O)n2c3c(cccc3c1=O)CCC2,0
COc1ccc(-c2cn3cccnc3n2)cc1NC(=O)C1CCCC1,0
CCc1cc2c(NCCC(=O)O)nc(C)nc2s1,0
CC1=CC(c2ccccc2)N2NC(N3C(=O)C4CC=CCC4C3=O)=NC2=N1,0
CC1(C)Cc2ccccc2-c2c1c(=O)n(-c1ccccc1)c1nnnn21,0
C=CCSC1=N/C(=C\c2cc(OC)c3c(c2)OCO3)C(=O)S1,0
COc1ccc(CCNC(=O)COc2nsnc2N2CCOCC2)cc1OC,0
O=C(CSc1nnc(COc2ccc(Cl)cc2)o1)N1CCN(c2ccccc2)CC1,0
COc1ccc(-n2ncc3c(NCc4ccco4)ncnc32)cc1,0
CCn1cc(C(=O)Nc2cc3c(cc2NC(C)=O)OCCO3)c(=O)c2ccc(C)nc21,0
CC(C)c1ccc(-c2[nH]c(N3CCCCC3)nc(=O)c2C#N)cc1,0
O=C(Nc1cc(C(=O)N2CCCC2)ccc1N1CCCC1)c1ccccc1F,0
CC(=O)N1c2ccccc2N(Cc2ccc(C)cc2C)C(=O)C1(C)C,0
Cc1ccc(CN2C(=O)CCC2C(=O)NCCCN2CCCCC2C)cc1,0
Cc1cc(C)nc(NC(=O)C(C)N2C(=O)c3ccccc3C2=O)n1,0
COc1cc(OC)c(-c2nn3c(-c4ccco4)nnc3s2)cc1OC,0
CCOc1cccc(-c2cc(=O)[nH][nH]2)c1,0
Cc1ccc(OCC(=O)NCc2ccco2)cc1C,0
COc1ccc(N(C)S(=O)(=O)c2cccc(C(=O)Nc3ccc(-n4cnnn4)cc3)c2)cc1,0
COc1ccccc1NC(=O)N1CCN(c2ccccn2)CC1,0
Cc1cc(C)nc(-n2nc(C)c(C3(O)C(=O)Nc4ccccc43)c2N)n1,0
O=C(O)CNC(=O)c1ccccc1F,0
CCC(C)SC1=NN/C(=C2\C=Nc3ccccc32)N1CCOC,0
CC(C)Cn1c(CN2CCN(c3ccccc3F)CC2)nc2c1c(=O)[nH]c(=O)n2C,0
O=C(Nc1ncc2c(n1)CC(c1ccc(F)cc1)CC2=O)c1ccco1,0
Cc1ccc(NC(=O)CCn2c(=O)oc3ccccc32)c(C)c1,0
COc1ccc(N2CCN(c3nc(=S)n(-c4ccccc4)c(C)c3C(C)=O)CC2)cc1,0
CS(=O)(=O)N(CC(=O)NCc1ccncc1)Cc1ccc(Cl)cc1,0
O=C(NCc1ccc2c(c1)OCO2)C1CCN(S(=O)(=O)c2cccs2)CC1,0
CCc1c(C)sc(NC(=O)C2CCCCC2C(=O)O)c1C(N)=O,0
O=C(CN1CCOCC1)OCCCC1CCCCC1,0
Cn1c(C(=O)N2CCCC(C(=O)O)C2)cc2sccc21,0
CCOC(=O)c1sc(NC(=O)c2cccc(S(=O)(=O)N3CCN(C)CC3)c2)cc1C,0
O=C(CSc1ccc2nnc(-c3ccccn3)n2n1)Nc1ccc2c(c1)OCO2,0
COc1ccc(-c2cc(C(=O)N(C)Cc3ccccc3)no2)cc1OC,0
Cc1nc2ccccc2c2oc(C(=O)N3CCN(C4CCCCC4)CC3)cc12,0
O=C(CSc1ccc2c(c1)OCCO2)NCC1CCCO1,0
CCCn1c(O)c(C(=O)NC)c(=O)c2c1CCCC2,0
O=C(c1cc2cc(Cl)ccc2oc1=O)N1CCCC1,0
CCOC(=O)N1CCN(C(=O)c2cnc3n(c2=O)CCS3)CC1,0
COc1ccc(N2CCN(C3CC(=O)N(C)C3=O)CC2)cc1,0
O=C(c1ccc2nc(N3CCOCC3)sc2c1)N1CCC2(CC1)OCCO2,0
CCCCN1C(=O)NC(=O)/C(=C(\C)NC(C)c2ccccc2)C1=O,0
COc1ccc(-c2nnn(CC(=O)NC3CCCc4ccccc43)n2)cc1OC,0
CCCCNC(=O)Cn1c(-c2ccc(OC)cc2)noc1=O,0
Cn1nc(C(=O)Nc2cccnc2)c2ccccc2c1=O,0
Cc1ccc(S(=O)(=O)N2CCOCC2)cc1C(=O)Nc1nc(-c2cccnc2)cs1,0
O=S(=O)(c1ccccc1)N1CCC(N2CCCCCC2)CC1,0
O=S(=O)(c1ccccc1)c1ccc(NCc2ccco2)cc1,0
CN1C(=O)c2ccc(NC(=O)C3CCCCC3)cc2C1=O,0
C=CCOc1nc2c(c(=O)n(C)c(=O)n2C)n1Cc1ccc(Cl)cc1Cl,0
O=C(NCCN1CCOCC1)c1ccc(CS(=O)(=O)Cc2ccccc2F)o1,0
Cc1ccc(S(=O)(=O)NC2=NCN(Cc3ccccc3)CN2)cc1,0
CCN1CCN(Cc2c(C)[nH]c3ccc(C(=O)OC)cc3c2=O)CC1,0
CCCC(=O)N1CCN(c2ccc(NC(=O)c3ccco3)cc2)CC1,0
COc1ccc(CCN2CCCn3c2nc2c3c(=O)n(Cc3ccccc3F)c(=O)n2C)cc1OC,0
COc1ccc(C2C(C(=O)N3CCCCC3)CCC(=O)N2c2cc(OC)c(OC)c(OC)c2)cc1,0
CN1CCCCC/C1=N\C1=C(C#N)CCCC1,0
O=S(=O)(c1cccs1)N1CCc2ccccc21,0
COc1ccc(NC(=O)C2CCCN2S(=O)(=O)c2ccc3c(c2)CCC(=O)N3)cc1Cl,0
Cc1nn(Cc2ccccc2)c(C)c1C(=O)OCC(=O)c1cc(C)n(C2CC2)c1C,0
COC(=O)C1=C(Cn2cnc3ccccc32)NC(=O)NC1c1cc(C)ccc1C,0
CC12CCC(C(=O)N3CCN(Cc4ccccc4)CC3)(OC1=O)C2(C)C,0
CC(C)(C)C(=O)Cn1c(=O)n(CC2CCCO2)c(=O)c2ccccc21,0
CCCOc1ccc(C2c3c(oc4ccccc4c3=O)C(=O)N2CCCN2CCOCC2)cc1,0
COc1cccc(NC(=O)NC(Cc2ccccc2)C(=O)O)c1,0
COC(=O)c1cccc(OCC(O)Cn2cnc3cc(C)c(C)cc32)c1,0
CCN1CCN(C(=O)CN(c2ccccc2C)S(C)(=O)=O)CC1,0
Cc1ccc(Cl)cc1N1CCN(C(=O)CCS(=O)(=O)c2cccc3nonc23)CC1,0
N#CCSc1nc2cc(C(=O)N3CCCC3)ccc2c(=O)n1Cc1ccccc1,0
CC1CC(=O)c2cnc(NCC3CCCO3)nc2C1,0
N#CCSc1nnc(CNc2cccc(Cl)c2)o1,0
Cc1ccc(N2C(=O)CC(=O)NC2=O)cc1,0
Nn1c(Cc2cccc3ccccc23)nnc1SC1CCOC1=O,0
CCN(CC)S(=O)(=O)c1ccc(S(=O)(=O)Nc2cc3c(cc2C(C)=O)OCO3)cc1,0
CCCOC(=O)c1ccc(NC(=O)C2C3C=CC(O3)C2C(=O)O)cc1,0
Cc1noc(C)c1CSc1ccccc1C(=O)N1CCN(c2ccccc2)CC1,0
CC1(C)CC(=O)c2cnc(N3CCc4ccccc4C3)nc2C1,0
COc1ccccc1NC(=O)c1ccccc1NS(C)(=O)=O,0
CCOC(=O)COn1c(SCC(=O)OCC)nc2ccccc2c1=O,0
O=C(NC(C(=O)O)c1ccccc1)c1ccc(S(=O)(=O)N2CCOCC2)cc1,0
COc1ccc(NC(=O)C(CCS(C)(=O)=O)N2Cc3ccccc3C2=O)c(OC)c1,0
CC(=O)Nc1cccc(NC(=O)CCn2cnc3cc(C)c(C)cc32)c1,0
CCOC(=O)C1CCN(c2c(NCc3ccc(C(=O)NC(C)CC)cc3)c(=O)c2=O)CC1,0
COC(=O)CNC(=O)c1c(-c2ccccc2Cl)noc1C,0
Clc1ccc(-c2nnc(SCc3nc(-c4ccccc4)no3)o2)cc1,0
Cc1cccc(-n2ccnc2SCC(=O)Nc2cc(C)on2)c1,0
CCOc1nc(C)ccc1-c1noc(-c2ccccc2OC)n1,0
COc1cccc(C(=O)Cn2c(=O)n(CC3CCCO3)c(=O)c3ccccc32)c1,0
Cc1ccc2cc(CCNS(=O)(=O)c3ccc(F)cc3)c(=O)[nH]c2c1,0
COc1ccc(CNC(=O)C2CCNCC2)cc1,0
CCc1cc2c(=O)c(-c3nc4ccccc4n3C)c(C)oc2c(CN2CCOCC2)c1O,0
COCCn1c(SCc2nnc(-c3ccccc3)o2)nc2sc3c(c2c1=O)CCC3,0
O=S(=O)(N=S(N1CCCCC1)N1CCCCC1)c1ccccc1,0
O=S(=O)(c1ccc(NC2CCCCC2)cc1)N1CCOCC1,0
Cc1ccc(C)c(C(=O)Nc2c(C(N)=O)oc3ccccc23)c1,0
CC(=O)Oc1cccc(/C=c2\sc3nc(-c4ccco4)nn3c2=O)c1,0
O=C(Nc1ccccc1C(=O)N1CCCC1)c1cccc(S(=O)(=O)N2CCCCC2)c1,0
COc1cc(SC)ccc1C(=O)Nc1ccc(S(=O)(=O)N2CCCC2)cc1,0
CC(=O)N1CCN(c2ccc(Oc3ncnc4sccc34)cc2)CC1,0
CC(C)Cc1nc(NCCN2CCOCC2)c(C#N)c2c1COC(C)(C)C2,0
CC1CCN(C(=O)c2ccc(C(=O)N3CCC(C)CC3)cc2)CC1,0
Cc1cc(-c2ccccc2)nc2cc(C(=O)NCCCn3ccnc3)nn12,0
O=C(CCn1c(=O)c2ccccc2n(Cc2cccnc2)c1=O)NCc1ccc2c(c1)OCO2,0
COc1ccc(-c2nnc(SCC(=O)N3CCCc4ccccc43)o2)cc1OC,0
COCC(=O)Nc1nnc(C2CCCCC2)s1,0
Cn1c(=O)n(C)c2cc(C(N)=O)ccc21,0
N#Cc1nc(COc2ccc(F)cc2)oc1NCCN1CCOCC1,0
CC(C)c1nnc(NC(=O)CCC(=O)NCC2CCCO2)s1,0
O=C(O)CCCC(=O)N1CCc2cc(S(=O)(=O)N3CCc4ccccc43)ccc21,0
Clc1ccc(OCc2nnc(SCc3nc4ccccc4[nH]3)n2Cc2ccco2)cc1,0
Cc1ccc(NC(=O)C2CCCN(S(=O)(=O)c3c(C)noc3C)C2)c(C)c1,0
CC1(C)Cc2c(sc3[nH]c(=S)n(Cc4ccco4)c(=O)c23)CO1,0
CC1CCN(C(=O)CSc2nnc(CN3CCOCC3)n2-c2ccccc2)CC1,0
CCc1nnc(NC(=O)CSc2nnc(-c3ccoc3C)n2CC(C)C)s1,0
CC1(C)Cc2nc3oc4c(NCc5ccccc5)ncnc4c3cc2CO1,0
N#Cc1cnn(CC2CCCCC2)c1N,0
COc1ccc(C)cc1N(CC(N)=O)S(=O)(=O)c1ccc(C)cc1,0
COc1ccc(-n2c(SCC(=O)Nc3cc(C)on3)nc3c(c2=O)SCC3)cc1,0
COc1ccc(C(=O)Nc2cc(=O)n(C)c(=O)n2C)cc1OC,0
CCOc1ccc(CN2CCN(C(=O)c3ccccc3)CC2)cc1,0
CN(c1nnc(N)s1)C1CCCCC1,0
CCOC(=O)c1[nH]c(=O)[nH]c1COC(=O)c1cc2ccccc2o1,0
N#CCCN(Cc1cccnc1)C(=O)Nc1ccc(Cl)c(Cl)c1,0
CC1CN(Cc2nc3c(c(=O)n(C)c(=O)n3C)n2Cc2ccc(Cl)cc2)CC(C)O1,0
C=C(C)C1Cc2c(C)nn(-c3ccccc3)c2C1,0
COc1cc(=O)n(C)c2cc(N(C)C)ccc12,0
CCOC(=O)c1ccc(NC(=O)NCc2ccn(CC)n2)cc1,0
Cc1ccc(NC(=O)CS(=O)(=O)c2cn(C)c3ccccc23)c(C)c1,0
Cc1nn(-c2ccccc2)c2sc(C(=O)N(Cc3ccco3)C(C)C(=O)NC(C)(C)C)cc12,0
NC(=O)CN(c1ccc(Cl)cc1)S(=O)(=O)c1ccccc1,0
O=C1CC(C(=O)Nc2ccccc2)N=C(N2CCOCC2)N1,0
Cc1ccc(NC(=O)COC(=O)c2ccn(C)n2)cc1,0
CCCSCCCNC(=O)Cn1cc2c(n1)CCCCC2,0
Cc1cc(NC(=O)c2cc(CC(C)C)on2)no1,0
Cc1cccc(N2CCCn3c2nc2c3c(=O)n(CCN3CCOCC3)c(=O)n2C)c1,0
O=C(c1ccc2c(=O)n(Cc3ccc4c(c3)OCO4)c(=S)[nH]c2c1)N1CCCCC1,0
CCCOC(=O)c1ccc(NC(=O)c2ccoc2C)cc1,0
CCOC(=O)C(OC(=O)c1sc(=S)n(C)c1C)C(C)=O,0
Cn1c(=O)c(-c2ccccc2N)nc2ccccc21,0
COc1ccc2nc(NC(=O)c3cccc(OCc4c(C)noc4C)c3)sc2c1,0
Cc1c(Cl)cccc1NC(=O)CCN1CCCC(C)C1,0
COc1ccc(NC(=O)CCN2CCN(S(=O)(=O)c3cc(Cl)ccc3OC)CC2)cc1,0
O=C(NCC(=O)N(Cc1ccc(F)cc1)C(C(=O)NC1CCCC1)c1ccco1)c1ccco1,0
O=C(NC(Cc1ccccc1)C(=O)N1CCC2(CC1)OCCO2)C1CCCCC1,0
CCOCCn1c(CCCO)nc2ccccc21,0
CCCCN(C)CCCNC(=O)c1ccc2c(c1)NC(=O)C(N1CCOCC1)S2,0
O=C(C1CCCCC1)N1CCN(S(=O)(=O)c2ccc(Cl)cc2)CC1,0
c1ccc(-c2nn3c(C4CCCCC4)nnc3s2)nc1,0
CN(C)c1ccc(CN(C(=O)COc2ccccc2)C2CCS(=O)(=O)C2)cc1,0
COc1cccc(CNC(=O)C2CCN(S(=O)(=O)c3c(C)nn(C)c3C)CC2)c1,0
Cc1ccc(-c2nc(CS(=O)CC(=O)NCc3ccccn3)c(C)o2)cc1,0
Nc1cc(=O)nc(SCC(=O)NC2CCCCC2)n1-c1ccccc1,0
CCOC(=O)N1CCN(S(=O)(=O)c2ccc(C(=O)Nc3sc4c(c3C#N)CCC4)cc2)CC1,0
CC(NC(=O)C1CCCN(S(=O)(=O)c2cnc[nH]2)C1)c1ccccc1,0
COCCNC(=O)CN(C(=O)Cn1nnc2ccccc21)c1ccc(F)c(Cl)c1,0
Cc1nc(N)c(C#N)c(-c2ccccc2)c1C,0
CCOC(=O)c1sc(Nc2nc3c(OC)cccc3s2)nc1C,0
COc1ccc(NCC(=O)Nc2ccc(Cl)cc2C)c(OC)c1,0
Nc1nc(C(=O)N2CCOCC2)nn1C(=O)c1ccc(Cl)cc1,0
O=C(C1CCCCC1)N1CCCn2c1nc1ccccc12,0
CCCCn1c(=O)n(CC(O)c2ccccc2)c(=O)c2c1ncn2C1CCCC1,0
Cc1cc(C)nc(SC(C)C(=O)Nc2ccc(S(N)(=O)=O)cc2)n1,0
CCOC(=O)c1ccc(-n2c(=O)[nH]c3ccccc3c2=O)cc1,0
O=C(NCCOC(=O)c1ccncc1)c1ccccc1,0
CC(C)CC(=O)Nc1ccccc1N1CCOCC1,0
NS(=O)(=O)c1ccc(C(=O)O)cc1,0
C1=C(CCNc2ncnc3nc[nH]c23)CCCC1,0
CCCCOc1ccc(/C=c2\sc3ncnn3c2=O)cc1,0
Cc1ccc(-n2c(C)cc(C(=O)COC(=O)c3c(C)noc3C)c2C)cc1,0
CCSCc1nnc(SCC(=O)c2ccc(OC)cc2)n1C,0
COc1cccc(CNC(=O)C2CCCN(S(C)(=O)=O)C2)c1,0
O=S(=O)(NCCOCCNS(=O)(=O)c1ccccc1)c1ccccc1,0
Cn1c(SCc2cnc(-c3ccccc3)s2)nnc1C1COc2ccccc2O1,0
COc1ccc(CCNC(=O)C2CCN(Cc3nc(-c4ccccc4F)oc3C)CC2)cc1OC,0
Cc1ccc(C(=O)Nc2c3c(nn2C(C)(C)C)CS(=O)(=O)C3)cc1C,0
COC(=O)c1cc2occc2n1CC(=O)Nc1ccc(OC)c(OC)c1OC,0
CNc1nc2c(c(=O)[nH]c(=O)n2C)n1CCOC,0
COc1cc(C(=O)NCCc2nc3ccccc3n2C)cc(OC)c1OC,0
O=C(CCn1c(SCC(=O)NCc2ccco2)nc2ccccc2c1=O)NCCc1ccccc1,0
COc1ccccc1NC(=O)C1=C(C)NC(=O)NC1c1cccc(OC)c1OC,0
O=C(O)C1Cc2ccccc2CN1C(=O)c1ccccc1,0
CC1CCN(S(=O)(=O)c2cccc(-c3nnc(-c4cccnc4)o3)c2)CC1,0
CCOC(=O)c1[nH]c2ccccc2c1/N=C(\C)N(CC)CC,0
CCOc1ccc(NC(=O)c2cccc3c2C(=O)N(Cc2cccnc2)C3)cc1,0
CN(CCC#N)C(=O)CSc1ncnc2sc(-c3ccccc3)cc12,0
COc1cccc(N2CC(C(=O)Nc3ccc(C(=O)OC(C)C)cc3)CC2=O)c1,0
CSc1ccc(/C=N/n2c(C)cc(C)cc2=O)cc1,0
CCCNC(=O)c1c(N)n(Cc2ccc3c(c2)OCO3)c2nc3ccccc3nc12,0
CNC(=O)NC(=O)COC(=O)CCCOc1ccc(OC)cc1,0
Cc1ccc(NC(=O)c2cccc(Cl)c2)nc1,0
O=S(=O)(c1ccccc1Cl)N1CCCC(c2nc(-c3cccnc3)no2)C1,0
CCCn1nnc(NC(=O)c2cccc(OCC(C)C)c2)n1,0
COc1ccc(Nc2ncnc3c2cnn3Cc2ccccc2)cc1OC,0
Cc1cccc(-n2c(N)cc(=O)nc2SC(C)C(=O)NC2CCCCC2)c1,0
O=C(Nc1ccc(C2CCCCC2)cc1)C1CCN(c2ncccn2)CC1,0
O=C(O)CCC(=O)Nc1ccc2c(c1)oc1ccccc12,0
COc1ccc(C(CNC(=O)c2ccc(S(=O)(=O)N3CCOCC3)cc2)N2CCCCC2)cc1,0
O=c1ccc2cc(S(=O)(=O)N3CCN(c4ccccc4)CC3)ccc2o1,0
Cc1ccc(Cl)cc1N1CCN(S(=O)(=O)c2cnc[nH]2)CC1,0
Cc1cc(=O)nc(SCC(=O)NCc2ccco2)[nH]1,0
Cc1cccc(N2C(=O)CC(=O)NC2=O)c1,0
COc1ccc(Cl)cc1N(C)C(=O)CCc1nc(-c2ccc(C)cc2)no1,0
Nc1ccc(-c2nc3ccc(N)cc3o2)cc1,0
CCOC(=O)C1C2NC(=O)N(Cc3ccccc3)C1(C)Oc1c(OC)cccc12,0
CCCCCCn1c(SCCOC)nc2c1c(=O)[nH]c(=O)n2C,0
COc1ccc(NC(=O)Cn2nnc(-c3ccccc3N)n2)cc1OC,0
COc1ccc(CCn2c(C)cc(C(=O)CSc3nnnn3-c3ccccc3)c2C)cc1OC,0
Cc1nc2ccccc2n1CC(=O)OCC(=O)Nc1ccc2c(c1)OCCO2,0
O=C(NC(=O)N1CCN(c2cccc(Cl)c2)CC1)c1ccccc1,0
O=c1o[nH]c(-c2ccccc2)c1C1=NCCCCC1,0
O=C1CC(c2ccccc2)CC(=O)C1=CNCCN1CCN(C(=O)Nc2ccccc2)CC1,0
CN(C)c1oc(-c2ccc(OCc3ccc(Cl)cc3)cc2)nc1C#N,0
CC(=O)Nc1ccc(OC(=O)c2cccnc2)cc1,0
CN1C(=O)C(=CNc2ccccn2)C(=O)N(C)C1=O,0
Cn1c(=O)c2c(nc(OCC3COC(C)(C)O3)n2Cc2ccccc2F)n(C)c1=O,0
COC(=O)c1ccccc1NC(=O)C1CCCN(c2nnc(-n3cccc3)s2)C1,0
Cc1ccc(-c2ccc(=O)n(CC(=O)NCCN3C(C)CCCC3C)n2)cc1,0
CCOC(=O)C(Cc1ccccc1)NC(=O)Cn1nnc(-c2ccccc2)n1,0
COc1ccc(C(C)C)cc1S(=O)(=O)NCc1ccccn1,0
CC1CCc2cc(F)cc3c(=O)c(C(=O)Nc4cnccn4)c(O)n1c23,0
COCCN1C(=O)C(CC(=O)Nc2ccc(C(C)=O)cc2)S/C1=N\c1ccccc1,0
Cc1nc(=O)c(-c2ccccc2)c(C)n1-c1ccc(O)c(C(=O)O)c1,0
CCc1ccc(S(=O)(=O)NCCc2cn3ccsc3n2)s1,0
CC1=CC(C)(C)N2C(=O)C3(C(C#N)=C(N)OC4=C3C(=O)CCC4)c3c(C)c(C)cc1c32,0
CCN1CCc2nc(NC(=O)c3ccc4c(c3)OCCO4)sc2C1,0
CCN1CCN(Cc2ccccc2C)CC1,0
CC12CN(Cc3ccccc3)CC(C)(CN(Cc3ccccc3)C1)C2=NO,0
CN1CCN(S(=O)(=O)c2ccc(-c3noc(C4CCN(S(C)(=O)=O)CC4)n3)cc2)CC1,0
COc1cccc(-c2nnc(N(C)C(=O)c3ccno3)s2)c1,0
CCN(CC)S(=O)(=O)c1cccc(C(=O)OCC(=O)N2CC(=O)Nc3ccccc32)c1,0
Cc1ccc2c(c1)nnn2C1CCN(S(=O)(=O)c2cccc(S(=O)(=O)N(C)C)c2)CC1,0
Cc1ccc(S(=O)(=O)N2CCC(C(=O)NC(C)C(=O)NC3CCCCC3)CC2)cc1,0
COc1ccc(C2=NCC(CSc3nccc(=O)[nH]3)S2)cc1,0
CCOC(=O)CSc1nnc(CNC(=O)c2cccs2)n1-c1ccccc1,0
COc1cc(-c2nn3c(COc4ccccc4)nnc3s2)cc(OC)c1OC,0
O=C(Nc1ccc2nn(-c3ccccc3)nc2c1)c1cccs1,0
CCCCNC(=O)CN(C1CCCCC1)S(C)(=O)=O,0
O=C(Nc1cccc(-c2nc3ncccc3o2)c1)c1cc2ccccc2o1,0
CCN(CC)c1ccc(NC(=O)CN2C(=O)CC(C)(C)S(=O)(=O)c3ccccc32)c(C)c1,0
CC(C)N(C(=O)COC(=O)c1ccccc1C(=O)N1CCN(c2ccc(F)cc2)CC1)C(C)C,0
O=C(C1CCCCC1)N1CCN(c2ncccn2)CC1,0
CCOCCn1c(CN(Cc2ccccc2)Cc2ccccc2)nc2c1c(=O)[nH]c(=O)n2C,0
Cc1cc(NC(=O)CSc2nnc3c(C)cc4ccccc4n23)no1,0
N#Cc1c(N)nc(SCC(=O)NC2CCCCC2)c(C#N)c1-c1ccc(Cl)cc1,0
COC(=O)c1cc(-c2c(C)oc3cc(OC(C)C)ccc3c2=O)c(C)o1,0
CC(C)NS(=O)(=O)c1ccc(OCC(=O)N2CCN(Cc3ccccc3)CC2)c(Cl)c1,0
CCN(c1c(C)n(C)n(-c2ccccc2)c1=O)S(C)(=O)=O,0
NC(=O)CN1C2CCC1CC(NC(=O)C1CC1)C2,0
CCOC(=O)c1[nH]c(CSc2nnc(-c3ccc(OC)cc3)o2)c(C(=O)OCC)c1C,0
COc1ccc(-c2nn(C)c3sc(C(=O)NCc4ccco4)cc23)cc1OC,0
CC1CC(C)CN(c2nc3c(c(=O)n(C)c(=O)n3C)n2C)C1,0
CCCOc1ccccc1NC(=O)c1c(-c2ccccc2)noc1C,0
COc1cccc2c(=O)cc(C)n(CC(=O)Nc3ccc(C)c(C)c3)c12,0
CC1CCN(C(=O)Nc2cccc(NC(=O)N3CCC(C)CC3)c2)CC1,0
Cc1cs/c(=N\C(=O)c2ccccc2)n1Cc1ccco1,0
CCN(CC)C(=O)COc1cccc2ccccc12,0
COc1cc(Cl)c(C)cc1NC(=O)CSc1nnc(-c2ccccn2)n1Cc1ccco1,0
CCOC(=O)C1CCN(C(=O)c2ccccc2Oc2ccccc2)CC1,0
COc1ccc(NC(=O)c2ccc(CN3CCN(c4ccccc4)CC3)cc2)cc1,0
CCSc1nnc(NC(=O)C(C)C)s1,0
Cc1c(C#N)c2ncn(CCCN(C)C)c(=O)c2n1-c1ccccc1,0
CCc1ncc(C(=O)c2ccc(OC)cc2)n1C,0
C/C(NCc1cccnc1)=C(\C#N)C(=O)NCc1ccccc1,0
Cc1occc1-c1nnc(SCC(=O)N2CCOCC2)n1CCc1ccccc1,0
CSC1=N/C(=C\c2ccc(C)o2)C(=O)S1,0
COc1ccc(-n2nc(C(=O)Nc3ccc4c(c3)OCO4)c3ccccc3c2=O)cc1,0
Cc1oc(-c2ccccc2F)nc1CN1CCC(C(=O)NCCC2=CCCCC2)CC1,0
CCCOc1ccc(C(=O)N2CCN(c3ccc(N)cc3Cl)CC2)cc1,0
C(=N/c1c(-c2ccccc2)nc2n1CCS2)\c1ccccc1,0
O=C(OCC(=O)N1CCOCC1)c1ccc[nH]c1=O,0
CCOc1cccc(-c2nnc3sc(COc4ccc(Cl)cc4)nn23)c1,0
CCOC(=O)COc1nc(N(C)C)nc(N(C)C)n1,0
COC(=O)C1(CCSC)NC(c2ccc(O)cc2)C2C(=O)N(c3ccc4c(c3)OCCO4)C(=O)C21,0
COC(=O)c1cccc(NC(=O)c2nn(C(C)C)c(=O)c3ccccc23)c1,0
Cc1ccc(SCc2cc(=O)n3[nH]c(C)nc3n2)cc1,0
COc1ccc(CNC(=O)C2CCN(C(=O)N3CCOc4ccc(C)cc43)CC2)cc1,0
COc1ccc(C2N(c3cc(Cl)ccc3OC)C(=O)C3CCCN32)cc1,0
O=C(Cc1ccccc1)N1CCCC1c1ccccc1,0
C1=C(C(c2nnnn2C2CCCCC2)N2CCCCC2)COc2ccccc21,0
COc1cccc(-c2nn(C)c3sc(C(=O)NCc4ccccn4)cc23)c1,0
Cc1ccc(-c2nc3ccccc3c(=O)n2CCN2CCOCC2)cc1,0
O=C(NCc1ccco1)c1cccc(S(=O)(=O)N2CCCCC2)c1,0
CCS(=O)(=O)n1nc(-c2ccc(C)cc2)nc1N,0
Cc1ccc(S(=O)(=O)N2CCCC2C(=O)NC2=NCCS2)cc1,0
CCC(Sc1ncccc1C(=O)O)C(=O)N1CCOCC1,0
COc1ccc(S(=O)(=O)N(C)c2ccc(OCC(=O)Nc3cc(C)on3)cc2)cc1,0
O=C1c2ccccc2C(=O)N1c1ccc(S(=O)(=O)N2CCN(c3ccccc3)CC2)cc1,0
CC(C)n1c(-c2ccco2)cs/c1=N\c1cccnc1,0
COc1ccc(C2CC(c3ccc(OC)cc3)N3NC(N)=NC3=N2)cc1,0
CCCC(=O)C1=C(N(C)c2ccccc2)CC(C)(C)C(C(=O)OC)C1=O,0
Cc1nc(Nc2ccc3c(c2)OCCO3)c2nnn(Cc3ccccc3Cl)c2n1,0
CCN(CC)CCn1c(NCc2ccc(OC)cc2)nc2ccccc21,0
O=C(COC(=O)Cc1cn2ccsc2n1)NC12CC3CC(CC(C3)C1)C2,0
N#CCCCN1C(=O)C(O)(CC(=O)c2ccc3c(c2)OCCO3)c2ccccc21,0
Cc1cc(C)c2c(n1)nn1c(N3CCN(c4ccccn4)CC3)cc(C)nc21,0
O=C(NCCN1CCOCC1)c1ccc(Cl)cc1,0
CCOC(=O)NCc1cc(-c2nn(C)c(=O)c3ccccc23)ccc1C,0
Cc1cc(C)cc(-n2nnnc2SCC(=O)Nc2cccc(NC(=O)c3ccco3)c2)c1,0
O=C(NC(Cc1ccc(F)cc1)C(=O)O)c1ccccc1,0
C=CCN(CC=C)C(=O)CCCCC(=O)N(CC=C)CC=C,0
O=C(CN1C(=O)c2cccc3cccc1c23)NCc1ccc2c(c1)OCO2,0
O=C(Cn1nnc(-c2ccccc2NC(=O)c2ccco2)n1)Nc1ccccc1,0
COc1cc(/C=c2\s/c(=C(/C#N)C(=O)N3CCCC3)n(-c3ccccc3)c2=O)ccc1O,0
CC(C)C(=O)Nc1nnn(C)n1,0
CCOc1ccc(N(C(C)=O)C2C=CS(=O)(=O)C2)cc1,0
CCOc1ccc(-n2cc(C(=O)N3CCN(C)CC3)c3cc(OC)c(OC)cc3c2=O)cc1,0
Cc1ccc(C(=O)Nc2ccc(Cl)cn2)cc1,0
CCCCCCSc1nc2c(c(=O)[nH]c(=O)n2C)n1C,0
COc1ccc(CC(=O)Nc2ccc(-c3noc(-c4cc(OC)c(OC)c(OC)c4)n3)cc2)cc1,0
CC(C)(C)c1ccc(OCC(=O)N2CCN(C=O)CC2)cc1,0
Nc1nc2nonc2nc1N1CCCCC1,0
COc1ccc2[nH]cc(CCNC(=O)C3CCCNC3=O)c2c1,0
COc1ccc(NC(=O)C2CCN(S(=O)(=O)c3cccc4cccnc34)CC2)cc1,0
c1ccc(COc2ccc(OCCCn3cncn3)cc2)cc1,0
CCOC(=O)c1cc(-c2ccc(Cl)s2)nc2c1c(C)nn2C,0
CC(C)C(=O)N1CCN(c2nc(-c3ccccc3)c3c(c2C#N)CCCC3)CC1,0
CC(=O)Nc1ccc(NC(=O)C2CC(=O)N(c3cccc(C)c3C)C2)cc1,0
Cc1c(NC(=O)c2nn(C)c(=O)c3ccccc23)c(=O)n(-c2ccccc2)n1C,0
O=C(CN(Cc1ccco1)C(=O)Cn1nnc(-c2ccc(F)cc2)n1)NC1CCCC1,0
COc1ccc(-n2c(=O)cc(N3CCN(c4ccccc4OC)CC3)[nH]c2=O)cc1,0
CCOc1ccc(-c2noc(-c3ccncc3)n2)cc1OCC,0
O=C(COC(=O)c1cnccn1)c1ccccc1,0
Cn1ncc(Cl)c1C(=O)N1CCc2ccccc21,0
Cc1nc2ncnn2c(C)c1CCC(=O)N1CCN(C(=O)c2ccco2)CC1,0
COc1ccc(CNc2cc(C)nc3ncnn23)c(OC)c1,0
O=C(NCCc1ccc(Cl)cc1)C1CCN(S(=O)(=O)c2cccc3nonc23)CC1,0
COc1ccc2[nH]c(=O)c(CN(C(=O)c3ccncc3)C(C)(C)C)cc2c1,0
Cc1ccc(S(=O)(=O)Nc2nc3ccccc3nc2NCc2ccco2)cc1,0
N#Cc1c(NCCCO)nc(NCc2ccccc2)c2c1CCN(Cc1ccccc1)C2,0
CCC(C)C(C(=O)Nc1ccc(OC)c(OC)c1)N1Cc2ccccc2C1=O,0
Cc1ccc(N2CC(C(=O)N3CCN(C(=O)c4ccco4)CC3)CC2=O)cc1,0
CCOc1cccc(-c2nnc3sc(COc4ccc(OC)cc4)nn23)c1,0
COc1ccc(-n2ncc3c(NCC(C)C)ncnc32)cc1,0
COc1cc(C(=O)OCC(=O)NC2CCCC2)cc(NC(=O)c2ccco2)c1OC,0
COc1cc(NC(=O)c2ccc(Cl)cc2)c(OC)cc1NC(=O)CN1CCOCC1,0
COc1ccc2cc(C(=O)NC3CCCCC3)c(=O)oc2c1,0
O=C(Nc1ccc(-c2noc(CCc3ccccc3)n2)cc1)c1ccco1,0
COc1ccc(CCNC(=O)CSc2nc(C)nc3c2c(=O)n(C)c(=O)n3C)cc1OC,0
N#Cc1c(/N=C/c2ccco2)sc2c1CCC2,0
O=C(CN1CCN(Cc2ccccc2)CC1)N1CCCc2c1c(=O)oc1ccc(O)cc21,0
COc1ccc(-c2nc(NC(=O)CSc3nnc(C)s3)ns2)cc1,0
CCc1ccc(NC(=O)Cn2c(SC)nc3ccccc32)cc1,0
CCOC(=O)C(C)Oc1cccc2c(=O)n(CC(=O)NCc3ccc4c(c3)OCO4)ccc12,1
CCOc1ccc(/N=C2\C(=O)N(CN3CCOCC3)c3ccccc32)cc1,0
Cc1cccc2sc(NC(=O)CN(C)S(=O)(=O)c3cccs3)nc12,0
COC(=O)c1cc(C(=O)OC)cc(N2C(=O)CC(N3CCN(c4ccccc4)CC3)C2=O)c1,0
COc1cc(C2c3c(oc4cc(C)c(C)cc4c3=O)C(=O)N2c2cc(C)ccn2)ccc1O,0
Cc1cnc(C(=O)OCC(=O)N2CCc3ccccc3C2)cn1,0
COc1cccc(NC(=O)CN2CCN(S(=O)(=O)c3ccc(C(C)C)cc3)CC2)c1,0
Cc1ccc(Cn2nnc3c(=O)n(Cc4cc(C)ccc4C)cnc32)cc1,0
Cc1ccc2nc(Nc3nc(=O)c4ccccc4n3C)nc(C)c2c1,0
O=C(COc1ccc(S(=O)(=O)NCCc2ccccc2)cc1)N1CCCC1,0
CCCC(=O)Nc1cccc2c1CCCC2,0
COc1ccccc1N1C(=O)CC(Sc2ncccc2C(=O)O)C1=O,0
Cc1occc1-c1nnc(SCC(=O)Nc2ccc(F)cc2)n1Cc1ccccc1,0
O=C(OCCCC(=O)N1CCOCC1)c1ccccc1,0
CCc1nnc(SCC(=O)Nc2ccccc2)nc1CC,0
COc1ccccc1NC(=O)CSc1ccc2nnc(-c3ccncc3)n2n1,0
CCOC(=O)C(C)Sc1nc2n(-c3ccc(C)cc3)[nH]cc-2c(=O)n1,0
COc1ccccc1Nc1ncc(C(=O)N2CCC(C(N)=O)CC2)c2ccccc12,0
Cc1cccc(Cl)c1OCCCCn1ccnc1,0
COc1ccccc1NC(=O)CNC(=O)c1ccccc1,0
Cc1ccc(N(CC(=O)Nc2cccc(C)c2)S(=O)(=O)c2cccc3nonc23)cc1,0
CN(C1CCCCC1)S(=O)(=O)c1ccc2c(c1)c(=O)c(C(=O)NCCCN1CCCC1)cn2C,0
CCOC(=O)CSc1nc2sc(C(=O)O)c(C)c2c(=O)[nH]1,0
COc1cccc(NC(=O)CN(C)S(=O)(=O)c2ccc(C)cc2)c1,0
COc1ccc(-c2nc(C#N)c(NCCN(C)C)o2)cc1,0
Cc1ccc(S(=O)(=O)Cc2cccc(C(=O)N3CCOCC3)c2)cc1,0
CCC(C)NC(=O)C1CCCN(S(=O)(=O)c2ccc(-n3cnnn3)cc2)C1,0
Fc1ccc(CSc2ncnc3nc[nH]c23)cc1,0
COc1ccccc1NC(=O)C(C)N1CCN(C/C=C/c2ccccc2)CC1,0
COC(=O)c1c(C)[nH]c(C(C)=O)c1C,0
CC(C)OCCCNc1ncc2c(n1)CC(c1ccc(N(C)C)cc1)CC2=O,0
COc1ccccc1CCNC(=O)c1ccoc1C,0
O=C(Nc1ccc(-c2noc(-c3cccs3)n2)cc1)c1cccnc1,0
CCCN(CCC)c1ncnc2nc[nH]c12,0
Cc1cc(C(C)(C)C)cc(S(=O)(=O)NCC(=O)O)c1C,0
CCn1c(Cc2ccccc2)nnc1SCc1nc(=O)c2ccccc2[nH]1,0
COC(=O)c1cn(NC(=O)c2cccnc2)c(=O)c2ccccc12,0
Cc1csc(SCc2nc3sc4c(c3c(=O)[nH]2)CCC4)n1,0
Cc1nn(Cc2ccccc2Cl)c(C)c1NC(=O)c1cc(-c2ccc(F)cc2)on1,0
Cc1ccc(CNC(=O)CN(C)S(=O)(=O)c2cccc3cccnc23)cc1,0
COC(=O)c1ccc(COc2nc(C)cc(C)c2C#N)o1,0
COc1ccc(C(OC(=O)c2c(C)noc2C)C(=O)NC2CCCC2)cc1,0
COc1ccc(NC2SC(=O)N(CC(=O)O)C2=O)cc1,0
CCOC(=O)c1cn(-c2ccccc2)nc1-c1ccncc1,0
O=S(=O)(c1ccc2ccccc2c1)N1CCN(S(=O)(=O)N2CCOCC2)CC1,0
CCOC(=O)c1cnn(-c2nc(C)nc3sc4c(c23)CCC4)c1N,0
CC(C)NC(=O)c1ccccc1-c1nc(-c2ccccc2Cl)no1,0
Cc1cc(C)n(-c2nc3ccccc3nc2N2CCCCCC2)n1,0
O=C(c1ccc(-c2ccccc2)cc1)N1CCN(c2ncccn2)CC1,0
c1ccc(CCc2ccccc2-c2nc(-c3cccnc3)no2)cc1,0
CC(C)CC(OC(=O)c1cccs1)C(=O)NCC1CCCO1,0
COc1cc2[nH]c3c(N4CCC(C(N)=O)CC4)ncnc3c2cc1OC,0
O=C(CSc1nnc2ccccn12)c1ccc2c(c1)OCCO2,0
CCCCC(=O)Nc1ccc2oc(-c3cccnc3)nc2c1,0
Nc1sc2c(c1C(=O)NC1CCS(=O)(=O)C1)CCCC2,0
CCn1c(Cc2ccccc2)nnc1SCC(=O)Nc1ccccc1,0
Cc1ccc(N(CC(=O)Nc2ccc(F)cc2)S(=O)(=O)N2CCCC2)cc1,0
O=C(COc1ccc2c3c(c(=O)oc2c1)CCC3)NC1CCCCC1,0
COC(=O)c1cc2sccc2n1Cc1nc(-c2ccc(OC)cc2)oc1C,0
CCOC(=O)c1c(NC(=O)c2noc3c2CCCC3)sc2c1CCCC2,0
CCOC(=O)c1ccccc1NC(=O)CN1CCC(n2nnc3cc(F)ccc32)CC1,0
CN(C(=O)c1ccc(Cl)c(S(=O)(=O)N2CCOCC2)c1)c1ccccc1C(=O)O,0
COc1ccc2[nH]c(=O)c(CN(Cc3cccs3)Cc3nnnn3C(C)(C)C)cc2c1,0
COC(=O)c1c(NC(=O)c2ccco2)sc(C(=O)N2CCCC2)c1C,0
COc1ccc(NC(=O)CN(c2cc(C)cc(C)c2)S(=O)(=O)c2c(C)noc2C)cc1OC,0
CCOc1ncccc1C(=O)OCC(=O)c1ccc[nH]1,0
CN1CCN(S(=O)(=O)c2ccc(-c3ccc(Cl)cc3)cc2)CC1,0
CC1=C(C(=O)Nc2ccccc2C)C(c2ccc(C)o2)N2C(=O)CSC2=N1,0
COC(=O)C(Cc1cncn1COCc1ccccc1)NC(=O)OC(C)(C)C,0
Fc1ccc2[nH]c3c(N4CCN(Cc5ccc6c(c5)OCO6)CC4)ncnc3c2c1,1
CCCC(=O)Nc1ccc(N2CCCCC2)cc1,0
NC(=O)COC(=O)c1ccc(S(=O)(=O)N2CCCCCC2)cc1,0
CC(C)Oc1ccc(N2CC(C(=O)Nc3ccc4c(c3)OCO4)CC2=O)cc1,0
O=C1c2ccccc2C(O)N1CCN1CCOCC1,0
CCCn1c(NC(=O)c2cccc(S(=O)(=O)N3CCCC3)c2)nc2ccccc21,0
c1ccc2c(c1)C(NCC1CCCO1)=N/C2=N\CC1CCCO1,0
CCc1ccccc1N1CSC2=C(C#N)C(c3cc(OC)c(OC)cc3OC)CC(=O)N2C1,0
O=C(c1ccc(S(=O)(=O)N2CCCC2)cc1)N1CCN(Cc2ccc3c(c2)OCO3)CC1,0
Cc1cc(C(F)F)n2ncc(C(=O)N3CCc4ccccc4C3)c2n1,0
CCCCN(CCCC)S(=O)(=O)c1ccc(C(=O)Nc2nnc(COC)o2)cc1,0
CS(=O)(=O)N(Cc1cc2ccccc2[nH]c1=O)C1CCCCC1,0
COC(=O)C(CCSC)NC(=O)Nc1ccc(C)cc1C,0
CC(C)C1C(C#N)=C(N)Oc2n[nH]c(-c3ccccc3)c21,0
Cc1nonc1NC(=O)OCCN1CCOC1=O,0
Cc1nc(SCC(=O)Nc2ccc(C)c(F)c2)c2oc3ccccc3c2n1,0
COc1ccc(-c2noc(-c3ccc(Cl)cc3)n2)cc1,0
Cc1cccc(-c2noc(CCc3ccccc3)n2)c1,0
CCOc1ccccc1-n1c(SCC(=O)NC2CCCC2)nnc1-c1ccoc1C,0
CC1CC(C)CN(S(=O)(=O)c2ccc(C(=O)N3CCN(c4ccccc4)CC3)cc2)C1,0
Cc1occc1-c1nnc(SCC(=O)NC(=O)NC(C)C)n1N,0
COCCn1c(C)cc(C(=O)CSc2ncnc3sc4c(c23)CCC4)c1C,0
CCOC(=O)c1sc(/N=C/N(C)C)c(C(=O)OCC)c1C,0
O=c1cc(CNC2CCCCC2)c2ccccc2[nH]1,0
Cc1ccc2nsnc2c1S(=O)(=O)N(Cc1ccco1)Cc1cc2cccc(C)c2[nH]c1=O,0
CCN1CCN(C(=O)C2c3cc(OC)c(OC)cc3C(=O)N(C)C2c2ccc(SC)cc2)CC1,0
COc1ccc(C2(CNC(=O)CCC(=O)O)CCCC2)cc1,0
CCCn1ncc(C(=O)O)c1C,0
Cc1oc(-c2ccc(F)cc2)cc1-c1nn2c(-c3ccco3)nnc2s1,0
CC(=O)Nc1ccc(S(=O)(=O)N2CCN(c3nc(NC4CCCC4)c4ccccc4n3)CC2)cc1,0
Cc1cc(C)nc(N2CCC(C(=O)Nc3ccc(Oc4ccccc4)cc3)CC2)n1,0
CCN(CC)CCCN1C(=O)c2oc3ccccc3c(=O)c2C1c1cc(OC)ccc1OC,0
COCC(=O)Nc1nc2ccc(S(C)(=O)=O)cc2s1,0
Cc1cccc(NC(=O)CSc2ncnc3c2oc2ccccc23)c1,0
CCOc1ccccc1C1CC(=O)NC2=C1C(=O)CCC2,0
OC(COCc1ccco1)CN1CCN(C(c2ccccc2)c2ccccc2)CC1,0
CC(=O)Nc1cccc(NC(=O)C2CC(=O)N(c3ccc(C)cc3)C2)c1,0
Cc1[nH]nc2c1-c1nc3ccccc3nc1C(C)(C)C2,0
O=C(OC(C(=O)NC1CCCC1)c1ccc(F)cc1)c1ccno1,0
Cc1ccnc(N2C(=O)c3ccccc3C2Nc2ccc3c(c2)OCCO3)c1,0
O=C(Nc1ccc(Cl)cn1)C1CCCN1S(=O)(=O)c1ccccc1,0
C=CCOc1ccc(C(=O)N(Cc2ccc(N(C)C)cc2)C2CCS(=O)(=O)C2)cc1,0
O=C(Nc1nccs1)C12CC3CC(C1)CC(C(=O)Nc1nccs1)(C3)C2,0
CCCNS(=O)(=O)c1ccc(OCC(=O)N2CCC(C(=O)OCC)CC2)cc1,0
CC(=O)Nc1cccc(Oc2ccc(-c3noc(C)n3)cc2)c1,0
COc1ccc(C2NC(=O)NC(C)=C2C(=O)Nc2cc(C)ccc2C)cc1OC,0
COc1cccc(NS(=O)(=O)c2ccc(OC)c(OC)c2)c1,0
CN1CCN(c2nc(-c3cccnc3)nc3ccccc23)CC1,0
Cc1nn(-c2cccc(C(=O)O)c2)c(C)c1Oc1ccccc1O,0
Cc1ccc2nc(C3CCN(C(=O)NCc4ccccc4)CC3)[nH]c2c1,0
CCC(=O)c1ccccc1OCCN1C(=O)NC(C)(C)C1=O,0
COc1ccccc1OCC(=O)N1CCN(c2ccccc2OC)CC1,0
Cc1ccc2c(CC(=O)O)coc2c1,0
Cc1cc2c(=O)n(C)c(SCC(=O)c3cc4ccccc4o3)nc2s1,0
Cc1ccc(C(=O)N(CC(=O)NC2CCCC2)Cc2cccs2)s1,0
CSc1nc(C)c2cc(C)oc2n1,0
Cc1cc(C)n2cc(CSc3nc4cc(Cl)ccc4o3)nc2n1,0
CCCC(=O)Nc1cc(C)c(NC(=O)Cc2ccccc2)cn1,0
COC(=O)C1C(=O)C2=C(CC1C)NC(C)=C(C(=O)OC(C)C)C2c1ccc(OC)c(O)c1,0
O=C(Cc1cccs1)Nc1nnc(-c2ccncc2)s1,0
COc1ccc(C)cc1NC(=O)c1ccc(NC(=O)CC2SC(N3CCCC3)=NC2=O)cc1,0
CCc1ccc(N2CC(C(=O)NCc3ccc4c(c3)OCO4)CC2=O)cc1,0
O=C(CN1C(=O)c2ccccc2S1(=O)=O)Nc1ccc(S(=O)(=O)N2CCCCC2)cc1,0
CC(C)Oc1ccc(C(=O)N2CCCC2C(=O)O)cc1,0
S=c1nc(C2CCCCC2)[nH][nH]1,0
COc1ccc(C2CC(c3cccc(OC)c3)N3NC(N)=NC3=N2)cc1,0
CSC1=NCCN1C(=O)COc1ccc2ccccc2c1,0
COC(=O)c1nc(NC(=O)c2ccc(Cl)cc2)n[nH]1,0
CC1CCCCN1C(=O)Nc1cccc(Cl)c1,0
Cc1cccc(C)c1NC(=O)CSc1nnc(CCCCCNC(=O)OC(C)(C)C)o1,0
O=C(Nc1ccc(NC(=O)C2CC2)cn1)c1ccccc1Cl,0
COc1ccc(CCn2c(=N)c(C(=O)NCc3ccco3)cc3c(=O)n4ccccc4nc32)cc1,0
Cc1n[nH]c(C)c1N1C(=O)c2cccc3c(N4CCCCCC4)ccc(c23)C1=O,0
CCN(CC)CCNC(=O)c1cc2c(=O)n(C)c3ccccc3c2n1C,0
Cc1ccc(OC(=O)NC2CCS(=O)(=O)C2)cc1C,0
Clc1ccc(Cc2nnc(-c3cccs3)o2)cc1,0
CC(=O)Nc1ccc(S(=O)(=O)NCCc2ccccc2)cc1,0
CCSc1nnc(N)s1,0
N#Cc1c(-c2cccs2)cc(-c2ccccn2)nc1N,0
CCCCOCC1CN(c2ccccc2)C(=O)CS1,0
Oc1c(C(Nc2ccccn2)c2ccccn2)ccc2cccnc12,0
Cc1onc(-c2ccccc2Cl)c1C(=O)NCc1ccco1,0
COC(=O)c1[nH]c2ccc(C)cc2c1NC(=O)CN1CCN(c2ccc(F)cc2)CC1,0
CCc1cc2c(=O)c(-c3cscn3)coc2c(CN(C)C)c1O,0
OC(C#Cc1ccccn1)c1cccs1,0
CCS(=O)(=O)NCc1ccc2[nH]c3c(c2c1)CCCC3,0
COc1ccc(OC)c(C(=O)CC2OC(=O)c3ccccc32)c1,0
Cc1ccc2cc3c(NC(=O)CC(C)C)nn(C)c3nc2c1,0
N#Cc1nc(Cc2ccccc2)oc1NCc1ccccc1Cl,0
Cc1ccc(CN(Cc2cc3cc(C)ccc3[nH]c2=O)C(=O)N2CCOCC2)cc1,0
CCN1CCN(C(=O)Nc2ccc(Cc3ccc(NC(=O)N4CCN(CC)CC4)cc3)cc2)CC1,0
Cc1nn(-c2ccccc2)c(C)c1C(=O)OCC(=O)NCc1ccco1,0
CC(O)CNc1nc2ccccc2n1-c1ncnc2sc3c(c12)CCC3,0
Cc1ccc2c(c1)nnn2C1CCN(CC(=O)Nc2ccc3c(c2)OCCO3)CC1,0
CC(C)n1c(-c2cccnc2)nc2cnccc21,0
COCC(C)n1c(C)cc(C(=O)COC(=O)c2oc3ccccc3c2C)c1C,0
Cc1ccc(S(=O)(=O)Cc2csc(N)n2)cc1,0
CCOC(=O)c1ccc(Nc2ncnc3c2cnn3C)cc1,0
CCC(C)(NC(=O)c1ccccn1)C(=O)NC1CCCCC1,0
CCOc1ccc(-n2c(Cc3cc(=O)[nH]c(=O)[nH]3)nnc2SCC)cc1,0
Cc1cc(C(=O)O)c(CSc2ncn[nH]2)o1,0
CCOC(=O)c1cnn(-c2cc(C)c3cc(C)cc(C)c3n2)c1N,0
N#C/C(C(=O)N1CCOCC1)=C1\Nc2ccccc2S1,0
Cc1cc(OCC(=O)Nc2ccc3oc(-c4ccncc4)nc3c2)ccc1Cl,0
O=C(NC1CCCCC1)C1CC(=O)N(c2ccc(Cl)cc2)C1,0
O=C(CCCn1c(=S)[nH]c2cc3c(cc2c1=O)OCO3)N1CCc2ccccc2C1,0
Cc1cc(C)c2c(CN3CCN(C/C=C/c4ccccc4)CC3)cc(=O)oc2c1,0
Cc1[nH]n(-c2ccccc2)c(=O)c1S(=O)(=O)c1ccccc1,0
O=C(Nc1ccc2c(c1)OCO2)C1Cc2ccccc2CN1S(=O)(=O)c1cccs1,0
Cc1ccccc1OCCCC(=O)Nc1ccc2c(c1)OCO2,0
O=C(CC12CC3CC(CC(C3)C1)C2)Nn1cnnc1,0
Cc1csc2nc(CNC(=O)C3CCCCC3)cn12,0
Cc1cc(=O)n2c(ccc3ccccc32)c1C#N,0
O=C(NCCc1ccc(Cl)cc1)C1CCCN(S(=O)(=O)c2cnc[nH]2)C1,0
CC(C)C(OC(=O)c1ccco1)C(=O)NCc1cccs1,0
CC(=O)Nc1nc2c(c3c1c(=O)oc1ccccc13)CCCC2,0
O=C(CSc1nc2ccccc2o1)NCC(=O)c1ccccc1,0
CC(=O)NS(=O)(=O)c1ccc(N)cc1,0
COc1cc(C(=O)Nc2ccc(OCC(=O)O)cc2)cc(OC)c1OC,0
CCCCCCC(=O)Nc1ccc(Cl)cn1,0
CCCOc1cccc(C(=O)Nc2cccnc2)c1,0
CCOc1cc(C(=O)NCCN2CCOCC2)cc(OCC)c1OCC,0
N#Cc1nc(-c2ccco2)oc1N1CCN(Cc2ccccc2)CC1,0
O=C(NCc1ccc2c(c1)OCO2)c1ccc(-c2ccc(Cl)cc2)o1,0
COC(=O)c1sc(NC(C)=O)c(C(=O)OC)c1C,0
O=C(CN1CCCCCC1)OCCNC1=NS(=O)(=O)c2ccccc21,0
COc1ccccc1OCCOc1ccccc1/C=N/n1cnnc1,0
Nc1c(C(=O)OCC2CCCO2)c2nc3ccccc3nc2n1C1CCCC1,0
Cc1ccc2c(c1)c1ncn(CCC3=CCCCC3)c(=O)c1n2C,0
Cc1cccc(Cn2c(SCC(=O)Nc3ccccc3)nc3c2c(=O)[nH]c(=O)n3C)c1,0
COc1ccc(CN(Cc2nc(=O)c3ccccc3[nH]2)C(=O)NC2CCCCC2)cc1,0
c1ccc2nc3[nH]cnc3nc2c1,0
CCOC(=O)CSc1nc(-c2cccs2)nc2c1c(=O)n(C)c(=O)n2C,0
Cc1cc(C)nc(-n2nc(C)c3c(C(F)F)cc(C)nc32)n1,0
O=C(CN1CCN(c2ccc(Cl)cc2)CC1)c1ccc2c(c1)OCO2,0
COCCCn1c(SCC(=O)OC2CCCCC2)nnc1-c1cccs1,0
O=C(CSc1nnc(Cc2ccccc2)n1Cc1ccco1)NC12CC3CC(CC(C3)C1)C2,0
CCCCOc1ccccc1C1C(C(=O)OC)=CN(CC)C=C1C(=O)OC,0
CC(C)(C)NC(=O)CN(C(=O)CS(=O)CC(=O)Nc1ccc(F)cc1)c1ccccc1,0
O=C(Nc1ccccc1N1CCN(C(=O)c2ccccc2)CC1)c1ccc2c(c1)OCO2,0
COCCNC(=O)c1c[nH]c2ccc(OC)cc2c1=O,0
CS(=O)(=O)N1CCc2cc(S(=O)(=O)Nc3ccc4c(c3)OCCO4)ccc21,0
Clc1cccc(CSc2nnc(-c3cccnc3)n2Cc2ccco2)c1,0
CC1(C)CC(=O)C(CC2=C(O)CC(C)(C)CC2=O)=C(O)C1,0
CC(=O)c1ccc(NC(=O)CCc2c(C)nc3ncnn3c2C)cc1,0
Cc1cc(C)n(-c2ccc(C(=O)OCC(=O)c3c(N)n(C)c(=O)n(C)c3=O)cc2)n1,0
O=C(COC(=O)c1cc[n+]([O-])cc1)Nc1ccc2c(c1)OCCO2,0
CC(c1ccccc1)C1C(C#N)=C(N)OC2=C1C(=O)CCC2,0
Cn1c(=O)n(C)c(=O)n(CC(=O)N2CCCCC2)c1=O,0
COc1ccc(C2CC(c3cccc(C)c3)N3NC(N)=NC3=N2)cc1,0
O=C(NCC(=O)N1CCC(N2CCCCC2)CC1)C1CCCCC1,0
N#Cc1c(N)sc2c1CCN(C(=O)OCc1ccccc1)C2,0
CC1CN(C(=O)CN2C(=O)NC(C)(c3ccccc3)C2=O)CC(C)O1,0
CCN(CCCNC(=O)C1CCN(S(=O)(=O)N2CCC3(CC2)OCCO3)CC1)c1ccccc1,0
CCn1c(=O)c2c(cnn2C)c2ccccc21,0
COc1ccc(OC)c2sc(NC(=O)c3ccc(S(=O)(=O)N(C)C)cc3)nc12,0
O=C(NC(C(=O)c1ccccc1)n1ccc(=O)[nH]c1=O)c1ccccc1,0
CCOc1ccc(N(CC(=O)N2CCCC2)S(=O)(=O)c2c(C)noc2C)cc1,0
O=C(Cc1cccs1)Nc1nc2c(s1)CCCC2,0
C/C(=N\O)C1/C(=N/O)CC2C1C2(C)C,0
O=C(Cc1c[nH]c2ccccc12)NCc1ccc2c(c1)OCO2,0
O=C1NC2CCCCC2NC1CC(=O)N1CCN(c2ccccc2)CC1,0
COc1ccc(C2C(C(C)=O)=C(O)C(=O)N2c2nccs2)cc1OC,0
O=C(CSc1nnc(-c2ccccc2)o1)Nn1cnnc1,0
CC(C)(C)c1cc(C(=O)NCc2cccnc2)ccn1,0
COC(=O)C(CCSC)NC(=O)NCCC1=CCCCC1,0
CCOC(=O)C(C(=O)OCC)C(C)C#CCN1CCCCC1,0
O=S(=O)(c1ccc(SCCO)nc1)N1CCCC1,0
COc1ccc(Cn2c(SCC(=O)NCc3ccco3)nc3ccsc3c2=O)cc1,0
Cc1ccc(S(=O)(=O)Nc2ccccc2CNc2c(C)n(C)n(-c3ccccc3)c2=O)cc1,0
C=CCn1c(CC(=O)OC)cs/c1=N\c1ccc(C(C)=O)cc1,0
Cc1cc(C)nc(-n2nc(C)cc2NC(=O)c2cc(=O)c3ccccc3o2)n1,0
CCCOc1ccc(N2C(=O)CC(N3CCC(C(=O)OCC)CC3)C2=O)cc1,0
c1ccc(CNn2nnnc2-c2ccccc2)cc1,0
CCCN(c1ccc(C(C)C)cc1)S(=O)(=O)c1c(C)noc1C,0
Cc1cc2c(cc1C)-c1nnnn1C(C)(C)C2,0
Cc1ccc(-n2nnnc2SCC(=O)Nc2ccc3c(c2)COC3=O)cc1C,0
CCOCCCn1cnc2c(c1=O)c1nc3ccccc3nc1n2-c1ccc(C)cc1,0
Cc1ccc(S(=O)(=O)NCc2ccc(C(=O)NCCCN3CCN(C)CC3)cc2)cc1,0
N#Cc1nc(-c2ccccc2)oc1NCCN1CCCCC1,0
Cc1cnc(NC(=O)c2nc(-c3ccccc3)n(-c3ccccc3)n2)s1,0
Cn1cccc1-c1nc2ccc(NC(=O)c3cccs3)cc2[nH]1,0
Cc1cccc(NC(=O)CSc2nnc(-c3ccc(S(=O)(=O)N4CCCC4)cc3)o2)c1,0
CN1CCN(C(CNS(=O)(=O)c2ccc(Cl)cc2)c2cccnc2)CC1,0
CN(c1ccc(C(=O)NCCSC(C)(C)C)cc1)S(C)(=O)=O,0
COc1ccc(CNc2oc(COc3ccc(Cl)cc3)nc2C#N)cc1,0
Cc1nnc(SCc2nc3ccccc3s2)n1-c1ccccc1,0
Cc1cc2ncn(CC(O)COc3cccc(C(=O)O)c3)c2cc1C,0
Cc1cccc(-n2ncc3c(NCc4ccccc4)ncnc32)c1,0
CC(OC(=O)CCc1nc2ccccc2[nH]c1=O)C(=O)c1ccccc1,0
COC(=O)C1=CN(C)C=C(C(=O)OC)C1c1ccccc1Cl,0
CCc1cccc(NC(=O)CN(C)S(=O)(=O)c2cnc[nH]2)c1,0
Cc1cc(O)c2c(-c3ccccc3)cc(=O)oc2c1,0
COC(=O)NCC(c1cccnc1)N1CCN(c2ccccc2OC)CC1,0
Cc1c(NC(=O)c2ccc(F)cc2)c(=O)n(-c2ccccc2)n1C,0
Cc1ccccc1S(=O)(=O)Cc1ccc(C(=O)N2CCN(C3CCCCC3)CC2)o1,0
OC1C=CSc2nc3ccccc3n21,0
CCOC(=O)C1=C(CS(=O)(=O)c2ccccc2)NC(=O)NC1c1ccccc1,0
COCCNC(=O)c1ccccc1NC(=O)COc1ccccc1,0
CC(C)c1ccc(O)c(CN2CCN(c3ccccc3)CC2)c1,0
CCSc1ccccc1C(=O)Nc1cc(C)on1,0
NC(=O)c1ccc(NC(=O)CCCc2nc(-c3ccccc3Cl)no2)cc1,0
O=C(Cn1nnc(-c2cccs2)n1)N1CCc2ccccc2C1,0
Cc1ccc2nc3c(cc2c1)CC1(C(=O)N(C)C(=O)N(C)C1=O)C1COCCN31,0
CCC(=O)Nc1ccc(S(=O)(=O)Nc2cccnc2)cc1,0
CC(=O)Nc1ccc(S(=O)(=O)N2CCCC2C(=O)O)cc1,0
CC1(C)CC(=O)C(=CNCCN2CCN(C(=O)Cc3ccccc3)CC2)C(=O)C1,0
Cn1c(CN2CCOCC2)nnc1SCC(=O)NC1CCCCC1,0
Cc1ccc(-n2c3c(cc(C(=O)Nc4cccc(C)n4)c2=O)C(=O)CCC3)cc1,0
CCOc1cc(C(=O)N(C)c2ccccc2)cc(OCC)c1OCC,0
CCc1cccc(NC(=O)Nc2cccs2)c1,0
CC(C)COC(=O)c1ccc(NC(=O)C2C3CCC(C3)C2C(=O)O)cc1,0
Cc1cc(C)c2c(N)c(C(=O)Nc3nccs3)sc2n1,0
COc1cc(Cl)c(C)cc1NC(=O)CSc1nnc(-c2cccnc2)n1Cc1ccco1,0
CC(C)C(NC(=O)C1CSCN1C(=O)OC(C)(C)C)C(=O)NCC1CCC(C(=O)O)CC1,0
CCCCCCN/C(O)=C1/C(=O)Nc2ccccc2C1=O,0
Cc1nn(CC(=O)N2CCN(Cc3ccccc3)CC2)c(=O)c2ccccc12,0
O=C1C(=CNCc2ccco2)C(=O)c2ccccc21,0
CCSc1nsc(SCC)c1C(N)=O,0
CN1CCN(C(=O)CN(Cc2ccc(Cl)cc2)S(C)(=O)=O)CC1,0
C1CCN(c2nc(N3CCCC3)nc(N3CCNCC3)n2)C1,0
COc1ccc(NC(=O)CSc2nc3ccccc3c(=O)n2CCC(=O)N2CCCCC2)cc1,0
Cc1cc(=O)nc(N2CCN(C(c3ccccc3)c3ccccc3)CC2)[nH]1,0
CCOC(=O)N1CCC(NC(=O)c2cc3c(-c4cccc(OC)c4)nn(C)c3s2)CC1,0
Cc1ccc(NC(=O)c2cnn(-c3ccccc3)c2NC(=O)c2ccco2)cc1,0
CC(C)C(NC(=O)C1CCCCC1)C(=O)N1CCN(c2ccc(F)cc2)CC1,0
Cc1ccc(-c2nc3ccccc3o2)cc1NC(=O)c1ccc2c(c1)OCO2,0
COC(=O)c1ccc(CSc2nnc3sc4ccccc4n23)o1,0
CCCCN(CCCNC(=O)C1CCN(S(=O)(=O)CC)CC1)c1ccccc1,0
Clc1ccccc1-c1nc(-c2ccccc2)n[nH]1,0
COc1cccc(OCc2nnc(SCC(=O)OC3CCCCC3)n2C)c1,0
COC(=O)CSc1nc(N)c(C#N)c(C(C)C)c1C#N,0
Cc1c2non([O-])c-2c(C)[n+](=O)[n+]1[O-],0
S=C1SCN(Cc2ccccn2)CN1Cc1ccco1,0
Cc1ccoc1C(=O)NCc1occc1C(=O)O,0
Cc1cc(NC(=O)CSc2nnc(-c3cccnc3)n2C)no1,0
COc1cccc(C2/C(=C(/O)c3cnn(-c4ccccc4)c3C)C(=O)C(=O)N2CCN(C)C)c1,0
O=C(Cn1cnc2sc(-c3ccccc3)cc2c1=O)N1CCOCC1,0
N#Cc1nc(-c2ccco2)oc1N1CCC(C(N)=O)CC1,0
Cc1onc(-c2ccccc2Cl)c1C(=O)Nc1cccnc1,0
Cc1cc2c(c(=O)n1CC1CCCO1)C(c1ccc3c(c1)OCO3)C(C#N)=C(N)O2,0
CC(=O)Oc1ccc(NC(=O)C2CCCCC2)c(C(=O)O)c1,0
Cc1ccccc1C(=O)Nc1ccccc1,0
CN(Cc1ccccc1)c1nc2c(c(=O)[nH]c(=O)n2C)n1C,0
Cc1cc(C)c(S(=O)(=O)N(C)CC(=O)NC2CCCC2)c(C)c1,0
COc1ccc(S(=O)(=O)NCC(c2cccnc2)N2CCN(c3ccccc3OC)CC2)cc1C,0
CCOc1ccc2[nH]c(=O)c(CN(Cc3ccccc3)C(=O)N3CCCC3)cc2c1,0
CCOc1cccc(-c2nnc3sc(-c4cccs4)nn23)c1,0
Cn1nnc2cc(C(=O)NC3CCCCC3)ccc21,0
CC(C)CCNC(=O)NC(=O)COC(=O)C1=COCCO1,0
Cc1oc2cc(O)cc(C)c2c(=O)c1-c1cnn(-c2ccccc2)c1,0
CS(=O)(=O)N1CCN(C(=O)c2cc(-c3ccncc3)nc3ccc(Cl)cc23)CC1,0
CCOC(=O)c1c(NS(C)(=O)=O)sc2c1CCC(C)C2,0
COc1ccc(-n2c(C)nc3c(cnn3-c3ccc(C)c(C)c3)c2=O)cc1,0
CCC(C)(C)NC(=O)C1CCN(c2nc(C)cc(C)n2)CC1,0
O=C(Nc1ccc(N2CCCCC2)c(Cl)c1)c1cccnc1,0
CCN(CC)S(=O)(=O)c1ccc(Cl)c(C(=O)Oc2cccnc2)c1,0
O=C1c2ccccc2C(Nc2ccc(Cl)cn2)N1c1cccnc1,0
O=C(Nc1cccc(F)c1)C1C2C=CC3(CN(CCCN4CCOCC4)C(=O)C13)O2,0
Cc1c(C(=O)OC2CCCCC2)sc2nc[nH]c(=O)c12,0
COc1cc(NC(=O)C2CCCC2)c(OC)cc1Cl,0
Cc1cc2cc(CN(Cc3ccco3)C(=O)NCc3ccccc3)c(=O)[nH]c2cc1C,0
O=C(c1ccco1)N1CCN(C(=O)N2c3ccccc3Sc3ccccc32)CC1,0
O=C(Nc1nc2c(ccc3ccccc32)s1)c1ccco1,0
CC1(C)CC(N(Cc2cccs2)C(=O)c2ccco2)CCO1,0
CCN(CC)CCN1C(=O)C(=O)/C(=C(/O)c2c(C)[nH]c(C(=O)OC)c2C)C1c1ccccc1,0
C=CCn1c(=O)/c(=C/c2ccc(C)o2)s/c1=C(\C#N)C(=O)c1ccccc1,0
N#Cc1nc(-c2ccccc2Cl)oc1N1CCOCC1,0
Cn1c(C(=O)N(Cc2ccccc2)Cc2cccs2)cc2sccc21,0
O=C(Nc1cccc(Cl)c1)c1ccc2c(=O)n3c(nc2c1)CCCCC3,0
CCOC(=O)C1CCCN(C(=O)CN2C(=O)C(CC)Oc3ccc(C)cc32)C1,0
COc1ccccc1CNC(=O)C1CCN(S(=O)(=O)c2cccc3cccnc23)CC1,0
COCCC(=O)N(Cc1ccc2c(c1)OCO2)C(C(=O)NC1CCCCC1)c1ccncc1,0
C=CCN(CC=C)c1nc2ccccc2nc1C(C#N)C(=O)OCCOC,0
Cn1c(=O)c2c(nc(Oc3ccc4c(c3)OCO4)n2Cc2ccc(F)cc2)n(C)c1=O,0
COc1cc2ccccc2cc1C(=O)OCC(=O)N1CCOCC1,0
Cc1ccc(S(=O)(=O)Cn2nnnc2C(c2ccc(F)cc2)N2CCCCC2)cc1,0
CCOC(=O)c1ccc2[nH]c(C)c(CN3CCN(C)CC3)c(=O)c2c1,0
CC(C)OC(=O)c1ccc(OC(=O)c2cccnc2)cc1,0
Cn1c(CNc2nc3ccccc3n2C)nc2ccccc21,0
CCOC(=O)C1CCN(C(=O)NC23CC4CC(CC(C4)C2)C3)CC1,0
CCCCn1c(O)c(C(=O)Nc2ccccc2S(N)(=O)=O)c(=O)c2ccccc21,0
CCOC(=O)C(Oc1ccc(=O)n(-c2ccccc2)n1)C(C)=O,0
CCOc1ccccc1N1CCN(C(=O)Nc2ccc(F)c(Cl)c2)CC1,0
CCN1CCN(c2oc(-c3ccc(OC)cc3)nc2C#N)CC1,0
O=C(NC1CCN(C(=O)Nc2cccc(F)c2)CC1)C1CCCCC1,0
CC(=O)NC(Cc1ccccc1)C(=O)NC1CCN(C(=O)NC2CCCCC2)CC1,0
O=C(NC1CC1)C1CCCN1S(=O)(=O)c1ccc2ccccc2c1,0
COc1cc(C2CC(=O)NC(SCC(=O)Nc3ccccc3C)=C2C#N)ccc1O,0
O=C(Nc1ccc(S(=O)(=O)NCc2ccco2)cc1)c1ccc2ccccc2n1,0
CCOC(=O)Cn1c(=O)oc2cc(S(=O)(=O)Nc3c(C)cc(C)cc3C)ccc21,0
CCCN(CCC)CCNC(=O)C(NS(=O)(=O)c1ccc2c(c1)CCC(=O)N2)c1ccccc1,0
CC1CN(c2nc3ccccn3c(=O)c2/C=C(\C#N)S(=O)(=O)c2ccccc2)CC(C)O1,0
N#Cc1ccccc1NC(=O)CSc1nnc(-c2ccccc2)n1-c1ccccc1,0
Cc1cnc(C(=O)OCC(=O)Nc2cccc(Cl)c2)cn1,0
O=c1nc(N2CCOCC2)ccn1-c1nc(-c2ccccc2)oc1-c1ccccc1,0
Cc1csc(=O)n1CCC(=O)O,0
CCCCC(CCC(=O)Nc1ccc(C(=O)OCC)cc1)C(=O)O,0
CN(CC(=O)Nc1ccc(C#N)cc1)Cc1ccc(Cl)cc1,0
CC(=O)Nc1ccc(S(=O)(=O)NC(C(=O)O)C2=CCC=CC2)cc1,0
COc1ccccc1NC=C1C(=O)N(C)C(=O)N(C)C1=O,0
Cc1ccc(C)c2[nH]c(=O)c(CCNC(=O)C(C)C)cc12,0
CC(C)(C)c1[nH]nc2c1C(c1ccc(OC(=O)c3ccco3)cc1)C(C#N)=C(N)O2,0
CCc1ccccc1NC(=O)N1C2CCCC1CC(NC(C)=O)C2,0
CC1(C)CC(=O)C=C(NCC2CCCO2)C1,0
Nc1cc(C(=O)O)ccc1Nc1ccccc1,0
CC1(C)Cc2ccccc2-c2nc3ccccc3c(=O)n21,0
CCc1nn2c(N3CCOCC3)cc(C)nc2c1-c1ccc(F)cc1,0
Cc1onc(-c2ccccc2Cl)c1C(=O)OCN1C(=O)c2ccccc2C1=O,0
CC1CCCCC1NC(=O)CSc1nnc(-c2ccccc2)n1N,0
O=c1[nH]c2ccsc2c(=O)n1-c1ccc(F)c(Cl)c1,0
Cc1csc(SCC(=O)NC(=O)NCc2ccccc2)n1,0
CCC1(CC)NC(=O)N(CC(=O)c2ccc(Cl)s2)C1=O,0
Fc1ccccc1OCCCN1CCOCC1,0
Cc1onc(-c2ccccc2)c1C(=O)Nc1ccc(S(=O)(=O)NC2=NCCCCC2)cc1,0
CC(C)(C)OC(=O)N1CCC(C(=O)NC(Cc2ccccc2)C(=O)O)CC1,0
COC(=O)c1cc(OC)c(OC)cc1NC(=O)Nc1ccc(OC)cc1OC,0
CCc1nnc(NC(=O)CSc2nnc(COc3ccc(C)cc3)n2-c2ccccc2)s1,0
COc1ccc(Cl)cc1N1CC(C(=O)Nc2nccs2)CC1=O,0
CCOC(=O)CNC(=O)CSc1nnc(-c2cccc(OC)c2)n1CC,0
COCc1nc2ccccc2n1CCOc1ccccc1OC,0
COc1cc(C2C3CCCCC3(O)CCN2Cc2ccccc2F)ccc1O,0
CCCCCCn1c(N2CCN(c3cccc(Cl)c3)CC2)nc2c1c(=O)[nH]c(=O)n2C,0
COc1ccc2cc(CN(Cc3cccnc3)S(=O)(=O)c3ccccc3)c(=O)[nH]c2c1,0
Nc1nc(CN2CCN(Cc3ccccc3)CC2)nc(Nc2ccc3c(c2)OCCO3)n1,0
O=C(c1cccs1)N(Cc1nc2sc3c(c2c(=O)[nH]1)CCCC3)C1CCCC1,0
CCc1nnc(NC(=O)C2CC(=O)N(CCc3ccccc3)C2)s1,0
CCOC(=O)C(C)Sc1nc(-c2ccc(OC)cc2)nc2c1c(=O)n(C)c(=O)n2C,0
Cc1cc(N2C(=O)CC(N3CCN(C(c4ccccc4)c4ccccc4)CC3)C2=O)no1,0
CC1(C)Cc2c(C#N)c(SCC(=O)c3ccccc3)nc(N3CCOCC3)c2CS1,0
Cc1[nH]nc(NC=C2C(=O)CC(C)(C)CC2=O)c1-c1ccc(Cl)cc1,0
CCC(=O)N(Cc1cccs1)C1CCOC(C)(C)C1,0
COC(=O)c1c(NC(=O)CN2CCN(c3ccccc3OC)CC2)c2c(C)cccc2n1C,0
O=C(NC1CCCC1)C(c1ccccc1F)N(C(=O)c1ccco1)C1CCCC1,0
Cn1c(SCC(=O)N2CCc3ccccc32)nc2cccnc21,0
N#Cc1cnn(-c2nc(SCc3ccccc3)nc3sc4c(c23)CCCC4)c1N,0
CCCN(Cc1cc2cc(OC)ccc2[nH]c1=O)C(=O)c1ccncc1,0
COC(=O)c1sc2ccccc2c1NC(=O)c1cccs1,0
COc1ccccc1-c1nc(-c2cccc(C)c2)no1,0
CCOC(=O)c1ccc(NC(=O)CSc2nnc(COc3ccccc3OC)n2CC)cc1,0
Cc1noc(C)c1CSc1ccccc1C(=O)Nc1nccs1,0
Cc1cc(NC(=O)c2cc(S(=O)(=O)N3CCCCC3)ccc2C)n(-c2ccccn2)n1,0
CCOC(=O)c1ccc(NC=C2C(=O)CC(C)(C)CC2=O)cc1,0
CCOc1ccc(C2C(C(=O)c3ccco3)=C(O)C(=O)N2Cc2cccnc2)cc1,0
COc1ccccc1CNc1ncnc2c1nnn2Cc1ccccc1,0
CCC(C)c1ccc(O)c(NC(=O)c2cccnc2)c1,0
Cc1ccc(C)c(N2CCN(C(=O)COc3cc(=O)n(C)c4ccccc34)CC2)c1,0
O=C(CN1CCN(Cc2ccccc2)C1=O)NCc1ccc(Cl)cc1,0
CN(C)c1ccc(NC(=O)Nc2ccc3snnc3c2)cc1,0
Cc1ccc(C(=O)C2CCN(CC(=O)Nc3ccc4c(c3)OCCO4)CC2)cc1,0
O=C(CCN1C(=O)c2ccccc2C1=O)Nc1ccc(-c2cn3ccsc3n2)cc1,0
CCOC(=O)C1CCN(c2c(NCCCN3CCN(Cc4ccccc4)CC3)c(=O)c2=O)CC1,0
Fc1ccc(CNc2ncnc3c2cnn3-c2ccccc2)cc1,0
CCc1cccc(NC(=O)c2ccc(NS(=O)(=O)c3c(C)noc3C)cc2)c1,0
CSc1nnc(-c2ccc(S(=O)(=O)N3CCOCC3)cc2)n1CC1CCCO1,0
Cc1cccc(-c2nnc(SCc3cc(=O)[nH]c4ccccc34)n2C)c1,0
CN1C(=O)N(C)C2(c3ccccc3)Nn3c(s/c(=C\c4ccco4)c3=O)=NC12c1ccccc1,0
Cc1ccc(NC(=O)C2CCCN(S(=O)(=O)c3cnc[nH]3)C2)cc1F,0
CCN(CC)S(=O)(=O)c1ccc(C2CNC(=O)C2)cc1,0
CCOC(=O)C1CCN(C(=O)CCc2nc3ccccc3[nH]2)CC1,0
O=C(CC1Oc2ccccc2NC1=O)NCCCN1CCCC1=O,0
COC(=O)c1ccc(Oc2nc(NC(C)C)nc(N(C)C)n2)cc1,0
COc1ccc(Cn2nnnc2CN(Cc2cc3cccc(C)c3[nH]c2=O)C2CCCC2)cc1,0
COC(=O)c1ccccc1NC(=O)COC(C)=O,0
CCN(CC)C(=O)CN1C(=O)C2CC=C(Cl)CC2C1=O,0
CCOC(=O)COc1nc(Nc2ccccc2C)nc(N(C)C)n1,0
O=C(Nc1cccc2ncccc12)c1cc2ccccc2o1,0
COCc1cc(=O)nc(Nc2nc(C)c3ccc(C)cc3n2)[nH]1,0
COC(=O)C1=C(C)N=C2SCCC(=O)N2C1c1cccs1,0
Cc1cc(C)n(C(=O)CCC2COc3ccccc3O2)n1,0
CCOC(=O)C(C)Sc1nc2ccccc2c(=O)n1CC,0
O=S(=O)(c1cccs1)n1nnc2ccccc21,0
CC(=O)N1CCN(CCNC=C2C(=O)CC(c3ccc(Cl)cc3)CC2=O)CC1,0
O=C(Nc1ccccc1)c1cnc[nH]1,0
O=C1C(=O)N(CCN2CCOCC2)C(c2ccccn2)/C1=C(/O)c1ccccc1,0
Cc1ccc2c(c1)CC1(CN2C)C(=O)NC(=O)N(c2ccc(C)c(C)c2)C1=O,0
CN(C)c1nc(NCc2ccccc2)nc(Oc2ccc(=O)[nH]n2)n1,0
CN(C)c1nc(N)nc(-c2nc3ccccc3s2)n1,0
Cc1ccc(Nc2nc(C3CC3)cs2)cc1,0
O=S(=O)(c1ccc(OCC(O)CN2CCc3ccccc3C2)cc1)N1CCOCC1,0
CCOCCn1c(SCc2ccc(F)cc2)nc2c1c(=O)[nH]c(=O)n2C,0
O=S(=O)(c1ccccc1S(=O)(=O)N1CCCCC1)N1CCCCC1,0
C=CCSc1nnc2n(-c3ccccc3OC)c(=O)c3c4c(sc3n12)CCC4,0
COc1ccc(N(C(C)=O)S(=O)(=O)c2cc(OC)ccc2OC)cc1,0
CCOc1cc(NC(=O)c2ccco2)c(OCC)cc1NC(=O)CCc1ccccc1OC,0
CCOC(=O)c1cccc(NC(=O)CNS(=O)(=O)c2cccs2)c1,0
CCn1c2ccccc2c2cc(NC(=O)COC(=O)C3CCC(=O)N3)ccc21,0
CC(OC(=O)CNC(=O)C12CC3CC(CC(C3)C1)C2)C(=O)Nc1ccc(N2CCOCC2)cc1,0
CCOc1nc(-c2ccccc2)ccc1-c1noc(COC)n1,0
CCc1ccc(Cn2nnc(C(=O)Nc3ccc(OC)cc3OC)c2N)cc1,0
Cc1ccc(OCCSc2nnc(-c3ccncc3)n2C)cc1,0
CSc1cccc(-n2cc(-c3ccc4c(c3)OCO4)[nH]c2=O)c1,0
Cn1/c(=N/C(=O)c2cnccn2)sc2ccccc21,0
COCCCn1c(SCC(=O)NC2CCCCC2)nnc1-c1ccncc1,0
COc1ccc(N2C(C)=CS/C2=C(/C#N)c2nnc(N3CCOCC3)n2-c2ccccc2)cc1,0
CC(C)Cc1nc(=O)[nH][nH]1,0
CCn1c(SCC(=O)NCc2cccs2)nnc1-c1ccco1,0
CCOC(=O)CSC1=C(C#N)C(=O)NC(c2ccc(OC)c(OC)c2)S1,0
O=C(O)Cn1c(SCCOc2ccccc2)nc2ccccc21,0
N#Cc1c(N)nc(SC2CCCCC2=O)c(C#N)c1-c1ccco1,0
O=S(=O)(c1ccccc1)n1ccc2ccccc21,0
O=C(NCc1csc(-c2ccccc2)n1)c1ccco1,0
O=C1C2C3C=CC(C3)C2C(=O)N1c1ccc(-c2nc3ccccc3o2)cc1,0
CCOC(=O)CC(=O)CSc1nc(N)c(C#N)c(-c2ccc(Cl)cc2)c1C#N,0
COC(=O)C1=C(C)NC(C)=C(C(=O)OC)C1c1ccccn1,0
O=C(O)c1ccc(NC(=O)c2cccs2)cc1,0
c1ccc(Cn2c(SCc3cn4cccnc4n3)nnc2-c2ccco2)cc1,0
COc1ccc(-c2nn3c(COc4ccccc4)nnc3s2)cc1OC,0
O=C1CC(C(=O)Nc2nccs2)C(c2ccccc2)O1,0
CC1CN(C(=O)CSc2nnc(-c3ccncc3)n2-c2ccccc2)CC(C)O1,0
CCOC(=O)CNC(=O)Cn1cnc2c(nnn2-c2ccc(F)cc2)c1=O,0
CCc1c(C)c2ccc(O)c(CN(C)C)c2oc1=O,0
Cn1c(SCC(N)=O)nnc1C1CCN(C(=O)NCc2ccccc2)CC1,0
CCOc1ccc(-n2nnnc2SCC(=O)c2ccccc2)cc1,0
CCc1c(C)nc2ncnn2c1NCCc1ccc(OC)c(OC)c1,0
Cc1cc(C)n(CC(O)COCc2ccccc2)n1,0
O=C(c1ccco1)N1CCN(C(=O)c2sccc2-c2ccccc2)CC1,0
CC(=O)Nc1ccc(S(=O)(=O)N2CCC(NC(=O)c3ccco3)CC2)cc1,0
Cn1c(=O)cc(SCC(=O)N2CCN(C3CCCCC3)CC2)c2ccccc21,0
COC(=O)C1=C(CSc2nc3ccccc3o2)NC(=O)NC1c1cc(C)ccc1C,0
Cc1ccc(S(=O)(=O)NC2=NCN(C3CCCCC3)CN2)cc1,0
COc1ccc(Oc2coc3c(CN(C)C)c(O)ccc3c2=O)cc1,0
Cc1ccc(S(=O)(=O)/C(C#N)=C/c2c(N3CCN(C)CC3)nc3c(C)cccn3c2=O)cc1,0
COc1ccc(CSc2nnc(N)s2)cc1F,0
COc1ccc(C)cc1NC(=O)CN(Cc1nnc(-c2ccc(Cl)cc2)o1)C1CCCC1,0
CC(=O)c1cccc(NC(=O)CN(c2ccccc2)S(C)(=O)=O)c1,0
CC(NS(=O)(=O)c1ccccc1)C(c1cccs1)N1CCN(C)CC1,0
N#Cc1c(NC(=O)Cn2c(=O)oc3ccccc32)oc(-c2ccccc2)c1-c1ccccc1,0
Cn1c(=O)cc(SCC(=O)NCc2cccnc2)c2ccccc21,0
Cc1cc(C)c(C(N)=O)c(Nc2cccc(Cl)c2C)n1,0
O=C(COC(=O)c1c2c(nc3ccccc13)CCCC2)Nc1ccc2c(c1)OCO2,0
CCCS(=O)(=O)NCc1ccc2c(c1)cc(C)n2C,0
COC(=O)c1c(NC(=O)CCc2ccc(C)o2)sc(C)c1C,0
Cc1cc(C(=O)NC2=NCCS2)cs1,0
CCN(CC)C(=O)c1sc2nc(-c3cccs3)cc(-c3cccs3)c2c1N,0
CC(C)CC(c1nnnn1C(C)C)N1CCN(c2cccc(Cl)c2)CC1,0
COc1ccc2[nH]c(=O)c(CN(Cc3ccco3)Cc3nnnn3Cc3ccccc3)cc2c1,0
Cc1nc2ccc(S(=O)(=O)NC(C(=O)N3CCCCCC3)C(C)C)cc2s1,0
Cc1ccccc1OCCNC(=O)CNC(=O)c1ccccc1O,0
NC(=O)CSc1nnc(-c2ccc(S(=O)(=O)N3CCCC3)cc2)n1CC1CCCO1,0
COc1ccc(C2(O)CC3CCC(C2)N3c2nc(C)cc(C)c2C#N)cc1,0
CCC(=O)Nc1nnc(-c2ccc(OC)cc2)o1,0
Cc1ccc(S(=O)(=O)CC(c2ccccc2)N2CCOCC2)cc1,0
O=C(CSc1nnc(-c2ccccc2)c(-c2ccccc2)n1)N1CCOCC1,0
COc1ccc(Cl)cc1NC(=O)CSc1nnc(-c2ccncc2)n1CC1CCCO1,0
COCCNC(=O)c1nn(-c2cc(OC)cc(OC)c2)c(=O)c2ccccc12,0
O=C(O)CCCNS(=O)(=O)c1ccc2ccccc2c1,0
CCn1c(SC(=O)NC2CCCCC2)nnc1-c1cccs1,0
Cc1cccc(NC(=O)CSc2n[nH]c(-c3ccncc3)n2)c1,0
O=C(NCc1ccc(F)cc1)c1cc(-c2ccco2)on1,0
COc1ccc(C(=O)N/C(N)=N/c2nc3ccccc3o2)cc1,0
O=C(Nc1ccc(F)cc1)N1CCN(C/C=C/c2ccccc2)CC1,0
CC1(C)Cc2c(sc3c2c(=O)n(Cc2ccccc2)c2nncn32)CO1,0
COC(=O)CSc1nnc(-c2ccco2)n1-c1ccc(C)cc1,0
CCCCn1nnnc1SCC(=O)c1ccc(C)c(C)c1,0
COc1ccccc1CNC(=O)C1COc2ccccc2O1,0
Cc1cc(C(=O)N2CCN(C/C=C/c3ccccc3)CC2)cs1,0
CCC(C)NC(=O)c1cnc2n(c1=O)CCS2,0
Cn1c(=O)[nH]c(=O)c2c1nc(N1CCOCC1)n2CC(O)COc1ccccc1,0
Cc1cccc(Nc2nc(N)nc(CN3CCN(Cc4ccc5c(c4)OCO5)CC3)n2)c1,0
CCOC(=O)c1[nH]c(C)c(CN(CCc2ccccc2)S(C)(=O)=O)c1C,0
Cc1ccc2cc3cc(C(=O)N4CC(C)CC(C)C4)oc3nc2c1,0
O=C(NCCCN1CCOCC1)C1(c2ccccc2)CCCC1,0
CC(=O)c1ccc(NC(=O)CSC2=C(C#N)C(c3ccco3)C3=C(CCCC3=O)N2)cc1,0
Cc1ccc(NC(=O)N2CCC(C(=O)NCc3ccccc3)CC2)cc1,0
COCCNC(=O)Cn1cnc2sc(C)c(S(=O)(=O)N3CCC(C)CC3)c2c1=O,0
COc1ccc2[nH]c(=O)c(CN(C(=O)NC3CCCCC3)C3CCCC3)cc2c1,0
CC1(C)CC(=O)N(CC(=O)NCc2ccc(F)cc2)c2ccccc2S1(=O)=O,0
COc1cc(-c2c(C#N)c(N)nc3c2CCCC3)cc(OC)c1OC,0
CCOc1ccccc1-n1c(SCC(=O)N(CC)CC)nnc1-c1ccccn1,0
CC12CCC(C(=O)NCc3ccc4c(c3)OCO4)(CC1=O)C2(C)C,0
Cc1cccc(C)c1NC(=O)CSc1nnc(-c2ccncc2)n1Cc1ccco1,0
COc1ccc(N(Cc2cc3cc(OC)ccc3[nH]c2=O)C(=O)c2cccnc2)cc1,0
CCc1ccccc1NC(=O)c1cc2sccc2n1C,0
Cc1ccc2c(c1)nnn2C1CCN(C(=O)NC23CC4CC(CC(C4)C2)C3)CC1,0
Cn1c(N2CCN(C(=O)NCc3ccccc3)CC2)nc2ccccc21,0
CCN(CC)/C(=N/C(=O)NS(=O)(=O)c1ccc(C)cc1)NO,0
CCCOC(=O)CSC1=C(C#N)C(c2ccc3c(c2)OCO3)CC(=O)N1,0
Cc1cccc(N(C(=O)Nc2ccccc2)C2=NCC(C)S2)c1,0
O=c1c2ccccc2nc(COc2ccccc2)n1/N=C/c1ccco1,0
O=C(Nc1ccc2c(c1)OCO2)c1cccs1,0
O=c1nc(SCc2ccccc2Cl)nc2n(-c3ccccc3)[nH]cc1-2,0
CCn1c(SCC(=O)c2cccs2)nnc1-c1ccco1,0
O=C1OC(Nc2ccc3c(c2)OCO3)c2ccccc21,0
N#Cc1nc(-c2ccc(OCc3ccccc3)cc2)oc1NCCN1CCOCC1,0
COc1ccc(C2SCC(=O)N2c2c(C)n(C)n(-c3ccccc3)c2=O)cc1,0
CCn1nnnc1SCC(=O)Nc1ccc(OCc2ccccc2)cc1,0
CCOC(=O)c1sc(NC(=O)CSc2nnnn2-c2ccccc2)c(C(=O)OCC)c1C,0
C/C(=N\O)c1ccc(N2C(=O)C3CC=C(Cl)CC3C2=O)cc1,0
O=C(CCc1nc(-c2ccccc2F)no1)NC1CCN(Cc2ccccc2)CC1,0
O=C(NCCc1ccccc1)c1nc2n(Cc3ccccc3Cl)[nH]nc-2c(=O)n1,0
CC1(C)Oc2ccc3ccc(=O)oc3c2/C(=C/Nc2ccccn2)C1=O,0
COc1cccc2cc(C(=O)n3ccc(C)n3)c(=O)oc12,0
O=C(CCCCCN1C(=O)c2ccccc2C1=O)NCc1ccccn1,0
COc1cc(C(c2sc3nc(C)nn3c2O)N2CC(C)CC(C)C2)cc(OC)c1OC,0
CCOC(=O)C1CCN(S(=O)(=O)c2cccc(-c3cn4cccc(C)c4n3)c2)CC1,0
CC(C)(C)C(=O)COC(=O)c1ccc(O)cc1,0
C=CCn1c(SCC(=O)Nc2ccc3c(c2)OCO3)nc2ccccc2c1=O,0
Cc1ccc(C)n1CCN1CCN(C(=O)c2ccco2)CC1,0
COc1ccc(OC)c2c(C)cc(NCCN3CCOCC3)nc12,0
Clc1ccc(C(c2nnnn2C2CCCC2)N2CCSCC2)cc1,0
CC1CCCCC1NC(=O)Cn1ncc2ccccc21,0
COc1ccc(NC(=O)C2CCCN(S(=O)(=O)c3c(C)n[nH]c3C)C2)c(OC)c1,0
CC(C)(C)NC(=O)C(Cc1ccccc1)NS(=O)(=O)c1ccc2c(c1)CCC(=O)N2,0
C=CC/N=C(\NC#N)SCCc1ccccc1,0
O=C(O)c1ccccc1S(=O)(=O)c1ccccc1CO,0
Cc1ccccc1N1CCN(Cc2c(C#N)c3ccccc3n2C)CC1,0
O=C1CC(c2ccco2)Cc2nc(N3CCc4ccccc4C3)ncc21,0
Cn1c(SCC(=O)NCc2ccco2)nnc1-c1cccs1,0
COc1ccc(CN2C(=O)c3ccccc3C2C(=O)NCc2cccnc2)c(OC)c1,0
CCN(CC)c1ccc(C2C(C(=O)OCCOC(C)C)=C(C)NC3=C2C(=O)CCC3)cc1,0
Cc1cc(NC(=O)c2ccc(COc3ccc(Cl)c(C)c3)o2)no1,0
CN1C(=O)c2ccc(N3CCCC3)cc2C1=O,0
CCOc1ccc(-n2cnnn2)cc1S(=O)(=O)NCCc1ccc(OC)c(OC)c1,0
CN1C(=O)N(C)C(=O)C(CCc2ccncc2)(Cc2ccc3c(c2)OCO3)C1=O,0
COc1cc(C)nc(N2CCC(C(=O)NC3CCCCC3)CC2)n1,0
CC1(C)CC(=O)c2sc(NC(=O)CN3C(=O)CCC3=O)nc2C1,0
CCCCOC(=O)n1ccc(C(=O)Nc2ccccc2OC)n1,0
COC(=O)c1c(NC(=O)COC(=O)Cn2cnc3ccccc32)sc(C)c1C,0
O=C1CC(NCc2ccncc2)C(=O)N1c1ccccc1,0
O=C(COc1ccc2c(c1)OCO2)NC12CC3CC(CC(C3)C1)C2,0
CC(C)N1C(=O)CCC1C(=O)NCCc1ccccc1,0
COc1ccc(NC(=O)c2oc3ccccc3c2NC(=O)c2ccco2)c(OC)c1,0
Cc1ccc2oc(=O)c3cnn(CC(=O)NC4CCN(Cc5ccccc5)CC4)c3c2c1,0
O=C(/C=C/Nc1ccc(F)c(Cl)c1)c1ccco1,0
CCNS(=O)(=O)c1c(C)cc(N2CCCC2=O)cc1C,0
O=C(Cc1n[nH]c(=O)c2ccccc12)Nc1cccc(-c2nnc3n2CCCCC3)c1,0
Cn1cc(C(=O)c2ccccc2)cc1-c1nc2ccccc2n1C,0
COc1nc(OC)nc(N2CCC(NC(=O)C(Cc3ccc(C(C)C)cc3)NC(C)=O)CC2)n1,0
COc1ccc(N2CSC3=C(C#N)C(c4cccc(OC)c4OC)CC(=O)N3C2)cc1,0
NC(=O)c1ccccc1OCCOCCOCCOc1ccccc1C(N)=O,0
Nc1c(C(=O)NCC2CCCO2)c2nc3ccccc3nc2n1-c1ccccc1,0
O=C(CCn1c(=S)[nH]c2cc3c(cc2c1=O)OCO3)NCCN1CCCC1,0
CC(=O)c1cccc(OCC(=O)c2cc(C)n(-c3cc(C)on3)c2C)c1,0
O=C1CC(c2nc3ccccc3[nH]2)CN1Cc1ccccc1,0
CCCN1CCN(C(=O)C2CCN(S(=O)(=O)c3ccc4c(c3)oc(=O)n4C)CC2)CC1,0
O=C(CN(C(=O)CSc1nnc(COc2ccccc2)o1)c1ccc(F)cc1)NC1CCCCC1,0
COc1ccccc1NS(=O)(=O)c1ccc(C)c(C(=O)NCC2CCCO2)c1,0
CC(=O)c1cccc(S(=O)(=O)NCC(c2ccco2)N2CCCCC2)c1,0
COC(=O)c1ccc2c(=O)n(CCC3=CCCCC3)c(SCC(=O)N3CCCC3)nc2c1,0
Cc1cccc(CCNC(=O)CCc2nc(-c3ccccc3F)no2)c1,0
COc1cc2c(cc1OC)CN(Cc1cc(=O)n3cc(C)ccc3n1)CC2,0
N#Cc1cn(CC(=O)NCC2CCCO2)c2ccccc12,0
O=C(N1CCCCCC1)N1CCN(C(=O)N2CCCCC2)CC1,0
CC(C)Sc1nnc(C(C)NC(=O)OC(C)(C)C)o1,0
CCC(C)(C)n1nnnc1CN(Cc1ccc(Cl)cc1)Cc1ccco1,0
CCOC(=O)C1CCN(S(=O)(=O)c2cnc[nH]2)CC1,0
COc1cccc(OCC(=O)N2CCN(C)CC2)c1,0
CCCCN(CC)CCCNC(=O)CS(=O)(=O)Cc1nc(-c2cccc(OC)c2)oc1C,0
N#Cc1ccccc1Cn1c(=O)n(CCCC(=O)NCc2ccc3c(c2)OCO3)c(=O)c2ccccc21,0
O=C1CCCc2nc(N3CCc4ccccc43)ncc21,0
Cc1ccc(C)n1-c1ccc(-n2cnnn2)cc1,0
Cc1cccc(OCCCCCn2ccnc2)c1C,0
CCOc1cc(C(=O)Nc2ccon2)cc(OCC)c1OCC,0
CC(=O)NC12CC3CC(C)(C1)CC(NC(C)=O)(C3)C2,0
CCOC(=O)N1CCC(NC(=O)c2cc3c(-c4ccc(OC)c(OC)c4)nn(C)c3s2)CC1,0
Clc1ccc(-n2ncc3c(N4CCCCCC4)ncnc32)cc1,1
c1csc(C(c2nnnn2C2CCCC2)N2CCOCC2)c1,0
CC(C)Cn1c(N)c(C(=O)COC(=O)c2ccc3ccccc3n2)c(=O)n(C)c1=O,0
COc1cccc(C2=NOC3C(=O)N(Cc4ccccc4)C(=O)C23)c1OC,0
CCCCOC(=O)NCN1C(=O)C2C3C=CC(C3)C2C1=O,0
COc1ccc(C2(O)CC3CCC(C2)N3c2cc(C)nc(-c3ccccc3)n2)cc1,0
c1ccc(-c2csc(N3CCCCCC3)n2)cc1,0
CCCc1cc(C(=O)NC2CCCCC2)no1,0
O=C(CCCSc1nc2ccccc2[nH]1)Nc1nnc(-c2ccccc2)o1,0
CSc1cccc(NS(=O)(=O)c2ccccc2)c1,0
Cc1cccc(NC(=O)c2c(C)nc3ccccn23)n1,0
Cc1ccc(S(=O)(=O)CCC(=O)Nc2ccc3c(c2)OCO3)cc1,0
Cc1ccc(S(=O)(=O)N2CC3(C)CN(S(=O)(=O)c4ccc(C)cc4)CC(C)(C2)C3O)cc1,0
O=C(CN1C(=O)C2C3C=CC(C3)C2C1=O)Nc1nc(SCc2ccc(Cl)cc2)n[nH]1,0
Cc1ccc2occ(C(c3nnnn3Cc3ccccc3)N3CCOCC3)c(=O)c2c1,0
CC1CCCc2sc3nc(N4CCN(CCO)CC4)n4ncnc4c3c21,0
COc1ccc(CC(=O)Nc2nc3ccccc3s2)cc1S(=O)(=O)N1CCOCC1,0
O=C(NCc1ccc2c(c1)OCO2)C1CCN(c2ncccn2)CC1,0
O=C(CNC(=O)Cn1ccc2ccccc2c1=O)NCCCN1CCN(c2cccc(Cl)c2)CC1,0
CCOC(=O)Cn1cnc2c(nnn2-c2ccc(C)cc2)c1=O,0
CC(C)OC(=O)CN1CCN(C2c3ccccc3-c3ccccc32)CC1,0
COc1cccc(N2C(=O)C3CC=C(Cl)CC3C2=O)c1,0
CN(Cc1nc(-c2ccccn2)no1)S(=O)(=O)c1ccc(Cl)cc1,0
CCNC(=O)COc1ccc2ccccc2c1,0
CCN(CC)S(=O)(=O)c1ccc(Cl)c(C(=O)NC2CCCC2)c1,0
Cc1nc(N2CCN(Cc3ccccc3)CC2)nc2c1C(=O)CC(C)C2,0
COCCn1cc(C(=O)NCc2cccs2)c2c3ccccc3n(C)c2c1=O,0
COc1cccc(N2CCN(c3ncccn3)CC2)c1,0
Cc1cc(NC(=O)Cn2cnc3sc(C)c(-c4ccccc4)c3c2=O)no1,0
COCCn1c(SCC(=O)OC(C)C)nnc1-c1ccccc1,0
COc1cc(NC(=O)Cc2ccccc2OC)cc(OC)c1,0
CCSc1nc(-c2ccco2)ccc1C#N,0
CN(C)S(=O)(=O)N1CCN(CC(=O)Nc2cc(Cl)ccc2Cl)CC1,0
Cc1cc2c(s1)c1cnn(CC(=O)NCCc3ccccc3)c(=O)c1n2C,0
COc1cccc(C(=O)N(CN2CCCC2=O)c2cccc(Cl)c2)c1,0
Cc1ccc(C)c(N2CCN(S(=O)(=O)c3ccc4[nH]c(=O)c(=O)[nH]c4c3)CC2)c1,0
Cc1oc(-c2ccccc2)nc1CS(=O)CC(=O)N1CCc2ccccc2C1,0
C=CCn1c(=N)c(C(=O)NCCCOC)cc2c(=O)n3cccc(C)c3nc21,0
CN(C)c1cccc(C(=O)NCC2CCCO2)c1,0
c1ccc2[nH]c(SCc3ccc(-c4nnco4)cc3)nc2c1,0
Cc1cc(NC(=O)c2ccc(NC(=O)C(C)Oc3ccccc3)cc2)no1,0
CCOC(=O)c1oc2ccccc2c1CSc1nnnn1-c1ccccc1,0
CC(=O)N1CCc2cc(S(=O)(=O)NCCC(=O)Nc3ccc4c(c3)OCCO4)ccc21,0
CC1Cc2cc(/C(O)=C3\C(=O)C(=O)N(CCN(C)C)C3c3ccccc3F)ccc2O1,0
Cc1ccccc1NC(=O)c1c(O)n2c3c(cccc3c1=O)CC2,0
CCOC(=O)c1c(C)[nH]c(C(=O)Cn2nnc(-c3ccc(Cl)cc3)n2)c1C,0
CCOc1ccc(C(=O)NCc2ccncc2)cc1OCC,0
CCCNC(=O)Nc1cc(OCC)c(N2CCOCC2)cc1OCC,0
Nc1nc(CSc2nc3ccccc3[nH]2)cs1,0
CS(=O)(=O)N1CCN(c2ncccn2)CC1,0
Cc1ccc2c(c1)CC1(CN2C)C(=O)OC2(CCCCC2)OC1=O,0
CCCCCC(=O)Nc1ccc(N2CCN(CC)CC2)c(Cl)c1,0
CCOC(=O)c1ccc(NC(=O)Cn2nnc3ccccc32)cc1,0
N#Cc1c(/N=C/c2cccs2)sc2c1CCC2,0
CCSc1ccccc1C(=O)NCCCn1ccnc1,0
Cc1ccc(N(C(=O)c2cccs2)C2C=CS(=O)(=O)C2)cc1,0
Cc1sc2ncnc(OCC(=O)N3CCN(S(=O)(=O)c4ccccc4)CC3)c2c1C,0
NC(=O)c1cc(N2C(=O)C3CC=CCC3C2=O)ccc1N1CCCCC1,0
CCn1c(SCC(=O)N2CCCc3ccccc32)nc2cccnc21,0
C=CCN(C(=O)c1ccccc1)c1ccc(OC)cc1,0
Cc1ccc(CNC(=O)CSc2nc(C)cc(C)c2C#N)cc1,0
Cc1ccc(-n2c(SCC3CCCCO3)nnc2-c2ccco2)cc1,0
O=Nc1c2nc3ccccc3n(O)c-2c2ccccc12,0
CCOC(=O)C1=C(C)N=C2SCCC(=O)N2C1c1ccc(C(=O)OC)cc1,0
c1csc(-c2csc3nc(CN4CCOCC4)nc(NCc4ccc5c(c4)OCO5)c23)c1,0
CCN1CCCC1CNC(=O)c1cc2c(C)nc3ccccc3c2o1,0
c1ccc(Cn2nnnc2C(c2ccccn2)N2CCOCC2)cc1,0
O=C(COc1ccc(Cl)cc1)Nc1ncccn1,0
CN(C)c1ccc(/C(=N/O)c2ccccc2)cc1,0
CC1(C)OC(=O)N(CCc2ccccc2)C1(C)O,0
O=C(Cn1nnc(-c2ccncc2)n1)N1CCc2ccccc21,0
CC(C)OC(=O)CC1=NC(=O)CS1,0
Cn1c(=O)oc2cc(S(=O)(=O)NCCC(=O)N3CC=C(c4ccccc4)CC3)ccc21,0
COc1cc(OC)cc(-c2cc3nc4c(c(N5CCN(c6ncccn6)CC5)n3n2)CCCC4)c1,0
COc1ccc(C2C3=C(CC(C)(C)CC3=O)Oc3ncn(CCO)c(=N)c32)cc1OC,0
CCCCCn1c(Sc2nc3ccccc3s2)nc2c1c(=O)[nH]c(=O)n2C,0
O=C(NCc1ccccc1)C1CCCN(C(=O)Nc2ccccc2)C1,0
COc1ccc(Cl)cc1NC(=O)CSc1nnc(Cc2cccn2C)n1-c1ccc(F)cc1,0
COC(=O)c1ccc(=O)n(-c2ccc(OC)cc2)c1,0
CCOC(=O)N1CCN(c2c(NCCCOC(C)C)c(=O)c2=O)CC1,0
Cc1cccc(NC(=O)c2cc3c(n(-c4ccccc4)c2=O)CCCC3=O)n1,0
Cc1nnc(SCC(=O)N2CCOCC2)n1C,0
O=C(O)C1CC=CCC1C(=O)Nc1cccc(C(=O)N2CCCCC2)c1,0
CC(C)(C)c1ccc(/C([O-])=C/[N+]#N)cc1,0
COc1ccc(N(CC(=O)Nc2cc(C)ccc2C)S(=O)(=O)c2c(C)nn(C)c2C)cc1,0
COC(=O)c1ccc(/C=N/n2c(C)nnc2C)cc1,0
COc1ccc2c(C)cc(=O)oc2c1C,0
COc1ccc(N2CCN(C(=O)c3cccc(Cn4cc(Cl)cn4)c3)CC2)cc1,0
CCc1ccc(S(=O)(=O)NCc2cn3ccccc3n2)s1,0
N#Cc1cc2cc3c(cc2nc1N1CCCCC1)OCCO3,0
Cc1cccn2c(=O)c3cc(C(=O)NCc4ccco4)c(=N)n(CCc4ccccc4)c3nc12,0
O=C(CCCNS(=O)(=O)c1cccs1)N1CCc2ccccc2C1,0
Cc1cccc(N(CC(=O)Nc2ccc(CC#N)cc2)S(C)(=O)=O)c1,0
Cc1ccc(-c2nnn(CC(=O)N(c3ccccc3)C(C(=O)NC3CCCC3)c3ccco3)n2)o1,0
Cc1nc2ncnn2c(C)c1CCC(=O)NCCCN1CCN(c2cccc(Cl)c2)CC1,0
Cn1c(=O)cc(OCCCC(=O)N2CCN(c3ccccn3)CC2)c2ccccc21,0
CCCOC(=O)c1sc2nc3c(cc2c1N)C(=O)CCC3,0
CCOC(=O)c1c(C)nc2c3ccccc3ccn12,0
Cc1nc2cc(NC(=O)NCc3ccco3)ccc2o1,0
CCCS(=O)(=O)N1CCC(C(=O)NCCN2CCC(Cc3ccccc3)CC2)CC1,0
COc1ccc(CCNC(=O)CSc2nnnn2-c2ccccc2)cc1,0
Cc1cccc2cc(COC(=O)C3CCCO3)c(=O)[nH]c12,0
CC1(C)CC(=O)C2=C(C1)Nc1[nH]n(-c3ccccc3)c(=O)c1C2c1ccc2c(c1)OCO2,0
COc1ccc(N(CC(=O)NC2CCCCC2)C(=O)CCCC(=O)Nc2ccccn2)c(OC)c1,0
CCCCN1C(=O)NC(=O)/C(=C(\C)NC(Cc2c[nH]c3ccccc23)C(=O)OC)C1=O,0
CCn1c(=O)cc(OCC(=O)N2CCCC2)c2ccccc21,0
CC(=O)OC(C(=O)NC1CCCCC1)c1ccncc1,0
Cn1cc(S(=O)(=O)CC(=O)NC2CCCCC2)c2ccccc21,0
CCOC(=O)CSc1ncnc2c1cnn2-c1ccc(Cl)cc1,0
COc1nnc(-c2ccc(C(=O)N3CC4CC(C3)c3cccc(=O)n3C4)cc2)c2ccccc12,0
CN(CC(=O)N1CCN(c2ccccn2)CC1)S(=O)(=O)c1ccc2ccccc2c1,0
COc1ccc(C2CC(=O)c3cnc(N4CCN(Cc5ccccc5)CC4)nc3C2)cc1,0
CCOc1cc(C2C3=C(CCCC3=O)N(C)C3=C2C(=O)CCC3)cc(Cl)c1O,0
Cc1cc(NC(=O)Cn2nnc3sc4c(c3c2=O)CCC(C(C)(C)C)C4)no1,0
Cn1c(=O)c2[nH]cnc2n(C)c1=O,0
CCCC(=O)Nc1nc(-c2ccc3c(c2)OCCO3)cs1,0
Cc1cc(/C=C(/C#N)c2cccc(F)c2)c(C)n1-c1cccnc1,0
Cn1cccc1C(=O)NC(=O)CSc1nnc(C2CC2)n1-c1ccccc1,0
CCc1c(C)c2c(C)[nH]nc2oc1=O,0
COc1ccc(Cn2nnnc2CN2CCC(c3nc4ccccc4s3)CC2)cc1,0
CC(=O)c1c(N2CCCCC2)nc(=S)n(-c2ccccc2)c1C,0
O=C1CC(c2ccc(S(=O)(=O)NCCOc3ccccc3)cc2)CN1,0
O=C(CSc1nnc(-c2cccs2)o1)NCC1CN(Cc2ccccc2)CCO1,0
O=C(CSc1ccc2nnc(-c3ccncc3)n2n1)Nc1ccccc1F,0
O=C(Nc1ccc2c(c1)OCO2)C1CCCN1C(=O)Nc1ccccc1F,0
COc1ccc(NCc2cc3ccccc3[nH]c2=O)cc1,0
Cc1ccc(C(=O)OCC(=O)Nc2ccc3c(c2)OCO3)o1,0
CCN(CC)CCNC(=O)c1cn(C)c2ccc(S(=O)(=O)N(C)C3CCCCC3)cc2c1=O,0
Clc1ccc2c(c1)C=Nc1c(ncnc1N1CCOCC1)O2,0
c1ccc2c(c1)NC1=NCN(Cc3ccc4c(c3)OCO4)CN12,0
O=C(c1cnccn1)N(c1ccccc1)C1(C(=O)NC2CCCC2)CCCCC1,0
COc1ccc(-n2c(COc3ccccc3)nnc2SCC(N)=O)cc1,0
O=C1C2CCN(CC2)C1Cc1ccc2ccccc2c1O,0
Cc1cc(C)n(CC2CC(=O)N(c3ccc(C)c(Cl)c3)C2=O)n1,0
CCNc1nc(SC(C)C(=O)OC)nc(N2CCOCC2)n1,0
CC(CC#CCN1CCOCC1)OCCC#N,0
Cc1nc2ncnn2c(Nc2ccc3c(c2)OCO3)c1Cc1ccccc1,0
CS(=O)(=O)c1ccc2nc(NC(=O)Oc3ccccc3)sc2c1,0
COc1ccc(Cn2nnnc2C(CC(C)C)N2CCN(c3ccccc3)CC2)cc1,0
Cn1c(C(C#N)C(=O)c2sc3ccccc3c2Cl)nc2ccccc21,0
O=C(NCc1ccco1)c1cc2sccc2n1Cc1ccccc1,0
COc1cc(OC)cc(-c2nnc(Nc3nc4c(F)cccc4s3)o2)c1,0
CCc1nc(-c2ccc(-c3ccc(OC)cc3)nc2OC)no1,0
CCOC(=O)c1c(C)c(-c2ccccc2)n(CC(=O)N2CCCC2)c1C,0
C=C1C(C(=O)N2CCN(C)CC2)C1C(=O)N1CCN(C)CC1,0
CC(C)C(=O)N1c2ccccc2NC2=C(C(=O)CCC2)C1c1ccc(N(C)C)cc1,0
CCC(C)C(=O)Nc1cc(OC)c(OC)cc1C(=O)O,0
COc1ccc(NS(=O)(=O)c2cc(C)ccc2C)cc1,0
CCOC(=O)c1ccc(NC(=O)CSc2nnc(COc3ccccc3)n2C)cc1,0
CS(=O)(=O)N1CCc2cc(C(=O)N3CCCCC3)ccc21,0
CCOC(=O)N1CCC(Nc2c(NCCCN(C)Cc3ccccc3)c(=O)c2=O)CC1,0
CCOc1ccc(S(=O)(=O)N(C)c2ccc(OCC(=O)Nc3ccc4[nH]c(=O)[nH]c4c3)cc2)cc1,0
O=c1nc[nH]c2c1oc1ccccc12,0
CCCCOc1ccccc1Cn1c(=O)oc2ccc(C)cc21,0
CCN1CCc2c(C#N)c(N3CCCCC3)nc(NCc3ccccc3)c2C1,0
CCS(=O)(=O)N1CCC(C(=O)NCCc2ccc(OC)c(OC)c2)CC1,0
Cc1cc(C)n(CCc2nc(-c3cccs3)cs2)n1,0
COCCNC(=O)C1CC(c2cccc(OC)c2)=NO1,0
Cc1ccc(S(=O)(=O)C2(C(=O)N3CCCC(C)C3)CC2)cc1,0
COc1cccc(CNc2nc3ccccc3n2CCN2CCCCC2)c1OC,0
CCOC(=O)CSc1nc(C)c2cc(OC)ccc2n1,0
Cn1c(CNC(=O)C(C)(C)C)nc2ccccc21,0
O=C(Cc1c[nH]c2ccccc12)Nc1nccs1,0
Cc1ccc(S(=O)(=O)N2CCOCC(=O)NCCOCCNC(=O)COCC2)cc1,0
CC1CCN2c3nc4ccccn4c(=O)c3CC3(C(=O)N(C)C(=O)N(C)C3=O)C2C1,0
O=C(CSc1nnc(-c2ccccn2)n1Cc1ccco1)c1ccc(Cl)cc1,0
O=C(CSc1nnc(-c2ccco2)n1-c1ccccc1)N1CCc2ccccc21,0
C=CCN(C(=O)Nc1ccccc1)C1CC(=O)N(c2ccc(OC)cc2)C1=O,0
O=C(NC1CCCCC1)C1CN(S(=O)(=O)c2ccccc2)CCN1S(=O)(=O)c1ccccc1,0
CCSc1oc(-c2ccco2)nc1S(=O)(=O)c1ccccc1,0
CCCS(=O)(=O)N1CCCC(C(=O)N2CCOCC2)C1,0
CCCCN(Cc1cc2cc(OC)ccc2[nH]c1=O)C(=O)COc1ccccc1,0
CCNC(=O)c1ccc2c(c1)S(=O)(=O)c1ccccc1C2=O,0
COc1ccc(C2C(C(=O)Nc3ccc(F)cc3)=C(C)N=C3N=C(CCCO)NN32)cc1,0
CC(=O)c1cc2c(=O)c3ccccc3oc2nc1C,0
CCCOc1ccc(C2C3CN(C(=O)OCC)CC=C3C(C#N)=C(N)C2(C#N)C#N)cc1OC,0
N#Cc1cn(-c2ccccc2)nc1-c1ccc2c(c1)OCCO2,0
CCCCn1c(NC(=O)c2ccc(F)cc2)c(C#N)c2nc3ccccc3nc21,0
O=C(c1ccco1)N1CCN(C2=NS(=O)(=O)c3ccccc32)CC1,0
Cc1ccc2cccc(S(=O)(=O)N3CCN(c4cccc(Cl)c4)CC3)c2n1,0
O=C(COc1ccccc1Cl)OCC(=O)N1CCN(S(=O)(=O)c2ccccc2)CC1,0
CCc1ccc(S(=O)(=O)NC(CC(=O)O)c2ccccc2)cc1,0
N=c1c(S(=O)(=O)c2ccccc2)cc2c(=O)n3ccccc3nc2n1CC1CCCO1,0
CCN(CCCNC(=O)c1c(C)cc(=O)oc1C)c1ccccc1,0
CS(=O)(=O)N(CC(=O)N1CCC(C(N)=O)CC1)c1ccc(Oc2ccccc2)cc1,0
Fc1cccc2sc(Nc3nnc(-c4ccco4)o3)nc12,0
O=C(COc1ccc2c(c1)OCO2)Nc1ccc2c(c1)oc1ccccc12,0
COc1ccc(CN2CC(C(=O)NCCCN3CCCCCC3)CC2=O)cc1,0
CCOC(=O)C1=C(CSc2nc3c(cc2C#N)CN(C)CC3)OC(N)=C(C#N)C1c1ccccc1,0
CC/C(NCc1ccco1)=C1/C(=O)NC(=O)N(c2ccccc2)C1=O,0
COc1ccc(CCNC(=O)CSc2cc(=O)[nH]c(N)n2)cc1OC,0
CC1CC(C)CN(c2ncc3c(n2)CC(c2ccccc2Cl)CC3=O)C1,0
Cc1ccc2c(c1)C1CN(C)CCC1N2CC(=O)N(C)c1ccccc1,0
Cc1cc(=O)nc(SC/C=C/c2ccccc2)[nH]1,0
Cc1nc2ccccc2nc1CSc1nncs1,0
CCOC(=O)N1CCN(C(=O)c2ccc3nc4cc(Cl)ccc4c(=O)n3c2)CC1,0
CCN(CC)S(=O)(=O)c1ccc(NC(=O)c2cccc3c2C(=O)N(CCOC)C3)cc1,0
Cc1ccc(N(CC(=O)Nc2ccc(C)cn2)S(=O)(=O)c2c(C)nn(C)c2C)cc1,0
C=CCSc1nc(=O)c(-c2ccccc2NC(=O)CC)n[nH]1,0
COc1ccc(N2CCN(CCNC(=O)C3CCN(S(=O)(=O)c4cccs4)CC3)CC2)cc1,0
COc1cccc(N2C(=O)Nc3ccccc3C2(O)C(=O)NCc2ccc3c(c2)OCO3)c1,0
Cc1cccc(N2C(=O)SC(N(C)c3ccccc3)C2=O)c1,0
Cc1oc2c(c1C(=O)NC(Cc1c[nH]c3ccccc13)C(=O)O)CCCC2,0
Cc1ccc2cc(CN(C(=O)C3CCCO3)C3CCCCC3)c(=O)[nH]c2c1,0
CC(C)NC(=O)c1cccc(Cn2cc(Cl)cn2)c1,0
Cc1cc(N2C(=O)C(O)=C(C(=O)c3ccc(C)o3)C2c2cccs2)no1,0
COc1ccc(C(=O)N2CCN(c3ccc(C)c(C)c3)CC2)cc1OC,0
O=C(Cc1c(O)[nH]c2ccccc2c1=O)NC1CCCCCC1,0
CC1Cc2ccccc2N1C(=O)CSc1nnnn1-c1ccc2c(c1)OCCO2,0
CCOc1ccc(NC(=O)CSc2nnc(-c3ccccc3Cl)n2Cc2ccco2)cc1,0
c1ccc2c(c1)CC1(CCCC1)n1nnnc1-2,0
CCCCCCn1c(CN2CCN(C)CC2)nc2c1c(=O)n(C)c(=O)n2C,0
O=C(CCCSc1nc2ccccc2[nH]1)NCc1ccco1,0
Cc1ccc(S(=O)(=O)N2CCCC2C(=O)O)cc1,0
CC(c1ccccc1)C1CC(=O)N(CC(=O)O)C1=O,0
Cc1cc(C)c2nc(N3CCCC3)c(C#N)cc2c1,0
O=C(NCc1ccc2c(c1)OCO2)c1nn2cccnc2c1Cl,0
C=C(C)Cn1c(=O)c2c(nc3n2CCN3c2cccc(Cl)c2C)n(C)c1=O,0
O=C(NC1CCCCC1)C1CCN(S(=O)(=O)c2cccs2)CC1,0
Cc1ccc2oc(C(=O)Nc3c(C)n(C)n(-c4ccccc4)c3=O)c(C)c2c1,0
COc1ccc(CNC(=O)CCS(=O)(=O)c2cccc3nonc23)cc1,0
CS(=O)(=O)Nc1ccc(C(=O)NCCSCc2ccco2)cc1,0
Cc1c(-c2ccc(F)cc2)nc(N)c(C#N)c1-c1ccco1,0
CCS(=O)(=O)Nc1ccc(-c2nnc(SCC(=O)c3ccc(NC(C)=O)c(OC)c3)o2)cc1,0
Cc1ccccc1OCc1nc2c3cnn(C)c3ncn2n1,0
O=C(NCc1ccccc1)N1CCC(c2nc3ccccc3[nH]2)CC1,0
CCOc1ccc(C(=O)Nc2c3c(nn2-c2cccc(Cl)c2)CS(=O)C3)cc1,0
CCN(CC)C(=O)c1cc2c(=O)n3cccc(C)c3nc2n1C,0
O=C(Nc1ccc(-c2nc3ccccc3o2)cc1)C1CCCO1,0
COC(=O)CSc1nnc(-c2ccco2)n1Cc1ccco1,0
O=C(CSc1nnc(NC(=O)C2CC2)s1)Nc1ccc(F)cc1,0
Cc1cc(C)cc(NCC(=O)Nc2c(C)cccc2C)c1,0
CN1CCN(CC(C)(C)NS(=O)(=O)c2ccc(Cl)cc2)CC1,0
COc1ccc(N2C(=O)CN=C2Nc2cccc(C)c2C)cc1OC,0
COc1ccc(-c2nnc(SC3CCOC3=O)n2C2CCCCC2)cc1OC,0
COc1ccc(N(C)C(=O)Nc2ccc3c(c2)nnn3C)cc1,0
COCCSc1ccccc1C(=O)Nc1nncs1,0
COC(=O)c1ccc(NC(=O)C(C)N2C(=O)c3ccccc3C2=O)cc1,0
CCOC(=O)N1CCC(n2c(SCC(=O)NCc3ccco3)nc3ccsc3c2=O)CC1,0
COc1ccccc1S(=O)Cc1ccc(C(=O)O)o1,0
c1nnn(C23CC4CC(CC(C4)C2)C3)n1,0
CCCn1nc(C(=O)NCc2ccccn2)c2ccccc2c1=O,0
COc1cc(NC(=O)CSCc2cnn(-c3ccccc3)c2-n2cccc2)cc(OC)c1,0
NC(=O)CSc1nnc(-c2ccc(S(=O)(=O)N3CCOCC3)cc2)n1CC1CCCO1,0
O=C1c2ccccc2C(=O)N1c1cccc(-c2nc3ccccc3o2)c1,0
CCCCOC(=O)C1C2C=CC3(CN(CCc4ccccc4)C(=O)C13)O2,0
Cc1cccc2cc(CN(CCCN3CCOCC3)Cc3nnnn3C(C)(C)C)c(=O)[nH]c12,0
Cc1occc1-c1nnc(SCC(=O)NCc2ccco2)n1CC(C)C,0
CCCCc1c(C)nn(-c2nnc3c4ccccc4n(C)c3n2)c1C,0
N#CC(C(=O)NC1CCCCC1)c1nc2ccccc2nc1N1CCCCC1,0
O=C(CN1C(=O)c2ccccc2S1(=O)=O)NC1CCCC1,0
C/C(NCc1cccnc1)=C1/C(=O)NC(=O)N(C2CCCCC2)C1=O,0
O=C(COc1ncnc2ccccc12)c1ccc2c(c1)OCCO2,0
COc1ccccc1-c1nnc(SCC(=O)Nc2c(Cl)cccc2Cl)o1,0
O=C(CN1C(=O)c2cccc3cccc1c23)N1CCN(c2ccccc2)CC1,0
CCN1CCN(C(=O)CSCc2nc(-c3ccc(OC)c(OC)c3)oc2C)CC1,0
Clc1cccc(NCc2nnc(SCc3ccccc3)o2)c1,0
CC(C)(C)NCc1cccn1-c1sc2c(c1C#N)CCCC2,0
O=C(Nc1cccnc1)c1c(O)n2c3c(cccc3c1=O)CC2,0
Fc1ccccc1OCCSc1nc2ccccc2o1,0
CCOC(=O)N1CCC(NC(=O)C(CC(C)C)NC(=O)C2CCCCC2)CC1,0
CC(=O)Nc1cccc(C(=O)Oc2cccc(C)c2)c1O,0
COc1cc(NS(=O)(=O)c2ccc(NC(=O)COc3ccc(C)cc3)cc2)nc(OC)n1,0
CCC(=O)N1C(=O)CCN(C(C)=O)c2ccccc21,0
C=CCn1c(SCc2nc(=O)c3ccccc3[nH]2)nnc1-c1cc2cc(Cl)ccc2o1,0
COCCN1C=C(C(=O)OC)C(c2ccc(OC)c(OC)c2)C(C(=O)OC)=C1,0
CC1CCCCN1CCNC(=O)C1CCN(S(=O)(=O)N2CCCCC2)CC1,0
O=C1C=C(NCc2ccc(Cl)cc2)CC(c2ccco2)C1,0
COc1ccc(NC(=O)CSc2nc3c(cc2C#N)CN(C)CC3)cc1,0
CCCCN(C)S(=O)(=O)c1ccc(C(=O)Nc2nnc(-c3cccs3)o2)cc1,0
CCOc1cc(-c2conc2N)cc(OCC)c1OCC,0
COc1ccc(CCNC(=O)CSc2nnc(-c3cccc(F)c3)o2)cc1OC,0
CC1=C(C(=O)Nc2ccccc2)C(c2ccco2)N2NC=NC2=N1,0
COc1ccccc1OCc1ccc(C(=O)NCc2ccco2)o1,0
CCSc1nnc(NC(=O)c2ccccc2)s1,0
O=C(CCCn1c(=O)[nH]c2cc(Cl)ccc2c1=O)N1CCC2(CC1)OCCO2,0
Cc1cc(NC(=O)CSc2nc3ccccc3c(=O)n2Cc2ccccc2)no1,0
Cc1cc(C)nc(SCc2nnc(SCC(=O)OC3CCCCC3)o2)n1,0
COc1ccc(N2C(=O)CC(N3CCCC4CCCCC43)C2=O)cc1,0
CC1CCCCC1NC(=O)Cn1[nH]c(=O)c2ccccc2c1=O,0
CN(c1ccc(C(=O)Nc2ccccc2C(=O)N2CCCC2)cc1)S(C)(=O)=O,0
NC(=O)c1c(NC(=O)CSc2nnc(-c3ccco3)n2-c2ccccc2)sc2c1CCC2,0
COc1ccc2c(CC(=O)OCC(=O)N3CCc4ccccc43)coc2c1,0
Cc1nnc(NC(=O)C2CCCCC2)s1,0
Cc1ccccc1Cn1c(=O)c2c(nc3n2CCCN3Cc2ccccc2)n(C)c1=O,0
CCCCN1CCc2c([nH]c3c(C)cccc23)C1=O,0
N=c1c(C(=O)NC2CCCCC2)cc2c(=O)n3ccccc3nc2n1CCN1CCOCC1,0
Cc1ccc(OCC(=O)N2CCN(C(=O)c3cccs3)CC2)cc1,0
CCn1c(SCC(=O)N2CCCc3ccccc32)nnc1-c1ccco1,0
Cc1cccc2c1nc(-c1ccccc1)n1cnnc21,0
CCOC(=O)c1sc(NCc2ccco2)c(-c2nc3ccccc3s2)c1N,0
O=c1c2ccccc2nc(N2CCN(c3ccccc3)CC2)n1Cc1ccccc1,0
CN(C)CCOc1nc(-c2ccccc2)nc2c1oc1ccccc12,0
Cc1cc(C)nc(SCC(=O)OCN2C(=O)c3ccccc3C2=O)n1,0
CCOc1ccc(S(=O)(=O)N2CCN(c3ccccc3OC)CC2)c2cccnc12,0
Cc1ccc(N2C(=O)CC(N3CCN(C4CCc5ccccc5C4)CC3)C2=O)cc1,0
O=C(Nc1ccc(Cl)cn1)c1cccnc1,0
C=CCN(C(=O)CNC(=O)c1ccco1)C(C(=O)NC1CCCCC1)c1ccc(OC)cc1OC,0
Cc1ccc(S(=O)(=O)CC2CSc3nc(N)cc(=O)n32)cc1,0
Cn1cnc2c(N3CCCCC3)nccc21,0
COc1ccccc1-n1c(SCC(=O)NC2CCCCC2)nc2c(c1=O)SCC2,0
O=C(CCN1CCN(CC(=O)Nc2ccccc2Cl)CC1)Nc1ccccc1F,0
NC(=O)c1ccccc1NS(=O)(=O)Cc1ccc(Cl)cc1,0
O=C1CC(N2CCN(c3ccccc3Cl)CC2)C(=O)N1c1ccccc1,0
O=c1c2ccccc2oc2nc(-c3ccco3)n(CCc3ccccc3)c(=O)c12,0
COc1ccc(OC(=O)c2cccc(S(=O)(=O)N3CCCC3)c2)cc1,0
Cc1cc(C)n(Cc2ccc(C(=O)O)o2)n1,0
O=C(Nc1sc2c(c1C(=O)NCc1ccco1)CCCC2)c1ccc2c(c1)OCO2,0
O=C(NC1CC1)c1ccc(S(=O)(=O)NC2CCCCCC2)cc1,0
Cc1cc(NC(=O)CSc2ccc3c(c2)OCCO3)no1,0
COc1ccc(NC(=O)CCc2ccccc2)cc1NC(=O)c1ccco1,0
Cn1c(=O)c2c(nc(CN3CCc4ccccc4C3)n2Cc2cccc(Cl)c2)n(C)c1=O,0
Cc1nc2ccccc2nc1OCC(=O)N1CCN(c2ccccc2)CC1,0
COc1ccccc1CNc1nc2nc3c(c(=O)n2[nH]1)CCC3,0
COc1cc(OC)cc(-n2nc(C(=O)N3CCC4(CC3)OCCO4)c3ccccc3c2=O)c1,0
O=C1c2ccccc2C(=O)N1CC(O)COCc1ccccc1,0
COCCNC(=O)CSc1nc2ccccc2c(=O)n1-c1cccc(OC)c1,0
CCOc1ccccc1-n1c(SCC(=O)N2CCOCC2)nnc1-c1ccccn1,0
COc1cc(C2=NC3=NC(C)=C(C(N)=O)C(c4ccncc4)N3N2)cc(OC)c1OC,0
Cc1nc(N)sc1-c1csc(Nc2ccccc2)n1,0
O=C(CN1CCOCC1)Nc1ccc(S(=O)(=O)N2CCCCCC2)cc1,0
O=C(COC(=O)c1ccccc1)NCc1ccco1,0
O=C1NC(=O)C(C/C=C/c2ccccc2)C(=O)N1,0
Cc1ccc(C(=O)NC(Cc2c[nH]c3ccccc23)C(=O)O)o1,0
O=C(NCCSCc1ccco1)Nc1ccccc1,0
COc1cccc(N2CC(=O)C(c3nc(=O)c4ccccc4[nH]3)=C2N)c1,0
O=C(CSc1nc(=O)cc(O)n1-c1ccccc1)N1CCCCC1,0
Cc1ccc(CN(C)C(=O)C2CCCN2C(=O)c2cccs2)o1,0
N#C/C(C(=O)c1ccco1)=C1\C=CC=CN1,0
Cc1cc(C(=O)Nc2sc3c(c2C#N)CCC3)no1,0
Cc1cc(Nc2nc3c(c(=O)n(C)c(=O)n3C)n2C)n(-c2ccc(Cl)cc2)n1,0
CC1Cc2ccccc2N1C(=O)c1cnc2n(c1=O)CCS2,0
c1ccn2cc(CSC3=NCCS3)nc2c1,0
O=C(Cc1cccs1)Nc1nnc(SCC(=O)NC2CCCCC2)s1,0
CC(C)n1c(SCc2ccc(Cl)cc2)nc2c1c(=O)[nH]c(=O)n2C,0
O=C(CSc1nc2ccccc2c(=O)n1-c1ccc(Cl)cc1)c1ccco1,0
CCOC(=O)c1ccc(Cn2cnc3ccccc3c2=O)cc1,0
O=C(Nc1ccc(Cl)cc1)Nc1ccc(N2CCOCC2)cc1,0
CC1=C(C(=O)Nc2ccccn2)C(c2cccnc2)N2NN=NC2=N1,0
CCC(=O)Nc1nc2ccccc2n1CCN1CCOCC1,0
O=S(=O)(NC1=NCCC1)c1cccs1,0
O=C(CN(c1ccccc1)S(=O)(=O)c1ccc(F)cc1)N1CCCCCC1,0
CCCc1cc(C(=O)N2CCN(S(=O)(=O)c3ccc(OC)c(OC)c3)CC2)cs1,0
O=C(NCc1ccco1)c1csc(Nc2ccccc2Cl)n1,0
Cc1ccc2c(CC(=O)OCc3nc(N)nc(Nc4ccccc4C)n3)coc2c1,0
COc1ccccc1C(=O)NCCn1cc(SCC(=O)Nc2cc(C)on2)c2ccccc21,0
C=CCn1c(C)cc(C(=O)CSc2nnc(NCc3ccccc3)s2)c1C,0
CC(=O)c1c(NCc2ccccc2)nc(=O)n(-c2ccccc2)c1C,0
Cc1cc(C)n(-c2nc3c(c(=O)n(Cc4ccc(Cl)c(Cl)c4)c(=O)n3C)n2C)n1,0
Cc1c(-c2cccs2)[n+](=O)c2c(n1[O-])CCCCC2,0
CCC(C)NS(=O)(=O)c1ccc(OCC(=O)NCc2ccc3c(c2)OCO3)cc1,0
O=C(CCNS(=O)(=O)c1ccc(Cl)cc1)NCc1ccccn1,0
CCCC(=O)Nc1cc(OC)c(OC)cc1C(=O)O,0
Cc1ccc(-c2c(C)c(-c3ccc(F)cc3)nc(N)c2C#N)o1,0
CCOc1ccc(N2CC(=O)N=C2Nc2nc(C)cc(C)n2)cc1,0
COc1ccc(-c2nc3c(c(SCC(=O)N4CCOCC4)n2)COC(C)(C)C3)cc1,0
Cc1cc(N)n2ncc(-c3ccccc3)c2n1,0
O=C1c2ccccc2C(O)N1c1cccnc1,0
O=C(CCCOc1ccc(Cl)cc1)Nc1nncs1,0
CS(=O)(=O)c1ccc2nc(NC(=O)Cc3ccccc3)sc2c1,0
O=C(CCN1CCc2ccccc2C1)Nc1ccc(F)cc1,0
CCOC(=O)N1CCN(C(=O)C(CC(C)C)NC(=O)C2CCCCC2)CC1,0
Cc1ccc(-c2nnc(N(C)C(=O)c3cccnc3)s2)cn1,0
COc1cccc(CNC(=O)C2CCN(c3cnccn3)CC2)c1,0
CCCc1cc(-n2ccnc2)n2c(nc3ccccc32)c1C#N,0
O=C1C2=C(SCCS2)C(=O)N1c1ccccc1,0
CC1=NN(c2nc3ccccc3s2)C(=O)/C1=C(/C)NCc1ccco1,0
COc1ccc(C2C3=C(CC(c4ccco4)CC3=O)Nc3ccccc3N2C(C)=O)cc1,0
CC1(C)Cc2ccccc2-c2nnc(-c3cccnc3)n21,0
CCOc1ccc2[nH]c(=O)c(=O)[nH]c2c1,0
Cc1ccc(NC(=O)C2CC(=O)NC(N3CCc4ccccc43)=N2)cc1,0
CC#CCCC(=O)N1C=Cc2ccccc2C1C#N,0
CC(=O)N1C(=O)C2(C(C#N)=C(N)Oc3cc(C)oc(=O)c32)c2ccccc21,0
CCCCN1C(=O)C2ON(c3ccccc3C)C(c3ccco3)C2C1=O,0
O=C(NCCN1C(=O)C2C3C=CC(C3)C2C1=O)NCc1ccccc1,0
O=C(CSc1ncn(-c2ccccc2)n1)N1CCc2ccccc21,0
C=CCn1c(SCC(=O)Nc2c(C)cccc2C)nnc1-c1cnccn1,0
O=C(Nc1nsc(-c2ccccc2)n1)c1cccs1,0
CCCNc1nc2c(c(=O)n(C)c(=O)n2C)n1Cc1cccc(C)c1,0
COc1ccc(Cn2c(N)c(C(=O)NCc3ccco3)c3nc4ccccc4nc32)cc1OC,0
Cn1c(NC(=O)C2c3ccccc3Oc3ccccc32)cc(=O)n(C)c1=O,0
CCOc1ccc(C(=O)c2nc3c(n2O)CCCC3)cc1,0
CCC1Oc2ccc(C)cc2N(CC(=O)NCc2cc(OC)ccc2OC)C1=O,0
Cc1cc(C)cc(N(C(=O)CNC(=O)c2ccco2)C(C(=O)NC2CCCC2)c2cccnc2)c1,0
COC(=O)CCC(=O)Nc1sc2c(c1C#N)CCCC2,0
CCCC(=O)Nc1cc2c(cc1C(=O)c1ccccc1)OCCO2,0
CCOc1ccc(-n2c(Cc3cc(=O)[nH]c(=O)[nH]3)nnc2SC(C)C)cc1,0
COc1ccc(OC)c(CC(NC(C)=O)C(=O)NC2CCN(c3nc(C)cc(C)c3C#N)CC2)c1,0
O=C(COC(=O)CSc1nnc(-c2ccc(Cl)cc2)o1)NCc1ccc2c(c1)OCO2,0
CCNc1nc(SCCOc2ccc(C)cc2)nc(N(C)C)n1,0
Cc1cc(NC(=O)CSc2nc3ccsc3c(=O)n2Cc2ccccn2)n[nH]1,0
Cc1cc(NC(=O)CSc2nc(-c3ccccc3)cs2)no1,0
Cc1c(Cl)cccc1N1C(=O)CC(N(O)c2ccccc2)C1=O,0
Cc1ccc(NCc2nnc(SCC(=O)N3CCCc4ccccc43)o2)c(C)c1,0
Cc1nc2ccccc2n1CC(=O)NCCN1CCCC1,0
COc1ccc(C(=O)N2CCN(C3CCCCC3)CC2)c(OC)c1,0
CCCSc1nc(N)c2c3c(sc2n1)CN(C)CC3,0
CSc1ccc(S(=O)(=O)NCCOc2ccccc2C)cc1,0
CC1(C)Cc2c(C#N)c(NCC3CCCO3)nc(-c3ccco3)c2CO1,0
O=C(O)c1cc2c(ccc3ccccc32)o1,0
COc1ccc(-c2ccc(SCC(=O)Nc3cc(C)on3)nn2)cc1OC,0
C=C(C)c1cccc(C(C)(C)NC(=O)NCCCn2ccnc2)c1,0
Cc1cccc(OCc2nnc(SCC(=O)Nc3ccc(C)c(Cl)c3)o2)c1,0
Cc1ccc(-c2nc3ncccc3o2)cc1NC(=O)c1ccco1,0
CC(C)Sc1nc2c(c(=O)n(C)c(=O)n2C)n1Cc1ccc(Cl)cc1,0
CC(=O)NC(Cc1ccccc1)C(=O)N1CCN(C(=O)c2cccs2)CC1,0
COc1ccc2c(c1)CC(C1(O)C(=O)Nc3ccccc31)C2=O,0
Cc1[nH]c(=O)[nH]c(=O)c1CSc1nnc(C(NC(=O)OC(C)(C)C)C(C)C)o1,0
O=C(C1CCN(S(=O)(=O)c2ccc3ccccc3c2)CC1)N1CCN(c2ncccn2)CC1,0
COC(=O)c1c(NC(=O)CCN2CCOCC2)sc2c1CCCC2,0
CC1(C)Cc2c(c(-c3ccco3)[nH]c(=O)c2C#N)CO1,0
COc1ccc(OC(C)C(=O)N2CCOCC2)cc1,0
Cc1ccc(-n2nc(C)c3c2OC(N)=C(C#N)C3c2ccco2)cc1,0
CCOC(=O)N1CCN(C(=O)CSCC(=O)Nc2nc(-c3cccs3)cs2)CC1,0
COc1ccccc1-c1cc(C(=O)N2CCCCC2)no1,0
Cc1ccc2[nH]c(C(=O)O)c(-c3ccccc3)c2c1,0
CC(=O)NC(Cc1c[nH]c2ccccc12)C(=O)N1CCc2ccccc2C1,0
COc1ccc(S(=O)(=O)N2CCN(Cc3ccccc3)CC2)cc1,0
CCCNC(=O)C1CCN(c2nc(C)cc(C)n2)CC1,0
COc1cc(C2=NOC(C(=O)NC3CCCCC3)C2)cc(OC)c1OC,0
CC(C)C(C(=O)Nc1ccc2c(c1)OCCO2)N1C(=O)c2ccccc2C1=O,0
c1cc2c(cc1Cn1cnnn1)OCO2,0
CCCCN(C(=O)NC(=O)Nc1c(C)cc(C)cc1C)S(C)(=O)=O,0
Cc1nc(COC(=O)c2ccc(S(=O)(=O)N3CCCC3)cc2)cs1,0
O=C(CSc1nnc(-c2ccc(NS(=O)(=O)c3ccccc3)cc2)o1)NCC1CCCO1,0
Cc1onc(C(=O)N2CCC(C(N)=O)CC2)c1-c1ccccc1Cl,0
CC(=O)N1CCN(c2ccc(NCc3ccccc3)cc2)CC1,0
Cc1ccccc1OCC(=O)N(Cc1cccs1)C1CCS(=O)(=O)C1,0
C=CCn1c(SCC(=O)N2CCOCC2)nc2scc(-c3ccco3)c2c1=O,0
c1ccc2c(c1)oc1c(N3CCN(Cc4ccc5c(c4)OCO5)CC3)ncnc12,0
O=C(c1ccc2c(=O)n(Cc3ccc4c(c3)OCO4)c(=S)[nH]c2c1)N1CCC2(CC1)OCCO2,0
O=C1c2ccc(Oc3ccc4c(c3)C(=O)N(CCCCO)C4=O)cc2C(=O)N1CCCCO,0
Cn1c(-n2c(CCN3C(=O)c4ccccc4C3=O)nc3ccccc3c2=O)nc2ccccc21,0
CCCN1CCN(CCCNC(=O)Cn2nc(-c3ccccc3)ccc2=O)CC1,0
C=CCNc1ncnc2c1[nH]c1ccccc12,0
COc1ccc(NC(=O)c2cccc(NC(=O)C3C4CC5OC(=O)C3C5C4)c2)c(OC)c1,0
COC(=O)C1=NC2=NC3=C(C(=O)CC(C)(C)C3)C(c3cccc(Cl)c3)N2N1,0
CCCN1C(=O)SC(CC(=O)Nc2ccccc2)C1=O,0
Cc1ccc(NCc2nnc(SCC(N)=O)n2CCc2ccccc2)cc1,0
Cc1ccccc1Cn1cnc2c(cnn2C(C)(C)C)c1=O,0
O=C(c1ccccc1)c1ccc(OC(=O)N2CCCC2)cc1,0
CCOC(=O)Cc1csc(NS(=O)(=O)Cc2ccccc2)n1,0
CN1CCN(c2nc3c(c(=O)n(C)c(=O)n3C)n2CCSc2nc3ccccc3s2)CC1,0
COCCNC(=O)Cn1c(=O)n(CCC(=O)NCCc2ccccc2)c(=O)c2ccccc21,0
CC(C)(C)NC(=O)c1ccc2c(c1)C(=O)N(C1CCCCC1)C2=O,0
CN(C)S(=O)(=O)N1CCN(c2cccc(Cl)c2)CC1,0
Cc1cc(C)n2c(SCc3cccs3)nnc2n1,0
CCOc1ccc(NC(=O)N(C2CCCCC2)C(C)c2ccncc2)cc1,0
CCOCCCNC(=O)NC(C)C(=O)OC,0
CCCSc1nc2c(c(=O)[nH]c(=O)n2C)n1Cc1ccc(C)cc1,0
CCOc1ncccc1C(=O)OCC(=O)Nc1cc(C(=O)OC)ccc1C(=O)OC,0
Cc1cc(-n2nc(C)cc2C)n2ncc(-c3ccccc3)c2n1,0
COc1ccc(-c2nnnn2-c2ccccc2OC)cc1,0
COc1ccc(N2CCN(S(=O)(=O)c3ccc(C(=O)NC4CCCC4)cc3)CC2)cc1,0
Cc1n[nH]c(SCc2cccs2)nc1=O,0
CCOC(=O)N1CCC(N2C(=O)c3ccc(C(=O)NCc4ccc(F)cc4)cc3C2=O)CC1,0
CCCCOC(=O)Nc1ccccc1C(N)=O,0
COc1nnc(OC)c2ccccc12,0
c1ccc2nc3c(nc2c1)[nH]c1ccccc13,0
CC(C)(C)NC(=O)COC(=O)c1ccc(S(=O)(=O)N2CCCCCC2)cc1,0
COc1ccc(CNC(=O)C2CCCN(S(=O)(=O)c3cnc[nH]3)C2)cc1,0
Nc1nonc1-c1nc2ccccc2n1Cc1ccccc1,0
COc1cc2c(cc1OC)C1(CCCC1)C(=O)OC2,0
CCCNC(=O)N(C)c1nncnc1C(=O)NC,0
Cc1ccc(C(=O)OCC(=O)NCc2ccc3c(c2)OCO3)s1,0
CC(=O)C(C#N)=C1Nc2ccccc2N1,0
COc1ccc(Cl)c(Cn2c(NCC(C)O)nc3c2c(=O)n(C)c(=O)n3C)c1,0
CCCn1c(N)c(-c2nc(-c3ccco3)c(C(=O)c3ccccc3)s2)c(=O)n(C)c1=O,0
CN1C(=O)CC(N2CCN(C(=O)CN3CCCC3)CC2)C1=O,0
Nc1nnc(CCCCc2cccs2)o1,0
CCc1nnc(NC(=O)CCC(=O)N2CCN(C3CCCCC3)CC2)s1,0
Cc1noc(C)c1COc1ccc(C(=O)NCc2ccccn2)cc1,0
Cc1cc(Nc2cccc(Cl)c2)n2ncnc2n1,0
CCC1(C)Cc2c(sc3nc4n(c(=O)c23)CCCS4)CO1,0
CCn1c(SCC(=O)Nc2cccc(NC(=O)c3ccco3)c2)nnc1-c1cccs1,0
O=C1C(=CNCCCn2ccnc2)C(=O)c2ccccc21,0
CCOC(=O)C1=C(C)NC(=O)NC1c1ccc(F)cc1,0
O=C1NC(=O)C(CCc2ccncc2)(C2CCCCC2)C(=O)N1,0
COc1cccc2cc(C(=O)Nc3ccccc3C(=O)N3CCOCC3)c(=O)oc12,0
Cc1ccc(S(=O)(=O)NCCCCCC(=O)Nc2nccs2)cc1,0
O=C1CCCN1Cc1ncnn1-c1ccccc1,0
COCCn1cnc2cc(C)c(C)cc21,0
COc1ccc(-n2ccnc2SCC(=O)NCc2ccc3c(c2)OCO3)cc1,0
CN1CCc2c(sc3c2c(=O)n(-c2ccccc2)c2nncn32)C1,0
O=C(CSc1nnc(-c2ccco2)n1CC1CCCO1)NC1CCCC1,0
Cc1ccccc1-n1c(-c2ccncc2)n[nH]c1=S,0
CC(=O)NC1CCN(C(=O)N2CCCC2)CC1,0
Cc1cccc(N2C(=O)C3C4C=CC(C4)C3(C)C2=O)c1,0
NC1=C(c2nc3ccccc3s2)C(=O)CN1Cc1ccco1,0
CCOC(=O)C(Cc1c[nH]c2ccccc12)NC(=O)CNC(C)=O,0
COC(=O)C1OC2(OC1C(=O)OC)c1ccccc1-c1ccccc12,0
COc1ccccc1N1C(=O)CC(Sc2nccc(C)n2)C1=O,0
CCCCOc1ccccc1C1NC(=O)NC(C)=C1C(=O)OCCOCC,0
CC1CCCCN1CCNC(=O)CCn1nc(-c2ccccc2)ccc1=O,0
COc1ccccc1CNC(=O)CCn1c(=O)sc2ccccc21,0
O=C(Nc1ccn(Cc2ccc(Cl)cc2)n1)c1ccc2c(c1)OCO2,0
O=C(CSc1n[nH]c(-c2ccccc2)n1)c1ccccc1,0
C=CCNC(=O)C1CC(=O)N(c2ccc(OCC(=O)Nc3ccc(C)cc3)cc2)C1,0
CC1=CC(=O)OC1Cc1ccncc1,0
O=C(COc1ccccc1)N1CCN(C(=O)Cc2ccccc2)CC1,0
COc1ccc(N(CC(=O)NCc2cccs2)S(=O)(=O)c2cccnc2)cc1,0
COCCNC(=O)c1cc2c(=O)n3cccc(C)c3nc2n(Cc2ccncc2)c1=N,0
CC(C)CC(C(=O)NCc1ccccn1)N1C(=O)c2ccccc2C1=O,0
CCC1(CC)C(=O)N(C)C(=O)N=C1Nc1ccccc1,0
CCOC(=O)c1[nH]c2cc3c(cc2c1NC(=O)CN1CC(C)CC(C)C1)OCO3,0
Cn1cc(SCC(=O)Nc2ccc3c(c2)OCO3)c2ccccc21,0
COc1ccccc1-c1nn2c(C3COc4ccccc4O3)nnc2s1,0
O=C(COC(=O)c1ccc(=O)n(Cc2ccccc2)n1)Nc1ccc2c(c1)OCCO2,0
O=C(CSc1nnc2c(n1)[nH]c1ccc(F)cc12)OCc1ccccc1,0
O=C1c2ccccc2C(=O)N1CCCCN1CCN(CCCCN2C(=O)c3ccccc3C2=O)CC1,0
CC(C)C(NC(=O)NC1CCCC1)C(=O)O,0
CCOC(=O)Cc1csc(NC(=O)c2c(-c3ccccc3)noc2C)n1,0
O=C(NCc1ccc2c(c1)OCO2)C1CC(=O)N(C2CCCCCCC2)C1,0
Cc1cc(C(=O)NCCCN2CCOCC2)n(-c2ccccc2)n1,0
CCN(CC)S(=O)(=O)c1ccc(N2CCCC2)c(C(=O)OCC(=O)/C(C#N)=C(\C)N)c1,0
O=C(NCS(=O)(=O)c1ccccc1)c1ccccc1,0
O=C(c1cn(-c2ccccc2)nc1-c1cccs1)N1CCN(c2ccccn2)CC1,0
CC1CCc2sc3nc(N4CCN(CCO)CC4)n4ncnc4c3c2C1,0
CC(C)Oc1ccc(C2c3c(oc4ccccc4c3=O)C(=O)N2CCCN2CCOCC2)cc1,0
CNc1nc2c(c(=O)n(C)c(=O)n2C)n1Cc1ccccc1,0
Cn1nnnc1NCc1c(F)cccc1Cl,0
O=C(CN1C(=O)CN=C(c2ccccc2)c2ccccc21)NCc1ccco1,0
CCC1CCCCN1c1nc2c(c(=O)n(C)c(=O)n2C)n1CCSc1nc2ccccc2o1,0
CCOc1ccc(N(CC(=O)NCc2cccs2)S(=O)(=O)c2c(C)noc2C)cc1,0
Cc1ccc(-c2cc(C(F)(F)F)n3ncc(C(=O)N4CCN(C)CC4)c3n2)cc1,0
Cc1ncoc1C(=O)Nc1cccc(Cl)c1,0
CCn1c(SCC(=O)Nc2ccc3c(c2)c2ccccc2n3CC)nnc1-c1cnccn1,0
Cn1c(=O)[nH]c(=O)c2c1nc(N(CCO)Cc1ccccc1)n2Cc1ccccc1Cl,0
CCOC(=O)C1=C(C)NC(C)=C(C(=O)OCC)C1c1cc2ccc(C)cc2[nH]c1=O,0
CCCC1c2ccc(C)n2CCN1C(=O)Nc1ccccc1Cl,0
CC(C(=O)O)c1n[nH]c(=O)c2ccccc12,0
O=c1c2[nH]c3cccc(Cl)c3c2ncn1CCN1CCCCC1,0
COC(=O)c1[nH]c2ccc(Cl)cc2c1NC(=O)CN1CCc2cc(OC)c(OC)cc2C1,0
CC(=O)Nc1ccc(S(=O)(=O)N2CCN(c3ccc(C)c(Cl)c3)CC2)cc1,0
CCc1nc2cc(C)nn2c2nc3ccccc3n12,0
COCCCN1C(=O)C2=C(/C(=C3\C=CC=CC3=O)NN2)C1c1ccc(Cl)cc1,0
Cc1noc(C)c1CSc1nc2[nH]ncc2c(=O)n1-c1ccccc1,0
COc1cc(/C=N/n2cnnc2)ccc1OCCOc1ccccc1,0
COc1ccccc1NC(=O)N(Cc1ccco1)Cc1cc2cc(C)cc(C)c2[nH]c1=O,0
Cc1ccccc1NC(=O)Nc1cccs1,0
Cc1noc(C)c1CSc1nnc(-c2ccncc2)n1-c1cccc(Cl)c1C,0
CCOC(=O)CSc1nnc(CNC(=O)c2cc(OC)c(OC)c(OC)c2)n1C,0
CCCc1cc(=O)nc(SCc2cc(C(=O)OC)c(C)o2)[nH]1,0
Cn1c(=O)c2c(n(C)c1=O)=NC1(CCCCC1)ON=2,0
CCOc1ccc(OCC)c(NC(=O)CCn2cccc2)c1,0
CCCCN(C(=O)NC(=O)C1=C(N2CCOCC2)/C(=C/c2ccccc2)CC1)S(C)(=O)=O,0
Cc1nc(Nc2nc(=O)cc(-c3ccccc3)[nH]2)nc2ccccc12,0
CCCOc1ccc(NC(N)=O)cc1OCCC,0
O=C(O)COc1ccc2c(c1)OCCO2,0
CCOc1cc(NC(=O)c2ccco2)c(OCC)cc1NC(=O)Cc1cccc(OC)c1,0
C=CCn1c(SCc2c(C)noc2C)nc2sc3c(c2c1=O)CCCCC3,0
O=C(NCCCN1CCOCC1)c1cc(-c2ccc3c(c2)OCO3)nc2ccccc12,0
COc1ccccc1C(=O)OCn1nnc2ccccc2c1=O,0
O=C(Nc1cnn(Cc2ccccc2)c1)c1nc2ncccn2n1,0
COc1ccc2nc(NC(=O)c3ccc(-n4nc(C)cc4C)cc3)sc2c1,0
Cc1ccccc1NC(=O)CSc1nnc(-c2ccoc2C)n1CCc1ccccc1,0
Cn1nnnc1SCC(=O)NC(C)(C)C,0
COC(=O)c1ccc(NC(=O)CSc2nnc(-c3ccncc3)n2N)cc1,0
O=C(Nc1ccccc1C(=O)N1CCN(Cc2ccccc2)CC1)c1ccccn1,0
COC1=Cc2c(ccc3ccc(=O)oc23)OC1(C)C,0
O=C(O)C(CC(=O)N1CCOCC1)NCc1ccccc1,0
Cc1cc(C)n2nc3nc(N4CCCC4)nc(-c4ccccc4)c3c2n1,0
CCC(c1nnnn1Cc1ccco1)N(Cc1cc2cc(OC)ccc2[nH]c1=O)C1CCCCC1,0
COc1ccc(Nc2nc(=O)c(Cc3ccccc3Cl)n[nH]2)cc1,0
N#Cc1ccccc1Sc1ccccc1C(=O)N1CCOCC1,0
CN(c1ccc(C(=O)NCCSCc2ccco2)cc1)S(C)(=O)=O,0
O=C(COc1ccc(-c2nnco2)cc1)NC1CCCc2ccccc21,0
Cc1ccc2cc3cc(C(=O)NCCN4CCOCC4)oc3nc2c1,0
CSc1ccccc1NC(=O)CN(c1cccc(C)c1)S(C)(=O)=O,0
O=C(CSc1ncnc2c1cnn2-c1ccccc1)Nc1ccc2c(c1)OCO2,0
COC(=O)n1c(=O)oc2ccccc21,0
CCC1CCCCN1C(=O)Nc1cccc(NC(=O)N2CCCCC2CC)c1,0
Cc1nn(Cc2ccccc2)c2sc(C(=O)NCc3cccnc3)cc12,0
O=C(OCc1nnc(-c2ccc(Cl)cc2)o1)c1ccc(=O)n(Cc2ccccc2)n1,0
CCOC(=O)CC(/C(C)=N/O)c1ccccc1,0
Cn1c(Cc2cccs2)nnc1SC/C=C/c1ccccc1,0
O=C(COc1ccc(OCc2ccccc2)cc1)NC1CCOC1=O,0
O=C(N1CCOCC1)N1CCN(c2ccccn2)CC1,0
COc1ccccc1NC(=O)c1c(NC(=O)c2ccco2)sc2c1CCC2,0
Cc1ccc(S(=O)(=O)NC(=O)Nn2c(C)nnc2C)cc1,0
O=C(c1ccc(S(=O)(=O)N2CCCCC2)cc1)c1nnc(-c2ccc(Cl)cc2)o1,0
COc1ccc(C)cc1S(=O)(=O)N(C)CC(N)=O,0
O=C(CSc1nc2ccccc2o1)N1CCN(c2ccc(Cl)cc2)CC1,0
CCOCCCNC(=O)CN1C(=O)CSc2ccccc21,0
CN(C)C(=O)Oc1ccc(Cl)c2ccccc12,0
O=C(c1ccc(S(=O)(=O)N2CCCCC2)cc1)N1CCN(c2ccccc2)CC1,0
COc1ccc(CC(=O)Nc2c3c(nn2-c2cccc(Cl)c2)CS(=O)C3)cc1,0
O=C(Nc1ccccn1)c1cccnc1,0
O=S1(=O)N=C(SCCO)c2ccccc21,0
O=C(CN1CCN(C(=O)N2CCCCC2)CC1)Nc1ccc(F)cc1,0
CCc1c(C)c2ccc(OCC(=O)OC(C)C)c(C)c2oc1=O,0
CCCCNc1nc2ccccc2nc1NS(=O)(=O)c1cccs1,0
CCOc1ccccc1N1CCN(Cc2cccc(OC)c2OC)CC1,0
CC(C)Oc1cccc(C(=O)Nc2ccc(N3CCN(S(C)(=O)=O)CC3)cc2)c1,0
CCOc1ccc(CCNC(=O)Cc2nn[nH]n2)cc1OCC,0
COc1cc(OC)cc(C(=O)N2CCN(S(C)(=O)=O)CC2)c1,0
CCN(CC)S(=O)(=O)c1ccc(C(=O)Nc2ncn(Cc3ccccc3)n2)cc1,0
O=C(c1sccc1-n1cccc1)N1CCCC1,0
CC(Nc1nc(-c2ccccc2)nc2c1oc1ccccc12)C(=O)O,0
Cc1cc(C(=O)CSc2nnc(N)s2)c(C)n1CCc1ccc(F)cc1,0
CC(C)(C)c1ccc(-c2nnc3sc(-c4ccncc4)nn23)cc1,0
N#Cc1nc(COc2ccc(Cl)cc2)oc1NCc1ccc2c(c1)OCO2,0
O=C(Nc1ccon1)c1csc2c1CCCC2,0
CCOC(=O)N1CCN(C(=O)c2oc3ccc(S(=O)(=O)N4CCOCC4)cc3c2C)CC1,0
COn1c(C)c(C(C)=O)c2c3nonc3ccc21,0
C=CCNC(=O)c1ccccc1NC(=O)c1ccccc1,0
COc1ccc(-c2cn3c(C)c(C(=O)N4CCN(c5ccccc5F)CC4)sc3n2)cc1,0
CCC(C)N1C(=O)NC(=O)C2(Cc3c(ccc4ccccc34)N(C)C2)C1=O,0
Cc1nn2cc(-c3ccccc3)nc2s1,0
COc1cccc(NC(=O)N2CCN(c3cccc(C)c3C)CC2)c1,0
Cc1cc(NC(=O)CSc2nnc(Cc3cccn3C)n2CCc2ccccc2)no1,0
CC(=O)N1C(=O)C2(C(C#N)=C(N)Oc3c2c(C)nn3-c2ccccc2)c2ccccc21,0
Cc1cc2c(cc(C(=O)OCC(=O)NCc3cccs3)n2C(C)C)o1,0
Cc1ccc(Nc2nc(N)nc(CC#N)n2)cc1,0
CCn1/c(=N/C(=O)CSC(C)=O)sc2ccccc21,0
CCOC(=O)N1CCN(C(=O)CSc2ncccn2)CC1,0
CCn1c(CNc2cccc(Cl)c2)nnc1SCC(=O)OC1CCCCC1,0
O=C(CCC1CCCC1)NCCCN1CCOCC1,0
CCOC(=O)c1cccc(NC(=O)c2cnccn2)c1,0
O=C(NCCc1cn2ccccc2n1)c1ccccc1F,0
O=C1Nc2ccc(S(=O)(=O)N3CCCCCC3)c3cccc1c23,0
Cc1cc(NC(=O)CSc2nnnn2C2CCCC2)no1,0
COCCN1Cc2c(sc(C)c2C)N(C(=O)c2ccccc2)C1,0
COc1ccc(S(=O)(=O)NCC(=O)N(CC(=O)NCC2CCCO2)c2ccccc2)cc1,0
COc1ccc(OCC(=O)Nc2cccc(-c3nc4ccccc4o3)c2)cc1,0
CCN(CCCNC(=O)c1ccc(N2CCCC2=O)cc1)c1cccc(C)c1,0
COc1ccc(CCNC(=O)CSc2nc(O)c(CC(C)C)c(=O)[nH]2)cc1OC,0
CN(C)c1ccc(NC(=O)Cn2c(=O)n(Cc3ccccc3)c(=O)c3ccccc32)cc1,0
CCOC(=O)c1sc(NC(=O)CSc2ncn[nH]2)c(C#N)c1C,0
Cc1cc(C)c(S(=O)(=O)O)c(C)n1,0
O=C(CSCCSCC(=O)c1ccco1)c1ccco1,0
COc1ccc(NC(=O)c2oc3cc(C)c(C)cc3c2C)c(OC)c1,0
COc1ccc2cnn(CCOc3ccccc3)c(=O)c2c1OC,0
C/C(=N\O)C1(C)N(O)C(C)(C)C(c2ccco2)=[N+]1[O-],0
CN(Cc1ccccc1)c1nc2c(c(=O)[nH]c(=O)n2C)n1Cc1ccccc1Cl,0
Cc1n[nH]c(SCC(=O)NC(C)c2ccccc2)nc1=O,0
CC1=NNSC1=C1N=c2ccccc2=N1,0
CCOC(=O)CC(=O)CSc1ncnc2c1oc1ccccc12,0
COc1ccccc1-c1nc(C#N)c(N2CCN(Cc3ccccc3)CC2)o1,0
CC(=O)c1c(C)[nH]c(C(=O)N2CCc3ccccc3C2)c1C,0
Cc1cc2ccc(C)c(C)c2nc1SCC#N,0
CC1=C(C(=O)OC(C)C)C(c2cccs2)N2NC=NC2=N1,0
O=C(COc1ccccc1)N1CCN(C(=O)c2cccc(F)c2)CC1,0
Cc1ccc(Cn2[nH]nc3c(=O)nc(C4CCN(C(=O)Cc5cccs5)CC4)nc2-3)cc1,0
Cc1ccc(OCc2nc(C#N)c(NCCCn3ccnc3)o2)cc1,0
CN1CCN(C(=O)c2ccccc2N(Cc2ccccc2)S(C)(=O)=O)CC1,0
CCCCCNC(=O)CCn1c(=O)oc2ccccc21,0
Cn1cc(Cl)c(C(=O)NC2CCCC2)n1,0
COCCn1c(=O)[nH]c2cc(C(=O)NCC3CCCO3)ccc2c1=O,0
Cc1ccc(NCc2nnc(SCC(=O)N3CCc4ccccc43)n2C)cc1,0
Cc1nc(NC2=NCN(Cc3ccc4c(c3)OCO4)CN2)nc2ccccc12,0
O=C(NCc1ccccc1)NC1(C(=O)N2CCN(c3ccccc3)CC2)CCCCC1,0
O=C(O)CN(c1ccccc1)C1SC(=O)NC1=O,0
CCOc1cc2[nH]c(=O)n(CCCCC(=O)NC3CCCCC3)c(=O)c2cc1OCC,0
O=C(Cc1cccs1)NCc1cn2ccccc2n1,0
CCOC(=O)c1nnn(-c2nonc2-c2ccccc2)c1C,0
CCOC1=CC(=O)/C(=C2\NNC=C2Oc2ccccc2OC)C=C1,0
O=C(NC1CCN(C(=O)NCc2ccccc2)CC1)c1ccco1,0
COc1ccc(Cc2nnc(NS(=O)(=O)Cc3ccccc3)s2)cc1,0
COc1ccc(CCC(=O)N2CCc3ccccc32)cc1,0
CC1(C)CC(=O)N(CC(=O)O)c2ccccc2S1(=O)=O,0
CC(=O)c1cnc(N2CCCCC2)nc1C,0
N#Cc1ccc(COC(=O)CSc2nnc(C3CCCCC3)n2N)cc1,0
CCCCSCc1[nH]c(=O)[nH]c1C(=O)CCCCC(=O)OCC,0
Cn1c(=O)oc2cc(S(=O)(=O)N3CCC(C(=O)N4CC=C(c5ccccc5)CC4)CC3)ccc21,0
O=C(CSc1nnc2ccccn12)NC(=O)NC1CCCCC1,0
CCOC(=O)N1CCN(C(=O)c2cccc(-n3c(=S)[nH]c4cc(Cl)ccc4c3=O)c2)CC1,0
CCCN1Cc2cccc(C(=O)Nc3ccc(OC)c(OC)c3)c2C1=O,0
O=C(NCc1ccc2c(c1)OCO2)C1CC(=O)N(C2CCCC2)C1,0
Cc1ccc(-c2noc(CCC(=O)NC3CCCc4ccccc43)n2)cc1,0
CCOc1ccc(Nc2oc(Cc3ccccc3)nc2C#N)cc1,0
O=S(=O)(NCc1ccccc1)c1ccc(S(=O)(=O)N(Cc2ccccn2)Cc2ccco2)cc1,0
Cn1c(=N)c(S(=O)(=O)c2ccc(Cl)cc2)cc2c(=O)n3ccccc3nc21,0
CSc1cccc(NC(=O)c2nnn(Cc3ccccc3)c2N)c1,0
CC(C)Nc1c(N)c(=O)oc2ccccc12,0
CC(=O)Nc1cccc(NC(=O)CSc2nnc(Cc3cccn3C)n2-c2ccc(F)cc2)c1,0
CCOC(=O)c1ccc2ncc(C(=O)OCC)c(NCCN(C)C)c2c1,0
NC(=O)C1CCCN(C(=O)NC2CCCCC2)C1,0
Cc1c(N(C(=O)Nc2ccccc2)C2=NCC(C)S2)c(=O)n(-c2ccccc2)n1C,0
CCCCCCn1cnc2c(c1=O)c1nc3ccccc3nc1n2Cc1cccs1,0
Cc1oc(-c2ccc(Cl)cc2)cc1-c1nn2c(-c3ccco3)nnc2s1,0
O=C(c1cc2ccccc2o1)c1nc2c(n1O)CCCCC2,0
CCc1nc2ccccc2c(=O)n1NC(=O)c1c(O)[nH]c2ccccc2c1=O,0
CC(=O)Nc1ccc(S(=O)(=O)Nc2ccc(S(=O)(=O)N3CCCCCC3)cc2)cc1,0
N=c1c2c(-c3ccccc3)c(-c3ccccc3)oc2ncn1CCCN1CCOCC1,0
O=C(N1CCOCC1)N(CCN1CCOCC1)Cc1cccc(Cl)c1,0
CCC(C)(C(=O)NC1CCCCC1)N(C(=O)c1cnccn1)c1c(C)n(C)n(-c2ccccc2)c1=O,0
Cn1c(=O)oc2cc(S(=O)(=O)N3CCCC3)ccc21,0
CCOc1cc2[nH]c(=S)n(CCCC(=O)NCc3ccco3)c(=O)c2cc1OCC,0
CCCC1(C(=O)OC)NC(c2ccc(OC)c(OC)c2)C2C(=O)N(c3ccc4c(c3)OCO4)C(=O)C21,0
COC(=O)c1ccccc1NC(=O)CN1C(=O)c2ccccc2S1(=O)=O,0
Cc1sc2nc(C(C)C)nc(SCC(=O)NCc3ccco3)c2c1C,0
Cc1ccccc1NS(=O)(=O)c1cc(S(C)(=O)=O)ccc1Cl,0
CCN1C(=O)c2cccc3c(NC(=O)c4cccc(N5C(=O)CCC5=O)c4)ccc1c23,0
O=C(CC1Oc2ccccc2NC1=O)NCCCN1CCCCCC1,0
O=C(NCc1cccc(Cl)c1)c1ccc2c(c1)OCO2,0
C=C1N(CCCCCC(=O)O)C(=O)OC12CCCCC2,0
Cc1ccc(-c2nnc(N(C)C(=O)c3ccccn3)s2)cn1,0
O=C(COc1ccc(Cl)cc1)OCC(=O)N1CCCCCC1,0
CCOC(=O)c1[nH]c2ccc(OC)cc2c1NC(=O)CN1CCSCC1,0
O=C1C=C(OCc2ccccc2)CN1,0
CC(C)n1c(N2CCN(C(=O)c3cccs3)CC2)nc2ccccc21,0
CCCc1[nH][nH]c(=O)c1C(c1cccc(Cl)c1)C(C#N)C#N,0
COCCN1C(SCc2ccc(C(=O)OC)o2)=NN/C1=C1\C=Nc2ccccc21,0
Cc1ccc(-c2[nH]nc3c2C(c2ccccc2OC(=O)N2CCOCC2)C(C#N)=C(N)O3)cc1,0
COc1ccc(CNC(=O)C2CCCN2S(=O)(=O)c2ccc(C)cc2)cc1,0
CCOC(=O)Nc1sc(=S)n(C)c1C,0
Cc1ccc(-c2nn(C)c(=O)c3ccccc23)cc1CN1CCOCC1,0
CCn1c(SCC(=O)NCCOc2ccccc2)nc2ccccc2c1=O,0
Cn1c(CNc2ccccc2)nc2ccccc21,0
COc1cc(C(=O)Oc2ccccc2)ccc1OCc1c(C)noc1C,0
CCSc1nc2cc(C(=O)OC)ccc2c(=O)n1CC,0
CC(C)Oc1ccc(C(=O)Nc2cc(=O)n(C)c(=O)n2C)cc1,0
COc1ccc(OC)c(C(=O)CSc2nnc(-c3ccc(OC)c(OC)c3)o2)c1,0
CSCSC1=C(C#N)C(c2ccccc2Cl)C(C(C)=O)=C(C)N1,0
COc1ccc(Cl)cc1C(=O)Nc1ccccc1N1CCN(C)CC1,0
COc1ccc2oc(=O)c(-c3nc(C)cs3)cc2c1,0
CCOC(=O)c1nnn(-c2nonc2N)c1COc1cc(C)c(Cl)c(C)c1,0
COc1ccc(C(=O)N2CCC(C(=O)Nc3cccc(C)c3)CC2)cc1OC,0
O=C(CN1CCN(c2ccccc2)CC1)N1CCN(c2ccccc2)CC1,0
Cc1noc(C)c1S(=O)(=O)NCc1ccc2c(c1)OCO2,0
COC(=O)c1cc(COc2ccc3ccc(=O)oc3c2)c(C)o1,0
O=C(NCc1cccnc1)Nc1ccc(F)cc1F,0
CCOc1ccc(NS(=O)(=O)N(C)C)cc1,0
Cc1noc(C)c1CSc1nnnn1-c1ccc(Cl)cc1,0
CC(CCc1ccccc1)NC(=O)C1CCN(S(=O)(=O)c2cnc[nH]2)CC1,0
c1ccc2c(c1)[nH]c1c(N3CCC4(CC3)OCCO4)ncnc12,0
COc1cc2nc(SCc3c(C)noc3C)n(CCC3=CCCCC3)c(=O)c2cc1OC,0
CCOC(=O)c1cnc(SCC(=O)Nc2ccc(NC(C)=O)c(OC)c2)nc1N,0
O=C1CC(N2CCN(c3nc4ccccc4s3)CC2)C(=O)N1c1ccc(F)cc1,0
c1coc(CNc2nc3nonc3nc2NCc2ccco2)c1,0
Cc1ccc(-n2c(Cc3cccn3C)nnc2SCC(=O)N2CCc3ccccc32)cc1,0
O=C(OC1CCCCC1)c1ccc(NC(=O)c2ccco2)cc1,0
CC1CCCCN1C(=O)CSC1=NN/C(=C2/C=Nc3ccccc32)O1,0
CCOc1ccc(NC(=O)CSC2=C(C#N)C(c3ccc4c(c3)OCO4)CC(=O)N2)cc1,0
CCc1nnc(NC(=O)c2ccc(COc3ccccc3)o2)s1,0
COc1ccc(NC(=O)c2ccc3c(c2)C(=O)N(Cc2cccnc2)C3=O)c(OC)c1,0
c1ccc(Cn2ncc3c(NCc4ccco4)ncnc32)cc1,0
Cc1cc(=O)c2cc(Cl)ccc2[nH]1,0
Cn1c(=O)c2c(-c3ccccc3)n(C3CCCCC3)cc2n(C)c1=O,0
CCCCC(=O)NC1=NC(=O)C(C)(C)S1,0
CCOc1ccccc1N1C(=O)NC(=O)/C(=C\NCc2ccc3c(c2)OCO3)C1=O,0
O=C(c1cc2c(s1)-c1ccccc1OC2)N1CCCC1,0
CCN1CCN(CCCNC(=O)C2CCCN(c3nnc(-n4cccc4)s3)C2)CC1,0
O=C(Cc1ccc(Cl)cc1)Nc1ccccc1CO,0
COc1ccc(C(CC(=O)NCCCN2CCOCC2)NS(=O)(=O)c2ccc(C)cc2)cc1,0
CCOC(=O)CCCNC(=O)COC(=O)c1cc(C)cc(C)c1,0
Cc1cc(NC(=O)c2cc(-c3ccncc3)nc3c(C)cccc23)no1,0
Cc1cc(NC(=O)CN2CCN(Cc3ccccc3)CC2)nc2c1c(=O)oc1ccccc12,0
CCOC(=O)c1sc(=S)n(CC)c1N,0
COC(=O)CSc1nnc(-c2cnccn2)n1C,0
O=C(Nc1ccc2oc(Cc3ccc(Cl)cc3)nc2c1)c1cccnc1,0
COc1ccc(-c2nnc(SCC(=O)OC3CCCCC3)o2)cc1OC,0
CN1C(=O)c2ccc(S(=O)(=O)c3ccc(C(=O)O)cc3)cc2C1=O,0
CS(=O)(=O)Nn1cnc2ccccc2c1=O,0
Cc1noc(C)c1COc1cccc(C(=O)N2CCN(C/C=C/c3ccccc3)CC2)c1,0
CC(C)c1ccc2oc(-c3ccc(N)cc3)nc2c1,0
COc1ccccc1NC(=O)CSc1ncnc2c1oc1ccccc12,0
CC(=O)c1c(C)n(CCCOC(C)C)c2ccc(O)cc12,0
ClC1=CCC2CN(CCN3CCCCC3)CC2C1,0
CC(C)(C)NC(=O)CN(C(=O)C1CSC(=O)C1)c1ccc2c(c1)OCCO2,0
O=C(O)CCC(=O)Nc1ccccc1C(=O)NC1CCCCC1,0
CC(C)Oc1ccc(C(=O)NCc2cccnc2)cc1,0
CN(C)CCCN1C(=O)C(=O)/C(=C(/O)c2ccc3c(c2)OCCO3)C1c1ccccn1,0
COc1ccc(N2CCN(C(CNC(=O)Oc3ccccc3)c3cccnc3)CC2)cc1,0
C=C1CSc2nc(=O)c3c4c(sc3n21)CCC4,0
O=C(CN1C(=O)COc2ccccc21)NCc1ccc(C(=O)O)cc1,0
CC(C)n1c(CN2CCN(C)CC2)nc2c1c(=O)n(C)c(=O)n2C,0
O=C(O)Cn1c(CC(=O)N2CCCC2)nc2ccccc21,0
CCCCc1nnc(SCc2ccc(OCC)cc2)n1N,0
CCCOC(=O)Nc1ccc(S(=O)(=O)Nn2cnnc2)cc1,0
CCc1nnc(NC(=O)CCC(=O)N2CCN(Cc3ccccc3)CC2)s1,0
N#Cc1c2c(nc(N)c1-c1ccccc1)CCCCC2,0
COc1ncccc1C(=O)NCC(CC(=O)O)c1ccccc1,0
Cc1nc(-c2cccc(S(=O)(=O)N3CC(C)OC(C)C3)c2)cs1,0
Cc1ccc(N(/C=N/C#N)CC(=O)N2CCN(c3ccccc3)CC2)cc1,0
CC(=O)c1c(C)nn(CC(O)COc2ccc3c(c2)CCC3)c1C,0
CCCn1nnnc1NCc1ccccc1OCc1cccs1,0
CC(=O)c1ccc(OCC(O)COc2ccc(C(C)=O)cc2)cc1,0
Cc1cc(Cl)ccc1OCC(=O)N1CC(C)CC(C)C1,0
CC(=O)Nc1ccc(SCC(=O)OCC(=O)NC(=O)NCc2ccco2)cc1,0
CC(C)(C)OC(=O)N1CC2Cc3[nH]c(=O)ccc3C(C2)C1,0
Cc1ccccc1C1=NC(=C2C=CC(=O)C=C2)ON1,0
CCOC(=O)Cn1nnnc1CN(Cc1ccc(OC)cc1)Cc1cc2cc(C)ccc2[nH]c1=O,0
Cc1nn(-c2nc3ccccc3n2Cc2ccccc2)c2c1C(=O)CC(C)(C)C2,0
COc1cccc(Cn2c(Oc3ccccc3)nc3c2c(=O)n(C)c(=O)n3C)c1,0
CCOc1cccc(C2C(C(=O)c3ccc(C)o3)=C(O)C(=O)N2Cc2ccncc2)c1,0
Cc1cc(C)n(-c2ccc(C(=O)Nc3ccccn3)cc2)n1,0
CCCOc1ccc(N2CC(C(=O)Nc3ccccc3C(=O)NCc3ccco3)CC2=O)cc1,0
Cc1ccc(CNC(=O)CCS(=O)(=O)c2cccc3nsnc23)cc1,0
Cc1nnc2sc(-c3ccccn3)nn12,0
O=CN1CCN(C(=O)CN2C(=O)c3ccccc3C2=O)CC1,0
COc1ccc(OC)c(C2C(C(=O)Nc3ccccc3OC)=C(C)N=C3N=C(CCCO)NN32)c1,0
COC(=O)c1c(N)n(-c2ccc(N3CCOCC3)cc2)c2nc3ccccc3nc12,0
COc1ccc(C(c2sc3nc(C)nn3c2O)N2CCc3ccccc3C2)cc1,0
CN1CC(=O)N(C)c2ncn(Cc3ccccc3)c2C1=O,0
O=C(NCCCN1CCOCC1)C1CC(=O)N(CCc2ccccc2)C1,0
Cc1ccnc(NC(=O)CCCOc2cc(=O)n(C)c3ccccc23)c1,1
CC1CC(C)CN(c2ncc3c(n2)CC(c2ccc(Cl)cc2)CC3=O)C1,0
COc1ccc(N2CCn3c2nc2c3c(=O)n(CCN3CCOCC3)c(=O)n2C)cc1,0
O=C(Nc1nnc(C2CC2)s1)c1cccc(S(=O)(=O)N2CCc3ccccc32)c1,0
CCOC(=O)C1=C(N)N(c2ccc(N3CCCCC3)cc2)C(=O)C1,0
Cc1ccc2c(c1)=C/C(=C1/N=C(C(C)C)ON1)C(=O)N=2,0
Cc1cccc(-n2ncc3c(N(CCO)CCO)ncnc32)c1,0
CCN(CC)C(=O)CN1N/C(=C2/C=CC=CC2=O)N=C1SCC(=O)Nc1ccc(OC)cc1,0
CC1=CC(=O)N2C(=NC(Nc3ccc(C)cc3)=NC2c2ccccc2)N1,0
O=c1c2nnn(Cc3ccc(Cl)cc3)c2ncn1Cc1ccc(F)cc1,0
Cc1ccc(NC2=Nc3ccccc3CS2)cc1,0
CCCCNC(=O)CS(=O)Cc1nc(-c2cccc(C)c2)oc1C,0
COc1cc(SC)ccc1C(=O)Nc1ccon1,0
Cc1csc(NC(=O)c2c(O)n(CC(C)C)c3c(c2=O)CCCC3)n1,0
O=C(CCC1COc2ccccc2O1)NCc1ccco1,0
COc1ccc(S(=O)(=O)NCC(=O)N(CC(=O)NCC2CCCO2)c2cc(C)ccc2C)cc1,0
O=C(CC1SC2=NCCN2C1=O)Nc1ccc(Cl)cc1,0
O=C(Nc1ccc2c(c1)OCO2)c1cccc(Cl)c1,0
CCCSc1nc2c(c(=O)n(C)c(=O)n2C)n1Cc1ccc(C)cc1,0
CC1(C)CC(=O)C(=CNCCN2CCN(CCCCS(=O)(=O)O)CC2)C(=O)C1,0
COC(=O)Cc1cc(=O)nc(/N=C(\N)Nc2ccc(C)cc2C)[nH]1,0
COc1cccc(NC(=O)CCCn2c(=O)[nH]c3ccccc3c2=O)c1,0
CCC(C)Nc1nc2c(c(=O)n(C)c(=O)n2C)n1Cc1cccc(C)c1,0
CC(=O)N1CCN=C1SCc1ccccc1Cl,0
Cn1c(=O)[nH]c(=O)c2c1nc(NC1CCCCC1)n2CC(=O)NC1CCCCC1,0
CCOC(=O)c1c(C)oc2c1c(C(c1ccncc1)N1CCOCC1)c(O)c1ccccc12,0
COc1ccc(CCNC(=O)Cn2nnc(-c3cccs3)n2)cc1OC,0
Cc1ccc2oc(=O)n(CCOc3ccccc3Cl)c2c1,0
CCCCC(CC)Cn1c(N)c(C#N)c2nc3ccccc3nc21,0
COc1ccc2cc(CN(CCCN3CCOCC3)Cc3nnnn3C3CCCCC3)c(=O)[nH]c2c1,0
Cc1cccn2c(=O)c3cc(C#N)c(=N)n(Cc4cccnc4)c3nc12,0
O=C(C1CCCCC1)N1CCCC(c2nc(-c3ccc(F)cc3)no2)C1,0
CC(=O)c1ccc(NS(=O)(=O)Cc2ccccc2)cc1,0
CC(C)c1cc(Nc2cccc(O)c2)cc(C(C)C)c1O,0
O=C(OCc1nnc(-c2ccccc2)o1)C1CCN(S(=O)(=O)c2cccs2)CC1,0
Cc1ccc2c(c1)N(CC(=O)Nc1ccc3c(c1)OCCO3)C(=O)CO2,0
CC(=O)NCCn1c(SCC(=O)NCc2ccco2)nc2ccccc2c1=O,0
O=C(NCc1ccccc1)N1CCC(n2cnc3cc(F)ccc32)CC1,0
Cc1cc2cc(CNC(=O)c3cc4ccccc4o3)ccc2n1C,0
CCOC(=O)N1CCC(c2cc(=O)n3[nH]c(C)c(-c4ccc(F)cc4)c3n2)CC1,0
CS(=O)(=O)N(CC(=O)NCc1ccc2c(c1)OCO2)Cc1ccccc1,0
COc1cccc(-c2nnc(SCc3nc4ccccc4[nH]3)n2N)c1,0
Cc1ccc(C2C(C(=O)c3sc(C)nc3C)=C(O)C(=O)N2CCN(C)C)o1,0
Cc1cc(C)c2oc(=O)cc(CN3CCN(Cc4ccc5c(c4)OCO5)CC3)c2c1,0
CCOC(=O)C1=C(C)N=C2N=C(C)NN2C1c1cc(OC)ccc1OC,0
CCOC(=O)C1=C(c2ccccc2)N=C2N=CNN2C1c1cc(OC)cc(OC)c1OC,0
Cc1cc(C)cc(NC(=O)c2cc(S(=O)(=O)NCc3ccco3)ccc2F)c1,0
O=C(Nc1cccc(OCC(=O)N2CCOCC2)c1)C1CCCCC1,0
CCOc1ccc(N2CC(C(=O)NCCc3ccc(OC)c(OC)c3)CC2=O)cc1,0
O=C(O)c1n[nH]c2c1CCCCC2,0
CC12CCC(=O)N1c1ccccc1C(=O)N2c1ccccc1,0
COc1ccc(CCNC2CC(=O)N(CCc3ccccc3)C2=O)cc1OC,0
COC(=O)c1[nH]c2ccc(C)cc2c1NC(=O)CN1CCCc2ccccc21,0
COc1ccc(Cl)cc1N/C=C1/C(=O)C=C(C)OC1=O,0
COc1ccc(N2CC(C)Cn3c2nc2c3c(=O)n(Cc3ccc(F)cc3)c(=O)n2C)c(OC)c1,0
CC(=O)Nc1ccn(-c2ccccc2)n1,0
O=C(CCC1COc2ccccc2O1)Nc1ccc(Cl)cn1,0
COC(=O)c1ccc(C(=O)OC)c(NC(=O)CSc2nnc(-c3ccccc3Cl)o2)c1,0
CCNC(=O)CC1C(=O)N(c2ccc(F)cc2)C(=O)N1Cc1ccccn1,0
CC(C)CCN1CC(C(=O)N2CCN(c3ccc(F)cc3)CC2)CC1=O,0
CCCN(c1ccc(OCC)cc1)c1ncnc2nc[nH]c12,0
C=CCn1c(SCC(=O)c2cccs2)nc2sc(C)cc2c1=O,0
CCOC(=O)CSc1nc(C)c(C(C)=O)cc1C#N,0
CCOC(=O)N1CCC(NC(=O)C2CCN(c3nc(-c4ccc(OC)cc4)no3)CC2)CC1,0
Cc1ccc(C(=O)N2CCC(C(N)=O)CC2)cc1C,0
COc1cccc(-n2c(C)nc3c(cnn3-c3ccc(C)cc3)c2=O)c1,0
O=C(Nc1ccncc1)c1c(O)n(Cc2ccccc2)c2ccccc2c1=O,0
O=C(CCC(=O)N(c1ccccc1)C(C(=O)NC1CCCC1)c1ccncc1)Nc1cccnc1,0
Cc1nc(CNS(=O)(=O)c2ccccc2F)cs1,0
CCN(CC)C(=O)Cn1c(=O)n(-c2ccccc2)c(=O)n1CC(=O)N(CC)CC,0
COc1ccc(S(=O)(=O)N2CCN(C3CCN(Cc4ccccc4)CC3)CC2)cc1,0
Cc1cc(C)c(OCC(=O)Nc2ccc3c(c2)OCO3)cc1C,0
O=C(c1cccnc1NCc1ccccc1)N1CCOCC1,0
COc1ccc(Cl)cc1C(=O)Nc1ccc2c(c1)OCO2,0
O=C1CC(c2ccc3c(c2)OCO3)c2cc3c(cc2N1)OCO3,0
Cc1nc2c3cnn(-c4ccccc4)c3ncn2n1,0
CCn1c(SCC(=O)OCc2ccccc2)nc2c1c(=O)n(C)c(=O)n2C,0
O=C1c2cccnc2C(O)N1Cc1ccc(F)cc1,0
COc1cccc(C(=O)N2CCN(C(=O)c3cccc4ccccc34)CC2)c1OC,0
CCCOc1ccc(C(=O)NCCCn2ccnc2)cc1,0
CCSc1nnc2c(n1)[nH]c1c(C)cccc12,0
CC1(C)C(c2ccccc2)=[N+]([O-])CN1O,0
Cc1ccc(C)c(S(=O)(=O)N2CCN(CC(=O)NC(=O)NCc3ccccc3)CC2)c1,0
CSc1nc2c(c(=O)n1-c1ccc(C)cc1)SCC2,0
COc1ccc2c(c1OC)C(=O)N(c1ccccn1)C2,0
Cc1nonc1NC(=O)CSc1nc(C2CCCCC2)nc2ccccc12,0
Cc1ccc(Nc2nc(CSc3nnnn3C)cs2)cc1,0
Cc1ccccc1Cn1nnc(C(=O)Nc2cccc(C)c2C)c1N,0
CCCn1c(CN(Cc2ccccc2)Cc2ccccc2)nc2c1c(=O)n(C)c(=O)n2C,0
c1ccc(CCNc2ncnc3nc[nH]c23)cc1,0
Cc1cc(C)nc(N2CCC(C(=O)Nc3nnc(C)s3)CC2)n1,0
COc1ccccc1-n1c(SCC(=O)NC2CCCC2)nc2cccnc21,0
Cc1cccc(C)c1NC(=O)c1ccc(-n2cnnn2)cc1,0
O=C(Nc1ccccc1OC(=O)N1CCCCC1)N1CCCCC1,0
CCCCCCn1c(O)c(C(=O)Nc2c(C)n(C)n(-c3ccccc3)c2=O)c(=O)c2ccccc21,0
COc1ccccc1N1CCN(C(=O)Cc2cccs2)CC1,0
Cc1cc(=O)oc(C)c1C(=O)N1CCN(C(c2ccccc2)c2ccccc2)CC1,0
C=CCn1c(NC(=O)c2ccccc2Cl)c(C#N)c2nc3ccccc3nc21,0
CCCN1C(=O)c2cc(C(=O)NC3CCCC3)ccc2C1O,0
COc1ccc2nc(NC(=O)CN(c3ccc(C)cc3)S(=O)(=O)c3c(C)nn(C)c3C)sc2c1,0
O=C(Cc1cn2ccsc2n1)OCc1ccccc1,0
CCCN1CCC(NC(=O)CC#N)CC1,0
CN(C(=O)CSc1nc2ccccc2n1CCc1ccccc1)C1CCS(=O)(=O)C1,0
Nc1n[nH]c2c1C1(CCCCC1)Cc1ccccc1-2,0
CCOC(=O)C1CCCN(C(=O)Cn2sc3nc(C)cc(C)c3c2=O)C1,0
O=C(CCNS(=O)(=O)c1cccs1)N1CCc2ccccc2C1,0
COc1cccc(OCc2nnc(SCC(=O)OCc3ccccc3)o2)c1,0
O=C(NCc1cccnc1)c1cccc(S(=O)(=O)N2CCCCC2)c1,0
O=C(Nc1ccc2c(c1)oc1ccccc12)N1CCOCC1,0
COc1ccc(NC(=O)CCCn2c(=O)[nH]c3ccccc3c2=O)cc1,0
c1ccc(-n2nnnc2-n2cnc3ccccc32)cc1,0
Cc1nnc(SCCn2c(N3CCC(C)CC3)nc3c2c(=O)n(C)c(=O)n3C)s1,0
CC(C)CC(=O)/N=C1\SC2CS(=O)(=O)CC2N1CCc1ccccc1,0
COc1ccc(Cn2nnnc2C(c2cccs2)N2CCN(c3ccccc3)CC2)cc1,0
CCN(CC)CCCNC(=O)c1nn(-c2ccccc2OC)c(=O)c2ccccc12,0
CN(C(=O)c1coc(=O)c2ccccc12)c1ccc(F)cc1,0
N#Cc1ccc(C(c2nnnn2CCc2ccccc2)N2CCCCCC2)cc1,0
CCC(=O)Nc1ccc(Oc2ccc3c(c2)C(=O)NC3=O)cc1,0
Cc1c(NC(=O)C(C)Sc2nnc(-c3ccccc3)o2)c(=O)n(-c2ccccc2)n1C,0
COC(=O)C1=C(C)NC(=O)NC1c1ccccc1,0
COc1ccccc1C1C(C(=O)NCc2ccccc2)=C(C)N=C2N=CNN21,0
Cc1ccccc1CSc1nncn1N,0
COc1ccc(CC(=O)OCN2C(=O)c3ccccc3C2=O)cc1,0
O=C(c1n[nH]c(=O)c2ccccc12)N1CCN(c2ccccc2Cl)CC1,0
CCOC(=O)c1sc(NC(=O)c2c(C)nn(Cc3ccccc3)c2C)cc1C,0
Cc1ccc(-c2nn(-c3ccccc3)cc2/C=C(\C#N)c2cccc(C#N)c2)o1,0
COc1cc(OC)cc(C(=O)Nn2c(C)nc3ccccc3c2=O)c1,0
CCn1c(SCc2cccc(C(=O)O)c2)nnc1-c1ccccc1,0
O=C(NCc1ccccn1)C1CCN(S(=O)(=O)c2cccs2)CC1,0
Cc1cccc(-n2nnc(C(=O)N3CCc4ccccc4C3)c2N)c1,0
O=C(O)c1ccc(C(=O)c2ccc3c(c2)C(=O)N(Cc2ccco2)C3=O)cc1,0
Cc1ccc2[nH]c(=O)c(COC(=O)c3ccccn3)cc2c1,0
COc1ccc(-n2c(O)cc(=O)nc2SC)cc1,0
Cc1ccc(N2CCN(S(=O)(=O)N(C)C)CC2)c(C)c1,0
O=C(NCc1ccco1)c1cc(-c2cccnc2)nc2ccc(Cl)cc12,0
CCC(=O)Oc1cccc(C(=O)Nc2ccc(-c3nnc(-c4ccco4)o3)cc2)c1,0
CCOC(=O)C1CCN(C/C=C/c2ccccc2OC)CC1,0
O=C(NCCOC(=O)c1ccc(C(=O)OCCNC(=O)c2ccccc2)o1)c1ccccc1,0
O=C(NCCc1ccc2c(c1)OCO2)C1CCN(S(=O)(=O)c2ccc(Cl)cc2)CC1,0
CCn1nnnc1-c1ccc(OC)c(S(=O)(=O)NCCc2ccccc2)c1,0
Nc1cnn(C2CCCO2)c(=O)n1,0
Cc1csc(NC(=O)c2nc(-c3ccccc3)n(-c3ccccc3)n2)n1,0
CC(=O)C1=C(C)NC(SCC(=O)c2ccccc2)=C(C#N)C1c1ccco1,0
Cc1cnn(-c2cc(Oc3ccccc3)ncn2)c1,0
c1ccc(-n2nnnc2Oc2ccc(-c3nnco3)cc2)cc1,0
CN(C)CCN1C(=O)C(O)=C(C(=O)c2ccco2)C1c1ccccc1F,0
Cc1[nH]n(C(C)(C)C)c(=O)c1Sc1ccc(Cl)cc1,0
COC(=O)CSC1=C(C#N)C(c2ccc(C)cc2)C2=C(CCCC2=O)N1,0
O=C(NCc1ccccc1)c1cc(=O)nc2sc(-c3ccccc3)nn12,0
CN1CCN(Cc2cc(=O)oc3cc4c(cc23)CCC4)CC1,0
C1CCC(n2nnnc2CN2CCCC2)CC1,0
O=C(C1CCCN1C(=O)c1cccs1)N1CCc2ccccc21,0
Cc1ccc(NC(=O)C(C)N2CCOCC2)c(C(=O)c2ccccc2)c1,0
CC(=O)C1=C(O)C(=O)N(c2ccc(C(=O)O)cc2)C1c1ccccc1,0
CCOC(=O)c1ccc(NC(=O)CN2CCN(c3ccccc3)CC2)cc1,0
O=C(NCc1ccccc1)N(Cc1cc2cc3c(cc2[nH]c1=O)OCCO3)CC1CCCO1,0
CC(C)CNS(=O)(=O)c1ccc(C(=O)Nc2ccc3c(c2)OCCO3)cc1,0
COC(=O)CSc1nc2ccccc2nc1SCC(=O)OC,0
CCOc1ccc(Cc2nc(=O)c(CC(=O)N3CCOCC3)c(C)[nH]2)cc1,0
COCCCNC(=O)C1CC(=O)N(CCc2ccc(OC)c(OC)c2)C1,0
COc1ccc(-n2c(C)cc(C(=O)COc3ccc(-n4cnnn4)cc3)c2C)cc1,0
COC(=O)c1ccc(NC(=O)CN2CCOCC2)cc1,0
CC(=O)N1CCN(c2ccc(N/C=C3\C(=O)NC(=O)N(c4ccc(Cl)cc4)C3=O)cc2)CC1,0
COCCn1c(-c2ccc(OC)cc2)cnc1SCC(=O)Nc1cc(C)on1,0
COc1ccc(Cl)cc1NC(=O)c1c(-c2ccccc2)noc1C,0
Cc1nn(-c2ccccc2)c(C)c1C(=O)OCC(=O)C(C#N)=C1Nc2ccccc2N1,0
CCCN(CC1CC1)C(=O)Nc1ccccc1C,0
Cc1ccc2c(c1)NC(=O)C(CC(=O)NCCN(CC(C)C)CC(C)C)O2,0
Cc1cccc(NC(=O)Cn2cnc3ccc(S(=O)(=O)N4CCC(C)CC4)cc3c2=O)n1,0
COc1ccc(OC)c(C(=O)CSc2nnc(-c3cccs3)o2)c1,0
COc1ccc(N(CC(=O)N2CC=C(c3ccccc3)CC2)S(=O)(=O)c2c(C)noc2C)cc1,0
Cc1ccc2c(CN3CCN(S(=O)(=O)c4ccc5c(c4)OCCO5)CC3)cc(=O)oc2c1C,0
O=C(NCc1nnc(SCC(=O)N2CCCC2)o1)c1ccccc1F,0
CCn1c(=O)c2c(nc3n2CCCN3CCc2ccccc2)n(C)c1=O,0
COc1ccccc1CNC(=O)C(C)NS(=O)(=O)c1ccc(C)cc1,0
CC(=O)Nc1ccc(NC(=O)Cn2c(CC(=O)N3CCCC3)nc3ccccc32)cc1,0
COc1cc(C(=O)N2CCN(C(=O)COc3ccc4ccccc4c3)CC2)cc(OC)c1OC,0
O=C(CN1C(=O)c2ccccc2S1(=O)=O)N1CCN(c2cccc(Cl)c2)CC1,0
COc1cccc(NS(=O)(=O)c2cc(C)ccc2OC)c1,0
CCN1CCCC1CNC(=O)c1cn(C)c2ccc(S(=O)(=O)N3CCCCCC3)cc2c1=O,0
O=C(CNC(=O)c1ccco1)OCc1cccc(Cl)c1,0
CCc1ccc(N(CC(=O)NC)S(C)(=O)=O)cc1,0
O=C(Cc1cccs1)N1CCC(c2nc3n(Cc4ccc(F)cc4)[nH]nc-3c(=O)n2)CC1,0
Cc1nnc(SCc2cccc(Oc3ccccc3)c2)n1N,0
O=C(Nc1c(C(=O)Nc2ccc3c(c2)OCCO3)cnn1-c1ccccc1Cl)c1ccco1,0
COCCn1c(=S)[nH]c2cc(OC)c(OC)cc2c1=O,0
Cc1nn(CCCC(=O)N2CCc3ccccc3C2)c(=O)c2cc3sccc3n12,0
CCC1CCCCN1CCNS(=O)(=O)c1ccc2c(c1)oc(=O)n2C,0
COc1ccccc1NC(=O)Cn1cnc2c(oc3ccccc32)c1=O,0
CCOC(=O)CSc1nc(N)c(C(=O)Nc2ccc(N(C)C)cc2)s1,0
Cc1ccc2nc(-c3ccncc3)cc(C(=O)N3CCC4(CC3)OCCO4)c2c1,0
CCC(=O)Nc1nc2ccccc2n1CCN(CC)CC,0
CCOC(=O)N1CCN(c2c(N3CCN(c4ccccn4)CC3)c(=O)c2=O)CC1,0
O=C(Nc1ccc2ccccc2c1)c1cnccn1,0
CCN(c1cccc(C)c1)c1ncnc2nc[nH]c12,0
C=CCC1(CN2CCCCCC2=O)C(=O)NC(=O)NC1=O,0
O=C(c1nc(-c2ccccc2)n(-c2ccccc2)n1)N1CCN(S(=O)(=O)c2ccccc2)CC1,0
O=C(CS(=O)(=O)c1c[nH]c2ccccc12)N1CCCCC1,0
N#Cc1c(SCC(=O)Nc2nccs2)nc2c(c1-c1ccco1)CCCC2,0
N=c1c(C(=O)NCc2ccco2)cc2c(=O)n3ccccc3nc2n1CCc1ccccc1,0
CN1CCc2c(C#N)c(N3CCCCC3)nc(N3CCOCC3)c2C1,0
N#CC1=C(N)N2C(=C(C#N)C13CCN(Cc1ccccc1)CC3)Nc1ccccc12,0
CC(=O)NCCn1c(SCC#N)nc2ccccc2c1=O,0
O=C(CSc1nnc(CCc2nc3ccccc3[nH]2)n1-c1ccccc1)NCc1ccco1,0
CCOC(=O)C1C(=O)CC(O)(c2ccccc2)CC1c1ccccc1,0
Cc1onc(-c2c(F)cccc2Cl)c1C(=O)Nc1nnc(C2CC2)s1,0
COc1ccc(-c2cn3c(C)c(C(=O)NCCN4CCOCC4)sc3n2)cc1,0
COc1ccc(S(=O)(=O)N2CCN(C(=O)NCc3ccccc3)CC2)cc1,0
COc1ccc(-c2nnc(SCC(=O)N3CCN(c4ccccc4)CC3)o2)cc1OC,0
O=c1cc(-c2ccccc2)nc2nc(COc3ccccc3)[nH]n12,0
c1ccc(Cn2ncc3c(N4CCCCC4)ncnc32)cc1,0
CC1=N/C(=C\N(O)C(C)(C)/C=N/O)[N+]([O-])=C1C,0
CCOc1cc(C2C(C(=O)c3ccc(C)o3)=C(O)C(=O)N2CCc2ccccc2)ccc1O,0
COc1ccc(CNC(=O)c2ccc(NS(=O)(=O)c3c(C)noc3C)cc2)cc1,0
CC(NC(=O)c1noc2c1CCCCC2)c1ccccc1,0
CCOc1cc(C)c(S(=O)(=O)N2CCCC2)cc1C,0
Cc1ccc(Nc2nc(=O)cc(CSc3nnnn3-c3ccccc3)[nH]2)cc1,0
O=C(Nc1nc(-c2ccc(S(=O)(=O)N3CCCC3)cc2)cs1)c1ccco1,0
CC(C)NC(=O)N(O)C1N(Cc2ccc3c(c2)OCO3)C(=S)SC1(C)C,0
Cc1n[nH]c(C)c1S(=O)(=O)N1CCCCCC1,0
O=C(c1ccccc1-c1ccccc1)N1CCN(c2ccccn2)CC1,0
Cc1cc(C(=O)CSc2nnc(-c3ccccc3)n2Cc2ccc3c(c2)OCO3)c(C)n1C,0
CCCn1/c(=N/C(=O)c2ccc3c(c2)OCO3)c(C#N)cc2c(=O)n3cccc(C)c3nc21,0
CCOC(=O)c1cccc(NC2c3ccccc3C(=O)N2Cc2ccco2)c1,0
O=C(CSc1nnc(COc2ccccc2)n1-c1ccccc1)c1cccs1,0
COc1ccc2nc(SCC(=O)Nc3ccc(S(=O)(=O)N4CCCC4)cc3)c(C#N)cc2c1,0
CCN(CC)c1nc(N2CCOCC2)c(C#N)c2c1CN(C)CC2,0
CC(=O)N1CCN(c2ccc(NC(=O)c3ccc(C(C)(C)C)cc3)cc2)CC1,0
CCOc1cccc(C(=O)N2CCCCC2c2cccnc2)c1,0
NC(=O)c1c(NC(=O)Cc2cccs2)sc2c1CCC2,0
C/C(=N\O)c1cc2ccccc2oc1=O,0
COC(=O)C1=C(C)NC2=C(C(=O)CC(C)(C)C2)C1c1cccc(C)n1,0
O=C(Cc1cccs1)Nc1ccccc1NC(=O)Cc1cccs1,0
O=S(=O)(Cc1ccccc1)NCC1CCCO1,0
COc1ccc(C2/C(=C(/O)c3cnn(-c4ccccc4)c3C)C(=O)C(=O)N2CCN(C)C)cc1OC,0
Cc1ccc(S(=O)(=O)N2CCN(S(=O)(=O)N(C)C)CC2)cc1,0
O=C(CCNS(=O)(=O)c1cccc2nsnc12)N1CCc2ccccc21,0
Nn1c(Cc2ccccc2F)nnc1SCC(=O)N1CC(=O)Nc2ccccc21,0
Cn1c(C2=C(N)N(c3ccc4c(c3)OCCO4)CC2=O)nc2ccccc21,0
CON(C)c1nc(Oc2ccc(=O)[nH]n2)nc(N(C)C)n1,0
Cc1nc2ccccc2c2oc(C(=O)NCCCN3CCC(C)CC3)cc12,0
O=C(Cn1cccc1C(=O)c1ccccc1)NCCCN1CCOCC1,0
C/N=C(/Nc1cc(C)nn1-c1ccccc1)c1ccc(F)cc1,0
CCOC(=O)C1CCN(c2ncnc3c2oc2ccccc23)CC1,0
CN1CCN(C(=O)c2ccc3c(c2)NC(=O)C(N2CCOCC2)S3)CC1,0
c1ccc(-n2ncc3c2ncn2nc(-c4ccco4)nc32)cc1,0
O=C(c1cccc(F)c1)N1CCN(S(=O)(=O)c2ccccc2)CC1,0
CC(=O)NS(=O)(=O)c1ccccc1,0
COCCNC(=O)c1ccc(Cn2c(=S)[nH]c3cc4c(cc3c2=O)OCO4)cc1,0
O=C(CCCN1C(=O)c2ccccc2C1=O)Nc1ccccn1,0
Cc1ccc(-c2nnc(CSc3nncn3N)o2)cc1,0
O=C(Nc1nc2cc3c(cc2s1)OCO3)C1=COCCO1,1
C=CCn1c(SCC(=O)c2ccc(OC)cc2)nnc1C(C)NC(=O)c1cccs1,0
NC(=O)C1CCN(c2oc(-c3ccccc3F)nc2S(=O)(=O)c2ccc(Cl)cc2)CC1,0
CC1CCN(C(=O)CCNS(=O)(=O)c2ccccc2)CC1,0
CC(C)(C)Cc1nnc(NS(=O)(=O)Cc2ccccc2)s1,0
COc1ccc(N/C(=N/C(=O)C(C)C)Nc2nc(C)cc(C)n2)cc1OC,0
COc1ccc(OCCCC(=O)Nc2nnc(C3CCCO3)s2)cc1,0
CCOC(=O)N1CCc2c(sc(NC(=O)c3ccc(S(=O)(=O)N4CCCC4)cc3)c2C#N)C1,0
O=C(c1ccc2ccccc2n1)N1CCN(c2ccccc2)CC1,0
COc1ccc(C(=O)NCc2nnc(SCC(=O)Nc3cc(C)cc(C)c3)o2)cc1OC,0
Cc1ccccc1Cn1cc(S(=O)(=O)CC(=O)N2CCCCC2)c2ccccc21,0
CC1C2CC(C(S(=O)(=O)N3CCOCC3)C2=O)C1(C)C,0
CSCCNC(=O)c1ccc(C(C)(C)C)cc1,0
CC1CN(C2CCN(C(=O)c3ccccc3Cl)CC2)CC(C)O1,0
COc1cc(C2C(C#N)=C(N)Oc3c2oc(CO)cc3=O)cc(OC)c1OC,0
COc1ccc(N2CCN(C(=O)CC3NC4CCCCC4NC3=O)CC2)cc1,0
CSc1ccc(C(=S)N2CCN(CCO)CC2)cc1,0
Cc1ccc(NC(=O)N2C(=O)C3(OCCO3)c3ccccc32)cc1,0
Cc1noc2nc(-c3cccs3)cc(-c3nnc4n3CCCCC4)c12,0
c1ccc(N2CCN(Cc3cn4cccnc4n3)CC2)cc1,0
COC(=O)Nc1sc2c(c1C(=O)NCc1ccco1)CCC2,0
Cc1cc(NC(=O)C2CCCC2)nc2c1c(=O)oc1ccccc12,0
CCOc1ccccc1N1C(=O)CC(N(O)c2ccccc2)C1=O,0
N#CC1=C2SCC(O)(c3ccccc3)N2C(=O)CC1c1ccccc1,0
CC(/C=N/n1cnnc1)=C\c1ccco1,0
Cc1ccc(C(=O)NCc2cccs2)cc1S(=O)(=O)N1CCCCC1,0
O=C(CN1C(=O)c2ccccc2S1(=O)=O)NCCSCc1ccco1,0
Cn1c(=O)[nH]c(=O)c2c1nc(N1CCNCC1)n2CCOc1ccccc1,0
CCOC(=O)CNC(=O)CSc1nnc(Cn2c(=O)sc3ccccc32)n1-c1ccccc1,0
CNC(=O)CN(Cc1ccccc1)S(=O)(=O)c1ccccc1,0
COc1ccc(NC(=O)CSc2nnc(Cc3cccn3C)n2CCc2ccccc2)cc1OC,0
CCOC(=O)CSc1nc(C)c(C(=O)OCC)s1,0
CCOC(=O)c1cccc(NC(=O)CSc2nnc(C3CCCCC3)n2CC)c1,0
Cn1nc(-c2ccc(OCC(=O)NCC3CCCO3)cc2)c2ccccc2c1=O,0
Cc1ccc(CS(=O)(=O)Cc2ccc(C(=O)NCc3cccnc3)o2)cc1,0
Cc1ccc(NC(=O)c2cc(C)on2)cc1,0
CC(=O)c1c(C)oc(C)c1CSCc1ccc(C(=O)O)o1,0
O=S(=O)(c1ccc(S(=O)(=O)N(Cc2ccc(F)cc2)C2CCCC2)cc1)N1CCCC1,0
CCOc1ccccc1-c1nc(-c2ccc(NC(=O)Cc3ccc(OC)cc3)cc2)no1,0
Cc1ccc(S(=O)(=O)N(C)Cc2cc3ccccc3[nH]c2=O)cc1,0
CCCc1[nH]nc2c1C(Cc1ccccc1)C(C#N)=C(N)O2,0
COc1ccc(C2NC(=O)NC3=C2CCc2ccccc23)cc1,0
Nc1nc(SCc2ccc3c(c2)OCO3)n[nH]1,0
CCCCN1C(=O)/C(=C2\SC(N3CCCCC3)=NC2=O)c2ccccc21,0
Cc1cccc(NC(=O)c2cnc3sccn3c2=O)c1,0
CCOC(=O)C(Cc1ccccc1)NC(=O)CCc1c(C)nc2ncnn2c1C,0
O=C(Nc1cccc(F)c1)NC1CC2CCCC(C1)N2C1CC1,0
Cc1ccc(NC(=O)Cn2nnc(C(=O)NCc3ccccc3)c2N)cc1C,0
CC1CCN(C(=O)C2=C/C(=C3/C=CC=CC3=O)ON2)CC1,0
CS(=O)(=O)Nc1ccc(C(=O)NCc2ccccn2)cc1,0
Cc1cc(C)n2nc(CC(=O)NC3CCCCCC3)nc2n1,0
Cc1nc2ccccc2n1CCC(=O)Nc1cccc(F)c1,0
COc1cccc(OC)c1OCCCOc1c(OC)cccc1OC,0
CCn1c(COc2cccc(OC)c2)nnc1SCC(=O)Nc1cc(OC)ccc1OC,0
CCCNC(=O)c1c[nH]c2ccc(S(=O)(=O)N(C)c3ccc(OCC)cc3)cc2c1=O,0
COC(=O)c1ccc2c(=O)n3c(nc2c1)SCC(c1ccccc1)=N3,0
CCOC(=O)c1nc(NCc2cccnc2)c2ccccc2n1,0
CCOC(=O)C1CCN(C(=O)CSC2=NCCS2)CC1,0
Cc1ccc(OCCn2c(NC(=O)c3ccco3)nc3ccccc32)cc1,0
Cn1cccc1Cc1nnc(SCC(=O)Nc2ccc3c(c2)OCCO3)n1CCc1ccccc1,0
Cc1ccc(NC(=O)NC2(C(=O)NCc3ccco3)CCCCC2)cc1,0
CS(=O)(=O)Nc1ccc(C(=O)NCc2ccc3c(c2)OCO3)cc1,0
O=C(NCCc1ccccc1)C1CCCN(S(=O)(=O)c2cccnc2)C1,0
COc1ccc(C2C(C(=O)OC3CCCCC3)=C(C)N=C3N=NNN32)c(OC)c1OC,0
O=C(CN1CCN(Cc2ccccc2)CC1)NC(=O)NC1CCCCC1,0
Cc1c(N2C(=O)CSC23C(=O)Nc2ccccc23)c(=O)n(-c2ccccc2)n1C,0
O=C(Cn1nnc(-c2ccccc2NC(=O)c2ccco2)n1)NC1CCCCC1,0
CCOC(=O)c1nn(-c2c(C)n(C)n(-c3ccccc3)c2=O)cc1O,0
COc1ccc(S(=O)(=O)Nc2cc(C(=O)NC3CCCCCC3)ccc2N2CCOCC2)cc1,0
Cc1cc(SCC#N)n2nc(C)c(-c3ccccc3)c2n1,0
COc1cccc(OC)c1C(=O)Nc1ccc(CN2CCOCC2)cc1,0
CCCS(=O)(=O)N1CCN(C(=O)c2cccnc2)CC1,0
Cc1cccc(NC(=O)CSc2nnc(-c3ccccc3C)o2)c1,0
Cc1ccc(C(=O)Nc2nc3ccccc3s2)s1,0
C/C(Cl)=C\Cn1c(Nc2ccccc2)nc2c1c(=O)n(C)c(=O)n2C,0
CC(=O)Nc1c(C(=O)O)[nH]c2ccccc12,0
CCN(CC)CCCN(Cc1cc2cc(OC)ccc2[nH]c1=O)C(=O)Nc1ccccc1,0
CN(C)S(=O)(=O)CC12CCC(CC1=O)C2(C)C,0
CCOc1ccc(C2SCC(=O)Nc3c2c(=O)[nH]n3C2CCCCCC2)cc1,0
CCOC(=O)C1(CCSC)NC(c2ccco2)C2C(=O)N(C)C(=O)C21,0
CC(NC(=O)c1ccc(S(=O)(=O)N(C)C)cc1)c1ccccc1,0
CCOC(=O)C(C)Sc1nc(-c2cccs2)ccc1C#N,0
Cc1c(NS(=O)(=O)c2cccc3nsnc23)c(=O)n(-c2ccccc2)n1C,0
O=C(CCn1cnc2ccccc2c1=O)Nc1ccc2c(c1)OCCO2,0
COc1ccc(CN2CCCCC2c2cccnc2)cc1C,0
COc1nc(-c2ccccc2)ccc1-c1noc(COc2ccccc2)n1,0
CC(O)c1nc2ccccc2n1C/C=C/c1ccccc1,0
O=C(Oc1ccnc2cc(Cl)ccc12)N1CCOCC1,0
O=C(CCN1CCN(CCO)CC1)Nc1ccc(OCc2ccccc2)cc1,0
COC(=O)c1ccc(Oc2cc(C)nc(NCc3ccccc3)n2)cc1,0
Nc1ncn(CC(O)CN2CCOCC2)c2nc(N3CCOCC3)nc1-2,0
Cn1c(=O)n(CC(=O)NC2CCCCC2)c(=O)c2ccccc21,0
O=S(=O)(c1ccc(C2CCCCC2)cc1)N1CCN(c2ncccn2)CC1,0
COc1cc(OC)nc(NC(=O)COC(=O)C2CCCCC2)n1,0
CCOC(=O)C1=C2N(C)c3ccccc3N2CCC1=O,0
O=C(COC(=O)c1ccc(Cl)c(S(=O)(=O)N2CCCC2)c1)NC1CCCC1,0
O=C(CSc1nnc(-c2ccncc2)n1Cc1ccco1)Nc1ccccc1Cl,0
O=C(c1ccc2c(c1)OCCO2)C1CCN(C(=O)c2ccc(F)cc2)CC1,0
O=C(c1cc(C2CC2)on1)N1CCN(c2ccc(F)cc2)CC1,0
CCCOC(=O)NC1C(NC(=O)OCCC)N(C)C(=O)N1C,0
O=S(=O)(c1ccc(N2CC=C(c3ccccc3)CC2)nc1)N1CCCC1,0
COc1cc2[nH]c(=S)n(CC3CCCO3)c(=O)c2cc1OC,0
Cc1ccc(-c2cc(-c3ccc4c(c3)OCO4)c(C#N)c(N)n2)o1,0
COc1cccc(OC)c1C(=O)N1CCN=C1SCc1cccnc1,0
CCOc1cc(C2C(C(=O)c3ccco3)=C(O)C(=O)N2CCc2ccccc2)ccc1O,0
CCOC(=O)c1[nH]c2ccc(OCC)cc2c1NC(=O)CN1CCN(c2ccccc2)CC1,0
COc1ccccc1NC(=O)CN1C(=O)C(C)Oc2ccccc21,0
O=C(CSc1nnc(CNc2ccc(F)cc2)n1Cc1ccccc1)N1CCOCC1,0
CC1CCN(Cc2nc3c(c(=O)n(C)c(=O)n3C)n2CCc2ccccc2)CC1,0
COC(=O)c1ccc2c(=O)n(CCCCCC(=O)N3CCN(c4ccccc4)CC3)c(=O)[nH]c2c1,0
COc1cccc(Nc2nnc(SCC(=O)N3CC(C)OC(C)C3)s2)c1,0
Cc1cccc(-c2noc(CN(C(=O)c3ccc4c(c3)OCO4)C(C)C)n2)c1,0
Cc1ccc(S(=O)(=O)N2CCN(S(=O)(=O)N3CCCCC3)CC2)cc1,0
CCc1nnc(NC(=O)c2cccc(S(=O)(=O)N3CCc4ccccc43)c2)s1,0
Cc1ccc(N2C(=O)/C(=C\Nn3cnnc3)c3ccccc3C2=O)cc1,0
O=C(Nc1ccc(CN2CCOCC2)cc1)c1cccc(F)c1,0
NC(=O)N1c2ccccc2C=Cc2ccccc21,0
CCOC(=O)CSc1nc2cc(C(=O)N3CCC(C(N)=O)CC3)ccc2c(=O)n1-c1ccccc1,0
CN1CCN(Cc2c(O)ccc3occ(C(=O)c4ccccc4)c23)CC1,0
CCOC(=O)C1=CC2(CC)CCCN3CCc4c(n1c1ccccc41)C32,0
COc1cccc(-n2c(COc3ccc(C)cc3)nnc2SCC(N)=O)c1,0
Cc1ccc2nc(-c3ccc(SCC(=O)O)nc3)[nH]c2c1,0
Cc1nc2nc[nH]n2c(=O)c1CCC(C)C,0
Cc1ccc(C)c(-n2c(SCC(=O)Nc3nnc(C)s3)nnc2-c2ccoc2C)c1,0
COc1ccccc1N1CCN(C(=O)c2ccc(NC(C)=O)cc2)CC1,0
O=C(O)C1CCCCC1C(=O)NCc1ccc(F)cc1,0
O=S(=O)(c1ccccc1)c1nc(-c2cccs2)oc1NCC1CCCO1,0
COC(=O)CSc1n[nH]c(-c2ccncc2)n1,0
Cc1c(-c2nc(N)nc(Nc3ccccc3)n2)oc2ccccc12,0
COc1ccc(S(=O)(=O)Nc2nnc(C(C)(C)C)s2)cc1,0
CCCCOc1cc(=O)[nH]c(=O)[nH]1,0
CCc1nnc(NC(=O)CSc2nnc(COc3ccccc3C)o2)s1,0
O=C(CN1C(=O)c2cccc3cccc1c23)Nc1cccnc1,0
Cc1n[nH]c(N2CCc3ccccc3C2)nc1=O,0
CN(C)c1ccc(C(CC(=O)O)NC(=O)c2ccc(Cl)cc2)cc1,0
COc1ccc(-n2nnnc2SCC#CCO)cc1,0
O=S(=O)(c1cccc(S(=O)(=O)N2CCC(N3CCCCC3)CC2)c1)N1CCOCC1,0
CCOc1ccc(N(CC(=O)NCc2ccc(OC)cc2)S(=O)(=O)c2c(C)noc2C)cc1,0
Cc1ccc(Cn2c(NC(=O)c3ccco3)nc3ccccc32)cc1,0
CC(C)NS(=O)(=O)c1ccc2c(c1)oc(=O)n2C,0
CCOC(=O)CCc1cccc2c1CCC2=O,0
Cc1cc(Cl)cc(C)c1OCCCCN1CCOCC1,0
CCN(CC)CCN/C=C1\C(=O)NC(=O)N(CCC2=CCCCC2)C1=O,0
Cc1cc(C)nc(SCC(=O)Nc2ccc(N3CCOCC3)c(Cl)c2)n1,0
CCOc1ccc(C(=O)N(C)C2CCS(=O)(=O)C2)cc1,0
CCN1CCN(c2c(Cl)cccc2NC(=O)c2ccco2)CC1,0
O=C(O)CC(Cn1cnnn1)c1ccccc1,0
COC1=CC=C/C(=C\NCCNC(=O)c2nonc2N)C1=O,0
CCCSCCCNC(=O)CC1Oc2ccccc2NC1=O,0
Cn1nnc2cc(C(=O)Nc3cccnc3)ccc21,0
O=[n+]1c2c(n([O-])c3cc(F)c(N4CCCC4)cc31)CCC2,0
C=C(C)C1Cc2c(C)nn(-c3nc(C)cc(C)n3)c2C1,0
COc1ccc(OC)c(-n2c(-c3cccc(O)c3)n[nH]c2=S)c1,0
CCOC(=O)Cn1cc(-c2ccccc2)nn1,0
CCn1c(SCC(=O)Nc2sc(C)c(C)c2C#N)nnc1C(C)C,0
N#Cc1c(N)c(C(=O)c2ccc(Cl)cc2)n2c1CCC2,0
CCCNC(=O)c1ccccc1NS(=O)(=O)c1ccc2c(c1)OCCO2,0
O=C(NCc1ccc(Cl)c(Cl)c1)c1cccnc1,0
Cc1ccc(C)c(NC(=O)Cn2nnc(C(=O)Nc3c(C)cccc3C)c2N)c1,0
O=C(c1ccco1)N1CCN(C(=O)c2cc(-c3ccccn3)nc3ccc(Cl)cc23)CC1,0
COc1ccc(OCCNS(=O)(=O)c2ccccc2)cc1,0
Cc1ccc(OCC(=O)Nc2ccc(N3CCCC3)cc2)cc1C,0
O=C(C1CCCN(S(=O)(=O)c2cccc3nsnc23)C1)N1CCN(c2ccccn2)CC1,0
CCCc1cc(N2CCCC2)n2nc(C)c(-c3ccccc3)c2n1,0
C=CCOc1ccccc1C1C2=C(CC(C)(C)CC2=O)Nc2c1c(=O)n(C)c(=O)n2C,0
O=C(CSc1nnc(CNc2ccc(F)cc2)o1)N1CCN(C(=O)c2ccco2)CC1,0
CCOC(=O)c1c(N)n(Cc2ccc(OC)cc2)c2nc3ccccc3nc12,0
Clc1ccccc1N1CCN(c2ncnc3nc[nH]c23)CC1,0
COc1ccc(C)cc1NC(=O)c1cc2c(C)nc3ccccc3c2o1,0
N#C/C(C(=O)NCc1ccccc1)=C1\SC(CCO)C(=O)N1c1ccccc1,0
O=C(COc1ncnc2sccc12)Nc1ccc2c(c1)OCCO2,0
CC1(C)Cc2c(C#N)c(N3CCN(C(=O)c4ccccc4)CC3)nc(-c3ccco3)c2CS1,0
COCCNC(=O)c1cn(C)c2ccc(S(=O)(=O)N(C)C3CCCCC3)cc2c1=O,0
CCOC(=O)C1CCN(S(=O)(=O)c2ccc(C(=O)OC)cc2)CC1,0
O=C(Nc1nncs1)c1ccc(S(=O)(=O)c2ccccc2)cc1,0
CCOC(=O)c1cnc(SCC(=O)Nc2sc(C)c(C)c2C#N)nc1N,0
CCOC(=O)c1cc(-c2ccccc2)n(CC(=O)O)c1C,0
CCOc1ccc2[nH]c(=O)c(CN(CCO)C(=O)c3ccccc3F)cc2c1,0
COc1ccc(Nc2nc3ccccc3c(=O)s2)c(OC)c1,0
COc1cc2[nH]c3c(N4CCN(c5ccccn5)CC4)ncnc3c2cc1OC,0
N#Cc1c(N)nc(-c2ccccc2)nc1-c1ccccc1,0
O=C(NC1CCS(=O)(=O)C1)N1CCCCC1,0
COc1cccc(COc2nc3c(c(=O)n(C)c(=O)n3C)n2C)c1,0
Cc1ccc2c(COC(=O)c3cnc(C)cn3)cc(=O)oc2c1,0
CC(=O)N1c2ccccc2NC2=C(C(=O)CCC2)C1c1cccnc1,0
NC(=O)CSc1nnc(-c2ccncc2)n1CCc1ccccc1,0
COc1cccc(-c2nnc(SCC(=O)Nc3cc(C)ccc3OC)n2N)c1,0
COc1cccc(CNc2nc3ccccc3n2CCN2CCCCC2)c1,0
CC(=O)N(C)c1ccc(OCC(O)COc2ccc(N(C)C(C)=O)cc2)cc1,0
Cc1ccc(C(=O)NCc2ccc3c(c2)OCO3)cc1S(=O)(=O)N1CCOCC1,0
CC1(N2CCOCC2)CC2(O)C(=[N+]1[O-])CCc1nonc12,0
Cc1ccc(NC(=O)c2cccs2)cc1NC(=O)c1ccco1,0
CCCCOc1ccccc1-c1cc(C(=O)O)[nH]n1,0
Cc1[nH]c2ccccc2c1C1=CN2CCS(=O)(=O)N=C2S1,0
COC(=O)c1ccc(COC(=O)C23CC4CC(CC(O)(C4)C2)C3)o1,0
CCc1nnc(NC(=O)CCC(=O)N2CCN(CCc3ccccc3)CC2)s1,0
CCOc1ccccc1NC(=O)N1C2CCCC1CC(NC(=O)C1CC1)C2,0
O=C1CC(c2ccc(F)cc2)CC(=O)C1=CNCCN1CCN(C(=O)Nc2ccccc2)CC1,0
COCCN1CCN(c2c(C)c(C)nc3cc(-c4cccc(OC)c4)nn23)CC1,0
CCOC(=O)C1=C(C)N=C2N=NNN2C1c1c[nH]c2ccccc12,0
COc1ccc(NC(=O)C2CCCN(C(=O)NC3CCCCC3)C2)cc1OC,0
COc1nc(-c2ccccc2)ccc1-c1noc(-c2ccccc2)n1,0
CCc1nnc(NC(=O)c2ccc(S(=O)(=O)N3CCCCC3C)cc2)s1,0
O=C(c1cnccn1)N(c1ccccc1)C1(C(=O)NC2CCCCC2)CCCCC1,0
COc1ccc(C(C)=O)cc1COC(=O)c1c(C)noc1C,0
CCc1ccc2c(COC(=O)c3n[nH]c4ccccc34)cc(=O)oc2c1,0
COc1ccc(C(=O)N2CCN=C2SC)cc1OC,0
CC(C)OC(=O)c1c(NC(=O)CCn2nnc3ccccc32)sc2c1CCCC2,0
O=C(O)c1ccccc1OCCOCCOc1ccccc1C(=O)O,0
COc1ccc(CN2CCN(c3cc(C)nc4c5c(C)cc(C)nc5nn34)CC2)cc1F,0
Cc1ccc(Cl)c(OCC(=O)Nc2ccc3c(c2)OCCO3)c1,0
Cc1cc(=O)n2nc(N3CCCC(C(=O)NCCCN4CCc5ccccc5C4)C3)sc2n1,0
CCN(CC)CCN1C(=O)C(=O)/C(=C(/O)c2ccc(C)cc2)C1c1cccnc1,0
Cc1[nH]nc2c1C1(CCN(Cc3ccccc3)CC1)C(C#N)=C(N)O2,0
CCSc1nc(N)c2c3c(sc2n1)CN(C)CC3,0
CNC(=O)c1ccccc1NC(=O)c1cccc(S(=O)(=O)N2CCC(C)CC2)c1,0
Cn1nccc1C(=O)Nc1ccccc1C(=O)O,0
O=C(CSc1nc2scc(-c3ccco3)c2c(=O)n1-c1ccccc1)N1CCOCC1,0
CS(=O)(=O)N(CC(=O)NCc1ccccn1)Cc1ccc(Cl)cc1,0
O=C(NCc1cccnc1)c1ccc2c(c1)OCO2,0
O=C1c2ccccc2C(=O)N1c1ccc(-c2nc3ccccc3o2)cc1,0
Cn1c(=O)n(C)c2cc(S(=O)(=O)O)ccc21,0
CCCc1cc(C(N)=O)c(NC(=O)c2ccco2)s1,0
COc1cc(C)c(C(C)C)cc1S(=O)(=O)N1CCN(C)CC1,0
Cc1ccc2c(c1)N(CC(=O)NCc1cccs1)C(=O)CO2,0
CCOc1ccc(C2=Nn3cnnc3SC2)cc1,0
N#Cc1c(-c2ccccc2Cl)cc(C2CC2)nc1N,0
OC(C#CCN1CCOCC1)c1cccs1,0
CCc1nnc(NC(=O)CSc2nnc(COc3ccccc3)n2Cc2ccccc2)s1,0
COc1cccc2cc(C(=O)NC3CC(C)(C)NC(C)(C)C3)c(=O)oc12,0
C=CCN1C(=O)C(O)(CC(=O)c2ccccc2)c2ccccc21,0
CCc1c(C)[nH]c(N/C(=N/C(=O)c2ccccc2)Nc2ccccc2OC)nc1=O,0
COc1ccccc1OCC(=O)N(Cc1nc(-c2ccccc2)no1)C1CCCCC1,0
CN(C)S(=O)(=O)Nc1ccc2c(c1)Cc1ccccc1-2,0
CN(C)S(=O)(=O)c1ccc(/C(O)=C2/C(=O)C(=O)N(Cc3cccnc3)C2c2ccco2)cc1,0
COc1ccc(NC(=O)c2ocnc2C)cc1OC,0
Cc1ccccc1NC1=Nc2ccccc2CS1,0
COc1ccc(C2C(C(=O)NCc3cccnc3)c3ccccc3C(=O)N2C)cc1OC,0
O=C(c1nc2ncccn2n1)N1CCc2ccccc2C1,0
O=C(Nc1ccccc1)NC1(C(=O)NCCCN2CCOCC2)CCCCC1,0
O=S1(=O)C=C(Oc2ccc(F)cc2)c2ccccc21,0
CCCCNC(=O)CCn1nc(-c2ccccc2)ccc1=O,0
Cc1nc2cc(S(=O)(=O)N3CCC(C(=O)O)CC3)ccc2n1C1CCCC1,0
Cc1ccc(S(=O)(=O)Cc2ccc(C(=O)NCCCN3CCN(C)CC3)o2)cc1,0
Cc1ccc(C(=O)N2CCN(c3ccc(NC(=O)c4cccnc4)cc3)CC2)cc1,0
COc1ccccc1NC(=O)c1ccc(NC(=O)CSc2nnnn2C)cc1,0
Cc1cccc(OCC(=O)Nc2ccc(N3CCCC3)cc2)c1C,0
COc1ccccc1NC(=O)CSc1nnc(-c2ccc(C)cc2)o1,0
CCN(c1ccccc1)S(=O)(=O)c1ccc2[nH]cc(C(=O)N3CCOCC3)c(=O)c2c1,0
COc1ccc(OC)c(-c2cc(C(=O)NCc3cccs3)no2)c1,0
CN1C(=O)/C(=C2\SC(=S)N(CC3CCCO3)C2=O)c2ccccc21,0
COc1cccc(N2CCN(C(=O)c3ccc(N4C(=O)NC5CC4(C)Oc4ccccc45)cc3)CC2)c1,0
O=C(c1cccs1)c1cn(CC(=O)N2CCc3ccccc3C2)c2ccccc12,0
Cc1nc2ccccn2c(=O)c1CCN1CCC(C(=O)c2ccc(F)cc2)CC1,0
CCn1c(Cc2c(C)[nH]c3ccccc23)nnc1SCC(N)=O,0
CC(=O)C1=C(O)C(=O)N(c2cc(C(C)(C)C)on2)C1c1ccc(C(C)C)cc1,0
NC(=O)c1cccn1Cc1ccccc1Cl,0
COC(=O)c1[nH]c2ccccc2c1NC(=O)CN1CCC(C(N)=O)(N2CCCCC2)CC1,0
Cc1ccc(-n2c(Cc3cccn3C)nnc2SCC(=O)NCc2ccc3c(c2)OCO3)cc1,0
CCOC(=O)C1CCN(C(c2cccc(F)c2)c2sc3nc(C)nn3c2O)CC1,0
CCN(CC)c1ccc(C2C(C(=O)OCCOC)=C(C)NC3=C2C(=O)CCC3)cc1,0
Cc1ccccc1-c1nc(CS(=O)CC(=O)NCCCN(C)c2ccccc2)c(C)o1,0
C=COC(=O)CSc1snc(SCC(=O)OC)c1C#N,0
c1csc(-c2nnc3ccccn23)c1,0
Cc1cnc(NC(=O)CSc2nnc(Cc3ccccc3)n2C)s1,0
CCCCOCCCn1c(-c2ccco2)nc2nc3ccccc3nc21,0
O=C(NC1(C(F)(F)F)NC(=O)N(CC2CCCCC2)C1=O)c1ccco1,0
CCOC(=O)c1[nH]c2ccc(F)cc2c1/N=C(\C)N(CC)CC,0
COc1ccc(CNC(=O)Cc2nn(C)c(=O)c3ccccc23)cc1,0
COc1cc2cc(CN(Cc3nnnn3C3CCCC3)C3CCCC3)c(=O)[nH]c2cc1OC,0
Cc1cc2oc(=O)cc(CN3CCN(C/C=C/c4ccccc4)CC3)c2cc1O,0
CCCOC(=O)c1ccc(NS(=O)(=O)c2cccs2)cc1,0
COc1nc2ccccc2cc1-c1noc(-c2cccnc2)n1,0
CCOC(=O)CCC(=O)NCc1ccc2[nH]c(C)cc2c1,0
CCN(CC)CCNC(=O)c1cc2c(-c3ccc(Cl)cc3)nn(C)c2s1,0
Cc1ccc(-c2noc(-c3ccccc3C(=O)N3CCCC3)n2)cc1,0
Cc1cc(C)n(CCOc2nonc2N)n1,0
COc1ccc(-c2nn3c(-c4ccccn4)nnc3s2)cc1OC,0
COc1ccc(Oc2ncnc3c2ncn3Cc2ccccc2)cc1,0
O=C(CCC(=O)c1cccs1)OCc1nc2ccccc2s1,0
CCc1nccn1S(=O)(=O)c1ccc(OC)c(OC)c1,0
O=C(Nc1cccc2c1CCCC2)c1ccco1,0
CCOC(=O)c1[nH]c2c(c1C)C(=O)CC(c1ccc(N(C)C)cc1)C2,0
O=C(CCCCCN1C(=O)CCC1=O)Nc1ccc2c(c1)OCCO2,0
COc1ccc(OC)c(S(=O)(=O)NCCC2=CCCCC2)c1,0
Cc1ccc(NC(=O)CCn2c(=O)oc3ccccc32)cc1,0
O=C(Nc1ccccc1)C1CC(=O)N(C2CCCCC2)C1,0
Cn1c(=O)[nH]c(=O)c2c1nc(NCc1ccccc1)n2CCCc1ccccc1,0
O=C(NCCCNC(=O)c1ccccn1)c1ccccn1,0
CS(=O)(=O)N(Cc1nc2sc3c(c2c(=O)[nH]1)CCCC3)C1CCCCC1,0
O=C1CN(C(=O)CSc2nnc(-c3ccccc3)n2Cc2ccc3c(c2)OCO3)c2ccccc2N1,0
CCCc1cc(=O)nc(SCC(=O)N2CCN(c3ccccc3)CC2)[nH]1,0
COc1ccc(CCNC(=O)CSc2ncnc3c2oc2ccccc23)cc1OC,0
O=c1[nH]c2cc3c(cc2cc1CN(Cc1cccs1)Cc1nnnn1Cc1ccco1)OCCO3,0
COc1ccc(CCNC(=O)CN2CCC(n3nnc4cc(F)ccc43)CC2)cc1OC,0
CCOC(=O)C1C2C=CC3(CN(C4CCCC4)C(=O)C13)O2,0
CCC(C)NC(=O)c1cc(CC(C)C)on1,0
Cc1nc(SCC(=O)Nc2ccc3c(c2)OCCO3)c2oc3ccccc3c2n1,0
[O-][n+]1onc2c1C(N1CCOCC1)CCC2N1CCOCC1,0
C=CCSc1nc2c(c(=O)[nH]c(=O)n2C)n1Cc1ccc(C)cc1,0
COc1cc2c(cc1NC(=O)CC1SC(N3CCCC3)=NC1=O)oc1ccccc12,0
CN(Cc1nc2ccccc2n1C)S(=O)(=O)c1ccc(F)cc1,0
CCOC(=O)c1csc(Nc2nc3ccc(F)cc3s2)n1,0
c1ccc2c(c1)CCCN2Cc1nnnn1C1CCCC1,0
CN(c1ccccc1)S(=O)(=O)c1ccc(C(=O)Nc2nccs2)cc1,0
c1ccc(-c2nc3nonc3c3nc4ccccc4n23)cc1,0
COc1ccccc1C(=O)N1CCCC1(C#N)c1ccccc1,0
O=C(Nc1nc2ccccc2n1CCN1CCCC1)C1CCCCC1,0
COc1ccc(CCNc2oc(-c3ccccc3OC)nc2C#N)cc1OC,0
COc1ccccc1OCc1ccc(C(=O)n2nc(C)c(Cl)c2C)o1,0
O=C(CN1CCC(c2nc3ccccc3s2)CC1)NCc1cccs1,0
COc1ccccc1N(C(=O)NCc1ccccc1)C1=NCC(C)S1,0
Cc1cc(NC(=O)CSc2nnc(-c3ccc(S(=O)(=O)N4CCCC4)cc3)n2C)no1,0
C=CCn1c(SCC(=O)N2CCOCC2)nc2sc3c(c2c1=O)CCCC3,0
O=C1CCc2cc(S(=O)(=O)N3CCC(C(=O)NC4CCCCCCC4)CC3)ccc2N1,0
COc1ccc(C(=O)NC(C)c2nc3ccccc3[nH]2)cc1OC,0
CN(C1CCCCC1)S(=O)(=O)c1ccc2c(c1)c(=O)c(C(=O)NCCN1CCCC1)cn2C,0
COc1ccc(S(=O)(=O)N(CCCN2CCCC2=O)Cc2cc3cc(C)c(C)cc3[nH]c2=O)cc1,0
O=C(Oc1ccc(-n2cnnn2)cc1)c1ccco1,0
CC(=O)Nc1ccc(S(=O)(=O)NCCSCc2ccco2)cc1,0
COc1cc(NC(=O)CCc2ccccc2)nc(OC)n1,0
CC1=CC(OC2CCCCC2)=N/C(=C2/C=CC=CC2=O)N1,0
Cn1c(=O)c2c(nc(N3CCCCCC3)n2Cc2cccc3ccccc23)n(C)c1=O,0
COc1ccc(C)cc1NC(=O)C1CCCN1C(=O)OCc1ccccc1,0
O=C(NC1=NCCS1)c1cccs1,0
Nn1c(SCC(=O)Nc2ccc(F)cc2)nnc1C1CCCCC1,0
C/C(NC(=O)c1ccccc1F)=C1\C(=O)CC2C1C2(C)C,0
CCCc1c(OCCCCc2nn[nH]n2)ccc(C(C)=O)c1O,0
CC1CCN(C(=O)CSc2ccc3nnc(-c4cccc(F)c4)n3n2)CC1,0
Nc1c(S(=O)(=O)c2ccccc2)c2nc3ccccc3nc2n1/N=C/c1ccco1,0
O=C(CCc1nc(-c2ccccc2F)no1)N1CCC2(CC1)OCCO2,0
COc1cccc(OCCOc2cccc(/C=N/n3cnnc3)c2)c1,0
COc1ccccc1NC(=O)CC(=O)CSc1nnc(-c2ccc(C)cc2)n1C,0
Cc1ccc(S(=O)(=O)Cn2nnnc2CN2CCN(Cc3ccc4c(c3)OCO4)CC2)cc1,0
Cn1nnnc1SCC(=O)Nc1ccccc1C(=O)NCc1ccccc1,0
CC12CC(NC(=O)N1c1cccc(C(=O)Nc3ncn[nH]3)c1)c1ccccc1O2,0
COc1ccccc1Nc1nc(-c2cccs2)cs1,0
O=C(CSc1nc(C2CCCCC2)n(-c2ccccc2)n1)NCCN1C(=O)CSC1=O,0
O=C(CSc1nc2c(c(=O)n1-c1ccccc1)SCC2)N1CCN(c2ccccc2)CC1,0
Cn1c(COc2ccccc2)nnc1SCC(=O)Nc1ccc(N2CCOCC2)c(Cl)c1,0
Cc1cc(C)c2[nH]c(=O)c(CN(C(=O)C3CCCO3)C3CCCC3)cc2c1,0
COc1n[nH]c2nncnc12,0
Cn1c(=O)c2c(ncn2CC(=O)N2CCN(c3ccccc3F)CC2)n(C)c1=O,0
CCn1c(SCC(=O)c2cc(OC)ccc2OC)nc2c1c(=O)n(C)c(=O)n2C,0
O=S(=O)(Nc1ccc(N2CCCCC2)cc1)c1cccc2cccnc12,0
C=CCOc1cccc(C2c3c(oc4ccccc4c3=O)C(=O)N2c2ccccn2)c1,0
CC1(C)Cc2c(C#N)c(N)n(-c3ccccc3)c(=O)c2CO1,0
Cc1cc(C)cc(N(CC(=O)NCC2CCCO2)C(=O)CN2C(=O)COc3ccccc32)c1,0
CN(C)c1ccc(NC(=O)Cn2ncn3c(cc4ccccc43)c2=O)cc1,0
CCC(=O)/C=C1\Sc2ccc(OC)cc2N1CC,0
COc1ccc(CCNC(=O)C2(C)CCC(=O)N2Cc2ccc3c(c2)OCO3)cc1OC,0
CCN(CC)S(=O)(=O)N1CCC(C(=O)NCc2ccc(C)cc2)CC1,0
Cc1cc(C)c2oc(-c3ccc(Cl)c(NC(=O)c4ccc(C#N)cc4F)c3)nc2c1,0
CCOC(=O)c1ccc(NC=C2C(=O)CC(c3ccco3)CC2=O)cc1,0
CCCn1c(NCc2cccc(OC)c2OC)nc2ccccc21,0
Cc1onc(-c2ccccc2Cl)c1C(=O)Nc1ccc(S(=O)(=O)N2CCCC2)cc1,0
COc1cccc(NC(=O)COc2ccc(N3CC(C(=O)NCC(C)C)CC3=O)cc2)c1,0
CCn1nc(C(=O)OCC(=O)c2ccc3c(c2)OCCO3)c2ccccc2c1=O,0
Cc1ccc(Nc2cc(-n3nc(C)cc3C)ncn2)cc1,0
Cc1[nH]nc(NC=C2C(=O)CC(C)(C)CC2=O)c1-c1ccccc1,0
CCOC(=O)c1c(-c2ccccc2)oc2ccc(O)c(CN3CCOCC3)c12,0
Cc1c2c(nc3nc4ccccc4n13)CCCC2=O,0
CN1C(=O)N(C)C2(c3ccccc3)NC(=O)NC12c1ccccc1,0
CCOC(=O)C1=C(C)NC(=O)NC1c1c(C)nn(-c2ccccc2)c1Cl,0
O=C(N1CCOCC1)N1CCC(n2nnc3cc(F)ccc32)CC1,0
Cn1c2c(c(=O)n(C)c1=O)C(c1ccccc1OC(F)F)C1=C(CCCC1=O)N2,0
Cc1ccc(Cn2c(=O)c3c(nc4n3CCCN4Cc3ccccc3)n(C)c2=O)cc1,0
COc1ccccc1CNC(=O)C1CCCN(S(=O)(=O)c2c(C)[nH]c(=O)[nH]c2=O)C1,0
CCOC(=O)c1sc(NC(=O)CN2CCCC2)c(C(=O)OCC)c1C,0
COc1ccc(-c2noc(CCCC(=O)NCc3ccco3)n2)cc1OC,0
COc1ccccc1NC(=O)N(Cc1cc2cc(OC)c(OC)cc2[nH]c1=O)CC1CCCO1,0
O=C(c1ccc2c(c1)OCCO2)N(c1ccccn1)C1CCCCC1,0
COCC(C)Nc1ncnc2c1cnn2-c1ccc(Cl)cc1,0
CCCOC(=O)c1ccc(OCC(O)CN2C(=O)NC(C)(C)C2=O)cc1,0
CCC(C)Sc1nc2c(c(=O)[nH]c(=O)n2C)n1CC(O)COc1cccc2ccccc12,0
COc1ccc(NC(=O)CSc2ncn(-c3ccccc3)n2)cc1Cl,0
O=C1CCC(=O)N1c1ccc(CSc2nc3ccccc3[nH]2)cc1,0
COc1ccc(NC(=O)Cc2cccs2)c(OC)c1,0
COCCNC(=O)C(c1ccc(F)cc1)N(CC1CCCO1)C(=O)CCC(=O)Nc1ccccn1,0
CCOC(=O)N1CCN(c2ccc(C(=O)c3ccccc3)cc2F)CC1,0
COc1ccc(NC(=O)CSC2CC(=O)N(c3ccc4c(c3)OCCO4)C2=O)cc1,0
COc1ccc(Cl)cc1S(=O)(=O)N1CCN(c2ccc(F)cc2)CC1,0
N#Cc1nc(-c2ccc(Cl)cc2)oc1NCc1ccco1,0
CCC(=O)Nc1ccc(N2CCN(Cc3ccccc3F)CC2)cc1,0
O=C(NC1CCCCC1)c1sc(=S)n2c1[nH]c(=O)c1ccccc12,0
COc1ccc(/C(O)=C2/C(=O)C(=O)N(CCCN(C)C)C2c2ccccc2)cc1Cl,0
Cc1ccc(C(C)C)c(OCCNS(C)(=O)=O)c1,0
CCOc1ccc2nc(C)cc(C(=O)O)c2c1,0
CCNc1nc(SCc2ccccc2)nc(N2CCOCC2)n1,0
Cc1ccc(NCc2nnc(SCC(=O)c3ccc4c(c3)OCCO4)o2)c(C)c1,0
CCOCCCNC(=O)CCNS(=O)(=O)c1ccc(C)cc1,0
Cc1ccc(OCCCCn2ccnc2)c(Cl)c1,0
COC(=O)C(C(=O)Nc1cc(C)on1)C1CCCCCC1,0
Cc1ccc(N2C(=O)C3C4C=CC(C4)C3C2=O)cc1C,0
Cn1c(=O)c2ncn(CC(=O)Nc3ccc4c5c(cccc35)CC4)c2n(C)c1=O,0
O=C(CSCCO)Nc1ccc(C2CCCCC2)cc1,0
COCN(C#N)c1nc(OC)nc(OC)n1,0
CCCCCc1nnc(NC(=O)Cc2cccs2)s1,0
O=C(Cc1cccs1)Nc1cccnc1,0
Cn1c(SCc2ccccc2)nnc1-c1ccncc1,0
CCOC(=O)CNS(=O)(=O)c1ccc(C(=O)O)cc1,0
CCCn1nnnc1NC(=O)CSc1ccc(Cl)cc1,0
COc1ccc(C2C3=C(CC(C)(C)CC3=O)Oc3ncn4nc(-c5cccnc5)nc4c32)cc1,0
Cc1ccc(NC(=O)N(Cc2ccc3c(c2)OCO3)Cc2cc3cc4c(cc3[nH]c2=O)OCCO4)cc1,0
COc1c(C)cccc1C(=O)Nc1ccc(CN2CCOCC2)cc1,0
CCN1CCN(CCCn2c(=S)[nH]c3ccccc3c2=O)CC1,0
O=C(c1cccc2ccccc12)N1CCC(N2CCN(c3ccccc3)CC2)CC1,0
N#Cc1nc(Cc2cccc3ccccc23)oc1NCCN1CCCCC1,0
CCOC(=O)c1cc2sccc2n1Cc1ccc(C#N)cc1,0
COc1ccc(CCNC(=O)COC(=O)c2cnccn2)cc1,0
Cc1ccc(N2C(=O)CSC2c2cccs2)cc1,0
N#Cc1ccc(CSc2nnc(NC(=O)CN3C(=O)C4CC=CCC4C3=O)s2)cc1,0
CCC(=O)OC1CSc2nc3ccccc3n2C1,0
Fc1ccccc1N1CCN(CCCNc2ccc3nncn3n2)CC1,0
CN1CCN(C(=O)OC2c3nccnc3C(=O)N2c2ccc(Cl)cn2)CC1,0
COc1ccc(CCNC(=O)c2cnn3ccccc23)c(OC)c1OC,0
Cc1cc(NC(=O)CN2CCC(O)(c3cccc(F)c3)CC2)no1,0
CCOC(=O)c1cc(NC(=O)c2cnccn2)cc(C(=O)OCC)c1,0
O=C(CN1CCc2[nH]c3ccccc3c2C1)N1CCCCC1,0
COc1cccc(NC(=O)CSc2nnc(C)s2)c1,0
COc1cccc(N2C(=O)N(c3ccccc3Cl)C3CS(=O)(=O)CC32)c1,0
COCCn1c(N)c(C(=O)NCC2CCCO2)c2nc3ccccc3nc21,0
Cc1cc(C)nc(-n2nc(C)cc2NC(=O)COC(=O)CCC(=O)c2cccs2)n1,0
c1ccc(-c2noc(-c3cccc4ccccc34)n2)nc1,0
Oc1cccc2ccc(Nc3ccccn3)nc12,0
O=C(CSc1nnc(COc2ccccc2Cl)o1)NC(=O)NC1CCCC1,0
Cc1noc(C)c1C(=O)NCCCc1ccccc1,0
Cc1cc(C)n2nc(SCC(=O)c3ccccc3)nc2n1,0
O=C(c1sc2ccccc2c1Cl)N1CCC2(CC1)OCCO2,0
COc1ccccc1NC(=O)CSc1nc2ccccc2c(=O)n1CCNC(C)=O,0
Cc1nc2ccccc2nc1OCC(=O)NCc1ccc2c(c1)OCO2,0
CCn1c(CC(=O)Nc2cccc(OC)c2)nnc1SCC(=O)N1CCN(c2ccccc2)CC1,0
Cc1ccc(NC(=O)c2ccc(S(=O)(=O)NCC3CCCO3)cc2)cc1,0
CC1CCCc2sc3nc(NCc4ccco4)n4ncnc4c3c21,0
COC(=O)c1ccccc1NC(NC(=O)c1ccco1)C(=O)c1ccc(C)cc1,0
O=C(COc1ccc(S(=O)(=O)N2CCc3ccccc32)cc1Cl)NCc1ccccn1,0
Cc1cccc(CN2CCC(CNC(=O)C3CCCN(S(=O)(=O)c4cnc[nH]4)C3)CC2)c1,0
CCOC(=O)c1c(C)n(C)c2ccc(OC)c(NC(=O)CN3CCC4(CC3)OCCO4)c12,0
CSc1nc(-c2ccccc2)nc(N2CCN(C)CC2)c1C(C)=O,0
O=C(NCC1CCCO1)c1ccc2c(c1)OCO2,0
CCc1nc(OCc2ccco2)c2sc3nc4c(cc3c2n1)COC(C)(C)C4,0
CSc1nc2n(-c3ccc(C)c(C)c3)[nH]cc-2c(=O)n1,0
Cc1ccc2[nH]c(=O)c(CN(CC3CCCO3)C(=O)c3ccco3)cc2c1,0
Cc1ccc(-n2[nH]cc3c(=O)ncnc2-3)c(C)c1,0
CCCCNC(=O)CC1N=C2c3ccccc3N=C(SCC(=O)Nc3ccc(OC)cc3)N2C1=O,0
CCOC(=O)CCCNC(=O)CCNC(=O)c1ccc(OC(C)C)cc1,0
O=C(CSc1ncccc1-c1nc2ccccc2[nH]1)N1CCN(c2ccccc2F)CC1,0
CSCCC(NC(=O)OC(C)(C)C)c1nnc(SCc2ccc(F)cc2)o1,0
Cc1cc(NC(=O)CSc2nnc(C3CC3)n2N)no1,0
COc1cccc(NC(=O)N(CCCN2CCOCC2)C(C)c2cc3cccc(OC)c3o2)c1,0
COc1ccc(S(=O)(=O)N2CCC(C(=O)NC3CC3)CC2)cc1Cl,0
N#CC1=C(N)Oc2c(ccc3cccnc23)C1c1cccnc1,0
O=C1CC(C(=O)N2CCN(c3ccc(F)cc3)CC2)CN1CCc1ccccc1,0
CC(=O)N(C(C)=O)c1ncc2c([nH]c3ccccc32)c1C#N,0
COc1cccc(-c2nnn(CCC(=O)O)n2)c1,0
Cc1cc(N2CCCCC2)n2ncc(-c3ccccc3)c2n1,0
CCOC(=O)C1=C(C)NC(=O)NC1c1ccco1,0
COc1ccc(Cl)c(NC(=O)Nc2c(C)n(-c3ccccc3)c(=O)n2C)c1,0
Cc1ccc(-c2nc3cc(N)ccc3o2)cc1,0
CCOC(=O)c1ccc(NC(=O)CSc2nnc(CNc3ccc(OC)cc3)n2C)cc1,0
CN(Cc1c(F)cccc1Cl)c1ccc(S(=O)(=O)N2CCOCC2)cn1,0
COc1ccc(Nc2ncnc3c2cnn3-c2cccc(C)c2)cc1OC,0
O=c1c2ccccc2nc(SCc2nc(-c3ccccc3)no2)n1-c1ccc(F)cc1,0
COc1cc2cc(C(c3nnnn3C(C)(C)C)N3CCc4ccccc43)c(=O)[nH]c2cc1OC,0
CC1=Nn2c(nnc2-c2ccco2)SC1,0
C=CCNc1nc(N2CCCCC2)c(C#N)c2c1CN(Cc1ccccc1)CC2,0
CC(=O)Nc1ccccc1C(=O)N1CCc2ccccc21,0
CCOC(=O)C1C(=O)N=C2Nc3ccccc3N2C1C(C)C,0
CC(SC1CCCC1)C(=O)NC(C)(C#N)C(C)C,0
CCOC(=O)c1[nH]c(CSc2nnnn2-c2ccccc2C)c(C(=O)OCC)c1C,0
COc1ccccc1CN(Cc1nc(=O)c2ccccc2[nH]1)C(=O)Nc1ccccc1,0
NC(=O)NC(=O)COC(=O)c1ccccc1Oc1ccccc1,0
Cc1cc(C(=O)COc2cccc(-n3cnnn3)c2)c(C)n1-c1ccccc1,0
COc1ccc(CN2CCOCC2)c(C)c1C,0
O=C1C=CC=C/C1=C1/C=C(c2ccc3c(c2)OCCO3)NN1,0
Cc1cc(C)n2nc(CC(=O)NC3CCCCCCC3)nc2n1,0
COC(=O)C1=C(C)N=c2s/c(=C3/C(=O)Nc4ccccc43)c(=O)n2C1c1ccccc1,0
O=C(NCCCN1CCCC1=O)c1cccnc1,0
CSc1nc2cc(S(=O)(=O)N3CCOCC3)ccc2s1,0
c1ccc(-c2ccc(OCCCn3cncn3)cc2)cc1,0
O=C(c1ccccc1-c1nc(-c2ccccc2)no1)N1CCCC1,0
COc1ccc(C(=O)Nc2ccc(S(=O)(=O)NC(C)=O)cc2)cc1,0
CCOC(=O)N1CCN(c2c(NCCN3CCN(Cc4ccccc4)CC3)c(=O)c2=O)CC1,0
CN1CCN(c2ccc(NC(=O)C(C)(C)C)cc2)CC1,0
O=C(NCc1ccccc1)NC1(C(=O)Nc2ccc3c(c2)OCCO3)CCCCC1,0
Cn1cccc1C(C(=O)NC1CCCCC1)N(C(=O)Cc1cccs1)c1ccc2c(c1)OCO2,0
O=C(NC1CCCCC1)C1CCN(c2cnccn2)CC1,0
O=C(c1ccco1)N1CCN=C1SCc1ccc(F)cc1,0
Clc1ccc(/C=N/C23CN4CN(CN(C4)C2)C3)cc1,0
CCCCCn1c(-c2ccco2)nc2nc3ccccc3nc21,0
CCOC(=O)CC1(CC(=O)OCC)NC(=O)c2c(C)sc(C(=O)OCC)c2N1,0
COc1ccc(Cl)cc1-c1nc(-c2ccc(NC(=O)c3ccncc3)cc2)no1,0
Cc1cccn2c(=O)c3cc(C(=O)NCC4CCCO4)c(=N)n(Cc4cccnc4)c3nc12,0
Cc1cc(=O)[nH]c(SCC(N)=O)c1C#N,0
Cc1cc(S(=O)(=O)NCCc2ccccc2)c(C)s1,0
Cc1ccc(-c2noc(CCC(=O)NCCCN3CCN(c4ccc(F)cc4)CC3)n2)cc1,0
CC(=O)Nc1ccc(S(=O)(=O)NC(CC(=O)N(C)Cc2ccccc2)C(C)C)cc1,0
Nc1c(C(=O)NCCN2CCOCC2)c2nc3ccccc3nc2n1CCc1ccccc1,0
CCOC(=O)c1cccc(NC(=O)CCc2c(C)nc3ncnn3c2C)c1,0
Cc1ccc(CN2C(=O)CCC2C(=O)NCCN2CCN(c3cccc(Cl)c3)CC2)cc1,0
Cc1[nH]nc2c1C1(CCN(C(=O)OCc3ccccc3)CC1)C(C#N)=C(N)O2,0
Cn1c(SCc2ccc(F)cc2)nnc1-c1cccs1,0
CCc1ccccc1N1CSC2=C(C#N)C(c3ccccc3F)CC(=O)N2C1,0
CCSc1nnc(Cc2cc(=O)[nH]c(=O)[nH]2)n1-c1cccc(C)c1,0
CCOc1ccc(C2CC(=O)NC(SCC(=O)OC)=C2C#N)cc1,0
Cn1c(C(=O)OC(C(=O)NC2CCCCC2)c2ccncc2)cc2sccc21,0
C=CCn1c(SCC(=O)c2ccc(O)c(O)c2)nnc1-c1ccccc1OC,0
CC1CN(C(=O)c2cc3c(=O)n4ccccc4nc3s2)CC(C)O1,0
Cc1nn(CC(=O)Nc2ccc(C(=O)N(C)C)cc2)c(=O)c2ccccc12,0
COc1cccc(-n2c(SCC(=O)N3CCOCC3)nc3c([nH]c4ccccc43)c2=O)c1,0
O=C(CSc1nnc(CNC(=O)c2c(F)cccc2Cl)o1)Nc1ccccc1,0
O=c1c2c3c(sc2n2cnnc2n1Cc1ccccc1)CN(Cc1ccccc1)CC3,0
COc1cccc(OC)c1C(=O)N1CCOCC1,0
CCOc1ccc(OCC)c(NC(=O)CNS(=O)(=O)c2cccs2)c1,0
C=CCn1c(SCc2ccc(Cl)cc2)nc2c1c(=O)[nH]c(=O)n2C,0
Cc1nnc2sc(-c3cc4ccccc4o3)nn12,0
COc1cccc(C2CC(c3ccc(F)cc3)N=C3N=C(N)NN32)c1,0
CCOc1ccc(C2NC(=O)c3ccccc3O2)cc1,0
Cc1cc(C)nc(Nc2ccc(N3CCOCC3)cc2)n1,0
C=CCN(C(=O)CN1CCOCC1)c1nc(C)c(-c2ccccc2)s1,0
O=C(Nc1nncs1)C1COc2ccccc2O1,0
Cc1occc1-c1nc(-c2ccccn2)no1,0
COc1ccc(N(CC(=O)Nc2cc(Cl)ccc2OC)S(=O)(=O)c2c(C)noc2C)cc1,0
CN1c2ccccc2C(C)(C)C12CCCC(=O)N2,0
O=C(Cn1nnc2ccccc21)C1CC1,0
O=C1C=CC(=C2C=C(C(=O)N3CCCc4ccccc43)NO2)C=C1,0
CC1(C)CC(=O)c2cc(C(=O)N3CCCC(C)(C)C3)c(=O)n(-c3ccccc3)c2C1,0
COC(=O)c1cc2sccc2n1CC(=O)Nc1cccc(SC)c1,0
CC(=O)c1nc2ccccc2n1S(=O)(=O)c1ccc(C)cc1,0
COc1ccc(CCNC(=O)c2ccc(N3CCCC3=O)cc2)cc1OC,0
Cc1nc(C)c(C(=O)C2=C(O)C(=O)N(CCN3CCOCC3)C2c2cccs2)s1,0
COc1ccc(C2C(C(=O)c3sc(C)nc3C)=C(O)C(=O)N2CCN(C)C)cc1OC,0
O=C(NCCCC(=O)N1CCOCC1)c1cccnc1,0
O=C(Nc1cnc2ccccc2c1)N1CCOCC1,0
CS/C(Nc1ccccc1)=C1/C(=O)COC1=O,0
S=c1sc2c(N3CCOCC3)ncnc2n1-c1ccccc1,0
CCN(CC)S(=O)(=O)c1ccc(-c2nnc(SCC(=O)N3c4ccccc4CC3C)o2)cc1,0
CCn1c2c(c3cc(C(=O)O)ccc31)CCCC2=O,0
CC(C)COC(=O)N1CCCC1C(=O)Nc1nccs1,0
O=C(c1ccc(NS(=O)(=O)c2cccs2)cc1)N1CCCCC1,0
COc1ccccc1NC(=O)CCn1c(=O)sc2ccccc21,0
CCOC(=O)c1c(C)nc2sccn12,0
Cc1cccc(Cn2cnc3c(nnn3Cc3ccccc3F)c2=O)c1,0
CCOc1ccc2nc(SCC(=O)N(C)C3CCS(=O)(=O)C3)[nH]c2c1,0
Cc1cccc(NC(=O)C2CCN(c3nc(C)cc(C)n3)CC2)c1,0
CSc1ccc(S(=O)(=O)N2CCN(Cc3ccc4c(c3)OCO4)CC2)cc1,0
O=C(NCCc1nc2ccccc2[nH]1)c1ccc(F)cc1,0
Clc1cccc(-c2nc3nc4ccccc4nc3n2Cc2ccco2)c1,0
CC1CCCCC1NC(=O)c1cc2c(s1)CS(=O)(=O)C2,0
CCC(=O)Nc1cc(C)c(NC(=O)c2ccco2)cn1,0
Cc1nn2cc(-c3ccc(N)cc3)nc2s1,0
Cc1nn(C(=O)c2ccco2)c(C)c1CN1C(=O)c2ccccc2C1=O,0
CCC(CC)C(=O)Nc1cc(NC(=O)C(CC)CC)cc(C(=O)O)c1,0
CC(=O)c1c(C)nc(C)nc1NC(=O)C(C)C,0
CCOc1ccccc1Oc1coc2cc(OC(=O)c3ccco3)ccc2c1=O,0
O=C1COc2ccc(C(=O)COC(=O)Cn3cnc4ccccc43)cc2N1,0
Cc1cnc(C(=O)Nc2ccc3c(c2)CCC3)cn1,0
N#CCc1nnc2n1-c1ccccc1CCC2,0
O=C(CC12CC3CC(CC(C3)C1)C2)NCCN1CCOCC1,0
CC(=O)c1cc(C#N)c(SCC(=O)OC(C)(C)C)nc1C,0
COc1ccc(N2CCN(Cc3nc4c(c(=O)[nH]c(=O)n4C)n3Cc3cccc(Cl)c3)CC2)cc1,0
CCCCCN/C=C1\C(=O)N(c2nc3ccccc3s2)N=C1C,0
CCN(CC)c1nc(Nc2ccc(Cl)cc2)nc(OCC#N)n1,0
COc1ccc(NS(=O)(=O)Cc2ccccc2Cl)cn1,0
O=C(CN1C(=O)COc2ccccc21)NCCN1CCc2ccccc2C1,0
Cc1cccc(NC(=O)c2cc(NC(=O)C3CCCCC3C(=O)O)ccc2N2CCCCC2)c1,0
COc1ccc(C2NC3=C(CCCC3)C(C#N)(C#N)C2(C#N)C#N)cc1,0
CCc1ccccc1NC(=O)c1cc(-c2cccc(O)c2)on1,0
Cn1c(SCC(=O)Nc2ccc(N3CCOCC3)cc2)nnc1-c1ccccc1,0
CCOC(=O)c1ccc(N2C(=O)CC(N3CCC(C(=O)OCC)CC3)C2=O)cc1,0
COc1ccc(C(O)CNc2ccc(C)cc2)cc1,0
CC1CCCN(C(=O)Nc2cccc(NC(=O)N3CCCC(C)C3C)c2)C1C,0
COC(=O)/C=c1\s/c(=C(/C#N)C(=O)N2CCCCC2)n(-c2ccccc2)c1=O,0
O=C(c1ccc2nc(N3CCCCC3)sc2c1)N1CCN(c2ccccn2)CC1,0
C=CCn1c(NCCc2ccccc2)nc2c1c(=O)n(C)c(=O)n2C,0
COc1ccc(C2C3=C(CC(C)(C)CC3=O)Nc3c2c(=O)[nH]c(=O)n3Cc2ccccc2)cc1OC,0
Cc1sc2nc3n(c(=O)c2c1C)CCCS3,0
CC(=O)COc1cc(C)cc2oc(=O)c(C)c(C)c12,0
CCc1ccccc1NC(=O)CC1S/C(=N\c2nccs2)N(CC)C1=O,0
CCCC(=O)N(CCc1ccccc1)Cc1nc(=O)c2ccccc2[nH]1,0
O=C(CSC1=NCCS1)N1CCCCCC1,0
COc1ccccc1Cn1c(=S)[nH]c2cc(C(=O)N3CCN(C)CC3)ccc2c1=O,0
COC(=O)CSc1cc(C(=O)c2nccn2C)c2ccccc2n1,0
O=C(CSCc1cnn(-c2ccccc2)c1-n1cccc1)NCc1cccs1,0
CCCCOc1ccccc1NC(=O)CC1Nc2ccccc2NC1=O,0
O=C(c1cc2ccccn2n1)N1CCN(c2ccccn2)CC1,0
CN(C)/C=C1\C=C(c2ccccc2)OC1=O,0
Cc1ccc(NS(=O)(=O)c2cc(C(=O)N3CCN(C)CC3)ccc2C)cc1,0
Cc1cccc(N2CCN(C(=O)c3cn(C)c(=O)c4c3c3ccccc3n4C)CC2)c1C,0
COc1ccc(C(=O)C(Cc2ccccc2)N(C)C)cc1,0
COC(=O)c1cccc(OC(N)=O)c1,0
O=C(CN1C(=O)CC(c2ccco2)Sc2ccccc21)Nc1ccccc1F,0
O=C(OCn1nnc2ccccc2c1=O)c1ccc2ncsc2c1,0
CCN(CC)S(=O)(=O)c1cccc(C(=O)Nc2nc3cc4c(cc3s2)OCCO4)c1,0
CCOC(=O)c1nnn(-c2nonc2N)c1CNc1ccccc1,0
Cc1ccc(N)cc1CN1CCCC1=O,0
Cc1cc(=O)oc2cc(OCC(=O)NCc3cccnc3)ccc12,0
O=S(=O)(c1ccc(Cl)cc1)N1CCN(c2ccc(N3CCOCC3)nn2)CC1,0
CC1(C)Cc2c(C#N)c(SCC(=O)c3ccccc3)nc(N3CCCC3)c2CO1,0
CCCCOc1ccc(CN2CCN(CCO)CC2)cc1,0
CCOc1ccc(-c2c(C#N)c(N)nc3c2c(=O)n(C)c(=O)n3C)cc1OC,0
COc1ccc(C(=O)Oc2cccnc2)cc1OC,0
COCC(C)n1c(C)cc(C(=O)Cn2c(=O)oc3ccccc32)c1C,0
CC(C)Cn1c(CNC(=O)c2ccccc2)nc2ccccc21,0
COc1cccc(-c2nnc3sc(-c4ccc(Cl)cc4)nn23)c1,0
O=C(NCc1ccccc1)c1cc(-n2cnnc2)ccc1Cl,0
c1cnc(Oc2ccc(-c3nnco3)cc2)cn1,0
CC(C)c1ccccc1NC(=O)c1cccnc1,0
CCOC(=O)C1CCN(C(=O)c2sc3nc(-c4ccc(F)cc4)cn3c2C)CC1,0
COc1ccccc1NC(=O)C1=C(C)N=C2N=CNN2C1c1ccc(C)o1,0
COc1ccc(C(=O)COC(=O)CN2C(=O)NC(C)(C)C2=O)cc1OC,0
COc1nc(NS(=O)(=O)c2ccc(C)cc2)nc(C)c1Cl,0
O=C(CCCC1=NS(=O)(=O)c2ccccc2N1)N1CCN(c2ccc(Cl)cc2)CC1,0
Cn1c(=O)c(=O)n(C)c2cc(S(=O)(=O)N3CCC(N4CCCCC4)CC3)ccc21,0
Cc1cc2nc(C)n(CCCNC(=O)Nc3ccc(C#N)cc3)c2cc1C,0
Cn1c(SCC(=O)Nc2cccc(NC(=O)c3cccs3)c2)nnc1-c1ccncc1,0
O=S(=O)(NC1CC1)c1ccc(S(=O)(=O)N2CCCC(c3nc(-c4cccnc4)no3)C2)cc1,0
COc1ccc(S(=O)(=O)N2CCCCCC2)cc1C(=O)OCC(=O)NC(N)=O,0
NS(=O)(=O)c1ccc(NC(=O)CSC2CCCCC2)cc1,0
Cc1ccc(-c2noc(CCC(=O)NCCN3CCc4ccccc4C3)n2)cc1,0
CCOc1ccc(NC2c3ccccc3C(=O)N2c2ccc(Cl)cn2)cc1,0
COC(=O)C1=C(C)N2C=NNC2=NC1c1ccc(Cl)cc1,0
O=C(CN1C(=O)C2(OCCCO2)c2ccccc21)NCc1ccccc1,0
Cn1c(=O)c2c(nc(SCC(=O)N3CCCc4ccccc43)n2C)n(C)c1=O,0
CNc1oc(Cc2cccc3ccccc23)nc1C#N,0
O=C(CSc1n[nH]c(-c2ccccc2)n1)NC(=O)NCc1ccco1,0
O=C(CSc1nc2ccccc2s1)N1CCOCC1,0
CCC1CCCCN1C(=O)CSc1nnc(-c2ccc3c(c2)OCCO3)o1,0
Cc1nn2c(-c3cccc(NC(=O)c4ccco4)c3)nnc2c2ccccc12,0
Cn1c(=O)[nH]c(=O)c2c1nc1n2CCCS1,0
CCCN1C(=O)C2(C(C#N)=C(N)C(C#N)(C#N)C3=CCC(C)CC32)c2ccccc21,0
CN1CCCC(C(=O)C(C#N)c2ccccc2)C1,0
CN(C(=O)Cn1c(=O)n(CCCCC(=O)NC2CCCC2)c(=O)c2ccccc21)C1CCCCC1,0
COc1cc(C2CC(=O)N3CN(c4ccccc4C)CSC3=C2C#N)cc(OC)c1OC,0
CC(=O)c1ccc(NC(=O)C2CCC(C)(C(=O)O)C2(C)C)cc1,0
O=C(C1CCCO1)N1CCC(O)(c2ccccc2)CC1,0
CCOC(=O)c1c(NC(N)=O)sc(C)c1C,0
CS/C(=N\S(=O)(=O)c1cccs1)Nc1ccc(N2CCOCC2)cc1,0
O=C(NCc1ccccc1)c1cccc(NC(=O)c2ccco2)c1,0
CCOc1ccccc1OCC(=O)Nc1ccc(S(=O)(=O)Nc2nc(C)cc(C)n2)cc1,0
CC(Nc1cc(=O)n(C)c(=O)[nH]1)c1ccccc1,0
CCCC1CCC(C(=O)Nn2cnc3ccccc3c2=O)CC1,0
COc1c(C)cccc1C(=O)Nc1cc(Cl)ccc1N1CCOCC1,0
O=C(CSCCO)Nc1cccc2ccccc12,0
COC(=O)c1ccccc1NC(=O)c1ccccc1NS(C)(=O)=O,0
COC(=O)c1c(NC(=O)c2ccco2)sc(C)c1C,0
Cn1c(=O)c2c(ncn2CC(N)=O)n(C)c1=O,0
Cc1c(C(=O)O)c(=S)sn1CCOc1ccccc1,0
Cc1c(C(=O)Nc2ccc(F)cc2)oc2ccc(S(=O)(=O)N3CCCC3)cc12,0
COc1ccc(-c2nnc(SCC(=O)N3CCC(Cc4ccccc4)CC3)o2)cc1OC,0
COc1ccc(C2(C(=O)O)CCCC2)cc1,0
S=c1[nH]nc(C23CC4CC(CC(C4)C2)C3)n1Cc1ccco1,0
CCCCN(CCCNc1ncnc2nc[nH]c12)c1ccccc1,0
CCn1cc2c(c1-c1cccc(C)c1)c(=O)n(C)c(=O)n2C,0
O=C(COc1ccccc1)N(Cc1cc2ccccc2[nH]c1=O)CC1CCCO1,0
C=CCn1c(SCC2=C(C(=O)OCC)C(C)NC(=O)N2)nnc1C1CCCCC1,0
O=C(COc1ccc2ccccc2c1CN1CCOCC1)N1CCc2ccccc21,0
Cc1cc2c(c(C)nn2-c2ccccc2)c(=O)o1,0
Cc1cc(NS(=O)(=O)c2ccc(C3CCCCC3)cc2)no1,0
COC(=O)Cc1c(C)c2c(OCc3nn[nH]n3)cc(C)cc2oc1=O,0
CC1NC(=O)NC1CCCCC(=O)O,0
CC(=O)Nc1nc(CCC(C)C)cc2c1c(=O)oc1ccccc12,0
CC1CCCCC1NC(=O)C1CCN(C(=O)NC2CCCCC2)CC1,0
O=C(CN(c1ccccc1)S(=O)(=O)c1ccccc1)N1CCN(Cc2ccc3c(c2)OCO3)CC1,0
O=C(CN1CCC(n2nnc3cc(F)ccc32)CC1)Nc1ccc2c(c1)CCC2,0
CCn1c2ccccc2c2nc3cc(OC)c(OC)cc3nc21,0
CCC1CCCCN1CCCNC(=O)C1CCC(=O)N1Cc1ccc(C)cc1,0
CCCc1nc(N2CCCC2)c(C#N)c2c1CCCC2,0
Cc1ccc(S(=O)(=O)N2CCOCC2)cc1C(=O)Nc1ccc(-c2cn3ccsc3n2)cc1,0
CC(=O)c1c(Nc2ccc3c(c2)OCCO3)oc(C)cc1=O,0
Cn1c(=O)c2c(nc(NCCCN3CCOCC3)n2Cc2cccc(Cl)c2)n(C)c1=O,0
CCN(CC)S(=O)(=O)c1cccc(-c2nnc(SCC(=O)NC)n2CCc2ccccc2)c1,0
NS(=O)(=O)c1ccc(CCNC(=O)C2CCCN2C(=O)OCc2ccccc2)cc1,0
COC(=O)c1ccc(CSc2nc3sc4c(c3c(=O)n2C)CCCC4)o1,0
O=C(CSc1nc2c(sc3ccccc32)c(=O)n1CCO)NCC1CCCO1,0
COc1ccc(OC)c(S(=O)(=O)N2CCCCC2C(=O)N2CCN(c3ccccn3)CC2)c1,0
Cc1ccc(-c2nc(C#N)c(NCc3cccc4c3OCO4)o2)cc1,0
COc1cccc(C(=O)NCc2nnc(SCC(=O)Nc3nccs3)n2-c2cccc(C)c2)c1,0
c1ccc(-c2nnc(CSc3nnc(-c4cccs4)o3)o2)cc1,0
CCCOC(=O)c1ccc2c(c1)C(=O)N(c1ccccc1)C2=O,0
Cc1ccc(S(=O)(=O)Cn2nnnc2CN(Cc2ccco2)CC2CCCO2)cc1,0
O=C(NC1CCC(C(=O)O)CC1)OCc1ccccc1,0
C=CCNC(=O)C12CC3CC(C1)CC(C(=O)NCC=C)(C3)C2,0
COc1ccc(Cl)cc1NC(=O)CSc1ncnc2c1oc1ccccc12,0
O=C(c1ccc(F)cc1)N1CCC(O)(c2cccnc2)CC1,0
CCCOc1c(OC)cccc1C1CC(=O)Nc2cc3c(cc21)OCCO3,0
Clc1cccc(Cl)c1-c1nnc2ccc(N3CCOCC3)nn12,0
COCCNC(=O)CN(C(=O)CCC(=O)Nc1cc(C)on1)c1ccc(C)cc1C,0
Cc1c(NC(=O)CCC2CCCCC2)c(=O)n(-c2ccccc2)n1C,0
COc1cccc(C(=O)CSc2nnc(-c3cc(OC)c(OC)c(OC)c3)o2)c1,0
Cc1ccc(CC2CC(=O)N(c3ccc(Cl)cn3)C2=O)cc1,0
CCc1nc(SCCO)c2oc3ccccc3c2n1,0
c1ccc(OCCOc2ncnc3ccccc23)cc1,0
O=C(CSc1nnc(CN2CCOCC2)n1-c1ccccc1)N1CCc2ccccc21,0
CCOCC(=O)Nc1nc2ccc(C)cc2s1,0
N#Cc1cnn(Cc2ccccc2)c1/N=C/N1CCOCC1,0
CN1CCN(C(=O)c2ccc(C3SCC(=O)N3Cc3ccco3)cc2)CC1,0
N#Cc1ccc(-c2csc(NC(=O)C3CC3)n2)cc1,0
COc1ccc2c(CC(=O)Nc3nnc(C4CC4)s3)coc2c1,0
COc1cccc(C2C(C(=O)OC(C)C)=C(C)N=C3N=CNN32)c1,0
COc1cc(C(=O)OCc2cc3ccccc3[nH]c2=O)cc(OC)c1OC,0
COC(=O)c1ccccc1NC(=O)c1cc(-c2cccs2)on1,0
CCN(CC)CCNC(=O)C1CCN(S(=O)(=O)N2CCCCC2)CC1,0
O=C(COc1ccc(Cl)cc1)NCc1nnc(SCC(=O)NC2CCCCC2)o1,0
O=S(=O)(c1cccs1)n1cnc2ccccc21,0
Cc1nc(C)c(C(=O)Nc2ccccc2-c2ccccc2)o1,0
Cc1cc(=O)oc(C)c1C(=O)n1nc(C)c2c1CC1C2C1(C)C,0
CN(Cc1cccs1)C(=O)COc1cccc(-n2cnnn2)c1,0
CCCCN1C(=O)NC(=O)/C(=C(/CC)Nc2ccc(C(=O)O)cc2)C1=O,0
COCCCN1C(=O)c2ccccc2C1C(=O)NC1CCCCCC1,0
Cc1onc(-c2ccccc2)c1C(=O)NCCc1c[nH]c2ccccc12,0
Cc1nc(CC(=O)c2c(C)cc(O)cc2O)cs1,0
CC1(C)CC(=O)C2=C(C1)OC(N)=C(C#N)C2C1CC=CCC1,0
CCCCn1c(SCC(=O)Nc2cccc(C)n2)nnc1-c1ccco1,0
Cc1ccnc(NC(=O)CCC(=O)N(CC(=O)NC2CCCCC2)CC2CCCO2)c1,0
CCOC(=O)c1c(N)c(C#N)c2n1CCCCC2,0
Cc1cc(C)nc(N2CCCC(C(=O)Nc3ccc4c(c3)OCO4)C2)n1,0
CC1=CC(=O)/C(=C/NCc2ccncc2)C=C1,0
COc1ccccc1NC(=O)N(Cc1ccco1)Cc1cc2c(C)ccc(C)c2[nH]c1=O,0
Cc1onc(-c2ccccc2)c1C(=O)Nc1sc2c(c1C(N)=O)CCC2,0
CC1(C)C(=O)C2(CCCCC2)C(=O)OC1c1ccc(O)cc1,0
CC(C)COC(=O)Nc1nnc(COc2ccccc2)s1,0
CCOC(=O)C1CCCN(c2c(N3CCN(C4CCCCC4)CC3)c(=O)c2=O)C1,0
CC(=O)c1c(C(C)=O)c(C)n(Cc2ccc3c(c2)OCO3)c1C,0
COC(=O)C1C(=O)c2c([nH]c(C(=O)OC3CCCC3C)c2C)CC1C,0
C=CCOc1ccc(/C(O)=C2\C(=O)C(=O)N(CCN(C)C)C2c2cccs2)cc1,0
COc1cccc(-c2nnc(Nc3nc4c(F)cccc4s3)o2)c1,0
Cc1ccc(CNc2ccc3c(c2)ncn3C)cc1,0
Cc1ccc(NC(=O)N2CCC(C(N)=O)CC2)cc1,0
CCOC(=O)N1CCN(C(=O)c2ccc(C#CC3(O)CCCCC3)cc2)CC1,0
C(=C/c1ccccc1)\CSc1nnc(-c2ccncc2)n1Cc1ccco1,0
O=C(CN1C(=O)c2ccccc2C1=O)NCc1ccccn1,0
CCOc1cc2[nH]c(=O)n(CCC(=O)NCCc3ccc(OC)c(OC)c3)c(=O)c2cc1OCC,0
COc1cc(Cl)cc(C#N)c1OCC(=O)O,0
COc1cc(C(=O)NC2=NCCS2)ccc1OCc1c(C)noc1C,0
COc1cc(C(=O)N2CCC(NC(=O)C(Cc3ccccc3C)NC(C)=O)CC2)cc(OC)c1OC,0
COc1ccc(NC(=O)CSc2nnc(-c3ccncc3)n2CC2CCCO2)c(OC)c1,0
Cc1cc(C)cc(OCC(=O)N(Cc2cccs2)C2CCS(=O)(=O)C2)c1,0
CC(=O)C(Sc1ccc2nnc(-c3ccc(F)cc3)n2n1)C(C)=O,0
COC(=O)CNC(=O)c1cn(CC(C)C)c(=O)c2cc(OC)c(OC)cc12,0
CN(C)C(=O)Cn1nc(-c2ccccc2)c2ccccc2c1=O,0
O=S1(=O)N=C(NC2CCCCCC2)c2ccccc21,0
CC1(C)Oc2ccc(C(=O)NC3CCCC3)cc2N(CC(=O)NC2CCCC2)C1=O,0
CCc1ccccc1NS(=O)(=O)c1cc(C)ccc1OC,0
COc1ccccc1NC(=O)CS(=O)(=O)c1cccc2nsnc12,0
O=C(COc1cccc(-n2cnnn2)c1)N1CCOCC1,0
COc1ccc(C(=O)NCC2OCCc3ccccc32)c(O)c1,0
CCOC(=O)C(Cc1c[nH]c2ccccc12)NC(=O)c1ccco1,0
O=C1CCCN1CCCNc1ncnc2c1cnn2-c1ccc(Cl)cc1,0
C=CCn1c(Cc2nc3ccc(Cl)cc3[nH]2)n[nH]c1=S,0
Cc1ccc2nc(NC(=O)C3CCCN(S(=O)(=O)c4cnc[nH]4)C3)sc2c1,0
CC(C(=O)Oc1ccc2c(c1)OCO2)N1C(=O)c2ccccc2C1=O,0
COc1ccc(-c2nnc(-c3ccc(N(C)C)cc3)o2)cc1,0
Cc1cccc2cc(CN(Cc3ccc(F)cc3)C(=O)N(C)C)c3nnnn3c12,0
O=C(NC1CCCCC1)C1CCN(S(=O)(=O)N2CCCCCC2)CC1,0
Cc1ccc(CN2CCN(CC(=O)N3CCC4(CC3)OCCO4)C2=O)cc1,0
O=C(OCC(=O)c1cccs1)C1=COCCO1,0
CCc1nnc(NC(=O)C2CCN(c3nccc(C)n3)CC2)s1,0
Cc1ccc(O)c(NC(=O)C2CC(c3c(F)cccc3Cl)=NO2)c1,0
COc1ccc(CNC(=O)COC(=O)c2n[nH]c3ccccc23)cc1,0
c1csc(-c2nn3c(Cn4cnc5ccccc54)nnc3s2)c1,0
O=C1NC2(CCCCC2)N=C1c1ccc(F)cc1,0
CC(=O)Nc1ccc2[nH]c3ccccc3c2c1,0
CCOC(=O)Cc1[nH]nc2c1C(c1cccc(OC)c1OC)C(C#N)=C(N)O2,0
COc1cccc(NC(=O)Cn2c(-c3cncs3)nc3ccccc32)c1,0
COCCSc1ccccc1C(=O)Nc1nnc(COC)s1,0
O=C(CN1CCN(c2ccccn2)CC1)NC(=O)NC1CCCCC1,0
O=C(CN1CC(c2ccccc2)CC1=O)OCc1ccccc1F,0
Cc1noc(C)c1COC(=O)c1cccnc1SCC(=O)Nc1ccc2c(c1)OCO2,0
COc1cccc(Nc2ncnc3c2cnn3-c2cccc(C)c2)c1,0
COc1ccc(NC(=O)Nc2ccc(OCC(=O)N3CCOCC3)cc2)cc1OC,0
c1ccc2c(-c3nc(C4CCCCC4)no3)cc(-c3ccncc3)nc2c1,0
CC1=C(C(=O)N(C)C)C(c2cccc(Cl)c2)NC(=O)N1,0
CCOC(=O)N1CCN(C(=O)CCC(=O)N2CCOc3ccc(C)cc32)CC1,0
Cc1[nH]c(SCC(=O)Nc2c(C)n(C)n(-c3ccccc3)c2=O)nc(=O)c1Cc1ccccc1,0
Cn1c(N)c(C(=O)COC(=O)C2(c3cccc(F)c3)CCCC2)c(=O)n(C)c1=O,0
COc1ccc(-c2nnn(CC(=O)c3c[nH]c4ccccc34)n2)cc1OC,0
CS(=O)(=O)N(CCc1ccccc1)CC(=O)Nc1ccc2c(c1)OCO2,0
COCCN1C(SCc2cccnc2)=NN/C1=C1\C=Nc2ccccc21,0
CCCOc1ccc(C2C(C#N)=C(N)Oc3nc[nH]c(=O)c32)cc1OC,0
O=C(Nc1cnccn1)C1c2ccccc2Oc2ccccc21,0
COc1ccccc1CN1C(=O)CCC1(C)C(=O)NCc1cccnc1,0
Cc1ccc(C(C)C)c(OCc2nnc(SCC(=O)Nc3ncc(C)s3)n2C)c1,0
O=C(CSCc1ccccc1)Nc1nccs1,0
COc1ccc2[nH]c(=O)c(CN(C(C)=O)c3cccc(C)c3)cc2c1,0
Cc1nc2sc(-c3ccccc3)cc2c(=O)n1-n1cccc1,0
O=C(Cc1ccccc1)Nc1ccc(-c2nnc(-c3ccco3)o2)cc1,0
COc1ccc(NC(=O)c2[nH]c(C)c(C(C)=O)c2C)cc1Cl,0
COC(=O)c1ccc(NC(=O)Nc2ccc(F)cc2)cc1,0
Cc1cc(C(=O)Nc2sc3c(c2C#N)CCCC3)no1,0
O=C(Nc1ccc2c(c1)OCO2)OCc1ccccc1,0
C=C(C)CSc1nnc(-c2cccc(Cl)c2)n1N,0
CCc1ccc2c(CN(CC)Cc3nc(=O)c4ccccc4[nH]3)cc(=O)oc2c1,0
COc1ccc(CCNC(=O)Cn2nnc(-c3ccc(N4CCOCC4)cc3)n2)cc1OC,0
O=C(CCCc1nc(-c2ccccc2)no1)N1CCOCC1,0
c1ccc(CCc2nn3c(Cc4ccccc4)nnc3s2)cc1,0
O=C(Nc1nc(-c2ccc3c(c2)OCO3)cs1)c1ccncc1,0
COC(=O)C(Cc1ccccc1)NC(=O)NCCc1ccc(S(N)(=O)=O)cc1,0
CCOC(=O)N1CCC(NC(=O)CC(NS(=O)(=O)c2ccc(C)cc2)c2ccco2)CC1,0
CCc1ccc(NC(=O)CSc2nnc(Cn3c(=O)sc4ccccc43)n2C)cc1,0
COc1ccc(-n2c(=O)[nH]c3ccccc3c2=O)c(OC)c1,0
Clc1cccc(-c2nn3c(COc4ccccc4)nnc3s2)c1,0
Cc1ccc(S(=O)(=O)N2CCCC2)cc1S(=O)(=O)N1CCCC1,0
Cc1ccc(-n2ncc3c(=O)n(CC(=O)OCc4ccccc4)cnc32)cc1,0
CCOCCCN(C(=O)c1ccco1)C(C(=O)NC1CCCC1)c1cccc(OC)c1OC,0
N#CCCN1CCN(Cn2c3ccccc3c3ccccc32)CC1,0
CCOC(=O)c1ccc(NC(=O)Nc2cc(C)on2)cc1,0
COc1ccc(C2CC(=O)C3=C(C2)NC(C)=C(C#N)C3c2ccc(N(C)C)cc2)cc1,0
Cc1ccc2[nH]cc(C(=O)CN3CCN(c4ccccn4)CC3)c2c1,0
CCOC(=O)NC(CC(=O)O)c1ccc(OC)cc1,0
CCOC(=O)C1CCN(C(C)=C2C(=O)c3ccccc3C2=O)CC1,0
C=CCOc1cccc(C2C(C(=O)c3ccco3)=C(O)C(=O)N2Cc2ccncc2)c1,0
CCOC(=O)c1n[nH]c2ccccc12,0
O=C(NC1CCCCC1)c1nc2n(Cc3ccccc3Cl)[nH]nc-2c(=O)n1,0
CC1=C(C(=O)OCCOC(C)C)C(c2cccnc2)C2=C(CCCC2=O)N1,0
Cc1ccc(N(CC(=O)NCc2ccco2)S(=O)(=O)c2ccccc2)cc1,0
O=C(COc1ccccc1Cl)N1CCN(c2ccc(F)cc2)CC1,0
Cc1ccc(C)n1-n1cnc2scc(-c3cccs3)c2c1=O,0
CC(C)C(NC(=O)c1cccc(S(=O)(=O)N2CCOCC2)c1)C(=O)NCCc1ccccn1,0
C=CC/N=C1\SCC(=O)N1S(=O)(=O)c1ccccc1,0
O=C(OCn1nnc2ccccc2c1=O)c1ccc2ccccc2n1,0
Cc1ccc2cccc(OCC(=O)NCc3ccco3)c2n1,0
COc1ccc(CCN(Cc2cc3cc4c(cc3[nH]c2=O)OCO4)C(C)=O)cc1OC,0
O=C(Cc1cc(=O)oc2cc(O)ccc12)NCC1CCC(C(=O)O)CC1,0
Cc1cc(C)nc(SCc2nnc(SCC(=O)Nc3ccccc3C)n2Cc2ccco2)n1,0
Cc1ccc(C)n1-c1ccncc1,0
Cc1cccc(OCCC(=O)Nc2c(C)n(C)n(-c3ccccc3)c2=O)c1,0
Fc1ccc(-c2nnn(Cc3nc4ccccc4s3)n2)cc1,0
COc1ccc(CCNC(=O)Cc2nn(C)c(=O)c3ccccc23)cc1OC,0
O=S(=O)(CCSc1nc2ccccc2o1)c1nc2ccccc2s1,0
CN1CCN(S(=O)(=O)c2ccc(NC(=O)Cc3cccs3)cc2)CC1,0
COc1ccc(CNC(=O)c2ccc(N3CCCC3=O)cc2)cc1,0
Cc1oc(-c2ccccc2F)nc1CS(=O)CC(=O)NCc1cccs1,0
O=C(COC(=O)CCC(=O)c1ccc2c(c1)OCCO2)NCc1ccc2c(c1)OCO2,0
Cc1nc2ccc(S(=O)(=O)NCC(=O)O)cc2s1,0
CCCOC(=O)c1ccc(NC(=O)c2cnccn2)cc1,0
Cc1ccc(NC(=O)CSc2nnc(-c3ccccc3C)o2)cc1C,0
COc1ccc(C(=O)NCC(c2cccnc2)N2CCN(c3ccccc3)CC2)cc1OC,0
CC1CCc2c(sc3c2C2=NS(=O)(=O)CCN2C=N3)C1,0
Cc1nc(NC(=O)CSc2nc3cccnc3n2C2CCCCC2)sc1C,0
CN(C)c1cccc(NC(=O)Cc2ccc(F)cc2)c1,0
Cc1ccc(S(=O)(=O)NC(C)C(c2cccs2)N2CCN(C)CC2)cc1,0
COc1ccc(-c2ccc(CCC(=O)O)n2C(C)C)cc1,0
CC(C)N(Cc1nnc(-c2ccccc2Cl)o1)C(=O)c1cccc(C#N)c1,0
CC(=O)Nc1ccc(S(=O)(=O)N2CCC(n3cnc4cc(F)ccc43)CC2)cc1,0
COc1ccc(-n2nnnc2SCC(=O)N2CCOCC2)cc1,0
COc1ccc(-n2c(C)cc(C(=O)Cn3c(NCCO)nc4ccccc43)c2C)cc1,0
CN1CCN(CCCNC(=O)c2ccc(CSCc3cccc(Cl)c3)o2)CC1,0
CN1CCN(C2=C(Cl)C(=O)N(Cc3ccccc3)C2=O)CC1,0
O=C(NC1CC2CCC(C1)N2C(=O)NC1CCCCC1)NC12CC3CC(CC(C3)C1)C2,0
Cc1onc(-c2ccccc2)c1C(=O)Nc1c(C)n(C)n(-c2ccccc2)c1=O,0
COc1ccc(C2(O)CCN(Cc3nnnn3Cc3ccc(C)cc3)CC2)cc1,0
CCN(C(=O)COc1ncnc2scc(-c3ccc(F)cc3)c12)C1CCS(=O)(=O)C1,0
Cc1ccccc1-n1nc(C)c2cc(C(=O)NCc3cccnc3)sc21,0
O=C1NCCCc2nonc21,0
COC(=O)c1[nH]c2ccc(C)cc2c1NC(=O)CCN1CCN(C2CCCCC2)CC1,0
CCCCCCN1C(=O)NC(=O)/C(=C(\C)NC)C1=O,0
Cc1cc(=O)n2[nH]c(-c3ccccc3)cc2n1,0
CCn1cc(C(C)(C)C)c(C#N)c1NC(C)=O,0
COC(=O)Cc1c(C)c2ccc(OCC(C)=O)c(C)c2oc1=O,0
COc1cccc(-c2cc(C(=O)N3CCN(c4ncccn4)CC3)c3ccccc3n2)c1,0
CCn1cc(C(=O)NCc2ccc3c(c2)OCO3)c(=O)c2ccc(C)nc21,0
COc1ccc(C2C3=C(CCCC3=O)N=C3N=C(SCc4ccc(C(=O)O)cc4)NN32)cc1OC,0
COc1ccc(-c2cn3c(C)c(C(=O)N4CCN(c5ccc(F)cc5)CC4)sc3n2)cc1,0
Cc1cc(Nc2ccccc2)n(-c2nc3ccccc3[nH]2)n1,0
O=C(CC1Sc2ccccc2NC1=O)OCC(=O)N1CCc2ccccc21,0
O=C(CCc1ccccc1)n1nc(-c2ccccc2)nc1NCc1ccco1,0
CCOC(=O)CNC(=O)CSc1nc2cccnc2n1C1CCCCC1,0
CN1CCN(CCC(=O)Nc2ccc(OCc3ccccc3)cc2)CC1,0
C=CCn1c(SCC(=O)Nc2cccc(C(=O)OC)c2)nnc1C(C)NC(=O)c1cccs1,0
CN(O)/C=c1/ccc2c(n1)C(=O)C=CC=2,0
CSC1=NCCN1C(=O)c1ccc(S(=O)(=O)N2CCCC2)cc1,0
Cn1c2ccccc2c2ncn(CCCN3CCOCC3)c(=O)c21,0
Cc1occc1-c1nnc(SCC(=O)c2cc3ccccc3oc2=O)o1,0
CCOC(=O)c1sc(=S)n(Cc2ccccc2)c1N,0
Cc1noc(C)c1CN1C(=O)NC2(CCc3ccccc3C2)C1=O,0
Cc1onc(-c2ccccc2Cl)c1C(=O)Nc1cnn(Cc2ccccc2)c1,0
CCOc1cc(-n2cnnn2)c(OCC)cc1NC(=O)c1cnccn1,0
COc1ccc(Nc2nc3ccccc3nc2C)cc1,0
CCOC(=O)c1nn(-c2ccc3c(c2)CCN3C(C)=O)cc1O,0
CCCCNC(=O)C1c2cc(OC)c(OC)cc2C(=O)N(C)C1c1ccc(OC)cc1,0
CCOc1ccccc1C(=O)Nc1cc(=O)n(C)c(=O)n1C,0
Cc1oc2ccc(O)c(CN3CCOCC3)c2c1C(=O)c1ccc(Cl)cc1,0
COc1ccc(-n2ncc3c(NCc4ccccn4)ncnc32)cc1,0
COc1ccc(Cl)cc1NC(=O)CSc1nnc(COc2ccccc2)n1N,0
Cc1cc(C)cc(N(CC(=O)NC2CCC(C)CC2)S(=O)(=O)c2c(C)noc2C)c1,0
COc1ccc(-c2nc(C#N)c(N3CCCCCC3)o2)cc1,0
NC(=O)c1ccccc1NS(=O)(=O)Cc1ccccc1,0
CN1CSC2=C(C#N)C(c3cccc(OCc4ccccc4)c3)CC(=O)N2C1,0
Cc1ccc2cc(C(c3nnnn3CC3CCCO3)N3CCCC4(CCCCC4)C3)c(=O)[nH]c2c1,0
O=C(CSc1nnc(Cc2ccccc2)n1C1CCCCC1)N1CCOCC1,0
COc1cc(C(=O)Nc2cccc(-c3nc4cc(C)cc(C)c4o3)c2)cc(OC)c1OC,0
CC(=O)Nc1ccc(N/C=C/C(=O)C(C)(C)C)cc1,0
C=CCn1c(SCC(=O)NCc2ccco2)nc2sc3c(c2c1=O)CCCCC3,0
Cc1cn2c(-c3cccnc3)nnc2s1,0
CCCCNC(=O)c1c(N)n(/N=C/c2cccnc2)c2nc3ccccc3nc12,0
CCC1CCCCN1S(=O)(=O)c1ccc(C(=O)Nc2nnc(-c3ccccc3Cl)o2)cc1,0
O=c1nc(CS(=O)(=O)c2ccccc2)[nH]c2ccccc12,0
CS(=O)(=O)N(CC(=O)N1CCCC1)c1cccc(Cl)c1,0
Cc1nc2ccc(S(=O)(=O)Nc3ccccc3C)cc2s1,0
COc1ccc(NC(=O)CN2CCN(S(=O)(=O)c3ccc(Cl)cc3)CC2)cc1,0
Cc1cc2ccccc2c(=O)n1CC(=O)NCC(=O)N1CCN(c2cccc(Cl)c2)CC1,0
O=C(CCSc1ccccc1)N1CCOCC1,0
c1ccc(Cn2ccnc2SCc2nnc(-c3ccccc3)o2)cc1,0
CCCNC(=O)c1c(N)n(-c2cc(OC)cc(OC)c2)c2nc3ccccc3nc12,0
CCCOc1ccc(N2C(=O)CC(N3CCN(c4nc5ccccc5s4)CC3)C2=O)cc1,0
COc1ccc(Cn2c(C3CC3)nc3ccc(NC(=O)C4CC4)cc3c2=O)cc1,0
COc1cccc(C(=O)CSc2nnc(-c3cc(OC)cc(OC)c3)o2)c1,0
CC1CCc2cc(F)cc3c(=O)c(C(=O)NCc4ccco4)c(O)n1c23,0
Cc1cc(C)c(C(=O)CN2C(=O)CCC2=O)cc1C,0
Clc1ccc(OCCN2CCN(c3ncnc4sccc34)CC2)cc1,1
CCCCCCn1c(N2CCC(C)CC2)nc2c1c(=O)[nH]c(=O)n2C,0
CCn1c(NC(=O)Nc2ccccc2OC)nc2ccccc21,0
CN1CCN(C(=O)c2cnn(-c3ccccc3)c2NC(=O)c2ccccc2F)CC1,0
O=C(O)CN(c1ccc2c(c1)OCCO2)S(=O)(=O)c1ccccc1,0
O=C(NC1(C(=O)NC2CCCCC2)CCCCC1)c1ccc2c(c1)OCO2,0
Cc1noc(C)c1CN1C(=O)NC(Cc2ccccc2)(Cc2ccccc2)C1=O,0
CCOC(=O)C1C(C#N)=C(N)OC(C)=C1c1ccncc1,0
O=C(CN1CCN(CC(=O)c2ccc(F)cc2)CC1)Nc1ccccc1Cl,0
COC(=O)COc1cccc(NC(=O)COc2ccccc2)c1,0
CC1Cc2ccccc2N1C(=O)CN1C(=O)NC(C)(c2ccc3c(c2)OCCO3)C1=O,0
Cn1c(Cn2c(=O)sc3ccccc32)nnc1SCC(=O)Nc1ccccc1F,0
O=c1c2ccccc2nnn1Cc1ccccn1,0
CCOC(=O)c1c(C)c(C(=O)Nc2ccc(N(C)C)cc2)c(C)n1CC,0
C=CCSc1nc(=O)c2ccccc2[nH]1,0
Cc1c(Cc2ccccc2)c(=O)oc2c(CN(C)C)c(O)c(Cl)cc12,0
COC(=O)c1ccc(CSc2nnc3n(Cc4ccccc4OC)c(=O)c4ccccc4n23)o1,0
O=C(Cn1ncc2c(=O)oc3ccccc3c21)N1CCC(N2CCCCC2)CC1,0
CCn1c(SC/C=C/c2ccccc2)nnc1-c1cccs1,0
CC(=O)C1=C(C)N=C2N=CNN2C1c1ccccc1OCc1ccccc1,0
Cc1ccc(N2C(=O)C(Cl)=C(Nc3c(C)n(C)n(-c4ccccc4)c3=O)C2=O)cc1,0
CN(Cc1cnn(C)c1)C(=O)c1cc2ccccc2oc1=O,0
CN(C)C(=O)N1CCC(C(=O)NCc2cccs2)CC1,0
C1=NC2=NC3=C(CCCC3)C(c3ccccc3)N2N1,0
O=C(CN1CC(=O)Oc2ccccc21)OCC(=O)c1ccccc1,0
COc1ncnc2sc(-c3ccccc3)cc12,0
Cc1cc(NC2CCCCC2)nc(N2CCOCC2)n1,0
COc1cc(OC)cc(C(=O)Nc2cccc(N3CCCC3)c2)c1,0
COc1ccc(OC)c(C(C)NC=O)c1,0
C=CCNc1nnc(C)c2ccccc12,0
Cc1ccccc1OCc1nc2ccccc2c(=O)n1/N=C/c1ccco1,0
C=CCn1c(C)cc(C(=O)COC(=O)COc2ccccc2C#N)c1C,0
COCCSc1nnc(NC(=O)Cc2ccccc2OC)s1,0
COc1ccc(OC(C)C(=O)N2CCN(c3ccccn3)CC2)cc1,0
N#Cc1c(NC(=O)CCCN2C(=O)c3ccccc3C2=O)oc(-c2ccccc2)c1-c1ccccc1,0
CCCCc1ccc(NC(=O)OC)cc1,0
O=C(O)c1ccc(-c2ccccc2Cl)o1,0
COc1cc(NC(=O)Nc2ccccc2)c(OC)cc1NC(=O)CN1CCCCC1,0
O=C(C1CC1)N1CCc2cc(S(=O)(=O)NCC3COc4ccccc4O3)ccc21,0
COc1ccc(Cc2nnc(SCC(=O)NC3CCCCC3)n2C)cc1,0
CCOc1cc(C)c(Cl)cc1S(=O)(=O)N1CCCC1,0
CCOC(=O)CC1C(=O)NCCN1C(=O)Nc1ccccc1,0
COc1ccc(N2CCN(Cc3nc(=O)c4ccccc4[nH]3)CC2)cc1,0
O=S(=O)(c1ccc(Cl)cc1)N1CCN(C2CCCCCC2)CC1,0
CCOC(=O)Cn1nnnc1C(CC)N(Cc1cccs1)Cc1cc2cc(C)ccc2[nH]c1=O,0
COC(=O)CC1=C(C(=O)OC)C(c2ccncc2)C(C#N)=C(N)O1,0
Cc1ccccc1NS(=O)(=O)c1ccc(NC(=O)c2ccco2)cc1,0
Cc1c(NC(=O)Nc2cccc(Cl)c2)c(=O)n(-c2ccccc2)n1C,0
CCCN(CCC)CCNC(=O)c1cc2c(=O)n(C)c3ccccc3c2n1C,0
CC1(C)Oc2ccc(NC(=O)C3COc4ccccc4O3)cc2O1,0
Cc1ccc(-n2nc3c(c2NC(=O)c2ccc4c(c2)OCO4)CSC3)c(C)c1,0
Cc1cc(C)nc(N(C#N)CC(=O)N(c2ccccc2)C(C)C)n1,0
Cc1ccccc1-c1nc(CN2CCC(C(=O)NCCCN3CCOCC3)CC2)c(C)o1,0
O=c1cc(-c2ccccc2)nc2nc(CCc3ccccc3)[nH]n12,0
Cc1cccc(OCc2nnc(SCC(=O)Nc3ccc(C)c(C)c3)o2)c1,0
CCc1nc(SCC(=O)Nc2cc(C)on2)c2c(C)c(C)sc2n1,0
COc1ccc(OC)c(NC(=O)Cn2cc(C(=O)c3ccco3)c3ccccc32)c1,0
Cc1ccc(-n2nnnc2SC(C)C(N)=O)c(C)c1,0
O=C(COc1ccccc1Cl)Nc1ccc2c(c1)OCCO2,0
COc1ccc(-c2nnc(-c3cccnc3)o2)cc1OC,0
CCCCCCC(=O)N(O)C1CC(=O)N(Cc2ccccc2)C1=O,0
Cc1ccnc2nc(C(=O)OCCOc3ccccc3)nn12,0
CCCOc1cccc(C2C(C(=O)c3ccco3)=C(O)C(=O)N2CCN(CC)CC)c1,0
COc1ccc(Cl)cc1NC(=O)NC(C)c1ccncc1,0
COCCn1c(-c2ccc(OC)c(OC)c2)nc2ccccc21,0
CCC(=O)N(Cc1cc2c(C)ccc(C)c2[nH]c1=O)C1CCCCC1,0
CCOc1ncccc1C(=O)OCC(=O)N1CC(=O)Nc2ccccc21,0
CCOCCCNC(=O)c1c[nH]c2ccc(S(=O)(=O)Nc3cccc(OC)c3)cc2c1=O,0
CCCCC(=O)Nc1ccc(C(=O)N2CCCC(C(=O)OCC)C2)cc1,0
c1ccc2oc(NC3=NCN(CC4CCCO4)CN3)nc2c1,0
COc1ccc(CCNC(=O)C(C)OC(=O)c2ccco2)cc1OC,0
COc1ccc(Cc2nnc(NC(=O)c3cccs3)s2)cc1,0
CCn1c(Cc2ccccc2)nnc1SCC(=O)Nc1ccc(N2CCOCC2)c(Cl)c1,0
Cc1nn(Cc2ccccc2)c(Cl)c1C(=O)OCc1nnc(-c2ccccc2)o1,0
O=C(CCCNS(=O)(=O)c1cccs1)N1CCN(c2ccc(F)cc2)CC1,0
CN(C)c1ccccc1C(=O)c1ccccc1N(C)C,0
CC(=O)Nc1sc(C)c(C)c1C(=O)OC1CCOC1=O,0
Cc1nc2cc(-c3ccccc3)ccc2o1,0
Cc1cn(CC2COC(C)(C)O2)c(=O)[nH]c1=O,0
COc1ccc(S(=O)(=O)N(CCc2ccccc2)CC(=O)O)cc1OC,0
Cc1noc(NS(=O)(=O)c2ccc(NC(=O)CSc3nc4c(cc3C#N)CCC4)cc2)c1C,0
COc1cc(C(=O)Nc2ccc(NC(=O)C3CC3)nc2)cc(OC)c1OC,0
COc1ccc(CCNC(=O)CCN2C(=O)C3CC=CCC3C2=O)cc1OC,0
Cc1nc2nc[nH]n2c(=O)c1NC(=O)c1cccc(OCC(C)C)c1,0
CCSc1nc2n(-c3ccc(C)c(C)c3)[nH]cc-2c(=O)n1,0
O=C(Nn1cnnc1)c1cc(-c2ccccn2)nc2ccccc12,0
COC(=O)C1=C(C)N(c2ccc(S(N)(=O)=O)cc2)C(=O)C1,0
COc1ccccc1N1CCN(CC(=O)Nc2c(C)n[nH]c2C)CC1,0
O=C(CN1C(=O)C2CC=CCC2C1=O)OCCN1C(=O)c2ccccc2C1=O,0
CN1C(=O)C(Cc2cccc3ccccc23)C(=O)N(C)C1=O,0
CCOc1ccc(C2CC(c3cccc(C)c3)N3NC(N)=NC3=N2)cc1,0
CCOC(=O)c1c(C)c(C(=O)NCc2cccs2)c(C)n1C,0
Cc1ccc(S(=O)(=O)NCc2ccco2)c(C)c1C,0
CC(C)C(c1nnnn1Cc1ccccc1)N(Cc1ccco1)Cc1cccs1,0
O=C1CC(Cc2ccc(Cl)cc2)C(=O)N1c1ccccn1,0
COc1cccc(NC(=O)N2CCN(Cc3nc(=O)c4ccccc4[nH]3)CC2)c1,0
Cc1cc(C)c(NC(=O)C(C)(C)C)c(Cl)c1,0
COc1ccc(-c2nsc3c(N4CCN(S(=O)(=O)c5ccccc5)CC4)ncnc23)cc1,0
CCc1ccc(-c2nc(-c3ccncc3)no2)cc1,0
CCCC1CCC(C(=O)Nn2c(C)nc3ccccc3c2=O)CC1,0
CNC(=O)c1cc2c(s1)CCCCCC2,0
Cc1ccc2c(c1)c1nc3ccccc3nc1n2CCN1CCOCC1,0
COc1ccc(CN2C(=O)c3cccnc3C2Nc2ccc(OC)c(Cl)c2)cc1,0
COc1ccc(NC(=O)Cc2nnc(SCC(=O)Nc3cc(C)ccc3OC)n2C)cc1,0
O=C1NC2c3ccccc3C(=O)N2c2c1cnn2-c1ccccc1,0
CNc1nnc(CSc2nc3ccccc3s2)s1,0
Cc1ccc(-c2cc(C(=O)Nc3cnn(C45CC6CC(CC(C6)C4)C5)c3)no2)cc1,0
Cc1occc1-c1nnc(SCC(=O)NCCc2ccccc2)n1C(C)c1ccccc1,0
c1ccc(CCc2nn3c(C4COc5ccccc5O4)nnc3s2)cc1,0
O=C(Cn1c(=O)sc2ccccc21)Nc1ccccc1C(=O)O,0
CN1C(=O)c2cccc(NC(=O)Cc3ccccc3)c2C1=O,0
Clc1ncn(C23CC4CC(CC(C4)C2)C3)n1,0
CCOC(=O)N1CCN(C(=O)CCn2nc(-c3ccc(Cl)cc3)ccc2=O)CC1,0
Cc1ccc(-n2ncc3c(=O)n(CC(=O)N4CCCc5ccccc54)cnc32)cc1C,0
COC(=O)Cn1cnc2c(C#N)c3n(c2c1=O)CCCCC3,0
CC(C)CNC(=O)C1CCN(c2ccc(S(=O)(=O)N3CCOCC3)cc2Cl)CC1,0
Cc1ccc(C(c2nnnn2C(C)(C)C)N2CCN(C3CCCC3)CC2)cc1,0
CC1=C(C(=O)NCc2ccccc2)C(c2cccs2)N2NC=NC2=N1,0
COc1ccc(Cl)cc1NC(=O)COC(=O)CCNC(C)=O,0
Cc1nc2sc(C(c3ccc(Cl)cc3)N3CC(C)OC(C)C3)c(O)n2n1,0
COc1cccc(C(=O)CSc2nnc(-c3ccco3)n2CC2CCCO2)c1,0
O=C(c1cc2ccccc2o1)N1CCN(c2ccccc2Cl)CC1,0
CC(C)(C)n1ncc2c(=O)n(CC(=O)N3CCCc4ccccc43)cnc21,0
COc1ccc2nc3c(cc2c1)c(NC(=O)c1cccs1)nn3CC(C)C,0
Cc1cnc(NC(=O)c2ccc3c(c2)C(=O)N(Cc2ccco2)C3=O)s1,0
COc1cc(/C=N/n2cnnc2)ccc1OC(=O)N(C)C,0
O=C(CCn1c(=O)oc2ccccc21)NCc1ccco1,0
Cc1ccc(Nc2nnc(SCC(=O)NCc3ccco3)s2)cc1,0
CCOc1ccccc1COC(=O)c1cccc(-n2cnnn2)c1,0
CCCCCn1/c(=N/C(=O)c2ccco2)c(C(=O)OCC)cc2c(=O)n3ccccc3nc21,0
O=C(CSc1nc2ccc(Cl)cc2[nH]1)NCc1ccco1,0
Cc1cccn2c(=O)c(/C=N/Cc3ccco3)c(Nc3ccc(Cl)cc3)nc12,0
O=C(COC(=O)Cc1cn2ccsc2n1)NCc1ccc2c(c1)OCO2,0
C=CCn1c(SCn2nnc3ccccc3c2=O)nc2scc(-c3cccs3)c2c1=O,0
CCN1C(=S)SC(=O)C1=C1C=C(C)N(CCO)C(C)=C1,0
CC(C)C(c1nnnn1C1CCCC1)N1CCCc2ccccc21,0
CCOC(=O)/C=C1\SCC(=O)N1CC(=O)NC1CCCCC1,0
O=C(Cn1cnc2c(nnn2Cc2ccccc2)c1=O)N1CCN(c2ccccc2)CC1,0
CC(C)c1ccccc1NC(=O)c1cnccn1,0
COc1ccc(NC2=c3cccc(C)c3=NC2=O)cc1,0
O=C(Nc1cccc2ccccc12)OC1C=CS(=O)(=O)C1,0
c1ccc(COc2ccc(OCCOCCn3cncn3)cc2)cc1,0
CC(C)N(Cc1cc2ccccc2[nH]c1=O)C(=O)c1cccnc1,0
CCCN1CC2CCCC3(C1)C(=O)NC1(CCCCC1)N=C23,0
CC(C)CCn1c(NCCN(C)C)nc2c1c(=O)[nH]c(=O)n2C,0
Clc1ccc2nc3ccccn3c2c1,0
CCCC(=O)N(c1ccc2oc(=O)sc2c1)S(=O)(=O)c1ccccc1,0
Cc1ccc(C(=O)CSc2nnc(-c3cccs3)n2C)o1,0
O=C(NCCC1=CCCCC1)c1cnccn1,0
CCOC(=O)c1ccc(Nc2nnc3nc(C)cc(C)n23)cc1,0
O=c1[nH]c(=S)[nH]nc1Cc1ccccc1,0
CCOc1cc(NC(=O)c2cnccn2)c(OCC)cc1NC(=O)c1ccc(OC)cc1,0
COC(=O)CC1Oc2ccc(C)cc2NC1=O,0
O=C(O)CCc1nn2c3ccccc3nc2n(CCN2CCCCC2)c1=O,0
CC(C)c1nnc(NC(=O)c2c(O)n3c4c(cccc4c2=O)CC3)s1,0
Cc1cc(=O)oc2cc(OCC(=O)NCCCN3CCOCC3)ccc12,0
CC(=O)N(Cc1cccnc1)Cc1cc2ccc(C)cc2[nH]c1=O,0
CCOC(=O)/C=C1\SCC(=O)N1CC(O)CN1C(=O)CS/C1=C\C(=O)OCC,0
COc1ccc(-c2noc(CCC(=O)NCCCN3CCC(Cc4ccccc4)CC3)n2)cc1,0
Cc1onc(-c2ccccc2)c1C(=O)Nc1ccc(OC(C)C)cc1,0
Cc1ccc(C)n1-c1ncn[nH]1,0
O=c1cc(-c2ccccc2)nc2nc(-c3ccccc3)[nH]n12,0
CCCSc1nc(=O)cc(C)[nH]1,0
COc1ccc(C(=O)COC(=O)CCCn2c(=O)oc3ccccc32)cc1,0
CCOC(=O)C1CCCN(C(=O)CN2C(=O)COc3ccc(C(C)(C)C)cc32)C1,0
Cc1csc(NC(=O)c2ccc(C)c(S(=O)(=O)N3CCCCC3)c2)n1,0
Cc1ccc(S(=O)(=O)/N=C/c2ccco2)cc1,0
Cc1ccc(C)c(NC(=O)c2nnn(Cc3ccccc3C)c2N)c1,0
CC(C(=O)N1CCCCC1)N1C(=O)c2ccccc2C1=O,0
Cc1ccc2[nH]c3c(c2c1)CN(C(=O)CN1CCN(c2ccccc2)CC1)CC3,0
Cc1ccc(C(=O)NCCCC(=O)O)o1,0
O=S(=O)(Nc1ccc2c(c1)CCC2)c1cccs1,0
Cn1cccc1Cc1nnc(SCC(=O)N2CCCC2)n1CCc1ccccc1,0
COC(=O)c1ccc(NC(=O)Cn2nnc3ccccc32)cc1,0
O=C(Cn1c(-c2cncs2)nc2ccccc21)NCCc1ccccc1,0
Cc1cccc(C)c1OCC(=O)NCc1nnc(SCC(=O)NC2CCCCC2)n1C,0
Cc1ccc(-c2cn3c(=S)[nH]nc3s2)cc1,0
CN(C)c1nc(OCCNC(=O)Nc2ccccc2)nc(N(C)C)n1,0
CC(C)C(c1nnnn1C1CCCC1)N1CCN(c2ccccc2F)CC1,0
Cc1cc(NC(=O)CSc2nnnn2Cc2ccccc2)no1,0
CCc1nnc(NC(=O)C2CCN(c3nc(C)cc(C)n3)CC2)s1,0
O=C(C1CCN(C2CC(=O)N(Cc3ccccc3)C2=O)CC1)N1CCCCCC1,0
C/C(=C\C(=O)c1ccc(C)cc1)Nc1cccc(O)c1,0
Cc1ccc(Nc2nc(=O)c(CCC(C)C)c(C)[nH]2)cc1,0
O=C(CCn1nc(-c2ccc(Cl)cc2)ccc1=O)N1CCOCC1,0
CCOc1ccc(CCNc2nc3c(c(=O)n(C)c(=O)n3C)n2CC)cc1OCC,0
COc1cc(-c2nc(-c3ccncc3)no2)cc(OC)c1OC,0
O=C(COC(=O)C1(c2ccc(F)cc2)CCCC1)N1CCOCC1,0
c1ccc2c(c1)nc(NCCN1CCOCC1)c1nncn12,0
COc1cc(CC(=O)O)c(C(C)=O)cc1OC,0
COc1ccc(CCNC(=O)CN(c2ccccc2OC)S(C)(=O)=O)cc1OC,0
O=C(NCc1ccccn1)C1CCN(S(=O)(=O)c2ccccc2)CC1,0
Cc1ccc2[nH]c(=O)c(CN(Cc3ccco3)C(=O)c3cccs3)cc2c1,0
O=C(Cn1cnc2c(nnn2Cc2ccccc2)c1=O)c1ccc(Cl)cc1,0
COc1ccccc1NC(=O)CSC1=NC(=O)C(NC(C)=O)C(=O)N1,0
Cc1ccc(CNC(=O)CSc2ncccn2)cc1,0
Cc1ccc(S(=O)(=O)N(C)CC(=O)N2CCc3ccccc32)cc1,0
Cc1ccc(CCNC(=O)C2CCN(S(=O)(=O)N3CCCC3)CC2)cc1,0
CCOC(=O)C1CCCN(C(=O)CCc2ccccc2)C1,0
CCCC(C(=O)NC1CCCCC1)N(Cc1ccco1)C(=O)CNS(=O)(=O)c1ccccc1,0
COc1cc2c(=O)n(Cc3ccccc3)c(=O)n(CC(=O)NCc3ccco3)c2cc1OC,0
COC(=O)CSc1nnc(C2COc3ccccc3O2)n1-c1ccccc1,0
CCN1CCN(C(=O)COc2ccc(S(=O)(=O)N(C)Cc3ccccc3)cc2)CC1,0
CCOC(=O)Nc1ccc2c(c1)nc(CN1CCN(C(C)=O)CC1)n2C,0
COC(=O)c1sc(N)c(C(=O)OC)c1CSc1nc2sc3c(c2c(=O)n1C)CCC3,0
CCOCCCn1c(=S)[nH]c2cc(C(=O)N3CCOCC3)ccc2c1=O,0
Cc1ccc(C(=O)N2CCN(c3cccc(Cl)c3)CC2)cc1C,0
CN(C)S(=O)(=O)c1cccc(-c2nnc(SCc3cc(Cl)cc4c3OCOC4)n2N)c1,0
COc1cccc(OC)c1C(=O)Nc1c(C)n(C)n(-c2ccccc2)c1=O,0
COc1ccc(-c2nc(S(=O)(=O)c3ccc(C)cc3)c(N3CCCC3)o2)cc1,0
Cc1cccc(-c2nc(CS(=O)CC(=O)N3CCc4ccccc4C3)c(C)o2)c1,0
CC(C(=O)N1CCOCC1)N1c2cccc3cccc(c23)S1(=O)=O,0
CCN1CCN(C(c2cc3cc4c(cc3[nH]c2=O)OCO4)c2nnnn2C(C)(C)CC)CC1,0
COc1ccc(OC)c(NC(=O)CCNS(=O)(=O)c2cccs2)c1,0
C=CCn1c(N2CCCCCC2)nc2c1c(=O)[nH]c(=O)n2C,0
NC(=O)c1cccc2c1C(=O)N(C1CCCCC1)C2,0
COc1ccc(NC(=O)c2ccc3c(c2)C(=O)N(Cc2cccnc2)C3=O)cc1,0
O=C(CSc1nnc(-c2ccco2)o1)NCC(=O)c1ccccc1,0
CCOc1ccc2[nH]c(=O)c(CN(Cc3cccs3)Cc3nnnn3C(C)(C)CC)cc2c1,0
O=S(=O)(NCc1cccs1)c1cccc2cccnc12,0
CCOCCn1c(SCc2cccc(C)c2)nc2c1c(=O)[nH]c(=O)n2C,0
CCn1c(O)c(C(=O)NCc2ccc(OC)cc2)c(=O)c2ccccc21,0
COc1ccc(C(C(=O)NC2CCCCC2)N(CC2CCCO2)C(=O)CNC(=O)c2ccco2)cc1,0
CCOC(=O)c1c(NC(=O)OC)sc2c1CCC2,0
CC1CN(c2cc(=O)n(-c3ccccc3)c(=O)[nH]2)CC(C)O1,0
Cc1cc(C(=O)N2CCN(Cc3ccc4c(c3)OCO4)CC2)cs1,0
Cc1onc(-c2ccccc2)c1C(=O)NC(C)C1CCCO1,0
CC(OC(=O)c1cc2sccc2n1C)C(=O)NCc1cccs1,0
COc1ccc2c(c1)[nH]c1c(=O)n(CC3CCCO3)cnc12,0
O=C(CCCSc1nc2ccccc2s1)NCc1ccco1,0
O=C1C=CC=C/C1=C1\NN=C(COc2ccc(Cl)cc2Cl)O1,0
COc1cc(-c2nnc(CSc3nc4ccccc4s3)o2)cc(OC)c1OC,0
COc1ccc(S(=O)(=O)N2CCN(c3ccccc3OC)CC2)cc1OC,0
CCOCCCN1C(=O)CN(C2CCCCCC2)C(=O)C1c1ccc(OC)cc1,0
O=C(Oc1nsnc1N1CCOCC1)N1CCCCC1,0
Cc1cccc2c1nc(-c1ccccc1)n1nnnc21,0
COc1cccc(C2C(C(=O)c3sc(C)nc3C)=C(O)C(=O)N2CCN(C)C)c1OC,0
Cc1cc(S(=O)(=O)NC2CCCCC2)ccc1OCC(=O)NCc1ccccn1,0
Cc1cc(OCn2ccc(C(=O)O)n2)ccc1Cl,0
Cc1cc(NC(=O)CN2CCCC2c2nc3ccccc3s2)no1,0
CCOc1ccc(N2C(=O)c3cccnc3C2Nc2ccc(F)cc2)cc1,0
COc1ccccc1CNC(=O)c1ccc(NS(C)(=O)=O)cc1,0
O=C(CSc1ncnc2c1oc1ccccc12)NCc1ccco1,0
COc1cccc(OC)c1-c1nn2c(-c3ccco3)nnc2s1,0
CCOCCn1cnc2sc(C(=O)NCC(=O)OCC)c(C)c2c1=O,0
CCOC(=O)Cc1csc(NC(=O)CSc2nnc(C(C)C)n2C)n1,0
CCOC(=O)c1c(-c2ccccc2)oc2ccc(OC(=O)N(C)C)cc12,0
CC(=O)Nc1nc(C)nc(C)c1C(C)=O,0
Cc1cc(C)n(-c2nc3ccccc3c(=O)n2OCC(=O)Nc2c(C)cccc2C)n1,0
O=S1(=O)CC(N2CCCCC2)C(N2CCCCC2)C1,0
COc1cccc(C(=O)N2CCN(c3ncccn3)CC2)c1,0
COc1ccc(-n2nc(C(=O)NCc3ccco3)c3c4ccccc4n(C)c3c2=O)cc1Cl,0
CC(=O)Nc1ccc2c(c1)n(C)c(=O)n2C,0
COCCNC(=O)c1cc(-c2cccc(OC)c2)on1,0
O=C(Nc1ccccc1)c1cccc(N2CCCC2=O)c1,0
CN(CCC#N)c1ncnc2scc(-c3ccccc3)c12,0
O=C(O)CCCC(=O)Nc1nc(-c2ccc(F)cc2)cs1,0
COC(=O)Cc1c(C)nc2nc[nH]n2c1=O,0
Cc1n[nH]c(SCC(C)C)nc1=O,0
CC1=C(C(=O)Nc2ccc(F)cc2)C(c2ccncc2)C2=C(CCCC2=O)N1,0
COc1ccccc1CN1CCN(C(=O)COc2ccccc2)CC1,0
Cc1cc(=O)nc(S/C=C/c2ccccc2)[nH]1,0
Cc1nc2cc(NC(=O)COc3ccc(C#N)cc3)ccc2n1-c1ccccc1,0
COc1cc(C2C(C(=O)N3CCCCC3)=C(C)NC3=C2C(=O)CC(C)(C)C3)ccc1O,0
Cc1cc(NC(=O)CSc2nnc(-c3ccoc3C)n2N)no1,0
Cn1c(C(=O)NCc2cccs2)cc2oc3ccccc3c21,0
CCCc1cc(C(=O)Nc2ccc(C(C)=O)cc2)no1,0
COc1cc(C(C)=O)ccc1OCC(=O)c1cc(C)n(C2CC2)c1C,0
Clc1ccc(-c2noc(CN3CCN(c4ccccc4)CC3)n2)cc1,0
O=C(c1ccc2snnc2c1)N1CCN(c2ccccn2)CC1,0
COc1ccc(CC(=O)N(Cc2cc3cc(OC)ccc3[nH]c2=O)C(C)C)cc1,0
COc1ccc(-c2nnc3sc(CCN4C(=O)c5ccccc5C4=O)nn23)cc1,0
COc1ccc(-n2nnc3c(=O)n(CC(=O)OCc4ccccc4)cnc32)cc1,0
COc1cc2cc(C(c3nnnn3C3CCCC3)N(C)C3CCCCC3)c(=O)[nH]c2cc1OC,0
COc1ccccc1CNC(=O)CCNC(=O)Cn1ccc2ccccc2c1=O,0
CCCN(CCC)c1ncnc2c1cnn2-c1ccc(OC)cc1,0
COc1nc2c(C)cccc2cc1-c1noc(-c2ccncc2)n1,0
CN(C)S(=O)(=O)c1cc(C(=O)NCCCn2ccc3ccccc32)ccc1Cl,0
CC(=O)C1=C(O)C(=O)N(CCCCCC(=O)O)C1c1ccc(N(C)C)cc1,0
CC(=O)Nc1ccccc1-c1nc2ccc(C(=O)N3CCN(c4ccccc4)CC3)cc2[nH]c1=O,0
CCOC(=O)N1CCC(NC(=O)C(Cc2ccccc2)NC(=O)c2ccco2)CC1,0
CCSc1nc2ccccc2n1Cc1nc(N)nc(N(C)C)n1,0
CCC(=O)N1CCN(c2ccccc2NC(=O)COc2cccc(C)c2)CC1,0
C=C(C)CSc1nnc(C(CCSC)NC(=O)OC(C)(C)C)o1,0
Cc1ccsc1-c1nc(CSCC(=O)N2CCN(c3ccccc3)CC2)c(C)o1,0
COc1ccc(-c2noc(CN(C)S(=O)(=O)c3ccc(Cl)cc3)n2)cc1OC,0
Cc1ccc2nc3c(cc(C#N)c(=N)n3CC3CCCO3)c(=O)n2c1,0
CCC(=O)N(Cc1cc2ccccc2[nH]c1=O)C(C)C,0
COc1ccccc1N1CCN(c2nc(N)c(C#N)c(CC#N)c2C#N)CC1,0
CCOc1ccc2nc(NC3=NCN(Cc4ccco4)CN3)nc(C)c2c1,0
O=C(CSC1=NCCS1)Nc1nc(-c2ccccc2)cs1,0
Cc1cc(NCCN2CCOCC2)n2nc(C)c(-c3ccccc3)c2n1,0
COCC(=O)Nc1nnc(-c2cccs2)s1,0
CC(C)CC(=O)Nc1ccc2oc(-c3cccnc3)nc2c1,0
CC1(C)Cc2c(C#N)c(NCCN3CCOCC3)nc(-c3ccco3)c2CO1,0
CC1=C(C(=O)Nc2ccc(C)cc2)C(c2ccc(C)o2)C2=C(CC(C)(C)CC2=O)N1,0
COc1ccc(C(=O)N2CCOCC2)cc1S(=O)(=O)N1CCC(C)CC1,0
Cc1cc(C)c2c(CN3CCN(Cc4ccc5c(c4)OCO5)CC3)cc(=O)oc2c1C,0
O=C(NC1c2ccccc2-c2ccccc21)N1CCOCC1,0
CCCCSc1nc(N)c(C#N)c(-c2cccs2)c1C#N,0
O=C1C(c2ccc(F)cc2)N(C2CCCCC2)C(=O)CN1C1CCCC1,0
CC(=O)Nc1nc2ccccc2n1CCOc1ccccc1Cl,0
C=CCOc1ccc(C2C(C(=O)c3ccco3)=C(O)C(=O)N2Cc2cccnc2)cc1,0
CCC(=O)Nc1cccc(-c2c(C(=O)OC)c(C)nc(C)c2C(=O)OC)c1,0
COc1cccc(OC)c1-c1nn2c(-c3cc(-c4ccccc4)n[nH]3)nnc2s1,0
Cc1cc(-c2ccccc2)c2c3c(cn2n1)c(=O)n(C)c(=O)n3C,0
Cc1cc(C)cc(C(=O)/C=C2\NC(=O)CS2)c1,0
CCCCNC(=O)c1ccc(NC(=O)C2CCCO2)cc1,0
Cc1cc(NC(=O)c2ccc(S(=O)(=O)N(C)C)cc2)no1,0
O=C(CS(=O)(=O)c1ccccc1)c1ccc2c(c1)OCCO2,0
N#CCCN1CCN(Cc2cc(-c3ccccc3)ccc2O)CC1,0
COC(=O)C1=C/C(=C2/C=Nc3ccccc32)NN1,0
Cc1c(C(=O)O)oc2ccc(S(=O)(=O)N3CCC(C)CC3)cc12,0
COc1cc(-c2nnc(SCc3c(F)cccc3Cl)o2)cc(OC)c1OC,0
CC(C)NC(=O)c1cnc(N2CCN(c3ccccn3)CC2)c2ccccc12,0
CC(=O)Nc1sc(NC(=O)c2ccccc2)nc1-c1cccs1,0
CC(=O)C(C)Oc1ccc2c3c(c(=O)oc2c1)CCCC3,0
COC(=O)c1ccc(C(=O)OC)c(NC(=O)c2cc3ccccc3o2)c1,0
Cc1nn(CC(=O)Nc2ccc(C(=O)N3CCCC3)cc2)c(=O)c2ccccc12,0
COc1ccc(S(=O)(=O)Nc2ccccc2SC)cc1C,0
COc1ccc(CN2CC(C(=O)NCCCN3CCOCC3)CC2=O)cc1,0
Cc1cc(SCC(N)=O)nc(SCC(=O)c2ccccc2)n1,0
Cn1ccnc1SCC(=O)Nc1sccc1C#N,0
COc1ccc(C2C(C#N)=C(/N=C/N3CCN(C)CC3)OC3=C2C(=O)CC(C)(C)C3)cc1,0
N#CC1=C(N)N(c2ccccc2Sc2ccccc2)C(=O)C1,0
Cc1ccc(S(=O)(=O)N2CCC(C(=O)N3CCCC3C(=O)NCc3ccco3)CC2)cc1,0
CC(C)(C)S(=O)(=O)c1ccccc1C(=O)O,0
COc1ccccc1-c1nnc(SCC(=O)N2CC(C)CC(C)C2)o1,0
COc1ccccc1NC(=O)C(Cc1ccc(Cl)cc1)c1nn[nH]n1,0
CCCOc1ccc(C2C(=O)N(C3CCCCC3)CC(=O)N2CCCOCC)cc1OC,0
O=C(Nc1ccccc1)NC1(C(=O)NCc2ccc3c(c2)OCO3)CCCCC1,0
CCOC(=O)c1ccc2c(c1)N(CC(=O)N1CCCC1)C(=O)C(C)(C)O2,0
O=S(=O)(NCCc1csc(-c2ccccc2)n1)c1ccc2c(c1)OCCO2,0
O=C(Cc1coc2ccc3ccccc3c12)N1CCN(c2ncccn2)CC1,0
COc1ccc(C2C(C#N)=C(SC)NC3=C2C(=O)CC(C)(C)C3)cc1,0
Cc1ccc2cc3cc(C(=O)N(C)C4CCCCC4)oc3nc2c1,0
CCOCCn1c(CN2CCCC(C)C2)nc2c1c(=O)n(C)c(=O)n2C,0
Cc1ccc(OCCCC(=O)N2CCOCC2)c(C)c1,0
CC(O)c1c(OCc2ccccc2)ncnc1OCc1ccccc1,0
Cc1c(C(=O)N2CCCC2)sc(NC(=O)c2cccs2)c1C#N,0
O=S(=O)(NC1CC1)c1ccc(S(=O)(=O)N2CCCc3ccccc32)cc1,0
N#Cc1c(N)oc(-c2ccc3c(c2)OCO3)c1-c1ccc2c(c1)OCO2,0
CC1CC(=O)Nc2ccccc2S1(=O)=O,0
COc1cccc(-c2ccc(-c3noc(-c4ccccc4F)n3)c(OC)n2)c1,0
O=C(c1noc2c1CCCCC2)N1CCN(C(c2ccccc2)c2ccccc2)CC1,0
COCCN(CCOC)C(=O)c1cc2sc3ccccc3c2s1,0
CCn1c(=O)n(CC(=O)Nc2cccc(OC)c2)c(=O)c2ccccc21,0
CCOC(=O)N1CCC(NC(=O)c2cc(-c3ccc(F)cc3)[nH]c2C)CC1,0
CC1CC(C)CN(S(=O)(=O)c2ccc(C(=O)NCCCn3ccnc3)cc2)C1,0
Cc1ccccc1-c1nc(-c2cccnc2)no1,0
COc1ccc2nc(NCCO)[nH]c2c1,0
Cc1ccc2nsnc2c1S(=O)(=O)N(Cc1cc2cccc(C)c2[nH]c1=O)CC1CCCO1,0
Cc1cccc(Nc2oc3cc(=O)ccc-3cc2C(N)=O)c1,0
CC(=O)NCC(=O)NC(C(=O)Nc1ccc2c(c1)OCCO2)c1ccc(C)cc1,0
CC1CCN(c2ncnc3c2cnn3Cc2ccc(Cl)cc2)CC1,0
Cc1cccc(C)c1NC(=O)Cn1cnc2c(=O)n(C)c(=O)n(C)c21,0
CCN1CCN(C(=O)C(NS(=O)(=O)c2ccc3nc(C)sc3c2)C(C)C)CC1,0
COc1ccccc1N1CCN(C(=O)c2oc3ccccc3c2C)CC1,0
O=C(CN1C(=O)CCSc2ccccc21)Nc1ccc2c(c1)OCO2,0
Cn1c(COc2ccccc2)nnc1SCC(=O)Nc1ccc2c(c1)OCO2,0
CCOC(=O)c1c(C)[nH]c(C(=O)COC(=O)c2ccc(N3CCCC3=O)cc2)c1C,0
Cn1cccc1CN1CCN(C(=O)COc2ccccc2)CC1,0
O=C(CN1C(=O)C2CC=C(Cl)CC2C1=O)Nc1ccc(C(=O)O)cc1,0
COc1ccccc1C1/C(=C(\O)c2c(C)nc3c(C)cccn23)C(=O)C(=O)N1CCCN(C)C,0
Cc1ccc(C)c(N(CC(=O)NCc2ccc3c(c2)OCO3)C(=O)CCC(=O)Nc2ccccn2)c1,0
O=C(NCCN1CCOCC1)C1CCC(=O)N1C1CCCCC1,0
O=C(CN1C(=O)c2ccccc2S1(=O)=O)N1CCN(c2ccccc2F)CC1,0
CCOC(=O)Cc1csc(NC(=O)c2c(-c3c(F)cccc3Cl)noc2C)n1,0
O=C(NCc1ccco1)c1cnc2ccccn2c1=O,0
CC1=C(C(=O)OC(C)C)C(c2ccccc2Cl)CC(=O)N1,0
O=C(O)c1cccc(S(=O)(=O)Nc2ccc3oc(=O)sc3c2)c1,0
CC(=O)c1cccc(NC(=O)c2ccc(S(=O)(=O)N3CCCCC3)cc2)c1,0
Cc1ccc(S(=O)(=O)CCC(=O)OCC(=O)Nc2cc(C)on2)cc1,0
Cc1cc(C)c2c(c1)NC(=O)C2(O)CC(=O)c1cccs1,0
Cc1c(NC(=O)c2ccc(COc3ccc4ccccc4c3)o2)c(=O)n(-c2ccccc2)n1C,0
O=C1c2nc3ccccn3c2C(=O)N1Cc1ccccc1,0
CC1=CS/C(=C(/C#N)C(=O)NCc2ccco2)N1c1ccccc1,0
CCC(=O)Nc1c(-c2ccc(OC)cc2)c(=O)c2ccccc2n1C,0
COc1cccc(C2N(c3ccccn3)C(=O)C3CCCN32)c1OC,0
N#Cc1c(NC(=O)c2nc3ncccn3n2)sc2c1CCCCC2,0
COc1cccc(-n2c(SCC(=O)Nc3cc(C)on3)nc3c([nH]c4ccccc43)c2=O)c1,0
CCC(=O)N(Cc1cc2cc(OC)ccc2[nH]c1=O)c1cccc(C)c1,0
CCOc1cc(-c2noc(-c3cccnc3)n2)ccc1OC,0
Cc1cc(=O)n2nc(N3CCC(C(=O)NCCc4ccccc4)CC3)sc2n1,0
COc1ccccc1C(=O)N1CCN=C1SC,0
CC(C)(C#N)NC(=O)c1ccco1,0
Nc1nncn1C(=O)CCc1ccccc1,0
COc1ccc(S(=O)(=O)N(CC(=O)N2CCN(C)CC2)c2ccc(C)cc2)cc1OC,0
Cc1cc(NC(=O)C(C)(C)C)no1,0
N#Cc1c(/N=C/N2CCCC2)oc(-c2ccccc2)c1-c1ccccc1,0
Cc1ccccc1OCc1nc(-c2ccc(NC(=O)c3ccco3)cc2)no1,0
CCN1CCN(C(=O)c2ccccc2N(Cc2ccccc2)S(C)(=O)=O)CC1,0
CCn1c(CC(=O)Nc2ccc(C)cc2)nnc1SCC(=O)NCc1ccccc1,0
CCn1c(O)c(C(=O)Nc2nc3ccccc3[nH]2)c(=O)c2ccccc21,0
Cc1ccccc1NC(=O)N1CCCC(c2nc(-c3ccc(C(C)C)cc3)no2)C1,1
O=C1c2ccccc2CCC1C(O)c1ccccn1,0
CCC(CC)C(=O)NCCc1cc2ccc(C)cc2[nH]c1=O,0
O=C(Nc1cccc(O)c1)c1ccccc1,0
Cc1ccc2cc(CCNC(=O)C3CCCC3)c(=O)[nH]c2c1,0
C=CCn1c(=O)c2c(nc3n2CCN3c2cccc(Cl)c2C)n(C)c1=O,0
COC(=O)c1c(-c2ccncc2)csc1NC(=O)c1ccoc1C,0
OCCNc1nc2ccccc2n1-c1ccccc1,0
CCOC(=O)c1c(NC(=O)CSc2nnc(-c3cccnc3)o2)sc(C)c1C,0
Cn1c(CCN2CCOCC2)nc2cc(NC(=O)COc3ccc(Cl)cc3)ccc21,0
CSc1ccn(CCC(=O)O)c(=O)n1,0
COC(=O)Nc1ncc(CN2CCc3ccccc3C2)s1,0
Cc1ccc(NC2CC(=O)N(c3ccc(N4CCCCC4)cc3)C2=O)cc1,0
COc1ccc(C(=O)CSc2nnc(CNc3ccc(C)cc3C)o2)cc1,0
Cn1c(SCc2ccccc2)nnc1-c1cccs1,0
O=C1C2ON=C(c3ccccc3Cl)C2C(=O)N1Cc1ccccc1,0
COC(=O)c1ccccc1NC(=O)CSc1nnnn1C1CCCCC1,0
C/C(=C1/SC(N2CCOCC2)=NC1=O)c1ccc(Cl)cc1,0
CCOC(=O)c1ccc(NCC(O)COc2ccccc2)cc1,0
Cc1nc2ccccn2c1C(=O)NCc1cccnc1,0
CCN1C(=O)/C(=C2\SC(=S)N(CC3CCCO3)C2=O)c2ccccc21,0
COc1ccc(OC)c(-c2cc(C(=O)Nc3c(C)nn(Cc4ccccc4)c3C)no2)c1,0
O=C(CN1CCN(c2ccc(F)cc2)CC1)OCc1ccccc1,0
Clc1ccccc1OCc1nc(-c2ccncc2)no1,0
CC(=O)c1cccc(-n2c(CCC(=O)O)ccc2-c2cccs2)c1,0
COCCSc1ccccc1C(=O)Nc1nccs1,0
CCCOc1nc2c(c(=O)n(C)c(=O)n2C)n1CC,0
Nc1nc(-c2cccc(NS(=O)(=O)c3ccccc3)c2)cs1,0
COC(=O)COc1ccc2occ(C(C)=O)c2c1,0
N#Cc1nc(COc2ccc(Cl)cc2)oc1N1CCCCCC1,0
CN(C)c1ccnc(SCc2ccccc2Cl)c1C#N,0
NC(=O)C1CCN(S(=O)(=O)c2cccc(S(=O)(=O)N3CCCCC3)c2)CC1,0
COCCNc1oc(COc2cccc(C)c2)nc1C#N,0
O=C(O)CCc1nc2cccnc2n1Cc1ccccc1,0
Cn1cccc1Cc1nnc(SCC(=O)N2CCc3ccccc32)n1CCc1ccccc1,0
CCN1CCN(Cc2c(OC)ccc3ccccc23)CC1,0
CCN(C(=O)c1c(-c2ccccc2)noc1C)c1ccccc1,0
O=C(NCc1ccccc1)N(Cc1cc2cc3c(cc2[nH]c1=O)OCO3)CC1CCCO1,0
Cc1ccccc1Cn1c(=O)n(CCCC(=O)NCc2ccco2)c(=O)c2ccccc21,0
CCCOc1ccc(C(C)=O)cc1CSCCC#N,0
Cc1ccc2c(CN3C(=O)NC(C)(c4ccc5c(c4)OCO5)C3=O)cc(=O)oc2c1,0
CCCCc1c(C)nn(-c2nnc3c4ccccc4n(CC)c3n2)c1C,0
CC(C)NC(=O)CSc1nnc2sc3ccccc3n12,0
O=C(NCCCN1CCN(CCCNC(=O)c2ccc(F)cc2)CC1)c1ccc(F)cc1,0
CCOC(=O)c1sc(NC(=O)c2ccc(CC)s2)nc1C,0
CCN(CC)CCCN1C(=O)C(=O)/C(=C(/O)c2ccc(OC)c(Cl)c2)C1c1ccco1,0
CCc1cc2ccccc2nc1SCC(=O)N1CCN(C(=O)c2ccco2)CC1,0
Cc1ccc(NC(=O)c2ccco2)c(NC(=O)c2cccs2)c1,0
Cc1ccc(-c2nnn(CC(=O)N(CC(=O)NCC3CCCO3)c3ccc(F)c(Cl)c3)n2)o1,0
CCC(=O)Nc1nonc1-c1nc2ccccc2n1Cc1ccc(Cl)c(Cl)c1,0
NC(=O)N1c2ccccc2CC(=O)c2ccccc21,0
COc1ccccc1CN(Cc1ccco1)S(=O)(=O)c1ccc(-n2cnnn2)c(OC)c1,0
CCCCc1c(O)nc(SCC(=O)Nc2ccc3c(c2)CCC3)[nH]c1=O,0
CCOC(=O)C1CCN(C(=O)N(C)C)CC1,0
CCOc1ccccc1N(C(=O)c1ccco1)C(C(=O)NC1CCCC1)c1cccnc1,0
Cc1ccc(OCc2nn3c(-c4n[nH]c5c4CCC5)nnc3s2)cc1,0
COc1ccc(N2C(=O)C3CCCN3C2c2cccc(C)c2)cc1,0
CCOC(=O)N1CCN(S(=O)(=O)c2ccc3c(c2)CCN3C(=O)C2CC2)CC1,0
Cc1cc(C)nc(-n2nc(C)cc2NC(=O)c2cccc(S(=O)(=O)N(C)C)c2)n1,0
Cc1ccc(CCNC(=O)C2CCN(S(=O)(=O)c3cccc4nonc34)CC2)cc1,0
Cc1cc(C)cc(N(C(=O)c2ccc3c(c2)OCO3)C2C=CS(=O)(=O)C2)c1,0
c1ccc(-c2nc3cc(Oc4ccc5oc(-c6ccccn6)nc5c4)ccc3o2)nc1,0
Cc1ccc(-n2c(C)cc(C(=O)CSc3nncs3)c2C)cc1,0
COc1ccc(NC(=O)c2ccco2)cc1NC(=O)c1cccc(OC(C)C)c1,0
Cc1oc(-c2ccc(Cl)cc2)cc1-c1nn2c(-c3ccoc3C)nnc2s1,0
O=C(C1CCC1)N1CCC(c2nc3n(Cc4c(F)cccc4Cl)[nH]nc-3c(=O)n2)CC1,0
Cn1c(=O)c2c(nc(SCC(=O)NCc3ccc4c(c3)OCO4)n2Cc2ccccc2)n(C)c1=O,0
CC(=O)c1c[nH]c2ccc(C)cc2c1=O,0
CCCS(=O)(=O)N1CCC(C(=O)NCCCN2CCCC2=O)CC1,0
COc1ccc(NC(=O)CNS(=O)(=O)c2cccc3nonc23)c(OC)c1,0
Cc1cccc(NC(=O)CN(C)S(=O)(=O)c2cccc3nsnc23)c1C,0
O=C(NCN1C(=O)C2C3C=CC(C3)C2C1=O)OC1CCCCC1,0
CC(C)c1ccc2oc(=O)cc(CN3CCN(c4ccc(F)cc4)CC3)c2c1,0
Nn1c(SC/C=C/c2ccccc2)nnc1-c1ccncc1,0
CCOc1ccc(-c2nc(-c3ccncc3)no2)cc1OCC,0
Cc1cccc(OCc2nnc(SCC(=O)c3cccs3)n2C)c1C,0
Nc1nonc1-c1nc2ccccc2n1Cc1ccc(F)cc1,0
O=C(O)c1sccc1S(=O)(=O)c1ccccc1,0
Cc1cc(=O)nc(SCC(=O)c2ccc(C)c(C)c2)[nH]1,0
COc1cc(C2C(C#N)=C(C)NC3=C2C(=O)CC(C)(C)C3)ccc1OCCO,0
O=C(CCC1N=C2c3ccccc3N=C(SCc3ccccc3Cl)N2C1=O)NCc1ccco1,0
COc1ccccc1C1NC(=O)NC(C)=C1C(=O)OC1CCCCC1,0
COc1ccc(NC(=O)c2ccc(-n3nc(C)c[n+]3[O-])cc2)cc1,0
CCc1ccc(C(=O)Nc2ccc(S(=O)(=O)Nc3nc(C)cc(C)n3)cc2)o1,0
CCOC(=O)C1CCN(c2ncnc3c2cnn3-c2ccccc2)CC1,0
Nc1c(C(=O)NC2CCCC2)c2nc3ccccc3nc2n1N,0
c1coc(-c2nc3nc4ccccc4nc3n2-c2ccc3c(c2)OCCO3)c1,0
Cc1ccc(C(=O)N(CN2CCCC2=O)c2ccc(F)cc2)cc1,0
COc1ccc(NC(=O)C2CCCN(S(=O)(=O)c3cccnc3)C2)cc1,0
CC1=CC2=c3ccccc3=NC(c3c[nH]c4ccccc34)N2N1,0
CCOc1ccc(N2Cc3ncccc3C2=O)cc1,0
Cc1cc(C(=O)Nc2nnc(-c3ccccc3)s2)no1,0
COc1ccccc1C(=O)NC(C)C(c1cccs1)N1CCOCC1,0
CCCn1nnnc1NCc1ccccc1OCc1ccc(F)cc1,0
O=C(O)c1ccccc1C(=O)N1CCN(c2ccccc2)CC1,0
CC1(C(=O)O)CC(C)(C(=O)O)CC(C)(C(=O)O)C1,0
Cc1noc(/C=C/N(C)C)c1S(=O)(=O)NC1CCCCC1,0
Cc1ccc(-c2nc3ncccc3o2)cc1NC(=O)c1cc2ccccc2o1,0
CCOC(=O)c1ccccc1NC(=O)c1nc2nc(C)cc(C)n2n1,0
O=C(COc1ccc(S(=O)(=O)N2CCCC2)cc1Cl)NC1CC1,0
O=C1CC(Cc2ccccc2)C(=O)N1c1ccc(Cl)cn1,0
O=C(OCC(=O)N1CCCC1)c1ccco1,0
Nc1nc2ccccc2n1CCN1CCCC1,0
Cc1ccc(C(c2nnnn2C(C)(C)C)N(Cc2ccco2)Cc2cccs2)cc1,0
N#Cc1cc(C(=O)c2cc(Cl)ccc2O)cn(CC2CCCO2)c1=O,0
CCCCCC(=O)Nc1ccc(Cl)cn1,0
Cc1ccc(-n2c(SCC(=O)OC(C)C)nnc2-c2ccco2)cc1,0
COC(=O)c1ccccc1NC(=O)NCc1cccnc1,0
Cc1ccc(C)c(NS(=O)(=O)c2c(C)ccc3nsnc23)c1,0
O=C1CSC(c2ccncc2)N1Cc1ccco1,0
CC(C)C(CCNC(=O)CN1C(=O)c2ccccc2C1=O)c1ccco1,0
CCCCOC(=O)CCNc1n[nH]c(=O)[nH]c1=O,0
CCCc1c(O)nc(SCC(=O)NCCc2ccc(OC)c(OC)c2)[nH]c1=O,0
O=C1Cc2ccccc2C(c2ccccc2)N1,0
Cc1sc(NC(=O)CSc2nnc(-c3ccccc3)o2)c(C#N)c1C,0
Cc1ccccc1OC(C)c1nc(-c2ccccc2)no1,0
CCCCOC(=O)C1=C(C)NC2=C(C(=O)CCC2)C1c1cc(OC)ccc1OC,0
C=CCn1c(NCc2ccc(N(C)C)cc2)nc2ccccc21,0
CCOCCCNC(=O)CCCn1nc(C)n2c(cc3sccc32)c1=O,0
COc1ccccc1CC(=O)NCC1CCCO1,0
CCCC/C(NCCO)=C1/C(=O)CC(C)(C)C(C(=O)OC)C1=O,0
CN(C)S(=O)(=O)c1cccc(COC(=O)C2=COCCO2)c1,0
O=C(c1ccccc1)N1CC(COc2ccccc2)OC(c2ccco2)O1,0
O=c1[nH]c2cc3c(cc2cc1C(c1nnnn1C1CCCC1)N1CCCc2ccccc21)OCCO3,0
COc1ccc(NC(=O)C2c3cc(OC)c(OC)cc3C(=O)N(C)C2c2cccnc2)cc1OC,0
COc1ccc(-c2csc(N3CCN(C(=O)c4ccco4)CC3)n2)cc1,0
CCOC(=O)N1CCN(C(=O)c2ccc3c(=O)n(Cc4ccc(Cl)cc4)c(=S)[nH]c3c2)CC1,0
CC(=O)Nc1ccc(S(=O)(=O)Nc2nccc(C3Cc4ccccc4C(=O)O3)n2)cc1,0
Cc1cc(=O)oc2cc(OCC(O)CN3CCN(c4ccc(F)cc4)CC3)ccc12,0
Cc1cc(S(=O)(=O)NCC(C)C)ccc1OCC(=O)N1CCN(Cc2ccccc2)CC1,0
Cn1nnc2cc(C(=O)NCc3ccco3)ccc21,0
O=C(Cn1nc(-c2ccccc2)c2ccccc2c1=O)NCC1CCCO1,0
CCN1C(=O)CC(N2CCN(c3ccc(C(=O)c4ccccc4)cc3)CC2)C1=O,0
CSCCC(NC(C)=O)C(=O)Oc1ccc2c3c(c(=O)oc2c1)CCCC3,0
CS(=O)(=O)Nc1ccc(C(=O)NC2CCCC2)cc1,0
Cc1c(NC(=O)C(C)OC(=O)c2cc3c4ccccc4n(C)c3s2)c(=O)n(-c2ccccc2)n1C,0
O=C(COC(=O)Cc1ccc(S(=O)(=O)N2CCCCC2)s1)Nc1ccc2c(c1)OCO2,0
CCCCCCn1c(N)c(C(=O)NCCN2CCOCC2)c2nc3ccccc3nc21,0
Cc1noc(C)c1C(=O)Nc1cccnc1,0
CCC(=O)c1cn(CC(=O)NCC2CCCO2)c2ccccc12,0
Cc1cccc(Nc2nc(N)nc(CN3CCC(C(N)=O)CC3)n2)c1C,0
CCCC(=O)Nc1nc2ccc(OCC)cc2s1,0
O=C(/N=C1\SCC(=O)N1c1ccccc1Cl)c1ccco1,0
OC1CCN(Cc2cccc(Oc3ccccc3)c2)CC1,0
O=C(c1ccco1)N1CCN(S(=O)(=O)c2ccc3c(c2)CCN3C(=O)C2CCC2)CC1,0
Cn1nnnc1SCC(=O)NC(=O)NCc1ccccc1,0
COc1ccc(C2CC(=O)C3=C(C2)N=C2N=CNN2C3c2ccccc2C)cc1,0
NC(=O)CSc1nnc(-c2ccc(S(=O)(=O)N3CCCC3)cc2)n1Cc1ccco1,0
CCC(CC)C(=O)NCCNC(=O)C(CC)CC,0
C=CCn1c(SCC(=O)NC2CCCC2)nc2scc(-c3ccco3)c2c1=O,0
O=C(Nn1c(Cc2cccs2)nc2ccccc2c1=O)c1cccs1,0
COc1ccc2c(c1)c(C(=O)O)c(C)n2CC(C)C,0
O=C(NCC1CCCO1)C1CCCCN1S(=O)(=O)c1ccc(F)cc1,0
CCOC(=O)C(NC(C)=O)C(OC(C)=O)c1cccc(N(CCO)CCO)c1,0
CCCCN(C(=O)CN1C(=O)C2CC=CCC2C1=O)c1c(N)n(CCC)c(=O)[nH]c1=O,0
Cn1c(=O)c2c(ncn2CC(=O)N2CCc3ccccc3C2)n(C)c1=O,0
COc1ccccc1N1CCN(C2CCN(C(=O)c3cc(OC)c(OC)c(OC)c3)CC2)CC1,0
O=C(CCNNC(=O)c1ccncc1)NCc1ccccc1,0
CCOC(=O)N1CCN(C(=O)c2ccc3c(c2)sc2nc(-c4ccccc4)cn23)CC1,0
Cc1cc2oc(=O)c3c(c2cc1OCc1nn[nH]n1)CCCC3,0
O=C(CSc1nccn1-c1cccc(Cl)c1)Nc1ccc2c(c1)OCCO2,0
O=S(=O)(c1ccc(Cl)s1)N1CCN(Cc2ccccc2)CC1,0
CC(C(=O)Nc1ccccc1C(=O)N1CCCC1)n1nnc2ccccc21,0
O=C(c1ccc2c3c(cccc13)C(=O)N(O)C2=O)N1CCCCC1,1
COc1ccc(NC(=O)C2CCN(S(=O)(=O)c3cccc4cccnc34)CC2)cc1OC,0
CCc1nnc(NC(=O)CC(=O)Nc2ccccc2C(=O)O)s1,0
Cc1c(NC(=O)COc2ncnc3ccccc23)c(=O)n(-c2ccccc2)n1C,0
Cc1nc2nc3c(cn2n1)C(=O)CC(c1ccccc1)C3,0
Cc1ccc(C)c2[nH]c(=O)c(CN(Cc3nnnn3C3CCCCC3)CC3CCCO3)cc12,0
O=C(CN1CCC(n2nnc3cc(F)ccc32)CC1)NC1CC1,0
CCCn1c(SCC(=O)Nc2c(C)cccc2CC)nnc1C(C)C,0
Cc1ccc(CN(Cc2cccnc2)C(=O)CN2C(=O)COc3ccccc32)o1,0
Cc1ccc(S(=O)(=O)N2CCCC2C(=O)N(C)Cc2cccs2)cc1,0
COC(=O)CCSCC(=O)Nc1cc(C)on1,0
CCOC(=O)CSc1nc2ccccc2c(=O)n1CCCCCC(=O)NCc1ccco1,0
CCOC(=O)Cn1cnc2c(cnn2-c2ccc(Cl)cc2)c1=O,0
CCOC(=O)Cn1nnnc1C(CC)N(Cc1cc2ccc(C)cc2[nH]c1=O)C1CCCC1,0
COc1cc(NC(=O)C2CC(c3cccc(OC)c3OC)=NO2)cc(OC)c1OC,0
Cc1nc2ncnn2c(Nc2ccc3c(c2)OCCO3)c1C,0
CCOC(=O)N1CCN(C(=O)Cc2ccc(C)cc2)CC1,0
Cc1ccccc1-c1ccc(Nc2ccc(C(=O)N3CCOCC3)cc2)nn1,0
COc1ccc(N2CCN(C(=O)C(Cc3ccccc3)n3cccc3)CC2)cc1,0
O=C(CSc1nc2ccccc2s1)N1CCN(C(=O)c2ccco2)CC1,0
CN(C)S(=O)(=O)c1ccc(C(=O)NCc2cccs2)cc1,0
CCn1c2ccccc2c2nnc(SCC(=O)c3ccccc3)nc21,0
C=CCn1c(=O)/c(=C\c2ccsc2)s/c1=C(/C#N)C(=O)NCCN1CCOCC1,0
Cc1c(C(=O)N2CCN(c3ccccn3)CC2)oc2ccccc12,0
COc1ccc(-c2noc(CCCC(=O)NCCc3ccccc3)n2)cc1OC,1
Cc1cccc(C(=O)NC2CCN(CC(=O)N3CCOCC3)CC2)c1,0
Cc1cc(NC(=O)CSc2nc3c(c(-c4cccnc4)c2C#N)CCC3)no1,0
CC(=O)N1CC2(C)CN(C(C)=O)CC(C)(C1)C2=O,0
Cc1cc(C)nc(NC(=O)c2ccc(OC(C)C)cc2)n1,0
COc1cc(C2NC(=O)NC(C)=C2C(=O)OC(C)(C)C)ccc1OCC(N)=O,0
Cc1cc(NC(=O)CCN2C(=O)c3ccccc3C2=O)no1,0
C=CCSc1nc2c(c(=O)[nH]c(=O)n2C)n1CC,0
CCOC(=O)c1sc(NC(=O)c2ccc(C)o2)nc1C,0
COc1ccc(OC)c(N(CC(=O)N2CCN(c3cc(Cl)ccc3C)CC2)S(C)(=O)=O)c1,0
CC(C)C(c1nnnn1Cc1cccs1)N1CCN(C2CCCC2)CC1,0
Cc1cccc(OCC(=O)Nc2cccc(-c3nnc(-c4ccccc4)o3)c2)c1C,0
CCOC(=O)Cc1csc(NC(=O)CSc2nnnn2-c2ccc(CC)cc2)n1,0
CN1CCN(CCCNC(=O)c2cc3c(=O)oc4ccccc4c3s2)CC1,0
O=C(CC1Nc2ccccc2NC1=O)NC1CCCCC1,0
COC(=O)CSc1nnc(CCc2nc3ccccc3[nH]2)n1C,0
CCOC(=O)c1ccccc1NC(=O)CSc1nnc(COc2ccccc2C)n1C,0
CCOc1ccccc1NC(=O)N1CCCC1C(=O)Nc1nnc(CC)s1,0
COc1ccc(C2c3c(oc4ccccc4c3=O)C(=O)N2CCCN2CCOCC2)cc1,0
Cn1c(-c2nonc2NC(=O)c2ccc(C(C)(C)C)cc2)nc2ccccc21,0
CCOC(=O)CSc1nnc(CSc2nc(C)cc(C)n2)n1Cc1ccco1,0
O=C(NCCc1ccc(Cl)cc1)c1nnc(Cc2ccc(Cl)cc2)o1,0
CC1=C(C#N)C(=O)NC(C)(C)C1,0
CC(=O)C1=C(O)C(=O)N(CCc2c[nH]c3ccccc23)C1c1ccco1,0
O=C(NCc1ccc(C(=O)N2CCC3(CC2)OCCO3)cc1)c1ccc2c(c1)OCO2,0
CCOC(=O)Cn1nc(-c2ccc(Cl)cc2)cc1N,0
CCN(CCCNC(=O)COc1cc(=O)n(C)c2ccccc12)c1ccccc1,0
N=c1c(C(=O)NCc2ccc(F)cc2)cc2c(=O)n3ccccc3nc2n1CCCN1CCOCC1,0
COc1ccc(OC)c(NC2c3ncccc3C(=O)N2Cc2ccco2)c1,0
CCOc1ccc(NC(=O)CSc2nc3ccccc3c(=O)n2CCNC(C)=O)cc1,0
O=C(c1cc2c(s1)CCC2)N1C(=O)c2ccccc2S1(=O)=O,0
CSc1ccccc1NC(=O)CN(Cc1ccc(Cl)cc1)S(C)(=O)=O,0
COc1ccc(/C(O)=C2/C(=O)C(=O)N(CCCN(C)C)C2c2ccc(C)o2)cc1Cl,0
Cc1ccccc1-n1c(C)nc2ccccc21,0
Cc1nc2ccccc2c2oc(C(=O)N3CCC(N4CCCCC4)CC3)cc12,0
Cc1ccc2nc(-c3cccc(S(=O)(=O)N(C)C)c3)cn2c1,0
CCOC(=O)CNS(=O)(=O)c1c(C)noc1C,0
CCOc1ccc(S(=O)(=O)NCC2CCCO2)c2cccnc12,0
O=C(O)CCc1nc2ccccc2n(CCc2ccccc2)c1=O,0
COc1ccc(C2=NOC3C(=O)N(c4cccc(C)c4C)C(=O)C23)cc1OC,0
COc1ccccc1CNC(=O)C1CCN(Cc2nc(-c3ccc(Cl)cc3)oc2C)CC1,0
CC1(C)Cc2c(C#N)c(OCC(=O)c3ccc(Cl)cc3)nc(-c3ccco3)c2CO1,0
N#CCCN1CCN(C2=NC(=O)C(=C3CCCCC3)S2)CC1,0
CC1(C)CC(=O)C(=CNc2ncccc2C(=O)O)C(=O)C1,0
CCOC(=O)COn1c(=O)c(-c2ccc(OC)c(OC)c2)[n+]([O-])c2ccccc21,0
Cc1cccc(-c2nc(C#N)c(N3CCCCCC3)o2)c1,0
Cn1c(CN2CCCCC2)c(C#N)c2ccccc21,0
COc1ccc(Cl)cc1N(CC(=O)Nc1ccccc1C(=O)NCc1ccco1)S(C)(=O)=O,0
COc1cc(OC)cc(-c2nnc(SCc3c(F)cccc3Cl)o2)c1,0
N#Cc1nn(-c2ccccc2)nc1N1CCCCC1,0
O=C(C1CCCN1C(=O)c1cccs1)N1CCN(Cc2ccc3c(c2)OCO3)CC1,0
O=C(CSc1nnnn1-c1ccc(Cl)cc1)N1CCc2ccccc2C1,0
C=C(C)Cn1c(CCNC(=O)CCC)nc2ccccc21,0
Cc1nc2ncnn2c(C)c1CCC(=O)N1CCC2(CC1)OCCO2,0
O=C(c1cn(-c2ccccc2)nc1-c1cccnc1)N1CCCCC1,0
N=c1c2c3c(sc2ncn1CCN1CCOCC1)CCCCC3,0
Clc1c(-c2nnc3n2CCC3)sc2ccccc12,0
CC(=O)c1cccc(NC(=O)N2CCCC2C(=O)Nc2ccccc2C)c1,0
CC1CC(C)CN(CCCNC(=O)CC2Oc3ccccc3NC2=O)C1,0
Cc1cc(SCC(=O)Nc2c(C)n(C)n(-c3ccccc3)c2=O)n2c(nc3ccccc32)c1C#N,0
O=c1nc(CN2CCN(Cc3ccc4c(c3)OCO4)CC2)[nH]c2ccccc12,0
O=C(NCc1ccco1)c1ccc(Cl)c(S(=O)(=O)N2CCOCC2)c1,0
CC1CCCCC1NC(=O)Cn1nc(-c2ccccc2)ccc1=O,0
CCc1sc(NS(C)(=O)=O)nc1-c1ccccc1,0
C=CCN(C(=O)CCC(=O)O)C1CC(=O)N(c2ccc(OCCC)cc2)C1=O,0
CCc1ccc2[nH]c(=O)c(CN(Cc3nnnn3C3CCCC3)C3CCCCC3)cc2c1,0
Cc1ccc(S(=O)(=O)N2CCOCC2)cc1C(=O)Nc1ccccn1,0
COCCn1c(=O)[nH]c2cc(C(=O)NCCN3CCN(c4cccc(Cl)c4)CC3)ccc2c1=O,0
N#Cc1cn(CC(=O)NCc2cccnc2)c2ccccc12,0
C=C1c2cc(OC)ccc2NC(=O)N1CC,0
COc1cc2cc(C(c3nnnn3C(C)(C)C)N3CCc4ccccc4C3)c(=O)[nH]c2cc1OC,0
O=C(NC12CC3CC(CC(C3)C1)C2)N1CCC(n2nnc3ccccc32)CC1,0
CCCc1nc2oc3c(NCCOCCO)ncnc3c2c2c1COC(C)(C)C2,0
COc1ccc(S(=O)(=O)N2CCN(C(=O)CCC3CCCC3)CC2)cc1,0
CCCCN(C)C(=O)c1cn(CC)c2ccc(S(=O)(=O)N(C)C)cc2c1=O,0
C=CCSc1n[nH]c(-c2ccc(OCCC)cc2)n1,0
CCc1cccc(NC(=O)CCS(=O)(=O)c2cccc3nonc23)c1,0
COc1ccccc1N(CC(O)CN1C(=O)NC(C)(C)C1=O)S(=O)(=O)c1ccc(C)cc1,0
Cc1cc(C)n(-c2ccc(C(=O)OCn3nnc4ccccc4c3=O)cc2)n1,0
COC(=O)c1nnn(-c2nonc2N)c1CN1CCc2ccccc21,0
CC12CCC(c3c(C(=O)O)nn(-c4ccccc4)c31)C2(C)C,0
Cc1c(C(=O)Nc2ccc(-n3cnnn3)cc2)oc2ccccc12,0
CC(=O)N(c1ccc(Cl)cc1)c1c[nH]c2ccccc12,0
COC(=O)CSc1nnc(-c2ccncc2)n1N,0
CCOc1ccc(-n2c(SCC(=O)NC(C)CC)nc3nnc(C)c-3c2N)cc1,0
O=C(Nc1nc2ccccc2n1Cc1ccc(Cl)cc1)c1ccco1,0
COc1ccc(C2CC(c3ccccc3)N=C3N=C(NC(=O)c4ccco4)NN32)cc1,0
CCCN(CCC)CCCNC(=O)c1cc2cc3ccc(OC)cc3nc2o1,0
CN(C(=O)COC(=O)c1ccccc1Nc1ccccc1)C1CCS(=O)(=O)C1,0
COn1c(=O)c(-c2ccc(Cl)cc2)[n+]([O-])c2ccccc21,0
COc1ccc(-c2ccc(-c3noc(C)n3)c(OC)n2)cc1,0
CC1=C(C(=O)OCC2CCCO2)C(c2ccccc2OC(C)C)C2=C(CC(c3ccco3)CC2=O)N1,0
CC(=O)N1CCC(C(=O)Nc2nc(-c3ccccc3)ns2)CC1,0
CCCCN(CC)S(=O)(=O)c1ccc(C(=O)Nc2nnc(-c3ccccc3Cl)o2)cc1,0
CNC(=O)CCn1nc(-c2ccccc2)c2ccccc2c1=O,0
O=S(=O)(c1ccc2c(c1)OCCO2)N1CCN(c2ccccc2)CC1,0
COc1ccc(C(=O)CSc2ncn[nH]2)cc1OC,0
CC(=O)NC1C(=O)N=C(SCC(=O)NCc2ccccc2)NC1=O,0
c1ccc2c(c1)sc1nnnn12,0
CCC(Sc1nc(=O)cc(C)[nH]1)C(=O)Nc1sc2c(c1C#N)CCCC2,0
COc1cccc(-n2c(=O)[nH]cc(C(=O)Nc3ccc(NC(C)=O)cc3)c2=O)c1,0
CCOCCCN1CC(C(=O)NCCc2ccc(C)cc2)CC1=O,0
CCc1nc2ccccc2n(CCOCCn2c(=O)c(CC)nc3ccccc32)c1=O,0
COc1cc(NC(=O)C2CC(=O)NC3=C2C(=O)CC(C)(C)C3)c(OC)cc1Cl,0
Cc1cccc2cc(C#N)c(N3CCN(C)CC3)nc12,0
CCOC(=O)c1c(C)[nH]c(C(=O)COC(=O)c2ccccc2NC(=O)c2ccco2)c1C,0
Cc1nc2ccc(S(=O)(=O)NCC(=O)N3CCC(C)CC3)cc2s1,0
CCN(CC)S(=O)(=O)c1ccc(C(=O)/C(C#N)=C2\Nc3ccccc3N2C)cc1,0
COc1ccc(/N=C2\SC(C(=O)O)CC(=O)N2C)cc1,0
O=C(C1CSC2(c3ccc(F)cc3)CCC(=O)N12)N1CCCCCC1,0
CCOc1ccc(-c2nnc(-c3snc(-c4ccc(F)cc4)c3/N=C/N(C)C)o2)cc1,0
O=S(=O)(CCSc1nc2ccccc2o1)Cc1ccccc1,0
c1nc(N2CCC3(CC2)OCCO3)c2c3c(sc2n1)CCCC3,0
CCc1nnc(NC(=O)c2cc3c(s2)CCCCC3)s1,0
CCC(C)NC(=O)c1ccccc1NS(=O)(=O)c1ccc(OC)c(OC)c1,0
C1CCN(c2nc3nonc3nc2N2CCCC2)C1,0
Cc1cc(C)cc(Nc2ncc3c(n2)CCCC3=O)c1,0
CCn1c(CNC(=O)c2ccc(OC)c(OC)c2)nnc1SCC(=O)Nc1ccccc1,0
CC(C)CCN1C(=O)CCC1(C)C(=O)NC1CCCCCC1,0
COc1ccc(-c2cc(C(=O)NCc3cccnc3)no2)cc1OC,0
CC1CCCCC1NC(=O)C1CCN(S(=O)(=O)N2CCOCC2)CC1,0
COC(=O)CN1C(=O)CC(C)(C)Sc2ccccc21,0
Cc1ccc(C(=O)Nc2cccc(C(=O)NCc3ccco3)c2)cc1,0
O=C(c1cccs1)N(CC1CCCO1)c1nc(-c2ccccc2)cs1,0
N#Cc1nc(-c2cccs2)oc1NCc1ccc2c(c1)OCO2,0
CCCN(Cc1ccccc1)C(=O)Nc1ccc2c(c1)nnn2C,0
CCC(C)(C)NC(=O)C(c1ccccc1F)N(Cc1ccco1)C(=O)Cn1nnc2ccccc21,0
COC(=O)Cc1cc(=O)n(-c2ccccc2)[nH]1,0
CCCNS(=O)(=O)c1ccc(CCC(=O)N2CCC(C)CC2)cc1,0
CCN(CC)S(=O)(=O)N1CCC(C(=O)NC(C)CCc2ccccc2)CC1,0
O=C(Nc1nc(-c2ccccn2)cs1)c1ccc(S(=O)(=O)N2CCCCC2)cc1,1
Cc1cc(/N=C/C=C2\N(C)c3ccccc3C2(C)C)n(CCC#N)n1,0
CC(C)c1cc(C(=O)N2CCN(C(c3ccccc3)c3ccccc3)CC2)no1,0
Cc1ccc(F)c(NC(=O)C2CCCCC2C(=O)O)c1,0
CC(C)Oc1ccc(C(=O)NC2CCS(=O)(=O)C2)cc1,0
CCOC(=O)C1CCN(C(=O)CC(NS(=O)(=O)c2ccc(OC)cc2)C(C)C)CC1,0
CCC(C)NS(=O)(=O)c1ccc(S(=O)(=O)Nc2cc3c(cc2C(C)=O)OCO3)cc1,0
COc1cccc(C(=O)OCn2nnc3ccccc3c2=O)c1,0
O=C(Cn1c(=O)n(-c2ccccc2)c(=O)n1CC(=O)N1CCCCC1)N1CCCCC1,0
O=C(Cn1c(=O)oc2cc(S(=O)(=O)N3CCCC3)ccc21)N1CCN(c2ccccn2)CC1,0
CN(c1ccc(C(=O)N2CCN(c3ccc(F)cc3)CC2)cc1)S(C)(=O)=O,0
O=C(CN(C1CCCCC1)S(=O)(=O)c1ccc(F)cc1)NCCCO,0
CCC(=O)NC(C)C(c1cccs1)N1CCOCC1,0
O=C(Nc1ccc(Cl)cc1)N1CCC(c2nc(-c3ccc(F)cc3)no2)CC1,0
O=C1OC(N2CCN(C(=O)C3CCCO3)CC2)c2ccccc21,0
Cc1cccn2c(=O)c3cc(C(=O)NC4CCCC4)c(=N)n(C4CCCC4)c3nc12,0
CCCCn1c(C(C)NC(=O)CC)nc2ccccc21,0
Cc1nn(CCO)c(C)c1Oc1ccccc1O,0
Clc1ccc(C2=Nn3c(nnc3-c3n[nH]c4c3CCC4)SC2)cc1,0
Cn1c(SCC(=O)Nc2ccccc2F)nnc1-c1ccc(S(=O)(=O)N2CCOCC2)cc1,0
CCCC(=O)Nc1cc(C)c(NC(=O)C23CC4CC(CC(C4)C2)C3)cn1,0
O=C(NC1=NCCS1)c1ccc(OCC2CCCO2)cc1,0
Cc1ccc(CNC(=O)C2CCN(S(=O)(=O)c3c(C)noc3C)CC2)cc1,0
CC(=O)Nc1ccc(N2C(=O)CC(N3CC(C)OC(C)C3)C2=O)cc1,0
Cc1ccc(CNC(=O)CCNC(=O)Cn2ccc3ccccc3c2=O)o1,0
C1CCc2c(nnc3c2-c2nonc2CC3)C1,0
COc1cc(C(=O)Nc2c(C)cc(C)cc2C)c(-n2cnnn2)cc1OC,0
CCCCNC(=O)c1cc2c(-c3ccc(Cl)cc3)nn(C)c2s1,0
O=C(CSc1nnc(-c2cccs2)o1)N1CCCCC1,0
COc1ccc(-c2csc(NC(=O)Cn3nc(C)cc3C)n2)cc1,0
COc1ccc(-c2noc(-c3cc(Cl)ccc3Cl)n2)cc1OC,0
Cc1ccc(NC(=O)CS(=O)CC(=O)N(C2CCCC2)C(C)C(=O)NC2CCCCC2)cc1,0
CCOC(=O)Cn1nnc(-c2cccc(OC)c2)n1,0
CCN1C(=O)C(CC(=O)NC2CCCCC2)N(CC)C1=O,0
Cc1ccc(N(C(=O)c2ccncc2)C2C=CS(=O)(=O)C2)cc1,0
CC1CCN(S(=O)(=O)c2ccc(NC(=O)Cn3nnc(-c4ccccc4F)n3)cc2)CC1,0
CCOc1cccc(N2C(=O)CC(N3CCC(C(N)=O)(N4CCCCC4)CC3)C2=O)c1,0
COC(=O)c1cn(C)c2ccc(S(=O)(=O)N3CCCC3)cc2c1=O,0
C(=N/n1cnnc1)\C1CCCCC1,0
O=C(COc1cccc2cccnc12)N1CCc2ccccc2C1,0
c1ccc2c(Oc3ccc4c(c3)OCO4)nncc2c1,0
C=CCSc1ncccc1C(=O)O,0
