smiles,activity
Cc1cc(C)cc(N(CC(=O)NCC2CCCO2)C(=O)CN2C(=O)COc3ccccc32)c1,0
Cc1cc(N/C=C2\CCCCC2=O)no1,0
c1cncc(-c2nc(NCc3ccco3)c3ccccc3n2)c1,0
COc1ccc(NC(=O)c2nc3nc(C)cc(C(F)F)n3n2)cc1OC,0
O=C(Cn1cc2c(n1)CCCC2)N1CCc2ccccc21,0
CCn1nc(NC(=O)c2ccccn2)c2cc3cc(C)ccc3nc21,0
COc1cc(OC)cc(C(=O)NCc2n[nH]c(=S)n2-c2ccccc2)c1,0
CN(C)S(=O)(=O)c1cccc(C(=O)Nc2ccc(Cl)cn2)c1,0
Cc1nc2cc(NC(=O)Nc3nccs3)ccc2n1C,0
CCCCOc1ccc(OCCNS(=O)(=O)N(C)C)cc1,0
CCCN(Cc1cc2ccc(C)cc2[nH]c1=O)C(=O)c1ccccn1,0
CCOC(=O)N1CCC(NC(=O)C2CCCN(S(=O)(=O)c3cccc4nsnc34)C2)CC1,0
CCc1c(C)c2ccc(OCC(=O)N(C)C)c(C)c2oc1=O,0
O=c1c2ccccc2nnn1CSc1nnc(-c2cccnc2)n1-c1ccccc1F,0
CCOc1ccc(NC(=O)CSc2nc3cccnc3n2CCOC)cc1,0
CC(=O)c1cc2c(cc1N)OCO2,0
Cc1cc(-c2ccco2)n(CC(=O)NCCCc2ccccc2)n1,0
Cc1nc(NC(C)C(=O)O)c2nc(C)oc2n1,0
O=C(c1cccs1)N1CCCC(c2ccccc2)C1,0
COCCCNC(=O)C(C#N)c1nc2ccccc2nc1N1CCCC1,0
Cn1c(CNc2ccc(Cl)cc2)nnc1SCc1ccccc1,0
Cc1ccc(S(=O)(=O)Nn2c(C)nnc2-n2nc(C)cc2C)cc1,0
Cc1ccccc1-c1noc(-c2ccccc2C(=O)N2CCCC2)n1,0
CC(=O)NC(Cc1ccc(F)cc1)C(=O)NC1CCN(c2nnnn2-c2ccccc2)CC1,0
COc1ccc(NS(=O)(=O)c2ccc3oc(Nc4ccc5c(c4)OCCO5)nc3c2)cc1,0
Cn1ccnc1SCc1cn2ccccc2n1,0
CCOC(=O)N1CCC(NC(=O)CSc2cc(=O)n(C)c3ccc(Cl)cc23)CC1,0
Cc1nc2ccccc2n1CC(=O)N1CC(=O)Nc2ccccc21,0
Clc1ccccc1Cn1nnc2c(NCCN3CCOCC3)ncnc21,0
CCn1c(O)cc(=O)c2c(=O)n(C)c(=O)n(C)c21,0
c1nc(NCCN2CCOCC2)c2sc3nc(N4CCOCC4)c4c(c3c2n1)CCC4,0
C=CCSc1nc2n(-c3ccc(C)c(C)c3)[nH]cc-2c(=O)n1,0
CCC(Cc1ccccc1)NC(=O)CN1C(=O)CSc2ncccc21,0
CCCn1nnnc1SCC(=O)NCc1ccc2c(c1)OCO2,0
COCCNC(=O)CN1CCOc2ccccc21,0
Cc1ccc(-c2nc(CSCC(=O)N3CCN(C(=O)c4ccco4)CC3)c(C)o2)cc1,0
COc1ccccc1CNC(=O)CN(C)CC(=O)Nc1cccc(F)c1,0
CCOc1ccccc1C(=O)N1CCN=C1SC,0
CC(=O)Nc1ccc(Nc2ncnc3c2cnn3-c2cccc(C)c2)cc1,0
O=C(CCSCCc1ccccn1)Nc1ccccn1,0
O=C1Nc2ccccc2/C1=C/NCC1CCCO1,0
C=C(C)CSc1nc(N)c2c3c(sc2n1)CCC3,0
O=C(Cn1nc(Cc2cccnc2)c2ccccc2c1=O)N1CCC2(CC1)OCCO2,0
Cc1ccc(N/C=C2\C=CC=C(O)C2=O)c(C)c1,0
N#Cc1c(-c2cccnc2)c2c([nH]c1=S)CCCC2,0
Cc1cccc(-c2noc(CCCC(=O)Nc3cccnc3)n2)c1,0
CN(C(=O)c1c(Cl)nc2sccn12)C1CCCCC1,0
Cc1ccc(-c2nnc(N(C)C(=O)c3cccnc3)s2)cn1,0
CCOc1cc(S(=O)(=O)N2CCCCC2)ccc1Cl,0
C=CCn1c(SCC(=O)Nc2nnc(CC)s2)nnc1-c1ccco1,0
Cc1ccc(S(=O)(=O)Cc2cn3cccnc3n2)cc1,0
Cc1nnc(SCC(=O)Nc2ncc(Cc3ccc(F)cc3)s2)n1N,0
Cc1nn(-c2ccccc2)c2c1C(c1c(C)[nH]c(C#N)c1C)C(C#N)=C(N)O2,0
Cc1cc(NC(=O)CSc2nnc(COc3cccc(C)c3C)n2C)no1,0
Cc1nn2c(N3CCN(C(=O)c4ccco4)CC3)cc(C(C)(C)C)nc2c1-c1ccccc1,0
O=C1CC(c2ccco2)Cc2nc(N3CCN(Cc4ccc5c(c4)OCO5)CC3)ncc21,0
COc1ccccc1/N=c1\scc(-c2ccc3c(c2)NC(=O)CO3)n1CC1CCCO1,0
COc1ccc(N2CCN(CCNC(=O)CCS(=O)(=O)c3cccc4nsnc34)CC2)cc1,0
Cc1ccnc(N2CCCC(C(=O)Nc3cc(F)ccc3C)C2)n1,0
COc1ccc(NC(=O)NC2(C(=O)N3CCCCCC3)CCCCC2)cc1,0
Cc1ccc(-c2nnc(N3CCN(S(C)(=O)=O)CC3)c3ccccc23)cc1,0
O=C(NCCN1CCCC1=O)Nc1ccccc1,0
c1cnn(-c2cc(N3CCOCC3)ncn2)c1,0
CCN(CC)C(=O)c1sc(N)c(C#N)c1C,0
O=C(Nc1ccc(NC(=O)C2CC2)nc1)c1cccc(F)c1,0
Cn1c(C(=O)Nc2ccc3c(c2)OCO3)cc2sccc21,0
Cn1c(C(=O)N2CCN(c3nc4ccccc4s3)CC2)cc2sccc21,0
COC(=O)C1=NC2=NC(C)=C(C(=O)OC3CCCCC3)C(c3ccc(OC)c(OC)c3)N2N1,0
O=C(CSc1n[nH]c(-c2ccncc2)n1)c1ccccc1,1
CCSc1nnc(NC(=O)c2ccc3c(c2)OCO3)s1,0
COc1ccc2c(c1)nc1n2CN(CC2CCCO2)CN1Cc1ccccc1,0
Cc1cc2oc(=O)cc(COC(=O)Cn3cnnn3)c2cc1C(C)C,0
O=C1c2ccccc2C2(c3ccc(Cl)cc3)NCCN12,0
CC(C)C(NC(=O)c1ccc(Cl)cc1)C(=O)NC1=NCCS1,0
O=C(Cc1cccs1)NCCn1ccc2ccccc21,0
COc1ccc(C(=O)Nc2nc3nc(-c4ccccc4)cc(=O)n3[nH]2)cc1,0
CC(=O)Nc1ccc2c(c1)nc(CCN1CCOCC1)n2C,0
O=C(Cn1ccc2ccccc2c1=O)NCCC(=O)N1CCN(C2CCCCC2)CC1,0
COCCCn1c(SCC(=O)N2CCCC(C)C2)nnc1-c1ccco1,0
CCCCn1nnnc1NCc1cccnc1,0
CC(NC(=O)c1ccc(S(=O)(=O)N(C)C)cc1)c1ccccc1,0
COc1cccc2cc(C(=O)N3CCN(C/C=C/c4ccccc4)CC3)c(=O)oc12,0
Cn1c(=O)[nH]c(=O)c2c1nc(SCCN1CCOCC1)n2CCCc1ccccc1,0
COC(=O)CC1=C(C(=O)OC)C2(C(=O)Nc3c(C)cccc32)C(C#N)=C(N)O1,0
COc1cccc(NC(=O)c2ccccc2NS(C)(=O)=O)c1,0
CC(C)(C#N)N([O-])/C=C/[N+](=O)C(C)(C)C#N,0
CON(C)C(=O)Nc1ccc(Cl)cc1,0
OCCn1nc2c3ccccc3nc-2n(-c2ccccc2)c1=S,0
N#CCn1nnc(-c2ccc3c(c2)OCO3)n1,0
O=C(Cn1nnc2ccccc2c1=O)NCc1ccco1,0
Cc1nc2ccc(S(=O)(=O)NCC(=O)N3CCc4ccccc43)cc2s1,0
Cc1c(NC(=O)Nc2ccc(Cl)cc2)c(=O)n(-c2ccccc2)n1C,0
CC(=O)/C([N+]#N)=C(\[O-])NCc1ccccc1,0
Cc1ccc(Cl)c(OCC(=O)Nc2ccc3c(c2)OCCO3)c1,0
CCCCCCn1c(O)c(C(=O)Nc2ccncc2)c(=O)c2ccccc21,0
CCOC(=O)CSc1nnc(CNC(=O)c2ccc(S(=O)(=O)N3CCCC3)cc2)n1C,0
O=C1OCC(Cn2c3ccccc3c3ccccc32)O1,0
CC(=O)N(c1ccccc1)C1SC(=O)N(c2ccccc2)C1=O,0
CC(=O)N1CCN=C1SCc1c(F)cccc1Cl,0
Cc1cccc2nc(Cn3c(=O)n(CCC(=O)NCc4ccco4)c(=O)c4ccccc43)cc(=O)n12,0
COC(=O)C(C(=O)Nc1ncccn1)C1CCCCCC1,0
Cc1ccc2c(c1)c1ncnc(N3CCN(c4ccccc4)CC3)c1n2C,0
COC(=O)c1cccc(NC(=O)CSc2nnnn2C)c1,0
COC(=O)c1[nH]c2ccc(C)cc2c1NC(=O)CN1CCN(c2ccc(F)cc2)CC1,0
c1coc(-c2nnc(SCc3cn4ccccc4n3)o2)c1,0
COc1cc(CNC(=O)c2ccc(Cn3nc(C)c(Cl)c3C)o2)cc(OC)c1,0
COc1ccc(NC(=O)CSC2=C(C#N)C(c3ccco3)C3=C(CCCC3=O)N2)c(OC)c1,0
CC(Sc1ccc2c(c1)OCCO2)C(=O)Nc1ccc2c(c1)OCO2,0
CCCC(OC(=O)CN1C(=O)COc2ccccc21)C(=O)NC1CCCC1,0
Cc1ccc(NC(=O)CC2NCCNC2=O)cc1,0
Cc1cc(C)n2cc(CSc3ncccc3C(=O)O)nc2n1,0
c1ccc2[nH]c(-c3cscn3)nc2c1,0
COc1ccccc1-c1nn2c(C(F)(F)F)nnc2s1,0
C=CCn1c(-c2cc(OC)cc(OC)c2)n[nH]c1=S,0
Cc1ccc(CN2CC(C(=O)Nc3ccc4c(C)cc(=O)oc4c3)CC2=O)cc1,0
Cc1c(C#N)c(SCC(N)=O)nc2c1CCCC2,0
CCOc1cccc(-c2nn3c(-c4ccco4)nnc3s2)c1,0
COc1ccc(-c2nnc(SCC(=O)Nc3ccccc3)n2C)cc1,0
CC(C)c1nnc(SCC(=O)NCc2ccco2)n1C,0
COC(=O)c1cc(NC(=O)CC2NCCNC2=O)cc(C(=O)OC)c1,0
O=C(c1cc(-c2ccccc2)nc2ccccc12)N1CCN(c2ccccn2)CC1,0
CCOc1ccc(-n2c(=O)[nH]cc(C(=O)N3CCc4ccccc43)c2=O)cc1,0
CCc1nnc(NC(=O)C2CC(=O)N(c3ccc(C)cc3)C2)s1,0
O=C1C2CC=C(Cl)CC2C(=O)N1c1ncn[nH]1,0
O=c1cc(COn2nnc3ccc(C(F)(F)F)cc32)nc2sccn12,0
N#CCCCSc1ncccc1-c1nc2ccccc2[nH]1,0
CCn1c(C(=O)N2CCCC(C(=O)NCCCc3ccccc3)C2)cc2sccc21,0
C/C(Cl)=C/Cn1c(SC(C)C)nc2c1c(=O)[nH]c(=O)n2C,0
Cc1ccccc1NC1=Nc2ccccc2CS1,0
Cc1cc2c(c(=O)n1Cc1ccccn1)C(C(C)C)C(C#N)=C(N)O2,0
Cc1nc(NCc2ccc3c(c2)OCO3)c2oc3ccccc3c2n1,0
c1ccc2c(c1)ncn2CCC1CCCCC1,0
Cc1nn(-c2ccccc2)c(C)c1C(=O)OCC(=O)C(C#N)=C1Nc2ccccc2N1,0
Cn1nnc2cc(C(=O)N3CCN(c4ccccc4)CC3)ccc21,0
CC(=O)N(CC(=O)Nc1nn(-c2ccccc2)nc1C(N)=O)Cc1ccccc1,0
CC(O)c1nc2ccccc2n1Cc1nnc(-c2ccc(Cl)cc2)o1,0
Cc1cc(C(=O)NC(C)C)on1,0
O=c1ncnc2n(Cc3ccccc3)[nH]cc1-2,0
O=C(Cn1cc2c(n1)CCCCC2)NCc1ccccc1,0
CC(=O)N1CCN(c2ccc(NC(=O)c3ccc(C(C)(C)C)cc3)cc2)CC1,0
O=C(NCCc1cccc(Cl)c1)c1cccnc1,0
COC(=O)C1=C(N)OC2=C(C(=O)CC(C)(C)C2)C1c1cccnc1,0
COc1ccc2[nH]c(=O)c(CN(C(C)=O)c3cccc(C)c3)cc2c1,0
COc1ccc2noc3c2c1C(=O)c1ccccc1-3,0
O=C(Nc1cccnc1)c1cccnc1,0
O=C(Nc1nnc(C2CCCC2)s1)C1CCC1,0
Cc1noc(C(=O)Nc2c(C)nn(Cc3ccccc3)c2C)c1Cl,0
COc1ccc(NC(=O)Nc2cccc3cccnc23)cc1,0
CCc1c(C)c(C#N)c2nc3ccccc3n2c1-n1nc(C)cc1C,0
CCCC1=C/C(=C2/NNC(C)=C2c2ccc(C(=O)OCC)o2)C(=O)C=C1O,0
CCS(=O)(=O)n1nc(-c2ccc(Cl)cc2)nc1N,0
CC(=O)c1c(COC(=O)c2ccncc2)nc2ccccc2[n+]1[O-],0
Cc1cc(Nc2ccc(F)cc2F)n2ncnc2n1,0
O=C(Cn1cnc2c(cnn2-c2ccccc2)c1=O)c1ccc(Cl)cc1,0
CCOC(=O)c1ccc(-n2c(-c3ccco3)nc3ccccc3c2=O)cc1,0
Cc1cc(-c2ccccc2)n2ncc(C#N)c2n1,0
O=C(O)c1ccccc1NCc1ccncc1,0
O=C(CCn1c(=O)sc2ccccc21)Nc1cccnc1,0
CC1=Nn2c(nnc2-c2ccco2)SC1,0
COc1ccc(NC(=O)c2cccc(NC(=O)c3ccco3)c2)c(OC)c1,0
CN(C)c1nc(N)nc(-c2cccnc2)n1,0
CC1CCN(CCCn2c(=S)[nH]c3ccc(N4CCOCC4)cc3c2=O)CC1,0
Nc1ncc(-c2ccccc2)n1CC1CCCO1,0
CN(C)C(=O)N1CCC(C(=O)NCc2cccs2)CC1,0
CSc1nnc(-c2cccs2)n1-c1ccccc1,0
Cc1cc(C)n2nc(SC(C)C(=O)N3CCC4(CC3)OCCO4)nc2n1,0
C=CCNc1nc2c(c(=O)n(C)c(=O)n2C)n1CC,0
CC1CN=C(N(C(=O)Nc2ccccc2)c2ccc(S(=O)(=O)N3CCOCC3)cc2)S1,0
O=C(OCc1cc2ccccc2[nH]c1=O)c1ccncc1,0
Cn1c(=O)c2cnc(N3CCOCC3)nc2n(C)c1=O,0
c1ccc(-n2ncc3c(NCC4CCCO4)ncnc32)cc1,0
O=C(NCCCNC1=NS(=O)(=O)c2ccccc21)c1ccc(S(=O)(=O)N2CCCCC2)cc1,0
O=C(Nc1ccc2nc[nH]c2c1)c1ccco1,0
C1CNCCNCCCNCCNC1,0
CC(C)OC(=O)CN1C(=O)c2ccccc2C1=O,0
O=C(NCc1cccs1)c1nn2cccnc2c1Cl,0
Cc1nc(NC(=O)CCCC(=O)Nc2nc(C)c(C)s2)sc1C,0
CC(C)C(NC(=O)CCn1nnc2ccccc2c1=O)C(=O)O,0
Cc1ccc(-c2nnc(N(C)C(=O)C3CCCO3)s2)cn1,0
Cc1cc(C(=O)N2CCN(c3ccccn3)CC2)no1,0
Cc1ccc(CCN2CC(C(=O)NCc3cccnc3)CC2=O)cc1,0
COc1ccc(NC(=O)CCNC(C)=O)cc1NS(=O)(=O)c1ccc(F)cc1,0
COC(=O)C(C)NC(=O)Nc1ccccc1F,0
CCCc1cc(=O)nc(SCCOc2ccc(Cl)cc2)[nH]1,0
c1ccc(-c2nnc3sc(-c4ccncc4)nn23)cc1,0
Cc1ccc(-n2c(N)c(C(=O)N3CCOCC3)sc2=S)cc1,0
Cc1cc(C(=O)OCC(=O)Nc2nc(-c3ccccc3)cs2)c(C)o1,0
O=C(CSc1ncn[nH]1)N1CCN(c2nnc(-c3ccccc3)c3ccccc23)CC1,0
COc1ccc(C2=NOC(C(=O)NCc3ccc(F)cc3)C2)cc1,0
CC(C)C1NC2(C(=O)c3ccccc3C2=O)C2C(=O)N(c3ccc(F)cc3)C(=O)C12,0
Cc1cc(SCC#N)n2nc(C)c(-c3ccccc3)c2n1,0
CC1CN(S(=O)(=O)c2cccc(-c3cn4cccnc4n3)c2)CC(C)O1,0
Cc1ccc(Cn2[nH]nc3c(=O)nc(C4CCN(C(=O)Cc5cccs5)CC4)nc2-3)cc1,0
Cc1nc(CN2CCC/C2=N\C#N)n(-c2ccccc2)n1,0
CCCCCCn1c(N2CCC(C(N)=O)CC2)nc2c1c(=O)n(C)c(=O)n2C,0
COc1ccc(N2CCN(C(=O)c3ccc(OCC4CCCO4)cc3)CC2)cc1,0
Cc1nn(-c2ccccc2)c2nc(=O)n(-c3ccccc3)cc12,0
CC1(C)CC(=O)C2=C(C1)NC(=O)CC2C(=O)NCc1ccc(F)cc1,0
CC(C)OC(=O)CSc1nnc(-c2cccnc2)n1Cc1ccccc1,0
O=C1CC(N2CCOCC2)C(=O)N1c1ccccc1Cl,0
Cc1cc(C(=O)CSc2nnc(-c3ccc(Cl)cc3)n2CC2CCCO2)c(C)n1C,0
Cc1ccc(CN2CCN(CC(=O)NCc3ccc(Cl)cc3)C2=O)cc1,0
O=S(=O)(Nc1ncccc1O)c1ccc(Cl)cc1,0
CSc1nnc(Cn2c(=O)sc3ccccc32)n1-c1ccccc1C,0
CCOC(=O)CSc1nnc(C(Cc2ccccc2)NC(=O)OC(C)(C)C)o1,0
CCNc1nc2c(c(=O)[nH]c(=O)n2C)n1Cc1ccc(F)cc1,0
CC(=O)Nc1cccc(NC(=O)CSc2nnnn2C)c1,0
CNC(=O)N(O)C1N(C)C(=O)N(CC(=O)OC)C1(C)C,0
CC(C)OC(=O)CSc1ncnc2c1cnn2-c1ccccc1,0
O=C1C=C(Cl)C=C/C1=C1/NNC=C1C(=O)c1ccco1,0
Cc1ccc(-n2ncc3c(NCCCn4ccnc4)ncnc32)c(C)c1,0
COc1ccc(N2C(=O)CN=C2Nc2cccc(C)c2C)cc1OC,0
CCN(C1CCCCC1)S(=O)(=O)c1ccc(S(=O)(=O)NCCc2ccncc2)cc1,0
CCc1nc(OCCN(C)C)c2oc3ccccc3c2n1,0
COc1nc(OCCNC(=O)Nc2ccccc2)nc(N(C)C)n1,0
CCOc1ccc(Cc2nn[nH]n2)cc1,0
c1cnc(N2CCN(c3nc4ccccc4n4cnnc34)CC2)nc1,0
O=c1c2ccccc2nc(-c2ccccc2)n1CCCN1CCOCC1,0
CCN(CCO)c1ccc(-n2c(N)c(C(=O)OC)c3nc4ccccc4nc32)cc1,0
CCn1c(Cn2nnc(-c3ccccc3)n2)nnc1SCC(=O)Nc1cccc(C)c1C,0
CCOC(=O)c1sc(NC(=O)CSc2nnnn2-c2ccc(C)c(C)c2)nc1C,0
Cc1ccc(S(=O)(=O)NCCOc2nc(N(C)C)nc(N3CCOCC3)n2)cc1,0
N#CC1=C2SCN(Cc3ccco3)CN2C(=O)CC1c1c(F)cccc1Cl,0
c1ccc(COc2ccc(OCCOCCn3cncn3)cc2)cc1,0
Cc1cc(C)nc(N(C#N)CC(=O)N2CCC(C(N)=O)CC2)n1,0
CCN(CC)CCCNC(=O)C1=CC(=C2C=CC(=O)C=C2)ON1,0
NC(=O)c1cc(-c2ccccc2)nc(N2CCOCC2)n1,0
Cc1ccc(C(C)n2cc(C(=O)NCc3ccncc3)nn2)cc1,0
CCN(CC)CCCNS(=O)(=O)c1ccc(OC)cc1,0
O=C(CSc1nnc(CNC(=O)c2c(F)cccc2Cl)o1)NCc1ccc2c(c1)OCO2,0
Cc1cc(C)cc(NC(=O)C2CCN(c3nccs3)CC2)c1,0
CCOc1cc(C(=O)N(C)c2ccccc2)cc(OCC)c1OCC,0
COc1cc(OC)cc(-n2c3nc4ccccc4nc3c3c(=O)n(CC4CCCO4)cnc32)c1,0
COc1ccc(-c2cn3cccnc3n2)cc1NC(=O)C1CC1,0
O=C(CSc1n[nH]c(=O)[nH]c1=O)c1ccccc1,0
c1ccc(C(Cc2nc(-c3cccnc3)no2)c2ccccc2)cc1,0
Cn1c(SCC(=O)N2CCCCC2)nc2cccnc21,0
Cc1ccc2cc(CCNS(=O)(=O)c3ccc(F)cc3)c(=O)[nH]c2c1,0
Cc1ccc(S(=O)(=O)NCCCN2CCOCC2)cc1C,0
Cc1nn(-c2ccc(Cl)cc2)c2sc(C(=O)N3CCN(C(=O)c4ccco4)CC3)cc12,0
C=CCNc1nc(N2CCCC2)nc2ccccc12,0
COc1cccc(NC(=O)c2nc3nc(C)cc(C(F)F)n3n2)c1,0
CCCCOc1ccc(NC(=O)CSc2nnnn2C)cc1,0
Cc1ccc(CS(=O)(=O)CCC(=O)NCCCN2CCCC2=O)cc1,0
Clc1ccc(C(c2nnnn2C2CCCC2)N2CCSCC2)cc1,0
Cc1cccc(-c2noc(CN(C(=O)CCc3ccccc3)C(C)C)n2)c1,0
CCOc1ccc(NC(=O)CSc2nnc(Cc3cccn3C)n2-c2ccc(OC)cc2)cc1,0
COc1ccc(-c2nc(C#N)c(NCc3ccc(C)cc3)o2)cc1OC,0
CCOC(=O)CSc1ccc2nnc(-c3ccccc3)n2n1,0
Cc1nc2ccccc2c2oc(C(=O)NCc3ccccn3)cc12,0
Cc1cccc(-n2nc3c(c2NC(=O)c2ccco2)CSC3)c1C,0
CN1Cc2cc(C(=O)c3cc(Cl)cc(CSc4ncccn4)c3O)cnc2NC1=O,0
O=C(Nc1cc(N2CCOCC2)ncn1)Nc1cccc2ccccc12,0
Cn1c(-c2ccccc2)cnc1SCc1nc(=O)c2ccccc2[nH]1,0
CCOc1ccc(Nc2nc(Cc3nnc(SCC(N)=O)o3)cs2)cc1,0
COc1ccc(S(=O)(=O)N2CCN(C(=O)c3cccc(Cl)c3)CC2)cc1,0
O=C1CCCc2c1cc(C(=O)NCc1ccco1)c(=O)n2-c1ccc(Cl)cc1,0
Cn1c(=O)[nH]c(=O)c2c1nc(SCCN1CCOCC1)n2Cc1ccccc1,0
Cc1[nH]c(=S)[nH]c(=O)c1Cc1ccccc1,0
CC1CCC(NC(=O)C2CCN(c3cnccn3)CC2)CC1,0
O=C(NCc1cccnc1)C1CCN(S(=O)(=O)c2cccs2)CC1,0
CCOC(=O)C1CCN(/C=N/c2cc(C)on2)CC1,0
COCc1nnc(NC(=O)CCc2ccccc2)s1,0
CCOC(=O)N1CCN(C(=O)CCc2c(C)nc3c(c(C)nn3-c3ccc(C)c(C)c3)c2C)CC1,0
CC(C)CC(C(=O)NCc1ccccn1)N1C(=O)c2ccccc2C1=O,0
Cc1ccc(S(=O)(=O)c2n[nH]n3c2nc(=O)c2ccccc23)cc1,0
Cc1cccc(NC(=O)c2cc(NC(=O)c3ccco3)ccc2Cl)n1,0
Cn1nnnc1SCCOc1ccc(C#N)cc1,0
COC(=O)c1sccc1NC(=O)Cn1cnc2c1c(=O)n(C)c(=O)n2C,0
C=CCOc1c(Cl)cc(C2NC(=O)NC(C)=C2C(=O)OC)cc1Cl,0
COc1ccc(OC)c(NC(=O)Cn2cnc3c(cnn3-c3ccccc3)c2=O)c1,0
CC1CCCN(Cc2nc3c(c(=O)n(C)c(=O)n3C)n2CCc2ccccc2)C1,0
Cc1ccc(-c2nc3ccccc3c(=O)n2CCN2CCOCC2)cc1,0
CCOC(=O)CSc1nnc(CNc2ccccc2Cl)n1-c1ccccc1,0
CC(=O)Nc1nc2ccc(-c3nc4ccccc4o3)cc2s1,0
COc1cccc(N(C(=O)Cn2nnc3ccccc32)C(C(=O)NCc2ccco2)c2cccnc2)c1,0
CC(C)(C)c1ccc(-c2nnc(SCC(=O)O)n2N)cc1,0
O=C(CCCC(=O)N1CCc2ccccc21)N1CCc2ccccc21,0
CCCCc1nnc(NC(=O)C2CCCO2)s1,0
CC1(C)CC(=O)C=C(Nc2ccc(S(N)(=O)=O)cc2)C1,0
c1ccc(-c2ccc(-c3nc(-c4ccncc4)no3)cc2)cc1,0
CCn1c(COc2ccc3c(c2)CCCC3)nnc1SCC(=O)Nc1nccs1,0
CCCCN1C(=O)/C(=C2\SC(N3CCCCC3)=NC2=O)c2ccccc21,0
Cc1cc(NC(=O)c2cc(C)on2)no1,0
O=C(CN1C(=O)CC(c2ccccc2)=Nc2ccccc21)NCc1ccco1,0
Cc1cc(-c2ccccc2)nc(N2CCN(c3ccccn3)CC2)n1,0
O=C(CN1CCN(Cc2ccccc2Cl)C1=O)NC1CCCCCCC1,0
Cc1ccc(-c2csc(NC(=O)CSc3ncn(-c4ccccc4)n3)n2)cc1,0
COC(=O)CSc1cc(C)nc(NC(C)=O)n1,0
CC(=O)Nc1nnc(SCc2cccc(F)c2)s1,0
O=c1nc(N2CCOCC2)[nH]c2ncn(Cc3ccccc3)c12,0
COc1ccc(C2C(C#N)=C(C)NC3=C2C(=O)CC(C)(C)C3)c(OC)c1,0
COc1ccc(N(C)C(=O)Nc2ccc3c(c2)nnn3C)cc1,0
O=C1CSc2ccc(C(=O)N3CCN(c4ccccn4)CC3)cc2N1,0
CCOC(=O)CSc1nnc(CNc2nc(-c3ccccc3)cs2)n1C,0
CCCNC(=O)CC1Sc2ccccc2NC1=O,0
O=C1C(c2ccncc2)N(CCC2=CCCCC2)C(=O)CN1C1CCCCC1,0
O=S(=O)(c1cccs1)n1cnc2ccccc21,0
COc1ccccc1Nc1nc(N)nc(CSc2ncccn2)n1,0
COc1ccccc1Nc1nc(N)nc(CN(C)C2CCCCC2)n1,0
COc1nc(OC)nc(N2CCC(C(=O)NC3CCCCCC3)CC2)n1,0
COc1cc(OC)c(NC(=O)CCc2nc(-c3cccs3)no2)cc1Cl,0
CCn1c(=O)cc(SCC(=O)Nc2ccc3c(c2)OCCO3)c2ccccc21,0
Cc1ccc(NS(=O)(=O)c2cn(C)cn2)cc1,0
Cc1nnc(SCC(=O)N2CCCCC2)s1,0
CCOc1cc(C(=O)O)cc(Cl)c1OCC#N,0
Cn1c(=O)c2c(nc(SCc3nn[nH]n3)n2Cc2ccccc2F)n(C)c1=O,0
CC(C)(C)NC(=O)CSc1nnc(CN2CCCCCC2=O)n1-c1ccccn1,0
CS(=O)(=O)N1CCN(C(=O)c2cc(-c3ccncc3)nc3ccc(Cl)cc23)CC1,0
O=C(Nc1ccccc1-c1ccccc1)c1cnccn1,0
Cc1ccc(CN2CCN(CC(=O)N3CCc4ccccc4C3)C2=O)cc1,0
COc1cc(Cl)c(C)cc1NC(=O)COC(=O)c1cnc(C)cn1,0
COCCNC(=O)c1cc2c(-c3ccccc3F)nn(C)c2s1,0
Cc1cc(C)n(-c2ncnc3c2oc2ccccc23)n1,0
CC(C)Cn1c(CN2CCCCC2C)nc2c1c(=O)n(C)c(=O)n2C,0
O=C(CSc1nnc(-c2ccncc2)n1Cc1ccco1)Nc1ccccc1Cl,0
COCCNC(=O)CN1CCC(NC(=O)Nc2ccccc2)CC1,0
CCOc1ccc(C(=O)N2CCN(Cc3ccccc3)CC2)cc1,0
COc1ccccc1N1CCN(S(=O)(=O)c2ccc3c4c(cccc24)C(=O)N3)CC1,0
C=CCNC(=O)CCCCC(=O)NCC=C,0
CCn1cc(C(=O)NCCc2ccccc2)c(=O)c2cc(F)c(N3CCN(C)CC3)cc21,0
COCCN(C(=O)c1ccccc1)c1nnc(-c2cccnc2)s1,0
Cc1ccc(S(=O)(=O)Nc2ccc3nc(-c4cccn4C)[nH]c3c2)cc1,0
COc1ccc(S(=O)(=O)NCc2ccc(C(=O)O)cc2)cc1,0
C=CCn1c(SCc2ccc(OC)cc2)nnc1-c1cccnc1,0
Cc1c(C(=O)Nn2cnnc2)oc2ccccc12,0
COc1ccc(S(=O)(=O)N2CCCN(Cc3cccc(F)c3)CC2)cc1,0
CC(C)C(c1nnnn1Cc1cccs1)N1CCN(c2ccccc2)CC1,0
Cc1oc(-c2ccccc2F)nc1CN1CCC(C(=O)NC2CC2)CC1,0
Cc1nc2ncnn2c(C)c1CCC(=O)Nc1ccc(S(=O)(=O)N2CCCCCC2)cc1,0
c1cncc(Nc2nc(-c3ccncc3)cs2)c1,0
Cc1ccccc1S(=O)(=O)Cc1ccc(C(=O)NCCCOC(C)C)o1,0
COc1ccc(-c2nc3ccccc3c(=O)n2CCCN2CCOCC2)cc1,0
O=c1c2ccccc2nnn1CSc1ccc2c(c1)OCCO2,0
COc1ccc(-c2cc(NCc3ccccn3)n3ncnc3n2)cc1,0
O=C(NCC1CCCO1)c1nnc(Cc2ccc(F)cc2)o1,0
Cc1nn(-c2ccccc2)c(Cl)c1C1C(C#N)=C(N)Oc2n[nH]c(C)c21,0
Cc1cc(C)c(NC(=O)CSc2nc3c(c(=O)n2C)SC(C)C3)c(C)c1,0
Cc1nnc(NC(=O)CSc2nnc(Cc3cccn3C)n2C)s1,0
COc1cc2cc(C(c3nnnn3C3CCCC3)N3CCCCCC3)c(=O)[nH]c2cc1OC,0
Cc1ccc(CCNC(=O)c2nnn(-c3cccc(C)c3)c2N)cc1,0
CCN(CC)C1CCCCC1NS(=O)(=O)c1ccc(Cl)cc1,0
N/C(Cn1nnc(-c2ccccc2)n1)=N\O,0
CC(=O)OCN(C#N)c1nc(N(C)C)nc(N(C)C)n1,0
CCOC(=O)Cn1c(=O)c2c(nc(N3CCCCC3)n2C)n(C)c1=O,0
O=C(NCC1CCCO1)c1sc(=S)n2c1[nH]c(=O)c1ccc(C(=O)N3CCCCC3)cc12,0
COc1ccc(NC(=O)CSc2nnc(Cc3cccn3C)n2-c2ccc(F)cc2)cc1,0
C=CCn1cnc2c(c1=O)c1nc3ccccc3nc1n2Cc1ccccc1,0
CCn1c(=O)cc(SCC(=O)NCCN2CCN(Cc3ccccc3)CC2)c2ccccc21,0
O=C(CSc1nnc(Cc2ccccc2)o1)NCCc1ccccc1,0
CSc1nc2nc3c(c-2c2[nH]ncn12)CC(C)(C)OC3,0
CS(=O)(=O)N(CCc1ccccc1)CC(=O)NCc1cccnc1,0
C=CCNc1nc(NCc2ccco2)nc(OCC)n1,0
O=C(CN1CCc2ccccc2C1)N1CCN(S(=O)(=O)c2ccccc2)CC1,0
O=C(CSc1nnc2ccccn12)NC(=O)NC1CCCC1,0
N=c1c(C(=O)NC2CCCCC2)cc2c(=O)n3ccccc3nc2n1CCN1CCOCC1,0
O=C(CSc1nnc(COc2ccc3c(c2)CCCC3)o1)Nc1ccc(F)cc1,0
CC(C)C(=O)N(c1ccc(F)cc1)C1C=CS(=O)(=O)C1,0
Cc1nnc(SCCn2c(N3CCCC(C)C3)nc3c2c(=O)n(C)c(=O)n3C)s1,0
COc1cc(NS(=O)(=O)c2ccc(C)cc2)ccc1-n1cnnn1,0
CCOC(=O)c1c(-c2cccs2)csc1NC(=O)c1ccncc1,0
Cc1csc2nc(=O)c(-c3ccccc3N)nn12,0
CCC(C)Nc1nc2c(c(=O)n(C)c(=O)n2C)n1Cc1ccc(Cl)cc1,0
CSc1nc(-c2ccco2)nn1C(=O)c1ccc(C)cc1,0
O=C(CSc1nc(O)c(Cc2ccccc2F)c(=O)[nH]1)N1CCCCCC1,0
COc1ccc(-c2onc3ccc(Cl)cc23)cc1OC,0
O=C(NCc1ccccn1)c1cccs1,0
COC(=O)NCc1cc2cc(Cl)ccc2[nH]1,0
CCOC(=O)c1c(C)oc(NC(=O)COc2ccc(Cl)cc2C)c1C#N,0
CCOc1cc2[nH]c(=O)n(CCCC(=O)O)c(=O)c2cc1OCC,0
CCSC1=C(C#N)C(c2cccc(OC)c2)CC(=O)N1,0
CN(C)c1ccc(NC(=S)c2ccccn2)cc1,0
O=C(c1csc2ccccc12)N1CCN(c2ccccn2)CC1,0
Cc1cnc(NC(=O)CSc2nnc(-c3ccccc3)n2Cc2ccccc2)s1,0
COc1ccccc1OCCOc1ccc(/C=N/n2cnnc2)cc1,0
O=C(O)CSCc1cnn(-c2ccccc2)c1-n1cccc1,0
CCOc1ccc(Nc2nc(Cc3nnc(SCC(=O)O)o3)cs2)cc1,0
CN(C1CCCCC1)S(=O)(=O)c1ccc(C(=O)O)cc1,0
COc1ccccc1NC(=O)CCSc1nnnn1C,0
c1coc(-c2nnc(-c3cccs3)o2)c1,0
CCCSc1nc(=O)c(-c2ccccc2NC(=O)CC)n[nH]1,0
CCOC(=O)c1ccc(NC(=O)CN2CCN(c3ccccc3)CC2)cc1,0
C=CCn1c(N)c(C(=O)Nc2ccccc2)c2nc3ccccc3nc21,0
O=C1CSC(NC2CCCCC2)=N1,0
C=CCn1c(SCC(=O)Nc2ccccc2OC)nnc1-c1ccccn1,0
Clc1ccc(-c2nnc(SCc3cn4ccsc4n3)n2CC2CCCO2)cc1,0
Cc1ccc(S(=O)(=O)NCCc2ccncc2)cc1,0
O=C(Nc1cccc(C(F)(F)F)c1)c1cnc2n(c1=O)CCS2,0
O=C(NCc1ccccc1)c1ccc(CN2CCOCC2)cc1,0
OC(CN(c1ccccc1)c1ccccc1)Cn1cnc2ccccc21,0
CNC(=O)ON(C(=O)NC)C1N(C)C(=S)SC1(C)C,0
CN(C(=O)c1cccnc1)c1nnc(-c2cccnc2)s1,0
Cc1cc(NC(=O)CSc2nc(=O)c(C)n[nH]2)no1,0
Cc1cc2c(cc1C)/C(=C\C(N)=O)NC(C)(C)C2,0
O=C(Cn1nnc(-c2ccc3c(c2)OCO3)n1)NCc1ccco1,0
CCc1ccc(NC2=NCC(=O)N2Cc2ccc3c(c2)OCO3)cc1,0
Cc1ccc(-c2nnn(CCC(=O)NC3CCCC3)n2)cc1,0
CCc1nc(SCc2cccnc2)c2c(=O)n(C)c(=O)n(C)c2n1,0
CCCCSc1nc2n(-c3ccc(F)cc3)[nH]cc-2c(=O)n1,0
CC(=O)c1ccc(N2CCN(C(=O)C3(S(=O)(=O)c4ccc(Cl)cc4)CC3)CC2)cc1,0
Cc1ccnc(SCC(=O)Nc2sc3c(c2C#N)CCCC3)n1,0
COC(=O)Cn1nnc(-c2cccc(OC)c2)n1,0
COCCSc1nnc(NC(=O)COC)s1,0
Cc1cc(=O)n(CC(C)O)c(O)c1C#N,0
NS(=O)(=O)c1ccc(CCNC2CC(=O)N(Cc3ccccc3)C2=O)cc1,0
Cc1cc(C(F)F)n2ncc(C(=O)NC3CCCCCC3)c2n1,0
CCN1CCCC1CNC(=O)Cn1cnc2sc(C)c(S(=O)(=O)N3CCC(C)CC3)c2c1=O,0
Cc1nn(Cc2ccccc2Cl)c(C)c1C(=O)NC1=NCCS1,0
Cc1cc(N2C(=O)C3CCCN3C2c2ccccc2)no1,0
O=C(CSc1nnc(CNC(=O)c2cccs2)o1)NCc1ccc(F)cc1,0
CCOC(=O)c1[nH]c2ccc(OC)cc2c1NC(=O)CCN1CCc2ccccc2C1,0
CC1(C)CC(=O)C/C(=N/c2ccc3[nH]c(=O)[nH]c3c2)C1,0
COc1ccc(C(=O)NCCn2cc(SCC(=O)Nc3nnc(C)s3)c3ccccc32)cc1,0
O=C(Cn1cnc2c(nnn2-c2ccc(F)cc2)c1=O)NCC1CCCO1,0
COc1ccc(C(C)=O)cc1COC(=O)Cc1n[nH]c(=O)c2ccccc12,0
Cc1cc2nc(SC(C)C(=O)O)[nH]c2cc1C,0
C=CCn1c(SCC(=O)NCc2cccs2)nnc1C1CCCCC1,0
Clc1cccc(Cl)c1Cn1cnc(NCc2ccco2)c2ncnc1-2,0
O=C(Nc1cc2nn(-c3ccccc3)nc2cc1Cl)c1ccco1,0
Cc1ccc2c(c1)c1ncnc(N3CCOCC3)c1n2C,0
COc1cc(NC(=O)NCc2ccncc2)cc(OC)c1OC,0
O=C(Nc1ccc(S(=O)(=O)N2CCCCCC2)cc1)C1CCCO1,0
O=C(CSc1nnnn1C1CCCC1)N1CCN(C(=O)c2ccco2)CC1,0
CCC(C)(C)n1nnnc1C(c1cc2cc(C)cc(C)c2[nH]c1=O)N1CCCC1,0
CCCCn1c(SCC(=O)Nc2nnc(C)s2)nnc1-c1ccoc1C,0
O=C(CSc1nc2ccccc2[nH]1)Nc1ccc(F)cc1,0
CCOC(=O)Cc1nn2c(=O)cc(C)nc2s1,0
CCOc1ccccc1NC(=O)CSc1nnc(-c2cnccn2)n1CC,0
Clc1ccc(Cn2ncc3c(N4CCCC4)ncnc32)cc1,0
CCOc1ccc2[nH]c(C)c(CN3CCOCC3)c(=O)c2c1,0
CC1CCN(C(=O)C2CCN(S(=O)(=O)c3cnc[nH]3)CC2)CC1,0
Cc1cc(C)nc(NC(=O)CSc2nn(C)c(=S)s2)n1,0
CCN1C(=O)CSc2ccc(C(=O)NCCCN3CCOCC3)cc21,0
CCc1[nH]nc2c1C1(CCN(C(=O)c3ccccc3)CC1)C(C#N)=C(N)O2,0
COc1ccc(CCn2c(-c3ccco3)nc3nc4ccccc4nc32)cc1,0
Cn1c(=O)[nH]c(=O)c2c1nc(NC1CCCCC1)n2Cc1ccccc1,0
COCCSc1nnc(NC(=O)Cc2ccccc2OC)s1,0
Nc1c(C(=O)CCC(=O)O)oc2ccc(Cl)cc12,0
CCOc1ccccc1Nc1nc(N)nc(CSc2nncn2C)n1,0
COC(=O)c1ccc(NC(=O)CSc2nnc(-c3ccncc3)n2N)cc1,0
O=C(CSc1nnc(CNC(=O)c2ccco2)o1)NC1CCCC1,0
CCn1nc(CC(=O)Nc2nnc(CC(=O)N3CCCCC3)s2)c2ccccc2c1=O,0
Cc1cnc(NC(=O)COc2ccccc2)s1,0
Cn1c(CNC(=O)c2ccco2)nnc1SCC(=O)N1c2ccccc2Sc2ccccc21,0
COc1ccc(OC)c(NC(=O)Cn2c(CCC(=O)O)ccc2-c2cccs2)c1,0
CCCOc1cccc(C(=O)Nc2nnn(CCC)n2)c1,0
CCn1c(SCC(=O)N2CCCc3ccccc32)nc2c1c(=O)n(C)c(=O)n2C,0
Cc1ccccc1Cn1nc(C)c(NC(=O)c2noc3c2CCCC3)c1C,0
O=C(COC(=O)c1ccccn1)Nc1cccc(Cl)c1,0
Cc1cc(C)n(-c2nc3ccccc3c3nc(C)nn23)n1,0
C=C(C)Cn1c(Sc2nc3ccccc3[nH]2)nc2c1c(=O)[nH]c(=O)n2C,0
Cc1cc(C)n2c(SCC(=O)Nc3cc(C)on3)nnc2n1,0
CC(=O)Nc1cccc(Oc2nc(C)cc(C)c2C#N)c1,0
CCCc1nnc(SCCSc2nnc(CCC)n2N)n1N,0
Cc1c[n+]([O-])n(-c2ccc(C(=O)O)cc2)n1,0
CCOc1ccc(C(=O)Nn2cnnc2)cc1,0
Cc1onc(-c2ccccc2Cl)c1C(=O)N1CCCCC1C(=O)O,0
Cc1ccc(NC(=O)CN2C(=O)NC3(CCC(C)CC3)C2=O)c(Cl)c1,0
Cc1ccc(OCC(=O)Nc2ccc(-c3nnc(-c4ccco4)o3)cc2)cc1,0
Cc1ccc(-c2cc(-c3ccc4c(c3)OCO4)c(C#N)c(N)n2)o1,0
CCOC(=O)NCC(C#CCN(CC)CC)N(CC)CC,0
O=S(=O)(c1cnc[nH]1)N1CCc2ccccc21,0
CN(Cc1ccco1)C(=O)C1CCC(=O)N1Cc1ccc(F)cc1,0
CC(=O)Nc1nonc1C(=O)N1CCC(C)CC1,0
CCOC(=O)N1CCC(N(C(=O)Nc2cccc(OC)c2)C(C)CC)CC1,0
c1cnc(N2CCN(Cc3c[nH]c4ccccc34)CC2)nc1,0
CCOc1ccc(-c2nc(C#N)c(N3CCN(Cc4ccccc4)CC3)o2)cc1,0
COCCNC(=O)CN1C(=O)CSc2ncccc21,0
Cc1ccc(C)c(-n2c(Cc3cc(=O)[nH]c(=O)[nH]3)nnc2SC(C)C)c1,0
CN(C(=O)c1ccno1)c1nnc(-c2ccccn2)s1,0
Cn1c(=O)c(-c2ccccc2N)nc2ccccc21,0
Cc1nnc(C)n1/N=C/c1cccc(Oc2ccccc2)c1,0
O=C(NC1CC2CCCC(C1)N2C(=O)N1CCCCC1)C1CCCCC1,0
O=C1CC(c2ccc(F)cc2)Cc2nc(N3CCc4ccccc43)ncc21,0
Cc1nnc2c3ccccc3c(-c3ccccc3)nn12,0
COc1ccc(CC(=O)/C(C#N)=C2/Nc3ccccc3S2)cc1,0
COc1ccc(N2CCN(C3CC(=O)N(C)C3=O)CC2)cc1,0
CCN(CC)C(=O)COc1ccc(-c2nnc(N3CCCCC3)c3ccccc23)cc1,0
Clc1ccc(/C=N/C23CN4CN(CN(C4)C2)C3)cc1,0
O=C(CS(=O)(=O)Cc1ccccc1)Nc1nnc(C2CCCCC2)s1,0
Cc1[nH]c2ccccc2c1C1=CN2CCS(=O)(=O)N=C2S1,0
O=C(CCCNS(=O)(=O)c1cccc2nsnc12)NC1CCCCC1,0
Cc1c(NC(=O)CSc2nnnn2Cc2ccccc2)c(=O)n(-c2ccccc2)n1C,0
Cc1ccc(C(C)C)c(OCc2nnc(SCC(=O)Nc3nccs3)n2C)c1,0
CC(C)Cc1cc(-c2ccco2)c(C#N)c(N)n1,0
Cc1nc2scc(-c3ccccc3)c2c(=O)o1,0
Cc1ccccc1Nc1nc(N)nc(CN(C)c2ccccc2)n1,0
CC(=O)c1c(C)n(-c2ccc(N(C)C)cc2)c2ccc(OCC(N)=O)cc12,0
C=CCNC(=O)CSc1ccc(Cl)cc1,0
COc1ccc(-c2noc(CCC(=O)NC3CCCCC3)n2)cc1OC,0
COc1ccc(-c2nc(CS(=O)CC(=O)NCc3ccco3)c(C)o2)cc1OC,0
Cc1ccnc(SCCn2c(N3CCN(Cc4ccccc4)CC3)nc3c2c(=O)[nH]c(=O)n3C)n1,0
CCc1ccc(N2CC(C(=O)Nc3nccs3)CC2=O)cc1,0
Cn1c(Cc2ccccc2)nnc1SCC(=O)Nc1ccccc1N1CCOCC1,0
O=C(COC(=O)c1ccco1)Nc1ccccc1,0
O=C(CCCNS(=O)(=O)c1cccc2nsnc12)NCc1ccc(F)cc1,0
Cc1cc2c(cc1C)NC(c1ccccn1)C1=C(CC(C)(C)CC1=O)N2,0
CCn1c(Cc2ccccc2)nnc1SCC(=O)Nc1ccc2c(c1)OCO2,0
O=C(Nc1cccc(-c2nc3ncccc3o2)c1)c1cc2ccccc2o1,0
CCCC(c1nnnn1Cc1ccco1)N1CCN(C2CCCC2)CC1,0
Cn1c(N)c(C(=O)CSc2nc3ccccc3n2-c2ccccc2)c(=O)n(C)c1=O,0
CN1C(=O)CC(c2ccco2)Sc2ccccc21,0
Cc1nc2c(C(=O)NCc3ccc4c(c3)OCO4)c[nH]n2c(=O)c1Cl,0
CC(=O)Nc1nc(-c2ccc(Cl)cc2)nc(C)c1C(C)=O,0
CC(=O)c1cc(C)ccc1OC(=O)c1cccnc1,0
CCOc1ccc(Nc2c3c(nc4ncnn24)CC(C)CC3)cc1,0
COc1ccc(NC(=O)Cn2cccc2)cc1Cl,0
CS(=O)(=O)Nn1cnc2ccccc2c1=O,0
COC(=O)CN1C(=O)COc2ccc(Cl)cc21,0
C=CCSc1nc2c(c(=O)[nH]c(=O)n2C)n1C(C)C,0
CC1(C)Cc2c(sc3c2-n2nnnc2-n2nnnc2-3)CO1,0
CN(Cc1ccccc1)Cc1nc2c(c(=O)n(C)c(=O)n2C)n1Cc1ccc(Cl)cc1,0
O=C(CCC1CC(=O)Nc2ccccc21)NCc1cccnc1,0
Nc1ncnc(Nc2ccccc2C(F)(F)F)n1,0
N#CNC1=NCN(CCc2ccccc2)CN1,0
COc1ccc(Cl)cc1S(=O)(=O)N1CCN(C)CC1,0
CCOC(=O)N1CCC(NS(=O)(=O)c2ccc3c(c2)C(C)(C)C(=O)N3C)CC1,0
O=C(Nc1nnc(-c2ccncc2)s1)C1CCCO1,0
COc1cccc(NC(=O)Cn2c(-c3cncs3)nc3ccccc32)c1,0
Cc1occc1C(=O)Nc1sc2c(c1C(N)=O)CCCCC2,0
COc1cc(NC(=O)c2nnn(Cc3ccc(SC)cc3)c2N)cc(OC)c1,0
Cc1cnc(NC(=O)COc2ccccc2Cl)s1,0
COC(=O)CSc1nnc(CNS(=O)(=O)c2ccc(C)cc2)n1C,0
CN(C)c1nc(N(C)C)nc(N(C)C)n1,0
COc1cccc(-c2cc(C(=O)NCCc3ccccc3)no2)c1,0
COc1ccccc1N1CCN(C(=O)Cn2nnc(-c3ccncc3)n2)CC1,0
O=c1cc(CN2CCc3ccccc32)nc2sccn12,0
CCCC(c1nnnn1CCc1ccccc1)N1CCN(C(=O)c2ccco2)CC1,0
Cc1ncc(CO)c2c1OC(C)(C)OC2,0
COC(=O)c1cccc(Oc2nc3c(c(=O)n(C)c(=O)n3C)n2Cc2ccc(C)cc2)c1,0
CC(=O)N1CCc2[nH]c3ccccc3c2C1,0
CCOc1ccc2nc(NCCO)[nH]c2c1,0
O=C(Nc1ccc(S(=O)(=O)Nc2ccc(Cl)cc2)cc1)C1CCCO1,0
O=c1nc(N2CCN(Cc3ccc4c(c3)OCO4)CC2)[nH]c2c1CCC2,0
COc1ccc(Cl)cc1N1C(=O)C2CCCN2C1c1cccc(F)c1,0
COc1ccccc1-c1ccc(Nc2cccc(C(C)=O)c2)nn1,0
O=C(CSc1nnnn1-c1ccccc1)Nc1nsc(-c2ccccc2)n1,0
CC(=O)Nc1ccc(NC(=O)CSc2nccn2Cc2ccccc2)cc1,0
O=c1[nH]c(-c2ccccc2)c(-c2ccccc2)[nH]1,0
O=C(Cn1cnc2c(nnn2-c2ccc(F)cc2)c1=O)N1CCCC1,0
O=C(NCc1cccs1)C1CCC(=O)N1C1CCCCC1,0
O=C(Nc1ccc2nc(-c3cccnc3)[nH]c2c1)c1ccco1,0
COc1ccc(-n2c(=S)[nH]c3cc(C(=O)NCCCN4CCCC4=O)ccc3c2=O)cc1,0
Cc1ccc(-n2c(-c3ccncc3)nnc2-c2ccco2)cc1,0
Cc1ccc(N2CN=c3s/c(=C\c4ccccn4)c(=O)n3C2)cc1,0
O=C(O)C1C2C=CC(C2)C1C(=O)NCc1ccccn1,0
COc1cccc2cc(C(=O)C3=C(O)C(=O)N(CCN(C)C)C3c3ccc(F)cc3)oc12,0
Nc1nc2c3ccccc3nc(C3CC3)n2n1,0
C=C(C)CSc1nc(N)c2c(C)c(C)sc2n1,0
CN1CCc2c(sc3c2c(=O)n(-c2ccccc2)c2nncn32)C1,0
O=C(Cn1ncc2c1-c1ccccc1OC2)N(Cc1ccco1)C1CCCCC1,0
Cc1ccc(NC(=O)C2CCCNC2=O)nc1,0
Cc1ccc(-c2nnc3ccc(SCC(=O)NCc4ccco4)nn23)cc1,0
CC(C)Cc1cc(C(=O)Nc2sc3c(c2C#N)CCCC3)no1,0
CC1(C)Cc2c(c(-c3ccco3)[nH]c(=O)c2C#N)CS1,0
CC1=C(C(=O)OC(C)C)C(c2ccccc2Cl)CC(=O)N1,0
O=C(O)C1(c2cccc(Cl)c2)CCC1,0
CC(C)CCNC(=O)CCS(=O)(=O)c1cccc2nonc12,0
Cc1cc2oc(=O)c3c(c2cc1OCc1nn[nH]n1)CCCC3,0
CCOc1cc(CNc2ncnc3nc[nH]c23)ccc1OC,0
Cc1c2c(n3c(nc4ccccc43)c1C#N)N(Cc1ccccn1)CC2,0
Cc1c(NC(=O)c2cc(=O)[nH]c(=O)[nH]2)c(=O)n(-c2ccccc2)n1C,0
COCC(=O)NCc1nc2ccccc2[nH]1,0
CS(=O)(=O)NC1c2cccc3cccc(c23)C1Sc1nncn1/N=C\c1ccco1,0
Cc1cc2c(c(=O)n1CCCn1ccnc1)C(c1ccco1)C(C#N)=C(N)O2,0
CCn1c(CNc2ccc(F)cc2)nnc1SCC(=O)OC1CCCCC1,0
CCCCCC(=O)Nc1ccc2oc(-c3ccncc3)nc2c1,0
CCOC(=O)N1CCN(CC(O)c2ccc3c(c2)CCN3)CC1,0
CC1CCC(C(=O)NC(C(=O)N2CCN(c3ccccn3)CC2)C(C)C)CC1,0
CSc1nnc2c(n1)OC(C)N(C(=O)c1ccccc1)c1ccccc1-2,0
CCN1C(=O)c2ccc(C(=O)NCc3ccccc3)cc2C1=O,0
CCCc1nc2scc(-c3ccccc3)c2c(=O)n1N,0
Cn1nnnc1SCc1cn2cccnc2n1,0
Cc1c(Cl)cccc1NC(=O)CCN1CCCCC1,0
Cn1c(=O)oc2cc(S(=O)(=O)NCCc3ccccc3)ccc21,0
C(=C/CSc1nnnn1-c1ccccc1)\CSc1nnnn1-c1ccccc1,0
O=C(CCSc1ccccc1)Nc1nnc(-c2ccccc2)o1,0
CN1C(=O)c2ccc(C(=O)NC3CCCCC3)cc2C1=O,0
COc1ccc(Cl)c(Cn2c(NCCCN(C)C)nc3c2c(=O)n(C)c(=O)n3C)c1,0
N#CC1=C2SCN(c3ccccc3)CN2C(=O)CC1c1ccccc1Cl,0
CCOC(=O)C1CCCN(C(=O)c2ccc(OC(C)=O)cc2)C1,0
CC(C)C(=O)Nc1ccc(C(=O)NCc2cccnc2)cc1,0
Fc1ccccc1N1CCN(CCCNc2ccc3nncn3n2)CC1,0
CN(C)c1ccc(NC(=O)Cn2cc3c(n2)CCCC3)cc1,0
Cc1c(C(=O)Nc2ccc(C(=O)O)cc2)cnn1C,0
O=C(O)C1CSC2(CCN(Cc3ccccc3)CC2)N1,0
O=C1CCCc2nc(N3CCN(c4ccccc4)CC3)ncc21,0
CCCC(=O)NC(c1ccco1)c1cc(Cl)c2cccnc2c1O,0
COc1ccc(C)c(S(=O)(=O)Nc2ccc(OCC(=O)O)cc2)c1,0
C=CCn1c(NC(=O)c2ccccc2Cl)c(C#N)c2nc3ccccc3nc21,0
Cc1cccc2c1nc(-c1ccccc1)n1cnnc21,0
CN1CCN(CCCNC(=O)c2cc3c(-c4ccc(Cl)cc4)nn(C)c3s2)CC1,0
COc1ccc(-c2nc3cc(C(C)C)ccc3o2)cc1NC(=O)c1cccnc1,0
COc1cccc(C2C(C(=O)c3cc4ccccc4o3)=C(O)C(=O)N2CCN(C)C)c1OC,0
CCc1c(C)[nH]n(-c2ccc(Oc3ccccc3)c(S(=O)(=O)O)c2)c1=O,0
CC(C)c1nc(N2CCN(C(=O)c3ccccc3)CC2)c(C#N)c2c1COC(C)(C)C2,0
CCOc1ccc(N2C(=O)CC(N3CC(C)OC(C)C3)C2=O)cc1,0
CCN1CCN(c2oc(-c3ccc(OC)cc3)nc2C#N)CC1,0
Cc1c(CN(C)C(=O)CSc2nc(-c3ccco3)cc(C(F)(F)F)n2)cnn1C,0
Cc1noc(NS(=O)(=O)c2ccc(N)cc2)c1C,0
Cc1ccc2c(c1)N(CCC(=O)NCc1ccccn1)C(=O)CO2,0
CCOc1ccc(NC(=O)c2ccccc2O)cc1,0
CCn1c(SCC(=O)Nc2ccc(C(=O)OC)cc2)nnc1-c1cccs1,0
O=C(NCC1CCCO1)c1coc2nc3ccccc3nc12,0
Cc1ccc(C)c(NC(=O)CSc2nnc(-c3ccco3)o2)c1,0
CCOC(=O)Cn1cc(C(=O)C2CC2)c2ccccc21,0
COCc1cc(C)nc(SCC(=O)Nc2cccc(C)c2)c1C#N,0
Cc1cc(NC(=O)CSc2ncn(-c3ccccc3)n2)no1,0
Cc1onc(-c2c(F)cccc2Cl)c1C(=O)NC1=NCCS1,0
COC(=O)c1c(NC(=O)CSc2nnnn2-c2ccccc2)sc2c1CCC(C)C2,0
COc1ccc(S(=O)(=O)N(CC(=O)NC2CC2)C2CCCCC2)cc1Cl,0
COc1ccc(OC)c(S(=O)(=O)N2CCCCC2C(=O)N2CCN(c3ccccn3)CC2)c1,0
CCOC(=O)c1c(C)n(C)c2ccc(O)c(CN3CCN(C)CC3)c12,0
Cc1ccc(Nc2nc3no[nH]c-3nc2=O)cc1,0
Cc1ccc(OCCCCn2ccnc2)c(Cl)c1,0
Cc1ccc(N2CC(C(=O)NCCCn3ccnc3)CC2=O)cc1,0
CC1(C)CC(=O)N(CC(=O)N2CCN(c3ncccn3)CC2)c2ccccc2S1(=O)=O,0
COc1ccc(-n2nnnc2SCC(=O)N2CCOCC2)cc1,0
O=C(NCCCN1CCOCC1)c1cc(-c2ccc(F)cc2)on1,0
COC(=O)CN1C(=O)C(O)(CC(=O)c2ccc(Cl)cc2)c2ccccc21,0
Cc1ncsc1CCSc1n[nH]c(=O)n1-c1ccccc1,0
COc1ccccc1NC(=O)CSc1nnc(-c2ccc(C)cc2)o1,0
Cc1ccc(S(=O)(=O)NCCCN2CCOCC2)c(C)c1,0
Cc1cc(-c2cccnc2)c(C#N)c(SCC#N)n1,0
COc1ccccc1-n1cnc(N)c1C(C)=O,0
COc1ccccc1-c1cc(C(=O)Nc2cc(C)n(Cc3ccc(Cl)cc3)n2)no1,0
CC(C)n1nnnc1SCC(=O)NCc1cccs1,0
Cc1ccc(NC(=O)c2ccco2)cc1NC(=O)CSc1nnc(-c2cccs2)n1C,0
COC(=O)CSc1nnc2c3c4c(sc3nc(-n3nc(C)cc3C)n12)COC(C)(C)C4,0
CCOc1cccc(NC(=O)CSc2nncn2N)c1,0
COCC(=O)Nc1nnc(-c2cccs2)s1,0
Cc1cccc(NC(=O)c2c(C)nc3ccccn23)n1,0
NS(=O)(=O)c1ccc(NC(=O)CCc2ccccc2)cc1,0
CC(=O)Nc1cc2c(cc1NC(=O)c1cnccn1)OCCO2,0
Cc1[nH]c(N2CCc3ccccc3C2)nc(=O)c1CCC(C)C,0
Cc1ccc(Cn2c(CN3CCOCC3)nc3c2c(=O)[nH]c(=O)n3C)cc1,0
COc1cccc(C(=O)Nc2nnc(C(C)C)s2)c1,0
COCCN(CCOC)S(=O)(=O)c1ccc(C(=O)Nc2nc(-c3ccncc3)cs2)cc1,0
Cc1ccc(C(=O)NCc2nnc(SCC(=O)Nc3sc4c(c3C#N)CCCC4)n2C)cc1,0
Cc1ccc(Nc2ncc3c(n2)CC(c2ccco2)CC3=O)c(C)c1,0
Cc1ccc(NC(=O)CCN2C(=O)c3ccncc3C2=O)cc1,0
COc1ccc(-c2nnc3sc(CCN4C(=O)c5ccccc5C4=O)nn23)cc1,0
CCN1CCCC1CNC(=O)Cn1cnc2ccc(S(=O)(=O)N3CCC(C)CC3)cc2c1=O,0
O=C(OCC(=O)N1CCN(c2ccccc2)CC1)c1ccco1,0
CC(=O)N1CC=C2C(C#N)=C(N)C(C#N)(C#N)C(CCc3ccccc3)C2C1,0
Cc1ccc(NC(=O)Cn2nnc(C(=O)Nc3ccc(C)c(C)c3)c2N)cc1,0
CCOC(=O)C1CCN(C(c2cccs2)c2sc3nc(C)nn3c2O)CC1,0
CCc1c(C)sc(NC(=O)c2cc(-c3ccco3)on2)c1C#N,0
CCOC(=O)c1cc(-c2nnc(-c3ccc(Oc4ccccc4)cc3)o2)c(C)nc1C,0
Cc1cc(NC(=O)c2cc(-c3cccs3)nc3ccccc23)no1,0
COCc1nnc(NC(=O)c2sc3ccccc3c2Cl)s1,0
O=c1oc2c(CN3CCOCC3)c(O)ccc2c2c1CCC2,0
COc1cccc(-c2nnc(NC(=O)Cc3cccs3)s2)c1,0
Cc1c(C(=O)N2CCN(C)CC2)oc2c1C(=O)CC(C)(C)C2,0
CCOc1ccccc1C(=O)Nn1c(C2CCC2)nc2ccccc2c1=O,0
CC(C)(C)c1ccc(S(=O)(=O)NCCc2ccncc2)cc1,0
Cc1cc(C)c2c(n1)nn1c(NCCCN3CCOCC3)cc(C)nc21,0
Cn1cc(S(=O)(=O)CC(=O)N2CCCc3ccccc32)c2ccccc21,0
Cc1ncc(CO)c2cc(C(N)=O)/c(=N/c3ccccc3)oc12,0
Nn1c(SCC(=O)Nc2ccc(F)cc2)nnc1-c1ccccn1,0
Cc1cc(=O)n2nc(N3CCCC3C(=O)NCc3ccccn3)sc2n1,0
Cc1ccc(N2CC(C(=O)Nc3nnc(C)s3)CC2=O)cc1,0
CCn1c2ccccc2c2cc(C3C(C#N)=C(N)Oc4n[nH]c(COC)c43)ccc21,0
Cc1nc2ccccc2c(=O)n1/N=C/c1ccc(N(C)C)cc1,0
COc1ccc(-c2noc(CCC(=O)Nc3nc4ccccc4s3)n2)cc1,0
Cc1cc(C)n(-c2nc3c(c(=O)[nH]c(=O)n3C)n2CC(O)COc2ccccc2)n1,0
N#Cc1cc2c(nc1SCc1cccnc1)CCCC2,0
Clc1cccc2sc(N3CCOCC3)nc12,0
O=C(NCC1CC1)C1CCCN(S(=O)(=O)c2ccc(-n3cnnn3)cc2)C1,0
CC(C)(C#N)Nn1cnnc1,0
CC1CCCC(NC(=O)Cn2cc3c(n2)CCCCC3)C1C,0
CCn1c(SCC(=O)NC)nnc1C(C)C,0
CCOc1ccc(Cl)cc1/C=N/O,0
CCOC(=O)c1cnn(-c2nc(CC)nc3sc4c(c23)CCC4)c1N,0
COc1ccc(NC(=O)CSc2nnc(Cn3c(=O)sc4ccccc43)n2C)cc1,0
CC1=C(C)CC(C(=O)Nc2cccc(Cl)c2)C(C(=O)O)C1,0
Cc1cc(Nc2ccc(F)c(Cl)c2)n2ncnc2n1,0
Cc1nc2cc(-n3ccc(=O)cc3)ccc2n1-c1ccccc1,0
O=C(COc1ncnc2ccccc12)N1CCN(S(=O)(=O)c2ccccc2)CC1,0
c1ccc(-c2nnc(-c3ccco3)n2-c2ccccc2)cc1,0
COC(=O)c1c(NC(=O)c2nn(C)cc2Cl)sc2c1CCCC2,0
Cc1ccc(CNc2ccc(N3CCOCC3)cc2)s1,0
CC(C)(C)N1C(=O)c2ccc(C(=O)NCc3ccco3)cc2C1=O,0
O=C(CSc1nc2ccccc2[nH]1)c1cccs1,0
COc1ccc(CNc2nc3nc(C)c(Cl)c(=O)n3[nH]2)cc1OC,0
O=C(CN1C(=O)c2ccccc2S1(=O)=O)c1ccccc1,0
CCCCc1c(O)n(-c2ccccc2)c(SCCN(C)C)nc1=O,0
CC1CCCCC1NC(=O)CSc1nnc(COc2ccccc2Cl)o1,0
Cn1c(SCc2nc(-c3ccc(Cl)cc3)no2)nnc1-c1ccco1,0
Cc1nc(CSc2nc3[nH]ncc3c(=O)n2-c2ccccc2)cs1,0
COc1ccc(CCNC(=O)CC2Nc3ccccc3NC2=O)cc1,0
Cc1ccc(-c2nnc(SCC(=O)Nc3nc4c(s3)CCCC4)n2C)cc1,0
CCN(CC)c1ccc(NC(=O)CSc2nnc(N)s2)cc1C,0
CCCCC(=O)Nc1sc2c(c1C(N)=O)CCC2,0
CCn1ncc2c(OCc3ccc(C#N)cc3)cc(C)nc21,0
CCn1c(C)c(C(C)=O)c(N2CCCC2)nc1=S,0
COc1cccc(NC(=O)CSc2nnc(-c3cc(C)n(-c4ccccc4)c3C)o2)c1,0
c1ccc2oc(SCc3cn4ccccc4n3)nc2c1,0
C=CCn1c(SCC(=O)Nc2cc(C)c(Cl)cc2OC)nnc1-c1ccco1,0
O=C(Nc1ccc2c(c1)OCCO2)C1CCCN(S(=O)(=O)c2cnc[nH]2)C1,0
CCOC(=O)CNC(=O)CSc1nc2cccnc2n1Cc1ccccc1,0
Cc1cc(-c2ccc(N3C(=O)CCC3=O)c(C)c2)ccc1N1C(=O)CCC1=O,0
CCOC(=O)CNc1c(-c2ccc(Cl)cc2)nc2cnccn12,0
COCc1cc(C)nc(SCC(=O)N2CCC(C)CC2)c1C#N,0
Cc1nn(Cc2ccccc2)c(C)c1NC(=O)CSc1nc2sc3c(c2c(=O)n1C)CCC3,0
CC(C)NC(=O)C1CC(=O)N(c2ccc(F)c(Cl)c2)C1,0
Clc1ccccc1CSc1nnc(-c2ccco2)c(-c2ccco2)n1,0
Cn1c(=O)c2c(nc(SCc3ccccn3)n2C)n(C)c1=O,0
Cc1ccccc1N(C)S(=O)(=O)c1ccc2[nH]cc(C(=O)NCC3CCCO3)c(=O)c2c1,0
CCN(Cc1nc(=O)c2ccccc2[nH]1)Cc1nc(=O)c2cc(OC)c(OC)cc2[nH]1,0
COc1ccccc1NC(=O)Cn1cnc2c1c(=O)n(C)c(=O)n2C,0
CC(C)(C)NC(=O)C(c1ccccc1)N(C(=O)c1csnn1)C1CC1,0
Cc1cc(NC(=O)CSc2nc(C(C)C)nc3sc(C)c(C)c23)no1,0
N#Cc1c(N)[nH]c(=S)c(C#N)c1-c1ccccc1,0
CCOc1ccccc1C(=O)NC1CC2CCCC(C1)N2Cc1nnnn1Cc1ccco1,0
COc1ccc(-c2cc(C(F)(F)F)nc(SCC(N)=O)n2)cc1,0
COc1ccc(N2CCN(C(=O)c3ccc4c(c3)OCO4)CC2)cc1,0
CCCOc1ccc(Cn2c(O)cc(=O)[nH]c2=O)cc1,0
COc1ccccc1N1CCN(C(=O)CN(c2ccc3c(c2)OCCO3)S(C)(=O)=O)CC1,0
CCOc1ccccc1NC(=O)CC1NCCNC1=O,0
CNC(=O)c1c[nH]n2c(=O)c(Cc3ccccc3F)c(C)nc12,0
Cn1c(C(C#N)C(=O)c2sc3ccccc3c2Cl)nc2ccccc21,0
O=c1c2ccccc2nc(-c2ccco2)n1-c1ccncc1,0
CC(C)c1nc(N2CCCC2)c(C#N)c2c1CCCC2,0
Cc1sc(NC(=O)CSc2nnc(-c3ccc(F)cc3)o2)c(C#N)c1C,0
Cc1cc(C)n(-c2cc(-n3nc(C)cc3C)ncn2)n1,0
CCOC(=O)c1cnn(-c2nc(C)nc3sc4c(c23)CCC4)c1N,0
CCn1c(SCC(=O)N2CCCC2)nnc1-c1ccc(S(=O)(=O)N2CCCCCC2)cc1,0
O=C(CSc1nnnn1Cc1ccccc1)Nc1ccc2c(c1)OCCO2,0
CC(C)CCNC(=O)NC(=O)CSc1nnc(-c2ccccc2F)n1N,0
COC(=O)C(C)Sc1nc2c(c(=O)[nH]c(=O)n2C)n1CCCc1ccccc1,0
Cc1ccccc1CSc1nncn1N,0
O=C1CC(N2CCC(c3nc4ccccc4o3)CC2)C(=O)N1c1ccc(Cl)cc1,0
O=C(c1noc2c1CCCCC2)N1CCOCC1,0
Cc1ccccc1Nc1cc2ccccc2c(=O)[nH]1,0
CCN(CC)S(=O)(=O)c1ccc2oc(C(=O)NC(C)C)c(C)c2c1,0
O=C(Nc1ccc2nc(-c3cccs3)[nH]c2c1)c1ccco1,0
CC1CCc2nc(N)c(C#N)c(-c3cccn3C)c2C1,0
Cc1ccnc(NC(=O)c2cc(S(=O)(=O)N3CCCCC3)ccc2Cl)c1,0
O=C(c1ccccc1F)N1CCN(S(=O)(=O)c2ccc3c(c2)OCCO3)CC1,0
CCOC(=O)CSc1nnc(CNC(=O)c2cccs2)n1CCc1ccccc1,0
CCN1CCCC1Cn1cnc2c([nH]c3cccc(Cl)c32)c1=O,0
COc1ccc(C(=O)CSc2nccc(=O)[nH]2)cc1,0
CCC1(C)Cc2c(c(=O)n(-c3ccccc3)c3ncnc(N)c23)CO1,0
COc1ccc(CCNC(=O)c2cc(-c3cccs3)on2)cc1OC,0
Cc1ccc2c(c1)cc(C)c1nnc(SCC(=O)NCc3ccco3)n12,0
CC(=O)Cc1nsc(NC(=O)c2csc3c2CCCC3)n1,0
c1ccc(CN2CCN(c3nc(-c4ccccn4)nc4ccccc34)CC2)cc1,0
CCc1c(O)nc(SCC(=O)Nc2ccccc2OC)[nH]c1=O,0
Cn1cnnc1SCC(=O)c1c[nH]c2ccccc12,0
CCC(=O)Nc1cccc(-c2nnc(SCC(=O)c3ccccc3)n2C)c1,0
Cc1noc(C)c1CSc1nnc2ccc3ccccc3n12,0
Nc1cc(OC(=O)c2cccs2)nn1S(=O)(=O)c1ccccc1,0
CCOC(=O)c1c(C)n(O)c2ccc(Cl)cc2c1=O,0
CCOC(=O)c1c[nH]c2c3c(ccc2c1=O)CCCC3,0
CC(=O)c1c(C)[nH]c(C(=O)NCCc2ccccc2)c1C,0
CC(C)(C)n1ncc2c(=O)n(CC(=O)OCc3ccccc3)cnc21,0
Cn1nnc2cc(C(=O)N3CCC(c4ccccc4)C3)ccc21,0
COC(=O)c1sc(NC(=O)COc2ccccc2OC)nc1C,0
Nc1nc2n(c1C(=O)c1ccccc1)CCC2,0
Cc1sc(NC(=O)c2ccco2)c(CN2CCCCC2)c1C,0
Cc1cc(C)n2nc(NCc3ccccc3)nc2n1,0
CCCn1c(SCC(=O)c2ccc3c(c2)OCCO3)nnc1C(C)C,0
O=C(Nc1ccc(S(=O)(=O)N2CCc3ccccc32)cc1)c1ccco1,0
COc1ccccc1CC(=O)Nc1ccc(OC)c(OC)c1,0
c1cc(-n2cnnn2)ccc1NC1=NCCC1,0
CCN1CCN(CC(=O)n2c3c(c4ccccc42)CC(C)CC3)CC1,0
O=C(Nc1c(C(=O)N2CCCCC2)cnn1-c1ccccc1)c1ccccc1,0
Cn1c(=O)c2cn(-c3cccc4ccccc34)cc2n(C)c1=O,0
Cc1cccc(NC2=NC3(CCCCC3)N=C(N)N2)c1,0
Cc1noc(C)c1COc1ccc(C(=O)NCc2ccccn2)cc1,0
Cc1ccc(-c2nnn(CCC(=O)Nc3ccc4c(c3)OCO4)n2)cc1,0
Cn1c(SCC(=O)Nc2ccc3cn[nH]c3c2)nnc1-c1cnccn1,0
COc1ccc(OCC(=O)N2CCN(c3nnc(-c4ccccc4)c4ccccc34)CC2)cc1,0
C=CCNC(=O)c1ccc2c(c1)nnn2C,0
COc1ccc(OC)c(/C=N/c2oc(-c3ccco3)c(-c3ccco3)c2C#N)c1,0
Cn1cccc1CNC(=O)Nc1ccc(Cl)c(Cl)c1,0
Cc1cccc(-n2ccnc2SCC(=O)Nc2ccc3c(c2)OCCO3)c1,0
CCOc1ccc(-n2c(=O)c3c4c(sc3n(CC(=O)NCc3ccco3)c2=O)CCC4)cc1,0
O=C(Nc1ccon1)c1cccc(S(=O)(=O)N2CCCC2)c1,0
CCOC(=O)c1[nH]c(C)c(C(=O)OCC)c1C,0
Cc1cccc2cc(CN(Cc3ccco3)C(=O)NC3CCCCC3)c(=O)[nH]c12,0
O=C(COn1nnc2ccccc21)NCC1CCCCC1,0
Cc1ccccc1NC(=O)C1CCN(c2cnccn2)CC1,0
Cc1cc(NC(=O)c2sccc2C)n(-c2cccc(Cl)c2)n1,0
C=CCN1C(=O)C(CC(=O)NCC)S/C1=N\c1ccc(S(N)(=O)=O)cc1,0
CCN(CCNC(=O)C1CCN(S(=O)(=O)CC)CC1)c1ccccc1,0
Cc1ccc2cc(C#N)c(SCC(=O)NCC3CCCO3)nc2c1,0
Cc1ccc(Cn2ccc(NC(=O)c3cc(-c4ccccc4)on3)n2)cc1,0
CC(C)c1ccc(NC(=O)CSc2nnc(-c3ccccn3)n2C)cc1,0
Nn1c(Cc2ccccc2F)nnc1SCn1nnc2ccccc2c1=O,0
CC(CSc1nc2ccccc2s1)Cn1c(N2CCCC2)nc2c1c(=O)[nH]c(=O)n2C,0
CCCCCCC1/C(=N/O)CCC1C(=O)OC,0
N=c1c(C(=O)NCc2ccco2)cc2c(=O)n3ccccc3nc2n1Cc1ccccc1,0
Fc1ccc(F)c(CN2CCN(c3ncccn3)CC2)c1,0
COc1ccc(C)cc1NC(=O)CSc1nnc(-c2ccc(C)cc2)o1,0
C=CCOC(=O)C1=C(C)N=C2N=NNN2C1c1cc(OC)ccc1OC,0
CCc1nnc(NC(=O)c2ccc(S(=O)(=O)N3CCN(Cc4ccccc4)CC3)cc2)s1,0
CCOC(=O)Cc1nnc(NC(=O)c2ncn[nH]2)s1,0
COCCN(CCOC)Cc1cc(=O)oc2cc3c(cc12)CCC3,0
O=C(COc1ccccc1)Nc1ncc2c(n1)CCCC2=O,0
O=C(O)CCCCCNc1nc(=O)c2c(ncn2Cc2ccccc2)[nH]1,0
Cc1nc2sc(C(c3ccc(Cl)cc3)N3CCN(c4ccccc4F)CC3)c(O)n2n1,0
COc1ccc(-c2nc3ccccc3c(=O)n2CCCn2ccnc2)cc1,0
Clc1ccccc1COc1ccccc1-c1nnco1,0
c1ccc(-c2cnn3nnnc3n2)cc1,0
COC(=O)CSc1ncnc2c1cnn2Cc1ccccc1,0
Clc1ccc(-c2nn3c(C4COc5ccccc5O4)nnc3s2)cc1,0
Cc1onc(-c2ccccc2)c1C(=O)Nc1nnc(COc2ccc(Cl)cc2)s1,0
CCN(CC)C(=O)CSc1nnc(-c2ccccn2)n1-c1ccc(C)c(C)c1,0
CCCC(=O)c1cc(-c2nc3ccccc3n2C)n(C)c1,0
Cc1cc(C)nc(Sc2c(C)nn(-c3ccccc3)c2C)n1,0
COc1ccccc1Nc1nc(N)nc(CN2CCCCCC2)n1,0
CC(=O)c1cc(C(=O)Nc2ccccc2C(=O)O)oc1C,0
CCO/C(C)=N/n1c2nc3ccccc3nc2c2c(=O)n(C3CCCC3)c(C)nc21,0
Cc1cc(C)nc(Nc2n[nH]c(COc3ccccc3)n2)n1,0
Cc1ncoc1C(=O)Nc1ccccc1C(N)=O,0
Cc1ccc(OCCSc2nnc(-c3ccncc3)n2C)cc1,0
Cc1ccc(C(=O)C2=C(O)C(=O)N(CCCN(C)C)C23C(=O)N(C)c2ccccc23)o1,0
CCOC(=O)C1C(=O)N=C2Nc3ccccc3N2C1C(C)C,0
Cc1cc2ncn(/N=C/c3cccnc3)c2cc1C,0
COC(=O)C(C(=O)Nc1ccc(OC)cc1)C1CCCCCC1,0
COc1ccc(NC(=O)CSc2nnc(-c3ccoc3C)n2CCc2ccccc2)cc1,0
O=C(CC(=O)NCc1cccnc1)NCc1cccnc1,0
CCOCCCNC(=O)Cn1ncc2c(=O)oc3ccccc3c21,0
O=C(Nc1ccccc1N1CCCCC1)c1cccs1,0
COc1nc(C)ccc1-c1noc(-c2ccncc2)n1,0
Cc1sc(NC(=O)c2oc3ccccc3c2C)c(C#N)c1C,0
O=C(NC1=NCCS1)c1cccc(S(=O)(=O)N2CCCCC2)c1,0
COc1cc2c(cc1OC)-c1cc(NC3CCCCC3)nc(=O)n1CC2,0
COc1ccc(C)cc1NC(=O)c1ccc(NC(=O)CC2SC(N3CCCC3)=NC2=O)cc1,0
CCn1c(CNC(=O)c2ccc(OC)c(OC)c2)nnc1SCC(=O)Nc1ccccc1,0
Cc1cc(NC(=O)CSc2nc(=O)c(C#N)c(-c3ccccc3)[nH]2)no1,0
COc1ccccc1Nc1ccc(C(=O)NC2CCCCC2)cn1,0
O=C(c1cc2ccccc2o1)N1CCN=C1SCc1cccnc1,0
Cc1ccc(OCc2nnc(SCC(=O)CC(=O)Nc3ccccc3)o2)cc1,0
Cn1c(C(=O)OCC(=O)NCc2ccco2)cc2sccc21,0
Cc1noc(C)c1C(=O)OCC(=O)NCCc1ccc(Cl)cc1,0
Cc1cccc(N2CCN(S(=O)(=O)c3cnc[nH]3)CC2)c1C,0
COC(=O)C1=CNC=C(C(=O)OC)C1c1ccc(Cl)cc1,0
Cc1cccc(-c2nsc(SCC(=O)Nc3cc(C)on3)n2)c1,0
COC(=O)c1ccc(Nc2ncnc3c2cnn3-c2cccc(C)c2)cc1,0
CC1(C)CC(=O)C=C(NC2CCS(=O)(=O)C2)C1,0
Cc1ccccc1-n1nnnc1SCC(N)=O,0
Cc1onc(-c2ccccc2Cl)c1C(=O)Nc1sc2c(c1C#N)CCC2,0
CCNC(=O)CCCOc1ccc(Cl)cc1Cl,0
CCCS(=O)(=O)N1CCC(C(=O)NCCCOCC)CC1,0
CCOC(=O)c1cccc(NC(=O)CN2CCN(c3ccc(OC)cc3)CC2)c1,0
CCCn1c(SCC(=O)c2ccc3c(c2)OCCO3)nnc1-c1ccco1,0
O=C(CN1C(=O)NC2(CCCc3ccccc32)C1=O)N1CCc2ccccc2C1,0
O=C(c1ccccc1)c1nc[nH]c1C(=O)Nc1ccccc1,0
CC(C)CCn1cnc2c([nH]c3cccc(Cl)c32)c1=O,0
CC(C)Cc1nc(SCC(=O)NCc2ccccc2)n[nH]1,0
COC1=CC(=O)/C(=C2\NNC=C2Oc2ccccc2OC)C=C1,0
O=C1NC(c2ccccc2Cl)Nc2ccccc21,0
O=C1CCC(=O)N1CN(C(=O)c1ccco1)c1ccccc1,0
COc1ccccc1N1CCN(CCCNC(=O)Nc2ccccc2)CC1,0
O=C1c2ccccc2C(=O)N1CCSc1nncs1,0
CCn1c(CCCNC(=O)c2cccs2)nc2ccccc21,0
COC(=O)CC1Oc2ccc(C)cc2NC1=O,0
COc1ccc(S(=O)(=O)Nc2cc(C)c(O)cc2C(C)C)cc1,0
COc1ccccc1N1CCN(C(=O)C(C)N(c2ccc(C)cc2)S(C)(=O)=O)CC1,0
CCCn1nnnc1SCC(=O)NCc1ccc(OC)cc1,0
O=C(c1cc(-c2cccs2)on1)N1CCc2ccccc2C1,0
Cc1cc(NC(=O)CNC(=O)C2CCCCC2)no1,0
O=C(O)CSc1nnc(C2CC2)n1-c1ccccc1,0
CCOC(=O)c1c(C)[nH]c(C(=O)OCC(=O)Nc2cc(C)ccc2OC)c1C,0
O=C1CCc2cc(S(=O)(=O)N3CCN(c4cccc(Cl)c4)CC3)ccc2N1,0
Cc1nonc1NC(=O)CSc1nnc(-c2ccoc2C)n1C,0
COc1cc(OC)c(C2=NOC(C(=O)Nc3cc(C)nn3-c3ccccc3)C2)cc1Cl,0
Cn1c(=O)n(CCc2ccccc2)c(=O)c2c1nc1n2CCN1Cc1ccco1,0
O=C(CCCSc1nc2ccccc2[nH]1)NCc1ccco1,0
COc1cc(OC)nc(NC(=O)CSc2nnc(-c3ccccc3)n2C2CCCCC2)n1,0
Cc1cc(NC(=O)Cc2ccccc2)no1,0
Cc1[nH]n2c(=O)c3c(nc2c1-c1ccc(Cl)cc1)CCC3,0
Cc1ccc(C)c(/C(O)=C2\C(=O)C(=O)N(CCCN3CCOCC3)C2c2cccnc2)c1,0
Cc1cc(C)c(S(=O)(=O)N(C)CC(N)=O)c(C)c1,0
C=CCn1c(SCC(=O)Nc2ccc3c(c2)OCCO3)nnc1-c1ccco1,0
Cc1ccccc1-c1nc(CS(=O)(=O)CC(=O)NCCN2CCOCC2)c(C)o1,0
NC(=O)c1ccc(-n2nnnc2Oc2ccccc2C(=O)N2CCOCC2)cc1,0
CCN1CCN(c2nc3sc4c(c3c3ncnn23)CC(C)CC4)CC1,0
Cn1c(=O)c(=O)n(C)c2cc(S(=O)(=O)N3CCCCCC3)ccc21,0
Cc1cc(Nc2ccc(F)cc2)n2nc(C)nc2n1,0
Cc1nc2c(-c3ccccc3)c(C)[nH]n2c(=O)c1Cl,0
c1ccc2ncc(-n3cnnn3)cc2c1,0
CCc1c(C)nc(N)n2c(SCC(=O)N3CCN(c4ccccc4F)CC3)nnc12,0
Cc1ccc(NC(=O)CSc2nnc(-c3ccncc3)n2N)cc1C,0
Cc1ccc(C)c(N2CCN(C(=O)c3ccc(NS(=O)(=O)c4c(C)noc4C)cc3)CC2)c1,0
CC1CCCCN1CCn1c(=S)[nH]c2ncccc2c1=O,0
CN(C)S(=O)(=O)c1ccc2c(c1)c(=O)c(C(=O)N1CCOCC1)cn2C,0
Oc1ccc(-c2csc(NCc3ccco3)n2)cc1,0
Cc1cc(N2CCN(c3ccccc3)CC2)n2c(n1)nc1ccccc12,0
O=C1CCCc2nc(N3CCCCC3)sc21,0
Nn1c(=O)c2ccccc2n2c(SCc3ccccc3)nnc12,0
O=C(c1n[nH]c(=O)c2ccccc12)N1CCOCC1,0
COc1ccc(CCCc2nnc(SCC(=O)Nc3nc(C)cs3)n2C)cc1,0
Cc1ccc(N(CC(=O)NC2CCCC2)C(=O)CCCC(=O)Nc2ccccn2)cc1C,0
Cc1ccc(-n2nc(C)c3c2OC(N)=C(C#N)C3c2ccco2)cc1,0
Cc1c(N(C)C(=O)C2CCCN2S(=O)(=O)c2ccccc2)c(=O)n(-c2ccccc2)n1C,0
Oc1cccc(/C=N/c2c(-c3ccco3)nc3ccccn23)c1,0
CCn1c(SCC(=O)Nc2nc3ccc(OC)cc3s2)nnc1-c1ccoc1C,0
O=C(Cc1ccc(S(=O)(=O)N2CCOCC2)s1)Nc1ccc2c(c1)CCC2,0
CC(C)C1C(C#N)=C(N)Oc2n[nH]c(-c3ccccc3)c21,0
c1csc(-c2ccc3ccccc3n2)c1,0
Cc1cc(C)n(-c2nc(=O)cc(C)[nH]2)n1,0
Cc1ccccc1-c1nc2ccccc2c(=O)n1C1CCS(=O)(=O)C1,0
CC(=O)N(CC1CCCO1)c1nnc(-c2ccccn2)s1,0
COc1ccc(NC(=O)CCNC(=O)Cn2cnc3ccccc3c2=O)c(OC)c1,0
CCOC(=O)N1CCN(C(c2ccc(Cl)cc2)c2sc3nc(C)nn3c2O)CC1,0
CC(=O)Nc1cc2c(=O)n(Cc3ccccc3)c(C)nc2cc1N1CCOCC1,0
N#Cc1nc(-c2cccs2)oc1NCc1ccccc1Cl,0
NC(=O)c1c(NC(=O)C2CCCO2)sc2c1CCC2,0
Nc1[nH]nc2nc(N3CCOCC3)nc(-c3ccccc3)c12,0
COc1cc(OC)c(C2C(C#N)=C(N)OC3=C2C(=O)CC(C)C3)cc1OC,0
COCCN1CN=C(Nc2nc3ccccc3s2)NC1,0
COc1ccc(C/C(N)=N/n2cnnc2)cc1Cl,0
COc1ccc(-c2cc(C(=O)Nc3c(C)nn(Cc4ccccc4Cl)c3C)no2)cc1OC,0
COc1cc2[nH]c(NC(=O)c3ccccc3)nc(=O)c2cc1OC,0
CCOc1ccc(Nc2cc(C)nc3nc(C)nn23)cc1,0
Cc1occc1C(=O)Nc1ccc(S(=O)(=O)N2CCN(C)CC2)cc1,0
Cc1c(NC(=O)N2CCCCCC2)c(=O)n(-c2ccccc2)n1C,0
CC1Cc2ccccc2N1c1ncnc2c1nnn2Cc1ccccc1,0
COc1ccc(-c2nnc(SCC(=O)NC(C)c3ccccc3)o2)cc1OC,0
CCOc1ccc(CCNC(=O)Cc2nn[nH]n2)cc1OCC,0
CC/N=C1\SC(C(=O)Nc2cccc(C(=O)O)c2)CC(=O)N1CC,0
Cc1ccc(-c2nnc3c4ccccc4c(C)nn23)cc1S(=O)(=O)N1CCN(C)CC1,0
Cc1ccc(C)n1-n1cnc2sc(-c3ccccc3)cc2c1=O,0
CN(C)CCCN1C(=O)C(O)=C(C(=O)c2cccs2)C1c1ccccn1,0
CC(C)OC(=O)CSc1n[nH]c(-c2cccnc2)n1,0
COc1ccc(CN(CCCN2CCOCC2)S(=O)(=O)N(C)C)cc1OC,0
COc1ccccc1-n1c(O)cc(=O)nc1SCC(=O)NC(C)(C)C,0
CC1(C)Cc2c(C#N)c(NCc3ccco3)nc(-c3ccco3)c2CO1,0
CCCCNc1ncnc2c1cnn2-c1ccc(Cl)cc1,0
CCCSc1nc2n(-c3ccc(C)cc3)[nH]cc-2c(=O)n1,0
Cc1nc2ccccc2c(=O)n1C1CCCCCC1,0
CC12CCC(C(=O)Nc3cccnc3)(CC1=O)C2(C)C,0
CSc1nnc2c(n1)OC(c1ccc(C(=O)O)cc1)N(C(C)=O)c1ccccc1-2,0
Cc1nn(Cc2ccccc2Cl)c2sc(C(=O)OC3CCCC3=O)cc12,0
CCCSc1nc2c(c(=O)[nH]c(=O)n2C)n1CCc1ccccc1,0
CCC1(c2cccc(Cl)c2)NC(=O)N(Cc2cc(C(=O)OC)c(C)o2)C1=O,0
O=C(Cc1cc(=O)[nH]c(=O)[nH]1)N1CCC(Cc2ccccc2)CC1,0
CN1C(=O)CSc2ccc(NC(=O)NCc3cccnc3)cc21,0
O=c1nc(CN2CCN(Cc3ccc4c(c3)OCO4)CC2)[nH]c2ccccc12,0
CC(C)OC(=O)CSc1nnc(-c2cnccn2)n1Cc1ccco1,0
CC(Sc1nnc(-c2ccc(Cl)cc2)n1C)C(N)=O,0
O=C(CSc1nnc(COc2ccccc2)n1-c1ccccc1)c1cccs1,0
COC(=O)NCC(c1cccnc1)N1CCN(c2ccccc2)CC1,0
Cc1c(C(=O)Nc2ccc(Cl)cn2)oc2ccccc12,0
CN(C(=O)c1cccnc1)c1nnc(-c2ccccn2)s1,0
CC1CCC(NC(=O)CN2C(=O)C3CCCN3c3ncc(Cl)cc32)CC1,0
CCOC(=O)N1CCC(N(CCOC)C(=O)Nc2ccc(Cl)cc2)CC1,0
CC(Oc1ccccc1)C(=O)NCc1cccnc1,0
Clc1ccccc1CNc1ncnc2nc[nH]c12,0
O=C(CCSc1ccc(Cl)cc1)N1CCN(c2ncccn2)CC1,0
Cc1cc(C(=O)Nc2cccnc2)cs1,0
O=C(O)c1ccc(-n2nnnc2SCc2ccccc2F)cc1,0
Cc1cccc(N(CC(=O)NC2CCCC2)C(=O)CS(=O)CC(=O)Nc2ccc3c(c2)OCO3)c1,0
COc1ccc(-c2nc3scc(-c4ccccc4)n3n2)cc1,0
O=C(NCC1CCCO1)C1CC(=O)N(c2ccc(F)c(Cl)c2)C1,0
COc1ccc(-c2ccc(SCC(=O)N3CCOCC3)nn2)cc1,0
Cc1ccc(C)c(NS(=O)(=O)c2c(C)nn(C)c2C)c1,0
O=C(NCc1ccccc1)c1cccnc1N1CCOCC1,0
CCOc1ccc(C2CC(=O)NC3=C2C(=O)CCC3)cc1Cl,0
CCOCCCNC(=O)c1c(-c2ccccc2)noc1C,0
COc1ccc(OC)c(C2=NOC(C(=O)NCC3CCCO3)C2)c1,0
CCOC(=O)CSc1ncnc2c1cnn2-c1ccccc1,0
O=C(COc1ccc(-n2cnnn2)cc1)NC(=O)NCc1ccccc1,0
CCOC(=O)c1nnn(CC(=O)Nc2ccc(C)c(F)c2)c1C(=O)OCC,0
COCCn1c(C)cc(C(=O)CSc2nc(=O)c3ccccc3[nH]2)c1C,0
Cc1ccc2c(c1)c1ncnc(N3CCC4(CC3)OCCO4)c1n2C,0
Cc1onc(-c2ccccc2Cl)c1C(=O)NCCCN1CCOCC1,0
N#Cc1cccc(-c2nnc(SCc3ccccc3C#N)o2)c1,0
O=c1nc(Nc2nc3ccccc3o2)[nH]c2c1CCCC2,0
Cc1ccc(C(N)=S)c(C)c1,0
O=C(NCc1ccco1)c1cccc(S(=O)(=O)N2CCOCC2)c1,0
COc1ccc2cc(C)c(SCC(=O)Nc3cc(C)on3)nc2c1,0
O=C(CCCn1c(=O)[nH]c2cc(Cl)ccc2c1=O)NCCCN1CCCC1,0
Cc1cc(C)nc(NC(=O)c2cccc(Cl)c2)n1,0
N#C/C(C(=O)c1ccco1)=C1\C=CC=CN1,0
Cc1sc(NC(=O)C2CCCO2)c(C#N)c1C,0
COc1cccc(-c2nc(=S)c3c(n2CCCO)CCCC3)c1,0
COC(=O)c1cc(Cc2ccc(N)c(C(=O)OC)c2)ccc1N,0
Cc1ccc(SCc2nc(-c3ccccc3)no2)cc1,0
O=C(CCS(=O)(=O)c1cccc2nonc12)Nc1cccc2c1CCCC2,0
CCCc1cc(=O)nc(SCC(=O)N2CCN(S(=O)(=O)c3ccc(C)cc3)C2)[nH]1,0
CCCNc1nc2c(c(=O)n(C)c(=O)n2C)n1Cc1cccc(C)c1,0
COc1ccc(CNC(=O)CSc2nnnn2-c2ccccc2)cc1,0
CCOC(=O)c1cc(-c2ccco2)nc2c1c(C)nn2-c1ccccc1,0
c1ccc(CCn2nnnc2CN2CCC(n3nnc4ccccc43)CC2)cc1,0
c1cc2c3c(cccc3c1)C(N1CCCCC1)=N2,0
CSc1nnc2c3c4c(sc3c(=O)n(-c3ccccc3)n12)CC(C)(C)OC4,0
CCn1c(SCC(=O)Nc2nc(C)c(C)s2)nnc1-c1cccnc1,0
CS(=O)(=O)N1CCC(C(=O)NCC2CCCO2)CC1,0
COc1ccc(-c2nnn(CC(=O)Nc3sc4c(c3C#N)CCCC4)n2)cc1,0
Cn1c(=O)c2ncn(CC(=O)NCCC3=CCCCC3)c2n(C)c1=O,0
Cc1cc(NC(=O)C(C)(C)C)no1,0
Cc1ccc(C)n1-c1ncn[nH]1,0
Cc1ccc(CCN2C(=O)CCC2(C)C(=O)NC2CCCC2)cc1,0
Cc1cc(C)nc(SCC(=O)NCc2ccco2)n1,0
CN1C=CC=C/C1=C(\C#N)c1nc2ccccc2[nH]1,0
Cn1c(/C(C#N)=C/C2CC=CCC2)nc2ccccc21,0
Cc1cc(NC(=O)C2CC2)ncc1NC(=O)C12CC3CC(CC(C3)C1)C2,0
Cn1c(=O)c(C(=O)CN2CCCc3ccccc32)c(N)n(Cc2ccccc2)c1=O,0
CC(C)NC(=O)CSc1nc2ccccc2c(=O)n1CCCOC(C)C,0
CCN(C(=O)COc1cc(=O)n(C)c2ccccc12)c1cccc(Cl)c1,0
Cn1c(NC(=O)CC2CCCCC2)cc(=O)n(C)c1=O,0
CCCCn1c(N)c(N(CCC(C)C)C(=O)COC(=O)c2ccco2)c(=O)[nH]c1=O,0
C/C=C/c1ccc(Oc2nnnn2-c2ccc(C(N)=O)cc2)c(OC)c1,0
COc1ccccc1CNC(=O)C1CCCN1S(=O)(=O)c1cccc2cccnc12,0
COC1=CC=C/C(=C2\N=C(NCc3ccco3)c3ccccc3N2)C1=O,0
c1cc(-c2nnc(-c3ccncc3)o2)ccn1,0
O=c1c2cc(Cl)ccc2[nH]c(=S)n1Cc1ccco1,0
Cc1ccc(S(=O)(=O)CCSc2nc(C)cc(C)c2C#N)cc1,0
COc1ccc(-c2noc(-c3ccc(Cl)cc3)n2)cc1,0
CCCCCOC(=O)Cn1c(=O)oc2ccccc21,0
c1cncc(-c2nnc(SCc3nc4ccccc4[nH]3)o2)c1,0
COc1ccc2c(C)nc(Nc3nc(C)cc(C)n3)nc2c1,0
CN(C)S(=O)(=O)N1CCN(c2ccc(Cl)cc2)CC1,0
CCn1c(=N)c(C(=O)NCc2cccnc2)cc2c(=O)n3cccc(C)c3nc21,0
COCCCN(C(C)=O)c1nc(-c2ccc(OC)cc2)cs1,0
CCCN1C2CCCC1CC(NC(=O)NC1CCCCC1)C2,0
Cc1nc(N)sc1-c1csc(N(C)c2ccc(O)cc2)n1,0
CCCN(CCC)S(=O)(=O)c1ccc(C(=O)Nc2nnc(-c3cccc(OC)c3)o2)cc1,0
Cc1cc(Cl)ccc1OCCCC(=O)NO,0
COC1=C/C(=C2\NNC=C2C(=O)c2ccccc2)C(=O)C=C1,0
c1cc2c(c(NCc3ccncc3)c1)CCCC2,0
CC/C(NO)=C1\C=CC(=O)C(OC)=C1,0
COc1ccc(CN2CCN(c3ccccn3)CC2)c(OC)c1,0
NC(=O)CN(c1ccc(Cl)cc1)S(=O)(=O)c1ccccc1,0
c1ccc(-c2nnc(SCc3nc4ccccc4[nH]3)o2)cc1,0
CCOc1ccc(Nc2ncnc3c2cnn3-c2ccccc2)cc1,0
CC(=O)c1cn(CC(=O)NCc2ccc3c(c2)OCO3)c2ccccc12,0
Cc1cccc2cc(C(c3nnnn3Cc3ccccc3)N3CCN(C)CC3)c(=O)[nH]c12,0
Cc1ccc(C(=O)Nc2nnn(C)n2)cc1,0
CCOC(=O)Cn1c(=O)c2c(nc3n2CCS3)n(C)c1=O,0
O=C(CSc1nnc(Cc2ccccc2)o1)NC1CCCCC1,0
O=C(Nc1ccccc1Cl)N1CCN(c2ncccn2)CC1,0
CC1CCN(C(=O)CSc2ccc(-c3ccc(F)cc3)nn2)CC1,0
Cc1cc(-c2nnc(SCC(=O)NC3CCCC3)o2)no1,0
COCCn1c(=O)[nH]c2cc(C(=O)NCC3CCCO3)ccc2c1=O,0
Cc1nnc(SCC(=O)Nn2cnnc2)s1,0
Cc1nc(NCC2CCCO2)c2oc3ccccc3c2n1,0
O=S(=O)(c1cccc(-c2csc(-c3cccnc3)n2)c1)N1CCCCC1,0
O=C(CSc1nnc(-c2ccco2)o1)NC(=O)Cc1ccccc1,0
Cc1cc(NC(=O)CSc2nnc(-c3ccoc3C)n2N)no1,0
N#Cc1cn(-c2ccccc2)nc1-c1cc2ccccc2oc1=O,0
O=C(CSc1nc(=O)cc(O)n1-c1ccccc1)NCc1ccccc1,0
Cc1ccc(C2C3CSCC=C3C(C#N)=C(N)C2(C#N)C#N)cc1,0
CCOC(=O)c1cc2oc(C)cc2n1CC(=O)OC1CCCCC1,0
O=C(CSc1nc2cccnc2n1Cc1ccccc1)NCc1ccco1,0
COc1ccccc1NC(=O)COC(=O)CNC(=O)c1ccc(OC)c(OC)c1,0
COc1cc2c(cc1OC)CN(C(=O)CSc1nnc(C)s1)CC2,0
S=c1[nH]nc(Cc2c[nH]c3ccccc23)o1,0
Cc1cc(NCCCN2CCOCC2)n2c(nc3ccccc32)c1C#N,0
CCOc1nc(N(C)C)nc(-n2nnc(C(C)=O)c2C)n1,0
O=C(NC1CC2CCCC(C1)N2C(=O)NCc1ccccc1)C1CC1,0
Cc1ccc(-c2nnn(CC(=O)N3CCN(c4nc5ccccc5s4)CC3)n2)cc1,0
CCOC(=O)C1CCN(Cc2nc3ccc(Cl)cc3n2CCO)CC1,0
O=C(Nn1cnc2ccccc2c1=O)c1ccccc1Cl,0
N#Cc1c(N)nc2c(c1-c1cccnc1)CCCCC2,0
Cc1cc(-n2ccc(=O)[nH]c2=O)nc(-c2ccccc2)n1,0
CN1C(=O)N(c2cccc3ccccc23)C(n2cncn2)C1(C)C,0
O=C(COc1ncnc2sccc12)Nc1ccc2c(c1)OCCO2,0
O=C(CSc1nnc(-c2ccccc2)n1Cc1ccccc1)NC1CC1,0
CC(NC(=O)Cn1cc2c(n1)CCCCC2)c1ccccc1,0
CCOC(=O)C1CCCN(c2nnnn2-c2ccccc2)C1,0
CCOc1ccc(NC(=O)CN2CCN(CC(=O)Nc3ccc(C(=O)OC)cc3)CC2)cc1,0
O=C(/N=C1\SCC(=O)N1c1ccccc1Cl)c1ccco1,0
Cc1ccc(N2C(=O)c3ccccc3C2Nc2cccnc2)nc1,0
Cn1c(Cl)cnc1C(O)c1ccccc1,0
NC(=O)C1CCCN(S(=O)(=O)c2ccccc2)C1,0
Cc1cc(NC(=O)C2CC(c3ccc(F)cc3)=NO2)no1,0
CC(CC(=O)NC1CCSC1=O)c1ccccc1,0
O=C1CC(N(O)c2ccccc2)C(=O)N1c1cc(Cl)cc(Cl)c1,0
Cn1nnnc1SCC(=O)NC(=O)NCc1ccccc1,0
CC(C)CC(c1nnnn1CC1CCCO1)N1CCN(c2nc3ccccc3s2)CC1,0
CCCn1nc(C(=O)N2CC(=O)Nc3ccccc32)c2ccccc2c1=O,0
O=c1c2ccccc2nc2c3ccccc3ncn12,0
CCSc1nc(N2CCOCC2)c2ccccc2n1,0
CCC1CCCCN1C(=O)CSc1nnc(-c2cccs2)o1,0
CCc1ccc(C2CC(=O)NC(SCC(=O)OC(C)C)=C2C#N)cc1,0
Cn1c(NC(=O)c2cccnc2)nc2ccccc21,0
Nc1c(NCCN2CCOCC2)c2ccccc2oc1=O,0
COc1ccc(-c2nn3c(-c4ccc(F)cc4)nnc3s2)cc1,0
CCOc1ccccc1N1CCN(c2nc(N)c(C#N)c(CC#N)c2C#N)CC1,0
CCCN1C(=O)SC(CC(=O)Nc2ccccc2)C1=O,0
CC(=O)N(c1ccc(Cl)cc1)c1c[nH]c2ccccc12,0
CC(C)c1nc(=S)n(-c2ccccc2)[nH]1,0
COc1ccc2nc(SCC(=O)Nc3ccc(S(=O)(=O)Nc4onc(C)c4C)cc3)[nH]c2c1,0
CCN(CC)C(=O)c1sc2nc(-c3ccncc3)[nH]c(=O)c2c1C,0
O=C(CCS(=O)NCc1ccccc1)NCc1ccccc1,0
CCOC(=O)c1nnn(-c2nn3nnnc3c3ccccc23)c1C,0
CCN1CCN(c2ccc(NC(=O)c3ccc4c(c3)OCO4)cc2)CC1,0
CC(C)c1ccc(-c2nc3c([nH]2)c(=O)n(C)c(=O)n3C)cc1,0
CCOc1ccc(NC(=O)N2CCC(NC(=O)c3ccco3)CC2)cc1,0
C=CCn1c(=O)c2c3c(sc2n2c(Nc4ccc(OC)cc4)nnc12)CCCC3,0
OC(COCc1cccs1)CN1CCN(c2ccccn2)CC1,0
COC(=O)C(C)Oc1ccc(=O)[nH]n1,0
Cc1ccc(-c2nnn(CC(=O)NCC3COCCO3)n2)o1,0
CCc1c(C)nc2[nH]nc(-c3ccccc3C)n2c1=O,0
COc1ccc(C(=O)NC2CCN(C(=O)NC3CCCCC3)CC2)cc1,0
COc1ccc(NC(=O)COn2nnc3ccc(Cl)cc32)cc1OC,0
COc1ccc(CCNC(=O)C2(C)CCC(=O)N2CCC(C)C)cc1OC,0
COC(=O)c1ccccc1NC(=O)c1ccccc1OC,0
COc1ccc(Cl)cc1C(=O)Nc1cc(=O)n(C)c(=O)n1C,0
O=C1CC(Sc2ncccn2)C(=O)N1c1ccccc1C(F)(F)F,0
CCOC(=O)c1c(NC(=O)CSc2ncn[nH]2)sc(C)c1C,0
O=C(CCC1COc2ccccc2O1)Nc1ncccc1O,0
COc1ccc(C)cc1-n1nnnc1SCC(=O)Nc1cc(C)on1,0
CCOc1ccc2nc(SCC(=O)Nc3ncccn3)[nH]c2c1,0
O=C(NCCC1=CCCCC1)C1CCCN(S(=O)(=O)c2cccnc2)C1,0
CCOCCN(C(=O)COC)c1cccc(OC)c1,0
O=C(CSc1nc2ccccc2[nH]1)N1CCCCC1,0
COc1ccc2cc3c(N)c(C(=O)NCc4ccco4)sc3nc2c1,0
Cc1ccc(C(=O)Nc2c3c(nn2C(C)(C)C)CS(=O)(=O)C3)cc1C,0
CCCCn1c(N)c(C(=O)NCCN2CCOCC2)c2nc3ccccc3nc21,0
COc1ccc(N(CC(=O)NCc2cccs2)S(=O)(=O)c2c(C)n[nH]c2C)cc1,0
COc1ccc(Cl)cc1NC(=O)COc1cccc(-n2cnnn2)c1,0
Cn1c(SCC(=O)Nc2cc(=O)n(C)c(=O)n2C)nnc1C12CC3CC(CC(C3)C1)C2,0
CC(NC(=O)c1ccc(Cl)cc1)C(=O)N1CCCCC1,0
Cc1ccc2cc(C#N)c(NCCCNC(=O)C3CCCO3)nc2c1,0
Cc1cc(Nc2ccccc2)n(CCOC(=O)COc2ccccc2)n1,0
C=CCNC(C)=C1C(=O)CCC1=O,0
O=C(Cc1cn2ccsc2n1)Nc1ccccn1,0
CCc1ccc(OCc2nnc(SCC(=O)NCc3ccco3)o2)cc1,0
CCOCCCNC(=O)CN1CCN(Cc2ccccc2C)C1=O,0
Cn1c(=O)[nH]c(=O)c2c1nc(Sc1ccccc1)n2CCc1ccccc1,0
CCn1c(SCC(=O)NCCc2ccccc2)nnc1-c1ccco1,0
O=C(CSc1nc(-c2ccco2)cc(C(F)(F)F)n1)Nc1cccnc1,0
O=C(Nc1nnc(-c2ccccc2)o1)c1nc2ccccc2s1,0
O=C(CN1CCOc2ccccc21)N1CCC(Cc2ccccc2)CC1,0
Cc1ccccc1OCc1nc(-c2ccc(-n3cccc3)cc2)no1,0
CCOC(=O)N1CCN(c2ccc3nnnn3n2)CC1,0
CCNc1nc(NC(C)C)nc(Oc2ccc(OCCOc3ccc(C)cc3)nn2)n1,0
O=C(NCc1ccc(F)cc1)C1CCC(=O)N1C1CCCCC1,0
O=C(CSc1nnc2scc(-c3ccccc3)n12)Nc1ccc2c(c1)OCCO2,0
OC1(c2cn(Cc3ccccc3)nn2)CCCCC1,0
Cc1cccn2c(=O)c3cc(C#N)c(=N)n(Cc4ccncc4)c3nc12,0
COc1ccc(C(=S)N(C)C)cc1OC,0
O=C(CSc1ncn[nH]1)Nc1nnc(-c2ccccc2)s1,0
N#Cc1c(N)n(CCOC(=O)c2ccc(Cl)cc2)c2nc3ccccc3nc12,0
CC(C)(C)c1cc(NC(=O)c2cccnc2)no1,0
COc1ccccc1OCC(=O)N(Cc1nc(-c2ccc(Cl)cc2)no1)C(C)C,0
CCOc1cc(C)c(Cl)cc1S(=O)(=O)NCC1CCCO1,0
Cc1cc(C)n(-c2ccc(C(=O)N3CCc4ccccc43)cc2)n1,0
Cc1nc2ncnn2c(C)c1Cc1ccc(Cl)cc1F,0
C=C(C)c1cccc(C(C)(C)NC(=O)N2CCOCC2)c1,0
Cc1cc(N2CCOCC2)nc(SCC(=O)c2ccccc2)n1,0
Cc1nc2ccccc2c(=O)n1NCc1cccs1,0
Cc1cc(C)cc(CC2CC(=O)N(c3nc(C)cc(C)n3)C2=O)c1,0
Cc1oc2nc(SCC(=O)N3CCCCC3)nc(N)c2c1C,0
Cn1c(CN2CCCC2)nc2cc(NC(=O)c3ccco3)ccc21,0
COc1cc2[nH]c(=S)n(CCN3CCOCC3)c(=O)c2cc1OC,0
Cc1cc(C(=O)Nc2sc3c(c2C#N)CCCC3)no1,0
CCCN(CCC)c1ncnc2c1cnn2-c1ccc(OC)cc1,0
Cc1ccc(N(/C=N/C#N)CC(=O)N2CCN(c3ccccc3)CC2)cc1,0
N#Cc1nc(Cc2ccccc2)oc1NCCCn1ccnc1,0
Cc1cc(C)n2cc(CSc3nnnn3C)nc2n1,0
CCCC(=O)Nc1ccccc1-c1nnn(CC(=O)Nc2ccc(OC)cc2)n1,0
CS(=O)(=O)Nc1ccccc1C(=O)N1CCCC1,0
COc1ccccc1NC(=O)CSc1nnc(-c2ccccc2)o1,0
COc1cccc(-c2nnc(SCc3cccnc3)o2)c1,0
C=CCOC(=O)C1=C(C)NC(=O)NC1c1ccc(OC(=O)c2ccco2)c(OC)c1,0
COc1ccccc1CNc1ccc(N2CCCCC2)cc1,0
CNC(=O)c1cc2cc(Cl)cc(OC)c2oc1=O,0
Cc1ccc2c(c1)NC(=O)C(CC(=O)NCCCN1CCCC1)O2,0
CCOc1cc(C#N)c(NC(=O)c2ccnn2C)cc1OCC,0
C=CCNc1nc(NCCN2CCOCC2)nc(OC)n1,0
C=C(C)Cn1c(Sc2nnc(C)s2)nc2c1c(=O)[nH]c(=O)n2C,0
O=C(Nc1nccs1)c1ccc(S(=O)(=O)NCC2CCCCC2)cc1,0
COc1ccc(-c2nc(=S)[nH][nH]2)cc1,0
COc1cc(Cn2ccnc2)c(OC)cc1Cn1ccnc1,0
CCC(NC(=O)Cn1cnc2c(=O)n(C)c(=O)n(C)c21)c1ccccc1,0
CCOc1ccc(-c2nn3c(-c4ccc(OC)cc4)nnc3s2)cc1,0
CCCCCC(=O)Nc1cccc(-c2nc3ncccc3o2)c1,0
COc1ccc(Nc2nnc(C)c3ccccc23)cc1C(N)=O,0
Cc1c(C(=O)Nc2c(C)n(C)n(-c3ccccc3)c2=O)oc2ccccc12,0
CCN1CCN(CCCNC(=O)Cn2cc3c(n2)CCCC3)CC1,0
Cc1ccc(N2CC(C(=O)NC3CCSC3=O)CC2=O)cc1,0
CCOC(=O)CNc1nc(OCC#N)nc(N2CCOCC2)n1,0
CCCNS(=O)(=O)c1ccc(OCC(=O)N2CCN(Cc3ccccc3)CC2)cc1,0
CCc1c(C)nc(N)n2c(SCC(=O)N3CCCC(C)C3)nnc12,0
CCC(=O)Nc1c2c(nn1-c1cccc(Cl)c1)CSC2,0
CN(C)c1nc(N)nc(N(c2ccccc2)c2ccccc2)n1,0
COc1cc(C)nc(NS(=O)(=O)c2ccc(C)cc2)n1,0
COc1cc(/C=N/n2cnnc2)ccc1OC(=O)c1ccncc1,0
CCCC(=O)Nc1cc(Cl)ccc1N1CCN(C(=O)CC)CC1,0
O=C(c1ccco1)n1nc(-c2ccccc2)nc1NCc1ccco1,0
COc1ccc(C(=O)NCC2OCCc3ccccc32)c(O)c1,0
Cc1ccc(S(=O)(=O)NC(CC(C)C)C(=O)NCc2ccco2)cc1,0
O=C(Nc1ccon1)c1sc2ccccc2c1Cl,0
CC1N/C(=C\C(=O)c2ccccc2)N(O)C1(C)C,0
O=C(CSc1ncnc2c1oc1ccccc12)NCc1ccco1,0
c1ccc2c(c1)oc1c(NCc3ccc4c(c3)OCO4)ncnc12,0
Cc1oc(C(=O)O)cc1CSc1nnc(-c2ccccc2)n1C,0
CC1CCc2c(C(=O)NCCN3CCOCC3)csc2C1,0
Cc1cccc(N(C)C(=O)CCS(=O)(=O)c2cccc3nonc23)c1,0
Clc1ccccc1OCCn1cnc2ccccc21,0
N#Cc1c(C#N)c(-c2ccccc2)n(-c2ccc(C(=O)O)cc2)c1N,0
O=C(Nc1ccc(S(=O)(=O)N2CCc3ccccc32)cc1)c1ccc2c(c1)OCO2,0
CC(=O)c1cc2c(cc1NC(=O)c1ccc(-n3nc(C)cc3C)cc1)OCO2,0
O=c1ccnc(S/C=C/c2ccccc2)[nH]1,0
CCc1nnc(NC(=O)CSc2nccn2-c2cccc(C)c2)s1,0
Cc1nnc2ccc(N3CCN(C)CC3)nn12,0
Cc1noc(C)c1COC(=O)c1ccc2c(c1)OCCO2,0
CCCOc1nc2c(c(=O)n(C)c(=O)n2C)n1CC,0
O=C(CN1C(=O)NC2(CCCC2)C1=O)Nc1cccc(-c2nnc3n2CCCCC3)c1,0
CCCCCn1c(N)c(C(=O)NCCN2CCOCC2)c2nc3ccccc3nc21,0
O=C(NCC(=O)N(c1ccccc1)C(C(=O)NCC1CCCO1)c1ccccc1)c1ccco1,0
Cc1ccccc1CN1CCNC(=O)C1CC(=O)O,0
O=C(CC1NC2CCCCC2NC1=O)Nc1ccc2c(c1)OCO2,0
Cn1c(=O)c(-c2ccccc2)nn2c3ccccc3nc12,0
CCN(CC)C(=O)C1CCCc2c1[nH]c1ccc(Cl)cc21,0
COc1cc(S(=O)(=O)NCC2COCCO2)ccc1-n1cnnn1,0
COC(=O)c1ccccc1NC(=O)Nc1nnc(N2CCCCC2C)s1,0
CCOc1ccc(N2C(=O)CC(Sc3nc(C)cc(C)n3)C2=O)cc1,0
O=C(COC(=O)C1CCCN1C(=O)c1cccs1)c1ccccc1,0
CCOc1[nH]c(/N=C/c2ccco2)c(C#N)c1C#N,0
CC(C)N1CC(=O)C(c2nc3ccccc3[nH]2)=C1N,0
O=C(CSCc1ccccc1Cl)N1CCN(c2ccccn2)CC1,0
CCOC(=O)c1ccc(NC(=O)CSc2nnc(Cn3c(=O)sc4ccccc43)n2C)cc1,0
CCCC(=O)N(C)c1nnc(-c2ccc(OC)cc2)s1,0
C=CCNC(=O)COc1ccc(S(=O)(=O)NC2CCCCC2)cc1,0
COc1ccc(C2=NOC(C(=O)NCc3ccco3)C2)cc1OC,0
COCCCNC(=O)CCSc1ccc(Cl)cc1,0
CC(C)c1nc2oc3c(N4CCN(C)CC4)ncnc3c2c2c1CCC2,0
Cc1ccccc1-n1nc2c(c1NC(=O)c1c(-c3ccccc3Cl)noc1C)CSC2,0
COC(=O)c1ccccc1NC(=O)c1cc(-c2cccs2)on1,0
CC1=C(C#N)C(c2cccnc2)C2=C(CC(C)(C)CC2=O)N1,0
Cc1nc2ccccc2c2oc(C(=O)NCC3COc4ccccc4O3)cc12,0
COc1ccc(-n2nc(C(=O)NCC(=O)NCC3CCCO3)c3ccccc3c2=O)c(OC)c1,0
CSC1=NCCN1C(=O)c1ccc(S(=O)(=O)N2CCCC2)cc1,0
COc1cc(NC(=O)c2ccco2)c(OC)cc1NC(=O)CSc1nnc(-c2cccs2)n1C,0
Cc1nc2cc(-c3cccc(F)c3)nn2c(N2CCOCC2)c1C,0
OCCSc1nnc(Nc2ccccc2)s1,0
O=C(O)CCC(=O)N1CCC(C(=O)c2cccc(Cl)c2)CC1,0
COc1cc(C(=O)N2c3ccccc3CC2C)cc(OC)c1OC,0
COc1ccc(-c2c3c(nc4sc(C(=O)Nc5cc(C)on5)c(N)c24)CCC3)cc1,0
Cc1ccnc(Sc2nc3c(c(=O)[nH]c(=O)n3C)n2CCCc2ccccc2)n1,0
O=S(=O)(Nc1ncnc2c1oc1ccccc12)c1ccc(Cl)s1,0
Cc1nn(-c2ccccc2)c2c1C(=O)NC(=O)C(C)(C)C2,0
O=C(O)CSc1nnc(-c2cc3ccccc3o2)n1-c1ccccc1,0
Cc1cc2c(c(=O)n1CC1CCCO1)C(c1ccc3c(c1)OCO3)C(C#N)=C(N)O2,0
COC(=O)CSc1nc(NCC(C)C)nc(N2CCOCC2)n1,0
C=CCN1C(=O)CSc2ccc(C(=O)NCc3ccco3)cc21,0
O=C(O)c1cccc(-n2cnnn2)c1,0
CN1CCN(c2nc3c(c(=O)n(C)c(=O)n3C)n2Cc2cccc3ccccc23)CC1,0
Cc1cc(S(=O)(=O)N2CCN(c3ncccn3)CC2)ccc1-n1cnnn1,0
Cc1cccc(-n2ncc3c(N4CCCC4)ncnc32)c1,0
Cc1sc2ncn(CC(=O)OC(C)C(=O)NC(C)(C)C)c(=O)c2c1C,0
Cc1nc2c3ccccc3n(CC(=O)c3ccc(F)cc3)c(=O)n2n1,0
O=C(O)c1[nH]c2ccc(Cl)cc2c1CC(=O)N1CCN(c2ccccc2)CC1,0
COc1cccc(N(CC(=O)N2CCN(C)CC2)S(=O)(=O)c2ccc(C)cc2)c1,0
CCOC(=O)C(C)Sc1nnc(Cc2cc(=O)[nH]c(=O)[nH]2)n1-c1ccc(Cl)cc1,0
CCc1nnc(NC(=O)CSc2nc3c(cc2C#N)CCC3)s1,0
Cc1ccnc(NC(=O)CN(C)S(=O)(=O)c2cccc3nsnc23)c1,0
Cc1c(NC(=O)c2cnn3cccnc23)c(=O)n(-c2ccccc2)n1C,0
Cc1sc2ncnc(SCC(=O)N3CCN(C(=O)c4ccco4)CC3)c2c1C,0
c1csc(Cc2nn3c(-c4n[nH]c5c4CCC5)nnc3s2)c1,0
CCOC(=O)Cc1c(C)nc2cc(-c3ccc(Cl)cc3)[nH]n2c1=O,0
COc1ccc(NC(=O)Cn2nnc(-c3ccccc3N)n2)cc1OC,0
c1cncc(CNC2=NCCCCC2)c1,0
CCOC(=O)c1cnc2c(-c3ccccc3)c(C)nn2c1N,0
O=C(CCN1c2ccccc2Sc2ccccc21)OCc1nnc(-c2ccccc2)o1,0
Nn1c(Nc2ccccc2)nc2ccccc2c1=O,0
CC1Oc2ccccc2N(CC(=O)N2CCCc3ccccc32)C1=O,0
O=C(CCCn1c(=O)oc2ccccc21)Nc1cccnc1,0
COc1cccc(NC(=O)Cc2c(O)[nH]c3ccccc3c2=O)c1,0
Cc1csc(SCC(=O)Nc2ccccn2)n1,0
COc1ccc(-c2nc(C#N)c(N3CCN(c4ccccc4)CC3)o2)cc1,0
CN1CCN(c2nc3c(c(=O)[nH]c(=O)n3C)n2CCSc2ncccn2)CC1,0
CCOC(=O)C1=C(C)NC(=O)NC1c1ccc(NC(C)=O)cc1,0
O=C(CN1CCN(Cc2ccc3c(c2)OCO3)CC1)N1CCc2[nH]c3ccc(F)cc3c2C1,0
CC(C)N(Cc1cc2ccccc2[nH]c1=O)C(=O)C(C)(C)C,0
Cn1c(C(=O)N2CCCC(C(=O)NCCN3CCOCC3)C2)cc2sccc21,0
CCn1c(SCc2nc3ccccc3nc2C)nnc1-c1cccs1,0
COc1ccc(OC)c(/C=c2\sc3nc(-c4cccs4)nn3c2=O)c1,0
CC1CCCCC1NC(=O)CSc1nnc(CN2CCOCC2)n1C,0
CCOC(=O)c1c(NC(=O)CSc2nnc(CNc3ccc(F)cc3)o2)sc(C)c1C,0
Cc1ccc(C)c(-n2nnnc2Sc2nnnn2-c2ccccc2)c1,0
CC(=O)NC1=NC(=O)/C(=C/N2CCCCC2)S1,0
O=C(CN1CCN(Cc2ccc(F)cc2Cl)C1=O)NCCCN1CCOCC1,0
COc1ccc(C)cc1NC(=O)CN1CCN(S(=O)(=O)c2ccc(Cl)cc2)CC1,0
CCc1ccc(NC(=O)CCN2C(=O)c3cccnc3C2=O)cc1,0
Cc1cc(C(=O)CSc2nnnn2-c2ccc(Cl)cc2)c(C)n1CC1CCCO1,0
c1coc(C2N=c3ccccc3=C3Nc4ccccc4N32)c1,0
O=C(Nc1ccc(NC(=O)c2ccco2)nc1)c1cccnc1,0
Cc1[nH]c(NCc2ccccc2)nc(=O)c1CCC(C)C,0
Cc1ccc2cc(C#N)c(SCC(=O)NCC3CCCO3)nc2c1C,0
CS(=O)(=O)N1CCN(c2nc(-c3ccc(F)cc3)cs2)CC1,0
O=c1c2[nH]c3ccccc3c2ncn1Cc1cccnc1,0
O=C1NC(c2cccs2)Nc2sc3c(c21)CCCC3,0
COc1ccc(C(=O)CSc2n[nH]c(-c3ccco3)n2)cc1,0
Cc1cc(N2CCN(c3ccccc3)CC2)nc(-n2nc(C)cc2C)n1,0
COC(=O)C1=C(C)N=C2N=NNN2C1c1ccco1,0
CCOC(=O)c1cccc(NC(=O)CSc2nc(N)cc(N)n2)c1,0
Cc1cc(C)n(-c2nc(SCC(=O)NCC3CCCO3)c3c4c(sc3n2)CCCC4)n1,0
CC(C)(C)C(=O)CN1C(=O)C2(OCCO2)c2ccccc21,0
CCCc1nn(C)c2c1C(c1ccncc1)C(C#N)=C(N)O2,0
CCOC(=O)N1CCN(C(=O)C(NC(=O)c2ccc(CC)cc2)C(C)C)CC1,0
Cc1nc(S(=O)(=O)NC2CCCCC2)c(C#N)c(C)c1Cl,0
CCOC(=O)c1cnc(-n2nc(C)cc2C)nc1N1CCOCC1,0
CN1CCN(C(=O)C2CC(=O)N(c3ccc(F)c(Cl)c3)C2)CC1,0
O=C(NC1CCCCC1)C1CCN(C(=O)NCc2ccccc2)CC1,0
O=C(Nc1nnc(C2CCCCC2)s1)c1ccco1,0
Nc1nc(-c2ccc(Cl)cc2)nn1C(=O)c1cccnc1,0
COc1cc(CNC2CCC(C)C2)cc(OC)c1,0
CCN(CC)C(=O)c1csc(Nc2ccc(C)cc2)n1,0
Cn1c(=O)c2c3c(sc2n2c(SCC(N)=O)nnc12)CC(C(C)(C)C)CC3,0
Cc1csc2nc(CNS(=O)(=O)c3ccc4c(c3)OCCO4)cn12,0
CC1(C)CC(=O)c2sc(NC(=O)CN3CCCCC3)nc2C1,0
O=C(CSc1nnc(CNC(=O)c2ccco2)o1)c1ccc(Cl)cc1,0
CCCn1c(SCC(=O)NCCc2ccccc2)nnc1-c1ccccn1,0
CN(C(=O)CSc1nnnn1-c1ccccc1)C1CCCCC1,0
CCOCCCNC(=O)C(c1ccc(C)cc1)N(Cc1ccc2c(c1)OCO2)C(=O)c1cnccn1,0
Cc1ccc(C(c2nnnn2C(C)(C)C)N2CCN(C3CCCC3)CC2)cc1,0
CCCCNC(=O)C1CCCN(S(=O)(=O)c2ccc(-n3cnnn3)cc2)C1,0
COc1ccc(-n2nnc3c(=O)n(Cc4cccc(C)c4)cnc32)cc1,0
O=C(Nc1cccnc1)c1cccs1,0
Nc1nc(N2CCOCC2)nc2ccccc12,0
c1ccc(-n2c(-c3ccncc3)nnc2N2CCOCC2)cc1,0
CCNS(=O)(=O)c1ccc(NC(=O)Cn2nc(C(F)(F)F)cc2C)cc1,0
COC(=O)C1C(=O)c2c([nH]c(C(=O)OC3CCCCCC3)c2C)CC1C,0
CCN(CC)CCNC(=O)c1ccccc1C(=O)c1ncc[nH]1,0
CN(C(=O)c1ccccn1)c1nnc(-c2cnccn2)s1,0
CC1(C)Cc2c(C#N)c(NCCCO)nc(-c3ccccc3)c2CO1,0
CN(CCNS(=O)(=O)c1ccc2c(c1)oc(=O)n2C)Cc1ccccc1,0
O=C1CCCC/C1=C\Nc1ccccc1C(=O)O,0
Cn1c(Cn2c(=O)sc3ccccc32)nnc1SCC(=O)NCC1CCCO1,0
Cc1nn(CC(=O)Nc2nnc(CC(=O)N3CCCC3)s2)c(=O)c2ccccc12,0
CCn1c(O)c(C(=O)CC2NCCc3ccccc32)c(=O)n(CC)c1=S,0
c1ccc(CC2CCN(c3nnnn3-c3ccccc3)CC2)cc1,0
c1ccc(-c2cc(N3CCOCC3)nc(-c3ccccc3)n2)cc1,0
CCn1c(=O)cc(OCC(=O)NCCCN2CC(C)CC(C)C2)c2ccccc21,0
CCOCCn1c(=O)c2c(nc3n2CCN3c2ccccc2)n(C)c1=O,0
Cc1noc(C)c1S(=O)(=O)NC1CCCc2ccccc21,0
CCOC(=O)c1ccc(NC(=O)CSc2nnc(-c3cccs3)n2CC)cc1,0
CC(=O)c1cccc(NC(=O)NCCS(C)=O)c1,0
O=C(Nc1ccc(OC(F)(F)F)cc1)c1cnc2n(c1=O)CCS2,0
CCCC(=O)Nc1cc(C)c(NC(=O)Cc2ccccc2)cn1,0
CN1CCN(c2oc(-c3cccs3)nc2S(=O)(=O)c2ccccc2)CC1,0
CC12CC3CC(C)(C1)CC(C(=O)Nc1nn[nH]n1)(C3)C2,0
Cc1ccc(-c2nn3c(-c4cccc(Cl)c4)nnc3s2)cc1,0
Cc1cc2cc(CNC(=O)c3ccc4c(c3)OCO4)ccc2n1C,0
CCN(CC)CCn1c(=S)[nH]c2cc3c(cc2c1=O)OCO3,0
COc1ccc(N2C(=O)C3CCCN3C2c2cccc(C)c2)cc1Cl,0
COC(=O)c1ccc(NC(=O)CSc2nnc(C)n2-c2ccccc2)cc1,0
CN(C)c1cccc(C(=O)n2cc(C(=O)c3cc(F)ccc3O)cn2)c1,0
CCn1c(SCC(=O)Nc2ccc(NC(=O)c3ccco3)c(OC)c2)nc2ccccc2c1=O,0
CCOC(=O)c1cc2occc2n1CC(=O)N1CCN(C(=O)c2ccco2)CC1,0
O=C(Cn1nnc(-c2ccc(N3CCOCC3)cc2)n1)OC1CCCCC1,0
CCn1c(O)c(C(=O)NCc2cccnc2)c(=O)c2ccccc21,0
COCCCNC(=O)c1ccc(N(C)S(=O)(=O)c2ccc(OC)cc2)cc1,0
Cn1c(C(=O)NCC2CCCO2)cc2oc3ccccc3c21,0
Cc1ccc(-c2sc(C)nc2CC(=O)O)cc1,0
CC(C)n1c(Sc2nccn2C)nc2c1c(=O)n(C)c(=O)n2C,0
O=C1CSc2ccccc2N1Cc1ccccc1F,0
COc1ccccc1-c1cc(C(=O)NCc2cccs2)no1,0
CCOC(=O)c1cnc2c(C#N)c3c(cn2c1=O)CCCN3,0
Cc1cccc(-n2c(SCc3cc(=O)n4ccsc4n3)nc3ccccc32)c1,0
CCOc1ccccc1NC(=O)CCSc1nc2nnc(C)c-2c(N)n1-c1ccccc1Cl,0
CC(C)CN1C(=O)c2ccc(C(=O)Nc3nccs3)cc2C1=O,0
Cc1n[nH]c(=O)nc1NCCN(C)C,0
CC(C)CC(NS(=O)(=O)c1ccc2c(c1)oc(=O)n2C)C(=O)NCc1cccnc1,0
O=C1c2ccccc2C(=O)N1c1n[nH]c(CCc2ccccc2)n1,0
CCCCOc1nc2nc(-c3ccco3)n(Cc3ccco3)c(N)c-2c1C#N,0
CCOc1ccccc1-n1nnnc1SCC(=O)NC(=O)NCc1ccco1,0
CCn1cc(C(=O)Nc2ccc(-n3cnnn3)c(OC)c2)c(=O)c2ccc(C)nc21,0
Nc1nc(-c2cccnc2)nc(N2CCCCC2)n1,0
Cc1cc(=O)nc(SCC(=O)c2ccc(C)c(C)c2)[nH]1,0
CC/C(C)=C1\SC(N2CCN(C(C)=O)CC2)=NC1=O,0
Cc1nc2c(c(N3CCOCC3)n1)OCC(=O)N2,0
COc1ccc(Cl)cc1N1C(=O)C2CCCN2C1c1sccc1C,0
COc1ccc(C(=O)Nc2ccc3c(c2)nc2n3CCSC2)cc1,0
OCc1nc2ccccc2n1CCCOc1ccccc1,0
CCN(CC)S(=O)(=O)c1ccc(NC(=O)c2ccccn2)cc1,0
CC(NC(=O)c1ccccc1)C(=O)NC1=NCCS1,0
O=C(Nc1ccc2c(c1)OCO2)C1CCCN1C(=O)NCc1ccccc1,0
CC(C(=O)c1ccccc1)n1c(N2CCOCC2)nc2c1c(=O)n(C)c(=O)n2C,0
CC(=O)NCN1CCN(CNC(C)=O)CC1,0
O=C(Nc1ccon1)c1cccc(Cl)c1,0
Cc1noc(C)c1C(=O)N1CCN(CCc2ccccc2)CC1,0
C1=C(c2ccccc2)CCN(c2ncnc3nc[nH]c23)C1,0
CCOC(=O)CN1C(=O)C(C)(C)Oc2ccc(C(=O)NC(C)(C)CC)cc21,0
COc1ccc(N(CC(=O)N2CCC(C)CC2)S(=O)(=O)c2c(C)nn(C)c2C)cc1,0
c1ccc(CCc2nn3c(Cn4nnc5ccccc54)nnc3s2)cc1,0
COc1ccc(-c2ccc(-c3noc(-c4cccc(OC)c4)n3)c(OC)n2)cc1,0
CC1(C)CC(=O)C(=CNCc2cccnc2)C(=O)C1,0
C=CCN1C(=O)C(O)(CC(=O)c2ccc(Cl)cc2)c2ccccc21,0
COc1ccc(CCNc2nc(=O)[nH]nc2C)cc1OC,0
Cc1ccccc1NS(=O)(=O)c1cc(C(N)=O)ccc1C,0
Cc1onc(-c2ccccc2Cl)c1C(=O)N1CCc2ccccc21,0
CCOC(=O)c1c(C)[nH]c(C(=O)CSc2nnnn2-c2ccccc2)c1C,0
Cn1c(Cn2c(=O)sc3ccccc32)nnc1SCC(=O)N1CCN(c2ccccc2)CC1,0
c1cncc(-c2nnc(-c3cccs3)o2)c1,0
O=C(Cc1cccs1)Nc1nnc(CCc2ccccc2)s1,0
COc1ccccc1N1CCN(C(=O)c2cc(-c3ccco3)on2)CC1,0
Cc1ccc(S(=O)(=O)C2(C(=O)N3CCCCCC3)CC2)cc1,0
CCN1CCN(c2ncc3c(n2)CC(c2ccc(OC)c(OC)c2)CC3=O)CC1,0
Cc1csc(OCc2ccc(C#N)cc2)n1,0
COc1cc(C(=O)N(Cc2ccco2)Cc2cc3ccccc3[nH]c2=O)cc(OC)c1OC,0
CC(C)(C)n1ncc2c(=O)n(CC(=O)NCCc3ccccc3)cnc21,0
Cn1c(=O)c2c(nc(N3CCCCC3)n2C)n(C)c1=O,0
CCOC(=O)c1nnn(-c2nonc2-n2cccc2)c1C,0
O=C(CSc1n[nH]c(C2CCCC2)n1)NC1CCCC1,0
CCCSc1nnc2nc(C)cc(C)n12,0
COC(=O)c1c(C)[nH]c(C(=O)C(C)Sc2nnc(-c3cc(OC)c(OC)c(OC)c3)o2)c1C,0
Cc1cc(C)nc(SCc2nnc(SCC(=O)Nc3ccccc3C)n2Cc2ccco2)n1,0
Cc1ccc(S(=O)(=O)N(C)CCCC(=O)N2CCN(C=O)CC2)cc1,0
CC1(c2ccc(Cl)cc2)NC(=O)N(CC(=O)N2CCCC2)C1=O,0
N#CCCn1c(SCC(=O)N2CCN(S(=O)(=O)c3ccccc3)CC2)nc2ccccc21,0
Nc1nnc(SCc2ccc3c(c2)OCO3)s1,0
Cc1cc(NCCCN2CCOCC2)n2ncc(-c3ccccc3)c2n1,0
Nc1ccc(C(=O)OCc2nc3ccccc3[nH]2)cc1,0
CCCc1nnc(NC(=O)Nc2ccccc2OC)s1,0
COc1cccc(N2CCN(c3ncnc4c3cnn4-c3ccc(C)cc3C)CC2)c1,0
CC(C)OC(=O)c1nnn(-c2nonc2N)c1CSc1ccccn1,0
CC(=O)Nc1cccc(-c2nnc(SCc3ccccc3C#N)n2C)c1,0
O=C(COC(=O)C12CC3CC(CC(C3)C1)C2)NCc1ccco1,0
N#CC1=C(SCC(N)=O)NC2=C(CCCC2)C1=C1C=CC(=O)C=C1,0
N#Cc1nc(COc2ccccc2)oc1NCCN1CCOCC1,0
Cc1cccc(-c2c3c(=O)n(C)c(=O)n(C)c3c3c(C)cc(C)nn23)c1,0
CCN(CC(=O)N1CCCCCC1)S(=O)(=O)c1ccc(Cl)cc1,0
Cn1cnc2cc(NC(=O)c3ccc(Cl)cc3)ccc21,0
CS(=O)(=O)N1CCC(C(=O)Nc2c(F)cccc2F)CC1,0
COc1ccccc1-c1ccc(NC2CCCCC2)nn1,0
CCOC(=O)CSc1ccc2nnc(-c3cccnc3)n2n1,0
Cc1nc(C)c(C(=O)NCc2ccccc2Cl)o1,0
O=C(Nc1nc2ccccc2n1Cc1ccccc1)c1ccco1,0
C/N=c1\sc2ccccc2n1CC(O)COCc1ccco1,0
CCC(C)C(NC(=O)c1ccccc1NC(=O)c1ccc(OC)cc1)C(=O)NCc1ccco1,0
COC(=O)C(C)Sc1nc2n(-c3ccc(C)cc3)[nH]cc-2c(=O)n1,0
CC(C)c1ccc(-c2nnn(Cc3nc4ccccc4s3)n2)cc1,0
COC(=O)c1cccnc1-n1c(=O)c2cccnc2n(Cc2ccc(Cl)cc2)c1=O,0
COc1ccccc1CNC(=O)C(C)NS(=O)(=O)c1ccccc1,0
Cc1cc(C)nc(N2CCCC(C(=O)NC3CCCC3)C2)n1,0
C/C(NCCN1CCOCC1)=C1/C(=O)NC(=O)N(c2ccccc2C)C1=O,0
CCOc1cc(C)nc(N2CCC(C(=O)Nc3ccccc3OCC)CC2)n1,0
CCOc1ccc(NC(=O)CSc2nnc(C3CC3)n2N)cc1,0
O=C(Cn1cc2c(n1)CCCCC2)N1CCCCC1,0
O=C(Nc1ccccc1)N1CCN(c2nc3ccccc3s2)CC1,0
O=C(Cn1cnc2c(nnn2Cc2ccc(Cl)cc2)c1=O)NCc1ccco1,0
Clc1cccc(Nc2ncnc3c2cnn3-c2ccccc2)c1,0
O=C1NC(=O)C2(Cc3ccccc3N3CCCC32)C(=O)N1c1ccc(Cl)cc1,0
Nc1nnc(COc2cccc(C(F)(F)F)c2)s1,0
CCCn1c(SCC(=O)Nc2nnc(C(C)C)s2)nc2c1c(=O)n(C)c(=O)n2C,0
CCOC(=O)c1ccccc1NC(=O)CCNC(=O)Cn1cnc2ccccc2c1=O,0
O=C(c1n[nH]c(=O)c2ccccc12)N1CCN(c2ccc(F)cc2)CC1,0
CCOc1ccc(C(=O)N2CCN(C(=O)c3ccco3)CC2)cc1OCC,0
CCC(C)Oc1cccc(C(=O)Nc2ccccc2N2CCOCC2)c1,0
S=C(/N=N/c1ccccc1)NNc1ccccc1,0
Fc1ccc(CSc2ncnc3c2oc2ccccc23)cc1,0
CC(C)C(C(=O)N1CCOCC1)N1C(=O)c2ccccc2C1=O,0
Cc1n[nH]c(SCC(=O)N(C)Cc2ccccc2)nc1=O,0
O=C(CCn1c(=O)oc2ccccc21)n1c(=O)oc2ccccc21,0
COc1ccc(C(=O)CSc2cc(C)nc3nc(C)nn23)cc1OC,0
CC(=O)NC(c1ccco1)c1ccc2cccnc2c1O,0
O=C(CCNS(=O)(=O)c1cccc2nsnc12)N1CC(=O)N(CCc2ccccc2)C(=O)C1,0
Cc1cccc(NC(=O)C2CCN(S(=O)(=O)c3cccc4cccnc34)CC2)n1,0
CCSc1nnc(-c2cccc(S(=O)(=O)N(C)C)c2)n1-c1cc(OC)ccc1OC,0
O=C1c2ccccc2C(=O)N1c1nc2nccc(-c3ccccc3)n2n1,0
COc1ccc(S(=O)(=O)N2CCN(c3ccccn3)CC2)cc1OC,0
Cc1cc(NC(=O)c2cc(C3CC3)on2)n(-c2ccccc2)n1,0
CCN(CC)c1ccc(NC(=O)CSc2nc(=O)c3ccccc3[nH]2)cc1,0
Cc1noc(C(=O)NCc2ccco2)c1Cl,0
Cc1ccc(C#N)c(SCc2cc3c(cc2Cl)OCO3)n1,0
CCc1ccc(-c2nnn(Cc3nn[nH]n3)n2)cc1,0
Nc1nc(CSc2nc3ccccc3s2)nc(N2CCCCC2)n1,0
CCOc1ccc(-c2nnc(SCC(=O)N3CCN(c4ccccc4)CC3)o2)cc1,0
c1ccc(Cn2nnnc2C(c2ccccn2)N2CCOCC2)cc1,0
Cn1cccc1C(=O)Nc1nccs1,0
O=C(Nc1ccccc1)N1CCn2c(nc3ccccc32)C1,0
CCC(C)(C)n1nnnc1C(c1cc2cc(OC)c(OC)cc2[nH]c1=O)N1CCc2ccccc21,0
C(=N/n1cnnc1SCc1ccccc1)\c1ccco1,0
COc1ccccc1C(=O)Oc1ccc(N2C(=O)CCC2=O)cc1,0
COC(=O)C1=NC2=NC3=C(C(=O)CCC3)C(c3cccc(Cl)c3)N2N1,0
O=C(c1cccc(-n2cnnn2)c1)N1CC=C(c2ccccc2)CC1,0
CCc1nc2cc(C)nn2c2nc3ccccc3n12,0
CSc1nnc(Cc2cc(=O)[nH]c(=O)[nH]2)n1-c1cc(C)ccc1C,0
CCCCc1nc2ccccc2c(C(=O)O)c1C,0
Cc1ccc(-n2c3c(cc(C(=O)N4CCN(C)CC4)c2=O)C(=O)CC(C)(C)C3)cc1,0
COc1ccc(CN2CCNC(=O)C2CC(=O)O)c(OC)c1,0
Cc1ccc(S(=O)(=O)N2CCN(C(=O)C3CCCCC3)CC2)cc1,0
CCOC(=O)c1c(C)n(Cc2ccco2)c2ccc(OC)cc12,0
CC(C)c1cc(C(=O)N2CCN(C(c3ccccc3)c3ccccc3)CC2)no1,0
Cc1cc(C)c(NC(=O)CSc2nnc(-c3ccco3)n2N)c(C)c1,0
Clc1cccc(-c2nnc3sc(-c4ccc5c(c4)OCO5)nn23)c1,0
Cc1cnc(C(=O)OCC(=O)NC(=O)NC(C)C)cn1,0
CCCCNc1ncnc2c1cnn2-c1ccccc1,0
O=C(Nc1cccs1)Nc1ccccc1Cl,0
CN(CC(=O)Nc1ccncc1)S(=O)(=O)c1ccccc1,0
NC(=O)CSc1nc(=O)cc(O)n1-c1ccccc1,0
Cc1cccc(-n2ncc3c(NCc4cccs4)ncnc32)c1,0
N#CNC1=NCN(Cc2ccccc2)CN1,0
Cc1nc(N2CCCCC2)c2sc(=S)n(C)c2n1,0
Cc1ccc(C(=O)CSc2n[nH]c(C)n2)cc1,0
Cn1c(C(=O)N2CCc3ccccc3C2)cc2c(=O)n3ccccc3nc21,0
CC(=O)NC(Cc1ccccc1)C(=O)N1CCN(C(=O)c2cccs2)CC1,0
O=C1c2oc3ccc(Cl)cc3c(=O)c2C(c2cccnc2)N1Cc1ccco1,0
Cc1cc(-c2ccccc2)nc(N2CCC(C(=O)NC(C)C)CC2)n1,0
CC1(O)c2ccccc2C(=O)N1Cc1ccccc1,0
C=CCNC(=O)c1c(N)n(-c2ccc3c(c2)OCO3)c2nc3ccccc3nc12,0
COc1ccccc1CNC(=O)c1ccc(S(=O)(=O)N2CCCC2)cc1,0
Cc1ccc(C)c(-n2c(CNc3ccc(F)cc3)nnc2SCC(N)=O)c1,0
O=C(Nc1ccc(Cl)cc1)c1ccsn1,0
O=C(c1cccs1)N1CCN(C/C=C/c2ccccc2)CC1,0
CCOC(=O)C1CCCN(Cc2cc(OC)c(O)c(OC)c2)C1,0
CC(C)n1c(N2CCN(C(=O)N3CCCCC3)CC2)nc2ccccc21,0
O=C(Nc1ccccc1)N(CCc1ccncc1)C1CCCCC1,0
CS(=O)(=O)N(CC(=O)NC1CC1)c1cccc(F)c1,0
COC(=O)c1ccccc1NC(=O)CSc1nnnn1-c1ccc(C)cc1C,0
COc1ccc(Cl)cc1CSc1n[nH]c(C)n1,0
Cc1cc(-c2cc(N)n(-c3ccccc3)n2)c(C)n1C1CCCC1,0
CCCCNc1cc(C)nc(NCc2ccccc2)n1,0
CC(C)n1/c(=N/C(=O)c2ccco2)c(C#N)cc2c(=O)n3ccccc3cc21,0
CC(C)(C)C(=O)Oc1cc(N)n(S(=O)(=O)c2ccc(F)cc2)n1,0
CCOC(=O)C1CCN(C(=O)Cc2c(C(=O)O)[nH]c3ccccc23)CC1,0
CCc1nn(CC(=O)NCCN2CCN(C)CC2)c(=O)c2cc3occc3n12,0
CCN(CC(=O)Nc1ccc2c(c1)CCC2)Cc1nc(=O)c2ccccc2[nH]1,0
O=C(NCc1ccccc1)N1CCN(c2ccccc2F)CC1,0
CCCCCCn1c(NCC)nc2c1c(=O)n(C)c(=O)n2C,0
CCn1nccc1C(=O)NC1=C(C#N)CCC1,0
O=C1NCCN1C(=O)c1cccc(Cl)c1,0
Cc1cc(C)c(S(N)(=O)=O)c(C)c1-n1cnnn1,0
O=c1nc(CN2CCN(CCO)CC2)[nH]c2ccccc12,0
Cc1cc(C)n(-c2nnc3n2N=C(c2ccccc2)CS3)n1,0
OC(CNCc1ccco1)Cn1c2ccccc2c2ccccc21,0
COc1ccccc1C(=O)Nc1nnn(C)n1,0
CSc1nc2nc3c(c(=O)n2[nH]1)CN(Cc1ccccc1)CC3,0
COC(=O)c1ccc(CSc2nc3sc4c(c3c(=O)n2C)CCCC4)o1,0
Cc1cccc(OCC(=O)Nc2cccc(O)c2)c1,0
Clc1nnc2ccc(-c3ccccc3)nn12,0
C(=N/n1cnnc1)\c1ccc(OC2CSC2)cc1,0
CC(=O)NCC(=O)NC1(C(=O)NC2CCCC2)CCCCC1,0
COc1ccccc1-n1cnc2cc(C(=O)NCc3ccco3)ccc21,0
O=S(=O)(N1CCCCC1)n1nnc2ccccc21,0
CCOc1ccccc1C(=O)NCc1ccc2c(c1)OCO2,0
CCOC(=O)Cc1nnc2c(Nc3ccc(Cl)cc3)nc3nonc3n12,0
CCOC(=O)c1c(NC(=O)Cn2nnc3ccccc32)sc2c1CCC(C)C2,0
COc1ccc(-n2cnnc2SCC(=O)c2cc(C)n(Cc3cccs3)c2C)cc1,0
CCOC(=O)CCc1c(C)nc2ncnn2c1C,0
Cc1cccc(-n2ccnc2SCC(=O)Nc2nnc(C)s2)c1,0
Cn1c(SCc2ccc(C#N)cc2)nnc1-c1cccc(Cl)c1,0
Cc1csc(NC(=O)CN(C)S(=O)(=O)c2cccc3cccnc23)n1,0
Cc1c(-c2cccs2)[n+](=O)c2c(n1[O-])CCCC2,0
CC1CCCCC1NC(=O)Cn1nc(-c2ccccc2)ccc1=O,0
CCCCC(=O)Nc1ncc2c(n1)CC(C)(C)CC2=O,0
CCCCOC(=O)CCn1[nH]c(=O)c2ccccc2c1=O,0
CC1(C)C2CCC1(C)C(OC(=O)CSc1nc(=O)cc(N)[nH]1)C2,0
c1ccc2c(NCC3CCCO3)nc(-c3ccncc3)nc2c1,0
COc1ccc(CC(=O)OCn2nnc3ccccc3c2=O)cc1,0
Cc1ccc2[nH]c(=O)c3cc(C(=O)N(C)Cc4ccco4)sc3c2c1,0
COCC(=O)N(C)C1(c2nnnn2CCOC(=O)Nc2cccc3ccccc23)CCCC1,0
Cc1ccccc1CN1C(=O)C2(OCCCO2)c2ccccc21,0
CCOC(=O)Cc1cnc(NC(=O)Cn2nnc(-c3ccc(OCC)cc3)n2)s1,0
CC(C)c1nnc(NC(=O)CCC(=O)N2CCN(Cc3ccccc3)CC2)s1,0
COC(=O)c1ccc(CSc2nnc3sc4ccccc4n23)o1,0
CCc1nc(SCC(=O)Nc2nccs2)c2oc3ccccc3c2n1,0
CC1Cc2nc(SCC(=O)Nc3nccs3)n(C)c(=O)c2S1,0
COC(=O)c1ccc(CSc2nnnn2-c2ccccc2)o1,0
Nc1ccc(-c2nc3c(Cl)c(N)ccc3[nH]2)cc1,0
CCOC(=O)Nc1nnc(-c2cccc(OC)c2)s1,0
CC1(C)Cn2c(nnc2-c2ccccc2)S1,0
CCCCn1c(NCc2ccccn2)nc2ccccc21,0
CCc1nnc(NC(=O)CCC(=O)NCC2CCCO2)s1,0
CC(C)(C)n1ncc2c(=O)n(CC(=O)NCc3ccc4c(c3)OCO4)cnc21,0
CN(c1ccc(C(=O)NCC2CCCO2)cc1)S(=O)(=O)c1ccccc1,0
Cc1ccc(C(=O)C(NC(=O)c2ccco2)N2CCOCC2)cc1,0
COc1ccc(NC(=O)c2cc(-c3ccccc3OC)on2)cc1,0
COc1ccc(N(CC(=O)N2CCc3ccccc32)S(=O)(=O)c2c(C)noc2C)cc1,0
Cn1c(SCC(=O)Nc2ccc3cn[nH]c3c2)nnc1-c1cccs1,0
Cc1ccc2[nH]c(=O)c3cc(C(=O)NCCN4CCN(C)CC4)sc3c2c1,0
C(=N/n1cnnc1)\c1ccc2c(c1)OCCO2,0
O=C(NC12CC3CC(CC(C3)C1)C2)C1=COCCO1,0
CCCOCC1CC2(SC(Nc3ccc(C)cc3)=NC2=O)C(=O)O1,0
CC1CC(C)CN(C(=O)CSc2nnc(-c3ccc(Cl)cc3)o2)C1,0
O=C(CSc1nnc(-c2cccs2)n1-c1ccccc1)NCC1CCCO1,0
COc1ccc(-c2cc(=O)oc3c(C)c(OCc4nn[nH]n4)ccc23)cc1,0
COC(=O)c1ccccc1NC(=O)Cn1cc2c(n1)CCC(C)C2,0
CSc1cc(C)nc(N(C)C(C)=O)n1,0
CCn1c(-c2cc(OC)c(OC)c(OC)c2)n[nH]c1=S,0
CCC(C)(C)n1nnnc1C(c1ccccn1)N1CCOCC1,0
CCn1nnc(-c2ccccc2NC(=O)C(F)(F)F)n1,0
CCOC(=O)c1sc(NC(=O)CSc2ncn[nH]2)c(C#N)c1C,0
CCn1c(=N)c(C(N)=O)cc2c(=O)n3cccc(C)c3nc21,0
Cn1c(=O)[nH]c(=O)c2c1nc(N1CCN(c3ccccc3)CC1)n2CCSc1ncccn1,0
O=C(NCc1cccs1)c1cc(-c2ccccc2)on1,0
Cc1cc(C)cc(-n2ccnc2SCC(=O)Nc2nccs2)c1,0
O=C(Cc1c(C(=O)O)[nH]c2ccc(Cl)cc12)Nc1ccc2c(c1)OCCO2,0
CCn1c(SCC(=O)Nc2nc3ccccc3s2)nnc1-c1ccc(OC)cc1,0
O=C(CSc1nccn1-c1ccccc1)Nc1ccc2c(c1)OCO2,0
COc1ccc(CNc2nc3nc(C)c(Cl)c(C)n3n2)cc1OC,0
CC(C)c1[nH]nc2c1C1(CCN(Cc3ccccc3)CC1)C(C#N)=C(N)O2,0
CC(C)(Oc1ccc(Cl)cc1)C(=O)NC1CCSC1=O,0
CC1(C)NC(=O)N(CC(O)COc2ccc(-c3ccccc3)cc2)C1=O,0
COc1ccc(-n2c(=O)c3ccccc3n(CC(=O)NC3CCCC3)c2=O)cc1,0
Nc1nc(CSc2nc3ccccc3[nH]2)nc(N2CCOCC2)n1,0
COc1ccc(N2CCN(C(=O)c3c(-c4ccccc4)noc3C)CC2)cc1,0
CC(C)NC(=O)c1ccccc1-c1nc(-c2ccccc2Cl)no1,0
O=C(c1ccco1)N1CCN(C(=O)N2c3ccccc3Sc3ccccc32)CC1,0
O=C(c1cccnc1)N1CCN(Cc2ccc3c(c2)OCO3)CC1,0
Cc1nnc(NC(=O)CSc2nnnn2Cc2ccccc2)s1,0
C=CCNC(=O)CN1C2CCCC1CC(NC(=O)c1ccccc1C)C2,0
CCc1ccc(C(=O)NC2CCCCC2)s1,0
Cc1ccc(N(Cc2cc3ccccc3[nH]c2=O)C(=O)c2ccco2)c(C)c1,0
O=C(c1cnccn1)N(c1ccccc1)C1(C(=O)NC2CCCC2)CCCCC1,0
Cc1cc(C)n(-c2ncnc3sc(C)c(C)c23)n1,0
O=C(NCc1n[nH]c(=S)n1-c1ccc(F)cc1)c1ccco1,0
Cc1ccc(CC2CC(=O)N(CCc3ccc4c(c3)OCO4)C2=O)cc1,0
O=C(Nc1ccc2nc(-c3cccs3)c(-c3cccs3)nc2c1)N1CCOCC1,0
O=C(NCCCN1CCOCC1)C1(c2ccccc2)CCOCC1,0
CCc1cc2c(NC(C(=O)O)C(C)C)ncnc2s1,0
Cn1c(=O)c2[nH]c(-c3cccnc3)nc2n(C)c1=O,0
CCOc1ccccc1N1CCN(CC(=O)Nc2nnc(CC)s2)CC1,0
COc1ccc(CCn2c(=S)[nH]c3cc(C(=O)NCc4ccco4)ccc3c2=O)cc1OC,0
c1ccc(SCc2nc(-c3ccccn3)no2)cc1,0
COc1ccc(NCc2nnc(SCC(=O)N3CCCc4ccccc43)o2)cc1,0
COc1ccccc1-c1cc2nc(C)c(CCC(=O)NCc3ccco3)c(C)n2n1,0
COCCCNc1oc(-c2ccccc2F)nc1C#N,0
O=C(Cn1cnc2c(cnn2-c2ccccc2)c1=O)NCCc1ccccc1,0
Cc1nc(S(=O)(=O)N(C)c2ccccc2)c(C#N)c(C)c1Cl,0
Clc1cc(Cl)c2nc(N3CCCC3)sc2c1,0
CC(=O)Nc1ccc(S(=O)(=O)c2ccc(N)cc2)cc1,0
CCCC(=O)N1CCN(c2nc(CC(C)C)c3c(c2C#N)CCC3)CC1,0
O=C(Nc1cccc(-n2cnnn2)c1)c1ccco1,0
CCN(C(=O)c1cc(Cl)ccc1OC)c1ccccc1,0
CCCn1c(=O)c2ccccc2n2c(SCCOc3ccc(Cl)cc3)nnc12,0
CCOC(=O)C1CCN(C(c2cccc(F)c2)c2sc3nc(C)nn3c2O)CC1,0
O=C(CCCn1c(=S)[nH]c2cc3c(cc2c1=O)OCO3)N1CCN(c2ccccn2)CC1,0
O=C(NCc1cccnc1)c1cn(-c2ccccc2)nc1-c1cccs1,0
Cc1cc(C)n2c(SCCN3C(=O)c4ccccc4C3=O)nnc2n1,0
CCc1ccc(NC(=O)c2cc(CC(C)C)on2)cc1,0
CC(=O)c1c(/N=C/N(C)C)nc(C)nc1-c1ccccc1,0
CCOC(=O)CC(=O)CSc1nc(N)c(C#N)c(-c2ccc(Cl)cc2)c1C#N,0
O=C(/C=N/O)NCCCNCc1ccccc1,0
Cc1cc(C)nc(N2CCCC(C(=O)NCCc3ccc(F)cc3)C2)n1,0
FC(F)(F)c1nnc(N2CCN(c3ccccn3)CC2)s1,0
O=S(=O)(Nc1ccc2c(c1)nc1n2CCOC1)c1ccc(Cl)cc1,0
CCn1c(=N)c(C(=O)NC)cc2c(=O)n3cccc(C)c3nc21,0
CCc1nnc(NC(=O)c2ccncc2)s1,0
O=C(c1ccc(-c2nnc(-c3ccccc3)o2)cc1)N1CCCCCC1,0
COc1ccc(C(=O)Nc2nc(C)c(C(=O)N(C)C)s2)cc1OC,0
N#Cc1cnn(-c2nc(SCc3ccccc3)nc3sc4c(c23)CCCC4)c1N,0
Cn1c(SCC(=O)NC2CCCCC2)nnc1-c1cc2cc(Cl)ccc2o1,0
COc1cc(S(=O)(=O)NCCc2ccc3c(c2)OCO3)ccc1-n1cnnn1,0
CCCCNC(=O)Nc1c(C(=O)OCC)[nH]c2ccccc12,0
Cc1ccnc(-n2c(C)nc3ccccc3c2=O)c1,0
CCOC(=O)c1c(N)sc(C(=O)N2CCOCC2)c1C,0
O=C(CC1Sc2ccccc2NC1=O)Nc1cccc(C(=O)O)c1,0
COCCn1c(CN2CC(C)CC(C)C2)nc2c1c(=O)n(C)c(=O)n2C,0
CCc1ccccc1N1CSC2=C(C#N)C(c3cc(OC)c(OC)cc3OC)CC(=O)N2C1,0
CN1CCN(Cc2cc(=O)oc3ccc(Cl)cc23)CC1,0
CCN(CCNC(=O)Nc1ccc(Cl)cc1)c1ccccc1,0
CCn1c(COc2ccccc2)nnc1SCc1ccc(C#N)cc1,0
Cc1cccc(N(CC(N)=O)C2SC(=O)N(c3ccccc3)C2=O)c1,0
COC(=O)CN1C(=O)N(c2ccccc2)C(N(O)C(=O)Nc2ccccc2)C1(C)C,0
CCCCn1nnnc1NCc1ccc(OC)c(OC)c1OC,0
Cc1ccc(-n2c(Cc3cccn3C)nnc2SCC(=O)Nc2cc(C)on2)cc1,0
O=C1OC2(CCCCC2)OC(=O)C1=CNc1nccs1,0
CC(C)CC(=O)Nc1nnn(C)n1,0
CC(NCCN1CCOCC1)=C1C(=O)c2ccccc2C1=O,0
CCc1c(C)nc2ncnn2c1N1CCCC(C(=O)NCCc2ccccc2)C1,0
COc1ccc(-c2nc(SCC(=O)N3CCOCC3)n[nH]2)cc1,0
COC(=O)c1ccc(S(=O)(=O)NCCSc2nnc3c4ccccc4n(C)c3n2)cc1,0
O=C(NCc1ccco1)c1noc2c1CCCCC2,0
CC(C)c1cc(C(=O)NCc2cccnc2)no1,0
Cc1cc(C)n(-c2ccc(Cl)c(C(=O)O)n2)n1,0
COc1ccc(NC(=O)Cc2ccc(Cl)cc2)cc1NC(=O)c1ccco1,0
Cn1c(=O)c2c(ncn2CC(O)CNc2ccc(Cl)cc2)n(C)c1=O,0
O=C(Cn1c(=S)nc2ccccn21)N1CCc2ccccc2C1,0
COc1cc(NS(=O)(=O)c2ccc3c(c2)oc(=O)n3C)cc(OC)c1OC,0
Cc1csc2nc(CNS(=O)(=O)c3cccnc3)cn12,0
Cc1nc2c(C(=O)NCc3ccc(F)cc3)c[nH]n2c(=O)c1Cl,0
CCOC(=O)CSc1nnc(CNC(=O)c2ccc(OC)c(OC)c2)n1C,0
c1ccc2c(NC3CCCC3)nnc(NC3CCCC3)c2c1,0
COc1cccc(N2CC(C(=O)Nc3c(C)cccc3C)CC2=O)c1,0
N#Cc1nc(Cc2cccc3ccccc23)oc1NCc1ccc2c(c1)OCO2,0
Cc1nc2ccc(NC(=O)N3CCCCC3)cc2s1,0
CCN(C)c1ccc(/C=N/n2nnnc2N)cc1,0
COC(=O)C1CCN(C(=O)CSc2nnc(-c3ccncc3)o2)CC1,0
COc1nc(-c2ccccc2)ccc1-c1noc(C)n1,0
O=C1CCCN1CCCNc1ncnc2c1[nH]c1ccccc12,0
O=C(Nc1ccc2c(c1)OCO2)c1c(Cl)nc2sccn12,0
Cc1ccc(N2CC(C(=O)OCC(=O)C(C)(C)C)CC2=O)cc1C,0
Cc1ccc(-c2cc(C(=O)NCCCN3CCOCC3)no2)cc1,0
CCOC(=O)c1csc(NC(=O)CSc2nnc(C3CC3)n2C)n1,0
c1ccc(-c2nnc(SCc3nc4ccccc4[nH]3)n2Cc2ccco2)nc1,0
CCOC(=O)COc1ccc2nsnc2c1Cl,0
O=C(Cn1nnc(-c2ccccc2)n1)NCc1cccs1,0
Cn1c(=O)c(C(=O)CSc2nncs2)c(N)n(Cc2ccccc2)c1=O,0
COc1ccc(-c2nnnn2C)cc1S(=O)(=O)NCCc1ccccc1,0
CCS(=O)(=O)N1CCC(NC(C)=O)(c2ccccc2)CC1,0
Cn1c(SCC(N)=O)nnc1C1CCN(C(=O)NCc2ccccc2)CC1,0
CCCn1nnc(NC(=O)c2ccc(OCC)c(Cl)c2)n1,0
Cc1cc(NCCCn2ccnc2)n2c(nc3ccccc32)c1C#N,0
Cc1cccn2c(=O)c3cc(C(=O)NCCCN4CCOCC4)n(C)c3nc12,0
COc1ccccc1C(=O)Nc1ccc(-c2nnc(SCC(=O)O)n2C)cc1,0
CC(=O)N1CCN(c2nc(CC(C)C)c3c(c2C#N)CCC3)CC1,0
CCn1c(SCC(=O)NCc2ccc(F)cc2)nc2c(c1=O)SC(C)C2,0
O=c1c2c(n3nnnc3n1Cc1ccccc1)-c1ccccc1CC21CCCC1,0
CC(C)Cn1cnc2c(N)nc3ccccc3c21,0
COc1cc(NC(=O)Cc2ccc(Cl)cc2)ccc1NC(=O)c1ccco1,0
Cc1onc(-c2c(Cl)cccc2Cl)c1C(N)=O,0
COc1cccc(NC(=O)Nc2cc(C)ccc2F)c1,0
COCCn1c(SCC(=O)N2CCCC2)nnc1C(C)C,0
O=C(NCc1ccc(C(=O)N2CCC3(CC2)OCCO3)cc1)c1ccc2c(c1)OCO2,0
Clc1ccc(OCc2nn3c(-c4ccco4)nnc3s2)cc1,0
CC(C)OC(=O)CSc1nnc(-c2ccccn2)n1-c1ccccc1,0
O=C(Nc1cccc(O)c1)c1cc(S(=O)(=O)N2CCCC2)ccc1Cl,0
CCOC(=O)c1c(NC(=O)CSc2nc3c(c(=O)n(C)c(=O)n3C)n2C(C)C)sc(C)c1C,0
O=C(CSc1nc2n(-c3ccccc3)[nH]cc-2c(=O)n1)N1CCOCC1,0
COc1cc(C(=O)Nc2ccc3c(c2)OCO3)ccc1-n1cnnn1,0
CCCOC(=O)Nc1cc(OC)c(Cl)cc1OC,0
O=C1Nc2ccccc2C(=O)/C1=C(\O)NCC1CCCO1,0
CCN(CC)S(=O)(=O)N1CCC(C(=O)NC2CCCC2)CC1,0
CCOC(=O)N1CCC(NC(=O)CSCc2nc(-c3sccc3C)oc2C)CC1,0
CCS(=O)(=O)N1CCCC(C(=O)NCc2cccc(OC)c2)C1,0
O=C(CN1CCCC1)Nc1ccc(-c2nc3cc(NC(=O)CN4CCCC4)ccc3o2)cc1,0
N#Cc1cc2c(nc1SCC(=O)Nc1ccc(Cl)cc1)C1CCN2CC1,0
Cc1ccc(C(=O)n2cnnc2N)cc1C,0
CCCn1cnc2c(c1=O)c1nc3ccccc3nc1n2CCC1=CCCCC1,0
CCCC(=O)Nc1ccc(NC(=O)c2ccccn2)cn1,0
Cc1ccc(OCC(=O)NCc2ccco2)cc1C,0
CC1CCN(C(=O)COC(=O)c2cc3ccccc3cc2O)CC1,0
O=C1CCC(C(=O)Nc2cccc3ccccc23)N1,0
CCCn1nnnc1SCC(=O)NCc1ccccc1,0
COc1ccc2c(CSc3nc4nc(C)cc(C)n4n3)cc(=O)oc2c1,0
Cc1ccc(C(c2sc3ncnn3c2O)N2CCCCC2)cc1,0
COc1ccccc1Cc1noc(C(C)(C)NC(=O)c2ccccc2)n1,0
Cc1ccc(-n2ncc(C#N)c2/N=C/N2CCCCCC2)cc1,0
Nc1c(C(=O)NCCc2ccccc2)c2nc3ccccc3nc2n1CCN1CCOCC1,0
O=C(Nc1ccccn1)c1ccc(=O)[nH]n1,0
Cc1cc2cc(CN(C(=O)C3CC3)C3CCCC3)c3nnnn3c2cc1C,0
O=C(CSc1ccc(Cl)cc1)OCc1nnc(-c2ccccc2)o1,0
O=C1OC(Nc2nccs2)c2ccccc21,0
CCc1nnc(NC(=O)CSc2nnc(-c3ccncc3)n2Cc2ccccc2)s1,0
O=C(O)CSc1nnc(CNc2ccc(Cl)cc2)n1Cc1ccccc1,0
O=C(CC1SC2=NCCN2C1=O)Nc1ccc(Cl)cc1,0
Cc1ccc(S(=O)(=O)NCc2ccco2)cc1C,0
COc1nc(N)nc(CC(=O)C2CC2)n1,0
COCC(=O)NC(C)c1nc2ccccc2[nH]1,0
CCC(c1nnnn1Cc1ccc2c(c1)OCO2)N1CCN(c2ccccc2)CC1,0
O=C(Cn1nc(-c2ccccc2)ccc1=O)NCc1ccc2c(c1)OCO2,0
CCOc1ccccc1N1CCN(S(=O)(=O)c2cccc3nsnc23)CC1,0
Cn1nnnc1SCC(=O)N1c2ccccc2CCc2ccccc21,0
CCC(=O)Nc1ccc(C(=O)Nc2cccnc2)cc1,0
CCn1nnnc1-c1ccc(OC)c(S(=O)(=O)N2CCCCC2)c1,0
CNC(=O)CN(c1cc(C)ccc1C)S(C)(=O)=O,0
CSc1nsc(SCC(=O)Nc2c(C)n(C)n(-c3ccccc3)c2=O)n1,0
Cc1cc(Nc2ccccc2)n(-c2nc3ccccc3[nH]2)n1,0
CCc1nnc(NS(=O)(=O)c2ccc(NC(=O)OC)cc2)s1,0
COc1cccc(N2CCN(c3ncccn3)CC2)c1,0
Cn1c(=O)[nH]c(=O)c2c1nc(N1CCc3ccccc3C1)n2CCSc1nc2ccccc2s1,0
COc1cccc(OC)c1-c1nn2c(-c3ccccc3Cl)nnc2s1,0
Cc1ccc(S(=O)(=O)N(CCC#N)CCN2CCCC2)cc1,0
CC(C)c1cc(=O)oc2c3c4c(cc12)CCCN4CCC3,0
CC(C)c1ccc(-c2[nH]c(N3CCCCC3)nc(=O)c2C#N)cc1,0
CC1CCN(C(=O)CSc2nnc(-c3cccnc3)n2C2CCCCC2)CC1,0
CN(CCCNC(=O)C1CCN(S(=O)(=O)c2cccc3nsnc23)CC1)Cc1ccccc1,0
Cc1c(C#N)c(/N=C/N(C)C)c(C(=O)c2ccccc2)n1-c1ccccc1,0
O=C(COc1ccc(S(=O)(=O)NC2CCCCC2)cc1)Nc1ccc2c(c1)OCCO2,0
Cc1cc(SCC(=O)NC(=O)NCc2ccco2)nc2ccccc12,0
CN(c1ccc(C(=O)Nc2ccccc2C(=O)N2CCCC2)cc1)S(C)(=O)=O,0
O=C1NC2(CCCC2)N=C1c1ccc(Cl)cc1,0
CC(Oc1ccc(Cl)cc1)C(=O)Nc1nccs1,0
CCS(=O)(=O)N1CCCC(C(=O)NCCCOC(C)C)C1,0
COc1ccccc1NC(=O)NC(N)=O,0
O=C(c1ccco1)N1CCN(c2ncccn2)CC1,0
c1ccc(Cn2nnc3c(N4CCc5ccccc5C4)ncnc32)cc1,0
O=C(CCCn1c(=O)[nH]c2ccccc2c1=O)N1CCN(c2ccccn2)CC1,0
Oc1c(CN2CCc3ccccc3C2)cc(Cl)c2cccnc12,0
O=C(NCc1cccs1)c1cnc2ccccn2c1=O,0
C/C=C/c1ccc(OCCCCn2cncn2)c(OC)c1,0
CC(C)CC(=O)Nc1ccc2oc(-c3cccnc3)nc2c1,0
COc1ccc(C2C(C#N)=C(N)Oc3n[nH]c(C)c32)cc1CSc1ccccn1,0
N#Cc1nc(-c2cccs2)oc1NCCN1CCOCC1,0
Cn1c(CCN2CCCCC2)nc2cc(NC(=O)C3CCCCC3)ccc21,0
O=C(Nc1ccccn1)N1CCOCC1,0
Cc1cc(C)n2nc(SCc3nc4ccccc4[nH]3)nc2n1,0
O=C(Nc1ccccc1O)c1ccccc1O,0
C1=C(N2CCOCC2)/C(=C/c2nc3ccccc3[nH]2)CC1,0
Cc1ccc(-n2c(SCC(=O)Nc3ccc4c(c3)OCO4)nnc2-c2cccs2)cc1,0
CCC(C)N1CC(C(=O)NC2CCCCC2)CC1=O,0
Nc1ccc(Nc2ccccc2)c(Cl)c1,0
Cc1nc(NCCNC(=O)c2ccco2)c2c(C)c(C)sc2n1,0
O=C(Nc1ccc2c(c1)OCO2)C1CCN(S(=O)(=O)c2cccs2)CC1,0
CCC(C)NC(=O)C1CCCN(S(=O)(=O)c2ccc(-n3cnnn3)cc2)C1,0
O=c1nc(N2CCCCC2)[nH]c2c1CCCC2,0
CCOc1ccc(-c2nc(C#N)c(NC3CC3)o2)cc1,0
Cn1c(=O)cc(SCC(=O)NCc2ccco2)c2ccccc21,0
O=C(CSc1nnc(-c2cccnc2)o1)Oc1ccccc1,0
N#Cc1nc(COc2ccccc2)oc1N1CCCCC1,0
O=C(Cc1cccs1)Nc1nnc(-c2ccncc2)s1,1
CC(=O)Nc1ccc(-n2c(C)nc(=O)c(-c3ccccc3)c2C)cc1,0
CCOc1ccc(Nc2cc(C)nc(N3CCOCC3)n2)cc1,0
CCCn1c(SCC(=O)Nc2sc(C)c(C)c2C(=O)OCC)nc2c1c(=O)n(C)c(=O)n2C,0
O=C(Nc1nnc(C23CC4CC(CC(C4)C2)C3)s1)c1ccco1,0
Fc1cnc(N2CCOCC2)nc1N1CCc2ccccc21,0
Cn1c(=O)[nH]c(=O)c2c1nc(Sc1nc3ccccc3s1)n2Cc1ccccc1,0
O=C(CCN1C(=O)C2C3C=CC(C3)C2C1=O)Nc1ccc(F)cc1,0
O=C(Cn1nc(Cc2cccnc2)c2ccccc2c1=O)N1CCN(C(=O)c2ccco2)CC1,0
COc1nc(NCC(C)C)nc(Oc2ccc(OCc3ccccc3)nn2)n1,0
c1ccc2[nH]c(NCCCN3CCOCC3)nc2c1,0
Cc1ccc(/N=C(/c2cccs2)N2CCOCC2)cc1,0
COCCn1c(SCC(=O)NCCc2ccccc2)nnc1-c1ccco1,0
Cc1nnc(SCCn2c(N3CCN(C)CC3)nc3c2c(=O)[nH]c(=O)n3C)s1,0
Cc1cccc(NCC(O)Cn2cnc3c2c(=O)n(C)c(=O)n3C)c1,0
Cc1ccc(S(=O)(=O)N2CCN(Cc3cccc(C)c3O)CC2)cc1,0
COc1ccc(S(=O)(=O)Cc2ccc(C(=O)NC3CC3)o2)cc1,0
O=C(CCCn1c(=S)[nH]c2ccccc2c1=O)N1CCOCC1,0
CCN(c1ccccc1)S(=O)(=O)c1ccc(N)cc1,0
Cc1cc(C(=O)N2CCN(c3cccc(Cl)c3)CC2)c(C)o1,0
CC(C)C(=O)N1c2ccccc2NC2=C(C(=O)CCC2)C1c1ccc(N(C)C)cc1,0
CCOC(=O)c1oc2ccccc2c1NC(=O)c1ccc2c(c1)OCO2,0
CC(=O)CSc1nc2ccc(Nc3nc(N4CCOCC4)nc(N4CCOCC4)n3)cc2s1,0
Cc1ccc(S(=O)(=O)Nc2nc3ccccc3nc2NCc2ccco2)cc1,0
Nn1c(SCc2ccccc2)nnc1-c1ccco1,0
COc1ccc(C(=O)NC(=O)Nc2cc(C)ccn2)cc1,0
C/N=C1\c2ccccc2CN1c1cccc(C(=O)OC)c1,0
Cc1nc(N2CCN(c3ccccc3)CC2)nc2c1C(=O)CCC2,0
CC(C)c1nnc(NC(=O)Cn2nc(-c3ccc4c(c3)OCCO4)ccc2=O)s1,0
CCOC(=O)N1CCC(Nc2ccc3nnc(-c4ccccc4)n3n2)CC1,0
Cc1cc(C)n(-c2cc(N3CCOCC3)nc(-c3ccccc3)n2)n1,0
N#Cc1nc(-c2ccco2)oc1NCCCN1CCOCC1,0
CCCCNC(=O)C1CCCN1C(=O)Nc1cccc(OC)c1,0
O=C(CCN1CCN(c2ccccc2)CC1)Nc1ccccc1F,0
Nn1c(SCc2cccc(C(F)(F)F)c2)nnc1-c1ccco1,0
Cc1ccc(S(=O)(=O)Cc2ccc(C(=O)N3CCC4(CC3)OCCO4)o2)cc1,0
CC(NC(=O)c1cccnc1)C(c1cccs1)N1CCOCC1,0
Cc1ccc(NC(=O)CN(C)S(=O)(=O)c2cnc[nH]2)cc1C,0
CC(CCc1ccccc1)NC(=O)CSc1nc(N)cc(N)n1,0
N#CC1=C(SCC(=O)NC2CC2)NC(=O)C(C#N)C12CCCCC2,0
Cc1nc2ncnn2c(C)c1CCC(=O)N1CCN(c2ccccn2)CC1,0
N#CCSc1nc2c(c(C3CC=CCC3)c1C#N)CCC2,0
O=C(Nc1ccc2c(c1)OCO2)c1cnn2cccnc12,0
Cc1noc(C)c1S(=O)(=O)N1CCN(C(c2ccccc2)c2ccc(Cl)cc2)CC1,0
Cc1nnc(SCC(=O)Nc2ncc3c(n2)CCCC3=O)s1,0
Nc1c(C(=O)NCCN2CCOCC2)c2nc3ccccc3nc2n1-c1ccccc1,0
O=C(CSc1nnnn1-c1ccc2c(c1)OCCO2)Nc1nc2c(s1)CCCC2,0
CCOC(=O)c1ccc(-n2ncc(C(=O)OCC)c2N)cc1,0
c1ccc2c(-c3nc(C4CCCCC4)no3)cc(-c3ccncc3)nc2c1,0
COc1ccc(-c2cn3c(C)c(C(=O)Nc4ccncc4)sc3n2)cc1,0
N#CC1=C(NCCc2ccccc2)C(=O)NCCC1,0
O=C(Nc1nnc(C(F)(F)F)s1)c1cccnc1,0
CC12CN3CC(C)(CN(C1)C3c1ccc3c(c1)OCO3)C2=O,0
CC(NC1CCN(Cc2ccccc2)CC1)=C1C(=O)N(C)C(=O)N(C)C1=O,0
COc1cccc(CNC2CCCC2)c1,0
OCCCC1=NC2=NC(c3cccs3)=CC(c3ccccc3Cl)N2N1,0
Cc1csc(NC(=O)CSc2nnc(-c3ccccn3)n2-c2ccc(C)c(C)c2)n1,0
COc1ccc(N(CC(=O)NC2CCCC2)C(=O)c2ccc(N3CCCCC3)nc2)cc1,0
CCN1CCN(c2ncnc3c2[nH]c2ccc(F)cc23)CC1,0
Cc1ccnc(N2CCC(C(=O)Nc3ccc4c(c3)CCC4)CC2)n1,0
Cc1cc(NC(=O)Cn2nc(C(F)(F)F)c3c2CCC3)no1,0
CN1C(=O)CSc2ccc(NC(=O)N3CCN(c4ccccn4)CC3)cc21,0
C=CCn1c(SCCC(=O)O)nnc1-c1cccs1,0
CC1=C(n2nnc3ccccc32)C(c2ccccc2)C(C#N)=C(N)O1,0
COc1ccc(C(=O)Nc2ccc(-c3ccc(C)o3)cc2)cc1S(=O)(=O)N1CCOCC1,0
COC(=O)C1CCN(C(=O)NC(C)(C)C)CC1,0
CC(=O)c1cccc(NC2c3ncccc3C(=O)N2Cc2ccco2)c1,0
COc1ccc(-c2cc3ccccc3n2CC(O)Cn2nc(C)cc2C)cc1,0
Cc1occc1-c1nnc(SCC(=O)c2ccc(Cl)cc2)n1C,0
CCn1nc(CC(=O)Nc2ccc(-n3cnnn3)c(C)c2)c2ccccc2c1=O,0
Nc1ccnn1Cc1cccnc1,0
CCOc1ccc(-c2nc3n(c(=O)c2C#N)CCCS3)cc1,0
Cc1ccc(NC(=O)c2c(C)nc(Nc3nc4ccccc4o3)nc2C)cc1,0
CCCc1nnc(SCc2ccc(OCC)cc2)n1N,0
CCCOc1ccc(CSc2ncn[nH]2)cc1,0
O=C(NCc1cccnc1)c1ccccn1,0
CCCCn1nnc(NC(=O)c2ccco2)n1,0
CCN(CC)S(=O)(=O)c1ccc(Nc2cc(C)nc3ncnn23)cc1,0
CC(=O)NC(Cc1c[nH]c2ccccc12)C(=O)N1CCc2ccccc2C1,0
Cc1ccc(Cn2ncn3c(cc4ccccc43)c2=O)cc1,0
Cc1cccc(-c2noc(CCC(=O)Nc3ccccc3)n2)c1,0
CCCCn1c(CN2CCN(c3ccccc3)CC2)nc2c1c(=O)n(C)c(=O)n2C,0
O=c1c2ccccc2nc2ccc(NCc3ccco3)nn12,0
Cc1ccc2[nH]c3c(=O)n(CCCN4CCOCC4)cnc3c2c1,0
CCOC(=O)c1sc(NC(=O)CSc2nnnn2-c2ccccc2)c(C(=O)OCC)c1C,0
Cn1c(=O)cc(OCCCC(=O)Nc2ccccn2)c2ccccc21,0
c1ccc(-c2nn3c(-c4ccccc4)nnc3s2)cc1,0
O=C(O)CCSc1ccc2ccccc2n1,0
Cc1ccccc1-n1nc(C)c2cc(C(=O)N3CCOCC3)sc21,0
COc1ccccc1Nc1nc(N)nc(CSc2nnc(C)s2)n1,0
O=C(CSc1ccccc1)NCc1cccnc1,0
N#CC1(c2c(O)n3c(nc2=O)SCCC3)CCCCC1,0
C=CCn1c(-c2ccc(OC)c(OC)c2)n[nH]c1=S,0
Cc1ccc(C)c(Nc2ncnc3nc[nH]c23)c1,0
Cc1ccc(-c2nnc(N(C)C(=O)c3ccccn3)s2)cn1,0
CCN1CCN(c2ncnc3c2oc2nc(C(C)C)c4c(c23)CCC4)CC1,0
c1ccc(CNCCN2CCNCC2)nc1,0
O=C(Nc1cnn(Cc2ccc(F)cc2)c1)c1cnccn1,0
C=CCn1c(SCC(=O)N2CCOCC2)nc2sc3c(c2c1=O)CCCC3,0
Cc1[nH]c(N2CCOCC2)nc(=O)c1CCC(C)C,0
O=C1CN(C(=O)c2cccs2)c2ccccc2N1,0
CC(C)n1c2ccccc2c2nc3ccccc3nc21,0
O=c1c2c(nc3nc(Cc4ccccc4)[nH]n13)CCC2,0
O=C(c1cccc(Cl)c1)N1CCCC(C(=O)N2CCCCCC2)C1,0
COc1ccc(C)cc1NC(=O)c1cnc2scc(C)n2c1=O,0
CCC1(CC)C(=O)NC(=O)N=C1Nc1cccc(OC)c1,0
CCCCn1c(C(C)NC(=O)c2cccs2)nc2ccccc21,0
CC(C)C(=O)NC(C)C(c1cccs1)N1CCOCC1,0
Cc1nn(Cc2ccccc2Cl)c(C)c1N,0
COc1ccccc1Nc1ncc(C(=O)N2CCC(C(N)=O)CC2)c2ccccc12,0
CC(C)CCNC(=O)NC(=O)CSc1nnc(COc2ccccc2Cl)o1,0
CC(=O)NC(Cc1cc(C)ccc1C)C(=O)N1CCN(C(=O)Nc2ccc(C(C)=O)cc2)CC1,0
Cc1ccc(-c2nnc(SCC(=O)Nc3ccccc3F)o2)cc1,0
O=C(O)C(Cc1ccccc1)NC(=O)N1CCOCC1,0
Nc1ccc(Sc2nnnn2-c2ccccc2)c(Cl)c1,0
Cc1ccc2c(C(=O)CN3CCCC3)c(C)[nH]c2c1,0
Cn1c(=O)c2c(nc(SCC(=O)OCc3ccccc3)n2C)n(C)c1=O,0
COC(=O)C(NC(=O)c1ccccc1)(Nc1nccs1)C(F)(F)F,0
c1ccc(Cc2nnc3n2CCCCC3)cc1,0
COCCn1c(Cc2ccccc2)nnc1SCC(=O)NC(C)(C)C,0
O=C(Nc1cc(=O)c2ccccc2o1)N1CCCCC1,0
COCCn1c(SCc2cccnc2)nnc1-c1ccco1,0
O=C(O)CSc1nnc(-c2ccccc2)o1,0
CC(C)CNC(=O)c1cccc(NC(=O)C2CCCO2)c1,0
CCCn1nnnc1SCC(=O)Nc1ccc(F)cc1,0
Cc1cc(C)n2nc(SCC(=O)Nc3c(C)nn(-c4ccccc4)c3C)nc2n1,0
CCOC(=O)c1nc(NCc2cccnc2)c2ccccc2n1,0
Cc1ccc2c(CSc3nnc(C4CC4)n3N)cc(=O)oc2c1C,0
CC(C)CC(=O)Nc1ccccc1N1CCCC1,0
Cc1nc2cc(NC(=O)NCc3ccco3)ccc2n1C,0
COc1ccccc1N(CC(=O)NC(C)(C)C)C(=O)Cn1nnc(-c2ccc(C)o2)n1,0
COc1ccc(OC)c(NC(=O)Nc2cccc(Cn3cccn3)c2)c1,0
CC(NC(=O)Cc1ccc(F)cc1)C(c1cccs1)N1CCN(C)CC1,0
CCOC(=O)N1CCN(c2c(NC3CCN(Cc4ccccc4)CC3)c(=O)c2=O)CC1,0
CCN(C#N)c1nc(N(C)C)nc(N(C)C)n1,0
CCOC(=O)c1c(NC(=O)CSc2nnc(-c3cccnc3)o2)sc(C)c1C,0
Cn1c(Cn2cnc3ccccc32)nnc1SCC(=O)CC(=O)Nc1ccccc1,0
COc1ccc(-c2cs/c(=N\c3ccccc3)n2CCO)cc1,0
CC(C)c1nnc(NC(=O)CN2C(=O)c3ccccc3C2=O)s1,0
CCC(C)(C)NC(=O)CN(C(=O)CCC(=O)Nc1cc(C)ccn1)c1ccc2c(c1)OCO2,0
O=C(Nc1ccccc1C(=O)NCc1ccc(Cl)cc1)c1ccco1,0
O=C(Nc1cccnc1)c1noc2c1CCCC2,0
COc1ccc(C(=O)n2nc(-c3ccc(C)cc3)nc2N)cc1OC,0
COC(=O)C1CCN(C(=O)c2ccccc2NC(C)=O)CC1,0
O=C(O)CC(Cn1cnnn1)c1ccccc1,0
OCCNc1nc(-c2ccccc2)c2ccccc2n1,0
O=C(Sc1nnc(-c2ccccc2)o1)N1c2ccccc2Sc2ccccc21,0
O=C(CCN1CCOCC1)Nc1ccc2c(c1)CCC2,0
COc1cccc(CNc2nc3nc(C)cc(C)n3n2)c1,0
CC(C)Cc1cc(C(=O)NCCN2CCOCC2)no1,0
Cc1cc(=O)n2nc(-c3ccccc3)sc2c1C#N,0
COc1ccccc1NCCC(=O)OCC(=O)NCc1ccco1,0
O=C(Cc1cccs1)N(Cc1ccco1)C1(C(=O)NC2CCCC2)CCCCC1,0
N#CCc1nc(CSc2nc3ccccc3s2)cs1,0
O=c1nn[nH]c2c1sc1nc(N3CCOCC3)c3c(c12)CCCC3,0
C1CCN(c2nc3nonc3nc2N2CCCC2)C1,0
CN(C=C1C(=O)CC(C)(C)CC1=O)CCN1CCNCC1,0
Cc1ccccc1-c1noc(-c2cccs2)n1,0
COc1ccc(-c2nc(CNS(=O)(=O)c3cc(OC)ccc3OC)cs2)cc1,0
COc1ccc(C(CC(=O)O)NC(C)=O)cc1OC,0
COc1ccc(Cn2c(=O)[nH]c3cc(C(=O)NCCCN4CCCC4)ccc3c2=O)cc1,0
Cc1ccnc(NS(=O)(=O)c2ccc(NC(=O)Cc3cccs3)cc2)n1,0
COc1ccc(-n2nnnc2SCC(=O)c2ccc(O)c(O)c2)cc1,0
COC(=O)C1C2C=CC3(CN(c4ccc(Cl)c(F)c4)C(=O)C13)O2,0
Cn1c(=O)c2c(nc(SCC(=O)Nc3ccccc3N3CCCCC3)n2C)n(C)c1=O,0
CCOC(=O)CC(=O)CSc1ncc(C(=O)OCC)c(N)n1,0
Cc1ccc(S(=O)(=O)N(C)CCCC(=O)NCc2ccc3c(c2)OCO3)cc1,0
O=C(COc1ccc(S(=O)(=O)N2CCCC2)cc1)NCc1ccco1,0
Cn1ncc(C#N)c1/N=C/N1CCCCC1,0
COc1ccc(N(C)C(=O)CCS(=O)(=O)c2cccc3nonc23)cc1,0
CCc1nnc(NC(=O)C2CCN(c3nccc(C)n3)CC2)s1,0
c1ccc(-c2noc(CSc3nc4ccccc4o3)n2)cc1,0
Cn1c2c(c3ccccc31)CCSC2=O,0
N#CC12CCCCC1CC1CCCCC1(C#N)N2Cc1ccccn1,0
O=C1C(=O)N(CCCn2ccnc2)C(c2cccnc2)/C1=C(/O)c1ccccc1,0
Fc1ccccc1-c1nc(-c2ccccc2)no1,0
OCc1ccccc1/N=c1/ssnc1Cl,0
CCn1nnnc1SCC(=O)Nc1cccc(C)n1,0
Cc1cccc(Nc2nc(N)nc(CN3CCC(C(N)=O)CC3)n2)c1C,0
CC(C)N(CCCNC(=O)CC1Oc2ccccc2NC1=O)Cc1ccccc1,0
CCc1ccc(S(=O)(=O)NCCc2cn3ccsc3n2)s1,0
O=C(NCc1ccccc1)c1cnc2n(c1=O)CCS2,0
Nc1c(C(=O)N2CCCCC2)sc(=S)n1-c1ccccc1,0
Cn1c(SCC(=O)Nc2ccc3c(c2)OCCO3)nnc1-c1ccco1,0
O=C(CSc1nnnn1-c1ccccc1)Nc1ccc(Cl)cn1,0
Cc1n[nH]c(C)c1S(=O)(=O)N1CCN(c2ccccn2)CC1,0
CCOC(=O)c1sc(NC(=O)CSc2nnc3c4ccccc4n(C(C)C)c3n2)nc1C,0
COc1ccc(Cl)cc1NC(=O)C1CSC(c2ccncc2)=N1,0
Cc1ccc2cc(CN(Cc3nnnn3C3CCCCC3)CC3CCCO3)c(=O)[nH]c2c1,0
C=CCOc1ccc(/C(O)=C2/C(=O)C(=O)N(CCCN3CCOCC3)C2c2ccccc2)cc1,0
COc1ccccc1-c1cc(C(=O)Nc2cc(C)on2)no1,0
COc1ccc(-c2c3c(=O)n(C)c(=O)n(C)c3cn2Cc2ccccn2)cc1,0
CCC(Oc1ccccc1)C(=O)N1CCN(c2ccccn2)CC1,0
Fc1ccc(C2CC(c3ccccc3)N=C3N=CNN32)cc1,0
CC(C)c1ccc2c(c1)N/C(=C1/C=C(N)C=CC1=O)O2,0
CCCCCc1nnc(NC(=O)C2CCCO2)s1,0
O=C(Cc1n[nH]c(=O)c2ccccc12)Nc1cccc(-c2nnc3n2CCCCC3)c1,0
COc1ccc(C(=O)Nc2nnc(-c3ccccc3)o2)cc1OC,0
CCOC(=O)c1c(N)sc(C(=O)N2CCCC2)c1C,0
COCCOC(=O)C1=C(C)NC(=O)NC1c1cccs1,0
c1cncc(-c2noc(C34CC5CC(CC(C5)C3)C4)n2)c1,0
Clc1ccc(Cc2nn3c(-c4ccncc4)nnc3s2)cc1,0
Cn1cc(/C=N/n2cnc3scc(-c4ccccc4)c3c2=O)c2ccccc21,0
CCSc1nc2ccccc2n1S(=O)(=O)c1ccccc1,0
CC(C)CCC(C(=O)O)C(C)CC(=O)NC1CCCCC1,0
O=C(Cc1cccs1)N1CCC(c2nc3n(Cc4ccccc4Cl)[nH]nc-3c(=O)n2)CC1,0
O=C(CCc1nc2ccccc2[nH]1)NC1CCCCC1,0
c1ccc2c(c1)CCN(c1nc3ccccc3n3cnnc13)C2,0
CCC12CC3CC(C1)CC(C(=O)Nc1nn[nH]n1)(C3)C2,0
CC(C)CC(OC(=O)c1cccs1)C(=O)NCc1ccco1,0
NC(=O)CSc1nc2sc3c(c2c2ncnn12)CCCC3,0
COc1ccc(C(=O)NC2=C(C#N)CCC2)cc1OC,0
Cc1cccc(NC(=O)CSc2nnc(-c3ccncc3)n2C)c1,0
CSc1nc(-c2ccco2)nn1C(=O)c1ccco1,0
Cc1cccc(-c2nnc(-c3ccccc3)o2)c1,0
CC(C)c1nc(SCC(=O)NCc2ccccc2)n[nH]1,0
CN(Cc1ccccc1)c1oc(-c2ccco2)nc1C#N,0
O=C(NC1CC1)C1CCN(c2ccc(S(=O)(=O)N3CCOCC3)cc2Cl)CC1,0
CC(C)(C)n1ncc2c(=O)n(Cc3c(F)cccc3Cl)cnc21,0
CC(=O)Nc1ccc2nc(SCC(=O)O)sc2c1,0
Cc1cc2c(s1)c1cnn(Cc3ccccc3F)c(=O)c1n2C,0
CCNc1nc(NC#N)nc(SCC(=O)OCC)n1,0
Cc1ccccc1NC(=O)c1cnn(-c2ccccc2)c1NC(=O)c1ccco1,0
Cc1ccc(Cl)cc1NC(=O)CSc1nnc(C)n1-c1ccccc1,0
COc1cc(-c2nnc3sc(-c4cccs4)nn23)cc(OC)c1OC,0
C=CCSc1ncccc1C(=O)NCc1ccccc1,0
C=CCSc1nnc2c(n1)OC(c1cccnc1)Nc1ccccc1-2,0
Cc1cc(N2CCN(C(=O)c3ccco3)CC2)n2nc(C)nc2n1,0
COc1ccc(-c2nn(-c3ccccc3)cc2/C=N/n2cnnc2)cc1OC,0
CCn1cnc2sc(C(=O)O)c(C)c2c1=O,0
c1ccc2[nH]c(NCCN3CCOCC3)nc2c1,0
CC(=O)OC(Cn1nc(C)cc1C)c1ccccc1,0
COc1cccc(-c2cn3nc4c(nc3n2)CCCC4)c1,0
CCC(=O)Nc1cccc(NC(=O)CSc2nnc(-c3ccc(NS(C)(=O)=O)cc3)n2C)c1,0
O=S(=O)(Nc1ccc(C(F)(F)F)cc1)c1cnc[nH]1,0
CCSc1nc(N)c(C#N)c(-c2ccccc2Cl)c1C#N,0
COc1ccc2c(c1)CCc1c(C(=O)NCc3cccnc3)noc1-2,0
COC(=O)C1=C(Cn2cnc3ccccc32)NC(=O)NC1c1cc(C)ccc1C,0
CCOC(=O)C(C)Sc1ncnc2c1nnn2-c1ccc(F)cc1,0
c1ccc2nc3c(nc2c1)c1ccccc1n3CCN1CCOCC1,0
COc1ccccc1-n1cnc2cc(NCc3ccco3)ccc21,0
COc1ccc(-c2nc(CS(=O)CC(=O)N3CCc4ccccc4C3)c(C)o2)cc1,0
O=C(NCc1ccccn1)c1cn(Cc2ccccc2)nn1,0
CN(C)S(=O)(=O)N1CCN(C(=O)N(c2ccccc2)c2ccccc2)CC1,0
N#Cc1nc(N2CCCC2)nc(N2CCCC2)n1,0
COc1ccc2c(c1)CCc1c(C(=O)Nc3c(C)n(C)n(-c4ccccc4)c3=O)noc1-2,0
CCOC(=O)c1ccc(CNC(=O)CSc2nnnn2-c2ccc(Cl)cc2)o1,0
c1ccc(-c2nnc(CN3CCCc4ccccc43)o2)cc1,0
O=C1C=CC=C/C1=C1\N=C(NCc2ccco2)c2ccccc2N1,0
CSc1ccccc1NC(=O)CCn1c(=O)sc2ccccc21,0
COC(=O)CCc1n[nH]c(=O)[nH]c1=O,0
CS(=O)(=O)Nc1ccc(C(=O)N2CCCCC2)cc1,0
Cc1ccc(-n2nnc3c(SCC(=O)NCC4CCCO4)ncnc32)cc1,0
O=C(O)c1cccc(N2C(=O)CSC2c2c(F)cccc2Cl)c1,0
Cc1cc2ncn(CCOc3ccccc3C#N)c2cc1C,0
COc1cc(NC(=O)Cn2nnc(-c3ccncc3)n2)cc(OC)c1,0
Cc1onc(-c2ccccc2)c1C(=O)N1CCCc2ccccc21,0
Cc1ccc(S(=O)(=O)c2cc3c(=O)n4ccccc4nc3n(C)c2=N)cc1,0
COc1ccc(CC(=O)Nc2ccc3c(c2)OCO3)cc1S(=O)(=O)N1CCOCC1,0
COc1cccc(C2C(C(=O)c3sc(C)nc3C)=C(O)C(=O)N2CCN(C)C)c1OC,0
CCCCc1c(O)nc(SCC(=O)N2CCOCC2)[nH]c1=O,0
O=C(CSc1nnc(Cc2ccccc2)n1-c1cccc(Cl)c1)N1CCOCC1,0
CN(C)c1ccc(/C=c2\sc3nc(-c4ccccc4)nn3c2=O)cc1,0
CC1CCCCN1S(=O)(=O)c1cccc2cccnc12,0
CC(C)C(=O)Nc1cccc2nsnc12,0
O=c1c2sc3nc(N4CCOCC4)c4c(c3c2ncn1Cc1ccco1)CCCC4,0
Cc1nc2c(c(C)nn2-c2ccccc2)c(C)c1Cl,0
N=c1c(C(=O)NC2CCCC2)cc2c(=O)n3ccccc3nc2n1CCN1CCOCC1,0
CCSc1nc(=O)c2c([nH]1)NC1=C(C(=O)CC(C)(C)C1)C2c1ccccn1,0
COc1cc2nc(N3CCN(C(=O)C4CCCO4)CC3)nc(N)c2cc1OC,0
c1ccc(Cn2c(CSc3nnnn3-c3ccccc3)nc3ccccc32)cc1,0
CC1(C)NC(=O)N(CC(O)COc2ccc(N3C(=O)c4ccccc4C3=O)cc2)C1=O,0
COC(=O)c1ccc(CSc2nc3n(-c4ccccc4)[nH]cc-3c(=O)n2)o1,0
CCOC(=O)c1cc2c(ccn2C)n1Cc1ccccc1C,0
O=C(CNC(=O)c1ccco1)Nc1cc(Cl)ccc1N1CCOCC1,0
Nc1nonc1N1CCCCC1,0
Cc1cc(C)nc(SCC(=O)Nc2ccc(N3CCOCC3)c(Cl)c2)n1,0
CC(=O)Nc1ccc(NC(=O)Cn2c(CC(=O)N3CCCC3)nc3ccccc32)cc1,0
Cc1cc(C)nc(SCC(=O)Oc2ccc3oc(=O)cc(C)c3c2)n1,0
N#CC(C(=O)C12CC3CC(CC(C3)C1)C2)c1nc2ccccc2[nH]1,0
CCN(Cc1ccccc1)S(=O)(=O)c1ccc(C(=O)Nc2nnc(C3CC3)o2)cc1,0
CCn1nnc(NC(=O)c2ccc(-c3ccc(Cl)cc3)o2)n1,0
O=C1CSC(c2ccncc2)N1Cc1ccco1,0
N#Cc1cc2c(=O)n3ccccc3nc2n(Cc2cccnc2)c1=N,0
O=C(CCn1c(=O)oc2ccccc21)N1CCOCC1,0
O=C(N1CCCC1)n1c(Cc2ccccc2)nc2ccccc21,0
OC(CN1c2ccccc2Sc2ccccc21)Cn1nnc2ccccc21,0
CCc1nc(SCC(=O)Nc2ccc(C(=O)O)cc2)n[nH]1,0
Cc1cccc(NC(=O)C23CCC(C)(/C(=N/O)C2)C3(C)C)c1,0
CCC(=O)Nc1cc(-c2nn(C)c(=O)c3ccccc23)ccc1N1CCCCC1,0
CN(C)CCCOC(=O)c1ccc(Cl)cc1,0
Cc1cccc(C)c1NC(=O)CSc1nnnn1C,0
C(\CCc1ccccc1)=N/n1cnnc1,0
CCC(=O)Nc1ccc(NC(=O)C23CC4CC(CC(C4)C2)C3)cn1,0
CCC(C)(NC(=O)CNC(C)=O)C(=O)NC1CCCCC1,0
COc1ccc(CCN2CNc3c(c(=O)n(C)c(=O)n3C)C2)cc1,0
O=C(Cn1c(CN2CCCCC2)nc2ccccc2c1=O)NC1CCCCC1,0
CCc1ccc(S(=O)(=O)NCCc2cn3ccccc3n2)s1,0
CC(C)c1ccc(S(=O)(=O)c2n[nH]n3c2nc(=O)c2ccccc23)cc1,0
Nc1nonc1-c1nc2ccccc2n1CC(=O)N1CCCCC1,0
Cn1c(NCc2cccnc2)nc2c1c(=O)n(Cc1ccccc1F)c(=O)n2C,0
CCCn1c(C)cc(=O)c2cc(NC(=O)c3cnccn3)ccc21,0
CCc1c(-c2ccccc2)nc2nc(C)c(C)nn12,0
Cc1cc(C)c(S(=O)(=O)N2CCN(CCO)CC2)c(C)c1,0
O=c1nc2s/c(=C\c3ccco3)c(=O)n2nc1Cc1ccccc1,0
COc1ccccc1N1C(=O)c2ccccc2NC1c1ccncc1,0
N=c1c(C(=O)NCc2ccc(F)cc2)cc2c(=O)n3ccccc3nc2n1Cc1ccco1,0
COc1cc(C2c3c(oc4c(C)cc(C)cc4c3=O)C(=O)N2Cc2cccnc2)cc(OC)c1OC,0
COc1ccccc1C1N(c2ccc(Cl)cc2)C(=O)C2CCCN21,0
COc1ccc(S(=O)(=O)N2CCCCCC2)cc1C(=O)OCc1c(C)noc1C,0
O=C(Cn1cnc2c(nnn2Cc2ccccc2F)c1=O)NCc1ccco1,0
CN1CCc2c(sc3c2c(=O)n(-c2ccc(Cl)cc2)c2nncn32)C1,0
CC(C)(C)C(=O)Oc1cc(N)n(S(=O)(=O)c2ccccc2)n1,0
COC(=O)c1ccc(NC(=O)Nc2ccc(F)cc2)cc1,0
Cc1n[nH]c(=O)nc1NC1CCCCC1,0
O=C1c2ccccc2C(=O)N1CCCc1nc(-c2ccc(Cl)cc2)no1,0
Cc1c(C(=O)N2CCN(C)CC2)oc2ccc(S(=O)(=O)N3CCOCC3)cc12,0
CC(C)Cc1nnc(NC(=O)CCC(=O)N2CCOCC2)s1,0
CCN(CC)C(=O)C(C)N(C#N)c1nc(SC)nc(N(C)C)n1,0
CCN(CC)CCCNc1oc(-c2ccc(OC)c(OC)c2)nc1C#N,0
Cc1nc2nc3c(c(=O)n2[nH]1)CCC3,0
CCc1ccc(-n2c(O)cnc2Nc2nc(C)cc(C)n2)cc1,0
CCOC(=O)c1cnc(SCc2ccc(C)cc2)nc1N,0
O=C(c1cc2ccccc2o1)n1nnc2ccccc21,0
Cc1ccc(-c2c3c(=O)n(C)c(=O)n(C)c3c3c(C)cc(C)nn23)cc1,0
Cc1cccn2c(=O)c3cc(C(=O)N4CCN(C(=O)c5ccco5)CC4)n(C)c3nc12,0
CN(C(=O)COc1ccccc1)c1nnc(-c2cccnc2)s1,0
O=C(CSc1nnc(-c2ccco2)o1)NC1CC2CCC1C2,0
CC(=O)Nc1ccc(S(=O)(=O)N(C)c2ccccc2)cc1,0
O=C(NCCN1CCCC1)C1(S(=O)(=O)c2ccc(Cl)cc2)CC1,0
COc1ccc(Cl)cc1C(=O)Nn1cnc2ccccc2c1=O,0
CNS(=O)(=O)c1cccc(C(=O)OCc2cc(Cl)cc3c2OCOC3)c1,0
CCOC12NC(=O)CC(=O)N1C(c1ccccc1)=CS2,0
Cc1cnc(NC(=O)CSc2nnc(COc3c(C)cccc3C)o2)s1,0
CC1Cc2cc(/C(O)=C3/C(=O)C(=O)N(Cc4ccco4)C3c3cccs3)ccc2O1,0
Cc1ccc(NC(=O)COC(=O)c2ccn(C)n2)cc1,0
C=CCn1c(C)cc(C(=O)CSc2nnc(Cc3ccccc3)o2)c1C,0
COc1ccccc1C(=O)Nc1nnc(-c2ccc(Cl)cc2)o1,0
CCOC(=O)CNC(=O)c1cc(C)oc1C,0
Cc1nn(-c2ccccc2)c(Cl)c1C(=O)NCC(=O)O,0
C=C(C)c1cccc(C(C)(C)NC(=O)N2CCN(c3ncccn3)CC2)c1,0
Cc1cc(NCCN(C)C)n2nc(-c3cccs3)cc2n1,0
Cc1cccc(OCc2nnc(SCC(=O)Nc3ccc(C)c(C)c3)o2)c1,0
Cc1nn(-c2ccccc2)c(Cl)c1C1C(C#N)=C(N)OC2=C1C(=O)CCC2,0
Cc1[nH]nc2c1C1(CCOCC1)C(C#N)=C(N)O2,0
Cn1cnnc1SCc1ccc(F)c2ccccc12,0
COc1ccc(-c2nnc(SC3CCOC3=O)n2C2CCCCC2)cc1OC,0
CCOC(=O)C1CCCN(C(=O)c2ccccc2Oc2ccccc2)C1,0
O=C(CNC(=O)c1ccc(Cl)cc1)NCCCn1ccnc1,0
CCOCCCNC(=O)C1CCN(C(=O)Nc2ccc(Cl)cc2)CC1,0
Cc1nc2ccc(NC(=O)N3CCOCC3)cc2s1,0
Cc1ccc(-n2ncc3c(=O)n(CC#N)cnc32)cc1,0
CCCCn1nnnc1NCc1cc(OC)c(OC)c(OC)c1,0
CCc1ccccc1Nc1nc(N)nc(COC(=O)c2cccn2C)n1,0
Cc1c(C(=O)NC(C)C)oc2c1-c1[nH]ncc1CC2,0
COc1ccc(CNC(=O)c2c(O)n(C)c3ccccc3c2=O)cc1OC,0
CCOC(=O)C1CCCN(CC(=O)/C(C#N)=C2/NC(c3ccccc3)=CS2)C1,0
COCC(C)NC=C1C(=O)CC(C)(C)CC1=O,0
CCOc1ccccc1C1C(C(=O)OC)=CN(C)C=C1C(=O)OC,0
CCOC(=O)c1cnn(CCOC(=O)c2cccs2)c1NC(=O)c1cccs1,0
Cc1ccc(-n2nc3c(c2NC(=O)c2ccc4c(c2)OCO4)CSC3)cc1,0
COc1ccccc1N(CC(N)=O)S(=O)(=O)c1ccc(C)cc1,0
COc1cccc(-n2ccnc2SCC(=O)NCc2ccccc2)c1,0
CNC(=O)CSc1nnc(-c2cc(C)cc(C)c2)o1,0
CC(=O)NC(CCS(C)(=O)=O)C(=O)Nc1nc(C)cs1,0
O=C1N2CCSC2=NC1(Nc1nccs1)C(F)(F)F,0
C=C(C)COC1=CC(=O)/C(=C2\NNC(C)=C2c2ccccc2)C=C1,0
COC(=O)CSc1nnc(CNC(=O)c2cccc(C)c2)n1-c1ccccc1OC,0
CCOc1cccc(-c2nnc3sc(COc4ccc(Cl)cc4)nn23)c1,0
Cc1cccc(-c2noc(CN(C(=O)C34CC5CC(CC(C5)C3)C4)C(C)C)n2)c1,0
O=C(NC(Nc1ncccn1)C(=O)c1ccccc1)c1ccccc1,0
COc1ccc(Cl)cc1N1CC(c2nc3ccccc3[nH]2)CC1=O,0
Cc1ccc(-n2ncc3c(NCc4cccnc4)ncnc32)c(C)c1,0
Cc1csc(NC(=O)C2CCN(C(=O)CSc3nnc(C)n3Cc3ccccc3)CC2)n1,0
c1nc(N2CCOCC2)c2c3c(sc2n1)CCCC3,0
Cc1cc(C)c(NC(=O)CCCN2CCN(C)CC2)c(C)c1,0
O=C(CSc1ncn(-c2ccccc2)n1)Nc1ccccn1,0
CCn1c(COc2ccc(C)cc2)nnc1SCC(=O)Nc1ccc(S(N)(=O)=O)cc1,0
O=C1NCCCC1C(=O)NCCN1C(=O)CCC1=O,0
O=C(CCCN1C(=O)c2ccccc2C1=O)Nc1nncs1,0
CS(=O)(=O)N(CC(=O)Nc1cccc(F)c1)Cc1ccccc1,0
Cn1c(SCC(=O)C(C)(C)C)nnc1-c1cccnc1,0
COc1ccc(N(Cc2cc3ccc(C)cc3[nH]c2=O)C(C)=O)cc1,0
Cc1nc(=O)c(-c2ccccc2)c(C)n1CCCO,0
CCn1c(SCC(=O)Nc2nccs2)nnc1-c1ccccc1,0
COc1cc(C2C(=O)N(C3CCCC3)CC(=O)N2Cc2ccco2)ccc1OC(C)C,0
CC(=O)N1CCc2ccc(C(=O)CN3CCN(c4cccc(C)c4C)CC3)cc21,0
COc1ccc2[nH]c(=O)c(CN(C(=O)NC3CCCCC3)C3CCCCC3)cc2c1,0
O=C(Nc1cccnc1)c1cc(-c2cccs2)on1,0
CCN1C(=O)NC(c2cccnc2)C(C(=O)OC)=C1C,0
COc1cc(C(=O)OCC(=O)c2cc(C)n(C)c2C)cc(NC(=O)c2ccco2)c1OC,0
CCCNc1nc(N2CCOCC2)nc(N2CCOCC2)n1,0
Clc1ccc2nc(CSC3=NN/C(=C4/C=Nc5ccccc54)O3)cn2c1,0
COc1ccccc1NC(=O)c1ccc(Cl)c(S(=O)(=O)N2CCOCC2)c1,0
COc1cccc(NC(=O)N2CCN(c3cccc(C)c3C)CC2)c1,0
COc1ccccc1NC(=O)Nc1ccnn1Cc1cccs1,0
COc1ccc(C(=O)COC(=O)CCNC2=NS(=O)(=O)c3ccccc32)cc1OC,0
CNC(=O)c1cc2ccccc2o1,0
CCc1ccccc1NC(=O)C1CCCN(S(=O)(=O)c2c(C)noc2C)C1,0
CC1Cc2ccccc2N1c1ncnc2nc[nH]c12,1
CCSCCOC(=O)C1=C(C)NC(=O)NC1c1ccccc1,0
CC(C)C(c1nnnn1C1CCCCC1)N1CCc2ccccc2C1,0
Nc1cc(=O)nc(SCc2cccc(Cl)c2)[nH]1,0
CN(C(=O)c1cccc(C#N)c1)c1nnc(-c2cnccn2)s1,0
Cc1ccc(NC2c3ncccc3C(=O)N2c2ccccc2C)cc1C,0
O=c1c2cc(N3CCOCC3)ccc2[nH]c(=S)n1CCCN1CCCCCC1,0
Cc1cnc(NC(=O)CSc2nnc(Cc3ccccc3)n2C)s1,0
O=C(CCCCCN1C(=O)CCC1=O)Nc1ncn[nH]1,0
Cc1nc(NCC2CCCO2)c2nnn(Cc3ccccc3Cl)c2n1,0
CC(=O)Nc1ccc(S(=O)(=O)NC2=NCN(CCOC(=O)c3ccccc3)CN2)cc1,0
C=CCN1C(=O)NC(=O)/C(=C(/CC)NCCCO)C1=O,0
Cc1ccc(-c2noc(CCC(=O)Nc3ccccc3C)n2)cc1,0
Cc1onc(-c2ccccc2Cl)c1C(=O)NCc1ccco1,0
CCOC(=O)N1CCN(Cc2oc(CO)cc(=O)c2O)CC1,0
O=c1cc(CSc2nnc(-c3ccccc3)o2)c2ccccc2[nH]1,0
O=C(O)CCc1nc(-c2ccccc2Cl)no1,0
Cc1nn(-c2ccccc2)c(C)c1-c1cc(C(=O)O)[nH]n1,0
Cc1c(C(=O)O)cnc2cc(-c3ccc(Cl)cc3)nn12,0
CCN1CCN(Cc2c(C)[nH]c3ccc(C(=O)OC)cc3c2=O)CC1,0
Cc1ccc2nc(CSc3nnc(-c4ccco4)o3)cc(=O)n2c1,0
Cc1ccc(NC(=O)Cn2nc(C)cc2C)cc1,0
Cc1nccn1-c1c2c(c(C#N)c3nc4ccccc4n13)CCC2,0
COc1ccccc1C(OC(=O)c1cccs1)C(=O)NCc1ccco1,0
Cc1ccc(N2C(=O)c3n[nH]c(C)c3C2c2ccco2)cc1,0
CC(C)Oc1ccc(/C(O)=C2/C(=O)C(=O)N(CCN3CCOCC3)C2c2ccccc2)cc1,0
Cc1cc(N2CCN(C(=O)c3ccco3)CC2)n2nc(-c3cccc(F)c3)cc2n1,0
COc1cccc2cc(-c3nnc(SCC(=O)Nc4nc(C)cs4)n3C)oc12,0
COc1ccccc1-c1nn2c(-c3ccc(C(C)(C)C)cc3)nnc2s1,0
CCCCNC(=O)c1cnc2n(c1=O)CCS2,0
CCCOC(=O)c1ccc(Nc2cc(C)nc3ncnn23)cc1,0
CCCCOc1ccc(Cl)cc1CSc1nncn1N,0
CCOC(=O)N1CCN(c2c(N3CCc4ccccc4C3)c(=O)c2=O)CC1,0
N#CCSc1nnc(Cc2ccc3c(c2)OCO3)o1,0
CCOC(=O)N1CCN(C(=O)C2CC(c3ccc(F)cc3)=NO2)CC1,0
CC1CCCCC1NC(=O)Cn1nnc(-c2ccc(Cl)cc2)n1,0
CCOc1cc2oc(=O)c3c(c2cc1Cl)CCC3,0
COc1ccc(CCNc2cc(=O)nc(N)[nH]2)cc1,0
Cc1ccc(C2(C)NC(=O)N(CC(=O)NC(=O)NC3CCCC3)C2=O)cc1,0
CCn1c(CNc2ccc(Cl)cc2)nnc1SCC(=O)NCc1ccccc1,0
O=C(NC12CC3CC(CC(C3)C1)C2)N1CCN(c2ccccn2)CC1,0
c1ccn(-c2ncnc3sc4c(c23)CCCC4)c1,0
CCc1ccc(/C=N/C23CN4CN(CN(C4)C2)C3)s1,0
COc1ccc(N2CCN(c3oc(-c4ccco4)nc3C#N)CC2)cc1,0
O=C(Nn1c(C2CCC2)nc2ccccc2c1=O)C1CCC1,0
CCOc1cc(CNn2cnnc2)ccc1OCC(=O)NC1CCCCC1,0
O=C(NCc1ccco1)c1cc2nc(-c3cccs3)cc(C(F)(F)F)n2n1,0
COc1ccc(OC)c(NC(=O)CCC(=O)Nc2nnc(C(F)(F)F)s2)c1,0
Cc1nc2sc(C(c3cccs3)N3CCOCC3)c(O)n2n1,0
CN1CCc2cc3c(c4c2C1CC41CCC(=NO)CC1)OCO3,0
O=c1c2ccccc2n2cnnc2n1-c1ccccc1,0
Cc1[nH]n2c(=O)cc(Cc3ccccc3)nc2c1C#N,0
COC(=O)c1ccc(CSc2nc3n(-c4ccc(F)cc4)[nH]cc-3c(=O)n2)o1,0
CC(=O)c1sc(NC(=O)c2ccccc2F)nc1C,0
CCN1CCN(c2nc(C)nc3c2sc(=S)n3C)CC1,0
O=C(CCn1c(=O)c2ccccc2n(CC(=O)NCCC2=CCCCC2)c1=O)NCc1ccco1,0
Cc1nnc(NC(=O)c2ccc3ccccc3c2)o1,0
O=C(Cc1cn2ccsc2n1)NCCc1ccc(F)cc1,0
CCOC(=O)C1=C(C(C)=O)C(c2cccnc2)C(C#N)=C(N)O1,0
Cn1c(=O)c2c(nc(NCC(O)CO)n2CCc2ccccc2)n(C)c1=O,0
c1ccc(-n2nnnc2-n2cnc3ccccc32)cc1,0
C=CCNC(=O)c1ccccc1NC(=O)C1CC(=O)N(c2ccc(Cl)cc2)C1,0
Cn1cc(SCC(=O)Nc2ccc3c(c2)OCO3)c2ccccc21,0
CC(C)(C)n1nc2c(c1NC(=O)c1ccccc1F)CS(=O)C2,0
CC(C(=O)Nc1nc2ccccc2[nH]1)N1C(=O)C2CC=CCC2C1=O,0
COc1cccc(C(=O)Nc2ccc(NC(=O)C3CC3)cn2)c1,0
CCc1nc(C)cn1S(=O)(=O)c1cc(OC)c(C)cc1C,0
CN(C1CCCCC1)S(=O)(=O)c1ccc(NC(=O)CCC(=O)O)cc1,0
Cc1nn(-c2ccccc2)c(C)c1/C=N/O,0
CCCN(CCC)C(=O)c1c(C)[nH]c(C(=O)OCC)c1C,0
CCn1c(=O)c2cc(C(=O)Nc3cc(C)on3)sc2c2ccccc21,0
Cc1ccc(C)c(S(=O)(=O)N2CCN(CC(=O)Nc3cc(C)on3)CC2)c1,0
CCc1nnc(NC(=O)CN2CCOCC2)s1,0
CN1C(=O)N(C)C2C1NC(=O)N2C,0
CN(C)/C=N/c1ccc2nn(-c3ccccc3)nc2c1,0
COc1ccc(C(=O)Cn2nnc(-c3ccccc3F)n2)cc1,0
Cc1cc(SCc2ccccc2)nc(=O)[nH]1,0
CC1CCc2c(C(=O)NCCCN3CCOCC3)csc2C1,0
CCn1cc(C(=O)OCC(=O)Nc2c(C)n(C)n(-c3ccccc3)c2=O)c(=O)c2ccc(C)nc21,0
Cn1nc(-c2ccc(Cl)cc2)c2cc(C(=O)NCC3CCCO3)sc21,0
O=C(CCCn1c(=S)[nH]c2ccccc2c1=O)N1CCCCC1,0
C(=C/c1ccccc1)\CSc1nnc(-c2cccnc2)n1Cc1ccco1,0
Cc1ccc2cccc(Oc3cnccn3)c2n1,0
NC(=O)C1(N2CCCCC2)CCN(C(=O)CSc2nc3ccccc3s2)CC1,0
C1=C(c2ccccc2)CCN(c2nc3ccccc3n3cnnc23)C1,0
COc1cccc(NC(=O)CN2C(=O)COc3ccc(Cl)cc32)c1,0
O=C(NCCc1ccccc1)C(c1cccs1)N(C(=O)c1csnn1)C1CC1,0
CCc1ccc(NC(=O)C2CCN(S(C)(=O)=O)CC2)cc1,0
CC(=O)C1=C(O)C(=O)N(CC(=O)O)C1c1ccccc1Cl,0
CCCCC(=O)Nc1cc2nn(-c3ccc(OC)cc3)nc2cc1C,0
COc1ccc(Cl)cc1N(CC(=O)N1CCC(C)CC1)S(C)(=O)=O,0
O=C1c2ccccc2C(=O)N1CCC(=O)N1CCc2ccccc21,0
COc1ccc2c(c1)CCc1c(C(=O)Nc3ccn(Cc4ccc(C)cc4)n3)noc1-2,0
Cc1ccc(-c2noc(CCC(=O)Nc3ccc4c(c3)OCO4)n2)cc1,0
c1ccc2c(-n3cnnn3)cccc2c1,0
CCOC(=O)C(C)n1cnc2c(nnn2-c2ccc(C)cc2)c1=O,0
CCC(=O)Nc1ccc(NC(=O)CSc2nnnn2C(C)C)cc1,0
Cc1oc(-c2ccccc2Cl)cc1-c1nn2c(-c3ccco3)nnc2s1,0
C/N=C(/Nc1cc(C)nn1CCC#N)c1ccccc1,0
O=C(CSc1nc2ccccc2o1)Nc1ccc(N2CCOCC2)c(Cl)c1,0
O=c1cc(-c2ccccc2)[nH]c(N2CCCCC2)n1,0
COc1cccc(OCC(=O)N2CCN(C)CC2)c1,0
O=C(NCc1ccco1)c1cc(-c2cccnc2)nc2ccc(Cl)cc12,0
O=C(CN1CCCCC1)Nc1cccc(-n2cnnn2)c1,0
CCOc1ccccc1NC(=O)N1CCCC1C(=O)Nc1nnc(CC)s1,0
c1ccc(C2(c3ccccc3)OCC(Cn3cncn3)O2)cc1,0
CC(=O)Nc1sc2c(c1CN1CCN(c3ccccn3)CC1)CCCC2,0
CC1(C)CC(=O)c2cnc(NCC3CCCO3)nc2C1,0
O=c1ccc(=O)n2n1CC(O)C2,0
N#CCCN(CCC#N)C(=O)c1ccc(Cl)cc1,0
CC(C)OCCCN1C(=O)C2=C(/C(=C3\C=CC=CC3=O)NN2)C1c1cccc(Cl)c1,0
Cc1cccc(OCc2nnc(SCC(=O)c3cccs3)n2C)c1C,0
Cc1ccc(S(=O)(=O)N2C(=O)CCC2C(=O)N2CCN(C)CC2)cc1,0
O=C(CCC(=O)NC1CC1)Nc1nnc(C2CCCCC2)s1,0
c1ccc2c(c1)nc(N1CCOCC1)c1nnnn12,0
CS(=O)(=O)N(Cc1ccccc1)c1ccc(C(=O)N2CCOCC2)cc1,0
COC(=O)c1cc(NC(=O)CCc2c(C)nc3ncnn3c2C)cc(C(=O)OC)c1,0
CCn1c(=O)cc(SCC(=O)N2CCN(C3CCCCC3)CC2)c2ccccc21,0
Cc1nn(C(=O)c2cccnc2)c(C)c1C,0
O=C(c1c(Cl)nc2sccn12)N1CCCc2ccccc21,0
CCOC(=O)c1cnc2nc(COc3ccccc3)[nH]n2c1=O,0
Cc1ccc(N/C=C2\N=C(c3ccco3)OC2=O)cc1,0
Cc1ccc(C2C(C(=O)c3cc4ccccc4o3)=C(O)C(=O)N2CCN(C)C)o1,0
COc1ccc(Cn2nnnc2C(c2cccs2)N2CCOCC2)cc1,0
O=C(CSc1ccc2nnc(-c3ccccc3)n2n1)NCc1ccco1,0
COc1ccc(NC(C)=O)cc1NC(=O)CSc1nc2ncccc2[nH]1,0
COc1cc(OC)cc(-c2nnc(SCc3c(F)cccc3Cl)o2)c1,0
Cc1cc(C)nc(NC2=NCC(=O)N2CCc2c[nH]c3ccccc23)n1,0
O=C(CNC(=O)c1cccs1)NCCN1CCN(Cc2ccccc2)CC1,0
COc1ccccc1NC(=O)CCC(=O)Nc1nnc(C(F)(F)F)s1,0
CN(C(=O)c1cccc(C#N)c1)c1nnc(-c2ccncc2)s1,0
O=C(COc1ccc(Cl)cc1)NCc1nnc(SCC(=O)NC2CCCCC2)o1,0
Cc1cc(NS(=O)(=O)c2ccc(NC(=O)Nc3ccccc3)cc2)no1,0
CCn1c(SCC(=O)N2CCC(C(N)=O)(N3CCCCC3)CC2)nnc1-c1ccccc1,0
COCCN1Cc2cccc(C(=O)Nc3cc(C)cc(C)c3)c2C1=O,0
O=C(c1ccco1)N1CCN=C1SCc1c(F)cccc1Cl,0
CN1CCN(S(=O)(=O)c2ccc3c4c(cccc24)C(=O)N3)CC1,0
COc1ccc(Nc2nc(CC(C)=O)ns2)cc1OC,0
O=C(NCc1ccc(N2CCCC2=O)cc1)NC1CCCCC1,0
O=C(c1ccccc1-c1nc2ccccc2[nH]1)N1CCOCC1,0
COc1ccc(NC(=O)c2oc3ccccc3c2NC(=O)c2ccc(OC)c(OC)c2)c(OC)c1,0
Cn1nnnc1SCC(=O)Nc1ccccc1Cl,0
CCNc1nc(OCCNS(=O)(=O)c2cc(C)ccc2C)nc(N(C)C)n1,0
O=C(C1=C(O)C(=O)N(c2ncccn2)C1c1cccs1)c1ccco1,0
CCn1c(Cn2nnc(-c3ccccc3)n2)nnc1SCC(=O)Nc1ccccc1,0
c1ccc2c(c1)[nH]c1c(NCC3CCCO3)ncnc12,0
CCOc1ccccc1-n1c(SCC(=O)N2CCCC2)nnc1-c1ccoc1C,0
Cc1ccc(O)c(-c2cc3ccccc3[nH]2)c1,0
CC(=O)c1c(C)[nH]c(C(=O)Nc2ccc3c(c2)OCCO3)c1C,0
CCc1nnc(NC(=O)CN2CCC(O)(c3ccccc3OC)CC2)s1,0
COc1ccc(OC)c(C2=Nn3c(nnc3-c3cc(OC)c(OC)c(OC)c3)SC2)c1,0
Cn1c(=O)[nH]c(=O)c2c1nc(NC1CCCCC1)n2CC(=O)NC1CCCCC1,0
CCCn1c(=O)c2ccccc2n2c(SCC(=O)Nc3cc(C)on3)nnc12,0
COc1cccc(-c2nn3c(-c4ccccn4)nnc3s2)c1,0
C/N=c1\scc(C)n1NC=C1C=CC(=O)C=C1,0
CCCCCn1c(CN2CCN(C(=O)OCC)CC2)nc2c1c(=O)[nH]c(=O)n2C,0
Fc1ccc(-c2cc3nc4c(c(N5CCOCC5)n3n2)CCCC4)cc1,0
CCOC(=O)CCc1c(C)n(CC)c2cc(-c3ccccc3OC)nn2c1=O,0
COc1ccc2nc(NC(=O)c3ccc4ncsc4c3)sc2c1,0
NC(=O)CSc1nc2ccccc2n1Cc1ccccc1F,0
CC(C)OC(=O)c1nnc(Cc2ccc(Cl)cc2)o1,0
Cc1cccc(NC(=O)CSc2nnc(CSc3nc(C)cc(C)n3)o2)c1,0
CCCCNC(=O)Nc1ccnn1C1CCCCC1,0
CN1CCN(c2c[nH]c(=O)[nH]c2=O)CC1,0
Cc1cccc(NC(=O)CN(C)S(=O)(=O)c2cnc[nH]2)c1,0
CC(C)(C)n1nc2c(c1NC(=O)c1ccco1)CS(=O)C2,0
CCNC(=O)NC(=O)CSc1ccc(NC(C)=O)cc1,0
COc1ccc(-c2c3c(=O)n(C)c(=O)n(C)c3cn2C2CCCCC2)cc1,0
CCCCn1c(=O)c2ccccc2c2ccccc2c1=O,0
CN1CCN(c2nc3c(c(=O)[nH]c(=O)n3C)n2Cc2cccc3ccccc23)CC1,0
CCN(C(=O)c1cnc2scc(C)n2c1=O)c1ccccc1C,0
CCNc1nc(SC(C)C(=O)Nc2ccccc2)nc(N2CCOCC2)n1,0
O=S(=O)(NC1CCCC1)c1cccc(S(=O)(=O)N2CCC(n3nnc4ccccc43)CC2)c1,0
Cn1c(CNC(=O)Nc2ccccc2)nnc1SCc1ccccc1,0
O=C(NCc1ccccn1)c1cc(S(=O)(=O)N2CCN(c3ccccc3)CC2)ccc1Cl,0
CCc1c(C)nc2ncnn2c1NCCc1ccc(OC)c(OC)c1,0
CCCCCn1/c(=N/C(C)=O)c(C#N)cc2c(=O)n3cccc(C)c3nc21,0
COc1ccc(NC(=O)c2cnc3sccn3c2=O)cc1,0
Cc1nc2ccccc2n1S(=O)(=O)N(C)C,0
Cc1ccc(Nc2nc(N)nc(CSc3nnc(-c4ccncc4)o3)n2)cc1,0
CSc1nc(=O)c2c([nH]1)NC(C)=C(C(=O)OC(C)C)C2c1ccncc1,0
CCCC(=O)Nc1cc(-c2cn3cccnc3n2)ccc1OC,0
CCOc1ccccc1C(=O)Nc1cc(=O)n(C)c(=O)n1C,0
COC(=O)NCc1ccc(CNC(=O)OC)cc1,0
Cc1nnc2ccc(N3CCC(C(N)=O)(N4CCCCC4)CC3)nn12,0
CCOC(=O)N1CCN(CC(=O)Nc2c(C(=O)OC)[nH]c3cccc(Cl)c23)CC1,0
Cc1cccc(CS(=O)(=O)Cc2ccc(C(=O)N3CCC4(CC3)OCCO4)o2)c1,0
CC(=O)N1C(=O)C(=C2C=C(C)OC(C)=C2)c2ccccc21,0
NC(=O)c1ccc(-n2nnnc2SCc2ccc(F)cc2)cc1,0
N#Cc1ccccc1Cn1c(-c2cscn2)nc2ccccc21,0
Cc1cccc(-n2nnc(C(=O)NCc3ccccc3)c2N)c1,0
CCOC(=O)CSc1nnc(-c2ccco2)n1-c1ccccc1,0
Cc1nnc2n(-c3ccccc3)c(=O)c3c4c(sc3n12)COC(C)(C)C4,0
Cc1ccc2nc(-c3cccc(-c4nc5ccc(C)cc5o4)n3)oc2c1,0
CCOC(=O)c1c(NC(=O)Cn2c(=O)oc3ccccc32)oc(C)c1C(C)=O,0
CC(C)(C)NC(=O)C(c1ccncc1)N(C(=O)c1csnn1)C1CC1,0
COc1cc(OC)cc(-c2nc(N)n[nH]2)c1,0
O=c1cc(N2CCc3ccccc3C2)[nH]c(=O)n1C1CCCCC1,0
CCC(C)NC(=O)c1ccccc1NC(=O)C(C)N(c1ccccc1)S(C)(=O)=O,0
N#CC1=C(N)OC2=C(C(=O)CCC2)C1c1ccsc1,0
COC(=O)c1cc2sc(Cl)cc2n1CC(=O)N1CCCc2ccccc21,0
N#Cc1nc(COc2ccccc2)oc1N1CCN(Cc2ccccc2)CC1,0
Cc1ccc(NC(=O)N2CCC(C(N)=O)CC2)cc1,0
CCOCCCN1CC(C(=O)NCCc2ccc(C)cc2)CC1=O,0
O=C(NCc1ccc2c(c1)OCO2)c1nn(-c2ccccc2)c(=O)c2ccccc12,0
COc1nc(N(C)C)nc(N(OC)S(=O)(=O)c2ccccc2Cl)n1,0
CCOc1cc(CNc2ccccc2SC)ccc1O,0
N#Cc1nc(COc2ccc(Cl)cc2)oc1N1CCCC1,0
Cc1cc(N2CCOCC2)nc(NCc2ccccc2)n1,0
CCN1CCc2c(C#N)c(N3CCOCC3)nc(NCCO)c2C1,0
COc1ccc(N2C(=O)CC(Sc3nc(C)c4c(n3)CCCC4)C2=O)cc1,0
CCc1cc2c(=O)c(-c3ccon3)c(N)oc2cc1OC,0
COC(=O)c1ccc(NC(=O)CN(c2ccc(OC)cc2)S(C)(=O)=O)cc1,0
O=S(=O)(Nc1nc2ccccc2nc1Nc1ccc2c(c1)OCCO2)c1cccs1,0
Cc1cc(C(=O)COc2ccc(-c3nnco3)cc2)c(C)n1Cc1ccccc1,0
CC(C)(C)c1csc(NC(=O)c2cccs2)n1,0
Cc1cccc(-c2cc3nc4c(c(N5CCC6(CC5)OCCO6)n3n2)CCCC4)c1,0
Cc1nn(CC(=O)Nc2ccc(C(=O)N(C)C)cc2)c(=O)c2ccccc12,0
O=S(=O)(Nc1nc2ccccc2nc1NCc1ccco1)c1ccc(Cl)cc1,0
O=C(Cn1nnc(-c2ccccc2)n1)Nc1ccccc1N1CCOCC1,0
COC(=O)c1cc(C)sc1NC(=O)c1cccnc1,0
N#CC1=C(SCC(=O)Nc2ccccc2)NC(=O)CC1c1ccc(O)cc1,0
O=C(OCC(=O)N1CCc2ccccc21)c1ccc[n+]([O-])c1,0
CC(C)(C)c1ccc(OCC(=O)N2CCN(C=O)CC2)cc1,0
CC1C(=O)C(c2nc3ccccc3[nH]2)=C(N)N1c1ccccc1,0
Clc1cccc(NCc2nnc(SCc3ccccc3)o2)c1,0
COc1cc2nc(=S)n3[nH]c(CCn4c(C)nc5ccccc54)nc3c2cc1OC,0
CCOc1ccc(-n2cnnn2)cc1S(=O)(=O)Nc1c(C)cccc1C,0
Cc1nc2[nH]onc2c2nccc(=O)c12,0
COc1cccc(C(=O)Nc2cnc(NC(=O)c3ccco3)cc2C)c1,0
Cc1cc(Nc2ccc(N3CCC(C)CC3)cc2)n2ncnc2n1,0
Cc1c(C(=O)O)oc2ccc(S(=O)(=O)NCc3ccc4c(c3)OCO4)cc12,0
CCOC(=O)c1cnc(SCC(=O)Nc2ccccc2N2CCOCC2)nc1N,0
CCN(CCCNC(=O)CN(C)S(=O)(=O)c1cccc2nsnc12)c1ccccc1,0
C=CCn1c(SCC(=O)Nc2sc(C)c(C)c2C(=O)OCC)nnc1-c1sc(N)nc1C,0
O=C(NCc1cccs1)c1noc2c1CCCCC2,0
Cc1cc(C)nc(NC2=NC(=O)CC3C(=O)NCCN23)n1,0
COc1ccccc1N1CCN(CCCNC(=O)Nc2ccccc2C)CC1,0
c1ccc(-c2nc(-c3ccncc3)no2)cc1,0
O=C(O)CCCC(=O)Nc1ccc(Cl)c(Cl)c1,0
COc1ccccc1NS(=O)(=O)c1ccc(C)c(C(N)=O)c1,0
Cc1cccc(-n2c(CNC(=O)COc3ccccc3)nnc2SCC(=O)Nc2nccs2)c1,0
Cc1ccc(N2C(=O)NC(=O)C3(Cc4ccccc4N4CCN(c5ccccc5)CC43)C2=O)cc1,0
O=C1CN(C(=O)COC(=O)Cc2ccsc2)c2ccccc2N1,0
CCCNC(=O)NC(=O)CN1C(=O)NC(C)(c2ccc(C)cc2)C1=O,0
COc1ccc(S(=O)(=O)N2CCN(CCO)CC2)cc1-c1nnc2c3ccccc3c(C)nn12,0
c1coc(-c2nnc3sc(-c4cccs4)nn23)c1,0
Cc1ccc2nc(NCCO)nc(-c3ccccc3)c2c1,0
COC(=O)c1nc(NC(=O)C(C)(C)C)n[nH]1,0
O=C(O)C(Cc1ccccc1)n1cnnn1,0
COc1cccc(-c2nnc(SCC(=O)Nc3cc(C)ccc3OC)n2N)c1,0
Nc1nc(C(=O)N2CCOCC2)nn1S(=O)(=O)c1ccccc1,0
CCOC(=O)Cc1csc(NC(=O)CC)n1,0
Cc1n[nH]c(SCCN2C(=O)c3ccccc3C2=O)nc1=O,0
COc1ccccc1NC1=NC(c2ccc(Cl)cc2)N=C(N)N1,0
COCCCNC(=O)CN(c1cccc(Cl)c1)S(C)(=O)=O,0
O=c1[nH]c2ccc(Cl)cc2c(-c2ccccc2)c1N1CCOCC1,0
Cc1occc1-c1nnc(SCC(=O)N2CC(=O)Nc3ccccc32)n1CC(C)C,0
CCN(Cc1cc2ccc(C)cc2[nH]c1=O)C(=O)c1ccncc1,0
CCCC(=O)Nc1ccc(NC(=O)c2ccccc2OC)cn1,0
COCCCNC(=O)c1ccccc1NS(=O)(=O)c1ccc(C)cc1,0
Cn1c(=O)c2c(nc(NCc3ccco3)n2C)n(C)c1=O,0
Fc1ccccc1Cn1nnc2c(NCc3ccccn3)ncnc21,0
Cc1n[nH]c(SCC(=O)NCc2ccc(Cl)cc2)nc1=O,0
Cc1ccc(SCC(=O)N2CC(C)OC(C)C2)cc1,0
CCc1nc(NC2CCCCC2)c(C#N)c2c1COC(C)(C)C2,0
Cc1cc(C)nc(N2CCC(C(=O)Nc3ccc4c(c3)OCO4)CC2)n1,0
COc1ccc2oc(=O)c(-c3nc(C)cs3)cc2c1,0
COc1ccccc1NC(=O)CSc1nnc(-c2ccccn2)n1Cc1ccco1,0
CC(=O)C1=C(C)NC(SCC(=O)c2ccc(Cl)cc2)=C(C#N)C1c1ccco1,0
COc1ccc(C2CC(=O)c3cnc(N4CCN(Cc5ccccc5)CC4)nc3C2)cc1,0
O=C(C1CCCCC1)N1CCN(S(=O)(=O)c2ccc(Cl)cc2)CC1,0
COc1ccccc1Cn1cnc2cccnc21,0
Cc1cc(Nc2ccc(C(C)C)cc2)n2ncnc2n1,0
O=C1CS/C(=N\c2ccccn2)N1C1CCCCC1,0
CCOC(=O)C1=C(C)NC(C)=C(C(=O)OCC)C1C(=O)O,0
O=C1N(CC(=O)N2CCc3ccccc32)CCN1Cc1ccccc1Cl,0
Cc1nnc(SCC(=O)N2CCc3ccccc32)n1-c1ccccc1,0
COc1cc(C)nc(N(C)S(=O)(=O)c2ccccc2Cl)n1,0
Nn1c(COc2ccccc2)nc2ccccc2c1=O,0
Cc1cc(C(=O)OCCO)c(C#N)c(N)n1,0
CCOC(=O)c1sc(NC(=O)CSc2nnc(Cc3ccccc3)o2)c(C#N)c1C,0
Cn1c(=O)n(C)c2cc(C(=O)O)ccc21,0
N#Cc1nc(Cc2ccccc2)oc1N1CCN(c2ccccc2)CC1,0
S=c1nc(-c2ccccc2)[nH]n1-c1ccccc1,0
Cc1cccc(OCc2nnc(SCn3nnc4ccccc4c3=O)o2)c1,0
CC(C)NS(=O)(=O)c1ccc(OCC(=O)N2CCN(Cc3ccccc3)CC2)cc1,0
O=C(NCc1ccco1)c1cc(-c2ccncc2)nc2ccccc12,0
O=C1NC(c2ccncc2)Nc2sc3c(c21)CCCC3,0
CCOc1ccc(C(N)=O)cc1OC,0
CCn1c(SCC(=O)Nc2nccs2)nnc1-c1ccncc1,1
CCCn1nc(NS(=O)(=O)c2ccccc2)c2cc3ccccc3nc21,0
CCOC(=O)/C=C1\SCC(=O)N1CC(=O)Nc1ccc2c(c1)CCC2,0
C=CCn1c(N2CCCCCC2)nc2c1c(=O)n(C)c(=O)n2C,0
Cc1cc(C)nc(NS(=O)(=O)c2ccc(NC(=O)NC3CCCCC3)cc2)n1,0
O=C(Nc1cccc(-c2cn3cccnc3n2)c1)c1ccc2c(c1)OCO2,0
Nn1c(SC/C=C/c2ccccc2)nnc1-c1cccnc1,0
Cc1cc(OCC(=O)N2CCCC2)cc(C)c1Cl,0
Cc1cc(N)n2ncc(-c3ccccc3)c2n1,0
CCOC(=O)N1CCN(c2nc(C)c3c(n2)CCCC3=O)CC1,0
CCc1ccccc1N(C)C(=O)CCc1nc(-c2ccc(C)cc2)no1,0
O=C(CCn1c(=O)sc2ccccc21)NC1=NCCS1,0
CCOC(=O)N1CCN(C(=O)CSCC(=O)Nc2nc(-c3ccccc3)cs2)CC1,0
Cc1ccnc2nc(C(=O)OCCOc3ccccc3)nn12,0
O=C(c1cc(N2CCCCC2)nc2ccccc12)N1CCOCC1,0
O=C(Nn1c(C2CC2)nc2ccccc2c1=O)c1ccco1,0
O=C1C=CC=C/C1=C1\C=C(C(=O)N2CCCC2)NO1,0
COc1ccc2c(-c3ccccc3)cc3nnnn3c2c1,0
CC1=C(Sc2nc3ccccc3[nH]2)C(=O)NC(C)(C)C1,0
CC/N=C(\NCC)SC1CC(=O)N(c2ccccc2)C1=O,0
CCOC(=O)CSc1nnc(Cc2ccccc2)n1CC1CCCO1,0
CCCCCCn1c(CN2CCCCC2C)nc2c1c(=O)n(C)c(=O)n2C,0
CCOC(=O)c1ccc(NC(=O)CC2OCCN(CC)C2=O)cc1,0
Cn1c(=O)c2c3c(sc2n2c(SCC(=O)c4ccccc4)nnc12)COC(C)(C)C3,0
Cn1c(=O)n(C)c2cc(S(=O)(=O)NCc3ccco3)ccc21,0
CN(C)CCCN1C(=O)C(O)=C(C(=O)c2cc3ccccc3o2)C1c1ccccc1,0
Cn1c(Cc2ccccc2)nnc1SCC(=O)N1CCN(c2ccccc2)CC1,0
Fc1ccccc1-c1nc(N2CCCCC2)c2ccccc2n1,0
O=C(CN1C(=O)CC(c2ccco2)Sc2ccccc21)NCc1ccc2c(c1)OCO2,0
Cn1cccc1/C=N/n1cnnc1,0
COc1ccccc1C(=O)NCCC(=O)N1CC(=O)Nc2ccccc21,0
Clc1ccccc1CN(Cc1ccccc1)c1ncnc2nc[nH]c12,0
CCN(CCCNC(=O)CCNC(=O)Cn1cnc2ccccc2c1=O)c1cccc(C)c1,0
Cc1nc2ncnn2c(C)c1CCC(=O)N1CCc2ccccc2C1,0
Cc1c(C(=O)N2CCN(CCc3ccccc3)CC2)oc2ccccc12,0
Oc1c(C(c2ccco2)N2CCOCC2)sc2ncnn12,0
O=C(c1ccco1)N1CCN(C(c2ccc(F)cc2)c2nnnn2CC2CCCO2)CC1,0
O=C(Cn1c(N2CCN(c3ccccc3)CC2)nc2ccccc21)c1ccccc1,0
Cc1c(Cl)cccc1N(CC(=O)NC1CCCCC1)S(C)(=O)=O,0
COc1ccc(-n2c(COc3cccc(C)c3)nnc2SCC(=O)NCc2ccco2)cc1,0
CCOC(=O)N1CCC(NC(=O)CCCN2C(=O)CSc3ncccc32)CC1,0
Cc1nonc1OCCNC(=O)C12CC3CC(CC(C3)C1)C2,0
O=C(CN1C(=O)NC(Cc2ccccc2)C1=O)Nc1ccccc1,0
CC(C)Cn1c(N)c(C(=O)COC(=O)c2ccc3ccccc3n2)c(=O)n(C)c1=O,0
Cc1ccc2nc(-c3cccc(S(=O)(=O)N(C)C)c3)cn2c1,0
N#CCC(=O)Nc1ncn(Cc2ccccc2Cl)n1,0
Cc1ccc(-c2nn3c(C)nnc3s2)cc1NC(=O)c1cccs1,0
O=C(NCCCN1CCOCC1)c1cc2c(=O)[nH]c3ccccc3c2s1,0
Cc1cccc2sc(NC(=O)c3ccc(Cl)s3)nc12,0
CCOc1cc(C(=O)Nc2ccc(S(=O)(=O)Nc3cc(C)on3)cc2)cc(OCC)c1OCC,0
COc1ccccc1NC(=O)COc1ccc(CO)cc1Cl,0
COCCSc1nc2c(c(=O)[nH]c(=O)n2C)n1CCC(C)C,0
Cn1c(C(=O)N2CCCc3ccccc32)cc2c(=O)n3ccccc3nc21,0
O=C(NCC(c1cccnc1)N1CCN(c2ccccc2)CC1)OCc1ccccc1,0
O=C(CCCOc1ccccc1)n1nnc2ccccc21,0
Cc1ccc2cc(C#N)c(N3CCCN(C(=O)C4CCCO4)CC3)nc2c1,0
O=C(CSc1nnc2c3c4c(sc3ncn12)CCCC4)NCc1ccco1,0
CCOC(=O)N1CCC(NCCNC(=O)c2cccs2)CC1,0
O=S(=O)(N/C(=N/C1CCCC1)C(F)(F)F)c1ccccc1,0
C=C(C)Cn1c(=O)c(NC(=O)c2ccccc2)c2n(c1=S)CCC2,0
CCOC(=O)c1cnc2cc3c(cn2c1=O)CCCC3,0
Cc1[nH]nc2c1-c1nc3ccccc3nc1C(C)(C)C2,0
C/C(=C\C(=O)Nc1nccs1)c1ccccc1,0
Cc1nc2nc[nH]n2c(=O)c1NC(=O)c1c(-c2ccccc2Cl)noc1C,0
CCOC(=O)CSC1=C(C#N)C(c2ccccc2OCC)C(C(=O)OCC)C(=O)N1,0
c1ccc(CCNc2ncnc3nc[nH]c23)cc1,0
O=C(NCCN1CCN(C(=O)c2cccs2)CC1)c1cccs1,0
CCn1c(SC(=O)NC2CCCCC2)nnc1-c1cccs1,0
COc1ccc(Cl)cc1NC(=O)CSc1nncn1-c1cccnc1,0
CCc1cc(=O)oc2cc(OCC(=O)N(CC)CC)c(Cl)cc12,0
COc1ccc(NC(C)=O)cc1NC(=O)CSc1nnc(-c2ccccn2)n1C,0
Cc1ccc2nc(NC3=NCN(Cc4ccccc4)CN3)nc(C)c2c1,0
Nn1c(-c2cccs2)nc2sc3c(c2c1=O)CCCC3,0
CCOC(=O)c1cccc(NC(=O)CSc2nnnn2C)c1,0
CCC1CCCCN1Cc1nc2c(c(=O)n(C)c(=O)n2C)n1CCCc1ccccc1,0
CCOC(=O)c1cc(-c2nnc(-c3cc(OC)c(OC)c(OC)c3)o2)c(C)nc1C,0
CCOC(=O)Nc1ccc(OC)cc1S(=O)(=O)N1CCCCC1,0
Cc1cc(=O)nc(SCCOc2ccc3c(c2)CCC3)[nH]1,0
S=c1[nH]nc(Cc2ccccc2)n1Cc1ccco1,0
COCCN1C(SCC(=O)Nc2ccc3c(c2)OCCO3)=NN/C1=C1/C=Nc2ccccc21,0
Cc1ccc2[nH]c3c(NCCCN4CCCC4=O)ncnc3c2c1,0
Cc1ccc(-c2nn3c(C)nnc3s2)cc1NC(=O)COc1ccc(Cl)cc1,0
Cc1ccc2[nH]c(=O)c(CN(Cc3ccco3)C(=O)c3ccncc3)cc2c1,0
COc1ccc(N2C(=O)C(CC(=O)Nc3ccccc3)N(Cc3ccc4c(c3)OCO4)C2=O)cc1,0
Cc1ccc(NC(=O)c2ccccc2O)cc1,0
CCN(CCNC(=O)c1cc(C)nn1-c1ccccc1)c1ccccc1,0
CC(C)(C)C1CCc2onc(C(=O)Nc3cccnc3)c2C1,0
CC1(C)Cc2c(C#N)c(OCC(=O)c3ccc(Cl)cc3)nc(-c3ccco3)c2CO1,0
COc1cc(OC)c(NC(=O)c2ccco2)cc1Cl,0
Cc1cc(C)n2nc(-c3cccnc3)nc2n1,0
Cn1/c(=N/c2ccc(N3CCOCC3)cc2)ccc2ccccc21,0
CCOC(=O)C1=C(N)n2c(s/c(=C\c3cccnc3)c2=O)=C(C#N)C1c1cccnc1,0
Cc1ccc(NC2c3ncccc3C(=O)N2C2CCCCC2)cc1,0
c1ccc(OCCSc2nnnn2-c2ccccc2)cc1,0
Cc1ccc(N2C(=O)c3oc4ccccc4c(=O)c3C2c2cccnc2)nc1,0
COc1cc(C2=NOC(C(=O)N3CCN(c4ccc(F)cc4)CC3)C2)cc(OC)c1OC,0
Cc1ccc2cc(CN(CCN3CCCC3)C(=O)Nc3ccc(F)cc3)c(=O)[nH]c2c1C,0
Cc1onc(-c2ccccc2)c1C(=O)Nc1cccnc1,0
Cc1cc(NC(=O)c2noc3c2CCCC3)n(-c2ccccc2)n1,0
O=C(Cc1cccs1)Nc1ccc(-c2nnn(CC(=O)N3CCOCC3)n2)cc1,0
CC1CCc2c(nc3ncnn3c2N2CCN(c3ccccc3)CC2)C1,0
CCn1c(C(=O)NCc2cccnc2)cc2sc(Cl)cc21,0
Cc1nc(NCCCO)c(C#N)c2c1COC(C)(C)C2,0
COc1nc2c(C)cccc2cc1-c1noc(-c2ccncc2)n1,0
CC(OC(=O)CCc1nc(=O)c2ccccc2[nH]1)C(=O)NCc1ccc2c(c1)OCO2,0
Cc1ccc2oc(=O)n(CCOc3ccccc3Cl)c2c1,0
O=C(NCC(c1cccnc1)N1CCN(c2ccccc2)CC1)c1ccc2c(c1)OCO2,0
CCCCSc1nc(N)c(C#N)c(-c2cccs2)c1C#N,0
O=C(CSc1ccccn1)N1CCN(C(=O)CSc2ccccn2)CC1,0
N#Cc1cc2sc3nc4ccccc4n3c2cc1C#N,0
CC(=O)c1ccc(NC(=O)Cn2nc(C)cc2C)cc1,0
CN(CC(=O)N1CCCCC1)S(=O)(=O)c1cccc2cccnc12,0
COC(=O)c1ccccc1NC(=O)CSc1nnc(C(CO)NC(=O)c2ccccc2)n1C,0
NC(=O)CSc1nnc(-c2ccc(S(=O)(=O)N3CCCC3)cc2)n1CC1CCCO1,0
CC(=O)N1CCc2c(sc(NC(=O)c3ccc(S(=O)(=O)N(C)C)cc3)c2C#N)C1,0
Cc1cc(Cn2ccnc2)c(C)cc1Cn1ccnc1,0
Cc1cc(Nc2ccccc2N2CCOCC2)n2ncnc2n1,0
COc1ccc(-n2cnc3c(cnn3CCC#N)c2=N)cc1,0
O=C1CCn2cnc3cccc4ccc1c2c43,0
COCCCNC(=O)CC(NS(=O)(=O)c1ccc(C)cc1)c1ccco1,0
O=C(O)CCc1ccc(-c2cccs2)n1Cc1ccco1,0
O=C(NCN1C(=O)C2C3C=CC(C3)C2C1=O)OC1CCCCC1,0
CCOC(=O)C1CCN(C(=O)N(C)C)CC1,0
CC1Cc2ccccc2N1C(=O)CSc1nc2ccccc2o1,0
COc1cccc(NC(=O)N2CCOCC2)c1,0
COc1ccc(OC)c(NC(=O)C2CCN(c3ncccn3)CC2)c1,0
c1ccc2sc(SN3CCOCC3)nc2c1,0
CCOc1ccc2cc(C#N)c(SCC(=O)N3CCCC3)nc2c1,0
O=C(Nc1ccccc1)N1CCn2c1nc1ccccc12,0
CC1(C)CC(=O)C2=C(C1)Nc1ccccc1NC2c1ccccn1,0
Cc1ccc(-c2nnc(SC(C)C#N)n2N)cc1,0
CCOc1cc(C2C3=C(CCCC3=O)NC3=C2C(=O)CCC3)cc(Cl)c1O,0
O=C(Cc1ccccc1)NCCCN1CCN(CCCNC(=O)Cc2ccccc2)CC1,0
COc1cccc(-n2c(C)nnc2SCC#N)c1,0
CCN(CC)C(=O)CSc1nnc2sc3ccccc3n12,0
Cc1csc2ncc(C(=O)NCc3ccccc3Cl)c(=O)n12,0
O=C1c2ccccc2C(=O)N1Cc1nn2c(-c3ccc(Cl)cc3)nnc2s1,0
O=C(COc1cccc2cccnc12)Nc1nccs1,0
O=C(Cn1nnc(-c2cccs2)n1)N1CCc2ccccc2C1,0
CCOC(=O)N1CCN(CC(=O)Nc2c(C(=O)OC)[nH]c3ccc(Cl)cc23)CC1,0
CCOc1ccc(Nc2nc(NCCN3CCOCC3)nc(OC)n2)cc1,0
Cc1cc2nncn2c(Cc2ccccc2)n1,0
Cc1ccc(CSc2nnnn2C)cc1,0
CN1CCN(C(=O)c2cnn(-c3ccccc3)c2NC(=O)c2cccs2)CC1,0
Cc1cc(C)c(C#N)c(N2CCCC(C(N)=O)C2)n1,0
COc1cc(S(=O)(=O)NC2CCCC2)ccc1Cl,0
COc1ccc(Cl)cc1NC(=O)CCn1cnc2ccccc2c1=O,0
CCCn1c(-c2ccc(OC)cc2)nc2nc3ccccc3nc21,0
CCOCC(=O)NCc1ccc2c(c1)cc(C)n2C,0
COc1ccccc1NC(=O)CSc1nnc(C)n1Cc1ccccc1,0
O=c1c2ccccc2[nH]c(=S)n1C1CCCCC1,0
CCOC(=O)c1[nH]c(C)c(C(=O)OCC(=O)N2CCCCC2C)c1C,0
O=C(CNS(=O)(=O)c1cccc2nonc12)NCc1ccc(F)cc1,0
CCOC(=O)N1CCN(Cc2nc(-c3ccc(C)cc3)no2)CC1,0
CC(=O)Nc1cc2c(cc1C(C)=O)OCCO2,0
Cc1cc(C)nc(-n2nc(C)c(Sc3ccc(F)cc3)c2N)n1,0
COCc1nnc(NC(=O)c2cc(Cl)ccc2OC)s1,0
CC(=O)NCCOC(=O)Nc1cccnc1,0
CC(=O)c1c(C)nc(-c2ccc(Cl)cc2)nc1/N=C/N(C)C,0
CN(C)Cc1nc2c([nH]1)c(=O)n(C)c(=O)n2C,0
O=C(Nc1ccc(-c2nnco2)cc1)c1ccccc1,0
CCCCC(=O)Nc1ccc(NC(=O)C2CC2)nc1,0
O=C(Nc1ccc(Cl)c(Cl)c1)N1CCSC1c1ccco1,0
COCc1[nH]nc2c1C(c1ccc(OC)c(OC)c1)C(C#N)=C(N)O2,0
Cc1nc(SCC(=O)c2ccc(F)cc2)n[nH]1,0
Cc1cccc2cc3c(NC(=O)C(C)C)nn(C)c3nc12,0
CN1CCN(c2ccc(Cl)cc2NC(=O)c2ccc(S(=O)(=O)N3CCCCCC3)cc2)CC1,0
CCOc1ccc(N2C(=O)CC(N(O)c3ccccc3)C2=O)cc1,0
C=CCn1c(SCC(=O)Nc2ccc(C)cc2C)nnc1-c1cccnc1,0
COC(=O)CCc1c(C)c(C(=O)c2ccco2)c2ccccn12,0
CC(C)C1N=C2c3ccccc3N=C(SCC(=O)NCCc3ccc(S(N)(=O)=O)cc3)N2C1=O,0
Cc1ccc(Cn2ncc3c(NCCCN4CCOCC4)ncnc32)cc1,0
CS(=O)(=O)Nc1ccc(C(=O)NCCSCc2ccco2)cc1,0
O=C(c1ccco1)N1CCN(c2ccc(S(=O)(=O)N3CCCC3)cc2)CC1,0
Cc1cnc(-c2nnc(N(C)C(=O)C3CCCO3)s2)cn1,0
CN(C)c1ccc(-c2nnn(CC(=O)Nc3ccccc3N3CCOCC3)n2)cc1,0
CC1(C)Cc2c(sc3ncn4nc(-c5ccco5)nc4c23)CO1,0
CCOC(=O)CC1C(=O)NCCN1C(=O)c1cc2c(=O)n3ccccc3nc2s1,0
O=C(Nc1cnccn1)C1c2ccccc2Oc2ccccc21,0
CCn1c(SCC(=O)N2CCN(c3ccccc3F)CC2)nnc1-c1ccoc1C,0
CCn1c2ccccc2c2nnc(SCC(=O)Nc3ncccn3)nc21,0
CCc1nnc(NC(=O)CSc2nnnn2-c2cccc(C(=O)OC)c2)s1,0
c1cncc(-c2nnc(SCCSc3nnc(-c4cccnc4)o3)o2)c1,0
COc1ccc(-c2c3c(=O)n(C)c(=O)n(C)c3cn2-c2cccc(OC)c2)cc1,0
O=C(NCCCN1CCOCC1)C1(c2ccccc2)CCCC1,0
O=C(Oc1ccnc2cc(Cl)ccc12)N1CCOCC1,0
CCCCn1nnnc1SCC(=O)Nc1ccc(C)cc1,0
O=C(NCCN1CCOCC1)N1CCOCC1,0
O=C(NCCN1CCN(c2ccccc2)CC1)C1(S(=O)(=O)c2ccc(Cl)cc2)CC1,0
CN1CCN(CC(=O)N(C)c2nc(-c3ccccc3)cs2)CC1,0
Cc1ccc(-c2noc(CCC(=O)Nc3ccc(C)cn3)n2)cc1,0
CC1(C)Cc2ccccc2C(Nn2cnnc2)=N1,0
N#Cc1cccc(-n2nnnc2-c2ccccn2)c1,0
CN(C)c1nc(Oc2ccc(=O)n(-c3ccccc3)n2)nc(N2CCOCC2)n1,0
Cc1cnc(C(=O)Nc2ccccc2-n2cccc2)cn1,0
O=c1c2cc(Cl)ccc2oc2nc3n(c(=O)c12)CCCS3,0
COc1cccc(-n2nnc3c(=O)n(CC(=O)N4CCC(C)CC4)cnc32)c1,0
C=CCSc1nc(=O)c(-c2ccccc2NC(=O)CC)n[nH]1,0
Cc1ccc(S(=O)(=O)N2CCOCC2)cc1C(=O)Nc1ccc(-c2cn3ccsc3n2)cc1,0
Cn1c(SCC(=O)NCc2ccco2)nnc1-c1cccs1,0
Cc1ccc2c(c1)c1nc3ccccc3nc1n2CCN1CCOCC1,0
O=C(CCNc1ccc(F)c(Cl)c1)c1ccco1,0
C=CCn1c(SCc2cc(C(=O)OC)c(C)o2)nnc1-c1ccncc1,0
COCc1nc(-c2ccc(-c3ccc(OC)cc3)nc2OC)no1,0
COc1cccc(-n2nnc3c(=O)n(CC(=O)OCc4ccccc4)cnc32)c1,0
O=C(Cn1cnc2c(cnn2-c2ccc(Cl)cc2)c1=O)NCC1CCCO1,0
CCn1ncc(C2=NOC(C(=O)NCCc3ccccc3)C2)c1C,0
COCCCNC(=O)CCc1nc2cccnc2n1Cc1ccc(OC)cc1,0
CN1CCN(CC(=O)Nc2ccc(Cl)cc2C(=O)c2ccccc2)CC1,0
NC(=O)c1cccc(S(=O)(=O)N2CCCCC2)c1,0
Cc1c(C(=O)O)sc2nc(C)n(C)c(=O)c12,0
CCc1cccc(NC(=O)c2ccc(NS(=O)(=O)c3c(C)noc3C)cc2)c1,0
COc1ccccc1N1CCN(C(c2ccc(F)cc2)c2nnnn2C(C)C)CC1,0
CCOC(=O)c1nnn(-c2nonc2N)c1-c1ccc(OCC)cc1,0
CCCNC(=O)c1n[nH]c(=O)c2ccccc12,0
CCSc1nncn1/N=C/c1ccc(OC)c(OC)c1,0
O=C(Cc1c[nH]c2ccccc12)N1CCc2ccccc21,0
CCCCn1c(CN2CCOCC2)nc2c1c(=O)n(C)c(=O)n2C,0
CCOc1ccccc1OCc1nn2c(-c3ccc(C)cc3)nnc2s1,0
O=C(c1noc2c1CCCC2)N1CCN(Cc2ccccc2)CC1,0
COc1ccccc1-c1nc(SCc2ccccn2)n[nH]1,0
CCCCn1c(SCC(=O)Nc2cc(C)on2)nc2ccccc2c1=O,0
Cc1cccc(NC(=O)CCc2ccc(C)o2)c1,0
CCOC(=O)c1nnn(-c2nonc2N)c1CSc1ccccn1,0
O=C(CCN1CCN(CC(=O)Nc2ccccc2Cl)CC1)Nc1ccccc1F,0
Cc1nnc(SCc2cnc(-c3ccc(C(C)C)cc3)s2)n1C,0
CCNc1nc(Oc2ccc(=O)n(C)n2)nc(N2CCOCC2)n1,0
O=C(NCCc1ccc(Cl)cc1)C1CCC(=O)N1C1CCCC1,0
CCCn1c(SCC(=O)NC)nnc1C(C)C,0
CCOc1ccc(NC(=O)Nc2cc(C)on2)cc1,0
CC1CCN(Cc2ccc(-c3nn[nH]n3)cc2)CC1,0
COC(=O)c1nc(NC(=O)c2ccc(Cl)cc2)n[nH]1,0
c1cncc(-c2nc(N3CCCCCC3)c3ccccc3n2)c1,0
CCOC(=O)c1cccc(-n2c(C)nc3ccccc3c2=O)c1,0
COc1ccccc1-c1nc(NC(C)=O)n[nH]1,0
CCC(=O)Nc1c(C)cc(C)cc1Cl,0
CCC(CC)C(=O)NCCc1cc2ccc(C)cc2[nH]c1=O,0
COc1ccc(-c2cc(C(N)=O)nc(N3CCCCCC3)n2)cc1,0
CCN(C(=O)c1ccc(C(C)(C)C)cc1)c1nnc(Cn2nnc3ccccc32)s1,0
Cc1ccc(S(=O)(=O)c2c(C)nn(C(C)(C)C)c2OC(=O)c2cccs2)cc1,0
Cc1cc(NC(=O)COC(=O)CCCOc2ccc(Cl)cc2C)no1,0
Nn1c(SCc2nc3ccccc3[nH]2)nnc1-c1cccnc1,0
CCc1nc(SCc2cc(Cl)ccc2OC)n[nH]1,0
CCc1nc(NCCc2ccccn2)c2nnn(Cc3ccccc3F)c2n1,0
Cc1cc(NC(=O)c2ccc(NC(=O)c3cccs3)cc2)no1,0
CCCCn1nnc(NC(=O)COc2cc(C)ccc2C(C)C)n1,0
Cc1ccc(SCc2cc(=O)n3[nH]cnc3n2)cc1,0
N#Cc1c(NC(=O)CCN2C(=O)c3ccccc3C2=O)oc(-c2ccccc2)c1-c1ccccc1,0
CCOC(=O)c1ccc(Nc2nnc3nc(C)cc(C)n23)cc1,0
Nc1c2c(nc3ccn(-c4ccccc4)c(=O)c13)CCCCC2,0
N#Cc1cnc(SCC(=O)Nc2ccccc2C(F)(F)F)nc1N,0
CSc1ccccc1NC(=O)c1cnccn1,0
COc1ccc(C(=O)N2CC(=O)N(CCc3ccccc3)C(=O)C2)cc1OC,0
CCC(=O)Nc1ccc(NC(=O)c2c(C)nc3ccccn23)cc1,0
CCC(=O)Nc1cc(-c2nnc(OC)c3ccccc23)ccc1N1CCOCC1,0
COc1ccc(CNC(=O)C2CCN(S(=O)(=O)c3c(C)n[nH]c3C)CC2)cc1,0
Nc1nnnn1/N=C/c1ccccn1,0
CC1CC(C)CN(CC(C)(C)NS(=O)(=O)c2ccccc2)C1,0
Cc1nc(N2C(=O)C(=O)/C(=C(/O)c3ccccc3)C2c2ccco2)sc1C,0
COc1ccccc1N1CCN(C(=O)CSc2nnc(NC(=O)C3CCC3)s2)CC1,0
COc1ccc(Oc2c(C)oc3c(CN(C)C)c(O)ccc3c2=O)cc1,0
CCNC(=O)C1CC(=O)N(Cc2ccc(F)cc2)/C(=N/c2ccc(OC)cc2)S1,0
Cc1ccc(-n2c(C)cc(C(=O)CSc3nnnn3C)c2C)cc1,0
CCc1nnc(NC(=O)CSc2nnc(COc3ccccc3C)o2)s1,0
Cc1ccc(Cn2[nH]nc3c(=O)nc(C4CCN(S(=O)(=O)c5ccccc5)CC4)nc2-3)cc1,0
CCN1CCc2c(C#N)c(N3CCOCC3)nc(NCc3ccccc3)c2C1,0
COc1ccccc1OCCCCCNCCO,0
O=S(=O)(Nc1cccc(C(F)(F)F)c1)c1cnc[nH]1,0
OCCNCCCCOc1ccccc1F,0
CCCOc1ccc(CSc2nnc(CCC)n2N)cc1,0
Cc1nc2ccc(C(=O)c3ccccc3)cc2[nH]1,0
Cc1cc(C)c2c(n1)nn1c(NCCOCCO)cc(C)nc21,0
COc1ccc(Nc2nc(=O)c(Cc3ccccc3Cl)n[nH]2)cc1,0
COc1ccccc1NC(=O)CC1Nc2ccccc2NC1=O,0
CCc1nc(C)cn1S(=O)(=O)c1cc(C)c(OC)cc1C,0
Cc1onc(-c2c(F)cccc2Cl)c1C(=O)Nc1nc2c(s1)CCCC2,0
c1ccc2c(N3CCCCC3)nc(N3CCCC3)nc2c1,0
Cc1onc(-c2c(F)cccc2Cl)c1C(=O)NCc1ccco1,0
O=C(Nc1ccc(S(=O)(=O)N2CCN(Cc3ccccc3)CC2)cc1)c1cnccn1,0
CSc1nsc(NC(=O)Cc2ccccc2)n1,0
O=C(c1cc(-c2ccccc2)nc2ccccc12)N1CCC2(CC1)OCCO2,0
O=C(Nc1ccon1)c1ccc(Cl)s1,0
Cc1onc(-c2ccccc2Cl)c1C(=O)OCC(=O)Nc1ccc2c(c1)OCO2,0
COc1ccc(S(=O)(=O)Cc2ccccc2)cc1N,0
COc1cccc(-n2nnc3c(=O)n(CC(=O)N4CCCc5ccccc54)cnc32)c1,0
Cc1cc(C)n(-c2nc(SCC(=O)N3CCCC3)c3c4c(sc3n2)CCCC4)n1,0
CC(C)Cn1c(-c2ccccc2F)n[nH]c1=S,0
CC(C)(C)n1ncc2c(=O)n(CC(=O)N3CCCc4ccccc43)cnc21,0
CCOC(=O)C(Cc1ccccc1)NC(=O)Cn1nnc(-c2ccccc2)n1,0
Cc1ccc(OS(=O)Nc2cccc3nccnc23)cc1,0
CCCc1nnc(NC(=O)CCN2C(=O)c3ccccc3C2=O)s1,0
Cn1nnnc1SCC(=O)Nc1ccccc1N1CCCCC1,0
COc1ccc(CNc2nc(SC)n[nH]2)cc1OC,0
CCCN(CCC)C(=O)CCS(=O)(=O)c1cccc2nsnc12,0
Cc1cc(C)n(C(CC(=O)O)C(=O)O)n1,0
CC1CCCN(S(=O)(=O)c2cccc(-c3cn4cccnc4n3)c2)C1,0
C/C(CCc1oc2ccccc2c1-c1ccc(C)o1)=N\O,0
CC1(C)Cc2c(c(-c3ccccc3)[nH]c(=O)c2C#N)CS1,0
N#Cc1nc(COc2cccc(Cl)c2)oc1NCc1ccco1,0
O=C(CCn1c(=O)oc2ccccc21)Nc1cccc(Cl)c1,0
CCC(=O)Nc1nc(=O)c(Oc2ccccc2)c(C)[nH]1,0
Cc1sc(NC(=O)CN2CCN(c3ccccn3)CC2)c(C#N)c1C,0
Cc1nc(NC(=O)CSc2nnnn2Cc2ccccc2)sc1C,0
CCC(C)NC(=O)C(Cc1ccccc1)NS(=O)(=O)c1cccc2nsnc12,0
C=CCn1c(N(C)C)nc2c1c(=O)[nH]c(=O)n2C,0
Cn1nnnc1SCc1nc2ccccc2[nH]1,0
Cc1cc(N2CCN(C(=O)c3ccco3)CC2)n2ncc(-c3ccccc3)c2n1,0
COc1ccc(C(=O)CSc2nnc(Cn3cnc4ccccc43)o2)cc1,0
CCn1c2ccccc2c2cc(NC(=O)COC(=O)C3CCC(=O)N3)ccc21,0
O=C(Cn1cccc1)NCc1cccs1,0
COc1ccccc1-c1c(C)nn2c(C)cc(C)nc12,0
CCOC(=O)Cc1nnc(NC(=O)C(CC)Sc2nc(=O)cc(C)[nH]2)s1,0
CCOC(=O)NC1(Nc2ccc(Cl)cn2)Oc2ccccc2O1,0
COC(=O)c1nonc1NCn1nnc2ccccc21,0
CC(C)c1nc(SCc2ccccn2)c2c(=O)n(C)c(=O)n(C)c2n1,0
COc1cccc(NC(=O)c2ccccc2-c2nc(-c3ccc(F)cc3)no2)c1,0
CN1CCc2c(sc3c2C(=O)NC(c2ccccn2)N3)C1,0
COc1ccccc1C(=O)NCCn1cc(SCC(=O)Nc2nnc(C)s2)c2ccccc21,0
Cc1cccc(N2CCN(C(=O)C3CCN(S(=O)(=O)c4cccc5cccnc45)CC3)CC2C)c1,0
Cc1sc2ncnc(N3CCN(c4ncccn4)CC3)c2c1C,0
Cc1c(NC(=O)C2(c3ccccc3)CCOCC2)c(=O)n(-c2ccccc2)n1C,0
COc1ccc(CCNC(=O)CSc2nnc(Cn3c(=O)sc4ccccc43)n2C)cc1OC,0
O=C(Cn1cnc2c(nnn2-c2ccc(F)cc2)c1=O)NCc1ccco1,0
CC(C)C(NC(=O)c1ccccc1)C(=O)NCc1ccccn1,0
CCSc1nnc(-c2ccc(S(=O)(=O)N3CCCC3)cc2)n1C,0
CCN(CC)c1nc2nonc2nc1N(CC)CC,0
CC1CCCCC1NC(=O)Cn1ncc2ccccc21,0
CCOC(=O)Cn1c(S(=O)(=O)Cc2ccccc2)nc2ccccc21,0
CC(C)CCNC(=O)CN(C(=O)Cn1nnc(-c2ccc(F)cc2)n1)C1CCCC1,0
COc1nc(Nc2ccc(OC)c(Cl)c2)nc(OC)n1,0
O=C(CS(=O)(=O)c1c[nH]c2ccccc12)N1CCCCC1,0
Cc1cccc(C)c1NC(=O)N1CC=C(n2c(=O)[nH]c3ccccc32)CC1,0
O=C(COC(=O)CCC(=O)c1ccc(Cl)cc1)NCC1CCCO1,0
CC1(C)Cc2ccccc2-c2c1c(=O)n(-c1ccccc1)c1nnnn21,0
O=c1n(Cc2ccccc2)c2cc(Cl)cnc2n1Cc1ccccc1,0
CC(C)Cn1c(CCC(=O)O)ccc1-c1cccs1,0
Cc1nc2c(-c3ccccc3)c(C)nn2c(C)c1CCC(=O)O,0
COc1cc(C(=O)Nc2ccc(S(=O)(=O)Nc3cc(C)on3)cc2)cc(OC)c1OC,0
Cc1nn(C)c(C)c1NC(=O)CSc1nc(-c2ccccc2F)nc2c1cnn2-c1ccccc1,0
CCc1nnc(NC(=O)CSc2ncc(-c3ccccc3)n2CC)s1,0
Cc1c(/C=N/CCOCc2ccccc2)cnn1C,0
O=C(CSc1nc2c(c(=O)n1-c1ccccc1)SCC2)N1CCOCC1,0
CCOC(=O)C1CCCN(CCC(=O)Nc2c(C(=O)OC)[nH]c3cc(OC)ccc23)C1,0
COc1ccc(Nc2nc(C)cc(C)c2C#N)cc1OC,0
Cc1ccc(NC(=O)COC(=O)C2CC2C)c(S(=O)(=O)N2CCCCC2)c1,0
CC(C)OC(=O)CSc1nnc(-c2ccncc2)n1N,0
C=CCn1c(SCC(N)=O)nc(C)cc1=O,0
Fc1ccc(OCc2nn3cnnc3s2)cc1,0
CCOC(=O)N1CCN(C(=O)C2CCN(S(=O)(=O)N(CC)CC)CC2)CC1,0
Cc1ccc(-c2[nH]c(=O)n3ccncc23)s1,0
O=C(COc1ccc(Cl)cc1)N1CCN(C(=O)Cc2ccccc2)CC1,0
COCC(C)n1c(SCC(=O)N2CCCCC2)nc2ccccc2c1=O,0
c1ccc2c(c1)OCC(CNc1ncnc3nc[nH]c13)O2,0
Cc1cc(NC(=O)CCC(=O)N(c2ccccc2)C(C(=O)NC2CCCC2)c2cccs2)no1,0
Cn1c(SCc2ccccc2Cl)nnc1-c1cnccn1,0
COc1ccc(CNC(=O)c2c(O)n3c4c(cccc4c2=O)CCC3)cc1OC,0
N#Cc1cc2c(nc1SCC(=O)N1CCCCC1)CCCCC2,0
CC(C)Cn1c(CNC(=O)c2ccccc2)nc2ccccc21,0
COc1ccc(-n2nnnc2SCC(=O)Nc2cccc(C)n2)cc1OC,0
CC(C)n1c(CN2CCN(C)CC2)nc2c1c(=O)n(C)c(=O)n2C,0
Cn1nnc2cc(C(=O)NCc3ccc4c(c3)OCO4)ccc21,0
COc1ccc(OC)c(CNC(=O)C2CCN(C(=O)N(C)C)CC2)c1,0
O=C(CSc1nnc2ccccn12)Nc1ccccc1C(=O)NC1CC1,0
CC(C)c1nnc(NC(=O)c2cccs2)s1,0
NC12CCc3nonc3C1(O)CC(c1ccccc1)=[N+]2[O-],0
CCn1/c(=N/c2ccc(N3CCOCC3)cc2)ccc2ccccc21,0
COc1ccc(-n2nc3c(c2NC(=O)c2c(F)cccc2Cl)CS(=O)C3)cc1,0
C/C=C/COc1nc2c(c(=O)n(C)c(=O)n2C)n1C,0
CC1(C)NC(=O)N(CCOCCOc2cccc(Oc3ccccc3)c2)C1=O,0
CC(=O)Nc1ccn(-c2ccccc2)n1,0
Cc1ccc(-c2nc3ccccc3[nH]2)s1,0
COc1ccc(-c2nnn(CC(=O)c3c[nH]c4ccccc34)n2)cc1OC,0
O=c1c2ccccc2nc(-c2ccccc2)n1CCN1CCOCC1,0
O=C(COc1nncc2ccccc12)NCCC1=CCCCC1,0
Cc1nnc(NS(=O)(=O)c2ccc(N)cc2)s1,0
Cc1ccc(N(C(C)C(=O)N2CCCCC2)S(C)(=O)=O)cc1C,0
Cc1cccc(C)c1NC(=O)CCCSc1nnc(-c2ccco2)o1,0
CCOC(=O)CNC(=O)CSc1nc(NCc2ccccc2)nc(N(C)C)n1,0
COc1ccc(C)cc1S(=O)(=O)N1CCC(C)CC1,0
CC(=O)N1CCCc2cc(S(=O)(=O)N(C)CCC#N)ccc21,0
Cc1n[nH]c(C)c1S(=O)(=O)N1CCCC(C(=O)NCc2cccs2)C1,0
COc1ccccc1NC(=O)CSc1nnnn1C,0
Nc1nnc(SCC(=O)NC2CCCCC2)n1-c1ccccc1,0
CC(C)(Oc1ccc(CCNC(=O)c2ccc(Cl)cc2)cc1)C(=O)O,0
CC1CCN(c2nc3c(c(=O)n(C)c(=O)n3C)n2CCSc2nc3ccccc3s2)CC1,0
Cc1cc(C(=O)COC(=O)c2n[nH]c3ccccc23)c(C)n1C,0
COc1cccc(-c2nnc3sc(-c4ccco4)nn23)c1,0
COC(=O)CN(c1ccccc1F)S(=O)(=O)c1ccccc1,0
Cc1cc(C)n(-c2nnc(C)n2/N=C/c2ccccc2F)n1,0
Cn1c(=O)c2ncn(CC(=O)Nc3ccc4oc(-c5cccc6ccccc56)nc4c3)c2n(C)c1=O,0
CC(c1cccnc1)N(C(=O)Nc1ccccc1)C1CCCCC1,0
Cc1ccc2nc(N3CCOCC3)c3nncn3c2c1,0
CCOC(=O)N1CCN(S(=O)(=O)c2cc(C)c(C)cc2C)CC1,0
Cc1cc(C)nc(N(C#N)CC(=O)Nc2ccccc2)n1,0
O=c1nc(C2CCCN(S(=O)(=O)c3ccccc3)C2)nc2n(Cc3ccccc3)[nH]nc1-2,0
Cc1ccc(Nc2nc(N3CCOCC3)c3ccccc3n2)cc1,0
O=C(c1ccc2c(c1)OCO2)N1CCN=C1SCc1cccnc1,0
CCCn1c(CNC(=O)c2cccs2)nc2ccccc21,0
N#Cc1nc(-c2cccs2)oc1NCCc1ccccc1,0
O=C(NCCOc1ccccc1)c1n[nH]c(=O)c2ccccc12,0
CCn1c(SCC(=O)Nc2ccc3c(c2)OCCO3)nnc1-c1ccccn1,0
c1ccc(COc2ccc(OCCCn3cncn3)cc2)cc1,0
N#Cc1c(-c2cccs2)cc(-c2ccccn2)nc1N,0
CN(Cc1ccccc1)c1nc2c(c(=O)[nH]c(=O)n2C)n1CCOc1ccccc1,0
Cc1nc(N)c(C#N)c(-c2ccccc2)c1C,0
C=CCn1c(=O)c2c(nc3n2CCN3c2cccc(Cl)c2C)n(C)c1=O,0
Cn1c(=O)c2c(nc(NCc3ccc4c(c3)OCO4)n2Cc2ccc(F)cc2)n(C)c1=O,0
CNC(=O)Nc1ccccc1NC(=O)NC,0
COc1ccc(CCNC(=O)c2ccc(=O)[nH]n2)cc1OC,0
Cc1cc(NC(=O)CSc2nnc(-c3cccnc3)n2C)no1,0
CC(C)NC(=O)COC(=O)c1ccc(O)cc1,0
CN(C(=O)c1cccnc1)c1nc(-c2ccccc2)cs1,0
Cc1cc(C(=O)CN2C(=O)NC(Cc3c[nH]c4ccccc34)C2=O)c(C)n1C,0
O=C(COC(=O)c1ccc(Cl)c(S(=O)(=O)N2CCCC2)c1)NC1CCCC1,0
CC(C)c1c(C#N)c(N)nc(SCC(=O)c2cc3ccccc3oc2=O)c1C#N,0
Cc1nonc1OCCn1nnnc1N,0
CN(C)/C=C1\C(=O)c2ccc(N(C)C)nc2CC1c1ccccc1,0
O=C(CN1CCN(C2CCCCC2)CC1)c1ccc2cc[nH]c2c1,0
CCN(CC)Cc1c(C(=O)OC)nnn1-c1nonc1N,0
CCCCCn1c(SCCC(C)C)nc2c1c(=O)[nH]c(=O)n2C,0
CN1CCN(c2nc3c(c(=O)n(C)c(=O)n3C)n2CC(=O)C23CC4CC(CC(C4)C2)C3)CC1,0
Cc1cc(C)nc(N2C(=O)CC(C(C)c3ccccc3)C2=O)n1,0
CCOc1ccccc1C(=O)N(CN1CCCC1=O)c1cccc(Cl)c1,0
Clc1ccccc1CSc1cn2c(n1)CCC2,0
Cc1ccccc1OC(C)C(=O)NC1CCCC1,0
Cc1cc(C)n(C(C)n2nc(C)cc2C)n1,0
O=c1cc(CN2CCN(C/C=C/c3ccccc3)CC2)c2cc(O)ccc2o1,0
COc1ccc(-c2csc(NC(=O)c3cc(C)on3)c2C#N)cc1OC,0
c1coc(Cn2c(SCc3nc4ccccc4[nH]3)nnc2-c2cccs2)c1,0
CN1CCN(c2nc(-c3cccs3)cc(C(F)(F)F)n2)CC1,0
CCOC(=O)CSc1nc(N(C)C)nc(N(C)C#N)n1,0
O=C(COc1ccccc1)N1CCN=C1SCc1cccnc1,0
Nn1c(SCC(=O)Nc2ccccc2)nnc1-c1cccnc1,0
Cc1ccc(SCc2[nH]nc3c2C(c2ccco2)C(C#N)=C(N)O3)cc1,0
COC(=O)Cc1cc(=O)n(-c2nc3ccccc3[nH]2)[nH]1,0
Cc1nonc1NC(=O)Nc1cccnc1,0
Cc1cc(C)n2nc(SCC#N)nc2n1,0
Cc1ccc(CCNC(=O)C2CCCN(S(=O)(=O)c3cccc4nsnc34)C2)cc1,0
Cc1ccc(-c2nnc3c4ccccc4c(C)nn23)cc1NC(=O)c1ccco1,0
COc1cccc(C2NC(=O)NC(C)=C2C(=O)Nc2cccc(C)c2C)c1,0
Cc1sc2ncnc(Oc3ccc(-n4ccnc4)cc3)c2c1C,0
COc1cccc2[nH]c3c(N4CCC(C(N)=O)CC4)ncnc3c12,0
O=C(Cc1ccc(Cl)cc1)NCC(=O)N1CCCC1,0
CCOC(=O)c1sc(NC(=O)CSc2ccccn2)c(C#N)c1C,0
Cc1cc(-c2cc(-c3ccc(Cl)cc3)nc(N)c2C#N)co1,0
CCCCC1CCC(c2nc(-c3ccccn3)no2)CC1,0
N#CC(C(=O)OC1CCCCC1)c1nc2ccccc2nc1N1CCOCC1,0
CCn1c(CSc2nnc(-c3ccoc3C)n2C)nc2cc(S(=O)(=O)N(C)C)ccc21,0
COc1ccc(NC(=O)C=C(C)C)cc1Cl,0
COc1cccc(/C=c2\sc3nc(-c4cccs4)nn3c2=O)c1OC,0
CCOC(=O)N1CCN(C(=O)CSc2nnc(-c3cccc(Cl)c3)o2)CC1,0
Cn1c(=O)c2nc(NCc3ccccc3)cnc2n(C)c1=O,0
COc1ccccc1Oc1ccc(S(=O)(=O)NCc2ccccn2)cc1,0
C=C(C)c1cccc(C(C)(C)NC(=O)NCC2CCCO2)c1,0
COc1cccc(C2=CC(c3cccc(OC)c3OC)N3NN=NC3=N2)c1,0
O=C(NCc1ccco1)c1cc(-c2cccc(Cl)c2)on1,0
CSc1nc(-c2ccccc2)nc(N2CCCC2)c1C(C)=O,0
Cc1c(C(=O)NCCN2CCOCC2)sc2nc(-c3ccc(F)cc3)cn12,0
NC(=O)C1(N2CCCCC2)CCN(C(=O)c2ccc(-n3cnnn3)cc2)CC1,0
CCN(CC)c1ccc(NC(=O)C(C)C)cc1,0
CCn1c(SCC(=O)NCc2ccccc2)nc2ccccc2c1=O,0
O=C(NCCC1=CCCCC1)C1CCN(S(=O)(=O)c2cccc3nsnc23)CC1,0
Cc1ccc(C)c(CN2CCC(n3nnc4cc(F)ccc43)CC2)c1,0
Cc1ccc(-n2c(=O)c3sccc3n(CC(=O)N3CCCC3)c2=O)cc1,0
CC(=O)CCc1c[nH]c2c(C(=O)O)cccc12,0
COc1ccc2nc(NC(=O)CCNS(=O)(=O)c3ccc4c(c3)oc(=O)n4C)sc2c1,0
COc1nc(N)nc(N2CCOCC2)n1,0
O=C(Nc1cccc(Cl)c1)c1cnn2cccnc12,0
CCOCCCNC(=O)C1CCCN1C(=O)NC1CCCCC1,0
Cc1cc(-c2nnc3n2CCCCC3)c(C)n1-c1ccccc1,0
COc1ccc(CNC(=O)c2cnc3scc(C)n3c2=O)cc1,0
C=CCOc1ccccc1C1C2=C(CC(C)(C)CC2=O)Nc2c1c(=O)n(C)c(=O)n2C,0
CN(CCc1ccccn1)Cc1ccc(Cl)cc1,0
Cn1c(=S)n(/N=C/c2ccc3c(c2)OCO3)c2ccccc21,0
O=C(O)CN1CCN(Cc2ccc(F)cc2Cl)C1=O,0
Cc1nc(C)c(C(=O)OCC(=O)N2CCN(c3ccccc3)CC2)s1,0
C/C(NCCCO)=C1/C(=O)NC(=O)N(Cc2ccccc2)C1=O,0
CCN(CC)CCN1C(=O)c2ccccc2NC1c1cccc(F)c1,0
O=C1CC(c2ccccc2)Sc2ccccc2N1,0
CCOC(=O)CSCc1nc(-c2ccc(Cl)cc2)oc1C,0
O=c1c2[nH]c3ccccc3c2ncn1CCCn1ccnc1,0
CC1CCCCC1NC(=O)CC1Oc2ccccc2NC1=O,0
Cn1ccnc1SCC(=O)Nc1ccc(Oc2ccccc2)cc1,0
c1ccc(-c2noc(C34CC5CC(CC(C5)C3)C4)n2)nc1,0
CCOC(=O)c1cnc(SCC(=O)N2CCN(C(=O)c3ccco3)CC2)nc1N,0
CCCCC(CC)CNC(=O)CN(C)S(=O)(=O)c1cccc2nsnc12,0
O=C1CSC(c2ccccn2)N1Cc1cn2ccccc2n1,0
CCCCOc1ccc(-c2nnc(-c3ccncc3)o2)cc1,0
CN(c1nc2ccccc2n2c(-c3ccco3)nnc12)S(=O)(=O)c1ccccc1,0
CCn1c(SCC(=O)N2CCc3ccccc3C2)nc2c1c(=O)n(C)c(=O)n2C,0
CCSc1nnc(-c2cccs2)o1,0
CC(=O)Nc1ccccc1N(C)S(=O)(=O)c1ccc(C)cc1,0
CCc1cc2c(=O)c(-c3cnn(-c4ccccc4)c3)coc2c(CN2CCOCC2)c1O,0
COc1ccc(NC(=O)C(c2ccc(OC)cc2)N(C)C(=O)CNC(C)=O)cc1,0
CCN1CCN(c2nc3c(c(=O)[nH]c(=O)n3C)n2CCCSc2ncccn2)CC1,0
CC(C)CCOCC1CC2(CC(C)(c3csc(N)n3)OC2=O)C(=O)O1,0
O=C(NCCO)c1cc2ccccc2cc1O,0
Cc1ccc(S(=O)(=O)Nc2ccc(NC(=O)CN3CCCCC3)cc2)cc1,0
CC(=O)Nc1nc2ccccc2n1CCN1CCOCC1,0
Cc1ccc(F)cc1NC(=O)c1cccc(N(C)C)c1,0
COc1nc(N)nc(NC23CC4CC(CC(C4)C2)C3)n1,0
COc1ccc(N)cc1C#N,0
COc1ccc(-n2nnnc2-c2cccnc2)cc1,0
Cc1nn(Cc2ccccc2)c(C)c1C(=O)OCC(=O)c1cc(C)n(C2CC2)c1C,0
CN1CCN(Cc2nc3c(c(=O)n(C)c(=O)n3C)n2Cc2cccc3ccccc23)CC1,0
c1cnc2c(SCc3ccc(-c4nnco4)cc3)cccc2c1,0
Cn1c2ccccc2c2ncn(CCCN3CCOCC3)c(=O)c21,0
Cc1nc(C)n(C(=O)N(c2ccccc2)c2ccccc2)n1,0
c1ccc(Cn2c(NCc3ccco3)nc3ccccc32)cc1,0
CC1CCc2nn(CC(=O)NCCCN3CCCCC3)cc2C1,0
COc1ccc(NC(=O)CN2CCN(S(=O)(=O)c3ccc(F)cc3)CC2)cc1Cl,0
Cc1ccc(SCc2cc(=O)n3[nH]c(C)nc3n2)cc1,0
O=C(CSc1ncn[nH]1)Nc1cccc2ccccc12,0
COc1cccc(NC(=O)CCSc2nnc3scc(-c4ccccc4)n23)c1,0
Cc1cc(C)n(C(=O)CCC2COc3ccccc3O2)n1,0
Cc1ccc2c(CC(=O)Nc3ccc(S(=O)(=O)Nc4ncccn4)cc3)coc2c1,0
N#Cc1c(-n2cccc2/C=N/O)sc2c1CCCC2,0
Clc1cccc(-c2nn3c(COc4ccccc4)nnc3s2)c1,0
COC(=O)Cn1c(=O)c2c(nc3n2CC(C)CN3c2ccc(C)c(C)c2)n(C)c1=O,0
COc1ccc(OC(C)C(=O)NC2CC(C)(C)NC(C)(C)C2)cc1,0
CC1CN(c2ncnc3c2cnn3-c2ccc(Cl)cc2)CC(C)O1,0
COc1cccc2cc(C(C)N(CCCN3CCOCC3)C(=O)Nc3ccc(Cl)cc3)oc12,0
C=CCOC(=O)CCC(=O)Nc1cc(OC)nc(OC)n1,0
Cc1cc(C)nc(N(C#N)CCOc2ccccc2)n1,0
O=C(CSc1ncnc2nc[nH]c12)NCCc1ccccc1,0
CC(=O)Nc1ccc(S(=O)(=O)n2cnc3cc(C)c(C)cc32)cc1,0
CC1Cc2ccccc2N1C(=O)CSc1nnc(CSc2ncccn2)n1C,0
CCc1c(C)nc2ncnn2c1NCCc1ccc(OC)cc1,0
COCCn1c(=S)[nH]c2ccc(N(C)C)cc2c1=O,0
COCCn1nnnc1C(c1ccc(OC)c(OC)c1)N1CCN(c2nc3ccccc3s2)CC1,0
CCOC(=O)N1CCC(NC(=O)c2cnn3cccnc23)CC1,0
c1ccc(-n2ncc3c(NCc4cccs4)ncnc32)cc1,0
C=CCn1c(SCn2nnc3ccccc3c2=O)nnc1-c1ccc(Cl)cc1,0
O=C(NC1CCN(Cc2ccccc2)CC1)C1COc2ccccc2O1,0
Cc1ccccc1C(=O)OCn1nnc2ccccc2c1=O,0
O=C(Nc1cccc2nsnc12)c1cccs1,0
CCc1nn(CC(=O)O)c(=O)c2ccccc12,0
CN1CCN(C(=O)c2ccccc2-c2nc(-c3ccccc3)no2)CC1,0
COc1ccccc1OCc1ccc(C(=O)N2CCN(C(=O)c3ccco3)CC2)cc1,0
COC(=O)C1=C(C)N(Cc2ccco2)C(=O)C1,0
COC(=O)c1ccccc1NC(=O)CSc1nnc(CNS(=O)(=O)c2ccc(C)cc2)n1C,0
Cc1cccn2c(=O)c3cc(C(=O)NCc4ccccc4)c(=N)n(CCCN4CCOCC4)c3nc12,0
Cc1[nH]c2ccccc2c1CCC(N)=O,0
O=C(NCc1ccccc1)c1cnsn1,0
Cc1ccc(-c2csc3n[nH]c(=S)n23)cc1,0
COc1ccc(C)cc1NC(=O)c1cnc2sccn2c1=O,0
Cn1c(=O)c2c(ncn2CC(=O)NCc2cccnc2)n(C)c1=O,0
CCn1nc(NC(=O)c2ccncc2)c2cc3cc(C)ccc3nc21,0
COc1cc(S(=O)(=O)NC2CCCCC2C)ccc1Cl,0
Cc1nnc(SCC2CCCO2)n1-c1ccccc1,0
CS(=O)(=O)N(CCc1ccccc1)CC(=O)N1CCN(c2ccccc2)CC1,0
Cc1cccc(-c2nnc(N)s2)c1,0
Cc1c2cnn(-c3ccccc3)c(=O)c2c(C)n1CCCC(=O)N1CCN(C)CC1,0
Cc1ccc(-n2[nH]cc3c(=O)ncnc2-3)c(C)c1,0
Cc1cc(C)nc(NC(=O)c2ccc(OC(C)C)cc2)n1,0
Cc1ccc(S(=O)(=O)N2CCOCC2)cc1C(=O)OCC(=O)N1CCc2ccccc2C1,0
CN(C(=O)c1cnccn1)c1nnc(-c2cnccn2)s1,0
COc1ccc(-c2nnc3ccc(SCC(=O)NCc4ccco4)nn23)cc1,0
Cn1c(SC/C=C/c2ccccc2)nnc1-c1cnccn1,0
CC1CCCN(c2nc3c(c(=O)[nH]c(=O)n3C)n2Cc2ccccc2Cl)C1,0
Cc1cc(NC(c2cccnc2)c2c(C)[nH]c3ccccc23)no1,0
COc1ccc(CNC(=O)c2ccc3nccnc3c2)cc1,0
O=c1c2ccccc2n2nnnc2n1-c1ccccc1,0
Cc1cc(=O)oc2cc(OCC#N)ccc12,0
O=C1C2ON=C(c3ccccc3Cl)C2C(=O)N1Cc1ccccc1,0
Cc1cc(C)cc(Nc2ncc3c(n2)CCCC3=O)c1,0
COc1ccc(Cc2nnc(NS(=O)(=O)Cc3ccccc3)s2)cc1,0
Cc1ccc(Cn2ncc3c(N4CCCC4)ncnc32)cc1,0
CCC(c1nnnn1C1CCCC1)N1CCN(c2ccccc2)CC1,0
CCCOn1nnnc1-c1ccccc1,0
CCC(=O)N1CCN(CCNC=C2C(=O)CC(C)(C)CC2=O)CC1,0
COc1ccccc1N1CCN(c2nc(N)c(C#N)c(CC#N)c2C#N)CC1,0
Cc1ccc(N(CN2C(=O)C3CC=CCC3C2=O)C(=O)c2ccco2)cc1Cl,0
Cc1ccc(S(=O)(=O)Nc2nncs2)cc1,0
Cc1onc(-c2ccccc2Cl)c1C(=O)NCc1cccnc1,0
CSc1nnc2c(n1)OC(c1cccn1C)N(C(C)=O)c1ccccc1-2,0
O=C(CC1CCCCC1)NCCCN1CCOCC1,0
Cn1c(Cc2cccs2)nnc1SCc1nc2ccccc2[nH]1,0
O=C(COC(=O)CCCNC(=O)c1ccc(Cl)cc1)NC1CC1,0
COC(=O)CSc1nc(N2CCCCC2)c2c(c1C#N)CCCC2,0
Cc1ccnc(N2CCC(C(=O)NCc3ccc4c(c3)OCO4)CC2)n1,0
Cc1c(Cl)cccc1N1C(=O)c2ccccc2C1=O,0
O=C(NCCc1ccncc1)Nc1ccccc1Cl,0
Cn1c(CNc2nc(-c3ccccc3)cs2)nnc1SCC(=O)c1ccccc1,0
COc1cc2c(cc1NC(=O)c1cccnc1)CCCC2,0
CC(=O)Nc1nc(=S)n(-c2ccccc2)[nH]1,0
CCOc1ccccc1NC(=O)C1CCCN(S(=O)(=O)c2cccc3cccnc23)C1,0
O=C(NCCCNCCCNC(=O)c1ccccn1)c1ccccn1,0
Cc1nn(C)c(C)c1NC(=O)CSc1nc(Cc2ccccc2)nc2c1cnn2-c1ccccc1,0
CN1CCc2c(sc3nc(SCC(=O)N4CCOCC4)nc(N)c23)C1,0
C=CCn1c(NC(=O)c2ccc(C)cc2)c(C#N)sc1=N,0
CN(C)S(=O)(=O)N(CC(=O)NCc1ccccc1)c1ccccc1,0
O=c1cc(N2CCC3(CC2)OCCO3)[nH]c(=O)n1-c1ccc(Cl)cc1,0
CC1(C)Cc2nc(NCCN3CCOCC3)c(C#N)cc2CO1,0
Cc1cc(C)c(C#N)c(SCC(=O)Nc2nnc(-c3ccccc3)s2)n1,0
Cn1c(CNc2ccc(Cl)cc2)nc2ccccc21,0
c1ccc(-n2c(SCC3CCCCO3)nnc2-c2cnccn2)cc1,0
O=C(Cn1[nH]c(=O)c2ccccc2c1=O)OCC(=O)N1CCc2ccccc2C1,0
COC(=O)CCC(=O)Nc1ccc(Cl)c(Cl)c1,0
Cc1cc2nn(-c3ccccc3)nc2cc1NC(=O)c1cccs1,0
Cc1cc(N2CCC(C(=O)NC3CCCCC3)CC2)nc(-c2ccccc2)n1,0
CC1CCCCN1Cc1nc2c(c(=O)n(C)c(=O)n2C)n1Cc1cccc2ccccc12,0
O=C(CCCn1c(=O)[nH]c2ccsc2c1=O)N1CCCCC1,0
COC(=O)C(C)Sc1ncnc2c1nnn2-c1ccc(F)cc1,0
CCc1nc(NCCN2CCOCC2)c(C#N)c2c1CCCC2,0
Cc1cc(=O)n2c3c(cccc13)CCC2,0
CCn1nc(NC(=O)c2cccnc2)c2cc3cccc(C)c3nc21,0
Cn1c(C(=O)N2CCC(C(N)=O)CC2)cc2c(=O)n(C)c3ccccc3c21,0
Cn1c(SCC(=O)NCC2CCCO2)nnc1-c1ccc(S(=O)(=O)N2CCCC2)cc1,0
c1ccc(CCc2nn3c(-c4ccncc4)nnc3s2)cc1,0
CC1(C)CC(=O)C2=C(C1)Nc1[nH]c(=S)[nH]c(=O)c1C2c1ccccc1,0
CCC(c1nnc(SCC(=O)Nc2nnc(-c3ccccc3)o2)o1)N(C)C,0
COc1cccc(NC(=O)c2nc3ncccn3n2)c1,0
c1ccc(-n2ncc3c2ncn2nc(CSc4nc5ccccc5s4)nc32)cc1,0
Cc1ccc2c(CC(=O)OCc3nc(N)nc(Nc4ccccc4C)n3)coc2c1,0
COc1ccc(C(=O)NC2COC(C)(C)OC2c2ccccc2)cc1,0
Nc1c(N2CCCC2)cc(Cl)c2nonc12,0
O=C(CSc1nc2ccccc2o1)Nc1ccccc1,0
N#CCC(=O)NCCCOC(=O)Nc1ccc(Cl)c(Cl)c1,0
COc1ccc(CC(=O)NCc2nnc(SCC(=O)Nc3nccs3)n2-c2ccccc2)cc1,0
Cc1ccc(C(C(=O)NCc2ccc(F)cc2)N(C(=O)c2csnn2)C2CC2)o1,0
CCCCNC(=O)c1sc2nc(C)cc(COC)c2c1-n1cccc1,0
COC(=O)c1sc(NC(=O)Cc2cccs2)nc1C,0
Cc1cc(C)c(NC(=O)c2cc3c(nc4sccn43)s2)c(C)c1,0
Cc1ccnc(SCCn2c(N3CCOCC3)nc3c2c(=O)[nH]c(=O)n3C)n1,0
CCn1nnnc1SCC(=O)Nc1cc(OC)cc(OC)c1,0
COC(=O)CNc1nc(C2CC2)nc2c1nnn2Cc1ccccc1Cl,0
CCn1c(=O)c2cc(C(=O)NCc3cccs3)sc2c2ccccc21,0
CCN(CC)CCNC(=O)Cn1nc(-c2ccccc2)c2ccccc2c1=O,0
COC(=O)c1ccccc1NC(=O)C1CCN(S(C)(=O)=O)CC1,0
CS(=O)(=O)N(CC(=O)NCc1ccccn1)Cc1ccc(Cl)cc1,0
COc1cc(NS(=O)(=O)c2ccc(F)cc2)c(OC)cc1NC(C)=O,0
O=C(CSc1nnnn1-c1ccc(Cl)cc1)N1CCc2ccccc2C1,0
S=c1nc(-c2ccccc2)n(CCN2CCOCC2)c2c1CCCC2,0
Cc1noc(C)c1C(=O)Nc1cccnc1,0
Nc1nnc(CCN2CCCCC2)s1,0
CC(C)CNC(=O)c1cccc(NC(=O)c2ccc(NC(=O)c3ccco3)cc2)c1,0
O=C1CSC(c2ccco2)N1,0
COC(=O)c1ccc(C2NC(=O)NC(C)=C2C(=O)N(C)C)cc1,0
COc1ccc(OC)c(NC(=O)C2=C/C(=C3/C=C(Cl)C=CC3=O)NN2)c1,0
C=C(C)CSC1=C(C#N)C(c2ccccc2Cl)CC(=O)N1,0
COCCN(CCOC)c1ncnc2c1cnn2-c1ccc(Cl)cc1,0
O=C(CC1c2ccccc2Oc2ccccc21)N1CCN(c2ccccn2)CC1,0
Cc1cc(C(=O)COc2nncc3ccccc23)c(C)n1C,0
O=C(CN1CCN(Cc2ccc(F)cc2)C1=O)NCc1cccs1,0
COc1ccc(Cl)cc1-c1nc(-c2ccncc2)no1,0
O=C(Nn1cnnc1)C1Cc2ccccc2CN1S(=O)(=O)c1ccc(F)cc1,0
Cn1c(Cn2c(=O)sc3ccccc32)nnc1SCC(=O)NCc1ccco1,0
Cc1ccccc1-n1nc(C)c2cc(C(=O)NCc3cccnc3)sc21,0
Cc1ccc(N2C(=O)C3Cc4ccccc4CN3C2=O)cc1,0
COC(=O)c1cc(NC(=O)CSc2nc(=O)cc(C)[nH]2)cc(C(=O)OC)c1,0
O=C(c1cccs1)N1CCN=C1SCc1cccnc1,0
CCCCNC(=O)C(C#N)c1nc2ccccc2nc1N1CCCC1,0
O=C(NC1CCCC1)c1nc2n(Cc3cccc(Cl)c3)[nH]nc-2c(=O)n1,0
CCn1cc(C(=O)Nc2ccc3c(c2)OCCO3)c2cc(OC)c(OC)cc2c1=O,0
O=C(NCc1ccco1)c1cc(-c2cccnc2)nc2ccccc12,0
COC(=O)COc1ccc(S(=O)(=O)Nc2cc(OC)ccc2OC)cc1,0
Cc1c(NC2=NC(=O)C(CC(=O)Nc3ccccc3)S2)c(=O)n(-c2ccccc2)n1C,0
O=C(Nc1ccccc1Cl)c1cccs1,0
CCc1ccc2nc(NC3=NCN(CCOC)CN3)nc(C)c2c1,0
O=c1cc[nH]c2cccc(Cc3ccccc3)c12,0
Cc1ccc(S(=O)(=O)Cn2nnnc2CN(Cc2ccco2)Cc2cccs2)cc1,0
CN(Cc1ccccc1)C(=O)CN(C1CCCCC1)S(C)(=O)=O,0
CCN(CC)S(=O)(=O)c1ccc(NS(=O)(=O)c2cccc(C)c2)cc1,0
O=C1OC(c2ccco2)=N/C1=C\Nc1cccc(Cl)c1,0
NC(=O)CCn1c(=O)oc2ccccc21,0
CCn1c(Cc2ccccc2)nnc1SCC(=O)Nc1cc(C)on1,0
Cc1cc(C(=O)CSc2nnc(-c3ccccc3)n2-c2ccccc2)c(C)n1-c1ncn[nH]1,0
c1ccc2c(c1)CCCN2Cc1nnnn1C1CCCC1,0
Cc1ccc2c(SCC(=O)NCc3ccco3)nc(-c3ccc(F)cc3)nc2c1,0
CS(=O)(=O)N1CCN(c2ccccc2NC(=O)c2cccs2)CC1,0
O=C(CC1CCCCC1)N1CCN(c2ccccn2)CC1,0
Cc1noc(C)c1S(=O)(=O)N1CCC(C(=O)NCCC2=CCCCC2)CC1,0
O=C(Nc1ccc2nn(-c3ccccc3)nc2c1)c1cccnc1,0
CCOc1ccc(-n2c(Cc3cc(=O)[nH]c(=O)[nH]3)nnc2SCc2cccnc2)cc1,0
Cc1cc(NC(=O)CSc2nc3ccccc3c(=O)n2Cc2ccccc2)no1,0
Cc1cc(N2CCC(C(=O)NC3CC3)CC2)nc(-c2ccccc2)n1,0
CCOC(=O)N1CCC(NC(=O)CS(=O)Cc2nc(-c3ccc(OC)c(OC)c3)oc2C)CC1,0
O=C(c1ccccc1Oc1ccccc1)N1CCN(c2ccccc2)CC1,0
O=C(Nn1cnnc1)c1ccccc1CCc1ccccc1,0
COCCn1c(SCC(=O)Nc2nnc(C)s2)nnc1-c1ccncc1,0
O=C(NC1CCCC1)c1ccc2nc[nH]c2c1,0
Cn1c(/C=N/n2cnnc2)nc2ccccc21,0
N#Cc1nc(-c2ccccc2Cl)oc1NCC1CCCO1,0
CC(C)CN1C(=O)NC(NC(=O)c2cccs2)(C(F)(F)F)C1=O,0
N#CCn1c(C2CCCCC2)nc2ccccc2c1=O,0
C=CCOc1nc2c(c(=O)n(C)c(=O)n2C)n1Cc1ccccc1Cl,0
CC(=O)c1c(C)[nH]c(C(=O)NCc2ccccn2)c1C,0
Cn1c(=O)cc(SCC(=O)N2CCC3(CC2)OCCO3)c2ccc(Cl)cc21,0
CC(=O)CCc1ccc(OCCCCn2cncn2)cc1,0
COc1ccc(C2(C(=O)NC(C)C)CCCC2)cc1OC,0
CCCn1c(SCC(=O)NCC2CCCO2)nc2c1c(=O)n(C)c(=O)n2C,0
O=C(Nc1ccc(S(=O)(=O)N2CCCCC2)cc1)c1ccncc1,0
Cc1ccc(-c2nnc(SCC(=O)N3CCCC3)o2)cc1,0
CCN(Cc1ccccc1)C(c1ccccn1)c1nnnn1C(C)(C)CC,0
Cc1nc2ccccc2c(=O)n1NC(=O)c1ccc(F)cc1Cl,0
C=CCn1c(CCNC(=O)c2cccs2)nnc1SCC(=O)Nc1cccc(C(C)=O)c1,0
Cc1cc(C)nc(SCC(=O)NC2=NC(=O)C(C)S2)n1,0
COc1ccc(-c2nc(C#N)c(NCc3ccccc3Cl)o2)cc1OC,0
COc1ccc(OCCC(=O)NCc2ccccc2)cc1,0
Cn1c(=O)oc2cc(S(=O)(=O)Nc3ccc(Cl)cc3F)ccc21,0
Cc1ccc2cc(C#N)c(NCCNC(=O)C3CCC3)nc2c1C,0
O=C(c1c[nH]c2ccc(S(=O)(=O)N3CCOCC3)cc2c1=O)N1CCCC1,0
O=C(NCc1nnc(SCC(=O)N2CCCCCC2)o1)c1ccco1,0
Cc1ccc(-n2nnnc2SCC(=O)N2CCc3ccccc3C2)c(C)c1,0
CCOC(=O)c1cc(-c2ccc(F)cc2)n(CC(=O)N2CCCC2)c1C,0
Cc1cccc(-n2ncc3c(NCc4ccccn4)ncnc32)c1,0
CCCCn1c(NC(=O)CC)c(C#N)c2nc3ccccc3nc21,0
COc1ccc(-c2cc(NCCc3ccncc3)n3ncnc3n2)cc1,0
Cc1cc(=O)nc(Nc2c(C)n(C)n(-c3ccccc3)c2=O)[nH]1,0
O=c1[nH]c2cc(Cl)ccc2n1-c1ccccc1,0
COC(=O)C1=C(N)Oc2cc(C)oc(=O)c2C1c1ccncc1,0
C=CCSC1=C(C#N)C(c2ccccc2OCC)C(C#N)C(=O)N1,0
Nc1nc(SCc2ccc3c(c2)OCCO3)n[nH]1,0
COC(=O)Cn1nc(-c2ccccc2)n(-c2ccccc2)c1=S,0
COC(=O)c1[nH]c2ccccc2c1NS(=O)(=O)c1ccc(F)c(C)c1,0
Cc1cccc(CCNS(=O)(=O)c2cnc[nH]2)c1,0
COc1ccc(-c2noc(CCC(=O)N(C)c3cccc(C)c3)n2)cc1,0
O=C(NCc1cccs1)c1ccc2c(c1)ncn2C1CCCC1,0
O=C(c1ccccc1Oc1nnnn1-c1ccccc1)N1CCOCC1,0
CCOC(=O)c1sc(/N=C/Nc2nc(C)c(C(=O)OCC)s2)nc1C,0
COc1ccc(NC(=O)CSc2nc3c(cc2C#N)CN(C)CC3)cc1,0
CCn1c(SCC(=O)N2CCCC2)nc2c1c(=O)n(C)c(=O)n2C,0
O=C(CSc1nnc(-c2cccnc2)n1-c1ccccc1)Nc1ccc2c(c1)OCO2,0
O=C(NCCOc1ccccc1)C1CCCN1C(=O)c1cccs1,0
Nc1nc(CSc2ccccn2)nc(Nc2ccccc2)n1,0
CCN(CC)CCN1C(=O)C(=O)/C(=C(/O)c2c(C)[nH]c(C(=O)OC)c2C)C1c1cccc(OC)c1,0
Cc1cc(N2CCCC2)n2nc(C)nc2n1,0
CN(C)C(=O)N1CCC(C(=O)NCC2CCCO2)CC1,0
O=C(Nc1ccc2c(c1)OCCO2)c1cnc2n(c1=O)CCS2,0
Cc1ccc(OCCn2c(C)c(/C=N/n3cnnc3)c3ccccc32)cc1,0
COc1ccccc1C(=O)Nc1ccc2c(c1)nc1n2CCSC1,0
COc1ccc(Cn2nnnc2CN2CCOCC2)cc1,0
CN1CCN(C(=O)CCn2nc(-c3ccccc3)c3ccccc3c2=O)CC1,0
O=C1NC(c2ccccn2)Nc2sc3c(c21)CCC3,0
Nn1c(Cc2ccccc2F)nnc1SCC(=O)N1CC(=O)Nc2ccccc21,0
CN(C)c1nc(OCCNC(=O)Nc2ccccc2)nc(N(C)C)n1,0
CC1CCc2c(C(=O)Oc3cccc(-n4cnnn4)c3)csc2C1,0
Cc1c(C(=O)OC2CCCC2)[nH]c2c1C(=O)CC(c1ccco1)C2,0
COc1ccc(CC(=O)NC2CCN(Cc3nnnn3C(C)(C)C)CC2)cc1OC,0
Cc1cccc2cc(COC(=O)c3ccccc3)c(=O)[nH]c12,0
O=C(O)CCc1nn2c3ccccc3nc2n(-c2ccccc2)c1=O,0
O=c1c2ccccc2nc2c3ccccc3c(N3CCOCC3)nn12,0
CC1=C(C(N)=O)C(c2cccc(OCc3ccccc3)c2)N2NN=NC2=N1,0
CCn1c(NC(=O)c2cccc(Cn3cc(Cl)cn3)c2)nc2ccccc21,0
NS(=O)(=O)c1ccc(CCNC(=O)c2cccnc2)cc1,0
O=C(Nc1nc(-c2ccncc2)cs1)c1ccco1,0
OCCSc1nncn1N/C=C1\C=Nc2ccccc21,0
CNC(=O)Nc1cccc(NC(=O)NC)n1,0
OCCNc1ncnc2c1ncn2Cc1ccccc1,0
c1ccc2nc(N3CCOCC3)c(N3CCOCC3)nc2c1,0
Cc1nnc(NC(=O)Nc2cccc(Cl)c2)s1,0
O=C(CN(C1CCCCC1)S(=O)(=O)c1ccc(Cl)cc1)NCc1cccnc1,0
CC(=O)c1cccc(NC(=O)CN2C(=O)COc3ccc(Cl)cc32)c1,0
CCNC(=O)N1C(CC(=O)OCC)C(=O)NC2CCCCC21,0
COc1cccc(Nc2ncccc2C(=O)NCc2ccccc2)c1,0
Cc1ccc2c(c1)NC(=O)C(CC(=O)NCCCN1CCCC1=O)O2,0
CCCCN1C(=O)c2ccc(C(=O)NC3=NCCS3)cc2C1=O,0
NS(=O)(=O)c1ccc(CCNc2cc(=O)n(Cc3ccc(F)cc3)c(=O)[nH]2)cc1,0
CCC(Sc1nc2n(-c3ccccc3)[nH]cc-2c(=O)n1)C(=O)OC,0
COc1ccc(C(=O)NC2(C(F)(F)F)N=C3SCCN3C2=O)cc1,0
COc1ccc(C2C(C(=O)Nc3cccc(C)n3)CCC(=O)N2c2ccc(OC)cc2)cc1,0
CCOC(=O)C1CCN(C(=O)c2c(-c3c(F)cccc3Cl)noc2C)CC1,0
Cn1c(/C=N/c2nc3ccccc3[nH]2)nc2ccccc21,0
Cn1c(NC(=O)C2CC2)cc(=O)n(C)c1=O,0
O=c1nc(N2CCOCC2)ccn1-c1nc(-c2ccccc2)oc1-c1ccccc1,0
Cc1ccc(-c2nnc3sc(CCc4ccccc4)nn23)cc1,0
Nc1c(C(=O)NCc2ccccc2)nnn1Cc1ccccc1,0
Cc1nc(NC(CC(C)C)C(=O)O)c2nc(C)oc2n1,0
COC(=O)c1cccc(NC(=O)C(C)N2C(=O)c3ccccc3C2=O)c1,0
Cn1c(=O)n(C)c2cc(C(=O)Nc3ccc4c(c3)OCO4)ccc21,0
CCCCC1(CN2CCCC2=O)C(=O)NC(=O)NC1=O,0
Cc1cccc(-n2nnnc2SCC(=O)NCCN2C(=O)CSC2=O)c1,0
CCn1c(SCC(=O)Nc2sc(C)c(C)c2C#N)nnc1C(C)C,0
CCOC(=O)c1cc2sc(C)cc2n1CC(=O)N1CCOCC1,0
Cc1ccc(C)c(OCC(=O)Nc2cc(C)on2)c1,0
CCC(OC(=O)c1cccs1)C(=O)NCc1ccc2c(c1)OCO2,0
O=C(N1CCOCC1)N1CCC(n2nnc3ccccc32)CC1,0
COC(=O)c1ccc(/C=N/n2c(C)nnc2C)cc1,0
CCC(C)NC1=N/C(=C2\C=CC=C(OC)C2=O)Nc2ccccc21,0
[O-][n+]1onc2c1CCc1c-2nn(-c2ccccc2Cl)[n+]1[O-],0
COc1ccc(C)c(Cn2c(-c3nonc3N)nc3ccccc32)c1,0
CS(=O)(=O)N(CC(=O)NCc1ccc2c(c1)OCO2)Cc1ccc(Cl)cc1,0
Cc1cc2ncn(C(=O)c3c(-c4ccccc4)noc3C)c2cc1C,0
CCc1c(C#N)c(SCc2c(C)noc2C)nc2c1C(=O)CC(C)(C)C2,0
Cc1ccc(NC2=NC3(CCCCC3)N=C(N)N2)c(C)c1,0
O=c1cc(NCc2ccccc2)nc2n1CCCS2,0
O=C(NCCc1ccccn1)c1n[nH]c(=O)c2ccccc12,0
O=C1c2sc3nc4ccccc4n3c2C(=O)N1c1ccccc1Cl,0
COC(=O)c1ccccc1NC(=O)CN1CCC(C(=O)c2ccc3c(c2)OCCO3)CC1,0
Cc1nc2ncnn2c(C)c1CCC(=O)NC(C)CCc1ccco1,0
CN1CC2(C(=O)c3ccccc3)CN(C)CC(C(=O)c3ccccc3)(C1)C2,0
Cc1cccc(NC(=O)CSc2nnc(-c3ccco3)o2)c1C,0
O=C(c1cc(-c2cccs2)on1)N1CCCCC1,0
COc1ccc(C(=O)/N=c2\nc3ccccn3s2)cc1,0
CCOC(=O)c1cnn(-c2ncnc3c2cnn3Cc2ccccc2)c1N,0
O=C(CCSc1nnc(-c2ccncc2)o1)Nc1ccccc1,0
CCn1cc(C(C)NC(=O)COc2ccc(Cl)cc2C)c(C)n1,0
CC(C)OC(=O)CSc1nnc(-c2ccco2)n1N,0
COC(=O)c1sc2nc(-c3ccco3)ccc2c1N,0
CC(C)n1c(SCc2ccccc2F)nc2c1c(=O)n(C)c(=O)n2C,0
COc1ccc(-n2ncc3c(N4CCN(c5cc(C)ccc5C)CC4)ncnc32)cc1,0
O=C(NCCc1ccc(Cl)cc1)c1ncn[nH]1,0
Cn1c(=O)n(C)c2cc(/C=N/n3cnnc3)ccc21,0
COc1ccc(CN(Cc2ccccn2)S(=O)(=O)c2ccc(-n3cnnn3)cc2)cc1,0
CC(Sc1nnnn1-c1ccccc1)C(=O)Nc1ccc(Cl)cn1,0
COc1ccc(C(=O)c2ccc(N3CCN(C4CC(=O)NC4=O)CC3)cc2)cc1F,0
COc1nc(Nc2nc(=O)c3ccccc3[nH]2)nc2ccc(C)cc12,0
COc1cccc(-c2cc(C(=O)Nc3c(C)nn(Cc4ccccc4)c3C)no2)c1,0
COc1cccc(-c2nn(C)c3sc(C(=O)NCc4ccco4)cc23)c1,0
O=C(Nc1nccs1)c1ccc(S(=O)(=O)NCc2cccs2)cc1,0
Cc1ccccc1-n1nnnc1SCc1ncc(-c2ccccc2)o1,0
CCOc1ccc(-c2cc(NC(=O)Cn3ncc4c3-c3ccccc3OC4)on2)cc1OCC,0
Cc1cc(NC(=O)c2cc(-c3ccncc3)nc3c(C)cccc23)no1,0
COc1ccc(Cl)c(Cn2c(NCCCO)nc3c2c(=O)n(C)c(=O)n3C)c1,0
O=C(Nn1c(=O)[nH]c2ccsc2c1=O)c1ccccc1,0
O=C(Nc1ccccn1)c1c(O)n2c3c(cccc3c1=O)CCC2,0
COc1ccc(CN2CC(C(=O)NCCN3CCN(c4ccccc4F)CC3)CC2=O)cc1,0
c1ccc(CCCc2nc(-c3ccccn3)no2)cc1,0
O=C(Nc1cccnc1)c1ccc2snnc2c1,0
Nc1ccc(-n2nnnc2-c2ccco2)cc1,0
COc1ccccc1-c1c(C)c(C)nc(N)c1C#N,0
O=C(NCc1ccccc1)c1cc(-c2cccs2)on1,0
Cc1c(-c2cccs2)[n+](=O)c2c(n1[O-])CCCCC2,0
O=C(CN(C1CCCCC1)S(=O)(=O)c1ccc(Cl)cc1)NCc1ccncc1,0
CC(=O)Nc1cccc(NC(=O)C2CCCN2C(=O)Nc2cccc(C)c2)c1,0
CCOC(=O)CSc1nnc(-c2cccnc2)n1Cc1ccccc1,0
Cc1cc(C(=O)Nc2nnc(-c3ccccc3)s2)no1,0
Cc1ccc(C)n1-c1ccc(-n2cnnn2)cc1,0
Cc1cc2c(nn1)CCc1nonc1-2,0
Cc1cccc(C(=O)Nc2cc(=O)n(C)c(=O)n2C)c1,0
COc1ccccc1-n1c(C)nnc1SCC(N)=O,0
CC(NC(=O)OCc1ccccc1)C(=O)N1CC(O)CC1C(=O)O,0
O=C1CCCc2nn(-c3ccccc3)c(-c3ccncc3)c21,0
CCCn1c(SCC(=O)N2CCc3ccccc3C2)nc2c1c(=O)n(C)c(=O)n2C,0
O=C1CC(c2ccccc2)CC(=O)C1=CNCCN1CCOCC1,0
CCC(NCCOc1ccc(Cl)cc1)=C1C(=O)N(C)C(=O)N(C)C1=O,0
CC(=O)Nc1ccc(S(=O)(=O)Nc2nnc(C3CCCCC3)s2)cc1,0
Cc1ccc(C2C3COCC=C3C(C#N)=C(N)C2(C#N)C#N)o1,0
N#CCCCSC1=C(C#N)C(c2ccccc2Cl)CC(=O)N1,0
CCOCCc1nnc(NC(=O)c2ccc(OC)c(OC)c2)s1,0
C=C1Cn2c(nnc2-c2ccc(Cl)cc2)S1,0
CCN(CC)CCC(=O)NC(C)(C)Cc1ccc(O)cc1,0
CCOC(=O)c1cc(-c2ccccc2)n(CCCC(=O)O)c1C,0
COc1ccc2cc3cc(C(=O)NCCCN4CCOCC4)oc3nc2c1,0
O=C1CC(c2ccccc2)C(=O)N1c1cccc(O)c1,0
COC(=O)c1cc2sccc2n1CC(=O)Nc1cccc(SC)c1,0
Cc1ccc(OCCC(=O)OCC(=O)Nc2ccc(Cl)cn2)cc1,0
COc1ccc(OC)c(-c2nnc(SCC(=O)NC3CCCCC3)o2)c1,0
Cc1cccc(-c2cc3nc(C)cc(NCCCN(C)C)n3n2)c1,0
Cc1cc(C)cc(NC(=O)c2nnn(Cc3cc(C)ccc3C)c2N)c1,0
CC1CN(C(=O)CN2C(=O)c3ccccc3C2=O)CC(C)O1,0
COc1ccc(OC)c(S(=O)(=O)N2CCN(C)CC2)c1,0
Cn1nnnc1SCC(=O)c1c(N)n(C)c(=O)n(C)c1=O,0
c1ccc2c(c1)oc1c(N3CCN(Cc4ccc5c(c4)OCO5)CC3)ncnc12,0
Cc1cc(NC(=O)Nc2cccs2)no1,0
CCOc1ccc(NC(=O)c2nccnc2CO)cc1,0
COc1ccccc1CCNC(=O)c1cnn2c(C(F)F)cc(C)nc12,0
COc1ccccc1OCc1nc(C#N)c(N2CCC(C(N)=O)CC2)o1,0
O=C(Nc1ccc2c(c1)OCO2)Oc1ccccc1,0
CCn1c(-c2ccc(F)cc2)n[nH]c1=S,0
CCOC(=O)C1=C(C)NC(C)=C(C(=O)OCC)C1c1ccc(O)cc1,0
Cc1ccc(C)c(N(CC(N)=O)S(C)(=O)=O)c1,0
CCOC(=O)c1ccccc1NC(=O)CC1Nc2ccccc2NC1=O,0
COC(=O)Cn1c(CCS(=O)(=O)c2ccc(C)c(C)c2)nc2ccccc21,0
Nc1cc(Cl)ccc1N1CCOCC1,0
C=CCN1CC(c2nc3ccccc3n2Cc2ccccc2)CC1=O,0
Cc1nc(-c2ccc(S(=O)(=O)N3CCCCCC3)cc2)cs1,0
Cc1c(NC(=O)OCCNC(=O)Nc2ccccc2)sc(=S)n1C,0
COc1ccc(N2C(=O)CCC(C(=O)Nc3cccc(C)n3)C2c2ccc(OC)c(OC)c2)cc1,0
CC(=O)N1CCN(c2ccc(NCc3cccs3)cc2)CC1,0
CCOC(=O)c1ccc(-n2c(C)nc3c(cnn3-c3ccccc3C)c2=O)cc1,0
COc1ccc(S(=O)(=O)N(C)CC(=O)N2CCN(C)CC2)cc1C,0
O=C(Nc1nc2ccccc2[nH]1)C1CCCO1,0
CC(C)Cn1c(O)c(C(=O)Nc2nccs2)c(=O)c2c1CCCC2,0
CCCCn1c(SCc2c(C)noc2C)nc2cc(S(N)(=O)=O)ccc21,0
COc1ccccc1-c1nc(C#N)c(N2CCN(c3ccccc3)CC2)o1,0
CC(C)OC(=O)c1c(NC(=O)CCn2nnc3ccccc32)sc2c1CCCC2,0
CCOCCn1c(N2CCN(c3ccc(OC)cc3)CC2)nc2c1c(=O)n(C)c(=O)n2C,0
CCN1C(=O)C(CC(=O)NCc2ccc(Cl)cc2)N(CC)C1=O,0
NC(=O)N1c2ccccc2C=Cc2ccccc21,0
CCn1c(=O)[nH]c2cc(C(=O)N3CCN(c4ccccc4)CC3)ccc2c1=O,0
COc1ccc(-c2nnc(SCC(=O)c3ccc(C)o3)o2)cc1,0
COc1ccc(CCNc2nc(N3CCOCC3)nc(N3CCOCC3)n2)cc1OC,0
CCCn1c(SCC(=O)Nc2nnc(CC)s2)nnc1-c1ccco1,0
CC(=O)Nc1ccc(N/C=C2/C=CC=N2)cc1,0
N#C/N=C1\CCCCCN1CC(N)=O,0
Cc1ccc(C)n1-n1cnc2sc3c(c2c1=O)CCC3,0
Cc1ccc(S(=O)(=O)N(C)CCCC(=O)n2nc(C)cc2C)cc1,0
CCn1c(CCNC(=O)c2cccs2)nnc1SCC(=O)NC1CCCCC1,0
COc1cc(OC)c(C2N(c3cc(C)on3)C(=O)C3CCCN32)cc1OC,0
CCOC(=O)CCn1nc(-c2ccc(Cl)cc2)cc1N,0
O=C(Nc1cnc2ccccc2c1)c1cccnc1,0
COc1cc(C(=O)NCCc2cn3ccc(C)cc3n2)cc(OC)c1OC,0
C=CCn1c(O)c(CN2CCOCC2)c(C)c(C#N)c1=O,0
CCc1ccc2nc3c(c(C(=O)O)c2c1)CCC3,0
O=C(O)C1CCCCC1C(=O)Nc1ccccc1Nc1ccccc1,0
COc1ccc(NC(=O)Cn2nc3n(c2=S)CCC3)cc1,0
c1ccc(C2=Nn3c(nnc3-c3ccncc3)SC2)cc1,0
CCOC(=O)c1sc2ncn(CC(=O)NCC3CCCO3)c(=O)c2c1C,0
Cn1c(=O)c2[nH]c(N3CCOCC3)nc2n(-c2ccccc2)c1=O,0
C1CCN=C(Nc2nn[nH]n2)CC1,0
Cc1ccc(OCCSc2cc(C)nc(N)n2)cc1,0
COc1ccc(CNC(=O)c2cnn3c(C(F)F)cc(C)nc23)cc1OC,0
CCC(C)N(C)Cc1cccc(C2(O)CCN(S(=O)(=O)c3ccc(F)cc3)CC2)c1,0
CC1=CC(C)C(COC(N)=O)(COC(N)=O)C(C)C1,0
Fc1ccc(CNc2ncnc3c2cnn3-c2ccccc2)cc1,0
COc1ccccc1NC(=O)CSc1nnc(Cc2ccccc2)o1,0
N#Cc1ccc(-c2nnnn2-c2ccc3c(c2)OCO3)cc1,0
COc1ccccc1CNc1nc2nc(C)cc(=O)n2[nH]1,0
O=C(Nc1nccs1)NC1CCCCC1,0
Cc1ccc(-n2nnc3c(=O)n(CC(=O)N4CCC(C)CC4)cnc32)cc1,0
Cn1c(SCC(=O)NCc2ccccc2)nnc1C1CC1,0
CCCCCN/C(C)=C1/C(=O)Oc2ccccc2C1=O,0
CCn1c(SCC(=O)Nc2cc(NC(C)=O)ccc2OC)nnc1-c1cccnc1,0
COC(=O)c1cccc(Nc2nc3ccccc3nc2C)c1,0
CCCCn1c(=S)[nH]c2c(oc3ccc(Cl)cc32)c1=O,0
Cc1cccc(N2C(=O)SC(N(C)c3ccccc3)C2=O)c1,0
O=C1c2ccccc2C(=O)N1C/C=C/CN1C(=O)c2ccccc2C1=O,0
O=c1nc(CSc2nc3ccccc3o2)nc2n(-c3ccccc3)[nH]cc1-2,0
OC12CCCCC1C(c1ccccc1)NCC2,0
O=C(Nc1ccc2c(c1)nc1n2CCSC1)c1ccccc1,0
O=c1nc(SCc2ccccc2Cl)[nH]c2c1CCC2,0
COc1ccc(NC(=O)c2ccco2)c(OC)c1,0
CC(C)(C)n1ncc2c(=O)n(CC(=O)c3ccccc3)cnc21,0
Cn1c2ccccc2c2ncn(CCC3=CCCCC3)c(=O)c21,0
O=c1c2[nH]c3ccc(Cl)cc3c2ncn1Cc1ccccn1,0
CCOc1ncccc1C(=O)OCC(=O)c1c(N)n(C)c(=O)n(C)c1=O,0
CCN(C(=O)c1cc2cc(OC)ccc2oc1=O)c1ccccc1,0
CCN1CCN(C(=O)C(C)N(c2ccc(C)cc2)S(C)(=O)=O)CC1,0
CC1(C)CC(C#N)(N2CCOCC2)CCO1,0
CCOC(=O)N1CCN(C(=O)Nc2ccc3nc(C)sc3c2)CC1,0
Cc1nc(Nc2ncc3c(n2)CC(C)(C)CC3=O)nc2ccccc12,0
Cc1cc(S(=O)(=O)NCc2cccnc2)ccc1-n1cnnn1,0
Cc1cc(C)nc(Nc2nc3ccccc3[nH]2)n1,0
C=CCNc1nnc(SCC(=O)N2CCCCC2)c2ccccc12,0
CCOC(=O)c1c(NC(=O)CSc2nnc(-c3cccnc3)o2)sc(C(C)=O)c1C,0
CCn1c(SCC(=O)NCc2cccs2)nnc1-c1ccco1,0
CCCCn1c(SCC(=O)Nc2nnc(CC)s2)nc2ccccc2c1=O,0
Cc1ccc(S(=O)(=O)NC(CC(=O)NCC2CCCO2)c2ccco2)cc1,0
O=S(=O)(NCc1ccccn1)c1cccc2nsnc12,0
CC1(C)CC(=O)C(CCC(=O)c2ccccc2)C(C)(C)N1,0
O=C(NCCOc1ccc(Cl)cc1)C1CC(=O)N(c2ccc(F)cc2)C1,0
Cc1c(C(=O)O)[nH]c2c1C(=O)CC(c1ccc(Cl)cc1)C2,0
CC(=O)N1CC=C2C(C#N)=C(N)C(C#N)(C#N)C(C)C2C1,0
Fc1ccc(-c2nn3c(C4COc5ccccc5O4)nnc3s2)cc1,0
CCN(CC)c1ccc2cc(-c3nc4ccccc4[nH]3)c(=O)oc2c1,0
CC1=C2C(=NC(=O)N(c3ccccc3)C23C(=O)N(C)c2ccccc23)N(c2ccccc2)N1,0
O=C(CCCOc1ccccc1)Nc1nncs1,0
CC(C)(C)NC(=O)NC(=O)COc1ccccn1,0
CCn1c(SCC(=O)N2CCCC2)nc2ccccc2c1=O,0
c1ccc(-c2nnn(C34CC5CC(CC(C5)C3)C4)n2)cc1,0
c1cc(-c2noc(CC3CCCCC3)n2)ccn1,0
Cc1ccc(C(C(=O)NC(C)(C)C)N(C(=O)c2csnn2)c2ccccc2F)o1,0
c1ccc2c(c1)nc(NC1CCCCC1)c1nncn12,0
COc1ccccc1NC(=O)Cn1cnc2c(cnn2-c2ccc(C)c(C)c2)c1=O,0
O=C(Nc1nnc(COc2ccccc2)s1)c1ccco1,0
CCc1nnc(NC(=O)c2cnccn2)s1,0
Cc1[nH]nc2c1C1(CCN(C(=O)OCc3ccccc3)CC1)C(C#N)=C(N)O2,0
O=C(CCC(=O)N(CC(=O)NC1CCCC1)Cc1ccc2c(c1)OCO2)Nc1ccccn1,0
COc1ccc(C2CC(=O)C3=C(C2)NC(C)=C(C#N)C3c2ccc(N(C)C)cc2)cc1,0
CCc1nnc(NC(=O)CSc2nccn2-c2cc(C)cc(C)c2)s1,0
CC(=O)c1c(C)[nH]c(C(=O)NC2=NCCS2)c1C,0
CC(=O)NC12CC3CC(C1)CC(C(=O)OCC(=O)Nc1ncc(Cl)cc1Cl)(C3)C2,0
CCN1CCN(C(=O)c2cc3c(=O)n(C)c4ccccc4c3n2C)CC1,0
CCOC(=O)N1CCC(NC(=O)c2cc3sccc3n2CC)CC1,0
CC(C)(C)NC(=O)C(c1ccncc1)N(Cc1cccs1)C(=O)Cn1nnc(-c2cccs2)n1,0
COc1ccc(Nc2nc(N)nc(SCc3nnc(C)s3)n2)cc1,0
CN1CCc2c(sc3c2c(=O)n(-c2cccc(Cl)c2)c2nncn32)C1,0
Cc1cccc(C)c1OCc1nnc(SCC(=O)Nc2nccs2)o1,0
Cc1cc(NC(=O)COC(=O)CSc2nc3cc(Cl)ccc3n2Cc2ccccc2)no1,0
CN(C(=O)c1ccc(NC(=O)c2cnccn2)cc1)C1CCCCC1,0
CC(C)Cc1nnc(NC(=O)CSc2ncn[nH]2)s1,0
CCOc1ccccc1CNC(=O)Nc1cccs1,0
Cc1nnc2sc(-c3ccc(NC(=O)c4cccnc4)cc3)nn12,0
CN(CCNC(=O)C1=CN/C(=C\N=O)C=C1)Cc1ccccc1,0
CC(C)n1c(N2CCN(C(=O)c3cccs3)CC2)nc2ccccc21,0
c1cncc(-c2nnc3sc(-c4ccco4)nn23)c1,0
COCC(=O)Nc1nc(-c2ccccc2)ns1,0
Fc1ccc(-c2noc(C3CCN(Cc4cccnc4)CC3)n2)cc1,0
CN1C(=O)C(=CNC2C(=O)C3(C)CCC2C3(C)C)C(=O)N(C)C1=O,0
CCOC(=O)Cc1csc(SCC(=O)Nc2cccc(C#N)c2)n1,0
Cn1nc(C(=O)Nc2cccnc2)c2ccccc2c1=O,0
Cc1nc2nc(C)c(CCC(=O)NCCC3=CCCCC3)c(C)n2n1,0
O=C(Nc1ccc(N2CCCCC2)cc1)c1ccccc1,0
O=C(Nc1ccc2c(c1)CCC2)c1cnccn1,0
COc1ccc(-n2c(C)nc3c(cnn3-c3ccccc3)c2=O)cc1,0
CCC(=O)N1CCc2cc(S(=O)(=O)NCCC(=O)Nc3cc(C)cc(C)c3)ccc21,0
CC(C)NC(=O)C1CCCN(S(C)(=O)=O)C1,0
Cc1cc(-c2cccs2)c2c(n1)sc1c(=O)[nH]c(=O)[nH]c12,0
O=C(CCN1C(=O)C2CC=C(Cl)CC2C1=O)Nc1ccccc1O,0
Cc1ccc(-n2nnc3c(SCC(=O)NCc4ccco4)ncnc32)cc1,0
CC1CN(C(=O)C(C)Sc2nc3ccccc3s2)CC(C)O1,0
CCOC(=O)c1ccccc1NC(=O)c1ccccc1NS(C)(=O)=O,0
CCc1nc2scc(-c3ccccc3)c2c(=O)n1N,0
COc1nc(C#N)c(N2CCOCC2)o1,0
COC(=O)COC(=O)c1ccc(-n2nnnc2SC)cc1,0
O=C(CSc1nnc(CNc2ccc(F)cc2)o1)N1CCCc2ccccc21,0
COc1ccccc1NC(=O)CCN1C(=O)C2CC=C(Cl)CC2C1=O,0
CC1CCN(c2nc3c(c(=O)n(C)c(=O)n3C)n2Cc2ccccc2)CC1,0
CN(C)CCCNCCCCNC(=O)/C=N/O,0
COc1ccc(-c2nnc(SCc3ccccc3)n2N)cc1,0
O=C(NCc1ccc2c(c1)OCO2)c1ccc2c(=O)n(C3CCCC3)c(=O)[nH]c2c1,0
CC(C)c1nnc(NC(=O)C2CCCCC2)s1,0
COc1ccc2[nH]c(C(=O)O)c(CCNC(C)=O)c2c1,0
CCS(=O)(=O)Nc1ccc(Cc2ccncc2)cc1,0
Cc1nnc(SCC(=O)Nc2nc(-c3ccccc3)cs2)n1N,0
O=c1nc(SCc2cc(=O)n3ccccc3n2)[nH]c2c1CCC2,0
Cc1nn2c3c(cnc2c1-c1ccccc1)C(=O)CC(c1ccco1)C3,0
COc1ccc(NC(=O)CN2CCC(C(N)=O)CC2)cc1,0
Cc1ccc(N2CCN(CCc3nc4cc(NC(=O)c5ccco5)ccc4n3C)CC2)cc1,0
Cn1c(C(=O)NCCCN2CCN(c3ccc(F)cc3)CC2)cc2c(=O)n(C)c3ccccc3c21,0
CSc1cccc(NC(=O)CSc2nc3ccccc3o2)c1,0
CCn1c(=O)c2c(nc3n2CCCN3CCc2ccccc2)n(C)c1=O,0
COc1ccccc1C(=O)Nc1c2c(nn1-c1cccc(C)c1C)CS(=O)(=O)C2,0
CCOc1ccc(-n2c(Cc3cc(=O)[nH]c(=O)[nH]3)nnc2SCC)cc1,0
O=C(CN1C(=O)NC2(CCCCC2)C1=O)Nc1ccc(S(=O)(=O)N2CCOCC2)cc1,0
O=C(Nc1nccs1)c1cc(N2CCOCC2)nc2ccccc12,0
CCCC(=O)Nc1ccc(Cl)c(NC(=O)CC)c1,0
CCCCc1nc(N2CCOCC2)c(C#N)c2c1COC(C)(C)C2,0
O=C(CN1C(=O)C2C3C=CC(C3)C2C1=O)NCCc1ccccc1Cl,0
COCCNC(=O)c1cc(-c2cccs2)on1,0
Cc1ccc2c(c1)nnn2C1CCN(S(=O)(=O)c2ccc(C(=O)N(C)C)cc2)CC1,0
CCc1c(C)nc(N)n2c(SCC(=O)Nc3ccccc3OC)nnc12,0
O=C(c1ccc(NS(=O)(=O)c2cccs2)cc1)N1CCCCC1,0
O=C1CC(N2CCN(C(c3ccccc3)c3ccccc3)CC2)C(=O)N1,0
CC(C)OC(=O)CSc1nnc(-c2cccnc2)n1N,0
CCn1c(COc2cccc(OC)c2)nnc1SCC(=O)Nc1cccc(OC)c1,0
O=c1c(CN2CCN(Cc3ccccc3)CC2)coc2ccc(Cl)cc12,0
O=C(NCc1cccs1)c1cccc(S(=O)(=O)N2CCCCC2)c1,0
O=C(Cn1nnc(-c2ccccc2-n2cnnn2)n1)NCc1ccccc1,0
COCc1cc(C)nc(SCC(=O)Nc2cc3c(cc2C#N)OCO3)c1C#N,0
COCC(=O)Nc1nnc(C2CCCCC2)s1,0
CCN1CCN(c2ncc(C(=O)N3CCCc4ccccc43)c3ccccc23)CC1,0
O=C(CSc1n[nH]c(-c2ccc(S(=O)(=O)N3CCCCC3)cc2)n1)Nc1nccs1,0
COc1ccccc1-n1nnnc1SCC(=O)NC1CCCC1,0
COC(=O)c1nnn(Cc2ccccc2)c1N,0
O=C(c1cc2ccccc2oc1=O)N(Cc1ccc2c(c1)OCO2)Cc1ccco1,0
Cc1ccc(N2C(=O)c3ccc(C(=O)N4CCN(c5ccccc5F)CC4)cc3C2=O)cc1,0
Cc1cc(OCCCn2ccnc2)cc(C)c1Cl,0
O=c1c(F)cn(C2CCCO2)c(=O)n1Cc1ccccc1Cl,0
COC(=O)c1ccc(NC(=O)c2cnc3scc(C)n3c2=O)cc1,0
CN(C)c1nccc(Nc2ccccc2)c1C#N,0
CCCn1c(SCC(=O)N2CCCc3ccccc32)nc2c1c(=O)n(C)c(=O)n2C,0
Cc1cc(C)nc(SCc2nnc(SCC(=O)Nc3ccc(C)c(C)c3)o2)n1,0
Cc1cccc(NCc2nc(-c3ccccc3)no2)c1,0
CCc1nnc(NC(=O)C(NS(=O)(=O)c2ccc3c(c2)OCCO3)C(C)C)s1,0
Cc1cc(C)nc(NC(=O)CSc2nnnn2-c2ccccc2)n1,0
Cc1nc(Nc2ccc3c(c2)OCCO3)c2oc3ccccc3c2n1,0
O=C(c1cc2c(s1)CCCC2)n1cccn1,0
O=C(CN1CCCCC1)NCCNC(=O)CN1CCCCC1,0
COc1ccc(Cl)cc1NC(=O)CN1CCC(n2nnc3cc(C)ccc32)CC1,0
CCCCNc1ncnc2c1cnn2-c1ccc(C)cc1C,0
Cc1ccc(-c2ccc(S(=O)(=O)N3CCN(C)CC3)cc2)cc1,0
C/C(=C(\C#N)C(=O)NCCN1CCOCC1)N(C)C,0
Cc1cc(N2CCN(C)CC2)nc2ccc(NC(=O)CCC(=O)NCc3ccco3)cc12,0
CCc1nnc(NC(=O)CSc2nnc3ncccn23)s1,0
CCOC(=O)c1ccc(NC(=O)Nc2ccc3c(c2)OCCO3)cc1,0
COc1c(Cl)cc(-c2noc(C)c2C(=O)NC(C)C)cc1Cl,0
CS/C(=N\C1CCCCC1)NS(=O)(=O)c1ccccc1,0
Cc1ccc(-c2nn(-c3ccccc3)cc2/C=C(\C#N)c2cccc(C#N)c2)o1,0
Cc1nc(Nc2ccc3c(c2)OCCO3)c2nnn(Cc3ccccc3Cl)c2n1,0
CN(C)/C=N/c1ncc2c([nH]c3ccccc32)c1C#N,0
CC(C)NC(=O)c1ccccc1NC(=O)c1ccccc1N(C)S(C)(=O)=O,0
O=C(O)C1C2C=CC(O2)C1C(=O)NCc1ccc(Cl)cc1,0
O=C(Nc1nccs1)C1CCN(S(=O)(=O)c2cnc[nH]2)CC1,0
CSc1ccc2nnc(-c3cccc(F)c3)n2n1,0
Cc1cc(C)n(-c2ccc(C(=O)NC3=NCCS3)cc2)n1,0
CN1CCN(C(=O)c2cc3c(s2)-c2ccccc2S(=O)(=O)C3)CC1,0
Cc1ccc2c(C(=O)CN3CCCCC3CCO)c(C)[nH]c2c1,0
CN(C)c1ccnc2sc3c(=O)n(-c4ccccc4)cnc3c12,0
COc1cccc(OCC(=O)Nc2ccccc2C(N)=O)c1,0
O=C(Nc1ccc(S(=O)(=O)NCc2ccccc2)cc1)Nc1ccc2c(c1)OCO2,0
O=C(NCCC1=CCCCC1)c1ccc(=O)oc1,0
CCN(CC)CC(=O)Nc1cc(C)c2c(=O)oc3ccccc3c2n1,0
Cc1cc(=O)n2[nH]c(-c3ccccc3)cc2n1,0
COc1ccc(-n2ncc3c(N4CCC(C)CC4)ncnc32)cc1,0
CC1(CCC#N)N=C(SCCC#N)N(c2ccccc2)C1=O,0
N/C(=N\O)C(Cc1cccs1)C(=O)Nc1ccccc1,0
CCOc1ccc(NC(=O)c2ccc(N)cc2)cc1,0
CC(=O)c1cc(C#N)c(SCC(=O)OC(C)C)nc1C,0
O=C(Nc1ccc(F)cc1)NC1CCN(Cc2nnnn2Cc2ccco2)CC1,0
O=C(CSc1ccc2nnc(-c3ccccn3)n2n1)N1CCN(c2ccccc2)CC1,0
CC1CCCCC12NC(=O)N(CC(=O)c1ccc[nH]1)C2=O,0
CCOC(=O)C1CCN(c2c(N3CCN(c4ccccc4OC)CC3)c(=O)c2=O)CC1,0
CCC12CN(C(=O)c3ccc(OC)cc3)CC(CC)(CN(C(=O)c3ccc(OC)cc3)C1)C2=O,0
COc1ccc(NC(=O)Nc2cccc(C)n2)cc1,0
Cc1nnc2ccc(N3CCC4(CC3)OCCO4)nn12,0
COCn1c(-c2ccc(OC)c(OC)c2)nc2ccccc21,0
CCOC(=O)c1cc2c(=O)n3cccc(C)c3nc2n(Cc2cccnc2)c1=N,0
COc1ccc2nc(NC(=O)c3cnccn3)sc2c1,0
Cc1occc1-c1nnc(SCC(=O)c2c[nH]c3ccccc23)n1C,0
Cn1c(=O)n(C)c2ncc(Cl)cc21,0
NS(=O)(=O)c1ccc(CNC(=O)NC23CC4CC(CC(C4)C2)C3)cc1,0
CN(C)C(=O)c1ccc(NC(=O)c2cccnc2)cc1,0
Cc1ccc2cc(CN(CCCO)S(=O)(=O)c3cccc4nsnc34)c(=O)[nH]c2c1C,0
Cn1c(=O)c2c(nc(CN3CCN(CCO)CC3)n2Cc2ccccc2Cl)n(C)c1=O,0
N#CCCN1CCN(S(=O)(=O)c2ccc(S(=O)(=O)NC3CC3)cc2)CC1,0
CN1CCN(C(=O)c2ccccc2NC(=O)c2cccs2)CC1,0
N#Cc1nc(Cc2ccccc2)oc1N1CCC(C(N)=O)CC1,0
CCOC(=O)C1=C(C)N=c2s/c(=C\C(=O)OC)c(=O)n2C1c1ccc(OC)cc1,0
O=C(CNC(=O)c1cccs1)NCCN1CCN(c2ccccc2F)CC1,0
COc1cccc(NC(=O)CSc2nc3c(c(=O)n2C)SC(C)C3)c1,0
Cc1cccnc1NC(=O)COc1ccc2oc3c(c2c1)CCCC3,0
CCN(CC)c1nc2n(c(=O)n1)CCN2CC,0
COC(=O)CSc1nnc(-c2ccncc2)o1,0
Cn1cccc1C(=O)NC(=O)CSc1nc2ccccc2s1,0
COc1ccccc1-c1ccc(=O)n(CC(=O)NCc2ccc3c(c2)OCO3)n1,0
COc1ccc(C2C(C(C)=O)=C(O)C(=O)N2c2nccs2)cc1OC,0
Cc1ccc(NC(=O)CSc2nnc(CSc3nc(C)cc(C)n3)n2Cc2ccco2)c(C)c1,0
Cc1cccc(Cn2c(N3CCCCC3C)nc3c2c(=O)[nH]c(=O)n3C)c1,0
CCCCCCOC(=O)CCn1[nH]c(=O)c2ccccc2c1=O,0
Cc1cccc(NC(=O)NCC(c2cccnc2)N2CCOCC2)c1,0
CCOc1cc(C(=O)NCC(C)CN(C)C)cc(OCC)c1OCC,0
CN(C)/C=C/C(=O)c1nnn(C2CCCCC2)c1NC1CCCCC1,0
CCOC(=O)c1ccc(NC(=O)COc2ccc(S(=O)(=O)NC(C)C)cc2)cc1,0
CN1CCN(C(=O)c2ccc(N(Cc3ccccc3Cl)S(C)(=O)=O)cc2)CC1,0
Cc1cccc(NC(=O)CN2C(=O)COc3ccc(Cl)cc32)c1C,0
Cc1onc(-c2ccccc2)c1C(=O)NCCc1c[nH]c2ccccc12,0
O=C(Nc1ccc2c(c1)OCO2)C1CCCN(c2nc3ccccc3s2)C1,0
O=C(CSc1nnc(-c2cccs2)o1)N1CCOCC1,0
c1ccc(-c2nnc(CSc3nc4ccccc4[nH]3)o2)cc1,0
Cn1c(=O)c2c(nc(NC3CCCCC3)n2Cc2ccccc2)n(C)c1=O,0
O=C(Nc1cnc2ccccc2c1)c1ccncc1,0
CC(C)C1=C2CCCCC2NC(=O)N1,0
CCOCC(=O)Nc1nnc(C2CCCCC2)s1,0
O=C(NCCN1CCOCC1)c1cccs1,0
Cc1ccc(C(=O)Nc2ncc3c(n2)CC(c2ccco2)CC3=O)cc1,0
COC1=CC(=O)/C(=C2\NNC(C)=C2c2cnn(-c3ccccc3)c2)C=C1,0
Cc1csc2ncc(C(=O)Nc3ccc4c(c3)OCCO4)c(=O)n12,0
O=C1C=Cc2ccccc2/C1=C/NC12CN3CCN(CN(C3)C1)C2,0
O=CNCC(=O)NCCc1ccc(Cl)cc1,0
CCOC(=O)N1CCN(C(=O)c2cccc(OC)c2OC)CC1,0
COc1cc(C2C(C(=O)c3sc(C)nc3C)=C(O)C(=O)N2CCN(C)C)cc(OC)c1OC,0
CCc1nc(SCC(=O)Nc2cc(C)on2)c2c(C)c(C)sc2n1,0
O=C(C1CCN(c2ccc(N3CCOCC3)nn2)CC1)N1CCc2ccccc2C1,0
Cc1cccn2c(=O)c3cc(C#N)c(=N)n(Cc4cccnc4)c3nc12,0
CCOc1ccc(NCC(=O)Nc2ccc(C)cc2C)cc1,0
CCOc1ccc(-c2csc(NC(=O)C3CCCO3)n2)cc1,0
Cc1cccc(N2CCN(c3nc4ccccc4n4cnnc34)CC2)c1C,0
COc1ccccc1NC(=O)CC1C(=O)Nc2c1c(=O)n(C)c(=O)n2C,0
COCC(=O)Nc1ccc(Nc2ccccc2)cc1,0
N#CCCn1c(Cl)nc2ccccc21,0
CCOC(=O)N1CCC(NC(=O)c2cc3ccccn3n2)CC1,0
COC(=O)c1c(NC(=O)CN2CCN(C(=O)c3ccco3)CC2)c2c(C)cccc2n1C,0
CCCCNC(=O)CSc1nc2ccc(N3CCOCC3)cc2c(=O)n1CCc1ccccc1,0
CC(C)(C)n1ncc2c(=O)n(CC(=O)N3CCc4ccccc43)cnc21,0
c1ccc(-n2nnnc2Oc2cccc3cccnc23)cc1,0
CCOc1ccc(N(CC(=O)NC2CCCCC2)S(=O)(=O)c2c(C)noc2C)cc1,0
CC(=O)Nc1ccc2nc(-c3ccccn3)[nH]c2c1,0
CCn1c(Cc2ccccc2)nnc1SCC(=O)Nc1ccc(S(N)(=O)=O)cc1,0
COc1ccc(CCNC(=O)COC(=O)c2cnc(C)cn2)cc1OC,0
Cc1ccc(-n2c(SCC(N)=O)nnc2-c2cccnc2)c(C)c1,0
COc1ccc(C(=O)Nc2cccc(C)c2)cc1S(=O)(=O)N1CCOCC1,0
CC1=C(C(=O)Nc2ccccc2C)C(c2ccc(C)o2)N2C(=O)CSC2=N1,0
COc1ccc(N(Cc2cc3ccc(C)cc3[nH]c2=O)C(=O)c2ccco2)cc1,0
COc1cccc(Nc2nnc(SCC(=O)N3CC(C)OC(C)C3)s2)c1,0
CN1C(=O)c2c(sc3c2CCCC3)NC1c1ccccc1O,0
COc1ccccc1N(CC(=O)Nc1ccccc1C)S(C)(=O)=O,0
Nc1nnn(Cc2ccccc2)n1,0
O=C(c1cnccn1)N1CCc2ccccc21,0
CC(NS(C)(=O)=O)C(c1cccs1)N1CCN(c2ccccc2)CC1,0
CCOC(=O)c1c(C)c(C(=O)NCc2ccccn2)c(C)n1C,0
COCC(=O)Nc1cc(OC)ccc1OC,0
O=C(NCc1ccco1)c1cc(-c2cccs2)on1,0
Cc1nnc(NC(=O)C2CCCCC2)s1,0
O=C(Nc1ccc(Cl)cc1)Nc1ccc2c(c1)N1CCN=C1S2,0
CC(/C=N/n1cnnc1)=C\c1ccco1,0
CCC(c1nnnn1CCC(C)C)N1CCC(C(N)=O)CC1,0
CC(=O)Nc1ccc(NC(=O)CSc2nnc(C3CC3)n2C)cc1,0
O=C(O)C1CCN(Cc2cnn(-c3ccccc3)c2-n2cccc2)CC1,0
c1ccc(N2CCN(Cc3cn4cccnc4n3)CC2)cc1,0
O=C(CC1NC(=O)NC1=O)Nc1cccc2ccccc12,0
c1ccc(-c2nnc3n2N=C(c2ccc4c(c2)OCO4)CS3)nc1,0
O=C(CN1CCN(c2ccc(Cl)cc2)CC1)c1ccc2c(c1)OCO2,0
CC(=O)Nc1ccc(NC(=O)c2ccccc2N(C)S(C)(=O)=O)cc1,0
O=S(=O)(NCc1ccccc1)c1cnc[nH]1,0
CCNC(=O)N(C(=O)NCC)n1c(C)nnc1C,0
Cc1ccc(S(=O)(=O)N2CCC(C(=O)Nc3nnc(C4CCCC4)s3)CC2)cc1,0
COc1ccc(O)c(-c2c(-c3ccc(Cl)cc3)n[nH]c2C)c1,0
C=CCn1c(SCC(=C)C)nc2c1c(=O)[nH]c(=O)n2C,0
CCOC(=O)C1=C(N)N(c2ccccc2Oc2ccccc2)C(=O)C1,0
COC(=O)Nc1nnc(-c2ccccc2Cl)s1,0
Nc1ncnc2c1ncn2CCN1CCCCC1,0
c1ccc(Cn2nnc3c(NCC4CCCO4)ncnc32)cc1,0
CCOC(=O)c1cnn(-c2nc(SC)nc3sc4c(c23)CCC4)c1N,0
O=C(CSc1nc(C2CC2)nc2sc3c(c12)CCCC3)NCc1ccco1,0
CC(=O)c1ccc(OCC(O)Cn2nnc3ccccc32)cc1,0
CCCn1c(SCC(=O)Nc2ccccc2C(=O)OC)nc2c1c(=O)n(C)c(=O)n2C,0
Cc1ccc(-c2nnc(SCC(=O)N3CCCC3)o2)cc1C,0
CCN(CC)CCNC(=O)Cn1c(-c2ccccn2)nc2ccccc21,0
CCOC(=O)c1c(C(C#N)C#N)cc(C)nc1C,0
Cc1cc(C)n(-c2ccc(C(=O)Nc3ccccn3)cc2)n1,0
Cc1ccc(-c2noc(CCC(=O)N(C)c3ccccc3C)n2)cc1,0
N#CCCCSc1nnc(-c2ccccn2)o1,0
CCn1c(SCCOc2ccc(OC)cc2)nnc1C(CO)NC(=O)c1ccc(OC)cc1,0
CCc1nnc(NC(=O)CSc2nnc(-c3cccnc3)n2CCc2ccccc2)s1,0
CCCCC(=O)Nc1c(O)[nH]c2ccccc2c1=O,0
COc1ccc(CNC(=O)c2ccccc2SC)cc1,0
CCCCCCn1c(SCCOC)nc2c1c(=O)[nH]c(=O)n2C,0
Nc1nc(-c2cccnc2)nn1C(=O)CCc1ccccc1,0
O=C(Cn1ccc2ccccc2c1=O)N1CCN(Cc2ccc3c(c2)OCO3)CC1,0
CCOC(=O)c1ccc(NC(=O)Nc2ccc3c4c(cccc24)C(=O)N3CC)cc1,0
CCCCN(CC)CCNC(=O)c1cc2c(=O)n(C)c3ccccc3c2n1C,0
Nn1c(SCc2cn3ccsc3n2)nnc1-c1ccncc1,0
O=C1C2C3C=CC(C3)C2C(=O)N1Cc1cccnc1,0
CCOC(=O)N1CCN(C(=O)c2cccc(-n3c(=S)[nH]c4cc(Cl)ccc4c3=O)c2)CC1,0
c1cn(-c2ncnc3sc4c(c23)CCCC4)cn1,0
CC(C)CCn1c(SCC(=O)c2ccccc2)nc2c1c(=O)[nH]c(=O)n2C,0
CCc1nnc(SCC(=O)Nc2ccccc2)nc1CC,0
COc1ccc(OC)c2sc(NC(=O)C(C)C)nc12,0
O=C(CN1CCCc2ccccc21)NCc1ccc2c(c1)OCO2,0
Cc1cccc2cc(COC(=O)c3cccnc3)c(=O)[nH]c12,0
CN1CCn2c1nc(N1CCOCC1)nc2=O,0
Cc1ccccc1C(=O)NC1CCN(Cc2nnnn2Cc2ccc(F)cc2)CC1,0
O=C(Cn1nc(Cl)nc1Cl)Nc1ccccc1,0
COCCn1c(COc2ccc(Cl)cc2)nnc1SCC(N)=O,0
CCc1ccccc1N(CC)C(=O)CCc1nc(-c2ccc(C)cc2)no1,0
Cc1nc2sc(C(c3cccc(F)c3)N3CCCC(C)C3)c(O)n2n1,0
O=C(CCN1C(=O)COc2ccccc21)NCc1cccnc1,0
Nc1c(N2CCCCC2)c(=O)[nH]c(=O)n1-c1ccccc1,0
COc1ccc(-n2ncc3c(NCc4ccco4)ncnc32)cc1,0
COc1ccc2c(c1)CCCN2C(N)=O,0
Cc1ccc(CC2CC(=O)N(c3cc(C)on3)C2=O)cc1,0
COc1ccc(S(=O)(=O)Nc2c(C(=O)O)[nH]c3ccccc23)c(OC)c1,0
COc1ccc(S(=O)(=O)NC(CC(C)C)C(=O)O)cc1,0
COc1ccc(NC(=O)C2CCCN(S(=O)(=O)c3cccc4cccnc34)C2)c(OC)c1,0
CCCCNC(=O)OC(C)CNC(=O)Oc1cccc(C)c1,0
CCCC(=O)Nc1sc2c(c1C#N)CCCC2,0
CCCc1nnc(SCC(=O)O)n1/N=C/c1ccc2c(c1)OCO2,0
COc1ccc(-c2nn3cnnc3s2)cc1OC,0
COc1ccccc1NC(=O)CNC(=O)c1ccccc1,0
CCCCC(CC)C(=O)Nc1ccc(Cl)cn1,0
Cc1cccn2c(=O)c3cc(C(=O)N4CCC5(CC4)OCCO5)n(C)c3nc12,0
CC(C)CCNC(=O)c1cccc(Cl)c1,0
N#Cc1cn(CC(=O)NCCc2c[nH]c3ccccc23)c2ccccc12,0
CCOC(=O)c1cnc(-n2cc(C)cn2)nc1Nc1ccccc1OC,0
COc1ccc(-c2nnc3sc(CN4C(=O)c5ccccc5C4=O)nn23)cc1,0
CC(C)(C)n1nnnc1C(c1cccs1)N(Cc1ccccc1)Cc1cccnc1,0
CC(Sc1ccccc1)C(=O)Nc1ccc(S(=O)(=O)N2CCOCC2)cc1,0
CCC(=O)Nc1cc(-c2nn3c(C)nnc3s2)ccc1C,0
Cc1cnc(NC(=O)c2c(O)n3c4c(cccc4c2=O)CCC3)s1,0
Nc1nncn1C(=O)CCc1ccccc1,0
COc1ccccc1C(=O)Nc1c(C)n(C)n(-c2ccccc2)c1=O,0
Cc1ccc(SC(C)c2nc(-c3ccncc3)no2)cc1,0
CCCn1c(C)cc(C(=O)CSc2nnc3n(CCC)c(=O)c4ccccc4n23)c1C,0
Cc1nc2cc(NC(=O)NCc3ccc4c(c3)OCO4)ccc2o1,0
O=C(CCN1C(=O)c2ccccc2C1=O)NCCN1CCOCC1,0
COC(=O)C(NC(=O)NC1CCCc2ccccc21)C(C)C,0
COCc1nnc(NC(=O)CC(C)c2ccccc2)s1,0
Cc1cc(N2CCN(C3CCCCC3)CC2)n2nc(C)nc2n1,0
COc1ccc(CN(C(=O)Cn2nnc3ccccc32)C(C(=O)NC(C)(C)C)c2ccco2)cc1,0
CCOCC(=O)Nc1nnc(COc2ccc(Cl)cc2)s1,0
O=C(Cn1c(C(F)(F)F)nc2ccccc21)NCCN1CCCC1,0
CC(C)(C)NC(=O)CN(Cc1cccnc1)C(=O)c1csnn1,0
CCOc1ccc(C(C)C)cc1S(=O)(=O)Nc1ccc(Cl)cn1,0
Cc1cccc(NC(=O)CCCCCN2C(=O)c3ccccc3C2=O)n1,0
CCc1nnc(NC(=O)CSc2nnc(COc3cccc(C)c3)o2)s1,0
Cc1nc(N)sc1-c1nnc(SCC(=O)Nc2nccs2)n1C,0
Cc1cc(C)n(-c2cccc(Cl)c2)c(=O)c1C#N,0
CCSc1nc2n(-c3ccc(C)cc3)[nH]cc-2c(=O)n1,0
CC(NC(=O)c1ccccc1NC(=O)c1ccco1)C(=O)O,0
CC(NCCCn1ccnc1)=C1C(=O)N(C)C(=O)N(C)C1=O,0
Cc1oc(-c2ccccc2Cl)nc1CSCC(=O)N1CCCC1,0
Cc1cc(C)n(CCc2nc3c4ccccc4nc(SCc4ccc(C#N)cc4)n3n2)n1,0
O=C(NCn1ccc(=O)[nH]c1=S)c1ccccc1,0
CCn1cc(NC(=O)Nc2ccccc2C(=O)OC)c(C(N)=O)n1,0
COc1nnc(-c2ccc(N3CCOCC3)c(NC(C)=O)c2)c2ccccc12,0
CC1CN(Cc2cc(=O)n3ccsc3n2)CC(C)O1,0
CCOC(=O)c1ccc(Nc2nc(=O)c(C(C)(C)C)n[nH]2)cc1,0
COCCNC(=O)C(c1cccs1)N(C(=O)Cn1nnc2ccccc21)c1cccc(C(C)=O)c1,0
Cc1cc(C)nc(SCC(=O)N2CCCCC2)n1,0
COc1ccccc1CNC(=O)CCn1c(=O)[nH]c2ccsc2c1=O,0
Cc1cc(C(=O)N2CCN(c3ccccn3)CC2)c(C)o1,0
CCOC(=O)CC(=O)CSc1ccc2nnc(-c3ccc(F)cc3)n2n1,0
CCn1ncc(C2=NOC(C(=O)NCc3ccccc3)C2)c1C,0
C=CCSC1=C(C#N)C(c2ccccc2)CC(=O)N1,0
CCc1ccc2[nH]c(=O)c(CN(Cc3ccco3)S(=O)(=O)c3ccc4c(c3)OCCO4)cc2c1,0
O=C(Cn1nnc(-c2ccccc2)n1)NCc1ccccc1,0
COc1cccc2cc(-c3csc(CCn4nc(C)cc4C)n3)c(=O)oc12,0
Cc1noc(C)c1COc1cccc(C(=O)Nc2ccc(C#N)cc2)c1,0
O=C(O)C1CC=CCC1C(=O)Nc1cccc(F)c1,0
CCc1nnc(NC(=O)CC(=O)Nc2ccccc2C(=O)O)s1,0
COC(=O)c1ccc2c(c1)NC(=O)C(N1CCCCC1)S2,0
O=C(Cn1cnc2sc(-c3ccccc3)cc2c1=O)NCc1ccco1,0
COC(=O)c1c(NC(=O)c2ccco2)sc2c1C(C(=O)OC)CC2,0
CCn1c(CNc2ccccc2Cl)nnc1SCC(=O)NCc1ccccc1,0
COc1ccc(CNC(=O)NCc2ccc(OC)c(OC)c2)cc1OC,0
CCC(C)(C)n1nnnc1C(CC(C)C)N1CCC(C(N)=O)CC1,0
Cc1cccc(OCc2nc(-c3nonc3N)no2)c1C,0
Cc1ccc(C(=O)Nc2cnc3sc(C)nn3c2=O)cc1,0
Cc1nc(CCNC(=O)Cc2ccccc2)cs1,0
O=C(CN1C(=O)c2ccccc2S1(=O)=O)N1CCN(c2cccc(Cl)c2)CC1,0
COc1ccc(N2C(=O)CC(Sc3nccc(C)n3)C2=O)cc1,0
O=C(NCc1ccc2c(c1)OCO2)c1cccc(Cl)c1,0
COCCn1c(SCC(=O)Nc2sc(C)c(C)c2C#N)nnc1-c1ccc(OC)cc1,0
CCOC(=O)CNC(=O)CNC(=O)c1ccc(OC)cc1,0
O=C(NCCCN1CCCCC1)C1(S(=O)(=O)c2ccc(Cl)cc2)CC1,0
COc1ccc(C2C3=C(NN/C3=C3\C=C(Cl)C(C)=CC3=O)C(=O)N2Cc2cccnc2)cc1OC,0
CCOC(=O)C(C)(C)Sc1nc2n(-c3ccc(C)cc3)[nH]cc-2c(=O)n1,0
CCSc1nc2c(c(=O)n1-c1ccc(F)cc1)SCC2,0
Cc1cccc(N2CCN(S(=O)(=O)c3ccc4c(c3)c(=O)n(C)c(=O)n4C)CC2C)c1,0
Cc1cc(C)nc(NS(=O)(=O)c2ccc(N)cc2)n1,0
Cc1ccc(-c2c3c(=O)n(C)c(=O)n(C)c3cn2CCCN2CCOCC2)cc1,0
Cc1csc(NC(=O)c2cccc(S(=O)(=O)N3CCCCC3)c2)n1,0
Cc1ccc(-n2cnnn2)c2cccnc12,0
Cc1ccc2[nH]c3c(c2c1)CN(C(=O)CN1CCN(c2ccccn2)CC1)CC3,0
COc1ccc(-n2nc3ccc(NS(C)(=O)=O)cc3n2)cc1Cl,0
Cc1cc(C)c2c(n1)nn1c(N3CCN(c4ccccc4)CC3)cc(C)nc21,0
CCCCOc1ncnc2c1[nH]c1ccc(F)cc12,0
COc1ccc(N(Cc2cc3cc(OC)ccc3[nH]c2=O)C(=O)c2cccnc2)cc1,0
Cc1ccccc1-c1nc(CS(=O)CC(=O)NCCCN(C)c2ccccc2)c(C)o1,0
CCN(C(=O)COc1ccccc1)c1nnc(-c2cccnc2)s1,0
CN1CCN(CC(C)(C)NS(=O)(=O)c2ccc(Cl)cc2)CC1,0
O=C1CCCN1c1ccc(S(=O)(=O)Nc2ccc3c(c2)OCCO3)cc1,0
Cn1c(=O)n(CCC(=O)O)c2ccccc21,0
CCCn1c(=O)c2ccccc2n2c(SCC(=O)c3cc(C)n(CC4CCCO4)c3C)nnc12,0
CCc1cc(C(=O)N2CCOCC2)c(NC2=NS(=O)(=O)c3ccccc32)s1,0
CCOc1ccccc1-c1nc2c([nH]1)c(=O)n(C)c(=O)n2C,0
O=S(=O)(NC1CCCCC1)c1cccc(-c2nnc(-c3ccccc3)o2)c1,0
N#CCCn1c(-c2nonc2NC(=O)c2ccccc2Cl)nc2ccccc21,0
C=CCn1c(SCc2cccnc2)nnc1-c1ccncc1,0
Cc1cc(=O)nc(SCC2COC3(CCCCC3)O2)[nH]1,0
O=C(NCCc1ccccc1)c1ccc(-n2cnnn2)cc1,0
COc1ccc(C(CC(=O)O)NC(=O)c2ccco2)cc1OC,0
O=C(Nc1ccccc1)N1CCN(Cc2ccc3c(c2)OCO3)CC1,0
COc1ccc(-c2nnc3ccc(SCC(=O)NCC4CCCO4)nn23)cc1,0
CCN(CC)c1ccc(/C=N/C(C#N)=C(\N)C#N)cc1,0
O=C(Cn1cc2c(n1)CCCCC2)NCc1cccs1,0
COc1ccc(Cc2nnc(SCC(=O)NC3CCCCC3)n2C)cc1,0
COc1ccc(C2/C(=C(/O)c3ccccc3)C(=O)C(=O)N2CO)cc1,0
CCOC(=O)Cc1csc(NC(=O)CSc2nnnn2-c2ccc(CC)cc2)n1,0
O=C1C2CCCN2C(c2ccccc2F)N1c1cccc(Cl)c1,0
O=C(C1CCCN1S(=O)(=O)c1cccc2cccnc12)N1CCc2ccccc21,0
CCOC(=O)N1CCC2(CC1)C(C#N)=C(N)Oc1c2c(C)nn1-c1cccc(Cl)c1,0
Cc1nc(SCC(=O)N2CCOCC2)c2ccsc2n1,0
Cc1c(C(=O)NCCN2CCOCC2)oc2ccccc12,0
Cc1nnc(NC(=O)c2ccc(S(=O)(=O)N3CCCCCC3)cc2)o1,0
O=C(c1cc2ccccc2o1)c1cccs1,0
CCC(=O)Nc1c(C#N)c2nc3ccccc3nc2n1-c1ccc(C)cc1,0
COc1ccc(CC(=O)n2nc(-c3cccnc3)nc2N)cc1,0
O=c1c2ccccc2nc(CSc2ncnc3nc[nH]c23)n1-c1ccccc1,0
CCc1nnc(NC(=O)c2cc3c(s2)CCCCC3)s1,0
CC(NC(=O)c1ccco1)C(=O)Nc1nc(-c2ccccn2)cs1,0
CN(CC(=O)Nc1sccc1C#N)C1CCCCC1,0
COc1ccc(OC)c(-n2c(-c3cccc(O)c3)n[nH]c2=S)c1,0
CC(C)C(c1nnnn1CCc1ccccc1)N1CCOCC1,0
CSc1nc(NC(C)(C)C)nc(N2CCOCC2)n1,0
COc1ccccc1Nc1nc(N)nc(-c2cc3ccccc3o2)n1,0
COC(=O)C1=C(C)N(C)C(=O)NC1c1ccc(C)cc1,0
Cc1cc(N/C(=N\S(=O)(=O)c2ccc(Cl)cc2)c2ccc(F)cc2)no1,0
CCCn1c(SCc2cc(=O)oc3ccc4ccccc4c23)n[nH]c1=O,0
CCN(CC)CCNC(=O)c1ccc(NC(C)=O)cc1,0
Cc1ccc2[nH]cc(C(=O)CN3CCN(c4ccccn4)CC3)c2c1,0
O=C1NC(=O)C2(Cc3ccccc3N3CCN(c4ccccc4)CC32)C(=O)N1Cc1ccccc1,0
O=C(c1cc2cc(Cl)ccc2oc1=O)N1CCCC1,0
CCNc1nc(NCc2ccccc2)nc(Oc2ccc(=O)[nH]n2)n1,0
CC1Cc2nc(SCC(=O)NC3CCCCC3)n(C)c(=O)c2S1,0
Cc1csc(NC(=O)CSc2nnc(-c3ccncc3)n2C)n1,0
CC(C)C(=O)Nc1cccc(C(=O)NCCc2ccc(S(N)(=O)=O)cc2)c1,0
CC1CCc2sc3nc(N4CCN(CCO)CC4)n4ncnc4c3c2C1,0
O=C(CSc1nnc(-c2ccccc2)o1)N1CCN(c2ccccc2)CC1,0
COc1ccc(Cn2c(SCC(=O)NCc3ccco3)nc3ccsc3c2=O)cc1,0
OC1(c2ccccc2F)CCN(Cc2nnc(-c3ccccc3)o2)CC1,0
Cc1oc(-c2ccccc2F)nc1CS(=O)CC(=O)NCc1ccc2c(c1)OCO2,0
COc1cccc(-c2nnc(SCC(=O)Nc3ccc(S(N)(=O)=O)cc3)n2C)c1,0
Cc1nc2c3cnn(-c4ccc(C)c(C)c4)c3ncn2n1,0
CCC(=O)N1CCc2cc(S(=O)(=O)NCCC(=O)NC3CCCc4ccccc43)ccc21,0
O=C(Nc1cccc(NS(=O)(=O)c2ccc(S(=O)(=O)NC3CC3)cc2)c1)c1ccccn1,0
C=CCOC(=O)Nc1ccc(Cl)cc1NC(=O)OCC=C,0
CCC1CCCCN1c1nc(-c2ccncc2)nc2ccccc12,1
O=C(c1cccc(N2C(=O)C3CC=CCC3C2=O)c1)N1CCCCCC1,0
CC1CCN(Cc2nc3c(c(=O)n(C)c(=O)n3C)n2CCN2CCOCC2)CC1,0
COC(=O)CN1C(=O)C2(OCCCO2)c2ccccc21,0
Clc1ccc(OCCn2cnc3ccccc32)cc1,0
Nc1nnc(-c2cc3ccccc3oc2=O)s1,0
O/N=C1\CCCCc2sccc21,0
O=C(Nc1ccc2c(c1)OCO2)N1CCN(C/C=C/c2ccccc2)CC1,0
O=C(Nc1ccccc1)N(Cc1cccnc1)Cc1ccco1,0
COc1ccc(OC)c(C2CC(=O)NC(SC)=C2C#N)c1,0
CC(=O)/N=c1\sc(C(C)(C)C)c(C)n1C,0
Cc1[nH]n(-c2ccccc2)c2nc(=O)c(CNCC3CCCO3)cc1-2,0
O=C(c1cc(Cl)ccc1Cl)N1CCN(c2ccccn2)CC1,0
COC(=O)c1sc(NC(=O)c2ccc(Cn3cc(Cl)cn3)o2)c(C#N)c1C,0
CCC(CC)c1nnc(NS(=O)(=O)Cc2ccccc2)s1,0
CC(=O)c1cccc(NC(=O)NCc2ccccn2)c1,0
COC(=O)c1c(NC(=O)COC(=O)Cn2cnc3ccccc32)sc(C)c1C,0
O=C(CCCn1nnc(-c2cccnc2)n1)c1ccc(F)cc1,0
CCc1ccc(-c2nc(CN3CCC(C(=O)NCc4ccccc4OC)CC3)c(C)o2)cc1,0
Cc1ccc(NC(=O)Nc2ccc3c(c2)N(C)C(=O)CS3)nc1,0
CC(C)(C)c1csc(NC(=O)Cn2cnc3ccccc3c2=O)n1,0
COCCOC(=O)C1=C(C)N=C2SCCC(=O)N2C1c1ccc(OC(=O)c2ccco2)cc1,0
CC(=O)N(C)c1nc(-c2ccc(Cl)cc2)cs1,0
Cc1ccc(NC(=O)Cn2c(C)cc(C)c(C#N)c2=O)c(Cl)c1,0
CCOC(=O)C1CCN(C(=O)Nc2ccccc2Cl)CC1,0
O=C(COc1ccccc1)NCc1nnc(SCC(=O)Nc2nccs2)n1-c1ccccc1,0
CC(C)(O)c1cn(-c2nonc2N)nn1,0
N#CCCN(CC(=O)O)S(=O)(=O)c1ccccc1,0
CCOc1ccccc1Nc1nnc(SCC(=O)Nc2cc(C)on2)s1,0
O=C(NCc1ccco1)c1nc2nc(-c3cccs3)cc(C(F)(F)F)n2n1,0
O=C(/C=N/O)NCCCn1ccnc1,0
Cn1c(C(=O)NCC2CCCO2)cc2c(=O)n3ccccc3nc21,0
CCC(=O)Nc1cccc(NC(=O)CSc2nnnn2C)c1,0
Cc1cc(NC(=O)CSc2nccn2-c2ccc(Cl)cc2)no1,0
C=CCn1c(Cc2csc(N)n2)nnc1SCC(=O)NC1CCCCC1,0
O=C(CSc1nnnn1C1CCCC1)Nc1ccc2c(c1)OCCO2,0
Cc1[nH]nc(NC=C2C(=O)CC(c3ccco3)CC2=O)c1-c1ccccc1,0
COc1ccc(C(=O)NCC(=O)n2nc(C)cc2C)cc1OC,0
CCn1c(=O)cc(SCC(=O)NCc2ccccn2)c2ccccc21,0
CCC(C)N(CC(=O)NCc1ccc(OC)cc1)C(=O)c1csnn1,0
COc1ccccc1NC(=O)CN1C(=O)NC(CC(C)C)C1=O,0
COc1ccc2nc(S(=O)Cc3ncc(C)c(OC)c3C)[nH]c2c1,0
O=c1nc[nH]c2c1sc(=S)n2-c1ccccc1,0
Cc1[nH]nc2c1C(c1cn[nH]c1-c1ccc(F)cc1)C(C#N)=C(N)O2,0
Cc1cc(NCC2CCCO2)n2c(nc3ccccc32)c1C#N,0
CCN(Cc1cc2ccccc2[nH]c1=O)C(=O)c1cccnc1,0
O=C(CSc1nnc2ccccn12)NCCN1C(=O)CSC1=O,0
Clc1ccc(C2CC(c3ccccc3)N=C3N=CNN32)cc1,0
Cn1cnc2c(N3CCCCC3)nccc21,0
CC(=O)NC1CC2CCCC(C1)N2CC(=O)Nc1ccccc1,0
O=C(NC1CCCC1)C1CCCN(S(=O)(=O)c2cccc3cccnc23)C1,0
CCc1ccc(S(=O)(=O)NCc2cn3cccc(C)c3n2)s1,0
O=C(CSc1nnc(CNC(=O)c2ccccc2F)o1)c1ccc(Cl)cc1,0
O=C(CSc1nc2ccccc2o1)NC(=O)NCc1ccco1,0
CCCC(=O)n1nc(-c2ccc(Cl)cc2)nc1SC,0
Cc1c(NC(=O)CSc2nnc(-c3cccc(Cl)c3)o2)c(=O)n(-c2ccccc2)n1C,0
Cc1cc(C(=O)N2CCOCC2)n(-c2ccccc2)n1,0
CN(c1ccc(C(=O)NCc2ccncc2)cc1)S(C)(=O)=O,0
Cc1cc(C)n(C(=O)CNC(=O)CCc2ccccc2)n1,0
O=C(Cn1c(=O)oc2cc(S(=O)(=O)N3CCCCCC3)ccc21)NC1CCCCCCC1,0
CCOC(=O)c1c(NC(=O)c2noc3c2CCCC3)sc2c1CCCC2,0
Cn1c(C(=O)NCc2ccccn2)cc2c(=O)n3ccccc3nc21,0
CCOC(=O)c1nnn(-c2nonc2N)c1CNC(C)C,0
CNC(=O)CSc1nnc(-c2cccnc2)n1CCc1ccccc1,0
CCOC(=O)c1cnc2ccc(Cl)cc2c1N1CCN(C)CC1,0
CCCn1c2ccccc2c2nnc(SCC(=O)OCC)nc21,0
O=C(NC1CCCC1)C1c2ccccc2C(=O)N1C1CCCCC1,0
CCOC(=O)c1ccc(NS(=O)(=O)c2cnc[nH]2)cc1,0
Cc1onc(-c2ccccc2Cl)c1C(=O)NCc1ccccn1,0
Cc1ccc2c(n1)sc1c(N)ncnc12,0
CCOc1ccc(/N=C(/NC#N)SCC(=O)NC2CC2)cc1,0
CCOC(=O)Cc1nnc(NC(=O)Nc2ccccc2)s1,0
CC(C)(C)OC(=O)NCCc1nnc(SCC(N)=O)o1,0
Cc1cnn(C(=S)NCc2ccc(Cl)cc2)c1,0
CCCn1c(=O)c2[nH]c(C3CCCC3)nc2n(CCC)c1=O,0
COc1cccc(NC(=O)CN2CCN(S(=O)(=O)c3ccc(C(C)C)cc3)CC2)c1,0
O=C(NCc1cccnc1)c1cccc(NC(=O)c2ccco2)c1,0
O=C1c2ccccc2S(=O)(=O)N1Cc1nc2ccccc2s1,0
O=C(CSc1nnc(Cc2ccccc2)o1)N1CCc2ccccc21,0
COc1ccc(Cl)cc1NC(=O)CN(C1CCCCC1)S(C)(=O)=O,0
O=c1[nH]c2cc3c(cc2cc1C(c1nnnn1C1CCCC1)N1CCCc2ccccc21)OCCO3,0
CCCn1c(NC(=O)c2ccc(Cl)c(S(=O)(=O)N3CCCC3)c2)nc2ccccc21,0
Cc1cc(C)c(S(=O)(=O)N2CCCCC2)c(C)c1-n1ncnn1,0
Cc1ccc2c(CC(=O)Nc3ccc(N4CCN(C)CC4)cc3C)coc2c1,0
COc1ccc(-c2ccc(SCC(=O)NCc3ccco3)nn2)cc1OC,0
Cn1c(=O)[nH]c(=O)c2c1nc(N1CCCCCC1)n2Cc1cccc2ccccc12,0
COc1cccc(C2=NOC(C(=O)NCCN3CCOCC3)C2)c1,0
CN1CCN(C(=O)C2CCCCC2C(=O)O)CC1,0
CC(NC(=O)C1CCN(c2nnc(-n3cccc3)s2)CC1)C12CC3CC(CC(C3)C1)C2,0
O=C(CCn1c(=O)sc2ccccc21)Nc1ccon1,0
COc1ccc(-n2nnc3c(SCC(=O)OCc4ccccc4)ncnc32)cc1,0
Cc1cc(=O)n2c(C)n[nH]c2n1,0
Cc1ccc(C(=O)Nc2ccc3c(c2)nc2n3CCSC2)cc1,0
CCOC(=O)N1CCC(Nc2ncnc3c2cnn3-c2ccc(C)cc2C)CC1,0
CC1(C)CC(=O)C(=CNCC2CCNCC2)C(=O)C1,0
CN(C)S(=O)(=O)c1ccc(C(=O)Nc2ccc(CN3CCCC3)cc2)cc1,0
CCOC(=O)c1oc2ccccc2c1NC(=O)c1ccccc1OC,0
COC(=O)c1cccc(NC(=O)CSc2ncn[nH]2)c1,0
O=C(OCc1cc2ccccc2[nH]c1=O)c1ccccc1,0
CCOCCOCN(C#N)c1nc(OC)nc(N(C)C)n1,0
COc1ccc(C(=O)NCC(=O)NC2=NCCS2)cc1,0
Cc1ccc(NC(=O)Cc2cn3ccsc3n2)nc1,0
Nn1c(SCC(=O)Nc2ccc3c(c2)OCCO3)nnc1C(F)(F)F,0
O=C(COc1ccccc1Cl)NCc1ccncc1,0
CCN(CC)CCn1c(=S)[nH]c2ccc(Cl)cc2c1=O,0
Cc1ccc2nc(NC3=NCN(C4CCCCC4)CN3)nc(C)c2c1,0
CCOC(=O)c1ccc(NC(=O)Cn2nnc(-c3ccc(C)cc3)n2)cc1,0
Cc1ccc(Cn2ccc(NC(=O)c3nc4ncccn4n3)n2)cc1,0
CCOC(=O)c1nn(-c2ccccc2)c(=O)c(C#N)c1C,0
Cc1ccccc1Nc1nc(N)nc(CSc2nc3ccccc3c(=O)n2CCCO)n1,0
COC(=O)c1ccc(NC(=O)CSc2nncn2C)cc1,0
Cc1sc2ncnc(SCC(=O)N3CCCC3=O)c2c1C,0
CCn1cc(/C=C(/C#N)S(=O)(=O)c2ccccc2)cn1,0
O=C(Cc1ccccc1)OCn1nnc2ccccc2c1=O,0
CCOCCCNc1nc2c(c(=O)[nH]c(=O)n2C)n1CCCc1ccccc1,0
CCCC1Cc2nc(N3CCCCC3)c(C#N)cc2CO1,0
Cn1nnc(NC(=O)C(c2ccccc2)c2ccccc2)n1,0
NC(=O)CSc1nnc(-c2ccc(S(=O)(=O)N3CCOCC3)cc2)n1CC1CCCO1,0
Cc1c(C(=O)N2CCCCC2)sc(NC(=O)C(C)C)c1C#N,0
CC1(C)Cc2c(C#N)c(N)n(-c3ccccc3)c(=O)c2CO1,0
Cc1nn2cnc3sc4c(c3c2nc1=O)CCCC4,0
O=c1cc(-c2ccccc2)[nH]c2ccccc12,0
CC(C)OCCCNC(=O)c1ccc2c(c1)ncn2C1CCCC1,0
CCOC(=O)/C=c1\s/c(=C\c2ccc3c(c2)OCCO3)c(=O)n1CC(=O)NCC1CCCO1,0
O=C(CCn1c(=O)oc2ccccc21)NCCN1CCOCC1,0
CCOc1ccccc1N1CCN(CC(O)COc2ccc3c(C)cc(=O)oc3c2)CC1,0
CCC(CO)Nc1ncnc2c1cnn2-c1ccc(Cl)cc1,0
COc1ccccc1-c1cc(C(=O)Nc2ccccc2SC)no1,0
CC1=C/C(=C2/C=C(C(=O)Nc3ccc(S(=O)(=O)N4CCOCC4)cc3)NN2)C(=O)C(C)=C1,0
O=C(NCCCN1CCOCC1)c1cccs1,0
O=C(CSc1nc(N2CCCCC2)nc(N2CCCCC2)n1)N1CCc2ccccc21,0
COc1cc(NC(=O)c2cc(-c3ccco3)on2)c(OC)cc1Cl,0
Nn1c(SC/C=C/c2ccccc2)nnc1-c1ccccn1,0
Cc1nn(CC(=O)Nc2ccc3c(c2)nc(CN2CCCC2)n3C)c(=O)c2ccccc12,0
COc1ccc2c(C(=O)CN3CCN(CCO)CC3)c[nH]c2c1,0
Nc1cccc(-n2nncc2-c2ccccc2)c1,0
CCOC(=O)N1CCN(C(=O)CSc2nc(-c3cccc(C)c3)ns2)CC1,0
CS(=O)(=O)N1CCC(C(=O)N2CCOCC2)CC1,0
Cc1nc2sc(C(c3ccccc3)N3CCN(C)CC3)c(O)n2n1,0
O=C(C1CCN(S(=O)(=O)c2cccc3nsnc23)CC1)N1CCN(c2ccccc2F)CC1,0
N#CC1=C(NCc2ccccc2)C(=O)NCCC1,0
COc1ccccc1OCCSc1ncnc2nc[nH]c12,0
Cc1ccc(NC(=O)N2CCC(O)(c3ccc(Cl)cc3)CC2)cc1,0
CON(C)c1nc(Oc2ccc(=O)[nH]n2)nc(N(C)C)n1,0
CCS(=O)(=O)N1CCC(C(=O)NCc2ccc(F)cc2Cl)CC1,0
O=C(NCc1cccnc1)C1CCCN(S(=O)(=O)c2ccccc2)C1,0
Cc1nnc2sc(-c3ccco3)nn12,0
CC1=C(C(=O)NCc2ccccc2)C(c2cccnc2)N2NC=NC2=N1,0
O=C(CSc1ccc(Cl)cc1)Nn1cnnc1,0
COc1ccc(OC)c(-n2nnnc2SCC(=O)Nc2nc(C)c(C)s2)c1,0
Cn1c(-c2ccc(F)cc2)cnc1SCC(=O)N1CCCCC1,0
COC(=O)CSc1nnnn1-c1ccccc1,0
Cn1nnnc1SCC(=O)N1CCN(c2cccc(Cl)c2)CC1,0
O=C(Nc1ccc(O)cc1)c1cc(S(=O)(=O)N2CCCC2)ccc1Cl,0
O=C(NC1CCCCC1)C1CC(=O)N(c2ccc(Cl)cc2)C1,0
Cn1c(SCc2ccc(C#N)cc2Cl)nc2ccccc21,0
N#CC1=C(N)C(C#N)(C#N)C(c2ccsc2)C2COCC=C12,0
CCN(CC)S(=O)(=O)c1cccc(-c2nnc(SCC#N)n2Cc2ccccc2)c1,0
COc1ccc(CCCc2nnc(SCC(=O)Nc3nc(C)cs3)n2C)cc1C,0
CCOc1ccc(Nc2cc(=O)n(C)c(=O)n2C)cc1,0
O=C1CCC(=O)N1c1ccc(CSc2nnnn2C2CCCCC2)cc1,0
Cc1nn2c3ccccc3nc2n(Cc2ccccc2)c1=O,0
CC1CN(C(=O)Nc2ccc3snnc3c2)c2ccccc21,0
Nc1ncnc2oc(-c3ccco3)c(-c3ccco3)c12,0
O=C1C=CC(=C2NN=C(SCC(=O)N3CCc4ccccc4C3)N2Cc2ccco2)C=C1,0
Nn1c(Nc2ccccc2)nc2sc3c(c2c1=O)CCC3,0
CCn1c(=N)n(CC(=O)c2cccc(OC)c2)c2ccccc21,0
COc1ccc(NC(=O)CSc2nnc(-c3ccccc3C)n2N)cc1,0
CCc1nnc(NC(=O)c2nc3nccc(C)n3n2)s1,0
C=CCn1cc(Cl)c(=O)n(CC=C)c1=O,0
CC(C)(C)OC(=O)NC(Cc1c[nH]c2ccccc12)c1nnc(SCC(N)=O)o1,0
Cc1cc(NC(=O)c2ccc3c(c2)C(=O)N(C2CCCCC2)C3=O)no1,0
CCn1nnnc1SCC(=O)N(C1CCCCC1)C1CCCCC1,0
CC(=O)c1ccc(N2/C(=N/C(=O)C(C)C)SC3CS(=O)(=O)CC32)cc1,0
Cc1cccn2cc(-c3ccc(S(=O)(=O)N4CCOCC4)cc3)nc12,0
Cc1ccc(NC(=O)CN(C)S(=O)(=O)c2cccc3nsnc23)cc1,0
COc1ccc(CCn2c(N3CCN(C)CC3)nc3c2c(=O)[nH]c(=O)n3C)cc1,0
COC(=O)Cc1c(C)nc2nc(-c3ccco3)[nH]n2c1=O,0
Cc1cc(NC(=O)CC(C)(C)C)nc2c1c(=O)oc1ccccc12,0
Cc1ccc(NC(=O)c2cc(NC(=O)c3ccco3)ccc2N2CCOCC2)cc1,0
CN(Cc1ccccc1)Cc1nc2c(c(=O)n(C)c(=O)n2C)n1CCCc1ccccc1,0
COCCn1nnnc1SCC(=O)c1ccccc1,0
Cc1cc(NC(=O)COC(=O)COc2ccc(C(=O)c3ccccc3)cc2)no1,0
COCCCNC(=O)CS(=O)(=O)Cc1nc(-c2cccc(OC)c2)oc1C,0
COCC(=O)Nc1nc(-c2ccccc2)c(C)s1,0
CC(=O)c1cccc(NC(=O)N2CCCC2C(=O)NCc2ccc(F)cc2)c1,0
Cc1nc2ccc3nc(NC(=O)C4COc5ccccc5O4)sc3c2s1,0
O=C(CC1N=C2c3ccccc3N=C(SCc3ccc(Cl)cc3)N2C1=O)NCc1ccco1,0
CC(C)Oc1ccc(C(=O)Nc2cc(=O)n(C)c(=O)n2C)cc1,0
COc1cc(NC(=O)c2ccc3c(c2)OCO3)ccc1NC(=O)C(C)C,0
CC1CCc2nc(NC(=O)CN3CCN(c4ccccc4)CC3)sc2C1,0
COCc1cc(=O)n2c(-c3ccc(C)cc3)n[nH]c2n1,0
Fc1ccc(CSc2nnc(-c3cccs3)o2)cc1,0
O=C(Nc1ccccc1)N(Cc1ccc2c(c1)OCO2)Cc1nc(=O)c2ccccc2[nH]1,0
COC(=O)c1ccc(OC(=O)c2nn(C)cc2Cl)c(OC)c1,0
Cc1[nH]c2ccc3c(ncn3CCC#N)c2c1C,0
CCn1c(SCc2nc(CC(=O)Nc3ccccc3OC)no2)nnc1-c1cccs1,0
c1ccc(C2=Nn3c(nnc3-c3n[nH]c4c3CCC4)SC2)cc1,0
COC(=O)c1[nH]c2cccc(Cl)c2c1NC(=O)CN1CCN(CCO)CC1,0
CC1CN(S(=O)(=O)c2ccc(-c3nc4ccccc4s3)cc2)CC(C)O1,0
O=C(c1ccco1)N1CCN(C(c2cccs2)c2sc3ncnn3c2O)CC1,0
CC(C)(Oc1ccc(Cl)cc1)C(=O)NCc1ccco1,0
Cc1ccnc(-n2sc3ccccc3c2=O)n1,0
c1coc(-c2nnc(SCc3nc4ccccc4[nH]3)o2)c1,0
CN1CCN(CCC(=O)Nc2ccccc2Cl)CC1,0
O=c1[nH]c(CN2CCc3ccccc32)nc2scc(-c3cccs3)c12,0
Cc1nn(C)cc1CNC(=O)CCC(=O)O,0
Cc1cc(C)nc(NC2=NCC(=O)N2c2ccc(F)c(Cl)c2)n1,0
Cc1c(S(=O)(=O)Nc2cccc(Cl)c2)c(=O)n(C)c(=O)n1C,0
Cc1ccc(S(=O)(=O)c2c(N)n(CC3CCOC3)c3nc4ccccc4nc23)cc1,0
CC1Oc2ccccc2N(CC(=O)NCC2CCCO2)C1=O,0
COC(=O)c1ccc(Cl)c(NC(C)=O)c1,0
COCCCn1c(SCC(=O)N2CCCCC2C)nnc1-c1ccco1,0
Cc1noc(C)c1C(=O)Nc1sc2c(c1C(N)=O)CCCCC2,0
Cc1c(C)n(C(=O)CN2CCC(C(N)=O)CC2)c2ccccc12,0
Cc1ccc(S(=O)(=O)N2CCC(C(=O)Nc3ccc4c(c3)COC4=O)CC2)cc1,0
O=C(Nn1cnnc1)c1cc(-c2ccccn2)nc2ccccc12,0
O=N/C=C1/C=CC(C(=O)NCC2CCCO2)=CN1,0
CCCCOc1ccccc1-c1cc(C(=O)O)[nH]n1,0
COc1ccc(-c2nnc(SC)n2C)cc1,0
Cc1ccc(C)c(C(=O)n2cnnc2N)c1,0
O=C(Cn1c(=O)oc2ccccc21)NC(=O)NCc1ccco1,0
CCOC(=O)N1CCN(C(=O)CSc2nnc(-c3ccc(C(C)(C)C)cc3)o2)CC1,0
COc1cc(Nc2cc(C)nc3nc(C)nn23)cc(OC)c1OC,0
Cc1c(Cl)cccc1NC(=O)c1cc(C2CC2)on1,0
Cc1ccc2nsnc2c1S(=O)(=O)NCc1ccncc1,0
O=C(Cn1cc2c(n1)CCCC2)NCc1cccs1,0
C=CCSc1nnc(-c2cccnc2)o1,0
c1ccc(-c2nnc(CSc3nnc(-c4cccs4)o3)o2)cc1,0
CN(CC(=O)NC1CCCCC1)S(=O)(=O)c1cccc2nsnc12,0
CC1=C(C(=O)Nc2ccccc2)C(c2ccc(C)o2)N2C(=O)CSC2=N1,0
Cc1ccc2nc(NC(=O)C3CCCN(S(=O)(=O)c4cnc[nH]4)C3)sc2c1,0
O=C(Nc1ccon1)c1sc2cc(F)ccc2c1Cl,0
Cn1c(SCC(=O)NC2CCCC2)nnc1-c1ccc(S(=O)(=O)N2CCOCC2)cc1,0
COc1ccc(Cl)cc1NC(=O)CN(c1ccccc1)S(=O)(=O)N(C)C,0
COc1cccc(OCc2nnc(SCC(=O)OC3CCCCC3)n2C)c1,0
CCCCc1nc(SCC(=O)Nc2cc(C)on2)n[nH]1,0
O=C(COc1ccc(=O)n(-c2ccccc2)n1)Nc1ccccc1,0
Cc1cc(NC2C3CC4CC(C3)CC2C4)n2nnnc2n1,0
O=C(O)CCn1c(-c2ccccc2)cc2c1CCCC2=O,0
CNc1nc(SCc2ccccc2)nc(N2CCOCC2)n1,0
CCc1nnc(NC(=O)c2ccc(N3C(=O)CCC3=O)cc2)s1,0
CCc1nnc(NC(=O)c2ccc(OC)cc2OC)s1,0
Cc1occc1-c1nnc2sc(-c3ccc(-c4ccc(Cl)cc4)o3)nn12,0
C=CCc1cccc2cc(C(=O)NCc3cccnc3)c(=O)oc12,0
O=C(Nc1ccc2c(c1)OCO2)C(c1ccc(Cl)cc1)N1CCC2(CC1)OCCO2,0
Cc1ccc(-c2cc(C(=O)NCCN3CCOCC3)no2)cc1,0
COc1ccccc1N1CCN(C(=O)CSc2nnc(NC(=O)C3CC3)s2)CC1,0
COCC(=O)Nc1ccc(S(=O)(=O)NCCc2ccccc2)cc1,0
CCn1cc(C2=NOC(C(=O)Nc3cccc(C(C)=O)c3)C2)c(C)n1,0
Cn1c(SCC(=O)N2CCCC2)nc2ccccc2c1=O,0
Cc1cc(NC(=O)c2ocnc2C)no1,0
CCOC(=O)Cc1csc(NC(=O)CSc2ncnc3c2cnn3-c2ccc(OC)cc2)n1,0
COc1cccc(-c2nnc(SCC(=O)N3CCOCC3)o2)c1,0
O=C(Nc1ccccc1C(=O)NCc1ccco1)NC1CCCCC1,0
COc1ccc(C2(O)CC3CCC(C2)N3c2nc(C)cc(C)c2C#N)cc1,0
Cc1nc2ccccc2c2nc(NC(=O)Cc3ccccc3)nn12,0
COCCCNC(=O)Cn1ncc2c(=O)oc3ccccc3c21,0
Cc1cccc(NC(=O)CSc2nnc(-c3ccc(S(=O)(=O)N4CCOCC4)cc3)n2C)c1,0
Cn1c(SCc2nc3ccccc3n2CCO)nc2ccccc21,0
CCCCNc1nc2ccccc2nc1NS(=O)(=O)c1cccs1,0
O=C(CCCc1ccccc1)NCCN1CCOCC1,0
O=C(c1nc2ncccn2n1)N1CCN(c2ccccc2)CC1,0
Cc1nc2cc(NC(=O)N3c4ccccc4CC3C)ccc2n1C,0
CCN1CCN(Cc2c(C)[nH]c3ccc(OC)cc3c2=O)CC1,0
COC(=O)c1c(N)c(C#N)c2n1CCCCC2,0
CCCc1cn(S(=O)(=O)c2ccc(OC)cc2OC)nc1N,0
CCOCCCNC(=O)C(c1ccc(C)cc1)N(Cc1ccc2c(c1)OCO2)C(=O)CNC(C)=O,0
Cc1cccc(-n2ncc3c(NCCc4ccc(S(N)(=O)=O)cc4)ncnc32)c1,0
O=C(C(NS(=O)(=O)c1cccc2nsnc12)c1ccccc1)N1CCN(c2ccccn2)CC1,0
c1csc(-c2cn3c(n2)SCC3)c1,0
c1ccc(CCNc2ccc3nncn3n2)cc1,0
C=CCN1C(=O)C(O)(CC(=O)c2ccc(N)cc2)c2ccccc21,0
COc1cc(OC)c(NC(=O)CCc2nc(-c3ccc(C)cc3)no2)cc1Cl,0
COc1ccc(OC)c(-n2c(O)cnc2Nc2nc(C)cc(C)n2)c1,0
COc1ccc(OC)c(NC(=O)CSc2nnc(CNC(=O)c3ccco3)o2)c1,0
CC(=O)Nc1cccc(OCC(=O)Nc2ccccc2)c1,0
CC(=O)Nc1ccc(C(=O)CSc2nnc(C)o2)cc1,0
COC(=O)C(NC(=O)c1ccco1)(Nc1nc(C)cs1)C(F)(F)F,0
O=C(Nc1ccc2nsnc2c1)c1cccs1,0
Cc1ccc(-n2c(N)c(C(=O)N3CCCCC3)sc2=S)cc1,0
O=c1c2cc(Cl)ccc2nc2ccc(N3CCCC3)nn12,0
COC(=O)c1ccccc1NC(=O)CN1CCN(C(=O)c2ccco2)CC1,0
Cc1cccc(NC(=O)C2CCCN(S(=O)(=O)c3cccc4nsnc34)C2)n1,0
COC(=O)c1ccc(-n2nnnc2SCC(=O)Nc2cc(OC)ccc2OC)cc1,0
COC(=O)c1c(N)n(-c2cc(OC)cc(OC)c2)c2nc3ccccc3nc12,0
O=C(Cn1nnc(-c2ccccc2NC(=O)c2ccco2)n1)NC1CCCCC1,0
COC(=O)Nc1nnc(CC(=O)Nc2ccccc2C)s1,0
CCCCCn1c(CN2CCCCC2C)nc2c1c(=O)n(C)c(=O)n2C,0
O=C(CCSc1ccccc1)Nc1ncccn1,0
O=S(=O)(c1cccc2nsnc12)N1CCN(c2ncccn2)CC1,0
Cc1cccc(OCc2n[nH]c(=S)o2)c1,0
O=C(Nc1sc2c(c1C(=O)NCc1cccnc1)CCCC2)c1ccco1,0
CCOC(=O)C1=C(C)NC(=O)N(C(C)=O)C1c1ccc(Cl)cc1,0
CC(=O)NC(NC(C)=O)c1ccc(N(C)C)cc1,0
Cn1c(=O)n(CC(=O)NCc2cccnc2)c2ccccc21,0
O=C(c1cnc2sccn2c1=O)N1CCCc2ccccc21,0
COc1ccc(-c2nn(-c3ccccc3)cc2CO)cc1OC,0
CCOc1ccccc1C(=O)NC(C(=O)Nc1ccccc1N1CCOCC1)C(C)C,0
COc1ccc(-c2nnc(SCC(=O)NCc3ccco3)n2C)cc1,0
CC(C)OCC(O)Cn1c(N2CCCC2)nc2c1c(=O)[nH]c(=O)n2C,0
CC(C)c1ccc(N2CC(C(=O)Nc3nccs3)CC2=O)cc1,0
CCn1c(=O)c2cc(S(=O)(=O)NC3CCCCC3)ccc2n(CC)c1=O,0
N#Cc1nc(COc2ccc(-c3ccccc3)cc2)oc1NCCCN1CCOCC1,0
CCOC(=O)N1CCN(C(=O)N2CCOCC2)CC1,0
CS(=O)(=O)N(CC(=O)NCc1ccco1)Cc1ccc(Cl)cc1,0
COc1ccccc1CNC(=O)c1cnc2sccn2c1=O,0
O=C(CSc1nc2ccccc2c(=O)n1-c1ccc(Cl)cc1)c1ccco1,0
Cc1ccc(S(=O)(=O)NC(C)C(=O)Nc2ccc(C(N)=O)cc2)cc1,0
CCC1C2CN(C(C)=O)CC=C2C(C#N)=C(N)C1(C#N)C#N,0
COc1nc(Oc2ccc(=O)[nH]n2)nc(N2CCOCC2)n1,0
Cc1ccc(-n2nnc3c(=O)n(CC(=O)N4CCCC4)cnc32)cc1,0
Cc1nnc(Nc2ccccn2)c2ccccc12,0
CC(=O)Nc1ccc2nc(-c3cccs3)[nH]c2c1,0
O=C(Nc1cccc(-c2nnn(CC(=O)N3CCc4ccccc4C3)n2)c1)C1CCC1,0
N#C/C(=C1\CCCN1)c1nc(=O)c2ccccc2[nH]1,0
N#CCCn1nnc2ccccc21,0
O=c1nc(SCCOc2ccccc2)[nH]c2ccccc12,0
CSc1nc(C)cc(OCC(=O)n2nc(C)cc2C)n1,0
Cn1cnnc1SCC(=O)c1ccc2c(c1)CCCC2,0
CCOCCCNc1nc2c([nH]1)c(=O)n(C)c(=O)n2C,0
CC1(C)CC(=O)C2=C(C1)OC(N)=C(C#N)C2C#Cc1ccccc1,0
O=C(CCCNS(=O)(=O)c1cccc2nsnc12)NCCc1ccccc1,0
O=C(NCc1n[nH]c(=S)n1-c1ccccc1)c1ccco1,0
O=C(c1ccc2c(=O)n(CC3CCCO3)c(=S)[nH]c2c1)N1CCN(c2ccccc2)CC1,0
CCNC(=O)CC1S/C(=N\c2cccc(Cl)c2C)N(C)C1=O,0
NS(=O)(=O)c1ccc(CCNC(=O)CCCC2=NS(=O)(=O)c3ccccc3N2)cc1,0
COc1cc2nc(=S)n3[nH]c(CCn4nc(C)cc4C)nc3c2cc1OC,0
CCOC(=O)c1[nH]c2ccccc2c1/N=C/N(CC)CC,0
COc1ccc(CCNC(=O)Cn2c(=O)oc3ccccc32)cc1OC,0
O=C(NCCCn1ccnc1)Nc1cccc(Cl)c1,0
CCOC(=O)c1sc2ncnc(N3CCN(C(=O)OCC)CC3)c2c1C,0
CCc1nc(N)nc2c1C(=O)CC(C)(C)C2,0
CCn1c(SCC(=O)Nc2nc3ccc(OC)cc3s2)nc2c1c(=O)n(C)c(=O)n2C,0
Cc1ccc(NC(=O)CSc2nnc(Cn3c(=O)sc4ccccc43)n2C)cc1,0
Cc1ccccc1-n1ncc2c(SCC(=O)NCc3cccs3)ncnc21,0
N#Cc1c(NC(=O)CSc2ncn[nH]2)sc2c1CCCCC2,0
Cc1ccc2c(c1)=NC(=O)/C(=C1/N=C(C3CCCCC3)ON1)C=2,0
CCN1C(=O)c2cccc3c(S(=O)(=O)Nc4ccc(OC)cc4OC)ccc1c23,0
CCOc1ccccc1CNC(=O)C1CCN(C(=O)c2sccc2-n2cccc2)CC1,0
Cc1ccc(CNC(=O)CCS(=O)(=O)c2cccc3nonc23)cc1,0
O=C(c1ccco1)N1CCN(c2ncnc3c2cnn3-c2ccccc2)CC1,0
O=C(CSc1nc2ccccc2[nH]1)Nc1ccccc1N1CCOCC1,0
CCc1ccc2nc(NC3=NCN(CCCN4CCOCC4)CN3)nc(C)c2c1,0
COc1ccc2c(c1OC)C(=O)OC2c1c(O)n(-c2ccccc2)c(SC)nc1=O,0
COC(=O)c1ccc(Cn2cnc3c(sc4nc(N5CCOCC5)c5c(c43)CCCC5)c2=O)o1,0
Cc1ccc(C2/C(=C(/O)c3ccc(OC(C)C)cc3)C(=O)C(=O)N2CCN2CCOCC2)cc1,0
O=C(NCCC1=CCCCC1)c1cnccn1,0
Cc1ccc2cc3cc(C(=O)N4CCN(C(=O)c5ccco5)CC4)sc3nc2c1,0
COc1nc(Nc2ccc3c(c2)OCO3)nc(OC)n1,0
CCOC(=O)c1c(N)sc(C(=O)N2CCCC(C(N)=O)C2)c1C,0
O=C(CN1C(=O)C2CC=CCC2C1=O)Nc1nccs1,0
COc1cccc2cc(C(=O)N3CCC(C)CC3)c(=O)oc12,0
CCn1c(-c2ccsc2)nc2c1c(=O)[nH]c(=O)n2Cc1ccccc1,0
Cc1cc(O)ccc1Nc1nc(-c2sc(N)nc2C)cs1,0
CCOC(=O)CSc1nnc(CSc2nc3ccccc3s2)n1C,0
Cn1nnnc1SCC(=O)NCCCc1ccccc1,0
O=c1[nH]c2ccc(Cl)cc2c(-c2ccccc2)c1CN1CCOCC1,0
CC1CCN(C(=O)CSc2nnc(-c3ccco3)o2)CC1,0
COc1ccc(CNC(=O)c2cccc(N3CCCC3=O)c2)cc1,0
CC(C)CNC(=O)c1noc2c1CCCC2,0
O=C(c1csc2ccccc12)N1CCCCCC1,0
Nc1nc(-c2cccnc2)nn1C(=O)Cc1ccccc1,0
CCN(CC)CCCN1C(=O)C(=O)/C(=C(/O)c2ccc3c(c2)OCO3)C1c1ccccn1,0
COc1ccccc1OCc1nc(C#N)c(NCc2ccco2)o1,0
Cc1cccc2cc(CN(CCc3ccccc3)C(=O)N3CCOCC3)c3nnnn3c12,0
Cc1cc(C)nc(SCc2csc(N)n2)n1,0
O=C(O)CCC(=O)N1CCc2cc(S(=O)(=O)NC3CCCC3)ccc21,0
CCCC12CN3CC(CCC)(CN(C1)C3c1ccccn1)C2=O,0
Cc1nc2ccccc2nc1CSc1nncs1,0
O=C(c1ccco1)N1CCN(c2ncnc3c2oc2ccccc23)CC1,0
COc1ccccc1NC(=O)C(C)N1CCN(C/C=C/c2ccccc2)CC1,0
Cc1[nH]nc2c1C(c1ccoc1)C(C#N)=C(N)O2,0
CCOC(=O)N1CCC(Nc2nc3ccccc3n3cnnc23)CC1,0
COc1ccc(C(=O)N(CN2CCCC2=O)c2nccs2)cc1OC,0
CCC(=O)c1cc(-c2nc3ccccc3n2C)n(C)c1,0
COC(=O)CN(C#N)c1nc(OC)nc(N(C)C)n1,0
Cc1cccc(-c2nc(C#N)c(N3CCCCCC3)o2)c1,0
O=S(=O)(CCCc1ccccc1)c1ncn[nH]1,0
CCCS(=O)(=O)c1nnnn1-c1cccc(OC)c1,0
CC(=O)N1CCc2cc(S(=O)(=O)NC3CCCc4ccccc43)ccc21,0
CCOc1ccc(-c2nnn(CC(=O)NCc3cccs3)n2)cc1,0
CC1(C)CC(=O)c2cnc(N3CCc4ccccc4C3)nc2C1,0
O=C(c1ccc(F)cc1)N(Cc1ccccc1)C1CCS(=O)(=O)C1,0
Cc1nc2sc(C(c3cccs3)N3CCN(Cc4ccccc4)CC3)c(O)n2n1,0
CN1C(=O)CC2(CC(=O)N(Cc3ccccc3)C2)C1=O,0
O=S(=O)(c1ccccc1)c1nc(-c2ccco2)oc1NCc1cccnc1,0
CCCSc1nc2n(-c3ccc(Cl)cc3)[nH]cc-2c(=O)n1,0
CCOC(=O)N1CCN(S(=O)(=O)c2ccc(C(=O)Nc3nc4ccccc4s3)cc2)CC1,0
Cc1[nH]c(N2CCN(C(c3ccccc3)c3ccccc3)CC2)nc(=O)c1C,0
Cc1nnc(SCc2ccon2)n1-c1ccccc1,0
Nc1nc(-c2cccnc2)nn1C(=O)COc1ccccc1,0
O=S(=O)(c1cccc(-c2nnco2)c1)N1CCCC1,0
CC1(C)Cc2[nH]c(=O)c(C#N)cc2CS1,0
Cc1nn(-c2ccccc2)c2c1C(c1ccncc1)C(C#N)=C(N)O2,0
CC(=O)c1nc2ccccc2n1S(=O)(=O)c1ccc(Cl)cc1,0
COc1ccc(-n2nnc3c(SCC(=O)N4CCN(c5ccccc5)CC4)ncnc32)cc1,0
CCC(C(=O)N1CCN(c2ccccn2)CC1)n1nc(C)n2c(cc3occc32)c1=O,0
CCOc1ccc(S(=O)(=O)N2CCN(Cc3ccccc3)CC2)c2cccnc12,0
O=C(NC1CCCCC1)N1CCC(n2cnc3ccccc32)CC1,0
Cn1c(=O)c2c(ncn2CCN(CCO)Cc2ccccc2)n(C)c1=O,0
Cc1ccc2c(c1)c(C)c(C)n2CC(O)Cn1nnc2ccccc21,0
CCNc1nc(N2CCOCC2)nc(N(c2ccccc2)c2ccccc2)n1,0
O=C(CCN1C(=O)C2C3C=CC(C3)C2C1=O)NCc1cccnc1,0
O=C(CSc1nnnn1C1CC2CCC1C2)Nc1ccnc2ccccc12,0
CC(C)c1nc(SCC(=O)N2CCOCC2)c2c(=O)n(C)c(=O)n(C)c2n1,0
CCCn1c(SCC(=O)Nc2nccs2)nnc1-c1cccnc1,0
Cn1c(C(=O)NCc2cccnc2)cc2sc(Cl)cc21,0
CCOC(=O)c1cccc(NC(=O)CSc2nc3cccnc3n2C)c1,0
C=CCn1c(=O)c2ccccc2n2c(SCc3cc(=O)n4ccsc4n3)nnc12,0
CC1(C)Cc2c(sc3c2c(=O)n(Cc2ccccc2)c2nncn32)CO1,0
O=C(CCNS(=O)(=O)c1ccc2c(c1)CCC(=O)N2)Nc1ccc2c(c1)OCCO2,0
O=C(c1cc2ccccc2o1)N1CCN(c2ccccc2Cl)CC1,0
COc1cccc(C2=CC(c3ccc(N(C)C)cc3)N3NC=NC3=N2)c1,0
O=C(CSc1nnc(CSc2nc3ccccc3s2)o1)NC1CCCCC1,0
COc1nc2ccc(C)cc2cc1-c1noc(-c2cccnc2)n1,0
CCCOc1ccc(Cn2c(=O)oc3ccc(C)cc32)cc1OC,0
c1ccc(-c2cc3c(-n4cccc4)ncnc3o2)cc1,0
O=C1CCC(Cc2ccccc2)N1,0
c1cncc(-c2nnc(SCc3cccc4ccccc34)o2)c1,0
CC1CN(CCc2ccccc2)c2nc3c(c(=O)[nH]c(=O)n3C)n2C1,0
COc1ccc(OC)c(NC(=O)c2c(NC(=O)c3ccco3)sc3c2CCC3)c1,0
Cn1c(=O)c2c(ncn2Cc2cccc(Cl)c2)n(C)c1=O,0
C/C=C/Cn1c(N2CCCCCC2)nc2c1c(=O)[nH]c(=O)n2C,0
O=C(O)CCSc1nnc(-c2ccccc2)n1-c1ccccc1,0
O=C(CCn1nc(-c2ccc(Cl)cc2)ccc1=O)N1CCOCC1,0
Cc1noc(C)c1CSc1nnc2scc(-c3ccc(Cl)cc3)n12,0
O=C(CCCSc1nc2ccccc2[nH]1)N1CCN(c2ccccc2)CC1,0
O=C(Nc1cccnc1)c1c(O)n2c3c(cccc3c1=O)CC2,0
COc1cc(C)c(C(C)C)cc1S(=O)(=O)NCCCn1ccnc1,0
CCOCCCNC(=O)CCNC(=O)c1cc(OC)c(OC)c(OC)c1,0
COc1cccc(C2CC(=O)NC(SC)=C2C#N)c1,0
CN(c1ccc(C(=O)O)cc1)S(=O)(=O)c1ccc(Cl)cc1,0
Cc1cc2nc(NC3=NCN(Cc4ccc5c(c4)OCO5)CN3)nc(C)c2cc1C,0
Cc1cc(C)nc(SC(C)C(=O)Nc2ccc(S(N)(=O)=O)cc2)n1,0
Cc1ccc(CSC2=NCCN2C(=O)c2ccco2)cc1,0
CCOC(=O)N1CCN(C(=O)c2ccc(C#CC3(O)CCCCC3)cc2)CC1,0
CC(=O)c1cc2c(cc1NC(=O)CCCC(=O)O)OCO2,0
Cc1nn2cc(-c3ccccc3)nc2s1,0
CC(=O)c1cc2c(cc1NC(=O)CSc1nnc(C)s1)OCO2,0
NC(=O)c1c(NC(=O)CN2CCCC2)sc2c1CCCC2,0
O=C(Cn1cnc2c(cnn2-c2ccc(F)cc2)c1=O)NCC1CCCO1,0
Cc1nonc1NC(=O)CSc1nc(C2CCCCC2)nc2ccccc12,0
Cc1cc(Cl)ccc1OCC(=O)Nn1c(C)ccc1C,0
O=S(=O)(NCc1ccccc1)c1cccc2nonc12,0
Cc1ccc(NC(=O)CSc2nnc(Cn3cnc4ccccc43)o2)cc1,0
O=C(CSc1nnc(-c2ccncc2)o1)Oc1ccccc1,0
Cc1ccc(-c2nc(CS(=O)CC(=O)NCc3ccc(Cl)cc3)c(C)o2)cc1,0
COc1ccc(NS(=O)(=O)c2cccc(-c3nnc4n3CCCCC4)c2)cc1,0
CSc1nc2nc(-c3ccccc3)cc(C(F)(F)F)n2n1,0
CC1(C)CC(=O)C2=C(C1)N(c1ccccc1)C(N)=C(C#N)C2c1cccnc1,0
Cc1onc(-c2ccccc2Cl)c1C(=O)NCc1cccs1,0
COCCNC(=O)C(c1ccc(C)cc1)N(C(=O)CCC(=O)Nc1ccccn1)C1CCCC1,0
COc1ccc(Nc2nc(-c3sc(N)nc3C)cs2)cc1,0
Cc1cc(C)n(CC(=O)n2c3c(c4ccccc42)CCCC3)n1,0
CCOc1ccc(NC(=O)CN2CCN(S(=O)(=O)c3ccc(Cl)cc3)CC2)cc1,0
CC1CCC(NC(=O)C2c3ccccc3C(=O)N2CCCN2CCOCC2)CC1,0
Cc1ccc(S(=O)(=O)N(C)CCCC(=O)N2CCOCC2)cc1,0
CN(C)CCNc1nc2c(c(=O)[nH]c(=O)n2C)n1CCCc1ccccc1,0
O=C(CC1Oc2ccccc2NC1=O)NCCCN1CCCC1=O,0
COCCCn1/c(=N/C(=O)c2ccncc2)c(C#N)cc2c(=O)n3cccc(C)c3nc21,0
CCOC(=O)c1snc(C(=O)NC2CCCCC2)c1N,0
CCCNc1nc2c(c(=O)n(C)c(=O)n2C)n1CCc1ccccc1,0
Cc1ccc(Cn2c(CN3CC(C)OC(C)C3)nc3c2c(=O)[nH]c(=O)n3C)cc1,0
O=C1NC(=O)N(Cc2ccccc2)C(=O)/C1=C\NCCCO,0
Cc1ccc(S(=O)(=O)CCc2nc3ccccc3n2CCC#N)cc1,0
COC(=O)/C=C(\C)NC(=O)c1cccs1,0
O=C(O)CC(C(=O)NC1CCCCC1)C1CCCO1,0
O=C(C1CC1)N1CCc2cc(S(=O)(=O)NCCC3=CCCCC3)ccc21,0
CCOC(=O)C1CCN(C(=O)NC23CC4CC(CC(C4)C2)C3)CC1,0
Cc1[nH]c(SC(C)C)nc(=O)c1Cc1ccccc1,0
COc1cc(NC(=O)C2COc3ccccc3O2)c(OC)cc1Cl,0
CCCCC(=O)Nc1ccc(C(=O)N2CCCC(C(=O)OCC)C2)cc1,0
COc1ccc(NC(=O)COc2nc(N(C)C)nc(N(C)C)n2)cc1,0
CCCc1nc2oc3c(N4CCNCC4)ncnc3c2c2c1CCCC2,0
CCC(CC)C(=O)Nc1c2c(nn1-c1ccc(OC)cc1)CS(=O)C2,0
O=C(c1ccc(F)cc1)N1CCCCC(Sc2nnc3ccccn23)C1=O,0
Cc1cccc(-n2c(CN3C(=O)c4ccccc4C3=O)nc3ccccc3c2=O)n1,0
CC1CCCC(C)N1C(=O)CSc1nc2ncnc(N)c2[nH]1,0
O=C(Nn1cnnc1)c1cc2c(s1)CCCCC2,0
CC1(C)CNC(=O)c2sc(N3CCCCC3)nc2C1,0
COc1cccc(CNC(=O)C2CCN(Cc3cnn(-c4ccccc4)c3-n3cccc3)CC2)c1,0
O=C(CSc1nc2ccc(Cl)cc2[nH]1)NCc1ccco1,0
O=C(NCN1CCN(c2ccccn2)CC1)c1cnccn1,0
O=C1CC(NCc2ccncc2)C(=O)N1c1ccccc1,0
CCNc1nc(OC)nc(Oc2ccc(=O)n(-c3ccccc3)n2)n1,0
O=C(CN(c1ccc2c(c1)OCCO2)S(=O)(=O)c1ccccc1)NCC1CCCO1,0
CCN(CC)CCNC(=O)c1nn(-c2ccc(C)cc2)c(=O)c2c1c1ccccc1n2C,0
COc1ccccc1NC(=O)C1=C(C)NC(SCC(=O)c2ccc(C)cc2)=C(C#N)C1c1ccco1,0
CCCn1c(NCc2ccc(N(C)C)cc2)nc2ccccc21,0
CC(C)CN(C#N)c1nc(N2CCOCC2)nc(N2CCOCC2)n1,0
CN(CC(CC(=O)Nc1nncs1)c1ccccc1)S(=O)(=O)c1ccccc1,0
Cc1ccc(C(=O)Nc2ncc(Cc3ccccc3)s2)o1,0
Cc1nc2nc(CSc3nc4ccccc4s3)cc(=O)n2[nH]1,0
C=CCn1c(Cc2c[nH]c3ccccc23)n[nH]c1=S,0
CCOC(=O)c1c(-c2ccccc2)csc1NC(=O)CSc1nnnn1C,0
CCn1c2c(c3ccc(OC)cc31)CCCC2=O,0
CCc1ccc(Nc2nc(N)nc(CSc3nnnn3-c3ccccc3)n2)cc1,0
CCCNC(=O)N1CCN(c2nc(C(C)C)c3c(c2C#N)CC(C)(C)OC3)CC1,0
CC1CCCCN1C(=O)C12CCC(C)(/C(=N/O)C1)C2(C)C,0
COc1cccc(-n2cnc3scc(-c4cccs4)c3c2=O)c1,0
CCC1CCCCN1C1=N/C(=C2\C=CC=C(OC)C2=O)Nc2ccccc21,0
Cc1cc(C)nc(N(C#N)CN2C(=O)c3ccccc3S2(=O)=O)n1,0
CCc1ccc(N2CC(C(=O)NC3=NCCS3)CC2=O)cc1,0
CCN1C(=O)c2cccc3c(S(=O)(=O)Nc4ncccc4C)ccc1c23,0
CCCc1nc(N)c(C#N)c(N)c1C#N,0
O=C(c1cccnc1NCc1ccccc1)N1CCOCC1,0
COc1ccc(CCn2c(-n3nc(C)cc3C)nc3c2c(=O)[nH]c(=O)n3C)cc1,0
O=C(CCC1CCCC1)NCCCN1CCOCC1,0
COCCn1nnnc1C(c1cccs1)N1CCN(c2ccccc2)CC1,0
Nc1nc(-n2cnnc2)nn1-c1ccccc1,0
Fc1cccc(-n2c(-c3ccco3)nc3nc4ccccc4nc32)c1,0
CC1(C)Cc2c(c(N3CCOCC3)nc3sc(C#N)c(N)c23)CS1,0
CCN(CC)C(=O)CN(C#N)c1nc(NC(C)C)nc(NC(C)C)n1,0
COc1ccc(-c2nc(C#N)c(N3CCN(c4cccc(Cl)c4)CC3)o2)cc1OC,0
N#Cc1ccc(Oc2ccc(C(N)=O)cc2)cc1C#N,0
Cc1ccccc1N(CC(=O)NCCSCc1ccco1)S(C)(=O)=O,0
O=C(NCCN1CCOCC1)c1cccc(Cl)c1,0
Cc1ccc(Nc2nc(N)nc(CN3CCCCCC3)n2)c(C)c1,0
CC(C)NC(=O)CCCc1ccccc1,0
CCCC(=O)Nc1ccc(Cl)c(NC(=O)c2ccco2)c1,0
Nc1nonc1-c1nc2ccccc2n1CCC(=O)O,0
O=c1c2c3c(sc2nc2sc(CN4CCOCC4)cn12)CCCC3,0
CC(C)C1Cc2c(sc3c2c(=O)n(Cc2ccccc2)c2nncn32)CO1,0
Cc1cc(N2C(=O)CC(N3CCC(n4c(=O)[nH]c5ccccc54)CC3)C2=O)no1,0
Cc1cc(C)c(NC(=O)CN2C(=O)NC3(CCCCC3)C2=O)c(Cl)c1,0
CC(=O)c1c(N)nc2n(c1=O)CCCCC2,0
CCc1nnc(NC(=O)Cn2nc(-c3ccccc3OC)ccc2=O)s1,0
CCCC[n+]1cc(/N=C(\[O-])OC)on1,0
Cc1sc(NC(=O)c2ccccc2)c(C(=O)N2CCN(C)CC2)c1C,0
CCOC(=O)c1nnn(-c2nonc2N)c1-c1cccs1,1
CSc1nnc(-c2cnccn2)n1CCCN1CCCC1=O,0
CCCn1c(CCC(=O)O)ccc1-c1ccc(OC)cc1,0
CCOc1ccccc1Nc1nc(=O)c(C)n[nH]1,0
CN(Cc1cc2ccccc2[nH]c1=O)S(=O)(=O)c1ccccc1,0
Cc1cccc(C2Nc3ccccc3C(=O)N2CCc2ccccc2)n1,0
COc1cc(NC(=O)c2csc3c2CCCC3)ncn1,0
Cc1nn(CC(N)=O)c(=O)c2ccccc12,0
CSc1nc2nc3c(c-2c2nn[nH]n12)CCCC3,0
Cc1ccc(NC(=O)c2c(O)n(C)c3ccccc3c2=O)nc1,0
Cc1cc(NC(=O)CSc2n[nH]c(CC(C)C)n2)no1,0
Cc1nc(NC(=O)CN2CCOCC2)sc1-c1ccccc1,0
CCOCCCNc1ccc(-c2ccccc2)nn1,0
Cc1nc2sc(-c3ccccc3)cc2c(=O)n1-n1cccc1,0
Cc1ccc2nc(SCC(=O)NCC3CCCO3)c(C#N)cc2c1,0
CN(C)C(=O)N1CCCC(C(=O)NCc2ccccc2)C1,0
O=C(Cc1c[nH]c2ccccc12)NCc1ccc2c(c1)OCO2,0
Cc1cccc(Nc2nc(NC(C)C)nc(Oc3ccc(=O)n(C)n3)n2)c1,0
COc1ccc(NC(=O)N2CCCC(c3nc(-c4ccc(C(C)C)cc4)no3)C2)cc1,0
CC(=O)c1c(C)[nH]c(C(=O)N2CCc3ccccc32)c1C,0
NS(=O)(=O)c1ccc(CCNC(=O)C2CCCN(S(=O)(=O)c3cccnc3)C2)cc1,0
O=C(CSc1nnnn1C1CCCC1)c1ccc2c(c1)OCCO2,0
O=C(CCSc1nnc(-c2ccncc2)o1)Nc1ccc(F)cc1,0
Cc1cc(C)nc(N2CCCC(C(=O)Nc3ccc4nc(C)c(C)nc4c3)C2)n1,0
CCCc1nnc(NC(=O)Cn2c(=O)oc3ccccc32)s1,0
O=C(NC1=NCCS1)c1ccc(OCC2CCCO2)cc1,0
Cc1nc2ncnn2c(C)c1CCC(=O)N1CCN(C(=O)c2ccco2)CC1,0
CC(OC(=O)c1ccncc1)C(=O)Nc1cccc(Cl)c1,1
Cn1nc(C(=O)NCc2cccnc2)c2ccccc2c1=O,0
CN(C)S(=O)(=O)c1cc(C(=O)NCCCn2ccc3ccccc32)ccc1Cl,0
O=C(NCc1ccncc1)Nc1ccccc1Cl,0
Cc1nnc(NC2=NCCC2)o1,0
COc1ccc(CNC(=O)C2CCN(c3nccs3)CC2)cc1,0
CC(C)CCn1c(SCc2ccc(Cl)cc2)nc2c1c(=O)[nH]c(=O)n2C,0
COC(=O)c1ccc(OCc2nc(N)nc(N3CCOCC3)n2)cc1,0
Cc1c(-c2ccccc2)sc(N)c1C(=O)N1CCOCC1,0
COc1ccc(C(CNC(=O)c2cccnc2SC)N2CCOCC2)cc1,0
COCCCNC(=O)C1CCN(S(=O)(=O)N(CC(C)C)CC(C)C)CC1,0
c1ccc(-c2nc3ccccc3c3nncn23)cc1,0
CCn1c(SCC(=O)N2CCOCC2)nnc1-c1cccs1,0
NC(=O)C1CCN(C(=O)c2cc3ccccn3n2)CC1,0
N#CC(C(=O)NC1CC1)c1nc2ccccc2nc1N1CCN(C/C=C/c2ccccc2)CC1,0
Cc1cc(C)n(-c2nc(=O)c(C)n[nH]2)n1,0
CCOc1c2c(nc3ccc(Cl)cc13)CCC2,0
Cc1nn(-c2ccccc2)c2sc(C(=O)N3CCCCC3)cc12,0
CC(C)OCCCNc1ncnc2c1cnn2-c1ccccc1,0
COc1ccc(OC)c(-c2cc(C(=O)NCCCn3ccnc3)no2)c1,0
C=CCn1cnc2c(NCc3ccccc3)ncnc21,0
CCN(CC)C(=O)CSC1=C(C#N)C(c2ccco2)C(C(=O)OCCOC)=C(C)N1,0
COc1ccc(-c2noc(CCCC(=O)NCCc3ccccc3)n2)cc1OC,0
C=CCn1c(SCC(=O)OC)nc2sc3c(c2c1=O)CCN(C)C3,0
O=C(Cn1cnc2c(nnn2-c2ccccc2)c1=O)N1CCC(Cc2ccccc2)CC1,0
CCOc1ccc(NC(=O)Cn2nnc(-c3ccccc3F)n2)cc1,0
C=C(C)c1cccc(C(C)(C)NC(=O)Nc2ncccn2)c1,0
O=S1(=O)N=C2CCCN2C(c2ccc(F)cc2)N1,0
CCCc1nc(SCC(=O)N2CCc3ccccc32)c2c(=O)n(C)c(=O)n(C)c2n1,0
Cc1ccc(N(CC(=O)NCc2cccnc2)S(C)(=O)=O)cc1C,0
CC(C)(C)n1nnnc1C(c1cc2cc3c(cc2[nH]c1=O)OCCO3)N1CCSCC1,0
CS(=O)(=O)N(CC(=O)Nc1ccc2c(c1)OCO2)Cc1ccccc1,0
O=C(CC1NCCNC1=O)OCc1ccccc1,0
Cc1cccc(C)c1NC(=O)CSc1nnc(-c2ccco2)n1N,0
C=C(C)COC1=CC(=O)/C(=C2/NNC=C2c2ccc(OC)c(OC)c2)C=C1,0
COCCn1c(SCC(=O)NCc2ccco2)nc2cccnc21,0
CC(C)(C)c1ccccc1OCC(=O)Nc1ncn[nH]1,0
CCn1c(SCCC(=O)Nc2ccccc2)nnc1-c1ccc(OC)cc1,0
Cc1ccc(/C=N/n2c(C)nnc2C)cc1,0
Cc1nnc(SCCn2c(N(C)Cc3ccccc3)nc3c2c(=O)[nH]c(=O)n3C)s1,0
CCCCc1ccc(-c2nc(-c3ccncc3)no2)cc1,0
CCc1ccc(C(=O)Nc2ccc(S(=O)(=O)Nc3nc(C)cc(C)n3)cc2)o1,0
CCOc1ccc(Cn2nnc(C(=O)Nc3ccc(OC)cc3OC)c2N)cc1,0
Cc1cc(NC(=O)CSc2nc3ccsc3c(=O)n2CCCCC(=O)O)no1,0
Cn1c(=O)[nH]c(=O)c2c1nc(N1CCCCC1)n2CCSc1ncccn1,0
CCN1c2ccccc2NC2C1C(C(C)=O)C(=O)N2c1ccc(Cl)cc1,0
Cc1nnc(SC(C)C(=O)NCC2CCCO2)n1-c1ccccc1,0
CCn1c(N2CCC(Cc3ccccc3)CC2)nc2c1c(=O)[nH]c(=O)n2C,0
CCCCCCC(=O)Nc1ccc(Cl)cn1,0
Cc1c2c(nc3c(C(=O)NC4CCCC4)cnn13)CCCC2,0
CCn1ncc(C2=NOC(C(=O)Nc3c(C)n(C)n(-c4ccccc4)c3=O)C2)c1C,0
O=C(NC1CCCC1)C(c1ccc(Cl)cc1)N1CCOCC1,0
Cc1nnc(Sc2nc3c(c(=O)[nH]c(=O)n3C)n2Cc2ccccc2)s1,0
CN(c1nc2c(c(=O)n(C)c(=O)n2C)n1CC(=O)c1ccccc1)C1CCCCC1,0
CCNc1nc(OC)nc(SCC(N)=O)n1,0
O=C(CN1C(=O)c2ccccc2S1(=O)=O)NC1CCCCCC1,0
Cc1nc2ccccc2c(=O)n1-n1cnnc1,0
CCOc1ccc(S(=O)(=O)N(CC(=O)N2CCc3ccccc32)Cc2ccco2)cc1,0
Cc1cc(C)nc(-n2nc(C)c(C3(O)C(=O)Nc4ccccc43)c2N)n1,0
Cc1cc(C(=O)CN2C(=O)C3CC=CCC3C2=O)c(C)n1-c1ccccc1,0
N#Cc1c(N)nc(SCC(=O)NCc2ccc3c(c2)OCO3)c(C#N)c1-c1cccs1,0
Cc1c(NC(=O)NCc2ccccc2)c(=O)n(-c2ccccc2)n1C,0
COc1ccc(CCNc2nnc(Sc3nnnn3-c3ccccc3)s2)cc1OC,0
Cc1ccc(C2CC(=O)NC(SCCC(C)C)=C2C#N)cc1,0
c1cncc(Nc2nc(-c3cccnc3)cs2)c1,0
Cc1ccccc1C(NC(N)=O)c1ccccc1,0
CCNc1nc(Oc2ccc(=O)[nH]n2)nc(SC)n1,0
O=S(=O)(Nc1ccccc1Cl)c1ccc(F)cc1,0
O=C(c1sc2ccccc2c1Cl)N1CCC2(CC1)OCCO2,0
COC(=O)c1cc(Nc2ncnc3c2cnn3-c2ccccc2)cc(C(=O)OC)c1,0
CCc1nnc(NC(=O)CCN2C(=O)CCC2=O)s1,0
CCCn1nnnc1SCC(=O)N(C(C)C)C(C)C,0
CCOc1nc(-c2ccccc2)ccc1-c1noc(COC)n1,0
COc1cccc(OC)c1C(=O)Nc1ccccc1N1CCCC1,0
CCOc1ccc(CCNS(=O)(=O)c2c(C)n[nH]c2C)cc1OCC,0
O=C(NCCCN1CCCC1=O)Nc1ccc(Cl)cc1,0
O=C1NCCCc2c1no[n+]2[O-],0
COCc1nnc(NS(=O)(=O)c2ccc(C)cc2)s1,0
CCOC(=O)c1cc(C#N)c(NCc2ccccc2)nc1C,0
CCn1c(SCc2ccccc2)nnc1-c1cccs1,0
COc1ccc(S(=O)(=O)N(C)CC(=O)NC2CCCC2)cc1Cl,0
O=C(CCn1c(=S)[nH]c2ccccc2c1=O)NCC1CCCO1,0
CS(=O)(=O)N(CCc1ccccc1)CC(=O)NCc1ccccn1,0
O=C(CSc1ccc2nnc(-c3cccc(F)c3)n2n1)NCc1ccco1,0
O=C(c1ccco1)N1CCN(C(=O)c2cc3c(=O)oc4ccccc4c3s2)CC1,0
CCOC(=O)c1[nH]c2ccc(F)cc2c1NC(=O)CN1CCN(C/C=C/c2ccccc2)CC1,0
COCc1cc(C)nc(Nc2ccc(C)c(C)c2)c1C#N,0
CCOC(=O)N1CC=C2C(C#N)=C(N)C(C#N)(C#N)C(c3cccs3)C2C1,0
COc1ccc(C2C3=C(OC(C)=O)c4ccccc4C3=Nc3c2c(=O)n(C)c(=O)n3C)cc1,0
O=C(NCc1ccc(Cl)cc1)c1cc(-c2cccs2)on1,0
CCOC(=O)c1oc2ccc(CNCCO)c(Cl)c2c1C,0
CCS(=O)(=O)c1ccc2oc(SCC(=O)NCCC3=CCCCC3)nc2c1,0
Cc1cc(=O)oc(C)c1C(=O)Nc1cccc2nonc12,0
O=S(=O)(NCc1csc(-c2cccnc2)n1)c1ccc2c(c1)OCCO2,0
CN1CCN(Cc2nc3c([nH]2)c(=O)[nH]c(=O)n3C)CC1,0
CCOC(=O)c1ccc(NC(=O)CSc2nccn2C)cc1,0
O=C(Nc1nncs1)c1cccc(S(=O)(=O)N2CCCC2)c1,0
COc1cc(C)nc(N2CCC(C(N)=O)CC2)n1,0
CNC(=O)C1CC(=O)N(Cc2ccccc2)/C(=N/c2ccc(OC)cc2)S1,0
CCOC(=O)CSc1nc2cccnc2n1-c1ccc(F)cc1,0
Cc1cc(C(=O)NC(C)c2ccncc2)no1,0
CCCS(=O)(=O)N1CCCC(C(=O)N2CCN(c3ccccn3)CC2)C1,0
CC(=O)Oc1oc(-c2ccccc2)nc1/C=N/c1ccccn1,0
Cc1nc(SCC(=O)Nc2ccc(C)c(F)c2)c2oc3ccccc3c2n1,0
Cc1cccc(NC(=O)c2cnc3sccn3c2=O)n1,0
CC(=O)Nc1cc(NC(=O)CCCC(=O)O)ccc1Cl,0
CCOC(=O)c1sc(NC(=O)c2cc3c(C)nn(-c4ccccc4)c3s2)nc1C,0
O=C(CSc1nc(=O)cc(O)n1-c1ccccc1)N1CCCCC1,0
Cc1nnc(SCC(=O)Nc2ccccc2N2CCOCC2)s1,0
COC(=O)C1=CNC=C(C(=O)OC)C1c1ccccc1Cl,0
O=C(Nc1ccc2c(c1)nc1n2CCOC1)c1ccccc1,0
Cc1cccc(-c2nc(CSCC(=O)N3CCN(c4ccccn4)CC3)c(C)o2)c1,0
COCCCNc1nc2c(c(=O)[nH]c(=O)n2C)n1CCCc1ccccc1,0
CCOc1ncccc1C(=O)Nc1ccccc1C(=O)NCc1ccc2c(c1)OCO2,0
CCOC(=O)C1=C(C)NC(=O)C(C#N)C1c1ccco1,0
CC(=O)c1cccc(NC(=O)N2CCC(c3nnc(SCC(N)=O)n3C)CC2)c1,0
N#Cc1nc(COc2ccc(Cl)cc2)oc1N1CCN(Cc2ccccc2)CC1,0
CCCCOc1ccc(C2C3CN(C(=O)OCC)CC=C3C(C#N)=C(N)C2(C#N)C#N)cc1OC,0
CC1CCCC(NC(=O)CN(C)S(=O)(=O)c2cccc3cccnc23)C1C,0
Cc1nnc(Sc2nc3c(c(=O)[nH]c(=O)n3C)n2CCCc2ccccc2)s1,0
CN(C)c1nc(-c2ccccc2)c2cnn(Cc3ccccc3)c2n1,0
COC(=O)c1ccc(Cl)c(NC(=O)CSc2ncn[nH]2)c1,0
CCCS(=O)(=O)N1CCCC(C(=O)NCCN(CC)CC)C1,0
c1ccc(-c2nc(-n3ccnc3)nc(-n3ccnc3)n2)cc1,0
Cc1ccc(NC(=O)CCn2cccc2)cc1Cl,0
CN(Cc1ccccc1)c1nc2c(c(=O)[nH]c(=O)n2C)n1CCSc1nc2ccccc2[nH]1,0
CN1CCc2c(sc(/N=C/c3cccs3)c2C(N)=O)C1,0
CC(=O)NCCn1c(SCC(=O)c2ccccc2)nc2ccccc2c1=O,0
CSc1nc2ccccc2n1CC(=O)Nc1ccc(C)c(C)c1,0
Cn1nc(-c2ccc(Cl)cc2)c2cc(C(=O)NCc3ccco3)sc21,0
O=C(Nc1cccc(-c2cn3cccnc3n2)c1)c1ccco1,0
CCC(C)c1ccc(O)c(NC(=O)c2ncn[nH]2)c1,0
Cc1cccc(OCc2nnc(SCc3nc(=O)c4ccccc4[nH]3)o2)c1,0
Cc1nonc1NC(=O)c1ccc(Cl)c(S(=O)(=O)N2CCCCC2)c1,0
O=C(Nc1ccccc1N1CCN(C(=O)c2ccccc2)CC1)c1cc2ccccc2o1,0
CCOC(=O)C1CCN(Cc2cnc(NC(=O)OC)s2)CC1,0
CCCCC(NS(=O)(=O)c1ccc(OC)cc1)C(=O)O,0
Cn1c(=O)[nH]c(=O)c2[nH]c(CN3CCN(Cc4ccccc4)CC3)nc21,0
COc1ccc(C2CC(=O)C(=CNCCN3CCNCC3)C(=O)C2)cc1OC,0
CCOC(=O)c1c(C)nn(Cc2cccc(Cl)c2)c1N,0
Clc1ccc(-c2nn3c(-c4ccccc4)nnc3s2)cc1,0
CC1(C(=O)CSc2nc3ccccc3[nH]2)CCC(=O)O1,0
CC(C)Cn1c(-c2ccc(F)cc2)n[nH]c1=S,0
C=CCSc1n[nH]c(-c2ccc(OCCC)cc2)n1,0
CCOC(=O)c1ccc(N2C(=O)c3n[nH]c(C)c3C2c2ccco2)cc1,0
O=C(NCCN1C(=O)C2C3C=CC(C3)C2C1=O)Nc1cccnc1,0
CN(c1ccccc1)S(=O)(=O)c1cc(C(=O)N2CCN(c3ccccn3)CC2)ccc1Cl,0
COCCNc1nc2c(c(=O)n(C)c(=O)n2C)n1Cc1cccc(C)c1,0
C=CCN1CN(S(=O)(=O)c2cccs2)c2nc3ccccc3nc21,0
CC1(C)CC(=O)C(=CNc2ccc3[nH]ncc3c2)C(=O)C1,1
O=C(NCC1CCS(=O)(=O)C1)Oc1ccccc1,0
CCOC(=O)NC(=O)CSc1nnnn1-c1ccccc1,0
O=C(NC1CCCC1)C1CCCN(S(=O)(=O)c2ccc(-n3cnnn3)cc2)C1,0
CCC(OC(=O)CC1Sc2ccccc2NC1=O)C(=O)NCC1CCCO1,0
CCOC(=O)Cc1csc(NC(=O)c2cccc(N3C(=O)CCC3=O)c2)n1,0
CCOc1cc(-c2noc(CCC(=O)N3CCOCC3)n2)ccc1OC,0
COc1ccc(-c2cc(C(=O)NCc3cccnc3)no2)cc1,0
Cc1nn(-c2ccccc2)c2sc(C(=O)OCC(=O)N3CCCCC3)cc12,0
Cc1ccc(S(=O)(=O)N(C)c2ccc(OCC(=O)OCc3c(C)noc3C)cc2)cc1,0
Cc1oc(-c2ccccc2F)nc1CN1CCC(C(=O)NCc2cccs2)CC1,0
O=C(CSc1nc2c(sc3ccccc32)c(=O)n1Cc1ccco1)NCC1CCCO1,0
CCOc1ccc(OCC)c(NC(=O)CCCN2C(=O)c3cccnc3C2=O)c1,0
Cc1nc(SCC(=O)NCc2ccco2)c2c3c(sc2n1)CCCC3,0
CN(C)CCCN1C(=O)C(O)=C(C(=O)c2cc3ccccc3o2)C1c1ccccn1,0
CC(=O)NCCn1c(SCc2ccccc2F)nc2ccccc2c1=O,0
CCOC(=O)CNC(=O)CSc1ncnc2c1cnn2-c1ccc(C)cc1,0
Cc1ccc(Nc2cc(C)nc3nnnn23)cc1,0
COc1cc2nc(N3CCNCC3)nc(N)c2cc1OC,0
Cc1cc(C(F)(F)F)nc(Nc2nc(C)c3ccccc3n2)n1,0
COc1cccc(OC)c1-c1nnc(-c2cn(C)c3ccccc23)o1,0
CC(C)CCNc1nc(N2CCCC2)c2c(c1C#N)CCN(C)C2,0
O=C(NCc1ccccc1Cl)C1CCN(C(=O)c2sccc2-n2cccc2)CC1,0
Cc1nc2sc(C(c3ccc(Cl)cc3)N3CC(C)OC(C)C3)c(O)n2n1,0
N#CC1=C(N)OC2=C(C(=O)CCC2)C1C1C=CCCC1,0
Cc1noc(/C=C/N(C)C)c1S(=O)(=O)N1CCN(c2ccccc2)CC1,0
Cc1csc(NC(=O)C(Cc2ccccc2)n2cccc2)n1,0
CC(=O)c1ccc(OC(=O)C2CC(=O)N(c3cccc(C)c3)C2)cc1,0
CCOC(=O)N1CCC(NC(=O)C2CCCN(c3nc4ccccc4o3)C2)CC1,0
O=C(NCCc1ccccc1F)C1CSC2c3ccccc3C(=O)N12,0
CN(C(=O)c1ccno1)c1nnc(-c2cccnc2)s1,0
CCc1cc2c(=O)c(-c3nc4ccccc4[nH]3)coc2c(CN2CCC(C)CC2)c1O,0
CCc1ccc(-c2nnn(CCC(=O)OC)n2)cc1,0
Cc1[nH]nc2c1C(c1cccc(OC(=O)N3CCOCC3)c1)C(C#N)=C(N)O2,0
O=C(CC1Oc2ccccc2NC1=O)NCCCN1CCOCC1,0
CCOC(=O)C(C)Sc1nc2c([nH]c3ccccc32)c(=O)n1C,0
Cc1ccc(NC(=O)COC(=O)CCc2c[nH]c(=O)[nH]2)cc1,0
CC1(C)Cc2c(C#N)c(N3CCN(C(=O)c4ccco4)CC3)nc(-c3ccco3)c2CS1,0
CCOC(=O)CCCCC(=O)c1[nH]c(=O)[nH]c1CN1CCOCC1,0
CCOC(=O)c1ccc(NC(=O)Nc2ccn(C)n2)cc1,0
CC(C)N(C(=O)CSc1nnc(NC(=O)C2CCC2)s1)C(C)C,0
COCCn1c(=O)[nH]c2cc(C(=O)NC(C)C)ccc2c1=O,0
O=C(Nc1ccc(F)cc1)N1CCN(c2nc3ccccc3s2)CC1,0
Cc1nc(N2CCN(c3ncccn3)CC2)c2oc3ccccc3c2n1,0
CCN(CC)C(=O)CSc1nnc(-n2nc(C)cc2C)c2ccccc12,0
Cc1cc(NC(=O)COC(=O)c2c(C)nn(-c3ccccc3)c2C)no1,0
Cc1cc(NC(=O)CSc2ncnc3sc4c(c23)CCC(C)C4)no1,0
O=c1c2ccccc2c2ccccc2c(=O)n1Cc1cccnc1,0
CN(Cc1ccccc1)c1nnc(N)s1,0
O=C(CSc1ncn(-c2ccccc2)n1)Nc1ccc2c(c1)OCCO2,0
CCCOc1ccc(-c2nnn(CC(=O)Nc3cccc(C(=O)OC)c3)n2)cc1,0
Cc1ccc(NS(=O)(=O)c2cccc(C(=O)n3ncc(C#N)c3N)c2)c(C)c1,0
Cc1cc(NC(=O)CCN2C(=O)c3ccccc3C2=O)no1,0
CCc1c(C)[nH]c(SCC(=O)N2CCc3ccccc32)nc1=O,0
CC(=O)n1nc(-c2ccco2)nc1SCc1ccccc1,0
O=C(Nc1ccc2c(c1)nc1n2CCSC1)c1ccco1,0
COc1ccc(NC(=O)Cn2nnc(-c3ccccc3F)n2)cc1,0
CCn1c(SCC(=O)Nc2cccc(OC)c2)nnc1-c1ccc(Cl)cc1,0
Cn1ccnc1SCC(=O)Nc1ccc2c(c1)COC2=O,0
Cc1ccc(-c2csc(NC(=O)c3ccno3)n2)cc1,0
COc1ccc(S(=O)(=O)NCC(c2cccnc2)N2CCN(C)CC2)cc1C,0
CCn1c(SCC(=O)Nc2ccc(S(N)(=O)=O)cc2)nnc1-c1cccc(OC)c1,0
O=C(CSc1nnc2ccccn12)NCc1cccs1,0
Cc1ccc(-c2noc(CSc3nc(N)cc(N)n3)n2)cc1,0
COc1cccc(C2CC(=O)Nc3cc4c(cc32)OCCO4)c1OC(C)C,0
O=C(CSc1nnc(NC(=O)c2ccco2)s1)NC1CCCCC1,0
COc1ccc(C(=O)N2CCCC2=O)cc1,0
CCOc1ccc(NC(=O)c2cnc3scc(C)n3c2=O)cc1,0
OCCOCCNc1ncnc2nc[nH]c12,0
CCC(Sc1nc(=O)cc(C)[nH]1)C(=O)Nc1nnc(C)s1,0
O=C(O)c1ccc(Cl)c(S(=O)(=O)N2CCCCCC2)c1,0
CCOC(=O)c1ccc(NS(=O)(=O)c2cc(-c3nnnn3CC)ccc2OC)cc1,0
CSc1ccc(Cl)c(C(=O)NCc2ccco2)c1,0
CCn1ncc(C2=NOC(C(=O)Nc3ccc4c(c3)OCO4)C2)c1C,0
CC1=C(C(=O)OCC2CCCO2)C(c2ccncc2)C2=C(CC(C)(C)CC2=O)N1,0
Cc1nnc(NC(=O)CSc2nnc(Cc3ccccc3)n2Cc2ccccc2)s1,0
Cc1cc(N)c(-n2cc3c(=O)n(C)c(=O)n(C)c3c2)cc1C,0
Cn1cc(Cl)c(C(=O)NC2CCCCCC2)n1,0
COc1ccc(S(=O)(=O)N2CCN(C(=O)c3c(C)nn(-c4ccccc4)c3Cl)CC2)cc1,0
O=C(O)CCc1ccc(-c2ccccc2)n1CC(=O)O,0
O=C(Nn1cnnc1)c1csc2ccccc12,0
Cc1[nH]c(=O)[nH]c(=O)c1S(=O)(=O)N1CCN(c2cccc(Cl)c2)CC1,0
O=C(NCSc1ccncn1)c1ccccc1,0
CN(C)S(=O)(=O)c1ccc(C(=O)N2CCN=C2SCc2cccnc2)cc1,0
CC(=O)Nn1cc2c(=O)n(C)c(=O)n(C)c2c1,0
COc1ccccc1C(=O)NCC(=O)Nc1ccccc1,0
Fc1ccc2[nH]c3c(N4CCN(C5CCCCC5)CC4)ncnc3c2c1,0
Cc1ccc(NC(=O)CC2SC3=NCCCN3C2=O)c(C)c1,0
Cc1ccc2c(c1)N(CCC(=O)N1CCC3(CC1)OCCO3)C(=O)CO2,0
CS(=O)(=O)N(CC(=O)N1CCN(c2ccccc2)CC1)C1CCCCC1,0
c1ccc(C(c2nnnn2C2CCCCC2)N2CCc3ccccc3C2)nc1,0
CCc1nc(SCC(N)=O)c2c(=O)n(C)c(=O)n(C)c2n1,0
CCN1CCN(Cc2nc3c(c(=O)[nH]c(=O)n3C)n2Cc2ccccc2Cl)CC1,0
CCc1cc2c(=O)c(-n3cnc4ccccc43)coc2cc1O,0
Cc1cc(=O)oc(C)c1C(=O)n1nc(C)c2c1CC1C2C1(C)C,0
Cn1c(Cc2csc(N)n2)nnc1SCC(=O)NC1CCCCC1,0
COc1ccc(-c2ccc(C(=S)N3CCN(C(C)=O)CC3)o2)cc1,0
COCCn1c(=N)c(C(=O)NCc2ccco2)cc2c(=O)n3ccccc3nc21,0
Cc1oc2cc(O)ccc2c(=O)c1-c1cnn(-c2ccccc2)c1,0
O=C(CNC(=O)C1CCCCC1)NC1=NCCS1,0
CSc1nc(N)nc(SCC(=O)C23CC4CC(CC(C4)C2)C3)c1C#N,0
c1ccc(-c2nc3cnccn3c2Nc2ccc3c(c2)OCCO3)cc1,0
c1ccc(CCc2ccccc2-c2nc(-c3cccnc3)no2)cc1,0
O=C(CSCC(=O)N1CCOCC1)Nc1ccccc1,0
CCn1c(C(=O)N2CCC(Cc3ccccc3)CC2)cc2sccc21,0
O=C(NC1CCCCC1)N1CCC(c2nc3ccccc3[nH]2)CC1,0
O=C(NCc1ccco1)C1CCN(S(=O)(=O)c2cccc3cccnc23)CC1,0
Cc1cc2ccccc2n1CCNC(=O)c1cccs1,0
CC1(C(=O)NC2CCCC2)CCC(=O)N1Cc1cccs1,0
COc1ccc(NS(=O)(=O)c2ccc(N)cc2)nn1,0
Cc1nnc(SCCn2c(N(C)Cc3ccccc3)nc3c2c(=O)n(C)c(=O)n3C)s1,0
Cc1ccc(NC(=O)C2CCN(S(=O)(=O)c3cnc[nH]3)CC2)nc1,0
O=C(NCc1nc(-c2ccccc2)no1)c1cccs1,0
Cn1c(=O)c2[nH]c(Nc3ccccc3)nc2n(C)c1=O,0
N#CC1=C(N)Oc2c(ccc3cccnc23)C1c1cccnc1,0
COc1ccccc1Nc1nc(=O)cc(C)[nH]1,0
COc1ccc(-n2c(-c3ccco3)n[nH]c2=S)cc1,0
O=C(CSc1n[nH]c(-c2ccccc2)n1)NC(=O)NCc1ccco1,0
Nc1nnc(CC(=O)N2CCCCC2)s1,0
O=C(CN1C(=O)CCSc2ccccc21)Nc1ccc2c(c1)OCO2,0
Cc1cccc(N2CCN(C(=O)c3ccncc3)CC2C)c1,0
COc1ccc(-c2cc(CCCC(=O)NCc3ccccn3)no2)cc1,0
O=c1cc(CSc2nnnn2-c2ccccc2)nc2nc[nH]n12,0
COc1ccc(NC(=O)CCCN2C(=O)C3C4C=CC(C4)C3C2=O)c(OC)c1,0
Cn1nnc2cc(C(=O)N3CCSCC3)ccc21,0
CCOc1nc(OCC)nc(-n2cc(-c3ccccc3)nn2)n1,0
Cc1ccnc(NC(=O)C2CCN(S(=O)(=O)c3cccs3)CC2)c1,0
COC(=O)c1sc(Nc2ccccc2)nc1C,0
O=C(NCCCN1CCOCC1)C1CSC2c3ccccc3C(=O)N12,0
O=C1C(=CNCCCN2CCCC2=O)C(=O)c2ccccc21,0
O=C(CN1C(=O)C2C3c4ccccc4C(c4ccccc43)C2C1=O)N1CCOCC1,0
Cc1cc(=O)oc(C)c1C(=O)Nc1ccc2nsnc2c1,0
O=C(N1CCN(c2ccccc2F)CC1)C12CC3CC(CC(C3)C1)C2,0
Cc1cc(C)c2c(N)c(C(=O)NCc3ccco3)sc2n1,0
Cc1cc(C)n(CCc2nc(-c3ccc(Cl)s3)cs2)n1,0
O=c1c2[nH]c3cccc(Cl)c3c2ncn1Cc1ccncc1,0
COCCN1CCn2c(nc3cc(NC(=O)NC4CCCCC4)ccc32)C1,0
Cc1ccc2[nH]c(=O)c(CN(CC3CCCO3)C(=O)c3ccco3)cc2c1,0
COC(=O)n1c(=O)oc2cc(S(=O)(=O)N3CCCCC3)ccc21,0
Cc1ccc(SCCNC(=O)C(CO)(CO)CO)cc1,0
Cc1ccc2cc(C(c3nnnn3C(C)(C)C)N3CCCC3)c(=O)[nH]c2c1C,0
O=C(Nc1nnc(COc2ccc(F)cc2)s1)c1cccs1,0
COc1ccc2oc(C(=O)C3CC3)c(N)c2c1,0
CCC(Sc1ncccc1C(=O)O)C(=O)N1CCOCC1,0
CCN(CC)CCN1C(=O)C(=O)/C(=C(/O)c2c(C)[nH]c(C(=O)OC)c2C)C1c1ccc(OC)cc1,0
COCCNC(=O)Nc1ccc2c(c1)N(C)C(=O)CS2,0
COc1ccccc1NC(=O)N1CCCC1C(=O)NCc1ccccc1,0
Cc1cc(Nc2cccc(Cl)c2)n2ncnc2n1,0
N#CC1=C(N)C(C#N)(C#N)C(c2ccc[nH]2)C2CCCC=C12,0
COc1ccc(NC(=O)CN2CCN(S(=O)(=O)c3ccc(C(C)C)cc3)CC2)cc1OC,0
O=C(CCNS(=O)(=O)c1cccc2nonc12)N1CCN(c2cccc(Cl)c2)CC1,0
Cc1ccc(Nc2nc(N)nc(CSc3nccn3C)n2)c(C)c1,0
CSc1nnc(-c2ccccc2)n1C,0
CCCc1cc(C(=O)NC2CCCC2)no1,0
COC1=CC=C/C(=C\Nn2c(SC)nnc2-c2ccccc2)C1=O,0
COc1ccc(-c2nnc(NC(=O)c3cc(C)on3)s2)cc1,0
C=CCc1c(C)[nH]c(SC(C)C)nc1=O,0
COc1ccc(-c2nnc3ccc(SCC(=O)N4CCN(c5ccccc5)CC4)nn23)cc1,0
N#CCOc1nc(N2CCOCC2)nc(N2CCOCC2)n1,0
O=C(CCn1c(=O)oc2ccccc21)NCc1ccco1,0
COc1ccc(/C=N/n2c(=O)[nH]c3c([nH]c4ccc(C)cc43)c2=O)cc1CN1CCOCC1,0
CCCCn1c(NCCC)nc2c1c(=O)[nH]c(=O)n2C,0
Cc1nnc(NC(=O)Oc2ccccc2)s1,0
CCc1cccc2c(C#N)cn(CC(=O)NCCOC)c12,0
C=CCn1c(Cc2csc(N)n2)nnc1SCC(=O)Nc1ccc(C(=O)OCC)cc1,0
Cc1cccc(N2CCN(C(=O)COc3cc(=O)n(C)c4ccccc34)CC2)c1C,0
COc1cccc(-c2n[nH]c(=S)n2Cc2ccco2)c1OC,0
O=C(Oc1ccc(/C=N/O)cc1)c1ccccc1,0
COc1ccc(CCNc2nc(C)nc3c2oc2ccccc23)cc1OC,0
C1=C(CCNc2ncnc3nc[nH]c23)CCCC1,0
Cc1ccc(SCc2cc(=O)nc(N3CCOCC3)[nH]2)cc1,0
COc1ccccc1CNC(=O)Cn1cnc2ccccc2c1=O,0
CCn1c(C(C)NC(=O)c2ccc(OC)c(OC)c2)nc2ccccc21,0
Cc1cc(C)n(-c2nc(NCC(C)O)c3c4c(sc3n2)CCCC4)n1,0
Cc1cccc(N(C)S(=O)(=O)c2ccc3c(c2)CCC(=O)N3)c1,0
c1ccc(-c2nn3nnnc3c3ccccc23)cc1,0
Cc1ccc(N2C(=O)c3ccccc3C2Nc2ccccc2F)nc1,0
COc1cc(OC)c(C(=O)NC2CCCCCC2)cc1OC,0
Nc1nc(NC(=O)c2cccc(S(=O)(=O)N3CCCCCC3)c2)nc(-c2ccccc2)n1,0
Cc1c(/N=C/N2CCOCC2)c(=O)n(C)c(=O)n1C,0
Cc1ccc(NC(C(N)=O)c2c(C)[nH]c(=O)[nH]c2=O)cc1,0
C=CCn1c(=O)c2ccccc2n2c(SCC(=O)NCc3cccs3)nnc12,0
Cn1c(Nn2cnnc2)nc2ccccc21,0
CCCCOc1nc(N)nc(-c2ccccc2)n1,0
CC(C)(C)c1ccc(C(=O)NC2=NONC2=C2N=c3ccccc3=N2)cc1,0
Cc1cccc(OCCn2c(NC(=O)c3ccco3)nc3ccccc32)c1,0
Cc1c(NC(=O)c2nn(C)c(=O)c3ccccc23)c(=O)n(-c2ccccc2)n1C,0
O=C(CN1CCN(S(=O)(=O)c2ccc(Cl)cc2)CC1)Nc1ccc2c(c1)OCO2,0
O=c1nc2scc(-c3ccccc3)n2c2ccccc12,0
O=c1c2cc3ccccc3n2cnn1Cc1ccccc1F,0
Cc1ccc(S(=O)(=O)Cc2ccc(C(=O)N3CCN(c4cc(C)ccc4C)CC3)o2)cc1,0
CC(=O)Nc1ccc(S(=O)(=O)N2CCN(c3cc(C)nc4ccccc34)CC2)cc1,0
COc1ccccc1-c1nc(C(N)=O)c2[nH]c(=O)n(-c3cccc(C)c3)c2n1,0
CC(=O)NC(CCS(C)(=O)=O)C(=O)Nc1cc(C)on1,0
COC(=O)c1cc(S(=O)(=O)N2CCOCC2)ccc1Sc1ccccc1N,0
O=S(=O)(NCCOc1ccc(F)cc1)c1ccc2c(c1)OCCO2,0
CCCCc1nc(NCCN2CCOCC2)c(C#N)c2c1COC(C)(C)C2,0
CCOC(=O)c1[nH]c(C)c(C(=O)Nc2ccc(Cl)cc2)c1C,0
C=CCNc1nc(N)c(C(=O)c2ccc3c(c2)OCO3)s1,0
COc1ccc(F)cc1CN1CCN(c2cc(C)nc3c4c(C)cc(C)nc4nn23)CC1,0
c1cc(CSc2nnc(-c3ccc4c(c3)OCO4)o2)ccn1,0
O=C(CCCc1ccccc1)NCCCN1CCOCC1,0
Cc1cc(C)n2cc(CSc3nnnn3-c3ccccc3)nc2n1,0
COC(=O)c1ccccc1NC(=O)Nc1cnccn1,0
CCOC(=O)c1[nH]c(C)c(/C(O)=C2\C(=O)C(=O)N(CCN(C)C)C2c2ccncc2)c1C,0
Cc1cc(C)nc(N(C#N)S(=O)(=O)c2ccccc2)n1,0
COc1cccc(C(=O)Nc2cccc(C(=O)N3CCOCC3)c2)c1,0
O=C(NCc1cccs1)c1cnn2cccnc12,0
N#C/C(=C1/CCCCCN1)c1nc2ccccc2[nH]1,0
Cc1cc(NC(=O)CN2C(=O)CC(c3ccco3)Sc3ccccc32)no1,0
CCc1nnc(N2CCN(c3ncnc4c3oc3ccccc34)CC2)s1,0
Cc1cc2c(c(=O)n1CCN(C)C)C(c1ccncc1)C(C#N)=C(N)O2,0
O=C(c1ccc2nc(N3CCOCC3)sc2c1)N1CCCC1,0
Cn1cnnc1SCc1ccc(C#N)cc1,0
O=c1[nH]c2cc3c(cc2cc1CN(CCCO)Cc1nnnn1Cc1ccc(F)cc1)OCO3,0
CCc1c(C)sc(NC(=O)c2cnn3cccnc23)c1C#N,0
CCOC(=O)c1cnc2nc(C)[nH]n2c1=O,0
Cc1n[nH]c(C)c1CCc1nc2c3ccccc3nc(SCC(N)=O)n2n1,0
N#Cc1nc(-c2ccc(Cl)cc2)oc1NCCc1ccccn1,0
O=C(O)C1CCCCC1C(=O)NCCc1ccc(Cl)cc1,0
CCCSc1nc2n(-c3ccc(C)c(C)c3)[nH]cc-2c(=O)n1,0
CC(C)N(Cc1nc(-c2ccccc2)no1)C(=O)CN1C(=O)c2ccccc2C1=O,0
Nc1nc(C2CCCN2S(=O)(=O)c2ccc(Cl)cc2)cs1,0
CCS(=O)(=O)N1CCN(C(=O)c2cc(OC)cc(OC)c2)CC1,0
COc1ccc(N2C(=O)C3CCCN3C2c2cccs2)cc1,0
CCOc1nc(SCCOc2ccccc2)nc(N(C)C)n1,0
COc1ccccc1C1NC(=O)NC(C)=C1C(C)=O,0
COC(=O)c1sc(NC(C)=O)c(C(=O)OC)c1C,0
CCOC(=O)c1nnn(-c2nonc2N)c1CSc1ccc(C)cc1,0
CCN(CC)S(=O)(=O)c1ccc(Cl)c(C(=O)NC2CCCC2)c1,0
Cc1cc(N(C)C)c(C#N)c(N2CCOCC2)n1,0
c1ccc(-n2ncc3c2ncn2c(C4CCCCC4)nnc32)cc1,0
Cc1cccc2cc(CN(Cc3ccco3)C(=O)N3CCCC3)c(=O)[nH]c12,0
Cc1ccccc1S(=O)(=O)Nc1nc2ccccc2nc1N1CCOCC1,0
COCCn1c(=O)[nH]c2cc(C(=O)NCCc3ccc(OC)c(OC)c3)ccc2c1=O,0
CC(=O)Nc1ccccc1C(=O)N1CC2(C)CC1CC(C)(C)C2,0
CC1CCCN(c2ncnc3c2cnn3-c2ccc(Cl)cc2)C1,0
Cn1c(=O)[nH]c(=O)c2c1ncn2CCCc1ccccc1,0
CCOC(=O)C1=C(C)OC(N)=C(C#N)C1c1cc(OC)c2c(c1)OCO2,0
c1ccc(-c2csc3nnc(SCc4ccc5c(c4)OCCO5)n23)cc1,0
Cc1c(NC(=O)Nc2cccc(Cl)c2)c(=O)n(-c2ccccc2)n1C,0
Cc1c(C(Nc2ccccn2)c2ccccc2)c(=O)n(-c2ccccc2)n1C,0
COc1ccc2[nH]c(=O)c(CN(C(=O)c3cccnc3)c3ccccc3OC)cc2c1,0
NC(=O)c1cnn(Cc2ccc(Cl)cc2)c1N,0
Cc1cccc(-n2ccnc2SCC(=O)Nc2nccs2)c1C,0
O=C(NCc1ccc(Cl)cc1)c1noc2c1CCCC2,0
CCOCCCNC(=O)C(c1ccc(Cl)cc1)N1CCN(C(=O)c2ccco2)CC1,0
O=C(NCCc1ccc(Cl)cc1)C1CCCN(S(=O)(=O)c2cnc[nH]2)C1,0
O=C(CSc1nc(-c2ccccc2)nc2c1CCCC2)N1CCOCC1,0
COCCn1c(SCC(=O)OC(C)C)nnc1-c1ccccc1,0
Cn1c(SCc2nc3ccccc3[nH]2)nnc1-c1ccccn1,0
CCc1nc(SCc2ccc(C(=O)OC)o2)c2c(=O)n(C)c(=O)n(C)c2n1,0
N#Cc1c(-c2ccco2)[nH]c(SCC(=O)Nc2cccc(Cl)c2)nc1=O,0
Cn1ncc(/N=C/c2ccccc2)c1C(N)=O,0
Cc1ccc2c(c1)cc(CN(Cc1cccs1)C(=O)c1ccco1)c1nnnn12,0
CCOC(=O)N1CCC(NC(=O)CCc2c(C)nc3ncnn3c2C)CC1,0
CC(C)c1[nH]nc2c1C(Cc1ccccc1)C(C#N)=C(N)O2,0
CN(CC(=O)Nc1ccc(F)c(F)c1F)c1cnccn1,0
Cc1cc(=O)oc2cc(OCC(=O)N3CCCC(C)C3)ccc12,0
CC(NC(=O)c1ccncc1)C(c1cccs1)N1CCOCC1,0
O=C(CCN1C(=O)c2ccncc2C1=O)NCc1ccc(Cl)cc1,0
CN(C)C1(c2nnnn2-c2ccc(Cl)cc2)CCCCC1,0
COc1ccc(-n2cnc3c(sc4nccc(N(C)C)c43)c2=O)cc1,0
O=C(C1CCCCC1)N1CCC(c2nc3ccccc3[nH]2)CC1,0
CC(=O)Nc1ccccc1NC(=O)CN(C)S(=O)(=O)c1ccc(C)cc1,0
Cc1c(C)[n+](=O)c(-c2ccc(F)cc2)c(C)n1[O-],0
COC(=O)C1=C(C)N(C)C(C)=C(C(=O)OC)C1c1ccncc1,0
Cc1ccc2nc(SCC(=O)Nc3cc(C)on3)[nH]c2c1,0
COC(=O)c1cc2ccsc2n1CC(=O)Nc1cc(Cl)ccc1OC,0
CCOCCn1c(N(C)Cc2ccccc2)nc2c1c(=O)[nH]c(=O)n2C,0
N#Cc1cccc(CSc2nnc(CCCO)n2-c2ccccc2)c1,0
CCn1c(C(O)c2ccccc2)nc2ccccc21,0
Cc1ccc2nc(-c3ccc(NC(=O)c4ccco4)cc3)[nH]c2c1,0
NC(=O)CSc1c[nH]c2ccccc12,0
COc1ccc(C)cc1NS(=O)(=O)c1cccc2nonc12,0
Cc1nnc2ccc(N3CCCC3)nn12,0
O=C(CSc1nnnn1C1CCCCC1)N1CCc2ccccc21,0
Cc1cccc(NC(=O)CN(C)S(=O)(=O)c2cccc3cccnc23)c1,0
CSCCC(NC(=O)CCN1C(=O)c2ccccc2C1=O)C(=O)O,0
Cc1ccc(CCNC(=O)CCNS(=O)(=O)c2ccc3c(c2)oc(=O)n3C)cc1,0
N#CC1=C(N)N(c2ccccc2C#N)C2=C(C(=O)CCC2)C1c1ccsc1,0
CCOc1ccc(-c2nnc(-c3ccncc3)o2)cc1,0
CCN(CC)C(=O)Cn1cnc2ccccc2c1=O,0
CCOC(=O)N1CCC(N2C(=O)c3ccccc3C2Nc2cccnc2)CC1,0
COc1ccc(C(=O)N2CCC(C(=O)NCc3ccccn3)CC2)cc1,0
COC(=O)CSc1nc2c(c(=O)n(C)c(=O)n2C)n1CCCc1ccccc1,0
CCOC(=O)N1CCC(NC(=O)c2cc3c(-c4ccc(Cl)cc4)nn(C)c3s2)CC1,0
COCCn1c(=O)[nH]c2cc(C(=O)NCc3cccnc3)ccc2c1=O,0
c1coc(-c2nnc3n2C2(CCCC2)Cc2ccccc2-3)c1,0
CC1Cc2nc(SCC(N)=O)n(C)c(=O)c2S1,0
CCOc1ccc(N2CC(C(=O)Nc3ccccc3OC)CC2=O)cc1,0
O=c1c2ccccc2ncn1C1CCCCC1,0
CCCC(=O)Nc1ccc(NC(=O)c2ccccc2Cl)nc1,0
CCn1/c(=N/C(=O)CSC(C)=O)sc2ccccc21,0
O=C(CCc1nc2ccccc2[nH]c1=O)OCC(=O)N1CCc2ccccc21,0
Cc1ccc(OCc2nc(C#N)c(N3CCN(Cc4ccccc4)CC3)o2)cc1,0
CC1SC2(CN3CCC2CC3)NC1=O,0
Cc1cccc(C)c1OCc1nnc2c3cnn(C)c3ncn12,0
CCOC(=O)c1sc(NC(=O)CSc2nnc(-c3ccc(OC)cc3)n2CCOC)nc1C,0
COc1ccc(OC)c(NC(=O)COC(=O)c2ccc(-n3cnnn3)cc2)c1,0
CCN(CC)C(=O)CSc1nc2ccccc2c(=O)n1CCC(=O)NCc1ccc(F)cc1,0
CCOc1ccc2nc(NC3=NCN(Cc4ccco4)CN3)nc(C)c2c1,0
CCOc1ccccc1NC(=O)CN(Cc1ccccc1)S(C)(=O)=O,0
CCn1c(SCCC#N)nnc1-c1ccncc1,0
Cc1nc2ncnn2c(C)c1CCC(=O)NC(C)c1ccc2c(c1)OCCO2,0
COCCN1C(=O)c2oc3ccccc3c(=O)c2C1c1cccc(O)c1,0
O=C(CCCc1nc(-c2ccccc2)no1)N1CCOCC1,0
Cc1cc(C(=O)Nc2cccnc2)no1,0
COCCCNc1nc(-c2ccncc2)nc2ccccc12,1
CCc1ccccc1-n1c(SCC(=O)NC)nnc1-c1cccnc1,0
COc1ccc(N/C=C2\CCOC2=O)cc1,0
O=C(Cc1ccccc1F)Nc1nc(-c2cccs2)cs1,0
C=CCn1c(N)cc(=O)nc1SCC(=O)Nc1ccccc1,0
CCOc1ccc(Nc2ncnc(N)n2)cc1,0
O=C(Nc1ccc2nsnc2c1)c1ccc2c(c1)OCO2,0
COc1ccccc1-c1nnc(SCC(=O)Nc2ccccc2)o1,0
O=C(Nc1ccc2c(c1)OCO2)C1COc2ccccc2O1,0
O=C(CSc1nnnn1-c1cccc2c1CCCC2)N1CCOCC1,0
Cn1nccc1C(=O)Nc1cccnc1,0
COC(=O)C1C(=O)NC(SC)=C(C#N)C1c1ccccc1,0
O=C(COc1ccccc1)Nc1nc2ccccc2[nH]1,0
CC1Cc2ccccc2N1C(=O)Cn1cnc2ccccc2c1=O,0
CCC1CCCCN1C1Sc2ccc(C(=O)OC)cc2NC1=O,0
CCS(=O)(=O)N1CCC(C(=O)NCc2ccc(F)cc2)CC1,0
O=C(CSc1nnc2ccccn12)N1CCc2ccccc2C1,0
CN(Cc1ccccc1)C(=O)CCNS(=O)(=O)c1ccc2c(c1)oc(=O)n2C,0
Cc1noc(C)c1COC(=O)C1(c2cccc(F)c2)CCCC1,0
COc1cc(NC(=O)c2ccccc2)c(OC)cc1NC(=O)CN1CCN(c2ccccn2)CC1,0
CC(=O)c1ccc(NC(=O)CSc2nc3nc(C)cc(C)n3n2)cc1,0
CCOC(=O)c1cc(C(C)=O)c(=O)n(C)c1N,0
Clc1cccc2sc(N3CCCCC3)nc12,0
O=S(=O)(Nc1ccc2nc(C(F)(F)F)[nH]c2c1)c1ccccc1,0
CC1(C)Oc2ccc(C(=O)N3CCCC3)cc2N(CC(=O)NCc2ccccc2)C1=O,0
CCCCn1c(Cc2ccccc2)n[nH]c1=S,0
Cc1cc(NC(=O)Cn2cnc3sc(C)c(-c4ccccc4)c3c2=O)no1,0
C=CCn1c(SCC(=O)Nc2c(C)cccc2C)nnc1-c1cnccn1,0
O=C(NC1CCCC1)C1CCC(=O)N1C1CCCC1,0
Cc1nc2ccc(C(=O)N3CCN(c4ccccn4)CC3)cc2s1,0
Cc1nc2n[nH]c(N)c2c2c1COC(C)(C)C2,0
Cc1csc(NC(=O)Nc2cccc(Cl)c2)n1,0
C(=N/n1cnnc1)\c1ccc(OCc2ccccc2)cc1,0
Cc1cc(NCCCN2CCOCC2)n2nc(C)c(-c3ccccc3)c2n1,0
CCC(Sc1nc(=O)cc(C)[nH]1)C(=O)Nc1ccc(Cl)cn1,0
O=C(Oc1ccc2ccccc2c1Cl)N1CCCC1,0
Cc1nc(NCCO)c2nnn(Cc3ccccc3F)c2n1,0
O=C(CNC(=O)c1ccco1)OCC(=O)c1ccc2c(c1)CCCC2,0
CCCn1c(CCNC(=O)c2cccs2)nc2ccccc21,0
CCc1ccccc1NC(=O)c1onc(C)c1Cl,0
CCOC(=O)Cc1csc(NC(=O)CSc2nnc(C(C)C)n2CC)n1,0
CCOC(=O)C1(Nc2nccs2)Sc2ccccc2NC1=O,0
O=C(c1ccccc1)c1ccc(N2CCNCC2)cc1,0
Cn1c(=O)c2c(nc(NCc3ccccc3)n2CCCc2ccccc2)n(C)c1=O,0
O=C1CCCc2nc(N3CCc4ccccc43)ncc21,0
CCOC(=O)N1CCC(N2Cc3cccc(C(=O)NCc4ccccc4OC)c3C2=O)CC1,0
CCOC(=O)c1c(C)[nH]c(C)c1-c1ccccc1OC,0
COCCOC(=O)C1=C(C)NC(=O)NC1c1ccc(Cl)cc1,0
COc1cccc(C(=O)Nc2c3c(nn2-c2cccc(C)c2C)CS(=O)C3)c1OC,0
O=c1/c(=C/c2ccccn2)sc2n1CN(c1ccccc1)CN=2,0
CC1CCN(c2nc3ccccc3nc2C(C#N)C(=O)NC2CCCCC2)CC1,0
Cn1nnc2cc(C(=O)NC3CCCCC3)ccc21,0
CC(C)c1nccn1S(=O)(=O)c1cc(Cl)ccc1Cl,0
Cc1ccc(-c2nn3c(C)nnc3s2)cc1NC(=O)c1cccnc1,0
Cn1nnc(NC(=O)c2cccc(F)c2)n1,0
COc1cccc(-c2nc(CS(=O)(=O)CC(=O)NCCCOC(C)C)c(C)o2)c1,0
COc1cc(OC)nc(NC(=O)CSc2nc3ccccc3[nH]2)n1,0
CCCNC(=O)N1CCN(S(=O)(=O)c2ccc(C)c(C)c2)CC1,0
Cc1cc2c(N=O)c(NO)ccc2[nH]1,0
CCn1nc(C(=O)NC2=NCCS2)c2ccccc2c1=O,0
O=C(Nc1cnn(C23CC4CC(CC(C4)C2)C3)c1)c1cnn2cccnc12,0
Cc1onc(-c2ccccc2)c1C(=O)Nc1sc2c(c1C#N)CCC2,0
CCCOc1ccc(-c2nnn(CC(=O)OCC)n2)cc1,0
Cc1ccc(N/C=C\C(=O)C2C(=O)CC(C)(C)CC2=O)cc1,0
O=C(c1ccc(Cl)s1)N1CCc2ccccc21,0
Cc1nc2ccccc2c(=O)n1NC(=O)COc1ccccc1,0
CCOCCCNC(=O)c1ccc(SC)cc1OC,0
COc1ccc(NC(=O)CSc2nc(=O)cc(NS(=O)(=O)c3ccccc3)[nH]2)cc1,0
N#CC(C(=O)CN1C(=O)c2ccccc2C1=O)=C1Nc2ccccc2N1,0
Cc1nn(-c2ccccn2)c(C)c1Oc1ccccc1O,0
Cc1cc(NC2CCCCC2)nc(N2CCOCC2)n1,0
COc1ccccc1N1CCN(c2nc3ccccc3n3nnnc23)CC1,0
Clc1ccc(Cc2nn3c(Cn4nnc5ccccc54)nnc3s2)cc1,0
O=C(CSc1nnnn1Cc1ccccc1)N1CCN(c2ccccc2)CC1,0
O=C(C1CC1)N1CCN=C1SCc1ccccc1Cl,0
CCn1nnc(NC(=O)c2cccc(-c3cc4ccccc4oc3=O)c2)n1,0
COCc1cc(C)nc(SCC(=O)Nc2ccccc2C)c1C#N,0
c1ccc(-c2cc(-c3nc(-c4cccnc4)no3)c3ccccc3n2)cc1,0
Cc1nnc2ccc(Oc3ccc(-c4ccccc4)cc3)nn12,0
COc1ccc(-n2c(Cc3cccn3C)nnc2SCC(=O)NCc2ccccc2Cl)cc1,0
CCCCCn1c(Sc2nc3ccccc3s2)nc2c1c(=O)[nH]c(=O)n2C,0
O=C(COc1ccc(S(=O)(=O)NC2CCCCC2)cc1Cl)NCc1cccnc1,0
CCc1ccc(NC(=O)N(CCCOC(C)C)C2CCN(C(C)=O)CC2)cc1,0
N#Cc1nc(-c2ccccc2Cl)oc1N1CCOCC1,0
O=C(Cn1nc(-c2ccc(Cl)cc2)ccc1=O)NCC1CCCO1,0
COc1ccccc1NC(=O)N1CCCC1C(=O)Nc1nnc(C(C)C)s1,0
CCn1c(SCC(=O)N2CCCc3ccccc32)nnc1-c1ccco1,0
O=C(CSc1nnc(COc2ccc(Cl)cc2)o1)N1CCN(c2ccccc2)CC1,0
Cn1c(=O)c2c(nc(SCC(=O)NC3CCCCC3)n2C)n(C)c1=O,0
c1ccc2c(c1)CCN(Cc1nnnn1Cc1ccc3c(c1)OCO3)C2,0
Cc1cccc(S(=O)(=O)Nc2cccc(-c3cn4ccsc4n3)c2)c1,0
CC(=O)c1ccc(NC(=O)C(C)Sc2nnnn2C)cc1,0
Cc1[nH]c2ccccc2c1Cc1nnc(SCC(N)=O)o1,0
Cc1cc(C)c(-c2cc(NC(=O)CSc3nncn3C)n(-c3ccccc3)n2)cc1C,0
CCCCCCSc1ncc(C#N)c(N)n1,0
O=C(NC1CCCCC1)c1cc(-c2ccco2)on1,0
Cc1cc(OCCOCCN2CCCC2)ccc1C(C)C,0
O=C(CCn1nc(-c2ccccc2)ccc1=O)NCCCN1CCCCCC1,0
O=C(O)c1n[nH]c2c1CCCCC2,0
Nc1c(C(=O)NCC2CCCO2)c2nc3ccccc3nc2n1-c1ccccc1,0
COc1ccc(C(=O)N2CCN=C2SCc2cccnc2)cc1OC,0
O=C(CSc1nnc2n(C3CCCC3)c(=O)c3ccccc3n12)N1CCCCCC1,0
Cc1nnc(C)c2c(C)n(Cc3ccccc3)c(C)c12,0
Cc1c(C)n(Cc2ccccc2)c2ncnc(N)c12,0
Cc1ccc(-n2c(-c3cccnc3)n[nH]c2=S)cc1,0
CC1(C)CC(=O)C=C(NCCCN2CCCC2=O)C1,0
CC(NS(C)(=O)=O)C(c1cccs1)N1CCN(Cc2ccccc2)CC1,0
Clc1ccc2nc(N3CCCCC3)sc2c1,0
Cc1cc(C(=O)N2CCN(C/C=C/c3ccccc3)CC2)no1,0
O=C(CSc1nnc(CNc2ccccc2)o1)N1CCc2ccccc21,0
COC(=O)c1ccc2c(c1)NC(=O)C(N1CCOCC1)S2,0
Cc1cccc(NC(=O)Cn2nnc(-c3cccs3)n2)c1C,0
CCCCn1cnc2c(cnn2-c2ccc(Cl)cc2)c1=O,0
COc1ccc(C2=NCC(CSc3nnnn3C)S2)cc1,0
O=C(CSc1nnc(C2CCCN2)o1)c1ccc(Cl)cc1,0
CC(=O)Nc1ccccc1Sc1ccccc1,0
CC(=O)NS(=O)(=O)c1ccc(NC(=O)c2ccccc2F)cc1,0
O=C(C1CCC1)N1CCc2cc(S(=O)(=O)NCc3cccnc3)ccc21,0
Cc1cccc(N(C)S(=O)(=O)c2ccc3[nH]c(=O)c(=O)[nH]c3c2)c1,0
CC1CN(C(=O)CSc2nc3cc(Cl)ccc3o2)CC(C)O1,0
Cc1ccc(S(=O)(=O)n2nc(-c3cccnc3)nc2N)cc1,0
Cc1ccnc(NC(=O)CCc2c(C)nc3ncnn3c2C)c1,0
O=C(c1ccccc1)c1ccc(OC(=O)N2CCOCC2)cc1,0
O=c1nc(N2CCCCC2)nc2n1CCO2,0
CN1C(=O)C2(C(C#N)=C(N)Oc3n[nH]c(-c4ccc(Cl)cc4)c32)c2ccccc21,0
COc1ccc2c(C)nc(Nc3nc(=O)cc(C)[nH]3)nc2c1,0
O=c1cn[nH]c(SCCc2ccccc2)n1,0
c1coc(CNc2nc(-c3ccncc3)cs2)c1,1
CN1CCN(C(=O)c2ccc3c(c2)N(Cc2ccc(Cl)cc2)C(=O)c2ccccc2S3=O)CC1,0
Cc1ccccc1Cn1nc(C)c(NC(=O)c2noc3c2CCc2ccccc2-3)c1C,0
O=C(OCc1nc2ccccc2s1)c1cnccn1,0
CN(C(=O)c1ccccc1Cl)c1ccccc1,0
Cc1ccc(Cn2c(SCC(C)C)nc3c2c(=O)[nH]c(=O)n3C)cc1,0
CSc1nc(NC(C)(C)C)nc(Oc2ccc(=O)[nH]n2)n1,0
Cc1ccc2cc3cc(C(=O)NCCN4CCOCC4)oc3nc2c1,0
COc1ccc(-c2nn3c(-c4ccncc4)nnc3s2)cc1OC,0
O=C(c1ccc2c(c1)OCCO2)C1CCN(S(=O)(=O)c2ccccc2F)CC1,0
Cn1c(=O)c2c(nc(SCC(=O)c3cccs3)n2Cc2ccc(F)cc2)n(C)c1=O,0
COC(=O)CSc1cc(C(=O)c2nccn2C)c2ccccc2n1,0
CCCn1/c(=N/C(=O)c2ccncc2)c(C#N)cc2c(=O)n3cccc(C)c3nc21,0
CCN1CCN(c2ncnc3c2nnn3Cc2ccccc2)CC1,0
CC(=O)c1c(C)[nH]c(C(=O)NCc2cccs2)c1C,0
O=C(Nc1ccccc1C(=O)N1CCCC1)c1cccc(S(=O)(=O)N2CCCCCC2)c1,0
O=C(CSc1nnc(Cc2ccccc2)o1)NCCN1C(=O)CSC1=O,0
O=C(NCc1ccccc1)C1CCN(S(=O)(=O)c2cccc3cccnc23)CC1,0
CC(C)(C)NC(=O)CSc1nnc(-c2ccco2)n1Cc1ccco1,0
Cc1ccc(S(=O)(=O)N(C)c2ccc(C(=O)O)cc2)cc1,0
Cc1cc(F)ccc1S(=O)(=O)Nc1c(C)n(C)n(-c2ccccc2)c1=O,0
Cc1ccc(-n2[nH]cc3c(=O)nc(SC(C)C)nc2-3)cc1,0
O=c1cn[nH]c(NCc2ccccc2)n1,0
Clc1cccc2sc(N3CCN(c4ccccc4)CC3)nc12,0
CCN(CCNS(=O)(=O)c1ccc2c(c1)oc(=O)n2C)c1ccccc1,0
CC(=O)Nc1ccc(S(=O)(=O)N2CCN=C2C)cc1,0
CCOc1ccc(C2=Nn3c(nnc3-c3ccccc3)SC2)cc1Cl,0
CCOCCn1c(SCc2c(F)cccc2Cl)nc2c1c(=O)[nH]c(=O)n2C,0
CCOC(=O)c1snc(-c2ccc(F)cc2)c1N,0
CN(C(=O)COc1cc(=O)n(C)c2ccccc12)c1cccc(Cl)c1,0
Cc1cc(C)c2c(N)c(C(=O)N3CCCCCC3)sc2n1,0
CCn1c(=O)cc(OCC(=O)Nc2cc(C)ccn2)c2ccccc21,0
O=C(Cn1ncc2ccsc2c1=O)N1CCC2(CC1)OCCO2,0
CCOc1ccc2[nH]c(O)c(NC(C)=O)c2c1,0
O=C(Nc1ccc2c(c1)OCCO2)c1ccc(S(=O)(=O)N2CCCCC2)cc1,0
CN(C1CCCCC1)S(=O)(=O)c1ccc(S(=O)(=O)N2CCN(CCC#N)CC2)cc1,0
Cc1nn(C)c(C)c1S(=O)(=O)N(CC(=O)Nc1nccs1)c1ccc(C(C)C)cc1,0
O=C(CN1CCN(CCOCCO)CC1)N1c2ccccc2Sc2ccc(Cl)cc21,0
COc1ccc(C(=O)n2nc(C)cc2C)cc1OC,0
Cc1cc(C)nc(SCCCn2c(=O)[nH]c3ccccc32)n1,0
Cc1cccc(-c2c3c(=O)n(C)c(=O)n(C)c3cn2CC2CCCO2)c1,0
O=S(=O)(c1ccc(Cl)c(F)c1)N1CCC(c2nc(-c3ccncc3)no2)CC1,0
O=S(=O)(Nc1cccc2ccccc12)N1CCCC1,0
COc1cc(Nc2cc(C)nc3ncnn23)cc(OC)c1,0
COC1CCCCC1Nc1cccc(SC)c1,0
c1ccc2c(c1)[nH]c1c(N3CCOCC3)ncnc12,0
Cc1onc(-c2ccccc2)c1C(=O)Nc1ccc(S(=O)(=O)N2CCCCC2)cc1,0
O=C(Cc1coc2ccc3ccccc3c12)N1CCN(c2ncccn2)CC1,0
CCOC(=O)c1cnc(-n2nc(C)cc2C)nc1Nc1ccc2c(c1)OCO2,0
O=C(NCc1ccc(Cl)cc1)c1noc2c1CCCCC2,0
Cc1cccc(NC(=O)c2cnc3n(c2=O)CCS3)c1,0
O=C(c1ccc2c(c1)[nH]c(=S)n1c3ccccc3nc21)N1CCN(c2ncccn2)CC1,0
O=C(CSc1nnc(-c2ccco2)o1)NC1CCCCCC1,0
COc1ccc(OC)c(NC(=O)CSc2nnc(CNc3ccc(F)cc3)o2)c1,0
COCCn1c(SCc2nc3ccccc3s2)nc2ccccc21,0
CCN1CCN(c2ncc(C(=O)Nc3cc(Cl)c(OC)cc3OC)c3ccccc23)CC1,0
Fc1ccc(OCc2nn3c(Cn4nnc5ccccc54)nnc3s2)cc1,0
CC(C)(CN1CCCCC1)NS(=O)(=O)c1ccc(Cl)cc1,0
Cc1cc2c(c(=O)n1Cc1cccnc1)C(c1ccccc1)C(C#N)=C(N)O2,0
COc1ccc2cc3cc(C(=O)NCCc4ccc(OC)c(OC)c4)oc3nc2c1,0
O=C(NCC1CCCO1)c1cc(-c2ccco2)nc2ccccc12,0
Cn1c(=O)oc2cc(S(=O)(=O)N3CCCC3)ccc21,0
CC1(C)Cc2c(C#N)c(N3CCCC3)nc(-c3ccco3)c2CO1,0
C=CCn1c(Sc2nnc(C)s2)nc2c1c(=O)[nH]c(=O)n2C,0
COc1ccccc1C(=O)N1CCN(S(=O)(=O)c2ccccc2)CC1,0
CN(C)c1nc(N)nc(CSc2nnnn2C)n1,0
COC(=O)C(C#N)C(c1cccnc1)c1c(C)[nH][nH]c1=O,0
Cc1cc(Nc2ccccc2F)n2ncnc2n1,0
c1ccc(-c2cnc(CSc3nnc4ccccn34)o2)cc1,0
Cc1cc(NC(=O)c2cc(-c3cccs3)on2)no1,0
Cc1cc(NC(=O)CSc2nnc(C3CC3)n2C)no1,0
Cc1csc(SCC(=O)Nc2c(C)n(C)n(-c3ccccc3)c2=O)n1,0
Fc1cccc(Cl)c1CSc1nnc(COc2cccc3cccnc23)o1,0
O=c1nccc(NCc2ccco2)[nH]1,0
N#Cc1nc(-c2cccs2)oc1NCc1ccc2c(c1)OCO2,0
CC(C)(C)c1nnc(NC(=O)C2CCN(c3ncccn3)CC2)s1,0
O=C(CC1Nc2ccccc2NC1=O)NC1CCCCC1,0
Cc1nnc(Sc2nc3c(c(=O)n(C)c(=O)n3C)n2Cc2ccc(Cl)cc2)s1,0
O=C(Cn1cnc2ccccc2c1=O)c1c[nH]c2ccccc12,0
CCCCn1c(CN2CCN(C(=O)c3ccco3)CC2)nc2c1c(=O)n(C)c(=O)n2C,0
COn1c(SCc2cccnc2)nc2ccccc2c1=O,0
CC(C)=CCC(C)(C)C1OCCN1C(=O)c1ccccc1,0
COC(=O)CSc1nnc(CCc2nc3ccccc3[nH]2)n1C,0
COCCOCCn1c(CCCO)nc2ccccc21,0
COc1ccccc1C(=O)N1CCN(c2ccccn2)CC1,0
CCn1c2ccccc2c2nc3cc(S(=O)(=O)N4CCOCC4)ccc3nc21,0
Cc1cc(C)n(-c2nc3c(c(=O)[nH]c(=O)n3C)n2CCc2ccccc2)n1,0
CCc1ccccc1NC(=O)CSc1nc2ccccc2n1CC(=O)N(C)C,0
CCN(CC)CCOC(=O)c1ccc(NC(=O)CCNC(=O)Cn2ccc3ccccc3c2=O)cc1,0
CCN(CC)CCNC(=O)C1c2cc(OC)c(OC)cc2C(=O)N2CCc3ccccc3C12,0
Cc1cc(NC(=O)c2ccccc2)ncc1NC(=O)c1ccco1,0
CC1(C)CC(=O)C(C#N)=C(NCCCO)C1,0
CC1CCCCC1NC(=O)COc1ccc(-n2cnnn2)cc1,0
COc1ccccc1-n1nc(C(=O)O)c2ccccc2c1=O,0
Cc1sc2nc(CSc3nc4ccccc4c(=O)n3CCCN3CCOCC3)[nH]c(=O)c2c1C,0
Cc1cccc(N(Cc2nnc3n2CCCCC3)C(=O)Nc2ccccc2)c1,0
Cn1c(C2CCCN2C(=O)OC(C)(C)C)n[nH]c1=S,0
CCc1ccc(Cn2nnc(C(=O)Nc3cccc(C)c3)c2N)cc1,0
O=C(CSc1nnc(CNC(=O)c2cccs2)o1)c1ccccc1,0
Cn1c(COc2ccccc2)nnc1SCC(=O)Nc1ccc2c(c1)OCO2,0
CCOC(=O)c1ccc(NS(=O)(=O)c2ccc3[nH]c(=O)[nH]c3c2)cc1,0
Cc1cc(NS(=O)(=O)c2ccc(NC(=O)c3ccoc3C)cc2)nc(C)n1,0
N#CC1=C(N)NN/C1=C1\C=C2CCCCC2=N1,0
C=CCN(C(=O)CSc1nc2[nH]ncc2c(=O)n1-c1ccccc1OC)c1ccccc1,0
COc1ccc2nc(SCc3cnc(C)nc3N)[nH]c2c1,0
Cc1nc2sc(C(c3cccs3)N3CCC(C(N)=O)CC3)c(O)n2n1,0
CCOc1ccccc1C(=O)NCCCn1ccnc1,0
Cc1cccc(C)c1NC(=O)N1CCC(n2cnc3ccccc32)CC1,0
COC(=O)c1ccc(Oc2ccc3nnc(C)n3n2)cc1,0
O=C(O)CSCNC(=O)CC12CC3CC(CC(C3)C1)C2,0
Cc1cc(C)n(/N=C/c2cccc(O)c2)c(=O)c1C(N)=O,0
COc1cc(S(=O)(=O)N2CCC(N3CCCCC3)CC2)ccc1-n1cnnn1,0
Cc1ccc2cc3c(N)c(C(=O)N4CCOCC4)sc3nc2c1,0
O=C(CSc1nnc(-c2ccco2)n1Cc1ccccc1)NC(=O)NCc1ccco1,0
Cn1c(-c2ccc(C(C)(C)C)cc2)n[nH]c1=S,0
CC(C)Cn1c(N)c(S(=O)(=O)c2cccs2)c2nc3ccccc3nc21,0
Cc1nn(-c2ccccc2)c(C)c1NC(=O)Cc1cccs1,0
Cc1cccc(S(=O)(=O)C(C#N)c2nc3ccccc3nc2N2CCCC2)c1,0
Cn1c(=O)oc2cc(S(=O)(=O)N3CCC(N4CCCCC4)CC3)ccc21,0
O=C(CSc1ncnc2ccccc12)N1CCN(c2ccccc2)CC1,0
Nc1nc(-c2cccnc2)nn1C(=O)c1ccco1,0
CCSc1nc2c(c(=O)[nH]c(=O)n2C)n1C/C=C(/C)Cl,0
CCOc1ccccc1NC(=O)CN(c1nccs1)S(=O)(=O)c1ccc(N)cc1,0
Cn1c(Cn2c(=O)sc3ccccc32)nnc1SCC(=O)Nc1ccccc1F,0
Cc1ccc(-c2nc3ccccc3[nH]2)cc1NC(=O)c1ccco1,0
O=C(Nc1ccc(NC(=O)c2cccs2)cn1)c1ccco1,0
O=C(Nc1cccc(Cl)c1)c1ccc2c(=O)n3c(nc2c1)CCCCC3,0
Cc1cc(NC(=O)c2cnn3cccnc23)n(-c2ccccc2)n1,0
O=C(CN1C(=O)CCSc2ccccc21)Nc1ccccc1,0
CCOC(=O)c1c(Nc2nc(C)c(C(=O)NC)s2)sc(C)c1C,0
CCC(C)(C)NC(=O)C(OC(=O)c1ccco1)c1ccccc1OC,0
CCOC(=O)N1CCC(N2C(=O)c3ccccc3C2Nc2ccc(Cl)cn2)CC1,0
O=C(Nc1cccnc1)C1OCCc2ccccc21,0
N#CCCN1CCN(S(=O)(=O)c2ccc(S(=O)(=O)NC3CCCC3)cc2)CC1,0
CCOCCn1cnc2sc(C(=O)Nc3nc(C)c(C(=O)OCC)s3)c(C)c2c1=O,0
c1ccc(Cc2nn3c(Cn4nnc5ccccc54)nnc3s2)cc1,0
CCc1nnc2c3cnn(-c4ccccc4)c3ncn12,0
CN(C)CCNc1oc(COc2ccc(Cl)cc2)nc1C#N,0
CCNC(=O)CSc1nc2ccccc2c(=O)n1OC,0
CCC(=O)Nc1ccc2nc(C)n(CC(=O)Nc3ccccc3)c(=O)c2c1,0
Cn1c(Cc2csc(N)n2)nnc1SCC(=O)NCc1ccccc1,0
Cc1nc2nc(-c3cccnc3)[nH]n2c(=O)c1Cc1ccccc1,0
CC(=O)c1cccc(NC(=O)Nc2cccnc2)c1,0
N#Cc1nc(COc2ccc(F)cc2)oc1NCCCn1ccnc1,0
Cc1ccc(Nc2nc(CSc3nnc(-c4cccs4)o3)cs2)cc1,0
Cc1cccc(OCCC(=O)NCC(c2ccccc2)N(C)C)c1,0
CC(=O)N(Cc1cc2cc(C)c(C)cc2n2nnnc12)CC1COCCO1,0
O=S(=O)(O)c1nc2ccccc2n1Cc1ccc(Cl)cc1,0
COc1ccc(CNC(=O)CSc2nnnn2Cc2ccccc2)cc1,0
COc1nc(C)ccc1-c1noc(-c2ccco2)n1,0
O=C(NCc1cccnc1)Nc1cccc(NC(=O)NCc2cccnc2)c1,0
Cc1cc(C(=O)Cn2nnc3ccccc3c2=O)c(C)n1Cc1cccs1,0
CC(C)OC(=O)c1cccnc1SCc1cc(=O)n2ccccc2n1,0
Cc1cc(-c2nnco2)c(C)n1-c1ccccc1,0
Cc1nnsc1C(=O)Nc1ccccc1Cl,0
O=C(Nc1ccon1)c1cc2c(s1)CCCCCC2,0
CCCn1nnnc1NCc1cccn1C,0
CC(NCc1cccnc1)=C1C(=O)c2ccccc2C1=O,0
CCCN(CCC)CCNC(=O)Cn1cnc2sc(C)c(S(=O)(=O)N3CCOCC3)c2c1=O,0
O=C(Nc1ccon1)c1csc2ccccc12,0
Cc1ccc(S(=O)(=O)N(C)Cc2ccc(-c3nnco3)cc2)cc1,0
Cc1cc(C(=O)CSc2nnnn2-c2ccccc2)c(C)n1CC1CCCO1,0
O=C1c2ccccc2C(O)N1Cc1ccco1,0
CCn1c(SCC(=O)NCC(=O)Nc2ccc(F)cc2)nnc1-c1cccs1,0
Cn1c(=O)c2c([nH]c(=O)n2C)n(C)c1=O,0
COc1ccc(C(=O)n2nc(-c3ccco3)nc2SC)cc1OC,0
Cc1ccc(C(C)C)c(OCc2nnc3n2CCCCC3)c1,0
Cc1cc(NC(=O)c2oc3ccccc3c2C)ccc1-n1cnnn1,0
Cc1c(C#N)c2ccccc2n1CC(=O)N1CCc2ccccc2C1,0
Cc1ccc(NC(=O)C2CCN(S(=O)(=O)c3cccc4nonc34)CC2)nc1,0
CC(C)(C)n1nnnc1CN1CCC(NC(=O)NC2CCCCC2)CC1,0
c1ccc(-c2nc3ccccc3nc2-c2ccccn2)nc1,0
COC(=O)c1ccc(NC(=O)CCc2c(C)nc3ncnn3c2C)cc1,0
CCn1c(SCC(=O)Nc2cc(C)c(Cl)cc2OC)nnc1-c1ccco1,0
C=CC/N=C(\NC#N)SCC(=O)NCc1ccccc1,0
Cc1cccc2sc(NC(=O)Cn3cccc3)nc12,0
Cc1ccc2cccc(OC(=O)c3ccc4c(c3)OCCO4)c2n1,0
S=c1[nH]ncn1/N=C/c1ccccc1,0
CC(C)Sc1nc2c(c(=O)[nH]c(=O)n2C)n1C,0
CC(C)C(=O)Nc1cc(=O)nc2nc[nH]n12,0
Cc1nn(C)c(C)c1NC(=O)c1ccnn1C,0
CCn1cnc2c1c(=O)n(CC(=O)Nc1cc(C)on1)c(=O)n2Cc1ccccc1,0
COc1ccc(NC2c3ccccc3C(=O)N2Cc2ccco2)cc1OC,0
NC(=O)c1oc2ccccc2c1NC(=O)c1nc2ccccc2s1,0
Cc1cc(C)nc(NCC(O)COc2ccccc2C)n1,0
NC(=O)c1cc(-c2ccccc2)nc(Oc2ccccc2)n1,0
COc1ccc(CN(Cc2cc3cc4c(cc3[nH]c2=O)OCO4)C(=O)NC2CCCCC2)cc1,0
COc1ccc(-c2nc(C#N)c(N3CCCCCC3)o2)cc1OC,0
Cc1oc(-c2cccc(Cl)c2)nc1CN1CCCC(C(=O)NCc2ccco2)C1,0
Cc1cc(OCC(=O)N2CCOCC2)ccc1NC(=O)C1CCCCC1,0
O=C(Nc1ccc(F)cc1)N1CCn2c(nc3ccccc32)C1,0
Cc1onc(-c2ccccc2)c1C(N)=O,0
COc1cc(C)nc(Oc2ccc(=O)[nH]n2)n1,0
CC(C)(C)OC(=O)NCCc1nnc(SCc2ccccc2Cl)o1,0
Cn1c(=O)c2nnn(/N=C(\c3ccccc3)C3CC3)c2n(C)c1=O,0
Cc1nn2c(N3CCN(c4ccccn4)CC3)cc(C(C)C)nc2c1-c1ccccc1,0
COc1ccc(OC)c(S(=O)(=O)N2CCC(C(=O)NCCc3ccc(OC)c(OC)c3)CC2)c1,0
CCCCn1c(C)nc2c(=O)n(C)c(=O)[nH]c21,0
COC(=O)C(NC(=O)Nc1ccc(C(C)=O)cc1)C(C)C,0
O=C1CCCN1C(=O)CCC(=O)N1CCCC1=O,0
Cc1nnc(NC(=O)CSc2nnc(CNC(=O)c3ccccc3)n2-c2ccccc2)s1,0
O=C(Cc1cccs1)Nc1nncs1,0
N#Cc1nc(Cc2ccccc2)oc1N1CCN(c2cccc(Cl)c2)CC1,0
CCn1c(SCC(=O)Nc2nnc(C)s2)nc2c(c1=O)SC(C)C2,0
O=C(CCn1cnc2ccccc2c1=O)Nc1nc2c(s1)CCCC2,0
CCC(=O)Nc1ccc(-c2nnc(SCC(=O)NCC3CCCO3)n2C)cc1,0
COc1ccc2nc(NC(=O)C3CCN(S(=O)(=O)c4cnc[nH]4)CC3)sc2c1,0
O=C(NCCc1ccccc1)c1nc2n(Cc3ccccc3Cl)[nH]nc-2c(=O)n1,0
O=C(NCc1ccccn1)C1CCCN(S(=O)(=O)c2cccc3nsnc23)C1,0
COc1ccc(N(CC(=O)N2c3ccccc3CC2C)S(=O)(=O)c2c(C)nn(C)c2C)cc1,0
Cc1cc(NC(=O)CSc2nc3c(c(=O)n2-c2ccccc2)SC(C)C3)no1,0
O=C(CCN1C(=O)C2CC=CCC2C1=O)N1CCN(c2ccccn2)CC1,0
Cc1c(N(C)C(=O)C23CC4CC(CC(C4)C2)C3)c(=O)n(-c2ccccc2)n1C,0
CCC(=O)Nc1ccc(Cl)c(NC(=O)c2cccnc2)c1,0
Cc1nc(N2CCN(c3ccccc3)CC2)c2c3c(sc2n1)CCC3,0
CCN(CC)CCn1c2ccccc2c2nc(C)sc21,0
COc1ccc(O)c(CN2CCN(C/C=C/c3ccccc3)CC2)c1,0
CCCn1c(=S)[nH]c2cc(C(=O)N3CCN(c4ccccc4OC)CC3)ccc2c1=O,0
Cc1ccc(S(=O)(=O)N2CC(=O)Nc3ccccc32)cc1C,0
COCc1cc(C)nc(Nc2cc(C)ccc2C)c1C#N,0
COc1cc(C(=O)Nc2ccc(NC(=O)C(C)C)nc2)cc(OC)c1OC,0
COC(=O)c1ccc(CN(c2ccc(C)cc2)S(=O)(=O)c2ccc3c(c2)OCCO3)o1,0
Cc1cccc2cc(C#N)c(NCCCn3ccnc3)nc12,0
Cc1ccc(SC(C)c2nc(-c3cccnc3)no2)cc1,0
Cc1c(C(=O)OC(C)C)[nH]c2c1C(=O)CC(C)(C)C2,0
CCOc1c(OC)cccc1C1CC(=O)Nc2cc(OC)c(OC)cc21,0
CC(C)(C)OC(=O)NCc1nc(N)n[nH]1,0
CC(=O)c1cnc(N2CCCCC2)nc1C,0
COc1nc(NCc2cccnc2)nc(OC)n1,0
Cn1c(SCC(=O)N2CCN(Cc3ccccc3)CC2)nnc1-c1ccncc1,0
O=C(CCn1cnc2ccccc2c1=O)Nc1ccc(S(=O)(=O)N2CCCC2)cc1,0
c1ccc(OCc2nn3c(Cn4nnc5ccccc54)nnc3s2)cc1,0
CCCCCCOc1ccc(N2C(=O)CC(N3CCN(C(=O)c4ccco4)CC3)C2=O)cc1,0
Cc1nnc(SCc2cc(=O)n3[nH]cnc3n2)s1,0
CCN(CC)CCCNC(=O)c1cc2c(=O)n(C)c3ccccc3c2n1C,0
O=C(CSc1nc2ccccc2o1)N1CCN(c2ccccc2)CC1,0
COc1ccc2c(c1)c1nnc(SC)nc1n2C,0
Cc1ccc(SC(C)C(=O)Nc2ncn[nH]2)cc1,0
O=C(CN1CCN(Cc2ccccc2Cl)C1=O)N1CCCCCC1,0
Cc1ccc(S(=O)(=O)N2CCN(Cc3nc4ccccc4n3C)CC2)cc1,0
CCOc1nc(-c2ccccc2)ccc1-c1noc(-c2cccnc2)n1,0
CCOC(=O)N1CCN(C(=O)CSc2nnc(COc3ccccc3)o2)CC1,0
CN1C(=O)c2ccc(N(C)C)cc2C1=O,0
COc1cccc2cc(C(C)N(CCCN3CCOCC3)C(=O)Nc3ccccc3)oc12,0
Cc1ccc(SCCCn2cncn2)cc1,0
O=C(NCc1ccco1)Nc1ccccc1Cl,0
CCC(C(=O)OC)n1cnc2c(nnn2-c2ccc(OC)cc2)c1=O,0
O=C(CSc1nc(=O)c2c([nH]1)CCCC2)Nc1ccc(Cl)cc1F,0
Cc1nnc(N2C(=O)c3oc4ccccc4c(=O)c3C2c2ccco2)s1,0
CCOC(=O)c1sc(NC(=O)C(CC)Sc2nccn2C)nc1C,0
Cc1ccc(-n2sc3ccccc3c2=O)cc1S(=O)(=O)N1CCCCC1,0
Cn1ncc2[nH]cnc(=O)c21,0
COc1ccc(N2CCN(C(=O)COc3ccccc3)CC2)cc1,0
O=C(CSc1nc(=O)cc(-c2ccccc2)[nH]1)N1CCc2ccccc21,0
C=CCn1c(-c2cccc(Cl)c2)n[nH]c1=S,0
c1cncc(-c2nc3ccccc3o2)c1,0
CC(C)C(=O)N1CCN(C2=NS(=O)(=O)c3ccccc32)CC1,0
Cn1c(/C(C#N)=C/Nc2ccccn2)nc2ccccc21,0
Cc1ccc(C)c(-n2c(CNC(=O)c3ccco3)nnc2SCC(=O)Nc2nccs2)c1,0
c1ccc2[nH]c(CSc3ncnc4c3oc3ccccc34)nc2c1,0
Cc1cc(-c2csc(NC(=O)c3cc4ccccc4o3)n2)c(C)n1C,0
Cc1cccc(-n2c(=O)[nH]c3c(C(N)=O)nc(C(C)C)nc32)c1,0
C=CCNC(=O)CCCc1ccccc1,0
CCCCc1cc(=O)oc2cc(OCC(=O)N(C)C)c(Cl)cc12,0
O=C1CCCN1CC(CN1CCOCC1)Sc1nnnn1-c1ccccc1,0
Cc1noc(C)c1C(=O)OCC(=O)c1cc(C)n(Cc2ccccc2Cl)c1C,0
Cc1nc(Sc2cccn2C)c(C(F)(F)F)c(=O)[nH]1,0
Nc1nnc(CCCCc2cccs2)o1,0
Cc1ccc2nc(Nc3ccc4[nH]c(=O)[nH]c4c3)c(-n3nc(C)cc3C)nc2c1,0
CCCCn1c2nc3ccccc3nc2c2c(=N)oc(C)nc21,0
COc1ccc(N2CCN(Cc3cc(=O)oc4ccc5ccccc5c34)CC2)cc1,0
COc1ccc(-n2c(SCC(=O)Nc3cc(C)on3)nc3c(c2=O)SCC3)cc1,0
Cc1ccc(-c2nc3s/c(=C\c4ccco4)c(=O)n3n2)cc1,0
CN(CCC#N)S(=O)(=O)c1ccc2c(c1)c(=O)n(C)c(=O)n2C,0
CC(C)CN(C(=O)c1ccc(=O)n(C)n1)c1nc2ccccc2s1,0
CC1(C)CC(=O)c2c(nc3ccccc3c2N)C1,0
Cc1cc(-c2ccccc2)c2c3c(cn2n1)c(=O)n(C)c(=O)n3C,0
Cc1cc(C)n(-c2nc3ccccc3nc2Nc2ccc3c(c2)OCO3)n1,0
O=C(NCC1CCCO1)c1nn2cccnc2c1Cl,0
Cc1cc(NC(=O)CSc2ncnc3ccccc23)no1,0
CN(C)c1ccc(CNn2cnnc2SCc2ccccc2F)cc1,0
O=C(NC1CCCCCC1)C1c2ccccc2C(=O)N1CCCN1CCOCC1,0
CCN(CC)C(=O)c1ccc(NC(=O)c2cc(-n3cnnc3)ccc2Cl)cc1,0
CCCC(=O)NC1=CC(=O)/C(=C2/Nc3cc(C)c(C)cc3O2)C=C1,0
CC(=O)Nc1cccc(NC(=O)c2ccc(C)o2)c1,0
CCOc1ccc(C(=O)Nc2cc(C)on2)cc1,0
O=C(COc1ccc(Cl)cc1)Nc1ccccc1CO,0
Cc1ccccc1N1C(=O)C2ON(c3ccccc3)C(c3cccnc3)C2C1=O,0
O=c1[nH][nH]c(=O)c2cc(N3CCCC3)ccc12,0
CCCn1c2ccccc2c2nnc(SCC(=O)Nc3ncccn3)nc21,0
Cc1ccc(OC(C)c2nnc(N)s2)cc1Cl,0
Cc1cc(Nc2nc3ccccc3[nH]c2=O)n(-c2ccccc2)n1,0
Cc1cc(C)n(-c2nnc(C)n2NS(C)(=O)=O)n1,0
Cc1cccc2nc(=S)n(C(=O)c3ccco3)n12,0
CN(C)/C=C(\C#N)c1nc2ccccc2[nH]1,0
Cc1ccnc(NC(=O)CCC(=O)N(CC(=O)NC(C)(C)C)C2CCCC2)c1,0
O=C(NCCCN1CCOCC1)c1cc(-c2ccc(Cl)cc2)on1,0
CCCCCSc1nc2c(c(=O)[nH]c(=O)n2C)n1C,0
CCOC(=O)C1CCN(C(=O)c2ccc3snnc3c2)CC1,0
CC1(C(=O)NC2CCCCC2)CCC(=O)N1Cc1cccs1,0
O=C(c1ccco1)N1CCN=C1SCc1ccccc1F,0
CCN(CC(=O)Nc1ccc2c(c1)OCO2)Cc1nc(=O)c2ccccc2[nH]1,0
Nn1c(SCC(=O)Nc2ccc(Oc3ccccc3)cc2)nnc1C1CC1,0
CCCc1cc(N2CCCC2)n2nc(C)c(-c3ccccc3)c2n1,0
O=C(Nc1ncnc2sc3c(c12)CCC3)c1ccco1,0
COc1cc(-c2noc(CCC(N)=O)n2)cc(OC)c1OC,0
O=C(NCCc1ccccc1)C1CCCN1C(=O)NCc1ccccc1,0
Cc1ccc2[nH]c3c(=O)n(CCCN4CCN(C)CC4)cnc3c2c1,0
Cc1ccc(S(=O)(=O)N2CCOCC2)cc1C(=O)Nc1nc(-c2cccnc2)cs1,0
COc1ccc(C(=O)COC(=O)CCn2nnc(-c3cccs3)n2)cc1,0
Cc1cccc(NC(=O)CCN2C(=O)C3C4C=CC(C4)C3C2=O)n1,0
CC1CC(C)CN(C(=O)C(NS(=O)(=O)c2ccc3c(c2)oc(=O)n3C)C(C)C)C1,0
O=C(N1CCOCC1)n1nnc2ccccc21,0
CN(C)C(CNc1nnnn1-c1ccccc1)c1ccco1,0
CC(C)Cc1nc2oc3c(NCc4cccnc4)ncnc3c2c2c1CCC2,0
CN(C)C(=O)N1CCC(C(=O)NCc2ccccc2Cl)CC1,0
Cc1ccccc1Cn1c(-c2cncs2)nc2ccccc21,0
CC(=O)NC(O)C(=O)c1ccccc1,0
Cc1nc2sc3c(c2c2nnc(SCC(=O)NCc4ccco4)n12)CCCC3,0
O=C(c1ccco1)N1CCN(C(=O)c2cc3c(s2)-c2ccccc2OC3)CC1,0
CCOCC(=O)Nc1sc2c(c1C(=O)OCC)CCCC2,0
Fc1ccc(C2=Nn3c(nnc3-c3n[nH]c4c3CCC4)SC2)cc1,0
Cc1ccccc1C(=O)Nc1cccc(NC(=O)Cn2cnc3c(=O)n(C)c(=O)n(C)c32)c1,0
CC1=C(C(=O)N2CCOCC2)C(c2ccsc2)C2=C(CCCC2=O)N1,0
O=C(c1ccncc1)N1CCN(C(=O)c2cccc3ccccc23)CC1,0
C=CCNc1nc(NC(C)(C)CO)nc(OCC)n1,0
CCCc1cc(-n2ccnc2C)n2c(nc3ccccc32)c1C#N,0
Cn1cccc1Cc1nnc(SCC(=O)NCc2ccc3c(c2)OCO3)n1CCc1ccccc1,0
Cc1ccc(Cl)cc1NC(=O)COC(=O)C1CCCC1,0
COc1ccc(CC(=O)Nc2cc(=O)n(C)c(=O)n2C)cc1,0
COc1ccc(-c2noc(CN(C)S(=O)(=O)c3ccc(Cl)cc3)n2)cc1OC,0
COCCNc1nnc(SCC(=O)N2CCN(S(=O)(=O)c3ccccc3)CC2)s1,0
CC(=O)c1ccc(-c2nc3ccccc3n2C)o1,0
CC(=O)N(Cc1cccnc1)Cc1cc2ccc(C)cc2[nH]c1=O,0
Cc1ccccc1Cn1ccc(NC(=O)c2nc3ncccn3n2)n1,0
CCCNC(=O)N(C)c1nncnc1C(=O)NC,0
Cc1cccc(-c2c3c(=O)n(C)c(=O)n(C)c3cn2-c2ccc(O)cc2)c1,0
CCOc1ccc(Oc2nc(Nc3ccc(C)cc3)nc(N(C)C)n2)nn1,0
CCOCCCNC(=O)c1cc(C)nn1-c1ccccc1,0
CC1CCN(S(=O)(=O)c2cccc(C(=O)Nc3nccs3)c2)CC1,0
COc1ccc(NC(=O)c2c(-c3ccccc3Cl)noc2C)c(OC)c1,0
Cc1cc(NC(=O)CSc2nc(C(C)C)nc3c2c(=O)n(C)c(=O)n3C)no1,0
COc1cc(NC(=O)CN(C)S(=O)(=O)c2ccc(C)cc2)cc(OC)c1,0
O=C(OCC(=O)N1CCOCC1)c1ccc2c(c1)OCCO2,0
Cc1cccc(C)c1NC(=O)CNc1ccccc1,0
CCn1c(=S)sc2c(=O)n(-c3ccccc3)c(SCC(=O)NCc3ccco3)nc21,0
Cn1c(SCC(=O)c2ccc(-c3ccccc3)cc2)nnc1-c1ccco1,0
C=CCOC(=O)C1=C(C)NC(SCC(=O)Nc2ccc(C)c(Cl)c2)=C(C#N)C1c1ccco1,0
COCCN(C(=O)c1csnn1)C(C(=O)NC1CCCCC1)c1sccc1C,0
O=C1Nc2ccccc2SC(c2ccccc2)C1O,0
Cn1c(=O)c2c(nc(SCCCC#N)n2Cc2c(F)cccc2Cl)n(C)c1=O,0
CCOCCn1c(CN2CCCC(C)C2)nc2c1c(=O)n(C)c(=O)n2C,0
COc1ccc(/C=N/n2cncn2)cc1COc1ccc(NC(C)=O)cc1,0
Cn1c(=O)n(CCc2ccccc2)c(=O)c2c1nc1n2CCCN1Cc1ccccc1,0
O=C(COc1cnc2ccccc2n1)NCCC1=CCCCC1,0
COc1ccc(C(=O)Nn2cc3c(c2-c2ccccc2)c(=O)n(C)c(=O)n3C)cc1,0
c1cc(C(c2nnnn2C2CCCC2)N2CCOCC2)ccn1,0
CC(C)Oc1ccc(C2C(C(=O)c3ccco3)=C(O)C(=O)N2Cc2cccnc2)cc1,0
COc1ccc(CNC(=O)c2cc(-n3cnnc3)ccc2Cl)cc1,0
Cc1ccc(-c2nc3ncccc3o2)cc1NC(=O)c1cc2ccccc2o1,0
CC(C)C(NC(=O)C1CCCCC1)C(=O)NCc1ccccn1,0
COc1ccc(N(CC(=O)Nc2ccc(F)c(Cl)c2)S(=O)(=O)c2c(C)noc2C)cc1,0
Cc1ccc(CSC2=Nc3ccccc3C3=NC(CC(=O)NCc4ccco4)C(=O)N23)cc1,0
CC(C)(C)C(=O)NC1CCN(C(=O)N2CCCC2)CC1,0
COc1ccc(C(=O)CSc2nnc(CNc3nc(-c4ccccc4)cs3)n2C)cc1,0
CC(C)(C)NC(=O)C(c1ccccc1F)N(Cc1ccco1)C(=O)c1csnn1,0
CCc1nnc(NC(=O)CSc2nnc(Cc3ccccc3)n2-c2ccccc2)s1,0
Cc1cc(N2CCN(C)CC2)nc(N2CCOCC2)n1,0
Cc1cccc(S(=O)(=O)C(C#N)c2nc3ccccc3nc2N2CC(C)OC(C)C2)c1,0
CN1CCN(C(=O)c2ccc(CN3CCOCC3)cc2)CC1,0
CC(C)NC(=O)C1CCN(C(=O)N(C)C)CC1,0
CC(=O)Nc1ccc(NC(=O)Cn2cc3c(n2)CCC(C)C3)cc1,0
C=C(C)CSc1nc2c(c(=O)[nH]c(=O)n2C)n1CCC(C)C,0
COCCCNC(=O)Cn1nnc(-c2ccc(NC(=O)c3ccccc3OC)cc2)n1,0
CCCn1c(SCC(N)=O)nnc1C(C)C,0
N#CC12CCCCC1CC1CCCCC1(C#N)N2Cc1cccnc1,0
O=C(CN1C(=O)c2ccccc2S1(=O)=O)Nc1cccnc1,0
CCN(Cc1ccccc1)C(c1ccncc1)c1nnnn1C(C)(C)C,0
CCCC(=O)c1cn(CC(=O)OC)c2ccccc12,0
CCN1CCN(c2cc(C)c3cc(NC(=O)c4ccncc4)ccc3n2)CC1,0
Nc1nnnn1/N=C/c1cccc(Oc2ccccc2)c1,0
COc1ccc(C)cc1NC(=O)CSc1nnc(-c2cc3cccc(OC)c3o2)n1N,0
CCc1[nH]nc2c1C(c1cccnc1)C(C#N)=C(N)O2,0
Cc1ccc(NC(=O)N2CCC(C(=O)NCc3ccccc3)CC2)cc1,0
Cn1c(=O)c2c(nc(N3CCCCC3)n2CCSc2nc3ccccc3s2)n(C)c1=O,0
CCOC(=O)c1cnn(-c2cc(C)c3ccccc3n2)c1N,0
COc1nc(NC(C)(C)C)nc(Oc2ccc(=O)n(C)n2)n1,0
COC(=O)C1C(=O)NC(SC)=C(C#N)C1c1ccccc1F,0
Cc1ccc(S(=O)(=O)N2CCC(C(=O)Nc3nnc(COc4ccccc4)s3)CC2)cc1,0
CCC(C)(C)NC(=O)C(c1ccncc1)N(Cc1cccs1)C(=O)Cn1nnc2ccccc21,0
Cc1cn(C2CC3OCC3O2)c(=O)[nH]c1=O,0
Cc1csc(NC(=O)C(CC(C)C)NS(=O)(=O)c2ccc3c(c2)oc(=O)n3C)n1,0
c1cc2c(cc1Cn1cnnn1)OCO2,0
C=CCN(CC(=O)NCc1ccccc1)C(=O)c1csnn1,0
CCN(CC)c1ccc(NC(=O)c2cnc3ccccn3c2=O)c(C)c1,0
COC(=O)/C=C1\NCCSC1=O,0
COc1ccc2c(c1)C1(Nc3ccccc3C(=O)N1c1ccccc1)C(=O)N2,0
Cc1cc(NC(=O)CSc2nc3ccccc3c(=O)n2CCCC(=O)NCc2ccco2)n[nH]1,0
CCN(CCNC(=O)C1CCCN(S(=O)(=O)CC)C1)c1ccccc1,0
c1ccc(N2CCN(Cc3ccsc3)CC2)nc1,0
Cn1c(C(=O)OC(C(=O)NC2CCCCC2)c2ccncc2)cc2sccc21,0
Cc1ccc(SCCNC(=O)C(C)C)cc1,0
CCc1nc(N)c(C#N)c(-c2cccn2C)c1C,0
O=C(NCc1cccs1)C1CC(=O)N(C2CCCC2)C1,0
COc1ccccc1CNc1nc2nc3c(c(=O)n2[nH]1)CCC3,0
CCSC1=C(C#N)C2(CCCCC2)C(C#N)C(=O)N1,0
c1cncc(-c2nc(Oc3ccc(-c4nnco4)cc3)c3c4c(sc3n2)CCCC4)c1,0
Cc1ccc(C)c(CN2CCCNC2=O)c1,0
Cn1c(SCC(=O)N2CCOCC2)nnc1-c1ccccc1,0
COc1cccc(NC(=O)N2CCC(C(N)=O)(N3CCCCC3)CC2)c1,0
COC(=O)CSc1nnc(CNc2ccc(Cl)cc2)n1Cc1ccccc1,0
CS(=O)(=O)NC1c2cccc3cccc(c23)C1N1CCOCC1,0
CCCCn1c(SCC2CCCCO2)nc2cc(S(N)(=O)=O)ccc21,0
CCOC(=O)CNc1ncnc2nc[nH]c12,0
CC(C)(C)c1ccc(C(=O)CSc2ncn[nH]2)cc1,0
Cc1cc(C)n(-c2nc3ccccc3n3nnnc23)n1,0
CN1CCN(S(=O)(=O)c2ccc(NC(=O)C3CCCCC3)cc2)CC1,0
Cc1nc2cc(NC(=O)Nc3ccc(N4CCOCC4)cc3)ccc2n1C,0
O=C(NCc1cccnc1)c1cccc(Cl)c1,0
C=CCn1c(SCC(=O)Nc2ccc3c(c2)CCC3)nnc1-c1cccs1,0
COc1ccc(NC(=O)CSc2nc(-c3ccncc3)nn2CC(=O)N2CCCC2)cc1,0
COc1ccc(N2CCN(Cc3nc4c(c(=O)[nH]c(=O)n4C)n3CCCc3ccccc3)CC2)cc1,0
C=CCn1c(COc2ccccc2C)nnc1SCC(=O)O,0
CCC(=O)Nc1nonc1-c1nc2ccccc2n1CCC(C)C,0
O=C(Nc1nnc(CCc2ccccc2)s1)C1CCCO1,0
CC(C)=CCSc1nnc(C(NC(=O)OC(C)(C)C)C(C)C)o1,0
CN1CCN(c2ccccc2NS(=O)(=O)c2ccc3c(c2)CCN3C(=O)C2CCC2)CC1,0
c1ccc(CNc2nc(NCCN3CCOCC3)nc(N3CCOCC3)n2)cc1,0
N#Cc1nc(COc2cccc(Cl)c2)oc1NCc1ccncc1,0
CN(C(=O)c1cccc(C#N)c1)c1nnc(C2CCOC2)s1,0
CC1(C)Cc2noc(N)c2C(C)(C)N1OC(=O)c1ccco1,0
c1n[nH]c(NC2=NCCC2)n1,0
CC(Sc1nncs1)C(=O)NCc1ccc2c(c1)OCO2,0
CC(=O)c1ccc(-n2nncc2C(C)(C)C)cc1,0
CCOc1ccc(CC2CC(=O)NC2=O)cc1,0
COc1ccc(NC(=O)Nc2ccc3c(c2)N(C)C(=O)CS3)cc1OC,0
C=CCNc1ncnc2c1cnn2-c1ccc(C)cc1C,0
Cc1cc(C(=O)NCCCN2CCCC2=O)cs1,0
O=C(Nc1ccc(Oc2ccccc2)cc1)C1CCN(c2ncccn2)CC1,0
COC(=O)C1Cc2c([nH]c3ccccc23)CN1,0
COc1ccc(NC(=O)Nc2ccccc2C(N)=O)cc1OC,0
C=CCNc1ncnc2c1[nH]c1ccccc12,0
O=C(c1cnsn1)N1CCN(c2ccccn2)CC1,0
COc1ccc(S(=O)(=O)N(Cc2ccccc2)Cc2nc(=O)c3ccccc3[nH]2)cc1,0
Cc1ccc2c(c1)nnn2C1CCN(CC(=O)N2c3ccccc3CC2C)CC1,0
CC(C)C(=O)N1CCN(c2nc(-c3ccccc3)c3c(c2C#N)CCCC3)CC1,0
C=CCn1c(SCC(=O)NC(=O)NCc2ccco2)nc2sc(CC)cc2c1=O,0
COc1ccc(OC)c(N(CC(=O)N2CCN(c3cc(Cl)ccc3C)CC2)S(C)(=O)=O)c1,0
Nc1nnc(CC(=O)NCc2ccccc2)s1,0
CC1(C)CC(=O)C2=C(C1)N1CCCCC1CC2=O,0
CN(CCNC(=O)c1cccc(N2CCCC2=O)c1)Cc1ccccc1,0
CC(=O)c1cccc(NC(=O)c2cc3nc(C)cc(C)n3n2)c1,0
Cc1ccc(-n2[nH]cc3c(=O)nc(SCC(=O)N4CCCC4)nc2-3)cc1C,0
CCN(C1CCCCC1)S(=O)(=O)c1ccc(S(=O)(=O)NCc2ccncc2)cc1,0
COC(=O)c1cccc2c1-c1ccccc1/C2=N\O,0
CCOC(=O)CSCC(=O)Nc1cc(C)ccc1C,0
O=C(c1ccco1)N1CCN(CC(O)Cn2c3ccccc3c3ccccc32)CC1,0
Cc1ccc(-n2ncc3c(=O)n(CC(=O)NC4CCCCC4)cnc32)cc1C,0
O=S(=O)(NC1CC2CCC1C2)c1ccc2c(c1)OCCO2,0
CCc1cc2c(s1)=NC(=O)CNC=2c1cccs1,0
N#CC(C(=O)NCc1ccco1)c1nc2ccccc2nc1N1CCOCC1,0
CCCn1c(N)c(C(=O)CN2CCN(S(=O)(=O)c3cccs3)CC2)c(=O)[nH]c1=O,0
COC(=O)C(NC(C)=O)(Nc1nc2c(s1)CCCC2)C(F)(F)F,0
COc1ccc(-c2noc(CCC(=O)Nc3ccc(C)c(C)c3)n2)cc1,0
COc1ccc(CCNC(=O)c2nn(C)cc2Cl)cc1,0
Cc1ccc2nc(NC3=NCN(Cc4ccco4)CN3)nc(C)c2c1,0
CCOC(=O)C1=C(C)Nc2[nH]c(SCC)nc(=O)c2C1c1ccncc1,0
OC1(Cc2ccn[nH]2)CCCCC1,0
COc1cc(-c2noc(-c3cccc(Cl)c3)n2)cc(OC)c1OC,0
Cc1ccc2c(c1)[nH]c1c(=O)n(CCN3CCNCC3)cnc12,0
COc1ccc(C(C)C)cc1S(=O)(=O)Nc1ccc(Cl)cn1,0
Cc1c(NS(=O)(=O)N2CCCC2)c(=O)n(-c2ccccc2)n1C,0
COCCN1Cc2cccc(C(=O)NCc3ccccc3OC)c2C1=O,0
Cc1cc(C)cc(N(CC(=O)NCC2CCCO2)C(=O)CCC(=O)Nc2cc(C)on2)c1,0
COc1ccc(CCNC(=O)CCn2c(=O)oc3ccccc32)cc1OC,0
COc1ccc(C)cc1-n1nnnc1SCc1cc(=O)n2cc(C)ccc2n1,0
CC1CCCCN1S(=O)(=O)c1coc(C(N)=O)c1,0
Cn1c(=O)c2cc(NCc3ccccc3)nnc2n(C)c1=O,0
CSc1ccccc1NC(=O)c1c(C)noc1C,0
O=C(NC1CCN(Cc2ccccc2)CC1)C1CCN(S(=O)(=O)c2cccc3nsnc23)CC1,0
COc1cc2[nH]c(=S)n(C3CCCC3)c(=O)c2cc1OC,0
COc1ccc(NC(=O)Nc2ccc(N3CCCC3=O)cc2)cc1OC,0
CCC(=O)Nc1ccc(NC(=O)CSc2nnnn2CC)cc1C,0
CC(C)(C)c1cnnn1-c1ccc(NC(=O)c2ccc3c(c2)OCO3)cc1,0
CCCCn1c(N)c(Sc2ccc(C)cc2)c(=O)[nH]c1=O,0
COc1cccc(-c2nc(CS(=O)(=O)CC(=O)NCCC(C)C)c(C)o2)c1,0
O=S(=O)(c1ccc(OCC(O)CN2CCc3ccccc3C2)cc1)N1CCOCC1,0
CC(C)CCn1nnnc1C(c1ccccc1F)N1CCC(C(N)=O)CC1,0
c1ccc(CNc2ncnc3c2ncn3C2CCCCO2)cc1,0
COc1ccc(C(=O)CSc2nc3nc(C)cc(C)n3n2)cc1OC,0
CC1=C(c2ccc(Cl)cc2)[N+](=O)C(C)(C)N1[O-],0
Cc1nc2cc(Cl)ccc2n1CCO,0
COc1ccc2c(Cl)c(C(=O)NCCCn3ccnc3)sc2c1,0
O=C1NCCCC1C(=O)Nc1ccccn1,0
O=C(CCc1ccccc1)NCCCN1CCOCC1,0
O=C(CCCCCNc1nc(=S)[nH]c2ccccc12)N1CCN(c2ccccn2)CC1,0
Cc1cc(NS(=O)(=O)c2ccccc2)n(-c2ccccc2)n1,0
COc1cc(C(=O)Oc2ccccc2N)cc(OC)c1OC,0
CC1Cc2ccccc2N1C(=O)CCNS(=O)(=O)c1ccc2c(c1)CCC(=O)N2,0
CCCc1nn(CCc2ccccn2)c(N)c1CC,0
O=c1c2ccccc2ncn1Cc1nc2ccccc2s1,0
OCC/N=C(\c1ccccc1)C12CN3CN(CN(C3)C1)C2,0
OC1CN=C2CCCc3c2n(c2ccc(Cl)cc32)C1,0
CC1=C(C(=O)Nc2ccccc2C)C2(CCCC2)C(C(N)=O)C(=O)N1,0
Cc1cc(C)n2nc(SCn3nnc4ccccc4c3=O)nc2n1,0
Clc1cccc(-c2nnc3sc(-c4ccccc4)nn23)c1,0
CCNC(=O)CCc1nc(-c2ccc(C(C)(C)C)cc2)no1,0
CCOC(=O)N1CCN(C(=O)c2ccccc2CCc2ccccc2)CC1,0
Cn1c(=O)c2c(SCc3ccccn3)nc(C3CC3)nc2n(C)c1=O,0
CCOC(=O)c1nnc2cc(-c3ccccc3)nn2c1C,0
COC(=O)Cc1cc(=O)nc(N/C(=N/C(=O)c2ccccc2)Nc2ccccc2C)[nH]1,0
COC(=O)Cn1c2ccc(F)cc2c2nc(C)sc21,0
CC1=C(C(=O)Nc2ccccc2)C(c2ccccc2)N2C(=O)CSC2=N1,0
O=C(C1CCCCC1)N1CCC(n2nnc3ccccc32)CC1,0
CSc1nc(C)cc(OCC(=O)N2CCOCC2)n1,0
Cc1nc(SCC(=O)N(C)Cc2ccco2)c2c(C)c(C)sc2n1,0
Nc1c(S(=O)(=O)c2cccs2)c2nc3ccccc3nc2n1Cc1cccs1,0
Cc1ccc(C)c(-n2c(SCC(N)=O)nnc2-c2ccccn2)c1,0
Cc1ccc2nc3c(cc(C(=O)NCCCn4ccnc4)n3C)c(=O)n2c1,0
CC(=O)N1C(=O)N(C)C2C1N(C(C)=O)C(=O)N2C,0
Cc1ccccc1-c1nc(CS(=O)CC(=O)NCc2ccccc2)c(C)o1,0
CC(=O)Nc1ccc(C(=O)CSc2nnnn2C(C)C)cc1,0
CCc1nnc(NC(=O)C2CCCN2C(=O)Nc2ccccc2OC)s1,0
COc1ccc(-n2c(C)nc3cc(C(=O)N4CCOCC4)ccc32)cc1,0
CC(=O)c1cc2c(cc1NC(=O)Nc1cccc(Cl)c1)OCCO2,0
CCOCCc1nnc(NC(=O)CN2C(=O)c3ccccc3C2=O)s1,0
O=C(Cn1c(=O)[nH]c2ccsc2c1=O)NC1CCCCCC1,0
Cc1cc(C(F)(F)F)nc(SCC(=O)NC2CC3CCC2C3)n1,0
Cc1cc(NCCN2CCOCC2)n2ncc(-c3ccccc3)c2n1,0
COc1ccc(C(=O)CSc2nnc(-c3ccccn3)n2Cc2ccco2)cc1,0
COC(=O)c1sc(NC(=O)CSc2nnnn2-c2ccc(C)cc2C)nc1C,0
COCCn1nnnc1C(c1ccc(OC)cc1)N1CCC(C)CC1,0
COc1ccc(C2C(C(C)=O)=C(C)N=c3s/c(=C\c4ccc5c(c4)OCO5)c(=O)n32)c(OC)c1,0
CCn1c(SCC(=O)Nc2nnc(C)s2)nnc1-c1ccncc1,0
Cc1ccc(OCC(=O)N(Cc2ccc(N(C)C)cc2)C2CCS(=O)(=O)C2)cc1,0
Cc1ccc(OCC(=O)Nc2nnn(C)n2)c(C)c1,0
O=C(CSc1nc2cc(Cl)ccc2o1)N1CCOCC1,0
COc1ccc(C2CC(=O)C(=CNCCN3CCN(C(C)=O)CC3)C(=O)C2)cc1OC,0
CCOC(=O)Cc1csc(NC(=O)CSc2nnc(C)n2C)n1,0
CCOC(=O)N1CCN(C(=O)c2cc3c(ccc4ccccc43)oc2=O)CC1,0
Cc1ccc(CNC(=O)CCNS(=O)(=O)c2ccc3c(c2)c(=O)n(C)c(=O)n3C)cc1,0
Cc1cccc(C)c1NC(=O)CCCSc1nnnn1C,0
COc1ccc(-n2c(Cc3cc(=O)[nH]c(=O)[nH]3)nnc2SCC(=O)N2CCCC2)cc1,0
CCOc1ccccc1NC(=O)CSc1nnnn1-c1ccc(C(=O)OC)cc1,0
COC(=O)c1ccc(NC(=O)CSc2nnc(COc3ccc4c(c3)CCCC4)o2)cc1,0
CC(C)NC(=O)c1cnc(N2CCN(c3ccccn3)CC2)c2ccccc12,0
CC(C)NC(=O)CSc1nnc2sc3ccccc3n12,0
Nc1nonc1-c1nc2ccccc2n1Cc1ccc(Cl)cc1,0
c1coc(-c2nn3c(-c4ccco4)nnc3s2)c1,0
Cn1c2ccccc2c2c(C(=O)NCC3CCCO3)cn(C3CCCC3)c(=O)c21,0
O=C(O)CCCCCNC(=O)CCn1nnc2ccccc2c1=O,0
COCCN(C(=O)Cc1cccs1)c1nnc(-c2cccnc2)s1,0
Cc1cc(C)nc(-n2nc(C)cc2NC(=O)CN2CCCC(C)C2)n1,0
CCCCCCC(C)n1[nH]c(=O)c2c(C)cc(=O)[nH]c21,0
COc1nc(OC)nc(N2CCC(C(=O)Nc3cccc4c3CCCC4)CC2)n1,0
CCOc1c(C#N)c(C#N)c2nc(C)cc(C)n12,0
NC(=O)c1ccccc1N/C=C/C(=O)c1ccco1,0
CC(C)CN1C(=O)c2ccc(C(=O)Nc3ccncc3)cc2C1=O,0
CCSc1nc2c(c(=O)n1CC)SC(C)C2,0
Cc1cc(C)n(-c2nc3sc4c(c3c3nnc(SCC(N)=O)n23)CC(C)(C)OC4)n1,0
Cc1ccc(CNC(=O)CN2C(=O)C3(OCCCO3)c3ccccc32)cc1,0
CCOC(=O)C(C)(C)Sc1nc2n(-c3ccc(Cl)cc3)[nH]cc-2c(=O)n1,0
Cc1ccc(-n2nnnc2SCC(=O)c2cc(C)n(-c3cc(C)on3)c2C)c(C)c1,0
N#Cc1nc(Cc2ccccc2)oc1NCc1cccnc1,0
Cc1nn(-c2ccccc2)c2sc(C(=O)OCn3nnc4ccccc4c3=O)cc12,0
CCN1CCN(CNC(=O)c2cnccn2)CC1,0
O=C(O)CCCC(=O)NCCc1cccc(Cl)c1,0
Cc1cc(NC(=O)CCN2C(=O)C3C4C=CC(C4)C3C2=O)c2ccccc2n1,0
CCOC(=O)c1nnn(-c2nonc2N)c1-c1ccc(OC)cc1,0
c1ccc2c(c1)[nH]c1c(N3CCSCC3)ncnc12,0
CCn1nc(NC(=O)c2ccccn2)c2cc3cccc(C)c3nc21,0
Cc1cc(C)n(CCOc2nonc2N)n1,0
C=CCN(CC=C)c1nc2ccccc2nc1C(C#N)C(=O)OC(C)C,0
Cn1nnc(NC(=O)COc2ccc(C3CCCCC3)cc2)n1,0
CCOC(=O)c1[nH]c2ccc(C)cc2c1N,0
CCC1(C)Cc2c(sc3c2c2ncnn2c2nnc(SCC(=O)NCc4ccco4)n32)CO1,0
Cn1c(Cc2csc(N)n2)nnc1SC/C=C/c1ccccc1,0
O=C(O)c1ccccc1C(=O)N1CCN(c2cccc(Cl)c2)CC1,0
Cc1c2c(nc3nc4ccccc4n13)CC(C)(C)CC2=O,0
Cc1nc2nc3c(cn2n1)C(=O)CC(C)(C)C3,0
Cc1ccoc1C(=O)NCCCNC(=O)c1occc1C,0
CN(C)C(=O)c1ccc(Oc2ccc(C(=O)N(C)C)cc2)cc1,0
Cc1ccc2nsnc2c1S(=O)(=O)NCc1ccc2c(c1)OCO2,0
c1ccc(OCCCn2nnc(-c3cccnc3)n2)cc1,0
O=C(c1ccccc1)n1c(=S)nc2ccccn21,0
Cc1cc2ncn(S(=O)(=O)N3CCCCC3)c2cc1C,0
CCNC(=O)Cn1cnc2c1c(=O)n(C)c(=O)n2C,0
Cc1nnc(NC2=NCCCCC2)o1,0
O=C(NC12CC3CC(CC(C3)C1)C2)N1CCN(S(=O)(=O)c2ccc(Cl)cc2)CC1,0
CC(=O)Cn1c(N2CCC(Cc3ccccc3)CC2)nc2c1c(=O)[nH]c(=O)n2C,0
CCOc1ccc(-c2cn(S(=O)(=O)c3cccc4nsnc34)nc2N)cc1,0
CCCCCNC(=O)C(C#N)c1nc2ccccc2nc1N1CCCC1,0
COc1ccc(CCc2nc(-c3ccc(-n4cccc4)cc3)no2)cc1,0
CCCCOc1ccc(CSc2ncn[nH]2)cc1,0
O=C(Nc1nccs1)c1cccc(NC(=O)C2CC2)c1,0
Cc1nc(N2CCN(Cc3ccccc3)CC2)c(C#N)c2c1COC(C)(C)C2,0
OCCOCCNc1ncnc2c1cnn2-c1ccccc1,0
CC(C)c1cccc(C(C)C)c1OCCn1ccnc1,0
CCOC(=O)Cc1cc(=O)n(-c2nc3ccccc3s2)[nH]1,0
CC(C)=CC(=O)OCC(=O)Nc1ccccc1Cl,0
Cc1ccccc1-c1nc(CN2CCCC(C(=O)NCc3cccnc3)C2)c(C)o1,0
CCn1c(SCC(=O)Nc2ccccc2N2CCCCC2)nc2c1c(=O)n(C)c(=O)n2C,0
Cn1c(=O)c2[nH]c(NCC3CCCO3)nc2n(-c2ccccc2)c1=O,0
CC(=O)Nc1nc(=O)c(Cc2ccccc2)c(C)[nH]1,0
Cc1cc(C)n2nc(SCC3COc4ccccc4O3)nc2n1,0
O=C(Nc1ccccc1Oc1ccccc1)c1cnccn1,0
CCCCn1c(=O)[nH]c(=O)c2c1nc(-c1ccncc1)n2CCOC,0
COc1ccc(OCC(=O)Nc2ccc(NC(=O)c3ccco3)cc2)cc1,0
Cc1c(C#N)c2ncnc(-c3ccccc3)c2n1-c1ccccc1,0
OC1(c2ccccc2F)CCN(Cc2nnnn2CCc2ccccc2)CC1,0
Cc1csc(NC(=O)C2CCCN2C(=O)OCC(C)C)n1,0
CC1=C(C(=O)OCC2CCCO2)C(c2ccncc2)C2=C(CCCC2=O)N1,0
Cc1noc(C)c1S(=O)(=O)N1CCCC(C(=O)NCC2CCCO2)C1,0
CC(=O)Oc1ccc(-c2nc(-c3cccnc3)no2)cc1,0
Cc1cc(Cl)cc(Cl)c1OCC(=O)NCc1ccco1,0
CCOC(=O)C1CCN(c2c(NCCN3CCN(c4ccccc4)CC3)c(=O)c2=O)CC1,0
O=C(CSc1ncn(-c2ccccc2)n1)N1CCN(c2ccccc2)CC1,0
CSc1nncc(-c2ccc(F)c(F)c2)n1,0
Cn1nnnc1SCc1c(F)cccc1F,0
Cc1cc(C)cc(-n2nnc(C(=O)NCc3ccc(Cl)cc3)c2N)c1,0
N#CC(c1nc2ccccc2nc1N1CCCCC1)S(=O)(=O)c1ccc(Cl)cc1,0
O=C(c1cc2c(s1)CCCCC2)N1CCN(c2ncccn2)CC1,0
Cc1n[nH]c(=O)nc1NCc1ccco1,0
O=C(CSc1nc(C2CCCCC2)n(-c2ccccc2)n1)NCCN1C(=O)CSC1=O,0
CN(C(=O)C1CCCO1)c1nnc(-c2ccccn2)s1,0
Cn1cc(S(=O)(=O)CC(=O)NC2CCCCC2)c2ccccc21,0
COc1cc(NS(=O)(=O)c2ccc(NC(=O)C34CC5CC(CC(C5)C3)C4)cc2)ncn1,0
CCCn1nnc(NC(=O)c2cccc(OCC)c2)n1,0
CCn1c(COc2ccc(Cl)cc2)nnc1SCc1ccc(C#N)cc1,0
Cn1nnc(NC(=O)c2ccc(C(C)(C)C)cc2)n1,0
COc1ccc(S(=O)(=O)N2CCCC2)c(C)c1C,0
O=C(NC1CCCCC1)c1noc2c1CCCCC2,0
Cc1ccnc2nc(C(=O)N3CCN(S(=O)(=O)c4ccccc4)CC3)nn12,0
Cn1ccnc1SCC(=O)Nc1ccc2ccccc2c1,0
COc1ccc2nc(NC(=O)C3CCCN(S(=O)(=O)c4cccc5nonc45)C3)sc2c1,0
COc1ccccc1N1CCN(C2CCN(C(=O)c3cc(OC)c(OC)c(OC)c3)CC2)CC1,0
CNc1oc(-c2ccco2)nc1C#N,0
Cc1noc(C)c1C(=O)NC(C)c1ccc2c(c1)OCO2,0
O=C(Nc1nnc(CCc2ccccc2)s1)c1cccs1,0
CCn1c(=N)c(S(=O)(=O)c2ccc(F)cc2)cc2c(=O)n3ccccc3nc21,0
Cc1nc2ccccc2n1CCc1nc2c3ccccc3nc(SCC(=O)NCc3ccco3)n2n1,0
O=C(Nc1nc(-c2cccs2)c(-c2ccccc2)s1)c1ccco1,0
O=C(NCCCn1ccnc1)c1noc2c1CCc1ccccc1-2,0
CC(C)C(=O)Nc1ccc(-c2nc3cccnc3o2)cc1,0
COc1ccc(-c2noc(CCC(=O)NCCN(C)Cc3ccccc3)n2)cc1,0
CCCCC(=O)Nc1ccc(Cl)cn1,0
O=C(CCn1c(=O)oc2ccccc21)N(Cc1ccccc1)c1ccccn1,0
CCSc1ccccc1C(=O)NCCCn1ccnc1,0
O=C(NC1CC1)C1CSC(c2cccnc2)=N1,0
Cc1cc(C)c2c(=O)[nH]n(C3CCOC(C)(C)C3)c2n1,0
Cc1ccccc1NC(=O)C1CCCN(S(=O)(=O)c2c(C)noc2C)C1,0
COc1cc2c(C#N)c(N3CCOCC3)nc(N)c2c(N)n1,0
CCOC(=O)CSc1nnc(CNc2ccc(F)cc2)o1,0
Cc1nn(C)c(C)c1NC(=O)CCSc1nc(-c2ccco2)cc(C(F)(F)F)n1,0
CCn1c(COc2ccccc2C)nnc1SCC(=O)O,0
O=C(CSc1nc2ccccc2s1)N1CCN(C(=O)c2ccco2)CC1,0
CCOCCc1nnc(NC(=O)Cc2ccccc2)s1,0
Cc1ccc(C)c2[nH]c(=O)c(CCNC(=O)C(C)C)cc12,0
COc1ccccc1-c1nc(S(=O)(=O)c2ccc(Cl)cc2)c(N(C)C)o1,0
CC(=O)Nc1nc(=O)c(Oc2ccccc2)c(C)[nH]1,0
CCOc1ccc(CN(CCO)CCO)cc1C(=O)OC,0
CC1CCc2sc3ncnc(N4CCOCC4)c3c2C1,0
Cc1cnc(C(=O)Nc2ccc(-n3cnnn3)cc2)cn1,0
CCn1c(SCc2ccc(C)cc2)nnc1-c1cnccn1,0
O=C(Nc1ccccc1C(=O)N1CCCC1)C1CCN(c2ncccn2)CC1,0
CC(C)OC(=O)c1nnn(-c2nonc2N)c1CN1CCc2ccccc2C1,0
Cc1cc(NC(=O)CSc2nc(-c3cccnc3)ccc2C#N)no1,0
CCc1ncc(C(O)c2cccc3ccccc23)n1C,0
Nc1cc(=O)[nH]c(=O)n1Cc1ccco1,0
CCc1ccc(NC(=O)CSc2nnc(CNC(=O)c3c(F)cccc3Cl)o2)cc1,0
CN(C)c1oc(-c2ccc(OCc3ccccc3)cc2)nc1C#N,0
CCOC(=O)N1CCN(C(=O)c2nn(-c3cc(OC)cc(OC)c3)c(=O)c3ccccc23)CC1,0
CS(=O)(=O)N1CCCC(C(=O)NCc2ccc(F)cc2Cl)C1,0
Cc1cccc(-n2c(Cc3cc(=O)[nH]c(=O)[nH]3)nnc2SC(C)C)c1,0
Cn1c(=O)c2c(nc(SCCOc3ccc4ccc(=O)oc4c3)n2C)n(C)c1=O,0
CCOC(=O)c1c(NC(=O)CSc2n[nH]c(N)n2)sc(CC)c1C,0
CCC(Sc1nc(=O)cc(C)[nH]1)C(=O)Nc1nc2c(s1)CCCC2,0
Fc1ccccc1N1CCN(c2nc3ccccc3n3nnnc23)CC1,0
Cc1ccc(C(C(=O)NCc2ccco2)N(CC2CCCO2)C(=O)Cn2nnc3ccccc32)cc1,0
COc1cccc(CNC(=O)C2CCN(c3cnccn3)CC2)c1,0
Cc1ccc(-c2noc(CN(C(=O)CCN3C(=O)c4ccccc4C3=O)C(C)C)n2)cc1,0
O=S(=O)(Nc1ccc(N2CCCCC2)cc1)c1cccc2cccnc12,0
CCCCn1c(SCc2ccc(Cl)cc2)nc2c1c(=O)[nH]c(=O)n2C,0
CCn1c(SCc2cc(=O)[nH]c3ccccc23)nc2c1c(=O)n(C)c(=O)n2C,0
COc1ccc(CCNC(=O)CSc2nnnn2-c2ccccc2)cc1OC,0
CC(C)n1c(SCC(=O)NCc2ccco2)nc2c1c(=O)n(C)c(=O)n2C,0
O=C1C(=CNCCCn2ccnc2)C(=O)c2ccccc21,0
Cc1cccc(NC(=O)CSc2nc(C)nc3c2c(=O)n(C)c(=O)n3C)c1,0
Cn1c(=O)cc(SCC(=O)N2CCCC2)c2ccc(Cl)cc21,0
COC(=O)c1cc2c(=O)n3ccccc3nc2n(Cc2cccnc2)c1=N,0
Cc1ccc2c(CC(=O)Nc3nc(C)cs3)coc2c1,0
O=C(OCC(=O)N1CCOCC1)c1ccc[nH]c1=O,0
Cc1cc(C)cc(NC(=O)C2CCCN(c3nc(C)cc(C)n3)C2)c1,0
O=C(CSC1=NCCS1)N1CCCC1,0
O=c1cc(CSc2nnc(COc3ccc(Cl)cc3)o2)c2ccccc2[nH]1,0
O=S(=O)(NCc1cccnc1)c1cccc2nsnc12,0
O=C(O)CCn1cnc2ccccc2c1=O,0
Cc1nn(Cc2ccccc2)c(C)c1NC(=O)CCC(=O)O,0
O=C(Nc1nc2ccc(S(=O)(=O)N3CCCC3)cc2s1)C1CCCO1,0
COc1cccc(N(C(C)=O)c2nc(C)cc(C)c2C#N)c1,0
c1ccc(-n2nnnc2SCc2cn3ccccc3n2)cc1,0
Cc1cc(C)nc(NC(=O)c2c(-c3ccccc3Cl)noc2C)n1,0
CCCS(=O)(=O)N1CCCC(C(=O)NCCCN(Cc2ccccc2)C(C)C)C1,0
O=C(NCC1CCCO1)c1cccc(-n2cnnn2)c1,0
Cc1c(C(=O)NCc2ccccn2)sc2nc(-c3ccc(F)cc3)cn12,0
O=c1c2ccccc2nc(-c2ccccc2)n1CCCn1ccnc1,0
COc1cccc2[nH]c3c(=O)n(CCN(C)C)cnc3c12,0
CCCCOc1ccc(CSc2nncn2N)cc1,0
Cc1cc(C)nc(N2CCC(C(=O)NCCc3ccccc3F)CC2)n1,0
CC(=O)N(CN1C(=O)C2CC=CCC2C1=O)c1cccc(Cl)c1,0
CC(=O)Cn1c(CN2CC(C)CC(C)C2)nc2c1c(=O)n(C)c(=O)n2C,0
COCCNc1ncnc2c1cnn2Cc1ccc(Cl)cc1,0
c1nc(NCC2(N3CCOCC3)CCCCC2)c2ccsc2n1,0
COc1ccccc1NC(=O)CSc1nnc(CC(=O)Nc2ccccc2)n1C,0
COc1ccc2cc(CN(CCCN3CCOCC3)Cc3nnnn3C3CCCC3)c(=O)[nH]c2c1,0
CC(=O)Nc1ccc(S(=O)(=O)NCc2csc(C)n2)cc1,0
COc1cccc(-c2nnc(N(C)C(=O)C3CCOC3)s2)c1,0
Cc1ccc(-n2c(SCC(=O)N3CCCC3)nc3c(c2=O)SCC3)cc1,0
CN(C)/C=N/c1c(C(=O)NCc2ccccc2)nnn1Cc1ccccc1,0
CCOC(=O)c1nnn(-c2nc(OC)nc(N(C)C)n2)c1-c1ccccc1,0
CC(Sc1nnnn1C)C(=O)Nc1ccc(N2CCOCC2)cc1,0
COc1ccc(CCNS(=O)(=O)c2ccccc2)cc1OC,0
COc1ccc(S(=O)(=O)n2ccnc2)c2cccnc12,0
Cc1ccc(NC(=O)C2CC(=O)NC(N3CCCCC3)=N2)cc1Cl,0
COc1cc(C(=O)N(Cc2ccc(N(C)C)cc2)C2CCS(=O)(=O)C2)cc(OC)c1OC,0
COc1ccc(CCNC(=O)c2c(O)n3c4c(cccc4c2=O)CC3)cc1,0
Cc1[nH]nc2nc3c(c(OC(=O)c4ccccc4)c12)c(=O)n(C)c(=O)n3C,0
O=C(CSc1ncn[nH]1)c1ccc2c(c1)OCO2,0
CC(C)(C)OC(=O)N1CCCC1C(=O)NCC1CCC(C(=O)O)CC1,0
CC1=C(C(=O)NCc2ccco2)C2(CCC(C)CC2)OC1=O,0
O=C(NCc1ccccn1)C1COc2ccccc2O1,0
O=C(COc1ccccc1)N1CCN(Cc2c[nH]c3ccccc23)CC1,0
CCOC(=O)Cc1csc(Nc2c(C)n(C)n(-c3ccccc3)c2=O)n1,0
O=C(O)c1cc(-c2ccc(Cl)cc2)n[nH]1,0
Cn1nnnc1SCC(=O)Nc1ccc(Oc2ccccc2)cc1,0
Cc1ccc(Cl)cc1N1CCN(Cc2nnnn2Cc2ccco2)CC1,0
Nc1cc(N)nc(SCC(=O)N2CCCCC2)n1,0
COc1ccc(NC(=O)c2ccc(OC)cc2)cc1,0
CN1CCN(/C=N/c2c(C#N)cnn2-c2ccccc2)CC1,0
CC1CCCCC1NC(=O)CN1CCN(Cc2ccccc2Cl)C1=O,0
CCn1c(C)nc2cc(S(=O)(=O)N3CCCC3)ccc21,0
COC(=O)c1ccc(NC(=O)CCn2cccc2)cc1,0
CCn1cc(C(=O)NCCCN2CCC(C)CC2)c(=O)c2cc(S(=O)(=O)N3CCCC3)ccc21,0
CCOC(=O)C(C)Sc1nc(-c2ccc(OC)cc2)nc2c1c(=O)n(C)c(=O)n2C,0
O=C(COC(=O)Cn1cnc2ccccc21)NCCc1ccccc1,0
CCOc1ccc2[nH]cc(C(=O)O)c(=O)c2c1,0
Cc1cc(OCC(=O)N2CCCC2)ccc1Cl,0
CN(C)C(=O)N1CCCC(C(=O)NCc2ccc(F)cc2Cl)C1,0
COc1ccc(-n2ncc3c(NC(C)C)ncnc32)cc1,0
COC(=O)C1=CN(C)C=C(C(=O)OC)C1c1ccccc1Cl,0
Cc1[nH]n(CCC#N)c(=O)c1CC(=O)N1CCN(c2ccccc2)CC1,0
Cc1cc(C)n(-c2ccc(C(=O)Nc3nc4ccccc4s3)cc2)n1,0
COc1ccc(C(=O)Nc2ccc(S(=O)(=O)N3CCCCC3)cc2)cc1OC,0
O=C(CCCCn1c(=S)[nH]c2ccsc2c1=O)NCc1ccco1,0
C=C(C)C/N=c1\scc(C)n1/N=C/c1ccco1,0
Cc1cc(S(=O)(=O)Nc2c(C(=O)O)[nH]c3ccccc23)ccc1F,0
COc1ccc(-c2nc(N)n[nH]2)cc1OC,0
CCOCCCNc1ncc2c(n1)CC(c1ccc(C)cc1)CC2=O,0
Cc1ccc(Cn2nnc3c(=O)n(CC(=O)NCc4ccco4)cnc32)cc1,0
O=C(CC1CCCCC1)NCc1ccccn1,0
O=c1c2ccccc2n(Cc2ccc(Cl)cc2)c(=O)n1Cc1ccco1,0
O=C(NC1CCCCC1)N(Cc1ccccc1)Cc1ccco1,0
CC1=Nn2c(nc(-c3ccccc3)c2-c2ccccc2)N(CC(N)=O)C(=O)C1,0
Cc1cc(C)n(Cc2nc3ccccc3n2C)n1,0
CCc1nnc(NC(=O)CSc2ncnc3c2oc2ccccc23)s1,0
Cc1cccc(-n2ncc3c(N4CCN(c5nc(C)cc(C)n5)CC4)ncnc32)c1,0
CCc1nnc(NC(=O)C2CCCN(c3nc4ccccc4s3)C2)s1,0
Cc1nc(S(=O)(=O)N2CCOCC2)c(C#N)c(C)c1Cl,0
CN1CCN(S(=O)(=O)c2ccc(SCCOc3ccccc3)nc2)CC1,0
CCc1nc2c(n1O)CCc1nonc1-2,0
Cn1ncc2nnn(-c3ccccc3)c(=O)c21,0
CCOC(=O)Cc1csc(NC(=O)CSc2nnnn2-c2ccc(F)cc2)n1,0
Cc1ccc(NC(=O)CN(C)c2ccc(S(=O)(=O)N3CCN(C)CC3)cn2)cc1,0
C=CCn1c(Cc2cccs2)nnc1SCC(=O)c1ccc(F)cc1,0
CCCNc1nc2c(c(=O)[nH]c(=O)n2C)n1CCC(C)C,0
Cc1ccc(S(=O)(=O)c2c(N)n(C)c3nc4ccccc4nc23)cc1,0
C=CCNc1nc(-c2ccccc2)nc(-n2ccnc2)n1,0
CN(C)C(=O)Cn1cnc2c(cnn2-c2ccccc2Cl)c1=O,0
COc1ccc(Oc2ncnc3c2ncn3Cc2ccccc2)cc1,0
O=C(NCc1ccccc1)C1CCCN(C(=O)Nc2ccccc2)C1,0
CCSc1nnc(NC(=O)c2ccccn2)s1,0
Cc1cc(SCC(=O)Nc2ccccc2)nc(C)n1,0
Cc1ccc(C)c(NC(=O)Cn2nc(C)c3ccccc3c2=O)c1,0
COc1ccc(-c2cc(C(=O)NCc3cccnc3)no2)cc1OC,0
COc1ccc(Nc2cc(C)nc(N3CCOCC3)n2)cc1,0
CCC(Sc1nc2sc(C(=O)OC)c(C)c2c(=O)n1N)C(=O)NCC1CCCO1,0
Nc1ccccc1-c1n[nH]c(SCc2ccccc2F)nc1=O,0
CCn1c(=O)cc(SCC(=O)NCc2cccnc2)c2ccccc21,0
CCOC(=O)c1sc(=S)n(-c2cc(OC)ccc2OC)c1N,0
COc1ccc(NC(=O)CN(c2ccccc2)S(=O)(=O)N(C)C)cc1OC,0
CCOC(=O)c1cnc(-n2nc(C)cc2C)nc1NCc1ccccc1,0
CCc1ccc(NC(=O)c2cc(-c3ccc(OC)cc3)on2)cc1,0
CC1CCCN(c2oc(-c3cccc4ccccc34)nc2C#N)C1,0
O=C(CSc1nnc2ccccn12)c1ccccc1,0
Cc1ccc(-c2cn3c(=S)[nH]nc3s2)cc1,0
CCCCOC(=O)c1ccc(NC(=O)CSc2nncn2C)cc1,0
Cc1c(C)c2cc(Cl)c(OCc3nn[nH]n3)cc2oc1=O,0
CCOC(=O)CSc1nc2ccccc2n2cnnc12,0
c1ccc2[nH]c(SCc3ccc(-c4nnco4)cc3)nc2c1,0
Cc1cc(=O)nc(SCC(=O)Nc2nc(-c3ccccc3)cs2)[nH]1,0
Cn1c(CCc2ccccc2)nnc1SCC(=O)N1CCCC1,0
O=C(CSc1nnc(-c2ccccn2)n1Cc1ccco1)c1ccc(Cl)cc1,0
CCOC(=O)c1cc2c(=O)n3ccccc3nc2n(CCOC)/c1=N/C(=O)c1ccncc1,0
Cc1cc(NC(=O)CSc2nc3ccsc3c(=O)n2Cc2ccccn2)n[nH]1,0
CCOC(=O)Nc1ccc2c(c1)N(C(=O)OC)c1ccccc1CC2,0
Nc1c(-c2ccc(Cl)cc2)nnn1-c1ccccc1,0
Cc1sc2nc(C3CC3)nc(SCC(=O)NCc3ccco3)c2c1C,0
CCOC(=O)c1[nH]c(C)c(CN(CCc2ccccc2)C(=O)CCC(=O)O)c1C,0
Cc1cccc(-n2c(N)cc(=O)nc2SCC(=O)Nc2cc(C)on2)c1,0
CCc1nnc2sc(-c3cc(-c4ccccc4)nc4ccccc34)nn12,0
Cc1nnc(SCc2nc3ccccc3[nH]2)s1,0
Cc1ccc2nc3c(cc(C#N)c(=O)n3CCN3CCOCC3)c(=O)n2c1,0
Cc1ccc2nc(C3CCN(C(=O)NCc4ccccc4)CC3)[nH]c2c1,0
CCSc1nnc(NC(=O)C2CCCCC2)s1,0
Cc1nc2c(-c3ccccc3)c(C)nn2c(C)c1CCC(=O)NCc1ccco1,0
CC(=O)CSc1nnc(CSc2ncccn2)n1C1CCCCC1,0
O=C(c1ccccc1CCc1ccccc1)N1CCN(c2ccccn2)CC1,0
Cc1ccnc(NC(=O)C2CCN(S(=O)(=O)c3cccc4nsnc34)CC2)c1,0
O=C(Cn1nnc(-c2ccccc2F)n1)Nc1ccc2c(c1)OCO2,0
Cc1onc(-c2c(F)cccc2Cl)c1C(=O)Nc1cccc2nsnc12,0
COc1cccc(-c2nnc3sc(C4CCCCC4)nn23)c1,0
N#C/C(=C\c1ccc[nH]1)Sc1nc2ccccc2s1,0
CC1(C)NC(=O)N(c2ccccc2Cl)C1(C)NO,0
CCn1c(Cc2cccn2C)nnc1SCC(=O)c1ccc(C)cc1,0
N#Cc1ccc(NC(=O)CN2C(=O)NC(Cc3ccccc3)C2=O)cc1,0
COc1ccc(-c2ccc(-c3nnc(-c4cc(OC)ccc4OC)o3)cc2)cc1,0
Cc1ccc(-c2csc3ncnc(-n4nc(C)cc4N)c23)cc1,0
Cc1csc(NC(=O)C2CCCCC2C(=O)O)n1,0
O=C(Nc1cccnc1)Nc1ccccn1,0
Cn1c(CCCNC(=O)c2cccs2)nc2ccccc21,0
COc1ccc(C(c2nnnn2C(C)(C)C)N2CCN(C)CC2)cc1OC,0
CCc1ccc(NC(=O)CSc2nnc(-c3ccccn3)n2C)cc1,0
COc1ccc(NC(=O)Cn2nnc(-c3ccccc3NC(=O)c3ccco3)n2)cc1,0
CCn1c(C(C)NC(=O)Cc2ccccc2)nc2ccccc21,0
Cc1cc(NC(=O)Cn2cnc3c(cnn3C(C)(C)C)c2=O)no1,0
CCOC(=O)Cn1cnc2c(cnn2-c2ccc(Cl)cc2)c1=O,0
S=C1SCN(Cc2ccccn2)CN1Cc1ccco1,0
C=COCCNC(=O)C1CC(=O)N(c2ccc(C)cc2)C1,0
COc1ccc(-n2c(C)cc(C(=O)CSc3nnc(-c4cccs4)o3)c2C)cc1,0
Cc1nc(SCC(=O)c2c[nH]c3ccccc23)n[nH]1,0
Cc1nn(C(C)C(=O)N2CCc3ccccc3C2)c(=O)c2cc3occc3n12,0
COC(=O)c1ccc(NC(=O)Cn2nc(SC)n(N)c2=S)cc1,0
c1ccc(-c2n[nH]nc2-c2ccccc2)cc1,0
COCCNC(=O)C(c1cccs1)N(CCc1ccccc1)C(=O)Cn1nnc2ccccc21,0
O=C(NCc1ccccc1Cl)c1cnn2cccnc12,0
O=C(CSc1nnnn1C1CCCC1)Nc1ccc2c(c1)OCO2,0
C=CCn1c(-c2ccoc2)n[nH]c1=S,0
Cc1ccc(S(=O)(=O)c2cc3c(=O)n4ccccc4nc3n(CC3CCCO3)c2=N)cc1C,0
COCCNC(=O)CN1CCN(Cc2cccc(Cl)c2)C1=O,0
CCN1C(=O)CS/C1=N\c1nccs1,0
Cc1ccc(-c2nnn(CC(=O)N3CCN(c4ccccc4)CC3)n2)o1,0
O=C(Nc1cccc(Cl)c1)Nc1nccs1,0
CCOc1ccc(OCC)c(NC(=O)CSc2nc3ccccc3c(=O)n2C)c1,0
Cc1cccc(NC(=O)Cn2c(=O)n(C)c3ccccc32)c1,0
Nc1nonc1C(=O)NC(c1ccccc1)c1ccccc1,0
Cc1ccc(NS(=O)(=O)c2cc(C(=O)N3CCOCC3)ccc2C)cc1,0
O=C(NCc1ccco1)c1ccc2c(=O)n(CC3CCCO3)c(=S)[nH]c2c1,0
CCSc1nnc(NC(=O)c2ccccc2)s1,0
CCC(Sc1nnnn1-c1ccccc1)C(=O)Nc1nc2ccccc2s1,0
O=C(CCC(=O)N1CCN(C2CCCC2)CC1)Nc1nnc(C(F)(F)F)s1,0
COc1cccc(C2CC(c3ccccc3Cl)N3NN=NC3=N2)c1,0
COc1ccc(Cl)cc1S(=O)(=O)n1cnc2ccccc21,0
NS(=O)(=O)c1ccc(NC(=O)COC(=O)CSc2n[nH]c(-c3ccccc3)n2)cc1,0
O=C(C1CCN(S(=O)(=O)c2cccc3nsnc23)CC1)N1CCn2c1nc1ccccc12,0
CC(C)c1ccc2oc(-c3ccc(N)cc3)nc2c1,0
CCOC(=O)N1CCN(C(=O)CSc2nc3n(-c4ccccc4)[nH]cc-3c(=O)n2)CC1,0
CC1Oc2ccccc2N(CC(=O)c2ccccc2)C1=O,0
Cc1ccc(Nc2oc(C)nc2C#N)cc1,0
Cn1c(NCc2ccco2)nc2c1c(=O)n(Cc1ccc(Cl)cc1)c(=O)n2C,0
COc1ccc(OC)c(S(=O)(=O)N(C)CC(=O)N2CCN(c3ccccc3)CC2)c1,0
CCCCNC(=O)c1ccc2c(c1)ncn2C1CCCCC1,0
Nc1nc2c(s1)CCc1c-2cnn1-c1ccccc1,0
Cc1cccc(NC(=O)CCN2C(=O)c3ccccc3C2=O)n1,0
N#CC1=C(SCc2ccccc2)NC(=O)C(C#N)C12CCCC2,0
O=C1CCCN1CCCN1C(=O)NC(Cc2ccccc2)C1=O,0
CCOC(=O)C(C)Sc1nnc(Cc2cc(=O)[nH]c(=O)[nH]2)n1-c1cccc(OC)c1,0
Cc1ccc(S(=O)(=O)N2CCCC2C(=O)n2nc(C)cc2C)cc1,0
O=C(c1ccc(-c2ccccc2)cc1)N1CCCC1,0
COc1cc(C(=O)Nc2cc(Cl)ccc2C)c(-n2cnnn2)cc1OC,0
CCCc1nc2ccccc2c2nc(N)nn12,0
Cc1ccc(CNC(=O)CSc2nc3ccccc3c(=O)n2CCCO)cc1,0
Cn1nc(-c2ccc(N3CCCCC3)c(NC(=O)c3ccco3)c2)c2ccccc2c1=O,0
Cc1ccc(Cn2c(Sc3nccc(C)n3)nc3c2c(=O)[nH]c(=O)n3C)cc1,0
Cc1ccc(C(=O)CC2(O)C(=O)N(Cc3ccccc3Cl)c3ccccc32)o1,0
O=C(Nc1ccc(Cl)cn1)c1cccc(F)c1,0
COc1cc(S(=O)(=O)N2CCN3CCCC3C2)ccc1-n1cnnn1,0
Cn1c(SCc2cccnc2)nc2cccnc21,0
CCNc1nc(N2CCCCC2)nc(-n2nnc(C(=O)OCC)c2C)n1,0
O=C(CCn1cnc2ccccc2c1=O)Nc1ccc2c(c1)OCCO2,0
c1ccc2[nH]c(CSc3nc4ccccc4o3)nc2c1,0
O=C(CN1C(=O)NC2(CCCC2)C1=O)Nc1nc(-c2ccc(F)cc2)cs1,0
O=C(c1ccc(NS(=O)(=O)c2cccc3cccnc23)cc1)N1CCOCC1,0
Cc1cc(NS(=O)(=O)c2ccc(NC(=O)c3cnc4scc(C)n4c3=O)cc2)nc(C)n1,0
CCOc1nnnc2c1sc1nc(N3CCOCC3)c3c(c12)CC(C)(C)OC3,0
O=C(CSc1nnc(CNc2ccccc2)o1)N1CCCc2ccccc21,0
CCCCC(CC)CNC(=O)CCS(=O)(=O)c1cccc2nsnc12,0
Cc1ccc(S(=O)(=O)N2CCN(C(=O)CSC3CCCC3)CC2)c(C)c1,0
CCOC(=O)c1cnc(SC)nc1Nc1cccc(F)c1,0
CC1CN(c2ccccc2)C(=O)CS1,0
O=S(=O)(Nc1cc(Cl)ccc1N1CCCCC1)c1cccs1,0
O=C(O)C1CCCCC1C(=O)Nc1nccs1,0
CCCCN(C(=O)Cn1nnc2ccccc21)C(C(=O)NCCOC)c1ccc(OC)cc1OC,0
Cn1c(NC(=O)CCc2ccccc2)cc(=O)n(C)c1=O,0
Clc1ccc2nc(SCc3nnc(-c4ccccc4)o3)[nH]c2c1,0
COc1ccc(-n2c(C)cc(C(=O)Cn3c(NCCO)nc4ccccc43)c2C)cc1,0
Cc1nnc(NS(C)(=O)=O)s1,0
COc1ccccc1-n1c(CNC(=O)c2ccco2)nnc1SCC(=O)Nc1nccs1,0
CC(C)(C)c1[nH]nc2c1C(Cc1ccccc1)C(C#N)=C(N)O2,0
O=C(NCCCn1ccnc1)c1cccc(S(=O)(=O)Nc2ccccc2F)c1,0
CC(=O)Nc1cccc(Oc2cc(C#N)c(C#N)cc2N2CCOCC2)c1,0
O=C(Cn1nnc(-c2ccccc2NC(=O)c2cccs2)n1)Nc1ccccc1,0
CSc1nc(-c2ccco2)nn1C(=O)Cc1ccccc1,0
CC1=CC(=O)N2C(=NC(Nc3ccc(C)cc3)=NC2c2ccc(C)cc2)N1,0
Cc1ccc(-n2ncc3c(NCC4CCCO4)ncnc32)c(C)c1,0
O=C(CN1C(=O)c2ccccc2S1(=O)=O)NC1CCCC1,0
Cn1c(OCc2cccnc2)nc2c1c(=O)n(Cc1ccccc1)c(=O)n2C,0
O=C(Nc1ccon1)c1csc2c1CCCC2,0
CCOC(=O)N1CCN(C(=O)c2cnc(Nc3ccccc3OC)c3ccccc23)CC1,0
Nc1c(C(=O)NCc2ccccc2)nnn1Cc1cccc(Cl)c1,0
CCCOC(=O)CSc1nnc(-c2cc(OC)c(OC)c(OC)c2)o1,0
Cc1nnc(N(C)C(=O)c2cccnc2)s1,0
Nc1ncnc2nc(SCCc3ccccc3)[nH]c12,0
Cc1cc(Nc2ccc(C)c(F)c2)n2ncnc2n1,0
Cc1nc(SCC(=O)Nc2ccnc3ccccc23)n[nH]1,0
O=C(OCC#CCSc1nnc(-c2ccncc2)o1)c1cccs1,0
Cc1csc(NC(=O)C2CCCO2)n1,0
Cc1cccc(OCc2nnc(SCC(=O)N3CCCC3)n2C)c1,0
CCOC(=O)N1CCN(C(=O)C(C)N(c2ccc(Oc3ccccc3)cc2)S(C)(=O)=O)CC1,0
CC1CCN(C(=O)Cn2c(SCC(=O)Nc3nccs3)nc3ccccc32)CC1,0
CCC(C)(C)NC(=O)CN(CC1CCCO1)C(=O)CCC(=O)Nc1nccs1,0
COc1ccc(-c2nc3n(c(=O)c2C#N)CCCS3)cc1,0
Cc1cc(OCC(=O)Nc2ccc3oc(-c4ccncc4)nc3c2)ccc1Cl,0
Cc1sc2nc(SCC(=O)NCc3ccco3)[nH]c(=O)c2c1C,0
CCOc1ccc(NS(=O)(=O)c2ccc(OCC(=O)NCCCOC)cc2)cc1,0
O=C1CCCC2=C1C(c1ccncc1)c1c([nH]c(SCc3ccccc3Cl)nc1=O)N2,0
CCOC(=O)c1c(C)c(C(=O)N2CCC3(CC2)OCCO3)c(C)n1CC,0
CCc1nc2oc3ccccc3c(=O)c2c(=O)n1Cc1ccc(OC)cc1,0
CC(=O)c1c(C)[nH]c(C(=O)Nc2ccc(C)cn2)c1C,0
CC(C)C(c1nnnn1Cc1ccccc1)N1CCC(C(N)=O)CC1,0
COc1cc2c(cc1OC)CN(C(=O)CSc1n[nH]c(N)n1)CC2,0
CN(C(=O)CSc1nnc(-c2ccco2)o1)C1CCCCC1,0
Cn1nnnc1SCC(=O)Nc1ccc(N2CCOCC2)cc1,0
O=C(CCc1nc(-c2ccccc2)no1)NCc1ccco1,0
COC(=O)CN(n1cnnc1)S(=O)(=O)c1ccc(C)cc1,0
CCOc1ccccc1Nc1nc(N)nc(CSc2nccc(C)n2)n1,0
O=C(CCCn1c(=S)[nH]c2cc3c(cc2c1=O)OCO3)N1CCN(c2ccccc2)CC1,0
CC(=O)c1ccc(-n2nncc2C)cc1,0
CSc1nnnn1-c1ccc(C(=O)OCC(=O)N2CCOCC2)cc1,0
Cc1ccccc1Cc1c(C)nc2ncnn2c1C,0
C=C(C)CSc1nc2c(c(=O)[nH]c(=O)n2C)n1Cc1ccccc1,0
CC(=O)c1c(C)[nH]c(C(=O)NCCCN2CCCC2)c1C,0
COc1cc(OC)cc(-c2nc(-c3cc4cc(C)ccc4nc3OC)no2)c1,0
Cc1ccc(S(=O)(=O)C2(C(=O)N3CCN(C4CCCCC4)CC3)CC2)cc1,0
COc1ccc(-c2nnc(SCC(=O)N3CCCC(C)C3)o2)c(OC)c1,0
O=c1c2ccccc2sn1-c1ccc(S(=O)(=O)N2CCCC2)cc1,0
COc1ccc(C(=O)N2CCN(c3nnnn3-c3ccccc3)CC2)cc1OC,0
CCn1c2ccccc2c2nnc(SCC(=O)NCc3cccs3)nc21,0
CCCCC(=O)Nc1nnc(SCC(=O)N2CCN(c3ccccc3OC)CC2)s1,0
CNC(=O)CCc1nc(-c2ccc(C(C)(C)C)cc2)no1,0
O=C(CSc1nncs1)NCc1ccc2c(c1)OCO2,0
Cc1nn2c3c(cnc2c1-c1ccccc1)C(=O)CCC3,0
O=C1NC(=O)C(CC(=O)N(c2ccccc2)C2(C(=O)NC3CCCC3)CCCCC2)N1,0
Cn1cccc1Cc1nnc(SCC(=O)NCCc2ccccc2)n1-c1ccc(F)cc1,0
Nn1c(SCC(=O)NC2CCCc3ccccc32)nnc1-c1cccs1,0
c1ccc(-n2ncc3c(N4CCCCC4)ncnc32)cc1,0
COc1ccc2nc(NC(=O)CN(c3ccc(C)cc3)S(=O)(=O)c3c(C)nn(C)c3C)sc2c1,0
CCN1CCN(c2cc(C)c3cc(NC(=O)c4ccc5c(c4)OCO5)ccc3n2)CC1,0
COc1ccccc1N1CCN(C(=O)CCCn2c(=O)[nH]c3ccsc3c2=O)CC1,0
Cc1nc(N2CCC(C(N)=O)CC2)c2nnn(Cc3ccccc3)c2n1,0
CCOc1ccc(-c2nc(C#N)c(NCc3ccc4c(c3)OCO4)o2)cc1,0
COCc1cc(C)nc(NC2CCCCC2)c1C#N,0
CCOC(=O)c1nc(N)c(C(=O)OCC)[nH]1,0
CN1CCN(CCCN2c3ccccc3Sc3ccc(Cl)cc32)CC1,0
OCCN1CCN(c2nc(-c3ccccc3)c3cc(Cl)ccc3n2)CC1,0
CCCn1c(CN2CCN(C(=O)c3ccco3)CC2)nc2c1c(=O)n(C)c(=O)n2C,0
COc1ccccc1-n1c(SCC(=O)N2CCCC2)nc2cccnc21,0
CCCOc1ccc(C(=O)NCc2cccnc2)cc1,0
CCOC(=O)N1CCN(C(=O)CNC(=O)Cc2ccc(Cl)cc2)CC1,0
Cc1ccccc1-c1ccc(Nc2ccc(N3CCOCC3)cc2)nn1,0
Clc1ncn(C23CC4CC(CC(C4)C2)C3)n1,0
COC(=O)CSc1nc2ncc(Cl)cc2[nH]1,0
O=C(c1ccc(S(=O)(=O)N2CCCCC2)cc1)N1CCCc2ccccc21,0
c1ccc(C2=C(c3ccco3)NNC2=C2N=c3ccccc3=N2)cc1,0
CCCOc1ccc(C(=O)N2CCN(c3ccc(N)cc3Cl)CC2)cc1,0
O=S(=O)(NCC(c1cccnc1)N1CCN(c2ccc(F)cc2)CC1)c1ccccc1,0
O=C(NCc1cccnc1)c1noc2c1CCCCC2,0
CCn1c(=O)c2cc(S(=O)(=O)NCc3ccccc3)ccc2n(CC)c1=O,0
CCCc1cc(=O)n2[nH]c(NCc3c(Cl)cccc3Cl)nc2n1,0
CCNC(=O)c1nc[nH]c1C(=O)NCC,0
COc1ccc(S(=O)(=O)N(C)CC(=O)NCc2cccnc2)cc1,0
O=C(CN1CCOc2ccccc21)NCc1ccccc1,0
CCOC(=O)c1c(N)n(Cc2ccco2)c2nc3ccccc3nc12,0
Cc1ccc(OCc2nn3c(-c4ccco4)nnc3s2)cc1,0
COc1ccc(OCCSc2nnc(-c3ccccc3)n2N)cc1,0
Cc1noc(C)c1CSc1nc2ccccc2s1,0
COC(=O)CCC(=O)Nc1cccc(Cl)c1,0
N#Cc1c(N)nc(SC2CCCCC2=O)c(C#N)c1-c1ccco1,0
CC(C)(C)c1ccc(/C([O-])=C/[N+]#N)cc1,0
Cc1ccc(C)c(C(=O)Nc2c(C(N)=O)oc3ccccc23)c1,0
CN(C1CCCCC1)S(=O)(=O)c1ccc(NC(=O)c2ccco2)cc1,0
COc1ccccc1S(=O)Cc1ccc(C(=O)NCCc2ccc(Cl)cc2)o1,0
CCOC(=O)Cn1nc(-c2ccc(Cl)cc2)ccc1=O,0
Cc1nnc2sc(-c3csc4c3CCCC4)nn12,0
CCc1noc(C)c1C(=O)Nc1ncc(C)s1,0
COC(=O)c1nc(NC(C)=O)n[nH]1,0
c1cnc(N2CCN(c3ncnc4c3oc3ccccc34)CC2)nc1,0
O=C(Nn1cnnc1)C(Sc1ccccc1)c1ccccc1,0
COc1ccc(-c2[nH]c(-c3cccc(OC)c3)nc2SCC(=O)NCc2ccco2)cc1,0
CN(Cc1ccccc1)Cc1nc2c([nH]1)c(=O)[nH]c(=O)n2C,0
O=C(Nc1nnc(-c2ccccc2Cl)o1)c1ccco1,0
O=C(NCCN1CCCCC1)Nc1ccc(F)c(Cl)c1,0
COc1ccc(Cl)cc1Nc1nc(=O)cc(C)[nH]1,0
Cc1cc2oc(=O)cc(CN3CCCCC3C)c2c(C)c1Cl,0
N#Cc1nc(-c2cccs2)oc1NCC1CCCO1,0
COc1ccc(S(=O)(=O)N2CCC(C(N)=O)CC2)cc1,0
Cc1cc(SCC(=O)c2ccccc2)n2nc(C)nc2n1,0
COCCNC(=O)CSc1nc2cc(OC)c(OC)cc2c(=O)n1CCC1=CCCCC1,0
Cc1c(C(=O)N2CCN(Cc3ccccc3)CC2)sc2ncnc(N3CCOCC3)c12,0
Cc1cccc2cc3c(NC(=O)CC(C)C)nn(C)c3nc12,0
Cn1c(SCC(=O)NCc2ccc(F)cc2)nc2ccccc21,0
CC(C)(C)c1cc(-c2ccco2)c(C#N)c(SCC#N)n1,0
Cc1c(C)n(C(=O)CN2CCN(c3ccccn3)CC2)c2ccccc12,0
Cn1c(O)c(C(=O)Nc2ncccn2)c(=O)c2ccccc21,0
CCS(=O)(=O)/N=C(\N)c1ccccc1,0
CCC(C)C(=O)Nc1nnc(-c2cccs2)s1,0
C=C(C)Cn1c(N2CCC(Cc3ccccc3)CC2)nc2c1c(=O)[nH]c(=O)n2C,0
CCCN(CCC)c1nc(NC2CCN(C(=O)OCC)CC2)nc(OC)n1,0
Cc1nc(-c2cccc(S(=O)(=O)N3CCOCC3)c2)cs1,0
Cc1cc(OCC(=O)NC2CCS(=O)(=O)C2)c2c3c(c(=O)oc2c1)CCC3,0
O=C(NCCOc1ccccc1)c1ncn[nH]1,0
O=C1NCCCc2nc(Oc3ccccc3)sc21,0
CCc1nnc(NC(=O)Nc2ccc(OC)cc2)s1,0
CCN(c1ccccc1)c1cc(C)nc2ncnn12,0
CCOC(=O)N1CCN(C(=O)CS(=O)Cc2nc(-c3cccc(C)c3)oc2C)CC1,0
O=C(CSc1n[nH]c(-c2ccncc2)n1)Nc1ccccn1,0
COc1ccc(N2C(=O)NC3CC2(C)Oc2ccc(Cl)cc23)cc1OC,0
Cn1c(=S)[nH]c2cccnc21,0
CC(C)/C=C1\CCCCC1N(C)C(=O)NC(C)C,0
Cc1cccc(OCc2nnc(SCC(=O)N(C(C)C)C(C)C)n2Cc2ccco2)c1C,0
CCCCn1c(SCC(=O)Nc2cc(C)on2)nc2c1c(=O)n(C)c(=O)n2C,0
CCOc1ccccc1-n1c(SCC(N)=O)nnc1-c1ccccc1,0
O=C1c2cccnc2C(O)N1Cc1ccco1,0
O=C(O)CN(Cc1ccco1)S(=O)(=O)c1ccccc1,0
CCCC(=O)N1CCN(C2=NS(=O)(=O)c3ccccc32)CC1,0
COc1ccc(OC)c(-c2cc(C(=O)N3CCN(c4ccccc4)CC3)no2)c1,0
Cc1ccc(Cn2nnc3c(=O)n(Cc4cc(C)ccc4C)cnc32)cc1,0
COc1cccc(OC)c1C(=O)Nc1nnc(C(C)C)s1,0
COc1ccc(CN2CCN(c3ncccn3)CC2)c(OC)c1,0
Cc1ccc(-n2ncc3c2ncn2c(-c4ccncc4)nnc32)cc1,0
CCN(CC)CCCn1c(=S)[nH]c2ccc(Cl)cc2c1=O,0
Cc1cc(NCCCn2ccnc2)n2nc(-c3ccc(F)cc3)cc2n1,0
Cn1c(CN2CCN(c3ccc(Cl)cc3)CC2)nc2ccccc21,0
N=c1nc(N2CCCCC2)cc(N)n1O,0
CC1(C)CC(=O)c2cnc(NC(=O)CSc3nc4ccccc4o3)nc2C1,0
Clc1ccc(NCc2nnc3n2CCCCC3)cc1,0
Cn1c(SCC(=O)OCC(=O)c2ccccc2)nnc1-c1cccs1,0
Cc1ccc2nc(SCC(=O)NCc3ccco3)c(C#N)cc2c1,0
NC(=O)SCC(=O)Nc1cccc(Cl)c1,0
Cc1cccc(C)c1-n1nnnc1S(=O)(=O)Cc1ccccc1Cl,0
CCOc1ccc(OCC)c(NC(=O)C2CCCN(S(=O)(=O)c3cccs3)C2)c1,0
CCOc1ncccc1C(=O)Nc1ccc(Cl)cc1,0
Cc1cc(C)n2nc(SCC(=O)NCc3ccco3)nc2n1,0
CC1(C)Cc2nc3oc4c(NCc5ccccc5)ncnc4c3cc2CO1,0
c1ccc(-c2nc3nc4ccccc4nc3n2Cc2ccco2)cc1,0
CCCCn1c(CN2CCN(CCO)CC2)nc2ccccc21,0
COc1cc(C(=O)NCCC(=O)NCc2ccc3c(c2)OCO3)cc(OC)c1OC,0
Nc1nnc(CSCc2ccccc2)s1,0
CCOC(=O)N1CCN(C(=O)CSc2nnc(-c3cccs3)o2)CC1,0
O=C(O)CCCC(=O)Nc1ccn(-c2ccccc2)n1,0
COc1ccccc1NC(=O)CN1CCC(n2nnc3cc(F)ccc32)CC1,0
CCN(CC)S(=O)(=O)c1ccc(C(=O)C(C#N)c2ccccn2)cc1,0
CC(C)(C)NC(=O)Nc1ccccc1C(N)=O,0
CC1CCCCC12NC(=O)N(Cn1nnc3ccccc3c1=O)C2=O,0
O=C(Oc1ccc(-c2nnco2)cc1)N1CCCCC1,0
COc1cccc(C(=O)NC2CCN(C(=O)N3CCCCC3)CC2)c1,0
O=C(NCCC(=O)N1CCN(c2ncccn2)CC1)c1ccccc1,0
CCOC(=O)c1nnn(-c2nonc2-n2cccc2)c1CN1CCCCC1,0
COc1ccc(-c2nnc(SCc3csc(N)n3)n2C)cc1,0
CCOC(=O)c1cc(C)n(Cc2cccc(OC)c2OC)c1C,0
Cc1ncsc1CCSc1nc2ccccc2c(=O)n1C,0
c1nnc(NC2=NCCCCC2)s1,0
COc1ccc(-c2nsc(SCC(=O)Nc3cc(C)on3)n2)cc1,0
O=C(NC1CCN(Cc2nnnn2CCc2ccccc2)CC1)c1ccccc1F,0
CCc1nnc(NC(=O)c2ccc(S(=O)(=O)N3CCOCC3)cc2)s1,0
CC(NC(=O)Cn1cnc2c1c(=O)n(C)c(=O)n2C)c1ccccc1,0
Cc1sc(NC(=O)CSc2nnnn2C2CCCC2)c(C#N)c1C,0
CCc1ccccc1NC(=O)CSc1nnc(C(NC(=O)OC(C)(C)C)C(C)C)o1,0
COc1ccc(S(=O)(=O)N2CCCC(C(=O)NCc3ccncc3)C2)cc1Cl,0
Cc1ccc(NC(=O)C2C3CC4OC(=O)C2C4C3)cc1Cl,0
CCOC(=O)N1CCC(NC(=O)Cn2nc(-c3ccccc3)ccc2=O)CC1,0
CCn1c(SCC(=O)c2[nH]c(C)c(C(C)=O)c2C)nnc1-c1cccs1,0
Cc1ccc(S(=O)(=O)Nc2nsc(N)n2)cc1,0
CCC(C)Sc1nc2c(c(=O)[nH]c(=O)n2C)n1Cc1ccccc1Cl,0
COC(=O)c1ccc(CSc2nnnn2-c2ccc(C)cc2C)o1,0
Cc1cc(C)nc(-n2nc(C)c3c(C(F)F)cc(C)nc32)n1,0
Cc1cccc(NC(=O)N(Cc2nc(=O)c3ccccc3[nH]2)C2CCCC2)c1,0
CCn1c(C(Cc2ccccc2)NC(=O)COC)nc2ccccc21,0
COc1ccc(S(=O)(=O)N2CCN(Cc3ccccc3)CC2)cc1,0
CCc1ccc(NC(=O)C2CCCCC2C(=O)O)cc1,0
CCCCNC(=O)Cn1cnc2sc(C(=O)OCC)c(C)c2c1=O,0
COc1cccc2sc(Nc3nc(C)c(C(C)=O)s3)nc12,0
Cc1nc2sc3c(c2c(=O)n1/N=C/c1ccco1)CCCC3,0
C=CCNc1nc(NCCN2CCOCC2)nc(N2CCOCC2)n1,0
CCn1c(SCC(=O)O)nnc1-c1ccccc1,0
O=S(=O)(/C=C/c1ccccc1)Nc1ccc(N2CCOCC2)cc1,0
O=C(COc1ccccc1Cl)Nc1ccc2c(c1)OCCO2,0
O=C(CCc1ccccc1)Nc1nnc(-c2ccc3c(c2)CCCC3)o1,0
COCCNC(=O)C(c1cccs1)N(C(=O)Cn1nnc2ccccc21)c1cccc(C)c1,0
CSc1nc(N2CCOCC2)c2c3c(sc2n1)CCC3,0
CC(=O)CN1Cc2ccccc2/C1=N/C(=O)Nc1ccccc1,0
CCc1ccccc1S(=O)(=O)Cc1ccc(C(=O)NC(C)C)o1,0
Cn1c(=O)[nH]c(=O)c2c1nc(SCC(=O)O)n2CCc1ccccc1,0
Cc1cc(NC(=O)CSc2nnc(-c3ccoc3C)o2)no1,0
O=C(c1ccco1)N1CCN(C(=O)c2sccc2-c2ccccc2)CC1,0
Fc1ccc(-c2cnc[nH]2)cc1,0
COc1ccc2[nH]c(=O)c(C(c3nnnn3C3CCCC3)N(C)C3CCCCC3)cc2c1,0
CC(C)c1nc2oc3c(N4CCNCC4)ncnc3c2c2c1CCC2,0
CCc1nnc(NC(=O)CSc2nc3c(cc2C#N)CCCC3)s1,0
O=C(c1ccc2nccnc2c1)N1CCN(Cc2ccc3c(c2)OCO3)CC1,0
Cn1c(=O)c2c(nc(NCCO)n2CCc2ccccc2)n(C)c1=O,0
COc1ccccc1NC(=O)c1cnc2n(c1=O)CCS2,0
O=C(NCc1cccnc1)c1ccc2c(=O)n(CCCN3CCCC3=O)c(=S)[nH]c2c1,0
N#Cc1cn(CC(=O)O)c2ccccc12,0
Cc1cc(NCCN2CCOCC2)n2c(nc3ccccc32)c1C#N,0
CCn1c(SCC(=O)c2ccc(C)cc2)nnc1-c1ccoc1C,0
Cc1ccccc1Nc1nnc(SCC(=O)NC(=O)NCc2ccco2)s1,0
CCN(Cc1ccccc1)S(=O)(=O)c1nc2nc(C)c(C)c(C)n2n1,0
Cn1c(=O)c2c(nc(SCC(=O)Nc3ccccc3)n2C)n(C)c1=O,0
Cn1c(SCC(=O)c2ccc3c(c2)OCO3)nnc1-c1ccccn1,0
Nn1c(SCc2nc3ccccc3[nH]2)nnc1C1CCCCC1,0
Nc1nc(SCC(=O)C23CC4CC(CC(C4)C2)C3)n[nH]1,0
CCN1CCCC1Cn1cnc2c([nH]c3ccc(Cl)cc32)c1=O,0
COc1ccc(/C=N/n2cnnc2)cc1COc1ccccn1,0
CCCCCn1c(CNC(=O)CCC)nc2ccccc21,0
CCN(CC)CCNc1nc2c(c(=O)n(C)c(=O)n2C)n1C/C=C(/C)Cl,0
COC(=O)c1c(C)[nH]c(C)c1-c1ccccc1Cl,0
CCOC(=O)N1CCN(C(=O)CCCn2c(=O)[nH]c3ccccc3c2=O)CC1,0
c1c2c(cc3sc(N4CCOCC4)nc13)OCCO2,0
c1ccc2[nH]c(CN3CCN(c4ncnc5c4oc4ccccc45)CC3)nc2c1,0
CCCn1c(CNc2ccccc2O)nc2ccccc21,0
O=C(CSc1ncn(-c2ccccc2)n1)Nc1nc2c(s1)CCCC2,0
CCCNC(=O)Cn1cnc2sc(C(=O)N3CCN(CCC)CC3)c(C)c2c1=O,0
O=C(O)c1cn[nH]c1-n1cnnn1,0
COc1ccc(-n2nc3cc(C)c(NC(=O)c4cccnc4)cc3n2)cc1,0
O=c1nc(-c2cccs2)[nH]c2ccccc12,0
COc1ccccc1N(CC(=O)NC1CCCC1)C(=O)c1csnn1,0
Cc1cc(C)n2nc(C(=O)Nc3ccccc3N3CCOCC3)nc2n1,0
CSc1nc(-c2ccco2)nn1C(=O)c1cccs1,0
O=C(CSc1nc(=O)c2c([nH]1)CCC2)Nc1cccc(Cl)c1,0
Cc1ccc2sc(NC(=O)CN3C(=O)CCC3=O)nc2c1C,0
Cn1nnc(C(O)CN2CCOCC2)n1,0
Cc1sc2ncn(CCn3cnc4sc(C)c(C)c4c3=O)c(=O)c2c1C,0
CC(=O)Nc1ccc(S(=O)(=O)N2CCCCC2c2cccnc2)cc1,0
COc1ccc(CNC(=O)c2nnn(Cc3ccc(OC)cc3)c2N)cc1,0
C(=C/c1ccccc1)\CN1CCN(c2ncnc3c2oc2ccccc23)CC1,0
Cc1occc1C(=O)Nc1ccc(S(=O)(=O)N2CCCC2)cc1,0
COc1cccc(NC(=O)N2CCN(c3cccc(C)c3)C(C)C2)c1,0
Cc1ccc(-c2ccc(/C=N/c3ncn[nH]3)o2)cc1Cl,0
CCCC(=O)Nc1ccccc1N1CCN(C(=O)c2ccccc2)CC1,0
CCN(CC)C(=O)c1sc2nc(-c3ccccn3)[nH]c(=O)c2c1C,0
O=C(NCC1COc2ccccc2O1)C1CCC(CNc2c(N3CCCCC3)c(=O)c2=O)CC1,0
COc1ccc(-c2nc(C#N)c(N3CCCCCC3)o2)cc1,0
O=C(Nc1c(C(=O)NCc2ccco2)cnn1-c1ccccc1)c1cccc(F)c1,0
O=C(CCN1CCc2ccccc2C1)Nc1ccccc1F,0
COc1ccc(NC(=O)C(c2ccccc2)N(C)C(=O)c2cnccn2)cc1,0
NC(=O)CCCC1=NS(=O)(=O)c2ccccc2N1,0
N#Cc1nc(-c2cccs2)oc1NCc1ccco1,0
Cn1cnnc1SCC(=O)N1CCC(Cc2ccccc2)CC1,0
CC(C)c1nc2oc3c(NCc4cccnc4)ncnc3c2c2c1CCC2,0
COc1ccc(NC(=O)CCn2nc(C)cc2C)cc1,0
O=C(CN1CCN(c2ccc(F)cc2)CC1)Nc1nnc(-c2ccccc2)s1,0
CC1=C(C(=O)Nc2ccccc2C)C(c2cccnc2)N2NC(CCCO)=NC2=N1,0
CC1(C)CC(=O)c2cnc(N3CCN(c4ccccc4)CC3)nc2C1,0
O=C(Nc1nncs1)C1COc2ccccc2O1,0
Cc1cc(NC(=O)CSc2nc3ccccc3c(=O)n2Cc2ccc(F)cc2)no1,0
CCCc1cc(=O)n2[nH]c(Cc3ccccc3)nc2n1,0
Cc1ccc(Nc2nc(C(=O)NCc3ccco3)cs2)cc1,0
COc1cccc(NC(=O)CSc2nnc(-c3cccs3)n2C)c1,0
CCCC(=O)c1cc(F)c(N2CCN(CCC#N)CC2)cc1C,0
COc1cccc(CN(Cc2cccnc2)S(=O)(=O)c2ccc(-n3cnnn3)c(C)c2)c1,0
Cc1nn(C)c(C)c1NC(=O)c1ccc(S(=O)(=O)N(C)C)cc1,0
COc1ccc(CC(=O)N2CC(=O)N(CCc3ccccc3)C(=O)C2)cc1,0
CCC1(c2ccc(F)cc2)NC(=O)N(CC(=O)N2CCOCC2)C1=O,0
CCc1nnc(NC(=O)CN2C(=O)c3ccccc3C2=O)s1,0
CCN(CC)c1nc(C#N)cc(-c2ccc(OC)cc2)n1,0
Cc1cc(C(=O)Nc2sc(C)c(-c3ccc(F)cc3)c2C(N)=O)no1,0
CC(=O)Nc1nonc1-c1nc2ccccc2n1CC1CC1,0
CCn1cc(C(=O)Nn2cnnc2)c(=O)c2ccc(C)nc21,0
O=C(Nc1cc(Cl)ccc1N1CCOCC1)c1cnccn1,0
Cc1nnc(SCC(=O)NCCOc2ccc(Cl)cc2)n1-c1ccccc1,0
O=C(CC1S/C(=N\c2ccccc2)N(CCCO)C1=O)Nc1ccc(Cl)cc1,0
CCOC(=O)C1CCCN(CC(=O)Nc2c(C(=O)OC)[nH]c3ccc(C)cc23)C1,0
CCSc1ncnc2c(C#N)c3n(c12)CCCCC3,0
O=C(Nc1ccc(O)cc1)c1ccc(C(=O)c2ccccc2)o1,0
CC1CCC2(CC1)NC(=O)N(CC(=O)NC(=O)NC1CCCC1)C2=O,0
COC(=O)Cc1n[nH]c(=S)[nH]c1=O,0
COC(=O)c1ccccc1NC(=O)CSc1n[nH]c(CC(C)C)n1,0
O=C(COc1ccccc1)Nc1nnc(-c2ccc(Cl)s2)o1,0
CCN(CC)S(=O)(=O)c1ccc(C2CNC(=O)C2)cc1,0
N#Cc1c(-c2ccccc2Cl)cc(C2CC2)nc1N,0
COC(=O)c1[nH]c2ccccc2c1NC(=O)CCN1CCSCC1,0
O=C(c1ccccc1)c1ccc(OC(=O)N2CCCC2)cc1,0
COC(=O)c1ccccc1NC(=O)C1CCN(C(=O)c2cc(OC)cc(OC)c2)CC1,0
CC(C)=C1C2C=CC1C(C(=O)Nc1cccc(C)c1)C2C(=O)O,0
COc1ccccc1-c1nnc2sc(-c3cnccn3)nn12,0
CCC1(CC)C(=O)NC(=O)N=C1NCCc1ccc(O)cc1,0
O=C(CN1C(=O)COc2ccccc21)N1CCN(c2ccccc2F)CC1,0
Cc1cc(/C=N/n2cnnc2)c(C)n1-c1ccc2ncccc2c1,0
CC(C)Cn1nc(NS(=O)(=O)c2ccccc2)c2cc3ccccc3nc21,0
CS(=O)(=O)N(CC(=O)N1CCN(c2cccc(Cl)c2)CC1)c1ccccc1,0
COc1ccc(Cl)cc1NS(=O)(=O)c1ccc(NC(C)=O)cc1,0
CCOc1ccccc1NC(=O)CCc1ccc(C)o1,0
CCOCCCNC(=O)c1cc2c(=O)n3cccc(C)c3nc2n1C,0
Cc1cc(Nc2ccccc2)n(CCC#N)n1,0
CCn1cc(C(=O)NCc2ccccc2OC)c(=O)c2ccc(C)nc21,0
CC(C#N)Sc1nc2ccccc2c(=O)n1-c1ccccc1,0
CN(C)c1ccc(S(=O)(=O)c2ccc(Cl)cc2)cc1,0
CC1(C)Cc2c(c(N3CCOCC3)nc3sc4c(NCc5ccco5)nnnc4c23)CS1,0
Cn1c(N2CCN(C(=O)NCc3ccccc3)CC2)nc2ccccc21,0
CCN1CCc2nc(NC(=O)Cc3ccc4c(c3)OCCO4)sc2C1,0
CCN1CCc2nc(SCC(=O)Nc3ccc(OC)cc3)c(C#N)cc2C1,0
N#CCCN1CCN(CCC#N)CC1,0
CC(Sc1nc(N2CCOCC2)c2c(c1C#N)CC(C)(C)OC2)C(=O)Nc1ccccc1,0
CCn1nnnc1SCC(=O)Nc1nnc(C(C)C)s1,0
CCn1c(SCCC(=O)O)nnc1-c1cccnc1,0
Cc1ccc(Cl)cc1N1CCN(S(=O)(=O)c2ccc3c(c2)oc(=O)n3C)CC1,0
Cc1cc(C)nc(N2CCN(c3nnnn3-c3ccccc3)CC2)n1,0
O=C(OCn1nnc2ccccc2c1=O)c1cccs1,0
N#Cc1ccsc1NC(=O)c1cnccn1,0
Cc1cc(N2CCCCC2)n2nc(C)c(-c3ccccc3)c2n1,0
Cc1ccc(Cl)cc1NC(=O)CCn1cccc1,0
CC(C)COC(=O)n1c(SCC(=O)N(C)C)nc2ccccc21,0
CC1=NC2(CCCc3c2no[n+]3[O-])N(O)C1(C)C,0
COc1ccc(Nc2ncnc3c2cnn3Cc2ccccc2)cc1,0
CC(C)CCn1cnc2c1c(=O)n(C)c(=O)n2C,0
O=C(c1ccc2c(=O)n(-c3ccccc3)c(=O)[nH]c2c1)N1CCN(c2ccc(F)cc2)CC1,0
COCc1cc(C)nc(N2CCN(c3ccccc3)CC2)c1C#N,0
Cc1cccc(N(CC(=O)Nc2c(C)n(C)n(-c3ccccc3)c2=O)S(C)(=O)=O)c1,0
CCOc1ccc(-c2nc(=S)[nH][nH]2)cc1,0
Cc1ccc(NC2=CC(=O)CC(C)(C)C2)c(N)c1,0
CSc1nc2sc3c(c2c(=O)n1C)CCCC3,0
O=C1c2ccccc2C(=O)C1c1ccncc1,0
CCN(C(=O)CSc1nc2nc(C)cc(C)n2n1)c1cccc(C)c1,0
COc1ccc(CN(C2CCCC2)S(=O)(=O)c2ccc(-n3cnnn3)c(OC)c2)cc1OC,0
C=CCn1c(Cc2cccs2)nnc1SCC(=O)Nc1ccc(C(=O)OCC)cc1,0
O=C(O)c1cccn1Cc1ccccc1F,0
CCCOc1cccc(-c2nnc(N)s2)c1,0
COc1cc(=O)[nH]c(=O)n1CC(=O)c1ccccc1,0
c1ccc(OCCSc2ncnc3nc[nH]c23)cc1,1
COCCNC(=O)CN1c2ccccc2CC1C,0
Clc1ccc(OCCN2CCN(c3ncnc4sccc34)CC2)cc1,1
CCOc1cccc(-c2nn3c(-c4cc(C)[nH]n4)nnc3s2)c1,0
CCCCC(=O)Nc1ccc(NC(=O)c2ccccc2OC)cn1,0
Cc1nn2c(-c3ccncc3)nnc2c2ccccc12,0
Cc1ccc(C)c(SCC(=O)Nc2nnc(-c3ccccc3)o2)c1,0
CCCCNS(=O)(=O)c1ccc(OC)c2ncccc12,0
c1cncc(-c2nnc(-c3cccnc3)nn2)c1,0
Cc1noc(C)c1COc1cccc(C(=O)OCC(=O)N2CC(=O)Nc3ccccc32)c1,0
Nc1nnc(CCc2ccccc2)s1,0
CCC(=O)N(c1ccc(F)cc1)C1C=CS(=O)(=O)C1,0
COc1ccc(-c2nn(C)c(=O)c3ccccc23)cc1CNS(C)(=O)=O,0
COc1ccc(OC)c(NC2c3ccccc3C(=O)N2c2cccnc2)c1,0
Cc1cccc(-c2noc(-c3ccc(F)cc3)n2)c1,0
C=CCNc1ncnc2c1cnn2-c1ccc(OC)cc1,0
CCOc1cccc(N2C(=O)CC(N(CCc3ccc(OC)c(OC)c3)C(=O)CC)C2=O)c1,0
O=C(c1ccccc1)N(Cc1ccc2c(c1)OCO2)Cc1nc(=O)c2ccccc2[nH]1,0
CCN(CC(=O)NC1CCS(=O)(=O)C1)c1nc(-c2ccccc2)nc2ccccc12,0
CCCCCn1c(CN2CCN(CCO)CC2)nc2c1c(=O)n(C)c(=O)n2C,0
CC(C)(C)OC(=O)N1CCC(c2cc(=O)[nH][nH]2)CC1,0
Clc1ccc(-c2nnc3sc(-c4ccco4)nn23)c(Cl)c1,0
CCOC(=O)N1CCC(c2cc(=O)n3[nH]c(-c4ccccc4)cc3n2)CC1,0
CCN(CC)C(=O)CSc1nnc(-c2cc(OC)cc(OC)c2)o1,0
Cc1noc(/C=C/N(C)C)c1S(=O)(=O)NC1CCCCC1,0
C=CCn1cnc2c(c1=O)c1nc3ccccc3nc1n2/N=C/c1ccccn1,0
O=C1c2ccccc2C(=O)N1Cc1nc(-c2ccccc2)no1,0
COc1ccc(Cl)cc1S(=O)(=O)N1CCN(c2ccc(F)cc2)CC1,0
Cc1cc(C)cc(OCC(=O)NCCN2CCOCC2)c1,0
Nn1c(SC/C=C/c2ccccc2)nnc1-c1ccncc1,0
CCN1CCN(Cc2nc3c(c(=O)n(C)c(=O)n3C)n2C(C)C(C)=O)CC1,0
O=c1nc2n(-c3ccccc3)[nH]c(-c3cccc(F)c3)c-2cc1CNCCN1CCOCC1,0
[O-][N+]1=c2ccc(Nc3ccccc3)cc2=NC12CCCCC2,0
CCCn1c(N2CCN(Cc3cccc(C)c3)CC2)nc2c1c(=O)[nH]c(=O)n2C,0
Cc1cc(NC(=O)c2cc(-c3cccc(Cl)c3)on2)no1,0
O=C(CCSc1nnnn1-c1ccccc1)N1CCOCC1,0
CCCC(=O)Nc1ccc(NC(=O)c2ccco2)cn1,0
CN(C)c1nc(Nc2ccccc2)nc(Oc2ccc(=O)[nH]n2)n1,0
Cc1sc(NC(=O)CSc2nnc(-c3ccccc3)o2)c(C#N)c1C,0
CC1=C(C(=O)N(C)C)C(c2cccc(Cl)c2)NC(=O)N1,0
COCCCNC(=O)Cn1cc(C(=O)C2CC2)c2ccccc21,0
CN(C)C(=O)CN1C(=O)C2CC=C(Cl)CC2C1=O,0
CNC(=O)CSc1nnc(-c2ccncc2)n1Cc1ccccc1,0
CCC(=O)Nc1ccc(NC(=O)c2ccccn2)cn1,0
CC(=O)Nc1cc2c(cc1C(=O)C(C)C)OCCO2,0
COc1ccc(N2CCCn3c2nc2c3c(=O)n(CCc3ccccc3)c(=O)n2C)cc1,0
NC1=NC2=C(CCCC2)C2(CCCCC2)S1,0
Cc1ccccc1OCc1nnc(SCC(=O)NCc2ccccc2)n1C,0
ON1C2CCCCC2N(O)C1c1ccc(Cl)cc1Cl,0
Cn1nnnc1SCC(=O)N1CCN(c2ccccc2)CC1,0
O=c1[nH]c2ccccc2nc1NCCN1CCOCC1,0
CN1CCc2nc(SCCOc3ccccc3)c(C#N)cc2C1,0
COc1ccc(CNc2oc(Cc3cccc4ccccc34)nc2C#N)cc1,0
CN(C)S(=O)(=O)c1ccc(C(=O)Nc2ccc(Cl)cc2)cc1,0
O=C(OCn1nnc2ccccc2c1=O)c1ccc2ncsc2c1,1
CC1=C(C(=O)Nc2ccccc2C)C(c2ccc(C)o2)C2=C(CCCC2=O)N1,0
CCCNS(=O)(=O)c1ccc(CCC(=O)NCc2cccnc2)cc1,0
FC(F)(F)c1cc(-c2ccco2)nc(NCc2cccs2)n1,0
Cc1ccc(-c2nn(C)c(=O)c3ccccc23)cc1CNS(C)(=O)=O,0
COc1cccc(OC)c1C(=O)Nc1ccc(N2CCN(S(C)(=O)=O)CC2)cc1,0
Cc1occc1-c1nnc(SCc2nnc(-c3ccc(Cl)cc3)o2)n1C,0
Cc1nc2ncnn2c(C)c1CCC(=O)N1CCc2ccccc21,0
CCN(CC)c1ccc(NC(=O)c2ccco2)cc1,0
CCN(CC)S(=O)(=O)c1cccc(-c2nnc(SCC(=O)c3cc(C)n(C)c3C)o2)c1,0
Cc1ccc(NC(=O)c2ccc(F)c(S(=O)(=O)N3CCOCC3)c2)cc1F,0
CC(C)CCNC(=O)C1CCN(C(=O)N(C)C)CC1,0
Clc1ccc2nc(N3CCN(c4ccccc4)CC3)sc2c1,0
COc1ccc(NC(=O)CCS(=O)(=O)c2cccc3nonc23)c(OC)c1,0
CC1(C)CC2CC(C)(CN2c2ncnc3ccccc23)C1,0
CCOC(=O)CC(=O)CSc1nc2nc(C)cc(C)n2n1,0
CCOC(=O)N1CCC(NC(=O)CCS(=O)(=O)c2ccc3c(c2)CCN3C(=O)CC)CC1,0
Cc1ccc(S(=O)(=O)NC(CC(=O)N2CCC3(CC2)OCCO3)c2ccco2)cc1,0
CN(C)/C=N/c1c(C#N)cnn1-c1ccccc1,0
COC(=O)Cc1c(C)nc2nc(-c3cccnc3)[nH]n2c1=O,0
c1ccc(OCCSc2nnnn2C2CCCCC2)cc1,0
O=c1cc(-c2ccccc2)nc2nc(-c3ccccc3)[nH]n12,0
CC(C)=C(NC(=O)c1ccco1)C(=O)NCCc1nc2ccccc2[nH]1,0
N#CC1=C2SCC(O)(c3ccccc3)N2C(=O)CC1c1ccccc1,0
CNC(=O)CSc1nc2c(c(=O)n(C)c(=O)n2C)n1Cc1ccc(C)cc1,0
Cc1csc(NC(=O)c2nc(-c3ccccc3)n(-c3ccccc3)n2)n1,0
CN1CCN(c2ccccc2NC(=O)C(Cc2ccccc2)n2cccc2)CC1,0
O=C(Nc1nnc(-c2ccco2)o1)C1CCCCC1,0
Cc1cc(/N=C/C=C2\N(C)c3ccccc3C2(C)C)n(CCC#N)n1,0
COc1ccc(NS(=O)(=O)c2cccc(C(=O)O)c2)cc1,0
COc1cccc(N(C(=O)CNC(=O)c2ccco2)C(C(=O)NC2CCCCC2)c2ccncc2)c1,0
O=C1C2CCCN2C(c2ccc(Cl)cc2)N1c1nccs1,0
CCOC(=O)CSc1nnc(CNc2cccc(Cl)c2)n1-c1ccccc1,0
CN1CCN(CCC(=O)N2c3ccccc3Sc3ccc(Cl)cc32)CC1,0
CCN(CC)CC(=O)Nc1c(C)cccc1C,0
c1ccc(-c2cnnc(SCc3cn4cccnc4n3)n2)cc1,0
COc1ccccc1C(=O)Nc1cccc(-c2cn3ccsc3n2)c1,0
Cc1ccc(S(=O)(=O)N2CCCCC2)cc1C(=O)Nc1ncn[nH]1,0
Cc1onc(-c2ccccc2Cl)c1C(=O)Nc1cnn(Cc2ccccc2)c1,0
COc1ccc(N(CC(=O)Nc2cc(C)ccc2C)S(=O)(=O)c2c(C)nn(C)c2C)cc1,0
Cc1sc2ncn(CC(=O)NCCCC(=O)N3CCN(c4ccccn4)CC3)c(=O)c2c1C,0
O=C(CN1C(=O)c2cccc3cccc1c23)N1CCc2ccccc2C1,0
Cc1n[nH]c(NC2CCCCC2)nc1=O,0
CCOc1cc(CN2CCN(c3ccc(C(C)=O)cc3)CC2)ccc1OC,0
CCc1nnc(NC(=O)CSc2nnc(COc3ccc(C)cc3)n2-c2ccccc2)s1,0
COc1ccccc1CNC(=O)CCC(=O)Nc1nnc(C)s1,0
Cn1c(=O)c2c(nc(NCCc3ccccc3)n2Cc2ccc(F)cc2)n(C)c1=O,0
CCOC(=O)c1ccc(Oc2nc(NC)nc(OC)n2)cc1,0
COc1cccc(NC(=O)N2CCC(N3CCCCC3)CC2)c1,0
CN1CCN(S(=O)(=O)c2ccc(-c3ccccc3)cc2)CC1,0
CCC1CCCCN1C(=O)CSc1nnc(-c2ccco2)o1,0
CCOC(=O)N1CCN(C(=O)C(C)(C)Oc2ccc(Cl)cc2)CC1,0
Cc1[nH]n2c(=O)c(C#N)c(-c3ccccc3)nc2c1-c1ccccc1,0
CCOC(=O)CC(=O)Nc1cc(Cl)ccc1O,0
Cc1nnc(SCCCn2c(N3CCCCC3)nc3c2c(=O)[nH]c(=O)n3C)s1,0
CCOC(=O)CCc1c(C)c(C#N)c2[nH]c3ccccc3n2c1=O,0
CCOc1cccc(NC(=O)c2ccc(S(=O)(=O)N3CCCC3)cc2)c1,0
COc1ccccc1N1CCN(Cc2ccsc2)CC1,0
CC(=O)c1c(C)nc(C)nc1NC(=O)Cc1ccccc1,0
Cn1nnnc1SCC(=O)NC(=O)Cc1ccccc1,0
Cc1csc(SCCn2c(N3CCCC3)nc3c2c(=O)[nH]c(=O)n3C)n1,0
N#Cc1c2n(c(=S)n(-c3ccccn3)c1=O)CCCCC2,0
Cc1cc(C(=O)CN2C(=O)c3ccccc3C2=O)c(C)n1Cc1cccs1,0
COc1cc2c(cc1OC)CN(C(=O)C1(c3ccccc3)CC1)CC2,0
Cc1cc(=O)nc(-n2nc(C)c(Oc3ccccc3O)c2C)[nH]1,0
CC1(C)CC(=O)c2cnc(NC(=O)Cc3ccc(Cl)cc3)nc2C1,0
COC(=O)c1ccccc1NC(=O)CN(C)S(=O)(=O)c1ccc(OC)c(C)c1,0
Fc1ccc(CSc2nncn2NCc2ccc3c(c2)OCO3)cc1,0
CCc1cccc(Nc2cc(C)nc3nc(C)nn23)c1,0
Cc1ccc2nc3c(cc2c1)CN(Cc1ccco1)/C(=N/CC1CCCO1)S3,0
Cc1ccccc1OCCCCCNCCO,0
CC(=O)N(Cc1cc(=O)[nH]c2ccccc12)c1ccc(C)cc1,0
CC1=C(C(=O)Nc2cccnc2)C(c2ccccn2)N2NN=NC2=N1,0
CCn1c(CNC(=O)c2cccc(C)c2)nnc1SCC(=O)Nc1cccc(OC)c1,0
CCN(CC)C(=O)CSc1nnc(-c2ccccc2)n1N,0
CCOC(=O)N1CCN(C(=O)c2csc3c2CCCCC3)CC1,0
O=C(Nc1ccccc1)N1CCCCC1c1cccnc1,0
COc1ccc2nc(NC(=O)CSc3nc4ccccc4o3)sc2c1,0
COc1ccc(CNC(=O)C2COc3ccccc3O2)cc1,0
Cc1nnc(SCCn2c(N3CCN(Cc4ccccc4)CC3)nc3c2c(=O)[nH]c(=O)n3C)s1,0
CN1CCN(C(=O)c2ccccc2N(Cc2ccccc2)S(C)(=O)=O)CC1,0
Cn1c(=O)[nH]c(=O)c2c1nc(NCCCn1ccnc1)n2Cc1ccccc1,0
c1coc(Cn2c(SCc3nc4ccccc4[nH]3)nnc2-c2cnccn2)c1,0
CCOc1cc2[nH]c(=O)n(Cc3cccc(OC)c3)c(=O)c2cc1OCC,0
COc1ccccc1NC(=O)N(Cc1ccco1)Cc1cc2cc(C)cc(C)c2[nH]c1=O,0
COc1cccc(C(=O)Nc2nnc(-c3cccs3)o2)c1,0
COc1ccc(-c2csc(NCc3ccco3)n2)cc1,0
CCc1nnc(NC(=O)c2c(OC)cccc2OC)s1,0
Cc1cccn2c(=O)c3cc(C(=O)NCCCn4ccnc4)n(C)c3nc12,0
COc1ccc(-n2c(Cc3cccn3C)nnc2SCC(=O)Nc2ccc(C)c(Cl)c2)cc1,0
Cn1c(=O)c2c(nc(NCc3ccco3)n2CCc2ccccc2)n(C)c1=O,0
c1ccc(-c2oc3ncnc(N4CCOCC4)c3c2-c2ccccc2)cc1,0
CC(C)/N=C(\NC#N)SCc1ccc(F)cc1,0
CCCNC(=O)Cc1ncn[nH]1,0
c1ccc(-c2noc(-c3ccncc3)n2)nc1,0
CC(C)=CC(=O)Nc1nnc(-c2cccnc2)s1,0
Cc1cc(NC(=O)CSc2ccc3nnc(-c4ccccc4)n3n2)no1,0
Cc1n[nH]c(SCC(=O)N2CCN(S(=O)(=O)c3ccccc3)CC2)nc1=O,0
O=c1[nH]c2ccccc2nc1Cc1ccccc1,0
COC(=O)c1sccc1NC(=O)c1ccncc1,0
NC(=O)C1CCN(C(=O)C23CC4CC(CC(C4)C2)C3)CC1,0
CCCCOc1ccc(-c2nnn(CCC(=O)N3CCOCC3)n2)cc1,0
O=C(Nc1ccc2oc(-c3cccnc3)nc2c1)c1cccnc1,0
CC(=O)Nc1ccc(S(=O)(=O)N2CCN(c3cccc(C)c3C)CC2)cc1,0
Cc1nnc(SCCn2c(N3CCN(C)CC3)nc3c2c(=O)n(C)c(=O)n3C)s1,0
N#CCCn1ccc(NC(=O)c2ccc(Cl)cc2)n1,0
O=C(Nc1nccs1)c1nc(-c2ccccc2)n(-c2ccccc2)n1,0
CC1(C)Cc2c(C#N)c(NCCc3ccccc3)nc(-c3ccco3)c2CO1,0
CS(=O)(=O)Nc1ccccc1C(=O)N1CCOCC1,0
c1ccc2nc3[nH]cnc3nc2c1,0
CCOC(=O)c1[nH]c(C)c(CCC(=O)OC)c1C,0
CCOc1ccc2nc(NC(=O)Cn3cnc4c3c(=O)n(C)c(=O)n4C)sc2c1,0
Cc1ccc(N2C(=O)c3oc4ccccc4c(=O)c3C2c2cccc(O)c2)nc1,0
Cc1ccc(-c2ccc(SCC(=O)Nc3nonc3C)nn2)cc1,0
O=C(COC(=O)c1ccccn1)Nc1nccs1,0
COCC(=O)N(Cc1ccccc1)c1ccccn1,0
CCN(CC)S(=O)(=O)c1ccc2c(c1)c(=O)c(C(=O)NCCCOC)cn2C,0
O=C(CNC(=O)C1CCCCC1)NCCCO,0
O=C(COc1ccc(-n2cnnn2)cc1)NC1CCCCC1,0
NC(=O)c1ccsc1NC(=O)COC(=O)C1CCCN1C(=O)c1cccs1,0
O=C(NC1CCCCCCC1)c1cnccn1,0
CCOc1ccc2c(c1)c1nnc(SCC(=O)N3CCCCC3C)nc1n2C,0
O=C(OC(C(=O)NCc1cccs1)c1ccccn1)c1cccs1,0
CCCOc1ccc(N2C(=O)CC(N3CCC(C(=O)OCC)CC3)C2=O)cc1,0
O=C(NCc1ccc2c(c1)OCO2)c1cccs1,0
CC1(C)Cc2nc3n[nH]c(N)c3cc2CO1,0
COc1ccc(N2CCN(c3oc(COc4ccccc4)nc3C#N)CC2)cc1,0
CCN(CC)c1ccc2cc(-c3nnc(-c4ccncc4)o3)c(=O)oc2c1,0
CCC(C)(C)n1nnnc1C(c1cccnc1)N1CCCc2ccccc21,0
CCCN(C(=O)c1ccccc1N)c1c(C)n(C)n(-c2ccccc2)c1=O,0
O=C(CCn1cnc2ccccc2c1=O)Nc1cccc(Cl)c1,0
CCn1c(SCc2nc3ccccc3[nH]2)nnc1-c1cnccn1,0
COC(=O)c1ccc(CSc2nc3ccccc3c(=O)n2-c2cccc(OC)c2)o1,0
CCCCOc1ccc(NC(=O)c2cnc(C)cn2)cc1,0
O=C(O)CC(c1ccc(Cl)cc1)N1C(=O)CCC1=O,0
Cc1nnc(SCc2ccccc2F)n1NCc1cccs1,0
C/N=C1/SC(CC(=O)Nc2sc3c(c2C#N)CCCC3)C(=O)N1C,0
CN(c1nnc(N)s1)C1CCCCC1,0
CCOC(=O)Cc1csc(NC(=O)CCNS(=O)(=O)c2ccc3c(c2)CCC(=O)N3)n1,0
Cc1oc(C(=O)O)cc1COc1ccccc1Cl,0
O=C(NC1CCCC1)c1ccc(S(=O)(=O)N2CCCC2)cc1,0
c1ccc(OCc2nn3c(-c4n[nH]c5c4CCC5)nnc3s2)cc1,0
COc1ccc2cc(CN(CCCN3CCOCC3)Cc3nnnn3C3CCCCC3)c(=O)[nH]c2c1,0
O=C(O)C1CC=CCC1C(=O)Nc1ccccc1Cl,0
CCN(CC)S(=O)(=O)c1cccc(-c2nnc(SCC(=O)NCCC3=CCCCC3)n2N)c1,0
CC(NC(=O)c1ccco1)c1ccc2c(c1)OCCO2,0
COCC(=O)NCc1ccc2c(c1)cc(C)n2C,0
C(=N/n1cnnc1)\c1ccc(N2CCOCC2)s1,0
CCN(CC)S(=O)(=O)c1ccc(OC(C)C)nc1,0
COC(=O)C1(C(F)(F)F)N=C2Sc3ccccc3N2C(N2CCOCC2)=N1,0
COCCn1c(SCc2ccccc2Cl)nc2c1c(=O)[nH]c(=O)n2C,0
O=C(Cc1cccs1)Nc1ccccn1,0
Cc1nc(NCc2ccc3c(c2)OCO3)c2nnn(Cc3ccccc3)c2n1,0
COc1ccc(CNC(=O)C(C#N)c2nc3ccccc3nc2N2CCN(C)CC2)cc1,0
Cc1nc2c(C(=O)NCCC3=CCCCC3)c[nH]n2c(=O)c1Cl,0
CCOc1cccc(OCCCCn2ccnc2)c1,0
CC(=O)N(C1=NCCCS1)c1ccccc1F,0
CCNC(=O)Nn1c(C)nnc1C,0
Nc1c(C(=O)NCCN2CCOCC2)c2nc3ccccc3nc2n1CCc1ccccc1,0
O=S(=O)(Nc1ccc(O)c(CN2CCCCC2)c1)c1ccccc1,0
Cc1ccc(S(=O)(=O)NC(=O)NN2CCCCCC2)cc1,0
Cc1ccc2nc(N3CCN(C)CC3)c(C#N)cc2c1,0
CCc1nnc(SCc2ccc(OC(C)C)cc2)n1N,0
COCc1nnc(NS(=O)(=O)c2ccccc2)s1,0
Cc1cc(NC(=O)CSc2nc3c(c(=O)n2Cc2ccccc2)SC(C)C3)no1,0
CCc1nnc(NC(=O)CCC(=O)NC2CCCCC2)s1,0
O=C(O)CN1CCN(Cc2ccccc2)C1=O,0
CCn1c(-c2ccc(C(C)(C)C)cc2)n[nH]c1=S,0
COc1ccc(S(=O)(=O)N2CCOCC2)cc1C(=O)Nc1cc(C)on1,0
CN(c1ccccc1)S(=O)(=O)c1cc(C(=O)c2nccn2C)ccc1Cl,0
O=C(c1ccncc1)C12CN3CN(CN(C3)C1)C2,0
O=S(=O)(c1cnc[nH]1)N1CCCCCC1,0
Cc1cc2ncn(C(=O)c3c(-c4ccccc4Cl)noc3C)c2cc1C,0
Cc1ccnc2nc(C(=O)NC3=NCCS3)nn12,0
CC(C)C(=O)c1cn(CC(=O)NCC2CCCO2)c2ccccc12,0
CCCS(=O)(=O)N1CCC(C(=O)NCc2ccccc2Cl)CC1,0
CCOC(=O)c1sc2ncn(C(C)C(=O)OCC)c(=O)c2c1C,0
COc1ccccc1-n1c(=O)c2c3c(sc2n2c(SC)nnc12)CCC3,0
O=C(Nc1ccccc1-c1ccccc1)C1CCCN(c2ncccn2)C1,0
CCOC(=O)c1ccc(N2C(=O)CC(N3CC(C)OC(C)C3)C2=O)cc1,0
COc1ccc(-n2c(=O)c3ccccc3n(CC(=O)NC3CCCCC3)c2=O)c(OC)c1,0
CCOc1ccccc1NC(=O)C1CCN(S(=O)(=O)c2c(C)nn(C)c2C)CC1,0
Cc1ccc(CNC(=O)c2ccccc2NS(C)(=O)=O)cc1,0
COC(=O)CN(c1ccc(C)c(Cl)c1)S(C)(=O)=O,0
CCOc1ccc(CNc2ccc(N3CCCC3)cc2)cc1,0
c1coc(-c2nnc3sc(C4CCCCC4)nn23)c1,0
COc1cc(-c2nnc(CSc3nnc4nc(C)cc(C)n34)o2)cc(OC)c1OC,0
COc1ccc(S(=O)(=O)N2CCC(C(=O)Nc3nnc(CCN4CCCCC4)s3)CC2)cc1,0
C=CCSc1nc2c(c(=O)[nH]c(=O)n2C)n1C/C=C(/C)Cl,0
CCn1nnnc1SCC(=O)Nc1nc(-c2cccs2)cs1,0
CC(C)(C)n1ncc2c(=O)n(CC(=O)NCc3ccc(F)cc3)cnc21,0
Cc1ccc(-c2csc3nc(C)n(-n4cccc4)c(=O)c23)o1,0
Cc1ccc(C)c(C(=O)CSc2nnnn2-c2cccnc2)c1,0
CCN1CCN(c2ccc(NC(=O)c3cccc4ncccc34)cc2)CC1,0
Clc1ccc2c(c1)C=Nc1c(ncnc1N1CCCCC1)O2,0
O=C(Nc1ccc2c(c1)CCC2)C1CCCN(c2ncccn2)C1,0
Cc1ccc(S(=O)(=O)NCCSc2nnnn2-c2cc(C)ccc2C)cc1,0
COCCn1c(N2CCN(c3ccc(OC)cc3)CC2)nc2c1c(=O)n(C)c(=O)n2C,0
COc1cc(OC)c(-c2nn3c(C4CCCCC4)nnc3s2)cc1OC,0
COc1ccccc1NC(=O)CSc1nc2ccccc2n1C(C)=O,0
COc1ccc2[nH]c(=O)c(CN(C(=O)c3ccccn3)c3ccccc3)cc2c1,0
CCCCCn1c(=S)[nH]c2ncccc2c1=O,0
CCC(=O)Nc1ccc(-c2nn3c(C)nnc3s2)cc1,0
C=CCN(C(=O)CCC(=O)Nc1cc(C)on1)C(C(=O)NC(C)(C)C)c1cccc(OC)c1OC,0
CCN(CC)CCNC(=O)CS(=O)Cc1nc(-c2ccccc2Cl)oc1C,0
O=C(Nn1cnnc1)c1cc2c(s1)CCCC2,0
CCNc1nc(NCC)nc(Oc2ccc(OCC)nn2)n1,0
CCNC(=O)NCCc1c[nH]c2ccc(Cl)cc12,0
Cc1ccccc1NS(=O)(=O)c1cc(C(=O)N2CCCC2)ccc1C,0
CCSc1ccccc1C(=O)Nc1cccnc1,0
C/C(=C\C(=O)c1ccc(C)o1)Nc1ccc(C(=O)O)cc1C,0
CC1CCc2c(sc3ncn4c(SCC(=O)NCc5ccco5)nnc4c23)C1,0
Cc1ccc(C(=O)Nc2nc3c(s2)CCCC3)o1,0
Cc1nc2sc(C(c3ccc(Cl)cc3)N3CCOCC3)c(O)n2n1,0
Cn1c(N)c(C#N)c(C#N)c1-c1ccccc1,0
CCSc1nc(N2CCOCC2)c2c(c1C#N)CCCC2,0
c1ccc2[nH]c(N3CCOCC3)nc2c1,0
COCC(C)n1c(C)cc(C(=O)CN2C(=O)NC3(CCCCC3C)C2=O)c1C,0
Cc1ccc(-n2c(SCC(=O)Nc3cc(C)on3)nc3c(c2=O)SC(C)C3)cc1,0
CCc1cc2c(SCC(=O)C(C#N)=C3N(C)c4ccccc4N3C)ncnc2s1,0
CC1CCCCC1NC(=O)c1ccc(S(=O)(=O)NCc2ccco2)cc1,0
Cc1nn(-c2ccccc2)c2nc(N)c(C#N)c(-c3ccc(F)cc3)c12,0
Cc1nnc(SCc2ccccc2C#N)n1-c1ccccc1,0
CC(C)(C)NC(=O)C(Cc1ccccc1)NS(=O)(=O)c1cccc2nsnc12,0
Cc1ccc(-n2c(CSc3nc(C)cc(C)n3)nnc2SCC(=O)N2CCCC2)cc1,0
O=C(Nc1ccccc1C(=O)O)c1ncn[nH]1,0
O=C(NCc1ccco1)c1cccn2c(=O)c3sccc3nc12,0
Cc1ccc2c(CSc3nnc(C4CC4)n3N)cc(=O)oc2c1,0
O=C(Nc1ccc(C(=O)N2CCOCC2)cc1)Nc1cccc(Cl)c1,0
COc1cc2c(cc1OC)CN(Cc1nc(=O)c3sccc3[nH]1)CC2,0
CCc1nnc(SCC(=O)NC2CCCCC2)nc1CC,0
CCCNC(=O)c1ccc(CNc2c(N3CCC(C(=O)OCC)CC3)c(=O)c2=O)cc1,0
CC(=O)Nc1nc(C)nc(-c2ccccc2)c1C(C)=O,0
CC1(C)CC(=O)C2=C(C1)Nc1[nH]c(SCCN3CCOCC3)nc(=O)c1C2c1cccs1,0
Cc1ccc(C)c(C(=O)C(C)OC(=O)c2cccn2C)c1,0
Cc1ccc(CS(=O)(=O)CCC(=O)NCCN2CCCC2)cc1,0
Cc1cc(C)c(NC(=O)CS(=O)CC(=O)Nc2cccnc2)c(C)c1,0
CC1S/C(=C(\C#N)C(N)=O)N(c2ccc(F)cc2)C1=O,0
CCOC(=O)N1CCN(C(=O)Nc2ccc3oc(C)nc3c2)CC1,0
CC(=O)c1c(O)n(Nc2nc(C)cc(C)n2)c(C)cc1=O,0
CCCCNC(=O)c1cc2c(=O)n3cccc(C)c3nc2n(Cc2ccncc2)c1=N,0
O=C(CSc1ccc2nnc(-c3ccc(F)cc3)n2n1)N1CCCCC1,0
CC(C)(C)C(=O)Nc1ccc(-c2cn3ccsc3n2)cc1,0
COc1ccc2c(c1)C(=O)N(c1ccccc1OC)C(=O)C2(C)C,0
COc1ccc(C2(CNC(C)=O)CCCC2)cc1OC,0
COc1ccc(OC)c(-n2nnnc2SCC(=O)NCc2ccc3c(c2)OCO3)c1,0
Cc1ccc(NC(=O)c2cnc3scc(C)n3c2=O)c(C)c1,0
CCOC(=O)C1C(=O)NC(N2CCN(c3ccccc3)CC2)=NC1c1ccco1,0
CN(C(=O)C1CCCO1)c1nnc(-c2ccncc2)s1,0
S=c1nc(-c2ccccc2)n(CCCn2ccnc2)c2c1CCCC2,0
O=C1C(Cl)=C(N2CCCCCC2)C(=O)N1c1ccccc1,0
CCCCNC(=O)NS(=O)(=O)c1ccc(C(=O)OC(C)C)o1,0
CN1CCc2c(sc3nc(SCC(N)=O)n(-c4ccccc4)c(=O)c23)C1,0
COc1ccccc1-c1nnc(SCc2ccccn2)n1C,0
COc1ccc(CCNc2ncnc3[nH]ncc23)cc1OC,0
Cc1nc(NC2=NCN(Cc3ccccc3)CN2)nc2ccccc12,0
CC(NC(=O)c1cc(-c2cccs2)on1)c1ccccc1,0
COc1ccccc1NC(=O)CN(C)S(=O)(=O)c1ccc(F)cc1,0
Cc1c(Cl)cccc1NC(=O)CN1CCN(CCO)CC1,0
O=C(c1cccc(Cl)c1)N1CCN(C(=O)c2ccco2)CC1,0
CC(C)(C)C1=Nn2c(nnc2-c2ccco2)SC1,0
CCc1nnc(NC(=O)c2c(O)n3c4c(cccc4c2=O)CC3)s1,0
COc1ccc(C(=O)CSc2nnc(-c3cc(C)cc(C)c3)o2)cc1,0
Cc1ccc(Cn2ccc(NC(=O)c3noc4c3CCCC4)n2)cc1,0
Cc1nnc(C)n1/N=C/c1cccn1C,0
CN1CCN(c2nc3ccccc3c(=O)n2-c2ccccc2)CC1,0
CC(=O)Nc1ccc(S(=O)(=O)N2CCN(C34CC5CC(CC(C5)C3)C4)CC2)cc1,0
COc1ccc(Nc2nc3ccccc3c(=O)s2)c(OC)c1,0
CCOC(=O)c1[nH]c2ccccc2c1NC(=O)CC,0
COc1ccc(C(=O)NCc2ccccc2OC)c(OC)c1,0
Cc1c(C(=O)Nc2cccc3cccnc23)oc2ccccc12,0
Cc1ccc(-c2noc(CCC(=O)NCCN3CCc4ccccc4C3)n2)cc1,0
O=C(CN1C(=O)CCC1=O)Nc1nc(-c2ccc(Cl)s2)cs1,0
O=C1CCC(=O)N1c1ccc(CSc2nc3ccccc3[nH]2)cc1,0
COc1ccc(CC(NC(C)=O)C(=O)NC2CCN(c3nnnn3-c3ccccc3)CC2)cc1,0
Cc1cccc(C)c1NC(=O)CSCC(=O)O,0
Cc1ccc(Nc2nc(N3CCOCC3)nc(N3CCOCC3)n2)cc1,0
CC(=O)Nc1ccc(Oc2cc(C#N)c(C#N)cc2N2CCCCCC2)cc1,0
N#Cc1c(N)nc(SCC(=O)NCCc2ccccc2)c(C#N)c1-c1cccs1,0
O=C(CSc1nnc(CNC(=O)c2cccs2)o1)Nc1ccc2c(c1)OCO2,0
Cc1ccc(N2CC(C(=O)NCC3CCCO3)CC2=O)cc1Cl,0
Cc1nc(SCC(=O)NCc2ccc3c(c2)OCO3)c(C#N)c2c1CCCC2,0
O=C(c1nn2cccnc2c1Cl)N1CCN(c2ccccc2)CC1,0
O=C(CSc1nc(=O)c2ccccc2[nH]1)c1cccs1,0
Cc1ccc2nc(NC3=NCN(Cc4ccc5c(c4)OCO5)CN3)nc(C)c2c1,0
Cc1cccc(NC(=O)C2CCCN(c3nc(C)cc(C)n3)C2)c1,0
CCc1c(C(=O)N2CCOCC2)csc1C,0
Cn1nnc(NC(=O)c2ccccc2F)n1,0
COC(=O)c1ccccc1S(=O)(=O)Nc1ccc2cn[nH]c2c1,0
CCc1cccc(Nc2cc(C)nc3ncnn23)c1,0
CCN1CCN(c2nc3c(c(=O)n(C)c(=O)n3C)n2CCSc2nccc(C)n2)CC1,0
CN1CC(=O)N(CC(=O)Nc2ccc(F)cc2)c2ccccc2C1=O,0
CCOC(=O)CC1C(=O)NC2CCCCC2N1C(=O)Nc1ccc(Cl)cc1,0
CCSc1nc2c(c(=O)n(C)c(=O)n2C)n1Cc1ccc(Cl)cc1,0
O=C(O)CCc1ccc(-c2cccs2)n1NC(=O)c1ccc(O)cc1,0
Cc1ccc(CNc2ccc3c(c2)OCO3)cc1,0
CC(=O)Nc1cccc(OCC(O)Cn2cnc3ccccc32)c1,0
OC(COCc1ccco1)CN1CCN(C(c2ccccc2)c2ccccc2)CC1,0
O=C(CSc1ncccc1-c1nc2ccccc2[nH]1)N1CCCCC1,0
CC(C)C(=O)Nc1ccc(NC(=O)c2ccccn2)cn1,0
Cc1cc(NC(=O)c2cnccn2)no1,0
CCOC(=O)c1ccc(NC(=O)CCc2c(C)nc3ncnn3c2C)cc1,0
CN(C)c1nc(N)nc(-c2ccco2)n1,0
CCOC(=O)c1ccc(NC(=O)Cn2nnc3ccccc32)cc1,0
CCOC(=O)N1CCC(NC(=O)CS(=O)(=O)Cc2nc(-c3ccccc3C)oc2C)CC1,0
Cc1cc(C(=O)Nc2cccnc2)on1,0
Cc1cc(NC(=O)c2cnn3c(C(F)F)cc(C4CC4)nc23)no1,0
CCCOc1ccc(-c2nc(C#N)c(N3CCN(CC)CC3)o2)cc1,0
Cc1cc(C)nc(SCc2nnc(SCC(=O)Nc3ccc(C)c(C)c3)n2Cc2ccco2)n1,0
COc1ccc2c(c1OC)C(=O)OC2Nn1cncn1,0
Cc1cccn2c(=O)c3cc(C(=O)NCCCN4CCCC4=O)n(C)c3nc12,0
CCOc1ccccc1NC(=O)NC1CCN(CC(=O)Nc2ccc3c(c2)OCCO3)CC1,0
CCOc1ccc(Nc2cc(C)nc(-n3nc(C)cc3C)n2)cc1,0
Cn1c(=O)oc2cc(S(=O)(=O)N3CCC(C(=O)NCC4COc5ccccc5O4)CC3)ccc21,0
COc1ccccc1-c1cc(C(=O)Nc2c(C)n(C)n(-c3ccccc3)c2=O)no1,0
CCCCOc1ccc(Cl)cc1CSc1nnc(CC)n1N,0
Cc1cc(C)nc(N/C(=N/Cc2ccc3c(c2)OCO3)NC(=O)Nc2ccccc2)n1,0
O=C(Cc1ccccc1)Oc1ccccc1N1C(=O)CCC1=O,0
COc1ccc(C(c2nnnn2C(C)(C)C)N2CCN(c3nc4ccccc4s3)CC2)cc1,0
Cc1onc(-c2ccccc2Cl)c1C(=O)NC1CCS(=O)(=O)C1,0
CCN1CCN(S(=O)(=O)c2cc(OCC(=O)NC3CCCCC3)c(C)cc2Cl)CC1,0
O=C(NC1CCCCC1)C1CCCN1S(=O)(=O)c1cccc2nsnc12,0
CCOc1cccc(-c2nn3c(-c4ccccn4)nnc3s2)c1,0
C=C(C)c1cccc(C(C)(C)NC(=O)N2CCN(c3ccccn3)CC2)c1,0
COc1cccc(CNc2ccc(N3CCCCC3)cc2)c1OC,0
N#Cc1ccc(COC(=O)CSc2nnc(C3CCCCC3)n2N)cc1,0
N#Cc1cc2ccc(N3CCOCC3)cc2cc1C#N,0
CCn1nc(NC(=O)c2ccco2)c2cc3ccc(C)cc3nc21,0
COC(=O)C(NC(=O)NCc1ccccc1Cl)C(C)C,0
Cn1c(C(=O)N2CCN(c3ccc(F)cc3)CC2)cc2c(=O)n(C)c3ccccc3c21,0
Cc1ccc(C(=O)Nc2c(C(=O)NCc3ccco3)cnn2-c2ccccc2)cc1,0
CCN1C(SCC(=O)Nc2ccccc2C)=NN/C1=C1/C=CC=CC1=O,0
COc1ccccc1NC(=O)c1ccc(S(=O)(=O)N2CCCC2)cc1,0
Cn1c(=O)c2c(nc(NCCCO)n2CCc2ccccc2)n(C)c1=O,0
O=C(CSc1ncnc2nc[nH]c12)N1CCN(c2ccc(Cl)cc2)CC1,0
O=C(COc1ccc(S(=O)(=O)NC2CCCCC2)cc1)N1CCN(c2ccc(F)cc2)CC1,0
CCOC(=O)COc1nc(Nc2ccccc2C)nc(N(C)C)n1,0
CCOc1ccc(NC(=O)CSc2nccn2C)cc1,0
Cc1cc(C)n2cc(CSc3nnnn3-c3ccc(Cl)cc3)nc2n1,0
CCCCn1c(C(C)NC(=O)CC)nc2ccccc21,0
CCc1nnc(NC(=O)c2ccc(COc3ccc(C)cc3)o2)s1,0
O=C(COc1ccccc1)Nc1cccc2nsnc12,0
CCCSc1nc2n(-c3ccccc3)[nH]cc-2c(=O)n1,0
O=C(Nc1ccc2c(c1)nc1n2CCOC1)c1ccco1,0
Cc1cc(C)c(C#N)c(SCC2COc3ccccc3O2)n1,0
CC(C)CCNC(=O)CN(CC1CCCO1)C(=O)CCC(=O)Nc1nccs1,0
Cc1ccc(-n2[nH]cc3c(=O)nc(SCC(=O)N4CCOCC4)nc2-3)cc1,0
CCCc1nc(Nc2nc3ccccc3o2)nc(C)c1C(=O)OCC,0
Cc1cc(C)c2nc(N3CCN(C)CC3)c(C#N)cc2c1,0
O=C(Cn1cnc2ccccc2c1=O)Nc1ccc2c(c1)CCC2,0
COc1ccccc1OCC(=O)Nc1ccc(S(=O)(=O)Nc2nc(C)cc(C)n2)cc1,0
CCc1cccc(NC(=O)c2snc3c(=O)nc[nH]c23)c1,0
Cc1ccccc1OCCCCc1c(C)n[nH]c1C,0
CCCCN(C)S(=O)(=O)c1ccc(C(=O)Nc2nnc(CSC)o2)cc1,0
CN1CCN(Cc2nc3ccccc3n2C)CC1,0
Nn1c(SCC(=O)NCc2ccccc2)nnc1C1CC1,0
N#Cc1c(NC(=O)CSc2nnnn2C2CCCCC2)sc2c1CCCC2,0
Cn1c(=O)[nH]c(=O)c2c1nc(N1CCN(Cc3ccccc3)CC1)n2CCSc1ncccn1,0
CN(Cc1ccccc1)C(=O)CCNC(=O)Cn1cnc2ccccc2c1=O,0
CS(=O)(=O)N(CC(=O)Nc1ccc2c(c1)OCCO2)Cc1ccc(Cl)cc1,0
N#CCCCSc1nnc(-c2ccc(Cl)cc2)n1-c1ccccc1,0
COc1ccccc1Oc1cc(C#N)c(C#N)cc1-n1nnc2ccccc21,0
O=C(NCc1ccccc1)C1C2C=CC3(CN(Cc4cccnc4)C(=O)C13)O2,0
Cc1nnc(NC(=O)CSc2ccccn2)s1,0
Cc1nn(-c2nc(=O)c(C)n[nH]2)c(C)c1SCC(=O)Nc1ccc(F)cc1,0
O=c1c2cc(N3CCOCC3)ccc2[nH]c(=S)n1CC1CCCO1,0
CCOC(=O)C1=C(C)NC(=O)NC1c1ccc(OC)c(Cl)c1,0
CCOc1ccc(-n2cc(C(=O)N3CCC(C)CC3)c3cc(OC)c(OC)cc3c2=O)cc1,0
C=CCn1cc(C(=O)NCc2cccnc2)c(=O)c2cc(S(=O)(=O)N(CC)CC)ccc21,0
COc1ccc(S(=O)(=O)Nc2nncs2)cc1,0
O=C(CSc1ncn(-c2ccccc2)n1)NCc1ccccc1,0
O=C1NC2c3ccccc3C(=O)N2c2c1cnn2-c1ccccc1,0
O=C1C=CC=C/C1=C1\N=C(N2CCN(Cc3ccccc3)CC2)c2ccccc2N1,0
Cn1c(SCCS(=O)(=O)c2ccc(Cl)cc2)nnc1-c1ccccc1,0
Cc1ccc(Nc2cc(C)nc3nc(C)nn23)cc1,0
CC(C)c1nc(-c2c(N)n(C)c(=O)n(C)c2=O)sc1C(=O)C(C)(C)C,0
O=C1OCCC1Sc1nnc(-c2cccs2)n1Cc1ccccc1,0
COc1cccc(C(=O)NCc2n[nH]c(=S)n2-c2cccc(C)c2)c1,0
CCCn1c(SCC(=O)Nc2cccc(C(=O)OC)c2)nnc1-c1cccnc1,0
Cc1sc2nc3c(C(=O)N4CCN(c5ncccn5)CC4)cccn3c(=O)c2c1C,0
Cc1c(C(=O)O)[nH]c2c1C(=O)CC(c1ccccc1)C2,0
O=C(O)CC(C(=O)O)n1nc(-c2ccccc2)cc1-c1ccccc1,0
CCOCCn1c(N2CCN(c3ccccc3)CC2)nc2c1c(=O)n(C)c(=O)n2C,0
COC(=O)c1ccc(Cl)c(NC(=O)CN2CCCC2)c1,0
O=C(CSc1nccn1Cc1ccccc1)Nc1nccs1,0
CCN(CC)C(=O)C1=C(C)NC(=O)NC1c1c(F)cccc1Cl,0
Cn1c(SC/C=C/c2ccccc2)nnc1-c1ccco1,0
Cc1c(/N=C/C=C/c2ccccc2)c(=O)n(-c2ccccc2)n1C,0
Cc1ccc(C)c(N(C)S(=O)(=O)c2cccc3nsnc23)c1,0
N#CC(C(=O)COC(=O)Cc1c[nH]c2ccccc12)=C1Nc2ccccc2N1,0
CC(C)(C)SCCNC(=O)COc1ccc(Cl)cc1,0
CN1CCN(C(=O)Cc2nc3ccccc3[nH]2)CC1,0
N#CC12C(N)=NC3(OCCO3)C1(C#N)C1=C(CCC1)NC2c1ccccc1,0
Cn1c(=O)c2c(nc(Sc3ncccn3)n2Cc2ccc(Cl)cc2)n(C)c1=O,0
N#Cc1cc2ccccc2nc1SCC(=O)Nc1ccc(S(=O)(=O)N2CCCC2)cc1,0
CC(=O)NCCOc1nc(N(C)C)nc(N2CCOCC2)n1,0
COc1cccc(C2CC(=O)NC3=C2C(=O)CCC3)c1,0
COC(=O)c1c(NC(=O)CSc2nnnn2C)sc(C)c1C,0
O=C(Nc1cccnc1)c1ccc(Cl)c(S(=O)(=O)N2CCCCCC2)c1,0
COc1cccc(OC)c1C(=O)C(C#N)=C1Nc2ccccc2N1,0
COCCNC(=O)C1CC(=O)N(C2CCCC2)C1,0
COc1ccc(CN(C(=O)CNC(=O)c2ccco2)C(C(=O)NC2CCCC2)c2ccco2)cc1,0
Cc1cc2nc(C3CCN(Cc4nnnn4Cc4cccs4)CC3)[nH]c2cc1C,0
Cc1cc(C)n(/N=C/c2ccccc2)c(=O)c1C#N,0
COc1ccc(NS(=O)(=O)c2ccc3c(c2)Cc2ccccc2-3)cn1,0
COc1ccc2nc(N3CCC(O)CC3)c(C#N)cc2c1,0
COc1ccc(-c2csc(NC(=O)Cn3nc(C)cc3C)n2)cc1,0
Cn1c(=O)c2c(nc(SCCCC#N)n2Cc2ccccc2F)n(C)c1=O,0
COc1ccc(Cn2nnnc2C(c2cc3cc(C)cc(C)c3[nH]c2=O)N2CCOCC2)cc1,0
COc1cccc(N2CCN(C(=O)c3[nH]c(C)c(C(C)=O)c3C)CC2)c1,0
Cn1c(COc2ccccc2)nnc1SCC(=O)NCc1ccccc1,0
COCCCn1c(C(C)C)nc2oc3cc(OC)ccc3c(=O)c2c1=O,0
Cc1cccc(N(Cc2ccccc2F)S(C)(=O)=O)c1,0
Cc1ccc(NCc2nnc(SCC(=O)NCc3ccco3)n2CC2CCCO2)cc1Cl,0
Cc1c(C(=O)NCc2ccco2)sc2nc(-c3ccccc3)cn12,0
COc1ccc(-n2c(SCC#N)nnc2-c2cccnc2)cc1,0
O=c1nc(NCc2ccco2)sc2ncccc12,0
CCOCCCN(CCC#N)S(=O)(=O)c1ccc(S(=O)(=O)N2CCCC2)cc1,0
Cc1nn2c(-c3ccco3)nnc2c2ccccc12,0
CCn1nnnc1SCC(=O)N1c2ccccc2CCc2ccccc21,0
CCOC(=O)C1CCCN(CC(=O)/C=C2/N(C)c3ccccc3C2(C)C)C1,0
O=c1nc2ccccn2c(O)c1-c1ccccc1,0
COC(=O)c1ccc(Oc2nc(NC(C)C)nc(N(C)C)n2)cc1,0
O=C(CCN1C(=O)COc2ccccc21)NCCN1CCc2ccccc2C1,0
COc1cc(OC)c(NC(=O)Cn2cccc2)cc1Cl,0
COc1ccc(C(=O)Nc2cccc(C(=O)N3CCN(C)CC3)c2)cc1,0
CCOC(=O)C1CCCN(CCCc2ccccc2)C1,0
CC(=O)Nc1ccc(S(=O)(=O)N2CCCc3ccccc32)cc1,0
O=C(NC1=NCCS1)C1Cc2ccccc2CN1C(=O)c1ccccc1,0
COc1ccc(-c2nc(C#N)c(NCCN(C)C)o2)cc1,0
COc1cccc(-c2nnc(NC(=O)c3ccc(S(=O)(=O)N4CCOCC4)cc3)o2)c1,0
N#CCCn1c(SCC(=O)NCC2CCCO2)nc2ccccc21,0
Cc1ccc(N2CC(C(=O)Nc3nccs3)CC2=O)cc1,0
Cc1cc(N2CC(=O)N(CCc3ccccc3)C(=O)C2)n2ncnc2n1,0
CC1(C)CC(=O)C2=C(C1)OC(c1cccs1)C(C#N)=C2N,0
Cn1c(CN2CCCCC2)nc2cc(NC(=O)c3ccccc3)ccc21,0
O=S(=O)(NCc1ccccc1Cl)c1cnc[nH]1,0
CCSc1nnc(NC(=O)c2nn(C(C)C)c(=O)c3ccccc23)s1,0
Cc1ccc(OCCCC(=O)Nc2nncs2)cc1,0
Cc1nc(SCCCSc2n[nH]c(C)n2)n[nH]1,0
O=C(CSc1nc2c(c(=O)n1-c1ccc(F)cc1)SCC2)Nc1ccc2c(c1)OCO2,0
CC(=O)Nc1nc(N2C(=O)c3ccccc3C2=O)n(-c2ccccc2)n1,0
Cc1nc2ccc3[nH]snc3c2n1,0
Cc1ccc(-n2ncc3c(=O)n(CC(=O)NCC4CCCO4)cnc32)cc1,0
CC(=O)N1CCc2cc(NC(=O)c3ccc(C)cc3)ccc21,0
COc1ccc(Cl)cc1C(=O)N1CCN=C1SC,0
O=C(O)c1ccc(CN2C(=O)c3ccccc3S2(=O)=O)cc1,0
FC(F)(F)c1cc(-c2cccs2)nc(N2CCOCC2)n1,0
CCOC(=O)Cc1csc(NC(=O)c2c(-c3c(F)cccc3Cl)noc2C)n1,0
CC(C)NC(=O)c1cc(C(=O)c2cc(Cl)ccc2O)coc1=N,0
Cc1ccc(C)c(S(=O)(=O)NC(CC(C)C)C(=O)O)c1,0
COc1cc(-c2nnc(-c3ccc(N4CCOCC4)cc3)o2)cc(OC)c1OC,0
C=CCNC(=O)c1nn2cccnc2c1Cl,0
CCS(=O)(=O)NCCc1csc(-c2ccccc2)n1,0
c1ccc(-n2cnc3cc(NCc4ccncc4)ccc32)cc1,0
CC(=O)Nc1nnc(SCC(=O)NCCOc2ccccc2)s1,0
COc1ccc(Nc2cc(C)nc3nc(C)nn23)cc1Cl,0
CCOc1cccc(C(=O)Nc2ccc(N3CCN(S(C)(=O)=O)CC3)cc2)c1,0
COc1ccc(C(=O)CSc2nc(=O)c3c(C)cc(C)nc3[nH]2)cc1OC,0
Cc1ccc(S(=O)(=O)NCCSc2nnnn2-c2ccc(C(N)=O)cc2)cc1,1
C=C(C)Cn1c(CCNC(=O)C(C)(C)C)nc2ccccc21,0
CCC1CCCCN1Cc1nc2c(c(=O)n(C)c(=O)n2C)n1Cc1ccccc1,0
Cc1cc(C)n(CCc2nc(-c3cc4ccccc4o3)cs2)n1,0
Cc1nn(-c2ccc(F)cc2)c2nc(N)c(C#N)c(-c3cccs3)c12,0
COc1ccc2cc3cc(C(=O)NCCN4CCN(c5ccccc5F)CC4)oc3nc2c1,0
O=C(Nc1ccc(Cl)cc1)N1CCCC1,0
Cn1c(COc2ccccc2)nnc1SCCN1CCOCC1,0
COc1ccc(-n2ncc3c(N4CCCCC4)ncnc32)cc1,0
COc1ccc(S(=O)(=O)N2C3CCC2CC(NC(=O)C2CC2)C3)cc1,0
CC(=O)Nc1cccc(NC(=O)C2CCCN2C(=O)Nc2ccc(Cl)cc2)c1,0
CCN1C(=O)/C(=C\N2CCN(C)CC2)SC1=S,0
Cc1ccc(S(=O)(=O)CCC(=O)OCC(=O)Nc2cc(C)on2)cc1,0
CCN(CC)CCn1c(NCc2ccc(OC)cc2)nc2ccccc21,0
CCn1c(SCC(=O)N2c3ccccc3Sc3ccccc32)nc2c1c(=O)n(C)c(=O)n2C,0
CC(C)(C)C(=O)c1sc(Nc2ccccc2)nc1N,0
O=C1C(Cl)=C(N2CCN(Cc3ccccc3)CC2)C(=O)N1c1ccccc1,0
COc1cc(NC(=O)Cn2nnc(-c3ccccc3N)n2)cc(OC)c1,0
CCN(CC)C(=O)CSc1nc2ncccc2[nH]1,0
Cc1ccc(C)c(N2CCN(CC(=O)Nc3ccc4[nH]c(=O)[nH]c4c3)CC2)c1,0
Cc1ccc(S(=O)(=O)NCC(=O)N2CCC(C)CC2)cc1,0
O=C1CC(Nc2ccc(N3CCOCC3)cc2)C(=O)N1C1CCCCC1,0
Cc1ccc(NCc2nnc(SCC(=O)Nc3ccccc3)n2CC2CCCO2)c(C)c1,0
CSc1nc(N2CCN(CCO)CC2)c2sc3nc(-c4ccco4)c4c(c3c2n1)CCC4,0
CCOC(=O)c1ccc(NC(=O)N2CC(C)OC(C)C2)cc1,0
C=C(C)CSc1nc2nc(C)cc(C)n2n1,0
COc1ccc(NC(=O)c2ccco2)cc1NC(=O)c1cccnc1,0
Fc1cccc(Cl)c1CSc1nnnn1-c1ccc2c(c1)OCO2,0
CC(=O)N1SC(N)=NC1c1ccccc1,0
Cc1ccc(-n2nnc3c(=O)n(Cc4cc(C)ccc4C)cnc32)cc1,0
Cc1csc(N(C(=O)c2cccc(S(=O)(=O)N(C)C)c2)c2ccccc2)n1,0
CCN(CC(=O)NC(=O)NCc1ccco1)Cc1nc(=O)c2ccccc2[nH]1,0
O=C(Nc1ccc2c(c1)nc1n2CCN(C2CCCCC2)C1)c1ccco1,0
COC(=O)c1ccc(-c2sc3nc(N4CCOCC4)c4c(c3c2N)CCCC4)o1,0
CCOC(=O)c1cnn(-c2cc(C)nc3c(-c4ccccc4)c(C)nn23)c1N,0
Cc1ccc(Cl)cc1N1CCN(S(=O)(=O)c2c(C)[nH]c(=O)[nH]c2=O)CC1,0
O=C(CSc1nc2ccccc2o1)N1CCN(c2ccc(Cl)cc2)CC1,0
CCCn1c(=O)c2ccccc2n2c(SCC(=O)/C(C#N)=C(\C)N)nnc12,0
O=C(c1ccco1)N1CCN(c2cccc(Cl)c2)CC1,0
Cn1c(SCc2nc(-c3cccs3)no2)nnc1C1CCCCC1,0
O=C(CN1C(=O)c2ccccc2C1=O)Nc1cccnc1,0
Cc1ccc(C(=O)Nc2ccccc2C(N)=O)o1,0
Cc1ccc(C)c(N2CCN(C(=O)c3cc4ccccn4n3)CC2)c1,0
CC1(C)CC(=O)C=C(N2CCNCC2)C1,0
CCn1c2ccccc2c2nnc(SCc3cc(=O)n4ccsc4n3)nc21,0
COc1ccccc1CNc1ncnc2nc[nH]c12,0
CCS(=O)(=O)N1CCN(Cc2nc(=O)c3ccccc3[nH]2)CC1,0
O=S(=O)(c1ccc(Cl)cc1)N1CCN(C2CCCCCC2)CC1,0
CCn1nc(NC(=O)c2ccncc2)c2cc3ccccc3nc21,0
Cc1ccc(-n2ncc3c2ncn2c(C)nnc32)cc1C,0
CCOC(=O)Cc1cn2c(=O)cc(CSCC(=O)Nc3ccc(C)c(C)c3)nc2s1,0
N#CC1=C(SCC(=O)c2cc3ccccc3oc2=O)NC(=O)C(C#N)C12CCCC2,0
COc1ccc(CNC(=O)c2cccs2)cc1,0
Cc1csc(NC(=O)C2CCCN(S(=O)(=O)c3cnc[nH]3)C2)n1,0
CCOC(=O)c1[nH]c2ccccc2c1NC(=O)CN(C)C,0
Cc1noc(NS(=O)(=O)c2ccc(NC(=O)CSc3nc4ccccc4[nH]3)cc2)c1C,0
Cc1nccn1-c1ncnc2sc3c(c12)CCCC3,0
OC(CN1CCOCC1)Cn1c(-c2cccc(Cl)c2)nc2ccccc21,0
COCNc1nc(OCC#N)nc(N(C)C)n1,0
COc1ccccc1S(=O)(=O)Cc1ccc(C(=O)NCc2ccc3c(c2)OCO3)o1,0
Cc1ccc(NC(=O)c2cc(N3CCOCC3)nc3ccccc23)cc1,0
COc1ccc(CCNC(=O)Cn2c(=O)n(Cc3ccco3)c(=O)c3ccc(Cl)cc32)cc1OC,0
CCn1cc(C2N3CC4(C)CN2CC(C)(C3)C4=O)c2ccccc21,0
CC(C)C(c1nnnn1C(C)(C)C)N1CCN(c2cccc(Cl)c2)CC1,0
Cc1ccc2nc(C3CCCN(C(=O)NCc4ccccc4)C3)[nH]c2c1,0
COC(=O)C(C)n1cnc2c(nnn2-c2ccc(OC)cc2)c1=O,0
Cc1noc(C)c1COC(=O)c1cccc(S(=O)(=O)N2c3ccccc3CC2C)c1,0
c1coc(-c2nnc(NC3=NCCC3)o2)c1,0
CCCC(O)(CCN(C)C)c1ccc(OC)cc1,0
CCSc1nnc2c(n1)OC(C)(C)Nc1ccccc1-2,0
Cc1cccc(Cn2c(Sc3nc(C)cs3)nc3c2c(=O)[nH]c(=O)n3C)c1,0
Cc1ccc(-c2nc(C#N)c(NCCc3ccccn3)o2)cc1,0
COc1ccccc1NC(=O)CCc1c(C)[nH]c(=O)c(C#N)c1C,0
O=C(CN1C(=O)CSC1=O)NC1CCCCC1,0
O=c1[nH]c2ccccc2c2nc3ccccn3c12,0
CC1=CC(=O)/C(=C/Nc2cccc(Cl)c2)C(=O)O1,0
C=CCNC(=O)NC(=O)COC(=O)CCCSc1nc2ccccc2[nH]1,0
CCCCn1c(SCC(=O)Nc2cc(C)on2)nc2ccsc2c1=O,0
Cn1/c(=N/C(=O)CSCC(=O)N2CCCC2)sc2ccccc21,0
COC(=O)c1ccc(CSc2nncn2C)cc1,0
CCOc1ccc(C2C(C#N)=C(N)Oc3nc[nH]c(=O)c32)cc1OC,0
COc1cccc(C(=O)CSc2nnc(CNS(C)(=O)=O)n2-c2ccc(C)cc2)c1,0
Cc1nc2sc(C(c3ccc(F)cc3)N3CCOCC3)c(O)n2n1,0
CN(C)c1nc2ccc(OCCN3CCCCC3)cc2s1,0
CC(=O)Oc1ccc(C(=O)Nc2nnc(C)s2)cc1,0
CCn1c(SCC(=O)NCCc2ccc(F)cc2)nnc1-c1cccs1,0
CC1Cc2ccccc2N1C(=O)CSc1nnnn1-c1ccc2c(c1)OCCO2,0
N#Cc1nc(COc2ccccc2)oc1N1CCCC1,0
COc1nc2ccccc2cc1-c1noc(-c2cccnc2)n1,0
Cc1n[nH]c(SCC(=O)c2c(N)n(C)c(=O)n(C)c2=O)nc1=O,0
CCC(Sc1nc2nnc(C)c-2c(N)n1-c1cccc(Cl)c1C)C(=O)N(CC)CC,0
Cc1cc(C)n(CC(=O)O)n1,0
CCNc1nc(N)nc(Oc2ccc(OCCOc3ccccc3)nn2)n1,0
CCCc1nc2oc3c(NCCN4CCOCC4)ncnc3c2c2c1CCCC2,0
O=C(NCCCN1CCOCC1)c1csc2c1CCCC2,0
O=C(Cn1nnc(-c2ccc(OCc3ccccc3F)cc2)n1)N1CCOCC1,0
c1ccc2c3nnc4n(c-3nc2c1)CCCS4,0
OCCNc1nc2ccccc2n1-c1ccccc1,0
CCOc1ccc2[nH]c(C)c(CN3CCN(CC)CC3)c(=O)c2c1,0
Cc1c2c(nc3c(C(=O)NC4CCCCC4C)cnn13)CCCC2,0
Cc1cc(=O)n2ncnc2n1COCCO,0
O=C(O)Cn1cc2c(n1)CCCC2,0
CCC(C)NC(=O)c1c(N)n(Cc2ccc3c(c2)OCO3)c2nc3ccccc3nc12,0
CC(C)(C)n1ncc2c(=O)n(CC(=O)c3ccc(Cl)cc3)cnc21,0
Cn1nnnc1SCCNC/C=C/c1ccccc1,0
O=C(Cc1ccccc1)Nc1cccc(-c2nc3ncccc3o2)c1,0
COC(=O)c1ccc(-n2c(C)cc(/C=N/n3cnnc3)c2C)cc1,0
CC(=O)NCCOc1ccc2oc3ccccc3c2c1,0
COCCCNC(=O)CCc1nc(-c2ccccc2Cl)no1,0
Cc1c(Cl)cccc1NC(=O)CCCCCN1C(=O)CCC1=O,0
COc1ccc(NC(=O)C2c3cc(OC)c(OC)cc3C(=O)N(C)C2c2cccnc2)cc1OC,0
Nc1nonc1OCCc1ccccc1,0
Cc1ccc(C(=O)Nc2ccc(S(=O)(=O)N3CCc4ccccc4C3)cc2)o1,0
CCCCC(=O)Nc1ccc2c(c1)nc(CCN1CCOCC1)n2C,0
Cn1cccc1Cc1nnc(SCC(=O)Nc2ccccc2F)n1CCc1ccccc1,0
O=C1CC(c2nc3ccccc3[nH]2)CN1c1ccccc1,0
COc1ccc(CC(=O)Nc2c3c(nn2-c2cccc(C)c2C)CS(=O)C3)cc1,0
COc1cc(CN2CCN(c3cccc(C)c3C)CC2)cc(OC)c1O,0
COc1cc(/C=N/O)ccc1OCc1ccc(C(=O)O)cc1,0
CCOC(=O)N1CCC(NC(=O)CCc2c(C)nc3c(c(C)nn3C(C)(C)C)c2C)CC1,0
Cn1nnc2cc(C(=O)NCCC3=CCCCC3)ccc21,0
Cc1cc2c(s1)c1cnn(CC(=O)NCCc3ccccc3)c(=O)c1n2C,0
O=c1nc(CSc2nnc(NCCCN3CCOCC3)s2)[nH]c2cc(Cl)ccc12,0
COCCn1c(CN2CCN(c3ccccc3F)CC2)nc2c1c(=O)n(C)c(=O)n2C,0
CCc1cc(C)cc(OCCNC(=O)c2ncn[nH]2)c1,0
O=C(O)c1ccc(CSc2nnnn2C2CCCCC2)cc1,0
COC(=O)c1sccc1NC(=O)CSc1nnnn1-c1ccccc1F,0
CCOC(=O)N1CCC(NCCNC(=O)c2ccccc2)CC1,0
Cc1ccccc1NS(=O)(=O)c1ccc(NC(=O)c2ccco2)cc1,0
Cc1cc(C(=O)OCC(=O)N2CC(=O)Nc3ccccc32)no1,0
Cn1nc(C(=O)NCc2ccccn2)c2ccccc2c1=O,0
Cc1cnc(C(=O)Nc2ccccc2C(=O)N2CCOCC2)cn1,0
CC(=O)/N=c1\sc2nc3ccccc3nc2n1N(C(C)=O)C(C)=O,0
O=C(Nc1cnn(Cc2ccc(Cl)cc2)c1)C1CCCC1,0
Cc1ccc(-c2nnc(N3CCCCC3)c3ccccc23)cc1S(=O)(=O)N1CCN(C)CC1,0
Cc1nc2sccn2c1-c1nc(C2CC2)c(C(=O)c2ccc3c(c2)NC(=O)CO3)s1,0
O=C(NC(Cc1ccc(F)cc1)C(=O)O)c1ccccc1,0
Cc1cc(NC(=O)CSc2nnc3c(C)cc4ccccc4n23)no1,0
Cc1cc(C)n(-c2nc3c(c(=O)[nH]c(=O)n3C)n2Cc2ccccc2)n1,0
CCN(CC)C(=O)CSc1nc(=O)cc(O)n1C,0
CCOc1ccccc1-n1nnnc1SCc1nc2ccccc2s1,0
Cc1nn(C)c(C)c1S(=O)(=O)NC1CCCC1,0
O=C(CSc1nnc(-c2cccnc2)o1)OC1CCCCC1,0
COc1nc(NCC(C)C)nc(Oc2ccc(=O)n(-c3ccccc3)n2)n1,0
CCOc1ccc(S(=O)(=O)N(CC(=O)O)c2ccc(C)cc2)cc1,0
O=C(Cn1cccc1C(=O)c1ccccc1)NCc1ccccn1,0
O=C(NCCCn1ccnc1)c1csc2ccccc12,0
Cc1ccc(-n2c(=O)[nH]cc(C(=O)N3CCc4ccccc43)c2=O)cc1,0
CCC(C)(C)n1nnnc1CN1CCN(c2nc3cc(OC)ccc3cc2C#N)CC1,0
CC(=O)c1ccc(NC(=O)CSc2nnc(Cn3c(=O)sc4ccccc43)n2C)cc1,0
Cn1c(Cn2c(=O)sc3ccccc32)nnc1SCC(=O)Nc1ccccc1,0
COc1ccc(-n2nc3cc(C)c(NC(=O)C(C)C)cc3n2)cc1,0
CCOC(=O)c1sc(NC(=O)CSc2nnnn2-c2ccccc2)nc1C,0
O=C(c1cc2cc(Cl)ccc2oc1=O)N1CCOCC1,0
COCCn1c(CN2CCN(C)CC2)nc2c1c(=O)n(C)c(=O)n2C,0
Cc1cc2nc(NC3=NCN(CCCN4CCOCC4)CN3)nc(C)c2cc1C,0
O=C(CN1CCCCC1)Nc1nnc(-c2ccccc2)s1,0
N#CCCN(C(=O)COC(=O)c1ccc2c(c1)NC(=O)CS2)c1ccc2c(c1)OCCO2,0
COc1ccc(Cl)cc1NC(=O)CSc1nnc(Cc2cccn2C)n1-c1ccc(F)cc1,0
Cc1cc(S(=O)(=O)N2CCOCC2)ccc1F,0
Cc1noc(C(=O)N2CC3(C)CC2CC(C)(C)C3)c1Cl,0
COc1cc2c(cc1OC)C(C(=O)N1CCCCC1)C(c1ccccc1F)N(C)C2=O,0
Cc1nnc(NC(=O)CCCN2C(=O)c3ccccc3C2=O)s1,0
COc1cccc(NC(=O)CSc2nnc(COc3ccc4c(c3)CCCC4)o2)c1,0
COCCCn1c(SCC(=O)NC2CCCCC2)nnc1-c1ccncc1,0
CCOC(=O)C1CCN(S(=O)(=O)c2ccc(C(=O)OC)cc2)CC1,0
CCN(CC)c1nc2ccccc2n2cnnc12,0
CC(CNCc1ccc2c(c1)OCO2)NCc1ccc2c(c1)OCO2,0
O=C(Nc1ccccc1)N(CCc1nc2ccccc2[nH]1)C1CCCC1,0
O=C(CNS(=O)(=O)c1cccc2nsnc12)NC1CCCCC1,0
O=C(Nc1ccccc1-c1nc2ccccc2o1)c1ccc2c(c1)OCCO2,0
COc1ccccc1NC(=O)CN(Cc1ccco1)C(=O)c1cccs1,0
COc1cccc(NC(=O)N2CCCC2C(=O)NC(C)C)c1,0
c1ccc(-n2nc3c(ccc4cnnc43)[nH]2)cc1,0
c1cncc(-c2nc3ccccn3c2Nc2ccc3c(c2)OCCO3)c1,0
NC(=O)Cn1c(=O)oc2ccccc21,0
O=C1CC(N2CCC(c3nc4ccccc4o3)CC2)C(=O)N1Cc1cccs1,0
CCCCCSc1nc2n(-c3ccccc3)[nH]cc-2c(=O)n1,0
O=C(O)c1cccc(-n2nnnc2SCc2ccccn2)c1,0
COc1ccccc1NC(=O)C1=C(C)N=C2N=CNN2C1c1ccccc1C,0
COC(=O)c1ccccc1NC(=O)Cn1cnc2c(cnn2-c2ccccc2)c1=O,0
O=S(=O)(Nc1ccc2c(c1)nc1n2CCOC1)c1ccccc1,0
Cc1cc(C)cc(OCc2nnc(SCC(=O)Nc3ccccc3)o2)c1,0
Cc1nc2ccc(S(=O)(=O)NCC(=O)NCCN3CCCCCC3)cc2s1,0
CCOC(=O)CC(=O)CSc1nc(N)c(C#N)c(-c2ccc(F)cc2)c1C#N,0
CC(=O)C1=C(C)NC(SCC(=O)c2ccc(C)cc2)=C(C#N)C1c1ccco1,0
O=C(C1CCN(S(=O)(=O)c2cccc3nsnc23)CC1)N1CCc2ccccc2C1,0
CCCn1nc(-c2nnc(-c3ccc(C)c(C)c3)o2)c2ccccc2c1=O,0
CSc1nnc(C(C)NC(=O)OC(C)(C)C)o1,0
N#Cc1cc2c(=O)n3ccccc3nc2n(CCCN2CCOCC2)c1=O,0
O=C(CSc1ccc(Cl)cc1)Nc1ccc(N2CCN(C(=O)c3ccco3)CC2)cc1,0
COc1cccc(C(=O)Nc2ccc(NC(=O)C(C)(C)C)cn2)c1,0
CCCN(c1ccc(OCC)cc1)c1ncnc2nc[nH]c12,0
C#CCOC(=O)c1ccccc1C(=O)n1nnc2ccccc21,0
Cc1cccc(-n2c(SCC(=O)Nc3nonc3C)nnc2-c2ccoc2C)c1,0
COc1cccc2c(=O)n(CC(=O)N3CCN(c4ccccc4)CC3)ccc12,0
CCOC(=O)c1cc(-c2ccncc2)nc2c1c(C)nn2C,0
CCCCC(=O)Nc1ccc(NC(=O)C(C)C)cn1,0
Cc1c(C)n(C(=O)CSc2nccn2C)c2ccccc12,0
CSc1nc(-c2ccco2)nn1S(=O)(=O)c1ccccc1,0
CCOC(=O)c1ccc2[nH]c(C)cc(=O)c2c1,0
Cc1cccc(-n2ncc(C#N)c2N)c1,0
c1nc(N2CCOCC2)c2[nH]cnc2n1,0
COc1ccc(-n2ncc3c(N4CCCc5ccccc54)ncnc32)cc1,0
Cc1nnc(SCC(=O)Nc2ccc3c(c2)OCCO3)s1,0
O=C(Nc1c2c(nn1-c1ccc(F)cc1)CSC2)c1ccc(S(=O)(=O)N2CCOCC2)cc1,0
CCOCCCNC(=O)C(Cc1ccccc1)NC(=O)c1ccco1,0
Cc1scc(C(=O)Nn2cnnc2)c1-c1ccccc1,0
Nc1c(C(=O)NC2CC2)c2nc3ccccc3nc2n1-c1ccc2c(c1)OCO2,0
Cc1cc(C(=O)N2CC(C)CC(C)C2)n(-c2ccccc2)n1,0
CCc1cccc(NC(=O)CN(C)S(=O)(=O)c2cccc3nsnc23)c1,0
CCOC(=O)Nc1c(C)n(C)n(-c2ccccc2)c1=O,0
Cc1cc(NC(=O)CSc2nc(-c3ccccc3)cs2)no1,0
c1ccc(N2CCN(Cc3ccnc4ccccc34)CC2)cc1,0
O=C(Nc1nnc(C2CCCCC2)s1)c1cccs1,0
CCc1nnc(NC(=O)c2ccc(S(=O)(=O)NC3CCCCC3)cc2)s1,0
O=C(CSc1nccn1-c1cccc(Cl)c1)Nc1ccc2c(c1)OCCO2,0
O=C(CSc1nnc(CNC(=O)c2ccccc2F)o1)NCCc1ccccc1,0
COc1ccc(NC(=O)CSc2nccc(C)n2)cc1,0
COC(=O)c1cccc(-n2nnnc2SCC(=O)Nc2nc3c(s2)CCCC3)c1,0
CC(=O)Nc1nonc1NC(=O)CSC1=NCCS1,0
O=C(NCCCn1ccnc1)c1cn(Cc2ccc(F)cc2)nn1,0
O=C(c1ccc(Cl)cc1)c1ccc(OCC(O)CN2CCOCC2)cc1,0
Cc1cccc2cc(C#N)c(SCC(=O)N3CC(=O)Nc4ccccc43)nc12,0
Cc1ccc(S(=O)(=O)N/C(CN2CCOCC2)=N/CCNS(=O)(=O)c2ccccc2)cc1,0
Cc1csc(SCCn2c(N3CCN(c4ccccc4)CC3)nc3c2c(=O)[nH]c(=O)n3C)n1,0
Cc1nn2c(-c3ccccc3)c(-c3ccccc3)[nH]c2nc1=O,0
COc1ccc(-n2nnc3c(=O)n(CC(=O)N4CCC(Cc5ccccc5)CC4)cnc32)cc1,0
Cc1cc(NC(=O)c2ccc(COc3ccc(Cl)c(C)c3)o2)no1,0
Cn1c(C(=O)N2CCN(Cc3ccccc3)CC2)cc2c(=O)n(C)c3ccccc3c21,0
CCC(C(=O)OC)n1cnc2c(cnn2-c2ccc(Cl)cc2)c1=O,0
c1coc(Cn2c(-c3ccco3)nc3ccccc32)c1,0
Cc1nc(S(=O)(=O)c2ccc(Cl)cc2)c(NCc2ccccc2)o1,0
CCn1ncc(C2=NOC(C(=O)Nc3cccnc3)C2)c1C,0
CC(=O)Nc1c2c(nn1-c1ccc(C)cc1C)CSC2,0
COc1cc(NC(=O)CCc2ccccc2)c(C(=O)O)cc1OC,0
CCOC1=C/C(=C2\C(C)=C(C)NC(N)=C2C#N)C=CC1=O,0
COCCNS(=O)(=O)c1cc(-c2nn(C)c(=O)c3ccccc23)ccc1C,0
Cn1c(C(=O)OC(C(=O)NC2CCCC2)c2cccnc2)cc2sccc21,0
Cc1cnc(NC(=O)CSc2nnc(-c3cccs3)n2C)s1,0
CC(=O)n1nc(-c2ccco2)nc1N,0
COc1ccccc1CNC(=O)CCCNS(=O)(=O)c1cccc2nsnc12,0
Cc1ccc2cc(C)c(N3CCN(c4ccccn4)CC3)nc2c1,0
CCOC(=O)NC(c1ccccc1)C1CCCCC1=O,0
COc1ccc(Cl)cc1NC(=O)CN1CCC(n2nnc3ccccc32)CC1,0
Cc1n[nH]c(=O)nc1NCc1ccccc1,0
Cc1cccc(OCCCCCNCCO)c1,0
COc1ccccc1CNC(=O)Nc1cccs1,0
CCc1ccc(C(=O)Nc2nnn(CC)n2)cc1,0
Cc1ccc(CNC(=O)C2CC(=O)OC23CCCC3)c(C)c1,0
O=C(c1ccc(Cl)cc1)c1ccc(OCC(=O)N2CCOCC2)cc1,0
N#Cc1cc2c(nc1SCc1cccnc1)CCC2,0
Cc1csc(SCc2ccccc2C(=O)O)n1,0
CCc1ccc(NC(=O)c2cc(-c3ccco3)on2)cc1,0
CC(=O)Nc1cc(-c2nn3c(C)nnc3s2)ccc1C,0
CC(=O)Nc1ccc(Oc2nc(C)cc(C)n2)cc1,0
CC(=O)N1CCCc2cc(S(=O)(=O)N3CCN(c4ccccn4)CC3)ccc21,0
Cc1cccc(NC(=O)C2CCN(S(=O)(=O)c3cccc4nsnc34)CC2)n1,0
CCn1c(SCC(=O)NCCOc2ccccc2)nc2ccccc2c1=O,0
CCc1c(C)nc2ncnn2c1N1CCC(C(=O)NCc2cccc(OC)c2)CC1,0
CCOC(=O)N1CCN(CC(=O)c2c(C)[nH]c3ccccc23)CC1,0
Cc1nc(/N=C/N(C)C)sc1C(=O)Nc1ccccc1,0
O=C(Nc1nc(-c2ccncc2)cs1)C1COc2ccccc2O1,1
CN(Cc1nc(-c2ccccn2)no1)S(=O)(=O)c1ccc(Cl)cc1,0
CSc1nc2ccc(Nc3nc(N4CCOCC4)nc(N4CCOCC4)n3)cc2s1,0
C(=N/n1cnnc1)\c1cccnc1,0
CN1CCc2c(sc3c2C(=O)NC(c2ccc(-c4cccc(Cl)c4)o2)N3)C1,0
Cc1cccc(NC(=O)N2CCC(NC(=O)c3ccccc3C)CC2)c1,0
O=C(CCc1ccccc1)Nc1ncn[nH]1,0
CCn1/c(=N/C(=O)CN2C(=O)CCC2=O)sc2c(C)cc(C)cc21,0
CCc1[nH]nc2c1C1(CCN(C(=O)OCc3ccccc3)CC1)C(C#N)=C(N)O2,0
CC1CCCC(C)N1c1nnc(N)s1,0
COC(=O)CSc1nnc(-c2cccnc2)n1-c1cccc(OC)c1,0
COc1ccccc1CNC(=O)C1CCN(S(=O)(=O)c2c(C)noc2C)CC1,0
CCn1nc(-c2cccs2)nc2c(=O)n(C)c(=O)nc1-2,0
O=C(COC(=O)c1ccc[nH]c1=O)NCC1CCCO1,0
CN(Cc1nc(-c2cccnc2)no1)S(=O)(=O)c1ccc2ccccc2c1,0
O=C(Cc1cccs1)N1CCC(c2nc3n(Cc4ccc(F)cc4)[nH]nc-3c(=O)n2)CC1,0
CC1(C)Cc2c(C#N)c(N3CCN(C(=O)c4ccccc4)CC3)nc(-c3ccco3)c2CS1,0
Cc1cnc(C)c(N2CCC(C(=O)NCc3cccs3)CC2)n1,0
CSc1ccc(Cl)c(C(=O)OCC(=O)N2CC(C)OC(C)C2)c1,0
O=C(Nc1ccon1)c1cc(-c2ccccc2)nc2ccccc12,0
Cn1c(=O)c2c(nc(SCC(=O)NCC3CCCO3)n2C)n(C)c1=O,0
Cc1ccc(-c2nc3ncccc3o2)cc1NC(=O)c1ccco1,0
CC(C)c1nc(SCC(=O)N2CCN(c3ccccc3)CC2)c2c(=O)n(C)c(=O)n(C)c2n1,0
Cc1nc2ccccc2c(=O)n1NS(C)(=O)=O,0
COc1ccccc1NC(=O)CSc1nc(=O)cc(O)n1-c1ccccc1OC,0
COC(=O)c1c(NC(=O)CN2CCN(c3ccccc3)CC2)c2c(C)cccc2n1C,0
C=CCSc1nnc(-c2ccncc2)n1-c1ccc(OCC)cc1,0
O=C(NCCN1CCOCC1)c1ccc2c(c1)ncn2C1CCCC1,0
O=C(COC(=O)c1ccco1)NCc1ccco1,0
Cc1sc2c(c1C)CN(C1CC(C)(C)NC(C)(C)C1)CN2C(=O)c1ccco1,0
CCOC(=O)c1cc2sccc2n1CC(=O)c1ccc2c(c1)OCCO2,0
O=C(CSc1nnnn1C1CCCC1)Nc1cccc(NC(=O)c2ccco2)c1,0
COc1cccc(C(=O)CSc2nnc(CNc3nc(-c4ccccc4)cs3)n2C)c1,0
O=C(COc1ccc(-c2nnco2)cc1)NC1CCCc2ccccc21,0
Cc1nnc(NC(=O)CSC2CCCCC2)s1,0
O=C(COc1ccc(S(=O)(=O)N2CCCC2)cc1Cl)N1CCN(c2ccccc2)CC1,0
COc1ccc(OC)c(-c2nc3c(C)[nH][nH]c(=O)c-3n2)c1,0
O=C(Cn1ncnn1)OCc1ccccc1Cl,0
COc1ccccc1CN(Cc1nc(=O)c2ccccc2[nH]1)C(=O)Nc1ccccc1,0
COC(=O)c1ccccc1NC(=O)Nc1cccnc1,0
COc1ccc(OC)c(C2C(C(C)=O)=C(O)C(=O)N2Cc2cccnc2)c1,0
Nc1ncnc2nc(SCC(=O)N3CCN(c4ccccc4)CC3)[nH]c12,0
CC1=Nn2c(nnc2-c2ccccc2Cl)SC1,0
O=C(CSc1nnnn1-c1ccc2c(c1)OCO2)NCc1ccccc1,0
O=c1c2ccccc2nc(-c2ccco2)n1-c1cccnc1,0
CCCCn1c(=S)[nH]c2ncccc2c1=O,0
CCOCCc1nnc(NC(=O)c2cccs2)s1,0
CCOC(=O)c1sc(N)c(C#N)c1CSc1nnc(C2CCCCC2)n1N,0
CC1(C)CC(=O)c2cc(C(=O)NC3CCSC3=O)c(=O)n(-c3ccccc3)c2C1,0
COc1ccc(NC(=O)Nc2c(C)n(C)n(-c3ccccc3)c2=O)cc1,0
O=C1/C(=C/NC2CCS(=O)(=O)C2)c2ccccc2C(=O)N1c1ccccc1,0
CC1CCN(S(=O)(=O)c2ccc3[nH]c(=O)c(=O)[nH]c3c2)CC1,0
O=C(Cn1nc(Cc2cccnc2)c2ccccc2c1=O)NCC1CCCO1,0
CCOc1cc2[nH]c(=S)n(CCOC)c(=O)c2cc1OCC,0
Cc1ccc(OCc2nnc(SCC(=O)Nc3cc(C)on3)n2C)cc1,0
c1ccc2c(SCc3cn4cccnc4n3)ncnc2c1,0
Cc1oc(-c2ccc(Cl)cc2)nc1CS(=O)CC(=O)NCCCN(C)C1CCCCC1,0
Cc1cc(C)nc(NS(=O)(=O)c2ccc(NC(=O)CCC3COc4ccccc4O3)cc2)n1,0
CCCCNc1nc2c(c(=O)[nH]c(=O)n2C)n1CCOc1ccccc1,0
CCOc1ccc(-c2nc(C#N)c(N3CCCCCC3)o2)cc1,0
Cc1ccc(C2C(=O)N(C3CCC(C)CC3)CC(=O)N2C2CC2)cc1,0
Cc1ccnc(NS(=O)(=O)c2ccc(NC(=O)C3CCCCC3)cc2)n1,0
CNC(=O)c1sc2nc(-c3ccc(OC)cc3)cn2c1C,0
Cc1ccc(C(C)n2cc(C(=O)NCc3cccnc3)nn2)cc1,0
CCOC(=O)CCc1c(C)nc2cc(-c3ccc(Cl)cc3)[nH]n2c1=O,0
O=C(O)c1cc(S(=O)(=O)NCC2CCCO2)ccc1Cl,0
Cc1ccc(C)c(NC(=O)CC(NCCCN2CCOCC2)C(=O)O)c1,0
Cn1c(SCC(=O)N2CCOCC2)nnc1-c1cnccn1,0
CCn1c2ccccc2c2cc(NC(=O)C3CCN(S(=O)(=O)c4cccs4)CC3)ccc21,0
c1cc(-c2nnc3sc(C4CCCCC4)nn23)ccn1,0
CC12CCC(C(=O)NCc3ccc4c(c3)OCO4)(CC1=O)C2(C)C,0
N#Cc1c(SCC(N)=O)nc(-c2ccccc2)c2c1CCCC2,0
CCCC(CCC)C(=O)Nc1ccncc1,0
COc1ccc(Cn2c(CCC(=O)Nc3ccc(CC#N)cc3)nc3cccnc32)cc1,0
O=C(NCCc1ccccn1)C1CC(=O)N(Cc2ccccc2Cl)C1,0
c1ccc2c(c1)nnn2-c1ncnc2sc3c(c12)CCCC3,0
O=C(NCc1ccco1)c1noc2c1CCCC2,0
CCSc1nnc(NC(=O)c2ccc(C)o2)s1,0
COc1cc(C(=O)Nc2nccs2)cc(OC)c1OC,0
Cc1cc(C)nc(N(C#N)CC(=O)N(c2ccccc2)C(C)C)n1,0
Cc1cc(NC(=O)CSc2c3c(nc4ccccc24)CCC3)no1,0
COc1ccc(-c2cc3n(n2)CCc2nc4ccccc4n2-3)cc1,0
CCCCOC(=O)c1ccc(Nc2ncnc3nc[nH]c23)cc1,0
COc1ccc(-n2c(=O)cc(N3CCOCC3)[nH]c2=O)cc1,0
Cc1ccc(-n2nc3ccc(N)cc3n2)cc1,0
CCCCSc1nc(=O)c2c([nH]1)CCC2,0
c1coc(CNc2nc3ccccc3n2CCN2CCOCC2)c1,0
COc1ccc(C)cc1-n1nnnc1SCn1nnc2ccccc2c1=O,0
CC1CC(C)CN(S(=O)(=O)c2ccc3c(c2)oc(=O)n3CC(=O)N2CCOCC2)C1,0
Cn1nnc(NC(=O)c2cccc(OCc3ccccc3)c2)n1,0
O=C(c1ccccc1)C(Sc1ncn[nH]1)c1ccccc1,0
O=C(Nc1nc2ccc(S(=O)(=O)N3CCCCC3)cc2s1)c1ccncc1,0
O=C(CCn1nnc(-c2cccs2)n1)N1CCc2ccccc2C1,0
Nc1nc(NC(=O)c2cccs2)nn1-c1ccccc1,0
CCCn1c(SCCc2ccccc2)nc2c1c(=O)[nH]c(=O)n2C,0
CCC(=O)Nc1ccccc1Oc1ccccc1,0
COc1ccc(-c2noc(CCC(N)=O)n2)cc1OC,0
Cc1ccc(C(=O)Nc2nc3ccccc3n2CCN2CCCC2)cc1,0
CC(C)C(=O)Nc1ccc(NC(=O)c2ccccc2Cl)nc1,0
CCC(=O)Nc1nonc1-c1nc2ccccc2n1N(C(=O)CC)C(=O)CC,0
Cn1nc(C(=O)NC2CCCCCC2)ccc1=O,0
CC(C)(C)c1ccc(-c2nc(C#N)c(NCc3ccncc3)o2)cc1,0
CCOC(=O)Cc1csc(NC(=O)CSc2nnc(-c3ccc(OC)cc3)n2C)n1,0
CCOC(=O)CSc1nnc(-c2cccc(Cl)c2)n1CC,0
O=C(NCCN1CCOCC1)c1csc2c1CCCC2,0
COCCCNC(=O)COc1cc(C)c(Cl)c(C)c1,0
O=C(COc1ccccc1Cl)NCc1ccco1,0
CCN1CCCC1CNc1ncnc2c1[nH]c1ccc(Cl)cc12,0
COc1ccccc1NC(=O)c1cc2ccc(=O)cc-2oc1NO,0
COc1ccccc1N(C(=O)NCc1ccccc1)C1=NCC(C)S1,0
CC(=O)n1nc(-c2ccccc2)nc1NCc1ccc(F)cc1,0
CCOC(=O)C1CCN(C(=O)CCc2nc3ccccc3[nH]2)CC1,0
C/C(N)=C(\C#N)C(=O)NCc1ccccn1,0
CCCC(=O)Nc1nn(C)c2nc3c(C)cccc3cc12,0
O=C(CCCN1C(=O)c2ccccc2C1=O)NCc1cccnc1,0
CN1CCN(S(=O)(=O)c2ccc(Cc3ccc(S(=O)(=O)N4CCN(C)CC4)cc3)cc2)CC1,0
COc1ccc(C2CC(=O)c3sc(N)nc3C2)cc1,0
CC1(C)CC(NCc2cccnc2)CC(C)(C)N1,0
Cn1c(O)cc(=O)nc1SCC(=O)NC(C)(C)C,0
CCN1C(=O)/C(=C2\Nc3ccccc3S(=O)(=O)N2)C(=O)c2ccccc21,0
CCCc1[nH][nH]c(=O)c1C(c1ccccc1)C(C#N)C#N,0
COc1cccc2sc(Nc3nc(-c4ccccn4)cs3)nc12,0
COC(=O)CSc1nnc(-c2cccnc2)n1-c1cc(OC)cc(OC)c1,0
Cn1c(SCc2ccccc2F)nc2cccnc21,0
Clc1ccc(SCCCCn2ccnc2)cc1,0
Cc1cc(=O)n2nc(N3CCC(C(=O)N4CCN(Cc5ccccc5)CC4)CC3)sc2n1,0
CCOc1cc(C)c(Cl)cc1S(=O)(=O)n1cnc2ccccc21,0
O=C(NC1CCCCC1)c1sc(=S)n2c1[nH]c(=O)c1ccccc12,0
O=C(NC1CCCCC1)C(c1ccco1)N(C(=O)c1csnn1)C1CCCC1,0
O=C(CSc1nc2ccccc2o1)N1CCN(C(=O)c2ccco2)CC1,0
CN1CCN(CCNC(=O)Nc2ccccc2C(F)(F)F)CC1,0
Fc1cccc(Cl)c1-c1nnc2ccc(N3CCOCC3)nn12,0
Cc1ccc(-c2c3c([nH]c(=S)c2C#N)CCCC3)o1,0
N#Cc1cnc(SCC(=O)c2ccccc2)nc1N,0
O=C(Nc1ccc(S(=O)(=O)N2CCOCC2)cc1)c1ccc(Cl)cc1,0
O=C(Nc1ccccc1C(=O)NCc1ccco1)c1ccccc1,0
CCCC1C2CN(C(C)=O)CC=C2C(C#N)=C(N)C1(C#N)C#N,0
Cn1nnnc1SCc1nc2ccccc2s1,0
C=CCSc1nnc(Cc2c(C)[nH]c3ccccc23)o1,0
Cc1cc(C(=O)COc2ncnc3sccc23)c(C)n1C,0
O=C(Cn1cnc2ccccc2c1=O)Nc1ccc(-c2nnc3n2CCCCC3)cc1,0
COc1ccccc1NC(=O)CSc1nnc(C)n1CCc1ccccc1,0
CC1CCN(CCNC(=O)CN(C)S(=O)(=O)c2cccc3nsnc23)CC1,0
CC(=O)NC1=NC(=O)/C(=C/N2CCOCC2)S1,0
COc1ccc(C2C(C#N)=C(N)Oc3n[nH]c(C)c32)cc1Cn1nnc2ccccc21,0
CNC(=O)CSc1nnc(-c2cccc(S(=O)(=O)N3CCOCC3)c2)n1-c1ccc(F)cc1,0
O=c1cc(Nc2ccc3c(c2)OCCO3)[nH]c(=O)n1-c1ccc(Cl)cc1,0
COC(=O)c1nnn(-c2ccccc2)c1N,0
O=C1OCCC1Sc1nc2ccccc2[nH]1,0
CCc1c(C(=O)Nc2ccc(OC)c(Cl)c2)[nH]c(C)c1C(C)=O,0
CN1CCN(c2nc(-c3ccccc3)nc3c2oc2ccccc23)CC1,0
Cc1ccc(-c2nnc3ccc(SCC(=O)Nc4cc(C)on4)nn23)cc1,0
Cc1cc2c(c(=O)n1Cc1ccc3c(c1)OCO3)C(c1cccnc1)C(C#N)=C(N)O2,0
O=C(COc1ccc(-n2cnnn2)cc1)N1CCN(c2ccc(F)cc2)CC1,0
COc1ccccc1Nc1nc(N)nc(CSc2nccc(C)n2)n1,0
CC1Cc2ccccc2N1S(=O)(=O)c1cccc(C(=O)NC2CC2)c1,0
COc1ccc(Cl)cc1NC(=O)Cn1c(=O)n2nc(C)nc2c2ccccc21,0
CCn1ncc(C(=O)Nc2ccc(S(=O)(=O)N3CCCC3)cc2)c1C,0
COc1ccc(OC)c(NS(=O)(=O)c2ccc(N3CCCC3=O)cc2)c1,0
c1csc(C(c2nnnn2C2CCCC2)N2CCOCC2)c1,0
Cc1nn(-c2cc(Cl)ccc2N)c(=O)c2ccccc12,0
CCC(C(=O)Nc1nccs1)c1ccccc1,0
C=CCN(C1CCCCC1)S(=O)(=O)c1ccc2c(c1)oc(=O)n2C,0
COC(=O)C1CCN(C(=O)c2sc3nc(-c4ccc(F)cc4)cn3c2C)CC1,0
CCN(CC)S(=O)(=O)c1ccc2c(c1)nc(CCC(=O)OCC(=O)N1CCc3ccccc31)n2C,0
Cc1csc(NC(=O)c2cccs2)n1,0
C=CCn1c(N)c(C(=O)OC(C)(C)C)c2nc3ccccc3nc21,0
CN1CCN(S(=O)(=O)c2ccc(-c3noc(C4CCN(S(C)(=O)=O)CC4)n3)cc2)CC1,0
COc1cc(Cl)cc(NC(=O)CCN2CCN(C)CC2)c1,0
CC1CC(=O)Nc2ccccc2S1(=O)=O,0
CCCCOc1ccc(-c2ncc(C(=O)OCC)c(N)n2)cc1,0
COc1cccc(NC(=O)NCc2cccn2C)c1,0
Nc1c(C(=O)NCc2ccco2)nnn1-c1ccccc1,0
Cc1csc(SCC(=O)Nc2cccc3nsnc23)n1,0
O=c1c2c3c(sc2nc2sc(C4CC4)nn12)CCCC3,0
c1ccc(-c2nn3c(Cn4nnc5ccccc54)nnc3s2)nc1,0
CCc1ccc(NC(=O)CSc2nc3c(c(=O)n(C)c(=O)n3C)n2C)cc1,0
Cc1cc(NCCN2CCOCC2)n2nc(C)c(-c3ccc(Cl)cc3)c2n1,0
O=C(NC1CCCCC1)NC1CC2CCC(C1)N2C(=O)NC1CCCCC1,0
Cn1c(COc2ccc3ccccc3c2)nnc1SCC(N)=O,0
CCN(CC)c1ccc(NC(=O)CN2CCN(c3ccccc3F)CC2)cc1,0
Cc1oc(-c2ccc(Cl)cc2)cc1-c1nn2c(-c3ccoc3C)nnc2s1,0
CCn1c(/C=N/n2cnnc2)nc2ccccc21,0
CCOC(=O)CC(=O)CSc1ccc2nnc(-c3ccc(C)cc3)n2n1,0
CCN1C(=O)/C(=C2\SC(N3CCCCC3)=NC2=O)c2ccccc21,0
CCCS(=O)(=O)N1CCCC(C(=O)NCC2CCCO2)C1,0
Cc1nnc(SCc2ccc(Cl)cc2)n1CC1CCCO1,0
Cc1cccc(N2C(=O)CC(Sc3nc(C)c4c(n3)CCCC4)C2=O)c1,0
COc1ccc(-c2ccc(-c3noc(-c4ccco4)n3)c(OC)n2)cc1,0
CCOC(=O)C1CCN(C(=O)c2cc3c(-c4ccc(OC)c(OC)c4)nn(C)c3s2)CC1,0
Cc1nc(C(C)(C)O)n(-c2ccccc2)n1,0
CNC(=O)CSc1nnc(CCc2ccccc2)n1-c1ccccc1,0
CCn1c(NC(=O)c2cccs2)c(-c2cccs2)c(=O)c2ccccc21,0
COc1ccc(-n2ncc3c(NCC(C)C)ncnc32)cc1,0
CCCn1c(SCC(=O)NC(C)(C)C)nnc1C(C)C,0
CCOC(=O)N1CCN(c2cc3nccnc3cc2F)CC1,0
CC1(C)C(c2ccccc2)=NC(c2ccccc2)N1O,0
Cc1ccc(Cn2c(Sc3ncccn3)nc3c2c(=O)[nH]c(=O)n3C)cc1,0
COC(=O)Cn1c(C)nc2c(sc3nc(C)cc(C)c32)c1=O,0
O=c1nc[nH]c2nc3n(c12)CCCCC3,0
Oc1cccc(Nc2ncnc3ccccc23)c1,0
Cc1ccccc1Nc1nnc(SCC(=O)NCc2ccco2)s1,0
CCC(=O)Nc1cccc(NC(=O)CSc2nnnn2Cc2ccccc2)c1,0
COc1cccc2c3c(c(C)nc12)CC(C)O3,0
O=C(Nc1cnc2sccn2c1=O)c1ccccc1Cl,0
CCn1c(CNC(=O)c2cccs2)nnc1SCC(=O)NCCc1ccccc1,0
Cc1nnc(SCc2cc(=O)nc(N3CCN(Cc4ccccc4)CC3)[nH]2)s1,0
Cc1cc(N2C(=O)C(O)=C(C(=O)c3ccco3)C2c2cccnc2)no1,0
Cc1onc(-c2ccccc2Cl)c1C(=O)OCn1nnc2ccccc2c1=O,0
CCOc1ccccc1N1CCN(C(=O)c2cc[n+]([O-])cc2)CC1,0
c1ccn2c(SCc3cn4ccsc4n3)nnc2c1,0
COc1ccc(Cl)cc1NC(=O)N(C)Cc1c(C)nn(C)c1C,0
CC(C)(C)OC(=O)NCCc1nnc(SCC(=O)Nc2cccc(Cl)c2)o1,0
O=C(C1CCN(S(=O)(=O)c2cccc3nsnc23)CC1)N1CCc2ccccc21,0
CCCn1nc(NC(=O)c2ccncc2)c2cc3ccccc3nc21,0
O=C(NC1CCCc2ccccc21)C1CCN(S(=O)(=O)c2cccc3nsnc23)CC1,0
CCNc1nc(Oc2ccc(=O)n(-c3ccccc3)n2)nc(N2CCOCC2)n1,0
O=C(CCCNS(=O)(=O)c1cccc2nsnc12)NCc1ccccc1,0
Cc1noc(C)c1CSc1nc(=O)c(C)n[nH]1,0
COc1ccc(CCNc2c(N)n(Cc3ccccc3)c(=O)[nH]c2=O)cc1OC,0
COC(=O)C(C)Sc1nnc(Cc2cc(=O)[nH]c(=O)[nH]2)n1-c1cc(C)ccc1C,0
Cc1onc(-c2ccccc2Cl)c1C(=O)N1CCN=C1SCc1cccnc1,0
COc1ccc2[nH]c(=O)c(CN(C)C(=O)c3ccncc3)cc2c1,0
CCCn1c(=N)n(CC(=O)c2cccs2)c2ccccc21,0
CCSc1ccccc1C(=O)N1CCN(c2ccccc2F)CC1,0
CCC(c1nnnn1C1CCCC1)N1CCN(c2ccccc2F)CC1,0
CCOc1ccc(-n2c(SC)nc3c(c2=O)SCC3)cc1,0
CCC(O)(CCN1CCCCC1)c1ccccc1,0
CC1=C(C(=O)OC(C)C)C(c2cccnc2)N2NC=NC2=N1,0
O=C(CN1C(=O)c2ccccc2S1(=O)=O)NCc1ccccc1Cl,0
Fc1ccc2[nH]c3c(N4CCN(Cc5ccc6c(c5)OCO6)CC4)ncnc3c2c1,0
CC(=O)Nc1ccc(S(=O)(=O)n2nc(-c3ccc(C)cc3)nc2N)cc1,0
COc1ccc(C2C(C(=O)OC3CCCCC3)=C(C)N=C3N=NNN32)c(OC)c1OC,0
COC(=O)CSc1nnc(-c2ccoc2C)n1-c1ccc(C)cc1,0
COc1ccccc1-c1cn[nH]c(=S)n1,0
O=C(Nc1cccc(F)c1)N1CC=C(n2c(=O)[nH]c3ccccc32)CC1,0
Cn1c(NCc2ccccc2)nc2c1c(=O)n(Cc1ccccc1)c(=O)n2C,0
c1ccc(OCc2nn3c(-c4cccnc4)nnc3s2)cc1,0
Cc1noc2nc(-c3cccs3)cc(-c3nnc4n3CCCCC4)c12,0
COC(=O)COc1ccc(Oc2cc(C)nc(SC)n2)nn1,0
CCn1c(SCC(=O)Nc2nc3c(s2)CCCC3)nc2c1c(=O)n(C)c(=O)n2C,0
CN1CCN(C2=NC3(CCCC3)C(C#N)C(=O)N2)CC1,0
Cc1nnc(SCC(=O)N2CCN(Cc3ccccc3)CC2)s1,0
COc1ccc(-c2nnc3sc(COc4ccccc4)nn23)cc1,0
CCCC(=O)Nc1nn(CCC)c2nc3ccccc3cc12,0
Cc1cc(Cl)c(S(=O)(=O)NCC2CCCO2)cc1OCC(N)=O,0
c1ccc2c(c1)Cn1nc(Cc3nc4c(s3)CCCC4)nc1-2,0
CN(CCC#N)C(=O)CSc1ncnc2sc(-c3ccccc3)cc12,0
O=C(COc1ncnc2ccccc12)NC(=O)NCc1ccccc1,0
CN(C)/C=N/c1nonc1-c1ncn[nH]1,0
N#Cc1c(C(F)(F)F)cc(-c2ccco2)nc1SCc1ccncc1,0
Cc1ccc(-c2cc(C)nc3ncnn23)cc1,0
CC(=O)c1cccc(NC(=O)Nc2ccc3c(c2)N(C)C(=O)CS3)c1,0
CSC1=NCCN1C(=O)C(C)(C)Oc1ccc(Cl)cc1,0
O=C(Nc1cccnc1)C1CC(c2ccc(Cl)c(Cl)c2)=NO1,0
COc1cc(/C=N/n2c(C)nnc2C)cc(OC)c1OC,0
O=C(CN1CCN(c2cccc(Cl)c2)CC1)N1CCCC1,0
COc1ccccc1NC(=O)CSc1nnc(C2CCCCC2)n1C,0
c1cncc(CNc2c3c(nc4nnnn24)CCCC3)c1,0
CCCc1nnc(NC(=O)CNc2ccc(F)cc2)s1,0
CCn1c(SCc2c(F)cccc2Cl)nnc1-c1ccco1,0
CCc1nnc(NC(=O)CSc2nnc(-c3ccco3)n2CC)s1,0
CCN1C(=O)N(CC)C2C1N(C(C)=O)C(=O)N2C(C)=O,0
CCCn1c(SCC(=O)Nc2nnc(C)s2)nnc1-c1ccoc1C,0
O=C(Nc1ccc(N2CCCCC2)c(Cl)c1)c1ncn[nH]1,0
CCOC(=O)c1csc(NC(=O)CSc2nnnn2-c2ccc(OC)cc2)n1,0
COCc1[nH]nc2c1C1(CCSCC1)C(C#N)=C(N)O2,0
CC1(C)Cc2ccccc2-c2nnc(-c3cccnc3)n21,0
CCc1c(C(=O)NCc2cnn(C)c2)csc1C,0
CN(C(=O)c1ccccc1Cl)C1CCCCC1,0
O=C(NCc1ccccc1)C(c1cccs1)N(C(=O)c1csnn1)C1CC1,0
COc1cccc(-c2nn3c(-c4cc(C)[nH]n4)nnc3s2)c1,0
COc1cccc(OCCOCCNCCO)c1,0
Cc1cccc(N(CC(N)=O)S(C)(=O)=O)c1C,0
CC1(C(=O)NC2CCCCCCC2)CCC(=O)N1Cc1cccnc1,0
O=C(CN1C(=O)C2CC=CCC2C1=O)Nc1nc2ccccc2[nH]1,0
Cc1nonc1NC(=O)CSc1ccc(-c2ccccc2)nn1,0
O=C(c1ccc(N2CCNCC2)cc1)c1cccnc1,0
CCCC(=O)Nc1cnc(NC(=O)c2cccc(F)c2)cc1C,0
Cc1ccc(C2CCN(C(=O)Nc3ccccc3)C2)cc1,0
Cc1ccccc1NC(=O)CSc1[nH]c(=O)cc(C)c1C#N,0
COc1cc(C(=S)N2CCCCC2)ccc1OCC(=O)N1CCCC1,0
CCN(C(=O)CSc1ncn[nH]1)c1cccc2ccccc12,0
CCOc1ccc(NC(=O)CN2CCN(CC(=O)Nc3ccc4c(c3)OCCO4)CC2)cc1,0
CC/N=C1/SC(CC(=O)Nc2ccc(C(F)(F)F)cc2)C(=O)N1CC,0
NS(=O)(=O)c1ccc(NS(=O)(=O)/C=C/c2ccccc2)cc1,0
O=c1cc(N2CCCCC2)nc2n1CCCS2,0
CC(C)N1C(=O)CCC1C(=O)NCc1ccccc1Cl,0
O=C(NC1CCN(C(=O)Nc2ccccc2)CC1)C1CCCCC1,0
CCOc1cccc(NC(=O)C2CC(=O)N(C)/C(=N/c3cccc(F)c3)S2)c1,0
CC(C)(C)NC(=O)Cn1nnc(-c2ccc(S(C)(=O)=O)cc2)n1,0
C=CCOc1ccc(C2N3CC4(C)CN2CC(CCC)(C3)C4=O)cc1,0
Cc1ccc(CC(=O)N2CCC(c3nc4n(Cc5ccccc5)[nH]nc-4c(=O)n3)CC2)cc1,0
CCCN(CCC)S(=O)(=O)c1ccc(C(=O)Nc2nnc(CSC)o2)cc1,0
Cc1cc(=O)nc(SCC(=O)Nc2nc3c(s2)CCCC3)[nH]1,0
COc1cc(-c2nc3ccccn3c2NCC2CCCO2)ccc1O,0
O=C(NCc1cccs1)C1CCN(S(=O)(=O)N2CCCC2)CC1,0
CCCC(=O)n1nc(-c2ccc(OC)cc2)nc1N,0
COc1cccc(-c2nc(CS(=O)CC(=O)O)c(C)o2)c1,0
Cc1c(/C(O)=C2\C(=O)C(=O)N(CCCN(C)C)C2c2ccncc2)cnn1-c1ccccc1,0
N#Cc1nc(Cc2cccc3ccccc23)oc1NCc1ccco1,0
O=C(CSc1nnnn1-c1ccccc1)N1CCN(C(=O)c2ccco2)CC1,0
O=C1C=C(NCc2ccc(Cl)cc2)CC(c2ccco2)C1,0
Cc1sc(NC(=O)COc2cccc(-n3cnnn3)c2)c(C#N)c1C,0
CC(C)Sc1nc2c(c(=O)n(C)c(=O)n2C)n1C,0
CCOC(=O)COc1ccc(S(=O)(=O)NCc2cccnc2)cc1,0
Cc1cc(C)nc(NC2=NCC(=O)N2c2ccc3c(c2)OCCO3)n1,0
COC(=O)Cc1cc(=O)n2[nH]c(C)nc2n1,0
CC(C)(C)c1ccc(S(=O)(=O)NCC(=O)N2CCN(C(=O)c3ccco3)CC2)cc1,0
Cc1ccc(CNC(=O)CCCNC(=O)c2ccc(Cl)cc2)n1C,0
CC(=O)Nc1ccc(Cc2ccncc2)cc1,0
CCc1ccc(OCC(=O)N(C)C2CCS(=O)(=O)C2)cc1,0
Cc1ccc(C(=O)c2cc(C)sc2NC(=O)CN2CCN(C(=O)c3ccco3)CC2)cc1,0
Cc1c(C)n(C(=O)CSc2ncn[nH]2)c2ccccc12,0
CCOCCc1nnc(NC(=O)CSc2ccccc2)s1,0
CCOC(=O)CSC1=C(C#N)C(c2ccccc2OC)CC(=O)N1,0
Cc1cc(C)nc(SC2=CS(=O)(=O)c3ccccc32)n1,0
Nc1cc(N)nc(SCc2cc(=O)oc3cc4c(cc23)CCC4)n1,0
O=C(Nc1ccc(Cl)cc1)N1CCC(c2nc(-c3cccs3)no2)CC1,0
O=C(Nc1nnc(CCc2ccccc2)s1)c1ccco1,0
CC(C)C(=O)Nc1cccc(C(=O)Nc2nccs2)c1,0
O=C(CSc1nnc(-c2ccccc2)o1)NC1CCCCC1,0
Cc1cc(NC(=O)c2ccccc2NS(=O)(=O)c2c(C)c(C)cc(C)c2C)no1,0
CCOC(=O)CN1C(=O)NC2NC(=O)NC21,0
COc1cc(N(C)C)c(NC(C)=O)cc1C(=O)O,0
C/C(NC(=O)c1ccccc1)=C1/C(=O)CC2C1C2(C)C,0
CS(=O)(=O)N1CCC(C(=O)Nc2ccc(Oc3ccccc3)cc2)CC1,0
Cc1cc(C(=O)NCc2cccnc2)cs1,0
CCCCSc1nnc(-c2ccc(NC(C)=O)cc2)n1C,0
Cc1nnc(SCC(N)=O)n1CC1CCCO1,0
O=C(NCc1ccco1)c1cnccn1,0
O=C(Cn1nnc2c(cnn2-c2ccccc2)c1=O)NCc1cccs1,0
Cc1nc2c(-c3ccc(F)cc3)c(C)nn2c(N2CCOCC2)c1C,0
CC1(C)CC(=O)C2=C(C1)N(c1cccc(O)c1)C1=C(C2)C(=O)CC(C)(C)C1,0
COc1ccc(N2CCN(C(CNC(=O)c3ccc4c(c3)OCO4)c3cccnc3)CC2)cc1,0
Cc1ccc(S(=O)(=O)NCCNC(=O)N2CCOCC2)cc1,0
Cc1[nH]n(-c2ccccc2)c2nc(=O)c(CNCCN3CCOCC3)cc1-2,0
CC(C)CC12CN3CCN(CC(C3)/C1=N\O)C2,0
CCCN1CN(Cc2ccco2)c2nc3ccccc3n2C1,0
Nc1c(C(=O)Nc2ccc(Cl)cc2)oc2ccccc12,0
O=C(NCCCc1ccccc1)c1cnc2n(c1=O)CCS2,0
Cc1c(C(=O)c2no[n+]([O-])c2C(=O)c2cnn(C)c2C)cnn1C,0
O=C(CSc1nccn1-c1cccc(Cl)c1)NC1CCCC1,0
O=C(NCc1ccc(Cl)cc1)c1cccnc1,0
COc1ccccc1NC(=O)CSc1nnnn1Cc1ccccc1,0
CCC1CCCCN1C(=O)CSc1nnc(-c2ccc(Cl)cc2)o1,0
Cc1cc(C)cc(-c2nc(-c3ccncc3)no2)c1,0
COC(=O)CCC(=O)Nc1ccc(OC)cc1,0
O=C(COC(=O)c1cn(-c2ccccc2)nc1-c1cccs1)NC1CC1,0
Cc1ccc(Nc2cc(C)nn2-c2nc(=O)cc(C)[nH]2)cc1,0
CC(=O)OC(C(=O)NC1CCCCC1)c1ccc(C)cc1,0
CCOC(=O)Cc1csc(-n2sc3ccccc3c2=O)n1,0
CCc1nnc(NC(=O)CCC(=O)N2CCN(CCc3ccccc3)CC2)s1,0
CCOC(=O)c1cccc(NC(=O)C2CCCN(S(=O)(=O)c3cnc[nH]3)C2)c1,0
Cc1cc(NS(=O)(=O)Cc2ccccc2)no1,0
Cc1nc2sccn2c1-c1csc(NCc2ccccc2)n1,0
C=CCn1c(SCc2cc(=O)n3ccsc3n2)nnc1C1CCCCC1,0
CC(C(=O)N1CCN(C)CC1)N1C(=O)c2ccccc2C1=O,0
C1=C(C(c2nnnn2C2CCCCC2)N2CCCCC2)COc2ccccc21,0
C/C(=C1\SC(N2CCOCC2)=NC1=O)c1ccccc1,0
CCOC(=O)Cn1cc(C(=O)c2cccs2)c2ccccc21,0
CCn1c(O)c(C(=O)Nc2cccnc2)c(=O)c2ccccc21,0
C=CCn1c(SCC(=O)Nc2cc(C)cc(C)c2)nnc1-c1cnccn1,0
CC1CCN(S(=O)(=O)c2ccc(NC(=O)Cn3nnc(-c4ccccc4)n3)cc2)CC1,0
COc1ccc(C(=O)N(CN2CCCC2=O)c2ccc(C)cc2)cc1,0
COc1cc(OC)c(C(=O)Nc2ccc(N(C)C)cc2)cc1OC,0
O=S(=O)(N1CCOCC1)n1c(Cc2ccccc2)nc2ccccc21,0
Cc1scc(C(=O)NCc2ccco2)c1-c1ccccc1,0
CCn1c2ccccc2c2cc(NC(=O)CSc3nnc(C4CC4)n3Cc3ccco3)ccc21,0
COc1ccc(CC(=O)N(Cc2cc3cc(OC)ccc3[nH]c2=O)C(C)C)cc1,0
O=C(NCCN1C(=O)CSC1=O)c1ccccc1,0
COc1ccccc1C1CC(c2ccccc2)N=C2N=CNN21,0
Cc1cc(C(=O)CN2C(=O)NC(c3ccccc3)(c3ccccc3)C2=O)c(C)n1Cc1ccco1,0
CN1/C(=C/C=N/n2cnnc2)C(C)(C)c2ccccc21,0
CCOc1cccc(C(=O)Nc2nnc(-c3ccco3)s2)c1,0
Cn1c(=O)cc(NCc2ccccc2)[nH]c1=O,0
Cc1ccc(NC(=O)CCc2c(C)nc3ncnn3c2C)cc1,0
CC(C)Cn1c(N2CCN(C(=O)c3cccs3)CC2)nc2ccccc21,0
CCCc1c(C(=O)OCC)[nH]c2c1C(=O)CCC2,0
CCOC(=O)Nc1sc(C)nc1-c1ccccc1,0
CCN(CC)C(=O)N1CCC(NC(=O)c2ccc(C(C)(C)C)cc2)CC1,0
CN(C)S(=O)(=O)c1ccc(C(=O)N2CCCC2c2nc3ccccc3s2)cc1,0
Cc1nc(C)c(C(=O)Nc2nc3c(C)cccc3s2)o1,0
COc1ccc2c(c1)[nH]c1c(N3CCN(Cc4ccc5c(c4)OCO5)CC3)ncnc12,0
O=C(CN1CCN(c2ccc(F)cc2)CC1)OCc1ccccc1,0
CCOc1ccc(CCNc2cc(C)nc3ncnn23)cc1OCC,0
N#Cc1ccc(CSc2nnc(-c3cccc(S(=O)(=O)N4CCCCC4)c3)o2)cc1,0
CCCCOC(=O)C1=C(C)N=C2N=CNN2C1c1ccc(OC)c(OC)c1,0
Cn1c(=O)cc(OCC(=O)NCc2cccnc2)c2ccccc21,0
Cc1csc(NC(=O)c2cnccn2)n1,0
COc1ccccc1N1CCN(C(=O)c2cc3c(-c4ccc(Cl)cc4)nn(C)c3s2)CC1,0
CC(=O)NC12CC3CC(C1)CC(C(=O)Nc1nccs1)(C3)C2,0
COc1ccccc1N1CCN(C(=O)CN(Cc2ccc(Cl)cc2)S(C)(=O)=O)CC1,0
CC(=O)N1CC2(C)CN(C(C)=O)CC(C)(C1)C2,0
Cc1cccc(Cn2c(CN3CCN(Cc4ccccc4)CC3)nc3c2c(=O)[nH]c(=O)n3C)c1,0
CCOC(=O)Cn1c(=O)c2c(nc(N3CCCCC3)n2Cc2ccccc2)n(C)c1=O,0
COc1ccc(S(=O)(=O)N(Cc2nc(=O)c3ccccc3[nH]2)C2CCCC2)cc1,0
COc1ccc(-c2ccc(-c3nnn(CC(=O)N4CCOCC4)n3)cc2)cc1,0
CC(C)(C)C1=Nn2c(nnc2-c2n[nH]c3c2CCC3)SC1,0
CCN(CC)S(=O)(=O)c1cc(C(=O)Nc2ccc(Cl)cn2)ccc1C,0
Cc1ccc(C(=O)NC(C)(COc2nonc2C)COc2nonc2C)cc1,0
CCN(CC)C(=O)CSc1nnc(-c2cccs2)n1Cc1ccco1,0
Cc1cc(NC(=O)c2cn(C3CCCCC3)c(=O)c3c2c2ccccc2n3C)no1,0
C=CCNc1nc(Nc2ccc(OC)cc2OC)nc(OCC)n1,0
CCN(CC(=O)NC1CCS(=O)(=O)C1)C(=O)C(c1ccccc1)c1ccccc1,0
Cc1c(Nc2ncnc3nc[nH]c23)c(=O)n(-c2ccccc2)n1C,0
Nc1n[nH]c(-c2ccccc2)c1-c1ccccc1,0
CCOc1ccc(N(CC(=O)Nc2cccc(Cl)c2)S(=O)(=O)c2c(C)noc2C)cc1,0
CN1CCN(c2nc3c(c(=O)[nH]c(=O)n3C)n2CCSc2nc3ccccc3s2)CC1,0
NC(=O)c1ccccc1NS(=O)(=O)Cc1ccccc1,0
O=C(CSc1nnc(-c2ccccc2)o1)c1nnc(-c2ccccc2)o1,0
N#Cc1cc2sc3nnc(-c4ccncc4)n3c2cc1C#N,0
COc1ccc(-n2ncc3c(NCCCn4ccnc4)ncnc32)cc1,0
C=CCn1c(Sc2nncn2C)nc2c1c(=O)[nH]c(=O)n2C,0
CCN(CC)S(=O)(=O)c1ccc(C(=O)N2CCN=C2SCc2cccnc2)cc1,0
Cc1cnc(NC(=O)CSc2nc(=O)c3ccccc3[nH]2)s1,0
CC(=O)N1CCC(C(=O)Nc2nc(-c3ccccc3)ns2)CC1,0
Cc1nnc(NC(=O)CSc2nnc(-c3ccoc3C)n2CC(C)C)s1,0
O=C(Nc1ccc2oc(-c3ccccc3)nc2c1)c1cccnc1,0
CCOC(=O)c1ccccc1OCc1cc(/C=N/n2cncn2)ccc1OC,0
CC(C)n1c(SCC(N)=O)nc2c1c(=O)n(C)c(=O)n2C,0
CS(=O)(=O)N1CCN(C(=O)c2cc(-c3cccs3)nc3ccccc23)CC1,0
CC(=O)Nc1ccc(CN2CCCCCCC2)cc1,0
CCOC(=O)C1=C(N)Oc2cc(C)n(C)c(=O)c2C1c1ccncc1,0
CN(CCOc1ccc(Cl)cc1)c1ccc(S(=O)(=O)N2CCCCC2)cn1,0
Cn1c(=O)c2c(nc(NCC3CCCO3)n2C)n(C)c1=O,0
CCOC(=O)N1CCC(=C2c3ccc(Cl)cc3CCc3cccnc32)CC1,0
Cc1ccc(NC(=O)c2cc(-c3ccc(C)o3)nc3ccccc23)nc1,0
CCc1nn2c(=O)cc(N3CCN(c4cc(C)nc5ccccc45)CC3)nc2s1,0
CCOC(=O)c1c(C)oc2c1c1c(c3ccccc32)OCN(Cc2cccnc2)C1,0
O=C(CCNc1n[nH]c(=O)[nH]c1=O)N1CCCCC1,0
O=C(c1ncn[nH]1)N1CCN(c2nc(-c3ccccc3)cs2)CC1,0
CC(O)Cc1nsc(NC(=O)c2cccs2)n1,0
CCOC(=O)c1c(N)c(C#N)cn1-c1ccccc1,0
O=C1NCCN1Cc1cccc(Cl)c1,0
O=S(=O)(Nc1nc2ccccc2[nH]1)c1ccccc1,0
CC(NS(=O)(=O)c1ccccc1)C(N)=O,0
COc1ccc(CNC(=O)C2CCCN2C(=O)NC2CCCCC2)cc1,0
Cc1cccc(NC(=O)c2cnc3ccccn3c2=O)c1,0
CCC(=O)N1CCN(c2cc(C)ccc2C)CC1,0
O=C(C1CCN(S(=O)(=O)c2cccnc2)CC1)N1CCN(c2ccccc2Cl)CC1,0
CN(C)CCNc1oc(-c2ccccc2F)nc1C#N,0
CCN(CC)c1cc(Oc2ccccc2)ncn1,0
CCn1c(=O)cc(N2CCCCC2)[nH]c1=O,0
COc1ccc(NC(=O)CN2C(=O)C(C)Oc3ccccc32)cc1,0
Cn1c(SCCCC(=O)c2ccccc2)nnc1-c1ccncc1,0
O=C(c1cccs1)N(C(=O)c1cccs1)c1ccccn1,0
Cc1ccc(OCCn2c(NC(=O)c3ccco3)nc3ccccc32)cc1,0
Cc1ccc2[nH]c(=O)c(CN(C)C(=O)c3ccccn3)cc2c1,0
c1coc(-c2nc3nc4ccccc4nc3n2-c2ccc3c(c2)OCCO3)c1,0
CC(C)c1ccc(NC(=O)CSc2nc(=O)c3c([nH]2)CCC3)cc1,0
Nc1nc(CN2CCN(Cc3ccc4c(c3)OCO4)CC2)nc(Nc2ccccc2)n1,0
O=C(CN(Cc1ccco1)C(=O)Cn1nnc(-c2ccc(F)cc2)n1)NC1CCCC1,0
Cc1cccc(NC(=O)Nc2cccc(C)n2)n1,0
CN(Cc1ccc(O)cc1)C1CCCCC1,0
NC(=O)c1c(NC(=O)CSc2nnc(-c3ccco3)n2-c2ccccc2)sc2c1CCC2,0
O=C(Nc1cccc(S(=O)(=O)c2cccc(NC(=O)C3CC3)c2)c1)C1CC1,0
COc1ccc(-c2nnnn2CCc2ccccc2)cc1,0
C=CCn1c(SCC(=O)/C(C#N)=C(\C)N)nc2sc(CC)cc2c1=O,0
C=CCn1c(Oc2cc(C)ccc2C)nc2c1c(=O)n(C)c(=O)n2C,0
CCN(c1cccc(C)c1)S(=O)(=O)c1ccc2[nH]c(=O)c(=O)[nH]c2c1,0
N#Cc1c(SCC(=O)O)nc(N2CCCCC2)c2c1CCCC2,0
O=C(Nc1nc2ccccc2n1CCN1CCCCC1)c1ccco1,0
CNC(=O)c1nnn(-c2ccccc2)c1C(=O)NC,0
CCOC(=O)Cc1cc(=O)c2c(=O)n(-c3ccccc3)[nH]c2[nH]1,0
Cc1cccc(OCC(=O)NCC(=O)n2nc(C)cc2C)c1,0
c1ccc2c(c1)nc(NCC1CCCO1)c1nnnn12,0
O=C(Nc1nc(-c2ccccn2)cs1)C1CC1,0
O=C(NCCCN1CCN(Cc2ccccc2Cl)CC1)Nc1ccccc1,0
Cc1ccc(S(=O)(=O)NCCC(=O)Nc2nnc(C3CC3)s2)cc1C,0
C=C(C)Cn1c(C2CC(=O)N(c3ccccc3F)C2)nc2ccccc21,0
O=C(CSc1nc2n(-c3ccc(F)cc3)[nH]cc-2c(=O)n1)N1CCCc2ccccc21,0
O=C(Nc1ccc(F)cc1)c1ccc(S(=O)(=O)NCC2CCCO2)cc1,0
O=C1CN(C(=O)c2ccco2)C(c2ccccc2)c2cc(Cl)ccc2N1,0
Cc1ccn(C(=O)c2ccc(NC(=O)C3CCCCC3)cc2)n1,0
COc1c[nH]n(C2CCCCC2)c(=O)c1=O,0
CCOC(=O)c1cc2c(N)c(C(=O)c3cc(C#N)c(SC)nc3C)sc2nc1C,0
Cn1c(SCc2ccc(F)cc2)nnc1-c1ccccn1,0
c1ccc(-c2cnnc(N3CCCCC3)n2)cc1,0
CCN(CC)c1ccc(C2NC(=O)NC(C)=C2C(=O)Nc2ccccc2)cc1,0
CC(C)Oc1ccc(NC(=O)c2ccncc2)cc1,0
COc1ccccc1C1NC(=O)NC(C)=C1C(=O)Nc1cccc(C)c1C,0
COc1ccc(OC)c(Nc2cc(C)nc3ccccc23)c1,0
Cc1csc(NC(=O)c2ccc(C)c(S(=O)(=O)N3CCCCC3)c2)n1,0
Cc1cc(C)nc(N2CCN(c3nc(C)nc4c3oc3ccccc34)CC2)n1,0
N#Cc1nc(N2CCCCC2)nc(N2CCOCC2)n1,0
O=C(CSc1nc2ccccc2c(=O)n1CCCC(=O)N1CCCC1)NCc1ccco1,0
O=C(NCc1ccc2c(c1)OCO2)c1cccc(F)c1,0
CCNc1nc(NCC)nc(OCCOC(=O)c2ccccc2)n1,0
COc1ccc(N2C(SC)=NN/C2=C2\C=Nc3ccccc32)cc1,0
CCn1c(CNC(=O)C23CC4CC(CC(C4)C2)C3)nnc1SCC(=O)Nc1nnc(C)s1,0
Clc1ccccc1-c1nc(-c2ccccc2)n[nH]1,0
O=C(Nc1ccc(N2CCCCC2)c(Cl)c1)c1cccnc1,0
Oc1ccccc1CNn1cnnc1,0
Cc1ccc(C)c(Cn2[nH]nc3c(=O)nc(C4CCCN(C(=O)CC(C)C)C4)nc2-3)c1,0
O=C(O)C1C2C=CC(O2)C1C(=O)NCCC1=CCCCC1,0
c1ccc(-n2ncc3c2ncn2nc(-c4ccco4)nc32)cc1,0
CS(=O)(=O)Nc1ccc(C(=O)NCc2ccccn2)cc1,0
CNC(=O)C1CC(=O)N(Cc2ccc3c(c2)OCO3)/C(=N/c2ccc(F)cc2)S1,0
Cc1ccc(-c2nc(CS(=O)(=O)CC(=O)N3CCCCCC3)c(C)o2)cc1,0
Cc1cc(C)cc(-c2nnc(SCC(=O)NCc3cccs3)o2)c1,0
Cn1nnnc1SCC(=O)N(C1CCCCC1)C1CCCCC1,0
Cn1c(=O)c2c(nc(CN3CCCCC3)n2CCc2ccccc2)n(C)c1=O,0
O=C(NCCCCCNC(=O)c1cccnc1)c1cccnc1,0
Cc1ccc(S(=O)(=O)C2(C(=O)Nc3cccc(F)c3)CC2)cc1,0
Cc1cccc(N(C)S(=O)(=O)c2cccc3nsnc23)c1,0
CCOc1ccc(NC(=O)C2CSC(c3ccncc3)=N2)cc1,0
CCc1nccn1S(=O)(=O)c1ccc2ccc(C)cc2c1,0
Cc1noc(C)c1CSCC(=O)NC1=NCCS1,0
Cc1cccc(-n2ccnc2SCC(=O)Nc2nccs2)c1,0
COc1ccc(-n2nnnc2SCC(=O)N2CCCC2)cc1OC,0
CCCC(=O)Nc1c2c(nn1-c1ccc(C)cc1C)CSC2,0
CC/C(NCCO)=C1/C(=O)NC(=O)N(c2ccccc2)C1=O,0
CC(C)(C)n1nnnc1C(c1cc2cc3c(cc2[nH]c1=O)OCO3)N1CCN(c2ccccc2)CC1,0
Cc1ccc(-c2nnn(CC(=O)NC3CC4CCC3C4)n2)cc1,0
CCOC(=O)c1ccc(NC(=O)C2CCN(S(=O)(=O)c3ccccc3)CC2)cc1,0
O=C(CCN1C(=O)C2C3C=CC(C3)C2C1=O)NCCc1ccccc1Cl,0
COc1cccc(N2CC(=O)C(c3nc(=O)c4ccccc4[nH]3)=C2N)c1,0
CC(=O)Nc1ccn(Cc2c(F)cccc2Cl)n1,0
CCn1c(CCNC(=O)c2ccc(Cl)cc2)nnc1SCC(=O)NC1CCCC1,0
c1ccc(Cn2nnnc2C(c2ccncc2)N2CCOCC2)cc1,0
CCC(C)NC(=O)Cn1cnc2sc(C)cc2c1=O,0
COc1cccc(-n2nnnc2SCC(=O)c2ccc(NC(C)=O)cc2)c1,0
Cc1cc(CNC(=O)NC23CC4CC(CC(C4)C2)C3)nn1C,0
CSc1nnc(-c2ccccc2Cl)n1N,0
COCCn1nnnc1SCC(=O)N1CCCCC1,0
COc1cccc(C(=O)Nc2ccc(NC(C)=O)cn2)c1,0
Cn1c(SCC(=O)NCc2cccs2)nnc1-c1ccncc1,0
CCOC(=O)CNC(=O)CSc1nnc(Cn2c(=O)sc3ccccc32)n1-c1ccccc1C,0
CCOC(=O)N1CCN(C(=O)CSc2nnc(Cc3ccccc3)o2)CC1,0
Cc1cc2cc(CNC(=O)c3ccc(S(=O)(=O)N4CCCCC4)cc3)ccc2n1C,0
N#C/C(C(=O)NCc1ccccc1)=C1\SC(CCO)C(=O)N1c1ccccc1,0
CC1CCCCC1NC(=O)CSc1nnnn1-c1ccccc1,0
O=C(NCc1cccnc1)c1cnn2ccccc12,0
CCOc1ccc(Cc2c(O)[nH]c(=O)[nH]c2=O)cc1,0
COCCNc1nc2c(c(=O)n(Cc3ccc(OC)cc3)c(=O)n2C)n1C,0
Cc1ccc2c(c1)c1ncnc(N3CCc4ccccc4C3)c1n2C,0
O=C(NC1CCCC1)C(c1cccs1)N(Cc1ccco1)C(=O)c1csnn1,0
COc1cccc(-n2nnc3c(=O)n(CC(=O)NC4CCCC4)cnc32)c1,0
Cn1cc(C(=O)NCCN2CCN(c3cccc(Cl)c3)CC2)c2c3ccccc3n(C)c2c1=O,0
CCn1c(=O)n(CC)c2cc(S(=O)(=O)Nc3ccccc3C)c(C)cc21,0
CC1CCN(c2nc3c(c(=O)[nH]c(=O)n3C)n2Cc2ccccc2Cl)CC1,0
CC(=O)NCc1ccc(-c2csc(N)n2)s1,0
CCCn1c(SCc2ccc(Cl)cc2)nc2c1c(=O)[nH]c(=O)n2C,0
COc1nc(-c2ccccc2)ccc1-c1noc(-c2cccnc2)n1,0
Cc1ccc(NC(=O)CSc2nnc(NC(=O)CN3CCOCC3)s2)cc1,0
CC(=O)Nc1ccc(C(=O)CSc2nnc(Cn3nnc4ccccc43)n2C)cc1,0
CCCOC(=O)C1=C(C)NC2=C(C(=O)CCC2)C1c1ccc(N(C)C)cc1,0
CCOC(=O)CSc1nc2c(c(=O)n(C)c(=O)n2C)n1CCCc1ccccc1,0
O=C1Nc2ccccc2OC1CC(=O)N1CCOCC1,0
Cc1nn2c(-c3ccc(Cl)cc3)nnc2s1,0
COc1ccc(NS(=O)(=O)c2ccc(NC(C)=O)cc2)cc1OC,0
O=C(CCN1C(=O)c2ccccc2C1=O)Nn1cnnc1,0
COC(=O)C1=C(C)OC(N)=C(C#N)C1C1CCCCC1,0
Cc1nnc(SCC(=O)Nc2sccc2C(N)=O)n1Cc1ccccc1,0
Cc1cc(Nc2ccc3ccccc3c2)n2ncnc2n1,0
CC(C)Sc1nc2n(-c3ccc(F)cc3)[nH]cc-2c(=O)n1,0
O=C(CSc1nnnn1-c1ccccc1)c1cc2ccccc2oc1=O,0
O=C(CN(C(=O)CNC(=O)c1ccco1)c1ccc2c(c1)OCO2)NC1CCCCC1,0
COc1cc(C(=O)NCCCCCC(=O)O)cc(OC)c1OC,0
O=C(Nc1cnc2sc3c(n2c1=O)CCCC3)c1ccc(F)cc1,0
Cc1cc(C(=O)OCC(=O)NC(=O)NC(C)(C)C)c(C)o1,0
O=C(CSc1nc(-c2ccccc2)cs1)NCc1ccco1,0
O=C(COC(=O)c1cc(-c2ccco2)nc2ccccc12)NCc1ccc2c(c1)OCO2,0
Cc1cc(C)nc(Sc2nc(C)nc3c2oc2ccccc23)n1,0
COc1ccc(CC(=O)NCc2nnc(SCCOc3ccccc3)n2C)cc1,0
Cc1cccc(OCc2nc(C#N)c(NCc3ccc4c(c3)OCO4)o2)c1,0
Cc1cc(C(F)(F)F)nc(SCC(=O)Nc2cc(C)on2)n1,0
O=C(Nc1nnc(C2CCCO2)s1)c1cccs1,0
O=C(CCCc1cccs1)Nc1nc2c(s1)CCCC2,0
Cc1ccc(Cn2ncc3c(N4CCOCC4)ncnc32)cc1,0
COc1ccc(CC(=O)NC2=NC3=NC(=O)CC(c4ccccc4)N3N2)cc1OC,0
Cn1c2ccccc2c2nnc(SCN3C(=O)c4ccccc4C3=O)nc21,0
NC(=O)c1cccn1Cc1ccccc1Cl,0
CN(C(=O)COc1cc(=O)n(C)c2ccccc12)c1ccc(Cl)cc1,0
CCC(C)NC(=O)C1CCN(S(=O)(=O)c2cccnc2)CC1,0
Cc1cc(-c2ccc(Cl)cc2)n2nc(N)nc2n1,0
Cc1cccn2c(=O)c3cc(C(=O)N4c5ccccc5CC4C)n(C)c3nc12,0
Cc1ccc(-n2c(CSc3nc(C)cc(C)n3)nnc2SCC(=O)NCc2ccco2)cc1,0
Cc1nc2nc(=O)c3c(n2[nH]1)NC1=C(C(=O)CC(C)(C)C1)C3c1ccccc1,0
Cn1nnnc1Sc1ncnc2scc(-c3ccccc3)c12,0
CN(CCNC(=O)C1(O)c2ccccc2NC(=O)N1c1ccccc1)Cc1ccccc1,0
CCOC(=O)c1cnc(Nc2nc3ccccc3o2)nc1CSc1nnc(C)s1,0
CCCCn1c(N)c(N(CCC(C)C)C(=O)CSc2nnc(C)s2)c(=O)[nH]c1=O,0
COc1ccc(Nc2oc(-c3cccs3)nc2C#N)cc1,0
Cc1ccc(-n2c(=O)c3sccc3n(CC(=O)NCc3ccco3)c2=O)cc1,0
COc1cc2c(cc1OC)C(C(=O)NCc1ccco1)C(c1cccs1)N(C)C2=O,0
COc1cccc(-c2nn(C)c3sc(C(=O)NCc4ccccn4)cc23)c1,0
Nc1nnnn1/N=C/c1ccccc1C(F)(F)F,0
Cc1ccccc1-n1c(SCC(=O)N2CCCC2)nnc1-c1ccccn1,0
Cc1n[nH]c(SCC(=O)Nc2cccc(C(F)(F)F)c2)nc1=O,0
Cc1nc(SCC(=O)Nc2cccc(F)c2)c2oc3ccccc3c2n1,0
CCOC(=O)N1CCC(NC(=O)c2sc3nc4n(c(=O)c3c2C)CCCC4)CC1,0
O=C(c1csc2c1CCCC2)n1cccn1,0
CCCn1nc(-c2ccccc2)c2nc3ccccc3nc21,0
CCc1nnc(NC(=O)C2CCC2)s1,0
Cc1ccc(C)c(C(=O)CSc2n[nH]c(C)n2)c1,0
CCCS(=O)(=O)n1nc(-c2ccc(OC)cc2OC)cc1N,0
O=C(Nc1ccc(N2CCOCC2)c(Cl)c1)c1cccc(F)c1,0
COc1cc(-c2nc(-c3cccc(C)c3)no2)cc(OC)c1OC,0
CCC(C)(C(=O)Nc1ccc2c(c1)OCCO2)N(C(C)=O)c1ccc(C(N)=O)cc1,0
COc1ccccc1S(=O)(=O)n1cc(Cc2ccccc2)c(N)n1,0
Cc1ccc(-c2cc(C(=O)Nc3c(C#N)cnn3C)no2)cc1,0
O=C(CCc1nc(-c2ccccc2F)no1)NCCc1ccccc1Cl,0
CN(C)c1nc(SCCOC(=O)c2ccccc2)nc(N(C)C)n1,0
O=C(Nc1ncnc2c1CCC2)C12CC3CC(CC(C3)C1)C2,0
O=C(CN1C(=O)CSC1=O)Nc1ccccc1N1CCOCC1,0
Cn1c(SCc2nc(=O)c3ccccc3[nH]2)nnc1-c1ccco1,0
O=c1nc(-c2ccccc2)n(-c2ccccc2)c2ncccc12,0
Cc1ccc(Nc2nc(N)nc(CN3CCN(C)CC3)n2)cc1C,0
CCCCn1c(SCc2ccc(C(=O)OC)o2)nc2cc(S(N)(=O)=O)ccc21,0
CC(=O)Nc1ccc(S(=O)(=O)NCC(C)NS(=O)(=O)c2ccc(NC(C)=O)cc2)cc1,0
COC(=O)CSc1nnc(-c2sc3cc(OC)ccc3c2Cl)n1C,0
CC1(C)Cc2c(sc3c2c2ncnn2c2nnc(SCC(=O)NCc4ccco4)n32)CO1,0
COc1ccc2ccccc2c1CN1CCCC(CO)C1,0
CN1C(=O)N(C)C(NC(=O)Nc2ccccc2)C1NC(=O)Nc1ccccc1,0
O=C(Nc1ccc2nc(-c3ccco3)c(-c3ccco3)nc2c1)N1CCCCCC1,0
CCCN1CCN(c2ncnc3c2nnn3Cc2ccccc2)CC1,0
CSc1nc(N)nc(SCC(=O)c2ccccc2)c1C#N,0
O=C(c1cn(CC(=O)N2CCCCC2)c2ccccc12)C1CC1,0
c1ccc2c(N3CCCC3)nc(-c3ccncc3)nc2c1,1
Nc1nc(-c2ccco2)nc(N2CCCCC2)n1,0
Cc1ccc(S(=O)(=O)n2nc(OC(=O)c3cccs3)cc2N)cc1,0
Cc1ccc(N(CC(N)=O)C2SC(=O)N(Cc3ccccc3)C2=O)cc1,0
O=C(CCSCCc1ccncc1)NCCCN1CCOCC1,0
N#Cc1cc2cc3c(cc2nc1SCC(=O)OC1CCCCC1)OCO3,0
O=C(Nc1ccc(C2CCCCC2)cc1)C1CCCN(c2ncccn2)C1,0
Cc1onc(-c2ccccc2)c1C(=O)n1cccn1,0
COC(=O)CN1C(=O)C(C)(C)Oc2ccc(C(=O)NC3CC3)cc21,0
Cc1cccc(NC(=O)c2sc3nc(-c4ccc(F)cc4)cn3c2C)n1,0
O=C(COc1ccc(Cl)cc1)Nc1ccc2oc(-c3ccncc3)nc2c1,0
COc1ccc(S(=O)(=O)N2CCN(c3ncnc4c(-c5ccccc5)nsc34)CC2)cc1,0
C=CCn1c(-c2cc(OC)c(OC)c(OC)c2)n[nH]c1=S,0
O=S(=O)(Nc1nc2ccccc2nc1NCCO)c1cccc(Cl)c1,0
COc1ccc2[nH]cc(C(=O)CN3CCCC(C)C3)c2c1,0
O=C(C1CCN(S(=O)(=O)c2cccc3cccnc23)CC1)N1CCN(c2ccc(Cl)cc2)CC1,0
CCOC(=O)Cn1nnc(-c2ccc(SC)cc2)n1,0
COc1cc(C2C(C(=O)OC(C)C)=C(C)Nc3[nH]c(=O)[nH]c(=O)c32)ccc1O,0
Cc1ccc(CNC(=O)c2ccc(Cn3nc(C)c(Cl)c3C)o2)cc1,0
O=C(Oc1ccc(Cl)cc1)N1CCCCC1,0
CC(C)(Oc1ccc(Cl)cc1)C(=O)Nc1ncccn1,0
O=c1c2ccccc2nc2n1CCN2Cc1ccc(Cl)cc1,0
CCOC(=O)c1nnn(-c2nonc2N)c1CNc1ccccc1,0
O=C(Nc1nnc(CCN2CCCCC2)s1)C1CCCCC1,0
CC1(C)CC(=O)C2=C(C1)NCN(Cc1ccc3c(c1)OCO3)C2,0
CCOC(=O)c1ccc(NC(=O)CC2S/C(=N/C)N(C)C2=O)cc1,0
Cc1cc(C)c(S(=O)(=O)NCc2cn3c(C)csc3n2)cc1C,0
COc1ccc(CCNc2oc(-c3ccco3)nc2C#N)cc1,0
COc1ccc(OC)c(S(=O)(=O)N2c3cc(F)ccc3CCC2C)c1,0
NC(=O)CSc1nnc(Cc2csc(Nc3ccccc3)n2)n1Cc1ccccc1,0
COc1ccc(C2NC3=C(CCCC3)C(C#N)(C#N)C2(C#N)C#N)cc1,0
O=C(NCc1nc(-c2ccccc2)no1)c1ccc2c(c1)OCO2,0
OCC(O)CN1CCN(c2ccccc2)CC1,0
C1CCC(Nc2nnnn2C2CCCCC2)CC1,0
Cc1cccc(CC(=O)Nc2cc(=O)n(C)c(=O)n2C)c1,0
CCn1[nH]c(=O)/c(=N/c2c(C)n(C)n(-c3ccccc3)c2=O)cc1-c1ccc(Cl)cc1,0
CCOC(=O)Cn1nnc(-c2cccc(OC)c2)n1,0
CC(=O)Nc1ccc(Cl)cc1C(=O)O,0
COC(=O)c1ccc(-c2nc(=O)c3c[nH]ccn2-3)cc1,0
CC(C)NS(=O)(=O)c1ccc(OCC(=O)N2CCN(C)CC2)cc1,0
O=c1cc(O)nc(SC23CC4CC(CC(C4)C2)C3)[nH]1,0
Cc1ccc2c(c1)nnn2C1CCN(CC(=O)Nc2ccc3c(c2)OCCO3)CC1,0
COc1cccc2c1N1C(=O)c3c(C(=O)O)cccc3C1CC2(C)C,0
COc1ccc(N2C(=O)CC(N3CCN(c4ccccc4F)CC3)C2=O)cc1,0
C=CCn1cnc2c(c1=O)c1nc3ccccc3nc1n2-c1ccc(C)cc1,0
Cc1cccc(N2CC3=C(C2=O)C(c2ccccc2)NC(=O)N3C)c1,0
COc1ccccc1C(=O)N1CCN(c2cccc(Cl)c2)CC1,0
CCCn1c(C2CC(=O)N(c3cc(OC)ccc3OC)C2)nc2ccccc21,0
Cc1c(NC(=O)C2CCCN(S(=O)(=O)c3cnc[nH]3)C2)c(=O)n(-c2ccccc2)n1C,0
C=CCn1c(-c2cccs2)nc2ccccc21,0
CCCn1c(SCC(=O)/C(C#N)=C(\C)N)n[nH]c1=O,0
O=C(COc1ccccc1)Nc1nnc(-c2ccccc2)o1,0
Cc1cccc(OCc2nnc(SCC(=O)Nc3ccc(C)c(Cl)c3)o2)c1,0
COc1cccc(NS(=O)(=O)c2nc3nc(C)cc(C)n3n2)c1,0
COc1ccc(-n2c(C)nc3c(cnn3-c3ccc(C)c(C)c3)c2=O)cc1,0
COc1cc(OC)cc(C(=O)NC2CCN(Cc3nnnn3Cc3cccs3)CC2)c1,0
CCn1c(SCc2cccc(C(=O)O)c2)nnc1-c1ccccc1,0
Cc1cc(NC(=O)NC2CCCN2S(=O)(=O)c2ccc(Cl)cc2)no1,0
O=C(CSc1nnc2scc(-c3ccccc3)n12)N1CCN(Cc2ccccc2)CC1,0
O=C(NCc1nc2ccccc2[nH]1)c1cccs1,0
CCC(Sc1nnc(-c2ccc(C)c(Cl)c2)n1CC)C(=O)Nc1nccs1,0
CCn1c(SCC(=O)Nc2cc(C)on2)nc2sc(C)c(C)c2c1=O,0
CCC(NCCc1ccccc1)=C1C(=O)CCC1=O,0
O=C(CCCOc1ccccc1)Nc1nnc(C2CCCO2)s1,0
O=C1CC(c2ccccc2)CN1Cc1ccccc1,0
COc1cc(C)nc(NC(=O)COc2ccc(Cl)cc2C)n1,0
O=C(c1ccccc1)N1CCCCC(Sc2nnnn2-c2ccccc2)C1=O,0
CCn1c(CNC(=O)c2ccc3c(c2)OCO3)nnc1SCC(=O)Nc1cc(C)ccc1OC,0
CCC(c1nnc(SCc2nc3ccccc3s2)n1Cc1ccccc1)N(C)C,0
CCN(CC)C(=O)C(C)OC(=O)COc1ccc(Cl)cc1C,0
COc1ccc(OC)c(C(=O)CSc2nnc(-c3cccs3)n2C)c1,0
Cn1c(=O)c2c(nc(N3CCNCC3)n2Cc2cccc3ccccc23)n(C)c1=O,0
COc1cccc(CNn2cnnc2)c1OCc1ccc(F)cc1,0
CC(C)n1nc(C(=O)Nc2nc3ccc(S(C)(=O)=O)cc3s2)c2ccccc2c1=O,0
COC(=O)c1ccc(OC)c(CSc2nnc(COc3ccc(Cl)cc3)o2)c1,0
COc1ccc(C(=O)N/C(N)=N/c2nc3ccccc3o2)cc1,0
COCCNC(=O)c1ccccc1-c1nc(-c2ccccc2Cl)no1,0
COc1ccccc1-c1nnc(SCC(=O)Nc2cc(C)on2)o1,0
CC(C)(C)OC(=O)N1CCCC1c1nnc(SCc2ccccc2Cl)o1,0
Cc1[nH]c(=O)[nH]c(=O)c1NC(=O)c1cccs1,0
COCCn1c(SCC(=O)N2CCCCC2)nc2cccnc21,0
Cn1c(=O)[nH]c(=O)c2c1nc(NC1CCCCC1)n2CCO,0
O=C1CSC(Nc2ccccc2Cl)=N1,0
CCOC(=O)N1CCN(c2ncnc3c2cnn3-c2ccc(Cl)cc2)CC1,0
CN(C)c1ccc(NC(=O)CSc2nc(=O)c3c([nH]2)CCCC3)cc1,0
O=S1(=O)N=C2CCCCCN2C(c2ccncc2)N1,0
Cc1cc(=O)n2[nH]c(COc3ccccc3)nc2n1,0
O=C(NCCN1CCOCC1)c1cc(-c2cccs2)on1,0
COc1ccc(-c2nnc3ccc(SC)nn23)cc1,0
CCOC(=O)CSc1nc(C)cc(Oc2ccc(=O)n(C)n2)n1,0
O=C1C=C(NCc2ccco2)CC(c2ccc(Cl)cc2)C1,0
CCSC1=C(C#N)C(c2ccc(Cl)cc2)C2=C(CCCC2=O)N1,0
Cn1c(=O)cc(SCC(=O)NCCCN2CCOCC2)c2ccc(Cl)cc21,0
CCN1CCN(C(=O)CN(c2ccc(C)cc2)S(C)(=O)=O)CC1,0
Cc1ccc(Cn2nnc3c(=O)n(CC(=O)N4CCN(c5ccccc5)CC4)cnc32)cc1,0
COC(=O)C1=C(N)Oc2cc(C)n(Cc3ccncc3)c(=O)c2C1c1cccnc1,0
O=C(CCCCCN1C(=O)c2ccccc2C1=O)Nc1nccs1,0
c1ccc(-c2noc(-c3ccc4ccccc4c3)n2)nc1,0
CCOC(=O)c1c(C)nc(-c2ccccc2)nc1NC(=O)C(C)C,0
Nn1c(SCC(=O)Nc2cccc(F)c2)nnc1C1CCCCC1,0
O=C(Cn1c(=O)[nH]c2ccsc2c1=O)N1CCN(c2ccc(F)cc2)CC1,0
COc1ccc(CC(C(=O)Nc2cccc(F)c2)c2nn[nH]n2)c(OC)c1,0
Cc1ccc(C(=O)Nc2ccc(S(=O)(=O)N3CCc4ccccc43)cc2)o1,0
CN1CCN(c2nc(-c3ccccc3)c3cc(Cl)ccc3n2)CC1,0
CC1CCN(C(=O)CSc2nnc(CSc3ncccn3)n2C)CC1,0
Cc1sc2nc(SCC(=O)N3CCCC3)[nH]c(=O)c2c1C,0
CCOC(=O)C1=C(C)NC(C)=C(C(=O)OC)C1c1cccc([N+](=O)[O-])c1,0
CCN(CC)CCCN1C(=O)C(O)=C(C(=O)c2cccs2)C1c1ccccn1,0
Cc1cc2nc(NC3=NCN(CCN4CCOCC4)CN3)nc(C)c2cc1C,0
COC(=O)CSc1nnc(-c2ccncc2)n1N,0
Cc1ccc2nc(N3CCN(Cc4ccc(F)cc4)C3=O)c(C)cc2c1,0
CCOC(=O)N1CCN(CC(=O)c2ccc3c(c2)CCN3)CC1,0
Cc1nc(NCC2CCCO2)c2nnn(Cc3ccccc3)c2n1,0
CC(C)CNS(=O)(=O)c1ccccc1C(=O)N1CCCCC1,0
COc1ccc(Nc2ncc3c(n2)CC(c2ccccc2)CC3=O)cc1,0
COC(=O)c1ccc(NC(=O)CN2CCCC2)cc1,0
O=c1c2[nH]c3ccccc3c2ncn1Cc1ccccn1,0
Cc1cc(C)n(-c2nc(NCCO)c3c4c(sc3n2)CCCC4)n1,0
c1ccc(OCCCn2nnc(-c3ccc(N4CCOCC4)cc3)n2)cc1,0
COc1nc(N2CCOCC2)nc(-n2cccc2)n1,0
COC(=O)CSc1nnc(CNC(=O)Cc2ccccc2)n1C,0
CCOC(=O)c1cnc(-n2nc(C)cc2C)nc1NCCc1ccccc1,0
O=C(Nc1cccc(C(=O)N2CCOCC2)c1)c1cccnc1,0
COc1ccc(CN2C(=O)c3cccnc3C2Nc2ccc(OC)c(Cl)c2)cc1,0
Cn1c(-c2ccccc2)cnc1SCC(=O)NCc1ccco1,0
N#Cc1c(NC(=O)c2ccncc2)sc2c1CCC2,0
COc1ccccc1NC(=O)CSc1nc(O)cc(=O)[nH]1,0
Cn1c(=O)c2ccccc2n(Cc2ccccc2F)c1=O,0
COc1ccc(-c2nnc3ccc(SCC(=O)N4CCCC4)nn23)cc1,0
COc1ccc(CCNC(=O)CN(C)S(=O)(=O)c2cccs2)cc1OC,0
COc1ccc(Cc2nc(-c3ccc(-n4cccc4)cc3)no2)cc1,0
CCOCC(=O)Nc1ccc(-c2cn3cccnc3n2)cc1,0
CCOC(=O)c1ccc(-c2ccc(C(=O)Nc3cccnc3)o2)cc1,0
CCc1c(C)c2cc(Cl)c(O)c(CN(C)C)c2oc1=O,0
COc1cccc(N2C(=O)N(c3ccccc3Cl)C3CS(=O)(=O)CC32)c1,0
CC(=O)c1n[nH]nc1NC(=O)c1ccccc1,0
c1ccc(-n2ncc3c2ncn2c(CSc4nc5ccccc5s4)nnc32)cc1,0
O=C(NC1CC2CCCC(C1)N2C(=O)NC1CCCCC1)c1ccc(F)cc1,0
COCCn1c(NCc2ccc(C)cc2)nc2c1c(=O)[nH]c(=O)n2C,0
Cc1nc2sc(C(c3cccc(F)c3)N3CCCCC3)c(O)n2n1,0
COc1ccccc1N1CCN(C(=O)CSc2nnc(NC(=O)c3ccco3)s2)CC1,0
Cc1cc(=O)n2[nH]c(-c3ccc(F)cc3)nc2n1,0
COCCn1cc(C(=O)N2CCC(C)CC2)c2c3ccccc3n(C)c2c1=O,0
Cc1cc(C)nc(NS(=O)(=O)c2ccc(NC(=O)c3ccco3)cc2)n1,0
O=C(Nc1nccs1)Oc1ccccc1,0
Cc1nc2nc[nH]n2c(=O)c1NC(=O)CCc1ccccc1,0
O=C(CSc1nnc2ncccn12)N1CCCCCC1,0
CCCCCn1c(SCc2ccncc2)nc2cc(C(=O)NCc3ccco3)ccc2c1=O,0
CC1(C)CN=C(N2CCN(C3=NCC(C)(C)S3)CC2)S1,0
Cc1cc(NC(=O)c2cc(-c3cccnc3)nc3c(C)c(C)ccc23)no1,0
COc1ccc(NC(=O)N(CCCN2CCOCC2)Cc2cccnc2)c(OC)c1,0
Cc1ccc(C(=O)N2CCN(c3cccc(Cl)c3)CC2)cc1C,0
NC(=O)CSc1nnc(-c2cc3ccccc3o2)n1Cc1ccccc1,0
Nc1nnc(SCC(=O)c2ccccc2)s1,0
COC(=O)C1=C(C)NC(C)=C(C(=O)OC)C1c1cc2cc(C)ccc2[nH]c1=O,0
CCC(=O)Nc1nnc(Sc2ccc(N(C)C)cc2)s1,0
CC(=O)c1cccc(NC(=O)C2CCCN(S(C)(=O)=O)C2)c1,0
CCCn1nnnc1SCC(=O)N1CCOCC1,0
O=C(Nc1ccc(F)cc1F)N1CCN(c2ncccn2)CC1,0
O=C(O)CCCCCCC1C(=O)NC(=O)N1CCC(O)C1CCCCC1,0
CCOC(=O)C1C(=O)NC(N2CCN(Cc3ccccc3)CC2)=NC1c1ccco1,0
CCCc1nnc(N/C(O)=C2/C(=O)NC3=C(CCCC3)C2=O)s1,0
CCOCc1nnc(NC(=O)CSCc2ccccc2)s1,0
Cn1c(CCNC(=O)c2ccco2)nc2cc(NS(=O)(=O)c3ccccc3)ccc21,0
COc1ccc(C)cc1NC(=O)CSc1nnnn1Cc1ccccc1,0
Cc1ccc(-c2ccc(=O)n(CC(=O)NCCN3C(C)CCCC3C)n2)cc1,0
Cn1nnc2c(NCc3ccco3)nccc21,0
CCOc1ccccc1C(=O)Nc1nnc(CC)s1,0
CCOc1ccc(S(=O)(=O)N(CC(=O)O)c2ccccc2)cc1,0
CCCCc1[nH]nc2c1C1(C(=O)N(CC)c3ccccc31)C(C#N)=C(N)O2,0
CS(=O)(=O)Nc1ccc(-c2n[nH]c(=S)n2-c2ccccc2)cc1,0
Cc1nc2ccccc2c(=O)n1/N=C/c1ccccn1,0
Cc1ccc(NC(=O)CC2Oc3ccc(C)cc3NC2=O)cc1,0
Cc1cc(NC(=O)c2ccc(S(=O)(=O)N(C)C)cc2)no1,0
c1cnc(-c2nnc3n2CCCCC3)cn1,0
CCN1CCN(C(c2cccs2)C(C)NC(=O)CC(C)C)CC1,0
CCOCC(=O)Nc1nc2ccc(OCC)cc2s1,0
COc1ccc(C(=O)CSc2nnc(-c3cccnc3)n2Cc2ccco2)cc1,0
O=S(=O)(Nc1nc2ccccc2nc1NCc1ccco1)c1cccs1,0
Cn1c(SCc2ccccc2)nnc1-c1cccs1,0
CN1CCn2c1nc(N1CCCCC1)nc2=O,0
CSc1nnc(CNC(=O)c2ccccc2)n1-c1cccc(C)c1,0
CCCc1cc(=O)n2[nH]c(NCc3c(F)cccc3Cl)nc2n1,0
O=C(c1cc(-c2ccc(Cl)cc2)on1)N1CCOCC1,0
Nc1ncnc2nc(N3CCN(C(=O)c4ccccc4)CC3)[nH]c12,0
Nc1nonc1NC(=O)CSc1nc2ccccc2s1,0
Cc1c2c(nc3c(C(=O)NC4CC4)cnn13)CCCC2,0
O=C(Oc1ccc(Cl)c2cccnc12)N1CCOCC1,0
Cc1cccc(OCC(=O)N2CCC(c3ccccc3)C2)c1,0
CC(C)(C)OC(=O)N1CC=C2C(C#N)=C(N)C(C#N)(C#N)C(c3cccnc3)C2C1,0
O=C(CN1CCC(n2nnc3ccccc32)CC1)NCc1cccs1,0
CCN(CC)C(=O)CSCC(=O)Nc1ccccc1,0
COc1ccccc1-n1c(CNC(=O)c2ccc(S(=O)(=O)N3CCOCC3)cc2)n[nH]c1=S,0
COc1ccc(-n2c(Cc3cc(=O)[nH]c(=O)[nH]3)nnc2SCC(=O)NC2CCCC2)cc1,0
COCC(=O)Nc1nnc(CCc2ccccc2)s1,0
Cc1ccc(-n2ncc(C#N)c2/N=C/N(C)C)cc1,0
O=C(NCC1CCCO1)C1CCN(S(=O)(=O)c2cccc3cccnc23)CC1,0
CNc1cc(C)nc(-n2nc(C)cc2C)n1,0
COc1ccc(NC2c3ccccc3C(=O)N2c2cccnc2)cc1Cl,0
CCOc1ccc(NC(=O)c2ccncc2)cc1,0
CCOC(=O)N1CCN(C(=O)CSc2nnc(-c3ccc(C)c(C)c3)o2)CC1,0
COC(=O)CCSc1nccn1Cc1ccccc1,0
NC(=O)c1c(NC(=O)CSc2nnc(Cc3ccccc3)n2Cc2ccco2)sc2c1CCC2,0
CCn1c(SCC(=O)c2ccc(CNC(C)=O)o2)nnc1-c1cccs1,0
COCCCNC(=O)c1c(N)n(/N=C/c2cccs2)c2nc3ccccc3nc12,0
Cn1c(CC(=O)Nc2ccccc2)nnc1SCC(=O)c1ccccc1,0
CC(C)OC(=O)CCC1(C(=O)O)CCC(=O)NC1,0
COc1ccccc1-n1c(C)nnc1SCC(=O)Nc1cc(C)cc(C)c1,0
O=C(CSc1nnc(NC(=O)C2CCC2)s1)NC1CC1,0
COc1cc2c(C#N)c(N3CCc4ccccc4C3)nc(N)c2c(N)n1,0
CC(C)(C)c1cc(C(F)(F)F)nc(SCCCNC(=O)c2ccco2)n1,0
Cc1nc2nc(C)c(CCC(=O)N3CCc4ccccc43)c(C)n2n1,0
O=C(NCc1ccc2c(c1)OCO2)c1ccc(-n2cnnn2)cc1,0
O=C(CN1C(=O)c2ccccc2C1=O)NCC1CCCO1,0
COc1ccccc1N(CC(=O)Nc1cccnc1)S(C)(=O)=O,0
O=C(NCCc1c[nH]c2ccccc12)c1cccnc1,0
COc1cccc(-n2nnc3c(=O)n(CC(=O)N4CCCCC4)cnc32)c1,0
CCOC(=O)c1cc2sccc2n1CC(=O)OC(C)C,0
CCn1c(SCC(=O)NCc2ccco2)nnc1C(C)C,0
O=C(CN1C(=O)c2ccccc2C1=O)NCc1ccncc1,0
O=C(Nc1cccc(-c2nc3cc(Cl)ccc3o2)c1)C1CCCO1,0
CC(C)(C)c1cc(=O)n2c(C#N)c(C#N)nc2[nH]1,0
Cc1cc(NC(=O)CSc2ccccc2)no1,0
O=C(Nc1ccc2oc(-c3ccccc3)nc2c1)c1ccncc1,0
Cc1ccccc1Nc1nn2c(=O)c3ccccc3nc2s1,0
CC(C)CCn1cnc2c(cnn2-c2ccc(F)cc2)c1=O,0
CCCNC(=O)NC(=O)CSc1nnc(-c2ccncc2)n1CC,0
Cc1cc(C)c2c(n1)nn1c(NCCN3CCOCC3)cc(C)nc21,0
COc1ccccc1C(=O)N1CCN(c2nc3cc(C)c(C)cc3cc2C#N)CC1,0
Cc1cccc(N2CN=c3s/c(=C\c4ccncc4)c(=O)n3C2)c1,0
Cc1ccccc1CCNC(=O)C1CCN(S(=O)(=O)c2ccc(-n3cnnn3)cc2)CC1,0
OC(Cn1nnc2ccccc21)Cn1c(C(F)(F)F)nc2ccccc21,0
S=c1[nH]nc(-c2cccnc2)n1Cc1ccccc1,0
CCc1c(O)n(-c2ccccc2)c(SCC(=O)N2CCOCC2)nc1=O,0
COCC(=O)NC1CCN(C(=O)NCc2ccccc2)CC1,0
CCOc1cccc(/C(O)=C2/C(=O)C(=O)N(CCOC)C2c2ccncc2)c1,0
COc1ccccc1N1CCN(C(=O)C2CC=CCC2C(=O)O)CC1,0
COC(=O)c1nc(NC(=O)C(C)C)n[nH]1,0
CC(=O)N1CCc2cc(S(=O)(=O)NC(C(=O)Nc3nc(C)cs3)C(C)C)ccc21,0
O=C(NCc1ccccc1)N1CCC(n2cnc3cc(F)ccc32)CC1,0
CC1=CC2=c3ccccc3=NC(c3c[nH]c4ccccc34)N2N1,0
c1ccc(-c2csc3ncn4nnnc4c23)cc1,0
N#Cc1sc2nc3c(c(-c4cccnc4)c2c1N)CCC3,0
Cc1cccc(NC(=O)Cn2cnc3sc(C)c(S(=O)(=O)N4CCC(C)CC4)c3c2=O)n1,0
Cc1cc(C)c2c(N)c(C(=O)N3CCN(c4ncccn4)CC3)sc2n1,0
COc1cccc(NC(=O)CSc2nnnn2C(C)C)c1,0
CCCn1c(O)c(C(=O)Nc2ccccc2C(=O)OC)c(=O)c2ccccc21,0
Cn1c(=O)[nH]c(=O)c2c1nc(NCCCO)n2Cc1ccc(F)cc1,0
O=C(CC1CCCC1)Nc1nnc(C2CC2)s1,0
O=C(O)COc1ccc(S(=O)(=O)NCCc2ccccc2)cc1,0
Cc1cccc(N2C(N)=C(C#N)C(C#N)(C#N)C2c2ccccc2)c1,0
CCN(CC)C(=O)CSc1nnc(-c2cccnc2)n1CCc1ccccc1,0
O=C(c1ccccc1CCc1ccccc1)N1CCOCC1,0
Cc1csc(Cn2c(CN(C)C)nc3ccccc3c2=O)n1,0
CCN(CC)C(=O)N1CCN(C(=O)c2ccc(C)cn2)CC1,0
CCCCn1nnnc1SCC(=O)Nc1ccc2c(c1)OCCO2,0
CCOC(=O)C1=C(C)OC(N)=C(C#N)C1C1CCCCC1,0
Cc1cc(C)n(-c2nc3ccccc3n3cnnc23)n1,0
Cc1ccc(-n2c(C)nc3oc4ccccc4c(=O)c3c2=O)cc1,0
O=C(NCC1CCC(C(=O)O)CC1)c1cccnc1,0
O=C(O)CNC(=O)c1ccccc1NC(=O)c1ccco1,0
O=C(c1ccc(S(=O)(=O)N2CCCCC2)cc1)N1CCN=C1SCc1cccnc1,0
O=C(Nc1c(C(=O)N2CCCC2)cnn1-c1ccccc1)c1cccc(F)c1,0
CCCn1nnnc1SCC(=O)Nc1nnc(CC)s1,0
CCOC(=O)c1[nH]c2cc(OC)c(OC)cc2c1NC(=O)CN1CCN(C)CC1,0
Cn1c(=O)n(CCN2CCOCC2)c(=O)c2c1nc1n2CCCN1c1ccccc1,0
CN(Cc1nc(-c2ccncc2)no1)S(=O)(=O)c1ccccc1,0
O=C(Nc1cccc2ccccc12)c1cnccn1,0
CCCC(=O)Nc1nnc(Sc2ccc(N(C)C)cc2)s1,0
COCc1nnc(NC(=O)CSc2ccc(C)cc2)s1,0
Clc1cccc(-c2nnc(SCc3nc4ccccc4[nH]3)n2Cc2ccco2)c1,0
CCC1CCc2c(sc3ncnc(N4CCOCC4)c23)C1,0
O=C(NCc1ccc2c(c1)OCO2)C1CC(=O)N(CCc2ccccc2)C1,0
Cc1ccc(S(=O)(=O)C2(C(=O)Nc3ccc4c(c3)OCO4)CC2)cc1,0
Cc1nc2c(C(=O)NCc3ccccc3)c[nH]n2c(=O)c1Cl,0
COC(=O)c1nnn(-c2nonc2N)c1CSc1ccccn1,0
C=CCNS(=O)(=O)c1ccc(OCC(=O)OC)cc1,0
O=C(O)c1cc(Cl)ccc1NC(=O)C1CCCO1,0
CCCC(=O)Nc1nnc(-c2ccco2)s1,0
CC1=C(C(N)=O)C(c2ccc(Cl)cc2)NC(=O)N1,0
Cc1occc1C(=O)Nc1ccc2ccccc2c1,0
O=C1NC(=O)C(C/C=C/c2ccccc2)C(=O)N1,0
COc1cc(Cl)cc(C#N)c1OCC(=O)O,0
O=C1c2ccccc2C(=O)N1CCSc1nnc(-c2ccco2)n1Cc1ccccc1,0
O=C(CSc1nnc(NC(=O)C2CCC2)s1)Nc1ccc(N2CCOCC2)cc1,0
CCOCCn1c(N2CCN(c3ccc(OC)cc3)CC2)nc2c1c(=O)[nH]c(=O)n2C,0
CCOC(=O)C1CCCN(Cc2nc(N)nc(Nc3ccc(C)cc3)n2)C1,0
C/C(=C(\C#N)C(=O)NCCCN1CCOCC1)N(C)C,0
CCC(=O)Nc1ccc(-c2nnc(-c3ccccc3)o2)cc1,0
CCN(CCNC(=O)CCCn1nc(C)n2c(cc3sccc32)c1=O)c1ccccc1,0
c1ccc(CCN2CCN(c3ncnc4c3cnn4-c3ccccc3)CC2)cc1,0
Cc1ccc2[nH]c3c(=O)n(CCN4CCNCC4)cnc3c2c1,0
CCCN(Cc1cc2cc(C)ccc2[nH]c1=O)C(=O)c1cccc(OC)c1,0
O=C(NCc1ccccc1)c1cc(S(=O)(=O)N2CCC3(CC2)OCCO3)ccc1F,0
CCOC(=O)c1c(C)c(C(=O)Nc2ccc(N(C)C)cc2)c(C)n1CC,0
CCOc1ccccc1NC(=O)CSc1nc(N)c(C#N)cc1C#N,0
CC(C)CCNC(=O)NC(=O)CSc1nnc2ccccn12,0
Cc1occc1-c1nnc(SCC(=O)NCCc2ccccc2)n1C(C)c1ccccc1,0
Nc1nnnn1/N=C/c1cccs1,0
O=C(Nc1ccc(S(=O)(=O)N2CCCCCC2)cc1)c1ccco1,0
COc1ccc(NS(=O)(=O)c2ccc(Oc3ncccn3)cc2)cc1,0
COc1cc2c(cc1OC)CN(C(=O)c1ccccc1C(=O)O)CC2,0
O=C(CCC(=O)c1cccs1)NCCCN1CCCC1=O,0
Nc1ccc(-n2c(N)c(C(=O)NCc3ccc4c(c3)OCO4)c3nc4ccccc4nc32)cc1,0
O=C(NCc1ccccn1)c1n[nH]c2ccccc12,0
CCOC(=O)c1cnc(-n2nc(C)cc2C)nc1Nc1cccc(C(=O)O)c1,0
COc1cc(NC(=O)C2CC=CCC2C(=O)O)c(OC)cc1Cl,0
CCc1nnc(NC(=O)CCN2C(=O)c3ccccc3S2(=O)=O)s1,0
Cc1cccc(S(=O)(=O)Nc2nc3ccccc3nc2NCc2ccco2)c1,0
Cc1cc(C)n2nnnc2c1C#N,0
COC(=O)c1ccccc1NC1c2ccccc2C(=O)N1c1cccnc1,0
O=C(O)CC(c1ccccc1)n1cnnn1,0
Cc1ccc2c(c1)[nH]c1c(=O)n(Cc3ccccn3)cnc12,0
O=C(Nc1ccc2c(c1)OCO2)c1nn(-c2ccccc2)c(=O)c2ccccc12,0
Cc1sc(NC(=O)CSc2nc(N)n(CC(=O)c3ccccc3)n2)c(C#N)c1C,0
C=CCn1c(CCNC(=O)c2ccccc2F)nnc1SCC(=O)Nc1nc(C)cs1,0
c1ccc2c(c1)NC1=c3ccccc3=NC(c3ccncc3)N12,0
COC(=O)c1ccccc1NC(=O)C1CCN(C(=O)c2cc(OC)c(OC)c(OC)c2)CC1,0
COC(=O)CSC1=C(C#N)C(c2ccc(C(C)C)cc2)CC(=O)N1,0
O=C(Nc1ccccc1)N1CCCC2CCCCC21,0
O=C(c1ccco1)N1CCN=C1SCc1ccccc1Cl,0
O=C(Cn1c(=O)[nH]c2ccsc2c1=O)NC1CCCCC1,0
N#Cc1nc(-c2ccccc2Cl)oc1NCc1ccco1,0
Cc1ccc(S(=O)(=O)C2(C(=O)N(C)C3CCCCC3)CC2)cc1,0
N#CC1=C(N)N(c2ccccc2)C(c2ccccc2)C1(C#N)C#N,0
Cc1c(C(=O)N2CC(C)OC(C)C2)oc2ccccc12,0
COc1ccccc1N1CCN(C(=O)Cn2nnc(-c3cccs3)n2)CC1,0
Cc1ccc(OCc2nn3c(-c4n[nH]c5c4CCC5)nnc3s2)cc1,0
CCCCCCn1c(CN2CCN(C)CC2)nc2c1c(=O)n(C)c(=O)n2C,0
O=C(c1ccc(N2C(=O)C3CC=C(Cl)CC3C2=O)cc1)N1CCCCC1,0
CCOC(=O)c1cccc(NC(=O)CS(=O)(=O)Cc2nc(-c3cccc(OC)c3)oc2C)c1,0
CCN(CC)c1nc(C#N)nc(N(CC)CC)n1,0
CS(=O)(=O)NCc1ccc(C(=O)NC2CCCCC2)cc1,0
O=S(=O)(NCc1ccc2c(c1)OCO2)c1cccc2nsnc12,0
CCS(=O)(=O)NCC(c1cccnc1)N1CCN(c2ccccc2F)CC1,0
CC/N=C1/SC(CC(=O)NC2CCCCC2)C(=O)N1CC,0
CC(C)C(C(=O)Nc1ncn[nH]1)N1C(=O)c2ccccc2C1=O,0
Nc1nc(NC(=O)c2ccco2)nn1-c1ccccc1,0
O=C(CC1SC2=NCCN2C1=O)Nc1ccccc1,0
Cn1cccc1CNCCc1ccccc1F,0
Cn1cnc2cc(NC(=O)c3ccco3)ccc21,0
OC(Cn1cccn1)c1ccccc1,0
COc1cccc(Nc2ncc(C(=O)O)c3ccccc23)c1,0
COc1cc2c(cc1NC(=O)CN1CCN(S(=O)(=O)c3ccc(F)cc3)CC1)oc1ccccc12,0
Cc1ccc(N(C(=O)CNC(=O)c2ccco2)C(C(=O)NC2CCCC2)c2cccnc2)cc1C,0
CCOC(=O)C1=C(C)N=C2SC(C)C(=O)N2C1c1ccc(OC(C)=O)c(OC)c1,0
CCc1nnc(NC(=O)c2ccc(S(=O)(=O)N(CC)CC)cc2)s1,0
O=CN1CCN(C(C(=O)NC2CCCC2)c2ccc(Cl)cc2)CC1,0
COc1ccc(C(c2nnnn2CC2CCCO2)N2CCN(c3ccccc3)CC2)cc1,0
Cn1c(COc2ccc(Cl)cc2)nnc1SCC(=O)NC1CCCCC1,0
CCOC(=O)c1ccc(NC(=O)Nc2cc(C)on2)cc1,0
CCC(=O)NC(C)c1nc2ccccc2n1C,0
COc1ccc(N2C(=O)CCC(C(=O)NCc3ccccn3)C2c2ccc(OC)c(OC)c2)cc1,0
CN1C(=O)CSc2ccc(NC(=O)N3CCc4ccccc43)cc21,0
CS(=O)(=O)NCCSc1nnnn1-c1ccccc1,0
Cn1cnnc1SCC(=O)OCN1C(=O)c2ccccc2C1=O,0
Cc1noc(C)c1CSc1ncnc2sc(C)c(C)c12,0
CCOc1ccccc1NC(=O)CSc1nnnn1Cc1ccccc1,0
COc1cc(Cl)c(C)cc1NC(=O)CSc1nc2ccccc2o1,0
N=c1c2c3c(sc2ncn1CCN1CCOCC1)CCCC3,0
COc1cccc(C(=O)Nc2ncc3c(n2)CC(C)(C)CC3=O)c1,0
Cc1cc(Nc2ccc3c(c2)OCCO3)n2nc(C)nc2n1,0
COCCN(C(=O)C(C)C)c1nnc(-c2cccc(C)c2)s1,0
O=C(OCc1nnc(-c2ccc(Cl)cc2)o1)c1ccncc1,0
Cc1ccc(CN(C)C(=O)C2CCCN2C(=O)c2cccs2)o1,0
COc1ccc(-c2c(C#N)c(N)nc3c2CCCC3)cc1OC,0
O=C1CC(c2ccc(S(=O)(=O)N3CCN(c4ccccc4)CC3)cc2)CN1,0
Cn1c(=O)c2cc(S(=O)(=O)NC(C(=O)Nc3cccnc3)c3ccccc3)ccc2n(C)c1=O,0
CCOc1ccc(/C(O)=C2\C(=O)C(=O)N(CCN(C)C)C2c2cccc(OC)c2OC)cc1Cl,0
CC(n1cnnn1)C12CC3CC(CC(C3)C1)C2,0
Cc1cccn2c(=O)c3cc(C(=O)N(C)C)n(C)c3nc12,0
CCN(C(=O)CSc1nc2nc(C)cc(C)n2n1)c1ccccc1,0
CCn1nnc(NC(=O)COc2cc(C)ccc2C(C)C)n1,0
CCn1cc(C(=O)NCC2CCCO2)c(=O)c2cc(F)c(N3CCN(C)CC3)cc21,0
Cc1cc(Cl)ccc1OCC(=O)Nc1ccccc1CO,0
Cc1noc(C)c1CSc1nc2ccccc2n1C,0
CC(C)(C)n1nnc(CCc2nnn(C(C)(C)C)n2)n1,0
COc1ccc(CC(=O)Nc2ccc(-c3noc(-c4cccc(OC)c4)n3)cc2)cc1,0
CC1(C)c2ccccc2N2CC(=O)NC21/C=C/c1ccco1,0
CCOC(=O)C1CCCN(C(=O)c2ccc(CS(=O)(=O)c3ccc(C)cc3)o2)C1,0
CCC1CCCCN1Cc1nc2c(c(=O)n(C)c(=O)n2C)n1CCC(C)C,0
COC(=O)C1=C(C(C)=O)C(c2ccc(C)cc2)N2NN=NC2=N1,0
CC(=O)N(Cc1ccco1)C1(C(=O)NC2CCCCC2)CCCCC1,0
CCn1c(SCC(=O)Nc2ccc(C(C)=O)cc2)nc2ccccc21,0
Cn1c(-c2ccc3nc(N)sc3c2)nc2cc(N)ccc21,0
CCOc1nc(NCCc2ccc(OC)c(OC)c2)nc(NC(C)(C)CO)n1,0
O=C(CSc1nnnn1Cc1ccccc1)c1ccccc1,0
O=C(NC12CC3CC(CC(C3)C1)C2)N1CCC(n2nnc3ccccc32)CC1,0
O=C1c2ccccc2CC1Sc1nnc(-c2ccccn2)o1,0
COC(=O)CSc1nnc(CNc2ccc(OC)cc2)n1C,0
O=C(Nc1ccccc1)c1cnc2n(c1=O)CCS2,0
O=C(Oc1ccc2c(=O)c(Cl)coc2c1)c1ccncc1,0
Cc1cc(C(=O)N2CCc3ccccc32)c2ccccc2n1,0
CN(C(=O)c1cccnc1)C12CC3CC(CC(C3)C1)C2,0
Cc1cc(C(=O)CSC(C)c2nc(=O)c3ccccc3[nH]2)c(C)n1C,0
CC(=O)c1ccc(OCCCC(=O)NCC(c2ccco2)N(C)C)cc1,0
CCc1sc(NC(=O)COC)nc1-c1ccccc1,0
Cc1ccc(N2CCCCn3c2nc2c3c(=O)[nH]c(=O)n2C)cc1,0
CC1=CC(C)(C)N(C(=O)CN2C(=O)c3ccccc3C2=O)c2ccccc21,0
CCCc1cc(C(=O)Nc2ccccc2SC)no1,0
COc1ccccc1OC(=O)C1CC(=O)N(c2ccc(Cl)cc2)C1,0
Cc1cc(C(=O)CSc2nnc(C3COc4ccccc4O3)n2C)c(C)n1-c1ccc(F)cc1,0
CCCOC(=O)Nc1sc2c(c1C(=O)OCC)CCC2,0
CCCN1C(=O)C(O)(C2CC(=O)CC(C)(C)O2)c2ccccc21,0
O=C(C1CCN(CC2CCCCC2)CC1)N1CCCC1,0
CS(=O)(=O)N1CCN(C(=O)c2ccc(-c3ccccc3)cc2)CC1,0
Cc1nnc(SCC(=O)NC2CC2)n1CCc1ccccc1,0
Cc1oc(-c2ccc(Cl)cc2)nc1CN1CCC(C(=O)NCc2ccco2)CC1,0
COC(=O)c1ccc(-n2nnnc2SCc2nn[nH]n2)cc1,0
CN(C)CCNC(=O)COc1cccc(Cl)c1,0
NC(=O)C1CCN(c2ncnc3c(-c4ccccc4)nsc23)CC1,0
CC1(C)NC(=O)N(CC(O)CN2CCCC2)C1=O,0
OCCc1ccc(-c2ccc(Cl)cc2)o1,0
N#CCc1nc(CSc2nc3ccccc3o2)cs1,0
c1ccc(-c2ncnc3nc4n(c23)CCC4)cc1,0
CCOC(=O)c1c(NC(=O)CSc2nnnn2C)sc(C)c1C,0
COCCSc1ccccc1C(=O)NCCCn1ccnc1,0
Cc1csc2ncc(C(=O)NCc3ccc4c(c3)OCO4)c(=O)n12,0
CCOC(=O)c1sc(NC(=O)C2CCCO2)c(C(=O)OC)c1C,0
O=C(CN1C(=O)c2ccccc2S1(=O)=O)Nc1ccccc1C(=O)NCc1ccco1,0
CCCCSCc1[nH]c(=O)[nH]c1C(=O)CCCCC(=O)OCC,0
Cc1cc(C)n(C(=O)CNc2cccc(Cl)c2C)n1,0
C#CCNc1c(C)c(C)nc2ncnn12,0
Cc1nn(-c2ccccc2)c(C)c1C(=O)OCC(=O)Nc1ccc2c(c1)OCO2,0
O=C(C1CC1)N1CCN=C1SCc1ccc(Cl)cc1,0
N#Cc1c(N)sc2c1CCN(C(=O)OCc1ccccc1)C2,0
CCOc1ccc(NC(=O)C2CC(=O)N(c3cc(C)cc(C)c3)C2)cc1,0
C/C=C/Cn1c(SCc2ccc(C)cc2)nc2c1c(=O)[nH]c(=O)n2C,0
CS(=O)(=O)N(Cc1ccc(F)cc1)Cc1nc(=O)c2ccccc2[nH]1,0
COC(=O)c1cccc(NC(=O)C2COc3ccccc3O2)c1C,0
CCOC(=O)N1CCN(c2c(Nc3cc(C)[nH]n3)c(=O)c2=O)CC1,0
O=C(CSc1nnc(-c2ccc(S(=O)(=O)N3CCCC3)cc2)n1CC1CCCO1)NC1CC1,0
Cc1ccc(S(=O)(=O)NCc2cn3ccsc3n2)c(C)c1,0
COC(=O)c1ccc(CSc2ncn[nH]2)o1,0
O=C(CC1Nc2ccccc2NC1=O)NCc1cccnc1,0
CCCn1c(O)c(-c2ccccc2)c(=O)c2ccccc21,0
CCn1c(CN2CCCCCC2=O)nnc1SCc1cnc(-c2ccccc2)s1,0
Cc1cccc(-n2ncc3c(N(C)Cc4ccccc4)ncnc32)c1,0
CCCN(CCC)c1ncnc2nc[nH]c12,0
C#CCOC(=O)c1ccccc1C(=O)N(CC)CC,0
Nc1cc(C(=O)OCC(=O)NCC2CCCO2)ccc1Cl,0
O=c1c2ccccc2nc(CSc2nnnn2-c2ccccc2)n1-c1ccccc1,0
CCCCSc1nc2n(-c3ccc(C)c(C)c3)[nH]cc-2c(=O)n1,0
CS(=O)(=O)Nc1ccc(C(=O)NC2CCCC2)cc1,0
Cc1nc(NC(C)c2ccccc2)c2oc3ccccc3c2n1,0
Cc1ccc(-n2ncc3c(NCc4ccco4)ncnc32)c(C)c1,0
CC1(C)Cc2nc(N)c(C(=O)NCCO)cc2CO1,0
CC(=O)NCCc1csc(-c2ccccc2)n1,0
CCn1c(SCc2ccc(OC)cc2)nnc1-c1ccncc1,0
O=C(c1nc2ncccn2n1)N1CCc2ccccc2C1,0
Cc1ccc(-c2nn[nH]n2)o1,0
Cc1cccc(OCC(O)Cn2c(NCc3cccnc3)nc3c2c(=O)[nH]c(=O)n3C)c1,0
CCc1noc(N)c1C(=O)Nc1ccc(F)c(Cl)c1,0
Cc1cc(=O)oc(C)c1C(=O)NCc1ccc(F)cc1,0
Cc1cc(OCC(=O)Nc2ccc3c(c2)OCCO3)ccc1Cl,0
CCc1[nH]nc2c1C(C(C)C)C(C#N)=C(N)O2,0
N#CCCN(C(=O)Nc1ccc(Cl)cc1)c1ccccc1,0
Cc1ccc(-n2ncc(C#N)c2/N=C/N2CCN(C)CC2)cc1,0
CCN(CC)c1nc(Nc2ccccc2)nc(Oc2ccc(=O)n(C)n2)n1,0
O=C(NCCC1=CCCCC1)c1cnsn1,0
COC(=O)c1[nH]c2cc(OC)ccc2c1NC(=O)CCN1CCN(c2cccc(C)c2C)CC1,0
COc1cccc(-c2nnn(CC(=O)O)n2)c1,0
Cc1cc(C)n2nc(C(=O)Nc3cccnc3)nc2n1,0
Cc1cc(NC(=O)CSCc2nc(-c3cccc(Cl)c3)oc2C)no1,0
Cc1c(NC(=O)CSc2ccccn2)c(=O)n(-c2ccccc2)n1C,0
COC(=O)c1sccc1NC(=O)Cn1nnc(-c2ccc(C)cc2)n1,0
Cc1cc(NC(=O)c2cc(-c3ccccc3)on2)n(-c2ccccc2)n1,0
COc1ccc(OC)c(NC(=O)CSc2nc(=O)c(-c3ccccc3)c(N)[nH]2)c1,0
COc1ccc(CCNC(=O)C2CCN(S(=O)(=O)N3CC(C)CC(C)C3)CC2)cc1OC,0
Cc1ccc(S(=O)(=O)NCC/N=C(\CN2CCCC2)NS(=O)(=O)c2ccc(C)cc2)cc1,0
COc1cc(C)nc(NS(=O)(=O)c2ccccc2)n1,0
Cc1cc(N2CCN(C3CCCC3)CC2)n2c(nc3ccccc32)c1C#N,0
Cn1cnnc1SCC(=O)Nc1ccccc1C(=O)NC1CCCC1,0
Cn1c(=O)c2c(-c3ccccc3)n(C3CCCCC3)cc2n(C)c1=O,0
O=C(NCc1cn2ccsc2n1)c1cccc(C(F)(F)F)c1,0
CC(Sc1nnnn1C)C(=O)Nc1ccc(Oc2ccccc2)cc1,0
CCc1cc(C(=O)OC)c(NC(=O)CCC(=O)O)s1,0
CC1(C)Cc2ccccc2-c2nnc(-c3ccccc3)n21,0
CCCCNC(=O)c1cc2c(-c3ccc(Cl)cc3)nn(C)c2s1,0
O=c1oc(-c2cccs2)nc2c1cnn2-c1ccccc1,0
O=C(CS(=O)(=O)Cc1ccccc1)Nc1nc2ccccc2s1,0
Cc1nn2c(=O)c(NC(=O)c3ccc(F)cc3)cnc2s1,0
Cc1cc(NC(=O)CSc2nnc3c(C)cc4cc5c(cc4n23)OCO5)no1,0
COCCSc1ccccc1C(=O)Nc1nncs1,0
O=C(NC1CCCCC1)N1CCC(c2nc3ccc(Cl)cc3[nH]2)CC1,0
COc1cccc(-n2nnnc2SCC(=O)N2CCCc3ccccc32)c1,0
COc1ccc(C(CNC(=O)COc2ccccc2C#N)N2CCOCC2)cc1,0
COc1ccccc1C1C(C#N)=C(N)Oc2cc(C)n(CCCn3ccnc3)c(=O)c21,0
O=C(NCc1cccs1)c1cc(-c2cccc(Cl)c2)on1,0
O=S(=O)(c1ccc2c(c1)nc1n2CCC1)N1CCOCC1,0
Cc1cc(C)cc(NC(=O)CN(C)S(=O)(=O)c2cnc[nH]2)c1,0
COc1ccc(C2C(C#N)=C(SC)NC3=C2C(=O)CC(C)(C)C3)cc1,0
Cc1cccnc1NC(=O)c1c(O)n2c3c(cccc3c1=O)CCC2,0
CCCCN/C=C1/C(=O)NC(=O)N(c2c(C)cc(C)cc2C)C1=O,0
C#CCNc1nc(CC)nc2c1nnn2Cc1ccccc1F,0
COc1ccc(C(=O)CSc2nnc(Cc3ccccc3)o2)cc1,0
Cn1c(SCC(=O)c2ccccc2)nc2cccnc21,0
Cc1cc(C)nc(SCC(=O)N2CCC(C(N)=O)CC2)n1,0
CCc1ccc(C2CC(=O)N3CN(c4ccccc4)CSC3=C2C#N)cc1,0
Cc1nnc(SCc2cccc(Oc3ccccc3)c2)n1N,0
Cc1ccc(S(=O)(=O)N(CC(=O)O)Cc2ccccc2F)cc1,0
COC(=O)c1ccc(NC(=O)CCN2CCN(c3ccccc3)CC2)cc1,0
COC(=O)c1ccccc1NC(=O)C1CC(=O)N(c2ccccc2)C1,0
Cc1ccc(-c2noc(CSc3nnnn3C3CCCCC3)n2)cc1,0
c1ccc2[nH]c(SN3CCOCC3)nc2c1,0
CC1CN(c2oc(COc3ccc(Cl)cc3Cl)nc2C#N)CC(C)O1,0
O=C(OCCOCCNC1=NS(=O)(=O)c2ccccc21)c1ccncc1,0
c1ccc2sc(SCc3ccc(-c4nnco4)cc3)nc2c1,0
CN(C)CCNc1nc(-c2ccco2)c2c(c1C#N)CC(C)(C)OC2,0
Cn1c(=O)c2c(nc(CN3CCC(C(N)=O)CC3)n2Cc2c(F)cccc2Cl)n(C)c1=O,0
COc1ccc(Nc2ncnc3c2cnn3-c2cccc(C)c2)cc1OC,0
CCOC(=O)C1=C(C)NC(=O)NC1c1cccnc1,0
O=C1c2ccccc2C(=O)N1CCCC(=O)N1CCCc2ccccc21,0
Cc1cc(C)nc(N2CCN(c3nc(C)cc(C)n3)CC2)n1,0
COc1ccc(C(=O)N2CCN(S(=O)(=O)c3cc(Cl)ccc3OC)CC2)cc1,0
CCn1nnc(NC(=O)c2cccnc2)n1,0
O=C1c2ccccc2C(=O)N1CCc1nn[nH]n1,0
CC1(C)CC(NS(=O)(=O)c2ccccc2)CC(C)(C)N1,0
Cc1nc2ccccc2c2oc(C(=O)NCCN3CCN(C)CC3)cc12,0
CC(=O)c1c(O)n(C)c(=S)n(-c2ccccc2)c1=O,0
Cc1nc(C)c(-c2csc(NCc3ccccc3)n2)s1,0
O=C(Oc1cccc2cccnc12)c1ccc2c(c1)OCCO2,0
Cc1cccn2c(=O)c(/C=N/Cc3ccccc3)c(NCCO)nc12,0
FC(F)(F)c1cc(-c2ccco2)nc(NCc2cccnc2)n1,0
Cc1nc(SCc2c(F)cccc2Cl)n[nH]1,0
C=CCOc1ccc(/C(O)=C2/C(=O)C(=O)N(CCN3CCOCC3)C2c2ccc(C)cc2)cc1,0
Cc1c(C(=O)N2CC(C)OC(C)C2)sc2nc(-c3ccc(F)cc3)cn12,0
CCOc1ccc(OCc2ccc(C(=O)OCc3ccccn3)o2)cc1,0
Cc1cc(C)n2nc(SCC(=O)Nc3ccc(F)cc3)nc2n1,0
c1cnc(NCCNc2ncccn2)nc1,0
CCc1nnc(NC(=O)CSc2nnc(CSc3nc(C)cc(C)n3)o2)s1,0
Cc1ccc(C)c(-n2nnnc2SCC(=O)NCCC2=CCCCC2)c1,0
Cn1c(SCC(=O)N2CCc3ccccc32)nnc1C1CC1,0
O=C(CN1CCN(C(=O)c2ccco2)CC1)Nc1ccccc1-c1ccccc1,0
CSc1ccc(Cn2nnc(C(=O)NCc3ccccc3)c2N)cc1,0
O=C(Cc1c(F)cccc1Cl)Nc1cccnc1,0
CCOC(=O)Nc1nnc(-c2ccccc2OC)s1,0
CCCOc1ccccc1C1NC(=O)NC(C)=C1C(=O)OCCOC(C)C,0
CCCc1cc(=O)nc(/N=C(\N)Nc2ccccc2)[nH]1,0
CNc1oc(-c2cccs2)nc1C#N,0
CC(NC=C1C(=O)NC(=O)NC1=O)c1ccccc1,0
C=CCC1(CN2CCCCCC2=O)C(=O)NC(=O)NC1=O,0
Cc1ccc(OCc2nnc(SCC(=O)NC3CCCCC3)n2C)cc1,0
COc1ccc(Cl)cc1C(=O)Nn1c(C)nc2ccccc2c1=O,0
CCn1c(SCC(=O)C(C)(C)C)nnc1-c1ccccn1,0
CC1S/C(=C(\C#N)C(=O)NCc2ccco2)N(c2ccc(F)cc2)C1=O,0
CC1(C)Cc2[nH]c(=S)c(C#N)cc2CO1,0
C/N=C1/SC(CC(=O)NCCc2ccc(OC)c(OC)c2)C(=O)N1C,0
Cc1ccc2c(c1)CC1(CN2C)C(=O)NC(=O)N(CCC2=CCCCC2)C1=O,0
Cc1ccc(NC2=NCC(=O)N2Cc2ccc3c(c2)OCO3)cc1,0
Cc1ccc2cc(CCNC(=O)C3CCCC3)c(=O)[nH]c2c1,0
COc1ccc(N2CC(C)Cn3c2nc2c3c(=O)[nH]c(=O)n2C)cc1,0
Cc1cc(NC(=O)CSc2ccc3nnc(-c4ccc(F)cc4)n3n2)no1,0
COc1ccc(CCNC(=O)CSc2nnnn2-c2ccccc2)cc1,0
Cn1c(C(=O)N2CCN(C3CCCCC3)CC2)cc2c(=O)n(C)c3ccccc3c21,0
CCc1ccc(-c2nn[nH]n2)cc1,0
Cc1cccc(NC(=O)CSc2nnc(NC(=O)CN3CCOCC3)s2)c1,0
CN(Cc1nc2ccccc2n1C)S(=O)(=O)c1ccc(F)cc1,0
COc1ccccc1Nc1nc(N)nc(CN2CCN(Cc3ccccc3)CC2)n1,0
COCCSc1nc2c(c(=O)[nH]c(=O)n2C)n1Cc1cccc(C)c1,0
O=C1CCCc2c1cc(C(=O)Nc1ccc(Cl)cn1)c(=O)n2-c1ccccc1,0
Cc1cc(C)n2nc(SCN3C(=O)c4ccccc4C3=O)nc2n1,0
N#Cc1sc2nc(-c3ccccc3)cc(-c3ccco3)c2c1N,0
Cc1cc(C)nc(NC2=NCC(=O)N2c2ccc(Cl)cc2)n1,0
CN(CC(=O)N1CCc2ccccc21)S(=O)(=O)c1cccs1,0
CCCOC(=O)CSC1=C(C#N)C(c2ccccc2Cl)CC(=O)N1,0
O=C(CN1CCC2(CC1)OCCO2)c1c[nH]c2ccccc12,0
O=C(Nc1nnc(-c2ccco2)s1)C1CCCCC1,0
CC(C)CC(=O)N1CCN(Cc2cccc(F)c2)CC1,0
CC(C)(C)n1ncc2c(=O)n(CC(=O)NCc3ccco3)cnc21,0
CCCn1c(SCC(=O)Nc2nc(C)cs2)nnc1-c1cccnc1,0
CCn1c(Cc2ccccc2)nnc1SCC(=O)Nc1nc(C)c(C)s1,0
CC1CC(=O)N(CC(=O)Nc2ccc3c(c2)OCCO3)c2ccccc2S1,0
COc1ccc(-c2ccc(-c3nnc(-c4ccncc4)o3)cc2)cc1,0
O=C(CSc1nnc(CNc2ccc(F)cc2)n1Cc1ccco1)NC1CC1,0
CCN(CC)CCn1c2ccccc2c2cnc(/N=C/N(C)C)c(C#N)c21,0
Cc1ccccc1Cn1ccc(NC(=O)c2onc(C)c2Cl)n1,0
Cc1nnc(NC2(C(F)(F)F)C(=O)Nc3c2c(=O)n(C)c(=O)n3C)s1,0
CCCCCn1c(N2CCN(c3cccc(Cl)c3)CC2)nc2c1c(=O)[nH]c(=O)n2C,0
Cc1ccc(-c2noc(CN3CCC(C(N)=O)CC3)n2)cc1,0
CCn1c(SCC(=O)Nc2cc(NC(C)=O)ccc2OC)nnc1-c1ccncc1,0
CC(=O)CC(C)(C)n1nnc(-c2ccccc2)n1,0
C=CCn1c(N)c(C(=O)NCc2cccnc2)sc1=S,0
CC(=O)c1sc2nc(=O)c(C)nn2c1C,0
CCN(Cc1ccccc1)C(=O)CCc1nc(-c2ccc(C)cc2)no1,0
CCOc1ccc2[nH]c(=O)c(=O)[nH]c2c1,0
COc1cccc(-n2nnnc2SCC(=O)Nc2cccc(C)n2)c1,0
O=C(Nc1nc(-c2ccncc2)cs1)c1ccc(S(=O)(=O)N2CCOCC2)cc1,0
Cc1ccc(NC(=O)c2cnccn2)c(OC(F)F)c1,0
Cc1nc2cc(NC(=O)N3CCC(c4ccccc4)C3)ccc2n1C,0
Cc1c(NC(=O)CN2CCCc3ccccc32)c(=O)n(-c2ccccc2)n1C,0
CCOC(=O)C1CCN(Cc2cn[nH]c2-c2ccc(C)cc2)CC1,0
CC(=O)N(c1ccc(C(C)C)cc1)C1C=CS(=O)(=O)C1,0
c1coc(C2Nc3cccc4cccc(c34)N2)c1,0
O=C(NCc1cccnc1)c1cc(-c2ccccc2)on1,0
O=C(NC1CCCCCC1)C1CCN(C(=O)Cc2ccccc2)CC1,0
c1csc(-c2csc3ncnc(NCCCN4CCOCC4)c23)c1,0
CCOC(=O)c1cc(C(=O)OCC)cc(-n2c(C)cc(C(=O)CN3CCOCC3)c2C)c1,0
Cc1cc(C)c(NC(=O)CN2C(=O)NC3(CCCCC3)C2=O)c(C)c1,0
CCCSc1nc2c(c(=O)[nH]c(=O)n2C)n1C,0
O=C(Nc1ccccc1C(=O)Nc1ccccc1C(=O)NCc1ccco1)c1ccco1,0
COc1cccc(C(=O)Nc2cccc(-c3nc4ncccc4o3)c2C)c1,0
Cc1cccc(Nc2ncc3c(n2)CC(C)CC3=O)c1,0
NC(=O)C1CCN(Cc2nc(-c3ccccc3)no2)CC1,0
CCOC(=O)COc1ccc(C(=O)NC2CCCCC2)cc1,0
Cc1cccc(-n2ncc3c(N(CCO)CCO)ncnc32)c1,0
Cc1cc(N2CCCc3ccccc32)n2ncnc2n1,0
COC(=O)c1[nH]c2ccc(F)cc2c1NC(=O)C1=COCCO1,0
COc1cccc(C2=NOC(C(=O)Nc3cccnc3)C2)c1,0
C=CCn1c(SCC(=O)Nc2ccccc2C)nnc1-c1ccncc1,0
O=C(NCc1cccs1)C1CCCN1C(=O)Nc1ccccc1,0
Cc1onc(-c2ccccc2Cl)c1C(=O)Nc1cccnc1,0
O=C(CN1CCN(c2ncccn2)CC1)c1ccc(F)cc1,0
Cc1cc(/C=N/n2cnnc2)c(C)n1-c1cccc(C(=O)O)c1,0
Cc1cc(N2CCCC2)n2nc(C)c(-c3ccccc3)c2n1,0
Cc1ccccc1-n1c(C)nnc1SCc1nc2ccccc2s1,0
Nc1nonc1C(=O)NCC1CCCO1,0
Cc1onc(-c2ccccc2)c1C(=O)NCC1CCCO1,0
Cn1c(C(=O)NCCCN2CCCC2=O)cc2c(=O)n(C)c3ccccc3c21,0
CCCn1c(CCc2ccccc2)nnc1SCC(=O)N1CCOCC1,0
CC1CCN(C(=O)CSc2ccc3nnc(-c4ccccc4)n3n2)CC1,0
NC(=O)C1CCN(C(=O)c2cnn(-c3ccccc3)c2NC(=O)c2ccco2)CC1,0
Cc1c(Cl)cccc1NC(=O)CSc1nnc(C)n1-c1ccccc1,0
Cc1ccnc(Nc2nc3ccccc3o2)n1,0
O=C(Oc1cccc(-n2cnnn2)c1)C1CCCCC1,0
CC(C)CCn1c(CN2CCN(Cc3ccccc3)CC2)nc2c1c(=O)n(C)c(=O)n2C,0
CC1CCN(C(=O)C2CC(c3ccc(F)cc3)=NO2)CC1,0
Cc1occc1-c1nnc(SCC(=O)Nc2nccs2)n1CCc1ccccc1,0
O=C(CSc1nnc(Cc2ccccc2)o1)NCc1ccco1,0
COc1ccc(CCNC(=O)c2cc3sc(Cl)cc3n2C)cc1OC,0
COc1cccc(C2=NOC(C(=O)N3CCN(Cc4ccccc4)CC3)C2)c1OC,0
COc1cccc(-c2cc(C(=O)Nn3cnnc3)c3ccccc3n2)c1,0
C/C(NC1CCCC1)=C(/C#N)C(N)=O,0
CC1Cc2ccccc2N1C(=O)CCNS(=O)(=O)c1cccc2nsnc12,0
O=S(=O)(Nc1ccccn1)c1ccc(Cl)cc1,0
O=C(c1cc(Cl)cc(Cl)c1)N1CCOCC1,0
O=C(Nc1ccc(Cl)cc1F)C1CCN(S(=O)(=O)c2cccnc2)CC1,0
CNC(=O)N(C1=NCC(C)S1)c1ccc(F)cc1F,0
CCOC(=O)C1CCCN(C(=O)Nc2cccc(Cl)c2)C1,0
O=C(CSc1nnc(-c2ccc(Cl)cc2)n1Cc1ccco1)Nc1ccc2c(c1)OCCO2,0
N=c1ccccn1CC(O)COc1ccccc1,0
Cc1nc2ccccn2c1C(=O)NCCCN1CCOCC1,0
Cc1cc(NS(=O)(=O)c2ccc(Cl)cc2)nn1CC(=O)NCc1ccco1,0
CCCn1c(SCC(=O)Nc2cccc(C)n2)nnc1-c1ccco1,0
CC(C)C(=O)Nc1ccccc1N1CCN(C(=O)c2ccccc2)CC1,0
CCOC(=O)CNC(=O)CSc1nnnn1-c1cc(C)ccc1C,0
O=C(NCc1ccccn1)c1ccc2ccccc2n1,0
COc1cccc2cc(C(=O)N3CCN(C45CC6CC(CC(C6)C4)C5)CC3)c(=O)oc12,0
CC(=O)N1CCN(S(=O)(=O)c2ccc(C)cc2)C1C(C)C,0
Clc1ccc(OCc2nnc(SCc3nc4ccccc4[nH]3)n2Cc2ccco2)cc1,0
COC(=O)c1ccccc1Nc1cc(C)nc2nc(C)nn12,0
CC(Sc1nc(-c2ccccc2)cc(C(F)(F)F)n1)C(=O)N1CCC(C(N)=O)CC1,0
Cn1cnc(S(=O)(=O)Nc2ccc(C(F)(F)F)cc2)c1,0
CC1CCCN(c2nc3ccccc3nc2C(C#N)C(=O)OC2CCCCC2)C1,0
CC1CCN(c2nc3c(c(=O)[nH]c(=O)n3C)n2CCSc2nc3ccccc3o2)CC1,0
O=C(Nc1ccc(Cl)cn1)C1CCCN1S(=O)(=O)c1ccccc1,0
O=C(NCCN1CCOCC1)c1cc(-c2ccc(Cl)cc2)on1,0
COc1ccc(-c2nnc3c4ccccc4c(C)nn23)cc1S(=O)(=O)N1CCN(CCO)CC1,0
CC/N=C1\SCC(=O)N1c1ccc(OC)cc1,0
Cn1c(=O)c2c(nc(NC3CCCCC3)n2CC(O)COc2ccccc2)n(C)c1=O,0
S=C(c1ccc2c(c1)OCO2)N1CCCC1,0
c1ccc2c(c1)nc(-c1ccncc1)n1nnnc21,0
c1cc(-c2nc3ccccc3o2)nc(-c2nc3ccccc3o2)c1,0
Cc1ccccc1OCc1nc(-c2ccccc2)no1,0
C=CC/N=C1\SCC(=O)N1S(=O)(=O)c1ccc(C)cc1,0
O=C(Cc1c[nH]c2ccccc12)Nc1nccs1,0
CCOC(=O)N1CCC(N(C(=O)Nc2ccc(Cl)c(Cl)c2)C(C)CC)CC1,0
COC(=O)c1ccc(CSc2nc3n(-c4ccc(Cl)cc4)[nH]cc-3c(=O)n2)o1,0
COC(=O)CSc1nc(C)cc(Oc2ccccc2)n1,0
Cc1cc(C(=O)CSc2nnnn2C)c(C)n1CCc1ccc(F)cc1,0
CCN(CC)CCCNc1oc(-c2cccc(Cl)c2)nc1C#N,0
CCOC(=O)c1sc(=S)n(Cc2ccccc2)c1N,0
COc1ccc(S(=O)(=O)Cc2ccc(C(=O)N3CCN(c4cccc(C)c4)C(C)C3)o2)cc1,0
CCCCn1c(SCC(=O)NCc2ccco2)nc2ccc(N3CCOCC3)cc2c1=O,0
Cc1ccc(SCc2cc(=O)nc(N3CCN(Cc4ccc5c(c4)OCO5)CC3)[nH]2)cc1,0
COCCn1nnnc1SCC(=O)c1ccc(F)cc1,0
CCCn1c(=O)c2ccccc2n2c(SCc3nc4ccccc4s3)nnc12,0
CCc1nnc(NC(=O)CCC(=O)N2CCN(Cc3cc(F)ccc3OC)CC2)s1,0
c1ccc(C2=Nn3c(nnc3-c3cccnc3)SC2)cc1,0
O=C(NCN1CCCCC1)c1cccnc1,0
Cc1ccc(-n2ncc3c(=O)n(CC#N)cnc32)cc1C,0
CCC(c1nnc(SCC(=O)Nc2ccc(C(=O)Nc3ccccc3OC)cc2)o1)N(C)C,0
Cc1cc(Nc2ccc(F)cc2Cl)n2ncnc2n1,0
Cn1c(=O)[nH]c(=O)c2c1ncn2CCN1CCOCC1,0
CC(C)CC(NC(=O)NCc1ccccc1Cl)C(=O)O,0
COc1cccc(-n2nc(C(=O)O)c3ccccc3c2=O)c1,0
Cc1ccc(-c2nnn(CC(=O)NCCc3ccc4c(c3)OCO4)n2)o1,0
O=C(O)C1CCCCC1C(=O)Nc1ccc(Cl)cc1,0
Cc1cc(NC(=O)c2cnn3cccnc23)no1,0
O=C1CCc2cc(S(=O)(=O)N3CCC(C(=O)Nc4nccs4)CC3)ccc2N1,0
Cc1nc2ccccc2c(=O)n1NC(=O)c1ccccc1Cl,0
Cn1c(C(=O)OCC(=O)NCCc2ccccc2)cc2sccc21,0
Cc1ccc(-c2nnc(Nc3ccccc3)o2)cc1,0
COCc1[nH]nc2c1C(c1c(F)cccc1Cl)C(C#N)=C(N)O2,0
O=C(NCCc1ccccc1)C1CCN(S(=O)(=O)c2cccs2)CC1,0
COc1ccc(C)cc1-n1nnnc1SCc1csc(C)n1,0
CCC1(CC)C(=O)N(C)C(=O)N=C1Nc1ccccc1,0
Cc1ccccc1NC(=O)Cc1nc(CSc2nnc(C3CCCCC3)n2N)cs1,0
Cc1noc(NS(=O)(=O)c2ccc(NC(=O)c3ccoc3C)cc2)c1C,0
CCOc1ccc(-c2nn3c(-c4ccc(F)cc4)nnc3s2)cc1,0
OCn1ncn(-c2ccccc2)c1=S,0
Cc1cccc(-c2c3c(=O)n(C)c(=O)n(C)c3cn2C(C)C)c1,0
COc1cc(C)nc(OCCNS(=O)(=O)c2cc(C)ccc2C)n1,0
CC1CCc2c(sc(NC(=O)c3noc4c3CCCC4)c2C(N)=O)C1,0
COc1cccc(C(=O)N(Cc2nc(-c3ccc(C)cc3)no2)C(C)C)c1,0
O=C(Nc1ccncc1)C1CCCN(S(=O)(=O)c2cccc3cccnc23)C1,0
Cc1ccc(OCC(O)CNS(=O)(=O)c2ccccc2C(=O)O)cc1,0
COc1ccc(Cl)cc1NC(=O)CSc1ncnc2c1oc1ccccc12,0
O=c1[nH]c2sc3c(c2c(=O)n1Cc1ccccc1)CCC3,0
O=C(Cc1ccccc1)N1CCN(Cc2ccccn2)CC1,0
C=CCn1c(SCC(=O)NCC2CCCO2)nnc1C1CCCCC1,0
N#Cc1c(NC(=O)CSc2ncn(-c3ccccc3)n2)sc2c1CCCC2,0
O=c1c2cc3c(cc2[nH]c(=S)n1CCN1CCOCC1)OCO3,0
Cc1c(Cl)cccc1NC(=O)CSc1nnc(CCNC(=O)OC(C)(C)C)o1,0
CCCCN(C)C(=O)c1coc(=O)c2ccccc12,0
O=C1Nc2ccccc2OC1CC(=O)N1CCCC1,0
Cc1cc2nc(SCC(=O)O)nc(C)c2cc1C,0
CCCn1nnc(NC(=O)c2ccccc2Cl)n1,0
CN1C(=O)CC(N2CCC(c3nc4ccccc4[nH]3)CC2)C1=O,0
O=C(CCn1c(=O)oc2ccccc21)Nc1ccon1,0
COc1cc2c(cc1OC)C(c1cccs1)CC(=O)N2,0
C=CCn1cc(C(=O)NCCOC)c(=O)c2cc(S(=O)(=O)N(CC)CC)ccc21,0
CCOC(=O)c1ccc(NC(=O)Cn2nnc(-c3ccc(F)cc3)n2)cc1,0
Cn1c(=O)c2c(nc(Cl)n2Cc2ccncc2)n(C)c1=O,0
Cc1ccc(Cn2nnc3c(=O)n(CC(=O)NCC4CCCO4)cnc32)cc1,0
Cc1cc(NC=C2C(=O)CCCC2=O)no1,0
C=CCn1c(SCc2nc(=O)c3ccccc3[nH]2)nnc1-c1cc2cc(Cl)ccc2o1,0
CCCCNC(=O)C1CC(=O)N(CCC(C)C)C1,0
CCn1c(CN2CCN(C(=O)c3ccco3)CC2)nc2c1c(=O)n(C)c(=O)n2C,0
Cc1nc(SCC(=O)Nc2cc(C)on2)c2c(C)c(C)sc2n1,0
CN(C(=O)C1CCCO1)c1nnc(-c2cnccn2)s1,0
COC1=CC(=O)/C(=C2\NC(N)=NC=C2c2csc(C)n2)C=C1,0
O=C(CCN1C(=O)COc2ccccc21)NCCN1CCOCC1,0
CC(C)C(=O)Nc1ccc(N2CCN(S(C)(=O)=O)CC2)cc1,0
CCOC(=O)C1CCCN(C(=O)c2c(-c3ccccc3Cl)noc2C)C1,0
COc1ccccc1N(CC(=O)NCc1ccccn1)S(C)(=O)=O,0
O=C(O)c1cccc(CN2C(=O)SC(Nc3ccccc3)C2=O)c1,0
O=C(CC1SC(=O)N(c2ccccc2)C1=O)Nc1ccccc1,0
COc1ccc(Cl)cc1Nc1cc(C)nc2nc(C)nn12,0
CCn1c(CNC(=O)COc2c(C)cccc2C)nnc1SCC(=O)Nc1nccs1,0
Cc1ccc(N2CC(C(=O)Nc3ccc(N(C)C)cc3)CC2=O)cc1C,0
CCOC(=O)c1sc(NC(=O)CSc2ncccn2)c(C#N)c1C,0
c1ccc(-c2ccc(-c3nc(-c4cccnc4)no3)cc2)cc1,0
CCOC(=O)CNC(=O)CSc1ncnc2c1cnn2-c1ccc(Cl)cc1,0
COC(=O)c1c(NC(=O)C2CCC2)sc(C(=O)N(C)C)c1C,0
Cc1cc(C)nc(NCCCN2CCOCC2)n1,0
Cc1ccccc1CSc1nnc(-c2cccnc2)n1N,0
CC(=O)Nc1cccc(NS(=O)(=O)Cc2ccc(Cl)cc2)c1,0
Cc1cc(Cl)ccc1OCCCC(=O)NC1CCN(C)CC1,0
COc1ccc(Cn2c(C3CC3)nc3ccc(NC(=O)C4CC4)cc3c2=O)cc1,0
Cc1ccc(CNC(=O)CCCn2c(=O)[nH]c3ccccc3c2=O)cc1,0
COc1ccc(-n2c(Cc3cccn3C)nnc2SCC(=O)Nc2cccc(F)c2)cc1,0
c1ccc(-c2ccccc2-c2nc(-c3cccnc3)no2)cc1,0
CCCn1c(-c2ccc(F)cc2)n[nH]c1=S,0
O=C(O)c1ccc2c(c1)ncn2C1CCCCCC1,0
CCCC(=O)C1=C(c2ccccc2)C(C#N)(C#N)C(C#N)=C1N,0
COCCn1c(SCC(=O)c2[nH]c(C)c(C(C)=O)c2C)nc2ccccc21,0
CCn1c(=O)cc(N2CCC3(CC2)OCCO3)[nH]c1=O,0
COc1cc(NC(=O)c2onc(C)c2Cl)c(OC)cc1Cl,0
NC(=O)c1cc(-c2ccccc2)nc(N2CCCCCC2)n1,0
Cn1c(=O)[nH]c(=O)c2[nH]c(N(Cc3ccccc3)Cc3ccccc3)nc21,0
CCN(CC)CCN1C(=O)c2oc3ccccc3c(=O)c2C1c1ccccc1,0
O=C(NCc1cccnc1)NC1CCCCC1,0
CN1CCN(c2nc(-c3cccnc3)nc3ccccc23)CC1,0
O=C(Cn1nnc(-c2ccccc2F)n1)Nc1cccc2ncccc12,0
CCN(CC)c1nc(Nc2ccc(Cl)cc2)nc(OCC#N)n1,0
O=S(=O)(c1ccc2ccccc2c1)N1CCN(S(=O)(=O)N2CCOCC2)CC1,0
Cn1c(=O)c2cc(NC(=O)c3ccccc3Cl)c(=O)oc2n(C)c1=O,0
CCCOC(=O)CSc1nnc(-c2ccccc2Cl)o1,0
Cc1cc(C)c2cc(CN(CCO)Cc3nnnn3Cc3ccccc3)c(=O)[nH]c2c1,0
CC(C)(C)C(=O)C(Oc1cccc2nonc12)n1cncn1,0
Cc1cccc2cc3c(NC(=O)c4ccccn4)nn(C)c3nc12,0
COc1ccc(NC(=O)c2ccc(-n3nc(C)c[n+]3[O-])cc2)cc1,0
O=C(O)c1ccc(NS(=O)(=O)c2cccc3nsnc23)cc1,0
O=C(CSc1nc2ccccc2[nH]1)N1CCN(c2ccc(F)cc2)CC1,0
COc1ccc2c(CC(=O)Nc3ccc(OC)c(NS(=O)(=O)c4ccc(F)cc4)c3)coc2c1,0
CCOC(=O)c1c(C)c(-c2ccccc2)n(CC(=O)N2CCN(C)CC2)c1C,0
O=C(NCCSCc1c(F)cccc1Cl)c1ccco1,0
COc1ccc(Nc2cc(C)nc3nc(C)nn23)c(OC)c1,0
CSCCC(NC(=O)OC(C)(C)C)c1nnc(SCc2cccc(F)c2)o1,0
CN(C)S(=O)(=O)c1ccc(C(=O)Nc2ccc(F)cc2F)cc1,0
O=S(=O)(c1ccc(Cl)cc1)N1CN2CCN(C2)C1,0
Cc1cc(NC(=O)CCC(=O)N(CCC(C)C)C(C(=O)NC2CCCC2)c2cccnc2)no1,0
COC(=O)c1ccccc1NC(=O)n1cc(C)cn1,0
O=C(CSc1nnnn1-c1ccccc1)Nc1nc(-c2ccccc2)ns1,0
O=S(=O)(c1ccc2c(c1)OCCO2)N1CCC(c2nc3ccc(Cl)cc3[nH]2)CC1,0
O=C(NCCN1CCOCC1)c1ccc2c(c1)ncn2C1CCCCC1,0
CCOCCCNC(=O)c1c(C)[nH]c(C(=O)OCC)c1C,0
CSCCC(NC(=O)c1ccccc1)c1nc(-c2ccccc2)no1,0
CCN1C(=O)CC(N2CCN(c3ccc(Cl)cc3)CC2)C1=O,0
O=C(CSc1ncnc2c1oc1ccccc12)Nc1ccccc1F,0
CCCCNC(=O)c1cc(-c2ccc(OC)c(OC)c2)on1,0
C=CCn1c(SCC(=O)Nc2cc(C)ccc2OC)nnc1-c1ccco1,0
CCOC(=O)CSc1nc2sc3c(c2c(=O)[nH]1)CC(C)(C)OC3,0
O=C(Nc1ccon1)c1ccc(S(=O)(=O)N2CCCCCC2)cc1,0
O=C(O)CCc1ccc(-c2cccs2)n1-c1ccc(C(=O)O)cc1,0
CC(=O)c1c(C)nc2ccccc2c1N,0
CCCc1nnc(NC(=O)c2c(O)n3c4c(cccc4c2=O)CC3)s1,0
Cc1cccc(NC(=O)CN(C)S(=O)(=O)c2ccccc2)n1,0
Cc1cc(Cl)ccc1OCCCC(=O)Nc1cccnc1,0
Cn1c(SCC(=O)Nc2ccc3c(c2)OCCO3)nnc1-c1ccccn1,0
CCOc1ccc(NC(=O)COc2nsnc2N2CCCCC2)cc1,0
Cc1ccc(Nc2cc(-n3nc(C)cc3C)ncn2)c(C)c1,0
Cc1nc(NC2=NCN(Cc3ccco3)CN2)nc2ccccc12,0
CCOC(=O)N1CCN(C(=O)Nc2ccc(Cl)cc2)CC1,0
Cc1cccc(CN2CCN(CC(=O)NCc3ccc(F)cc3)C2=O)c1,0
Cc1nc(N2CCN(C)CC2)c2c(C)c(C(=O)Nc3ccc(F)cc3)sc2n1,0
CC(C)(C)n1nc2c(c1NC(=O)c1cccs1)CS(=O)C2,0
CCc1nc(N)c(C#N)c(-c2ccccc2OC)c1C,0
CCc1ccc(NC(=O)c2cc(C)on2)cc1,0
CC1CCCN(c2nc3c(c(=O)n(C)c(=O)n3C)n2CCSc2nc3ccccc3s2)C1,0
COC(=O)c1c(N2C(=O)CCC2=O)sc2c1CCCC2,0
CCOC(=O)c1ccc(NC(=O)CSc2ncccn2)cc1,0
CC(C)(CO)NCc1ccccc1OCC(=O)Nc1ccccc1,0
Cc1cc(Oc2ccc(=O)n(C)n2)nc(Oc2ccc(=O)n(C)n2)n1,0
O=C(CN1C(=O)COc2ccc(Cl)cc21)N1CCc2ccccc21,0
N#Cc1ccc(CSc2nnc(-c3cccnc3)n2-c2ccccc2)cc1,0
Cc1cc(C)nc(-n2nc(C)c(Oc3ccccc3O)c2C)n1,0
CN(C)c1ccc(C(=S)N2CCOCC2)cc1,0
Cc1nnc(SCC(=O)N2CCN(S(=O)(=O)c3ccc(Cl)cc3)CC2)n(N)c1=O,0
c1ccc2c(c1)OCC(c1nn3c(Cn4nnc5ccccc54)nnc3s1)O2,0
Cc1nnc(NC(=O)C(C)Oc2ccc3c(C)cc(=O)oc3c2)s1,0
O=C1c2ccccc2NC(c2ccncc2)N1c1ccccn1,0
CCn1c(COc2ccc(Cl)cc2)nnc1SCC(=O)Nc1ccc2c(c1)OCO2,0
CCCCOC(=O)n1c(=O)oc2ccccc21,0
Cc1cc(=O)nc(SCc2nc3ccccc3n2Cc2ccccc2)[nH]1,0
CCOC(=O)C1CCN(C(=O)Nc2ccc3snnc3c2)CC1,0
Cc1cc(C(=O)CSc2nnc(Nc3ccccc3F)s2)c(C)n1CC1CCCO1,0
COC(=O)c1ccc(C2CC(=O)Nc3cc(OC)c(OC)cc32)cc1,0
CCn1ccc(C(=O)Nc2ccc(S(=O)(=O)Nc3ccccc3OC)cc2)n1,0
O=C(CCn1ccc2ccccc21)Nc1ccc(N2CCOCC2)cc1,0
CC(O)c1cccc(NC2=CC(=O)CC(C)(C)C2)c1,0
NC(=O)CSc1nnc(-c2cccnc2)n1CCc1ccccc1,0
COc1ccc(OCCSc2nnc3sc4ccccc4n23)cc1,0
CCOC(=O)c1ccc(NC(=O)Cn2nnc(-c3ccccc3C)n2)cc1,0
Cc1cc(C)c2c(n1)SCC(=O)N2CC(=O)NCCC1=CCCCC1,0
O=C(NCCN1CCN(C(=O)Nc2ccccc2)CC1)Nc1ccccc1,0
CS(=O)(=O)c1ccc2nc(NC(=O)CN3CCN(Cc4ccccc4)CC3)sc2c1,0
COc1cc(NC(=O)C2CCCC2)c(OC)cc1Cl,0
O=C(Nc1ccc(-c2nc3cccnc3s2)cc1)c1ccco1,0
O=c1/c(=C/c2ccccn2)sc2nc3ccccc3n12,0
CCn1c(CSc2nnc3ccccn23)nc2cc(C(=O)O)ccc21,0
CC1(C)Oc2ccc(C(=O)N3CCc4ccccc43)cc2N(CC(=O)N2CCCC2)C1=O,0
Cc1cc(C)n(-c2nc3ccccc3[nH]c2=O)n1,0
Cc1cc(C)nc(-n2nc(C)cc2NC(=O)c2ccc3c(c2)OCO3)n1,0
Cc1nc2c(C)cccn2c1/C(O)=C1\C(=O)C(=O)N(CCN2CCOCC2)C1c1ccncc1,0
Cc1cc(C)n(-c2nc3ccccc3nc2N2CCCCCC2)n1,0
CS(=O)(=O)N(CC(=O)N1CCCC1)c1cccc(Cl)c1,0
COc1ccc(C2=NOC(C(=O)NCc3ccccc3)C2)cc1,0
Cc1noc(C)c1C(=O)NCCc1ccc(Cl)cc1,0
CC1CCN(C(=O)CSc2nnc(Cn3c(=O)sc4ccccc43)n2C)CC1,0
CCCCSc1nc2n(-c3ccc(Cl)cc3)[nH]cc-2c(=O)n1,0
Cc1ccc2c(c1)c(-c1ccccc1)nc1nncn12,0
COc1ccc(-c2nc3cc(NC(=O)c4ccc5c(c4)OCO5)ccc3o2)cc1,0
Cc1cccn2c(=O)c3cc(C#N)/c(=N\C(=O)c4ccncc4)n(Cc4ccco4)c3nc12,0
Cc1ccc2cc(CCNC(=O)c3ccco3)c(=O)[nH]c2c1,0
COc1ccc(N2C(=O)C(Cl)=C(N(CCO)Cc3ccccc3)C2=O)cc1,0
CCOC(=O)CSc1nc(N)c(C#N)c(-c2ccc(OC)cc2)c1C#N,0
COc1ccc2[nH]c(C)c(C(=O)CN(C)C)c2c1,0
CCOC(=O)N1CCC(NC(=O)Cn2ncc3ccccc32)CC1,0
c1ccc(C2(Cn3ccc4ccccc43)OCCO2)cc1,0
Cc1ccc(-n2ncc3c(=O)n(-c4ccc(C)c(C)c4)c(C)nc32)cc1,0
Cc1ccc(C2C(C(=O)c3sc(C)nc3C)=C(O)C(=O)N2CCCN(C)C)o1,0
CCOC(=O)Cc1csc(NC(=O)CSc2nnc(C3CC3)n2C)n1,0
CCNc1nc(NCC)n2c(SCc3nc(=O)c4ccccc4[nH]3)nnc2n1,0
CCOC(=O)c1[nH]c(C)c(C(=O)Nc2cccc(Cl)c2C)c1C,0
COc1ccccc1N1CCN(C(=O)Nc2cccc(C)c2)CC1,0
O=C(Cc1ccccc1)N1CCC(c2nc3ccccc3[nH]2)CC1,0
CC(NCCN1CCNCC1)=C1C(=O)CC(C)(C)CC1=O,0
CCOC(=O)C1C(=O)NC(N2CCCCC2)=NC1c1ccccc1,0
Cc1ccc(C(=O)NCCNC(=O)CN2CCOCC2)cc1,0
N#CN/C(N)=N/c1cccc(Cl)c1,0
CCn1c(=O)cc(NC2=NCC(C)CN2c2cccc(Cl)c2)n(C)c1=O,0
Cc1ccc(OCC(=O)Nc2ccc(-c3nc4ncccc4o3)cc2)cc1,0
COc1cc2c(cc1OC)C(c1cccnc1)CC(=O)N2,0
Cc1ccnc(SCCn2c(N3CCCCC3)nc3c2c(=O)[nH]c(=O)n3C)n1,0
CCOC(=O)N1CCN(C(=O)CN(Cc2ccccc2)S(=O)(=O)c2ccc(OC)c(C)c2)CC1,0
Cc1cccc(N(CC(=O)NC2CCCCC2)C(=O)c2c(C)noc2C)c1,0
Cc1cc(C)nc(Sc2c(C)n[nH]c2C)n1,0
CCN1CCN(C(=O)c2nn(-c3ccc(OC)cc3)c(=O)c3c2c2ccccc2n3C)CC1,0
COc1ccc(-c2noc(CN(C(=O)C(C)(C)C)C(C)C)n2)cc1,0
CC(Sc1nncn1C)C(=O)Nc1ccccc1-c1ccccc1,0
Cc1ccc2oc(=O)c3cnn(CC(=O)N4CCN(c5ccccn5)CC4)c3c2c1,0
Cc1cc(OCC(=O)NCCCN2CCOCC2)cc(C)c1Cl,0
Cc1ccc(C)c(-n2nnnc2SCC(=O)c2ccc3c(c2)NC(=O)CO3)c1,0
COc1ccc(-c2nnc(NC(=O)C(C)C)o2)cc1,0
CCCc1nc2c3cnn(-c4cccc(Cl)c4)c3ncn2n1,0
Cc1ccc(NCCNc2ccc(C)cc2)cc1,0
Cc1nnc(N(Cc2ccco2)C(=O)c2cccc(C#N)c2)s1,0
O=c1c2ccccc2nnn1CSc1nc2sc3c(c2c(=O)n1CC1CCCO1)CCC3,0
Nc1ccc(S(=O)(=O)N2CCCC2)cc1,0
Cc1nn(C(=O)c2ccc3c(c2)OCO3)c(N)c1-c1ccccc1,0
CCCC(=O)NCc1ccc2c(c1)cc(C)n2C,0
CCn1c(SCC(=O)N2CCN(c3ccccc3)CC2)nnc1-c1ccoc1C,0
c1ccc(Nc2nc(-c3cccs3)cs2)nc1,0
Nc1c(C(=O)NCc2ccco2)sc2nc3c(cc12)C(=O)CCC3,0
CN1C(=O)CC(N2CCC(c3nc4ccccc4s3)CC2)C1=O,0
CCc1ccccc1NC1=NCC(=O)N1Cc1ccc2c(c1)OCO2,0
Cc1nn(CC(=O)NCc2ccccc2)c(=O)c2ccccc12,0
CC(C(=O)NC(=O)NC1CCCCC1)N1CCN(c2ccccn2)CC1,0
Cc1ccc(S(=O)(=O)NCCC(=O)N2CCCCC2)cc1,0
O=C(CSc1nnc(-c2cccs2)o1)N1CCCc2ccccc21,0
CC(C)C1N=C2c3ccccc3N=C(SCc3cc(=O)n4cc(Cl)ccc4n3)N2C1=O,0
COc1ccccc1C(c1nnnn1CS(=O)(=O)c1ccc(C)cc1)N1CCSCC1,0
Cc1nc2ccc(NC(=O)Cc3cccs3)cc2s1,0
Cc1ccc2nc(S(=O)(=O)O)[nH]c2c1,0
COCCCNc1nc2c(c(=O)n(C)c(=O)n2C)n1Cc1cccc(OC)c1,0
Cc1ccc(C(=O)CNc2nc3c(c(=O)[nH]c(=O)n3C)n2Cc2ccccc2)cc1,0
COc1ccc(OC)c(S(=O)(=O)N2CCC(C(=O)Nc3cccc(C)c3C)CC2)c1,0
CN(Cc1c(F)cccc1Cl)c1ccc(S(=O)(=O)N2CCOCC2)cn1,0
CCOc1ccc(OCC)c(NC(=O)C2CCN(c3ncccn3)CC2)c1,0
CCCCC(=O)Nc1ccc2c(c1)C(=O)NC2=O,0
Cc1c(NC(=O)C(C)Sc2nc3ccccc3c(=O)n2CCO)c(=O)n(-c2ccccc2)n1C,0
COc1cc2c(cc1OC)CN(S(=O)(=O)c1ccc3c(c1)OCCO3)CC2,0
CCCCOc1ccc(S(=O)(=O)NCc2csc(C)n2)cc1,0
CCCOC(=O)Nc1ccc(S(=O)(=O)Nn2cnnc2)cc1,0
O=C(CSc1nc2ccccc2s1)Nn1cnnc1,0
CCOC(=O)N1CCN(C(=O)c2ccc3c(=O)n(Cc4ccc(Cl)cc4)c(=S)[nH]c3c2)CC1,0
Cc1nc(Cc2nnc(SCc3nc(N)nc(Nc4ccccc4C)n3)o2)cs1,0
O=C(CCn1nnc(-c2cccs2)n1)NCc1ccccc1Cl,0
COc1ccccc1NC(=O)CN(Cc1ccco1)C(=O)c1ccc(-n2nc(C)cc2C)cc1,0
O=C(Nc1cccc(Cl)c1)NC1CCCCC1,0
CCOC(=O)Cc1nnc(NC(=O)COc2ccc(C)cc2)s1,0
Cc1nc2c(-c3ccc(F)cc3)c(C)nn2c(C)c1CCC(=O)N1CCC2(CC1)OCCO2,0
COc1ccc(CN2C(=O)NC(=O)/C(=C\NCCN3CCOCC3)C2=O)cc1,0
CCCc1cc(=O)n2[nH]c(CCc3ccccc3)nc2n1,0
CCC(C)Nc1nc2c(c(=O)n(C)c(=O)n2C)n1Cc1ccc(F)cc1,0
O=c1[nH]c2ccc(Cl)cc2c(=O)n1Cc1ccco1,0
CCOC(=O)C(C)n1cnc2c(cnn2-c2ccc(Cl)cc2)c1=O,0
O=C(NC1CCCCCC1)c1nnc(Cc2ccc(Cl)cc2)o1,0
Cc1cc(C)n2c(SCC(=O)N(C)C3CCS(=O)(=O)C3)nnc2n1,0
NC(=O)CSc1nnc(-c2cnccn2)n1-c1ccccc1,0
O=C(NC1CCS(=O)(=O)C1)c1cn(-c2ccccc2)nc1-c1ccccc1,0
COc1cccc(-n2nnnc2SCC(=O)Nc2cccc(NC(C)=O)c2)c1,0
Cc1c(NC(=O)Cn2cnc3c(=O)n(C)c(=O)n(C)c32)cccc1-c1nc2ccccc2o1,0
COc1cc(OC)cc(C(=O)N2CCC(N3CCN(c4ccccc4)CC3)CC2)c1,0
Cn1nc(-c2ccc(Cl)cc2)c2cc(C(=O)N3CCN(c4ccccc4)CC3)sc21,0
Cc1ccc(CNC(=O)C2CCCN(S(C)(=O)=O)C2)cc1,0
CC1Cc2ccccc2N1S(=O)(=O)c1cccc2nsnc12,0
O=C(c1cccnc1)N1CCCc2ccccc21,0
O=C(COc1ccc(Cl)cc1)N1CCN(c2ncccn2)CC1,0
Cn1c(=O)c2c(ncn2CCCNC2=CC(C)(C)CC(=O)C2)n(C)c1=O,0
COc1cccc(-n2c(Cc3cc(=O)[nH]c(=O)[nH]3)nnc2SCC(=O)NC2CCCCC2)c1,0
COc1cccc(=O)c2c(C)n(C)c(C)c12,0
Cc1ccc(-n2c(Cc3cccn3C)nnc2SCC(N)=O)cc1,0
Cc1nn(Cc2ccccc2)c(N)c1C#N,0
CCCc1cc(Nc2cccc(OCC)c2)n2ncnc2n1,0
O=C(COc1ccc(Cl)cc1)OCC(=O)N1CCCC1,0
CCOC(=O)CSc1ncnc2c1cnn2-c1ccc(C)cc1,0
O=C(c1ccco1)N1CCN(C2=NS(=O)(=O)c3ccccc32)CC1,0
O=C(Nc1nn[nH]n1)c1cccc(Oc2ccccc2)c1,0
CCOC(=O)NC(Nc1nnc(C)s1)(C(=O)OCC)C(F)(F)F,0
COC(=O)c1ccccc1NC(=O)CN(Cc1ccccc1)S(C)(=O)=O,0
CCn1c(C)nc2cc(-c3nc4n(n3)Cc3ccccc3-4)ccc21,0
CCC1Cc2c(nc3nc(C)[nH]c4nc(N5CCOCC5)c(C#N)c2c34)O1,0
CCOC(=O)CSc1nnc(C(CC(C)C)NC(=O)OC(C)(C)C)o1,0
CS(=O)(=O)N1CCCC(C(=O)N2CCc3ccccc3C2)C1,0
OCc1cs/c(=N\c2ccccc2)n1-c1ccccc1,0
Cc1ccc(-c2nc(C(=O)NC3CCCCCC3)no2)cc1,0
COCCCn1c(-c2ccsc2)nc2c1c(=O)[nH]c(=O)n2Cc1ccccc1,0
CCN(CC(=O)NCc1ccccn1)S(=O)(=O)c1ccc(Cl)cc1,0
CCOC(=O)c1[nH]cnc1C(=O)Nc1ccccn1,0
Cc1cnc(C(=O)OCC(=O)Nc2ccc(Cl)cc2)cn1,0
CCC1CCCCN1C(=O)Nc1cccc(NC(=O)N2CCCCC2CC)c1,0
CCOc1ccc(C(C#N)N2CCOCC2)cc1OC,0
Nc1n[nH]c2c1C1(CCCCC1)Cc1ccccc1-2,0
c1nc(COc2nsnc2N2CCOCC2)cs1,0
COC(=O)c1ccc(Nc2cc(C)nc3nc(C)nn23)cc1,0
O=C(CN1CCOCC1)Nc1ccccc1NC(=O)C1CCN(c2ncccn2)CC1,0
O=C(O)CCCCCN1C(=O)CCC1=O,0
CN(C)c1nc(Oc2ccc(=O)[nH]n2)nc(N2CCCCC2)n1,0
Cn1c(SCC(=O)Nc2ccc3c(c2)OCO3)nnc1-c1cnccn1,0
CCCC(=O)N1CCN(c2ccc(NC(=O)c3ccco3)cc2)CC1,0
C=CCOc1ccc(/C=N/n2cncn2)cc1OC,0
Cn1nnnc1Sc1nc(-c2cccnc2)nc2ccccc12,0
CC(=O)/N=C(/Nc1ccc(NC(C)=O)cc1)Nc1nc(C)cc(C)n1,0
Nn1c(SCC(=O)Nc2ccccc2F)nc2ccccc2c1=O,0
CC(=O)Nc1cccc(-c2nnc(-c3ccccc3)o2)c1,0
C=CCn1c(CSc2nc3ccccc3s2)nnc1SCC(=O)NCCN1CCOCC1,0
COc1cc2nc(SCc3c(C)noc3C)n(CCC3=CCCCC3)c(=O)c2cc1OC,0
O=C(NCc1ccco1)C1CCCN(S(=O)(=O)c2ccc(-n3cnnn3)cc2)C1,0
CCOc1ncccc1C(=O)OCC(=O)NCCc1ccc(OC)cc1,0
O=C(CN(C1CCCCC1)S(=O)(=O)c1ccccc1)NCc1cccnc1,0
CCCN1CCC(NC(=O)CC#N)CC1,0
CC1Cc2ccccc2N1C(=O)c1cnsn1,0
O=C(Nc1cccnc1)c1cnn2cccnc12,0
COC(=O)CNC(=O)CNC(=O)Nc1ccccc1,0
COc1ccc(S(=O)(=O)N2CCN(Cc3cccc(Cl)c3)CC2)cc1,0
Clc1ccc(CSc2nnc(-c3ccccn3)n2Cc2ccco2)c(Cl)c1,0
CN(CC(=O)N1CC=C(c2ccccc2)CC1)S(=O)(=O)c1cnc[nH]1,0
CC(C)c1ccc(Nc2nc(NCc3ccco3)nc(N3CCOCC3)n2)cc1,0
CNC(=O)Nc1ccccc1C(=O)NCc1ccccc1,0
Cc1cccc(CSc2nnc(-c3ccco3)n2C)c1,0
O=C(Cc1cc(=O)[nH]c(=O)[nH]1)NCCN1CCOCC1,0
COc1cccc(C(=O)NCc2nnc(SCC(=O)Nc3nccs3)n2-c2ccccc2)c1,0
C=CCNc1sc(C(=O)C2CC2)c(N)c1C#N,0
Cc1nc(SCC(=O)NCc2ccccc2)c2c(=O)n(C)c(=O)n(C)c2n1,0
CCCn1c(O)c(C(=O)Nc2nc(C)cs2)c(=O)c2c1CCCC2,0
NC(=O)CSc1nnc(-c2ccccc2)n1Cc1ccco1,0
CCSc1nc(=O)c(C#N)c(-c2ccccc2)[nH]1,0
Cc1ccc(C(=O)N2CCOCC2)cc1Cl,0
COc1ccc(OCC(=O)Nc2ccccc2C(=O)N2CCCC2)cc1,0
COC(=O)NCC(C)OC(=O)Nc1cccc(Cl)c1,0
c1ccn2cc(CSc3nnc4ccccn34)nc2c1,0
O=C(NCCCN1CCCCCC1)c1ccc(N2CCCC2=O)cc1,0
Nc1ncnc2c1ncn2CCN1CCOCC1,0
O=C(Cn1nc(-c2ccccc2)c2ccccc2c1=O)NCCN1CCOCC1,0
Cc1ccc(N2C(=O)NC(=O)/C(=C\NC3CCCCC3N)C2=O)cc1C,0
COc1cccc(C(=O)Nc2ncc3c(n2)CC(C)CC3=O)c1,0
Nc1nc2nccc(-c3ccc(Cl)cc3)n2n1,0
CCc1ccc(-c2cn3nc(C)c(C)nc3n2)cc1,0
O=C(O)CCCNC1=NCCC1,0
Cc1nc(SCC(=O)Nc2cc(C)on2)c2c(=O)n(C)c(=O)n(C)c2n1,0
O=c1nc(NCc2ccccc2)[nH]c2c1CCC2,0
O=S1(=O)CCN2C(=N1)Sc1c2ccc2c1CCCC2,0
Cn1c(SCc2ccc(C#N)cc2)nnc1-c1ccccc1,0
Cc1cc(NS(=O)(=O)c2ccc(-c3ccccc3)cc2)no1,0
CNC(=O)CSc1nnc(-c2ccco2)n1-c1ccccc1OC,0
c1ccc(-c2nnc3sc(-c4csc5c4CCCC5)nn23)cc1,0
Cc1nn(-c2ccccc2)c2sc(C(=O)O)cc12,0
COC(=O)CC1=C(C(=O)OC)C2(C(=O)N(C)c3ccccc32)C(C#N)=C(N)O1,0
O=C(Cn1[nH]c(=O)c2ccccc2c1=O)Nc1cccc(-c2nnc3n2CCCCC3)c1,0
C#CC(C)(CC)NC(=O)Cn1nnc(-c2ccc(S(C)(=O)=O)cc2)n1,0
CCOCCCNC(=O)c1cc2c(-c3ccc(Cl)cc3)nn(C)c2s1,0
N#Cc1c(N)nc2c(c1-c1cccc(O)c1)CCCCCC2,0
Nc1ccc(-c2nc3ccc(N)cc3o2)cc1,0
O=C(CSc1ncnc2c1oc1ccccc12)NCC1CCCO1,0
CC(C)(C)n1ncc2c(=O)n(CC(=O)Nc3ccccc3)cnc21,0
COc1cccc(NC(=O)CN2CCN(c3ccc(F)cc3)CC2)c1,0
C/C(Cl)=C\Cn1c(Nc2cccc(C)c2)nc2c1c(=O)n(C)c(=O)n2C,0
Cc1nn2c(CN(C(=O)c3ccco3)c3ccccc3)nnc2c2ccccc12,0
CC(=O)c1c(C(C)=O)c(C)n(NC(=O)c2cccnc2)c1C,0
COc1ccc2nc(N3CCC(C)CC3)c(C#N)cc2c1,0
CCOc1ccccc1-c1nc(-c2cc3ccccc3nc2OC)no1,0
COc1ccc(C2C(C(C)=O)=C(O)C(=O)N2CCO)c(OC)c1,0
COc1ccc(N2CCN(S(=O)(=O)/C=C/c3ccccc3)CC2)cc1,0
Cc1cccc(NC(=O)C2c3ccccc3C(=O)N3CCc4ccccc4C23)n1,0
CC(C)CNC(=O)CSc1nnc(-c2ccccn2)n1Cc1ccccc1,0
CCCC(=O)C1=C(NC)CC(C)(C)C(C(=O)OC)C1=O,0
CC1(C)CC(=O)C=C(NCCN2CCN(C(=O)Cc3ccc(Cl)cc3)CC2)C1,0
COc1ccccc1CNC(=O)CS(=O)Cc1nc(-c2ccccc2C)oc1C,0
CN(C)c1ccc(C(=O)c2ccc(N(C)C)c(N)c2)cc1N,0
CCOC(=O)Cn1c(CN2CCc3ccccc3C2)nc2c1c(=O)n(C)c(=O)n2C,0
COc1ccc(CCNC(=O)CCNS(=O)(=O)c2cccc3nsnc23)cc1OC,0
COc1ccc(OC)c(-c2cc(C(=O)Nc3cc(C)on3)no2)c1,0
COc1ccc(Cl)cc1S(=O)(=O)N1CCN=C1C,0
CC(C)(C)n1ncc2c(=O)n(CC(=O)Nc3ccc4c(c3)OCCO4)cnc21,0
O=C(NCC1CCCO1)C1CCC(=O)N1Cc1ccccc1Cl,0
O=C1/C(=C2/C=C(c3ccco3)NN2)C=Cc2ccccc21,0
COc1ccc(C(=O)Nc2nc3ccccc3[nH]2)cc1OC,0
Cc1cc(=O)nc(SCCOc2ccc(OC(C)C)cc2)[nH]1,0
COc1ccc(-c2cn3cccnc3n2)cc1NC(=O)C1CCCC1,0
CCc1ccc(OC)c(S(=O)(=O)Nc2ccccc2C)c1,0
CSc1nc2nc3c(c-2c2nc[nH]n12)CCCC3,0
O=C(Nc1nccs1)c1cccc(S(=O)(=O)N2CCOCC2)c1,0
CCOC(=O)c1c(C#N)c(SCC(=O)Nc2ccc(OC)cc2)nc2c1CN(CC)CC2,0
O=C(Nc1nnc(CC(=O)N2CCCC2)s1)c1cnccn1,0
CN1CCN(C(=O)c2ccc3c(c2)N(Cc2cccc(Cl)c2)C(=O)c2ccccc2S3=O)CC1,0
c1ccc(OCc2nn3c(-c4ccco4)nnc3s2)cc1,0
CC(=O)Nc1ccc(NC(=O)Cn2cnc3c(cnn3C(C)(C)C)c2=O)cc1,0
Cc1ccccc1Cn1c(=O)c2c(nc3n2CCCN3Cc2ccccc2)n(C)c1=O,0
CCC(C)NC(=O)c1cnc2n(c1=O)CCS2,0
CCOc1ccc2nc(N3CCC(C(=O)N4CCN(C(=O)c5ccco5)CC4)CC3)sc2c1,0
CCCCN(C)CCCNC(=O)c1ccc2c(c1)NC(=O)C(N1CCOCC1)S2,0
O=C(Nn1nnnc1Nc1ccccc1)C12CC3CC(CC(C3)C1)C2,0
CCN(Cc1ccncc1)C(=O)c1cccs1,0
CC(C)N1CCc2c(sc(NC(=O)c3ccc(S(=O)(=O)N4CCOCC4)cc3)c2C#N)C1,0
COc1cc(/C=N/n2nnnc2N)ccc1OCc1ccc(F)cc1,0
COCCn1c(-c2ccccc2F)n[nH]c1=S,0
C=CCNC(=O)C1CCN(S(=O)(=O)c2ccccc2)CC1,0
CC(C)(C)NC(=O)Cn1nnc(-c2ccc(Cl)cc2)n1,0
CCNC(=O)CCn1nc(-c2ccc(Cl)cc2)c2ccccc2c1=O,0
CSC1=C(C#N)C(c2ccc(C)s2)CC(=O)N1,0
Cn1c(SCC(=O)c2ccc(F)cc2)nnc1-c1cnccn1,0
COCc1nnc(SCC(=O)Nc2cccc(Cl)c2C)n1-c1ccccc1,0
CCOc1ccc(-c2nnc(N(CC)C(=O)C3CCC3)s2)cc1,0
Cc1ccc(C)n1NC1=NC(=O)CS1,0
COc1ccc(NC(=O)C2CCN(C(=O)NCc3ccccc3)CC2)cc1,0
O=C1CN(C(=O)CCCc2c[nH]c3ccccc23)c2ccccc2N1,0
O=C1c2ccccc2NC(c2ccccc2)N1c1ccc(O)cc1,0
CCNC(=O)CC1S/C(=N\c2ccccc2C)N(C)C1=O,0
CCOC(=O)c1cc2c(ccn2-c2ccc(F)cc2)n1CC(=O)N1CCN(C(=O)c2ccco2)CC1,0
Cc1cc(C)n(CC(O)COCc2ccco2)n1,0
O=C(c1ccccc1F)N1CCC(O)(c2cccnc2)CC1,0
CC(=O)C1=C(O)C(=O)N(CCN(C)C)C1c1ccc(Cl)cc1,0
CCN1CCc2c(C#N)c(NCc3ccccc3)nc(NCCO)c2C1,0
CCOc1ccc(NC(=O)C2CCN(C(=O)NCc3ccccc3)CC2)cc1,0
CN1CCN(/C=N/c2sc3c(c2C#N)CCCCC3)CC1,0
CCSc1nc(-c2ccco2)ccc1C#N,0
COc1cccc(C(=O)Nc2c3c(nn2-c2ccccc2C)CS(=O)C3)c1OC,0
COc1ccc2c(c1)c1nc(SCC(C)C)n(CCO)c(=O)c1n2C,0
CCC(Sc1nnnn1C)C(=O)Nc1nccs1,0
CCCCc1nc(N2CCOCC2)c(C#N)c2c1CCCC2,0
O=C(CCNS(=O)(=O)c1cccc2nonc12)NCc1cccs1,0
CCOC(=O)c1c2n(c3c(NCc4ccccc4)ncnc13)CCCC2,0
CCCCOc1ccc(-c2nc(-c3cccnc3)no2)cc1,0
O=C(Cn1cnc2c(cnn2-c2ccccc2)c1=O)N1CCCc2ccccc21,0
Cc1nnc2c(-c3ccccc3)nc3ccccc3n12,0
CCOC(=O)c1nc2nc(C)cc(=O)n2[nH]1,0
O=C(Cc1cccs1)Nn1c(Cc2cccs2)nc2ccccc2c1=O,0
O=C(Cn1cc2c(n1)CCCCC2)NCc1ccccn1,0
CC1(c2ccc3noc(-c4ccc(Cl)cc4)c3c2)OCCO1,0
Cc1cccn2c(=O)c3cc(C#N)c(=O)n(Cc4cccnc4)c3nc12,0
Cc1ccc(C(C(=O)NCc2ccco2)N(Cc2ccco2)C(=O)CNC(=O)c2ccco2)cc1,0
COc1nc(NCCC2=CCCCC2)nc(OC)n1,0
Cc1cc(C)n(C(=O)c2ccc(NC(=O)C3COc4ccccc4O3)cc2)n1,0
Cn1nc(C(=O)OCCN2C(=O)c3ccccc3C2=O)c2ccccc2c1=O,0
Nc1ccc(S(=O)(=O)N2CCCCC2c2cccnc2)cc1,0
O=C(CS(=O)(=O)Cc1ccccc1)Nc1cccnc1,0
O=C1CC(Nc2ccc(N3CCOCC3)cc2)C(=O)N1Cc1ccccc1,0
CCOc1ccc2nc(NC(=O)c3cnccn3)sc2c1,0
CCOC(=O)c1c(C)[nH]c(C(=O)COC(=O)CNC(=O)C2CCCCC2)c1C,0
CN1CCN(S(=O)(=O)c2ccc(-c3ccc(Cl)cc3)cc2)CC1,0
CC(C)(C)NC(=O)NC(=O)COc1ccccc1C#N,0
CCn1c(SCC(=O)Nc2nonc2C)nnc1-c1ccco1,0
O=C(CSc1nc2ccsc2c(=O)n1NC(=O)c1ccccc1)NCc1ccco1,0
Cc1cc(NC(=O)CSc2nnc(C(C)N(C)C)n2Cc2ccccc2)no1,0
c1cc2nnnn2nc1N1CCCCC1,0
Cc1ccc(/N=C2\SCCCN2C(=O)c2ccco2)cc1Cl,0
COc1cccc(NC(=O)Cn2nnc(C(=O)Nc3ccccc3)c2N)c1,0
CCCn1nc(NS(C)(=O)=O)c2cc3cccc(C)c3nc21,0
CCN(CC)C(=O)CS/C(=N\c1ccccc1F)NC#N,0
O=C1CC(N2CCN(C/C=C/c3ccccc3)CC2)C(=O)N1Cc1cccs1,0
Cc1sc2ncn(-n3c(C)ccc3C)c(=O)c2c1C,0
CSc1nc(-c2ccco2)cc(-c2ccccc2)c1C#N,0
CCOC(=O)c1[nH]c(C)c(C(=O)N2CCC3(CC2)OCCO3)c1C,0
Cc1nnc(NC(=O)c2ccc(-c3cccc(C(F)(F)F)c3)o2)s1,0
COc1ccc(C(=O)NCc2nc3ccccc3[nH]2)cc1OC,0
COc1ccc(CC(=O)Nc2cc(C)ccn2)cc1,0
O=C(CSCC(=O)N1CCOCC1)Nc1nc(-c2ccc3c(c2)OCO3)cs1,0
Cc1ccccc1-n1c(N)cc(=O)[nH]c1=S,0
COc1ccc(CCNc2nc3c(c(=O)n(C)c(=O)n3C)n2C)cc1OC,0
N#Cc1c2c(c(NCc3ccco3)n3c1nc1ccccc13)CCC2,0
CCc1c(C)nc2ncnn2c1N1CCCC(C(=O)NCc2ccco2)C1,0
CCCn1c(SCC(=O)Nc2nnc(CC)s2)nc2c1c(=O)n(C)c(=O)n2C,0
CC(=O)NCCOc1nc(N(C)C)nc(N(C)C)n1,0
Cc1cc(C)c2c(c1)c(C)cc1nnc(SCC(=O)NCc3ccco3)n12,0
CCOC(=O)n1c(=O)oc2cc(S(=O)(=O)N3CCOCC3)ccc21,0
COc1cccc(OCc2nc3ccccc3c(=O)n2N)c1,0
O=C(NCC1COc2ccccc2O1)c1ccco1,0
CCOC(=O)c1c(-c2ccc(C)cc2C)csc1NC(=O)CSc1nnnn1C,0
CCCCn1c(SCC(=O)NC(C)(C)C)nnc1-c1ccco1,0
Cn1c(Cc2ccccc2)nnc1SCC(=O)Nc1ccc2c(c1)OCO2,0
Cn1nnnc1SCc1ccc(C(=O)Nc2nccs2)cc1,0
CCc1n[nH]c(=O)n1Cn1c(CC)n[nH]c1=O,0
O=C(c1ccc2c(c1)OCO2)N1CCN(c2ccc(Cl)cc2)CC1,0
O=C(O)CN1C(=O)CCS(=O)c2ccccc21,0
COC(=O)c1cc2c([nH]c3ccccc32)c(C)n1,0
CC(C)Sc1nc2n(-c3ccccc3)[nH]cc-2c(=O)n1,0
CCn1c(SCC(=O)N2CC(=O)Nc3ccccc32)nnc1-c1ccoc1C,0
O=C(CCN1C(=O)C2C3C=CC(C3)C2C1=O)N1CCN(c2cccc(Cl)c2)CC1,0
CCc1ccc(C(=O)CSc2n[nH]c(C)n2)cc1,0
CCCC(=O)NC(C)C(c1cccs1)N1CCN(C)CC1,0
c1ccc2oc(-c3nn4c(Cn5cnc6ccccc65)nnc4s3)cc2c1,0
COC(=O)c1cc2oc(C)cc2n1CC(=O)Nc1cc(C)cc(C)c1,0
CNC(=O)CN1C(=O)CSc2nc(C)cc(C)c21,0
C=CC(C)Sc1nc2c(c(=O)n(C)c(=O)n2C)n1Cc1ccccc1Cl,0
Cc1cc2ccccc2nc1SCC(=O)N1CCCC1,0
Cc1ccccc1OCC(=O)N(Cc1nc(-c2ccccc2)no1)C(C)C,0
CCN(CCCNC(=O)CCn1c(=O)[nH]c2ccccc2c1=O)c1ccccc1,0
O=C(CC1Oc2ccccc2NC1=O)NCCc1ccccc1,0
CN(c1ccccc1C(=O)NCC1CCCO1)S(C)(=O)=O,0
O=C1N=c2ccccc2=C1Nc1ccc(-c2nnc3n2CCCCC3)cc1,0
Cc1nc2cc(NCc3nc4ccccc4n3Cc3ccccc3)ccc2n1C,0
COc1cc(C2C(C(=O)c3ccc(C)o3)=C(O)C(=O)N2Cc2cccnc2)ccc1O,0
CCOC(=O)c1sc(Nc2nc3c(OC)cccc3s2)nc1C,0
COc1cccc(N2CCN(CC(=O)Nc3nnc(-c4ccccc4)s3)CC2)c1,0
O=C(CC1CCCCC1)NCc1cn2ccsc2n1,0
COc1ccccc1N1CCN(c2ncnc3nc[nH]c23)CC1,1
COc1ccc2oc(=O)c(-c3nnc(NCc4ccco4)s3)cc2c1,0
Cc1ccc(Cn2c(C(=O)NCCCN3CCOCC3)cc3sccc32)cc1,0
c1ccc2c(c1)CCCC2NC1=NCCC1,0
COc1ccc(-c2nnc(SCC#N)o2)cc1,0
Cc1ccc(OCCN2C(=O)c3ccccc3C2=O)c(C)c1,0
Cc1nn(C(C)(C)C)c(OC(=O)c2cccs2)c1S(=O)(=O)c1ccccc1,0
Cc1cc2ncn(-c3nnnn3-c3ccccc3)c2cc1C,0
N#CCc1ccc(NC(=O)Nc2cccc(Cl)c2)cc1,0
c1ccc(Cc2nnc3sc(-c4ccco4)nn23)cc1,0
CS(=O)(=O)N(Cc1ccc(C(=O)NCc2ccco2)cc1)c1ccccc1,0
CC(=O)N(Cc1cccnc1)Cc1cc2ccccc2[nH]c1=O,0
O=C(CCCc1nc(-c2ccccc2Cl)no1)NCc1cccnc1,0
O=C(COc1ccc(Cl)cc1)Nc1nnc(-c2ccc3c(c2)CCCC3)o1,0
Cc1cccc(N2CC(=O)N(c3cccc(C)c3)CC2=O)c1,0
Cc1cccc(-c2nc(CN3CCCC(C(=O)NC4CCC(C)CC4)C3)c(C)o2)c1,0
COc1ccc(OC)c(NC(=O)CSc2nnc(CNC(=O)COc3ccc(Cl)cc3)o2)c1,0
COc1ccc(Nc2oc(COc3ccc(Cl)cc3)nc2C#N)cc1,0
COc1ccc(-c2ocnc2C(=O)Nc2ccccc2N2CCCCC2)cc1,0
O=C(CSc1nnc(Nc2ccccc2)s1)NCc1ccco1,0
CCn1cc(C(=O)NCC(=O)OC)c2cc(OC)c(OC)cc2c1=O,0
CC1Oc2ccccc2N(CC(=O)c2cccc(Cl)c2)C1=O,0
Cc1nc(N2CCC(C)CC2)c2c(C)c(C(=O)O)sc2n1,0
c1ccc(Oc2ccc(-n3cnnn3)cc2)cc1,0
CN1CCN(c2nc3nonc3nc2N2CCN(C)CC2)CC1,0
COc1ccccc1NC(=O)CCc1nc(-c2cccs2)no1,0
Cc1ccc(S(=O)(=O)N2CCCC2C(=O)NC2CCCCC2)cc1,0
COc1ccc(-c2nc(N3CCCC3)nc3nn4c(C)cc(C)nc4c23)cc1,0
COC(=O)c1ccccc1NC(=O)NCc1cccnc1,0
CC(NC(=O)CSc1nc(=O)c2ccccc2[nH]1)c1ccccc1,0
CCc1nc2oc(C(=O)c3ccccc3)c(N)c2c2c1COC(C)(C)C2,0
CC(=O)Nc1ccc(NC(=O)Cn2cc3c(n2)CCCC3)cc1,0
Cn1c(=O)n(C)c2cc(S(=O)(=O)NCCc3ccccc3)ccc21,0
C=C(C)Cn1c(NCCOC)nc2c1c(=O)[nH]c(=O)n2C,0
O=C(C1CCN(S(=O)(=O)c2cccc3cccnc23)CC1)N1CCCC1,0
CCCn1nc(C(=O)NCc2ccccn2)c2ccccc2c1=O,0
CC1CC1C(=O)OCC(=O)NCc1ccccc1Cl,0
C=CCn1c(SCCN2CCOCC2)nc2c1c(=O)[nH]c(=O)n2C,0
Cc1ccc(CC(=O)Nc2nncs2)cc1,0
CC(=O)Nc1ccccc1OCc1nnc(-c2cccs2)o1,0
COc1ccc(Nc2nc(N)nc(CSc3nnnn3C)n2)cc1,0
Cc1cc(C(=O)CSc2nnc(-c3ccccc3)n2C)c(C)n1C,0
N=c1c(C(=O)NCc2ccccc2)cc2c(=O)n3ccccc3nc2n1Cc1ccco1,0
COc1ccc(C(=O)Nc2cc(Cl)ccc2Cl)c(OC)n1,0
O=C(CSCc1ccccn1)Nc1ccccc1,0
c1ccc2sc(N3CCN(Cc4nnnn4CC4CCCO4)CC3)nc2c1,0
c1ccc2oc(CCc3nc4ccccc4o3)nc2c1,0
COc1ccc(N(CC(=O)N2c3ccccc3CC2C)S(=O)(=O)c2c(C)noc2C)cc1,0
O=C(Nc1ccc(Cl)cn1)c1cccnc1,0
CCCC(=O)Nc1cc(=O)nc2nc[nH]n12,0
CC(C)(C)NC(=O)CSc1nnc(-c2ccccn2)n1-c1ccccc1,0
O=C(CN1C(=O)CSc2ccccc21)N1CCc2ccccc21,0
COc1c(O)cccc1-c1nnn(CCC(=O)OCC(=O)c2ccccc2)n1,0
CC1=C(C(=O)Nc2ccccc2)C(c2ccncc2)N2NN=NC2=N1,0
Cc1sc2ncnc(Sc3nnnn3-c3ccccc3)c2c1C,0
COc1ccc(-c2nnnn2C)cc1S(=O)(=O)NCc1ccccc1,0
Cc1n[nH]c(=O)nc1NCc1ccc(Cl)cc1,0
Cc1cc(C)c(NC(=O)CSc2nnc(-c3ccncc3)n2Cc2ccco2)c(Cl)c1,0
COC(=O)c1ccc2c(=O)n(CCN3CCOCC3)c(=S)[nH]c2c1,0
COc1cccc(CNS(=O)(=O)c2cn(C)cn2)c1,0
COCCn1c(-c2ccco2)nc2nc3ccccc3nc21,0
O=S1(=O)N=C(N2CCCc3ccccc32)c2ccccc21,0
Cc1ccc(CNc2cc(-c3nn4c(C)nnc4s3)ccc2C)s1,0
CC1(C)Cc2c(oc3ncn4ncnc4c23)CO1,0
N#Cc1ccccc1NC(=O)COC(=O)CSc1nc2ccccc2o1,0
Clc1ccc(-n2ncc3c(NCc4cccs4)ncnc32)cc1,0
Cn1c(=O)c2c(ncn2CC(=O)N2CCN(c3ccccc3)CC2)n(C)c1=O,0
CC1CCOC2(O1)C(=O)N(CN1CCN(c3ccccc3F)CC1)c1ccccc12,0
CCOc1ccc(/C=N/C23CN4CN(CN(C4)C2)C3)cc1,0
O=C(CSc1ccc2c(c1)OCCO2)NCC1CCCO1,0
CS(=O)(=O)c1cccc(C(=O)Oc2ccccc2)c1,0
COC1(OC)C(N=O)=C(NO)CCC1O,0
Cc1cc(C)n2nc3nc(N4CCCCC4)nc(-c4ccco4)c3c2n1,0
CC1(C)Cc2nc(-c3ccccc3)n3cnnc3c2CO1,0
CCOc1ccc(C2c3c(oc4ccccc4c3=O)C(=O)N2CCCN2CCOCC2)cc1OCC,0
C/C(Cl)=C\Cn1c(Nc2ccc(C)cc2)nc2c1c(=O)n(C)c(=O)n2C,0
COCCOC(=O)c1[nH]c2c(c1C)C(=O)CC(c1ccco1)C2,0
Cc1cccc(-n2c(Cc3cc(=O)[nH]c(=O)[nH]3)nnc2SCC(=O)NCC2CCCO2)c1,0
CCOC(=O)CSc1cc(C)nc(N)n1,0
CC(C)N(Cc1nc(-c2ccccc2)no1)C(=O)COc1ccccc1,0
N#Cc1c(N)nc(-c2ccccc2)nc1-c1ccccc1,0
O=C(N1CCN(c2ccccn2)CC1)N1c2ccccc2Sc2ccccc21,0
Cc1ccc(Oc2nsnc2N2CCOCC2)cc1,0
Cn1c(CN2CCOCC2)nc2cc(NC(=O)c3ccc(Cl)cc3)ccc21,0
O=S(=O)(NCC1CCCO1)c1cccc2nsnc12,0
CC(C)NC(=O)c1n[nH]c(=O)c2ccccc12,0
CCc1ccccc1NC(=O)CN1C(=O)C2CCCN2c2ncc(Cl)cc21,0
CCn1c(N)nc2c1c(=O)n(C)c(=O)n2C,0
COCCNC(=O)C(c1ccccc1)N(C(=O)Cn1nnc2ccccc21)c1cccnc1,0
C=CCN(CC=C)C(=O)CCCCC(=O)N(CC=C)CC=C,0
CCOC(=O)c1cc(-c2nnc(-c3ccc(Cl)cc3)o2)c(C)nc1C,0
CCOc1ccc(N(CC(=O)OC)S(=O)(=O)c2c(C)noc2C)cc1,0
COCCNc1cc(C)nc2c3c(C)cc(C)nc3nn12,0
COc1ccc(-c2nc3cnccn3c2Nc2ccc3c(c2)OCO3)cc1,1
Cc1c(NC(=O)CCc2ccc(S(=O)(=O)N3CCOCC3)cc2)c(=O)n(-c2ccccc2)n1C,0
CC(=O)c1c(C)[nH]c(C(=O)Nc2c(C)n(C)n(-c3ccccc3)c2=O)c1C,0
COCCCNC(=O)c1cc2c(=O)n3cccc(C)c3nc2n(C(C)C)c1=N,0
CCCn1c(N)c(C(=O)CSc2nc3ccccc3n2CCC#N)c(=O)n(C)c1=O,0
c1ccc(C2NCCn3cccc32)cc1,0
Cc1cccc(-n2c(SCC(N)=O)nnc2-c2ccccn2)c1C,0
C1=CCC(/C=N/n2cnnc2)CC1,0
CC(=O)c1sc(NC(=O)CN2C(=O)CCC2=O)nc1C,0
c1ccc(OCc2nnc3sc(-c4ccco4)nn23)cc1,0
O=C1Nc2ccc(S(=O)(=O)NCc3ccco3)c3cccc1c23,0
CCOC(=O)c1c(NC(=O)CSc2nnnn2CC)sc(C)c1C,0
Cc1ccc(N(C)C(=O)N2CCN(S(=O)(=O)c3ccc(C)cc3)CC2)cc1,0
COc1ccc(-n2c(=O)c3c4c(sc3n3cnnc23)CC(C)CC4)cc1,0
Cc1cccc(NC(=O)c2cnc3sccn3c2=O)c1,0
COc1cc2c(cc1NC(=O)CCCN1C(=O)CCC1=O)oc1ccccc12,0
COc1cc(C(=O)Nc2cc(C)c(OCC(=O)N3CCOCC3)c(C)c2)cc(OC)c1OC,0
COCCn1c(=O)[nH]c2cc(C(=O)NC3CCCCCC3)ccc2c1=O,0
c1nnc2c3c4c(sc3ncn12)CCCC4,0
CN1C(=O)CC(N2CCN(c3ncccn3)CC2)C1=O,0
OCCNc1nc(C2CC2)nc2c1nnn2Cc1ccccc1Cl,0
Cc1cc(C)c2c(n1)sc1c(N3CCN(CCO)CC3)ncnc12,0
CC(C)(C)NC(=O)CSc1nnc(NC(=O)CCn2cnc3ccccc3c2=O)s1,0
CCOC(=O)c1cnc(SC2CC(=O)N(c3ccc(OC)c(OC)c3)C2=O)nc1N,0
COc1ccc(C)cc1-n1c(-c2ccncc2)n[nH]c1=S,0
CCC(Sc1nc2ccccc2[nH]1)C(=O)Nc1cc(C)on1,0
COc1ccc(-n2c(Cc3cccn3C)nnc2SCC(=O)Nc2ccc(Cl)cc2)cc1,0
Cc1ccc(N2CCN(c3cc(C)nc4nc(C)nn34)CC2)c(C)c1,0
O=C(CSc1c2c(nc3ccc(Cl)cc13)CCCC2)N1CCN(C(=O)c2ccco2)CC1,0
CC(=O)c1cc2c(cc1NC(=O)c1cc(C)nn1-c1ccccc1)OCO2,0
O=C(CCCOc1ccc(Cl)cc1)N1CCOCC1,0
CCC(=O)Nc1c(C(=O)N2CCCCCC2)cnn1-c1ccc(C)c(C)c1,0
COc1cc(CNC(=O)OCC(C)C)cc(OC)c1OC,0
CCc1nnc(SCC(=O)N2CCCc3ccccc32)nc1CC,0
CCOc1nc(-c2ccc(OC)cc2)ccc1-c1noc(-c2ccncc2)n1,0
Cc1cc(=O)nc(SCC(=O)Nc2nnc(CC(C)C)s2)[nH]1,0
O=C(CCC(=O)N1CCCC1)Nc1nnc(C(F)(F)F)s1,0
COC(=O)c1ccc(-n2nnnc2SCC(=O)Nc2ccccc2OC)cc1,0
O=C(Cn1cnnn1)Nc1ccccc1Cc1ccccc1,0
O=C(CN1C(=O)CSC1=O)N1CCc2ccccc2C1,0
CC(=O)C1=C(C)NC(C)=C(C(C)=O)C1c1ccc(-c2ccccc2Cl)o1,0
CCSC1=C(C#N)C2(CCCC2)C(C#N)=C(N)N1,0
Nn1c(CSc2ccccn2)nc2ccccc2c1=O,0
CCOc1ccc(C2CC(=O)NC(SC)=C2C#N)cc1,0
CCOC(=O)CSc1nnc(CCc2nc3ccccc3[nH]2)n1C,0
Cc1ccc(Cl)cc1N1CCN(CCN)CC1,0
CCOC(=O)c1c(C)[nH]c(C(C)=O)c1C,0
COc1ccccc1N1CCN(S(=O)(=O)Cc2ccccc2Cl)CC1,0
O=C(CN1C(=O)CSC1=O)NCc1ccccc1,0
Cc1cccc(NC(=O)CN(C)S(=O)(=O)c2cccc3nsnc23)c1C,0
CN(C)C(=O)COn1c(SCC(=O)N(C)C)nc2ccccc2c1=O,0
Cc1cccc2sc(NC(=O)C3CCCN(S(=O)(=O)c4cccc5nonc45)C3)nc12,0
Cc1ccc(NC(=O)CS(=O)CC(=O)NC2CCN(Cc3ccccc3)CC2)c(C)c1,0
COC(=O)c1cc(OC)c(OC)cc1NC(=O)CCCCCN1C(=O)CCC1=O,0
Cc1csc(NC(=O)c2cnc3ccccn3c2=O)n1,0
COc1ccc(S(=O)(=O)n2nc(OC(=O)c3ccco3)cc2N)cc1,0
Cc1cc(Cl)ccc1OCCCC(=O)N1CCN(C(=O)c2ccco2)CC1,0
COc1ccc(S(=O)(=O)N(C)CC(=O)N2CCC(C)CC2)cc1Cl,0
Cc1ccc(CNc2oc(-c3cccs3)nc2C#N)cc1,0
Cc1nc2ncnn2c(C)c1CCC(=O)NCc1ccco1,0
Cc1nnc(SCC(=O)Nc2ccc3c4c(cccc24)CC3)n1C,0
Cc1nnc(SCC(=O)Nc2ccc(Cl)cn2)n1Cc1ccccc1,0
CCOC(=O)c1ccc(NC(=O)NCc2ccncc2)cc1,0
O=C(NCCc1c[nH]c2ccccc12)c1ccc(-n2cnnn2)cc1,0
COc1ccc2[nH]c3nc(SCc4nnc(-c5ccc(C)cc5)o4)nnc3c2c1,0
C/C(=C1/SC(N2CCOCC2)=NC1=O)c1ccc(Cl)cc1,0
O=C1CC(SCc2nc3ccccc3[nH]2)C(=O)N1c1cccc(F)c1,0
Cc1nc(C)n(CC(O)COc2ccc3c(c2)CCC3)n1,0
COc1ccc(CCCc2nnc(SCC(=O)Nc3nccs3)n2C)cc1C,0
c1ccc(-c2n[nH]c3ccccc23)cc1,0
Oc1ccc(-c2nc3ncccn3c2Nc2ccc3c(c2)OCCO3)cc1,0
CCN(CC)C(=O)C(C)N(C#N)c1nc(NC(C)C)nc(NC(C)C)n1,0
Cn1c(Cc2cccs2)n[nH]c1=S,0
CCOC(=O)Cc1nnc(NC(=O)CSc2nncn2C)s1,0
COC(=O)c1ccc(NC(=O)C2CCCN2S(=O)(=O)c2ccc(OC)cc2)cc1,0
C/N=C(\NC)SC1CC(=O)N(c2ccccc2)C1=O,0
Cc1cccc(NC(=O)c2cccs2)n1,0
CCOC(=O)c1sc2ncn(/N=C/c3ccccn3)c(=O)c2c1C,0
CN(C(=O)C1CCOC1)c1nnc(-c2ccccn2)s1,0
CCCCn1c(CN2CCN(C(=O)OCC)CC2)nc2c1c(=O)[nH]c(=O)n2C,0
Cn1c(SCC(=O)Nc2cccc(O)c2)nnc1-c1ccc(S(=O)(=O)N2CCOCC2)cc1,0
Cc1ccc(C(=O)CSc2nc(=O)cc(N)[nH]2)cc1,0
CC1(C)C2CC=C(CN3CCC(O)CC3)C1C2,0
CCOc1ccccc1NC(=O)COc1cccc(-n2cnnn2)c1,0
Nn1c(SCc2cccc3ccccc23)nnc1-c1ccco1,0
CCOc1ccccc1-n1c(SCC(N)=O)nnc1-c1ccco1,0
COc1ccc(-n2nc3ccccc3n2)cc1,0
COc1ccc(CC(=O)Nc2ccc(-c3nnc(-c4ccccc4)o3)cc2)cc1OC,0
Cc1occc1-c1nnc(SCC(=O)N2CCc3ccccc32)o1,0
CC(=O)c1c(C)[nH]c(C(=O)NCc2ccccc2Cl)c1C,0
CCOc1cc(C#N)c(NC(=O)c2cccnc2)cc1OCC,0
C=CCNC(=O)C1CCCN(S(C)(=O)=O)C1,0
O=S(=O)(c1cccc(-n2cnnn2)c1)N1CCOCC1,0
CCn1c(CNc2ccc(F)cc2)nnc1SCC(=O)N1CCCc2ccccc21,0
COC(=O)c1cc(OC)c(OC)cc1NC(=O)c1c(-c2ccccc2Cl)noc1C,0
CN(C)C(=O)N1CCC(C(=O)NCc2ccc(F)cc2Cl)CC1,0
COCCn1c(Cc2ccccc2)nnc1SCC(=O)NC(C)C,0
CC(=O)N1CC=C2C(C#N)=C(N)C(C#N)(C#N)C(c3ccoc3)C2C1,0
c1cc(CNC2=NCCCCC2)ccn1,0
CCOC(=O)C(N)CSC1CC(=O)N(c2ccc(C(=O)OC)cc2)C1=O,0
Nc1c(C(=O)OCC2CCCO2)c2nc3ccccc3nc2n1-c1ccc2c(c1)OCCO2,0
CC(C)CC(C(=O)Nn1cnnc1)N1C(=O)c2ccccc2C1=O,0
CCCNc1nc2c(c(=O)n(C)c(=O)n2C)n1CCC(C)C,0
Cc1nc2oc3c(NCc4ccccn4)ncnc3c2c2c1COC(C)(C)C2,0
COc1ccc(-c2nnc(SCC(=O)Nc3cc(C)on3)n2C)cc1OC,0
Cc1ccc(-c2nc(=S)c3c(n2CCN2CCOCC2)CC(C)(C)OC3)cc1,0
CCCn1c(SCC(=O)Nc2nonc2C)nnc1-c1ccoc1C,0
CCc1nnc(NC(=O)CSc2nnc(Cc3cccn3C)n2C)s1,0
O=C(Nc1ccccc1N1CCCC1)c1cccnc1,0
CC(C)C(NS(=O)(=O)c1cccs1)C(=O)NCCN1CCN(c2ccccc2)CC1,0
Cc1ccccc1C(=O)NCCNC1=NS(=O)(=O)c2ccccc21,0
O=C(Nc1cc(Cl)ccc1O)C1CCCO1,0
O=C(CCn1nnc(-c2cccs2)n1)NC1CCCCC1,0
O=C(CCn1nnc2ccccc21)N1CCN(c2ccccc2)CC1,0
CCc1nnc(NC(=O)C2CCCN(c3nc(C)cc(C)n3)C2)s1,0
O=c1[nH]c(CSc2nnc(-c3ccco3)n2-c2ccccc2)nc2sc3c(c12)CCC3,0
COC(=O)Nc1nnc(SCc2ccc(C)cc2)s1,0
O=C(NC1CCCC1)C(c1cccs1)N(C(=O)c1ccno1)c1ccccc1,0
CN(C)S(=O)(=O)N(CCN1CCOCC1)Cc1ccccc1F,0
COc1ccc(Cc2nn3c(Cn4nnc5ccccc54)nnc3s2)cc1,0
O=C(CCCn1c(=O)[nH]c2cc(Cl)ccc2c1=O)N1CCC2(CC1)OCCO2,0
Cc1nnc(NC(=O)CCCCCN2C(=O)C3C4C=CC(C4)C3C2=O)s1,0
CSc1ccc(-c2c(C#N)c(N)nc3c2c(C)nn3-c2ccccc2)cc1,0
CCOc1cc(C#N)c(NC(=O)CSc2nnnn2-c2ccc(OC)cc2)cc1OCC,0
O=C(Cc1ccccc1)Nc1nnc(-c2ccco2)s1,0
COCCCNC(=O)Cn1nc(-c2ccc(C)cc2)ccc1=O,0
Cn1c(-n2c(CCN3C(=O)c4ccccc4C3=O)nc3ccccc3c2=O)nc2ccccc21,0
CCS(=O)(=O)n1nc(-c2ccc(C)cc2)nc1N,0
Cc1cccc(-c2nnc(SCC(=O)Nc3ccnn3C(C)C)n2C)c1,0
Cc1nnc(C)n1/N=C/c1ccc(C(C)C)cc1,0
CCOc1cc(C(=O)CSc2nnc(CNc3ccc(Cl)cc3)o2)ccc1NC(=O)CC,0
CCOc1ccccc1NC(=O)CSc1nnc(CNC(=O)c2ccco2)o1,0
CC(=O)c1ccc(OC(=O)c2cccs2)cc1,0
O=C(O)CSc1nnc(-c2ccncc2)n1C1CCCCC1,0
CCC(c1nnnn1Cc1ccccc1)N1CCN(C(=O)c2ccco2)CC1,0
CCOC(=O)c1c(C)[nH]c(C)c1C(=O)CSc1nnnn1-c1ccccc1,0
O=C(Nc1ccccc1Cl)c1cnccn1,0
CC1(C)Cc2c(sc3c2c(=N)n(Cc2ccco2)c(=O)n3Cc2ccc(Cl)cc2)CO1,0
CCc1ccc(Nc2ncc3c(n2)CC(c2ccco2)CC3=O)cc1,0
CCCCCCn1c(N2CCN(c3ccccc3)CC2)nc2c1c(=O)[nH]c(=O)n2C,0
CCn1c(SCC(=O)Nc2nc(C)cs2)nnc1-c1cccnc1,0
Clc1nc2sccn2c1/C=N/n1cnc2ccccc21,0
COc1nc(C#N)nc(N(C)C)n1,0
CCCc1cc(C(=O)Nc2cccc(C(C)=O)c2)no1,0
O=C(COC(=O)c1n[nH]c2ccccc12)NC(=O)NCc1ccco1,0
Cc1nc(NCc2ccco2)c(C#N)c2c1COC(C)(C)C2,0
COc1ccc(OCC(=O)Nc2ccc3c(c2)nc2n3CCSC2)cc1,0
CCOCCn1c(CN2CCN(c3ccccc3)CC2)nc2c1c(=O)n(C)c(=O)n2C,0
O=C(COc1ccccc1Cl)N1CCN(c2ncccn2)CC1,0
C=CCn1c(SCC(=O)c2ccc(O)c(O)c2)nnc1-c1ccccc1OC,0
COC(=O)c1cc2nc(-c3ccccc3)cc(C)n2n1,0
O=C(NCc1ccccn1)c1ccc(NC(=O)c2ccco2)cc1,0
Cc1cccc(-n2ncc3c(NCCN4CCOCC4)ncnc32)c1,0
CCC(C)C(C(=O)Nc1ccc2c(c1)OCO2)N1Cc2ccccc2C1=O,0
c1ccc2c(c1)C(=Nn1cnnc1)c1ccccc1-2,0
COc1ccc2c(c1OC)C(=O)N1c3cccc(Cl)c3C(=O)OC21,0
Cc1nc(NC(=O)CSc2nc3cccnc3n2Cc2ccccc2)sc1C,0
O=C(O)c1ccc(CSc2n[nH]c(-c3ccco3)n2)cc1,0
CC1CCN(CCCn2c(=S)[nH]c3ccccc3c2=O)CC1,0
CC(C)C(NC(=O)OC(C)(C)C)c1nnc(SCc2cccc(F)c2)o1,0
Cc1cccc(Cn2cnc3c(nnn3Cc3ccccc3F)c2=O)c1,0
c1ccc(-c2ccccc2OCCn2cncn2)cc1,0
CN1CCN(c2cc(=O)n(C3CCCCC3)c(=O)[nH]2)CC1,0
O=C(c1ccc(S(=O)(=O)N2CCOCC2)cc1)N1CCN(c2ccccc2)CC1,0
CC(C)(C)C1=Nn2c(nnc2-c2ccccc2F)SC1,0
COc1ccc(-n2c(SCC#N)nc3ccccc3c2=O)cc1,0
CC(=O)Nc1ccc(S(=O)(=O)N2CCN(S(=O)(=O)N3CCCCCC3)CC2)cc1,0
CC(C)C(=O)Nc1cccc(C(=O)NC2CCSC2=O)c1,0
O=C(NC1CCCCC1)C(c1ccco1)N(Cc1cccnc1)C(=O)C1COc2ccccc2O1,0
CCOC(=O)C1C(=O)NC2(C)CC1c1cc(OC)ccc1O2,0
C=C(C)Cn1c(SCC#N)nc2ccccc2c1=O,0
COc1ccc(N/C=C(\C#N)c2nc3ccccc3n2C)c(OC)c1,0
CC(=O)c1ccc(Nc2cc(C)nc3nc(C)nn23)cc1,0
CCN(CC)S(=O)(=O)c1cccc(C(=O)Nc2ccc(C#N)cc2)c1,0
O=C1CCCC(=O)C1=CNc1ccc(O)cc1,0
Cc1cc(C)n(-c2cc(N3CCOCC3)ncn2)n1,0
O=c1nc(CSc2ncc(-c3ccc(F)cc3)n2Cc2ccco2)[nH]c2ccccc12,0
CCOC(=O)c1cc2c(=O)n3ccccc3nc2n(Cc2ccco2)/c1=N/C(=O)c1cccnc1,0
Cc1cccc(N2CCN(C(=O)c3ccncc3)CC2)c1C,0
Cc1ccc2cccc(Oc3nnnn3-c3ccccc3)c2n1,0
Cc1nc(=S)n(-c2ccccc2)[nH]1,0
Cc1nnc(N)nc1C,0
Cn1ccc(C(=O)OCC(=O)c2ccccc2)n1,0
CNc1nc(OC)nc(N2CCOCC2)n1,0
O=C(Nc1ccc(N2CCOCC2)cc1)c1cc2ccccc2o1,0
CN(C(=O)c1ccncc1)c1nnc(-c2ccncc2)s1,0
Cc1cc(C(=O)NCC2CCCO2)n(-c2ccccc2)n1,0
Cc1n[nH]c(SCC(=O)NC(C)c2ccccc2)nc1=O,0
Fc1ccc(NCc2cccnc2)cc1,0
c1ccn2c(CNc3ncnc4sccc34)nnc2c1,0
CCCn1c(SCc2cc(=O)[nH]c3ccccc23)nc2c1c(=O)n(C)c(=O)n2C,0
CCOC(=O)C(CC)n1cnc2c(cnn2-c2ccc(Cl)cc2)c1=O,0
CCc1ccc(CCC(=O)Nc2nnc(CC)s2)o1,0
COc1ccc(Cl)cc1NC(=O)c1ocnc1C,0
CCOC(=O)N1CCN(C(=O)c2ccc3nc4cc(Cl)ccc4c(=O)n3c2)CC1,0
CCOC(=O)N1CCN(Cc2cc(=O)oc3ccc(Cl)cc23)CC1,0
COc1ccc2nc(NC3=NCN(CC4CCCO4)CN3)nc(C)c2c1,0
CCc1ccc(N(C(C)=O)C2C=CS(=O)(=O)C2)cc1,0
N#Cc1c2c(c(=S)n(-c3ccccc3)c1N)CCCC2,0
O=C(O)Cn1cc(C(=O)c2ccco2)c2ccccc21,0
Cc1cc(C)n(C(=O)c2ccncc2)n1,0
Cn1nc(C(=O)Nc2ccc(S(=O)(=O)N3CCCC3)cc2)ccc1=O,0
CCCc1[nH]nc2c1C1(CCOC1C)C(C#N)=C(N)O2,0
Cc1nc2ccc(NC(=O)c3c(-c4ccccc4)noc3C)cc2s1,0
O=C(C1CCCN(S(=O)(=O)c2cnc[nH]2)C1)N(CCc1ccccc1)Cc1ccccc1,0
CC1=CS/C(=C(/C#N)C(=O)N2CCOCC2)N1c1ccccc1,0
COC(=O)CC1=Nc2ccccc2NC(=O)C1,0
CCOC(=O)c1nnn(-c2nonc2N)c1CN(C)Cc1ccccc1,0
Cc1ccc(S(=O)(=O)NC(C)(C)CSc2nncn2N)cc1,0
COc1ccc(-n2nnc3c(SCC(=O)NCc4ccco4)ncnc32)cc1,0
CCOc1ccccc1NC(=O)CSc1nnc(-c2cnccn2)n1C,0
COc1cccc(Nc2nnc(SCC(=O)N3CCOCC3)s2)c1,0
Cc1cc(C)cc(NC(=O)C2CCN(c3nc(C)cc(C)n3)CC2)c1,0
Cc1cc(-n2nnc3ccccc32)nc2ccccc12,0
CNC(=O)c1cc2cccc(OC)c2oc1=O,0
COC(=O)C(C)Sc1nc2n(-c3ccccc3)[nH]cc-2c(=O)n1,0
COc1ccc(NC(=O)CSc2nc(C)cc(C(F)(F)F)n2)cc1,0
CCCCNC(=O)C1CCN(S(=O)(=O)c2cnc[nH]2)CC1,0
Cc1ccc(NC(=O)CSc2nnc(-c3ccc(S(=O)(=O)N4CCOCC4)cc3)n2C)cc1,0
O=C(Nc1cc(N2CCOCC2)ncn1)c1ccccc1,0
CN(CC1CCCO1)S(=O)(=O)c1ccc(C(=O)Nc2nc(-c3ccccn3)cs2)cc1,0
CCCCOC(=O)CSc1nnc(N)s1,0
CN(C(=O)COc1nnc(-c2cccs2)c(-c2cccs2)n1)c1ccccc1,0
CCOC(=O)c1c(CN2CCOCC2)oc2ccc(OC)cc12,0
CCN(c1ccccc1)S(=O)(=O)c1cccc(C(=O)O)c1,0
Cc1nc2ncnn2c(C)c1CCC(=O)Oc1ccccc1,0
O=C(O)c1ccc(NC(=O)C2CC=CCC2C(=O)O)cc1,0
CC1CC(NC(=O)c2cnc3n(c2=O)CCS3)CC(C)(C)C1,0
COc1cc(NC2c3ncccc3C(=O)N2Cc2ccco2)cc(OC)c1,0
c1nc(N2CCCC2)c2[nH]cnc2n1,1
Cn1c(Cn2cnc3ccccc32)nnc1SCc1ccccc1,0
Cc1cccc(OCC(=O)Nc2ccc(N3CCN(S(C)(=O)=O)CC3)cc2)c1,0
Cc1ccc(C)c(N2CCN(C(=O)CCc3nc4ccccc4[nH]3)CC2)c1,0
COc1ccc(N2CCN(Cc3nc4c(c(=O)n(C)c(=O)n4C)n3Cc3cccc(C)c3)CC2)cc1,0
Cn1cnnc1SC(C(=O)c1ccccc1)c1ccccc1,0
COc1ccccc1C1CC(=O)NC(SCC(=O)Nc2ccccc2)=C1C#N,0
Cc1ccc(-c2nc(NC(=O)CSc3nnnn3-c3ccccc3)ns2)cc1,0
CCn1c(=O)cc(SCC(=O)NCC2CCCO2)c2ccccc21,0
COc1cc(/C=N/n2cnnc2)ccc1OCCOc1ccccc1,0
CCC(Sc1ncnc2c1nnn2-c1ccc(F)cc1)C(=O)OC,0
Cc1cccc(Nc2nc(N)nc(CN3CCN(c4ccccc4F)CC3)n2)c1,0
Cc1ccc(NC(=O)C2CC(=O)NC(Nc3cccc(C)c3)=N2)cc1,0
O=C(c1ccco1)N1CCN(Cc2cccc(F)c2)CC1,0
Cc1nc2oc3c(NCc4ccccc4)ncnc3c2c2c1COC(C)(C)C2,0
CCOc1ccccc1-n1nnnc1SCC(=O)Nc1cc(C)on1,0
COc1ccc(CCNC(=O)CN2C(=O)C3(OCCCO3)c3ccccc32)cc1OC,0
O=C1CSC(c2ccccn2)N1c1ccccc1,0
CC1(C)Cc2ccccc2-c2nc(NCCCO)n(-c3ccccc3)c(=O)c21,0
Cc1c(CCC#N)c(N2CCCCC2)n2c(nc3ccccc32)c1C#N,0
COC(=O)CSc1nnc(-c2ccco2)n1Cc1ccco1,0
CN1CC(=O)N=C1NC(=O)C12CC3CC(CC(C3)C1)C2,0
N#CC1=C(N)Oc2nc(-c3ccccc3)[nH]c2C1c1cccnc1,0
c1ccc(CSc2nnc(-c3ccncc3)o2)cc1,0
CSc1nnc(NC(=O)c2cc3ccccc3oc2=O)s1,0
Cc1onc(-c2ccccc2Cl)c1C(=O)Nc1cc(=O)n(C)c(=O)n1C,0
CCCS(=O)(=O)N1CCCC(C(=O)NCc2cccnc2)C1,0
O=S(=O)(Cc1ccccc1Cl)N1CCCCC1,0
Nn1cnnc1SCC(=O)Nc1ccc2c(c1)OCCO2,0
CC(C)C(OC(=O)CN1C(=O)COc2ccccc21)C(=O)NC1CCCC1,0
CCOc1ccccc1OCC(=O)Nc1ccc(S(=O)(=O)Nc2nc(C)cc(C)n2)cc1,0
O=C(Nc1ccc(CN2CCOCC2)cc1)c1cc2ccccc2o1,0
CCCCCc1nnc(NC(=O)Cc2cccs2)s1,0
c1ccc(-c2nnc3sc(CN4CCC5(CC4)OCCO5)cn23)cc1,0
CCOC(=O)c1[nH]c(C)c(C(=O)N2CCN(c3ccccc3)CC2)c1C,0
CCc1nc(N2CCOCC2)c(C#N)c2c1CCCC2,0
NC(=O)C1CCN(CCC(=O)Nc2cccc(Cl)c2)CC1,0
O=C(NCc1cccs1)C1CCCN(c2ncccn2)C1,0
Nc1nnc(SCCOc2ccccc2)s1,0
COc1cccc(C(=O)Nc2ncc3c(n2)CC(c2ccc(OC)cc2OC)CC3=O)c1,0
CC(C)(C)c1[nH]nc2c1C(c1ccccc1OC(=O)N1CCOCC1)C(C#N)=C(N)O2,0
CCCCc1ccc(-c2nc(N)n[nH]2)cc1,0
C#CCOC(=O)CCC(=O)NCCc1ccccc1,0
Nc1nnc2c(n1)CCCC2,0
CCN(CC)S(=O)(=O)c1ccc(NCc2ccccc2)nc1,0
O=C(C(Cc1ccccc1)n1cccc1)N1CCN(C2CCCCC2)CC1,0
Cc1cccc(N(C(=O)Cn2nnc3ccccc32)C(C(=O)NCc2ccco2)c2ccncc2)c1C,0
O=c1c2cnn(-c3ccccc3)c2ncn1Cc1cccnc1,0
COc1cc(-n2c(C)nc3cc(C(=O)NCc4ccco4)ccc32)cc(OC)c1OC,0
N#Cc1cccc(NC(=O)Nc2cccs2)c1,0
COc1cccc(-c2nnc(N(C)C(=O)c3ccno3)s2)c1,0
CCCCOc1ccc(C(=O)Nn2cnnc2)cc1,0
CC(C)(C)n1ncc2c(=O)n(CC(=O)Nc3ccc4c(c3)OCO4)cnc21,0
COc1ccc(NC(=O)NCc2cccn2C)c(OC)c1,0
CCOc1ccc(-n2c(Cc3ccccc3)nnc2SCc2c(C)noc2C)cc1,0
COc1cccc(NC(=O)C2CC(=O)OC23CCOC(C)(C)C3)c1,0
CCc1nnc2c3cnn(-c4ccc(C)c(C)c4)c3ncn12,0
O=C(O)CCc1ccc(-c2cccs2)n1NC(=O)c1ccco1,0
CCOc1ccc(S(=O)(=O)n2nnc3ccccc32)cc1C,0
Cc1cc(N/C=C2/C(=O)N(c3ccc4c(c3)OCO4)C(=O)c3ccccc32)ccn1,0
COC(=O)C(CC(C)C)NC(=O)CSc1nc(=O)c(C#N)c(-c2ccccc2)[nH]1,0
CCCCn1nnnc1SCC(=O)Nc1ccc2c(c1)OCO2,0
CC1(C)C(=O)Nc2ccccc2N1C(=O)COc1ncnc2ccccc12,0
Cc1c(-c2cccs2)[n+](=O)c2c(n1[O-])CCC2,0
c1ccc(Cn2nnc3c(NCCN4CCOCC4)ncnc32)cc1,0
CC(C)Cn1c(N)c(C(=O)COC(=O)C2CCCCC2)c(=O)n(C)c1=O,0
Cc1ccc(NC(=O)CSc2nc3ccccc3c(=O)n2CCCC(=O)N2CCCC2)cc1,0
Cc1ccc(S(=O)(=O)NCC(=O)N2CCCCC2)cc1,0
COC(=O)c1[nH]c2ccc(C)cc2c1NC(=O)Nc1ccccc1OC,0
CCc1cccc(NC(=O)CN(C)S(=O)(=O)c2cnc[nH]2)c1,0
O=C(Nc1ccccc1C(=O)NCCN1CCOCC1)c1ccco1,0
CCCOc1cccc(NC(=O)c2cc(C)oc2C)c1,0
CCS(=O)(=O)N1CCCC(C(=O)NC2CCCCC2C)C1,0
CC1Cn2c(nnc2C(=O)c2ccccc2)S1,0
CC1=Nc2ccccc2N=C(NC(=O)CSc2nnnn2-c2ccccc2)C1c1ccccc1,0
CCC(Oc1ccccc1)C(=O)N1CCC(C(N)=O)CC1,0
C=C(C)CN(CC)C(=O)CSc1nc2ncc(Cl)cc2[nH]1,0
O=C(Nc1c(-c2ccccc2)nc2ccccn12)c1ccco1,0
Cc1ccc(CC2CC(=O)N(c3ccc(Cl)cn3)C2=O)cc1,0
COc1ccc(/C=C/C(=O)Nc2ccccc2C(=O)O)cc1OC,0
COc1ccc(-c2cn[nH]c2N)c(OC)c1,0
N#Cc1c(NC(=O)c2nc3ncccn3n2)sc2c1CCCCC2,0
COc1ccccc1C(=O)N(CN1CCCC1=O)c1cccc(Cl)c1,0
COC(=O)c1c(NC(=O)c2c(C)noc2C)sc2c1CCCCCC2,0
Cc1ccc(S(=O)(=O)n2nc(OC(=O)C(C)(C)C)cc2N)cc1,0
C=C(C)CSc1nc(N)c(C#N)c(-c2ccc(C)cc2)c1C#N,0
COc1cccc(-c2noc(CCC(=O)Nc3cccnc3)n2)c1,0
COc1ccc(-c2nnnn2-c2ccccc2OC)cc1,0
CCC(Sc1nc(=O)cc(N)[nH]1)C(=O)NC(C(=O)OC)c1ccccc1,0
CCn1c(COc2cccc(OC)c2)nnc1SCC(=O)Nc1ccccc1C(=O)OC,0
CCOC(=O)c1ccc2c(c1)nc(SCc1cn3ccsc3n1)n2CC,0
Cc1oc2ccccc2c1-c1cn2c(n1)SCC2,0
COc1ccc(CNC(=O)COC(=O)c2n[nH]c3ccccc23)cc1,0
COc1ccc(-c2nnc(SCC(=O)c3[nH]c(C)c(C(C)=O)c3C)o2)cc1,0
COC(=O)CSc1nnc(-c2ccc(S(=O)(=O)N3CCCCC3)cc2)o1,0
Clc1ccc(-c2nnc(SCc3ccon3)o2)c(Cl)c1,0
Cc1ccc(Cn2nnc(C(=O)Nc3cc(C)ccc3C)c2N)cc1,0
CCN1CCN(C(=O)c2cnn3c(C(F)F)cc(-c4ccc(C)cc4)nc23)CC1,0
C(=C/c1ccccc1)\CSc1nnc(-c2ccncc2)n1Cc1ccco1,0
CC1=C(C#N)C(=O)N(CCCO)C(=O)/C1=N/c1ccc(N(C)C)cc1,0
CC(C)c1cc(C(=O)NCc2ccco2)no1,0
Clc1ccccc1C1=Nn2c(nnc2-c2ccncc2)SC1,0
O=C1c2ccccc2CC1Sc1nnc(-c2ccncc2)o1,0
Cc1ccc2[nH]c3c(N4CCCCCC4)ncnc3c2c1,0
c1ccc(-n2nnnc2-n2ccnc2)cc1,0
CCOC(=O)c1c(C)c(C(=O)N2CCCCCC2)c(C)n1CC,0
CCn1c(SCC(=O)OCc2ccccc2)nc2c1c(=O)n(C)c(=O)n2C,0
Cc1ccc2cc(C)c3nnc(SCC(=O)NCc4ccco4)n3c2c1,0
Nc1ccccc1S(=O)(=O)c1ccccc1N,0
Cc1ccc(OCc2nnc(SCc3cc(=O)[nH]c4ccccc34)o2)cc1,0
CC1=C(C(=O)OC(C)C)C(c2ccccn2)N2NC=NC2=N1,0
Nc1cccc2cnccc12,0
COc1ccc2nc(NC(=O)CSc3nnnn3C3CCCCC3)sc2c1,0
CC1CCN(C(=O)CNC(=O)Cn2ccc3ccccc3c2=O)CC1,0
CCC1=[N+]([O-])C(C)(/C(C)=N/O)N(O)C1(C)C,0
O=C(Nn1cnc2ccccc2c1=O)C1CCCCC1,0
O=c1c2cc(-c3ccccc3)sc2ncn1/N=C/c1ccco1,0
COC(=O)c1ccccc1NC(=O)CN1CCC(n2nnc3cc(C)ccc32)CC1,0
Cc1ccc(-n2nnnc2SC(C)C(=O)Nc2ccc(Cl)cn2)cc1,0
COC(=O)CSC1=C(C#N)C(c2sccc2C)CC(=O)N1,0
Cc1ccc2cc(C#N)c(NCCNC(=O)C3CC3)nc2c1C,0
c1ccc(CNn2c(N3CCOCC3)nc3ccccc32)cc1,0
O=C(NCc1cccnc1)C1c2ccccc2C(=O)N1C1CCCCCCC1,0
COCC(=O)N(Cc1nc(=O)c2ccccc2[nH]1)Cc1cccs1,0
Cc1ccc(CNC(=O)C2CCN(S(=O)(=O)c3c(C)noc3C)CC2)cc1,0
CCN1CCN(C(c2cccs2)C(C)NC(=O)c2c(F)cccc2F)CC1,0
Cc1cccc(C)c1NC(=O)c1ccc(-n2cnnn2)cc1,0
O=C(CSc1nnc(Cc2ccccc2)n1-c1ccc(Cl)cc1)N1CCOCC1,0
Cn1ccnc1Sc1nc2c(c(=O)n(C)c(=O)n2C)n1C,0
CCCCC(=O)Nc1ccc(N2CCN(S(C)(=O)=O)CC2)cc1,0
Cn1c(=O)c2c(nc(N3CCOCC3)n2CC(=O)c2ccccc2)n(C)c1=O,0
Cn1c2ccccc2c2c(C(=O)NCc3ccco3)cn(C3CCCCC3)c(=O)c21,0
Cc1cccc(NC(=O)C2CCN(c3nc(C)cc(C)n3)CC2)c1,0
CS(=O)(=O)NCc1nnc(SCC(=O)NC2CCCCC2)n1-c1ccc(F)cc1,0
Cn1c(=O)c2c(nc(SCc3cc4c(cc3Cl)OCO4)n2C)n(C)c1=O,0
CN(C)c1ccc(CNC(=O)CN(C)S(=O)(=O)c2cccc3cccnc23)cc1,0
CCn1c(SCC(=O)N2CCN(c3ccc(Cl)cc3)CC2)nc2ccccc2c1=O,0
Cc1cc(C)c2c(n1)nn1c(N3CCN(c4ccccn4)CC3)cc(C)nc21,0
O=C(CSc1nccc(=O)[nH]1)N1c2ccccc2CCc2ccccc21,0
COC1=CC(=O)CC(C)C12Oc1c(Cl)c(OC)cc(OC)c1C2=O,0
O=C1CC(c2ccc(F)cc2)Cc2nc(N3CCN(c4ccccc4)CC3)ncc21,0
CC(=O)N1CCN(CCNC=C2C(=O)CC(C)(C)CC2=O)CC1,0
CCC(C)Sc1nc2c(c(=O)[nH]c(=O)n2C)n1CC(O)COc1cccc2ccccc12,0
N#Cc1c(N)c(C(=O)c2ccccc2)n2c1CCC2,0
CC(=O)C1=C(O)C(=O)N(CCCCCC(=O)O)C1c1ccc(N(C)C)cc1,0
CC(NC(=O)Cn1cnnn1)C12CC3CC(CC(C3)C1)C2,0
O=C(CSc1nnc(-c2cccs2)n1Cc1ccco1)Nc1ccc2c(c1)OCO2,0
Cc1nc2ccc(S(=O)(=O)NCC(=O)N3CCCC(C)C3)cc2s1,0
Cn1c(SCC(=O)NC2CCCCCC2)nnc1-c1cccs1,0
CCOC(=O)C1CCCN(C(=O)c2cc(-c3ccccc3)on2)C1,0
COc1ccccc1-n1nc(C(=O)NCc2ccco2)c2ccccc2c1=O,0
CN1CCN(S(=O)(=O)c2ccc(Sc3nc4ccccc4[nH]3)c3nsnc23)CC1,0
Cc1cc(C)c(S(=O)(=O)Nc2cccc3nsnc23)c(C)c1,0
CC(=O)Nc1ccc(-c2nc(C)c(C(C)=O)n2O)cc1,0
COC(=O)c1ccc(NC2(C#N)C(=O)Nc3ccccc32)cc1,0
O=C(OCc1c(Cl)cccc1Cl)c1ccccn1,0
COCCn1c(C)cc(C(=O)COC(=O)c2n[nH]c3ccccc23)c1C,0
Cc1cc2nc(C)c(Cc3ccccc3)c(=O)n2[nH]1,0
Cc1cc(NC(=O)CN2CCN(c3ccccc3O)CC2)no1,0
Cc1csc(NC(=O)c2ccccc2O)n1,0
O=C(O)CCCC(=O)N1CCN(c2cccc(Cl)c2)CC1,0
COc1ccc(S(=O)(=O)N2CCCC2C(=O)Nc2ccc(C(C)=O)cc2)cc1,0
COc1ccc(S(=O)(=O)N2CCN(Cc3ccc(Cl)cc3)CC2)cc1,0
Cc1cc(C)n(CC(=O)N(C2CCCCC2)C2CCCCC2)n1,0
Cc1nn(-c2ccccc2)c2sc(C(=O)n3cccn3)cc12,0
COC(=O)c1ccn(C(=O)c2ccc(Cl)cc2)n1,0
O=C(Nc1nc2ccccc2n1CCN1CCCC1)c1ccc(Cl)cc1,0
CCC(=O)N(Cc1ccc(S(N)(=O)=O)cc1)C1CC(=O)N(c2ccc(OC)cc2)C1=O,0
CCOC(=O)CSc1nnc(-c2ccncc2)o1,0
CCc1ccccc1Nc1nc(=O)[nH]nc1C,0
Cc1cccc(OCc2nc(=O)cc(C)[nH]2)c1,0
O=C(O)CC1NC(=O)N(c2ccccc2)C1=O,0
CC1CC(C)CN(C(=O)Cn2c(=O)n(CCCCC(=O)NCc3ccco3)c(=O)c3ccccc32)C1,0
CC(C)NC(=O)c1ccc2c(c1)nnn2C,0
CCNc1nc(NC(C)C)nc(OCCNS(=O)(=O)c2cc(C)ccc2C)n1,0
COc1ccc(C(=O)NC(=O)CSc2nnc(-c3ccco3)n2-c2ccccc2)cc1,0
Cc1ccc2c(c1)N(CCC(=O)NCCN1CCOCC1)C(=O)CO2,0
O=c1[nH]ncc2c3ccccc3n(Cc3ccc(F)cc3)c12,0
Cn1c(=O)cc(SCC(=O)Nc2ccccn2)c2ccccc21,0
COc1ccc(C2=NCC(CSc3nccc(=O)[nH]3)S2)cc1,0
CCOC(=O)c1cnc(SCC(=O)Nc2sc(C)c(C)c2C#N)nc1N,0
O=C(NC1CCCCC1)C1CCCN(S(=O)(=O)c2cnc[nH]2)C1,0
N#Cc1ccc(CSc2nnc(-c3cnccn3)o2)cc1,0
CCC(=O)N1CCN=C1SCc1ccccc1,0
O=C(O)CCCC(=O)Nc1ccc(C(=O)N2CCCCC2)cc1,0
NC(=O)Cn1nnc(-c2ccc(C(F)(F)F)cc2)n1,0
O=C(Nc1ccc(Cc2ccc(NC(=O)C3CC3)c(O)c2)cc1O)C1CC1,0
CCN1CCN(c2ncc(C(=O)Nc3ccccc3C(=O)OC)c3ccccc23)CC1,0
CCN1CCN(c2ncnc3c2cnn3-c2ccc(C)cc2C)CC1,0
O=C(NC(=O)N1CCN(c2cccc(Cl)c2)CC1)c1ccccc1,0
CCOc1cc2[nH]c(=O)n(CCCCC(=O)NC3CCCCCC3)c(=O)c2cc1OCC,0
Cn1ccnc1-c1nc2ccccc2[nH]c1=O,0
C=CCn1c(SCC(=O)Nc2nc(C)cs2)nnc1C(CO)NC(=O)c1ccccc1,0
CC(C)OC(=O)CSc1nnc(-c2cnccn2)n1-c1ccc(Cl)cc1,0
COC(=O)CCc1c(C)c(C#N)c2nc3ccccc3n2c1N1CCCC1,0
CCOC(=O)CNC(=O)CSc1ncnc2c1cnn2-c1ccc(OC)cc1,0
Cc1csc(NC(=O)CSc2nnc(-c3ccco3)n2C)n1,0
Cc1csc(NC(=O)CSc2nc(=O)c3ccccc3[nH]2)n1,0
COc1ccc(Cl)c(NC(=O)Nc2c(C)n(-c3ccccc3)c(=O)n2C)c1,0
COc1ccc(NC(C)=O)cc1NC(=O)CSc1nnc(-c2cccnc2)n1C,0
COCCN(C(=O)c1csnn1)C(C(=O)NC1CCCCC1)c1cccs1,0
CCOC(=O)c1ccc(N2Cc3cc(C)c(C)cc3C2)cc1O,0
COc1ccccc1OCC(=O)NCCc1nc2ccccc2[nH]1,0
O=C(Nc1ccc(Cl)cc1)C(c1ccccc1)N(CCO)CCO,0
O=C(C1CC(=O)N(c2ccccc2)C1)N1CCN(C2=NS(=O)(=O)c3ccccc32)CC1,0
O=C(CCC1CCCC1)N1CCN(C(=O)c2cccnc2)CC1,0
Cc1noc(C)c1CSc1nnc(-c2ccncc2)n1-c1cccc(Cl)c1C,0
CN1CCN(Cc2nc3c(c(=O)n(C)c(=O)n3C)n2CCc2ccccc2)CC1,0
O=C(CN1CCN(c2nc(-c3ccc(Cl)cc3)cs2)CC1)NCc1ccco1,0
COc1ccc(S(=O)(=O)N2CCCC(C(=O)Nc3ccc(OC)c(OC)c3)C2)cc1,0
O=C(NCc1cccnc1)c1noc2c1CCCC2,0
Cc1cc(C)n(-c2ncc(-c3ccccc3)nn2)n1,0
COC(=O)COc1ccc(S(=O)(=O)NCc2ccco2)cc1Cl,0
Cc1nnc(SCC(=O)Nc2cc(C(F)(F)F)ccc2N2CCOCC2)o1,0
Cn1c(=O)cc(OCC(=O)Nc2ccccn2)c2ccccc21,0
CS(=O)(=O)N1CCCC(C(=O)NCc2ccccn2)C1,0
CC1(C(=O)NCc2cccnc2)CCC(=O)N1Cc1cccs1,0
CC1CCCCN1S(=O)(=O)c1ccc(NC(=O)c2cccc(-n3cnnn3)c2)cc1,0
Cc1cc(NC(=O)CSc2ccc3nnc(-c4ccccn4)n3n2)no1,0
CN(c1ccccc1)S(=O)(=O)c1ccccc1C(=O)Nc1nccs1,0
Cc1cc(NC(=O)c2ccccc2F)n(-c2nc3ccccc3[nH]2)n1,0
COc1ccc2[nH]cc(CCNC(=O)C3CCCNC3=O)c2c1,0
CC(CCc1ccccc1)NC(=O)CSc1nnnn1C,0
Cc1cc(C(=O)Cn2cncn2)c(C)n1CCc1ccc(F)cc1,0
C=CCNC(=O)C1CCN(c2nc(C)cc(-c3ccccc3)n2)CC1,0
COC(=O)CCCCCNc1ccc(C(=O)OC)cc1N,0
CCOc1ccc2nc(NC3=NCN(CC4CCCO4)CN3)nc(C)c2c1,0
CC(=O)Nc1ccc(S(=O)(=O)NCCc2csc(C)n2)cc1,0
CCNc1nc(C)cc(COC)c1C#N,0
COc1ccc(NC(=O)Nc2ccccc2C(=O)N2CCCC2)cc1,0
COc1cccc(CN(C)CC(=O)NC(=O)NCc2ccco2)c1,0
CCSCc1nnc(SCC(=O)c2ccc(OC)cc2)n1C,0
O=C(CSc1nc2ccccc2n1CC(=O)N1CCCC1)Nc1nccs1,0
CC1CCc2nc(NC(=O)c3ccco3)sc2C1,0
O=C1c2ccccc2-c2nccnc21,0
Cc1cccc2c1nc(-c1ccccc1)n1nnnc21,0
CCOC(=O)Cn1nc(-c2ccccc2)nc1-c1ccccc1,0
COc1ccc(OC)c(-n2cnnn2)c1,0
CSc1nc(-c2ccccc2)nc(N2CCN(C)CC2)c1C(C)=O,0
Cc1nnc(NC(=O)c2ccc(C)c(S(=O)(=O)N3CCCCCC3)c2)s1,0
Cc1ccc(OCCCC(=O)Nc2ccc3c(c2)OCO3)cc1,0
COCCSc1nnc(-c2cnccn2)o1,0
C=CCn1c(NC(=O)c2ccccc2)c(C#N)c2nc3ccccc3nc21,0
Cc1cc(C)n2c(SCC(=O)N3CCN(S(=O)(=O)c4ccc(Cl)cc4)CC3)nnc2n1,0
Cc1nn(-c2nc(=O)c(C)n[nH]2)c(C)c1SCC(=O)Nc1ccc(C(C)C)cc1,0
Cc1cc(C)cc(NC(=O)N2CCC(c3nc4ccccc4o3)CC2)c1,0
[O-][n+]1onc2c1CCc1c-2nc(-c2ccccc2)n1OCc1ccccc1,0
NC(=O)c1ccc(-n2nnnc2SCc2ccccc2)cc1,0
Cc1cc(C)nc(N2CCCC(C(=O)Nc3nnc(C)s3)C2)n1,0
COc1ccc2nc3sc(C(=O)N4CCN(C)CC4)cc3cc2c1,0
CN(C)S(=O)(=O)n1cnc(-c2ccccc2)c1-c1ccccc1,0
CCOc1cc(C#N)c(NC(=O)Cn2nnc3ccccc32)cc1OCC,0
COc1ccc(OC)c(C2CC(=O)N3CN(c4cccc(Cl)c4C)CSC3=C2C#N)c1,0
CSc1nncn1/N=C/c1cc(Cl)ccc1F,0
Clc1ccccc1Cn1nnc2c(NCC3CC3)ncnc21,0
O=c1oc2ccccc2n1CCn1c2ccccc2c2nc3ccccc3nc21,0
O=C(Nc1cccc2nsnc12)c1ccc(F)cc1,0
COc1cc(Cc2cnc(N)nc2N)cc(OC)c1OC,0
CCCCn1c(SCC(=O)N2CCCC2)nc2c1c(=O)n(C)c(=O)n2C,0
COc1cccc(NC(=O)c2cccc(OC)c2OC)c1,0
COc1ccccc1NS(=O)(=O)c1cccc2cccnc12,0
COc1cc(NC(=O)Cc2cccs2)ccc1-n1cnnn1,0
COc1ccc2cc3cc(C(=O)NCC4COc5ccccc5O4)oc3nc2c1,0
CC1=C(C(=O)Nc2ccccc2Cl)C(c2ccc(N(C)C)cc2)NC(=O)N1,0
CNc1nc(Oc2ccccc2C(=O)OC)nc(SC)n1,0
CC1CCCN(c2ccc(C(=O)NCc3cccs3)cn2)C1,0
CCn1nnc(NC(=O)c2cc3ccccc3o2)n1,0
CC(C)(C)n1nc2c(c1NC(=O)c1ccc(S(=O)(=O)N3CCCC3)cc1)CSC2,0
CCc1nnc(NC(=O)C2CCN(C(=O)NC3CCCCC3)CC2)s1,0
O=C(NCCc1ccccc1)C1CCN(S(=O)(=O)c2cccc3nsnc23)CC1,0
COc1ccc(/C(C)=N/n2cnnc2)cc1,0
COCc1cc(C)nc(Nc2ccc(C)cc2C)c1C#N,0
CCc1nc(N2CCCC2)c(C#N)c2c1CCCC2,0
Cc1cc(NC(=O)CSCCc2ccncc2)no1,0
Cc1nccc2[nH]c(=O)c(C(=O)NC3CCCCC3C)cc12,0
CC(C)c1ccc(-c2[nH]c(N3CCOCC3)nc(=O)c2C#N)cc1,0
CCN(CC)S(=O)(=O)c1ccc(NC2CCCc3ccccc32)nc1,0
CCCc1cc(N2CCCC(C(=O)Nc3c(OC)cccc3OC)C2)n2ncnc2n1,0
Cc1cccc(Cc2c(C)nc3c(C(=O)NCc4ccco4)cnn3c2C)c1,0
O=C(COc1ccccc1)Nc1ccc(-c2nnc(-c3ccco3)o2)cc1,0
O=C(c1nc(-c2ccccc2)n(-c2ccccc2)n1)N1CCCCCC1,0
O=C(NCc1ccco1)C1CCN(S(=O)(=O)c2ccc(-n3cnnn3)cc2)CC1,0
Cn1c(CSc2ncccn2)nnc1SCC(=O)N1CCCCC1,0
c1ccc(Cn2nnnc2-c2ccco2)cc1,0
COc1ccc(C(=O)NCCSc2ccccn2)cc1,0
COc1ccccc1N(CC(=O)NCCc1ccccc1)S(C)(=O)=O,0
Cc1ccccc1N1C(=O)c2ccccc2C1Nc1cccnc1,0
Cc1[nH]nc2c1C1(CCC3(CC1)OCCO3)C(C#N)=C(N)O2,0
COCCCNC(=O)c1ccc2c(c1)OCO2,0
O=C(CNS(=O)(=O)c1cccs1)N1CCc2ccccc2C1,0
O=C(Nc1sc2c(c1C(=O)NC1CCCCC1)CCC2)c1ccco1,0
C=CCN1C(=O)NC(=O)/C(=C(/C)NC2CC2)C1=O,0
COc1ccc(N(CC(=O)NCc2cccs2)S(=O)(=O)c2c(C)nn(C)c2C)cc1,0
O=C(Nc1ccccn1)C1CCN(S(=O)(=O)c2cccc3nonc23)CC1,0
Cc1cc(C)n2nc(C(=O)N3CCOCC3)nc2n1,0
CCc1nnc(NC(=O)c2ccc(S(=O)(=O)N3CCCCCC3)cc2)s1,0
CC(C)CCn1c(Cl)nc2c1c(=O)n(C)c(=O)n2C,0
CCOC(=O)c1[nH]c2ccc(OC)cc2c1NC(C)=O,0
Cn1c(CNC(=O)Nc2ccccc2Cl)nnc1SCc1ccccc1,0
CCOC(=O)c1[nH]c(C)c(C(=O)N2CCc3ccccc32)c1C,0
Cc1cccc(Nc2ncccc2C(=O)O)c1C,0
CCCN(c1nc(C)cc(OC)n1)S(=O)(=O)c1ccccc1,0
COc1ccc(-n2nc(C(=O)NCc3ccco3)c3c4ccccc4n(C)c3c2=O)cc1,0
COc1cc(NC(=O)c2cc3sccc3n2C)cc(OC)c1,0
O=C(Nc1ccncc1)Nc1ccccn1,0
Cc1ccc(-n2c(C)nc3c(cnn3-c3ccc(F)cc3)c2=O)cc1C,0
Cc1cc(C(=O)N2CCN(S(C)(=O)=O)CC2)cs1,0
CN1CCN(c2oc(-c3ccco3)nc2S(=O)(=O)c2ccccc2)CC1,0
CCOC(=O)c1c(-c2ccc(OC)cc2)nc2nonc2c1N,0
COc1ccc(N2CCN(CCCNC(=O)C3(S(=O)(=O)c4ccc(Cl)cc4)CC3)CC2)cc1,0
O=C(Nc1cccnc1)c1cnc2ccccc2n1,0
CCOc1ccc(C(=O)Nc2c3c(nn2-c2cccc(Cl)c2)CS(=O)C3)cc1,0
CCn1nnnc1SCC(=O)Nc1ccc(OCc2ccccc2)cc1,0
CCOCc1nnc(NC(=O)c2ccco2)s1,0
S=C(Nc1ccccn1)c1ccccn1,0
CCOC(=O)C1=C(N)OC2=C(C(=O)CCC2)C12C(=O)Nc1ccccc12,0
COc1ccc(OC)c(-c2cc(C(=O)NCc3cccs3)no2)c1,0
Cc1cc(NC(=O)c2ccc3nc(C)sc3c2)no1,0
COc1cccc(CNn2c(-c3cccc(C)c3)nc3ccccc3c2=O)c1O,0
Cc1ccc2c(c1)nnn2C1CCN(CC(=O)Nc2cc(C)on2)CC1,0
CCOc1ccccc1N1CCN(C(=O)c2ccccc2)CC1,0
CN1CCN(Cc2nc(N)nc(Nc3ccc4c(c3)OCCO4)n2)CC1,0
CCOC(=O)c1cc2occc2n1CCCN1C(=O)c2ccccc2C1=O,0
Nc1nnc(SCC(=O)Nc2ccccc2N2CCOCC2)s1,0
COc1ccc(-c2nc(CS(=O)CC(=O)NCc3ccc(Cl)cc3)c(C)o2)cc1,0
Cc1cccc(C)c1NC(=O)Cn1c(=O)n(CCCC(=O)NCc2ccco2)c(=O)c2sccc21,0
O=C(CC(C(=O)N1CCc2ccccc21)n1ccnc1)NCc1cccnc1,0
c1ccc(Nc2nc(N3CCOCC3)nc(N3CCOCC3)n2)cc1,0
COc1ccc(-n2nc3c(c2NC(=O)C2CC2)CS(=O)C3)cc1,0
N#Cc1c(-c2ccco2)[nH]c(SCc2ccc(F)cc2)nc1=O,0
Cc1oc(-c2ccc(Cl)cc2)nc1CN1CCC(C(=O)NCc2cccnc2)CC1,0
CC(NC(=O)CSc1ncccn1)c1ccccc1,0
Cc1ccc(-n2nnnc2SCC(=O)Nc2ccccc2N2CCCCC2)cc1C,0
O=C(NC1CCCC1)c1cccnc1N1CCCCCC1,0
O=C(CSc1nnc2ccccn12)c1ccc2c(c1)OCCO2,0
CCOC(=O)N1CCN(C(=O)c2ccc3c(c2)ncn3C2CCCC2)CC1,0
Cc1c(NC2=NC3(CCCCC3)Cc3ccccc32)c(=O)n(-c2ccccc2)n1C,0
O=C(NCc1ccco1)c1cnc2n(c1=O)CCS2,0
CCOC(=O)c1cc(-c2cccnc2)nn1-c1ccccn1,0
CCN1CCN(c2cc(=O)n(-c3cc(Cl)ccc3C)c(=O)[nH]2)CC1,0
Cn1cc(CNC(=O)Nc2ccc3c(c2)OCO3)cn1,0
[O-][n+]1c2c(nn1-c1ccccc1Cl)-c1nonc1CC2,0
c1ccc(Sc2ncnc3c2oc2ccccc23)nc1,0
CC1=C(C(=O)Nc2ccccc2)C(c2cccs2)C(C#N)=C(SCC#N)N1,0
O=C(Nc1nc2c(s1)C(=O)CCC2)c1ccccc1,0
CN1/C(=C/C(=O)c2nc(S(C)(=O)=O)ncc2Cl)C(C)(C)c2ccccc21,0
Cc1ccc(-c2nc(CSCC(=O)N3CCCC3)c(C)o2)cc1,0
c1ccc(-n2c(Cc3cn4ccsc4n3)nnc2N2CCOCC2)cc1,0
O=c1[nH]nc2n1CCCCC2,0
CCOCCc1nnc(NC(=O)COC)s1,0
COc1ccc(C2C(C(=O)c3cccs3)=C(O)C(=O)N2c2nnc(C)s2)cc1OC,0
CCC(=O)Nc1c2c(nn1-c1ccc(C)cc1C)CSC2,0
Clc1ccccc1OCc1nc(-c2ccncc2)no1,0
Cc1ccc(-c2nc(N)n(C(=O)c3cccnc3)n2)cc1,0
Cc1cccc(N2CCN(CCNC(=O)c3cc4c(s3)CS(=O)(=O)C4)CC2)c1C,0
O=C(Nc1ccon1)c1ccccc1Cl,0
O=C1N=C(N2CCCCC2)SC1=C1CCCC1,0
Cn1ccnc1SCC(=O)Nc1sccc1C#N,0
Cc1cc(NC(=O)c2cc(-c3ccc4c(c3)OCO4)on2)n(-c2ccccc2)n1,0
Cc1nnc(NCc2n[nH]c(=O)c3ccccc23)c2ccccc12,0
COCCCN1C(=O)C(=O)/C(=C(/O)c2ccc(OC(C)C)cc2)C1c1cccnc1,0
CCC(C(=O)N1CCC2(CC1)OCCO2)c1ccccc1,0
CC1(C)CC(=O)c2sc(N)nc2C1,0
Cc1ccc(NC(=O)CCn2cnc3ccccc3c2=O)cc1Cl,0
CC(=O)c1cnc2cc(-c3ccccc3)nn2c1C,0
Cn1c(=O)[nH]c2cc(Cl)cnc21,0
CCOC(=O)c1cnn(-c2nc(C)cc(C)n2)c1N,0
CCCCS(=O)(=O)NC1=NCN(CCOC(=O)c2ccccc2)CN1,0
Cc1ccc(S(=O)(=O)N2CCCC(C(=O)NCc3ccccn3)C2)cc1,0
Cn1c(C(C#N)C(=O)Cc2cccc3ccccc23)nc2ccccc21,0
O=C1c2ccccc2NC(c2cnc3ccccc3n2)N1O,0
Cc1ccc2c(c1)N(CC(=O)NCCc1c[nH]c3ccccc13)C(=O)CO2,0
CCC(C)C(NC(=O)NCc1ccccc1Cl)C(=O)OC,0
COC(=O)c1ccc(-n2nnnc2SCC(=O)N2CCCCC2)cc1,0
Cc1nn2c(-c3ccccc3)nnc2c2ccccc12,0
Cc1cc(C(=O)Nc2ccc(S(=O)(=O)N3CCCC3)cc2)cs1,0
O=C1C=CC=C/C1=C1/CC(c2ccc(F)cc2)N2NC=NC2=N1,0
COCCCn1c(SCC(N)=O)nnc1-c1ccccc1,0
COCCOC(=O)C1=C(C)OC(N)=C(C#N)C1c1ccc2c(c1)OCO2,0
Cc1ncoc1C(=O)Nc1cccc(Cl)c1,0
CCN1C=C(C(=O)OC)C(c2cccc(C)c2)C(C(=O)OC)=C1,0
O=C(COc1ccc(-n2cnnn2)cc1)NCCc1ccc(F)cc1,0
Cn1c(SCC2CCCO2)nnc1-c1ccncc1,0
CC(=O)c1cccc(NC(=O)Nc2ccc(C(=O)N3CCCC3)cc2)c1,0
O=C(Nc1ccc(Cc2ccncc2)cc1)C1CC1,0
CSc1n[nH]c(NCc2ccccc2)n1,0
COC(=O)c1sc2ccccc2c1N,0
NC1=NC(c2ccccc2Cl)N2C(=N1)Nc1ccccc12,0
NC(=O)C1CCCN(C(=O)Nc2cccc3ccccc23)C1,0
CC(C)Cc1nc(N2CCN(C(=O)c3ccco3)CC2)c(C#N)c2c1CCC2,0
O=C(Nn1cnnc1)c1ccccc1-c1ccccc1,0
Cc1cc(N2CCC(C)CC2)n2nc(C)c(-c3ccccc3)c2n1,0
O=C(c1cn(-c2ccccc2)nc1-c1ccc(Cl)s1)N1CCOCC1,0
COc1ccc(NC(=O)c2c(C)cc(=O)oc2C)c(OC)c1,0
CCn1c2ccccc2c2nnc(SCC(=O)Nc3cc(C)on3)nc21,0
COc1ccccc1NC(=O)c1nnn(CC(=O)Nc2cccc(SC)c2)c1N,0
Cc1ccc(C2CC(=O)c3cnc(N4CC(C)CC(C)C4)nc3C2)cc1,0
Cc1cc(NC(=O)C2(c3ccccc3)CCCC2)no1,0
CCOC(=O)Cn1cnc2c(nnn2Cc2ccc(Cl)cc2)c1=O,0
Cc1ccc2ncnc(NCCCN3CCOCC3)c2c1,0
O=C(CCc1ccccc1)n1nc(-c2ccccc2)nc1NCc1ccco1,0
O=C(CSc1nnnn1C1CCCCC1)NCCc1ccccc1,0
CSc1nc(-c2ccccc2)nc2c1COC(C)(C)C2,0
COc1ccc(C2CCCN2C(=O)c2cccs2)cc1,0
COc1ccc(OC)c(Nc2cc(C)nc3nc(C)nn23)c1,0
Cc1ocnc1C(=O)Nc1ccc(Cl)cc1,0
CCOC(=O)C1C(=O)NC(N2CCN(CC)CC2)=NC1c1ccccc1,0
CCOc1ccccc1NC(=O)C1CCN(c2ccc(S(=O)(=O)N3CCCC3)cc2)CC1,0
CCOC(=O)CSc1nnc(CNC(=O)c2ccc(OC)cc2OC)n1C,0
O=C1CC(C(=O)Nc2ccccc2)N=C(N2CCOCC2)N1,0
Cc1cc(C)c2nc3c(c(C(=O)O)c2c1)CCC3,0
C=CCSc1n[nH]c(-c2ccc(OCCCC)cc2)n1,0
O=C(CSc1nnc(-c2cccnc2)n1-c1ccccc1)Nc1ccccn1,0
COCCSc1nnc(NC(=O)C2CCCO2)s1,0
CCCCOC(=O)Nc1ccccc1C(N)=O,0
CCN(CCCNC(=O)C1CCCN(S(=O)(=O)CC)C1)c1cccc(C)c1,0
CC(=O)c1c(NCc2ccccc2)nc(=O)n(-c2ccccc2)c1C,0
COc1cccc(C(=O)N(CN2CCCC2=O)c2cccc(Cl)c2)c1OC,0
CCOC(=O)c1cc2c(ccn2C)n1CC(=O)N1CCN(c2ccccc2OC)CC1,0
CCC1=N/C(=C2/C=c3ccc(C)cc3=NC2=O)NO1,0
c1ccc(Cc2nn3c(Cn4cnc5ccccc54)nnc3s2)cc1,0
CCc1c(C)[nH]c(N2CCOCC2)nc1=O,0
O=C(Nc1ccc2c(c1)OCO2)C1CCCN(S(=O)(=O)c2cccs2)C1,0
c1ccc(-c2ccccc2-c2nc(-c3ccncc3)no2)cc1,0
Cc1cccc(-n2c(SCC(=O)N3CCCC3)nnc2-c2ccccn2)c1C,0
Cc1c(/C=N/n2cnnc2)c2ccccc2n1CCOc1ccccc1,0
CCc1nnc(NC(=O)c2ccc(-c3cccc(C(F)(F)F)c3)o2)s1,0
C=CCN1C(SCC(=O)NCc2ccccc2)=NN/C1=C1/C=CC=CC1=O,0
CCOC(=O)CNC(=O)CSc1nnc(Cn2cnc3ccccc32)n1C,0
COCCn1c(SCC(=O)c2ccc(CNC(C)=O)o2)nc2ccccc2c1=O,0
Nc1nonc1C(=O)NCCc1ccccc1,0
CN(C(=O)c1ccco1)c1nnc(C23CC4CC(CC(C4)C2)C3)s1,0
CCCCn1c(SCN2C(=O)c3ccccc3C2=O)nc2cc(S(N)(=O)=O)ccc21,0
CC(C)C(C)(C#N)NC(=O)CSc1nnc(-c2ccncc2)n1Cc1ccccc1,0
O=C(CSc1nnc(C2CCCCC2)n1Cc1ccccc1)NCc1ccco1,0
COc1cc(OC)c(-c2nn3c(-c4ccncc4)nnc3s2)cc1OC,0
Cc1ccc(C(=O)Nc2ccccc2N2CCN(C(=O)C(C)C)CC2)cc1,0
S=c1nc(C2CC2)[nH]c2ccccc12,0
O=C(NCc1ccco1)c1nn(-c2ccccc2)c(=O)c2ccccc12,0
Cc1ccc(-n2ncc3c(=O)n(CC(=O)NCc4ccco4)cnc32)cc1,0
Cc1ccc(-n2ncc3c(NCc4ccccc4)ncnc32)cc1,0
O=C(NC1CCCC1)c1cc(-c2cccs2)on1,0
COC(=O)c1cc2ccsc2n1Cc1cc(=O)n2ccccc2n1,0
O=C(COc1ccc(F)cc1)N(CC1=CCS(=O)(=O)C1)c1ccccc1,0
CCn1c(SCC(=O)Nc2cccc(C)n2)nnc1-c1ccco1,0
NC(=O)CSc1nnc(COc2ccccc2)n1CCc1ccccc1,0
Cc1cc(NC(=O)Cc2cn3ccsc3n2)n(-c2ccccc2)n1,0
CS(=O)(=O)C1=C(O)C(=O)N(c2ccccc2)C1c1ccccc1,0
CN1CCN(C(=O)c2cnn3c(C(F)F)cc(C4CC4)nc23)CC1,0
Cn1c(=O)cc(SCC(=O)N2CCCC2)c2cc(Cl)ccc21,0
CCn1c(SCC(=O)Nc2cc(C)on2)nnc1-c1ccc(S(=O)(=O)N2CCCC2)cc1,0
Clc1ccccc1-c1nn2c(-c3ccncc3)nnc2s1,0
Cn1c(=O)c2c(=O)cc(O)[nH]c2n(-c2ccccc2)c1=O,0
COc1cccc(-n2c(SC)nnc2-c2cnccn2)c1,0
COc1ccc2c(Cl)c(-c3nnc4n3CCCCC4)sc2c1,0
Cc1onc(-c2ccccc2)c1C(=O)Nc1c(C)n(C)n(-c2ccccc2)c1=O,0
CN1CCN(S(=O)(=O)c2ccc(NC(=O)c3ccc(F)cc3)cc2)CC1,0
COc1ccc(NC(=O)c2cccc(-n3cnnn3)c2)cc1,0
CCN1C(=O)c2cccc3c(NC(=O)c4cccc(N5C(=O)CCC5=O)c4)ccc1c23,0
C=CCNc1nc(N(c2ccccc2)c2ccccc2)nc(-n2ccnc2)n1,0
O=C1CC(C2CCCO2)C(=O)N1c1cccc(Cl)c1,0
Cc1ccc(-c2noc(-c3ccccc3C(=O)N3CCCC3)n2)cc1,0
COc1ccc(N2C(=O)CC(NCc3ccncc3)C2=O)cc1,0
COc1ccccc1-c1nnc2sc(COc3ccccc3)nn12,0
CCOC(=O)N1CCN(c2ncnc3nc[nH]c23)CC1,1
CCOC(=O)c1cc(CC)sc1NC(=O)CCC(=O)O,0
Cc1nc2sc(C(c3ccc(Cl)cc3)N3CCN(C(=O)c4ccco4)CC3)c(O)n2n1,0
Cn1ncc(C#N)c1/N=C/N(Cc1ccccc1)Cc1ccccc1,0
Cc1ccc2nc(-c3ccc(SCC(=O)Nc4cc(C)on4)nc3)[nH]c2c1,0
CN(C)C(=O)c1nnc(Cc2ccc(Cl)cc2)o1,0
Cc1nn2c(=O)nc3sc4c(c3c2[nH]c1=O)CCCC4,0
Cn1c(Cn2c(=O)sc3ccccc32)nnc1SCC(=O)Nc1ccc(F)cc1,0
CC(Nc1ccc2c(c1)nc(CO)n2C)=C1C(=O)CC(C)(C)CC1=O,0
Cc1[nH]c2ccccc2c1C(=O)COC(=O)C1CCC(=O)N1,0
Cc1nc(N)c(C#N)c(-c2cccnc2)c1C,0
COc1ccc(-c2nc3n(n2)C(=O)CC(c2ccco2)S3)cc1,0
O=C(CSc1nc2c(c(=O)n1-c1ccc(Cl)cc1)SCC2)NCc1ccco1,0
CC(NC(=O)c1ccccc1)c1nc2ccccc2n1Cc1ccc(C#N)cc1,0
Cc1cc2nc(-c3ccc(SCC(=O)N4CCOCC4)nc3)[nH]c2cc1C,0
O=C1CC(c2cccc(Cl)c2)CC(=O)C1=CNCCCO,0
CCCn1c(SCC(=O)N2CCc3ccccc32)nnc1-c1ccco1,0
O=C(O)C1CC=C(Cl)CC1C(=O)NCc1ccccc1,0
Cc1ccc(NS(=O)(=O)c2ccc3c(c2)oc(=O)n3C)cc1F,0
CC1CCCN(C(=O)Cn2nnc(-c3cccnc3)n2)C1,0
O=C(O)C1CCCCC1C(=O)Nc1ccccn1,0
Cc1onc(-c2ccccc2Cl)c1C(=O)Nc1c(C)n(C)n(-c2ccccc2)c1=O,0
O=C(NCc1ccco1)Nc1cccs1,0
Cc1cc(C)n(-c2nc3ccccc3c(=O)n2OCCOc2ccccc2)n1,0
Cn1c(=O)c2ncn(CC(=O)Nc3ccc4c5c(cccc35)CC4)c2n(C)c1=O,0
Cc1ccccc1Nc1nc(N)nc(COC(=O)c2cccn2C)n1,0
COc1ccc(-n2c(SCC(N)=O)nnc2-c2ccccc2F)cc1,0
Cc1cccc(-c2nc3ccccc3c3nncn23)c1,0
COc1ccc(Cl)cc1-c1n[nH]c(=S)o1,0
COCCn1nnnc1CN(CCCN1CCOCC1)Cc1cc2c(C)ccc(C)c2[nH]c1=O,0
CN1CCN(C(=O)CN(Cc2ccc(Cl)cc2)S(C)(=O)=O)CC1,0
O=C(N1CCOCC1)N(Cc1cccs1)C1CCCC1,0
Cc1n[nH]c(C)c1S(=O)(=O)NCCc1ccc(Cl)cc1,0
COC(=O)c1c(NC(=O)CSc2nc3c(c(=O)n(C)c(=O)n3C)n2C(C)C)sc(C)c1C,0
Cn1c(SCC(=O)N2CCCc3ccccc32)nnc1-c1ccco1,0
C=CCSc1nnc(Cn2c(=O)sc3ccccc32)n1C,0
Cc1ccc(Cn2c(SCCN3CCOCC3)nc3c2c(=O)n(C)c(=O)n3C)cc1,0
CC(CCO)Nc1nc2c([nH]1)c(=O)n(C)c(=O)n2C,0
CCC(=O)n1nc(-c2ccco2)nc1N,0
O=C1CC(C(=O)Nc2ccccc2)C2(CCCC2)O1,0
Cc1ccccc1-n1c(=O)cc(NCc2ccc3c(c2)OCO3)[nH]c1=O,0
COc1ccc(CCNC(=O)CN(C2CCCCC2)S(C)(=O)=O)cc1OC,0
CN(C)C=C1C(=O)c2ccccc2C1=O,0
COc1cccc(C(=O)CSc2nc3ccccc3n2CC(=O)N2CCOCC2)c1,0
N#Cc1c(NC(=O)c2cc(C3CC3)on2)sc2c1CCC2,0
O=C(CCCCn1c(=O)[nH]c2ccccc2c1=O)NCCC1=CCCCC1,0
CCc1ccc(S(=O)(=O)NCc2cn3ccccc3n2)s1,0
Cc1cc(C(=O)CSc2nnnn2C)c(C)n1CCc1ccc(Cl)cc1,0
CNC(=O)NC1CCCCc2sccc21,0
Cc1ccc(-n2c(=O)[nH]c3c(C(N)=O)nc(-c4ccc(C)o4)nc32)cc1,0
Cc1ccc(-c2nnc(N(C)C(=O)c3ccncc3)s2)cn1,0
O=C(COc1ccccc1)N(Cc1cc2ccccc2[nH]c1=O)CC1CCCO1,0
NC(=O)CC12CC3CC(C1)CC(CC(N)=O)(C3)C2,0
O=C(CSc1nc2scc(-c3ccco3)c2c(=O)n1-c1ccccc1)N1CCOCC1,0
c1ccc(Cc2nnc3sc(C4COc5ccccc5O4)nn23)cc1,0
O=C1NC(Cc2c[nH]c3ccccc23)C(=O)N1CCOc1ccc(F)cc1,0
O=C(CSc1nnnn1-c1ccc2c(c1)CCC2)NCc1cccs1,0
Cc1cc(=O)nc2n(Cc3ccccc3)[nH]cc1-2,0
Cn1c(Cn2nnc3ccccc32)nnc1SCC(=O)N1c2ccccc2Sc2ccccc21,0
O=C(NCC12CC3CC(C1)CC(CNC(=O)N1CCCC1)(C3)C2)N1CCCC1,0
CC1CCN(CCn2c(=S)[nH]c3ncccc3c2=O)CC1,0
Cc1ncoc1C(=O)NCc1ccccc1Cl,0
COc1ccc(-c2nnc3ccc(SCC(=O)N4CCCCC4)nn23)cc1OC,0
CC1CCCN(C(=O)Nc2cccc(NC(=O)N3CCCC(C)C3C)c2)C1C,0
COc1cccc(Nc2nc(=O)[nH]nc2C)c1,0
c1ccc(-c2nc(N3CCOCC3)c3ccccc3n2)nc1,0
Cc1onc(-c2ccccc2Cl)c1C(=O)N1CC(C)OC(C)C1,0
Nc1nnc(Cc2ccc(Cl)cc2)s1,0
O=C(O)Cn1nnn(-c2ccccc2)c1=S,0
CCCOC(=O)c1ccc(-n2nnnc2SCC(=O)N2CCCCC2)cc1,0
FC(F)(F)c1nnc2ccc(N3CCCCCC3)nn12,0
CC(=O)Nc1ccc(S(=O)(=O)N(C2=NCC(C)S2)c2ccccc2)cc1,0
O=C(CCSc1ccccc1)NCCN1CCOCC1,0
COc1ccc(CCN2C(=O)C(O)=C(C(=O)c3ccco3)C2c2cccs2)cc1OC,0
O=c1c2cnn(-c3ccccc3)c2ncn1/N=C/c1ccncc1,0
COc1ccc(C(=O)CSc2nnc(CNc3ccc(C)cc3C)o2)cc1,0
Cn1c(SCC(=O)c2ccccc2)nnc1-c1cnccn1,0
O=C(NCCCn1ccnc1)c1cc(-c2ccc3c(c2)OCO3)on1,0
COc1cc2c(cc1NCc1ccccn1)oc1ccccc12,0
Cn1c(Cn2c(=O)sc3ccccc32)nnc1SCC(=O)N1CCOCC1,0
O=C(COC(=O)Cc1cn2ccsc2n1)Nc1nc2ccccc2s1,0
CC1Cc2ccccc2N1C(=O)Cn1c(=O)oc2cc(S(=O)(=O)N3CCCCC3)ccc21,0
CCOC(=O)C1CCN(C(C)C(=O)c2c(C)[nH]c3cc(C)ccc23)CC1,0
CN(C)c1ccc(C(CC(=O)O)NC(=O)c2ccc(Cl)cc2)cc1,0
Cc1cccc(Nc2nc3c(c(=O)n(C)c(=O)n3C)n2Cc2ccccc2)c1,0
CCSc1nc2ccccc2n1Cc1nc(N)nc(N(C)C)n1,0
C=CCn1c(COc2cccc3cccnc23)nnc1SCC(=O)OC,0
Cc1ccc(-n2c(SCC(=O)NC3CCCCC3)nc3c(c2=O)SCC3)cc1,0
O=C(Cn1cccc1C(=O)c1ccccc1)NCc1cccs1,0
CN(C)C(=O)CSc1nnc(-c2cccnc2)n1-c1ccccc1,0
Cc1ccccc1NC(=O)C1CC(Cl)=CCC1C(=O)O,0
Cc1ccc(S(=O)(=O)NCCC(=O)NC2CCCC2)cc1,0
COc1ccc(Nc2nc(C)cc(C)c2C(N)=O)c(OC)c1,0
O=C1c2cccc3c(Cl)ccc(c23)C(=O)N1O,0
CCn1c(COc2ccccc2C)nnc1SCC(=O)NC1CCCC1,0
O=C1CC(C(=O)Nc2nccs2)C(c2ccccc2)O1,0
Cc1ccc2nc(-c3ccc(S(=O)(=O)N4CCOCC4)cc3)cn2c1,0
O=C(O)CSc1nnc(Cn2nnc3ccccc32)n1CCc1ccccc1,0
CCCC(=O)Nc1cc(C)c(NC(=O)c2ccncc2)cn1,0
Cc1nnc(SCc2nnc(-c3ccc(Cl)cc3)o2)n1-c1ccccc1,0
O=C(O)C1CCC(CNCc2cccnc2)CC1,0
O=C(Oc1ccccc1)c1ccc(COC(=O)c2cnccn2)cc1,0
CCCCCCn1c(N)c(C(=O)NCCN2CCOCC2)c2nc3ccccc3nc21,0
CC(C)NS(=O)(=O)c1ccc(OCC(=O)Nc2ccc3c(c2)OCCO3)cc1,0
CCCn1c(SCc2ccccc2)nc2c1c(=O)[nH]c(=O)n2C,0
c1ccc2c(c1)CCCN2Cc1nnc2n1CCCCC2,0
O=c1cc(N2CCOCC2)[nH]c(=O)n1-c1ccc(Cl)cc1,0
Cc1nc2sc(C(c3cccs3)N3CCC4(CC3)OCCO4)c(O)n2n1,0
CCOc1ccccc1C(=O)Nc1nccs1,0
C=CCn1c(-c2ccco2)n[nH]c1=S,0
Cn1c(=O)c2c(nc(SCCNS(=O)(=O)c3ccccc3)n2C)n(C)c1=O,0
Cc1ccc2cccc(S(=O)(=O)Nc3c(C)n(C)n(-c4ccccc4)c3=O)c2n1,0
CN(C)c1ccnc2sc3c(=O)n(Cc4ccccc4)cnc3c12,0
COc1ccc(-c2cc3nc4c(c(=O)n3[nH]2)CCC4)cc1,0
Cc1cc2ccccc2c(=O)n1CC(=O)NCC1COc2ccccc2O1,0
CCCNC(=O)CSc1nnc(-c2ccco2)n1C,0
Cc1ccccc1OCc1nc2c3cnn(C)c3ncn2n1,0
O=C(COc1ncnc2ccccc12)N1CCOCC1,0
CCSc1nnc(N(CCC#N)CCC#N)s1,0
CN(C)c1ccc(C2=N/C(=C3\C=CC=CC3=O)ON2)cc1,0
O=C(c1ccccc1)c1ccc(OCC(O)CN2CCOCC2)cc1,0
Cn1c(=O)[nH]c(=O)c2c1nc(CN1CCOCC1)n2Cc1ccccc1,0
CCOc1ccc(C2c3c(oc4cc(C)c(C)cc4c3=O)C(=O)N2CCCN(C)C)cc1OC,0
COc1ccc2nc(N3CCCC3)c(C#N)cc2c1,0
O=C(CSc1ccc2nnc(-c3ccccc3)n2n1)NCC1CCCO1,0
CCCOC(=O)Cc1n[nH]c(=O)[nH]c1=O,0
O=C1N=C(Nc2ccccn2)SC1Cc1ccccc1,0
CCN(C(=O)c1c(OC)cccc1OC)c1nnc(-c2cccnc2)s1,0
Cc1ccc(CN2C(=O)CCC2C(=O)NCCCN2CCC(C)CC2)cc1,0
COC(=O)CCN1CCC(C(N)=O)CC1,0
Cn1c(CN2CCOCC2)nnc1SCC(=O)NC1CCCCC1,0
CCOc1ccccc1N1CC(C(=O)Nc2nccs2)CC1=O,0
CC(=O)N1CCN(S(=O)(=O)c2cccc(C(=O)Nc3nc4ccccc4[nH]3)c2)CC1,0
Cc1nc2ncnn2c(C)c1CCC(=O)NCc1ccccc1,0
CC1CC(C)CN(c2nc3c(c(=O)n(C)c(=O)n3C)n2CCSc2ncccn2)C1,0
COc1ccc(-c2c3c(=O)n(C)c(=O)n(C)c3cn2Cc2cccnc2)cc1,0
Cc1cc(N2CCCC(C(=O)Nc3ccc4c(c3)CCC4)C2)n2ncnc2n1,0
O=C(CSc1nnc(-c2ccc(OC(F)F)cc2)o1)NC(=O)NCc1ccco1,0
Cc1cccc(OCCc2nnc(N)s2)c1C,0
CCCCC(=O)Nc1cccc(-c2nn3c(C)nnc3s2)c1,0
CS(=O)(=O)Nc1ccc(C(=O)NCC2CCCO2)cc1,0
COc1ccc(NC(=O)CN(c2cc(C)cc(C)c2)S(=O)(=O)c2c(C)noc2C)cc1OC,0
O=C(COc1ccc(Cl)cc1)NCc1nnc(SCC(=O)NCc2ccc3c(c2)OCO3)o1,0
COCc1cc(C)nc2sc(C(=O)Nc3nccs3)c(N)c12,0
Cn1cnnc1SCC(=O)n1c2ccccc2c2ccccc21,0
Cc1nc2oc3ccccc3c(=O)c2c(=O)n1-c1ccccc1,0
CCOC(=O)N1CCC(NC(=O)C2CCN(C(=O)N3CC(C)Oc4ccc(C)cc43)CC2)CC1,0
Cn1c(SCC(=O)Nc2nccs2)nnc1-c1ccncc1,0
COc1ccc(N(CC(=O)Nc2nc3ccc(C)cc3s2)S(=O)(=O)c2c(C)nn(C)c2C)cc1,0
Cn1c(=O)c2c(nc(CN3CCCCC3)n2Cc2c(F)cccc2Cl)n(C)c1=O,0
Cc1nc2nc(SCC(=O)N3CCOCC3)nn2c(C)c1Cc1ccccc1,0
CCCCn1c(-c2ccccc2)nc2c(=O)n(C)c(=O)[nH]c21,0
CCN(CC)CCCN1C(=O)C(O)=C(C(=O)c2ccc(C)o2)C1c1ccco1,0
CC(=O)C1=C(C)OC(N)=C(C#N)C1c1ccncc1,0
CC(=O)c1ccc(Oc2cc(C)nc(-n3nc(C)cc3C)n2)cc1,0
CC1C=CCC2C(=O)N(c3cccc(C(=O)N4CCN(c5ccc(F)cc5)CC4)c3)C(=O)C12,0
N=c1c2c3c(sc2ncn1CCN1CCOCC1)CCCCC3,0
Cc1cc2c(c(=O)n1C)C(Cc1ccccc1)C(C#N)=C(N)O2,0
CCOC(=O)c1c(N)n(CCN2CCCCC2)c2nc3ccccc3nc12,0
O=C(c1ccc2snnc2c1)N1CCN(c2ccccn2)CC1,0
CCN(CC)c1ccc(C2CC(=O)NC3=C2C(=O)CC(C)(C)C3)cc1,0
Cc1ccc(NC2=NCC(=O)N2c2ccc3c(c2)OCCO3)c(C)c1,0
CCN(CC)S(=O)(=O)c1ccc(C(=O)NCc2nnc(SCC(=O)OC)n2C)cc1,0
CCOc1ccccc1N(C(=O)CNC(=O)c1ccco1)C(C(=O)NC1CCCC1)c1cccnc1,0
CCCC(=O)NCCc1cc2c(C)ccc(C)c2[nH]c1=O,0
CC(C)(C)OC(=O)N1CCCC1c1nnc(SCc2c(F)cccc2Cl)o1,0
Cc1cc2ncc(C(=O)Nc3ccccc3)c(C)n2n1,0
C=CCOC(=O)C1=C(C)NC(=O)NC1c1cn(-c2ccccc2)nc1-c1cccs1,0
CN(c1ccccc1)c1nc(N2CCCC2)nc(-n2ccnc2)n1,0
CCOC(=O)CN1C(=O)COc2ccc(Cl)cc21,0
CC(C)c1cc(C(=O)Nc2sc3c(c2C#N)CCC3)no1,0
O=C(CN1C(=O)NC2(CCCCC2)C1=O)NCCC1=CCCCC1,0
Cc1noc(C)c1CSCC(=O)OCc1nc2ccccc2c(=O)n1CC#N,0
CCCN1c2cccc3cccc(c23)S1(=O)=O,0
CCN(CC)S(=O)(=O)c1cccc(-c2nnc(SCCOc3ccccc3C)o2)c1,0
COc1ccccc1CNC(=O)C1CCN(S(=O)(=O)N2CC(C)CC(C)C2)CC1,0
CC1CCN(CC(=O)Nc2sc3c(c2C#N)CCC3)CC1,0
CCCn1cnc2cc(NCc3ccccn3)ccc21,0
CN1C(=O)c2cccc3c(S(=O)(=O)Nc4ccccn4)ccc1c23,0
O=S(=O)(c1ccc2c(c1)OCO2)N1CCN(c2nnnn2-c2ccccc2)CC1,0
CCCc1nc2n[nH]c(N)c2c2c1CCC2,0
COc1ccc2cc(C(c3nnnn3C(C)(C)C)N3CCc4ccccc4C3)c(=O)[nH]c2c1,0
CC1Cc2ccccc2N1S(=O)(=O)c1cccc(C(=O)c2nccn2C)c1,0
Cc1cccc(OCC(=O)NCCN2CCOCC2)c1,0
Cc1cc(=O)n2[nH]c(N3C(=O)CCC3=O)nc2n1,0
Cc1sc2nc(SCC(=O)Nc3c(C)n(C)n(-c4ccccc4)c3=O)n(C)c(=O)c2c1C,0
COc1ccc(-n2cnnc2SC(C)c2nc3sc(C)c(C)c3c(=O)[nH]2)cc1,0
N#Cc1nc(-c2cccs2)oc1N1CCOCC1,0
O=C(CSc1n[nH]c(-c2cccnc2)n1)Nc1ccnc2ccccc12,0
COc1cccc(NC(=O)Cc2nnc(SCCOc3ccccc3)n2C)c1,0
CC(Sc1ncc(C#N)c(N)n1)C(=O)Nc1ccccc1,0
CC(=O)Nc1c(O)nc(SCC(=O)Nc2ccc(C(C)=O)cc2)[nH]c1=O,0
Cc1cc(NC(=O)CSc2ccc(-c3nc4cc(C)c(C)cc4[nH]3)cn2)no1,0
CC(=O)C1=C(C)NC(SCSc2ccccc2)=C(C#N)C1c1cccnc1,0
COC(=O)c1c(C)noc1-c1cc(C)on1,0
CN1CCN(C(=O)c2ccc3ccccc3c2)CC1,0
O=c1nc(-c2ccccn2)[nH]c2ccccc12,0
CCC(=O)/N=C(\N)Nc1nc(C)c2cc(OC)ccc2n1,0
CCN(CC)CCCN(Cc1cc2cc(OC)ccc2[nH]c1=O)C(=O)Nc1ccc(F)cc1,0
CCOC(=O)c1c(C)[nH]c(C)c1C(=O)CSc1nnc(-c2ccco2)n1Cc1ccccc1,0
Nc1nc(NCc2ccccc2)nc(-c2ccccc2)n1,0
Nc1c(S(=O)(=O)c2cccs2)c2nc3ccccc3nc2n1CC1CCCO1,0
N#Cc1ccc2ccn(CC(=O)N3CCCc4ccccc43)c2c1,0
CC1=C(C(=O)Nc2ccccc2)C(c2ccccn2)N2NC(CCCO)=NC2=N1,0
COCCN1Cc2cccc(C(=O)Nc3cccnc3)c2C1=O,0
CCOC(=O)N1CCN(C(=O)Cn2ncn3nc(-c4cccs4)cc3c2=O)CC1,0
CCC1CCCCN1C(=O)CSc1nnc(-c2ccc(OC)cc2)o1,0
Cc1nnc(SCC(=O)NCc2cccs2)n1-c1ccccc1,0
Nc1nonc1-c1noc(N2CCCCC2)n1,0
OCCN1CN=C(Nc2nc3ccccc3o2)NC1,0
CN(C)c1oc(-c2ccccc2Cl)nc1C#N,0
Fc1ccc(-c2nnc3sc(-c4ccc5c(c4)OCO5)nn23)cc1,0
Cc1nc(SCCO)c2oc3ccccc3c2n1,0
CC(C)C1Cc2c(sc3c2c(=O)n(-c2ccccc2)c2nncn32)CO1,0
COc1ccc(-c2noc(CCCC(=O)O)n2)cc1,0
CCN1CCN(C(=O)c2cc3sccc3n2CC(=O)c2ccccc2)CC1,0
O=c1c2[nH]c3cccc(Cl)c3c2ncn1CCN1CCCCC1,0
COc1ccccc1C(=O)n1nc(-c2ccccc2)nc1N,0
Cc1nnc2n(-c3ccccc3)c(=O)c3c4c(sc3n12)CCCC4,0
Cn1cnnc1SCC(=O)Nc1sc2c(c1C(N)=O)CCC2,0
CCOC(=O)c1cc(OC(=O)c2cccnc2)n(-c2ccccc2)n1,0
Cc1scc(C(=O)Nc2ccon2)c1-c1ccccc1,0
CC1CCN(CC(=O)Nc2ccccc2C#N)CC1,0
COC(=O)c1cc(=O)nc(SCc2cccc(C)c2)[nH]1,0
CS(=O)(=O)Nc1ccccc1C(=O)Nc1cccc(Cl)c1,0
COc1ccc(-n2nnnc2SCC(=O)Nc2ccc3c(c2)OCCO3)cc1OC,0
CCC1(COC(=O)Nc2cccc(Cl)c2)COC1,0
COC(=O)C1CCN(C(=O)Cc2ccc(OC)c(OC)c2)CC1,0
Cc1nc2ccc(Nc3nc4cc(S(=O)(=O)N5CCOCC5)ccc4o3)cc2s1,0
Cc1nnc(SCc2ccccc2)n1N,0
O=C(c1cc(-c2ccc(Cl)c(Cl)c2)on1)N1CCCC1,0
CCOc1ccc(-c2nnc(N)s2)cc1,0
COCCn1c(N)c(C(=O)OCc2ccccc2)c2nc3ccccc3nc21,0
O=C(Nc1nc2ccccc2n1CCOc1ccccc1)c1ccco1,0
O=C(O)CCSc1nnnn1-c1ccccc1,0
COc1ccc(N(CC(=O)NC2CCCC2)C(=O)Cn2nnc(-c3ccc(C)cc3)n2)cc1OC,0
COc1cc(C2Nc3ccccc3C(=O)N2c2ccccc2OC)ccc1O,0
CCOc1ccccc1-n1c(SCC(N)=O)nnc1-c1cccnc1,0
Cc1occc1-c1nc(-c2ccccn2)no1,0
Cn1c(=O)c(=O)n(C)c2cc(S(=O)(=O)NCCc3ccccc3)ccc21,0
CC(C)Nc1nc2n(c(=O)n1)CCN2C(C)C,0
CCOc1ccccc1OCC(=O)Nc1nnc(C)s1,0
CCn1nnnc1SCC(=O)NCc1ccco1,0
O=C1C(=CNCc2cccnc2)C(=O)c2ccccc21,0
CCC(=O)Nc1nonc1-c1nc2ccccc2n1CC(C)C,0
CCn1c2ccccc2c2nnc(SCc3ccc(C(=O)OC)o3)nc21,0
CCc1cc2c(=O)c(-c3cscn3)coc2c(CN(C)C)c1O,0
COC(=O)CSc1nnnn1-c1cccc2ccccc12,0
CSc1cccc(NC(=O)C2CCCN(S(=O)(=O)c3cnc[nH]3)C2)c1,0
Cc1ccc(C)c(NS(=O)(=O)c2c(C)ccc3nsnc23)c1,0
Cc1cccc(-n2cnc3cc(C(=O)N4CCCCC4)ccc32)c1,0
COc1cccc(-n2nnnc2SCC(=O)NCCc2ccccc2)c1,0
Cc1cnc(C(=O)Nc2nnc(C(C)C)s2)cn1,0
COc1ccc(CCC(=O)Nc2nc3c(s2)CN(C)CC3)cc1OC,0
CCC(C)OC(=O)n1ccc(C(=O)Nc2nccs2)n1,0
Cc1cccc2cc3c(N)c(C(=O)N4CCOCC4)sc3nc12,0
CCCCOC(=O)c1ccc(NC(=O)c2cnccn2)cc1,0
CN1CCN(CC(=O)Nc2ccc(Oc3ccccc3)cc2)CC1,0
O=C(NCc1ccco1)c1sc(=S)n2c1[nH]c(=O)c1ccccc12,0
S=c1nc2ccccc2c2nc(-c3ccccc3)[nH]n12,0
Cn1ncc2c(Nc3ccc(-c4ccccc4)cc3)ncnc21,0
COc1ccc(NC(=O)CSc2nnc(Cc3ccccc3)o2)c(OC)c1,0
Cn1nnc(-c2ccc(OCc3ccccc3F)cc2)n1,0
Cc1ccc(-c2cn3nc(C)c(C)nc3n2)cc1,0
O=C(Nc1nnc(CCN2CCOCC2)s1)C1CCCCC1,0
CCOC(=O)c1c(N)nn(C(=O)CC)c1-c1ccccc1,0
c1ccc(OCCCc2nc(-c3ccccn3)no2)cc1,0
Cc1nc(Nc2ccc(S(N)(=O)=O)cc2)oc1C,0
Cc1noc(/C=C/N(C)C)c1S(=O)(=O)N1CCCC(C(=O)NCc2cccs2)C1,0
COC(=O)C(C)Sc1nc2c(c(=O)n(C)c(=O)n2C)n1Cc1cccc(C)c1,0
CCCCNC(=O)C1C2C=CC3(CN(Cc4ccccc4Cl)C(=O)C13)O2,0
Cn1c(/C(C#N)=C2/CCCCCN2)nc2ccccc21,0
CCSc1nnc(NC(=O)c2cc(C)on2)s1,0
CCc1ccc(NC(=O)c2cnc3scc(C)n3c2=O)cc1,0
CCn1c(SCCOc2ccc(Cl)cc2)nnc1-c1cccs1,0
O=C(Nc1ccc2c(c1)OCO2)c1cn(Cc2ccc(F)cc2)nn1,0
O=C(CCCC(=O)n1cnc2ccccc21)n1cnc2ccccc21,0
COCC(=O)N(C)c1nnc(-c2cnccn2)s1,0
Cc1cc(SCNC(=O)c2ccccc2)ncn1,0
CCN1C(SCC(=O)Nc2ccc3c(c2)OCO3)=NN/C1=C1/C=CC=CC1=O,0
Cc1n[nH]c(C)c1S(=O)(=O)N1CCCC(C(=O)Nc2nccs2)C1,0
O=C1C=C(NCc2cccnc2)C=C/C1=C1\Nc2ccccc2O1,0
CCn1cnc2sc(-c3ccccc3)cc2c1=O,0
Cc1nc2cc(C(=O)O)ccc2n1-c1ccccc1,0
COc1ccccc1-n1c(SCC(=O)N2CCCCC2)nc2cccnc21,0
COC(=O)c1cc(=O)n2c(-c3ccccc3)csc2n1,0
CC1(C)CC2(CCO1)OC(=O)CC2C(=O)NCCc1ccccc1,0
Cc1nn(C)c(C)c1S(=O)(=O)Nc1ccc2c(c1)OCO2,0
O=C(NCC(c1cccnc1)N1CCOCC1)c1ccco1,0
CSc1ccc(-c2nnn(Cc3ccccn3)n2)cc1,0
COCCn1c(SCC(=O)Nc2cccc(C(=O)OC)c2)nc2ccccc2c1=O,0
CCCNc1ncnc2c1cnn2-c1ccc(OC)cc1,0
O=C(Nc1cccc(F)c1)c1cccnc1N1CCOCC1,0
CCn1c(SCC(=O)NC2CCCCC2)nnc1-c1cccs1,0
COc1ccc(-n2nnc3c(=O)n(Cc4cc(C)ccc4C)cnc32)cc1,0
CCOC(=O)c1c(NC(=O)CSc2nnc(-c3cccnc3)n2Cc2ccco2)sc(C)c1C,0
CC1=C(C)C(=O)NC(Nc2nc(C)c3cc(C)cc(C)c3n2)N1,0
Cc1cc(C(=O)NCc2ccccc2)c(=O)[nH]c1C,0
COc1ccc(CCNc2c(C)c(C)nc3ncnn23)cc1,0
Clc1ccc(-c2nnc(SCc3nc(-c4ccccc4)no3)o2)cc1,0
Fc1cccc(Nc2ncnc3c2cnn3-c2ccccc2)c1,0
COC(=O)c1ccc(N2C(=O)CC(Sc3n[nH]c(C)n3)C2=O)cc1,0
O=c1cc(-c2ccccc2)nc2nc(COc3ccccc3)[nH]n12,0
CCn1ncc2c1C(=O)NC1c3ccccc3C(=O)N21,0
COC(=O)CSc1nc2c(c(=O)[nH]c(=O)n2C)n1CCC(C)C,0
Cc1ccc(CNC(=O)CCc2c(C)nc3ncnn3c2C)cc1,0
Cc1sc2nc(SCc3nc4ccccc4[nH]3)n(Cc3ccco3)c(=O)c2c1C,0
Cc1ccc(CNC(=O)CSc2nc(N3CCCCC3)nc(N3CCCCC3)n2)cc1,0
Cn1c(Cn2c(=O)sc3ccccc32)nnc1SCC(=O)N1CCCCCC1,0
COC(=O)CSc1nc(NC(C)C)nc(N2CCOCC2)n1,0
COC(=O)c1ccccc1NC(=O)CSc1nccn1C,0
O=C(CN1CCN(Cc2ccccc2F)C1=O)NCCN1CCOCC1,0
Cc1ccc(SCc2nnc(N)s2)cc1,0
COc1cc(C)c(Cl)cc1S(=O)(=O)NCc1ccncc1,0
N#Cc1nc(-c2cccs2)oc1NCc1ccc(Cl)cc1,0
Cn1cnnc1SCC(=O)NCc1cccc(C(F)(F)F)c1,0
CCOc1cccc(-c2nnc(SCC(=O)Nc3cccc(OC)c3)n2N)c1,0
O=C(CN1CCC(n2nnc3cc(F)ccc32)CC1)NCCc1nc2ccccc2[nH]1,0
Cc1ccc(C)c(-n2nnnc2SCC(=O)Nc2cccc(-c3nnc4n3CCCCC4)c2)c1,0
COc1ccc(CC(CC(=O)O)C(=O)Nc2ccc(OC)cc2)cc1,0
Cc1cc(NC(=O)CSc2nnnn2Cc2ccccc2)no1,0
CCC1(C)Cc2c(sc(NC(=O)CCC(=O)O)c2C#N)CO1,0
CN1CCN(S(=O)(=O)c2cccc(C(=O)Nc3sc4c(c3C(N)=O)CCCC4)c2)CC1,0
CCCNS(=O)(=O)c1ccc(OCC(=O)NCc2ccco2)cc1,0
CC(=O)Nc1ccc(S(=O)(=O)CCC#N)cc1,0
CCCCCNC(=O)C(C#N)c1nc2ccccc2nc1N1CC(C)OC(C)C1,0
CCC(=O)Nc1ccc(-c2nn3c(C)nnc3s2)cc1C,0
CCCn1cc(S(=O)(=O)CC(=O)Nc2ccc(OCC)cc2)c2ccccc21,0
CCCC(=O)Nc1ccc(C(=O)NCCCn2ccnc2)cc1,0
O=C(CCCn1c(=S)[nH]c2cc3c(cc2c1=O)OCO3)N1CCN(c2ncccn2)CC1,0
Clc1ccc(CCNc2ncnc3nc[nH]c23)cc1,0
c1ccc(-c2cccc(-c3ccccn3)n2)nc1,0
Cn1[nH]c(=O)c2ccccc2c1=O,0
Cn1nnnc1SCC(=O)N1CCN(Cc2ccccc2)CC1,0
CSc1nc(NC(C)C)nc(N2CCOCC2)n1,0
NC(=O)C1(N2CCCCC2)CCN(C(=O)c2ccccc2)CC1,0
NC(=O)C1CCCN(C(=O)c2ccc(Cl)cc2)C1,0
Cc1ccc(CSc2nnc(-c3ccco3)n2N)cc1,0
c1cnc2c(OCc3nc4ccccc4[nH]3)cccc2c1,0
Cc1nn2c(N3CCOCC3)c3c(nc2c1-c1ccccc1)CCCC3,0
CC(C)(C)c1ccc(-c2nnc3sc(-c4ccncc4)nn23)cc1,0
c1ccc(-n2ncc3c2ncn2nnnc32)cc1,0
COc1cccc(C(=O)NCC2CCCO2)c1,0
COc1cccc(Oc2nc3ncn(Cc4ccccc4)c3c(=O)n2C)c1,0
CC(=O)c1c(C)[nH]c(C(=O)NCCN2CCC(C)CC2)c1C,0
NC(=O)CSc1nnc(CNc2ccc(F)cc2)n1CC1CCCO1,0
COC1=C/C(=C/C=C2/NC(=O)C(C)(C)O2)C=CC1=O,0
COc1ccc(-n2c(=O)cc(N3CCN(c4ccccc4OC)CC3)[nH]c2=O)cc1,0
Cc1cc2cc(CCNS(C)(=O)=O)c(=O)[nH]c2cc1C,0
c1ccc(NCc2nnc3n2CCCCC3)cc1,0
CNc1nc(C)nc(-n2nc(C)cc2C)n1,0
Cc1noc(C)c1C(=O)Nc1nnc(-c2ccccc2)s1,0
CCCc1nc(N2CCOCC2)c(C#N)c2c1CCCC2,0
CCc1c(C)sc(NC(=O)c2cc(C)on2)c1C#N,0
COc1cccc(-n2nnc3c(=O)n(Cc4ccc(C)cc4)cnc32)c1,0
c1cnn(-c2nc(N3CCOCC3)nc(N3CCOCC3)n2)c1,0
CCC(C)c1c(O)nc(SCC(=O)c2ccccc2)[nH]c1=O,0
Cc1ccccc1-n1nc2c(c1NC(=O)c1ccc(S(=O)(=O)N(C)C)cc1)CSC2,0
N=c1c(C(=O)NCC2CCCO2)cc2c(=O)n3ccccc3nc2n1Cc1cccnc1,0
CC(C)c1ccc(C(=O)CSc2ncn[nH]2)cc1,0
Cc1ccc(N2CC(C(=O)Nc3nnc(C(C)C)s3)CC2=O)cc1,0
CC(=O)c1cccc(NC(=O)CC2SC(N3CCCCC3)=NC2=O)c1,0
COc1ccc(-c2nnc3sc(-c4ccccn4)nn23)cc1,0
Cc1ccc(CCNC(=O)CS(=O)Cc2nc(-c3cccc(C)c3)oc2C)cc1,0
CCNS(=O)(=O)c1ccc2nc(NC(=O)c3cccnc3)sc2c1,0
O=C(NCc1ccc2c(c1)OCO2)C1CCCN1C(=O)Nc1ccccc1,0
Cc1ccc(Cl)cc1N1CCN(C(=O)C2CCN(S(=O)(=O)c3cnc[nH]3)CC2)CC1,0
CCN1C(=O)/C(=C/Nn2cnnc2)SC1=S,0
CC1CCN(C(=O)CSc2nc3n(-c4ccccc4)[nH]cc-3c(=O)n2)CC1,0
O=C(Cc1ccc(-n2cccc2)cc1)NCc1cccs1,0
CN1C(=O)C(C2c3ccccc3C(=O)N2Cc2ccccc2)C(=O)N(C)C1=O,0
COc1cccc(NC(=O)C2CC(=O)n3cnnc3S2)c1,0
CCCc1ccc(C(C)NC(=O)c2cnccn2)cc1,0
CCCOc1ccc(/C(O)=C2/C(=O)C(=O)N(CCCN3CCOCC3)C2c2ccncc2)cc1,0
O=C1CC(NCc2ccncc2)C(=O)N1c1ccc(Cl)cc1,0
c1ccc(-c2ccccc2-n2cnnn2)cc1,0
Cc1cccc(N2C(=O)NC(=O)/C(=C/Nc3ccccc3N)C2=O)c1,0
Cc1ccn2cc(C(=O)Nc3ccccc3N3CCOCC3)nc2c1,0
COc1ccc2[nH]cc(C(=O)N3CCCCC3)c(=O)c2c1,0
Cc1cc(NC(=O)c2cnn3c(C(F)F)cc(-c4ccccc4)nc23)no1,0
CCOCCn1c(SCc2cccc(C)c2)nc2c1c(=O)[nH]c(=O)n2C,0
CCC(=O)N1CCc2cc(S(=O)(=O)NCCC(=O)N3CC=C(c4ccccc4)CC3)ccc21,0
O=C(CSc1nnc(Cn2c(=O)sc3ccccc32)n1-c1ccccc1)N1CCOCC1,0
Cc1csc(NC(=O)CSc2nnc(-c3cccs3)n2C)n1,0
C(=N/n1cnnc1)\c1ccc2ncccc2c1,0
CC(CCc1ccccc1)NC(=O)CN1CCN(Cc2ccccc2)C1=O,0
Clc1cccc(CSc2nnc(-c3ccccn3)n2Cc2ccco2)c1,0
COc1ccc2cc3cc(C(=O)N4CCN(Cc5ccc6c(c5)OCO6)CC4)oc3nc2c1,0
CCCCN(CCCNc1ncnc2nc[nH]c12)c1ccccc1,0
COc1ccc(-c2nc(N3CCOCC3)nc3n[nH]c(N)c23)cc1,1
CC(C(=O)Nc1ccc2c(c1)OCO2)N(c1ccc(Cl)cc1)S(C)(=O)=O,0
Cc1nnc(SCC(=O)N2CCC(C(=O)Nc3nccs3)CC2)n1Cc1ccccc1,0
COc1ccc(CC(=O)NC(C)c2nnc(SCC(=O)Nc3nc(C)cs3)n2C)cc1,0
COc1ccccc1CNC(=O)c1nnc(Cc2ccc(Cl)cc2)o1,0
CCS(=O)(=O)N1CCC(C(=O)NCCCN2CCCC2)CC1,0
CCCn1c(N)c(C(=O)CSc2nnc(Cc3ccccc3)o2)c(=O)n(C)c1=O,0
CC(C)CCn1cnc2c(cnn2-c2ccc(Cl)cc2)c1=O,0
Cc1sc2nc(CN3CCOCC3)nc(N3CCC(C(N)=O)CC3)c2c1C,0
CCc1ccc(C(=O)CSc2ncn[nH]2)cc1,0
Cn1c(=O)n(CC(=O)O)c(=O)c2c1nc1n2CCS1,0
COc1ccc(-n2c(SCC(=O)OC(C)C)nnc2-c2ccccn2)cc1,0
O=C(c1ccc(-c2ccccc2)cc1)N1CCN(c2ncccn2)CC1,0
Cc1cccc2cc(C#N)c(N3CCN(C)CC3)nc12,0
CCOc1ccc(-c2nnc(SCC(=O)N3CCOCC3)o2)cc1,0
Cc1ccc2oc(=O)n(CC(=O)O)c2c1,0
c1ccc2c(Cn3nnc4ccccc43)cccc2c1,0
Cc1ccc(C(=O)NCc2ccc(Cl)cc2)o1,0
Cc1cc(-c2ccccc2)c(C#N)c(SCC(N)=O)n1,0
Cc1cccc(Nc2nn3c(=O)c4ccccc4nc3s2)c1,0
O=C(Nc1ccc2c(c1)OCO2)N1CCN(c2ncccn2)CC1,0
Cc1ccc(CCNC(=O)CCNS(=O)(=O)c2ccc3c(c2)c(=O)n(C)c(=O)n3C)cc1,0
O=C(NCCN1CCOCC1)c1cc(-c2ccco2)on1,0
Nc1nc(CSc2ncn(-c3ccccc3)n2)cs1,0
CC(C)(C)c1ccc(OCCn2ccccc2=O)cc1,0
Cn1c(=O)c2c(nc(CN3CCOCC3)n2CCCc2ccccc2)n(C)c1=O,0
COc1cc(-c2c3c(C)[nH]n(-c4ccccc4)c-3nc(=O)c2C#N)ccc1O,0
Cc1cc(-c2ccccc2)nc2cc(C(=O)NCCCn3ccnc3)nn12,0
CCn1c(=O)cc(OCC(=O)Nc2ccc(Cl)cn2)c2ccccc21,0
COc1cccc(OC)c1C(=O)Nc1c(C)n(C)n(-c2ccccc2)c1=O,0
CCN(CC(=O)NC(C)C)C(=O)c1ccc(S(=O)(=O)N(C)c2ccccc2OC)cc1,0
CCc1ccc2[nH]c(=O)c(C(c3nnnn3Cc3ccccc3)N3CCOCC3)cc2c1,0
O=C(OCCCN1C(=O)c2ccccc2C1=O)c1ccco1,0
O=c1c2ccccc2nnn1CSc1nnc2sc3ccccc3n12,0
CCOC(=O)c1[nH]cnc1C(=O)NC1CCCCC1,0
CCOC1=CC=C/C(=C\Nc2cc(C)cc(C)c2O)C1=O,0
CCC(=O)c1cc2c(cc1NC(=O)C(C)C)OCCO2,0
O=C(NC1CC1)c1ccc2c(c1)ncn2C1CCCC1,0
Cc1nnc(SCC(=O)c2c(N)n(C)c(=O)n(C)c2=O)n1Cc1ccccc1,0
O=C(O)c1ccccc1C(=O)Nc1n[nH]c(=S)s1,0
Cc1cc(C)n(-c2nc(-n3nc(C)cc3C)c3c4c(sc3n2)COC(C)(C)C4)n1,0
COC(=O)CSc1nnc(CNC(=O)c2ccco2)n1-c1ccc(F)cc1,0
Cc1cc(C)n(CCn2nc(C)cc2C)n1,0
COc1cccc(CN2CCN(C(=O)CC(C)C)CC2)c1,0
CC1CN(C(=O)c2cccs2)CCN1C(=O)c1cccs1,0
Cc1nc(C)c(-c2csc(NCc3ccco3)n2)s1,0
Cc1ccc2c3c(c(SCC(=O)Nc4nonc4C)nc2c1)CCCC3,0
O=C(CSc1nc2ccccc2[nH]1)NCCN1CCCCC1,0
C=CCNC(=O)C(C#N)c1nc2ccccc2nc1N1CCCCCC1,0
CCc1ccc(Nc2cc(C)nc3nc(C)nn23)cc1,0
COCCCn1c(SCC(=O)N(C)C)nnc1-c1ccccc1,0
COc1cc(C)c(S(=O)(=O)Nc2ccccc2F)cc1C,0
Cc1nn(C)c(C)c1S(=O)(=O)NC1CCCc2ccccc21,0
O=C(CCSc1nccn1Cc1ccccc1)N1CCOCC1,0
Cc1cccc(N2CCN(C(=O)C3CCN(S(=O)(=O)c4cnc[nH]4)CC3)CC2)c1C,0
O=C(CNS(=O)(=O)c1ccccc1)N1CCN(c2ccccc2)CC1,0
CC(C)(C)OC(=O)N1CCCC1c1nnc(SCc2c(Cl)cccc2Cl)o1,0
CCCCn1cnc2c1c(=O)n(C)c(=O)n2C,0
COc1cccc(-c2nnn(CC(=O)Nc3ccc(C)cc3C)n2)c1OC,0
COc1ccccc1N1CCN(C2=NS(=O)(=O)c3ccccc32)CC1,0
O=C(CSc1nnc2scc(-c3ccc(Cl)cc3)n12)NCc1ccco1,0
O=C(NCC1CCCO1)c1ccc(CS(=O)(=O)Cc2ccc(F)cc2)o1,0
Cc1nc(NC2=NCN(CC3CCCO3)CN2)nc2ccccc12,0
Cc1nnc(NC(=O)CSc2cn(Cc3ccccc3)c3ccccc23)s1,0
OC1CCN(c2ncnc3c2nnn3Cc2c(F)cccc2Cl)CC1,0
COCCSc1nc2sc3c(c2c(=O)n1-c1ccccc1)CCN(C)C3,0
CC1CCCCN1S(=O)(=O)c1ccc2c(c1)CCN2C(=O)CCC(=O)O,0
CSCCC(NC(=O)c1ccccc1)C(=O)NC1CCCC1,0
CC1(C)CC(=O)c2sc(NC(=O)C3CC3)nc2C1,0
CCN(CC)CCCn1c(=S)[nH]c2cc(Cl)ccc2c1=O,0
Cc1cc(C)n(-c2cc(=O)n(C)c(=O)n2C)n1,0
COc1cccc(Cn2c(NCc3ccccn3)nc3c2c(=O)n(C)c(=O)n3C)c1,0
Cc1[nH]c(N2CCN(C)CC2)nc(=O)c1Cc1cccc2ccccc12,0
CCOc1ccccc1OCCCC(=O)NC1=NCCS1,0
C=CC/N=C(\NC#N)SCc1ccccc1Cl,0
COc1nc(-c2ccccc2)ccc1-c1noc(COc2ccccc2)n1,0
S=c1[nH]nc(-c2ccncc2)n1Cc1ccco1,0
CC(=O)N1CCC(N(C(=O)Nc2ccc(C)c(C)c2)C2CCCC2)CC1,0
O=C(Nc1nnc(/N=C/c2ccco2)s1)c1ccc(F)cc1,0
COc1cc(NS(=O)(=O)c2ccccc2)ccc1-n1nc(C)cc1C,0
COc1ccccc1CNc1nc2nc(C)c(Cl)c(=O)n2[nH]1,0
CCCN1C(=O)c2ccc(C(=O)Nc3nccs3)cc2C1=O,0
Cc1ccc2nc(-c3ccccn3)cc(C(=O)NC3CCN(C)CC3)c2c1,0
Cc1nnc(NCc2ccncc2)c2ccccc12,0
O=C(COC(=O)CSc1nnc(-c2ccc(Cl)cc2)o1)NCc1ccc2c(c1)OCO2,0
COc1ccccc1-c1cc(C(=O)N2CCN(c3ccc(F)cc3)CC2)no1,0
Cn1c(N2CCCC2)nc2c1c(=O)n(Cc1ccc(Cl)cc1)c(=O)n2C,0
CC1CCN(C(=O)C(NS(=O)(=O)c2cccc3nsnc23)c2ccccc2)CC1,0
N#Cc1nc(-c2cccc3ccccc23)oc1N1CCCCC1,0
Cc1cccc(N2CCN(S(C)(=O)=O)CC2)c1C,0
Cc1ccc(-n2nc3c(c2NC(=O)c2c(-c4ccccc4Cl)noc2C)CSC3)cc1,0
CN1CCN(C(=O)c2ccc(N(Cc3ccc(Cl)cc3)S(C)(=O)=O)cc2)CC1,0
Clc1cccc2sc(N3CCCC3)nc12,0
Cc1ccccc1-n1c(=O)cc(NCC2CCCO2)[nH]c1=O,0
O=C(COc1ccccc1)Nc1ccccc1N1CCN(c2ccc(F)cc2)CC1,0
CCn1nnnc1NCc1cccn1C,0
NC(=O)CSc1nc2ccccc2n1-c1ccccc1,0
CCC(C)Sc1nc2n(-c3ccccc3)[nH]cc-2c(=O)n1,0
CCN(CC)S(=O)(=O)c1ccc2oc(C(=O)O)c(C)c2c1,0
COCCn1c(SCC(=O)OCc2ccccc2)nc2c1c(=O)[nH]c(=O)n2C,0
Cc1cccc2cc(COC(=O)C(C)(C)C)c(=O)[nH]c12,0
O=C(Cn1cnc2c(nnn2Cc2ccc(F)cc2)c1=O)NCc1ccco1,0
O=C(CN1C(=O)CCC1=O)Nc1nc(-c2nc3ccccc3s2)cs1,0
COCC(=O)Nc1nnc(COc2ccccc2)s1,0
CCCCCn1c(CN2CCN(Cc3ccccc3)CC2)nc2c1c(=O)[nH]c(=O)n2C,0
Cc1ccc(-c2cc(C(=O)Nc3cc(C)on3)c3ccccc3n2)c(C)c1,0
CSc1nsc(SCCN2C(=O)c3ccccc3C2=O)n1,0
CC(=O)Oc1ccc(-c2ccc(C(=O)O)cc2)cc1,0
NC(=O)CSc1nnc2n(-c3ccccc3)c(=O)c3c4c(sc3n12)CCCCC4,0
COc1ccc(-c2noc(COc3ccc(C)c(C)c3)n2)cc1OC,0
CN(C)CCNc1oc(COc2ccc(-c3ccccc3)cc2)nc1C#N,0
CCOC(=O)C1C(=O)NC(N2CCOCC2)=NC1C(C)C,0
COc1ccc(S(=O)(=O)N2CCC(C(=O)NCc3cccc(OC)c3)CC2)cc1,0
CSC1=NCCN1C(=O)c1ccc(S(=O)(=O)N(C)C)cc1,0
Cc1cnc(C)c(N2CCC(C(=O)NCc3ccco3)CC2)n1,0
O=C(O)CN1C(=O)c2cccc(Oc3ccc(Cl)cc3)c2C1=O,0
c1ccc(-c2oc3ncnc(NCCN4CCOCC4)c3c2-c2ccccc2)cc1,0
CCOC(=O)N1CCN(C(=O)CS(=O)(=O)c2cn(Cc3cccc(F)c3)c3ccccc23)CC1,0
CNc1oc(-c2ccc(OCc3ccccc3)cc2)nc1C#N,0
CCC1(CC)C(=O)N(C)C(=O)N=C1NCc1ccccc1,0
O=C(c1noc2c1CCCC2)N1CCN(c2ccccc2)CC1,0
C=CCn1c(SCC(=O)Nc2cc(C)ccc2C)nnc1-c1cnccn1,0
COCc1cc(C)nc(Nc2ccccc2C)c1C#N,0
COc1ccc(CCNC(=O)CC2Nc3ccccc3NC2=O)cc1OC,0
Fc1ccccc1N1CCN(c2ncnc3[nH]ncc23)CC1,1
O=S(=O)(Nc1cccc2ncccc12)c1cccs1,0
COc1cccc(NC(=O)C2CCCN2C(=O)OCc2ccccc2)c1,0
CCc1cc2c(NCCO)ncnc2s1,0
O=C(Cn1nnc(-c2ccccc2)n1)c1ccccc1,0
N#Cc1cc(Cl)c(N2CCOCC2)cc1C#N,0
CCOc1ccccc1Nc1nc(N)nc(CN(C)C2CCCCC2)n1,0
COc1ccc(N2CSC3=C(C#N)C(c4cccs4)CC(=O)N3C2)cc1,0
Cc1ccc(-c2nnc(CSc3nnc(C)s3)o2)cc1,0
COc1ccc(-c2nnc(SCCOc3cccc(C)c3)n2N)cc1,0
CCCS(=O)(=O)N1CCC(C(=O)NCCN2CCCC2)CC1,0
CCCc1nnc(NC(=O)CCC(=O)N2CCCCC2CC)s1,0
COc1ccc(CNc2ccc(-c3ccc(OC)cc3)nn2)cc1,0
Cc1cc(C)n(-c2ccc(C(=O)Nc3ccc4c(c3)OCCO4)cc2)n1,0
CC(C)CC(NC(=O)NCc1ccc(Cl)cc1)C(=O)O,0
Clc1ccc(-c2nnn(Cc3nc4ccccc4s3)n2)cc1,0
O=C(Nc1ccccc1Cl)c1ccc2c(c1)N(Cc1ccc(F)cc1)C(=O)CS2=O,0
O=C(COn1nnc2ccc(Cl)cc21)NCc1ccccc1,0
O=C(NCc1cccnc1)c1cccc2c1C(=O)N(C1CCCCC1)C2,0
Cc1ccccc1-c1nnc(SCC(=O)NC2CCCCC2)o1,0
CC1=CC(=O)/C(=C2\C=C(C(=O)Nc3ccc(S(=O)(=O)N4CCOCC4)cc3)NN2)C=C1C,0
O=C(COC(=O)c1ccco1)Nc1ccc2c(c1)OCCO2,0
COc1cc(OC)cc(C(=O)NCc2nc(-c3ccccc3)no2)c1,0
COc1ccc(Cn2nnnc2C(c2ccncc2)N2CCOCC2)cc1,0
O=C1CC(c2ccc(S(=O)(=O)NCc3ccccc3)cc2)CN1,0
Fc1ccccc1CSc1nnc(-c2cccs2)o1,0
Cc1ccc(C(c2sc3nc(C)nn3c2O)N2CCN(C(=O)c3ccco3)CC2)cc1,0
O=C1C2CCC(C(O)C2)N1Cc1ccccc1,0
Cc1ccc(NC(=O)Cn2cnc3c(cnn3C(C)(C)C)c2=O)cc1,0
CCn1c(Cc2ccccc2)nnc1SCC(=O)Nc1nnc(-c2ccccc2)s1,0
CCC1CCCCN1C(=O)Cn1c(C(=O)OC)cc2sc(Cl)cc21,0
COc1ccc(N2CCN(c3nc4c(c(=O)n(C)c(=O)n4C)n3Cc3ccccc3)CC2)cc1,0
CSc1ccc(-c2nnn(CC(=O)NCc3ccccc3)n2)cc1,0
CCOc1ccc(NC(=O)Nc2ccc(N(C)C(C)=O)cc2)cc1,0
Cc1nnn(C23CC4CC(CC(C4)C2)C3)n1,0
COc1ccc(Cl)cc1NC(=O)c1oc(C)nc1C,0
Cc1cc(C)nc(N2CCC(CNC(=O)CCc3ccccc3)CC2)n1,0
CC(C)Oc1ccc(C(=O)N(CN2CCCC2=O)c2ccc(F)cc2)cc1,0
CC1(CC(=O)O)C(=O)N=C2C=CC=CN21,0
O=C(O)c1cccc(N2C(=O)C3CC=C(Cl)CC3C2=O)c1,0
NC(=O)CSc1nc2scc(-c3ccco3)c2c(=O)n1-c1ccccc1,0
CCCCOC(=O)Nc1ccc(S(=O)(=O)Nc2nc(C)cc(C)n2)cc1,0
O=C(c1cccc(S(=O)(=O)N2CCOCC2)c1)N1CCCC1,0
O=C(O)CCc1nn2c3ccccc3nc2n(CCN2CCCCC2)c1=O,0
COc1ccccc1OCc1csc(NC(=O)c2ccco2)n1,0
N#Cc1cccc(-c2cn(S(=O)(=O)c3ccc(Cl)cc3)nc2N)c1,0
COC(=O)c1nc(NC2=NCCCCC2)n[nH]1,0
O=C(Nc1nc2c(s1)CCCC2)c1cccnc1,0
CCCCn1c(NC(C)CC)nc2c1c(=O)[nH]c(=O)n2C,0
Cc1cc(C)c2c(n1)nn1c(NCCCN(C)C)cc(C)nc21,0
O=C1CC(c2ccco2)Cc2nc(Nc3ccc(F)cc3)ncc21,0
O=C1CC(c2ccc3c(c2)OCO3)CN1,0
COc1ccc(-c2csc(N(CC3CCCO3)C(=O)c3cccs3)n2)cc1,0
COc1cc(CN2CC3CC(C2)c2cccc(=O)n2C3)cc(OC)c1OC,0
CC(C)OC(=O)CC(=O)CSc1nc2c(cc1C#N)CCCC2,0
CCCn1c(C)cc(=O)c2cc(NC(=O)c3ccccn3)ccc21,0
CCN(CCNC(=O)Cn1cc2c(n1)CCCC2)c1ccccc1,0
Cc1nc(Nc2nc3ccccc3o2)nc2c1CCC2,0
Clc1ccc2c(c1)CNc1c(ncnc1N1CCOCC1)O2,0
COc1ccc(C(=O)NCCc2nnc(SCc3nc(=O)c4ccccc4[nH]3)n2C)cc1,0
Clc1ccc(-n2ncc3c(N4CCCC4)ncnc32)cc1,0
CC(=O)Nc1nc2ccccc2n1CCOc1ccccc1Cl,0
COc1ccc(C)cc1Nc1cc(C)nc2ncnn12,0
CC1CCN(/C(S)=C2\C=CC=CC2=O)CC1,0
COc1ccccc1N/C(=N\C(C)=O)Nc1nc(C)cc(C)n1,0
Cn1c(=O)c2c(-c3ccccc3)n(Cc3cccnc3)cc2n(C)c1=O,0
CCOC(=O)c1[nH]c2ccccc2c1NC(=O)C(C)(C)C,0
C/C(Cl)=C\Cn1c(=O)c2c(nc3n2CCS3)n(C)c1=O,0
CCOC(=O)Cc1nnc(NC(=O)c2cccc(OCC)c2)s1,0
CCOC(=O)c1ccc(N2C(=O)C(O)=C(C(C)=O)C2c2ccccn2)cc1,0
CC(C)C(c1nnnn1C1CCCC1)N1CCc2ccccc21,0
CN(C)c1oc(-c2ccccc2Cl)nc1S(=O)(=O)c1ccccc1,0
COc1ccccc1CNc1nc2nc(C)c(C)c(=O)n2[nH]1,0
Cc1onc(-c2ccccc2Cl)c1C(=O)NCCn1ccc2ccccc21,0
Cn1c(SCC(=O)NCc2ccco2)nnc1-c1ccc(S(=O)(=O)N2CCOCC2)cc1,0
Cc1nonc1NC(=O)CSc1nnc(-c2ccoc2C)n1CC(C)C,0
CCN(Cc1ccccc1)C(=O)Cn1cnc2c1c(=O)n(C)c(=O)n2C,0
Cc1c(Nc2cc(=O)oc3ccccc23)c(=O)n(-c2ccccc2)n1C,0
Cc1nnc(SCc2nnc(-c3ccccc3)o2)n(N)c1=O,0
O=C(Nc1ccc2c(c1)OCO2)Nc1cnccn1,0
O=C(Cn1cc2c(n1)CCCCC2)NCCCN1CCOCC1,0
O=C(NCc1ccco1)c1cc(-c2ccccc2)on1,0
O=C(CC(c1ccccc1)c1ccccc1O)NCCN1CCOCC1,0
CCOC(=O)C1=C(Cn2cnc3ccccc32)NC(=O)NC1c1cc(C)ccc1C,0
CCc1cc2c(CN3CCN(CCO)CC3)cc(=O)oc2cc1O,0
CCOC(=O)CN(C(=O)CSc1nnc2c(n1)[nH]c1ccc(OC)cc12)c1ccc(F)cc1,0
CCSc1nc(=O)c2c([nH]1)NC(C)=C(C(=O)OC)C2c1cccnc1,0
Cc1ccccc1-n1nnc2c(=O)oc3ccccc3c21,0
Cc1cc(C)c2c(n1)nn1c(NCCCn3ccnc3)cc(C)nc21,0
CCCc1cc(-n2ccnc2)n2c(nc3ccccc32)c1C#N,0
CCOn1c(=O)c(-c2ccc(OC)cc2)[n+]([O-])c2ccccc21,0
Cc1cc(C(=O)CSc2nc(N)cc(N)n2)c(C)n1CCc1ccc(F)cc1,0
COCCN(CCOC)c1ncnc2c1cnn2-c1ccccc1,0
Cc1sc2nc(SCC(=O)NCc3ccco3)n(C)c(=O)c2c1C,0
Cn1c(=O)n(CCc2ccccc2)c(=O)c2c1ncn2Cc1ccccc1,0
Cc1cc(C)n2c(SCc3c(C)noc3C)nnc2n1,0
CCC(=O)Nc1ccc2c(c1)nc(CCN1CCN(C)CC1)n2C,0
COC(=O)NCC12CC3CC(C1)CC(CNC(=O)OC)(C3)C2,0
CC1=C(C(=O)OC2CCCC2)C(c2ccc(C)o2)C2=C(CC(c3cccs3)CC2=O)N1,0
O=C(Nc1ccc(N2CCN(C(=O)c3ccco3)CC2)c(Cl)c1)c1cccs1,0
CSc1nc(=O)c(C)n[nH]1,0
CCCOc1ccc(-c2nc(N)n[nH]2)cc1,0
CCOC(=O)CSc1nnnn1-c1cccc2ccccc12,0
O=C(Nc1c(C(=O)O)[nH]c2ccccc12)NC1CCCCC1,0
O=C(CSc1nc2ccccc2s1)NC(=O)NCc1ccco1,0
Cc1cc(C)c2c(=O)[nH]c(=O)n(Cc3ccccc3)c2n1,0
COc1ccc(CCn2c(=N)c(C#N)cc3c(=O)n4ccccc4nc32)cc1,0
CCCCN(CC)CCCNC(=O)Cn1nc(Cc2ccncc2)c2ccccc2c1=O,0
Cn1cc(CNC(=O)C2c3ccccc3Oc3ccccc32)cn1,0
O=C(c1cccn2c(=O)c3ccccc3nc12)N1CCN(Cc2ccc3c(c2)OCO3)CC1,0
c1ccc(-c2nnnn2CCOCCn2nnnc2-c2ccccc2)cc1,0
CN(Cc1c(F)cccc1Cl)c1nnnn1-c1ccccc1,0
CCOC(=O)CSc1nc(NC#N)nc(N(CC)CC)n1,0
CCOc1ccc(NS(=O)(=O)c2cc(Cl)ccc2OC)cc1,0
CCOc1ccc2nc(NC(=O)CSc3nc4c(c(=O)n(C)c(=O)n4C)n3C(C)C)sc2c1,0
COc1ccc(S(=O)(=O)N2CCn3c2nc2ccccc23)cc1,0
Cc1n[nH]c(NCCc2ccccc2)nc1=O,0
c1ccc(Cn2c(Nn3cnnc3)nc3ccccc32)cc1,0
COC(=O)CC1SC(=O)N=C1Nc1ccc(C)cc1,0
N#CCCN1CCn2c1nc1ccccc12,0
CCc1nnc(NC(=O)Cn2ccc(C(F)(F)F)n2)s1,0
COCc1cc(=O)nc(/N=C(\N)Nc2ccc(C)cc2)[nH]1,0
COc1ccc(Nc2nc(C)c3ccccc3n2)cc1,0
CC1(C)NC(=O)N(CCCSc2ccc(Cl)cc2)C1=O,0
CCOC(=O)CSc1ncnc2c1cnn2-c1ccc(Cl)cc1,0
C=CCn1c(SCC(=O)Nc2cc(NC(C)=O)ccc2OC)nnc1-c1cccnc1,0
c1coc(CNc2ncnc3nc[nH]c23)c1,0
Cc1nc(NCc2ccccc2)c(C(N)=O)c2c1COC(C)(C)C2,0
Clc1ccc(CSc2nnc(Cn3cnc4ccccc43)o2)cc1,0
Cc1cc(C)n(-c2cc(-c3ccccc3)nc(C)n2)n1,0
CCOc1ccc2nc(Nc3nc(=O)c4c([nH]3)CCC4)nc(C)c2c1,0
COc1ccc(NC(=O)N2CCCC2C(=O)Nc2ccc(C)cc2)cc1,0
CC(C)CCn1nc(C(=O)OC(C)C(=O)NC(N)=O)c2ccccc2c1=O,0
CC(C)Cc1nc(N2CCOCC2)c(C#N)c2c1COC(C)(C)C2,0
CCCn1nnc(NC(=O)c2cc3ccccc3o2)n1,0
Nn1c(Cc2cccc3ccccc23)nnc1SC1CCOC1=O,0
O=C1CC(c2ccc(F)cc2)CC(=O)C1=CNCCN1CCN(C(=O)Nc2ccccc2)CC1,0
CC(C)Cn1c(O)c(C(=O)Nc2cnccn2)c(=O)c2ccccc21,0
c1ccc(-n2nnc3cnccc32)cc1,0
COCCNC(=O)CN(C(=O)Cn1nnc2ccccc21)c1ccccc1,0
O=C(Cc1ccc(-n2cnnn2)cc1)NC12CC3CC(CC(C3)C1)C2,0
COc1ccc(NC(=O)C2(N(CC(C)C)C(=O)Cn3nnnc3N)CCCCC2)cc1,0
O=C(NCCN1C(=O)C2C3C=CC(C3)C2C1=O)Nc1ccccc1,0
COc1ccc(C)cc1S(=O)(=O)N1CCCCC1,0
CCOc1ccc(N2CC(=O)N=C2Nc2nc(C)cc(C)n2)cc1,0
Cc1nc(Nc2ccncc2)c2oc3ccccc3c2n1,0
CC1CCN(c2oc(-c3ccccc3F)nc2C#N)CC1,0
COc1ccc(CCN(Cc2nc(=O)c3ccccc3[nH]2)C(=O)c2ccco2)cc1,0
C1=C(CCNc2ncnc3c2cnn3-c2ccccc2)CCCC1,0
Cc1ccc(Nc2nnns2)cc1C,0
COc1ccc(NC(=O)NCCCN2CCCC2=O)cc1,0
CCOc1ccc(CC2SC(Nc3ccccn3)=NC2=O)cc1,0
C=C(C)CSc1nnc(-c2cccc(Cl)c2)n1N,0
CCOC(=O)N1CCN(Cc2c(F)cccc2Cl)CC1,0
S=C(c1ccc(-c2ccccc2Cl)o1)N1CCOCC1,0
Cc1nc2nc(SCC(=O)NCc3ccco3)nn2c(C)c1Cc1c(F)cccc1Cl,0
Cc1[nH]n(-c2ccccc2)c(=O)c1S(=O)(=O)c1ccccc1,0
CCc1ccc(Nc2cc(=O)n(C3CCCCC3)c(=O)[nH]2)cc1,0
Cc1cccc(-n2nnc(C(=O)Nc3ccc(F)cc3)c2N)c1,0
CCOC(=O)N1CCC(N(CCOC)C(=O)Nc2ccc(Cl)c(Cl)c2)CC1,0
N#Cc1c(NCCCO)nc(-c2ccccc2)c2c1CCCC2,0
O=C(Cn1cnc2c(nnn2Cc2ccccc2)c1=O)c1ccccc1,0
Cc1cc(C)nc(SCC(=O)Nc2cc(C)on2)n1,0
CC(=O)CC1(C)OC(N)=C(C#N)C1(C#N)C#N,0
Cn1c(=O)c2c(nc(SCCN3CCOCC3)n2Cc2ccc(F)cc2)n(C)c1=O,0
CCC(=O)Nc1cccc(C(=O)c2ccccc2)c1,0
CC1(C)CC(=O)C(=CNCCCN2CCCC2=O)C(=O)C1,0
O=C(NCCCn1ccnc1)c1cc2c(s1)CCCCC2,0
CCOc1cccc2cc(-c3nnc(NCc4ccco4)s3)c(=O)oc12,0
O=C(NCc1ccccc1F)C1CCCN(C(=O)NC2CCCCC2)C1,0
Cc1cccc(NC(=O)COc2nsnc2N2CCOCC2)c1,0
C=CCn1c(SCC(=O)NCC(=O)OCC)nnc1-c1ccccn1,0
CC(NC(=O)c1ccc(Cl)cc1)C(=O)NC1=NCCS1,0
c1ccc(-n2nnnc2Sc2n[nH]c(-c3ccncc3)n2)cc1,0
Cc1[nH]c(=O)[nH]c(=O)c1S(=O)(=O)N1CCOCC1,0
CN(c1ccccc1C(=O)N1CCOCC1)S(C)(=O)=O,0
CC(C)(C)OC(=O)NCCc1nnc(SCC(=O)c2ccc(Cl)cc2)o1,0
Cc1occc1C(=O)Nc1nnc(C2CCCCC2)s1,0
CC1CN(C(=O)CCn2c(=O)oc3ccccc32)CC(C)O1,0
COc1ccccc1Nc1nc(N)nc(CN2CCN(c3ccccc3)CC2)n1,0
CC1CCN(C(=O)CSc2nc(N)c3c4c(sc3n2)CN(C)CC4)CC1,0
COC(=O)c1ccc(C)c(NC(=O)CN(c2ccc3c(c2)OCO3)S(C)(=O)=O)c1,0
Fc1cccc(CN2CCN(c3ncccn3)CC2)c1,0
CCCc1nc(NC(C)=O)c(C#N)c(-c2ccco2)c1CC,0
CCCCNC(=O)Cn1c(-c2ccc(OC)cc2)noc1=O,0
COc1ccc2c(c1)c1c(n2C(C)=O)C(OC(C)=O)=NCC1,0
CCOC(=O)Cc1cc(=O)nc(Nc2nc3ccccc3o2)[nH]1,0
CCN1CCN(C(=O)Cn2ncc3c2-c2ccccc2OC3)CC1,0
Cn1c(=O)c2[nH]cnc2n(-c2ccccc2)c1=O,0
O=C(Nc1ccc(-c2noc(COc3ccccc3Cl)n2)cc1)c1ccco1,0
N#Cc1c2n(c3c(=O)n(Cc4ccccc4Cl)cnc13)CCCC2,0
Cc1ccc(Cn2nnc3c(=O)n(Cc4ccccc4C)cnc32)cc1,0
CC(C)OCCCNc1nc2c([nH]1)c(=O)n(C)c(=O)n2C,0
COc1ccc(CN2CCCC2C(=O)Nc2ccc(OC)c(OC)c2)cc1OC,0
CC1CN(C(=O)CN2C(=O)c3ccccc3S2(=O)=O)CC(C)O1,0
COc1ccc2c(c1)[nH]c1c(=O)n(CCN3CCCC3)cnc12,0
O=C1CC(N(O)c2ccccc2)C(=O)N1Cc1ccccc1,0
CCOc1ccc(NC(=O)C(CC)NC(=O)c2ccccc2CO)cc1,0
O=C(NC1=NCCS1)C1CC(=O)N(c2ccccc2)C1,0
CCc1c(O)nc(SCC(=O)Nc2ccc3c(c2)CCC3)[nH]c1=O,0
Cc1cccc(-n2c(CCN3C(=O)c4ccccc4C3=O)nc3ccccc3c2=O)n1,0
CCOC(=O)N1CCC(NC(=O)C2CCC(Cn3c(=O)[nH]c4ccccc4c3=O)CC2)CC1,0
c1nnn(C23CC4CC(CC(C4)C2)C3)n1,0
Cn1c(SCC(=O)c2cc3ccccc3o2)nnc1-c1ccccc1,0
CC1(C)NC(=O)N(CC(O)CN2C(=O)NC(C)(C)C2=O)C1=O,0
O=C(OCC(=O)N1CCN(C(=O)c2ccco2)CC1)c1sc2ccccc2c1Cl,0
O=C(OCCN1CCCCC1)c1ccc(O)cc1,0
CC1CCCCN1C(=O)Cn1c(=O)n(C2CCCCC2)c(=O)c2ccccc21,0
O=C(CCSc1ccccc1)NCCSc1ccccn1,0
O=C(NCc1ccccn1)c1cnc2sccn2c1=O,0
COc1ccccc1N(C(C)=O)C1SC(=O)N(c2ccccc2)C1=O,0
COc1cc(C(=O)NCCC(=O)NC2CCCCCCC2)cc(OC)c1OC,0
Cc1ccc(-c2nnc3c4ccccc4c(C)nn23)cc1NC(=O)CN1CCOCC1,0
O=C(C1CCC1)N1CCc2cc(S(=O)(=O)NC3CCCC3)ccc21,0
Cc1cc(C(=O)N2CCN(c3ncccn3)CC2)cs1,0
Cc1cc2cc(CN(CCCN3CCOCC3)C(=O)NC3CCCCC3)c(=O)[nH]c2cc1C,0
O=c1[nH]n(-c2ncnc3c2cnn3-c2ccccc2)c(=O)c2ccccc12,0
CC(=O)Cc1nsc(NC(=O)c2ccccc2)n1,0
CCCn1nnnc1NC(=O)CSc1ccc(Cl)cc1,0
Cc1n[nH]c(SCC(=O)Nc2sc3c(c2C#N)CCCC3)nc1=O,0
N=c1c(C(=O)NCc2ccco2)cc2c(=O)n3ccccc3nc2n1CCc1ccccc1,0
Nc1nnnn1NCc1cccc(OCc2ccccc2)c1,0
CC(=O)Nc1nonc1-c1nc2ccccc2n1CCC#N,0
CCCC(=O)Nc1ccc(NC(=O)c2ccco2)c(OC)c1,0
COCCCN(C(=O)Nc1ccccc1)C(C)c1ccncc1,0
CN(C)S(=O)(=O)N(CC(=O)Nc1ccccc1F)c1ccccc1,0
O=C(CSc1nc(=O)c2ccccc2[nH]1)N1CCCCCC1,0
CCCCC(=O)N(CCOC)c1nnc(-c2ccc(OC)cc2)s1,0
Cc1ccc(S(=O)(=O)Nc2ccc3c(c2)ncn3C(C)(C)C)cc1,0
CC1CCN(S(=O)(=O)c2cccc(C(N)=O)c2)CC1,0
CCSc1ccccc1C(=O)Nc1cc(C)on1,0
Cc1[nH]c(=S)[nH]c(=O)c1CCOc1ccccc1,0
O=C(Cn1nnc(-c2ccccc2)n1)NCc1ccc2c(c1)OCO2,0
CC(C)N1CCc2c(sc(NC(=O)c3ccc(S(=O)(=O)N4CCOCC4)cc3)c2C(N)=O)C1,0
O=C(NCc1ccc2c(c1)OCO2)Oc1ccccc1,0
CN(C)c1ccc(CNn2cnnc2SCc2ccc(F)cc2)cc1,0
Cc1onc(-c2c(F)cccc2Cl)c1C(=O)NCc1cccs1,0
CCOC(=O)c1c(NC(=O)CSc2nnnn2C)sc(CC)c1C,0
COCc1nnc(NC(=O)CCCOc2ccccc2OC)s1,0
CCCC(=O)n1nc(-c2ccco2)nc1SCc1ccccc1,0
Cc1cccc(NC(=O)c2cc(N3CCOCC3)nc3ccccc23)c1,0
COC(=O)Cn1c(CN2CCOCC2)nc2c1c(=O)n(C)c(=O)n2C,0
O=C1C2CSCN2C(=O)CN1CCc1cccc(F)c1,0
CCOc1cccc(OCCOCCN(C)Cc2ccccc2)c1,0
O=c1cc(-c2ccccc2)[nH]n1-c1nc2ccccc2s1,0
Cc1ccc(S(=O)(=O)N2CCCC2C(=O)NCc2ccco2)cc1,0
CC(C)OCCCNc1ncnc2c1[nH]c1ccc(F)cc12,0
CC(=O)Nc1ccc(C(=O)n2nc(C)cc2C)cc1,0
O=C(CN1C(=O)COc2ccccc21)NCCN1CCN(Cc2ccccc2)CC1,0
Cc1cc(C)n2nc(SCC(=O)c3cc(C)n(-c4cc(C)on4)c3C)nc2n1,0
Cc1nc2c3ccccc3n(CC#N)c(=O)n2n1,0
O=C(COc1ccc2c(c1)CCC2)N1CCc2ccccc21,0
Cn1c(SCC(=O)N2CCCc3ccccc32)nnc1-c1cccs1,0
O=C(c1ccncc1)N(Cc1ccccc1)Cc1nc(=O)c2ccccc2[nH]1,0
COc1cc(-c2nc(-c3ccc(-c4ccccc4)nc3OC)no2)cc(OC)c1OC,0
Cc1cc(C)n(-c2nc(-c3cccc(Cl)c3)cs2)n1,0
CC(=O)c1c(C)[nH]c(C(=O)OCC(=O)NCCc2ccc(F)cc2)c1C,0
CCS(=O)(=O)N1CCC(c2nc(-c3ccc(C)cc3)no2)CC1,0
O=C(Nc1ccc2c(c1)OCO2)c1cccc2c1C(=O)N(C1CCCCC1)C2,0
OCCN1CCN(c2ncnc3nc[nH]c23)CC1,0
Cc1cc(CNC(=O)Cc2c(F)cccc2Cl)nn1C,0
COc1cc(-n2c(C)nc3cc(C(=O)N4CCOCC4)ccc32)cc(OC)c1OC,0
O=C(COc1ccccc1Cl)NC(=O)NC1CCCC1,0
CN1C(=O)CSc2ccc(NC(=O)NCCC3=CCCCC3)cc21,0
O=C1c2ccccc2C(=O)N1Cc1nc(-c2ccncc2)no1,0
CNC(=O)c1cc2c(=O)n3cc(C)ccc3nc2n(Cc2ccco2)c1=N,0
Nc1nc(-c2ccco2)c(-c2ccco2)s1,0
O=C(CSCc1c(F)cccc1Cl)NCc1ccco1,0
CCn1c(CCC(=O)Nc2cc(F)ccc2C)nc2cc(S(=O)(=O)N(C)C)ccc21,0
CCCCn1c(SCC(=O)c2ccccc2)nc2c1c(=O)[nH]c(=O)n2C,0
C=CCn1c(Cc2cccs2)nnc1SCC(=O)Nc1cccc(OC)c1,0
CC1CCN(C(=O)CCc2nc3cc(S(=O)(=O)N(C)C)ccc3n2C)CC1,0
N#Cc1ccc(Oc2cccnc2)cc1C#N,0
CCCc1cc(=O)nc(SCc2ccccc2)[nH]1,0
Cc1cccc(C)c1NC(=O)CSc1nnc(-c2ccoc2C)n1C,0
CC(C)(C)n1nc2c(c1NC(=O)c1ccc(S(=O)(=O)N3CCCCC3)cc1)CS(=O)C2,0
O=C(Nn1c(-c2ccccc2)nc2ccccc2c1=O)C1CCC1,0
CCOC(=O)c1cccc(NC(=O)CCc2c(C)nc3ncnn3c2C)c1,0
CCNc1nc2c(c(=O)[nH]c(=O)n2C)n1CC(C)C,0
O=C(NCc1ccco1)c1cccc(S(=O)(=O)N2CCCCC2)c1,0
CC(=O)Nc1ccc(S(=O)(=O)c2ccc(N)cc2)cc1N,0
COc1cccc(CNC(=O)C2CCN(S(=O)(=O)c3ccc4c(c3)CCC(=O)N4)CC2)c1,0
O=C1c2ccccc2NC(c2ccco2)N1O,0
COc1ccc(N(CC(=O)NC2CCCCCCC2)S(=O)(=O)c2c(C)nn(C)c2C)cc1,0
Cc1c(C(=O)Nc2ccc(-n3cnnn3)cc2)oc2ccccc12,0
O=C(Cn1nc(-c2ccccc2)c2ccccc2c1=O)Nc1ccccn1,0
CCOc1ccccc1OCCn1nnc2ccccc21,0
Cc1c(Cl)cccc1NC(=O)CSCc1cc(=O)[nH][nH]1,0
Cc1cc(C)nc(N2CCCC(C(=O)NCCc3cccc(F)c3)C2)n1,0
O=C1C=CC(Cl)=C/C1=C\Nc1nccs1,0
CCCC(=O)Nc1c2c(nn1-c1ccc(OC)cc1)CS(=O)(=O)C2,0
O=C(Cc1c(F)cccc1Cl)NCC1CCCO1,0
CCCc1cc(C(=O)Nc2cccnc2)no1,0
NC(=O)CSc1nnc(Cn2c(=O)sc3ccccc32)n1CCc1ccccc1,0
O=c1cc(CO)oc(C(Nc2ccccn2)c2ccsc2)c1O,0
c1ccc(-n2nnnc2Oc2ccc(-c3nnco3)cc2)cc1,0
Cc1ccc(Cn2nnnc2CN2CCC(O)(c3ccc(F)cc3)CC2)cc1,0
O=C(CSc1n[nH]c(=O)n1C1CC1)Nc1cc(Cl)ccc1Oc1ccccc1,0
CCOC(=O)C(C#N)C(c1cccnc1)c1c(C)[nH][nH]c1=O,0
O=C(CSc1nnc(-c2ccncc2)o1)Nc1ccccc1Cl,0
O=C(CCn1cccc1)NCc1ccc(Cl)cc1,0
N#C/C(=C\Nc1ccc2c(c1)OCCO2)c1nc2ccccc2[nH]1,0
CCN(CC)S(=O)(=O)c1cccc(C(=O)NC(C(=O)NC2=NCCS2)C(C)C)c1,0
Cc1csc(NC(=O)Cc2nn(C)c(=O)c3ccccc23)n1,0
CCOC(=O)N1CCC(NC(=O)C2CCCN(C(=O)c3cc4sccc4n3C)C2)CC1,0
COC(=O)C1=C(C)NC2=C(C(=O)CCC2)C1c1ccccn1,0
CCn1c(SCC(=O)NC2CCCCC2C)nnc1-c1ccc(OC)cc1,0
COC(=O)CSc1nc2ccccc2n1CC(=O)N(C(C)C)C(C)C,0
Cc1ccc(-c2nc(N)n(C(=O)Cc3ccccc3)n2)cc1,0
CCOc1ccc(NC(=O)CSc2nc3c(c(=O)n2-c2ccccc2OC)SCC3)cc1,0
CN1CCN(/C=N/c2c(C#N)cnn2C)CC1,0
COCC(=O)N(Cc1cc2ccccc2[nH]c1=O)c1ccccc1OC,0
Cc1cc(Cl)c(S(=O)(=O)NCc2ccncc2)cc1OCC(N)=O,0
CCNc1nc2nonc2nc1NCC,0
COc1ccc(N2CCN(C(=O)CSc3nc(=O)c(C)n[nH]3)CC2)cc1,0
O=C(O)c1cc(-c2ccccn2)n[nH]1,0
C=CCn1c(/N=C/c2ccc(N(C)C)cc2)nc2ccccc21,0
Cc1ccc2c(c1)nnn2C1CCN(C(=O)NC23CC4CC(CC(C4)C2)C3)CC1,0
NC(=O)C1CCN(C2OC(=O)c3ccccc32)CC1,0
Cc1cccnc1-n1c(-c2ccco2)nc2ccccc2c1=O,0
O=C(Nc1ccc(F)cc1F)N1CCCCC1c1cccnc1,0
NC(=O)CSc1nnc(COc2ccccc2)n1C1CCCCC1,0
O=C(CSc1nnc(COc2ccc(Cl)cc2)o1)OC1CCCCC1,0
COc1ccc(CC(=O)n2nc(-c3ccccc3)nc2NCc2ccco2)cc1,0
Cc1ccccc1-n1nc2c(c1NC(=O)COc1ccc(Cl)cc1)CS(=O)C2,0
Cc1ccnc(NC(=O)CCC2CCCCC2)c1,0
CC1(C)Cc2c(c(N3CCCCC3)[nH]c(=S)c2C#N)CS1,0
COc1ccc(N(CC(=O)N2CCN(C)CC2)S(C)(=O)=O)cc1OC,0
O=C(c1cc2ccccn2n1)N1CCCC1,0
O=C1CC(NCc2ccc3c(c2)OCO3)C(=O)N1CCc1ccccc1,0
CSCCC(NC(=O)c1ccccc1)C(=O)NCc1ccco1,0
CCCc1cc(=O)n2[nH]cnc2n1,0
Cc1ccc(C)c(-c2nnc(OCC(=O)Nc3cc(C)on3)c3ccccc23)c1,0
O=C(Nc1nccs1)C1CCCN(S(=O)(=O)c2cccc3cccnc23)C1,0
COC(=O)c1nc(-c2ccccc2)n[nH]1,0
CC1CCN(S(=O)(=O)c2ccc(Cl)cc2)CC1,0
O=C(O)CSC1=NN/C(=C2/C=CC=CC2=O)N1Cc1ccccc1,0
Cc1ccc(N(C)C(=O)N2CCN(c3ccccn3)CC2)cc1,0
Clc1cccc(-c2ccc(/C=N/n3cnnc3)o2)c1,0
CC1(C)Cc2c(c(-c3ccccc3Cl)[nH]c(=O)c2C#N)CO1,0
CCOC(=O)c1cn(CC(=O)Nc2ccc(C(C)C)cc2)nn1,0
Cn1c2ccccc2c2c(C(=O)N3CCN(c4ccccn4)CC3)cn(C3CCCC3)c(=O)c21,0
COc1ccc(-c2nnc(SCC(=O)NC3CCCCC3)o2)cc1OC,0
COCCn1c(SCC(=O)NCc2cccs2)nnc1-c1ccc(OC)cc1,0
CCOC(=O)c1cc(-c2ccc(Cl)s2)nc2c1c(C)nn2C,0
Cc1cccc(-n2ncc3c(N4CCC5(CC4)OCCO5)ncnc32)c1,0
Cn1c(=O)c2[nH]cnc2n(C)c1=O,0
Cc1ccc(S(=O)(=O)N2CC3CCC2C3)cc1,0
Cc1c(NC(=O)c2cc(-c3ccccc3)on2)c(=O)n(-c2ccccc2)n1C,0
CCOC(=O)c1cc2c(=O)n3ccccc3nc2n(Cc2ccccc2Cl)c1=N,0
CC1CCN(C(=O)Cc2nn(C)c(=O)c3ccccc23)CC1,0
CCOc1ccc(N2C(=O)c3cccnc3C2Nc2ccc(C)cc2)cc1,0
CCCn1c(O)c(C(=O)NCc2ccncc2)c(=O)c2ccccc21,0
COc1ccc(OCC(=O)Nc2cc(-c3nn4c(C)nnc4s3)ccc2C)cc1,0
O=C(NCCC1=CCCCC1)c1ccc(F)c(S(=O)(=O)N2CCOCC2)c1,0
Cc1nc2cc(NC(=O)N3CCN(c4ccccn4)CC3)ccc2o1,0
O=C(Nc1ccc(Cl)cc1)N1CCSCC1,0
CC(=O)Nc1c(C(=O)NCc2ccccc2)nnn1Cc1ccccc1,0
CC1(NC(=O)CCCSc2ccccc2)CCS(=O)(=O)C1,0
O=C(CSc1ncc(-c2ccc(F)cc2)n1Cc1ccco1)Nc1ccc2c(c1)OCO2,0
CCn1c(SCC(=O)c2ccccc2)nnc1-c1ccoc1C,0
CC(=O)Nc1ccc(C(=O)CSc2nnc3scc(-c4ccccc4)n23)cc1,0
CN(CCc1ccccn1)c1ncnc2[nH]ncc12,0
Cc1ccc(-c2nn(CC(=O)NCC3CCCO3)c(=O)c3ccccc23)cc1,0
Cc1ncsc1C(=O)NCc1ccc(N2CCCC2=O)cc1,0
CCN(CCC(=O)Nc1cc(OC)cc(OC)c1)Cc1ccccc1,0
Cc1nn(C)cc1CNC(=O)C1C2CCC(O2)C1C(=O)O,0
N#CC1=C(N)N(c2ccccc2Sc2ccccc2)C(=O)C1,0
CCCS(=O)(=O)N1CCCC(C(=O)NCCc2ccc(Cl)cc2)C1,0
Cc1ccc2c(c1)nnn2C1CCN(CC(=O)NCCc2nc3ccccc3[nH]2)CC1,0
Cc1nn(-c2ccccc2)c2c1C1(C(=O)Nc3ccccc31)N1C(=N2)Sc2ccccc21,0
CCCCOCCCNC(=O)Cc1cccs1,0
CCOC(=O)c1sc(NC(=O)CSc2ncn(-c3ccccc3)n2)nc1C,0
Cc1ccc2nc(SC(C)C(=O)N3CCCC3)[nH]c2c1,0
COc1ccc2nc(NC(=O)Cn3cnc4c(=O)n(C)c(=O)n(C)c43)sc2c1,0
N#CC1=C(SCc2ccccc2)NC(=O)CC1c1ccco1,0
CC1(C)CC(=O)C2=C(C1)OC(c1ccncc1)C(C#N)=C2N,0
Cn1c(SCCOc2ccccc2Cl)nnc1-c1ccncc1,0
CN(CCCCCNC(=O)/C=N/O)Cc1ccccc1,0
O=C1c2cccc3cccc(c23)C(=O)N1c1nncs1,0
CCCCCc1c(C)[nH]c(N2CCOCC2)nc1=O,0
N#Cc1c2n(c3c(=O)n(Cc4ccc(Cl)cc4)cnc13)CCCCC2,0
COC(=O)C(C)N(C#N)c1nc(C)nc(C)n1,0
CC1CN(C(=O)c2cccc(S(=O)(=O)N3CCOCC3)c2)CC(C)O1,0
CCOC(=O)c1cc(-c2ccncc2)nc2c1c(C)nn2-c1ccccn1,0
O=C1c2ccccc2C(Nc2ccc(Cl)cn2)N1c1ccccn1,0
CCn1nc(NC(=O)c2ccncc2)c2cc3ccc(C)cc3nc21,0
COC(=O)c1cc2c(=O)n3ccccc3nc2n(C)c1=N,0
COc1cc(-c2nnc(SCc3ccccc3Cl)o2)cc(OC)c1OC,0
c1ccc2c(c1)OCC(c1nnc3n1-c1ccccc1SC3)O2,0
CCn1c(SCC(=O)Nc2cccc(C)c2)nc2c(c1=O)SC(C)C2,0
O=C(Nc1nccs1)c1ccc2nccnc2c1,0
COc1ccc(CCNC(=O)Cn2c(-c3nonc3N)nc3ccccc32)cc1OC,0
COc1ccc(-c2nnc(SCC(=O)NCc3ccco3)o2)cc1,0
COc1ccc(Cl)cc1S(=O)(=O)n1ccnc1C(C)C,0
Cn1/c(=N/C(=O)c2cnccn2)sc2ccccc21,0
CCn1cc(C(=O)N2CCc3ccccc32)c(=O)c2cc(S(=O)(=O)N3CCOCC3)ccc21,0
C=CCN1C(=O)NC(=O)/C(=C(/C)Nc2ccc(NC(C)=O)cc2)C1=O,0
O=c1cc(-c2cccc3ccccc23)[nH][nH]1,0
Cc1ccccc1-c1nn2c(-c3ccccc3)nnc2s1,0
Cc1cc(C(=O)NCC(c2ccco2)N(C)C)no1,0
CCOC(=O)/C(C#N)=C1/C=CN(c2ccccc2)C=N1,0
COc1cc(OC)cc(C(=O)N2CCN=C2SCc2cccnc2)c1,0
Cc1cc(C)nc(N2CCC(C(=O)Nc3ccc4c(c3)CCC4)CC2)n1,0
CCOC(=O)N1CCC(NC(=O)CN2C(=O)CSc3nc(C)cc(C)c32)CC1,0
O=C(O)CCSc1nnc(-c2ccncc2)n1-c1ccccc1,0
Nc1ncnc2c1ncn2CCNCCc1ccccc1,0
Cn1nccc1C(=O)NCCN1C(=O)OC(C)(C)C1(C)O,0
COc1ccc(S(=O)(=O)N2CCCC(C(=O)NCc3ccccn3)C2)cc1Cl,0
COc1ccc(-c2nn(CCC(=O)O)cc2CCC(=O)O)cc1,0
CCCn1c(SCC(N)=O)nnc1-c1ccco1,0
COCC(=O)Nc1cc(OC)c(Cl)cc1OC,0
COCCn1c(SCc2cnc(-c3ccccc3)s2)nnc1-c1ccncc1,0
O=C(Cc1cn2ccsc2n1)Nc1cccc2cnccc12,0
CN(C)c1nc2c(c(=O)[nH]c(=O)n2C)n1Cc1ccc(F)cc1,0
O=C(Nc1ccc(NC(=O)C2CC2)nc1)c1cccs1,0
Nc1nonc1-c1nc2ccccc2n1Cc1ccc(F)cc1,0
Cc1cc(NC(=O)COc2cccc3cccnc23)no1,0
Cc1ccc(N2C(=O)c3sc4nnc(C)c(=O)n4c3C2=O)cc1,0
O=S(=O)(Nc1ccc2c(c1)nc1n2CCN(Cc2ccccc2)C1)c1ccc(Cl)cc1,0
O=C(Nc1cccnc1)Nc1ccc(F)c(Cl)c1,0
CC(=O)Nc1nc(CC(=O)c2ccccc2)cs1,0
CC(C)(C)NC(=O)C(c1ccco1)N(C(=O)c1ccc(CN2CCOCC2)o1)c1ccccc1,0
Cc1cc(C)n(-c2nc(NCc3cccnc3)c3c4c(sc3n2)COC(C)(C)C4)n1,0
Cc1cc(C)cc(OCC(=O)Nc2cccc(-c3nc4ncccc4o3)c2)c1,0
CC(C)CCNc1ncnc2c1nnn2Cc1ccccc1Cl,0
O=C(Nc1ccc(N2CCOCC2)cc1)c1cnsn1,0
Cn1ncc2c1ncn1c(-c3ccccc3Cl)nnc21,0
CCn1cc(C(=O)NC2CCCCC2C)c(=O)c2ccc(C)nc21,0
CCOC(=O)CSc1nc2cc(OCC)ccc2cc1C#N,0
CCc1nnc(NC2=NCCC2)s1,0
CCOC(=O)c1sc(NC(=O)c2ccc3ncsc3c2)nc1C,0
O=C(CSc1nnc(-c2cccs2)n1-c1ccccc1)NCc1ccco1,0
Cc1cccc(-n2c(N)cc(=O)[nH]c2=S)c1C,0
COc1ccc(CCNS(=O)(=O)c2ccc3c(c2)CCN3C(=O)C2CC2)cc1OC,0
Cc1ccc(N2CC(C(=O)NCc3cccs3)CC2=O)cc1,0
Cc1ccccc1C(=O)NC1CC(C)(C)NC(C)(C)C1,0
COc1ccc(-n2cnnc2SCCC#N)cc1,0
CN(C)c1nc(N)nc(Cn2ccnc2)n1,0
O=C1c2ccccc2-c2onc3ccc(NCCCn4ccnc4)c1c23,0
CCN(C#N)c1nc(NC(C)C)nc(NC(C)C)n1,0
COc1ccccc1C(=O)Nc1cc(Cl)ccc1O,0
Cc1cc(=O)nc(N/C(=N\C(=O)c2ccccc2)Nc2ccc3c(c2)OCCO3)[nH]1,0
O=C(Oc1ccccc1)c1ccc(-n2cnnn2)cc1,0
CCOc1ccc(NC(=O)C(C)Sc2nnnn2C)cc1,0
Cc1noc(C)c1C(=O)Nc1ccon1,0
COc1ccc(-c2nnc(SCC(=O)N3CCc4ccccc4C3)o2)cc1,0
CC(C)(CNC(=O)CN1C(=O)c2ccccc2C1=O)CNC1=NS(=O)(=O)c2ccccc21,0
O=C(O)C(Cc1c[nH]c2ccccc12)NS(=O)(=O)c1cccc2nsnc12,0
Nc1nc(-c2ccccc2)nn1C(=O)Cc1ccccc1,0
CCOC(=O)Cn1c(N2CCCCCC2)nc2c1c(=O)[nH]c(=O)n2C,0
CSc1ccccc1NC(=O)c1onc(C)c1Cl,0
Cc1ccc(OCC(=O)n2cnnc2N)c(C)c1,0
O=C(Cn1c(-c2cncs2)nc2ccccc21)NC1CCCC1,0
CC1CCCCN1CCNC(=O)c1ccc2c(=O)n(CCc3ccccc3)c(=O)[nH]c2c1,0
Nc1nnc(-c2ccccc2Cl)s1,0
CC(C(=O)NCc1cccnc1)N1C(=O)c2ccccc2C1=O,0
CCCCOc1c(Cl)cc(CNC(C)(C)CO)cc1OCC,0
CC(C)CC(NC(=O)Nc1cccc(Cl)c1)C(=O)O,0
O=C(O)c1ccc(COc2ccc(CO)cc2Cl)cc1,0
O=C(NCCc1ccccc1)C1CCN(c2nc3ccccc3o2)CC1,0
COc1ccc(CCNC(=O)CCCn2c(SCC#N)nc3ccccc3c2=O)cc1OC,0
Cn1nccc1C(=O)Nc1ccc(OC(=O)c2ccnn2C)cc1,0
CCCC(=O)Nc1cccc(-c2cn3ccsc3n2)c1,0
CCOCC(=O)Nc1nnc(COCC)s1,0
COCCSc1nnc(-c2cccc(C#N)c2)n1C,0
NC(=O)CSc1nnnn1-c1ccc(OC(F)(F)F)cc1,0
Cc1ccccc1NC(=O)c1cc(N)ccc1N1CCCCC1,0
O=C(Nc1cccnc1)Nc1ccccc1Cl,0
C=CCn1c(SCn2nnc3ccccc3c2=O)nnc1C1CCCCC1,0
COc1ccc(Cl)cc1N(C)C(=O)CCc1nc(-c2ccc(C)cc2)no1,0
COc1cc(-c2nnc3sc(-c4ccco4)nn23)cc(OC)c1OC,0
CC(=O)Nc1cccc(Cl)c1C(=O)O,0
Cc1ccc(CSc2nnc(-c3ccccn3)n2C)cc1,0
CCOc1cc2c(C#N)c(N3CCOCC3)nc(N)c2c(N)n1,0
COc1ccc(CC(=O)Nc2nncs2)cc1OC,0
O=C(CCn1nnc2ccccc21)Nc1nnc(Cc2ccccc2)s1,0
O=C(Nc1cccc(F)c1)Nc1ccccn1,0
Cc1ccccc1Nc1nc(N)nc(COC(=O)CCS(=O)(=O)c2ccccc2)n1,0
Cn1c(SCc2ccon2)nc2ccccc2c1=O,0
C/C(=N\O)c1ccc2c3c([nH]c2c1)CCCC3,0
O=C1c2ccccc2C(Nc2cccnc2)N1Cc1ccc2c(c1)OCO2,0
CCC(C)NC(=O)CSc1nnc(-c2ccc(C(C)(C)C)cc2)n1C,0
CCOC(=O)c1[nH]c(C)c(C(=O)NC(C)CC)c1C,0
O=C1N2CCSC2=NC1(Nc1ccccn1)C(F)(F)F,0
CCOc1ccccc1-n1c(SCC(=O)NC(C)(C)C)nnc1-c1ccoc1C,0
COc1cccc(NC2c3ccccc3C(=O)N2Cc2ccco2)c1,0
CCN1CCN(C(=O)C2CCN(Cc3nc(-c4ccc(Cl)cc4)oc3C)CC2)CC1,0
Cn1nnc(NC(=O)CSc2nnnn2-c2ccc(F)cc2)n1,0
C/C(=N\O)c1ccc2c3ccccc3n(C)c2c1,0
CCN(CC)S(=O)(=O)c1ccccc1/C=N/O,0
COc1ccc(OCC2CNC(=O)O2)cc1,0
CCC(C)Sc1nnc(Cc2cc(=O)[nH]c(=O)[nH]2)n1-c1ccc(OC)cc1,0
COC(=O)CSc1nnc(-c2ccoc2C)n1-c1ccc(OC)cc1,0
O=C(NC1CCCC1)c1ccc2nc(-c3ccco3)c(-c3ccco3)nc2c1,0
COc1cccc(N2CCN(C(=O)c3cccnc3)CC2)c1,0
Cc1ccc(-n2c(=O)c(C#N)cc3c(=O)n4ccccc4nc32)cc1,0
c1ccc(-c2cc(N3CCCCC3)ncn2)cc1,0
CCCc1nc(SCC(=O)N2CCCc3ccccc32)c2c(=O)n(C)c(=O)n(C)c2n1,0
COc1cc(S(=O)(=O)N2CCN(c3ccccc3F)CC2)ccc1Cl,0
O=C(Nc1cccc(Cl)c1)N1CCN(C/C=C/c2ccccc2)CC1,0
CCN(CC)S(=O)(=O)c1ccc(-c2nnco2)cc1,0
O=C(CSc1n[nH]c(-c2ccc(S(=O)(=O)NC3CCCCC3)cc2)n1)N1CCCC1,0
CCOc1ccc(C(=O)CCNC(Cc2cnc[nH]2)C(=O)O)cc1,0
CCSc1nc(=O)c(-c2ccccc2NC(=O)CC)n[nH]1,0
O=C(NC1CCCCCC1)c1cccs1,0
CCC(=O)Nc1cccc(NC(=O)CSc2nnc(C(C)C)n2CC)c1,0
COc1ccc(NCc2cc3ccccc3[nH]c2=O)cc1,0
Cc1cc(C)c(S(=O)(=O)N(CC(=O)N2CCOCC2)C2CCCCC2)c(C)c1,0
CCOC(=O)NC(CC(=O)O)c1ccc(OC)cc1,0
Nn1c(SCC(=O)Nc2ccc(F)cc2F)nnc1C1CCCCC1,0
O=C(CN1CCN(c2ccccn2)CC1)NCc1cccs1,0
COC(=O)C1=C(C)N=c2s/c(=C3/C(=O)Nc4ccccc43)c(=O)n2C1c1ccccc1,0
Cc1nn(C)cc1CNC(=O)NC12CC3CC(CC(C3)C1)C2,0
Cc1occc1-c1nnc(SCC(=O)NCc2ccc3c(c2)OCO3)n1CC(C)C,0
COc1ccc(-c2nc(C#N)c(NCCCN3CCOCC3)o2)cc1,0
Nc1nc2ccc(N3CCOCC3)cc2s1,0
COc1ccccc1N1CCN(C(=O)COc2ccc(S(=O)(=O)NC3CCCCC3)cc2)CC1,0
O=C(CCN1CCN(Cc2ccccc2)CC1)Nc1nccs1,0
Cc1ccc(C)c(C(=O)CSc2n[nH]c(C(C)C)n2)c1,0
CCN(CC)c1ccc2nonc2c1N,0
CCCOCC(O)COc1ccccc1C(=O)N1CCOCC1,0
COc1ccc(CN2CCN(C(=O)c3ccco3)CC2)cc1,0
CC(C)CCn1c(SCC(=O)OCn2nnc3ccccc3c2=O)nc2ccccc2c1=O,0
Cc1nnc(SCc2cc(=O)nc(N3CCCCC3)[nH]2)s1,0
CCN(CC)S(=O)(=O)c1ccc(Cl)c(C(=O)Oc2cccnc2)c1,0
c1ccn2c(SCc3ccc4c(c3)OCO4)nnc2c1,0
CCc1nnc(NC(=O)c2cccs2)s1,0
Cc1nnc(SCCn2c(N3CCCCC3)nc3c2c(=O)n(C)c(=O)n3C)s1,0
CCOC(=O)N1CCN(C(=O)c2ccc3nc(C)sc3c2)CC1,0
CCOc1ccc(CCNC(=O)Cn2c(-c3nonc3N)nc3ccccc32)cc1OCC,0
Cc1nc2ccc(NC(=O)Cn3cnc4c3c(=O)n(C)c(=O)n4C)cc2s1,0
CCOc1cc(C)c(Cl)cc1S(=O)(=O)NCc1ccc2c(c1)OCO2,0
CCC(COC(=O)Nc1cccc(C)c1C)NC(=O)OCC(C)C,0
O=C1c2ccccc2-c2ncnc3c(N4CCOCC4)cc(N4CCOCC4)c1c23,0
CCn1c(SCC(=O)Nc2ccc(NC(C)=O)cc2)nnc1C1CC1,0
COc1ccccc1N1CCN(C(=O)CSc2nc3ncnc(N)c3[nH]2)CC1,0
c1cncc(-c2nn3c(-c4ccncc4)nnc3s2)c1,0
Clc1ccc(-c2noc(CN3CCCC3)n2)cc1,0
COCCOC(=O)c1c(C)nc(SCC(=O)Nc2ccc(OC)cc2)c(C#N)c1-c1ccco1,0
O=C(c1ccc(Cl)cc1)C12CN3CN(CN(C3)C1)C2,0
O=C(OCc1nnc(-c2ccccc2)o1)c1ccc2c(c1)OCO2,0
CCCCn1c(SCC(=O)Nc2cc(C)on2)nnc1-c1cccnc1,0
CCc1cccc(C)c1NC(=O)C1CCCO1,0
Cc1ccccc1Nc1nc(CSc2nnc(-c3ccoc3C)n2C)cs1,0
CCOc1ccc(-n2ccnc2SCC(=O)Nc2nnc(C)s2)cc1,0
Cc1sc2nc(CN3CCN(S(=O)(=O)c4cccc5nonc45)CC3)[nH]c(=O)c2c1C,0
CCn1cc(C(=O)NCCCN2CC(C)CC(C)C2)c2cc(OC)c(OC)cc2c1=O,0
COc1cccc(-c2csc(N3CCN(C(=O)Nc4ccccc4OC)CC3)n2)c1,0
Cc1cccc(N(C(=O)Cn2nnc3ccccc32)C(C(=O)NCc2ccco2)c2ccncc2)c1,0
CCc1nnc(NC(=O)CSc2nnc(COc3ccccc3)n2Cc2ccccc2)s1,0
CN(C)S(=O)(=O)c1ccc(C(=O)Nc2ccnn2C2CCCCC2)cc1,0
CN1C(=O)C2(C(C#N)=C(N)C(C#N)(C#N)C3=CCCCC32)c2ccccc21,0
COCc1cc(=O)n2[nH]c(SC)nc2n1,0
Cc1occc1-c1nnc(SCC(=O)N2CCOCC2)o1,0
O=C1OCCC1Sc1nc2ccccc2n1Cc1ccccc1,0
COc1ccccc1C(=O)NC(CCSC)C(=O)NCC(c1ccco1)N(C)C,0
CCCC(=O)Nc1nnc(Cc2ccccc2)s1,0
CCOC(=O)c1ccc(NC(=O)CCC(CC)C(=O)O)cc1,0
O=S(=O)(NCC1CCCO1)c1ccc2ccccc2c1,0
CC(C)NC(=O)c1cc(-c2ccco2)on1,0
O=C(NCCOC(=O)c1cccs1)c1cccnc1,0
O=C(NCCN1CCc2ccccc2C1)C1CC(=O)N(C2CCCC2)C1,0
CC1=CC2=c3ccccc3=NC(c3ccc4c(c3)OCO4)N2N1,0
COCCn1c(SCC(=O)N2CCC(C)CC2)nc2ccccc2c1=O,0
CCCn1c(NC(=O)c2ccc(C)cc2)nc2ccccc21,0
Clc1ccc(CSc2nnc(-c3ccncc3)o2)cc1,1
CN(C)c1oc(-c2cccs2)nc1C#N,0
CN(CC(=O)N1CCN(c2ccccc2)CC1)S(=O)(=O)c1cnc[nH]1,0
CCOc1ccc(-c2nnc3ccc(SCC(=O)N4CCCCC4)nn23)cc1,0
Clc1cccc(-c2nc(-c3ccccn3)no2)c1,0
NC(=O)c1oc2ccccc2c1NC(=O)CN1CCCCC1,0
NC(=O)C1(N2CCCCC2)CCN(C2CC(=O)N(Cc3cccs3)C2=O)CC1,0
COc1ccc(C)cc1S(=O)(=O)Nc1ccc(F)c(Cl)c1,0
COc1cccc(-n2c(C)nc3c(cnn3-c3ccc(C)cc3)c2=O)c1,0
C=CCNC1=N/C(=C2\C=CC=C(OC)C2=O)Nc2ccccc21,0
CCc1[nH]c(SCc2cccnc2)nc(=O)c1C,0
COc1ccc(CCNC(=O)C2CCN(Cc3nc(-c4ccccc4C)oc3C)CC2)cc1OC,0
CC1CN(c2oc(-c3ccccc3Cl)nc2C#N)CC(C)O1,0
Cc1cc(Cl)ccc1OCCCC(=O)N1CCOCC1,0
CCOc1ccc(CNC(=O)C2CCC(=O)N2C2CCCC2)cc1OC,0
O=C(Nc1nnc(CC(=O)N2CCOCC2)s1)C1COc2ccccc2O1,0
Cc1ccc(-c2nc3cccnc3s2)cc1NC(=O)c1ccco1,0
O=C(NC1CCCCCC1)C1c2ccccc2C(=O)N1Cc1cccnc1,0
Clc1ccc2nc(N3CCNCC3)nc(-c3ccccc3)c2c1,0
COc1ccc(Cc2nnc(SCC(=O)Nc3nc(C)cs3)o2)cc1,0
CCOC(=O)C1CCN(c2ncnc3c2cnn3-c2ccc(OC)cc2)CC1,0
Cc1cccc(NC(=O)Nc2cccc(F)c2)n1,0
CCOC(=O)CSc1nc(-c2ccc(OC)cc2)ns1,0
Cc1ccccc1N1CC(c2nc3ccccc3[nH]2)CC1=O,0
O=c1c(-c2ccccc2)[n+]([O-])c2ccccc2n1O,0
CCCc1nnc(SCc2ccc(OC)cc2)n1N,0
O=C(CSc1nc2ccsc2c(=O)n1Cc1ccccc1)NCc1ccco1,0
Cc1ccc(NC(=O)CSc2nnc(-c3cnccn3)n2Cc2ccco2)cc1C,0
CC(C)C(NC(=O)C1CCCCC1)C(=O)Nc1ccccn1,0
COc1ccc(N2CCN(CCCNC(=O)CC3Oc4ccc(C)cc4NC3=O)CC2)cc1,0
Cn1c(CSc2ncccn2)nnc1SCC(=O)N1CCCc2ccccc21,0
Cc1nc(NC(=O)c2ccccc2)sc1-c1csc(N)n1,0
Cc1ccc(C(O)c2cccnc2)o1,0
C=CCn1c(SCC(=O)NC2CCCCC2)nnc1-c1sc(N)nc1C,0
Cc1ccc2[nH]c3c(NCCN4CCOCC4)ncnc3c2c1,0
O=c1c(-c2nc3ccccc3o2)c2oc3ccccc3n2c2ccccc12,0
Cc1ccc2c(c1)[nH]c1c(=O)n(CCCN3CCOCC3)cnc12,0
Cc1cc(Nc2cccc(C(F)(F)F)c2)n2nc(C)nc2n1,0
O=C(Nc1ccc(Oc2ccc(Cl)cc2)cc1)c1ncn[nH]1,0
Cc1cc2oc(=O)cc(CN3CCc4ccccc43)c2cc1Cl,0
Cc1cc(C(=O)Nc2ccccn2)no1,0
O=S(=O)(c1ccccc1)N1CCN(C2CCN(Cc3ccccc3)CC2)CC1,0
O=c1c2cnn(-c3ccccc3)c2ncn1Cc1ccccc1,0
Nn1c(SCC(=O)N2CCCCC2)nnc1-c1ccncc1,0
O=C1c2ccccc2C(=O)N1CCN1CCc2ccccc21,0
Cn1c(COc2ccc(Cl)cc2)nc2ccccc2c1=O,0
CC(C)(C)NC(=O)C(c1ccc(OCC(N)=O)cc1)N(C(=O)c1cccnc1)C1CC1,0
CCCCNC(=O)c1ccc(CS(=O)(=O)c2ccc(OC)cc2)o1,0
Cc1cc(C(=O)NCc2cc(C(=O)O)oc2C)c(C)o1,0
CC(=O)C(C(C)=O)=C(N)N1CCN(C(c2ccccc2)c2ccccc2)CC1,0
COc1ccc(C(=O)c2oc3nc(C)cc(C)c3c2N)cc1,0
Cc1ccc(Cn2nc(C)c(NC(=O)c3noc4c3CCCCC4)c2C)cc1,0
Cc1ccc2nc3ccc(N4CCN(C)CC4)nn3c(=O)c2c1,0
COCCNC(=O)C(c1ccc(C)o1)N(Cc1cccs1)C(=O)c1snc(C(N)=O)c1N,0
CNC(=O)NC(=O)CSc1ccc(NC(C)=O)cc1,0
COc1ccc(C(=O)n2nc(-c3ccc(Cl)cc3)nc2N)cc1OC,0
Cc1ccc(C(C(=O)NC2CCCCC2)N2CCOCC2)cc1,0
COc1nc(NC(C)(C)C)nc(Oc2ccc(=O)n(-c3ccccc3)n2)n1,0
CCOC(=O)CN1C(=O)C(O)(CC(=O)c2cccc(OC)c2)c2ccccc21,0
CCn1c(CNC(=O)Cc2ccc(OC)cc2)nnc1SCC(=O)Nc1nccs1,0
Cc1ccc(-c2c3c(=O)n(C)c(=O)n(C)c3cn2N2CCOCC2)cc1,0
O=C(c1ccc(-c2ccccc2)cc1)N1CCN(C(=O)c2ccco2)CC1,0
C=CCSC1=C(C#N)C(c2ccccc2Cl)CC(=O)N1,0
CCOC(=O)c1ccc2c(c1)nc(COc1ccccc1C#N)n2CC,0
Cn1c(SCC(N)=O)nnc1-c1ccccc1,0
COc1ccccc1CNC(=O)CN1CCN(Cc2ccc(Cl)cc2)C1=O,0
O=C(Nc1ccc(Cl)cc1C(=O)Nc1ccccn1)c1ccco1,0
Cn1c(=O)c2c(nc(N3CCCC3)n2CC(O)CO)n(C)c1=O,0
S=c1[nH]c2ncccc2o1,0
COc1nc(NCc2ccco2)nc(N2CCC(C)CC2)n1,0
Cc1nc(NCCO)c(C#N)c2c1COC(C)(C)C2,0
Cc1cc(C)n2nc3nc4c(cc3c2n1)CCCC4,0
Cc1cc(C)nc(SC(C)C(=O)O)n1,0
Clc1ccc(-c2ccc(-c3nn4c(-c5ccco5)nnc4s3)o2)cc1,0
COc1ccccc1NC(=O)c1[nH]c(C)c(C(C)=O)c1C,0
Cc1ccc(Cn2c(N3CCCCCC3)nc3c2c(=O)[nH]c(=O)n3C)cc1,0
N#Cc1ccccc1NC(=O)c1ccc(-c2ccccc2Cl)o1,0
CNc1nc(C)c(C#N)c(-c2ccccc2)c1C(C)=O,0
Cc1cc(C)n(-c2nc(NC(C)C)nc(NC(C)C)n2)n1,0
COc1cc2[nH]c3c(=O)n(CCN4CCCCC4)cnc3c2cc1OC,0
COc1cc(OC)cc(C(=O)N2CCN(C(=O)COc3ccc4ccccc4c3)CC2)c1,0
Cn1c(CSc2ncn[nH]2)nc2ccccc21,0
CC(C)C(NC(=O)NC1CCCC1)C(=O)O,0
CCOC(=O)c1cc(NC(=O)CSCCO)ccc1Cl,0
CCCS(=O)(=O)N1CCC(C(=O)NCc2cccnc2)CC1,0
COc1cc2[nH]c(=S)n(CCCN3CCOCC3)c(=O)c2cc1OC,0
O=c1cc(CSc2nc3cc(Cl)ccc3o2)nc2sccn12,0
CCOC(=O)C1CCCN(c2c(NCCCN3CCCC(C)C3)c(=O)c2=O)C1,0
Oc1cccc2ccc(Nc3ccccn3)nc12,0
CC(C)(C)c1csc(NC2=NS(=O)(=O)c3ccccc32)n1,0
O=C(CCC(=O)c1ccc[nH]1)c1ccc(Cl)cc1,0
CCOc1cc(NC(=O)C2CCCO2)c(OCC)cc1NC(C)=O,0
CCC(C)C(NC(=O)NC1CCCc2ccccc21)C(=O)O,0
O=C(CNS(=O)(=O)c1ccccc1)NCc1ccccn1,0
O=c1nc(-c2cccnc2)[nH]c2ccccc12,0
CCCCCNC(CC(=O)Nc1ccc(OC)cc1)C(=O)O,0
C1CCc2c(nnc3c2-c2nonc2CC3)C1,0
Cn1c(=O)c2c(-c3ccccc3)n(-n3cnnc3)cc2n(C)c1=O,0
O=C(CN1CCN(c2ccccn2)CC1)Nc1ccc(Oc2ccccc2)cc1,0
Cc1c(C(=O)N2CCOCC2)sc2nc(-c3ccccc3)cn12,0
CCOC(=O)N1CCN(C(=O)c2n[nH]c(=O)c3ccccc23)CC1,0
O=C(Oc1cccc2cccnc12)c1cccc(-n2cnnn2)c1,0
C=CCNc1nc(N2CCOCC2)c(C#N)c2c1CN(C)CC2,0
Cc1ccnc(NC(=O)C2CCCN(S(=O)(=O)c3cnc[nH]3)C2)c1,0
CC(=O)N1CCN=C1SCc1ccccc1Cl,0
CCOc1ccc(C2/C(=C(/O)c3ccc(Cl)cc3)C(=O)C(=O)N2CCCN(C)C)cc1OC,0
COc1ccccc1NC(=O)C(C)NS(=O)(=O)c1ccc(F)cc1,0
Cc1noc(NS(=O)(=O)c2ccc(N3C(=O)c4ccccc4C3=O)cc2)c1C,0
Cc1ccc2cc(CN(Cc3ccco3)S(=O)(=O)c3c(C)ccc4nsnc34)c(=O)[nH]c2c1,0
CCCCCC(=O)Nc1ccc(N2CCN(C(=O)c3ccccc3)CC2)cc1,0
O=C1c2ccccc2C(=O)N1CCCc1nc2ccccc2c(=O)n1CCCn1ccnc1,0
Cc1noc(NS(=O)(=O)c2ccc(N3Cc4ccccc4C3=O)cc2)c1C,0
Cc1cccc(NC(=O)CCN2CCOCC2)c1,0
COc1ccc(C)cc1NC(=O)CSc1nnc(-c2ccco2)n1Cc1ccco1,0
O=C1CCc2nc3sc4c(c3c(=O)n2N1)CCCC4,0
CC(C)OCCCn1c(=S)[nH]c2cc3c(cc2c1=O)OCO3,0
Cc1onc(-c2ccccc2)c1C(=O)OCC(=O)c1ccccc1,0
C/C(Cl)=C\Cn1c(NCCCn2ccnc2)nc2c1c(=O)n(C)c(=O)n2C,0
COc1ccccc1NC(=O)CSc1ncn[nH]1,0
COc1ccc(NC(=O)C2CCCN(S(=O)(=O)c3cccnc3)C2)cc1,0
c1ccc(-c2noc(CN3CCN(c4ccccc4)CC3)n2)cc1,0
COc1ccc(C2(O)CCN(C(=O)NC3CCCCC3)CC2)cc1,0
O=C(Cn1cc2c(n1)CCCCC2)N1CCc2ccccc21,0
CCOC(=O)Cn1c(-c2ccccn2)nc2ccccc21,0
Cc1c(C(=O)N2CCCCC2)sc(N)c1C#N,0
COc1cc(OC)cc(C(=O)Nc2ccc(-n3cnnn3)c(C)c2)c1,0
c1ccc(CN2CCN(CCCNc3ccc4nnc(-c5ccccc5)n4n3)CC2)cc1,0
COCC(=O)N(C)c1nnc(-c2cnc(C)cn2)s1,0
Cn1c(=O)oc2ccc(C(=O)CSc3nnnn3-c3ccccc3)cc21,0
CCOC(=O)C(Cc1ccccc1)NS(=O)(=O)c1ccc(NC(C)=O)cc1,0
Cc1nn2c3cc(N4CCOCC4)ccc3nc2c2ccccc12,0
CCCCCn1c(SCC(=O)OC)nc2c1c(=O)[nH]c(=O)n2C,0
CC(C)N(C=O)C1(C(=O)NC2CCCCC2)CCCCC1,0
Cc1ccc(-c2nnn(Cc3nc4ccccc4s3)n2)cc1,0
N#CCCn1c(SCC(=O)c2c[nH]c3ccccc23)nc2ccccc21,0
O=C(Cn1nnc(-c2ccc(CN3CCOCC3)cc2)n1)NC1CCCCC1,0
Cc1cccc(-c2nnc(SCC#N)n2Cc2ccccc2)c1,0
O=C(Cn1cnc2ccccc21)NCCCN1CCOCC1,0
COCCn1c(NCc2ccccc2)nc2c1c(=O)[nH]c(=O)n2C,0
CCN1CCCC1CNS(=O)(=O)c1ccc(C(=O)Nc2ccccc2)cc1,0
c1ccc(-c2nc3cc(Cc4ccc5oc(-c6ccccn6)nc5c4)ccc3o2)nc1,0
CSc1ncccc1C(=O)OCn1nnc2ccccc2c1=O,0
O=C(Nn1cnnc1)C(c1ccccc1)c1ccccc1,0
Cc1ccc2nsnc2c1S(=O)(=O)N1CCN(C(=O)C2CCCO2)CC1,0
COC(=O)c1ccc(NC(=O)CSc2n[nH]c(-c3ccncc3)n2)cc1,0
Cc1ccc(NC2c3ncccc3C(=O)N2C2CCCCC2)cc1C,0
Cc1nc2ccc(NC(=O)N3CCC(c4ccccc4)C3)cc2nc1C,0
N#Cc1c(NCc2ccccc2)ccnc1NCc1cccnc1,0
O=C(OCCCC(=O)N1CCOCC1)c1ccccc1,0
CCOc1ccc(N2C(=O)CC(N3CCC(NC(=O)Nc4ccccc4)CC3)C2=O)cc1,0
O=c1cc(CSc2ccc(Cl)cc2)[nH]c(N2CCCCC2)n1,0
O=C(COc1ccccc1)N1CCN(c2ncnc3c2cnn3-c2ccccc2)CC1,0
O=C(CCSc1nc(-c2ccco2)cc(C(F)(F)F)n1)NCc1ccccn1,0
Cc1ccc(S(=O)(=O)NCCNC(=O)c2ccccc2)cc1,0
COc1cccc(NC(=O)C(C#N)Cc2ccncc2)c1,0
O=C(NCCCn1ccnc1)c1ccc2c(c1)OCCO2,0
CS(=O)(=O)N1CCC(C(=O)NCc2ccncc2)CC1,0
C=CCn1c(N)c(S(=O)(=O)c2cccs2)c2nc3ccccc3nc21,0
C=CCn1c(SCC(=O)O)nnc1-c1cccc(Cl)c1,0
COC(=O)C1CCN(C(=O)COc2ccc(Cl)cc2)CC1,0
Cc1noc(C)c1C(=O)NCc1cccs1,0
Cc1cc(NC(CC(C)C)C(=O)O)nc(Cc2ccccc2)n1,0
CCOc1ccccc1NC(=O)CSc1nnc(-c2ccco2)o1,0
COc1ccccc1OCCSc1nnc(C)n1-c1ccccc1,0
O=C(c1cc(-c2cccs2)on1)N1CCN(c2ccc(F)cc2)CC1,0
O=C(NCCC1=CCCCC1)C1COc2ccccc2O1,0
O=C1CCCN1CCCn1cnc2c([nH]c3ccc(F)cc32)c1=O,0
CC(C(=O)NCc1cccs1)n1cccc1,0
Nn1c(CN2CCCCC2)nc2ccccc2c1=O,0
O=C(Nc1cccc(OC(=O)N2CCCCC2)c1)N1CCCCC1,0
CCOC(=O)c1cnc(SCC(=O)c2ccccc2)nc1N,0
O=C1CCCN1Cc1ncnn1-c1ccccc1,0
COC(=O)c1cccc(NC(=O)CSc2nnc(COc3cccc(C)c3)n2C)c1,0
CC(=O)Nc1ccc(-c2nn3c(C)nnc3s2)cc1C,0
COc1ccccc1C(=O)n1nc(-c2ccc(Cl)cc2)nc1N,0
CNC(=O)CC(C(=O)O)c1ccc(OC(C)C)cc1,0
CC(=O)Oc1cccc(/C=c2\sc3nc(-c4ccco4)nn3c2=O)c1,0
COc1ccc(CCn2c(C)cc(C(=O)CSc3nnnn3C)c2C)cc1,0
Cc1c(C(=O)NCc2cccnc2)oc2c1C(=O)CC(C)(C)C2,0
CC(=O)Nc1cccc(NC(=O)c2c(-c3ccccc3)noc2C)c1,0
Cc1cc(C(=O)Nc2nnc(C3CCCCC3)s2)no1,0
O=C(Nc1cccc(N2CCOCC2)c1)c1cccs1,0
Cn1c(=O)c2c3c(sc2n2c(SCc4ccccc4)nnc12)CCCC3,0
CCCNC(=O)CN(C)C(=O)c1n[nH]c2ccccc12,0
S=c1[nH]nc(-c2ccncc2)n1Cc1ccccc1,0
O=C(NCc1ccco1)c1cc(-c2ccccn2)nc2ccccc12,0
Cc1cc(C)n(-c2nc3c(c(=O)[nH]c(=O)n3C)n2C)n1,0
O=c1c2c[nH][nH]c-2nc(=S)n1-c1ccccc1F,0
Cc1cc(N2CCN(c3cccc(C(F)(F)F)c3)CC2)n2ncnc2n1,0
CCCn1c(SCc2ccccn2)nc2c1c(=O)n(C)c(=O)n2C,0
Cn1c(=O)c2[nH]c(CNCc3ccccc3Cl)nc2n(C)c1=O,0
CCOC(=O)N1CC=C2C(C#N)=C(N)C(C#N)(C#N)C(c3ccsc3)C2C1,0
O=C(N1CCOCC1)N1CCC(n2nnc3cc(F)ccc32)CC1,0
CCOC(=O)Cc1cc(=O)n2[nH]c(C)c(-c3ccccc3)c2n1,0
O=C(Nc1ccc(NC(=O)c2ccco2)nc1)c1ccccn1,0
Cn1c(=O)c2c(nc(SCc3cccnc3)n2Cc2ccc(F)cc2)n(C)c1=O,0
Cc1cc(NC(=O)c2cccc(C(=O)Nc3cc(C)on3)n2)no1,0
Cc1ccc2nc(Nc3nc(=O)c4ccccc4n3C)nc(C)c2c1,0
N#Cc1cc2c(nc1SCC(=O)N1CCCCC1)CCCC2,0
O=C(CSc1ncc(-c2ccccc2)nn1)NCc1ccco1,0
COc1ccc(N2C(=O)CN=C2Nc2nc(C)cc(C)n2)cc1,0
O=C(CCc1c[nH]c2ccccc12)NCC1CCCO1,0
CC(=O)C1=C(O)C(=O)N(CCc2c[nH]c3ccccc23)C1c1cccc(O)c1,0
Cc1cc(-c2ccccc2)nc2cc(C(N)=O)nn12,0
CC1CCCN(c2nc3c(c(=O)n(C)c(=O)n3C)n2Cc2ccccc2)C1,0
CCC1Oc2ccc(C)cc2N(CC(=O)N2CCN(c3ccc(F)cc3)CC2)C1=O,0
COc1ccc(C(=O)N2CCN=C2SCc2cccnc2)c(OC)c1,0
CCc1ccc2nc(NC(=O)c3cc(C)on3)sc2c1,0
O=C(CCc1nc(-c2ccccc2F)no1)Nc1ccc(Oc2ccccc2)cc1,0
CCOC(=O)Cc1csc(NC(=O)C(C)(C)C)n1,0
CCCC(=O)Nc1nnc(-c2ccc(Cl)s2)o1,0
CCS(=O)(=O)n1nc(NCc2cccc(OC)c2)nc1NCc1cccc(OC)c1,0
COc1ccccc1NC(=O)N1CCc2[nH]c3ccc(Cl)cc3c2C1,0
COc1ccc(CCn2c(N)cc(=O)[nH]c2=S)cc1OC,0
CCOC(=O)c1cccnc1SCC(=O)N(C)c1ccccc1,0
CCc1ccc(NC(=O)CSc2nnc(-c3cnccn3)n2Cc2ccco2)cc1,0
CCN(CCCn1c(=S)[nH]c2ncccc2c1=O)c1ccccc1,0
O=C(NC1CCCCCC1)C1c2ccccc2C(=O)N1C1CC1,0
O=C(NCc1ccccn1)C1CCN(S(=O)(=O)c2cnc[nH]2)CC1,0
CSCCC(NC(=O)c1ccc(C)o1)C(=O)O,0
Cn1c(NC(=O)C2CCCC2)cc(=O)n(C)c1=O,0
CCOc1ccc(-c2nnn(CC(=O)NCc3ccco3)n2)cc1,0
CCOc1ccc(NC(=O)N(C2CCCCC2)C(C)c2ccncc2)cc1,0
Cc1cnn(C(=S)NCC2CCCO2)c1,0
C=CCCC(=O)Nc1ccc(COC(=O)N2CCOCC2)cc1,0
O=c1ccn(CCOc2ccc(Cl)cc2)c(=O)[nH]1,0
C#CCNc1nc(C(C)C)nc2c1nnn2Cc1ccccc1F,0
Cn1cccc1C(=O)OCC(=O)Nc1cc(C(C)(C)C)nn1-c1ccccc1,0
O=C(NC1CCCCC1)Nn1c(-c2ccccc2)nc2ccccc2c1=O,0
O=C(CSc1nc2ncccc2[nH]1)NCc1ccccc1,0
Cc1ccc(C(C)C)c(OCC(=O)Nc2ccc(Cl)cn2)c1,0
O=C(c1cnc2ccccn2c1=O)N1CCCc2ccccc21,0
Cc1nnc(SCC(=O)c2cc(C)n(-c3ccc4c(c3)OCO4)c2C)s1,0
CC(c1ccccc1F)n1cc(C(=O)Nc2ccc3nc[nH]c3c2)nn1,0
O=C(CSc1nnc(CNc2ccc(Cl)cc2)n1Cc1ccccc1)NCc1ccco1,0
CCn1c(SC(C)C(=O)O)nc2sc3c(c2c1=O)CCC3,0
C=CCNc1nc(-c2sc(NC(=O)CC)nc2C)cs1,0
O=c1c2ccccc2nc(N2CCN(c3ccccc3)CC2)n1Cc1ccccc1,0
CC(CCc1ccco1)NC(=O)Cn1ncc2c1-c1ccccc1OC2,0
CN(C(=O)c1ccncc1)c1nnc(-c2cccnc2)s1,0
OC1(c2ccccc2)C/C(=N/n2cnnc2)C=C1c1ccccc1,0
O=C(Nc1ccc2oc(-c3ccncc3)nc2c1)c1cccs1,0
CCN1C(SC(C)C)=NN/C1=C1\C=Nc2ccccc21,0
CCOc1ccccc1C(=O)Nc1nnc(C(C)C)s1,0
CS(=O)(=O)N1CCC(NC(=O)Cc2ccccc2)CC1,0
CCc1c(C)nc2c(C#N)c[nH]n2c1=O,0
COc1ccccc1NC(=O)Nn1cnnc1,0
O=C(CSc1nnc(-c2ccc(Cl)cc2)o1)N1CCN(c2ccccc2)CC1,0
CC(=O)c1ccc(NC(=O)NC(CC(C)C)C(=O)O)cc1,0
CCN(C(=O)CSc1nnnn1-c1cc(C)ccc1OC)C1CCS(=O)(=O)C1,0
Cc1ccc(NC(=O)C2CC(c3ccc(F)cc3)=NO2)cc1,0
Cc1ccc2c(CN3C(=O)NC(C)(c4ccc5c(c4)OCO5)C3=O)cc(=O)oc2c1,0
Cc1onc(-c2ccccc2Cl)c1C(=O)Nc1nnc(C(C)C)s1,0
Cc1cc(C)n(-c2ccc3cccc(NS(C)(=O)=O)c3n2)n1,0
N#CCSc1nnc2ccc3ccccc3n12,0
Nc1ccc2nn(-c3cccc4ccccc34)nc2c1,0
CCc1nc(N)c(C#N)c(-c2ccc(OC)c(OC)c2)c1C,0
CN(c1ccc(C(=O)NC2CC2)cc1)S(=O)(=O)c1ccccc1,0
O=C1CCCN1CCCNc1ncnc2c1cnn2-c1ccc(Cl)cc1,0
COc1ccc(C2(C(=O)NCC3CCCO3)CCOCC2)cc1,0
C=CCn1c(N2C(=O)CC(Cc3ccccc3)C2=O)nc2ccccc21,0
COc1ccc(NC(=O)c2ccccc2NC(=O)C2CCCO2)cc1,0
CCOC(=O)CN(C(=O)CSc1nnc(C)n1-c1ccccc1)c1ccccc1,0
CCOC(=O)c1c(C)c(C(=O)NCc2cccnc2)c(C)n1CC,0
Cc1noc(C)c1CSc1nc2[nH]ncc2c(=O)n1-c1ccccc1,0
O=C(C1CCN(S(=O)(=O)c2cccnc2)CC1)N1CCN(c2ccc(Cl)cc2)CC1,0
Cc1ccc(C)n1-n1cnc2scc(-c3cccs3)c2c1=O,0
Cc1cc(-n2nc(C)cc2C)nc(NS(=O)(=O)c2ccccc2)n1,0
COc1cc(Cl)ccc1S(=O)(=O)n1nc(C)cc1C,0
Cc1sc2nc(C(C)Sc3nnc(C)n3-c3ccccc3)[nH]c(=O)c2c1C,0
COc1ccc(OC)c(C2C(C(=O)c3cccs3)=C(O)C(=O)N2c2cc(C)on2)c1,0
O=C(NC1=NCCS1)c1ccc(-c2ccc(Cl)cc2)o1,0
CCCCC(=O)Nc1ccc(N2CCN(C(=O)CC)CC2)cc1,0
CSc1ncc(Cl)c(C(=O)NCc2ccc3c(c2)OCO3)n1,0
CCc1c(C)[nH]c(N/C(=N/C(=O)c2ccccc2)Nc2ccccc2OC)nc1=O,0
CCCCc1nc2ccccc2c(=O)n1NC(=O)c1c(O)n2c3c(cccc3c1=O)CC2,0
OC(COc1ccc2ccccc2c1)CN1CCN(c2ccc(F)cc2)CC1,0
N#Cc1cccc(Cn2nnc(-c3ccccc3)n2)c1,0
Cc1nnc(SCc2cc(=O)nc(Nc3nc(C)c4ccccc4n3)[nH]2)s1,0
COc1ccc(N2C(=O)CSC2c2ccncc2)cc1,0
CCCC1c2ccc(C)n2CCN1C(=O)Nc1ccccc1Cl,0
N#Cc1c[nH]n2c(=O)cc(Cc3ccccc3)nc12,0
Cc1ccc2nc(NC(=O)C3CCN(S(=O)(=O)c4ccc5c(c4)oc(=O)n5C)CC3)sc2c1,0
CCOC(=O)CSC1=C(C#N)C(C)C2=C(CCCC2=O)N1,0
COc1ccc(NC(=O)N2CCCCC2)cc1,0
c1ccc(Cc2nc(-c3ccccn3)no2)cc1,0
Cc1cc(C)n(-c2nc3ccccc3nc2N2CCN(C(=O)c3ccccc3)CC2)n1,0
CCCOc1cccc(C2C(C(=O)c3ccc(C)o3)=C(O)C(=O)N2CCCN(C)C)c1,0
COc1ccc(CCn2c(N)c(C#N)c3nc4ccccc4nc32)cc1OC,0
CC(=O)NC1(c2ccccc2)CCN(Cc2nnnn2C(C)(C)C)CC1,0
Cc1cc(=O)n2[nH]c(-c3ccc(Cl)cc3)cc2n1,0
COc1ccccc1C(=O)N1CCN=C1SCc1cccnc1,0
O=c1oc2ccccc2cc1-c1cn2cccnc2n1,0
CCCCC(=O)Nc1nnn(CCC)n1,0
O=C(Nc1ccc(CN2CCOCC2)cc1)c1cccc(F)c1,0
CC(=O)c1ccc(NC(=O)CN2C(=O)COc3ccc(Cl)cc32)cc1,0
CCn1c(NCc2ccccn2)nc2c1c(=O)n(C)c(=O)n2C,0
Cc1cc(C(=O)Nc2c(C)n(C)n(-c3ccccc3)c2=O)c(C)o1,0
N#Cc1ccc(COc2ccc(CCO)cc2-n2nc3ccccc3n2)cc1,0
O=C(NCCc1ccc(Cl)cc1)C1CCN(c2cnccn2)CC1,0
COc1ccc(NC(=O)C2CCCN(S(=O)(=O)c3c(C)n[nH]c3C)C2)cc1,0
CN(C)c1cccc2c(S(=O)(=O)Nc3ccccn3)cccc12,0
COc1ccc(CC(=O)n2c(CC#N)nc3ccccc32)cc1OC,0
CCN(CC)CCN1C(=O)C(O)=C(C(=O)c2ccc(C)o2)C1c1ccccn1,0
O=C(CSc1ncnc2c1oc1ccccc12)NCc1ccc(F)cc1,0
Cc1ccccc1OCc1nnc2c3cnn(C)c3ncn12,0
Cn1cccc1Cc1nnc(SCC(=O)NCc2ccccc2)n1-c1ccc(F)cc1,0
Clc1ccccc1-c1nnc2sc(C3COc4ccccc4O3)nn12,0
Cc1cc(-c2nnc3n2N=C(C(C)(C)C)CS3)n[nH]1,0
COc1ccc2c(c1)cc(C)c1nnc(SCC(=O)N3CCN(C(=O)c4ccco4)CC3)n12,0
CCN(CC)S(=O)(=O)c1ccc2c(c1)nc(CCC(=O)OCc1c(C)noc1C)n2C,0
O=C(CSc1ncnc2c1nnn2-c1ccc(F)cc1)NCc1ccco1,0
COC(=O)Cn1cnc2cccc3cccc1c32,0
CN1c2ccccc2-c2nc3ccccc3n2C1c1ccccn1,0
Cc1ccc2cc(CN(Cc3cccs3)Cc3nnnn3C(C)(C)C)c3nnnn3c2c1,0
C=CCn1c(SCc2nc3ccccc3nc2C)nnc1-c1ccoc1C,0
O=S(=O)(NCCSc1nnnn1-c1ccccc1)c1cccs1,0
Cc1cnn(C(=S)NCCc2ccccc2)c1,0
CCOC(=O)Cn1nnnc1CN(Cc1ccc(OC)cc1)Cc1cc2cc(CC)ccc2[nH]c1=O,0
COC(=O)c1ccc(CSc2nnc(-c3ccncc3)o2)o1,0
Cc1ccc(-c2c3c(=O)n(C)c(=O)n(C)c3cn2-n2cnnc2)cc1,0
Cc1ccccc1OCCCN1CCCC1,0
Cc1onc(-c2ccccc2Cl)c1C(=O)NCCN1CCOCC1,0
CCOC(=O)C1=C(C)NC(=O)C(C(N)=O)C1c1ccccc1,0
c1ccc(-n2ncc3c(NCc4ccc5c(c4)OCO5)ncnc32)cc1,0
c1ccc(-n2ncc3c(N4CCCC4)ncnc32)cc1,0
N#Cc1c(N)n(CCNC(=O)c2cccs2)c2nc3ccccc3nc12,0
CCN(CC)S(=O)(=O)c1ccc(C(=O)NCc2n[nH]c(=S)n2Cc2ccccc2)cc1,0
COc1ccc(-c2nnc(SCC(=O)N3CCCC3)o2)cc1OC,0
CCOC(=O)Cn1cnc2c(nnn2-c2ccc(OC)cc2)c1=O,0
O=C(c1ccco1)N1CCC(n2nnc3ccccc32)CC1,0
O=C(Nc1cccc2nsnc12)c1ccc2c(c1)OCCO2,0
CC/C(NC1CC1)=C1/C(=O)NC(=O)N(c2ccc(OC)cc2)C1=O,0
COc1ccc(-n2nnc3c(SCC(=O)N4CCCc5ccccc54)ncnc32)cc1,0
Cn1c(=O)[nH]c(=O)c2c1nc(NCCCn1ccnc1)n2Cc1ccc(F)cc1,0
O=C(CSc1ncn[nH]1)NCCCc1ccccc1,0
O=C(NCC(=O)N(c1cnc2ccccc2c1)C(C(=O)NC1CCCC1)c1ccncc1)c1ccco1,0
COc1ccccc1CNC(=O)C1CCCN(S(=O)(=O)c2cnc[nH]2)C1,0
CCn1c(CNc2nc(-c3ccccc3)cs2)nnc1SCC(=O)NCc1ccco1,0
CCN1CCN(c2nc3c(c(=O)[nH]c(=O)n3C)n2CCSc2nc3ccccc3s2)CC1,0
CC(=O)c1c(NC(=O)C(C)C)nc(C)nc1-c1ccccc1,0
Cc1cc(C)n2nc(C(=O)NCc3ccco3)nc2n1,0
CCC(C)Sc1nc2n(-c3ccc(C)cc3)[nH]cc-2c(=O)n1,0
CCOC(=O)C1=C(C)NC(Nc2nccs2)(C(F)(F)F)C1=O,0
Cn1c(=O)n(C)c2cc(S(=O)(=O)NCc3ccccc3)ccc21,0
c1ccc(Cn2nnc3c(N4CCC5(CC4)OCCO5)ncnc32)cc1,0
COc1cccc(OCc2nc3c4cnn(-c5ccccc5)c4ncn3n2)c1,0
COc1cc(Cn2c(-c3nonc3N)nc3ccccc32)ccc1C,0
Cn1c(=O)cc(OCCCC(=O)NCc2ccco2)c2ccccc21,0
CC(C)(C)n1ncc2c(=O)n(CC(=O)Nc3ccc(Cl)cc3)cnc21,0
NC(=O)C1CCN(c2nc(-c3ccccc3)nc3ccccc23)CC1,0
CC1CCCCC12NC(=O)N(CC(=O)NCCc1ccccn1)C2=O,0
O=C(COC(=O)c1cnccn1)Nc1ccc2c(c1)OCO2,0
CCc1c(C)nc2[nH]nc(-c3ccccc3)n2c1=O,0
CCCNC(=O)Nc1cc(OCC)c(N2CCOCC2)cc1OCC,0
Cn1cccc1Cc1nnc(SCC(=O)Nc2ccc(Cl)cc2)n1-c1ccc(F)cc1,0
c1ccc2c(CNn3cnnc3)cccc2c1,0
COc1ccc(CCNC(=O)CN2CCOc3ccccc32)cc1OC,0
c1csc(-c2nn3c(Cn4cnc5ccccc54)nnc3s2)c1,0
Cn1c(CNc2nc3ccccc3n2C)nc2ccccc21,0
O=C(CSc1nccn1-c1ccccc1)N1CCc2ccccc21,0
Cc1ccc(C(C(=O)NC2CCCC2)N(Cc2ccco2)C(=O)CCC(=O)Nc2ccccn2)cc1,0
CC1(C)CC2CC(C)(CN2C(=O)COC(=O)c2n[nH]c(=O)c3ccccc23)C1,0
CN1c2ccccc2C(C)(C)C12CCCC(=O)N2,0
Cc1ccc(OCC(=O)Nc2ccc(S(=O)(=O)Nc3onc(C)c3C)cc2)cc1,0
N#Cc1nc(COc2cccc(Cl)c2)oc1N1CCN(c2ccccc2)CC1,0
COCCCn1c2nc3ccccc3nc2c2c(=O)n(CC3CCCO3)cnc21,0
Cc1noc(C)c1CSc1nnc2c(C)cc3ccccc3n12,0
O=C(Nc1nncs1)Oc1ccccc1,0
CC(C)C(=O)Nc1cccc(NC(=O)c2cccnc2)c1,0
CCCCOc1ccc(CN(C)c2ncnc(N)n2)cc1,0
Cc1cc(NC(=O)CSc2nc(-c3ccc(F)cc3)cs2)no1,0
CCN(CC)S(=O)(=O)N1CCC(C(=O)NCc2ccc(F)cc2)CC1,0
CN(C)S(=O)(=O)c1ccc(C(=O)Oc2cc(=O)[nH]c3ccccc23)cc1,0
O=C(Nc1nc(-c2ccccc2)ns1)c1cccs1,0
Cc1ccccc1Nc1nc(=O)c(C)n[nH]1,0
C=CCn1/c(=N/C(=O)C2CC2)sc2cc(NC(C)=O)ccc21,0
CN(Cc1nc(-c2ccccn2)no1)S(=O)(=O)c1ccccc1,0
Cc1cc(C)cc(N(CC(=O)NCC2CCCO2)S(=O)(=O)c2c(C)noc2C)c1,0
CCCc1nnc(NC(=O)CCC(=O)N2CCCCCC2)s1,0
Cc1cccc(-c2noc(CN(C(C)C)S(=O)(=O)c3ccc(Cl)cc3)n2)c1,0
COc1ccc(NC(=O)CSc2nnc(-c3ccccc3)n2N)cc1,0
Cc1cc(C)n2nc(SCc3cc(=O)n4c(C)cccc4n3)nc2n1,0
O=C(Nc1ccc(Oc2ccc(S(=O)(=O)N3CCOCC3)cn2)cc1)c1ccco1,0
O=C(CSc1ccc2nnc(-c3ccc(F)cc3)n2n1)N1CCOCC1,0
CC(C)NC(=O)C1(O)c2ccccc2NC(=O)N1c1ccc(Cl)c(Cl)c1,0
N#CCc1nc2n(n1)Cc1ccccc1-2,0
COCc1cc(=O)n2c(-c3ccccc3OC)n[nH]c2n1,0
Cc1c(C#N)c2ccccc2n1CC(=O)NCc1cccnc1,0
CCOC(=O)CC(=O)CSc1ccc2nnc(-c3cccc(F)c3)n2n1,0
C(=C/c1ccccc1)\CSc1nnc(-c2cccnc2)o1,0
Cc1cc(Nc2ccc(F)c(Cl)c2)n2nc(C)nc2n1,0
Cc1ccc(S(=O)(=O)NCc2cn3c(C)csc3n2)cc1,0
Cc1ccc(NC(=O)C2CC=CCC2C(=O)N2CCCCC2)cc1,0
Cc1ccc(-c2nnc3c4ccccc4c(C)nn23)cc1S(=O)(=O)N1CCN(CCO)CC1,0
COC(=O)c1sc2nc(-c3ccccc3)nc(N3CCN(C)CC3)c2c1C,0
O=C(Cn1nnc(-c2ccccc2NC(=O)c2ccco2)n1)Nc1ccccc1,0
CN(C)c1nc(N)nc(-c2nc3ccccc3s2)n1,0
COc1ccc(-n2c(SCC(=O)NCC3CCCO3)nc3nnc(C)c-3c2N)cc1,0
CCCn1c(SCC(=O)NCc2ccco2)nc2c1c(=O)n(C)c(=O)n2C,0
Cc1cc(C)nc(N(C#N)S(=O)(=O)c2ccccc2Cl)n1,0
CCC(=O)Nc1c2c(nn1-c1ccccc1C)CSC2,0
Cc1ccc(-c2nsc3c(N4CCC(C(N)=O)CC4)ncnc23)cc1,0
O=c1cc(-c2ccccc2)[nH]c2[nH]n(-c3ccccc3)c(=O)c12,0
CCS(=O)(=O)n1nc(-c2ccco2)nc1SC,0
O=C(c1ccco1)N1CCCC(c2ccccc2)C1,0
COCCN1Cc2cccc(C(=O)NCc3ccccn3)c2C1=O,0
CC1CCC(NS(=O)(=O)c2ccc3c(c2)n(C)c(=O)c(=O)n3C)CC1,0
COCCn1c(Cc2ccccc2)nnc1SCC(=O)Nc1cc(C)on1,0
COc1ccc(C2NC(=O)c3n[nH]c(C)c32)c(OC)c1,0
c1ccc(CSc2nnc(NC3=NCCCCC3)s2)cc1,0
Clc1ccc(OCc2nn3c(C4CCCCC4)nnc3s2)cc1,0
Cc1ccc2cc(CN(C(=O)c3ccncc3)C(C)C)c(=O)[nH]c2c1,0
COC(=O)C(Cc1cnc[nH]1)NC(=O)C1CCC(=O)N1,0
COc1ccc(OC)c(Nc2ncnc3c2cnn3-c2cccc(C)c2)c1,0
CC(=O)Nc1ccc(-c2nn[nH]n2)cc1Cl,0
Cc1cccc(Nc2nc(-c3ccccn3)cs2)n1,0
CCC(C)Nc1ncnc2c1cnn2Cc1ccc(Cl)cc1,0
Cc1cc(CNC(=O)Nc2ccc3c(c2)OCO3)nn1C,0
Cc1n[nH]c(SCC(=O)Nc2nccs2)nc1=O,0
COc1ccc2nc(NC(=O)CCn3cccc3)sc2c1,0
CCCCCOC(=O)Cc1c(O)n(C)c2ccccc2c1=O,0
COCCn1c(SCC(=O)Nc2ccccc2)nc2c1c(=O)[nH]c(=O)n2C,0
COC(=O)C(C)n1cnc2c(cnn2-c2ccc(Cl)cc2)c1=O,0
Cc1ccc(S(=O)(=O)N2CCC(C(=O)N3CCN(Cc4ccccc4)CC3)CC2)cc1,0
CCCc1nc2ccccc2c(=O)n1-c1c(C)n(C)n(-c2ccccc2)c1=O,0
COc1ccccc1NC(=O)Cn1nnc(-c2ccccc2NC(=O)c2cccs2)n1,0
CCOC(=O)c1cnc2cc(Cl)c(OC)cc2c1NCC1CCCO1,0
COc1ccc(OC)c2sc(N3CCN(c4ccccc4)CC3)nc12,0
OCCNc1nc(-c2cccnc2)nc2ccccc12,0
CN(C)C(=O)c1cc(S(=O)(=O)N(C)C)c(Cl)cc1N1CCCC1,0
CCOC(=O)c1ccc(Nc2c(CC)c(C)nc3ncnn23)cc1,0
COC(=O)c1c(NC(=O)C2CC=CCC2C(=O)O)sc(C(N)=O)c1C,0
CC(c1ccco1)N(C(=O)c1ccc(Cl)s1)c1ccccn1,0
O=S(=O)(c1cccc(-c2cn3cccnc3n2)c1)N1CCOCC1,0
Cc1cc(-c2ccco2)n(CC(=O)NCCN(C)C)n1,0
O=C(CC(=O)Nc1ccccn1)Nc1ccccn1,0
CC1CCN(c2nc3ccccc3nc2C(C#N)C(=O)OC2CCCCC2)CC1,0
Cc1cc(C)n(C(=O)c2ccc(C)c(S(=O)(=O)N3CCOCC3)c2)n1,0
Cc1nn2c3c(cnc2c1-c1ccccc1)C(=O)CC(C)C3,0
Cc1onc(-c2c(F)cccc2Cl)c1C(=O)N1CCCc2ccccc21,0
CCn1c(Cc2ccccc2)nnc1SCC(=O)Nc1nc2ccccc2s1,0
CCOC(=O)c1oc2ccccc2c1NC(=O)Cc1cccs1,0
Cc1ccccc1OCC(=O)NCC1CCCO1,0
Cc1cc(Oc2ccc(-c3ccccc3)cc2)n2ncnc2n1,0
Cc1cc(Nc2ccc(F)cc2C)n2ncnc2n1,0
CN(CC(=O)NCCN1CCN(Cc2ccccc2)CC1)S(=O)(=O)c1cccc2nsnc12,0
Cc1nc(NCc2ccco2)nc2c1C(=O)CC(C)C2,0
Cn1c(Cn2c(=O)sc3ccccc32)nnc1SCC(=O)N1CCCC1,0
CCOC(=O)c1c(CN2CCCCC2)n(C)c2ccc(OC)c(S(=O)(=O)c3ccccc3)c12,0
CCN(CC)CC(=O)N(CC(=O)Nc1c(C)cc(C)cc1C)C1CCCCC1,0
Cc1cc(NC(=O)c2ccco2)ncc1NC(=O)Cc1ccccc1,0
CC12CCC(C(=O)N3CCc4ccccc43)(CC1=O)C2(C)C,0
Cn1c(O)cc(=O)nc1SCC(=O)Nc1cccc2ccccc12,0
CCCn1c(Nc2nc3ccccc3n2C)nc2ccccc21,0
COC(=O)c1cn(CC(=O)NCc2ccco2)c2ccccc12,0
COc1ccc(OC)c(C2C3=C(CCCC3=O)Nc3nc4ccccc4n32)c1,0
Cc1oc(-c2ccc(Cl)cc2)cc1-c1nn2c(-c3ccco3)nnc2s1,0
Cn1c(=O)n(CC(=O)Nc2ccccc2)c2ccccc21,0
Cc1ccccc1CN(c1ccc(C(=O)N2CCCC2)cc1)S(C)(=O)=O,0
CCOc1ccc(C2C(C(=O)O)c3ccccc3C(=O)N2CCN2CCOCC2)cc1,0
O=C(CN1C(=O)C2CC=CCC2C1=O)Nc1ccc(S(=O)(=O)NC2=NCCCCC2)cc1,0
Cc1ccc(C(c2sc3nc(C)nn3c2O)N2CCOCC2)cc1,0
O=C(NCc1ccccn1)c1cc2ccccc2oc1=O,0
Cc1cccc(C)c1N1C(=O)CC(N(O)c2ccccc2)C1=O,0
CC(C)c1[nH]nc2c1C(c1cccc(OC(=O)N3CCOCC3)c1)C(C#N)=C(N)O2,0
CCOC(=O)CSc1nc(N)c(C(=O)Nc2ccc(N(C)C)cc2)s1,0
O=C(Cc1ccccc1)n1nc(-c2ccccc2)nc1NCc1ccco1,0
CCCC(=O)Nc1ccc2oc(-c3cccnc3)nc2c1,0
N#Cc1c(NC(=O)CSc2nnnn2C2CCCC2)sc2c1CCCC2,0
CCC(CC)C(=O)NCCc1ccc(S(N)(=O)=O)cc1,0
O=C(C(Cc1ccccc1)n1cccc1)N1CCN(c2ncccn2)CC1,0
COc1ccccc1N1CCN(c2ccc(-c3ccccc3)nn2)CC1,0
CN(Cc1nc(-c2cccnc2)no1)S(=O)(=O)c1ccccc1,0
CCCc1nnc(SCC(=O)N2CCOCC2)n1CCCOC,0
CC1CCN(c2nc3c(c(=O)n(C)c(=O)n3C)n2CCSc2nc3ccccc3o2)CC1,0
Cc1ccc(C)c(Cn2[nH]nc3c(=O)nc(C(=O)NCC4CCCO4)nc2-3)c1,0
Cc1nnc(SCC(=O)NCc2ccccc2)s1,0
Cc1cc(NC(=O)CCC(=O)N(CC(=O)NC2CCCC2)Cc2ccc(F)cc2)no1,0
O=C1CC(c2ccco2)CC(=O)C1=CNCCN1CCNCC1,0
CCOC(=O)N1CCN(C(=O)C(CC)n2nc(C)c3sc4ccccc4c3c2=O)CC1,0
Cc1ccc(CNc2oc(-c3ccco3)nc2C#N)cc1,0
Cc1ccc(CNC(=O)CSc2ncccn2)cc1,0
CCn1c(CSc2ncccn2)nnc1SCC(=O)N1CCc2ccccc21,0
O=C(NCc1cccs1)c1ccc(N2CCCCC2)nc1,0
COc1ccc(NS(=O)(=O)c2ccc(NS(C)(=O)=O)cc2)cc1,0
CCCSc1nnc(Cc2cc(=O)[nH]c(=O)[nH]2)n1-c1cc(C)ccc1C,0
CSc1nnc2c(n1)OC=Nc1ccccc1-2,0
CCOC(=O)Cc1[nH]nc2c1C(C1C=CCCC1)C(C#N)=C(N)O2,0
O=C(NCc1cccs1)NC1CCCCC1,0
Cc1ccc(Cn2c(-c3nonc3N)nc3ccccc32)cc1,0
c1ccc(Cc2ccc(OCCn3cncn3)cc2)cc1,0
CCc1cccc(C)c1NC(=O)c1cccc(N(C)C)c1,0
O=C(c1cccs1)N1CCC(c2nc3ccccc3s2)CC1,0
Cc1cc(C(=O)Nc2sc(C)c(C)c2C#N)c(C)o1,0
Cc1n[nH]c(C)c1SCC(=O)Nc1ccc(F)cc1,0
Cc1ccnc(SCCn2c(N3CCN(c4ccccc4)CC3)nc3c2c(=O)[nH]c(=O)n3C)n1,0
Cc1ccc2c(c1)N(CCCC(=O)NCc1cccnc1)C(=O)CO2,0
Cc1cc(C)c(S(=O)(=O)Nc2ccc[nH]c2=O)c(C)c1,0
O=C(NCCCN1CCCCCC1)C1CC(=O)N(C2CCCC2)C1,0
Cn1cnnc1SCc1ccc(C(=O)n2ncc(C#N)c2N)cc1,0
O=C(NC1CCCCCC1)C1CCN(c2nc3ccccc3o2)CC1,0
Cc1nc(N2CCN(S(=O)(=O)c3ccc(F)cc3)CC2)c2c(C)c(C)sc2n1,0
CCOc1ccc(NC(=O)Nc2ccc3c(c2)nnn3C)cc1,0
CCOC(=O)C1CCCN(C(=O)CS(=O)(=O)Cc2ccccc2)C1,0
CCC(=O)N1CCN(c2ccc(NC(=O)c3ccc4c(c3)OCO4)cc2)CC1,0
O=C(C1CCCN1S(=O)(=O)c1cccc2cccnc12)N1CCc2ccccc2C1,0
CS(=O)(=O)N(CC(=O)N1CCN(c2cccc(Cl)c2)CC1)C1CCCCC1,0
O=C(CCn1c(=O)c2ccccc2n(Cc2cc(=O)n3ccccc3n2)c1=O)NCc1ccco1,0
CCN1CCN(CCNC(=O)c2cn(Cc3ccccc3F)nn2)CC1,0
CCOC(=O)c1cnc(-n2nc(C)cc2C)nc1N(C)C,0
CCn1c(SCC(=O)Nc2cc(C)ccc2C)nc2c(c1=O)SC(C)C2,0
CC(C)Cn1nc(NC(=O)C2CCCO2)c2cc3ccccc3nc21,0
COc1cc(C)nc(N2CCCC(C(=O)Nc3cccc(Cl)c3C)C2)n1,0
O=C(c1nc2ncccn2n1)N1CCN(c2ccc(F)cc2)CC1,0
CCOC(=O)c1c(NC(=O)C2=NC3=NC(C)CC(C(F)F)N3N2)sc2c1CCCC2,0
Cc1ccc2nc(NC(=O)COC(=O)c3ccco3)sc2c1,0
O=c1ncnc2[nH]n(-c3ccccc3)nc1-2,0
CC(C)C(NC(=O)NCCc1ccc(F)cc1)C(=O)O,0
Cc1cc(=O)nc(SCC(=O)N2c3ccccc3CC2C)[nH]1,0
Cc1ccc(S(=O)(=O)N2CCC(N3CCCCCC3)CC2)cc1,0
CC(C)Oc1ccc(N2CC(C(=O)Nc3ccccc3F)CC2=O)cc1,0
Fc1cccc(F)c1CN1CCN(c2ncccn2)CC1,0
Cc1cc(-c2nc3ncccc3o2)ccc1NC(=O)CC(C)C,0
Cc1noc(C)c1S(=O)(=O)N1CCC(Cc2ccccc2)CC1,0
CCOc1ccc(N2C(=O)CC(Sc3nccc(C)n3)C2=O)cc1,0
Cc1cc(C(=O)O)cc(S(=O)(=O)N2CCOCC2)c1C,0
O=C(Cc1ccccc1)NCc1nc2ccccc2[nH]1,0
CCOc1ccc(C2C(C(=O)OC)=C(C)N=C3SCCC(=O)N32)cc1OCC,0
O=c1cc(N2CCN(c3ccccc3)CC2)[nH]c(=O)n1Cc1ccc(F)cc1,0
Cc1ccccc1Cn1nnc(C(=O)Nc2cccc(C)c2C)c1N,0
CC(NC(=O)Cc1ccccc1)c1nc2ccccc2[nH]1,0
NC(=O)c1c(NC(=O)CSc2nnc(-c3ccccc3)n2CC2CCCO2)sc2c1CCC2,0
CCOc1ccc(OCC)c(Nc2cc(C)nc3ncnn23)c1,0
CCCN(CCC)CCCNC(=O)CC1Nc2ccccc2NC1=O,0
Cc1nn2c3ccccc3nc2n(C)c1=O,0
C=C(C)CSc1nc(=O)c(Cc2ccccc2)c(C)[nH]1,0
c1ccc(N2CCN(c3cnccn3)CC2)nc1,0
COCCn1c(-c2ccc(OC)cc2)cnc1N,0
O=C(NCCc1ccccc1)C1CCCN(S(=O)(=O)c2cccc3nsnc23)C1,0
Cc1cc(NC(=O)c2noc3c2CCCC3)nn1Cc1ccc(Cl)cc1,0
CCn1c2ccccc2c2cc(CN3CCN(C(=O)c4ccco4)CC3)ccc21,0
CCc1cc2c(NCCC(=O)O)nc(C)nc2s1,0
COc1ccc(C)cc1-n1nnnc1SCc1nc2ccccc2s1,0
COc1ccc(OCc2nnc(SCC(=O)O)n2N)cc1,0
c1ccc(N2CCOCC2)c(Nc2nc3ccccc3n3cnnc23)c1,0
O=C(Nc1c(Cl)cc(Cl)cc1C(=O)NCC1CCCO1)c1ccco1,0
CCOc1cc2[nH]c(=O)n(CCC(=O)NCCc3ccccc3)c(=O)c2cc1OCC,0
C=CCNc1nc2ccccc2nc1NS(=O)(=O)c1cccs1,0
COc1ccc(-n2c(CNC(=O)c3ccc(S(=O)(=O)N4CCCC4)cc3)n[nH]c2=S)cc1,0
Cn1c(=O)c2c(nc(NC3CCCCC3)n2CC(=O)C23CC4CC(CC(C4)C2)C3)n(C)c1=O,0
Cc1cc(C(=S)N2CCOCC2)c(C)n1C1CCCC1,0
O=C(Cc1n[nH]c(=O)c2ccccc12)NCc1ccccn1,0
CC(=O)Nc1ccc(C(=O)CSc2nc3ccccc3n2CC(=O)N2CCCC2)cc1,0
COc1ccc2[nH]c(=S)[nH]c2c1,0
COc1ccc(C)cc1NC(=O)c1nc2nc(C)cc(C)n2n1,0
COc1cccc(C(=O)NCC(=O)N2CCC(C)CC2)c1,0
Cc1c2c(n3c(nc4ccccc43)c1C#N)N(Cc1cccnc1)CC2,0
O=C(CSc1ccc(-c2ccc(F)cc2)nn1)N1CCCCC1,0
N#Cc1c(-c2ccco2)cc(-c2cccnc2)nc1N,0
Cc1ccc(-c2noc(-c3ccccc3C(=O)N3CCN(C)CC3)n2)cc1,0
N#CC(c1nc2ccccc2nc1N1CCCC1)S(=O)(=O)c1cccs1,0
CCCn1c(SCC(=O)NCCc2ccccc2)nnc1-c1cccnc1,0
O=C(NC1(C(F)(F)F)N=C2SCCN2C1=O)C1CCCCC1,0
O=C(CCn1c(=O)sc2ccccc21)NCCN1CCOCC1,0
CCOC(=O)N1CCC(NC(=O)c2cnn3ccccc23)CC1,0
Cn1ccnc1Sc1nnnn1-c1ccccc1,0
COc1cccc(-c2cc(C(=O)Nc3ccccc3SC)no2)c1,0
COc1ccc(NC(=O)C2CCN(c3nc(C)nc4c3CCC4)CC2)cc1,0
O=C(c1ccc(Cl)s1)N1CCN(c2ccccc2)CC1,0
CC(C)CCn1nnnc1C(c1ccc(F)cc1)N1CCC(C(N)=O)CC1,0
Cn1nnnc1SCc1cc(=O)n2ccsc2n1,0
Fc1ccc2c(c1)nnn2C1CCN(Cc2ccccc2)CC1,0
CCCNC(=O)c1c(N)n(CC2CCCO2)c2nc3ccccc3nc12,0
Cc1nc2ncnn2c(C)c1CCC(=O)Nc1csc(N)n1,0
CCOC(=O)c1nc2nc(C)c(Cl)c(=O)n2[nH]1,0
CCOC(=O)C(C)n1cnc2c(nnn2Cc2ccc(Cl)cc2)c1=O,0
Cc1nc2cc(NC(=O)N3CC4(C)CC3CC(C)(C)C4)ccc2n1C,0
O=C(c1ccc2ccccc2n1)N1CCN(c2ccccc2)CC1,0
CCCc1[nH]nc2c1C(c1ccc(OCCN3CCOCC3)c(OCC)c1)C(C#N)=C(N)O2,0
CC1CCN(S(=O)(=O)c2ccc(NC(=O)CSc3nnnn3C)cc2)CC1,0
COc1ccccc1Nc1nc(C)cs1,0
O=C1c2ccccc2C(Nc2ccc(Cl)cn2)N1c1cccnc1,0
Cc1cccc(N2CCN(C(=O)CCn3c(=O)[nH]c4ccccc4c3=O)CC2)c1C,0
CCn1c(Cn2nnc(-c3ccccc3)n2)nnc1SCC(=O)Nc1cccc(C(C)=O)c1,0
COc1ccc(Nc2nc(Nc3ccc(OC)cc3)nc(-n3[nH]c(=O)c(C)c3C)n2)cc1,0
COc1ccc(CC2NCCC3(O)CCCCC23)cc1,0
NS(=O)(=O)c1ccc(NC(=O)NC(Cc2ccccc2)C(=O)O)cc1,0
Cc1cc(C)c(C#N)c(N2CCCC2)n1,0
Cc1cc(C(=O)CSc2nc(=O)c3ccccc3[nH]2)c(C)n1C,0
CCOC(=O)c1cc(NC(=O)NCc2ccco2)c(C)nc1C,0
CCOC(=O)N1CCN(C(=O)CSc2nc3n(-c4ccc(C)cc4)[nH]cc-3c(=O)n2)CC1,0
C=CCn1cnc2c(c1=O)c1nc3ccccc3nc1n2/N=C/c1cccc(OC)c1,0
O=C(CN1CCN(Cc2ccccc2F)C1=O)NCc1cccnc1,0
CC1(C(=O)Nc2nccs2)Cc2ccccc2C(=O)O1,0
O=C(NCc1ccc2c(c1)OCO2)c1cc(-n2cnnc2)ccc1Cl,0
Nn1cnn(Cc2ccccc2)c1=S,0
CCCc1cc(=O)nc(SCC(=O)N(CC(C)C)C2CCS(=O)(=O)C2)[nH]1,0
Cc1noc(NS(=O)(=O)c2ccc(NC(=O)CSc3ncccn3)cc2)c1C,0
Cc1ccc(N(CC(=O)NCc2ccco2)S(=O)(=O)c2ccccc2)cc1,0
O=C(c1cccs1)N1CCN(CCc2ccccc2)CC1,0
CCN(CCO)C1CC(=O)N(c2ccccc2C)C1=O,0
CCn1c(SCC(=O)Nc2cc(C)on2)nc2sc3c(c2c1=O)CCCC3,0
Cc1cc(-c2nc3c4c5c(sc4nc(=O)n3[nH]2)CCC5)c(C)o1,0
Cc1cc(S(=O)(=O)N(Cc2ccccc2)Cc2ccc(N(C)C)cc2)ccc1-n1cnnn1,0
Cc1c(-c2nn(C)c(=O)c3ccccc23)oc2ccc(F)cc2c1=O,0
c1ccc(-c2cc(CSc3nc4ccccc4[nH]3)on2)cc1,0
Cc1cccc(N2CCN(c3cccc(C)c3)C2c2cccnc2)c1,0
O=S1(=O)NC2CCCCCN2c2ccc(F)cc21,0
CCn1nc(CC(=O)Nc2nnc(CC(=O)N3CCCC3)s2)c2ccccc2c1=O,0
CCCCCn1c(SCC#N)nc2cc(C(=O)NCC3CCCO3)ccc2c1=O,0
N#CC1=C(N)Oc2n[nH]c(-c3ccccc3)c2C1c1ccncc1,0
CCOc1ccc(Nc2nc(=O)c3c([nH]2)CCC3)cc1,0
N#Cc1nc(-c2ccco2)oc1NCCN1CCOCC1,0
COCCn1c(SCC(=O)c2cccc(OC)c2)nnc1-c1ccco1,0
c1ccc(OCc2nnc3sc(C4COc5ccccc5O4)nn23)cc1,0
CCOC(=O)c1c(N)nn(C(=O)C(C)C)c1-c1ccccc1,0
COc1ccc(CN(Cc2nc(=O)c3ccccc3[nH]2)C(=O)C(C)(C)C)cc1,0
CCSc1nnc(Cc2cc(=O)[nH]c(=O)[nH]2)n1-c1cccc(C)c1,0
CCCc1cc(N2CCCC(C(=O)Nc3ccc(OC)cc3OC)C2)n2ncnc2n1,0
CC(C)CCN1C(=O)c2ccc(C(=O)NCC3CCCO3)cc2C1=O,0
N#CC1=C(N)OC2=C(CCC/C2=C/c2ccoc2)C1c1ccoc1,0
Cc1ccc(SCc2nc(-c3cccnc3)no2)cc1,0
C1=Nc2c(NCc3ccccc3)ncnc2Oc2ccccc21,0
COCc1cc(C)nc2sc3c(=O)n(Cc4ccco4)nnc3c12,0
Cn1c(=O)oc2cc(S(=O)(=O)N3CCC(C(=O)N4CCN(c5ccccc5)CC4)CC3)ccc21,0
Cc1cc(C)c(S(=O)(=O)N2CCN(c3nc4c(c(=O)n(C)c(=O)n4C)n3C)CC2)c(C)c1,0
Cc1cc(C)c2c(n1)nn1c(N3CCOCC3)cc(C)nc21,0
CCOCCCn1/c(=N/C(=O)c2cccnc2)c(C(=O)OCC)cc2c(=O)n3ccccc3nc21,0
Cc1ccc(Cl)cc1N(CC(=O)NC1CCCCC1)S(C)(=O)=O,0
Nc1nnc(SCC(=O)N2CCN(c3ccccc3)CC2)s1,0
COc1ccc(Cc2nnc(SCC(=O)NCC3CCCO3)o2)cc1,0
Clc1ccccc1-c1nnc2sc(-c3cccs3)nn12,0
CCOC(=O)N1CCN(C(=O)CSc2ccccc2)CC1,0
N#CCSc1nc2ccccc2c(=O)n1CCC(=O)NCCc1ccccc1,0
CS(=O)(=O)Nc1ccc(C(=O)NCCc2ccccc2)cc1,0
Cc1ccc(-n2c(O)cnc2Nc2nc(C)cc(C)n2)cc1,0
CCCn1c(CCC(=O)O)ccc1-c1ccc(F)cc1,0
COc1ccc(NC(=O)c2cnc3n(c2=O)CCS3)cc1OC,0
COC(=O)c1cc(C(=O)OC)cc(-n2c(C)cc(C(=O)CC#N)c2C)c1,0
CCCNC(=O)CC(NS(=O)(=O)c1ccc(Cl)cc1)c1ccco1,0
CC(C)CCNC(=O)CCn1nc(-c2ccccc2)ccc1=O,0
COc1ccccc1N1C(=O)C2ON(c3ccccc3)C(c3ccc(N(C)C)cc3)C2C1=O,0
CC1Oc2ccccc2N(CC(=O)NCc2cccs2)C1=O,0
Cc1cc2c(c(=O)o1)C(Cc1ccccc1)C(C#N)=C(N)O2,0
CC(C)CCSc1nc(N)c(C#N)cc1C#N,0
CCOC(=O)c1c(NC(=O)CSc2nnc(CN3CCOCC3)n2C)sc2c1CCCC2,0
N#CC(C(=O)NCCc1ccccc1)c1nc2ccccc2nc1N1CCOCC1,0
O=C(c1cnsn1)N1CCN(c2ccccc2)CC1,0
CC(C)Cn1c(-c2cccs2)nc2nc3ccccc3nc21,0
CC1CCN(C(=O)CSc2ccc3nnc(-c4ccc(F)cc4)n3n2)CC1,0
COc1cccc(-n2cc3c(c2-c2ccccc2)c(=O)n(C)c(=O)n3C)c1,0
N#CC(C#N)C(c1ccsc1)c1c(-c2ccccc2)[nH][nH]c1=O,0
c1csc(-c2cnc3ccccc3n2)c1,0
Cc1cc(NC(=O)NC(=O)c2ccc(F)cc2F)n[nH]1,0
Cc1ccc(OC(=O)CCc2c(C)nc3ncnn3c2C)cc1,0
O=C(CC1(O)C(=O)N(Cc2ccc3c(c2)OCO3)c2ccccc21)c1ccccc1,0
COc1ccc(NC(=O)c2cnc3sccn3c2=O)cc1OC,0
C=CCn1c(O)c(C(=O)Nc2nnc(C)s2)c(=O)c2ccccc21,0
COc1ccc(CCNC(=O)c2c[nH]c3ccccc3c2=O)cc1OC,0
COc1ccc(C(CC(=O)O)NC(=O)COc2ccccc2)cc1OC,0
O=C(Cn1nnc2c(cnn2-c2ccccc2)c1=O)N1CCN(c2ccccc2F)CC1,0
Nc1c(NCCCN2CCOCC2)c2ccccc2oc1=O,0
Cc1cnc(C(=O)OCC(=O)Nc2ccc(Oc3ccccc3)cc2)cn1,0
C=C(C)c1cccc(C(C)(C)NC(=O)Nc2ccc3[nH]c(=O)[nH]c3c2)c1,0
CCCn1c(SCC(=O)Nc2nnc(-c3ccccc3)s2)nnc1-c1ccccn1,0
COCCn1c(SCC(=O)Nc2sc(C)c(C)c2C#N)nnc1C(C)C,0
COc1ccc(C2CC(=O)NC3=C2C(=O)CCC3)cc1Cl,0
CCOc1nonc1C(N)=C(C(C)=O)C(C)=O,0
O=C(NCCCN1CCCC1)c1cccc(N2CCCC2=O)c1,0
Clc1ccc2c(c1)C=Nc1c(ncnc1N1CCOCC1)O2,0
COc1ccc(CCNC(=O)CSc2nnc(Cc3csc(N)n3)n2C)cc1OC,0
Cn1c(Cn2c(=O)sc3ccccc32)nnc1SCC(=O)Nc1ccc(Cl)cc1,0
COC(=O)c1ccccc1NC(=O)N1CCN(C/C=C/c2ccccc2)CC1,0
COCCNS(=O)(=O)c1cccc2cccnc12,0
Cc1ccc(NC(=O)CCSc2nnc(-c3ccco3)o2)cc1,0
O=C(CSc1nnc(CN2CCOCC2)n1-c1ccccc1)Nc1ccc(Cl)cc1,0
Nc1nc(NC(=O)c2cccnc2)nn1-c1ccccc1,0
O=C(O)CSC1=NCCN1,0
Nc1[nH]c(SCc2ccccc2)nc(=O)c1-c1ccccc1,0
O=C(Cn1cc(C(=O)COc2ccccc2)c2ccccc21)NCc1ccco1,0
CCn1c(=O)c(C)nn2c3ccccc3nc12,0
Cc1cc(C)c(C#N)c(N2CCN(Cc3ccc4c(c3)OCO4)CC2)n1,0
CN1c2ccccc2N(C)C1c1c(O)ccc2ccccc12,0
COc1ccc(CN(Cc2cc3cc(C)ccc3[nH]c2=O)C(=O)N(C)C)cc1,0
CCOc1cc(-c2noc(CCC(=O)Nc3cccnc3)n2)ccc1OC,0
CCN1CCN(CCNC(=O)c2cn(C(C)c3ccccc3F)nn2)CC1,0
CCCCCn1c(N2CCC(C(N)=O)CC2)nc2c1c(=O)[nH]c(=O)n2C,0
CC(=O)Nc1ccc(C(=O)CSc2ncn(-c3ccccc3)n2)cc1,0
CC(=C1C(=O)c2ccccc2C1=O)N1CCN(c2ccccn2)CC1,0
CC1Cc2nc(SCC(=O)NCc3ccco3)n(Cc3ccccc3)c(=O)c2S1,0
O=C(CCCn1c(=S)[nH]c2cc3c(cc2c1=O)OCO3)NC1CC1,0
CCOC(=O)c1c(-c2ccncc2)csc1N,0
Cc1ccc2nc(NC3=NCN(CCN4CCOCC4)CN3)nc(C)c2c1,0
CC1(C)CC(=O)C2=C(C1)OC(N)=C(C#N)C2c1ccsc1,0
COC(=O)CSc1nc(N2CCOCC2)c2c(c1C#N)CC(C)(C)N(C)C2,0
COc1ccc(-n2nnc3c(SCC(=O)Nc4ccc5c(c4)OCCO5)ncnc32)cc1,0
COc1ccc(NC(=O)CSc2nnc(-c3ccccc3Cl)n2Cc2ccco2)c(OC)c1,0
Cc1ccc(C(C(=O)NC(C)(C)C)N(C(=O)c2csnn2)c2cccc(F)c2)o1,0
COc1ccc(-c2noc(Cc3cccs3)n2)cc1,0
COC(=O)c1c(-n2cnnn2)sc(C)c1C,0
O=C(Cn1cnc2c(oc3ccccc32)c1=O)NCC1CCCO1,0
CCn1c(CSc2nc3ccccc3[nH]2)n[nH]c1=S,0
COc1ccc(/C=N/n2cnnc2SCCO)cc1OC,0
COc1cccc(-c2noc(N)c2C#N)c1,0
c1ccc(Nc2nc3ccccc3n3cnnc23)cc1,0
CCc1cccc(NC(=O)CCS(=O)(=O)c2cccc3nonc23)c1,0
CCN(CC)S(=O)(=O)c1ccc2[nH]c(=O)[nH]c2c1,0
COCCn1nnnc1C(c1ccccn1)N(CCc1ccccc1)Cc1cccs1,0
Cc1cc(-c2ccccc2)c2nncn2n1,0
CC1CCN(C(=O)CSc2nncn2-c2ccccn2)CC1,0
CCc1nnc(NC(=O)CSc2nnc(Cc3cccn3C)n2CCOC)s1,0
O=C(Cc1ccccc1)Nc1c2c(nn1-c1cccc(Cl)c1)CS(=O)(=O)C2,0
Cn1c(SCC(=O)Nc2ccccc2F)nnc1-c1cccnc1,0
Cc1noc(C)c1COC(=O)CCc1ccc(S(=O)(=O)N2CCCCC2)cc1,0
CCC(NCC1CCCO1)=C1C(=O)NC(=O)NC1=O,0
CS(=O)(=O)N1CCN(C(=O)C(Sc2ccccc2)c2ccccc2)CC1,0
COc1cc(NC(=O)c2ccc3c(=O)n(Cc4ccco4)c(=S)[nH]c3c2)cc(OC)c1OC,0
Cc1ccc(-c2noc(-c3cccs3)n2)cc1,0
COc1ccc(Cn2nnnc2CN2CCc3ccccc32)cc1,0
Nc1ccccc1SCc1cn2ccccc2n1,0
CCOc1ccc(C(=O)NCCCn2ccnc2)cc1,0
O=C(CCn1cccc1)Nc1nccs1,0
CC(=O)c1c(C)cc(C)c(CSc2nc(=O)cc(C)[nH]2)c1C,0
Cc1ccccc1C(=O)Nc1ccc(Cl)cn1,0
CCCCn1nc(C(=O)NC2=NCCS2)c2ccccc2c1=O,0
COc1cc(CSc2ncn[nH]2)c(OC)cc1CSc1ncn[nH]1,0
Cc1cc(-n2c(C)cc(C(=O)CSc3nnc4sc5ccccc5n34)c2C)no1,0
COc1ccc(Cl)cc1C(=O)Nc1ccc(NC(=O)c2ccco2)cc1,0
O=C(CCS(=O)(=O)c1cccc2nonc12)N1CCCc2ccccc21,0
COc1ccc(CNC(=O)CSc2nnnn2-c2ccc(O)cc2)cc1,0
CCn1c(SCC(=O)c2c[nH]c3ccccc23)nnc1-c1cccs1,0
Cc1ccc(-n2c(Cc3cccn3C)nnc2SCC(=O)Nc2nnc(C)s2)cc1,0
O=C(CSc1nc(=O)cc(-c2ccccc2)[nH]1)Nc1ccccn1,0
CCOC(=O)c1ccc(CNC(=O)C(Cc2c[nH]c3ccccc23)NC(C)=O)o1,0
Cn1c(=O)cc(SCC(=O)Nc2cccnc2)c2ccccc21,0
CCOC(=O)c1cc(-c2ccc(C)o2)nn1CCC#N,0
COC(=O)c1[nH]c2cc(C)ccc2c1NC(=O)CN1CCc2cc(OC)c(OC)cc2C1,0
O=C(Cn1ccs/c1=N\C(=O)c1ccco1)c1ccccc1,0
CCOCCCn1c(=S)[nH]c2cc(C(=O)NCCOC)ccc2c1=O,0
CCOc1nc(C)ccc1-c1noc(-c2ccncc2)n1,0
Cc1cccc(NC(=O)c2cnc3scc(C)n3c2=O)c1,0
CCN(CC)CC(=O)c1c[nH]c2ccccc12,0
Cc1nc2ncnn2c(N2CCN(C(=O)Cc3cccs3)CC2)c1C,0
O=C(Cn1cnc2c(nnn2Cc2ccc(F)cc2)c1=O)NC1CCCC1,0
O=C(CSc1nc2ccccc2s1)Nc1ncccn1,0
Cc1ccc(-n2nnnc2SCC(=O)N2c3ccccc3NC(=O)C2(C)C)cc1,0
O=C(NCc1cccnc1)c1nnc(Cc2ccc(F)cc2)o1,0
Cc1cc(C)n(CCCNC(=O)c2ccc3c(c2)NC(=O)CS3)n1,0
Cc1cccc(OCc2nnc(SCC(=O)Nc3sc(C)c(C)c3C#N)n2C)c1,0
COc1ccc2cc3c(N)c(C(=O)N4CCCC4)sc3nc2c1,0
CC(C)c1nnc(NC(=O)c2c(O)n3c4c(cccc4c2=O)CC3)s1,0
CCOC(=O)C1CCN(Cc2coc3ccc(Cl)cc3c2=O)CC1,0
COc1ccccc1NC(=O)CSc1nnc(COc2ccc(Cl)cc2)n1Cc1ccco1,0
Cc1ccnc(NC(=O)CCC(=O)N(CC(=O)NCC2CCCO2)Cc2ccc(F)cc2)c1,0
CCc1ccc(-c2cn(-c3nc(C)cc(C)n3)c(=N)o2)cc1,0
O=C1CCc2cc(OCCCCc3nnnn3C3CCCCC3)ccc2N1,0
Cc1ccc2nc(NC3=NCN(Cc4cccnc4)CN3)nc(C)c2c1,0
CCOC(=O)N1CCC(NC(=O)C2CCN(S(=O)(=O)c3cnc[nH]3)CC2)CC1,0
O=C(c1cnn2cccnc12)N1CCN(c2ccccc2)CC1,0
COc1cccc(NC(=O)CSc2nnc(C)s2)c1,0
COCCNC(=O)COc1ccc(Nc2ccccc2)cc1,0
CC(=O)c1cccc(NC(=O)CN(C2CCCCC2)S(C)(=O)=O)c1,0
Cc1cc(C(=O)Nc2sc3c(c2C#N)CCC(C)C3)no1,0
Cc1cc(N2CCN(S(=O)(=O)c3ccccc3)CC2)c2ccccc2n1,0
CC(=O)c1nnn(-c2nc(N)nc(N(c3ccccc3)c3ccccc3)n2)c1C,0
CCS(=O)(=O)N1Cc2ccccc2CC1C(=O)Nc1nc2ccccc2[nH]1,0
CN(C)C(CNC(=O)c1cccs1)c1cccnc1,0
COCC(=O)Nc1ccccc1NC(C)=O,0
CC(C)c1nnc(NC(=O)c2ccc(S(=O)(=O)N3CCOCC3)cc2)s1,0
N#Cc1c(-c2ccco2)cc(C2CC2)nc1N,0
CCn1c(C)cs/c1=N/C(=O)c1ccccc1,0
CCOc1ccc(C(CC(=O)O)NS(=O)(=O)c2ccc(C)cc2)cc1OC,0
Cc1nnc(SCc2cn3ccsc3n2)n(N)c1=O,0
CCn1c(COc2cccc(C)c2)nnc1SCC(=O)N1CCCC1,0
COc1ccc(OCc2nn3c(-c4ccccn4)nnc3s2)cc1,0
CC/C(NCc1ccccc1)=C1/C(=O)CC(C)(C)C(C(=O)OC)C1=O,0
CC(C)NC(=O)Cn1nnc(-c2cccc(NC(=O)c3ccccc3F)c2)n1,0
COC(=O)C1=C(C)N=C2N=CNN2C1c1ccc(OC(=O)c2ccccc2)cc1,0
N#Cc1nc(Cc2cccc3ccccc23)oc1NCC1CCCO1,0
CCn1c(COc2ccccc2)nnc1SCC(=O)NC1CCCCC1,0
CCOc1ccc(-n2cnnn2)cc1S(=O)(=O)NCc1ccccc1,0
Cc1ccc(Cl)cc1N1CCN(S(=O)(=O)c2ccc3c(c2)OCCO3)CC1,0
COc1ccc(CCNC(=O)c2cc(-c3ccccc3OC)on2)cc1OC,0
CCN1CCN(c2c(Cl)cccc2NC(=O)c2ccco2)CC1,0
CCCCn1nc(NC(=O)c2cccs2)c2cc3ccccc3nc21,0
Cc1cc(C)cc(NC(=O)CCn2ccnc2C)c1,0
Nc1nnc(Cc2c[nH]c3ccccc23)s1,0
C=CCn1c(NCCc2ccccc2)nc2c1c(=O)n(C)c(=O)n2C,0
Cc1ccc(C)c(CSc2nnc(-c3cccnc3)o2)c1,0
Cc1[nH]c(SCC(N)=O)nc(=O)c1Cc1ccc(OC(C)C)cc1,0
Cc1cc(C)n(CCc2nc(-c3cccs3)cs2)n1,0
COc1cc(OC)c(NC(=O)Nc2ccc(OC)c(OC)c2)cc1Cl,0
CCCn1c(C)cc(C(=O)COc2ncnc3sccc23)c1C,0
CCn1c(C)c(C(C)=O)c(N2CCCCC2)nc1=S,0
O=C(C1CC1)n1cc(C(=S)N2CCOCC2)c2ccccc21,0
COc1ccccc1Nc1nc(C)cc(C)c1C(N)=O,0
CCn1c2ccccc2c2cc(Nc3cc(C)nc4ncnn34)ccc21,0
Cc1nc2nc[nH]n2c(=O)c1CCC(C)C,0
Cn1c(=O)c2[nH]c(CN(Cc3ccccc3)Cc3ccccc3)nc2n(C)c1=O,0
CCCc1cc(=O)n2[nH]c(NCc3ccc(Cl)cc3Cl)nc2n1,0
Cc1cnc(C(=O)Nc2ccc(N3CCOCC3)cc2)cn1,0
O=C(Nc1ccc(N2CCCCC2)c(C(=O)O)c1)c1ccco1,0
Cc1ccc2c(c1)N(CC(=O)NC1CCCc3ccccc31)C(=O)CO2,0
COc1ccc(-c2nnc3sc(-c4ccco4)nn23)cc1OC,0
N#CCCSCc1ccc(C(=O)O)o1,0
CNS(=O)(=O)c1cccc2cccnc12,0
Cc1nnc(NC(=O)C2COc3ccccc3O2)s1,0
NC(=O)CSc1nnc(-c2ccoc2)o1,0
C=CCn1c(SC(C)C(=O)NC2(C#N)CCCCC2)nnc1-c1ccc(OC)cc1,0
N#CCCN1CCN(Cn2c3ccccc3c3ccccc32)CC1,0
COc1ccc(Cl)cc1C(=O)Nc1nnn(C)n1,0
Cc1ccc(C)c(Cn2c(C(C)O)nc3ccccc32)c1,0
Cn1c(-c2nonc2NC(=O)c2ccc(C(C)(C)C)cc2)nc2ccccc21,0
Cc1noc(C)c1CSc1nnc2cc(C)c3ccccc3n12,0
COCCCn1c(C)nc2c(c1=O)c1nc3ccccc3nc1n2CCc1ccccc1,0
CC(=O)Nc1nnc(SCC(=O)NCC2CCCO2)s1,0
Cc1ccc(C(=O)CSc2nc3cccnc3n2C)cc1,0
CCN(CC)c1ccc(CNC23CN4CN(CN(C4)C2)C3)cc1,0
O=C(C1CCC(=O)N1Cc1cccnc1)N1CCN(c2ccc(F)cc2)CC1,0
CCOc1ccc(N(C(C)=O)C2C=CS(=O)(=O)C2)cc1,0
Cc1nc2nc(-c3ccccc3)[nH]n2c(=O)c1Cc1ccccc1,0
CCOC(=O)c1cccc(NC(=O)CSc2nnnn2CC)c1,0
CCOC(=O)c1nn(-c2ccc(OC)cc2)c(=O)c2c(NC(=O)c3ccco3)scc12,0
Cc1ccc(-c2noc(CCC(=O)NCCN3CCOCC3)n2)cc1,0
CC1CCN(C(=O)CSc2nc(N)cc(N)n2)CC1,0
S=c1[nH]nc(-c2ccco2)n1Cc1ccccc1,0
O=C(c1csc2c1CCCCC2)N1CCN(c2ncccn2)CC1,0
CC(=O)Oc1cc2c(C(=O)NCc3ccncc3)c(C)oc2c2ccccc12,0
Clc1ccc(OCc2cn3cccnc3n2)c2ncccc12,0
CCOC(=O)c1sc(NC(=O)c2ccco2)nc1-c1ccccc1,0
CN(C)c1ccc(NC(=O)Cn2ncn3c(cc4ccccc43)c2=O)cc1,0
Cc1cc(NCCCN2CCOCC2)n2ncc(-c3ccc(Cl)cc3)c2n1,0
CCOC(=O)c1cnn(-c2ccccc2)c1NC(=O)c1cccs1,0
O=C(CCNS(=O)(=O)c1cccc2nsnc12)NC1CCN(Cc2ccccc2)CC1,0
C=CCc1c(C)[nH]c(SCc2nc(=O)c3ccccc3[nH]2)nc1=O,0
C=CC/N=c1\sc(C(=O)OC)cc(=O)n1CC=C,0
COC(=O)c1c(C(=O)OC)c2n(c1C)CCC2,0
CCN(CC)CCCNC(=O)c1sc2nc(-c3ccc(F)cc3)cn2c1C,0
Cc1ccc(N2CC(c3nc4ccccc4[nH]3)CC2=O)c(C)c1,0
Cc1ccc(-n2ncc3c(NCc4ccc5c(c4)OCO5)ncnc32)c(C)c1,0
Cn1c(O)c(C(=O)c2ccccc2Cl)c(=O)n(C)c1=O,0
CC1(C)Cc2c(c(N3CCOCC3)nc3snc(N)c23)CO1,0
Cc1ccc(-c2n[nH]c(=S)n2C)cc1,0
COc1ccc(-c2cc(C(F)(F)F)nc(SCC(=O)Nc3cc(C)on3)n2)cc1,0
Cn1cnnc1SCc1ccc(C#N)cc1Cl,0
CCCCOc1cccc(OCCCC)c1C(=O)Nc1cc(C)on1,0
Cc1ccc(NC(=O)CSc2nnc(CNC(=O)c3c(F)cccc3Cl)o2)cc1,0
Cc1cccc(-n2nnc(C(=O)NCc3ccco3)c2N)c1,0
COc1ccc(OC)c(-c2cc(C(=O)Nc3cccc(Cl)c3)no2)c1,0
CCN(CC)CCCNc1nc(=O)c(C)n[nH]1,0
CCOC(=O)Nc1cc2c(cc1C(C)=O)OCO2,0
O=C1CCc2cc(S(=O)(=O)N3CCC(C(=O)NCc4ccccc4Cl)CC3)ccc2N1,0
COc1ccc(C(=O)Cn2nnc(-c3cccs3)n2)cc1,0
COC(=O)c1sc(NC(=O)CSc2nnc(C(C)C)n2C)nc1C,0
Cc1ccc(CSc2nc(=O)c3c([nH]2)NC2=C(C(=O)CCC2)C3c2ccncc2)cc1,0
O=C1CC(SCc2nc3ccccc3[nH]2)C(=O)N1c1ccc(F)cc1,0
CCCn1cnc2c(cnn2-c2ccc(F)cc2)c1=O,0
Cn1ccnc1SCc1cc(=O)[nH]c2ccccc12,0
CCOC(=O)c1sc2nc(N3CCOCC3)c3c(c2c1N)CCN(C)C3,0
N=c1oc2ccc3ccccc3c2cc1-c1nnc2n1CCCCC2,0
CCCCn1c(SCC(=O)N2CCC(C(=O)OCC)CC2)nc2cc(S(N)(=O)=O)ccc21,0
O=C(c1ccc2c(=O)n(-c3ccccc3)c(=O)[nH]c2c1)N1CCCCC1,0
CCc1c(C)nc2ncnn2c1N1CCC(C(=O)NCc2ccc3c(c2)OCO3)CC1,0
Cc1[nH]c2ccccc2c1C(=O)CSc1ncn[nH]1,0
c1coc(-c2nnc3sc(Cc4cccs4)nn23)c1,0
Cn1c(SCc2nc3ccccc3[nH]2)nnc1-c1cnccn1,0
CCc1ccc(CC)c(S(=O)(=O)Nc2ccc(O)c(C(=O)O)c2)c1,0
C=CCn1c(SCC(=O)NC(=O)NCc2ccco2)nc2sc(C)c(C)c2c1=O,0
COC(=O)CCc1nc2ccccc2[nH]c1=O,0
COc1ccc(CC(=O)Nc2cc(Cl)ccc2O)cc1,0
Fc1ccc(-n2cnnn2)c(F)c1,0
CCOC(=O)c1ccc(N2C(=O)c3n[nH]c(C)c3C2c2ccc(OC)cc2)cc1,0
CCn1c2ccccc2c2cc(NC(=O)N3CCOCC3)ccc21,0
CC(=O)Nc1c(-c2ccccc2)nc2ncccn12,0
CC1Cc2nc(SCC(N)=O)n(Cc3ccccc3)c(=O)c2S1,0
Cc1ccc(Cn2ccc(NC(=O)c3cc(C(C)C)on3)n2)cc1,0
COc1ccc(NS(=O)(=O)c2ccc3oc4ccccc4c3c2)cn1,0
O=C(CNC(=O)c1ccco1)OCc1ccc(C(=O)Oc2ccccc2)cc1,0
Cc1nnc(N(C(=O)c2cnccn2)c2ccccc2)s1,0
O=C(CSc1ncn(-c2ccccc2)n1)Nc1ccc2c(c1)OCO2,0
Nc1nnc(N2CCCCCC2)s1,0
Cc1c(C(C)O)nnn1-c1nonc1N,0
COCCn1c(C)cc(C(=O)CSc2nnc3ccccn23)c1C,0
COc1ccc(NC(=O)C2CCCCN2S(=O)(=O)c2ccc(F)cc2)cc1,0
CN1CCN(CCCn2cnc3c(=O)oc4ccccc4c32)CC1,0
Cc1ccccc1C(=O)Nc1c(C(=O)N2CCCC2)cnn1-c1ccccc1,0
CC1(C)CC2CC(C)(CN2S(=O)(=O)c2ccc(N)cc2)C1,0
COc1cccc(N2CCN(Cc3nc(=O)c4ccccc4[nH]3)CC2)c1,0
COC(=O)c1ccccc1NC(=O)Cn1cnc2cc(C)c(C)cc21,0
CCN(CC)c1nc(Nc2ccccc2)nc(Oc2ccc(=O)[nH]n2)n1,0
Cc1ccc(C)c(CSc2nnc(-c3cccnc3)n2N)c1,0
CC(=O)N(C)c1ccc(NS(=O)(=O)Cc2ccccc2)cc1,0
O=c1cc(C(F)(F)F)c2sc(N3CCCCC3)nc2[nH]1,0
COCCSc1ccccc1C(=O)Nc1nccs1,0
Cc1nc2c(c(=O)n1CC1CCCO1)c1nc3ccccc3nc1n2CCC(C)C,0
O=C(Nc1nccs1)C1CCCN(S(=O)(=O)c2cccnc2)C1,0
Cc1ccc(-c2nc3ccccc3c(=O)n2CCCn2ccnc2)cc1,0
CCOC(=O)CNC(=O)CSc1nnc(-c2cccc(OC)c2)n1CC,0
Cc1c(C(=O)N(C)Cc2ccccc2)oc2ccc(S(=O)(=O)N3CCCC3)cc12,0
Cn1c(SCC(=O)NCc2cccs2)nnc1-c1ccco1,0
Cc1cc(C)n2c(SCC(=O)NCc3ccco3)nnc2n1,0
Cn1c(=O)c2c(nc(N3CCC(C(N)=O)CC3)n2CCSc2nc3ccccc3s2)n(C)c1=O,0
Cc1cccc(-n2ccnc2SCC(=O)Nc2cc(C)on2)c1,0
CC1CCCN(c2ncnc3c2cnn3-c2ccccc2)C1,0
CC(C)(C)Cc1nnc(NS(=O)(=O)Cc2ccccc2)s1,0
O=C(Nc1cccnc1)c1cnn2c(C(F)F)cc(C3CC3)nc12,0
O=C(CCCCCN1C(=O)C2C3C=CC(C3)C2C1=O)Nc1nccs1,0
COc1ccccc1N(CC(=O)NC1CCCCC1)C(=O)c1cnn(C(C)C)c1,0
CS(=O)(=O)Nc1ccc(C(=O)NCc2ccco2)cc1,0
COc1ccc(S(=O)(=O)Nc2ccccn2)cc1OC,0
Cc1nc(C)c(-c2csc(Nc3cccnc3)n2)s1,0
Cc1ccc(-c2nnc3sc(-c4ccncc4)nn23)cc1,0
Cc1oc(-c2ccccc2F)nc1CS(=O)(=O)CC(=O)N1CCCCCC1,0
Cc1noc(C)c1CN1C(=O)NC2(CCCCCCC2)C1=O,0
N#CCCN1CCN(S(=O)(=O)c2ccc(S(=O)(=O)NC3CCCCC3)cc2)CC1,0
OCc1cn(-c2ccccc2)nc1-c1cccnc1,0
O=C(CSc1nnc2ccccn12)N1CCOCC1,0
Cc1ccc(S(=O)(=O)N(C)CCCC(=O)Nc2ccncc2)cc1,0
COc1ccc(NC(=O)Cn2nnc(-c3ccccc3NC(=O)c3cccs3)n2)cc1,0
CCOc1ncccc1C(=O)OCC(=O)c1ccc[nH]1,0
Cc1ccc(N2C(=O)CC(Cn3nc(C)cc3C)C2=O)cc1,0
O=C1CC(c2ccc(S(=O)(=O)NC3CC3)cc2)CN1,0
CCCCn1cnc2cc(NCc3ccncc3)ccc21,0
O=C(OCCN(C1=NS(=O)(=O)c2ccccc21)c1ccc(Cl)cc1)c1ccco1,0
Cc1ccc(-c2nc(CS(=O)CC(=O)NCc3ccccn3)c(C)o2)cc1,0
CCN1CCN(Cc2nc3c(c(=O)n(C)c(=O)n3C)n2CCc2ccccc2)CC1,0
COc1ccc(NC(=O)CC2Oc3ccc(C)cc3NC2=O)cc1,0
CCCCNc1nc(N(C)c2ccccc2)nc(-n2ccnc2)n1,0
COc1cccc2[nH]c3c(N4CCC(C)CC4)ncnc3c12,0
O=C(Nc1ncccc1O)c1cccc(S(=O)(=O)N2CCc3ccccc32)c1,0
Cc1c(NS(=O)(=O)CC23CCC(CC2=O)C3(C)C)c(=O)n(-c2ccccc2)n1C,0
CN1C(=O)CC(N2CCC(C(N)=O)(N3CCCCC3)CC2)C1=O,0
Cn1nnnc1SCC(=O)Nc1ccc(Oc2ccc(Cl)cc2)cc1,0
CCN(CC)c1nc(SCC(=O)O)nc(N(CC)CC)n1,0
CCCC(=O)Nc1cc(C)c(NC(=O)C23CC4CC(CC(C4)C2)C3)cn1,0
Cc1cccc2cc(C(c3nnnn3CC3CCCO3)N3CCOCC3)c(=O)[nH]c12,0
COCCNC(=S)c1ccc(OC)cc1,0
Cc1ccc(Nc2nc(Oc3ccc(=O)[nH]n3)nc(N(C)C)n2)cc1,0
CCn1c(SCC(=O)N2CCN(c3ccccc3)CC2)nnc1-c1cc2cc(Cl)ccc2o1,0
CCC(C)OC(=O)c1[nH]c2c(c1C)C(=O)CC(c1ccc(N(C)C)cc1)C2,0
O=C(O)CSc1nnc(Cc2ccccc2)n1Cc1ccccc1,0
Cc1nc2ccc(S(=O)(=O)NCC(=O)NCCN3CCCCC3C)cc2s1,0
Cc1cc(N2CCCCC2)nc(SCc2ccc(C#N)cc2)n1,0
Cc1cccc(NC(=O)c2ccc3ccccc3n2)n1,0
C=CCn1c(=N)c(C(=O)OCC)cc2c(=O)n3cc(C)ccc3nc21,0
Cc1cccc(C(=O)N(C)c2nnc(-c3ccncc3)s2)c1,0
CCNC(=O)CCC(=O)Nc1cc(Cl)ccc1C,0
Cc1cc(C)n(-c2ccc(C(=O)NCc3cccs3)cc2)n1,0
COC(=O)c1ccc(COc2nc(C)cc(C)c2C#N)o1,0
C=CCn1c(C)cc(C(=O)COc2nncc3ccccc23)c1C,0
CC(C)Sc1nc2c(c(=O)[nH]c(=O)n2C)n1Cc1ccc(Cl)cc1,0
CC(=O)Nc1cccc(C(=O)N2CCN(Cc3ccccc3)CC2)c1,0
Cc1cc(C)cc(NC(=O)CN(C)S(=O)(=O)c2cccc3nsnc23)c1,0
CCc1cc2c(NC(C)C(=O)O)ncnc2s1,0
CC(C)CCNC(=O)NC(=O)COc1ccccc1C#N,0
Cc1csc(NC(=O)CSc2nnc(-c3ccoc3C)n2CCc2ccccc2)n1,0
Cc1cc(C)cc(N(C(=O)c2ccc3c(c2)OCO3)C2C=CS(=O)(=O)C2)c1,0
CCOc1ccccc1NC(=O)N1CCC(NC(=O)c2ccccc2C)CC1,0
CN(C)c1ccc(-c2nn3c(-c4ccncc4)nnc3s2)cc1,0
O=C(CSC1=NCCS1)Nc1ccnc2ccccc12,0
C=CCn1c(COc2cccc3ccc(C)nc23)nnc1SCC(N)=O,0
CCOC(=O)c1sc(NC(=O)COC(=O)Cn2cnc3ccccc32)c(C(=O)OCC)c1C,0
Cn1nnc2cc(C(=O)NC(C)(C)C)ccc21,0
CN1CCN(C2=c3ccccc3=Nc3ccc(Cl)cc3N2)CC1,0
CC1CC(=O)N(CC(=O)NCc2ccco2)c2ccccc2S1,0
CCCc1c(OCCCCc2nn[nH]n2)ccc(C(C)=O)c1O,0
COc1cc(C(=O)N(C)c2nnc(-c3cccnc3)s2)cc(OC)c1OC,0
Cc1ccc(-n2nc3c(c2NC(=O)CCC2CCCCC2)CS(=O)C3)cc1,0
NC(=O)CSc1nnc(CNc2cccc(Cl)c2)n1CCc1ccccc1,0
Nn1c(COc2ccccc2)nnc1SCC(=O)O,0
Cn1cccc1C(C(=O)NC1CCCCC1)N(C(=O)Cc1cccs1)c1ccc2c(c1)OCCO2,0
CC(C)OCCCN(Cc1ccccn1)C(=O)Nc1cccc(Cl)c1,0
O=C(CN1C(=O)COc2ccc(Cl)cc21)Nc1ccc2c(c1)OCCO2,0
CC1(C)CN=C(N2CCN(c3ncnc4sc5c(c34)CCCC5)CC2)S1,0
CC(C)(C#N)C(C)(C)c1nn[nH]n1,0
Cc1ccc(S(=O)(=O)NC(=O)Nn2c(C)nnc2C)cc1,0
C=CCn1c(N)c(C(=O)NCC2CCCO2)c2nc3ccccc3nc21,0
Cc1noc(C)c1S(=O)(=O)N1CCCC(C(=O)NCCc2ccc(Cl)cc2)C1,0
COCc1cc(=O)n2[nH]c(-c3ccccc3)cc2n1,0
CCOCCCNC(=O)C1CCC(CNS(=O)(=O)c2cccc3nsnc23)CC1,0
Cc1cccc(-n2c(SCC(=O)NCc3ccco3)nc3ccccc3c2=O)c1,0
COc1ccc(OC)c(S(=O)(=O)N2CCC(C(=O)NC(C)c3ccccc3)CC2)c1,0
CC(=O)N1CCN(C(=O)CCc2c[nH]c3ccccc23)CC1,0
O=C1Nc2ccccc2C12OCCO2,0
CC(C)Sc1nc2c(c(=O)n1-c1ccc(F)cc1)SCC2,0
O=C1NCCN2CCCC12,0
Cc1[nH]n(C(C)(C)C)c(=O)c1Sc1ccc(Cl)cc1,0
CCN(CC)S(=O)(=O)c1ccc(N2CCCC2)c(C(=O)OCC(=O)/C(C#N)=C(\C)N)c1,0
c1ccc(N2CCN(c3nc4ccccc4n4nnnc34)CC2)cc1,0
Cc1ccc(-c2noc(CCC(=O)NC3CCN(Cc4ccccc4)CC3)n2)cc1,0
Cc1ccc(NC(=O)C(C)N2C(=O)C3CC=C(Cl)CC3C2=O)cc1,0
Nc1ccccc1OCCOCCOc1ccccc1N,0
O=C(CCCCn1c(=O)[nH]c2ccccc2c1=O)NC1CCN(Cc2ccccc2)CC1,0
Cc1cc(C)n(-c2nc3ccccc3nc2Nc2ccc3[nH]c(=O)[nH]c3c2)n1,0
CC12CC(NC(=O)N1CCc1ccccc1)c1cc(Cl)ccc1O2,0
COc1ccccc1-c1nnc(Nc2nc3c(OC)cccc3s2)o1,0
COc1nc(Nc2cccc(C)c2)nc(N2CCCCC2)n1,0
Cc1nnc(NC(=O)CSc2nnc(Cc3ccccc3)n2-c2ccccc2)s1,0
Cc1cc(C)c(C(=O)CN2C(=O)CCC2=O)cc1C,0
CCc1c(C)nc2ncnn2c1N1CCCC(C(=O)NCCc2ccc(OC)cc2)C1,0
CC(=O)Nc1ccc(S(=O)(=O)N2CCSC2c2ccccc2)cc1,0
NC(=O)c1ccccc1NC(=O)CN1CCOCC1,0
CCC(C)(C)n1c(=O)[nH]c2c(c1=O)CCC2,0
CCOc1ccc(Cl)cc1S(=O)(=O)N1CCCC1,0
CCOC(=O)C(Cc1ccccc1)NC(=O)CCc1c(C)nc2ncnn2c1C,0
CCOC(=O)CNC(=O)Cn1cnc2c(nnn2-c2ccc(C)cc2)c1=O,0
CCOc1ccc(C(=O)c2nc3c(n2O)CCCC3)cc1,0
CCN(c1ccccc1)S(=O)(=O)c1ccc2[nH]cc(C(=O)N3CCOCC3)c(=O)c2c1,0
Cn1c(SCC(=O)NCCc2ccccc2)nnc1-c1ccncc1,0
O=S(=O)(Nc1ccc2nc(-c3ccco3)[nH]c2c1)c1ccccc1,0
COc1ccc(Cc2n[nH]c(Nc3ccc(C)cc3C)nc2=O)cc1,0
CN(c1ccc(O)cc1)c1nc(-c2ccccc2)cs1,0
CCN(CCCNC(=O)CC(C(=O)N1CCc2ccccc21)n1ccnc1)c1cccc(C)c1,0
N#Cc1nc(Cc2cccc3ccccc23)oc1NCc1ccc(F)cc1,0
O=C(Cn1c(=O)sc2ccccc21)NCc1ccccn1,0
COCc1[nH]nc2c1C(c1ccc(F)cc1F)C(C#N)=C(N)O2,0
COc1ccc(S(=O)(=O)Nc2nnc(C)s2)cc1,0
COCCCNc1ncnc2c1cnn2-c1ccc(C)cc1C,0
CCOC(=O)Cc1csc(NC(=O)c2csc3c2CCCC3)n1,0
CC1CC(C)CN(c2ncnc3c2cnn3-c2ccc(Cl)cc2)C1,0
Cc1ccc2oc3c(c(=O)c2c1)C(c1ccc(F)cc1)N(CCCN1CCOCC1)C3=O,0
Fc1ccccc1COc1cccc(/C=N/n2cnnc2)c1,0
Cn1nc(-c2ccc(OCC(=O)NCC3CCCO3)cc2)c2ccccc2c1=O,0
COc1cc2c(=O)n(CC3CCCO3)c(=O)n(CC(=O)Nc3cccc(Cl)c3)c2cc1OC,0
COC(=O)CSc1nc2cc(Cl)ccc2c(=O)n1C1CCCC1,0
O=c1c(CN2CCCCC2)c(O)oc2ccccc12,0
Cn1cnnc1-c1cccc(NS(=O)(=O)c2ccc(N3CCCC3=O)cc2)c1,0
COc1cccc(C(=O)OCC(=O)Nc2ccccc2N2CCOCC2)c1,0
CC(C)Cc1nnc(NS(=O)(=O)c2ccc(Cl)cc2)s1,0
Cc1cccc(NC(=O)CSc2nnc(Cn3nnc(-c4ccccc4)n3)n2-c2ccccc2)c1,0
CCOc1ccc(CCNC(=O)C2CCN(c3nnc(-n4cccc4)s3)CC2)cc1OCC,0
CCOc1ccc(OCC)c(S(=O)(=O)N2CCCCC2)c1,0
c1ccc(CCn2nnnc2C(c2cccs2)N2CCOCC2)cc1,0
CCCCC(c1nnnn1Cc1ccco1)N1CCN(c2nc3ccccc3s2)CC1,0
CC(c1ccccc1)n1cc(C(=O)NCc2ccccn2)nn1,0
CC(=O)/N=c1\cccc(NC(C)=O)n1O,0
CCCn1c(N)c(-c2nc(-c3ccco3)c(C(=O)c3ccccc3)s2)c(=O)n(C)c1=O,0
CCn1c(CCn2ccnc2C)n[nH]c1=S,0
Cc1ccc(-n2nc(C)c3c2OC(N)=C(C#N)C3c2ccncc2)cc1,0
Cn1c(=O)oc2cc(S(=O)(=O)N3CCN(c4ccccc4)CC3)ccc21,0
C=CCOc1ccc(CNc2nn[nH]n2)cc1,0
Cn1ccnc1Sc1nc2ccccc2nc1NS(=O)(=O)c1ccccc1,0
C=CCn1c(=O)n(CCOC)c(=O)c2sc3ccccc3c21,0
O=C(NC1CCCC1)C(NS(=O)(=O)c1cccc2nsnc12)c1ccccc1,0
COc1ccc(N(CC(=O)NCc2ccco2)S(C)(=O)=O)cc1,0
O=C(Nc1nc(-c2ccco2)cs1)c1ccccc1,0
CCOC(=O)C1=C(C)NC(SCC(=O)OC)=C(C#N)C1c1ccc(C(=O)OC)cc1,0
Cc1c(=O)n(OCc2ccccn2)c2ccccc2[n+]1[O-],0
Cc1ccccc1Cn1cc(S(=O)(=O)CC(=O)Nc2nccs2)c2ccccc21,0
CN(c1ccc(C(=O)NCc2cccnc2)cc1)S(C)(=O)=O,0
COCCCNc1nc2ccccc2nc1NS(=O)(=O)c1cccs1,0
CCN(C(=O)CSc1nncs1)c1c(N)n(Cc2ccccc2)c(=O)[nH]c1=O,0
CC(C)c1nnc(NC(=O)CSc2ncn[nH]2)s1,0
CCCNc1nc2c(c(=O)[nH]c(=O)n2C)n1Cc1ccc(F)cc1,0
Cc1cccn2cc(CNC(=O)CC3CCCC3)nc12,0
Cn1c(SCC(=O)Nc2cccc(F)c2)nnc1-c1cc2ccccc2o1,0
O=C(CSc1nc(=O)cc(NS(=O)(=O)c2ccccc2)[nH]1)Nc1ccc(F)cc1,0
Cc1cnc(C(=O)Nc2cccc3ncccc23)cn1,0
Cc1ccc(S(=O)(=O)N2CCN(C(=O)CN3CCCC3)C2)cc1,0
CCc1cc2c(NCC3CCCO3)ncnc2s1,0
CCN(CC)S(=O)(=O)c1cccc(C(=O)NC(C(=O)Nc2nnc(C3CC3)s2)C(C)C)c1,0
Cc1cccc(OCCSc2nnc(-c3ccoc3C)n2C)c1,0
CC(C)Cn1c(N)c(C(=O)NCC2CCCO2)c2nc3ccccc3nc21,0
COc1ccccc1NC(=O)CSc1nnnn1-c1ccc2c(c1)OCO2,0
Cn1c(SCC(=O)Nc2nc3c(s2)CCCC3)nnc1-c1ccccc1,0
Cc1ccc(C)c(NC(=O)C(Sc2nncn2C)c2ccccc2)c1,0
Cc1cc(NC(=O)COc2ccccc2)n(-c2ccccc2)n1,0
COc1ccc(N2CC(C(=O)NCc3cccnc3)CC2=O)cc1,0
Cc1cnc(C(=O)Nc2cccc(-c3nnc4n3CCCCC4)c2)cn1,0
C=CCn1c(C)cc(C(=O)COc2ncnc3sccc23)c1C,0
Cc1nnc(NC(=O)CSc2nnc(CCc3nc4ccccc4[nH]3)n2C)s1,0
CC(C)c1cc(C(=O)Nc2cc(Cl)ccc2O)no1,0
Cn1c(=O)cc(OCCCC(=O)NCc2ccc3c(c2)OCO3)c2ccccc21,0
c1cncc(-c2nnc3n2CCC3)c1,0
COc1ccc(S(=O)(=O)Nc2c(C)n(C)n(-c3ccccc3)c2=O)cc1,0
Cc1ccc2nc(CSc3nnc(-c4ccco4)n3-c3ccccc3)cc(=O)n2c1,0
O=C1CC(c2nc3ccccc3[nH]2)CN1Cc1ccccc1,0
CCOc1ccccc1-n1c(SCC(=O)Nc2nccs2)nnc1-c1ccoc1C,0
O=C1Nc2ccccc2C12OCC(COc1ccc(Cl)cc1)O2,0
O=S1(=O)CCC(NS(=O)(=O)c2cccc3cccnc23)C1,0
Cc1cc(C)n(Cc2ccc(C(=O)NCCC3=CCCCC3)o2)n1,0
Cc1cccc(CSc2nnc(-c3ccccn3)n2N)c1,0
COc1ccc(-n2nc3cc(C)c(NC(=O)CC(C)C)cc3n2)cc1,0
Cc1ccc(CCNC(=O)C2CCCN(C(=O)c3cc4sccc4n3C)C2)cc1,0
O=S(=O)(Cc1ccccc1)NCc1cccnc1,0
Cc1cc(NC(=O)C(C)C)ncc1NC(=O)Cc1ccccc1,0
COCCCN1C(=O)c2ccc(C(=O)NCc3ccco3)cc2C1=O,0
COCCn1c(SCc2ccc(C(=O)OC)o2)nc2ccccc2c1=O,0
O=S(=O)(NCc1ccc(Cl)cc1)c1cnc[nH]1,0
Cc1c(/N=C/c2ccncc2)c(=O)n(-c2ccccc2)n1C,0
CSC1=C(C#N)C(c2ccc(Cl)cc2)C2=C(CC(C)(C)CC2=O)N1,0
COc1ccc(NC(=O)c2cc(-c3cccs3)on2)cc1OC,0
Cc1cc(NCCN2CCOCC2)n2nc(C)c(-c3ccccc3)c2n1,0
Cc1ccc(C)c(OCc2nnc(NC(=O)c3ccco3)s2)c1,0
Nc1nonc1-c1noc(-c2ccccc2)n1,0
CCOC(=O)c1ccccc1NS(=O)(=O)c1ccccc1F,0
Cc1nc2sc(C(c3cccc(F)c3)N3CCOCC3)c(O)n2n1,0
CCC(CC)C(=O)NCCc1cc2c(C)ccc(C)c2[nH]c1=O,0
COc1ccccc1N1CCN(CC(=O)c2c(C)[nH]c3cc(C)ccc23)CC1,0
CCCCN(CC)CCNC(=O)c1cc2c(C)nc3ccccc3c2o1,0
O=C1Nc2ccccc2C12OCCCO2,0
Cc1nc2ncnn2c(Nc2ccc3c(c2)OCO3)c1Cc1ccccc1,0
O=S(=O)(Nc1nc2ccccc2nc1NCCN1CCOCC1)c1cccc(Cl)c1,0
N#CCSc1nnc(-c2cccnc2)n1-c1ccccc1,0
CCOc1ccc(N2C(=O)CSC2c2ccncc2)cc1,0
CCOc1ccc(NC(=O)C2CCN(S(=O)(=O)c3c(C)n[nH]c3C)CC2)cc1,0
Cc1cc(Nc2cc(C)on2)n2ncnc2n1,0
O=C(Cn1cc(/C=N/O)c2ccccc21)N1CCOCC1,0
COc1ccc(NC(=O)c2oc3ccccc3c2NC(=O)c2ccco2)cc1,0
Cc1ccnc(N2C(=O)c3ccccc3C2Nc2ccc3c(c2)OCCO3)c1,0
CCOc1ccccc1N1CCN(c2nc3ccccc3nc2C(C#N)C(=O)OC)CC1,0
O=c1c2[nH]c3ccccc3c2ncn1CCN1CCNCC1,0
COc1cccc(-c2nc(CS(=O)CC(=O)NC3CCCC3)c(C)o2)c1,0
OC1CCN(c2ncnc3nc[nH]c23)CC1,1
CCc1cccc2c(C#N)cn(CCOc3ccccc3OC)c12,0
N#Cc1c(N2CCCCC2)nc(N2CCCCC2)c2c1CCN(Cc1ccccc1)C2,0
CC(C)C(NS(=O)(=O)c1ccc2c(c1)OCCO2)C(=O)NCCc1ccccn1,0
O=C(NCc1cccs1)c1noc2c1CCCC2,0
Cc1nn(CC(=O)Nc2cccnc2N2CCOCC2)c(=O)c2ccccc12,0
Cc1ccc(Sc2c(C)[nH]n(C(C)(C)C)c2=O)cc1,0
Cc1cccc(NC(=O)CCNS(=O)(=O)c2cccc3nsnc23)c1,0
COc1ccc(-n2nc(C(=O)NCC(=O)N3CCN(c4ccccn4)CC3)c3ccccc3c2=O)cc1,0
Cc1ccc(-c2nnc(COc3cccc(-n4cnnn4)c3)o2)cc1,0
Cc1[nH]c2c(Cl)cccc2c(=O)c1CN1CCCC1,0
Cc1ccc2nc3c(cc2c1)c(NC(=O)c1cccnc1)nn3C,0
CC(C)COc1ccc(-c2nnn(CC(=O)N3CCCC3)n2)cc1,0
CCCc1nn(C)c2c1C(c1cccnc1)C(C#N)=C(N)O2,0
O=C(CN1CCN(Cc2ccccc2Cl)C1=O)NCC1CCCO1,0
Cc1cccc(NCN2C(=O)c3ccncc3C2=O)n1,0
Cc1ccc(-c2csc(NC(=O)c3cccc(S(=O)(=O)N4CCN(C)CC4)c3)n2)cc1,0
COCc1nnc(NC(=O)CCCCCN2C(=O)c3ccccc3C2=O)s1,0
Cn1cnnc1SCC(=O)Nc1ccc2nc(SCc3ccccc3)sc2c1,0
Cn1ncc2c1ncn1nc(CCc3ccccc3)nc21,0
CSc1nnc(Cn2c(=O)sc3ccccc32)n1C,0
Cn1c(=O)c2c(nc3sccn32)n(C)c1=O,0
Cc1cc(C(=O)Nc2ccccn2)cs1,0
O=C(NS(=O)(=O)c1ccccc1Cl)c1ccc[nH]1,0
CCOc1ccc(-n2c(Cc3cc(=O)[nH]c(=O)[nH]3)nnc2SC(C)C(=O)OC)cc1,0
O=C(NC1CCCCCC1)c1nc2ncccn2n1,0
CCn1nnc(NC(=O)COc2ccc(C3CCCCC3)cc2)n1,0
Cc1c(/C=N/n2cnnc2)c2ccccc2n1C,0
CCOc1ccc(NC(=O)CSc2nc3ccccc3c(=O)n2CCNC(C)=O)cc1,0
COc1ccc(N2C(=O)C3CCCN3C2c2ccc(C)o2)cc1Cl,0
O=C(CCCCn1c(=O)[nH]c2ccccc2c1=O)N1CCN(c2ncccn2)CC1,0
CC(=O)Nc1ccc(S(=O)(=O)Nc2nc3ccccc3nc2Sc2nncn2C)cc1,0
CCNC(=O)CC1C(=O)N(c2ccccc2)C(=O)N1CCC(C)C,0
CC1=C(c2ccccc2)[N+](=O)C2(CCCC2)N1[O-],0
CCOC(=O)c1ccc(NC2=NC(=O)CS2)cc1,0
CC(C)CNC(=O)c1cccc(Cn2cc(Cl)cn2)c1,0
Clc1ccc(-c2nnc(NC3=NCCCCC3)o2)cc1,0
CCN(CC)CCCn1c(C)cc2c(c1=O)C(c1ccccc1)C(C#N)=C(N)O2,0
COc1cc(C(C)=O)ccc1OCC(=O)c1cc(C)n(C2CC2)c1C,0
CCOC(=O)c1ccc(-n2c(=S)sc3c(=O)nc(C)[nH]c32)cc1,0
COC(=O)c1ccc(Cl)c(NC(=O)CN2CCOCC2)c1,0
CCn1c(SCC(=O)c2[nH]c(C)c(C(C)=O)c2C)nnc1-c1ccncc1,0
COC(=O)c1ccc(CSc2nnnn2Cc2ccccc2)cc1,0
COc1cccc(-c2nc(CS(=O)(=O)CC(=O)Nc3cccc(C)c3C)c(C)o2)c1,0
CN(Cc1cccs1)c1ncnc2sccc12,0
COCCN1CN(S(=O)(=O)c2ccccc2)c2nc3ccccc3nc21,0
Cc1c(C)n(C(=O)CSc2nncn2C)c2ccccc12,0
CCC(=O)N1CCN=C1SCc1ccccc1Cl,0
COc1ccc(NC(=O)CSc2nnc(-c3ccccn3)n2N)cc1,0
CCOc1ccc(-c2noc(-c3ccncc3)n2)cc1OCC,0
COCCNC(=O)C1CC(=O)N(C2CCCCC2)C1,0
O=C(NCCc1ccccc1)c1c(O)n2c3c(cccc3c1=O)CC2,0
O=C(NCCC1=CCCCC1)c1ccc(CN2CCOCC2)cc1,0
Cc1c(Cl)cccc1NC(=O)CC(C(=O)O)C1CCCO1,0
CCOc1ccccc1-n1c(SCC(N)=O)nc2ccccc2c1=O,0
Cc1onc(-c2ccccc2Cl)c1C(=O)N1CCN(c2nc3ccccc3s2)CC1,0
Cc1cnc(NC(=O)CSc2nnc(-c3ccccc3)o2)s1,0
CC(=O)Cc1nsc(NC(=O)c2ccc(-c3ccccc3Cl)o2)n1,0
Cn1cnc2c1c(=O)[nH]c(=O)n2C,0
O=C(Nc1nc2c(s1)CCCC2)Oc1ccccc1,0
CC1(C)Cc2ccccc2-c2nnc(SCC(=O)N3CCc4ccccc43)n21,0
COc1ccc(CCC(=O)NCc2cnn(C)c2)cc1,0
O=C(Nc1ccc(F)cc1)Nc1ccc(Cl)cn1,0
N#Cc1c(N)nc2c(c1-c1ccncc1)CCCCCC2,0
Cc1cc(C)nc(SCCn2c(N3CCC(C)CC3)nc3c2c(=O)n(C)c(=O)n3C)n1,0
N#Cc1ccc(-c2ccco2)nc1SCC(=O)c1ccc(Cl)cc1,0
Cc1ccc(S(=O)(=O)CCc2nnc(NC(=O)C3CCCO3)s2)cc1,0
COc1cc(-c2cc3nc(C)c(C)c(=O)n3[nH]2)cc(OC)c1OC,0
COc1cc(OC)c(-c2nn3c(-c4cccnc4)nnc3s2)cc1OC,0
CC(=O)NCCc1ccc(S(=O)(=O)Nc2cccnc2)cc1,0
CCCC1C(C#N)=C(N)Oc2cc(C)n(C)c(=O)c21,0
CC(C)n1nnnc1SCC(=O)NCc1ccco1,0
N#Cc1cccc(NC(=O)COc2ccc(-n3ccnc3)cc2)c1,0
O=C(c1ccco1)N1CCN(C(=O)c2cnn3cccnc23)CC1,0
Nc1ncnc2nc(SCc3ccccc3)[nH]c12,0
CCOC(=O)CSc1nnc(Cc2cc(=O)[nH]c(=O)[nH]2)n1-c1cccc(OC)c1,0
Cc1ccc(S(=O)(=O)N(C)c2nonc2C)cc1,0
Cc1nonc1NC(=O)CSc1nc2cc(Cl)ccc2c2c1CCCC2,0
O=C(Nc1ccccn1)c1cccnc1,0
CNC(=O)N(C)c1nnc(C(C)(C)C)s1,0
N#CN(CC(N)=O)c1nc(N2CCCCC2)nc(N2CCCCC2)n1,0
CCCn1c(NC(=O)C2CCN(S(=O)(=O)c3cccs3)CC2)nc2ccccc21,0
Nc1nnc(SCC(=O)Nc2ccc(F)c(Cl)c2)n1-c1ccccc1,0
CCOc1ccc(NC(=O)c2cccc3c2C(=O)N(Cc2cccnc2)C3)cc1,0
CNC(=O)Cn1ncc2c(C)n(Cc3ccc(C)cc3)c(C)c2c1=O,0
O=C(c1ccco1)N1CCN=C1SCc1cccc(Cl)c1,0
CCC(=O)Nc1ccc2nc(C3CC3)n(Cc3ccccc3)c(=O)c2c1,0
CCSc1nnc(NC(=O)NCC(F)(F)F)s1,0
CCn1c(COc2cccc3ccccc23)nnc1SCC(N)=O,0
O=C(c1cn(-c2ccccc2)nc1-c1cccs1)N1CCN(c2ccccn2)CC1,0
O=C(CSc1ncccn1)NCc1ccccc1,0
Cc1cc(C)n2c(SCc3cccs3)nnc2n1,0
O=C(c1ccco1)N1CCN=C1SCc1cccnc1,0
CCOC(=O)Cn1cc(-c2ccccc2)nn1,0
Cn1c(C(=O)NC2CC2)cc2c(=O)n(C)c3ccccc3c21,0
O=c1[nH]cc(COCc2ccccc2)c(=O)[nH]1,0
CS(=O)(=O)N(CC(=O)Nc1ccc2c(c1)OCCO2)c1ccc2c(c1)OCO2,0
Cc1nnc(SCC(=O)N2CCc3ccccc32)s1,0
Clc1ccc(-n2nnnc2-c2ccccc2)cc1,0
COc1ccc(C(=O)Nc2ccc(OC)c(OC)c2)cc1,0
O=S(=O)(Nc1cnc2ccccc2c1)N1CCCCCC1,0
CC(=O)OCCOc1nc(N(C)C)nc(N(C)C)n1,0
COCCn1c(SCC#N)nnc1-c1ccccc1,0
CCOC(=O)N1CCN(C(=O)C(NS(=O)(=O)c2cccc3nsnc23)c2ccccc2)CC1,0
Cn1c(SCC(=O)c2ccc(F)cc2)nnc1-c1ccccc1N,0
CC1(C)CC(O)C(C)(C)N1O,0
COc1ccccc1NC1SC(=O)N(c2ccccc2)C1=O,0
COCCN(CC(=O)NCc1ccc(F)cc1)C(=O)CCC(=O)Nc1nccs1,0
CC(=O)c1cc2c(=O)c3ccccc3oc2nc1C,0
CCOC(=O)CNC(=O)CSc1nnc(Cn2c(=O)sc3ccccc32)n1-c1ccccc1,0
CCOc1ccc(-c2nn3c(-c4ccccc4)nnc3s2)cc1,0
Cn1cnc2c1c(=O)n(Cc1ccccc1)c(=O)n2C,0
O=C(c1cn(-c2ccccc2)nc1-c1cccnc1)N1CCCCC1,0
Clc1ccc(-c2noc(COc3ccccc3)n2)cc1,0
Cc1ccc(NS(=O)(=O)c2ccc(C(=O)N3CCCN(C)CC3)cc2)cc1,0
Cn1c(=O)cc(SCC(=O)NCC2CCCO2)c2ccccc21,0
CCn1c(O)c(C(=O)NCc2ccccn2)c(=O)c2ccccc21,0
CC1(C)NC(=O)N(CC(O)CN2CCCCC2)C1=O,0
CCOC(=O)CSc1nc2c([nH]c3ccccc32)c(=O)n1C,0
O=C(COC(=O)c1cccnc1)Nc1cccc(Cl)c1,0
COc1ccc(N2CCN(CCNC(=O)CCNS(=O)(=O)c3cccs3)CC2)cc1,0
COCCn1nnnc1CN(CCc1ccccc1)Cc1cc2ccc(C)cc2[nH]c1=O,0
Cc1ccc2cc3c(NC(=O)c4ccco4)nn(CC(C)C)c3nc2c1,0
CCN1CCN(C(=O)Nc2ccc(Cc3ccc(NC(=O)N4CCN(CC)CC4)cc3)cc2)CC1,0
C=CCOC(=O)CC(NC(=O)c1ccccc1)c1ccccc1,0
CCn1ncc(C2=NOC(C(=O)NCc3ccc(Cl)cc3)C2)c1C,0
CCc1ccc(NC(=O)CNS(=O)(=O)c2c(C)noc2C)cc1,0
O=C(C1CCN(S(=O)(=O)N2CCC3(CC2)OCCO3)CC1)N1CCc2ccccc2C1,0
CCOC(=O)CSc1nc(N)c(C#N)c(CC(C)C)c1C#N,0
CN(c1cc(=O)n2ccccc2n1)C1CCCCC1,0
CCC(C)(C)n1nnnc1C(c1ccc(OC)c(OC)c1)N1CCN(c2cccc(OC)c2)CC1,0
COCCSc1ccccc1C(=O)Nc1nnc(COC)s1,0
Cc1cnc(-c2nnc(N(C)C(=O)c3ccccn3)s2)cn1,0
C=CCSc1nc2c(c(=O)[nH]c(=O)n2C)n1Cc1ccc(C)cc1,0
Cc1cccc(NC(=O)c2c(O)n3c4c(cccc4c2=O)CCC3)n1,0
O=C(Nc1ccc(N2CCOCC2)c(Cl)c1)C1CCCCC1,0
CSc1nnc(CNC(=O)c2ccccc2)n1-c1ccc(F)cc1,0
CC(C)Cn1cc(C(=O)NCCCN2CCCC2=O)c2c3ccccc3n(C)c2c1=O,0
O=C(O)CCc1ccc(-c2ccccc2)n1Cc1ccco1,0
CCc1[nH]nc2c1C(c1cccc(OC(=O)N3CCOCC3)c1)C(C#N)=C(N)O2,0
COc1ccc2[nH]cc(C(=O)CN3CCN(C/C=C/c4ccccc4)CC3)c2c1,0
Cc1nn(-c2ccccc2)c2c1C1(C(=O)N(C)c3ccccc31)C(C#N)=C(N)O2,0
CCC(C)(NC(=O)c1ccccn1)C(=O)NC1CCCCC1,0
Cc1c(C#N)sc2nc(-c3ccccc3)nc(N3CCCC3)c12,0
COCCCNC(CC(=O)Nc1ccc(OC)cc1OC)C(=O)O,0
CCOC(=O)C1CCCN(C(=O)Cn2nc(CC)n3c(cc4sccc43)c2=O)C1,0
CC(C)COC(=O)NCC12C=CC(O1)C1C(=O)N(c3ccc(Cl)cc3)C(=O)C12,0
CCOCc1[nH]c(N)nc(=O)c1Cc1ccc(OC(C)C)cc1,0
CC1CN(C2CCCCC2)c2nc3c(c(=O)[nH]c(=O)n3C)n2C1,0
COc1ccc(NC(=O)Nc2c(C)n(-c3ccccc3)c(=O)n2C)cc1OC,0
COC(=O)c1[nH]c2cccc(C)c2c1NC(=O)CN1CCN(c2ccccc2OC)CC1,0
COc1cc(NC2=CC(=O)CC(C)(C)C2)cc(OC)c1OC,0
Cc1cc(NC(=O)Nc2cccc3ccccc23)no1,0
O=C(CC1Nc2ccccc2NC1=O)c1ccccc1,0
COc1ccc(OCc2nn3c(Cn4cnc5ccccc54)nnc3s2)cc1,0
CCS(=O)(=O)NCCc1cc2cc(C)c(C)cc2[nH]c1=O,0
COc1cccc(N(C(=O)c2ccco2)C(C(=O)NC2CCCC2)c2ccc(N(C)C)cc2)c1,0
CCc1nnc(NC(=O)CSc2nc(C)c3c(c2C#N)CCCC3)s1,0
Nc1c(C(=O)NCCN2CCOCC2)c2nc3ccccc3nc2n1-c1ccc2c(c1)OCO2,0
Cc1cc(N2CCN(c3ccccn3)CC2)n2nc(C)nc2n1,0
c1csc(-c2nnc3ccccn23)c1,0
Cc1nc2sc3c(c2c2nc(-c4ccco4)nn12)CCCC3,0
Cc1ccc(CNc2nc3c([nH]2)c(=O)n(C)c(=O)n3C)cc1,0
Nn1cnnc1SC1CCCCC1NS(=O)(=O)c1ccccc1,0
Cc1cccc(Cn2c(=O)c3c(nc4n3CCCN4Cc3ccccc3)n(C)c2=O)c1,0
O=C(O)c1ccc(-n2c(-c3ccccc3)n[nH]c2=S)cc1,0
CCN(CC(=O)NC(C)C)C(=O)CCNC(=O)c1ccc(Cl)cc1,0
Cc1cc(=O)oc2ccc(OCC(=O)N3CCc4ccccc43)cc12,0
O=C(c1cnn2ccccc12)N1CCCc2ccccc21,0
CC(C)Cc1nnc(NC(=O)CCN2C(=O)c3ccccc3C2=O)s1,0
O=C(Cn1ncc2c1-c1ccccc1OC2)N1CCN(Cc2ccc3c(c2)OCO3)CC1,0
C=CCSc1nc2c(c(=O)n(C)c(=O)n2C)n1CC,0
CC(=O)c1ccc(NC(=O)Nc2ncn(Cc3cccc(C)c3)n2)cc1,0
CCCC(=O)Nc1cccc(C(=O)Nc2nccs2)c1,0
CCC(=O)Oc1ccc(C/C(NO)=C2\C=CC(=O)C=C2O)o1,0
CN1C(=O)CSc2ccc(NC(=O)Nc3ccccn3)cc21,0
COc1cccc(-c2noc(CCC(=O)NC3CCCCC3)n2)c1,0
COc1ccc(OC)c2c(C)cc(NCCN3CCOCC3)nc12,0
Cc1cc(C)n(C(=O)c2ccc(C)c(S(=O)(=O)N3CCCC3)c2)n1,0
c1ccc(-c2nn3c(Cn4cnc5ccccc54)nnc3s2)cc1,0
CCOc1ccc(-n2c(-c3ccco3)n[nH]c2=S)cc1,0
Cc1ccccc1-c1nc(CS(=O)(=O)CC(=O)Nc2cc(F)ccc2F)c(C)o1,0
N#CC1=C(N)NC(SCc2ccc(F)cc2)=C(C#N)C12CCCCC2,0
CC1CCc2nc(NC(=O)CSc3nc4ccccc4o3)sc2C1,0
CCCc1nnc(NC(=O)CN2C(=O)c3ccccc3S2(=O)=O)s1,0
Cc1ccc(-c2ccc(=O)n(CC(=O)NCCCN3CCCCC3C)n2)cc1,0
Cn1c(NC(=O)c2ccccc2NC(=O)C(C)(C)C)nc2ccccc21,0
COc1ccccc1N1CCN(C(=O)c2cc(-c3ccc(Cl)cc3)on2)CC1,0
Cc1cc(C)cc(NC(=O)c2cc(S(=O)(=O)NCc3ccco3)ccc2F)c1,0
NC(Cc1ccccc1)c1nnc2sc(SCc3ccccc3)nn12,0
Cc1nnc(NC(=O)CSc2cn(CCNC(=O)c3ccccc3)c3ccccc23)s1,0
c1ccc2c(c1)ncn2CCn1cnc2ccccc21,0
O=c1c2c(nc3nc(COc4ccccc4)[nH]n13)CCC2,0
CC(C)(C)n1nnnc1C(c1ccncc1)N1CCCCCC1,0
O=C1CCCc2[nH]nc(-c3cccnc3)c21,0
C=CCn1c2ccccc2c2nnc(SCc3ccc4nonc4c3)nc21,0
Cc1cc(C)c(S(=O)(=O)NCc2cn3c(C)csc3n2)c(C)c1,0
Cc1cc(=O)n2nc(N3CCCC(C(=O)N4CCN(C)CC4)C3)sc2n1,0
Cc1ccc(S(=O)(=O)C(C#N)c2nc3ccccc3nc2OC(C)C)cc1,0
Nn1c(SCC(=O)NC(=O)NCc2ccccc2)nnc1C1CC1,0
O=C(Cn1cnc2c(nnn2-c2ccc(F)cc2)c1=O)N1CCCc2ccccc21,0
Cn1c(=O)[nH]c(=O)c2c1nc(N1CCCC1)n2CC(O)COc1ccccc1,0
Cc1ccc2nc(NC(=O)C3CCCN(S(=O)(=O)c4cccnc4)C3)sc2c1,0
CCN(CC)S(=O)(=O)c1cccc(C(=O)Nc2cc(C)nn2-c2nc(C)cc(C)n2)c1,0
COc1ccccc1-c1nnc(NC(=O)C(C)C)s1,0
COc1ccc(C(=O)Nc2ccc(Cl)cc2C(=O)NCCO)cc1,0
Cc1cc(C)nc(SCc2ccc3nonc3c2)n1,0
COc1ccc(-c2cn3c(C)c(C(=O)N4CCN(c5ccc(F)cc5)CC4)sc3n2)cc1,0
Cc1nn(C)c(C)c1S(=O)(=O)N1CCC(C(=O)NC2CCCc3ccccc32)CC1,0
COc1ccc(NC(=O)CCc2nc(-c3ccc(C)cc3)no2)c(OC)c1,0
O=C(NCC1CCCO1)C1CCCCN1S(=O)(=O)c1ccc(F)cc1,0
Cc1cccn2c(=O)c3cc(C#N)/c(=N\C(=O)c4ccc5c(c4)OCO5)n(CC(C)C)c3nc12,0
CC(C)OCCCn1c(=N)c(C(N)=S)cc2c(=O)n3ccccc3nc21,0
CCn1nc(-c2ccccc2)nc2c(=O)n(C)c(=O)nc1-2,0
CC1(C)Cn2c(nnc2-c2cccc(O)c2)S1,0
Cc1ccc(CNC(=O)c2cc3c(-c4ccc(Cl)cc4)nn(C)c3s2)o1,0
Cc1cc(=O)n2c(ccc3ccccc32)c1C#N,0
COc1cc2nc(=O)n3[nH]c(-c4ccccc4)nc3c2cc1OC,0
Cc1cccc(C(=O)N2CCC(n3nnc4cc(F)ccc43)CC2)c1,0
CCCC(c1nnnn1CS(=O)(=O)c1ccc(C)cc1)N1CCN(c2ccccc2)CC1,0
CCc1c(C(=O)NCc2ccccc2Cl)[nH]c(C)c1C(C)=O,0
N#C/C(=C\N1CCN(Cc2ccc3c(c2)OCO3)CC1)c1nc2ccccc2s1,0
O=C(Nc1nc2ccccc2n1CCN1CCCC1)C1CCCCC1,0
Cc1noc(C)c1COC(=O)CCCc1c[nH]c2ccccc12,0
COc1ccccc1N1C(SCC(=O)N2CCCCC2)=NN/C1=C1\C=CC=CC1=O,0
O=C(CN1CCN(C(=O)c2cccc(F)c2)CC1)Nc1ccccc1F,0
COc1cccc(-c2nnc3sc(-c4ccccc4)nn23)c1,0
CC1C(c2ccccc2)N(C)CCC12NC(=O)NC2=O,0
Cc1ccc(S(=O)(=O)N2CCN(CCO)CC2)cc1-c1nnc2c3ccccc3c(C)nn12,0
COc1ccc(OC)c(NC(=O)CSc2nc3cccnc3n2C)c1,0
S=c1[nH]nc(-c2ccco2)n1-c1cccc2ccccc12,0
O=C(Nc1ccc2nc(-c3ccco3)[nH]c2c1)c1cccs1,0
Cc1nc(NC(=O)CSc2nc3cccnc3n2C2CCCCC2)sc1C,0
N#Cc1c(-c2ccco2)[nH]c(NCC2CCCO2)nc1=O,0
CCOC(=O)Nc1ccc2c(c1)nc(CN1CCOCC1)n2C,0
c1ccc2c(c1)CCCN2c1nc2ccccc2n2cnnc12,0
CCNC(=O)c1cc2c(=O)n3cccc(C)c3nc2n1C,0
CCOC(=O)c1ccc(N2C(=O)CC(Sc3nnc(C)s3)C2=O)cc1,0
CCOC(=O)C1CCCN(C(=O)C2CCCN(S(C)(=O)=O)C2)C1,0
Cc1cccc(CSC2=NCCN2C(=O)C2CC2)c1,0
O=C(CSc1nnc(Cc2cc(=O)[nH]c(=O)[nH]2)n1-c1ccccc1)NCC1CCCO1,0
O=C(Nc1ccc(CN2CCOCC2)cc1)c1cccs1,0
COc1ccc(OCc2nn3c(-c4ccco4)nnc3s2)cc1,0
CC1=[N+]([O-])C(N2CCOCC2)C(O)(c2ccccc2)C1,0
CN(CC(=O)NC(=O)NCc1ccco1)Cc1nc(=O)c2ccccc2[nH]1,0
CCn1c(SCC(=O)Nc2cc(C)on2)nnc1-c1cccnc1,0
CCn1c(COc2ccccc2C)nnc1SCC(=O)OC,0
O=C(NCC(c1cccnc1)N1CCOCC1)c1cccs1,0
Cc1ccc(OCC(=O)N2CCC(N3CCCCCC3)CC2)cc1,0
O=C(O)c1cccc(COc2ccccc2Cl)c1,0
CC(C)C(=O)NC(c1ccco1)c1ccc2cccnc2c1O,0
Cc1ccc2nc3c(cc(C(=O)NCC4CCCO4)c(=N)n3CCCOC(C)C)c(=O)n2c1,0
O=S(=O)(NCCc1csc(-c2cccnc2)n1)c1ccc2c(c1)OCCO2,0
CCOCCCNC(=O)C1CCN(C(=O)Nc2ccc(C)cc2)CC1,0
COCCn1nnnc1C(c1cc2cc(OC)ccc2[nH]c1=O)N1CCC(Cc2ccccc2)CC1,0
O=S(=O)(c1cccc2nsnc12)N1CCc2ccccc21,0
COc1ccc(OC)c(C2C(C(C)=O)=C(O)C(=O)N2c2ccc(O)cc2)c1,0
CCc1nnc(NC(=O)CSc2ncc(-c3ccccc3)n2C)s1,0
O=C(Nc1ccc(Cn2nnc3ccccc32)cc1)c1ccco1,0
O=C(COC(=O)c1ccncc1)NCc1ccccc1,0
Cc1nc(-c2ccccc2)cc(N2CCCC2)n1,0
CCOC(=O)CNC(=O)CSc1nnnn1-c1ccc(C)c(C)c1,0
CC1Cc2ccccc2N1C(=O)c1ccc2c(c1)nnn2C,0
Cc1cc(NC(=O)CSc2nnc(COc3ccccc3)o2)no1,0
N#Cc1cnn(Cc2ccc(Cl)cc2)c1N,0
Cc1cc(C)n2c(SCC#N)nnc2n1,0
O=C(CN(c1ccccc1)S(=O)(=O)c1ccccc1)N1CCN(Cc2ccc3c(c2)OCO3)CC1,0
CC1(C)Cc2c(C#N)c(SCCC#N)nc(N3CCOCC3)c2CS1,0
Cc1cc(=O)n(-c2ccc3ccccc3n2)[nH]1,0
CCN1CCN(C(c2cccs2)C(C)NC(=O)C(C)C)CC1,0
c1ccc(-n2cnnc2SCc2cn3ccccc3n2)cc1,0
Cc1ccc(S(=O)(=O)NCC(=O)N(CC(=O)NCC2CCCO2)C2CCCC2)cc1,0
O=C(c1n[nH]c(=O)c2ccccc12)N1CCN(c2ccccc2Cl)CC1,0
Cc1onc(-c2ccccc2Cl)c1C(=O)Nc1ccc(OCC(=O)N2CCOCC2)cc1,0
CC1(C)NC(=O)N(CC(O)CN2CCOCC2)C1=O,0
COc1ccc2c(CCNC(=O)c3ccco3)c[nH]c2c1,0
COc1ccc(-c2nc3oc4cc(OC)ccc4c(=O)c3c(=O)n2Cc2ccco2)cc1,0
Cc1cc(NC(=O)CSc2ccc3nnc(-c4cccnc4)n3n2)no1,0
O=S1(=O)N=C(Nc2ccc(N3CCOCC3)cc2)c2ccccc21,0
CC(=O)c1cccc(NC(=O)c2ccc(N(C)S(C)(=O)=O)cc2)c1,0
CCCCN1C(=O)c2ccc(C(=O)Nc3cccnc3)cc2C1=O,0
Cc1ccc(-c2nc(CS(=O)CC(=O)NC3CCCC3)c(C)o2)cc1,0
CC(C)(C)NC(=O)CSc1nccn1Cc1ccccc1,0
CCCn1c(SCC(=O)Nc2nc3c(s2)CCCC3)nc2c1c(=O)n(C)c(=O)n2C,0
Cc1c(C(=O)NCCCN2CCOCC2)sc2nc(-c3ccc(F)cc3)cn12,0
CCCOCCOC(=O)C1=C(C)NC(=O)NC1c1cc(Cl)c(O)c(OC)c1,0
COc1ccccc1-c1n[nH]c(=S)n1-c1ccccc1,0
Cc1cc(N2CCC(C)CC2)nc(-n2nc(C)cc2C)n1,0
CCCn1nc(C(=O)NCCN2CCOCC2)c2ccccc2c1=O,0
Cc1nonc1NC(=O)N1CCCC1,0
COc1cc(C(=O)N2CCN(c3ccc(C)cc3C)CC2)cc(OC)c1OC,0
CC(C)NC(=O)c1ccc2c(=O)n(C3CCCC3)c(=S)[nH]c2c1,0
O=C(NCCN1CCOCC1)c1cc2sccc2n1Cc1ccc(F)cc1,0
O=C(O)CN1C(=O)CC(Cc2ccc(Cl)cc2)C1=O,0
COc1cccc(Nc2nc(N)nc(C(F)(F)F)n2)c1,0
C=CCn1c(C)c(C(C)=O)c(N2CCOCC2)nc1=S,0
COC(=O)c1cc(-c2c(C)nn(-c3ccccc3)c2C)n[nH]1,0
Cc1cc(C)n(-c2nc3c(c(=O)[nH]c(=O)n3C)n2CC(O)COc2ccccc2C)n1,0
CC(=O)N1CCN(c2ccc(Oc3ncnc4sccc34)cc2)CC1,0
COCCNC(=O)c1sc2nc(-c3ccccc3)cn2c1C,0
Cc1n[nH]c(C)c1-c1nc2ccccc2[nH]1,0
Cc1cc(-n2c(C)cc(C(=O)CSc3nnnn3-c3ccccc3)c2C)no1,0
O=C(CCCn1c(=O)[nH]c2ccsc2c1=O)N1CCN(c2ccccn2)CC1,0
O=C(NCc1ccco1)c1nc2ncccn2n1,0
COC(=O)c1[nH]c2ccc(C)cc2c1NC(=O)C(C)N1CCN(C2CCCCC2)CC1,0
Cn1c(C(=O)OCC(=O)NCC2CCCO2)cc2sccc21,0
CC(C)Cn1c(O)cc(=O)nc1SCC(=O)NC1CCCc2ccccc21,0
COc1ccc(-n2c(C)nc3cc(C(=O)NCc4ccco4)ccc32)cc1,0
CCc1nnc(NC(=O)CSc2nnc(-c3ccoc3C)n2-c2ccccc2)s1,0
O=C(COc1ccccc1)Nc1nn[nH]n1,0
NC(=O)CN1CCN(C(=O)NC2CCCCC2)CC1,0
C=CCOc1nc2c(c(=O)n(C)c(=O)n2C)n1Cc1ccc(Cl)cc1,0
Cc1ccccc1-n1c(C)nnc1SCC(=O)NCC1CCCO1,0
COc1ccc2c(CC(=O)N3CCN(S(=O)(=O)c4cccs4)CC3)coc2c1,0
CCc1ccccc1NC(=O)c1nnn(CC(=O)Nc2cccc(C)c2C)c1N,0
c1coc(CNc2nc3sc4c(c3c3ncnn23)CCCC4)c1,0
Nc1nnc(N2CCc3ccccc32)s1,0
O=C(c1cccnc1)N1CCN(C(=O)c2cccs2)CC1,0
O=C(CSc1nnc(Cc2cccs2)n1-c1ccccc1)NC1CCCCC1,0
O=C1CC(N2CCC(C(=O)N3CCCCC3)CC2)C(=O)N1,0
Cn1c(=O)c2c(nc(CN3CCC(C(N)=O)CC3)n2Cc2ccccc2F)n(C)c1=O,0
Cn1cccc1-c1nc2ccc(NC(=O)c3ccco3)cc2[nH]1,0
c1ccc(Cn2nnc3c(N4CCCC4)ncnc32)cc1,0
CC(=O)c1ccc(NC(=O)CCc2c(C)nc3ncnn3c2C)cc1,0
Cc1ccccc1CSCC(=O)NC(=O)NC(C)(C)C,0
C=C(C)c1cccc(C(C)(C)NC(=O)Nn2cnnc2)c1,0
C=CCOc1ccccc1CNn1nnnc1N,0
CCSc1nnc(NC(=O)c2cccnc2)s1,0
Cc1cc(C(=O)NCCCN2CCCC2=O)no1,0
CCc1c(C)nc2cc(-c3ccc(OC)c(OC)c3)nn2c1N1CCCC1,0
CC(=O)Nc1ccc(C(=O)c2ccccc2)cc1,0
CCC(C)Sc1nc2c(c(=O)[nH]c(=O)n2C)n1C,0
CCc1ccccc1Nc1nc(N)nc(CSCC(=O)c2cc(C)n(C)c2C)n1,0
c1ccn2c(Cc3nnc4ccccn34)nnc2c1,0
O=C(c1ccncc1)N(Cc1ccco1)Cc1cc2ccccc2[nH]c1=O,0
O=C(CSc1ncccn1)NCc1ccc(F)cc1,0
Cc1cc(Oc2ccc(-c3ccccc3)cc2)nc(N2CCOCC2)n1,0
CCOc1ccccc1CNc1nc2nc3c(c(=O)n2[nH]1)CCC3,0
O=C(OCC(=O)c1c[nH]c2ccccc12)C1=COCCO1,0
CC(=O)Nn1cc2c(c1-c1ccccc1)c(=O)n(C)c(=O)n2C,0
COc1ccc(-c2nnc(SCC(=O)N3CCOCC3)o2)cc1,0
CC1(C)c2ccccc2N2CCC(=O)NC21/C=C/c1ccco1,0
O=C(c1ccc(-n2cnnn2)cc1)N1CCOCC1,0
Cc1ccc(-n2c(SCC(=O)NCC3CCCO3)nnc2-c2ccoc2C)cc1,0
Cc1cccc(-c2nc(C#N)c(NC3CCCCC3)o2)c1,0
Cc1ccc(Cc2c(C)nc3nc(SCC(=O)NCc4ccco4)nn3c2C)cc1,0
Clc1ccc(CSc2cn3c(n2)CCC3)cc1,0
S=c1[nH]nc(COc2ccccc2)n1C1CCCCC1,0
COc1cccc(-c2cc(C(=O)N3CCN(C(c4ccccc4)c4ccccc4)CC3)no2)c1,0
Cc1csc(Sc2nc3c(c(=O)[nH]c(=O)n3C)n2Cc2ccccc2Cl)n1,0
CC(=O)c1ccc(NC(=O)N2CCN(c3cccc(Cl)c3)CC2)cc1,0
CN(C)c1ccnc(SCc2ccccc2Cl)c1C#N,0
COc1ccccc1-c1nnc(SCC(=O)O)n1C,0
Nc1nc(-c2cccnc2)nn1S(=O)(=O)c1ccccc1,0
COc1ccc(Nc2oc(-c3ccccc3Cl)nc2C#N)cc1,0
Cc1cc(C)cc(OCC(=O)NCc2nc(-c3ccccc3)no2)c1,0
COc1cccc(CNC(=O)C2CCN(S(=O)(=O)c3c(C)nn(C)c3C)CC2)c1,0
CCOC(=O)c1cnc(SCC(=O)N2CCN(c3ccccc3)CC2)nc1N,0
O=C(CN1C(=O)c2ccccc2C1=O)Nc1cccc2cccnc12,0
CCCC(=O)Nc1cc(-c2nn(C)c(=O)c3ccccc23)ccc1N1CCCCC1,0
COc1ccc(N(CC(=O)N2CCN(Cc3ccc4c(c3)OCO4)CC2)S(C)(=O)=O)cc1OC,0
O=C(NCCc1ccccc1)c1cnc2sccn2c1=O,0
Cc1cnc(C(=O)Nc2nnc(C)s2)cn1,0
CCOC(=O)CNC(=O)CSc1nnc(-c2ccccc2OC)n1CC,0
COc1cccc(OCCOCCN(C)CCO)c1,0
CNC(=O)N(O)C1N(C)C(=O)N(Cc2ccccc2)C1(C)C,0
CCc1cc2c(cc3c(=O)n(CC(=O)N4CCN(c5ccccn5)CC4)nc(CC)n32)s1,0
CCn1cc(C(=O)/N=c2\sc3ccccc3n2C)c(=O)c2ccc(C)nc21,0
Cc1csc(=N)n1-c1ccc(Cl)cc1,0
CCOc1ccc(Cc2nc(=O)c(CC(=O)N3CCCCC3)c(C)[nH]2)cc1,0
O=C(Nc1cccc(C(=O)N2CCOCC2)c1)c1ncn[nH]1,0
Nc1nnc(CCN2C(=O)CSC2=O)s1,0
Cc1nc(Nc2ncc3c(n2)CCCC3=O)nc2ccccc12,0
CCCc1c(C)c2cc(C)ccc2[nH]c1=O,0
COc1ccc(NC(=O)C2Cc3ccccc3CN2C(=O)c2ccccc2)cn1,0
COc1cccc(C(O)CC(N)=O)c1,0
Cc1nc(NC(=O)c2oc3ccccc3c2C)sc1C(=O)N(C)C,0
Cc1cc(C)n2nc(SCC(=O)N3CCC4(CC3)OCCO4)nc2n1,0
Cc1nn(-c2cc(C)c3ccccc3n2)c2c1CCC2,0
COc1cccc(CNC(=O)CN(C)S(=O)(=O)c2cnc[nH]2)c1,0
Oc1c(C(c2cccs2)N2CCOCC2)sc2ncnn12,0
COc1ccc(C2N(c3cccc(Cl)c3)C(=O)C3CCCN32)cc1,0
Cc1ccc(N(CC(=O)NCc2ccncc2)S(C)(=O)=O)cc1Cl,0
COc1cccc(-n2c(SC3CCOC3=O)nc3ccccc3c2=O)c1,0
C=CCn1c(SCC(=O)C(C)(C)C)nnc1-c1ccccn1,0
CCC(=O)n1nc(-c2ccc(OC)cc2)nc1N,0
CCC(=O)Nc1ccc(NC(=O)CSc2nnc(C(C)C)n2C)cc1,0
CC(C)c1nnc(NC(=O)CCC(=O)NCC2CCCO2)s1,0
CCOC(=O)C1C(=O)NC(SCC(N)=O)=C(C#N)C1c1ccccc1OCC,0
CCCc1cc(=O)nc(NCc2ccc(Cl)cc2)[nH]1,0
O=C1CCC(=O)N1CNc1ccccn1,0
COc1ccccc1Nc1nnc(SCC(=O)N2CCCC2=O)s1,0
Cc1ccc(Cc2cnc(N)s2)o1,0
Cc1nc2ccc(S(=O)(=O)NCC(=O)N3CCC(N4CCCCC4)CC3)cc2s1,0
COc1cccc(OCc2nnc(SCC(=O)OCc3ccccc3)o2)c1,0
Nc1nncn1C(=O)CCCOc1ccc(Cl)cc1Cl,0
O=C(Oc1ccc(OC(=O)N2CCCCC2)cc1)c1ccccc1,0
O=c1n(-c2ccccc2)c(=O)n(Cc2ccccn2)n1Cc1ccccn1,0
Cc1cc(NC(=O)CSc2c(C)[nH]c3ccccc23)no1,0
CCc1cccc2c(C#N)cn(CC(=O)NCc3ccco3)c12,0
O=C1CC(N2CCN(c3nc4ccccc4s3)CC2)C(=O)N1Cc1cccs1,0
COc1ccc2cc(C#N)c(N3CCN(Cc4nnnn4CCC(C)C)CC3)nc2c1,0
COC(=O)CC1C(=O)NCCN1C(=O)CSc1nnc(Nc2ccc(OC)cc2)s1,0
O=C(O)CCc1nc2cccnc2n1Cc1ccccc1,0
COC(=O)c1nnn(-c2nc(N3CCCCC3)nc(N3CCCCC3)n2)c1C,0
N#Cc1nc(Cc2cccc3ccccc23)oc1NCCCN1CCOCC1,0
CSCCC1NC(=O)NC1=O,0
COC(=O)CSCC(=O)Nc1cc2c(cc1C(C)=O)OCO2,0
Cc1ccc(-n2cnc3c(sc4nccc(N(C)C)c43)c2=O)cc1,0
Cc1cc(C)n(-c2ccc(C(=O)NCc3ccc4c(c3)OCO4)cc2)n1,0
COc1ccc(Cl)cc1CN1CCN(c2nc(C)cc(C)c2C#N)CC1,0
Cc1cc(N(CN2CCCC2=O)C(=O)c2ccc(F)cc2)no1,0
CCOC(=O)N1CCN(c2cc3[nH]c(=S)[nH]c3cc2F)CC1,0
Cc1nnc(NC(=O)Cc2ccc(OCc3c(C)noc3C)cc2)s1,0
COc1ccc2cc3cc(C(=O)Nc4ccccc4N4CCN(C)CC4)oc3nc2c1,0
CCOC(=O)c1ccc(/N=c2\sc(C(=O)OC)cc(=O)n2Cc2ccco2)cc1,0
CCCCn1c(SCC(=O)N2CCCCC2)nc2cc(S(N)(=O)=O)ccc21,0
CCCn1c(=O)c2ccccc2n2c(Sc3nnnn3-c3ccccc3)nnc12,0
N#Cc1c(NC(=O)CN2CCCCC2)sc2c1CCC2,0
Cc1ccc(NCc2nnc(SCC(=O)c3ccccc3)n2Cc2ccco2)c(C)c1,0
CCC(=O)Nc1ccc(OC)cc1OC,0
COC(=O)C1CCN(C(=O)COC(=O)Cc2c[nH]c3ccccc23)CC1,0
CCOC(=O)Cc1csc(NC(=O)c2cnc3scc(C)n3c2=O)n1,0
CN(C)C(=O)N1CCN(C(=O)N(C)C)CC1,0
CCNc1ccc(C(=O)OCC)cc1NC(=O)c1cccc(N(C)C)c1,0
CCOc1ccccc1C(=O)NC(C(=O)OCC(=O)Nc1nnc(-c2ccccc2)o1)C(C)C,0
CN1CCN(C2=C(Cl)C(=O)N(Cc3ccccc3)C2=O)CC1,0
CC(=O)Nc1ccc(S(=O)(=O)n2nc(C)cc2C)cc1,0
CCOC(=O)CNC(=O)CSc1ncnc2c1nnn2-c1ccc(F)cc1,0
O=C(NCCN1CCCCC1)c1ccc2c(c1)OCCO2,0
CCOC(=O)c1cc(C#N)c(N)nc1C,0
Cc1ccc(NC(=O)Cn2nnc(C(=O)NCc3ccccc3)c2N)cc1C,0
O=C(Cc1ccccc1)Nc1nnc(-c2cccs2)s1,0
COc1cccc(C(=O)Nc2cccc(-c3nnc(-c4ccccc4)o3)c2)c1,0
O=c1c2nnn(Cc3ccccc3)c2ncn1-c1ccccc1,0
COCCN(C(=O)C1CC1)c1nnc(-c2cccc(C)c2)s1,0
CCCNc1nc2c(c(=O)[nH]c(=O)n2C)n1CCc1ccccc1,0
Nn1c(SCC(=O)Nc2ccc(F)cc2F)nnc1-c1cccnc1,0
COc1ccccc1Cc1noc(-c2cc(Cl)ccc2OC)n1,0
Cn1c(=O)c2c(nc(CN3CCCCC3)n2CCCc2ccccc2)n(C)c1=O,0
CC(=O)c1cccc(-n2nnnc2SCC(=O)Nc2ccccc2N2CCCCC2)c1,0
COc1ccc(OCc2nc(C#N)c(N3CCN(c4ccc(OC)cc4)CC3)o2)cc1,0
CCOc1ccc(NC(=O)Cn2nnc(-c3ccccc3NC(=O)CC)n2)cc1,0
CCN(C(=O)COc1ncnc2scc(-c3ccc(F)cc3)c12)C1CCS(=O)(=O)C1,0
O=C(Nc1cccc(C(=O)N2CCCC2)c1)c1ccccc1,0
CCOC(=O)N1CCN(C(=O)Nc2ccc3nc(C)c(C)nc3c2)CC1,0
Cc1cc(=O)n2[nH]cnc2n1,0
NC(=O)CCn1nc(-c2ccccc2)c2ccccc2c1=O,0
c1ccc(-n2ncc3c(NCc4cccnc4)ncnc32)cc1,0
Cc1cc(C)c(C#N)c(N2CCSCC2)n1,0
COc1ccc(OCc2nnc(SC(C)C(=O)Nc3nccs3)n2-c2ccccc2)cc1,0
CCOc1ccccc1-n1cnc2cc(C(=O)NCc3ccco3)ccc21,0
c1cn(C23CC4CC(CC(C4)C2)C3)cn1,0
O=C(CCc1nc(-c2cccs2)no1)Nc1cnc2ccccc2c1,0
CNC(=O)c1ccccc1N/C(O)=C1/C(=O)NC2=C(CCCC2)C1=O,0
CCN(c1ccccc1)S(=O)(=O)c1ccc(F)cc1,0
O=S1(=O)N=C(Oc2ccccc2)c2ccccc21,0
Cn1c(=O)c2c(nc(Sc3nc4ccccc4n3CC(=O)N3CCCCC3)n2C)n(C)c1=O,0
CCOC(=O)CSc1nc(CC)nc2ccccc12,0
O=C(Nc1ccc2ccccc2c1)c1cnccn1,0
CN(C)c1nc2c(c(=O)n(C)c(=O)n2C)n1CC(=O)c1cccs1,0
c1ccc(-c2nnc3n2NC(c2ccc4c(c2)OCO4)S3)cc1,0
CCc1[nH]nc2c1C(c1ccncc1)C(C#N)=C(N)O2,0
O=C(NCc1cccnc1)c1cnc2sccn2c1=O,0
CCOc1ccc(-c2cc(CCCC(=O)NCc3cccnc3)no2)cc1,0
CCOc1ccc2[nH]c(=O)c(C(c3nnnn3C3CCCCC3)N3CCN(C)CC3)cc2c1,0
C=CCNc1nc(C)nc(OC)n1,0
CCCN(CCC)C(=O)Cn1c(=O)n(CCCCC(=O)NC2CCCC2)c(=O)c2ccccc21,0
CCN(CC)c1ccc(C(=S)N2CCN(c3ccccc3)CC2)cc1,0
CCN(CC)CCN/C=C1/C(=O)CNC1=O,0
Cc1cc(C)nc(N/C(=N/CCc2c[nH]c3ccccc23)NC(=O)c2ccco2)n1,0
OCC#CCSc1nnc(-c2ccncc2)o1,0
O=C(NC1CCCCC1)c1ccc(S(=O)(=O)NCc2cccnc2)cc1,0
CNc1nnc(CSc2nc3ccccc3s2)s1,0
Cc1ccc(N2CC(C(=O)NC3=NCCS3)CC2=O)cc1,0
Clc1cc2c(c(Cn3cnc4ccccc43)c1)OCOC2,0
CC1(C)Cc2c(sc3ncn4nnnc4c23)CO1,0
Cc1cc(C(=O)OCC(=O)NCc2ccco2)c(C)n1-c1ccccc1,0
Clc1ccccc1CSc1ncccn1,0
O=C(Nc1cnccn1)c1cccs1,0
CSc1nc2sc3c(c2c2nnnn12)CC(C)(C)OC3,0
O=C(O)C1C2C=CC(C2)C1C(=O)N1CCN(CCO)CC1,0
CCOC(=O)c1nnn(-c2nonc2-c2ccccc2)c1C,0
O=C(CSc1nc2ccccc2[nH]1)NCCCn1ccnc1,0
Cc1cc(C)nc(SCc2ccccc2C#N)n1,0
CCN(CCNC(=O)C1CCN(S(=O)(=O)c2cccc3nsnc23)CC1)c1ccccc1,0
O=C(Nc1ccc(C(=O)N2CCOCC2)cc1)c1nc2ncccn2n1,0
Cc1cc(C)n2nc(SCC(=O)N(C)c3ccccc3)nc2n1,0
O=C(Cc1cccs1)NCc1ccncc1,0
Cc1cc2c(c(SCC(=O)N(C)c3ccccc3)n1)C(=O)OC2,0
Clc1ccc(OCc2nn3c(-c4ccncc4)nnc3s2)cc1,0
CCOC(=O)C1CCCN(c2ncnc3c2cnn3-c2cccc(C)c2)C1,0
Cc1cccc(-c2nc(CS(=O)CC(=O)NC3CCCC3)c(C)o2)c1,0
O=C(CSc1nnnn1-c1ccccc1)N1CCc2ccccc21,0
CC1=C(C(=O)NCc2ccccc2)C(c2cccs2)N2NC=NC2=N1,0
Cc1ccc(NCc2nnc(SCC(=O)Nc3ncc(C)s3)n2Cc2ccco2)c(C)c1,0
O=C(COC(=O)CCc1c[nH]c(=O)[nH]1)Nc1ccccc1,0
CCC(=O)Nc1ccccc1-c1nnn(CC(=O)N2c3ccccc3CC2C)n1,0
Cc1ccc(-c2nc3cnccn3c2Nc2ccc3c(c2)OCCO3)o1,0
CC(C)n1c(SCC(N)=O)nc2c1c(=O)[nH]c(=O)n2C,0
CCN1CCN(c2cc(C)c3cc(NC(=O)Cc4ccc(OC)c(OC)c4)ccc3n2)CC1,0
O=C(NCc1ccccn1)Nc1cccc(NC(=O)NCc2ccccn2)c1,0
CCC(=O)Nc1nc2c(OC)ccc(C)c2s1,0
CC1CN(C2CCN(S(=O)(=O)c3ccccc3)CC2)CC(C)O1,0
COc1cc(OC)nc(NC(=O)CSc2nc3ccccc3o2)n1,0
O=C(Nc1cccnc1)c1cc2nc(C3CC3)cc(C(F)(F)F)n2n1,0
Cc1ccnc(Nc2nc(-c3c(C)nc4sccn34)cs2)c1,0
CC(=O)Nc1cccc(NC(=O)c2cc(C)on2)c1,0
Cc1cccc(OCCSc2cc(C)nc(N)n2)c1,0
CC(C)C1N=C2c3ccccc3N=C(SCc3cc(=O)n4ccccc4n3)N2C1=O,0
N#CCSc1nc(-c2ccccc2)cs1,0
COc1ccccc1-n1c(CNC(=O)COc2ccccc2)n[nH]c1=S,0
Cc1cccn2c(=O)c(/C=N/Cc3ccco3)c(Nc3ccc(Cl)cc3)nc12,0
O=C1CCN2NC(c3ccc(Cl)cc3)=CC2=N1,0
Cc1c(NC(=O)C(C#N)=C2CCCCC2)c(=O)n(-c2ccccc2)n1C,0
Cc1cccc(-c2c3c(=O)n(C)c(=O)n(C)c3cn2CCO)c1,0
Cc1nn(Cc2ccc(Cl)cc2)c(C)c1NC(=O)C1CC=CCC1C(=O)O,0
Cc1cc(C)nc(N(C#N)CC(=O)c2ccccc2)n1,0
CNc1nn(-c2cccc(Cl)c2)nc1N,0
Cc1nc(-c2cn[nH]c2)c2cc(C)oc2n1,0
COc1cccc(C2c3c(oc4ccccc4c3=O)C(=O)N2c2ccccn2)c1,0
C/C(Nc1cccc(O)c1)=C1/Sc2ccccc2C1=O,0
CC(=O)Nc1nnc(-c2ccc3c(c2)CCCC3)o1,0
O=C(CCCn1c(=S)[nH]c2cc3c(cc2c1=O)OCO3)N1CCN(c2ccccc2F)CC1,0
c1csc(-c2nn3c(Cn4nnc5ccccc54)nnc3s2)c1,0
CCc1nnc(NC(=O)CSc2nnc(-c3ccccc3NC(=O)c3ccccc3)o2)s1,0
Clc1ccc(OCCn2ccnc2)c2ccccc12,0
Cc1nn(CCCC(=O)N2CCc3ccccc3C2)c(=O)c2cc3sccc3n12,0
COc1cccc(NC(=O)CSc2nnc(CNC(=O)c3ccco3)o2)c1,0
c1ccc2oc(NC3=NCN(CC4CCCO4)CN3)nc2c1,0
O=C(O)CCNS(=O)(=O)c1ccc2c(c1)Cc1ccccc1-2,0
C=CCOC(=O)C1=C(C)NC(C)=C(C(=O)OCC=C)C1c1ccc(O)cc1,0
Cn1c(=O)c2c(-c3ccncc3)c3c(nc2n(C)c1=O)-c1ccccc1C3=O,0
O=c1c2ccccc2nc(N2CCCC2)n1-c1ccc(Cl)cc1,0
COc1ccc(-n2c(=O)cc(N3CCc4ccccc43)[nH]c2=O)cc1,0
Cc1ccc(-n2ncc(C#N)c2/N=C/N2CCOCC2)cc1,0
O=C(Nc1ccc(Cl)cc1C(=O)NCC1CCCO1)c1ccco1,0
CCN(c1ccccc1)S(=O)(=O)c1cnc[nH]1,0
O=C(Oc1cccc(-n2cnnn2)c1)c1sc2ccccc2c1Cl,0
Cc1ccc(S(=O)(=O)Cn2cnnn2)cc1,0
O=S(=O)(NCCN1CCCC1)c1cccc2cccnc12,0
O=C(COC(=O)C1(c2ccccc2F)CCCC1)N1CCN(C(=O)c2ccco2)CC1,0
Cc1cc(C)nc(SCc2nnc(SCC(=O)N3CCCc4ccccc43)o2)n1,0
COc1ccc(C(CCc2ccc(C)o2)NC(=O)Nc2ccc(OC)cc2OC)cc1,0
CCOc1ccc(NC(=O)N2CCN(c3nc4ccccc4s3)CC2)cc1,0
COc1ccc(-c2cc3nc(C)cc(NCCO)n3n2)cc1,0
CN1CCN(C(=O)COc2ccc(-c3nc4ccccc4s3)cc2)CC1,0
O=C1C=CC(Cl)=C/C1=C1\C=C(c2ccccc2)NN1,0
Cc1ccc(-c2noc(CCC(N)=O)n2)cc1,0
Cc1ccc2[nH]c(=O)c(CN(CCN3CCOCC3)C(=O)Nc3ccccc3F)cc2c1,0
Cc1cccc2[nH]c3c(=O)n(CCN4CCNCC4)cnc3c12,0
CC(=O)NC(CCS(C)(=O)=O)C(=O)N1CCc2ccccc21,0
CCC1(N(C(C)=O)c2ccc(OC)cc2)C(=O)c2ccccc2C1=O,0
COCCNc1oc(-c2ccccc2Cl)nc1C#N,0
COc1cccc(NC(=O)Cc2ccccc2)c1,0
CCn1c(SCc2ccc(C#N)cc2)nnc1-c1cccc(Cl)c1,0
Cc1nn(-c2ccccc2)c(C)c1C(=O)OCC(=O)NCc1ccco1,0
COCC(=O)Nc1ccccc1C(=O)Nc1ccc(OC)cc1,0
CCCCCn1c(CN2CCN(C)CC2)nc2c1c(=O)n(C)c(=O)n2C,0
Cc1nc(-c2ccccc2)sc1C(N)=O,0
CC(=O)N1CCN(c2ccc(Oc3nnnn3-c3ccccc3)cc2)CC1,0
CCCc1ncc(C(O)c2cccc(OC)c2OC)n1C,0
Cc1nn(C(=O)c2ccccc2)c2c1C(=O)CC(C)(C)C2,0
Cc1c(Cc2ccccc2)c(=O)oc2c(C)c(OCc3nn[nH]n3)ccc12,0
Fc1cnc(N2CCOCC2)nc1NCc1ccccc1,0
c1ccc(OCc2nn3c(-c4ccncc4)nnc3s2)cc1,0
CC(C)NC(=O)CSc1nncn1-c1ccccc1,0
c1ccc(-c2nc(NCC3CCCO3)c3ccccc3n2)nc1,0
O=C(CCN1C(=O)c2ccccc2C1=O)Nc1ccncc1,0
O=C(CSc1nc2ccccc2[nH]1)N1CCN(c2ccccc2)CC1,0
COc1ccc(-c2noc(CN(C)S(=O)(=O)c3ccccc3)n2)cc1OC,0
CCc1nc2ccccc2c(=O)n1NC(=O)c1c(O)[nH]c2ccccc2c1=O,0
Cc1ccc(NC2SC(=O)N(Cc3cccc(C(=O)O)c3)C2=O)cc1,0
CCOC(=O)c1c(C)[nH]c(C(=O)NCc2ccccc2OC)c1C,0
O=C(Cn1cnc2c(nnn2Cc2ccc(Cl)cc2)c1=O)N1CCCc2ccccc21,0
CC(NC(=O)COc1ccccc1)C(c1ccccc1)N1CCN(C)CC1,0
Cc1cc(C)c2c(CN3CCN(CCO)CC3)cc(=O)oc2c1,0
O=c1/c(=C/c2cccnc2)sc2nc3ccccc3n12,0
O=C(NCCN1CCOCC1)c1ccc(CS(=O)(=O)Cc2ccccc2F)o1,0
Cn1c(C(=O)NCCN2CCOCC2)cc2sccc21,0
CCOC(=O)c1[nH]c2ccc(OC)cc2c1NC(=O)c1nonc1C,0
CCC(C)N1C(=O)CCC1C(=O)NCc1ccc2c(c1)OCO2,0
COC(=O)c1ccc(Oc2nc(Nc3ccccc3)nc(N(C)C)n2)cc1,0
Cc1c(NS(=O)(=O)c2cccc3nsnc23)c(=O)n(-c2ccccc2)n1C,0
CCNc1nc(Oc2ccc(C(=O)OC)cc2)nc(N(C)C)n1,0
O=C(Oc1ccc(Cl)cc1N1C(=O)CCC1=O)c1ccco1,0
Cc1cc(NC(=O)COc2ncnc3sc(C)c(C)c23)no1,0
Cn1c(SCC(=O)Nc2nccs2)nnc1C12CC3CC(CC(C3)C1)C2,0
Cc1cc(C(=O)CSc2nnc(-c3cccnc3)n2-c2ccccc2F)c(C)n1C,0
COCCn1c(CN2CCN(c3ccccc3)CC2)nc2c1c(=O)n(C)c(=O)n2C,0
CC1(C)OC(=O)C(=CNCC(O)c2ccccc2)C(=O)O1,0
COc1cc(/C=c2\sc3nc(-c4ccncc4)nn3c2=O)ccc1OC(C)=O,0
O=C(NCCc1ccccc1)C1CCCN(C(=O)NC2CCCCC2)C1,0
CCOC(=O)c1sc(NC(=O)CSc2n[nH]c(-c3ccccc3)n2)c(C#N)c1C,0
COc1ccc(Cl)cc1NC(=O)CSc1nnc(COc2ccccc2)n1N,0
Cc1ccc(C(=O)CSc2nnc(-c3ccccc3N)n2C)cc1,0
COc1cccc(-n2nnc3c(=O)n(Cc4ccccc4Cl)cnc32)c1,0
Cc1ccnc(N2CCC(C(=O)Nc3nnc(C)s3)CC2)n1,0
COc1ccc2c(c1)C(C)CC(C)(C)N2C(=O)CSc1ncn[nH]1,0
CCn1cc(C(=O)O)c(=O)c2cnc(N3CCNCC3)nc21,0
COc1ccc(C(CNC(=O)c2ccc(-n3cnnn3)cc2)N2CCOCC2)cc1,0
CCOC(=O)c1nn(-c2ccc(OC)cc2)c(=O)c2c(N)scc12,0
CCCN(Cc1cc2cc(OC)ccc2[nH]c1=O)C(=O)c1ccncc1,0
CC(C)COC(=O)NCCOC(=O)Nc1cccc(Cl)c1,0
O=C(CN1C(=O)NC2(CCSC2)C1=O)N1CCN(c2ccc(F)cc2)CC1,0
Cc1cccc(NC(=O)CSc2nnc(-c3ccccc3C)o2)c1,0
Nc1c(C(=O)NCCc2ccccc2)nnn1Cc1ccccc1,0
Cc1n[nH]c(N2CCc3ccccc3C2)nc1=O,0
S=c1[nH]nc(-c2ccccc2)n1CC1CCCO1,0
O=C(COc1ccc(Cl)cc1)NCc1nnc(SCC(=O)N2CCCCC2)o1,0
Cc1nc2nc(Cc3ccccc3)[nH]n2c(=O)c1Cl,0
CC(C)(C)NC(=O)Cn1c(=O)oc2ccc(Cl)cc21,0
Cc1ccc2c(c1)N(CCCC(=O)NCC1COc3ccccc3O1)C(=O)CO2,0
CCCCSc1nc(=O)c(-c2ccccc2N)n[nH]1,0
Cc1n[nH]c(C)c1S(=O)(=O)Nc1ccc2c(c1)OCCO2,0
O=C(Nc1nc2c(Cl)ccc(Cl)c2s1)c1ccco1,0
Cc1ccc(-n2nnnc2SCC(N)=O)c(C)c1,0
COc1ccc(S(=O)(=O)N2CCN(C(=O)NCc3ccccc3)CC2)cc1,0
CCN(CC)CCCNC(=O)c1cc2c(-c3ccc(Cl)cc3)nn(C)c2s1,0
CCCCc1cc(=O)oc2cc(OCc3nn[nH]n3)c(Cl)cc12,0
CC(=O)c1cc(-c2nc3ccccc3n2C)n(C)c1,0
COc1cc2c(cc1OC)CN(c1ccc(-c3ccccc3OC)nn1)CC2,0
O=C(CSc1ccc2nnc(-c3cccnc3)n2n1)N1CCOCC1,0
NC(=O)C1CCN(C(=O)CSc2ccccn2)CC1,0
CCC(C)(C)NC(=O)C1CCN(c2nc(C)cc(C)n2)CC1,0
O=C(CCc1n[nH]c(=O)[nH]c1=O)N1CCCCC1,0
COc1ccc(C(=O)/C=C/Nc2cccc(C)n2)cc1OC,0
COc1ccc(CNc2nc(NCc3ccc(OC)cc3)n(S(C)(=O)=O)n2)cc1,0
CC(=O)c1c(N2CCN(c3cccc(Cl)c3)CC2)nc(=S)n(-c2ccccc2)c1C,0
N#CC1=C(N)Oc2cc3c(cc2C1c1ccc(Cl)cc1)OCO3,0
CC(C)OCCCNC(=O)CN1CCN(Cc2ccccc2Cl)C1=O,0
Cc1cc(C)c2c(=O)n(CC(=O)NCCCN3CCN(c4ccccc4F)CC3)sc2n1,0
O=C(CCNS(=O)(=O)c1ccc(Cl)cc1)NCc1cccnc1,0
O=C(NCc1ccc2c(c1)OCO2)c1nn2cccnc2c1Cl,0
Cc1cc(=O)oc(C)c1C(=O)NC1CC(C)(C)NC(C)(C)C1,0
c1ccc(Cn2ncc3c(NCc4ccco4)ncnc32)cc1,0
S=c1[nH]nc(-c2ccccc2)n1C1C=CCCC1,0
CC1CCN(C(=O)CSc2nc3ccccc3[nH]2)CC1,0
CCc1nnc(NC(=O)C2CC(=O)N(CCc3ccccc3)C2)s1,0
Cc1nc(NC2=NCN(CCc3ccccc3)CN2)nc2c(C)cccc12,0
O=C(NCCc1ccco1)c1nn(Cc2ccccc2)c(=O)c2ccccc12,0
COc1ccc(C2C3=C(CC(C)(C)CC3=O)N=C3NNC(C)=C32)cc1,0
O=C(Cc1ccccc1)Nc1ccc2oc(-c3ccncc3)nc2c1,0
CCOC(=O)c1c(C)[nH]c(C(=O)COc2ccc3c(c2)OCO3)c1C,0
O=C(CN1CCN(c2ccccn2)CC1)Nc1ccc(OCc2ccccc2)cc1,0
Cn1c(CSc2nc3ccccc3s2)nnc1SCC(=O)NCCN1CCOCC1,0
CCCCCOC(=O)CSc1nc2c(c(=O)[nH]c(=O)n2C)n1Cc1ccc(Cl)cc1,0
CCc1nnc(NC(=O)CSC2=NN/C(=C3\C=Nc4ccccc43)N2CCOC)s1,0
COc1ccc(NC(=O)CSc2nnc(C3CC3)n2N)cc1,0
O=C(NCCO)c1ccc(-c2nnc(N3CCOCC3)c3ccccc23)cc1,0
COCCNC(=O)CN(c1cccc(OC)c1)S(=O)(=O)c1ccc(C)cc1,0
CCOc1cccc(-c2nnc3sc(-c4ccco4)nn23)c1,0
Cc1nc(C)c(C(=O)NCc2ccc(Cl)cc2)o1,0
c1ccc(N2CCN(Cc3nnnn3C3CCCCC3)CC2)cc1,0
COCc1nc(-c2ccc(-c3ccccc3)nc2OC)no1,0
CCOC(=O)c1ccc(NC(=O)COc2ccc(-n3cnnn3)cc2)cc1,0
CCOc1ccc(N(CC(=O)NC(C)(C)C)C(=O)c2ccco2)cc1,0
Cc1cc(C)nc(N2CCC(C(=O)NCc3cccs3)CC2)n1,0
CCc1c(C)[nH]c(Nc2nc(C)c3cc(OC)ccc3n2)nc1=O,0
CC(C)c1[nH]nc2c1C(c1cccnc1)C(C#N)=C(N)O2,0
O=S(=O)(Cc1ccc(Cl)cc1)N1CCN(Cc2ccccc2)CC1,0
COCCCn1c(SCC(=O)Nc2nnc(C)s2)nnc1-c1ccoc1C,0
CC(C)C(c1nnnn1Cc1ccccc1)N1CCSCC1,0
Cc1cc(NC(=O)C2CCC2)n(-c2ccccn2)n1,0
CC1=CC(C)C2C(=O)N(CCCN(C)C)C(=O)C2C1,0
Cc1cc(C2C(=O)CC(=O)CC2c2ccccc2)on1,0
Cc1cc(C)c(NC(=O)c2ccc(S(=O)(=O)N(C)C)cc2)c(C)n1,0
CC1(C(=O)N(CC(=O)NC2CCCC2)C2CCCC2)CC(=O)N=C2C=CC=CN21,0
CCc1ccccc1NC(=O)C(C#N)Cc1cccnc1,0
O=C(CSc1nnc(Cc2cc(=O)[nH]c(=O)[nH]2)n1-c1ccccc1)N1CCCC1,0
COCC(=O)Nc1nnc(Cc2ccc(OC)c(OC)c2)s1,0
CCn1c(CNc2ccc(C)cc2C)nnc1SCC(=O)N1CCCc2ccccc21,0
O=C(Nc1ccc(N2CCCC2)c(Cl)c1)c1ccco1,0
CCOc1ccccc1N1C(SCC(N)=O)=NNC1=C1C=CC(=O)C=C1,0
CN(CC(=O)N1CCCCCC1)S(=O)(=O)c1cccc2cccnc12,0
CCCc1nc(SCC(=O)Nc2cc(C)on2)c2ccccc2n1,0
CCc1ccc(N2C(=O)c3sc4nnc(C)c(=O)n4c3C2=O)cc1,0
O=C(CSc1n[nH]c(-c2ccco2)n1)Nc1sc2c(c1C(=O)Nc1ccccc1)CCCC2,0
CCC(=O)Nc1nc2ccccc2n1CCN1CCOCC1,0
Cc1ccc(S(=O)(=O)Nc2ccccc2C(N)=O)cc1,0
N#Cc1ccc(-c2cccnc2)nc1SCC(=O)Nc1sc2c(c1C#N)CCC2,0
CCC(=O)Nc1ccc(-c2nnc(SCC(=O)Nc3nccs3)n2C)cc1,0
CC1CCC2(CC1)NC(=O)N(Cc1nc(-c3ccccc3)no1)C2=O,0
Cc1ccc(-n2c(=O)cc(NCc3cccnc3)[nH]c2=O)cc1,0
Cc1ccc(S(=O)(=O)N2CCN(C(=O)COC(=O)c3cc(C)oc3C)CC2)cc1,0
O=C(NCc1cccnc1)C1c2ccccc2C(=O)N1C1CCCCCC1,0
COc1ccccc1-c1noc(CCC(=O)Nc2ccccc2Cl)n1,0
CC(=O)C1=C(O)C(=O)N(CCC(=O)O)C1c1cccc(F)c1,0
Cc1cccc(N2C(=O)N(c3ccccc3C)C3CS(=O)(=O)CC32)c1,0
COc1ccc(NC(=O)C(c2ccc(OC)cc2)N(C)C(=O)c2cnccn2)cc1,0
CCOC(=O)c1cc(-c2ccc3c(c2)OCCO3)nc2c1c(C)nn2CCC#N,0
O=C(NC1CCCC1)C1CCCN1C(=O)Nc1ccccc1Cl,0
CCNc1cc2oc(=O)c(CN3CCOCC3)c(C)c2cc1C,0
CCOC(=O)C(NC(=O)c1ccccc1)=C1CCCCC1,0
O=C(c1cnc2sccn2c1=O)N(Cc1ccccc1)c1ccccn1,0
CCc1nc(N)c(C#N)c(-c2cccnc2)c1C,0
O=C(c1cnc2n(c1=O)CCS2)N1CCN(C(c2ccccc2)c2ccc(Cl)cc2)CC1,0
Cc1ccc(-n2c(=O)cc(N3CCc4ccccc4C3)[nH]c2=O)cc1,0
Cn1cnnc1SCCC(=O)Nc1ccccc1,0
COCCn1nnnc1CN1C2CCCC1CC(NC(C)=O)C2,0
CCc1ccc2nc(NC(=O)CSCc3c(C)noc3C)sc2c1,0
CCC(=O)Nc1ccc(C(=O)CSc2nnc(CNc3ccc(Cl)cc3)o2)cc1OC,0
CC(=O)Nc1cccc(-c2csc(NCc3ccco3)n2)c1,0
COc1ccc(S(=O)(=O)N2CCC(N3CCCCC3)CC2)cc1,0
COc1ccc(Nc2cc(C)nc(-n3nc(C)cc3C)n2)cc1,0
CCN(CC)S(=O)(=O)c1ccc(OCC(=O)NCc2ccccc2)cc1,0
Cn1ncc(C#N)c1NC(=O)c1nn2cccnc2c1Cl,0
Cc1cc(C)nc(SCC(=O)Nc2ccc(S(=O)(=O)Nc3onc(C)c3C)cc2)n1,0
CCN1CCN(c2ncnc3c2cnn3-c2ccccc2)CC1,0
CCc1nnc(NC(=O)c2ccc(S(=O)(=O)NCC(C)C)cc2)s1,0
COc1ccccc1-c1nnc2sc(COc3ccc(F)cc3)nn12,0
CCOC(=O)N1CCN(Cc2nc(-c3ccccc3)no2)CC1,0
COc1ccc(-n2ccnc2SCC(=O)Nc2ccc(OC)cc2OC)cc1,0
O=C(NCc1ccccc1)c1cc(=O)nc2sc(-c3ccccc3)nn12,0
CC(c1ccccc1)n1cc(C(=O)NCc2ccncc2)nn1,0
CCCCCc1c(C)[nH]c(NCc2ccccc2)nc1=O,0
Cc1c(C(=O)NCCCN2CCOCC2)sc2nc(-c3ccccc3)cn12,0
CCC(=O)Nc1ccc(NC(=O)c2ccco2)cc1,0
Cn1nnc2cc(NC(=O)NCc3ccc4c(c3)OCO4)ccc21,0
CSCCC(NC(N)=O)C(=O)NCc1ccccc1Cl,0
CCOc1nc(SC(C(C)=O)C(=O)Nc2ccccc2)nc(N(C)C)n1,0
O=C(NCc1ccncc1)c1nnc(Cc2c(F)cccc2Cl)o1,0
CCOC(=O)CSc1nnc2c(n1)C1(C)CCC2C1(C)C,0
O=C(c1cccn2c(=O)c3cc(Cl)ccc3nc12)N1CCOCC1,0
CCC(c1nnnn1C(C)(C)C)N1CCN(C2CCCC2)CC1,0
CSc1cccc(NC(=O)CN(C2CCCCC2)S(C)(=O)=O)c1,0
Cc1ccc(-c2nnc(CSc3nncn3N)o2)cc1,0
C=CCn1c(C)cc(C(=O)CSc2nnc(NCc3ccccc3)s2)c1C,0
CCn1c(SCC(N)=O)nnc1-c1ccco1,0
COc1ccc(-c2noc(CCC(=O)NCc3cccnc3)n2)cc1,0
COc1ccc(OCCSc2ncccn2)cc1,0
COc1ccc(C2OC(=O)CC2C(=O)NC2CCCCCC2)cc1OC,0
COc1ccccc1C(=O)Nc1ccc(S(=O)(=O)N2CCOCC2)cc1,0
COC(=O)CCC(=O)Nc1ccc(NC(=O)CCC(=O)OC)cc1,0
N#Cc1c(N)c(C(=O)c2ccc(Cl)cc2)n2c1CCC2,0
O=C1CC(c2ccc(S(=O)(=O)N3CCCCC3)cc2)CN1,0
COc1ccc(C(=O)Nc2nncs2)c(OC)c1,0
CC(=O)NCc1ccc(C(=O)CSc2nnc(-c3ccncc3)n2Cc2ccccc2)o1,0
O=C(CCCCCN1C(=O)c2ccccc2C1=O)NC1CCCC1,0
Cc1csc(NC(=O)c2nc3nc(C)cc(C)n3n2)n1,0
Cn1c(=O)c2cn3c(c2n(C)c1=O)C(c1ccccc1)CC(c1ccccc1)=N3,0
CCOc1ccccc1C(=O)N1CCN=C1SCc1cccnc1,0
COc1ccc(Nc2nccc3c2nnn3C)cc1,0
O=c1[nH]c2ccccc2n1CCCSc1cnc2ccccc2n1,0
CCCCCCn1c(SCCN2CCOCC2)nc2c1c(=O)[nH]c(=O)n2C,0
N#CCc1ccc(NS(=O)(=O)c2ccc(N3CCCC3=O)cc2)cc1,0
CCN(CC)C(=O)C1CCCN(C(=O)Nc2ccc3nsnc3c2)C1,0
COc1ccc(C2CC(=O)N3CN(c4ccc(C)c(Cl)c4)CSC3=C2C#N)cc1OC,0
CCOC(=O)C1CCCN(Cc2ccccc2C)C1,0
COn1c(-n2nc(C)cc2C)nc2ccccc2c1=O,0
Cc1cc(NC(=O)c2ccccc2Oc2ccccc2)no1,0
Cc1cc(C)c(C#N)c(SCc2ccc(C#N)cc2)n1,0
O=C(Nc1cccc(Cl)c1)c1ccncc1,0
CCOC(=O)C1=C(C)NC(=O)NC1c1ccccc1Cl,0
Cc1cc(NC(=O)CCn2c(=O)sc3ccccc32)no1,0
O=C(NCCCN1CCCC1=O)c1cccc(N2CCCC2=O)c1,0
Cn1ccnc1Sc1nc(Nc2cccc(Cl)c2)nc(N2CCOCC2)n1,0
CCOC(=O)Cn1c(=O)oc2cc(S(=O)(=O)Nc3cccc(C)c3)ccc21,0
CCSc1nnc(C)n1-c1ccc(C(=O)O)cc1,0
c1ccc(-c2noc(-c3cccc4ccccc34)n2)nc1,0
CCc1nc(OCc2ccco2)c2sc3nc4c(cc3c2n1)COC(C)(C)C4,0
O=C(Cc1cccs1)Nc1ccc(N2CCOCC2)cc1,0
O=C(CSc1nccn1-c1ccc(Cl)cc1)NCc1ccc2c(c1)OCO2,0
CC(=O)Nc1cccc(NC(=O)CCCC(=O)O)c1,0
CCOC(=O)c1ccc(N2C(=O)CC(N3CCC(C#N)(c4ccccc4)CC3)C2=O)cc1,0
CCN1CCN(C(=O)C(NS(=O)(=O)c2ccc3nc(C)sc3c2)C(C)C)CC1,0
COc1cccc(-n2c(Cc3cc(=O)[nH]c(=O)[nH]3)nnc2SCC(=O)N2CCCC2)c1,0
Cc1cccc(NC(=O)c2cnc3sccn3c2=O)c1C,0
Cc1cc(Nc2cc(C(=O)O)ccc2C)n2ncnc2n1,0
COc1cc(-n2cnnn2)ccc1S(=O)(=O)N1CCOCC1,0
COc1ccc(OC)c(S(=O)(=O)Nc2ccccc2C)c1,0
Cn1c(NCC2CCCO2)nc2c1c(=O)n(Cc1ccccc1)c(=O)n2C,0
N#CCCS(=O)(=O)c1nnnn1-c1ccccc1,0
O=C(O)C1CC(=O)N(c2ccc(F)cc2)C1,0
O=C(NCc1ccco1)C1CC(=O)N(c2ccc(O)cc2)C1,0
CN(C(=O)COC(=O)COc1ccc(Cl)cc1)C1CCCCC1,0
CN(C)c1nc(NCc2ccccc2)nc(Oc2ccc(=O)[nH]n2)n1,0
O=C(CSc1nnc2scc(-c3ccccc3)n12)N1CCCc2ccccc21,0
O=C1/C(=C\NCCCN2CCOCC2)c2ccccc2C(=O)N1Cc1ccccc1,0
CCCCOc1ccc(CSc2n[nH]c(C)n2)cc1,0
CCOc1ccc(-n2cnnn2)cc1S(=O)(=O)N1CCCCC1,0
CN(C)Cc1nc2ccccc2c(=O)n1Cc1nc(-c2cc3ccccc3o2)cs1,0
Cc1ccc(NC(=O)Cn2cccc2)cc1Cl,0
O=S(=O)(NCc1ccco1)c1cccc2cccnc12,0
CCN(CC)Cc1c(C(=O)OC(C)C)nnn1-c1nonc1N,0
Cc1n[nH]c(SCC(=O)NCCc2ccccc2)nc1=O,0
COc1ccc(NC(=O)C2CCN(Cc3cnn(-c4ccccc4)c3-n3cccc3)CC2)cc1OC,0
COc1cc(C(c2nnnn2C(C)(C)C)N2CCN(C)CC2)cc(OC)c1OC,0
CCC(=O)Nc1c2c(nn1-c1ccc(OC)cc1)CS(=O)C2,0
Cc1ccc(SCC(=O)NCCCN2CCOCC2)cc1,0
O=C(NCCC1=CCCCC1)C1CCN(S(=O)(=O)N2CCOCC2)CC1,0
Cc1c(C(=O)N2CCN(c3ccccn3)CC2)oc2ccccc12,0
CCc1nnc(NC(=O)CSc2nnc(Cc3ccccc3)n2Cc2ccccc2)s1,0
CCOC(=O)c1nn(-c2c(C)n(C)n(-c3ccccc3)c2=O)cc1O,0
COc1cccc(-n2nnc3c(=O)n(Cc4cccc(F)c4)cnc32)c1,0
CCc1nnc(NC(=O)CSc2nccn2-c2ccccc2)s1,0
CCCOc1ccc(/C(O)=C2/C(=O)C(=O)N(CCN(CC)CC)C2c2ccncc2)cc1,0
COc1cc(S(=O)(=O)N2CCC(C(N)=O)CC2)c(C)cc1C,0
O=C(CSc1nnc(NCc2ccccc2)s1)c1ccco1,0
N#Cc1ccc(-c2ccco2)nc1SCc1ccccc1,0
CCOC(=O)CNc1c(-c2ccc(F)cc2)nc2cnccn12,0
COc1ccc(N2C(=O)C3Cc4ccccc4CN3C2=O)cc1,0
COc1ccccc1-c1nc(C#N)c(N2CCN(Cc3ccccc3)CC2)o1,0
Cc1ccccc1NC(=O)CSc1nc(Nc2ccccc2)nc(N2CCOCC2)n1,0
C=CCn1c(Cc2nc3ccc(Cl)cc3[nH]2)n[nH]c1=S,0
Cc1cnn(-c2cc(Oc3ccccc3)ncn2)c1,0
c1cncc(-c2nnc3n2N=C(c2cccs2)CS3)c1,0
O=C(c1nnc(-c2ccncc2)o1)c1ccccc1Cl,0
Cc1ccccc1OCC(=O)Nc1ccccc1N1CCOCC1,0
COc1ccccc1NC(=O)CN1C(=O)NC(C)(C)C1=O,0
CC1(C)CNC(=O)c2sc(N3CCOCC3)nc2C1,0
O=C1c2ccccc2N(Cc2ccc(Cl)cc2)C2=NCCN12,0
Cc1ccc(N/C=C2/C=CC=N2)c(O)c1,0
Cc1ccc(NC(=O)CSc2nnc(-c3ccccn3)n2C)cc1,0
CCc1ccc(NC(=O)C2CC(=O)N=C(N)S2)cc1,0
COc1nc(-c2ccccc2)ccc1-c1noc(-c2ccccc2)n1,0
Cc1nc(SCC(=O)N2CCC(C(N)=O)CC2)n[nH]1,0
COc1ccc(OC)c(C2CC(=O)N3CN(c4cccc(Cl)c4)CSC3=C2C#N)c1,0
Cc1cc(C)nc(-n2nc(C)cc2NC(=O)c2cc(=O)c3ccccc3o2)n1,0
CCCCn1c(CN2CCN(C(=O)OCC)CC2)nc2c1c(=O)n(C)c(=O)n2C,0
COc1ccc(CCNC(=O)c2c(N)n(CCN3CCOCC3)c3nc4ccccc4nc23)cc1,0
c1ccc(C(c2nnnn2C2CCCC2)N2CCCCCC2)nc1,0
CCc1c(O)nc(SCC(=O)NCc2ccco2)[nH]c1=O,0
CCc1noc(C)c1C(=O)N1CCN(c2ccc(Cl)c(Cl)c2)CC1,0
Cc1cccc(NC(=O)CCn2nc(C)cc2C)c1,0
COC(=O)C1CCN(c2cc(=O)n(-c3ccccc3Cl)c(=O)[nH]2)CC1,0
CCCCNC(=O)CSc1nnc(-c2ccco2)n1C,0
O=c1oc2ccccc2c2nccnc12,0
Cc1onc(-c2c(F)cccc2Cl)c1C(=O)Nc1nnc(C2CC2)s1,0
CC1=C(C(=O)Nc2cc(-c3cccc(F)c3)[nH]n2)C2(CCCCC2)OC1=O,0
O=C(COc1ccccc1Cl)N1CCCC1,0
CCOc1ccc(NC(=O)COC(=O)Cn2cnnn2)cc1OCC,0
O=C(NCc1ccccn1)Nc1cccc(Cl)c1,0
COc1ccccc1CNC(=O)Cn1nnc(-c2ccncc2)n1,1
O=C(Nc1nc(-c2ccc3c(c2)OCO3)cs1)C1CC1,0
CSc1nc(-c2ccco2)nn1S(C)(=O)=O,0
CCOC(=O)C1CCCN(C(=O)c2cccs2)C1,0
O=C(CSc1nncs1)NC(=O)NCc1ccccc1,0
Cc1ccccc1S(=O)(=O)Cc1ccc(C(=O)N2CC(C)CC(C)C2)o1,0
CCOc1ccccc1N(CC(=O)NC1CCCC1)C(=O)CCC(=O)Nc1cc(C)on1,0
CC(=O)C1=C(C)NC(=O)NC1c1cccc(O)c1,0
Cc1cc(C)nc(SCC(=O)Nc2ncc3c(n2)CCCC3=O)n1,0
CC(C)Cc1nc(N2CCN(C(=O)C(C)C)CC2)c(C#N)c2c1CCC2,0
CC(C)c1nnc(NC(=O)c2cccc(-n3cnnn3)c2)s1,0
Cn1nnnc1SCC(=O)NCc1cccc(C(=O)O)c1,0
CCOC(=O)c1cc2sccc2n1CC(=O)Nc1ccc(OC)c(OC)c1,0
C/C(=N\S(=O)(=O)c1ccc(C)cc1)N1CCN(S(=O)(=O)c2ccccc2)C1,0
COc1nc(Nc2cccc(C(F)(F)F)c2)nc(OC)n1,0
CCCCNc1nc2c(c(=O)n(C)c(=O)n2C)n1CCC,0
CCOCCCNC(=O)C1CCN(S(=O)(=O)N2CCCCC2)CC1,0
N#Cc1ccccc1-n1c(N)c(C(=O)N2CCCC2)sc1=S,0
CC1=C(C#N)C(c2ccc3ncccc3c2)C(C#N)=C(C)N1,0
CCCOc1ccc2ccccc2c1/C=N/n1cnnc1,0
Nc1nnc(CSCc2ccc(F)cc2)s1,0
Cc1nc2sc(C(c3cccc(F)c3)N3CCC(C)CC3)c(O)n2n1,0
CC(=O)C1(C)OC(N)=C(C#N)C(c2ccccc2)C1(C#N)C#N,0
O/N=C1\CCCCC1c1ccccn1,0
CCCCOCCCNC(=O)NC(CCSC)C(=O)OC,0
COc1ccc(Nc2cc(=O)n(C3CCCCC3)c(=O)[nH]2)c(OC)c1,0
Cc1ccc(-c2nc(C#N)c(NCc3ccco3)o2)cc1,0
CC(C)Cc1nnc(NC(=O)c2ccncc2)s1,0
O=C(Nc1cccc(Cl)c1)c1c(O)n(Cc2ccco2)c2c(c1=O)CCCC2,0
O=C(COc1ccc(S(=O)(=O)NC2CCCC2)cc1)N1CCCCCC1,0
CCCCOC(=O)Nc1cc(C(=O)OC)ccc1C(=O)OC,0
O=S1(=O)N=C(N2CCN(Cc3ccccc3)CC2)c2ccccc21,0
c1csc(-c2nn3c(C4CCCCC4)nnc3s2)c1,0
CCCCN(C)CCNC(=O)Cn1ncc2c(=O)oc3ccc(C)cc3c21,0
CCn1c(=O)c2c(nc(SCC(=O)NCC3CCCO3)n2C)n(C)c1=O,0
O=C(Cn1cnc2c(nnn2Cc2ccc(F)cc2)c1=O)N1CCN(c2ccccc2)CC1,0
CC(C)c1nnc(NC(=O)Cc2cccs2)s1,0
Cc1nnc(SCc2ccccc2Cl)n1CC1CCCO1,0
Cc1ccc(Nc2nc(=O)c3cccnc3s2)cc1,0
CCSc1nnc(Cc2cc(=O)[nH]c(=O)[nH]2)n1-c1ccc(Cl)cc1,0
Cn1c(C(=O)NCc2cccnc2)cc2sccc21,0
C/N=c1\scc(C)n1N/C=C1\C=CC(=O)C=C1O,0
Cc1cc(C(=O)CN(Cc2ccc(F)cc2)S(=O)(=O)c2ccc3c(c2)OCCO3)c(C)n1C,0
O=C(Cn1c(NCCO)nc2ccccc21)c1ccccc1,0
CCCCC(=O)Nc1ccc(C(=O)NCc2ccncc2)cc1,0
Cc1ccc(-n2c(SCC(=O)N3CCOCC3)nnc2-c2ccncc2)cc1,0
O=C(COC(=O)c1ccc2c(c1)OCO2)NCc1ccc(Cl)cc1,0
O=C(CN1CCN(c2ccc(F)cc2)CC1)Nc1ccc(-n2cnnn2)cc1,0
Cc1ccc2cccc(S(=O)(=O)n3nc(C)cc3C)c2n1,0
Cc1cccc(-n2c(-c3ccco3)nc3ccccc3c2=O)n1,0
Cc1cc(Nc2cc(F)ccc2C)n2ncnc2n1,0
COCc1nnc(SCC(=O)NC(C)c2ccccc2)n1-c1ccccc1,0
Cc1c(NC(=O)c2cccc(S(=O)(=O)N3CCOCC3)c2)c(=O)n(-c2ccccc2)n1C,0
O=C(Cn1nnc(-c2ccccc2)n1)OCc1csc(-c2ccccc2)n1,0
O=C1NCCN1CCNS(=O)(=O)c1ccc2ccccc2c1,0
C=CCn1c(SCc2ccc(C(=O)OC)cc2)nnc1-c1sc(N)nc1C,0
O=C1NC2=C(C(=O)CCC2)C(c2ccc3ncccc3c2)N1,0
COc1ccc(-n2nnnc2SCC(=O)Nc2cccc(NC(C)=O)c2)cc1OC,0
COc1ccc(N2CCN(Cc3nc4c(c(=O)[nH]c(=O)n4C)n3CC(C)=O)CC2)cc1,0
CCc1c(C)nc(N)n2c(SCC(=O)N3CCN(c4ccccc4)CC3)nnc12,0
COc1cccc(CNC(=O)C2CCCN(c3nc4ccccc4o3)C2)c1,0
Cc1cc(NCCCN2CCOCC2)n2nc(C)c(-c3ccc(F)cc3)c2n1,0
CN1CCN(Cc2nc3c(c(=O)[nH]c(=O)n3C)n2CCc2ccccc2)CC1,0
CC(C)CN1C(=O)c2ccc(C(=O)Nc3ccccn3)cc2C1=O,0
COc1ccc(NC(=O)Cc2nn(C)c(=O)c3ccccc23)c2ncccc12,0
CC1CCN(S(=O)(=O)c2ccc(F)c(C(=O)O)c2)CC1,0
C=CCn1cnc2scc(-c3ccccc3)c2c1=O,0
Cc1ccc(O)c(C(=O)c2cnn(C(=O)Cc3csc(C)n3)c2)c1,0
Cc1ccc(-c2nc(C3CCN(S(C)(=O)=O)CC3)no2)cc1,0
O=C(CSc1nc(-c2ccccc2)cc(C(F)(F)F)n1)NCCN1CCOCC1,0
O=C(Nc1cccc(Cl)c1)OCc1ccccn1,0
N#Cc1nc(-c2ccco2)oc1NCCCn1ccnc1,0
Cc1nc2sc(C(c3ccco3)N3CCOCC3)c(O)n2n1,0
CC(=O)c1cccc(NC(=O)N2CCCC2C(=O)NCc2ccc(C)cc2)c1,0
Cc1cccc(OCc2nnc3n2CCCCC3)c1,0
CCCCOC(=O)C(C)c1c(C)[nH]c(=S)[nH]c1=O,0
CCCc1cc(=O)nc(SCC(=O)N2CCN(c3ccccc3)CC2)[nH]1,0
O=c1c2cnn(-c3ccccc3Cl)c2ncn1Cc1cccnc1,0
CCCc1cc(=O)n2[nH]c(NCc3cccs3)nc2n1,0
COc1cc2c(cc1OC)CN(C(=O)c1cccs1)CC2,0
CCc1ccccc1N(CC(=O)OC)S(C)(=O)=O,0
COc1ccc(NC(=O)Cn2nnc(-c3ccccc3F)n2)cc1Cl,0
CCCCc1nnc(NC(=O)C=C(C)C)s1,0
Cc1nc(SCC(=O)Nn2c(-c3ccccc3)nc3ccccc3c2=O)n[nH]1,0
CNC(=O)CSc1nnc(COc2ccc(Cl)cc2)n1CCOC,0
Cc1cc(C)n2nc(CC(=O)NC3CCCCCC3)nc2n1,0
COc1ccc(CN2C(=O)C3ON=C(c4ccccc4Cl)C3C2=O)cc1,0
CC1CCN(C(=O)c2ccc(NS(C)(=O)=O)cc2)CC1,0
C=C(C)Cn1c(NCCC)nc2c1c(=O)n(C)c(=O)n2C,0
CCn1c(SCC(=O)Nc2cc(C)on2)nc2c1c(=O)n(C)c(=O)n2C,0
Cc1cccc(Cn2c(NCCO)nc3c2c(=O)n(C)c(=O)n3C)c1,0
CC1CCCCC1NS(=O)(=O)c1ccc(S(=O)(=O)N2CCN(CCC#N)CC2)cc1,0
Cc1ccc(-c2nnnn2CS(=O)(=O)c2ccccc2)cc1,0
O=C(CCNS(=O)(=O)c1cccc2nsnc12)N1CCN(c2ccccn2)CC1,0
Cc1cc(C)c2ccc(N)nc2c1O,0
O=C(CSc1nc(-c2ccco2)cc(C(F)(F)F)n1)NCCc1ccccc1,0
CCOc1ccccc1NC(=O)N1CCCC1C(=O)Nc1ccc(-n2cnnn2)c(C)c1,0
C=CCNC(=O)Cn1nc(-c2ccccc2)ccc1=O,0
O=c1nc(SCc2ccc(F)cc2)nc2n(-c3ccc(F)cc3)[nH]cc1-2,0
O=C(CSc1ncnc2c1oc1ccccc12)Nc1ccccc1C(F)(F)F,0
Cn1cc(Cl)c(C(=O)N2CCN(c3ncccn3)CC2)n1,0
Cc1cccc(-n2ncc3c(N4CCc5ccccc54)ncnc32)c1,0
CC(CCc1ccccc1)NC(=O)CSc1nccc(=O)[nH]1,0
CCNc1ccc(C(=O)OCC)cc1NC(=O)c1cccc(S(=O)(=O)N2CCOCC2)c1,0
Cc1ccc2oc3c(c(=O)c2c1)C(c1cccs1)N(CCCN(C)C)C3=O,0
Cc1ccc(CNC(=O)CCS(=O)(=O)c2cccc3nsnc23)cc1,0
CC(C)c1ccc(NC(=O)c2cccnc2)cc1,0
Cc1ccc(S(=O)(=O)N2CCCC2C(=O)OCc2ccco2)cc1,0
CCn1c(C(O)c2cccc(OC)c2OC)nc2ccccc21,0
Cn1c(=O)c2c(ncn2CC(N)=O)n(C)c1=O,0
Clc1ccc(N2CCN(c3ncnc4c3oc3ccccc34)CC2)cc1,0
Fc1ccc(Cn2nnnc2C(c2cccs2)N2CCCCCC2)cc1,0
Cc1ccc(C(c2sc3nc(C)nn3c2O)N2CCN(CCO)CC2)cc1,0
CCn1nc(NS(=O)(=O)c2ccccc2)c2cc3cccc(C)c3nc21,0
CCn1nc(C(=O)NCCc2ccc(S(N)(=O)=O)cc2)c2ccccc2c1=O,0
N#Cc1cc2c(=O)n3ccccc3nc2n(CCCn2ccnc2)c1=N,0
CSCCC1NC(=O)N(CC(=O)Nc2ccc(N3CCCCC3)cc2)C1=O,0
O=C(NCCSCc1ccco1)Nc1cccc(Cl)c1,0
COc1ccc(S(=O)(=O)Nc2cc(Cl)ccc2OC)cc1,0
Cc1nc(C)n(CC(O)COc2ccc3ccccc3c2)n1,0
Cc1cc(NC(=O)CCCC(=O)NCc2cccs2)no1,0
CC1CN(C(=O)CN2C(=O)NC3(CCCCCCC3)C2=O)CC(C)O1,0
CC1(C)CC(=O)C(=CNc2ccc(Cl)cn2)C(=O)C1,0
Clc1ccccc1OCCCCn1ccnc1,0
CC(=O)N1CCN(S(=O)(=O)c2ccc(C)cc2)C1c1ccc(N(C)C)cc1,0
O=C(c1cnc2n(c1=O)CCS2)N(c1ccccc1)C1CCCCC1,0
CCNS(=O)(=O)c1ccc(NC(=O)c2cccnc2)cc1,0
O=C(CSc1nc(-c2ccccc2Cl)ns1)NCc1ccco1,0
COc1ccccc1-c1nnn(CC#N)n1,0
C=CCn1c(SCC(=O)Nc2cc3oc4ccccc4c3cc2OC)nnc1-c1cnccn1,0
C=CCNc1nnc(SC2CC(=O)N(c3ccc(OC)cc3)C2=O)s1,0
COC(=O)c1cc(OC)c(OC)cc1NC(=O)c1cc(C)on1,0
O=C1NC(Cc2cnc[nH]2)C(=O)N2CCCC12,0
CSc1c(C#N)c(N)c(C#N)c2c1COC(C)(C)C2,0
Cc1nn2c(-c3cccc(NC(=O)CSc4nc5ccccc5o4)c3)nnc2c2ccccc12,0
O=C1CN(C(=O)c2cnccn2)c2ccccc2N1,0
Cc1ccc(-c2nnn(CC(=O)Nc3ccc(S(=O)(=O)N4CCC(C)CC4)cc3)n2)cc1,0
O=C(Nc1ccc2c(c1)nc1n2CCOC1)C1CCCCC1,0
Cc1csc(NC(=O)c2nc3nccc(C)n3n2)n1,0
CCSc1nnc(NC(=O)c2nc(-c3ccccc3)n(-c3ccccc3)n2)s1,0
O=C1C/C(=C/NCc2ccccc2)C(=O)N1,0
CCN1CCN(C(=O)c2ccccc2N(Cc2ccccc2)S(C)(=O)=O)CC1,0
c1csc(CCNc2ncnc3sc4c(c23)CCC4)c1,0
CCn1c(C(=O)N2CCc3ccccc3C2)cc2sccc21,0
CN(CCCNC(=O)c1ccc(N2CCCC2=O)cc1)c1ccccc1,0
Cc1ccc2nc(Nc3ncc4c(n3)CCCC4=O)nc(C)c2c1,0
COc1ccc(NC(C)=O)c2nc(C)c(C)nc12,0
O=C(O)CSc1nnc(Cn2cnc3ccccc32)n1CCc1ccccc1,0
CC(C)(Oc1ccc(Cl)cc1)C(=O)OCC(=O)N1CCCC1,0
O=C(Nc1nnc(-c2ccco2)s1)c1ccccc1,0
Cc1nn(Cc2ccccc2)c2sc(C(=O)NCc3cccnc3)cc12,0
CCOc1ccccc1Nc1cc(C)nc2nc(C)nn12,0
O=C(NCc1ccc(N2CCCC2=O)cc1)c1cn(CCc2ccccc2)nn1,0
C/[N+]([O-])=C1\Cc2ccccc2C1=O,0
COc1ccc(S(=O)(=O)n2cnc3cc(C)c(C)cc32)cc1,0
COc1ccc(CSc2nnnn2C)cc1F,0
O=C(Nc1cccc(F)c1)C1CCCN1S(=O)(=O)c1cccc2cccnc12,0
CC1(C)CC(=O)C(=CN2CCN(C(=O)c3ccco3)CC2)C(=O)C1,0
COc1ccccc1N1CCN(S(=O)(=O)c2cccc(F)c2)CC1,0
Cc1ccc(C)n1CCN1CCN(C(=O)c2ccco2)CC1,0
C=CCN1CC(c2nc3ccccc3n2CCOc2ccccc2)CC1=O,0
O=C(CSc1nc2ccccc2[nH]1)NCc1ccco1,0
Cc1ccc(S(=O)(=O)Cn2nnnc2CN2CCOCC2)cc1,0
CCOC(=O)C(Sc1ncn[nH]1)c1ccccc1,0
CCCNC(=O)NC1C(NC(=O)NCCC)N(C)C(=O)N1C,0
Cc1ccc(-n2cc(-c3ccccc3)[nH]c2=O)cc1F,0
Cn1c(NCc2ccccc2Cl)nc2ccccc21,0
COc1ccc(C2C=C(c3ccc(C)c(C)c3)N=C3N=CNN32)c(OC)c1OC,0
COC(=O)c1cccc(NCN2C(=O)c3ccccc3C2=O)c1,0
O=C(CCN1C(=O)c2ccccc2S1(=O)=O)NCc1ccco1,0
O=S(=O)(N1CCCCC1)N1CCN(c2ccc(F)cc2)CC1,0
O=S(=O)(Nc1nc2ccccc2nc1NCc1ccco1)c1ccccc1,0
Cc1nc(C)c(C(=O)Nc2ccc(C)c(F)c2)o1,0
COc1ccc(NC2=c3cccc(C)c3=NC2=O)cc1,0
CCCSc1nnc(CN2CCOCC2)n1C,0
CCCCn1c(=O)n(CC(O)c2ccccc2)c(=O)c2c1ncn2C1CCCC1,0
CC(=O)/C(C#N)=C1\NC(=O)C(Cc2ccccc2Cl)S1,0
Cc1ccc(CCN2CC(C(=O)NCCN3CCOCC3)CC2=O)cc1,0
Cc1ccc(Cn2nnc(C(=O)Nc3cccc(C)c3C)c2N)cc1,0
CCOC(=O)c1sc2ncnc(NCC(c3cccs3)N(C)C)c2c1C,0
CC(=O)N1CCN=C1SCc1ccccc1,0
COc1ccc(Nc2nc(N3CCCC3)nc3ccccc23)c(OC)c1,0
O=C(COC(=O)c1ccccn1)Nc1cc(Cl)ccc1Cl,0
Cn1c(SCc2ccc3c(c2)OCO3)nnc1-c1ccccc1,0
CC(=O)Nc1nonc1NC(C)=O,0
Cc1cc(NC(=O)CSc2nc3sc4c(c3c(=O)n2C)CCCC4)no1,0
O=[n+]1cc(-c2ccc(F)cc2)n([O-])c2c1CCC2,0
O=S(=O)(c1ccc(-n2cnnn2)cc1)N(C1CCCCC1)C1CCCCC1,0
C=CCOc1nc2c(c(=O)n(Cc3ccc(Cl)cc3)c(=O)n2C)n1C,0
CCOC(=O)C(CC)n1cnc2c(nnn2-c2ccc(C)cc2)c1=O,0
COc1cccc(NC(=O)Cn2cnc3sc(C)c(S(=O)(=O)N4CCN(C)CC4)c3c2=O)c1,0
CCN(CC)C(=O)c1cn(CC)c(=O)c2cc(OC)c(OC)cc12,0
NC(=O)C1CCN(C(=O)C2CCN(S(=O)(=O)c3ccccc3)CC2)CC1,0
CC(C)Oc1ccc(C(CC(=O)O)NC(=O)C2CCCCC2)cc1,0
CCc1ccc(CN2C(=O)CCC2(C)C(=O)NC2CCCC2)cc1,0
Cn1c(=O)c2c(ncn2CC(=O)N2CCc3ccccc3C2)n(C)c1=O,0
CCS(=O)(=O)Nc1cc(-c2nc3cccnc3s2)ccc1C,0
Cc1cccc(-c2cc3nc4c(c(N5CCOCC5)n3n2)CCCC4)c1,0
O=C(CCNS(=O)(=O)c1ccc(Cl)cc1)NCc1ccccn1,0
CCc1nnc(NC(=O)CCN2C(=O)c3ccccc3C2=O)s1,0
CCCn1nc(CC(=O)O)c2ccccc2c1=O,0
CC(NC(=O)C1CCN(S(=O)(=O)N2CCCCCC2)CC1)c1ccccc1,0
CC(=O)c1cnc(Nc2nc(C)c3ccc(C)cc3n2)nc1C,0
O=C(CSc1nc2n(-c3ccc(F)cc3)[nH]cc-2c(=O)n1)N1CCCCCC1,0
COc1ccc(Cl)cc1NC(=O)c1c(-c2ccccc2)noc1C,0
CCC1(C)Cc2ccccc2-c2c1c(=O)n(Cc1ccccc1)c1nnnn21,0
COCc1cc(C)nc(SCC(=O)NCc2ccco2)c1C#N,0
COc1nnc(OC)c2ccccc12,0
Cn1c(=O)n(CC(=O)N2CCN(c3nnc(-c4ccccc4)c4ccccc34)CC2)c2ccccc21,0
COC(=O)c1ccc(Oc2nc3ccccc3n3c(C)nnc23)cc1,0
COc1nc(NCCc2ccc(OC)c(OC)c2)nc(NC(C)(C)CO)n1,0
COc1ccccc1C(=O)C1Nc2ccccc2-c2nnc(SC)nc2O1,0
Cc1ccc(NC2=NC(=O)CS2)c(C)c1,0
CCSc1nnc(NC(=O)C(Cc2ccccc2)n2cccc2)s1,0
CC(=O)c1ccc(NC2c3ncccc3C(=O)N2Cc2ccc(F)cc2)cc1,0
CCOc1ccc(C2=Nn3c(nnc3-c3ccc(OC)cc3)SC2)cc1,0
COc1cc(NC2=CC(=O)CC(C)(C)C2)cc(OC)c1,0
Cn1cc(/C=N/n2cnc3scc(-c4ccc(Cl)cc4)c3c2=O)c2ccccc21,0
CCN(CC)S(=O)(=O)c1ccc(C(=O)Nc2ccc(OCC(=O)N3CCOCC3)cc2)cc1,0
CCC(C)NC(=O)C1CCN(S(=O)(=O)N2CCCC2)CC1,0
CCN(CC)c1ccc(-c2nn3c(-c4cccnc4)nnc3s2)cc1,0
CCOc1ccc2nc(C(C)O)[nH]c2c1,0
CCOC(=O)C12CNC(=O)C(C(=O)OCC)(CNC1=O)C2,0
COc1ccc(-c2nc(CS(=O)CC(=O)NCCC3=CCCCC3)c(C)o2)cc1,0
Cc1sc2ncn(CC(=O)NCc3ccccn3)c(=O)c2c1S(=O)(=O)N1CCOCC1,0
COCCn1nnnc1C(c1cc2cc(C)ccc2[nH]c1=O)N1CCCCCC1,0
COc1ccccc1N1CCN(C(=O)C2CCN(S(=O)(=O)N3CCOCC3)CC2)CC1,0
CCOCCn1c(SCc2ccc(F)cc2)nc2c1c(=O)[nH]c(=O)n2C,0
Cc1ccc(C(C)n2cc(C(=O)NCCN3CCN(C)CC3)nn2)cc1,0
CN(Cc1nnc(SCC(=O)NCCc2ccccc2)n1C)S(=O)(=O)c1ccccc1,0
CCCCCC(=O)Nc1ccc2oc(-c3cccnc3)nc2c1,0
CN1C(=O)C(=CNCCN2CCN(C(=O)c3ccccc3)CC2)C(=O)N(C)C1=O,0
CN(C(=O)c1ccccn1)c1nnc(-c2cccnc2)s1,0
CN(c1ccccc1)S(=O)(=O)c1ccc(C(=O)OCC(=O)N2CCOCC2)cc1,0
Cc1cccc2sc(NC(=O)CCNS(=O)(=O)c3cccc4nonc34)nc12,0
Cc1ccccc1-c1nnc(SCc2ccccc2)o1,0
CCOC(=O)c1cnc(Nc2nc3ccccc3o2)nc1CSc1ncccn1,0
CCn1cc(NC(=O)Nc2ccc(OC)c(OC)c2)c(C(N)=O)n1,0
c1ccc(-n2ncc3c(NCc4ccco4)ncnc32)cc1,0
COc1cc(OC)cc(C(=O)NC2CC3CCC(C2)N3Cc2ccco2)c1,0
CCn1c(=O)n(CC)c2cc(S(=O)(=O)N3CCOCC3)ccc21,0
Cc1ccsc1CNn1cnnc1SCc1ccccc1F,0
CC(=O)c1ccc(OCC(=O)NC2CCS(=O)(=O)C2)cc1,0
COc1cc(OC)cc(-c2nnc(SCC(=O)N(Cc3ccccc3)C(C)(C)C)o2)c1,0
CCn1c(SCC(=O)c2ccccc2)nnc1-c1cnccn1,0
COc1ccc(-c2c3c(=O)n(C)c(=O)n(C)c3cn2-c2cc(OC)ccc2OC)cc1,0
CCOC(=O)Nc1nnc(CCc2ccccc2)s1,0
CC1(C)CC(=O)C(=CNc2ccc3cn[nH]c3c2)C(=O)C1,0
CC(NS(=O)(=O)c1ccc(F)cc1)C(=O)NCc1ccncc1,0
O=C1CC(CCC(=O)NC2CC2)c2ccccc2N1,0
COc1ccc(-c2c(C)nn3c(N4CCN(Cc5ccccc5)CC4)cc(C)nc23)cc1OC,0
Cc1ccc(C)c(NC(=O)Cn2nnc(C(=O)Nc3c(C)cccc3C)c2N)c1,0
CCOc1ccccc1-c1nnc(SCC(=O)Nc2ccccc2)o1,0
Cc1cccn2c(=O)c3cc(C(=O)Nc4ccc(N(C)C)cc4)n(C)c3nc12,0
Cc1cc(C)nc(Nc2ccc(N3CCCC3)cc2)n1,0
C/C(=N\O)c1cc2ccccc2oc1=O,0
Cn1c(=O)[nH]c(=O)c2c1nc(N1CCCC1)n2CCCSc1nc2ccccc2o1,0
CCCS(=O)(=O)N1CCCC(C(=O)NCCCN2CCN(c3cccc(Cl)c3)CC2)C1,0
CCc1ccccc1NC(=O)C(Cc1cccc(OC)c1OC)c1nn[nH]n1,0
CCN(CC)C(=O)Nc1ccc2c(c1)nnn2C,0
CC1(C)CC(NC(=O)C23CCC(C)(/C(=N/O)C2)C3(C)C)CC(C)(C)N1,0
COC(=O)C1=C(C)NC(=O)CC1c1cccc(OC)c1OC,0
CCCCCC(=O)Nc1ccc(N2CCN(S(C)(=O)=O)CC2)cc1,0
Cc1nn(-c2ccccc2)c2sc(C(=O)N3CCOCC3)cc12,0
Cc1ccc(C)c(NC(=O)c2nnn(Cc3ccccc3C)c2N)c1,0
Cc1nc2cc(NC(=O)NCc3ccco3)ccc2o1,0
COC(=O)c1ccsc1NC(=O)CSc1nnnn1Cc1ccccc1,0
CCCSc1nc2c(c(=O)[nH]c(=O)n2C)n1Cc1ccc(C)cc1,0
COc1cc(S(=O)(=O)N2CCN(c3ccccc3)CC2)ccc1Cl,0
Cc1sc2nc(C3CC3)nc(NCCNS(C)(=O)=O)c2c1C,0
Cc1cc(C)nc(N(C#N)Cc2ccccc2)n1,0
Cc1cccc(C(=O)Nc2ncc(CN3CCOCC3)s2)c1,0
O=S(=O)(Nc1ccc2c(c1)oc1ccccc12)N1CCCC1,0
COC(=O)c1ccc(CN2C(=O)c3ccccc3S2(=O)=O)cc1,0
COc1cc(NC(=O)CSc2nccc(C)n2)c(C(=O)O)cc1OC,0
O=C(NCc1ccccc1)N1CCC(c2nc3ccccc3[nH]2)CC1,0
CCCCC(=O)Nc1ccc(NC(=O)C2CC2)cn1,0
Cc1cccc(N(CC(=O)NC2CCCC2)C(=O)CCCC(=O)Nc2ccccn2)c1,0
CCCCn1nnc(NC(=O)CC23CC4CC(CC(C4)C2)C3)n1,0
Cc1ccc(S(=O)(=O)NCCCNC(=O)N2CCOCC2)cc1,0
COc1cccc(-c2nn(C)c3sc(C(=O)NCc4ccc(C)o4)cc23)c1,0
C1CCc2nnc(-c3nnc4n3CCCCC4)n2CC1,0
Cn1c(O)c(C(=O)Nc2cnccn2)c(=O)c2ccccc21,0
CCc1ccc(CCC(=O)Nc2nccs2)o1,0
N#Cc1c(/N=C/N2CCOCC2)sc2c1CCCCC2,0
C=C(C)CSc1nnc(-c2ccccc2)n1N,0
Cc1ccc(C)c(CSc2nnc(-c3ccccn3)n2N)c1,0
CCCNS(=O)(=O)c1ccc(NC(=O)c2ccccn2)cc1,0
Cc1ccc(-c2nc3ncccn3c2Nc2ccc3c(c2)OCO3)o1,0
O=C(Nc1ccccc1N1CCCCC1)c1ccc2nccnc2c1,0
CC1CCN(c2nncc3ccccc23)CC1,0
Cc1ccccc1Nc1nc(N)nc(COC(=O)C(NC(=O)c2ccco2)C(C)C)n1,0
CCNC(=O)CN(C1CCCCC1)S(=O)(=O)c1ccc(F)cc1,0
CCOC(=O)c1c(C)c(C(=O)NC(C)COC)c(C)n1C,0
COc1cc(OC)cc(-c2nnc(SCC(=O)N3CCCC3)o2)c1,0
COc1cccc(OCCCCN2CCCCC2)c1,0
Cc1cc(C)n(-c2nnc(C)n2/N=C/c2ccco2)n1,0
O=S1(=O)N=C(Nc2nc3c(s2)CCCC3)c2ccccc21,0
O=C(Nc1ccc2nn(-c3ccccc3)nc2c1)c1cccs1,0
Cc1ccc(C)c(-n2c(CNC(=O)c3ccco3)nnc2SCC(=O)Nc2nnc(C)s2)c1,0
c1ccc2c(c1)CCCN2Cc1nnnn1CC1CCCO1,0
COc1ccc(CSc2nc(=O)cc(C)[nH]2)cc1,0
CC(c1ccco1)N(C(=O)COc1ccc(Cl)cc1)c1ccccn1,0
CC(OC(=O)c1cc(=O)[nH]c2ccccc12)c1ccccc1,0
COc1cc(C)c(Cl)cc1S(=O)(=O)N(C)C,0
CCCn1c(SCC(=O)Nc2ccccc2CC)nnc1C(C)C,0
O=C(OCC(=O)N1CCc2ccccc21)c1ccccc1,0
CCOC(=O)C1=C(C)NC(SCC(=O)Nc2cc(C)on2)=C(C#N)C1c1cccs1,0
CCCNC(=O)CS(=O)Cc1nc(-c2ccccc2C)oc1C,0
CCCCn1c(-c2ccsc2)nc2c1c(=O)[nH]c(=O)n2CCC,0
COCCCn1c(SCC(=O)NC(C)(C)C)nnc1-c1ccccc1,0
Cn1nnnc1SCC(=O)NC1CCCCC1,0
CSCCNC(=O)c1ccc(C(C)(C)C)cc1,0
Cc1ccc2[nH]c(=O)c(CN(CCO)Cc3nnnn3CCc3ccccc3)cc2c1,0
O=C(Nc1cccc(NC(=O)c2cccnc2)c1)c1cccnc1,0
CCOC(=O)CNC(=O)C1CCCN(c2ncccn2)C1,0
C=CCNC(=O)c1oc2ccc(S(=O)(=O)N(CC)CC)cc2c1C,0
O=C(NCc1ccccc1Cl)c1cnc2n(c1=O)CCS2,0
CCN(CC)C(=O)Oc1ccc2c(=O)c(-c3ccc(OC)cc3)coc2c1,0
c1ccc(CCNc2ncnc3c2nnn3Cc2ccccc2)cc1,0
Cc1cc(NC(=O)c2cc(-c3ccco3)on2)nn1Cc1ccc(Cl)cc1,0
CCN(CC)S(=O)(=O)c1cccc(-c2nnc(SCC(=O)NC)n2CCc2ccccc2)c1,0
Cc1nc2sc3c(c2c(=O)[nH]1)CCC3,0
Cc1csc(NC(=O)c2sc3nc(-c4cccs4)ccc3c2N)n1,0
COc1cccc(-c2nn(-c3ccccc3)cc2CO)c1,0
Cc1ccc2cc(CN(C(=O)c3cccnc3)C(C)C)c(=O)[nH]c2c1,0
Cc1cccc(OCC(O)CN2C(C)(C)CC(O)CC2(C)C)c1C,0
Cc1ccc(NC(=O)CSc2nnc(C3CCCCC3)n2N)cc1F,0
COc1ccc(N2CCN(CC(=O)Nc3ccc(-n4cnnn4)cc3)CC2)cc1,0
CCc1nc2oc3cc(OC)ccc3c(=O)c2c(=O)n1-c1ccccc1,0
CC(Sc1nnc2ccccn12)C(=O)Nc1ccc(Cl)cn1,0
COc1ccc(C)cc1NC(=O)c1cnc2n(c1=O)CCS2,0
CC(C)CNC(=O)CN(C1CCCCC1)S(C)(=O)=O,0
Cc1ccc(OCC(=O)Nc2ccc(O)c(C(=O)O)c2)cc1C,0
O=C(CSc1nnc(C2CCCCC2)o1)N1CCCCC1,0
c1ccc(CN2CCN(c3nc(-c4ccccc4)nc(-n4ccnc4)n3)CC2)cc1,0
O=C(NCc1ccco1)c1nc2ccccc2s1,0
COc1ccc(OC)c(C2=NOC(C(=O)NCc3ccccn3)C2)c1,0
O=c1cc(CSc2ccc(Cl)cc2)[nH]c(N2CCOCC2)n1,0
COCc1cc(C)nc2sc(C(=O)N3CCCC3)c(N)c12,0
O=C(CSc1nnc(-c2ccc(Cl)s2)o1)N1CCc2ccccc21,0
NC(=O)CS(=O)(=O)c1nc2ccccc2n1Cc1ccccc1F,0
Cc1ccc(-c2noc(C3CCN(C(=O)Nc4ccc(C#N)cc4)CC3)n2)o1,0
CCn1c(CNC(=O)c2ccc(OC)cc2)nnc1SC,0
COc1ccc(C)cc1S(=O)(=O)N1CCN(Cc2ccccc2)CC1,0
CCc1ccc2c(c1)N/C(=C1/C=C(N)C=C(C)C1=O)O2,0
COc1nc(Nc2ccc(C(C)=O)cc2)nc(OC)n1,0
c1ccc(OCc2nn3c(C4CCCCC4)nnc3s2)cc1,0
O=C(CCN1CCN(c2ccccn2)CC1)Nc1ccc(F)cc1,0
Cc1nc(N)sc1Cc1ccc2c(c1)OCO2,0
CN1CCN(Cc2ccc(-c3ccc(Cl)cc3)o2)CC1,0
COc1ccccc1NC(=O)CSc1nnc(-c2ccco2)o1,0
CN(Cc1ccccc1)S(=O)(=O)c1ccc2c(c1)n(C)c(=O)n2C,0
Cc1ccc(-n2ncc3c(N4CCC(C(N)=O)CC4)ncnc32)c(C)c1,0
CCOc1ccc(N2CCCn3c2nc2c3c(=O)n(CCc3ccccc3)c(=O)n2C)cc1,0
Cc1cc(C)nc(SCNC(=O)c2ccccc2)n1,0
Cn1c(Cn2c(=O)sc3ccccc32)nnc1SCC(=O)NCc1ccccc1,0
CC(=O)Nc1ccc(S(=O)(=O)Nc2ncccn2)cc1,0
CCSc1nc2n(-c3ccc(C)c(C)c3)[nH]cc-2c(=O)n1,0
COC(=O)Cc1c(C)nc2nc[nH]n2c1=O,0
COc1ccc(NC(=O)c2cnc(C)cn2)c2ncccc12,0
CCc1ccccc1NC(=O)c1cnccn1,0
CCc1nc(SCC(=O)Nc2ccccc2C(=O)OC)n[nH]1,0
NS(=O)(=O)c1ccc(NC(=O)CSC2=NC(=O)C(c3ccccc3)C(=O)N2)cc1,0
OCCN1CCN(CCCN2c3ccccc3Sc3ccc(Cl)cc32)CC1,0
CC(C)(C)c1ccc(C(=O)N2CCC(C(=O)NCC3CCCO3)CC2)cc1,0
O=S1(=O)CCN2C(=N1)SC1=C2CCN(Cc2ccccc2)C1,0
CCCCn1c(NC(=O)c2ccc(F)cc2)c(C#N)c2nc3ccccc3nc21,0
CCC(C)c1c(O)nc(SCC(=O)N2CCOCC2)[nH]c1=O,0
O=C1c2ccccc2C(O)N1Cc1ccccc1Cl,0
CNC(=O)CSc1nnc(-c2ccc(S(=O)(=O)N3CCCC3)cc2)n1-c1cccc(C)c1C,0
COc1ccc(CNC(=O)CSc2ncn[nH]2)cc1,0
CC(=O)N1CN(CCCn2ccnc2)Cc2c1sc1c2CCCC1,0
Cc1coc2c(O)cc3c(c12)OC1(N2CCCCC2)C(=O)NCCCC31,0
Cc1cccc(C(=O)NCc2nnc(SCC(=O)N3CCN(c4ccccc4)CC3)n2C)c1,0
CC1(C(=O)O)CCC(C(=O)Nc2ccccc2)C1(C)C,0
Cc1ccnn2c(-c3ccccc3)c3c(=O)n(C)c(=O)n(C)c3c12,0
CC(C)(C)NC(=O)C(c1ccco1)N(C(=O)c1csnn1)c1ccccc1,0
CCCCCCC(=O)Nc1c(O)[nH]c2ccccc2c1=O,0
Cc1cc(C)n(C(=O)CNC(=O)c2cccs2)n1,0
COc1ccc(NC(=O)C2CCCN2C(=O)NC2CCCCC2)cc1OC,0
CN(C(=O)CSc1nc(N)nn1-c1ccccc1)c1ccccc1,0
Cc1nn2c(=O)cc(CSc3nc4ccccc4[nH]3)nc2s1,0
COC(=O)COc1ccc(S(=O)(=O)N2CCOCC2)cc1,0
Cc1cc(NC(=O)c2noc3c2CCc2ccccc2-3)n(-c2ccccc2)n1,0
COC(=O)c1ccc(C2c3c(n[nH]c3C)C(=O)N2c2ccc(C)cc2)cc1,0
Cc1cc(C)n(-c2nc3ccccc3c(=O)n2OCC(=O)N(C)C)n1,0
O=C(c1ccco1)n1c(=S)nc2ccccn21,0
CCCn1c(SCC(=O)NC(=O)Nc2ccc(C)cc2C)n[nH]c1=O,0
O=C(NCCc1ccc(Cl)cc1)C1CCN(S(=O)(=O)N2CCCCC2)CC1,0
COc1ccccc1C(=O)Nc1ccccc1SC,0
CCN1CCN(c2oc(COc3ccc(-c4ccccc4)cc3)nc2C#N)CC1,0
CC(=O)C1=C(C)OC(N)=C(C(=O)OC(C)C)C12C(=O)Nc1ccccc12,0
O=C(NCCc1ccccc1)c1cccnc1N1CCCCCC1,0
O=C(CSc1nnnn1-c1ccccc1)NC(=O)Nc1ccc2c(c1)OCCO2,0
CC(=O)Nc1ccc(S(=O)(=O)Nc2nc3c(s2)CCCC3)cc1,0
CCn1c(=O)cc(OCC(=O)Nc2cccnc2)c2ccccc21,0
CCN(CC)C(=O)CSc1nc(=O)cc(O)n1-c1ccccc1OC,0
O=C1OCc2ccc(NC(=O)C3CCCCC3)cc21,0
Cc1ccc(CNC(=O)c2sccc2-n2cccc2)cc1,0
Cc1cc(Cl)ccc1OCC(=O)NCCCN1CCOCC1,0
CCCCn1cnc2sc3c(c2c1=N)CCCC3,0
CCOC(=O)c1ccc(N2CN=C3SCC(=O)N3C2)cc1,0
CCS(=O)(=O)N1CCN(S(=O)(=O)c2ccc(F)cc2)CC1,0
CCOc1cccc(C(=O)NC2CCCCC2)c1,0
COc1cc(NC(=O)Cc2nn(C)c(=O)c3ccccc23)cc(OC)c1,0
O=C(Cn1cc(C(=O)c2cccs2)c2ccccc21)NCC1CCCO1,0
O=C(O)CSc1ccccn1,0
Cc1cc(C(=O)CSc2nc3ccc(Cl)cc3[nH]2)c(C)n1C,0
COc1ccccc1-c1cc(N)n(S(=O)(=O)c2ccc(F)c(C)c2)n1,0
O=C(NCCCn1ccnc1)c1ccncc1,0
CCn1c(SCC(=O)Nc2nc(C)cs2)nnc1-c1ccco1,0
C/C(Cl)=C\CSc1nnc2n(N)c(=O)c3ccccc3n12,0
CCOC(=O)c1sc(NC(=O)CSc2nnc(C(C)C)n2CC)nc1C,0
Cc1cc(N2CCCCC2)n2ncc(-c3ccccc3)c2n1,0
Cc1cc(Nc2c(C)cccc2C)n2nc(C)nc2n1,0
O=C(Nc1cccc2ncccc12)c1cccnc1,0
CC1CCc2nn(CC(=O)NCCCN3CCOCC3)cc2C1,0
O=C(O)c1cccc(COc2ccc(CO)cc2Cl)c1,0
CC1=C(C(=O)OCC2CCCO2)C(c2cccc(O)c2)NC(=O)N1,0
O=C(Nc1cnccn1)c1cccnc1,0
Cc1cc(N)c(NC2=CC(=O)CC(C)(C)C2)cc1C,0
Cc1ccc2cc3c(NC(=O)c4cccnc4)nn(C)c3nc2c1,0
O=C(CN(C(=O)C1CSC(=O)C1)c1ccccc1F)NCc1ccc2c(c1)OCO2,0
CCOC(=O)N1CCN(S(=O)(=O)c2cccs2)CC1,0
Cc1cccc(-n2ncc3c(NCCCO)ncnc32)c1,0
CCOc1ccc(NC(=O)CSc2nnc(-c3ccccn3)n2N)cc1,0
COc1cccc(Nc2cc(C)nc3nc(C)nn23)c1,0
Cc1cc(C)nc(NC(=O)CN2C(=O)c3ccccc3C2=O)n1,0
CCn1c(COc2ccccc2C(N)=O)nc2ccccc21,0
C=CCSc1nc(N)c(C#N)c(-c2ccc(C)cc2)c1C#N,0
CCC(Sc1nc2cc3c(cc2c(=O)n1Cc1ccco1)OCO3)C(=O)Nc1ccccc1OC,0
Cc1ccc(-c2cc(C(=O)NCc3cccnc3)no2)cc1,0
CCN(CC)CCNc1nc2c(c(=O)[nH]c(=O)n2C)n1CCOc1ccccc1,0
O=C(c1cc(-c2cccc(O)c2)on1)N1CCc2ccccc2C1,0
CNC(=O)c1ccc2nc(NC(C)=O)sc2c1,0
Cc1ccc(-c2nc3nc4ccccc4nc3n2Cc2ccco2)cc1,0
Cc1ccccc1-c1n[nH]c(=S)o1,0
CC(C)CC(=O)Nc1ccc2oc(-c3ccncc3)nc2c1,0
Cc1ccc(N(CC(=O)Nc2ccc(F)cc2)S(=O)(=O)N2CCCC2)cc1,0
Cc1cc(-c2nnc3sc(C4CCCCC4)nn23)n[nH]1,0
CCN(CC)C(=O)C1CCCN(Cc2ccccc2F)C1,0
O=C(COC(=O)c1cccnc1)c1ccc(Cl)cc1,0
OCCN1CCN(C(=S)c2ccc(Cl)cc2)CC1,0
O=C(O)C1CSC(c2ccccc2)N1C(=O)c1ccco1,0
Cc1cc(-n2nc(C)cc2C)n2ncc(-c3ccccc3)c2n1,0
COc1ccc(CCCc2nnc(SCC(=O)Nc3ncc(C)s3)o2)cc1,0
COC(=O)c1c(NC(=O)CN2CCC(C)CC2)c2c(C)cccc2n1C,0
COc1ccc(-c2nc(C#N)c(NC(C)c3ccccc3)o2)cc1OC,0
Cc1cccc(-c2nc3ccccc3c(=O)n2-n2cccc2)c1,0
CCOC(=O)C1CCN(c2nc3ccccc3nc2C(C#N)C(=O)OCCOC)CC1,0
CCCCNC(=O)CC1C(=O)N(Cc2ccccc2)C(C)c2nc3ccccc3n21,0
O=C(CSc1ncccc1-c1nc2ccccc2[nH]1)NC1CC1,0
COc1ccc(OC)c(S(=O)(=O)N2CCC(C(=O)NCc3ccccc3OC)CC2)c1,0
Cc1cc(C)n(-c2ncnc3sc4c(c23)CC(C)CC4)n1,0
COCCNC(=O)C1c2ccccc2C(=O)N(CCOC)C1c1ccc(F)cc1,0
CNC(=O)CSc1nnc(-c2cc3c(C)nn(-c4ccccc4)c3s2)n1C,0
Cc1cc(C)c2nc(N3CCCC3)c(C#N)cc2c1,0
CCOC(=O)c1cnc2ccc(C(=O)OC)cc2c1NCCN1CCOCC1,0
CSc1nc2ccccc2n1CC(=O)Nc1ccccc1,0
CCOc1ccccc1NC(=O)CSc1nnc(CNC(=O)COc2ccc(Cl)cc2)o1,0
COc1cc(OC)nc(Nc2nc(C)c(C(C)=O)s2)n1,0
COc1ccc(-c2cc(C(F)(F)F)nc(SCCC(=O)Nc3cc(C)on3)n2)cc1,0
Cc1ccc(-c2ccc(=O)n(CC(=O)N3CCN(c4cccc(C)c4)C(C)C3)n2)cc1,0
COc1ccccc1NC(=O)CSc1nccc(=O)[nH]1,0
CC1Cc2ccccc2N1C(=O)CSc1nc2cc3c(cc2cc1C#N)OCO3,0
O=c1c2[nH]c3ccccc3c2ncn1CCN1CCCCC1,0
O=C(NC1CCCCC1)N(Cc1nc(=O)c2ccccc2[nH]1)C1CCCC1,0
COc1ccccc1N1C(=O)NC(=O)/C(=C/Nc2c(C)n(C)n(-c3ccccc3)c2=O)C1=O,0
CCc1ccc2oc(-c3cccc(NC(=O)c4cccnc4)c3)nc2c1,0
O=C1CCCC2=C1C(c1cccnc1)Nc1ccccc1N2,0
CCCC1=C(C(=O)OCC)C(c2ccccc2OCC)NC(=O)N1,0
O=C(CSc1ccc(-c2ccccc2)nn1)N1CCOCC1,0
COc1ccc(S(=O)(=O)N(Cc2cc3ccc(OC)cc3[nH]c2=O)CC2COCCO2)cc1,0
CCOC(=O)C1CCN(c2cc(C)nc3cc(-c4cccc(F)c4)nn23)CC1,0
Cc1ccc2nsnc2c1S(=O)(=O)N1CCN(Cc2ccc3c(c2)OCO3)CC1,0
Cc1ccc(C)c(-n2c(SCC(=O)Nc3nnc(C)s3)nnc2-c2ccoc2C)c1,0
Cc1nn(Cc2ccccc2Cl)c(C)c1C(=O)NCc1ccco1,0
CC(C)Cc1cc(C(=O)N2CCN(c3ccc(F)cc3)CC2)no1,0
Cc1ccc(OCC(=O)Nc2ccc(-c3nc4ncccc4o3)cc2)c(C)c1,0
O=c1c2[nH]c3ccc(F)cc3c2ncn1CCN1CCN(Cc2ccccc2)CC1,0
Cc1ncoc1C(=O)Nc1cccc(Cl)c1C,0
Cc1c(NC(=O)CCC2CCCCC2)c(=O)n(-c2ccccc2)n1C,0
O=C(O)C1CCCCC1C(=O)Nc1ccccc1F,0
COCc1nnc(NC(=O)CCCOc2ccccc2)s1,0
Cc1cccn2c(=O)c3cc(C(=O)NC(C)C)c(=N)n(Cc4ccncc4)c3nc12,0
CC1(C)Cc2c(c(N3CCOCC3)nc3sc4c(=O)nc[nH]c4c23)CS1,0
Cc1cc2ncn(C3CC(=O)N(Cc4ccccc4)C3=O)c2cc1C,0
Cc1cc(NC(=O)CSc2nc(C3CCCCC3)nc3ccccc23)no1,0
CC1CC(C(O)c2ccccn2)C(=O)C(C(O)c2ccccn2)C1,0
CC(C)C(=O)Nc1cccc(-c2cn3ccsc3n2)c1,0
S=C(NCC1CCCO1)n1nnc2ccccc21,0
Cc1cc(NS(=O)(=O)c2ccc(NC(=O)Nc3cccc(Cl)c3)cc2)no1,0
COc1ccc(OC)c(C(=O)CSc2nc3ncccc3[nH]2)c1,0
C=CCOC(=O)C1=C(C)Nc2sc(C#N)c(N)c2C1c1ccco1,0
Cc1ccc(OCC(=O)NCCN2CCN(C(=O)COc3ccc(C)cc3)CC2)cc1,0
CCC(=O)Nc1nc2ccccc2n1CCN(C)C,0
CC(C)C(=O)Nc1nnc(SCC(=O)NC2CC2)s1,0
C=CCn1c(C)nc2c(c1=O)c1nc3ccccc3nc1n2-c1ccc(C)cc1,0
CCC(=O)N1C(=O)CCN(C(C)=O)c2ccccc21,0
CC(NC(=O)CSc1nnc(Cc2ccccc2)o1)c1ccccc1,0
Nc1c(C(=O)NCc2ccco2)nnn1Cc1ccccc1,0
CC(C)Cn1c2nc3ccccc3nc2c2c(=O)n(CCN3CCOCC3)cnc21,0
Nc1nc(NCc2cccs2)nn1-c1ccccc1,0
FC(F)Sc1ccc(Nc2ncnc3nc[nH]c23)cc1,1
Cc1nnc(C)n1N1C(=O)c2cccc3cccc(c23)C1=O,0
O=C(CCCCn1c(=O)[nH]c2ccsc2c1=O)NCC1CCCO1,0
Cc1ccccc1Cn1nc(C)c(NC(=O)c2noc3c2CC(C(C)(C)C)CC3)c1C,0
O=C1c2ccccc2C(=O)N1CSc1nnnn1-c1ccccc1,0
CCC(CC)C(=O)Nc1c2c(nn1-c1ccc(OC)cc1)CS(=O)(=O)C2,0
Cc1cc(NS(=O)(=O)c2ccccc2)cc(Cl)c1O,0
c1ccc(CSc2nnc(SCc3ccccn3)s2)nc1,0
Cc1cc(C)n(C(=O)CNC(=O)COc2ccccc2)n1,0
CCCCSc1nnc(CCC)n1N,0
CC(C)OC(=O)CSc1nnc(-c2cnccn2)n1C,0
CC(=O)c1ccc(N2CCN(C(=O)c3cc(-c4ccc5c(c4)OCO5)nc4ccccc34)CC2)cc1,0
CCOc1ccc(N2C(=O)CC(NCCc3ccc(S(N)(=O)=O)cc3)C2=O)cc1,0
O=C(CSc1ncn[nH]1)Nc1nc(-c2ccccc2)ns1,0
O=C(CSc1nnc(CN2CCCCCC2=O)n1-c1ccccn1)NCC(F)(F)F,0
O=C(c1n[nH]c(=O)c2ccccc12)N1CCN(c2ccccc2)CC1,0
COCCCN1Cc2cccc(C(=O)O)c2C1=O,0
COc1ccc(C(c2c(O)ccc3ccccc23)N2CCOCC2)c(OC)c1,0
O=C(Nc1ccc(Cl)cn1)Nc1cccs1,0
CCOC(=O)N1CCN(CC(=O)Nc2cc(C)nn2-c2nc3ccccc3s2)CC1,0
CCOC(=O)N1CCC(NC(=O)c2ccc3c(c2)N(CC)CCS3)CC1,0
CC(C)C(NC(=O)OCc1ccccc1)C(=O)OCC(=O)N1CCCCC1,0
Cc1ccnc(NC(=O)C23CC4CC(CC(C4)C2)C3)c1,0
COC(=O)CC1NCCNC1=O,0
N#Cc1nc(COc2ccccc2F)oc1NCc1ccc(F)cc1,0
O=C(Nn1cnc2ccccc2c1=O)c1ccc(F)cc1Cl,0
O=S(=O)(c1ccc(NC2CCCCC2)cc1)N1CCOCC1,0
Cn1nc(C(=O)NC2CCCCC2)c2ccccc2c1=O,0
CCOC(=O)c1cnc(NCc2ccccc2)nc1C,0
CC(C)C1N(c2ccccc2)C(N)=C(C#N)C1(C#N)C#N,0
CCCc1nnc(NC(=O)c2cccc(OC)c2)s1,0
OC(COc1ccc2ccccc2c1Cl)CN1CCOCC1,0
Cc1ccc(-c2nn3c(C)nnc3s2)cc1NC(=O)C(C)C,0
Cn1c(=O)[nH]c(=O)c2c1nc(N1CCCCCC1)n2CCCSc1nc2ccccc2o1,0
CCOC(=O)CSc1nnc(CNC(=O)c2cccs2)n1-c1cccc(C)c1,0
CCC(NCCC1=CCCCC1)=C1C(=O)NC(=O)NC1=O,0
CC(C)CCn1c(N2CCOCC2)nc2c1c(=O)n(CC(N)=O)c(=O)n2C,0
COc1cc2cc(CN(CCCO)S(=O)(=O)c3ccccc3)c(=O)[nH]c2cc1OC,0
COC(=O)C1=C(C)NC2=C(C(=O)CC(C)(C)C2)C1c1cccc(C)n1,0
COc1ccc(C(=O)N2CCN(C(=O)c3cc(OC)c(OC)c(OC)c3)CC2)cc1,0
COc1cccc(C(=O)Nc2nc(-c3ccc(S(=O)(=O)N4CCOCC4)cc3)cs2)c1,0
Cc1ccc(-n2nc3c(c2NC(=O)c2c(-c4ccccc4Cl)noc2C)CS(=O)(=O)C3)c(C)c1,0
CC(=O)Oc1cc2c(C(=O)NCCN3CCOCC3)c(C)oc2c2ccccc12,0
CC1CCN(C(c2ccc(N(C)C)cc2)c2nnnn2C(C)(C)C)CC1,0
Cc1cc(C)c(C#N)c(SCC(=O)NC2CC2)n1,0
Cc1n[nH]c(SCc2cnc(-c3ccccc3)o2)nc1=O,0
Cn1nnc2cc(C(=O)NCc3ccco3)ccc21,0
O=C(Nc1ccc(NC(=O)c2ccco2)cc1)c1cnccn1,0
Cc1cc(C(=O)CSc2n[nH]c(N)n2)c(C)n1-c1cc(F)ccc1F,0
CCOC(=O)N1CCC(Nc2c(NCCCN(C)Cc3ccccc3)c(=O)c2=O)CC1,0
N#CC(C(=O)NCc1ccccc1)c1nc2ccccc2nc1N1CCCC1,0
CN(C)c1nc(Oc2ccc(N)cc2)nc(N(C)C)n1,0
C=C(C)CSC1=C(C#N)C(c2ccccc2)CC(=O)N1,0
COc1ccc(C(=O)/C=C/Nc2c(C)n(C)n(-c3ccccc3)c2=O)cc1OC,0
CCOC(=O)C1CCN(S(=O)(=O)c2ccc(-n3cnnn3)c(C)c2)CC1,0
O=C1Nc2ccccc2C(O)(C(=O)NCc2ccco2)N1c1ccccc1,0
O=C(CCC1COc2ccccc2O1)Nc1ccc(Cl)cn1,0
Cc1nc2sc(C(c3ccccc3)N3CCOCC3)c(O)n2n1,0
Cn1c(C(=O)N2CCC3(CC2)OCCO3)cc2c(=O)n(C)c3ccccc3c21,0
Cc1cc(C)n2nc(SCC(=O)c3ccc[nH]3)nc2n1,0
O=C(Nc1cccnc1)c1ccc2c(c1)C(=O)N(Cc1cccnc1)C2=O,0
CCOC(=O)COc1ccc(-c2nnc(-c3ccccc3)o2)cc1,0
CN1CCN(c2ncnc3c2[nH]c2ccc(F)cc23)CC1,0
CCc1ccc(N(CC)c2ncnc3nc[nH]c23)cc1,0
CCOc1ccc(-n2c(Cc3cc(=O)[nH]c(=O)[nH]3)nnc2SC(C)C)cc1,0
O=S(=O)(Cc1ccccc1)N1CCC(N2CCN(c3ccccc3)CC2)CC1,0
Cc1[nH]c(Nc2ccccc2)nc(=O)c1CCC(C)C,0
Cc1ccc(C(=O)CSc2ncn[nH]2)cc1,0
CCOC(=O)N1CCN(C(=O)Nc2ccccc2Cl)CC1,0
CC(C)C(=O)Nc1cccc(C(=O)Nc2ccc3c(c2)OCO3)c1,0
CC1CCN(CC(O)COc2cccc(F)c2)CC1,0
CC(=O)C1=C(O)C(=O)N(Cc2ccccc2)C1c1cccs1,0
Cc1ccc(S(=O)(=O)NC(=O)Nc2cc(C)ccc2F)cc1,0
CCC1CCCCN1C(=O)CSc1nnc(-c2cccc(Cl)c2)o1,0
O=C(CSCc1nc2ccccc2[nH]1)N1CCN(c2cccc(Cl)c2)CC1,0
O=C(NCCCn1ccnc1)c1ccco1,0
CCN(CC)C(=O)c1ccc(CS(=O)(=O)c2ccc(OC)cc2)o1,0
O=C(Cc1ccccc1)Nc1ccc(CN2CCOCC2)cc1,0
Cn1c(SCC(N)=O)nnc1C1CCN(C(=O)NC2CCCCC2)CC1,0
O=C(CN1C(=O)C2CC=CCC2C1=O)NC1=NCCS1,0
COc1cccc(-n2ccnc2SCC(=O)Nc2ccccc2)c1,0
COc1ccc(NC(=O)NCc2cccnc2)cc1OC,0
O=C(CCc1ccccc1)Nc1ccc(NC(=O)C2CC2)nc1,0
c1ccc(-n2nnnc2SCc2cccc3nsnc23)cc1,0
COc1cc(C2c3c(n[nH]c3C)C(=O)N2c2ccc(C)cc2)ccc1O,0
CCN1C(=O)c2cccc3c(S(=O)(=O)Nc4nc(C)cs4)ccc1c23,0
Cc1oc(-c2ccccc2F)nc1CS(=O)(=O)CC(=O)N1CCc2ccccc2C1,0
O=C(CCc1n[nH]c(=O)[nH]c1=O)N1CCOCC1,0
CCC(C)(C)NC(=O)C(c1ccc(C)o1)N(Cc1cccs1)C(=O)Cn1nnc2ccccc21,0
Cc1nc(SCC(=O)NCc2ccco2)c2oc3ccccc3c2n1,0
CCn1c(SCc2cccc(OC)c2)nnc1-c1ccco1,0
O=C(NCCc1c[nH]c2ccccc12)c1c(Cl)nc2sccn12,0
COc1ccccc1NC(=O)Nc1ncccc1C,0
CCCCc1nnc(NC(=O)CSc2nc(=O)cc(N)n2-c2ccccc2)s1,0
O=C(NC1CCCC1)C1CCCN1C(=O)Nc1ccccc1,0
O=C(NCC1CCCO1)c1ccc2nc(N3CCCCC3)sc2c1,0
Cc1cc(C)c(C#N)c(SCC(=O)N2CCCCC2)n1,0
CCCOC(=O)NC(CC)COC(=O)Nc1cccc(C)c1C,0
O=C1NC2=C(C(=O)c3ccccc32)C(c2ccccc2)N1,0
COc1ccc(C(=O)N2CCN(c3nc4ccccc4o3)CC2)cc1OC,0
C=CCn1cnc2c(c1=O)c1nc3ccccc3nc1n2-c1ccc(Cl)cc1,0
Cc1cc(Nc2cccc(F)c2)n2ncnc2n1,0
CC1(C)Nc2ccccc2N(CC(=O)N2CCCCC2)C1=O,0
CCOc1ccc(NC(=O)Cn2nnc(C(=O)NCc3ccccc3OC)c2N)cc1,0
O=C(CN(CCc1ccccc1)C(=O)CNS(=O)(=O)c1ccccc1)NCc1ccco1,0
CCc1n[nH]c2c1C(=O)CC(C)(C)C2,0
Cc1cc(=O)nc(SCC2(O)C3CC4CC(C3)CC2C4)[nH]1,0
COc1ccc(-c2csc(Cc3nnc4n3CCCCC4)n2)cc1,0
N#Cc1nc(Cc2ccccc2)oc1N1CCC(Cc2ccccc2)CC1,0
Cc1nnc(N(Cc2ccco2)C(=O)c2ccno2)s1,0
COc1ccccc1OCC(=O)Nc1ccc(S(=O)(=O)N2CCCCCC2)cc1,0
CC(=O)c1cccc(NC2=NC(=O)C(CO)(CO)S2)c1,0
CC(NC(=O)COc1ccccc1)C(=O)NC1=NCCS1,0
CC(C)COC(=O)c1nnsc1NC(=O)Nc1ccccc1,0
Cc1nc2c(c(=O)n1CC1CCCO1)c1nc3ccccc3nc1n2CC(C)C,0
COC(=O)c1ccccc1NC(=O)Cn1cnc2c1c(=O)n(C)c(=O)n2C,0
COc1ccc(-c2nc3nc(C)c(Cc4ccccc4)c(=O)n3[nH]2)cc1,0
CC(C)OC(=O)CSc1nnc(-c2ccccn2)n1C,0
CC1Cc2nc(SCC(=O)NCc3ccco3)n(-c3ccccc3)c(=O)c2S1,0
CCCc1[nH]nc2c1C(c1ccc(O)cc1OCC)C(C#N)=C(N)O2,0
O=C(CN1CCN(CC(=O)Nc2ccc3c(c2)OCO3)CC1)Nc1ccc(F)cc1,0
O=C(Nc1ccc2c(c1)CCC2)C1CCN(c2c3c(nc4ncnn24)CCC3)CC1,0
Cc1ccc(-c2nnc(N3CCN(C(=O)CSc4ncn[nH]4)CC3)c3ccccc23)cc1,0
CCC(=O)Nc1cccc(NC(=O)c2ccc3c(c2)OCCO3)c1,0
O=C(CNC(=O)c1ccccc1)NCCc1nc2ccccc2[nH]1,0
CCOC(=O)C(Cc1c[nH]c2ccccc12)NC(=O)CNC(C)=O,0
COc1ccccc1OCCOc1ccccc1/C=N/n1cnnc1,0
CCc1ccccc1N(C(=O)c1cccs1)C1C=CS(=O)(=O)C1,0
CCCOc1nc(N)c(C#N)c(-c2ccccc2F)c1C#N,0
Cc1ccc(-n2c(=O)[nH]cc(C(=O)Nc3ccc4c(c3)OCO4)c2=O)cc1C,0
O=c1nc(N2CCc3ccccc32)[nH]c2c1CCCC2,0
Cc1ccc(-n2c(SCC(=O)OC(C)C)nnc2-c2ccncc2)cc1,0
COc1ccc(CNC(=O)CSc2nnc(-c3ccc(NC(C)=O)cc3)n2C)cc1,0
COc1ccc2nc(SCC(=O)Nc3ccccc3C#N)[nH]c2c1,0
COc1ccccc1NC(=O)N1CCn2c(nc3ccccc32)C1,0
O=C(c1cccc(F)c1)N1CCN=C1SCc1cccnc1,0
CCCCC(CC)CNC(=O)c1ccc2c(c1)OCO2,0
CCOC(=O)c1cc(-c2cccs2)nn1CCC#N,0
CCOC(=O)C1=C(C)NC(C)=C(C(=O)OCC)C1c1nc2ccccc2[nH]1,0
CCN(CC)c1nc2ccccc2nc1C(C#N)C(=O)NCCc1ccccc1,0
COc1ccc(NC(=O)CCCn2c(=O)[nH]c3ccccc3c2=O)cc1,0
COc1ccccc1C1CC(c2ccc(F)cc2)N=C2N=CNN21,0
