smiles,activity
COc1ccccc1C1=C(C(=O)O)C(c2ccc3c(c2)OCO3)Oc2ccccc21,0
COc1ccccc1Cn1c(=O)c(C(=O)O)c(-c2cc(OC)c(OC)c(OC)c2)c2oc3ccccc3c21,1
CCCCN(CCCC)C(=O)CN1C[C@H](c2cc(OC)c3c(c2)OCO3)[C@@H](C(=O)O)[C@@H]1CC(C)(C)CCC,0
CCc1ccccc1N(CC(=O)N(Cc1cccc(C)c1)[C@@H](CC)C(=O)NC1CCCCC1)S(C)(=O)=O,0
COc1ccc(OC)c(C2=NN(C(C(=O)NS(=O)(=O)c3ccc(C(C)C)cc3)c3ccc4c(c3)OCO4)C(=O)CC2)c1,0
C=CCOc1ccccc1C,0
CCCS(=O)(=O)NCCOc1nc(C2CC2)nc(NS(=O)(=O)c2ccc(C(C)C)cn2)c1Oc1ccccc1OC,1
COc1cccc(-c2cn[nH]c2C2CCN(C(=O)[C@H]3CCCO3)CC2)c1,0
O=C(O)COc1ccccc1Cn1nc(-c2ccccc2)c(Cc2cc3c(cc2Cl)OCO3)c1C(=O)O,1
CC[C@H](C)[C@H](NC(=O)[C@H](Cc1ccc(O)cc1)NC(=O)[C@@H](NC(=O)[C@H](CCCNC(=N)N)NC(=O)[C@@H](N)CC(=O)O)C(C)C)C(=O)N[C@@H](Cc1cnc[nH]1)C(=O)N1CCC[C@H]1C(=O)O,0
O=C(O)c1c(Cc2cc3c(cc2Cl)OCO3)c(-c2ccccn2)nn1CC1CCCCC1,1
CCCCS(=O)(=O)N(CCC)CCN1C[C@H](c2ccc3c(c2)OCO3)[C@@H](C(=O)O)[C@@H]1c1ccc(OC)cc1,1
COc1ccc(C(=O)/C(Cc2cccc(OC)c2)=C(\C(=O)O)c2ccc3c(c2)OCO3)cc1,1
CCS(=O)(=O)NCCCOc1nc(-c2ncccn2)nc(NS(=O)(=O)c2ccc(C(C)(C)C)cc2)c1Oc1ccccc1OC,1
COCCOc1ccc([C@H]2[C@H](C(=O)O)[C@@H](c3ccc4c(c3)OCO4)CN2CC(=O)NC(c2ccccc2)C(C)(C)C)cc1,1
CCCCN(CCCC)C(=O)CN1C[C@H](c2ccc3c(c2)OCO3)[C@@H](C(=O)O)[C@@H]1CCCC1OCCO1,0
COCCSc1ccc([N+](=O)[O-])cc1C(=O)OCc1cc(-c2ccccc2)on1,0
COc1ccccc1Oc1c(NS(=O)(=O)c2ccc(C(C)(C)C)cc2)nc(N2CCOCC2)nc1OCCC(=O)Nc1ccccc1C(C)C,1
COc1ccc(CNC(=O)[C@H]2CCCN(S(=O)(=O)c3ccc(OC)c(C)c3)C2)cc1,0
CCCN(CCN1C[C@H](c2ccc3c(c2)OCO3)[C@@H](C(=O)O)[C@@H]1c1ccc(OC)cc1)S(=O)(=O)CCCCl,1
CCCCc1cccc([C@]2([C@H](Oc3nc(C)cc(C)n3)C(=O)O)NCC(=O)N(Cc3c(F)cc(F)cc3F)c3ccccc32)c1,1
C/C=C\CC[C@H]1[C@H](C(=O)O)[C@@H](c2ccc3c(c2)OCO3)CN1CC(=O)N(CCCC)CCCC,0
CCCN(C)C(=O)CN1C[C@H](c2ccccc2)[C@@H](C(=O)O)[C@@H]1c1ccc(OC)cc1,0
CC(=O)N1CCN(CC(=O)N2CCO[C@@]3(COCCN(C(=O)c4ncccn4)C3)C2)CC1,0
CC[C@H](C)[C@H](NC(=O)[C@H](CC(=O)O)NC(=O)[C@H](CC(C)C)NC(=O)[C@H](Cc1c[nH]cn1)NC(C)=O)C(=O)N[C@H](C(=O)N[C@@H](Cc1c[nH]c2ccccc12)C(=O)O)[C@@H](C)CC,0
CC[C@H](C)[C@H](NC(=O)[C@H](CC(=O)O)NC(=O)[C@H](CC(C)C)NC(=O)[C@@H](NC(C)=O)C(c1ccccc1)c1ccccc1)C(=O)N[C@@H](CCC(=O)O)C(=O)N[C@@H](Cc1c[nH]c2ccccc12)C(=O)O,0
Cc1ccc(/C=C2/SC(=S)N(NC(=O)c3ccccc3O)C2=O)cc1,0
CCCCOC(=O)C1=C(C)Nc2ncnn2[C@@H]1c1ccc(Cl)cc1,0
CCc1ccc(-c2ccsc2S(=O)(=O)Nc2onc(C)c2Br)cc1,0
O=C(OCc1ccc([N+](=O)[O-])c(F)c1)C1(c2cncc(Br)c2)CC1,0
Cc1c(C(=O)Nc2cc3c(cc2Cl)CCC3=O)oc2c(C)cccc12,0
CCOc1ccc2c(c1)c(-c1ccc(OC)cc1)c(C(=O)O)c(=O)n2Cc1cc(OC)ccc1OC,1
CCCCC(NC(=O)[C@@H](Cc1c(Br)[nH]c2ccccc12)NC(=O)C(CC(C)C)NC(=O)N1CCCCCC1)C(=O)O,1
CCc1nc2ccc(Cl)cn2c1C(=O)N1CCCC12CN(C(=O)c1cc(F)cc([N+](=O)[O-])c1)C2,0
CNS(=O)(=O)Nc1ncnc(OCCOc2ncc(SC)cn2)c1-c1ccc(Cl)cc1,1
CCCCCC1=C(C(=O)O)C(c2ccc3c(c2)OCO3)Oc2ccc(OC(C)C)cc21,1
COc1ccccc1Oc1c(NS(=O)(=O)c2ccc(C)cn2)nc(N2CCOCC2)nc1OCC#CCOC(=O)Nc1ccccn1,1
C=C[C@H](O)C(=O)N1CCN([C@@H]2CCCN(c3cc(C)nn3C)C2=O)CC1,0
COc1ccc(S(=O)(=O)NC(=O)C(c2ccc3c(c2)OCO3)n2nc(C)ccc2=O)cc1,0
COc1ccc([C@H]2[C@H](C(=O)O)[C@@H](c3ccc4c(c3)OCO4)CN2CC(=O)NC2c3ccccc3-c3ccccc32)cc1,1
COC[C@]1(C(=O)O)CCN(C(=O)CCc2nc(CSC)no2)C1,0
Cc1noc(NS(=O)(=O)c2ccsc2C(O)Cc2ccc3c(c2)OCO3)c1Cl,0
O=S(=O)(Cc1ccc(C(F)F)cc1)N1CCC2(CCc3ccccc3C2)CC1,0
Cc1cc(C)nc(O[C@H](C(=O)O)[C@@]2(c3ccccc3)NCC(=O)N(C)c3ccccc32)n1,1
CCCNC(=O)CN1C[C@@H](c2ccc3c(c2)OCO3)[C@H](C(=O)O)[C@H]1c1ccc(OC)cc1,1
COc1cc(/C=N/c2ccc(F)c(Cl)c2)ccc1OCc1ccc(C(=O)O)cc1,0
COc1ccccc1Oc1c(NS(=O)(=O)c2ccc(C(C)(C)C)cc2)nc(C(C)(C)C)nc1OCCOC(=O)Nc1ccccn1,1
COc1ccc(C2(O)OC(=O)C(c3ccc4c(c3)OCO4)=C2Cc2cccc3c2CCc2ccccc2C3=O)cc1,0
Cc1cccc(C)c1-n1c(C)cc(/C=C2\SC(=N)[C@@H](c3nccs3)C2=O)c1C,0
CCCN(C)C(=O)CN1C[C@H](c2ccc3cc[nH]c3c2)[C@@H](C(=O)O)[C@@H]1c1ccc(OC)cc1,0
CCCCN(C(=O)CN1C[C@@H](c2ccc3c(c2)OCO3)[C@H](C(=O)O)[C@H]1c1ccc(OC)cc1)c1ccccc1,1
CC(C)C[C@@H]1NC(=O)[C@H](C(C)C)NC(=O)[C@@H]2CCCN2C(=O)[C@H](CCC(=O)O)NC(=O)[C@@H](Cc2c[nH]c3ccccc23)NC1=O,0
CCCCCCCCCCCCCCOC[C@H](O)CNc1cc(S(=O)(=O)C(=N)O)ccc1O,0
COc1ccc(-c2c(C(=O)O)c(=O)n(Cc3ccccc3OC)c3c2oc2cc(NS(C)(=O)=O)ccc23)cc1,1
Cc1cc(C)cc(C(=O)N(C)[C@H](Cc2ccc(-c3ccccc3)cc2)C(=O)N[C@@H](Cc2c[nH]c3ccccc23)C(=O)O)c1,1
CCc1ccc(Br)c(S(=O)(=O)Nc2onc(C)c2C)c1,0
CCN(CC)S(=O)(=O)c1cccc(-c2nnc(SCc3ccc([N+](=O)[O-])cc3)n2Cc2ccccc2)c1,0
Cc1ccc(SCCNC(=O)/C(=C/c2cccc([N+](=O)[O-])c2)c2ccccc2)cc1,0
Cc1oc([C@@H](Cc2c[nH]c3ccccc23)NC(=O)[C@H](CC(C)C)NC(=O)N2CCCCCC2)nc1C(=O)O,0
COc1ccccc1Oc1c(NS(=O)(=O)c2ccc(C(C)C)cn2)nc(-c2cc(OC)c(OC)c(OC)c2)nc1OCCNS(=O)(=O)c1ccc(C)cc1,1
C=C[C@@H]1OCC[C@H]1C(=O)N1CCCC[C@H](NC(=O)CC2=CCOCC2)C1,0
Cc1ccc(NC(SCC(=O)N2CCCC2)=C2C(=O)N(C)C(=O)N(C)C2=O)cc1,0
CCCCN(CCCC)C(=O)CN1C[C@H](c2ccc(F)c(F)c2)[C@@H](C(=O)O)[C@@H]1c1ccc(OC)cc1,0
COc1cc(N2C[C@@H]3COC[C@H](C(=O)N4CCCO4)[C@@H]3C2)ncn1,0
Cc1ccc(-c2c([N-]S(=O)(=O)c3ccc(C(C)(C)C)cc3)ncnc2OCCOc2ncc(CO)cn2)cc1,1
O=C(c1cccc(CN2C(=O)CNC2=O)c1)N1CCC2(CC1)OCCO2,0
C[C@@H](CC#N)N(C)c1nnc(-c2cc(-c3ccccc3)on2)n1C[C@@H]1CCCS1,0
CC(C)C[C@H](NC(=O)N1CCCCCC1)C(=O)N[C@H](Cc1c[nH]c2ccccc12)c1nc(C(=O)O)c(C(C)C)o1,0
Cc1noc(NS(=O)(=O)c2ccsc2C(C)(O)Cc2ccc3c(c2)OCO3)c1Cl,0
CCCCN1C(=O)NC(=O)/C(=C(/C)NCCN(C)C)C1=O,0
COC(=O)C(c1ccc2c(c1)OCO2)c1c2ccccc2nc2ccccc12,0
Cc1ccccc1OC(=O)c1sccc1S(=O)(=O)Nc1onc(C)c1Br,0
CCCNc1ccc2c(n1)[C@@H](c1ccc(OC)cc1)[C@H](C(=O)O)[C@H]2c1ccc2c(c1)OCO2,1
COc1ccc([C@H]2[C@H](C(=O)O)[C@@H](c3ccc4c(c3)OCO4)CN2CC(=O)NC(c2ccccc2C)c2ccccc2C)cc1,1
CCCCCCN(C)C(=O)CN1C[C@@H](c2ccc3c(c2)OCO3)[C@H](C(=O)O)[C@H]1c1ccc(OC)cc1,1
CCCCC(NC(=O)[C@@H](Cc1c(C)[nH]c2ccccc12)NC(=O)C(CC(C)C)NC(=O)N1[C@H](C)CCC[C@@H]1C)C(=O)O,1
O=C(O)C[C@H]1NC(=O)[C@H](Cc2c(Br)[nH]c3ccccc23)NC(=O)[C@@H](C2CC2)NC(=O)[C@H](C2CCCC2)NC(=O)[C@@H]2CCCN2C1=O,1
C#CCOc1nc(-c2ccnc(-c3noc(O)n3)c2)nc(NS(=O)(=O)c2ccc(C(C)(C)C)cc2)c1Oc1ccccc1OC,1
CCOc1cc(CC2=C(c3ccc4c(c3)OCO4)C(=O)OC2(O)c2ccc(OC)cc2)cc(OCC)c1OCC,1
O=C1OC(O)(c2ccc(Cl)c(Cl)c2)C(Cc2ccccc2)=C1c1ccc2c(c1)OCO2,0
COc1ccc([C@@H]2c3nc(NC(C)C)ccc3[C@H](c3ccc4c(c3)OCO4)[C@H]2C(=O)O)c(CO)c1,1
Cc1oc([C@@H](Cc2cn(C)c3ccccc23)NC(=O)[C@H](CC(C)C)NC(=O)n2ccc3ccccc32)nc1C(=O)O,0
CC(=O)C[C@@H](C)C(=O)N1CC[C@@]2(C1)CN(C(=O)C1(c3cccc([N+](=O)[O-])c3)CCC1)CCO2,0
COc1ccc(CN2C(=O)CN[C@](c3cccc(OC)c3)([C@H](Oc3nc(C)cc(C)n3)C(=O)O)c3ccccc32)cc1,1
O=C1NC2(CCOc3cc(-c4ccc(F)cc4F)ccc3S(=O)(=O)N3C[C@H](O)C[C@@H]13)CCN(Cc1ccc(F)c(F)c1)CC2,0
O=C(O)C#CC(=O)NC[C@@]12CCCO[C@@H]1CCN(C(=O)c1ccc3nccn3c1)C2,0
CC[C@H](C)[C@H](NC(=O)[C@H](CCCCN)NC(=O)[C@H](CC(C)C)NC(=O)[C@H](NC(C)=O)C(c1ccccc1)c1ccccc1)C(=O)N[C@H](C(=O)N[C@@H](Cc1c[nH]c2ccccc12)C(=O)O)[C@@H](C)CC,0
CCOC(=O)CN(Cc1cc2c(cc1Cl)OCO2)C(Cc1ccc(O)cc1)C(=O)O,0
Cc1oc([C@@H](Cc2c[nH]c3ccccc23)NC(=O)[C@H](CC(C)C)NC(=O)NCc2ccccc2)nc1C(=O)O,0
CCNS(=O)(=O)Nc1nc(-c2ncccn2)nc(OCCOc2ncc(Br)cn2)c1Oc1ccccc1OC,1
Cc1cc(C)nc(O[C@H](C(=O)O)[C@@]2(c3ccccc3)NCC(=O)N(CCCc3ccccc3)c3ccccc32)n1,1
O=[N+]([O-])c1cccc(-n2cc(-c3csc(C[C@@H]4CCCO4)n3)nn2)c1,0
CC[C@H](C)[C@H](NC(=O)[C@@H]1CCCN1C(=O)[C@H](CC(N)=O)NC(=O)[C@H](CC(C)C)NC(=O)[C@@H](Cc1c[nH]cn1)NC(C)=O)C(=O)N[C@@H](Cc1c[nH]c2ccccc12)C(=O)O,0
COc1ccc(Cl)c(Oc2c(NS(C)(=O)=O)ncnc2OCCOc2ncc(S(C)(=O)=O)cn2)c1,1
Cc1ccc(OCc2sccc2S(=O)(=O)Nc2onc(C)c2Br)cc1,0
COc1ccc(Sc2c(C(=O)O)n(Cc3ccc4c(c3)OCO4)c3cc4c(cc23)OCO4)cc1OC,1
CC[C@]1(C(=O)OC)N[C@H](c2ccc(O)cc2)[C@H]2C(=O)N(c3ccc(C)cc3)C(=O)[C@@H]21,0
COC(=O)CCCc1onc(NS(=O)(=O)c2ccc(C(C)(C)C)cc2)c1Sc1cccc(OC)c1,1
COc1ccccc1Oc1c(NS(=O)(=O)NCc2ccccc2)nc(-c2cnccn2)nc1OCCOc1ncc(Br)cn1,1
COc1ccc(C(=O)/C(Cc2cc(OC)c(OC)c(OC)c2)=C(\C(=O)[O-])c2ccc3nsnc3c2)cc1Cl,1
Cc1ccc(O[C@H](C(=O)O)[C@@]2(c3ccccc3)NCC(=O)N(Cc3c(Cl)cccc3Cl)c3ccccc32)cc1,1
CC[C@H](C)[C@H](O)C(=O)NC[C@@H]1OC[C@@H]2CCN(C(=O)[C@H](COC(C)=O)OC(C)=O)C[C@@H]21,0
CCCCCCCCCCCCCCCCC/C=C\C(=O)O,0
CC[C@@H](NC(=O)[C@@H](C)N(c1ccc(OC)c(OC)c1)S(C)(=O)=O)c1ccc(C)cc1C,0
CC[C@H](C)[C@H](NC(=O)[C@H](CC(=O)O)NC(=O)[C@H](CC(C)C)NC(=O)[C@@H](Cc1c[nH]cn1)NC(C)=O)C(=O)N[C@H](C(=O)N[C@@H](Cc1c[nH]c2ccccc12)C(=O)O)[C@@H](C)CC,0
Cc1ccc(-c2ccc3c(c2)C(=O)c2ccccc2[C@@H]2[C@H](C(=O)O)[C@H](C(=O)O)[C@H]32)cc1,1
C=CCn1c(CCCC#N)nnc1N1CCC(S(=O)(=O)N2CCCC2)CC1,0
COc1ccccc1Oc1c(NS(=O)(=O)c2ccc(C)cn2)nc(-c2ccncc2)nc1OC,1
O=C(O)c1c(Cc2cc3c(cc2Cl)OCO3)c(-c2ccccc2)nn1CC12CC3CC(CC(C3)C1)C2,1
CCNS(=O)(=O)Nc1ncnc(OCCOc2ncc(SC)cn2)c1-c1ccc(Br)cc1,1
CCCCN(CCCC)C(=O)CN1C[C@H](c2ccc3c(c2)OCO3)[C@@H](C(=O)O)[C@@H]1CC(C)(C)C1OCCO1,0
Cc1ccc(OCc2ccsc2S(=O)(=O)Nc2onc(C)c2Br)cc1,0
C#CCN1CCC(C(=O)N2C[C@H]3C[C@H]2[C@H]3NC(=O)C(N)=O)CC1,0
CC(C)C[C@H](NC(=O)N1CCCCCC1)C(=O)N[C@H](Cc1c[nH]c2ccccc12)c1nc(C(=O)O)c(-c2ccccc2)o1,0
O=C(N[C@@H]1CCCOc2c(F)cccc21)N1CCN(c2ccc([N+](=O)[O-])nc2)CC1,0
COc1ccc(NC(=O)c2sccc2S(=O)(=O)Nc2onc(C)c2Br)cc1,0
CCCN(CCN1C[C@H](c2ccc3c(c2)OCO3)[C@@H](C(=O)O)[C@@H]1c1ccc(OC)c(F)c1)S(=O)(=O)Cc1ccccc1,1
O=C(O)c1c(Cc2cc3c(cc2Cl)OCO3)c(-c2ccccc2)nn1C1CCCCC1,1
Cc1cc(C)nc(O[C@H](C(=O)O)[C@@]2(c3ccccc3)NCC(=O)N(Cc3c(F)cc(F)cc3F)c3ccccc32)n1,1
CCC[C@@H]1Oc2ccccc2[C@H]2CC(c3ccccc3Cl)=NN12,0
CCCCN(CCCC)C(=O)CN1C[C@H](c2cccc(F)c2)[C@@H](C(=O)O)[C@@H]1c1ccc(OC)cc1,0
CCCCN(CCCC)C(=O)CN1C[C@H](c2ccc3c(c2)OCO3)[C@@H](C(=O)O)[C@@H]1CCc1ccco1,0
COc1cc(C)ccc1S(=O)(=O)NC(=O)C(c1ccc2c(c1)OCO2)c1cn(C)c2cc(C(N)=O)ccc12,1
C#CCOc1nc(N2CCOCC2)nc(NS(=O)(=O)c2ccc(C(C)C)cn2)c1Oc1ccccc1OC,1
CCCCCCOC1=C(C(=O)O)C(c2ccc3c(c2)OCO3)Oc2ccc(OC(C)C)cc21,1
COc1ccccc1Oc1c(NS(=O)(=O)c2ccc(C(C)C)cn2)nc(-c2ccncc2)nc1OCC#CCOC(=O)Nc1ccccc1,1
CC[C@H](C)[C@H](NC(=O)[C@H](CC(=O)O)NC(=O)[C@H](CC(C)C)NC(=O)[C@H](NC(C)=O)C(c1ccccc1)c1ccccc1)C(=O)N[C@H](C(=O)N[C@@H](Cc1c[nH]c2ccccc12)C(=O)O)[C@@H](C)CC,1
Cc1[nH]c([C@@H](Cc2c[nH]c3ccccc23)NC(=O)[C@H](CC(C)C)NC(=O)NC2CCCCC2)nc1C(=O)O,0
CCc1cc2c(cc1Cn1c(C(=O)O)c(Cc3cccc(C(=O)O)c3)c(=O)c3cc(OCC4CCC4)ccc31)OCO2,1
Cc1ccc(-c2nc(C)c([C@@H](C)N[C@@H](C)c3cc(C#N)ccn3)s2)cc1,0
COc1ccc2c(c1)O/C(=C/c1cc3ccccc3nc1N1CCOCC1)C2=O,0
Cc1cc(C)nc(O[C@H](C(=O)O)[C@@]2(c3ccccc3)NCC(=O)N(Cc3c(F)ccc(F)c3F)c3ccccc32)n1,1
O=C(O)C1=C(c2ccc3c(c2)OCO3)c2ccccc2OC1c1ccc2c(c1)OCO2,1
O=C(O)C1=Cc2ccccc2OC1c1ccc2c(c1)OCO2,0
COc1ccc(C(=O)/C(Cc2ccccc2)=C(\C(=O)[O-])c2ccc3c(c2)OCO3)cc1,0
Cc1[nH]c([C@@H](Cc2cn(C)c3ccccc23)NC(=O)[C@H](CC(C)C)NC(=O)Nc2ccccc2)nc1C(=O)O,0
O=C1N[C@@H](Cc2ccccc2)C(=O)N1C[C@H]1CCN(c2ccccc2Cl)C1,0
CCOc1ccc2c(c1)c(-c1ccc3c(c1)OCO3)c(C(=O)O)c(=O)n2Cc1ccccc1OC,1
CCOC(=O)c1c(NC(=O)c2ccc(S(=O)(=O)N3C[C@@H](C)C[C@H](C)C3)cc2)sc2c1CCN(C(C)=O)C2,0
CCCCN(CCCC)C(=O)C(C)N1CC(c2ccc3c(c2)OCO3)C(C(=O)O)C1c1ccc(OC)cc1,1
Cc1ccc(NC(=O)c2ccc(OC(=S)N3CCC(C)CC3)cc2)cc1C,0
NC(=O)c1c[nH]c(C(=O)N2C[C@H](O)[C@H](NC(=O)Cc3ccon3)C2)c1,0
O=c1c(Cc2ccc3c(c2)OCO3)c(C(F)(F)F)[nH]n1Cc1cccc(Cl)c1,0
CCCc1cc(Cn2c(CC)nc3c(C)cc(C)nc32)ccc1OC(C(=O)O)c1ccccc1,0
Cc1ccc(CC(=O)N2CCO[C@]3(COCCN(C(=O)c4ccc(C#N)cc4)C3)C2)cc1[N+](=O)[O-],0
Cc1coc(-c2ccc(C)c(NC(=O)c3cccc([N+](=O)[O-])c3Br)c2)n1,0
CCOc1cc(OC)ccc1[C@@H]1c2nc(NC(C)C)ccc2[C@H](c2ccc3c(c2)OCO3)[C@H]1C(=O)O,1
COc1ccccc1Oc1c(NS(=O)(=O)c2ccc(C(C)C)cn2)nc(-c2cc(OC)c(OC)c(OC)c2)nc1OCCNS(=O)(=O)c1cccs1,1
COc1cccc(Sc2c(NS(=O)(=O)c3ccc(C(C)(C)C)cc3)noc2CCCC=O)c1,1
CCN(Cc1ccc(N(C)C)cc1)C(=O)NCc1ccc(COC2CCOCC2)cc1,0
COc1ccc([C@@H]2c3nc(C)ccc3[C@H](c3ccc4c(c3)OCO4)[C@H]2C(=O)O)cc1,1
Cc1ccc(-c2csc(NC(=O)CN3CCN(C(=O)c4sc5cc(Cl)ccc5c4Cl)CC3)n2)cc1,0
Cc1[nH]c([C@@H](Cc2cn(C)c3ccccc23)NC(=O)[C@H](CC(C)C)N(C)C(=O)NC2CCCCC2)nc1C(=O)O,0
CCCN(CCN1C[C@H](c2ccc3c(c2)OCO3)[C@@H](C(=O)O)[C@@H]1c1ccc(OC)cc1)S(=O)(=O)CC(C)C,1
CCCCN(CC)C(=O)CN1C[C@@H](c2ccc3c(c2)OCO3)[C@H](C(=O)O)[C@H]1c1ccc(OC)cc1,1
COc1ccc(OC)c([C@H](C)NC(=O)[C@@H](C)N2CCC[C@@H](OCCO)C2)c1,0
CCCCN(CCCC)C(=O)CN1C[C@H](c2ccc3c(c2)OCC3)[C@@H](C(=O)O)[C@@H]1c1ccc(OC)cc1,1
Cc1oc([C@@H](Cc2cn(C)c3ccccc23)NC(=O)[C@H](CC(C)C)NC(=O)NC2CCCC(C)C2)nc1C(=O)O,0
O=C(N[C@@H]1CN(Cc2cc(Br)cc(F)c2O)[C@H]2CCCO[C@@H]12)c1cnccn1,0
CCCCN(CCN1C[C@H](c2ccc3c(c2)OCO3)[C@@H](C(=O)O)[C@@H]1c1ccc(OC)cc1)S(=O)(=O)CCC,1
COc1ccc(-c2c(C(=O)O)c(=O)n(Cc3ccccc3OC)c3c2oc2ccccc23)c(OC)c1,1
Cc1cc(NC(=O)c2ccc([N+](=O)[O-])cc2I)cc2n[nH]cc12,0
C/C=C\C(C)(C)C[C@H]1[C@H](C(=O)O)[C@@H](c2cc(OC)c3c(c2)OCO3)CN1CC(=O)N(CCCC)CCCC,0
CCCCc1cccc([C@]2([C@H](Oc3nc(C)cc(C)n3)C(=O)O)NCC(=O)N(Cc3c(C)cc(C)cc3C)c3ccccc32)c1,1
Cc1cc(C)nc(O[C@H](C(=O)O)[C@@]2(c3ccccc3)NCC(=O)N(CCc3ccccc3)c3ccccc32)n1,1
COc1ccc(C(=O)/C(Cc2ccccc2)=C(\C(=O)[O-])c2cc(OC)c3c(c2)OCO3)cc1,0
CCCNS(=O)(=O)Nc1ncnc(OCCOc2ncc(Br)cn2)c1Oc1cc(OC)ccc1Cl,1
COc1ccccc1Oc1c(NS(=O)(=O)c2ccc(C(C)C)cn2)nc(N2CCOCC2)nc1OCC#CCOC(=O)Nc1ccccc1,1
C#CCOc1nc(-c2ccnc(CO)c2)nc(NS(=O)(=O)c2ccc(C(C)(C)C)cc2)c1Oc1ccccc1OC,1
Cc1noc(NS(=O)(=O)c2cccc(Cl)c2C)c1Br,0
NC(=O)C[C@H](NC(=O)[C@H](Cc1ccccc1)NC(=O)[C@H](Cc1ccccc1)N[C@H](Cc1c[nH]c2ccccc12)C(=O)O)C(=O)N[C@@H](Cc1ccc(O)cc1)C(=O)N[C@@H](Cc1ccc(O)cc1)C(=O)N[C@@H](Cc1c[nH]c2ccccc12)C(=O)O,0
Clc1ccc([C@H]2C[C@@H]2c2nnc(-c3ccc4nc(Br)sc4c3)o2)cc1,0
CCc1nc(C#N)cc(NC/C=C/CNC(=O)C[C@H](C)CC)n1,0
Cc1cc(C(=O)N2CCCCC[C@H]2[C@H]2CCCCC2=O)ncc1C#N,0
CCCC[C@H](C)NC1(c2ccccc2Cl)CCOCC1,0
COc1ccc([C@@H]2c3nc(CCCO)ccc3[C@H](c3ccc4c(c3)OCO4)[C@H]2C(=O)O)cc1,1
COc1cc(C/C(C(=O)c2cc(OC)c(OC)c(OC)c2)=C(/C(=O)[O-])c2ccc3nsnc3c2)cc(OC)c1OC,1
COc1ccccc1Oc1c(NS(=O)(=O)c2ccc(C(C)C)cn2)nc(-c2ccncc2)nc1OCC#CCOC(=O)Nc1ccccn1,1
NC(=S)NN[C@H]1O[C@H](CO)[C@@H](O)[C@H](O)[C@H]1O,0
CC(=O)c1cccc(OCC(=O)NC[C@H](Cc2cccc(C)c2)C(=O)O)c1,0
COc1ccc(N(CCCC(=O)NCCSCc2ccc(C)cc2)S(C)(=O)=O)cc1Cl,0
Cc1noc(NS(=O)(=O)c2ccsc2C(=O)N(C)c2ccccc2)c1Br,0
CSCCC(NC(=O)[C@@H](Cc1c(Br)[nH]c2ccccc12)NC(=O)C(CC(C)C)NC(=O)N1[C@H](C)CCC[C@@H]1C)C(=O)O,1
COc1ccccc1-c1ccsc1S(=O)(=O)Nc1onc(C)c1Br,0
CSC(C)(C)[C@@H]1NC(=O)[C@@H]2CCCN2C(=O)[C@@H](CC(=O)O)NC(=O)[C@H](Cc2c(Br)[nH]c3ccccc23)NC(=O)[C@@H](C(C)C)NC1=O,1
Cc1noc(NS(=O)(=O)c2ccsc2C(=O)Nc2ccc3c(c2C#N)OCO3)c1Cl,0
CC1=CCC[C@@H]2C[C@]12C,0
Cc1noc(NS(=O)(=O)c2ccc(Br)cc2)c1C,0
CC[C@H](C)[C@H](NC(=O)[C@H](CC(=O)O)NC(=O)[C@H](CC(C)C)NC(=O)[C@@H](NC(C)=O)C(c1ccccc1)c1ccccc1)C(=O)N(C)[C@H](C(=O)N[C@@H](Cc1c[nH]c2ccccc12)C(=O)O)[C@@H](C)CC,1
CCCCN(CCCC)C(=O)CN1C[C@H](c2ccc3c(c2)OCO3)[C@@H](C(=O)O)[C@@H]1CCC=C(C)C,0
COc1ccc(Cc2c(C(F)(F)F)[nH]n(Cc3cccc(OC)c3)c2=O)cc1,0
CC[C@H](C)[C@H](NC(=O)[C@H](CC(=O)O)NC(=O)[C@H](Cc1ccccc1)NC(=O)[C@H](Cc1ccccc1)NC(C)=O)C(=O)N[C@H](C(=O)N[C@@H](Cc1c[nH]c2ccccc12)C(=O)O)[C@@H](C)CC,1
O=C(COc1ccccc1[N+](=O)[O-])N(Cc1cccc2ccccc12)c1ccccn1,0
Cc1nnc(NC(=O)c2sccc2S(=O)(=O)Nc2onc(C)c2Cl)s1,0
COc1ccc(CC2=C(C(=O)O)C(c3ccc4c(c3)OCO4)Oc3ccc(OC(C)C)cc32)cc1,1
COc1cc(C/C(C(=O)c2ccc(OC(C)C)c(F)c2)=C(/C(=O)[O-])c2ccc3nsnc3c2)cc(OC)c1OC,1
Cc1cc(C)nc(O[C@H](C(=O)O)[C@@]2(c3ccccc3)NCC(=O)N(Cc3nn[nH]n3)c3ccccc32)n1,1
CC[C@H](CO)N(C)Cc1ccc(OCc2ccccc2)cc1O,0
COc1ccc(C(=O)/C(Cc2ccccc2OC)=C(\C(=O)[O-])c2ccc3nsnc3c2)cc1,1
C/C=C(\C)CC[C@H]1[C@H](C(=O)O)[C@@H](c2ccc3c(c2)OCO3)CN1CC(=O)N(CCCC)CCCC,0
Cc1ccccc1[C@@H](CCC(=O)O)Oc1cc(OCc2cnsc2)ccc1C#N,0
Cc1cc(C(=O)N2CCCC[C@H]2c2ccc(CN(C)C)cc2)c(=O)[nH]c1C,0
Cc1noc(NS(=O)(=O)c2ccc(Cl)cc2)c1C,0
CCc1cccc(C)c1NC(=O)CN1C[C@H](c2ccc3c(c2)OCO3)[C@@H](C(=O)O)[C@@H]1c1ccc(OC)cc1,1
CC(C)c1ccc(OCC(=O)Nc2cccc(-c3ccc(CO)o3)c2)cc1,0
CCc1ccc2c(n1)[C@@H](c1ccc(OC)cc1)[C@H](C(=O)O)[C@H]2c1ccc2c(c1)OCO2,1
CC(C)C[C@H](NC(=O)N1CCCCCC1)c1nc(C(=O)N[C@H](Cc2ccccn2)C(=O)O)c(Cc2cn(C)c3ccccc23)s1,0
COc1cccc(Sc2c(NS(=O)(=O)c3ccc(C(C)(C)C)cc3)noc2CCCO)c1,1
CCCCN(CCCC)C(=O)CN1C[C@H](c2ccc3c(c2)OCO3)[C@@H](C(=O)O)[C@@H]1CCc1ncco1,0
COc1ccc(N2C(=O)/C(=C/c3cc(C)n(-c4ccc5ccccc5c4)c3C)C(=O)NC2=S)cc1,0
COc1ccc([C@@H]2[C@@H](C(=O)O)[C@H](c3ccc4c(c3)OCO4)CN2C(=O)c2ccco2)cc1,0
COc1ccc(CN2C(=O)CN[C@](c3cccc(F)c3)([C@H](Oc3nc(C)cc(C)n3)C(=O)O)c3ccccc32)cc1,1
Cc1cc(C)nc(O[C@H](C(=O)O)[C@@]2(c3ccccc3)NCC(=O)N(Cc3cccc(OC(F)(F)F)c3)c3ccccc32)n1,1
CC[C@H](C)[C@H](NC(=O)[C@H](CC(=O)O)NC(=O)[C@H](CC(C)C)NC(=O)[C@@H](Cc1c[nH]c2ccccc12)NC(C)=O)C(=O)N[C@H](C(=O)N[C@@H](Cc1c[nH]c2ccccc12)C(=O)O)[C@@H](C)CC,1
O=C1OC(O)(c2ccccc2)C(Cc2ccccc2)=C1c1ccc2c(c1)OCO2,0
C=CCn1c(SCC(=O)N2CCN(c3ccccc3OC)CC2)nnc1-c1cc2ccccc2o1,0
CCSc1nccnc1C(=O)N[C@H]1CCN(c2ncccc2F)C1,0
O=c1/c(=C/c2cccs2)sc2n1CN(c1cccc(F)c1)CN=2,0
COc1ccc([C@@H]2[C@@H](C(=O)O)[C@H](c3ccc4c(c3)OCO4)CN2CC(=O)N(C)C2CCCCC2)cc1,1
CCCC[C@H](NC(=O)[C@@H](Cc1c(CC)[nH]c2ccccc12)NC(=O)C(CC(C)C)NC(=O)N1[C@H](C)CCC[C@@H]1C)C(=O)O,1
Cc1cccc(-c2ccsc2S(=O)(=O)Nc2onc(C)c2Br)c1,0
CCCCC[C@]1([C@H](Oc2nc(C)cc(C)n2)C(=O)O)NCC(=O)N(Cc2ccc(OC)cc2)c2ccccc21,1
COc1ccc(C2=C(C(=O)O)C(c3ccc4c(c3)OCO4)Oc3ccc(OC)cc32)cc1,1
CCCNS(=O)(=O)Nc1ncnc(OCCOc2ncc(SC)cn2)c1-c1ccc(Cl)cc1,1
CNC(=O)[C@]1(C)CCN(c2nnc([C@@H]3CCC(=O)N3)n2Cc2ncn(C)n2)C1,0
O=C(CCCc1ccccc1)Nc1cccc(N2CCC(N[C@@H]3CCOC3)CC2)c1,0
C[C@@H]1C[C@@H](NC(=O)c2ccc(S(=O)(=O)N(C)C)nc2)C(=O)N1c1cnn(C)c1,0
CCCCC(NC(=O)[C@@H](Cc1c(Cl)[nH]c2ccccc12)NC(=O)C(NC(=O)N1[C@H](C)CCC[C@@H]1C)C1CC1)C(=O)O,1
CC(C)c1ccc(S(=O)(=O)NC(=O)C(c2ccc3c(c2)OCO3)N2N=C(c3ccccc3)CCC2=O)cc1,0
Cc1ccc(Br)cc1S(=O)(=O)Nc1onc(C)c1Br,0
Cc1ccccc1C1(C(=O)N2CCC(CNCCF)CC2)CC1,0
COc1ccc([C@H]2[C@H](C(=O)O)[C@@H](c3ccc4c(c3)OCO4)CN2CC(=O)NC(C)c2ccccc2C)cc1,1
COc1ccccc1Oc1c(NS(=O)(=O)c2ccc(C(C)(C)C)cc2)nc(C2CC2)nc1OCCNS(=O)(=O)c1ccc(C)cc1,1
CC(=O)c1ccc(OCc2ccc3c(c2)OCO3)cc1OC(CCC(=O)O)c1ccccc1,1
CCCN(CCN1C[C@H](c2ccc3c(c2)OCO3)[C@@H](C(=O)O)[C@@H]1c1ccc(OC)cc1)S(=O)(=O)Cc1ccccc1,1
O=C(Nc1ccc2c(c1)OCCO2)c1ccc(N2C[C@H]3C[C@@H](C2)c2cccc(=O)n2C3)c(NC(=O)c2ccc(F)cc2)c1,0
CC1(CN2CC3(CCCCC3)C2)CC1,0
Fc1ccnc(F)c1-c1cncs1,0
CCS(=O)(=O)NCCOc1nc(N2CCOCC2)nc(NS(=O)(=O)c2ccc(C(C)C)cn2)c1Oc1ccccc1OC,1
Cc1cc(C)nc(O[C@H](C(=O)O)[C@@]2(c3ccccc3)NCC(=O)N(Cc3cccc(Cl)c3)c3ccccc32)n1,1
CCCc1cc(Cn2c(CC)nc3c(C)cc(C)nc32)cc(CCC)c1OC(C(=O)NS(=O)(=O)c1ccc(CC(C)C)s1)c1ccc2c(c1)OCO2,1
CCCN(C)C(=O)CN1C[C@H](c2ccc(F)c(F)c2)[C@@H](C(=O)O)[C@@H]1c1ccc(OC)cc1,0
O=C(NCCn1ccnc1)c1sc(N2C[C@@H]3C[C@@H](C2)c2cccc(=O)n2C3)nc1-c1ccccc1,0
N#Cc1ccc2c(c1)CC[C@H]2NC(=O)Nc1cccnc1-n1cncn1,0
COc1ccccc1Oc1c(NS(=O)(=O)c2ccc(C(C)(C)C)cc2)nc(N2CCOCC2)nc1OCCOC(=O)Nc1ccccn1,1
Cc1[nH]c([C@@H](Cc2cn(C)c3ccccc23)NC(=O)[C@H](CC(C)C)NC(=O)OC2CCCCC2)nc1C(=O)O,0
CCCCN(CCCC)C(=O)CN1C[C@H](c2cccnc2)[C@@H](C(=O)O)[C@@H]1c1ccc(OC)cc1,0
COc1ccc(C2(O)OC(=O)C(c3cc(OC)c4c(c3)OCO4)=C2Cc2cc(OC)c(OC)c(OC)c2)cc1C,1
Cc1noc(NS(=O)(=O)c2ccsc2COc2cc3c(cc2Cl)OCO3)c1Br,1
Cc1oc([C@@H](Cc2cn(C)c3ccccc23)NC(=O)[C@H](CC(C)C)NC(=O)N2CCOC23CCCCC3)nc1C(=O)O,0
O=C(O)c1c(Cc2cc3c(cc2Cl)OCO3)c(-c2cccs2)nn1CC1CCC(C(=O)O)CC1,1
COc1ccc(C2(O)OC(=O)C(c3ccc4nsnc4c3)=C2Cc2cc(OC)c(OC)c(OC)c2)cc1,1
CCCCOc1ccc2c(c1)C(c1ccc3c(c1)OCO3)=C(C(=O)O)C(c1cccc(OC)c1)O2,1
CCc1cc2c(cc1Cn1c(C(=O)O)c(Cc3cccc(C(=O)O)c3)c(=O)c3ccccc31)OCO2,1
CCCc1cc(Cn2c(CC)nc3c(C)cc(C)nc32)cc(CCC)c1OC(C(=O)NS(=O)(=O)c1cccs1)c1ccc2c(c1)OCO2,1
COc1ccc(C2=NN(C(C(=O)NS(=O)(=O)c3ccc(C(C)C)cc3)c3ccc4c(c3)OCO4)C(=O)CC2)cc1OC,0
NC(=O)C[C@H](NC(=O)[C@H](Cc1ccccc1)NC(=O)[C@@H](N)C1c2ccccc2CCc2ccccc21)C(=O)N[C@@H](Cc1ccc(O)cc1)C(=O)N[C@@H](Cc1ccc(O)cc1)C(=O)N[C@@H](Cc1c[nH]c2ccccc12)C(=O)O,0
COc1ccccc1Oc1c(NS(=O)(=O)c2ccc(C(C)C)cn2)nc(N2CCOCC2)nc1OCC#CCOC(=O)c1ccccn1,1
Cc1cc(C)nc(O[C@H](C(=O)O)[C@@]2(c3ccccc3)NCC(=O)N(Cc3cccc(Br)c3)c3ccccc32)n1,1
CC(C)[C@@]1(CO)CCN(C(=O)NCc2ccc(N3CCOCC3)c(F)c2)C1,0
COc1cc(C)ccc1S(=O)(=O)NC(=O)[C@@H](c1ccc2c(c1)OCO2)c1cn(C)c2cc(CO)ccc12,1
O=C(O)c1c(-c2ccc3c(c2)OCO3)c2ccccc2n1-c1ccc2c(c1)OCO2,0
COc1ccc(C(=O)/C(Cc2cc(OC)c(OC)c(OC)c2)=C(\C(=O)[O-])c2ccc3c(c2)OCO3)cc1,1
COc1ccc([C@@H]2c3nc(-c4ccccc4)ccc3[C@H](c3ccc4c(c3)OCO4)[C@H]2C(=O)O)cc1,1
CC[C@H](C)[C@H](NC(=O)[C@H](CC(=O)O)NC(=O)[C@H](CC(C)C)NC(=O)[C@@H](N)Cc1c(C)c(C)c(C)c(C)c1C)C(=O)N[C@H](C(=O)N[C@@H](Cc1c[nH]c2ccccc12)C(=O)O)[C@@H](C)CC,0
COc1ccccc1Oc1c(NS(=O)(=O)c2ccc(C)cn2)nc(N2CCOCC2)nc1OCC#CCOC(=O)Nc1ccncc1,1
CCN(CC)c1ccc(C(=O)Nc2ccc(N3CCNCC3)c([N+](=O)[O-])c2)cc1[N+](=O)[O-],0
CCSCC(NC(=O)[C@@H](Cc1c(Br)[nH]c2ccccc12)NC(=O)C(CC(C)C)NC(=O)N1[C@H](C)CCC[C@@H]1C)C(=O)O,1
CCCC[C@H](NC(=O)[C@@H](Cc1c(C#N)[nH]c2ccccc12)NC(=O)C(NC(=O)N1[C@H](C)CCC[C@@H]1C)C(C)C)C(=O)O,1
COc1ccccc1OCCCC(=O)NC[C@H]1CCCO1,0
CC(C)Oc1ccc2c(c1)C(CC1CCCCC1)=C(C(=O)O)C(c1ccc3c(c1)OCO3)O2,1
COc1cc(OC)c(NC(=O)c2sccc2S(=O)(=O)Nc2onc(C)c2Cl)c(C(N)=O)c1,0
COc1cccc(OC)c1-c1ccc(-c2cccc(Cl)c2C#N)cc1,0
COc1ccc([C@H]2[C@H](C(=O)O)[C@@H](c3ccc4c(c3)OCO4)CN2CC(=O)Nc2ccc(C)cc2C)cc1,1
CC[C@@H](C)[C@H](NC(=O)[C@H](CC(=O)O)NC(=O)[C@H](CC(C)C)NC(=O)[C@H](Cc1ccccc1)NC(C)=O)C(=O)N[C@H](C(=O)N[C@@H](Cc1c[nH]c2ccccc12)C(=O)O)[C@@H](C)CC,0
COc1ccc(C2=C(C(=O)O)C(c3ccc(OC)cc3OC)Oc3ccc(OC(C)C)cc32)cc1,1
CCOc1cc(/C=C2/C(=O)NN(c3ccccc3)C2=O)ccc1OCC(=O)OC(C)C,0
COc1ccc(-c2c(C(=O)O)c(=O)n(Cc3ccccc3OC)c3c2oc2cc(N(C)S(C)(=O)=O)ccc23)cc1,1
CCc1ccccc1C(NC(=O)CN1C[C@H](c2ccc3c(c2)OCO3)[C@@H](C(=O)O)[C@@H]1c1ccc(OC)cc1)c1ccccc1C,1
C[C@H](CNC(=O)c1c[nH]c(C#N)c1)NC(=O)CN1CCNC(=O)C1,0
c1ccc(CN2CCc3cc(CNCc4ccco4)ccc32)cc1,0
C/C=C/C=C/C(=O)O[C@@H]1C=C2COC(O)[C@]2(O)[C@@]2(C)CCCC(C)(C)C12,0
C[C@H]1Cc2c([nH]c3cc(Cl)c(F)cc23)[C@@]2(N1)C(=O)Nc1ccc(Cl)cc12,0
CCCNS(=O)(=O)Nc1ncnc(OCCOc2ncc(Br)cn2)c1-c1ccc(Br)cc1,1
Cc1ccc(OC(=O)c2sccc2S(=O)(=O)Nc2onc(C)c2Br)c(C)c1,0
CCCCN(CCCC)C(=O)CN1C[C@H](c2ccc3c(c2)OCO3)[C@@H](C(=O)O)[C@@H]1c1ccc(OC)c(OC)c1,1
CCCCc1cccc([C@]2([C@H](Oc3nc(C)cc(C)n3)C(=O)O)NCC(=O)N(Cc3ccc(OC)cc3)c3ccccc32)c1,1
COC(c1ccccc1)(c1ccccc1)[C@H](Oc1nc(C)cc(C)n1)C(=O)O,1
Cc1cc(C)nc(O[C@H](C(=O)O)[C@@]2(c3ccccc3)NCc3c(C(=O)O)nc(C)n3-c3ccccc32)n1,1
Cc1cc(NC[C@@H](C)C(=O)O)c([N+](=O)[O-])s1,0
COc1ccc(CN2CCCN(C(=O)C(=O)Nc3nc(C)c(C)s3)CC2)cc1,0
O=C(c1cc(F)cc([N+](=O)[O-])c1Br)N1CC2(CCCN2C(=O)COc2cccnc2)C1,0
N#Cc1cnc(C2=CC[C@H](N3CCCC3)CC2)c2ccccc12,0
CCCNS(=O)(=O)Nc1ncnc(OCCOc2ncc(Br)cn2)c1-c1ccc(Cl)cc1,1
Nc1nc(F)c(Br)cc1I,0
CCOc1ccc2c(c1)c(-c1ccc(OC)cc1)c(C(=O)O)c(=O)n2Cc1ccccc1OC,1
Cc1oc([C@@H](Cc2c[nH]c3ccccc23)NC(=O)[C@H](CC(C)C)NS(=O)(=O)N2CCCCCC2)nc1C(=O)O,0
Cc1[nH]c([C@@H](Cc2cn(C)c3ccccc23)NC(=O)[C@H](CC(C)C)NC(=O)NC2CCC(C)CC2)nc1C(=O)O,0
CCc1cccc(CC)c1NC(=O)CN1C[C@H](c2ccc3c(c2)OCO3)[C@@H](C(=O)O)[C@@H]1c1ccc(OC)cc1,1
CC[C@H](C)[C@H](NC(=O)[C@@H]1CCCN1C(=O)[C@H](CC(N)=O)NC(=O)[C@H](CC(C)C)NC(=O)[C@H](Cc1ccccc1)NC(C)=O)C(=O)N[C@@H](Cc1c[nH]c2ccccc12)C(=O)O,0
Cc1noc(NS(=O)(=O)c2ccccc2-c2ccccc2)c1Cl,0
C=C[C@@H]1OCC[C@H]1C(=O)N[C@@H]1CN(C(=O)c2ccc(C(N)=O)cn2)C[C@H]1C,0
NC[C@@H](C(=O)N1C[C@H]2COC[C@@H](C1)[C@H]2NC(=O)CN1C(=O)CSC1=S)c1ccccc1,0
CCCCN(CCCC)C(=O)CN1C[C@H](c2ccc3c(c2)OCCO3)[C@@H](C(=O)O)[C@@H]1c1ccc(OC)cc1,1
Cc1cc(C)nc(O[C@H](C(=O)O)[C@@]2(c3ccccc3)NCC(=O)N(Cc3ccccc3OC(F)(F)F)c3ccccc32)n1,1
O=C1OC(O)(c2ccc(Cl)cc2)C(Cc2ccccc2)=C1c1ccc2c(c1)OCO2,0
CCCCN(CCCC)C(=O)CN1C[C@H](c2ccc3c(c2)OCO3)[C@@H](C(=O)O)[C@H]1c1ccc(OC)cc1,0
Cc1ccccc1NC(=O)c1c(C)cccc1-c1cc(F)cc(C#N)c1,0
CC(C)[C@H](OC(=O)COc1ccc([N+](=O)[O-])cc1)C(=O)N[C@@H]1CCS(=O)(=O)C1,0
Cc1[nH]c([C@@H](Cc2cn(C)c3ccccc23)NC(=O)[C@H](CC(C)C)NC(=O)NC2CCCC(C)C2)nc1C(=O)O,0
Cc1noc(NS(=O)(=O)c2cc(Cl)ccc2Cl)c1Br,0
COc1cccc(-c2ccsc2S(=O)(=O)Nc2onc(C)c2Br)c1,0
CC(C)C(=O)N1CCC[C@]2(CN(Cc3ccc(N4CCS(=O)(=O)CC4)cc3)CCO2)C1,0
CCCCNC(=O)OCC#CCOc1nc(N2CCOCC2)nc(NS(=O)(=O)c2ccc(C)cn2)c1Oc1ccccc1OC,1
CCCCC(NC(=O)[C@@H](Cc1c(CC)[nH]c2ccccc12)NC(=O)C(CC(C)C)NC(=O)N1[C@H](C)CCC[C@@H]1C)C(=O)O,1
CC[N+]1(Cc2ccccc2)C2=C(CN(C)CC2)c2ccccc21,0
C[C@H](OC(=O)CCC(=O)N1CCC(c2ccccc2)=N1)C(=O)N1CCOCC1,0
COc1cccc(Sc2c(C(=O)O)n(Cc3ccc4c(c3)OCO4)c3cc4c(cc23)OCO4)c1,1
CN(CCc1ccccn1)Cc1ccc(N2CCN(C(=O)OC(C)(C)C)CC2)cc1,0
O=C(O)c1cc(-c2ccc(OCc3ccccc3)cc2OCc2ccccc2)n[nH]1,0
CCCC[C@H](NC(=O)[C@@H](Cc1c(Cl)[nH]c2ccccc12)NC(=O)C(CC(C)C)NC(=O)N1[C@H](C)CCC[C@@H]1C)C(=O)O,1
Cc1[nH]c([C@@H](Cc2cn(C)c3ccccc23)NC(=O)[C@H](CC(C)C)NC(=O)CC2CCCCC2)nc1C(=O)O,0
COc1ccc(C2(O)OC(=O)C(c3ccc4c(c3)OCO4)=C2Cc2ccccc2)cc1OC,0
Cc1noc(NS(=O)(=O)c2ccsc2C(=O)O)c1C,0
Cc1cc(C)nc(O[C@H](C(=O)O)[C@@]2(c3ccccc3)NCC(=O)N(CC3CCCCC3)c3ccccc32)n1,1
CC(C)(Cl)c1ccc(C(C)(C)O[C@@H]2CCC(F)(F)C2)cc1,0
CN(Cc1ccc(N(C)C)cc1)C(=O)NCCO[C@@H]1CCOC1,0
Cc1[nH]c([C@@H](Cc2cn(C)c3ccccc23)NC(=O)[C@H](CC(C)C)NC(=O)N(C)C2CCCCC2)nc1C(=O)O,0
CCc1ccc(-c2ccc3c(c2)C(=O)c2ccccc2[C@@H]2[C@H](C(=O)O)[C@H](C(=O)O)[C@H]32)cc1,1
NC(=O)[C@@H]1CCCN1Cc1n[nH]c(=O)[nH]1,0
CCCc1cc(Cn2c(CC)nc3c(C)cc(C)nc32)ccc1OC(C(=O)NS(=O)(=O)c1ccc(C(C)C)cc1)c1ccc2c(c1)OCO2,1
Cn1[nH]nnc1=NCCn1cc([N+](=O)[O-])cn1,0
COc1ccccc1[C@@H]1Nc2c(C)cc(C)cc2-c2cc(C)nn21,0
O=C(O)c1c(-c2ccccc2)c2oc3ccccc3c2n(Cc2ccccc2)c1=O,0
COc1ccc(CN(Cc2cc(OC)c(OC)c(OC)c2)C(Cc2c[nH]c3ccccc23)C(=O)O)cc1,0
COc1cc(-c2ccnc(Cl)c2C#N)cc(OC)c1OC,0
CCOC(=O)c1nc([C@@H](Cc2c[nH]c3ccccc23)NC(=O)[C@H](CC(C)C)NC(=O)N2CCCCCC2)oc1C,0
CCCCCS(=O)(=O)N(CCC)CCN1C[C@H](c2ccc3c(c2)OCO3)[C@@H](C(=O)O)[C@@H]1c1ccc2c(c1)OCCO2,1
CCc1cc(F)cc(CC)c1NC(=O)CN1C[C@H](c2ccc3c(c2)OCO3)[C@@H](C(=O)O)[C@@H]1c1ccc(OC)cc1,1
Cc1oc([C@@H](Cc2cn(C)c3ccccc23)NC(=O)[C@H](CC(C)C)OC(=O)OC2CCCCC2)nc1C(=O)O,0
C=CCN(CC(=O)N1CCN(C(=O)Nc2ccccc2)CC1)Cc1ccc(Cl)s1,0
C/C=C/C=C/C=C/C(=O)O[C@@H]1C=C2COC(=O)[C@]2(O)[C@@]2(C)CCCC(C)(C)C12,0
Cc1cc(C)nc(O[C@H](C(=O)O)[C@@]2(c3ccccc3)NCc3nnc(C)n3-c3ccccc32)n1,1
Cc1ccccc1C(NC(=O)CN1C[C@H](c2ccc3c(c2)OCO3)[C@@H](C(=O)O)[C@@H]1c1ccc(OCCOC(C)C)cc1)c1ccccc1C,1
CC(C)Oc1ccc2c(c1)C(c1ccc(OCc3ccccc3)cc1)=C(C(=O)O)C(c1ccc3c(c1)OCO3)O2,1
Cc1ccc(N2C(=S)N[C@@H](c3ccccn3)[C@H]2c2cccn2-c2cccc([N+](=O)[O-])c2)cc1C,0
O=C(O)CCNS(=O)(=O)Nc1ncnc(OCCOc2ncc(Br)cn2)c1-c1ccc(Br)cc1,1
COc1ccccc1Oc1c(NS(=O)(=O)CCc2ccccc2)nc(-c2ncccn2)nc1OCCOc1ncc(Cl)cn1,1
Cc1cc(C)nc(O[C@H](C(=O)O)[C@@]2(c3ccccc3)NCC(=O)N(Cc3ccc(Br)cc3)c3ccccc32)n1,1
CC(C)C[C@H]1NC(=O)[C@H](C(C)C)NC(=O)[C@H]2CCCN2C(=O)[C@H](CC(=O)O)NC(=O)[C@H](Cc2c[nH]c3ccccc23)NC1=O,0
CC(C)C[C@@H]1NC(=O)[C@@H](c2cccs2)NC(=O)[C@H](CC(=O)O)NC(=O)[C@H](CC(=O)N2CCN(c3ccccc3)CC2)NC(=O)[C@@H](CC(=O)O)NC(=O)[C@@H](Cc2c[nH]c3ccccc23)NC1=O,1
N#CCCC(Oc1cc(OCc2ccccc2)ccc1C(=O)O)c1ccccc1,1
CCCOc1ccccc1NC(=O)NCc1cccc([N+](=O)[O-])c1C,0
Cc1oc([C@@H](Cc2c[nH]c3ccccc23)NC(=O)[C@H](CC(C)C)NC(=O)N2CCCCCC2)nc1C(=O)NO,0
CCCCNS(=O)(=O)Nc1nc(-c2ncccn2)nc(OCCOc2ncc(Br)cn2)c1Oc1ccccc1OC,1
Clc1ccc(CSCCCN[C@H]2CCSC2)cc1,0
CCc1cc2c(cc1Cn1c(C(=O)O)c(Cc3cccc(-c4nnn[nH]4)c3)c(=O)c3cc(OCOC)ccc31)OCO2,1
COc1ccccc1Oc1c(NS(=O)(=O)c2ccc(C(C)C)cn2)nc(N2CCOCC2)nc1OCC#CCOC(=O)Nc1cnccn1,1
Cc1onc(NS(=O)(=O)c2ccc(N)cc2)c1I,0
COc1ccccc1Oc1c(NS(=O)(=O)c2ccc(C(C)(C)C)cc2)nc(-c2ncccn2)nc1OCCOc1ncccn1,1
Cc1ccc([N+](=O)[O-])c(OCCC(=O)N2C[C@@H](C)O[C@H](C(=O)O)C2)c1,0
COc1ccc([C@H]2[C@H](C(=O)O)[C@@H](c3ccc4c(c3)OCO4)CN2CC(=O)NC(CC(C)C)c2ccccc2)cc1,1
O=C1CC(C(=O)N2[C@@H]3CC[C@H]2C[C@@H](NC(=O)c2cc(O)cc([N+](=O)[O-])c2)C3)=NN1,0
CC(C)CCC1=C(C(=O)O)C(c2ccc3c(c2)OCO3)Oc2ccc(OC(C)C)cc21,1
Cc1n[nH]c(C)c1[C@H]1CCCN1Cc1ccc(F)cc1[N+](=O)[O-],0
COc1ccc(C2=C(C(=O)O)C(c3ccc4c(c3)OCO4)Oc3ccc(OC(C)C)cc32)cc1,1
CCCN(Cc1ccccc1O)C(=O)Nc1ccc(CC(=O)NCC(=O)OC)cc1,0
COc1ccccc1Oc1c(NS(=O)(=O)CCc2ccccc2)nc(-c2ncccn2)nc1OCCOc1ncc(C(F)(F)F)cn1,1
COc1ccc([C@H]2[C@H](C(=O)O)[C@@H](c3ccc4c(c3)OCO4)CN2CC(=O)NC(CC(C)(C)C)c2ccccc2)cc1,1
COc1ccc(Br)cc1S(=O)(=O)Nc1onc(C)c1C,0
CC[C@H](C)[C@H](NC(=O)[C@H](CC(=O)O)NC(=O)[C@H](CC(C)C)NC(=O)[C@@H](NC(C)=O)C(c1ccccc1)c1ccccc1)C(=O)N[C@@H](CC(C)C)C(=O)N[C@@H](Cc1c[nH]c2ccccc12)C(=O)O,1
Cc1cnn(-c2ccccn2)c1Nc1ccc(Cl)c(F)c1F,0
Cc1cc(C)nc(O[C@H](C(=O)O)[C@@]2(c3ccccc3)NCC(=O)N(CC3CC3)c3ccccc32)n1,1
CNS(=O)(=O)Nc1ncnc(OCCOc2ncc(Br)cn2)c1-c1ccc(Br)cc1,1
Cc1oc([C@@H](Cc2cn(C)c3ccccc23)NC(=O)[C@H](CC(C)C)NC(=O)Nc2cccnc2)nc1C(=O)O,0
COc1cc(C)ccc1S(=O)(=O)NC(=O)C(c1ccc2c(c1)OCO2)c1cn(C)c2cc(C#N)ccc12,1
CCCCN(CCC)C(=O)CN1C[C@@H](c2ccc3c(c2)OCO3)[C@H](C(=O)O)[C@H]1c1ccc(OC)cc1,1
COc1cccc(C2(O)OC(=O)C(c3ccc4c(c3)OCO4)=C2Cc2ccccc2)c1,0
COc1ccc(Cc2[nH]n(Cc3cccc(OC)c3)c(=O)c2Cc2ccc3c(c2)OCO3)cc1,0
CN1CCc2c(CNC(=O)c3ccc(Cl)nc3)c3c(c(O)c2C1=O)OCO3,0
CC[C@H](C)[C@H](NC(=O)[C@H](CC(=O)O)NC(=O)[C@H](CC(C)C)NC(=O)[C@@H](NC(=O)CCC(=O)O)C(c1ccccc1)c1ccccc1)C(=O)N[C@H](C(=O)N[C@@H](Cc1c[nH]c2ccccc12)C(=O)O)[C@@H](C)CC,0
COc1ccc(C2=C(C(=O)O)C(c3ccc4c(c3)OCO4)Oc3ccc(C(C)C)cc32)cc1,1
COc1cccc(Sc2c(C(=O)O)n(Cc3ccccc3)c3cc(OC)c(OC)cc23)c1,1
Cc1cccc(CN2C(=O)CN[C@](c3ccccc3)([C@H](Oc3nc(C)cc(C)n3)C(=O)O)c3ccccc32)c1,1
Cc1nc(=O)c(Cl)c(-c2cc3ccccc3o2)[nH]1,0
CS(=O)(=O)N(Cc1c(Cl)cccc1Cl)c1cccc(F)c1,0
CCCCOC1=C(C(=O)O)C(c2ccc3c(c2)OCO3)Oc2ccc(OC(C)C)cc21,1
CCO[C@H]1COCC[C@@H]1Nc1cc(NC2CC2)ncn1,0
CCCc1cc(Cn2c(CC)nc3c(C)cc(C)nc32)cc(CCC)c1OC(C(=O)NS(=O)(=O)c1ccccc1)c1ccc2c(c1)OCO2,1
CC[C@@H](C)[C@H](C(=O)N[C@@H](Cc1c[nH]c2ccccc12)C(=O)O)N(C)C(=O)[C@@H](NC(=O)[C@@H](CC(=O)O)NC(=O)[C@H](CC(C)C)NC(=O)[C@H](NC(C)=O)C1c2ccccc2CCc2ccccc21)[C@@H](C)CC,1
COc1ccc(C(=O)N2CCC[C@H]2C(=O)OCC(=O)Nc2cc([N+](=O)[O-])ccc2F)c(OC)c1,0
CC(=O)c1s/c(=N/N=C/c2cc(Br)ccc2O)[nH]c1C,0
COC(=O)[C@@H](CCC(=O)O)N1CCN(c2c(C#N)cnc3ccccc23)CC1,0
Cc1ccccc1S(=O)(=O)Nc1onc(C)c1Br,0
CN1CCN(CCCn2c(-c3ccccn3)noc2=O)CC1,0
COc1ccccc1Oc1c(NS(=O)(=O)c2ccc(C(C)C)cn2)nc(C2CCNCC2)nc1OCCOC(=O)Nc1ccccn1,1
COc1ccc([C@H]2[C@H](C(=O)O)[C@@H](c3ccc4c(c3)OCO4)CN2CC(=O)Nc2c(OC)cccc2OC)cc1,1
COc1ccc(CN2C(=O)CN[C@](c3ccccc3)([C@H](Oc3nc(C)cc(C)n3)C(=O)O)c3ccccc32)cc1,1
COc1ccccc1Oc1c(NS(=O)(=O)CCc2ccccc2)nc(-c2ncccn2)nc1OCCOc1ncc(Br)cn1,1
COc1ccc(CCOC2=C(C(=O)O)C(c3ccc4c(c3)OCO4)Oc3ccc(OC(C)C)cc32)cc1,1
O=C(O)c1c(Cc2cc3c(cc2Cl)OCO3)c(-c2ccccc2)nn1CC1CCCC(C(=O)O)C1,1
O=C(O)COc1ccccc1Cn1nc(-c2cccs2)c(Cc2cc3c(cc2Cl)OCO3)c1C(=O)O,1
CC(C)C[C@H]1NC(=O)[C@H](C(C)C)NC(=O)[C@@H](C)NC(=O)[C@H](CCC(=O)O)NC(=O)[C@H](Cc2c[nH]c3ccccc23)NC1=O,0
COc1ccccc1[C@@H]1C[C@H]1C(=O)N[C@@H]1C[C@H]2CC[C@@H]1N2C(=O)c1c[nH]nc1C,0
COc1cc(OC)nc(OCCOc2nc(-c3ncccn3)nc(NS(=O)(=O)CCc3ccccc3)c2Oc2ccccc2OC)n1,0
COc1ccccc1N1CCN(C(=O)c2cc3n(n2)[C@@H](C(F)(F)F)C[C@@H](c2ccco2)N3)CC1,0
CN1N=C(C(=O)N2CCC[C@H](CCC(=O)N3CCN(c4ccccn4)CC3)C2)CCC1=O,0
CCc1cccc(CC)c1NC(=O)c1cccc(N2CCCCS2(=O)=O)c1,0
COC(=O)c1sccc1S(=O)(=O)Nc1onc(C)c1Cl,0
COC(=O)CCCCOc1cc(CC2=C(c3ccc4c(c3)OCO4)C(=O)OC2(O)c2ccc(OC)cc2)cc(OC)c1OC,1
CCCCN(CCCC)C(=O)CN1C[C@H](c2ccc3c(c2)OCO3)[C@@H](C(=O)O)[C@@H]1CCc1ccoc1,0
Cc1noc(NS(=O)(=O)c2ccsc2C(=O)Nc2cc3c(cc2C#N)OCO3)c1Cl,0
O=C(c1ccc(OC[C@@H]2CCCO2)nc1)N1CCC(Oc2cccnn2)CC1,0
COc1ccccc1Cn1[nH]c(C(F)(F)F)c(Cc2ccc3c(c2)OCO3)c1=O,0
O=C1CCc2cc([N+](=O)[O-])c(N[C@@H]3CCN(c4ccccc4C(F)(F)F)C3)cc2N1,0
CC[C@H](C)[C@H](NC(=O)[C@H](CCC(=O)O)NC(=O)[C@H](CC(=O)O)NC(=O)[C@H](CC(C)C)NC(=O)[C@@H](Cc1ccccc1)NC(C)=O)C(=O)N[C@@H](Cc1c[nH]c2ccccc12)C(=O)O,0
CCCCOc1ccc2c(c1)C(c1ccc3c(c1)OCO3)=C(C(=O)O)C(c1ccccc1OC)O2,1
COc1ccc(-c2ccsc2S(=O)(=O)Nc2onc(C)c2Br)cc1,0
CC[C@H](C)[C@H](NC(=O)[C@@H](Cc1ccccc1)NC(C)=O)C(=O)N[C@@H](Cc1c[nH]c2ccccc12)C(=O)O,0
COc1ccccc1C(=O)/C(Cc1cc(OC)c(OC)c(OC)c1)=C(\C(=O)[O-])c1ccc2nsnc2c1,1
CC(C)Cn1c(SCc2cc(=O)oc3ccc4ccccc4c23)nnc1-c1cccc(S(=O)(=O)N2CCOCC2)c1,0
CCCNS(=O)(=O)Nc1ncnc(OCCOc2cc(OC)ccc2Cl)c1-c1ncc(SC)cn1,1
CCCCOc1ccc2c(c1)C(c1ccc3c(c1)OCO3)=C(C(=O)O)C(c1ccc(OC)cc1OC)O2,1
CC(=O)Nc1cc(C(=O)N2CCC(C(=O)N3CCC[C@@H](C)C3)CC2)ccc1F,0
COc1ccc([C@@H](CNC(=O)CCCn2cccc2)c2c[nH]c3ccccc23)cc1,0
Cc1noc(NS(=O)(=O)c2ccsc2C(=O)Oc2ccccc2)c1Br,0
COC(=O)CN(CC#N)S(=O)(=O)c1cc(Br)ccc1Cl,0
C/C=C/C=C/C(=O)O[C@@H]1C=C2COC(OC)[C@]2(O)CC1,0
CCCNS(=O)(=O)Nc1ncnc(OCCOc2ncc(SC)cn2)c1-c1ccc(Br)cc1,1
Cc1noc(NS(=O)(=O)c2ccsc2C(=O)O)c1Cl,0
CCCCN(CCCC)C(=O)CN1C[C@H](c2ccc3c(c2)OCO3)[C@@H](C(=O)O)[C@@H]1CCN1CCCC1=O,0
Cc1ccc(Br)cc1S(=O)(=O)Nc1onc(C)c1C,0
CCN(CC)/C(=N/S(=O)(=O)c1ccc(C)cc1)c1ccc(Cl)cc1,0
C[C@H]1CCCN(c2ncc3c(n2)[C@H]2CN(Cc4cc(Cl)cc(F)c4O)C[C@H]2S(=O)(=O)C3)C1,0
CSc1ccc([C@@H](CNC(=O)N2CCC[C@@H]2Cc2ccccc2C)N(C)C)cc1,0
O=C(c1cc2ccccc2c2cccnc12)N1CC[C@](F)(c2ccccc2)C1,0
CCCCOC1=C(C(=O)O)C(c2ccc3c(c2)OCO3)Oc2ccc(OCCCC)cc21,1
O=C(O)C(Cc1c[nH]c2ccccc12)N(Cc1cc2c(cc1Cl)OCO2)C(=O)/C=C/c1ccc2c(c1)OCO2,1
CC(=O)O[C@@H]1CC[C@@]2(C)C(=CC[C@@H]3[C@@H]4CC[C@H](C#N)[C@@]4(C)CC[C@@H]32)C1,0
Cc1[nH]c([C@@H](Cc2cn(C)c3ccccc23)NC(=O)[C@H](CC(C)C)OC(=O)NC2CCCCC2)nc1C(=O)O,0
CCNC(=O)N1CCN(c2nnc(-c3ccc(OC)cc3OC)n2CCN(C(C)C)C(C)C)CC1,0
CCS(=O)(=O)NCCCOc1nc(C2CC2)nc(NS(=O)(=O)c2ccc(C(C)(C)C)cc2)c1Oc1ccccc1OC,1
Cc1cc(C)c2nccc(Nc3cccc(N)c3)c2c1,0
COc1ccc(CN2C(=O)CN[C@](c3cccc(-c4ccccc4)c3)([C@H](Oc3nc(C)cc(C)n3)C(=O)O)c3ccccc32)cc1,1
COc1ccc(-c2cc(C)nc([C@H]3CCCN(C(=O)c4cnccn4)C3)c2)cc1,0
Cc1cc(C)nc(O[C@H](C(=O)O)[C@@]2(c3ccccc3)NCC(=O)N(Cc3cc(F)c(F)cc3F)c3ccccc32)n1,1
COc1ccccc1Oc1c(NS(=O)(=O)c2ccc(C(C)(C)C)cc2)nc(-c2ncccn2)nc1OCCOc1ncc(Br)cn1,1
C[C@H]1CN2C(=N[C@@H](c3ccccn3)[C@@H]2c2ccc(N3CCCC3)c(F)c2)S1,0
CC[C@H](C)[C@H](NC(=O)[C@H](CC(=O)O)NC(=O)[C@H](Cc1ccccc1)NC(=O)[C@@H](Cc1ccccc1)NC(C)=O)C(=O)N[C@H](C(=O)N[C@@H](Cc1c[nH]c2ccccc12)C(=O)O)[C@@H](C)CC,1
COC[C@H](Cc1ccc(OC)c(OC)c1)[C@H](COC)Cc1ccc(OC)c(OC)c1,0
CCC(CO)Cc1cc(OC)ccc1[C@@H]1c2nc(NC(C)C)ccc2[C@H](c2ccc3c(c2)OCO3)[C@H]1C(=O)O,1
CC(C)(C)OC(=O)c1ccc(N)c(N)c1,0
COc1ccc(C2(O)OC(=O)C(c3cc(OC)c4c(c3)OCO4)=C2Cc2cc(OC)c(OC)c(OC)c2)cc1,1
CC[C@H](C)[C@H](NC(=O)[C@H](CC(=O)O)NC(=O)[C@H](CC(C)C)N(C)C(=O)[C@@H](NC(C)=O)C(c1ccccc1)c1ccccc1)C(=O)N[C@H](C(=O)N[C@@H](Cc1c[nH]c2ccccc12)C(=O)O)[C@@H](C)CC,1
O=C(O)c1c(Cc2cc3c(cc2Cl)OCO3)c(-c2ccsc2)nn1CC1CCCCC1,1
Cc1oc([C@@H](Cc2cn(C)c3ccccc23)NC(=O)[C@H](CC(C)C)NC(=O)NC2CCCc3ccccc32)nc1C(=O)O,0
CCCCN(CCCC)C(=O)CN1C[C@H](c2ccc3c(c2)OCO3)[C@@H](C(=O)O)[C@@H]1CCc1cccn1C,0
COC(=O)c1cc([N+](=O)[O-])c(C)cc1NC[C@@H](O)C(N)=O,0
CC(C)c1ccc(S(=O)(=O)NC(=O)C(c2ccc3c(c2)OCO3)N2N=C(c3cccs3)CCC2=O)cc1,0
CC[C@@H]1C(=O)NCCN1C(=O)C1CCN(c2ccc(C(F)(F)F)cn2)CC1,0
CC1(C)C[C@H]1C(=O)N1C[C@@H]2C[C@H]1CN2c1nc(C#N)c(Cl)s1,0
COc1cccc(Cn2nc(-c3ccccc3)c(Cc3ccc4c(c3)OCO4)c2C(=O)O)c1,1
C=CCCc1ccc2c(n1)[C@@H](c1ccc(OC)cc1)[C@H](C(=O)O)[C@H]2c1ccc2c(c1)OCO2,1
CCCN(CCN1C[C@H](c2ccc3c(c2)OCO3)[C@@H](C(=O)O)[C@@H]1c1ccc(OC)cc1)S(=O)(=O)CC,1
O=C(O)c1c(Cc2cc3c(cc2Cl)OCO3)c(-c2ccccc2)nn1CC1CCCCC1,1
Cc1cc(C)nc(O[C@H](C(=O)O)[C@@]2(c3ccccc3)NCC(=O)N(Cc3cccc(F)c3F)c3ccccc32)n1,1
Cc1cccc(NC(=O)c2sccc2S(=O)(=O)Nc2onc(C)c2Br)c1,0
N#Cc1ccc(N2C[C@@H](C(=O)N[C@@H](c3ccc(Br)cc3)C3CCC3)CC2=O)cc1,0
Cc1[n-][o+]c(NS(=O)(=O)c2cccc([N+](=O)[O-])c2)c1Br,0
Cc1csc2ccc(-n3c(C)ncc(CN)c3=N)nc12,0
Cn1cc(C(C(=O)NS(=O)(=O)c2ccc(CC(=O)O)cc2)c2ccc3c(c2)OCO3)c2ccc(C(N)=O)cc21,1
O=S(=O)(NCc1ccccc1)Nc1ncnc(OCCOc2ncc(Br)cn2)c1-c1ccc(Br)cc1,1
Cc1noc(NS(=O)(=O)c2ccccc2)c1C,0
CCCS(=O)(=O)N(CCN1C[C@H](c2ccc3c(c2)OCO3)[C@@H](C(=O)O)[C@@H]1c1ccc(OC)cc1)CC(C)C,1
COC(=O)CNC(=O)Cc1ccc(NC(=O)NCCn2cnc(C#N)n2)cc1,0
CCc1ccccc1C(NC(=O)CN1C[C@H](c2ccc3c(c2)OCO3)[C@@H](C(=O)O)[C@@H]1c1ccc(OCCOC(C)C)cc1)c1ccccc1C,1
COc1ccc([C@@H]2c3nc(CC(C)C)ccc3[C@H](c3ccc4c(c3)OCO4)[C@H]2C(=O)O)cc1,1
CCCCC(NC(=O)[C@@H](Cc1c(Br)[nH]c2ccccc12)NC(=O)C(CC(C)C)NC(=O)N1CCCCC1C)C(=O)O,1
CC[C@H](C)[C@H](NC(=O)[C@H](CC(=O)O)NC(=O)[C@H](CC(C)C)NC(=O)[C@H](Cc1c[nH]c2ccccc12)NC(C)=O)C(=O)N[C@H](C(=O)N[C@@H](Cc1c[nH]c2ccccc12)C(=O)O)[C@@H](C)CC,1
CC(F)(F)CNc1cnccc1C#N,0
Cc1noc(NS(=O)(=O)c2ccc([N+](=O)[O-])cc2)c1C,0
COc1cccc(Sc2c(C(=O)O)oc3ccccc23)c1,0
COC(=O)c1cc(OC)cc(OC)c1NC(=O)c1sccc1S(=O)(=O)Nc1onc(C)c1Cl,0
CC(C)c1ccccc1NC(=O)N(CCC(F)(F)F)CC1CC1,0
COc1ccc(C2(O)OC(=O)C(c3ccc4c(c3)OCO4)=C2CC2CCCCC2)cc1,1
Cc1ccc(-c2c([N-]S(=O)(=O)c3ccc(C(C)(C)C)cc3)ncnc2OCCOc2ncc(-c3ccco3)cn2)cc1,1
COc1cc(CC(=O)N2CCOC[C@@]3(C2)CN(C(=O)[C@@H]2CCCO2)CCO3)ccc1[N+](=O)[O-],0
NC(=S)Nc1ccccc1Oc1ccccc1,0
CC(C)(C)OC(=O)NCc1ccc(NC(=O)C(=O)NCCNc2ncccc2C#N)cc1,0
COc1cc(C(=O)Nc2cc([C@H]3CCCCN3C(=O)[C@H](N)c3ccccn3)[nH]n2)ccc1C,0
CCCC[C@H](NC(=O)[C@@H](Cc1c(C#N)[nH]c2ccccc12)NC(=O)C(CC(C)C)NC(=O)N1[C@H](C)CCC[C@@H]1C)C(=O)O,1
COc1ccc([C@@H]2c3nc(NC(C)C)ccc3[C@H](c3ccc4c(c3)OCO4)[C@H]2C(=O)O)c(CC(O)CO)c1,1
CCCOc1ccc2c(c1)c(-c1ccc3c(c1)OCO3)c(C(=O)O)n2-c1ccc2c(c1)OCO2,0
COc1ccc(Sc2c(C(=O)O)n(Cc3cc(OC)c4c(c3)OCO4)c3cc4c(cc23)OCO4)cc1OC,1
Cc1noc(NS(=O)(=O)c2ccc(F)cc2)c1Br,0
CCC1(F)CC(C(=O)O)C1,0
CC[C@H](C)[C@H](NC(=O)[C@H](CCCCN)NC(=O)[C@H](CC(C)C)NC(=O)[C@@H](Cc1ccccc1)NC(C)=O)C(=O)N[C@H](C(=O)N[C@@H](Cc1c[nH]c2ccccc12)C(=O)O)[C@@H](C)CC,0
Cc1c(C(=O)O)nc([C@@H](Cc2c[nH]c3ccccc23)NC(=O)[C@H](CC(C)C)NC(=O)N2CCCCCC2)n1Cc1ccccc1,0
CC[C@H](C)[C@H](NC(=O)[C@H](CC(=O)O)NC(=O)[C@H](CC(C)C)NC(=O)[C@@H](N)Cc1c[nH]cn1)C(=O)N[C@H](C(=O)N[C@@H](Cc1c[nH]c2ccccc12)C(=O)O)[C@@H](C)CC,0
COc1ccc2nccc3c2c1NC(Cl)=C3,0
CCOc1ccc(C(=O)C2=C(O)C(=O)N(CCc3c[nH]c4ccc(OC)cc34)[C@@H]2c2ccc(O)cc2)cc1,0
CCCCC(NC(=O)[C@@H](Cc1c(C#N)[nH]c2ccccc12)NC(=O)C(NC(=O)N1[C@H](C)CCC[C@@H]1C)C(C)C(C)C)C(=O)O,1
COc1cc(F)ccc1CNCC1CCN(C(C)=O)CC1,0
CCCN(C)C(=O)CN1C[C@H](c2cccc3occc23)[C@@H](C(=O)O)[C@@H]1c1ccc(OC)cc1,0
Cc1ccc(=O)n(C(C(=O)NS(=O)(=O)c2ccccc2)c2ccc3c(c2)OCO3)n1,0
C[C@H]1NCCC[C@@H]1C(=O)NCCOCC1CC1,0
COc1ccc([C@@H]2c3nc(NC(C)C)ccc3[C@H](c3ccc4c(c3)OCO4)[C@H]2C(=O)O)c(CN(C)C(C)=O)c1,1
Cc1noc(NS(=O)(=O)c2ccsc2C(=O)Nc2ccc3c(c2C)OCO3)c1Cl,0
Cc1ccc(NC(=O)CSc2nc3ccccc3c(=O)n2Cc2ccc(Cl)cc2)cc1F,0
COc1ccc(C2(O)OC(=O)C(c3ccc4c(c3)OCO4)=C2Cc2cc(OC)c3c(c2)OCO3)cc1,0
Cc1noc(NS(=O)(=O)c2sccc2Oc2ccccc2)c1Br,0
CCCCCC(C)(C)C(=O)[C@H](C#N)c1ncc(C(C)(C)C)s1,0
Cc1[nH]c([C@@H](Cc2cn(C)c3ccccc23)NC(=O)[C@H](CC(C)C)NC(=O)NC2CCC(O)CC2)nc1C(=O)O,0
C#CCOc1nc(-c2ccnc(CO)c2)nc(NS(=O)(=O)c2ccc(C(C)C)cn2)c1Oc1ccccc1OC,1
Cc1noc(NS(=O)(=O)c2ccc(F)cc2)c1C,0
CCN(CC)c1ccc(CN2CCC3(CCCOC3)CC2)c(OC)c1,0
CCNS(=O)(=O)Nc1ncnc(OCCOc2ncc(Br)cn2)c1-c1ccc(Br)cc1,1
Cc1oc([C@@H](Cc2cn(C)c3ccccc23)NC(=O)[C@H](CC(C)C)NC(=O)Nc2ccccn2)nc1C(=O)O,0
CSCCC(NC(=O)[C@@H](Cc1c(C)[nH]c2ccccc12)NC(=O)C(CC(C)C)NC(=O)N1[C@H](C)CCC[C@@H]1C)C(=O)O,1
O=[N+]([O-])c1ccc2c(c1)C[C@@H](N(Cc1ccccn1)C1CCCCC1)C2,0
O=C(NCCc1ccc(O)c(O)c1)Nc1ccc(S(=O)(=O)N2CCOCC2)cn1,0
CN1CCC[C@H](C(=O)NC[C@@H]2CCN(C(=O)c3cc(O)cc([N+](=O)[O-])c3)[C@@H]2c2cccnc2)C1,0
CC[C@H](C)[C@H](NC(=O)[C@H](Cc1ccccc1)NC(=O)[C@H](CC(=O)O)NC(=O)[C@H](CC(C)C)NC(=O)[C@@H](NC(C)=O)C(c1ccccc1)c1ccccc1)C(=O)N[C@@H](Cc1c[nH]c2ccccc12)C(=O)O,1
Cc1noc(NS(=O)(=O)c2sccc2Cc2ccccc2)c1Br,0
CS(=O)(=O)NCCNC(=S)NCc1ccccc1O,0
C=C(C)CCN1C(=O)[C@@H](CC(=O)NC)SC1=Nc1ccc(C)c(F)c1,0
COCCOc1c(Cl)cc(NC(=O)N(CCO)[C@H]2CCS(=O)(=O)C2)cc1Cl,0
Cc1ccccc1C(CCC(=O)O)Oc1cc(OCc2ccsc2)ccc1-c1ncco1,0
Cc1cc(C)nc(O[C@H](C(=O)O)[C@@]2(c3ccccc3)NCC(=O)N(Cc3ccc(F)c(F)c3)c3ccccc32)n1,1
CN(C)CC(C)(C)CNC(=O)[C@@H]1C[C@H]1C(N)=O,0
O=C(O)C1=C(c2ccccc2)c2ccccc2OC1c1ccc2c(c1)OCO2,0
CCN1CCC(CNc2cccc(CC#N)c2)CC1,0
COc1ccc(-c2c(C(=O)O)c(=O)n(Cc3ccccc3OC)c3c2oc2ccccc23)cc1,1
COc1ccc(-c2c(C(=O)O)c(=O)n(Cc3ccccc3C(C)C)c3c2oc2ccccc23)cc1,1
Cc1oc([C@@H](Cc2cn(C)c3ccccc23)NC(=O)[C@H](CC(C)C)NC(=O)NC23CC4CC(CC(C4)C2)C3)nc1C(=O)O,0
COc1ccc2c(c1)c(-c1ccc3c(c1)OCO3)c(C(=O)O)n2-c1ccc2c(c1)OCO2,0
COc1ccc([C@H](CO)CNc2cc(C)c([N+](=O)[O-])c(C(=O)O)c2)cc1,0
COc1cccc(Sc2c(C(=O)O)n(Cc3cc(OC)c4c(c3)OCO4)c3cc4c(cc23)OCO4)c1,0
CCCS(=O)(=O)NCCOc1nc(N2CCOCC2)nc(NS(=O)(=O)c2ccc(C(C)C)cn2)c1Oc1ccccc1OC,1
COc1ccc(-c2nc(NS(=O)(=O)c3ccc(C(C)(C)C)cc3)c(Oc3ccccc3OC)c(OC[C@H](O)CO)n2)cc1,1
C=C(C)[C@H]1OCC[C@H]1CNC(=O)C(=O)N1CCC(c2ncc3n2CCCC3)CC1,0
Cc1ccccc1C(CCC(=O)O)Oc1cc(OCc2ccsc2)ccc1-c1ncc[nH]1,0
CCCCC1=C(C(=O)O)C(c2ccc3c(c2)OCO3)Oc2ccc(OC(C)C)cc21,1
CC[C@H](C)[C@H](NC(=O)[C@H](CC(=O)O)NC(=O)[C@H](CC(C)C)NC(=O)[C@@H](NC(=O)C1CCCCC1)C(c1ccccc1)c1ccccc1)C(=O)N[C@H](C(=O)N[C@@H](Cc1c[nH]c2ccccc12)C(=O)O)[C@@H](C)CC,1
NC(=O)N[C@@H](CO)C(=O)N[C@@H]1CCN(c2cccc(Br)c2)C1=O,0
COc1ccc([C@@H]2[C@@H](C(=O)O)[C@H](c3ccc4c(c3)OCO4)CN2C(=O)COc2ccc(F)cc2)cc1,0
COc1ccccc1Oc1c(NS(=O)(=O)NCc2ccccc2)nc(-c2ccncc2)nc1OCCOc1ncc(Br)cn1,1
CCO[C@H](C)n1cc(-c2ccc3c(OC)cccc3c2)cn1,0
CCCN(CCN1C[C@H](c2ccc3c(c2)OCO3)[C@@H](C(=O)O)[C@@H]1c1ccc(OC)c(F)c1)S(=O)(=O)CC(C)C,1
Cc1oc([C@@H](Cc2cn(C)c3ccccc23)NC(=O)[C@H](CC(C)C)NC(=O)NC2CCCCCC2)nc1C(=O)O,0
Cc1noc(NS(=O)(=O)c2cccc(Cl)c2)c1C,0
CCCCN(CCCC)C(=O)CN1C[C@H](c2ccc3c(c2)OCO3)[C@@H](C(=O)O)[C@@H]1CN1CCCCS1(=O)=O,0
CCCCN(CCCC)C(=O)CN1C[C@H](c2ccc3c(c2)OCO3)[C@@H](C(=O)O)[C@@H]1CCN1C(=O)CCC1=O,0
CC(C)OC1=C(C(=O)O)C(c2ccc3c(c2)OCO3)Oc2ccc(OC(C)C)cc21,1
CCc1oc([C@@H](Cc2c[nH]c3ccccc23)NC(=O)[C@H](CC(C)C)NC(=O)N2CCCCCC2)nc1C(=O)O,0
CC(C)[C@H]1NC(=O)[C@H](C2CCCC2)NC(=O)[C@@H]2CCCN2C(=O)[C@@H](CC(=O)O)NC(=O)[C@H](Cc2c(Br)[nH]c3ccccc23)NC1=O,1
COc1ccc([C@@H]2c3nc(NC(C)C)ccc3[C@H](c3ccc4c(c3)OCO4)[C@H]2C(=O)O)c(OC(C)C)c1,1
Cc1ccc(OC(=O)c2sccc2S(=O)(=O)Nc2onc(C)c2C)c(C)c1,0
CCc1sc([C@@H](Cc2c[nH]c3ccccc23)NC(=O)[C@H](CC(C)C)NC(=O)N2CCCCCC2)nc1C(=O)O,0
C[C@H](N[C@@H]1CCN(Cc2ccc(C#N)cc2)C1=O)c1cccs1,0
COc1ccc(-c2ccc3c(c2)C(=O)c2ccccc2[C@@H]2[C@H](C(=O)O)[C@H](C(=O)O)[C@H]32)cc1,1
COc1cccc(Cn2[nH]c(C(F)(F)F)c(Cc3ccc4c(c3)OCO4)c2=O)c1,0
COc1ccccc1Oc1c(NS(=O)(=O)c2ccc(C(C)C)cc2)nc(C(F)(F)F)nc1OCCO,1
CCN1C(=O)C(=Cc2cc(I)c(O)c(OC)c2)C(=O)N(CC)C1=O,0
CCOC(=O)c1ccc(N2CCN(C(C)=O)CC2)c(NC(=O)c2cc(Br)cc(C)c2OC)c1,0
COc1ccc([C@H]2[C@H](C(=O)O)[C@@H](c3ccc4c(c3)OCO4)CN2CC(=O)Nc2c(C)cccc2C(C)C)cc1,1
C/C=C/C=C/C(=O)O[C@@H]1C=C2COC(=O)[C@]2(O)CC1,0
COc1ccccc1OCc1ccc(C(=O)N[C@H]2CCCN(c3ccc(C#N)cc3F)C2)o1,0
COc1cccc(Sc2c(NS(=O)(=O)c3ccc(C(C)(C)C)cc3)noc2CCCCC=O)c1,1
CCCOc1ccc([C@H]2[C@H](C(=O)O)[C@@H](c3ccc4c(c3)OCO4)CN2CC(=O)Nc2c(CC)cccc2CC)cc1,1
CC(C)Oc1ccc2c(c1)C=C(C(=O)O)[C@@H](c1ccc3c(c1)OCO3)O2,0
CCCN(C)C(=O)CN1C[C@H](c2ccc(OC)c(OC)c2)[C@@H](C(=O)O)[C@@H]1c1ccc(OC)cc1,0
COc1ccc(-c2c(C(=O)O)c(=O)n(Cc3ccccc3C)c3c2oc2ccccc23)cc1,1
Cc1oc([C@@H](Cc2cn(C)c3ccccc23)NC(=O)[C@H](CC(C)C)NC(=O)N2CCc3ccccc32)nc1C(=O)O,0
Cc1ccc(OC(=O)c2sccc2S(=O)(=O)Nc2onc(C)c2Cl)cc1,0
CCCCNS(=O)(=O)Nc1ncnc(OCCOc2ncc(SC)cn2)c1-c1ccc(Cl)cc1,1
COc1ccc2c(c1)c(-c1ccc(OC)c(OC)c1)c(C(=O)O)n2-c1ccc2c(c1)OCO2,0
Cc1cc(C)nc(O[C@H](C(=O)O)[C@@]2(c3ccccc3)NCC(=O)N(Cc3ccccc3Cl)c3ccccc32)n1,1
CCCCCCCCCN1C[C@H]2CN[C@@H](C2)C1,0
C#CC(=O)N[C@H]1[C@@H]2COC[C@H]1CN(C(=O)CCOCCOCCNC(=O)OC(C)(C)C)C2,0
CCC[C@@H](C(=O)NCc1cccc(OC)c1O)S(N)(=O)=O,0
C[C@H](NC(=O)N(Cc1ccc(N(C)C)cc1)C1CC1)c1ccsc1,0
COc1ccc([C@H]2[C@H](C(=O)O)[C@@H](c3ccc4c(c3)OCO4)CN2CC(=O)NC(Cc2ccccc2)c2ccccc2)cc1,1
COc1ccc(C(=O)N(Cc2cc3c(cc2Cl)OCO3)C(Cc2c[nH]c3ccccc23)C(=O)O)cc1,0
CC[C@H](C)C[C@@H](CC)N[C@H](CC)C1CCCC1,0
Cc1noc(NS(=O)(=O)c2ccsc2C(=O)Nc2ccc(=O)[nH]n2)c1Br,0
COc1ccc([C@H]2[C@H](C(=O)O)[C@@H](c3ccc4c(c3)OCO4)CN2CC(=O)Nc2c(C)cccc2C)cc1,1
Cc1ccc([C@H]2C[C@H](c3cccc(C)c3)n3ncnc3N2)cc1,0
Cc1noc(NS(=O)(=O)c2ccsc2C(=O)Cc2ccc3c(c2)OCO3)c1C,0
O=c1c(Cc2ccc3c(c2)OCO3)c(C(F)(F)F)[nH]n1Cc1ccccc1,0
COc1cc2c(Sc3ccc4c(c3)OCO4)c(C(=O)O)n(Cc3ccc4c(c3)OCO4)c2cc1OC,1
Cc1cc(C)nc(O[C@H](C(=O)O)[C@@]2(c3ccccc3)NCC(=O)N(Cc3cccc(C(F)(F)F)c3)c3ccccc32)n1,1
CCCc1ccc(CC(C)=O)cc1,0
COc1ccc(C2(O)OC(=O)C(c3ccc4c(c3)OCO4)=C2Cc2ccc(OC)c(OC)c2)cc1,1
CNCC(=O)OCCOc1nc(C)nc(NS(=O)(=O)c2ccc(C(C)(C)C)cc2)c1Oc1ccccc1OC,1
CC[C@@H](c1ccccc1)[C@H]1CCCN1C(=O)NCc1nc2ccc([N+](=O)[O-])cc2[nH]1,0
Cc1noc(NS(=O)(=O)c2ccsc2C(=O)Nc2cccc(C(=O)O)c2)c1Br,0
Cc1coc(Nc2ccc(N)cc2Cl)c1C#N,0
CC(C)[C@H]1NC(=O)[C@H](C(C)(C)C)NC(=O)[C@@H]2CCCN2C(=O)[C@@H](CC(=O)O)NC(=O)[C@H](Cc2c(Br)[nH]c3ccccc23)NC1=O,1
Cc1noc(NS(=O)(=O)c2cc(Cl)ccc2Cl)c1C,0
C[C@@H]1CN([C@@H]2CC[C@@H]2C(=O)O)CCO1,0
Cc1ccc(CN2C(=O)CN[C@](c3ccccc3)([C@H](Oc3nc(C)cc(C)n3)C(=O)O)c3ccccc32)cc1,1
CCCc1cc(Cn2c(CC)nc3c(C)cc(C)nc32)ccc1OC(C(=O)NS(=O)(=O)c1ccc(C(C)C)cc1)c1ccc2c(c1)OCC2,1
N#CCCC(=O)N1CCCC2(CCN(C(=O)c3cc4n(n3)Cc3ccccc3NC4=O)CC2)C1,0
CCCCN(CCCC)C(=O)CN1C[C@H](c2ccc3c(c2)OCO3)[C@@H](C(=O)O)[C@@H]1CC(C)CCC,0
Cc1cc(C)nc(O[C@H](C(=O)O)[C@@]2(c3ccccc3)NCC(=O)N(Cc3cc(F)ccc3F)c3ccccc32)n1,1
C#CCC[C@H](O)CNC(=O)CCn1cnnn1,0
C[C@@H](NC[C@H](c1ccccc1)C1CC1)c1ccc(C#N)cc1F,0
C[C@H](NCc1cnnn1C)c1ccc(N2CCCCCC2)cc1,0
Cc1ccc(C)c(CC(=O)c2sccc2S(=O)(=O)Nc2onc(C)c2Cl)c1,0
CC[C@H](C)[C@H](NC(=O)[C@H](CC(=O)O)NC(=O)[C@H](CC(C)C)NC(=O)[C@@H](NC(C)=O)C(c1ccccc1)c1ccccc1)C(=O)N[C@H](C(=O)N(C)[C@@H](Cc1c[nH]c2ccccc12)C(=O)O)[C@@H](C)CC,0
CN(C)c1oc(/C=C2\C(=O)NC(=O)N(c3cccc(F)c3)C2=O)cc1Br,0
Cc1noc(NS(=O)(=O)c2ccsc2C(=O)NCc2ccccc2)c1Br,0
Cc1ccccc1[C@@H](CCC(=O)O)Oc1cc(OCc2cccnc2)ccc1C#N,0
O=[N+]([O-])c1cccc(-c2nc(CNCCc3cccc4cccnc34)cs2)c1,0
COc1ccc(C2(O)OC(=O)C(c3ccc4c(c3)OCO4)=C2Cc2cc(OC)cc(OC)c2)cc1,1
CON1CCC(N(C)CC[N+](=O)[O-])CC1,0
Cn1cc(C(C(=O)NS(=O)(=O)c2ccccc2C(=O)O)c2ccc3c(c2)OCO3)c2ccc(C(N)=O)cc21,1
CC(=O)NC1CN(Cc2cc3ccccc3cc2O)C1,0
Cc1noc(NS(=O)(=O)c2cc(Cl)cc(Cl)c2)c1Br,0
CCNS(=O)(=O)Nc1ncnc(OCCOc2ncc(SC)cn2)c1-c1ccc(Cl)cc1,1
O=C(O)C[C@@]1(NCc2nc3ccc([N+](=O)[O-])cc3[nH]2)CCOC1,0
COc1ccccc1O[C@H](C(=O)O)[C@@]1(c2ccccc2)NCC(=O)N(Cc2c(Cl)cccc2Cl)c2ccccc21,0
COc1ccccc1Oc1c(NS(=O)(=O)c2ccc(C(C)C)cn2)nc(C2CC2)nc1OCCCNS(=O)(=O)c1cccs1,1
CCCC(NC(=O)CN1C[C@H](c2ccc3c(c2)OCO3)[C@@H](C(=O)O)[C@@H]1c1ccc(OC)cc1)c1ccccc1,1
CC[C@@H](C)[C@@H]1NC(=O)[C@H](C)NC(=O)[C@H](CCC(=O)O)NC(=O)[C@@H](Cc2c[nH]c3ccccc23)NC(=O)[C@H](CC(C)C)NC1=O,0
O=C(NC[C@@H]1OC[C@@H]2CCN(C(=O)Cc3cnccn3)C[C@@H]21)c1cnc2ccccn12,0
CCCC[C@H](NC(=O)[C@@H](Cc1cn(C(=O)OC)c2ccccc12)NC(=O)[C@@H](CC(C)(C)C)NC(=O)N1[C@H](C)CCC[C@@H]1C)C(=O)[O-],1
Cc1ccc(S(=O)(=O)N(C)Cc2ccccc2O)c2cccnc12,0
CC[C@H](C)NC(=O)CN1CCN(C(=O)NCCc2cc(C)n(-c3ccccc3)c2C)CC1,0
Cc1cc(C)c(=O)n(C(C(=O)NS(=O)(=O)c2ccc(C(C)(C)C)cc2)c2ccc3c(c2)OCO3)n1,1
Cc1ccc(-c2c([N-]S(=O)(=O)c3ccc(C(C)(C)C)cc3)ncnc2OCCOc2ncc(-c3cccs3)cn2)cc1,1
Cc1cccc(-c2nc(CSc3nnc(C)s3)cs2)c1,0
CCCCC(NC(=O)[C@@H](Cc1c(C#N)[nH]c2ccccc12)NC(=O)C(NC(=O)N1[C@H](C)CCC[C@@H]1C)C(C)C)C(=O)O,1
Cc1nc2ccc(F)cn2c1C(=O)NC[C@H]1CCN(C(=O)c2cc(O)nc(O)c2)[C@@H]1c1cccnc1,0
CCCCN(CCCC)C(=O)CN1C[C@H](c2ccc3c(c2)OCO3)[C@@H](C(=O)O)[C@@H]1C(C)(C)CCCC,0
COc1cc(C/C(C(=O)c2ccc3c(c2)OCO3)=C(/C(=O)[O-])c2ccc3nsnc3c2)cc(OC)c1OC,1
CCCCC(NC(=O)[C@@H](Cc1c(Cl)[nH]c2ccccc12)NC(=O)C(CC1CC1)NC(=O)N1[C@H](C)CCC[C@@H]1C)C(=O)O,1
COc1ccccc1S(=O)(=O)NC(=O)C(c1ccc2c(c1)OCO2)c1cn(C)c2cc(C(N)=O)ccc12,1
Cc1ccccc1OC(=O)C1CCCCC1,0
Cc1noc(NS(=O)(=O)c2cccc3c(N(C)C)cccc23)c1C,0
CC(C)C[C@H](NC(=O)N1CCCCCC1)C(=O)N[C@H](Cc1c[nH]c2ccccc12)c1nc(C(=O)O)c(C2CC2)o1,0
COc1ccccc1Oc1c(NS(=O)(=O)c2ccc(C)cn2)nc(N2CCOCC2)nc1OCC#CCOC(=O)Nc1ccccc1,1
COc1ccc(-c2c(C(=O)O)c(=O)n(Cc3c(OC)cccc3OC)c3c2oc2ccccc23)cc1,0
COc1ccc([C@H]2[C@H](C(=O)O)[C@@H](c3ccc4c(c3)OCO4)CN2CC(=O)NC(c2ccccc2)C(C)(C)C)cc1,1
COc1ccc([C@@H]2c3ncccc3[C@H](c3ccc4c(c3)OCO4)[C@H]2C(=O)O)cc1,1
Cc1ccc(NC(=O)c2sccc2S(=O)(=O)Nc2onc(C)c2C)cc1,0
CCCCC(NC(=O)CN1C[C@H](c2ccc3c(c2)OCO3)[C@@H](C(=O)O)[C@@H]1c1ccc(OC)cc1)c1ccccc1,1
COc1ccc(-c2c(C(=O)O)n(-c3ccc4c(c3)OCO4)c3ccc(OCc4ccccc4)cc23)cc1,0
CCN(C[C@H](C)C#N)C(=O)CCSc1ccc(Cl)cc1,0
CC(=NOC(C)(C)C)C1CCC1,0
Cc1cc(C)nc(O[C@H](C(=O)O)[C@@]2(c3ccccc3)NCC(=O)N(Cc3ccc(-c4ccccc4)cc3)c3ccccc32)n1,1
Cc1cccc(-n2c(C)nnc2S[C@H](C[N+](=O)[O-])c2cccc([N+](=O)[O-])c2)c1,0
Cc1[nH]c2ccccc2c1C[C@@H]1NC(=O)[C@@H](C2CC2)NC(=O)[C@H](C2CCCC2)NC(=O)[C@@H]2CCCN2C(=O)[C@@H](CC(=O)O)NC1=O,1
COc1cccc(Oc2c(NS(=O)(=O)c3ccc(SC)cc3)cc(C(=O)Nc3ccccc3)cc2OCCO)c1,1
Cc1cc(C)c(CN2C(=O)CN[C@](c3ccccc3)([C@H](Oc3nc(C)cc(C)n3)C(=O)O)c3ccccc32)c(C)c1,1
Cc1noc(NS(=O)(=O)c2ccc(-c3ccccc3)cc2)c1C,1
CCCCN(CCCC)CC(=O)N1C[C@@H](c2ccc3c(c2)OCO3)[C@H](C(=O)O)[C@H]1c1ccc(OC)cc1,0
Cc1cc(C)nc(O[C@H](C(=O)O)[C@@]2(c3ccccc3)NCC(=O)N(Cc3ccc(F)cc3F)c3ccccc32)n1,1
O=C(O)c1c(-c2ccc3c(c2)OCO3)c2cc(OCc3ccccc3)ccc2n1-c1ccc2c(c1)OCO2,0
O=C(Nc1ccc(N=Nc2ccccc2)cc1)C(=O)Nc1cccc(OC[C@@H]2CCCO2)c1,0
CCCCN(CCCC)C(=O)CN1C[C@H](c2ccc3c(c2)OCO3)[C@@H](C(=O)O)[C@@H]1CCc1ccccn1,0
Cc1cc([N+](=O)[O-])ccc1NCc1cccc(Cn2cccn2)c1,0
N#Cc1ccccc1COC1CCN(CCF)CC1,0
CC(C)Oc1ccc2c(c1)C(c1ccc3c(c1)OCO3)=C(C(=O)O)C(c1ccc3c(c1)OCO3)O2,1
Cc1cc(C)nc(O[C@H](C(=O)O)[C@@]2(c3ccccc3)NCC(=O)N(Cc3ccc(Cl)cc3)c3ccccc32)n1,1
Cn1nccc1CCC(=O)N[C@@H]1CCN(CC(N)=O)C[C@H]1O,0
O=C(O)c1c(-c2ccc3c(c2)OCO3)c2ccccc2n(Cc2ccccc2)c1=O,0
CCC(NC(=O)CN1C[C@H](c2ccc3c(c2)OCO3)[C@@H](C(=O)O)[C@@H]1c1ccc(OC)cc1)c1ccccc1,1
COc1cccc(Sc2c(NS(=O)(=O)c3ccc(C(C)(C)C)cc3)noc2CCCCO)c1,1
O=C(CSCc1cccc(Cl)c1)Nc1ccc2ccccc2c1,0
CCCCCCS(=O)(=O)N(CCC)CCN1C[C@H](c2ccc3c(c2)OCO3)[C@@H](C(=O)O)[C@@H]1c1ccc(OC)cc1,1
COc1ccc(C2(CN[C@@H](C)C(=O)Nc3sc4c(c3C#N)CCC4)CCOCC2)cc1,0
CCCN(CCN1C[C@H](c2ccc3c(c2)OCO3)[C@@H](C(=O)O)[C@@H]1c1ccc(OC)cc1)S(=O)(=O)c1ccc(OC)cc1,1
CC(C)[C@@H]1NC(=O)[C@@H]2CCCN2C(=O)[C@@H](CC(=O)O)NC(=O)[C@H](Cc2c(Cl)[nH]c3ccccc23)NC(=O)[C@@H](C(C)C)NC1=O,1
COc1cccc(Sc2c(C(=O)O)sc3ccccc23)c1,0
CCCC(NC(=O)[C@@H](Cc1c(C#N)[nH]c2ccccc12)NC(=O)C(NC(=O)N1[C@H](C)CCC[C@@H]1C)C(C)C)C(=O)O,1
C[C@@H](C(=O)N(C)Cc1ncon1)n1cccn1,0
O=C(N[C@H]1CCCN(c2ccc(OC(F)F)cc2)C1)[C@@H]1CCCN1C(=O)C(F)(F)F,0
COc1ccc([C@@H]2c3nc(NC(C)C)ccc3[C@H](c3ccc4c(c3)OCO4)[C@H]2C(=O)O)c(CC(C)(C)O)c1,1
N#CC(c1ccccc1)(c1ccccc1)[C@@H]1CCN(Cc2ccnn2[C@H]2CCCCO2)C1,0
O=C(N[C@@H]1CN(Cc2cc(F)cc(Br)c2O)[C@@H]2COC[C@@H]21)c1ccsc1,0
CCCCOC1=C(C(=O)O)C(c2ccc3c(c2)OCO3)Oc2ccc(OCCC)cc21,1
CC[C@H](C)[C@@H]1NC(=O)[C@@H](C)NC(=O)[C@H](CCC(=O)O)NC(=O)[C@H](Cc2c[nH]c3ccccc23)NC(=O)[C@@H](CC(C)C)NC1=O,0
COc1cc(C#N)c(NC(=S)Nc2cccc(Oc3ncc(C(F)(F)F)cc3Cl)c2)cc1OC,0
CC(C)c1ccc([C@H](C)N2CC[C@@H](F)C2)cc1,0
CCCCN(CCCC)C(=O)CN1C[C@H](c2ccc3c(c2)OCO3)[C@@H](C(=O)O)[C@@H]1CCC(CC)CC,0
Cc1oc([C@@H](Cc2cn(C)c3ccccc23)NC(=O)[C@@H](CC(=O)NC2CCCCC2)CC(C)C)nc1C(=O)O,0
COc1ccccc1Oc1c([N-]S(=O)(=O)c2ccc(C(C)(C)C)cc2)nc(-c2ncccn2)nc1OCCO,1
CCCOc1ccc(F)cc1-c1cc(CSC)ccn1,0
Cc1ccc(C)c(S(=O)(=O)Nc2onc(C)c2Br)c1,0
CCn1cc(C(C(=O)NS(=O)(=O)c2ccc(C(C)C)cc2)c2ccc3c(c2)OCO3)c2ccc(C(N)=O)cc21,1
Cc1sc([C@@H](Cc2c[nH]c3ccccc23)NC(=O)[C@H](CC(C)C)NC(=O)N2CCCCCC2)nc1C(=O)O,0
C=CCSc1nnc2c(n1)O[C@H](c1ccc[nH]1)Nc1ccccc1-2,0
COc1ccc(-c2c(C(=O)O)c(=O)n(Cc3cc(OC)ccc3OC)c3c2oc2ccccc23)cc1,1
CCCc1cc(C(=O)O)ccc1OC(C(=O)NS(=O)(=O)c1ccc(C(C)C)cc1)c1ccc2c(c1)OCO2,1
CCCC[C@@H](NC(=O)[C@@H](Cc1cn(C(=O)OC)c2ccccc12)NC(=O)[C@H](CC(C)(C)C)NC(=O)N1[C@H](C)CCC[C@@H]1C)C(=O)[O-],1
Cc1ccc(-c2c([N-]S(=O)(=O)c3ccc(C(C)(C)C)cc3)ncnc2OCCOc2ncc(Br)cn2)cc1,1
Cc1cc([N+](=O)[O-])c(C)cc1-c1noc([C@@H]2C[C@@H]2c2c(F)cccc2F)n1,0
NS(=O)(=O)Nc1ncnc(OCCOc2ncc(Br)cn2)c1-c1ccc(Br)cc1,1
COc1cccc(Cn2c(=O)c(C(=O)O)c(-c3ccc4c(c3)OCO4)c3ccccc32)c1,0
CC(=O)c1cc(Cl)cc(CN[C@@H](c2cccc(C(F)(F)F)c2)C2CCOCC2)c1O,0
CC[C@H](C)[C@H](NC(=O)[C@@H](NC(=O)[C@@H](Cc1ccccc1)NC(C)=O)[C@@H](C)CC)C(=O)N[C@@H](Cc1c[nH]c2ccccc12)C(=O)O,0
CC(C)C[C@@H]1NC(=O)[C@H](C(C)C)NC(=O)[C@@H]2CCCN2C(=O)[C@H](CC(=O)O)NC(=O)[C@@H](Cc2c[nH]c3ccccc23)NC1=O,0
COc1ccccc1Oc1c(NS(=O)(=O)c2ccc(C)cn2)nc(N2CCOCC2)nc1OCC#CCO,1
COc1ccc(C2(O)OC(=O)C(c3ccc4c(c3)OCO4)=C2Cc2cccc(OC)c2)cc1,1
CCc1cccc(CC)c1NC(=O)CN1C[C@H](c2ccc3c(c2)OCO3)[C@@H](C(=O)O)[C@@H]1c1ccc(OCCOC)cc1,1
Cc1[nH]c2ccccc2c1C[C@@H]1NC(=O)[C@@H](C(C)C)NC(=O)[C@H](C2CCCC2)NC(=O)[C@@H]2CCCN2C(=O)[C@@H](CC(=O)O)NC1=O,1
COc1ccccc1Oc1c(NS(=O)(=O)c2ccc(C(C)C)cn2)nc(C2CC2)nc1OCCCNS(=O)(=O)c1ccc(C)cc1,1
Cc1ccc(CC(=O)c2sccc2S(=O)(=O)Nc2onc(C)c2C)cc1,0
Cc1noc(NS(=O)(=O)c2ccsc2C(=O)Nc2cc3c(cc2CCO)OCO3)c1Cl,0
N#Cc1ccnc(CN2CCC3(CCCN(C4CCCC4)C3)CC2)c1,0
Cc1cc(C)nc(O[C@H](C(=O)O)[C@@]2(c3cccc(-c4ccccc4)c3)NCC(=O)N(Cc3c(Cl)cccc3Cl)c3ccccc32)n1,1
CCCCOc1ccc2c(c1)c(=O)c(Cc1cccc(-c3nnn[nH]3)c1)c(C(=O)O)n2Cc1cc2c(cc1CC)OCO2,1
O=C1c2ccccc2SC[C@H]2CCCN12,0
COc1ccc([C@H]2[C@H](C(=O)O)[C@@H](c3ccc4c(c3)OCO4)CN2CC(=O)Nc2c(C(C)C)cccc2C(C)C)cc1,1
Cc1ccccc1C(CCC(=O)O)Oc1cc(OCc2ccsc2)ccc1-c1ccccn1,0
Cc1noc(NS(=O)(=O)c2ccsc2C(=O)NC(=O)c2ccc3c(c2)OCO3)c1Br,0
Cc1noc(NS(=O)(=O)c2ccc(N)cc2)c1C,0
Cc1[nH]c([C@@H](Cc2c[nH]c3ccccc23)NC(=O)[C@H](CC(C)C)NC(=O)N2CCCCCC2)nc1C(=O)O,0
COc1ccccc1Oc1c(NS(=O)(=O)c2ccc(C(C)C)cn2)nc(N2CCSCC2)nc1OCCOC(=O)Nc1ccccn1,1
CCc1cnccc1[C@H](C)NC(=O)CCCN1C(=O)/C(=C\c2cccs2)SC1=S,0
Cc1ccccc1[C@@H](CCC(=O)O)Oc1cc(OCc2ccsc2)ccc1C#N,0
CCCc1cccc(CC)c1NC(=O)CN1C[C@H](c2ccc3c(c2)OCO3)[C@@H](C(=O)O)[C@@H]1c1ccc(OC)cc1,1
COc1cccc(Cn2nc(C(F)(F)F)c(Cc3ccc4c(c3)OCO4)c2OCCO)c1,0
CC[C@H](C)[C@H](NC(=O)[C@H](CC(=O)O)NC(=O)[C@H](CC(C)C)NC(=O)[C@@H](Cc1ccccc1)NC(C)=O)C(=O)N[C@@H](C)C(=O)N[C@@H](Cc1c[nH]c2ccccc12)C(=O)O,0
CCN(c1ccc2c(c1)oc1c(-c3ccc(OC)cc3)c(C(=O)O)c(=O)n(Cc3ccccc3OC)c12)S(C)(=O)=O,1
CCCNS(=O)(=O)Nc1ncnc(OCCOc2ncc(OC)cn2)c1-c1ccc(Br)cc1,1
COc1ccccc1Oc1c(NS(=O)(=O)NCc2ccccc2)nc(N2CCOCC2)nc1OCCOc1ncc(Br)cn1,1
C#CCOc1nc(-c2ccnc(-c3noc(O)n3)c2)nc(NS(=O)(=O)c2ccc(C(C)C)cn2)c1Oc1ccccc1OC,1
COc1cccc(Sc2c(NS(=O)(=O)c3ccc(C(C)(C)C)cc3)noc2CCC=O)c1,1
CC(=O)c1ccc(NC[C@@H]2CCCC[C@@H]2C(F)(F)F)c([N+](=O)[O-])c1,0
Cc1c[nH]cc1C(=O)N1CC[C@H]2OCCC[C@@]2(CNC(=O)c2ccc([N+](=O)[O-])c3c2OCO3)C1,0
CCCOc1ccc2c(c1)c(-c1ccc(OC)cc1)c(C(=O)O)n2Cc1cc2nsnc2cc1C,1
COc1ccc(N(Cc2ccccc2)C(=O)c2cc(=O)c3ccc(C)c(C)c3o2)cc1,0
CC(C)C[C@H](NC(=O)N1CCCCCC1)C(=O)N[C@H](Cc1c[nH]c2ccccc12)c1nc(C(=O)O)c(C(C)C)s1,0
C[C@H](NC(=O)N1CCC[C@@H](CNC(N)=O)C1)c1cccc([N+](=O)[O-])c1,0
CCCCOc1ccc(/C(O)=C2\C(=O)C(=O)N(CCN(CC)CC)[C@@H]2c2cccnc2)cc1,0
COc1ccccc1Oc1c(NS(=O)(=O)NCc2ccccc2)ncnc1OCCOc1ncc(Br)cn1,1
Cc1c(Cl)cccc1NC(=O)CCNC(=O)N1CCN(c2ccc(F)cc2C#N)CC1,0
Cc1ccc(CC(=O)c2sccc2S(=O)(=O)Nc2onc(C)c2C)c(C)c1,0
CC[C@H](C(=O)NCCOc1cc(C)cc(C)c1)N(c1cc(Cl)ccc1Cl)S(C)(=O)=O,0
C[C@H]1CCc2c(sc(NC(=O)c3ccc(-c4cccc(Cl)c4)o3)c2C(N)=O)C1,0
CCc1cccc(CC)c1NC(=O)CN1C[C@H](c2ccc3c(c2)OCO3)[C@@H](C(=O)O)[C@@H]1c1ccc(CCOC)cc1,1
Fc1cc(F)c(CS)cc1F,0
CCCN(C)C(=O)CN1C[C@H](c2ccc3c(c2)CCC3)[C@@H](C(=O)O)[C@@H]1c1ccc(OC)cc1,0
CC(C)C[C@H]1NC(=O)[C@H](C2CCCC2)NC(=O)[C@H]2CCCN2C(=O)[C@H](CC(=O)O)NC(=O)[C@H](Cc2c[nH]c3ccccc23)NC1=O,0
COc1ccc(C(=O)/C(Cc2ccc(OC)c(OC)c2OC)=C(\C(=O)[O-])c2ccc3c(c2)OCO3)cc1,1
COc1ccc(C2=C(C(=O)O)[C@@H](c3ccc4c(c3)OCO4)Oc3ccc(OC(C)C)cc32)cc1,1
Cc1ccc(C2(O)OC(=O)C(c3ccc4c(c3)OCO4)=C2Cc2ccccc2)cc1,0
COc1ccc(N2C(=O)/C(=C\c3ccc(C(F)(F)F)cc3)SC2=S)cc1F,0
Cc1cc(C)nc(O[C@H](C(=O)O)[C@@]2(c3ccccc3)NCC(=O)N(Cc3nnn[nH]3)c3ccccc32)n1,1
C#CCOc1nc(-c2ccnc(-c3nc(=O)o[nH]3)c2)nc(NS(=O)(=O)c2ccc(C(C)(C)C)cc2)c1Oc1ccccc1OC,1
S=c1nc[nH]c2sc(-c3ccccc3)c(-c3ccccc3)c12,0
CC(C)(C#N)N(Cc1ccccc1)Cc1ccccc1,0
O=C(NCC1(c2ccc(F)cc2F)CCCC1)N[C@H](CO)c1ccccc1,0
COCCCC1=C(C(=O)O)C(c2ccc3c(c2)OCO3)Oc2ccc(OC(C)C)cc21,1
Cc1nc(NC(=S)NCC(C)C)ccc1Br,0
CN(C)c1cccc(Oc2nnnn2[C@H]2CO[C@H]3[C@@H]2OC[C@@H]3NC(=S)Nc2ccc(F)cc2)c1,0
CCOC1=C(C(=O)O)C(c2ccc3c(c2)OCO3)Oc2ccccc21,0
CC[C@H](C)[C@H](NC(=O)[C@H](Cc1ccccc1)NC(=O)[C@H](CC(C)C)NC(=O)[C@@H](Cc1ccccc1)NC(C)=O)C(=O)N[C@H](C(=O)N[C@@H](Cc1c[nH]c2ccccc12)C(=O)O)[C@@H](C)CC,1
Cc1noc(NS(=O)(=O)c2ccsc2C(=O)Cc2cc3c(cc2C#N)OCO3)c1Cl,1
O=C(c1ccccc1)c1cc(Cl)ccc1N1C(=O)[C@@H]2[C@H]3CC[C@@H](C3)[C@H]2C1=O,0
C#CC[C@H](CC(F)(F)F)NC(=O)/C=C\c1ccccc1C,0
O=C(C#CC1CC1)NC[C@@]1(O)CCN(C(=O)Cn2nccn2)C1,0
Cc1cc2ccccc2n2c(SCC(=O)N3CCOCC3)nnc12,0
Oc1ccc(F)cc1CN1CC[C@@H]2CCC[C@@H]2C1,0
CC(=O)N1CCC[C@@H](CNC2CC2)C1,0
CCCCN(CCCC)C(=O)CN1C[C@H](c2ccc(F)cc2)[C@@H](C(=O)O)[C@@H]1c1ccc(OC)cc1,0
CCOC(=O)[C@@H](C)N1C(=O)S/C(=C\c2ccc(C(=O)O)cc2)C1=O,0
C=CCC(F)(F)C(=O)N1CC[C@]2(CN(C(=O)CSc3c(C)cccc3C)CCO2)C1,0
COc1ccccc1Oc1c(NS(=O)(=O)c2ccc(C)cn2)nc(-c2ccnc(-c3noc(=S)[nH]3)c2)nc1OCC1CCCO1,1
COc1ccccc1Oc1c(NS(=O)(=O)c2ccc(C(C)(C)C)cc2)nc(-c2ncccn2)nc1OCCNS(=O)(=O)c1ccc(C)cc1,1
C#CCNc1ccc(C(C)=O)c(C)c1,0
CC[C@H](C)[C@H](NC(=O)[C@H](CC(=O)O)NC(=O)[C@H](CC(C)C)NC(=O)[C@@H](NS(C)(=O)=O)C(c1ccccc1)c1ccccc1)C(=O)N[C@H](C(=O)N[C@@H](Cc1c[nH]c2ccccc12)C(=O)O)[C@@H](C)CC,1
Cc1ccc(-n2c(C)cc(/C=C3\C(=N)N4N=C(CCC5CCCCC5)SC4=NC3=O)c2C)c(C)c1,0
Cc1oc([C@@H](Cc2cn(C)c3ccccc23)NC(=O)[C@H](CC(C)C)NC(=O)NC2CCC(C)CC2)nc1C(=O)O,0
CCCCC(NC(=O)[C@@H](Cc1c(Cl)[nH]c2ccccc12)NC(=O)C(NC(=O)N1[C@H](C)CCC[C@@H]1C)C(C)CC)C(=O)O,1
CN(C)C(=O)c1cccc(COc2cc(F)c(Cl)cc2[N+](=O)[O-])c1,0
O=C1c2ccccc2[C@@H]2[C@H](C(=O)O)[C@H](C(=O)O)[C@@H]2c2ccc(-c3cccc4ccccc34)cc21,1
CCOc1c(F)cccc1-c1cc(CC#N)cc2ccccc12,0
CCCOC1=C(C(=O)O)C(c2ccc3c(c2)OCO3)Oc2ccccc21,0
CCCCCOC1=C(C(=O)O)C(c2ccc3c(c2)OCO3)Oc2ccc(OC(C)C)cc21,1
Nc1nc(C(=O)N2CCOCC2)n[nH]1,0
Cc1cc(C=O)cc(C)c1F,0
Cc1noc(NS(=O)(=O)c2ccccc2Cl)c1Br,0
CC(C)[C@H]1NC(=O)[C@H](C(C)(C)C)NC(=O)[C@@H]2CCCN2C(=O)[C@@H](CC(=O)O)NC(=O)[C@H](Cc2c(Cl)[nH]c3ccccc23)NC1=O,1
Cc1cc(C)nc(O[C@H](C(=O)O)[C@@]2(c3ccccc3)NCC(=O)N(Cc3cccc(F)c3)c3ccccc32)n1,1
CCN([C@@H](C)CO)S(=O)(=O)c1cc([N+](=O)[O-])c(C)cc1C,0
COc1ccccc1Oc1c(NS(=O)(=O)c2ccc(C(C)C)cn2)nc(N2CCOCC2)nc1OCCCNS(=O)(=O)c1ccc(C)cc1,1
CCCNS(=O)(=O)Nc1nc(-c2ncccn2)nc(OCCOc2ncc(Br)cn2)c1Oc1ccccc1OC,1
N/C(CC(=O)N1CCCCC1)=N/OCc1nccs1,0
O=C(O)c1c(-c2ccc3c(c2)OCO3)c2cc3c(cc2n1Cc1ccc2c(c1)OCO2)OCO3,1
COc1cccc(CC(=O)c2sccc2S(=O)(=O)Nc2onc(C)c2Cl)c1,0
Cc1noc(NS(=O)(=O)c2ccsc2C(=O)Oc2ccccc2)c1Cl,0
COc1ccc([C@@H](CCO)NC(=O)NCc2ccc(N)cc2)cc1,0
COc1ccc(C(=O)/C(Cc2ccc(OC)c(OC)c2OC)=C(\C(=O)[O-])c2cc(OC)c3c(c2)OCO3)cc1C,1
Cc1[nH]c([C@@H](Cc2c[nH]c3ccccc23)NC(=O)[C@H](CC(C)C)NC(=O)NCc2ccccc2)nc1C(=O)O,0
O=C(Nc1cccc(C#Cc2ccccn2)c1)[C@H]1CC(=O)N(Cc2ccccc2Cl)C1,0
CCCCC(NC(=O)[C@@H](Cc1c(Cl)[nH]c2ccccc12)NC(=O)C(CCCC)NC(=O)N1[C@H](C)CCC[C@@H]1C)C(=O)O,1
CCCCCCN1C[C@@H](c2ccc3c(c2)OCO3)[C@H](C(=O)O)[C@H]1c1ccc(OC)cc1,0
CC(C)C[C@H](NC(=O)N1CCCCCC1)C(=O)N[C@H](Cc1c[nH]c2ccccc12)c1nc(C(=O)O)c(C2CC2)[nH]1,0
Cc1ccc(=O)n([C@@H](C(=O)NS(=O)(=O)c2ccc(C(C)C)cc2)c2ccc3c(c2)OCO3)n1,1
O=C(O)c1cc(Cn2nc(-c3ccccc3)c(Cc3cc4c(cc3Cl)OCO4)c2C(=O)O)on1,1
CCCOC(=O)C1=C(C)NC2=C(C(=O)C[C@H](c3ccc(OC)c(OC)c3)C2)[C@H]1c1cccc(Cl)c1Cl,0
O=C1c2ccccc2[C@@H]2[C@H](C(=O)O)[C@H](C(=O)O)[C@@H]2c2ccc(-c3ccc(Cl)cc3)cc21,1
CCCCC(NC(=O)[C@@H](Cc1c(Cl)[nH]c2ccccc12)NC(=O)C(NC(=O)N1[C@H](C)CCC[C@@H]1C)C1CCCC1)C(=O)O,1
CC(C)c1ccc(S(=O)(=O)NC(=O)C(c2ccc3c(c2)OCO3)c2cn(C)c3cc(C(N)=O)ccc23)cc1,1
CC[C@H](C)[C@H](NC(=O)[C@H](CC(=O)O)NC(=O)[C@H](CC(C)C)NC(=O)[C@H](Cc1cnc[nH]1)NC(C)=O)C(=O)N[C@H](C(=O)N[C@@H](Cc1c[nH]c2ccccc12)C(=O)O)[C@@H](C)CC,0
O=C(CCCCCN1C(=O)/C(=C/c2ccccc2)SC1=S)Nc1ccc([N+](=O)[O-])cc1,0
CCCCN(CCCC)C(=O)CN1CC(c2ccc3c(c2)OCO3)C(C(=O)O)C1c1ccc(OC)cc1,1
COc1ccccc1Oc1c(NS(=O)(=O)c2ccc(C)cn2)nc(-c2ncccn2)nc1OCC#CCO,0
Cc1ccc(OC(=O)c2sccc2S(=O)(=O)Nc2onc(C)c2Cl)c(C)c1,0
C#CCOc1nc(-c2ccnc(-c3nc(=S)o[nH]3)c2)nc(NS(=O)(=O)c2ccc(C(C)(C)C)cc2)c1Oc1ccccc1OC,1
CN(Cc1cccc(C#N)c1)C(=O)C1CCN(C(=O)/C=C/c2ccccc2)CC1,0
COc1ccc([C@@H]2c3nc(C4CC4)ccc3[C@H](c3ccc4c(c3)OCO4)[C@H]2C(=O)O)cc1,1
Cc1cccc(O[C@@H](C)C(=O)Nc2cc([N+](=O)[O-])ccc2Cl)c1C,0
COc1ccccc1Oc1c(NS(=O)(=O)c2ccc(C(C)(C)C)cc2)nc(-c2ccncc2)nc1OCC#CCO,1
Cc1oc([C@@H](Cc2cn(C)c3ccccc23)NC(=O)[C@H](CC(C)C)NC(=O)Nc2c(F)c(F)c(F)c(F)c2F)nc1C(=O)O,0
CCCOc1ccc2c(n1)[C@@H](c1ccc(OC)cc1)[C@H](C(=O)O)[C@H]2c1ccc2c(c1)OCO2,1
COc1ccc(C(=O)/C(Cc2cc(OC)c(OC)c(OC)c2)=C(\C(=O)[O-])c2ccc3nsnc3c2)cc1C,1
COc1ccc([C@H]2CCCN2C(=O)NCCN/C(O)=C2\N=CC=CC2=O)c(OC)c1,0
Cc1cc2c(cc1CCc1ccsc1S(=O)(=O)Nc1onc(C)c1Br)OCO2,0
CC[C@@H](C)[C@H](NC(=O)[C@H](CC(=O)O)NC(=O)[C@H](CC(C)C)NC(=O)[C@@H](NC(C)=O)C(c1ccccc1)c1ccccc1)C(=O)N[C@H](C(=O)N[C@@H](Cc1c[nH]c2ccccc12)C(=O)O)[C@@H](C)CC,1
Cc1ccccc1-n1c(S[C@@H](C)C(=O)Nc2cc([N+](=O)[O-])ccc2Cl)nc2ccccc2c1=O,0
Cc1c(CNC(=O)NCCNS(=O)(=O)c2ccc([N+](=O)[O-])cc2)oc2ccccc12,0
COc1ccc(N2C(=O)CCS2(=O)=O)cc1,0
COc1ccccc1Oc1c(NS(=O)(=O)c2ccc(C(C)C)cn2)nc(N2CCOCC2)nc1OCC#CCO,1
CC[C@H](C)[C@H](NC(=O)[C@H](CC(=O)O)NC(=O)[C@H](CC(C)C)NC(=O)[C@@H](N)Cc1cnc[nH]1)C(=O)N[C@H](C(=O)N[C@@H](Cc1c[nH]c2ccccc12)C(=O)O)[C@@H](C)CC,0
COC(=O)C1(C)CC(Oc2nc(C)ccc2[N+](=O)[O-])C1,0
CCCCCS(=O)(=O)N(CCC)CCN1C[C@H](c2ccc3c(c2)OCO3)[C@@H](C(=O)O)[C@@H]1c1ccc(OC)c(OC)c1,1
Cc1cccc(O[C@H](C(=O)O)[C@@]2(c3ccccc3)NCC(=O)N(Cc3c(Cl)cccc3Cl)c3ccccc32)c1,1
COc1ccccc1Oc1c(NS(=O)(=O)c2ccc(C)cn2)nc(-c2ccnc(-c3nnn[nH]3)c2)nc1OCCO,1
CCCCN(CCCC)C(=O)CN1C[C@H](c2ccc3c(c2)OCO3)[C@@H](C(=O)O)[C@@H]1CCC1CCCCO1,0
Cc1ccc(NC(=O)c2sccc2S(=O)(=O)Nc2onc(C)c2Cl)cc1,0
C[C@@H]1CN(Cc2nc(-c3cccc([N+](=O)[O-])c3)no2)CCC1(F)F,0
CC(=O)Nc1cccc(NC(=O)[C@H](C)OC(=O)CN(C)[C@H]2CCSC2)c1,0
CCCN(C)C(=O)CN1C[C@H](c2ccc3ccoc3c2)[C@@H](C(=O)O)[C@@H]1c1ccc(OC)cc1,0
CC(=O)c1cccc(NC(=S)NCCCc2ccccc2)c1,0
Cc1cc(C)nc(O[C@H](C(=O)O)[C@@]2(c3ccccc3)NCC(=O)N(Cc3ccc(F)cc3)c3ccccc32)n1,1
COC(=O)c1cc(C(=O)Nc2ncc([N+](=O)[O-])s2)cc([N+](=O)[O-])c1,0
CCCCS(=O)(=O)N(CCC)CCN1C[C@H](c2ccc3c(c2)OCO3)[C@@H](C(=O)O)[C@@H]1c1ccc(OC)c(F)c1,1
CCCS(=O)(=O)N(C)CCN1C[C@H](c2ccc3c(c2)OCO3)[C@@H](C(=O)O)[C@@H]1c1ccc(OC)cc1,1
CN(CCNCC#N)C(=O)c1cnn[nH]1,0
Cc1nnc(N[C@H]2CCCN(C)C2)c2ccccc12,0
CSCCCSCc1nc2cc([N+](=O)[O-])ccc2o1,0
CCCCC(NC(=O)[C@@H](Cc1c(Cl)[nH]c2ccccc12)NC(=O)C(CC(C)C)NC(=O)N1[C@H](C)CCC[C@@H]1C)C(=O)O,1
COc1ccc([C@@H]2c3nc(NC(C)C)ccc3[C@H](c3ccc4c(c3)OCO4)[C@H]2C(=O)O)c(CCO)c1,1
CC(=O)c1cccc(Nc2cccc(C(F)F)c2Cl)c1,0
CCOc1ccc(CNC(=O)C(N)=O)cc1,0
CCCc1nc(NS(=O)(=O)c2ccc(C(C)(C)C)cc2)c(Oc2ccccc2OC)c(OCCOC(=O)Nc2ccccn2)n1,1
Cc1ccccc1C(CCC(=O)O)Oc1cc(OCc2ccsc2)ccc1C(N)=O,0
CC(=O)N1CCOC[C@@H]1CNC(=O)c1ccc2c(c1)NC(=O)CO2,0
CC[C@H](C)[C@H](NC(=O)[C@H](CC(=O)O)NC(=O)[C@@H](Cc1ccccc1)NC(=O)[C@@H](NC(C)=O)C(c1ccccc1)c1ccccc1)C(=O)N[C@H](C(=O)N[C@@H](Cc1c[nH]c2ccccc12)C(=O)O)[C@@H](C)CC,1
CCCSc1ccc2c(n1)[C@@H](c1ccc(OC)cc1)[C@H](C(=O)O)[C@H]2c1ccc2c(c1)OCO2,1
Cc1cc(C)nc(O[C@H](C(=O)O)[C@@]2(c3cccc(-c4ccccc4)c3)NCC(=O)N(Cc3c(F)cc(F)cc3F)c3ccccc32)n1,1
COC[C@H]1CN(c2nnc(-c3ccc[nH]3)n2C[C@@H](OC(C)C)c2ccccc2OC)CCO1,0
COc1cc(C/C(C(=O)c2ccc(OC(C)C)cc2)=C(/C(=O)[O-])c2ccc3nsnc3c2)cc(OC)c1OC,1
CC[C@H](C)[C@H](NC(=O)[C@H](CCCCN)NC(=O)[C@H](CC(=O)O)NC(=O)[C@H](CC(C)C)NC(=O)[C@@H](Cc1ccccc1)NC(C)=O)C(=O)N[C@@H](Cc1c[nH]c2ccccc12)C(=O)O,0
Cc1ncc([N+](=O)[O-])cc1C(=O)Nc1ccc(Oc2ccc(F)cc2)c2ccncc12,0
CCCCC(NC(=O)[C@@H](Cc1c(Br)[nH]c2ccccc12)NC(=O)C(CC(C)C)NC(=O)N1CCCCC1)C(=O)O,1
COc1ccccc1Oc1c(NS(=O)(=O)c2ccc(C)cn2)nc(-c2ncccn2)nc1OCCOC(=O)Nc1ccccn1,1
COc1ccccc1Cn1c(=O)c(CC(=O)O)c(-c2ccc3c(c2)OCO3)c2ccccc21,0
COc1ccc([C@@H]2c3nc(NC(C)C)ccc3[C@H](c3ccc4c(c3)OCO4)[C@H]2C(=O)O)c(OC(C)CO)c1,1
CCC(=O)N(C[C@H](O)CO)[C@H]1CCS(=O)(=O)C1,0
COc1cccc(Cn2[nH]c(-c3ccc([N+](=O)[O-])cc3)c(Cc3ccc4c(c3)OCO4)c2=O)c1,0
COc1ccc([N+](=O)[O-])cc1C(=O)OC[C@@H]1CCc2ccccc21,0
O=C(O)c1c(Cc2cc3c(cc2Cl)OCO3)c(-c2cccs2)nn1CC1CCCCC1,1
CC(C)Oc1ccc2c(c1)C=C(C(=O)O)C(c1ccc3c(c1)OCO3)O2,0
Cc1noc(NS(=O)(=O)c2ccsc2C(=O)Nc2ccc3c(c2)OCO3)c1Br,0
COc1ccc([C@@H]2[C@@H](C(=O)O)[C@H](c3ccc4c(c3)OCO4)CN2CC(=O)NCC(C)C)cc1,1
N#Cc1ccc(OCc2ccc3nonc3c2)cc1OC(CCC(=O)O)c1ccccc1,1
Cc1ccc(-c2c([N-]S(=O)(=O)c3ccc(C(C)(C)C)cc3)ncnc2OCCOc2ncc(Cl)cn2)cc1,1
COc1ccc(C2(O)OC(=O)C(c3ccc4c(c3)OCO4)=C2Cc2cc(OC)c(OC)cc2OC)cc1,1
COc1ccccc1Oc1c(NS(=O)(=O)NCc2ccccc2)nc(-c2ncccn2)nc1OCCOc1ncc(Br)cn1,1
O=C(c1cc(-c2cccs2)on1)N1CCC(Oc2ccncc2Cl)CC1,0
O=C1c2ccccc2C(=O)c2c1ccc(S(=O)(=O)O)c2O,0
O=C(O)NCCCC(=O)Nc1ccccc1OCCn1ccnc1,0
CN(C)[C@]1(Cn2c(-c3ccc(C#N)cc3)nnc2N2CCC(OC(C)(C)C)CC2)CCSC1,0
Cc1ccncc1C(=O)N1CC[C@H](CNC(=O)c2cc3cccnc3s2)[C@@H]1c1cccnc1,0
C=CCCC(=O)NC[C@@H]1CN(C(=O)c2cncc(CC)c2)C[C@H]1OCC,0
CCN(CC)c1cc(N[C@@H]2[C@@H](O)[C@H](O)[C@@H](COS(=O)(=O)O)O[C@H]2O)ncn1,0
Cc1ccccc1[C@H](CCC(=O)O)Oc1cc(OCc2ccsc2)ccc1C#N,0
COc1ccc(C2(O)OC(=O)C(c3ccc4c(c3)OCO4)=C2Cc2cccc([N+](=O)[O-])c2)cc1,0
NC(=O)NCC(=O)NC[C@H]1CCCCN1C(=O)[C@@H]1CC12CC2,0
CNc1nccc(C(=O)NC2CCC(C(=O)NC(N)=O)CC2)c1[N+](=O)[O-],0
COc1ccccc1Oc1c(NS(=O)(=O)CCc2ccccc2)nc(-c2ncccn2)nc1OCCOc1ncc(SC)cn1,1
Cc1cccc(OC(=O)c2sccc2S(=O)(=O)Nc2onc(C)c2Br)c1,0
CCN(Cc1cc(Br)ccc1O)C(=O)Nc1ccccc1COC,0
CC(C)C#CC(=O)N[C@@H]1CN([C@H]2CCCN(CC(C)(C)C)C2=O)C[C@H]1C,0
CCn1cc(C(C(=O)NS(=O)(=O)c2ccc(C(C)C)cc2)c2ccc3c(c2)OCO3)c2ccc(C(=O)NC)cc21,1
Cc1cccc(CN2C[C@H](F)C[C@H]2C)c1O,0
CCCN(CCN1C[C@H](c2ccc3c(c2)OCO3)[C@@H](C(=O)O)[C@@H]1c1ccc(OC)cc1)S(=O)(=O)c1ccc(C)cc1,1
CCCCN(CCCC)C(=O)CN1C[C@H](c2ccc3c(c2)OCO3)[C@@H](C(=O)O)[C@@H]1CCC=C1CC1,0
Cc1oc([C@@H](Cc2cn(C)c3ccccc23)NC(=O)[C@H](CC(C)C)NC(=O)N2CCCc3ccccc32)nc1C(=O)O,0
CCS(=O)(=O)NCCOc1nc(C2CC2)nc(NS(=O)(=O)c2ccc(C(C)(C)C)cc2)c1Oc1ccccc1OC,1
Cc1noc(NS(=O)(=O)c2cc(Br)ccc2Br)c1Br,0
CN1CC[C@H](OC(=O)C(C)(C)n2cc([N+](=O)[O-])cn2)C1=O,0
COc1ccc(C2=C(C(=O)O)C(c3ccc4c(c3)OCO4)Oc3ccc(OCc4ccccc4)cc32)cc1,1
Cc1noc(NS(=O)(=O)c2ccsc2C(=O)Nc2ccccc2C(=O)O)c1Br,0
C#C[C@H](CCC)NC(=O)N1CCN(C(=O)C(=O)N2CCOCC2)CC1,0
CCCc1cc(Cn2c(CC)nc3c(C)cc(C)nc32)cc(CCC)c1OC(C(=O)O)c1cc(Br)c(OC)c(OC)c1Br,0
CCCN(C)C(=O)CN1C[C@H](c2ccc3c(c2)CCO3)[C@@H](C(=O)O)[C@@H]1c1ccc(OC)cc1,0
Cc1ccccc1Cn1cnc(NS(=O)(=O)c2c(C)nn(C(F)F)c2C)n1,0
CC[C@H](C)[C@H](NC(=O)[C@H](CC(=O)O)NC(=O)[C@H](CC(C)C)NC(=O)[C@@H](NC(C)=O)C1c2ccccc2CCc2ccccc21)C(=O)N[C@H](C(=O)N[C@@H](Cc1c[nH]c2ccccc12)C(=O)O)[C@@H](C)CC,1
CC(C)C[C@H]1C(=O)N[C@H](Cc2c[nH]c3ccccc23)C(=O)N[C@@H](CC(=O)O)C(=O)N2CCC[C@H]2C(=O)N[C@@H](C(C)C)C(=O)N1C,0
C#CCOc1nc(-c2ccncc2)nc(NS(=O)(=O)c2ccc(C(C)(C)C)cc2)c1Oc1ccccc1OC,1
Cc1ccc(-c2ccsc2S(=O)(=O)Nc2onc(C)c2Br)cc1,0
CCCNC(=O)Cc1cc(C)ccc1C,0
COc1cccc(Cn2nc(-c3ccccc3)c(Cc3cc4c(cc3Cl)OCO4)c2C(=O)O)c1,1
CCOCc1ccc2c(n1)[C@@H](c1ccc(OC)cc1)[C@H](C(=O)O)[C@H]2c1ccc2c(c1)OCO2,1
CC(=O)Nc1ccc(CN2CCOc3ccc(CN4CCN(C(C)=O)CC4)cc3C2)cc1,0
CCS(=O)(=O)NCCOc1nc(-c2ncccn2)nc(NS(=O)(=O)c2ccc(C(C)(C)C)cc2)c1Oc1ccccc1OC,1
COc1ccc([C@@H]2c3nc(NC(C)C)ccc3[C@H](c3ccc4c(c3)OCO4)[C@H]2C(=O)O)c(OC)c1,1
O=C(NCC12CC3CC(CC(C3)C1)C2)c1ccc(F)cc1Cl,0
Cc1noc(NS(=O)(=O)c2ccsc2C(=O)Oc2ccccc2)c1C,0
COc1ccc([C@H]2[C@H](C(=O)O)[C@@H](c3ccc4c(c3)OCO4)CN2CC(=O)NCC(c2ccccc2)c2ccccc2)cc1,1
CCCCCS(=O)(=O)N(CCC)CCN1C[C@H](c2ccc3c(c2)OCO3)[C@@H](C(=O)O)[C@@H]1c1ccc(OC)cc1,1
Cc1[nH]c2ccccc2c1C[C@@H]1NC(=O)[C@@H](CC(C)C)NC(=O)[C@H](C(C)C)NC(=O)[C@@H]2CCCN2C(=O)[C@@H](CC(=O)O)NC1=O,1
COc1ccc(Cn2nc(-c3ccccc3)c(Cc3cc4c(cc3Cl)OCO4)c2C(=O)O)c(OCC(=O)O)c1,1
COc1ccccc1Oc1c(NS(=O)(=O)CCc2cccs2)nc(N2CCOCC2)nc1OCCOC(=O)Nc1ccccn1,1
CCCOc1ccc(C(=O)CNC(=O)CNC(=O)c2ccc([N+](=O)[O-])c(C)c2)cc1,0
COc1cc2c(Sc3ccc4c(c3)OCO4)c(C(=O)O)n(Cc3ccc4c(c3)OCO4)c2cc1OCc1ccccc1,1
CCc1cccc([C@]2([C@H](Oc3nc(C)cc(C)n3)C(=O)O)NCC(=O)N(Cc3ccc(OC)cc3)c3ccccc32)c1,1
CCN(CC)C(=O)N[C@@H](CC(C)C)C(=O)N[C@H](Cc1c[nH]c2ccccc12)c1nc(C(=O)O)c(C)o1,0
C[C@H](Nc1ccc(C(=O)N2CCC(O)(c3nn[nH]n3)CC2)cc1[N+](=O)[O-])c1ccccn1,0
CCCc1sc([C@@H](Cc2c[nH]c3ccccc23)NC(=O)[C@H](CC(C)C)NC(=O)N2CCCCCC2)nc1C(=O)O,0
CCCCC(NC(=O)[C@@H](Cc1c(Br)[nH]c2ccccc12)NC(=O)C(CC(C)C)NC(=O)N1[C@H](C)CCC[C@@H]1C)C(=O)O,1
COc1ccc2c(c1OC)C(=O)N1c3ccccc3C(=O)N(CC(=O)N(C)C[C@H]3CCCN4CCCC[C@@H]34)[C@H]21,0
Cc1nn(Cc2ccccc2)c(Cl)c1/C=C/C(=O)N1CCN([C@H]2CCS(=O)(=O)C2)CC1,0
COc1ccc([C@@H]2c3nc(NC(C)C)ccc3[C@H](c3ccc4c(c3)OCO4)[C@H]2C(=O)O)c(CC(C)CO)c1,1
CCc1ccc(Br)cc1S(=O)(=O)Nc1onc(C)c1C,0
CC(C)OCC[C@H](O)CN1CC[C@@H](C)[C@H](C)C1,0
COc1ccc(-c2c(C(=O)O)c(=O)n(Cc3ccccc3OC)c3c2oc2cc([N+](=O)[O-])ccc23)cc1,1
O=C(Nc1ccc(CNC(=O)c2n[nH]cc2[N+](=O)[O-])cc1)c1cccnc1,0
Cc1noc(NS(=O)(=O)c2cc(-c3ccccc3)cs2)c1Br,0
CCOC(=O)C1=C(C)N=c2s/c(=C/c3ccc(-c4ccc(C(=O)O)cc4)o3)c(=O)n2[C@@H]1c1ccc(Cl)cc1,0
CC[C@H](C)[C@H](NC(=O)[C@H](CC1CCCCC1)NC(=O)[C@H](CC(=O)O)NC(=O)[C@H](CC(C)C)NC(=O)[C@@H](NC(C)=O)C(c1ccccc1)c1ccccc1)C(=O)N[C@@H](Cc1c[nH]c2ccccc12)C(=O)O,1
CCOC(=O)[C@H]1[C@@H]2C=C[C@@H]([C@@H]3C[C@H]23)[C@@H]1C(=O)OCC(=O)c1ccccc1,0
CCCCCN(C)C(=O)CN1C[C@@H](c2ccc3c(c2)OCO3)[C@H](C(=O)O)[C@H]1c1ccc(OC)cc1,1
CCCCN(CCCC)C(=O)CN1C[C@H](c2cccc3occc23)[C@@H](C(=O)O)[C@@H]1c1ccc(OC)cc1,0
CCNC(=O)[C@H](C)N(CCc1ccccc1)C(=O)Cc1ccc(Cl)cc1,0
CC[C@H](C)[C@H](NC(=O)[C@H](CC(=O)O)NC(=O)[C@H](CC(C)C)NC(=O)[C@@H](NC(=O)C(C)(C)C)C(c1ccccc1)c1ccccc1)C(=O)N[C@H](C(=O)N[C@@H](Cc1c[nH]c2ccccc12)C(=O)O)[C@@H](C)CC,1
Cc1ccc(=O)n(C(C(=O)NS(=O)(=O)c2ccc(Br)cc2)c2ccc3c(c2)OCO3)n1,0
CCOCc1nnc(N2CCC(C(F)(F)F)(C(F)(F)F)C2)n1Cc1ccccc1OCC,0
Cc1cc(N2C[C@H](O)[C@H](NC(=O)Cn3ccc(O)nc3=O)C2)c(C#N)cn1,0
COc1ccc(C(=O)/C(Cc2cc(OC)c(OC)c(OC)c2)=C(\C(=O)[O-])c2ccc3nsnc3c2)cc1F,1
COc1cc2c(c3oc4cccc(O)c4c(=O)c13)[C@@H]1C=CO[C@H]1O2,0
O=C(c1ccc(F)cc1F)N1CC2(CCCN2C(=O)CCc2ccsc2)C1,0
CCCCCS(=O)(=O)N(CCC)CCN1C[C@H](c2ccc3c(c2)OCO3)[C@@H](C(=O)O)[C@@H]1c1ccc(F)c(F)c1,1
Cn1ncc(Cl)c1C(=O)Nc1nc(-c2ccccc2)c(-c2ccccc2)s1,0
Cn1ccc(C(=O)N2CCCC[C@H]2c2nc(O)c3c(n2)CN(C2CCCC2)CC3)n1,0
CC(=O)OCCc1cc2c(cc1NC(=O)c1sccc1S(=O)(=O)Nc1onc(C)c1Cl)OCO2,0
CCCc1cc(C(=O)[O-])ccc1OC(C(=O)[N-]S(=O)(=O)c1ccc(C(C)C)cc1)c1ccc2c(c1)OCO2,1
Cc1ccc(C(=O)[C@@H]2[C@@H](c3ccc(F)cc3)C3(C(=O)c4ccccc4C3=O)[C@@H]3C=Cc4cc(F)ccc4N23)cc1,0
CCCOc1ccc2c(c1)C(c1ccc3c(c1)OCO3)=C(C(=O)O)C(c1ccc(OC)cc1)O2,1
CCCCN(CCCC)C(=O)CN1C[C@H](c2ccc3c(c2)OCO3)[C@@H](C(=O)O)[C@@H]1CCC1CCOCC1,0
C=CCOc1ccccc1CN[C@@H](C)c1ccccc1OC,0
COc1ccc(OC)c2sc(NC(=O)C3=CN(C)S(=O)(=O)N=C3C)nc12,0
CCc1cc(C)cc(CC)c1NC(=O)CN1C[C@H](c2ccc3c(c2)OCO3)[C@@H](C(=O)O)[C@@H]1c1ccc(OC)cc1,1
Cc1cc(C)nc(O[C@H](C(=O)O)[C@@]2(c3ccccc3)NCC(=O)N(Cc3ccc(C(C)(C)C)cc3)c3ccccc32)n1,1
CCN(CC)CCN(C(=O)Cn1nnc(-c2ccc(C)o2)n1)[C@@H](C(=O)NC(C)(C)C)c1ccc(OC)cc1,0
Cc1noc(NS(=O)(=O)c2cc(Cl)cc(Cl)c2)c1C,0
C=CCNC(=O)CN1C[C@@H](c2ccc3c(c2)OCO3)[C@H](C(=O)O)[C@H]1c1ccc(OC)cc1,1
Cc1n[nH]c(SCC(=O)N2CCC[C@H]2c2nc(-c3ccccn3)no2)n1,0
CCCCN(CCCC)C(=O)CN1C[C@H](c2ccc3c(c2)OCO3)[C@@H](C(=O)O)[C@@H]1CCCCC(F)(F)F,0
CCc1cccc2c1NC(=O)[C@]21[C@@H]2C(=O)N(c3cc(OC)ccc3OC)C(=O)[C@@H]2[C@@H]2CCCN21,0
Cc1ccc(C)n1-c1ccc(CN2CC[C@@H]3CN(CC(C)C)S(=O)(=O)[C@@H]3CC2)cc1,0
COc1ccc([C@H]2[C@H](C(=O)O)[C@@H](c3ccc4c(c3)OCO4)CN2CC(=O)Nc2c(Br)cccc2Br)cc1,1
O=C(O)C(c1ccc2c(c1)OCO2)N1N=C(c2ccccc2)CCC1=O,0
C[C@H]1CN(c2nccc(C#N)c2Cl)CCN1,0
Cc1ccc(O)c(CN[C@H](C)c2ccc(N3CCCCC3=O)cc2)c1,0
Cc1cc(C)nc(O[C@H](C(=O)O)[C@@]2(c3ccccc3)NCC(=O)N(CCC3CCCCC3)c3ccccc32)n1,1
CC[C@@H](C)[C@H](NC(=O)[C@H](CC(=O)O)NC(=O)[C@H](CC(=O)O)NC(=O)[C@H](Cc1cnc[nH]1)NC(C)=O)C(=O)N[C@H](C(=O)N[C@@H](Cc1c[nH]c2ccccc12)C(=O)O)[C@@H](C)CC,0
CCc1ccc2[nH]c3nc(SCC(=O)N4CCCC4)nnc3c2c1,0
COc1ccccc1Oc1c(NS(=O)(=O)c2ccc(C(C)C)cn2)nc(N2CCOCC2)nc1OCCNS(=O)(=O)c1ccc(C)cc1,1
COc1ccc(CN2C(=O)CN[C@](c3cccc(C(F)(F)F)c3)([C@H](Oc3nc(C)cc(C)n3)C(=O)O)c3ccccc32)cc1,1
Cc1noc(NS(=O)(=O)c2cccc(Cl)c2)c1Br,0
CC[C@H](C)[C@H](NC(=O)[C@H](CC(=O)O)NC(=O)[C@H](CC(C)C)NC(=O)[C@@H](N)C(c1ccccc1)(c1ccccc1)c1ccccc1)C(=O)N[C@H](C(=O)N[C@@H](Cc1c[nH]c2ccccc12)C(=O)O)[C@@H](C)CC,0
C=CCCC[C@H]1[C@H](C(=O)O)[C@@H](c2ccc3c(c2)OCO3)CN1CC(=O)N(CCCC)CCCC,0
Cc1noc(NS(=O)(=O)c2ccccc2-c2ccccc2)c1C,0
COCCOCN1C(=O)CN[C@](c2ccccc2)([C@H](Oc2nc(C)cc(C)n2)C(=O)O)c2ccccc21,1
CC(C)Oc1ccc(C#N)cc1NC(=O)NC(C)(C)CNC(=O)OC(C)(C)C,0
C#CCN(CC)Cc1cncc(C(=O)OC)c1,0
CC[C@H](C)[C@H](NC(=O)[C@H](CC(=O)O)NC(=O)[C@H](CC(C)C)NC(=O)[C@@H](NC(=O)C(F)(F)F)C(c1ccccc1)c1ccccc1)C(=O)N[C@H](C(=O)N[C@@H](Cc1c[nH]c2ccccc12)C(=O)O)[C@@H](C)CC,1
CCCCN(CCCC)C(=O)CN1C[C@H](c2ccc3c(c2)OCO3)[C@@H](C(=O)O)[C@@H]1CCC1OCCO1,0
Cc1oc([C@@H](Cc2c[nH]c3ccccc23)NC(=O)[C@H](CC(C)C)NC(=O)N2CCCCCC2)nc1C(=O)NCC(=O)O,0
CCCN(CCN1C[C@H](c2ccc3c(c2)OCO3)[C@@H](C(=O)O)[C@@H]1c1ccc(OC)c(F)c1)S(=O)(=O)CCCC(F)(F)F,1
Cc1cc(C)cc(O[C@H](C(=O)O)[C@@]2(c3ccccc3)NCC(=O)N(Cc3c(Cl)cccc3Cl)c3ccccc32)c1,1
O=C(NOCCC(F)(F)F)N1CCC[C@H](c2ccccc2)C1,0
COc1ccccc1Oc1c(NS(=O)(=O)c2ccc(C(C)C)cn2)nc(-c2ccncc2)nc1OCC#CCO,1
COc1ccc(NC(=O)c2sccc2S(=O)(=O)Nc2onc(C)c2Cl)c(C)c1,0
Cc1oc([C@@H](Cc2cn(C)c3ccccc23)NC(=O)[C@H](CC(C)C)NC(=O)Nc2cccc(F)c2)nc1C(=O)O,0
Cn1cc(C(C(=O)NS(=O)(=O)c2ccc(C(F)(F)F)cc2)c2ccc3c(c2)OCO3)c2ccc(C(N)=O)cc21,1
CC[C@@H](C)C(=O)Nc1cccc(CN[C@@H](C)c2cccc(C(F)(F)F)c2O)c1,0
CCCCCCCCCc1noc(-c2c(-c3ccccc3Cl)noc2C)n1,0
COc1ccc(CN2C(=O)CN[C@](c3ccc(F)c(C)c3)([C@H](Oc3nc(C)cc(C)n3)C(=O)O)c3ccccc32)cc1,1
CN(C)CC/C=C/c1cccnc1,0
COc1ccccc1Oc1c(NS(=O)(=O)c2ccc(C(C)(C)C)cc2)nc(C2CC2)nc1OCCCNS(=O)(=O)c1cccs1,1
N=c1scc(N)n1-c1nccs1,0
Cc1cc(Br)ccc1N1C(=O)/C(=C/c2cc(C)n(-c3ccc(Cl)c(C(=O)O)c3)c2C)C(=O)NC1=S,0
CCCCc1cccc([C@]2([C@H](Oc3nc(C)cc(C)n3)C(=O)O)NCC(=O)N(Cc3c(F)cccc3Cl)c3ccccc32)c1,1
CC(=O)CC(=O)CCc1ccc(NC(=O)CCOCCOCCOCCOc2ccc(-c3ccccc3S(=O)(=O)Nc3ccno3)c(CN(C)C(=O)CC(C)(C)C)c2)cc1,0
ClC(Cl)(Cl)CCSCCCCC1CCOCC1,0
CCCN(C)C(=O)CN1C[C@H](c2ccc3ccccc3c2)[C@@H](C(=O)O)[C@@H]1c1ccc(OC)cc1,0
C[C@@H](Nc1ccc(C(=O)Nc2cccc(Cl)c2-n2cccn2)cc1[N+](=O)[O-])c1ccccn1,0
CCOC(=O)c1sc2nc(-c3ccc(OCC)cc3)cn2c1C,0
CCCCN(CCCC)C(=O)CN1C[C@H](c2ccc3c(c2)OCO3)[C@@H](C(=O)O)[C@@H]1CCN1CCCCC1=O,0
O=C(c1ccc([N+](=O)[O-])[nH]1)N1CCO[C@@]2(CCN(C(=O)c3cccc(C(F)(F)F)c3F)C2)C1,0
CCCCN(CCCC)C(=O)CN1C[C@H](c2ccc3c(c2)CCO3)[C@@H](C(=O)O)[C@@H]1c1ccc(C)cc1,0
CC(=O)c1c(C)[nH]c(C(=O)N2CCC(Oc3cc(C)ccc3C)CC2)c1C,0
Cc1ccc([C@@H](C)NCc2cn(C)cn2)c(O)c1C,0
CC#CCOc1nc(-c2ccnc(-c3nnn[nH]3)c2)nc(NS(=O)(=O)c2ccc(C(C)(C)C)cc2)c1Oc1ccccc1OC,1
CC(=O)N[C@@H](C)C(=O)NC1(CO)CCN(c2ncccn2)CC1,0
CCCC[C@H](NC(=O)[C@@H](Cc1c(Br)[nH]c2ccccc12)NC(=O)C(CC(C)C)NC(=O)N1[C@H](C)CCC[C@@H]1C)C(=O)O,1
CCCN(CCN1C[C@H](c2ccc3c(c2)OCO3)[C@@H](C(=O)O)[C@@H]1c1ccc(OC)cc1)S(=O)(=O)CCC,1
O=[N+]([O-])c1cc2ccccc2nc1N1CCN(c2nnc(C(F)(F)F)s2)CC1,0
COc1ccc([C@H]2[C@H](C(=O)O)[C@@H](c3ccc4c(c3)OCO4)CN2CC(=O)NC(c2ccccc2)c2cc(C)ccc2C)cc1,1
CN(CCCn1cnnn1)CCc1ccccn1,0
C#CCOc1nc(-c2ccnc(-c3nnn[nH]3)c2)nc(NS(=O)(=O)c2ccc(C(C)C)cn2)c1Oc1ccccc1OC,1
COc1cccc(C2=C(C(=O)O)C(c3ccc4c(c3)OCO4)Oc3ccc(OC(C)C)cc32)c1,1
CN1CCN(C(=O)c2ccccc2NC(=O)[C@@H](C[C@@H]2CCCO2)C(F)(F)F)CC1,0
C[C@]1(C(=O)N2CCCC2)CCNC1,0
CCCCCc1ccc2c(n1)[C@@H](c1ccc(OC)cc1)[C@H](C(=O)O)[C@H]2c1ccc2c(c1)OCO2,1
COc1ccc(C(=O)/C(Cc2cc(OC(C)C)c(OC(C)C)c(OC(C)C)c2)=C(\C(=O)[O-])c2ccc3nsnc3c2)cc1,1
Cc1[nH]c([C@@H](Cc2cn(C)c3ccccc23)NC(=O)[C@H](CC(C)C)NC(=O)NC2CCCCC2)nc1C(=O)O,0
Cc1oc([C@@H](Cc2cn(C)c3ccccc23)NC(=O)[C@H](CC(C)C)NC(=O)NC2CCCC2)nc1C(=O)O,0
CC[C@H](C)[C@H](NC(=O)[C@H](Cc1ccc(O)cc1)NC(=O)[C@H](CC(C)C)NC(=O)[C@@H](NC(C)=O)C(c1ccccc1)c1ccccc1)C(=O)N[C@H](C(=O)N[C@@H](Cc1c[nH]c2ccccc12)C(=O)O)[C@@H](C)CC,1
CCCC[C@H](NC(=O)[C@@H](Cc1cn(C(=O)OC)c2ccccc12)NC(=O)C(CC(C)(C)C)NC(=O)N1[C@H](C)CCC[C@@H]1C)C(=O)O,1
CNS(=O)(=O)Nc1nc(-c2ncccn2)nc(OCCOc2ncc(Br)cn2)c1Oc1ccccc1OC,1
CC(C)C[C@H](NC(=O)N1CCCCCC1)c1nc(C(=O)N[C@H](Cc2ccccn2)C(=O)O)c(Cc2cn(C)c3ccccc23)o1,0
CSc1ccc(S(=O)(=O)N2CCc3ccccc32)cc1C(=O)N1CCOCC1,0
O=C(Nc1ccccc1)c1cc(N2CCOCC2)ccn1,0
COc1cc(C)ccc1S(=O)(=O)NC(=O)C(c1ccc2c(c1)OCO2)c1cn(C)c2cc(Cl)ccc12,1
COc1ccc(Cn2nc(-c3cccs3)c(Cc3cc4c(cc3Cl)OCO4)c2C(=O)O)c(OCC(=O)O)c1,1
CCCOc1ccc2c(c1)C(c1ccc3c(c1)OCO3)=C(C(=O)O)C(c1ccc3c(c1)OCO3)O2,1
C[C@H](C(=O)Nc1cccc([N+](=O)[O-])c1)N1CCO[C@H](c2ccc(F)c(Cl)c2)C1,0
COc1cccc(Sc2c(C(=O)O)n(Cc3ccccc3)c3ccccc23)c1,0
Cc1cc(C)nc(O[C@H](C(=O)O)[C@@]2(c3ccccc3)NCc3nnc(CC(=O)O)n3-c3ccccc32)n1,1
C#C[C@@H](NC(=O)N[C@@H](C)Cc1cccs1)C(C)C,0
CCCN(C)C(=O)CN1C[C@H](c2ccc(OC)cc2)[C@@H](C(=O)O)[C@@H]1c1ccc(OC)cc1,0
COc1ccc2c(-c3ccc4c(c3)OCO4)c(C(=O)O)n(-c3ccccc3)c2c1,0
Cc1[nH]c([C@@H](Cc2cn(C)c3ccccc23)NC(=O)[C@H](CC(C)C)NC(=O)N2CCCCCC2)nc1C(=O)O,0
CC[C@@H]1[C@H](C)CCN1CN1CCC1=O,0
CCc1cccc(NC(=O)Nc2c(C)ccc(C)c2C#N)c1,0
COc1ccc([C@@H]2[C@@H](C(=O)O)[C@H](c3ccc4c(c3)OCO4)CN2CC(=O)NC2CCCC2)cc1,1
CC[C@H](C(=O)Nc1ccc(N2CCCC2)cc1)N(c1ccc(F)c(Cl)c1)S(C)(=O)=O,0
Cc1cc(S(N)(=O)=O)cc(NC(=O)c2oc3ccccc3c2CSc2nccn2C)c1C,0
CC(C)C[C@H](NC(=O)N1CCCCCC1)C(=O)N[C@H](Cc1c[nH]c2ccccc12)c1nc(C(=O)O)c(-c2ccccc2)s1,0
COc1ccccc1Oc1c(NS(=O)(=O)c2ccc(C(C)(C)C)cc2)nc(C)nc1OCCO,1
CCCN(C)C(=O)CN1C[C@H](c2ccc(OC)cc2OC)[C@@H](C(=O)O)[C@@H]1c1ccc(OC)cc1,0
CCS(=O)(=O)NCCCOc1nc(C2CC2)nc(NS(=O)(=O)c2ccc(C(C)C)cn2)c1Oc1ccccc1OC,1
Cc1noc(NS(=O)(=O)c2ccsc2C(=O)Nc2cccc(O)c2)c1Br,0
COc1ccc(Cn2[nH]c(C(F)(F)F)c(Cc3ccc4c(c3)OCO4)c2=O)c(OCC(=O)O)c1,0
CCc1cccc(C)c1NC(=O)[C@@H]1CCCN1S(=O)(=O)c1cc(OC)ccc1C,0
Cc1ccc([S@@](=O)C[C@H](O)CO)cc1,0
COCCn1c(N)c(C(=O)Cn2cc(Cl)cc([N+](=O)[O-])c2=O)c(O)nc1=O,0
CCCCN(CCCC)C(=O)CN1C[C@H](c2ccc3c(c2)OCO3)[C@@H](C(=O)O)[C@@H]1CCCC(C)C,0
C=CCONC(=O)N1CCN(C(=O)C(=O)N2CCCC2)CC1,0
CC[C@H](C)[C@H](NC(=O)[C@H](Cc1ccccc1)NC(=O)[C@H](CC(C)C)NC(=O)[C@H](Cc1ccccc1)NC(C)=O)C(=O)N[C@H](C(=O)N[C@@H](Cc1c[nH]c2ccccc12)C(=O)O)[C@@H](C)CC,1
COc1cnc(OCCOc2nc(-c3ncccn3)nc(NS(=O)(=O)CCc3ccccc3)c2Oc2ccccc2OC)nc1,1
CCN(CC)c1ccc(CNC(=O)c2ccc(C(F)(F)F)cc2[N+](=O)[O-])cc1F,0
C[C@H](NC(=O)CN(c1cccc(Cl)c1Cl)S(=O)(=O)c1ccccc1)c1ccc(F)cc1,0
CCC[C@@H](NC(C)=O)C(=O)N1CCCC12CN(C(=O)c1cc(O)nc(O)c1)C2,0
CCCC/C(=N\O)c1c[nH]c2ccccc12,0
Cc1cc(C)nc(O[C@H](C(=O)O)[C@@]2(c3ccccc3)NCC(=O)N(Cc3c(F)cccc3F)c3ccccc32)n1,1
COc1ccc(-c2c(C(=O)O)c(=O)n(Cc3cc(OC)c(OC)cc3OC)c3c2oc2ccccc23)cc1,0
COc1cccc(Sc2c(NS(=O)(=O)c3ccc(C(C)(C)C)cc3)noc2CCO)c1,1
CCOC(=O)c1ccc2c(C(C(=O)NS(=O)(=O)c3ccc(C)cc3OC)c3ccc4c(c3)OCO4)cn(C)c2c1,1
CCc1cc(CC)c(NC(=O)CN2C[C@H](c3ccc4c(c3)OCO4)[C@@H](C(=O)O)[C@@H]2c2ccc(OC)cc2)c(CC)c1,1
CC1CCN(S(=O)(=O)c2ccc(C(=O)N3CC(OCC(=O)N(C)C)C3)s2)CC1,0
C[Si](C)(C)Cc1ccccc1C#N,0
CC(C)C(=O)Oc1ccc2c(c1)O/C(=C\c1cc(Br)cc3c1OCOC3)C2=O,0
CCCc1ccc(Br)cc1S(=O)(=O)Nc1onc(C)c1C,0
C[C@@H]1COC[C@H]1NC(=O)C(=O)NCc1cc(F)c(N2CCOCC2)c(F)c1,0
CC(C)Oc1c(C(=O)O)sc2ccc(OCc3ccccc3)cc12,0
CC(C)c1ccc(S(=O)(=O)NC(=O)C(c2ccc3c(c2)OCO3)c2cn(C)c3cc(CO)ccc23)cc1,1
CN(Cc1ccc(N(C)C)cc1)C(=O)COC(=O)[C@H](O)c1cnn(C)c1,0
CCCC(CCC)C(=O)CN1C[C@@H](c2ccc3c(c2)OCO3)[C@H](C(=O)O)[C@H]1c1ccc(OC)cc1,1
Cc1cc(C)nc(O[C@H](C(=O)O)[C@@]2(c3ccccc3)NCC(=O)N(Cc3ccc(OC(F)(F)F)cc3)c3ccccc32)n1,1
CC[C@H](C)[C@H](NC(=O)[C@H](CC(=O)O)NC(=O)[C@H](C)NC(=O)[C@@H](Cc1ccccc1)NC(C)=O)C(=O)N[C@H](C(=O)N[C@@H](Cc1c[nH]c2ccccc12)C(=O)O)[C@@H](C)CC,1
CCCc1cc(Cn2c(CC)nc3c(C)cc(C)nc32)cc(CCC)c1OC(C(=O)O)c1ccc2c(c1)OCO2,1
CC(C)CNC(=O)C[C@@H]1CCCNC1,0
COc1nc(C)cc(C)c1CN[C@H](C)c1ccc(N2CCOCC2)cc1Cl,0
CCCC[C@@H](NC(=O)[C@@H](Cc1cc2ccccc2n1C(=O)OC)NC(=O)[C@H](CC(C)(C)C)NC(=O)N1[C@H](C)CCC[C@@H]1C)C(=O)[O-],1
Cc1noc(C)c1COc1cccc(C(=O)Nc2cc(-c3cc(F)cc(Br)c3)[nH]n2)c1,0
COc1ccccc1Oc1c(NS(=O)(=O)c2ccc(C(C)(C)C)cc2)nc(-c2ncccn2)nc1OCC#CCO,1
COc1ccc([C@H]2[C@H](C(=O)O)[C@@H](c3ccc4c(c3)OCO4)CN2CC(=O)Nc2cccc(C)c2C)cc1,1
CCCC[C@H](NC(=O)[C@@H](Cc1c(Br)[nH]c2ccccc12)NC(=O)[C@@H](NC(=O)N1[C@H](C)CCC[C@@H]1C)C1CC1)C(=O)O,1
COc1ccc([C@@H]2c3nc(NC(C)C)ccc3[C@H](c3ccc4c(c3)OCO4)[C@H]2C(=O)O)cc1,1
COc1ccc(CN2C(=O)CN[C@](c3cc(C)cc(C)c3)([C@H](Oc3nc(C)cc(C)n3)C(=O)O)c3ccccc32)cc1,1
COc1ccccc1Oc1c(NS(=O)(=O)c2ccc(C(C)(C)C)cc2)nc(C)nc1OCCOC(=O)Nc1cccnc1,1
Cc1noc(NS(=O)(=O)c2ccsc2C(=O)Nc2cc3c(cc2CC#N)OCO3)c1Cl,0
COC(=O)CCCOc1cc(CC2=C(c3ccc4c(c3)OCO4)C(=O)OC2(O)c2ccc(OC)cc2)cc(OC)c1OC,1
CCCc1cc(Cn2c(CC)nc3c(C)cc(C)nc32)ccc1OC(C(=O)NS(=O)(=O)c1ccc(CC(C)C)s1)c1ccc2c(c1)OCO2,1
CCC(CC)Cn1nc(-c2ccccc2)c(Cc2cc3c(cc2Cl)OCO3)c1C(=O)O,1
Cc1noc(NS(=O)(=O)c2ccsc2C(=O)N2CCN(Cc3ccc4c(c3)OCO4)CC2)c1Cl,0
COc1ccc(CN2C(=O)CN[C@](c3ccc(C)cc3)([C@H](Oc3nc(C)cc(C)n3)C(=O)O)c3ccccc32)cc1,1
CCCCOc1ccc2c(c1)c(=O)c(Cc1cccc(C(=O)O)c1)c(C(=O)O)n2Cc1cc2c(cc1CC)OCO2,1
O=C(Nc1nc2c(Cl)c(Cl)ccc2s1)c1cccc([N+](=O)[O-])c1,0
COc1cc(C)ccc1S(=O)(=O)NC(=O)C(c1ccc2c(c1)OCO2)c1cn(C)c2cc(F)ccc12,1
CNC(=O)[C@H](C)N(Cc1ccc(Cl)c(Cl)c1)C(=O)CN(c1cccc([N+](=O)[O-])c1)S(C)(=O)=O,0
Cc1c(C(=O)O)nc([C@@H](Cc2c[nH]c3ccccc23)NC(=O)[C@H](CC(C)C)NC(=O)N2CCCCCC2)n1C,0
CCOc1ccc([N+](=O)[O-])c(C(=O)N2C[C@H]3CCN(Cc4ccccc4)C[C@@H]3C2)c1,0
Cc1ccc(Cl)cc1NC(=O)[C@@H](C)c1ccccc1C(F)(F)F,0
O=C(O)c1c(-c2ccc3c(c2)OCO3)c2ccccc2n1Cc1ccccc1,0
Cn1cc(C(=O)NC[C@H]2CCN(C(=O)c3cccc(F)c3[N+](=O)[O-])[C@H]2c2cccnc2)cn1,0
COc1ccccc1NC(=O)c1sccc1S(=O)(=O)Nc1onc(C)c1Br,0
COc1ccc(C2=NN(C(C(=O)NS(=O)(=O)c3ccc(C(C)C)cc3)c3ccc4c(c3)OCO4)C(=O)CC2)c(OC)c1,0
COC[C@@H]1Cc2cc3c(c(OC)c2[C@H](c2ccc(OC)c(OC)c2)[C@H]1COC)OCO3,0
CC(=O)c1cc2c(cc1NC(=O)c1sccc1S(=O)(=O)Nc1onc(C)c1Cl)OCO2,0
CN1C[C@H]2CNC[C@@H](C2)C1,0
CCCC[C@@H](CC)CNC(=O)[C@H](C)Oc1ccccc1C,0
Cc1cc(C)nc(O[C@H](C(=O)O)[C@@]2(c3ccccc3)NCC(=O)N(Cc3ccccc3C(F)(F)F)c3ccccc32)n1,1
Cc1cc(C)cc(CC(=O)c2sccc2S(=O)(=O)Nc2onc(C)c2Cl)c1,0
COc1cnc(OCCOc2ncnc([N-]S(=O)(=O)c3ccc(C(C)(C)C)cc3)c2-c2ccc(C)cc2)nc1,1
CCCCCCN1C(=O)CN[C@](c2ccccc2)([C@H](Oc2nc(C)cc(C)n2)C(=O)O)c2ccccc21,1
COc1cccc(O)c1CN(C)CC(F)F,0
COc1ccc(N2CCC(NC(=O)C(=O)NC[C@@H](C)CN3CCN(C)CC3)CC2)cc1,0
Cc1cc(Br)c2ncc(C(=O)O)cc2c1,0
C[C@@](CO)(NC(=O)CCCC(=O)O)c1cccc([N+](=O)[O-])c1,0
CC(C)(C)OC(=O)N[C@@H]1CN(Cc2ccc(N3CCOCC3)cc2F)CCC1(F)F,0
COCCN(CCOC)C(=O)CC1OCCCO1,0
C[C@H](NC(=O)NCc1ccc(N2CCOCC2)cc1)C1CCCCC1,0
COc1ccc(C2(O)OC(=O)C(c3ccc4c(c3)OCO4)=C2Cc2cc(OC)c(OC)c(OC)c2)cc1,1
Cc1c(Br)cc(F)cc1C(=O)N1CC[C@H]2CO[C@@H](CNC(=O)c3sccc3F)[C@H]2C1,0
CCc1[nH]c([C@@H](Cc2c[nH]c3ccccc23)NC(=O)[C@H](CC(C)C)NC(=O)N2CCCCCC2)nc1C(=O)O,0
CC(=O)N1CC(C(=O)O)C1,0
C#CCNC(=O)CC(=O)N1CCC[C@@H]1CNc1nccn2nnnc12,0
CCc1ccc(CC)c(S(=O)(=O)Nc2onc(C)c2C)c1,0
Cc1ccc(C)c(S(=O)(=O)Nc2onc(C)c2C)c1,0
O=C1c2ccccc2[C@@H]2[C@H](C(=O)O)[C@H](C(=O)O)[C@@H]2c2ccc(-c3ccc(Cl)cc3Cl)cc21,1
CC(C)[C@@H](CCO)N[C@@H](C)c1ccccc1O,0
NC(=O)CN(c1ccccc1)[C@@H]1SC(=O)NC1=O,0
CC(=O)NCCNc1ccc(C[C@@H]2CCCN(C)C2)nn1,0
CC[C@H]1OC(=O)[C@H](C)C(=O)[C@H](C)[C@@H](O[C@@H]2O[C@H](C)C[C@H](N(C)C)[C@H]2O)[C@](C)(OC)C[C@@H](C)C(=O)[C@H](C)[C@@H]2N(C3CN([C@H](C)c4ccnc5ncccc45)C3)C(=O)O[C@@]21C,0
Cc1[nH]c([C@@H](Cc2cn(C)c3ccccc23)NC(=O)[C@@H](CC(=O)NC2CCCCC2)CC(C)C)nc1C(=O)O,0
Cc1ccc(-c2ccsc2S(=O)(=O)Nc2onc(C)c2Br)c(C)c1,0
COc1ccc([C@@H]2c3nc(NC(C)C)ccc3[C@H](c3ccc4c(c3)OCO4)[C@H]2C(=O)O)c(OCc2ccccc2)c1,1
Cc1cc(C)nc(O[C@H](C(=O)O)[C@@]2(c3ccccc3)NCC(=O)N(CCCC(=O)O)c3ccccc32)n1,1
CC(=O)NC1CCN(C[C@@]2(O)CCN(C(=O)C3CCOCC3)C2)CC1,0
CC(C)(O)N1B(Cl)N(C(C)(C)O)B(Cl)N(C(C)(C)O)B1Cl,0
CC(C)C(=O)OCC1(CC#N)CC1,0
CCOc1ccc2c(c1)c(-c1ccc3c(c1)OCO3)c(C(=O)O)n2Cc1ccc(OC)cc1,0
COc1ccc([C@@H]2c3nc(N4CCCC4)ccc3[C@H](c3ccc4c(c3)OCO4)[C@H]2C(=O)O)cc1,1
COc1ccc([C@H]2[C@H](C(=O)O)[C@@H](c3ccc4c(c3)OCO4)CN2CC(=O)Nc2ccc(C)c(C)c2)cc1,1
CC(C)[C@@H]1NC(=O)[C@@H]2CCCN2C(=O)[C@@H](CC(=O)O)NC(=O)[C@H](Cc2c(Br)[nH]c3ccccc23)NC(=O)[C@@H](C(C)C)NC1=O,1
CC[C@H](C)[C@H](NC(=O)[C@H](CC(=O)O)NC(=O)[C@H](CC(C)C)NC(=O)[C@@H](NC(C)=O)C(c1ccccc1)c1ccccc1)C(=O)N[C@H](C(=O)N[C@@H](Cc1c[nH]c2ccccc12)C(=O)O)C(C)C,1
CCOC(=O)c1ccc(NC(=O)Nc2ccc(Cl)c(Cl)c2)cc1,0
COc1ccc([C@@H]2c3nc(NC(C)C)ccc3[C@H](c3ccc4c(c3)OCO4)[C@H]2C(=O)O)c(O)c1,1
Cc1cc(O)c(CN[C@H](C(=O)O)C2CC2)cc1Cl,0
Cc1ccc(-c2c(NS(=O)(=O)c3ccc(C(C)(C)CO)cc3)ncnc2OCCOc2ncc(Br)cn2)cc1,1
O=[N+]([O-])c1ccc(Cl)cc1OS(=O)(=O)c1ccc(Cl)cc1C(F)(F)F,0
Cc1[nH]c2ccccc2c1C[C@@H](NC(=O)C(CC(C)C)NC(=O)N1[C@H](C)CCC[C@@H]1C)C(=O)NC(Cc1cnc[nH]1)C(=O)O,1
COc1ccc(CN2C(=O)/C(=C/c3cc(Br)c(O)c(I)c3)S/C2=N\c2ccccc2)cc1,0
Cc1oc([C@@H](Cc2cn(C)c3ccccc23)NC(=O)[C@H](CC(C)C)NC(=O)NC2CCCCC2)nc1C(=O)O,0
N#C[C@@H]1CN(Cc2cnoc2)CCC1=O,0
C[C@@H](Cc1ccc(Cl)cc1)NCC[C@H]1CCCCN1,0
Cc1ccsc1CN[C@H]1C[C@@H](C)c2c(C)ccc(O)c21,0
CC(C)C[C@H]1NC(=O)[C@H](C(C)C)NC(=O)[C@H]2CCCN2C(=O)[C@H](CS(=O)(=O)O)NC(=O)[C@H](Cc2c[nH]c3ccccc23)NC1=O,0
CC(C)C[C@H](NC(=O)N1CCCCCC1)c1nc(C(=O)N[C@H](Cc2ccccn2)C(=O)O)c(-c2cn(C)c3ccccc23)o1,0
COc1ccc(OC)c(N(CC(=O)NCCSCc2ccccc2Cl)S(C)(=O)=O)c1,0
COc1cccc(Sc2c(NS(=O)(=O)c3ccc(C(C)(C)C)cc3)noc2C)c1,1
COc1ccc(-n2c(C(=O)O)c(-c3ccc4c(c3)OCO4)c3cc(OC)ccc32)cc1,0
CCCN(C)C(=O)CN1C[C@H](c2cccc3ccccc23)[C@@H](C(=O)O)[C@@H]1c1ccc(OC)cc1,0
CC(C)OCCOc1ccc([C@H]2[C@H](C(=O)O)[C@@H](c3ccc4c(c3)OCO4)CN2CC(=O)NC(c2ccccc2)C(C)(C)C)cc1,1
CC(C)C[C@H](NC(=O)N1CCCCCC1)C(=O)N[C@H](Cc1c[nH]c2ccccc12)c1nc(-c2ccccc2)c(C(=O)O)[nH]1,0
c1cc(NC2CCCC2)nc([C@H]2CCCNC2)c1,0
COc1ccc(C2(O)OC(=O)C(c3ccc4c(c3)OCO4)=C2Cc2ccc([N+](=O)[O-])cc2)cc1,0
CCCc1[nH]c([C@@H](Cc2c[nH]c3ccccc23)NC(=O)[C@H](CC(C)C)NC(=O)N2CCCCCC2)nc1C(=O)O,0
COc1cccc(Oc2c(NS(=O)(=O)NCc3ccccc3)ncnc2OCCOc2ncc(Br)cn2)c1,1
COc1ccc2c(c1)c(-c1ccc3c(c1)OCO3)c(C(=O)O)n2-c1ccccc1,0
COc1ccc(CN(C(=O)c2ccc(OC)cc2)C(Cc2c[nH]c3ccccc23)C(=O)O)cc1,0
CCC(CC)C(NC(=O)CN1C[C@H](c2ccc3c(c2)OCO3)[C@@H](C(=O)O)[C@@H]1c1ccc(OC)cc1)c1ccccc1,1
N#CCCC[C@H](NC1CC(c2ccccc2F)C1)c1ccccc1,0
N#CC[C@@]1(O)CCN(C(=O)C(=O)N[C@H]2CCN(CCN3CCOCC3)C2)C1,0
Cc1ccc(S(=O)(=O)N(CC(=O)N2CCN(C)CC2)Cc2ccccc2F)cc1,0
Cc1ccc([C@H](C)NC(=O)c2cccc(NS(=O)(=O)c3ccccc3)c2)cc1,0
Cc1ccccc1O[C@H](C(=O)O)[C@@]1(c2ccccc2)NCC(=O)N(Cc2c(Cl)cccc2Cl)c2ccccc21,0
Cc1noc(NS(=O)(=O)c2ccsc2C(=O)Nc2ccc(O)nn2)c1Br,0
CC(C)CC[C@@H](C)NCCC1CC1,0
CCOc1ccc2c(c1)C(c1ccc(OC)cc1)=C(C(=O)O)C(c1ccc3c(c1)OCO3)O2,1
COC(=O)COc1cc(CC2=C(c3ccc4c(c3)OCO4)C(=O)OC2(O)c2ccc(OC)cc2)cc(OC)c1OC,1
COc1ccccc1Oc1c(NS(=O)(=O)c2ccc(C(C)(C)C)cc2)nc(C(=O)Nc2ccccc2)nc1OCCO,1
Cc1ccc([C@@H](C)N[C@H](c2cccs2)C2CC2)c(O)c1,0
C[C@@H](c1ccc(Cl)cc1)N(C)C(=O)Nc1cccc(S(=O)(=O)NC(C)(C)C)c1,0
CC[C@H](C)[C@@H]1NC(=O)[C@@H](CC(=O)O)NC(=O)[C@H](CC(C)C)NC(=O)[C@@H](C2c3ccccc3CCc3ccccc32)NC(=O)[C@H](Cc2c[nH]c3ccccc23)NC(=O)[C@@H]([C@@H](C)CC)NC1=O,0
CCCN(C)C(=O)CN1C[C@H](c2ccc3c(c2)OCCO3)[C@@H](C(=O)O)[C@@H]1c1ccc(OC)cc1,0
CNc1ccc(C)cc1S(=O)(=O)Nc1onc(C)c1Br,1
N#Cc1c(Cl)cc(C(=O)N[C@@H]2[C@H](O)[C@@H](CO)O[C@H]2n2ccc(=N)nc2O)nc1Cl,0
COc1ccc(C2(O)OC(=O)C(c3ccc4c(c3)OCO4)=C2Cc2cc(OC)c(OC)c(OC)c2)cc1C,1
COc1ccccc1Oc1c(NS(=O)(=O)c2ccc(C(C)(C)C)cc2)nc(C(C)C)nc1OCCOC(=O)Nc1ccccn1,1
CCOc1ccc([C@H]2[C@H](C(=O)O)[C@@H](c3ccc4c(c3)OCO4)CN2CC(=O)Nc2c(CC)cccc2CC)cc1,1
CCCS(=O)(=O)CCN1C[C@@H](c2ccc3c(c2)OCO3)[C@H](C(=O)O)[C@H]1c1ccc(OC)cc1,1
CC(=O)c1cc(C(=O)N2CC[C@H]3CO[C@@H](CNC(=O)c4cccnc4CS(C)(=O)=O)[C@H]3C2)n[nH]1,0
Cc1onc(NS(=O)(=O)c2ccc(C(C)(C)C)cc2)c1I,0
CSc1nnc(CCCN[C@@H](C)c2cc(Br)cc(C)c2O)n1CC(C)C,0
C#CCOc1nc(-c2ccncc2)nc(NS(=O)(=O)c2ccc(C(C)C)cn2)c1Oc1ccccc1OC,1
COc1cc(C#N)c(NC(=O)c2sccc2S(=O)(=O)Nc2onc(C)c2Cl)c(OC)c1,0
COc1ccccc1Oc1c(NS(=O)(=O)c2ccc(C)cn2)nc(N2CCOCC2)nc1OCC#CCOC(=O)Nc1cnccn1,1
COc1cccc(Sc2c(NS(=O)(=O)c3ccc(C(C)(C)C)cc3)noc2CCCC(=O)O)c1,1
Cc1ccc(OC(=O)c2sccc2S(=O)(=O)Nc2onc(C)c2C)cc1,0
CCOc1ccc2c(c1)c(-c1ccc(OC)cc1OC)c(C(=O)O)c(=O)n2Cc1ccccc1OC,1
COCCOc1nc(NS(=O)(=O)NCc2ccccc2)c(Oc2ccccc2OC)c(OCCOc2ncc(Br)cn2)n1,1
COc1cc(Cn2nc(-c3ccccc3)c(Cc3cc4c(cc3Cl)OCO4)c2C(=O)O)cc(OC)c1,1
O=C(O)c1cccc(Cn2nc(-c3cccs3)c(Cc3cc4c(cc3Cl)OCO4)c2C(=O)O)c1,1
CCCCNS(=O)(=O)Nc1ncnc(OCCOc2ncc(OC)cn2)c1-c1ccc(Br)cc1,1
CCCC(NC(=O)[C@@H](Cc1c(Br)[nH]c2ccccc12)NC(=O)C(CC(C)C)NC(=O)N1[C@H](C)CCC[C@@H]1C)C(=O)O,1
CCCN(CCN1C[C@H](c2ccc3c(c2)OCO3)[C@@H](C(=O)O)[C@@H]1c1ccc(OC)cc1)S(=O)(=O)c1ccccc1,1
COc1cc(C#N)c(NC(=O)c2sccc2S(=O)(=O)Nc2onc(C)c2Cl)cc1OC,0
CCCCC(NC(=O)[C@@H](Cc1c(C#N)[nH]c2ccccc12)NC(=O)C(CC(C)C)NC(=O)N1[C@H](C)CCC[C@@H]1C)C(=O)O,1
Cc1noc(NS(=O)(=O)c2sccc2CCc2ccc3c(c2)OCO3)c1Br,0
CCCCN(CCCC)C(=O)CN1C[C@H](c2ccc3c(c2)OCO3)[C@@H](C(=O)O)[C@@H]1CCc1nc(C)c(C)o1,0
C[C@@H](C#N)S(=O)(=O)N1C[C@H]2CN(S(=O)(=O)c3cn(C)cn3)C[C@@H](C1)O2,0
CC(C)(C)NS(=O)(=O)c1cccc(NC(=O)[C@@H](Sc2ccccc2)c2ccccc2)c1,0
COc1cc(OC)nc(O[C@H](C(=O)O)[C@@]2(c3ccccc3)NCC(=O)N(C)c3ccccc32)n1,1
CCC[C@@](C)(O)CNC(=O)c1ccc(Oc2ccc(Cl)cc2[N+](=O)[O-])c(OC)c1,0
COc1cccc(Sc2c(NS(=O)(=O)c3ccc(C(C)(C)C)cc3)noc2CCCC(N)=O)c1,1
CCCCNC(=O)OCC#CCOc1nc(-c2ccncc2)nc(NS(=O)(=O)c2ccc(C(C)C)cn2)c1Oc1ccccc1OC,1
CCC(=O)N[C@H](C(=O)N[C@@H](CC(C)C)C(=O)N[C@@H](CC(=O)O)C(=O)N[C@H](C(=O)N[C@H](C(=O)N[C@@H](Cc1c[nH]c2ccccc12)C(=O)O)[C@@H](C)CC)[C@@H](C)CC)C(c1ccccc1)c1ccccc1,1
Cc1ccc(CCc2sccc2S(=O)(=O)Nc2onc(C)c2Br)cc1,0
CN1C(=O)CN[C@](c2ccccc2)([C@H](Oc2ncccn2)C(=O)O)c2ccccc21,0
Cc1noc(NS(=O)(=O)c2sccc2-c2ccc(C(C)C)cc2)c1Br,0
CCOc1c(N)cc(Cl)cc1Br,0
O=C(Cc1ccc(Cl)cc1)NCCSC1CCCCC1,0
COc1cccc(Sc2c(C(=O)O)n(Cc3ccc4c(c3)OCO4)c3cc(OC)c(OCc4ccccc4)cc23)c1,1
COCCNS(=O)(=O)Nc1ncnc(OCCOc2ncc(SC)cn2)c1-c1ccc(Br)cc1,1
Cc1oc([C@@H](Cc2cn(C)c3ccccc23)NC(=O)[C@H](CC(C)C)NC(=O)N2CCCCCC2)nc1C(=O)O,0
CC[C@H](C)[C@H](NC(=O)[C@H](Cc1ccc(O)cc1)NC(=O)[C@H](CC(=O)O)NC(=O)[C@H](CC(C)C)NC(=O)[C@@H](NC(C)=O)C(c1ccccc1)c1ccccc1)C(=O)N[C@@H](Cc1c[nH]c2ccccc12)C(=O)O,1
CC(C)CC(NC(=O)[C@@H](Cc1c(Br)[nH]c2ccccc12)NC(=O)C(CC(C)C)NC(=O)N1[C@H](C)CCC[C@@H]1C)C(=O)O,1
Fc1cccc(F)c1CSc1nnc(-c2cccc(Cl)c2)n1-c1ccccc1,0
COc1ccc(OC2=C(C(=O)O)C(c3ccc4c(c3)OCO4)Oc3ccc(OC(C)C)cc32)cc1,1
CN(C)c1ccccc1-c1ccn(C)c(=O)c1,0
O=C(COc1ccc2c(c1)CCC2)N1CCN(c2ccccc2F)CC1,0
CC[C@H](C)[C@@H]1NC(=O)[C@@H](CC(=O)O)NC(=O)[C@H](CC(C)C)NC(=O)[C@@H](Cc2ccccc2)NC(=O)[C@H](Cc2c[nH]c3ccccc23)NC(=O)[C@@H]([C@@H](C)CC)NC1=O,0
CCOCCCNC(=O)c1cc2c(=O)n3ccccc3nc2n(Cc2ccc(C)cc2)c1=N,0
Cc1[nH]c([C@@H](Cc2cn(C)c3ccccc23)NC(=O)[C@H](CC(C)C)NC(=O)NC2CCCCCC2)nc1C(=O)O,0
COc1ccc(C2(O)OC(=O)C(c3ccc(OC)cc3OC)=C2Cc2ccccc2)cc1,0
Cc1c([N+](=O)[O-])ccc(F)c1C(=O)N1CC[C@]2(CN(C(=O)CC(F)(F)F)CCO2)C1,0
COc1cc(OC)nc(O[C@H](C(=O)O)C(OC)(c2ccccc2)c2ccccc2)n1,1
CNS(=O)(=O)Nc1ncnc(OCCOc2ncc(SC)cn2)c1-c1ccc(Br)cc1,1
CC1(C)COC(=O)[C@H]1OC(=O)[C@@H]1C[C@H]1[N+](=O)[O-],0
O=S(=O)(NCc1ccccc1)Nc1ncnc(OCCOc2ncc(Br)cn2)c1-c1ccc(Cl)cc1,1
CC[C@H](C)[C@H](NC(=O)[C@H](CC(=O)[O-])NC(=O)[C@H](CC(C)C)NC(=O)[C@H](NC(C)=O)C(c1ccccc1)c1ccccc1)C(=O)N[C@H](C(=O)N[C@@H](Cc1c[nH]c2ccccc12)C(=O)[O-])[C@@H](C)CC,1
CCCS(=O)(=O)NCCCOc1nc(C2CC2)nc(NS(=O)(=O)c2ccc(C(C)C)cn2)c1Oc1ccccc1OC,1
CC[C@@H](C)c1nnc(N2CCC(Oc3cccc(C#N)c3)CC2)n1CC[C@H](C)N1CCCCC1,0
Cc1cc(OCc2cccc(C#N)c2)ccc1NC(=O)/C=C/c1nccs1,0
C[C@H](Nc1ccc(C2CC2)cc1)c1nccc2ccccc12,0
Cc1cc(C)nc(O[C@H](C(=O)O)[C@@]2(c3ccccc3)NCC(=O)N(Cc3cc(F)c(F)c(F)c3)c3ccccc32)n1,1
CC(=O)c1cccc(NC(=O)c2cccc3ccccc23)c1,0
CCCCS(=O)(=O)Nc1nc(-c2ncccn2)nc(OCCOc2ncc(Br)cn2)c1Oc1ccccc1OC,1
CCCCN(CCCC)C(=O)CN1C[C@H](c2ccc(OC)cc2OC)[C@@H](C(=O)O)[C@@H]1c1ccc(OC)cc1,0
Cc1noc(NS(=O)(=O)c2ccc(Cl)c(Cl)c2)c1C,0
CCCCCS(=O)(=O)N(CCC)CCN1C[C@H](c2ccc3c(c2)OCO3)[C@@H](C(=O)O)[C@@H]1c1ccc(OCCC)cc1,1
COc1ccc(C2OC(=O)C(c3ccc4c(c3)OCO4)=C2Cc2cc(OC)c(OC)c(OC)c2)cc1,0
CCCCC[C@H](C)CC(=O)[C@@H](C#N)c1nccc2ccccc12,0
CCCCCS(=O)(=O)N(CCC)CCN1C[C@H](c2ccc3c(c2)OCO3)[C@@H](C(=O)O)[C@@H]1c1ccc(OCC)c(F)c1,1
Cc1cc(C)nc(O[C@H](C(=O)O)[C@@]2(c3ccccc3)NCC(=O)N(Cc3cc(F)cc(F)c3)c3ccccc32)n1,1
C=CCCCCCN(C)CC(=O)N(C)[C@@H](C)c1ccccc1,0
CCCCOc1ccc(CN2CCc3cc(OC)c(OC)cc3C2)cc1,0
O=C(N[C@H]1[C@@H]2COC[C@H]1CN(C(=O)c1n[nH]cc1[N+](=O)[O-])C2)c1cc2n(n1)CCC2,0
C=C1CC(C(=O)Nc2cc([C@H]3CCCCN3C(=O)c3cnn4ccccc34)[nH]n2)C1,0
O=C(COc1c(CO)cc(F)cc1CO)Nc1ccc(OCc2ccccc2)cc1,0
COc1ccc(C2=C(C(=O)O)C(c3ccc(O)c(O)c3)Oc3ccc(OC(C)C)cc32)cc1,0
O=c1c(Cc2ccc3c(c2)OCO3)c(C(F)(F)F)[nH]n1Cc1cccc(O)c1,0
Cc1ccc(C(=O)O[C@@H](C(=O)O)[C@@H](OC(=O)c2ccc(C)cc2)C(=O)Nc2ccc(Br)cc2)cc1,0
Cc1cc(C)c(S(=O)(=O)N[C@H](CO)CC(C)(C)C)cc1[N+](=O)[O-],0
COc1cc(C/C(C(=O)c2ccc3c(c2)CCO3)=C(/C(=O)[O-])c2ccc3nsnc3c2)cc(OC)c1OC,1
CC(C)C[C@@H]1NC(=O)[C@@H](C(C)C)NC(=O)[C@H](C)NC(=O)[C@@H](CCC(=O)O)NC(=O)[C@@H](Cc2c[nH]c3ccccc23)NC1=O,0
Cc1[nH]c([C@@H](Cc2c[nH]c3ccccc23)NC(=O)[C@H](CC(C)C)NS(=O)(=O)N2CCCCCC2)nc1C(=O)O,0
O=C(N[C@H]1C=CCCC1)c1nc2c(s1)CCC2,0
CCc1cccc(CC)c1NC(=O)/C(=C/c1ccc2ncccc2c1)C(=O)c1ccccc1,0
Cc1cc(C)nc(O[C@H](C(=O)O)[C@@]2(c3ccccc3)NCC(=O)N(CCN3CCOCC3)c3ccccc32)n1,1
CSc1cnc(OCCOc2ncnc([N-]S(=O)(=O)c3ccc(C(C)(C)C)cc3)c2-c2ccc(C)cc2)nc1,1
CCOc1cc(C)ccc1S(=O)(=O)NC(=O)C(c1ccc2c(c1)OCO2)c1cn(C)c2cc(C(N)=O)ccc12,1
CCCCN(CCCC)C(=O)CN1C[C@H](c2ccc3c(c2)OCO3)[C@@H](C(=O)O)[C@@H]1CCn1cccn1,0
C[C@@H]1CN(c2cccc(F)c2)CCN1C(=O)N[C@H](C)c1nc(Cc2ccccc2)no1,0
CCN(C(=O)C1CCCCC1)c1nnc(-c2ccccc2C)s1,0
Cc1cc(C(=O)N2CC[C@@H](CNC(=O)C3=NN(c4ccccc4)C(=O)C3)[C@@H]2c2cccnc2)on1,0
Cc1noc(NS(=O)(=O)c2cccs2)c1Br,0
O=c1c(Cc2ccc3c(c2)OCO3)c(C(F)(F)F)[nH]n1Cc1ccccc1Cl,0
CCCNC(=O)[C@H](C)N(Cc1ccccc1C)C(=O)CN(c1ccc(OCC)cc1)S(C)(=O)=O,0
Cc1ccc(O)c(CNC(=O)N[C@@H]2CCN(S(C)(=O)=O)C2)c1,0
CCCN(CCN1C[C@H](c2ccc3c(c2)OCO3)[C@@H](C(=O)O)[C@@H]1c1ccc(OC)c(F)c1)S(=O)(=O)CCC(C)C,1
O=C(CN(C(=O)c1ccc([N+](=O)[O-])cc1)N1C(=O)c2c(Cl)c(Cl)c(Cl)c(Cl)c2C1=O)c1ccc(Cl)cc1Cl,0
COc1ccccc1Oc1c(NS(=O)(=O)c2ccc(C(C)C)cn2)nc(-c2ncccn2)nc1OCCOC(=O)Nc1ccccn1,1
CCCCCCCCNC(=O)c1c(O)[nH]c2c(Br)cc(Br)cc2c1=O,0
Cc1noc(NS(=O)(=O)c2cccc3ccccc23)c1Br,0
COc1cc(C)ccc1S(=O)(=O)NC(=O)[C@@H](c1ccc2c(c1)OCO2)c1cn(C)c2cc(C(=O)O)ccc12,1
O=C(Nc1cc(Cl)ccc1OC[C@@H]1CCCCO1)[C@@H]1CCCc2c(O)cccc21,0
O=C(O)c1c(Cc2cc3c(cc2Cl)OCO3)c(-c2ccccc2)nn1CC1OCCO1,1
CC(C)C[C@@H]1NC(=O)[C@H](C(C)C)NC(=O)CN(C)C(=O)[C@H](CC(=O)O)NC(=O)[C@@H](Cc2c[nH]c3ccccc23)NC1=O,0
C[C@H](CC(C)(C)C#N)Nc1ccccc1F,0
CC(=O)c1cc2c(cc1NC(=O)c1sccc1S(=O)(=O)Nc1onc(C)c1C)OCO2,0
COc1cccc(Cn2[nH]c(C(F)(F)F)c(Cc3ccc(Cl)cc3)c2=O)c1,0
COc1cc(C)ccc1S(=O)(=O)NC(=O)C(c1ccc2c(c1)OCO2)c1cn(C)c2cc(C(=O)O)ccc12,1
C=CCN(Cc1cccs1)C(=O)[C@@H](C)OC(=O)C1(n2cnnn2)CC1,0
CC(C)[C@@H]1NC(=O)[C@H](C)NC(=O)[C@H](CC(=O)O)NC(=O)[C@@H](Cc2c[nH]c3ccccc23)NC(=O)[C@@H]2CCCN2C1=O,0
CCOc1cccc(C(=O)N2CCCC23CN(C(=O)COCc2ccc(C)c(C)c2)C3)c1O,0
Cc1oc([C@@H](Cc2cn(C)c3ccccc23)NC(=O)[C@H](CC(C)C)NC(=O)NC2CCCCC2C)nc1C(=O)O,0
C=CCCCOC1=C(C(=O)O)C(c2ccc3c(c2)OCO3)Oc2ccc(OC(C)C)cc21,1
COc1ccc(S(=O)(=O)NC(=O)C(c2ccc3c(c2)OCO3)c2cn(C)c3cc(C(N)=O)ccc23)cc1,1
COCC(C)(C)C(=O)NC1CCN(CCNC(=O)[C@@H]2C[C@H]2[N+](=O)[O-])CC1,0
Cc1cc(C)nc(O[C@H](C(=O)O)[C@@]2(c3ccccc3)NCC(=O)N(Cc3ccc(F)c(F)c3F)c3ccccc32)n1,1
COc1ccc(S(=O)(=O)Nc2c(C)cccc2C(C)C)cc1C(C)C,0
CCOC(=O)N[C@H](O)C(=O)N1CCOC[C@]2(CN(C(=O)CC#N)CCO2)C1,0
CCCc1oc([C@@H](Cc2c[nH]c3ccccc23)NC(=O)[C@H](CC(C)C)NC(=O)N2CCCCCC2)nc1C(=O)O,0
C[C@@H](C(=O)NCC#Cc1ccccc1)n1cnc2ccccc21,0
COc1ccc(C2(O)OC(=O)C(c3cccc(OC)c3)=C2Cc2ccccc2)cc1,0
CC(C)C[C@@H]1NC(=O)[C@H](C(C)C)NC(=O)[C@H](C)NC(=O)[C@H](CC(=O)O)NC(=O)[C@@H](Cc2c[nH]c3ccccc23)NC1=O,0
COc1ccc([C@@H]2c3nc(NC(C)C)ccc3[C@H](c3ccc4c(c3)OCO4)[C@H]2C(=O)O)c(CC(C)C(=O)N(C)C)c1,1
COc1cccc(Sc2c(C(=O)O)n(Cc3ccc4c(c3)OCO4)c3cc(OC)c(OC)cc23)c1,1
CCCCC(NC(=O)[C@@H](Cc1c(C)[nH]c2ccccc12)NC(=O)C(NC(=O)N1[C@H](C)CCC[C@@H]1C)C1CC1)C(=O)O,1
COCc1nc(-c2cccc(NC(=O)[C@@H](C)n3cccc3)c2)n[nH]1,0
Cc1oc([C@@H](Cc2cn(C)c3ccccc23)NC(=O)[C@H](CC(C)C)OC(=O)N(C)C2CCCCC2)nc1C(=O)O,0
COc1ccc(C2=C(C(=O)O)C(c3ccc4c(c3)OCO4)Oc3ccc(OC(C)CO)cc32)cc1,1
COc1cnc(OCCOc2nc(-c3ccncc3)nc(NS(=O)(=O)NCc3ccccc3)c2-c2ccc(Cl)cc2)nc1,1
Cc1noc(NS(=O)(=O)c2ccsc2C(=O)O)c1Br,0
COc1ccccc1Oc1c(NS(=O)(=O)c2ccc(C(C)(C)C)cc2)nc(-c2ncccn2)nc1OCCNS(=O)(=O)c1cccs1,1
Cc1noc(NS(=O)(=O)c2sccc2-c2ccccc2)c1Br,0
COc1ccccc1Oc1c(NS(=O)(=O)CCCc2ccccc2)nc(-c2ncccn2)nc1OCCOc1ncc(Br)cn1,1
O=C(/C=N/O[C@H]1CCCCO1)N1CCC(OC2CCN(C(=O)CCCn3cccc3)CC2)CC1,0
COc1ccc(-c2c(C(=O)O)n(-c3ccc4c(c3)OCO4)c3ccc(OC)cc23)cc1,0
COc1ccccc1Oc1c(NS(=O)(=O)c2ccc(C)cn2)nc(N2CCOCC2)nc1OCCOC(=O)Nc1ccccn1,1
CC(C)(C)C(=O)N1CCC[C@@H](c2nc3ccccc3cc2C(N)=O)C1,0
COc1cc(C)ccc1S(=O)(=O)NC(=O)C(c1ccc2c(c1)OCO2)c1cn(C)c2cc(CO)ccc12,1
C=C[C@@H]1OCC[C@H]1C(=O)NCCOCCN(C)C(=O)c1scnc1C,0
COc1ccccc1Oc1c(NS(=O)(=O)c2ccc(C(C)C)cn2)nc(-c2ccncc2)nc1OCC#CCOC(=O)Nc1cnccn1,1
Cc1noc(NS(=O)(=O)c2cc(Br)ccc2Br)c1C,0
COc1ccc(-c2c(C(=O)O)c(=O)n(Cc3ccc4nsnc4c3)c3c2oc2ccccc23)cc1,1
COc1ccccc1Oc1c(NS(=O)(=O)c2ccc(C(C)C)cn2)ncnc1OCC#CCO,1
Cc1noc(NS(=O)(=O)c2ccccc2)c1Cl,0
CC(C)Oc1ccc2c(c1)C=C(C(=O)O)[C@H](c1ccc3c(c1)OCO3)O2,0
C=C[C@@H](CCC)OCC(=C)c1ccccc1,0
CCOc1cc([N+](=O)[O-])c(C(=O)N2CCN(C(=O)Cn3cnnn3)CC2)cc1OC,0
COc1ccccc1Oc1c(NS(=O)(=O)c2ccc(C(C)(C)C)cc2)nc(C)nc1OCCOC(=O)c1ccoc1,1
O=C(O)c1c(Cc2cc3c(cc2Cl)OCO3)c(-c2ccco2)nn1CC1CCCCC1,1
C#CCOc1nc(-c2ncccn2)nc(NS(=O)(=O)c2ccc(C)cn2)c1Oc1ccccc1OC,0
Cc1noc(NS(=O)(=O)c2cccc(Cl)c2C)c1C,0
COc1ccc(CN(C(=O)/C=C/c2ccc3c(c2)OCO3)C(Cc2ccc(O)cc2)C(=O)O)cc1,0
COc1cc(N2C[C@@H](C(=O)N[C@@H](CO)c3ccccc3)CC2=O)cc(OC)c1OC,0
CC(=O)c1ccc(OCc2ccccc2)cc1OC(CCC(=O)O)c1ccccc1,1
COc1ccc(CC(C(=O)O)N(Cc2ccc(OC)cc2)Cc2cc(OC)c(OC)c(OC)c2)cc1,0
CC(=O)c1ccc(OCc2ccc3nsnc3c2)cc1OC(CCC(=O)O)c1ccccc1,1
Cc1oc([C@@H](Cc2cn(C)c3ccccc23)NC(=O)[C@H](CC(C)C)NC(=O)NC2CC3CCC2C3)nc1C(=O)O,0
C[C@@H]1COCC[C@@H]1OC(=O)CN1C(=O)COc2ccccc21,0
C[C@@H]1CCCC[C@@H]1Nc1ccc(S(N)(=O)=O)c(C(F)(F)F)c1,0
COc1ccc([C@@H]2c3nc(NC(C)C)ccc3[C@H](c3ccc4c(c3)OCO4)[C@H]2C(=O)O)c(CCC(C)(C)O)c1,1
COc1ccccc1Oc1c(NS(=O)(=O)c2ccc(C(C)(C)C)cc2)ncnc1OCC#CCO,1
C/C=C(\C)COC(=O)c1cc(OC)cs1,0
C/C=C/C=C/C(=O)O[C@@H]1C=C2COC(O)[C@]2(O)CC1,0
CCCCN(CCCC)C(=O)CN1C[C@H](c2ccc3c(c2)OCO3)[C@@H](C(=O)O)[C@@H]1CC(CCC)CCC,0
Cc1noc(NS(=O)(=O)c2ccc(Cl)cc2Cl)c1C,0
CCCCNS(=O)(=O)Nc1ncnc(OCCOc2ncc(SC)cn2)c1-c1ccc(Br)cc1,1
C[C@H]1CCc2c(sc3nnn(CC(=O)Nc4ccc(Oc5ccccc5)cc4)c(=O)c23)C1,0
COc1ccccc1Oc1c(NS(=O)(=O)c2ccc(C)cn2)nc(-c2cc(OC)c(OC)c(OC)c2)nc1OCCNS(=O)(=O)c1cccs1,1
COc1cccc(Cn2[nH]c(C(F)(F)C(F)(F)C(F)(F)F)c(Cc3ccc4c(c3)OCO4)c2=O)c1,1
Cc1oc([C@@H](Cc2cn(C)c3ccccc23)NC(=O)[C@H](CC(C)C)NC(=O)OC2CCCCC2)nc1C(=O)O,0
COc1cc2c(Sc3cc(OC)c(OC)c(OC)c3)c(C(=O)O)n(Cc3ccc4c(c3)OCO4)c2cc1OC,1
O=C(O)c1c(Cc2cc3c(cc2Cl)OCO3)c(-c2ccccc2)nn1Cc1cccc(Cl)c1,1
C=CCNC(=O)c1cccc(S(=O)(=O)N2CCC[C@@H]2C2CCOCC2)c1,0
Cc1csc(C(=O)N2CCC[C@@H](Oc3cccnn3)C2)c1,0
C[C@@H](N[C@H]1C[C@H](c2ccc(F)cc2)C1)c1cc(F)ccc1O,0
COc1ccc([C@@H](CN(C)C)NC(=O)CCc2cccc([N+](=O)[O-])c2)cc1,0
C[Si](C)(C)C#Cc1ccc(Br)cn1,0
COc1ccc(C2(OC)OC(=O)C(c3ccc4c(c3)OCO4)=C2Cc2ccccc2)cc1,0
CCn1cc(C[C@@H](NC(=O)[C@H](CC(C)C)NC(=O)NC2CCCCC2)c2nc(C(=O)O)c(C)o2)c2ccccc21,0
COc1ccc(-c2c(C(=O)O)c(=O)n(Cc3ccccc3OC)c3c2oc2cc(N)ccc23)cc1,1
CC(C)c1ccc([C@H]2CCCCN2Cc2cc(C(=O)O)ccc2[N+](=O)[O-])cc1,0
Cc1oc([C@@H](Cc2cn(C)c3ccccc23)NC(=O)[C@H](CC(C)C)NC(=O)NC2C3CC4CC(C3)CC2C4)nc1C(=O)O,0
CCc1cc2c(cc1Cn1c(C(=O)O)c(Cc3cccc(-c4nnn[nH]4)c3)c(=O)c3cc(O)ccc31)OCO2,0
CCn1cc(C(C(=O)NS(=O)(=O)c2ccc(C(C)C)cc2)c2ccc3c(c2)OCO3)c2ccc(C(=O)N(C)C)cc21,1
Cc1ccc(/N=c2\scc(C)n2CCCN2CCOCC2)cc1,0
CC[C@H](C)[C@H](NC(=O)[C@@H](NC(=O)[C@@H](N)Cc1c[nH]c2ccccc12)[C@@H](C)CC)C(=O)NCC(=O)[C@H](CC(=O)O)NC(=O)[C@H](CC(C)C)NC(=O)[C@@H](NC(C)=O)C(c1ccccc1)c1ccccc1,1
CCn1cc(C[C@@H](NC(=O)[C@H](CC(C)C)NC(=O)NC2CCCCC2)c2nc(C(=O)O)c(C)[nH]2)c2ccccc21,0
O=C(O)COc1cccc(Cn2[nH]c(C(F)(F)F)c(Cc3ccc4c(c3)OCO4)c2=O)c1,0
CNC(=O)c1nc([C@@H](Cc2c[nH]c3ccccc23)NC(=O)[C@H](CC(C)C)NC(=O)N2CCCCCC2)oc1C,0
CC(C)Oc1ccc2c(c1)C(C1CCCC1)=C(C(=O)O)C(c1ccc3c(c1)OCO3)O2,1
C#CCOc1nc(-c2ccnc(-c3noc(S)n3)c2)nc(NS(=O)(=O)c2ccc(C(C)C)cn2)c1Oc1ccccc1OC,1
COc1ccccc1Oc1c(NS(=O)(=O)c2ccc(C(C)C)cn2)nc(C2CC2)nc1OCCNS(=O)(=O)c1ccc(C)cc1,1
Cc1oc([C@@H](Cc2cn(C)c3ccccc23)NC(=O)[C@H](CC(C)C)NC(=O)N(C)C2CCCCC2)nc1C(=O)O,0
CN(CCC(=O)Nc1ccc(C#N)cc1)C[C@H](O)COc1cc(Cl)cc(Cl)c1,0
COc1cccc(O)c1CNCCNS(=O)(=O)c1cccc([N+](=O)[O-])c1,0
CCCCCS(=O)(=O)N(CCC)CCN1C[C@H](c2ccc3c(c2)OCO3)[C@@H](C(=O)O)[C@@H]1c1ccc(OC)c(F)c1,1
COc1ccccc1Oc1c(NS(=O)(=O)c2ccc(C(C)C)cn2)nc(N2CCOCC2)nc1OCC#CCOC(=O)Nc1ccccn1,1
COc1ccc([C@@H]2[C@@H](C(=O)O)[C@H](c3ccc4c(c3)OCO4)CN2C/C=C/CC(C)C)cc1,0
CCCOc1ccc([C@@H]2[C@@H](C(=O)O)[C@H](c3ccc4c(c3)OCO4)CN2CC(=O)Nc2c(CC)cccc2CC)cc1,1
COCCCCC(=O)N1CCC(Nc2ccc([N+](=O)[O-])cn2)CC1,0
CCCS(=O)(=O)NCCOc1nc(-c2cc(OC)c(OC)c(OC)c2)nc(NS(=O)(=O)c2ccc(C(C)C)cn2)c1Oc1ccccc1OC,1
CCCCN(CCCC)C(=O)CN1C[C@H](c2ccc3c(c2)OCO3)[C@@H](C(=O)O)[C@@H]1CCC1OCCCO1,0
CCCCC(NC(=O)[C@@H](Cc1c(Cl)[nH]c2ccccc12)NC(=O)C(NC(=O)N1[C@H](C)CCC[C@@H]1C)C(C)C)C(=O)O,1
COc1ccc([C@@H]2c3nc(N(C)C(C)C)ccc3[C@H](c3ccc4c(c3)OCO4)[C@H]2C(=O)O)cc1,1
Fc1cccc(F)c1NC(=S)NCc1ccc(Cl)cc1Cl,0
COc1ccc(NC(=O)c2sccc2S(=O)(=O)Nc2onc(C)c2Cl)c(OC)c1,0
O=C(Nc1ccc2c(c1)OCCO2)[C@@H]1CCCCN1S(=O)(=O)c1cccs1,0
COc1cccc(Sc2c(NS(=O)(=O)c3ccc(C(C)(C)C)cc3)noc2CCCC(C)=O)c1,1
CC(=O)N1CCC[C@H](Cn2c(-c3cccc(C#N)c3)nnc2N2CC[C@@H](C)[C@H](C)C2)C1,0
CC[C@H](C)[C@H](NC(=O)[C@@H]1CCCN1C(=O)[C@H](CC(=O)O)NC(=O)[C@H](CC(C)C)NC(=O)[C@H](Cc1c[nH]cn1)NC(C)=O)C(=O)N[C@@H](Cc1c[nH]c2ccccc12)C(=O)O,0
CCCCSC1=C(C(=O)O)C(c2ccc3c(c2)OCO3)Oc2ccc(OC(C)C)cc21,1
CC(=O)OCCOc1cc2c(cc1NC(=O)c1sccc1S(=O)(=O)Nc1onc(C)c1Cl)OCO2,0
COc1ccc([C@@H]2[C@@H](C(=O)O)[C@H](c3ccc4c(c3)OCO4)CN2CC(=O)N(CCC(C)C)CCC(C)C)cc1,1
Cc1c(C(=O)O)oc2cccc(OCc3ccc4nsnc4c3)c12,1
CCCCOc1ccc2c(c1)C(c1ccc3c(c1)OCO3)=C(C(=O)O)C(c1ccc(OC)c(OC)c1)O2,1
CCc1cc2c(cc1Cn1c(C(=O)O)c(Cc3cccc(-c4nnn[nH]4)c3)c(=O)c3cc(OCCN)ccc31)OCO2,1
COC(=O)c1sccc1S(=O)(=O)Nc1onc(C)c1C,0
Cc1ccccc1C(CCC(=O)O)Oc1cc(OCc2ccsc2)ccc1C(=O)O,0
COc1ccccc1Oc1c(NS(=O)(=O)c2ccc(C(C)(C)C)cc2)nc(C2CC2)nc1OCCOC(=O)Nc1ccccn1,1
CNCc1ccc(N2CCN(C=O)CC2)nc1,0
Cc1oc([C@@H](Cc2c[nH]c3ccccc23)NC(=O)[C@H](CC(C)C)NC(=O)NC2CCCCC2)nc1C(=O)O,0
CCNS(=O)(=O)Nc1ncnc(OCCOc2cc(OC)ccc2Cl)c1-c1ncc(SC)cn1,1
CCCN1CCC(CNC(=O)c2cc([N+](=O)[O-])ccc2SCC(C)C)CC1,0
CC(C)c1ccc(S(=O)(=O)NC(=O)C(c2ccc3c(c2)OCO3)c2cn(C)c3cc(CN)ccc23)cc1,1
COc1ccc2nc(Cl)ccc2c1S(=O)(=O)Nc1ccc2oc(C3CC3)nc2c1,0
COc1ccccc1Oc1c(NS(=O)(=O)c2ccc(C(C)C)cn2)nc(-c2ccnc(-c3nnn[nH]3)c2)nc1OCCO,1
C[C@@H](CC(=O)Oc1ccccc1)CC(C)(C)C,0
CCCCN(CCCC)C(=O)CN1C[C@H](c2ccc3c(c2)OCO3)[C@@H](C(=O)O)[C@@H]1c1ccc(OC)c(F)c1,1
CCCSCC(NC(=O)[C@@H](Cc1c(Br)[nH]c2ccccc12)NC(=O)C(CC(C)C)NC(=O)N1[C@H](C)CCC[C@@H]1C)C(=O)O,1
Cc1noc(NS(=O)(=O)c2ccsc2-c2ccccc2)c1Br,0
COc1ccc(N(C)Cc2ccc(Oc3ccccc3)nn2)cc1Cl,0
Cc1ncccc1C(=O)N[C@@H]1CCOC[C@H]1Oc1ccc(CO)cc1,0
Cc1ccccc1C(CCC(=O)O)Oc1cccc(OCc2ccsc2)c1,0
CCCCN(CCCC)C(=O)CN1C[C@H](c2ccc3c(c2)OCCO3)[C@@H](C(=O)O)[C@@H]1c1ccc(CC)c(F)c1,1
Cc1cc(C)c(C(=O)Cn2c(=S)[nH]c3ccccc32)c(C)c1,0
CC(C)Oc1ccc2c(c1)C(c1ccc(C(C)C)cc1)=C(C(=O)O)C(c1ccc3c(c1)OCO3)O2,1
Cc1ccsc1/C=C1\Oc2cc(OCc3c(F)cccc3Cl)ccc2C1=O,0
O=C(Nc1ccc(F)cc1)[C@H](Sc1nccs1)c1ccccc1,0
CN(C)c1cc(F)c(CN[C@@H]2CCc3n[nH]cc3C2)cc1F,0
Cc1cc(NCc2ccc(O)c(O)c2)ccc1C(F)(F)F,0
CCc1cc2c(cc1Cn1c(C(=O)O)c(Cc3cccc(C(=O)O)c3)c(=O)c3cc(OC(C)C)ccc31)OCO2,1
CC(=O)Cn1c(=O)oc2ccc([N+](=O)[O-])cc2c1=O,0
COC[C@@H]1Cc2cc(OC)c3c(c2[C@H](c2ccc(OC)c(OC)c2)[C@H]1COC)OCO3,0
O=[N+]([O-])c1ccc2oc(CN3CCc4sccc4[C@@H]3c3cccs3)nc2c1,0
CN(Cc1ccccc1O)C(=O)N[C@@H](c1cccc(Cl)c1)C1CCCC1,0
Cc1ccccc1[C@@H](CCC(=O)O)Oc1cc(OCc2ccc3c(c2)OCO3)ccc1C#N,0
COc1ccc(Cl)cc1S(=O)(=O)N(CC(=O)NCCSc1ncn[nH]1)Cc1ccccc1,0
CCCS(=O)(=O)NCCOc1nc(N2CCOCC2)nc(NS(=O)(=O)c2ccc(C)cn2)c1Oc1ccccc1OC,1
COc1ccc(-c2c(C(=O)O)n(Cc3ccc4c(c3)OCO4)c3cc(OC)c(OC)cc23)cc1OC,1
CN(C)c1cccc2c(S(=O)(=O)Nc3ccc4c(c3)OCO4)cccc12,0
Cc1oc([C@@H](Cc2c[nH]c3ccccc23)NC(=O)[C@H](CC(C)C)NC(=O)N2CCCCCC2)nc1CC(=O)O,0
CCc1cccc(CN[C@H]2CCN(C(C)=O)c3ccccc32)c1O,0
C#CCOc1nc(-c2ccnc(-c3nc(=S)o[nH]3)c2)nc(NS(=O)(=O)c2ccc(C(C)C)cn2)c1Oc1ccccc1OC,1
O=C(O)[C@@H](Oc1ccccc1Cl)[C@@]1(c2ccccc2)NCC(=O)N(Cc2c(Cl)cccc2Cl)c2ccccc21,0
CC(C)(C)OC(=O)NCCn1c(COc2ccc(C#N)cc2)nnc1N1CC[C@@H]([C@@H]2CCOC2)C1,0
O=C(O)c1c(-c2ccc3c(c2)OCO3)c2cc(Cl)ccc2n1-c1ccccc1,0
Cc1cc(C)nc(O[C@H](C(=O)O)[C@@]2(c3ccccc3)NCC(=O)N(Cc3c(F)c(F)c(F)c(F)c3F)c3ccccc32)n1,1
C=CC[C@H](C(=C)C)C(=O)N1CC[C@@H](CNC(=O)c2[nH]c3c(Cl)cccc3c2C)[C@@H]1c1cccnc1,0
O=C(O)c1cc2c(c(Cn3nc(-c4ccccc4)c(Cc4cc5c(cc4Cl)OCO5)c3C(=O)O)c1)OCOC2,1
COc1ccccc1Oc1c(NS(=O)(=O)c2ccc(C(C)(C)C)cc2)nc(-c2ncccn2)nc1OCC#CCOCc1ccccc1,1
CCOC(=O)c1cnc2cc(Nc3ccc4ccnc(O)c4c3)ccc2c1,0
COc1ccc(C2(O)OC(=O)C(c3ccc4c(c3)OCO4)=C2CC2CCCC2)cc1,1
C#CCOc1nc(-c2ccnc(-c3nn[nH]n3)c2)nc(NS(=O)(=O)c2ccc(C(C)C)cn2)c1Oc1ccccc1OC,1
C/C=C/CC[C@H]1[C@H](C(=O)O)[C@@H](c2ccc3c(c2)OCO3)CN1CC(=O)N(CCCC)CCCC,0
CCCOc1cc(OC)ccc1[C@@H]1c2nc(NC(C)C)ccc2[C@H](c2ccc3c(c2)OCO3)[C@H]1C(=O)O,1
CCNCc1ccc2c(n1)[C@@H](c1ccc(OC)cc1)[C@H](C(=O)O)[C@H]2c1ccc2c(c1)OCO2,1
COc1ccccc1Oc1c(NS(=O)(=O)c2ccc(C)cn2)nc(N2CCOCC2)nc1OCCNS(=O)(=O)c1cccs1,1
COc1cccc(Sc2c(NS(=O)(=O)c3ccc(C(C)(C)C)cc3)noc2CCCC#N)c1,1
CCCNS(=O)(=O)Nc1ncnc(OCCOc2ncc(SC)cn2)c1Oc1cccc(OC)c1,1
CSC(C)(C)[C@@H]1NC(=O)[C@@H]2CCCN2C(=O)[C@@H](CC(=O)O)NC(=O)[C@H](Cc2c(C#N)[nH]c3ccccc23)NC(=O)[C@@H](C(C)C)NC1=O,1
Cc1noc(NS(=O)(=O)c2ccc(-c3ccccc3)cc2)c1Br,1
COc1cc(/C=N/n2cnc3ccccc3c2=O)ccc1OCC(=O)N1CCOCC1,0
Cn1cc(CN2CC[C@@H]3CN(C(=O)CC(C)(C)C)[C@@H]3C2)c(C(F)F)n1,0
CCOCC(C)(C)Cn1c([C@H]2CCS(=O)(=O)C2)nnc1N1CCO[C@@H](CC)C1,0
C[C@@H](C#N)CN(C)c1nnc(CCN2CCN(c3ccccc3)CC2)n1CC(=O)NCC(F)(F)F,0
CCCCCS(=O)(=O)N(CCC)CCN1C[C@H](c2ccc3c(c2)OCO3)[C@@H](C(=O)O)[C@@H]1c1ccc(OCOC)cc1,1
COc1ccc([C@@H]2c3nc(NC(C)C)ccc3[C@H](c3ccc4c(c3)OCO4)[C@H]2C(=O)O)c(OCC(C)C)c1,1
C#C[C@@H](C)NC(=O)[C@@H]1CC[C@H](C(=O)OC)O1,0
COc1ccc([C@@H]2c3nc(NC(C)C)ccc3[C@H](c3ccc4c(c3)OCO4)[C@H]2C(=O)O)c(CCCO)c1,1
CCCCNS(=O)(=O)Nc1ncnc(OCCOc2ncc(Br)cn2)c1-c1ccc(Br)cc1,1
O=C(c1nn(-c2ccc(Cl)cc2)s/c1=N\C(=S)Nc1ccc(Cl)cc1)N1CCCCC1,0
CC[C@H](C)[C@H](NC(=O)[C@@H](NC(=O)[C@H](CC(=O)O)NC(=O)[C@H](CC(C)C)NC(=O)[C@@H](NC(C)=O)C(c1ccccc1)c1ccccc1)C(C)C)C(=O)N[C@@H](Cc1c[nH]c2ccccc12)C(=O)O,1
CCCCC(NC(=O)[C@@H](Cc1c(Br)[nH]c2ccccc12)NC(=O)C(CC(C)C)NC(=O)N1CCCCCCC1)C(=O)O,1
CC[C@H](C)[C@H](NC(=O)[C@H](CC(=O)O)NC(=O)[C@@H](Cc1ccccc1)NC(=O)[C@@H](Cc1ccccc1)NC(C)=O)C(=O)N[C@H](C(=O)N[C@@H](Cc1c[nH]c2ccccc12)C(=O)O)[C@@H](C)CC,1
CCc1cc2c(cc1Cn1c(C(=O)O)c(Cc3cccc(-c4nnn[nH]4)c3)c(=O)c3cc(OCC(C)C)ccc31)OCO2,1
CCCCCCCOC1=C(C(=O)O)C(c2ccc3c(c2)OCO3)Oc2ccc(OC(C)C)cc21,1
CCS(=O)CCN1C[C@@H](c2ccc3c(c2)OCO3)[C@H](C(=O)O)[C@H]1c1ccc(OC)cc1,1
CCn1ccc(CC(=O)NC2CCN(C(=O)[C@@H]3C[C@H]3[N+](=O)[O-])CC2)n1,0
CS[C@H]1CC[C@@H](NC(=O)NCC2(C)CC2)C1,0
CC[C@H](C)[C@H](NC(=O)[C@H](CC(=O)O)NC(=O)[C@H](CC(C)C)NC(=O)[C@@H](Cc1ccccc1)NC(C)=O)C(=O)N[C@H](C(=O)N[C@@H](Cc1ccc(O)cc1)C(=O)O)[C@@H](C)CC,1
Cc1c(C#N)c(NC(=O)CSc2nnc(C[C@H]3CCS(=O)(=O)C3)n2C)n(-c2ccc(F)cc2)c1C,0
CCCN(CCC)C(=O)CN1C[C@@H](c2ccc3c(c2)OCO3)[C@H](C(=O)O)[C@H]1c1ccc(OC)cc1,1
Cc1ccc(-c2c([N-]S(=O)(=O)c3ccc(C(C)(C)CO)cc3)ncnc2OCCOc2ncc(Br)cn2)cc1,1
COc1cc(CNCCc2ccccc2)cc(Cl)c1OCc1cccs1,0
Cc1cc(C)cc(O[C@H](C(=O)O)[C@@]2(c3ccccc3)NCC(=O)N(Cc3c(F)cccc3Cl)c3ccccc32)c1,1
Cc1ccc(S(=O)(=O)Nc2onc(C)c2C)cc1,0
CCCCCCCS(=O)(=O)N(CCC)CCN1C[C@H](c2ccc3c(c2)OCO3)[C@@H](C(=O)O)[C@@H]1c1ccc(OC)cc1,1
O=C(C[C@H]1CC2(CCN(Cc3n[nH]c4cc(C(F)(F)F)ccc34)CC2)Oc2ccccc21)NC1CC1,0
CCCN(CCN1C[C@H](c2ccc3c(c2)OCO3)[C@@H](C(=O)O)[C@@H]1c1ccc(OC)c(F)c1)S(=O)(=O)CCCCl,1
CCCc1cc2c(cc1OCc1sccc1S(=O)(=O)Nc1onc(C)c1Br)OCO2,1
CCCC(=O)N1CCC[C@@H]1c1nc(O)c2c(n1)CCN(C(=O)CN(C)C)C2,0
CN(CC(=O)N1CCOC[C@@]2(C1)CN(C(=O)c1ccc(C#N)cc1Cl)CCO2)C(=O)C(=O)O,0
CSc1c(NS(=O)(=O)c2ccc(C(C)(C)C)cc2)noc1C,0
CCS(=O)(=O)NCCOc1nc(C2CC2)nc(NS(=O)(=O)c2ccc(C(C)C)cn2)c1Oc1ccccc1OC,1
CCN(CC1CCN(CCc2ccccc2C)CC1)C(=O)c1c(C)cc(C)[nH]c1=O,0
COc1ccc(CN2C(=O)CN[C@](c3ccccc3F)([C@H](Oc3nc(C)cc(C)n3)C(=O)O)c3ccccc32)cc1,1
COC[C@H](C)CC(=O)NCc1ccc(N(C)C)cc1C,0
O=C(NCC1(c2cccs2)CC1)[C@@H]1CC=CCC1,0
Cc1cc(OC(=O)Cn2ccc([N+](=O)[O-])n2)ccc1-c1nn[nH]n1,0
C#CCCCC(=O)N1CC2(CCCN2C(=O)[C@@H]2CCN(C(=O)OC(C)(C)C)C2)C1,0
Cc1cc(C)nc(O[C@H](C(=O)O)[C@@]2(c3ccccc3)NCC(=O)N(Cc3ccccc3C)c3ccccc32)n1,1
O=c1cc(-c2ccccc2)[nH]c2cc(O)c(O)c(O[C@H]3CCN(Cc4ccccc4)CC3(F)F)c12,0
CC(C)Oc1ccc2c(c1)C(OCCCCCO)=C(C(=O)O)C(c1ccc3c(c1)OCO3)O2,1
Cc1cc(C)nc(O[C@H](C(=O)O)[C@@]2(c3ccccc3)NCC(=O)N(Cc3c(F)cccc3Cl)c3ccccc32)n1,1
CCCCC1=C(C(=O)O)[C@@H](c2ccc3c(c2)OCO3)Oc2ccc(OC(C)C)cc21,1
C=C(c1ccc(Cl)c(F)c1)n1ccc(-c2ccnc(Nc3ccnn3C)n2)cc1=O,0
CCCCN(CCCC)C(=O)CN1C[C@H](c2ccc3c(c2)OCO3)[C@@H](C(=O)O)[C@@H]1CC(C)(C)C=C(C)C,0
CCc1cccc(OC)c1NC(=O)CN1C[C@H](c2ccc3c(c2)OCO3)[C@@H](C(=O)O)[C@@H]1c1ccc(OC)cc1,1
COc1ccccc1Oc1c(NS(=O)(=O)c2ccc(C(C)(C)C)cc2)nc(N2CCOCC2)nc1OCC#CCO,1
O=C(O)C(Cc1ccc(O)cc1)N(Cc1cc2c(cc1Cl)OCO2)C(=O)/C=C/c1ccc2c(c1)OCO2,0
Cc1nc2c(c(=O)n1C)CN(C(=O)C[C@@H]1COCCN1)C2,0
CC(=O)Nc1ccc(/N=C/c2cc(C)n(-c3ccc(C(=O)O)c(Cl)c3)c2C)cc1,0
COc1ccccc1Oc1c(NS(=O)(=O)c2ccc(C(C)(C)C)cc2)nc(-c2ncccn2)nc1OCCCNS(=O)(=O)c1cccs1,1
C[C@@H](CCNc1ccc([N+](=O)[O-])cc1)N(C)C,0
COc1ccc(-n2c(C(=O)O)c(-c3ccc4c(c3)OCO4)c3ccccc32)cc1,0
COc1ccc(O)c(Cc2ccccc2)c1,0
CCc1cc2c(cc1Cn1c(C(=O)O)c(Cc3cccc(C(=O)O)c3)c(=O)c3cc(O)ccc31)OCO2,0
COc1cc(Sc2c(C(=O)O)n(Cc3ccc4c(c3)OCO4)c3cc4c(cc23)OCO4)cc(OC)c1OC,1
CCCC[C@@H](NC(=O)[C@@H](Cc1cn(COC)c2ccccc12)NC(=O)[C@H](CC(C)(C)C)NC(=O)N1[C@H](C)CCC[C@@H]1C)C(=O)[O-],1
Cc1nc(S(=O)(=O)N2CCN(CC(=O)NCC(=O)OC(C)(C)C)CC2)cn1C,0
CCCc1ccc2c(n1)[C@@H](c1ccc(OC)cc1)[C@H](C(=O)O)[C@H]2c1ccc2c(c1)OCO2,1
COc1ccc(C2(O)OC(=O)C(c3ccc4c(c3)OCO4)=C2Cc2ccc(NC(C)=O)cc2)cc1,1
Cc1ccccc1C(CCC(=O)O)Oc1cc(OCc2ccsc2)ccc1-c1cc[nH]n1,0
Cc1cccc([C@@H]2C[C@H]2C(=O)N[C@@H](CO)CNC(=O)c2cccc(F)c2)c1,0
CCCN(c1ccc2c(c1)oc1c(-c3ccc(OC)cc3)c(C(=O)O)c(=O)n(Cc3ccccc3OC)c12)S(C)(=O)=O,1
CCCCC(=O)Oc1ccc(Cl)c(Cl)c1,0
CC(C)[C@@H]1NC(=O)[C@@H]2CCCN2C(=O)[C@@H](CC(=O)O)NC(=O)[C@H](Cc2c(C#N)[nH]c3ccccc23)NC(=O)[C@@H](C(C)C)NC1=O,1
CCCN(CCN1C[C@H](c2ccc3c(c2)OCO3)[C@@H](C(=O)O)[C@@H]1c1ccc(OC)cc1)S(=O)(=O)c1ccc(Cl)cc1,1
COc1cc(C)ccc1S(=O)(=O)NC(=O)C(c1ccc2c(c1)OCO2)c1cn(C)c2cc(C(C)=O)ccc12,1
Cc1cc(NCc2ccccc2CN(C)Cc2ccco2)ncc1[N+](=O)[O-],0
C[C@@H](S)C(=O)N[C@H]1[C@@H]2COC[C@H]1CN(C(=O)Cn1cnc3c1c(=O)n(C)c(=O)n3C)C2,0
O=S(=O)(NCC1(Sc2ccccc2)CCOCC1)c1ccccc1F,0
Cc1[nH]c2ccccc2c1C[C@@H]1NC(=O)[C@@H](C2CC2)NC(=O)[C@H](C(C)C)NC(=O)[C@@H]2CCCN2C(=O)[C@@H](CC(=O)O)NC1=O,1
COc1cc2c(-c3ccc4c(c3)OCO4)c(C(=O)O)n(Cc3ccc4c(c3)OCO4)c2cc1OCc1ccccc1,1
Cc1oc([C@@H](Cc2cn(C)c3ccccc23)NC(=O)[C@H](CC(C)C)NC(=O)Nc2ccccc2)nc1C(=O)O,0
Cc1ccc([C@H](C)NCc2cccc(Cl)c2Cl)c(O)c1,0
C/C(=C\c1ccccc1)CN(C)CCCCC#N,0
COc1cc(OC)cc(O[C@H](C(=O)O)[C@@]2(c3ccccc3)NCC(=O)N(Cc3c(Cl)cccc3Cl)c3ccccc32)c1,1
C#CCOc1nc(-c2ccnc(-c3nc(=O)o[nH]3)c2)nc(NS(=O)(=O)c2ccc(C(C)C)cn2)c1Oc1ccccc1OC,1
COc1cc(OC)c(NC(=O)c2sccc2S(=O)(=O)Nc2onc(C)c2Cl)c(C(=O)O)c1,0
C[C@@H](NCCCN1CCNCC1)c1cc(F)ccc1O,0
CC(=O)N1CC[C@@H](CN(C)c2nnc(COc3cc(C)ccc3C)n2C[C@@](C)(O)c2ccco2)C1,0
CC(C)C[C@H](NC(=O)N1CCCCCC1)C(=O)N[C@H](Cc1c[nH]c2ccccc12)c1nc(C(=O)O)c(C2CC2)s1,0
Cc1ccc2[nH]c(=O)c([C@H](c3nnnn3Cc3ccccc3)N3CCN4CCC[C@@H]4C3)cc2c1,0
C#CCOc1nc(-c2ccnc(-c3noc(S)n3)c2)nc(NS(=O)(=O)c2ccc(C(C)(C)C)cc2)c1Oc1ccccc1OC,1
CC(C)Oc1ccc(C2(O)OC(=O)C(c3ccc4c(c3)OCO4)=C2Cc2ccccc2)cc1,0
CC(C)C[C@@H]1NC(=O)[C@@H](C(C)C)NC(=O)[C@@H]2CCCN2C(=O)[C@H](CC(=O)O)NC(=O)[C@@H](Cc2c[nH]c3ccccc23)NC1=O,0
COc1ccccc1Oc1c(NS(=O)(=O)c2ccc(C(C)(C)C)cc2)nc(-c2ncccn2)nc1OCC#CCOc1ccccc1,1
COCC(C)Cc1cc(OC)ccc1[C@@H]1c2nc(NC(C)C)ccc2[C@H](c2ccc3c(c2)OCO3)[C@H]1C(=O)O,1
Cc1cccc(C)c1C(=O)NC[C@@]12CCCO[C@@H]1CCN(C(=O)/C=C/c1ccccc1[N+](=O)[O-])C2,0
COc1ccccc1Oc1c(NS(=O)(=O)c2ccc(C(C)(C)C)cc2)nc(C)nc1OCCOC(=O)c1cccnc1,1
COc1ccccc1Oc1c(NS(=O)(=O)c2ccc(C(C)C)cn2)cc(C(=O)N2CCN(C)CC2)cc1OCCOC(=O)Nc1ccccn1,1
Cc1oc([C@@H](Cc2cn(C)c3ccccc23)NC(=O)[C@H](CC(C)C)OC(=O)NC2CCCCC2)nc1C(=O)O,0
CCn1c(SCC(=O)Nc2cccc(Cl)c2)nnc1-c1ccccc1C,0
O=C(NC[C@@H]1CCCC[C@H]1C(F)(F)F)c1ccoc1C(F)(F)F,0
O=C1NC(=O)N(CCNc2ncc(C(F)(F)F)cc2Cl)C(=O)[C@H]1Cc1ccccn1,0
O=c1c(Cc2ccc3c(c2)OCO3)c(C(F)(F)F)[nH]n1Cc1ccc2c(c1)OCO2,0
Cc1ccc(C(=O)N2N=C(c3ccccc3)C[C@]2(O)C(C)(F)F)cc1,0
Cc1cc(C)cc(O[C@H](C(=O)O)[C@@]2(c3ccccc3)NCC(=O)N(Cc3c(F)cc(F)cc3F)c3ccccc32)c1,1
O=C1O[C@@H]2[C@H](O)[C@@H](O)O[C@@H]2[C@@H]1O,0
CCc1n[nH]c(=S)n1NCc1c(OCc2ccc(Cl)cc2)ccc2ccccc12,0
COc1ccc(Cn2c(=O)c(C(=O)O)c(-c3ccc(OC)cc3)c3oc4ccccc4c32)cc1,0
Cc1nn(C)c(-c2nc(CC(=O)Nc3cc(Cl)cc(Cl)c3)no2)c1[N+](=O)[O-],0
Cc1sc2ncnc(N3CCC(C(=O)Nc4cccc5ncccc45)CC3)c2c1C,0
CCCCOc1ccc2c(c1)C(c1ccc3c(c1)OCO3)=C(C(=O)O)C(c1ccc(OC)cc1)O2,1
COc1ccc(C2(O)OC(=O)C(c3cc(OC)c4c(c3)OCO4)=C2Cc2ccccc2)cc1,1
COc1ccccc1Oc1c(NS(=O)(=O)c2ccc(C(C)C)cn2)nc(N2CCOCC2)nc1OCCNS(=O)(=O)c1cccs1,1
COc1ccccc1Oc1c(NS(=O)(=O)c2ccc(C)cn2)nc(N2CCOCC2)nc1OCC#CCOC(=O)Nc1cccnc1,1
CCCc1cccc(CCC)c1NC(=O)CN1C[C@H](c2ccc3c(c2)OCO3)[C@@H](C(=O)O)[C@@H]1c1ccc(OC)cc1,1
CCCCN(CCCC)C(=O)CN1C[C@H](c2ccc3c(c2)OCO3)[C@@H](C(=O)O)[C@@H]1c1ccc(C(F)(F)F)cc1,0
Cc1ccc(C#N)cc1NC(=O)N[C@H](c1cccc(F)c1)c1ccccn1,0
CC[C@H](C)[C@H](NC(=O)[C@H](CC(=O)O)NC(=O)[C@H](CC(C)C)NC(=O)[C@@H](Cc1ccc(O)cc1)NC(C)=O)C(=O)N[C@H](C(=O)N[C@@H](Cc1c[nH]c2ccccc12)C(=O)O)[C@@H](C)CC,1
O=C(O)c1c(Cc2cc3c(cc2Cl)OCO3)c(-c2ccccc2)nn1CC1CCC(C(=O)O)CC1,1
CCC1=C(c2ccc3c(c2)OCO3)C(=O)OC1(O)c1ccc(OC)cc1,0
COc1ccc(C(=O)/C(Cc2cc(OC)c(OC)c(OC)c2)=C(\C(=O)[O-])c2ccc3nsnc3c2)cc1,1
COc1cc(C(=O)NC2CN(CC3CCOCC3)C2)cc(OC)n1,0
COc1ccccc1Oc1c(NS(=O)(=O)c2ccc(C(C)(C)C)cc2)nc(-c2cccs2)nc1OCCOC(=O)Nc1ccccn1,1
CC(C)C[C@@H]1NC(=O)[C@H](C(C)C)NC(=O)[C@H](C)N(C)C(=O)[C@H](CC(=O)O)NC(=O)[C@@H](Cc2c[nH]c3ccccc23)NC1=O,0
C[C@H](COc1c(F)cccc1Cl)C(C)(C)C,0
CN(C)CC(C)(C)Cn1c(-c2cccc(OC(F)F)c2)nnc1N(C)[C@H]1CCSC1,0
Cc1noc(NS(=O)(=O)c2ccsc2C(=O)Oc2ccc3c(c2)OCO3)c1C,0
CC(=O)[C@H](Cc1c[nH]c2ccccc12)N[C@@H](Cc1ccccc1)C(=O)N[C@@H](Cc1ccccc1)C(=O)N[C@@H](CC(N)=O)C(=O)N[C@@H](Cc1ccc(O)cc1)C(=O)N[C@@H](Cc1ccc(O)cc1)C(=O)N[C@@H](Cc1c[nH]c2ccccc12)C(=O)O,0
COc1ccc(C2(O)OC(=O)C(c3ccc4c(c3)OCO4)=C2Cc2cc(OC)ccc2OC)cc1,1
CSCCC(NC(=O)[C@@H](Cc1c(C)[nH]c2ccccc12)NC(=O)C(NC(=O)N1[C@H](C)CCC[C@@H]1C)C1CC1)C(=O)O,1
Cc1oc([C@@H](Cc2cn(C)c3ccccc23)NC(=O)[C@H](CC(C)C)N(C)C(=O)NC2CCCCC2)nc1C(=O)O,0
Cc1cc(C[C@@H](C)c2ccccc2)ccc1O,0
CS(=O)(=O)Nc1ccc(C(=O)N[C@H]2CCCc3cc(C#N)ccc32)c(Cl)c1,0
COc1ccccc1Oc1c(NS(=O)(=O)CCc2ccccc2)nc(-c2ncccn2)nc1OCCOc1ncc(C2CC2)cn1,1
C/C=C/C=C/C=C/C(=O)O[C@@H]1C=C2COC(O)[C@]2(O)[C@@]2(C)CCCC(C)(C)C12,0
Cc1cc(C)nc(O[C@H](C(=O)O)[C@@]2(c3ccccc3)NCC(=O)N(Cc3ccccc3)c3ccccc32)n1,1
O=C1c2ccccc2[C@@H]2[C@H](C(=O)O)[C@H](C(=O)O)[C@@H]2c2ccc(Br)cc21,1
COc1ccc(C2(O)OC(=O)C(c3ccc4c(c3)OCO4)=C2Cc2ccc(Cl)cc2)cc1,1
O=C(O)ON1C(=O)C[C@H](CC2c3ccccc3-c3ccccc32)C1=O,0
O=C(O)COC1CCCCC1Cn1nc(-c2ccccc2)c(Cc2cc3c(cc2Cl)OCO3)c1C(=O)O,1
C=CCC(NC(=O)[C@@H](Cc1c(Br)[nH]c2ccccc12)NC(=O)C(CC(C)C)NC(=O)N1[C@H](C)CCC[C@@H]1C)C(=O)O,1
CCCS(=O)(=O)Nc1nc(-c2ncccn2)nc(OCCOc2ncc(Br)cn2)c1Oc1ccccc1OC,1
Cc1oc([C@@H](Cc2cn(C)c3ccccc23)NC(=O)[C@H](CC(C)C)NC(=O)NC2(C)CCCCC2)nc1C(=O)O,0
Cc1cc(C)nc(O[C@H](C(=O)O)[C@@]2(c3ccccc3)NCC(=O)N(CCO)c3ccccc32)n1,1
COc1ccc(-c2c(C(=O)O)c(=O)n(Cc3ccc4c(c3)OCO4)c3c2oc2ccccc23)cc1,1
CC(C)CC(NC(=O)N1[C@H](C)CCC[C@@H]1C)C(=O)N[C@H](Cc1c(Br)[nH]c2ccccc12)C(=O)NC(Cc1cnc[nH]1)C(=O)O,1
Cc1noc(NS(=O)(=O)c2cccc3ccccc23)c1C,0
C[C@@]1(C(=O)N[C@@H]2CN(C(=O)CC3OCCCO3)C[C@@H]2O)CCNC1=O,0
Cc1cccc(O)c1CNCC[S@](=O)C(C)(C)C,0
Cc1noc(NS(=O)(=O)c2ccsc2C(=O)c2ccc3c(c2)OCO3)c1Br,0
CC[C@H](C)[C@H](NC(=O)[C@H](CC(=O)O)NC(=O)[C@H](CCCNC(=N)N)NC(=O)[C@@H](NC(C)=O)C(c1ccccc1)c1ccccc1)C(=O)N[C@H](C(=O)N[C@@H](Cc1c[nH]c2ccccc12)C(=O)O)[C@@H](C)CC,1
Cc1noc(NS(=O)(=O)c2ccc(Cl)cc2Cl)c1Br,0
O=C(Cn1ccncc1=O)N1CCOC[C@@]2(C1)CN(C(=O)[C@H]1Cc3ccccc3O1)CCO2,0
COc1ccccc1Oc1c(NS(=O)(=O)CCc2ccccc2)nc(-c2ncccn2)nc1OCCOc1ncccn1,1
COc1cccc(Sc2c(NS(=O)(=O)c3ccc(C(C)(C)C)cc3)noc2CO)c1,1
C[C@@H]1O[C@@H](OC[C@H]2O[C@@H](Oc3c(-c4ccc(O)cc4)oc4cc(O)cc(O)c4c3=O)[C@H](O[C@@H]3O[C@@H](C)[C@H](O)[C@@H](O)[C@H]3O)[C@@H](O)[C@@H]2O)[C@H](O)[C@H](O)[C@H]1O,0
CCN1CCN(c2ccc(CNC(=O)c3ccc([S@](C)=O)cc3)cc2F)CC1,0
CCCCN(CCCC)C(=O)CN1C[C@H](c2ccc3c(c2)OCO3)[C@@H](C(=O)O)[C@@H]1CCC1OC(C)C(C)O1,0
NC=C1C(=O)NC(=O)NC1=O,0
COc1cccc(-c2c(C(=O)O)n(-c3ccc4c(c3)OCO4)c3ccc(OC)cc23)c1,0
COc1cccc(NC(=O)c2sccc2S(=O)(=O)Nc2onc(C)c2Br)c1,0
CN(Cc1ccc(N(C)C)cc1)C(=O)[C@@H](O)C1CC1,0
Cc1oc([C@@H](Cc2cn(C)c3ccccc23)NC(=O)[C@H](CC(C)C)NC(=O)Nc2ccc(F)cc2)nc1C(=O)O,0
CC[C@H](C)[C@H](NC(=O)[C@H](CC(=O)O)NC(=O)[C@H](CC(C)C)NC(=O)[C@@H](Cc1ccccc1)NC(C)=O)C(=O)N[C@H](C(=O)NC(Cc1cnc[nH]1)C(=O)O)[C@@H](C)CC,0
C[C@H]1CC[C@@H](Oc2ccc(/N=N/c3ccc(S(=O)(=O)O)c4ccccc34)c3cccnc23)CN1,0
O=C(N[C@H]1CCN(CC(F)(F)F)C1=O)c1ccccc1Cl,0
Cc1cc2c(cc1CC(=O)c1sccc1S(=O)(=O)Nc1onc(C)c1C)OCO2,0
COc1ccc(Cl)c(Oc2c(NS(=O)(=O)NCc3ccccc3)ncnc2OCCOc2ncc(Br)cn2)c1,1
COc1ccccc1Oc1c(NS(=O)(=O)c2ccc(C(C)C)cn2)nc(N2CCOCC2)nc1OCCOC(=O)Nc1ccccn1,1
CC[C@H](C)[C@H](NC(=O)[C@H](CC(=O)O)NC(=O)[C@H](CC(C)C)NC(=O)[C@@H](Cc1ccccc1)NC(C)=O)C(=O)N[C@@H](Cc1c[nH]c2ccccc12)C(=O)O,0
CCN(CC)C(=O)N[C@@H](CC(C)C)C(=O)N[C@H](Cc1c[nH]c2ccccc12)c1nc(C(=O)O)c(C)[nH]1,0
