smiles,activity
CCOC(=O)CSc1nc(=O)cc(C)[nH]1,0
COc1cc(NC(=O)c2noc3c2CCC3)c(OC)cc1Cl,0
Cc1ccc(CCNC(=O)C2CCC(=O)N2C(C)C)cc1,0
CCOc1ccc(NC(=O)CN2C(=O)COc3ccc(Cl)cc32)cc1,0
Cc1ccc(C(C)C)c(OCC(O)CN2CCOCC2)c1,0
O=C1CN(C(=O)c2ccc(Br)o2)C(c2ccc(F)cc2)c2cc(F)ccc2N1,0
CC(C)C(NC(=O)c1ccc(Cl)cc1)C(=O)NC1=NCCS1,0
Cc1nnc(NC(=O)C2CCCN(S(=O)(=O)Cc3ccccc3)C2)s1,0
O=C(NCc1cccs1)c1csc2c1CCCCC2,0
c1ccc(Cn2c(-c3cccs3)nc3nc4ccccc4nc32)cc1,0
COc1ccc(-n2nnnc2S(=O)(=O)CC(=O)N2CCCCC2)cc1,0
CCC(C)C(NC(=O)NCC1CCCO1)C(=O)OC,0
Cc1ccc(S(=O)(=O)N2CCC(C(=O)NC3CCCCCC3)CC2)cc1,0
Nc1nc(-c2ccccc2)cc(C(F)(F)F)n1,0
COc1ccccc1NC(=O)CSc1nnc(-c2ccco2)n1Cc1ccco1,0
FC(F)(F)c1cc(-c2ccco2)nc(NCc2cccs2)n1,0
CCOCCn1c(CN2CCC(Cc3ccccc3)CC2)nc2c1c(=O)n(C)c(=O)n2C,0
CC12CC(NC(=O)N1c1cccc(C(=O)N3CCN(c4ccccc4)CC3)c1)c1ccccc1O2,0
COc1ccc(OC)c(-n2c(N)c(C(=O)NCC3CCCO3)c3nc4ccccc4nc32)c1,0
COc1ccccc1-c1nnc(SCC(=O)OC(C)C)o1,0
CN(Cc1ccc(OC(F)F)cc1)C(=O)c1ccc2nccnc2c1,0
CC(=O)N1CCN=C1SCc1cccc(C(F)(F)F)c1,0
O=C1C2CCCN2C(c2ccc(F)cc2)N1c1cccc(Cl)c1,0
O=C(NCCNC(=O)C(F)(F)F)c1ccncc1,0
OC(CN1C2=NCCN2c2ccccc21)c1ccc(Br)cc1,0
CCOc1cc(C(=O)NCCN2CCOCC2)cc(OCC)c1OCC,0
Cn1c(=O)c2c(nc(CN3CCN(CCO)CC3)n2Cc2cccc3ccccc23)n(C)c1=O,0
COc1ccc(Cl)cc1-c1nc(-c2ccc(NC(=O)c3ccncc3)cc2)no1,0
O=C1C=C(NCc2ccco2)CC(c2ccc(Cl)cc2)C1,0
COc1ccc(NC(=O)CN2CCN(S(=O)(=O)c3ccc(C(C)C)cc3)CC2)cc1OC,0
CCOc1ccc(NC(=O)CSc2nnc(-c3ccncc3)n2CC2CCCO2)cc1,0
Cc1ccc(Nc2nc(N)nc(CN3CCCCCC3)n2)c(C)c1,0
O=C(Nn1cnc2ccccc2c1=O)c1ccccc1Cl,0
COc1ccc(Cc2n[nH]c(SC)nc2=O)cc1OC,0
CCOC(=O)c1c(NC(=O)CN2CCN(c3ccccn3)CC2)sc2c1CCCC2,0
COc1ccc(-n2c(SCC#N)nnc2-c2ccc(NS(=O)(=O)c3ccc(C)cc3)cc2)cc1,0
COc1cccc(C2=NOC(C(=O)NCC3CCCO3)C2)c1,0
COc1ccccc1N1CCN(C(=O)C2CCC(Cn3c(=S)[nH]c4ccccc4c3=O)CC2)CC1,0
CC1=C(C(=O)OCC(C)C)C(c2ccc(F)cc2)NC(=O)N1,0
Cc1ccc2cc(CN(Cc3ccco3)C(=O)NCc3ccccc3)c(=O)[nH]c2c1C,0
CCOc1ccc(OCC)c(NC(=O)C2CCN(S(=O)(=O)c3cnc[nH]3)CC2)c1,0
COc1ccc(OC)c(NC(=O)C2CCCNC2=O)c1,0
CC(C)(C)c1nc(CN2CCCCC2)cc(CN2CCCCC2)c1O,0
CCOc1ccc(C2=Nn3cnnc3SC2)cc1,0
c1ccc(-c2oc3ncnc(NCCN4CCOCC4)c3c2-c2ccccc2)cc1,0
O=C(c1c[nH]c2ccc(S(=O)(=O)N3CCOCC3)cc2c1=O)N1CCN(c2ccccn2)CC1,0
COc1ccc(O)c(C(=O)c2cnc3onc(C(C)C)c3c2)c1,0
COc1ccc(NC(=O)Cc2ccc(Cl)cc2)cc1NC(=O)c1ccco1,0
CCOc1ccc(-n2c(SC(C)C(=O)OC)nc3c(c2=O)SCC3)cc1,0
O=S(=O)(NCC(c1ccccc1)N1CCNCC1)c1ccc(Cl)cc1,0
O=C(COC(=O)c1ccccn1)Nc1cc(Cl)ccc1Cl,0
COc1ccc2c(c1)CCc1c(C(=O)Nc3ccn(Cc4ccc(C)cc4)n3)noc1-2,0
COc1ccccc1NC(=O)Cn1c(CN2CCCCC2)nc2ccccc2c1=O,0
O=C(Nc1ccc(N2CCCCC2)c(Cl)c1)c1cccnc1,0
O=C1CC(N(O)C2CC(=O)N(Cc3ccccc3)C2=O)C(=O)N1Cc1ccccc1,0
O=c1c2c([nH]c3ccccc13)CCCCCC2,0
Cc1cnc(C(=O)OCC(=O)Nc2cccc(Cl)c2)cn1,0
Clc1ccc2[nH]c3c(NCC4CCCO4)ncnc3c2c1,0
O=S(=O)(CCSc1nc2ccccc2o1)Cc1ccccc1,0
Cc1cccc(N(CC(=O)NC2CCCC2)C(=O)CS(=O)CC(=O)Nc2ccc3c(c2)OCO3)c1,0
Cc1cccc(C)c1NC(=O)CSc1nnc(C2CCCN2C(=O)OC(C)(C)C)o1,0
CC(Nc1nc(N2CCN(S(C)(=O)=O)CC2)nc2ccccc12)c1ccccc1,0
CC(=O)Nc1ccc(S(=O)(=O)NCC2CCC(C(=O)N3CCN(c4ccccn4)CC3)CC2)cc1,0
CC(=O)Oc1c(S(=O)(=O)c2ccc(C)cc2)c(C)nn1-c1ccccc1,0
CCOc1ccc2nc(NC(NC(C)=O)(C(=O)OC)C(F)(F)F)sc2c1,0
O=C(NCCCn1ccnc1)c1cn(-c2ccccc2)nc1-c1ccccc1,0
CCCn1c(SCC(=O)N2CCCc3ccccc32)nnc1-c1ccco1,0
CC1C(c2ccccc2)N(C)CCC12NC(=O)NC2=O,0
Cc1occc1-c1nnc(SCC(=O)c2ccc(F)cc2)o1,0
COc1ccc(OC)c(C2NC(=O)NC(C)=C2C(=O)Nc2ccc(C)cc2)c1,0
O=C1C2C3C=CC(C3)C2C(=O)N1CNc1ccc(O)cc1,0
O=C(Nc1ccccc1C(=O)NCC1CCCO1)c1ccco1,0
C=CCN1C(=O)NC(=O)/C(=C\Nc2ccc(N(CC)CC)cc2)C1=O,0
CCOC(=O)c1cc(C#N)c(SCC(=O)c2cc(C#N)c(SC)nc2C)[nH]c1=O,0
O=C(c1cccs1)N1CCC(N2CCN(c3ccccc3)CC2)CC1,0
Cc1ccc(Cn2c(SCC(C)C)nc3c2c(=O)[nH]c(=O)n3C)cc1,0
Cc1ccc(-c2nnc(-c3ccc(NC(=O)c4ccco4)cc3)o2)cc1,0
COc1ccccc1C(=O)Nc1cc(Cl)ccc1O,0
O=C(NCCC1=CCCCC1)c1cnsn1,0
CCN(CC)CCN(Cc1cc2cc3c(cc2[nH]c1=O)OCCO3)C(=O)NC1CCCCC1,0
COCCn1c(C)cc(C(=O)COC(=O)c2cc3c(s2)CCC3)c1C,0
COc1cc(NC(=O)c2ccc3c(=O)n(Cc4ccco4)c(=S)[nH]c3c2)cc(OC)c1OC,0
Cc1ccc2[nH]c(=O)c(CN(Cc3ccco3)S(=O)(=O)c3c(C)ccc4nsnc34)cc2c1,0
Cc1cc(C(=O)COc2ncnc3sccc23)c(C)n1C1CC1,0
Cc1ccc(S(=O)(=O)NCC(=O)N(CC(=O)NC2CCCCC2)Cc2ccco2)cc1,0
Cc1noc(C)c1C(=O)Nc1nc(C23CC4CC(CC(C4)C2)C3)cs1,0
CC(c1ccco1)N(C(=O)Nc1ccc(Cl)cc1)c1ccccn1,0
CCOc1cccc(-c2nnc3sc(C4CCCCC4)nn23)c1,0
CC(C)C1NC(=O)N(c2ccc(Oc3ccccc3)cc2)C1=O,0
CC(C)n1c(SCC(=O)c2ccc3c(c2)OCCO3)nc2c1c(=O)n(C)c(=O)n2C,0
Cc1cc(C(=O)Nc2cccc3ncccc23)no1,0
Cc1cccc2cc(COC(=O)C3CCCCC3)c(=O)[nH]c12,0
CS(=O)(=O)CCC(C(=O)n1nnc2ccccc21)N1C(=O)c2ccccc2C1=O,0
CCOc1ccc2[nH]c(C)c(CN3CCOCC3)c(=O)c2c1,0
O=C(NC1CCCCC1)C1CC(=O)N(c2ccc(Cl)cc2)C1,0
O=c1c2[nH]c3cccc(Cl)c3c2ncn1CCN1CCCCC1,0
CCOc1ccccc1C(=O)N1CCN(c2cccc(Cl)c2)CC1,0
CCNc1nc(C)c2cc(Br)c(=O)n(CC)c2n1,0
CC(=O)N1CCN(S(=O)(=O)c2ccc(C)cc2)C1c1ccc(N(C)C)cc1,0
COC(=O)c1ccc(Cn2cc(Cl)cn2)cc1,0
Cn1c(SCC(=O)Nc2ccc(N3CCOCC3)c(Cl)c2)nnc1C(O)c1ccccc1,0
CCn1c(=O)cc(OCC(=O)N2CCCCCC2)c2ccccc21,0
CCOC(=O)c1c(C)[nH]c(C(=O)OCC(=O)N2CCN(S(=O)(=O)c3ccccc3)CC2)c1C,0
O=C(Nc1ccccc1C(=O)NC1CCCC1)NC1CCCC1,0
O=C(NCc1ccccc1)NC1(C(=O)N2CCOCC2)CCCCC1,0
CCOC(=O)c1c(CN2CCCCC2)n(C)c2cc(Br)c(O)c(CN(C)C)c12,0
Cc1ccc(Cl)cc1N1CCN(C(=O)c2ccc(CN3CCOCC3)cc2)CC1,0
CCC(=O)N1c2ccc(S(=O)(=O)CCC(=O)NCc3ccc4c(c3)OCO4)cc2CC1C,0
Cc1ccc(N2CCN(S(=O)(=O)c3ccc(F)c(C)c3)CC2)c(C)c1,0
CC1(C)C(=O)OC(c2c(F)c(F)c(F)c(F)c2F)C2(CCCCC2)C1=O,0
Cc1cccc(-n2nc3c(c2NC(=O)CCC2CCCCC2)CS(=O)C3)c1C,0
O=C(CN1CCC(NC(=O)c2cccc(F)c2)CC1)NCc1ccccc1F,0
O=C(O)C1CCCCC1C(=O)NC1CCCCC1,0
O=C(Nc1nc(-c2ccccc2)cs1)c1ccc(Br)o1,0
Cc1c(C(=O)OCC2CCCO2)[nH]c2c1C(=O)CC(c1ccco1)C2,0
CCC1CCCCN1CCCNC(=O)COc1cc(=O)n(C)c2ccccc12,0
N#Cc1nc(COc2ccc(Cl)cc2)oc1NCc1ccc2c(c1)OCO2,0
CCSc1nnc(C2CCCN2C(=O)OC(C)(C)C)o1,0
Nc1c(C(=O)CCC(=O)O)oc2ccc(Cl)cc12,0
COCC(=O)Nc1cccc2ccccc12,0
Cc1cc(NC(NC(=O)c2ccco2)(C(F)(F)F)C(F)(F)F)no1,0
O=C(C1CC1)N1CCc2cc(S(=O)(=O)NCC3COc4ccccc4O3)ccc21,0
Cc1cccc(N(Cc2ccccc2F)S(C)(=O)=O)c1,0
NC(=O)COC(=O)C(Cc1ccccc1)NS(=O)(=O)c1ccccc1F,0
Cc1cc2cc(CNC(=O)c3cccs3)ccc2n1C,0
O=C(NC(NC1CCS(=O)(=O)C1)C(=O)c1ccccc1)c1ccc(Cl)cc1,0
CCOC(=O)c1cccc(NC(=O)C2CCCN(S(=O)(=O)c3c(C)n[nH]c3C)C2)c1,0
CCOc1cc(C2Nc3ccccc3C(=O)N2c2ccccc2OC)ccc1O,0
O=C(OCCCN1CCCCC1)c1ccc(O)cc1,0
CCCS(=O)(=O)NCc1cn2cccc(C)c2n1,0
CCOc1ccc(N2CC(C(=O)Nc3ccc(S(=O)(=O)N4CCOCC4)cc3)CC2=O)cc1,0
CC1=CC2=NC(=O)CC(C)(C(=O)N(CC(=O)NC(C)(C)C)C3CCCC3)N2C=C1,0
CC(C)c1nc(=S)n(-c2ccccc2)[nH]1,0
Cc1cc(C(F)(F)F)nc(SCC(=O)Nc2cc(C)on2)n1,0
CCOC(=O)N1CCC(NC(=O)CCCN2C(=O)CSc3nc(C)cc(C)c32)CC1,0
Cc1cc2cc(CN(CCCN3CCOCC3)C(=O)NC3CCCCC3)c(=O)[nH]c2cc1C,0
C=CCn1c(SCC(=O)N2CCOCC2)nc(=O)c(Cc2ccccc2)c1O,0
COc1cccc(-n2c(Cc3cc(=O)[nH]c(=O)[nH]3)nnc2SCC(=O)N2CCCC2)c1,0
C=CCn1c(SCC(=O)Nc2nccs2)nnc1-c1cc2cccc(OC)c2o1,0
Cn1c(C(=O)NC2CCCCC2)cc2sccc21,0
CN(CCCNC(=O)C1CCN(S(=O)(=O)c2cccc3nsnc23)CC1)Cc1ccccc1,0
COc1ccc2c(c1)CCc1c(C(=O)N3CCCc4ccccc43)noc1-2,0
COc1ccccc1C1CC(=O)NC(C)=C1C(=O)OCC(C)C,0
O=C(CSc1nc2ccccc2c(=O)n1CCC(=O)N1CCCCC1)NCc1ccccc1,0
O=C(c1cc2nc(-c3ccco3)cc(C(F)(F)F)n2n1)N1CCc2ccccc2C1,0
CC(C)N1C(=O)C2C(C(=O)NCc3ccccc3)C3C=CC2(O3)C1C(=O)NC(C)(C)C,0
O=C(O)C1C2C=CC(C2)C1C(=O)Nc1ccc(C(=O)N2CCCCC2)c(Cl)c1,0
CC(C)CCN1CC(C(=O)N2CCN(c3ccc(F)cc3)CC2)CC1=O,0
CCCCn1c(SCC(=O)Nc2nc(C)cs2)nnc1-c1cccnc1,0
Cc1nc(N2CCCC2)c2ccsc2n1,0
COc1cccc(NC(=O)CSc2ccccn2)c1,0
O=C(c1ccc(Cl)cc1)c1nnc(-c2ccncc2)o1,0
O=C1CC(N2CCC(O)CC2)C(=O)N1c1ccc(Br)cc1,0
O=C(Nc1nnc(CC(=O)N2CCOCC2)s1)C1COc2ccccc2O1,0
CCCCOc1nc2nc(-c3ccco3)n(Cc3ccco3)c(N)c-2c1C#N,0
COc1ccc(-n2c(C)c(C(C)=O)c3cc(O)ccc32)cc1,0
c1c2c(cc3sc(N4CCCCC4)nc13)OCO2,0
Cc1ccc(NC(=O)NC2(C(=O)NCc3ccco3)CCCCC2)cc1,0
CCOC(=O)c1c(N)c(C#N)c2n1CCCCC2,0
CCc1ccc(NC(=O)Cn2c(SC)nc3ccccc32)cc1,0
CC(C)CCNC(=O)C1CCN(S(=O)(=O)c2ccc3c(c2)CCC(=O)N3)CC1,0
O=C(Cn1c(=O)sc2ccccc21)Nc1ccc(S(=O)(=O)N2CCCCC2)cc1,0
Cc1ccc(C2C3=C(CC(C)(C)CC3=O)Nc3[nH]c(=S)[nH]c(=O)c32)cc1,0
CC1(C)Cc2c(C#N)c(N3CCOCC3)nc(Cc3ccccc3)c2CO1,0
O=C(c1ccc(COc2ccccc2Br)o1)N1CCCCCC1,0
O=C1Nc2ccc(Br)cc2C1(O)Cc1ccncc1,0
O=C(CCNS(=O)(=O)c1cccc2nonc12)NCCc1ccc(Cl)cc1,0
O=c1[nH]c2ccc(Cl)cc2c(-c2ccccc2)c1N1CCN(c2ccccn2)CC1,0
Cc1nnc(NC(=O)c2c(F)c(F)c(F)c(F)c2F)s1,0
CN(C)S(=O)(=O)Nc1ccc(Oc2ccccc2)cc1,0
O=C(Nc1cccc(-c2cn3cccnc3n2)c1)c1ccc(Br)o1,0
Cc1nc(SCC#N)c2c(C)c(C)sc2n1,0
CCCOc1cccc(NC(=O)c2cc(C)oc2C)c1,0
CCOc1cccc(NC(=O)C2CC(=O)N(C)/C(=N/c3ccccc3)S2)c1,0
CC(C)OC(=O)C1C2C=CC3(CN(CC4CCCO4)C(=O)C13)O2,0
Cc1cc(C(N)=O)c2cc(Br)ccc2n1,0
COc1ccc(-c2nnc(SCC(=O)N(Cc3ccccc3)C(C)(C)C)o2)cc1OC,0
COCCn1c(Sc2ccc(C)cc2)nc2c1c(=O)[nH]c(=O)n2C,0
COc1ccc(C(=O)NCC23C=CC(O2)C2C(=O)N(Cc4ccccc4)C(=O)C23)cc1,0
CCCn1c(=O)c2ccccc2n2c(SCN3C(=O)c4ccccc4C3=O)nnc12,0
O=C(CCCN1C(=O)c2ccccc2C1=O)Nc1ccccc1C(=O)N1CCOCC1,0
O=C(O)CSCNC(=O)CC12CC3CC(CC(C3)C1)C2,0
CCOC(=O)c1[nH]c2ccc(OC)cc2c1NC(=O)CN1CCC2(CC1)OCCO2,0
Cn1ncc2c(Nc3ccccc3Br)ncnc21,0
O=c1nc(CN2CCN(Cc3ccc4c(c3)OCO4)CC2)[nH]c2ccccc12,0
O=c1[nH]ncc2c3ccccc3n(Cc3ccccc3F)c12,0
COC(=O)c1cc(Br)c(=O)n(-c2ccccc2OC)c1,0
O=C(Nc1ccc(-c2nc3ncccc3o2)cc1)c1ccc(Br)o1,0
O=C(CSc1nc2ccccc2[nH]1)NCCCn1ccnc1,0
O=C(CN1C(=O)CCS(=O)(=O)c2ccccc21)Nc1cccc(Cl)c1,0
Cc1ccc(CC2S/C(=C(/C#N)C(=O)NCc3ccco3)N(c3ccccc3)C2=O)cc1,0
CCOC(=O)CNC(=O)COc1ccc(Cl)cc1Br,0
O=C(Nc1ccc(O)cc1C(=O)O)c1cccc(Br)c1,0
Cc1cc2cc(CCNC(=O)CC(C)(C)C)c(=O)[nH]c2cc1C,0
N#Cc1nc(-c2cccs2)oc1NCc1ccccc1Cl,0
CCOC(=O)C1CCCN(C(=O)Cn2sc3nc(C)cc(C)c3c2=O)C1,0
COc1cccc(C2C(C#N)=C(N)Oc3cc(C)n(Cc4ccco4)c(=O)c32)c1,0
CCCn1nnnc1SCC(=O)c1ccc2c(c1)OCCO2,0
COc1ccccc1N1CCN(CC(O)COc2ccc3c(C)cc(=O)oc3c2)CC1,0
CC(=O)NC1C2CN3CCN(C2)CC1(Cc1ccccc1)C3,0
Cc1cc(C(F)(F)F)c2sc(N)nc2n1,0
CCc1cc2c(=O)c(-c3cscn3)coc2cc1OC,0
O=C(CSc1nnc(-c2ccccc2Cl)o1)N1CCCCC1,0
O=C(Nc1ccc2c(c1)OCCO2)c1c(F)cccc1F,0
O=S(=O)(NCCc1ccncc1)c1cc(Br)ccc1F,0
COC(=O)c1[nH]c2cc(C)ccc2c1NC(=O)CN1CCCc2ccccc21,0
Cc1cc(NC(=O)CSc2nc(-c3ccco3)cc(C(F)(F)F)n2)no1,0
Cc1cc2ccccc2c(=O)n1CC(=O)Nc1ccc2c(c1)OCO2,0
Nc1nc(NCc2ccccc2)nc(-c2ccccc2)n1,0
CCC(CC)C(=O)NCCNC(=O)C(CC)CC,0
COc1ccc(CC(=O)NC2=CC(=O)/C(=C3/Nc4cc(C)ccc4O3)C=C2)cc1OC,0
COc1ccc(C2=NCC(CSc3nccc(=O)[nH]3)S2)cc1,0
O=C(Nc1ccc(-c2nc3ccccc3[nH]2)cc1)c1ccco1,0
O=C(CCC(=O)N1CCN(C2CCCC2)CC1)Nc1nnc(C(F)(F)F)s1,0
COc1cccc(C(=O)Cn2c(Br)nc3c2c(=O)n(C)c(=O)n3C)c1,0
CC(=O)c1c(N2CCN(c3cccc(Cl)c3)CC2)nc(=S)n(-c2ccccc2)c1C,0
O=C(CSc1ncn(-c2ccccc2)n1)Nc1ccc(Br)cn1,0
Cc1cc(C)cc(N(CC(=O)N2CCC(C)CC2)S(C)(=O)=O)c1,0
COc1ccc(N2CCN(C(=O)CCS(=O)(=O)c3cccc4nsnc34)CC2)cc1,0
O=C(NCc1ccco1)C1CCCN(S(=O)(=O)c2cccc3nsnc23)C1,0
Cc1cc(NC(=O)c2cc(-c3cccc(Cl)c3)on2)no1,0
CSc1cccc(NC(=O)Nc2ccccc2)c1,0
O=C(Nc1cccc(C(F)(F)F)c1)c1cccnc1N1CCCC1,0
c1ccc2c(Oc3ccc4c(c3)OCO4)nncc2c1,0
Cc1ccc(Cn2c(NC(=O)c3ccco3)nc3ccccc32)cc1,0
CCOC(=O)N1CCN(C(=O)CSCC(=O)/N=c2\sc3ccccc3n2C)CC1,0
COc1ccc(C(=O)Nc2ccc(S(=O)(=O)Nc3onc(C)c3C)cc2)cc1OC,0
Cc1ccc2[nH]c(=O)c(CN(CCN3CCOCC3)C(=O)Nc3ccc(F)cc3)cc2c1,0
COc1ccc(-c2nnc(NC(=O)C(C)C)s2)c(OC)c1,0
O=C(COC(=O)c1ccccn1)Nc1ccccc1Cl,0
CCOc1ccc(Br)cc1CC(=O)O,0
COC(=O)Nc1sc2c(c1C(=O)NCc1ccco1)CCC2,0
O=S(=O)(NCCCCCNS(=O)(=O)c1ccc(F)cc1)c1ccc(F)cc1,0
COc1ccccc1-c1nnc(SCC(=O)Nc2ccc3c(c2)OCCO3)n1N,0
Cc1cc(NS(=O)(=O)c2ccc(NC(=O)COc3ccc(Cl)cc3)cc2)no1,0
O=C(O)COc1nsnc1N1CCOCC1,0
CCOc1ccccc1C(=O)Nc1nncs1,0
Cc1ccc(N(CC(=O)NCc2ccc3c(c2)OCO3)S(=O)(=O)c2c(C)noc2C)cc1,0
O=C(CCn1c(=O)c2sccc2n(CC(=O)OCc2ccccc2)c1=O)NCc1ccco1,0
O=C(C1CC1)N1CCc2cc(S(=O)(=O)N3CCCc4ccccc43)ccc21,0
COc1ccc(-c2nnc(SCC(=O)N3CCCCC3)o2)c(OC)c1,0
COc1ccc(N2C(=O)C3CCCN3C2c2cccc(F)c2)cc1Cl,0
O=C(NCc1ccco1)c1cc2nc(C3CC3)cc(C(F)(F)F)n2n1,0
COc1ccccc1NC(=O)CSc1nnc(-c2ccoc2C)n1CCc1ccccc1,0
O=C(c1ccccc1Oc1ccccc1)N1CCN(c2ccccc2)CC1,0
CCOc1ccc(C(=O)N(Cc2ccc(N(C)C)cc2)C2CCS(=O)(=O)C2)cc1,0
CCOC(=O)Cn1c(CN(Cc2ccccc2)Cc2ccccc2)nc2c1c(=O)[nH]c(=O)n2C,0
COc1ccc2cc3c(N)nn(C(=O)Cc4ccccc4OC)c3nc2c1,0
COCCn1c(SCc2nnc(-c3ccccc3)o2)nc2sc3c(c2c1=O)CCC3,0
Cc1ccc(S(=O)(=O)N2CCCC(C(=O)NCCc3ccc4c(c3)OCO4)C2)cc1,0
COc1ccc(OC)c(S(=O)(=O)N2CCC(C(=O)N3CCN(Cc4ccccc4)CC3)CC2)c1,0
CSc1ncccc1C(=O)OCC(=O)N1CCOCC1,0
CCOC(=O)N1CCN(C(=O)c2cnsn2)CC1,0
CCCC(=O)Nc1ccccc1N1CCN(C(=O)c2ccccc2)CC1,0
Cc1cc(NC(=O)COc2ccc3oc4ccccc4c3c2)no1,0
CCc1[nH]nc2c1C1(CCN(C(=O)OCc3ccccc3)CC1)C(C#N)=C(N)O2,0
O=C(CCc1nc2ccccc2s1)OCC(=O)N1CCN(C(=O)c2ccco2)CC1,0
O=C(CCC1CCCC1)N1CCC(N2CCN(c3ccccc3)CC2)CC1,0
COC(=O)c1ccc(CSc2nnnn2-c2ccc(C)cc2C)o1,0
CCCN1C(=O)c2ccc(C(=O)NC3CCCCC3)cc2C1=O,0
O=C(Nc1cnc2sc3c(n2c1=O)CCCC3)c1ccc(F)cc1,0
CCN1CCN(CC(=O)Nc2c(C(=O)OC)[nH]c3cccc(Cl)c23)CC1,0
O=C(CSc1nnc(-c2cccc(S(=O)(=O)N3CCCCC3)c2)o1)NCCC1=CCCCC1,0
Cc1ccc2cc(CN(CC3CCCO3)S(=O)(=O)c3ccc4c(c3)OCCO4)c(=O)[nH]c2c1C,0
CCOC(=O)CCc1c(C)nc2cc(-c3ccc(Cl)cc3)[nH]n2c1=O,0
CCN1CCN(Cc2cc(=O)oc3ccc(Cl)cc23)CC1,0
CCN(CC)S(=O)(=O)c1ccc(C(=O)NCc2nnc(SCC(=O)OC)n2C)cc1,0
COc1ccc(N(CC(=O)NCc2ccccc2)S(=O)(=O)c2c(C)noc2C)cc1,0
Cc1cc2oc(C(=O)NCc3ccncc3)c(C)c2cc1C,0
CCOC(=O)c1cccc(NC(=O)CSc2nnc(-c3ccncc3)n2CCCOC)c1,0
Cn1c(SCC(=O)OC2CCCCC2)nnc1-c1ccc(S(=O)(=O)N2CCCC2)cc1,0
COc1ccc(-c2cc3ccccc3oc2=O)cc1NC(=O)c1ccc(Br)o1,0
CC1(C)Cc2c(c(N3CCOCC3)nc3sc(-c4ccc(C(=O)O)o4)c(N)c23)CO1,0
Cc1ccccc1NC(=O)c1c(F)c(F)c(F)c(F)c1F,0
CCc1ccc(Nc2ncc3c(n2)CC(c2ccco2)CC3=O)cc1,0
O=C(c1cccc(S(=O)(=O)N2CCCC2)c1)N1CCN(c2ccccc2)CC1,0
Cc1ccc(OCCOCCn2ccnc2)c(Br)c1,0
CC(C)CC(=O)Nc1cccc(-c2cn3ccsc3n2)c1,0
COC(=O)c1ccccc1NC(=O)CSc1nc(=O)cc(O)n1C1CCCC1,0
CC1CC(C)CN(Cc2nc3c(c(=O)n(C)c(=O)n3C)n2Cc2ccccc2Cl)C1,0
COC(=O)C(Cc1ccccc1)NC(=O)NCC1CCCO1,0
CC1=C(C(=O)Nc2ccc(C)cc2)C(c2ccc(N(C)C)cc2)NC(=O)N1,0
Cc1sc(NC(=O)c2ccccc2)c(C(=O)N2CCN(C)CC2)c1C,0
Cc1cc(C)nc(NS(=O)(=O)c2ccc(N3C(=O)C4CC=C(Cl)CC4C3=O)cc2)n1,0
O=C(NCc1ccco1)C12CC3CC(C1)CC(C(=O)NCc1ccco1)(C3)C2,0
C=CCN(CC=C)C(=O)CN1C(=O)c2ccccc2C1=O,0
CCC(=O)c1cc(F)c(N2CCN(S(=O)(=O)c3ccc(C)cc3)CC2)cc1C,0
COc1ccc(CCN2C(=O)NC(=O)/C(=C\NC3CC3)C2=O)cc1OC,0
Nc1ccc(-c2nc3ccccc3[nH]2)cc1,0
CCCCCc1nc2sc3c(c2c(=O)n1N)CCC3,0
CCC(=O)N1CCc2cc(S(=O)(=O)N(CC)c3cccc(C)c3)ccc21,0
CC(NCc1ccco1)=C1C(=O)c2ccccc2C1=O,0
O=C(COc1ccc(Br)cc1CO)Nc1ccc(F)cc1,0
N#CCCN(C(=O)COC(=O)c1ccc2c(c1)NC(=O)CS2)c1ccc2c(c1)OCCO2,0
Cc1n[nH]c(=O)nc1NCc1ccccc1Cl,0
Cc1c(C(=O)N2CCOCC2)[nH]c2c1C(=O)CC(c1ccc(Cl)cc1)C2,0
COc1ccc2nc(NC(=O)c3cccc(OCc4c(C)noc4C)c3)sc2c1,0
CC(=O)c1cccc(NC(=O)Nc2ccc3c(c2)N(C)C(=O)CS3)c1,0
CC1(C)CC(=O)C(=CNc2ccccc2C(=O)O)C(=O)C1,0
CCCCCCOc1cccc(N)c1,0
CC(C)N(Cc1nc(-c2ccccc2)no1)C(=O)CN(C)S(=O)(=O)c1ccccc1,0
O=C(NCc1ccco1)C(Cc1ccccc1)N1C(=O)C2C3C=CC(C3)C2C1=O,0
CCN1C(=O)c2cccc3c(NS(=O)(=O)c4ccc(NC(C)=O)cc4)ccc1c23,0
O=C(O)C1CC=CCC1C(=O)Nc1cccc(F)c1,0
COC(=O)c1ccc2nc(NC(=O)CN3C(=O)CCC3=O)sc2c1,0
O=C(COC(=O)c1ccccc1)NCC1CCCO1,0
CC1CCN(CCCn2c(=S)[nH]c3ccccc3c2=O)CC1,0
CCC(=O)Nc1ccc(F)c(Cl)c1,0
CCOC(=O)C1=C(C)NC(=O)NC1C1CC=CCC1,0
COc1ccc(CCNC(=O)c2cc3sc(Cl)cc3n2C)cc1OC,0
CCCc1nc2sc3ccccc3c(=O)c2c(=O)n1Cc1ccco1,0
CN1CCN(C(=O)C2CCCCC2C(=O)O)CC1,0
COc1cc(C2C(C(=O)c3ccc(C)o3)=C(O)C(=O)N2c2cc(C)on2)cc(Br)c1O,0
CCCn1c(=O)c2c(nc(Br)n2CCC)n(C)c1=O,0
C#CCOC(=O)C1C2C=CC(C2)C1C(=O)O,0
Cn1nc(-c2ccc(N3CCCCC3)c(NC(=O)c3ccco3)c2)c2ccccc2c1=O,0
Cc1ccc(-c2nnc3ccc(SCC(=O)NCc4ccco4)nn23)cc1,0
COC(=O)C1=C(C)OC(N)=C(C#N)C1c1c(C)nn(-c2ccccc2)c1Cl,0
CCn1ncc2c1C(=O)NC1c3ccccc3C(=O)N21,0
CCCNC(=O)c1nc2ncc(Br)cn2n1,0
CCCCn1cnc2c(cnn2-c2ccc(Cl)cc2)c1=O,0
CCCC12CN3CC(C)(CN(C1)C3c1ccc(OC(C)C)cc1)C2=O,0
COc1cc2c(cc1NC(=O)c1cccnc1)CCCC2,0
CCOC(=O)CSc1nnc(C)n1N,0
Cc1cc(C)c2cc(CN(Cc3ccco3)C(=O)NCc3ccccc3)c(=O)[nH]c2c1,0
Cn1c(O)c(C(=O)c2ccccc2Cl)c(=O)n(C)c1=O,0
CCOc1ccccc1N(CC(=O)NC1CCCCC1)C(=O)CCCC(=O)Nc1ccccn1,0
CN(Cc1nc(-c2ccncc2)no1)S(=O)(=O)c1ccccc1,0
CCOC(=O)c1cc(-c2cccs2)nn1CCC#N,0
COc1ccc(NC(=O)C2CCCN(S(=O)(=O)c3c(C)n[nH]c3C)C2)c(OC)c1,0
COc1cccc(C(=O)CSc2nnc(CNS(C)(=O)=O)n2-c2ccc(C)cc2)c1,0
COc1ccc(CCN(C)Cc2c(F)cccc2F)cc1OC,0
Cc1noc(C)c1COC(=O)C1(c2cccc(F)c2)CCCC1,0
COc1cc(C(=O)Nc2ccc(S(=O)(=O)Nc3onc(C)c3C)cc2)cc(OC)c1OC,0
CCOc1ccccc1OCC(=O)Nc1nnc(COC)s1,0
C=CC(C)n1c(Br)nc2c1c(=O)[nH]c(=O)n2C,0
CC1Cc2ccccc2N1C1=NS(=O)(=O)c2ccccc21,0
COc1ccccc1-c1nn2c(C3COc4ccccc4O3)nnc2s1,0
O=C(Nc1cccc(Br)c1)c1ccn[nH]1,0
C=CCSc1ncccc1C(=O)NCc1ccccc1,0
COc1cc(NC(=O)c2cc(-n3cnnc3)ccc2Cl)cc(OC)c1,0
O=c1nc(-c2cccs2)[nH]c2ccccc12,0
CC1Cc2ccccc2N1C(=O)CCn1c(=O)sc2ccccc21,0
Cc1cc(NC(=O)c2noc3c2CCCCC3)nn1Cc1ccc(Cl)cc1,0
Cc1cc(NCCCN2CCOCC2)n2nc(C)c(-c3ccccc3)c2n1,0
CCc1ccc(CCC(=O)Nc2ccc(C)c(C)c2)o1,0
O=C(CCC1COc2ccccc2O1)Nc1cccnc1,0
Cc1nnc(SCc2nc3ccccc3c(=O)n2-c2ccccc2Cl)n1N,0
COc1cc(C(=O)Nc2ccc(S(=O)(=O)Nc3cc(C)on3)cc2)cc(OC)c1OC,0
CC(C)(C)n1nnnc1CN(Cc1ccco1)Cc1cc2cc3c(cc2[nH]c1=O)OCO3,0
Cc1ccc(C(C(=O)NC2CCCCC2)N(C(=O)c2csnn2)C2CC2)o1,0
COc1cc(C2NC(=O)NC(c3ccccc3)=C2C(C)=O)ccc1OCC#N,0
CCOC(=O)CN1C(=O)C(O)(CC(=O)c2ccccn2)c2ccccc21,0
CC(C)C(NC(=O)c1cccc(S(=O)(=O)N2CCOCC2)c1)C(=O)NCCc1ccccn1,0
O=C(Cn1nc(C(F)(F)F)c2c1CCC2)NCc1ccc(F)cc1,0
CCOc1ccc(CCNC(=O)C2CCN(c3nn4c(=O)cc(C)nc4s3)CC2)cc1,0
CC12C=CC3(CN(Cc4ccccc4)C(=O)C3C1C(=O)NC1CC1)O2,0
CC(=O)N1CCN(c2ccc(NCc3ccc4c(c3)OCO4)cc2)CC1,0
c1ccc(C2COC(c3cccs3)=N2)cc1,0
CCOC(=O)Cn1c(=O)c(-c2ccccc2N)nc2ccccc21,0
CCOC1(NC(=O)c2ccccc2)C(C)=CC(=O)C=C1C,0
Cc1cc(C(=O)CN2C(=O)NC(C)(c3cccc(Br)c3)C2=O)c(C)n1Cc1ccco1,0
Cc1noc(NS(=O)(=O)c2ccc(N/C=C/C(=O)c3cccnc3)cc2)c1C,0
COc1ccc(NC(=O)c2c(-c3ccccc3Cl)noc2C)c(OC)c1,0
Cc1ccc(S(=O)(=O)C(C#N)c2nc3ccccc3nc2N2CCCC2)cc1,0
CCCCn1c(SCC(=O)OCC)nc2c1c(=O)[nH]c(=O)n2C,0
COc1cc2cc(CN(Cc3nnnn3Cc3ccccc3)CC3CCCO3)c(=O)[nH]c2cc1OC,0
Cc1ccc2cc3cc(C(=O)NCc4ccc5c(c4)OCO5)oc3nc2c1,0
COc1ccc2[nH]c(=O)c(CN(C(=O)NC3CCCCC3)C3CCCC3)cc2c1,0
O=C(COC(=O)c1ccco1)Nc1nc2ccccc2s1,0
CCCCn1c(SCC(=O)c2ccccc2)nc2c1c(=O)[nH]c(=O)n2C,0
O=C(O)CSc1ncn[nH]1,0
CCCCNC(=O)CSc1nccn1Cc1ccccc1,0
CCn1c(Cc2ccc(OC)cc2)nnc1SCC(=O)Nc1cccc(C(=O)OC)c1,0
CCC(=O)c1cc(-c2nc3ccccc3n2C)n(C)c1,0
CCCc1c(C)c2cccc(C)c2[nH]c1=O,0
CCn1c(-c2ccsc2)nc2c1c(=O)[nH]c(=O)n2Cc1ccccc1,0
Cc1ccc(S(=O)(=O)c2c(C)nn(C(C)(C)C)c2OC(=O)c2ccco2)cc1,0
CCCSc1nnc(-c2cccc(S(=O)(=O)N(C)C)c2)n1-c1cc(OC)ccc1OC,0
COCCn1nnnc1C(c1cccs1)N1CCN(c2ccccc2)CC1,0
COc1ccccc1C(=O)Nc1ccc(N2CCN(Cc3ccccc3)CC2)cc1,0
O=C(NCC(=O)N(CCc1ccccc1)C(C(=O)NC1CCCC1)c1cccnc1)c1ccco1,0
CC(C)(C)c1nnc2sc(SCC(=O)N3CCCc4ccccc43)nn2c1=O,0
CC1CC(C)CN(c2nc3c(c(=O)[nH]c(=O)n3C)n2CCCSc2nc3ccccc3s2)C1,0
Cc1ccc(S(=O)(=O)NCC(=O)N2CCOCC2)cc1,0
CCOc1ccc(-c2nc(C#N)c(N3CCN(Cc4ccccc4)CC3)o2)cc1,0
CC(C)(Oc1ccc(Cl)cc1)C(=O)NC1CCSC1=O,0
CNc1nc(Oc2ccccc2C(=O)OC)nc(SC)n1,0
O=C(Nc1ccccc1Cl)c1cnccn1,0
CC(NCC1CCCO1)=C1C(=O)CC(C)(C)CC1=O,0
Cc1ccc2c(c1)nnn2C1CCN(CC(=O)N2c3ccccc3CC2C)CC1,0
CC(=O)Oc1c(S(=O)(=O)c2ccccc2)c(C)nn1C(C)(C)C,0
O=S1(=O)N=C(Nc2ccc(N3CCOCC3)cc2)c2ccccc21,0
COc1cc2nc(-c3ccccc3)nc(N3CCCC3)c2cc1OC,0
CC(C)OC(=O)Nc1ccc(Oc2c(F)c(F)c(F)c(F)c2F)cc1,0
CCOC(=O)c1cccc(NC(=O)CSc2nnc(C3CCCCC3)n2CC)c1,0
Cc1ccc(OCc2nc(-c3ccccn3)no2)c(Br)c1,0
CC1CN(S(=O)(=O)c2cccc(C(=O)NCc3ccc4c(c3)OCO4)c2)CC(C)O1,0
CC1CCN(c2ccc(C(=O)NCc3cccs3)cn2)CC1,0
Cn1c(=O)[nH]c(=O)c2c1nc(CN1CCN(c3ccccc3F)CC1)n2CCCc1ccccc1,0
COc1ccc(-c2cc(C(F)(F)F)n3nc(C(=O)NCc4ccco4)cc3n2)cc1,0
Cc1cc(C)nc(NC2=NCC(=O)N2c2ccccc2Br)n1,0
CC(C(=O)Nc1ccccc1-c1ccccc1)N1CCN(C(=O)c2ccco2)CC1,0
CN(CCNC(=O)c1cccc(N2CCCC2=O)c1)Cc1ccccc1,0
Cc1ccc(S(=O)(=O)C(C#N)c2nc3ccccc3nc2OC(C)C)cc1,0
O=C(Nc1ccc(Cl)cc1)C1CC=CCC1C(=O)OCC(F)(F)C(F)F,0
O=C(Nc1ccccc1)C1CC=CCC1C(=O)OCC1CCCO1,0
O=C(CCCc1nc(-c2ccc(Cl)cc2)no1)N1CCOCC1,0
O=C(NC1CCCCC1)NC1CCN(S(=O)(=O)c2ccc3c(c2)OCCO3)CC1,0
O=C(O)CCC(=O)N1CCN(c2cccc(Cl)c2)CC1,0
COc1ccc(Cl)cc1NC(=O)CN1CCC(n2nnc3cc(C)ccc32)CC1,0
CC(C)CCn1c(SCc2ccc(Cl)cc2)nc2c1c(=O)[nH]c(=O)n2C,0
Cc1oc(-c2ccccc2F)nc1CS(=O)(=O)CC(=O)NCc1ccco1,0
COC(=O)C(NC(=O)c1ccccc1)(Nc1nc(C)cs1)C(F)(F)F,0
O=C(CSc1nnc(-c2ccco2)o1)NC1CCCCCC1,0
COc1ccccc1N1CCN(C(=O)Cn2nc(C(F)(F)F)c3c2CCC3)CC1,0
COc1ccccc1N(CN1CCCC1=O)C(=O)c1c(F)cccc1F,0
Cc1cccc(-n2nnc(C(=O)NC3CCCc4ccccc43)c2N)c1,0
CC1N(C)c2cc(NC(=O)c3ccco3)ccc2C1(C)C,0
COC(=O)CSc1nnc2c3c4c(sc3nc(-n3nc(C)cc3C)n12)COC(C)(C)C4,0
Cc1cc(NC(=O)c2cc(-c3ccccn3)nc3ccccc23)no1,0
COc1ccccc1NC(=O)N(Cc1ccco1)Cc1cc2c(C)ccc(C)c2[nH]c1=O,0
O=C(O)CCC(=O)N1CCc2cc(S(=O)(=O)NC3CCCC3)ccc21,0
CCOc1cc(C)nc(NCCc2ccc(OC)c(OC)c2)n1,0
CC1CCN(C(=O)CN(CCc2ccccc2)S(C)(=O)=O)CC1,0
CC1CCCN(S(=O)(=O)c2ccc(NC(=O)c3cccc(-n4cnnn4)c3)cc2)C1,0
COc1ccc(C(=O)NCCn2cc(SCC(=O)N3CCOCC3)c3ccccc32)cc1,0
CCN(C(=O)COc1ccccc1)c1nnc(-c2cccnc2)s1,0
COc1ccccc1N1CCN(C(=O)C2CCN(S(=O)(=O)N3CCOCC3)CC2)CC1,0
COc1ccc(OCC(=O)N2CCN(C(=O)c3cccs3)CC2)cc1,0
Cc1ccccc1NC(=O)C1CCCN1C(=O)NC1CCCCC1,0
COc1ccc(-c2cc(-c3ccccc3)n3ncnc3n2)cc1,0
CCCCn1c(SCC(=O)O)nc2ccccc21,0
COc1ccc2[nH]cc(C(=O)CN3CCN(C4CCCCC4)CC3)c2c1,0
CCn1cc(C2=NOC(C(=O)Nc3cc(OC)c(Cl)cc3OC)C2)c(C)n1,0
CCOC(=O)C(NC(C)=O)(Nc1ccc(F)cc1)C(F)(F)F,0
CC(C)n1c(SCc2ccc(Cl)cc2)nc2c1c(=O)[nH]c(=O)n2C,0
COc1ccc(-c2nn(C)c3sc(C(=O)N4CCOCC4)cc23)cc1OC,0
O=C(O)c1ccc(-n2nc(C(F)(F)F)c3c2-c2ccoc2CC3)cc1,0
CC(=O)Nc1ccc(-n2c(C)c(C(C)=O)c(C(C)=O)c2C)cc1,0
CCn1c2ccccc2c2nnc(SCN3C(=O)c4ccccc4C3=O)nc21,0
CCc1ccc(OCc2nnc(SCC(=O)NCc3ccco3)o2)cc1,0
COc1ccc(Nc2oc(COc3ccc(Cl)cc3)nc2C#N)cc1,0
Cc1cccc2cc(CN(Cc3ccco3)C(c3nnnn3CCc3ccccc3)C(C)C)c(=O)[nH]c12,0
C=CCn1c(-c2ccc(Cl)cc2)c[nH]c1=S,0
CN(CC(=O)Nc1ccc(C#N)cc1)Cc1ccc(Cl)cc1,0
O=C(NC1CCCCCC1)c1c(F)c(F)c(F)c(F)c1F,0
O=C(CCC(=O)Nc1nnc(C2CCCCC2)s1)NCc1cccs1,0
O=C(C1CCCCC1)N1CCC(c2nc3ccccc3[nH]2)CC1,0
O=C(c1c(F)cccc1F)N1CCC(O)(c2cccnc2)CC1,0
O=S(=O)(Nc1nc2ccccc2[nH]1)c1ccc(Cl)cc1,1
CCCCn1c(CN(Cc2ccccc2)Cc2ccccc2)nc2c1c(=O)n(C)c(=O)n2C,0
COc1ccccc1-c1nnc(NC(C)=O)s1,0
CC(=O)c1ccc(NC(=O)CSc2nnc(-c3ccoc3C)n2Cc2ccccc2)cc1,0
COc1ccc(C(=O)Nc2ccc3c(c2)nc2n3CCSC2)cc1,0
COc1ccc(Cl)cc1NC(=O)N1CCN(CCc2ccccc2)CC1,0
COc1ccc(NC(=O)Cn2cccc2)cc1Cl,0
CCn1c(SCC(=O)c2ccc(OC)cc2)nnc1C(C)NC(=O)c1ccc(OC)cc1,0
COc1ccc(CN(Cc2cc3cc4c(cc3[nH]c2=O)OCO4)C(=O)NC2CCCCC2)cc1,0
CCOC(=O)c1nnc2cc(-c3ccc(Br)cc3)nn2c1C,0
Cc1cc(O)c(C(C)C)cc1NS(=O)(=O)c1ccccc1,0
Cc1ccc(S(=O)(=O)N(CC(=O)NCc2ccncc2)C2CCCCC2)cc1,0
Cc1n[nH]c(C)c1S(=O)(=O)N1CCCC(C(=O)Nc2ccc3c(c2)OCCO3)C1,0
O=C(CN1C(=O)CSc2ccccc21)Nc1ccccc1C(=O)N1CCOCC1,0
COC(=O)c1ccccc1NC(=O)C1CC=CCC1C(=O)O,0
N#CCSc1nc2ccc(N3CCCCC3)cc2c(=O)n1Cc1ccccc1,0
C=CCOc1c(OC)cc(Cl)cc1C1NC(=O)NC(C)=C1C(C)=O,0
CC1CCN(C(=O)CCNS(=O)(=O)c2ccccc2)CC1,0
O=C(C1CCN(S(=O)(=O)c2cccc3nsnc23)CC1)N1CCn2c1nc1ccccc12,0
Cc1ccc(N2CCN(S(=O)(=O)N(C)C)CC2)cc1Cl,0
COCCCNC(=O)CN(c1cccc(Cl)c1C)S(C)(=O)=O,0
Cc1nc2ncnn2c(Nc2ccc3c(c2)OCO3)c1Cc1ccccc1,0
CCSc1nnc(NC(=O)C(C)(C)C)s1,0
CCOC(=O)CSc1nnc(CNC(=O)c2cccs2)n1-c1cc(OC)ccc1OC,0
Cc1cc(-c2nc3c4c5c(sc4ncn3n2)CCCC5)n(C)n1,0
Cc1c(NC(=O)C(C)OC(=O)c2cc3c4ccccc4n(C)c3s2)c(=O)n(-c2ccccc2)n1C,0
Cc1ccc(CCNC(=O)c2nnn(-c3cc(C)cc(C)c3)c2N)cc1,0
CCOc1cc(C)c(S(=O)(=O)Nc2ccc(Cl)cn2)cc1C,0
CCc1nccn1S(=O)(=O)c1ccc2ccc(C)cc2c1,0
CC(C)NC(=O)C1(O)c2ccccc2NC(=O)N1c1ccc(Cl)c(Cl)c1,0
CN(C)c1ccc(CNCCC2(O)CCOC(C)(C)C2)cc1,0
Cc1ccc(NC2c3ncccc3C(=O)N2C2CCCCC2)cc1C,0
O=C(Nc1ccc2c(c1)Cc1ccccc1-2)c1ccco1,0
COc1ccc(-c2cn3cccnc3n2)cc1NC(=O)c1ccc(Br)o1,0
Cn1ccnc1SCc1cn2cc(Br)ccc2n1,0
CC(C)(NC(=O)N1CCCC1)c1cccc(C(C)(C)NC(=O)N2CCCC2)c1,0
COC(=O)c1cc(OC)c(OC)cc1NC(=O)CSc1nnc(-c2cccnc2)n1C,0
COc1ccc(CCNS(=O)(=O)c2cccs2)cc1,0
CCCc1c(C)c2ccccc2[nH]c1=O,0
CCOC(=O)C1=C(C)NC(SCC(=O)Nc2cc(C)on2)=C(C#N)C1c1cccs1,0
CCOC(=O)c1ccccc1NC(=O)CSc1nnc(COc2ccccc2C)n1C,0
Cc1noc(C)c1C(=O)OCC(=O)c1cc(C)n(Cc2ccccc2Cl)c1C,0
NC(=O)C1(N2CCCCC2)CCN(Cc2ccccc2Cl)CC1,0
O=C(NCC(c1cccnc1)N1CCN(c2ccccc2)CC1)c1ccc2c(c1)OCO2,0
O=C(NCc1cccc(Cl)c1)c1ccco1,0
COc1ccc(C2C(C#N)=C(/N=C/N3CCN(C)CC3)OC3=C2C(=O)CC(C)(C)C3)cc1,0
COC(=O)c1ccccc1NC(=O)CSc1nnc(COc2cccc(OC)c2)n1C,0
CCOc1ccc(N2C(=O)CC(NCc3ccc(F)cc3)C2=O)cc1,0
Cc1ccc(C(C)C)c(OCc2nnc(SCC(=O)Nc3nccs3)n2C)c1,0
CN(CC(=O)NCc1ccc(Cl)cc1)S(=O)(=O)c1cccc2nsnc12,0
COc1ccc(C)cc1NC(=O)CN1CCN(S(=O)(=O)c2ccc(Br)cc2)CC1,0
Cc1ccccc1Cn1c(=O)c2c(nc3n2CCN3Cc2ccco2)n(C)c1=O,0
CCC(=O)N1CCc2cc(Br)cc(S(=O)(=O)N3CCCCCC3)c21,0
CC1=C(C(=O)Nc2ccccc2C)C(c2ccc(C)o2)C2=C(CCCC2=O)N1,0
Cc1ccc(NC(=O)Cn2cnc3c(=O)n(C)c(=O)n(C)c32)c(C)c1,0
Cc1csc(NC(=O)CSc2nnc(-c3ccco3)n2C)n1,0
Cc1ccc(C)c(-n2c(Cc3cc(=O)[nH]c(=O)[nH]3)nnc2SCC(=O)NCC2CCCO2)c1,0
COc1ccccc1-n1cnc2cc(NS(=O)(=O)c3ccccc3)ccc21,0
O=S(=O)(Nc1ncccc1O)c1ccc(Cl)cc1,0
CC(NC(=O)Nc1ccc(F)cc1F)c1ccncc1,0
Clc1ccc2nc3ccccn3c2c1,0
COC(=O)C(NC(=O)C(C)Oc1ccccc1)C(C)C,0
COc1ccccc1N(CC(=O)Nc1cccnc1)S(C)(=O)=O,0
S=c1[nH]nc(-c2ccco2)n1-c1cccc2ccccc12,0
Cc1nn(CC(=O)Nc2ccc3c(c2)nc(CN2CCCCC2)n3C)c(=O)c2ccccc12,0
O=CN1Cc2[nH]c3ccccc3c2N(c2ccc(Cl)cc2)C1=O,0
O=C(CSc1ncnc2c1oc1ccccc12)Nc1cccc(Cl)c1,0
Cn1cccc1CNCCc1ccccc1F,0
Cn1c(=O)c2c(nc(Br)n2CCc2ccccc2)n(C)c1=O,0
Cn1nnc(NC(=O)c2cccc(OCc3ccccc3)c2)n1,0
CC(C)(CNC(=O)c1cc2ccccc2o1)N1CCOCC1,0
COCCNC(=O)C1CCN(S(=O)(=O)N2CCC3(CC2)OCCO3)CC1,0
Cc1cccc(-n2c(SCC(=O)Nc3nonc3C)nnc2-c2ccoc2C)c1,0
Brc1ccc(-c2nc(-c3ccccc3)no2)o1,0
CN(C(=O)c1cccs1)c1ccccc1C(=O)O,0
Cn1c(=O)[nH]c(=O)c2c1nc(SCCN1CCOCC1)n2CCc1ccccc1,0
CC1(C)CC(=O)C(=CNCCC2=CCCCC2)C(=O)C1,0
O=C(Cn1c(=O)n(CC2CCCO2)c(=O)c2ccccc21)c1ccccc1,0
CCCn1c(SCc2ccc(Cl)cc2)nc2c1c(=O)[nH]c(=O)n2C,0
Cc1nn(CC(=O)Nc2ccc(C(=O)N3CCCC3)cc2)c(=O)c2ccccc12,0
Cc1ccc(C(C)C)c(OCC(=O)Nc2ccccc2N2CCN(C)CC2)c1,0
CCOc1ccc(CCNC(=O)CN2CCN(Cc3ccccc3C)C2=O)cc1OCC,0
O=C(COc1ccc2ccccc2c1Br)N1CCOCC1,0
Cc1ccccc1OCCCCCn1ccnc1,0
COc1ccc(-c2nc(-c3ccc(Br)o3)no2)cc1OC,0
COC(=O)COn1c(SCC(=O)OC)nc2ccccc2c1=O,0
CC(C)(C)NC(=O)COC(=O)Cc1ccc(Cl)cc1,0
COc1cc(OC)cc(C(=O)NCCNC(=O)c2ccccc2)c1,0
Cc1ccc(-n2c(SCC(=O)OC(C)C)nnc2-c2ccco2)cc1,0
O=c1cc(N2CCCC2)[nH]c(=O)n1-c1ccc(Cl)cc1,0
Cc1ccc(C(C)NC(=O)c2ccco2)cc1C,0
O=C(NCCc1ccccc1)C1CCCN(S(=O)(=O)c2cccc3nsnc23)C1,0
O=S(=O)(c1cc(F)cc(F)c1)N1CCN(c2ncccn2)CC1,0
O=S(=O)(c1ccc2c(c1)nc1n2CCC1)N1CCOCC1,0
Cc1cn(C(=O)CN2C(=O)c3ccccc3C2=O)c(C)n1,0
COc1cc(C2C(C(=O)c3sc(C)nc3C)=C(O)C(=O)N2CCN(C)C)cc(OC)c1OC,0
OCCN(Cc1ccccc1)Cc1ccc(F)c(F)c1,0
CCOC(=O)c1ccc(NS(=O)(=O)c2ccc3c(c2)oc(=O)n3C)cc1,0
O=S(=O)(NCCOCC(F)(F)C(F)F)c1ccc2oc3ccccc3c2c1,0
CN(C)S(=O)(=O)c1ccc(C(=O)OCc2ccc(C#N)cc2)cc1,0
CC(C)c1nc(N2CCN(C(=O)c3ccco3)CC2)c2c3c(sc2n1)CCCC3,0
COc1ccc(C(c2nnnn2CCc2ccccc2)N2CCN(C)CC2)cc1OC,0
O=C1c2ccccc2C(O)(Cc2ccccc2)N1CCCN1CCOCC1,0
Cc1ccccc1C(=O)Nc1c(C(=O)N2CCCC2)cnn1-c1ccccc1,0
O=C(NCc1ccccc1)C1CCCN(C(=O)Nc2ccccc2)C1,0
CN(CCC#N)C(=O)CSc1ncnc2sc(-c3ccccc3)cc12,0
CCc1nnc(NC(=O)c2cccc(OC)c2)s1,0
CCOC(=O)CSc1nnc(-c2ccc(S(=O)(=O)N3CCOCC3)cc2)n1-c1ccccc1,0
O=C(O)c1ccc(COc2c(F)c(F)c(F)c(F)c2F)o1,0
CCOc1ccccc1OCC(=O)Nc1ccc(N2CCCCC2)cc1,0
COc1ccc(NC(=O)CSc2nc(-c3ccncc3)nn2CC(=O)N2CCCC2)cc1,0
Cc1onc(-c2ccccc2Cl)c1C(=O)NCc1cccnc1,0
COc1cc(C2NC(=O)NC(O)(C(F)(F)F)C2C(=O)c2cccs2)ccc1O,0
CC(=O)N1CCc2cc(S(=O)(=O)NCCC3=CCCCC3)ccc21,0
CC(OC(=O)c1cccc(NS(C)(=O)=O)c1)C(=O)Nc1ccc(N2CCOCC2)cc1,0
CCOc1ccc(-n2c(SCC(=O)Nc3cc(C)on3)nc3c([nH]c4ccccc43)c2=O)cc1,0
Cc1ccccc1C(=O)Nc1ccc(Br)cn1,0
CCC(C)n1nccc1NC(=O)C(C)OC(=O)c1cc2ccccc2[nH]1,0
Cc1ccc(S(=O)(=O)N(C)CC(=O)Nc2nc3ccccc3s2)cc1,0
COc1ccc(-c2nc(CN3CCC(C(=O)N4CCc5ccccc54)CC3)c(C)o2)cc1OC,0
COc1ccccc1CCNS(=O)(=O)c1c(C)n(C)c(=O)n(C)c1=O,0
O=C(NCc1ccc(F)cc1)c1cc(S(=O)(=O)N2CCOCC2)ccc1F,0
O=C(O)C1CC=CCC1C(=O)Nc1ccc(F)c(F)c1,0
Cc1ccc(-c2nc3ncccn3c2NC2CCCC2)o1,0
COC(=O)C(C)Sc1nc2c(c(=O)[nH]c(=O)n2C)n1CCCc1ccccc1,0
CCn1c(Cc2ccccc2)nnc1SCC(=O)Nc1cc(C)on1,0
CCOC(=O)N1CCN(c2nc(C(F)(F)F)nc3c(C)cc(C)cc23)CC1,0
COC(=O)c1[nH]c2cccc(C)c2c1NC(=O)CN1CCN(C(=O)c2ccco2)CC1,0
CC(Sc1nc(N2CCOCC2)nc(N2CCOCC2)n1)C(=O)Nc1ccccc1,0
COc1nc2c(s1)C(=O)NCCC2,0
Cn1c(=O)oc2cc(S(=O)(=O)N3CCN(c4cccc(Cl)c4)CC3)ccc21,0
COc1ccc(NCc2nnc(SCC(=O)Nc3cc(C(F)(F)F)ccc3Cl)o2)cc1,0
CC(=O)OCCN(Cc1ccccc1)Cc1ccc2c(c1)OCO2,0
O=C1C2ON=C(c3ccccc3Cl)C2C(=O)N1Cc1ccccc1,0
Cc1cc(C)n(CNc2nc(C(F)(F)F)cs2)n1,0
Cn1c(SCC(=O)NCc2ccccc2)nc2ccccc21,0
O=C(Nc1ccccc1C(=O)NCCCn1ccnc1)c1ccccc1,0
CCn1c(=O)cc(SCC(=O)N2CCOCC2)c2ccccc21,0
Cc1ccc(C(=O)CSc2n[nH]c(C)n2)cc1,0
CCN1C(=O)C2(C(C#N)=C(N)Oc3n[nH]c(COC)c32)c2ccccc21,0
COc1cccc(-n2c(C)nnc2SCC#N)c1,0
CCn1c(=O)cc(C(=O)OC)s/c1=N\c1ccc(F)c(F)c1,0
N#C/C(=C1/CCCCCN1)c1nc2ccccc2s1,0
CCCN1Cc2cccc(C(=O)NCc3ccc4c(c3)OCO4)c2C1=O,0
COc1ccc(Cn2nnnc2C(c2ccc(N(C)C)cc2)N2CCC(C)CC2)cc1,0
C=CCn1c(SCC(=O)N2CCOCC2)nc2scc(-c3ccco3)c2c1=O,0
O=C(CC1OC(=O)c2ccccc21)NC1CCCCC1,0
COc1ccc(OC)c(Nc2cc(C(=O)NCCCN3CCOCC3)c3ccccc3n2)c1,0
Cc1ccc(-c2cc(C(=O)O)n[nH]2)o1,0
Cc1ccc2cc(CN(Cc3ccco3)C(=O)c3ccccc3)c(=O)[nH]c2c1C,0
Nc1nc(-c2ccccc2)nn1C(=O)Cc1ccccc1,0
CCCCc1ccc(NC(=O)c2c(C)noc2C)cc1,0
O=C(NC1CC2CCC1C2)c1ccc(CN2CCOCC2)cc1,0
N#Cc1cc2c(nc1SCC(=O)Nc1ccc(Cl)cc1)C1CCN2CC1,0
O=C(O)C1CC=CCC1C(=O)Nc1cccc(C(=O)N2CCCCC2)c1,0
CCn1c(SCc2nc(-c3ccc(OC)c(OC)c3)no2)nnc1-c1cccs1,0
CC12COC3(C(=O)Nc4ccc(Cl)cn4)CC1CCC32C,0
CC/N=C(/Nc1ccc2c(c1)OCO2)SC1CC(=O)N(c2ccccc2F)C1=O,0
CCCn1c(SCC(=O)N2CCc3ccccc32)nnc1-c1ccco1,0
COc1ccc(CNC(=O)Cn2nc(C(F)(F)F)c3c2CCC3)cc1,0
Cc1ccc(Cn2c(NCCc3ccccc3)nc3c2c(=O)n(C)c(=O)n3C)cc1,0
COC(=O)NC1(C(F)(F)F)NC(=O)N(C2CCCCC2)C1=O,0
Cc1cc(C)cc(OCC(=O)Nc2ccccc2C(=O)NCc2ccco2)c1,0
CCOC(=O)N1CCC(NC(=O)c2ccc(OC)c(CN3CC(=O)N4CCCC4C3=O)c2)CC1,0
Cc1ccc(-c2c3c(=O)n(C)c(=O)n(C)c3cn2CCCN2CCOCC2)cc1,0
COc1cccc(-n2ccnc2SCC(=O)N2CCc3ccccc32)c1,0
CCCCOC(=O)Cn1cnc2ccc(Br)cc2c1=O,0
Cc1noc(C)c1C(=O)Nc1sc2c(c1C(N)=O)CCC2,0
N#CC1=C(N)Oc2cc3c(cc2C1c1ccc(Cl)cc1)OCO3,0
COc1ccc(CN(Cc2ccccn2)S(=O)(=O)c2ccc(-n3cnnn3)c(OC)c2)cc1,0
COc1ccccc1-c1nnc(Nc2nc3c(OC)cccc3s2)o1,0
Cc1cccc(N2CCN(C(=O)CSCc3c(C)noc3C)CC2)c1C,0
CCCCSc1nc(=O)cc(CCC)[nH]1,0
N#Cc1ccc(NC(=O)C2CC(c3ccc(F)cc3)=NO2)cc1,0
CN1C(=O)c2ccccc2C(C(=O)NCc2ccco2)C1c1c[nH]c2ccccc12,0
CC1CCC(NC(=O)C2(C)CCC(=O)N2Cc2cccnc2)CC1,0
COc1ccc(S(=O)(=O)Nc2ccccc2C(=O)NCc2ccco2)cc1Br,0
CCOC(=O)Cn1c(=O)oc2cc(S(=O)(=O)Nc3ccc(F)cc3)ccc21,0
O=C(CSc1nnc2scc(-c3ccc(Cl)cc3)n12)NCc1ccco1,0
Brc1ccc2[nH]ncc2c1,0
O=C(Nc1cccnc1)c1ccc(COCC(F)(F)F)cc1,0
CCOC(=O)c1cc2occc2n1CC(=O)NC1CCCCC1C,0
Cc1c(N(C)C(=O)C2CCCN2S(=O)(=O)c2ccccc2)c(=O)n(-c2ccccc2)n1C,0
COC(=O)c1sccc1NC(=O)c1ccc(Br)o1,0
COCCNC(=O)C(OC(=O)c1ccco1)c1ccccc1OC,0
CCCCN(C)S(=O)(=O)c1cc(Br)cc2c1N(C(=O)C1CC1)CC2,0
COc1ccc(-n2c(=O)cc(N3CCN(Cc4ccccc4)CC3)[nH]c2=O)cc1,0
CCOC(=O)c1c(-c2ccccc2)csc1NC(=O)CSc1nnnn1C,0
O=C1c2ccccc2NC(c2ccc3c(c2)OCO3)N1O,0
O=C(CSCc1ccccn1)Nc1ccccc1,0
Cn1c(CNc2nc(-c3ccccc3)cs2)nnc1SCC(=O)c1ccccc1,0
CC1=C/C(=C2/C=C(C(=O)NCc3ccncc3)NN2)C(=O)C=C1,0
CCCc1nc2oc3cc(OC)ccc3c(=O)c2c(=O)n1Cc1ccco1,0
Cc1noc(C)c1C(=O)Nc1ccc(Cl)cc1C(F)(F)F,0
CCCOc1ccc(OCCSc2ncccn2)cc1,0
Cc1ccc(C)c(N(CC(=O)NCc2ccco2)C(=O)CCC(=O)Nc2ccccn2)c1,0
COC(=O)NCC(C)OC(=O)Nc1cccc(Cl)c1,0
CCCCC(CC)C(=O)N1CCN(C/C=C/c2ccccc2)CC1,0
O=C(Cc1cn2ccsc2n1)NCc1ccccc1,0
O=C(Cn1nc(-c2ccccc2)c2ccccc2c1=O)NCCN1CCOCC1,0
CCCC(C(=O)NCc1ccco1)N(C(=O)CNS(=O)(=O)c1ccccc1)c1ccccc1OC,0
Cc1ccc(OCc2nnc(SCC(=O)Nc3ccc4c(c3)OCO4)n2C)cc1,0
CC(C)Oc1ccc(NC(=O)C2CCCNC2=O)cc1,0
O=C(CSc1nnc(CNc2ccccc2)o1)c1ccc2c(c1)OCCO2,0
CCn1c(=O)cc(OCC(=O)NCCCN2CCC(C)CC2)c2ccccc21,0
Cc1ccc2nc3c(cc(C(=O)NCC4CCCO4)n3C)c(=O)n2c1,0
Cc1ccc2oc(=O)n(CCOc3ccccc3Cl)c2c1,0
C=CCN(CC=C)C(=O)Cc1ccc(F)cc1,0
CCCCn1nnnc1SCC(=O)Nc1cccc(C)n1,0
Cc1cc2ccccc2c(=O)n1CC(=O)NC1CCCCCC1,0
Clc1cccc(-c2nn3c(-c4ccncc4)nnc3s2)c1,0
O=C(COC(=O)C1=COCCO1)Nc1ncc(C(F)(F)F)cc1Cl,0
O=C(Nc1cccc2c1C(=O)NC2=O)c1ccc(S(=O)(=O)N2CCCC2)cc1,0
Cc1c(C)n(C(=O)CSc2ncn[nH]2)c2ccccc12,0
CCN(CC)C(=O)N1CCN(C(=O)c2ccc(C)cn2)CC1,0
COc1cccc(OCCCCSc2ncccn2)c1,0
CCCS(=O)(=O)N1CCC(C(=O)N2CCc3ccccc3C2)CC1,0
Cc1ccc(C(=O)N2CCN(c3ccc(Cl)cc3)CC2)cc1,0
O=C1c2ccccc2C(=O)N1c1cccc(-c2nc3ccccc3o2)c1,0
CCn1cc(C(=O)OCc2cccc(Br)c2)c(=O)c2ccc(C)nc21,0
O=C(c1ccco1)N1CCN(c2ccc(Cl)cc2)CC1,0
O=S(=O)(c1cccs1)N1CCCc2ccccc21,0
O=C(CSc1nc2ccccc2o1)N1CCCC1,0
O=C1CCCN1CCCNc1ncnc2c1cnn2-c1ccc(Cl)cc1,0
O=C(CN1C(=O)CCC1=O)Nc1ccc(Br)cc1,0
CCOc1ccccc1C(=O)N1CCN=C1SCc1cccnc1,0
COCCCNC(=O)c1ccc(Cn2c(=O)[nH]c3ccccc3c2=O)cc1,0
CS(=O)(=O)N(CC(=O)N1CCN(Cc2ccccc2)CC1)Cc1ccccc1,0
CCCCCOC(=O)C1=C(C)N(C)C(=O)NC1c1cc(Br)c(O)c(OC)c1,0
Cc1ccc2cc(CN(Cc3nnnn3C3CCCC3)C3CCCCC3)c(=O)[nH]c2c1C,0
COc1ccccc1N1CCN(S(=O)(=O)c2c(C)ccc3nsnc23)CC1,0
O=C(NCc1nc2ncc(Br)cc2[nH]1)c1ccccc1,0
CCOC(=O)c1cnc2c(C(F)(F)F)cccc2c1N1CCOCC1,0
[O-][n+]1onc2c1CCC1N(O)C(c3ccccc3)CC21O,0
CC(=O)N1CCc2cc(S(=O)(=O)CCC(=O)N3CCN(c4ccccn4)CC3)ccc21,0
O=C(CSc1n[nH]c(-c2ccccc2)n1)NC(=O)NCc1ccco1,0
O=C1C=CC(=CNCC2COc3ccccc3O2)C=C1,0
CCn1c(=O)c2cc(S(=O)(=O)NCCOc3ccccc3)ccc2n(CC)c1=O,0
COc1ccccc1N(CCC#N)C(=O)CSc1nc(-c2ccccc2)cn1N,0
Cn1c(=O)c2c(nc(NC3CCCCC3)n2CC(=O)C23CC4CC(CC(C4)C2)C3)n(C)c1=O,0
CCOc1c(Br)cc(C2NS(=O)(=O)N=C3CCCCCN32)cc1OC,0
Cc1cc(=O)nc(SCCOc2ccc3c(c2)CCC3)[nH]1,0
O=C1c2oc3ccc(Cl)cc3c(=O)c2C(c2cccnc2)N1Cc1ccco1,0
CC(C)(C)c1cc(NC(=O)c2cccnc2)no1,0
CC1(C)C(=O)Nc2ccccc2N1C(=O)CN1C(=O)c2ccccc2C1=O,0
CCOC(=O)N1CCN(C(=O)c2csc3c2CCCCC3)CC1,0
Cc1ccc(-c2nc(CS(=O)CC(=O)N3CCC4(CC3)OCCO4)c(C)o2)cc1,0
COc1cc(Br)cc(CN2CCN(C=O)CC2)c1O,0
Cc1cccc(NC(=O)C2CCCN2S(=O)(=O)c2ccc(F)cc2)c1C,0
CCN(CC)CCN1C(=O)c2ccccc2NC1c1cc(OC)c(OC)c(OC)c1,0
N#CC1=C(N)OC2=C(C(=O)CCC2)C1C1C=CCCC1,0
CC(C)c1ccc(NC(=O)c2cnn(-c3ccccc3)c2NC(=O)c2ccco2)cc1,0
COc1cccc(OCc2nnc(SCC(=O)OCc3ccccc3)o2)c1,0
CC(C)NC(=O)CN(C(=O)CCC(=O)Nc1ccccn1)c1ccc(F)c(Cl)c1,0
CCCCn1c(SCC2CCCCO2)nc2cc(S(N)(=O)=O)ccc21,0
O=C(CCc1ccccc1)Nc1nc2ccc(S(=O)(=O)N3CCOCC3)cc2s1,0
O=C(COc1ccc(Cl)cc1)Nc1ccccc1N1CCOCC1,0
Cc1nn(-c2ccccn2)c2nc(-c3cccs3)cc(C(=O)N3CCOCC3)c12,0
CN(C)C(CNC(=O)Nc1cccc(Cl)c1)c1cccnc1,0
O=c1nc2s/c(=C\c3ccco3)c(=O)n2nc1Cc1ccccc1,0
CC1CCCC(C)N1C(=O)CSc1nnc(CSc2ncccn2)n1C,0
Clc1ccccc1-c1nn2c(-c3ccccn3)nnc2s1,0
CSc1nc(-c2ccco2)nn1C(=O)c1ccc(C)cc1,0
Cc1cc(NS(=O)(=O)c2ccc(C3CCCCC3)cc2)no1,0
COc1cc2cc(CN(Cc3nnnn3C3CCCC3)C3CCCC3)c(=O)[nH]c2cc1OC,0
Cn1cccc1C(=O)NC(=O)COC(=O)c1ccccc1Sc1ccccc1C#N,0
CN(C)C(=O)c1cc(S(=O)(=O)N(C)C)c(Cl)cc1N1CCCC1,0
Cc1cc2nc(C3CCN(CC4COc5ccccc5O4)CC3)[nH]c2cc1C,0
CN(CCNC(=O)c1cn(C)c2ccc(S(=O)(=O)N(C)C)cc2c1=O)CCc1ccccc1,0
O=S(=O)(NCCc1csc(-c2ccccc2)n1)c1ccc2c(c1)OCCO2,0
COCCOC(=O)C1=C(C)NC2=C(C(=O)CC(C)(C)C2)C1c1ccc(N(C)C)cc1,0
COc1ccc(CNC(=O)c2csnn2)cc1,0
Cc1ccc(Cl)c(OCC(=O)Nc2nncs2)c1,0
Cc1cc(N)n2ncc(-c3ccccc3)c2n1,0
O=C1NC(=O)C(CC(=O)N(c2ccccc2)C2(C(=O)NC3CCCC3)CCCCC2)N1,0
Cc1nc2cc(NC(=O)COc3ccc(C#N)cc3)ccc2n1-c1ccccc1,0
CCOC(=O)c1ccccc1NC(=O)c1ccccc1SC,0
CCOC(=O)N1CCN(S(=O)(=O)c2cccc3ccc(C)nc23)CC1,0
O=C(Nc1cccc(Cl)c1)OCc1ccccn1,0
COc1ccc(C2C(C#N)=C(N)Oc3cc(C)n(Cc4ccncc4)c(=O)c32)cc1,0
O=c1n(-c2cccc(Cl)c2)c(=O)n2n1CCC2,0
CC(=O)Nc1ccc(OCC(O)CN2CCN(Cc3ccccc3)CC2)cc1,0
O=C(c1ccc(F)cc1)N1C2CCC1CC(O)(c1ccccc1F)C2,0
COC(=O)C(NC(=O)c1ccccc1)(Nc1nccs1)C(F)(F)F,0
CCC(=O)N1CCc2cc(Br)cc(S(=O)(=O)N3CCN(C(=O)c4ccco4)CC3)c21,0
O=C(c1ccco1)N1CCN(C(c2ccccn2)c2nnnn2C2CCCC2)CC1,0
Cc1cc(Br)ccc1NC(=O)CNC(=O)CN1C(=O)NC2(CCCCCC2)C1=O,0
COCCCn1c(SCC(=O)Nc2nnc(C)s2)nnc1-c1ccoc1C,0
CCOc1cccc2cc(-c3nnc(NCc4ccco4)s3)c(=O)oc12,0
COc1ccc(S(=O)(=O)N2CCC(C(=O)Nc3ccccc3C)CC2)c2cccnc12,0
CC(C)(C)c1cc(NC(=O)c2cc(F)c(F)c(F)c2F)no1,0
CC1(C)CC(=O)C=C(Nc2ccc(OCC(F)(F)C(F)F)cc2)C1,0
COc1cccc(C2=NOC(C(=O)N3CCN(Cc4ccccc4)CC3)C2)c1OC,0
Cc1cc(NC(=O)Cn2nc(C(F)(F)F)c3c2CCCC3)no1,0
CCS(=O)(=O)Nc1ccc(Cc2ccncc2)cc1,0
CN(c1ccc(Cl)cc1)c1cc(=O)n(C)c2ccccc12,0
O=S(=O)(N1CCCCCC1)N1CCN(S(=O)(=O)N2CCOCC2)CC1,0
CCC(C)(C)n1nnnc1C(c1ccccc1OC)N1CCSCC1,0
C/C(CC1(O)C(=O)N(Cc2ccccc2)c2ccccc21)=N\O,0
CC(C)(C)NC(=O)CSc1nnc(C2CC2)n1Cc1ccccc1,0
O=C(OCCCCN1C(=O)c2ccccc2C1=O)c1ccc(Br)o1,0
CN(C)S(=O)(=O)c1cccc(C(=O)N(Cc2ccc(F)cc2)Cc2ccco2)c1,0
c1ccn2c(SCc3ccc4c(c3)OCCO4)nnc2c1,0
Cc1cccc(C)c1OCC(=O)Nc1cccc(NC(=O)c2ccco2)c1,0
CCOC(=O)c1sc(NC(=O)c2c(C)nn(Cc3ccccc3)c2C)cc1C,0
Cc1cc(C(=O)Nc2c(F)cc(F)cc2Br)c(C)o1,0
CCN(Cc1cc2cc(C)ccc2[nH]c1=O)S(=O)(=O)c1ccccc1,0
Nc1nc2ccc(OC(F)(F)F)cc2s1,0
CN(C)CCNc1oc(COc2ccc(-c3ccccc3)cc2)nc1C#N,0
CCOC(=O)/C(C#N)=C1/CCCCCN1C,0
CC(C)C(=O)Nc1cc(C(F)(F)F)ccc1N1CCOCC1,0
CN(C)CCNC(=O)c1ccc(COCC(F)(F)F)cc1,0
O=C(CCC(=O)N1CCc2ccccc21)Nc1ccccc1,0
COc1ccc(C(CC(=O)N2CCC3(CC2)OCCO3)NS(=O)(=O)c2ccc(C)cc2)cc1,0
O=C(Nc1ccccc1)N(CCc1ccncc1)C1CCCCC1,0
c1ccc2c(c1)oc1c(N3CCN(Cc4ccc5c(c4)OCO5)CC3)ncnc12,0
CCn1c(=O)n(CC)c2cc(S(=O)(=O)N3CCC(c4ccccc4)CC3)ccc21,0
COc1cc(OC)cc(C(=O)N(Cc2cc3cc(C)ccc3[nH]c2=O)C(C)C)c1,0
O=c1cc(CSc2ccc(Cl)cc2)[nH]c(N2CCOCC2)n1,0
COc1ccccc1NC(=O)CSc1nnc(C2CCCCC2)o1,0
Cc1cc2nc(-c3ccc(SCC(=O)N4CCOCC4)nc3)[nH]c2cc1C,0
Cc1cc(OCCCn2ccnc2)cc(C)c1Cl,0
Cc1nonc1NC(=O)c1ccccc1Br,0
Cc1n[nH]c(C)c1S(=O)(=O)N1CCCCCC1,0
N#Cc1nc(COc2ccccc2F)oc1NCc1ccc(F)cc1,0
Cc1noc(C)c1S(=O)(=O)N1CCCC(C(=O)Nc2nccs2)C1,0
Cc1nc2nc(C)n(-c3ccccc3)c2s1,0
Cc1cccc2cc(CN(CC3CCCO3)C(c3nnnn3Cc3ccco3)C(C)C)c(=O)[nH]c12,0
Cc1cccc(OCC(=O)Nc2ccccc2N2CCCCC2)c1,0
COc1ccc(N(C(=O)c2ccco2)C(C(=O)NC2CCCC2)c2ccc(N(C)C)cc2)cc1,0
O=C(COc1ccc2ccccc2c1)N1CCN(c2ccccc2O)CC1,0
CCn1cc(C(=O)NCc2ccc(Cl)cc2)c(=O)c2cc(S(=O)(=O)N3CCOCC3)ccc21,0
COc1ccc2nc(C)cc(N3CC(C)OC(C)C3)c2c1,0
COCCNC(=O)c1c(N)n(CCC2=CCCCC2)c2nc3ccccc3nc12,0
O=C(NC1CCCCC1)c1ccc(Cn2cc(Br)cn2)o1,0
O=C1c2ccccc2C(O)N1Cc1ccccc1,0
C=C(Br)Cn1c(CCC)nc2ccccc21,0
c1ccc(-c2nc3ccccc3nc2-c2ccccn2)nc1,0
COC(=O)CSc1nnc(CNC(=O)Cc2ccccc2)n1C,0
COc1cc(OC)cc(C(=O)N2CCC(n3c(C)nc4cc(F)ccc43)CC2)c1,0
O=C(c1cccs1)N1CCCC(c2nc(-c3ccc(F)cc3)no2)C1,0
O=C(c1coc(=O)c(Br)c1)N1CCOCC1,0
COc1cc(C(=O)CSc2nc3ccccc3o2)cc(OC)c1OC,0
Cn1nc(C(C)(C)C)cc1C(=O)NCc1ccc(N2CCCC2=O)cc1,0
COc1ccc(-c2nnc(SCC(=O)c3[nH]c(C)c(C(C)=O)c3C)o2)cc1,0
CCSc1oc(-c2ccco2)nc1S(=O)(=O)c1ccccc1,0
Cc1cccc(OCc2nnc(SCC(=O)Nc3ccc(C)c(Cl)c3)o2)c1,0
c1ccc(SCCOCCn2cncn2)cc1,0
O=C1C2CCCN2C(c2ccccc2)N1c1ccccn1,0
N#CCn1c(C2CCCCC2)nc2ccccc2c1=O,0
Cc1nnc(SCCCN2C(=O)c3ccccc3C2=O)o1,0
CCOC(=O)C1=C(CC)OC(N)=C(C#N)C1c1cc(OC)ccc1OC,0
O=C(CC(c1ccccc1)c1cc(Br)ccc1O)NCc1ccco1,0
O=S(=O)(c1ccc(OCC(O)CN2CCN(c3ccc(F)cc3)CC2)cc1)N1CCOCC1,0
CN(C)S(=O)(=O)c1cccc(C(=O)Nc2cc(Cl)ccc2O)c1,0
Cc1cc(C)n(C(=O)CCC2COc3ccccc3O2)n1,0
O=C(CN(Cc1ccc2c(c1)OCO2)C(=O)CNS(=O)(=O)c1ccccc1)NCC1CCCO1,0
Cc1ccc(CNC(=O)C2CC(=O)OC23CCCC3)c(C)c1,0
CCc1nc2ccccc2c(C(=O)OCC(=O)Nc2ccc(S(=O)(=O)N3CCOCC3)cc2)c1C,0
CCS(=O)(=O)c1ccc2oc(Nc3ccccc3C)nc2c1,0
CCS(=O)(=O)n1nc(-c2ccc(Cl)cc2)nc1N,0
COCCn1c(N)c(C(=O)NCC2CCCO2)c2nc3ccccc3nc21,0
O=C(NCC1CCCO1)c1ccc(NC(=O)C2CC=CCC2C(=O)O)cc1,0
Cc1ccc(N2CCN(S(=O)(=O)N(C)C)CC2)c(C)c1,0
Cc1ccc(C(=O)CSc2ccccn2)cc1,0
O=C(CN1CCN(C(=O)c2ccccc2F)CC1)Nc1ccc(Br)cc1,0
COc1ccc(CNC(=O)c2ccc3c(c2)N(C)C(=O)CS3=O)cc1,0
CC(C)(C)c1[nH]nc2c1C(c1ccc(OC(=O)c3ccco3)cc1)C(C#N)=C(N)O2,0
CCOC(=O)c1[nH]c2cc3c(cc2c1NC(=O)CN1CCCCC1C)OCO3,0
Cn1c(=O)c2c(nc(CN3CCN(c4ccccc4)CC3)n2CCCc2ccccc2)n(C)c1=O,0
CC(NC(=O)c1cccc(C(F)(F)F)c1)C1CCCO1,0
COc1cccc(-c2cc(C(=O)N3CC4(C)CC3CC(C)(C)C4)no2)c1,0
Cn1c(SCCOc2cccc(Cl)c2)nnc1-c1ccncc1,0
CCOC(=O)c1ccccc1NC(=O)CSc1nc2ccccc2n1CC(=O)N1CCCC1,0
O=S(=O)(c1ccc2c(c1)OCCO2)N1CCC(c2nc3ccccc3[nH]2)CC1,0
COc1ccccc1CC(=O)Nc1ccc(-c2nnc(-c3ccco3)o2)cc1,0
CCOC(=O)c1nc(S(C)(=O)=O)ncc1N1CCOCC1,0
Cc1ccc(C2CC(c3ccccc3)N3NC=NC3=N2)cc1,0
Cc1ncoc1C(=O)Nc1cccc(Cl)c1,0
Clc1ncn(C23CC4CC(CC(C4)C2)C3)n1,0
O=C(O)c1ccccc1C(=O)c1cccs1,0
Cc1ccc(N2CC(C(=O)NCC3CCCO3)CC2=O)cc1Cl,0
COCC(C)NC(=O)CCS(=O)(=O)c1nc(-c2ccc(OC)cc2)cc(C(F)(F)F)n1,0
COc1ccc(NC(=O)COC(=O)c2cnccn2)cc1Cl,0
COc1ccccc1C1CC(=O)Nc2cc3c(cc21)OCCO3,0
COc1cc(C)nc(OCCNS(=O)(=O)c2cc(C)ccc2C)n1,0
CCSc1nnc(NC(=O)c2nc(-c3ccccc3)n(-c3ccccc3)n2)s1,0
Cc1cc(NC(=O)CC(CN(C)S(=O)(=O)c2ccccc2)c2ccccc2)no1,0
N#C/C(C(=O)NCc1ccco1)=C1/SC(Cc2ccc(Cl)cc2)C(=O)N1c1ccccc1,0
Cc1oc(-c2ccccc2Cl)cc1-c1nn2c(-c3ccco3)nnc2s1,0
CN(C)S(=O)(=O)c1ccc(C(=O)N2CCN=C2SCc2cccnc2)cc1,0
COC(=O)C1C2CCC(C(=O)Nc3ccccc3)(CC2)C1C(=O)OC,0
COCCNC(=O)CN(C(=O)CCC(=O)Nc1cc(C)on1)c1ccccc1C,0
Cc1ccccc1Cn1c(-c2cncs2)nc2ccccc21,0
CN1CCN(c2nc3c(c(=O)[nH]c(=O)n3C)n2CCSc2nc3ccccc3s2)CC1,0
C=CCn1c(SCC(=O)Nc2cc(C)c(Cl)cc2OC)nnc1-c1ccco1,0
N#Cc1ccccc1NC(=O)c1ccccc1OCC(=O)NCc1ccco1,0
CCOc1ccc(OCC)c(NC(=O)CSc2nc3c(c(=O)n(C)c(=O)n3C)n2C)c1,0
CCOC(=O)c1oc2ccccc2c1NC(=O)C1CCCCC1,0
CCCCN1C(=O)C(NC(C)=O)c2cc(Br)ccc21,0
COc1ccc(OC)c(C2NC(=O)NC(C)=C2C(=O)Nc2ccc(C)cc2C)c1,0
O=C(NCC1CCCO1)C(C(=O)c1ccccc1)n1cc(Cl)ccc1=O,0
Cc1cc(C(=O)CSc2nnnn2-c2ccc(Cl)cc2)c(C)n1CC1CCCO1,0
COc1cccc(CNc2nc3ccccc3n2CCN2CCCCC2)c1OC,0
Cc1cc(C(=O)OCc2nc3ccccc3s2)c(C)o1,0
COCCC/N=C(\c1ccco1)n1c(=S)nc(-c2ccco2)n(CCCOC)c1=S,0
COc1ccc(NC(=O)Nc2cccc(OC)c2)cc1,0
CN(CC(=O)N1CCN(c2ccc(F)cc2)CC1)S(=O)(=O)c1ccc(F)cc1,0
Cc1cc(NC(=O)CSc2nc(C(C)C)nc3sc4c(c23)CCCC4)no1,0
CC12CC(NC(=O)N1Cc1ccccc1)c1cc(Cl)ccc1O2,0
CCOC(=O)c1cccc(NC(=O)CSc2nnnn2CC)c1,0
O=C(NCc1cccc(C(F)(F)F)c1)C1CCN(c2ncccn2)CC1,0
CC(C)Oc1cccc(C(=O)Nc2ccc(N3CCN(S(C)(=O)=O)CC3)cc2)c1,0
COc1ccc(Cn2c(C3CC3)nc3ccc(NC(=O)c4ccco4)cc3c2=O)cc1,0
COC(=O)CSc1nnc2n(C3CCCCC3)c(=O)c3c4c(sc3n12)CCCC4,0
Cc1ccc(NC(=O)c2noc3c2CCCCC3)cc1C,0
COc1ccc(Br)cc1-c1nc(C)c(C(C)=O)n1O,0
COc1ccc(CC(=O)Nc2nc3ccccc3s2)cc1S(=O)(=O)N1CCOCC1,0
CCc1ccc(OC)c(S(=O)(=O)Nc2ccccc2C)c1,0
COc1cc2c(C(=O)N3CCN(c4ccccc4)CC3)c(C)oc2cc1Br,0
COc1cccc(OC)c1-c1nn2c(-c3cc(-c4ccccc4)n[nH]3)nnc2s1,0
Brc1ccc(-c2cn3cccnc3n2)cc1,0
COc1ccc(C)cc1NC(=O)CN(c1ccc(F)cc1)S(C)(=O)=O,0
COc1ccc2c(c1OC)C(=O)N(c1nccs1)C2,0
O=C(c1ccc(Cn2c(=O)[nH]c3ccccc3c2=O)cc1)N1CCN(c2ccccc2)CC1,0
COc1ccc2c(c1)c1ccccc1n2C,0
Cc1ccc(CN2C(=O)CCC2C(=O)NCCCN2CCCC(C)C2)cc1,0
Cc1cccc(CSc2nc(=O)cn[nH]2)c1,0
Cc1ccc(S(=O)(=O)N2C(=O)CCC2C(=O)Nc2ccc3c(c2)OCCO3)cc1,0
COc1ccc(S(=O)(=O)NC(CC(C)C)C(=O)O)cc1,0
N#Cc1ccc(CSc2nnc(-c3cccc(S(=O)(=O)N4CCCCC4)c3)o2)cc1,0
CCn1c(O)cc(=O)nc1SCC(=O)N1CCOCC1,0
CC(C)C(=O)N1CCN(c2ccccc2NC(=O)Cc2ccc(Cl)cc2)CC1,0
C=CCn1c(SCC(=O)Nc2nc(C)cs2)nnc1C(CO)NC(=O)c1ccccc1,0
CSC1=C(C#N)C(c2cccc(Br)c2)CC(=O)N1,0
O=C1CN(c2ccc(Br)cc2)C(=O)N1CC(=O)N1CCCc2ccccc21,0
Cc1ccc(C)c(-n2c(CNC(=O)c3ccco3)nnc2SCC(=O)Nc2nccs2)c1,0
CCOC(=O)N1CCC(Nc2nc3ccccc3nc2NS(=O)(=O)c2ccc(Cl)cc2)CC1,0
Cc1ccc(OC(=O)c2cccc(C(=O)Oc3ccc(C)cn3)n2)nc1,0
CC(=O)Nc1ccc(C(=O)Nc2ccc3c(c2)OCO3)cc1,0
CC(C)N(CCO)C(=O)C(c1ccccc1)c1ccccc1,0
O=C(Nc1ccccn1)c1cccc(S(=O)(=O)N2CCOCC2)c1,0
COc1ccc(NC(=O)c2ccccc2C)c(OC)c1,0
C=CCn1cc(Cl)c(=O)n(CC=C)c1=O,0
COc1ccc(Cl)cc1C(=O)CSc1nnnn1C1CCCC1,0
CCOC(=O)c1[nH]c2ccccc2c1NC(=O)C(CC)CC,0
COc1cccc(N2CCN(S(=O)(=O)c3ccc4nc(-c5ccccc5)[nH]c4c3)CC2)c1,0
CCOCCOC(=O)COc1ccc(N2C(=O)c3ccccc3C2=O)cc1,0
CCOC(=O)CSc1nnc(CNC(=O)c2cccs2)n1-c1cc(C)ccc1C,0
Cc1cccc(OCCc2nnc(N)s2)c1C,0
O=c1c2[nH]c3ccccc3c2ncn1C1CCCCC1,0
CCCCN1C(=O)c2ccccc2C1C(=O)NC1CCCC1,0
O=C1CN(C(=O)c2ccco2)C(c2ccc(F)cc2)c2cc(Cl)ccc2N1,0
COC(=O)C1CCN(C(=O)c2sc3nc(-c4ccc(F)cc4)cn3c2C)CC1,0
COC(=O)c1c(-c2ccc(F)cc2)noc1N,0
CCOc1ccc(NC(=O)C2CC(=O)N(C(C)C)C2)cc1,0
CC(C)CNC(=O)c1cc(-c2ccc(Br)cc2)on1,0
COc1ccc(Cc2nnc(SCC(=O)Nc3ncc(C)s3)o2)cc1,0
O=C(NCCCN1CCN(Cc2ccccc2)CC1)C1CCN(S(=O)(=O)N2CCCC2)CC1,0
CC(C)(C)C1CCc2onc(C(=O)Nc3ccc(F)cc3F)c2C1,0
COC1=C/C(=C(\S)N2CCCC2)C=CC1=O,0
CC(=O)NC1(C(F)(F)F)C(=O)NC(C)=C1C#N,0
CCOC(=O)c1ccc(N2C(=O)C3CC=CCC3C2=O)cc1,0
N#Cc1c(N)nc(SCC(=O)NCc2ccc3c(c2)OCO3)c(C#N)c1-c1cccs1,0
COc1ccccc1C(=O)NCCn1cc(SCC(=O)Nc2cc(C)on2)c2ccccc21,0
COc1ccc(C(=O)n2nc(-c3ccco3)nc2SC)cc1OC,0
CCOc1ccc(-n2c(=O)c3c(C)c(C)sc3n(CC(=O)NCc3ccco3)c2=O)cc1,0
Cc1nc(Nc2ccc3c(c2)OCCO3)c2oc3ccccc3c2n1,0
O=C(Cn1cnc2ccccc2c1=O)NCC(=O)N1CCC2(CC1)OCCO2,0
CCn1ncc(C2=NOC(C(=O)Nc3cnn(C45CC6CC(CC(C6)C4)C5)c3)C2)c1C,0
Cc1ccc(S(=O)(=O)Cn2nnnc2C(c2ccc(F)cc2)N2CCC(C(N)=O)CC2)cc1,0
COc1ccccc1-n1c(SCC(=O)NC(C)(C)C)nnc1-c1ccco1,0
COc1ccccc1N1CCN(c2nc3ccccc3nc2C(C#N)C(=O)OC(C)C)CC1,0
c1cc(-c2nc3ccccc3o2)nc(-c2nc3ccccc3o2)c1,0
COC(=O)c1ccc(-c2sc3nc(N4CCOCC4)c4c(c3c2N)CC(C)(C)OC4)o1,0
Cc1cc(C)c(C(=O)Nc2ccc(S(=O)(=O)Nc3onc(C)c3C)cc2)c(C)c1,0
CC(=O)Nc1c(-c2ccccc2)nc2ncccn12,0
CCCCn1c(C(C)NC(=O)CC)nc2ccccc21,0
CCOC(=O)c1csc(NC(=O)CSc2nnnn2-c2ccc(OC)cc2)n1,0
CNC(=O)NC1CCCc2ccccc21,0
CCCCN(C)C(=O)Cn1cnc2sc(C)cc2c1=O,0
Cc1cc(C)c(OCC(=O)Nc2nnn(C)n2)c(Br)c1,0
O=C(OCC(=O)N1CCN(c2ccccc2)CC1)C1=COCCO1,0
COc1ccc(-c2nnc(Nc3nc4c(OC)cccc4s3)o2)cc1,0
COc1ccc(N2C(=O)NC3CC2(C)Oc2ccc(Br)cc23)cc1OC,0
O=C(CC1CCCCC1)Nc1c2c(nn1-c1ccc(F)cc1)CS(=O)(=O)C2,0
CCC(Oc1ccccc1)C(=O)N1CCC(C(N)=O)CC1,0
CCOc1ccc(C2CC(=O)NC(SC)=C2C#N)cc1,0
CCOC(=O)c1cc(NC(=O)N2CCCc3ccccc32)c(C)nc1C,0
CC(=O)Nc1c(Cl)n(C(C)=O)c2ccccc12,0
Cc1ccc(S(=O)(=O)Cn2nnnc2C(C(C)C)N2CCN(Cc3ccco3)CC2)cc1,0
COC(=O)c1ccc(COC(=O)C23CC4CC(CC(O)(C4)C2)C3)o1,0
Cc1ccc(S(=O)(=O)N2CCN(C(=O)CCC(=O)OCC(=O)Nc3cccc(C#N)c3)CC2)cc1,0
CCn1c(SCC(=O)N2CCOCC2)nnc1-c1cccs1,0
Cc1nc2cc(NC(=O)Nc3ccc(N4CCOCC4)cc3)ccc2n1C,0
CC(=O)c1c(C)[nH]c(C(=O)CSc2nc3ccccc3c(=O)n2CCCN2CCOCC2)c1C,0
CCOC(=O)c1c(N)sc2c1CCC1C(=O)N(C3CCCCC3)C(=O)C21,0
OCCSc1nnc(Nc2ccccc2)s1,0
Cc1c(NC(=O)CSc2nnc(-c3cccc(Cl)c3)o2)c(=O)n(-c2ccccc2)n1C,0
O=C(c1ccccc1)n1c(=S)nc2ccccn21,0
Cc1cc(Cl)ccc1OCC(=O)NCCC(=O)O,0
CCOC(=O)CN(C(=O)Cn1nnc2ccccc21)C(C(=O)NCCOC)c1ccccc1,0
CCS(=O)(=O)c1ccc2oc(SCC(=O)NCCC3=CCCCC3)nc2c1,0
COc1ccc(C2CC(O)(C(C)(C)O)NO2)cc1,0
O=C(NC1=NCCS1)c1ccc(-c2ccc(Cl)cc2)o1,0
O=C(Nc1ccc(S(=O)(=O)N2CCCCC2)cc1)c1ccncc1,0
Cc1cc(C)cc(N(CC(=O)NCc2ccc3c(c2)OCO3)C(=O)CCC(=O)Nc2ccccn2)c1,0
Cc1cc(C(=O)N2CCN(Cc3ccc4c(c3)OCO4)CC2)cs1,0
Cn1c(=O)c(=O)n(C)c2cc(S(=O)(=O)N3CCC(Cc4ccccc4)CC3)ccc21,0
O=C(NCC1CCCO1)c1c(O)n2c3c(cccc3c1=O)CC2,0
Cc1ccc(OCc2nnc(SCC(=O)NCc3ccccc3)n2C)cc1,0
CCOC12NC(=O)CC(=O)N1C(c1ccccc1)=CS2,0
COc1cccc2cc(-c3csc(CCn4nc(C)cc4C)n3)c(=O)oc12,0
O=C(NCC1c2ccccc2CCN1C(=O)CN1CCOCC1)C1CCCCC1,0
CCC(=O)N(CCc1ccccc1C)Cc1cc2cc3c(cc2[nH]c1=O)OCO3,0
CC1(C)CC(=O)C2=C(C1)NC(=O)CC2c1ccc(N(CCC#N)CCC#N)cc1,0
CCc1nc(C)cn1S(=O)(=O)c1cc(Br)ccc1OC,0
CC(=O)Nc1ccc(C(=O)Nc2ccc(S(=O)(=O)N3CCCC3)cc2)cc1,0
Cc1ccc(-c2nc(-c3ccccc3)no2)c(Cl)c1,0
CCN(CC)C(=O)CN(c1ccc(F)c(Cl)c1)S(C)(=O)=O,0
CC(C)NS(=O)(=O)c1ccc(OCC(=O)N2CCN(Cc3ccccc3)CC2)c(Cl)c1,0
CC1CCCCN1C(=O)Cn1c(=O)n(CCC(=O)NCc2ccco2)c(=O)c2sccc21,0
CCOC(=O)N1CCN(c2c(NCCc3ccc(OC)c(OC)c3)c(=O)c2=O)CC1,0
Cn1c(SCC(=O)N2CCCC2)nc2ccccc2c1=O,0
O=C(NCc1ccco1)C1OCCc2ccccc21,0
O=C(CCC1COc2ccccc2O1)Nc1ccccn1,0
CC(=O)Nc1cccc(NC(=O)c2ccc(C)o2)c1,0
CN(Cc1ccccc1)C(=O)c1cc(-c2ccc(Br)cc2)on1,0
CCOC(=O)CCSc1nc(C)cc(C(F)(F)F)c1C#N,0
CCc1ccccc1N(C(=O)c1cccs1)C1C=CS(=O)(=O)C1,0
CCOC(=O)Nc1ccc(C)cc1Br,0
Cc1ccc(NC(=O)NC2=N/C(=C(/C#N)C(=O)N3CCCC3)c3ccccc32)cc1,0
O=C(Cn1nnc(-c2ccccc2)n1)OC1CCOC1=O,0
O=C1CCCN1CC(CN1CCOCC1)Sc1nc2ccccc2c(=O)n1-c1ccccc1,0
CCCCn1c(SCC(=O)NCCc2ccc(OC)c(OC)c2)nc2c1c(=O)n(C)c(=O)n2C,0
CCOC(=O)c1ccccc1NC(=O)c1cc2sccc2n1C,0
CC1CCN(C(=O)c2ccc(NS(C)(=O)=O)cc2)CC1,0
Cc1cc(NC(=O)c2ccc3nc(C)sc3c2)no1,0
COc1ccc(OC)c(NC(=O)CSc2nnc(-c3ccco3)n2-c2ccc(C(=O)O)cc2)c1,0
O=C(NC1=NCCS1)Nc1ccccc1,0
Clc1cc(NCc2cccs2)ccc1N1CCOCC1,0
CCc1nnc(NC(=O)c2cccc(S(=O)(=O)N3CCc4ccccc43)c2)s1,0
COc1ccccc1OCc1nc(C#N)c(NCc2ccco2)o1,0
CS(=O)(=O)N1CCC(C(=O)Nc2ccc(F)cc2F)CC1,0
CCN(CCCNC(=O)CCCn1c(=O)[nH]c2ccccc2c1=O)c1cccc(C)c1,0
CC1CC(NC(=O)CCn2c(=O)oc3ccccc32)CC(C)(C)C1,0
O=C(NC1CCCC1)C(c1ccncc1)N(Cc1cccs1)C(=O)c1csnn1,0
O=C(O)CSC1CC(=O)N(c2ccc(Cl)cc2)C1=O,0
Cn1c(O)c(C(=O)NC2CCCCCCC2)c(=O)c2ccccc21,0
O=C(c1ccc(CN2CCc3ccccc3C2)cc1)N1CCCCC1,0
CC(=O)N1CCN(C(=O)COc2ccc(Br)cc2)CC1,0
O=C(CCc1nc2ccccc2[nH]1)Nc1ccc2c(c1)OCO2,0
Cc1ccc(-c2nc(Nc3ccccc3)n[nH]2)cc1,0
COc1ccc(CCC(=O)Nc2ccc3c(c2)OCCO3)cc1,0
CC(=O)Nc1ccc2c(c1)nc(CCNC(=O)c1ccccc1)n2C,0
CN(CC(=O)N1CCC(Cc2ccccc2)CC1)S(=O)(=O)c1cnc[nH]1,0
O=C(NCC1CCS(=O)(=O)C1)Oc1ccccc1,0
CCN/C(O)=C1/C(=O)Nc2ccccc2C1=O,0
Cc1c(/N=C/c2ccc(-c3ccc(Cl)cc3)o2)c(=O)n(-c2ccccc2)n1C,0
COc1ccc2nc(NC(=O)c3ccoc3C)sc2c1,0
CCOC(=O)C(NC(=O)c1ccccc1)(N1CCOCC1)C(F)(F)F,0
O=C(CCc1ccccc1)Nc1ncc2c(n1)CCCC2=O,0
CC(C)Oc1snc(Cl)c1C(N)=O,0
CC(=O)c1ccc(N2C(=O)NC3(CCCCC3)C2=O)cc1,0
O=C(NCc1ccco1)c1ccc(S(=O)(=O)N2CCCc3ccccc32)cc1,0
Cc1nc(N2CCN(C(c3ccccc3)c3ccccc3)CC2)nc2c1C(=O)CCC2,0
Cc1cc(=O)oc(C)c1C(=O)Nc1ccc2nsnc2c1,0
COC(=O)c1[nH]c2ccc(C)cc2c1NC(=O)C(C)N1CCN(C2CCCCC2)CC1,0
CC1(C)CC(=O)C=C(NC2CCS(=O)(=O)C2)C1,0
CCN1CCN(C(=O)Cc2coc3cc(C)cc(C)c23)CC1,0
Cc1cc(C)nc(N(C#N)Cc2ccc(Br)cc2)n1,0
Cn1nnnc1SCC(=O)NCc1cccc(C(=O)O)c1,0
CNC(=O)CSc1nc2c(c(=O)n(C)c(=O)n2C)n1Cc1ccc(C)cc1,0
CCNCCN/C(O)=C1/C(=O)NC2=C(CCCC2)C1=O,0
Cc1occc1C(=O)NC(C)CCc1ccccc1,0
COc1cc2cc(C(c3nnnn3C3CCCC3)N3CCCCCC3)c(=O)[nH]c2cc1OC,0
CCOC(=O)c1c(C)[nH]c(C(=O)CN2CC(C)OC(C)C2)c1C,0
O=C(Nc1cccc(NC(=O)c2nccc3ccccc23)c1)c1ccco1,0
CN(C)C(=O)c1c(-c2ccccc2)oc2ccc(O)cc12,0
CCOC(=O)C1=C(C)N2C(=C(C#N)C1c1ccc(C(=O)OC)cc1)SCC2(O)C(C)(C)C,0
O=C(Cc1c(O)[nH]c2ccccc2c1=O)OC1CCCCC1,0
CN1C(=O)N(S(=O)(=O)c2ccc(F)c(F)c2F)C(=O)C1(C)C,0
COC(=O)C1=[N+]([O-])OC(C(=O)OC)C1c1c[nH]c2ccccc12,0
Cc1ccc(-n2nc3c(c2NC(=O)CCC2CCCCC2)CS(=O)C3)cc1,0
CCCOc1ccc(N2C(=O)CC(NCc3ccncc3)C2=O)cc1,0
Cn1c(SCC(=O)c2ccc3c(c2)OCO3)nnc1C1COc2ccccc2O1,0
CC(CCc1ccccc1)NC(=O)C1CCN(S(=O)(=O)N2CCCCC2)CC1,0
CC(C)NC(=O)Cn1c(SCC(=O)N2CCCCCC2)nc2ccccc21,0
CCOc1ccc(N(CC(=O)NC(C)CC)S(=O)(=O)c2c(C)noc2C)cc1,0
COc1ccc(CCn2c(NCc3ccco3)nc3c2c(=O)[nH]c(=O)n3C)cc1,0
Cc1cc(C)n(-c2ccc(C(=O)NCc3cccs3)cc2)n1,0
Cc1cc(=O)nc(SCc2nc3ncccn3c2Br)[nH]1,0
N#CC1=C(N)Oc2n[nH]c(-c3ccccc3)c2C1c1cccc(OC(=O)N2CCOCC2)c1,0
CC(=O)Nc1cc2c(cc1C(=O)c1ccc(C)cc1)OCCO2,0
Brc1ccc2c(c1)CNc1c(ncnc1N1CCOCC1)O2,0
COn1c(=O)c(-c2ccc(Cl)cc2)[n+]([O-])c2ccccc21,0
O=C(CCCCCN1C(=O)c2ccccc2C1=O)Nc1ccc(S(=O)(=O)N2CCCCC2)cc1,0
Cc1cc(C)c(C(=O)OCCNC(=O)c2cccnc2)cc1C,0
COc1cc(C(=O)Nc2cc(-c3ccccc3)[nH]n2)cc(OC)c1OC,0
O=C(NCCCN1CCCC1)C1CCC(=O)N1C1CCCCC1,0
CCOC(=O)c1sc(NC(=O)CSc2nnc(-c3ccc(OC)cc3)n2CCOC)nc1C,0
CC(C)(C)NC(=O)Cn1c(=O)oc2ccc(Cl)cc21,0
Cn1cc(/C(Cc2ccccc2)=N\O)c2ccccc21,0
COCc1nnc(NC(=O)c2ccc(S(=O)(=O)N3CCCCCC3)cc2)o1,0
COc1ccc(S(=O)(=O)CCC(=O)N2CC(=O)N(CCc3ccccc3)C(=O)C2)cc1,0
CCCCn1c(SCC(=O)Nc2cc(C)[nH]n2)nc2ccsc2c1=O,0
Cc1nn(-c2nc3ccccc3s2)c(N)c1-c1ccc(Cl)cc1,0
CN(CC(=O)N1CCN(c2ccccn2)CC1)S(=O)(=O)c1ccc(Br)cc1,0
COc1ccc(-c2nnn(CC(=O)N(CC(=O)NC3CCCC3)Cc3cccs3)n2)cc1OC,0
CCCc1[nH]nc2c1C(c1cccnc1)C(C#N)=C(N)O2,0
COc1cccc(OCCN2CCN(c3ncnc4c3cnn4-c3ccccc3)CC2)c1,0
Cc1ccc2cc(C)c(N3CCN(c4ccccn4)CC3)nc2c1,0
Cc1ccc(S(=O)(=O)N2CC(=O)Nc3ccccc32)cc1C,0
Cc1nc(=O)c(-c2ccccc2)c(C)n1-c1ccc(S(N)(=O)=O)cc1,0
Cc1c(=O)n(OCc2c(F)cccc2F)c2ccccc2[n+]1[O-],0
CC(C)c1nnc(NC(=O)C2CCN(c3nc4ccccc4s3)CC2)s1,0
CC(C)(C)n1nc2c(c1NC(=O)COc1ccc(Cl)cc1)CSC2,0
COC(=O)c1ccccc1N1C(=O)C2C3C=CC(C3)C2C1=O,0
COc1cc(NS(=O)(=O)c2ccc(NC(=O)COc3ccc(C)cc3)cc2)nc(OC)n1,0
Cc1cccc(OCc2nnc(SCc3nc(=O)c4ccccc4[nH]3)o2)c1,0
N#Cc1nc(Cc2ccccc2)oc1N1CCC(Cc2ccccc2)CC1,0
CCCC(=O)Nc1ccccc1NC(C)=O,0
O=C(O)CC(NC(=O)c1ccccc1NC(=O)c1ccccc1)C(=O)O,0
O=C(O)c1cccc(NS(=O)(=O)c2ccc3nnn(O)c3c2)c1,0
Cc1ccc(S(=O)(=O)N(C)CC(=O)N2CCN(c3ccccn3)CC2)cc1,0
Cc1noc(C)c1S(=O)(=O)N1CCCC(C(=O)NCCC2=CCCCC2)C1,0
Cc1cc(NC(=O)COC(=O)C(Nc2ccc(C(F)(F)F)cc2Cl)C(C)C)no1,0
O=C(NCc1cccs1)c1ccc(N2CCCCC2)nc1,0
O=S(=O)(c1cc(Cl)ccc1Cl)n1nnc2ccccc21,0
CC1=C(C)SC(=C(C#N)c2nnc(N3CCOCC3)n2-c2ccccc2)S1,0
CCOC(=O)C(CC)(CCC(=O)Nc1nncs1)C(=O)OCC,0
CCCCOC(=O)Nc1ccc(C(=O)OC)cc1,0
O=C(CCNS(=O)(=O)c1cccc2nsnc12)NCCc1ccccc1,0
CN(C)C(=O)N1CCCC(C(=O)NCc2ccccc2Cl)C1,0
CCCCN(CC)CCCNC(=O)CC1Nc2ccccc2NC1=O,0
COc1ccccc1Cn1c(=S)[nH]c2cc(C(=O)N3CCN(C)CC3)ccc2c1=O,0
NC1=C(c2nc3ccccc3s2)C(=O)CN1Cc1ccco1,0
CCn1cc(CN(C)C(=O)CSc2nc(-c3ccco3)cc(C(F)(F)F)n2)c(C)n1,0
COc1ccc(S(=O)(=O)NCc2ccco2)c2ccccc12,0
CCOC(=O)CNC(=O)CSc1nc2cccnc2n1C,0
CC(C)C(NC(=O)CNC(=O)OC(C)(C)C)C(=O)NCc1ccccc1,0
CCOc1cccc(N2C(=O)CC(=O)NC2=O)c1,0
Cc1ccc(-n2c(SCC(=O)NCc3ccco3)nc3nc4c(cc3c2=O)COC(C)(C)C4)cc1,0
Cc1nnc2sc(-c3ccncc3)nn12,0
COc1ccc(C2=NCC(=O)N(CC(=O)NCc3ccco3)c3sc4c(c32)CCCC4)cc1,0
CCOC(=O)C1CSC(CC(=O)Nc2ccc(Cl)cc2)C(=O)N1,0
COc1ccc(C2=NOC(C(=O)N3CCCCCC3)C2)cc1OC,0
O=C(c1ccc(Br)o1)N1CCN(c2ccccc2F)CC1,0
COCC(C)NC(=O)c1noc2c1CCc1cc(OC)ccc1-2,0
O=C(NCCc1ccccc1)C1CCCN1C(=O)NCc1ccccc1,0
N#Cc1c(NC(=O)CSc2nnnn2C2CCCC2)sc2c1CCCC2,0
Cc1ccc(C(=O)N2CCOCC2)cc1S(=O)(=O)Nc1cccc(C)c1C,0
CCN(CC)C(=O)c1csc(Nc2ccc(C)cc2)n1,0
COc1ccc(Br)cc1CNC(=O)CCc1nc(-c2ccccc2F)no1,0
CSCCC1NC(=O)NC1=O,0
O=C(c1cc2cc3ccc(Cl)cc3nc2o1)N1CCN(Cc2ccc3c(c2)OCO3)CC1,0
O=C(CCC1CCCC1)N1CCN(C(=O)COc2ccccc2)CC1,0
CC(C)C(=O)Nc1ccc(NC(=O)c2cccs2)cn1,0
CCc1nc(C)cn1S(=O)(=O)c1cc(C)c(OC)cc1C,0
CCOc1cc(CN2CCN(c3ccc(C(C)=O)cc3)CC2)ccc1OC,0
CCOC(=O)C1=C(C)OC(N)=C(C#N)C1c1c(C)nn(-c2ccc(C)cc2)c1Cl,0
O=C(Cn1nnc2c(cnn2-c2ccccc2)c1=O)NCc1cccs1,0
COc1ccc(Cc2nnc(SCC(=O)N3CCN(c4ccccc4)CC3)o2)cc1,0
O=C(c1ccc(NS(=O)(=O)c2cccc3cccnc23)cc1)N1CCOCC1,0
CNC(=O)NC(=O)CSc1cccc(C(F)(F)F)c1,0
Cc1ccc(-c2nnc(CSc3nnc4c5c(C)c(C)sc5nc(C(C)C)n34)o2)cc1,0
O=C(Cn1c(=O)oc2cc(S(=O)(=O)N3CCc4ccccc43)ccc21)NC1CCCC1,1
COC1=CC=C/C(=C2\N=C(NCc3ccco3)c3ccccc3N2)C1=O,0
CCOC(=O)CSC1=C(C#N)C(c2ccc(C)s2)CC(=O)N1,0
O=S1(=O)CC(O)C(N2CCC(c3ccccc3)CC2)C1,0
O=C1NC(=O)N(c2cccc(Cl)c2)C(=O)/C1=C\Nc1ccccn1,0
Cc1cccc(N2C(=O)C3C4C=CC(C4)C3(C)C2=O)c1,0
C=CCN1CC2CC3(COc4cc(C)cc(C)c4)C=CC2(O3)C1=O,0
CCOc1cccc(CN2CCN(c3cccc(C(F)(F)F)c3)CC2)c1O,0
Clc1ccccc1OCCn1ccnc1,0
Cc1ccc2cc(CN(C)C(=O)C3CCCO3)c(=O)[nH]c2c1,0
O=C(CN1CCN(CCO)CC1)Nc1ccc(Cl)cc1C(=O)c1ccccc1,0
CCOc1ccccc1-c1nc(-c2ccc(NC(=O)Cc3ccccc3OC)cc2)no1,0
Cn1cc(Cl)c(C(=O)N(Cc2ccccc2)c2ccccn2)n1,0
Cn1c(SCC(=O)N2CCOCC2)nc2cccnc21,0
O=C(CS(=O)CC(=O)Nc1cccc2c1CCCC2)Nc1ccc(F)cc1,0
Cc1ccc(C)c(N(CC(=O)NC2CCCC2)C(=O)CCCC(=O)Nc2ccccn2)c1,0
CC(=O)c1cc(F)c(N2CCN(C(=O)c3ccco3)CC2)cc1C,0
O=C(Nc1ccc2c(c1)OCO2)C1CCCN1C(=O)Nc1cccc(F)c1,0
CCCNC(=O)c1ccccc1NC(=O)CN(c1ccccc1OCC)S(C)(=O)=O,0
Cc1cc(NC(=O)CSc2nc(-c3cccs3)cc(C(F)(F)F)n2)no1,0
C=CCNc1ccc(F)c(F)c1N1CCCCCC1=O,0
O=C(CSc1ccc2c(c1)OCCO2)NCc1ccco1,0
O=C1NCCCc2c1oc1ccc(O)cc21,0
CC(C)c1nnc(N2C(=O)c3oc4ccccc4c(=O)c3C2c2ccco2)s1,0
CN(C)CCNc1oc(COc2ccc(Cl)cc2)nc1C#N,0
Cc1ccc(Cc2c(C)nc3nc(SCC(=O)NCc4ccco4)nn3c2C)cc1,0
Cn1c(SCc2ccccc2Cl)nnc1-c1cnccn1,0
O=C(Nc1cccc(Cl)c1N1CCCCC1)c1ccc2c(c1)OCCO2,0
COc1ccc(Br)cc1C(=O)Nc1cccc(NC(=O)c2ccco2)c1,0
CCCn1c(SCC(=O)Nc2sc(C)c(C)c2C(=O)OCC)nc2c1c(=O)n(C)c(=O)n2C,0
Cc1c(C(=O)Nc2nnc(C(F)(F)F)s2)oc2ccccc12,0
O=C(NCCN1CCOCC1)C1CCC(=O)N1Cc1ccccc1Cl,0
CCCOc1ccc(Cc2nn3c(=O)/c(=C/c4ccco4)sc3nc2=O)cc1,0
COc1ccc(OC)c(-c2cc(C(=O)Nc3c(C)nn(Cc4ccccc4C)c3C)no2)c1,0
CCN(C(=O)c1coc(=O)c(Br)c1)c1ccc2c(c1)OCO2,0
Cn1c(=O)c2[nH]c(CN(Cc3ccccc3)Cc3ccccc3)nc2n(C)c1=O,0
Cc1cc(NS(=O)(=O)c2ccc(Cl)cc2)nn1CC(=O)NCc1ccco1,0
O=C(Nc1cccc2nsnc12)c1ccc2c(c1)OCCO2,0
COc1cccc(C(=O)N(Cc2nc(-c3ccc(C)cc3)no2)C(C)C)c1,0
CC1(C)CC(n2[nH]c(=O)c3c2NC(=O)CSC3c2ccc(F)cc2)CCO1,0
Cc1cccc(-n2c(SCC(=O)Nc3nnc(C)s3)nnc2-c2ccoc2C)c1,0
Cc1ccc(Cl)cc1NC(=O)C1CCCN(S(=O)(=O)c2c(C)noc2C)C1,0
O=C1C2C3C=CC(C3)C2C(=O)N1c1ccc2c(c1)OCO2,0
CC1(C)CC(=O)C(=CNc2ncccc2C(=O)O)C(=O)C1,0
CC1(C)NC(=O)N(CCCCOc2ccc3c(c2)CCC3)C1=O,0
COc1ccc(C(=O)N2CCCN(C)CC2)cc1S(=O)(=O)N1CCCc2ccccc21,0
CCc1nnc(NC(=O)CSc2nnc(COc3ccccc3)n2-c2ccc(C)cc2)s1,0
Cc1nn(-c2ccc(C(=O)Nc3nnc(C4CC4)s3)cc2)c(C)c1Cl,0
O=C(Nc1cccc(C(F)(F)F)c1)c1cccnc1N1CCN(CCO)CC1,0
CCc1nn(C(C)C(=O)N2CCN(Cc3ccccc3)CC2)c(=O)c2cc3occc3n12,0
Cc1ccnc(N2C(=O)c3ccccc3C2Nc2cccc(C)c2C)c1,0
Cc1ccc(CCN2CC(C(=O)NCCCN3CCCCCC3)CC2=O)cc1,0
O=C(O)C1C2C=CC3(O2)C1C(=O)N1c2ccccc2COC13,0
COc1cc(NC(=O)COc2ccc(-n3cnnn3)cc2)c(OC)cc1Cl,0
COc1ccc2[nH]cc(CC/N=C3/SCC(=O)N3C)c2c1,0
O=C(NC1CCCC1)C1CCCN1C(=O)Nc1ccccc1Cl,0
CCOC(=O)CSc1nc2cc(OC)ccc2cc1C#N,0
N#CCSc1nnc(CNc2cccc(Cl)c2)o1,0
O=C1CC(C(=O)Nc2ccc(O)c(C(=O)O)c2)C(c2ccccc2)O1,0
CCOc1ccc(NC(=O)CSc2nnc(-c3ccccc3)n2N)cc1,0
COCCCn1c(-c2ccccc2Cl)n[nH]c1=S,0
CCOC(=O)c1c(-c2ccncc2)csc1N,0
Cc1onc(-c2ccccc2)c1C(=O)Nc1ccnn1C1CCCCC1,0
CC(C)(C)OC(=O)N1CCCC1c1nnc(SCc2ccccc2F)o1,0
Cc1nn(C(C)C(=O)N2CCCCC2)c(=O)c2c1sc1ccccc12,0
CCCC(=O)NCCc1cc2cc(C)c(C)cc2[nH]c1=O,0
COc1ccc(NC(C)=O)cc1NC(=O)CN1CCN(C2c3ccccc3-c3ccccc32)CC1,0
COc1ccc(C2(CNC(=O)c3ccc(Br)o3)CCOCC2)cc1,0
CCOC(=O)N1CCC(NC(=O)C(Cc2ccccc2)NC(=O)C2CCCCC2)CC1,0
O=C(Nc1nc(-c2ccccn2)cs1)C1CC1,0
Clc1ccc(CSc2nnc(-c3ccncc3)o2)cc1,0
Cc1nc2ccc(NC(=O)N3CCOCC3)cc2s1,0
O=C(CN(C(=O)c1ccco1)c1cccc(F)c1)NCc1ccc(F)cc1,0
Cc1cc2ccccc2nc1SCC(=O)N1CCCC1,0
O=C(NC1(C(F)(F)F)NC(=O)N(CC2CCCCC2)C1=O)c1ccco1,0
CCOC(=O)N1CCN(c2nc(=S)n(-c3ccccc3)c(C)c2C(C)=O)CC1,0
CCC(=O)N1c2ccc(S(=O)(=O)CCC(=O)N3CCN(c4ccccc4)CC3)cc2CC1C,0
COC(=O)C1=C(C)NC(=O)C1(Nc1nccs1)C(F)(F)F,0
CCOC(=O)C1CCN(c2c(NCCCN(CC)Cc3ccccc3)c(=O)c2=O)CC1,0
COc1ccc(CNC(=O)CSc2nnc(C)s2)cc1,0
CCC1CCCCN1C(=O)c1nn2cccnc2c1Cl,0
Cc1cccc(NC(=O)CS(=O)(=O)c2cn(C)c3ccccc23)c1,0
CC(C)(C)OC(=O)N1CCCC1c1nnc(SCc2ccccc2Cl)o1,0
CCc1nnc(NC(=O)CSc2nnc(COc3ccc(C)cc3)n2-c2ccccc2)s1,0
COc1ccc(NC(=O)C2CCN(C(=O)NC3CCCCC3)CC2)c(OC)c1,0
O=C(NCc1cn2ccccc2n1)c1cccs1,0
CC(C)(C)NC(=O)c1ccc(COCC(F)(F)F)o1,0
COc1ccc(OC)c(-n2cnc3cc(C(=O)O)ccc32)c1,0
COc1ccc(N2CCN(CCNC(=O)C3CC(=O)N(C4CCCC4)C3)CC2)cc1,0
Cc1c(C(=O)N2CCCC2)oc2c1-c1[nH]ncc1CC2,0
O=C(NC1CCCCC1)n1c(=O)oc2cc(S(=O)(=O)N3CCCCC3)ccc21,0
O=C(NCc1ccco1)c1cc2sccc2n1Cc1ccc(F)cc1,0
O=C(CCCCCn1c(=S)[nH]c2ccccc2c1=O)N1CCC2(CC1)OCCO2,0
O=C(O)CC1CCC(=C(Cl)Cl)C1,0
CCC(=O)NCCN1CCN(C(=O)CC)CC1,0
Cc1cc(C)c(C#N)c(N2CCN(Cc3ccc4c(c3)OCO4)CC2)n1,0
CC(C)Oc1cc2oc(=O)c3c(c2cc1Cl)CCC3,0
COc1ccc(-c2nsc3c(N4CCN(C(=O)c5ccco5)CC4)ncnc23)cc1,0
O=C(O)C1C2C=CC(C2)C1C(=O)Nc1ccc(C(=O)N2CCCCC2)cc1,0
O=C(C1CCCN1S(=O)(=O)c1ccc(Cl)cc1)N1CCOCC1,0
O=C(NCCN1CCOCC1)NC1(C(F)(F)F)Oc2ccccc2O1,0
O=C(NC1(C(F)(F)F)NC(=O)N(Cc2ccco2)C1=O)c1cccs1,0
CC1CCN(CCCNC(=O)C2CCC(=O)N2C2CCCC2)CC1,0
O=c1[nH]c(CSc2nnc(-c3ccco3)n2-c2ccccc2)nc2sc3c(c12)CCC3,0
COc1ccc(N(C)S(=O)(=O)c2cccc(C(=O)Nc3ccc(-n4cnnn4)cc3)c2)cc1,0
COc1ccccc1NC(=O)N1CCCC1C(=O)NCc1ccccc1,0
O=C(Nc1ccccc1C(=O)N1CCCC1)c1cccc(S(=O)(=O)N2CCCCCC2)c1,0
CN1CCN(C(=O)c2cc3c(ccc4ccccc43)oc2=O)CC1,0
CCOC(=O)C1=C(N)Oc2cc(C)oc(=O)c2C1c1cccnc1,0
O=C(c1ccc(S(=O)(=O)N2CCOCC2)cc1)N1CCN(c2ccccc2F)CC1,0
O=C1CC(c2ccccc2)CC(=O)C1=CNCc1ccco1,0
COc1ccccc1N1CCN(C(=O)Nc2cccc(C)c2)CC1,0
CN(CC(=O)N1CCN(c2ccccn2)CC1)S(=O)(=O)c1ccc2ccccc2c1,0
COc1ccc(NS(=O)(=O)c2cccc3cccnc23)cc1,0
CCOC(=O)Cn1c(=O)c2c(nc(Br)n2CC(=O)OCC)n(C)c1=O,0
Cc1cccc(N(CC(=O)NCc2ccc3c(c2)OCO3)C(=O)CCC(=O)Nc2ccccn2)c1,0
O=C(CSc1nc(Nc2ccccc2)nc(N2CCOCC2)n1)Nc1ccc2c(c1)OCCO2,0
CCOc1ccc(-n2nnnc2SCC(=O)c2ccccc2)cc1,0
CN1CCN(S(=O)(=O)c2cccc(C(=O)NC3CCCc4ccccc43)c2)CC1,0
O=C(NCc1cccs1)c1cc(-c2cccc(Cl)c2)on1,0
CSc1nc(-c2ccco2)nn1S(C)(=O)=O,0
COc1cc(NC(=O)c2ccc(Br)o2)ccc1NC(=O)C(C)C,0
CCCC(=O)Nc1cccn(Cc2ccccc2Br)c1=O,0
O=S(=O)(NCCc1ccncc1)c1ccc(S(=O)(=O)N2CCCCCC2)cc1,0
COc1cccc(CNc2ccc(Br)cn2)c1O,0
Cc1c(C(=O)NCC2CCCO2)oc2ccc(S(=O)(=O)N3CCCC3)cc12,0
O=C(NC12CC3CC(CC(C3)C1)C2)N1CCN(S(=O)(=O)c2ccc(Cl)cc2)CC1,0
Cc1c(NC(=O)C2CCCN2S(=O)(=O)c2ccccc2)c(=O)n(-c2ccccc2)n1C,0
CC(CCc1ccccc1)NC(=O)CSc1nccc(=O)[nH]1,0
O=C(O)CCCC(=O)Nc1c(F)c(F)c(F)c(F)c1F,0
CCC1Oc2ccccc2N(CC(=O)NCCCN2CCN(Cc3ccccc3)CC2)C1=O,0
COc1ccc(C)cc1-n1c(SCC(=O)Nc2cc(C)on2)nc2sc(C)c(C)c2c1=O,0
O=S(=O)(NCCSc1nnc(-c2ccco2)n1-c1ccccc1)c1ccccc1,0
COc1ccc(C(=O)Nc2cccc(C(=O)N3CCN(C)CC3)c2)cc1,0
C=C(C)CSc1nnc(-c2ccc(OC)c(OC)c2)n1N,0
O=C(NC1CCCC1)c1cnn2c(C(F)(F)F)cc(-c3ccc4c(c3)OCO4)nc12,0
Cc1cc(S(=O)(=O)Nc2ccccc2C(=O)O)ccc1Cl,0
Cc1cccc(CN(C)CCc2ccccn2)c1,0
Cc1nc2cc(C(=O)OCC(=O)N(CC(C)C)C3CCS(=O)(=O)C3)ccc2n1-c1ccccc1,0
c1ccc(-c2cnc(-c3cccnc3)o2)cc1,0
Cc1csc(OCc2ccc(C#N)cc2)n1,0
Cc1ccc2cc(C)c3nnc(SCC(=O)NCc4ccco4)n3c2c1,0
O=S1(=O)N=C(NCc2ccccc2)c2ccccc21,0
CCCn1c(N)c(Sc2ccc(Cl)cc2)c(=O)n(CCC)c1=O,0
Cc1nc(C)c(C(=O)C2=C(O)C(=O)N(CCN3CCOCC3)C2c2cccnc2)s1,0
O=C(OCc1ccccc1Cl)c1ccc(-n2cnnc2)cc1,0
CS(=O)(=O)N(CC(=O)N1CCN(c2ccccc2F)CC1)c1cc(C(F)(F)F)ccc1Cl,0
O=c1cc(N2CCN(Cc3ccccc3)CC2)[nH]c(=O)n1Cc1ccc(F)cc1,0
CCSc1nnc(NC(=O)c2cccc(OCc3c(C)noc3C)c2)s1,0
C=CCN(C(=O)Nc1ccc(Cl)cc1)C1CC(=O)N(c2ccc(OC)cc2)C1=O,0
Clc1cccc(-c2ccc(/C=N/n3cnnc3)o2)c1,0
O=C1CC(c2cccc(Cl)c2)Cc2nc(N3CCOCC3)ncc21,0
O=C(CN(Cc1cccs1)C(=O)CSc1nnc(COc2ccccc2)o1)NC1CCCC1,0
O=C(Nc1nc2c(s1)CCCC2)c1cccnc1,0
O=C(c1ccco1)N1CCCC(c2nc(-c3ccc(S(=O)(=O)NCc4ccccc4)cc3)no2)C1,0
COc1ccc(OC)c(S(=O)(=O)NCc2cn3c(C)csc3n2)c1,0
Cc1ccc(C)c(S(=O)(=O)n2cnc3ccccc32)c1,0
COCCNC(=O)C1CCCN(c2nn3c(=O)cc(C)nc3s2)C1,0
COC(=O)C1=C(N)Oc2cc(C)n(CC3CCCO3)c(=O)c2C1c1ccccc1,0
Cc1cc2c(c(=O)n1Cc1cccnc1)C(Cc1ccccc1)C(C#N)=C(N)O2,0
CCn1c(SCC(=O)c2ccc(Cl)cc2)nnc1-c1ccoc1C,0
CCOc1ccccc1-c1nc(C(N)=O)c2[nH]c(=O)n(-c3cccc(C)c3)c2n1,0
COc1cccc(Oc2ccc(N)cn2)c1,0
CCCC1CC(C)(C(=O)Cn2[nH]c(=O)ccc2=O)OC1=O,0
CCc1nc(SCc2ccccn2)c2c(=O)n(C)c(=O)n(C)c2n1,0
COc1cccc(N2CCN(Cc3cccc(Cl)c3)CC2)c1,0
O=C(Nc1ccc(S(=O)(=O)N2CCOCC2)cc1)c1ccco1,0
Cc1ccc(CNC(=O)c2ccc(Br)o2)cc1,0
O=C(CN1CCN(Cc2cccc(Cl)c2)C1=O)N1CCC2(CC1)OCCO2,0
O=C(CSc1cccc(C(F)(F)F)c1)N1CCN(S(=O)(=O)c2ccccc2)CC1,0
CCC(Sc1nc2cc3c(cc2c(=O)n1Cc1ccco1)OCO3)C(=O)Nc1ccccc1OC,0
COc1ccc(CNC(=O)c2noc3c2CCCC3)cc1,0
CCn1c(CN2CCCCCC2=O)nnc1SCc1cnc(-c2ccccc2)s1,0
COc1cc(C2NC(=O)NC(C)=C2C(=O)OC2CCCCC2)cc(Br)c1O,0
COc1ccc(NC(=O)C2CCCN2C(=O)NC2CCCCC2)cc1OC,0
Cn1cccc1Cc1nnc(SCC(=O)Nc2ccc3c(c2)OCO3)n1CCc1ccccc1,0
CC(C)C(=O)Nc1cccc(-c2nc3ccccc3o2)c1,0
COCC(=O)Nc1nnc(Cc2ccc(OC)c(OC)c2)s1,0
CCOCCCNC(=O)C1CCC(=O)N1CCc1ccccc1,0
CCOCCc1nnc(NC(=O)c2cc(OC)c(OC)c(OC)c2)s1,0
CCNC(=O)c1ccc(NS(=O)(=O)c2ccccc2)cc1,0
COc1cc(CC(=O)N2CCc3ccccc32)cc(OC)c1OC,0
CN(C)c1ccc(CN(C(=O)COc2ccc(F)cc2)C2CCS(=O)(=O)C2)cc1,0
COC(=O)CSc1nnc(C(Cc2ccccc2)NC(=O)OC(C)(C)C)o1,0
CC(=O)c1ccc(NC(=O)c2noc3c2CCCCC3)cc1,0
CC1CN=C(c2cccn2Cc2ccc(F)cc2Cl)O1,0
CN(c1cccc(NC(=O)Nc2cccc(Cl)c2)c1)S(C)(=O)=O,0
O=C(Nc1ccon1)c1cccc(C(F)(F)F)c1,0
COc1ccc(C(CNC(=O)c2ccc(-n3cnnn3)cc2)N2CCOCC2)cc1,0
Cc1c(Cl)cccc1NC(=O)CSCc1cc(=O)[nH][nH]1,0
COc1ccc(C2(O)CCN(Cc3nnnn3Cc3ccc(C)cc3)CC2)cc1,0
Cc1ccc2nc(C3CCN(CC(=O)Nc4ccc5c(c4)OCCO5)CC3)[nH]c2c1,0
Cc1cc(=O)oc(C)c1C(=O)NCC1CCCO1,0
Cn1c(NCc2cccc(Br)c2)nc2ccccc21,0
O=C(NCCC1=CCCCC1)C1CCN(S(=O)(=O)c2ccc(-n3cnnn3)cc2)CC1,0
COC(=O)c1c(C(C)=O)cnc2ccc(Br)cc12,0
CCOC(=O)c1c(N)n(CCN2CCCCC2)c2nc3ccccc3nc12,0
COc1ccc(NC(=O)c2ccc3c(c2)OCO3)cc1Cl,0
COc1ccc(N(CC(=O)NC(C)(C)C)C(=O)c2ccco2)cc1,0
Cn1c(=O)[nH]c(=O)c2c1nc(N1CCOCC1)n2CC(O)COc1ccccc1,0
COc1cc(CNCCO)ccc1OCC(=O)Nc1ccc(Br)cc1,0
COc1cc(C(=O)OCC(=O)Nc2c(F)c(F)c(F)c(F)c2F)cc(OC)c1OC,0
Cc1ccc(-n2c(SCC(=O)N3CCCC3)nc3c(c2=O)SCC3)cc1,0
CCn1c(=O)cc(OCC(=O)Nc2ccc(Cl)cn2)c2ccccc21,0
O=C(NCCSCc1ccco1)Nc1cccc(Cl)c1,0
CCOC(=O)CC(=O)CSc1nc2ccccc2c(=O)n1-c1ccc(C(=O)N2CCOCC2)cc1,0
Cc1ccc2c(c1)N(CCC(=O)NCc1ccccn1)C(=O)CO2,0
CCOc1ccc2[nH]c(=O)c(CN(CCO)C3(c4nnnn4C4CCCCC4)CCCCC3)cc2c1,0
COc1ccc(N2CCN(c3nc4c(c(=O)[nH]c(=O)n4C)n3CCCc3ccccc3)CC2)cc1,0
CCSC1=N/C(=C\c2ccc(C(=O)O)cc2)C(=O)S1,0
COc1ccc(CCNC(=O)c2ccc(CNc3c(N4CCOCC4)c(=O)c3=O)cc2)cc1OC,0
CCc1nnc(NC(=O)C2CCN(S(=O)(=O)Cc3ccccc3)CC2)s1,0
O=C(CCS(=O)(=O)c1cccc2nsnc12)N1CCN(C(=O)c2ccco2)CC1,0
COCCn1c(SCC(=O)N2CCCC2)nnc1C(C)C,0
CC1(C)CC(=O)c2sc(NC(=O)c3ccco3)nc2C1,0
CC1(C)CC(=O)C(=CNCCN2CCN(C(=O)Cc3ccccc3)CC2)C(=O)C1,0
CCn1c(-c2ccc(OC)c(OC)c2)n[nH]c1=S,0
COc1ccc(NC(=O)C2CCN(S(=O)(=O)c3ccc(C)cc3)CC2)cc1OC,0
O=C(Cn1cc2c(n1)CCCCC2)N1CCCCC1,0
CCOC(=O)N1CCN(c2c(N3CCC(N4CCCCC4)CC3)c(=O)c2=O)CC1,0
Cc1c(C(=O)OC2CCC(C)CC2)[nH]c2c1C(=O)CCC2,0
Cc1ccc(CCNC(=O)C2CCCN(c3nc4ccccc4o3)C2)cc1,0
CC(C)Sc1nc2n(-c3ccccc3)[nH]cc-2c(=O)n1,0
Cn1ccnc1SCC(=O)Nc1cccc(C(F)(F)F)c1,0
COc1ccc(-c2nc(C)sc2CC(=O)O)cc1,0
CCOC(=O)C(NC(C)=O)(Nc1cccc(F)c1)C(F)(F)F,0
O=C(Nc1ccc(SC(F)F)cc1)C1=COCCO1,0
C=CCn1c(SCc2cc(=O)n3ccsc3n2)nnc1C1CCCCC1,0
O=C(CSc1nnc(-c2cccnc2)n1Cc1ccco1)NCc1ccc2c(c1)OCO2,0
O=c1c2ccccc2nnn1Cc1ccccn1,0
COc1ccc(S(=O)(=O)N(C)CC(=O)NC2CCCC2)cc1Cl,0
O=C1CCCN1CCC1CCN(C2CC(=O)N(c3ccc(Cl)cc3)C2=O)CC1,0
Clc1ccc(OCc2nnc(SCc3nc4ccccc4[nH]3)n2Cc2ccco2)cc1,0
NC(=O)c1ccc(-c2ccc(Br)cc2)o1,0
CC(=O)c1ccccc1OC(=O)c1ccco1,0
Nc1nnc(-c2ccccc2Cl)s1,0
O=C(NCc1ccccc1)NC(Cc1ccccc1)C(=O)O,0
Cc1cccc(-n2c(SCC(=O)Nc3ccc4c(c3)OCO4)nnc2-c2ccoc2C)c1,0
COc1ccc(N2CCN(c3nc4c(c(=O)[nH]c(=O)n4C)n3Cc3cccc(C)c3)CC2)cc1,0
COc1ccccc1OCC(=O)Nc1ccc(S(=O)(=O)Nc2cc(C)nc(C)n2)cc1,0
O=C(CN1C(=O)CSc2ccccc21)NC1CCCC1,0
COc1cc2c(cc1OC)CN(Cc1nc(=O)c3sccc3[nH]1)CC2,0
Cc1ccc2c(c1)nnn2C1CCN(C(=O)NC23CC4CC(CC(C4)C2)C3)CC1,0
COc1ccc(-c2cc(C(=O)N3CCCc4ccccc43)no2)cc1OC,0
CCOc1ccc2nc(SCC(=O)N3CCCCCC3)c(C#N)cc2c1,0
COc1ccc(S(=O)(=O)NCC(=O)N(CC(=O)NCC2CCCO2)c2c(C)cccc2C)cc1,0
CCCc1ccc(S(=O)(=O)NCCc2ccncc2)cc1,0
O=C1C=C(NCC2CCCO2)CC(c2ccccc2)C1,0
O=c1cc(C(F)(F)F)c2sc(N3CCCCC3)nc2[nH]1,0
Clc1ccc(SCCCCn2ccnc2)cc1,0
CCN(CC)C(=O)CSc1nnc(C(NC(=O)OC(C)(C)C)C(C)C)o1,0
CCN1C(=O)N(C)C2(c3ccccc3)N(C)C(=O)N(C)C12c1ccccc1,0
Cc1cc2oc(=O)cc(CN3CCC(C)CC3)c2c(C)c1Cl,0
O=C(c1sc2ccccc2c1Cl)N1CCC2(CC1)OCCO2,0
Cn1c(=O)[nH]c(=O)c2c1nc(Sc1nc3ccccc3s1)n2Cc1ccccc1,0
CCOc1ccccc1C(=O)N(C)Cc1cc2cc(OC)ccc2[nH]c1=O,0
O=C(c1cccc(Cl)c1)N1CCN(C(=O)c2ccccc2F)CC1,0
Clc1ccccc1-c1nn2c(COc3ccccc3)nnc2s1,0
O=C(NC1CCCCCCC1)C1CCN(c2nc3ccccc3o2)CC1,0
CC(C)(C)c1ccc(OCC(=O)NCc2ccco2)c(Br)c1,0
CN1CCN(C(=O)c2ccccc2NC(=O)c2cccs2)CC1,0
Cn1cc(S(=O)(=O)CC(=O)NC2CCCCC2)c2ccccc21,0
Cc1cccc(NC(=O)N(Cc2nc(=O)c3ccccc3[nH]2)C2CCCC2)c1,0
O=C(CSc1n[nH]c(-c2ccncc2)n1)NCCc1ccccc1,0
O=C(CCCOc1ccccc1)Nc1nnc(C2CCCO2)s1,0
COc1ccccc1N(CC(O)CN1C(=O)NC(C)(C)C1=O)S(=O)(=O)c1ccc(C)cc1,0
Cn1c(SCC(=O)N2CCOCC2)nnc1-c1cccc(NC(=O)c2ccccc2F)c1,0
O=C(CSc1nnc(-c2cccnc2)n1Cc1ccccc1)N1CCOCC1,0
O=C(Nc1cnn(Cc2ccc(Cl)cc2)c1)C1CCCC1,0
O=C(CSc1ncccc1C(=O)O)NCCC1=CCCCC1,0
COc1cc(OC)cc(-n2nc(C(=O)N3CCC4(CC3)OCCO4)c3ccccc3c2=O)c1,0
COC(=O)CSC1=C(C#N)C(c2ccc(Cl)cc2)C(C(=O)OC)C(=O)N1,0
CCOC(=O)c1c(-c2ccc(C)o2)csc1NC(=O)CSc1nnnn1-c1ccccc1,0
CCn1c(SCC(=O)OCC(=O)N2c3ccccc3NC(=O)C2(C)C)nnc1-c1ccco1,0
COc1ccc(CCNC(=O)CN2CCN(c3cccc(Cl)c3)CC2)cc1OC,0
CCOc1ccc(C(=O)Nc2nncs2)cc1OCC,0
Cc1ccc(C(=O)NCc2ccc(Cl)cc2)o1,0
O=C(Nc1c2c(nn1-c1ccc(F)cc1)CSC2)c1ccc(S(=O)(=O)N2CCOCC2)cc1,0
CN(C)S(=O)(=O)c1cc(C(=O)NCCCn2ccc3ccccc32)ccc1Cl,0
CCCN1CCC(N2CCN(c3cccc(C(F)(F)F)c3)CC2)CC1,0
Cc1noc(C)c1COC(=O)CCCc1nc2ccccc2s1,0
N#Cc1nc(COc2ccc(F)cc2)oc1NCCN1CCOCC1,0
O=C(O)CCCC(=O)Nc1cccc2cccnc12,0
CCOCCn1c(SCc2cccc(C)c2)nc2c1c(=O)[nH]c(=O)n2C,0
COc1ccc(CNC(=O)CN2CCC(C(=O)c3ccc(OC)cc3)CC2)cc1,0
O=C1c2ccccc2N2C(=O)c3ccccc3C2N1O,0
CCOc1ccc(NC2c3ccccc3C(=O)N2Cc2ccco2)cc1,0
CC1CCc2c(sc3nc(SCc4nc(-c5ccccc5)no4)n(C)c(=O)c23)C1,0
O=C(NC1(C(F)(F)F)N=C2SCCN2C1=O)C1CCCCC1,0
COc1ccc(OC)c(C2C(C#N)=C(N)Oc3cc(C)[nH]c(=O)c32)c1,0
O=C(COc1ccc(Cl)cc1)N1CCN(C(=O)c2cccc(F)c2)CC1,0
Cn1c(C(=O)OC(C(=O)NC2CCCC2)c2ccncc2)cc2sccc21,0
Cc1nc(C)c(-c2csc(NCc3ccco3)n2)s1,0
CCOC(=O)C1CCN(C(=O)COc2cc(C)c(Br)cc2C)CC1,0
Cn1c(=O)c2c(nc(SC3C(=O)CC(C)(C)CC3=O)n2C)n(C)c1=O,0
O=C(Nc1ccc(F)cc1)c1cccnc1N1CCOCC1,0
COc1ccc(N2CCN(Cc3cc(=O)oc4cc5c(cc34)CCCC5)CC2)cc1,0
O=c1nc(CN2CCN(c3ccccc3Cl)CC2)[nH]c2ccsc12,0
COc1cccc(-c2cc(C(=O)NCCc3ccccc3)no2)c1,0
CC1CC(=O)N(CC(=O)N2CCCC2)c2ccccc2S1,0
CC1=CC(=O)/C(=C2/C=C(C(=O)Nc3c(C)n(C)n(-c4ccccc4)c3=O)NN2)C=C1,0
CC(C)(C)c1csc(NC(=O)Cn2c(=O)oc3ccccc32)n1,0
Cc1ccc(S(=O)(=O)c2c(N)n(/N=C/c3ccco3)c3nc4ccccc4nc23)cc1C,0
CC(C)(C)NC(=O)C(c1ccncc1)N(C(=O)CNC(=O)c1ccco1)c1ccc2c(c1)OCO2,0
C/C=C(\C)c1nnc(NC(=O)c2ccco2)s1,0
CC(=O)Nc1nc2ccccc2n1CCOc1ccccc1Cl,0
CCN(CCCNC(=O)CC(C(=O)N1CCc2ccccc21)n1ccnc1)c1cccc(C)c1,0
CCc1nnc(NC(=O)c2cccc(S(=O)(=O)N3CCN(c4ccccc4)CC3)c2)s1,0
O=C(NCCC1=CCCCC1)C1CCN(Cc2cnn(-c3ccccc3)c2-n2cccc2)CC1,0
COC(=O)C1=CNC=C(C(=O)OC)C1c1ccc(Cl)cc1,0
O=C(Cn1c(S(=O)(=O)Cc2ccccc2)nc2ccccc21)N1CCCCC1,0
O=C1C2C(C(=O)N1CC1CCCO1)C1C=CC2C12CC2,0
CCOC(=O)N1CCN(C(=O)CN(Cc2ccc(Cl)cc2)S(C)(=O)=O)CC1,0
O=C(CN1CCCCC1)Nc1cccc(Br)c1,0
COc1ccc(CCn2c(C)cc3c(c2=O)C(c2ccc4c(c2)OCO4)C(C#N)=C(N)O3)cc1OC,0
COC(=O)CN(c1nc(C)cc(OC)n1)S(=O)(=O)c1ccccc1,0
CCOC(=O)C1=C(N)N(c2ccccc2Oc2ccccc2)C(=O)C1,0
COc1ccc(OC)c(NC(=O)CCN2CCN(c3ccccc3)CC2)c1,0
CCCc1ccc(-c2ccc(F)c(N)c2)nc1,0
C/C=C/c1ccc(OCCCN2C(=O)NC(C)(C)C2=O)c(OC)c1,0
CCN(Cc1ccccc1)C(=O)Cn1c(=O)n(CC(=O)NCc2ccco2)c(=O)c2sccc21,0
CSc1nc(C)c2cc(C)oc2n1,0
CC(C)C(c1nnnn1C1CCCC1)N1CCN(c2ccccc2F)CC1,0
Cc1occc1-c1nnc(SCC(=O)N2CC(=O)Nc3ccccc32)n1CC(C)C,0
Cc1nn(-c2ccccc2)c2sc(C(=O)OCC(=O)N3CCCCC3)cc12,0
CN1C(=O)C2(OCC(COc3ccc(Cl)cc3)O2)c2ccccc21,0
CN(Cc1ccncc1)C1CC(=O)N(c2ccc(Cl)cc2)C1=O,0
Cc1ccc(OCc2nc(C#N)c(NCc3ccc4c(c3)OCO4)o2)cc1,0
Cc1cc(OCC(=O)Nc2ccncc2)ccc1Br,0
COC(=O)c1ccccc1S(=O)(=O)N(Cc1cc2ccc(OC)cc2[nH]c1=O)CC1CCCO1,0
CC(C)(CNS(=O)(=O)c1ccc(F)cc1)CNS(=O)(=O)c1ccc(F)cc1,0
Cc1cc(C)nc(SCC(=O)OCN2C(=O)c3ccccc3C2=O)n1,0
COc1ccc(Br)cc1C1CC(=O)N2CN(C)CSC2=C1C#N,0
O=c1[nH]c2cc3c(cc2cc1C(c1nnnn1C1CCCC1)N1CCSCC1)OCCO3,0
O=C(CN1CCN(C(=O)N2CCOCC2)CC1)Nc1ccc(Br)cc1,0
CCCNc1oc(-c2cccc3ccccc23)nc1C#N,0
CC1=C(C(=O)Nc2ccccc2C)C(c2ccc(C)o2)N2C(=O)CSC2=N1,0
CCCNC(=O)c1c[nH]c2ccc(S(=O)(=O)N(C)c3ccc(OCC)cc3)cc2c1=O,0
O=C1NCC(COCC2CC=CCC2)O1,0
Cc1ccc(S(=O)(=O)N2CCN(C(=O)CN3CCOCC3)C2C(C)C)cc1,0
CC(C)CC(NC(=O)Nc1cccc(Cl)c1)C(=O)O,0
COc1ccccc1N(C(=O)Cn1nnc2ccccc21)C(C(=O)NCc1ccco1)c1ccc(C)o1,0
CC12C=CC3(CN(Cc4ccccc4)C(=O)C3C1C(=O)NCc1ccco1)O2,0
Cc1ccc(S(=O)(=O)CCc2nnc(NC(=O)c3cnccn3)s2)cc1,0
Cn1nc(C(=O)Nc2ccc(S(=O)(=O)N3CCCCC3)cc2)ccc1=O,0
O=C(Nc1ccc2c(c1)OCO2)c1c(F)cccc1F,0
COc1ccc(-c2nnc3sc(-c4c(OC)cccc4OC)nn23)cc1,0
Cc1cccc(-c2nnc(SCC#N)n2-c2cccc(Cl)c2)c1,0
Cc1cccc(N(CC(N)=O)S(C)(=O)=O)c1C,0
c1ccc2c(c1)OCC(c1csc3ncnc(N4CCOCC4)c13)O2,0
O=C(CSc1nc2ccccc2n1CC(=O)N1CCCC1)Nc1ccc2c(c1)OCO2,0
CC(=O)Nc1ccc(Oc2cc(C#N)c(C#N)cc2N2CCCCCC2)cc1,0
CCOC(=O)C1CCCN(Cc2cc(Br)c(OC)cc2OC)C1,0
O=S1(=O)Nc2c(ccc3cccnc23)-c2ccccc21,0
CCOc1ccc(NC(=O)CSc2nccn2C)cc1,0
CC1(C)Cc2c(C#N)c(NCCc3ccccc3)nc(-c3ccco3)c2CO1,0
COc1cccc(-c2cc(C(F)(F)F)nc(N3CCOCC3)n2)c1,0
Cc1ccc(NCN2C(=O)C3C4C=CC(C4)C3C2=O)cc1,0
Cc1cc(C)c(C#N)c(SCC(=O)N(C)C2CCCCC2)n1,0
Cc1cc(=O)oc(C)c1C(=O)NCC1COc2ccccc2O1,0
CCN(c1ccccc1)S(=O)(=O)c1ccc(F)cc1C,0
COc1cccc(NC(=O)c2cc(C(=O)Nc3cccc(OC)c3)n(C)n2)c1,0
Cc1ccc(-c2oc3ncnc(N)c3c2-c2ccc(C)cc2)cc1,0
COCc1cc(C)nc(SCC(=O)Nc2cc3c(cc2C#N)OCO3)c1C#N,0
COc1ccc(C(=O)NCCc2c[nH]c3ccccc23)cc1S(=O)(=O)N1CCOCC1,0
CCNC(=O)CC1S/C(=N\c2ccccc2C)N(C)C1=O,0
COC(=O)c1cccc(NC(=O)c2cc3sccc3n2C)c1,0
CCCCOC(=O)CNc1n[nH]c(SCC(=O)OCC)nc1=O,0
COC(=O)c1ccccc1NC(=O)CSc1nnc(-c2ccncc2)o1,0
O=C(Nc1ccon1)c1cccc(S(=O)(=O)N2CCCC2)c1,0
COc1ccc(Cc2nn3c(-c4ccccc4Br)nnc3s2)cc1,0
Cc1n[nH]c(SCCc2ccccc2)nc1=O,0
O=S(=O)(Nc1cccc2ccccc12)N1CCCC1,0
COc1cc(SC)ccc1C(=O)NCC1CCCO1,0
CC(=O)NC(C)C(=O)OCC(=O)c1ccc(Cl)s1,0
Cc1nnc2sc(-c3ccco3)nn12,0
Cc1c(C(=O)N2CCC3(CC2)OCCO3)sc2ncnc(N3CCN(c4ccccn4)CC3)c12,0
CCCCC(=O)Nc1ncc2c(n1)CC(C)(C)CC2=O,0
Cc1ccc(-c2nc3ccccc3[nH]2)s1,0
COc1ccc(OC)c2sc(NC(=O)C3CC3)nc12,0
Cn1c(C(=O)N2CCN(c3ccc(Cl)cc3)CC2)cc2c(=O)[nH]c3ccccc3c21,0
CCOC(=O)N1CCN(C(=O)CN(c2ccc3c(c2)OCO3)S(C)(=O)=O)CC1,0
CCCc1cc(Nc2cccc(OCC)c2)n2ncnc2n1,0
FC(F)(F)c1cnc2c(c1)Nc1ccccc1S2,0
CC(C)=C1C2C=CC1C(C(=O)Nc1cc(C)ccc1C)C2C(=O)O,0
CSc1ccc(Cl)c(C(=O)OCC(=O)NCc2ccco2)c1,0
N#Cc1nc(-c2ccccc2Cl)oc1NCc1ccco1,0
CCN(CC)S(=O)(=O)c1ccc(-c2nnc(SCC(=O)N3CCOCC3)o2)cc1,0
Cc1ccc(CNC(=O)c2nnn(-c3cccc(C)c3)c2N)cc1,0
CCOC(=O)N1CCC(Nc2cccc(SC)c2)CC1,0
COC(=O)C1=C(C)NC(C)=C(C(=O)OC)C1c1cc2cc(C)ccc2[nH]c1=O,0
CC(NC(=O)Nc1ccc2c(c1)OCO2)C1CCCO1,0
Cc1ccc(OCc2nnc(SCC(=O)Nc3cc(C)on3)n2C)cc1,0
CCn1c(COc2ccccc2C)nnc1SCC(=O)N1CCCCC1,0
COc1cc(OC)cc(C(=O)Nn2cc(C(=O)N3CCN(C)CC3)c3ccccc3c2=O)c1,0
COC(=O)c1ccccc1NC(=O)N1c2ccccc2CC1C,0
Cc1cccc(-n2nc3c(c2NC(=O)c2ccc(Br)o2)CSC3)c1C,0
O=C(CN1C2CCCC1CC(NC(=O)c1ccco1)C2)Nc1ccccc1C(F)(F)F,0
O=C(Cn1nnc(-c2ccc3c(c2)OCO3)n1)NCc1ccco1,0
COC(=O)c1cc(C(=O)OC)cc(N2C(=O)CC(Sc3nc(C)cc(C)n3)C2=O)c1,0
O=S(=O)(NCCc1ccccn1)c1ccc(F)c(F)c1,0
COc1cc2cc(C(c3nnnn3C3CCCC3)N3CCc4ccccc43)c(=O)[nH]c2cc1OC,0
CCCCn1c(=O)[nH]c(=O)c2c1nc(CN1C(=O)c3ccccc3S1(=O)=O)n2CCC,0
C=CCn1c(SCCC(=O)O)nc2c1c(=O)n(C)c(=O)n2C,0
Cc1nc2oc(C(=O)c3ccc(Br)cc3)c(N)c2c2c1COC(C)(C)C2,0
COc1ccc(N2C(=O)CC(Sc3nc(C)c4c(n3)CCCC4)C2=O)cc1,0
CC(C)C(=O)/N=c1\sc2cc(F)cc(F)c2n1C,0
CSc1nc2ccccc2n1CC(=O)Nc1c(C)n(C)n(-c2ccccc2)c1=O,0
COCCn1c(SCC(=O)Nc2cccc(C(=O)OC)c2)nc2ccccc2c1=O,0
O=C(NCc1ccco1)c1ccc(Br)s1,0
Cc1cc(C)n(C(=O)CCNC(=O)c2ccccc2Br)n1,0
CCc1nc2scc(-c3ccccc3)c2c(=O)n1N,0
Cc1ccc(-c2cc(C(F)(F)F)n3nc(C(=O)N4CCCC4)cc3n2)cc1,0
O=C(CCCn1c(SCC(=O)NCC2CCCO2)nc2ccccc2c1=O)NCC1CCCO1,0
O=C(CCSc1nc2cc(Cl)ccc2o1)N1CCOCC1,0
CN(c1ccccc1)S(=O)(=O)c1cccc(C(=O)N2CCN(c3ccccn3)CC2)c1,0
O=C(CN1CCN(Cc2ccccc2Cl)C1=O)NC1CCCCCC1,0
O=C(NC1CCCCC1)C1CCN(c2nccs2)CC1,0
COc1ccc(Nc2ncnc3c2cnn3-c2cccc(C)c2)cc1OC,0
COC(=O)COc1cccc(NC(=O)c2ccccc2)c1,0
CCN(CC)S(=O)(=O)c1ccc2[nH]cc(C(=O)NCCc3ccccc3)c(=O)c2c1,0
CCCCCn1c(SCC#N)nc2cc(C(=O)NCC3CCCO3)ccc2c1=O,0
CN1CCN(c2ccccc2NS(=O)(=O)c2ccc3c(c2)CCN3C(=O)C2CCC2)CC1,0
O=C(c1cccnc1)N1CCCc2ccccc21,0
CC(C)CCn1cnc2c([nH]c3cccc(Cl)c32)c1=O,0
CS(=O)(=O)N(CC(=O)NCC1CCCO1)Cc1ccc(Cl)cc1,0
CCN(CC)C(=O)CSc1nc(=O)cc(O)n1-c1ccccc1OC,0
CCOc1cc(N2CCOCC2)c(OCC)cc1NC(=O)CN1CCc2ccccc2C1,0
Cc1cc2oc(=O)cc(CN3CCN(Cc4ccccc4)CC3)c2cc1Cl,0
O=C(NC1CCSC1=O)c1ccc(Cl)cc1,0
CCOC(=O)c1c(NC(=O)CSc2nnnn2-c2ccc3c(c2)OCO3)sc(C)c1C,0
COc1nc(-c2ccccc2)cc(C(F)(F)F)n1,0
COc1ccc(CSc2nc(=O)cc(C)[nH]2)cc1,0
COc1ccccc1N1CCN(C(=O)c2cc3cc(Br)ccc3oc2=O)CC1,0
COc1ccc(Cc2nc(-c3cccs3)no2)cc1OC,0
COc1ccc2cc(CCNC(=O)C3CC3)c(=O)[nH]c2c1,0
CN1CCN(c2ccccc2NC(=O)c2ccc(OCc3ccccc3)cc2)CC1,1
COc1cc2oc(=O)c(Br)c(C)c2c(OC)c1OC,0
N#Cc1ccccc1NC(=O)CSc1nccn1CCc1ccccc1,0
Brc1ccc(-c2csc(/N=C/N3CCOCC3)n2)cc1,0
CCOc1cc(C)c(Cl)cc1S(=O)(=O)N1CCCC1,0
O=C1Nc2ccc(NS(=O)(=O)c3cccs3)c3cccc1c23,0
Cc1ccc2[nH]c3c(=O)n(CCCN4CCOCC4)cnc3c2c1,0
O=C(Nc1nc2c(s1)CCCC2)C1COc2ccccc2O1,0
O=C(NCc1ccccc1)NC1(C(=O)N2CCN(c3ccccc3)CC2)CCCCC1,0
CC1CN(C(=O)CSc2ncnc3sccc23)CC(C)O1,0
Cc1ccc(N(CC(=O)NCc2cccnc2)S(C)(=O)=O)cc1C,0
C=CCSC1=C(C#N)C(c2ccccc2Cl)CC(=O)N1,0
CCOC(=O)C(NS(=O)(=O)c1ccc(Br)cc1)C(C)C,0
Cc1cc(NC(=O)CC23CC4CC(C2)CC(CC(=O)Nc2cc(C)on2)(C4)C3)no1,0
O=C(NCc1ccco1)c1csc(Nc2ccccc2Cl)n1,0
COc1cc(CO)cc(Br)c1OCC(=O)O,0
OC1CC(c2ccco2)NC2(CCCCC2)C1,0
O=C1c2cccnc2C(Nc2ccc(S(=O)(=O)N3CCCCCC3)cc2)N1Cc1ccccc1,0
O=C(CN(C(=O)Cn1nnc(-c2cccs2)n1)c1ccc2c(c1)OCCO2)NC1CCCCC1,0
Clc1ccc(OCCn2ccnc2)c2ccccc12,0
Cc1ccc(NC(=O)c2ccc(S(=O)(=O)N3CCCC3)cc2)cc1,0
O=c1c2ccccc2nc(SCc2cn3ccsc3n2)n1-c1ccccc1F,0
COc1cc(C2NC(=O)NC(C)=C2C(=O)OCC2CCCO2)ccc1O,0
O=C(NC(C(=O)c1ccccc1)n1cnccc1=O)c1ccccc1,0
CCn1c(C)c(C(C)=O)c(N2CCCCC2)nc1=S,0
O=C(NC1CC1)C1CCN(c2ccc(S(=O)(=O)N3CCOCC3)cc2)CC1,0
Brc1ccc(-c2nn3c(-c4ccccn4)nnc3s2)o1,0
COc1ccc2nc(NC3=NCCC3)sc2c1,0
CCN(C(=O)c1cc(Cl)ccc1OC)c1ccccc1,0
CC1=CC(C)C2C(=O)N(CCCN(C)C)C(=O)C2C1,0
Cc1ccc2oc(-c3ccccc3C(=O)O)cc(=O)c2c1,0
CCOc1ccc(-n2c(SCc3nc(-c4cccs4)no3)nnc2-c2ccncc2)cc1,0
O=C(O)c1ccc(NC(=O)C2C3CCC(C3)C2C(=O)O)cc1,0
O=C(O)COc1ccccc1Cc1ccccc1,0
CC(C)C(CCNC(=O)CN1C(=O)c2ccccc2C1=O)c1ccco1,0
O=C(Nc1cccnc1)c1cc2c(ccc3ccccc32)o1,0
Clc1ccc(NCc2nncn2-c2ccccc2)cc1,0
COc1cc(CO)cc(Br)c1OCC(=O)N1CCCCC1,0
O=S(=O)(/C=C/c1ccccc1)N1CCN(c2ccccc2)CC1,0
COc1ccc(C(C(=O)NC(C)(C)C)N(Cc2ccco2)C(=O)CCC(=O)Nc2cc(C)on2)cc1,0
CCN1C(=O)C2C(c3ccccc3F)NC(Cc3ccc(O)cc3)(C(=O)OC)C2C1=O,0
Cn1cc(Br)c(C(=O)NC2CCCCC2)n1,0
COc1ccc(OC)c(C2C(C(=O)c3cccs3)=C(O)C(=O)N2CCN(C)C)c1,0
Cc1ccc(C)c(N2CCN(C(=O)C3CCN(S(=O)(=O)c4cccc5nsnc45)CC3)CC2)c1,0
CN(C)CCNC(=O)c1cc2c(=O)n(C)c3ccccc3c2n1C,0
COc1nc(-c2ccc(C)cc2)ccc1-c1noc(-c2cccnc2)n1,0
Cc1ccc(S(=O)(=O)N2CCN(C(=O)c3c(C)nn(-c4ccccc4)c3Cl)CC2)cc1,0
COc1cccc2s/c(=N\C(=O)c3ccc(S(=O)(=O)N4CCOCC4)cc3)n(C)c12,0
Cc1cc(C)nc(N2C(=O)CC(C(C)c3ccccc3)C2=O)n1,0
Cc1cc(NC(=O)CSc2nc3sc4c(c3c(=O)n2C)CCCC4)no1,0
O=C(CSc1nc2ccc(Cl)cc2[nH]1)NCc1ccco1,0
Brc1ccc(-c2nc(-c3ccccn3)no2)o1,0
COc1ccc(S(=O)(=O)N2CCC(C(=O)N3CCCCCC3)CC2)cc1,0
COc1cc2c(cc1OC)CN(CC(=O)Nc1cccc(C)c1)CC2,0
COC(=O)c1ccc(CSc2nc3n(-c4ccc(C)c(C)c4)[nH]cc-3c(=O)n2)o1,0
O=c1[nH]c2ccsc2c(=O)n1-c1ccc(F)c(Cl)c1,0
CN1CCC(OC(=O)C23CCC(C)(C(=O)O2)C3(C)C)CC1,0
O=C1CC(c2ccco2)CC(Nc2ccccc2)=C1C(=O)Nc1ccccc1,0
O=C(CS(=O)(=O)c1cn(Cc2ccc(Cl)cc2)c2ccccc12)N1CCCC1,0
O=C(NC1CCCC1)C(c1cccs1)N(C(=O)c1ccco1)c1ccc2c(c1)OCCO2,0
C=CCSc1nc2n(-c3ccc(C)c(C)c3)[nH]cc-2c(=O)n1,0
O=S(=O)(Nc1ccc2nc(-c3ccco3)[nH]c2c1)c1ccccc1,0
COc1ccc(OCC(=O)Nc2ncc3c(n2)CC(C)(C)CC3=O)cc1,0
Oc1c(CN2CCCCC2)cc(Br)c2cccnc12,0
CCOC(=O)c1c(C)[nH]c(C)c1C(=O)COC(=O)CCOc1ccccc1OC,0
CCCCOC(=O)c1ccc(NC(=O)c2ccoc2C)cc1,0
Cc1cc(C)n(-c2nc3ccccc3nc2Nc2ccc3c(c2)OCO3)n1,0
Cc1cccc(NC(=O)c2ccccc2OCC(=O)N2CCOCC2)c1C,0
Clc1ccccc1OCCCCn1ccnc1,0
O=C1CC(C(=O)Nc2ccccc2C(=O)O)C(c2ccccc2)O1,0
CSCCC(NC(=O)Nc1cccc(C(F)(F)F)c1)C(=O)O,0
CC(=O)Nc1ccc(NC(=O)c2oc3cc(C)c(C)cc3c2C)cc1,0
OC(COc1ccccc1)Cn1cc(Br)cn1,0
Cc1cc2cc(CN(Cc3nnnn3C3CCCCC3)CC3CCCO3)c(=O)[nH]c2cc1C,0
CCC(CC)C(=O)NCc1ccccc1Cl,0
CSCCC(NC(=O)COc1ccccc1)C(=O)N1CCN(c2ccccc2F)CC1,0
Cc1ccc(Oc2ccc(S(=O)(=O)N3CCOCC3)cc2C(N)=O)c(-n2nc3ccccc3n2)c1,0
CCOC(=O)CN1CC23C=CC(O2)C(C(=O)Nc2ccc(F)cc2)C3C1=O,0
CCN(CC)c1ccc(CN(C(=O)c2ccco2)C2CCS(=O)(=O)C2)cc1,0
CCN(CCCNC(=O)C1CCN(S(=O)(=O)N2CCOCC2)CC1)c1cccc(C)c1,0
CCCN1CCN(CCCNC(=O)Cn2nc(-c3ccccc3)ccc2=O)CC1,0
COc1ccc(/C=N/n2cncn2)cc1CSc1ccccn1,0
O=C(O)c1ccc(CS(=O)(=O)c2cccc(C(F)(F)F)c2)o1,0
CCOC(=O)C1CCCN(CC(=O)Nc2c(C(=O)OC)[nH]c3ccc(Br)cc23)C1,0
CCN(CC)CCCN1C(=O)C(O)=C(C(=O)c2cc3cccc(OC)c3o2)C1c1ccncc1,0
CC(=O)Nc1nc(COc2ccccc2)cs1,0
Cc1noc(NS(=O)(=O)c2ccc(NC(=O)COc3ccccc3)cc2)c1C,0
O=C(Nc1cccc(Br)c1)c1cc2ccccc2o1,0
O=C(c1cnn2c(C(F)(F)F)cc(-c3ccc4c(c3)OCO4)nc12)N1CCCC1,0
Nc1ccc(Sc2nnnn2-c2ccccc2)c(Cl)c1,0
CCOc1ccc2nc(NC(=O)c3ccoc3C)sc2c1,0
O=C(NC(Cc1ccccc1)C(=O)O)c1ccc(S(=O)(=O)N2CCCC2)cc1,0
Cn1cc(C(=O)NCCc2ccccc2)c(=O)c2cc(S(=O)(=O)N3CCOCC3)ccc21,0
COc1ccc(Cl)cc1S(=O)(=O)n1cnc2ccccc21,0
Cn1c(=O)c2c(nc(CN3CCc4ccccc4C3)n2Cc2ccccc2)n(C)c1=O,0
Cc1ccc2c(SCC(=O)NCc3ccco3)nc(-c3ccc(F)cc3)nc2c1,0
CC(=O)C1=C(C)NC(=O)NC1c1cc(Br)ccc1OCC(N)=O,0
CC(/C=C/c1ccccc1)=N\O,0
O=C(O)CCC(=O)N(Cc1cccnc1)Cc1cccc(F)c1,0
CN(C(=O)COc1ccccc1)c1nnc(-c2cccnc2)s1,0
COc1cc2nc(C3CC3)n(NC(=O)c3ccc(Cl)cc3)c(=O)c2cc1OC,0
COc1ccccc1NC(=O)c1[nH]c(C)c(C(C)=O)c1C,0
Cc1cc2c(c(=O)n1Cc1cccnc1)C(c1ccccc1)C(C#N)=C(N)O2,0
Cc1ccc(CSc2nc(=O)c3c([nH]2)CCC3)cc1,0
COc1cccc(N2CCN(CC(=O)c3c[nH]c4ccc(OC)cc34)CC2C)c1,0
COC(=O)c1oc2ccccc2c1NC(=O)CN1CCCC1,0
CC(C)Cn1c(-c2ccc(Cl)cc2)cnc1SCC(=O)N1CCOCC1,0
O=C(NCC(c1cccnc1)N1CCN(c2ccc(F)cc2)CC1)c1ccc2c(c1)OCO2,0
Cc1nn(Cc2ccc(C(=O)Nc3ccc(C(=O)OC(C)C)cc3)o2)c(C)c1Cl,0
O=C(Cc1ccccc1)Nc1nnc(-c2ccco2)s1,0
CCC(NS(=O)(=O)c1ccc(C)cc1)C(=O)Nc1ccc(NC(C)=O)cc1,0
CCOc1cccc2cc(-c3cn4cc(C)ccc4n3)c(=O)oc12,0
Cc1cccc(NCc2ccccc2O)c1,0
COc1ccc(C)cc1NC(=O)NC1CCN(Cc2ccccc2)CC1,0
Cc1csc(NC(=O)CCC(=O)N(CC(=O)NC2CCCC2)Cc2ccco2)n1,0
NC(=O)CCn1nc(-c2ccc(Cl)cc2)c2ccccc2c1=O,0
CCc1ccc2nc(NC(=O)c3cc(C)on3)sc2c1,0
CCOc1cc(CN2CCCCC2)ccc1OC,0
COc1ccc(N2CCN(C(=O)CSc3ccccc3N)CC2)cc1,0
O=C(Oc1ccccc1)c1ccc(COC(=O)c2cnccn2)cc1,0
CC(C)COC(=O)Cn1cnc2ccc(Br)cc2c1=O,0
O=S(=O)(N1CCCCC1)n1c(Cc2ccccc2)nc2ccccc21,0
O=C(Nc1cnc2ccccn2c1=O)c1ccc(F)cc1,0
O=C(COc1ccc2c3c(c(=O)oc2c1)CCC3)NC1CCCCC1,0
CNC(=O)c1ccccc1NC(=O)c1ccc(C)c(S(=O)(=O)N2CCCCC2)c1,0
CSc1nnc(-c2ccc(S(=O)(=O)N3CCCC3)cc2)n1C,0
O=C(Nc1nnc(COc2ccc(Cl)cc2)s1)C1CCCO1,0
CCS(=O)(=O)N1CCC(C(=O)NCCc2ccc(C)cc2)CC1,0
CC1(C)C(=O)NCCN1C(=O)CSc1nccc(-c2ccc(Br)cc2)n1,0
COc1ccc(NC(=O)c2ccc(CN3CCN(c4ccccc4)CC3)cc2)cc1,0
C=CCn1c(=N)c(C(=O)NCCCOC)cc2c(=O)n3ccccc3nc21,0
COc1ccc(C(=O)CSc2nnc(C(CO)NC(=O)c3ccc(OC)cc3)n2C)cc1,0
CCCCCOC(=O)Cc1c(O)[nH]c2ccccc2c1=O,0
O=C(NCCc1ccccc1)c1cc2ncc(Br)cn2n1,0
CC1(C)CC(=O)C(=CNc2ccc3c(c2)OCO3)C(=O)C1,0
CCN(CC)c1ccc(NC(=O)c2cccc(C)c2OC)c(C)c1,0
CN(C)CCCN1C(=O)C(O)=C(C(=O)c2cc3ccccc3o2)C1c1ccccn1,0
O=C(NCc1ccccc1)c1cnc2n(c1=O)CCS2,0
Cc1cc(CNC(=O)Cc2c(F)cccc2Cl)nn1C,0
O=C1NC(=O)N(c2cccc(Cl)c2)C(=O)/C1=C\NCCCN1CCOCC1,0
CCOC(=O)c1[nH]c2ccc(OC)cc2c1NC(=O)CN1CCN(c2ccccn2)CC1,0
Cc1ccc(Cl)cc1NC(=O)Cn1cccc1,0
CCOC(=O)c1ccc(NC(=O)CSc2nnc(C)n2-c2ccccc2)cc1,0
COC(=O)c1ccc(-c2sc3nc(N4CCOCC4)c4c(c3c2N)CCCC4)o1,0
COCCNc1oc(-c2ccc(Cl)cc2)nc1C#N,0
CCOC(=O)N1CCN(c2nc(-c3ccc(OC)cc3)no2)CC1,0
Cc1c(C(=O)NCCc2ccccc2)oc2ccc(S(=O)(=O)N3CCOCC3)cc12,0
CCOC(=O)N(CC)c1ccc(C(O)(C(=O)OCC)C(F)(F)F)cc1,0
CC(=O)N1CCN(CC(O)COc2ccc(OCc3ccccc3)cc2)CC1,0
S=c1nc2ccccc2c2nc(-c3ccccc3)[nH]n12,0
CCCOC(=O)C1=C(C)NC2=C(C(=O)CC(C)(C)C2)C1c1ccc(N(C)C)cc1,0
O=C(Nc1cccc(-c2nnc(-c3ccccc3)o2)c1)C1CCCCC1,0
COC(=O)C1C(=O)CC(C)(O)C(C(=O)OC)C1c1ccccc1F,0
COc1cc(OC)cc(-c2nc(-c3ccc(Br)cc3)no2)c1,0
CCOC(=O)c1[nH]c2ccccc2c1NC(=O)c1ccco1,0
Cc1cc(C(F)(F)F)c2c(=O)[nH]c(=O)n(Cc3ccccc3)c2n1,0
COc1ccc(NC(=O)CN2CCN(C3c4ccccc4-c4ccccc43)CC2)c(OC)c1,0
CC1CCN(C(=O)CSc2nnc(CNC(=O)COc3ccc(Cl)cc3)o2)CC1,0
CCn1c(SCC(=O)Nc2ccc(NC(=O)c3ccco3)c(OC)c2)nc2ccccc2c1=O,0
COc1cccc(N(C(=O)c2ccn[nH]2)C2(C(=O)Nc3c(C)cccc3C)CCCCC2)c1,0
Cc1ccc(N2CC(C(=O)N3CCCc4ccccc43)CC2=O)cc1,0
O=C(CCS(=O)(=O)Cc1ccccc1F)NCCCN1CCCCC1,0
CC(C)CCNC(=O)CCCOc1cc(=O)n(C)c2ccccc12,0
O=C(Nc1ccc(Br)cn1)c1ccc2nccnc2c1,0
Cc1ccc(-n2nc3c(c2NC(=O)c2ccc(OC(C)C)cc2)CS(=O)C3)cc1,0
CCS(=O)(=O)NCc1cn2ccsc2n1,0
CN(C)C(=O)CN(C)S(=O)(=O)c1ccc(Cl)cc1,0
CC(=O)NCC(=O)N(Cc1ccco1)C1(C(=O)NC2CCCCC2)CCCCC1,0
Cc1cc(C)n(Cc2ccccc2Cl)n1,0
O=C(O)C1C2C=CC(C2)C1C(=O)N1CCOCC1,0
Cc1cc2cc(CNC(=O)c3ccc(S(=O)(=O)N4CCCCC4)cc3)ccc2n1C,0
C/C(N)=N\S(=O)(=O)c1ccc(Cl)cc1,0
COc1ccc(-c2c(C#N)c(SCc3c(C)noc3C)nc3c2C(=O)CC(C)(C)C3)cc1,0
COc1ccc(C2SCC(=O)Nc3c2c(=O)[nH]n3C2CCCCCC2)cc1,0
COc1ccc(-c2noc(CCC(=O)NCCCN3CCC(Cc4ccccc4)CC3)n2)cc1,0
CCN(CC)S(=O)(=O)c1cc(-c2nnc(-c3ccc(Br)cc3)o2)ccc1Cl,0
CC(C)C(=O)N(Cc1cc(=O)[nH]c2ccccc12)c1ccccc1,0
Cc1c(Br)c(=O)[nH]c(=O)n1COCc1ccccc1,0
Cc1cc(C(F)(F)F)nc(NCc2cccnc2)n1,0
CCC(C)NS(=O)(=O)c1ccc(NC(=O)c2c(-c3ccccc3)noc2C)cc1,0
O=C(Nc1ccc2c(c1)OCO2)NC1CCN(Cc2ccccc2)CC1,0
COc1cc(OC)c(NC(=O)CCc2nc(-c3cccs3)no2)cc1Cl,0
O=C(c1ccccc1)N(CCN1CCOCC1)C1(C(=O)Nc2ccccc2)CCCCC1,0
NC(=O)NC(=O)CSc1cccc(C(F)(F)F)c1,0
CC(=O)NC(C)C12CC3CC(CC(CC(=O)O)(C3)C1)C2,0
CCOC(=O)c1cccc(NC(=O)C2CCCO2)c1,0
CC(C)C(OC(=O)c1cc2occc2n1C)C(=O)NCc1ccc2c(c1)OCO2,0
CC1(C)Cc2c(c(=S)nc(-c3ccccc3)n2CCO)CO1,0
CC(C)N(CCNC(=O)C1CCN(S(=O)(=O)N2CCOCC2)CC1)Cc1ccccc1,0
CC(C)C(NS(=O)(=O)c1ccc2c3c(cccc13)C(=O)N2)C(=O)O,0
COc1cccc(-n2c(SCC(=O)N3CCOCC3)nc3c([nH]c4ccccc43)c2=O)c1,0
Cc1ccc(NC(=O)c2ccco2)cc1C,0
O=C(NC1CCCC1)NS(=O)(=O)c1ccccc1Cl,0
Cc1ccc(CCNC(=O)C2CCN(C(=O)c3sccc3-n3cccc3)CC2)cc1,0
C=CCNC(=O)c1ccccc1NC(=O)C1CC(=O)N(c2ccc(Cl)cc2)C1,0
CCOC(=O)N1CCN(C(=O)c2ccccc2N(C)S(C)(=O)=O)CC1,0
COc1ccc(-c2cc(C(=O)NCCN3CCOCC3)c3ccccc3n2)cc1,0
Cc1ccc2oc(=O)c3cnn(CC(=O)N4CCN(c5ccccn5)CC4)c3c2c1,0
CCCC/N=c1\sc(C(=O)OC)cc(=O)n1CCCC,0
COc1cccc(CN2CCN(CC(=O)Nc3ccccc3Cl)CC2)c1,0
CCOC(=O)c1cnn2c(C(F)(F)F)cc(-c3ccco3)nc12,0
CC1CCCC(NC(=O)c2n[nH]c(=O)c3ccccc23)C1C,0
O=C(Nc1cccc(F)c1)C1CCCN1S(=O)(=O)c1cccc2cccnc12,0
CCOc1cc(C(=O)O)cc(Cl)c1OCC#N,0
COC(=O)CN(c1cccc(OC)c1)S(C)(=O)=O,0
Cc1nnc(Sc2nc3ccccc3o2)c2ccccc12,0
CCC(=O)c1cc2c(cc1NC(=O)c1cccs1)OCCO2,0
CCCC(=O)c1ccc(N2CCN(S(=O)(=O)c3ccc(C)cc3)CC2)c(F)c1,0
Cc1ccc(N(C(C)C(=O)N2CCCCC2)S(C)(=O)=O)cc1C,0
O=C(NCC(c1cccnc1)N1CCN(c2ccc(F)cc2)CC1)OCc1ccccc1,0
COc1ccccc1CNC(=O)CCS(=O)(=O)c1ccc2c(c1)CCCN2C(C)=O,0
COCC(=O)Nc1cc(OC)c(Cl)cc1OC,0
CCCOc1ccc(OC(=O)c2ccc(Br)o2)cc1,0
Cc1nc(Nc2ncc3c(n2)CC(C)(C)CC3=O)nc2ccccc12,0
COC(=O)c1cc(COc2cc(C)cc3oc(=O)c4c(c23)CCC4)c(C)o1,0
Cn1c(COc2ccccc2)nnc1SCC(=O)NCc1ccccc1,0
Cc1cc(C)cc(NC(=O)CSc2nnc(-c3ccccc3C)o2)c1,0
O=C1C2ON(c3ccccc3)C(c3ccccn3)C2C(=O)N1c1ccc(Br)cc1,0
Cc1ccccc1-n1nc2c(c1NC(=O)c1c(-c3ccccc3Cl)noc1C)CS(=O)(=O)C2,0
O=c1c2ccccc2nc(SCc2nnc(-c3ccccc3Br)o2)n1-c1ccccc1,0
COc1ccc(S(=O)(=O)NCc2ccc(C(=O)N3CCN(c4ccccn4)CC3)cc2)cc1,0
O=C(O)c1ccc(COCC(F)(F)F)cc1,0
CCOC(=O)Cc1nnc(NC(=O)c2ccccc2OCC)s1,0
CSCCC(N/C=C1\C(=O)NC(=O)N(c2ccc(F)cc2)C1=O)C(=O)O,0
CCOC(=O)c1sc(NC(=O)CSc2nnc3c4ccccc4n(C(C)C)c3n2)nc1C,0
CC(C)C1NC2(C(=O)c3ccccc3C2=O)C2C(=O)N(c3ccc(F)cc3)C(=O)C12,0
CC(=O)c1c(C)nn(CC(O)COc2ccc3c(c2)CCC3)c1C,0
CCOc1ccccc1N(CC(=O)NC1CCCC1)C(=O)CCC(=O)Nc1cc(C)on1,0
COc1ccc(Cl)cc1NC(=O)c1c(-c2ccccc2)noc1C,0
O=C(c1csc2c1CCCCC2)N1CCN(c2ncccn2)CC1,0
CCc1c(C(=O)Nc2cc(C)ccc2OC)[nH]c(C)c1C(C)=O,0
C=CCn1c2ccccc2c2nnc(SC(CC)C(=O)Nc3nc(C)c(C(=O)OCC)s3)nc21,0
O=C(OCc1ccc(F)cc1Cl)c1ccccn1,0
CC1Oc2ccccc2N(CC(=O)N2CCCc3ccccc32)C1=O,0
CCCCCOc1ccc(C(=O)N(Cc2ccco2)C2CCS(=O)(=O)C2)cc1,0
O=C(c1ccccc1-c1ccccc1)N1CCCC1,0
COc1ccc(-c2ccc(S(=O)(=O)N3CCOCC3)cc2)cc1,0
CCC(NC(=O)c1ccccc1NC(=O)c1ccco1)C(=O)NC1CCCCC1,0
Cn1c(=O)c2cn(-c3cccc4ccccc34)cc2n(C)c1=O,0
CC(C)(C)NC(=O)c1cccc(NC(=O)c2ccc(NC(=O)c3ccco3)cc2)c1,0
O=C(C1CCN(S(=O)(=O)c2cccc3nsnc23)CC1)N1CC=C(c2ccccc2)CC1,0
CC(C)Cc1nc(S(=O)(=O)c2ccc(Cl)cc2)c(N2CCOCC2)o1,0
CCCN(CCO)Cc1cccc(Br)c1,0
COc1ccccc1OCC(=O)NCC1CCCCC1,0
O=C(Nc1cnc2sccn2c1=O)c1ccccc1Cl,0
O=C1CC(c2ccccc2)CC(=O)C1=CNCCN1CCN(C(=O)Nc2ccccc2)CC1,0
CCOC(=O)c1ccc(Cn2cnc3ccccc3c2=O)cc1,0
COc1ccccc1-n1cnnc1SCC(=O)N1CCN(S(=O)(=O)c2ccccc2)CC1,0
Cc1cc(N2CCC(C(=O)N3CCN(c4cccc(C)c4C)CC3)CC2)n2ncnc2n1,0
COc1ccc(CN2CCN(C(=O)CC(C)C)CC2)cc1OC,0
COc1ccc(CC(=O)C(C#N)=C2Nc3ccccc3N2)cc1OC,0
O=C(C1c2ccccc2C(=O)N2CCc3ccccc3C12)N1CCC2(CC1)OCCO2,0
Cc1ccc(NC(=O)c2cc(S(=O)(=O)N3CCOCC3)ccc2F)c(C)c1,0
CCOC(=O)C1CCN(Cc2ccc(O)c(OC)c2)CC1,0
CCCNC(=O)C1CC(=O)N(c2ccc(OCC(=O)Nc3cccc(C)c3C)cc2)C1,0
CCOC(=O)C1CCCN(C(=O)C2CCC(CNS(=O)(=O)c3ccc(NC(C)=O)cc3)CC2)C1,0
COc1ccc(OCC(=O)Nc2ccc(S(=O)(=O)Nc3cc(C)nc(C)n3)cc2)cc1,0
Cc1cccc(OCCCCCn2ccnc2)c1,0
Cc1ccc(C)c2[nH]c(=O)c(CN(CCCN(C)C)C(=O)NCc3ccccc3)cc12,0
COc1ccc(OC)c(-n2cnc3cc(C(=O)NCCCN4CCOCC4)ccc32)c1,0
Cn1c(C(=O)Nc2ccc3c(c2)OCO3)cc2c(=O)n(C)c3ccccc3c21,0
COc1ccc(-n2nc3ccc(NS(C)(=O)=O)cc3n2)cc1Cl,0
CN1CC2(C(=O)c3ccccc3)CN(C)CC(C(=O)c3ccccc3)(C1)C2,0
Cc1cccc(-n2nnnc2SCc2csc(-c3ccccc3)n2)c1,0
O=C1CC(NCc2ccncc2)C(=O)N1c1ccc(Cl)cc1,0
CCCC(C(=O)NC1CCCCC1)N(Cc1ccco1)C(=O)CNS(=O)(=O)c1ccccc1,0
O=C1CSC(Nc2ccccc2Cl)=N1,0
O=C(O)c1cccnc1Nc1cccc(C(F)(F)F)c1,0
CCOCCCNC(=O)C1CCCN1S(=O)(=O)c1ccc(Cl)cc1,0
O=C(NCc1ccccc1)NC(Cc1c[nH]c2ccccc12)C(=O)O,0
COc1ccc(NC(=O)c2cccc(NC(=O)C3C4CC5OC(=O)C3C5C4)c2)c(OC)c1,0
CCOc1ccc2cc(S(=O)(=O)n3ccnc3C)ccc2c1,0
COc1cc(-c2nn3c(-c4cccc(C)c4)nnc3s2)cc(OC)c1OC,0
CCc1nnc(NC(=O)CSc2nnnn2-c2cccc(C(=O)OC)c2)s1,0
COc1ccc(-c2noc(CCC(=O)NCCCN3CCC(C)CC3)n2)cc1,0
Cc1ccccc1CN1CCN(CC(=O)NCc2ccc3c(c2)OCO3)C1=O,0
CC(C)C(NC(=O)Nc1cccc(C(F)(F)F)c1)C(=O)O,0
CC(C)c1ccc(Nc2nc(NCc3ccco3)nc(N3CCOCC3)n2)cc1,0
CC(C)=CCC(C)(C)C1OCCN1C(=O)Nc1ccccc1,0
Cc1ccc2nsnc2c1S(=O)(=O)N1CCN=C1Cc1ccccc1,0
Cc1ccc(C)c(NC(=O)CN(C)S(=O)(=O)c2ccccc2)c1,0
COc1ccc(NC(=O)C23CCC(C2)C(C)(C)C3=O)cc1,0
Cc1cc(C)c2c(N)c(C(=O)N3CCCCCC3)sc2n1,0
O=c1cc(CSc2nnc(COc3ccc(Cl)cc3)o2)c2ccccc2[nH]1,0
O=C(Nc1cc(C(F)(F)F)ccc1N1CCCC1)c1ccc2c(c1)OCO2,0
Cc1cc(-n2c(C)cc(C(=O)CSc3nnc4sc5ccccc5n34)c2C)no1,0
Cc1nnc(NC(=O)CSc2nnc(CCc3nc4ccccc4[nH]3)n2C)s1,0
O=C(CCNc1cccc(C(F)(F)F)c1)c1ccco1,0
COC(=O)c1ccc2c(=O)n(Cc3ccc4c(c3)OCO4)c(SCC(=O)N3CCCC3)nc2c1,0
O=C(Nc1cccc(Cl)c1)Nc1nccs1,0
N#Cc1c(NC(=O)CSc2ncc(-c3ccccc3)n2CC2CCCO2)sc2c1CCCC2,0
CC1=C(C#N)C(NC(=O)c2ccco2)(C(F)(F)F)C(=O)N1,0
O=C(COc1ccc(Cl)cc1)N1CCN(C(=O)Cc2ccccc2)CC1,0
COC(=O)c1ccc2c(c1)N(Cc1cc(C)ccc1C)C(=O)c1ccccc1S2=O,0
CC(C)(C)C(=O)CC(=O)Nc1ccc(Cl)c(N)c1,0
Cn1c(SCC(=O)N2CCCCC2)nnc1-c1ccc(S(=O)(=O)N2CCOCC2)cc1,0
O=C(CCn1c(=O)oc2ccccc21)N1CCN(c2ccccc2Cl)CC1,0
Cc1cccc(N2CCN(C(=O)C3CCN(S(=O)(=O)c4cnc[nH]4)CC3)CC2)c1C,0
O=C(O)c1ccc(COc2ccc(CO)cc2Cl)cc1,0
Cc1ccccc1C(=O)Nc1ccc(Br)c(C)n1,0
CC(CCc1ccccc1)NC(=O)C1CCN(C(=O)c2sccc2-n2cccc2)CC1,0
COc1ccccc1OCC(O)Cn1c(Br)nc2c1c(=O)[nH]c(=O)n2C,0
CCc1ccc(CN2C(=O)CCC2(C)C(=O)NC2CCCC2)cc1,0
COc1ccc(Cl)cc1Nc1nc(=O)cc(C)[nH]1,0
Cc1c(NC(=O)CC(=O)Nc2c(C)n(C)n(-c3ccccc3)c2=O)c(=O)n(-c2ccccc2)n1C,0
O=C(Nc1ccc(N2CCN(C(=O)c3ccccc3)CC2)c(Cl)c1)c1ccc(Br)o1,0
COc1cc(C(=O)N2CCN=C2c2ccccc2)cc(OC)c1OC,0
COC(=O)NC1(C(F)(F)F)C(=O)NC(C)=C1C(=O)OC,0
CN1C(=S)SC(N(O)C(=O)Nc2ccccc2)C1(C)C,0
CCOc1c(C(N)=O)c(-c2ccccc2)c2c(=O)[nH]c3ccccc3n12,0
CCOC(=O)CN1CC23C=CC(O2)C(C(=O)Nc2ccc(C(C)=O)cc2)C3C1=O,0
CCc1ccc(CCC(=O)Nc2sc3c(c2C#N)CCCC3)o1,0
Cc1onc(-c2ccccc2Cl)c1C(=O)NCc1ccc(N2CCCC2=O)cc1,0
O=C(O)c1ccc2c(c1)N(Cc1ccccc1)C(=O)c1ccccc1S2=O,0
CCC(=O)Nc1sc2c(c1C(N)=O)CCC2,0
Cc1cccc(N(Cc2cc3ccccc3[nH]c2=O)C(=O)c2ccco2)c1C,0
CCOc1ccc2nc(N3CCCC(C(=O)N4CCN(CC)CC4)C3)sc2c1,0
O=C(NCc1cccnc1)C1CC(=O)N(c2ccc(Cl)cc2)C1,0
Cc1nnc(SCc2ccccc2Cl)n1CC1CCCO1,0
COc1ccc(C(=O)N2CCN(c3ccc(C)c(C)c3)CC2)cc1OC,0
Cc1ccc(CNC(=O)CSc2nc(C)cc(C)c2C#N)cc1,0
CCn1c(SCC(=O)Nc2cccc(OC)c2)nnc1-c1ccc(Cl)cc1,0
Cc1cc(C)c2c(c1)c(C)cc1nnc(SCC(=O)NCc3ccco3)n12,0
O=C(c1ccccc1)c1c[nH]c2cc3c(cc2c1=O)OCCO3,0
CC(NC(=O)c1ccccc1NC(=O)c1ccco1)C(=O)O,0
CCOc1ccc(Cl)cc1S(=O)(=O)n1cnc2ccccc21,0
COc1ccccc1OCCSc1nc(=O)c2ccccc2[nH]1,0
COc1ccccc1C(=O)n1nc(-c2ccccc2)nc1NCc1ccco1,0
O=C(CSc1nnc2ccccn12)N1CCOCC1,0
CSc1ccccc1NC(=O)c1noc2c1CCC2,0
CN(C)C(CNC(=O)CCCc1c[nH]c2ccccc12)c1ccco1,0
Cc1cc(C)nc(SCC(=O)Nc2ccc(N3CCOCC3)c(Cl)c2)n1,0
Cn1c(SCC(=O)Nc2ccc(F)cc2F)nnc1-c1cccnc1,0
CCOC(=O)C1CCCN(C(=O)c2cn(CC)c3ccc(S(=O)(=O)N(C)C)cc3c2=O)C1,0
CCc1nn(C(C)C(=O)NC(C)CCc2ccco2)c(=O)c2cc3occc3n12,0
CCNc1nnc(-c2ccccc2OC)s1,0
O=C(NC1(C(=O)NC2CCCC2)CCCCC1)c1ccc2c(c1)OCO2,0
CCOc1ccc(S(=O)(=O)Nc2cccnc2)cc1,0
Cc1nonc1NC(=O)CSc1nc2cc(Cl)ccc2c2c1CCCC2,0
COc1ccc2[nH]c(C(=O)O)c(CCNC(C)=O)c2c1,0
Cc1onc(-c2c(F)cccc2Cl)c1C(=O)NCc1ccccn1,0
CCOC(=O)c1ccc(NC(=O)CSc2nnc(COc3ccccc3OC)n2CC)cc1,0
COCCCn1c(=N)c(C(=O)NCc2ccc3c(c2)OCO3)cc2c(=O)n3ccccc3nc21,0
COC(=O)c1ccccc1NC(=O)CN1CCC(n2nnc3cc(C)ccc32)CC1,0
CS(=O)(=O)NCc1nnc(SCc2ccccc2C(F)(F)F)o1,0
Cc1c(C)n(C(=O)CN2CCN(c3ccccn3)CC2)c2ccccc12,0
Cc1c(NC(=O)COC(=O)Cc2ccc(Cl)cc2)c(=O)n(-c2ccccc2)n1C,0
O=C1CN(C(=O)c2ccco2)C(c2ccccc2)c2cc(Cl)ccc2N1,0
CCOC(=O)c1cc2c(=O)n3ccccc3nc2n(CC(C)C)/c1=N/C(=O)c1ccco1,0
CCOC(=O)C1=C(N)Oc2cc(O)ccc2C1c1cccnc1,0
Cc1cc(C)cc(NC(=O)CCNS(=O)(=O)c2ccc3c(c2)oc(=O)n3C)c1,0
O=C(CCSc1nnc(-c2ccncc2)o1)Nc1ccccc1,0
O=C(c1cc2nc(-c3ccco3)cc(C(F)(F)F)n2n1)N1CCCCCC1,0
COc1ccc(CNC(=O)Nc2ccc(OC)cc2)cc1,0
O=C(Cn1c(-c2ccccc2)noc1=O)Nc1ccc(S(=O)(=O)N2CCOCC2)cc1,0
CCOc1ccc(OCC)c(NC(=O)C2CCCN(S(=O)(=O)c3c(C)noc3C)C2)c1,0
O=C(c1cc(-c2cccs2)on1)N1CCCc2ccccc21,0
COC(=O)c1nc(N)sc1-c1ccccc1,0
Cc1c(/N=C/c2cc3c(cc2Cl)OCO3)c(=O)n(-c2ccccc2)n1C,0
COc1ccc(NC2CCN(C3CC(=O)N(c4ccc(F)c(Cl)c4)C3=O)CC2)cc1,0
COc1cc(CN2CC(C)OC(C)C2)cc(OC)c1,0
O=C(c1ccco1)n1c(=S)nc2ccccn21,0
CC(=O)NC1CC2CCCC(C1)N2CC(=O)N1CCCc2ccccc21,0
Cc1cc(C(=O)OCC(=O)Nc2ccc(F)cc2F)c(C)o1,0
O=C(Nc1cnccn1)c1cccc(C(F)(F)F)c1,0
CC(=O)Nc1ccccc1C(=O)N1CC2(C)CC1CC(C)(C)C2,0
O=C(NCCCN1CCN(Cc2ccccc2Cl)CC1)Nc1ccccc1,0
COc1ccc(C2C(C(C)=O)=C(O)C(=O)N2C)c(OC)c1,0
O=C1c2ccccc2S(=O)(=O)N1Cc1nnc(-c2ccccc2Br)o1,0
CCOC(=O)CSc1nnc(CNC(=O)c2ccc(OC)cc2)n1-c1ccc(OC)cc1,0
CCOCCn1c(CN(Cc2ccccc2)Cc2ccccc2)nc2c1c(=O)n(C)c(=O)n2C,0
CCOC(=O)N1CCN(C(=O)CN2C(=O)CC(C)(C)S(=O)(=O)c3ccccc32)CC1,0
CC(c1ccccc1)C1CC(=O)N(CC(=O)O)C1=O,0
CCCCN1CN(S(=O)(=O)c2cccs2)c2nc3ccccc3nc21,0
COc1ccc(OC)c(C2N(c3ccccn3)C(=O)C3CCCN32)c1,0
O=C(Cc1ccc(Cl)cc1)NCC(=O)N1CCCC1,0
COc1cccc(OCC(=O)Nc2ccccc2NC(C)=O)c1,0
O=C(CN1CCCCCC1)Nc1ccc(F)c(F)c1F,0
O=C1CC(c2ccc(F)cc2)Cc2nc(N3CCc4ccccc43)ncc21,0
O=C(c1ccc(S(=O)(=O)N2CCOCC2)cc1)N1CCN(c2ccc(F)cc2)CC1,0
CC(=O)NCC(=O)N(c1ccccc1)C1(C(=O)NC2CCCCC2)CCCCC1,0
COc1ccc(CNC(=O)C2CCN(C(=O)C(CC(C)C)NC(=O)OC(C)(C)C)CC2)cc1,0
COc1ccc(Cc2n[nH]c(Nc3ccc(C)cc3C)nc2=O)cc1,0
CCOC(=O)c1c(C)n(C)c2cc(Br)c(C(=O)OC)cc12,0
O=C(Nc1cccc2ccccc12)c1ccc(Br)o1,0
CCSc1nc2c(c(=O)[nH]c(=O)n2C)n1C,0
Cn1ccnc1Sc1nc2ccccc2nc1NS(=O)(=O)c1ccccc1,0
Cc1csc2nc(=O)c(-c3ccccc3)nn12,0
COc1cccc(S(=O)(=O)Nc2ccc(C(=O)N3CCN(C(=O)c4ccco4)CC3)cc2)c1,0
O=C(NCCC1=CCCCC1)c1ccc(Br)o1,0
CN(c1ccc(C(=O)Nc2cccnc2)cc1)S(C)(=O)=O,0
CCCN1C2=NS(=O)(=O)CCN2c2ccccc21,0
O=C1OCCC1Sc1nc2ccccc2[nH]1,0
CCC1(c2ccccc2)C(=O)N(COC)C(=O)N(COC)C1=O,0
NC(=O)c1nc(C2CCCCC2)nc2c1[nH]c(=O)n2-c1ccc(F)cc1,0
CC(C)N1C(=O)CCC1C(=O)NCCc1ccccc1,0
Cc1noc(C)c1CSCC(=O)OCC(=O)N1CC(=O)Nc2ccccc21,0
COc1ccc(N(CC(=O)NCc2ccco2)S(=O)(=O)c2ccc(OC)c(OC)c2)cc1,0
O=C(Cn1nc(-c2cccc(Cl)c2)ccc1=O)Nc1cccnc1,0
CCOC(=O)N1CCC(NC(=O)c2ccc3c(c2)ncn3C2CCCC2)CC1,0
CCC(C)C(NC(=O)N1CCCC1)C(=O)O,0
COc1ccccc1C(=O)Nc1ccc(S(=O)(=O)Nc2cc(C)on2)cc1,0
CCCCCN(C(=O)NC(=O)Nc1ccccc1OC)S(C)(=O)=O,0
COc1ccc(C)cc1NC(=O)NCCC1=CCCCC1,0
O=C(COC(=O)c1cccc(NC(=O)c2ccco2)c1)c1ccc(Br)cc1,0
CC1(C)CC(=O)C2=C(C1)NC(Nc1nc3ccccc3o1)=NC21CCCC1,0
COC(=O)c1sccc1NC(=O)CSc1nnnn1-c1ccccc1F,0
CCOC(=O)c1sc(NC(=O)C2CC2)nc1C,0
CN(C(=O)c1ccco1)C1(c2ccccc2Cl)CCCCC1=O,0
CCOC(=O)c1oc2cccc(O)c2c1CN(Cc1ccccc1)C(C)=O,0
Cc1cc(C(=O)CSc2nnnn2-c2ccccc2)c(C)n1CC1CCCO1,0
Cn1c(=O)oc2cc(S(=O)(=O)NCCCN3CCCC3=O)ccc21,0
COc1cc2c(cc1OC)-c1cc(NC3CCCCC3)nc(=O)n1CC2,0
COc1ccc2c(Cl)c(C(=O)NCCCn3ccnc3)sc2c1,0
Cc1cccc(C)c1NC(=O)N1CCC(n2cnc3ccccc32)CC1,0
CCCOC(=O)c1ccc(C2=C(C)NO/C2=C2/C=CC(OC)=CC2=O)o1,0
CCOC(=O)c1sc(NC(=O)CSc2nnnn2-c2ccc(C)cc2)c(C(=O)OCC)c1C,0
O=C(N1CCCCCC1)N1CCN(S(=O)(=O)N2CCOCC2)CC1,0
CC(=O)c1c(N2CCOCC2)nc(=S)n(-c2cc(C)ccc2C)c1C,0
Cn1c(=O)c2c(nc(SCCCC#N)n2Cc2c(F)cccc2Cl)n(C)c1=O,0
O=C(Nc1ccc(Cl)cn1)Nc1cccs1,0
O=C(Nc1ncnc2sc3c(c12)CCC3)c1ccco1,0
O=C1CN(C(=O)CN2CCOCC2)C(c2ccccc2)c2cc(Br)ccc2N1,0
O=C(NCc1cccs1)C1CCN(S(=O)(=O)c2cccc3nsnc23)CC1,0
CC(=O)c1cc2c(cc1NC(=O)Nc1cccc(Cl)c1)OCCO2,0
COc1ccc2c(c1)c1ncnc(N(C)C)c1n2C,0
O=C(Nc1ccon1)c1ccc(S(=O)(=O)N2CCCCCC2)cc1,0
CN(C)/C=N/c1cnc(C(=O)c2ccc(Cl)cc2)n1C,0
CCc1cccc(C)c1N(C(=O)Cn1c(=O)[nH]c2ccccc21)C(C)COC,0
CC(C)=CC(=O)Nc1ccc(Br)cc1,0
Cc1nc(CSc2nc3[nH]ncc3c(=O)n2-c2ccccc2)cs1,0
COc1ccc(NC(=O)Nc2ncn(Cc3cccc(C(F)(F)F)c3)n2)cc1OC,0
Cc1cc(=O)nc(SC/C=C/c2ccccc2)[nH]1,0
CC(=O)Nc1ccc(C(=O)CSc2nnc3scc(-c4ccccc4)n23)cc1,0
CCOC(=O)N1CCC(NC(=O)Cn2ncn3c(cc4sc(CC)cc43)c2=O)CC1,0
O=C(CSc1n[nH]c(-c2ccc(S(=O)(=O)NC3CCCCC3)cc2)n1)N1CCCC1,0
CC(=O)c1cc2c(cc1NC(=O)c1ccc(-n3nc(C)cc3C)cc1)OCO2,0
COc1nnnc2c1sc1nc(N3CCOCC3)c3c(c12)CC(C)(C)OC3,0
O=C(c1ccc(=O)oc1)N1CCCc2ccccc21,0
CN(CCc1ccccn1)Cc1ccc(Cl)cc1,0
COc1ccc(C(=O)COC(=O)CN2C(=O)C3C4C=CC(C4)C3C2=O)cc1,0
Cn1c(=O)oc2cc(S(=O)(=O)NC3CCCCCCC3)ccc21,0
O=C(CCN1C(=O)c2ccccc2C1=O)Nc1sc2c(c1C(=O)NCc1ccco1)CCCC2,0
Cc1cccc(Cl)c1OCCCCn1ccnc1,0
Cc1nnc(N(C(=O)c2cnccn2)c2ccccc2)s1,0
COCCN(C(=O)c1cccc(OC)c1)c1nnc(-c2ccncc2)s1,0
COc1cc(-c2nnc(SCC(=O)c3cc(C)n(CC4CCCO4)c3C)o2)cc(OC)c1OC,0
Cc1cc2ncn(S(=O)(=O)N3CCCCC3)c2cc1C,0
COC(=O)c1cn(-c2ccccc2)nc1-c1cccnc1,0
Cc1ccc(OCCNC(=O)c2ccccc2N)cc1,0
CCc1nnc(NC(=O)CSc2nc3c(cc2C#N)CCCC3)s1,0
C=CCc1ccc(OCCOCCNCCOC)c(OC)c1,0
CC(Sc1nc(-c2ccccc2)cc(C(F)(F)F)n1)C(=O)N1CCCC1,0
COc1cc2c(cc1OC)-c1nnc(-c3cccs3)n1C(C)(C)C2,0
Cn1cc(Cl)nc1C(O)c1ccccc1,0
COc1ccccc1N1CCN(C(=O)C(C)N(c2ccc(C)cc2)S(C)(=O)=O)CC1,0
COc1ccc(-c2noc(CCCc3ccccc3)n2)cc1OC,0
O=C(NCc1ccc2c(c1)OCO2)c1ccc(CS(=O)(=O)c2cccc(C(F)(F)F)c2)o1,0
O=C(NCc1cccc(Cl)c1)c1cnccn1,0
Cc1cc(NC(=O)Nc2cccs2)no1,0
CN1CCCC(C(=O)C(C#N)c2ccccc2)C1,0
O=C(Cn1nc(C(F)(F)F)c2c1CCC2)NC1CCCCC1,0
COc1ccc(-c2ccc(SCC(=O)NCc3ccco3)nn2)cc1OC,0
O=C1C=C(O)CC(c2ccc(Cl)c(Cl)c2)C1,0
COc1ccc(NCC(=O)Nc2ccc(Cl)cc2C)c(OC)c1,0
CCCCOC(=O)Nc1cc(OC)c(Cl)cc1OC,0
Cc1ncoc1C(=O)Nc1ccc(Oc2ccccc2)cc1,0
Cc1cc(C)nc(Nc2n[nH]c(-c3ccccc3Br)n2)n1,0
CCc1nnc(NC(=O)c2ccc(S(=O)(=O)N(CC)Cc3ccccc3)cc2)o1,0
O=C1NC(=O)N(Cc2ccccc2Cl)C(=O)/C1=C/N1CCOCC1,0
CCC(NC(=O)Nc1ncccc1C)(C(F)(F)F)C(F)(F)F,0
COC(=O)c1cc(Br)c(=O)n(CCc2ccccc2)c1,0
CCOc1ccccc1N1CCN(S(=O)(=O)c2cccc3nsnc23)CC1,0
CCCCOc1c(Cl)cc(CNC(C)(C)CO)cc1OCC,0
Brc1ccc(NCc2nnc3n2CCCCC3)cc1,0
CC1Cc2ccccc2N1C(=O)CSc1nnc(CSc2ncccn2)n1C,0
Cc1ccc(NC(=O)CSc2nc3ccccc3c(=O)n2CCCC(=O)N2CCCC2)cc1,0
COc1ccc(-c2csc(N3CCN(Cc4ccc5c(c4)OCO5)CC3)n2)cc1,0
CCOC(=O)C1=C(C)NC(=O)NC1c1cc(Br)c(O)c(OC)c1,0
O=C1C(c2ccc(F)cc2)N(Cc2ccc3c(c2)OCO3)C(=O)CN1C1CCCCC1,0
CCCCN(CC)S(=O)(=O)c1ccc(C(=O)Nc2nnc(-c3ccccc3Cl)o2)cc1,0
O=C(NCc1ccco1)C(c1ccco1)N(CCc1ccccc1)C(=O)Cn1nnc2ccccc21,0
CCOC(=O)c1cnc2ccc(Cl)cc2c1N1CCN(C)CC1,0
COc1ccc(C2=C/C(=C3/C=C(F)C=CC3=O)NN2)cc1OC,0
CN(C)c1cccc(C(=O)OCC(=O)NCC2CCCO2)c1,0
O=C1OC2CC3CC1CC(O)(C3)C2,0
O=C(CN1C(=O)c2ccccc2S1(=O)=O)Nc1cccnc1,0
Cc1oc(-c2ccccc2Cl)nc1CSCC(=O)N1CCCC1,0
CCc1ccc(CCC(=O)Nc2nccs2)o1,0
COc1ccc(C(C)=O)c2c(O)cccc12,0
COc1ccc(CC(=O)Nc2cccc(C(=O)O)c2C)cc1,0
CC1CN(CCC(=O)Nc2ccc3c(c2)CCC3)CC(C)O1,0
COC(=O)C1(C)Nc2ccccc2C(=O)N1c1ccccc1C,0
COc1ccc2cc(CN(CC3COCCO3)S(=O)(=O)c3ccccc3)c(=O)[nH]c2c1,0
CCn1c(SCC(=O)Nc2nccs2)nnc1-c1cc2cccc(OC)c2o1,0
O=C(c1cc(-c2ccccc2)on1)N1CCN(C(=O)c2ccco2)CC1,0
Cc1onc(-c2ccccc2Cl)c1C(=O)NC1CCS(=O)(=O)C1,0
O=C(CSc1nnc(-c2ccccc2F)o1)OCc1ccccc1,0
C=CCc1ccccc1OCC(O)CN1CCN(c2ccc(C)cc2)CC1,0
CCCn1c(SCC(=O)c2ccc3c(c2)OCCO3)nnc1-c1ccco1,0
CCCNS(=O)(=O)c1ccc(OCC(=O)Nc2ccccc2F)cc1,0
Cc1ccc2c(c1)cc(CN(Cc1ccc3c(c1)OCO3)S(=O)(=O)c1ccccc1)c1nnnn12,0
Cc1cc(C)nc(N(C#N)S(=O)(=O)c2ccccc2Cl)n1,0
O=c1cnc2ccccc2n1CC1CCCCC1,0
COc1cc2cc(CN(Cc3cccnc3)C(=O)NCc3ccccc3)c(=O)[nH]c2cc1OC,0
CS(=O)(=O)N(CCc1ccccc1)CC(=O)N1CCN(Cc2ccccc2)CC1,0
O=C(Nc1ccc(N2CCOCC2)cc1N1CCOCC1)c1ccco1,0
CCn1c(=S)sc2c(=O)n(-c3ccccc3)c(SCC(=O)NCc3ccco3)nc21,0
COc1ccc(C(=O)CN2C3=NCCCN3c3ccccc32)cc1OC,0
Cc1cc(C)nc(N2CCCC(C(=O)Nc3nc4ccc(S(C)(=O)=O)cc4s3)C2)n1,0
CCOc1ccc(-c2cc(C(=O)N3CCN(c4ccccn4)CC3)c3ccccc3n2)cc1,0
O=S(=O)(Nc1nc2ccccc2nc1NCC1CCCO1)c1cccs1,0
CCC(C)Sc1nc(O)cc(=O)[nH]1,0
COc1cc(NC(=O)C2CCCC2)c(OC)cc1Cl,0
Cc1ccc(OCc2nnc(SCC(=O)Nc3ccc4c(c3)OCCO4)n2Cc2ccco2)cc1,0
Cc1c(C(=O)NCc2cccnc2)sc2ncn(CC(=O)N3CCCCC3C)c(=O)c12,0
Cc1ccccc1N(CC(=O)NCc1ccncc1)S(C)(=O)=O,0
Cc1ccc(-n2c(=O)cc(N3CCN(C(=O)c4ccco4)CC3)[nH]c2=O)cc1,0
O=C(CN1C(=O)c2ccccc2S1(=O)=O)N1CCN(c2cccc(Cl)c2)CC1,0
CC(=O)N(c1ccccc1)C1SC(=O)N(c2ccccc2)C1=O,0
CSc1ccc(-c2c(C#N)c(N)nc3c2CCCC3)cc1,0
O=C(CCn1cnc2ccccc2c1=O)Nc1ccc(S(=O)(=O)N2CCCC2)cc1,0
COc1ccc2[nH]c3c(N4CCN(Cc5ccc6c(c5)OCO6)CC4)ncnc3c2c1,0
O=C(CN(C(=O)Cn1nnc(-c2ccc(F)cc2)n1)C1CCCC1)NC1CCCC1,0
CCC(=O)Nc1c2c(nn1-c1ccc(C)cc1C)CSC2,0
CC(C)(C)OC(=O)N1CCC(c2cc(=O)[nH][nH]2)CC1,0
O=C(c1c(F)cccc1F)N1CCN(c2cccc(C(F)(F)F)c2)CC1,0
COCC(=O)Nc1cccc(C(F)(F)F)c1,0
CS/C(=N\C1CCCCC1)NS(=O)(=O)c1ccccc1,0
O=C(NCc1ccc2c(c1)OCO2)C1CCN(c2ncccn2)CC1,0
Cc1ccc(Cl)cc1N1CCN(C(=O)CCC(=O)O)CC1,0
COc1cc(C)c(Cl)cc1S(=O)(=O)NCc1ccncc1,0
COc1ccc(Nc2nc(N)nc(C(F)(F)F)n2)c(OC)c1,0
N=c1c(S(=O)(=O)c2ccccc2)cc2c(=O)n3ccccc3nc2n1Cc1ccco1,0
Cc1onc(-c2c(F)cccc2Cl)c1C(=O)Nc1c(C)n(C)n(-c2ccccc2)c1=O,0
CCC1S/C(=C(\C#N)C(=O)NCc2ccco2)N(c2ccc(Br)cc2)C1=O,0
C#CC(CO)N(CCN(Cc1ccccc1)C(C#C)CO)Cc1ccccc1,0
O=C(C1CCN(S(=O)(=O)N2CCC3(CC2)OCCO3)CC1)N1CCc2ccccc2C1,0
Cc1cnc(NC(=O)CN2C(=O)C3CC=CCC3C2=O)s1,0
O=C(NCCc1ccccc1)C1CCN(c2nc3ccccc3o2)CC1,0
O=C(Nc1ccncc1)c1cc2ccccc2oc1=O,0
COCCn1c(SCC(=O)Nc2nnc(C)s2)nnc1-c1ccncc1,0
CC(C)(C)NC(=O)C1CCN(S(=O)(=O)c2ccc(Br)cc2)CC1,0
O=C(C1CCC1)N1CCc2cc(S(=O)(=O)NCC3COc4ccccc4O3)ccc21,0
O=C(NCc1ccco1)C(c1cccs1)N(Cc1ccccc1)C(=O)Cn1nnc2ccccc21,0
O=C(CSc1nnc2n(C3CCCC3)c(=O)c3ccccc3n12)N1CCCCCC1,0
CC(C)(CN1CCCCC1)NS(=O)(=O)c1ccc(Cl)cc1,0
Cc1cccc(N2CC34C=CC(O3)C(C(=O)O)C4C2=O)c1,0
COc1ccc(-n2c(SCC#N)nc3ccccc3c2=O)cc1,0
O=C(c1ccc(N2C(=O)C3CC=C(Cl)CC3C2=O)cc1)N1CCCCC1,0
O=S(=O)(c1ccc2c(c1)OCCO2)N1CCC(c2nc3ccc(Cl)cc3[nH]2)CC1,0
COCCn1c(SCc2c(F)cccc2Cl)nc2c1c(=O)[nH]c(=O)n2C,0
CC(C)(C)NC(=O)C(c1ccco1)N(C(=O)c1csnn1)c1ccccc1,0
O=C(Nc1ncc2c(n1)CC(c1ccco1)CC2=O)c1ccc(Cl)cc1,0
Cc1cccc(-c2noc(Cc3ccc(Cl)cc3)n2)c1,0
CCCC(=O)N1CCN(c2ccc(NC(=O)c3cc4ccccc4o3)cc2Cl)CC1,0
c1ccc(-n2c(SCC3CCCCO3)nnc2-c2cnccn2)cc1,0
COC(=O)/C=c1\s/c(=C(/C#N)C(=O)N2CCOCC2)n(-c2ccccc2)c1=O,0
O=C(CNS(=O)(=O)c1cccs1)N1CCc2ccccc2C1,0
O=C(NCc1ccco1)c1ccc(Cl)c(S(=O)(=O)N2CCOCC2)c1,0
CCOC(=O)C1=C(N)OC2=C(C(=O)CCC2)C1c1cccnc1,0
CCC1Oc2ccc(C)cc2N(CC(=O)NCCN2CCCCCC2)C1=O,0
CCc1ccc(-c2nc(CSCC(=O)NCCCN3CCCC3=O)c(C)o2)cc1,0
COc1ccc(S(=O)(=O)N2CCN(Cc3cccc(Cl)c3)CC2)cc1,0
Cc1cc(C)n(-c2ccc(C(=O)OCC(=O)Nc3ccc(S(=O)(=O)N4CCOCC4)cc3)cc2)n1,0
CCc1nnc(NC(=O)CSc2nnc(Cc3ccc(OC)cc3)o2)s1,0
COC(=O)c1ccccc1NC(=O)CSc1nnc(CNS(=O)(=O)c2ccc(C)cc2)n1C,0
CCOC(=O)C(NC(=O)c1ccc(OC)cc1)(OCC1(CC)COC1)C(F)(F)F,0
CCOc1ccc(S(=O)(=O)NC(C)(C)C)cc1-c1nc(=O)c2c([nH]1)c(C(C)(C)C)nn2C,0
COc1ccccc1N1CCN(C(=O)CSc2nc(-c3ccco3)cc(C(F)(F)F)n2)CC1,0
Cc1ccccc1CSc1nc(=O)c(C)n[nH]1,0
Cc1ccc2nc(-c3ccc(NC(=O)CN4CCN(C(=O)c5ccco5)CC4)cc3)sc2c1,0
CCOC(=O)C1=C(C)N=C2N=CNN2C1c1cc(OC)ccc1OC,0
O=c1[nH]c(=O)n(CCOc2ccc(Cl)cc2)cc1Br,0
Cc1ccc(/C(COc2ccccc2O)=N/O)cc1,0
Cn1c(SCC(=O)NCc2ccco2)nnc1-c1ccc(S(=O)(=O)N2CCOCC2)cc1,0
N#Cc1c(NC(=O)CSc2ncn(-c3ccccc3)n2)sc2c1CCCC2,0
O=C(NCc1ccccc1)C(c1cccs1)N(C(=O)c1csnn1)C1CC1,0
Cc1occc1-c1nnc(SCC(=O)NCCc2ccccc2)n1Cc1ccccc1,0
CC(=O)Nc1cccc(NC(=O)c2c(-c3ccccc3Cl)noc2C)c1,0
CN(CC(CC(=O)Nc1nncs1)c1ccccc1)S(=O)(=O)c1ccccc1,0
CN1CCC(N2CC3CC(C2)c2cccc(=O)n2C3)CC1,0
O=C(c1cnn2c(C(F)(F)F)cc(-c3ccc4c(c3)OCO4)nc12)N1CCCCC1,0
Cc1ccc(-n2nc(C(=O)NCc3ccco3)c3c4ccccc4n(C)c3c2=O)cc1,0
CC(=O)Nc1c(C(=O)c2ccccc2)oc2ccccc12,0
O=C1c2ccccc2C2(c3ccccc3)NCCN12,0
O=C(NCCCN1CCc2ccccc2C1)C1CCN(S(=O)(=O)N2CCCC2)CC1,0
CCOC(=O)N1CCC(n2c(SCC(=O)NCCC3=CCCCC3)nc3ccccc3c2=O)CC1,0
O=C(COC(=O)Cc1ccc(S(=O)(=O)N2CCOCC2)s1)NCc1ccccc1,0
COCCn1cc(C(=O)N2CCCC(C)C2)c2c3ccccc3n(C)c2c1=O,0
COC(=O)c1cc(Br)c(=O)n(-c2ccccn2)c1,0
CC1C(C#N)=C(N)OC2=C1C(=O)CC(C)(C)C2,0
COc1ccc(-c2nnc(SCC(=O)NC(C)c3ccccc3)o2)cc1OC,0
O=C(CCNc1ccc(Cl)c(C(F)(F)F)c1)c1ccco1,0
Cc1ccnc(NC(=O)CCCOc2cc(=O)n(C)c3ccccc23)c1,0
COC(=O)c1ccc(CNC(=O)CSc2nnc(C)n2Cc2ccccc2)o1,0
COC(=O)c1cc2occc2n1CC(=O)Nc1ccc(C)cc1C,0
CN1C(=O)c2ccccc2C(C(=O)O)C1c1cn(C)c2ccccc12,0
Cc1ccc(C(=O)Nc2ccc(Cl)cn2)cc1S(=O)(=O)N1CCOCC1,0
CCOC(=O)c1csc(NC(=O)c2ccc(S(=O)(=O)N3CCCC3)cc2)n1,0
CCN(CC)C(=O)Cn1cnc2sc(C(=O)OC(C)C)c(C)c2c1=O,0
COC(=O)C(O)(CC(=O)Nc1cccc(SC)c1)C(F)(F)F,0
O=C(CSc1ncnc2c1cnn2Cc1ccccc1)Nc1ccc2c(c1)OCCO2,0
Cn1cnnc1SCC(=O)c1ccco1,0
Cc1occc1-c1nnc(SCC(=O)c2ccc(Cl)cc2)n1C,0
[O-]/[N+](=C/c1cccnc1)c1ccc(Br)cc1,0
CCOc1ccc(NC(=O)CN2CCN(CC(=O)c3ccc(OC)c(OC)c3)CC2)cc1,0
Cn1c(CSc2ncccn2)nnc1SCC(=O)N1CCCc2ccccc21,0
O=C(CN1CCN(CCC(=O)Nc2ccccc2F)CC1)Nc1ccc(Cl)cc1,0
COCCOC(=O)C1=C(C)OC(N)=C(C#N)C1c1ccco1,0
CCCC(=O)N1CCN(c2ccc(C(=O)c3ccc(OC)c(Br)c3)cc2F)CC1,0
CN1CCC(N(C)C(=O)c2ccccc2Nc2ccc(SC(F)F)cc2)CC1,0
CSc1ncccc1C(=O)OCC(=O)Nc1cc(C(F)(F)F)ccc1N1CCOCC1,0
Cc1ccc(CSc2nc3c(c(=O)[nH]c(=O)n3C)n2CCC(C)C)cc1,0
Cc1ccccc1CNS(=O)(=O)c1ccc2c(c1)OCCO2,0
CS(=O)(=O)N1CCN(c2ccccc2NC(=O)Cc2ccc(Cl)cc2)CC1,0
CCc1ccc(NS(=O)(=O)c2cccs2)cc1,0
Cc1onc(-c2c(F)cccc2Cl)c1C(=O)NCc1cccs1,0
O=C(Cc1cn2ccsc2n1)Nc1cccc2cnccc12,0
CC12CN3CC(C)(CN(C1)C3c1ccc(Br)cc1O)C2,0
O=C(Oc1cccc2cccnc12)c1ccc(Br)o1,0
Cc1noc(C)c1COC(=O)CCCOc1ccc(Cl)cc1Cl,0
NC(=O)c1ccsc1NC(=O)c1nc(-c2ccccc2)n(-c2ccccc2)n1,0
COc1ccc(OC)c(NC(=O)CSc2nnc(CCCO)n2-c2ccccc2)c1,0
COC(=O)c1ccccc1NC(=O)CN(C)S(=O)(=O)c1ccc(OC)c(C)c1,0
CCc1nc2sc3ccccc3c(=O)c2c(=O)n1Cc1ccco1,0
O=C(COc1ccc2ccccc2c1Br)Nn1cnnc1,0
O=C(NCCC1=CCCCC1)NC(Cc1ccccc1)C(=O)O,0
O=C(c1ccccc1)N1CCCCC(Sc2nnc3ccccn23)C1=O,0
CCOC(=O)CNC(=O)Nc1cccc(Cl)c1C,0
COc1ccc(CCn2c(C)cc3c(c2=O)C(c2ccncc2)C(C#N)=C(N)O3)cc1OC,0
COCCN(Cc1cc2ccccc2[nH]c1=O)C(=O)c1ccccc1OC,0
CCOc1cccc(C(=O)Nc2cccc(-c3nnc(-c4ccccc4)o3)c2)c1,0
CCCNS(=O)(=O)c1ccc(C(=O)NCC2CCCO2)cc1,0
Cc1ccc2nsnc2c1S(=O)(=O)N(Cc1ccco1)Cc1cc2cccc(C)c2[nH]c1=O,0
COc1ccc2cc(C(c3nnnn3Cc3ccccc3)N3CCCCCC3)c(=O)[nH]c2c1,0
O=C(CCSc1nc2ccccc2o1)N1CCOCC1,0
COc1nc(Nc2cccc(C(F)(F)F)c2)nc(OC)n1,0
CCOC(=O)N1CCN(C(=O)c2cn(CC)c3ccc(S(=O)(=O)N4CCCC4)cc3c2=O)CC1,0
Cc1cc(-c2csc(NC(=O)c3ccc(=O)n(C)n3)n2)c(C)n1CC1CCCO1,0
O=C(CCn1nc(-c2ccc(Cl)cc2)ccc1=O)N1CCOCC1,0
Cc1cc(NC(=O)COC(=O)CCCOc2ccc(Cl)cc2C)no1,0
Cc1cc(=O)nc(SCCOc2cccc(C(F)(F)F)c2)[nH]1,0
CCC1c2ccc(C)n2CCN1C(=O)Nc1cc(Cl)ccc1OC,0
O=C(CN1C(=O)C2C3C=CC(C3)C2C1=O)NCCN1CCCc2ccccc21,0
CCNc1ccc2c(Cl)cc(=O)oc2c1,0
N#Cc1ccc(CSCC(=O)O)cc1,0
COc1ccc(S(=O)(=O)N2CCCC(C(=O)NCc3ccccn3)C2)cc1Cl,0
CC1=C(C(=O)Nc2ccc(C)cc2)C(c2ccc(C)o2)C2=C(CC(C)(C)CC2=O)N1,0
CCOC(=O)c1[nH]c(C)c(C(=O)N2CCN(c3cccc(Cl)c3)CC2)c1C,0
Cc1nn(C)cc1C1C2=C(CC(C)(C)CC2=O)OC2=C1C(=O)CC(C)(C)C2,0
Nc1c(C(O)(C(F)(F)F)C(F)(F)F)ccc2ccccc12,0
CC(C)CC1NC(=O)N(CC(=O)N2CCN(S(=O)(=O)c3ccc4ccccc4c3)CC2)C1=O,0
COC(=O)Oc1c(Br)c(=O)oc2ccccc12,0
CCOC(=O)Cc1csc(NC(=O)CSc2nnc(-c3ccc(F)cc3)o2)n1,0
COc1ccc(C(=O)CSc2ncn[nH]2)cc1OC,0
Cc1ccc(S(=O)(=O)NCC(=O)N(CC(=O)NCC2CCCO2)Cc2ccccc2)cc1,0
Clc1c(-c2nnc3n2CCCCC3)sc2ccccc12,0
CC(C)c1ccc(C(=O)CSc2ncn[nH]2)cc1,0
Cc1ccc(S(=O)(=O)c2c(N)n(Cc3ccco3)c3nc4ccccc4nc23)cc1,0
O=C1c2cccc3c(Cl)ccc(c23)C(=O)N1O,0
CCCn1c(SCCc2ccccc2)nc2c1c(=O)[nH]c(=O)n2C,0
CCCCCC(=O)Nc1ccc(Cl)cn1,0
CC12CN3CCN(CC(C3)C1(O)CN1CCOCC1)C2,0
Cc1ccc2c(n1)sc1c(N)ncnc12,0
Cc1ccc(S(=O)(=O)N2CCCCC2)cc1C(=O)Nc1ccc2cn[nH]c2c1,0
CCOc1ccc(NC(=O)CN(C)CC(=O)Nc2ccccc2C#N)cc1OCC,0
CC12CC(NC(=O)N1Cc1ccccc1)c1ccccc1O2,0
Cc1cc(Cl)ccc1OCC(=O)O,0
Cc1cc(OCC(=O)NCCCN(C)C)cc(C)c1Br,0
CC(=O)C1=C(O)C(=O)N(C2CCCCC2)C1c1ccccc1,0
CNc1ccccc1-c1nc2ccccc2n(C)c1=O,0
O=C(Nc1ccccc1)N1CCC(C(=O)N(Cc2ccco2)Cc2cccs2)CC1,0
CCCNC(=O)c1cc(-c2ccc(Br)cc2)on1,0
O=C(O)c1cc(S(=O)(=O)N2CCCCCC2)ccc1Cl,0
COc1ccc(C(=O)CSc2nnc(-c3ccccn3)n2Cc2ccco2)cc1,0
COc1ccc(N2CCN(S(=O)(=O)c3ccc(C(=O)NCc4ccco4)cc3)CC2)cc1,0
CCOc1ccc(CNC(=O)CCn2c(=O)oc3ccccc32)cc1OC,0
Cn1c(=O)oc2cc(S(=O)(=O)NCCC(=O)N3CCc4ccccc43)ccc21,0
O=C(Cn1c(C(=O)N2CCN(C3CCCCC3)CC2)cc2sccc21)c1ccccc1,0
O=C(NC1CCCCC1)NC1CC2CCC(C1)N2C(=O)NC1CCCCC1,0
CCOc1cc(NC(=O)c2ccco2)c(OCC)cc1NC(=O)CCc1ccc(OC)cc1,0
CCOC(=O)C1=C(Nc2ccc(Cl)cc2)SCC1=O,0
CCC(NC(=O)NCc1ccc2c(c1)OCO2)(C(F)(F)F)C(F)(F)F,0
COc1ccc(C2(C(F)(F)F)NC(=O)N(C)C(=O)N2C)cc1,0
CCC(=O)N1CCN(c2ccc(Cl)cc2NC(=O)Cc2ccccc2)CC1,0
CC(C)n1c(SCC(=O)NCc2ccco2)nc2c1c(=O)n(C)c(=O)n2C,0
Cc1cc(C)c(NC(=O)C(C)(C)C)c(Cl)c1,0
Cc1cc(N(C)C)nc(SC(C)C)n1,0
CCc1ccccc1OCCCCCNCCO,0
O=C(NCCNC(=O)C(c1ccccc1)c1ccccc1)c1ccco1,0
CCC(C)N1C(=O)c2ccccc2C1C(=O)NC1CCCCCC1,0
O=C(c1cn[nH]c1)c1cc(F)ccc1O,0
COc1ccccc1-c1cc(C(F)(F)F)nc(N2CCN(c3ccccc3)CC2)n1,0
Cc1ccc(C)c(NC(=O)c2nnn(Cc3ccccc3)c2N)c1,0
Cc1ccc2nc(N3CCC(C(=O)N4CCC5(CC4)OCCO5)CC3)sc2c1,1
COc1ccc(CNC(=O)CN(C(=O)c2cc3sccc3n2C)C2CCCC2)cc1,0
Cc1nn(-c2ccccc2)c(Cl)c1C1C(C#N)=C(N)OC2=C1C(=O)CCC2,0
CC(O)c1nc2ccccc2n1Cc1nnc(-c2ccc(Cl)cc2)o1,0
CCOC(=O)CNC(=O)CSc1nnc(Cn2c(=O)sc3ccccc32)n1-c1ccccc1C,0
CC(=O)Nc1ccc(-n2c(C)nc(=O)c(-c3ccccc3)c2C)cc1,0
O=C(CSCc1cccc(F)c1)N1CCN(c2ccccc2)CC1,0
CCC(NCCN1CCCCC1)=C1C(=O)N(C)C(=O)N(C)C1=O,0
CCOc1ccccc1NC(=O)N1C2CCCC1CC(NC(=O)C1CC1)C2,0
Cc1cccc(CCNC(=O)C2CCN(S(=O)(=O)c3c(C)nn(C)c3C)CC2)c1,0
COc1ccc(CC(=O)Nc2nc(C)cs2)cc1OC,0
O=C(c1ccc(COCC(F)(F)F)o1)N1CCCCCC1,0
COc1ccc(CCN2C(=O)C3C4C=CC(C4)C3C2=O)cc1OC,0
CN(CC(=O)NCCCN1CCOCC1)S(=O)(=O)c1ccc(Br)cc1,0
O=C(Nc1cccc(-c2nnc(-c3ccccc3)o2)c1)c1ccc(Br)o1,0
CC(C)(C)NC(=O)c1ccc(COc2ccccc2Br)o1,0
Cc1ccccc1NS(=O)(=O)c1ccc(OCC(=O)N2CCCC2)cc1,0
Cc1nc2c3c4c(sc3n3c(SCC(=O)NCc5ccco5)nnc3n2n1)COC(C)(C)C4,0
CCOc1ccc2cc(C#N)c(SCC(=O)N3CCOCC3)nc2c1,0
Cc1occc1C(=O)NCc1cccs1,0
Cc1ccc2nc(C3CCN(C(=O)NCc4ccccc4)CC3)[nH]c2c1,0
O=C(Cn1cnc2ccccc21)Nc1cc(C(F)(F)F)ccc1N1CCOCC1,0
COc1ccc(C)cc1NC(=O)Cn1cnc2sc(C)c(S(=O)(=O)N3CCOCC3)c2c1=O,0
O=C(NCCN1CCCCCC1)C1CC(=O)N(CCc2ccccc2)C1,0
O=C(NCc1ccco1)c1ccccc1Br,0
COc1ccc(-c2nc3ncccn3c2Nc2ccc3c(c2)OCCO3)cc1,0
CCCCN(CCCC)S(=O)(=O)c1ccc(OC)c2ncccc12,0
CCOC(=O)CSc1nnc(CNC(=O)c2ccc(OC)cc2)n1Cc1ccccc1,0
Cc1ccc(Cn2ccc(NC(=O)c3noc4c3CCCC4)n2)cc1,0
COc1ccc(CCNC(=O)c2ccc3nc(-c4ccco4)c(-c4ccco4)nc3c2)cc1OC,0
Cc1cc(N2CCN(C(=O)c3ccco3)CC2)n2nc(C)c(-c3ccccc3)c2n1,0
Cc1ccc(C)c(SCC(=O)Nc2nnc(-c3ccccc3)o2)c1,0
Cc1occc1C(=O)Nc1nnc(C(F)(F)F)s1,0
COc1ccc(-c2nc3cc(C(C)C)ccc3o2)cc1NC(=O)c1cccnc1,0
CCN1C(=O)C(NC(C)=O)c2cc(Br)ccc21,0
Cc1onc(-c2ccccc2Cl)c1C(=O)Nc1cc(=O)n(C)c(=O)n1C,0
Cn1c(SCc2ccc(C#N)cc2Cl)nc2ccccc21,0
CCNC(=O)CN(C1CCCCC1)S(=O)(=O)c1ccc(F)cc1,0
Cc1ccc(S(=O)(=O)N2CCCC2C(=O)NC2CCCCC2)cc1,0
Cc1ccc(NC(=O)COC(=O)CN2CSCC2=O)cc1C,0
O=C(NC1CCCc2ccccc21)C1CCN(S(=O)(=O)N2CCCCCC2)CC1,0
Cc1ccc(-n2nc3c(c2NC(=O)c2ccc4c(c2)OCO4)CSC3)c(C)c1,0
Nc1c(N2CCN(c3ccccc3)CC2)c2ccccc2oc1=O,0
CC(C)(C)n1nnnc1C(c1ccc2ncccc2c1)N1CCSCC1,0
COc1cccc(C(=O)NCC2CCN(c3ccc(S(=O)(=O)N4CCOCC4)cc3)CC2)c1,0
Cc1cccc(NC(=O)C2CCCN(C(=O)NC3CCCCC3)C2)c1C,0
O=C(Cn1cccc1)Nc1ccc(OC(F)(F)F)cc1,0
COc1ccc(NC(=O)c2oc3ccccc3c2NC(=O)C(C)(C)C)cc1,0
COc1ccc(OC)c(NC(=O)Cn2c(CCC(=O)O)ccc2-c2cccs2)c1,0
CCCCC(CC)CNC(=O)C1CCCN(S(=O)(=O)c2cnc[nH]2)C1,0
Cc1ccc(S(=O)(=O)NCC(=O)N(CC(=O)NC2CCCC2)c2ccc3c(c2)OCCO3)cc1,0
CCN(CC)CCCN(Cc1cc2cc3c(cc2[nH]c1=O)OCCO3)C(=O)Nc1ccccc1,0
COC(=O)c1ccccc1NC(=O)CN1CCC(NC(=O)c2ccccc2C)CC1,0
CCOC(=O)C1C2C=CC3(CN(c4ccccc4CC)C(=O)C13)O2,0
Clc1ccccc1OCc1nc(-c2ccncc2)no1,0
CCOC(=O)CSc1nc2cccnc2n1-c1ccc(F)cc1,0
O=C(CC1CCCC1)Nc1nnc(C2CC2)s1,0
COC(=O)c1ccccc1/N=C(\SC)N(C)C,0
CC1CCCC(C)N1CCNC(=O)Cn1nc(-c2ccccc2)ccc1=O,0
CCN1CCN(C(c2cccs2)C(C)NC(=O)c2ccccc2F)CC1,0
CCCCCn1c(CN2CC(C)OC(C)C2)nc2c1c(=O)n(C)c(=O)n2C,0
COc1ccc2[nH]c(=O)c(CN(CCN3CCCC3)C(=O)Nc3ccccc3Cl)cc2c1,0
CCC1CCCCN1C(=O)Cn1c(C(=O)OC)cc2sc(Cl)cc21,0
O=C(CSc1nc2ccsc2c(=O)n1NC(=O)c1ccccc1)NCc1ccco1,0
O=C(NCC(c1cccnc1)N1CCN(c2ccc(F)cc2)CC1)C1CCCCC1,0
CCOC(=O)Nc1nnc(-c2cccc(OC)c2)s1,0
Cc1ccc(NS(=O)(=O)c2ccc(C(=O)N3CCCN(C)CC3)cc2)cc1,0
CCN(CC)C(=O)CSc1nc2ncc(Cl)cc2[nH]1,0
O=C(c1cc2ccccc2oc1=O)N(Cc1ccco1)CC1CCCO1,0
O=C(c1ccco1)N1CCN(Cc2ccccc2C(F)(F)F)CC1,0
CCn1c(=O)n(CC(=O)Nc2cc(OC)ccc2OC)c(=O)c2ccccc21,0
c1ccc(-c2oc3ncnc(NCCCN4CCOCC4)c3c2-c2ccccc2)cc1,0
Brc1ccc(Oc2nsnc2N2CCOCC2)cc1,0
CS(=O)(=O)N1CCN(C(=O)c2cc(-c3ccncc3)nc3ccc(Cl)cc23)CC1,0
CC(/N=c1\ccccn1C(=O)Nc1ccc(Cl)cc1)c1ccco1,0
Cc1c(Cl)cccc1NC(=O)CCN1CCCCC1,0
COc1cc(OC)cc(-c2nc3nc(C)c(CCC(=O)O)c(C)n3n2)c1,0
Cc1nnc(SCC(=O)Nc2ccc(Cl)cn2)n1Cc1ccccc1,0
CCCCn1c(SCC(=O)NCC2CCCO2)nc2ccc(N3CCOCC3)cc2c1=O,0
CC1(C)Cc2c(sc3c2c(=N)n(Cc2ccco2)c(=O)n3Cc2ccc(F)cc2)CO1,0
CS(=O)(=O)N(CC(=O)N1CCCCC1)C1CCCCC1,0
Cc1ccc2c(CC(=O)OCc3csc(C)n3)coc2c1,0
CC(C)(C)C(O)C(Oc1ccc(Cl)cc1)n1cncn1,0
O=C(c1cc2cc(Br)ccc2oc1=O)N1CCN(c2ccccn2)CC1,0
COC(=O)c1cn(C)c2ccc(S(=O)(=O)N3CCCC3)cc2c1=O,0
COc1ccccc1-c1ccc(=O)n(CC(=O)Nc2ccc(C(=O)N3CCCC3)cc2)n1,0
O=C(Nc1ccc(Cl)cc1)C1CC2CCCC(C1)C2=O,0
CCN1CCCC1CNC(=O)CSc1cc(=O)n(C)c2cc(Cl)ccc12,0
COc1ccc(OCCCC(=O)Nc2ccc3c(c2)OCCO3)cc1,0
CCOC(=O)CSc1nnc(CNC(=O)c2cccs2)n1-c1ccccc1,0
Cn1c(CNc2ccc(Cl)cc2)nc2ccccc21,0
CCSc1nnc(NC(=O)c2nn(C(C)C)c(=O)c3ccccc23)s1,0
Cc1oc2cc3oc(=O)c4c(c3cc2c1C)CCC4,0
O=C(CSc1nnnn1-c1ccccc1)Nc1ccc(N2CCOCC2)c(Cl)c1,0
COc1ccccc1NC(=O)N1CCCC1C(=O)NCc1ccc(F)cc1,0
COc1ccc(N(CC(=O)NCc2ccco2)S(C)(=O)=O)cc1,0
Cc1cccc(OCC(=O)N2CCC(N3CCCCCC3)CC2)c1,0
CC1=C(C(=O)OC(C)C)C(c2ccccc2Cl)CC(=O)N1,0
CCSc1nnc(-c2cccc(S(=O)(=O)N(C)C)c2)n1-c1cc(OC)ccc1OC,0
COc1ccc(NC(=O)C2CC(=O)N(c3cc(C)ccc3C)C2)cc1,0
CCOC(=O)CN(C(=O)CSc1nnc(CNc2ccc(C)cc2C)o1)c1ccccc1,0
Oc1c(CN2CCc3ccccc3C2)cc(Cl)c2cccnc12,0
CCC(=O)Nc1cccc(-c2cn3ccsc3n2)c1,0
CCOC(=O)CNC(=O)CSc1ncnc2c1cnn2-c1ccc(Cl)cc1,0
CC(C)Sc1nc2c(c(=O)[nH]c(=O)n2C)n1Cc1ccc(Cl)cc1,0
Cc1ccc(S(=O)(=O)N2CCN(C(=O)C3Cc4ccccc4CN3C(=O)c3ccco3)CC2)cc1,0
Cc1noc(C)c1S(=O)(=O)N1CCCC(C(=O)NCCc2ccc(Cl)cc2)C1,0
COc1cccc(CNC(=O)C2CCN(Cc3cnn(-c4ccccc4)c3-n3cccc3)CC2)c1,0
COc1ccc(NS(=O)(=O)c2cc(-c3nnnn3C)ccc2OC)cc1,0
CSc1cccc(NC(=O)CN(C)S(=O)(=O)c2ccc(F)cc2)c1,0
CC1(C)CC(=O)C=C(NCCN2CCN(C(=O)Nc3ccccc3)CC2)C1,0
CN1CCN(c2ccccc2NC(=O)c2cc(Br)ccc2Cl)CC1,0
Cc1ccccc1NS(=O)(=O)c1ccc2[nH]cc(C(=O)N(C)Cc3ccco3)c(=O)c2c1,0
CCOc1ccc(OCC)c(NC(=O)CN(C)S(=O)(=O)c2cccc3nsnc23)c1,0
Cc1cccc(OCc2nnc(SCC(=O)N3CCN(C(=O)c4ccco4)CC3)n2C)c1C,0
Cc1ccc(N2C(=O)C3C4C=CC(C4)C3C2=O)cc1C,0
Cc1cc2c(C(F)(F)F)cc(=O)oc2c2c1NCCC2,0
Cn1c(=O)c2c(nc(N3CCN(Cc4ccccc4)CC3)n2CC(=O)c2ccccc2)n(C)c1=O,0
CCOC(=O)N1CCN(C(=O)Cn2nc(C)c3sc4ccccc4c3c2=O)CC1,0
COc1ccc(C2C(C(=O)N3CCN(C)CC3)c3ccccc3C(=O)N2C2CCCCC2)cc1,0
CCOC(=O)C1CCCCN1C(=O)CCc1c(C)nc2ncnn2c1C,0
CC(C)C(NC(=O)C1CCCCC1)C(=O)NC1CCN(Cc2ccccc2)CC1,0
COCCOC(=O)C1=C(C)NC2=C(C(=O)CCC2)C1c1cc2c(cc1Br)OCO2,0
Cn1c(OCc2cccnc2)nc2c1c(=O)n(Cc1ccc(Cl)cc1)c(=O)n2C,0
O=C(O)CSc1nnc(Cc2ccccc2)n1-c1ccccc1,0
COc1ccc(-n2c(SCC(=O)Nc3cc(C)on3)nc3ccc(O)cc3c2=O)cc1OC,0
CCOC(=O)c1[nH]c2cc3c(cc2c1NC(=O)CN1CC(C)CC(C)C1)OCO3,0
Cc1ccc(S(=O)(=O)C2(C(=O)Nc3ccc(F)cc3)CC2)cc1,0
Cc1ccc(S(=O)(=O)N2CCN(C(=O)CSc3nc(=O)c(C)n[nH]3)CC2)cc1,0
CCC(Sc1nc2ccccc2c(=O)n1CC1CCCO1)C(=O)NCc1cccnc1,0
CCC(=O)N(Cc1cc2cc(OC)ccc2[nH]c1=O)c1ccccc1C,0
O=C(CCn1nnc(-c2cccs2)n1)N1CCc2ccccc2C1,0
CCn1c(SCC(=O)c2ccc3c(c2)OCCO3)nnc1-c1ccco1,0
CCOc1ccc(C(=O)Nc2c3c(nn2-c2cccc(C)c2C)CS(=O)C3)cc1,0
COc1ccc(CC(=O)Nc2ccc(-c3nnc(-c4ccccc4)o3)cc2)cc1OC,0
O=C(C1CCC1)N1CCc2cc(S(=O)(=O)Nc3ccc4c(c3)OCCO4)ccc21,0
CN(C)S(=O)(=O)c1ccc2nc(NC(=O)c3cccnc3)sc2c1,0
COc1cc(NC(=O)Cc2ccccc2)cc(OC)c1,0
O=c1c2ccccc2nnn1Cc1nnc(-c2ccccc2Br)o1,0
CCOC(=O)N1CCN(C(=O)c2ccc(CN(c3ccc(C)c(C)c3)S(C)(=O)=O)cc2)CC1,0
COc1ccccc1OCC(=O)Nc1ccc(S(=O)(=O)N2CCCCCC2)cc1,0
CCc1nc(SCC(=O)Nc2ccc3c(c2)OCCO3)c2oc3ccccc3c2n1,0
COC(=O)c1c(NC(=O)c2nn(C)cc2Cl)sc2c1CCCC2,0
Cc1ccccc1NC(=O)CN(c1ccc(F)cc1)S(C)(=O)=O,0
Cn1c(SCc2ccc(C#N)cc2)nnc1-c1ccccc1,0
COC(=O)c1c(NC(=O)COC(=O)Cn2cnc3ccccc32)sc(C)c1C,0
O=C(CCc1ccc(S(=O)(=O)N2CCCCC2)cc1)c1nnc(-c2ccccc2)o1,0
CC1(C)Cc2c(C#N)c(N3CCN(C(=O)c4ccco4)CC3)nc(-c3ccco3)c2CS1,0
COc1ccccc1-n1c(=O)oc2ccc(Cl)cc2c1=O,0
Cc1ccc(-c2csc(NC(=O)c3ccno3)n2)cc1,0
COc1cccc(N2C(=O)C3ON(c4ccccc4)C(c4cccs4)C3C2=O)c1,0
COC(=O)c1oc2ccc(Br)cc2c1NC(=O)c1ccccc1,0
Cc1cc(NC(=O)C23CCC(C)(C(=O)O2)C3(C)C)no1,0
CC(=C1C(=O)c2ccccc2C1=O)N1CCN(Cc2ccccc2)CC1,0
CCC(Sc1nc2ccccc2c(=O)n1CCN1CCOCC1)C(=O)NCc1cccnc1,0
Cc1ccc(C)c(NC(=O)Cn2nc(C)c3ccccc3c2=O)c1,0
CCOC(=O)c1cc2sc(C)cc2n1CC(=O)N1CCc2ccccc21,0
COc1cc(S(=O)(=O)N2CCN(Cc3ccccc3)CC2)ccc1Br,0
COc1ccccc1CNc1nc2ccccc2n1CCN1CCCCC1,0
CCOc1cc(OCC)cc(C(=O)Nc2cccnc2)c1,0
CCOC(=O)CNC(=O)c1c(C)nn(-c2ccccc2)c1Cl,0
Cc1ccc(Cn2c(N3CCCCCC3)nc3c2c(=O)[nH]c(=O)n3C)cc1,0
O=C(C1=C(O)C(=O)N(CCN2CCOCC2)C1c1ccccn1)c1cccs1,0
COc1ccc(S(=O)(=O)Nc2ccccn2)c(C)c1C,0
Cc1cc(C(=O)CSc2nnc(-c3ccco3)o2)c(C)n1CC1COc2ccccc2O1,0
O=C1NCCN1C(=O)c1cccc(Cl)c1,0
Cc1ccc(C)c(N2CCN(C(=O)CC3Sc4ccccc4NC3=O)CC2)c1,0
CCOc1ccc(S(=O)(=O)n2nnc3ccccc32)cc1C,0
Cc1ccc(CSc2nc(=O)c3c([nH]2)NC2=C(C(=O)CCC2)C3c2ccncc2)cc1,0
Cc1ccccc1C(=O)N1CCC(C(=O)Nc2ccc(S(=O)(=O)N3CCCC3)cc2)CC1,0
CC(C)c1ccc(NC(=O)C2CC(=O)N(C(C)C)C2)cc1,0
CCC(=O)Nc1c(-c2cccs2)c(=O)c2ccccc2n1C,0
CCOC(=O)N1CCN(c2nc(-c3ccc(F)cc3)cs2)CC1,0
Cc1ccc(S(=O)(=O)/C(C#N)=C/c2c(N3CCN(C)CC3)nc3ccccn3c2=O)cc1,0
Cc1sc2ncn(CC(=O)OCC(=O)NC(C)(C)C)c(=O)c2c1C,0
COc1cccc(N2CCN(C3CC(=O)N(c4ccc(C)c(Cl)c4)C3=O)CC2)c1,0
Cc1ccc(C(C)C)c(OCc2ccc(-c3nnco3)cc2)c1,0
CCOC(=O)N1CCN(S(=O)(=O)c2ccc(OCC(=O)OC)c(C)c2)CC1,0
Cc1c(NC(=O)CCC2CCCCC2)c(=O)n(-c2ccccc2)n1C,0
Cc1ccccc1N1C(=O)C(Cl)=C(N2CCN(c3ccccc3)CC2)C1=O,0
Clc1c(-c2nnc3n2CCC3)sc2ccccc12,0
CC(C)(CNC(=O)c1cccs1)CNC(=O)c1cccs1,0
COc1cc(-c2cc(C(F)(F)F)n3ncc(C(=O)O)c3n2)cc(OC)c1OC,0
CC(=O)c1ccc(NC(=O)C2CCCN2S(=O)(=O)c2ccc(F)cc2)cc1,0
CCOc1ccc(NC(=O)c2cnsn2)cc1,0
O=C(CN1C(=O)COc2ccccc21)NCCCN1CCc2ccccc2C1,0
Cc1ccc(OCC(=O)N2CCN(C)CC2)c(Br)c1,0
CCN(CC)C(=O)COn1c(SCC(=O)N(CC)CC)nc2ccccc2c1=O,0
O=C(NCCC1=CCCCC1)C1CCN(C(=O)Nc2ccccc2)CC1,0
Cc1cc(NC(=O)CSc2nc(-c3ccco3)cc(C(F)(F)F)n2)n(-c2ccccc2)n1,0
COc1ccc(N(CC(=O)Nc2cccc(OC)c2)S(=O)(=O)c2c(C)nn(C)c2C)cc1,0
O=S(=O)(O)c1nc2ccccc2n1Cc1ccc(Cl)cc1,0
COc1ccc(Cn2c(=O)[nH]c3cc(C(=O)NCCCN4CCCC4)ccc3c2=O)cc1,0
Cc1ccc(-c2[nH]n(-c3ccccc3)c3nc(=O)c(CNCCN(C)C)cc2-3)cc1,0
CCCSC1=C(C#N)C(c2cc(OC)ccc2OC)CC(=O)N1,0
O=C(OCCN1C(=O)c2ccccc2C1=O)c1cc(=O)[nH]c2ccccc12,0
COc1ccc(Cl)cc1NC(=O)CN(C(=O)c1ccco1)C1CCCCC1,0
CCOc1cccc2c1OC1(C)CC2NC(=O)N1c1cccc(Cl)c1,0
O=S(=O)(c1ccc2c(c1)OCCO2)N1CCC(n2cnc3cc(F)ccc32)CC1,0
COC(=O)c1ccc(CSc2nnc3ccccn23)o1,0
Cc1ccc(SCCNC(=O)CN2C(=O)c3ccccc3S2(=O)=O)cc1,0
CCCCn1c(=O)n(C)c(=O)c2c3c(sc21)COC(C)(C)C3,0
COC(=O)C1=C(C)N=C2SCCC(=O)N2C1c1cc(Br)ccc1OC,0
COc1ccc(NC(=O)C2CCN(c3cc(-c4ccccc4)nc4ncnn34)CC2)cc1OC,0
COc1ccc(Cl)cc1NC(=O)CC(C)=O,0
Cc1ccc(S(=O)(=O)N2CCCN(S(=O)(=O)c3ccc(C(F)(F)F)cc3)CC2)cc1,0
COc1ccc(-c2noc(CSc3nc(=O)cc(-c4ccccc4)[nH]3)n2)cc1OC,0
O=C(Nc1ccc(Cl)cc1)N(Cc1cccnc1)Cc1ccco1,0
CC(=O)Nc1ccc(NS(=O)(=O)C(F)(F)F)cc1,0
O=C(Cc1c(F)cccc1Cl)c1ccc(O)cc1O,0
CC(C)C(C(=O)NCC1CCCO1)N(Cc1ccco1)C(=O)CNS(=O)(=O)c1ccccc1,0
O=C(N(c1ccccc1)c1ccccc1)n1ccnc1,0
O=S(=O)(c1ccccc1)c1nc(-c2ccco2)oc1NCCCn1ccnc1,0
O=C1c2ccccc2OCOc2ccccc21,0
COCCCN1C(=O)C(=O)/C(=C(/O)c2ccc(OCC(C)C)cc2)C1c1cccnc1,0
COc1cc(NC(=O)CCCC(=O)OCC(F)(F)C(F)F)nc(OC)n1,0
O=C(NCCN1CCOCC1)c1cc(-c2ccco2)on1,0
COC(=O)c1ccc(Cn2cnc3c(sc4nc(N5CCOCC5)c5c(c43)CCCC5)c2=O)o1,0
COc1ccccc1N1CCN(C(=O)CSc2nnc(NC(=O)c3ccco3)s2)CC1,0
O=C(COc1ccc2ccccc2c1Br)Nc1ncn[nH]1,0
FC(F)(F)c1cc(-c2ccccc2)nc(N2CCCCCC2)n1,0
COC(=O)C(C(=O)Nc1ccccc1C)C1CCCC1,0
CCOC(=O)Nc1sc(C)nc1-c1ccccc1,0
CCc1n[nH]c2c1C(=O)CC(C)(C)C2,0
Cc1n[nH]c(C)c1S(=O)(=O)N1CCCC(C(=O)Nc2nccs2)C1,0
COc1ccc(NC(=O)CCOc2ccccc2)c(OC)c1,0
CCNC(=O)CC1C(=O)N(c2ccccc2)C(=O)N1CCC(C)C,0
CCOC(=O)c1c(NC(=O)c2ccc(Br)o2)sc2c1CCCC2,0
CCOC(=O)N1CCN(c2c(NCCc3ccc(OCC)c(OCC)c3)c(=O)c2=O)CC1,0
COc1ccc(-c2nnc(SCC(=O)Nc3ncc(C)s3)n2-c2ccccc2)cc1OC,0
O=C(NC1CCCCC1)C(c1ccco1)N(C(=O)c1csnn1)C1CCCC1,0
CCC(C)NC(=O)c1ccc(NC(=O)C2CCCO2)cc1,0
CC(C)c1nnc(NC(=O)c2c(O)n3c4c(cccc4c2=O)CCC3)s1,0
COC(=O)Cn1cc(C(=O)c2cccs2)c2ccccc21,0
Cc1ccc(C)c(NC(=O)CSc2nnc(CSc3nc(C)cc(C)n3)n2Cc2ccco2)c1,0
CCOC(=O)c1c(C)c(C(=O)Nc2ccc(N(C)C)cc2)c(C)n1CC,0
Cc1nn(Cc2ccccc2)c2c1C(c1ccco1)C(C#N)=C(N)O2,0
CCCn1c(SCC(=O)c2cc(OC)ccc2OC)nnc1C(C)C,0
CCn1c(COc2ccc(Cl)cc2)nnc1SCC(=O)Nc1ccc2c(c1)OCO2,0
COc1ccc(C(C(O)C(=O)c2c[nH]c3ccccc23)N2CCN(c3ccccc3)CC2)cc1,0
COc1cc(OC)cc(C(=O)N2CCC(N3CCCCCC3)CC2)c1,0
CCOC(=O)N1CCN(C(=O)Nc2ccccc2Cl)CC1,0
c1nc(N2CCCCCC2)c2[nH]cnc2n1,0
CCn1c(=O)c2c3c(sc2n(C)c1=O)CCC3,0
CN(C)Cc1c(O)ccc2occ(C(=O)c3ccccc3)c12,0
CCOc1ccccc1C(=O)NCc1ccc2c(c1)OCO2,0
Cc1cc(N2CCC(C)CC2)nc2ccc(N3C(=O)CCC3=O)cc12,0
CCOC(=O)N1CCN(C(=O)C2CCN(S(=O)(=O)CC)CC2)CC1,0
Cc1c(Cl)cccc1NC(=O)CSc1nnc(CCNC(=O)OC(C)(C)C)o1,0
COc1ccc(CN(CCCN2CCOCC2)C(=O)Nc2ccccc2)cc1OC,0
CC(CS(=O)(=O)c1cccc2cccnc12)N1CCCCC1,0
C=CCSC1=C(C#N)C(c2cc(Br)c(O)c(OC)c2)CC(=O)N1,0
O=C1C=C(NCc2ccc(Cl)cc2)CC(c2ccco2)C1,0
CCC1(C(=O)OC)NC(c2ccco2)C2C(=O)N(c3ccccc3)C(=O)C21,0
N#CC1=C(/C=N/c2ccccc2O)CCC1,0
Cc1ccc(C(=O)NCc2ccco2)cc1S(=O)(=O)N1CCCCC1,0
O=C(NCc1ccccn1)C(F)(F)C(F)(F)C(=O)NCc1ccccn1,0
COc1ccc(S(=O)(=O)C(C#N)c2nc3ccccc3nc2N2CCC(C)CC2)cc1,0
COc1ccc(Nc2nc(CC(C)=O)ns2)cc1OC,0
Cc1ccc(C(=O)Nc2ccc3c(c2)ncn3C)cc1,0
Cc1ccc2cc(CN(Cc3ccco3)C(=O)C3CCCCC3)c(=O)[nH]c2c1C,0
CC(C)(C)C(=O)CN1CCN(S(=O)(=O)c2ccc(F)cc2)CC1,0
CCn1c(Cc2ccccc2)nnc1SCC(=O)O,0
CC(C)CCSc1nc2c(c(=O)[nH]c(=O)n2C)n1CCc1ccccc1,0
O=C(Nc1cccnc1)c1ccc(CN2CCc3ccccc3C2)cc1,0
COCCCN1CC23C=CC(O2)C(C(=O)OC)C3C1=O,0
O=S(=O)(c1cccc(-c2cn3cccnc3n2)c1)N1CCCCCC1,0
O=C1c2ccccc2C(=O)N1CC(O)COCc1ccccc1,0
O=C(CNC(=O)c1ccco1)Nc1cc(Cl)ccc1N1CCOCC1,0
CCCSc1nc2c(c(=O)[nH]c(=O)n2C)n1C,0
Cc1cc(=O)oc2cc(OCC(=O)N3CCc4ccccc4C3)ccc12,0
CN1CCN(C(=O)c2ccccc2N(Cc2ccccc2)S(C)(=O)=O)CC1,0
COc1ccc(C(C)=O)c(Oc2nc(CN3CCOCC3)nc3scc(-c4cccs4)c23)c1,0
C=CCn1c(SCC(=O)N2CCN(C(=O)c3ccco3)CC2)nc2sc(CC)cc2c1=O,0
Cc1cccc(Cn2c(SCCO)nc3c2c(=O)n(C)c(=O)n3C)c1,0
C=CCn1c(O)cc(=O)nc1SCc1c(F)c(F)c(F)c(F)c1F,0
CCN1CCN(CCCNC(=O)C2c3ccccc3C(=O)N(C)C2c2ccc(OC)cc2)CC1,0
COC(=O)C(C(=O)Nc1ccc(OC)cc1)C1CCCCCC1,0
Cc1cc(C)nc(NS(=O)(=O)c2ccc(NC(=O)CCC3COc4ccccc4O3)cc2)n1,0
CC(C(=O)Nc1sccc1C(N)=O)N1C(=O)C2CC=CCC2C1=O,0
COc1ccc(C(=O)Nc2ccccc2C(=O)NC(C(=O)NCc2ccco2)C(C)C)cc1,0
Cc1cc(NC(=O)CSc2nc3c([nH]c4ccccc43)c(=O)n2-c2cccc(C(F)(F)F)c2)no1,0
CCc1cc(C(=O)Cc2ccc(F)cc2)c(O)cc1O,0
CCC1(C)CC(=O)N(c2ccc(C(=O)O)c(O)c2)C1=O,0
COC(=O)c1cc(Br)c(=O)n(CCN2CCOCC2)c1,0
CCOc1ccc(/C=c2\sc3nc(-c4ccco4)nn3c2=O)cc1OCC,0
O=C(Nc1ccc(N2CCOCC2)c(Cl)c1)c1ccco1,0
CCCC(=O)Nc1ccc(Cl)c(NC(=O)C(C)(C)C)c1,0
Cc1ccccc1-c1nc(CN2CCC(C(=O)NCc3ccco3)CC2)c(C)o1,0
CCCc1c(O)nc(SCc2ccccc2)[nH]c1=O,0
Cc1cc(C(=O)NCc2ccccc2Br)no1,0
CC(=O)c1cc(Cl)ccc1OC(=O)c1ccco1,0
CC1CC(C)CN(CCCn2c(=S)[nH]c3ccccc3c2=O)C1,0
Cc1ccc(C)c(N(C(=O)CCC(=O)Nc2cc(C)on2)C(C(=O)NC2CCCC2)c2ccco2)c1,0
CC(=O)c1ccc(NC(=O)C2CCCNC2=O)cc1,0
CC(=O)c1ccc(N2CCN(c3ccc(C(F)(F)F)cn3)CC2)cc1,0
CCOC(=O)c1oc2ccccc2c1CSc1nnnn1-c1ccc(C)cc1,0
CCc1cccc(C)c1NC(=O)CSc1nc2ccccc2n1CC(=O)N(C)C,0
CC1Cc2ccccc2N1C(=O)c1cnsn1,0
O=C(CN1CCN(c2ccccn2)CC1)NC(=O)NC1CCCCC1,0
CN1CCN(CCCNC(=O)c2cn(C3CCCCC3)c(=O)c3c2c2ccccc2n3C)CC1,0
COc1ccc(-c2nnc(SC(C)C(=O)Nc3nccs3)n2-c2ccccc2)cc1OC,0
O=C(COc1ccc2ccccc2c1Br)N1CCN(c2ccccn2)CC1,0
COc1ccc(N(C(=O)C(C)C)S(=O)(=O)c2ccc3c(c2)n(C)c(=O)n3C)cc1,0
CCn1cc(S(=O)(=O)CC(=O)Nc2cc(C)ccc2C)c2ccccc21,0
CC1(C)Cc2c(sc3c2c(=N)n(Cc2ccco2)c(=O)n3CC(=O)Nc2ccccc2)CO1,0
CCCOc1ccc(C(C)(O)CN2CCOCC2)cc1,0
COc1ccc(Cn2cccc(NC(=O)Nc3ccc(C#N)cc3)c2=O)cc1,0
CCN(CC)S(=O)(=O)c1cccc(C(=O)Oc2cccnc2)c1,0
Cn1c(=O)c2c(nc(SCCN3CCOCC3)n2Cc2ccccc2Cl)n(C)c1=O,0
O=C(NCc1cccs1)c1cnc2ccccn2c1=O,0
Cc1cccc(NC(=O)C2CCCN(S(=O)(=O)c3cccc4nsnc34)C2)n1,0
O=C(Nc1nc2ccccc2n1CCN1CCCCC1)c1ccco1,0
CC(c1ccccc1)C1C(C#N)=C(N)OC2=C1C(=O)CCC2,0
CSc1nc2c(c(=O)n1Cc1ccccc1)SC(C)C2,0
Cc1cnc(C(=O)Nc2ccc(N3CCN(C(=O)OC(C)(C)C)CC3)cc2)cn1,0
CCCc1ncc(C(O)c2ccc(OC)cc2)n1C,0
COc1ccc(C2OC(=O)CC2C(=O)NC(C)C)cc1,0
COc1ccc(Cl)cc1NC(=O)C1CCCO1,0
Cn1c(=O)c2c(nc(OC/C=C/c3ccccc3)n2C)n(C)c1=O,0
COC(=O)CSc1nnc(CSc2nc(C)cc(C)n2)n1Cc1ccco1,0
CC(C)(C)NC(=O)Cn1cc(C#N)c2cc(Br)ccc21,0
O=C(Cc1cn2ccsc2n1)OCc1ccccc1,0
COc1ccc(-c2ccc(-c3noc(C)n3)c(OC)n2)cc1,0
Cc1cc(C)c(OCC(=O)Nc2ccccc2N2CCOCC2)c(C)c1,0
CC(=O)Nc1cccc(OCC(=O)Nc2ccccc2)c1,0
CNC(=O)CN(C1CCCCC1)S(=O)(=O)c1ccc(OC)c(Cl)c1,0
CCCSC1=C(C#N)C(c2ccccc2C)CC(=O)N1,0
COc1ccccc1NC(=O)c1c(C)cc(=O)oc1C,0
O=C1C(Cl)=C(NCC2CCCO2)C(=O)N1C1CCCCC1,0
CN1CC(=O)N(CC(=O)Nc2ccc(Cl)c(C(F)(F)F)c2)C1=O,0
O=C1CC(N2CCC(n3c(=O)[nH]c4ccccc43)CC2)C(=O)N1c1ccc(F)cc1,0
COc1ccc(S(=O)(=O)Nc2ccc(C)cc2)cc1OC,0
CCc1ccc(-c2nc(CS(=O)CC(=O)NCc3cccnc3)c(C)o2)cc1,0
COc1cccc(-c2nn(-c3ccccc3)cc2C(=O)Nc2nccs2)c1,0
COCCNC(=O)CSc1nc2ccccc2c(=O)n1-c1cccc(OC)c1,0
Cc1nnc(Sc2nc3c(c(=O)[nH]c(=O)n3C)n2Cc2ccccc2)s1,0
O=S(=O)(Nc1ccc2c(c1)nc1n2CCN(Cc2ccccc2)C1)c1ccccc1,0
CCCCNC(=O)CCC(=O)Nc1ccc2nc(N3CCOCC3)cc(C)c2c1,0
CN(CC(=O)NC1CCCCC1)S(=O)(=O)c1ccc(Cl)cc1,0
Cc1ccc(NC(=O)N(Cc2cc3cc(C)cc(C)c3[nH]c2=O)CC2COCCO2)cc1,0
CC12CCC(C(=O)NCCN3CCCCC3)(CC1=O)C2(C)C,0
Cc1cc(C)nc(SCc2nnc(SCC(=O)N3CCCc4ccccc43)n2C)n1,0
CCCc1cc(=O)nc(SCC(=O)N(CC)Cc2ccccc2)[nH]1,0
COC(=O)C1CCN(C(=O)c2c(-c3ccccc3Cl)noc2C)CC1,0
N#Cc1ccc(CSc2nnc(-c3ccccn3)n2-c2ccccc2)cc1,0
CCOC(=O)C1C(=O)N(C)C2(C)CC1c1ccccc1O2,0
Cn1c(=O)c2c(-c3ccc(C(C)(C)C)cc3)n(N3CCOCC3)cc2n(C)c1=O,0
O=C(Nc1ccc2c(c1)OCCO2)C1CCN(C(=O)c2ccc(Br)cc2)CC1,0
CCOC(=O)c1c(C)n(O)c2ccc(Cl)cc2c1=O,0
COc1ccc(OC)c(C2=Nn3c(nnc3-c3cccc(OC(C)C)c3)SC2)c1,0
O=C(CSc1nnnn1C1CCCCC1)Nc1cccc(NC(=O)c2ccco2)c1,0
Cc1ccc(S(=O)(=O)N2CCN(C(=O)CC3CCCC3)CC2)cc1,0
CC(=O)Nc1ccn(Cc2c(F)cccc2Cl)n1,0
CCc1nnc(NC(=O)CSc2nnc(C3CCCCC3)n2-c2ccccc2)s1,0
COC(=O)c1cc(Br)c(=O)n(CCC2=CCCCC2)c1,0
CS(=O)(=O)N1CCC(c2noc(-c3ccc(C(F)(F)F)cc3)n2)CC1,0
CC1CCN(C(=O)C2CCN(C(=O)c3cc4sccc4n3Cc3ccc(F)cc3)CC2)CC1,0
O=C(c1c(F)cccc1F)N1CCN(c2ccccc2F)CC1,0
Cc1csc(NC(=O)Nc2cccc(Cl)c2)n1,0
COc1ccc(-c2noc(-c3ccccc3Cl)n2)cc1OC,0
O=C(CN1CCOCC1)N1CCN(S(=O)(=O)c2ccccc2)C1c1ccccc1,0
Cc1ccc(NC(=O)C2CCN(C(=O)NC3CCCCC3)CC2)cc1Cl,0
O=C(NCCN1CCCC1)C1CCN(S(=O)(=O)N2CCC3(CC2)OCCO3)CC1,0
O=C(CSc1nnc(-c2ccco2)o1)NCC(=O)c1ccccc1,0
CCOCCn1c(SCc2ccc(C)cc2)nc2c1c(=O)[nH]c(=O)n2C,0
CCCSc1nc(N2CCCC2)c2c(c1C#N)CC(C)(C)OC2,0
CCN(c1ccccc1)S(=O)(=O)c1ccc(Oc2ccc(-n3ccnc3)cc2)nc1,0
CCOC(=O)C1CCCN(C(=O)c2cc3c(-c4cccc(OC)c4)nn(C)c3s2)C1,0
CC(=O)C1C(c2cccc(Oc3ccccc3)c2)NC(=O)NC1(O)C(F)(F)F,0
COCC(=O)N(Cc1cc2ccccc2[nH]c1=O)c1ccc(OC)cc1,0
Cc1cc(N2C(=O)C3CCCN3C2c2cccc(Cl)c2)no1,0
CCN1CCN(C(=O)c2sc3nc(C)nc(N4CCC(C)CC4)c3c2C)CC1,0
CCC(=O)Nc1ccc(C(=O)CSc2nnc(CNc3ccc(Cl)cc3)o2)cc1OC,0
CCC1CCCCN1C(=O)Cn1c(C(=O)OC)cc2ccsc21,0
CS(=O)(=O)n1nc(C(=O)N2CCOCC2)nc1N,0
CCN(CC)C(=O)CSc1nc2ncc(Br)cc2[nH]1,0
COc1ccc(C)cc1NC(=O)c1nnn(CCc2ccccc2)c1N,0
O=C(NCc1ccco1)c1cc2nc(-c3ccc4c(c3)OCO4)cc(C(F)(F)F)n2n1,0
Cc1ccc2c(CC(=O)OCc3nc(N)nc(Nc4ccccc4C)n3)coc2c1,0
Cc1cc(C)c2cc(C#N)c(SCC(=O)NCc3ccco3)nc2c1,0
CN(C)S(=O)(=O)N(CC(=O)Nc1ccccc1C(F)(F)F)c1ccccc1,0
CSc1nc2ccccc2n1CC(=O)N1CCCCC1,0
CC(=O)Nc1ccc(-c2cn3ccsc3n2)cc1,0
Cc1occc1C(=O)NC1CCCc2ccccc21,0
Cc1ccc(C)c2[nH]c(=O)c(CN(CCN3CCCC3)C(=O)Nc3ccc(F)cc3)cc12,0
CC1CCN(CCNC(=O)c2ccc(NC(=O)C3CCCO3)cc2)CC1,0
Cc1ccc(/C=c2\sc3n(c2=O)CN(c2ccc(Br)cc2)CN=3)o1,0
O=C(CSc1nnc(CNC(=O)c2cccs2)o1)NC1CCCC1,0
O=C(C1CC1)N1CCN=C1SCc1ccc(Cl)cc1,0
COc1ccc(N2C(=O)CCC2=O)cc1,0
O=C(NCc1cccs1)C1CC(=O)N(c2ccc(F)cc2)C1,0
COc1cccc(NC=C2C(=O)OC3(CCCCC3)OC2=O)c1,0
Cc1cc2ncn(S(=O)(=O)c3ccc(S(=O)(=O)N4CCOCC4)cc3)c2cc1C,0
O=C(Cn1c(=O)c(C(F)(F)F)nc2ccccc21)N1CCC2(CC1)OCCO2,0
O=C(CN(Cc1ccco1)S(=O)(=O)c1cccs1)Nc1ccccc1C(F)(F)F,0
CCOc1ccccc1N1CCN(C(=O)Nc2ccc(F)c(Cl)c2)CC1,0
CCOC(=O)c1sc(NC(=O)CSc2n[nH]c(-c3ccccc3)n2)c(C#N)c1C,0
Cc1c(Cl)cccc1N(CC(=O)N1CCCCCC1)S(C)(=O)=O,0
COCCn1nnnc1SCC(=O)c1ccccc1,0
O=C(NCc1ccccc1)N(Cc1cc2cc3c(cc2[nH]c1=O)OCO3)CC1CCCO1,0
O=C(CSc1nc2ccccc2o1)N1CCN(c2ccc(Cl)cc2)CC1,0
CCOC(=O)N1CCN(C(=O)c2oc3ccc(S(=O)(=O)N4CCCCC4)cc3c2C)CC1,0
CC(C)c1ccc(NC(=O)C2C3C=CC4(CN(CCCN5CCOCC5)C(=O)C24)O3)cc1,0
Cc1cc(N2CCOCC2)c2c(N)c(Br)cc(C)c2n1,0
CCn1c(SCc2cccc(C(=O)O)c2)nnc1-c1ccccc1,0
CCC(=O)N1CCc2cc(S(=O)(=O)CCC(=O)Nc3nc(C)cs3)ccc21,0
Cc1c(C(=O)Nc2cccc(C(F)(F)F)c2)oc2ccc(S(=O)(=O)N3CCOCC3)cc12,0
COc1ccc(OC)c(C(=O)CSc2nnc(-c3cccnc3)n2C)c1,0
COC(=O)c1ccc(-n2nnnc2SCC(=O)NCc2cccc(C(=O)O)c2)cc1,0
CCOC(=O)c1ccccc1NC(=O)C(C)Oc1ccccc1,0
COC(=O)CSc1nnc(CNC(=O)c2ccccc2OC)n1-c1ccc(OC)cc1,0
CSc1ccc(S(=O)(=O)Nc2ccc(NC(C)=O)cc2)cc1,0
O=C(CCCN1C(=O)c2ccccc2C1=O)Nc1nncs1,0
CCN(CC(=O)Nc1ccc2c(c1)CCC2)Cc1nc(=O)c2ccccc2[nH]1,0
COC(=O)c1ccccc1NC(=O)CN1CCC(NC(=O)c2ccc(C)cc2)CC1,0
COC(=O)c1cc2occc2n1Cc1c(F)cccc1Cl,0
O=C(Nc1nc2c(s1)CCc1ccccc1-2)c1ccco1,0
COc1ccc(C(C)(C)C)cc1S(=O)(=O)N1CCN(C)CC1,0
CCOC(=O)CSc1nnc(CSc2nc(=O)c3ccccc3[nH]2)n1-c1ccccc1,0
COC(=O)c1[nH]c2ccc(C)cc2c1NC(=O)CCN1CCN(C2CCCCC2)CC1,1
CCOCCOC(=O)c1[nH]c2c(c1C)C(=O)CC(c1ccc(N(C)C)cc1)C2,0
COc1ccccc1C1NC(=O)NC(C)=C1C(=O)OC1CCCCC1,0
CCCCn1c(SCC(=O)Nc2cc(C)on2)nnc1-c1cccnc1,0
COc1ccc(NC(=O)C2CCCN(C(=O)NC3CCCCC3)C2)cc1OC,0
CCOC(=O)N1CCN(Cc2ccccc2Cl)CC1,0
CSCCC(C(=O)O)N1Cc2ccccc2C1=O,0
O=C1Nc2cc(Cl)cnc2N2CCCC12,0
O=C(NCc1ccc2c(c1)OCO2)C1CC(=O)N(C2CCCCCCC2)C1,0
Cn1cnnc1SC(C(=O)c1ccccc1)c1ccccc1,0
CN(C)c1ccc(NC(=O)CN2CCN(S(=O)(=O)c3cc(Cl)ccc3Cl)CC2)cc1,0
Nc1ccnc(C(F)(F)F)c1C(=O)c1ccccc1,0
CC(=O)Nc1ccc(S(=O)(=O)Nc2ccc(N3CCOCC3)c(F)c2)cc1,0
C=CCn1c(-c2ccccc2)c[nH]c1=S,0
Cn1nc(-c2ccc(C(=O)N3CCN(c4ccccc4)CC3)cc2)c2ccccc2c1=O,0
Fc1ccc(Cn2nnnc2C(c2cccs2)N2CCCCCC2)cc1,0
Brc1ccc2ncnc(NCc3ccco3)c2c1,0
O=C(COc1ccc(F)cc1Br)N1CCc2ccccc21,0
Cc1cccc2cc(CN(Cc3ccccc3)C(=O)N(C)C)c(=O)[nH]c12,0
CC1CCCCN1C(=O)NC(Cc1ccccc1)C(=O)O,0
CC(C)Sc1nc(N2CCCC2)c2c(c1C#N)CC(C)(C)OC2,0
CCOC(=O)C(NC(C)=O)(N1CCOCC1)C(F)(F)F,0
CCOc1cc(S(=O)(=O)NCCc2ccccc2C)c(OCC)cc1-n1cnnn1,0
COc1ccc(NC(=O)CCNS(=O)(=O)c2ccc3c(c2)c(=O)n(C)c(=O)n3C)cc1,0
CCOC(=O)N1CCN(C(=O)CN(c2cccc(C(F)(F)F)c2)S(C)(=O)=O)CC1,0
COc1cc(NC(=O)Cn2c(-c3cncs3)nc3ccccc32)cc(OC)c1OC,0
COc1cc2cc(C(c3nnnn3C3CCCC3)N(C)C3CCCCC3)c(=O)[nH]c2cc1OC,0
COC(=O)c1ccc(CSc2nc3n(-c4ccc(C)cc4)[nH]cc-3c(=O)n2)o1,0
N#CCCN(C(=O)Nc1ccc(Cl)cc1)c1ccccc1,0
CC(Sc1nnc(-c2cc3ccccc3o2)n1-c1ccccc1)C(=O)O,0
CCOC(=O)CN1C(=O)C(C)(C)Oc2ccc(C(=O)Nc3ccccc3)cc21,0
Cc1ccc(S(=O)(=O)N2CCN(c3ncnc4c3cnn4-c3ccccc3)CC2)cc1,0
CCOC(=O)N1CCN(C(=O)c2oc3ccc(S(=O)(=O)N4CC(C)CC(C)C4)cc3c2C)CC1,0
Cn1ncc(Cl)c1C(=O)N1CCc2ccccc21,0
CN(C)S(=O)(=O)c1cccc(C(=O)OCC(=O)N2c3ccccc3NC(=O)C2(C)C)c1,0
O=C(O)CCCCCn1c(SCC(=O)N2CCCC2)nc2ccsc2c1=O,0
CCCCNC(=O)Oc1cccc(N2CCCC2=O)c1,0
CCC(C)(C)n1nnnc1CN(Cc1cccs1)Cc1cc2cc(OC)ccc2[nH]c1=O,0
COc1ccccc1NS(=O)(=O)c1ccc(Cl)cc1,0
Cc1nnc(SCCn2c(N3CCC(C)CC3)nc3c2c(=O)[nH]c(=O)n3C)s1,0
O=C(CCCn1c(=O)[nH]c2ccccc2c1=O)N1CCN(Cc2ccc3c(c2)OCO3)CC1,0
CC(C)(Oc1ccc(Cl)cc1)C(=O)NCc1ccncc1,0
COc1cc(OC)nc(NC(=O)CS(=O)(=O)c2ccccc2)n1,0
CC1CCN(C(=O)CSc2nnc(Cc3ccccc3)o2)CC1,0
O=C(Nc1cccc(F)c1)c1ccc(S(=O)(=O)NCC2CCCO2)cc1,0
COc1cccc(CN2CCN(c3cccc(C(F)(F)F)c3)CC2)c1OC,0
Cc1ccc(N(C(=O)CC2NC(=O)NC2=O)C2(C(=O)NC3CCCC3)CCCCC2)cc1,0
Cc1ccc(S(=O)(=O)N(C)CC(=O)OCc2nnc(-c3ccccc3)o2)cc1,0
CN(C)c1ccc(C(=O)Nc2ccc(S(=O)(=O)NC3=NCCCCC3)cc2)cc1,0
O=C(c1cccc(COCC(F)(F)C(F)F)c1)N1CCN(c2ccccc2)CC1,0
COc1cc(C2NC(=O)NC(O)(C(F)(F)F)C2C(C)=O)cc(OC)c1OC,0
COc1ccc(C)cc1-n1nnnc1SCc1nc2ccccc2s1,0
O=C(NCCCN1CCC(Cc2ccccc2)CC1)C1CCC(=O)N1C1CCCC1,0
Brc1ccc(-c2nc(-c3cccnc3)no2)o1,0
Cc1ccc(Cl)cc1-n1c(=O)cc(N2CC(C)OC(C)C2)[nH]c1=O,0
CCOC(=O)C1CCCN(Cc2ccccc2C)C1,0
COC(=O)c1ccccc1NC(=O)CSc1nc(-c2ccco2)cc(C(F)(F)F)n1,0
COC(=O)C1CCCN1C(=O)Nc1cccc(Oc2c(F)c(F)c(F)c(F)c2F)c1,0
CCN(CC)CCCNC(=O)c1cc(-c2cccc(Cl)c2)on1,0
Cc1ccc(C)c2[nH]c(=O)c(CCNC(=O)C(C)C)cc12,0
FC(F)(F)c1cc(-c2cccs2)nc(NCc2ccco2)n1,0
Cc1ccc(S(=O)(=O)C(F)(F)F)cc1NC(=O)c1cccnc1,0
CCSc1nnc(-c2cccc(S(=O)(=O)N(CC)CC)c2)n1Cc1ccccc1,0
COc1ccc(OC)c(C2N(c3ccc(Cl)cc3)C(=O)C3CCCN32)c1,0
COC(=O)c1cccc(NC(=O)CSc2nnc(C)n2Cc2ccccc2)c1,0
Cc1nc(SCC(=O)Nc2cccc(Cl)c2)n[nH]1,0
CS(=O)(=O)N(CC(=O)NCCC1=CCCCC1)c1ccc2c(c1)OCO2,0
Nc1n[nH]c(S(=O)(=O)CCCc2ccccc2)n1,0
Cc1ccc(S(=O)(=O)c2cc3c(=O)n4ccccc4nc3n(CC3CCCO3)c2=N)cc1C,0
OCCN(CCO)c1ncnc2c1sc1nc(N3CCOCC3)c3c(c12)CCCC3,0
COc1ccc(S(=O)(=O)N(CC(=O)NCc2ccco2)C2CCCCC2)cc1OC,0
CCCC(=O)Nc1cc(OC)c(NC(=O)NC2CCCCC2)cc1OC,0
O=C(C1CCN(S(=O)(=O)Cc2ccccc2)CC1)N1CCCc2ccccc21,0
COc1ccc(CCNC2=NCCS2)cc1,0
Cc1ccc(C)c(NS(=O)(=O)c2ccc(OCC(=O)NCc3ccco3)cc2)c1,0
Cc1ccc(C(=O)c2cncc(Br)c2)cc1,0
CCCn1c(C(O)c2ccc3c(c2)OCO3)nc2ccccc21,0
Nc1cccc(C(=O)Nc2ccccc2Cl)c1,0
O=c1c2[nH]c3ccc(Cl)cc3c2ncn1CCN1CCCCC1,0
CCOc1cc(S(=O)(=O)NCCN2CCOCC2)c(C)cc1C,0
COc1ccc2[nH]c(=O)c(CN(CC3CCCO3)C(=O)Nc3ccccc3OC)cc2c1,0
COc1ccc(N2CCN(CC(=O)Nc3cc4c(cc3C(C)=O)OCO4)CC2)cc1,0
Cc1cc(C(=O)NCc2cccnc2)cs1,0
COc1cc(S(=O)(=O)N2CCOCC2)ccc1NC(=O)COC(=O)C12CC3CC(CC(C3)C1)C2,0
COc1ccc(C(C(O)C(=O)c2c[nH]c3ccccc23)N2CCN(c3ccc(OC)cc3)CC2)cc1,0
Cc1nc2ccccc2c(=O)n1NC(=O)Nc1ccccc1,0
O=c1c(Cl)c(NCCO)ncn1-c1ccccc1,0
CCC(NCC1CCCO1)=C1C(=O)NC(=O)NC1=O,0
CCOc1ccccc1NC(=O)NC1(C(=O)N2CCN3CCCC3C2)CCCCC1,0
O=C(NCc1ccccn1)C1CCCN(S(=O)(=O)c2ccc(Br)cc2)C1,0
COc1ccc(N2CCN(Cc3cc(=O)oc4c3ccc3ccccc34)CC2)cc1,0
CC(=O)Oc1cccc(N2C(=O)C3C(C2=O)C2C=CC3C23CC3)c1,0
CCOC(=O)N1CCN(S(=O)(=O)c2ccc(C(=O)Nc3ccc(F)cc3F)cc2)CC1,0
O=C(c1ccc(-c2ccccc2)cc1)N1CCN(c2nc3ccccc3o2)CC1,0
Cc1nn(-c2ccccc2)c2sc(C(=O)OCN3C(=O)c4ccccc4C3=O)cc12,0
COc1ccccc1-c1nc(C#N)c(N2CCC(Cc3ccccc3)CC2)o1,0
Cn1c(SCC(=O)NC2CCCCC2)nnc1-c1cc2cc(Cl)ccc2o1,0
Brc1ccc2c(c1)c1nc3ccccc3nc1n2CCN1CCOCC1,0
O=C(c1ccccc1)c1cccn1CC(=O)N1CCN(c2ccc(F)cc2)CC1,0
COc1ccc(CN2CCN(C(=O)CC(C)C)CC2)c(OC)c1OC,0
Cc1ccc2nc(-c3ccc(S(=O)(=O)N4CCOCC4)cc3)cn2c1,0
C(=N/c1nccs1)\Nc1nccs1,0
Cc1ccc(N2C(=O)c3sc4nnc(C)c(=O)n4c3C2=O)cc1,0
COC(=O)c1ccc(N2C(=O)CC(N(C)Cc3ccccc3)C2=O)cc1,0
CCN(CC)CCCNC(=O)c1nn(-c2cccc(OC)c2)c(=O)c2ccccc12,0
Cc1ccc(NC(=O)CS(=O)CC(=O)N(C2CCCC2)C(C)C(=O)NC2CCCCC2)cc1,0
CC(C)c1ccc(-c2nnn(Cc3nc4ccccc4s3)n2)cc1,0
Cc1cc(NS(=O)(=O)c2ccccc2)n(-c2ccccc2)n1,0
O=C(NCc1ccco1)c1cnn2c(C(F)(F)F)cc(-c3ccccc3)nc12,0
CC(=O)N1CN(CCCn2ccnc2)Cc2c1sc1c2CCCC1,0
CCn1c2ccccc2c2cc(NC(=O)N3CCOCC3)ccc21,0
O=C(OCn1nnc2ccccc2c1=O)c1ccc(Br)o1,0
Cc1cccc(NC(=O)c2ccc(S(=O)(=O)N3CCCCC3)cc2)n1,0
C=CCn1c(Br)nc2c1c(=O)n(C)c(=O)n2C,0
CC(=O)N1CCN2C(=O)C1CCCC(=O)c1cc(C3CCCCC3)ccc12,0
Cc1ccc(C(=O)NCCCCNC(=O)c2ccc(C)o2)o1,0
COc1cc(NC(=O)c2cnn3c(C)cc(C)nc23)c(OC)cc1Cl,0
COC(=O)c1cc(NC(=O)CSc2nnc(CN3CCOCC3)n2C)ccc1Cl,0
C=CCN1C2CCCC1CC(NC(=O)Nc1cccc(C(C)=O)c1)C2,0
Clc1ccc(NC2=NCCCCC2)cc1,0
CCOC(=O)N1CCC(NC(=O)c2cccc3c2C(=O)N(c2ccc(OC)cc2)C3)CC1,0
Cc1cc(C)n2nc(C(=O)Nc3ccc4c(c3)OCO4)nc2n1,0
CCOc1c(OC)cc(C2C(C#N)=C(N)Oc3n[nH]c(-c4ccncc4)c32)cc1OC,0
O=C(CSc1nnc(-c2ccccc2)c(-c2ccccc2)n1)N1CCOCC1,0
Cc1cc(NC(=O)Cn2nc3c(cc2=O)CCCC3)ccc1Br,0
Clc1ccc(-n2ncc3c(NCc4cccs4)ncnc32)cc1,0
COc1ccc(S(=O)(=O)N2CCOCC2)cc1C(=O)Nc1nc2ccccc2s1,0
Cc1cccc(C)c1NC(=O)CSc1nnc(-c2ccoc2C)n1C,0
CC1CCC(NS(=O)(=O)c2ccc3c(c2)n(C)c(=O)c(=O)n3C)CC1,0
Cc1onc(-c2c(Cl)cccc2Cl)c1C(=O)NC(C)(C)CO,0
COc1ccc(CN(C(=O)c2ccco2)c2ccc(Br)cc2)cc1OC,0
COC(=O)c1[nH]c2ccc(C)cc2c1NC(=O)CN1CCN(c2ccccc2)CC1,0
O=C(NCc1cccc(F)c1)C1CCN(S(=O)(=O)Cc2ccccc2)CC1,0
O=C(O)C1CC(c2cccc(Br)c2)=NO1,0
Cc1cc2nc(-c3cccc(NC(=O)c4ccc(Br)o4)c3C)oc2cc1C,0
Cc1ccc(Nc2nc(C(=O)N3CCC(C(=O)NCCN4CCOCC4)CC3)cs2)cc1,0
Cc1ccc(S(=O)(=O)N2CCC(C(=O)Nc3nnc(C4CCCC4)s3)CC2)cc1,0
CCOC(=O)CS(=O)(=O)c1ccc2ccccc2c1,0
O=C(NCc1ccccc1)N(Cc1nc(=O)c2ccccc2[nH]1)C1CCCC1,0
FC(F)(F)c1cc(-c2cccs2)nc(N2CCOCC2)n1,0
CS(=O)(=O)N(CC(=O)NCc1cccnc1)Cc1ccc(Cl)cc1,0
CC(=O)c1cccc(NS(=O)(=O)c2ccc3c(c2)oc(=O)n3C)c1,0
O=C(c1ccccc1)N1CCN(c2ccc(Cl)cc2)CC1,0
CCNS(=O)(=O)c1ccc(S(=O)(=O)N(Cc2ccccn2)C2CCCCC2)cc1,0
CCOc1ccc(-n2c(=O)cc(N3CCN(c4ccccc4)CC3)[nH]c2=O)cc1,0
Cc1[nH]n2c(=O)cc(Cc3ccccc3)nc2c1C#N,0
O=C(COc1ccc(Cl)cc1)N1CCN(c2ncccn2)CC1,0
COCc1cc(C)nc2sc3c(=O)n(Cc4ccco4)nnc3c12,0
CCOC(=O)N1CCC(NS(=O)(=O)c2cc(Br)cc3c2N(C(=O)CC)CC3)CC1,0
CCOC(=O)C1=C(C)OC(N)=C(C(=O)OCC)C12C(=O)Nc1ccc(Br)cc12,0
Cc1c(C(=O)Nc2ccccc2)sc2nc(-c3ccccc3)cn12,0
COc1cccc(OCCOCCN(C)CCO)c1,0
O=C(CSc1nc2ccccc2c(=O)n1Cc1ccco1)c1ccc(F)cc1,0
Cc1ccccc1NC(=O)CCC(=O)OCCCC(F)(F)C(F)(F)F,0
Cn1c(=O)c2c(nc(CN3CCN(Cc4ccccc4)CC3)n2CCN2CCOCC2)n(C)c1=O,0
COC(=O)c1c(NC(=O)CSc2nnnn2-c2ccc3c(c2)OCO3)sc(C)c1C,0
O=C(CCCC(=O)OCC(F)(F)C(F)F)Nc1nccs1,0
O=C(CSc1nc2ccccc2[nH]1)Nc1ccccc1N1CCOCC1,0
Cc1cc(NS(=O)(=O)c2ccc(NC(=O)C(C)N3C(=O)c4ccccc4C3=O)cc2)nc(C)n1,0
COc1ccc(C)cc1-n1c(-c2ccncc2)n[nH]c1=S,0
CC(C)OC(=O)c1ccc(OC(=O)c2cccnc2)cc1,0
CC(=O)NC(CCS(C)(=O)=O)C(=O)Nc1ccccc1Cl,0
CCC1CCCCN1C(=O)NC(Cc1ccccc1)C(=O)O,0
CC(=O)C1=C(O)C(=O)N(CCc2c[nH]c3ccccc23)C1c1cccc(O)c1,0
Cc1cccc(C)c1NC(=O)CCCSc1nnc(-c2ccco2)n1-c1ccccc1,0
CCOC(=O)c1ccc(NC(=O)COc2ccccc2OC)cc1,0
Nc1nnc(CC(=O)NCc2ccccc2)s1,0
COc1ccc(CCNS(=O)(=O)c2ccc(F)cc2)cc1OC,0
CCN(C(=O)COc1ncnc2ccc(Br)cc12)C1CCS(=O)(=O)C1,0
Cc1ccn2cc(CCNC(=O)c3ccc(Br)o3)nc2c1,0
COC(=O)c1cn(NC(=O)C2CCCCC2)c(=O)c2ccccc12,0
CCCn1c(SCC(=O)NC(C)(C)C)nnc1C(C)C,0
COC1=C/C(=C/C=C2/NC(=O)C(C)(C)O2)C=CC1=O,0
CN1C(=S)SC(N(O)C(=O)NC2CCCCC2)C1(C)C,0
Cc1noc(C)c1C(=O)Nc1nnc(-c2ccccc2)s1,0
CCOCCCNC(=O)c1c(C)c(C(=O)OCC)n(C)c1C,0
CCn1cc(C(C)NC(=O)COc2ccc(Cl)cc2C)c(C)n1,0
N#Cc1c(NC(=O)CN2CCN(C(=O)c3ccco3)CC2)sc2c1CCCCC2,0
CCCc1ccc(C(C)NC(=O)c2cnccn2)cc1,0
COc1ccc(CC(=O)Nc2ccc(-c3noc(-c4cccc(OC)c4)n3)cc2)cc1,0
CCOC(=O)C1=C(C)NC(=O)C(C(N)=O)C1c1ccccc1,0
CCCn1c(SCC(=O)Nc2nnc(CC)s2)nnc1-c1ccco1,0
CCc1ccc(N/C(SC)=C(/C#N)C(N)=O)cc1,0
COc1ccccc1-c1nc(SCC(=O)O)n[nH]1,0
CCCC(=O)Nc1ccc(Cl)c(NC(=O)c2ccco2)c1,0
COc1ccc(C(C)(C)C)cc1NC(=O)c1ccoc1C,0
Cc1cccc(N2CC(C(=O)O)CC2=O)c1,0
CN(C)S(=O)(=O)c1ccc(C(=O)OCCCNC2=NS(=O)(=O)c3ccccc32)cc1,0
N#C/C=C\Oc1ccc(Cl)cc1N,0
CCc1c(C)nc2ncnn2c1N1CCC(C(=O)NCc2cccc(OC)c2)CC1,0
Cc1ccc(Cn2c(SCC(=O)Nc3cc(C)on3)nc3ccccc3c2=O)cc1,0
CC(c1ccco1)N(C(=O)c1cccs1)c1ccccn1,0
Cc1ccc(C(=O)O)c(C(=O)Nc2nc(C)cs2)c1,0
CCn1c(Cc2ccccc2)nnc1SCC(=O)Nc1ccc(N2CCOCC2)c(Cl)c1,0
COc1cccc(OC)c1C(=O)N1CCN(S(=O)(=O)c2ccc(C)cc2)CC1,0
CCOc1ccc(C(=O)CCN2CCCCC2)cc1,0
COc1ccc2c(c1)N(C(=O)CSc1n[nH]c(C)n1)C(C)(C)C=C2C,0
CCc1cc2ccc(C)cc2nc1SCC(=O)N1CCN(C(=O)c2ccco2)CC1,0
CC(=O)Nc1cc2c(cc1Br)OCCO2,0
Cc1cccc(C)c1-n1nnnc1S(=O)(=O)Cc1ccccc1Cl,0
O=C(O)c1ccc(-c2ccccc2C(F)(F)F)o1,0
COc1ccccc1OCc1nnc(SCC(=O)c2cc(Cl)ccc2OC)o1,0
CCOc1cc(C)c(Cl)cc1S(=O)(=O)NCc1ccc2c(c1)OCO2,0
Cc1[nH]c2ccccc2c1C(=O)COC(=O)C1CCC(=O)N1,0
CCOC(=O)C1=C(CNCCc2ccc(Cl)cc2)NC(=O)NC1c1ccc2c(c1)OCO2,0
CCCCCSc1nc(=O)c(-c2cc(Br)ccc2N)n[nH]1,0
NC(=O)C1(N2CCCCC2)CCN(C(=O)c2ccccc2)CC1,0
COc1ccc(OCC(=O)Nc2ccc3c(c2)nc(CCN2CCOCC2)n3C)cc1,0
CCOc1ccccc1N1CCN(S(=O)(=O)c2ccc(F)c(F)c2)CC1,0
CCN(CC)S(=O)(=O)c1cccc(-c2nnc(SCc3ncc(-c4ccccc4)o3)n2C)c1,0
Cn1c(NCc2ccccc2)nc2c1c(=O)n(Cc1ccccc1)c(=O)n2C,0
CCOC(=O)c1c(C)c(C(=O)N2CCCCCC2)c(C)n1CC,0
CC(C)n1c(NCc2cc(Cl)ccc2O)nc2ccccc21,0
Cc1cccc2sc(NC(=O)C3CCCN(S(=O)(=O)c4cccc5nonc45)C3)nc12,0
Cc1ccc(N2CC(C(=O)Nc3ccc(S(=O)(=O)N4CCCC4)cc3)CC2=O)cc1,0
Cn1c(=O)[nH]c(=O)c2c1nc(N1CCCCCC1)n2Cc1cccc2ccccc12,0
CC(Sc1nncn1C)C(=O)Nc1nnc(C(C)C)s1,0
Cc1cc(NC(=O)c2ccc(Br)c(S(=O)(=O)N3CCCC3)c2)no1,0
CCOC(=O)C(C)Sc1nc(-c2ccco2)cc(C(F)(F)F)c1C#N,0
c1ccc(CN2CCN(c3nc(-c4ccccc4)nc(-n4ccnc4)n3)CC2)cc1,0
Cn1c(Cn2nnc3ccccc32)nnc1SCC(=O)Nc1ccc2c(c1)OCO2,0
O=c1c2ccccc2nnn1CSc1nc2sc3c(c2c(=O)n1CC1CCCO1)CCC3,0
Cc1ccc(-n2c(SCC(=O)NCC3CCCO3)nnc2-c2ccoc2C)cc1,0
COc1ccc(NC(=O)c2cnc3ccccn3c2=O)c(OC)c1,0
O=C(CCc1nc(=O)c2ccccc2[nH]1)NC1CCN(Cc2ccccc2)CC1,0
CCCCCn1c(N2CCN(Cc3ccccc3)CC2)nc2c1c(=O)[nH]c(=O)n2C,0
CC1(C(=O)O)CCC(C(=O)Nc2ccccc2)C1(C)C,0
CC(C)c1ccc(OCc2ccc(C(=O)N3CCN(c4ccccn4)CC3)cc2)cc1,0
CCN(CC)S(=O)(=O)c1ccc2c(c1)c(=O)c(C(=O)N1CCN(c3ccccc3)CC1)cn2C,0
CCn1c(CC(C)C)n[nH]c1=S,0
CCOc1ccc(NC(=O)CCS(=O)(=O)c2ccc3c(c2)CCCN3C(C)=O)cc1,0
COC(=O)COc1ccc(S(=O)(=O)Nc2ccc(C(N)=O)cc2)cc1Cl,0
CCN(CC)C(=O)CSc1nnc(-c2ccco2)n1Cc1ccco1,0
O=C(c1ccc(C#Cc2ccccc2)o1)N1CCN(c2ccccn2)CC1,0
Cc1cc(NC(=O)CCn2c(=O)sc3ccccc32)no1,0
CCOc1cc(S(=O)(=O)N(CC)CC)ccc1Br,0
O=C(CCn1c(=O)sc2ccccc21)NCc1ccccc1,0
CCOC(=O)c1cc(CN2CCOCC2)oc1-c1ccccc1,0
Cc1ccccc1N1C(=O)NC(=O)/C(=C\NCCN2CCOCC2)C1=O,0
CCCCOc1ccc(NC(=O)C2CC=CCC2C(=O)O)cc1,0
CCCC(=O)Nc1cnc(NC(=O)c2cccc(F)c2)cc1C,0
CC(=O)c1nc2ccccc2n1S(=O)(=O)c1ccc(Cl)cc1,0
CCN1CCN(c2c(Cl)cccc2NC(=O)c2ccco2)CC1,0
Cc1cc(C(=O)N2CCC(C(F)(F)F)n3nccc32)on1,0
CCOC(=O)Cc1csc(NC(=O)CCN2C(=O)c3ccccc3C2=O)n1,0
O=C(Cn1nnc(-c2ccccc2NC(=O)c2ccco2)n1)Nc1ccccc1,0
O=S(=O)(NC1CCCC1)c1cccc(S(=O)(=O)N2CCC(n3nnc4ccccc43)CC2)c1,0
O=S1(=O)N=C(N2CCN(Cc3ccccc3)CC2)c2ccccc21,0
O=C(Oc1nsnc1N1CCOCC1)N1CCCCC1,0
Nc1nnc(-c2cc3ccccc3oc2=O)s1,0
CCN(CC)C(=O)C1CCCN(Cc2ccc(OC)c(C)c2)C1,0
CC(C)(C)NC(=O)c1cc(NC(=O)c2ccco2)cc(NC(=O)c2ccco2)c1,0
O=C(COc1ccccc1)Nc1nnc(-c2ccc(Cl)s2)o1,0
COc1ccc(-n2ncc3c(NCCCn4ccnc4)ncnc32)cc1,0
COCCn1c(SCC(=O)OC(C)C)nnc1-c1ccccc1,0
O=C(OCC(=O)N1CCN(C(=O)c2ccco2)CC1)c1ccc(S(=O)(=O)N2CCCCC2)cc1,0
CCCCN(C(=O)c1c(C)[nH]c(C(=O)OCC)c1C)c1ccccc1,0
COc1ccccc1CNC(=O)C1COc2ccccc2O1,0
Cc1c(C(=O)N2CCN(c3ccccc3F)CC2)sc2ncn(CC(=O)N3CCOCC3)c(=O)c12,0
CN1CCN(Cc2cc(=O)oc3ccc(Cl)cc23)CC1,0
CCC1CCCCN1S(=O)(=O)c1ccc(C(=O)Nc2nnc(-c3cccs3)o2)cc1,0
CCOC(=O)c1c(C)oc2ccc(O)c(CN3CCCCC3)c12,0
Cc1nc(SCC(=O)N2CCN(C(=O)c3ccco3)CC2)c2c(C)c(C)sc2n1,0
Cc1ccc(-c2nn3c(-c4cccc(Cl)c4)nnc3s2)cc1,0
COc1cccc(-c2nnc(SCC(=O)Nc3ccc(S(N)(=O)=O)cc3)n2C)c1,0
C/C(N)=C(/C#N)C(=O)COC(=O)C1Cc2ccccc2CN1S(C)(=O)=O,0
COc1ccc2c(CCNC(=O)c3ccco3)c[nH]c2c1,0
COc1cccc2cc(C(=O)NCC3CCCO3)c(=O)oc12,0
Cc1cc(C(=O)CSc2nnc(Nc3ccccc3)s2)c(C)n1CC1CCCO1,0
CC(C)(Oc1ccc(Cl)cc1)C(=O)NCc1ccco1,0
O=C1CCCC2=C1C(c1ccccc1)C1=C(CCCC1=O)O2,0
COc1ccc(N2C(=O)C3CC(C)=C(C)CC3C2=O)c(OC)c1,0
CC(=O)c1cccc(NC(=O)NC2CCCCC2)c1,0
CCC(C)C(NC(=O)NCc1cccc(OC)c1)C(=O)O,0
CCn1c(COc2ccccc2C)nnc1SCC(=O)CC(=O)Nc1ccccc1OC,0
O=C(CSc1nnc2ccccn12)c1ccc(OC(F)F)cc1OC(F)F,0
COc1ccc(C(=O)Nc2nnc(C(F)(F)F)s2)cc1,0
COc1ccc(S(=O)(=O)N(CCCN2CCCC2=O)Cc2cc3cc(C)c(C)cc3[nH]c2=O)cc1,0
CS(=O)(=O)Nc1ccc(C(=O)N2CCCCC2)cc1,0
Cn1c(=O)cc(OCC(=O)Nc2ccccn2)c2ccccc21,0
CCc1nc2c(cnn2-c2ccc(Cl)cc2)c(=O)n1-c1ccc(OC)cc1,0
O=C(Nc1ccccc1C(=O)N1CCOCC1)c1cccc(S(=O)(=O)N2CCCC2)c1,0
O=C(c1cc2c(s1)CCCC2)N1CCC2(CC1)OCCO2,0
COc1ccc(C(=O)N(CN2CCCC2=O)c2ccc(C)cc2)cc1,0
Cc1ccc(Cl)cc1N1CCN(C(=O)CN2C(=O)c3cccc4cccc2c34)CC1,0
COc1ccccc1C(=O)NCC(c1cccnc1)N(C)C,0
Cc1nc(CNS(=O)(=O)c2ccc3c(c2)OCCO3)cs1,0
CC1=C(C(=O)Nc2ccccc2)C(c2ccc(N(C)C)cc2)NC(=O)N1,0
Cc1ccc(N(CC(=O)N2CCn3c2nc2ccccc23)S(=O)(=O)c2c(C)n[nH]c2C)cc1,0
O=C(/C=C(/NCCO)C(F)(F)F)c1ccccc1,0
COc1ccc(Br)c(C(=O)Nn2c(C)nc3ccccc3c2=O)c1,0
N#Cc1nc(-c2ccco2)oc1N1CCN(Cc2ccccc2)CC1,0
COc1cc(NC(=O)c2cc(-c3ccco3)on2)c(OC)cc1Cl,0
CC(C(=O)Nc1cccnc1)N1C(=O)C2C3C=CC(C3)C2C1=O,0
Cc1nc2ccc(N)cc2c(=O)n1Cc1ccc(Cl)cc1,0
CSc1nc(N2CCOCC2)c2ccccc2n1,0
CCOC(=O)c1sc(NC(=O)CSc2nc3c(cc2C#N)CCCCCC3)c(C#N)c1C,0
O=C(Nc1cccc2cccc(NC(=O)c3ccco3)c12)c1ccco1,0
CC(C)CCn1c(SCCc2ccccc2)nc2c1c(=O)[nH]c(=O)n2C,0
CCC(=O)N1CCN=C1SCc1ccc(Cl)cc1,0
O=C(c1ccco1)N1CCN(c2c(-c3ccccc3)c3cc(Cl)ccc3[nH]c2=O)CC1,0
CCOC(=O)N1CCN(c2cc(C)c(C(C)=O)cc2F)CC1,0
COC(=O)/C(C#N)=C1/SC=C(C)N1c1ccccc1,0
CCOc1cccc(NC(=O)C2CCCN(S(=O)(=O)c3ccc(OC)cc3)C2)c1,0
Cc1cc(NCCCn2ccnc2)n2c(nc3ccccc32)c1C#N,0
CC1Cc2nc(SCC(=O)Nc3ccc(F)cc3F)n(C)c(=O)c2S1,0
CCc1ccc2[nH]c(=O)c(CN(CCCN3CCOCC3)C(=O)Nc3ccccc3)cc2c1,0
O=C(O)CCCNC(=O)c1cncc(Br)c1,0
O=C(Nc1cccnc1)c1c(F)cccc1F,0
COc1ccc(Cn2nnnc2C(c2ccccc2OC)N2CCC(C(N)=O)CC2)cc1,0
CCc1nnc(NC(=O)CSc2nnc(C)n2CC2CCCO2)s1,0
CC(=O)c1cccc(NC(=O)c2c(F)c(F)c(F)c(F)c2F)c1,0
O=C(COc1nnc2ccccn12)N1CCN(S(=O)(=O)c2ccccc2)CC1,0
CCOc1cc(C(=O)Nc2cc(C)ccn2)cc(OCC)c1OCC,0
O=C1CS/C(=N\c2ccccn2)N1C1CCCCC1,0
O=C(CSc1nc2c(c(=O)n1-c1ccc(Cl)cc1)SCC2)N1CCOCC1,0
COc1cccc(-c2cc(C(F)(F)F)n3ncc(C(=O)O)c3n2)c1,0
CS(=O)(=O)N1CCC(C(=O)N2CCC(Cc3ccccc3)CC2)CC1,0
Cc1[nH]n(C(C)(C)C)c(=O)c1Sc1ccc(Cl)cc1,0
CCC(C)(C(=O)NC1CCCCC1)N(C(=O)C1CCC(=O)N1)c1ccc(C)cc1,0
CCOC(=O)c1cc2sccc2n1CC(=O)N1CCc2ccccc21,0
Cn1c(=O)[nH]c(=O)c2c1nc(NCc1ccccc1)n2CC(O)c1ccccc1,0
CCC(Sc1nc(=O)cc(C)[nH]1)C(=O)Nc1ccc(Cl)cn1,0
Cc1cc(S(=O)(=O)N2CCC(NC(=O)C34CC5CC(CC(C5)C3)C4)CC2)ccc1-n1cnnn1,0
COCCn1c(COc2ccc(Cl)cc2)nnc1SCC(N)=O,0
COC(=O)c1ccc2c(=O)n(CCCN3CCCC3=O)c(=S)[nH]c2c1,0
O=C(CN(C(=O)CCNC(=O)c1ccco1)c1ccccc1)NC1CCCC1,0
CCOc1ccccc1N(CC(=O)NC(C)(C)C)C(=O)Cn1nnc(-c2ccc(C)o2)n1,0
CCOc1ccccc1OCCOCCN1CC(C)OC(C)C1,0
c1csc(-c2nnc3ccccn23)c1,0
OC(CN1CCOCC1)Cn1c(-c2cccc(Cl)c2)nc2ccccc21,0
CCOC(=O)CSc1nnc(CNC(=O)c2cccs2)n1-c1cccc(C)c1,0
COC(=O)c1ccccc1NC(=O)Nc1ccc(C(=O)N2CCCC2)cc1,0
O=C(c1ccc(CNS(=O)(=O)c2cccc(C(F)(F)F)c2)cc1)N1CCOCC1,0
O=C(CSc1nnc2sc3ccccc3n12)N1CCN(c2ccccc2)CC1,0
CC1(c2ccc3noc(-c4ccccc4)c3c2)OCCO1,0
Cc1cc(NC(=O)c2noc3c2CCCC3)no1,0
O=C1c2ccccc2C2(c3ccc(Cl)cc3)NCCN12,0
CCCC1=C(C(=O)OCC)C(c2ccccc2OCC)NC(=O)N1,0
O=S(=O)(c1cccc(-c2nc3n(n2)Cc2ccccc2-3)c1)N1CCCC1,0
O=C(NCc1ccccc1)c1c(O)n2c3c(cccc3c1=O)CCC2,0
CC(C)(C)C(=O)/C(C#N)=c1\s/c(=C/c2ccncc2)c(=O)n1CCCN1CCOCC1,0
O=C(Nc1ccc(C(=O)N2CCOCC2)cc1)Nc1cccc(Cl)c1,0
CCOc1ccccc1C(=O)N1CCCCC1C,0
CC(=O)c1c(C)[nH]c(C(=O)NCc2ccccc2Cl)c1C,0
COc1ccc(OC)c(NC(=O)CSc2nnc(CNc3ccc(C)cc3C)o2)c1,0
O=C(CCn1c(=O)sc2ccccc21)NCCC1=CCCCC1,0
O=C(CSCCc1ccccn1)Nc1ccccn1,0
Cc1ccc(NC(=O)c2oc3c(c2C)C(=O)CC(C)(C)C3)cc1,0
C=CCn1c(SCC(=O)Nc2ccc3c(c2)OCO3)nnc1-c1ccccc1OC,0
C=CCOc1ccc(C2N3CC4(C)CN2CC(CCC)(C3)C4=O)cc1,0
CCc1nnc(NC(=O)CSc2nnc(Cc3ccccc3)n2-c2ccc(OC)cc2)s1,0
Cc1cccc(-n2ccnc2SCC(=O)Nc2ccc3c(c2)OCCO3)c1,0
CCC(C)C(NC(=O)OC(C)(C)C)C(=O)NCc1ccco1,0
CN1CCN(S(=O)(=O)c2ccc(Cc3ccc(S(=O)(=O)N4CCN(C)CC4)cc3)cc2)CC1,0
O=C(CSc1ncnc2ccccc12)NCc1ccco1,0
O=C(OCC#CCSc1nnc(-c2ccncc2)o1)c1cccs1,0
CCn1cc(Br)c(C(=O)Nc2ccc(OC)cc2)n1,0
Cc1ccnc2c(N3C(=O)C4C5C=CC(C5)C4C3=O)cccc12,0
COc1ccccc1-n1c(CNC(=O)COc2ccccc2)n[nH]c1=S,0
COc1ccc(NC(=O)C2C3C=CC(C3)C2C(=O)NCc2ccco2)cc1,0
Cc1ccc(C)c(Cn2[nH]nc3c(=O)nc(C4CCN(C(=O)c5cccs5)CC4)nc2-3)c1,0
CCCOC(=O)CC1C(=O)NCCN1Cc1ccc(F)cc1,0
COc1nc(N(C)S(=O)(=O)c2ccc(C)cc2)nc(C)c1Cl,0
Cc1cc(Cl)cc(Br)c1OCCNCC(C)O,0
O=C(CSc1nc(=O)c2ccccc2[nH]1)Nc1ccc(S(=O)(=O)N2CCCC2)cc1,0
O=c1nc(CN2CCN(C/C=C/c3ccccc3)CC2)[nH]c2ccccc12,0
O=C(O)c1ccc(Cl)c(S(=O)(=O)N2CCCCCC2)c1,0
CC1CCc2nn(CC(=O)N3CCCCCC3)cc2C1,0
COc1ccc(Cl)cc1NC(=O)c1cccnc1,0
Cc1ccc(S(=O)(=O)N2C(=O)CCC2C(=O)N2CCN(C)CC2)cc1,0
CCc1ccc(-c2nc(CN3CCC(C(=O)NCCN(CC)c4ccccc4)CC3)c(C)o2)cc1,0
Cc1ccc(S(=O)(=O)N(C)CC(=O)N2CCCc3ccccc32)cc1,0
OCCN(Cc1ccccc1)Cc1cccc(C(F)(F)F)c1,0
O=C(CN(Cc1ccco1)C(=O)c1cc(=O)[nH]c2ccccc12)Nc1ccccc1C(F)(F)F,0
C=CCn1c(SCC(=O)O)nnc1-c1ccc(C(C)(C)C)cc1,0
COc1ccc(-c2cc(C(F)F)n3ncc(C(=O)N4CCSCC4)c3n2)cc1,0
CC1CCCCN1S(=O)(=O)c1ccc(NC(=O)CSc2nnnn2C)cc1,0
O=C(Cc1ccccc1)N1CCN(Cc2c[nH]c3ccccc23)CC1,0
CCOC(=O)Nc1nnc(CCc2ccccc2)s1,0
N#CC1=C(N)OC(c2ccccc2)=C(C#N)C1c1ccc2c(c1)OCO2,0
CCOc1c(Br)ccc2c1sc1nc[nH]c(=O)c12,0
CC1CN(C(=O)c2cc(F)c(F)cc2Cl)CC(C)O1,0
CCOC(=O)CC(=O)Nc1ccc(Br)cc1C(=O)O,0
Cc1nn(C)cc1NC(=O)CCSc1nc(-c2ccco2)cc(C(F)(F)F)n1,0
CCCCCC(=O)Nc1ccc(N2CCN(C(=O)CCC)CC2)cc1,0
CN1CCN(c2nc(-c3ccccc3)c3cc(Cl)ccc3n2)CC1,0
CCc1ccc2[nH]c(=O)c(CN(CCN(CC)CC)C(=O)Nc3ccccc3OC)cc2c1,0
O=C(NCc1ccc(F)cc1)c1ccc(CS(=O)(=O)Cc2ccc(F)cc2)o1,0
COc1ccccc1NC(=O)C1=C(C)NC(=O)NC1c1ccc(C)cc1,0
O=C(COc1ncnc2sccc12)Nc1ccc2c(c1)OCCO2,0
CC1(C)CC(=O)C2=C(C1)OC(=O)C2(NC(=O)c1cccs1)C(F)(F)F,0
O=C(Cn1ncc2c1-c1ccccc1OC2)N1CCN(Cc2ccc3c(c2)OCO3)CC1,0
CCOc1ccccc1OCC(O)CNC,0
CC12CCC3c4ccc(O)cc4CCC3C1CCC2OC(=O)CCC(=O)O,0
Cc1cc2nc(-c3ccco3)cc(C(F)(F)F)n2n1,0
COc1ccc(-n2nnnc2SCC(=O)Nc2cccc(NC(C)=O)c2)cc1OC,0
CCN1C(=O)c2cccc3c(S(=O)(=O)Nc4ncccc4C)ccc1c23,0
Cc1ccc(Nc2cc(=O)n(C3CCCCC3)c(=O)[nH]2)cc1C,0
COc1ccccc1NC(=O)Nc1ccc(Br)cn1,0
Cc1nnc(SCCn2c(N(C)Cc3ccccc3)nc3c2c(=O)n(C)c(=O)n3C)s1,0
COc1cccc(-c2nnc3sc(-c4ccc(Cl)cc4)nn23)c1,0
CCCCCSc1nc2c(c(=O)[nH]c(=O)n2C)n1CCc1ccccc1,0
O=C(CSc1nnc(COc2ccccc2)o1)NCCc1ccccc1,0
Cc1cc(C)c(C)c(OCC(=O)NCC2CCCO2)c1,0
Cc1noc(NS(=O)(=O)c2ccc(NC(=O)CSc3nc4ccccc4[nH]3)cc2)c1C,0
COc1ccc(OC)c(NC(=O)CSc2nc3c(c(=O)n(C)c(=O)n3C)n2C)c1,0
CCC(Sc1ccc(C(=O)O)cc1)C(=O)O,0
O=C(Nc1ccc(N2CCOCC2)cc1)C1CCCN(S(=O)(=O)c2ccccc2)C1,0
COc1ccccc1N1CCN(C(=O)CSc2nnc(-c3ccoc3C)o2)CC1,0
COc1ccc(C(CC(=O)NC(C)(C)C)n2cccc2)cc1,0
Cc1ccc(C(C(=O)NC2CCCCC2)N(CCC(C)C)C(=O)CNC(=O)c2ccco2)o1,0
CCCCCCOc1ccc(C(CC(=O)O)C(N)=O)cc1,0
CC(=O)N1CCc2cc(S(=O)(=O)CCC(=O)Nc3c(C)n(C)n(-c4ccccc4)c3=O)ccc21,0
COc1ccc(N2CCN(C(=O)CSc3nc4cc(OC)c(OC)cc4cc3C#N)CC2)cc1,0
COc1ccc(-c2cc(N)n(S(=O)(=O)c3c(F)c(F)c(F)c(F)c3F)n2)cc1OC,0
CCn1c(SCC(=O)c2c(N)n(C)c(=O)n(C)c2=O)nc2sc(C)c(C)c2c1=O,0
O=C(NC1CCCCC1)C1CCCN1S(=O)(=O)c1cccc2nsnc12,0
C=CCOC(=O)C1=C(C)NC(=O)NC1C1CC=CCC1,0
Cn1c(SCC(=O)Nc2nc3c(s2)CCCC3)nnc1-c1ccccc1,0
Cn1c(Cc2cccs2)nnc1SCC(=O)N1CCc2ccccc21,0
COc1ccc2[nH]c3nc(SCc4nnc(-c5ccc(C)cc5)o4)nnc3c2c1,0
NS(=O)(=O)c1ccc(NC=C2C(=O)OC3(CCCCC3)OC2=O)cc1,0
COc1ccc(-c2noc(CN3CCN(c4ccccc4)CC3)n2)cc1,0
Cc1cccc(C)c1NC(=O)CC(NCc1ccco1)C(=O)O,0
Cc1cc(C)c(C)c(S(=O)(=O)Nc2ccc(O)cc2)c1C,0
CCS(=O)(=O)N1CCC(C(=O)NCCc2ccccc2)CC1,0
CC(CC(=O)O)CC1=NS(=O)(=O)c2ccccc2N1,0
C=CCn1c(Cc2cccs2)nnc1SCC(=O)Nc1ccc(OC)c(OC)c1,0
CCN(CC)CCNC(=O)Cn1nc(Cc2cccnc2)c2ccccc2c1=O,0
Cn1c(=O)[nH]c(=O)c2c1nc(Br)n2CCSc1nc2ccccc2o1,0
CCCCOc1ccc(C(=O)Nc2ccc(N3CCN(C)CC3)cc2)cc1,0
O=S(=O)(NC1=NCCC1)c1cccs1,0
CCSC1=C(C#N)C(c2ccccc2C)CC(=O)N1,0
Cc1nc2cc(S(=O)(=O)N3CCC(C(=O)O)CC3)ccc2n1C1CCCC1,0
COc1cccc(N2CCN(Cc3nc(=O)c4ccccc4[nH]3)CC2)c1,0
COc1ccc(OCC(O)CNc2ccc(Br)cc2)cc1,0
O=C(Nc1ccon1)c1sc2ccccc2c1Cl,0
COc1ccc(Cl)cc1C(=O)Nn1c(C)nc2ccccc2c1=O,0
CCOc1ccc2[nH]c3c(N4CCN(c5ccccn5)CC4)ncnc3c2c1,0
CSc1nc(C)c2c(n1)OC(CN1C(=O)c3ccccc3C1=O)C2,0
COc1ccc(S(=O)(=O)N2CCCC(C(=O)NCc3ccco3)C2)cc1Cl,0
Cc1ccc(C(O)c2nccn2C)o1,0
Cc1cccc(OCC(=O)Nc2ccccc2N2CCN(C(=O)C(C)C)CC2)c1C,0
CCNC(=O)C1CC(=O)N(c2ccc(Br)cc2)C1,0
CCOc1ccc2[nH]c(=O)c(C(c3nnnn3C3CCCCC3)N3CCN(C)CC3)cc2c1,0
CN1CCN(c2ccc(NC(=O)c3ccc4c(c3)OCO4)cc2)CC1,0
O=c1cc(N2CCC(Cc3ccccc3)CC2)[nH]c(=O)n1C1CCCCC1,0
Cc1nn(-c2ccccc2)c2sc(C(=O)N(CC(=O)NC3CCCC3)Cc3ccco3)cc12,0
CN1CCN(C(=S)c2ccc(N(C)C)cc2)CC1,0
Cc1ccc2cc(C#N)c(SCC(=O)NCc3ccco3)nc2c1,0
CC(Sc1nnc(-c2ccc(Cl)cc2)n1C)C(N)=O,0
Cc1nc2ncnn2c(N2CCN(C(c3ccccc3)c3ccccc3)CC2)c1C,0
Cc1c(C(=O)N2CCOCC2)sc(NC(=O)c2ccc3c(c2)OCO3)c1C#N,0
CC(=O)Nc1ccc(C(=O)c2ccccc2)cc1,0
COc1cc(OC)cc(C(=O)Nc2ccc(S(=O)(=O)N(C)C)cc2)c1,0
Cc1cc(N2CCOCC2)nc2ccc(NC(=O)C3CCC(C)CC3)cc12,0
Cc1ccc2nc(CSc3nnc(-c4ccco4)o3)cc(=O)n2c1,0
O=C(NCCc1ccc(Cl)cc1)C1CCC(=O)N1C1CCCC1,0
CC(C)CC(NC(=O)C1CCCCC1)C(=O)N1CCC2(CC1)OCCO2,0
COC(=O)c1[nH]c2cc(C)ccc2c1NC(=O)CN1CCN(C(=O)c2ccco2)CC1,0
COc1ccc(-n2c(SCC(=O)Nc3ccccc3)nc3c(c2=O)SCC3)cc1,0
O=C(CSc1nnc(COc2ccccc2)o1)Nc1nccs1,0
Cc1cc(C)cc(NC(=O)C2CCN(c3nccs3)CC2)c1,0
CC(=O)c1ccc(NC(=O)CCC(=O)OCC(F)(F)C(F)F)cc1,0
CCOC(=O)COc1ccc(Cl)cc1C1NC(=O)NC(C)=C1C(C)=O,0
COc1ccccc1N1CCN(CC(=O)c2c(C)[nH]c3ccccc23)CC1,0
CCOc1ccc(-n2cnnn2)cc1S(=O)(=O)NCCc1ccc(OC)c(OC)c1,0
O=C(Cn1ncc2ccccc21)N1CCN(c2cccc(C(F)(F)F)c2)CC1,0
COc1ccc(-c2nnc3ccc(SCC(=O)NCC4CCCO4)nn23)cc1,0
Cc1cccc(-n2nc3c(c2NC(=O)c2ccc(S(=O)(=O)N4CCOCC4)cc2)CSC3)c1C,0
O=C(O)c1cc(-c2cccnc2)nn1-c1ccccn1,0
Cc1cc(NC(=O)C2CCN(S(=O)(=O)c3cnc[nH]3)CC2)ccc1Br,0
COc1ccc(CN(Cc2ccccn2)S(=O)(=O)c2ccc(-n3cnnn3)cc2)cc1,0
COCC(=O)N(Cc1cc2cc(OC)ccc2[nH]c1=O)c1ccc(C)cc1,0
O=c1cc(Cn2nnc(-c3ccc(Cl)cc3)n2)nc2sccn12,0
O=C(CCS(=O)(=O)c1ccccc1)Nc1nc2c(s1)CCCC2,0
CC(CN1CCN(C)CC1)OC(=O)c1ccccc1Cl,0
COc1ccc(C2C/C(=N\O)C(C)(C)O2)cc1,0
COc1ccccc1NC(=O)N(Cc1ccco1)Cc1cc2ccc(C)c(C)c2[nH]c1=O,0
CC1CN(c2oc(-c3ccccc3Cl)nc2C#N)CC(C)O1,0
COCCn1c(SC(C)C(=O)Nc2ccc3c(c2)OCCO3)nc2ccccc2c1=O,0
CCOC(=O)CC(=O)CSc1nc2nc(C)cc(C)n2n1,0
N#CCSc1nc2[nH]ncc2c(=O)n1-c1ccccc1Br,0
COc1cccc(N2CC34C=CC(O3)C(C(=O)O)C4C2=O)c1,0
CCn1c(=O)cc(SCC(=O)NCc2ccco2)c2ccccc21,0
O=c1oc2ccc(Br)cc2cc1-c1nc2ccccc2o1,0
O=C(NCc1ccco1)C(c1cccs1)N(C(=O)Cc1cccs1)c1ccccc1,0
O=C(COC(=O)c1ccco1)NCC1CCCO1,0
CCOc1ccc(NC(=O)Cn2nnc(-c3ccccc3NC(=O)C3CC3)n2)cc1,0
COc1ccc(N(CC(O)Cn2nnc3ccccc32)S(=O)(=O)c2ccc(C)cc2)cc1,0
CCOC(=O)C1CCCc2c1[nH]c1c(C(=O)O)cccc21,0
COC(=O)c1[nH]c(C)c(/C(O)=C2\C(=O)C(=O)N(CCN3CCOCC3)C2c2cccnc2)c1C,0
Cc1occc1-c1nnc(SCC(=O)c2c[nH]c3ccccc23)n1C,0
CC(NC(=O)Cn1cnc2c1c(=O)n(C)c(=O)n2C)c1ccccc1,0
COc1ccccc1-c1cc(C(F)(F)F)nc(S(=O)(=O)CCCC(=O)Nc2cc(C)on2)n1,0
CCc1nnc(NC(=O)CSc2nnc(CCc3nc4ccccc4[nH]3)n2C)s1,0
COc1ccccc1N1CCN(C(=O)C(F)F)CC1,0
Cc1cc(C)c2c(CC(=O)NCc3ccco3)coc2c1,0
Cc1cc(NC(=O)c2ccc(S(=O)(=O)N3CCOCC3)cc2)nc2c1c(=O)oc1ccccc12,0
CCOC(=O)C1(C)NC(c2ccc(OC)c(OC)c2)C2C(=O)N(CC)C(=O)C21,0
Cc1c(C(=O)N2CCOCC2)sc2ncnc(N3CCc4ccccc4C3)c12,0
O=C1CCCCC1Sc1nc2ccccc2o1,0
CCN(Cc1ccccc1)C(=O)CSc1nc(C)cc2c1C(=O)OC2,0
CC1CCCC(C2(O)C(=O)Nc3ccccc32)C1=O,0
CCOc1ccc(-c2nnc3sc(-c4c(OC)cccc4OC)nn23)cc1,0
CC1CCN(c2nc3c(c(=O)n(C)c(=O)n3C)n2CCSc2nc3ccccc3s2)CC1,0
C=CCN(CC=C)C(=O)C1CC(=O)N(c2ccc(Br)cc2)C1,0
Cc1noc(C)c1S(=O)(=O)NCCN1CCN(c2ccccc2)CC1,0
Cc1ccc(S(=O)(=O)N2CCOCC2)cc1C(=O)Nc1ccccn1,0
COC(=O)c1ccc(Oc2nc(NC(C)C)nc(N(C)C)n2)cc1,0
COC(=O)C1C2C=CC3(CN(c4cccc(C)c4)C(=O)C13)O2,0
COc1ccccc1CNC(=O)C1CCN(S(=O)(=O)c2c(C)noc2C)CC1,0
CCSc1ccc2nnc(-c3ccc(F)cc3)n2n1,0
COc1ccc(S(=O)(=O)N2CCN(C(=O)NCc3ccccc3)CC2)cc1,0
O=C(CC1COc2ccccc2O1)NCc1ccccc1,0
COc1cc(CNCc2ccc(OC)c(OC)c2OC)cc(OC)c1,0
CCOC(=O)CNC(=O)CSc1ncnc2c1cnn2Cc1ccccc1,0
O=C(NCCCn1ccnc1)Nc1cccc(Cl)c1,0
COC(=O)C1Cc2c([nH]c3ccccc23)C(C)N1,0
CC1(C)Cc2ccccc2-c2nc(NCCCO)n(-c3ccccc3)c(=O)c21,0
CN(Cc1nc(-c2cccnc2)no1)S(=O)(=O)c1ccc2ccccc2c1,0
COc1ccc(C(=O)Nc2ccc(S(=O)(=O)N3CCCCC3)cc2)cc1OC,0
CC(=O)c1c(C)[nH]c(C(=O)OC2CCOC2=O)c1C,0
Cc1cc(NC(=O)C2CCN(S(=O)(=O)Cc3ccccc3)CC2)ccc1-n1cnnn1,0
Cc1ccc2nc(SCC(=O)Nc3c(C)n(C)n(-c4ccccc4)c3=O)[nH]c2c1,0
Cc1ccccc1OCc1nnc(SCC(=O)Nc2ccc3c(c2)OCO3)n1C,0
CCOc1cc(C2C(C#N)=C(N)OC(C)=C2C(C)=O)cc(Br)c1O,0
Cc1cccc(NS(=O)(=O)c2ccc(C)c(C(=O)OCC(=O)Nc3cc(C)on3)c2)c1,0
CCOc1ccccc1C(=O)NC1CCN(Cc2nnnn2C2CCCC2)CC1,0
CCOc1ccc2nc(NCCNC(=O)Nc3cccc(C)c3)c(C#N)cc2c1,0
COc1ccccc1-n1c(SCC(N)=O)nnc1-c1ccc(S(=O)(=O)N2CCCCC2)cc1,0
COCn1c(-c2cccc(Br)c2)nc2ccccc21,0
O=C(O)CCS(=O)(=O)c1cccc2cccnc12,0
CC(Oc1ccccc1)C(=O)Nc1ccc(S(=O)(=O)N2CCOCC2)cc1,0
O=C(c1cccs1)N1CCC(c2nc3n(Cc4ccccc4)[nH]nc-3c(=O)n2)CC1,0
O=C(NC12CC3CC(CC(C3)C1)C2)N1CCC(n2nnc3ccccc32)CC1,0
CCOC(=O)N1CCN(C(c2ccccc2)c2sc3nc(C)nn3c2O)CC1,0
NC12CC3CC(C1)CC(CO)(C3)O2,0
CC(C)NC(=O)C1CCN(C(=O)c2cc3sccc3n2Cc2ccc(F)cc2)CC1,0
CCOC(=O)CNC(=O)CSc1nnc(-c2ccco2)n1Cc1ccco1,0
COc1ccc(CC(NC(C)=O)C(=O)NC2CCN(c3c4c(nc5ncnn35)CCC4)CC2)cc1,0
CCCSC1=C(C#N)C(c2ccccc2OCC)CC(=O)N1,0
O=C(C1CCN(S(=O)(=O)N2CCOCC2)CC1)N1CCc2ccccc21,0
O=C(c1ccc(S(=O)(=O)N2CCCCC2)cc1)c1nnc(-c2ccc(Cl)cc2)o1,0
CC(=O)Oc1cccc(N2C(=O)C3CC=C(Cl)CC3C2=O)c1,0
COc1ccccc1CN(Cc1cc2cc(C)ccc2[nH]c1=O)Cc1nnnn1Cc1ccco1,0
CC1CCCCN1CCNC(=O)CCn1nc(-c2ccccc2)ccc1=O,0
CCCCNC(=O)Nc1ccon1,0
COCCCNC(=O)c1oc2ccc(S(=O)(=O)N(C)C3CCCCC3)cc2c1C,0
S=c1nc(-c2ccccc2)[nH]n1-c1ccccc1,0
CC(=O)C1C(c2ccccc2OC(F)F)NC(=O)NC1(O)C(F)(F)F,0
Cc1cc(N2CCN(C(c3ccccc3)c3ccccc3)CC2)n2ncnc2n1,0
COCCN(CCOC)C(=O)C12CCC(C)(C(=O)C1)C2(C)C,0
Cc1cc(NC(=O)COC(=O)c2c(C)nn(Cc3ccccc3)c2Cl)no1,0
CCn1c(C)c(C(C)=O)c(N2CCN(C(=O)c3ccco3)CC2)nc1=S,0
Cc1ccc(C)c(C2(O)CC(C)N(C)CC2C)c1,0
O=C(c1ccc2c(c1)OCO2)N1CCN(c2ccc(Cl)cc2)CC1,0
Cc1noc(C)c1CSCC(=O)N1CCN(c2ccc(F)cc2)CC1,0
CN(c1ccccc1)S(=O)(=O)c1cc(C(=O)N2CCN(c3ccccn3)CC2)ccc1Cl,0
Cc1cc(=O)nc(SCC(=O)N2c3ccccc3CC2C)[nH]1,0
O=C(Nc1ccc(CN2CCCCC2)cc1)c1ccc(Br)o1,0
O=C(Cc1ccccc1)Nc1cccc(-c2nnc(-c3ccco3)o2)c1,0
O=S(=O)(c1ccccc1)N1CCN(c2ncnc3sc(-c4ccccc4)cc23)CC1,0
Cc1cc2cc(CN(CCN3CCOCC3)C(=O)Nc3ccccc3F)c(=O)[nH]c2cc1C,0
O=C(O)CNC(=O)c1ccccc1F,0
COc1ccc(NC(=O)CCc2nc(-c3ccc(C)cc3)no2)cc1Cl,0
Cc1nnc(SCCn2c(N3CCCCC3)nc3c2c(=O)n(C)c(=O)n3C)s1,0
O=C(NC1CCc2ccccc21)C1CCN(S(=O)(=O)c2ccc(-n3cnnn3)cc2)CC1,0
Cc1c(Cl)cccc1NC(=O)CC(C(=O)O)C1CCCO1,0
CCC(C)C(=O)Nc1cc(C(=O)OC)cc(C(=O)OC)c1,0
Cc1cccc(OCCCC(=O)Nc2nccs2)c1,0
CC1CCCC(C)N1CCCNC(=O)Cn1cc2c(n1)CCCC2,0
CCOC(=O)C1C(c2ccccc2Cl)NC(=O)N(C)C1(O)C(F)(F)F,0
CCn1c(=O)cc(SCC(=O)N2CCN(C(=O)c3ccco3)CC2)c2ccccc21,0
CC1CN(CC(O)COc2ccc(C(=O)c3ccccc3)cc2)CC(C)O1,0
CCOc1ccc(OCC)c(NC(=O)CCn2c(=O)oc3ccccc32)c1,0
O=S(=O)(c1cccs1)N1CN(CC2CCCO2)c2nc3ccccc3nc21,0
CCCn1c(SCC(=O)Nc2ccccc2N2CCCCC2)nc2c1c(=O)n(C)c(=O)n2C,0
COc1ccc2c(c1)OC(O)(C(F)(F)C(F)F)CC2=O,0
O=C(NCCN1CCc2ccccc2C1)C1CCN(S(=O)(=O)N2CCCCC2)CC1,0
CN1CCN(CC(=O)Nc2ccc(Oc3ccccc3)cc2)CC1,0
COC(=O)c1cc(Br)c(=O)n(-c2ccc(C(C)=O)cc2)c1,0
CCCS(=O)(=O)N1CCC(C(=O)NCC2CCCO2)CC1,0
CCCC(c1nnnn1Cc1ccc(OC)cc1)N1CCN(c2ccccc2OC)CC1,0
CCCNC(=O)c1c(N)n(-c2cc(OC)cc(OC)c2)c2nc3ccccc3nc12,0
COc1cc(C(=O)Nc2cccc3ncccc23)cc(OC)c1OC,0
CCOC(=O)Cc1csc(NC(=O)CSc2nnnn2-c2ccc(CC)cc2)n1,0
CN(C)c1ccc(C(=O)Nc2nc3c(s2)CCCC3)cc1,0
CCc1ccccc1N1CC(C(=O)O)CC1=O,0
Cn1c(=O)c2c(nc(Cl)n2Cc2ccncc2)n(C)c1=O,0
Cc1nc(NC(=O)c2cccnc2)ccc1Br,0
Cc1cc(=O)oc(C)c1C(=O)NCCCN1CCN(c2ccccc2F)CC1,0
CC1(O)c2ccccc2C(=O)N1Cc1ccccc1,0
Cn1c(SCC(=O)N2CCOCC2)nnc1-c1cccc(NC(=O)c2ccccc2)c1,0
COc1ccc(OC)c(NC(=O)C23CCC(C)(C(=O)O2)C3(C)C)c1,0
O=C(Cn1cnc2scc(-c3ccccc3)c2c1=O)N1CCOCC1,0
Cn1c(=O)c2c(nc(SCc3cc4c(cc3Cl)OCO4)n2C)n(C)c1=O,0
c1ccc2oc(SCc3cn4ccccc4n3)nc2c1,0
Cc1cc(N2CCN(C3CCCC3)CC2)n2c(nc3ccccc32)c1C#N,0
COC1=CC(=O)/C(=C2\ONC(C)=C2c2ccccc2)C=C1,0
COc1ccccc1OC(=O)c1ccc2nsnc2c1,0
Cc1cnc(NC(=O)c2ccc(-c3nc4ccccc4s3)o2)s1,0
CC1c2cccn2CCN1CC(O)COCC1=CCC2CC1C2(C)C,0
O=C(CSc1nnc(COc2ccccc2)n1Cc1ccco1)NCc1ccco1,0
CCOc1ccc(Nc2nc(Cc3nnc(SCC(=O)O)o3)cs2)cc1,0
O=C(CCCCCn1c(=O)[nH]c2ccsc2c1=O)N1CCN(C2CCCCC2)CC1,0
CCCCN(CCCC)Cc1ccc(N)cc1,0
N#Cc1nc(COc2ccc(Br)cc2)oc1N1CCCCCC1,0
CCOC(=O)c1ccc(/N=c2\sc(C(=O)OC)cc(=O)n2Cc2ccco2)cc1,0
COc1ccc(OCc2nnc3n2N=C(c2ccc(C)cc2)CS3)cc1,0
O=C(Cn1nc(C(F)(F)F)c2c1CCCC2)NC1CCCC1,0
Cc1ccc(C)c(N(CC(=O)NC2CCCCC2)C(=O)CCC(=O)Nc2ccccn2)c1,0
CC(C)(Oc1ccc(Cl)cc1)C(=O)Nc1ccc2oc(-c3ccncc3)nc2c1,0
COc1ccc(OC)c(S(=O)(=O)Nc2ccccc2C)c1,0
CSc1nnc(-c2ccccc2)n1C,0
Cc1nc2sc(C(c3ccccc3)N3CCN(C(=O)c4ccco4)CC3)c(O)n2n1,0
Cc1onc(-c2ccccc2)c1C(=O)Nc1c(C)n(C)n(-c2ccccc2)c1=O,0
CC(C)C(=O)Nc1cccc(C(=O)NCc2ccc3c(c2)OCO3)c1,0
COc1ccc(CCNC(=O)c2cnn3cccnc23)cc1OC,0
CCOc1cc(S(=O)(=O)NC2CCCCCC2)ccc1F,0
COc1ccc(Cl)cc1N1C(=O)C2CCCN2C1c1sccc1C,0
COc1c(C)cc(Br)cc1C(=O)NCc1cccnc1,0
CC1CCN(C(=O)c2ccc(N(C)S(C)(=O)=O)cc2)CC1,0
Cc1ccc(-c2noc(CCC(=O)NCCc3ccccc3Cl)n2)cc1,0
COC(=O)c1sc2nc(-c3ccccc3)nc(N3CCN(C)CC3)c2c1C,0
O=C(Nc1ccc2oc(-c3ccccc3Cl)nc2c1)c1cncc(Br)c1,0
O=C(Nc1ccccn1)c1ccc2ccccc2n1,0
CCN(CC)CCCN/C=C1\C(=O)NC(=O)N(CCc2ccc(F)cc2)C1=O,0
CCOc1ncccc1C(=O)OCC(=O)N1CC(=O)Nc2ccccc21,0
CCOC(=O)CC(NC(=O)c1ccco1)c1ccccc1Cl,0
O=C(CCCC(=O)N(CC(=O)NC1CCCC1)Cc1ccc2c(c1)OCO2)Nc1ccccn1,0
CCn1ncc(C2=NOC(C(=O)Nc3cc(OC)c(Cl)cc3OC)C2)c1C,0
COc1ccccc1-n1nnnc1S(=O)(=O)Cc1ccc(Cl)cc1,0
CC(=O)N1CCN(Cc2ccc(Br)s2)CC1,0
CCN1C(=O)CC(C(=O)Nc2ccc(F)cc2)S/C1=N/c1ccc2c(c1)OCO2,0
CCn1c(C)nc2cc(S(=O)(=O)N3CCCCC3)ccc21,0
O=C(CSc1nc(-c2ccco2)cc(C(F)(F)F)n1)N1CCSCC1,0
O=C(NCC1CCCO1)C1CC(=O)N(C2CCCCCC2)C1,0
CCCCNC1=C(Br)C(=O)CC(C)(C)C1,0
O=C(NCc1ccccc1)C1CCN(S(=O)(=O)N2CCCCCC2)CC1,0
COc1ccc(Cl)cc1-c1n[nH]c(=S)o1,0
CCCCS(=O)(=O)Nc1ccc(Cc2ccncc2)cc1,0
Cc1ccc(OCCCn2c(CO)nc3ccccc32)cc1,0
CC(=O)c1cccc(NC(=O)Nc2cccs2)c1,0
COc1ccc(-c2noc(CN(C)S(=O)(=O)c3ccc(Cl)cc3)n2)cc1OC,0
COc1ccc(C2(CNC(C)=O)CCOCC2)cc1OC,0
CC(=O)c1ccc(N2CCN(C(=O)CCS(=O)(=O)c3ccc(C)cc3)CC2)cc1,0
CC(C)N(C)C1CCN(C(=O)Nc2ccc(Cl)cc2)CC1,0
CNC(=O)CCC(=O)Nc1ccc(C(=O)OC)cc1,0
CCCCCC1CC(=O)N(Cc2ccc(Cl)cc2)C(=O)N1,0
O=C(CSc1nnc(-c2ccc(S(=O)(=O)N3CCCC3)cc2)o1)NCc1ccco1,0
O=C1CC(CCC(=O)NC2CC2)c2ccccc2N1,0
Nc1ccc(-c2nnc(-c3ccc(-c4ccccc4)cc3)o2)cc1,0
O=C(CN1CCN(S(=O)(=O)c2ccc(F)cc2)CC1)Nc1cc(C(F)(F)F)ccc1Cl,0
CCOC(=O)c1c(C)c(C(=O)N(C)C2CCCCC2)c(C)n1C,0
COc1ccccc1N1CCN(C(=O)c2ccc(C(C)(C)C)cc2)CC1,0
O=C(CN(c1ccc(F)cc1)S(=O)(=O)c1ccccc1)NCc1ccco1,0
CCC1CCCCN1CCNS(=O)(=O)c1ccc2c(c1)CCN2C(C)=O,0
Cc1cccc(OCc2nnc(SCC(=O)c3cccs3)n2C)c1C,0
Fc1ccc(Cc2nnc(-c3cccs3)o2)cc1,0
COc1ccc(C)cc1NC(=O)CSc1nnc(-c2ccccn2)n1Cc1ccco1,0
CCOc1ccc(N2C(=O)c3cccnc3C2Nc2ccc(OC)cc2)cc1,0
O=C(NC1CCCCC1)c1cc2nc(-c3ccco3)cc(C(F)(F)F)n2n1,0
O=C(CCn1nc(-c2ccccc2)ccc1=O)N1CCCC1,0
CCOC(=O)c1ccc2c(c1)nc(SCC(=O)c1ccco1)n2CC,0
Nc1c(Sc2ccccc2)c(=O)[nH]c(=O)n1Cc1ccccc1,0
CN(c1ccc(C(=O)NCc2ccccc2)cc1)S(C)(=O)=O,0
Brc1ccc(C2=Nn3c(nnc3-c3ccncc3)SC2)cc1,0
Fc1ccccc1N1CCN(Cc2c(F)cccc2F)CC1,0
Cc1cc(C)c(S(=O)(=O)NCCCN2CCOCC2)cc1Br,0
COc1cccc(-c2cc(C(=O)Nc3c(C)nn(Cc4ccccc4)c3C)no2)c1,0
O=C(CCN1c2ccccc2Sc2ccccc21)OCc1nnc(-c2ccccc2)o1,0
COc1ccc(C(=O)CSc2nnc(-c3ccco3)n2C)cc1,0
O=C(NCCN1CCOCC1)NC1(C(F)(F)F)Oc2ccc(Cl)cc2O1,0
CC(O)c1c(OCc2ccccc2)ncnc1OCc1ccccc1,0
CCOC(=O)C1=C(C)NC(=O)NC1c1ccc(OCCO)c(OC)c1,0
CCCCCCN1CC(=O)C(c2nc3ccccc3[nH]2)=C1N,0
O=C(c1ccc(Br)s1)N1CCN(c2ncccn2)CC1,0
O=C(N1CCCCC1)N1CCN(C(=O)N(c2ccccc2)c2ccccc2)CC1,0
C=CCOc1nc2c(c(=O)n(C)c(=O)n2C)n1Cc1ccccc1Cl,0
COc1ccc(OC)c(N(CC(=O)Nc2ccc3c(c2)OCO3)S(=O)(=O)c2ccccc2)c1,0
CCCCOC(=O)c1ccc(NS(=O)(=O)c2cc(-c3nnnn3CC)ccc2OC)cc1,0
COc1ccc2c(-c3ccccc3)cc3nnnn3c2c1,0
CCC1SC2=NCCN2C1(O)c1ccc(Cl)cc1,0
O=C(NCc1ccco1)c1cnn2c(C(F)(F)F)cc(-c3ccco3)nc12,0
C=CCSC1=C(C#N)C(c2ccccc2OCC)CC(=O)N1,0
O=C(COc1ccc(S(=O)(=O)N2CCCCC2)cc1)N1CCN(Cc2ccccc2)CC1,0
CC(C)CC(OC(=O)c1cccs1)C(=O)NCc1ccco1,0
CCCCOc1ccc(/C=c2\sc3ncnn3c2=O)cc1,0
COCCCNC(=O)Cn1ncc2ccsc2c1=O,0
CCc1ccccc1N(CC(=O)N1CCN(c2ccc(F)cc2)CC1)S(C)(=O)=O,0
O=C(CN1CCOCC1)Nc1nc(-c2ccc3c(c2)CCN3S(=O)(=O)c2ccccc2)cs1,0
CCOc1ccc(NC(=O)c2ccccc2OC)cc1,0
Cc1nc(NCc2ccco2)c(C#N)c2c1COC(C)(C)C2,0
CCc1ccc(OCC(=O)NCc2ccco2)c(Br)c1,0
O=C(CSc1nnc(CCCO)n1-c1ccccc1)Nc1nccs1,0
Cc1ccc2[nH]c(=O)c(CN(Cc3nnnn3Cc3ccccc3)C3CCCC3)cc2c1,0
CN(CCCNC(=O)c1cccc(N2CCCC2=O)c1)c1ccccc1,0
O=C(Nc1ccc2nn(-c3ccccc3)nc2c1)c1ccc(Br)o1,0
COc1cc(OC)cc(-c2nnc(SCC(=O)N3CCCC3)o2)c1,0
Cc1nc(C)c(C(=O)OCC(=O)N2CCN(c3ccccc3)CC2)s1,0
N#CC(c1nc2ccccc2nc1N1CCCCC1)S(=O)(=O)c1ccc(Cl)cc1,0
CCOCC(=O)Nc1c(C(=O)Nc2ccc(OC)cc2OC)oc2ccccc12,0
Cn1c(SCC(=O)Nc2sc3c(c2C#N)CCC3)nnc1C1COc2ccccc2O1,0
O=C(CSCC(=O)OCn1nnc2ccccc2c1=O)Nc1ccc(Cl)cc1,0
Cc1ccc2nc(-c3ccncc3)cc(C(=O)N3CCC4(CC3)OCCO4)c2c1,0
O=C1CCC(C(=O)N(Cc2ccco2)C2(C(=O)NC3CCCC3)CCCCC2)N1,0
O=C1c2ccccc2C(=O)N1c1ccc2nc(-c3ccc(Br)o3)[nH]c2c1,0
Cc1cc(OCCCCCNCCO)ccc1Cl,0
COc1ccc(C(=O)NCc2ccccc2OC)cc1,0
COC(=O)C(C(=O)Nc1cc(C)on1)C1CCCCCC1,0
CCCOc1cccc(OCCSc2nc(=O)cc(C)[nH]2)c1,0
CC(=O)Nc1ccc(OC/C=C(\C)Cl)cc1,0
O=C(Nc1ccc(Cl)cn1)C1CCCN1S(=O)(=O)c1ccccc1,0
COc1cc2c(C)nc3onc(-c4ccccc4)c3c2cc1OC,0
CCOC(=O)c1cnn2c(C(F)F)cc(C3CC3)nc12,0
N#CC1(Nc2ccccc2)CCN(CCc2ccccc2)CC1,0
COc1ccc(OC)c(C(=O)COC(=O)c2ccccc2O)c1,0
COCC(C)n1c(C)cc(C(=O)COc2ccc(S(=O)(=O)N3CCOCC3)cc2Cl)c1C,0
CCOC(=O)c1sc2ncn(CC(=O)NCC3CCCO3)c(=O)c2c1C,0
COCn1c(-c2ccc(OC)c(OC)c2)nc2ccccc21,0
S=c1[nH]nc(-c2ccccc2Cl)n1CC1CCCO1,0
O=S(=O)(c1ccccc1)N1CCC(N2CCN(c3ccccc3)CC2)CC1,0
Cc1cc2nc(C(F)(F)F)nc(=O)n2[nH]1,0
COc1ccccc1-c1noc(-c2ccccc2C(=O)Nc2ccccc2)n1,0
Cn1c(=O)c2c(nc(Br)n2Cc2ccc3ccccc3c2)n(C)c1=O,0
O=C(Nc1cc(N2CCOCC2)ncn1)c1ccccc1,0
COC(=O)c1ccc(CN2C(=O)NC3(CCC(C)CC3)C2=O)o1,0
O=C1C=CC(=c2[nH]c3n(/c2=N\c2ccc4c(c2)OCCO4)C=CNC=3)C=C1,0
COc1ccc(-c2nnc(CSc3nc4ccccc4c(=O)n3C)o2)cc1OC,0
CSc1nc(-c2ccco2)nn1C(=O)Cc1ccccc1,0
COc1ccc(-n2c(=O)cc(N3CCN(c4ccccc4)CC3)[nH]c2=O)cc1,0
CCOc1ccc(CCNC(=O)CCn2cccc2)cc1OCC,0
CC1(C)NC(=O)N(CCCSc2ccc(Cl)cc2)C1=O,0
O=C(CCN1C(=O)COc2ccccc21)N1CCC2(CC1)OCCO2,0
CCN(CC)C(=O)CSc1nnc(-c2ccc(S(=O)(=O)NCc3ccccc3Cl)cc2)o1,0
CCOC(=O)C1=C(C)OC(N)=C(C#N)C1c1ccsc1,0
CN1CCc2nc(NC(=O)c3cccc(S(=O)(=O)N4CCc5ccccc54)c3)sc2C1,0
Cc1c(C(=O)N2CCOCC2)oc2ccc(S(=O)(=O)N3CCCC3)cc12,0
CCCN(C(=O)c1ccccc1N)c1c(C)n(C)n(-c2ccccc2)c1=O,0
O=C(Cc1ccc(F)cc1)N(c1ccc(F)cc1)C1C=CS(=O)(=O)C1,0
CC1CCN(C(=O)c2cccc(S(=O)(=O)N3CCCCC3)c2)CC1,0
CCn1c(=O)cc(OCC(=O)N2CCN(c3cccc(C(F)(F)F)c3)CC2)c2ccccc21,0
Cc1cc(NC(=O)Cc2c(F)cccc2Cl)no1,0
O=S(=O)(/C=C/c1ccccc1)Nc1ccc2c(c1)OCO2,0
CC(=O)C1=C(O)C(=O)N(CCN(C)C)C1c1ccc(Cl)cc1,0
CNC(=O)c1ccccc1NC(=O)c1cccc(S(=O)(=O)N2CCC(C)CC2)c1,0
O=C(NC12CC3CC(CC(C3)C1)C2)C1CCCN1C(=O)NC1CCCCC1,0
CC1CCN(C(=O)COC(=O)c2n[nH]c3ccccc23)CC1,0
CSCCC(C(=O)C(C#N)=C1Nc2ccccc2N1)N1C(=O)c2ccccc2C1=O,0
O=C(NC1CCCCC1)c1cc2nc3c(c(C(F)(F)F)n2n1)CCCC3,0
Cc1cccc(NC(=O)CSc2ncnc3c2oc2ccccc23)c1,0
CC1(c2ccc(Cl)cc2)NC(=O)N(CC(=O)N2CCCC2)C1=O,0
COc1ccc(CCNC(=O)CSc2nnc(-c3cccc(C)c3)o2)cc1OC,0
O=C(Nc1ccc(N2CCN(c3ccc(O)cc3)CC2)cc1)Oc1ccccc1,0
O=C(Nc1cccc(Cl)c1)N1CCN(C/C=C/c2ccccc2)CC1,0
O=C(NCCCc1ccccc1)c1ccccc1O,0
O=C(NCC1CCCO1)C(C(=O)c1ccccc1)n1ccccc1=O,0
N#Cc1ccc(-c2cccnc2)nc1SCC(=O)Nc1sc2c(c1C#N)CCC2,0
CCOC(=O)c1sc2nc(CSc3nc4ccccc4n3CC)[nH]c(=O)c2c1C,0
COc1ccc(-n2c3c(cc(C(=O)N4CCN(CCO)CC4)c2=O)C(=O)CC(C)(C)C3)cc1,0
CCn1c(SCC(=O)Nc2ccc(OCc3ccccc3)cc2)nnc1-c1ccco1,0
Cc1ccc(NC(=O)c2cc(NC(=O)c3ccco3)ccc2N2CCOCC2)cc1,0
CCOCCCNC(=O)C(c1ccc(Cl)cc1)N1CCN(C(=O)c2ccco2)CC1,0
COc1cc(C2Nc3ccccc3C(=O)N2c2ccccc2OC)ccc1O,0
COc1ccc(S(=O)(=O)N(CCCN2CCCC2=O)Cc2cc3c(C)ccc(C)c3[nH]c2=O)cc1,0
Cc1ccc(Cn2[nH]nc3c(=O)nc(C4CCN(S(=O)(=O)c5cc(C)ccc5C)CC4)nc2-3)cc1,0
COc1cccc(C(=O)COC(=O)C(C)N2C(=O)c3ccccc3C2=O)c1,0
Cc1c(C(=O)O)oc2ccc(S(=O)(=O)N3CCN(c4ccccc4)CC3)cc12,0
Cc1onc(C(=O)N2CCC(C(N)=O)CC2)c1-c1ccccc1Cl,0
COc1ccc(OC)c(NC(=O)C23CCC(C)(C(=O)C2)C3(C)C)c1,0
C=CCNC(=O)c1ccccc1NS(=O)(=O)c1ccc(SC)cc1,0
Cc1ccc(OCC(=O)Nc2ccc(N(C)C)cc2)cc1,0
C=CCN1C(=O)C(O)(CC(=O)c2ccc(Cl)cc2)c2ccccc21,0
O=C(O)CCC(=O)Nc1ccc(-c2nnc(-c3ccco3)o2)cc1,0
CCN(CCCNC(=O)COc1cc(=O)n(CC)c2ccccc12)Cc1ccccc1,0
O=C(c1ccc(Br)o1)N1CCN(C/C=C/c2ccccc2)CC1,0
O=C(CN(Cc1ccccc1)C(=O)c1ccc2c(c1)OCCO2)NCc1ccc2c(c1)OCO2,0
NC(=O)C1CCN(c2ncnc3c2c(-c2ccccc2)cn3-c2ccccc2)CC1,0
COCCN(CCOC)c1ncc(Cl)c(C(=O)c2c(C)cc3ccccn23)n1,0
COc1ccc(N2CCN(S(=O)(=O)c3cccc4cccnc34)CC2)cc1,0
COc1cc(NC(=O)CN(c2ccc(C)cc2)S(=O)(=O)c2c(C)nn(C)c2C)cc(OC)c1,0
O=c1c(-c2ccccc2)c(O)n2c3c(cccc13)CCC2,0
CCn1c(-c2ccco2)n[nH]c1=S,0
CCOC(=O)C1=C(C)OC(N)=C(C#N)C1c1c(C)nn(-c2ccccc2)c1Cl,0
Brc1ccc(-c2nnc3n2-c2ccccc2CC3)cc1,0
CC1CCN(C(=O)CCCOc2cc(=O)n(C)c3ccccc23)CC1,0
C=CCOC(=O)Nc1c(C(=O)OC)[nH]c2ccc(Cl)cc12,0
O=C(Cn1cnc2sc3c(c2c1=O)CCCC3)NCCC(=O)N1CCC2(CC1)OCCO2,0
O=C(COC(=O)c1cccc(S(=O)(=O)N2CCN(c3ccccc3)CC2)c1)NCc1ccco1,0
Cc1cccc(C)c1OCCOCCN1CCN(C)CC1,0
O=C(C1CCN(c2nnc(N3CCCC3=O)s2)CC1)N1CCN(Cc2ccc3c(c2)OCO3)CC1,0
CCOC(=O)c1cc(C(=O)c2cc(F)ccc2O)coc1=N,0
O=C(CCCSc1nc2ccccc2[nH]1)N1CCN(c2ccccc2)CC1,0
Cc1ccc(S(=O)(=O)NCC(=O)N(CC(=O)NCC2CCCO2)C2CCCC2)cc1,0
O=C(O)C1(c2cccc(Cl)c2)CCC1,0
COC(=O)c1cc(NC(=O)C23CCC(C)(C(=O)O2)C3(C)C)cc(C(=O)OC)c1,0
COc1ccc(C(=O)CSc2nnc(-c3cnccn3)n2Cc2ccco2)cc1,0
CS(=O)(=O)N1CCN(c2nnc(-c3ccccc3)c3ccccc23)CC1,0
CCOC(=O)Cn1c(C(C)=O)nc2ccccc21,0
O=C(CSc1nc2ccccc2o1)Nc1ccc(N2CCOCC2)cc1,0
O=C(NCc1ccco1)C(c1cccnc1)N(C(=O)Cn1nnc2ccccc21)c1ccccc1,0
COc1ccc(-c2nnc(SCC(=O)NCc3ccco3)o2)cc1,0
CCOC(=O)c1sc(NC(=O)CSc2nnc(Cc3ccccc3)o2)c(C#N)c1C,0
Cc1sc2c(c1C)c(=O)n(-c1ccccc1)c1nncn21,0
Cc1cccc(OCC(=O)Nc2ccc3c(c2)nc(CCN2CCN(C)CC2)n3C)c1,0
O=C(CCCC(=O)n1cnc2ccccc21)n1cnc2ccccc21,0
O=C(O)Cn1c(SCCOc2ccccc2)nc2ccccc21,0
CCCCNc1cc(C(=O)O)cc(S(N)(=O)=O)c1Oc1ccccc1,0
O=C(O)C1CCCCC1C(=O)NCCc1cccc(Cl)c1,0
CCCCCC(=O)Nc1ccc2oc(-c3cccnc3)nc2c1,0
CCOc1ccc(-n2c(=O)c3c4c(sc3n(CC(=O)NCc3ccco3)c2=O)CCC4)cc1,0
COc1ccc(CCC(=O)N2CC(C)OC(C)C2)cc1,0
O=C(O)C1C2C=CC(O2)C1C(=O)NCc1ccc2c(c1)OCO2,0
CCN(CC)S(=O)(=O)c1ccc(NC2c3ncccc3C(=O)N2Cc2ccccc2)cc1,0
COc1ccc(Nc2nc(Nc3ccc(OC)cc3)nc(-n3[nH]c(=O)c(C)c3C)n2)cc1,0
Cc1nc2ccc(S(=O)(=O)NCC(=O)N3CCC(N4CCCCC4)CC3)cc2s1,0
CC1(CCc2ccccc2)NC(=O)N(Cc2nnc(-c3ccccc3Br)o2)C1=O,0
COCCCN1CN(S(=O)(=O)c2ccc(Cl)cc2)c2nc3ccccc3nc21,0
CCOc1ccc(C(=O)NC2CCN(C(=O)NCc3ccccc3)CC2)cc1,0
CCCCc1ccc(S(=O)(=O)Nc2cc(C)on2)cc1,0
O=C(Nc1ccccc1)N1CCN(c2nc3ccccc3s2)CC1,0
Cc1cc2nc(-c3ccc(NC(=O)C(C)C)cc3)oc2cc1C,0
O=C(NCCCN1CCN(c2cccc(Cl)c2)CC1)c1ccc(N2CCCC2=O)cc1,0
CCCC(=O)Nc1ccc(-c2nc3cc(C)c(C)cc3o2)cc1,0
CSc1nsc(NC(=O)Cc2ccccc2)n1,0
Cc1cccc2cc(COC(=O)c3ccccc3)c(=O)[nH]c12,0
CCN(CCCNC(=O)C1CCC(=O)N1C1CCCC1)c1cccc(C)c1,0
COc1ccc(S(=O)(=O)C(C#N)c2nc3ccccc3nc2N2CCCCC2)cc1,0
COc1ccc(N2CCC(CNC(=O)Nc3ccc(OC)cc3OC)C2)cc1,0
COC(=O)c1ccc(CSc2nnc(CNC(=O)c3cccs3)o2)o1,0
COc1ccc(N(C(=O)COc2ccccc2)C2C=CS(=O)(=O)C2)cc1,0
O=C(CN(Cc1cccs1)C(=O)CN1C(=O)COc2ccccc21)NCc1ccco1,0
Cc1cc(NC(=O)CSc2ccccc2)no1,0
O=C(CN1C(=O)COc2ccccc21)NCCCN1CCN(Cc2ccccc2)CC1,0
CCn1c(Cc2ccccc2)nnc1SCC(=O)Nc1nccs1,0
O=C(C1CCCN(S(=O)(=O)c2cccc3nsnc23)C1)N1CCc2ccccc21,0
CC1(C)CC(=O)C2=C(C1)N(c1ccc(F)cc1)C(=O)CC2c1cccnc1,0
C=CCn1c(O)cc(=O)nc1SCC(=O)N(CC)CC,0
CCOC(=O)C1=C(N2CCCCC2)c2cc3c(n2C1=O)CCCC3,0
CC(=O)Nc1ccc2c(c1)CC1(C(=O)N(C)C(=O)N(C)C1=O)C1CCCN21,0
COCCn1nnnc1C(c1ccc(C)cc1)N1CCN(Cc2ccc3c(c2)OCO3)CC1,0
CCOC(=O)CSC1=C(C#N)C(c2ccco2)C(C(=O)OCc2ccccc2)=C(C)N1,0
Cc1ccccc1-n1c(Cn2c(=O)sc3ccccc32)nnc1SCC(N)=O,0
CC(C)C(=O)N1CCN(C2=NS(=O)(=O)c3ccccc32)CC1,0
COc1cc2c(cc1NC(=O)CN1C(=O)NC3(CCc4ccccc43)C1=O)oc1ccccc12,0
CCOC(=O)CCn1nc(-c2ccc(Cl)cc2)cc1N,0
COc1cccc(CNC(=O)C2CCN(S(=O)(=O)N3CCCC3)CC2)c1,0
CCC(=O)/C=C1\Sc2ccc(OC)cc2N1CC,0
Cn1c(=O)c2c(nc(OCc3ccccc3)n2C)n(C)c1=O,0
O=C(Nc1ccc2c(c1)OCO2)N1CCN(S(=O)(=O)c2ccc(Cl)cc2)CC1,0
COc1ccc(F)cc1S(=O)(=O)NC1CCCCCC1,0
CCC(=O)/N=c1\sc2cc(F)cc(F)c2n1C,0
N#CC1=C2SCN(Cc3ccco3)CN2C(=O)CC1c1ccc(Cl)cc1,0
Cc1ccccc1-c1nc(CN2CCC(C(=O)NCc3cccnc3)CC2)c(C)o1,0
O=C(Cn1nc(Cl)nc1Cl)c1cc2ccccc2oc1=O,0
CC(=O)Cc1nsc(NC(=O)c2ccc(-c3ccc(Cl)c(C(F)(F)F)c3)o2)n1,0
O=C1Nc2cc(Cl)ccc2C1(N1CCNCC1)C(F)(F)F,0
Cc1[nH]c2ccc(Br)cc2c(=O)c1CN1CCOCC1,0
CCOC(=O)C1C(=O)NC(SC)=C(C#N)C1c1ccccc1F,0
CC(C)(C)n1cnc2cc(NS(=O)(=O)c3ccc(Br)cc3)ccc21,0
O=C(Cn1cc2c(n1)CCCC2)NCc1cccc(Cl)c1,0
O=C(CCn1cccc1)NCc1ccc(Cl)cc1,0
O=C(NCCCN1CCCC1=O)c1cccc(C(F)(F)F)c1,0
Cc1cc(C)cc(N(CC(=O)NCc2cccnc2)S(C)(=O)=O)c1,0
CCn1c(COc2ccc3c(c2)OCO3)nnc1SCC(=O)c1ccccc1,0
COc1ccccc1-n1c(CNC(=O)c2ccco2)nnc1SCC(=O)Nc1cc(C)ccc1C,0
Cn1c(=O)oc2cc(S(=O)(=O)NCCC(=O)NC3CCCC3)ccc21,0
CCOCCSc1nnc2nc(C)cc(C)n12,0
CSC1=NCCN1C(=O)C(C)(C)Oc1ccc(Cl)cc1,0
CCOC(=O)c1c(C)oc2cc(Br)c(OC)cc12,0
Cc1cccc(C(C)(C)C)c1OCCn1ccnc1,0
O=C(NCCCn1ccnc1)c1cc(-c2ccc3c(c2)OCO3)on1,0
CNc1nc(C)c(C(=O)OCc2ccccc2)s1,0
CC(=O)c1c(C)n(-c2ccccc2)c2ccc(OCC(O)CN3CCOCC3)cc12,0
CCCCOc1ccc(C2CC(=O)NC2=O)cc1,0
O=C(c1cc2nc(C3CC3)cc(C(F)(F)F)n2n1)N1CCCC1,0
COc1cccc(C2=NOC(C(=O)NCc3ccco3)C2)c1,0
O=C(NCc1ccco1)c1ccccc1Nc1ccc(F)cc1,0
O=C(c1ccco1)N1CCN(C(=O)c2cc(-c3ccncc3)nc3ccc(Br)cc23)CC1,0
Cc1ccc(CNS(=O)(=O)c2ccc(C(C)(C)C)cc2)n1C,0
Cc1cc(NCc2ccc3c(c2)OCO3)n2nc(C)nc2n1,0
CCCn1c2ccccc2c2nnc(SCC(=O)OC)nc21,0
Cc1ccc(C)c(N2CCN(S(=O)(=O)c3ccc4c(c3)CCC(=O)N4)CC2)c1,0
O=C(c1cc2ccccn2n1)N1CCCC1,0
COC(=O)c1[nH]c2ccc(C)cc2c1NC(=O)CN1CCN(Cc2ccccc2)CC1,0
CCC1CCc2c(sc3ncnc(N4CCOCC4)c23)C1,0
COc1ccc2nc(NC(=O)CSc3nnc4n3C(C)(C)Cc3ccccc3-4)sc2c1,0
CCNc1nc(-c2ccc(Cl)cc2)cs1,0
OC(COc1ccc2ccccc2c1Br)Cn1ccnc1,0
Cc1cccc(NC(=O)CSc2nnc(CSc3nc(C)cc(C)n3)n2Cc2ccco2)c1,0
O=S(=O)(c1cccc(-c2nnc(-c3ccc(Br)cc3)o2)c1)N1CCCCCC1,0
O=C1NC(Cc2c[nH]c3ccccc23)C(=O)N1Cc1nnc(-c2ccccc2Br)o1,0
COc1ccc(C(CC(=O)O)NC(=O)COc2ccccc2)cc1,0
CCCCn1nc(NC(=O)c2cccs2)c2cc3cc(OC)ccc3nc21,0
CCOc1ccc(C(C)C)cc1S(=O)(=O)Nc1ccc(Cl)cn1,0
O=C(CN1C(=O)COc2ccccc21)c1ccc(Cl)cc1,0
N#Cc1cc2ccccc2nc1SCc1cccnc1,0
COc1ccc(CCCc2nnc(SCC(=O)Nc3nc(C)cs3)n2C)cc1,0
COc1cc(-c2nnc3sc(C4CCCCC4)nn23)cc(OC)c1OC,0
CCCOc1ccc(C(=O)N2CCCC2)cc1OC,0
COc1ccc(CCNC(=O)C2CCN(S(=O)(=O)N3CC(C)CC(C)C3)CC2)cc1OC,0
CC(C)Oc1ccccc1-c1nc(SCC(=O)O)n[nH]1,0
N#Cc1ccccc1S(=O)(=O)N1CCN(c2ccc(S(=O)(=O)N3CCOCC3)cn2)CC1,0
COc1ccc(C(=O)n2nc(-c3ccccc3)nc2N)cc1OC,0
COc1ccc(C)cc1-n1nnnc1SCC(=O)c1ccc2c(c1)OCCO2,0
O=C(CS(=O)(=O)c1cn(Cc2ccc(F)cc2)c2ccccc12)N1CCCCC1,0
COc1cccc(-c2nnc(SCC(=O)N(C(C)C)C(C)C)o2)c1,0
CC(=O)NC1N=C(C)N(c2ccccc2)C1=O,0
COCCNC(=O)C(c1ccc(O)cc1)N(Cc1ccco1)C(=O)CCC(=O)Nc1nccs1,0
CCOc1cc(C2CC(=O)Nc3cc(C)c(C)cc32)ccc1O,0
CCC(C)NC(=O)C1CC(c2ccc(OC)cc2)=NO1,0
CCOC(=O)N1CCN(C(=O)CN(c2ccc(C)c(C)c2)S(=O)(=O)c2ccccc2)CC1,0
COc1nc(NCc2ccco2)nc(N2CCC(C)CC2)n1,0
Cc1cccnc1NCC(O)COc1ccccc1,0
OCCN(Cc1ccccc1)Cc1cccc(F)c1,0
Cc1cccc(OCc2n[nH]c(=S)o2)c1,0
CN1CCN(C(=O)c2cc(-c3cccc(Cl)c3)on2)CC1,0
COc1ccc(CCNC(=O)c2nn(C)cc2Cl)cc1,0
Cc1ccc(S(=O)(=O)NCCSc2nnnn2-c2cc(C)ccc2C)cc1,0
Cc1ccc(CNC(=O)C2CC(=O)N(C3CCCCCCC3)C2)cc1,0
N#C/C(=C\c1ccc[nH]1)S(=O)(=O)c1ccccc1,0
O=C(CSc1nc2c(sc3ccccc32)c(=O)n1Cc1ccco1)NCC1CCCO1,0
COc1cc(OC)cc(-c2nnc(SCC(=O)N3CCOCC3)o2)c1,0
O=S(=O)(c1ccc(Cl)cc1)N1CN2CCN(C2)C1,0
COC(=O)C1=C(C)N(c2cccc(Cl)c2)C(=O)C1,0
CCS(=O)(=O)CCSc1nc(C)cc(C)n1,0
CCCC1=C/C(=C2\NNC=C2c2ccc3c(c2)OCCCO3)C(=O)C=C1O,0
O=C(CSc1nnc2c3c4c(sc3ncn12)CCCC4)NCc1ccco1,0
CCCCn1c(SCc2ccc(Cl)cc2)nc2c1c(=O)[nH]c(=O)n2C,0
CCOc1ccc(NC(=O)c2oc3ccccc3c2NC(=O)C2CC2)cc1,0
Cc1c(C)n(C(=O)CSc2nncn2C)c2ccccc12,0
c1ccc(CNc2nc(NCCN3CCOCC3)nc(N3CCOCC3)n2)cc1,0
Cn1c(-c2ccc(Br)o2)nc2ccccc21,0
CC1CC(=O)C2=C(C1)N=C1N=CNN1C2c1ccccc1,0
Cc1ccccc1-n1nnnc1SC1CCOC1=O,0
CS(=O)c1nc(-c2ccc(Br)cc2)cc(-c2ccccc2)c1C#N,0
COc1c2occc2c(OC)c2c(=O)cc(C(F)(F)C(F)(F)F)oc12,0
COC(=O)c1cc(NC2c3ccccc3C(=O)N2CCN2CCOCC2)cc(C(=O)OC)c1,0
Cc1nc2ccc(Br)cn2c1NC(C)(C)C,0
CCOC(=O)c1c(NC(=O)C(F)(OC)C(F)(F)F)sc(C(=O)N2CCCCC2)c1C,0
CCc1nc(SCC(=O)N2CCc3ccccc32)c2oc3ccccc3c2n1,0
CCOc1ccc(-c2nnc3sc(COc4ccc(Cl)cc4)nn23)cc1,0
Cc1cc(N2CCN(C)CC2)nc2ccc(NC(=O)CCC(=O)NCc3ccco3)cc12,0
O=C(Nc1ccccc1NC(=O)c1ccco1)c1ccco1,0
CCCCOc1ccc(C(=O)Nc2ccc(N3CCN(C(C)=O)CC3)cc2)cc1,0
CCCc1cc(C(=O)NC2CCCCC2)no1,0
Cc1cccc(OCCn2c(NC(=O)c3ccco3)nc3ccccc32)c1,0
Brc1ccc(-c2nnc3ccc(N4CCN(c5ccccc5)CC4)nn23)cc1,0
COC(=O)c1c(C(=O)OC)c2oc3ccccc3n2c1Cl,0
CCOC(=O)CSc1nnc(-c2ccc(OC)cc2)n1CC,0
CCN1CCN(c2ncnc3ccc(Br)cc23)CC1,0
CCCn1c(=S)[nH]c2cc(C(=O)N3CCCC(C(=O)OCC)C3)ccc2c1=O,0
CCn1ncc(C2=NOC(C(=O)NCc3ccc(Cl)cc3)C2)c1C,0
CCOC(=O)CC(=O)CSc1nc(N)c(C#N)c(-c2ccc(Cl)cc2)c1C#N,0
Cc1c(NS(=O)(=O)c2cccc3nsnc23)c(=O)n(-c2ccccc2)n1C,0
CC(=O)Nc1ccccc1C(=O)N1CC(C)OC(C)C1,0
Cc1ccc2c(c1)C1CN(C)CCC1N2C(=O)Nc1ccc(Cl)cc1,0
O=C(C1CCN(S(=O)(=O)c2ccc3ccccc3c2)CC1)N1CCN(c2ncccn2)CC1,0
CCOC(=O)c1c(N)sc2c(O)c(Br)ccc12,0
Cc1cc(NCCCN2CCOCC2)n2ncc(-c3ccc(Cl)cc3)c2n1,0
O=C(OC1CCOC1=O)c1cncc(Br)c1,0
COc1cc(-c2noc(-c3cccc(Cl)c3)n2)cc(OC)c1OC,0
O=C(c1ccc2ccccc2c1)N1CCN(c2ccc(O)cc2)CC1,0
CN(Cc1ccccc1)c1nc2c(c(=O)[nH]c(=O)n2C)n1CCOc1ccccc1,0
Cc1ccc(C)c(C(=O)CC2(O)C(=O)Nc3ccccc32)c1,0
CN1C(=O)NC(NC(=O)C2CCCCC2)(C(F)(F)F)C1=O,0
Cc1nc2sc3c(c2c(=O)n1/N=C/c1ccco1)CCCC3,0
O=C(Nc1nccs1)C1C2CC3OC(=O)C1C3C2,0
CCc1cc2c(=O)c(-c3nc4ccccc4n3C)coc2c(CN2CCOCC2)c1O,0
CCCc1nc2c(sc3nc4c(cc32)COC(C)(C)C4)c(=O)n1Cc1ccco1,0
O=C(CSc1nnc(-c2cccc(S(=O)(=O)N3CCCCC3)c2)o1)c1ccc[nH]1,0
O=C(CCS(=O)(=O)Cc1ccccc1)Nc1nc2c(s1)CCCC2,0
CCCOc1cccc(C2C(C(=O)c3ccc(C)o3)=C(O)C(=O)N2CCCN(C)C)c1,0
O=C(Nc1nc2nc(-c3ccccc3)cc(-c3ccccc3)n2n1)c1ccco1,0
Cc1ccccc1-c1nc(CS(=O)(=O)CC(=O)N(C)C2CCCCC2)c(C)o1,0
O=C(NCCc1c[nH]c2ccccc12)C1Cc2ccccc2CN1C(=O)c1ccco1,0
CC1CCN(S(=O)(=O)Cc2ccccc2Cl)CC1,0
COc1ccc(OC)c(CN(CCCN2CCOCC2)S(=O)(=O)c2ccc(NC(C)=O)cc2)c1,0
CC(=O)Nc1ccc(S(=O)(=O)Nc2nc3ccccc3nc2N2CCCC2)cc1,0
Cc1onc(-c2ccccc2Cl)c1C(=O)N1CCN(C/C=C/c2ccccc2)CC1,0
O=C(NC1=NC(=O)C(F)(C(F)(F)F)S1)NC1CCCCC1,0
CC(C)N(Cc1nc(-c2ccc(Cl)cc2)no1)C(=O)c1cccs1,0
O=C(NCCCN1CCN(c2ccc(F)cc2)CC1)c1cccc(N2CCCC2=O)c1,0
CCOC(=O)N1CCN(CC(=O)c2ccc3c(c2)CCN3C(C)=O)CC1,0
CCOc1ccc(N2CCn3c2nc2c3c(=O)n(CCc3ccccc3)c(=O)n2C)cc1,0
COC(=O)C(NC(C)=O)(Nc1nc2c(s1)CCCC2)C(F)(F)F,0
CCn1ncc(Br)c1C(=O)Nc1sc2c(c1C(N)=O)CCC2,0
COc1cc(OC)c(-c2nn3c(-c4cccnc4)nnc3s2)cc1OC,0
CN(Cc1ccccc1)c1ncnc2ccc(Br)cc12,0
O=C(Nc1nc2ccccc2n1CCOc1ccccc1)c1ccco1,0
CCOC(=O)c1[nH]c2ccccc2c1NC(=O)C1CCCCC1,0
O=C(NCCc1ccccc1)c1cc(-c2ccco2)on1,0
COc1ccc(N2CCN(C(CNS(=O)(=O)c3cccs3)c3cccnc3)CC2)cc1,0
Cc1cc(Cl)ccc1OCC(=O)N1CCCCC1,0
COc1ccc(C(=O)NCc2nnc(SCC(=O)N3CCCCC3)o2)cc1OC,0
O=c1cc(CSc2ccc(Cl)cc2)[nH]c(N2CCCCC2)n1,0
CC(C)NC(=O)NC(=O)COC(=O)Cc1ccsc1,0
O=C(NCCCN1CCCC1=O)c1ccc2c(=O)n(Cc3ccco3)c(=S)[nH]c2c1,0
O=S(=O)(c1ccc(F)cc1)N1CCC(N2CCN(c3ccccc3)CC2)CC1,0
Cc1cc(C#N)c(C)n1-c1cc(C(F)(F)F)ccc1N1CCOCC1,0
CCCCCn1c(Br)nc2c1c(=O)n(CC(N)=O)c(=O)n2C,0
COc1ccccc1C(c1nnnn1C(C)(C)C)N1CCN(C(=O)c2ccco2)CC1,0
C=CCSC1=C(C#N)C(c2ccccc2OC)CC(=O)N1,0
Cc1ccc(S(=O)(=O)NC(=O)c2cc(C)n(CCCN3CCOCC3)c2C)cc1,0
CCCCCOC(=O)C1=C(C)NC(=O)NC1c1ccccc1OCC,0
CCC(Sc1nnnn1-c1ccccc1)C(=O)Nc1nc2ccccc2s1,0
Cc1cccc(S(=O)(=O)C(C#N)c2nc3ccccc3nc2N2CC(C)OC(C)C2)c1,0
COCCNC(=O)CSc1nc(-c2ccc(OC)c(OC)c2)cc(C(F)(F)F)n1,0
CCOC(=O)C1CCN(c2ncnc3c2oc2ccc(Br)cc23)CC1,0
CCn1cc(C(=O)N2CCCC2)c(=O)c2cc(S(=O)(=O)N3CCOCC3)ccc21,0
COc1cccc(NC(=O)CN2CCN(S(=O)(=O)c3ccc(C(C)C)cc3)CC2)c1,0
Cc1cccn2c(=O)c(/C=N/Cc3ccco3)c(Nc3ccc(Cl)cc3)nc12,0
CCN(CC)CCNC(=O)Cn1nc(-c2ccccc2)c2ccccc2c1=O,0
Cc1cc(S(=O)(=O)n2cnc3ccccc32)c(C)cc1Cl,0
CCOc1ccccc1C(=O)Nc1nnc(CC)s1,0
O=C(c1cccs1)N1CCN=C1SCc1ccccc1,0
Cc1cc(Nc2ccccc2N2CCOCC2)n2ncnc2n1,0
COc1ccc(OC)c(NC(=O)C2C3CCC(O3)C2C(=O)O)c1,0
O=C(CSc1nnc(Cc2ccccc2)n1Cc1ccco1)NC1CCCC1,0
COc1cccc2c(=O)n(CC(=O)NC3CCCC3)ccc12,0
COc1ccc2nc(NC(=O)CCc3nc(C4=CCN(C)CC4)no3)sc2c1,0
CCOC(=O)CSc1nnc(-c2ccoc2C)n1-c1ccc(OCC)cc1,0
COCc1nnc(SCC(=O)NCc2ccccc2)n1-c1ccccc1,0
COc1cc(C2Nc3ccc4ncccc4c3C3=C2C(=O)CCC3)cc(OC)c1O,0
COCCN1C(=O)c2ccccc2C(C(=O)NCCCN2CCCC2=O)C1c1c[nH]c2ccccc12,0
N#C/C(=C\c1ccc(O)c(O)c1)S(=O)(=O)c1ccccc1,0
COCC(=O)N(C)c1nnc(-c2cnc(C)cn2)s1,0
COc1ccc(NC(=O)c2cc(C3CC3)on2)c(OC)c1,0
Cc1cc(NC(=O)C2CCCCC2C(=O)O)no1,0
Cc1sc2nc(CN(CCc3ccccc3)C(=O)c3ccco3)[nH]c(=O)c2c1C,0
CS(=O)(=O)N(CC(=O)NCc1ccco1)c1cc(C(F)(F)F)ccc1Cl,0
Cc1ccccc1-n1c(=O)c2ccccc2n2c(=O)[nH]nc12,0
Cc1nn(-c2ccccc2)c(C)c1NC(=O)c1ccc(S(=O)(=O)N2CCCC2)cc1,0
COc1cc2[nH]c(=O)n(CCCCCC(=O)NCCCN3CCC(C)CC3)c(=O)c2cc1OC,0
Cn1nc(CC(=O)Nc2ncc(Br)s2)c2ccccc2c1=O,0
O=C(c1cccc(S(=O)(=O)N2CCCCC2)c1)N1CCCCC1,0
COc1cccc(NC2CC(=O)N(CCc3ccccc3)C2=O)c1,0
O=C1CSC(c2ccccn2)N1c1cccc(Cl)c1,0
Cc1ccccc1Cn1nc(C)c(NC(=O)c2noc3c2CCCC3)c1C,0
COc1ccc(-n2c(=O)cc(N3CCN(c4ccccc4OC)CC3)[nH]c2=O)cc1,0
O=C1C=C(N2CCN(C(=O)c3ccccc3)CC2)C2(CCCCC2)O1,0
COC(=O)C(C)Sc1nc2c(c(=O)n(C)c(=O)n2C)n1Cc1cccc(C)c1,0
O=C(Nc1ccccc1C(=O)N1CCCC1)c1cccc(S(=O)(=O)N2CCCCC2)c1,0
COC(=O)c1ccc(CSc2ncnc3c2nnn3-c2ccc(OC)cc2)o1,0
Cn1c(=O)c2c(nc(SCC(=O)N3CCCc4ccccc43)n2C)n(C)c1=O,0
COc1cc(OC)cc(-c2nnc(SCC(=O)N3CCCCC3)o2)c1,0
Cc1c(C(=O)Nc2ccc(Cl)cn2)oc2ccccc12,0
O=C(CS(=O)(=O)c1ccccc1)Nc1nc(-c2ccccc2)cs1,0
CCc1nnc(NC(=O)c2c(OC)cccc2OC)s1,0
CSc1nc(N2CCOCC2)c2c3c(sc2n1)CCC3,0
Cc1cc(C)n2nc(NCc3ccccc3)nc2n1,0
CS(=O)(=O)N(CC(=O)NCc1ccco1)c1ccc(Cl)c(C(F)(F)F)c1,0
COc1ccc(OC)c2c1s/c(=N\C(=O)CN1C(=O)CCC1=O)n2C,0
CCC(C)NC(=O)c1cc(OC)c(OC)c(OC)c1,0
COC(=O)c1ccccc1NC(=O)CN(C)S(=O)(=O)c1ccc(OC)cc1,0
COc1ccc(OCCn2c(NC(=O)c3ccco3)nc3ccccc32)cc1,0
CCOC(=O)c1ccc(NC(=O)CN2C(=O)CSC2=O)cc1,0
COc1ccc(-n2c(N)c(Br)c(=O)[nH]c2=O)cc1,0
CC(=O)Nc1ccc2nc(-c3cccs3)[nH]c2c1,0
COC(=O)C1C(=O)c2c([nH]c(C(=O)OCC3CCCO3)c2C)CC1C,0
CC(C)(C)c1cc(-c2ccco2)c(C#N)c(SCC#N)n1,0
CCNc1nc(SC(C)C(=O)OC)nc(N2CCOCC2)n1,0
CC1=C(C(=O)OC2CCCCCCC2)C(c2ccc(O)cc2)NC(=O)N1,0
CCn1cc(C(=O)NCc2ccco2)c(=O)c2cc(S(=O)(=O)N3CCc4ccccc4C3)ccc21,0
CCOC(=O)C1CCN(C(c2ccc(OC)c(OC)c2)c2sc3nc(C)nn3c2O)CC1,0
Cc1ccc(N(CC(=O)N2CC(=O)Nc3ccccc32)S(=O)(=O)c2ccc3c(c2)OCCO3)cc1,0
CCOC(=O)Nc1nnc(-c2ccccc2OC)s1,0
Cc1ccc(C(C(=O)NC2CCCCC2)N(C(=O)c2csnn2)C2CCCC2)o1,0
O=C(NCCSc1c[nH]c2ccccc12)c1ccc(Br)o1,0
O=S(=O)(c1ccc(N2CCN(S(=O)(=O)c3ccc4c(c3)OCCO4)CC2)nc1)N1CCCC1,0
COc1ccc(S(=O)(=O)N(CC(=O)NCCCN(C)C)c2ccc(C)cc2)cc1OC,0
COC(=O)c1cc(OC)c(OC)cc1NC(=O)CSc1nnnn1Cc1ccccc1,0
CCOC(=O)Nc1cc(Br)c2c(c1)OCCO2,0
CCn1c(SCC(=O)Nc2ccccc2N2CCCCC2)nc2c1c(=O)n(C)c(=O)n2C,0
Cc1onc(-c2ccccc2Cl)c1C(=O)NCc1ccc(S(N)(=O)=O)cc1,0
COC(=O)C(F)(F)Sc1c(C)[nH]c2ccccc12,0
O=C(CCCC(=O)N(CC(=O)NC1CCCCC1)CC1CCCO1)Nc1ccccn1,0
O=C(CSc1ccc(Cl)cc1)Nc1ccc(N2CCN(C(=O)c3ccco3)CC2)cc1,0
Cc1cc(C(=O)Nc2ccccn2)cs1,0
c1ccc(CN2CCN(c3nc(-c4ccccn4)nc4ccccc34)CC2)cc1,0
CN(C)c1ccc(NC(=S)c2ccccn2)cc1,0
Cc1ccc2nc3ccc(N4CCCC4)nn3c(=O)c2c1,0
COc1ccc(S(=O)(=O)N2CCn3c2nc2ccccc23)cc1,0
O=C(NCc1ccco1)c1cc(-c2cccc(Cl)c2)on1,0
O=C(NCCCN1CCOCC1)c1ccc(Br)s1,0
COc1ccc(Cl)cc1C(=O)NCC(c1ccco1)N1CCCC1,1
COc1ccc(N2C(=O)C3CCCN3C2c2ccccc2)cc1Cl,0
CCCC1c2ccc(C)n2CCN1C(=O)Nc1ccccc1Cl,0
CC(O)CN(Cc1cccc(Cl)c1)CC(C)O,0
Cc1ccc(Cl)cc1N(CC(=O)NC1CCCCC1)S(C)(=O)=O,0
Cc1ccnc(NC(=O)C2CCN(S(=O)(=O)c3cccc4nonc34)CC2)c1,0
Cc1cccn2c(=O)c3cc(C(=O)NCC4CCCO4)n(C)c3nc12,0
Cc1cc(C(=O)Nc2cc(C)n(Cc3ccc(Cl)cc3)n2)no1,0
CS(=O)(=O)N1CCC(C(=O)N2CCc3ccccc3C2)CC1,0
O=C(Nc1ccc2c(c1)nc1n2CCN(C2CCCCC2)C1)c1ccco1,0
Brc1ccccc1-c1nnc2sc(-c3ccc4c(c3)OCCO4)nn12,0
O=C(c1cccc(C(F)(F)F)c1)N1CCN(C2CCCCC2)CC1,0
Cc1c(C(=O)NCCN2CCOCC2)oc2ccccc12,0
Cc1ccc(C)c(S(=O)(=O)C(C#N)c2nc3ccccc3nc2N2CCCC2)c1,0
Cc1cccc(NC(=O)N2CCC(c3nc4ccccc4o3)CC2)c1,0
CCOC(=O)N1CCN(S(=O)(=O)c2c(C)cc(C)cc2C)CC1,0
COC(=O)c1ccc(/N=c2\sc(C(=O)OC)cc(=O)n2C)cc1,0
CCCCCn1c(SCC(=O)OCC)nc2cc(C(=O)NCc3ccco3)ccc2c1=O,0
C=CCNC(=O)CN(c1cccc(Br)c1)S(C)(=O)=O,0
COc1ccc(Br)cc1-c1noc(-c2ccccc2)n1,0
O=C(NCC1CCCO1)c1ccc(C(=O)NCC2CCCO2)cc1,0
Cc1c(N2C(=O)SC(CC(=O)O)C2=O)c(=O)n(-c2ccccc2)n1C,0
O=C(CCN1C(=O)C2C3C=CC(C3)C2C1=O)Nc1ccccc1F,0
Cc1[nH]n(-c2ccc(Cl)cc2)c2nc(=O)c(CNCc3ccc4c(c3)OCO4)cc1-2,0
C=C(C)c1cccc(C(C)(C)NC(=O)NCC2CCCO2)c1,0
CN(C(=O)c1ccccn1)c1nnc(-c2cccnc2)s1,0
COc1cccc(-c2csc3nc[nH]c(=O)c23)c1,0
O=C1CCN(C(=O)c2ccccc2)C2CCCCC12,0
CCn1c(SCC(=O)NCc2ccccc2)nc2ccccc2c1=O,0
COc1ccc(-c2noc(-c3ccc(Br)o3)n2)cc1OC,0
COc1cccc(C(=O)N(Cc2ccc(N(C)C)cc2)C2CCS(=O)(=O)C2)c1,0
CCOc1ccccc1NC(=O)CSc1nnc(Cn2c(=O)sc3ccccc32)n1C,0
COc1ccc(C(O)c2nc3ccccc3n2C)cc1OC,0
Cc1ccc(OCc2nnc(SCC(=O)N3CCOCC3)n2C)cc1,0
CCOC(=O)Cn1nc(-c2ccc(Cl)cc2)ccc1=O,0
C=CCn1c(COc2ccccc2F)nnc1SCC(=O)N1CC(=O)Nc2ccccc21,0
O=c1nc(SCc2ccccc2Cl)[nH]c2c1CCC2,0
O=C(OCc1nc2ccc(Cl)cc2n1CCO)c1ccc2c(c1)OCO2,0
CCOC(=O)CCCOC(=O)c1ccc(S(=O)(=O)N(C)C)cc1,0
O=C(Cc1cccs1)Nc1ccc(S(=O)(=O)Nc2ncccn2)cc1,0
COC(=O)C1=C(N)Oc2cc(C)n(Cc3cccnc3)c(=O)c2C1c1ccccc1OC,0
O=C(CSc1nc2cc(Cl)ccc2o1)N1CCOCC1,0
COc1ccc(-c2nnc(N)s2)cc1,0
O=C(Nc1ccc(Cl)cc1)N1CCC(c2nc(-c3cccs3)no2)CC1,0
COCCOC(=O)c1c(C)nc(SCC(=O)Nc2ccc(OC)cc2)c(C#N)c1-c1ccco1,0
C=CCNC(=O)CN(c1ccc(F)c(Cl)c1)S(C)(=O)=O,0
O=C(NC1CCCCC1)N1CCN(Cc2nc(=O)c3ccccc3[nH]2)CC1,0
COc1ccc(OCc2nnc(SCC(=O)NCc3ccco3)o2)cc1,0
O=C(CCSCCC(=O)N1CCCC1)N1CCCC1,0
COc1ccc(S(=O)(=O)NC(CC(=O)NC2CCCC2)c2ccco2)cc1,0
Cc1ccc(C(=O)C2CCN(CC(=O)Nc3ccc(N(C)C)cc3)CC2)cc1,0
O=S(=O)(Cc1ccccc1)N1CCc2ccccc2C1,0
O=C(CN1CCN(c2ccccn2)CC1)N(c1ccccc1)c1ccc2ccccc2c1,0
COCCn1nnnc1C(c1cc2ccc(C)cc2[nH]c1=O)N(Cc1ccco1)Cc1cccs1,0
Cc1ccc(S(=O)(=O)N2Cc3ccccc3CC2C(=O)Nc2cc(C)on2)cc1,0
Cc1ccc(CNC(=O)C2c3ccccc3C(=O)N(C)C2c2c[nH]c3ccccc23)o1,0
Cc1c(C(=O)NCCN2CCOCC2)oc2ccc(S(=O)(=O)N3CCCCCC3)cc12,0
CC(=O)c1c(C)nn(C(=O)c2cccs2)c1C,0
CCOC(=O)Cc1csc(SCn2nnc3ccccc3c2=O)n1,0
CN(Cc1ccccc1)C1CC(=O)N(c2ccc(C(=O)O)cc2)C1=O,0
Cn1cnnc1SCc1ccc(C#N)cc1Cl,0
COc1ccc(CNC(=O)C2CC(c3ccc(OC)cc3)=NO2)cc1,0
CC(Sc1ccccc1)C(=O)Nc1cccc(N(C)S(C)(=O)=O)c1,0
CSc1ccc(/C=N/n2c(C)cc(C)cc2=O)cc1,0
CC1(C)CC(=O)C2=C(C1)N(Cc1ccco1)C(=O)C2(NC(=O)c1cccnc1)C(F)(F)F,0
CCOC(=O)CCCNC(=O)CCNC(=O)c1ccc(OC(C)C)cc1,0
O=C(CCN1CCOCC1)NCC(=O)Nc1ccc(Br)cc1C(=O)c1ccccc1,0
CCOc1ccc(NC(=O)Nc2ccc3c(c2)N(C)C(=O)CS3)cc1,0
COc1ccc(C2=NOC(COc3ccccc3NC(C)=O)C2)cc1OC,0
CC(C)C(=O)c1cn(CC(=O)NCC2CCCO2)c2ccccc12,0
C=CCn1c(SCc2c(C)noc2C)nc2cc(C(=O)O)ccc2c1=O,0
Brc1c(OCCOCCn2cncn2)ccc2ccccc12,0
Cc1nc2sc(C(c3ccc(Cl)cc3)N3CCOCC3)c(O)n2n1,0
CCC(C)NC(=O)C1CCN(C(=O)c2ccccc2)CC1,0
COc1cccc(-n2c(COc3ccc(C)cc3)nnc2SCC(N)=O)c1,0
CN(C)C(=O)Cn1c(SCC(=O)N2CCCc3ccccc32)nc2ccccc21,0
CC1CCCCC1NC(=O)c1ccc2c(c1)[nH]c(=O)n2C1CCCC1,0
COc1ccccc1C(=O)Nc1nnc(-c2ccc(Cl)cc2)o1,0
Cn1c(Cn2c(=O)sc3ccccc32)nnc1SCC(=O)Nc1ccc(F)cc1,0
O=C(Nc1ccc(N2CCCCC2)cc1)c1cncc(Br)c1,0
CCCN(c1ccc(C(C)C)cc1)S(=O)(=O)c1c(C)noc1C,0
CCN(CC)CCNC(=O)c1c(C)oc2cc(Br)c(OC)cc12,0
Cc1cccc(C)c1NC(=O)C(c1cccs1)N(Cc1ccco1)C(=O)Cn1nnc2ccccc21,0
O=C(Nc1ccc(F)c(F)c1)c1ccc2c(c1)OCO2,0
CCN(CC)C(=O)Sc1cccc2cccnc12,0
Cc1nc2ccc(Nc3nc4cc(S(=O)(=O)N5CCOCC5)ccc4o3)cc2s1,0
O=C(CN(Cc1ccc(F)cc1)C(=O)c1ccco1)NCc1ccc(F)cc1,0
COc1cccc(OC)c1C(=O)N1CC(C)OC(C)C1,0
Cc1noc(C(=O)Nc2ccc3c(c2)OCO3)c1Cl,0
Cc1sc2nc(SCC(=O)NCc3ccco3)[nH]c(=O)c2c1C,0
CCCOCC(O)COc1ccccc1C(=O)N1CCOCC1,0
Cn1c(NCc2cc(Br)ccc2O)nc2ccccc21,0
CCc1ccc2[nH]c(=O)c(CN(CCCN3CCOCC3)C(=O)Nc3ccc(Cl)cc3)cc2c1,0
CCCCN(CC)Cc1ccc(CNC(=O)Nc2ccc(OC)cc2OC)o1,0
Cc1nnc(Nc2ccc(C(=O)NCCO)cc2)c2ccccc12,0
CSCCC(NC(=O)c1ccccc1)c1nc(-c2ccccc2)no1,0
COc1cc(C(=O)NCC(c2ccco2)N2CCCC2)ccc1OCc1c(C)noc1C,0
Cc1sc2ncn(CC(=O)NCC(=O)N3CCC4(CC3)OCCO4)c(=O)c2c1C,0
CCn1c(CSc2nncn2-c2ccc(OC)cc2)nc2cc(S(=O)(=O)N(C)C)ccc21,0
Cc1nc2cc(NC(=O)N(C)c3ccc4ccccc4c3)ccc2o1,0
CCOC(=O)C(C)Oc1ccc(C2NC(=O)NC(C)=C2C(C)=O)cc1Br,0
CC(NC(=O)c1cccc(N2CCCC2=O)c1)c1ccc2c(c1)OCCO2,0
Cc1cc(C)c2c(N)c(C(=O)c3ccccc3)oc2n1,0
O=C(c1ccco1)N1CCN(C(=O)c2cccc3c2C(=O)N(Cc2cccnc2)C3)CC1,0
O=C(CNC(=O)c1ccc(Br)o1)Nc1cccc(-c2cnc3ccccc3n2)c1,0
COc1ccc2cc(S(=O)(=O)N3CCN(C)CC3)ccc2c1,0
CCOc1ccc(-c2cn(S(=O)(=O)c3cccc4nsnc34)nc2N)cc1,0
COCCSc1nnc(NC(=O)C2CCCCC2)s1,0
COc1ccc(-c2cc(C(F)(F)F)nc(N3CCN(c4ccccc4)CC3)n2)cc1OC,0
COc1ccccc1NCCC(=O)OCC(=O)Nc1ccc(Cl)cn1,0
COc1cccc(CNC(=O)CCS(=O)(=O)c2cccc3nonc23)c1,0
COc1ccc(CC(=O)Nc2c3c(nn2-c2cccc(C)c2C)CS(=O)C3)cc1,0
CC(=O)c1cccc(NC(=O)Oc2ccccc2)c1,0
Cn1c(COc2ccccc2)nnc1SCCC(=O)Nc1ccccc1,0
CC(=O)Nc1ccc(N/C=C/C(=O)c2ccc(C)o2)cc1,0
N=c1c(C(=O)NCc2ccccc2)cc2c(=O)n3ccccc3nc2n1Cc1ccco1,0
CN(C)S(=O)(=O)n1cnc(-c2ccccc2)c1-c1ccccc1,0
N#Cc1nc(COc2cccc(Cl)c2)oc1N1CCN(c2ccccc2)CC1,0
O=C(Cc1ccc2cccnc2c1)c1ccc(O)cc1O,0
CCn1c(CSc2nc(C)cc(C)n2)nnc1SCC(=O)Nc1ccccc1,0
O=C(c1ccco1)N(Cc1cc2ccccc2[nH]c1=O)C1CCCCC1,0
O=C(O)CC(NCc1ccco1)C(=O)OCCc1ccccc1,0
CCn1c(COc2cccc(C)c2)nnc1SCC(=O)N1CCCC1,0
CCOC(=O)c1ccc(NCc2ccc(N(C)C)cc2)cc1,0
Cc1oc(/N=C/c2ccc(Cl)cc2)c(C#N)c1C,0
COc1ccc(OCCSc2nnc(-c3ccccc3)n2N)cc1,0
Cc1sc2ncnc(SCC(=O)N3CCN(C(=O)c4ccco4)CC3)c2c1C,0
Cc1cc(C(=O)CN2C(=O)C3CC=CCC3C2=O)c(C)n1-c1ccccc1,0
CC(=O)Cc1nsc(NC(=O)c2cc(-c3cccc(C(F)(F)F)c3)oc2C)n1,0
CC(=O)Nc1ccc(S(=O)(=O)Nc2ccc(N3CCOCC3)cc2)cc1,0
N#Cc1cccc(-c2cn(S(=O)(=O)c3ccc(Cl)cc3)nc2N)c1,0
CN(C)c1ccc(/C(=N\O)C(F)(F)F)cc1,0
COc1ccc(OC)c(C2C(C(=O)Nc3ccccc3OC)=C(C)N=C3N=C(CCCO)NN32)c1,0
CC1CCN(S(=O)(=O)c2ccc(NC(=O)CN3CCN(c4ccccc4)CC3)cc2)CC1,0
C/N=C1\SC(CC(=O)Nc2cccc(C(F)(F)F)c2)C(=O)N1C,0
CC(=O)NC(CCS(C)(=O)=O)C(=O)Nc1c(F)cccc1F,0
Cc1cc(C)n2nc(C(=O)N3CCOCC3)nc2n1,0
O=C(NCCc1nc2ccccc2[nH]1)Nc1ccccc1,0
FC(F)(F)c1cccc(N2CCN(Cc3cccnc3)CC2)c1,0
CC(Oc1ccccc1Br)C(=O)N1CCc2ccccc21,0
CCOC(=O)C1CCCCN1Cc1cc(Cl)ccc1O,0
Cc1c(C#N)c(/N=C/N(C)C)c(C(=O)c2ccccc2)n1-c1ccccc1,0
CCOC(=O)CNC(=O)CSc1nc2cccnc2n1Cc1ccccc1,0
Cc1ccc(-c2csc3nnc(SCC(=O)NCc4ccc5c(c4)OCO5)n23)cc1,0
CN(C)c1nc2c(c(=O)n(C)c(=O)n2C)n1CC(=O)c1cccs1,0
Cc1cccc(Nc2nc3c(c(=O)n(C)c(=O)n3C)n2Cc2ccccc2)c1,0
COc1ccc(CCN2C(=O)CC(N3CCN(c4ccccn4)CC3)C2=O)cc1OC,0
COc1ccc(N(CC(=O)N2c3ccccc3CC2C)S(=O)(=O)c2c(C)noc2C)cc1,0
CCC(=O)Nc1cccc(NC(=O)CN2CCN(c3ccccc3OC)CC2)c1,0
CCC(=O)Nc1ccc(C(=O)Nc2ccc3c(c2)OCO3)cc1,0
O=C(CCC(=O)N1CCCC1)Nc1nnc(C(F)(F)F)s1,0
COc1ccc(Cl)cc1NS(=O)(=O)c1ccc(NC(C)=O)cc1,0
Clc1ccc2c(c1)C1OCCC1C(c1ccco1)N2,0
CCCCC(=O)Nc1ccc(C(=O)Nc2ccc(S(=O)(=O)N3CCCC3)cc2)cc1,0
Cc1ccc2[nH]c(=O)c(C(c3nnnn3CC3CCCO3)N3CCOCC3)cc2c1,0
CCOC(=O)C(C(C)=O)c1c(Br)c(O)c(O)c2c(C(=O)c3ccc(C)cc3)coc12,0
CCOc1ccccc1C(=O)NCC(=O)OCC(=O)c1ccc2c(c1)OCCO2,0
Cc1cccc(NC(=O)COc2nsnc2N2CCOCC2)c1,0
Cc1nnc(NC(=O)c2ccc3c(c2)C(=O)N(CC2CCCO2)C3=O)s1,0
O=C(NC(Cc1c[nH]c2ccccc12)C(=O)O)c1ccccc1,0
COc1ccc(CNS(=O)(=O)c2ccc(C3CNC(=O)C3)cc2)cc1,0
Cc1cccc(NC(=O)CN(C)S(=O)(=O)c2cccc3cccnc23)c1,0
COc1ccc(-n2c(Cc3cccn3C)nnc2SCC(=O)Nc2cc(C)cc(C)c2)cc1,0
CC(C)NS(=O)(=O)c1ccc(OCC(=O)N2CCN(Cc3ccccc3)CC2)cc1,0
CC1CCCCN1C(=O)c1cnn2c(C(F)(F)F)cc(-c3ccco3)nc12,0
CN(C)C(=O)Oc1ccc(Cl)c2ccccc12,0
O=C(CCN1CCCCC1c1cccnc1)NCc1ccccc1,0
COc1ccc(S(=O)(=O)N2CCCC(C(=O)Nc3cccc(C(C)=O)c3)C2)cc1,0
N#CC1=C(Nc2ccc(Br)cc2)CCC1,0
Cc1cccc(Cc2nnc(NC(=O)c3cccc(S(=O)(=O)N4CCOCC4)c3)s2)c1,0
COc1cc(NC(=O)c2ccc(Br)o2)c(C(=O)O)cc1OC,0
O=S(=O)(c1ccc(N2CCN(c3ccc(F)cc3)CC2)cc1)N1CCCC1,0
COc1ccc(-c2nnc(SC(C)C#N)o2)cc1,0
CS(=O)(=O)N1CCN(c2ccc(NC(=O)c3ccc(Br)o3)cc2)CC1,0
COC(=O)c1ccccc1NC(=O)CN1CCN(C(=O)c2ccco2)CC1,0
O=C(Cn1c(=O)oc2ccccc21)Nc1ccc(S(=O)(=O)N2CCCCC2)cc1,0
COc1ccc(F)cc1S(=O)(=O)NC(Cc1ccccc1)C(N)=O,0
COc1nc(NS(=O)(=O)c2ccc(C)cc2)nc(C)c1Cl,0
CCn1nnc(NC(=O)CSc2ccc(Cl)cc2)n1,0
CCOC(=O)Cc1nnc(NC(=O)CSc2nnc3c4ccccc4n(C)c3n2)s1,0
O=C(NCc1ccco1)C(Cc1ccccc1)NS(=O)(=O)c1cccc2nsnc12,0
COc1ccc(Cn2nnnc2CN(Cc2cc3cccc(C)c3[nH]c2=O)C2CCCC2)cc1,0
Brc1ccccc1CN1CCC(N2CCCCC2)CC1,0
O=C(CCSc1nc(-c2ccco2)cc(C(F)(F)F)n1)NCc1ccccn1,0
Cc1ccccc1-n1nc2c(c1NC(=O)c1cc3ccccc3oc1=O)CS(=O)C2,0
COc1ccc(S(=O)(=O)N2CCN(C(=O)c3cccc(Cl)c3)CC2)cc1,0
Cc1cc(NC(=O)CSc2nccn2-c2ccc(Cl)cc2)no1,0
CCN(CC)S(=O)(=O)c1cccc(C(=O)Nc2cc(C)nn2-c2nc(C)cc(C)n2)c1,0
Cc1noc(C)c1C(=O)NC1CCCc2ccccc21,0
O=C(CSc1ncnc2c1oc1ccccc12)OCc1ccccc1,0
Cn1c2c(c(=O)n(C)c1=O)C(c1cccc(Br)c1)C1C(=O)c3ccccc3C1=N2,0
COc1ccc(CCNC(=O)NC(C(F)(F)F)C(F)(F)F)cc1OC,0
COCCNC(=O)CSc1nc2ccc(N3CCOCC3)cc2c(=O)n1CCc1ccccc1,0
CCc1ccc(Cn2nnc(C(=O)NCc3ccccc3OC)c2N)cc1,0
CCOC(=O)CSc1nnc(CSc2nc(C)cc(C)n2)n1Cc1ccco1,0
O=C(CN1CCOCC1)N1CCN(S(=O)(=O)c2ccccc2)C1,0
CCCCN1CCc2c([nH]c3ccc(C)cc23)C1=O,0
CC(Sc1nc(N2CCOCC2)c2c(c1C#N)CC(C)(C)OC2)C(=O)Nc1ccccc1,0
CCCC(=O)Nc1c2c(nn1-c1ccc(OC)cc1)CS(=O)(=O)C2,0
O=S(=O)(c1ccc(N2CCOCC2)cc1)N1CCOCC1,0
CCOc1ccc(CC(=O)Nc2c(C(N)=O)oc3ccc(Br)cc23)cc1OCC,0
CCOC(=O)c1[nH]c(C)c(C(=O)Nc2ccc(C)c(Cl)c2)c1C,0
O=C(Nc1ccc2nn(-c3ccccc3)nc2c1)c1ccc2c(c1)OCCO2,0
O=C(CSc1nc2c(c(=O)n1-c1ccc(F)cc1)SCC2)N1CCCC1,0
CCC(C)(C)NC(=O)C(c1cccc(OC)c1)N(C(=O)c1ccn[nH]1)c1cccc(OC)c1,0
CC(NC(=O)c1cccc(F)c1)C(c1cccs1)N1CCN(C)CC1,0
O=C(Nc1ccc(OC(F)(F)F)cc1)C1=NCCN1,0
O=C(COC(=O)c1n[nH]c2ccccc12)NC(=O)NC12CC3CC(CC(C3)C1)C2,0
Cc1ccc2c(c1)N(CC(=O)N1CCN(c3nc4ccccc4s3)CC1)C(=O)C(C)O2,0
CCOc1ccc(S(=O)(=O)Nc2ccc(Cl)cn2)c(C)c1C,0
O=C(O)c1ccc(Cl)c2c1C1C=CCC1C(c1ccccn1)N2,0
Brc1cccc(C2CC(c3ccccc3)N3NN=NC3=N2)c1,0
CCOC(=O)CC1=C(C(=O)OCC)C(c2ccncc2)C(C#N)=C(N)O1,0
O=C(O)C1C2CCC(C2)C1C(=O)NCCCn1ccnc1,0
CC(C)C(=O)Nc1cccc(C(=O)Nc2ccc3c(c2)OCO3)c1,0
CN(Cc1ccccc1)C(=O)NC(Cc1ccccc1)C(=O)O,0
Cc1ccc(CN2C(=O)CCC2C(=O)NCC2CCCO2)cc1,0
O=C(CN1CCOCC1)Nc1cccc(Br)c1,0
O=CN1CCN(C(C(=O)NC2CCCC2)c2ccc(Cl)cc2)CC1,0
CCOc1ccccc1NC(=O)CN(c1ccc(OC)cc1)S(=O)(=O)c1c(C)noc1C,0
CC1=C(C(=O)OC(C)C)C(c2cccc(F)c2)N2C(=O)C(C)SC2=N1,0
CCN1C(SCC(=O)NCC2CCCO2)=NN/C1=C1\C=Nc2ccccc21,0
CC1=C(Sc2ccccn2)C(=O)NC(C)(C)C1,0
CCc1ccc2[nH]c(=O)c(CN(CCN(CC)CC)C(=O)NC3CCCCC3)cc2c1,0
CN(Cc1nc(-c2cccnc2)no1)S(=O)(=O)c1ccccc1,0
CCOC(=O)c1ccc(N2C(=O)CC(N3CCN(Cc4ccccc4)CC3)C2=O)cc1,0
CCC1(C)Cc2ccccc2-c2nc(NCCO)n(-c3ccccc3)c(=O)c21,0
COc1ccc(C)cc1NC(=O)CSc1nnc(COc2ccc(C)cc2)n1Cc1ccco1,0
CC1CCCCN1Cc1nc2c(c(=O)n(C)c(=O)n2C)n1Cc1c(F)cccc1Cl,0
O=C(NCCc1ccc2c(c1)OCO2)C1CCN(S(=O)(=O)c2ccc(Cl)cc2)CC1,0
CCN(CC)S(=O)(=O)N1CCC(C(=O)NCc2ccc(F)cc2)CC1,0
COc1ccc(OC)c(NC(=O)C(CC(=O)O)NCc2ccco2)c1,0
COC(=O)c1ccc(CNC(=O)COc2ccccc2Br)o1,0
CCN(CC)Cc1c(O)ccc2c(-c3ccccc3)cc(=O)oc12,0
COc1cccc(COc2nc3c(c(=O)n(C)c(=O)n3C)n2C)c1,0
COc1ccc(S(=O)(=O)N(Cc2nc(=O)c3ccccc3[nH]2)C2CCCC2)cc1,0
CN(C)S(=O)(=O)c1ccc(Oc2ccccc2)cc1,0
O=C1CCCC2=C1C(c1c(Cl)nc3sccn13)C1=C(CCCC1=O)N2,0
COC(=O)C(CC(=O)Nc1cc(C)ccc1C)Nc1ccccc1OC,0
Cc1ccnc(NC(=O)CCC2CCCCC2)c1,0
Cc1ccccc1NC(=O)C1CC(=O)N(c2ccccc2F)C1,0
CC1(C)CC(=O)C2=C(C1)N=C1SCCC(=O)N1C2c1ccccc1,0
COc1ccc(C)cc1-n1nnnc1SCc1csc(C)n1,0
Cc1ccc(OCC(=O)NCCN2CCN(C(=O)COc3ccc(C)cc3)CC2)cc1,0
CCOc1ccccc1N(C(=O)c1ccco1)C(C(=O)NC1CCCC1)c1cccnc1,0
Cc1ccc(C(=O)CSc2ncn[nH]2)cc1,0
O=C1NC(Nc2nccs2)(C(F)(F)F)C(=O)N1CCc1ccccc1,0
CC(=O)c1cccc(NC(=O)N2CCCC2C(=O)Nc2cccc(C)c2C)c1,0
COc1ccc(-c2nc(CS(=O)CC(=O)NCc3ccc4c(c3)OCO4)c(C)o2)cc1,0
CCOC(=O)Cn1nc(-c2ccccc2)nc1-c1ccccc1,0
CSc1nc(C)c(C(=O)Nc2ccccc2)c(C)c1C#N,0
Cc1cnn(C(=S)NCC2CCCO2)c1,0
CCN1C(=O)c2cccc3c(NC(=O)C4CCCCC4)ccc1c23,0
CCOC(=O)c1ccc(NC(=O)c2nn(CC)cc2Br)cc1,0
CC1(C)CC2CC(C)(CN2C(=O)CN2C(=O)c3ccccc3C2=O)C1,0
O=C(Nc1cccc(Cl)c1)c1c(O)n(Cc2ccco2)c2c(c1=O)CCCC2,0
CC1CCN(C(=O)C2CCN(S(=O)(=O)c3cnc[nH]3)CC2)CC1,0
CCCCC(=O)Nc1ccc(Cl)cn1,0
Cc1nn(C)c(C)c1S(=O)(=O)NC1CCCC1,0
COc1ccc(OC)c2[nH]c(=O)c(CCNC(=O)c3ccc(S(=O)(=O)N4CCCCC4)cc3)cc12,0
COc1cccc(Nc2ncccc2C(=O)NCc2ccccc2)c1,0
CC(=O)c1c(C)[nH]c(C(=O)OC2CCCCC2=O)c1C,0
COc1ccc(NC(=O)CSc2nnc(Cn3c(=O)sc4ccccc43)n2C)c(OC)c1,0
CN(CCC#N)c1ncnc2scc(-c3ccccc3)c12,0
COc1ccccc1NC(=O)CSc1nnc(-c2ccncc2)n1CC1CCCO1,0
Cc1cc(NC(=O)C2CC2)ncc1NC(=O)C12CC3CC(CC(C3)C1)C2,0
O=C(Nc1nccs1)c1ccc(CSc2nnnn2-c2ccccc2)cc1,0
CCCC(C)C(=O)NC1CCSC1=O,0
CCC(C)NC(=O)CC(c1ccc(OC)cc1)n1cccc1,0
COc1ccc(OC)c(NC(=O)CCC(=O)Nc2nnc(C(F)(F)F)s2)c1,0
Cn1c(CCNC(=O)c2ccco2)nc2cc(NS(=O)(=O)c3ccc(Cl)cc3)ccc21,0
COC(=O)c1ccc2c(=O)n(Cc3ccco3)c(SCC(=O)Nc3ccccc3Cl)nc2c1,0
COc1ccc(CCNc2oc(COc3ccccc3)nc2C#N)cc1,0
O=C(Nc1ccc(Cl)c(C(F)(F)F)c1)c1ccco1,0
COc1ccc(N2Cc3ccccc3C2)cc1Cl,0
C=CCn1c(SC(C)C(=O)NCc2ccc3c(c2)OCO3)nnc1C1CCCCC1,0
CCC(=O)c1ccc(OCC(O)CN2CCN(S(=O)(=O)N3CCCCC3)CC2)cc1,0
CCCCn1c(N2CCC(Cc3ccccc3)CC2)nc2c1c(=O)[nH]c(=O)n2C,0
CS(=O)(=O)N1CCCC(C(=O)NCCc2ccc(Cl)cc2)C1,0
COc1ccc(N2CCN(c3oc(COc4ccc(Cl)cc4)nc3C#N)CC2)cc1,0
CCSc1nc(C)c(CC)c(C)c1C(N)=O,0
CCOC(=O)c1[nH]c(C)c(C(=O)N(C)Cc2ccccc2)c1C,0
O=C(CN1C(=O)c2ccccc2C1=O)NCc1ccccn1,0
O=C(CSc1nnc(Cc2ccccc2)o1)Nc1ccc(Br)cn1,0
O=C(CSCc1cccc(Br)c1)N1CCOCC1,0
CCn1c(SCC(=O)Nc2nccs2)nnc1-c1ccc(C)cc1,0
O=C(CSc1nc(-c2ccco2)cc(C(F)(F)F)n1)NCc1cccs1,0
O=C(CSc1nc(-c2ccccc2)cc(C(F)(F)F)n1)NCCN1CCOCC1,0
OCC12COC3c4ccccc4C(OC1)N32,0
CCCn1c(N2CCC(Cc3ccccc3)CC2)nc2c1c(=O)[nH]c(=O)n2C,0
Cc1cc(C(=O)OCn2nnc3ccccc3c2=O)c(C)n1-c1ccccc1,0
Cc1ccc(C)c(-n2c(SCC(=O)Nc3nonc3C)nnc2-c2ccoc2C)c1,0
COc1ccc(Nc2ncnc3c2cnn3-c2ccccc2)cc1OC,0
CCc1nn(C(C)C(=O)NCCN2CCN(c3cccc(C)c3C)CC2)c(=O)c2cc3occc3n12,0
COc1ccc(NCc2nnc(SCC(=O)N3CCCc4ccccc43)n2C)cc1,0
O=c1cc(CSc2nnc(COc3ccccc3)o2)c2ccccc2[nH]1,0
CCC(C)N1CC(C(=O)NC2CCCCC2)CC1=O,0
CCCCN1C(=O)CC(Nc2ccc(CC)cc2)C1=O,0
N#Cc1c(NC(NC(=O)c2ccco2)C(=O)c2ccccc2)sc2c1CCCC2,0
Nc1c(C(=O)c2ccc(Br)s2)oc2ccccc12,0
CCOC(=O)CN1CC23C=CC(O2)C(C(=O)Nc2cc(OC)ccc2OC)C3C1=O,0
COc1ccccc1-c1nnc(SCCN2CCOCC2)n1-c1ccc(C)cc1,0
CC(Sc1cccc(C(F)(F)F)c1)C(=O)NC(N)=O,0
O=C(CSc1ncn(-c2ccccc2)n1)c1cccs1,0
N#Cc1nc(-c2ccccc2Cl)oc1N1CCOCC1,0
CCOC(=O)c1c(NC(=O)c2nn(CC)cc2Br)sc2c1CCCCC2,0
Cc1cccc(NC(=O)c2ccc(NS(=O)(=O)c3c(C)noc3C)cc2)c1,0
COC(=O)CSc1nc2c(c(=O)[nH]c(=O)n2C)n1CCC(C)C,0
O=C(CSc1nc2ccccc2[nH]1)NCc1ccco1,0
Brc1ccc2oc3c(N4CCOCC4)ncnc3c2c1,0
COC(=O)c1ccc(Oc2cc(C)nc(SC)n2)cc1,0
Cc1ccc(NCc2nnc(SCC(=O)c3ccccc3)o2)c(C)c1,0
OCC12COC(c3ccccc3)N1C(c1ccccc1)OC2,0
COCCNC(=O)CN(C(=O)CCC(=O)Nc1nccs1)c1ccccc1OC,0
NC(=O)c1cc(S(=O)(=O)NC2CCCCC2)co1,0
CCOc1ccccc1N1CCN(S(=O)(=O)c2ccc3c4c(cccc24)C(=O)N3)CC1,0
CC(=O)c1c(C)[nH]c(C(=O)Nc2c(C)n(C)n(-c3ccccc3)c2=O)c1C,0
O=C(Cn1nc(Cc2cccnc2)c2ccccc2c1=O)N1CCN(C(=O)c2ccco2)CC1,0
Cc1ccc(-c2nnc(CSc3nc4cc5c(cc4cc3C)OCO5)o2)cc1,0
CC1(C)Cc2c(c(=S)nc(-c3ccccc3)n2CCCN2CCOCC2)CO1,0
O=C(c1cc2ccccc2oc1=O)N1CCN(CCc2ccccc2)CC1,0
COc1ccc(N2CCN(CC(=O)Nc3c(C)cc(C)cc3C)CC2)cc1,0
C=CCn1c(Cc2ccc(OCC)cc2)nnc1SCC(N)=O,0
O=C(Nc1nnc(-c2ccccc2Cl)o1)c1cccnc1,0
CC(C)C(=O)Nc1cc2c(cc1C(=O)c1ccccc1)OCCO2,0
Cc1nc2ccccc2n1S(=O)(=O)c1ccc(S(=O)(=O)N2CCCCCC2)cc1,0
CCN(CC)S(=O)(=O)c1ccc(-c2nnc(SCC(=O)Nc3ccc4c(c3)OCO4)o2)cc1,0
CCN(CC)CC(=O)Nc1ccc(-c2nc3cc(NC(=O)CN(CC)CC)ccc3o2)cc1,0
CCCSc1nc(=O)cc(C)[nH]1,0
CCOc1cccc(OCCOCCN(C)Cc2ccccc2)c1,0
COc1ccc(S(=O)(=O)n2ccnc2)c2cccnc12,0
O=C(O)c1cccc(COCC(F)(F)C(F)F)c1,0
CC12CCC(C(=O)NCc3ccc4c(c3)OCO4)(CC1=O)C2(C)C,0
COCCNC(=O)CN(C)S(=O)(=O)c1ccc2c(c1)OCCO2,0
O=C(Cn1cc2c(n1)CCCC2)NCc1cccs1,0
COc1ccccc1NC(=O)N(c1c(N)n(Cc2ccccc2)c(=O)[nH]c1=O)C1CCCC1,0
CCOC(=O)Cn1c(=O)c2c(nc3n2CCS3)n(C)c1=O,0
Cc1ccc(CNc2oc(-c3ccco3)nc2C#N)cc1,0
O=C(COc1ccccc1O)Nc1ccccc1Cl,0
COc1cc(NC(=O)C(C)Oc2ccccc2)cc(OC)c1,0
CCCn1c(SCC(=O)O)nc2ccccc21,0
COc1ccc(-n2c(SCC(=O)N3CCCC3)nc3c([nH]c4ccccc43)c2=O)cc1,0
O=C(CN(CC1CCCO1)C(=O)CNS(=O)(=O)c1ccccc1)NCc1ccccc1,0
COc1ccc(S(=O)(=O)N2CCN(C(=O)CCC3CCCC3)CC2)cc1,0
C=CCn1c(=O)/c(=C/c2ccc(C)o2)s/c1=C(\C#N)C(=O)c1ccccc1,0
COc1cc(OC)c(NC2=NCCCCC2)cc1Cl,0
COc1ccc(NC(=O)c2cc(C(C)(C)C)oc2C)cc1,0
O=C(CCc1ccccc1)NC1CCSC1=O,0
COc1ccc(CCCc2nnc(SCC(=O)Nc3nccs3)n2C)cc1C,0
O=C(CN1CCN(C(=O)c2ccccc2)CC1)Nc1ccc(Br)cn1,0
O=S(=O)(Nc1ccc2nc(C(F)(F)F)[nH]c2c1)c1ccccc1,0
C=CCn1c(SCC(O)Cn2c3ccccc3c3ccccc32)nnc1-c1ccco1,0
CCCOc1cccc(-c2nnc(N)s2)c1,0
Cc1cccn2c(=O)c3cc(C(=O)NCc4ccco4)c(=N)n(CCOCCO)c3nc12,0
Nc1ccc(Cl)cc1/C(=N/O)c1ccccc1,0
COc1ccc(CNc2nc3nc(-c4ccccc4)cc(=O)n3[nH]2)cc1OC,0
Cc1ccc(-c2cc(C(F)F)nc(NCC3CCCO3)n2)cc1,0
COc1ccc(C)cc1NC(=O)c1cc2cc3ccc(C)cc3nc2o1,0
CC(=O)c1ccc(-n2nnnc2SCC(=O)N2CCN(C(=O)c3ccco3)CC2)cc1,0
O=C(CN1CCN(S(=O)(=O)c2ccc(Cl)cc2)CC1)Nc1ccc2c(c1)OCO2,0
O=C(N1CCN=C1SCc1cccnc1)C12CC3CC(CC(C3)C1)C2,0
CCc1ccc(CCC(=O)Nc2ccc(C)cc2C)o1,0
COc1ccc(NC(=O)C2CC(=O)NC(Nc3cccc(C)c3)=N2)cc1,0
CCOc1cc2c(C)cc(=O)oc2cc1Cl,0
CCCCS(=O)(=O)NC1=NCN(C2CCN(Cc3ccccc3)CC2)CN1,0
CCOc1ccc(C(O)c2nccn2Cc2ccccc2)cc1,0
Cc1cc(N/C=C2\CCCCC2=O)no1,0
COc1ccc(CSc2nnc(C)n2N)cc1,0
COc1ccc(-c2nnc(SCC(=O)N3CCCCC3)o2)cc1OC,0
C=CCn1c(SCn2nnc3ccccc3c2=O)nnc1-c1ccc(Cl)cc1,0
COc1ccc2[nH]c(=O)c(CN(CC3CCCO3)C(=O)Nc3ccccc3)cc2c1,0
CS(=O)(=O)N1CCN(C(=O)c2cc(-c3cccs3)nc3ccccc23)CC1,0
C=CCNC(=O)c1cc(-c2ccc(Br)cc2)on1,0
COc1ccc2nc(NC(=O)CSc3nnnn3C3CCCCC3)sc2c1,0
O=C(Nc1ccon1)c1csc2c1CCCC2,0
CCNc1cc2oc(=O)c(CN3CCOCC3)c(C)c2cc1C,0
O=C(CN1C(=O)CCSc2ccccc21)N1CCC2(CC1)OCCO2,0
COc1ccc(C(=O)O)cc1S(=O)(=O)N(C)CCc1cccnc1,0
O=C(CCC(=O)N1CCCc2ccccc21)N1CCN(S(=O)(=O)c2ccccc2)CC1,0
O=C(c1ccc(F)cc1)N(Cc1ccccc1)C1CCS(=O)(=O)C1,0
COc1ccc(N2C(=O)CC(Sc3ncn[nH]3)C2=O)c(OC)c1,0
CCC(=O)N1CCc2cc(S(=O)(=O)CCC(=O)Nc3c(C)n(C)n(-c4ccccc4)c3=O)ccc21,0
CCN1C(=O)CC(N2CCN(C(c3ccccc3)c3ccccc3)CC2)C1=O,0
Cc1occc1-c1nnc(SCC(=O)Nc2ccccc2N2CCCCC2)n1C,0
O=C(Nc1ccc(Cl)cc1)Nc1ccc(N2CCOCC2)cc1,0
CCOC(=O)N1CCN(c2nc(-c3ccco3)cc(C(F)(F)F)n2)CC1,0
CCC(C)C(NCc1cccc(C)c1)C(=O)O,0
Cc1cccc2c(=O)c(C(=O)N3CCCCCC3)c[nH]c12,0
Cc1nnc(NC(=O)CCCN2C(=O)c3ccccc3C2=O)s1,0
CCN1C(=O)CC(C(=O)Nc2ccc(F)cc2)S/C1=N\c1cccc(OC)c1,0
N#Cc1ccc(CSc2ncnc3c2cnn3Cc2ccccc2)cc1,0
CC1Cc2ccccc2N1C(=O)c1ccc2snnc2c1,0
CCN(CC)c1ccc(NC(=O)CN2CCN(CC(=O)Nc3ccc(F)cc3)CC2)cc1,0
O=C(c1ccco1)N1CCN(c2ncnc3scc(-c4cccs4)c23)CC1,0
O=C(O)C1C2C=CC3(CN(C4CCCC4)C(=O)C13)O2,0
COc1ccc(Cl)cc1NC(=O)c1ccco1,0
Cc1cc(-n2c(SCCC#N)nnc2-c2cccnc2)ccc1Cl,0
O=C(CSc1nc2[nH]ncc2c(=O)n1-c1ccccc1Br)NCc1ccco1,0
O=C1c2ccccc2C(=O)N1CCCC(=O)N1CCCc2ccccc21,0
CC1CN(S(=O)(=O)c2ccc(NC(=O)CCCN3C(=O)c4ccccc4C3=O)cc2)CC(C)O1,0
COc1ccc(Cl)cc1NC(=O)CN(C1CCCCC1)S(C)(=O)=O,0
Cc1ccc(OCCCCn2ccnc2)c(Cl)c1,0
Cc1ccc(NC(=O)C2CCCN(S(=O)(=O)c3c(C)noc3/C=C/N(C)C)C2)cc1F,0
CCNc1ccc(C(=O)OCC)cc1NC(=O)c1cccc(N(C)C)c1,0
CN(Cc1ccccc1)C(=O)CN(C1CCCCC1)S(C)(=O)=O,0
CCc1nc(SCC(=O)NCCc2ccccc2)n[nH]1,0
CCOC(=O)N1CCC(NC(=O)CCc2cn(C)c3ccccc23)CC1,0
CC(=O)NC(Cc1cc(C)ccc1C)C(=O)N1CCN(C(=O)Nc2ccc(C(C)=O)cc2)CC1,0
COc1c(C(=O)Nc2c(C)n(C)n(-c3ccccc3)c2=O)ccc2ccccc12,0
CC(C)(C)c1ccc(C(=O)NC2=NONC2=C2N=c3ccccc3=N2)cc1,0
CC(=O)Nc1ccc(S(=O)(=O)N2CCN(c3cc(C)ccc3C)CC2)cc1,0
COc1ccc(N2C(=O)C(Cl)=C(N3CCN(Cc4ccccc4)CC3)C2=O)cc1,0
CCN1CCN(C(=O)CN(C)S(=O)(=O)c2ccc(OC)cc2)CC1,0
Cc1ccc(NS(=O)(=O)c2ccc(CCC(=O)N3CCOCC3)cc2)cc1,0
CCCCN(CCCNC(=O)C1CCN(S(=O)(=O)N2CCOCC2)CC1)c1ccccc1,0
Cc1cc2cc3c(cc2nc1SCC(=O)N1CCN(C(=O)c2ccco2)CC1)OCO3,0
Cc1ccc(C(=O)/C=C/Nc2cccc(O)c2)cc1,0
CCCn1c(C)cc(C(=O)CN2C(=O)c3ccccc3C2=O)c1C,0
Cc1cc(C)c(C#N)c(N2CCSCC2)n1,0
COCC(C)NC(=O)C1CC(c2cccc(Br)c2)=NO1,0
COC(=O)c1ccc(NC(=O)CCN2CCN(c3ccccc3)CC2)cc1,0
CCN(CCCNC(=O)c1c(C)cc(=O)oc1C)c1cccc(C)c1,1
COc1ccc(CC(=O)n2nc(-c3ccccc3)nc2NCc2ccco2)cc1,0
O=C1CN(C(=O)c2cccs2)c2ccccc2N1,0
COc1ccc(C(=O)Nc2c3c(nn2-c2cccc(Cl)c2)CS(=O)C3)cc1,0
COC(=O)c1cccc(N(C(=O)c2cnccn2)C(C(=O)NCc2ccccc2)c2ccco2)c1,0
CCOCCCNC(=O)c1ccc(CS(=O)(=O)Cc2ccc(C)cc2)o1,0
CCCCN(Cc1ccccc1)C(=O)c1cnc2n(c1=O)CCS2,0
C=CCN1C(SCC(N)=O)=NN/C1=C1/C=CC=CC1=O,0
COc1ccc(C(=O)NCC(=O)OC2CCCCC2=O)cc1,0
Cc1ccc(S(=O)(=O)Cn2nnnc2CN(Cc2ccco2)CC2CCCO2)cc1,0
CC(/C=N/n1cnnc1)=C\c1ccco1,0
CCN(C(=O)c1cn(C)c(=O)c2cc(OC)c(OC)cc12)c1ccccc1C,0
Cn1c(Cn2c(=O)sc3ccccc32)nnc1SCc1cccnc1,0
CC(=O)Nc1cnn(Cc2ccc(Br)cc2)c1,0
O=C(NCc1ccc2c(c1)OCO2)c1ccc2snnc2c1,0
COC(=O)c1cc(Br)c(=O)n(Cc2ccc(OC)c(OC)c2)c1,0
CC(C)OC(=O)C(C#N)c1nc2ccccc2nc1N1CCN(Cc2ccccc2)CC1,0
Cc1ccc(SCCCn2cncn2)cc1,0
O=C(CN1CCN(c2cccc(Cl)c2)CC1)N1CCCC1,0
COc1ccc(C)cc1NC(=O)C1C2C=CC(C2)C1C(=O)O,0
CCOC(=O)C1CCN(S(=O)(=O)c2nc3nc(C)cc(C)n3n2)CC1,0
O=c1c2ccccc2[nH]c(=S)n1Cc1cccnc1,0
CCOC(=O)N1CCN(C(=O)CN(c2ccc(OCc3ccccc3)cc2)S(C)(=O)=O)CC1,0
COc1ccc(OC)c(C2C(C#N)=C(N)Oc3cc(C)n(Cc4ccccn4)c(=O)c32)c1,0
O=S(=O)(c1ccccc1)n1ccc2ccccc21,0
COc1ccc(OCCSc2ncccn2)cc1,0
O=C(O)COc1ccc(C(=O)Cc2ccc3c(c2)OCCCO3)c(O)c1,0
COC(=O)c1cn(C(C)C(=O)NCc2ccco2)c2ccccc12,0
COc1ccc(-n2nc3cc(C)c(N)c(Br)c3n2)cc1,0
CN(C(=O)COC(=O)c1ccccc1Nc1ccccc1)C1CCS(=O)(=O)C1,0
Cc1c(Nc2nc3ccccc3nc2N2CCN(c3ccccc3)CC2)c(=O)n(-c2ccccc2)n1C,0
CCN(Cc1ccncc1)C(=O)c1cccc(S(=O)(=O)N2CCOCC2)c1,0
O=C(NC1CCCCCC1)c1c(O)n2c3c(cccc3c1=O)CCC2,0
N#Cc1c(NC(=O)c2ccc(Br)o2)n(-c2ccccc2)c2nc3ccccc3nc12,0
CN1CCN(c2nc(N3CCN(c4ccccc4)CC3)ncc2F)CC1,0
CC(C)CCNC(=O)NC(=O)CSc1nnc(COc2ccccc2Cl)o1,0
O=C(c1cc2nc(-c3ccc(F)cc3)cc(C(F)(F)F)n2n1)N1CCOCC1,0
Cc1cc(OCC(=O)Nn2cnnc2)ccc1Br,0
O=C1COc2ccccc2N1Cc1ccccc1Cl,0
CCCCOc1ccc(Cl)cc1CSc1nncn1N,0
O=C(NCc1ccccc1)c1ccc(F)c(S(=O)(=O)N2CCOCC2)c1,0
CCN(C(=O)CSc1nc2cc(C(=O)OC)ccc2c(=O)n1Cc1ccco1)c1cccc(C)c1,0
Cc1ccc(-n2c(SCC(=O)N3CCOCC3)nnc2-c2cccnc2)cc1,0
Cc1c(NC(=O)C2Cc3ccccc3CN2C(=O)c2ccco2)c(=O)n(-c2ccccc2)n1C,0
O=C(CS(=O)(=O)Cc1ccccc1)N1CCc2ccccc2C1,0
COC(=O)c1cc2oc3ccccc3c2n1CC(=O)Nc1ccccc1OC,0
CCn1c(SCC(=O)Nc2ccccc2C(=O)OC)nc2c1c(=O)n(C)c(=O)n2C,0
CCOc1ccccc1C(=O)N(CN1CCCC1=O)c1ccc(C)c(Cl)c1,0
CCOC(=O)c1cccc(NC(=O)CSc2nnc(-c3cccnc3)n2CC)c1,0
COC(=O)c1c(C)[nH]c(C(=O)C(C)Sc2nnc(-c3cc(OC)c(OC)c(OC)c3)o2)c1C,0
Cc1ccc(NC(=O)C2CCCN(S(=O)(=O)c3cnc[nH]3)C2)c(Br)c1,0
COc1ccc(NCc2cc3cc(OC)ccc3[nH]c2=O)cc1,0
O=C(CSc1nc(O)c(Cc2ccccc2F)c(=O)[nH]1)N1CCCCCC1,0
N#CCSc1nnc(COc2ccc3ccccc3c2)o1,0
C=CCN1C(=O)C(O)(CC(=O)c2c(C)n[nH]c2C)c2cc(Br)ccc21,0
COc1cccc(OC)c1C(=O)Nc1ccc(CN2CCCCC2)cc1,0
CC(=O)Nc1ccc(C(=O)CSc2nnc(C)o2)cc1,0
COCCNC(=O)CCn1nc(-c2ccc(Cl)cc2)ccc1=O,0
O=C(COC(=O)c1ccccc1S(=O)(=O)N1CCCCC1)NCC(F)(F)F,0
Brc1ccc(Nc2c3c(nc4ncnn24)CCC3)cc1,0
COC(=O)CSc1nc2c(c(-c3ccc(C)o3)c1C#N)CCCC2,0
Cc1nn(C(=O)N2CCCCC2)c(C)c1CN1C(=O)c2ccccc2C1=O,0
COc1ccc(/C=N/O)cc1COc1ccc(NC(C)=O)cc1,0
COc1cccc(NC(=O)CN2C(=O)COc3ccc(Cl)cc32)c1,0
O=C(NC1CCCCCC1)C1CC(=O)N(Cc2ccccc2)C1,0
Cc1ccc(OCc2ccoc2C(=O)O)cc1C,0
Cc1nnc(SCc2nnc(-c3ccccc3Br)o2)n1-c1ccccc1,0
CC(c1ccco1)N(C(=O)CSc1ccc(Br)cc1)c1ccccn1,0
O=C(O)CSC1=NCCN1,0
Cc1ccccc1N(Cc1nnc2n1CCCCC2)C(=O)Nc1ccccc1,0
C=C(C)Cn1c(COc2ccccc2)nnc1SCC(=O)O,0
CN(c1ccccc1C(=O)N1CCN(c2cccc(Cl)c2)CC1)S(C)(=O)=O,0
CCn1c(SCC(=O)c2[nH]c(C)c(C(C)=O)c2C)nnc1-c1cccs1,0
COc1ccc(CCNC(=O)c2c[nH]c3ccccc3c2=O)cc1OC,0
Cc1ccc(-c2noc(C3CCCN(C(=O)c4c(F)cccc4F)C3)n2)cc1,0
COCC(=O)NCCc1nc(-c2ccccc2)cs1,0
CC(C)OC(=O)CSc1nnc(-c2ccccn2)n1-c1ccccc1,0
COC(=O)CSc1nnc2n1C(C)(C)Cc1ccccc1-2,0
Cc1cc(NS(=O)(=O)c2ccc(NC(=O)COc3ccccc3Cl)cc2)no1,0
Cc1ccccc1OCC(=O)Nc1ccc(N2CCN(C(=O)C(C)C)CC2)c(Cl)c1,0
CCCCNC(=O)Nc1cc(C(F)(F)F)c[nH]c1=O,0
CN(C)c1oc(-c2cccs2)nc1C#N,0
Cc1onc(-c2ccccc2Cl)c1C(=O)NCC1CCCO1,0
Cn1c(NCc2ccco2)nc2c1c(=O)n(Cc1ccc(Br)cc1)c(=O)n2C,0
CCOC(=O)c1nc(N)c(=O)n(-c2ccccc2)n1,0
COC(=O)c1c(NC(=O)CSc2nnc(-c3cccnc3)n2Cc2ccco2)sc(C)c1C,0
Cc1c(Br)cc(C(=O)N2CCCC2)c(C)c1C,0
O=C(CSc1ncn[nH]1)Nc1cccc2ccccc12,0
CCOc1ccc(-c2nnc(SCC(=O)N3CCN(c4ccccc4)CC3)o2)cc1,0
CC(C)(C)N(Cc1cc2ccccc2[nH]c1=O)C(=O)C1CCCCC1,0
O=C(CSc1nc(-c2ccco2)cc(C(F)(F)F)n1)N1CCN(c2ccccc2)CC1,0
CCCc1cc(=O)nc(SCC(=O)c2ccc(S(=O)(=O)N3CCCC3)cc2)[nH]1,0
CC(C)C(=O)Nc1cccc(-c2cn3ccsc3n2)c1,0
CCC1Oc2ccc(C)cc2N(CC(=O)NCCN2CCN(Cc3ccccc3)CC2)C1=O,0
Cc1cc(C(=O)CSc2nc3ccc(Cl)cc3[nH]2)c(C)n1C,0
CCc1nnc(NC(=O)C2CCCN(c3nc4ccccc4s3)C2)s1,0
Cc1onc(-c2ccccc2Cl)c1C(=O)Nc1cccnc1,0
Cc1ccc(N2CC(C(=O)Nc3ccc(N(C)C)cc3)CC2=O)cc1C,0
Cn1c(=O)c2c(nc(CN3CCc4ccccc4C3)n2CCc2ccccc2)n(C)c1=O,0
COc1ccc2[nH]cc(C(=O)CN3CCC(C)CC3)c2c1,0
C=C(C)CSc1nnc(-c2cccc(S(=O)(=O)N(C)C)c2)n1-c1cc(OC)ccc1OC,0
O=C(NC1CCCCC1)NC1(C(=O)N2CCN3CCCC3C2)CCCCC1,0
Cc1ccc(SCc2cc(=O)n3[nH]c(C)nc3n2)cc1,0
Cc1noc(NS(=O)(=O)c2ccc(N3CC(=O)C(c4ccccc4)=C3N)cc2)c1C,0
Cc1[nH]nc2c1C(c1cccnc1)N(c1ccc(Br)cc1)C2=O,0
Cc1ccc(Sc2oc(/C=N/n3cnnc3)cc2Br)cc1,0
CC1CC(C)CN(CCCNC(=O)c2cn(C)c3ccc(S(=O)(=O)N4CCCC4)cc3c2=O)C1,0
O=C1c2oc3ccc(Br)cc3c(=O)c2C(c2cccnc2)N1Cc1ccco1,0
CCCCCn1c(CN2CCN(c3cccc(Cl)c3)CC2)nc2c1c(=O)[nH]c(=O)n2C,0
Cn1c(=O)[nH]c(=O)c2c1nc(CN1CCOCC1)n2Cc1ccc(F)cc1,0
CC(NC(=O)OC(C)(C)C)c1nnc(SCC(=O)Nc2ccc(Br)cc2)o1,0
CCOC(=O)N1CCC(N(CCOC)C(=O)Nc2ccc(CC)cc2)CC1,0
CCOc1ccc(N2CC(C(=O)NC(C)C)CC2=O)cc1,0
O=C(Oc1ccc2c(=O)c(Cl)coc2c1)c1ccncc1,0
N#C/C(=C\c1ccc(O)c(O)c1)C(=O)NCCCc1ccccc1,0
CC1CCN(C(=O)C2Cc3ccccc3CN2S(=O)(=O)c2ccc(F)cc2)CC1,0
O=S(=O)(c1cccc(Cl)c1)N1CCCC1,0
O=C(Nc1ccccc1)N1CC=C(c2ccccc2)CC1,0
COc1c(C)cccc1C(=O)Nc1ccc(CN2CCOCC2)cc1,0
CC1(C)Cc2c(C#N)c(SCC(=O)c3ccccc3)nc(N3CCCC3)c2CO1,0
CC(=O)COc1ccc2c3c(c(=O)oc2c1C)CCCCC3,0
Cc1cc(NCCN2CCOCC2)n2nc(C)c(-c3ccc(Cl)cc3)c2n1,0
CCn1c(SCC(=O)OC2CCCCC2)nc2ccccc2c1=O,0
CCOC(=O)Cc1csc(NC(=O)c2cccc(N3C(=O)CCC3=O)c2)n1,0
O=C(Nc1ccc2c(c1)OCCO2)c1cc(-n2cnnc2)ccc1Cl,0
CC1(C)CC(=O)C(=CNCC(O)c2ccccc2)C(=O)C1,0
COc1cc(S(=O)(=O)N2CCN(c3ccccc3)CC2)ccc1Cl,0
C1=NC2=NC(c3ccccc3)CC(c3ccccc3)N2N1,0
COc1ccccc1NC(=O)Cc1noc(CSc2nnc(C)s2)n1,0
CSc1nnc2c3cc(F)ccc3n(Cc3ccccc3)c2n1,0
Cc1cc(N2CCN(c3ccccc3)CC2)n2c(n1)nc1ccccc12,0
Cc1onc(-c2ccccc2Cl)c1C(=O)NCCn1ccc2ccccc21,0
OCC1(C2=NOC(O)(C(F)(F)F)C2)CCCCC1,0
CCOc1ccccc1NC(=O)N1CCC(NC(=O)c2ccccc2C)CC1,0
CCOC(=O)N1CCC(NC(=O)c2cc(C)c3c(C)nn(-c4ccccc4)c3n2)CC1,0
Cc1ccc(C2CCN(C(=O)Nc3ccccc3)C2)cc1,0
c1cncc(-c2nnc3sc(-c4ccco4)nn23)c1,0
O=C(NCc1ccccn1)c1cn(CCc2ccccc2)nn1,0
Cc1cc(=O)nc(SCCOc2ccc(OC(C)C)cc2)[nH]1,0
CCNC(=O)CN(Cc1ccccc1)S(=O)(=O)c1ccccc1,0
O=C(CN(Cc1ccco1)C(=O)CNS(=O)(=O)c1ccc(Cl)cc1)NC1CCCCC1,0
O=C(CCNc1ccc(F)c(Cl)c1)c1ccco1,0
COc1ccc(-c2nc(-c3ccc(Br)cc3)no2)c(OC)c1,0
COC(=O)c1ccc2c(c1)N(C)CCS2,0
Cc1nc2ccc(N3C(=O)CCC3=O)cc2[nH]1,0
O=C(O)CCCC(=O)Nc1ccc(Br)cc1C(=O)O,0
CCOC(=O)N1CCN(C(=O)c2ccc(N(C)S(C)(=O)=O)cc2)CC1,0
N#Cc1nc(Cc2cccc3ccccc23)oc1NCCCN1CCOCC1,0
COc1ccc(NC(C)=O)cc1NC(=O)CSc1nnc(-c2ccccn2)n1C,0
COC(=O)CSc1nnc(-c2ccccc2OC)o1,0
Cc1c(-c2cccs2)[n+](=O)c2c(n1[O-])CCCC2,0
CC1(C)CC(=O)C2=C(C1)OC(N)=C(C#N)C2C1C=CCCC1,0
COC(=O)C1=C(C)NC(=O)NC1c1ccc(OCC(=O)N2CCCCC2)cc1,0
CC1=NNSC1=C1N=c2ccccc2=N1,0
COc1ccccc1C(=O)Nc1ccc2c(c1)nc1n2CCSC1,0
O=C(c1cc(S(=O)(=O)N2CCCCC2)ccc1F)N1CCCCC1,0
Cc1cc(C)n(S(=O)(=O)c2cc(C)c(C)cc2C)n1,0
Cc1cccc2cc(C#N)c(SCC(=O)N3CCC(C)CC3)nc12,0
Cc1nnc2sc(-c3cccc(NC(=O)c4ccc(-c5cccc(Cl)c5)o4)c3)nn12,0
CCn1c(CCC(=O)Nc2nc3c(s2)CCCC3)nc2cc(S(=O)(=O)N(C)C)ccc21,0
Cc1ccc(C(C)C)cc1C(=O)CC1(O)C(=O)N(C)c2ccccc21,0
NC(=O)C1(N2CCCCC2)CCN(Cc2ccccc2)CC1,0
COc1ccccc1-n1c(SCC(=O)N2CCCCC2)nc2cccnc21,0
CCc1cccc(C)c1NC(=O)CCCC(=O)O,0
COc1ccc(CN2CCNC(=O)C2CC(=O)O)c(OC)c1,0
COc1ccc(S(=O)(=O)N2CCCC(C(=O)Nc3ccc(NC(=O)c4ccccn4)cc3)C2)cc1,0
COc1ccc(S(=O)(=O)N(CC(=O)NC2CC2)C2CCCCC2)cc1Cl,0
Cc1oc(-c2ccccc2F)nc1CS(=O)(=O)CC(=O)N1CCN(Cc2ccccc2)CC1,0
CCOc1ccc(C(CC(=O)O)NS(=O)(=O)c2ccc(C)cc2)cc1OC,0
CCN1CCN(c2ccc(NC(=O)Cc3ccccc3)cc2)CC1,0
CC(NC(=O)c1ccc2c(c1)OCO2)C1CCCO1,0
Cc1noc(C)c1S(=O)(=O)Nc1ccc(C(=O)N2CCc3ccccc3C2)cc1,0
COCc1nn2c(N)c(C#N)cnc2c1-c1ccccc1,0
CC(C)c1nnc(NC(=O)CCN2C(=O)c3ccccc3C2=O)s1,0
Cc1ccc(-c2nnc(SCC(=O)N3CCN(c4ccccc4)CC3)o2)cc1,0
Cc1ccc(-n2nnnc2SCc2nnc(-c3ccccc3Br)o2)c(C)c1,0
COc1ccccc1C(=O)N1CCNC(=O)C1CC(=O)Nc1ccc(Cl)cc1,0
CCOC(=O)C1SC2(C(F)(F)F)CC1(O)c1c(C)cc(C)nc1O2,0
CCn1c(SCC(=O)Nc2nccs2)nnc1-c1ccc(S(=O)(=O)N2CCCCC2)cc1,0
O=c1cc(-c2ccccc2)[nH]c(N2CCN(Cc3ccccc3)CC2)n1,0
O=C(CCN1C(=O)c2ccccc2C1=O)N1CCN(c2ccccn2)CC1,0
Cc1nnc(SCC(=O)c2cc(C)n(-c3c(C)n(C)n(-c4ccccc4)c3=O)c2C)s1,0
O=c1oc(-c2cc3ccccc3o2)nc2sc3c(c12)CCCC3,0
Cc1nc(SCc2ccccc2)c(C(F)(F)F)c(=O)[nH]1,0
Cc1cc(NC(=O)c2ccco2)ncc1NC(=O)CCc1ccccc1,0
Cc1sc2ncn(CC(=O)OC(C)C(=O)NC(C)(C)C)c(=O)c2c1C,0
CCCCNC(=O)Nc1ccc(C(O)(C(=O)OCC)C(F)(F)F)cc1,0
Cn1ncc(Br)c1C(=O)Nc1ccc(Cl)cn1,0
O=c1cccc2n1CC1CC2CN(Cc2c(F)cccc2Cl)C1,0
O=C(NC(Cc1ccccc1)C(=O)O)c1ccccc1,0
Cc1nn(-c2cc(Cl)ccc2N)c(=O)c2ccccc12,0
Cc1onc(-c2ccccc2)c1C(=O)N1CCN(S(=O)(=O)c2ccc3c(c2)OCCO3)CC1,0
O=S(=O)(NCC1CCCO1)c1cccc(C(F)(F)F)c1,0
CN(C)S(=O)(=O)N1CCN(C(=O)N2CCCCC2)CC1,0
CC(C)N1CC(C(=O)Nc2nc3ccccc3s2)CC1=O,0
Cc1cc(C)nc(NC(=O)Cc2cccs2)n1,0
COc1ccccc1N1CCN(C2=NS(=O)(=O)c3ccccc32)CC1,0
COc1ccccc1N1CCN(C(=O)c2ccc3c(=O)n(Cc4ccco4)c(=S)[nH]c3c2)CC1,0
Cc1onc(-c2ccccc2Cl)c1C(=O)NCCCN1CCOCC1,0
O=C(CN(Cc1ccccc1)C(=O)CCC(=O)Nc1ccccn1)NCc1ccco1,0
Cc1sc2ncnc(NCCCO)c2c1C,0
O=C(Cc1c[nH]c2ccccc12)Nc1nccs1,0
CCn1cc(C(=O)Nc2nncs2)c(=O)c2cc(F)c(N3CCN(C(=O)c4ccco4)CC3)cc21,0
CCOc1nnnc2c1sc1nc(N3CCOCC3)c3c(c12)CC(C)(C)OC3,0
CCOC(=O)C1=C(C)NC(=O)C1CC(=O)Nc1ccccc1,0
Nc1nnc(CSc2ccc(Cl)cc2)s1,0
Cc1ccc(Cl)cc1N1CCN(C(=O)c2cn(C)c(=O)c3c2c2ccccc2n3C)CC1,0
c1ccc2c(-c3nc(-c4ccncc4)no3)cccc2c1,0
C=CCn1c(NC(C)c2cc(Cl)ccc2O)nc2ccccc21,0
CCOC(=O)Cc1c(C)nc2c(-c3ccc(Cl)cc3)c[nH]n2c1=O,0
Cn1c(N)c(S(=O)(=O)c2ccc(Br)cc2)c2nc3ccccc3nc21,0
Cc1c(C(=O)NCc2ccccc2Cl)oc2c1C(=O)CCC2,0
N#Cc1nc(COc2ccc(Br)cc2)oc1N1CCN(Cc2ccccc2)CC1,0
COC(=O)c1cc(Br)c(=O)n(-c2cc(C)on2)c1,0
COc1ccc(OC)c(C(=O)COC(=O)c2cc(C)oc2C)c1,0
COc1cc(S(=O)(=O)N2CCC(N3CCCCC3)CC2)ccc1-n1cnnn1,0
COC(=O)c1ccccc1NC(=O)C12CCC(C)(C(=O)O1)C2(C)C,0
CCOC(=O)c1cc(C#N)c(N)nc1C,0
CCOc1ccccc1-n1c(SCC(=O)Nc2nccs2)nnc1-c1ccoc1C,0
CCOC(=O)C1CCCN(C(=O)c2sc3nc(-c4ccccc4)cn3c2C)C1,0
CCC(=O)N1CCc2cc(Br)cc(S(=O)(=O)NCCN3CCCCC3CC)c21,0
COc1ccc(-n2c(C)cc(C(=O)CSc3nn4c(=O)c(C(C)(C)C)nnc4s3)c2C)cc1,0
CCc1nn2cc(-c3ccccc3)nc2s1,0
CC1(C)OC(=O)C(=CNCC(O)c2ccccc2)C(=O)O1,0
CN(C)S(=O)(=O)c1ccc(C(=O)Nc2ccc(OCC(=O)N3CCOCC3)cc2)cc1,0
Cc1ccc(NC(=O)C(C)N2C(=O)C3CC=C(Cl)CC3C2=O)cc1,0
Cc1ccccc1NS(=O)(=O)c1ccc(OCC(=O)NCc2ccco2)cc1,0
O=C(CSc1nnc(Cc2ccccc2)o1)NCCc1ccccc1,0
CCCc1cc(=O)nc(SCc2ccccc2)[nH]1,0
COc1ccc(-n2c(SCCC(=O)O)nnc2-c2ccncc2)cc1,0
COc1ccccc1CNC(=O)C(NC(=O)C1CCCCC1)C(C)C,0
COC(=O)C1=C(N)Oc2cc(C)n(CCc3ccccc3)c(=O)c2C1c1cccnc1,0
Cc1ccc(C(=O)Nc2ccccc2N2CCN(C(=O)C(C)C)CC2)cc1C,0
O=C(OCn1nnc2ccccc2c1=O)c1ccc(S(=O)(=O)N2CCOCC2)cc1,0
COCCCn1c(SCC(=O)N2CCCC(C)C2)nnc1-c1ccco1,0
COc1ccccc1N1CCN(S(=O)(=O)c2ccc3c4c(cccc24)C(=O)N3)CC1,0
CC(C)CC(NC(=O)COc1ccccc1)C(=O)O,0
COc1ccc(C(=O)c2ccc(OC)cc2O)c(O)c1,0
Cc1ccc(N(CC(=O)Nc2cccc(C)c2)S(=O)(=O)c2cccc3nonc23)cc1,0
CCN1C(=O)c2cccc3c(NC(=O)c4ccc(S(=O)(=O)N5CCOCC5)cc4)ccc1c23,0
CCn1c(SCC(=O)N2CCCc3ccccc32)nc2ccccc2c1=O,0
Cc1cc(C)nc(SCC(=O)N2CCCCC2)n1,0
CCC/C(Nc1ccccc1)=C1/C(=O)CC(C)(C)C(C(=O)OC)C1=O,0
O=C(CSc1nc2ccccc2c(=O)n1C1CC1)NCc1ccccc1,0
O=C(COc1ncnc2ccc(Br)cc12)Nc1ccc(N2CCOCC2)cc1,0
CN1CCN(CCNC(=O)Nc2ccccc2C(F)(F)F)CC1,0
CN1CCc2nc(SCC(=O)Nc3ccc(Cl)cc3)c(C#N)cc2C1,0
O=C(Cc1ccccc1)NC(NCCCN1CCOCC1)(C(F)(F)F)C(F)(F)F,0
CC1(C2(O)CC(c3ccccc3)ON2)CCCCC1,0
O=C(NCCc1ccc(Cl)cc1)C1CCN(C(=O)c2sccc2-n2cccc2)CC1,0
CCC(C)C(NC(=O)NC1CC1)C(=O)O,0
Cc1cc(=O)oc2cc(OCC(O)CN3CCc4ccccc4C3)ccc12,0
CC(=O)Nc1c(C(=O)O)oc2ccccc12,0
O=C1C2C3C=CC(CO)(O3)C2C(=O)N1c1ccccc1-c1ccccc1,0
NC(=O)CSc1nnc(-c2ccc(S(=O)(=O)N3CCCC3)cc2)n1Cc1ccco1,0
CCc1cccc(NC(=O)c2ccc(Br)o2)c1,0
CCOCCCNC(=O)CN1CCN(Cc2ccccc2C)C1=O,0
Cc1ccc(S(=O)(=O)Nc2cc(C(=O)NCCN(C)C)ccc2N2CCCCC2)cc1,0
CS(=O)(=O)N(CC(=O)NCc1ccc2c(c1)OCO2)Cc1ccc(Cl)cc1,0
O=C(COC(=O)c1n[nH]c2ccccc12)NC(=O)NC1CCCCC1,0
Cn1cnc2c1c(=O)n(Cc1ccccc1)c(=O)n2C,0
CCOc1nc(-c2ccccc2)ccc1-c1noc(-c2ccc(OC)c(OC)c2)n1,0
N#Cc1c(N)n(CCOC(=O)c2cccc(Br)c2)c2nc3ccccc3nc12,0
CC(Sc1nc(NCc2ccccc2)nc(N2CCOCC2)n1)C(=O)Nc1ccccc1,0
O=C(Cn1ccc2ccccc2c1=O)NCCC(=O)N1CCN(C(=O)c2ccco2)CC1,0
O=C1CC(c2cccc(Cl)c2)CC(=O)C1=CNCCCO,0
O=C1CN(c2ccccc2F)C(=O)CN1c1ccccc1F,0
CCOC(=O)c1oc2ccc(S(=O)(=O)Nc3ccc4c(c3)n(C)c(=O)n4C)cc2c1C,0
O=C(CSc1ncnc2c1oc1ccccc12)N1CCN(c2ccccc2)CC1,0
Cc1cc(C(F)(F)F)nn1CC(=O)NCC1CCCO1,0
Cc1ccc(C(=O)CC2(O)C(=O)N(Cc3ccccc3Cl)c3ccccc32)o1,0
CCc1nnc(NC(=O)C2CCN(c3nccc(C)n3)CC2)s1,0
CCN(CC)S(=O)(=O)c1ccc(Cl)c(C(=O)NC2CCCC2)c1,0
C/N=c1\sc2ccccc2n1CC(O)COc1ccccc1,0
CS(=O)(=O)C1=C(O)C(=O)N(c2ccccc2)C1c1ccccc1,0
O=C(CSc1nnc(CNc2ccccc2)o1)N1CCCc2ccccc21,0
c1ccc(-c2noc(CN3CCN(c4ccccc4)CC3)n2)cc1,0
N#Cc1c(NC(=O)CN2CCCCC2)sc2c1CCC2,0
COc1cccc(NC(C)C(=O)N2CC(C)OC(C)C2)c1,0
O=C(c1cn(-c2ccccc2)nc1-c1ccccc1)N1CCOCC1,0
O=C(CSc1nnc(Cc2ccccc2)n1-c1ccccc1)N1CCOCC1,0
COC(=O)C1CCN(c2cc(=O)n(-c3ccccc3Cl)c(=O)[nH]2)CC1,0
O=C(Nc1ccc(Br)c(Cl)c1)c1ccco1,0
COc1cc(C)c(Cl)cc1S(=O)(=O)NCc1ccco1,0
CC1=C(C(=O)OCc2ccccc2)C(c2ccccc2OC(F)F)NC(=O)N1,0
CC(c1ccco1)N(C(=O)COc1ccc(Cl)cc1)c1ccccn1,0
O=c1oc2c3c(nn2c2ccccc12)CCCC3,0
Cc1cc(NC(=O)c2cc(-c3ccc4c(c3)OCO4)on2)n(-c2ccccc2)n1,0
CC(=O)Nc1ccc(S(=O)(=O)N2CCN(c3ccc(C)c(Cl)c3)CC2)cc1,0
CCOc1ccccc1NC(=O)CSc1nnnn1-c1ccc(C(=O)OC)cc1,0
O=C(Nc1ccon1)c1ccccc1Cl,0
COc1cccc(NC(=O)COc2ccc(N3CC(C(=O)NCC(C)C)CC3=O)cc2)c1,0
C=CCn1c(SCc2ccc(Cl)cc2)nc2c1c(=O)[nH]c(=O)n2C,0
Cc1ccc(-n2c(SCC(=O)Nc3ccc4c(c3)OCO4)nnc2-c2cccs2)cc1,0
CC(C)(C)NC(=O)CN(C(=O)C1(C)CC(=O)N=C2C=CC=CN21)C1CCCC1,0
Brc1ccccc1-c1nnc(CSc2nncn2-c2ccccc2)o1,0
CN(CC1CCCO1)S(=O)(=O)c1ccc(C(=O)Nc2nc(-c3ccccn3)cs2)cc1,0
COc1cc2c(cc1NCc1ccccn1)oc1ccccc12,0
COc1cc(C(=O)NCc2nnc(SCC(=O)N3CCC(C)CC3)o2)cc(OC)c1OC,0
CCCc1cc(=O)nc(SCC(=O)NC(=O)OCC)[nH]1,0
CCn1c(Cc2ccccc2)nnc1SCC(=O)Nc1ccccc1,0
O=C(CN1C(=O)c2cccc3cccc1c23)Nc1ccccc1C(=O)NCc1ccco1,0
Cc1nn(Cc2ccccc2Cl)c(C)c1C(=O)N1CCN(c2ccccc2)CC1,0
CC(CSc1nc2ccccc2s1)Cn1c(N2CCCC2)nc2c1c(=O)[nH]c(=O)n2C,0
Cc1ccc(N(CC(=O)NCc2ccco2)S(=O)(=O)c2ccccc2)cc1,0
Cc1nnc2sc(-c3ccc(NC(=O)c4ccc(-c5ccc(Br)cc5)o4)cc3)nn12,0
COc1cc(C)nc(NC(=O)COc2ccc(Cl)cc2C)n1,0
COc1ccc(CN2C(=O)c3cccnc3C2Nc2cc(Cl)ccc2OC)cc1,0
O=C(Nc1ccccc1C(F)(F)F)c1cc(-c2cccc(O)c2)on1,0
O=C(CN1C(=O)CSc2ccccc21)NCCC1=CCCCC1,0
COc1ccc(C(=O)N2CCC(N3CCN(c4ccccc4)CC3)CC2)cc1OC,0
Cc1ccc(CNC(=O)CSc2ncccn2)cc1,0
O=c1c2ccccc2nc(SCc2cccc(F)c2)n1Cc1ccco1,0
Cc1oc(C(=O)O)cc1CSc1nnc(-c2ccccc2)n1C,0
O=C(O)Cn1nc(C(F)(F)F)c2c1CCCCC2,0
O=C(Nc1nncs1)C1c2ccccc2Oc2ccccc21,0
CC(=O)Nc1c(O)nc(SCC(=O)N2CCN(c3ccc(F)cc3)CC2)[nH]c1=O,0
O=C(O)CCc1ccc(-c2cccs2)n1NC(=O)c1ccc(Cl)cc1,0
O=C(O)c1oc2ccccc2c1CSc1ccccn1,0
COc1ccc(Nc2oc(-c3ccccc3Cl)nc2C#N)cc1,0
CCOC(=O)N1CCC(NC(=O)Cc2ccc(-n3c(=O)[nH]c4ccccc4c3=O)cc2)CC1,0
CCOC(=O)c1nn(-c2ccc(OC)cc2)c(=O)c2c(NC(=O)c3ccco3)scc12,0
Cc1cc2c(cc(C(=O)NCCCN3CCOCC3)n2Cc2ccc(Cl)cc2)o1,0
COc1cccc(-c2cc(C(F)(F)F)nc(N3CCN(c4ccccc4)CC3)n2)c1,0
COc1cc(CN2CCN(c3cccc(C)c3C)CC2)cc(Br)c1O,0
CC1CC(C)CN(CCCNC(=O)CNC(=O)Cn2ccc3ccccc3c2=O)C1,0
COC(=O)c1ccccc1NC(=O)CSc1nnc(Cc2ccc(Cl)cc2)o1,0
CCOC(=O)N1CCC(NC(=O)C2CCCN(S(=O)(=O)c3cccc4nsnc34)C2)CC1,0
CC1CCCCN1C(=O)CSc1nnc(-c2ccco2)n1CC1CCCO1,0
O=C(NCc1ccccc1)c1c[nH]c2ccc(S(=O)(=O)Nc3ccc4c(c3)OCCO4)cc2c1=O,0
Cc1nn(Cc2ccc(F)cc2)c(C)c1NC(=O)c1noc2c1CCCCC2,0
Cc1cc(C(=O)Nc2sc(C)c(C)c2C#N)no1,0
Cc1[nH]c(=S)[nH]c(=O)c1Cc1ccccc1,0
O=C(Cn1cnc2c(cnn2-c2ccccc2)c1=O)N1CCOCC1,0
CN(C)CCCOC(=O)c1ccc(Cl)cc1,0
O=C(CCCOc1ccc(Cl)cc1)Nc1nncs1,0
CCn1ncc(CN2CCN(C(=O)Nc3ccccc3C(=O)OC)CC2)c1C,0
NC(N)=C1C(=O)N(C2CCCCC2)C(=O)N(C2CCCCC2)C1=O,0
C=CCn1c(SC2CCOC2=O)nc2scc(C3CC3)c2c1=O,0
CCn1ncc(Br)c1C(=O)Nc1sc2c(c1C(=O)OC)CCC2,0
O=c1c2oc3ccccc3c2ncn1Cc1ccccc1Cl,0
Brc1ccccc1-c1nnc(-c2cccnc2)o1,0
CCOc1ccc(C2N(c3cc(Cl)ccc3OC)C(=O)C3CCCN32)cc1OC,0
CC1=C(n2nnc3ccccc32)C(c2ccccc2)C(C#N)=C(N)O1,0
CCn1c(Cc2ccc(OC)cc2)nnc1SCC(=O)Nc1nc2ccccc2s1,0
CCn1c(SCC(=O)Nc2ccc3c(c2)OCCO3)nnc1-c1ccco1,0
Cc1ccc(NC(=O)C2CCCN2C(=O)Oc2ccccc2)cc1,0
CC1(C)Cc2nc3sc4c(=O)n(CC(=O)NCc5ccco5)cnc4c3cc2CO1,0
COc1ccc2nc(NC(=O)CCn3cccc3)sc2c1,0
COc1ccc(-c2cc(C(F)(F)F)n3nc(C)cc3n2)cc1,0
O=c1nc(SCCOc2ccccc2)[nH]c2ccccc12,0
COc1cccc(C(=O)Nc2cccc(NC(C)=O)c2)c1,0
COCCc1nnc(NC(=O)Cc2ccccc2)s1,0
CC(=O)c1ccc(S(=O)(=O)N(Cc2cc3cc4c(cc3[nH]c2=O)OCCO4)CC2CCCO2)cc1,0
Cc1ccc(-c2cccc(NC(=O)C3C4C=CC(C4)C3C(=O)O)c2)o1,0
COc1ccc(-c2nnc(SCC(=O)NC3CCCCC3)o2)cc1OC,0
COc1ccc(NC(=O)CN(c2ccc(C)cc2)S(=O)(=O)c2c(C)nn(C)c2C)cc1OC,0
O=C(Cn1c(=O)n(Cc2ccco2)c(=O)c2c3c(sc21)CCCC3)Nc1ccccc1,0
Cc1nc2ccc(S(=O)(=O)NC(C(=O)NCc3ccco3)C(C)C)cc2s1,0
O=C(NC1CCN(C(=O)N2c3ccccc3Sc3ccccc32)CC1)c1ccco1,0
COc1ccc(-c2cc3nc4c(c(N5CCC6(CC5)OCCO6)n3n2)CCCC4)cc1,0
COc1ccc(CSc2nncn2N)cc1Br,0
Cc1ccc(NC(=O)CSc2nnc(C3CCCN3C(=O)OC(C)(C)C)o2)c(C)c1,0
O=C(OCCOCCNC1=NS(=O)(=O)c2ccccc21)c1ccncc1,0
COc1ccc(C)cc1S(=O)(=O)NC1CCCCC1,0
O=C(CC1(O)C(=O)Nc2ccccc21)c1ccccc1,0
CC(C)C(NC(=O)C1CCCCC1)C(=O)Nc1ccc2c(c1)OCCO2,0
COc1ccc(C2C(C(=O)c3sc(C)nc3C)=C(O)C(=O)N2CCN(C)C)cc1OC,0
Cc1noc(COc2ccccc2OCC(N)=O)c1Cl,0
Cc1ccc2cc(CN(CC3CCCO3)C(=O)NC3CCCCC3)c(=O)[nH]c2c1C,0
Cc1ccc2c(CN3C(=O)NC4(CCCCC4)C3=O)cc(=O)oc2c1C,0
Cc1nc2c(C(=O)NCc3ccccc3)c[nH]n2c(=O)c1Cl,0
CC(C)(C)NC(=O)C(c1ccccc1)N(Cc1ccco1)C(=O)c1csnn1,0
CCC12CN3CC(CC)(CN(C1)C3c1ccccc1Cl)C2O,0
Cc1nc(SCC(=O)Nc2cc(C)on2)c2c3c(sc2n1)CCCC3,0
O=C(CSc1nnc(-c2cccnc2)n1-c1ccccc1)NCc1ccc2c(c1)OCO2,0
CC(C)c1ccc(NC(=O)C(c2ccccc2)N2CCOCC2)cc1,0
O=C(CSc1nc(Nc2ccccc2)nc(N2CCOCC2)n1)N1CCc2ccccc21,0
COc1ccc(-n2c(Cc3cccn3C)nnc2SCC(=O)Nc2ccc3c(c2)OCO3)cc1,0
O=C(CN(C(=O)CCC(=O)Nc1nccs1)c1ccc(F)cc1)NCC1CCCO1,0
O=C(Nc1ccc(N2CCN(C(=O)c3ccco3)CC2)cc1)c1cccc(F)c1,0
O=C1CC(N2CCN(Cc3ccc4c(c3)OCO4)CC2)C(=O)N1Cc1ccc(N2CCCC2=O)cc1,0
O=C(c1cc2cc(Cl)ccc2oc1=O)N1CCCC1,0
O=C1C2CCCN2C(c2ccc(Br)cc2)N1c1ccc(F)cc1,0
Cc1noc(NS(=O)(=O)c2ccc(N3C(=O)c4ccccc4C3=O)cc2)c1C,0
CCOc1ccccc1NC(=O)Cn1cnc2c(cnn2-c2ccc(C)c(C)c2)c1=O,0
O=C(CC(C(=O)O)C1CCCO1)NCCc1ccc2c(c1)OCO2,0
Cc1cnc(C(=O)OCC(=O)Nc2ccc(Cl)cc2)cn1,0
CCc1c(O)n(-c2ccccc2C)c(SCC(=O)N2CCCCC2)nc1=O,0
Cc1ccc(N(CC(=O)NC2CCCCCC2)S(=O)(=O)c2c(C)nn(C)c2C)cc1,0
COc1ccccc1CNC(=O)COc1ccccc1OC,0
COc1ccc(Br)cc1C(=O)NCc1cccnc1,0
COc1cc(C(=O)Nc2nc(N)n(-c3ccccc3)n2)cc(OC)c1OC,0
CCc1nnc(SCc2ccc(OC(C)C)cc2)n1N,0
CCc1nnc(NC(=O)c2ccc(S(=O)(=O)N3CCN(Cc4ccccc4)CC3)cc2)s1,0
CC1=C(C)CC(C(=O)N2CCN(Cc3ccccc3)CC2)C(C(=O)O)C1,0
Nc1ncnc2nc(Sc3ccc(Cl)cc3)[nH]c12,0
C=CCn1c(=O)/c(=C\c2ccc(Cl)cc2)s/c1=C(/C#N)c1nnc2n1CCCCC2,0
Cc1ccc(OCc2nnc(SCc3cc(=O)[nH]c4ccccc34)o2)cc1,0
COC(=O)C1=C(C)NC2=C(C(=O)CCC2)C1c1cccc(C)n1,0
CCn1c(COc2ccccc2C)nnc1SCC(=O)N1CCC(C)CC1,0
CCCCOc1ccc(-c2c(C#N)c(N)nc(SCC(N)=O)c2C#N)cc1,0
O=C(C1CC1)N1CCc2cc(Br)cc(S(=O)(=O)N3CCN(c4ccccn4)CC3)c21,0
CCCCCOC(=O)NCC(O)c1ccccc1,0
Cn1cnnc1SCC(=O)OCN1C(=O)c2ccccc2C1=O,0
O=C1C2CC=C(Cl)CC2C(=O)N1CNc1ccccn1,0
CCN1CCN(C(=O)c2ccccc2N(C)S(=O)(=O)c2ccc(C)cc2)CC1,0
Nc1nncn1C(=O)CCCN1C(=O)c2ccccc2C1=O,0
CCOC(=O)N1CCN(C(=O)c2ccc3c(=O)n(Cc4ccc(OC)cc4)c(=S)[nH]c3c2)CC1,0
CS(=O)(=O)N(CC(=O)Nc1ccc2c(c1)OCCO2)Cc1ccc(Cl)cc1,0
COc1ccc(OC)c(NC(=O)NC2(C(F)(F)F)Oc3ccccc3O2)c1,0
O=C1Nc2ccccc2C(O)(C(=O)NCc2ccc3c(c2)OCO3)N1c1ccccc1,0
Cc1ccc(S(=O)(=O)Cc2ccc(C(=O)N3CCC4(CC3)OCCO4)o2)cc1,0
COC(=O)c1ccc(CNC(=O)CSc2nnc(COc3ccccc3)n2C)o1,0
O=C(Cn1c(=O)oc2cc(S(=O)(=O)N3CCCC3)ccc21)Nc1cccc(C(F)(F)F)c1,0
Cc1ccc(OCCCN(C)C)c(Br)c1,0
O=C(O)CCC(=O)N1CCc2cc(S(=O)(=O)N3CCN(c4ccc(F)cc4)CC3)ccc21,0
COC(=O)c1ccccc1NC(=O)c1ccc2c(c1)OCCO2,0
CCn1c(SCC(=O)NCc2cccs2)nc2c1c(=O)n(C)c(=O)n2C,0
CC1(C)CC(=O)C2=C(C1)Nc1ccccc1NC2c1ccc2c(c1)OCO2,0
Cn1c(SCC(=O)Nc2nccs2)nnc1C12CC3CC(CC(C3)C1)C2,0
CCOC(=O)CNC(=O)C1(c2ccccc2)CCCC1,0
CC(Sc1nnnn1-c1ccccc1)C(=O)Nc1ccc(Cl)cn1,0
Cn1c(=O)cc(SCC(=O)Nc2cccnc2)c2ccccc21,0
Cc1cccc(CCNC(=O)C2CCCN(S(=O)(=O)c3cccc4nsnc34)C2)c1,0
O=C1CC(C(=O)Nc2ccccc2)C2(CCCC2)O1,0
S=c1nc(C2CCCCC2)[nH][nH]1,0
CN1C(=O)c2ccccc2N(C)C1c1ccc2c(c1)OCO2,0
COc1ccc(S(=O)(=O)NCC(c2cccnc2)N2CCN(c3ccccc3OC)CC2)cc1C,0
COc1ccc(CN2CC(C(=O)N3CCOCC3)CC2=O)cc1,0
COC(=O)CN(C(=O)CSc1nnc(-c2cccc(OC)c2)o1)c1ccc(OC)cc1,0
O=C(CSc1nc2ccccc2n1-c1ccccc1)NCC1CCCO1,0
CCOc1ncccc1C(=O)NCC1(N2CCOCC2)CCCCC1,0
CCOc1cccc2c1OC1(C)CC2NC(=O)N1c1ccc(OC)cc1,0
Cc1ccc(C)c(S(=O)(=O)C(C#N)c2nc3ccccc3nc2N2CC(C)OC(C)C2)c1,0
Cc1ccccc1-c1nnc(SCC(=O)Nc2ccc(Cl)cc2)n1N,0
CCOc1ccc(-n2c(-c3ccco3)n[nH]c2=S)cc1,0
CN(C)CCCNc1oc(-c2cccc(Cl)c2)nc1C#N,0
CCOC(=O)CSc1nc2ccsc2c(=O)n1C1CCN(C(=O)OCC)CC1,0
CCN(CC)CCNC(=O)CS(=O)Cc1nc(-c2ccc(Cl)cc2)oc1C,0
Cc1ccc(-c2csc(NC(=O)CSc3ncn(-c4ccccc4)n3)n2)cc1,0
O=C1C2C3C=CC(C3)C2C(=O)N1c1ccncc1,0
CC(=O)c1nn(-c2cccc(Cl)c2)cc1C(=O)c1ccco1,0
O=C(NCc1cccnc1)c1cc(S(=O)(=O)N2CCCCC2)ccc1Cl,0
NC(=O)C1CCN(C(=O)C23CC4CC(CC(C4)C2)C3)CC1,0
S=c1[nH]nc(COc2ccc(Cl)cc2)o1,0
CN1CC(=O)N(C)c2nc(Br)n(C)c2C1=O,0
CCCNC(=O)CN(c1ccc(F)c(Cl)c1)S(C)(=O)=O,0
Cc1cc(-c2cccs2)n[nH]1,0
Cc1ccnc(SCCn2c(Br)nc3c2c(=O)n(C)c(=O)n3C)n1,0
CCN(CC)C(=O)CSc1nnc(-c2cccnc2)n1CCc1ccccc1,0
CCOC(=O)C1C(=O)NC23CCCC2C1c1ccccc1O3,0
CNc1nnc(-c2cccc(N(C)C)c2)s1,0
Cc1ccc(NC(=O)CSC2=C(C#N)C(c3ccco3)C3=C(CC(C)(C)CC3=O)N2)cc1,0
O=C(CSc1nnc(Cn2cnc3ccccc32)o1)c1ccccc1,0
CC1(C)C(=O)C2(C(=O)NCc3ccccc3)CCC1C2,0
Cc1nnc(SCCn2c(N(C)Cc3ccccc3)nc3c2c(=O)[nH]c(=O)n3C)s1,0
CC(=O)Nc1cccc(C(=O)OCc2ccccc2)c1,0
CCC(Sc1nc2cc3c(cc2c(=O)n1Cc1ccco1)OCO3)C(=O)Nc1cccc(OC)c1,0
O=C(O)CSc1nnc(Cc2ccccc2)n1Cc1ccccc1,0
CC(C)OC(=O)CSc1nnnn1-c1ccc2c(c1)OCCO2,0
Cc1cc(C)n2cc(CSCc3ccco3)nc2n1,0
OC12CCCCC1C(c1ccccc1)NCC2,0
COC(=O)CCC(=O)Nc1nc(-c2ccccc2)cs1,0
Brc1ccc2ncnc(Nc3ccc(N4CCOCC4)cc3)c2c1,0
COc1ccc(Nc2ncnc3c2cnn3Cc2ccccc2)cc1OC,0
COc1ccc(S(=O)(=O)N(C)CC(=O)Nc2c(F)cccc2F)cc1,0
COCc1ccccc1Cn1cnc2c1c(=O)n(C)c(=O)n2C,0
Cc1c(C(=O)NCCCN2CCCC2=O)oc2ccc(S(=O)(=O)N3CCOCC3)cc12,0
COc1ccc(Cl)cc1NC(=O)C1CC(=O)N(c2ccc(F)cc2)C1,0
O=C(CCCn1c(=S)[nH]c2ccccc2c1=O)N1CCOCC1,0
Cc1cc(NC(=O)CSc2nc3ccsc3c(=O)n2NC(=O)c2ccccc2)no1,0
CC(=O)Nc1cc(C(F)(F)F)ccc1OCC1CCCO1,0
COc1ccccc1NC1SC(=O)N(c2ccccc2)C1=O,0
CC(C)C(NC(=O)NCc1ccc(Cl)cc1)C(=O)O,0
CC1=C(C(=O)Nc2ccc(F)cc2)C(c2ccc(C)o2)C2=C(CC(C)(C)CC2=O)N1,0
Cn1c(=O)c(C(=O)CN2CCOCC2)c(N)n(Cc2ccccc2)c1=O,0
COC(=O)c1ccc(Cl)c(NC(C)=O)c1,0
CCC1Oc2ccccc2N(CC(=O)NCCC2=CCCCC2)C1=O,0
O=C(O)Cn1c(C(F)(F)F)nc2ccccc21,0
O=C(Nc1ccn(Cc2ccc(F)cc2)n1)c1ccncc1,0
O=C1c2ccccc2C(=O)N1CCCSc1nc2ccccc2o1,0
COc1ccc(Cl)cc1C(=O)Nn1cnc2ccccc2c1=O,0
Cc1ccc(S(=O)(=O)N(C)c2ccc(NS(C)(=O)=O)cc2)cc1,0
Cc1cccc2cc(C#N)c(SCC(=O)N3CC(=O)Nc4ccccc43)nc12,0
O=C(c1cc2c(=O)n3ccccc3nc2s1)N1CCOCC1,0
CC(C)CCNC(=O)C1CCCN(S(=O)(=O)c2ccc(F)cc2)C1,0
Cc1ccc(C2(C(F)(F)F)NC(=O)N3CCN=C3S2)cc1,0
CCCCOC(=O)c1ccc(NC(=O)CSc2nncn2C)cc1,0
O=C(O)c1cc2nc(-c3ccccc3)cc(C(F)(F)F)n2n1,0
O=C(c1ccc2c(c1)N(Cc1ccc(F)cc1)C(=O)CS2)N1CCOCC1,0
O=c1ncnc2n(Cc3ccccc3)[nH]cc1-2,0
COc1ccc(-c2cc(OC)c3c(C)oc(C)c3c(=O)c2)cc1OC,0
CCOC(=O)c1ccc(N2CSC3=C(C#N)C(c4cccs4)CC(=O)N3C2)cc1,0
CCOC(=O)CSc1nnc(-c2ccccc2NC(=O)c2ccccc2)o1,0
O=C(NCc1nnc(SCC(=O)N2CCCC2)o1)c1c(F)cccc1Cl,0
O=C(Nc1ccccc1C(=O)N1CCCC1)C1CCN(c2ncccn2)CC1,0
COC(=O)C1C2C=CC3(CN(C(C)c4ccc(OC)cc4)C(=O)C13)O2,0
Cc1cccc(NC(=O)c2ccccc2O)c1C,0
COC(=O)c1ccc2c(=O)n(CCN3CCOCC3)c(SCC(=O)c3ccccc3)nc2c1,0
CCOC(=O)c1c(NC(=O)Cc2cccs2)sc(C(=O)N2CCCCC2)c1C,0
COc1cccc(-c2cc(C(=O)N3CCCc4ccccc43)no2)c1,0
COC(=O)C1C(=O)NCC1c1ccccc1,0
CCc1nnc(NC(=O)CSC2=NN/C(=C3\C=c4ccccc4=CC3=O)N2CCOC)s1,0
N#Cc1c(-c2ccco2)[nH]c(SCc2ccc(F)cc2)nc1=O,0
CCOC(=O)c1ccc(NC(=O)CSc2nnc(-c3cccs3)n2CC)cc1,0
CCc1nc(SCC(=O)N2CCN(C(=O)c3ccco3)CC2)c2c3c(sc2n1)CCCC3,0
O=C(NC1CC2CCCC(C1)N2C(=O)Nc1ccccc1)c1ccncc1,0
COc1ccc(CN2CCN(C(=O)c3cccs3)CC2)cc1Br,0
COc1ccc(S(=O)(=O)Nc2cc(OC)c(NC(=O)c3ccco3)cc2OC)cc1,0
Cc1cccc(OCCOCCN2CCOCC2)c1C,0
CCOC(=O)C(Cc1c(F)cccc1F)(NC(C)=O)C(=O)OCC,0
CCn1c2ccccc2c2nnc(SCc3cc(=O)n4ccsc4n3)nc21,0
Cc1ccc(N2OC3C(=O)NC(=O)C3C2c2ccco2)cc1,0
Clc1ccc(OCc2nc(-c3ccncc3)no2)c(Br)c1,0
COc1cc(S(=O)(=O)N2CCN(C)CC2)c(OC)cc1Br,0
COC(=O)c1cccc(NC(=O)CSc2nnc(COc3ccc(C#N)cc3)n2-c2ccccc2)c1,0
CC(C)COC(=O)n1c(SCC(=O)N(C)C)nc2ccccc21,0
Cc1cccnc1NC(=O)COc1ccc2oc3c(c2c1)CCCC3,0
CCN1CCN(CCCNC(=O)C(NC(=O)C2CCC(C)CC2)C(C)C)CC1,0
O=C(Nc1ccc2c(c1)OCO2)C1CCCN1C(=O)NCc1ccccc1,0
CCc1cc2cc3c(cc2nc1SCC(=O)N1CCN(C(=O)c2ccco2)CC1)OCO3,0
CCCn1nnnc1SCC(=O)NCc1ccc2c(c1)OCO2,0
O=C(Nc1ccccn1)C1CCN(S(=O)(=O)c2cccc3nonc23)CC1,0
O=C(O)CCCC(=O)Nc1nc(-c2ccccc2)cs1,0
O=S1(=O)N=C(Nc2ccc(O)c(CN3CCCCC3)c2)c2ccccc21,0
COc1ccc(N(C(=O)Nc2ccc(Cl)cc2)C2=NCCC2)cc1,0
Cc1ccc(C)c(S(=O)(=O)Nc2ccc(O)cc2)c1,0
COc1ccccc1OCCNC(=O)c1ccccc1C,0
O=C(CN1CCCC1=O)NC1(C(F)(F)F)NC(=O)N(Cc2ccccc2)C1=O,0
N#Cc1cc2ccccc2nc1SCc1ccccn1,0
CCOC(=O)c1c(C)c(C(=O)NCc2ccccn2)c(C)n1CC,0
CCCCn1c(=S)[nH]c2c(oc3ccc(Cl)cc32)c1=O,0
CN(C)S(=O)(=O)N1CCN(CC(O)COc2ccc(C(=O)c3ccccc3)cc2)CC1,0
O=C(Nc1nc(NC(=O)c2ccco2)n(-c2ccccc2)n1)c1ccccc1,0
NC(=O)c1ccc(C2SCC(=O)N2Cc2ccccc2)cc1,0
COc1ccc(-c2ccc(NCCC3=CCCCC3)nn2)cc1OC,0
COc1ccc(C2C3=C(CCCC3=O)Nc3nc4ccccc4n32)c(OC)c1OC,0
CCOC(=O)c1cc2sc(C)cc2n1CC(=O)NCc1ccc(F)cc1,0
O=C(CSc1nnc(-c2ccncc2)n1-c1ccc(F)cc1)NC(=O)NCc1ccco1,0
Cc1cc(C)n(-c2ccc(C(=O)Nc3ccc4c(c3)OCCO4)cc2)n1,0
O=C(c1c(Cl)nc2sccn12)N1CCCc2ccccc21,0
Nc1ncc(-c2cc3ccccc3oc2=O)s1,0
CC(C)CCNC(=O)CCCn1c(=O)[nH]c2ccc(Br)cc2c1=O,0
CC(C(N)=O)N1CC(c2ccc(Cl)cc2)CC1=O,0
CCOc1ccc2[nH]cc(C(=O)N3CCN(CC)CC3)c(=O)c2c1,0
O=C(CSc1ncnc2c1oc1ccccc12)N1CCCc2ccccc21,0
CCOC(=O)CS(=O)(=O)c1nc(-c2ccccc2)cc(C(F)(F)F)n1,0
CCN(CC(=O)Nc1ccc2c(c1)OCCO2)C(=O)C1CCCCC1,0
Cc1noc(C)c1S(=O)(=O)N1CCC(C(=O)N2CCN(c3ccccc3Cl)CC2)CC1,0
C=C(Br)Cn1c(CCCC)nc2ccccc21,0
Cc1ccc(-c2nn3c(-c4ccco4)nnc3c3ccccc23)cc1S(=O)(=O)NCC1CCCO1,0
COc1cccc(NC(=O)N2CCCC2C(=O)Nc2ccc3c(c2)OCO3)c1,0
CC(=O)c1c(C)n(-c2ccc(N(C)C)cc2)c2ccc(OCC(N)=O)cc12,0
COc1cccc(S(=O)(=O)NCc2ccc(C(=O)NCC3CCCO3)cc2)c1,0
COC(=O)C1=CN(C)C=C(C(=O)OC)C1c1ccsc1,0
CC1Cc2ccccc2N1C(=O)CSc1nc2ccccc2n1CC(=O)N1CCOCC1,0
Cc1cc(C)cc(CC2CC(=O)N(c3nc(C)cc(C)n3)C2=O)c1,0
CC(=O)Nc1nonc1NC(=O)CSc1ccccn1,0
Cc1onc(-c2ccccc2Cl)c1C(=O)NCC(=O)O,0
Cc1ccccc1-n1c(=O)/c(=C/c2ccco2)s/c1=C(/C#N)C(=O)Nc1ccccc1,0
COc1ccc(CCC(=O)NCc2ccco2)cc1,0
CCN(CC(=O)NC1CCS(=O)(=O)C1)C(=O)C(c1ccccc1)c1ccccc1,0
COc1cc(C2C(C#N)=C(C)NC3=C2C(=O)CC(C)(C)C3)ccc1O,0
COc1ccc(C(=O)CSc2nnc(CNc3ccc(C)cc3C)o2)cc1,0
Cc1ccc(S(=O)(=O)N2CCN(C(=O)CSc3nc(=O)c4ccccc4[nH]3)CC2)c(C)c1,0
COc1ccc(NC(=O)N(Cc2cccnc2)Cc2ccccc2Cl)c(OC)c1,0
CC1CCCC(NS(=O)(=O)c2ccc3c(c2)OCCO3)C1C,0
COc1ccccc1C(=O)N1CCN=C1SC,0
Cc1ccccc1NC(=O)c1cc(S(=O)(=O)N2CCOCC2)ccc1F,0
COC(=O)CCC(=O)Nc1cccc(Br)c1,0
O=c1cc(CSc2ccc(Cl)cc2)nc2nc[nH]n12,0
CCC(=O)n1nc(-c2ccco2)nc1SCc1ccccc1,0
Cn1c(=O)c2c(nc(CN3CCN(c4ccccc4)CC3)n2CCc2ccccc2)n(C)c1=O,0
O=C(CCC1(C(=O)O)CCC(=O)NC1)NCc1ccccc1,0
CCOC(=O)c1sc(N(Cc2ccccc2)C(=O)CN2C(=O)CN(C)C2=O)nc1C,0
O=C(NCc1ccc2c(c1)OCO2)C1CCC(CNc2c(N3CCCC3)c(=O)c2=O)CC1,0
O=C(c1n[nH]c(=O)c2ccccc12)N1CCN(c2ccccc2Cl)CC1,0
O=C(CSc1nnc(Cc2cc(=O)[nH]c(=O)[nH]2)n1-c1ccccc1)N1CCCc2ccccc21,0
Cn1c(C(=O)N2CCCc3ccccc32)cc2sccc21,0
COC(=O)c1ccccc1S(=O)(=O)NC(=O)c1ccccc1,0
O=C1CC(c2cc3c(cc2Br)OCO3)C2=C(CCCC2=O)N1,0
O=C(CCCn1c(=S)[nH]c2cc3c(cc2c1=O)OCO3)N1CCN(c2ncccn2)CC1,0
Cc1cc(NS(=O)(=O)c2ccc(NC(=O)c3ccco3)cc2)no1,0
Cc1ccc2cc(CN(C(=O)c3ccco3)c3ccccc3)c(=O)[nH]c2c1,0
COc1ccccc1NC(=O)N(Cc1ccco1)Cc1cc2cccc(C)c2[nH]c1=O,0
CCOC(=O)C1=C(NC#N)OC(C)=C(C)C1c1ccc(O)cc1,0
COc1ccc(N2CCN(C(=O)c3ccc(NS(=O)(=O)c4ccc(F)c(F)c4)cc3)CC2)cc1,0
COc1ccc(CCNC(=O)C2CCN(S(=O)(=O)c3c(C)noc3C)CC2)cc1OC,0
CCc1ccc(OCc2nc(-c3ccccn3)no2)c(Br)c1,0
CCOC(=O)c1c(N)sc2c(OC)c(Br)ccc12,0
Cc1cccc(C)c1NC(=O)Nc1cccs1,0
Cn1c(NCCCN2CCOCC2)nc2c1c(=O)n(Cc1ccc(Cl)cc1)c(=O)n2C,0
Cc1ccc(-c2noc(CN(C(=O)c3cccs3)C(C)C)n2)cc1,0
COc1cc(OC)c(C2C(C#N)=C(N)OC3=C2C(=O)CC(C)C3)cc1OC,0
CCC(C)NC(=O)NC(Cc1ccccc1)C(=O)O,0
CS(=O)(=O)N1CCCC(C(=O)NCc2ccc(F)cc2)C1,0
COC(=O)c1ccccc1NC(=O)C1COc2ccccc2O1,0
O=C(Nc1ccccc1C(F)(F)F)N1CCC(n2c(=O)[nH]c3ccccc32)CC1,0
COc1ccc2cc3c(N)c(C(=O)N4CCCC4)sc3nc2c1,0
O=C1C2C3CCCC3=C3CCCC3C2C(=O)N1c1ccc(Cl)cc1,0
CCOC(=O)N1CCC(NC(=O)CCC(=O)N2CC(C)Oc3ccc(Cl)cc32)CC1,0
CSc1ccccc1NC(=O)c1c(C)noc1C,0
O=C(NC1=NC2CCCCC2N1)c1ccccc1,0
O=C(CSc1nc(-c2ccncc2)nn1CC(=O)N1CCCCC1)NC1CCCC1,0
CCOC(=O)C1CCN(C(=O)COC(=O)c2ccc(Br)o2)CC1,0
O=C(Nc1nncs1)Oc1ccccc1,0
O=C(O)c1cc(O)c2c(c1)C(=O)c1cccc(O)c1C2=O,0
O=C(CCn1nnc2ccccc21)N1CCC(O)(c2cccc(F)c2)CC1,0
COc1ccc(C2=NOC(C(=O)NC(C)C)C2)cc1,0
CCc1nnc(NC(=O)C2Cc3ccccc3CN2S(=O)(=O)c2cccs2)s1,0
Cc1ccc(-c2noc(C3CCN(S(=O)(=O)c4ccc5c(c4)OCCO5)CC3)n2)o1,0
CC(=O)c1ccc(NS(=O)(=O)c2cccc(C)c2)cc1,0
O=C(Nc1nc2ccccc2n1CCN1CCCC1)C1CCCCC1,0
CCOc1ccc(C(=O)Nc2c3c(nn2-c2ccc(F)cc2)CS(=O)C3)cc1,0
COC(=O)C1=C(C)NC(=O)NC1c1ccccc1,0
O=C(CC(c1ccccc1)c1ccccc1O)NCCN1CCOCC1,0
O=C(Nc1ccccc1)N1CCN(Cc2ccc3c(c2)OCO3)CC1,0
O=C(Cn1ccc2ccccc2c1=O)N1CCN(c2cccc(Cl)c2)CC1,0
CCCN1C(=O)c2ccccc2NC1c1ccc(OC)cc1O,0
FC(F)(F)Oc1ccc(Nc2nc3ccccc3o2)cc1,0
CCOc1cc(C2c3c(n[nH]c3C)C(=O)N2c2ccc(Br)cc2)ccc1O,0
Cc1nc2ccccn2c1/C(O)=C1\C(=O)C(=O)N(CCN2CCOCC2)C1c1cccs1,0
COc1ccc(NC(=O)CN(C)S(=O)(=O)c2ccc3c(c2)OCCO3)c2ncccc12,0
OCc1nc2ccccc2n1CCCOc1ccccc1,0
COc1ccccc1OCC(=O)Nc1cccc(-c2nc3ccccc3o2)c1,0
O=C(c1coc(=O)c(Br)c1)N1CCCc2ccccc21,0
COc1ccc(N(CC(=O)N2CCc3ccccc32)S(=O)(=O)c2c(C)n[nH]c2C)cc1,0
COc1ccc(N2Cc3cccc(C(=O)NC(C)CCc4ccco4)c3C2=O)cc1,0
C=CCc1c(C)[nH]c(SCC(=C)C)nc1=O,0
Cc1cc(C)n(C(=O)CNC(=O)COc2ccccc2)n1,0
CCn1cc(Br)c(-c2nc3ccccc3c(=O)n2N)n1,0
CCC(C)NC(=O)C1CCN(S(=O)(=O)c2cccnc2)CC1,0
O=C(NC1CCCCC1)N1CCc2[nH]c3ccccc3c2C1,0
O=C(Nc1ccc(N2CCN(C(=O)c3ccco3)CC2)cc1)c1ccc(F)cc1,0
CC(=O)Nc1cccc(NS(=O)(=O)Cc2ccc(Cl)cc2)c1,0
O=C(CCCn1c(=O)c2sccc2n(Cc2ccc(F)cc2)c1=O)NCc1ccco1,0
COc1ccccc1-c1nc(C#N)c(N2CCN(Cc3ccccc3)CC2)o1,0
COc1ccc(OC)c(S(=O)(=O)N2Cc3ccccc3CC2C(=O)Nc2nccs2)c1,0
CC1(C)Cc2c(C#N)c(OCC(=O)c3ccc(Cl)cc3)nc(-c3ccoc3)c2CO1,0
CCOC(=O)c1cnc(SCc2ccc(C)cc2)nc1N,0
O=S(=O)(Cc1ccc(Cl)cc1)Nc1ccc2c(c1)OCO2,0
CCCS(=O)(=O)N1CCCC(C(=O)NCCCN(C)c2ccccc2)C1,0
Cc1ccc(-n2c(C)cc(C)c(C#N)c2=O)cc1Cl,0
CCN(CC)CCCCOc1ccccc1OC,0
COc1cc2c(cc1OC)C(C(=O)Nc1ccccn1)C(c1cccnc1)N(C)C2=O,0
Cc1cc(C)n(-c2nc3c(c(=O)[nH]c(=O)n3C)n2Cc2cccc(Br)c2)n1,0
COc1ccc(N(CC(=O)NCc2cccc(OC)c2)S(=O)(=O)c2c(C)noc2C)cc1,0
O=C1Nc2ccccc2C(O)(C(=O)NCc2ccco2)N1c1ccc(Cl)cc1,0
OC(c1ccc2c(c1)OCO2)c1nccc2ccccc12,0
CN(C(=O)COc1nnc(-c2cccs2)c(-c2cccs2)n1)c1ccccc1,0
COc1cc(C(=O)NCc2ccco2)c(Br)c(OC)c1OC,0
Cc1ccc(CC2CC(=O)N(c3ccc(Cl)cn3)C2=O)cc1,0
COc1ccccc1C(=O)Nc1ccc(N2CCN(S(C)(=O)=O)CC2)cc1,0
COc1ccc(NC(=O)C(CC(C)C)NC(=O)c2ccccc2C)cn1,0
O=C(CSc1nnc(-c2ccc(S(=O)(=O)N3CCCC3)cc2)n1CC1CCCO1)NC1CC1,0
O=C(c1cc2c(s1)CCCCC2)N1CCN(c2ncccn2)CC1,0
CC(C)(C)Oc1ncc(Br)c(OC(C)(C)C)n1,0
CN(c1ccc(C(=O)N2CCN(c3ccc(F)cc3)CC2)cc1)S(C)(=O)=O,0
O=S(=O)(Nc1cnc2ccccc2c1)N1CCCCCC1,0
Nc1ccccc1OCCOCCOc1ccccc1N,0
CCN(CC)S(=O)(=O)c1ccc2c(c1)c(=O)c(C(=O)NCCOC)cn2C,0
COc1ccc(Cn2c(N)c(C(=O)NCc3ccco3)c3nc4ccccc4nc32)cc1,0
CCOC(=O)N1CCN(C(=O)CSc2nc3c(c(=O)n2-c2ccccc2OC)SCC3)CC1,0
COc1cccc(-c2nnc3n2N=C(c2cc(OC)ccc2OC)CS3)c1,0
CC(=O)c1ccc(NC(=O)CSC2=C(C#N)C(c3ccco3)C3=C(CCCC3=O)N2)cc1,0
CC1CCc2c(sc3ncnc(SCC(=O)N4CCN(C(=O)c5ccco5)CC4)c23)C1,0
Cc1sc(NC(=O)CSc2nnc(-c3ccccc3)o2)c(C#N)c1C,0
CCc1ccccc1NC(=O)C1CCCN(S(=O)(=O)c2c(C)noc2C)C1,0
COc1ccc(C2NC(=O)NC(O)(C(F)(F)F)C2C(=O)c2ccc(F)cc2)cc1,0
Cc1ccc(-c2nnc(N(C)C(=O)c3ccccn3)s2)cn1,0
Cc1ccc(-n2c(SCC(=O)Nc3ccc4c(c3)OCO4)nnc2-c2ccoc2C)cc1,0
Cc1cccc(NC(=O)CSc2nnc(-c3ccc(S(=O)(=O)N4CCCC4)cc3)o2)c1,0
COc1ccc(OC)c(NC(=O)Nc2nnc(N3CCC(C)CC3)s2)c1,0
COc1cc(N)c(Cl)cc1NC(=O)c1ccccc1,0
CCOC(=O)c1sc(NC(=O)CSc2ncn(-c3ccccc3)n2)nc1C,0
COCCCn1c(SCc2cc(=O)[nH]c3ccccc23)nnc1-c1ccco1,0
O=C(Nc1nnc(C2CCCC2)s1)C1CCC1,0
CCn1c2ccccc2c2cc(C3C(C#N)=C(N)Oc4n[nH]c(COC)c43)ccc21,0
Cc1ccc(C)c(OCC(=O)Nc2nonc2NC(=O)COc2cc(C)ccc2C)c1,0
COc1cccc(-c2nnc(SCC(=O)Nc3ccc(OC)c(OC)c3)n2N)c1,0
CCC(C)SCc1nc2ccccc2[nH]1,0
COc1cc2c(cc1OC)C(C(=O)O)C(c1cc(Br)c(O)c(OC)c1)N(C)C2=O,0
N#CC1=C2SCN(Cc3ccccc3)CN2C(=O)CC1c1cccs1,0
CCOc1ccc(NC(=O)CSc2nnc(-c3ccco3)n2C)cc1,0
COc1ccc(Cl)cc1Nc1nc(N2CCCC2)nc(N2CCCC2)n1,0
CCOC(=O)C1C(c2ccc(C)o2)NC(=O)NC1(O)C(F)(F)F,0
COc1ccc(-c2nnc(SC(C)C(=O)Nc3cccc(Cl)c3)o2)cc1,0
COc1cccc(-c2cc(C(=O)NCc3ccc(Cl)cc3)no2)c1,0
Cc1ccc(N(C(=O)Cn2nnc3ccccc32)C(C(=O)NCc2ccco2)c2ccc(C)o2)cc1,0
Cc1ccc(NC(=O)c2ccco2)cc1NC(=O)CSc1nnc(-c2cccs2)n1C,0
CCCCc1ccc(NC(=O)C2CCN(S(C)(=O)=O)CC2)cc1,0
CCC(C)(C(=O)NC1CCCCC1)N(Cc1ccco1)C(=O)CNC(=O)c1ccccc1,0
CCOC(=O)c1c(C)[nH]c(C(=O)COC(=O)c2oc3ccc(OC)cc3c2C)c1C,0
O=c1nc(CN2CCN(C/C=C/c3ccccc3)CC2)[nH]c2cc(Cl)ccc12,0
COc1c2c(nc3occc13)C(CCC(C)(C)O)(OC)C(O)CC2,0
O=C(CN1C(=O)c2cccc3cccc1c23)NCC1CCCO1,0
CCC(C)C(NC(=O)NCc1cccc(OC)c1)C(=O)OC,0
CCOC(=O)c1cccc(NC(=O)CSc2nnc(-c3ccoc3C)n2CC)c1,0
O=C(Nc1nnc(C2CC2)o1)c1ccc(S(=O)(=O)N2CCCc3ccccc32)cc1,0
Cc1nc(NC(=O)CSc2nnc(C)n2CC2CCCO2)sc1C,0
OCCN1CCN(C(=S)c2ccc(Cl)cc2)CC1,0
O=C(O)CCC(=O)N1CCC(C(=O)c2cccc(Cl)c2)CC1,0
COc1ccccc1CN(Cc1nc(=O)c2ccccc2[nH]1)C(=O)Nc1ccccc1,0
CCOc1ccc(C(=O)Nc2c3c(nn2-c2cccc(Cl)c2)CS(=O)C3)cc1,0
Cc1cc(Cl)ccc1N1C(=O)CC(SCCC(=O)O)C1=O,0
CC(C)C1C(C#N)=C(N)Oc2n[nH]c(-c3cccs3)c21,0
COc1cc(Br)cc2cc(C(=O)N3CCCCC3C)c(=O)oc12,0
C=CCSc1n[nH]c(-c2ccc(OC)cc2)n1,0
O=C(C1CCCN(S(=O)(=O)c2cccc3nonc23)C1)N1CCC(Cc2ccccc2)CC1,0
CCc1c(C(=O)Nc2ncn(Cc3cccc(C)c3)n2)csc1C,0
CCOC(=O)CCSc1nc(C)c2ccccc2n1,0
CCOc1cccc2cc(C(=O)N3CCN(C/C=C/c4ccccc4)CC3)c(=O)oc12,0
CSc1nc(C)c(Cl)c(C)c1C#N,0
CCOC(=O)C1=C(C)N(C2CCCCC2)C(=O)C1,0
COc1oc(-c2ccccc2)nc1C(F)(F)F,0
Cc1cccc(N(CC(=O)N2CCCC2)S(=O)(=O)c2ccccc2)c1,0
CSCCOC(=O)C1=C(C)NC(=O)CC1c1ccccc1Cl,0
COc1cccc(NC(=O)Cn2c(SCC(=O)N3CCOCC3)nc3ccccc32)c1,0
COc1ccc(Nc2ncccc2C(=O)Nc2ccccc2)cc1,0
COc1ccc(S(=O)(=O)CCC(=O)Nc2c(C)n(C)n(-c3ccccc3)c2=O)cc1,0
CCCC(=O)Nc1ccc(N2CCN(C(=O)c3cccs3)CC2)cc1,0
COc1ccc(C(C)NC(=O)C2CCCO2)cc1OC,0
CC(=O)NC1C(=O)N(CCc2ccccc2)c2ccccc21,0
COC(=O)CCC(=O)c1oc2ccc(Br)cc2c1N,0
C=CC/N=C(\NC#N)SCCc1ccccc1,0
CCCC(=O)c1cc2cc(Cl)ccc2oc1=O,0
COc1ccc(-n2ncc3c(NCc4ccc5c(c4)OCO5)ncnc32)cc1,0
CC(c1nnnn1C1CCCCC1)N(Cc1ccccc1)Cc1cccnc1,0
CCOc1ccc(NC(=O)CN2C(=O)C3CC=CCC3C2=O)cc1,0
COCC(=O)N(Cc1ccco1)c1nnc(C2CCOC2)s1,0
CCOC(=O)c1ccc(NC(=O)NC(C)C2CCCO2)cc1,0
CCOc1ccc(-c2cc(C(=O)N3CCN(C)CC3)c3ccccc3n2)cc1,0
Brc1ccc2c(c1)C=Nc1c(ncnc1N1CCCCC1)O2,0
COC(=O)c1cccc(C(=O)Nc2ccc(C)cc2Br)n1,0
CCOc1ccc(N(CC(=O)N2CCc3ccccc32)S(=O)(=O)c2c(C)noc2C)cc1,0
Cc1ccc(N2C(=O)c3ccc(N)cc3C2=O)cc1C,0
CC(=O)c1cccc(NC(=O)CSc2nnc(-c3ccc(S(=O)(=O)N4CCCC4)cc3)o2)c1,0
Cc1cccc(S(=O)(=O)C(C#N)c2nc3ccccc3nc2N2CCOCC2)c1,0
O=C(c1cccn2c(=O)c3cc(Cl)ccc3nc12)N1CCN(Cc2ccc3c(c2)OCO3)CC1,0
Cc1nn(C)c(C)c1NC(=O)CN1CCC(O)(c2ccc3c(c2)OCO3)CC1,0
Cn1c(=O)c2c(nc(N3CCCCCC3)n2CC(O)COc2ccc(Cl)cc2)n(C)c1=O,0
Cc1ccc(CN2C(=O)CCC2C(=O)NCc2ccc3c(c2)OCO3)cc1,0
Cc1ccccc1NS(=O)(=O)c1cc(C(=O)NCc2ccco2)ccc1C,0
CCOc1ccccc1NC(=O)N1CCC(c2nc3ccc(C)cc3[nH]2)CC1,0
COc1cc(OC)cc(C(=O)NCc2n[nH]c(=S)n2-c2ccccc2)c1,0
CCn1c(SCC(=O)Nc2nc3ccc(OC)cc3s2)nnc1-c1ccoc1C,0
CCN(CC(=O)Nc1c(C(=O)OC)[nH]c2ccc(Cl)cc12)c1ccc2c(c1)OCO2,0
Cc1cc(N2CCN(C(=O)c3ccco3)CC2)n2nc(-c3cccc(Cl)c3)cc2n1,0
COc1ccc(C(=O)Nn2c(C)ccc2C)cc1OC,0
c1ccc(CNc2nc3ccccc3[nH]2)cc1,0
COc1ccc(N2CCN(C(=O)c3ccc(C)c(Cl)c3)CC2)cc1,0
CNc1cc(C)nc(-n2nc(C)cc2C)n1,0
CCNC(=O)c1ccc2c(c1)S(=O)(=O)c1ccccc1C2=O,0
O=C1CCCC2=C1C(c1ccncc1)c1c([nH]c(SCc3ccccc3Cl)nc1=O)N2,0
CCn1cc(Br)c(C(=O)N(C)Cc2ccccc2)n1,0
CN(CC(=O)N1CCN(c2ccccn2)CC1)S(=O)(=O)c1ccccc1,0
O=C(N1CCOCC1)C(F)(F)S(=O)(=O)Nc1ccccc1,0
CCN(CC)CCCN1C(=O)C(O)=C(C(=O)c2sc(C)nc2C)C1c1ccco1,0
CCn1c(Cc2ccccc2)nnc1SCC(=O)Nc1nc2ccccc2s1,0
COc1nc(OC)nc(N2CCC(C(=O)Nc3cccc4c3CCCC4)CC2)n1,0
O=C(NCc1nc2ccccc2[nH]1)c1cccs1,0
CC1(C)CC(=O)C=C(Nc2ccc(F)cc2)C1,0
CCCn1c(NC(=O)c2ccc(Cl)c(S(=O)(=O)N3CCCC3)c2)nc2ccccc21,0
Clc1ccc(-c2nn3c(C4COc5ccccc5O4)nnc3s2)cc1,0
O=C1C2C3C=CC(C3)C2C(=O)N1Cc1ccccc1,0
Cc1cc(C)n(C(=O)c2ccc(S(=O)(=O)N3CCCC3)cc2)n1,0
CC1=C(C(=O)NCc2ccccc2)C(c2ccccc2OCC(N)=O)NC(=O)N1,0
CCOc1ccc(N(CC(=O)NC2CCCC(C)C2C)S(=O)(=O)c2c(C)noc2C)cc1,0
Cc1cccc(NC(=O)CSCc2c(C)noc2C)c1C,0
Cc1ccc(S(=O)(=O)Cn2nnnc2CN(Cc2ccco2)Cc2cccs2)cc1,0
Cc1nc(COC(=O)c2ccc(S(=O)(=O)N3CCCC3)cc2)cs1,0
O=c1nc(-c2ccc(Cl)cc2)nc2n(-c3ccccc3)[nH]cc1-2,0
COc1ccc(S(=O)(=O)N(C)CC(=O)NC2CCCCC2)cc1OC,0
CCOC(=O)c1ccc(NCn2c(=O)oc3ccccc32)cc1,0
CCCC1(C(=O)OCC)NC(c2ccc(N(C)C)cc2)C2C(=O)N(c3ccc(F)cc3)C(=O)C21,0
O=C(C1CCCCC1)N1CCCn2c1nc1ccccc12,0
CN1C(=O)c2ccccc2Sc2ccc(NC(=O)N3CCCC3)cc21,0
CCC(=O)c1ccc(OCC(=O)Nc2nn3cnnc3s2)cc1,0
COc1ccccc1CNc1n[nH]c(NCc2ccccc2OC)n1,0
O=C(C1CCCN(S(=O)(=O)c2cccc3nsnc23)C1)N1CCN(c2ccccn2)CC1,0
COc1cc(-c2nnc(Cn3cc(C(F)(F)F)ccc3=O)o2)cc(OC)c1OC,0
O=C1NC(=O)N(c2ccc(F)cc2)C(=O)/C1=C/Nc1ccccc1N1CCCC1,0
CN1CCc2c(sc3c2c(=O)n(-c2cccc(Cl)c2)c2nncn32)C1,0
C=CCc1ccc(OCC(O)COCC)c(OC)c1,0
Cc1ccc(NC(=O)CS(=O)CC(=O)N(CC(=O)NC2CCCC2)c2cccc(C)c2C)cc1,0
N#Cc1c(NC(=O)CSc2n[nH]c(Cc3ccccc3)n2)oc(-c2ccccc2)c1-c1ccccc1,0
CC(NC(=O)NC12CC3CC(CC(C3)C1)C2)C1CCCO1,0
Cc1ccc(-n2nc(C)c(C3C(C#N)=C(N)OC4=C3C(=O)CC(C)(C)C4)c2Cl)cc1,0
O=C(COc1ccc(S(=O)(=O)N2CCCC2)cc1Cl)NC1CC1,0
Cc1ccccc1NC(=O)N1C2CCCC1CC(NC(=O)C1CC1)C2,0
O=C(Nc1ccccc1N1CCN(C(=O)c2ccc(Cl)cc2)CC1)c1ccc2c(c1)OCO2,0
CCC(C)C(NC(=O)NCc1ccccc1Cl)C(=O)O,0
Cc1nnc(NCc2ccncc2)c2ccccc12,0
COc1cc(C2C(C#N)=C(N)Oc3cc(N(C)C)ccc32)cc2c1OCO2,0
CCc1cccc(NC(=O)CCS(=O)(=O)c2cccc3nonc23)c1,0
CCn1c(SCc2c(F)cccc2Cl)nnc1-c1ccco1,0
CCC(C(=O)Nc1ccccc1OC)n1c(C(=O)OC)cc2ccsc21,0
CN(CC(=O)NCc1ccco1)S(=O)(=O)c1ccc2c(c1)n(C)c(=O)c(=O)n2C,0
Cc1occc1-c1nnc(SCC(=O)NCc2ccc3c(c2)OCO3)n1CC(C)C,0
O=C(CSc1nc(=O)c2c([nH]1)CCCC2)Nc1ccc(Cl)cc1F,0
COc1ccc(CC(=O)OCc2cc3ccc(C)cc3[nH]c2=O)cc1,0
COC(=O)c1ccc(NC(=O)C23CCC(C)(C(=O)O2)C3(C)C)cc1,0
O=C(O)CC(C(=O)NCc1ccccc1)C1CCCO1,0
O=C(Nc1ccc(NC(=O)C2CC2)cn1)c1ccccc1Cl,0
COCCn1c(CN2CCC(Cc3ccccc3)CC2)nc2c1c(=O)n(C)c(=O)n2C,0
O=C(NCCN1CCOCC1)c1ccc(CS(=O)(=O)Cc2ccccc2F)o1,0
CCOc1cc(S(=O)(=O)N2CCC(Cc3ccccc3)CC2)c(OCC)cc1-n1cnnn1,0
O=C(CCS(=O)(=O)c1ccc(Br)cc1)N1CCN(c2ccccc2)CC1,0
Cc1ccc(-n2c(SCC(=O)OC(C)C)nnc2-c2ccccn2)cc1,0
CN1CCN(C(=O)C2CC(c3c(F)cccc3Cl)=NO2)CC1,0
O=C(CSc1nc(N2CCCCC2)nc(N2CCCCC2)n1)Nc1nccs1,0
CCC(CC)C(=O)NCCc1cc2c(C)ccc(C)c2[nH]c1=O,0
O=C(/C=C/N1CCOCC1)c1ccc(-c2ccccc2)cc1,0
COc1cccc(NC(=O)c2cccc(OC)c2OC)c1,0
COc1cccc(C2NC(=O)NC(C)=C2C(=O)Nc2cc(OC)ccc2OC)c1,0
CC1=NN=C2CC(C)(C)CC(NO)=C12,0
N#Cc1c(NC(=O)CN2CCN(S(=O)(=O)c3ccc4c(c3)OCCO4)CC2)sc2c1CCC2,0
CC1(C)CC(=O)C2=C(C1)NC(Nc1nc3ccccc3o1)=NC21CCCCC1,0
CCOc1ccc(S(=O)(=O)N2CCN(c3ccccc3OC)CC2)c2cccnc12,0
CCCCOc1ccc(C(=O)Nc2ccc(S(=O)(=O)Nc3cc(C)on3)cc2)cc1OC,0
O=C(Oc1c(Cl)cc(Cl)c2cccnc12)N1CCCCC1,0
O=C(NCc1n[nH]c(=S)n1-c1ccc(F)cc1)c1ccco1,0
COc1cccc(NC(=O)c2ccccc2SC)c1,0
Brc1cnc(N2CCCC2)nc1N1CCOCC1,0
CCOc1ccc(CC(=O)NCc2cn3c(C)csc3n2)cc1,0
COc1ccc(Cl)cc1NC(=O)N1CCN(S(C)(=O)=O)CC1,0
Cc1ccc(-c2csc3nnc(SCC(=O)N4CCN(Cc5ccccc5)CC4)n23)cc1,0
CCCn1c(CN2CCN(C(=O)c3ccco3)CC2)nc2c1c(=O)n(C)c(=O)n2C,0
O=C(NCC1CCCO1)C1CCN(S(=O)(=O)N2CCCC2)CC1,0
Cc1ccc(C)c(N2CCN(C(=O)CCNC(=O)Cn3ccc4ccccc4c3=O)CC2)c1,0
O=C(O)CCc1ccc(-c2cccs2)n1NC(=O)c1ccccc1Br,0
COc1ccccc1-c1noc(CCC(=O)Nc2ccccc2Cl)n1,0
CC(C)(C)c1ccc(S(=O)(=O)NCC(=O)N2CCN(C(=O)c3ccco3)CC2)cc1,0
COc1ccc(C(=O)CSc2cc(C)nc3nc(C)nn23)cc1OC,0
COC(=O)c1ccc(CSc2ncnc3ccccc23)o1,0
O=C(Nc1nc2ccccc2n1CCOc1ccc(Cl)cc1)c1ccco1,0
CCN1/C(=C(\C#N)C(=O)CCc2ccccc2)Nc2ccccc21,0
O=C(NCc1nc(-c2ccccc2)no1)c1ccc(Br)o1,0
Cc1cccc(N(C)S(=O)(=O)c2ccc3[nH]cc(C(=O)N4CCOCC4)c(=O)c3c2)c1,0
Cc1cc(C(F)(F)F)nc(SCC(=O)Nc2ccccc2)n1,0
Clc1ccc(OCCn2cnc3ccccc32)cc1,0
O=C(Nc1cc(C(=O)N2CCOCC2)ccc1N1CCCC1)c1cccs1,0
COC(=O)CSc1nnc(CNC(=O)c2cccs2)n1-c1cc(OC)ccc1OC,0
CCC(=O)N1CCc2cc(S(=O)(=O)NC(C(=O)N3CCc4ccccc4C3)C(C)C)ccc21,0
COc1cc(NC(=O)c2cc3ccccc3o2)c(OC)cc1Br,0
Clc1ccc(Sc2oc(/C=N/n3cnnc3)cc2Br)cc1,0
CC(C)(C)c1ccc(-c2nnc(SCC(=O)O)n2N)cc1,0
Cc1nn(S(=O)(=O)N2CCCCC2)c(C)c1Br,0
Cn1c(=O)c2c(nc(NCCCO)n2Cc2cccc(C(F)(F)F)c2)n(C)c1=O,0
O=S(=O)(CCN1CCN(C(c2ccccc2)c2ccccc2)CC1)C(F)(F)F,1
O=C(Nc1cccc(Cl)c1)c1ccncc1,0
CNC(=O)c1nnn(Cc2ccccc2)c1NC(=O)C(F)(F)F,0
CCC1(CC)C(=O)N=C(Nc2cccc(C(F)(F)F)c2)NC1=O,0
Brc1ccc2nc(CSc3ncn[nH]3)cn2c1,0
Cc1cc(C)nc(-n2nc(C)cc2NC(=O)c2ccc3c(c2)OCO3)n1,0
O=C(OC(C(=O)NCc1ccc2c(c1)OCO2)c1ccc(Cl)cc1)c1ccco1,0
CC(C)(C)c1[nH]n(-c2ccccc2)c2nc(=O)c(CNCc3ccco3)cc1-2,0
CC1CCCN(c2nc3c(c(=O)n(C)c(=O)n3C)n2CCSc2nc3ccccc3s2)C1,0
CCN1C(=O)C(O)(CC(=O)c2cc(C)ccc2C)c2ccccc21,0
COCCn1c(SCC(=O)Nc2cccc(OC)c2)nnc1-c1ccccc1,0
Cc1ccc(S(=O)(=O)c2cc3c(=O)n4ccccc4nc3n(Cc3ccco3)c2=N)cc1,0
O=C1CC(Cc2ccccc2)C(=O)N1c1ccc(Cl)cn1,0
O=C(NCCCn1ccnc1)C(Cc1ccccc1)N1C(=O)c2ccccc2C1=O,0
O=c1[nH]c2ccc(Br)cc2c(-c2ccccc2)c1N1CCOCC1,0
C=CCSC1=C(C#N)C2(CCCCC2)C(C#N)C(=O)N1,0
O=C(c1ccc(Nc2cccc(C(F)(F)F)c2)nc1)N1CCCC1,0
Cn1c(=O)cc(SCC(=O)N2CCCC2)c2cc(Cl)ccc21,0
COCc1nnc(NC(=O)c2ccc(S(=O)(=O)N(C)C3CCCCC3)cc2)o1,0
CCn1c(SCC(=O)Nc2nc3ccc(OC)cc3s2)nc2c1c(=O)n(C)c(=O)n2C,0
Cc1cc(C(C)(C)C)cc(C)c1COC(=O)C1CCC(=O)N1,0
N#CC1=C(N)Oc2n[nH]c(-c3cccs3)c2C1c1ccoc1,0
CC1CC2(NC(=O)NC2=O)C(C)CN1C,0
O=C(Nc1cccnc1)c1ccc(COc2ccccc2Br)o1,0
CCCN1C(=O)/C(=C2\SC(N3CCCCC3)=NC2=O)c2ccccc21,0
Cc1cc(SCc2ccccc2)nc(=O)[nH]1,0
CC1CCN(S(=O)(=O)c2cccc(C(=O)Nc3ccccn3)c2)CC1,0
CCCC(=O)C1=C(NC)CC(C)(C)C(C(=O)OC)C1=O,0
CCN(CC)CC(=O)Nc1cc(C)c2c(=O)oc3ccccc3c2n1,0
O=C(c1cccnc1)N1CCN(S(=O)(=O)c2ccc(S(=O)(=O)N3CCCC3)cc2)CC1,0
CCCCn1c(SCC(=O)c2ccc3c(c2)OCCO3)nnc1-c1ccoc1C,0
O=C(CSc1nnnn1-c1ccccc1)CSc1nnnn1-c1ccccc1,0
O=C(Nc1ccccc1)c1cccc(-c2nnc(-c3ccccc3)o2)c1,0
O=C(CN1CCC2(CC1)OCCO2)c1ccc2cc[nH]c2c1,0
CCOc1ccc(C(C)=O)cc1CN1C(=O)NC2(CCCCC2C)C1=O,0
COCCN(CC(=O)NCc1ccc(F)cc1)C(=O)CCC(=O)Nc1ccccn1,0
O=C(Cc1ccccc1)NCc1nc2ccccc2[nH]1,0
CCn1c(=O)cc(SCC(=O)N2CCN(c3ccccc3OC)CC2)c2ccccc21,0
COc1ccc(C(=O)CSc2nnc(CNc3ccc(C)cc3C)n2Cc2ccco2)cc1,0
COc1ccccc1C1C(C#N)=C(N)Oc2cc(C)n(Cc3ccccn3)c(=O)c21,0
CSc1ccc(CNc2ccccn2)cc1,0
Cc1ccc2c(CC(=O)Nc3nc(C)cs3)coc2c1,0
O=C(NCc1nc2ccccc2[nH]1)c1ccc(S(=O)(=O)N2CCOCC2)cc1,0
O=C(O)c1cc(Cl)ccc1NC(=O)C1CCCO1,0
CCOc1cc(C2C(C(=O)N3CCCCC3)=C(C)NC3=C2C(=O)CCC3)cc(Br)c1O,0
CC(=O)C1C(c2cn(-c3ccccc3)nc2-c2cccs2)NC(=O)NC1(O)C(F)(F)F,0
CCc1ccc(NC(=O)CSc2nnc(-c3cnccn3)n2Cc2ccco2)cc1,0
CC(=O)c1ccc(N2CCN(C(=O)C3CCN(S(=O)(=O)Cc4ccccc4)CC3)CC2)cc1,0
COc1ccc(-c2nnc(SCC(=O)Nc3ccc(Cl)cc3)n2C)cc1,0
O=C(O)CCCC(=O)N1CC(=O)Nc2ccccc21,0
COc1cccc(C(=O)Nc2c3c(nn2-c2cccc(C)c2C)CS(=O)C3)c1OC,0
O=C(NCCc1ccccc1)c1c(O)n2c3c(cccc3c1=O)CC2,0
Cn1c(-c2ccc(F)cc2)cnc1NCc1ccccc1,0
COC(=O)c1cc(=O)n2c(-c3ccc(OC)cc3)csc2n1,0
Cc1ccccc1NC(=O)Cc1nc(CSc2nnc(C3CCCCC3)n2N)cs1,0
O=C(c1cc2ncc(Br)cn2n1)N1CCN(C(=O)c2ccco2)CC1,0
CCC(NC(=O)Nc1ccc(O)cc1)(C(F)(F)F)C(F)(F)F,0
CC(C)n1c(C(O)c2ccc3c(c2)OCO3)nc2ccccc21,0
C=CCOC(=O)C1=C(C)OC(N)=C(C#N)C1c1c(C)nn(-c2ccccc2)c1Cl,0
CS(=O)(=O)N1CCCC(C(=O)NCc2ccccc2Cl)C1,0
COc1cccc(-c2cc(C(=O)N3CCc4ccccc4C3)no2)c1,0
COCCNC(=O)c1ccc2c(c1)ncn2-c1ccc(F)c(F)c1,0
O=c1nc(CSc2nnc(-c3ccncc3)n2Cc2ccco2)[nH]c2ccccc12,0
CCC(=O)Nc1sc(C(=O)N2CCCCC2)c(C)c1C#N,0
Cc1cc(C)cc(N(CC(=O)Nc2c(C)n(C)n(-c3ccccc3)c2=O)S(C)(=O)=O)c1,0
O=C(Nc1ccc(S(=O)(=O)N2CCOCC2)cc1)c1ccc(Cl)cc1,0
Clc1cccc(-c2nn3c(Cn4cnc5ccccc54)nnc3s2)c1,0
CC(OC(=O)c1ccncc1)C(=O)Nc1cccc(Cl)c1,0
COCC(=O)NC(c1ccccc1)c1ccccc1,0
CC(C(=O)N1CCCCC1)n1sc2ccccc2c1=O,0
Cn1c(SCC(=O)NC2CCCC2)nnc1-c1ccc(S(=O)(=O)N2CCOCC2)cc1,0
COc1ccc(C(=O)N2CCN(c3nc4ccccc4o3)CC2)cc1OC,0
COc1ccc(OCCN2CCN(C3CC(=O)N(CCC(C)C)C3=O)CC2)cc1,0
NC(=O)Nc1ccc(Oc2c(F)c(F)c(F)c(F)c2F)cc1,0
CCn1c(SCC(=O)Nc2ccc3c(c2)c2ccccc2n3CC)nnc1-c1ccco1,0
CNS(=O)(=O)c1cccc(C(=O)OC2CCCCC2=O)c1,0
CCCCCCn1cc(C(=O)O)c(=O)c2ccccc21,0
C=CCn1c(SCC(=O)c2ccccc2)nnc1-c1cc2ccccc2o1,0
O=C1c2ccccc2NC(c2ccc(Cl)cc2Cl)N1O,0
COc1ccc(Cc2c(O)n(C(C)=O)c(SC)nc2=O)cc1,0
O=C1NC(c2ccccc2)(C(F)(F)F)C(=O)N1Cc1cccnc1,0
COCc1nnc(SCC(=O)Nc2cccc(Cl)c2C)n1-c1ccccc1,0
Nc1nncn1C(=O)c1cc(Br)ccc1Cl,0
Cc1cc(C(=O)OCC(=O)N2CC(C)CC(C)C2)c(C)o1,0
Clc1ccc(Nc2ncnc3c2cnn3-c2ccccc2)cc1,0
COc1ccc(Br)cc1CNc1ccc(O)cc1,0
Cc1ccc(-c2sc(C)nc2CC(=O)O)cc1,0
COc1ccc(NC(=O)Nc2nnc(N3CCC(C)CC3)s2)cc1OC,0
O=C1NCCN1Cc1cccc(Cl)c1,0
O=c1[nH]ncc2c3ccccc3n(Cc3ccc(F)cc3)c12,0
COc1ccccc1CC(NC(C)=O)C(=O)N1CCN(C(=O)Nc2ccccc2Cl)CC1,0
O=C(CCCCn1c(=O)c2ccccc2n(CC(=O)Nc2ccccc2)c1=O)NCc1ccco1,0
Cc1ccc(-c2nc(C#N)c(NCc3cccc4c3OCO4)o2)cc1,0
CCCc1nnc(NC(=O)c2cccc(OC)c2)s1,0
CCOc1ccc(NC(=O)CCN2CCCCC2)cc1,0
O=C(C1CSC2(c3ccc(F)cc3)CCC(=O)N12)N1CCCCCC1,0
COc1cc(C2NC(=O)NC(C)=C2C(=O)Nc2cccc(C)c2C)cc(OC)c1OC,0
CC(C)n1cc(C(=O)N(CC(=O)NC2CCCC2)Cc2ccccc2)cn1,0
CCOC(=O)CN(C(=O)CSc1nnc(-c2ccc(OC)c(OC)c2)o1)c1ccccc1,0
CN(C)c1ccc(C(=O)c2ccccc2C(=O)O)c(O)c1,0
CCC1CCCCN1C(=O)CSc1nnc(-c2ccc(Cl)cc2)o1,0
CC1CC(C)CN(CCCNC(=O)c2ccc(CS(=O)(=O)Cc3ccccc3F)o2)C1,0
CCOC(=O)c1cnc2ccc(Br)cc2c1NCC(C)O,0
CC1(C)Cc2c(c(-c3ccco3)[nH]c(=O)c2C#N)CS1,0
CC(=O)c1c(C)nn(CCC(=O)O)c1C,0
Cc1ccc(C(=O)NC2CC3CCCC(C2)N3C(=O)NC2CCCCC2)cc1,0
CCCCOCC1CN(c2ccccc2)C(=O)CS1,0
CC(C)(C)n1nc2c(c1NC(=O)c1ccc(S(=O)(=O)N3CCCC3)cc1)CS(=O)C2,0
Cc1cc2cc(CCNC(=O)c3ccc(S(=O)(=O)N4CCOCC4)cc3)c(=O)[nH]c2cc1C,0
CCC(c1nnnn1Cc1cccs1)N1CCN(c2nc3ccccc3s2)CC1,0
O=C1CC(c2ccccc2)CC(=O)C1=CNCCCN1CCOCC1,0
Cc1cccc2cc(C(c3nnnn3CC3CCCO3)N3CCCc4ccccc43)c(=O)[nH]c12,0
COc1cccc(C2CC(C(F)(F)F)N3NC=C(C(=O)O)C3=N2)c1,0
COC(=O)c1cc2nc(-c3ccc(OC)c(OC)c3)cc(C(F)(F)F)n2n1,0
CC(=O)Nc1cccc(NC(=O)CSc2nnnn2C)c1,0
O=C(CCC(=O)CCN1CCCCC1)CCN1CCCCC1,0
Cc1nc2cncc(Br)c2n1C,0
CC1Oc2ccccc2N(CC(=O)c2cccc(Cl)c2)C1=O,0
CN(C)S(=O)(=O)c1ccc(C(=O)Nc2ccccc2OC(F)(F)C(F)F)cc1,0
CC(C)(C)OC(=O)N1CCCC1c1nnc(SCc2c(F)cccc2Cl)o1,0
O=C(NCC1CCCO1)c1cccc(Br)c1,0
O=C(Nc1nccs1)c1ccc(S(=O)(=O)N2CCCCC2)cc1,0
COc1ccc(-n2nc3c(c2NC(=O)c2ccc(Br)cc2)CS(=O)C3)cc1,0
O=C(O)C1C2C=CC(C2)C1C(=O)OCC1CCCO1,0
COc1ccc(-n2ncc3c(N4CCN(c5cc(C)ccc5C)CC4)ncnc32)cc1,0
N#CCCN1CCN(C(=S)c2ccc(-c3ccc(Cl)cc3)o2)CC1,0
CCn1cc(CNC(=O)C2C3CCC(C3)C2C(=O)O)cn1,0
C=CCN1C(=O)/C(=C2\SC(N3CCOCC3)=NC2=O)c2cc(Br)ccc21,0
CCCCc1nc(NCCNC(=O)c2ccco2)c(C#N)c2c1CSC(C)(C)C2,0
N#Cc1ccc(CSc2nnc(Cc3cccs3)n2Cc2ccco2)cc1,0
CCCOc1ccc(N2CC(C(=O)NC(C)C)CC2=O)cc1,0
O=C(CN1CCN(Cc2ccc3c(c2)OCO3)CC1)Nc1ccc2c(c1)OCCO2,0
O=C(O)CCC(=O)N1CCc2cc(S(=O)(=O)N3CCCCC3)ccc21,0
O=C(Nc1ccccc1Oc1ccccc1)C1CC1,0
C/N=C(\c1ccco1)n1c(=S)nc(-c2ccco2)n(C)c1=S,0
O=C(Cn1c(N2CCN(c3ccccc3)CC2)nc2ccccc21)c1ccccc1,0
COC(=O)C(O)(CC(=O)Nc1ccc(OC(F)(F)F)cc1)C(F)(F)F,0
CCOc1cccc(OCCOCCN2CCCC2)c1,0
COC(=O)c1ccc(CSc2nc(C(F)(F)F)c3c(c2C#N)CCC3)o1,0
CCCOc1ccc(C(=O)N2CCN(c3ccc(N)cc3Cl)CC2)cc1,0
COc1cccc(C2N(c3cccc(Cl)c3)C(=O)C3CCCN32)c1OC,0
CCOC(=O)N1CCN(S(=O)(=O)c2cccc3cccnc23)CC1,0
Cn1c(CNc2cccc(Cl)c2)nnc1SCC(=O)OC1CCCCC1,0
CCOc1ccc(N2CC(C(=O)Oc3ccccc3)CC2=O)cc1,0
CCCn1c(NCc2cccs2)nc2ccccc21,0
Cc1ccccc1OCc1nnc(SCC(=O)NCc2ccccc2)n1C,0
CCOc1ccccc1CNC(=O)CCN1C(=O)COc2ccccc21,0
CC1CCC(C(=O)NC(C(=O)NCCCN2CCOCC2)C(C)C)CC1,0
O=C(O)CSC1CC(=O)N(c2cccc(Cl)c2)C1=O,0
Cc1nc(SCC(=O)Nc2ccc(C)c(F)c2)c2oc3ccccc3c2n1,0
Cn1c(=O)c2c(SCC(N)=O)nc(CC(C)(C)C)nc2n(C)c1=O,0
O=C(CNS(=O)(=O)c1ccc(F)cc1)N1CCN(c2ccccc2)CC1,0
O=c1c2[nH]c3ccc(Br)cc3c2ncn1CCCn1ccnc1,0
Cc1occc1C(=O)NC(C)C(C)(C)C,0
CC12C(=O)N(Cc3ccccc3)C(=O)C1C1C=CC2C1,0
Cc1ccccc1CS(=O)(=O)CCC(=O)NCCCN1CCN(c2ccccc2F)CC1,0
CCCCC(OC(=O)c1cc2occc2n1C)C(=O)NCC1CCCO1,0
COc1ccc(S(=O)(=O)N2C3CCC2CC(NC(=O)Nc2ccccc2)C3)cc1,0
O=C(CSc1nnc(COc2cccc3cccnc23)o1)c1ccc(F)cc1,0
O=C(CN1C(=O)C2(OCCO2)c2ccccc21)c1ccc(Br)cc1,0
CCC(C)(C)NC(=O)C(c1cccn1C)N(C(=O)Cn1nnc2ccccc21)c1ccccc1OC,0
CCCC12CN3CC(C)(CN(C1)C3c1ccc3c(c1)OCO3)C2=O,0
CC(C(=O)NCc1ccccn1)N1C(=O)c2ccccc2C1=O,0
CS(=O)(=O)NC1c2cccc3cccc(c23)C1Sc1nncn1/N=C\c1ccco1,0
CCSc1nc(N)c(C#N)c(-c2ccccc2Cl)c1C#N,0
Cc1cccc(OCc2nnc(SCC(=O)N(C(C)C)C(C)C)n2Cc2ccco2)c1C,0
O=C(CSc1nnc(-c2ccc(NS(=O)(=O)c3ccccc3)cc2)o1)NCC1CCCO1,0
Cc1ocnc1C(=O)Nc1ccc(Cl)cc1,0
CN1Cc2cc(C(=O)c3cc(Cl)cc(CSc4ncccn4)c3O)cnc2NC1=O,0
CCn1c(SCC(=O)Nc2ccc(OC)c(OC)c2)nnc1-c1cccs1,0
O=c1c2ccccc2nnn1CSc1nnc(Nc2ccccc2)s1,0
COc1ccc(S(=O)(=O)N2CCC(n3cnc4cc(C(F)(F)F)ccc43)CC2)cc1,0
O=C(COc1ncnc2ccccc12)N1CCN(S(=O)(=O)c2ccccc2)CC1,0
O=C(c1ccco1)n1nc(NCc2ccccc2)nc1NCc1ccccc1,0
COc1ccc(CN(C)CC(=O)c2c(N)n(Cc3ccccc3)c(=O)n(C)c2=O)c(OC)c1,0
CCOC(=O)C1C(=O)N(C)C2(C)CC1c1cc(OC)ccc1O2,0
COCCN(CCOC)C(=O)c1cc2c(=O)n3ccccc3nc2s1,0
O=C(NCc1ccco1)C(NS(=O)(=O)c1cccc2nsnc12)c1ccccc1,0
CN(C)/C=C/C(=O)c1nnn(C2CCCCC2)c1NC1CCCCC1,0
Cc1nn(C)c(C)c1S(=O)(=O)N1CCC(C(=O)NC2CCCCC2)CC1,0
O=C(NCCN1CCOCC1)c1ccc(Cl)cc1,0
CCN1C(=O)c2ccccc2Sc2ccc(C(=O)N3CCC4(CC3)OCCO4)cc21,0
COc1ccc(CC(NC(C)=O)C(=O)NC2CCN(S(=O)(=O)c3ccccc3)CC2)cc1OC,0
CCCCOC(=O)Nc1nnc(-c2ccccc2OC)s1,0
CCOc1cc(C(=O)NCc2ccncc2)cc(OCC)c1OCC,0
Cn1c(=O)[nH]c(=O)c2c1nc(CN1CCN(c3ccc(F)cc3)CC1)n2CCCc1ccccc1,0
Cc1csc(NC(=O)CCNS(=O)(=O)c2ccc3c(c2)c(=O)n(C)c(=O)n3C)n1,0
Cc1ccccc1Oc1ccc(Oc2ccccc2C)nn1,0
O=C1CC(c2ccc(F)c(Br)c2)C2=C(CCCC2=O)N1,0
Nc1ccc2c(C(F)(F)F)cc(=O)oc2c1,0
O=C(NCc1ccc2c(c1)OCO2)c1cc(-n2cnnc2)ccc1Cl,0
O=C(Nc1ccccc1F)C1CCCN(S(=O)(=O)c2cccc3cccnc23)C1,0
CCCCOc1ccc(N(CC(=O)NC2CCCC2)C(=O)CCC(=O)Nc2ccccn2)cc1,0
CCOc1ncccc1C(=O)OCC(=O)Nc1ncc(C(F)(F)F)cc1Cl,0
Cn1nnc(NC(=O)CSc2ccc(Cl)cc2)n1,0
CN1CCN(/C(=N/S(=O)(=O)c2ccc(F)cc2)c2ccccc2)CC1,0
O=C1C2C(C(=O)N1Cc1cccnc1)C1C=CC2C12CC2,0
CCOC(=O)CSc1nc(CC)nc2ccccc12,0
CC(C)C(NC(=O)Nc1ccc(Oc2ccccc2)cc1)C(=O)O,0
C=CCOC(=O)C(C#N)c1nc2ccccc2nc1N1CCN(Cc2ccccc2)CC1,0
COc1cccc(-c2csc(NC(C)=O)n2)c1,0
CN(CC(=O)Nc1ccncc1)S(=O)(=O)c1ccc(Cl)cc1,0
CCC(c1nnc(SCC(=O)Nc2nnc(-c3ccccc3)o2)o1)N(C)C,0
Cc1ccc(C)c(NC(=O)CNS(=O)(=O)c2ccccc2)c1,0
CNC(=O)CSc1nnc(-c2ccco2)n1-c1ccccc1OC,0
O=C(NCc1ccco1)C1CCCCN1S(=O)(=O)c1ccc(F)cc1,0
FC(F)(F)c1cccc(N2Cc3ccccc3C2)c1,0
CC1(C)CC2(CCO1)OC(=O)CC2C(=O)NCCc1ccccc1,0
CC(=O)C1=C(O)C(=O)N(Cc2ccco2)C1c1ccccc1,0
COc1ccc(OC)c(C(c2nnnn2C2CCCC2)N2CCc3ccccc3C2)c1,0
O=C(Nc1ccccc1)N(CCCN1CCOCC1)Cc1cc2cc3c(cc2[nH]c1=O)OCCO3,0
COc1cc(C(Nc2ccccn2)c2ccc3ccc(C)nc3c2O)cc(OC)c1O,0
Cn1nnnc1SCC(=O)N1CCN(c2cccc(Cl)c2)CC1,0
CCN1CCN(C(c2cccs2)C(C)NC(=O)c2c(F)cccc2F)CC1,0
C=C(C)CSc1nnc(-c2cccc(Cl)c2)n1N,0
O=C(CCc1ccc(S(=O)(=O)N2CCOCC2)cc1)NCCc1ccccn1,0
C=CCn1c(Br)nc2c1c(=O)[nH]c(=O)n2C,0
O=C(NCc1cccnc1)c1ccc(COc2ccccc2Br)o1,0
FC(F)(F)c1cc(-c2ccco2)nc(N2CCOCC2)n1,0
COc1cccc(/C=N/n2c(SC)nnc2-c2ccccc2)c1OC,0
Cc1ccccc1-n1nc2c(c1NC(=O)c1ccc(Br)o1)CSC2,0
CCc1sc(C(=O)NCc2cc(C)n(C)n2)cc1Br,0
COc1cccc(C(=O)NCCC2=CCCCC2)c1OC,0
CC1=C(C(=O)Nc2ccccc2)C(c2ccc3c(c2)OCO3)C2=C(CCCC2=O)N1,0
C=C(C)C/N=c1\scc(C)n1/N=C/c1ccco1,0
O=C(Nc1cnc2ccccc2c1)C1COc2ccccc2O1,0
O=C(OCC(=O)c1c[nH]c2ccccc12)c1ccco1,0
COc1ccc(Cc2nnc(SCC(=O)NCCc3ccccc3)o2)cc1,0
O=C1OCCC1Sc1nc2cc(Cl)ccc2o1,0
CC(C)C1CC(=O)NC(SCC(=O)Nc2ccc(Br)cc2)=C1C#N,0
CC(C)CCN(C(=O)CNC(=O)c1ccco1)C(C(=O)NC1CCCCC1)c1ccco1,0
O=C(NCc1ccccc1)C1CC2CCCC(C1)C2=O,0
COC(=O)c1ccc(Cn2nc(C)c(Br)c2C)cc1,0
O=C1Nc2cc(C(=O)N3CCN(Cc4ccccc4)CC3)ccc2SC1N1CCOCC1,0
CC1=C(C(=O)Nc2ccccc2)C(c2ccco2)C(C#N)=C(SCC(=O)OC(C)C)N1,0
COCCNC(=O)c1cc(Br)ccc1Cl,0
Cc1ccnc(NC(=O)CSc2cc(=O)n(C)c3ccccc23)c1,0
Cc1noc(C)c1COC(=O)CN(C)S(=O)(=O)c1ccc(Cl)cc1,0
CC(NC(=O)CN1C(=O)COc2ccccc21)c1ccccc1,0
C=CCNC(C)=C1C(=O)CCC1=O,0
Cc1c(-n2c(SCC(=O)O)nnc2-c2ccccc2Cl)c(=O)n(-c2ccccc2)n1C,0
CC1=NC(C(F)(F)F)(C(F)(F)F)C2=C(CC(C)(C)CC2=O)N1Cc1ccco1,0
COc1cc(NC(=O)Cc2ccc(Cl)cc2)ccc1NC(=O)c1ccco1,0
COc1ccc(OC)c(N(CC(=O)NC2CC2)S(=O)(=O)c2ccc(C)cc2)c1,0
O=C(CCC(=O)N1CCN(c2ccccn2)CC1)Nc1nnc(C2CCCCC2)s1,0
O=C1CC(c2cccc(Br)c2)C2=C(CCCC2=O)N1,0
COC(=O)c1ccc(CSc2nc(-c3ccco3)cc(C(F)(F)F)n2)o1,0
O=C(CN1C(=O)c2ccccc2S1(=O)=O)NCc1ccccn1,0
CCOc1ccc(NC(=O)N(C2CCCCC2)C(C)c2ccncc2)cc1,0
C#CCN1C(=O)C(O)(CC(=O)c2ccc3c(c2)OCCO3)c2ccccc21,0
c1csc(-c2nc3ccccc3[nH]2)c1,0
COc1ccc(OCc2nnc3n2N=C(c2ccc(OC)cc2)CS3)cc1,0
CC1(C)CC(=O)c2cnc(NC(=O)CSc3nc4ccccc4o3)nc2C1,0
CCC(CC)c1nnc(NC(=O)c2c(-c3ccccc3)noc2C)s1,0
CCc1cc(=O)oc2cc(OCC(=O)N(CC)CC)c(Cl)cc12,0
Cc1nc2ccccc2c(=O)n1NC(=O)c1c(O)n(CC(C)C)c2c(c1=O)CCCC2,0
Cc1ccccc1C(=O)Nc1ccc(Cl)cn1,0
O=C(O)C1CC(=O)N(c2ccc(OCc3ccccc3Cl)cc2)C1,0
COc1ccc(-c2noc(Cc3cccs3)n2)cc1,0
CN1C(=O)NC(NC(=O)c2ccncc2)(C(F)(F)F)C1=O,0
C=C(C)Cn1c(SCC(=O)O)nc2c1c(=O)[nH]c(=O)n2C,0
CN1CCN(S(=O)(=O)c2ccc3ccccc3c2)CC1,0
CCCc1cc(=O)nc(Nc2ccc(OC)c(Cl)c2)[nH]1,0
N=c1c(S(=O)(=O)c2ccccc2)cc2c(=O)n3ccccc3nc2n1CC1CCCO1,0
Cn1c(CNc2nc3ccccc3n2CCN2CCCCC2)nc2ccccc21,0
Cn1c(-c2ccc(F)cc2)cnc1SCC(=O)NCc1ccco1,0
CCOc1cc(S(=O)(=O)NC2CC(C)(C)NC(C)(C)C2)ccc1F,0
CCOc1ccc(CN(Cc2ccco2)C(c2cccs2)c2nnnn2C(C)(C)C)cc1,0
CCOC(=O)Cn1c(S(=O)(=O)Cc2ccccc2)nc2ccccc21,0
COc1ccccc1N(CC(=O)Nc1ccc(F)c(F)c1)S(C)(=O)=O,0
CCOc1ccc(-c2nc(C#N)c(NCc3ccc4c(c3)OCO4)o2)cc1,0
CC(=O)OC(C(=O)NC1CCCCC1)c1ccccc1,0
CC(C)C(NC(=O)c1ccc(S(=O)(=O)N2CCOCC2)cc1)c1nc2ccccc2[nH]1,0
COC(=O)c1[nH]c2ccc(C)cc2c1NC(=O)CN1CCc2cc(OC)c(OC)cc2C1,0
N#CCCN(C(=O)CSc1ccc2c(c1)OCCO2)c1ccccc1,0
CCn1cc(C(=O)NCc2ccccn2)c(=O)c2cc(S(=O)(=O)N3CCCCC3)ccc21,0
O=c1cc(NCC2CCCO2)[nH]c(=O)n1-c1ccc(Cl)cc1,0
COc1ccc(Br)cc1C(=O)Nc1nnn(C)n1,0
O=C(Cc1ccc(Br)cc1)c1ccc(O)cc1O,0
CCOC(=O)C(NC(=O)c1ccccc1)(Nc1cc(C)on1)C(F)(F)F,0
CC(C)OC(=O)CSc1nnc(Cc2ccccc2)n1C,0
Cn1c(SCC(=O)Nc2ccccc2-c2ccccc2)nnc1-c1ccco1,0
COc1cccc2c1OC1(C)CC2NC(=O)N1c1cccc(C(=O)N2CCN(c3ccccn3)CC2)c1,0
CC(C)NC(=O)c1cnc(N2CCN(c3ccccn3)CC2)c2ccccc12,0
O=C(Nc1cccnc1)c1c(F)c(F)c(F)c(F)c1F,0
COc1cccc(NC(=O)C2CC(=O)n3cnnc3S2)c1,0
COC(=O)n1c(SC)nc2ccccc21,0
Cc1cc(OCC(=O)Nc2ccc3c(c2)OCCO3)ccc1Cl,0
COCC(=O)Nc1ccc(S(=O)(=O)NCCc2ccccc2)cc1,0
O=C(CN1C(=O)C2C3C=CC(C3)C2C1=O)N1CCc2ccccc2C1,0
COc1ccc(-n2c(SCC(=O)Nc3cc(C)on3)nc3c(c2=O)SCC3)cc1,0
CCC(Sc1ncccc1C(=O)OCCN1CCCC1=O)C(=O)NCc1ccco1,0
O=C(Cn1ncc2c(=O)oc3ccccc3c21)N1CCCN(Cc2ccccc2F)C1,0
Clc1cccc(CN2CCCCC2c2cccnc2)c1,0
C=CCn1c(COc2cccc3cccnc23)nnc1SCC(=O)O,0
Cc1ncsc1C(=O)Nc1nc2c(s1)CC(C)CC2,0
CCOC(=O)CSc1nnc(CNC(=O)c2ccc(OC)c(OC)c2)n1C,0
CC1CCCC(NC(=O)CCn2c(=O)oc3ccccc32)C1C,0
COc1cc(NC(=O)CN(c2ccc(C)cc2)S(=O)(=O)c2c(C)n[nH]c2C)cc(OC)c1,0
CCCS(=O)(=O)n1nc(-c2ccc(OC)cc2OC)cc1N,0
CCN(CC)S(=O)(=O)c1ccc(NC(=O)c2ccccn2)cc1,0
CCOC(=O)c1ccc2nc3c(cc2c1)CCS3,0
COc1ccc(CCNC(=O)CSc2nnnn2Cc2ccc3c(c2)OCO3)cc1OC,0
COc1ccc(OC(=O)CCCN2C(=O)c3ccccc3C2=O)cc1,0
COc1ccc(OC)c(C2C(C(=O)O)c3ccccc3C(=O)N2C)c1,0
O=C(CN(CC1CCCO1)C(=O)CCC(=O)Nc1nccs1)NCc1ccc2c(c1)OCO2,0
COc1ccccc1N1CCN(C(=O)CN(Cc2ccc(Cl)cc2)S(C)(=O)=O)CC1,0
COc1ccccc1Nc1nc2ccccc2[nH]1,0
Cc1c(Cl)cccc1NC(=O)CSc1nnc(C)n1-c1ccccc1,0
COc1ccccc1C1C(C(=O)c2sc(C)nc2C)=C(O)C(=O)N1CCN1CCOCC1,0
CN(CCNC(=O)CCNC(=O)Cn1ccc2ccccc2c1=O)Cc1ccccc1,0
COCCn1c(SCC(=O)N2CCCCC2)nc2cccnc21,0
COC(=O)C1=C(N)Oc2cc(C)oc(=O)c2C1c1ccncc1,0
O=C(OCC(=O)c1ccc(S(=O)(=O)N2CCCC2)cc1)C1=COCCO1,0
CCCC(=O)OCC(=O)Nc1cc(C(C)(C)C)nn1-c1ccccc1,0
CCn1c(SCC(=O)c2cc(OC)ccc2OC)nnc1C(C)C,0
CCOc1ccc(NC(=O)N(CCC(C)C)C(C)c2ccco2)cc1,0
CCOC(=O)Nc1ccc(S(=O)(=O)NCCCN2CCOCC2)cc1,0
CS(=O)(=O)N1CCN(c2ccccc2NC(=O)c2ccc(Cl)cc2)CC1,0
CC1CCN(CC(=O)NCc2ccccc2)CC1,0
COc1cccc(NC(=O)CSc2nc3c(c(-c4ccco4)c2C#N)CCCC3)c1,0
Cc1noc(C)c1COC(=O)CCCc1c[nH]c2ccccc12,0
O=C(NCCN1CCN(c2ccccc2)CC1)c1ccc(NC(=O)C2CCCO2)cc1,0
CCc1nc(OCc2ccco2)c2sc3nc4c(cc3c2n1)COC(C)(C)C4,0
COc1ccc(S(=O)(=O)Nc2ccc(Cl)cn2)c(C)c1C,0
Cn1c(=O)c2c(nc(N3CCOCC3)n2CC(=O)c2ccccc2)n(C)c1=O,0
CC(C)C1OC(NC(=O)Nc2ccc(Cl)c(Cl)c2)=NC1=O,0
O=c1cc[nH]c2c(C(F)(F)F)cccc12,0
Cc1[nH]n(-c2ccccc2)c2nc(=O)c(CNc3ccc4c(c3)OCCO4)cc1-2,0
O=C(CSc1nnc(-c2ccccc2Br)o1)N1CCc2ccccc2C1,0
O=C(c1csc(Nc2ccccc2Cl)n1)N1CCCC1,0
CCOc1ccccc1N1CCN(C(=O)Nc2cccc(Cl)c2)CC1,0
CC(=O)c1ccc(OC(C)C)c(CSc2nc(O)cc(=O)[nH]2)c1,0
Cc1cc(=O)nc(SCc2cccc(Br)c2)[nH]1,0
O=C(CN(c1ccc2c(c1)OCCO2)S(=O)(=O)c1ccccc1)NCc1ccco1,0
Cc1cccc(N2CCN(C(=O)c3ccc(N4CCCC4=O)cc3)CC2)c1C,0
Cc1cc(C)c(C#N)c(SCC(=O)Nc2nnc(-c3ccccc3)s2)n1,0
Cc1ccc(N2C(=O)C3C(C2=O)C2c4ccccc4C=CN2C3C(=O)c2ccco2)cc1,0
CN1CCN(S(=O)(=O)c2ccc(-c3ccc(S(=O)(=O)N4CCN(C)CC4)cc3)cc2)CC1,0
Cc1ccc(C(=O)Nc2ccc(S(=O)(=O)N3CCc4ccccc4C3)cc2)o1,0
Cc1c(C(=O)N2CCN(CCc3ccccc3)CC2)oc2ccccc12,0
Cc1csc(NC(=O)Nc2ccc(Cl)cc2)n1,0
Cc1ccn2cc(-c3ccc(S(=O)(=O)N4CCOCC4)cc3)nc2c1,0
CCOC(=O)CC1C(=O)NC2CCCCC2N1C(=O)Nc1ccc(Cl)cc1,0
CCOC(=O)c1c(C)oc2c1c(C(c1cccnc1)N1CCN(C)CC1)c(O)c1ccccc12,0
COc1ccc(N2CCN(C(CNC(=O)Oc3ccccc3)c3cccnc3)CC2)cc1,0
Cc1ccccc1Cn1c(=O)[nH]c2ccccc21,0
Cn1c(=O)c2c(nc(CN3CCc4ccccc4C3)n2CC(=O)c2ccccc2)n(C)c1=O,0
O=C(O)c1ccccc1NS(=O)(=O)c1cccc2cccnc12,0
O=C(c1ccco1)N1CCN(C(=O)C2CCCN(S(=O)(=O)Cc3ccccc3)C2)CC1,0
CCn1c2ccccc2c2nnc(SCc3ccc(C(=O)OC)o3)nc21,0
Cc1ccc(NC(=O)CS(=O)(=O)c2cn(C)c3ccccc23)c(C)c1,0
CC(NC(=O)c1noc2c1CCCC2)c1ccccc1,0
CCOC(=O)c1[nH]c(C)c(C(=O)Nc2cc(Cl)ccc2C)c1C,0
O=C(NCc1ccco1)c1c2c(nc3ccccc13)CCC2,0
COC(=O)c1ccc(Cl)c(NC(=O)NC2CCCCC2)c1,0
CCCC(=O)Nc1ccc(Cl)c(NC(=O)c2ccc(Br)o2)c1,0
COc1cc2c(cc1NC(=O)c1ccco1)CCCC2,0
Cc1cc2cc(C)c3nnc(SCC(=O)NCc4ccco4)n3c2cc1C,0
O=S(=O)(Cc1ccccc1)N1CCN(C/C=C/c2ccccc2)CC1,0
COc1ccc2[nH]cc(C(O)CN3CCN(c4ccccc4)CC3)c2c1,0
CCC(Oc1ccccc1)C(=O)NCc1cccnc1,0
Cc1ccnc(NS(=O)(=O)c2ccc(NC(=O)C3CCCO3)cc2)n1,0
CN(C(=O)c1ccc(Cl)cc1)C1=CCCCC1CCC#N,0
COc1ccc(NC(=O)CSc2nnc(CNC(=O)c3ccco3)n2-c2ccccc2OC)cc1,0
COC(=O)c1ccc(OC(=O)c2ccc(OC)c(OC)c2)c(OC)c1,0
Cc1ccc(OCCC(=O)OCC(=O)Nc2ccc(Cl)cn2)cc1,0
O=c1[nH]c2cc3c(cc2cc1CN(Cc1cccs1)Cc1nnnn1Cc1ccco1)OCCO3,0
O=C(Nc1ccc(Cl)cn1)c1ccc(COCC(F)(F)C(F)F)o1,0
CCN(CCCNC(=O)CCCCn1c(=O)[nH]c2ccccc2c1=O)c1ccccc1,0
CCOc1ccccc1-c1nnc(SCC(=O)Nc2ccccc2)o1,0
Nc1nnc(-c2ccc(F)cc2)s1,0
CCC1(C(=O)OC)NC(c2cccc(F)c2)C2C(=O)N(C)C(=O)C21,0
O=C(Nc1ccccn1)c1cccc(S(=O)(=O)N2CCCCC2)c1,0
c1nc(NC2CCCCCC2)c2[nH]cnc2n1,0
Cc1cc(NC(=O)COC(=O)c2c(C)nn(Cc3ccccc3Cl)c2Cl)no1,0
CCOC(=O)C1CCCN(C(=O)c2ccccc2Oc2ccccc2)C1,0
O=C1CCCC2=C1C(O)(C(F)(F)F)C(=O)N2Cc1ccccc1,0
O=C(Nc1cc(C(F)(F)F)ccc1N1CCOCC1)c1ccco1,0
Cc1cc(C)cc(-n2nnc(C(=O)NCc3ccc4c(c3)OCO4)c2N)c1,0
Cc1c(N2C(=O)C(C)SC23C(=O)Nc2ccccc23)c(=O)n(-c2ccccc2)n1C,0
CCNc1ccc(S(=O)(=O)C(F)(F)F)cc1NC(=O)C12CCC(CC1)C2,0
Cc1nnc(SCC2CCCO2)n1-c1ccccc1,0
CC(C)(C)C1CCc2[nH]nc(C(=O)O)c2C1,0
CC(=O)c1c(C)[nH]c(C(=O)N2CCc3ccccc3C2)c1C,0
O=C(CN1CCC(C(=O)c2ccc(Cl)cc2)CC1)Nc1ccc2c(c1)OCCO2,0
O=C(NC1CCS(=O)(=O)C1)c1cn(-c2ccccc2)nc1-c1ccccc1,0
O=C1c2ccccc2C(=O)N1CCc1nc(-c2ccccn2)no1,0
CCCCC(=O)Nc1cccc(NC(=O)c2ccc3c(c2)OCO3)c1,0
Cc1ccc2nc(C(F)(F)F)c(C#N)c(N)c2c1,0
S=c1[nH]ncn1/N=C/c1ccc(Br)cc1,0
COc1ccc(N2CCN(C(CNC(=O)c3ccc4c(c3)OCO4)c3cccnc3)CC2)cc1,0
CCC1(C)Cc2c(sc3[nH]c(=O)[nH]c(=O)c23)CS1,0
COC(=O)c1oc2nc(C)cc(C)c2c1N,0
Cc1cc(NC(=O)c2cc(-c3ccco3)on2)nn1Cc1ccc(Cl)cc1,0
Cc1cccc(NS(=O)(=O)c2ccc(Oc3ccccc3)cc2)n1,0
COC(=O)c1ccc(C2NC(=O)NC(C)=C2C(=O)N(C)C)cc1,0
CCN1C2=C(C(=O)CCC2)C(c2ccc(O)c(Br)c2)C2=C1CCCC2=O,0
COc1ccc(C2CC(=O)c3c(C)nc(N4CCN(Cc5ccccc5)CC4)nc3C2)cc1OC,0
Cc1ccc(NC(=O)CSc2nnc(NC(=O)CN3CCOCC3)s2)cc1,0
COC(=O)c1cc2nc(-c3ccc(OC)cc3)cc(C(F)(F)F)n2n1,0
O=C1CCCc2c1cc(C(=O)NC1CCSC1=O)c(=O)n2-c1ccccc1,0
Cc1ccc(C)n1CCN1CCN(C(=O)c2ccco2)CC1,0
Nc1ccc(C(=O)O)c(O)c1,0
COc1cc(C(=O)N2CCC(C(=O)Nc3cccc(C(C)=O)c3)CC2)cc(OC)c1OC,0
Cc1nc(N2CCN(Cc3ccccc3)CC2)c(C#N)c2c1COC(C)(C)C2,0
O=C(CSc1cn(Cc2ccccc2)c2ccccc12)Nc1nccs1,0
COc1ccc(-c2csc3ncnc(NCCN4CCOCC4)c23)cc1,0
CCOc1ccc(OCC)c(NS(=O)(=O)c2ccc3c(c2)n(C)c(=O)c(=O)n3C)c1,0
O=C1c2ccccc2C(=O)N1c1ccc(S(=O)(=O)N2CCN(c3ccccc3)CC2)cc1,0
Cc1cc(NC(=O)c2ccc(Cn3nc(C)c(Br)c3C)o2)no1,0
COc1ccc(OC)c(NC(=O)Cn2cc(C#N)c3cc(Br)ccc32)c1,0
C=CCOc1ccc(C2NC(=O)NC(C)=C2C(=O)OC)cc1,0
c1coc(CSCc2cn3cccnc3n2)c1,0
N#Cc1nc(COc2ccc(Cl)cc2)oc1N1CCCCCC1,0
CC1(C)CC(=O)C(=CNc2ccc3[nH]ncc3c2)C(=O)C1,0
Cc1nc2ccc(S(=O)(=O)NCC(=O)N3CCC(C)CC3)cc2s1,0
CCOC(=O)C(C)(C)Sc1nc2n(-c3ccc(C)cc3)[nH]cc-2c(=O)n1,0
CCOc1ccc(N2C(=O)c3cccnc3C2Nc2ccc(Cl)cc2)cc1,0
Cc1[nH]c(SCc2cccc(F)c2)nc(=O)c1C#N,0
COc1ccc(N2CCN(c3oc(-c4ccccc4OC)nc3C#N)CC2)cc1,0
CC1(C)SC2c3ccccc3C(=O)N2C1C(=O)NCc1ccco1,0
COc1ccccc1-c1nc(C(F)(F)F)c(OC)o1,0
NC(=O)c1cc(Br)cc2c3c([nH]c12)CCCC3,0
COc1ccccc1N1CCN(C(CNC(=O)Oc2ccccc2)c2cccnc2)CC1,0
Cc1c(NS(=O)(=O)c2ccc3c(c2)n(C)c(=O)n3C)c(=O)n(-c2ccccc2)n1C,0
COc1ccc(C(=O)NCC2OCCc3ccccc32)c(O)c1,0
Cc1occc1C(=O)NC(C)C1CCCO1,0
CN(CC(=O)NCCN1CCN(Cc2ccccc2)CC1)S(=O)(=O)c1cccc2nsnc12,0
CSc1nc2c(c(=O)[nH]c(=O)n2C)n1C/C=C(\C)Cl,0
Cc1cc(O)c(NC(=O)c2ccc(Br)o2)cc1C,0
Cc1ccc(C(C(=O)NCc2ccco2)N(C(=O)Cn2nnc3ccccc32)c2ccccc2)o1,0
COc1ccc(NC(=O)C2CCC(C)(C(=O)O)C2(C)C)cc1,0
O=C(CSc1nnc2scc(-c3ccccc3)n12)N1CCN(Cc2ccccc2)CC1,0
Brc1ccc(-c2nn3c(Cc4ccccc4)nnc3s2)o1,0
Clc1ccc(-c2nc(NCCN3CCOCC3)c3ccccc3n2)cc1,0
Cc1c(C(=O)N2CCN(Cc3ccccc3)CC2)sc2ncnc(N3CCOCC3)c12,0
Cn1c(=O)c2c(nc(NCCCO)n2CCc2ccccc2)n(C)c1=O,0
Cc1oncc1C(=O)Nc1ccc(C(F)(F)F)cc1,0
Cc1ccc(-n2[nH]cc3c(=O)nc(SCC(=O)N4CCOCC4)nc2-3)cc1,0
COc1ccc(OC)c(NC(=O)Cn2c(=O)oc3ccccc32)c1,0
CSc1nc(N)c(C#N)c(-c2ccc(Cl)cc2)c1C#N,0
CN(C)c1cccc(-c2nnc(SCCCC#N)o2)c1,0
CCOC(=O)C1CCCN(C(=O)COC(=O)C2=COCCO2)C1,0
O=C(c1ccc(Cl)s1)N1CCN(c2ccccc2)CC1,0
Clc1ccc(CSc2nnc(-c3ccncc3)o2)c(Cl)c1,0
COc1ccc(-c2cc(C(F)(F)F)nc(SCC(=O)N3CCOCC3)n2)cc1OC,0
CCN1C(=O)CC(C(=O)Nc2ccc(C(=O)O)cc2)S/C1=N\c1ccccc1OC,0
CCC(C)(C)n1nnnc1C(c1cccc(C#N)c1)N1CCN(c2cccc(C)c2C)CC1,0
COc1ccc(Nc2nc3ccccc3c(=O)s2)c(OC)c1,0
O=C(CCC(=O)OCC(=O)c1ccccc1)NC1CCCCC1,0
CCCCN1C(=O)C(O)(CC(=O)c2ccccc2OC)c2ccccc21,0
O=c1ccc2ccc(OCc3nnc(-c4ccccc4Br)o3)cc2o1,0
COc1ccc(S(=O)(=O)N2CCCC(C(=O)NCc3ccncc3)C2)cc1Cl,0
CCCCOc1cccc(C(=O)N(Cc2cccs2)C2CCS(=O)(=O)C2)c1,0
CCc1ccccc1OCC(=O)Nc1ccc(S(N)(=O)=O)cc1,0
CC(O)CN1C(=O)C(CC(=O)Nc2ccc(Cl)cc2)S/C1=N\c1ccccc1,0
CN(C)Cc1c(O)ccc2occ(C(O)c3ccccc3)c12,0
CCNC(=O)CCC(=O)Nc1cc(Cl)ccc1C,0
COc1ccc(CCNC(=O)C2CCN(S(=O)(=O)c3cccc4nsnc34)CC2)cc1OC,0
CC(C)(C)NC(=O)NC(=O)Cn1cc(C(F)(F)F)ccc1=O,0
Cc1ccc(Cl)cc1N1CCN(C(=O)c2ccc(NS(=O)(=O)c3c(C)noc3C)cc2)CC1,0
COc1ccc(C(=O)Nc2cccc(C(C)=O)c2)cc1OC,0
COc1ccc(S(=O)(=O)N2CCOCC2)cc1C(=O)Nc1ccon1,0
Cc1nn(Cc2ccc(C(=O)NC3CCCCC3)o2)c(C)c1Br,0
O=C(c1cccc(F)c1)N1CCN(S(=O)(=O)c2ccc(C(F)(F)F)cc2)CC1,0
CC(=O)c1cccc(S(=O)(=O)N2CCCC(c3nc(-c4ccc(C)o4)no3)C2)c1,0
O=C1CC(c2ccccc2)CC(=O)C1=CNCCN1CCOCC1,0
O=C(O)C1C2C=CC3(CN(Cc4ccccn4)C(=O)C13)O2,0
Cc1ccc(C)c(N(CC(=O)NCCSCc2ccco2)S(C)(=O)=O)c1,0
O=c1c2c([nH]c3ccc(Br)cc13)CCCC2,0
COCCn1c(SCC(=O)N2CCC(C)CC2)nc2ccccc2c1=O,0
COc1ccc(Cl)cc1S(=O)(=O)N1CCN=C1C,0
CN(CC(O)COc1ccc(OCC(O)CN(C)C2CCCCC2)cc1)C1CCCCC1,0
c1coc(-c2nnc(-c3ccc4c(c3)OCO4)o2)c1,0
O=S(=O)(Cc1ccccc1Cl)N1CCN(Cc2ccc3c(c2)OCO3)CC1,0
CC1Cc2ccccc2N1C(=O)Cn1nnc(-c2ccccc2NC(=O)C2CCC2)n1,0
CCOC(=O)C1CCCN(CCC(=O)Nc2c(C(=O)OC)[nH]c3cc(OC)ccc23)C1,0
Cc1ccc(-c2nc(COC(=O)c3c(C)noc3C)cs2)cc1,0
CC(C)NCc1c(O)c(Br)cc2oc3c(c12)CCCC3,0
O=C(NCc1ccc(Cl)cc1)c1noc2c1CCCCC2,0
COc1cc(C(=O)N(C)c2nnc(-c3cccnc3)s2)cc(OC)c1OC,0
Cc1oc(-c2ccc(Cl)cc2)nc1CN1CCC(C(=O)NCc2ccco2)CC1,0
COc1ccc(N2CCN(C(=O)C3CCC(Cn4c(=S)[nH]c5ccccc5c4=O)CC3)CC2)cc1,0
CC1(C)CN=C(Nc2ccc(F)c(F)c2)S1,0
O=c1cc(CN2CCN(C/C=C/c3ccccc3)CC2)c2cc(O)ccc2o1,0
CCC(C)C(NC(=O)NCc1ccccc1Cl)C(=O)OC,0
CCOC(=O)c1c(C)[nH]c(C(=O)NCc2ccccc2OC)c1C,0
COC(=O)c1cnn(C(=O)c2cc(OC)ccc2Br)c1N,0
N#Cc1nc(Cc2cccc3ccccc23)oc1NCc1ccc2c(c1)OCO2,0
COc1ccc(C(=O)N2CCN(c3cccc(Cl)c3)CC2)c(OC)c1,0
Cc1c(C(=O)OC2CCCC2C)[nH]c2c1C(=O)CCC2,0
Cc1nn(Cc2ccccc2)c2sc(C(=O)NCc3cccnc3)cc12,0
COC(=O)c1ccc(CSc2nc3ccccc3o2)cc1,0
COc1ccc(OC)c(S(=O)(=O)Nc2c(F)cccc2F)c1,0
CC(=O)Nc1ccc(NC(=O)CN(c2ccccc2Cl)S(C)(=O)=O)cc1,0
O=C(Nc1ccccc1)C1=C(N2CCOCC2)/C(=C/c2cccnc2)CC1,0
COc1ccc(C(=O)NCC(C)CN(C)C)cc1,0
CC(C)(C)NC(=O)c1ccc2c(c1)C(=O)N(C1CCCCC1)C2=O,0
O=C(CN1CCN(C(c2ccccc2)c2ccccc2)CC1)NC(=O)NCc1ccco1,0
CCc1nc2c(sc3nc4c(cc32)COC(C)(C)C4)c(=O)n1Cc1ccco1,0
COc1ccc(C(CNC(=O)c2cc(=O)[nH]c3ccccc23)N2CCCC2)cc1,0
Cc1ccc(S(=O)(=O)Nc2ccc3c(c2)nc2n3CCN(Cc3ccccc3)C2)cc1,0
FC(F)(F)c1cc(-c2ccco2)nc(NCc2ccccc2)n1,0
O=C(CSc1nc(-c2ccco2)cc(C(F)(F)F)n1)Nc1ccc2c(c1)OCO2,0
COc1ccc(-c2nc(CN3CCC(C(=O)NC(C)C)CC3)c(C)o2)cc1OC,0
CC1(C)NC(=O)N(CC(O)CN(Cc2ccccc2)Cc2ccccc2)C1=O,0
O=C(CCC(=O)c1cccs1)NCc1ccccc1,0
FC(F)(F)c1cc(-c2ccco2)nc(-n2cnc3ccccc32)n1,0
c1cncc(-c2nnc(SCCSc3nnc(-c4cccnc4)o3)o2)c1,0
CCCCOC(=O)c1ccc(NC(=O)C2CCCO2)cc1,0
CC(C)(C)NC(=O)CSc1nnc(-c2ccco2)n1Cc1ccco1,0
COc1ccccc1NC(=O)N1CCCC1C(=O)NC1CCCCC1,0
COc1ccccc1CN1C(=O)C2CC=CCC2C1=O,0
Cc1c(NC(=O)CN2c3cccc4cccc(c34)S2(=O)=O)c(=O)n(-c2ccccc2)n1C,0
C/N=c1\oc2ccc(Cl)cc2cc1C(N)=O,0
CCCCn1c(SCC(=O)Nc2nnc(C)s2)nnc1-c1ccoc1C,0
Cc1ccc(C(=O)c2coc3ccc(O)c(CN4CCN(C)CC4)c23)cc1,0
CC(C)n1c(SCCCc2ccccc2)nc2c1c(=O)[nH]c(=O)n2C,0
O=C1NC2(CCCC2)N=C1c1ccc(Cl)cc1,0
COc1ccc(S(=O)(=O)N2CCC(C(=O)NCCC3=CCCCC3)CC2)cc1OC,0
O=C(CN1CCC(n2nnc3cc(F)ccc32)CC1)N1CCc2ccccc2C1,0
CCOc1ccc(N(CCC#N)S(=O)(=O)c2ccc(OC)cc2)cc1,0
O=C(COc1ccc(Br)cc1Cl)N1CCCC1,0
FC(F)(F)C12CC(c3ccccc3)=NCCN1CCN2,0
COc1cccc2cc(C(=O)C3=C(O)C(=O)N(CCN4CCOCC4)C3c3cccs3)oc12,0
COc1ccc(C(=O)CSc2nc3nc(C)cc(C)n3n2)cc1OC,0
Cc1ccsc1C(=O)OCC(=O)N1CCOCC1,0
CCN1/C(=N/c2ccc(Cl)cc2)SC/C1=C\C(=O)OC,0
COc1ccc(C(=O)NCCSc2ccccn2)cc1,0
O=C(Nc1nccs1)C1(S(=O)(=O)c2ccc(Cl)cc2)CC1,0
O=S(=O)(c1ccc(OCC(O)CN2CCN(c3ccccc3O)CC2)cc1)N1CCOCC1,0
CCOc1ccc(Cc2nnc(SCC(=O)c3ccc(OC)cc3)o2)cc1,0
O=C(NCc1ccc2c(c1)OCO2)C1CCN(C(=O)Nc2ccc(Cl)cc2)CC1,0
O=C(Nc1ccc2c(c1)OCCO2)C1CCCN(S(=O)(=O)Cc2ccccc2)C1,0
O=C(Cn1c(SCC(=O)NC2CCCC2)nnc1-c1ccncc1)Nc1ccc2c(c1)OCO2,0
NC(=O)C1CCN(C(=O)c2ccc(C(F)(F)F)cc2)CC1,0
COc1ccccc1N1CCN(C(CNC(=O)c2ccc3c(c2)OCO3)c2cccnc2)CC1,0
CCOC(=O)CSC1=C(C#N)C(c2ccc(Cl)cc2)CC(=O)N1,0
CCNC(=O)CC1S/C(=N\c2cccc(Cl)c2C)N(C)C1=O,0
CCCN(CCC)C1CC(=O)N(Cc2ccccc2)C1=O,0
COc1cccc(C(=O)N(CN2CCCC2=O)c2cccc(Cl)c2)c1,0
Cc1ccc(N(CC(=O)NCc2ccc3c(c2)OCO3)S(C)(=O)=O)cc1,0
O=C(c1csc2ccccc12)n1cccn1,0
COc1ccc(-n2cnc3c(sc4nccc(N(C)C)c43)c2=O)cc1,0
Cn1c(=O)n(Cc2ccco2)c(=N)c2c3c(sc21)CCC3,0
O=C(C1=C(O)C(=O)N(CCCN2CCOCC2)C1c1ccccn1)c1cccs1,0
CC(C)NC(=O)c1ccccc1NC(=O)c1ccccc1N(C)S(C)(=O)=O,0
COc1ccc(CCNC(=O)CN2CCCc3ccccc32)cc1OC,0
COc1ccc(NC(=O)COc2ccccc2)c(OC)c1,0
COc1ccc(CN(Cc2cc3cccc(C)c3[nH]c2=O)C(=O)N(C)C)cc1,0
CS(=O)(=O)N(CC(=O)N1CCCC1)c1ccc(OCc2ccccc2)cc1,0
O=C(Cc1c(F)cccc1Cl)Nc1ccon1,0
COc1cccc(-n2c(SCc3c(C)noc3C)nnc2-c2cccc(S(=O)(=O)N(C)C)c2)c1,0
CCOc1ccc(-n2cc(C(=O)Nc3cccc(C)n3)c3cc(OC)c(OC)cc3c2=O)cc1,0
O=C(NCc1ccc2c(c1)OCO2)C(c1ccco1)N(C(=O)c1csnn1)c1ccccc1,0
CCCc1nc(SCC(=O)N2CCCC2)c2ccccc2n1,0
COc1cc(NC(=O)Nc2cccc(Cl)c2)c(OC)cc1NC(=O)CN1CCCCC1,0
Cc1sc2nc(C(C)Nc3ccccc3N3CCOCC3)[nH]c(=O)c2c1C,0
O=C(NCc1ccc2c(c1)OCO2)C1CCCN(S(=O)(=O)c2cccc3nonc23)C1,0
CCCc1nnc(NC(=O)CCN2C(=O)c3ccccc3C2=O)s1,0
CCOC(=O)CSC1=Nc2ccccc2C2=NC(CC(=O)NCc3ccc4c(c3)OCO4)C(=O)N12,0
COc1nc2ccccc2cc1-c1noc(-c2cccnc2)n1,0
Cc1ccc(C(=O)Nc2c(C(=O)NCc3ccco3)cnn2-c2ccccc2)cc1,0
CCOC(=O)c1c(CN2CCOCC2)n(-c2ccccc2)c2ccc(O)cc12,0
COc1ccc(Cl)cc1NC(=O)CCn1cnc2ccccc2c1=O,0
CSC1=C(C#N)C(c2ccc(Cl)cc2)C2=C(CC(C)(C)CC2=O)N1,0
CC1CCN(CC(=O)Nc2sc3c(c2C#N)CCC3)CC1,0
N#Cc1ccc(-c2nnnn2-c2ccc3c(c2)OCO3)cc1,0
CCCc1[nH]nc2c1C1(CCN(C(=O)OCc3ccccc3)CC1)C(C#N)=C(N)O2,0
O=C(NCc1ccccn1)c1ccc(=O)oc1,0
NS(=O)(=O)c1ccc(CCNC(=O)NC2(C(F)(F)F)Oc3ccccc3O2)cc1,0
O=C(CSc1nnnn1C1CCCCC1)NCc1ccco1,0
N#Cc1ccc2ccn(CC(=O)NC3CCCCCC3)c2c1,0
O=S(=O)(c1cccc(-c2cn3cccnc3n2)c1)N1CCOCC1,0
COc1ccccc1N(CC(=O)NCc1ccccn1)S(C)(=O)=O,0
Cn1c(=O)cc(OCC(=O)N2CCCc3ccccc32)c2ccccc21,0
Cc1ccc(C)c(N2CCN(C(=O)c3ccc(Cn4c(=O)[nH]c5ccccc5c4=O)cc3)CC2)c1,0
Cc1cc(=O)nc(N2CCN(C(c3ccccc3)c3ccccc3)CC2)[nH]1,0
Cc1n[nH]c(C)c1S(=O)(=O)N1CCN(C(=O)c2ccco2)CC1,0
O=C(CN1CCN(S(=O)(=O)c2ccc(Br)cc2)CC1)Nc1ccc2c(c1)OCCO2,0
Cc1[nH]n(-c2ccccc2)c2nc(=O)c(CNc3ccc(N4CCOCC4)cc3)cc1-2,0
COc1ccc(C(CNC(=O)COc2ccccc2C#N)N2CCOCC2)cc1,0
Cn1c(=O)[nH]c(=O)c2c1nc(Sc1ccccc1)n2CCc1ccccc1,0
CC(C)CNc1cc(Cl)c(S(=O)(=O)NCC(C)C)cc1C(=O)O,0
COC(=O)c1cc2oc3ccccc3c2n1Cc1ccccn1,0
COc1cccc(CNC(=O)C2CCN(S(=O)(=O)N3CC(C)CC(C)C3)CC2)c1,0
CC(NC(=O)COc1ccccc1)C1COc2ccccc2O1,0
CCCC1(CCC)NC(=O)N(CC(=O)Nc2ccccc2OC)C1=O,0
O=C(c1ccc(Cn2c(=O)[nH]c3ccccc3c2=O)cc1)N1CCN(c2ccccn2)CC1,0
Cc1occc1C(=O)Nc1nnc(C2CCCCC2)s1,0
Cc1cc(NC(=O)C2COc3ccccc3O2)no1,0
CC(=O)Cc1nsc(NC(=O)c2ccc(-c3ccccc3Cl)o2)n1,0
CCN(CC)S(=O)(=O)c1cccc2c(N(C)C)cccc12,0
CCC(NC(=O)c1ccccc1O)c1ccccc1,0
Cc1ccc(C(=O)Nc2ccc3c(c2)nc2n3CCSC2)cc1,0
Cn1nnnc1SCC(=O)Nc1ccccc1Cl,0
CCCC(=O)N1CCN(c2ccc(NC(=O)c3ccc(Br)o3)cc2)CC1,0
CCCSc1nc2n(-c3ccc(C)c(C)c3)[nH]cc-2c(=O)n1,0
O=C(CSc1nnc(-c2ccncc2)n1CC1CCCO1)NCc1ccccc1,0
COC(=O)C1C(c2ccccc2)C(C(=O)N2CCN(C)CC2)C1c1ccccc1,0
CCn1c(SCC(=O)NCc2ccco2)nnc1-c1cccs1,0
CC1=CC(C)(C)N(C(=O)CN2C(=O)c3ccccc3C2=O)c2ccccc21,0
Cc1ccc(NCc2nnc(SCC(=O)Nc3ncc(C)s3)n2Cc2ccco2)c(C)c1,0
CCOC(=O)CC1C(=O)NCCN1C(=O)COc1ccc(Br)cc1C,0
CCn1ncc(Cl)c1C(=O)NC(C)c1ccccc1,0
Cc1ccccc1OCC(=O)NCC1CCCO1,0
CCOc1cc(C2NC(=O)NC(O)(C(F)(F)F)C2C(=O)c2ccccc2)ccc1OC,0
COc1ccccc1NS(=O)(=O)c1ccc2oc(SC3CCOC3=O)nc2c1,0
CCOC(=O)CNC(=O)c1nn(-c2ccc(OCC)cc2)c(=O)c2ccccc12,0
COc1cccc(C(=O)CN2CCC(NC(=O)NC3CCCCC3)CC2)c1,0
CCOC(=O)c1[nH]c2c(c1C)C(=O)CC(c1ccco1)C2,0
Cc1ccccc1Cn1c(CN2CCc3ccccc3C2)nc2c1c(=O)n(C)c(=O)n2C,0
O=C(CCC(=O)c1ccc[nH]1)c1ccc(Cl)cc1,0
CCOC(=O)Cn1c(=O)c2c(nc(Br)n2Cc2ccccc2)n(C)c1=O,0
CCc1c(C(=O)Nc2ccc(OC)c(Cl)c2)[nH]c(C)c1C(C)=O,0
CCOC(=O)c1csc(NC(=O)c2ccccc2)n1,0
Brc1ccc(CSc2ncnc3nc[nH]c23)cc1,0
CCCCSc1nnc(-c2ccc(C)cc2)o1,0
CCCNC(=O)c1ccc2c(c1)ncn2-c1ccccc1OC,0
COC(=O)C1C2C=CC3(CN(C(C)C)C(=O)C13)O2,0
Cn1c(=O)cc(SCC(=O)N2CCCC2)c2ccc(Cl)cc21,0
COc1ccc(N2CCN(c3nc(NCCc4ccc(OC)c(OC)c4)nc(OC)n3)CC2)cc1,0
Clc1ccc(-c2cn3c(n2)CCC3)cc1,0
COc1cc(NC(=O)c2c(-c3ccccc3Cl)noc2C)c2ncccc2c1,0
O=C(Nc1ccccc1)c1cc(N2CCOCC2)nc2ccccc12,0
CN(CCc1ccccn1)C(=O)Nc1ccc(F)cc1,0
CCn1c(SCC(=O)Nc2cc(C)on2)nnc1-c1cccs1,0
c1ccc(CC2CCN(c3nc4ccccc4n4nnnc34)CC2)cc1,0
Cc1cc(NC(=O)CSc2ccc(Cl)cc2)no1,0
CCCCCCSC1=C(C#N)C(c2ccc(C)o2)CC(=O)N1,0
COc1ccc(-c2nc(=S)[nH][nH]2)cc1,0
O=C(NCc1ccccc1)N1CCC(c2nc3ccccc3[nH]2)CC1,0
Cc1cc(=O)nc(N/C(=N\C(=O)c2ccccc2)Nc2ccc3c(c2)OCCO3)[nH]1,0
CN1CCN(C(CNS(=O)(=O)c2ccc(Cl)cc2)c2cccnc2)CC1,0
COc1ccc(CC(=O)Nc2c3c(nn2-c2cccc(Cl)c2)CS(=O)(=O)C3)cc1,0
O=C(CCCn1c(=S)[nH]c2cc3c(cc2c1=O)OCO3)N1CCN(c2ccccc2)CC1,0
CC(Oc1ccccc1)C(=O)OCn1nnc2ccccc2c1=O,0
c1ccc2c(c1)[nH]c1c(N3CCN(C4CCCCC4)CC3)ncnc12,0
O=C(CSc1nc(-c2ccco2)cc(C(F)(F)F)n1)NC1CCCC1,0
O=C(CCCCCn1c(=S)[nH]c2cc3c(cc2c1=O)OCO3)N1CCN(C(=O)c2ccco2)CC1,0
Cc1ccc(S(=O)(=O)NC(=O)NCc2cccnc2)cc1,0
O=C(Nc1nccs1)NC1CCCCC1,0
COc1ccc(N2C(=O)CC(N3CCCC4CCCCC43)C2=O)cc1,0
COC(=O)C(Nc1nccs1)(OC)C(F)(F)F,0
CCOc1ccc(C2C(C#N)=C(N)Oc3cc(C)n(Cc4ccco4)c(=O)c32)cc1OC,0
O=C(c1ccccc1)N1CCN(CC#CC2(O)CCCCC2)CC1,0
O=C(OCC#CCSc1nnc(-c2ccc(Br)cc2)o1)c1ccco1,0
O=C(c1ccccc1)N1CCN(C(=O)c2ccccc2Br)CC1,0
N#Cc1c(NCCO)nc(NCc2ccccc2)c2c1CCN(Cc1ccccc1)C2,0
O=C(Nc1c(F)c(F)c(F)c(F)c1F)NC1CCCCC1,0
O=C1CCc2cc(S(=O)(=O)N3CCN(c4cccc(C(F)(F)F)c4)CC3)ccc2N1,0
COC(=O)c1sc(NC(=O)c2ccc(Cn3cc(Cl)cn3)o2)c(C#N)c1C,0
O=C1NC(c2cccs2)C(C(=O)c2ccccc2)C(O)(C(F)(F)F)N1,0
COc1ccc(CCCc2nnc(SCC(=O)Nc3nc(C)cs3)n2C)cc1C,0
CC(=O)c1cn(CC(=O)NCc2ccc3c(c2)OCO3)c2ccccc12,0
Cc1c(=O)n(OCc2ccccc2)c2ccccc2[n+]1[O-],0
CCOCC(=O)Nc1cccc(Br)c1,0
Cc1ccc(CC23CN4CCN(CC(C4)C2O)C3)c(C)c1,0
O=C(NCCc1ccccc1F)C1CCCN1S(=O)(=O)c1ccccc1,0
O=C(NCCCN1CCOCC1)c1cc(-c2ccc3c(c2)OCO3)nc2ccccc12,0
CCOC(=O)CSC1=C(C#N)C(c2ccco2)C(C(=O)Nc2cccc(C(F)(F)F)c2)=C(C)N1,0
O=C(NC1CCCC1)c1ccc(CS(=O)(=O)c2cccc(C(F)(F)F)c2)o1,0
CC(=O)c1sc(NC(=O)c2ccc(Cn3cc(Br)cn3)o2)nc1C,0
CCN(CC)CCNc1nc(-c2ccco2)c2c(c1C#N)CC(C)(C)OC2,0
O=S(=O)(Cc1ccccc1)N1CCCCCC1,0
CCC(=O)N1CC(=O)Nc2ccc(Cl)cc2C1c1ccc(F)cc1,0
CCOC(=O)C(NC(=O)c1ccccc1)=C1C=C(C)OC(C)=C1,0
Cc1cc(NC(=O)CSc2nnc(COc3ccccc3)n2Cc2ccco2)no1,0
CCOC(=O)C1CCN(C(=O)c2cccc(Cl)c2)CC1,0
O=S(=O)(c1ccccc1)c1nc(-c2ccccc2)oc1NCc1cccnc1,0
Cc1cc(C)c(C#N)c(SCc2ccc(C#N)cc2)n1,0
CCOC(=O)C1=C(C)N=C2SCCC(=O)N2C1c1cc(Br)ccc1OC,0
O=C(Nc1ccc2c(c1)OCO2)C1CCCN(c2nc3ccccc3s2)C1,0
COc1cc(C2c3c(oc4c(C)cc(C)cc4c3=O)C(=O)N2Cc2cccnc2)cc(OC)c1OC,0
CC(C)CC(=O)Nc1ccc2oc(-c3ccncc3)nc2c1,0
N#CCCN(C1CCCCC1)S(=O)(=O)CCOc1ccccc1,0
COc1ccccc1NC(=O)N1CCCC1C(=O)Nc1nnc(C(C)C)s1,0
CCOC(=O)CSc1nc2cc(C(=O)NCC3CCCO3)ccc2c(=O)n1Cc1ccco1,0
O=C(CN(CCc1ccccc1)C(=O)CNS(=O)(=O)c1ccccc1)NCc1ccco1,0
CN1/C(=C/C(=O)c2nc(S(C)(=O)=O)ncc2Cl)C(C)(C)c2ccccc21,0
CCSc1nc2c(c(=O)[nH]c(=O)n2C)n1C/C=C(/C)Cl,0
Fc1ccc2[nH]c3c(N4CCN(Cc5ccc6c(c5)OCO6)CC4)ncnc3c2c1,0
O=C(NCCc1ccccn1)c1ccc(S(=O)(=O)N2CCCCCC2)cc1,0
Cc1ccc2c(c1)cc(C)c1nnc(SCC(=O)NCc3ccco3)n12,0
COc1ccc(N2CCN(C(=O)CN(c3ccc(Br)cc3)S(C)(=O)=O)CC2)cc1,0
Cc1ccc(-n2nnnc2SCc2nnc(-c3ccccc3Br)o2)cc1,0
CC1CCCCN1C(=O)CSc1nc(=O)cc(-c2ccccc2)[nH]1,0
CC(C)Cc1ccc(S(=O)(=O)N2CCN(C(=O)c3ccco3)CC2)cc1,0
COc1ccc(NC(=O)N(CCO)Cc2cc3c(C)cc(C)cc3[nH]c2=O)cc1,0
COc1ccc2[nH]c(=O)c(CN(Cc3cccnc3)C(=O)Nc3ccccc3)cc2c1,0
COc1ccc(C(=O)NCc2nnc(SCC(=O)Nc3cccc(C(F)(F)F)c3)o2)cc1OC,0
COc1ccc(N2C(=O)C(Cl)=C(N(CCO)Cc3ccccc3)C2=O)cc1,0
Cc1cc(C(=O)Nc2cccnc2)cs1,0
CCCCCn1c(=O)[nH]c2cc(C(=O)NCCCN3CCCCC3)ccc2c1=O,0
CC(C)N1C(=O)CCC1C(=O)NC1CCCC1,0
Cc1ccc(C)c(-n2c(CNC(=O)c3ccco3)nnc2SCC(=O)N2CCc3ccccc32)c1,0
CCn1c(SCC(=O)OCc2ccccc2)nc2c1c(=O)n(C)c(=O)n2C,0
COc1ccc(OC)c(S(=O)(=O)N2CCC(C(=O)Nc3cccc(C(F)(F)F)c3)CC2)c1,0
Cc1ccc(-c2nnc(SCC(=O)Nc3ccccc3F)o2)cc1,0
Cn1c(SCc2ccc(Br)cc2)nnc1-c1ccncc1,0
CS(=O)(=O)Nc1ccc(C(=O)Nc2ccccc2C(=O)N2CCCC2)cc1,0
CC(C)c1ccc(CNc2ccc(N3CCOCC3)cc2)cc1,0
COc1cccc(-n2c(Cc3cc(=O)[nH]c(=O)[nH]3)nnc2SCC(=O)N2CCCCC2)c1,0
NS(=O)(=O)c1ccc(CCNC(=O)CCC2COc3ccccc3O2)cc1,0
CCCN(CCC)C(=O)CSc1nc2nnc(C)c-2c(N)n1-c1ccc(OC)cc1,0
CCN(CC)c1ccc(NC(=O)c2cc3ccccc3o2)c(C)c1,0
Cc1cc(-c2ccccc2)n2ncc(C#N)c2n1,0
COc1ccc2c(c1)c(=O)c(Br)c(C)n2Cc1ccccc1,0
Cc1csc(SCC(=O)Nc2c(C)n(C)n(-c3ccccc3)c2=O)n1,0
COc1ccccc1CN(C(=O)c1ccco1)C(C(=O)NC1CCCC1)c1ccncc1,0
CCC1=NC(c2ccccc2Cl)N(O)C1(C)C,0
CCOC(=O)NC(=O)CSc1nc(C)cc(C(F)(F)F)c1C#N,0
CCCNC(=O)CS(=O)Cc1nc(-c2cccc(OC)c2)oc1C,0
Cn1c(=O)n(CC(=O)NC2CCCCC2)c(=O)c2ccccc21,0
Cc1[nH]c(=O)[nH]c(=O)c1S(=O)(=O)N1CCC(C(=O)N2CCN(Cc3ccccc3)CC2)CC1,0
CC(=O)Nc1ccc(NC(=O)C2CC(=O)N(c3cccc(C)c3C)C2)cc1,0
COc1ccc(OCC(=O)Nc2ccc(N3CCOCC3)c(Cl)c2)cc1,0
CCCn1c(SCC(=O)Nc2ccccc2C(=O)OCC)nc2c1c(=O)n(C)c(=O)n2C,0
O=C(NC1CCCC1)C(c1cccs1)N(Cc1ccco1)C(=O)Cn1nnc(-c2cccs2)n1,0
C=CCn1c(=O)/c(=C\c2ccc(O)cc2)s/c1=C(/C#N)c1nnc2n1CCCCC2,0
CC1(C)CC(NC(=O)c2coc(=O)c(Br)c2)CC(C)(C)N1,0
Cn1c(NC(=O)c2cccc(C(F)(F)F)c2)cc(=O)n(C)c1=O,0
O=S(=O)(Cc1cccc(F)c1)c1c[nH]c2ccccc12,0
COc1ccc(Br)cc1C(=O)Nc1cccc(-c2nnc(-c3ccco3)o2)c1,0
COc1cccc(-c2cc(C(=O)Nc3ccccc3SC)no2)c1,0
O=C1C(=CNc2ccccc2O)C(=O)c2ccccc21,0
CCCCn1c(CN2CCN(c3ccccc3)CC2)nc2c1c(=O)n(C)c(=O)n2C,0
COc1ccc(NC(=O)c2oc3ccccc3c2NC(=O)C2CC2)cc1,0
COc1ccc(NC(=O)CSc2nnc(-c3ccccc3)n2Cc2ccco2)c(OC)c1,0
COC(=O)C(CCSC)NC(=O)Nc1ccc(C(C)C)cc1,0
Brc1c(NC2=NCCN2)ccc2nccnc12,0
O=C(c1ccco1)N1CCN=C1SCc1cccnc1,0
Cc1c(Cl)cccc1-n1nnnc1-c1cccs1,0
CC(C)(C)NC(=O)Cn1c(SCC(=O)NC2CCCCC2)nc2ccccc21,0
Cc1ccc(S(=O)(=O)Cn2nnnc2C(C)N2CCN(C(=O)c3ccco3)CC2)cc1,0
CCOC(=O)C1=C(N)Oc2cc(C)oc(=O)c2C12C(=O)N1c3c(cccc32)C(C)=CC1(C)C,0
O=C(NCC1CCCO1)C1CCN(C(=O)c2ccc(Cl)cc2)CC1,0
COc1cccc(C2C(C(=O)c3sc(C)nc3C)=C(O)C(=O)N2CCN(C)C)c1OC,0
O=C(Nc1ccc(N2CCN(Cc3ccccc3Cl)CC2)cc1)c1cccnc1,0
COCCNC(=O)COc1ccc(Nc2ccccc2)cc1,0
CCCn1c(=O)c2ccccc2n2c(SCc3nnc(-c4ccccc4Br)o3)nnc12,0
COc1cc(S(=O)(=O)N2CCCCCC2)ccc1Cl,0
O=C(CSc1nnc2ccccn12)c1ccccc1,0
COc1ccc(C(=O)CSc2nnc(-c3ccccc3)o2)cc1,0
Cc1nc2sc(C(c3ccccc3)N3CCC(O)CC3)c(O)n2n1,0
O=C(CSc1nnc(-c2ccco2)n1Cc1ccco1)N1CCOCC1,0
COc1ccccc1N1CCN(C(=O)CSc2nc(=O)c(Cc3ccccc3)c(C)[nH]2)CC1,0
CCOC(=O)c1c(NC(=O)Cn2nnc(-c3ccccc3)n2)sc(C(C)=O)c1C,0
CC(C)(C)c1ccc(-c2nc(C#N)c(NCc3ccncc3)o2)cc1,0
COc1ccc(CCNc2oc(COc3ccccc3Cl)nc2C#N)cc1OC,0
COc1ccc(OC)c2[nH]c(=O)c(CCNC(=O)C3CCCCC3)cc12,0
CCOC(=O)N1CCC(NC(=O)c2cc(C(=O)NCc3ccc(F)cc3)ccc2CO)CC1,0
O=C(c1cc(-c2cccnc2)nc2ccc(Br)cc12)N1CCC2(CC1)OCCO2,0
COc1cc2c(C(=O)NC3CCCCCC3)cn(C)c(=O)c2cc1OC,0
Cc1ccc(CNC(=O)CCCn2c(=O)c3ccccc3n(CC(=O)NC3CCCC3)c2=O)cc1,0
O=C(C1CCN(S(=O)(=O)c2cnc[nH]2)CC1)N1CCc2ccccc2C1,0
COc1cccc(-c2nn(C)c3sc(C(=O)NCc4ccco4)cc23)c1,0
O=C(CCN1C(=O)c2ccccc2C1=O)Nc1ccc(F)cc1,0
CCCn1c(SCC(=O)c2cc(OC)ccc2OC)nnc1-c1ccco1,0
CC1=C(C(=O)OC2CCCCCCC2)C(c2cccc(O)c2)NC(=O)N1,0
CCN(CC)c1ncccc1C(=O)NCc1cccs1,0
Cc1nc2c(C(=O)NCCc3ccccc3)c[nH]n2c(=O)c1Cl,0
CCCn1c(SCC(=O)Nc2nnc(C(C)C)s2)nc2c1c(=O)n(C)c(=O)n2C,0
CN1CCN(C(=O)NC2CCCN2S(=O)(=O)c2ccc(Cl)cc2)CC1,0
O=S(=O)(Nc1ccc(-c2nc3ccccc3o2)cc1)c1ccccc1,0
O=C(Nc1ccc(S(=O)(=O)N2CCc3ccccc3C2)cc1)C1CCCO1,0
COc1cccc(-c2nnc(SCC(=O)N3CCCc4ccccc43)o2)c1,0
COC(=O)c1cccc(NC(=O)NC2CCCN2S(=O)(=O)c2ccc(Cl)cc2)c1,0
Cc1ccccc1S(=O)(=O)Cc1ccc(C(=O)N2CCN(c3ncccn3)CC2)o1,0
Cn1nnnc1SCC(=O)N1CCN(c2ccc(Cl)cc2)CC1,0
CN1CCN(c2nc3c(c(=O)[nH]c(=O)n3C)n2CCOc2ccccc2)CC1,0
O=C1CC2(CON=C2c2ccc(F)cc2)C(=O)N1c1ccc(F)cc1,0
COc1ccc2c(c1)CCc1c(C(=O)Nc3cc(C)n(Cc4ccc(Cl)cc4)n3)noc1-2,0
CCOc1ccccc1-n1cnc2cc(C(=O)NCc3ccco3)ccc21,0
N#Cc1c(N)c(C(=O)c2ccc(Br)cc2)n2c1CCC2,0
CCn1c(C(=O)N2CCCC(C(=O)NCCc3ccc(C)cc3)C2)cc2sccc21,0
O=C(NCCCn1ccnc1)c1cc(-c2cccs2)on1,0
CCCCSc1nnc(C2CCCN2C(=O)OC(C)(C)C)o1,0
COc1cccc(Cn2cccc(NC(=O)NC3CCCCC3)c2=O)c1,0
C=CCn1c(SCC(=O)Nc2ccc3c(c2)OCCO3)nnc1-c1ccco1,0
Cc1nnc(SCCn2c(N3CCC(C)CC3)nc3c2c(=O)n(C)c(=O)n3C)s1,0
O=C(CN(c1ccc(Cl)c(C(F)(F)F)c1)S(=O)(=O)c1ccccc1)N1CCOCC1,0
CN1C(=O)N(C)C2(c3ccccc3)Nn3c(s/c(=C\c4ccco4)c3=O)=NC12c1ccccc1,0
CC(C)C(C)(C#N)NC(=O)CSc1nc2scc(-c3ccco3)c2c(=O)n1-c1ccccc1,0
Cc1ccc2c(C)c(C(=O)Nc3c(C)n(C)n(-c4ccccc4)c3=O)oc2c1,0
O=C1CSC(c2cccc(F)c2)N1c1ccccc1F,0
O=C(COc1ccccc1Cl)NCc1ccco1,0
O=C(Nc1ccc(Br)cc1Cl)Nn1cnnc1,0
CC1CCCC(C)N1C(=O)c1cc(-c2cccs2)on1,0
CCCn1nc(C(=O)Nc2cc(C(=O)OC)ccc2C)c2ccccc2c1=O,0
Cc1n[nH]c(SCc2ccc(Cl)cc2Cl)nc1=O,0
Cc1ccccc1CS(=O)(=O)CCC(=O)NCCN1CCN(c2cccc(Cl)c2)CC1,0
CCOC(=O)c1ccc(NC2=NC(=O)CS2)cc1,0
O=C(CSc1nnc(COc2ccc(Cl)cc2)o1)OC1CCCCC1,0
CCCC(OC(=O)CN1C(=O)COc2ccccc21)C(=O)NC1CCCC1,0
COc1cc(C(=O)N2CCCC(c3nc(-c4cccs4)no3)C2)cc(OC)c1OC,0
COC(=O)CN(c1nc(C)c(Br)c(OC)n1)S(=O)(=O)c1ccc(C)cc1,0
Cc1ccc(C)c(NC(=O)CS(=O)(=O)c2cn(C)c3ccccc23)c1,0
C=CCn1c(C)cc(C(=O)CSc2nc3ccccc3o2)c1C,0
COc1ccc(OC)c2[nH]c(=O)c(CCNS(=O)(=O)c3ccc(Cl)cc3)cc12,0
CCc1c(O)n(-c2ccccc2)c(SCC(=O)Nc2ccccc2)nc1=O,0
CCC(NC(=O)NCc1cccnc1)(C(F)(F)F)C(F)(F)F,0
CCn1ncc(Br)c1C(=O)Nc1nccs1,0
CCC1CCCCN1CCCNC(=O)c1ccc(CS(=O)(=O)Cc2ccccc2F)o1,0
CCOc1ccccc1NC(=O)CSc1nnc(-c2ccccn2)n1Cc1ccco1,0
N#Cc1c(NC(=O)c2ccc(Cn3cc(Br)cn3)o2)sc2c1CCCCCC2,0
O=C(Nc1ccccc1)c1cccnc1Nc1ccccc1,0
O=C1CC(c2ccc(S(=O)(=O)NCc3ccncc3)cc2)CN1,0
CCc1nnc(NC(=O)CSc2nc3cccnc3n2C2CCCCC2)s1,0
Cc1ccccc1Cn1cc(NC(=O)c2noc3c2CC(C(C)(C)C)CC3)cn1,0
CCCN1C(=O)C(NS(=O)(=O)c2ccc(N)cc2)(C(F)(F)F)C(C(=O)OC)=C1C,0
CCCc1cc(=O)nc(SCC(=O)N2CCN(S(=O)(=O)c3ccc(C)cc3)C2)[nH]1,0
CCn1cc(C(=O)Nc2ccc(NC(=O)c3ccco3)cc2)c(=O)c2ccc(C)nc21,0
C=CCn1c(-c2ccc(OC)c(OC)c2)n[nH]c1=S,0
COC(=O)C(C(=O)Nc1ncccn1)C1CCCCCC1,0
CC(C)(C)C(=O)NC1(C(F)(F)F)C(=O)Nc2c1c(=O)[nH]c(=O)n2Cc1ccco1,0
CCn1cnc2sc(-c3ccccc3)cc2c1=O,0
O=C(C1CC1)n1cc(C(=S)N2CCOCC2)c2ccccc21,0
COc1cc2c(cc1OC)CN(C(=O)CSc1nnc3scc(-c4ccccc4)n13)CC2,0
Cn1c(Cc2ccc3c(c2)OCO3)nnc1SCC(=O)N1CCc2ccccc2C1,0
Cc1ccc(-n2c(SCC(=O)OC(C)C)nnc2-c2ccncc2)cc1,0
N#C/C(=C\c1c(N2CCOCC2)nc2ccccn2c1=O)S(=O)(=O)c1ccccc1,0
COc1cc(CNc2ccc(N3CCOCC3)c(C(=O)O)c2)ccc1OCC(N)=O,0
Cc1ccc2nc(NC(=O)c3ccc(Cn4cc(Cl)cn4)o3)sc2c1,0
COC(=O)c1ccc(-n2nnnc2SCC(=O)Nc2ccccc2OC)cc1,0
COc1ccccc1N1CCN(C(=O)c2ccc(S(=O)(=O)N3CCCCC3)cc2)CC1,0
COc1ccccc1N1CCN(C(=O)COc2ccc(C)cc2Br)CC1,0
NC(=O)COC(=O)c1ccc(Oc2ccccc2)cc1,0
CCOC(=O)Cc1c(C)nc2c(-c3cccc(Br)c3)c[nH]n2c1=O,0
O=C1CN(C(=O)CSc2nnc(-c3ccccc3)n2Cc2ccc3c(c2)OCO3)c2ccccc2N1,0
O=C(CSc1nc2ccccc2n1CC(=O)N1CCCC1)NCc1ccc2c(c1)OCO2,0
Cc1ccc(NC(=O)c2oc3ccc(S(=O)(=O)N4CCOCC4)cc3c2C)cc1C,0
CCNC(=O)COc1ccc(Br)cc1Cl,0
CCOc1ccccc1-n1c(SCC(=O)NC(C)CC)nnc1-c1ccoc1C,0
O=C1CCC(C(=O)N(c2ccccc2)C2(C(=O)NC3CCCCC3)CCCCC2)N1,0
COC(=O)c1ccc(NC(=O)C2CCCO2)cc1,0
CCc1c(O)n(C(C)CC)c(SCc2ccccc2)nc1=O,0
O=C(NCCc1ccccc1)C1CCN(S(=O)(=O)c2ccc(-c3nn[nH]n3)cc2)CC1,0
NC(=O)CSc1nnc(Cn2c(=O)sc3ccccc32)n1CCc1ccccc1,0
COc1ccc(C(=O)N2CCN(Cc3ccccc3C)CC2)cc1OC,0
CCOc1ccc(NC(=O)NC2CCOC(C)(C)C2)cc1,0
Cc1ccc(-c2nnn(CC(=O)N(Cc3cccs3)C(C(=O)NC3CCCC3)c3ccco3)n2)o1,0
Cc1cccc(NC(=O)C2CCCN2C(=O)OCC(C)C)c1,0
Nc1nsc2ccccc12,0
CCn1nnnc1SCC(=O)c1cc(OC)ccc1OC,0
CCCNC(=O)c1cccc(COCC(F)(F)C(F)F)c1,0
O=C(COc1ccc(S(=O)(=O)N2CCOCC2)cc1)Nc1ccc(Cl)c(C(F)(F)F)c1,0
O=C(C1CC1)N1CCc2cc(Br)cc(S(=O)(=O)NCC3COc4ccccc4O3)c21,0
O=C(NCCc1c[nH]c2ccccc12)c1ccc(-n2cnnn2)cc1,0
COc1ccc(N2CCN(Cc3nc(=O)c4ccccc4[nH]3)CC2)cc1,0
COC(=O)c1cc(OC)c(OC)cc1NC(=O)c1ccc(Br)o1,0
Cc1nc(N2CCN(C(=O)CCC(=O)O)CC2)c2c(C)c(C)sc2n1,0
Cc1ccc(S(=O)(=O)c2cc3c(=O)n4ccccc4nc3n(CC3CCCO3)c2=N)cc1,0
CC(=O)c1cccc(NC(=O)N2CCc3ccccc3C2)c1,0
CCn1c(SCC(=O)N2c3ccccc3Sc3ccccc32)nc2c1c(=O)n(C)c(=O)n2C,0
N#Cc1cc2ccccc2nc1SCC(=O)Nc1ccc(S(=O)(=O)N2CCCC2)cc1,0
O=c1c2ccccc2nc2n1CCN2Cc1ccc(Cl)cc1,0
Cc1ccc(N(C(C)C(=O)O)S(=O)(=O)c2c(C)n[nH]c2C)cc1,0
CC(=O)c1ccc(OCCCC(=O)OCC(=O)N2CCN(c3ccccc3)CC2)cc1,0
O=C(CN1CCN(S(=O)(=O)c2ccc(F)cc2)CC1)Nc1ccc(Cl)c(C(F)(F)F)c1,0
COC(=O)c1cc(NCc2ccc3c(c2)OCO3)ccc1N1CCOCC1,0
CCn1c(SCC(=O)c2cc(OC)ccc2OC)nnc1-c1ccncc1,0
CCCCCCC1/C(=N/O)CCC1C(=O)OC,0
COc1ccc(-c2cc3ccccc3n2CC(O)CN2CCN(CCO)CC2)cc1,0
CCOC(=O)N1CCN(Cc2cc(=O)oc3cc4c(cc23)CCC4)CC1,0
CN(c1ccc(C(=O)NCCSCc2ccco2)cc1)S(C)(=O)=O,0
CCOc1cc2c(cc1OCC)C(C(=O)O)C(c1cc(Br)c(O)c(OC)c1)N(C)C2=O,0
CCOC(=O)c1c(C)[nH]c2cc(Br)c(O)cc12,0
O=C(Nc1ccccc1C(F)(F)F)N1CCC(N2CCCCC2)CC1,0
Cn1c(=O)[nH]c(=O)c2c1nc(N1CCc3ccccc3C1)n2CCSc1nc2ccccc2s1,0
Cc1cc(C(=O)N2CCc3ccccc32)c2cc(F)ccc2n1,0
CCOC(=O)c1[nH]c(C)c(C(=O)Nc2cccc(Cl)c2C)c1C,0
CCCN(CCC)c1nc(C)cc(C(C#N)c2nc3ccccc3o2)n1,0
CCN(CCCNS(=O)(=O)c1ccc2c(c1)oc(=O)n2C)c1cccc(C)c1,0
COCc1nnc(NC(=O)CCC2CCCCC2)s1,0
O=C1C(=O)N(CCO)C(c2ccccc2)/C1=C(\O)c1ccccc1,0
CC1(C)CC(NC(=O)C23CCC(C)(/C(=N/O)C2)C3(C)C)CC(C)(C)N1,0
CCOC(=O)C1CCN(c2nnc(N3CCCC3=O)s2)CC1,0
O=C(NCCCN1CCOCC1)c1ccccc1-c1ccccc1,0
Cc1ccc(N(CC(=O)NCc2ccco2)C(=O)CCC(=O)Nc2ccccn2)cc1C,0
O=C(NCc1cccnc1)c1ccc(CS(=O)(=O)Cc2ccc(Cl)cc2)o1,0
O=C(c1ccccc1)N1CCN(Cc2ccccc2Br)CC1,0
CCOC(=O)c1c(NC(=O)c2nn(CC)cc2Br)c(C#N)nn1-c1ccccc1,0
Cc1cc(NC(=O)NC2CCCN2S(=O)(=O)c2ccc(Cl)cc2)no1,0
CCOC(=O)c1ccc(N2C(=O)CC(N3CCC(C#N)(c4ccccc4)CC3)C2=O)cc1,0
CCn1c(C)nc2cc(S(=O)(=O)N3CCCC3)ccc21,0
O=C(NCCc1ccccn1)C1CC(=O)N(Cc2ccccc2Cl)C1,0
COc1cc(Cn2c(-c3nonc3N)nc3ccccc32)ccc1C,0
Clc1ccc2nc(SCc3nnc(-c4ccccc4)o3)[nH]c2c1,0
S=c1[nH]nc(C23CC4CC(CC(C4)C2)C3)n1Cc1ccco1,0
CCC1Oc2ccccc2N(CC(=O)Nc2ccc(OC)cc2OC)C1=O,0
Cc1cc(=O)oc(C)c1C(=O)NC12CC3CC(CC(C3)C1)C2,0
CCCCC(=O)OCC(=O)Nc1ccc(OC(F)F)cc1,0
COc1cccc(-c2nnc(SCC(=O)N3CCCC3=O)n2-c2ccccc2)c1,0
O=C(CN1CCN(Cc2ccccc2)CC1)NC(=O)NCc1ccco1,0
COc1cc(C(=O)OCC(=O)NCc2ccco2)cc(OC)c1OC,0
O=C(Cn1c(CN2CCCCC2)nc2ccccc2c1=O)NC1CCCCC1,0
O=C(OCn1nnc2ccccc2c1=O)c1cccs1,0
Cc1cccc(NC(=O)CN(C)S(=O)(=O)c2ccc(Cl)cc2)n1,0
Cc1cccc2cc(CN(CCN3CCCC3)C(=O)NC3CCCCC3)c(=O)[nH]c12,0
COc1ccc(CCN(Cc2cccs2)S(=O)(=O)c2ccc(-n3cnnn3)cc2)cc1OC,0
CSc1sc(C)cc1C1C(C#N)=C(N)N(c2cccnc2)C2=C1C(=O)CCC2,0
Cc1nnc2c(NC(C)C)nc3ccccc3n12,0
CC(C(N)=O)N1C(=O)C2C3C=CC(C3)C2C1=O,0
CCC1(c2ccccc2)NC(=O)N(CC(=O)Nc2ccc3c(c2)OCO3)C1=O,0
Cc1cc(C)n(-c2cccc(Cl)c2)c(=O)c1C#N,0
Cc1oc(-c2cccc(Cl)c2)nc1CN1CCC(C(=O)NCC2CCCO2)CC1,0
CCCCC(=O)Nc1ccc(NC(=O)C(C)C)cn1,0
CC(=O)Nc1ccc(NC2=CC(=O)CC(C)(C)C2)cc1,0
O=C(NCCc1ccncc1)Nc1ccc(Cl)cc1,0
CC(C)c1cc(C(F)(F)F)n2nc(C(=O)Nc3ccc4c(c3)OCO4)cc2n1,0
Cn1c(=O)c2c(nc(SCC(=O)OCc3ccccc3)n2C)n(C)c1=O,0
CCOc1ccc(NC(=O)c2ccccc2NC(=O)CN2CCN(C(C)=O)CC2)cc1,0
CCOc1ccc(OCC)c(NC(=O)CCn2cccc2)c1,0
Cc1c(C(=O)N2CCCCC2)sc(N)c1C#N,0
CC(C)CCOc1ccc(C2(C)NC(=O)N(CN3CCOCC3)C2=O)cc1,0
O=C(CSc1nc(=O)cc(-c2ccccc2)[nH]1)N1CCc2ccccc21,0
CC(=O)Nc1ccc(S(=O)(=O)Nc2ccc(NC(=O)c3ccco3)cc2)cc1,0
COc1ccccc1NC(=O)C1(C)Cc2ccccc2C(=O)O1,0
CC(=O)c1cccc(NC(=O)c2ccc(NS(=O)(=O)c3c(C)noc3C)cc2)c1,0
C=CCn1c(SCC(=O)Nc2ccccc2OC)nnc1-c1ccco1,0
Cc1nc2ccccc2n1CC(O)Cn1c(C(F)(F)F)nc2ccccc21,0
CN(Cc1ccccc1)C(=O)CCC(=O)N(C)Cc1ccccc1,0
CCC(=O)N1CCc2cc(Br)cc(S(=O)(=O)N3CCN(c4ccccn4)CC3)c21,0
CCOC(=O)N1CCC(NC(=O)C2CCN(S(=O)(=O)c3c(C)noc3C)CC2)CC1,0
COc1ccc(C2CC(=O)N3CN(Cc4ccco4)CSC3=C2C#N)cc1,0
CC(C)C(C(=O)Nc1nccs1)c1ccccc1,0
O=C(CSc1nc(C2CCCCC2)n(-c2ccccc2)n1)NCCN1C(=O)CSC1=O,0
O=C(NC(NCCCN1CCOCC1)(C(F)(F)F)C(F)(F)F)C1CCCCC1,0
COc1ccc(NC(=O)C2CCCN(S(=O)(=O)c3cccc4cccnc34)C2)cc1,0
COc1ccc(-c2nnc3ccc(SC)nn23)cc1,0
O=c1nc2n(c(O)c1Cc1ccccc1)CCS2,0
Cc1ccc(/C=N/n2cnc3sc4c(c3c2=O)CCCC4)o1,0
COc1ccc(N2CC(C(=O)Nc3ccc(F)cc3F)CC2=O)cc1,0
CC1(C)Cc2c(sc3c2c(=N)n(Cc2ccco2)c(=O)n3CC(=O)Nc2cccc(Cl)c2)CO1,0
CN(CCOc1ccc(Cl)cc1)c1ccc(S(=O)(=O)N2CCCCC2)cn1,0
Cc1cccc(N2CCN(C(=O)CCNS(=O)(=O)c3ccc4c(c3)CCC(=O)N4)CC2)c1C,0
COc1ccc(Cc2nc(-c3ccc(Br)o3)no2)cc1OC,0
O=C(NCC12CC3CC(C1)CC(CNC(=O)N1CCCC1)(C3)C2)N1CCCC1,0
CC(=O)c1c(C(C)=O)c(C)n(NC(=O)c2cccnc2)c1C,0
COc1ccccc1CNC(=O)CN(c1ccc(C)cc1)S(=O)(=O)c1c(C)n[nH]c1C,0
CC12COC3(C(=O)Nc4cccnc4)CC1CCC32C,0
COc1ccccc1CN1CC(C(=O)NC2CCCCC2)CC1=O,0
COc1cccc(C2=CC(c3ccccc3)N3NN=NC3=N2)c1,0
CCCCN(C(=O)NC(=O)C1=C(N2CCOCC2)/C(=C/c2ccccc2)CC1)S(C)(=O)=O,0
CCS(=O)(=O)N1CCC(C(=O)NC2CCCCC2)CC1,0
O=C(Nc1nccs1)C12CC3CC(C1)CC(C(=O)Nc1nccs1)(C3)C2,0
Cc1nn(C(=O)CN2C(=O)c3ccccc3C2=O)c(C)c1Br,0
Cc1cc(N2CCN(C)CC2)nc2ccc(NC(=O)CCC(=O)NCCC3=CCCCC3)cc12,0
O=C(Nc1ccc2c(c1)OCCO2)C1CCN(S(=O)(=O)c2cccs2)CC1,0
C=CCOc1ccc(C2C(C(=O)c3ccco3)=C(O)C(=O)N2Cc2cccnc2)cc1,0
COc1ccc(NC(=O)C(c2ccc(C)cc2)N(C)C(=O)c2cnccn2)cc1,0
CCOC(=O)C1CCCN(C(=O)C2CCCN(S(=O)(=O)c3ccc4c(c3)oc(=O)n4C)C2)C1,0
Cc1ccc2c(c1)C1CN(C)CCC1N2C(=O)COc1ccc(S(=O)(=O)N2CCOCC2)cc1,0
N#Cc1c(/N=C/N2CCCC2)oc(-c2ccccc2)c1-c1ccccc1,0
Cc1cccc(C)c1NC(=O)CCCSc1nnc(-c2ccco2)o1,0
CCn1cnc2sc(C(=O)Nc3ccc4c(c3)OCO4)c(C)c2c1=O,0
CCN1CCN(Cc2ccccc2NC(=O)Nc2ccc(C)cc2)CC1,0
CC(=O)Nc1cccc(-c2nnc3n2CC(C)S3)c1,0
O=C(CN1C(=O)CSc2ccccc21)Nc1ccc2c(c1)OCCO2,0
O=C(CSc1ncnc2c1oc1ccccc12)NCc1ccc(F)cc1,0
Cn1c(C(=O)O)c(CC(=O)Nc2ccc(F)cc2F)c2ccccc21,0
COc1ccc(C(=O)NCC(=O)Nc2ccccc2)cc1OC,0
Brc1[nH]nc2ccccc12,0
FC(F)(F)c1nnc(N2CCN(Cc3ccccc3)CC2)s1,0
C=CCC1c2cccc(C(=O)O)c2C(=O)N1c1ccc(F)cc1,0
O=C(C1CCN(S(=O)(=O)Cc2ccccc2)CC1)N1CCN(c2ncccn2)CC1,0
COc1cc2cc(CN(C(=O)NC3CCCCC3)C3CCCC3)c(=O)[nH]c2cc1OC,0
Nn1cnnc1SCC(=O)Nc1ccc(C2CCCCC2)cc1,0
O=c1[nH]c2ccc(Cl)cc2c(-c2ccccc2)c1N1CCOCC1,0
COc1ccc(NC(=O)C2CC(=O)N(c3cccc(C)c3C)C2)cc1,0
Cc1ccccc1C(=O)NC1CCN(Cc2nnnn2Cc2ccc(F)cc2)CC1,0
COc1ccc(CCNc2oc(COc3ccc(Br)cc3)nc2C#N)cc1OC,0
Cc1cc(C)cc(NC(=O)CSc2nnc(-c3ccc(S(=O)(=O)N4CCCC4)cc3)o2)c1,0
CN(C(=O)COc1cc(=O)n(C)c2ccccc12)c1cccc(Cl)c1,0
Cc1cc(C)n(C(=O)c2ccc(S(=O)(=O)NCC3CCCO3)cc2)n1,0
Cc1cccc(NC(=O)CSc2nnc(-c3ccccc3Br)o2)c1C,0
O=C1OC(Nc2ccc(F)cc2F)c2ccccc21,0
CCN(CC)S(=O)(=O)c1cccc(-c2nnc(SCC(=O)NC)n2CCc2ccccc2)c1,0
CCn1c(SCC(=O)Nc2ccccc2C(=O)OC)nnc1-c1ccoc1C,0
COc1ccc(S(=O)(=O)NCC(c2cccnc2)N2CCN(c3ccccc3)CC2)cc1C,0
CCOc1ccc(CN2CCN(C(=O)c3ccccc3)CC2)cc1,0
CCOC(=O)C1=C(N)OC2=C(C(=O)CCC2)C1c1ccco1,0
Cc1cc(C)c(S(=O)(=O)Nc2ccc(O)cc2)c(C)c1,0
O=C1CC(N2CCOCC2)C(=O)N1c1cccc(Cl)c1,0
CCc1nnc(NC(=O)c2cccc(C(=O)Nc3nnc(CC)s3)n2)s1,0
Cc1ccc(N(C(=O)CNC(=O)c2ccco2)C(C(=O)NCC2CCCO2)c2ccccc2)cc1,0
CCOc1cc(C2C(C(=O)OC)=CN(C3CCCC3)C=C2C(=O)OC)cc(Br)c1O,0
CCOC(=O)N1CCC(NC(=O)Cc2cn(C)c3ccccc23)CC1,0
O=C(COc1ccc(Cl)cc1)NCc1nnc(SCC(=O)Nc2ccccc2)o1,0
N=c1sc2ccccc2n1-c1ccccc1,0
CCCCC(=O)Nc1ccc(F)c(Cl)c1,0
Cc1ccc(-c2ccc(=O)n(CC(=O)Nc3cccc(C(=O)N4CCN(C)CC4)c3)n2)cc1,0
O=C(Nc1ccc2c(c1)OCO2)N1CCN(C/C=C/c2ccccc2)CC1,0
O=C(CCN1C(=O)C2C3C=CC(C3)C2C1=O)NCCN1CCCc2ccccc21,0
O=C(CSc1nnc(CNC(=O)c2cccs2)o1)Nc1cccc(C(F)(F)F)c1,0
CCOC(=O)N1CCC(NC(=O)CCS(=O)(=O)c2ccc3c(c2)CCN3C(C)=O)CC1,0
Cc1ccc(NC(=O)CC2Nc3ccccc3NC2=O)cc1Cl,0
Cc1nc(NC(=O)CSc2nc3cccnc3n2C2CCCCC2)sc1C,0
CCOC(=O)N1CCN(C(=O)CN(C2CCCCC2)S(=O)(=O)c2ccc(C)cc2)CC1,0
CCCCCn1c(CCNC(=O)c2cccs2)nc2ccccc21,0
Cc1ccc(CN2C(=O)/C(=C3\SC(N4CCOCC4)=NC3=O)c3cc(Br)ccc32)cc1,0
Cc1cc(C)n(C(=O)CNc2cccc(Cl)c2C)n1,0
CCN1C(=O)C2C(c3cccc(F)c3)NC(C)(C(=O)OC)C2C1=O,0
Cc1nc2c(C(=O)N3CCCCC3)cnn2c(C)c1Cc1ccccc1F,0
Cc1onc(-c2ccccc2Cl)c1C(=O)N1CCCc2ccccc21,0
Cn1c(CN2CCCC2)nc2cc(NC(=O)Nc3ccccc3)ccc21,0
COc1ccccc1C(=O)Oc1cc(N)n(S(=O)(=O)c2ccc(C)cc2)n1,0
Cn1c(SCC(=O)NCC2CCCO2)nnc1-c1ccc(S(=O)(=O)N2CCCC2)cc1,0
CC1(C)CC(C2N3CC4(C)CN2CC(C)(C3)C4=O)CCO1,0
COc1ccccc1NC(=O)N1c2ccc(F)cc2CCC1C,0
C=CCN1C(=O)NC(=O)/C(=C(/C)NCc2cc(OC)cc(OC)c2)C1=O,0
O=C(Nc1nnc(C2CC2)s1)c1cccc(S(=O)(=O)N2CCc3ccccc32)c1,0
Cc1cc(C)c(NC(=O)CCCN2CCOCC2)c(C)c1,0
O=c1c2cc(Cl)ccc2nc2ccc(N3CCCC3)nn12,0
Cn1cnnc1SCc1ccccc1Br,0
CCN(CC)S(=O)(=O)c1ccc(-c2nnc(SCc3nnc(-c4ccccc4)o3)o2)cc1,0
COc1ccc(CNC(=O)c2ccc(NS(=O)(=O)c3c(C)noc3C)cc2)cc1,0
O=C(CCn1c(=O)[nH]c2ccsc2c1=O)N1CC(=O)N(CCc2ccccc2)C(=O)C1,0
O=C1c2ccccc2C(=O)N1c1ccccc1S(=O)C(F)(F)F,0
Clc1ccc(Br)cc1-c1nc(-c2cccnc2)no1,0
O=C(C(c1ccccc1)c1ccccc1)N1CCN(Cc2ccccn2)CC1,0
CCOC1=CC(=O)/C(=C2\NC(N)=NC=C2c2ccccc2)C=C1,0
CCC(NCCc1ccccc1)=C1C(=O)CCC1=O,0
N#Cc1nc(COc2ccc(Cl)cc2)oc1N1CCN(Cc2ccccc2)CC1,0
O=C(COc1ccccc1)n1nc(-c2ccc(Cl)cc2)nc1NCc1ccco1,0
Clc1ccc(OCc2nn3c(-c4ccco4)nnc3s2)cc1,0
COc1ccc(/C=N/n2c(=O)[nH]c3c([nH]c4ccc(C)cc43)c2=O)cc1CN1CCOCC1,0
O=C(C1CCC1)N1CCc2cc(S(=O)(=O)N3CCCCC3)ccc21,0
Cn1c(Cn2c(=O)sc3ccccc32)nnc1SCc1ccccn1,0
Cc1ccc(S(=O)(=O)c2cc3c(=O)n4cc(C)ccc4nc3n(CC3CCCO3)c2=N)cc1,0
CCOC(=O)N1CCN(C(=O)C2CCCN(S(C)(=O)=O)C2)CC1,0
CCOC(=O)C1CCN(CCC(=O)Nc2cccc(Cl)c2C)CC1,0
CCOC(=O)c1oc2ccccc2c1CSc1nnnn1-c1ccccc1,0
COc1cc2c(cc1NC(=O)C1CCCO1)oc1ccccc12,0
O=C(CCCCn1c(=O)c2ccccc2n(CC(=O)NC2CCCC2)c1=O)NC1CCCC1,0
CC(C)OC(=O)NCCOC(=O)Nc1cccc(Cl)c1,0
COc1ccc(COC(=O)C2=C(C)NC(=O)NC2c2ccc(O)c(OC)c2)cc1,0
CCN(C(=O)CSc1ncn[nH]1)c1cccc2ccccc12,0
CN(Cc1cccc(F)c1)C(=O)c1ccc(S(=O)(=O)C(F)F)cc1,0
CN1C(=O)N(CN2CCCCC2)C2C1N(C)C(=O)N2CN1CCCCC1,0
COC(=O)C(NC(=O)c1ccc(F)cc1)(Nc1nc(C)cs1)C(F)(F)F,0
S=C(c1ccc(Cl)cc1)N1CCOCC1,0
O=C1OC(c2ccc(Br)cc2)=N/C1=C\N1CCCCC1,0
O=C1C(=CNCC2CCCO2)C(=O)c2ccccc21,0
C=CCn1cc(C(=O)NCCCOC)c(=O)c2cc(S(=O)(=O)N(CC)CC)ccc21,0
Cc1ccc(S(=O)(=O)N2CCC(C(=O)NC(C)C(=O)Nc3ccc4c(c3)OCO4)CC2)cc1,0
O=C1CC(c2ccco2)Cc2nc(Nc3nc(-c4ccccc4)c4ccccc4n3)ncc21,0
CCOC(=O)C1(C(F)(F)F)N=C(c2cccnc2)OC(N2CCOCC2)=N1,0
O=C(Oc1c(CN2CCOCC2)cc(Cl)c2cccnc12)c1ccc(F)cc1,0
O=S(=O)(NC1CCCC1)c1ccc(S(=O)(=O)N2CCc3ccccc32)cc1,0
N=c1c2c(-c3ccccc3)c(-c3ccccc3)n(Cc3ccco3)c2ncn1Cc1ccco1,0
CCCCn1c(=O)n(C)c(=O)c2c(C(F)(F)F)cc(-c3ccncc3)nc21,0
COc1ccccc1NC(=O)CNC(=O)c1ccccc1,0
O=C(CCn1nc(-c2ccccc2)ccc1=O)N1CCN(c2ccccn2)CC1,0
CC1CCCC(C)N1C(=O)Cn1c(SCC(=O)Nc2ccc3c(c2)OCO3)nc2ccccc21,0
CCOc1ccc(Nc2nc(Cc3nnc(SCC(=O)NCC4CCCO4)n3C)cs2)cc1,0
COc1ccc(S(=O)(=O)N(C)c2c(C)n(C)n(-c3ccccc3)c2=O)cc1OC,0
CCNC(=O)c1c(O)n2c3c(cccc3c1=O)CC2,0
Cc1ccc2[nH]c(=O)c(CN(CCCN3CCOCC3)C(=O)NC3CCCCC3)cc2c1,0
Brc1cccc(-c2nnc3sc(CN4CCCCC4)cn23)c1,0
COc1ccc(C(=O)NCCn2ccc3ccccc32)c(OC)c1,0
C=C1C2(C(=O)NCc3ccco3)CCC(C2)C1(C)C,0
CC(C)(C)NC(=O)CSc1nc(=O)cc(O)n1-c1ccccc1F,0
CCN(c1ccccc1)S(=O)(=O)c1ccc(C(=O)Nc2nnc(COC)o2)cc1,0
O=S1(=O)N=C(N2CCN(Cc3ccc4c(c3)OCO4)CC2)c2ccccc21,0
Cc1nc2ccccc2c2oc(C(=O)Nc3ccc4c(c3)OCCO4)cc12,0
O=C(NC(=O)c1ccccc1)OCC(F)(F)F,0
O=C(NCCN1CCOCC1)Nc1ccc(Cl)cc1,0
CC(=O)NC(Cc1c[nH]c2ccccc12)C(=O)Nc1ccc2c(c1)OCO2,0
c1csc(-n2nc3ccccc3n2)c1,0
CCOc1ccc(Cl)cc1S(=O)(=O)n1nnc2ccccc21,0
COc1ccc2nc3oc(C(=O)N4CCN(c5cccc(Cl)c5)CC4)cc3cc2c1,0
O=c1[nH]c2ccccc2n1CCCSCCCn1c(=O)[nH]c2ccccc21,0
CN1C(=O)C(CC(=O)N2CCN(C(c3ccccc3)c3ccccc3)CC2)N(C)C1=O,0
O=C(COC(=O)C1CCC1)Nc1ccc(OC(F)F)cc1,0
O=c1cc(CN2CCN(Cc3ccccc3)CC2)c2cc(Cl)ccc2o1,0
c1ccc(-c2nnc(SCc3cn4ccsc4n3)o2)cc1,0
COc1cc2c(cc1OC)CN(C(=O)COc1ccc(C#N)cc1)CC2,0
O=C(CC(O)(c1ccccc1)C(F)(F)C(F)F)c1cccs1,0
CC(=O)C1C(=O)NC23CCCCC2C1c1ccccc1O3,0
CC(C)C(CC(=O)NCc1ccco1)c1ccco1,0
COC(=O)c1cc(Br)c(=O)n(Cc2ccc(C(=O)O)cc2)c1,0
CC(C)(C)c1cc(Br)ccc1OCC(=O)Nc1ncn[nH]1,0
Clc1ccc(Br)cc1-c1nc(-c2ccncc2)no1,0
COc1ccc(CNc2nc3c(c(=O)[nH]c(=O)n3C)n2CCCc2ccccc2)cc1,0
COC(=O)NCc1cc2cc(Cl)ccc2[nH]1,0
CC(C)C(NS(=O)(=O)c1cccc2nsnc12)C(=O)N1CCc2ccccc2C1,0
COC(=O)c1cccc(S(=O)(=O)N2CCN(c3nc4ccccc4s3)CC2)c1,0
Cc1oncc1C(=S)Nc1ccccc1,0
CCc1ncc(C(O)c2cccc(OC)c2OC)n1C,0
CC(C)CN(C(=O)COC(=O)Cc1n[nH]c(=O)c2ccccc12)C1CCS(=O)(=O)C1,0
Cn1c(=O)cc(SCC(=O)N2CCN(c3ccccn3)CC2)c2ccccc21,0
O=C(CCS(=O)(=O)c1ccc(Br)cc1)N1CCN(c2ccccc2F)CC1,0
CCOC(=O)c1ccc(NC(=O)CSc2ncccn2)cc1,0
COc1ccc(NC(=O)C(C)NS(=O)(=O)c2ccccc2)cc1Cl,0
CCOC(=O)COc1ccc(C(=O)NC2CCCCC2)cc1,0
CC(=O)C1=C(C)NC(SCC(=O)c2ccc(F)cc2)=C(C#N)C1c1ccco1,0
CCN1CCN(c2ncnc3c2cnn3-c2ccc(C)cc2C)CC1,0
CCc1nnc(NC(=O)CSc2nnc(Cc3ccccc3)o2)s1,0
COC(=O)c1ccc(NC(=O)CN2CCN(c3ccccc3)CC2)cc1,0
O=c1[nH]c2sc3c(c2c(=O)n1Cc1ccccc1)CCC3,0
O=C(CCn1cccc1)Nc1ccccc1F,0
COC(=O)c1ccc(NC(=O)CCNS(=O)(=O)c2cccc3nonc23)cc1,0
O=C(Nc1ccc(N2CCOCC2)c(Cl)c1)c1cccc(F)c1,0
COc1ccc(-c2nn(-c3ccccc3)cc2C(=O)N2CCOCC2)cc1,0
Cc1ccc(C)c(S(=O)(=O)C(C#N)c2nc3ccccc3nc2N2CCOCC2)c1,0
CNC(=O)C1CC(=O)N(Cc2ccccc2)/C(=N/c2ccc(OC)cc2)S1,0
CC1CCN(C(=O)CCc2nc3cc(S(=O)(=O)N(C)C)ccc3n2C)CC1,0
CSc1ccccc1NC(=O)c1cnccn1,0
O=C(O)CCC(=O)Nc1ccccc1C(=O)NC1CCCCC1,0
Cc1ccc(NC(=O)CS(=O)CC(=O)N(c2ccccc2)C(C)C(=O)NC2CCCC2)cc1,0
COc1ccc(-c2c3c([nH]c(=S)c2C#N)CCC3)cc1,0
Cc1cc(C(=O)Nc2sc3c(c2C#N)CCC(C)C3)no1,0
CCCCN(C)CCCNC(=O)C1CC(=O)N(Cc2ccc(OC)cc2)C1,0
O=C(Nc1ccc(N2CCN(Cc3ccccc3)CC2)cc1)c1ncn[nH]1,0
COc1cc(C(=O)NC2CC3CCCC(C2)N3C2CC2)cc(OC)c1OC,0
COc1ccccc1OC(=O)C1CC(=O)N(c2ccc(Cl)cc2)C1,0
COc1cc(OC)c(NC(=O)c2c(-c3ccccc3)noc2C)cc1Cl,0
CC1CCCCN1C(=O)CSc1nc2ccccc2n1CC(=O)N1CCc2ccccc21,0
COc1ccc(C2(C(=O)NCCCN(C)C)CCOCC2)cc1,0
COC(=O)CN(c1nc(C)cc(OC)n1)S(=O)(=O)c1ccc(C)cc1,0
CCCOc1ccc(-c2nnc(N)s2)cc1,0
CC(C)Oc1ccc(C2C(C(=O)c3ccco3)=C(O)C(=O)N2CCCN(C)C)cc1,0
CCOC(=O)c1c(NC(=O)CN2CCOCC2)sc2c1CC(C)(C)OC2,0
CCn1c(SCC(=O)NCc2ccco2)nc2c1c(=O)n(C)c(=O)n2C,0
Cc1nc(C)c(C(=O)Nc2cccc(Cl)c2)o1,0
COC(=O)c1sc(NC(=O)c2cnccn2)c(C(=O)OC)c1C,0
CC1CCCCC1NC(=O)CCn1c(=O)oc2ccccc21,0
Cc1nc2ccccc2c(=O)n1C1CCCCCC1,0
O=C(O)CN1C(=O)Nc2ccc(Br)cc2C1c1ccccc1,0
O=C(NC(C(=O)N1CCCC1C(=O)O)=C1CCCCC1)c1ccccc1,0
Cc1cc(OCC(=O)N2CCOCC2)c(C(C)C)cc1Cl,0
CN1C(=O)C(O)(C2COC(C)(C)CC2=O)c2cc(Br)ccc21,0
Cc1cccc(NC(=O)CSc2nnc(C3CCCN3C(=O)OC(C)(C)C)o2)c1C,0
Cc1nc2c(C(=O)NCc3ccc4c(c3)OCO4)c[nH]n2c(=O)c1Cl,0
Cc1cc(NS(=O)(=O)c2ccc(NC(=O)CCCOc3ccccc3)cc2)no1,0
CCC(=O)c1cn(CC(=O)NCC2CCCO2)c2ccccc12,0
O=C(CSc1nnc(C2COc3ccccc3O2)o1)N1CCCc2ccccc21,0
CCN(CC)CCCN/C(C)=C1\C(=O)NC(=O)N(C2CCCCC2)C1=O,0
O=C(O)C1C2C=CC(C2)C1C(=O)NCCc1cccc(Cl)c1,0
O=C(NC1CCCCCC1)C1CCN(S(=O)(=O)c2ccc(F)cc2)CC1,0
CC(C)(C)C(=O)Nc1ncc(C(F)(F)F)cc1Cl,0
O=C(Nc1ccc(F)cc1F)c1noc2c1CCC2,0
CSCc1nnc(NC(=O)c2ccc(S(=O)(=O)N(CC(C)C)CC(C)C)cc2)o1,0
O=C(c1ccc(COc2c(F)c(F)c(F)c(F)c2F)o1)N1CCOCC1,0
Cc1ccc(-n2c(Cc3cccn3C)nnc2SCC(=O)NCc2ccco2)cc1,0
Cc1ccc(-n2nc3c(c2NC(=O)c2ccc4c(c2)OCO4)CSC3)cc1,0
COC(=O)CSc1nnc(CNC(=O)c2cccc(C)c2)n1-c1ccccc1OC,0
O=C(CC1SC2=NCCN2C1=O)Nc1ccc(Cl)cc1,0
C=CCOc1cccc(C2C(C(=O)c3ccco3)=C(O)C(=O)N2CCN(CC)CC)c1,0
O=C(OCCN(CCOC(=O)c1ccncc1)S(=O)(=O)c1cccs1)c1ccncc1,0
CCCCc1nc2ccccc2c(=O)n1NC(=O)c1c(O)n(CC(C)C)c2c(c1=O)CCCC2,0
O=C(O)COc1ccc(Br)cc1/C=N/O,0
COC(=O)c1cc(Br)c(=O)n(Cc2ccc3c(c2)OCO3)c1,0
CCCn1c(SCC(=O)c2ccc3c(c2)OCCO3)nc2c1c(=O)n(C)c(=O)n2C,0
CN(c1ccccc1C(=O)NCc1ccccn1)S(C)(=O)=O,0
Cc1[nH]c2ccc(F)cc2c(=O)c1SC(F)(F)C(F)F,0
CC(NC1CCCCC1)=C1C(=O)c2ccccc2C1=O,0
COc1cccc(C(=O)Oc2cc(N)n(S(=O)(=O)c3ccc(C)cc3)n2)c1OC,0
CCOC(=O)N1CCN(C(=O)CCSc2ccc(C)cc2)CC1,0
COCCNC(=O)C(c1ccc(C)cc1)N(C(=O)CCC(=O)Nc1ccccn1)C1CCCC1,0
O=S(=O)(Nc1ccccn1)c1ccc(Cl)cc1,0
O=C(CSc1nnc(-c2ccc(Br)cc2)n1C1CCCCC1)N1CCCC1,0
CCN(CC)S(=O)(=O)c1cc(C(=O)Nc2ccccc2C(=O)O)ccc1OC,0
O=C(Nc1ccncc1)Nc1ccc(F)cc1F,0
O=C(CN(C1CCCCC1)S(=O)(=O)c1ccc(F)cc1)NC1CC1,0
NC(=O)c1ccsc1NC(=O)CN1C(=O)C2CC=CCC2C1=O,0
O=C(NCc1ccncc1)c1c(F)c(F)c(F)c(F)c1F,0
COc1ccc2c(c1)C(C)=CC(C)(C)N2C(=O)CSc1nnc(-c2ccc(C)cc2)o1,0
CN(C(=O)CCN1C(=O)C(C)(C)Nc2ccccc21)c1ccccc1,0
O=C(c1ccc(COc2ccc(Cl)cc2)o1)N1CCN(Cc2ccc3c(c2)OCO3)CC1,0
c1ccc(C2=Nn3c(nnc3-c3ccccn3)SC2)cc1,0
CC1CCCCC1NC=C1C(=O)CC(C)(C)CC1=O,0
Cc1cc(C)n2nc(SC(C)C(=O)N3CCC4(CC3)OCCO4)nc2n1,0
O=S(=O)(c1ccc(Br)cc1)N1CCN(c2cc(-c3ccccc3)nc3ncnn23)CC1,0
COc1ccc(/N=c2\oc3c(OC)cccc3cc2C(=O)NCc2ccco2)cc1OC,0
O=C(CCC(=O)N1CCN(C2CCCCC2)CC1)Nc1nnc(C(F)(F)F)s1,0
CC(C)(O)c1cc(=O)sc2nc3ccccc3n12,0
COc1cccc(C(=O)NC2(C(F)(F)F)N=C3SCCN3C2=O)c1,0
O=S(=O)(Cc1ccccc1Cl)Nc1ccccn1,0
CCOC(=O)c1cc(-c2ccc(N)cc2)sc1N,0
CN(C)c1ccc(NC(=O)CSc2nc3ccccc3c(=O)n2C2CCCCC2)cc1,0
CC(=O)C1C(=O)CC(C)(O)C(C(C)=O)C1c1ccc(N(C)C)cc1,0
CCOC(=O)c1ccc(CNC(=O)CSc2nnnn2-c2ccc(Cl)cc2)o1,0
CS(=O)(=O)N(CCc1ccccc1)CC(=O)N1CCN(c2ccccc2F)CC1,0
N#CC1(c2ccccc2)CCC(=NO)CC1,0
Cc1ccccc1CN1C(=O)CSc2ccc(C(=O)N3CCOCC3)cc21,0
Brc1cnn(-c2nc(N3CCOCC3)nc(N3CCOCC3)n2)c1,0
CCc1cc2cc(C)cc(C)c2nc1SCC(=O)N1CCN(C(=O)c2ccco2)CC1,0
COc1ccc(-c2noc(-c3cccc(Cl)c3)n2)cc1OC,0
CCOC(=O)C(NC(=O)N1CCCCC1)(c1ccccc1)C(F)(F)F,0
CCN(CC)c1ccc(N/C=C2\C(=O)NC(=O)N(c3cc(OC)ccc3OC)C2=O)cc1,0
O=C1C2C(C(=O)N1Cc1ccco1)C1C=CC2C12CC2,0
CC1CC(C)CN(c2oc(-c3ccccc3Cl)nc2C#N)C1,0
CCc1ccccc1N(CC(=O)N1CCN(c2ccccc2)CC1)S(C)(=O)=O,0
CCN(CC)c1ccc(NC(=O)CN2CCN(CC(=O)Nc3ccccc3F)CC2)cc1,0
CCOC(=O)C(NC(=O)CC)(Nc1ccccc1OC)C(F)(F)F,0
O=C(CSc1nccc(=O)[nH]1)Nc1ccc(F)c(Cl)c1,0
Cc1cc(S(=O)(=O)N2CCN(c3c(C)cccc3C)CC2)ccc1F,0
CC1CCCCN1C(=O)Cc1ccc(Cl)cc1,0
COc1ccccc1CN1C(=O)CCC1(C)C(=O)NC1CCCCCC1,0
N#Cc1ccc(CSc2nnc(-c3ccccn3)n2-c2ccc(Cl)cc2)cc1,0
CCOC(=O)C1CCN(Cc2c(O)ccc3ccccc23)CC1,0
Cc1cc(NC(=O)CSc2nnc(-c3ccco3)o2)no1,0
C=CCn1c(Cc2ccc(OC(C)C)c(Cl)c2)nnc1SCC(N)=O,0
Cc1nn(CC(=O)N2CCN(Cc3ccccc3)CC2)c(=O)c2ccccc12,0
COc1cc(NC(=O)c2ccc(NS(=O)(=O)c3c(C)noc3C)cc2)cc(OC)c1,0
CC(C)(C)NC(=O)CN1CCC(O)(c2ccccc2)CC1,0
Cc1cccc(N2CCN(C(=O)c3cc4c(=O)[nH]c5ccccc5c4n3C)CC2)c1C,0
COc1cc2c(cc1OC)C(c1cccnc1)CC(=O)N2,0
CCCc1cc(=O)nc(NCc2ccc(Cl)cc2)[nH]1,0
COC(=O)c1ccccc1OCC(=O)NC1CCCCC1,0
COc1cc(C2C(C(=O)c3ccc(C)o3)=C(O)C(=O)N2CCc2ccccc2)ccc1O,0
Oc1ccccc1CNc1nc2ccccc2n1CCN1CCCCC1,0
CCc1ccc2[nH]c(=O)c(CN(CCN3CCCC3)C(=O)NC3CCCCC3)cc2c1,0
O=C(NCc1ccc2c(c1)OCO2)C1CCCN(S(=O)(=O)c2cccc3cccnc23)C1,0
Cc1cc(C)cc(OCC(=O)Nc2cccc(-c3nnc(-c4ccco4)o3)c2)c1,0
CC(CC(=O)NCc1ccccc1)C1CCCO1,0
COC(=O)c1cn(C(=O)c2cccs2)c2ccccc12,0
Cn1c(Oc2ccccc2NCc2cc(Br)ccc2O)cc(=O)n(C)c1=O,0
Cc1ccccc1-c1nc(CN2CCC(C(=O)NC3CCN(Cc4ccccc4)CC3)CC2)c(C)o1,0
CC(C)OCCCNC(=O)CN1CCN(Cc2ccccc2Cl)C1=O,0
Cc1nc(NC(=O)C2CC2)sc1C(=O)N1CCCCC1,0
O=C(CN1CCN(Cc2ccccc2Cl)C1=O)NC1CCCCCCC1,0
COc1ccccc1C1SCCN1S(=O)(=O)c1cccc(C(F)(F)F)c1,0
Cc1cc(C)c(OCC(=O)Nc2cccc(NC(=O)c3ccco3)c2)c(Br)c1,0
COc1ccc(Br)c2c1-c1nc(NC(=O)c3ccco3)sc1C2,0
CCC(C)N1CC23C=CC(O2)C(C(=O)OCc2ccccc2)C3C1=O,0
CCn1c(SCC(=O)c2cc(OC)ccc2OC)nc2c1c(=O)n(C)c(=O)n2C,0
O=C(NC1CC1)C1CCC(=O)N1C1CCCC1,0
N#CCCN(Cc1cccnc1)C(=O)Nc1cccc(Cl)c1,0
COC(=O)CN1C(=O)COc2ccc(Cl)cc21,0
CCC(C)OC(=O)C1=C(C)NC(=O)CC1c1ccccc1OC,0
O=C(C1CCN(S(=O)(=O)c2cccnc2)CC1)N1CCN(c2ccccc2Cl)CC1,0
CC1(C)NC(=O)N(CCOCCSc2ccccc2)C1=O,0
COc1ccc(C)cc1NC(=O)CN(c1ccccc1F)S(C)(=O)=O,0
Cc1cccc(OCC(O)CN2C(C)(C)CC(O)CC2(C)C)c1,0
CCOC(=O)C1=C(C)NC(=O)NC1c1ccc(N(C)C)cc1,0
COc1ccc(C(=O)NC(C)c2nnc(SCC(=O)Nc3nc4ccccc4s3)n2C)cc1,0
CCN1CCN(CC(=O)NC2CCCCC2)C(=O)C1=O,0
COC(=O)C1C(=O)C2=C(CC1C)NC(=O)CC2c1cccc(C)c1,0
CC(=O)NC1C(=O)Nc2c1cccc2C(F)(F)F,0
O=C(COc1c(F)c(F)cc(F)c1F)NC(=O)NC1CCCC1,1
COc1cc(C2c3c(n[nH]c3C)C(=O)N2c2ccc(Br)cc2)ccc1O,0
O=C(CCN1C(=O)C2C3C=CC(C3)C2C1=O)N1CCN(c2ccccc2F)CC1,0
O=C(CCOc1ccccc1)NCC(c1ccco1)N1CCCCC1,0
CC(=O)Nc1ccc(S(=O)(=O)N2CCN(C(=O)N3CCOCC3)CC2)cc1,0
Fc1ccc(N2CCN(c3nc(-c4ccco4)cc(C(F)(F)F)n3)CC2)cc1,0
COC(=O)c1ccc(CSc2nc(C)nc3c2c(=O)n(C)c(=O)n3C)o1,1
O=C(CSc1nnc(Cc2ccccc2)o1)NCCN1C(=O)CSC1=O,0
O=C(NCc1ccccn1)C1CCC(=O)N1C1CCCC1,0
O=C(Cc1c(C(=O)O)[nH]c2ccccc12)NCCN1CCN(c2cccc(Cl)c2)CC1,0
Cc1cnc(C(=O)OCC(=O)N2c3ccccc3NC(=O)C2(C)C)cn1,0
Cc1nn(Cc2ccccc2)c(Cl)c1C(=O)OC1CCOC1=O,0
COc1ccc2nc3oc(C(=O)N4CCCCC4)cc3cc2c1,0
O=C(C1CCC1)N(CCc1ccccc1)Cc1nc(=O)c2ccccc2[nH]1,0
O=C(CSc1nc(-c2ccc(F)cc2)cc(C(F)(F)F)n1)NCCN1CCOCC1,0
CCOc1ccc(NC(=O)CSc2nnc(Cc3cccn3C)n2-c2ccc(OC)cc2)cc1,0
COc1cccc(CNC(=O)C2CCCN(S(C)(=O)=O)C2)c1,0
Cc1nc(=S)n(-c2ccccc2)[nH]1,0
CCOC(=O)Cc1csc(NC(=O)CSc2ncnc3c2cnn3-c2ccc(OC)cc2)n1,0
Cc1ccc(-n2c(C)cc(C(=O)OCC(=O)N(CC(C)C)C3CCS(=O)(=O)C3)c2C)cc1,0
Cc1ccc(/C=c2\s/c(=C(/C#N)C(=O)N3CCCC3)n(Cc3ccco3)c2=O)s1,0
CC(C)c1ccc2oc(-c3ccc(N)cc3)nc2c1,0
O=c1cc(N2CCC3(CC2)OCCO3)[nH]c(=O)n1-c1ccc(Cl)cc1,0
O=C(c1ccco1)N1CCC(c2nc(-c3ccccc3Cl)no2)CC1,0
COc1ccccc1N1CCN(C(=O)CSc2nc3ccccc3c(=O)n2CC2CCCO2)CC1,0
Cc1cc(NS(=O)(=O)Cc2ccccc2)cc(C)c1OCC(=O)N1CCOCC1,0
CC1=CC(C)=Nc2ccc(C)cc2N1,0
Cc1cc(-c2csc(NC(=O)c3cc4ccccc4o3)n2)c(C)n1C,0
Cc1nnc(NC(=O)CSc2nnc(Cc3cccn3C)n2CCc2ccccc2)s1,0
O=c1cc(-c2ccccc2)[nH]c(N2CCN(Cc3ccc4c(c3)OCO4)CC2)n1,0
CC1=NN(c2ccccc2)C(=O)/C1=C/NO,0
CC1CCN(C(=O)Nc2cccc(NC(=O)N3CCC(C)CC3)c2)CC1,0
FC(F)(F)c1cccc(N2CCc3cn[nH]c32)c1,0
COc1ccccc1N(CC(=O)Nc1ccc2c(c1)OCO2)S(=O)(=O)c1ccccc1,0
Cc1ccc(CNC(=O)C2CCN(S(=O)(=O)c3cccs3)CC2)o1,0
CCOC(=O)C1CCCN(C(=O)c2sc3nc(-c4ccc(F)cc4)cn3c2C)C1,0
CCN1CCN(C(=O)CN(c2cc(OC)ccc2OC)S(C)(=O)=O)CC1,0
COc1ccc(Nc2nc(=O)c(Cc3ccccc3Cl)n[nH]2)cc1,0
Cc1ccc(-c2cc(-c3ccc(Cl)cc3)c(C#N)c(N)n2)o1,0
CCC1(CC)C(=O)N=C(NCCc2c[nH]c3ccccc23)NC1=O,0
CC(=O)c1cccc(NC(=O)N2CCCC2C(=O)NCc2ccccc2)c1,0
CCOc1ccc(NC(C)c2cc(Cl)ccc2O)cc1,0
OC(CCCN1CCC(O)(c2ccc(Cl)cc2)CC1)c1ccc(F)cc1,0
O=C(CN(CCc1ccccc1)C(=O)CNS(=O)(=O)c1ccccc1)NCC1CCCO1,0
O=C(C1Cc2ccccc2CN1S(=O)(=O)c1ccc(F)cc1)N1CCCCC1,0
COc1ccc(-c2ccc(Nc3ccc(S(=O)(=O)N4CCCC4)cc3)nn2)cc1OC,0
Cc1c(Cl)cccc1NC(=O)CCN1CCCC(C)C1,0
Cn1c2c(c(=O)n(C)c1=O)C(c1ccc(O)cc1)Nc1ccccc1O2,0
CCOC(=O)CCCNC(=O)CN1C(=O)NC(CCc2ccccc2)C1=O,0
Cc1ccc2c(c1)c(C)c(C)n2CC(O)Cn1nc(C)c(Br)c1C,0
CCOc1ccccc1NC(=O)Cc1ccccc1OC,0
Cc1cccc(N(CC(=O)NCc2ccco2)C(=O)CCC(=O)Nc2ccccn2)c1,0
Cc1sc(NC(=O)CSc2nnc(COc3ccccc3)n2C)c(C#N)c1C,0
O=C(Cc1ccc(Br)cc1)N1CCN(Cc2ccccc2)CC1,0
O=C(Nc1nc(-c2cccnc2)cs1)c1ccc(S(=O)(=O)N2CCOCC2)cc1,0
COc1ccc2nc3oc(C(=O)N4CCC(C(N)=O)CC4)cc3cc2c1,0
COCCCNC(=O)COc1cc(C)c(Cl)c(C)c1,0
Cc1ccc(C(=O)c2cc3c(cc2N)OCCO3)cc1,0
CCc1nnc(NC(=O)CSc2nnc(-c3ccoc3C)n2-c2ccc(C)cc2)s1,0
CCCCSc1nc(=O)c(NC(=O)c2ccco2)c(N)[nH]1,0
CC1CCN(C(=O)CSc2nnc(CSc3ncccn3)n2C)CC1,0
O=S(=O)(c1ccc(Oc2ccc3oc4ccccc4c3c2)nc1)N1CCCC1,0
O=C(CSCc1cnn(-c2ccccc2)c1-n1cccc1)NCc1ccc2c(c1)OCO2,0
Cc1ccc2[nH]c(=O)c(CN(CC3CCCO3)S(=O)(=O)c3c(C)ccc4nsnc34)cc2c1,0
CCOc1ccccc1NC(=O)CSc1nnc(CNC(=O)COc2ccc(Cl)cc2)o1,0
CN(C)c1ccc(NC(=O)CN2CCC(C(=O)c3ccc(F)cc3)CC2)cc1,0
COC(=O)c1ccccc1S(=O)(=O)Nc1ccc(OC)nc1,0
C=CCn1c(SCC(=O)Nc2ccccc2)nnc1-c1cccc(S(=O)(=O)N2CCOCC2)c1,0
COc1ccc(NC(=O)C23CCC(C)(C(=O)C2)C3(C)C)cc1,0
O=C(c1ccco1)N1CCN(S(=O)(=O)N2CCOCC2)CC1,0
CCOc1ccc(NC(=O)CN2CCC(NC(=O)C3CCCCC3)CC2)cc1,0
CCCCN(Cc1cc2cc(OC)ccc2[nH]c1=O)C(=O)c1ccccn1,0
c1cncc(-c2nnc3n2N=C(c2cccs2)CS3)c1,0
COc1ccc(OC)c(NC(=O)CSCC(=O)O)c1,0
CC1CCN(C(=O)Cn2nc(C(F)(F)F)c3c2CCCC3)CC1,0
CC(=O)c1nc2ccccc2n1S(=O)(=O)c1ccc(C)cc1,0
CCOC(=O)c1sc(NC(=O)c2ccco2)nc1-c1ccccc1,0
COc1ccc(-c2nc(NC(=O)C3CCN(c4nc5ccccc5o4)CC3)sc2C)cc1,0
O=C(Nc1ccc(F)cc1F)c1cc2ncc(Br)cn2n1,0
O=C(c1ccc(Cl)cc1)c1ccc(OCC(=O)N2CCOCC2)cc1,0
O=C(COc1ccc(S(=O)(=O)NC2CCCCC2)cc1Cl)NCC1CCCO1,0
CCCCn1c(SCC(=O)Nc2nnc(C)s2)nc2c1c(=O)n(C)c(=O)n2C,0
O=C(Nc1ccn(Cc2ccc(Cl)cc2)n1)c1ccc2c(c1)OCO2,0
COc1cc(OC)c(NC(=O)Nc2ccc(OC)c(OC)c2)cc1Cl,0
CCn1cc(C(=O)NCC2CCCO2)c(=O)c2cc(S(=O)(=O)N3CCCCCC3)ccc21,0
COc1cc(NS(=O)(=O)c2ccc(NC(=O)c3ccc(C)o3)cc2)nc(OC)n1,0
COc1ccc(-c2nnc(SCC(=O)NC(C)C)n2CC2CCCO2)cc1OC,0
O=C(Cc1cccs1)NCc1ccc2c(c1)OCO2,0
Cc1ccnc(NC(=O)CCC(=O)N(CC(=O)NC(C)(C)C)C2CCCC2)c1,0
CCOc1ccc(S(=O)(=O)Nc2cccc(C(=O)N3CCN(c4ccc(OC)cc4)CC3)c2)cc1,0
COCCn1c(C)cc2c(c1=O)C(c1ccccc1F)C(C#N)=C(N)O2,0
Cc1cc(Br)ccc1NC(=O)CNC(=O)CN(C)Cc1nc(=O)c2ccccc2[nH]1,0
CCn1c(SCC(=O)C(C)(C)C)nnc1-c1ccccc1OC,0
CC1CCN(CCCNC(=O)C2CCN(S(=O)(=O)N3CCCCC3)CC2)CC1,0
CCc1ccccc1NS(=O)(=O)c1ccc2[nH]cc(C(=O)NCC3CCCO3)c(=O)c2c1,0
CCn1c(COc2ccccc2C)nnc1SCC(=O)Nc1ccc2c(c1)OCCO2,0
CN(C)C(CNC(=O)c1cccnc1Sc1ccccc1)c1ccco1,0
O=C(Nc1ccc2oc(-c3ccccc3F)nc2c1)c1cncc(Br)c1,0
Cc1cc(C)c2nc(C(F)(F)F)nc(NCCCN3CCCC3=O)c2c1,0
CCOc1ccccc1C(=O)n1nc2nc(C)cc(C)c2c1N,0
N#Cc1cccc(NC(=O)CSc2ccccc2)c1,0
CS(=O)(=O)N(CC(=O)NC1CCCC1)c1cccc(F)c1,0
COC(=O)c1ccc(NC(=O)C2CCN(S(C)(=O)=O)CC2)cc1,0
O=C(COc1cccc2cccnc12)NCC(F)(F)F,0
Cc1cc(C)n2nc(SCC(=O)N3CCC4(CC3)OCCO4)nc2n1,0
O=C(NCc1ccc(Cl)cc1)c1cc(-c2cccs2)on1,0
CC(Sc1nnc2ccccn12)C(=O)Nc1ccc(Cl)cn1,0
COC(=O)CCC(=O)Nc1ccc(S(=O)(=O)N2CCCCCC2)cc1,0
CCn1c(-c2ccc(C(C)(C)C)cc2)n[nH]c1=S,0
CCOC(=O)N1CCN(C(=O)COc2ccccc2Cl)CC1,0
CCOC(=O)C1C(=O)CC(C)(O)C(C(=O)OCC)C1c1ccccc1OC,0
COc1ccc2[nH]c(=O)c(CN(Cc3ccco3)Cc3nnnn3Cc3ccccc3)cc2c1,0
Cc1ccc(-n2c(SCC(=O)N3CCOCC3)nnc2-c2cccnc2)cc1C,0
CN(C)S(=O)(=O)c1ccc(C(=O)NCc2ccccc2)cc1,0
COc1ccccc1-c1nc(-c2ccc(Br)cc2)no1,0
CN1CCN(C(=O)c2ccc3c(c2)N(Cc2cccc(Cl)c2)C(=O)c2ccccc2S3=O)CC1,0
O=C(CCN1CCCC1)Nc1cccc(Br)c1,0
O=S(=O)(Nc1ccc2c(c1)OCCO2)c1cnc[nH]1,0
COc1ccc(C)cc1NC(=O)CN(c1ccccc1)S(C)(=O)=O,0
C=CCc1cccc(CNc2nc3ccccc3n2CCN2CCOCC2)c1O,0
CCN(CC)CCNC(=O)Cn1nc(Cc2ccccc2)c2ccccc2c1=O,0
COC(=O)c1cccc(NC(=O)c2ccc(S(=O)(=O)N3CCN(C)CC3)cc2)c1,0
O=C(CN(Cc1ccc(F)cc1)S(=O)(=O)c1ccccc1)N1CCCCC1,0
CSc1ccc(Cl)c(C(=O)NCC(C)C)c1,0
CCC(NC(C)c1ccccc1)=C1C(=O)N(C)C(=O)N(C)C1=O,0
CC(C)(C)c1ccc(S(=O)(=O)n2c(CN3CCOCC3)nc3ccccc32)cc1,0
CCN1CCN(C(=O)c2cc3sccc3n2CC(=O)c2ccccc2)CC1,0
CN(C)CCCN1C(=O)C(O)=C(C(=O)c2cc3ccccc3o2)C1c1ccccc1,0
COC(=O)COc1nsnc1N1CCOCC1,0
CCOc1cc(S(=O)(=O)NCc2ccco2)c(OCC)cc1-n1cnnn1,0
CN(C)S(=O)(=O)N1CCN(c2cccc(Cl)c2)CC1,0
O=C(Cc1ccc(Br)cc1)N1CCN(c2ccccc2)CC1,0
CCOc1ccc(/N=C2\C(=O)N(CN3CCOCC3)c3ccccc32)cc1,0
Cc1ccc(CNC(=O)CCc2c(C)nc3ncnn3c2C)cc1,0
Cn1c(=O)cc(OCC(=O)N2CCN(c3cccc(C(F)(F)F)c3)CC2)c2ccccc21,0
Cc1ccc(C2C3=C(CC(C)(C)CC3=O)NC3=C2C(=O)CC(C)(C)C3)o1,0
CC(=O)N1CCc2cc(Br)cc(S(=O)(=O)N3CCN(c4ccccn4)CC3)c21,0
N#Cc1c(N)sc2c1CCN(C(=O)OCc1ccccc1)C2,0
O=c1c(CN2CCCCC2)c(O)oc2ccccc12,0
Cc1cccc(NC(=O)c2cc(NC(=O)c3ccco3)ccc2Cl)n1,0
Cc1cc(Br)c(S(=O)(=O)NCCN2CCOCC2)cc1C,0
CC(C)(C)N1C(=O)c2ccc(C(=O)Nc3nccs3)cc2C1=O,0
COc1ccccc1N1CCN(CCNC(=O)Nc2cccc(C)c2C)CC1,0
COc1cc(C(=O)CSc2nncn2C)cc(OC)c1OC,0
CCOC(=O)C1CCN(C(=O)NC23CC4CC(CC(C4)C2)C3)CC1,0
O=C(NC1(C(F)(F)F)NC(=O)N(C2CCCCC2)C1=O)c1cccs1,0
CCc1ccc(CCC(=O)Nc2nnc(CC)s2)o1,0
COc1ccc(C2=Nn3c(nnc3-c3ccccc3)SC2)cc1OC,0
COc1ccc(Cl)cc1N1CC(C(=O)Nc2nccs2)CC1=O,0
N#CCCN(Cc1cccnc1)S(=O)(=O)c1ccc(S(=O)(=O)NC2CCCCC2)cc1,0
CC1CCN(c2nc3c(c(=O)[nH]c(=O)n3C)n2Cc2ccccc2Cl)CC1,0
N#Cc1nc(-c2ccco2)oc1N1CCN(c2cccc(Cl)c2)CC1,0
COc1ccc(-c2nn(C)c(=O)c3ccccc23)cc1CNS(C)(=O)=O,0
CCOC(=O)c1c(CN2CCN(CCO)CC2)n(C)c2cc(Br)c(OC)cc12,0
O=C(COc1ncnc2ccc(Br)cc12)N1CCOCC1,0
CCOc1ccc(-c2[nH]nc3c2C(c2ccc4c(c2)OCO4)C(C#N)=C(N)O3)cc1OC,0
CN(C)CCCOC(=O)c1ccc(Br)cc1,0
O=C(Nc1cccc(NC(=O)c2ccc(-c3cccc(Br)c3)o2)c1)c1ccco1,0
O=C(O)CC(Cc1ccc(Br)cc1)C(=O)O,0
Cc1cccc(N2C(=O)NC(=O)/C(=C/NCCCN3CCOCC3)C2=O)c1C,0
C#CCN1C(=O)C(O)(CC(=O)c2cc(OC)ccc2OC)c2ccccc21,0
Cc1nnc(SCc2cc(=O)nc(N3CCN(Cc4ccccc4)CC3)[nH]2)s1,0
CC(=O)c1cccc(NC(=O)COc2ccccc2)c1,0
CCOc1ccccc1-n1c(COc2ccccc2)nnc1SCC(N)=O,0
O=C(N1CCOCC1)N1CCCC(c2nc(-c3cccs3)no2)C1,0
CN(C(=O)CSc1nnc(-c2ccco2)o1)C1CCCCC1,0
COc1ccccc1NC(=O)CN1CCN(C2c3ccccc3-c3ccccc32)CC1,0
CCN(CC)CCCC(C)NC(=C1C(=O)N(C)C(=O)N(C)C1=O)c1ccccc1,0
CC(C)CNS(=O)(=O)c1ccccc1C(=O)N1CCCCC1,0
O=C(NCc1cccnc1)C1CCN(S(=O)(=O)c2cccnc2)CC1,0
CC1c2cccn2CCN1CC(O)COCc1ccccc1,0
COC(=O)Cc1ccc2c3ccccc3n(C)c2c1,0
CCCN(CCC)S(=O)(=O)c1ccc(C(=O)Nc2nnc(-c3cc(OC)cc(OC)c3)o2)cc1,0
CN(C)c1ccc(/C=C/c2cc[n+]([O-])cc2)cc1,0
O=C(O)c1cc2nc(C3CC3)cc(C(F)(F)F)n2n1,0
COc1ccccc1N1CCN(C(=O)C(Cc2ccccc2)NC(=O)C2CCCCC2)CC1,0
CCOc1ccc(S(=O)(=O)N2CCN(c3ccc(OC)cc3)CC2)c2cccnc12,0
O=C(/C=N/O)NCCCN1CCOCC1,0
Cc1cc(C)c2c(CN3CCN(C)CC3)cc(=O)oc2c1,0
CN(C)S(=O)(=O)NC(c1ccccc1)c1ccccc1,0
O=C(N1CCOCC1)N(CCN1CCOCC1)Cc1cccc(Cl)c1,0
COC(=O)c1ccc(N/C(C)=C/C(=O)c2ccc(C)o2)cc1,0
COc1ccc(Cl)cc1NC(=O)Cn1cccc1,0
O=C(CCC1CCCC1)Nc1ccc(Br)cn1,0
Cc1ccc(C(C)C)cc1S(=O)(=O)NCc1cccnc1,0
O=C(COc1ccc(Br)cc1)Nc1ccc(-c2nnc(-c3ccco3)o2)cc1,0
C=CCNC(=O)CN(c1ccc(F)cc1)S(=O)(=O)c1ccc(OC)cc1,0
CC(=O)c1cc(-c2ccccc2)n(CC(=O)N2CCC(N3CCCCC3)CC2)c1C,0
O=C(Nc1nncs1)C1(c2ccccc2)CCCC1,0
CCN1CCN(C(=O)COc2ccc(S(=O)(=O)N(C)Cc3ccccc3)cc2)CC1,0
CCOC(=O)C1CCN(C(=O)CSc2n[nH]c(=O)[nH]c2=O)CC1,0
Cc1ccc(C#N)c(SCc2cc3c(cc2Cl)OCO3)n1,0
CCOC(=O)CSC1=C(C#N)C(c2ccc(C)cc2)C2=C(CCCC2=O)N1,0
COc1cc(NC(=O)c2ccco2)c(OC)cc1NC(=O)Nc1cccc(Cl)c1,0
Cn1c(-c2ccc(C(C)(C)C)cc2)n[nH]c1=S,0
CC1=C(C(=O)OC2CCCCC2)C(c2cccnc2)N2NN=NC2=N1,0
CCCSCCCNC(=O)Cn1cc2c(n1)CCC(C)C2,0
CN(C)C(=O)c1ccc(COc2ccccc2Br)o1,0
CN(CC(=O)N1CCc2ccccc21)S(=O)(=O)c1cccs1,0
CCOC(=O)CSc1nc2cc(OCC)ccc2cc1C#N,0
CCCOC(=O)Nc1sc2c(c1C(=O)OCC)CCC2,0
CC(C)=CCC12CN3CCN(CC(C3)C1=O)C2,0
Cc1nc2ccccc2c(=O)n1NC(=O)c1ccccc1Cl,0
O=C(CN1CCN(c2ccc(Cl)cc2)CC1)Nc1cccc(F)c1,0
O=C(NCC1COc2ccccc2O1)C1CCN(S(=O)(=O)c2cccc3nsnc23)CC1,0
CCOC(=O)c1c(C)oc2c(F)c(F)c(F)c(F)c2c1=O,0
CCOC(=O)C1=C(C)N=c2s/c(=C\c3ccncc3)c(=O)n2C1c1ccc2c(c1)OCO2,0
CCOC(=O)N1CCN(S(=O)(=O)c2ccc(C(=O)Nc3nc4c(s3)CC(C)CC4)cc2)CC1,0
COc1ccc(-c2cc3nc(C4CCN(C(=O)OC(C)(C)C)CC4)c(C(=O)O)cn3n2)cc1,0
O=C1OC(Nc2ccc(Br)cn2)c2ccccc21,0
CCOc1ccc(NS(=O)(=O)c2ccc(OCC(=O)N3CCCC3)cc2)cc1,0
CCCCNS(=O)(=O)c1cccc(S(=O)(=O)N2CCCC2)c1,0
CCC(=O)N1CCN(c2ccccc2NC(=O)COc2ccccc2Cl)CC1,0
Cc1sc2ncnc(SCC(=O)N3CCCC3)c2c1C,0
Cc1c(-c2nc(N)nc(Nc3ccccc3F)n2)oc2ccccc12,0
O=C(Nc1ccc(S(=O)(=O)N2CCc3ccccc32)cc1)c1ccc2c(c1)OCO2,0
O=C(C1CC1)N1CCc2cc(Br)cc(S(=O)(=O)NC3CCCCC3)c21,0
CCc1sc(C(=O)NC2CCN(C)CC2)cc1Br,0
Cc1cccc(Cn2c(N(C)Cc3ccccc3)nc3c2c(=O)[nH]c(=O)n3C)c1,0
O=S(=O)(N1CCCCC1)N1CCCN(S(=O)(=O)N2CCCCC2)CC1,0
COc1ccc(C)cc1S(=O)(=O)Nc1ccccc1C,0
CSc1nc(C)cc(OCC(=O)n2nc(C)cc2C)n1,0
COCCN1C(SCc2cccnc2)=NN/C1=C1\C=Nc2ccccc21,0
O=C(COc1ccc(N2CC(C(=O)O)CC2=O)cc1)Nc1cccc(C(F)(F)F)c1,0
C=CCn1c(COc2cccc(C)c2)nnc1SCC(=O)NC(=O)NCc1ccco1,0
CCC(C)NC(=O)C1CCC(=O)N1Cc1ccc(C)cc1,0
CCn1c(SCC(=O)Nc2nccs2)nnc1-c1ccccc1,0
CCOC(=O)CCNC(=O)c1ccccc1Br,0
CC(C)(C)C(=O)Nc1ccccc1C(=O)NCc1ccco1,0
CCOC(=O)c1cc2sccc2n1CC(=O)N1c2ccccc2CC1C,0
CCOc1cc(S(=O)(=O)Nc2ccc(Cl)cn2)ccc1F,0
O=C(CCCSc1nc(-c2ccco2)cc(C(F)(F)F)n1)NCc1cccs1,0
Cc1cc2c(=O)n(Cc3ccco3)c(SCC(=O)NCc3ccco3)nc2s1,0
OCCNc1ncnc2c1c(-c1ccccc1)c(-c1ccccc1)n2Cc1ccco1,0
CCOC(=O)CSc1nnc(-c2cccnc2)n1Cc1ccccc1,0
Cc1ccc(C)c(NS(=O)(=O)c2c(C)nn(C)c2C)c1,0
CCCNC(=O)CC(NS(=O)(=O)c1ccc(Cl)cc1)c1ccco1,0
CC1CC(=O)c2cnc(NCc3ccco3)nc2C1,0
Cc1ccc(S(=O)(=O)Nc2ccc(C(=O)Nc3cc(C)on3)cc2)cc1,0
O=C(Nc1ccc2c(c1)OCO2)c1ccc(Br)s1,0
O=C(NCc1ccccc1)c1c(F)c(F)c(F)c(F)c1F,0
COc1ccccc1CN(CC(=O)NCc1ccco1)C(=O)CNS(=O)(=O)c1ccccc1,0
Cc1ccc(C)n1-n1cnc2sc3c(c2c1=O)CCC3,0
COC(=O)C1(CCSC)NC(c2ccccc2OC)C2C(=O)N(C)C(=O)C21,0
CCN(CC(=O)Nc1ccc2c(c1)OCCO2)c1ccc(S(=O)(=O)N2CCOCC2)cn1,0
O=C(NC1CCCCC1)c1ccc2c(=O)n(CC3CCCO3)c(=O)[nH]c2c1,0
CN1C(=O)c2ccccc2C(C(=O)NCC2CCCO2)C1c1c[nH]c2ccccc12,0
COc1ccc(-c2cc(C(F)(F)F)n3ncc(C(=O)NCC4CCCO4)c3n2)cc1OC,0
CCOC(=O)c1sc(NC(=O)c2ccc(Br)o2)cc1C,0
O=C(CN1CCN(Cc2ccccc2)C1=O)NCc1ccc(Cl)cc1,0
CCOc1ccc(OCCSc2nc(=O)cc(C)[nH]2)cc1,0
O=C(CCN1CCc2ccccc2C1)Nc1ccc2c(c1)OCO2,0
CN(CCNC(=O)C1CCN(S(=O)(=O)c2cnc[nH]2)CC1)Cc1ccccc1,0
COc1cccc(-c2nnc3n2N=C(c2cccc(Br)c2)CS3)c1,0
O=C(Nc1cc2nn(-c3ccccc3)nc2cc1Cl)c1ccco1,0
Cc1ccc2nc(-c3ccc(NC(=O)c4ccco4)cc3)[nH]c2c1,0
CC1CCCCC1NC(=O)C1CCN(S(=O)(=O)N2CCC3(CC2)OCCO3)CC1,0
Cc1cc(-c2cc(-c3ccc(Cl)cc3)nc(N)c2C#N)co1,0
Cn1cccc1CNC(=O)Nc1ccc(Cl)cc1,0
Fc1ccc(-c2nc3nc4ccccc4nc3n2Cc2ccco2)cc1,0
CCOc1cc(C2c3c(n[nH]c3C)C(=O)N2c2ccc(C)cc2)ccc1O,0
Cc1occc1-c1nnc(SCC(=O)N2CCOCC2)n1Cc1ccco1,0
CC(=O)N(c1ccccc1)c1c(F)c(F)c(F)c(F)c1F,0
O=C(c1cccc(S(=O)(=O)N2CCOCC2)c1)N1CCCC1,0
COc1ccc(Cn2c(N)c(C(=O)NCc3ccco3)c3nc4ccccc4nc32)cc1OC,0
Cc1nc(/N=C/N(C)C)sc1C(=O)Nc1ccccc1,0
CN(C)/C=N/c1c(C#N)c(-c2ccccc2)c(-c2ccccc2)n1Cc1ccco1,0
O=C(COC(=O)C1CC2C=CC1C2)NCc1ccco1,0
CCCCNC(=O)c1ccc(CS(=O)(=O)c2cccc(C(F)(F)F)c2)o1,0
CCOC(=O)N1CCC(NC(=O)c2ccc3c(c2)sc2nc(-c4cccc(OC)c4)cn23)CC1,0
O=C(CN(Cc1ccccc1F)C(=O)c1ccco1)NCc1ccc(F)cc1,0
O=C(c1cc(S(=O)(=O)N2CCOCC2)c(Cl)cc1Cl)N1CCCCC1,0
CCn1cnc2sc(C(=O)N3CCN(c4ccc(OC)cc4)CC3)c(C)c2c1=O,0
Cc1occc1-c1nnc(SCC(=O)N2CCOCC2)o1,0
O=C(O)CSc1nc2ccc(Cl)cc2[nH]1,0
O=C(C1CCN(S(=O)(=O)c2ccc(-n3cnnn3)cc2)CC1)N1CCN(c2ccccc2)CC1,0
Cc1cc(Cl)ccc1OCC(=O)N1CCN(C)CC1,0
Nc1c(C(=O)NC2CCCC2)c2nc3ccccc3nc2n1CC1CCCO1,0
Cc1ccc2[nH]c(=O)c(CN(Cc3ccccc3Cl)C(=O)N3CCOCC3)cc2c1,0
CCCc1cc(=O)nc(SCC(=O)N(C)Cc2ccccc2)[nH]1,0
COc1ccc(C(=O)O)cc1S(=O)(=O)Nc1cccc(C(F)(F)F)c1,0
CCN(Cc1ccccc1)S(=O)(=O)c1ccc(C(=O)Nc2nnc(C3CC3)o2)cc1,0
CCOc1ccc(C2CC(=O)NC3=C2C(=O)CCC3)cc1Cl,0
C/N=c1\scc(C)n1/N=C/c1ccc2c(c1)OCO2,0
O=C(CCCn1ncn2c(cc3occc32)c1=O)N1CCc2ccccc2C1,0
CN(C)c1ccc(NC(=O)CN2C(=O)CN=C(c3ccccc3)c3ccccc32)cc1,0
O=C(Nc1ccccc1C(=O)N1CCN(c2ccccc2)CC1)c1ccco1,0
O=C(CSc1nnc(-c2ccccc2)o1)Nc1ccccc1F,0
O=C(CSc1nnc(-c2ccco2)n1Cc1ccccc1)c1ccc(F)cc1,0
COc1ccc(S(=O)(=O)N2CCCC2C(=O)Nc2ccc(C)cc2)cc1,0
Cc1cc(C)c(Cn2c(=O)n(CCCC(=O)NCc3ccco3)c(=O)c3ccccc32)c(C)c1,0
CCN(CC)CCN1C(=O)c2oc3ccccc3c(=O)c2C1c1cccc(Br)c1,0
C=CCN(C(=O)Cn1c(C(=O)OC)cc2oc(C)cc21)c1ccccc1,0
COc1cc(-c2nc(-c3ccc(Br)o3)no2)cc(OC)c1OC,0
Cc1ccc2c(c1)N(CC(=O)NC1CCCCC1C)C(=O)CO2,0
CC(=O)c1ccc(OCCCC(=O)NCC(c2ccco2)N(C)C)cc1,0
CCN1CCCC1CN(Cc1cc2cc(C)ccc2[nH]c1=O)C(=O)Nc1ccccc1OC,0
CCOC(=O)CSc1nc2cc(C(=O)N3CCC(C(N)=O)CC3)ccc2c(=O)n1-c1ccccc1,0
CCCC(=O)Nc1cccc(NC(=O)CN2CCN(c3ccccc3OC)CC2)c1,0
CCS(=O)(=O)Nc1ccc(-c2ccc(NS(=O)(=O)CC)c(OC)c2)cc1OC,0
Cc1[nH]c(SC(C)C)nc(=O)c1Cc1ccccc1,0
Cc1ccnc(-n2sc3ccccc3c2=O)n1,0
Fc1cc(F)c2nc(N3CCOCC3)sc2c1,0
COc1ccccc1NC(=O)CN1C(=O)C(C)Oc2ccccc21,0
CC(C)OC(=O)c1cccnc1SCc1cc(=O)n2ccccc2n1,0
CCc1ccc(N(CC(=O)NC)S(C)(=O)=O)cc1,0
Cc1ccc(-c2nn(C)c(=O)c3ccccc23)cc1S(=O)(=O)N1CCOCC1,0
O=C(NCCc1ccc(Cl)cc1)C1CCN(S(=O)(=O)N2CCCC2)CC1,0
CCOC(=O)c1nc(N2CCN(C(=O)OCC)CC2)c2c3c(sc2n1)CCCC3,0
CCN(CC)CC(C)(C)NS(=O)(=O)c1ccc(Cl)cc1,0
Clc1c(CSc2nc3ccccc3o2)nc2ccccn12,0
OC(CN1CCN(c2ccccc2)CC1)c1c[nH]c2ccccc12,0
Cc1nnc2n(C3CCCCC3)c(=O)c3c4c(sc3n12)CCC4,0
COC(=O)CN(c1ccc(C)cc1)S(=O)(=O)c1ccc2c(c1)n(C)c(=O)c(=O)n2C,0
CC1CCN(C(=O)NC(Cc2ccccc2)C(=O)O)CC1,0
Cc1cccc(OCc2nnc(SCC(=O)N3CCc4ccccc43)n2C)c1,0
O=C1CC(C2CCCO2)C(=O)N1c1cccc(Cl)c1,0
CCOC(=O)N1CCN(C(=O)CN(c2cccc(C)c2)S(=O)(=O)c2ccccc2)CC1,0
CCOc1ccc(N(CC(N)=O)S(=O)(=O)c2ccc(F)cc2)cc1,0
CC(C)OC(=O)CSc1nnc(-c2ccc(Cl)cc2)n1N,0
COc1ccc(N2CCN(Cc3nc4c(c(=O)n(C)c(=O)n4C)n3Cc3cccc(C)c3)CC2)cc1,0
CCc1c(C)[nH]c(SCC(=O)Nc2ccc(Br)cc2)nc1=O,0
COC(=O)C1=C(C)NC(=O)CC1c1cccc(OC)c1OC,0
Cn1ccnc1SCC(=O)Nc1ccc(Oc2ccccc2)cc1,0
COc1ccc2c(c1OC)C(=O)OC2c1c(O)n(Cc2ccc(F)cc2)c(=O)[nH]c1=O,0
O=C(C(NS(=O)(=O)c1cccc2nsnc12)c1ccccc1)N1CCN(c2ccccn2)CC1,1
CCC(=O)c1ccccc1OCCSc1nc(=O)cc(C)[nH]1,0
CCOc1ccc(C(=O)Nc2ccc(N3CCN(C)CC3)cc2)cc1Br,1
COCCN1CCn2c(nc3cc(NC(=O)c4ccc(OC)cc4)ccc32)C1,0
O=C(NCc1cccs1)c1noc2c1CCCCC2,0
COc1ccc(OC)c(C(O)c2nc3ccccc3n2C(C)C)c1,0
O=C(NCC1CCCO1)c1ccc(NC(=O)C2CCCCC2C(=O)O)cc1,0
COCC(C)NC(=O)C1CC(=O)N(c2ccc(C)cc2)C1,0
O/N=C(\c1ccc(Cl)cc1)c1cc2ccccc2o1,0
CCCOc1ccc(C(C)=O)cc1CSCCC#N,0
O=C(Cn1ccc2ccccc2c1=O)NCCC(=O)N1CCN(C2CCCCC2)CC1,0
CCCNC(=O)C1CN(S(=O)(=O)c2ccccc2)CCN1S(=O)(=O)c1ccccc1,0
O=C(C1CCCCC1)N1CCN(S(=O)(=O)c2ccc(Cl)cc2)CC1,0
O=S(=O)(c1ccc(Cl)cc1)c1ccccn1,0
CN(C(=O)COc1cc(=O)n(C)c2ccccc12)c1ccc(Br)cc1,0
COC(=O)c1ccc2c(=O)n(CC3CCCO3)c(SCC(=O)Nc3ccccc3OC)nc2c1,0
O=C(CSc1nnc(CNC(=O)c2c(F)cccc2Cl)o1)c1ccccc1,0
CC1COC(c2cccn2Cc2ccccc2Cl)=N1,0
CCOC(=O)CSc1nc(N)c(C#N)c(-c2ccc(OCC)cc2)c1C#N,0
CC(=O)Nc1ccc(S(=O)(=O)N2CCN(C(=O)N3CCCCCC3)CC2)cc1,0
CCOC(=O)C(NC(=O)Nc1ccccc1)(OCC)C(F)(F)F,0
CCCCN1c2ccccc2N(CCCO)c2cc(C)nnc21,0
CCC(=O)Nc1c(C(=O)N2CCCCCC2)cnn1-c1ccc(C)c(C)c1,0
CCOCC(=O)Nc1nnc(C2CCCCC2)s1,0
CCS(=O)(=O)c1nc2ccccc2n1CC(=O)N1CCCCC1,0
CCC(=O)c1cc(F)c(N2CCN(S(=O)(=O)c3ccccc3)CC2)cc1C,0
O=C(CSc1ccccc1)Nc1ccncc1,0
O=C(COC(=O)c1ccc2c(c1)OCO2)NCc1ccc(Cl)cc1,0
O=C(NC1(C(F)(F)F)Oc2ccccc2O1)N1CCC2(CC1)OCCO2,0
COC(=O)Nc1ncc(CN2CCc3ccccc3C2)s1,0
CC(C)COC(=O)n1c(=O)oc2cc(S(=O)(=O)N3CCCCC3)ccc21,0
CN1CCc2c(sc3c2c(=O)n(-c2ccccc2)c2nnc(SCc4ccccc4F)n32)C1,0
Cc1ccc(-n2c(Cc3cccn3C)nnc2SCC(=O)NCc2ccc3c(c2)OCO3)cc1,0
CC(C)(C)n1ncc2c(=O)n(CC(=O)Nc3ccccc3)cnc21,0
Cc1ccc(-n2ncc3c(NCc4ccc5c(c4)OCO5)ncnc32)c(C)c1,0
COc1cccc(OC)c1C(=O)Nc1ccc(N2CCN(S(C)(=O)=O)CC2)cc1,0
COc1cc(NC(=O)C2CCN(S(=O)(=O)c3cccnc3)CC2)cc(OC)c1OC,0
COc1cc2c(C(=O)NCCCN3CCN(c4cccc(Cl)c4)CC3)cn(C)c(=O)c2cc1OC,0
O=C(Nc1ccc(Oc2ccc(Cl)cc2)cc1)c1ncn[nH]1,0
O=C(CCN1CCN(CCO)CC1)Nc1ccc(OCc2ccccc2)cc1,0
c1ccc(-c2noc(CN3CCN(C(c4ccccc4)c4ccccc4)CC3)n2)cc1,0
O=C(NCC1CCCO1)C1CCN(C(=O)c2ccc(Br)cc2)CC1,0
N#Cc1nc(-c2cccc3ccccc23)oc1NCCN1CCOCC1,0
Cc1ccnc(NC(=O)CCC(=O)N(CC(=O)NCCc2ccccc2)Cc2ccco2)c1,0
Cc1nc2sc(C(c3ccco3)N3CCc4ccccc4C3)c(O)n2n1,0
O=C(NCCN1CCCC1)c1ccc(Cn2c(=S)[nH]c3cc4c(cc3c2=O)OCO4)cc1,0
O=C(CN(C(=O)CCC(=O)Nc1nccs1)c1ccc2c(c1)OCO2)NCC1CCCO1,0
Cc1cccc(-n2ncc3c(NCc4ccc5c(c4)OCO5)ncnc32)c1,0
Cn1cnnc1SCC(=O)NCc1cccc(C(F)(F)F)c1,0
CN(Cc1nc2ccccc2n1C)C(=O)c1cccs1,0
CCOC(=O)CN1C(=O)NC(C)(c2ccc(OC(F)F)cc2)C1=O,0
Cn1c(SCC(=O)N2c3ccccc3Sc3ccc(Cl)cc32)nnc1-c1ccco1,0
CC(C(=O)NCCC1=CCCCC1)N1C(=O)c2ccccc2C1=O,0
CCOc1nc(SC(C(C)=O)C(=O)Nc2ccccc2)nc(N(C)C)n1,0
Cc1ccc(-c2cc(C(F)(F)F)n3ncc(C(=O)NCc4ccco4)c3n2)cc1,0
O=C(NC1CCCCC1)c1nc2n(Cc3ccccc3Cl)[nH]nc-2c(=O)n1,0
COC(=O)C1CCN(C(=O)COc2ccc(Cl)cc2)CC1,0
CSCCC(NC(=O)c1cc(CC(C)C)oc1C)C(=O)O,0
CCOC(=O)C1CCN(C(=O)COc2cc(C)c(Br)c(C)c2)CC1,0
Cc1c(NC(=O)c2ccc(COc3ccc4ccccc4c3)o2)c(=O)n(-c2ccccc2)n1C,0
CCc1cc2c(=O)n(Cc3ccco3)c(SCC(=O)N3CCCc4ccccc43)nc2s1,0
COc1ccc(C(=O)NCC(=O)O)cc1,0
CCc1c(C)[nH]c(SCC(=O)c2ccc(C)c(C)c2)nc1=O,0
O=C(Cc1ccc(F)cc1)Nc1c2c(nn1-c1ccc(F)cc1)CS(=O)C2,0
C(=N/c1nc2ccccc2n1CCN1CCOCC1)\c1cccs1,0
CCOC(=O)N1CCN(C(=O)c2ccc(CNS(=O)(=O)c3ccc(OC)cc3)cc2)CC1,0
O=c1nc(NCc2ccco2)sc2ncccc12,0
COc1ccccc1Nc1nc(C)cs1,0
Cn1c2c(c(=O)n(C)c1=O)C(NC(=O)c1cccs1)(C(F)(F)F)C(=O)N2,0
CCCn1c(CNS(=O)(=O)c2ccc(C)cc2)nc2ccccc21,0
O=C(c1ccco1)N1CCN(C(=O)C2CCCc3c2[nH]c2ccc(Cl)cc32)CC1,0
CC(=O)N1CCc2cc(Br)cc(S(=O)(=O)NCCN3CCCCC3C)c21,0
CCOC(=O)c1ccccc1NC(=O)c1cncc(Br)c1,0
CN(C)S(=O)(=O)c1ccc(C(=O)Nc2ccc(Cl)cc2)cc1,0
COc1ccc(CNc2n[nH]c(NCc3ccc(OC)c(OC)c3)n2)cc1OC,0
Cc1cccc(NC(=O)CSc2nnc(-c3ccc(S(=O)(=O)N4CCOCC4)cc3)n2C)c1,0
CC1CN(C(=O)c2cn(-c3ccccc3)nc2-c2cccs2)CC(C)O1,0
CS(=O)(=O)N1CCCC(C(=O)NCCCN2CCc3ccccc3C2)C1,0
COc1ccc(S(=O)(=O)NCc2ccccc2Cl)cc1OC,0
CCc1ccc2[nH]c(=O)c(CN(CCN(C)C)C(=O)Nc3ccccc3OC)cc2c1,0
CCOC(=O)c1c(C)c(C(=O)N2CCCCCC2)c(C)n1C,0
CCOc1ccc(Br)cc1C1NC(=O)c2c(sc3c2CCN(C)C3)N1,0
NC(=O)CSc1nnc(-c2ccc(S(=O)(=O)N3CCCC3)cc2)n1CC1CCCO1,0
CC1=C(C(=O)OC2CCCCC2)C(c2ccc(C)o2)C2=C(CC(C)(C)CC2=O)N1,0
CS(=O)(=O)N1CCC(C(=O)NCc2ccc(F)cc2Cl)CC1,0
CCCCOc1cccc(C(=O)NCc2ccco2)c1,0
O=C(COC(=O)CSc1nnc(-c2ccc(Cl)cc2)o1)NCc1ccc2c(c1)OCO2,0
COc1ccc(Cl)cc1NC(=O)N(C)Cc1c(C)nn(C)c1C,0
CC(C)(C)OC(=O)NCCc1nnc(SCc2ccccc2Cl)o1,0
Cn1c(=O)c2c(nc(NC3CCCCC3)n2Cc2ccccc2)n(C)c1=O,0
O=C(COc1ccc(Cl)cc1)OCC(=O)N1CCCC1,0
Cc1ccc(C(=O)Nc2nncs2)cc1S(=O)(=O)N1CCOCC1,0
Cc1noc(C)c1CSCC(=O)OCc1nc2ccccc2c(=O)n1CC#N,0
COc1ccc(C(=O)/C=C/Nc2cccc(C)n2)cc1OC,0
CS(=O)(=O)N(CC(=O)NCc1ccncc1)Cc1ccc(Cl)cc1,0
CC(=O)Nc1cccc(NC(=O)c2oc3ccccc3c2C)c1,0
N#CCCN1CCN(C(=S)c2ccc(-c3cccc(Cl)c3)o2)CC1,0
CCOC(=O)CSc1nc2ccccc2c(=O)n1C1CCCC1,0
CCOC(=O)C1=C(C)NC(=O)NC1c1c(O)ccc2ccccc12,0
Cc1nnc(NC(=O)c2ccc(S(=O)(=O)N3CCCCCC3)cc2)o1,0
CCN1CCCC1Cn1cnc2c([nH]c3ccc(Cl)cc32)c1=O,0
CCOC(=O)c1ccc(NC(=O)CSc2nnc(Cc3cccs3)n2C)cc1,0
COc1ccc(NC(=O)N(CCN2CCCC2)Cc2cc3cc(OC)c(OC)cc3[nH]c2=O)cc1,0
Cc1ccc(SCc2cc(=O)nc(N3CCCCC3)[nH]2)cc1,0
CCOC(=O)C1=C(C)NC(C)=C(C(=O)OCC)C1c1ccc(O)cc1,0
Cc1cc(C)n(CCOC(=O)c2sc3ccccc3c2Cl)n1,0
COc1ccccc1C(=O)Nc1ccc(S(=O)(=O)N2CCCC2)cc1,0
CCOC(=O)C(C(=O)Nc1ccccc1)C1CCCCC1,0
CN1CCN(C(=O)c2ccc(N(Cc3ccc(Cl)cc3)S(C)(=O)=O)cc2)CC1,0
Nn1c(SCc2cccc(C(F)(F)F)c2)nnc1-c1ccco1,0
CCN(CC)C(=O)c1cc2cc(Br)ccc2oc1=O,0
COc1ccc(Nc2cc(C(=O)NCCCN3CCN(C)CC3)c3ccccc3n2)c(OC)c1,0
O=c1n(Cc2ccccc2)c2cc(Cl)cnc2n1Cc1ccccc1,0
O=C(NCC1CCCO1)C1CCCN(Cc2cnn(-c3ccccc3)c2-n2cccc2)C1,0
CCOC(=O)c1ccc(NC(=O)CSc2nnc(COc3ccccc3)n2C)cc1,0
COc1ccc(-c2cc(C(=O)NCc3ccc(Cl)cc3)no2)cc1OC,0
COCCN1CC(=O)N(c2cccc(C)c2C)C(c2ccc(Cl)cc2)C1=O,0
CS(=O)(=O)N(CC(=O)Nc1ccc2c(c1)OCO2)c1ccc(Cl)cc1,0
O=C(Nc1ccccc1-c1ccccc1)NC1CCN(C(=O)N2CCOCC2)CC1,0
O=C(CN1CCN(c2ccc(F)cc2)CC1)Nc1cccc(C(F)(F)F)c1,0
O=C(Nc1ccc2c(c1)OCO2)Nc1ccc(Br)cn1,0
NC(=O)c1ccc(Br)c(S(=O)(=O)N2CCCCC2)c1,0
COc1ccc(-c2ccc(SCC(=O)N3CCCC3)nn2)cc1OC,0
COc1cc(C(=O)NCC(c2cccnc2)N2CCN(C)CC2)cc(OC)c1OC,0
O=C(c1ccccc1-c1ccccc1)N1CCN(c2ccccn2)CC1,0
CN1CCN(c2ccc(Cl)cc2NC(=O)C2COc3ccccc3O2)CC1,0
O=C(COc1ccccc1)Nc1ccc2c(c1)nc1n2CCSC1,0
O=C(NCCc1cccc(F)c1)C1CSC2c3ccccc3C(=O)N12,0
CCOc1ccc(NC(=O)N2CC=C(n3c(=O)[nH]c4ccccc43)CC2)cc1,0
CN1CC2(C)CN(C(c3ccccc3)c3ccccc3)CC(C)(C1)C2O,0
COc1ccc(OCC(=O)Nc2ccccc2OC)cc1,0
COc1ccc(C(=O)CSc2nnc(-c3cccnc3)n2Cc2ccco2)cc1,0
CCOC(=O)c1c(NC(=O)CSc2nnc(-c3cccnc3)n2Cc2ccco2)sc(C)c1C,0
CCC1CCCCN1CCCNC(=O)C1CCC(=O)N1Cc1ccc(C)cc1,0
O=C(CCCN1C(=O)c2ccccc2C1=O)Nc1c2c(nc3c1CCC3)CCC2,0
C=CCn1c(=S)[nH]c2ccc(Br)cc2c1=O,0
NC(=O)CSc1nnc(COc2ccccc2)n1C1CCCCC1,0
Cc1c(C(=O)OCC(=O)N2CC(C)OC(C)C2)oc2ccc(Br)cc12,0
COc1ccc2occ(C(=O)c3ccc(/N=C(\C)N(C)C)cc3)c2c1,0
Cc1c(C(=O)Nc2ccncc2)sc2nc(-c3ccc(F)cc3)cn12,0
COC(=O)c1ccccc1NC1OC(=O)c2ccccc21,0
CCOC(=O)c1ccccc1NC(=O)COC(=O)C1=COCCO1,0
O=C(c1ccccc1-c1nc(-c2ccc(F)cc2)no1)N1CCCC1,0
CCC(=O)N1CCc2cc(S(=O)(=O)NCCC(=O)N3CC=C(c4ccccc4)CC3)ccc21,0
CN(C)CCCNc1oc(-c2ccc(Cl)cc2)nc1C#N,0
COc1ccc(CC(=O)Nc2ccc3c(c2)OCO3)cc1S(=O)(=O)N1CCOCC1,0
COc1cc(C(=O)NCCC2=CCCCC2)cc(OC)c1OC,0
CCOC(=O)c1sc2nc3n(c(=O)c2c1C)CCC(C)CC3,0
CSCCC(NS(=O)(=O)c1ccc2c(c1)oc(=O)n2C)C(=O)NC1CCC(C)CC1,0
CCc1ccc(-c2nc(CN3CCC(C(=O)NCc4ccc(F)cc4)CC3)c(C)o2)cc1,0
CC(=O)N1c2c(cc(Br)cc2S(=O)(=O)N2CCN(c3ccccn3)CC2)CC1C,0
COc1cccc(C(=O)NCC(=O)N2CCC(C)CC2)c1,0
COc1ccc(Cl)cc1C(=O)Nc1ccc(NC(=O)c2ccco2)cc1,0
CC(C)(C)C1CCC(=O)C(C2(O)C(=O)Nc3ccccc32)C1,0
COc1ccc(C(=O)NC2CCN(C(=O)NC3CCCCC3)CC2)cc1,0
O=C(CSc1nnc(-c2ccncc2)n1-c1ccc(Cl)cc1)N1CCOCC1,0
COc1ccc(N(CC(=O)Nc2cc(C)on2)S(=O)(=O)c2cc(C)ccc2C)cc1,0
Cc1ccc2[nH]c3c(N4CCN(Cc5ccc6c(c5)OCO6)CC4)ncnc3c2c1,0
O=C(CN1C(=O)C2CC=CCC2C1=O)NC1=NCCS1,0
Cc1ccc(Cl)cc1NC(=O)COC(=O)C1CCCC1,0
OC(CNCCc1ccc(Cl)cc1)COCc1ccco1,0
COc1ccc(-c2noc(CCC(=O)Nc3cccc(C)c3)n2)cc1,0
Cn1c(=O)c2c(n(C)c1=O)=NC1(CCCCC1)ON=2,0
O=C(NC1c2ccccc2-c2ccccc21)c1ccco1,0
CS(=O)(=O)N(Cc1ccccc1)c1ccccn1,0
COc1ccc(CCNc2nc3c(c(=O)n(C)c(=O)n3C)n2C)cc1OC,0
CCCOc1ccc(N2C(=O)CC(N3CCC(O)(c4cccc(C(F)(F)F)c4)CC3)C2=O)cc1,0
Cc1ccc(S(=O)(=O)Nc2cc(C(=O)O)ccc2N2CCCCC2)cc1,0
CC(C)CC(c1nnnn1Cc1ccccc1)N1CCN(C(=O)c2ccco2)CC1,0
O=S(=O)(c1ccc(-c2nnc(SCc3nnc(-c4ccccc4)o3)o2)cc1)N1CCCC1,0
O=C1NC(c2ccccc2)(C(F)(F)F)SC2=CCCCCN12,0
COc1ccc(NC(=O)N2CCCC2C(=O)Nc2ccc(C)cc2)cc1,0
Cc1cc(C)n(S(=O)(=O)c2ccc(C(C)(C)C)cc2)n1,1
COc1ccc(N(CC(=O)Nc2ccc(C)cn2)S(=O)(=O)c2c(C)noc2C)cc1,0
COc1cc(C2C(C(C)=O)=C(O)C(=O)N2c2ccc(Br)cn2)ccc1O,0
Nc1ccc(N2CCOCC2)c(Cl)c1,0
Cc1ccc(-c2cc(C(=O)NC3=NCCS3)c3cc(Br)ccc3n2)o1,0
CN(C)c1ccc(-c2nnc(-c3ccc(S(=O)(=O)C(F)F)cc3)o2)cc1,0
COc1ccc(Nc2cc(C(=O)NCCCN3CCN(C)CC3)c3ccccc3n2)cc1OC,0
COc1ccc2nc(NC(=O)C3CCCN(S(=O)(=O)c4cccc5nonc45)C3)sc2c1,0
Cc1c(NC(=O)CC(O)(C(F)(F)F)C(F)(F)F)c(=O)n(-c2ccccc2)n1C,0
COC(=O)c1cc(S(=O)(=O)N2CCOCC2)c(N2CCOCC2)cc1N1CCOCC1,0
Cc1ccc(NC2c3ncccc3C(=O)N2c2ccccc2C)cc1C,0
COc1ccc(CC(C)N2CCN(Cc3ccccc3)CC2)c(OC)c1,0
COC(=O)c1ccc(Cl)c(NC(=O)CN2CCCC2)c1,0
COc1ccc(CN(C2CCCC2)S(=O)(=O)c2ccc(-n3cnnn3)cc2)cc1,0
CCOC(=O)c1sc(=S)n(CC)c1N,0
COc1ccc(C(=O)Nc2ccccc2N2CCOCC2)cc1Br,0
O=C(CCCn1c(=O)c2sccc2n(CC(=O)NCc2ccco2)c1=O)NCc1ccco1,0
CCOC(=O)C1CCN(C(=O)c2ccc(Br)o2)CC1,0
COc1ccc(C)cc1NC(=O)CSc1nnc(-c2ccco2)n1Cc1ccco1,0
CC(NC(=O)c1ccccc1)C(=O)NC1=NCCS1,0
O=C(CC1(O)C(=O)N(Cc2ccccc2Cl)c2ccccc21)c1ccco1,0
O=C(CN1CCN(C(=O)c2c(F)cccc2F)CC1)Nc1ccccc1F,0
CC(=O)NCCn1ccc2ccccc21,0
CC(=O)Nc1ccc(S(=O)(=O)Nc2nccc(C3Cc4ccccc4C(=O)O3)n2)cc1,0
Cc1nn(Cc2ccc(C(=O)Nc3nccs3)cc2)c(C)c1Cl,0
O=C(C1CC1)N1CCc2cc(Br)cc(S(=O)(=O)N3CCCCCC3)c21,0
Cc1cc(C(=O)CSc2nnnn2C)c(C)n1CCc1ccc(Cl)cc1,0
O=C1CCC(C(=O)Nc2ccc(OC(F)F)cc2)N1,0
COc1cc(OC)nc(NC(=O)COC(=O)C2CCCCC2)n1,0
COc1ccc(C(=O)N(CN2CCCC2=O)c2nccs2)cc1OC,0
CCCCOCCCNC(=O)c1c(-c2ccccc2)noc1C,0
CCOc1ccc2nc(NS(=O)(=O)c3ccc4c(c3)n(C)c(=O)n4C)sc2c1,0
CCOC(=O)N1CCC(N(C(=O)Nc2ccc(CC)cc2)C(C)CC)CC1,0
O=c1cc(Nc2ccc3c(c2)OCCO3)[nH]c(=O)n1Cc1ccc(F)cc1,0
Cc1cc(C)c(C(N)=O)c(Nc2cccc(Cl)c2C)n1,0
CC1CCCCC1NC(=O)Cn1ncc2ccccc21,0
C=CCc1cc(C)ccc1OCC(O)CN1CCN(c2ccccc2)CC1,0
Cc1oc(-c2ccc(Cl)cc2)nc1CSCC(=O)NCCCN1CCOCC1,0
COCCCNC(=O)C1CCN(C(=O)c2cc3sccc3n2Cc2ccc(F)cc2)CC1,0
CCc1ccc(-c2nc(CSCC(=O)N3CCN(c4ccccn4)CC3)c(C)o2)cc1,0
Cc1cn2c(nc1=O)OC1C(O)C(COC(=O)c3ccccc3)OC12,0
CCCC(=O)Nc1sc2c(c1C#N)CCCC2,0
CC(=O)Nc1ccc(C(=O)OC2CCOC2=O)cc1,0
O=S(=O)(Nc1nc2ccccc2nc1NCc1ccco1)c1ccc(Cl)cc1,0
O=c1[nH]c2ccc(S(=O)(=O)N3CCN(Cc4ccccc4)CC3)cc2[nH]c1=O,0
Cc1ccsc1C(C(=O)NC1CCCCC1)N(C(=O)c1csnn1)C1CC1,0
CCOC(=O)Cc1csc(NC(=O)CSc2nnc(C)n2C)n1,0
Cc1ccc(NS(=O)(=O)c2ccc(NC(=O)c3ccc(Br)o3)cc2)c(C)c1,0
CCC(=O)N1CCc2cc(S(=O)(=O)N3CCN(c4ccccn4)CC3)ccc21,0
CCn1ncc(Cl)c1C(=O)Nc1ccncc1,0
Cc1cccc(NC(=O)CNc2cc(C)ccc2C)c1,0
CCn1c(SCC(=O)c2cc(C)n(CC3CCCO3)c2C)nc2ccccc21,0
O=S(=O)(Nc1nc2ccccc2nc1Nc1ccc2c(c1)OCCO2)c1cccs1,0
COc1ccc(Cn2nnnc2C(CC(C)C)N2CCN(c3ccccc3)CC2)cc1,0
CC1=C(C(=O)Nc2ccc(Cl)cc2)C(c2ccco2)NC(=O)N1,0
CCOC(=O)c1sc(NC(=O)C(CC)Sc2nccn2C)nc1C,0
Cc1[nH]c2ccc(-c3nnc(SCC(=O)c4ccc(F)cc4)o3)cc2c1C,0
CC(=O)Nc1cccc(Oc2cc(C#N)c(C#N)cc2N2CCCCCC2)c1,0
O=C(O)c1ccc(CSc2nc3ccccc3o2)cc1,0
S=c1[nH]nc(-c2ccccc2)n1C1C=CCCC1,0
Cc1ccc(S(=O)(=O)NCC2CCC(C(=O)N3CCC4(CC3)OCCO4)CC2)cc1,0
C=CCn1c(=O)c2ccccc2n2c(SCC(=O)c3ccccc3)nnc12,0
COc1cccc(N2C(SC)=NN/C2=C2\C=Nc3ccccc32)c1,0
O=C(O)CN(c1ccc2c(c1)OCCO2)S(=O)(=O)c1ccccc1,0
O=C1Nc2ccc(S(=O)(=O)NCCC3=CCCCC3)c3cccc1c23,0
O=C1C(=O)N(CCO)C(c2cccc(F)c2)/C1=C(\O)c1ccc(Cl)cc1,0
Cc1nc(C)n(C(=O)N(c2ccccc2)c2ccccc2)n1,0
C=CCn1c(SCC(=O)c2ccc(O)c(O)c2)nnc1-c1ccccc1OC,0
CC1(C)CC(=O)C2=C(C1)NC(=O)CC2c1cc2c(cc1Br)OCO2,0
CC(C)(C)NC(=O)CSc1nnc(Cc2ccc3c(c2)OCO3)n1C1CCCCC1,0
Cc1ccc(C)c2[nH]c(=O)c(CCNC(=O)c3ccc(Br)o3)cc12,0
Cc1ccc(S(=O)(=O)N2CCN(C(=O)N3CCOCC3)C2C)cc1,0
CCCN1C2CCCC1CC(NC(=O)Nc1cccc(C(C)=O)c1)C2,0
Cc1c(C(=O)N2CCOCC2)[nH]c2c1C(=O)CC(c1ccccc1Cl)C2,0
O=C(CCN1C(=O)c2ccccc2C1=O)Nc1ccc(-c2cn3ccsc3n2)cc1,0
Cc1oc(-c2cccc(Cl)c2)nc1CN1CCCC(C(=O)NCc2ccco2)C1,0
CCOc1cc(C2c3c(oc4cc(C)c(Cl)cc4c3=O)C(=O)N2Cc2ccco2)ccc1O,0
Cc1cc(NC(=O)CCC(=O)N(c2ccccc2)C2(C(=O)NC3CCCCC3)CCCC2)no1,0
CCn1c(SCC(=O)Nc2nc3ccccc3s2)nnc1-c1ccc(OC)cc1,0
COC(=O)Nc1ccc(S(=O)(=O)N2CCCCCC2)cc1,0
O=C(NC1CCCC1)c1cnn2c(C(F)(F)F)cc(-c3ccco3)nc12,0
CS(=O)(=O)N(CC(=O)N1CCN(c2cccc(Cl)c2)CC1)c1cccc(F)c1,0
CCOc1ccc(NC(=O)CSc2nnc(COc3c(C)cccc3C)o2)cc1,0
Cc1ccc(CNC(=O)C2CCN(S(=O)(=O)c3c(C)noc3C)CC2)cc1,0
O=C(NCc1ccc2c(c1)OCO2)C1CCCN1C(=O)Nc1ccccc1,0
COC(=O)c1ccccc1NC(=O)c1cc2sccc2n1C,0
CCOc1cc(C2C(C#N)=C(N)Oc3n[nH]c(C)c32)ccc1OCCN1CCOCC1,0
Cc1ccc(-n2ccnc2SCC(=O)N(CC(C)C)C2CCS(=O)(=O)C2)c(C)c1,0
Cc1ccc(NC2=NCC(=O)N2Cc2ccc3c(c2)OCO3)c(C)c1,0
COc1ccc(CN2CCN(C)CC2)cc1OCc1ccccc1,0
COc1ccc(Cc2nnc(SCc3nc(=O)c4ccccc4[nH]3)o2)cc1,0
O=C(CSc1nnnn1-c1ccccc1Cl)Nc1ccc2c(c1)OCCO2,0
Cc1cc(N2CCCCC2)nc(SCc2ccc(C#N)cc2)n1,0
O=C(O)CCc1ccc(-c2ccccc2)n1Cc1ccco1,0
Nc1nc2c(s1)CCc1c-2cnn1-c1ccccc1,0
Cc1cc(-c2nc3ccccc3o2)c2ccccc2n1,0
COC(=O)c1cc(Br)ccc1OC(=O)c1cccnc1,0
CC(C)CCn1c(SCCN2CCOCC2)nc2c1c(=O)[nH]c(=O)n2C,0
COc1ccc(N2CCN(C(=O)CSc3nnc(CNc4ccccc4)o3)CC2)cc1,0
Cc1ccc(NC(=O)CSCc2c(C)noc2C)cc1C,0
O=C(COc1cccc2cccnc12)Nc1nccs1,0
CCn1c(CNC(=O)c2ccc(OC)cc2)nnc1SCC(=O)c1ccccc1,0
COc1cc(-c2nnc3sc(Cc4ccc(Cl)cc4)nn23)cc(OC)c1OC,0
CC1(C)N=C(c2ccc(Cl)cc2)C(=O)N1,0
O=C(CN1C2CCC1CC(O)(c1cccnc1)C2)Nc1ccc2c(c1)OCO2,0
O=C(CSc1nnnn1-c1ccccc1)N1CCc2ccccc21,0
COc1ccc(N(CC(=O)NCc2cccs2)S(=O)(=O)c2c(C)n[nH]c2C)cc1,0
CC(C)COCC1CC2(CC(C)C(=O)CC2=O)C(=O)O1,0
Cc1c(NC(=O)CSc2nncc3ccccc23)c(=O)n(-c2ccccc2)n1C,0
O=C(NC1CCCC1)C1CCCN(S(=O)(=O)c2ccc(-n3cnnn3)cc2)C1,0
CCOC(=O)N1CCC(O)(c2cc(C)c(C)cc2C)CC1,0
Cc1cccc2cc(COC(=O)COc3ccccc3)c(=O)[nH]c12,0
COC(=O)C1=C(C)NC(=O)CC1c1cc(Br)ccc1F,0
Cc1ccc(C(=O)Nc2ccccc2C(=O)NCc2ccco2)cc1S(=O)(=O)N1CCCCC1,0
CC(=O)c1c(C)[nH]c(C(=O)N2CCc3ccccc32)c1C,0
COc1ccccc1C1C(C(=O)c2cc3ccccc3o2)=C(O)C(=O)N1CCN(C)C,0
COc1ccc(CNc2nc(NCc3ccc(OC)cc3)n(S(C)(=O)=O)n2)cc1,0
CN1CCN(C(=O)c2cnn(-c3ccccc3)c2NC(=O)c2ccccc2F)CC1,0
CCOC(=O)N1CCN(C(=O)c2ccc(C)c(S(=O)(=O)Nc3ccccc3)c2)CC1,0
COC(=O)C(Cc1ccccc1)NC(=O)CSc1nc(=O)cc(C)[nH]1,0
COc1cc(OC)cc(-c2nnc(SCC(=O)Nc3cc(C)on3)o2)c1,0
Brc1ccc(OCCOCCN2CCOCC2)cc1,0
COC(=O)C(O)(c1ccc(NC(=O)c2ccco2)c(OC)c1)C(F)(F)F,0
CCOC(=O)C1=C(C)NC(=O)C(C#N)C1c1ccco1,0
COc1ccc(C(c2nnnn2C(C)(C)C)N2CCN(C)CC2)cc1OC,0
CCCOc1ccc(N2C(=O)CC(N3CCCC(C(=O)N4CCCC4)C3)C2=O)cc1,0
CCOC(=O)CSC1=C(C#N)C(c2ccc(Cl)cc2)C(C(=O)OC)C(=O)N1,0
O=C1CN(c2nc3ccccc3n3cnnc23)CC(=O)N1CCc1ccccc1,0
O=C(CSc1nnc(-c2ccc(OC(F)F)cc2)o1)N1CCOCC1,0
COc1ccc(N2CCN(C(=O)C(CCSC)NC3=NS(=O)(=O)c4ccccc43)CC2)cc1,0
COc1ccc(CCNC(=O)CN2CCC(n3nnc4cc(F)ccc43)CC2)cc1OC,0
COCCCNC(=O)Cn1nnc(-c2ccc(NC(=O)c3ccccc3OC)cc2)n1,0
COc1ccc(-c2cc(C(F)(F)F)nc(SCC(=O)NCc3ccco3)n2)cc1OC,0
COc1cc(C2C(C(=O)N3CCCCC3)=C(C)NC3=C2C(=O)CC(C)(C)C3)ccc1O,0
COc1ccc(C(=O)Nc2ccc(-c3ccc(C)o3)cc2)cc1S(=O)(=O)N1CCOCC1,0
CCCc1cc(C(=O)N(C2CCCCC2)C2CCCCC2)no1,0
Cc1cccc(OCCCC(=O)Nc2ccc(S(=O)(=O)Nc3onc(C)c3C)cc2)c1C,0
Cc1ccc(NC(=O)CN2C(=O)NC3(CCC(C)CC3)C2=O)c(Cl)c1,0
Cn1c(=O)cc(OCC(=O)N2CCN(C3CCCCC3)CC2)c2ccccc21,0
O=C(Oc1ccc(Cl)cc1N1C(=O)CCC1=O)c1ccco1,0
O=C(CSc1nnc(-c2ccco2)n1-c1ccccc1)N1CCOCC1,0
CCn1c(COc2ccc(Cl)cc2)nnc1SCC(=O)Nc1ccc2c(c1)OCCO2,0
Cc1ccc(S(=O)(=O)Nc2cc(C)nn2-c2ccccc2)cc1,0
CN1CCN(Cc2c(O)ccc3occ(C(=O)c4ccccc4)c23)CC1,0
N#CC1=C2SCN(Cc3ccco3)CN2C(=O)CC1c1cccc2ccccc12,0
Cc1oc(-c2cccc(Cl)c2)nc1CN1CCC(C(=O)NCc2cccnc2)CC1,0
COC(=O)C1=C(Cn2cnc3ccccc32)NC(=O)NC1c1cc(C)ccc1C,0
OCc1cn(-c2ccccc2)nc1-c1ccc(-c2nn(-c3ccccc3)cc2CO)cc1,0
O=C(c1cccc(Cl)c1)N1CCN(C(=O)c2ccco2)CC1,0
CN1C(=O)c2ccc(NC(=O)c3c(F)c(F)c(F)c(F)c3F)cc2C1=O,0
CC(C)(CNS(=O)(=O)c1ccc(Cl)cc1)N1CCCCC1,0
O=C(Nc1ccc2c(c1)OCO2)c1cnc2n(c1=O)CCS2,0
CCOc1ccc(C(=O)CN2CCN(S(=O)(=O)c3ccc(Cl)cc3)CC2)cc1,0
O=C(CCCN1C(=O)c2ccccc2C1=O)NCCC1=CCCCC1,0
COC(=O)c1cccc(NC(=O)CSc2nnc(COc3cccc(C)c3)n2C)c1,0
CC1(C(=O)NC2CCCCCCC2)CCC(=O)N1CCN1CCOCC1,0
CCn1c(=O)n(CC)c2cc(S(=O)(=O)N3CCc4ccccc43)ccc21,0
CCCS(=O)(=O)N1CCC(C(=O)NCCCN(CC)c2cccc(C)c2)CC1,0
CCC(=O)Nc1ccc2c(c1)C(=O)N(C1CCCCC1)C2=O,0
COc1cc(NC(=O)Cn2ncc3c2-c2ccccc2OC3)cc(OC)c1OC,0
CS(=O)(=O)c1nc2c(c(C(F)(F)F)n1)CCCC2,0
CS(=O)(=O)N(CCc1ccccc1)CC(=O)N1CCc2ccccc2C1,0
Cc1ccc2c(C(=O)CN3CCN(c4ccccc4)CC3)c(C)[nH]c2c1,0
CCOC(=O)c1c(C)[nH]c(C)c1-c1ccccc1OC,0
Cc1onc(-c2ccccc2Cl)c1C(=O)N1CCN=C1SCc1cccnc1,0
Cc1noc(C)c1COC(=O)c1cc2c(C)nn(-c3ccc(F)cc3)c2s1,0
CC(C)C1N=C2c3ccccc3N=C(SCc3cc(=O)n4cc(Cl)ccc4n3)N2C1=O,0
Cc1ccc(N(Cc2cc(=O)[nH]c3ccccc23)C(=O)c2ccco2)cc1,0
O=C(CSc1nnnn1-c1ccc(F)cc1)NC1CCCCC1,0
Cc1ccc(NC(=O)CSc2nnc(-c3ccc(S(=O)(=O)N4CCOCC4)cc3)n2C)cc1,0
O=S(=O)(c1cccc(-c2nn3c(-c4ccncc4)nnc3s2)c1)N1CCOCC1,0
COc1ccc(Cc2nnc(NC(=O)c3ccco3)s2)cc1OC,0
COc1ccc(Br)cc1-c1noc(-c2ccncc2)n1,0
O=C1NC2(CCCc3ccccc32)C(=O)N1Cc1nnc(-c2ccccc2Br)o1,0
O=C(NC1CCCCC1)C1CC(O)CN1C(=O)OCc1ccccc1,0
CC(C)NC(=O)c1cc(-c2ccc(Br)cc2)on1,0
COc1ccc(-c2cc(C(F)(F)F)nc(SCC(=O)Nc3cc(C)on3)n2)cc1OC,0
COCCCn1c(SCC(=O)Nc2ccc(C(=O)OC)cc2)nc2ccccc2c1=O,0
COc1ccc(S(=O)(=O)N2CCOCC2)cc1C(=O)Nc1cc(C)on1,0
CCc1ccc(NC2CC(=O)N(c3ccc(OC)cc3OC)C2=O)cc1,0
Cc1cccc(C)c1NC(=O)CSc1nnc(-c2ccoc2C)n1CCc1ccccc1,0
COc1ccc(NC=C2C(=O)CC(C)(C)CC2=O)cc1,0
CC(C)CN(CC(C)C)C(=O)CS(=O)(=O)Cc1ccccc1,0
CCOc1ccc(C(C)=O)cc1CSc1nnc(-c2ccoc2C)n1N,0
CCOC(=O)N1CCc2c(sc3c2C(=O)NC(c2ccc(-c4ccc(Cl)cc4)o2)N3)C1,0
CC1(C)CC2CC(C)(CN2C(=O)CCCN2C(=O)c3ccccc3C2=O)C1,0
O=C(CSc1ccc(Cl)cc1)N1CCOCC1,0
CC(C)(C)c1cc(C(F)(F)F)nc(SCCCNC(=O)c2ccco2)n1,0
CC(C)NS(=O)(=O)c1ccc(OCC(=O)NCc2ccc3c(c2)OCO3)c(Cl)c1,0
C=CCn1c(=O)c2ccccc2n2c(SCc3cc(=O)n4ccsc4n3)nnc12,0
COc1ccc(N2CCN(S(=O)(=O)c3ccc(Cl)c(C(F)(F)F)c3)CC2)cc1,0
COc1ccc(CCNC(=O)c2ccc(CN3CCOCC3)cc2)cc1,0
N#CCCSc1ccccc1NC(=O)c1ccc(S(=O)(=O)N2CCCC2)cc1,0
COc1ccc(S(=O)(=O)N2CCCC(C(=O)Nc3cccnc3)C2)cc1Cl,0
Nc1cc(CN2C(=O)c3ccccc3C2=O)cc(Cl)c1O,0
Fc1cc(F)c2nc(N3CCCCC3)sc2c1,0
CCOC(=O)c1s/c(=N/C(=O)c2ccc(OC)c(OC)c2)n(C)c1C,0
CCC(=O)Nc1cccc(NC(=O)c2cc3ccccc3o2)c1,0
CC1CCC(n2c(=S)[nH]c3ccccc3c2=O)CC1,0
CC(C(N)=O)N1CC(c2ccccc2)CC1=O,0
O=C(NCCN1Cc2ccccc2C1=O)c1cccs1,0
CC(C)COC(=O)N(C)c1ccc(C(O)(C(F)(F)F)C(F)(F)F)cc1,0
CCN(c1ccccc1)S(=O)(=O)c1cnc[nH]1,0
CC1CCCN(C(=O)CSc2nnc(-c3ccc(S(=O)(=O)N4CCOCC4)cc3)n2C)C1,0
N#Cc1nc(Cc2cccc3ccccc23)oc1N1CCOCC1,0
O=c1[nH]c2cc(Cl)ccc2n1-c1ccccc1,0
Cn1c(=O)c2c(nc(NC3CCCCC3)n2CC(O)COc2ccccc2)n(C)c1=O,0
O=c1cc(CN2CCN(c3ccccc3)CC2)c2c(ccc3ccccc32)o1,0
COc1ccccc1-c1nc(S(=O)(=O)c2ccc(Cl)cc2)c(N(C)C)o1,0
CCc1c(C)sc(NC(=O)c2cc(C)on2)c1C#N,0
CCOc1ccc(CCNC(=O)C(O)c2ccccc2)cc1,0
CCOC(=O)N1CCN(C(=O)c2ccc(S(=O)(=O)c3ccc(C)cc3)c(NC(C)=O)c2)CC1,0
COc1ccc(C(=O)Nn2cc3c(c2-c2ccccc2)c(=O)n(C)c(=O)n3C)cc1,0
COc1cccc(NC(=O)CSc2nc3ccccc3c(=O)n2CCCC(=O)N2CCCC2)c1,0
O=C(Nc1cccc(Cl)c1)N(CCCN1CCOCC1)Cc1ccccc1F,0
CC(=O)Nc1cccc(C(=O)Oc2cccc(C)c2)c1O,0
Cc1ccc2c(c1)N(CC(=O)N1CCCc3ccccc31)C(=O)C(C)O2,0
O=C(c1ccc(S(=O)(=O)N2CCOCC2)cc1)N1CCc2ccccc2C1,0
COc1ccc(O)c(-c2c(-c3ccc(Cl)cc3)n[nH]c2C)c1,0
COc1ccccc1NC(=O)CCC(=O)Nc1nnc(C(F)(F)F)s1,0
CNC(=O)c1cc2cc(Cl)cc(OC)c2oc1=O,0
O=C(CN1CCN(C(=O)c2ccco2)CC1)Nc1ccc(Cl)c(C(F)(F)F)c1,0
COC(=O)c1cccc(NC(=O)CN2CCN(c3ccc(OC)cc3)CC2)c1,0
CN(C)c1ccc(C2=NOC(CN3C(=O)c4ccccc4S3(=O)=O)C2)cc1,0
O=C(CS(=O)(=O)Cc1ccccc1)Nc1cccnc1,0
CCn1ncc(Br)c1C(=O)Nc1ccc(F)cc1F,0
Cn1c(=O)c2cc(S(=O)(=O)Nc3ccc4c(c3)OCO4)ccc2n(C)c1=O,0
O=C(NCCCN1CCCCCC1)C1CC(=O)N(CCc2ccccc2)C1,0
O=C1C2CCCN2C(c2ccc(Cl)cc2)N1c1ccccn1,0
CCS(=O)(=O)N1CCC(NC(=O)C2CCCCC2)CC1,0
COc1ccc(CNc2nc3c(c(C(F)(F)F)n2)CCCCC3)cc1,0
COc1ccc(NC(=O)NC(C(F)(F)F)C(F)(F)F)cc1,0
CC(=O)c1ccc(N2CCN(C(=O)COc3ccc(F)cc3)CC2)c(F)c1,0
C=CCn1c(CCNC(=O)c2ccccc2F)nnc1SCC(=O)Nc1nc(C)cs1,0
CCCCc1c(O)n(-c2ccccc2C)c(SCC(=O)N2CCCCC2)nc1=O,0
COc1ccc(CNC(=O)C(c2cccs2)N(C(=O)c2csnn2)C2CC2)cc1,0
CCS(=O)(=O)N1CCC(C(=O)NCc2ccc(F)cc2Cl)CC1,0
Cc1cc(C)c(NC(=O)CN2C(=O)NC3(CCCCC3)C2=O)c(Cl)c1,0
O=C(Oc1nsnc1N1CCOCC1)N1CCOCC1,0
CS(=O)(=O)c1nc(-c2ccco2)cc(C(F)(F)F)n1,0
O=C(CSc1nc(=O)c2ccccc2[nH]1)N1CCCCCC1,0
COc1nc(-c2ccccc2)ccc1-c1noc(-c2ccccc2)n1,0
O=C(O)c1ccc(COc2ccc(Cl)cc2)o1,0
CCOc1ccc(OCC)c(NC(=O)CN2CCC(NC(=O)c3cccc(F)c3)CC2)c1,0
c1ccc(N(c2ccccc2)c2nc(N3CCCC3)nc(-n3ccnc3)n2)cc1,0
OC1(c2ccccc2)C/C(=N/n2cnnc2)C=C1c1ccccc1,0
O=C(CSc1nnc(Cn2c(=O)sc3ccccc32)n1CCc1ccccc1)N1CCOCC1,0
COc1cc(NC(=O)c2ccc3c(c2)OCO3)c2ncccc2c1,0
C=CCc1cccc(CNc2c(C)n(C)n(-c3ccccc3)c2=O)c1O,0
COc1ccc(N2CCN(Cc3cc(=O)oc4cc(C)c(Cl)cc34)CC2)cc1,0
CCN1CCN(c2c(Cl)cccc2NC(=O)c2ccc3c(c2)OCCO3)CC1,0
O=C1NC(Nc2ccccn2)(C(F)(F)F)C(=O)N1c1ccc(F)cc1,0
O=S(=O)(c1cccc(-c2nnco2)c1)N1CCCC1,0
COc1ccc(N2CCN(C(=O)CN(c3ccccc3)S(C)(=O)=O)CC2)cc1,0
CC(C)COc1ccc(C(=O)NC(CC(C)C)C(=O)O)cc1,0
O=c1nc2n(c(O)c1C/C=C/c1ccccc1)CCCS2,0
CCN1CCCC1CNC(=O)c1nn(-c2ccc(C)cc2)c(=O)c2c1c1ccccc1n2C,0
Cc1cccc(-c2nnc(SCc3cc(=O)[nH]c4ccccc34)n2C)c1,0
CSc1nc2ccccc2n1CC(=O)Nc1ccccc1,0
Cc1cc(C)n(-c2nc3sc4c(c3c3nnc(SCC(N)=O)n23)CC(C)(C)OC4)n1,0
CC(C)(C)NC(=O)Cn1nnc(-c2cccs2)n1,0
COc1cc(CNc2cccc(F)c2)cc(Br)c1O,0
COc1ccc2[nH]c(=O)c(CN(C)C(=O)C3CCCCC3)cc2c1,0
N#CCSc1nc2ccccc2c(=O)n1-c1ccccc1,0
CCOC(=O)CSc1nc2cc(C)ccc2cc1C#N,0
C=CCn1c(SCn2nnc3ccccc3c2=O)nnc1C1CCCCC1,0
CC(=O)Nc1ccc2oc(-c3cc(F)c(F)cc3Cl)nc2c1,0
Nn1c(SCc2ccc3c(c2)OCO3)nc2c(cnn2-c2ccccc2)c1=O,0
O=C(NCCCN1CCC(Cc2ccccc2)CC1)C1CCN(S(=O)(=O)N2CCOCC2)CC1,0
COc1cc(NC(=O)c2ncn[nH]2)cc(OC)c1OC,0
COc1ccc(N2CCN(CC(O)c3c[nH]c4ccc(OC)cc34)CC2C)cc1,0
COc1ccc(N2CCN(CCNC(=O)CCS(=O)(=O)c3cccc4nsnc34)CC2)cc1,0
CCC(=O)Nc1cccc(NC(=O)CSc2nnc(-c3ccc(NS(C)(=O)=O)cc3)n2C)c1,0
Cc1cc(=O)nc(SCC2(O)C3CC4CC(C3)CC2C4)[nH]1,0
COc1ccc(NC(=O)c2ccco2)cc1NC(=O)c1c(F)c(F)c(OC)c(F)c1F,0
O=C(Nc1nc2ccccc2[nH]1)C1CC(=O)N(c2ccc3c(c2)OCCO3)C1,0
CCC/C(=C1/C(=O)CC(C)(C)C(C(=O)OC)C1=O)N1CCCC1,0
CC(C)(C)c1ccc(C(=O)N2CCC(C(=O)NCc3ccncc3)CC2)cc1,0
CCOC(=O)N1CCN(S(=O)(=O)c2ccc3c(c2)OCC(=O)N3)CC1,0
CCOC(=O)c1[nH]c2ccc(Br)cc2c1NC(=O)CCN1CCN(C(=O)OCC)CC1,0
COc1ccccc1NC(=O)COc1ccc(C(=O)OCC(=O)N2CCCC2=O)cc1OC,0
CCN(CC)CCNC(=O)c1ccc(NC(C)=O)cc1,0
O=C1OC(N2CCN(C(=O)C3CCCO3)CC2)c2ccccc21,0
O=C(CN1C(=O)CSC1=O)Nc1ccccc1N1CCOCC1,0
COc1ccc(CNC(=O)c2cc(-c3ccco3)on2)cc1,0
Cc1ccc2c(c1)NC(=O)C(N1CCOCC1)(C(F)(F)F)O2,0
CC(=O)Nc1ccc(OCC(O)CN2CCN(c3cc(Cl)ccc3C)CC2)cc1,0
O=C(c1noc2c1CCCCC2)N1CCN(C(c2ccccc2)c2ccccc2)CC1,0
c1ccc2cc(CC3=NCCN3)ccc2c1,0
O=C(Nc1ccc(S(=O)(=O)N2CCCC2)cc1)C1COc2ccccc2O1,0
COc1cc(S(=O)(=O)N2CCCCC2)ccc1NC(=O)c1ccc(F)cc1,0
CN1CCN(CCCN2c3ccccc3Sc3ccc(Cl)cc32)CC1,0
CC(C)OCCCn1c(=S)[nH]c2ccc(N3CCOCC3)cc2c1=O,0
Cc1occc1-c1nnc(SCCCC(=O)c2ccc(F)cc2)n1C,0
COc1ccc2c(c1)c(C(=O)N1CCN(C)CC1)c(C)n2-c1ccccc1,0
COCC(=O)Nc1ccc(Nc2ccccc2)cc1,0
Cc1ccc(-c2nnc3n2N=C(c2ccc(Br)cc2)CS3)cc1,0
CCN(CC)S(=O)(=O)c1ccc(C(=O)NCc2n[nH]c(=S)n2-c2ccccc2OC)cc1,0
Cc1cccc(C(=O)Nc2ccc(CC(=O)O)cc2)c1,0
O=C(O)C1CCCCC1C(=O)Nc1ccccn1,0
COCCn1cnnc1SCC(=O)c1ccc(S(=O)(=O)N2CCCC2)cc1,0
CCC(=O)Nc1c(C)cc(C)cc1Cl,0
Nc1nnnn1/N=C/C(Br)=C/c1ccccc1,0
CC1=C(c2ccc(Cl)cc2)[N+](=O)C(C)(C)N1[O-],0
O=C(c1ccc(Cl)cc1)C1CCN(C(=O)N2CCOCC2)CC1,0
Oc1ccc(-c2nc3ncccn3c2Nc2ccc3c(c2)OCCO3)cc1,0
Cc1nn(-c2ccccc2)c2sc(C(=O)N(Cc3ccco3)C(C)C(=O)NC(C)(C)C)cc12,0
Cc1nnc(SCC(=O)N2CCN(S(=O)(=O)c3ccc(Cl)cc3)CC2)n(N)c1=O,0
COc1ccccc1N1CCN(C(=O)COc2ccc(Cl)cc2)CC1,0
Nc1nnc(CCCCc2cccs2)o1,0
O=C(Nn1cnnc1)c1cc2c(s1)CCCCC2,0
Cc1cc2cc(CNC(=O)c3cc4ccccc4o3)ccc2n1C,0
Cc1ccc2nsnc2c1S(=O)(=O)N1CCN(C(=O)C2CCCO2)CC1,0
O=C(C1CC1)N1CCN=C1SCc1cccc(C(F)(F)F)c1,0
CCOC(=O)C1=C(C)N=C(/N=C/N(C)C)SC1c1ccccc1,0
Cn1/c(=N/CC(O)COc2ccccc2)sc2ccccc21,0
Cc1ccccc1CS(=O)(=O)Cc1ccc(C(=O)NCCCN2CCCC2=O)o1,0
OC(c1ccc(Cl)cc1)c1nnc(-c2ccccc2)o1,0
CCC1CCCCN1C(=O)CSc1nnc(CNC(=O)COc2ccc(Cl)cc2)o1,0
CCOC(=O)Cc1csc(NC(=O)CSc2nnc(C3CC3)n2C)n1,0
CC(C)NC(=O)c1cc(C(=O)c2cc(Cl)ccc2O)coc1=N,0
Cc1cc(NCCOCCO)n2ncc(-c3ccc(Cl)cc3)c2n1,0
O=C(CSc1nnc(COc2cccc3ccccc23)o1)N1CCN(C(=O)c2ccco2)CC1,0
CC(=O)/C(C#N)=C1\NC(=O)C(Cc2ccccc2Cl)S1,0
CC(SC1CCCC1)C(=O)Nc1ccnn1C(C)C,0
O=C(OCc1nnc(-c2ccccc2)o1)c1ccc(S(=O)(=O)NCc2ccco2)cc1,0
CS(=O)(=O)N1CCc2cc(S(=O)(=O)Nc3ccc4c(c3)OCCO4)ccc21,0
Cc1ccc(S(=O)(=O)CC(=O)N2CCCCCC2)cc1,0
CCNC(=O)N1C(CC(=O)OCC)C(=O)NC2CCCCC21,0
Cc1ccc(OCC(=O)Nc2ccc3c(c2)nc2n3CCOC2)cc1,0
Cc1noc(C)c1CSc1nc2ccccc2s1,0
CCC(C)c1ccc(O)c(NC(=O)c2cccnc2)c1,0
CCN(CC)CCNC(=O)CS(=O)Cc1nc(-c2ccccc2Cl)oc1C,0
CC(=O)Nc1cccc(NC(=O)C2CCCN2C(=O)Nc2ccc(Cl)cc2)c1,0
CCOC(=O)C(NC(=O)OC(C)C)(Nc1nccs1)C(F)(F)F,0
O=C(CCCC1=NS(=O)(=O)c2ccccc2N1)N1CCN(c2ccccc2)CC1,0
CC(C)C(NC(=O)OCc1ccccc1)C(=O)OCC(=O)N1CCCCC1,0
COc1ccc(CC(=O)Nc2cccc(-c3nnc(-c4ccc(C)cc4)o3)c2)cc1OC,0
COCCn1c(Cc2ccccc2)nnc1SCC(=O)N(C)C,0
Cc1cc(C)n2nc(NCc3cccc(Br)c3)nc2n1,0
O=C(Nc1ccccc1)N(C1=NCCCCS1)c1ccccc1,0
c1ccc(Cc2nnc3sc(-c4ccc5c(c4)OCCO5)nn23)cc1,0
O=C(CSc1nc2ccccc2n1CC(=O)N1CCCC1)N1CCN(C(=O)c2ccco2)CC1,0
COC(=O)c1ccc(NC(=O)c2sc3nc(-c4ccccc4)cn3c2C)cc1,0
O=C(NC1CC1)c1c[nH]c2ccc(S(=O)(=O)Nc3cccc(C(F)(F)F)c3)cc2c1=O,0
O=C(CCc1ccccc1)Nc1ccc(Cl)cn1,0
COc1ccccc1N(CC(=O)Nc1ccccc1C(=O)NCC(C)C)S(C)(=O)=O,0
Cc1cc(C)n(C(=O)c2cccc(S(=O)(=O)N3CCOCC3)c2)n1,0
O=S(=O)(NCCOCC(F)(F)F)c1ccc2oc3ccccc3c2c1,0
CCCC(=O)Nc1ccc2c(c1)nc1n2CCSC1,0
CCN(CC)S(=O)(=O)c1cccc(-c2nnc(SCC(=O)c3cc(C)n(C)c3C)o2)c1,0
N#Cc1c(-c2ccccc2Cl)cc(C2CC2)nc1N,0
Cc1noc(NS(=O)(=O)c2ccc(NC(=O)CCC3CCCCC3)cc2)c1C,0
Cc1ccc(NC(=O)c2cnn(-c3ccccc3)c2NC(=O)c2ccco2)cc1C,0
Cc1ccc(S(=O)(=O)CNC(=O)c2ccccc2)cc1,0
CC(C)(C)c1ccc(C(=O)CSc2ncn[nH]2)cc1,0
COc1cc(OC)cc(-c2nnc(SCC(=O)N3CCCc4ccccc43)o2)c1,0
Cc1ccnc(NC(=O)CN(C)S(=O)(=O)c2cccc3nsnc23)c1,0
CCOc1ccc(NC(=O)CSc2nnc(C)n2CCCOC)cc1,0
Nc1cc(=O)nc(SCc2cccc(Cl)c2)[nH]1,0
Oc1c(C(c2ccccc2)N2CCN(Cc3ccccc3)CC2)sc2ncnn12,0
O=C(Nc1ccc(-c2noc(COc3ccccc3Cl)n2)cc1)c1ccco1,0
CCOc1ccc(S(=O)(=O)N2CCC(C(N)=O)CC2)c2ccccc12,0
CC(=O)NC(C)C(=O)OCC(=O)Nc1ccc(Br)cc1,0
CC(=O)CSc1nnc(CSc2ncccn2)n1C1CCCCC1,0
CCOCC(=O)Nc1nnc(COCC)s1,0
Cc1nn(Cc2ccccc2)c(C)c1NC(=O)c1cc(-c2ccco2)on1,0
COc1cc(NC(=O)c2ccc(Br)o2)ccc1NC(=O)c1ccccc1Cl,0
COc1ccccc1N(CC(=O)NCc1cccnc1)S(C)(=O)=O,0
CSc1nc(N)nc(SCC(=O)c2ccccc2)c1C#N,0
C=CCn1c(SCC(=O)Nc2ccc(N(C)C)cc2)nnc1-c1cccc(C)c1,0
COc1ccc(OC)c2c(N3CCN(C)CC3)cc(C(F)(F)F)nc12,0
Cc1ccc(S(=O)(=O)NCC(=O)N2CCC(C)CC2)cc1,0
COc1ccccc1N1CCN(C(CNS(=O)(=O)c2ccccc2)c2cccnc2)CC1,0
CCOC(=O)C(NC(=O)Nc1ccc(F)cc1)(OCC)C(F)(F)F,0
CCN1CCCC1CN(Cc1cc2cc(OC)ccc2[nH]c1=O)C(=O)NCc1ccccc1,0
CC1CCN(S(=O)(=O)c2ccc3c(c2)c(=O)c(C(=O)NC2CCCC2)cn3C)CC1,0
CC1CC(C)(C)CC2(C1)NC(=O)N(CC(=O)NCC(c1ccco1)N1CCCCC1)C2=O,0
COc1ccc(NC(=O)c2ccc(COc3ccccc3Br)o2)cc1OC,0
CCOC(=O)c1[nH]c(C)c(/C(O)=C2\C(=O)C(=O)N(CCCN(CC)CC)C2c2cccnc2)c1C,0
CCOC(=O)Nc1ccc(S(=O)(=O)Nc2cc(C)on2)cc1,0
Cc1noc(NS(=O)(=O)c2ccc(NC(=O)C34CCC(CC3)C4)cc2)c1C,0
Cc1ccc(-c2ccc(=O)n(CC(=O)NCCN3C(C)CCCC3C)n2)cc1,0
CCSc1nnc(NC(=O)C2Cc3ccccc3CN2C(=O)c2ccco2)s1,0
CC(=O)N1CCc2cc(S(=O)(=O)NCCC(=O)N3CCc4ccccc4C3)ccc21,0
O=C(NC1CCC(NC(=O)C2CCCO2)CC1)C1CCCO1,0
O=c1nc(N2CCOCC2)ccn1Cc1ccc(Br)cc1,0
Cn1cc(Cl)c(C(=O)NC2CCCC2)n1,0
O=C(NC1CCCC1)c1ccc(CS(=O)(=O)c2ccc(Br)cc2)o1,0
CCSc1sccc1C1C(C#N)=C(N)N(c2cccnc2)C2=C1C(=O)CCC2,0
CCOC(=O)N1CCN(C(=O)c2ccc3nc(N4CCCCC4)sc3c2)CC1,0
Cc1ccc2nc(-c3ccccc3Cl)cc(C(=O)Nc3cc(C)on3)c2c1,0
COc1ccccc1NC(=O)N(CCN(C)C)Cc1cc2cc(C)ccc2[nH]c1=O,0
CSc1nc2ccccc2n1CC(=O)Nc1ccc(C)c(C)c1,0
COc1ccccc1NC(=O)CC(NCc1ccccc1)C(=O)O,0
Cc1sc2nc(CSc3nc4ccccc4c(=O)n3CCCN3CCOCC3)[nH]c(=O)c2c1C,0
CCOC(=O)c1c(N)n(CCCOC(=O)c2ccco2)c2nc3ccccc3nc12,0
C=CCN1C(=O)C(O)(CC(=O)c2ccc(OC)cc2OC)c2cc(Br)ccc21,0
Cc1noc(C)c1S(=O)(=O)N1CCC(C(=O)Nc2ccc(OC(F)(F)F)cc2)CC1,0
Brc1ccc(CSc2nnc(-c3cnccn3)n2Cc2ccco2)cc1,0
CCN(CC)C(=O)C1CCCN(Cc2ccc(OC)c(C)c2C)C1,0
COc1ccc(C(=O)NCCn2ccc3ccccc32)cc1,0
COc1ccc(S(=O)(=O)Nc2ccccc2C(F)(F)F)cc1,0
CCOC(=O)CSC1=C(C#N)C(c2ccc(F)cc2)C(C(C)=O)=C(C)N1,0
Cc1cc(NS(=O)(=O)c2ccc(NC(=O)c3ccoc3C)cc2)nc(C)n1,0
COc1cccc(NC(=O)CC2(CC(=O)O)CCCC2)c1,0
CS(=O)(=O)N(CC(=O)N1CCN(c2ccccc2)CC1)c1cccc(Br)c1,0
CCOC(=O)CNC(=O)Cn1cnc2ccc(S(=O)(=O)N3CCC(C)CC3)cc2c1=O,0
Clc1ccccc1-c1nnc2sc(-c3ccncc3)nn12,0
C=CCn1c(Cc2csc(N)n2)nnc1SCc1ccc(C(=O)OC)cc1,0
COc1ccc(N2C(=O)C3CCCN3C2c2cccc(C)c2)cc1Cl,0
Cc1cnc(NC(=O)CSc2nnc(-c3ccncc3)n2C2CCCCC2)s1,0
CCc1ccc(C(=O)COC(=O)CNC(=O)c2ccco2)cc1,0
CCOc1ccccc1-n1c(SCC(=O)NC)nnc1-c1ccco1,0
O=C(CN1CC(=O)Oc2ccccc21)OCC(=O)c1ccccc1,0
O=C(NCC1CCCO1)c1c(O)n2c3c(cccc3c1=O)CCC2,0
O=C(Nc1nnc(-c2ccco2)s1)C1CCCCC1,0
COCCn1c(C)cc(C(=O)CSc2nnc3ccccn23)c1C,0
COc1cc(-c2nc(Cc3ccccc3Cl)no2)cc(OC)c1OC,0
O=S(=O)(c1ccc2nc(Cc3cccc(C(F)(F)F)c3)[nH]c2c1)N1CCOCC1,0
Cc1ccccc1NC(=O)CN1C(=O)COc2ccc(Cl)cc21,0
CC(C)c1cc(CN2CCN(CCC#N)CC2)cc(C(C)C)c1O,0
COc1ccc(CCNC(=O)C2(C)CCC(=O)N2CCC(C)C)cc1OC,0
CCN(CC)C(=O)CSC1=C(C#N)C(c2ccco2)C(C(=O)OCCOC)=C(C)N1,0
CC1CCC(NC(=O)C2c3ccccc3C(=O)N2CCCN2CCOCC2)CC1,0
Cc1cccnc1N(C(=O)Nc1ccccc1)C1=NCC(C)(C)S1,0
c1ccc(-c2csc(-n3cnnn3)n2)cc1,0
COc1ccccc1OCCn1c(CO)nc2ccccc21,0
CSc1nc(-c2ccccc2)nc2c1COC(C)(C)C2,0
CC(C)(/C=N/O)/[N+]([O-])=C/c1ccccc1C(F)(F)F,0
CCCS(=O)(=O)N1CCN(C(=O)CCC2CCCC2)CC1,0
CCOC1=NC(C(=O)O)c2ccccc2/C(=C(/C)Cl)N1,0
O=C(Nc1ccncc1)c1c(O)n(Cc2ccccc2)c2ccccc2c1=O,0
CCCCn1c(SCC(=O)Nc2cc(C)on2)nc2ccsc2c1=O,0
CS(=O)(=O)N1CCN(Cc2ccccc2C(F)(F)F)CC1,0
Cc1cc2ccccc2n1CCNC(=O)COc1ccccc1,0
Clc1ccc(Cc2noc(-c3cccs3)n2)cc1,0
CC(=O)c1cccc(NC(=O)C2CCCN(S(=O)(=O)c3ccc(F)cc3)C2)c1,0
COc1ccc2nc(NC(=O)c3ccc(-n4nc(C)cc4C)cc3)sc2c1,0
CCOC(=O)c1cn2nc(N3CCCC3)sc3c(F)c(F)c(F)c(c1=O)c32,0
O=C(CCN1CCCCC1)NCC1OCCc2ccccc21,0
COc1ccc(CCN2CC(=O)C(c3nc(=O)c4ccccc4[nH]3)=C2N)cc1OC,0
Cc1cccc(NC(=O)C2c3ccccc3C(=O)N3CCc4ccccc4C23)n1,0
O=C(Cc1cccs1)Nn1c(Cc2cccs2)nc2ccccc2c1=O,0
O=C(COc1ccc(S(=O)(=O)N2CCCCC2)cc1)N1CCCCCC1,0
C/C(CCc1oc2ccccc2c1-c1ccc(C)o1)=N\O,0
Cc1onc(-c2ccccc2)c1C(=O)Nc1sc2c(c1C#N)CCC(C)C2,0
O=S(=O)(c1ccc2ccccc2c1)N1CCN(S(=O)(=O)N2CCOCC2)CC1,0
O=C(Nc1ccccc1)N(CCc1nc2ccccc2[nH]1)C1CCCC1,0
COCCn1c(SCC(=O)c2ccc3c(c2)OCCO3)nnc1-c1ccco1,0
O=C(C1CC1)N1CCc2cc(Br)cc(S(=O)(=O)NCc3ccccn3)c21,0
Cc1ccc(Cn2ccc(NC(=O)c3cc(-c4cccs4)on3)n2)cc1,0
COc1cc(NC(=O)Cc2ccccc2OC)cc(OC)c1,0
Cc1cc2oc(=O)cc(C)c2cc1NC(=O)CCC(=O)O,0
CCOC(=O)C1=C(C)NC(=O)NC1c1cc2c(cc1Br)OCO2,0
CCCC(=O)C1C(=O)CC(C)(C)C(c2cc(C)no2)C1=O,0
CN(C)c1ccc(-c2noc(C3CCN(S(=O)(=O)c4ccc(C(=O)O)cc4)CC3)n2)cc1,0
Cc1cc(C)n(-c2nc3ccccc3c(=O)n2OCc2ccc(F)cc2)n1,0
O=C(Oc1ccnc2cc(Cl)ccc12)N1CCOCC1,0
O=C1CC(N2CCN(c3cccc(C(F)(F)F)c3)CC2)C(=O)N1c1ccccc1F,0
COc1cc(Cl)cc(C2NC(=O)NC(C)=C2C(=O)NCc2ccccc2)c1O,0
COC(=O)c1ccc(NC(=O)CN2CCN(c3ccc(Cl)cc3)CC2)cc1,0
O=C(O)CCCC(=O)NCCc1cccc(Cl)c1,0
CN(C)S(=O)(=O)c1ccc(C(=O)Oc2ccccc2)cc1,0
Cc1nc2c(C(=O)NCCC3=CCCCC3)c[nH]n2c(=O)c1Cl,0
COc1ccc(NC(=O)CCN2CCCC(C)C2)cc1,0
NC(CC(=O)O)c1cccc(OCc2ccccc2)c1,0
COC(=O)c1cc2oc(C)cc2n1CC(=O)N1CCCc2ccccc21,0
COc1ccc(C(O)c2coc3ccc(O)c(CN(C)C)c23)cc1,0
CCCCCCn1c(O)c(C(=O)Nc2ccncc2)c(=O)c2ccccc21,0
Cc1ccc(S(=O)(=O)N2CCN(C(=O)CN3CCOCC3)C2)cc1,0
O=C(CN(Cc1ccc(F)cc1)C(=O)CCC(=O)Nc1ccccn1)NCc1ccco1,0
CCn1c(COc2cccc(OC)c2)nnc1SCC(=O)N1CCOCC1,0
CCOc1ccccc1NC(=O)N1CCC(c2nc3ccccc3[nH]2)CC1,0
O=C(CC1Sc2ncnn2C1=O)Nc1ccc(Br)cc1,0
CC(=O)Oc1cc2c(C(=O)NCCN3CCOCC3)c(C)oc2c2ccccc12,0
Cc1ccc(S(=O)(=O)N2CCN(C(=O)CSc3nc(=O)c4ccccc4[nH]3)CC2)cc1,0
O=C(CSc1nc2ccccc2o1)Nc1ccccc1,0
CC1(C(=O)N(c2ccccc2)C(C(=O)NC2CCCC2)c2ccccn2)CC(=O)N=C2C=CC=CN21,0
Cc1ccc(C)n1-c1cc(S(=O)(=O)N2CCOCC2)ccc1N1CCCC1,0
COc1ccc2[nH]c(=O)c(CN(C(=O)c3cccnc3)c3ccccc3OC)cc2c1,0
N#Cc1nc(-c2ccc(OCc3ccccc3)cc2)oc1NCc1ccco1,0
N/C(CC(=O)Nc1cccc(C(F)(F)F)c1)=N\O,0
COc1ccc(OC)c2c(N)c(C#N)c(C(F)(F)C(F)(F)F)nc12,0
O=C(CCn1c(=S)[nH]c2cc3c(cc2c1=O)OCO3)N1CCN(C2CCCCC2)CC1,0
Cc1cc(NS(=O)(=O)c2ccc(NC(=O)C(C)Oc3ccc4c(C)cc(=O)oc4c3)cc2)no1,0
CC(=O)OC(C(=O)NCc1ccco1)c1ccncc1,0
Nc1ccc2c(c1)C(=O)N(CC1CCCO1)C2=O,0
CN1CCN(Cc2cc(=O)oc3cc4c(cc23)CCC4)CC1,0
CC1(C)Cc2c(sc3c2C(=O)N(c2ccccc2)C2=NCCCN23)CO1,0
CNCCc1c[nH]c2ccccc12,0
COC(=O)C1C(=O)c2c([nH]c(C(=O)OC3CCCCCC3)c2C)CC1C,0
COc1ccccc1NC(=O)COc1ccc(CO)cc1Cl,0
CO/C(=N\C1CCCC1)C(O)c1c[nH]c2ccccc12,0
c1ccc2c(c1)C(NCC1CCCO1)=N/C2=N\CC1CCCO1,0
CCN1C(=O)/C(=C/N(C)c2ccccc2)OC1=S,0
O=C(Nc1ccc2c(c1)OCO2)c1cc2ncc(Br)cn2n1,0
CCCOc1ccc(C(=O)N2CCN(c3ccc(NC(=O)CC)cc3Cl)CC2)cc1,0
CCC1(C)Cc2ccccc2-c2nc3n(c(=O)c21)CC(C(=O)O)S3,0
COc1ccccc1NC(=O)CN1CCN(c2ccc(Cl)cc2)CC1,0
O=C(NCc1nc2ccccc2[nH]1)c1cc2ccccc2oc1=O,0
Cc1ccc(S(=O)(=O)NCC(=O)N(CCc2ccccc2)CC(=O)NCc2ccco2)cc1,0
N#Cc1nc(COc2ccc(Br)cc2)oc1N1CCCC1,0
CS(=O)(=O)N1CCCC(C(=O)NCc2ccc(F)cc2Cl)C1,0
COc1ccc2c(c1)c(CC(=O)O)c(C)n2C(=O)c1ccc(Cl)cc1,0
CCN1CCN(C(=O)c2ccccc2N(Cc2ccccc2)S(C)(=O)=O)CC1,0
O=C(NCc1cn2ccsc2n1)c1cccc(C(F)(F)F)c1,0
CCOc1ccc2[nH]c(=O)c(CN(Cc3ccc(C)cc3)C(=O)N3CCCC3)cc2c1,0
CCC(NS(=O)(=O)c1c(C)[nH]c(=O)[nH]c1=O)C12CC3CC(CC(C3)C1)C2,0
Cc1ccc(C(=O)CSc2nnc(COc3cccc4cccnc34)o2)cc1,0
CCn1cnc2cc(NCc3cccc(OC)c3O)ccc21,0
CCOC(=O)C1CCCN(S(=O)(=O)Cc2ccccc2)C1,0
O=S1(=O)CC(N2CCCCC2)C(N2CCCCC2)C1,0
COc1ccc(C(=O)n2ccc(C)n2)cc1Br,0
CN(c1ccccc1C(=O)Nc1cccc(C(F)(F)F)c1)S(C)(=O)=O,0
CC1CCc2nc(NCCO)nc(C(F)(F)F)c2C1,0
COc1cccc(-n2c(SCC(=O)NCCc3ccccc3)nnc2-c2ccoc2C)c1,0
O=C(Nc1cccc(F)c1)N1CC=C(n2c(=O)[nH]c3ccccc32)CC1,0
CCC(C)C(NC(=O)c1ccccc1NC(=O)c1ccco1)C(=O)NC1CCCCC1,0
Cc1ccc(C(=O)C2C(c3cccs3)NC(=O)NC2(O)C(F)(F)F)cc1,0
CC1CCN(C(=O)CSc2ccc(-c3ccc(F)cc3)nn2)CC1,0
CCCOc1ccc(C2c3c(oc4ccccc4c3=O)C(=O)N2CCCN2CCOCC2)cc1,0
CCOc1ccc(C(=O)Nc2cccnc2)cc1Br,0
CCOC(=O)NC1(C(F)(F)F)NC(=O)N(Cc2ccco2)C1=O,0
Cc1csc(Cn2c(CN(C)C)nc3ccccc3c2=O)n1,0
COc1ccc(C2(O)CC3CCC(C2)N3c2cc(C)nc(-c3ccccc3)n2)cc1,0
CCN1CCCC1CNC(=O)C1CCN(Cc2nc(-c3cccc(Br)c3)oc2C)CC1,0
Cc1ccc(N(CC(=O)O)C2SC(=O)NC2=O)cc1,0
CCOc1cc(N2CCOCC2)c(OCC)cc1NC(=O)Cc1cn2ccsc2n1,0
O=CNc1ccccc1Oc1ccccc1,0
Cc1ccc(CNC(=O)C2c3ccccc3C(=O)N3CCc4ccccc4C23)o1,0
COc1ccc(NS(=O)(=O)c2cc(OC)ccc2NC(=O)c2cc(C)oc2C)cc1,0
CN1C(=O)NC(NC(=O)c2cccs2)(C(F)(F)F)C1=O,0
COc1cccc(-c2csc3nnc(SCC(=O)c4ccc(NC(C)=O)cc4)n23)c1,0
CCc1nnc(NC(=O)CSc2nnc(Cc3ccccc3)n2-c2ccccc2)s1,0
Cc1onc(-c2ccccc2Cl)c1C(=O)N1CC(C)OC(C)C1,0
CCOC(=O)c1[nH]c(C)c(C(=O)c2cc(F)ccc2F)c1C,0
O=c1[nH]c2cc3c(cc2cc1C(c1nnnn1C1CCCC1)N1CCCc2ccccc21)OCCO3,0
O=C(c1ccc(Br)o1)N(Cc1ccccc1)c1ccccn1,0
Cc1ccc(S(=O)(=O)N2CCOCC2)cc1C(=O)Nc1nc(-c2cccnc2)cs1,0
CSc1nc(N)c(C#N)c(-c2ccccc2Cl)c1C#N,0
CCOC(=O)C1CCN(C(=O)C2CCN(S(=O)(=O)c3c(C)noc3C)CC2)CC1,0
CC(C)(C)NC(=O)NC(=O)COC(=O)Cn1c(C(F)(F)F)nc2ccccc21,0
Cc1ccc(-c2noc(CCC(=O)NCCN3CCc4ccccc4C3)n2)cc1,0
O=C(NCc1ccc2c(c1)OCO2)c1c(F)c(F)c(F)c(F)c1F,0
CCOC(=O)C1=C(CS(=O)(=O)c2ccccc2)NC(=O)NC1c1ccccc1,0
Cc1ccc(CNc2oc(COc3ccccc3Cl)nc2C#N)cc1,0
CCc1ccc2c(CN(CC)Cc3nc(=O)c4ccccc4[nH]3)cc(=O)oc2c1,0
O=C(CNC(=O)c1ccco1)OCc1ccc(Cl)cc1,0
COc1ccc(N/C(=N/C(=O)C(C)C)Nc2nc(C)cc(C)n2)cc1OC,0
CC1CN(C(=O)c2cc3c(=O)n4ccccc4nc3s2)CC(C)O1,0
O=C(O)c1cc2cccc(S(=O)(=O)N3CCOCC3)c2cc1O,0
CCOC(=O)N1CCN(c2nc(SC)nc3sc4c(c23)CC(C)(C)OC4)CC1,0
Cc1cc(NC(=O)CSc2nnc3c(C)cc4cc5c(cc4n23)OCO5)no1,0
Cc1ccc(C(=O)CSc2nnc(CNc3ccc(C)cc3C)n2Cc2ccco2)cc1,0
CCOC(=O)c1sc(NC(=O)CSc2nnnn2-c2ccccc2)c(C(=O)OCC)c1C,0
O=C(CCCC(=O)N(CC(=O)NC1CCCCC1)Cc1ccc2c(c1)OCO2)Nc1ccccn1,0
O=C(CN1CCCCCC1)OCCNC1=NS(=O)(=O)c2ccccc21,0
O=C(CSc1nnc(CNC(=O)c2ccccc2F)o1)c1ccc(Cl)cc1,0
COc1ccc(Br)cc1C(=O)Nc1ccc(O)cc1,0
COC(=O)C1CCN(C(=O)Cc2ccc(Br)cc2)CC1,0
O=C(NCCOc1ccc(Cl)cc1)C1CC(=O)N(c2ccc(F)cc2)C1,0
CCOCCn1c(COc2ccccc2)nc2ccccc21,0
Cc1ccc(S(=O)(=O)N2CCOCC(=O)NCCOCCNC(=O)COCC2)cc1,0
CCOC(=O)Cc1cnc(NC(=O)NC(C(=O)OCC)(c2ccccc2)C(F)(F)F)s1,0
O=C(NCC(c1cccnc1)N1CCN(c2ccccc2F)CC1)Oc1ccccc1,0
O=C(Nc1ccon1)c1cccc(Cl)c1,0
Clc1ccc(CSc2nncn2-c2ccccn2)cc1,0
CCOC(=O)C1C2C=CC3(CN(c4ccc(Cl)c(F)c4)C(=O)C13)O2,0
CN(C(=O)NC(=O)NC1C2CC3CC(C2)CC1C3)S(C)(=O)=O,0
CN(C(=O)COC(=O)COc1ccc(Cl)cc1)C1CCCCC1,0
Cc1cc(NC(=O)CSc2nc3ccsc3c(=O)n2CCCCC(=O)O)no1,0
C=CCn1c(-c2cccc(Cl)c2)n[nH]c1=S,0
COc1cc(OC)c(C(=O)Nc2ccc(N(C)C)cc2)cc1OC,0
COc1cccc(NC(=O)CN2CCN(c3ccc(F)cc3)CC2)c1,0
Cn1c(COc2ccccc2)nnc1SCc1cc(=O)[nH]c2ccccc12,0
O=C(CSc1nc(-c2ccco2)cc(C(F)(F)F)n1)Nc1ccc(C(=O)N2CCCCC2)cc1,0
COc1ccc(CC(=O)Nc2c3c(nn2-c2ccccc2C)CS(=O)C3)cc1,0
COc1ccc(NC(=O)CN2CCN(c3ccc(Cl)cc3)CC2)c(OC)c1,0
CC(=O)N1CCCc2cc(S(=O)(=O)N3CCN(c4ccccn4)CC3)ccc21,0
CCOC(=O)c1ccc(-c2n[nH]c(=O)c3ccccc23)cc1,0
CC(/C=C/c1ccc(Cl)o1)=C\C(=O)O,0
COC(=O)c1cc(CSc2nnc(-c3ccccc3)c(-c3ccccc3)n2)oc1C,0
O=C(Cn1c(=O)n(-c2ccc(F)cc2)c(=O)c2sccc21)N1CCCC1,0
Cc1ccccc1CN(c1ccc(C(=O)N2CCCC2)cc1)S(C)(=O)=O,0
O=C(Cc1c(C(=O)O)[nH]c2ccccc12)NC1CCN(Cc2ccccc2)CC1,0
CN(Cc1ccccc1)C(=O)CCNS(=O)(=O)c1ccc2c(c1)oc(=O)n2C,0
COc1ccc(Nc2nc(=O)c(Cc3ccc(Cl)cc3)n[nH]2)c(OC)c1,0
COCCN(C(=O)CNC(=O)c1cccs1)C(C(=O)NC1CCCCC1)c1ccco1,0
Cc1cccc(N2C(=O)C3C4C=CC(C4)C3C2=O)c1,0
CC12CCC(=O)C=C1CCC1C2C(O)CC2(C)C1CCC2(O)C(=O)CO,0
Cc1cc2c(c(=O)n1CC1CCCO1)C(c1ccco1)C(C#N)=C(N)O2,0
Cc1ccc(C2C(C(=O)c3sc(C)nc3C)=C(O)C(=O)N2CCN2CCOCC2)o1,0
CCc1c(C)[nH]c(SCC(=O)N2CCc3ccccc32)nc1=O,0
Cc1cc(C)c(S(=O)(=O)N2CCN(C)CC2)c(C)c1,0
O=C(CN1C(=O)C2C3C=CC(C3)C2C1=O)NCC1COc2ccccc2O1,0
CC(C)CCNC(=O)c1cnn2c(C(F)(F)F)cc(-c3ccco3)nc12,0
Cc1nc(CCNC(=O)c2ccccc2)cs1,0
C=CCn1c(SCC(=O)N2CCOCC2)nc2sc3c(c2c1=O)CCCC3,0
CN1C(=O)C(O)(CC(=O)c2ccc3c(c2)OCO3)c2ccccc21,0
COc1ccc(N(CC(=O)NCc2cccnc2)S(=O)(=O)c2c(C)nn(C)c2C)cc1,0
O=C(O)c1ccc(Cl)cc1NC(=O)C1CCCO1,0
COc1cccc(C2=NOC(C(=O)NC(C)C)C2)c1,0
CCOc1ccc(NC(=O)CSc2nnnn2CC(=O)O)cc1,0
COc1ccc(NC(=O)CNS(=O)(=O)c2cccc3nonc23)c(OC)c1,0
CCn1cc(C(=O)N2CCN(C3CCCCC3)CC2)c2cc(OC)c(OC)cc2c1=O,0
O=C(CSc1nnc(-c2ccc(Br)cc2)o1)N1CCN(C(=O)c2ccco2)CC1,0
COc1cccc(OC(=O)CSc2nnc(-c3ccccc3Br)o2)c1,0
O=C(CN1CCN(Cc2ccccc2)CC1)NCC1COc2ccccc2O1,0
O=C(COc1ccc(Cl)cc1)Nc1ncccn1,0
CCCCn1c(C)cc2cc(O)ccc21,0
COc1ccc(CCNS(=O)(=O)c2ccc3c(c2)CCN3C(=O)C2CC2)cc1OC,0
CC1CCCC(C)N1CCNC(=O)CCn1nc(-c2ccccc2)ccc1=O,0
CCCCC(=O)Nc1cccc(-c2cn3ccsc3n2)c1,0
CCCc1cc(=O)n2[nH]c(-c3cc(OC)c(OC)c(OC)c3)nc2n1,0
Nc1c(S(=O)(=O)c2ccccc2)c2nc3ccccc3nc2n1Cc1ccco1,0
COc1cc(OC)c(C2=NOC(C(=O)O)C2)cc1Cl,0
CCOC(=O)C1=C(C)NC(SC(C)=O)=NC1c1ccc(OC(C)=O)c(OC)c1,0
CCOc1ccc(N2CC(C(=O)Nc3ccc(F)cc3F)CC2=O)cc1,0
CCCS(=O)(=O)c1nnnn1-c1cccc(OC)c1,0
CCOC(=O)c1ccc2[nH]c(C(F)(F)F)nc(=O)c2c1,0
OCCN1CCN(c2nc(-c3ccccc3)c3cc(Cl)ccc3n2)CC1,0
COc1cccc(C2NC(=O)NC(C)=C2C(=O)Nc2ccccc2C)c1,0
CCN(CC)C(=O)C1CCCc2c1[nH]c1ccc(Cl)cc21,0
CCN1CCN(C(=O)C2CCN(Cc3nc(-c4cccc(Cl)c4)oc3C)CC2)CC1,0
Cc1ccc2c(c1C)NC(C(=O)O)C1CC=CC21,0
O=C(Cn1c(-c2cncs2)nc2ccccc21)NCCc1ccccc1,0
Cc1cccn2c(=O)c3cc(C(=O)N4c5ccccc5CC4C)n(C)c3nc12,0
Cc1cc(OCC(=O)NCCN2CCOCC2)ccc1Br,0
OC(CCN1CCOCC1)(c1ccc(Cl)cc1)C1CCCCC1,0
Cc1ccc(NC(=O)CCn2cnc3ccccc3c2=O)cc1Cl,0
COC(=O)C1=C(N)OC2=C(C(=O)CC(C)(C)C2)C1c1cccnc1,0
CCN1C(=O)C(O)(C2COC(C)(C)CC2=O)c2cc(Br)ccc21,0
CCN1CCN(C(=O)c2ccc3c(=O)n(C4CCCC4)c(=S)[nH]c3c2)CC1,0
Cc1nc(C)c(C(=O)C2=C(O)C(=O)N(CCCn3ccnc3)C2c2ccc(Cl)cc2)s1,0
Cc1ccc2cc(CN(Cc3ccc(F)cc3)Cc3nnnn3C3CCCC3)c(=O)[nH]c2c1,0
CCOc1ccc(C2Oc3nc(SC)nnc3-c3ccccc3N2C(C)=O)cc1OC,0
O=C(CSc1nc(-c2ccco2)cc(C(F)(F)F)n1)NCCc1ccccc1,0
CC(C)c1cc(C(=O)Nc2cccc(Cl)c2)no1,0
COCCCn1c(SCC(=O)N2CC(=O)Nc3ccccc32)nnc1-c1ccoc1C,0
Cc1nnc(NC(=O)c2ccc(S(=O)(=O)N(C)Cc3ccccc3)cc2)o1,0
S=C(Nc1ccccn1)c1ccccn1,0
O=C(Nc1ccccc1)NC1(C(=O)NCc2ccc3c(c2)OCO3)CCCCC1,0
CC(C)NC(=O)CN1CCC(O)(c2ccccc2)CC1,0
Cn1c(=O)c(=O)n(C)c2cc(S(=O)(=O)N3CCOCC3)ccc21,0
Cc1nnc(NC(=O)c2sc3ccccc3c2Cl)s1,0
COc1ccccc1CC(=O)N1CCN(c2cccc(C(F)(F)F)c2)CC1,0
CCOC(=O)c1ccc(NS(=O)(=O)c2ccc(SC)cc2)cc1,0
S=C(c1ccc(N2CCOCC2)cc1)N1CCCCC1,0
CC(=O)Nc1cc(C(F)(F)F)ccc1N1CCOCC1,0
O=c1c2ccccc2c2ccccc2c(=O)n1Cc1ccco1,0
CC(C)OC(=O)c1ccc(NC(=O)C2C3CC4OC(=O)C2C4C3)cc1,0
CC(Oc1ccc(Cl)cc1)C(=O)Nc1ncccn1,0
C=CCN1C(=O)NC(=O)C(Cc2ccc(OC)c(OC)c2)C1=O,0
Cc1c(NC(=O)CCc2ccc(S(=O)(=O)N3CCOCC3)cc2)c(=O)n(-c2ccccc2)n1C,0
CC(C)(Oc1ccc(Cl)cc1)C(=O)NCCCn1ccnc1,0
O=C(CN1CCN(S(=O)(=O)c2ccc(Br)cc2)CC1)Nc1ccc(F)cc1,0
O=C(CCCc1ccccc1)N1CCc2ccccc21,0
N#C/C(=C\N1CCN(Cc2ccc3c(c2)OCO3)CC1)c1nc2ccccc2s1,0
Cc1ccc(S(=O)(=O)N2CCN(C(=O)C3CCCCC3)CC2)cc1,0
CCOCCn1c(SCCc2ccccc2)nc2c1c(=O)[nH]c(=O)n2C,0
O=C(NC1CCCC1)c1ccc(Br)s1,0
Cc1ccc(NC(=O)CCn2c(=O)oc3ccccc32)c(C)c1,0
CN(C)c1ccc(/C=N/CC2(O)CCOC(C)(C)C2)cc1,0
COc1ccc(-c2cc(C(=O)Nc3cnn(Cc4ccccc4C)c3)no2)cc1OC,0
COc1ccccc1OCc1nnc(SCC(=O)N2CCCCC2)n1-c1ccccc1,0
Cc1cc(SCC(=O)Nc2ccccc2)nc(C)n1,0
COc1ccc(-c2nnc(CSc3nc4ccccc4c(=O)n3CC3CCCO3)o2)cc1OC,0
COc1cccc(C(=O)Nc2c3c(nn2-c2cccc(C)c2C)CS(=O)(=O)C3)c1OC,0
Cc1ccc(OCC(=O)NCc2ccco2)cc1C,0
CC/C(=N\O)C(C)(C)/[N+]([O-])=C/c1ccc(Br)cc1,0
COc1ccc(OC)c(C2C(C#N)=C(N)Oc3c2c(C)nn3-c2ccc(C)cc2)c1,0
CCOC(=O)N1CCN(S(=O)(=O)c2ccc(F)c(C(=O)Nc3cc(C)cc(C)c3)c2)CC1,0
COc1ccc(Br)cc1CNC(=O)C1CCN(S(=O)(=O)N2CCCCC2)CC1,0
c1ccc2[nH]c(SCCN3CCOCC3)nc2c1,0
CCOC(=O)C1(C(F)(F)F)N=C(N(C)C)OC(N(C)C)=N1,0
CC(C)OC(=O)CSc1nnc(CNc2nc(-c3ccccc3)cs2)n1C,0
O=C(NC1CCCc2ccccc21)C1CCCO1,0
CC(=O)Nc1ccc(NC(=O)CSc2nccn2Cc2ccccc2)cc1,0
Cc1[nH]n(C(C)(C)C)c(=O)c1Sc1ccccc1,0
CSc1ccccc1NC(=O)c1ccncc1,0
O=C1c2ccccc2C(=O)N1CCSc1nnc(-c2ccco2)n1Cc1ccccc1,0
CNC(=O)N(C1=NCC(C)S1)c1ccc(F)cc1F,0
Cc1ccc2c(c1)c(C)c(C)n2CC(O)Cn1nnc2ccccc21,0
O=C(c1ccco1)C1C2C(=O)N(c3ccc(Br)cc3)C(=O)C2C2c3ccccc3C=CN12,0
Cn1cccc1C(=O)NS(=O)(=O)c1ccccc1Cl,0
CC1CCCCC1NC(=O)CSc1nnc(COc2ccccc2Cl)o1,0
O=C(COc1ccc(S(=O)(=O)NC2CCCC2)cc1)N1CCCCCC1,0
Cn1c(Cc2ccccc2)nnc1SCCC(=O)Nc1ccccc1,0
COc1ccccc1-c1nnc(SCC(=O)Nc2nc(-c3ccccc3)cs2)n1C,0
Cc1ccsc1C(=O)N1CC(=O)Nc2ccccc21,0
CN(Cc1nc(-c2cccnc2)no1)S(=O)(=O)c1ccc(Br)cc1,0
Clc1ccc(-c2noc(CN3CCN(c4ccccc4)CC3)n2)cc1,0
CCOC(=O)c1ccc(NC(=O)Nc2cc(C)on2)cc1,0
Cc1ccc(-c2ccc(/C=N/c3ncn[nH]3)o2)cc1Cl,0
O=C(CN1C(=O)C2C3C=CC(C3)C2C1=O)NCCc1ccccc1,0
CC1CCN(CCNC(=O)CN(C)S(=O)(=O)c2cccc3nsnc23)CC1,0
COc1ccc(C)cc1NC(=O)CSc1nnc(-c2ccc(Br)cc2)o1,0
O=C(CSc1nc2ccccc2n1CC(=O)NCc1ccccc1)NCc1ccco1,0
O=C(NC1CCN(Cc2ccccc2)CC1)C1CCN(S(=O)(=O)c2cccc3nsnc23)CC1,0
O=C(Cc1cccs1)N1CCC(c2nc3n(Cc4ccccc4)[nH]nc-3c(=O)n2)CC1,0
COc1ccc(OC)c(-c2cc(C(=O)Nc3c(C)nn(Cc4ccccc4)c3C)no2)c1,0
O=C(C1CCCN(S(=O)(=O)c2cccc3nsnc23)C1)N1CCC2(CC1)OCCO2,0
Oc1ccc(Br)cc1CN1CCN(c2ccccc2)CC1,0
CCOC(=O)C(CCOc1cccc(CC)c1)C(=O)OCC,0
Cc1ccc(S(=O)(=O)N2CCN(C(=O)c3ccc(OCc4c(C)noc4C)cc3)CC2)cc1,0
COc1ccc(C(=O)c2oc3ccc(OC)cc3c2N)cc1,0
COc1ccc(N/C(C)=C2/C(=O)NC(=O)N(C3CCCCC3)C2=O)c(OC)c1,0
CCn1cc(C(=O)NCc2ccco2)c(=O)c2cc(S(=O)(=O)N3CCC(C)CC3)ccc21,0
CCOC(=O)C(C)n1cnc2c(oc3ccccc32)c1=O,0
CCCCC(=O)Nc1cccc(NC(=O)c2ccc(Br)o2)c1,0
Cc1ccc(-n2nnnc2SCC(=O)c2cc(C)n(CC3CCCO3)c2C)cc1,0
C=C(C)CSc1nc(N)c(C#N)c(-c2ccc(C)cc2)c1C#N,0
Cc1nc(=O)c(-c2ccccc2)c(C)n1-c1ccc(C(=O)O)cc1,0
C=CCN(C(=O)CNC(=O)c1ccco1)C(C(=O)NC1CCCCC1)c1ccccc1,0
CC(C)NC(=O)CN(c1cccc(Br)c1)S(C)(=O)=O,0
O=C1CC(N2CCN(c3ccc(C(=O)c4ccc(F)cc4)cc3)CC2)C(=O)N1,0
O=C(O)CCc1ccc(-c2ccc(Br)cc2)o1,0
Cc1ccc(-c2csc3ncnc(Sc4nnc(CN5CCCCCC5=O)o4)c23)cc1,0
CCC(C)Sc1nc2c(c(=O)[nH]c(=O)n2C)n1Cc1ccc(Cl)cc1,0
Cc1ccsc1C1NC(=O)c2ccccc2N1,0
Clc1ccc(NCc2nnc3n2CCCCC3)cc1,0
O=C(c1c[nH]c2ccccc12)C(O)C(c1ccccc1)N1CCOCC1,0
O=C(c1cc2c(=O)oc3ccccc3c2s1)N1CCN(c2ccccn2)CC1,0
COC(=O)c1ccc(NC(=O)CN2CCN(c3cccc(Cl)c3)CC2)cc1,0
COc1cc(NC(=O)c2ccccc2)c(OC)cc1NC(=O)CN1CCN(c2ccccn2)CC1,0
CN(CCCC(=O)Nc1ccncc1)S(=O)(=O)c1ccc(Cl)cc1,0
CCN(CC)CCN1C(=O)/C(=N\O)c2ccccc21,0
CCOC(=O)C(NC(=O)Nc1ncccn1)(Oc1ccccc1)C(F)(F)F,0
COc1cc2c(cc1OC)C(c1ccncc1)CC(=O)N2,0
O=C(O)c1ccccc1NS(=O)(=O)c1ccccc1C(F)(F)F,0
CCn1c(SCC(=O)NC(=O)Nc2ccc3c(c2)OCCO3)nnc1-c1cccs1,0
CCOC(=O)c1ccc(S(=O)(=O)N2CCC(C(=O)OCC)CC2)cc1,0
COc1ccc(Cl)cc1NC(=O)CN1C(=O)CSC1=O,0
C=CCn1c(SCC(=O)c2ccccc2)nnc1-c1ccc2c(c1)OCO2,0
CCOCCCNC(=O)C1CCN(C(=O)Nc2ccc(Cl)cc2)CC1,0
CC1=C(c2ccccc2)C2=NC3=C(C(=O)CCC3)C(c3cccnc3)N2N1,0
CCn1c(SCC(=O)c2ccc(F)cc2)nnc1-c1ccoc1C,0
Cc1c(C(=O)N2CCC3(CC2)OCCO3)sc2ncnc(N(C)c3ccccc3)c12,0
CC1(C)CC(=O)c2cc(OCC(=O)NCCN3CCCc4ccccc43)ccc2O1,0
Cc1cc(C(F)F)n2nc(C(=O)Nc3ccccc3Br)nc2n1,0
CCOc1ccc(NC(=O)CN(C)CC(=O)NC2CCCc3ccccc32)cc1OCC,0
CCN(C(=O)c1ccco1)c1nc(CC(=O)Nc2ccc(Cl)cc2)cs1,0
O=C(O)C1(c2ccc(Cl)cc2)CCC1,0
CCCCCCN1C(=O)C(O)=C(C(C)=O)C1c1ccc(Cl)cc1,0
O=C(Nc1cccc(OCC(=O)N2CCOCC2)c1)C1CCCCC1,0
CCOC(=O)CSc1nnc(CNc2cccc(Cl)c2)n1-c1ccccc1,0
CC(C)Oc1ccc(C2/C(=C(/O)c3ccc(F)cc3)C(=O)C(=O)N2CCCN(C)C)cc1,0
Cn1c(=O)cc(SCC(=O)NCc2ccco2)c2ccccc21,0
Cc1cccc(NC(=O)C2CCCN2C(=O)OCC(C)C)c1C,0
Cc1ccc(C23CC4CC(CC(NC(=O)N5CCN(C)CC5)(C4)C2)C3)cc1,0
Cn1c(=O)c2cc(S(=O)(=O)N3CCC(c4ccccc4)CC3)ccc2n(C)c1=O,0
COc1ccc(-n2nc3c(c2NC(=O)C24CC5CC(CC(C5)C2)C4)CS(=O)C3)cc1,0
COc1cc2[nH]c(=S)n(C3CCCC3)c(=O)c2cc1OC,0
O=C1CC(N2CCN(c3ccc(F)cc3)CC2)C(=O)N1Cc1cccs1,0
Cc1ccc(C)c(NC(=O)CCn2nc(C)cc2C)c1,0
Cc1cc(C)c2c(=O)c3c(oc2c1)C(=O)N(CCO)C3c1cccc(O)c1,0
COc1ccc(CNC(=O)C2CC(c3cccc(OC)c3)=NO2)cc1,0
Cc1cc(=O)n2[nH]c(-c3ccc(Cl)cc3)cc2n1,0
CCOc1cc(CNn2cnnc2)ccc1OCC(=O)NC1CCCCC1,0
CCOC(=O)c1c(C)[nH]c(NC(=O)N2CCOCC2)c1C,0
CCC1CCC2(CC1)NC(CO)(CO)CO2,0
Cc1ccnc(NS(=O)(=O)c2ccc(NC(=O)Cc3cccs3)cc2)n1,0
COc1c(C)cc(Br)cc1C(=O)Nc1cccc(-c2nc3ncccc3o2)c1,0
CC1(C)Cc2c(sc3c2c(=N)n(Cc2ccco2)c(=O)n3Cc2ccccc2)CO1,0
CCOC(=O)c1ccc(NC(=O)CCc2ccc(CC)o2)cc1,0
O=C(NCCCN1CCCC1=O)Nc1ccc(Cl)cc1,0
CC(=O)N1CCc2cc(S(=O)(=O)NC(CC(C)C)C(=O)N3CCc4ccccc4C3)ccc21,0
Cc1ccc2cccc(S(=O)(=O)n3nc(C)cc3C)c2n1,0
CCOC(=O)c1cc2sccc2n1CC(=O)N1CCCC1,0
CCN(CC)S(=O)(=O)c1ccc(NC(=O)CSc2nnc(-c3ccc(F)cc3)o2)cc1,0
COc1ccc2[nH]c(=O)c(CN(CCCN3CCOCC3)C(=O)NCc3ccccc3)cc2c1,0
Cc1ccc(-n2[nH]cc3c(=O)nc(SCC(=O)N4CCCc5ccccc54)nc2-3)cc1,0
O=S1(=O)C=CC(Nc2cccc(Cl)c2)C1,0
CCC(C(=O)NC1CCCC1)N(C(=O)Cn1nnc(-c2ccc(C)o2)n1)C(C)(C)C,0
COc1ccccc1OCC(=O)Nc1nnc(-c2ccco2)s1,0
Cc1cc(C)nc(N2CCC(CNC(=O)CCc3ccccc3)CC2)n1,0
CCN(CCCNC(=O)CCn1c(=O)[nH]c2ccccc2c1=O)c1ccccc1,0
CCCc1nnc(NC(=O)Cn2c(=O)oc3ccccc32)s1,0
Cc1ccccc1-c1nc(CN2CCCC(C(=O)NCc3cccnc3)C2)c(C)o1,0
Cc1ccc(-c2noc(C3CCCN(C(=O)C4CCCCC4)C3)n2)o1,0
COC(=O)C1=C(C)N(c2ccc(Cl)c(Cl)c2)C(=O)C1,0
CCn1cc(Br)c(C(=O)N2CCN(c3ccccc3)CC2)n1,0
COc1cccc(-c2noc(C3CCCN(S(=O)(=O)c4cccc(Cl)c4C)C3)n2)c1,0
COc1ccc(CNC(=O)c2noc3c2CCCCC3)cc1,0
O=C(CN(Cc1ccco1)C(=O)CNS(=O)(=O)c1ccc(F)cc1)NCc1ccc(F)cc1,0
CC(=O)c1cccc(NC(=O)NCCS(C)=O)c1,0
CCC(=O)Nc1ccc(-c2nnc(SCC(=O)Nc3nccs3)n2C)cc1,0
COc1ccc(CC(NC(C)=O)C(=O)NC2CCN(C(=O)NCc3ccccc3)CC2)cc1,0
CCN(CC(=O)NC1CCS(=O)(=O)C1)c1nc(-c2ccccc2)nc2ccccc12,0
O=C(CCNc1cccc(Cl)c1)c1ccco1,0
Clc1ccccc1OCc1nn2c(-c3ccncc3)nnc2s1,0
O=C(Oc1ccc(Cl)c2cccnc12)N1CCOCC1,0
CC(=O)N1CCN(c2ccccc2NC(=O)COc2cc(C)ccc2C(C)C)CC1,0
CN(C(=O)c1cnccn1)c1nnc(-c2cccnc2)s1,0
Cn1c(SCC(=O)N2CCc3ccccc3C2)nnc1-c1cccs1,0
COc1ccc(C)cc1NC(=O)C1CCCN(S(=O)(=O)c2cccc3nonc23)C1,0
O=C1CN2C(=N1)N(Cc1ccccc1)c1ccccc12,0
COc1ccc(-c2cc3ccccc3n2CC(O)CN2CCOCC2)cc1,0
COc1ccccc1N1CCN(C(=O)CSc2nc(=O)cc(-c3ccccc3)[nH]2)CC1,0
CC(=O)Nc1ccc(N2C(=O)CC(N3CC(C)OC(C)C3)C2=O)cc1,0
O=C(Nc1cccc(O)c1)c1ccc(Br)c(S(=O)(=O)N2CCCCC2)c1,0
CCOC(=O)c1sc2ccc(S(=O)(=O)N3CCCCC3)cc2c1N,0
ClC1=CCC2CN(CCN3CCCCC3)CC2C1,0
O=C1c2oc3ccccc3c(=O)c2C(c2cccc(Br)c2)N1Cc1ccco1,0
O=C(c1ccc(Cl)cc1)c1ccc(OCC(O)CN2CCOCC2)cc1,0
Cc1cc(C(=O)COc2ncnc3sccc23)c(C)n1C,0
O=C(NCc1ccco1)c1cnn2c(C(F)(F)F)cc(-c3cccs3)nc12,0
O=C(Nc1cccc(F)c1)c1ccc2c(c1)OCO2,0
COc1ccc(C(c2nnnn2C2CCCC2)N2CCC(C)CC2)c(OC)c1,0
Cc1ccc(S(=O)(=O)N2CCN(c3nc(C)c4c(c3C#N)CC(C)(C)OC4)CC2)cc1,0
O=C(COc1ncnc2ccccc12)NC1CCS(=O)(=O)C1,0
Cn1c(SCC(=O)NCc2ccc3c(c2)OCO3)nnc1C1COc2ccccc2O1,0
CC(=O)c1cccc(NC(=O)C2CCCN(S(=O)(=O)c3ccccc3)C2)c1,0
N#CCCCSc1nnnn1-c1cccc(Cl)c1,0
COCCNC(=O)c1sc2nc(-c3ccccc3)cn2c1C,0
O=C(O)CC(C(=O)Nc1cccc(C(F)(F)F)c1)C1CCCO1,0
O=C(CCC(=O)N(CC(=O)NC1CCCC1)C1CCCC1)Nc1ccccn1,0
COC(=O)c1oc2ccc(Br)cc2c1NC(=O)CCCN1C(=O)c2ccccc2C1=O,0
c1ccc(COc2cccc(CN3CCN(c4ccccn4)CC3)c2)cc1,0
C=C(C)C1CCC(C)=C1COC(=O)Nc1ccccc1,0
Cc1ccc(S(=O)(=O)c2nc(-c3ccccc3)oc2NCc2cccnc2)cc1,0
CCn1c(SCC(=O)N2CCCC2)nc2ccccc2c1=O,0
O=C(NC1CC2CCCC(C1)N2C(=O)N1CCCCC1)C1CCCCC1,0
Cc1cc(C)cc(NC(=O)CSc2nnc(-c3ccccc3)n2N)c1,0
Cc1ccc(NC(=O)N2CCCC2C(=O)NCCc2ccccc2)cc1,0
O=CN(Cc1ccco1)C1(C(=O)NC2CCCCC2)CCCCC1,0
COc1cc(C(=O)Nc2cc(C)ccn2)cc(OC)c1OC,0
COc1cccc2c(C)nc(Nc3nc(=O)cc(CSc4nnc(C)s4)[nH]3)nc12,0
O=C(C1CC1)N1CCN=C1SCc1cccc(F)c1,0
Cc1nc2sccn2c1-c1nc(C2CC2)c(C(=O)c2ccc3c(c2)NC(=O)CO3)s1,0
O=C(CN(C(=O)CNC(=O)c1ccco1)c1ccc(Cl)cc1)NC1CCCCC1,0
Cc1ccc(S(=O)(=O)Nc2ccccc2CNc2c(C)n(C)n(-c3ccccc3)c2=O)cc1,0
CCOc1ccc(CCNC(=O)C2CCC(=O)N2C2CCCCC2)cc1OCC,0
COc1ccc(-c2nnc3sc(-c4cccs4)nn23)cc1OC,0
O=c1/c(=C/c2cccc3ccccc23)sc2ncnn12,0
Cc1occc1C(=O)N1CCN(S(C)(=O)=O)CC1,0
COc1ccccc1OCCn1c(C(C)O)nc2ccccc21,0
O=S1(=O)c2cccc3cccc(c23)N1Cc1nnc(-c2ccccc2Br)o1,0
O=C(NCc1cccnc1)C1CCN(S(=O)(=O)N2CCC3(CC2)OCCO3)CC1,0
Cc1n[nH]c(C)c1S(=O)(=O)NCCc1ccc(Cl)cc1,0
COc1ccc(C(=O)Cn2c(Br)nc3c2c(=O)n(C)c(=O)n3C)cc1,0
CCOC(=O)c1cnc(SCC(=O)N2CCN(C(=O)c3ccco3)CC2)nc1N,0
COc1cc(C(=O)Nc2nnc(CC(=O)N3CCOCC3)s2)cc(OC)c1OC,0
O=C(CN1CCN(S(=O)(=O)c2ccc(Br)cc2)CC1)Nc1ccccc1F,0
Cc1ccc(OCC(=O)N2CCC(N3CCCCCC3)CC2)cc1,0
COc1cc(C(=O)Nc2nccs2)c(Br)c(OC)c1OC,0
COCc1nnc(NC(=O)CC(C)c2ccccc2)s1,0
COc1ccccc1N1CCN(C(=O)c2cc(-c3cccc(Cl)c3)on2)CC1,0
CC(C)c1ccc(NC(=O)C(c2ccccc2)N2CCN(C(=O)c3ccco3)CC2)cc1,0
COc1ccc(C(=O)Nc2ccc(N3CCN(c4ccc(OC)cc4)CC3)c(C#N)c2)cc1,0
Cc1noc(C)c1C(=O)OCC(=O)NCCC1=CCCCC1,0
COc1ccc(OCCCSc2ncccn2)cc1,0
CCOC(=O)N1CCN(C(=O)c2ccc(C#CC3(O)CCCCC3)cc2)CC1,0
CCOc1ccc(N(CC(=O)Nc2ccccc2C)S(=O)(=O)c2c(C)noc2C)cc1,0
O=c1c2c3c(sc2ncn1/N=C/c1ccc(Br)o1)CCCC3,0
Cc1ccccc1-c1nc(CN2CCCC(C(=O)NCCCN3CCOCC3)C2)c(C)o1,0
O=C(NCc1ccccn1)c1ccc(Br)s1,0
CCOc1ccccc1Nc1nc(=O)c(C)n[nH]1,0
COc1ccc(CCNC(=O)CSc2nc(-c3ccco3)cc(C(F)(F)F)n2)cc1OC,0
Cc1cccc(NC(=O)c2cccs2)n1,0
Cc1ccc2[nH]c(=O)c(C(c3nnnn3C3CCCC3)N(Cc3cccnc3)Cc3ccco3)cc2c1,0
O=C(Cn1c(SCC(=O)N2CCCc3ccccc32)nc2ccccc21)N1CCCC1,0
O=C(COc1ccc(Cl)cc1)Nc1ccccc1CO,0
O=C(NCC1CCCO1)c1ccc(COCC(F)(F)C(F)F)cc1,0
CC(O)CSc1nc2c(c(=O)n(C)c(=O)n2C)n1CCCc1ccccc1,0
COc1cccc(N2C(=O)CC(c3c[nH]c4ccccc34)C2=O)c1,0
CC(=O)NS(=O)(=O)c1ccc(NC(=O)c2ccccc2F)cc1,0
Cc1ccc(-n2nc(C)c3c2OC(N)=C(C#N)C3c2ccncc2)cc1,0
COc1ccc(Cl)cc1NC(=O)CSc1ncnc2c1oc1ccccc12,0
Cn1c(CN2CCCC2)nc2cc(NC(=O)COc3ccc(Cl)cc3)ccc21,0
COc1ccc2c(c1)CCc1c(C(=O)N3CCCCCC3)noc1-2,0
CCCOC(=O)CSc1nnc(-c2ccccc2Cl)o1,0
CCOC(=O)Cc1csc(NC(=O)CSc2nnc(C(C)C)n2CC)n1,0
COCCn1c(SCC(=O)N2CCCCC2)nc2ccccc2c1=O,0
CCOC(=O)c1c(C)oc(NC(=O)COc2ccc(Cl)cc2C)c1C#N,0
O=C(Nn1cnnc1)c1csc2ccccc12,0
Cc1cc(NC(=O)NC2(C(F)(F)F)Oc3ccc(Cl)cc3O2)no1,0
Cc1nnc2n(-c3ccc(Cl)cc3)c(=O)c3c4c(sc3n12)CN(C)CC4,0
CCSc1ncc(Cl)c(C(=O)N(Cc2ccc(N(C)C)cc2)C2CCS(=O)(=O)C2)n1,0
O=C(OCC(=O)N1CCN(c2ccccc2)CC1)c1ccc2ncsc2c1,0
COc1ccc(OC)c(NC(=O)C2CC=CCC2C(=O)O)c1,0
CCOc1ccccc1CNC(=O)C1CCCN(c2nc3ccccc3o2)C1,0
O=C(CN1CCN(c2ccccc2)CC1)Nc1c(C(=O)C2CC2)oc2ccccc12,0
C=CCn1c(SCC(=O)Nc2ccc(C(=O)OCC)cc2)nnc1-c1sc(N)nc1C,0
COC(=O)CSc1nnc(CNC(=O)c2ccc(OC)cc2OC)n1C,0
CN1CCN(CC(C)(C)NS(=O)(=O)c2ccc(Cl)cc2)CC1,0
Cc1ccc(C(C(=O)NCCc2ccccc2)N(C(=O)c2csnn2)C2CC2)o1,0
CCOc1ccc(NC(=O)CSc2nc3cccnc3n2CC)cc1,0
O=C(CN1C(=O)COc2ccc(Cl)cc21)Nc1ccc2c(c1)OCCO2,0
CC(=O)Nc1cc2nn(-c3ccccc3)nc2cc1Cl,0
CC(C)COC(=O)n1ccc(C(=O)N2CCCCC2)n1,0
O=c1ccnc(S/C=C/c2ccccc2)[nH]1,0
C=C(C)CSc1nc2c(c(=O)[nH]c(=O)n2C)n1CCC(C)C,0
CN(C)S(=O)(=O)c1ccc(S(=O)(=O)Nc2ccc3c(c2)oc2ccccc23)cc1,0
O=C(Cn1nc(-c2ccc(Cl)cc2)ccc1=O)NCCN1CCOCC1,0
Cc1ccc(NC(=O)C(C)Sc2nnc(-c3cccnc3)o2)cc1,0
CC1(C)CC(=O)C2=C(C1)Oc1ncn(CCCn3ccnc3)c(=N)c1C2c1ccccc1,0
COc1ccc(-c2cnn(-c3ccccc3)c2N)cc1OC,0
O=C1NCC2=C1C(c1ccc(Br)cc1)Nc1ccccc1N2,0
c1ccc(Cc2nn3c(Cn4cnc5ccccc54)nnc3s2)cc1,0
COc1ccc(OC)c(N2C(=O)C3ON=C(c4ccccc4Cl)C3C2=O)c1,0
N#Cc1c(NC(=O)CSc2ncnc3sccc23)oc(-c2ccco2)c1-c1ccco1,0
O=C1C=CC=C/C1=C1/CC(c2ccccc2)n2c(nc3ccccc32)N1,0
CN(C(=O)c1ccccc1)c1nc2ccccc2s1,0
C=CCSc1nc(=O)c(-c2cc(Br)ccc2N)n[nH]1,0
O=C(NCC(F)(F)F)Nc1ncccn1,0
Nn1c(SCc2nc3ccccn3c2Br)nnc1-c1cccnc1,0
CC1=C(C(=O)OCc2ccccc2)C(c2ccc(N3CCOCC3)cc2)NC(=O)N1,0
COCCn1c(C)cc(C(=O)COC(=O)c2c(C)nn(Cc3ccccc3)c2C)c1C,0
CCn1c(=O)cc(SCC(=O)N2CCC(C)CC2)c2ccccc21,0
O=C(c1ccc(S(=O)(=O)N2CCC(c3nc4ccccc4s3)CC2)cc1)N1CCOCC1,0
O=S(=O)(Nn1cnnc1)c1ccccc1Cl,0
O=C(NCC1COc2ccccc2O1)c1ccccc1,0
CC1(C)CC(=O)C2=C(C1)NC(=O)CC2c1cc(F)ccc1F,0
Cc1ccc(Cl)cc1-n1c(=O)cc(N2CCN(C(=O)c3ccco3)CC2)[nH]c1=O,0
COc1ccc(N2CCN(C(=O)CN3C(=O)c4ccccc4S3(=O)=O)CC2)cc1,0
CC(C)C(c1nnnn1Cc1ccccc1)N1CCN(Cc2ccc3c(c2)OCO3)CC1,0
COc1ccccc1C(=O)n1nc(C)cc1C,0
COc1ccc(OC)c(C2C(C(=O)Nc3cccnc3)=C(C)NC3=C2C(=O)CCC3)c1,0
COc1ccc(-c2nc(C#N)c(NC(C)c3ccccc3)o2)cc1OC,0
O=C(NC1CCCCCC1)C1CCN(C(=O)Cc2ccccc2)CC1,0
CN(CC(=O)N1CCN(C2CCCCC2)CC1)S(=O)(=O)c1cccc2nsnc12,0
CCOC(=O)Cc1cc(=O)n2[nH]c(-c3ccc(OC)cc3)cc2n1,0
O=C(C1CC1)N1CCc2cc(S(=O)(=O)N(CCO)Cc3ccccc3)ccc21,0
CC(=O)N1CCN(Cc2cc(=O)n3cc(Cl)c(C)c(Cl)c3n2)CC1,0
Cc1cc(C(=O)CSc2nc3ccccc3o2)c(C)n1C1CC1,0
O=C1NC(c2ccc3c(c2)OCO3)Nc2ccccc21,0
CN(CC(=O)NCc1ccccn1)S(=O)(=O)c1ccc(Cl)cc1,0
O=C1Nc2ccc(S(=O)(=O)N3CCCC3)c3ccc(S(=O)(=O)N4CCCC4)c1c23,0
Cn1c(SCC(=O)Nc2cccc(NC(=O)c3cccs3)c2)nnc1-c1ccncc1,0
Cn1c(SCC(=O)NC2CC2)nnc1C(F)(F)F,0
CCSc1nc2ccccc2n1CC(=O)N1CCOCC1,0
Nc1c(N2CCCC2)cc(Cl)c2nonc12,0
CCc1nn(-c2cc(Cl)ccc2OC)c2c1C(=O)CCC2,0
CCn1cc(S(=O)(=O)CC(=O)Nc2cc(C)on2)c2ccccc21,0
Cc1cc(C(F)(F)F)nn1CC(=O)N1CCCC1,0
O=C(CSc1nnc(COc2ccc(Cl)cc2)o1)N1CCN(c2ccccc2)CC1,0
CCOC(=O)N1CCN(C(=O)c2ccc3c(c2)NC(=O)C(N2CCOCC2)S3)CC1,0
Cc1ccc(-n2[nH]cc3c(=O)nc(SCC(=O)N4CCN(c5ccccc5)CC4)nc2-3)cc1,0
CC(C)CCNC(=O)Cc1c(C(=O)O)[nH]c2ccc(Cl)cc12,0
COc1ccc(CC2C(=O)NC(=O)N(c3ccccc3)C2=O)c(OC)c1,0
COc1ccc(CCC(=O)Nc2ccc(Br)cn2)cc1,0
COc1ccc(CCNc2oc(-c3ccccc3OC)nc2C#N)cc1OC,0
Cc1ccc(C(=O)N2CCOCC2)cc1Cl,0
CN1C(=O)C(C(=O)NC(C)(C)C)C2c3ccccc3OC13CCCCC23,0
O=C(Nc1c2c(nn1-c1ccc(F)cc1)CS(=O)C2)C12CC3CC(CC(C3)C1)C2,0
CC1CCCCC1NC(=O)CN1C(=O)NC(C)(c2ccc(OC(F)F)cc2)C1=O,0
O=C(C1CCN(S(=O)(=O)c2cccnc2)CC1)N1CCN(C2CCCC2)CC1,0
CCC1CCCCN1C(=O)COC(=O)c1cc2ccccc2cc1O,0
O=C(O)c1cc2cc(OCc3ccccc3)ccc2[nH]1,0
C=CCn1c(-c2cc(OC)cc(OC)c2)n[nH]c1=S,0
O=C(NCc1cccnc1)NC1(C(F)(F)F)Oc2ccccc2O1,0
CCOc1ccc(NC(=O)CSc2nc3cccnc3n2CCOC)cc1,0
COC(=O)NC1CSCC1OC(=O)c1ccc(Br)cc1,0
O=C(c1ccccc1Cl)N1CCN(c2ccccn2)CC1,0
COc1cccc(CNC(=O)c2cc3oc4ccccc4c3n2C)c1OC,0
COc1ccc(/N=C2\SC(CC(=O)Nc3ccccc3)C(=O)N2CC2CCCO2)cc1,0
N#Cc1ccc2ccn(CC(=O)NC3CCCCC3)c2c1,0
Cc1ccc(CN2C(=O)CCC2C(=O)NCCN(CC(C)C)CC(C)C)cc1,0
CCOC(=O)Cn1c(=O)c2c(nc(Br)n2Cc2ccc(Cl)cc2)n(C)c1=O,0
CC1(C)Cc2c(C#N)c(NC3CCCCC3)nc(-c3ccco3)c2CO1,0
O=C(CSc1nnc(-c2cccs2)n1-c1ccccc1)N1CCN(C(=O)c2ccco2)CC1,0
CCOC(=O)C1CCCN(C(=O)Cc2ccc(OC)c(OC)c2)C1,0
Cn1c(CCNC(=O)c2ccccc2F)nnc1SCc1nc(=O)c2ccccc2[nH]1,0
CCOc1ccc(OCCN2C(=O)NC3(CCCc4ccccc43)C2=O)cc1,0
CC1(C(=O)NC2CCCC2)CCC(=O)N1Cc1ccc2c(c1)OCO2,0
O=C(CCCC(=O)N(CC(=O)NC1CCCCC1)Cc1ccco1)Nc1ccccn1,0
Fc1cccc(-c2cc3nc4c(c(N5CCOCC5)n3n2)CCCC4)c1,0
CCCC(=O)Nc1ccc(Cl)c(NC(=O)CC)c1,0
Cc1csc(NC(=O)CSc2nnc(-c3ccncc3)o2)n1,0
O=C(NCCN1CCOCC1)c1cc(-c2cccs2)on1,0
CC1(C)CC(=O)c2cc(OCC(=O)NCC3CCCO3)ccc2O1,0
Cc1nn(CC(O)COc2ccc3c(c2)CCC3)c(C)c1C,0
CCOc1ccc(OCC)c(C2C(C#N)=C(N)N(c3cccnc3)C3=C2C(=O)CC(C)(C)C3)c1,0
CN1CCN(CCCNC(=O)C2CC(=O)N(C3CCCCC3)C2)CC1,0
N#CCCCSc1ncccc1-c1nc2ccccc2[nH]1,0
CN1C(=O)C(O)(CC(=O)c2ccc(F)cc2)c2cc(Br)ccc21,0
Cc1ccc(CN(Cc2cc3cccc(C)c3[nH]c2=O)C(=O)N(C)C)cc1,0
CCN(CC)S(=O)(=O)c1ccc(NC(=O)CN(c2ccc(OC)cc2OC)S(C)(=O)=O)cc1,0
O=C1C(Cl)=C(N2CCCCC2)C(=O)N1c1ccccc1,0
O=S(=O)(NC1CCCCCC1)c1cccc2cccnc12,0
CCc1c(C)nc2cc(-c3cccs3)[nH]n2c1=O,0
CCn1c(-c2cccc(Br)c2)n[nH]c1=S,0
CCOC(=O)NC(c1ccccc1)C1CCCCC1=O,0
CCc1cc2c(=O)c(-c3nc4ccccc4n3C)c(C(C)C)oc2c(CN2CCN(C)CC2)c1O,0
O=C(Nc1ccc2c(c1)OCO2)C1CC(c2c(F)cccc2Cl)=NO1,0
COc1ccc(NC(C)=O)cc1NC(=O)CN1CCN(c2ccccn2)CC1,0
O=C(CSc1ccccn1)c1ccc2c(c1)OCO2,0
O=C(c1cc(-c2cccs2)on1)N1CCCCC1,0
Cn1c(SCCOc2ccccc2Cl)nnc1-c1ccncc1,0
COC(=O)Cc1ccc(NC(=O)c2ccc(Br)o2)cc1,0
CCN(c1ccccc1)S(=O)(=O)c1ccc2[nH]cc(C(=O)N3CCOCC3)c(=O)c2c1,0
COc1ccc(N2C(=O)C3CCCN3C2c2ccc(C)o2)cc1Cl,0
CCS(=O)(=O)N1Cc2ccccc2CC1C(=O)N1CCN(c2ccccc2)CC1,0
CCOC(=O)c1sc2c(c1C)c(=O)c(C(=O)OCC)cn2CC,0
O=c1c2c3c(sc2n2cnnc2n1Cc1ccccc1)CN(Cc1ccccc1)CC3,0
O=C(NCCN1CCOCC1)c1cc(-c2ccc(Cl)cc2)on1,0
O=C(c1cc2ncc(Br)cn2n1)N1CCOCC1,0
COc1ccccc1-c1n[nH]c(=S)n1-c1ccccc1,0
c1coc(CNc2nc(-c3ccncc3)cs2)c1,0
COc1ccc(-c2nc(CSCC(=O)N3CCC4(CC3)OCCO4)c(C)o2)cc1OC,0
CCOc1ccc2nc(N3CCCN(C(=O)Nc4ccccc4C)CC3)c(C#N)cc2c1,0
COC(=O)c1cc2ccsc2n1CC(=O)NCC1CCCO1,0
Cc1ccc(-c2nn3c(C)nnc3c3ccccc23)cc1S(=O)(=O)N1CCN(CCO)CC1,0
COC(=O)C(C)Sc1nc2c(c(=O)n(C)c(=O)n2C)n1CCC(C)C,0
O=C(NCCN1CCOCC1)c1ccc2c(c1)ncn2C1CCCCC1,0
C=CCn1c(CCNC(=O)c2cccs2)nnc1SCC(=O)Nc1cccc(C(C)=O)c1,0
COc1ccccc1N1CCN(C(=O)CSc2ccc3c(C)cc(C)nc3n2)CC1,0
COc1ccc2cc(C(=O)NCc3ccco3)c(=O)oc2c1,0
COc1ccc(CNC(=O)CCn2c(=O)oc3ccccc32)cc1,0
O=C1O/C(=C\C(=O)N2CCOCC2)c2ccccc21,0
C/C(Cl)=C/Cn1c(=O)c2c(nc(Br)n2Cc2ccccc2)n(C)c1=O,0
Brc1ccc(C2=Nn3c(nnc3-c3n[nH]c4c3CCC4)SC2)cc1,0
C=CCNc1nc(C)nc(OC)n1,0
CCc1ccc(NC(=O)C2CC=CCC2C(=O)O)cc1,0
CCN(C(=O)Cn1c(=O)oc2ccccc21)c1cccc(C(F)(F)F)c1,0
Cc1cc(N)n2ncc(-c3cccc(Br)c3)c2n1,0
N#CC1(c2c(O)n3c(nc2=O)SCCC3)CCCCC1,0
CCS(=O)(=O)N1CCCC(C(=O)NCc2ccccc2Cl)C1,0
COc1ccc2c(c1OC)C(=O)OC2c1c(O)n(-c2ccccc2)c(SC)nc1=O,0
Cc1cc2c(c(=O)o1)C(C13C=CC(CC1)C3)C(C#N)=C(N)O2,0
COc1ccc(OC)c(NC=C2C(=O)CC(C)(C)CC2=O)c1,0
Cc1cc(C)c(NC(=O)CN2C(=O)NC3(CCCCC3)C2=O)c(C)c1,0
Cc1cc(C)n(CC(O)COc2ccccc2C(=O)Nc2ccccc2)n1,0
CC(C)NC(=O)Cn1cc(C#N)c2cc(Br)ccc21,0
Cc1cc(OCC(=O)NCCCN2CCOCC2)cc(C)c1Cl,0
O=C(CCCCCN1C(=O)CCC1=O)Nc1ccc(Br)cc1F,0
O=C(NCc1ccncc1)C(F)(F)C(F)(F)C(=O)NCc1ccncc1,0
Cc1sc2nc(SCC(=O)N3CCN(CCO)CC3)n(-c3ccccc3)c(=O)c2c1C,0
CN(c1ccccc1)S(=O)(=O)c1cc(C(=O)c2nccn2C)ccc1Cl,0
Cc1cccc(NC2(C(F)(F)F)N=C3SCCN3C2=O)n1,0
COc1cccc(C(=O)Nc2nnc(C(C)C)s2)c1,0
COc1ccccc1C1=NC2=NC(C)=C(C(N)=O)C(c3ccc(Cl)cc3)N2N1,0
CC(Sc1ccccn1)C(=O)Nc1ccccc1,0
CN(C)c1ccc(NC(=O)Cn2c(=O)n(Cc3ccccc3)c(=O)c3ccccc32)cc1,0
Cc1ccccc1Cn1cc(S(=O)(=O)CC(=O)N2CCCCC2)c2ccccc21,0
O=c1c[n+]([O-])c2ccccc2n1OCc1c(F)cccc1F,0
Cc1cc(C(=O)CSc2nnc(-c3ccc(Cl)cc3)n2CC2CCCO2)c(C)n1C,0
CCc1cc2c(=O)c(-c3nc4ccccc4[nH]3)coc2c(CN2CCC(C)CC2)c1O,0
Cc1ccc(O)c(NC=C2C(=O)c3ccccc3C2=O)c1,0
O=C(Nc1ccc2c(c1)OCO2)C1=CNN2C1=NC(c1ccco1)CC2C(F)(F)F,0
CCc1nnc(NC(=O)c2ccc(-c3cccc(C(F)(F)F)c3)o2)s1,0
COC(=O)c1ccc(S(=O)(=O)N(Cc2cc3cc4c(cc3[nH]c2=O)OCO4)C2CCCCC2)cc1,0
O=C(OCc1nc(=O)c2ccccc2[nH]1)c1cccs1,0
NC1=C(c2ccc(Br)cc2)C(=O)C2CCc3ccccc3N12,0
COc1cc(C2NC(=O)NC(C)=C2C(=O)OC2CCCC(C)C2)ccc1O,0
Cc1cc(O)c(C(C)C)cc1NC1=NS(=O)(=O)c2ccccc21,0
O=C(Nc1cccc(C(F)(F)F)c1)C1CCCN(c2ncccn2)C1,0
CN(Cc1nc(-c2ccccn2)no1)S(=O)(=O)c1ccccc1,0
CCN(CC(=O)NC1CCCC1)S(=O)(=O)c1ccc(C)cc1,0
Cc1nn(C)cc1CNC(=O)C1C2CCC(O2)C1C(=O)O,0
CCc1ccc(NC(=O)N(C2CCC(C)CC2)C2CCN(C(C)=O)CC2)cc1,0
O=C1NC2(Nc3ccccc31)C(=O)Nc1ccccc12,0
O=C(c1ccc(=O)[nH]c1)N(Cc1ccco1)C1(C(=O)NC2CCCCC2)CCCCC1,0
O=C(NCc1ccc2c(c1)OCO2)c1ccc2c(=O)n(C3CCCC3)c(=O)[nH]c2c1,0
CCOC(=O)c1c(C)n(C)c2ccc(OC)c(NC(=O)CN3CCN(Cc4ccccc4)CC3)c12,0
O=C(O)CCC(=O)NCCn1c(-c2ccccc2)cs/c1=N\c1ccccc1,0
COc1ccc2[nH]c(C)c(CCN3C(=O)C4C5C=CC(C5)C4C3=O)c2c1,0
Cc1ccc(S(=O)(=O)N2CCCC(c3nnc4n3-c3ccccc3SC4)C2)cc1,0
O=C(NCc1ccc(N2CCCC2=O)cc1)c1cn(Cc2ccccc2)nn1,0
O=c1cc(CSc2nnnn2-c2ccccc2)nc2scc(-c3ccccc3)n12,0
O=C1C2C(C(=O)N1c1ccncc1)C1C=CC2C12CC2,0
Cc1ccc(NC2=NCC(=O)N2c2ccc3c(c2)OCCO3)c(C)c1,0
Cc1ccc2nsnc2c1S(=O)(=O)N1CCN(Cc2ccc3c(c2)OCO3)CC1,0
COc1ccc(N2CCN(C(=O)c3cccc(Cn4cc(Cl)cn4)c3)CC2)cc1,0
CCOC(=O)c1ccc(NS(=O)(=O)c2ccc3[nH]c(=O)[nH]c3c2)cc1,0
COc1ccc(C(=O)N2c3cc4c(cc3C(C)=CC2(C)C)OCO4)cc1,0
O=c1cc(CN2CCc3ccccc32)nc2sccn12,0
CC1CCCCC1NC(=O)Cn1c(CN2CCCCC2)nc2ccccc2c1=O,0
CCc1nnc2sc(-c3ccc(NC(=O)c4ccco4)cc3)nn12,0
CC1=C(C(=O)OCC2CCCO2)C(c2cccc(O)c2)NC(=O)N1,0
Cc1nn(C(=O)c2cccs2)c(N)c1-c1ccccc1,0
COc1ccc(OC)c(CNC(=O)C2CCN(S(=O)(=O)N3CCCC3)CC2)c1,0
C/C(=C1/SC(N2CCOCC2)=NC1=O)c1ccc(Br)cc1,0
O=C(COC(=O)C12CC3CC(CC(C3)C1)C2)N1CCN(S(=O)(=O)c2ccccc2)CC1,0
Cc1cc(C(=O)N2CCN(c3cccc(Cl)c3)CC2)c(C)o1,0
CC(C)OCCCN1C(=O)c2ccccc2C1C(=O)NC1CCCCC1,0
O=C(CC(NS(=O)(=O)c1ccc(Cl)cc1)c1ccco1)NCc1cccnc1,0
COc1ccccc1NC(=O)C1=C(C)N=C2N=C(CCCO)NN2C1c1ccc2c(c1)OCO2,0
CCCCn1c(SCC(=O)Nc2nnc(CC)s2)nc2c1c(=O)n(C)c(=O)n2C,0
COc1ccc(C(=O)Nc2cccnc2)cc1S(=O)(=O)N1CCOCC1,0
Cc1nc2ccc(-c3ccccc3)cc2o1,0
COc1ccc(CC(=O)Nc2ccc(N3CCN(c4ccc(OC)cc4)CC3)c(C#N)c2)cc1,0
CCC1CCCCN1CCCNC(=O)Cn1nc(-c2ccccc2)ccc1=O,0
Cc1ccc(C)c(OCC(=O)Nc2cc(C)on2)c1,0
Cc1c(CN2CCC(C)CC2)c(=O)n(-c2ccccc2)n1C,0
O=C(c1cc(=O)[nH]c2ccc(Br)cc12)N1CCC2(CC1)OCCO2,0
CC(C)Oc1ccc(/C(O)=C2/C(=O)C(=O)N(CCN(C)C)C2c2ccco2)cc1,0
COc1ccc(-c2nnc3sc(-c4ccc(Br)o4)nn23)cc1OC,0
O=C1c2ccccc2C(=O)N1CC1c2ccccc2CCN1S(=O)(=O)c1cnc[nH]1,0
NC(=O)C1CCN(c2ncnc3c(-c4ccccc4)nsc23)CC1,0
O=C(CCCc1nc(-c2ccccc2Cl)no1)NC1CCCCC1,0
Cc1ccc(Br)cc1S(=O)(=O)N1CCN(c2ccccc2)CC1,0
COc1cc(S(=O)(=O)N(Cc2cccnc2)Cc2ccco2)ccc1-n1cnnn1,0
Cc1ccccc1OCCCC(=O)Nc1nccs1,0
CCOC(=O)c1ccc(Oc2nc(SC)nc(N(C)C)n2)cc1,0
COCCN(C(=O)c1csnn1)C(C(=O)NC1CCCCC1)c1sccc1C,0
Cc1cc(NC(=O)c2ccc(NC(=O)C(C)Oc3ccccc3)cc2)no1,0
COCc1cc(C)nc2sc(C(=O)N3CCN(c4ccccc4)CC3)c(N)c12,0
CC(=O)Oc1cccc(/C=c2\sc3nc(-c4ccco4)nn3c2=O)c1,0
O=C(COC(=O)CSCC(=O)N1CCCCC1)Nc1ccc(Cl)cc1,0
O=C(Nc1cccc(Cl)c1)N1CCN(c2ncccn2)CC1,0
COC(=O)c1ccccc1NC(=O)CNc1cc(Cl)ccc1N1CCOCC1,0
CC1(C)Cc2c(c(-c3ccccc3)[nH]c(=O)c2C#N)CS1,0
CC1(C)NC(=O)N(CCCOc2ccc3c(c2)CCC3)C1=O,0
O=C(Nc1ccccc1C(F)(F)F)c1cc(S(=O)(=O)N2CCOCC2)ccc1F,0
N#CC1=C(N)Oc2c(sc3ccccc23)C1c1ccco1,0
COc1ccc(CC(=O)Nc2ccc(-c3noc(COc4ccccc4C)n3)cc2)cc1,0
O=C(C1CCN(S(=O)(=O)c2cccc3cccnc23)CC1)N1CCc2ccccc21,0
CCc1c(O)n(-c2ccccc2)c(SCC(=O)N2CCOCC2)nc1=O,0
CCn1c(=O)cc(OCC(=O)NCC2CCCO2)c2ccccc21,0
COC(=O)c1cc2c(C)nn(-c3ccccc3)c2s1,0
CCC12CN(C(=O)c3ccc(OC)cc3)CC(CC)(CN(C(=O)c3ccc(OC)cc3)C1)C2=O,0
Cc1ccc(N(C(=O)C2CCC(=O)N2)C2(C(=O)NC3CCCCC3)CCCCC2)cc1,0
COc1cc(C2C(C#N)=C(C)NC3=C2C(=O)c2ccccc23)cc(OC)c1OC,0
Cc1ccc(NC(=O)C(C)N2CCOCC2)c(C(=O)c2ccccc2)c1,0
COc1ccccc1NC(=O)CN(C)S(=O)(=O)c1ccc(F)cc1,0
CCc1ccc(OCC(=O)NC2=CC(=O)/C(=C3/Nc4ccccc4O3)C=C2)cc1,0
O=C(Nc1ccccc1C(F)(F)F)c1ccc(F)c(S(=O)(=O)N2CCOCC2)c1,0
Cc1ccc(OC(C)C(=O)N2CCc3ccccc32)cc1,0
O=C(CSc1nc2n(-c3ccccc3)[nH]cc-2c(=O)n1)N1CCOCC1,0
Cn1cnc2c1c(=O)n(Cc1cccc(Br)c1)c(=O)n2C,0
O=C(OCC(=O)N1CCCCC1)c1cc2ccccc2cc1O,0
O=C1C2CC=C(Cl)CC2C(=O)N1CCc1ccccc1,0
O=C(O)c1ccc(NCc2ccc3c(c2)OCO3)cc1,0
CCn1c(SCC(=O)Nc2nnc(C)s2)nnc1-c1ccco1,0
Cc1cccc(C(=O)NC2CC3CCCC(C2)N3C(=O)NC2CCCCC2)c1,0
Cc1ccc2cccc(NC(=O)C(F)(F)F)c2n1,0
COc1ccc(C(=O)CSc2nnc(-c3ccco3)n2CC2CCCO2)cc1,0
COc1ccc(CCNC(=O)c2[nH]c(C)c(C(C)=O)c2C)cc1OC,0
O=C(NCCCN1CCOCC1)c1ccc(CS(=O)(=O)c2cccc(C(F)(F)F)c2)o1,0
O=C(Nc1ccc2c(c1)nc1n2CCN(Cc2ccccc2)C1)c1cccs1,0
CC1(C)Cc2c(sc3ncn4nc(CCC(=O)O)c(=O)nc4c23)CO1,0
Cc1ccc(C)c(N2CCN(C(=O)C3CCN(S(=O)(=O)c4c(C)noc4C)CC3)CC2)c1,0
O=C(OCC(=O)N1CCCC1)c1cncc(Br)c1,0
Cc1c(C(=O)NCCCN2CCCC2=O)oc2ccccc12,0
Cc1c(C(=O)NCc2cccnc2)oc2c1C(=O)CC(C)(C)C2,0
Cc1cc(NC(=O)c2sccc2C)n(-c2cccc(Cl)c2)n1,0
COCCn1c(C)cc(C(=O)CSc2ccc(NC(C)=O)cc2)c1C,0
COc1ccc(NC(=O)C2CCCNC2)cc1OCC(C)C,0
CCn1c(C)nc2cc(C(=O)OCCC(F)(F)F)ccc21,0
COc1ccc(Cc2nc(-c3ccc(Br)cc3)no2)cc1,0
COc1cccc(-c2nnc(NC(=O)Cc3cccs3)s2)c1,0
COc1ccccc1OCC(O)Cn1nc(C)cc1C,0
COc1ccc(F)cc1S(=O)(=O)NC1CC(C)(C)NC(C)(C)C1,0
O=C(NCC(c1cccnc1)N1CCN(c2ccccc2)CC1)c1ccco1,0
CCN(CC)C(=O)COC(=O)c1ccc(O)cc1,0
Cn1c(=O)c2c(ncn2Cc2ccc(Cl)c(Cl)c2)n(C)c1=O,0
O=C(N1CCN(c2ccccc2)CC1)C(F)(F)C(F)F,0
COc1cccc(C(c2nnnn2CS(=O)(=O)c2ccc(C)cc2)N2CCN(C)CC2)c1OC,0
COc1ccccc1C(=O)N(CN1CCCC1=O)c1cccc(Cl)c1,0
COc1ccccc1Nc1nc(N)nc(CSc2nnc(C)s2)n1,0
CCN1CCN(C(=O)c2ccc3c(=O)n(CCC4=CCCCC4)c(=O)[nH]c3c2)CC1,0
Cc1ccc(S(=O)(=O)NCc2ccc(C(=O)N(C)CCC#N)cc2)cc1,0
COC(=O)c1ccc(C(=O)OC)c(NC(=O)CSc2nnc(-c3ccccc3Cl)o2)c1,0
CC(C)N(c1ccccc1)c1ccc(NC(=O)C2CCCO2)cc1,0
COc1cc(C2c3c(-c4ccccc4)n[nH]c3C(=O)N2c2ccccc2)ccc1O,0
CN(C)/C=N/c1c(C(=O)NCc2ccccc2)nnn1Cc1ccccc1,0
CCCCn1c(SCn2nnc3ccccc3c2=O)nc2cc(C(=O)OC)ccc2c1=O,0
O=C(Nc1nn(Cc2ccccc2F)cc1Br)c1cccs1,0
COc1ccc(NC(=O)CCN2CCC(C)CC2)cc1,0
CCOC(=O)C1CCCN(S(=O)(=O)c2ccc(OC)c3ccccc23)C1,0
Cc1ccc(S(=O)(=O)Nc2ccc(-c3nnc(SCC#N)n3C)cc2)cc1,0
Cc1ccccc1-c1nc(CS(=O)CC(=O)NCCN2CCN(Cc3ccccc3)CC2)c(C)o1,0
O=C(CN1CCc2ccccc21)Nc1ccc2c(c1)OCO2,0
COc1cccc(C2=NOC(C(=O)N3CCN(C(=O)c4ccco4)CC3)C2)c1,0
CCCCCCC(=O)N(O)C1CC(=O)N(c2ccc(Br)cc2)C1=O,0
O=C1C(Cl)=C(N2CCOCC2)C(=O)N1CCc1ccccc1,0
COc1ccc(CC(=O)NCc2cn3ccsc3n2)cc1,0
COn1c(SCc2cccnc2)nc2ccccc2c1=O,0
O=C(NCCCn1ccnc1)C1CC(c2cccc(Br)c2)=NO1,0
Cc1ccc(OCC(=O)NCc2ccccn2)c(Br)c1,0
COc1ccc(-c2c(C(F)(F)F)oc3c(CN4CCN(C)CC4)c(O)ccc3c2=O)cc1,0
Clc1ccc(CSc2nnc(Cn3cnc4ccccc43)o2)cc1,0
CCOC(=O)CN1CC23C=CC(O2)C(C(=O)Nc2ccc(F)c(C)c2)C3C1=O,0
CCOc1ccccc1NC(=O)CCN1CCN(S(=O)(=O)c2ccc(Br)cc2)CC1,0
CCCn1c(NC(=O)C2CCN(S(=O)(=O)c3cccs3)CC2)nc2ccccc21,0
CCOc1cc(C)c(Cl)cc1S(=O)(=O)NCC1CCCO1,0
O=C(C1CCC(Cn2c(=S)[nH]c3ccccc3c2=O)CC1)N1CCOCC1,0
O=c1c2ccccc2nnn1CSc1ccc2c(c1)OCCO2,0
O=S(CC(O)COCc1ccc(Cl)cc1)c1ccccn1,0
Cc1ccc(-c2ccc(=O)n(CC(=O)NCCCN3CCCCC3C)n2)cc1,0
CCCc1[nH]nc2c1C(c1ccc(OC(=O)N3CCOCC3)c(OC)c1)C(C#N)=C(N)O2,0
CS(=O)(=O)N(CC(=O)NC1CCCCCC1)Cc1ccccc1,0
Cn1c(SCc2c(F)cccc2Cl)nnc1-c1cnccn1,0
O=C1CCCCCN1C(=O)c1cccc(C(=O)N2CCCCCC2=O)c1,0
COC(=O)C(C)Sc1nc(-c2ccc(OC)cc2)nc2c1c(=O)n(C)c(=O)n2C,0
Cc1nnc(SCCn2c(N3CCCCC3)nc3c2c(=O)[nH]c(=O)n3C)s1,0
COc1ccc(C(=O)Nc2ccccc2)cc1S(=O)(=O)Nc1cc(C)on1,0
CC(C)C(=O)N1CCc2cc(-c3csc(N)n3)ccc21,0
CCOC(=O)Cn1nnnc1CN(Cc1ccc(OC)cc1)Cc1cc2cc(C)ccc2[nH]c1=O,0
COC(=O)CC1NC2CCCCC2NC1=O,0
Cn1c(=O)c2c(nc(Br)n2Cc2ccccc2Cl)n(C)c1=O,0
CCC(=O)c1ccc(N2CCN(C(=O)COc3ccc(F)cc3)CC2)c(F)c1,0
O=C(Nc1cccc(Cl)c1N1CCCC1)c1ccc(Br)o1,0
Cc1oc(-c2cccc(Cl)c2)nc1CN1CCC(C(=O)NCc2ccco2)CC1,0
CCOC(=O)C1(CC)NC(c2ccco2)C2C(=O)N(c3ccc(C)cc3)C(=O)C21,0
COC(=O)C(NS(C)(=O)=O)(c1c(C)[nH]c2ccccc12)C(F)(F)F,0
COc1cc(C2C3CNCC=C3C(C#N)=C(N)C2(C#N)C#N)ccc1OC(C)C,0
CCOC(=O)c1ccc(NC(=O)CC2C(=O)N(c3cccc(OC)c3)C(=O)N2CCOC)cc1,0
CCOC(=O)N1CCN(C(=O)CSc2nc(-c3cccc(C)c3)ns2)CC1,0
Cn1cnnc1SCc1ccc(-c2ccc(Br)cc2)o1,0
O=C(CC1S/C(=N\c2ccccc2)N(CCCO)C1=O)Nc1ccc(Cl)cc1,0
O=S(=O)(Nc1cccc(C(F)(F)F)c1)c1cccnc1,0
CC1CN(C2CCN(C(=O)c3ccccc3Cl)CC2)CC(C)O1,0
COc1ccc(C2C(C#N)=C(/N=C/N3CCN(C)CC3)OC3=C2C(=O)CC(C)(C)C3)cc1OC,0
CCCCOC(=O)CSC1=C(C#N)C(c2ccccc2OCC)C(C#N)C(=O)N1,0
COc1ccc(NC(=O)CCNC(=O)Cn2ccc3ccccc3c2=O)c(OC)c1,0
COC(=O)C(O)(c1cn(C)c2ccccc12)C(F)(F)F,0
COc1cc(C(=O)NCc2nnc(SCC(=O)N3CCc4ccccc43)o2)cc(OC)c1OC,0
CCOC(=O)N1CCN(C(=O)c2ccc3c(=O)n(-c4ccc(OC)cc4OC)c(=S)[nH]c3c2)CC1,0
CC1=NS(=O)(=O)c2cc(Cl)ccc2N1,0
O=C(CSc1nnc(CN2CCOCC2)n1-c1ccc(Cl)cc1)N1CCc2ccccc21,0
O=c1cc(O)nc(SCc2ccc(Cl)cc2)[nH]1,0
Cn1c(=O)c2c(nc(SCCCC#N)n2Cc2ccccc2F)n(C)c1=O,0
CCCCC(CCC(=O)Nc1nncs1)(C(=O)OCC)C(=O)OCC,0
Cc1cc(C)c(NC(=O)CSc2nnc(-c3ccncc3)n2Cc2ccco2)c(Cl)c1,0
O=C(COc1ccc(Cl)cc1)NCCCn1ccnc1,0
Cc1cccc(C)c1OCc1nnc(SCC(=O)Nc2ccccc2F)o1,0
Brc1cccc(-c2nc(-c3ccncc3)no2)c1,0
COc1ccc(OC)c(-n2nnnc2SCC(=O)Nc2nc(C)c(C)s2)c1,0
O=C(CSc1nnc(CCCO)n1-c1ccccc1)NCCc1ccccc1,0
COCCNC(=O)C(c1ccccc1)N(Cc1cccs1)C(=O)Cn1nnc2ccccc21,0
COCCN1Cc2cccc(C(=O)Nc3cc(C)cc(C)c3)c2C1=O,0
COc1ccc(S(=O)(=O)N2CCC(NC(=O)Nc3ccc(C)cc3)CC2)cc1,0
COC(=O)C(NC(=O)NC1CCN(Cc2ccccc2)CC1)C(C)C,0
COc1cccc(NC(=O)CSc2nnc(-c3ccc(C)cc3)o2)c1,0
O=C(Nc1ccc(N2CCN(C(=O)c3ccccc3)CC2)c(Cl)c1)c1ccco1,0
Cc1cc(Cl)ccc1OCCCC(=O)N1CCN(C(=O)c2ccco2)CC1,0
O=C1N(CC(=O)N2CCc3ccccc32)CCN1Cc1ccccc1Cl,0
COc1ccc(NC(=O)N(CCCN(C)C)Cc2cc3cc(OC)ccc3[nH]c2=O)cc1,0
Cn1c(C(C#N)C(=O)c2sc3ccccc3c2Cl)nc2ccccc21,0
Cc1cc(NC(=O)C2CCCC2)nc2c1c(=O)oc1ccccc12,0
COC(=O)c1ccc(C2C(C#N)=C(C)NC3=C2C(=O)CC(C)(C)C3)cc1,0
O=C(C1CC1)N1CCc2cc(Br)cc(S(=O)(=O)NCc3ccco3)c21,0
O=C1NC(c2ccncc2)Nc2sc3c(c21)CCCC3,0
CC(NC(=O)CC(O)(C(F)(F)F)C(F)(F)F)c1ccccc1,0
CCn1c2c(c3cc(Br)ccc31)CCC/C2=N\O,0
CCn1c(SCC(=O)OC2CCCCC2)nnc1-c1ccncc1,0
CCOC(=O)N1CCN(C(=O)CSc2nnc(-c3ccc(C)c(C)c3)o2)CC1,0
CCOC(=O)c1ccc(NCC(O)COc2ccccc2)cc1,0
COc1ccccc1NC(=O)c1ccc(NS(=O)(=O)c2c(C)noc2C)cc1,0
CCOc1ccc2[nH]c(=O)c(CN(Cc3ccco3)Cc3nnnn3Cc3ccccc3)cc2c1,0
COc1cc(S(=O)(=O)N(Cc2cccs2)CC2CCCO2)ccc1-n1cnnn1,0
NC(=O)C1CCCN(Cc2ccc(Cl)cc2)C1,0
CCN(CC)C(=O)CSc1nc(=O)cc(O)n1C,0
COc1cccc(-c2nnn(CC(=O)NC3CCCC3)n2)c1OC,0
CN(C)c1ccc(S(=O)(=O)c2ccc(Cl)cc2)cc1,0
CC(NC(=O)c1ccccc1NC(=O)c1ccco1)c1ccccc1,0
COc1ccc(C(=O)Nc2ccccc2NC(=O)c2ccco2)cc1OC,0
Cc1ccccc1Cn1cc(S(=O)(=O)CC(=O)Nc2nccs2)c2ccccc21,0
Cc1onc(-c2ccccc2)c1C(=O)Nc1cc(C(F)(F)F)ccc1N1CCOCC1,0
O=C(NCC1CCCO1)C1CCC(=O)N1CCc1ccccc1,0
COc1cccc(-c2nn(C)c3sc(C(=O)NCc4ccc(C)o4)cc23)c1,0
COc1ccc(NC(=O)C2=C(C)NC(=O)NC2c2cccc(OC)c2OC)c(OC)c1,0
Cc1occc1-c1nnc(SCC(=O)NC(C)(C)C)n1C(C)c1ccccc1,0
CCN(CC)C(=O)c1cn(C)c2ccc(S(=O)(=O)N(CC)CC)cc2c1=O,0
CCOC(=O)CC12CN3CN(C1)CC(CC(=O)OCC)(C3)C2=O,0
CC(C)(C)n1cnc2cc(NS(=O)(=O)c3ccccc3)ccc21,0
CCCC(c1nnnn1CC(=O)OCC)N(Cc1cc2c(C)cc(C)cc2[nH]c1=O)C1CCCC1,0
COCC(=O)N(Cc1nc(=O)c2ccccc2[nH]1)Cc1cccs1,0
O=C1C2CCCN2C(c2cccnc2)N1c1cccc(Cl)c1,0
O=C(NCc1cccnc1)c1ccccc1Br,0
COC(=O)/C=c1\s/c(=C(/C#N)C(=O)NCc2ccco2)n(-c2ccc(C)cc2)c1=O,0
CC1(C(=O)O)C2C=CC(C2)C1C(=O)NCc1ccccc1,0
COCCNC(=O)c1ccccc1NC(=O)C1COc2ccccc2O1,0
CC(C)n1c(SCC(=O)N2CCCC2)nc2c1c(=O)n(C)c(=O)n2C,0
Cc1cc(C)c(C(=O)CSc2nnc(-c3ccccc3Br)o2)cc1C,0
CCOC(=O)c1sc2nc(C)n(CC(=O)NCC3CCCO3)c(=O)c2c1C,0
NS(=O)(=O)c1ccc(CNC(=O)NC2(c3ccccc3)CC2)cc1,0
CCN(CC)S(=O)(=O)c1ccc(Oc2cccc(C(C)=O)c2)nc1,0
Cc1ccc(CNC(=O)c2cccc(OCc3c(C)noc3C)c2)cc1,0
O=C(CCC1CCCCC1)Nc1c2c(nn1-c1ccc(F)cc1)CS(=O)(=O)C2,0
C=CCn1c(=O)[nH]c2cc(C(=O)N3CCN(c4cccc(Cl)c4)CC3)ccc2c1=O,0
COc1ccc(NS(=O)(=O)c2cc(C)ccc2C)cc1,0
COc1ccccc1CN(CC(=O)NCC1CCCO1)C(=O)CNS(=O)(=O)c1ccc(C)cc1,0
O=C(CN(C(=O)CCC(=O)Nc1nccs1)c1ccc(F)c(Cl)c1)NCc1ccco1,0
O=C(CSc1nnc(-c2ccco2)n1Cc1ccccc1)OC1CCCCC1,0
O=C1CCCc2nc(N3CCCCC3)sc21,0
Cc1cccc(OCC(=O)Nc2cc(C)ccc2O)c1,0
Cn1c(=O)c2c(nc(SCCNS(=O)(=O)c3ccccc3)n2C)n(C)c1=O,0
O=C(Nc1ccc(N2CCOCC2)cc1)c1ccc(S(=O)(=O)N2CCCCC2)cc1,0
CCC(=O)OCc1cc2cccc(C)c2[nH]c1=O,0
COc1ccc(-n2cnnc2SCCC#N)cc1,0
COc1ccc(-c2cc(C(F)(F)F)nc(N3CCOCC3)n2)cc1OC,0
COc1cc2[nH]c(CN3CC=C(c4ccccc4)CC3)nc(=O)c2cc1OC,0
CCNC(=O)N1C(=O)C2(OCCO2)c2cc(Br)ccc21,0
CCOCCn1c(-c2ccc(OC)cc2)nc2ccccc21,0
CCc1nnc(NC(=O)CSc2nnc(-c3ccoc3C)n2CC(C)C)s1,0
CC(C)CCN1CC(C(=O)NCCC2=CCCCC2)CC1=O,0
Cn1cnnc1Sc1nc2ccccc2nc1NS(=O)(=O)c1ccccc1,0
O=c1nc(-c2ccncc2)[nH]c2ccccc12,0
COc1ccc(CC(NC(C)=O)C(=O)NC2CCN(C(=O)NCc3ccccc3)CC2)cc1OC,0
C=CC/N=C(\NC#N)SCC(=O)c1cccc(OC)c1,0
COc1ccc(C2C(C(=O)c3cc4cccc(OC)c4o3)=C(O)C(=O)N2CCCN(C)C)cc1OC,0
COc1ccc(CC(=O)NCc2nnc(SCC(=O)N3CCN(c4ccccc4)CC3)n2C)cc1,0
C=CCn1c(N2CCCCCC2)nc2c1c(=O)n(C)c(=O)n2C,0
CCOC(=O)C1=C(C)NC(=O)NC1c1ccc(OC)c(Cl)c1,0
O=C1CN=C(c2ccccc2)c2oc3ccc(Br)cc3c2N1,0
COc1cccc2[nH]c3c(N4CCC(C)CC4)ncnc3c12,0
Cc1nn(-c2ccc(Cl)cc2)c2sc(C(=O)N3CCN(C(=O)c4ccco4)CC3)cc12,0
N#CC1=C(N)OC2=C(C(=O)CCC2)C1C1CC=CCC1,0
Cc1cc(C)c2nc(SCC(=O)N3CCCCC3)c(C#N)cc2c1,0
O=C(Nc1ccc(N2CCCC2)cc1)c1ccc(Br)o1,0
O=C(NCCCNC1=NS(=O)(=O)c2ccccc21)c1ccc(S(=O)(=O)N2CCCCC2)cc1,0
Brc1ccc(CSc2nnc(-c3ccccn3)n2Cc2ccco2)cc1,0
Cc1ccc2nc(-c3cccc(S(=O)(=O)N(C)C)c3)cn2c1,0
O=C1c2oc3ccccc3c(=O)c2C(c2ccc(Br)cc2)N1c1ncccn1,0
CCn1c(COc2cccc(C)c2)nnc1SCC(=O)Nc1cccc(C(=O)OC)c1,0
CCOC(=O)C(NCc1ccccc1OC)(NC(C)=O)C(F)(F)F,0
CC(=O)Nc1cc(OC(C)=O)c2nonc2c1OC(C)=O,0
N#CC(c1nc2ccccc2nc1N1CCCC1)S(=O)(=O)c1cccs1,0
O=C1C2CCCN2C(c2ccc(F)cc2)N1c1nccs1,0
COC(=O)C(NC(=O)N1CCN(c2cccc(C(F)(F)F)c2)CC1)C(C)C,0
O=c1nc(SCc2cccc(Cl)c2)[nH]c2c1CCCC2,0
COc1ccccc1CN(CC(=O)NCc1ccco1)C(=O)CNS(=O)(=O)c1ccc(C)cc1,0
COC(=O)C(Cc1ccccc1)NC(=O)N1CCN(Cc2ccccc2)CC1,0
CN(CCNC(=O)C1CCN(S(=O)(=O)N2CCOCC2)CC1)CCc1ccccc1,0
COc1ccc(CNC(=O)CN(CC2CCCO2)C(=O)CNS(=O)(=O)c2ccc(C)cc2)cc1,0
CCOC(=O)C(NC(=O)c1ccc(OC)cc1)(N1CCOCC1)C(F)(F)F,0
CC1CCCC(NC(=O)CN2CCN(Cc3ccc(Cl)cc3)C2=O)C1C,0
Cc1cc(NS(=O)(=O)c2ccccc2)cc(Cl)c1O,0
CCOc1ccc(N(CC(=O)NC2CCCC2)C(=O)CCC(=O)Nc2ccccn2)cc1,0
C=C(Br)Cn1c(CC(C)C)nc2ccccc21,0
O=C(c1ccco1)N1CCN(C(=O)C2CCN(S(=O)(=O)Cc3ccccc3)CC2)CC1,0
Cc1ccc(NC(=O)NC(=O)CN2C(=O)NC3(CCc4ccccc43)C2=O)c(C)c1,0
CCCOc1ccc(C2(C(=O)O)CCCC2)cc1,0
C=CCOc1c(Br)cc(CNn2nnnc2N)cc1OC,0
NC(=O)c1c(NC(=O)CSc2nnc(-c3ccco3)n2-c2ccccc2)sc2c1CCC2,0
O=C(Nc1nc2c(s1)CCCC2)c1ccc(Br)o1,0
CCOCCc1nnc(NC(=O)c2ccc(OC)c(OC)c2)s1,0
CN1C(=O)NC(c2cccc(O)c2)C(C(=O)c2cccs2)C1(O)C(F)(F)F,0
O=S(=O)(NC1CC1)c1ccc(S(=O)(=O)N2CCCc3ccccc32)cc1,0
CC(C)=CC(=O)OCC(=O)Nc1ccccc1Cl,0
NC(=O)C1CCN(C(=O)CN2CCN(c3cccc(C(F)(F)F)c3)CC2)CC1,0
CCn1ncc(Br)c1C(=O)Nc1cc(C(=O)OC)ccc1C(=O)OC,0
CCCCCCn1c(SCC(=O)OC)nc2c1c(=O)[nH]c(=O)n2C,0
COc1ccc(CNC(=O)c2cnc(C)cn2)c(OC)c1,0
Cc1cc(O)cc(O)c1C(=O)Cc1cscn1,0
O=C1C2C3C=CC(C3)C2C(=O)N1c1cccc2cccnc12,0
CCOC(=O)c1c(C)[nH]c(C(=O)COC(=O)c2ccc(N3CCCC3=O)cc2)c1C,0
CCC1Oc2ccc(Cl)cc2N(CC(=O)O)C1=O,0
COc1ccc(C2C(=O)N(C3CCCCC3)CC(=O)N2Cc2ccc3c(c2)OCO3)cc1,0
CCOc1ncccc1C(=O)Nc1cccc(C(=O)Nc2cccc(S(=O)(=O)CCO)c2)c1,0
O=C(NC12CC3CC(CC(C3)C1)C2)c1ccc(S(=O)(=O)N2CCOCC2)cc1,0
N#Cc1nc(-c2ccccc2Cl)oc1N1CCCCC1,0
O=C(Nc1nc(=O)c2ccccc2s1)c1ccccc1,0
CN(C)S(=O)(=O)c1ccc(C(=O)N2CCC(c3nc4ccccc4o3)CC2)cc1,0
CCCCC1(C(=O)OCC)CC(CN2CCOCC2)OC1=O,0
O=C(Nc1ccccc1)N(Cc1ccc2c(c1)OCO2)Cc1nc(=O)c2ccccc2[nH]1,0
COc1cccc(NC(=O)Cn2nnc(-c3ccccc3N)n2)c1,0
O=S(=O)(c1ccc(Oc2ccc(-c3nnco3)cc2)nc1)N1CCC(Cc2ccccc2)CC1,0
O=C(c1c[nH]c2ccc(S(=O)(=O)N3CCOCC3)cc2c1=O)N1CCCC1,0
OC(COc1ccccc1Cl)CN1CCN(CC(O)COc2ccccc2Cl)CC1,0
COC(=O)C1=C(N)OC2=C(C(=O)CC(C)(C)C2)C1c1ccoc1,0
Cc1ccc(Cl)cc1N1CCN(C(=O)Cn2ccc3ccccc3c2=O)CC1,0
CCc1ccc2oc(=O)cc(CN3CCOCC3)c2c1,0
COC(=O)C(NC(=O)c1ccccc1)=C1C=C(C)OC(C)=C1,0
CC(=O)NCC12CC3CC(C1)CC(C(=O)O)(C3)C2,0
CCOc1ccccc1CN(CCc1ccc2c(c1)OCO2)Cc1ccccn1,0
COc1ccc(OCC(=O)Nc2ccc(S(=O)(=O)N3CCCCCC3)cc2)cc1,0
CCN(CC)S(=O)(=O)c1ccc(-c2nnc(SCC(=O)N3c4ccccc4CC3C)o2)cc1,0
N#Cc1nc(Cc2cccc3ccccc23)oc1N1CCN(Cc2ccc3c(c2)OCO3)CC1,0
CCCCN(C)CCCNC(=O)CCn1nc(-c2ccccc2)ccc1=O,0
C=CCSc1nnc(C)n1-c1ccc(Cl)cc1,0
Cc1ccc(-n2[nH]cc3c(=O)nc(SC(C)C)nc2-3)cc1,0
CCCOc1cc(C)c(S(=O)(=O)n2ccc(C)n2)cc1C,0
CN(Cc1ccccc1)S(=O)(=O)c1ccc(C(=O)Nc2nnc(C3CC3)o2)cc1,0
CC(=O)N1CCc2cc(Br)cc(S(=O)(=O)NCc3ccccn3)c21,0
CCc1ccc2[nH]c(=O)c(CN(CCN(C)C)C(=O)Nc3ccccc3)cc2c1,0
CN(Cc1ccccc1)C(=O)CSc1nc2ccccc2c(=O)n1Cc1ccco1,0
c1ccc(CCNc2ncnc3c2nnn3Cc2ccccc2)cc1,0
NC(=O)NC(c1ccccc1)c1ccccc1F,0
COc1ccc(C(=O)CSc2nn3c(=O)c(C(C)(C)C)nnc3s2)cc1,0
CC1(C)NC(=O)N(CCCCOc2cccc(C(F)(F)F)c2)C1=O,0
CCNc1nc(N2CCOCC2)nc(N(c2ccccc2)c2ccccc2)n1,0
CS(=O)(=O)N(CC(=O)NCc1ccco1)Cc1ccc(Cl)cc1,0
Cc1ccc(-n2nc3c(c2NC(=O)c2ccc(S(=O)(=O)N4CCOCC4)cc2)CSC3)c(C)c1,0
Cn1nc(-c2ccc(OCC(=O)NCC3CCCO3)cc2)c2ccccc2c1=O,0
COc1ccc(CC(=O)Nc2c3c(nn2-c2cccc(C)c2C)CS(=O)(=O)C3)cc1,0
CCn1c(C)cs/c1=N/C(=O)c1ccccc1,0
COc1ccc(C(=O)N2CCC(C(=O)Nc3cccc(C)c3)CC2)cc1OC,0
CCc1c(O)n(C2CCCCC2)c(SCC(=O)Nc2ccc(OC)cc2)nc1=O,0
CCn1c(NCc2ccc(N(C)C)cc2)nc2ccccc21,0
Cc1cccc(-c2c3c(=O)n(C)c(=O)n(C)c3cn2-c2ccc(O)cc2)c1,0
CCCCC(=O)N(CCOC)c1nnc(-c2ccc(OC)cc2)s1,0
O=C(c1cccc(Cl)c1)N1CCN(Cc2ccccc2F)CC1,0
CCOC(=O)c1cccnc1SCC(=O)N(C)c1ccccc1,0
CCOc1cc(C(=O)Nc2ccc(N3CCN(S(C)(=O)=O)CC3)cc2)cc(OCC)c1OCC,0
COc1ccc(-c2cc3nc(-c4ccccc4)cc(N4CCC5(CC4)OCCO5)n3n2)cc1,0
CC1CN(C2CCCCC2)c2nc3c(c(=O)[nH]c(=O)n3C)n2C1,0
COc1ccc(NC(=O)CSc2nnc(-c3ccoc3C)n2CCc2ccccc2)cc1,0
CCC(=O)OCCn1c(Br)nc2c1c(=O)[nH]c(=O)n2C,0
COc1ccc(CCNC(=O)CSc2nnc(-c3ccc(F)cc3)o2)cc1OC,0
O=C(Nc1cccnc1)C1CCCN(S(=O)(=O)c2cccc3nsnc23)C1,0
c1cncc(Nc2nc(-c3cccnc3)cs2)c1,0
CCSc1nc2ccccc2n1CC(=O)N1CCCCC1,0
CCOC(=O)C1CCCN(Cc2cccc(Cl)c2)C1,0
CCCC(=O)N(Cc1cc2cccc(C)c2[nH]c1=O)c1ccccc1OC,0
O=C(Nn1cnc2ccccc2c1=O)C1CCCCC1,0
CCCCC(=O)c1c(C)cc(C)[nH]c1=O,0
O=C(c1cncc(Br)c1)N1CCCc2ccccc21,0
Cc1ccc(-n2nc3c(c2NC(=O)c2ccccc2Br)CS(=O)C3)cc1,0
CCOC(=O)C1CCN(C/C=C/c2ccccc2OC)CC1,0
O=C(NCc1ccco1)c1nnc(Cc2ccc(F)cc2)o1,0
Clc1ccccc1OCc1nnc(-c2ccccc2Br)o1,0
CCOc1ccc(OCC)c(NC(=O)c2[nH]c(C)c(C(C)=O)c2C)c1,0
CCN(CC)C(=O)c1ccc(COc2ccccc2Br)o1,0
O=C(c1cccnc1)N1CCC(c2nc3ccccc3[nH]2)CC1,0
CC(C)Oc1ccccc1C1CC(=O)Nc2cc3c(cc21)OCCO3,0
CN1CCN(/C=N/c2sc3c(c2C#N)CCCCC3)CC1,0
COc1ccc(-c2nc3cccc(C)n3c2NCc2ccco2)cc1OC,0
COC(=O)c1ccccc1NC(=O)Cn1nc(C(F)(F)F)c2c1CCC2,0
COc1ccc(-c2n[nH]c(=S)n2C2CCCCC2)cc1,0
CCOC(=O)N1CCN(C(=O)Nc2ccc3nc(C)sc3c2)CC1,0
O=S(=O)(c1ccc(F)c(F)c1)N1CCN(Cc2ccc3c(c2)OCO3)CC1,0
Cc1cnc(NC(=O)CSc2nnc(CNc3ccc(F)cc3)n2CC2CCCO2)s1,0
CN(Cc1ccccc1)S(=O)(=O)c1ccc2[nH]cc(C(=O)NCC3CCCO3)c(=O)c2c1,0
COc1ccccc1N(CC(=O)NC1CCCCC1)C(=O)CCC(=O)Nc1ccccn1,0
CCOc1ccc2[nH]c(=O)c(CN(CCO)C(=O)c3ccc(Br)cc3)cc2c1,0
O=C(O)CSc1nnc(CNc2ccc(Cl)cc2)n1Cc1ccccc1,0
COc1cc(NS(=O)(=O)c2ccc(NC(=O)COc3ccccc3C)cc2)nc(OC)n1,0
COC(=O)COC(=O)c1ccc(-n2nnnc2SC)cc1,0
COc1ccc(CC(=O)Nc2cc(C)c3c(=O)oc4ccccc4c3n2)cc1,0
Cc1ccc(-c2nc3cc(NC(=O)C(C)C)ccc3o2)cc1C,0
O=C(CSc1nnc(-c2ccccc2)o1)OCc1ccccc1,0
COc1ccc(OC)c(NC(=O)Cn2c(-c3ccc(Cl)cc3)noc2=O)c1,0
CCn1c(Sc2ccc(N)cc2Cl)nc2ccccc21,0
O=C(NCC1CCCO1)NC12CC3CC(CC(C3)C1)C2,0
O=C(O)C1CCCCC1C(=O)NCCc1ccccc1,0
O=C(O)CSc1nnc(C2CC2)n1-c1ccccc1,0
N#CCc1ccc(NS(=O)(=O)c2ccc(N3CCCC3=O)cc2)cc1,0
O=S(=O)(NCC1CCCO1)c1ccc(Cl)c(C(F)(F)F)c1,0
O=C(Nc1ccccc1C(F)(F)F)N1CCCCCC1,0
Cc1cn(-c2ccc(Br)cc2)[nH]c1=O,0
OC(CN1CCN(c2ccccn2)CC1)Cn1c2ccccc2c2ccccc21,0
COc1ccc(OC)c2[nH]c(=O)c(CCNC(=O)c3ccc(Br)o3)cc12,0
O=CN1CCN(C2CC(=O)N(c3ccc(Br)cc3)C2=O)CC1,0
CCNS(=O)(=O)c1ccc(NC(=O)c2cc(C(F)(F)F)nn2C)cc1,0
CCC(=O)N1CCc2cc(S(=O)(=O)N3CCN(C(=O)c4ccco4)CC3)ccc21,0
O=C(C1CCN(S(=O)(=O)N2CCOCC2)CC1)N1CCN(Cc2ccc3c(c2)OCO3)CC1,0
O=C(CSc1ncnc2c1oc1ccccc12)Nc1cccc(F)c1,0
C=CCn1c(=O)[nH]c2cc(C(=O)N3CCN(c4cc(C)ccc4C)CC3)ccc2c1=O,0
CCCC(c1c(C)n(C)n(-c2ccccc2)c1=O)c1c(C)n(C)n(-c2ccccc2)c1=O,0
Cc1cccc(NC(=O)CN2C(=O)COc3ccc(Cl)cc32)c1,0
COc1ccccc1N1CCN(C(=O)c2cc(-c3ccc(Cl)c(Cl)c3)on2)CC1,0
CCOC(=O)C(C)Sc1nnc(Cc2cc(=O)[nH]c(=O)[nH]2)n1-c1ccc(Cl)cc1,0
O=S(=O)(c1ccc(Oc2ccc(Br)cc2F)nc1)N1CCCCC1,0
Cc1ccc(N2C(=O)C3C(C2=O)C2C=CC3C23CC3)cc1,0
CC(C)OC(=O)CSc1nnc(-c2cnccn2)n1-c1ccc(Cl)cc1,0
CC(CCc1ccccc1)NC(=O)COC(=O)C1=COCCO1,0
CC1Cc2cc(C3(O)C(=O)c4ccccc4C3=O)ccc2N1,0
CCOC(=O)CSc1nc(-c2ccncc2)ccc1C#N,0
CCn1c(COc2cccc(OC)c2)nnc1SCC(=O)Nc1ccccc1C(=O)OC,0
COc1cccc(OC)c1C(=O)Nc1ccc(S(=O)(=O)Nc2cc(C)nc(C)n2)cc1,0
CCn1c(=O)c2cc(S(=O)(=O)NCc3ccccc3)ccc2n(CC)c1=O,0
CCCCCn1c(CNC(=O)c2cccs2)nc2ccccc21,0
COc1ccc(-c2nnc(SCCC(=O)O)n2C)cc1OC,0
Cn1c(O)c(C(=O)Nc2ncccc2O)c(=O)c2ccccc21,0
CCc1c(C(=O)NCc2ccccc2Cl)[nH]c(C)c1C(C)=O,0
N#CCSc1nnc(Cc2ccc3c(c2)OCO3)o1,0
CCOC(=O)CSc1nnc(CNC(=O)c2ccc(OC)cc2OC)n1C,0
CCOC(=O)Cc1c(C)c2c(C)[nH]nc2oc1=O,0
Cc1cccc(N(CC(=O)NC2CCCCC2)C(=O)CCC(=O)Nc2cc(C)ccn2)c1,0
Cn1c(=O)cc(SCC(=O)N2CCC3(CC2)OCCO3)c2ccc(Cl)cc21,0
Cn1cccc1Cc1nnc(SCC(=O)NCC2CCCO2)n1CCc1ccccc1,0
COc1ccc(CNC(=O)C(OC(C)=O)c2ccccn2)cc1,0
CCn1c(CSc2nc(C)cc(C)n2)nnc1SCC(=O)N1CCCc2ccccc21,0
COCCN(CCOC)S(=O)(=O)c1ccc(C(=O)Nc2nc(-c3ccncc3)cs2)cc1,0
CC(C)(C)NC(=O)C(c1ccccc1)N(C(=O)c1ccco1)C1CC1,0
O=C(c1ccc2c(=O)n(C3CCCC3)c(=S)[nH]c2c1)N1CCN(C2CCCCC2)CC1,0
COc1ccc2[nH]c3c(NCCN(C(C)C)C(C)C)ncnc3c2c1,0
O=C1c2ccccc2-c2onc3ccc(NCc4ccco4)c1c23,0
COc1ccc2c(c1OC)C(=O)N1c3cccc(Cl)c3C(=O)OC21,0
O=C(NCc1ccc2c(c1)OCO2)c1cccc(Cl)c1,0
Cn1c(=O)[nH]c(=O)c2[nH]c(N(Cc3ccccc3)Cc3ccccc3)nc21,0
COc1ccc(-c2nc(-c3cccc(C(F)(F)F)c3)no2)cc1OC,0
Brc1cccc(-c2nnco2)c1,0
CCc1nc2ccccc2n1Cc1cc(=O)n2cc(C)ccc2n1,0
O=C(Cc1cccs1)N1CCC(c2nc3n(Cc4ccccc4Cl)[nH]nc-3c(=O)n2)CC1,0
O=C(Nc1ccc(F)cc1F)C1=CC2=NC3CCCCC3C(C(F)(F)F)N2N1,0
CN(C)CCNC(=O)Cn1nc(-c2ccc(Cl)cc2)ccc1=O,0
COc1ccc(NC(=O)C2CCCN(S(=O)(=O)c3cccnc3)C2)cc1,0
CC(=O)c1ccc(Cc2cnc(N)s2)cc1,0
COc1cccc(C2CC(=O)NC3=C2C(=O)CCC3)c1,0
Cc1ccc(S(=O)(=O)NC(=O)Nc2ccc(Cl)cn2)cc1,0
CCC1CCCCN1C(=O)Nc1cccc(NC(=O)N2CCCCC2CC)c1,0
O=c1c2ccccc2[nH]c(=S)n1CCN1CCC(=C(c2ccc(F)cc2)c2ccc(F)cc2)CC1,0
O=C(CCN1CCN(CC(=O)Nc2ccccc2Cl)CC1)Nc1ccccc1F,0
Cc1cc(NC(CC(C)C)C(=O)O)nc(Cc2ccccc2)n1,0
O=C1OC(N2CCN(Cc3ccccc3)CC2)c2ccccc21,0
COc1ccc2[nH]c(=O)c(CN(C(C)=O)C3CCCCC3)cc2c1,0
COCCn1/c(=N/C(=O)CSCC(=O)Nc2cc(C)on2)sc2cc(C(=O)OC)ccc21,0
C=CCc1c(C)nc(SC)nc1Nc1ccc(C(C)=O)cc1,0
Cc1cc(C(=O)N2CCOCC2)n(-c2ccccc2)n1,0
Cc1ccc2occ(C(c3nnnn3C3CCCC3)N3CCN(C(=O)c4ccco4)CC3)c(=O)c2c1,0
CCOC(=O)N1CCN(C(=O)Nc2ccc(Cl)cc2Cl)CC1,0
C=CCOc1nc2c(c(=O)n(Cc3ccc(Cl)cc3)c(=O)n2C)n1C,0
Cc1ccc(-c2nnc(-c3ccc(Br)cc3)o2)o1,0
Cc1noc(C)c1S(=O)(=O)N(CCc1ccccc1)Cc1ccccc1,0
Cc1ccccc1S(=O)(=O)Cc1ccc(C(=O)N2CC(C)CC(C)C2)o1,0
CCn1c(SCC(=O)N2CCN(c3ccccc3)CC2)nc2c(c1=O)SC(C)C2,0
CCn1c2ccccc2c2cc(NC(=O)COC(=O)Cc3cn4ccsc4n3)ccc21,0
CC(C)n1c(=O)[nH]c2ccccc21,0
CCOc1cccc(OCCCCN2CCOCC2)c1,0
O=C(c1cc(S(=O)(=O)N2CCOCC2)ccc1F)N1CCN(Cc2ccccc2)CC1,0
CCN(CC)S(=O)(=O)c1cc(C(=O)OC)ccc1Cl,0
O=C(Cn1cnc2ccccc2c1=O)NCc1ccco1,0
COCCN(C(=O)Cc1cccs1)c1nnc(-c2ccncc2)s1,0
O=C(c1ccccc1F)N(Cc1ccc(F)cc1)C1CCS(=O)(=O)C1,0
OC1(c2cccc(C(F)(F)F)c2)CCN(c2ccc(-c3ccccc3)nn2)CC1,0
COC(=O)C(Cc1ccc(O)cc1)NC(=O)C(C)Oc1ccccc1,0
CCOC(=O)CCS(=O)(=O)c1nc(-c2ccccc2)cc(C(F)(F)F)n1,0
O=C(NCCc1ccncc1)C(F)(F)F,0
O=C(CSc1nnc(-c2ccco2)o1)N1c2ccccc2CCc2ccccc21,0
O=C1CN(C(=O)CCN2CCOCC2)C(c2ccccc2)c2cc(Br)ccc2N1,0
CC1=CC(=O)/C(=C/NCc2ccncc2)C=C1,0
O=C(CCCC(=O)NCC1CCCO1)NCC1CCCO1,0
CCOc1ccccc1NC(=O)CCn1c(=O)oc2ccccc21,0
CC1(C)CC(=O)C2=C(C1)OC(N)=C(C#N)C2c1cccc(OC(=O)c2ccco2)c1,0
Cc1cc(N2CCCC2=O)cc(C)c1S(=O)(=O)NCCOc1ccccc1,0
COc1ccc(-c2nnc(SC)n2C)cc1,0
CCOc1ccccc1C(=O)Nc1nccs1,0
CCOc1ccc2cc(C#N)c(SCC(=O)OC)nc2c1,0
COc1cccc(NC(=O)c2ccccc2NS(C)(=O)=O)c1,0
CCCOc1cc(C)c(S(=O)(=O)N2CCN(C)CC2)cc1C,0
O=C1OC(Nc2ccc(Br)cc2F)c2ccccc21,0
O=C(N1CCOCC1)N1CCN(S(=O)(=O)N2CCCCC2)CC1,0
Cn1c(=O)oc2cc(S(=O)(=O)NCCC(=O)NCCc3ccc(Cl)cc3)ccc21,0
Cc1ccc(-n2nnnc2SCCNS(=O)(=O)c2ccccc2)cc1C,0
CC(C)CCCNc1nc(N2CCOCC2)nc(N2CCOCC2)n1,0
COC(=O)CC1C(=O)NCCN1C(=O)c1ccccc1,0
CC1CC(=O)C2=C(C1)OC(N)=C(C#N)C2c1coc2ccccc2c1=O,0
COC(=O)c1ccc(NC(=O)C2C3C=CC(O3)C2C(=O)O)cc1,0
CCCn1c(SCC(=O)Nc2sc(C)c(C)c2C(=O)OC)nc2c1c(=O)n(C)c(=O)n2C,0
COC(=O)c1cc2c(=O)n3cccc(C)c3nc2n(Cc2cccnc2)c1=N,0
CCOc1ccc(-c2nnn(CC(=O)N3CCN(c4ccc(F)cc4)CC3)n2)cc1OCC,0
O=C1CN(C(=O)CC2c3ccccc3-c3ccccc32)CC(=O)N1,0
C=CCn1c(NC(=O)c2ccco2)c(S(=O)(=O)c2ccccc2)c2nc3ccccc3nc21,0
O=C1OC(Nc2nc3ccccc3s2)c2ccccc21,0
CCn1c(COc2ccccc2)nnc1SCC(=O)C(C)(C)C,0
COC(=O)C1=C(C)N(C)C(=O)NC1c1ccc(C)cc1,0
CCOc1ccc2ccccc2c1/C=N/n1cncn1,0
COc1ccc(C(C)=O)cc1CSc1nc2ccccc2o1,0
NC(=O)c1ccccc1NS(=O)(=O)Cc1ccc(Cl)cc1,0
CC1(C)CC(=O)c2cc(OCC(=O)NCc3cccnc3)ccc2O1,0
O=C(Nc1cccnc1)C(Cc1ccccc1)n1cccc1,0
C=CCn1c(COc2ccccc2)nnc1SCC(=O)Nc1ccc(S(N)(=O)=O)cc1,0
COc1cc(=O)[nH]c(SCc2c(F)c(F)c(F)c(F)c2F)n1,0
Cc1ccc(S(=O)(=O)NCc2ccncc2)cc1,0
Cc1onc(-c2ccccc2Cl)c1C(=O)N(C)C1CCCCC1,0
CCC12CN3CC(CC)(CN(C1)C3c1c(O)ccc3ccccc13)C2=O,0
Cc1cnc(NC(=O)COc2ccccc2Cl)s1,0
O=C(Nc1ccc2c(c1)OCO2)C(c1ccc(Cl)cc1)N1CCC2(CC1)OCCO2,0
O=C(c1ccco1)N1CCN(CC(O)Cn2c3ccccc3c3ccccc32)CC1,0
COc1ccc(CN2CC(C(=O)NCCCN3CCN(Cc4ccccc4)CC3)CC2=O)cc1,0
Cc1cccc(-n2nnnc2SCC(=O)c2cc(C)n(CC3CCCO3)c2C)c1,0
COc1cc(C(N)=O)ccc1OCc1ccccc1,0
COC(=O)c1ccc(C)c(NC(=O)c2nn(C)c(=O)c3ccccc23)c1,0
COC(=O)c1ccc(Cn2nnc3c(sc4nc(N5CCOCC5)c5c(c43)CCCC5)c2=O)o1,0
CCOC(=O)N1CCC(NC(=O)C2CCN(C(=O)N3CC(C)Oc4ccc(C)cc43)CC2)CC1,0
Cc1nc2nc(SCC(=O)NCc3ccco3)nn2c(C)c1Cc1c(F)cccc1Cl,0
Cc1cc(C)c(C#N)c(SCCS(=O)(=O)Cc2ccccc2)n1,0
COc1ccc2c(C(=O)CN3CC(C)OC(C)C3)c[nH]c2c1,0
N=c1c(C(=O)NCC2CCCO2)cc2c(=O)n3ccccc3nc2n1Cc1cccnc1,0
Cc1ccc(-c2noc(C3CCCN(C(=O)c4ccc(F)cc4F)C3)n2)cc1,0
CC12CCCCC1c1ccccc1C(NCC(=O)O)=N2,0
CC(C)NC(=O)c1ccccc1-c1nc(-c2ccccc2Cl)no1,0
CCn1c(COc2ccccc2)nnc1SCC(=O)CC(=O)Nc1ccccc1OC,0
O=CNC1CCCc2c1[nH]c1ccc(Cl)cc21,0
CC12CCC(=O)N1c1c(sc3nc(N4CCOCC4)c4c(c13)CCCC4)C(=O)N2,0
Cc1cc(NC(=O)CCCC(=O)N(CC(=O)NC2CCCCC2)c2ccccc2)no1,0
CCOC(=O)N1CCN(C(=O)CS(=O)(=O)c2cn(Cc3cccc(F)c3)c3ccccc23)CC1,0
COC(=O)c1ccc(CC(=O)c2c(C)cc(O)cc2O)o1,0
COc1cccc(C2C(C#N)=C(N)Oc3c2c(C)nn3-c2ccccc2)c1OC,0
COc1ccc(Cc2nnc(SCC(=O)NC3CCCCC3)n2C)cc1,0
O=C(CSc1nc(-c2ccco2)cc(C(F)(F)F)n1)N1CCc2ccccc2C1,0
Cn1c(CCNC(=O)c2ccco2)nc2cc(NC(=O)c3ccco3)ccc21,0
O=C(CCSc1ccc(Cl)cc1)N1CCN(c2ncccn2)CC1,0
COc1ccc(-c2cc3nc4n(c(=O)c3s2)CCC4)cc1,0
CCCC(=O)N1CCN(C2=NS(=O)(=O)c3ccccc32)CC1,0
COc1ccc(S(=O)(=O)N(CCCN2CCCC2=O)Cc2cc3c(C)cc(C)cc3[nH]c2=O)cc1,0
CCn1nc(CC(=O)Nc2nnc(CC(=O)N3CCCCC3)s2)c2ccccc2c1=O,0
COc1ccccc1-n1c(SCC(=O)N2CCCC2)nc2cccnc21,0
Cc1ccc(C)c(Cn2cnc3c(nnn3Cc3ccc(F)cc3)c2=O)c1,0
COc1ccccc1NC(=O)CSc1nnc(C)o1,0
O=C(CSc1nc2ccccc2c(=O)n1Cc1ccco1)NCc1ccccc1,0
CCOc1ccc(N2C(=O)NC(=O)/C(=C/Nc3ccc(N(CC)CC)cc3)C2=O)cc1,0
Cc1[nH]c(N2CCN(C(c3ccccc3)c3ccccc3)CC2)nc(=O)c1C,0
COc1cccc(Oc2nc3ncn(Cc4ccccc4)c3c(=O)n2C)c1,0
O=C(CCNC(=O)c1ccc(Br)o1)NCc1ccccc1Cl,0
O=C(Nc1cccc2c1CCCC2)c1ccc(Br)o1,0
CCOc1cc(S(=O)(=O)N2CCN(Cc3ccccc3)CC2)ccc1Br,0
COc1ccc(CN(C(=O)CSc2nnc(-c3ccccc3F)o2)c2ccc(F)cc2)cc1,0
O=C(CCc1nc(-c2ccccc2F)no1)NC1CCCCCC1,0
Cc1nc(C)c(NC(=O)N2CCc3ccccc32)cc1NC(=O)N1CCc2ccccc21,0
CCOc1cc(-c2nc3cc(C)ccn3c2NCC2CCCO2)ccc1O,0
O=C(NCc1ccco1)c1ccc(CS(=O)(=O)Cc2ccc(F)cc2)o1,0
COc1ccc(N(CC(=O)N2CCN(C)CC2)S(=O)(=O)c2ccccc2)cc1OC,0
CCOC(=O)C1C(=O)N(C(=O)c2cncc(Br)c2)CC1c1ccccc1,0
CCc1ccc(OCC(=O)NCCN(C)C)c(Br)c1,0
CCN(CC)c1ccc2c(c1)oc(=O)c1c(Cl)cc(=O)oc12,0
O=C(O)c1cc(-c2ccccc2Cl)n[nH]1,0
Cn1c(=O)[nH]c(=O)c2c1nc(NCCc1ccccc1)n2CC(O)COc1ccccc1,0
CC(C)c1ccc(S(=O)(=O)N2CCN(C(=O)c3cccc(F)c3)CC2)cc1,0
CCN(CC)S(=O)(=O)c1ccc2oc(C(=O)NCc3ccc(F)cc3)c(C)c2c1,0
c1ccc(Sc2ncnc3c2oc2ccccc23)nc1,0
CCOC(=O)c1cccnc1SCC(=O)NC(C)CC,0
O=C(CN1C(=O)c2ccccc2S1(=O)=O)NCc1cccnc1,0
CC(OC(=O)c1cc[n+]([O-])cc1)C(=O)Nc1ccc(Cl)cn1,0
COc1ccc(-c2nc(CSCC(=O)N3CCC(C(N)=O)CC3)c(C)o2)cc1OC,0
CCn1c(SCCOc2ccc(OC)cc2)nnc1C(CO)NC(=O)c1ccc(OC)cc1,0
CCCCn1c(NC(=O)c2ccc(F)cc2)c(C#N)c2nc3ccccc3nc21,0
COc1cc2ccccc2cc1C(=O)Nc1ccccc1N1CCN(S(C)(=O)=O)CC1,0
Cc1ccc(CCNC(=O)C2CCN(S(=O)(=O)N3CCCC3)CC2)cc1,0
CCCCOC(=O)C1=C(C)N=C2N=NNN2C1c1ccc(OC)c(OC)c1OC,0
O=C1CC(N2CCC(c3nc4ccccc4o3)CC2)C(=O)N1c1ccc(Cl)cc1,0
Cn1c(/C=C/N2CCOCC2)c(C(=O)c2ccc(Br)cc2)c(=O)n(C)c1=O,0
COc1ccc(C)cc1S(=O)(=O)N1CCCCC1,0
CCc1nn2c(=O)cc(N3CCN(c4cc(C)nc5ccccc45)CC3)nc2s1,0
CCn1c(COc2cccc3ccccc23)nnc1SCC(N)=O,0
CC(C)CCNC(=O)C1C2C=CC3(CN(Cc4ccccc4Cl)C(=O)C13)O2,0
CCOC(=O)Cn1nc(-c2ccc(Cl)cc2)cc1N,0
COc1cccc(C(=O)NCC2CCCO2)c1,0
Cc1ccccc1NC(=O)Nc1cccs1,0
Cc1cc(C)n(-c2ccc(C(=O)OCC(=O)c3ccc(Br)s3)cc2)n1,0
COCCCN1C(=O)C(O)=C(C(=O)c2ccco2)C1c1cccc(Br)c1,0
CS(=O)(=O)N(CC(=O)N1CCCCCC1)c1ccc2c(c1)OCCO2,0
CCc1ccc(CNC(=O)CN2C(=O)COc3ccccc32)cc1,0
N#Cc1c(-c2ccc3c(c2)OCO3)csc1N,0
O=C(NCc1ccccc1)NC1(C(=O)N2CCN(c3ncccn3)CC2)CCCCC1,0
CC1CC(C)CN(CC(=O)N2CCc3[nH]c4ccccc4c3C2)C1,0
Cc1cc(Cl)c(S(=O)(=O)NC2CCCCC2)cc1OCC(=O)Nc1nncs1,0
COC(=O)C1C2C=CC3(CN(C4CCCC4)C(=O)C13)O2,0
Oc1ccc(-c2nc3ncccn3c2Nc2ccc3c(c2)OCO3)cc1,0
CCOC(=O)N1CCN(C(=O)c2ccc3c(c2)sc2nc(-c4ccccc4)cn23)CC1,1
Cc1ccc(NC(=O)CSc2nnc(-c3ccccc3C)o2)cc1C,0
COc1ccc(C(=O)NC2(C(F)(F)F)N=C3SCCN3C2=O)cc1,0
O=C(CSc1nnc(-c2ccccn2)n1Cc1ccccc1)N1CCCC1,0
CC1CCc2sc3ncnc(N4CCOCC4)c3c2C1,0
CCOC(=O)C(NC(=O)c1ccccc1)(N1CCCC1=O)C(F)(F)F,0
Brc1cccc(-c2nnc(SCc3nc4ccccc4[nH]3)o2)c1,0
N#Cc1cc2c(nc1SCC(=O)N1CCCCC1)CCCCC2,0
Cc1cc(Cl)c(S(=O)(=O)N2CCCCCC2)cc1OCC(N)=O,0
CCOc1cc(S(=O)(=O)n2c(C)nc3ccccc32)ccc1F,0
Cc1cccc(NS(=O)(=O)c2cc(C(=O)OCC(=O)Nc3cc(C)on3)ccc2C)c1,0
OC1(c2ccc(Br)cc2)CCNCC1,0
CCCCC(=O)Nc1ccc(C(=O)Nc2ccc3c(c2)OCO3)cc1,0
COc1ccc(CSc2n[nH]c(C)n2)cc1Br,0
O=C(NC(C(=O)O)c1ccccc1)c1ccc(S(=O)(=O)N2CCOCC2)cc1,0
CC(NC(=O)Nc1cccnc1)(C(F)(F)F)C(F)(F)F,0
O=C1c2ccccc2NC(c2ccccc2)N1c1ccc(O)cc1,0
O=C(CN1CC=C(c2ccccc2)CC1)NC(=O)NCc1ccco1,0
COc1ccc(NC(=O)CCCN2C(=O)CCC2=O)cc1Cl,0
COCCn1c(SCC(=O)c2ccc(Cl)cc2)nnc1C(C)C,0
C=CCn1c(Cc2cccs2)nnc1SCC(=O)Nc1cccc(OC)c1,0
CCn1c(SCC(=O)Nc2nccs2)nnc1-c1ccncc1,0
CCC(C)Oc1ccccc1C1CC(=O)NC2=C1C(=O)CCC2,0
O=C(COc1ccccc1)Nc1ccc(Cl)c(-c2nc3ncccc3o2)c1,0
O=C(CSc1nnc(-c2ccc(OC(F)F)cc2)o1)NC(=O)NCc1ccco1,0
CCC1S/C(=C(\C#N)C(N)=O)N(c2ccc(F)cc2)C1=O,0
N#Cc1c(-c2ccco2)c2c([nH]c1=S)CCCC2,0
COn1cnnc1-c1ccccc1,0
Cc1c(NC(=O)CSc2nnc3sc4ccccc4n23)c(=O)n(-c2ccccc2)n1C,0
CCOC(=O)N1CCC(NC(=O)C(NC(=O)C2CCCCC2)C(C)C)CC1,0
CCc1nnc(NC(=O)c2ccc(COc3ccc(C)cc3)o2)s1,0
O=C(NCCN1CCOCC1)c1cccc(Cl)c1,0
O=C(COc1ccccc1Cl)NCCCN1CCOCC1,0
CN1C(=O)CC(C(=O)O)S/C1=N\c1cccc(C(F)(F)F)c1,0
COc1ccc(Cl)cc1CSc1n[nH]c(C)n1,0
CC(=O)c1cccc(NS(=O)(=O)N2CCCCC2)c1,0
Cc1sc2ncnc(OCC(=O)NCC3CCCO3)c2c1C,0
CC(=O)c1cccc(NC(=O)N2CCCC2C(=O)Nc2c(C)cccc2C)c1,0
CCn1c(SCC(=O)Nc2cc(OC)ccc2OC)nnc1C1CCCCC1,0
O=C(NCc1ccco1)c1ccc2c(=O)n(CCC3=CCCCC3)c(=O)[nH]c2c1,0
Cc1nc2ncnn2c(C)c1CCC(=O)Oc1ccccc1,0
Cc1cccc(C)c1OCc1nnc(SCC(=O)NCCc2ccccc2)o1,0
C=C(C)CSc1nc(=O)c(Cc2ccccc2)c(C)[nH]1,0
COC(=O)CSC1=C(C#N)C(c2ccc(C(C)C)cc2)CC(=O)N1,0
COc1cc(CNc2ccc3[nH]c(=O)[nH]c3c2)ccc1OCC(=O)NC(C)(C)C,0
COCCN(Cc1cc2cccc(C)c2[nH]c1=O)C(=O)c1ccccc1,0
C=CCSc1n[nH]c(-c2ccc(OCCC)cc2)n1,0
COc1ccc(CN2C(=O)c3cccnc3C2Nc2ccc(OC)c(Cl)c2)cc1,0
COc1ccc(C(C)NC(=O)C2C(=O)NC3(C)CC2c2ccccc2O3)cc1,0
CCOC(=O)c1cn(CC(=O)Nc2ccc(CC)cc2)nn1,0
CN(C)S(=O)(=O)N(CC(=O)N1CCOCC1)c1ccccc1,0
CCOC(=O)CSc1nnc(-c2ccco2)n1-c1ccc(C)cc1,0
Cc1cccc2cc(COC(=O)C3CCCO3)c(=O)[nH]c12,0
COc1ccccc1C(=O)Nc1cccc(NC(C)=O)c1,0
COc1cccc(OCc2nnc(SCC(=O)OC3CCCCC3)n2C)c1,0
COC(=O)c1[nH]c2ccccc2c1NC(=O)CN1CCCc2ccccc21,0
CC1(C)CC(=O)C(=CNCCc2ccc(O)cc2)C(=O)C1,0
COc1ccc(C(=O)Oc2c(CN3CCOCC3)cc(Cl)c3cccnc23)cc1,0
NC(=O)CSc1nnc(COc2ccccc2)n1CCc1ccccc1,0
Cc1cc(-n2c(C)cc(C(=O)CSc3nc4ccccc4c(=O)n3Cc3ccco3)c2C)no1,0
CC(C)(C)NS(=O)(=O)c1ccc(OCC(=O)Nc2ccc3c(c2)OCCO3)cc1,0
CC(C)OCCCn1c(=S)[nH]c2cc3c(cc2c1=O)OCO3,0
Cn1c(C(=O)O)c(CC(=O)Nc2ccccc2F)c2ccccc21,0
Cc1cc(NS(=O)(=O)c2ccccc2)c(C)c(Cl)c1O,0
Cc1ccc(C(=O)CN2CCC(NC(=O)C3CCCCC3)CC2)cc1,0
O=c1oc2ccccc2n1CCCCCn1c(=O)oc2ccccc21,0
COc1cc(S(=O)(=O)Nc2ncccc2C)c(OC)cc1Cl,0
CCC1Oc2ccc(C)cc2N(CC(=O)NCc2cc(OC)ccc2OC)C1=O,0
COC(=O)CN(n1cnnc1)S(=O)(=O)c1ccc(C)cc1,0
CCOCCCNC(=O)CC1Oc2ccc(C)cc2NC1=O,0
Cc1[nH]c(=O)[nH]c(=O)c1S(=O)(=O)N1CCN(c2cccc(Cl)c2)CC1,0
COC(=O)C1=C(C)NC2=C(C(=O)CCC2)C1c1coc2ccccc2c1=O,0
CC(C)CSc1nc2c(c(=O)[nH]c(=O)n2C)n1CCc1ccccc1,0
O=C(CN1CCOCC1)N(c1ccccc1)c1ccc2ccccc2c1,0
Cn1nnnc1SCC(=O)NCCc1ccc(Cl)cc1,0
Cc1ccc(NC(=O)N2CCC(O)(c3ccc(Cl)cc3)CC2)cc1,0
CCOC(=O)c1ccc(NC(=O)C23CCC(C)(C(=O)O2)C3(C)C)cc1,0
COCCOC(=O)C1=C(C)NC(=O)NC1c1ccc(Cl)cc1,0
O=C(CCSc1ccccc1)Nc1ncccn1,0
CCn1c(SCC(=O)Nc2ccccc2-c2ccccc2)nnc1-c1ccoc1C,0
Cc1ccc(C(=O)CSc2nnc(-c3cccs3)n2C)o1,0
O=C(COc1ccc(S(=O)(=O)NC2CCCCC2)cc1)NCc1ccccn1,0
COc1ccc(C(=O)Nc2ccc(Cl)cc2C(=O)NCCO)cc1,0
CCOC(=O)CCn1cc(F)c(=O)n(Cc2ccccc2)c1=O,0
Cn1c(=O)c2c(ncn2Cc2cccc(Cl)c2)n(C)c1=O,0
COc1ccc(-c2noc(CN(C)S(=O)(=O)c3ccccc3)n2)cc1OC,0
COC(=O)c1cccc(S(=O)(=O)N2CCC(NC(=O)NC34CC5CC(CC(C5)C3)C4)CC2)c1,0
Cc1nn(Cc2ccc(Cl)cc2)c(C)c1NC(=O)c1noc2c1CCCCC2,0
CC(=O)/C=C(\C)Nc1ccc(-c2cnc(-c3ccccc3)o2)cc1,0
CCCC(=O)Nc1ccc(-c2nc3cc(C)ccc3o2)cc1,0
COc1ccc(NC(=O)C2CC(=O)OC2(C)C)cc1,0
CC(=O)C1=C(c2ccccc2)NC(=O)NC1c1ccccc1OCC#N,0
CCN(CC)CCNC(=O)c1ccccc1N,0
O=C(CN1CCN(c2ccc(Cl)cc2)CC1)c1ccc2c(c1)OCO2,0
CCS(=O)(=O)NCCCc1ccccc1,0
CC(C)CNC(=O)COC(=O)c1cc(S(=O)(=O)N2CCCCC2)ccc1N1CCOCC1,0
Cc1ccc(S(=O)(=O)c2cc3c(=O)n4cccc(C)c4nc3n(CC3CCCO3)c2=N)cc1,0
COc1ccccc1CNC(=O)C1CC(=O)N(c2ccc(C)c(C)c2)C1,0
CN1CCN(CCCNC(=O)c2ccc(CSCc3cccc(Cl)c3)o2)CC1,0
CCOC(=O)C1CCCN(C(=O)C2CCN(S(=O)(=O)c3cnc[nH]3)CC2)C1,0
COc1ccc(NC(=O)C2C(=O)N(C)C3(C)CC2c2ccccc2O3)cc1,0
O=S(=O)(NCc1cccnc1)c1cccc2cccnc12,0
NC(=O)C1CC(=O)N(c2ccc(OCC(=O)Nc3cccc(C(F)(F)F)c3)cc2)C1,0
O=C(CCN1CCCCCC1)Nc1ccc(F)c(F)c1,0
Cn1c(COc2ccc(Cl)cc2)nnc1SCC(=O)NC1CCCCC1,0
CCCCC1CCC(C(=O)Nc2c(C)n(C)n(-c3ccccc3)c2=O)CC1,0
COC(=O)C1C(=O)c2c([nH]c(C(=O)OC3CCCC3C)c2C)CC1C,0
CCN(CC)CCOc1ccc(Br)cc1,0
CCn1ccc(C(=O)Nc2ccc(S(=O)(=O)Nc3ccccc3OC)cc2)n1,0
CCOC(=O)c1cccc(NC(=O)CSc2nnc(COc3ccccc3C)o2)c1,0
CC12CCC3(CO)COC(c4ccccc4O1)C2C3,0
Cc1cccc(OCCn2c(CCCO)nc3ccccc32)c1,0
O=C1Nc2ccccc2C(O)(C(=O)NCc2ccco2)N1c1ccccc1,0
Cc1ccc(-c2nn3c(-c4ccco4)nnc3c3ccccc23)cc1S(=O)(=O)N1CCOCC1,0
O=C(c1cccc(C(=O)N2CCN(Cc3ccccc3)CC2)c1)N1CCN(Cc2ccccc2)CC1,0
CCCOC(=O)CSC1=C(C#N)C(c2ccccc2OCC)C(C#N)C(=O)N1,0
Cc1ccc(S(=O)(=O)N2CCC(C(=O)NC(C(=O)NCc3ccco3)C(C)C)CC2)cc1,0
COC(=O)c1ccc(NC(=O)CSc2nnc(COc3ccccc3)n2C)cc1,0
COc1cccc2cc(C(=O)Nc3cccnc3N3CCOCC3)c(=O)oc12,0
CCOC(=O)c1cc(-c2cccs2)nc2onc(C)c12,0
COc1ccc(-n2nnnc2S(=O)(=O)Cc2ccc(C(=O)O)cc2)cc1,0
Cc1ccc(NS(=O)(=O)c2cc(C(=O)N3CCN(C)CC3)ccc2C)cc1,0
Cc1cccc(CC2CC(=O)N(C3CCCCC3)C2=O)c1,0
O=C1CCCN1CCCNc1ccc(S(=O)(=O)N2CCCCC2)cn1,0
O=C(Cn1cnc2c(oc3ccccc32)c1=O)NCc1ccco1,0
Cc1onc(-c2c(F)cccc2Cl)c1C(=O)N1CCN(S(C)(=O)=O)CC1,0
CCc1ccc(-c2nc(CN3CCC(C(=O)NCCc4ccc(OC)c(OC)c4)CC3)c(C)o2)cc1,0
COc1cccc(N2CCN(C3CC(=O)N(c4ccc(Cl)cc4)C3=O)CC2)c1,0
COC(=O)c1c(NC(=O)c2ccc(Br)o2)sc(C)c1C,0
CCOc1ccc(NC(=O)Nc2ccc3nccnc3c2)cc1,0
Cc1ccc(CCNC(=O)C2CCCN(S(=O)(=O)c3c(C)nn(C)c3C)C2)cc1,0
CC(=O)Nc1cccc(Cl)c1C(=O)O,0
COCCn1c(C2CCCCC2)nc2sc3ccccc3c(=O)c2c1=O,0
CC1CCCN(c2nc3c(c(=O)[nH]c(=O)n3C)n2CCCc2ccccc2)C1,0
CCc1cccc(NC(=O)CS(=O)Cc2nc(-c3ccc(C)cc3)oc2C)c1,0
O=c1c2ccccc2nc(-c2ccco2)n1-c1ccccn1,0
O=C(O)CCSc1nc2ccccc2n1CCOc1ccccc1,0
COCCOc1ccc(C(F)(F)F)cc1Nc1nc2ccccc2o1,0
COc1ccccc1C1N(c2ccc(Cl)cc2)C(=O)C2CCCN21,0
COc1cc2c(cc1OC)C(c1ccc(N(C)C)cc1)CC(=O)N2,0
CCc1ccc(NS(=O)(=O)c2cc(OC)ccc2OC)cc1,0
O=C(CN(c1ccc2c(c1)OCCO2)S(=O)(=O)c1ccccc1)NCC1CCCO1,0
Cc1onc(-c2ccccc2)c1C(=O)Nc1nc(-c2ccc(F)c(F)c2)cs1,0
CCN1C(=O)CSc2ccc(C(=O)NCCCN3CCOCC3)cc21,0
O=C(O)c1cccnc1SC1CC(=O)N(c2cccc(C(F)(F)F)c2)C1=O,0
O=C(NC(NCc1ccccn1)(C(F)(F)F)C(F)(F)F)c1ccco1,0
O=C(CSc1nnc(COc2ccc(F)cc2)o1)N1c2ccccc2CCc2ccccc21,0
CCOc1ccccc1C1CC(=O)Nc2cc3c(cc21)OCCO3,0
O=C(Nc1ccncc1)c1cncc(Br)c1,0
CCOC(=O)C1=C(C)NC(=O)NC1c1ccc(C)o1,0
Cn1c(=O)[nH]c(=O)c2c1nc(CN(Cc1ccccc1)Cc1ccccc1)n2CCN1CCOCC1,0
O=C(C1CCN(S(=O)(=O)N2CCC3(CC2)OCCO3)CC1)N1CCOCC1,0
CC(=O)OC1c2ccccc2C(=O)N1Cc1ccccc1Cl,0
COc1ccc(CCNC(=O)CN(c2ccccc2OC)S(C)(=O)=O)cc1,0
CC(C)=CC(=O)OCC(=O)Nc1ccc(F)cc1Cl,0
CCS(=O)(=O)N1CCN(c2cccc(C)c2C)CC1,0
Brc1ccccc1-c1nnc(COc2ncnc3c2cnn3-c2ccccc2)o1,0
CC(C)Cn1c(CCC(=O)O)ccc1-c1cccs1,0
C=CCn1c(=O)/c(=C\c2ccsc2)s/c1=C(/C#N)C(=O)NCCN1CCOCC1,0
Cc1cccc(C(=O)OCC(=O)Nc2ccc(N3CCCCC3)cc2)c1O,0
O=C1C2CC=C(Cl)CC2C(=O)N1CC1Cc2ccccc2CO1,0
CCn1cc(C(=O)OCC(=O)N(C)C2CCS(=O)(=O)C2)c(=O)c2ccc(C)nc21,0
CN1C(=O)CC(N2CCN(C(c3ccccc3)c3ccccc3)CC2)C1=O,0
COc1ccc(C)cc1S(=O)(=O)Nc1cccc(Cl)c1,0
COC(=O)C(Cc1ccc(O)cc1)NC(=O)c1ccccc1OC,0
O=C(CN1CCN(Cc2ccccc2)CC1)NC(=O)NC1CCCCC1,0
CCOC(=O)C(NC(=O)c1ccccc1OCC)(Nc1ncccn1)C(F)(F)F,0
Cc1occc1-c1nnc(SCc2cc(=O)n3cc(Br)ccc3n2)n1C,0
Cc1cc(C)c2cc(CN(CCN3CCCC3)C(=O)Nc3ccc(F)cc3)c(=O)[nH]c2c1,0
CC(C)Oc1ccccc1C1CC(=O)Nc2cc3c(cc21)OCO3,0
O=C(NCc1cccs1)c1nn2cccnc2c1Cl,0
O=C(Nc1nc2ccc(S(=O)(=O)N3CCCCC3)cc2s1)C1CCCO1,0
COC(=O)C(c1cc(OC)c(O)c(OC)c1)(N1CCNC(C)C1)C(F)(F)F,0
COc1cc(C(c2sc3ncnn3c2O)N2CCN(c3ccccc3F)CC2)cc(OC)c1OC,0
O=C(CCn1nc(-c2ccc(Cl)cc2)ccc1=O)NCc1ccccn1,0
Cn1c(=O)oc2cc(S(=O)(=O)NC(Cc3ccccc3)C(=O)N3CCCCC3)ccc21,0
O=C(Nc1cccc(-c2nc3cc(Cl)ccc3o2)c1)C1CCCO1,0
Fc1ccc(Br)cc1/C=N/n1cnnc1,0
Cc1ccccc1-c1nnc(-c2ccc(Cl)cc2)o1,0
O=C(N1CCOCC1)N1CCN(S(=O)(=O)c2ccccc2)C1,0
COc1ccc(OCC(=O)Nc2cccc(OC)c2)cc1,0
Cc1csc(NC(=O)C2CCN(C(=O)CSc3nnc(C)n3Cc3ccccc3)CC2)n1,0
COC(=O)CSc1nnc(-c2cccc(NC(=O)c3ccc(C)cc3)c2)n1C,0
COC(=O)C1=C(C)N(c2ccc(F)c(Cl)c2)C(=O)C1,0
CCC(C)NC(=O)Cn1c(=O)n(-c2ccccc2)c(=O)c2ccc(C(=O)NCc3ccco3)cc21,0
Cc1ccc(O)c(NC(=O)CCC2CCCCC2)c1,0
Cn1c(=O)c2c(SCc3cccc(C(F)(F)F)c3)nc(-c3ccco3)nc2n(C)c1=O,0
COc1cc(-c2nc(-c3ccncc3)no2)cc(OC)c1OC,0
CC(=O)c1c(C)nc(-c2ccc(Cl)cc2)nc1NC(=O)C(C)C,0
O=C(CN1CCN(Cc2ccccc2)CC1)c1ccc(Br)cc1,0
CCOc1cccc(-c2nnc3sc(COc4ccc(Cl)cc4)nn23)c1,0
CC(C)c1c(O)nc(SCc2ccccc2)[nH]c1=O,0
O=C(Nc1ccccc1C(=O)NC(Cc1c[nH]c2ccccc12)C(=O)O)c1ccco1,0
Cc1ccnc(NS(=O)(=O)c2ccc(NC=C3C(=O)CC(C)(C)CC3=O)cc2)n1,0
O=C(c1ccc(Cl)cc1)C12CN3CN(CN(C3)C1)C2,0
CCSc1nc2c(c(=O)[nH]c(=O)n2C)n1Cc1ccc(Cl)cc1,0
O=C(CSc1nc2scc(-c3ccco3)c2c(=O)n1-c1ccccc1)N1CCOCC1,0
O=C(CSc1nnc(-c2ccncc2)n1Cc1ccco1)c1ccc(Cl)cc1,0
C=CCOC(=O)C1=C(C)NC2(O)c3ccccc3C(=O)C12O,0
CSc1ncc(C(=O)O)n1-c1ccc(F)cc1,0
CC(NCCN1CCOCC1)=C1C(=O)c2ccccc2C1=O,0
O=C(NCC1CCCO1)Nc1cccc(Cl)c1,0
Cc1noc(C)c1C(=O)Nc1sc(C)c(-c2ccccc2)c1C#N,0
Cc1cc(N2C(=O)CC(N3CCN(c4ccc(C(=O)c5cccs5)cc4)CC3)C2=O)no1,0
Cc1cc(Cl)c(S(=O)(=O)NCc2ccncc2)cc1OCC(N)=O,0
CCCN1CCN(C(=O)CN2C(=O)CC(C)(C)S(=O)(=O)c3ccccc32)CC1,0
Cc1c(C)[n+](=O)c(-c2cccs2)c(C)n1[O-],0
COC(=O)c1cc(Cl)c(NS(=O)(=O)c2ccccc2)cc1OC,0
Cc1cc(C)nc(Nc2n[nH]c(COc3ccc(Cl)cc3)n2)n1,0
O=C(Oc1ccc2c(c1)OCO2)c1cc2c(s1)CCC2,0
O=C(CN1C(=O)c2ccccc2S1(=O)=O)NC1CCCC1,0
Cn1c(=O)c2c(nc(Br)n2Cc2c(F)cccc2Cl)n(C)c1=O,0
COCc1cc(CN2CCCC2)c(O)c2ncccc12,0
Cc1cc(C)nc(NC(=O)c2cccc(Cl)c2)n1,0
COc1ccc(F)cc1S(=O)(=O)n1cc(C)nc1-c1ccccc1,0
CCOC(=O)C1CCN(C(=O)CN(c2cccc(C(F)(F)F)c2)S(C)(=O)=O)CC1,0
CCOc1ccccc1N1CCN(Cc2cccc(OC)c2OC)CC1,0
CCc1ccccc1N1CCN(S(=O)(=O)c2ccc(F)c(C)c2)CC1,0
COC(=O)c1ccccc1NC(=O)c1ccccc1OC,0
CCCCOc1nc2ccccc2nc1C(C#N)S(=O)(=O)c1ccccc1,0
COc1ccc(OC)c(-c2nnc(SCC(=O)NC3CCCCC3)o2)c1,0
CC1CCCCN1C(=O)c1ccccc1NC(=O)c1ccco1,0
COC(=O)CNC(=O)c1c(-c2ccccc2Cl)noc1C,0
N#Cc1ccccc1Sc1ccccc1C(=O)N1CCOCC1,0
CN(C)c1ccc(NC(=O)c2ccc(COc3cccc(Cl)c3)o2)cc1,0
CCOC(=O)Cn1nnnc1CN(Cc1ccc(OC)cc1)Cc1cc2cc(CC)ccc2[nH]c1=O,0
Cc1ccc(C)c(NC(=O)Cn2nnc(C(=O)Nc3c(C)cccc3C)c2N)c1,0
Cc1ccc(Cl)c(OCC(=O)Nc2ccc3c(c2)OCCO3)c1,0
COc1ccc(OC)c(NC(=O)C2CCN(c3cc(-c4ccccc4)nc4ncnn34)CC2)c1,0
CCCOC(=O)Nc1cc(OC)c(Cl)cc1OC,0
CCOC(=O)c1sc(N)nc1-c1ccccc1,0
COc1cc(NC2=CC(=O)CC(C)(C)C2)cc(OC)c1OC,0
COc1cc(CC(=O)Nc2ccc(S(=O)(=O)Nc3ncccn3)cc2)cc(OC)c1OC,0
O=C1CN(c2ccccc2Cl)C(=O)CN1c1ccccc1Cl,0
Cc1nn(Cc2ccccc2Cl)c(C)c1C(=O)Nc1nnc(C2CC2)s1,0
COc1cc2nc(-c3ccc(Br)o3)oc(=O)c2cc1OC,0
O=S(=O)(c1cccc(S(=O)(=O)N2CCC(N3CCCCC3)CC2)c1)N1CCOCC1,0
CCOc1ccc(Cl)cc1S(=O)(=O)N1CCCC1,0
CC1CCN(S(=O)(=O)c2ccc(-c3nnc(SCc4cccnc4)o3)cc2)CC1,0
CC(=O)Nc1nnc(-c2ccc3c(c2)CCCC3)o1,0
CC(=O)N(Cc1cccs1)C1CCOC(C)(C)C1,0
N#Cc1nc(-c2ccccc2Cl)oc1NCC1CCCO1,0
Cc1ccc2nc(NC3=NCN(Cc4ccccc4)CN3)nc(C)c2c1,0
CCOC(=O)C(C)Sc1nc2c(c(=O)[nH]c(=O)n2C)n1CCc1ccccc1,0
CCC(=O)Nc1cc(C(F)(F)F)ccc1N1CCOCC1,0
O=C(Oc1ccc(Cl)c2cccnc12)N1CCCCC1,0
O=C(CSc1nnnn1-c1ccccc1)c1cc2ccccc2oc1=O,0
CCCOC(=O)c1ccc(OCC(O)Cn2c(C)nc3ccccc32)cc1,0
CCCCn1c(CCNC(=O)c2cccs2)nc2ccccc21,0
CCCCOc1ccc(C(=O)NCc2ccccn2)cc1,0
CCN(CC)S(=O)(=O)c1ccc(NC(=O)Cn2cnc3ccccc3c2=O)cc1,0
Cn1c(CCN2CCN(c3ccccc3)CC2)nc2cc(NC(=O)c3ccco3)ccc21,1
CCc1ccccc1NC(=O)CSc1nnc(C2CCCN2C(=O)OC(C)(C)C)o1,0
COc1ccc(OCc2nnc3n2N=C(c2ccc(Br)cc2)CS3)cc1,0
CC1CCCCN1C(=O)CSc1ccc(-c2ccc(F)cc2)nn1,0
Cn1cnnc1SCC(=O)c1cc2ccccc2oc1=O,0
Cc1nnc(Nc2ccc(C(=O)N3CCOCC3)cc2)c2ccccc12,0
N#Cc1ccc(NC(=O)COC(=O)C2=COCCO2)cc1,0
COCCCNc1oc(COc2ccc(Cl)cc2Cl)nc1C#N,0
Cc1ccc(C)c(NC2=NS(=O)(=O)c3ccccc32)c1,0
CCOC(=O)C1CCCN(C(=O)C2CCN(S(=O)(=O)CC)CC2)C1,0
CC(=O)c1ccc(N2CCN(C(=O)C3CCCN(S(=O)(=O)c4cnc[nH]4)C3)CC2)cc1,0
CCOC(=O)c1c(C)[nH]c(C(=O)Cn2nnc(-c3ccccc3)n2)c1C,0
Cc1cc(C)c(OCC(=O)Nc2cccc(O)c2)cc1C,0
Nc1n[nH]c2c1C1(CCCCC1)Cc1ccccc1-2,0
O=C(CN1C(=O)CCS(=O)(=O)c2ccccc21)NCc1ccc(F)cc1,0
COc1ccc(OC(C)C(=O)Nc2cccc(OC)c2)cc1,0
CCOC(=O)Nc1ccc(S(=O)(=O)Nc2nccc(C)n2)cc1,0
O=C(COC(=O)c1cnccn1)c1ccc(Br)cc1,0
COc1ccc(C2=NOC(C(=O)Nc3cc(Br)ccc3O)C2)cc1OC,0
COc1ccc(Cl)cc1S(=O)(=O)N1CCN(C)CC1,0
Cc1c(C(Nc2ccccn2)c2ccccc2)c(=O)n(-c2ccccc2)n1C,0
COc1ccccc1NC(=O)CSc1nnc(Cc2ccccc2)o1,0
CCCC(=O)Nc1nnc(-c2cccc(OCC)c2)s1,0
COc1cc(Cl)c(C)cc1NC(=O)COC(=O)c1cnc(C)cn1,0
COc1ccc(NC(=O)Nc2cc(C)ccc2OC)cc1,0
COc1ccc(CN(Cc2cc3ccc(C)cc3[nH]c2=O)Cc2nnnn2C2CCCC2)cc1,0
CCCc1nc2sc3c(SCC(=O)NCc4ccco4)ncnc3c2c2c1CCC2,0
COc1ccc(NC(=O)c2ocnc2C)cc1OC,0
CCn1c(COc2cccc(C)c2)nnc1SCC(=O)Nc1cccc(C(=O)O)c1,0
Cc1ccccc1-n1c(Cn2c(=O)sc3ccccc32)nnc1SCC(=O)N1CCC(C)CC1,0
CCOC(=O)N1CCN(C(=O)c2ccc(NS(C)(=O)=O)cc2)CC1,0
Cc1ccc(-c2cn3cccnc3n2)cc1NC(=O)c1ccc(Br)o1,0
Nc1nc2c(c3c1c(=O)oc1ccccc13)CCCCC2,0
CCOC(=O)NC(=O)CSc1nnnn1-c1ccccc1,0
COc1ccc(N2CCN(c3oc(COc4ccccc4)nc3C#N)CC2)cc1,0
CC1=C(C#N)C(Nc2cccc(C)n2)(C(F)(F)F)C(=O)N1,0
Cc1cc(NC(=O)CSc2nnc(-c3ccncc3)n2N)ccc1Br,0
O=C(c1ccc2snnc2c1)N1CCCC1,0
Cc1nc2ncnn2c(C)c1CCC(=O)NCc1ccccc1,0
Cc1cc(=O)nc(SCC(=O)N2CCCCCC2)[nH]1,0
Cc1ccccc1Cn1cc(NC(=O)c2cc(-c3cccs3)on2)cn1,0
CC(=O)NC(Cc1ccc(C(C)C)cc1)C(=O)NC1CCN(c2nc(C)cc(C)n2)CC1,0
O=C(O)CCC(NC(=O)OCc1ccccc1)C(=O)O,0
CCS(=O)(=O)N1CCN(C(=O)c2ccc(-c3ccccc3)cc2)CC1,0
Cc1cccc(COc2ccc(/C(O)=C3\C(=O)C(=O)N(CCN(C)C)C3c3ccncc3)cc2)c1,0
COC(=O)CSc1nnc(-c2ccccn2)n1Cc1ccco1,0
Cc1cccc(-c2nc(CS(=O)CC(=O)NCC3CCCO3)c(C)o2)c1,0
COc1ccc(CCNC(=O)CCSc2nc(-c3ccco3)cc(C(F)(F)F)n2)cc1OC,0
Clc1ccccc1CSc1ncccn1,0
Cc1ccc(C)n1NC(=O)c1cccs1,0
O=C(Nc1ccc2oc(Cc3ccc(Cl)cc3)nc2c1)c1cccnc1,0
Cc1cnc(NC(=O)c2c(O)n3c4c(cccc4c2=O)CCC3)s1,0
CCCN1C(=O)NC2(O)C(=O)c3ccccc3C12O,0
Cc1ccc(-c2noc(CCC(=O)NCC3CCN(Cc4cccc(C)c4)CC3)n2)cc1,0
Cc1ccc(OCCn2c(CCCO)nc3ccccc32)cc1,0
CCOc1nc2c(c(=O)n(C)c(=O)n2C)n1Cc1ccccc1Cl,0
Cc1sc(NC(=O)c2ccco2)c(CN2CCN(c3ccccn3)CC2)c1C,0
O=C(c1ccccc1F)N(Cc1ccccc1)C1CCS(=O)(=O)C1,0
COc1ccc(C(=O)Nc2ccccc2C(=O)NCCN2CCOCC2)cc1,0
Cc1nn(Cc2ccccc2)c(C)c1NC(=O)c1cc(-c2ccc3c(c2)OCO3)on1,0
Cc1cc(OC(=O)N2CCCCC2)cc(C)c1Cl,0
Cc1noc(C)c1COC(=O)c1cccc(S(=O)(=O)N2CCCCCC2)c1,0
CCOC(=O)c1[nH]c2cc(OC)c(OC)cc2c1NC(=O)CN(C)C1CCCCC1,0
O=C(O)CCc1ccc(-c2ccccc2)n1CC(=O)O,0
CCC(=O)N1CCc2cc(S(=O)(=O)NC(C(=O)NCc3ccccc3)C(C)C)ccc21,0
Cc1ccc(-n2nnc3c(=O)n(CC(=O)OCc4ccccc4)cnc32)cc1,0
COc1cccc(-c2nc(=S)c3c(n2CCCO)CCCC3)c1,0
CCC(C)N(CC(=O)NCc1ccc(OC)cc1)C(=O)c1csnn1,0
COc1ccc(OC)c(S(=O)(=O)N2CCC(C(=O)Nc3ccc(C)c(C)c3)CC2)c1,0
CCCC(=O)Nc1cccc(NC(=O)c2ccc3c(c2)OCCO3)c1,0
COC(=O)Nc1cc(C(F)(F)F)ccc1N1CCN(c2ccccc2)CC1,0
COc1ccc(-c2onc3ccc(Cl)cc23)cc1OC,0
COc1ccc(C(=O)/C=C(\N)C(F)(F)F)c(O)c1,0
CCOCCc1nnc(NC(=O)Cc2ccccc2)s1,0
CN1CCN(S(=O)(=O)c2ccc(-c3noc(C4CCN(S(C)(=O)=O)CC4)n3)cc2)CC1,0
COc1ccccc1NC(=O)N1CCCC(c2nc3n(Cc4ccc(C)cc4)[nH]nc-3c(=O)n2)C1,0
Nc1cccc2c1C(=O)N(C(=O)c1ccc(S(=O)(=O)N3CCCCCC3)cc1)C2=O,0
Nc1nc2ccc(C(=O)Nc3ccccc3)cc2s1,0
O=C(O)CCc1ccc(-c2ccc(F)cc2)n1NC(=O)c1ccco1,0
CC(C)CNC(=O)C1CCN(c2ccc(S(=O)(=O)N3CCOCC3)cc2)CC1,0
O=C(NCc1ccccn1)c1cc(S(=O)(=O)N2CCN(c3ccccc3)CC2)ccc1Cl,0
COC(=O)c1ccccc1NC(=O)C(C)Oc1ccccc1,0
C=CCNc1nnc(SC2CC(=O)N(c3ccc(OC)cc3)C2=O)s1,0
Cc1sc2ncn(-n3c(C)ccc3C)c(=O)c2c1C,0
CCC(=O)Nc1ccc2oc(-c3ccccc3Br)nc2c1,0
COc1ccc(CCNC(=O)COc2ccc(S(=O)(=O)N3CCOCC3)cc2)cc1OC,0
O=C(CN1C(=O)CCC1=O)Nc1nc(-c2nc3ccccc3s2)cs1,0
O=C(CSc1nc(=O)c2ccccc2[nH]1)N1CCOCC1,0
CCOc1ccc(S(=O)(=O)N2CCN(Cc3ccccc3)CC2)c2cccnc12,0
Cc1ccc(CNC(=O)C2CCN(S(=O)(=O)N3CCOCC3)CC2)cc1,0
CC(C)(O)C1=NOC(c2ccccc2)C1,0
Cc1ccc2c(c1)C1CN(C)CCC1N2C(=O)Nc1cccc(C(F)(F)F)c1,0
CCS(=O)(=O)N1CCC(C(=O)NCC2CCCO2)CC1,0
O=C(Nc1cccs1)Nc1ccccc1Cl,0
Cc1csc(NC(=O)CSc2nnc(Cc3cccn3C)n2-c2ccc(F)cc2)n1,0
O=C(O)Cn1nc(C(F)(F)F)c2c1CCC2,0
CCOC(=O)C1C(=O)C=C(N2CCOCC2)CC1c1cccc(OC)c1,0
O=C(Nc1cc(C(F)(F)F)ccc1N1CCCCC1)c1ccco1,0
Cc1noc(C(=O)Nc2ccccc2C(F)(F)F)c1Cl,0
Cc1cccc(N2CCN(S(=O)(=O)c3ccc4c(c3)c(=O)n(C)c(=O)n4C)CC2C)c1,0
COc1cccc(-n2ccnc2SCC(=O)Nc2cc(OC)ccc2OC)c1,0
CCOc1ccc(C2C(C(=O)c3ccco3)=C(O)C(=O)N2CCCn2ccnc2)cc1,0
Cn1cc(S(=O)(=O)CC(=O)Nc2ccc(Br)cc2)c2ccccc21,0
NC(=O)c1ccccc1/N=C/c1ccccn1,0
CC(C(=O)NC(=O)NC1CCCCC1)N1CCN(c2ccccn2)CC1,0
CCOC(=O)C(O)(c1ccc(N(CC)C(=O)OC)cc1)C(F)(F)F,0
COc1ccc(C(=O)Nc2cc(OC)cc(OC)c2)cc1,0
CCn1c(SCC(=O)NCc2ccc3c(c2)OCO3)nnc1-c1cccs1,0
COc1cc(Br)c(CC(=O)O)cc1OC,0
Cn1c(NC(=O)Cc2cccs2)cc(=O)n(C)c1=O,0
O=C(C1CCC1)N1CCc2cc(S(=O)(=O)N3CCc4ccccc4C3)ccc21,0
COc1ccccc1-c1coc2c(CN3CCN(CCO)CC3)c(O)ccc2c1=O,0
Cc1noc(NS(=O)(=O)c2ccc(NC(=O)CSc3n[nH]c(-c4ccccc4)n3)cc2)c1C,0
CCOC(=O)C1=C(C)NC(C)=C(C(=O)OCC)C1c1cc(N)ccc1OC(F)F,0
C=CCN(CC=C)C(=O)C1CCC(C(=O)N(CC=C)CC=C)CC1,0
CNc1oc(-c2ccc(Cl)cc2)nc1C#N,0
CCc1nc(SCc2cc(Cl)ccc2OC)n[nH]1,0
Cc1ccc(O)c(NC(=O)C2CC(c3c(F)cccc3Cl)=NO2)c1,0
O=C(NCc1cccnc1)C1CCCN(S(=O)(=O)c2ccc(Cl)cc2)C1,0
Cc1ccc(C)c(OCCCC(=O)O)c1,0
CCOc1ccccc1N1CCN(Cc2ccc(Br)s2)CC1,0
O=C(CSc1nnc(-c2cccnc2)n1Cc1ccco1)Nc1nc(-c2ccc(F)cc2)cs1,0
Cc1cc(Cl)c(S(=O)(=O)Nc2ccon2)cc1OCC(=O)NC1CCCCC1,0
COc1ccccc1-c1nc(C#N)c(N2CCN(c3cccc(Cl)c3)CC2)o1,0
Clc1ccccc1Cn1nnc(-c2cccs2)n1,0
CCC(=O)N1c2ccccc2NC2=C(C(=O)CCC2)C1c1ccc(N(C)C)cc1,0
COCCNC(=O)CN(c1cc(Cl)ccc1OC)S(C)(=O)=O,0
CCOC(=O)C1=C(Cn2ccc(C(F)(F)F)n2)NC(=O)NC1c1ccc2c(c1)OCO2,0
CC1(C(=O)O)CCC(C(=O)NC2CCCCCC2)C1(C)C,0
CNC(=O)CSc1nnc(CCc2ccccc2)n1-c1ccccc1,0
CCOC(=O)N1CCN(C(=O)Cc2ccsc2)CC1,0
COCCCNC(=O)CN(Cc1ccc(Cl)cc1)S(C)(=O)=O,0
CCOc1ccc(OCC)c(NC(=O)CN(C)S(=O)(=O)c2cnc[nH]2)c1,0
O=C(Nc1ccc(N2CCOCC2)cc1)C1CCN(S(=O)(=O)Cc2ccccc2)CC1,0
Cc1ccc(CN(CC(=O)NCCc2ccccc2)C(=O)CCCC(=O)Nc2cc(C)on2)cc1,0
c1ccc(-c2nnc3sc(CN4CCC5(CC4)OCCO5)cn23)cc1,0
Cc1ccc(NC(=O)c2ocnc2C)cc1Cl,0
Cc1cccc2cc(CN(Cc3ccco3)C(=O)NC3CCCCC3)c(=O)[nH]c12,0
CCC1CCCCN1C(=O)Nc1ccc(F)cc1,0
CCOc1ccc(NC(=O)C2CCN(C(=O)NCc3ccccc3)CC2)cc1,0
CCS(=O)(=O)N1CCC(C(=O)NCCCN2CCC(Cc3ccccc3)CC2)CC1,0
Cc1[nH]nc2c1-c1nc3ccccc3nc1C(C)(C)C2,0
C=CCn1c(CC(=O)Nc2cccc(OC)c2)nnc1SCC(=O)NC1CCCCC1,0
Cc1cc2nn(-c3ccccc3)nc2cc1NC(=O)c1cccs1,0
C=CCn1cc(C(=O)NCCOC)c(=O)c2cc(S(=O)(=O)N(CC)CC)ccc21,0
Cc1cccc(NC(=O)CCN2C(=O)C3C4C=CC(C4)C3C2=O)n1,0
O=C(NCCOc1ccccc1)c1n[nH]c(=O)c2ccccc12,0
Cc1cc2oc(C(=O)Nc3cccnc3)c(C)c2cc1C,0
CC1(C)CC(=O)C=C(NCC2CCCO2)C1,0
Cc1cc(C)n(C2=NS(=O)(=O)c3ccccc32)n1,0
CC(C)n1c(SCC(=O)N2c3ccccc3Sc3ccccc32)nc2c1c(=O)n(C)c(=O)n2C,0
N#Cc1nc(-c2ccc(Cl)cc2)oc1NCCc1ccccn1,0
CC(=O)N1CCN(CCNC=C2C(=O)CC(c3ccc(Cl)cc3)CC2=O)CC1,0
CC(C)C(=O)Nc1cccc(NC(=O)c2cc3ccccc3o2)c1,0
COc1ccc(-c2cc(C(=O)N3CCN(C(c4ccccc4)c4ccccc4)CC3)no2)cc1,0
CCOc1ccc(C2CC(c3cccc(OC)c3)N3NC(N)=NC3=N2)cc1,0
Cc1n[nH]c(=O)nc1NCc1ccc(Cl)cc1,0
CCC(C)(C)NC(=O)C(c1cccn1C)N(C(=O)Cn1nnc2ccccc21)c1ccc(OC)cc1,0
O=C1NC(CCc2ccccc2)C(=O)N1Cc1nnc(-c2ccccc2Br)o1,0
CN(CCNC(=O)CN1CCN(Cc2ccccc2Cl)C1=O)Cc1ccccc1,0
Cc1c(C(O)CN2CCN(Cc3ccc4c(c3)OCO4)CC2)c2ccccc2n1C,0
O=C(c1cc2ccccn2n1)N1CCN(c2cccc(C(F)(F)F)c2)CC1,0
COc1ccc2[nH]cc(C(=O)N3CCCCC3)c(=O)c2c1,0
O=C(O)CCc1ccc(-c2ccc(Br)cc2)n1Cc1ccco1,0
O=C(Nc1ccccc1)NC1(C(=O)N2CCN(c3ncccn3)CC2)CCCCC1,0
N#Cc1nc(Cc2cccc3ccccc23)oc1NCCCn1ccnc1,0
CC(CC(=O)O)NCC1COc2ccccc2O1,0
N#Cc1c(N2C(=O)C3C(CCC(=O)O)NC4(C(=O)Nc5ccccc54)C3C2=O)sc2c1CCCC2,0
Cc1ccc(C)c(N2CCN(c3ncnc4c3cnn4-c3ccccc3)CC2)c1,0
COc1ccc(C(=O)Nn2c(SCC(=O)NCc3ccco3)nc3ccccc3c2=O)cc1,0
CCOc1ccc(NC(=O)C2CC(=O)NC(N3CCc4ccccc43)=N2)cc1,0
C/C(Cl)=C/Cn1c(SC(C)C)nc2c1c(=O)[nH]c(=O)n2C,0
CN1C(=O)N(C)C(NC(=O)Nc2ccccc2)C1NC(=O)Nc1ccccc1,0
CC(=O)NCC(=O)OCC(=O)c1ccc(C)c(C)c1,0
Cc1c(Cl)cccc1N1CC(C(=O)Nc2nccs2)CC1=O,0
COc1ccc(S(=O)(=O)Nc2cccc(Cl)c2)cc1OC,0
O=C(NCc1ccccn1)c1coc(=O)c(Br)c1,0
O=C(Nc1cccnc1)c1c(O)n(Cc2ccccc2)c2c(c1=O)CCCC2,0
Cc1ccc(NC(=O)NCCCN2CCOCC2)cc1,0
CC1=C(C(=O)OCc2ccccc2)C(c2ccoc2)C(C#N)=C(N)O1,0
CCC1(C)Cc2c(sc3c2c(=O)n(C)c2nnc(SCC(=O)c4ccccc4)n32)CO1,0
O=C(COC(=O)c1ccco1)Nc1cccc(Br)c1,0
CCCn1nnc(NC(=O)c2ccccc2Br)n1,0
O=C(CCCn1c(=O)oc2ccccc21)N1CCc2ccccc2C1,0
Cc1ccc(S(=O)(=O)N(C)Cc2nc(-c3cccnc3)no2)cc1,0
Cc1ccc2cc(CCNC(=O)c3ccco3)c(=O)[nH]c2c1,0
Cc1ccc(C)c(C(=O)CC2(O)C(=O)N(C)c3ccccc32)c1,0
ON1C2CCCCC2N(O)C1c1c(F)c(F)c(F)c(F)c1F,0
CCN(CCO)Cc1cc(=O)oc2c(C)c(C)ccc12,0
COc1ccc(OCC(=O)Nc2cccc3cccnc23)cc1,0
CCOC(=O)c1cnn(-c2nc3sc4c(c3c(=O)[nH]2)CCCC4)c1N,0
Cc1cc(NC(=O)CCc2ccc(S(=O)(=O)N3CCOCC3)cc2)n(-c2ccccc2)n1,0
CC(=O)c1ccc(OCCCC(=O)OCc2nnc(-c3ccc(Cl)cc3)o2)cc1,0
CC(C)c1cc(C(=O)Nc2cccnc2)no1,0
COc1ccccc1NC(=O)Cc1noc(CN(C)Cc2cccs2)n1,0
O=C(NC1CC2CCCC(C1)N2Cc1ccco1)NC12CC3CC(CC(C3)C1)C2,0
Cn1cnc2cc(NC(=O)c3ccco3)ccc21,0
COc1ccccc1C(=O)NCCn1cc(SCC(=O)Nc2nnc(C)s2)c2ccccc21,0
Cc1[nH]c2ccccc2c(=O)c1CN1CCCCC1,0
Cn1c(=O)cc(SCC(=O)N2CCCC2)c2ccccc21,0
COc1ccc(C(=O)Nc2oc(-c3ccccc3)c(-c3ccccc3)c2C#N)cc1OC,0
Cc1[nH]n2c(=O)cc(C(C)(C)C)nc2c1-c1ccccc1,0
Cc1ccc(S(=O)(=O)CCc2nc3ccccc3n2CCC#N)cc1,0
COCCCn1c(SCC(=O)Nc2cccc(C(=O)OC)c2)nnc1-c1ccncc1,0
CCOc1ccc(Nc2oc(Cc3ccccc3)nc2C#N)cc1,0
COc1ccc(CNc2oc(-c3cccc4ccccc34)nc2C#N)cc1,0
CCOC(=O)c1c(C)[nH]c(C)c1C(=O)CSc1nnc(-c2ccco2)n1Cc1ccccc1,0
CCC1(c2cccc(Cl)c2)NC(=O)N(Cc2cc(C(=O)OC)c(C)o2)C1=O,0
Cc1cc(C(=O)NC(C)c2ccncc2)no1,0
CC1(C(=O)O)CCC(C(=O)NCCc2ccccc2)C1(C)C,0
CCOC(=O)c1ccccc1NC(=O)c1c(F)c(F)c(F)c(F)c1F,0
O=C(COc1ncnc2ccccc12)N1CCN(C(=O)c2ccco2)CC1,0
COc1cc(NC(=O)CSc2nc(C)cs2)cc(OC)c1,0
Cc1nc(S(=O)(=O)N(C)c2ccccc2)c(C#N)c(C)c1Cl,0
CCOC(=O)N1CCC(NC(=O)CCc2c(C)nc3c(c(C)nn3-c3ccccc3)c2C)CC1,0
COc1ccccc1N1CCN(C(=O)CCc2ccc(S(=O)(=O)NC(C)C)cc2)CC1,0
CCCNC(=O)c1cccc(Cn2nc(C)c(Br)c2C)c1,0
COc1cc(C2C(C#N)=C(N)OC3=C2C(=O)CCC3)ccc1OC(=O)N1CCOCC1,0
CCCCN(CC)C(=O)c1cccc(Cl)c1,0
CCc1nnc(NC(=O)CSc2nnc(-c3cccnc3)n2CCc2ccccc2)s1,0
CCOC(=O)c1c(NC(=O)CSc2nnc(-c3cccnc3)o2)sc(C)c1C,0
COc1cc(C2N3CC4(C)CN2CC(C)(C3)C4)ccc1O,0
CCc1ccc(NC(=O)N(CCCOC(C)C)C2CCN(C(C)=O)CC2)cc1,0
COc1ccc(OC)c(NC(=O)C2C3C=CC(C3)C2C(=O)NCc2ccccn2)c1,0
O=c1cc(-c2ccccc2)[nH]c2[nH]n(-c3ccccc3)c(=O)c12,0
O=C(NCc1ccccn1)c1cc2cc(Br)ccc2oc1=O,0
COc1ccc(-c2nn3c(-c4ccccn4)nnc3s2)cc1OC,0
CC1CCN(c2oc(-c3ccccc3Cl)nc2C#N)CC1,0
Cc1onc(COc2ccccc2O)c1Br,0
O=C(CCCCCn1c(SCc2ccncc2)nc2ccccc2c1=O)NCc1ccco1,0
COc1ccc(-c2noc(CCC(=O)NCCN(C)Cc3ccccc3)n2)cc1,0
CCN(CC)S(=O)(=O)c1cccc(-c2nnc(C(=O)c3ccc(C(F)(F)F)cc3)o2)c1,0
OC(COc1ccc2cc(Br)ccc2c1)CN1CCCC1,0
COc1ccc(CNc2oc(COc3ccccc3Cl)nc2C#N)cc1,0
Cc1ccc2c(c1)N(CC(=O)c1cccc(Cl)c1)C(=O)C(C)O2,0
CCN1CCN(S(=O)(=O)Cc2ccccc2)CC1,0
Cc1nnc(NC(=O)Nc2cccc(Cl)c2)s1,0
Nc1nc(N2CCCCC2)nc(N(c2ccccc2)c2ccccc2)n1,0
Cn1c(=O)c(C(=S)NC(=O)C2CC2)c(N)n(Cc2ccccc2)c1=O,0
Cc1nc2ccccc2cc1C(=O)NCc1ccco1,0
COc1ccc2c(c1OC)C(=O)OC2Nc1ccccc1S(=O)(=O)C(F)F,0
CC1=CC(C)(C)Nc2ccc(OC(=O)c3ccco3)cc21,0
COc1ccc(NC(=O)C2Cc3ccccc3C(=O)O2)cc1,0
CCc1ccccc1NC(=O)CN(C)C(=O)CN1C(=O)NC2(CCCCCC2)C1=O,0
O=C(Nc1ccc2c(c1)OCO2)c1cccc(S(=O)(=O)N2CCCC2)c1,0
CNc1ccc(OC(F)F)cc1C(=O)c1ccccc1,0
Cc1onc(-c2ccccc2Cl)c1C(N)=O,0
CC(=O)c1coc2ccc(OCCN3CCCCC3)cc12,0
CCn1c(SCC(=O)Nc2ccc(Cl)cc2)nnc1C1CC1,0
CC1(C)Cc2c(C#N)c(N3CCN(C(=O)c4ccccc4)CC3)nc(-c3ccco3)c2CS1,0
O=C(CCc1ccccc1)Nc1ccncc1,0
CCOC(=O)N(C)c1ccc(C(O)(C(F)(F)F)C(F)(F)F)cc1,0
COc1ccc(C(=O)CSc2nnnn2Cc2ccccc2)cc1,0
Cc1cccc(C)c1NC(=O)C(c1ccccc1)N1CCN(C(=O)c2ccco2)CC1,0
CCOc1ncccc1C(=O)Nc1ccc(Cl)cc1,0
Cc1oc(-c2ccc(Cl)cc2)nc1CN1CCC(C(=O)NCc2cccnc2)CC1,0
Cc1ccc2cccc(SCC(=O)NCc3ccco3)c2n1,0
O=C(Nc1cccc2cccnc12)c1ccc(Br)o1,0
COc1ccc(C(=O)Cn2nnc(-c3ccccc3NC(=O)c3ccco3)n2)cc1,0
COc1ccc(OC)c(NC(=O)C2CC(C)=C(C)CC2C(=O)O)c1,0
Cc1ccc(-n2nc(C)c3c2OC(N)=C(C#N)C3c2ccco2)cc1,0
CCOC(=O)c1sc(NC(C)=O)c(C(=O)OCC)c1C,0
CN1CCN(C(=O)c2ccc(S(=O)(=O)c3ccc(Br)cc3)cc2)CC1,0
O=C(Nc1nnc(-c2ccccc2)o1)c1ccc(Cl)cc1,0
O=C(c1ccc(Cl)cc1)N1CCC(c2nc(-c3cccs3)no2)CC1,0
NS(=O)(=O)c1ccc(CNC(=O)c2ccc(Br)o2)cc1,0
COC(=O)c1[nH]c2ccccc2c1NC(=O)CN1CCN(c2cccc(Cl)c2)CC1,0
CCCn1c(C(O)c2ccc(OCC)cc2)nc2ccccc21,0
c1ccc(Cn2nnc3c(Nc4ccc5c(c4)OCO5)nc(C4CC4)nc32)cc1,0
CSc1nc(C)c(Oc2ccccc2)c(=O)n1C,0
O=S(=O)(NCc1ccccc1)c1ccc2c(c1)OCCO2,0
CN1CCN(C(=O)c2ccccc2NC(=O)CCN2C(=O)c3ccccc3C2=O)CC1,0
COc1ccc(CN2CC3CC(C2)c2cccc(=O)n2C3)cc1OC,0
COc1ccccc1OCc1nc(Cc2ccc(Cl)cc2)no1,0
Clc1ccc(OCc2nc(-c3ccccn3)n[nH]2)cc1,0
Cc1cc(C)nc(N2CCC(C(=O)Nc3ccc4c(c3)CCC4)CC2)n1,0
COc1ccc(N(CC(=O)Nc2nccs2)S(=O)(=O)c2c(C)nn(C)c2C)cc1,0
CCOc1ccc(-n2c(Cc3ccccc3)nnc2SCc2c(C)noc2C)cc1,0
O=C1NC(=O)C2(CCc3ccccc32)N1,0
CNC(=O)CSc1nnc(-c2ccc(S(=O)(=O)N3CCCC3)cc2)n1-c1cccc(C)c1C,0
COc1cccc2cc(-c3nnc(SCC(=O)NCc4ccccc4)n3C)oc12,0
CCOC(=O)C1CCN(CCC(=O)Nc2cccc(Cl)c2)CC1,0
O=C(NCc1ccco1)c1cc(-c2ccc(Cl)cc2)on1,0
Cc1onc(-c2ccccc2)c1C(=O)Nc1sc2c(c1C#N)CCC2,0
O=C1CN2C(=Nc3ccc(Cl)cc3C2c2ccccc2)CN1,0
Cc1c(Cl)cccc1NC(=O)CCN1CCCCCC1,0
CC(C(=O)N1CCCCC1)n1ncn2cccc2c1=O,0
O=C(CSc1nc2ccccc2[nH]1)c1ccc2c(c1)OCO2,0
Cc1ccccc1OC(=O)CCC(=O)OCCCC(F)(F)C(F)(F)F,0
Cc1cc(N(C)C)cc(C)[n+]1[O-],0
CC(C)CC(NC(=O)NCc1ccccc1Cl)C(=O)O,0
COc1ccc(NC(=O)C2C(=O)NC3(C)CC2c2ccccc2O3)cc1,0
CCOc1cccc(C(=O)Nc2ccccc2OC(F)F)c1,0
CCN1CCN(C(=O)c2nn(-c3ccc(C)cc3)c(=O)c3c2c2ccccc2n3C)CC1,0
Cc1n[nH]c(SCC(=O)NCc2ccc(Cl)cc2)nc1=O,0
O=C(COc1ccccc1Cl)NCc1ccncc1,0
CCOC(=O)c1c(NC(=O)c2ccc(Br)o2)sc(C)c1CC,0
COC(=O)C1C(=O)/C(=C/NC2CCCCC2)C(=O)CC1(C)C,0
Cc1cccn2cc(CCNS(=O)(=O)c3ccc4c(c3)OCCO4)nc12,0
CC(C)c1cc(NCCCN2CCOCC2)n2c(nc3ccccc32)c1C#N,0
Cc1cc(C(=O)Nc2ccc(S(=O)(=O)Nc3onc(C)c3C)cc2)c(C)o1,0
CCOC(=O)CCSc1nc2c(c(C(F)(F)F)c1C#N)CCC2,0
O=C(O)c1ccccc1-c1ccc(/C=c2\sc3nc4cc(Br)cnc4n3c2=O)o1,0
COC(=O)c1c(NC(=O)CN2CCC(C)CC2)c2c(C)cccc2n1C,0
CCOc1ccc(NC(=O)N2CCN(c3nc4ccccc4s3)CC2)cc1,0
Cc1ccc(-c2cc(C(=O)Nc3cnn(C45CC6CC(CC(C6)C4)C5)c3)no2)cc1,0
COc1ccc(S(=O)(=O)Nc2cccc(C)n2)c2ccccc12,0
O=C(CSc1nc2ccccc2nc1SCC(=O)N1CCCCC1)N1CCCCC1,0
CCCCCn1c(SCc2ccncc2)nc2cc(C(=O)NCc3ccco3)ccc2c1=O,0
O=C(Nc1ccc(Cl)cc1C(=O)Nc1ccc(Br)cn1)c1ccco1,0
CCCNC(=O)c1c(N)n(-c2ccc3c(c2)OCO3)c2nc3ccccc3nc12,0
Cc1cc(N/C(=N\S(=O)(=O)c2ccc(Cl)cc2)c2ccc(F)cc2)no1,0
CCC(=O)Nc1ccc(NC(=O)c2cc3ccccc3o2)cc1,0
CC1(C(=O)NC2CCCCCC2)CCC(=O)N1Cc1ccc2c(c1)OCO2,0
CCCN1C(=O)C(O)(C2CC(=O)CC(C)(C)O2)c2ccccc21,0
O=C(CN1C(=O)CNC1=O)Nc1cccc(C(F)(F)F)c1,0
Cc1ccc(-c2nc(N)n(C(=O)c3cccnc3)n2)cc1,0
CCOC(=O)N1CCC(NC(=O)c2ccc3c(=O)n4c(nc3c2)CCCC4)CC1,0
CCC(C)NC(=O)CCNS(=O)(=O)c1ccc(Br)cc1,0
CS(=O)(=O)N1CCN(c2ccccc2NC(=O)Cc2ccccc2)CC1,0
CCC(C)(C)n1nnnc1C(c1cc(OC)c(OC)c(OC)c1)N1CCN(c2ccccc2)CC1,0
O=C(NC1CCCC1)C1CCCN1C(=O)Nc1ccc(Cl)cc1,0
CC(C)NC(=O)C1CCN(Cc2cnn(-c3ccccc3)c2-n2cccc2)CC1,0
CCn1c(COc2ccc3c(c2)CCCC3)nnc1SCC(=O)Nc1nccs1,0
Cc1cc(SCC(=O)NC(=O)NCc2ccco2)nc2c(C)cccc12,0
CC(C)N(Cc1nc(-c2ccc(Cl)cc2)no1)C(=O)CN(C)S(=O)(=O)c1ccc(Cl)cc1,0
O=C(OCc1c(Cl)cccc1Cl)c1cccnc1,0
CCOC(=O)C1=C(c2ccccc2)OC(N)=C(C#N)C1c1ccco1,0
O=C(Nc1ccc(N2CCN(Cc3ccccc3)CC2)cc1)c1cccnc1,0
Cc1ccc(S(=O)(=O)c2n[nH]n3c2nc(=O)c2ccccc23)cc1,0
CCOC(=O)C1CCN(C(=O)c2sc3nc(-c4ccc(F)cc4)cn3c2C)CC1,0
COc1ccc(N(C)C(=O)CCS(=O)(=O)c2cccc3nonc23)c(OC)c1,0
O=C(CSc1ccc(-c2ccc(F)cc2)nn1)N1CCCCC1,0
CCC(C)(C)n1nnnc1C(c1cccs1)N1CCN(c2nc3ccccc3s2)CC1,0
COC(=O)c1ccc(NC(=O)Cc2ccccc2)cc1,0
COc1ccc(CCN(C)Cc2ccncc2)cc1OC,0
CCc1nnc(NC(=O)CSc2nnc(CNc3cccc(C)c3)n2-c2ccccc2)s1,0
O=C(Cc1ccccc1)Nc1nonc1NC(=O)c1ccccc1,0
O=C(Cn1nc(C(F)F)cc1C1CC1)NCCC1=CCCCC1,0
COc1ccc(CC(=O)Nc2ccc(S(=O)(=O)NCC3CCCO3)cc2)cc1,0
O=C(c1ccc(C(F)(F)F)cc1)N1CCCCC1,0
CCCCNC(=O)c1cn(C)c2ccc(S(=O)(=O)N3CCOCC3)cc2c1=O,0
Cc1ccc(NC(=O)CSCC(=O)Nc2ncc3c(n2)CC(c2ccco2)CC3=O)cc1,0
Cc1cc(C(=O)CC#N)c(C)n1-c1ccc(OC(F)F)cc1,0
CC(=O)Nc1ccc2oc(-c3ccccc3Br)nc2c1,0
CCOC(=O)CN1C(=O)C(O)=C(C(C)=O)C1c1ccccc1,0
COc1ccc(C(OC(=O)c2ccco2)C(=O)NCC2CCCO2)cc1,0
Cn1c(N2CCC(C(N)=O)CC2)nc2c1c(=O)n(Cc1cccc(Br)c1)c(=O)n2C,0
CCCCc1nnc(NC(=O)C=C(C)C)s1,0
COc1ccc(C)cc1NC(=O)CCC(=O)Nc1ccc2nc(N3CCN(C)CC3)cc(C)c2c1,0
COc1ccc(-c2cc3nc(C)c(CCC(=O)NCc4ccco4)c(C)n3n2)c(OC)c1,0
CC1=C(C(=O)OC(C)C)C(c2cccnc2)C2=C(CCCC2=O)N1,0
CCOC(=O)C1=C(c2ccccc2)NC(SCC(=O)NC2CCCCC2)=C(C#N)C1c1ccco1,0
CC(=O)Oc1cccc(N2C(=O)C3C4C=CC(C4=C(C)C)C3C2=O)c1,0
CC(NC(=O)OC(C)(C)C)C(=O)NCC1CCC(C(=O)O)CC1,0
Cc1c(Cl)cccc1N1C(=O)c2ccccc2C1=O,0
N#Cc1c(-c2cccnc2)c2c([nH]c1=S)CCCC2,0
O=C(NCCN1CCCC1)c1ccc2c(=O)n(CCc3ccccc3)c(=O)[nH]c2c1,0
CN(C(=O)c1ccccc1Cl)C1CCCCC1,0
COc1ccc(S(=O)(=O)N(C)CC(=O)Nc2ccc(F)cc2)cc1,0
COc1ccc2c(c1)[nH]c1c(N3CCN(Cc4ccc5c(c4)OCO5)CC3)ncnc12,0
O=c1cc(N2CCc3ccccc3C2)[nH]c(=O)n1-c1ccc(Br)cc1,0
O=C(c1oc2ccccc2c1CSCc1ccccc1)N1CCN(c2ncccn2)CC1,0
COCCn1c(SCC(=O)Nc2sc(C)c(C)c2C#N)nnc1-c1ccc(OC)cc1,0
Cc1cccc(S(=O)(=O)Nc2nc3ccccc3nc2NCc2ccco2)c1,0
O=C(CSc1nc2c(c(=O)n1-c1ccccc1)SCC2)N1CCN(c2ccccc2)CC1,0
CCn1c(Cc2ccccc2)nnc1SCC(=O)Nc1ccc2c(c1)OCCO2,0
Cc1cc(C)nc(NC(=O)NS(=O)(=O)Nc2ccc(Br)cn2)n1,0
Cc1nc2ccccc2nc1OCC(=O)Nc1cc(C(F)(F)F)ccc1N1CCOCC1,0
CCN1CCN(C(=O)c2cc3c(=O)n4ccccc4nc3n2Cc2ccccc2)CC1,0
COc1ccc(C(=O)Nc2ccccc2C(=O)NCCCn2ccnc2)cc1,0
COc1cc(C2C3=C(CC(C)(C)CC3=O)Nc3c2c(=O)[nH]c(=O)n3Cc2ccccc2)ccc1O,0
CCOC(=O)C1=C(C)N(C)C(=O)NC1c1ccccc1OC,0
O=C(Nc1ccccc1Cl)c1c(F)c(F)c(F)c(F)c1F,0
Cc1ccc(C)c(-n2c(SCC(N)=O)nnc2-c2ccccn2)c1,0
COc1cccc(C2C(C#N)=C(N)Oc3cc(C)n(Cc4ccccn4)c(=O)c32)c1OC,0
COc1ccccc1N1C(=O)C2CC(C)=C(C)CC2C1=O,0
Cc1ccc(C(=O)COC(=O)c2ccc(Br)o2)cc1C,0
Cc1ccc(NS(=O)(=O)c2cc(C(=O)O)ccc2Cl)cc1,0
O=S1(=O)N=C2CCCCCN2C(c2ccncc2)N1,0
C=CCn1c(C)cc(C(=O)CSc2nnc(-c3cccc(S(=O)(=O)N(CC)CC)c3)o2)c1C,0
COc1ccc(NC(=O)CSc2ncn(-c3ccccc3)n2)cc1Cl,0
Cc1ccccc1-c1nnn(CC(=O)c2ccc(S(=O)(=O)N3CCCC3)cc2)n1,0
O=C(CN1C(=O)c2ccccc2S1(=O)=O)NCc1ccccc1Cl,0
NC(=O)CSc1nnc2sc3ccccc3n12,0
O=C(NC1CCCCC1)NC1CCN(S(=O)(=O)Cc2ccccc2)CC1,0
CN(C)S(=O)(=O)c1ccc(C(=O)N2CCCC2c2nc3ccccc3s2)cc1,0
O=C1CC(Cc2ccc(Cl)cc2)C(=O)N1c1ccccn1,0
COC(=O)c1sc(Nc2ccccc2)nc1C,0
Cn1c(=O)c2sccc2n2c(CCCC(=O)NCc3ccc4c(c3)OCO4)nnc12,0
CCOC(=O)N1CCN(c2ccc(S(=O)(=O)N(Cc3ccccc3)Cc3ccccc3)cn2)CC1,0
Cc1cc(C(=O)Cn2nnc3ccccc3c2=O)c(C)n1Cc1cccs1,0
COc1ccccc1C(=O)N1CCN(c2cccc(Cl)c2)CC1,0
COC(=O)Sc1nc(N2CCOCC2)c2c(c1C#N)CC(C)(C)OC2,0
O=C(CSc1nnc(-c2ccncc2)n1Cc1ccco1)Nc1ccccc1Cl,0
CCC(C)c1ccc(O)c(NC(=O)c2ncn[nH]2)c1,0
O=C(O)CCCCCCC1C(=O)NC(=O)N1CCC(O)C1CCCCC1,0
CC(=O)c1cc2c(cc1NC(=O)CCc1ccccc1)OCO2,0
COc1ccccc1OCc1ccc(C(=O)NC(C)(C)C)o1,0
Cc1cc(N2CCN(C3CCCC3)CC2)n2ncc(-c3ccccc3)c2n1,0
O=C(Cn1cccc1)N1CCc2ccccc21,0
CCCC(=O)Nc1cc2c(cc1C(=O)c1ccccc1)OCCO2,0
COc1ccc(C(c2nnnn2Cc2cccs2)N2CCN(c3ccccc3)CC2)cc1OC,0
Cc1ccccc1OCC(=O)Nc1ccc(N2CCN(S(C)(=O)=O)CC2)cc1,0
CCn1nnnc1SCC(=O)Nc1cc(OC)cc(OC)c1,0
O=C(COc1ccccc1)N1CCN(Cc2c[nH]c3ccccc23)CC1,0
Cc1cccc(NC(=O)Cn2nnc(-c3ccc(CN4CCCC4)cc3)n2)c1C,0
COc1ccc(NC(=O)CSc2nccc(C)n2)cc1,0
O=C(COc1cccc(C(F)(F)F)c1)NCCCN1CCCC1=O,0
COc1ccc(S(=O)(=O)N2CCC(C(=O)NC3CC3)CC2)cc1Cl,0
CCOc1ncccc1C(=O)OCC(=O)N1CCN(S(=O)(=O)c2ccccc2)CC1,0
COc1ccc(C2Nc3ccccc3C(=O)N2O)cc1OC,0
Brc1cccc(-c2nnc3n2CCC3)c1,0
CCC(=O)Nc1cccc(NC(=O)CSc2nnc(C3CC3)n2C)c1,0
COC(=O)CSc1nnc(CNc2ccc(Cl)cc2)n1Cc1ccccc1,0
O=C(NCc1ccc(F)cc1)C1CCC(=O)N1CCc1ccccc1,0
Cc1cc(OCCNCCO)cc(C)c1Cl,0
Cc1nc2nc(-c3cccs3)cn2nc1C,0
CCOC(=O)C1=C(CNCc2ccc(C)cc2)NC(=O)NC1c1ccc(OC)cc1,0
Cc1ccc(NC(=O)CSc2nnc(CSc3nc(C)cc(C)n3)n2Cc2ccco2)c(C)c1,0
COC(=O)c1cnn2c(C(F)(F)F)cc(-c3ccc(F)cc3)nc12,0
COC(=O)c1ccc(CSc2nc(-c3ccc(OC)cc3)nc3c2c(=O)n(C)c(=O)n3C)o1,0
COc1ccc(CNC(=O)c2cc3c(=O)n4ccccc4nc3n(Cc3ccco3)c2=N)cc1,0
COc1ccc(OC)c(S(=O)(=O)NCc2csc(C)n2)c1,0
CC(=O)N1CCN=C1SCc1ccc(C)cc1,0
COc1ccc(NC(=O)c2cc(S(=O)(=O)N3CCCCC3)ccc2N2CCCCC2)cn1,0
O=C(Cn1cnc2c(oc3ccccc32)c1=O)N1CCN(c2ccccc2)CC1,0
O=C(O)C1C2C=CC(C2)C1C(=O)OCc1ccccc1,0
CCC(C)NC(=O)c1c(N)n(Cc2ccc3c(c2)OCO3)c2nc3ccccc3nc12,0
COc1ccc(NC(=O)N(Cc2cc3cc(OC)ccc3[nH]c2=O)CC2CCCO2)cc1,0
COCCCNC(=O)c1ccccc1NS(=O)(=O)c1ccc(C)cc1,0
O=C(CSc1ccccc1)NCc1cccnc1,0
O=C(NCc1ccco1)c1cc(-c2cccnc2)nc2ccc(Cl)cc12,0
Cc1nc(SCC(=O)N2CCOCC2)c2ccsc2n1,0
COC(=O)c1ccc2c(=O)n(CCC3=CCCCC3)c(SCC(=O)N3CCCC3)nc2c1,0
Cc1ccc(NC(=O)CS(=O)CC(=O)N(CC(=O)NC2CCCC2)c2cc(C)ccc2C)cc1,0
Cc1cccc(N2CCN(C(=O)C3CCCN(S(=O)(=O)c4cnc[nH]4)C3)CC2C)c1,0
COc1cc(C(=O)O)nc2ccccc12,0
Cc1nc2ccc(S(=O)(=O)NCC(=O)N3CCN(c4ccccc4)CC3)cc2s1,0
COc1ccc(CCNC(=O)CSc2nnc(-c3cccc(F)c3)o2)cc1OC,0
COc1ccc(Br)cc1/C=N/n1c(C)nnc1C,0
Cc1noc(C)c1CSc1nc2ccccc2[nH]1,1
O=c1[nH]c2ccccc2nc1Cc1ccccc1,0
CCn1c(SCC(=O)N2CCCCC2)nnc1-c1ccc(S(=O)(=O)N2CCN(C)CC2)cc1,0
COc1ccc(C(=O)NC2CCN(S(=O)(=O)Cc3ccccc3)CC2)c(OC)c1,0
COC(=O)C1C(=O)c2c([nH]c(C(=O)OC3CCCC3)c2C)CC1C,0
O=C(Cn1cc(C(=O)c2cccs2)c2ccccc21)NCc1cccs1,0
CCOC(=O)c1[nH]c2ccc(Br)cc2c1NC(=O)CNC,0
CCOC(=O)CN1C(=O)SC(CC(=O)Nc2nccs2)C1=O,0
CCOC(=O)Nc1ccc(C(=O)NCC2CCCO2)cc1,0
CN1CCN(C(=O)c2ccccc2-c2nc(-c3ccccc3)no2)CC1,0
CCC1(COC(NC(=O)c2cccnc2)(C(F)(F)F)C(F)(F)F)COC1,0
O=C(NCCN1CCN(c2ccccc2)CC1)C1CCN(S(=O)(=O)N2CCOCC2)CC1,0
O=C(CN1CCN(S(=O)(=O)/C=C/c2ccccc2)CC1)NC(=O)NCc1ccco1,0
Cc1cc(C)n(-c2cc(=O)n(C)c(=O)n2C)n1,0
COc1ccc(-c2nc3n(c(=O)c2C#N)CCCS3)cc1,0
Cc1cccc(-n2ncc3c(Nc4c(C)n(C)n(-c5ccccc5)c4=O)ncnc32)c1,0
CC(NC(=O)COc1ccc(Br)cc1)C(=O)O,0
C=CCn1c(=O)/c(=C\c2cc(OC)c(OC)c(OC)c2)s/c1=C(/C#N)c1nc2ccccc2n1C,0
O=C1N=c2ccccc2=C1Nc1ccc(-c2nnc3n2CCCCC3)cc1,0
O=C(CC(Nc1ccccc1)C(=O)O)c1ccccc1,0
COC(=O)C1C(=O)NC(SC)=C(C#N)C1c1ccccc1F,0
CCn1c(SCC(=O)N2CCCc3ccccc32)nnc1-c1ccco1,0
CCOc1ccc2[nH]c(=O)c(CN(Cc3ccccc3)C(=O)N3CCCC3)cc2c1,0
Cc1nc2cc(C(F)(F)F)ccc2n1C1CCN(C(=O)N2CCOCC2)CC1,0
COc1ccc(CN2C(=O)c3cccnc3C2Nc2cc(Cl)c(OC)cc2OC)cc1,0
CCOC(=O)c1ccc(NC(=O)N2CCN(S(C)(=O)=O)CC2)cc1,0
O=S(=O)(CCOc1ccccc1)c1nc2ccccc2[nH]1,0
CC1(C)CC(=O)C=C(NCCN2CCN(C(=O)Cc3ccc(Cl)cc3)CC2)C1,0
O=C(Nc1ccc(N2CCCC2)c(Cl)c1)c1ccc(Br)o1,0
O=C(c1ccc(Cl)cc1)N1CCN(C(=O)c2ccco2)CC1,0
CCN(CCCNC(=O)COc1cc(=O)n(C)c2ccccc12)c1ccccc1,0
O=C(OCCOc1ccccc1Cl)c1ccc(-n2cnnn2)cc1,0
Cc1cccc(-c2nc(CN3CCCC(C(=O)NC4CCCCCC4)C3)c(C)o2)c1,0
O=C1CC(N2CCN(C3CC(=O)N(CCc4ccccc4)C3=O)CC2)C(=O)N1CCc1ccccc1,0
Cc1sc2nc(C(C)Sc3nnc(C)n3-c3ccccc3)[nH]c(=O)c2c1C,0
CCOc1ccc(NC(=O)CN2CCN(CC(=O)Nc3ccc(C(=O)OC)cc3)CC2)cc1,0
COc1ccc(S(=O)(=O)N(Cc2cccs2)C2CCCC2)cc1,0
COc1ccc(Cn2nnnc2C(C(C)C)N2CCN(c3ccccc3OC)CC2)cc1,0
Cc1n[nH]c(C)c1S(=O)(=O)N1CCCC(C(=O)N2CCN(c3ccc(Cl)cc3)CC2)C1,0
O=C(NCCN1CCN(C(=O)NC2CCCCC2)CC1)NC1CCCCC1,0
O=C(O)c1ccc(COCC(F)(F)C(F)F)o1,0
Cc1cc2cc(C(c3nnnn3Cc3ccco3)N3CCc4ccccc4C3)c(=O)[nH]c2cc1C,0
Cc1cc(=O)[nH]c(SCC(=O)C23CC4CC(CC(C4)C2)C3)c1C#N,0
COc1cc2c(cc1NC(=O)CN1CCN(S(=O)(=O)c3ccc(F)cc3)CC1)oc1ccccc12,0
Cc1ccc(S(=O)(=O)NC(C)C(=O)Nc2ccccc2C(=O)N2CCCC2)cc1,0
O=C(CSc1nc(-c2ccco2)cc(C(F)(F)F)n1)NCCCn1ccnc1,0
O=S(=O)(c1ccc(Cl)cc1)N1CCN(c2ccc(N3CCOCC3)nn2)CC1,0
Cc1cc(C)n(-c2nnc(C)n2NS(=O)(=O)c2ccc(F)cc2)n1,0
COc1ccc(OC)c(N/C(=N/C(=O)c2ccco2)Nc2nc(C)cc(C)n2)c1,0
N#Cc1ccccc1NC(=O)Nc1cccc(Cl)c1,0
Cc1cc(NC(=O)CCN2C(=O)C3C4C=CC(C4)C3C2=O)c2ccccc2n1,0
CCOc1ccccc1NC(=O)C1CC2CCCC(C1)C2=O,0
COc1ccc(C)cc1NC(=O)CN1CCN(S(=O)(=O)c2ccc(Cl)cc2)CC1,0
COC(=O)c1cccc(NC(=O)CSc2nc3cccnc3n2C)c1,0
CCCCn1c(SCC(=O)N2CCOCC2)nnc1-c1cccs1,0
O=C(CN1CCN(c2ccccc2)CC1)Nc1ccccc1C(F)(F)F,0
COc1ccc(NC(=O)N2c3ccccc3CC2C)cc1OC,0
Cc1cccn2c(=O)c(/C=N/c3c(C)n(C)n(-c4ccccc4)c3=O)c(N3CCCC3)nc12,0
COc1ccc(C2CC(=O)C3=C(C2)N=C2N=CNN2C3c2ccccc2)cc1,0
COCCCNC(=O)Cn1cc(C(=O)C2CC2)c2ccccc21,0
Cc1ccn2cc(C(=O)Nc3ccccc3N3CCOCC3)nc2c1,0
Cn1c(=O)oc2cc(S(=O)(=O)NC3CCN(Cc4ccccc4)CC3)ccc21,0
COC(=O)CSc1nnc(C2COc3ccccc3O2)n1-c1ccccc1,0
Cc1cccc(-c2nnc3sc(-c4ccccc4)nn23)c1,0
O=c1cc(Nc2ccc3c(c2)OCO3)[nH]c(=O)n1-c1ccc(Br)cc1,0
Cn1c(=O)c2c(nc(N3CCCCC3)n2CCSc2nc3ccccc3s2)n(C)c1=O,0
CC1CCN(C(=O)CSc2nnc(-c3ccc(S(=O)(=O)N4CCOCC4)cc3)n2C)CC1,0
CC(C)c1[nH]c(=O)c(C#N)c2c1CSC(C)(C)C2,0
O=c1nc(SCC2CCCCO2)[nH]c2ccccc12,0
Cn1c(Cl)nc2c1c(=O)n(Cc1cccc(Br)c1)c(=O)n2C,0
CCOC(=O)c1ccc(NC(=O)c2nn(C)cc2Br)cc1,0
Cc1cc(C)n2nc(SCC(=O)Nc3c(C)nn(-c4ccccc4)c3C)nc2n1,0
N#CCCn1ccc(NC(=O)c2ccc(Cl)cc2)n1,0
O=C(OC(C(=O)NCc1cccs1)c1ccc(F)cc1)c1ccco1,0
CCCCC(=O)Nc1cccc(-c2nn3c(C)nnc3s2)c1,0
CC(=O)N1CCN(c2ccc(S(=O)(=O)N3CCCCC3)cn2)CC1,0
Cc1[nH]c2ccccc2c1C1(O)C(=O)N(Cc2ccc3c(c2)OCO3)c2ccccc21,0
Cc1ccc2nc(-c3ccccn3)cc(C(=O)NC3CCN(C)CC3)c2c1,0
CC1(C)CC(=O)C2=C(C1)N=C1N=CNN1C2c1ccccn1,0
Cc1cc(C)n(-c2nc(-c3cccc(Cl)c3)cs2)n1,0
CCCCCNC(=O)CCn1c(=O)oc2ccccc21,0
Cc1cccc(N2C(=O)CC(N3CCN(c4cccc(C(F)(F)F)c4)CC3)C2=O)c1,0
Cc1ccc(S(=O)(=O)N(C)Cc2nc(-c3ccncc3)no2)cc1,0
C=CCn1c(N)cc(=O)nc1SCC(=O)Nc1ccccc1,0
Cc1ccc(-n2ncc3c(NCCCN4CCOCC4)ncnc32)c(C)c1,0
Cc1cc(C)c(NC(=O)c2ccc(S(=O)(=O)N3CCOCC3)cc2)c(C)c1,0
CS(=O)(=O)c1ccc(Cl)c(NC(=O)C2CC(=O)N(Cc3ccccc3)C2)c1,0
CC(C)c1ccc(NC(=O)CCNS(=O)(=O)c2cccc3nonc23)cc1,0
COc1ccccc1NC(=O)N1CCN(c2cccc(C(F)(F)F)c2)CC1,0
O=C(CS(=O)(=O)Cc1ccccc1)N1CCN(c2cccc(C(F)(F)F)c2)CC1,0
Cc1c(NC2=Nc3cccc4cccc2c34)c(=O)n(-c2ccccc2)n1C,0
CC1Cc2nc(SCC(=O)N3CCOCC3)n(-c3ccccc3)c(=O)c2S1,0
Cc1cc(SCC(=O)c2ccccc2)nc(C)n1,0
CC(C)CCSc1nc2c(c(=O)[nH]c(=O)n2C)n1CCCc1ccccc1,0
Cc1cccc(C)c1NC(=O)Cn1c(=O)n(CCC(=O)NCc2ccco2)c(=O)c2sccc21,0
Cc1ccc(S(=O)(=O)N2CCC(C(=O)N3CCC(C(=O)NCC4CCCO4)CC3)CC2)cc1,0
COC(=O)c1ccc(CSc2nnnn2Cc2ccccc2)cc1,0
CCOC(=O)c1ccc2c(c1)nc(SCC(=O)C(C#N)=C1Nc3ccccc3N1)n2CC,0
CCn1cnc2sc(C(=O)N(Cc3ccc(N(C)C)cc3)Cc3ccco3)c(C)c2c1=O,0
C=CCNC(=O)c1ccccc1NC(=O)c1cccc(C)c1,0
Nn1c(Nc2ccccc2)nc2ccccc2c1=O,0
COC(=O)c1[nH]c2ccc(Cl)cc2c1NC(=O)C1CC1,0
CCOC(=O)COc1ccc2c(c1)C(=O)CC(C)(c1cccnc1)O2,0
Cc1ccc(NC(=O)c2cnn(-c3ccccc3)c2NC(=O)c2ccco2)cc1,0
O=S(=O)(NCc1cn2ccccc2n1)c1cc(F)ccc1F,0
Cc1ccc(NC(=O)NC(=O)N(c2ccccc2)S(C)(=O)=O)cc1,0
COCC(=O)N(Cc1cc2ccc(C)cc2[nH]c1=O)c1ccc(OC)cc1,0
O=C(Nc1ccccc1C(=O)N1CCN(Cc2ccccc2)CC1)c1ccccn1,0
CCCOc1ccccc1C1CC(=O)NC(C)=C1C(=O)OCC(C)C,0
COc1ccc(S(=O)(=O)NCC(=O)N(CC(=O)NCC2CCCO2)c2ccccc2C)cc1,0
COC(=O)CN1C(=O)C2(C(C#N)=C(N)Oc3c2c(C)nn3-c2ccccc2)c2ccccc21,0
O=C(c1ccc(S(=O)(=O)N2CCCCC2)cc1)N1CCN(c2ccccc2)CC1,0
O=C(NCCC1=CCCCC1)C1CCN(S(=O)(=O)c2cccc3nonc23)CC1,0
CC(C)Cn1c(O)cc(=O)nc1SCc1nnc(-c2cccs2)o1,0
Cc1cc2c(cc1C)NC(c1c(C)n(C)n(-c3ccccc3)c1=O)C1=C(CC(C)(C)CC1=O)N2,0
CCc1ccccc1NC(=O)CSc1nc2ccccc2n1CC(=O)N(C)C,0
O=c1c2[nH]c3ccccc3c2ncn1CCCn1ccnc1,0
O=C(Cn1cnc2c(cnn2-c2ccc(F)cc2)c1=O)NCCc1ccccc1,0
CCCCN(C)C(=O)C1CCC(=O)N(c2cc(OC)c(OC)c(OC)c2)C1c1ccc(OC)cc1,0
Cc1ccc(-c2nnn(CC(=O)N(c3ccccc3)C(C(=O)NC3CCCC3)c3ccco3)n2)o1,0
CCN(CC)c1ccc(-n2c(C)c(C(C)=O)c(C(C)=O)c2C)cc1,0
COc1ccc(S(=O)(=O)Nc2cc(C(=O)NC3CCCCCC3)ccc2N2CCOCC2)cc1,0
CCc1nnc(NC(=O)CN2C(=O)c3ccccc3C2=O)s1,0
CCCN(CCO)Cc1cccc(Oc2ccccc2)c1,0
COc1ccc(NC(=O)C2CCN(c3cc(C)nc(-c4ccccc4)n3)CC2)cc1,0
Cc1cc(NC(=O)C2CCC2)n(-c2ccccn2)n1,0
Cc1nc2sc(C(c3ccc(Cl)cc3)N3CCN(C(=O)c4ccco4)CC3)c(O)n2n1,0
O=C(Nc1cccc2ncccc12)c1ccc2c(c1)OCCO2,0
CCCc1cc(=O)oc2cc(OCC(=O)N(C)C)c(Cl)cc12,0
C=CCn1c(SCC(=O)Nc2nnc(CC)s2)nnc1-c1ccco1,0
CCOC(=O)N1CCN(C(=O)CSc2nnc(-c3cc(OC)cc(OC)c3)o2)CC1,0
O=C1OCc2cc(NC(=O)C3CCCO3)ccc21,0
Cc1cccc2sc(NC(=O)CCNS(=O)(=O)c3cccc4nonc34)nc12,0
COCCN(CC(=O)NC1CCCCC1)C(=O)CSc1nc2ccccc2o1,0
Cc1cc2oc(=O)cc(CN3CCN(Cc4ccc5c(c4)OCO5)CC3)c2cc1C,0
COC(=O)C(CCSC)NC(=O)N1CCN(c2cccc(C(F)(F)F)c2)CC1,0
O=C1OCCC1Sc1nc(-c2ccccc2)cs1,0
Cc1ccc(C)c(C(=O)CSc2n[nH]c(C(C)C)n2)c1,0
CCN(CC)S(=O)(=O)c1ccc(OC(C)C)nc1,0
COc1cccc(CNC(=O)C2CCN(S(=O)(=O)N3CCCCC3)CC2)c1,0
CC1CCC(NC(=O)c2ccc(N3CCCC3=O)cc2)CC1,0
O=C(OCc1cccc2ccccc12)c1ccc2c(=O)nc(CN3CCOCC3)[nH]c2c1,0
CN(C)S(=O)(=O)c1ccc(C(=O)Nc2ccc(F)cc2F)cc1,0
COc1ccc(-c2noc(-c3ccccc3F)n2)cc1,0
Cc1c(C#N)c(N)c(C(=O)c2ccccc2)n1Cc1ccccc1,0
O=C(Nc1ccccc1)NC1(C(=O)N2CCN(C(=O)c3ccco3)CC2)CCCCC1,0
Cc1c(NC(=O)c2ccc(CN3CCc4ccccc4C3)cc2)c(=O)n(-c2ccccc2)n1C,0
COc1ccc(C2=NOC(C(=O)NCC(C)C)C2)cc1,0
COc1ccccc1-n1c(SCC(=O)NC2CCCC2)nc2cccnc21,0
CC(=O)C1C(c2ccncc2)NC(=O)NC1(O)C(F)(F)F,0
CC(=O)NCCn1c(SCC(=O)NCC2CCCO2)nc2ccccc2c1=O,0
Cn1c(C(=O)N2CCCC2)cc2c(=O)n(C)c3ccccc3c21,0
COC(=O)c1ccc(NC(=O)COc2ccccc2OC)cc1,0
CC(=O)NCCc1ccc(S(=O)(=O)Nc2cccnc2)cc1,0
Cn1c(CCNC(=O)c2ccco2)nc2cc(NS(=O)(=O)c3ccccc3)ccc21,0
O=C1C2CCCN2C(c2cccc(Cl)c2)N1c1ccccn1,0
COc1cc(NC(=O)c2ccco2)c(OC)cc1NC(=O)CSc1nnc(-c2cccs2)n1C,0
CCOC(=O)N1CCC(NC(=O)C(Cc2ccccc2)NC(=O)c2ccco2)CC1,0
CC(C)C(=O)Nc1cccc(NC(=O)c2cccnc2)c1,0
Cc1cc(=O)n2nc(-c3ccccc3)sc2c1C#N,0
O=C(Cc1c(F)cccc1Cl)Nc1ccncc1,0
O=C(CSc1ncnc2nc[nH]c12)c1ccc(Cl)cc1,0
O=C1CCCN1CCCN1C(=O)NC(Cc2ccccc2)C1=O,0
COc1cc(NC(=O)CSc2nnc3n2C(C)(C)Cc2ccccc2-3)cc(OC)c1,0
O=C(Cn1c(CC(=O)N2CCCC2)nc2ccccc21)NCc1ccccc1,0
COc1ccc(NC(=O)CS(=O)CC(=O)NCc2cccc(C(F)(F)F)c2)cc1,0
CCN(CC)c1ccc(NC(=O)c2cc(OC)cc(OC)c2)c(C)c1,0
CC1=C(C(=O)Nc2ccccc2)C(c2ccc(C)o2)n2c(s/c(=C\c3ccco3)c2=O)=N1,0
O=C(COc1ccc(Cl)cc1Br)N1CCN(c2ccccc2)CC1,0
CCn1c(Cc2ccc(OC)cc2)nnc1SCC(=O)NC1CCCCC1,0
O=C(CSc1nnc(-c2ccco2)n1CC1CCCO1)NC1CCCC1,0
COc1cc(CC2C(=O)N(C)C(=O)N(C)C2=O)ccc1OCc1ccccc1,0
CC(C)N(Cc1cc2ccccc2[nH]c1=O)C(=O)c1cccnc1,0
CS(=O)(=O)N(CC(=O)Nc1cccnc1)c1ccc2c(c1)OCCO2,0
COC(=O)c1[nH]c2ccc(Br)cc2c1NC(=O)C(C)N1CCN(C2CCCCC2)CC1,0
CCC(=O)N1CCCc2cc(S(=O)(=O)N3CCC(N4CCCCC4)CC3)ccc21,0
CCOC(=O)NC(Nc1nnc(C)s1)(C(=O)OCC)C(F)(F)F,0
CCOC(=O)N1CCC(n2c(SCC(=O)Nc3ccccc3OC)nc3ccccc3c2=O)CC1,0
Cc1cc(C)cc(N(CC(=O)NC2CCCCC2)C(=O)CCC(=O)Nc2cc(C)ccn2)c1,0
CCOC(=O)C1=C(C)NC(=O)NC1c1cn(-c2ccccc2)nc1-c1cccs1,0
O=C(NCC1CCCO1)c1ccccn1,0
Cc1nc(SCC(=O)Nc2ccc(F)cc2)c2oc3ccccc3c2n1,0
O=C(c1ccco1)N1CCN(c2cccc(Cl)c2)CC1,0
O=C1NC(=O)C(CC(=O)N(Cc2ccco2)C2(C(=O)NC3CCCC3)CCCCC2)N1,0
Cc1cc2c(c(=O)n1Cc1ccc3c(c1)OCO3)C(c1cccnc1)C(C#N)=C(N)O2,0
Cc1cc(CNC(=O)c2cc(Br)ccc2Cl)nn1C,0
CC(C)C(=O)Nc1ccc(NC(=O)c2cc3ccccc3o2)cc1,0
O=C(CNS(=O)(=O)c1cccs1)N1CCN(c2ccccn2)CC1,0
O=C(NCc1ccccc1Cl)C1CCN(S(=O)(=O)N2CCCCCC2)CC1,0
O=C(NC1CCS(=O)(=O)C1)c1ccc(-c2ccc(Br)cc2)o1,0
CN1C(=O)c2ccccc2C(C(=O)NCCCN2CCCC2)C1c1c[nH]c2ccccc12,0
COc1ccccc1NC(=O)c1nc[nH]c1C(=O)Nc1ccccc1OC,0
COc1ccc(Cl)cc1N(C)C(=O)CCNC(=O)Cn1cnc2ccccc2c1=O,0
O=S(=O)(c1ccc2c(c1)OCCO2)N1CCC(n2nnc3cc(C(F)(F)F)ccc32)CC1,0
Cn1c(=O)c(=O)n(C)c2cc(S(=O)(=O)N3CCCCCC3)ccc21,0
CSc1nnc(-c2ccc(NC(=O)CCc3ccccc3)cc2)n1C,0
COc1ccc(-n2nnnc2SCC(=O)Nc2nnc(C)s2)cc1OC,0
CCOC(=O)N1CCN(C(=O)COc2ccc(Br)cc2)CC1,0
O=C(Nc1cccc(F)c1)c1ccc(S(=O)(=O)N2CCCC2)cc1,0
C=CCn1c(N)c(C(=O)OC(C)(C)C)c2nc3ccccc3nc21,0
COc1ccc(CCCc2nnc(SCC(=O)Nc3ncc(C)s3)o2)cc1,0
CC(=O)N(C)c1ccc(NS(=O)(=O)Cc2ccccc2)cc1,0
O=C(Nc1nc(-c2ccncc2)cs1)c1ccc(S(=O)(=O)N2CCOCC2)cc1,0
COc1ccc(Cl)cc1C(=O)n1nc(C)cc1C,0
CCC(=O)Nc1nc(C)c(C(=O)N2CCCCC2)s1,0
CCOc1ccc2nc(NC(=O)CSc3nnnn3C3CCCCC3)sc2c1,0
CCc1c(C)[nH]c(SCC(=O)Nc2cccc(Br)c2)nc1=O,0
C#CCN1C(=O)C(O)(CC(=O)c2cccc(OC)c2)c2ccccc21,0
Cc1cc(C)nc(SCNC(=O)c2ccccc2)n1,0
O=C(CSc1c2c(nc3ccc(Cl)cc13)CCCC2)N1CCN(C(=O)c2ccco2)CC1,0
CCC(C)C(NC(=O)Nc1ccc(C(C)=O)cc1)C(=O)OC,0
Cc1ccc2c(COC(=O)c3n[nH]c4ccccc34)cc(=O)oc2c1,0
CC(NC(=O)c1ccco1)C(=O)OCc1cccc(Cl)c1,0
COCCOC(=O)c1[nH]c2c(c1C)C(=O)CC(c1ccccc1)C2,0
COC(=O)C1=C(N)Oc2cc(C)oc(=O)c2C1c1cccnc1,0
CCn1c(SCC(=O)NC2CCCCC2C)nnc1-c1ccc(OC)cc1,0
CCOC(=O)/C(C(=O)c1ccccc1)=C(/N)NCc1ccco1,0
Cc1ccc(C2Nc3ccccc3C(=O)N2Cc2ccco2)cc1,0
COC(=O)c1ccc(NS(=O)(=O)c2ccc3c(c2)oc(=O)n3C)cc1,0
COc1ccc(N2CCN(C(=O)c3ccc(-n4nc(C)cc4C)cc3)CC2)cc1,0
CCN(CC)CC(=O)Nc1ccc(C)cc1Br,0
CCOc1cccc(C2C(C#N)=C(N)Oc3cc(C)n(Cc4ccccn4)c(=O)c32)c1OCC,0
Cc1ccc(CNC(=O)c2cn(C3CCCCC3)c(=O)c3c2c2ccccc2n3C)o1,0
CCc1nccn1S(=O)(=O)c1ccc(C)c(C)c1,0
CN(C(=O)COC(=O)c1nc(-c2ccccc2)n(-c2ccccc2)n1)C1CCS(=O)(=O)C1,1
CS(=O)(=O)N1CCN(c2ccccc2NC(=O)c2cccnc2)CC1,0
COc1cccc(NC(=O)CN(c2cccc(F)c2)S(C)(=O)=O)c1,0
CNC(=O)CN1C(=O)C2C3C=CC(C3)C2C1=O,0
O=c1oc2ccccc2c(N2CCCCC2)c1CN1CCCCC1,0
Cc1ccc(S(=O)(=O)CCc2ccccn2)cc1,0
CC(C)CCn1c(Sc2nc3ccccc3s2)nc2c1c(=O)[nH]c(=O)n2C,0
N#Cc1cc2c(nc1SCC1COc3ccccc3O1)CCC2,0
CC(=O)N1CCN(C(=O)CCc2nc3sc4c(c3c(=O)[nH]2)CCCC4)CC1,0
O=C(CSc1nccn1-c1ccc(F)cc1)NCc1ccc2c(c1)OCO2,0
O=C(NCCN1CCCCC1)c1cc2ccccc2[nH]1,0
Clc1ccc2oc(-c3ccccn3)nc2c1,0
O=C(CCC1COc2ccccc2O1)Nc1ncccc1O,0
O=C(COC(=O)c1cccnc1)Nc1cccc(Cl)c1,0
Cc1ccc(-n2ncc3c(N4CCC(C(N)=O)CC4)ncnc32)c(C)c1,0
COc1ccc(NC(=O)c2ccco2)cc1NC(=O)c1ccc(Br)o1,0
CN1CCc2c(sc3c2c(=O)n(-c2ccc(Cl)cc2)c2nncn32)C1,0
CCOc1ccc(C(=O)C2CCN(CC(=O)Nc3ccccc3N3CCOCC3)CC2)cc1,0
Cc1noc(NS(=O)(=O)c2ccc(N3Cc4ccccc4C3=O)cc2)c1C,0
CCC(C)(C)NC(=O)CC(c1ccc(OC)cc1)n1cccc1,0
Cc1ccc(-c2cnc(-c3ccncc3)o2)cc1,0
CCCCN1C(=O)C(O)(CC(=O)c2c(C)n[nH]c2C)c2cc(Br)ccc21,0
O=C(NCc1ccc2c(c1)OCO2)C1CCN(S(=O)(=O)c2cccc3nsnc23)CC1,0
Cc1ccc(C2C3=C(CCCC3=O)Nc3[nH]c(SCC(=O)NCc4ccco4)nc(=O)c32)cc1,0
CCCSc1nc2n(-c3ccc(C)cc3)[nH]cc-2c(=O)n1,0
CC(CNC(=O)C1CCCCC1)NC(=O)C1CCCCC1,0
CCS(=O)(=O)N1CCC(C(=O)N2CCN(c3ccccc3)CC2)CC1,0
Cc1ccc(S(=O)(=O)NC(=O)Nc2c(C)n(C)n(-c3ccccc3)c2=O)cc1,0
O=C(c1ccc(S(=O)(=O)N2CCC(c3nc4ccccc4[nH]3)CC2)cc1)N1CCOCC1,0
Cc1cc(C(F)(F)F)nn1Cc1ccc(C(=O)NCc2ccco2)o1,0
O=c1[nH]c2ccccc2nc1-c1cccs1,0
CCOc1ccc(-c2nc(CSCC(=O)N3CCN(c4cccc(OC)c4)CC3)c(C)o2)cc1,0
CCn1c(SCC(=O)N2CCCc3ccccc32)nc2c1c(=O)n(C)c(=O)n2C,0
O=C(CSc1ncn(-c2ccccc2)n1)Nc1nc2ccccc2s1,0
Cc1[nH]c2ccc(-c3nnc(SCC(=O)c4ccccc4F)o3)cc2c1C,0
CCOc1ccc2[nH]c(=O)c(CN(Cc3ccco3)C(=O)c3ccc(Br)cc3)cc2c1,0
Cc1nc(SCC(=O)NCc2ccc3c(c2)OCO3)c(C#N)c2c1CCCC2,0
CC12C(=O)N(c3ccccc3C(=O)O)C(=O)C1C1C=CC2C1,0
Cn1ncc2c(Nc3ccc4ccccc4c3)ncnc21,0
COc1ccc(-n2ccnc2SCC(=O)Nc2ccccc2)cc1,0
CCOc1ccccc1CN1C(=O)NC(C)(c2ccccc2)C1=O,0
S=c1nc(-c2ccccc2)n(CCCN2CCOCC2)c2c1CCCC2,0
Cc1ccc(-c2c3c([nH]c(=S)c2C#N)CCCC3)o1,0
Cc1ccc(-c2nc3cnccn3c2Nc2ccc3c(c2)OCCO3)o1,0
O=C(COC(=O)c1ccc(Cl)c(S(=O)(=O)N2CCCC2)c1)NC1CCCC1,0
COC(=O)c1cc(CSc2nc3ccc(C)cc3[nH]2)oc1C,0
CCC1CCCCN1C(=O)CSc1nnc(CNC(=O)c2cc(OC)c(OC)c(OC)c2)o1,0
Cc1cccc2cc(C(c3nnnn3Cc3ccc4c(c3)OCO4)N3CCCC3)c(=O)[nH]c12,0
CCOC(=O)c1oc2ccccc2c1CSc1nnnn1-c1ccc(OC)cc1,0
COc1ccc(C(=O)COC(=O)CN2C(=O)NC(C)(C)C2=O)cc1OC,0
CCCC(=O)N(C)c1nnc(-c2ccc(OC)cc2)s1,0
COc1ccc(CCNC(=O)CSc2nnc(CNC(=O)c3cccs3)o2)cc1OC,0
Cc1ccc2c(CC(=O)NCc3ccco3)coc2c1C,0
COc1ccc(OCC(=O)Nc2cccc3ncccc23)cc1,0
O=C(CCCCCN1C(=O)c2ccccc2C1=O)NCCc1nc2ccccc2[nH]1,0
COCCCn1c(N)c(C(=O)NCCC(C)C)c2nc3ccccc3nc21,0
CCc1nnc(NC(=O)CSc2nnc(Cc3ccccc3)n2Cc2ccccc2)s1,0
COc1cc2cc(CN(CCO)S(=O)(=O)c3ccccc3Cl)c(=O)[nH]c2cc1OC,0
O=C(NC1CCCCCC1)C1c2ccccc2C(=O)N1Cc1ccco1,0
O=C(CSc1ncc(-c2ccc(F)cc2)n1Cc1ccco1)Nc1nccs1,0
CCC(C)NC(=O)CSc1nc2nnc(C)c-2c(N)n1-c1ccc(OC)cc1,0
Cc1ccccc1-c1nc(CN2CCC(C(=O)NCCC3=CCCCC3)CC2)c(C)o1,0
COc1ccc(CCC(C(O)C(F)(F)F)S(=O)c2ccccc2)cc1,0
O=C(CSc1nc2ccccc2c(=O)n1Cc1ccco1)N1CCN(c2ccccc2)CC1,0
O=C(c1ccc2nc(N3CCOCC3)sc2c1)N1CCC2(CC1)OCCO2,0
CCCOC(=O)CSC1=C(C#N)C(c2ccccc2Cl)CC(=O)N1,0
Cc1nc2cc(F)ccc2n1C1CCN(S(=O)(=O)c2ccccc2)CC1,0
COC(=O)c1ccc(NC(=O)CN2CCCC2)cc1,0
COc1cc(NC(=O)c2noc3c2CCCC3)c(OC)cc1Cl,0
O=C(CSc1nc(=O)c2ccccc2[nH]1)N1CCCCC1,0
COC(=O)c1oc2ccc(Br)cc2c1NC(=O)CN1CCN(C)CC1,0
O=c1nc(-c2ccccc2)c2cc(Cl)ccc2[nH]1,0
CCOc1ccc(C2NC(=O)c3ccccc3O2)cc1,0
CC(=O)Cc1nsc(NC(=O)c2ccc(COc3ccc(C)cc3)o2)n1,0
CC(C)(C)NC(=O)Cn1nnc(-c2ccc(S(C)(=O)=O)cc2)n1,0
Cc1ccc(-c2nnc(N3CCN(C(=O)CN4CCOCC4)CC3)c3ccccc23)cc1,0
CCOc1ccccc1NC(=O)C1CCCN(C(=O)NCc2ccccc2)C1,0
CC1Cc2ccccc2N1C(=O)CCNS(=O)(=O)c1cccc2nsnc12,0
COc1ccccc1Oc1cc(C#N)c(C#N)cc1-n1nnc2ccccc21,0
Cc1cc(C)n2c(SCC(=O)N(C)C3CCS(=O)(=O)C3)nnc2n1,0
CCc1nnc(NC(=O)c2ccc(S(=O)(=O)N(CCOC)CCOC)cc2)o1,0
COc1ccc(NC(=O)c2cccnc2)c(OC)c1,0
O=C1N(CC(=O)N2CCc3ccccc32)CCN1Cc1ccc(Cl)cc1,0
CS(=O)(=O)N(CC(=O)N1CCCCCC1)c1ccc(Br)cc1,0
Clc1ccc(-c2nc3nc4ccccc4nc3n2Cc2ccco2)cc1,0
COc1ccc(N2CCN(C(=O)CCCC3=NS(=O)(=O)c4ccccc4N3)CC2)cc1,0
O=C(Cn1c(=O)[nH]n(-c2ccccc2)c1=O)N1CCCc2ccccc21,0
Cc1cccc(NC(=O)N2CCC(NC(=O)c3ccccc3C)CC2)c1,0
Cc1cccc2cc(COC(=O)c3ccco3)c(=O)[nH]c12,0
CC(C)C(=O)Nc1ccc2c(c1)nc1n2CCSC1,0
CC(NC(=O)C1CCC1)c1ccc2c(c1)OCO2,0
O=C(Nc1ccccc1N1CCN(c2ccc(F)cc2)CC1)C1CCCCC1,0
O=C(CSc1ncccc1-c1nc2ccccc2[nH]1)N1CCCCC1,0
O=C(O)c1cccc(S(=O)(=O)N2CCCC2)c1,0
CCNS(=O)(=O)c1ccc(NC(=O)Nc2cccc(OC)c2)cc1,0
COc1ccccc1CNC(=O)CCCn1c(=O)c2ccccc2n(CC(=O)NC2CCCC2)c1=O,0
COc1cc(C2c3c(n[nH]c3C)C(=O)N2c2ccc(C)cc2)ccc1O,0
CC(C)=C1C2CCC1C(C(=O)NCc1ccccc1)C2C(=O)O,0
CCOC(=O)c1c(C)[nH]c(NC(=O)Nc2c(C)n(C)n(-c3ccccc3)c2=O)c1C,0
COc1ccc(NC(=O)COc2nsnc2N2CCCCC2)cc1,0
COc1ccc(-c2nc(-c3ccccc3)no2)c(OC)c1,0
CCOc1ccc2[nH]c(=O)c(CN(CCCO)C(C)=O)cc2c1,0
COc1ccc(CCNC(=O)NC2CCCCC2)cc1OC,0
CCOC(=O)c1cc(C)n(-n2cnnc2)c1C,0
CCOC(=O)c1c(NC(=O)CSc2nc3c(c(=O)n(C)c(=O)n3C)n2CC)sc(C)c1C,0
CCOC(=O)N1CCN(C(=O)C(CC)n2nc(C)c3sc4ccccc4c3c2=O)CC1,0
CCOC(=O)c1cnc(Nc2nc3ccccc3o2)nc1CSc1nnc(C)s1,0
COc1ccc(NC(=O)C(F)(OC)C(F)(F)F)c(OC)c1,0
O=C(NC(c1ccccc1)c1ccccc1)N1CCN(CCO)CC1,0
O=C(Cc1ccccc1)OCn1nnc2ccccc2c1=O,0
O=C(c1ccco1)n1nc(-c2ccc(Cl)cc2)nc1NCc1ccco1,0
Cc1sc2nc(CN3CCOCC3)nc(Oc3ccc(NC(=O)c4ccco4)cc3)c2c1C,0
CCC(=O)N1CCc2cc(S(=O)(=O)CCC(=O)Nc3ccc(F)c(F)c3)ccc21,0
O=C(C1CC1)N1CCc2cc(Br)cc(S(=O)(=O)NCCCN3CCCC3)c21,0
O=c1cc(O)nc(SC23CC4CC(CC(C4)C2)C3)[nH]1,0
O=C(Nc1cccc(Cl)c1)Nc1ccc2c(c1)OCO2,0
CCSc1ccccc1C(=O)N1CCN(c2ccccc2F)CC1,0
COc1cccc2c(=O)n(CC(=O)NC3CCCCC3)ccc12,0
CCC(C)C(NC(=O)c1ccc(Cl)cc1)C(=O)O,0
COc1cc(C(c2sc3nc(C)nn3c2O)N2CCC3(CC2)OCCO3)cc(OC)c1OC,0
Cc1csc(Sc2nc3c(c(=O)[nH]c(=O)n3C)n2CCCc2ccccc2)n1,0
O=C(Nc1ccc(Oc2ccccc2)cc1)C1CCN(c2ncccn2)CC1,0
COc1ccc(Nc2cc(=O)n(C3CCCCC3)c(=O)[nH]2)c(OC)c1,0
CC(=O)Nc1nc(SCCCc2ccccc2)n[nH]1,0
O=C(NCCN1CCCC1)C1(S(=O)(=O)c2ccc(Cl)cc2)CC1,0
O=C(CCCc1ccccc1)NCCCN1CCOCC1,0
Cc1cc(C(F)(F)F)c2c(N)c(C(=O)Nc3cc(C)on3)sc2n1,0
Cc1ccc(SCCN2C(=O)NC(C)(C)C2=O)cc1,0
COCCN1C(=O)C(CC(=O)Nc2ccc(C(C)=O)cc2)S/C1=N\c1ccccc1,0
N#Cc1cn(Cc2cccc(Cl)c2)c2ccccc12,0
CCOC(=O)c1[nH]c(CSc2nnc(-c3ccncc3)n2CCOC)c(C(=O)OCC)c1C,0
COc1ccc(C2CC(=O)c3cnc(N4CCN(Cc5ccccc5)CC4)nc3C2)cc1,0
O=C(NCc1cccs1)C(Cc1ccccc1)n1cccc1,0
CCOC(=O)c1cc2cc(C)ccc2[nH]1,0
COC(=O)c1ccc(NC(=O)C2CCCN2S(=O)(=O)c2ccc(OC)cc2)cc1,0
CC(C)OC(=O)CSc1nnc(-c2cccnc2)n1Cc1ccccc1,0
Cc1ccc(CNC(=O)CCS(=O)(=O)c2cccc3nonc23)cc1,0
O=C1CCCN1C(=O)CCC(=O)N1CCCC1=O,0
CC(C)n1c(N2CCN(CC(=O)Nc3ccc4c(c3)OCCO4)CC2)nc2ccccc21,0
COc1ccc(Cl)cc1-n1c(C)cc(C(=O)O)c1C,0
Cc1cccc(N2CCN(C(=O)CS(=O)(=O)Cc3nc(-c4ccccc4F)oc3C)CC2C)c1,0
Cc1ccc(S(=O)(=O)N2CCN(C(=O)CSc3nc4ccccc4o3)C2)cc1,0
O=C(CCc1nc(-c2cccs2)no1)Nc1cnc2ccccc2c1,0
COCCn1nnnc1C(c1cccs1)N1CCN(c2nc3ccccc3s2)CC1,0
CC(C)Cc1nc(N2CCN(C(=O)C(C)C)CC2)c(C#N)c2c1CCC2,0
Cn1c(=O)c2c(nc(Sc3ncccn3)n2Cc2ccc(Cl)cc2)n(C)c1=O,0
CCOC(=O)C1CCCN(C(=O)Nc2cccc(Cl)c2)C1,0
Cc1cccc(NC(=O)Cn2cnc3sc(C)c(S(=O)(=O)N4CCC(C)CC4)c3c2=O)n1,0
N#CC1=C(N)OC2=C(C(=O)CCC2)C1CCc1ccccc1,0
COc1ccc2cc(C(=O)OC(C)C)sc(=O)c2c1OC,0
CCc1nc(N)c(C#N)c(-c2ccc(OC)c(OC)c2)c1C,0
O=C1C2C3CCCC3=C3CCCC3C2C(=O)N1c1cccc(Cl)c1,0
c1ccc(-c2noc(-c3cccnc3)n2)nc1,0
CN(C)CCCN1C(=O)C(=O)/C(=C(/O)c2ccncc2)C1c1cccnc1,0
CC1(C)Cc2nc3sc4c(SCC(=O)NCc5ccco5)ncnc4c3cc2CO1,0
Cc1cc(C)c2nc(C(F)(F)F)nc(N3CCN(C(=O)c4ccco4)CC3)c2c1,0
CCNC(=O)c1ccccc1NC(=O)c1cccc(S(=O)(=O)N2CCC(C)CC2)c1,0
O=S(=O)(c1ccccc1C(F)(F)F)N1CCOCC1,0
CCN(CC)CCN1C(=O)c2oc3ccccc3c(=O)c2C1c1ccc(C)cc1,0
CN(Cc1nc(-c2ccncc2)no1)S(=O)(=O)c1ccc(Br)cc1,0
CCOC(=O)c1sc(NC(=O)CSc2nnnn2-c2ccc(C)c(C)c2)nc1C,0
COc1ccc(N2C(=O)CCC(C(=O)NCCN3CCOCC3)C2c2ccc(OC)c(OC)c2)cc1,0
O=C(O)c1cccc(Cn2cccn2)c1,0
Cc1cccc(NS(=O)(=O)c2ccccc2)n1,0
Cc1c(NS(=O)(=O)c2ccc3c(c2)c(=O)n(C)c(=O)n3C)c(=O)n(-c2ccccc2)n1C,0
Cc1ccc2c(c1)N(C(C)C(=O)NCCc1ccccc1)C(=O)CO2,0
CC1CCCN(CCCNC(=O)C2CC(=O)N(c3ccc(F)c(Cl)c3)C2)C1,0
CCOC(=O)c1sc(NC(=O)CSc2nnnn2-c2ccc(C)cc2C)nc1C,0
CC(C)CC(NC(=O)NC(C)C)C(=O)O,0
Cc1cc(NC(=O)c2noc3c2CCCC3)nn1Cc1ccc(Cl)cc1,0
O=C(NCCCn1ccnc1)c1cn(-c2ccccc2)nc1-c1ccc(F)cc1,0
Cc1cc(C)cc(OCc2nnc(SCC(=O)OC3CCCCC3)o2)c1,0
COc1ccc(S(=O)(=O)N(C)CC(=O)NCc2cccnc2)cc1,0
Cc1c(C(=O)NCc2cccnc2)oc2ccc(S(=O)(=O)N3CCCCC3)cc12,0
Cc1oc(-c2ccccc2F)nc1CN1CCC(C(=O)NCc2cccnc2)CC1,0
Cc1ccccc1-c1nc(CS(=O)(=O)CC(=O)NCCCN2C(C)CCCC2C)c(C)o1,0
Cc1cc(NC(=O)NC(=O)c2cccc(OC(F)(F)C(F)F)c2)n[nH]1,0
Cc1ccc(C(=O)NC(Cc2c[nH]c3ccccc23)C(=O)O)o1,0
O=C1CC(c2ccco2)Sc2nc3ccccc3n21,0
c1ccc(CSc2nnc(-c3ccco3)n2Cc2ccccc2)cc1,0
CCCn1/c(=N/C(=O)c2ccco2)c(C(=O)OCC)cc2c(=O)n3ccccc3nc21,0
CCOc1cc(C)c(Cl)cc1S(=O)(=O)n1nnc2ccccc21,0
Cc1cccc(CSc2ncnc3nc[nH]c23)c1,0
CN1C(=O)CSc2ccc(NC(=O)N3CCc4ccccc43)cc21,0
O=C(Nc1ccccc1)NC1(C(=O)NCc2ccco2)CCCCC1,0
O=C(c1ccc(S(=O)(=O)N2CCCCC2)cc1)N1CCN(Cc2ccc3c(c2)OCO3)CC1,0
COc1ccc(-n2cc(-c3ccccc3)c3c(N4CCN(CCO)CC4)ncnc32)cc1,0
O=C(O)C1C2C=CC(C2)C1C(=O)NCCc1ccccc1,0
CCOC(=O)C1CCCN(C(=O)Cn2cccc2C(=O)c2ccccc2)C1,0
N#Cc1c(/N=C/c2ccco2)sc2c1CCC2,0
COc1cc(NC2=CC(=O)CC(C)(C)C2)cc(OC)c1,0
Oc1ccc(N2CCN(c3ncnc4sc5c(c34)CCC5)CC2)cc1,0
Cc1cc(OCC(=O)c2ccc(F)cc2)ccc1N1C(=O)CCC1=O,0
Cc1nc2c(C(=O)N3CCCC3)c[nH]n2c(=O)c1Cc1ccc(F)cc1Cl,0
COCc1nnc(NC(=O)CCCOc2ccccc2)s1,0
O=C(c1ccccc1)N(Cc1ccc(F)cc1)C1CCS(=O)(=O)C1,0
COc1ccc(NC(=O)CN2CCN(CC(=O)Nc3ccccc3Cl)CC2)cc1,0
CC(C)CN(C(=O)COC(=O)Cn1cnc2ccccc2c1=O)C1CCS(=O)(=O)C1,0
Cn1c(=O)[nH]c(=O)c2c1nc(N1CCCCCC1)n2CCN1CCCCCC1,0
Cc1ccc(CNC(=O)c2ccc(Cn3nc(C)c(Cl)c3C)o2)cc1,0
Cc1ccc(C)c(NC(=O)C2CC(O)CN2C(=O)OC(C)(C)C)c1,0
COC(=O)c1cc(NC(=O)C2COc3ccccc3O2)ccc1Cl,0
CC1(C)Cc2c(C#N)c(SCC(=O)c3ccccc3)nc(N3CCOCC3)c2CS1,0
Cc1nn(CC(O)Cn2cnc3c2c(=O)n(C)c(=O)n3C)c(C)c1Br,0
COc1ccc(N2CCN(Cc3cc(=O)oc4ccc5ccccc5c34)CC2)cc1,0
Cc1cc(C)cc(CSc2nc(=O)c(C)n[nH]2)c1,0
CN(C)CCN1C(=O)c2oc3ccc(Cl)cc3c(=O)c2C1c1cccc(Br)c1,0
COc1ccc(OC)c(N(CC(=O)Nc2cccnc2)S(=O)(=O)c2ccc(OC)c(OC)c2)c1,0
COc1ccc(-c2nc3c(c(SCC(=O)N4CCOCC4)n2)COC(C)(C)C3)cc1,0
COc1ccccc1N1CCN(C(=O)CSc2nnc(NC(=O)C3CCC3)s2)CC1,0
CCSC1=C(C#N)C2(CCCCC2)C(C#N)C(=O)N1,0
CCOC(=O)CCCCC(=O)c1[nH]c(=O)[nH]c1CN1CCOCC1,0
O=C(Cc1cccs1)Nc1ccccn1,0
C=CCn1c(SCC(=O)Nc2ccccc2C)nnc1-c1ccncc1,0
COc1cccc(NC(=O)Cn2c(-c3cncs3)nc3ccccc32)c1,0
OC(COC1CCCCC1)CN1CCN(c2ccccc2)CC1,0
COc1ccc(OC)c(C2C3=C(CCCC3=O)Nc3nc4ccccc4n32)c1,0
COc1cccc(-c2csc(N3CCN(CC(=O)Nc4ccc5c(c4)OCO5)CC3)n2)c1,0
Cc1ccc(S(=O)(=O)c2nc(NCCCn3ccnc3)sc2Cl)cc1,0
COc1cc(S(=O)(=O)N2CCOCC2)cc(C(=O)c2nccn2C)c1OC,0
CCC(C)/N=C1\SCC(C)(/C=N/O)S1,0
C=CCn1c(SCC(=O)Nc2cccc(C(=O)OC)c2)nnc1C(C)NC(=O)c1cccs1,0
COc1ccc(-c2nnc(SCC(=O)N3CCOCC3)o2)cc1,0
Cc1ccc(Cn2ccc(NC(=O)c3cc(-c4cccc(Cl)c4)on3)n2)cc1,0
CCn1c(Cc2ccccc2)nnc1SCC(=O)OC(C)C,0
CCOC(=O)c1cccc(NC(=O)CSc2nnnn2C)c1,0
COC(=O)C(O)(NC(=O)OCc1ccccc1)C(F)(F)F,0
Brc1ccc(OCCn2ccnc2)cc1,0
CC(=O)Nc1sc2c(c1CN1CCN(c3ccccn3)CC1)CCCC2,0
C=C(C)CSC1=C(C#N)C(c2ccccc2Cl)CC(=O)N1,0
Cc1ccc(S(=O)(=O)NCC(=O)OCN2C(=O)c3ccccc3C2=O)cc1,0
CCOC(=O)c1[nH]c2cc(OC)c(OC)cc2c1NC(=O)CN1CCN(C)CC1,0
CC(=O)Nc1cccc(NC(=O)c2cc3ccccc3o2)c1,0
CCC(=O)c1ccc(OCC(O)Cn2cnc3ccccc32)cc1,0
COc1ccc(OC)c(Nc2ncnc3c2cnn3-c2cccc(C)c2)c1,0
Cc1cc2c3c(c1C)C1(C(=O)N3C(C)(C)CC2C)C(C#N)=C(N)Oc2n[nH]c(C)c21,0
CCc1nc(SCc2cccnc2)c2c(=O)n(C)c(=O)n(C)c2n1,0
O=C(CSc1nnc(-c2ccncc2)n1Cc1ccco1)OC1CCCCC1,0
COc1ccc(OCCN2C(=O)NC(C)(c3ccc(C)cc3)C2=O)cc1,0
CC1CCN(C(=O)CSc2ccc3nnc(-c4ccc(F)cc4)n3n2)CC1,0
C=C1Cn2c(nnc2-c2ccc(Cl)cc2)S1,0
COc1cccc(NC(=O)N2CCN(Cc3nc(=O)c4ccccc4[nH]3)CC2)c1,0
CCOc1cccc(Oc2ccc(C(F)(F)F)cn2)c1,0
CCOC(=O)c1c(NC(=O)CSc2nnc(CNc3ccc(OC)cc3)n2C)sc(C)c1C,0
N#Cc1ccc(N2CCN(C(=O)c3cccc(F)c3)CC2)c(F)c1,0
N#Cc1c2n(c3c(=O)n(CC(=O)c4ccc(Br)cc4)cnc13)CCCC2,0
COC(=O)C1=C(N)Oc2cc(C)n(Cc3ccco3)c(=O)c2C1c1cccc(Cl)c1,0
CCc1ccc(C(=O)CSc2ncn[nH]2)cc1,0
CCOc1cc(C)nc(N2CCC(C(=O)Nc3ccccc3OCC)CC2)n1,0
CN(C)CCNC(=O)c1coc(=O)c(Br)c1,0
CC(C)(C)C(=O)C(CO)(Oc1ccc(Cl)cc1)n1cncn1,0
CC(=O)Nc1c(O)nc(SCC(=O)Nc2ccc(C(C)=O)cc2)[nH]c1=O,0
CN(Cc1ccccc1)C(=O)c1cccc(NC(=O)c2ccco2)c1,0
CCOC(=O)c1c(C)oc2c1c1c(c3ccccc32)OCN(Cc2cccnc2)C1,0
O=c1nc(SCc2cc(=O)n3ccccc3n2)[nH]c2c1CCC2,0
O=C(CN1C(=O)CCSc2ccccc21)Nc1cccc(F)c1,0
CS(=O)(=O)Nc1ccc(C(=O)NC2CCCC2)cc1,0
COc1cccc(C2NC(=O)NC(C)=C2C(=O)Nc2ccc(C)cc2)c1OC,0
O=C(Nc1ccc(-c2nnc(-c3ccccc3)o2)cc1)C(F)(F)F,0
CCOc1cccc(-c2nnc3n2N=C(c2cc(OC)ccc2OC)CS3)c1,0
COc1cccc(NC(=O)C2CCCN(S(=O)(=O)c3ccc(-n4cnnn4)cc3)C2)c1,0
c1ccn2c(SCc3ccc4c(c3)OCO4)nnc2c1,0
O=C(O)C1C2C=CC(O2)C1C(=O)Nc1ccc2c(c1)OCCO2,0
CC12CN3CC(C)(CN(C1)C3c1ccc3ccccc3c1O)C2=O,0
COc1c(C)cc(Br)cc1C(=O)Nc1cccc(NC(=O)c2ccco2)c1,0
CCN(CCCNC(=O)CN1C(=O)COc2ccccc21)c1ccccc1,0
O=C(O)C1CCCCC1C(=O)NCCc1ccc(Cl)cc1,0
CCc1cccc(C)c1NC(=O)C1=C(C(=O)O)CCCC1,0
CSCCC(NC(=O)CCn1nnc2ccccc2c1=O)C(=O)O,0
O=C(CN1CCN(S(=O)(=O)c2ccc(F)cc2)CC1)Nc1ccccc1F,0
CC1CCCCN1CCNC(=O)c1ccc2c(=O)n(CCc3ccccc3)c(=O)[nH]c2c1,0
CC1CCCCN1Cc1nc2c(c(=O)n(C)c(=O)n2C)n1CCCc1ccccc1,0
CC(NC(=O)C1CCN(S(=O)(=O)N2CCCCCC2)CC1)c1ccccc1,0
CC(NC(=O)c1cnc2n(c1=O)CCS2)c1ccccc1,0
CN(C)S(=O)(=O)N1CCN(C(=O)c2ccccc2Cl)CC1,0
Cc1cccc(N2CCN(C(=O)c3ccc(Cl)c(S(=O)(=O)NCc4ccco4)c3)CC2)c1C,0
COc1cc2c(cc1NC(=O)CN(C)Cc1nc(=O)c3ccccc3[nH]1)oc1ccccc12,0
COc1ccc(-c2csc(NC(C)=O)n2)cc1OC,0
CC1CCCC(C)N1S(=O)(=O)c1ccc(NC(=O)c2ccccc2C(=O)N2CCOCC2)cc1,0
CC(=O)N1CN(Cc2ccccn2)Cc2c1sc1c2CCCC1,0
CCn1c(C(=O)NCc2cccnc2)cc2sc(Cl)cc21,0
COc1ccc2nc(/N=C/N(C)C)sc2c1,0
CCOC(=O)c1c(C)oc2cc(Br)c(OC(=O)N3CCOCC3)cc12,0
O=C(CSc1nnc(-c2ccco2)n1CC1CCCO1)N1CCCCC1,0
Cc1ccccc1OCC(=O)Nc1ccc2c(c1)COC2=O,0
CCOc1cccc(-c2nn3c(-c4ccco4)nnc3s2)c1,0
CN(Cc1nc(-c2ccccn2)no1)S(=O)(=O)c1ccc(Cl)cc1,0
CCOC(=O)C1CCN(c2nc3cc(OC)ccc3cc2C#N)CC1,0
Cc1c(Nc2nc3ccccc3nc2NS(=O)(=O)c2ccccc2)c(=O)n(-c2ccccc2)n1C,0
Cc1ccc2c(c1)NC(=O)C(CC(=O)NCCCN1CCCCC1C)O2,0
Oc1ccc(Br)cc1CN1CCCCCCC1,0
COc1ccc(-c2cn3cccnc3n2)cc1NC(=O)C1CCCC1,0
CCOC(=O)CC(=O)CSc1nc(C)cc(-c2cccnc2)c1C#N,0
c1ccc(-c2nc(NCCCN3CCOCC3)c3ccccc3n2)cc1,0
Brc1ccc(-c2nnc(-c3ccco3)o2)cc1,0
CCOC(=O)C1CCN(C(=O)c2cn(-c3ccccc3)nc2-c2cccnc2)CC1,0
CC(=O)c1cn(CC(=O)Nc2ccccc2)c2ccccc12,0
COc1ccc2cc(CN(CCc3ccccc3)Cc3nnnn3Cc3ccco3)c(=O)[nH]c2c1,0
Cc1cc(C)n(-c2ccc(C(=O)Nc3ccc(S(=O)(=O)NCc4ccco4)cc3)cc2)n1,0
COc1ccccc1C(=O)NCCc1nc2ccccc2[nH]1,0
Cc1nnc(SCc2ccc(C(=O)c3ccc(Cl)cc3)o2)n1-c1ccccc1,0
COc1ccc(C(=O)N2CCN=C2c2ccccc2)cc1OC,0
CCOc1ccc(NS(=O)(=O)c2cc(Cl)ccc2OC)cc1,0
COC(=O)c1cccc(Oc2nc3c(c(=O)n(C)c(=O)n3C)n2Cc2ccc(C)cc2)c1,0
COC(=O)c1ccc(CSc2nnc(-c3ccncc3)o2)o1,0
COc1ccc(C)cc1-n1c(N)c(C#N)c(C#N)c1-c1ccc(OC)c(OC)c1OC,0
Cc1c(C(=O)OC(C)C)[nH]c2c1C(=O)CCC2,0
COCCSc1ccccc1C(=O)N1CCCC1,0
O=C(NCC(F)(F)F)N1CCOCC1,0
CC1CCN(CCCNC(=O)C2CC(=O)N(C3CCCCCC3)C2)CC1,0
Cn1cccc1-c1nc2ccccc2n1Cc1ccccc1,0
CCOC(=O)c1c(C(=O)OCC)c(C)n(N2C(=O)CSC2=S)c1C,0
Cc1ccc(C)c(N2CCN(C(=O)C3CCN(c4nc(C)cc(C)n4)CC3)CC2)c1,0
CCCC12CN3CC(C)(CN(C1)C31C(=O)Nc3ccc(C)cc31)C2=O,0
CC(C)NC(=O)Cn1c(SCC(=O)N2CCCc3ccccc32)nc2ccccc21,0
c1ccc(Cn2c(-c3ccco3)nc3nc4ccccc4nc32)cc1,0
CCC(C)NC(=O)c1cc(-c2ccc(OC)cc2)on1,0
O=C(O)CSc1nnc(-c2ccc(S(=O)(=O)N3CCCC3)cc2)n1Cc1ccco1,0
CNc1nnc(-c2cc3ccccc3oc2=O)s1,0
COc1ccc(CCNC(=O)C2CCN(S(=O)(=O)N3CCCCCC3)CC2)cc1OC,0
CCOC(=O)C(NC(C)=O)(N1CCc2ccccc2C1)C(F)(F)F,0
CCOc1ccccc1NC(=O)CSc1nnc(-c2ccccc2Cl)n1Cc1ccco1,0
CC1CCCN(S(=O)(=O)c2ccc(C(=O)Nc3nnc(-c4ccccc4Cl)o3)cc2)C1,0
CC(C)(C)c1[nH]nc2c1C(c1cccc(OC(=O)N3CCOCC3)c1)C(C#N)=C(N)O2,0
O=C(O)Cc1ccc(NC(=O)C2CC=CCC2C(=O)O)cc1,0
Cc1ccc(S(=O)(=O)NC(=O)c2cc(C)n(CCCn3ccnc3)c2C)cc1,0
COc1ccc(CCNC(=O)CSc2nnc(-c3ccccc3)o2)cc1OC,0
CC(C)OC(=O)CN1CCN(C2c3ccccc3-c3ccccc32)CC1,0
CC(=O)NC1CC2CCCC(C1)N2,0
CN1CCN(c2nc3c(c(=O)[nH]c(=O)n3C)n2Cc2cccc3ccccc23)CC1,0
COc1ccc(S(=O)(=O)NCC2CCC(C(=O)N3CCC4(CC3)OCCO4)CC2)cc1,0
COc1ccc(Cc2nnc(NC(=O)Cc3cccs3)s2)cc1,0
Cn1c(=O)c(=O)n(C)c2cc(S(=O)(=O)N3CCc4ccccc43)ccc21,0
O=C(CSc1nnc(-c2ccccc2Br)o1)Nc1cccc2ccccc12,0
COc1ccc(NC2c3ncccc3C(=O)N2Cc2ccccc2)c(OC)c1,0
CC(=O)Nc1ccc(CN2CCN(c3cccc(C(F)(F)F)c3)CC2)cc1,0
Cc1nn(C)c(C)c1NS(=O)(=O)c1ccccc1,0
O=c1nc(C(F)(F)F)nc2n(Cc3ccccc3F)[nH]nc1-2,0
O=C(c1ccc(Br)o1)N1CCN(c2ccccn2)CC1,0
COC(=O)c1c(NC(=O)CN2CCN(c3ccccc3OC)CC2)c2cc(C)ccc2n1C,0
Cc1ccc(N(CC(=O)NCC2CCCO2)S(C)(=O)=O)cc1Cl,0
Cc1ccc(C(C)C)c(OCC(=O)Nc2ccc(N3CCN(S(C)(=O)=O)CC3)cc2)c1,0
CCCCOC(=O)C1=C(C)N=C2N=CNN2C1c1cc(OC)ccc1OC,0
O=C1CC(c2ccc(S(=O)(=O)N3CCN(c4ccccc4)CC3)cc2)CN1,0
CCN(CC)CCNC(=O)C1c2ccccc2C(=O)N(C)C1c1cn(C)c2ccccc12,0
O=C(CSc1nnc(C2CCCCC2)n1-c1ccccc1)NCc1ccco1,0
Cc1ccc(S(=O)(=O)Nn2c(C)ccc2C)cc1,0
COc1cc(NC(=O)NCCN2CCN(c3ccc(Cl)cc3)CC2)ccc1C,0
CC(=C1C(=O)c2ccccc2C1=O)N1CCC(C(N)=O)(N2CCCCC2)CC1,0
COc1cc(NC(=O)C2CCCN(S(=O)(=O)c3cccc4nsnc34)C2)cc(OC)c1,0
COc1ccc(N2CCN(CC(=O)Nc3nc4c(s3)CC(C)CC4)CC2)cc1,0
O=C1NC(c2ccccc2Cl)Nc2ccccc21,0
O=S(=O)(NCC(c1cccnc1)N1CCN(c2ccc(F)cc2)CC1)c1cc(F)ccc1F,0
Cc1ccccc1-c1nnn(CC(=O)NCc2ccc3c(c2)OCO3)n1,0
O=C(NC1CCCCC1)N1CCCC(c2nc(-c3ccc(S(=O)(=O)N4CCCC4)cc3)no2)C1,0
COC1=C/C(=C\Nc2cc(C)on2)C(=O)C=C1,0
O=C(O)C1CC=C(Cl)CC1C(=O)NCc1ccccc1,0
COCCCNC(=O)C(F)(F)C(F)(F)C(=O)NCCCOC,0
CC1(C)CC(=O)c2sc(NC(=O)CN3CCOCC3)nc2C1,0
C=C(C)Cn1c(N2CCC(Cc3ccccc3)CC2)nc2c1c(=O)[nH]c(=O)n2C,0
CN(C)S(=O)(=O)N1CCN(C(=O)N(c2ccccc2)c2ccccc2)CC1,0
Cc1ccc(C)c(-n2c(SCC(=O)Nc3nnc(C)s3)nnc2-c2ccoc2C)c1,0
O=C(COC(=O)C1c2ccccc2Oc2ccccc21)Nc1ccc2c(c1)OCO2,0
Cc1ccccc1NC(=O)Cc1nnc(SCC(=O)N2CCN(c3ccccc3)CC2)n1C,0
CC1(C)Cc2c(C#N)c(SCCC#N)nc(N3CCOCC3)c2CS1,0
CCn1cc(C(=O)N(CCCN2CCOCC2)Cc2ccco2)c(=O)c2ccc(C)nc21,0
CC12CCC(C(=O)NCc3ccco3)(OC1=O)C2(C)C,0
CCCCc1noc2c1/C(=N/O)CC(c1ccccc1)C2,0
COCCN(C(C)=O)c1nnc(-c2ccccn2)s1,0
COC(=O)c1[nH]c2cc(OC)ccc2c1NC(=O)CCN1CCCC(C)(C)C1,0
Cc1nn2cc(-c3ccccc3)nc2s1,0
Cn1c(=O)cc(OCCCC(=O)NCc2ccco2)c2ccccc21,0
CCOC(=O)N1CCC(NC(=O)c2cc3c(-c4ccc(OC)c(OC)c4)nn(C)c3s2)CC1,0
C=CCn1c(SCc2c(C)noc2C)nnc1C1COc2ccccc2O1,0
Cc1ccc(Cl)cc1N1CCN(C(=O)C2CCN(S(=O)(=O)c3cnc[nH]3)CC2)CC1,0
CCN(CC)c1ccc(NC(=O)CSc2nc(=O)cc(C)[nH]2)cc1,0
COc1cc(NC(=O)C(F)(F)F)cc(OC)c1,0
Brc1ccccc1-c1nnc(CSc2nnnn2-c2ccccc2)o1,0
COC(=O)c1oc2ccc(Br)cc2c1NC(C)=O,0
COc1ccc2oc(=N)c(C(=O)Nc3ccccc3)cc2c1,0
O=c1cc(N2CCN(c3ccccc3)CC2)[nH]c(=O)n1-c1ccccc1Cl,0
Cc1ccc(S(=O)(=O)Nc2nc3ccccc3nc2NCc2ccco2)cc1,0
CCOC(=O)CSc1nnc(-c2ccccc2OC)o1,0
Cc1cc(NC(=O)CSc2nnc(COc3cccc(C)c3C)n2Cc2ccco2)no1,0
COc1ccc(OC)c(C(=O)CN2CCN(S(=O)(=O)c3ccc(Br)cc3)CC2)c1,0
C1=C(C(c2nnnn2C2CCCCC2)N2CCCCC2)COc2ccccc21,0
CCN(CC)CCCN1C(=O)C(O)=C(C(=O)c2sc(C)nc2C)C1c1ccc(C)o1,0
COc1ccc(CSc2nc(=O)cc(C)[nH]2)cc1Br,0
O=C(c1cc2c(s1)CCCCCC2)N1CCC2(CC1)OCCO2,0
Cc1sc2nc3n(c(=O)c2c1C)Cc1ccccc1-3,0
COC(=O)c1ccc(CN2C(=O)NC3(CCCCC3C)C2=O)o1,0
Cc1oc(-c2ccc(Cl)cc2)nc1CN1CCCC(C(=O)N2CCc3ccccc32)C1,0
Cc1nnc(C)c2c(C)n(-c3ccc(Br)cc3)c(C)c12,0
Clc1ccc(-c2nn3c(-c4ccccc4)nnc3s2)cc1,0
CCOc1ccc2cc(C#N)c(SCC(=O)N3CCC(C)CC3)nc2c1,0
COc1cccc(CN(Cc2cccnc2)S(=O)(=O)c2ccc(-n3cnnn3)c(C)c2)c1,0
O=C(CSc1nnnn1-c1ccc2c(c1)OCCO2)N1CCc2ccccc21,0
Cc1cc(NC(=O)Cn2cc(C(F)(F)F)cc(Cl)c2=O)no1,0
COc1cccc(C2/C(=C(/O)c3ccccc3)C(=O)C(=O)N2CCCC(=O)O)c1,0
CC(C)(C)NC(=O)C(c1ccc(OCC(N)=O)cc1)N(C(=O)c1cccnc1)C1CC1,0
CNS(=O)(=O)c1cccc(C(=O)OCC(=O)Nc2ccccc2OC(F)F)c1,0
CC(C)OC(=O)CCCCCN1C(=O)CSC1=S,0
CC1CCCN(S(=O)(=O)c2ccc(NC(=O)Cn3nnc(-c4ccccc4F)n3)cc2)C1,0
COc1ccc(NC(=O)c2c(F)c(F)c(F)c(F)c2F)cc1Cl,0
Cc1cccc(C)c1OCC(O)CNS(=O)(=O)c1ccccc1C(=O)N1CCCCC1,0
CCOC(=O)C(C)Oc1ccc(C2NC(=O)NC(C)=C2C(=O)Nc2ccccc2C)cc1,0
O=C(c1cccc(Cl)c1)N1CCN(c2ccccn2)CC1,0
O=C1OCCC1Sc1nnc(-c2ccc(Br)cc2)o1,0
COC(=O)Nc1sc(C)nc1-c1ccccc1,0
CCC(=O)N1CCN(c2ccccc2NC(=O)Cc2ccccc2)CC1,0
CCCCOc1ccccc1C1CC(=O)NC2=C1C(=O)CCC2,0
O=C(CSc1nnc(-c2cccs2)n1-c1ccccc1)NCC1CCCO1,0
CCc1c(C(=O)Nc2ccncc2)csc1C,0
COc1ccc(N(CC(=O)NCc2ccco2)S(C)(=O)=O)cc1Cl,0
Brc1c(CSc2nc3ccccc3o2)nc2ncccn12,0
COc1ccc(-c2noc(Cc3ccc(Cl)cc3)n2)cc1OC,0
COc1cccc(C(=O)NCc2ccccc2OC)c1,0
O=C(c1cccc(S(=O)(=O)N2CCCC2)c1)N1CCN(c2ccccc2F)CC1,0
COc1cccc(-n2c(Cc3cc(=O)[nH]c(=O)[nH]3)nnc2SCC(=O)N2CCC(C)CC2)c1,0
O=C(CSc1nnc(-c2ccccn2)n1Cc1ccco1)c1ccc(Cl)cc1,0
CS(=O)(=O)N1CCN(C(=O)Cc2cccs2)CC1,0
CC(=O)Nc1cccc(NC(=O)C2CC(=O)N(c3ccc(C)cc3)C2)c1,0
CN1CCc2nc(SCCOc3ccccc3)c(C#N)cc2C1,0
Cc1ccnc(NC(=O)CCC2COc3ccccc3O2)c1,0
O=C(Nc1ccc(Cl)cc1C(=O)N1CCOCC1)c1ccco1,0
CCN(CC)S(=O)(=O)c1ccc(C(=O)Nc2ccc(OCC(=O)N3CCOCC3)cc2)cc1,0
Cn1cnc(S(=O)(=O)NCc2cccs2)c1,0
S=c1[nH]nc(-c2ccco2)n1C1CCCCC1,0
O=C(O)C1C2C=CC(C2)C1C(=O)NCc1ccoc1,0
Cc1ccccc1-n1nc2c(c1NC(=O)COc1ccc(Cl)cc1)CS(=O)C2,0
Fc1ccc(-c2nc3n(n2)Cc2ccccc2-3)cc1,0
CN(C)c1ccc(C(=O)OCC(=O)c2cccs2)cc1,0
CC(=O)c1cc(-c2ccc(F)cc2)n(CC(=O)NCc2cccs2)c1C,0
COc1ccc(S(=O)(=O)C(C#N)c2nc3ccccc3nc2N2CCCC(C)C2)cc1,0
N#CCCCSc1nnc(-c2ccc(Cl)cc2)n1-c1ccccc1,0
CCn1c(SCc2cccc(C(F)(F)F)c2)nnc1-c1ccco1,0
Cc1ccc(NCc2nnc(SCC(=O)Nc3ncc(C)s3)n2CC2CCCO2)c(C)c1,0
O=C1C2CCCN2C(c2cccs2)N1c1ccc(Cl)cc1,0
Cc1oc2c(c1C(=O)NC(Cc1c[nH]c3ccccc13)C(=O)O)CCCC2,0
CC(Oc1ccccc1)C(=O)N1CCCc2ccccc21,0
CCOC(=O)C1=C(CN2CCC(C)CC2)NC(=O)NC1c1ccc(Cl)cc1,0
COCCn1c(-c2ccc(OC)cc2)cnc1SCC(=O)Nc1cc(C)on1,0
N#CCCN(Cc1cccnc1)S(=O)(=O)c1ccc(S(=O)(=O)N2CCCCCC2)cc1,0
COc1ccc(-c2nnc(SC(C)C(=O)Nc3ccc4c(c3)OCCO4)o2)cc1,0
CCOC(=O)N1CCC(n2c(=S)[nH]c3cc(OC)c(OC)cc3c2=O)CC1,0
O=C1CC(N2CCN(c3cccc(C(F)(F)F)c3)CC2)C(=O)N1c1ccccc1,0
Cc1ccc(Cl)cc1N1CCN(C(=O)C2CCC(=O)N2C(C)C)CC1,0
COc1cccc(C(=O)Nc2c(F)c(F)c(F)c(F)c2F)c1,0
Cc1cccc(-c2ccc(/C=N/c3c(C)n(C)n(-c4ccccc4)c3=O)o2)c1,0
Cc1c(NC(=O)c2coc(=O)c(Br)c2)c(=O)n(-c2ccccc2)n1C,0
O=C(CSc1nnnn1Cc1ccccc1)Nc1ccc2c(c1)OCO2,0
Cc1noc(C)c1CSc1ncnc2ccccc12,0
O=C(CNS(=O)(=O)c1ccc(C(=O)N2CCCCC2)cc1)N1CCCCC1,0
CCc1c(O)n(C2CCCCC2)c(SCC(=O)Nc2ccc(C)cc2)nc1=O,0
Cc1ccnc(NS(=O)(=O)c2ccc(NC(=O)C3CCCCC3C(=O)O)cc2)n1,0
CC(NC(=O)C1CCCCC1)c1ccc2c(c1)OCCO2,0
CN(CC(=O)NC1CCCCC1)S(=O)(=O)c1cccc2nsnc12,0
C=CCNC(=O)CCNS(=O)(=O)c1ccc(Br)cc1,0
O=C(NCc1ccccc1)C1CCN(C(=O)NCc2ccccc2)CC1,0
O=S(=O)(c1ccc(Oc2ncnc3scc(-c4ccccc4)c23)cc1)N1CCOCC1,0
CCOC(=O)N1CCC(NC(=O)CS(=O)Cc2nc(-c3ccc(OC)c(OC)c3)oc2C)CC1,0
COc1ccc(C(=O)N(Cc2ccc(N(C)C)cc2)C2CCS(=O)(=O)C2)cc1,0
Cc1nn2c(-c3ccc(Cl)cc3)nnc2s1,0
CCOc1ncccc1C(=O)OCc1cn2cc(Cl)ccc2n1,0
COc1ccc(-c2nc(C#N)c(NCCc3ccccc3)o2)cc1OC,0
Nc1nc(-c2cccnc2)nn1C(=O)CCc1ccccc1,0
CC(=O)OC(C(=O)n1nc(C)cc1C)c1ccccc1,0
Cn1c(CCN2CCOCC2)nc2cc(NC(=O)COc3ccc(Cl)cc3)ccc21,0
CCCc1nnc(NC(=O)CN2C(=O)c3ccccc3S2(=O)=O)s1,0
COc1ccc(NC(=O)CSc2nnc(COc3ccccc3)n2Cc2ccco2)cc1OC,0
COc1ccc(CNC(=O)CN(c2cccc(OC)c2)S(C)(=O)=O)cc1,0
COc1ccccc1C(=O)Nc1ccccc1N1CCN(S(C)(=O)=O)CC1,0
Cc1noc(C)c1S(=O)(=O)N1CCC(C(=O)N2CCN(C3CCCC3)CC2)CC1,0
Cc1ccc(Cn2[nH]nc3c(=O)nc(C4CCN(S(=O)(=O)c5ccc(C)cc5)CC4)nc2-3)cc1,0
CCOC(=O)N1CCN(C/C(C)=C/c2ccccc2)CC1,0
Cn1c(CC2C(=O)Nc3ccc(Br)cc32)nc2ccccc2c1=O,0
Cc1nc2nc(Cc3ccccc3)[nH]n2c(=O)c1Cc1ccccc1,0
O=C(OCc1c(F)cccc1Cl)c1cnccn1,0
COc1ccc(C(=O)Nc2c(F)c(F)c(F)c(F)c2F)c(OC)c1,0
COc1ccc(OC)c(NC(=O)c2ccc(NC(C)=O)cc2)c1,0
COc1ccc(C2c3c(n[nH]c3C)CC(C)(O)C2C(C)=O)cc1OC,0
Cc1ccc2nc(CSc3nnc(Cc4cccs4)n3C3CCCCC3)cc(=O)n2c1,0
O=C(NCc1ccco1)c1sc(=S)n2c1[nH]c(=O)c1ccccc12,0
Cc1ccc(S(=O)(=O)c2c(C)nn(C(C)(C)C)c2OC(=O)c2ccc(Br)o2)cc1,0
Cc1ccc(-c2csc3nnc(SCC(=O)Nc4cccc(C)n4)n23)cc1,0
CCNc1nc(C)cc(COC)c1C#N,0
O=C(N1CCOCC1)N1c2ccccc2CC(N2CCOCC2)c2ccccc21,0
O=C(NCCc1ccccc1)C1CCN(S(=O)(=O)N2CCC3(CC2)OCCO3)CC1,0
O=C1CCCC2=C1C(c1ccc3c(c1)OCO3)c1c([nH]n(-c3ccccc3)c1=O)N2,0
Cn1c(=O)c2c(nc(CN3CCc4ccccc4C3)n2Cc2ccccc2F)n(C)c1=O,0
CC(C)c1ccc(OCC(=O)N2CCN(C)CC2)c(Br)c1,0
O=S(=O)(c1ccccc1)c1nc(-c2ccco2)oc1NCCCN1CCOCC1,0
Cc1nnc(SCCn2c(N3CCCC(C)C3)nc3c2c(=O)[nH]c(=O)n3C)s1,0
CCC(=O)Nc1c2c(nn1-c1ccccc1C)CSC2,0
O=C(CCC(=O)N1CCN(S(=O)(=O)c2ccccc2)CC1)NC1CCCc2ccccc21,0
Fc1cccc(Cl)c1CSc1ncn[nH]1,0
CC(Oc1ccc(Cl)cc1)C(=O)Nc1nccs1,0
Cc1ccc2c(CC(=O)Nc3ccc(S(=O)(=O)Nc4ncccn4)cc3)coc2c1,0
CN(Cc1ccccc1)C(=O)CCCn1c(=O)[nH]c2cc(Cl)ccc2c1=O,0
CCOC(=O)C1CCN(Cc2ccccc2C(F)(F)F)CC1,0
COCCn1c(Sc2ccccc2)nc2c1c(=O)[nH]c(=O)n2C,0
CCCC1=C(C(=O)OCC)C(c2ccccc2OC)NC(=O)N1,0
CCOC(=O)CSc1nnc(-c2nnc(SCC(=O)OCC)n2CC)n1CC,0
CCN1CCN(c2cc(=O)n(-c3cc(Cl)ccc3C)c(=O)[nH]2)CC1,0
COc1cccc(OC)c1-c1nn2c(-c3ccccc3Cl)nnc2s1,0
COc1ccc(S(=O)(=O)N2CCC(C(=O)NCCc3ccc4c(c3)OCO4)CC2)cc1,0
Cc1cnc(NC(=O)CSc2nnc(-c3ccccc3)n2Cc2ccccc2)s1,0
CCOc1ccccc1NC(=O)c1ccccc1-c1nc(-c2ccccc2OC)no1,0
O=c1cc(N2CCCCC2)nc2n1CCCS2,0
c1ccc(-c2ccccc2-c2nc(-c3ccncc3)no2)cc1,0
CC/C(NCc1ccco1)=C1/C(=O)NC(=O)N(c2ccc(OC)cc2)C1=O,0
COc1ccc(N(CC(=O)Nc2ccc3c(c2)OCCO3)S(C)(=O)=O)c(OC)c1,0
Cc1ccc(C(=O)Nc2nc3c(s2)CCCC3)o1,0
COC(=O)c1ccc(S(=O)(=O)N2C3CCC2CC(NC(=O)NC2CCCCC2)C3)cc1,0
CCc1cc(Br)ccc1NC(=O)C1CCCO1,0
CCN(CC)S(=O)(=O)c1ccc(NC2c3ccccc3C(=O)N2Cc2ccc3c(c2)OCO3)cc1,0
Cc1cc(C)n2cc(CSc3nc4cc(Cl)ccc4o3)nc2n1,0
CCOC(=O)C(NC(=O)c1ccccc1)=C1CCCCC1,0
COc1ccc(OC)c(-n2nnnc2SCC(=O)Nc2ccc3c(c2)OCCO3)c1,0
O=C(Cc1ccccc1)Nc1ccc(-c2nnc(-c3ccco3)o2)cc1,0
Cc1ccc(NS(=O)(=O)c2cc(C(=O)O)ccc2Cl)c(C)c1,0
CN(C(=O)c1ccccc1Cl)c1ccccc1,0
COc1ccc(C(CC(=O)O)NC(=O)C2CCCCC2)cc1,0
CC1(C)Cc2c(C#N)c(SCC(=O)c3ccccc3)nc(N3CCOCC3)c2CO1,0
N#CCCn1c(SCC(=O)N2CCN(S(=O)(=O)c3ccccc3)CC2)nc2ccccc21,1
COc1ccc(OC)c(NC(=O)C2C3CC4OC(=O)C2C4C3)c1,0
O=C(c1ccc2c(c1)OCO2)C1C2C(=O)N(C3CCCCC3)C(=O)C2C2c3ccccc3C=CN12,0
CCn1c(N2CCN(CC(=O)c3ccc(OC)cc3)CC2)nc2ccccc21,0
Cc1ccc(N2CCN(C(=O)N3CCCC3)CC2)cc1Cl,0
COc1ccc2c(c1)c(C(O)CN1CCN(Cc3ccc4c(c3)OCO4)CC1)c(C)n2C,0
O=S(=O)(NCc1ccccc1Cl)c1cnc[nH]1,0
CSc1ccccc1NC(=O)c1ccc(C)o1,0
COc1ccc(C)cc1S(=O)(=O)N1CCN(c2cccc(C(F)(F)F)c2)CC1,0
Cc1nnc(NC(=O)CSc2nnnn2Cc2ccccc2)s1,0
COc1ccc(CCNC(=O)CSc2ncnc3c2oc2ccccc23)cc1OC,0
CC(NS(=O)(=O)c1ccc(F)cc1)C(=O)NCc1ccncc1,0
O=C(Cc1c(F)cccc1Cl)Nc1cccnc1,0
O=C(c1ccc2c3c(cccc13)CC2)N1CCN(c2ncccn2)CC1,0
CCOC(=O)c1cc(=O)n2nc(-c3ccc(C)cc3)nc2s1,0
COc1ccc(NC(=O)c2nc[nH]c2C(=O)Nc2ccccc2C)cc1,0
COc1ccc(-c2oc3ncnc(NCCN4CCOCC4)c3c2-c2ccc(OC)cc2)cc1,0
COC(=O)c1cccc(OCC(O)Cn2ccnc2)c1,0
Cc1noc(C)c1S(=O)(=O)N1CCC(C(=O)N2CCN(C(=O)c3ccco3)CC2)CC1,0
Cc1ccc(C)c(NC(=O)C2CC=CCC2C(=O)O)c1,0
Cn1cccc1C(C(=O)NC1CCCCC1)N(C(=O)Cc1cccs1)c1ccc2c(c1)OCO2,0
Cn1c(-c2ccccc2)cccc1=O,0
COC(=O)c1ccc(=O)n(-c2ccc(OC)cc2)c1,0
CCn1cc(C(=O)NCCCN2CCC(C)CC2)c(=O)c2cc(S(=O)(=O)N3CCCC3)ccc21,0
O=c1c2cccnc2[nH]c(=S)n1CCC1=CCCCC1,0
CCCc1ccccc1OCCNC(C)=O,0
O=C(COc1ccccc1)Nc1ccccc1N1CCN(c2ccc(F)cc2)CC1,0
O=C1C(Cl)=C(NCC2CCCO2)C(=O)N1CCc1ccccc1,0
Cc1ccc(OCC(O)CN2CCN(CC(O)COc3ccc(C)cc3)CC2)cc1,0
Cc1nc(N2CCN(S(=O)(=O)c3ccc(F)cc3)CC2)c2c(C)c(C)sc2n1,0
O=C(O)CC(NCc1ccco1)C(=O)OCC1CCCO1,0
CCOC(=O)c1c(C)c(C(=O)NCC2CCCO2)c(C)n1CC,0
COCCn1c(SCc2cnc(-c3ccccc3)s2)nnc1-c1ccncc1,0
CCc1ccc(NS(=O)(=O)c2ccc3[nH]cc(C(=O)NCC4CCCO4)c(=O)c3c2)cc1,0
CC1(C)Cc2c(sc3nc4n(c(=N)c23)CCC4)CO1,0
COCCN1C(=O)N(c2cccc(C)c2)C(=O)C1CC(=O)Nc1ccc(F)cc1,0
Cn1c(=O)[nH]c(=O)c2c1nc(N(CCO)Cc1ccccc1)n2CCCc1ccccc1,0
CNC(=O)Nc1cccc(C(F)(F)F)c1,0
O=C(NCCc1ccccc1)c1noc2c1CCCCC2,0
Cc1cc(NC(=O)CSc2nc(C3CCCCC3)nc3ccccc23)no1,0
Cc1ccc(S(=O)(=O)NCCCN2CCOCC2)cc1C,0
NC(=O)C1CCN(c2nc(-c3ccccc3)nc3c2oc2ccccc23)CC1,0
CCCC(=O)Nc1cc(Cl)ccc1N1CCN(C(=O)CC)CC1,0
CCOc1ccc(-n2c(C)nc3cc(C(=O)NCc4ccco4)ccc32)cc1,0
O=C(NCCN1CCN(c2ccccc2)CC1)c1cccc(Br)c1,0
COCCNC(=O)CN(Cc1ccc2c(c1)OCO2)C(=O)CCC(=O)Nc1nccs1,0
COc1ccc(NS(=O)(=O)c2ccc3c(c2)Cc2ccccc2-3)cn1,0
Cc1occc1-c1nnc(SCC(=O)Nc2ccccc2)n1Cc1ccccc1,0
COc1ccc(C(=O)CSc2nc(=O)cc(C)[nH]2)cc1,0
COC(=O)c1[nH]c2cc(C)ccc2c1NC(=O)CN1CCc2cc(OC)c(OC)cc2C1,0
O=C1C=C(NCc2ccco2)C2(CCCCC2)O1,0
Cc1ccc(S(=O)(=O)Cn2nnnc2CN2CCN(Cc3ccc4c(c3)OCO4)CC2)cc1,0
O=C(CSCCc1ccccn1)Nc1cccnc1,0
COc1ccc(N2C(=O)CC(N3CCN(S(=O)(=O)c4c(F)cccc4F)CC3)C2=O)cc1OC,0
O=C(CN1CCN(c2nc(-c3ccc(Cl)cc3)cs2)CC1)NCc1ccco1,0
O=S(=O)(c1cccc(F)c1)N1CCN(Cc2ccc3c(c2)OCO3)CC1,0
O=C(CCCn1c(=S)[nH]c2ccc(Br)cc2c1=O)N1CCN(c2ccccn2)CC1,0
CCOc1ccc(N(CC(=O)OC)S(=O)(=O)c2ccc(OC)c(OC)c2)cc1,0
Cc1ccnc(NC(=O)c2cc(S(=O)(=O)N3CCCCC3)ccc2Cl)c1,0
O=C(CSc1nnc(CN2CCOCC2)n1-c1ccccc1)N1CCc2ccccc21,0
Cc1cc(C)nc(N2CCC(C(=O)NCc3cccc(C(F)(F)F)c3)CC2)n1,0
O=C(NCCc1ccncc1)Nc1ccccc1Cl,0
COCCCn1c(SCC(=O)NC2CCCC2)nnc1-c1ccco1,0
Cn1c(=O)c2c(nc(NCc3ccc4c(c3)OCO4)n2Cc2ccccc2)n(C)c1=O,0
COC(=O)C1CCN(C(c2ccc(OC)c(OC)c2)c2sc3nc(C)nn3c2O)CC1,0
C=CCSc1nnc2n(CCc3ccccc3)c(=O)c3c4c(sc3n12)COC(C)(C)C4,0
CCOC(=O)N1CCN(S(=O)(=O)c2ccc3c(c2)CCN3C(=O)C2CCC2)CC1,0
N#CCSc1nnc(Cc2cccc3ccccc23)n1C1CCCCC1,0
COc1ccccc1NC(=O)N1CCc2[nH]c3ccc(Cl)cc3c2C1,0
O=C(Nc1cccnc1)c1cccs1,0
COc1ccc(OC)c(NC(=O)c2nnn(Cc3ccc(Br)cc3F)c2N)c1,0
O=C(O)C1CCCN(C(=O)NCc2ccccc2)C1,0
CC1(C)CC(=O)C(=CNCC2CCN(C(=O)Nc3ccccc3)CC2)C(=O)C1,0
CC/C(=C\C(=O)c1cccnc1)Nc1ccc(C)c(C)c1,0
c1cncc(-c2nc(-c3ccc4c(c3)OCO4)cs2)c1,0
COCCNC(=O)c1ccc(N2CCCCC2)c(NS(=O)(=O)c2ccc(C)cc2)c1,0
Nc1nc2sc3c(c2c(=O)s1)CCCC3,0
CCOc1ccc(NS(=O)(=O)c2ccc3[nH]cc(C(=O)NCC4CCCO4)c(=O)c3c2)cc1,0
Cc1ccc(OCCC(=O)Nc2c(C)n(C)n(-c3ccccc3)c2=O)cc1,0
Cn1ccnc1C(O)c1cc(C(C)(C)C)c(O)c(C(C)(C)C)c1,0
COc1ccccc1N(C(=O)CNS(=O)(=O)c1ccccc1)C(C(=O)NCc1ccco1)C(C)C,0
Cc1cccc(C(=O)OCc2cc3ccccc3[nH]c2=O)c1,0
COc1ccc(-c2csc3nc(C)n(-n4cccc4)c(=O)c23)cc1OC,0
COc1cccc(N2C(SCC(=O)N3CCOCC3)=NN/C2=C2\C=Nc3ccccc32)c1,0
Cc1ccnc(NC(=O)CCC(=O)N(CC(=O)NC2CCCCC2)Cc2ccc3c(c2)OCO3)c1,0
Cc1cc(C(=O)CSc2nc3ccccc3c(=O)n2C)c(C)n1Cc1ccc2c(c1)OCO2,0
CC(OC(=O)c1ccco1)C(=O)NC1CCCCC1,0
CC(=O)c1c(C)nc2cc(Cl)ccc2c1N,0
O=C(Cn1c(C(=O)N2CCN(C3CCCC3)CC2)cc2sccc21)c1ccccc1,0
COc1ccc(CCNC=C2C(=O)CCCC2=O)cc1OC,0
COc1ccc(C2(O)CCN(C(=O)c3c(F)cccc3F)CC2)cc1,0
CC(C)c1ccc(NS(=O)(=O)c2cn(C)c(=O)n(C)c2=O)cc1,0
CN1CCN(CCC(=O)Nc2ccccc2Cl)CC1,0
Cc1cccc(C2=NCC(=O)N(CC(=O)NCc3ccco3)c3sc4c(c32)CCCC4)c1,0
COc1ccc(C(=O)NCc2nnc(SCC(=O)Nc3cc(C)cc(C)c3)o2)cc1OC,0
CC(=O)Nc1coc2ccc(Br)cc12,0
Cc1nc2nc(COc3ccccc3)nn2c(C)c1Cl,0
Cc1ccc(-n2cnc3c(sc4nccc(N(C)C)c43)c2=O)cc1,0
CCC(Sc1nc2nnc(C)c-2c(N)n1-c1cc(Cl)ccc1C)C(=O)N1CCOCC1,0
CCOc1ccc(N2C(=O)CC(Sc3nccc(C)n3)C2=O)cc1,0
CCOC(=O)CCCCC(=O)c1[nH]c(=O)[nH]c1CSc1nc(C)cc(C)n1,0
CCOC(=O)c1[nH]c(C)c(C(=O)NCC2CCCO2)c1C,0
Nc1nc(COc2ccc3ccccc3c2)cs1,0
Cc1nc2ccc(NC(=O)c3ccc(S(=O)(=O)N4CCOCC4)cc3)cc2s1,0
COc1ccccc1NC(=O)Cn1c(C)cc(=O)c2cc(Br)ccc21,0
O=C(NCc1ccc(F)cc1)NC(Cc1ccccc1)C(=O)O,0
Cc1cc(C(=O)Nc2nnc(C3CCCCC3)s2)no1,0
CCN(c1ccc2c(c1)OCO2)S(=O)(=O)c1cc(Br)cc2c1N(C(=O)C1CC1)CC2,0
CCCn1c(SCC(=O)Nc2ccccc2C(=O)OC)nc2c1c(=O)n(C)c(=O)n2C,0
O=S(=O)(c1ccc(N2CC=C(c3ccccc3)CC2)nc1)N1CCCC1,0
CCOc1cc2[nH]c(=O)n(CCC(=O)NCCc3ccc(OC)c(OC)c3)c(=O)c2cc1OCC,0
Cc1onc(-c2ccccc2Cl)c1C(=O)Nc1ccc(CN2CCCC2)cc1,0
COc1nc2ccc(C)cc2cc1-c1noc(-c2cccnc2)n1,0
CCOc1ccc(C2C=C(c3ccc(F)cc3)N=C3N=CNN32)cc1,0
O=C(O)c1ccc(COc2ccccc2Cl)cc1,0
O=C(COc1ccccc1)Nc1cccc(-c2nnc(-c3ccccc3)o2)c1,0
Cc1cc(NC(=O)c2cccc(S(=O)(=O)N3CCOCC3)c2)c2ccccc2n1,0
CC(c1ccccc1)N1C(=O)CC(Sc2ncccc2C(=O)O)C1=O,0
Cc1ccc(OCC(=O)Nc2cccc(-c3nnc(-c4ccccc4)o3)c2)cc1,0
Cc1ccc2c(c1)c(-c1ccccc1)nc1nncn12,0
FC(F)(F)c1ccc(-n2ccnc2)nc1,0
Cc1cccc(-n2nnc(C(=O)N3CCc4ccccc4C3)c2N)c1,0
Cc1n[nH]c(C)c1C(=O)CC1(O)C(=O)N(CCc2ccccc2)c2ccc(Cl)cc21,0
COc1ccc(CNC(=O)C(C)NC(=O)c2cc3ccccc3o2)cc1,0
O=C(c1ccc(Cl)cc1)N1CCCOC1,0
CC(C)C(=O)Nc1nnc(Cc2ccccc2)s1,0
CCC(C)OC(=O)c1[nH]c2c(c1C)C(=O)CC(c1ccc(N(C)C)cc1)C2,0
COCCN(C(=O)c1csnn1)C(C(=O)NC1CCCCC1)c1cccs1,0
COc1cccc(CNC(=O)C2CCCN(S(=O)(=O)c3c(C)n[nH]c3C)C2)c1,0
CN(C1CCCCC1)S(=O)(=O)c1ccc(Cl)c(C(=O)O)c1,0
CCOC(=O)C(C)Sc1nc2c(c(=O)[nH]c(=O)n2C)n1Cc1ccc(Cl)cc1,0
N#Cc1cc2c(nc1SCc1ccccc1)CCCC2=O,0
COc1ccc(NC(=O)N2CCCCC2)cc1,0
Cc1cccc(Nc2nn3c(=O)c4ccccc4nc3s2)c1,0
CCOC(=O)N1CCN(S(=O)(=O)c2cc(Br)cc3c2N(C(C)=O)C(C)C3)CC1,0
O=C(C1CCCN(S(=O)(=O)c2cccc3nsnc23)C1)N1CCc2ccccc2C1,0
CCc1cc2c(NCC3CCCO3)ncnc2s1,0
CCN(CCCNC(=O)CN(C)S(=O)(=O)c1cccc2nsnc12)c1ccccc1,0
CC(C)c1[nH]nc2c1C(c1ccc(OC(=O)c3ccco3)cc1)C(C#N)=C(N)O2,0
Cn1c(CC(=O)Nc2ccccc2)nnc1SCCOc1ccccc1,0
Cc1ccc(C2NC(=O)NC(O)(C(F)(F)F)C2C(=O)c2ccccc2)o1,0
CCn1c(COc2cccc(C)c2)nnc1SCC(=O)CC(=O)Nc1ccccc1OC,0
OC(CN1CCN(c2cccc(C(F)(F)F)c2)CC1)c1c[nH]c2ccccc12,0
Cn1c(=O)c2c(nc(SCC(=O)c3cccs3)n2Cc2ccc(F)cc2)n(C)c1=O,0
Cc1cc(O)c(C2(C(F)(F)F)NCCNC2=O)cc1C,0
COC(=O)c1ccc(C2CC(=O)NC3=C2C(=O)CCC3)cc1,0
CCOCCCNC(=O)C1CCN(C(=O)Nc2ccc(C)cc2)CC1,0
Cc1cc(=S)cc(C)n1CCCn1ccnc1,0
CC(=O)c1ccc(NC(=O)CN2C(=O)COc3ccc(Cl)cc32)cc1,0
O=C(Nc1cccc(-c2cn3cccnc3n2)c1)c1ccc2c(c1)OCO2,0
O=C1C(Cl)=C(N2CCN(Cc3ccccc3)CC2)C(=O)N1c1ccccc1,0
COc1ccc(NC(=O)Nc2nccs2)cc1,0
COc1cccc(NC(=O)N2CCN(c3cccc(C)c3C)CC2)c1,0
CCC(=O)N1c2ccccc2C(N(C(C)=O)c2ccccc2)CC1C,0
CCN(CC)S(=O)(=O)c1cccc(-c2nnc(SCC(N)=O)n2CCc2ccccc2)c1,0
Cc1nc(C)c(C(=O)C2=C(O)C(=O)N(CCN3CCOCC3)C2c2ccco2)s1,0
O=S(=O)(N=S(N1CCCCC1)N1CCCCC1)c1ccccc1,0
CC1=C(C(=O)OCC2CCCO2)C(c2ccccc2)NC(=O)N1,0
CCC(=O)c1ccc(OCC(O)CN2CCOCC2)cc1,0
Cc1cccc(N(CC(=O)Nc2c(C)n(C)n(-c3ccccc3)c2=O)S(C)(=O)=O)c1,0
CC1(C)Cc2c(C#N)c(N)n(-c3ccccc3)c(=O)c2CO1,0
COc1cc(OC)cc(C(=O)N2CCC(N3CCN(c4ccccc4)CC3)CC2)c1,0
O=C(CCCn1c(=S)[nH]c2cc3c(cc2c1=O)OCO3)N1CCN(c2ccc(Cl)cc2)CC1,0
CC(=O)Nc1ccc(N2C(=O)CSC2c2ccc(F)cc2)cc1,0
OC(COCC1CC=CCC1)Cn1cnc2ccccc21,0
COC(=O)c1ccc(OC(=O)c2ccco2)cc1,0
Cc1ccccc1-c1nnc(SCc2ccccc2F)o1,0
Cc1ccc(OCCN2C(=O)OC(C)(C)C2(C)O)cc1,0
CCN(CC)C(=O)CN(Cc1ccccc1)S(=O)(=O)c1ccc(F)cc1,0
O=C1CC(N2CCN(c3ccccc3Cl)CC2)C(=O)N1c1ccccc1,0
Cc1ccc(N(CC(=O)N2CCc3ccccc32)C2=NC(=O)CS2)cc1,0
CCSCCNC(=O)c1cc(-n2cnnc2)ccc1Cl,0
COC(=O)C1=C(N)n2c(s/c(=C\c3cccnc3)c2=O)=C(C(=O)OC)C1c1cccnc1,0
CCOC(=O)N1CCN(c2c(-c3ccccc3)c3cc(Cl)ccc3[nH]c2=O)CC1,0
Cc1ccc(NCc2nnc(SCC(=O)N3CCc4ccccc43)n2C)cc1,0
COc1ccc(-n2nc3c(c2NC(=O)c2c(F)cccc2Cl)CS(=O)C3)cc1,0
CC(C)Cc1nnc(NC(=O)CCC(=O)N2CCOCC2)s1,0
Cc1cc(NC(=O)c2c(F)c(F)c(F)c(F)c2F)no1,0
COc1cccc(C(c2sc3ncnn3c2O)N2CCN(C(=O)c3ccco3)CC2)c1,0
CCOC(=O)C(O)(c1ccc(N(CC)S(=O)(=O)c2ccccc2)cc1)C(F)(F)F,0
CCCN(c1ccc(OCC)cc1)S(=O)(=O)c1ccc2c(c1)CCN2C(=O)CCC(=O)O,0
Cc1cccc(C)c1NC(=O)C1(N(Cc2ccco2)C(=O)c2ccccn2)CCCC1,0
COc1ccc(C(=O)NCCn2cc(SCC(=O)NCc3ccco3)c3ccccc32)cc1,0
CC1(C)Cc2c(c(N3CCOCC3)nc3sc4c(=O)nc[nH]c4c23)CS1,0
COc1ccc(-c2nnc(SCc3ccccc3F)o2)cc1OC,0
COc1ccc2cc(CN(CCO)C(=O)c3ccc(Br)cc3)c(=O)[nH]c2c1,0
CCOC(=O)C1CCN(C(=O)c2sc3nc(-c4ccccc4)cn3c2C)CC1,0
COc1ccc(-c2nnc(SCCC(=O)O)n2-c2ccccc2)cc1,0
Cc1oc(-c2ccccc2F)nc1CS(=O)(=O)CC(=O)N1CCOCC1,0
O=C(CC1COc2ccccc2O1)NC1CCCCC1,0
CCN1CCN(C(=O)c2ccc3c(=O)n(Cc4ccccc4OC)c(=S)[nH]c3c2)CC1,0
CCc1nnc(NC(=O)C2Cc3ccccc3C(=O)O2)s1,0
Cc1c(OCC(F)(F)F)ccnc1CS(=O)c1nc2ccccc2[nH]1,0
Cc1cc(C)nc(NS(=O)(=O)c2ccc(NC(=O)c3ccc4c(c3)OCO4)cc2)n1,0
Cc1cc(C)nc(N2CCC(C(=O)NCCc3ccc(F)cc3)CC2)n1,0
CCOc1ccc(CNc2ccc3c(c2)ncn3C)cc1,0
Cc1cccc(CC2CC(=O)N(c3ncccn3)C2=O)c1,0
O=C(c1ccc(-c2ccccc2)cc1)N1CCN(Cc2ccccn2)CC1,0
O=C(COC(=O)c1ccco1)Nc1ccc(Br)cc1,0
COc1ccc(N2CCN(C(=O)Cc3ccc(-n4c(=O)[nH]c5ccccc5c4=O)cc3)CC2)cc1,0
CCOC(=O)c1[nH]c(C)c(CN(Cc2ccco2)C(=O)C(F)(F)F)c1C,0
CCOC(=O)N1CCN(C(=O)CSc2ccccc2)CC1,0
COC(=O)CNC(=O)Cc1c(F)cccc1Cl,0
CCOC(=O)c1cccc(NC(=O)CCn2cccc2)c1,0
CC1(C)Oc2ccc(C(=O)NC3CCCC3)cc2N(CC(=O)NC2CCCC2)C1=O,0
CS(=O)(=O)N(CC(=O)N1CCN(c2cccc(Cl)c2)CC1)C1CCCCC1,0
CCc1ccc(NC(=O)C2CCCCC2C(=O)O)cc1,0
O=C(O)c1cccc(S(=O)(=O)N2CCOCC2)c1,0
CCOc1ccccc1NC(=O)N1CCC(NC(=O)c2cccc(C)c2)CC1,0
CCOc1cccc(N2C(=O)CC(N(CCc3ccc(OC)c(OC)c3)C(=O)CC)C2=O)c1,0
CCn1cc(C(=O)NC2CCC(C)CC2)c(=O)c2cc(S(=O)(=O)N3CCCCC3)ccc21,0
CC1Cc2nc(SCC(N)=O)n(Cc3ccccc3)c(=O)c2S1,0
O=C(CSc1nc2ccccc2c(=O)n1CCCC(=O)N1CCCC1)NCc1ccco1,0
CCOC(=O)CN1C(=O)COc2ccc(C(C)(C)C)cc21,0
Cn1c(=O)[nH]c(=O)c2c1nc(N1CCCCC1)n2CCCSc1nc2ccccc2s1,0
CN1CCN(C(=O)C(Cc2ccccc2)NS(=O)(=O)c2ccc3c(c2)CCC(=O)N3)CC1,0
O=C(CCNS(=O)(=O)c1ccc(Cl)cc1)N1CCC2(O)CCCCC2C1,0
CCC(=O)Nc1nonc1-c1nc2ccccc2n1CC(C)C,0
CSc1ccccc1-n1nnnc1SCC(=O)NCc1cccs1,0
Cc1ccc(N(CC(=O)NC2CCCC2)C(=O)CCCC(=O)Nc2ccccn2)cc1C,0
COc1cc(OC)cc(-c2nnc(SCc3cccnc3)o2)c1,0
COc1ccc(C(=O)CSc2nnc(C3CCCCC3)n2N)c(OC)c1,0
CC(C)NC(=O)C1CC(=O)N(c2ccc(F)c(Cl)c2)C1,0
CN1CCN(c2ccccc2NC(=O)c2ccc(-c3ccccc3)cc2)CC1,0
CCc1ccc2[nH]cc(C(=O)N3CCCCCC3)c(=O)c2c1,0
O=C(COc1ccccc1)Nn1cnc2ccccc21,0
CC(OC(=O)CCc1nc2ccccc2[nH]c1=O)C(=O)c1ccccc1,0
CCOC(=O)c1ccc(Nc2ncnc3nc[nH]c23)cc1,0
Cc1noc(NS(=O)(=O)c2ccc(N/C=C/C(=O)c3ccc4c(c3)OCO4)cc2)c1C,0
CCOC(=O)c1cccc(NC(=O)CN(C)S(=O)(=O)c2cnc[nH]2)c1,0
NS(=O)(=O)c1ccc(NC(=O)CSc2nnc(-c3cnccn3)n2-c2ccccc2)cc1,0
COc1nc(NC23CC4CC(CC(C4)C2)C3)nc(OC)n1,0
CCN(CC(=O)NC1CCCCCC1)S(=O)(=O)c1ccccc1,0
CCN(CC)CCNC(=O)c1nn(-c2ccc(C)cc2)c(=O)c2c1c1ccccc1n2C,0
Cc1[nH]c(=O)[nH]c(=O)c1S(=O)(=O)Nc1ccc(Oc2ccccc2)cc1,0
Cc1c(NC(=O)C2(C)CCCCC2)c(=O)n(-c2ccccc2)n1C,0
CN(C(=O)c1cccnc1)c1nnc(-c2cccnc2)s1,0
CC(=O)Cc1nsc(NC(=O)c2ccc(-c3cccc(C(F)(F)F)c3)o2)n1,0
Cc1ccnc(SCCn2c(Br)nc3c2c(=O)[nH]c(=O)n3C)n1,0
O=C(NCc1ccc(N2CCCC2=O)cc1)c1cn(CCc2ccccc2)nn1,0
CCCCCCN(Cc1ccco1)c1nc(N2CCOCC2)nc(N2CCOCC2)n1,0
CCOc1ccc(NC(=O)C2CC=CCC2C(=O)O)cc1,0
CCN(CC)S(=O)(=O)c1ccc2c(c1)nc(SCC(=O)NC1CC1)n2-c1ccccc1OC,0
C=CCn1c(SCc2ccc(C(=O)OC)cc2)nnc1-c1sc(N)nc1C,0
Cc1cc(C)n2nc3nc(N4CCCC4)nc(-c4ccccc4)c3c2n1,0
COc1ccccc1-c1cn[nH]c(=S)n1,0
CCn1cc(Br)c(C(=O)Nc2ccc(C(=O)OC(C)C)cc2)n1,0
COc1ccccc1NC(=O)CCN1CCN(CCC(=O)Nc2ccccc2OC)CC1,0
COc1ccc(NC(=O)C2OCCc3ccccc32)c(OC)c1,0
O=C(NCCCN1CCOCC1)c1cc(-c2ccc(Br)cc2)on1,0
COc1ccc(N(CC(=O)N2CCc3ccccc32)S(=O)(=O)c2c(C)noc2C)cc1,0
Clc1cccc(N2CCN(Cc3nc(-c4ccccc4)no3)CC2)c1,0
CCOC(=O)C1CCN(Cc2nc3ccc(Cl)cc3n2CCO)CC1,0
Cn1cc(Cl)c(C(=O)NC2CCCCCC2)n1,0
CCN(CC)C(=O)c1cn(CC)c(=O)c2cc(OC)c(OC)cc12,0
Nn1c(COc2ccccc2)nnc1SC(F)F,0
O=C(Nc1ccc(Br)cc1F)c1ccncc1,0
CCOC(=O)NC1(C(F)(F)F)N=C(c2ccccc2)NC1=O,0
O=C(c1ccc2c(=O)n(CC3CCCO3)c(=S)[nH]c2c1)N1CCN(c2ccccc2)CC1,0
CC(=O)Nc1ccc(S(=O)(=O)Nc2c(C)n(C)n(-c3ccccc3)c2=O)cc1,0
CCCCOc1ccc(S(=O)(=O)N2CCCCCC2)cc1,0
O=C(NCCc1nc2ccccc2[nH]1)c1ccco1,0
Cc1ccc(C)c(NS(=O)(=O)c2ccc(NC(=O)c3ccco3)cc2)c1,0
Cc1ccnc(N2CCC(C(=O)Nc3cccc(C(F)(F)F)c3)CC2)n1,0
Cc1ccccc1NC(=O)CSc1[nH]c(=O)cc(C)c1C#N,0
COC(=O)c1c(NC(=O)CSc2nc3c(c(=O)n(C)c(=O)n3C)n2C(C)C)sc(C)c1C,0
O=c1nc(SCc2ccccc2Cl)[nH]c2c1CCCC2,0
COCC(=O)NC1CC2CCCC(C1)N2Cc1ccccc1,0
O=C1CC(c2ccoc2)CC(Nc2ccccc2)=C1C(=O)Nc1ccccc1,0
CCSC1=C(C#N)C(c2ccccc2OC)CC(=O)N1,0
Cc1cc(NC(=O)c2cccc(S(=O)(=O)N3CCCC3)c2)no1,0
CCOC(=O)C(CC)n1cnc2c(nnn2-c2ccc(C)cc2)c1=O,0
O=C(CCCOc1ccccc1)Nc1nccs1,0
CCCS(=O)(=O)Nc1cc(C(F)(F)F)ccc1OCCOC,0
Cc1[nH]c2ccccc2c1C1=CN2CCS(=O)(=O)N=C2S1,0
CCOC(=O)c1c(C)c(C(=O)Nc2cc(F)ccc2F)c(C)n1C,0
CC(C)CSc1nc(N2CCOCC2)c2c(c1C#N)CC(C)(C)SC2,0
COc1cc(-c2nn3c(Cc4ccccc4)nnc3s2)cc(OC)c1OC,0
CCOC(=O)CC(=O)CSc1nc2ccc(C)cc2cc1C#N,0
Cc1nc(S(=O)(=O)N(C)Cc2ccccc2)c(C#N)c(C)c1Cl,0
O=C(O)CCCCCNCc1ccncc1,0
COC(=O)c1[nH]c2cccc(Cl)c2c1NC(=O)CN1CCCCC1C,0
COc1ccc(NC(=O)c2ccccc2Cl)cc1NC(=O)CN1CCOCC1,0
COc1cc(CNc2ccccc2SC)ccc1O,0
CCOC(=O)c1sc(NC(=O)CSc2nnnn2-c2ccccc2)nc1C,0
COc1ccc(N2CCN(C(=O)c3cc4c(-c5cccc(OC)c5)nn(C)c4s3)CC2)cc1,0
Cn1c(CN2CCCCC2)nc2cc(NS(=O)(=O)c3ccc(Cl)cc3)ccc21,0
O=C(CSc1nnc(-c2cccnc2)o1)c1cc2ccccc2oc1=O,0
COc1ccc2c(CSc3nc4nc(C)cc(C)n4n3)cc(=O)oc2c1,0
CN(C)C(=O)N1CCC(C(=O)NCc2cccs2)CC1,0
Cc1cc(NCCN2CCOCC2)n2nc(C)c(-c3ccccc3)c2n1,0
COc1ccc(S(=O)(=O)N(CCc2ccccc2)CC(=O)N2CCOCC2)cc1,0
CCCCOc1ccc(-c2ncc(Cl)cn2)cc1,0
CCOC(=O)C1=C(Nc2cccc(Cl)c2)OCC1=O,0
COc1cc2ccccc2cc1-c1nnc(COc2ccccc2)o1,0
O=C(CSc1n[nH]c(-c2ccc(S(=O)(=O)N3CCCCC3)cc2)n1)Nc1nccs1,0
O=C(CN1CCN(c2ccccn2)CC1)Nc1ccc(Oc2ccccc2)cc1,0
CCCOc1ccc(N2CC(C(=O)Nc3ccccc3OC)CC2=O)cc1,0
Cc1cccc(NCC(O)Cn2cnc3c2c(=O)n(C)c(=O)n3C)c1,0
COC(=O)c1sc(NC(=O)C(C)C)c(C(=O)OC)c1C,0
O=C(CSc1nnnn1-c1ccccc1)Nc1ccc(Cl)cc1,0
CC1CCCCN1S(=O)(=O)c1ccc(C(=O)Nc2nnc(-c3cccs3)o2)cc1,0
CCn1cc(Br)c(C(=O)NC(C)c2ccccc2)n1,0
O=C(O)CCCC(=O)Nc1ccccc1Br,0
CCOc1ccc(N(CC(=O)NC2CCCC2)S(=O)(=O)c2c(C)[nH]c(=O)[nH]c2=O)cc1,0
Cc1cc(C)nc(SCC(=O)N2CCOCC2)n1,0
O=C(NCCCN1CCCCCC1)c1ccc(CS(=O)(=O)Cc2ccccc2F)o1,0
OC(Cc1nc2ccccc2[nH]1)c1ccccc1Cl,0
Cc1cc(NC(=O)c2ccc(S(=O)(=O)N3CCCC3)cc2)nc2c1c(=O)oc1ccccc12,0
O=C(Nc1ccccc1N1CCN(C(=O)c2ccc(Cl)cc2)CC1)c1cccnc1,0
CCOC(=O)c1nnn(-c2nonc2N)c1CNc1ccc(C)c(Br)c1,0
CC(C)Oc1ccc(CNC2CCOC(C)(C)C2)cc1,0
COc1cc(NC(=O)c2cc3nc(C)cc(C)n3n2)c(OC)cc1Cl,0
CCOc1ccc2cc(S(=O)(=O)N3CCN(C)CC3)ccc2c1,0
CC(NC(=O)C(c1ccccc1)c1ccccc1)C(=O)O,0
CCCn1nc(C(=O)NCCc2ccc(S(N)(=O)=O)cc2)c2ccccc2c1=O,0
COc1ccc(N2CCN(C(=O)CNC3=NS(=O)(=O)C(c4ccc(C)cc4)=C3C)CC2)cc1,0
CC1Oc2ccccc2N(CC(=O)Nc2ccc3c(c2)OCCO3)C1=O,0
Cc1ccc(S(=O)(=O)N(C)CCCC(=O)N2CCN(C=O)CC2)cc1,0
CCOc1ccc2nc(NC(=O)CN3CCC(n4nnc5cc(F)ccc54)CC3)sc2c1,0
CC1(C)Cc2c(c(-c3ccccc3Cl)[nH]c(=O)c2C#N)CO1,0
CCN(CC)CCCNC(=O)c1nn(-c2cc(OC)cc(OC)c2)c(=O)c2ccccc12,0
Cc1cc(C)c(N2/C(=N/C(=O)CCCC(=O)O)SC3CS(=O)(=O)CC32)c(C)c1,0
COCCn1c(SCC(=O)Nc2ccccc2)nc2c1c(=O)[nH]c(=O)n2C,0
CC(=O)Nc1ccc(S(=O)(=O)N2CCN(c3cccc(C)c3C)CC2)cc1,0
CC(NC(=O)c1ccc(=O)oc1)c1ccccc1,0
CCc1nc(SCc2cccnc2)c(C#N)cc1C,0
COC(=O)CSc1nnc(CNC(=O)Cc2ccccc2)n1-c1ccccc1OC,0
O=C(CCN1C(=O)C2C3C=CC(C3)C2C1=O)Nc1ccccn1,0
COc1ccc(Br)cc1C(=O)O,0
Cc1cccc(OCCSc2cc(C)nc(N)n2)c1,0
COc1ccccc1NC(=O)C(C)Sc1nnnn1C,0
COc1cccc(NC(=O)c2ccccc2-c2nc(-c3cccc(C)c3)no2)c1,0
Cc1ccc(S(=O)(=O)NC2(C(F)(F)F)NC(=O)N(C)C2=O)cc1,0
CCCCNC(=O)Nc1ccc(Br)cn1,0
O=C(CSc1ccc(Cl)cc1)OCc1nnc(-c2ccccc2)o1,0
CN(Cc1ccccc1)Cc1nc2c(c(=O)n(C)c(=O)n2C)n1CCc1ccccc1,0
COc1ccc(NC(=O)CSc2nc3sc(C)c(C)c3c(=O)n2Cc2ccco2)cc1,0
CSc1nc(=O)c(-c2ccccc2)n[nH]1,0
Cc1ccc2c(c1)cc(CN(Cc1ccco1)S(=O)(=O)c1ccccc1)c1nnnn12,0
C=CCn1c(SCC(=O)NCCCC)nc2scc(-c3ccco3)c2c1=O,0
O=C(CSc1nccn1-c1ccc(F)cc1)Nc1ccc2c(c1)OCO2,0
O=C(CSc1nnc(-c2ccccc2Br)o1)N1CCN(C(=O)c2ccco2)CC1,0
O=S(=O)(Cc1ccccc1)N1CCC(N2CCN(c3ccccc3)CC2)CC1,0
COc1ccc(C(=O)CSc2nnc(CNC(=O)c3ccc(OC)cc3)n2C)cc1,0
O=C1CCN(S(=O)(=O)c2ccccc2)C2CCCCC12,0
CC(=O)c1ccc(N2CCN(C(=O)c3cc4c(-c5ccccc5F)nn(C)c4s3)CC2)cc1,0
CCOc1ccc(C(=O)Nc2nnc(C)s2)cc1OCC,0
COc1ccc(-c2nc(C#N)c(NCc3ccc(F)cc3)o2)cc1OC,0
O=C(O)CCC(=O)N(Cc1ccco1)c1nc(-c2ccccc2)cs1,0
CCn1c(SCC(=O)c2ccccc2)nc2c(c1=O)SC(C)C2,0
CC1CCN(S(=O)(=O)c2cccc(C(=O)Nc3nccs3)c2)CC1,0
CCCOc1c(Br)cc(C(=O)NCC)cc1OC,0
CC(C)=CCC/C(C)=C/CC/C(C)=N/O,0
Cc1occc1-c1nnc(SCC(=O)NCc2ccco2)n1CC(C)C,0
CCc1nc(NCC(C)C)c(C#N)c2c1COC(C)(C)C2,0
Cc1ccc(NC(=O)C2C3CC4OC(=O)C2C4C3)cc1Cl,0
Nc1cccc(-n2nncc2-c2ccc(Cl)cc2)c1,0
O=C(c1cccs1)N(Cc1ccccn1)Cc1ccco1,0
COCCn1c(COc2cccc(OC)c2)nnc1SCC(=O)N1CCOCC1,0
CCOc1ccc(OCC(=O)Nc2ccc(S(=O)(=O)Nc3cc(C)nc(C)n3)cc2)cc1,0
C=CCn1c(SCC(=O)c2cc(C)n(Cc3cccs3)c2C)nnc1-c1ccncc1,0
O=C(COc1ccc(Cl)cc1)NCc1nnc(SCC(=O)NC2CCCCC2)o1,0
CCOc1ccccc1-n1c(SCC(N)=O)nnc1-c1ccccc1,0
CCn1c(=O)cc(SCC(=O)N2CCCCC2)c2ccccc21,0
CCCc1nc(N2CCOCC2)c(C#N)c2c1CCCC2,0
CCOC(=O)C1=C(C)NC(Nc2nccs2)(C(F)(F)F)C1=O,0
CC(C)C(OC(=O)c1ccco1)C(=O)NCc1ccccc1,0
O=C(Nc1ccccc1)OCCNC(=O)c1ccccc1,0
Cc1cc(C)nc(N2CCC(C(=O)NC3CCCc4ccccc43)CC2)n1,0
C=CCC(=O)OCC(=O)Nc1ccc(Oc2ccccc2)cc1,0
CCOC(=O)CNC(=O)CSc1nnc(-c2cccc(C)c2)n1-c1ccc(OC)cc1,0
Cc1cc(C)n(-c2ncnc3c2oc2ccccc23)n1,0
CCC1CCCCN1C(=O)CSc1nnc(CNC(=O)c2ccco2)o1,0
COc1ccc(C2C3=C(CCCC3=O)Nc3nc4ccccc4n32)cc1OC,0
Cc1cccc(N(CC(=O)NC2CCCC2)C(=O)CCCC(=O)Nc2ccccn2)c1,0
CN(C)c1oc(-c2ccc(OCc3ccc(Cl)cc3)cc2)nc1C#N,0
Cc1nc2cc(C(F)(F)F)ccc2n1C1CCN(CC(=O)N2CCOCC2)CC1,0
COC(=O)CSC1=C(C#N)C(c2ccccc2F)CC(=O)N1,0
COc1ccc(NC(C)=C2C(=O)N(C)C(=O)N(C)C2=O)c(OC)c1,0
CCOc1ccccc1NC(=O)C1CCN(c2ccc(S(=O)(=O)N3CCCC3)cc2)CC1,0
CCOC(=O)Nc1ccc(S(=O)(=O)Nn2cnnc2)cc1,0
Cc1ccc(C)c(NC(=O)C2CCCN2C(=O)OC(C)(C)C)c1,0
CCOC(=O)c1c(-c2ccccc2)csc1NC(=O)c1nn(CC)cc1Br,0
CCOC(=O)c1sc(C)c2c(=O)n(CCCN3CCOCC3)cnc12,0
O=C(NCCc1ccccc1)c1ccccc1NS(=O)(=O)N1CCCC1,0
O=C(CSc1nc2c(c(C(F)(F)F)n1)CCc1ccccc1-2)NCc1ccco1,0
Clc1ccccc1C1=Nn2c(nnc2-c2ccncc2)SC1,0
CCOC(=O)CSc1nnc(Cc2ccccc2)n1Cc1ccco1,0
CCOC(=O)CNC(=O)CSc1nnc(COc2ccc(Cl)cc2)n1CC,0
O=C(Nc1cnccn1)C1c2ccccc2Oc2ccccc21,0
COc1ccc(OC)c(CCNC(=O)CS(=O)(=O)Cc2nc(-c3ccc(C)cc3)oc2C)c1,0
Cc1ccc(-c2nnc(SCc3ccccc3F)o2)cc1,0
COC(=O)c1ccc(NC(=O)CSc2nnc(C)n2-c2ccccc2)cc1,0
COc1ccc(C2(C(=O)N3CCCC3)CCOCC2)cc1OC,0
CCN(CC)S(=O)(=O)c1cc(C(=O)Nc2ccc(Cl)cn2)ccc1C,0
COc1ccc2cc(C(=O)NC3CCCCC3)c(=O)oc2c1,0
O=C(CN1CCC(c2nc3ccccc3[nH]2)CC1)NCc1ccc2c(c1)OCO2,0
COc1ccc(NS(=O)(=O)c2ccc3oc4ccccc4c3c2)cn1,0
COc1ccc(S(=O)(=O)N2CCCCC2)cc1C(C)C,0
CCOCCCn1c(=S)[nH]c2cc(C(=O)NCCOC)ccc2c1=O,0
COC(=O)c1ccc(CSc2nnc(CNC(=O)COc3ccc(Cl)cc3)o2)o1,0
CCCc1[nH]nc2c1C(c1cccc(OC(=O)c3ccco3)c1)C(C#N)=C(N)O2,0
O=C(Nc1ccccc1)NC1(C(=O)NCCCN2CCOCC2)CCCCC1,0
COc1ccc(-c2noc(COc3ccc(Cl)c(C)c3)n2)cc1,0
O=C(COc1ccc(S(=O)(=O)N2CCCCC2)cc1)NCc1ccncc1,0
CCN(Cc1ccncc1)S(=O)(=O)c1ccc(C(C)=O)cc1,0
COc1cccc(-c2cc(C(F)(F)F)n3ncc(C(=O)NCC4CCCO4)c3n2)c1,0
Cc1ccc(-n2nc3c(c2NC(=O)c2c(-c4ccccc4Cl)noc2C)CSC3)cc1,0
CCCn1c(CCC(=O)O)ccc1-c1cccs1,0
COC(=O)C1=C(N)Oc2cc(C)n(CCCn3ccnc3)c(=O)c2C1c1ccc(Cl)cc1,0
CC12CCC(C(=O)NCCCN3CCOCC3)(OC1=O)C2(C)C,0
Cn1c(=O)cc(OCCCC(=O)N2CCCCC2)c2ccccc21,0
COc1ccc(OC)c(C2/C(=C(/O)c3cnn(-c4ccccc4)c3C)C(=O)C(=O)N2CCN(C)C)c1,0
Cc1ccc2c(c1)C1CN(C)CCC1N2C(=O)c1ccco1,0
CCOC(=O)N1CCN(C(=O)CCCn2c(=S)[nH]c3ccccc3c2=O)CC1,0
Cc1ccc(Nc2nc(C)cc(C)n2)c(Br)c1,0
COCCN1Cc2cccc(C(=O)Nc3c(C)cccc3C)c2C1=O,0
Cc1cc(C)nc(Sc2c(C)nn(-c3ccccc3)c2C)n1,0
O=C(O)CCNC(=O)c1ccc(Br)o1,0
C(=C/c1ccccc1)\CN1CCN(Cc2ccc3c(c2)OCCO3)CC1,0
Cc1cc(NC(=O)CSc2nc3ccsc3c(=O)n2Cc2ccccn2)n[nH]1,0
CC1CCN(CCNC(=O)c2ccc3c(=O)n(CCc4ccccc4)c(=O)[nH]c3c2)CC1,0
COc1cccc(C(=O)CSc2nnc(CNS(=O)(=O)c3ccc(C)cc3)n2C)c1,0
COc1ccc(CCNC(=O)CCSc2nc(-c3ccco3)cc(C(F)(F)F)n2)cc1,0
CCn1c2c(c3cc(Cl)ccc31)CCCC2=O,0
CCCOc1cccc(C(=O)Nc2cccc(NC(=O)c3ccco3)c2)c1,0
Cc1ccccc1-c1nc(CS(=O)CC(=O)NCc2ccccc2)c(C)o1,0
Cc1cccc(N2CC(C)Cn3c2nc2c3c(=O)n(CC(=O)OCc3ccccc3)c(=O)n2C)c1,0
CC(C)c1cc(NCCN2CCOCC2)n2c(nc3ccccc32)c1C#N,0
O=C(CN(C(=O)CNS(=O)(=O)c1ccccc1)C1CCCC1)NCC1CCCO1,0
C=CCn1c(NC(=O)c2ccccc2)c(C#N)c2nc3ccccc3nc21,0
CCOC(=O)c1ccc2nc(NC(NC(C)=O)(C(=O)OC)C(F)(F)F)sc2c1,0
C=CCN1C(SCc2ccccc2C#N)=NN/C1=C1/C=CC=CC1=O,0
COc1ccccc1-c1nnc(SCC(=O)N2CCOCC2)o1,0
CC1=CCC2C(=O)N(c3ccc(Br)cc3C)C(=O)C2C1,0
Cn1/c(=N/C(=O)C2CC2)sc2cc(F)cc(F)c21,0
COc1ccc(CNc2oc(COc3ccc(Cl)cc3)nc2C#N)cc1,0
O=C(CSc1nnc(-c2ccc(Cl)cc2)n1Cc1ccco1)c1cccs1,0
CCN(CC)S(=O)(=O)c1cccc(-c2nnc(SCC(=O)c3cc(C)n(C4CC4)c3C)o2)c1,0
COCCn1c(SCC#N)nnc1-c1ccccc1,0
CCN(CC)S(=O)(=O)c1cccc(C(=O)N2CCCCC2)c1,0
CC1CCc2sc3c(c2C1)c1ncnn1c(=O)n3CC(=O)c1ccc(Br)cc1,0
Cc1onc(-c2c(F)cccc2Cl)c1C(=O)NC1=NCCS1,0
CCCC(=O)C1=C(Nc2ccccc2)CC(C)(C)C(C(=O)OC)C1=O,0
CN1CCC(NC(=O)Cc2c(F)cccc2Cl)CC1,0
COC1=CC(=C2NN=C(SCc3cccnc3)N2C)C=C(OC)C1=O,0
Cc1ccc(-n2c(SCc3cc(=O)n4ccsc4n3)nnc2-c2cccnc2)c(C)c1,0
O=C(CSc1nnc(-c2cccs2)o1)N1CCCc2ccccc21,0
COc1ccc(-c2nnc(SCC(=O)Nc3sc4c(c3C#N)CCC4)n2CC2CCCO2)cc1,0
Cc1ccc(C(=O)NC2CCCc3ccccc32)o1,0
O=C(CN1CCN(C(=O)c2cccc(F)c2)CC1)Nc1ccccc1F,0
CC(=O)C1=C(O)C(=O)N(Cc2cccnc2)C1c1ccccc1Cl,0
CCOc1ccc(C(=O)Nc2c3c(nn2-c2ccc(C)cc2)CS(=O)C3)cc1OCC,0
COc1ccc(S(=O)(=O)N2CCN(Cc3ccc(Cl)cc3)CC2)cc1,0
CCN(CC(=O)Nc1c(C(=O)OC)[nH]c2ccc(C)cc12)c1ccc2c(c1)OCO2,0
COc1ccc(OCC(=O)NCc2cccnc2)cc1,0
O=C(Nc1c(C(=O)O)oc2ccc(Br)cc12)c1ccccc1,0
Cc1ccc(C(=O)NCc2ccc3c(c2)OCO3)cc1S(=O)(=O)N1CCOCC1,0
O=S1(=O)N=C(N2CCOCC2)c2ccccc21,0
CC1=C(C(=O)OCc2ccccc2)C(c2ccco2)N2NC=NC2=N1,0
Cc1nccn1-c1ccc(C(F)(F)F)cc1NC=O,0
C=CCn1c(Cc2csc(N)n2)nnc1SCC(=O)Nc1ccc(C(=O)OCC)cc1,0
Cc1cccc(OCCC(=O)Nc2c(C)n(C)n(-c3ccccc3)c2=O)c1,0
O=C(CCCCn1c(=O)c2ccccc2n(Cc2ccc(Cl)cc2)c1=O)NCc1ccco1,0
Cc1ccc(C(=O)N2CCN(c3cccc(Cl)c3)CC2)cc1C,0
O=C(Nc1nc2ccccc2n1CCN1CCCC1)c1ccc(Cl)cc1,0
COc1ccc(NC(=O)CSc2nccn2-c2ccccc2)cc1,0
Cc1cc(NC(=O)c2ccc(S(=O)(=O)N(C)C)cc2)no1,0
O=C(c1ccco1)N1CCN(c2nc(C3CC3)nc3sc4c(c23)CCCC4)CC1,0
FC(F)C(F)(F)C1=CC(c2cccs2)=NCCN1,0
CCOC(=O)c1ccc(NC(=O)C2C3C=CC(C3)C2C(=O)O)cc1,0
CCc1cccc(C)c1NC(=O)C1C2CCC(O2)C1C(=O)O,0
Fc1cccc2sc(Nc3nnc(-c4ccccc4)o3)nc12,0
CN(CC(=O)NC1CCCCCC1)S(=O)(=O)c1ccccc1,0
CC1(C)CC(=O)C2=C(C1)NC(SCC(=O)Nc1ccccc1)=C(C#N)C2c1ccco1,0
Cc1noc(NS(=O)(=O)c2ccc(NC(=O)c3ccoc3C)cc2)c1C,0
CN(C(=O)c1ccc(=O)[nH]c1)C1(C(=O)NC2CCCCC2)CCCCC1,0
CCN(C(=O)COc1cc(=O)n(C)c2ccccc12)c1cccc(Cl)c1,0
O=C(Nc1ccc(O)cc1)c1cc(S(=O)(=O)N2CCCC2)ccc1Cl,0
CC12CN3CC(C)(CN(C1)C3c1cc(Br)ccc1O)C2=O,0
CCCCn1c(SCC(=O)OC)nc2c1c(=O)n(C)c(=O)n2C,0
Cc1cc(NC(=O)COC(=O)CSCc2ccc(Cl)c(Cl)c2)no1,0
COc1ccc2cc(CN(Cc3ccco3)Cc3nnnn3C3CCCCC3)c(=O)[nH]c2c1,0
CNC(=O)CSc1nnc(-c2cccc(S(=O)(=O)N3CCOCC3)c2)n1-c1ccc(F)cc1,0
C/C(=N\O)C1(C)N(O)C(C)(C)C(c2ccc(Br)cc2)=[N+]1[O-],0
CC(=O)c1ccc(NC(=O)CSc2nnc(NC(=O)CN3CCOCC3)s2)cc1,0
Cc1occc1-c1nnc(SCC(=O)NCC2CCCO2)n1C,0
O=C(CSc1nnc(-c2ccco2)n1-c1ccccc1)NCc1ccc2c(c1)OCO2,0
COc1ccc(C)c2s/c(=N\C(=O)C(C)C)n(C)c12,0
O=C1C2C(c3ccccc3)C=CC(c3ccccc3)C2C(=O)N1CCO,0
Cc1ccn2cc(C(=O)NC3CCN(Cc4ccccc4)CC3)nc2c1,0
O=C1CCCN1c1ccc(CNS(=O)(=O)c2ccc(F)cc2)cc1,0
O=c1c2ccccc2[nH]c(=S)n1C1CCCCC1,0
Cc1nnc(SCC(=O)Nc2ccc3c(c2)COC3=O)n1-c1ccccc1,0
O=C1CC(N2CCN(c3ccccc3Cl)CC2)C(=O)N1c1ccc(F)cc1,0
COC(=O)C(NC(=O)N(C1CCCCC1)C1CCCCC1)C(C)C,0
O=C(CCC1CCCCC1)N1CCN(Cc2ccc3c(c2)OCO3)CC1,0
CCOc1ccccc1NC(=O)c1ccc(S(=O)(=O)N2CCOCC2)cc1,0
COC(=O)c1[nH]c2c(c1C)C(=O)CC(c1ccc(C)cc1)C2,0
Cc1ccc(O)c(C(=O)c2cc(C#N)c(=O)n(CC3CCCO3)c2)c1,0
O=C(COC(=O)c1ccccn1)c1ccc(Br)cc1,0
CCc1c(C#N)c(SCc2c(C)noc2C)nc2c1C(=O)CC(C)(C)C2,0
CCn1c2c(c3ccc(OC)cc31)CCCC2=O,0
CC(C)n1c(NCc2cccs2)nc2ccccc21,0
O=c1[nH]c2ccc(Br)cc2c(-c2ccccc2)c1CN1CCOCC1,0
O=C(CSc1nnc(-c2cnccn2)n1Cc1ccco1)c1ccc(Cl)c(Cl)c1,0
COc1cccc(C(=O)CSc2nnc(-c3ccco3)n2CC2CCCO2)c1,0
Cc1nn(-c2ccccc2)c2c1C1(C(=O)N(C(C)C)c3ccccc31)C(C#N)=C(N)O2,0
O=C(CSc1nnnn1-c1ccccc1)Nc1ncc2c(n1)CC(c1ccco1)CC2=O,0
CCCCN(CCCC)S(=O)(=O)c1ccc(C(=O)Nc2nnc(CSC)o2)cc1,0
Cc1cc(C2C(=O)CC(=O)CC2c2ccccc2)on1,0
O=C(Nc1ccc2c(c1)oc1ccccc12)c1ccncc1,0
Cc1nccn1-c1ncnc2sc3c(c12)CCCC3,0
CCOC(=O)c1cc(NC(=O)CSCCO)ccc1Cl,0
CCOC(=O)CSc1nc2c(c(=O)[nH]c(=O)n2C)n1CCc1ccccc1,0
CCOC(=O)N1CCN(C(=O)c2ccc3c(=O)n(-c4ccc(OC)cc4)c(=S)[nH]c3c2)CC1,0
O=C(NCC(c1cccnc1)N1CCN(c2ccccc2F)CC1)C1CCCCC1,0
CC(NC(=O)Nc1ccc(O)cc1)(C(F)(F)F)C(F)(F)F,0
COc1ccc(CCNC(=O)CSc2nnc(Cn3c(=O)sc4ccccc43)n2C)cc1OC,0
O=C(C1CCCN1C(=O)c1cccs1)N1CCN(Cc2ccc3c(c2)OCO3)CC1,0
O=S(=O)(c1ccc(F)cc1)N(CCO)CC(O)Cn1c2ccccc2c2ccccc21,0
CCOc1ccc(S(=O)(=O)N(CC(=O)N2CCc3ccccc32)Cc2ccco2)cc1,0
CC(C)(C)c1ccc(C(=O)NCCC(=O)NCc2ccco2)cc1,0
COc1cc(OC)c(C2C3=C(CCCC3=O)Nc3nc4ccccc4n32)cc1OC,0
CC(=O)NC1Sc2ccccc2N=C1c1ccccc1,0
COc1ccc(N2CCN(C(=O)CSc3ncnc4c3cnn4-c3ccc(OC)cc3)CC2)cc1,0
CC1(C(=O)CSc2nc3ccccc3[nH]2)CCC(=O)O1,0
Cc1sc2ncn(CC(=O)N(CC(=O)NC3CCCC3)Cc3cccs3)c(=O)c2c1C,0
O=C(C1CCN(S(=O)(=O)c2cnc[nH]2)CC1)N1CCN(Cc2ccc3c(c2)OCO3)CC1,0
CCn1c(COc2ccccc2C)nnc1SCC(=O)O,0
Cc1nnc(NC(=O)CCC(=O)N2CCC(C)CC2)s1,0
COC(=O)COc1ccc(NC(=O)C2CCCO2)cc1,0
O=C(c1ccco1)N1CCN(CC(=O)N(C2CCCCC2)C2CCS(=O)(=O)C2)CC1,0
O=C(Nc1ccccc1)c1ccccc1O,0
Cc1ccc(CNC(=O)CN2CCN(Cc3ccc(Cl)cc3)C2=O)cc1,0
Cc1noc(C)c1COC(=O)CCc1nc(=O)c2ccccc2[nH]1,0
O=C(Nc1ccccc1)c1ccc(NCc2ccco2)c(S(=O)(=O)N2CCOCC2)c1,0
Cc1ccc(OCC(O)CN2C(=O)NC(C)(C)C2=O)cc1C,0
Cc1cc(C(F)(F)F)nc(SCc2ccc(C(=O)O)o2)n1,0
CC1CC(C)CN(C(=O)COC(=O)c2cc3ccccc3cc2O)C1,0
O=C(NC1CCCCC1)n1c(=O)oc2ccc(Cl)cc21,0
O=C(c1ccc(Br)o1)N1CCN(c2ccc3nnc(-c4ccccc4)n3n2)CC1,1
Cc1cc(NC(=O)CCC2COc3ccccc3O2)no1,0
COC(=O)CSc1nnc(CNC(=O)c2cccs2)n1-c1cccc(C)c1,0
CCOC(=O)c1cnc2cc(Cl)c(OC)cc2c1NCC1CCCO1,0
CCN(c1ccccc1)S(=O)(=O)c1ccc(NCC2COc3ccccc3O2)nc1,0
CCCc1nnc(SCc2ccc(OC)cc2)n1N,0
Cc1nc(NC(=O)CSc2nc3cccnc3n2Cc2ccccc2)sc1C,0
N#C/C=C1\Sc2ccccc2C(=O)N1CC(=O)N1CCN(S(=O)(=O)c2ccccc2)CC1,0
COc1ccc2oc(=O)c(C(=O)NCC3CCCO3)cc2c1,0
CCCSc1nc(N2CCOCC2)c2c(c1C#N)CCCC2,0
O=C(CN1CCN(c2ccccn2)CC1)Nc1ccc(OCc2ccccc2)cc1,0
CC(=O)Oc1ccc(NC(=O)Cc2ccccc2)cc1,0
O=C(Cn1nc(C(F)(F)F)c2c1CCC2)N1CCN(c2ccccc2)CC1,0
CCOc1cc(C(=O)Nc2c3c(nn2C(C)(C)C)CS(=O)C3)cc(OCC)c1OCC,0
COc1cccc(N(C(=O)c2ccco2)C(C(=O)NC2CCCC2)c2cccnc2)c1,0
Cc1ccc(-n2nc3c(c2NC(=O)c2ccc(Br)o2)CSC3)c(C)c1,0
CCCC(=O)Nc1cc(-c2nn(C)c(=O)c3ccccc23)ccc1N1CCCCC1,0
COc1ccc(S(=O)(=O)N(C)CC(=O)NCCC2=CCCCC2)cc1,0
COc1ccccc1-n1cnc(N)c1C(=O)c1ccccc1,0
CC(C)C(=O)Nc1cccc2nsnc12,0
O=C(NCc1ccccc1)c1cnsn1,0
O=C(COc1ccccc1)Nc1cccc2nsnc12,0
COCCn1c(SCC(=O)c2ccc3c(c2)OCCO3)nnc1-c1ccoc1C,0
Cc1ccc2[nH]c(=O)c(CN(Cc3ccccc3)Cc3nnnn3C3CCCC3)cc2c1,0
C=CCn1c(=O)c2ccccc2n2c(SCC(=O)NCc3cccs3)nnc12,0
CCN(CC)CCCn1c(=S)[nH]c2cc(Cl)ccc2c1=O,0
Cc1ccc(OCC2Cn3c(nc4c3c(=O)n(C)c(=O)n4C)O2)cc1,0
CC12CCC(C(=O)NCc3cccnc3)(OC1=O)C2(C)C,0
O=C(COC(=O)c1cncc(Br)c1)NCc1ccco1,0
C=CCNC(=O)C1CC(=O)N(c2ccc(OCC(=O)NCc3ccccc3)cc2)C1,0
Cc1ccccc1-n1c(O)cc(=O)nc1SCC(=O)N1CCOCC1,0
Cc1cc2c(c(=O)n1CCN(C)C)C(c1ccccc1Br)C(C#N)=C(N)O2,0
O=C(COc1ccccc1)NC(Cc1c[nH]c2ccccc12)C(=O)O,0
O=C(CN(Cc1ccccc1F)S(=O)(=O)c1ccc(Cl)cc1)NCCCO,0
Cc1ccc(S(=O)(=O)NC(C(=O)N2CCC(C(=O)N3CCCC3C(=O)O)CC2)C(C)C)cc1,0
Cc1ccc(CNC(=O)CN(C)S(=O)(=O)c2cccc3nsnc23)cc1,0
Cc1cc(NC(=O)c2cccc(S(=O)(=O)N3CCCCCC3)c2)n(-c2ccccn2)n1,0
CCOC(=O)N1CCN(C(=O)c2cccn3c(=O)c4sccc4nc23)CC1,0
CCNS(=O)(=O)c1cc(Br)ccc1OC,0
Cc1ccc(OCCSc2cc(C)nc(N)n2)cc1,0
CCn1nc(C(=O)N2CCc3ccccc3C2)c2ccccc2c1=O,0
COc1cc2c(C(=O)N3CCN(C)CC3)c(C)oc2cc1Br,0
CCOc1ccc(NC(=O)c2ccccc2CO)cc1,0
O=C(Nc1ccc(F)cc1F)c1cccnc1,0
Cc1cc(C)n(-c2nc3ccccc3nc2N2CCN(C(=O)c3ccccc3)CC2)n1,0
CCOCCCNC(=O)c1c(C)[nH]c(C(=O)OCC)c1C,0
Cc1ccccc1N(C(=O)CCC(=O)Nc1ccccn1)C(C(=O)NC(C)C)c1ccc(O)cc1,0
COc1ccc(Cn2c(=O)[nH]c3cc(C(=O)NCCCN4CCCCC4)ccc3c2=O)cc1,0
Cc1ccc(-c2cn(S(=O)(=O)c3cccc4nsnc34)nc2N)cc1,0
N#Cc1cc(C(=O)c2cc(Cl)ccc2O)cn(CC2CCCO2)c1=O,0
Cn1cc(S(=O)(=O)CC(=O)N2CCCc3ccccc32)c2ccccc21,0
O=C(NC1CCCCC1)N(Cc1cc2cc3c(cc2[nH]c1=O)OCCO3)CC1CCCO1,0
CNC(=O)CN(c1ccc(OC)cc1)S(=O)(=O)c1ccc(F)cc1,0
COc1cccc(-c2nc(CS(=O)(=O)CC(=O)Nc3cccc(C)c3C)c(C)o2)c1,0
O=C(Nc1cccc(Oc2c(F)c(F)c(F)c(F)c2F)c1)N1CC2CC(C1)c1cccc(=O)n1C2,0
COC(=O)c1ccccc1NC(=O)c1noc2c1CCCC2,0
CC1(C)C(=O)Nc2ccccc2N1C(=O)COC(=O)C12CC3CC(CC(O)(C3)C1)C2,0
O=C(CN(C(=O)Cn1nnc(-c2cccs2)n1)c1cnc2ccccc2c1)NCC1CCCO1,0
COC(=O)c1cn(CC(=O)NCc2ccco2)c2ccccc12,0
C=CCn1c(COc2ccccc2C)nnc1SCC(=O)O,0
CCSc1nc(=O)c(C2OC(=O)c3c2ccc(OC)c3OC)c(O)n1-c1ccccc1,0
Cc1ccc(-c2nc(=S)c3c(n2Cc2ccco2)CC(C)(C)OC3)cc1,0
COC(=O)c1cnc2c(C(F)(F)F)cccc2c1OC,0
C=CCn1c(O)c(C(=O)NCCc2ccccc2)c(=O)c2ccccc21,0
Cn1cnnc1SCC(=O)c1c[nH]c2ccccc12,0
CN(C(=O)c1ccc(NC(=O)C2CC=CCC2C(=O)O)cc1)c1ccccc1,0
O=C(NCc1cccnc1)C1c2ccccc2C(=O)N1C1CCCC1,0
Cc1ccc(S(=O)(=O)N2CCN(S(=O)(=O)N3CCCCC3)CC2)cc1,0
O=C(Cn1c(C2CC2)nc2ccccc2c1=O)Nc1ccc(Br)cc1,0
COC(=O)CSc1nnc(-c2cccnc2)n1-c1cccc(OC)c1,0
N#Cc1c2n(c3c(=O)n(Cc4ccc(Cl)cc4)cnc13)CCCC2,0
Cc1nn(-c2ccc(F)cc2)c(C)c1NS(=O)(=O)c1ccc(Cl)cc1,0
CCC(=O)n1nc(NCc2ccc(OC)c(OC)c2)nc1NCc1ccc(OC)c(OC)c1,0
COc1cccc(N(C(=O)c2ccco2)C(C(=O)NC2CCCC2)c2ccc(N(C)C)cc2)c1,0
CCOc1ccc(NC(=O)Nc2cc(C)ccc2OC)cc1,0
O=C(NCc1ccc(Cl)cc1)c1cc(-c2ccco2)on1,0
Cc1cccc2cc(C(c3nnnn3Cc3ccc4c(c3)OCO4)N3CCC(C)CC3)c(=O)[nH]c12,0
CC(=O)c1c(C)n(CC2CCCO2)c2ccc(O)cc12,0
COc1ccc2nc(NCCCNC(=O)c3cc(OC)c(OC)c(OC)c3)c(C#N)cc2c1,0
Cc1ccc(NC(=O)CN2CCCCCC2)c(Br)c1,0
CCOC(=O)N1CCN(C(=O)COc2ccc(S(=O)(=O)Nc3ccc(OCC)cc3)cc2)CC1,0
COc1ccccc1N1CCN(CC(=O)c2c(C)[nH]c3cc(C)ccc23)CC1,0
Cc1cc(C)n(-c2c(F)c(F)c(CN3CCOCC3)c(F)c2F)n1,0
COc1ccc(CNC(=O)C2CCCN(S(=O)(=O)c3cc(C)ccc3OC)C2)cc1,0
COCCOC(=O)c1[nH]c2c(c1C)C(=O)CC(c1ccc(N(C)C)cc1)C2,0
COc1cc(C(=O)Nc2ccc(N(C)C)cc2)cc(OC)c1OC,0
CC1(C)C=C(c2ccc(O)cc2)CC(C)(C)N1,0
CCOC(=O)N1CCN(c2c(-c3ccc(C)c(C)c3)c(=O)c2=O)CC1,0
COC(=O)c1ccccc1NC(=O)CS(=O)(=O)Cc1nc(-c2ccc(C)cc2)oc1C,0
CC1CCN(c2nc3c(c(=O)[nH]c(=O)n3C)n2Cc2ccccc2)CC1,0
Cc1ccc(C2C(C(=O)c3sc(-c4ccccc4)nc3C)=C(O)C(=O)N2CCN(C)C)o1,0
Cc1cc(C)cc(Nc2ncc3c(n2)CCCC3=O)c1,0
CCC(OC(=O)c1ccco1)C(=O)NCc1ccc(C)cc1,0
CCN(C(=O)CSc1nnnn1-c1cc(C)ccc1OC)C1CCS(=O)(=O)C1,0
Cn1c(Cn2nnc3ccccc32)nnc1SCC(=O)N1c2ccccc2Sc2ccccc21,0
COc1cc(NC(=O)C(C)C)ccc1NC(=O)c1ccco1,0
COc1ccc2sc(NC(=O)c3ccco3)nc2c1,0
CN(CC(=O)N1CC=C(c2ccccc2)CC1)S(=O)(=O)c1cnc[nH]1,0
O=C(COC(=O)COc1ccc(Nc2ccccc2)cc1)NCc1ccco1,0
CCCC(C(=O)N1CCOCC1)N1C(=O)C2C3C=CC(C3)C2C1=O,0
COc1ccc(NC(=O)CSc2nnc(CNC(=O)c3ccco3)o2)c(OC)c1,0
COc1ccccc1NC(=O)CN1CCN(S(=O)(=O)c2ccc(Br)cc2)CC1,0
Cc1nc2ccccc2c(=O)n1NCc1cc(Br)cs1,0
COc1cc(C2C(C#N)=C(N)Oc3n[nH]c(-c4ccncc4)c32)cc(OC)c1OC,0
Cc1ccc(Cl)cc1NC(=O)c1ocnc1C,0
COc1ccc(C(=O)N2CCCC(c3nc(-c4cccs4)no3)C2)cc1,0
COc1ccccc1N(Cc1cc2cccc(C)c2[nH]c1=O)C(=O)C(C)C,0
COc1ccc(OCC(=O)Nc2cccc(C(C)=O)c2)cc1,0
Cc1cc2nnc(SC3CCOC3=O)n2c2ccccc12,0
CCOC(=O)C(C)C1(O)c2ccccc2-c2ncccc21,0
O=C(N1CCOCC1)N1CCN(c2ccccn2)CC1,0
COC(=O)C1CCC(C)(C(=O)Nc2ccccc2)C1(C)C,0
CCOC(=O)c1ccc(N2C(=O)C3CC=C(C)CC3C2=O)cc1,0
O=C1C2CC=CCC2C(=O)N1CC1CCCO1,0
Cc1ccc(C2C(C#N)=C(N)Oc3cc4c(cc32)OCO4)cc1,0
CCN(CC)CCCNC(=O)c1nn(-c2ccc(OC)cc2OC)c(=O)c2ccccc12,0
CCOC(=O)c1cc(-c2ccc(C)cc2)n(CCC(=O)NCCN(C)C)c1C,0
CCCCn1c(-c2cc(Cl)ccc2OC)n[nH]c1=S,0
CC(C)(C)OC(=O)N1CCCC1C(=O)N1CCc2ccccc21,0
CCc1cccc(NC(=O)c2ccc(NS(=O)(=O)c3c(C)noc3C)cc2)c1,0
C=CCNC(=O)C1CC(=O)N(c2ccc(OCC(=O)Nc3ccc(C)cc3)cc2)C1,0
O=C(C1=COCCO1)N1CCN(C(c2ccccc2)c2ccccc2)CC1,0
COCC(=O)NC1=NC2=NC(c3ccc(OC)cc3)CC(c3ccc(OC)cc3)N2N1,0
CCN1CCN(Cc2ccc(OC)c(OCc3ccccc3)c2)CC1,0
CCOC(=O)CNc1c(-c2ccc(Cl)cc2)nc2cnccn12,0
Cc1cc(=O)nc(S/C=C/c2ccccc2)[nH]1,0
CC(C)N1C(=O)c2ccccc2C1C(=O)NC1CCCCCC1,0
CN1CCN(Cc2cc(COCc3ccccc3)c3cccnc3c2O)CC1,0
Cc1cc(N2CCN(C(=O)c3ccco3)CC2)n2ncc(-c3ccccc3)c2n1,0
O=C(Cn1[nH]c(=O)c2ccccc2c1=O)NC1CCN(Cc2ccccc2)CC1,0
CCOc1ccc(NC(=O)CN2CCN(CC(=O)Nc3ccc4c(c3)OCCO4)CC2)cc1,0
CN1CCN(c2ccc(Cl)cc2NC(=O)c2nn(-c3ccccc3)c(=O)c3ccccc23)CC1,0
Cc1nc2nc(Cc3ccccc3)[nH]n2c(=O)c1Cl,0
CC1=C(C#N)C(C(F)(F)F)(C(F)(F)F)N=C(c2ccco2)N1,0
CN(Cc1cccs1)CC(O)COCc1ccco1,0
Cc1ccc(C(=O)N2CCN(c3ccc(NC(=O)c4cccnc4)cc3)CC2)cc1,0
COC(=O)c1[nH]c2ccc(C)cc2c1NC(=O)Nc1ccccc1OC,0
CN(c1ccc(C(=O)Nc2ccccc2C(F)(F)F)cc1)S(C)(=O)=O,0
COc1ccc2[nH]c(=O)c(CN(C(=O)NC3CCCCC3)C3CCCCC3)cc2c1,0
CC(C)(C)OC(=O)c1c(N)n(Cc2ccco2)c2nc3ccccc3nc12,0
CSc1nc(=O)n(-c2ccccc2)c(C)c1C(C)=O,0
COc1cccc2c(=O)c(C/C=C(/C)Cl)c(C)[nH]c12,0
COc1ccccc1-c1cc(C(=O)N2CCN(c3ccc(F)cc3)CC2)no1,0
O=C(NCc1ccc(N2CCCC2=O)cc1)NC1CCCCC1,0
Cn1c(=O)[nH]c(=O)c2c1nc(Br)n2CCSc1nnnn1-c1ccccc1,0
O=C(O)CC1Sc2ccccc2NC1=O,0
O=S(=O)(c1cccc(S(=O)(=O)N2CCN(c3ncccn3)CC2)c1)N1CCOCC1,0
O=C(CN1C(=O)COc2ccc(Cl)cc21)N1CCc2ccccc21,0
CCC(CC)C(=O)Nc1cccc(C(=O)NCc2ccco2)c1,0
CS(=O)(=O)N(CC(=O)N1CCOCC1)Cc1ccc(Cl)cc1,0
Brc1ccc(-c2nc(-c3ccncc3)no2)o1,0
O=C(CSc1nnc(-c2cccnc2)n1Cc1ccco1)N1c2ccccc2Sc2ccccc21,0
Cc1ccc(-n2c(Cc3cccn3C)nnc2SCC(=O)Nc2ccc3c(c2)OCO3)cc1,0
COc1ccc(C2C(C(C)=O)=C(O)C(=O)N2CCO)c(OC)c1,0
O=C(CCCn1c(SCC(=O)NC2CCCC2)nc2ccccc2c1=O)NCC1CCCO1,0
Cc1nn(Cc2ccccc2)c(C)c1C(=O)Nc1ccc(N2CCOCC2)cc1,0
CC1(C)CC(=O)C2=C(C1)OC(N)=C(C#N)C2c1ccsc1,0
Cn1c(=O)c2c(nc(SCCCO)n2Cc2ccccc2Cl)n(C)c1=O,0
CCOC(=O)c1ccc(N2Cc3cc(C)c(C)cc3C2)cc1O,0
O=C(O)c1ccc(NCc2cccnc2)cc1,0
COc1ccc2cc3cc(C(=O)NCC4CCCO4)oc3nc2c1,0
COC(=O)CCC(=O)Nc1cccc(Cl)c1,0
COC(=O)C1C(=O)C=C(N2CCOCC2)CC1(C)C,0
Cc1cccc(NC(=O)CN2CCN(CC(=O)Nc3cccc(C)c3)CC2)c1,0
O=C(CSCC(=O)N1CCCCC1)OCC(=O)c1c[nH]c2ccccc12,0
COc1cccc(OC)c1C(=O)N1CCN(Cc2ccncc2)CC1,0
CCSc1nnc(Cc2cc(=O)[nH]c(=O)[nH]2)n1-c1cccc(C)c1,0
O=c1[nH]c(=S)c2c(n1-c1ccccc1)CCC2,0
O=C(CN1CCN(c2nc(-c3ccccc3)cs2)CC1)Nc1ccc2c(c1)OCO2,0
COC(=O)c1oc2ccc(Br)cc2c1NC(=O)CCN1CCOCC1,0
Cc1noc(C)c1S(=O)(=O)Nc1ccc(C(=O)NC2CCCCCC2)cc1,0
Cc1cc2cc(CNC(=O)c3ccc(S(=O)(=O)N4CCOCC4)cc3)ccc2[nH]1,0
CCCCSc1nc(=O)c(-c2cc(Br)ccc2N)n[nH]1,0
O=C(CCc1nc2ccccc2[nH]c1=O)OCc1ccc(S(=O)(=O)N2CCOCC2)cc1,0
CCCCNC(=O)C1C2C=CC3(CN(Cc4ccc(C)cc4)C(=O)C13)O2,0
COc1ccc(-c2noc(COc3ccccc3OC)n2)cc1OC,0
CNC(=O)c1ccc(Oc2ccc(C(=O)NC)cc2)cc1,0
CS(=O)(=O)N(Cc1ccc(F)cc1)Cc1nc(=O)c2ccccc2[nH]1,0
COc1cccc(OCc2nnc(SC)n2C)c1,0
CC(C)Cc1nnc(NC(=O)CSc2nc(=O)cc(N)n2-c2ccccc2)s1,0
COc1ccc(C2C3=C(CC(C)(C)CC3=O)Nc3c2c(=O)[nH]c(=O)n3Cc2ccccc2)cc1,0
O=C(NCC(c1cccnc1)N1CCN(c2ccccc2)CC1)Oc1ccccc1,0
O=C(c1ccccn1)N1CCN(c2ccc(C(F)(F)F)cn2)CC1,0
CC(=O)N1CCc2cc(S(=O)(=O)NCCC(=O)N3CCN(Cc4ccccc4)CC3)ccc21,0
N#Cc1nc(Cc2cccc3ccccc23)oc1NCCN1CCCCC1,0
COc1cccc(NC(=O)N2CCCC(C(=O)Nc3ccccc3OC)C2)c1,0
CC1(C)CC(=O)C2=C(C1)OC(N)=C(C#N)C21CCN(C(=O)OCc2ccccc2)CC1,0
OCC1(c2cc(C(F)(F)F)n[nH]2)CCCCC1,0
Cn1c(NC(=O)c2ccccc2C(F)(F)F)cc(=O)n(C)c1=O,0
COc1ccccc1N1CCN(S(=O)(=O)c2ccccc2F)CC1,0
O=C(CSc1nnnn1-c1ccc2c(c1)CCC2)NCc1cccs1,0
Cc1c(C(=O)Nc2ccccn2)oc2ccccc12,0
CC(C)(C)n1ncc2c(=O)n(CC(=O)NCc3ccccc3)cnc21,0
COc1cccc(OC)c1C(=O)N1CCN(Cc2ccc3c(c2)OCO3)CC1,0
COC(=O)CSc1nnc(CNC(=O)c2ccc(S(=O)(=O)N3CCCCC3)cc2)n1C,0
COCCn1c(SCC(=O)N2CCCC2)nnc1-c1ccoc1C,0
COc1ccc2c(c1)c(C(=O)CN1CCN(C)CC1)c(C)n2Cc1ccccc1,0
O=C(NCc1ccc2c(c1)OCO2)c1cc(S(=O)(=O)N2CCCCC2)ccc1F,0
CCOC(=O)NC1(C(F)(F)F)C(=O)NC(C)=C1C#N,0
COc1cc2cc(CN(C(=O)Nc3ccccc3)C3CCCC3)c(=O)[nH]c2cc1OC,0
Cc1cn2c(-c3ccncc3)nnc2s1,0
CC12CN3CC(C)(CN(C1)C3c1ccc(Cl)cc1Cl)C2=O,0
COc1ccc(-c2cc(-c3ccccc3)nc(N3CCCC3)n2)cc1OC,0
N#Cc1nc(COc2ccc(Br)cc2)oc1NCCN1CCOCC1,0
Cc1cc(Cl)ccc1OCCCC(=O)Nc1cccnc1,0
O=C(Cn1ncc2c3ccccc3n(Cc3ccc(F)cc3)c2c1=O)N1CCC2(CC1)OCCO2,0
CCOC(=O)N1CCN(CC(O)c2ccc3cc[nH]c3c2)CC1,0
COc1cc2c(cc1OC)-c1c(OC)c(OC)cc3c1C(C2)N(C)CC3,0
Cc1ccc2cccc(SCC(=O)N3CCOCC3)c2n1,0
COC(=O)c1[nH]c2ccc(C)cc2c1NC(=O)CN1CCN(c2ccc(F)cc2)CC1,0
Cc1nn(C)c(C)c1S(=O)(=O)NC1CCCc2ccccc21,0
COc1cccc(-c2nc(CS(=O)CC(=O)NC3CC3)c(C)o2)c1,0
CS(=O)(=O)c1ccc(Cl)c(S(=O)(=O)NCc2ccccc2)c1,0
CCOC(=O)c1cnc(SCC(=O)Nc2cc(OC)cc(OC)c2)nc1N,0
Cc1nc(Sc2cccn2C)c(C(F)(F)F)c(=O)[nH]1,0
O=C(NCCCN1CCCC1=O)c1ccc(Cl)c(NS(=O)(=O)c2ccc(F)cc2)c1,0
CCOC(=O)c1ccc(NC(=O)C2CCN(S(=O)(=O)c3ccccc3)CC2)cc1,0
COc1ccc(C(=O)NCc2nnc(SCC(=O)N3CCc4ccccc43)o2)cc1OC,0
COC(=O)c1ccc(NS(=O)(=O)c2ccc(OC)cc2)cc1,0
CCCCN(CC)S(=O)(=O)c1ccc(C(=O)Nc2nnc(COC)o2)cc1,0
Cn1c(=O)c2c(nc(Oc3ccc4c(c3)OCO4)n2Cc2ccc(Br)cc2)n(C)c1=O,0
Cc1onc(-c2ccccc2Cl)c1C(=O)Nc1sc2c(c1C#N)CCC2,0
CCN(CC)S(=O)(=O)c1ccc2nc(CSc3nnnn3-c3ccc(O)cc3)[nH]c2c1,0
COc1ccc(NC(=O)CSc2nccn2-c2cccc(OC)c2)cc1,0
CC(C)Oc1ccc(C2CC(=O)NC3=C2C(=O)CCC3)cc1,0
COc1ccc(CN2C(=O)CCC2(C)C(=O)NC2CCCCCC2)cc1,0
CCOc1cc(S(=O)(=O)NCC2OCCc3ccccc32)c(OCC)cc1-n1cnnn1,0
COCCNC(=O)c1snc2ccc(Cl)cc12,0
COc1ccc(-c2nnc(-c3ccc(Br)o3)o2)cc1OC,0
CCN(CC)S(=O)(=O)c1ccc(C(=O)OCn2nnc3ccccc3c2=O)cc1,0
CCOC(=O)c1ccc(NC(=O)CN(C)S(=O)(=O)c2ccc(OC)cc2)cc1,0
COc1ccc(CCNc2oc(-c3ccccc3OC)nc2C#N)cc1,0
COCCCNC(=O)C12CCC(C)(C(=O)C1)C2(C)C,0
CC(NCc1ccc2c(c1)OCO2)=C1C(=O)c2ccccc2C1=O,0
c1csc(-c2noc(COc3ccc4c(c3)CCCC4)n2)c1,0
COc1cccc2cc(-c3cn4cccc(C)c4n3)c(=O)oc12,0
O=C(Cn1c(=O)c2c(ncn2Cc2ccccc2)n(Cc2ccccc2)c1=O)NC1CC1,0
Cc1cc(C)n(S(=O)(=O)c2ccc(C)c(C)c2C)n1,0
COCc1[nH]nc2c1C(c1ccccc1OC)C(C#N)=C(N)O2,0
CC(C)OC(=O)c1c2nc3ccccc3nc2n2c1[nH]c(=O)c1ccccc12,0
COc1ccc(-c2nnc(SCC(=O)NC(C)c3ccccc3)o2)cc1,0
Cc1onc(-c2ccccc2Cl)c1C(=O)Nc1ccc2c(c1)OCO2,0
CN1CCN(C(=O)CCn2nc(-c3ccccc3)c3ccccc3c2=O)CC1,0
O=C(NCc1ccc2c(c1)OCO2)c1cccc(S(=O)(=O)N2CCCCC2)c1,0
Cc1ccc(CNC(=O)c2cc3c(=O)n4ccccc4nc3n(Cc3ccco3)c2=N)cc1,0
CCOc1cc(C(=O)NC)cc(OCC)c1OCC,0
CCOC(=O)c1c(C)oc2ccc(OCC(=O)N(CC)CC)cc12,0
COc1cc(NC(=O)c2cc3c(=O)n(C)c4ccccc4c3n2C)cc(OC)c1OC,0
O=C(CN1C(=O)CC(c2ccccc2)=Nc2ccccc21)NCc1ccco1,0
CN(C)C(=O)c1ccc(NC(=O)c2cncc(Br)c2)cc1,0
COc1cc(S(=O)(=O)Nc2ccc(C(=O)N3CCCC3)cc2)ccc1-n1cnnn1,0
CN(CC(=O)NCCC1=CCCCC1)S(=O)(=O)c1ccc2c(c1)c(=O)n(C)c(=O)n2C,0
CCOC(=O)C1C(=O)NC(C)C1c1ccccc1,0
CCc1ccccc1N1CC23C=CC(O2)C(C(=O)OC)C3C1=O,0
CCn1c(SCC(=O)Nc2nc3c(s2)CCCC3)nnc1-c1ccccc1,0
Cc1cc(C)n2nc(C(=O)OCCOc3cccc(Br)c3)nc2n1,0
O=C(CSc1nc2ccccc2c(=O)n1CC1CCCO1)NCC1CCCO1,0
CCOc1ccccc1CNC(=O)C1CCN(C(=O)c2sccc2-n2cccc2)CC1,0
COCCNC(=O)C(c1cccs1)N(C(=O)Cn1nnc2ccccc21)c1ccccc1,0
COc1ccc(O)c(/C=c2\sc3nc4cc(C)c(C)cc4n3c2=O)c1,0
COC(=O)/C=c1\s/c(=C(/C#N)C(=O)N2CCCCC2)n(-c2ccccc2)c1=O,0
Cc1c(NC(=O)C23CC4CC(CC(C)(C4)C2)C3)c(=O)n(-c2ccccc2)n1C,0
CCOc1ccc(Br)cc1/C=N/O,0
O=C(Nc1ccccc1C(F)(F)F)C1CC(=O)N(c2ccccc2F)C1,0
Cc1ccccc1OCc1nnc(SCC(=O)Nc2ccc3c(c2)oc2ccccc23)n1C,0
Cc1ccccc1-n1nc2c(c1NC(=O)c1cc3ccccc3oc1=O)CS(=O)(=O)C2,0
Cc1nc(Nc2cccc(C(F)(F)F)c2)nc2c1C(=O)CC(C)C2,0
O=C(CCN1C(=O)C2C3C=CC(C3)C2C1=O)NCC1CCCO1,0
COc1ccc(OC)c(C2=Nn3c(nnc3-c3cc(OC)c(OC)c(OC)c3)SC2)c1,0
COCCNC(=O)C(c1cccs1)N(C(=O)Cn1nnc2ccccc21)c1ccc2c(c1)OCO2,0
CC(C)CC(=O)NC1(C(F)(F)F)C(=O)Nc2c1c(=O)[nH]c(=O)n2Cc1ccco1,0
CN(C)c1cccc2c(S(=O)(=O)N3CCOCC3)cccc12,0
CCCc1cc(=O)nc(SCc2ccc(C#N)cc2)[nH]1,0
CCOc1ccc(NC(=O)CN2CCN(CC(=O)Nc3ccc4c(c3)OCO4)CC2)cc1,0
O=C(CCn1nc(-c2ccccc2)ccc1=O)NCCCN1CCCCCC1,0
CC(C)n1cc(/C=C(\C#N)S(=O)(=O)c2ccccc2)c2ccccc21,0
Cc1onc(-c2ccccc2)c1C(=O)Nc1ccc(S(=O)(=O)NC2=NCCCCC2)cc1,0
Cc1ccccc1NS(=O)(=O)c1ccc(NC(=O)c2ccco2)cc1,0
O=C(CN1CCCC1)Nc1ccc(Oc2ccc(NC(=O)CN3CCCC3)cc2)cc1,0
Cc1n[nH]c(NC2CCCCC2)nc1=O,0
O=C(COc1ccc(Br)cc1)N1CCN(C2CCCC2)CC1,0
CSC1=NCCN1C(=O)c1c(-c2ccccc2Cl)noc1C,0
Cc1ccc(Cn2nnc3c(=O)n(CC(=O)OCc4ccccc4)cnc32)cc1,0
Cc1noc(C)c1COC(=O)c1ccccc1Sc1ccccc1C#N,0
CC(=O)c1c(C)cc(C)c(CSc2nnc(-c3ccco3)o2)c1C,0
O=C(CN1C(=O)CCS(=O)(=O)c2ccccc21)NCc1ccc2c(c1)OCO2,0
CC1(c2ccc3noc(-c4ccc(Cl)cc4)c3c2)OCCO1,0
O=C(CN(Cc1ccccc1)C(=O)CCC(=O)Nc1nccs1)NCc1ccco1,0
CC1(C(=O)N(CC(=O)NC2CCCC2)C2CCCC2)CC(=O)N=C2C=CC=CN21,0
CCCN1C2=C(C(=O)CCC2)C(c2ccc(O)c(Br)c2)C2=C1CCCC2=O,0
CCC(=O)Nc1ccc2oc(-c3cccc(C)c3)nc2c1,0
Cc1cc(=O)[nH]c2c(C)c(N)ccc12,0
CC(C)(C)c1ccc(OCC(=O)NCc2ccco2)cc1,0
CSc1nc2ccc(Nc3nc(N4CCOCC4)nc(N4CCOCC4)n3)cc2s1,0
O=C(Nc1cccc(Cl)c1)c1ccc2c(=O)n3c(nc2c1)CCCCC3,0
Cc1cc(C)c2nc(N)sc2c1,0
CCCC(=O)Nc1ccc(NC(=O)c2ccccc2Cl)nc1,0
COc1ccccc1N1CCN(C(=O)CN(c2cc(C)cc(C)c2)S(C)(=O)=O)CC1,0
O=c1ccc(Br)c[nH]1,0
CCOC(=O)C1CCCN(C(=O)c2c(-c3ccccc3Cl)noc2C)C1,0
Cc1c(Br)cc(C(=O)OC2CCN(C)CC2)c(C)c1C,0
Cc1ccc(-n2nc(-c3ccco3)cc2C(=O)NCc2cccnc2)cc1,0
CCCNS(=O)(=O)c1ccc(OCC(=O)N2CCN(Cc3ccccc3)CC2)cc1,0
O=C(CSCc1ccccc1)N1CCN(c2ccc(F)cc2)CC1,0
Cc1cccc(-c2nnc(NC(=O)c3ccc(Cl)cc3)o2)c1,0
CCn1nnc(NC(=O)c2ccccc2Br)n1,0
CC(C)CC(NC(=O)NCCc1ccc(Cl)cc1)C(=O)O,0
CC(C)CCN1C(=O)c2ccc(C(=O)NCc3ccco3)cc2C1=O,0
COCC(=O)Nc1nnc(CCc2ccccc2)s1,0
CCOC(=O)CSc1nc2ccccc2n1CC(=O)N1CCN(c2ccccc2)CC1,0
Cc1cccc2cc(CN(CCN3CCOCC3)C(=O)NCc3ccccc3)c(=O)[nH]c12,0
O=c1/c(=C/c2ccco2)sc2nc(-c3ccccc3Br)nn12,0
Cc1ccc(CNC(=O)C2CCCCC2C(=O)O)cc1,0
O=C1C=CC=C/C1=C1\C=C(c2ccccc2Cl)NN1,0
CCc1ccc(Nc2oc(C)cc(=O)c2C(C)=O)cc1,0
COc1ccccc1NC(=O)N1CCCC(C(=O)Nc2cccc(C)c2C)C1,0
CCN(C(=O)c1cc(Cl)ccc1OC)C1CCCCC1,0
CCOC(=O)c1cccc(NC(=O)CSc2nnc(C3CCCCC3)n2C)c1,0
CCCc1cc(C(=O)Nc2sc(C(C)=O)c(C)c2C(=O)OCC)no1,0
Cc1[nH]c2ccccc2c1SCCNC(=O)c1ccc(Br)o1,0
O=C(c1ccc(Cn2cc(Br)cn2)o1)n1cccn1,0
CCC(CC)C(=O)Nc1cccc(C(=O)Nc2ccc3c(c2)OCO3)c1,0
COCc1nnc(SCC(=O)NC(C)c2ccccc2)n1-c1ccccc1,0
CC12CC(NC(=O)N1CCc1ccccc1)c1cc(Cl)ccc1O2,0
CCOC(=O)N1CCN(C(=O)CSCC(=O)Nc2nc(-c3ccc4c(c3)OCO4)cs2)CC1,0
Cc1ccc(Nc2nc(CSc3nnnn3-c3ccccc3)cs2)cc1,0
CCOC(=O)C1CCCN(CC(=O)/C(C#N)=C2/NC(c3ccccc3)=CS2)C1,0
COc1ccc2c(c1)CC(C1(O)C(=O)Nc3ccccc31)C2=O,0
CCC(=O)N(Cc1cc2cc(OC)ccc2[nH]c1=O)c1ccc(C)cc1C,0
COc1ccc(OCCCC(=O)Nc2nncs2)cc1,0
Cn1ncc(N)c1C(=O)Nc1cccc(C(F)(F)F)c1,0
CCOC(=O)c1cccc(NS(=O)(=O)c2cnc[nH]2)c1,0
O=S(=O)(c1ccc(S(=O)(=O)n2cnc3ccccc32)cc1)N1CCCCCC1,0
COc1cccc(-c2nn(C)c3sc(C(=O)NCc4ccccn4)cc23)c1,0
CC1(C)CC(=O)C(Sc2nnc(-c3ccc(NS(C)(=O)=O)cc3)n2Cc2ccco2)C(=O)C1,0
O=C(CN(C1CCCCC1)S(=O)(=O)c1ccc(F)cc1)NCc1ccncc1,0
CC(=O)N1CCN(c2ccc(NCc3ccc(C(C)C)cc3)cc2)CC1,0
O=C(CCC(=O)NC1CCN(Cc2ccccc2)CC1)NCc1ccco1,0
CC(C)c1cc(C(=O)Nc2cc(Cl)ccc2O)no1,0
CC(C)CNS(=O)(=O)c1ccc(CCC(=O)N2CCN(Cc3ccccc3)CC2)cc1,0
COc1ccc(-c2nnc3n2N=C(c2cccc(Br)c2)CS3)cc1OC,0
CCc1ccc(CCC(=O)Nc2nc(CC(C)=O)ns2)o1,0
COc1ccc(-c2nc(SC)n(C)c(=O)c2C#N)cc1OC,0
CS(=O)(=O)N(CC(=O)Nc1cccnc1)c1ccc2c(c1)OCO2,0
COc1ccc(-n2ncc3c(N4CCC(C)CC4)ncnc32)cc1,0
COc1ccc(Cl)cc1N1CCN(CCNC(=O)Nc2ccccc2C)CC1,0
CCn1c(SCC(=O)Nc2ccc(S(=O)(=O)Nc3ccccn3)cc2)nnc1-c1ccncc1,0
COc1ccccc1N1CCN(CCCNC(=O)Nc2ccccc2)CC1,0
O=c1nc(C(F)(F)F)nc2ccccn12,0
COc1ccccc1NC(=O)CSc1nnc(-c2ccc(NC(C)=O)cc2)n1C,0
O=S(=O)(c1ccccc1)c1nc(-c2ccco2)oc1NCc1cccnc1,0
CCN1CCCC1Cn1cnc2c([nH]c3ccc(C)cc32)c1=O,0
Cc1ccc(OCc2nnc(SCC(=O)C(C)(C)C)n2Cc2ccco2)cc1,0
O=C(CN1CCN(c2ccccc2)CC1)Nc1cccc(C(F)(F)F)c1,0
CCN(CC)C(=O)CSc1nc2ccccc2c(=O)n1-c1cccc(OC)c1,0
O=C(C1CCC1)N1CCc2cc(S(=O)(=O)N3CCN(c4ccccn4)CC3)ccc21,0
C#CCN1C(=O)C2(C(C#N)=C(N)OC(C)=C2C(=O)OCc2ccccc2)c2ccccc21,0
CC(C)Sc1nnc(C2CCCN2C(=O)OC(C)(C)C)o1,0
CS(=O)(=O)N(CC(=O)Nc1ccc2c(c1)OCO2)Cc1ccc(Cl)cc1,0
Cc1ccc(S(=O)(=O)NC(=O)Nn2c(C)nnc2C)cc1,0
CCn1cc(C(=O)NCc2cccs2)c(=O)c2cc(S(=O)(=O)N3CCOCC3)ccc21,0
CCN(CC)S(=O)(=O)c1ccc(NC(=O)c2cccc3c2C(=O)N(CCOC)C3)cc1,0
COc1ccc(S(=O)(=O)N2CCC(C)CC2)cc1Br,0
CCn1c(SCC(=O)c2ccccc2)nnc1-c1ccoc1C,0
CCOC(=O)C1/C(=N/O)CC(C)(O)C(C(=O)OCC)C1c1ccc(N(C)C)cc1,0
O=C(NCCc1ccccc1F)C1CSC2c3ccccc3C(=O)N12,0
Cc1ccc2[nH]c(=O)c(COC(=O)C3CCCO3)cc2c1,0
Cc1cc(C)nc(SCc2nnc(SCC(=O)Nc3ccc(C)c(C)c3)o2)n1,0
COC(=O)NC(Nc1sc2c(c1C(N)=O)CCCC2)(C(=O)OC)C(F)(F)F,0
CC1(C)Cc2c(c(-c3ccccc3)nc(N3CCCC3)c2C(N)=O)CO1,0
CCn1c(CNC(=O)c2ccc(OC)c(OC)c2)nnc1SCC(=O)c1ccc(OC)cc1,0
Cc1c(NC(=O)CN2C(=O)c3ccccc3S2(=O)=O)c(=O)n(-c2ccccc2)n1C,0
O=C(CSc1ncn(-c2ccccc2)n1)NCc1ccccc1,0
CCCCOc1ccc(C2(C)CC(=O)NC2=O)cc1,0
CC(=O)OC1CSCC1NC(=O)c1ccccc1,0
O=C(CN(C1CCCCC1)S(=O)(=O)c1ccccc1)NCc1cccnc1,0
Cc1ccc(C)n1CCN1CCN(C(=O)CSc2nc3ccccc3nc2N2CCOCC2)CC1,0
O=C(CN(C1CCCCC1)S(=O)(=O)c1ccc(Cl)cc1)NCc1ccncc1,0
O=C(C1CCN(C2CC(=O)N(c3cccc(Cl)c3)C2=O)CC1)N1CCCC1,0
Cc1ccccc1NC(=O)CSc1nnc(-c2ccoc2C)n1CCc1ccccc1,0
CCOC(=O)Nc1cc(C(=O)OCC)c(C)nc1C,0
COc1cccc(-c2cc(C(=O)Nc3cc(OC)c(OC)c(OC)c3)no2)c1,0
Cc1ccc(-c2nc3cccnc3o2)cc1NC(=O)COc1ccc(Cl)cc1C,0
Cc1[nH]n(-c2ccccc2)c2nc(=O)c(CNCCN3CCOCC3)cc1-2,0
COc1cc(C)nc(NS(=O)(=O)c2ccc(C)cc2)n1,0
Cn1cccc1Cc1nnc(SCC(=O)Nc2ccccc2)n1-c1ccc(F)cc1,0
CC1N/C(=C\C(=O)c2ccccc2)N(O)C1(C)C,0
N#C/C(C(=O)N1CCOCC1)=c1/s/c(=C\c2ccncc2)c(=O)n1-c1ccccc1,0
Cc1csc(NC(=O)c2cccc(Cn3nc(C)c(Br)c3C)c2)n1,0
O=C(CCCNS(=O)(=O)c1cccc2nsnc12)NCCc1ccccc1,0
O=C(CCCCCN1C(=O)c2ccccc2C1=O)NC1CCCC1,0
CCc1ccc(OCCCNC(C)=C2C(=O)N(C)C(=O)N(C)C2=O)cc1,0
CCCC1=C(C(=O)OCC)C(c2ccc(N(C)C)cc2)N2NC=NC2=N1,0
COc1cc(C2CC(=O)c3cnc(N4CCN(Cc5ccccc5)CC4)nc3C2)cc(OC)c1OC,0
Cc1cc(C)c(S(=O)(=O)N(C)CC(=O)N2CCCCC2)c(C)c1,0
CN1CCN(c2ccc(NC(=O)Cc3ccccc3)cc2)CC1,0
COc1ccc(N(CC(=O)NC2CCCCC2)C(=O)CCCC(=O)Nc2ccccn2)c(OC)c1,0
NC(=O)C1CCN(C(=O)CN(c2cccc(C(F)(F)F)c2)S(=O)(=O)c2ccccc2)CC1,0
CC(C)N(Cc1nc(-c2ccccc2)no1)S(=O)(=O)c1ccccc1,0
CCN1CCCC1CNC(=O)Cn1cccc1C(=O)c1ccccc1,0
CCCc1cc(=O)nc(SCC(=O)N2CCC(C(=O)OCC)CC2)[nH]1,0
O=C(Nc1ccc(Br)cc1Cl)c1cnccn1,0
COCCOCCOCCC(=O)NC1CC2CCC1(C)C2(C)C,0
CCCN(CCC)S(=O)(=O)c1ccc(C(=O)Nc2nnc(CSC)o2)cc1,0
N#CCSc1nnc(C2CCCCC2)n1-c1ccccc1,0
CCCCC(CC)C(=O)Nc1ccc(Cl)cn1,0
O=C(O)C1CC=CCC1C(=O)Nc1cccc(Cl)c1,0
O=C(Cn1cccc1)N1CCN(C(c2ccccc2)c2ccccc2)CC1,0
CC(=O)c1c(C)cc(C)c(CSc2nc(=O)cc(C)[nH]2)c1C,0
CC(C)(C)C(=O)NC1CCN(S(=O)(=O)c2ccccc2F)CC1,0
O=C(CCNS(=O)(=O)c1ccc2c(c1)CCC(=O)N2)Nc1ccc2c(c1)OCCO2,0
CCOc1ccc(NC(=O)c2ccccc2O)cc1,0
Cn1c(CCNC(=O)c2cccs2)nnc1SCC(=O)N1CCN(c2ccccc2)CC1,0
COc1ccc(CNC(=O)c2cc(-c3cccs3)on2)cc1,0
O=S(=O)(c1ccc(NC2CCCc3ccccc32)nc1)N1CCOCC1,0
CCOC(=O)N1CCN(C(=O)CN(Cc2ccccc2)S(=O)(=O)c2ccc(OC)c(C)c2)CC1,0
CC/C(NCCCN1CCOCC1)=C1/C(=O)NC(=O)N(Cc2ccccc2)C1=O,0
CC(C)C12CN3CC(C(C)C)(CN(C1)C31C(=O)Nc3ccccc31)C2=O,0
Cc1cccn2c(=O)c3cc(C#N)c(=O)n(CCCN4CCOCC4)c3nc12,0
Cc1cccc(C)c1NC(=O)c1cc(S(=O)(=O)N2CCOCC2)ccc1F,0
COc1ccccc1N1CCN(Cc2nc3ccccc3c(=O)n2CC(C)=O)CC1,0
Cc1nn(Cc2ccc(Cl)cc2)c(C)c1NC(=O)C1CC=CCC1C(=O)O,0
Cc1cccc(Cn2c(N3CCN(c4ccccc4)CC3)nc3c2c(=O)n(C)c(=O)n3C)c1,0
CCOC(=O)c1c(NC(=O)CSc2nc3cccnc3n2C)sc(C(C)=O)c1C,0
Cc1cc(C)c(S(=O)(=O)N(CC(=O)N2CCCC2)C2CCCCC2)c(C)c1,0
CC1CCCCN1Cc1nc2c(c(=O)n(C)c(=O)n2C)n1CCc1ccccc1,0
Cc1ccc(OCC(=O)Nc2ccc(S(=O)(=O)Nc3onc(C)c3C)cc2)cc1,0
Cn1c(COc2ccc(Cl)cc2)nc2ccccc2c1=O,0
CCCCNC(=O)NS(=O)(=O)c1ccc(NS(=O)(=O)c2ccccc2)cc1,0
COc1ccc(C(=O)CN2C(=O)C(C)(C)Oc3ccc(C(=O)N4CCCCCC4)cc32)cc1,0
CCOc1cc(C2/C(=C(/O)c3ccc(OC(C)C)cc3)C(=O)C(=O)N2CCCOC)ccc1O,0
COC(=O)c1ccc(C(=O)OC)c(NC(=O)c2cnc3n(c2=O)CCS3)c1,0
CCOc1ncccc1C(=O)OCCN1C(=O)c2ccccc2C1=O,0
CCCCC(=O)Nc1nnc(SCC(=O)N2CCN(c3ccccc3OC)CC2)s1,0
O=C(CN1C(=O)c2ccccc2S1(=O)=O)NCCSCc1ccco1,0
CC(=O)c1sc2nc(-c3cccs3)cc(C(F)(F)F)c2c1N,0
O=C(CNS(=O)(=O)c1cccc(C(F)(F)F)c1)Nc1ccccc1F,0
Cc1oc(-c2ccc(Cl)cc2)nc1CN1CCCC(C(=O)NCc2ccccn2)C1,0
CCOC(=O)C1(C(=O)OCC)C(c2ccccc2)CC(O)N1C(C)=O,0
Cc1ccc(-c2nc(-c3ccccn3)no2)cc1Cl,0
CC(C)(C)c1ccc(OCc2nc(-c3ccccn3)no2)c(Br)c1,0
COCCSc1nc2c(c(=O)[nH]c(=O)n2C)n1Cc1cccc(C)c1,0
CCCC(=O)Nc1ccc(S(=O)(=O)Nc2cc(C)nc(C)n2)cc1,0
O=C1CCC(C(=O)Nc2cccc(C(F)(F)F)c2)N1,0
O=C(CSc1nc2ccccc2c(=O)n1CC1CCCCC1)N1CCOCC1,0
CC(=O)n1c2ccccc2c2nc(NC(C)C)sc21,0
CC(=O)N1CCc2cc(NC(=O)c3ccc(C)cc3)ccc21,0
COc1ccc2c(C)cc(SCC(=O)N3CCOCC3)nc2c1,0
COC(=O)c1ccccc1NC(=O)COc1ccc(S(=O)(=O)N2CCCC2)cc1C,0
Clc1ccc(SCCn2ccnc2)cc1,0
CCCNC(=O)C1CC(=O)N(c2ccc(OCC(=O)Nc3cc(C)cc(C)c3)cc2)C1,0
c1ccc(OCCOCCSc2ncccn2)cc1,0
CCc1nc2ccccc2n1CC(=O)N1CCN(S(=O)(=O)c2cccc(C(F)(F)F)c2)CC1,0
CCCCOc1ccc(C(=O)CCNC(C(=O)O)C(C)CC)cc1,0
CCOC(=O)c1[nH]c(C)c(C(=O)N2CCc3ccccc32)c1C,0
CC12CCC(=O)C=C1CCC1C2C(O)CC2(C)C(C(=O)CO)CCC12,0
CCc1cccc(NC(=O)CN(C)S(=O)(=O)c2cccc3nsnc23)c1,0
Cc1n[nH]c(SCC(=O)NCc2ccco2)nc1=O,0
CCCc1nnc(SCc2ccc(OCC)cc2)n1N,0
Cc1ccc(S(=O)(=O)N(Cc2ccc(F)cc2)Cc2ccco2)cc1,0
COc1cc(Nc2ccc(-c3ccccc3C)nn2)cc(OC)c1OC,0
COc1ccccc1-n1cnc2cc(C(=O)NCc3ccco3)ccc21,0
O=C(CSc1nc2ccncc2[nH]1)Nc1ccccc1C(F)(F)F,0
CCOc1ccc(N2C(=O)NC(=O)/C(=C/NCCN(CC)CC)C2=O)cc1,0
Cc1ccc2cc(CN(CCN3CCCC3)C(=O)Nc3ccccc3)c(=O)[nH]c2c1C,0
Cc1cc(=O)oc2c(CN3CCN(C)CC3)c(O)c(Cl)cc12,0
O=C(NCCCN1CCN(c2cccc(Cl)c2)CC1)c1cccc(N2CCCC2=O)c1,0
C/C=C/c1ccc(OCCSc2nc(=O)cc(C)[nH]2)c(OC)c1,0
COc1ccc(C(=O)Nc2nc(C)c(C(=O)N(C)C)s2)cc1OC,0
O=C(CCN1C(=O)c2ccccc2C1=O)Nc1ccc(S(=O)(=O)NC2=NCCCCC2)cc1,0
C=CCNC(=O)C1CCN(S(=O)(=O)c2ccccc2)CC1,0
Nc1ccc(O)cc1C(=O)OCC(=O)C12CC3CC(CC(C3)C1)C2,0
COc1cccc(OC)c1C(=O)Nc1nnc(C(C)C)s1,0
O=C(Nc1ccc(Cl)cc1C(=O)Nc1ccncc1)c1ccco1,0
CCOc1cc(C)c(C(C)C)cc1S(=O)(=O)NCc1ccccn1,0
Cc1nc(C)c2c(c1C(F)(F)F)-c1ccccc1C2(F)F,0
Cc1cc(C)c2nc3s/c(=C\c4ccc5c(c4)n(C)c(=O)n5C)c(=O)n3c2c1,0
CCN(CC)c1cccc(OC2=NS(=O)(=O)c3ccccc32)c1,0
Cc1ccc(NC(=O)c2cc(NC(=O)c3ccco3)ccc2N2CCCCC2)cc1,0
CCN1CCN(C(=O)c2ccc(NS(=O)(=O)c3ccccc3)cc2)CC1,0
C#CCSc1nc(=O)c(-c2ccccc2)n[nH]1,0
COc1ccc2cc(CN(Cc3cccnc3)Cc3nnnn3Cc3ccccc3)c(=O)[nH]c2c1,0
CCOC(=O)c1cccc(NC(=O)CN2C(=O)C3C4C=CC(C4)C3C2=O)c1,0
O=S(=O)(c1ccccc1)N1CCN(CC(O)COc2ccc3c(c2)CCC3)CC1,0
CCn1c(CNc2ccc(OC)cc2)nnc1SCC(=O)c1ccc(OC)cc1,0
O=C(NCc1ccccc1)c1cc(S(=O)(=O)N2CCC3(CC2)OCCO3)ccc1F,0
Cc1ccc2cccc(S(=O)(=O)Nc3c(C)n(C)n(-c4ccccc4)c3=O)c2n1,0
CN(C1=NC(=O)C(CC(=O)Nc2ccc(Br)cc2)S1)c1ccc(O)cc1,0
O=C(NCc1cccc(C(F)(F)F)c1)C1CCCN(c2ncccn2)C1,0
CC(C)Cn1c(Br)nc2c1c(=O)n(CCC#N)c(=O)n2C,0
CC1CN(C(=O)c2cccc(C(=O)N3CC(C)OC(C)C3)c2)CC(C)O1,0
COC(=O)C(C)Sc1nc2n(-c3ccccc3)[nH]cc-2c(=O)n1,0
CCOC(=O)c1oc2ccccc2c1NC(=O)c1ccc(S(=O)(=O)N2CCCC2)cc1,0
CC(C)CN(CC(C)C)S(=O)(=O)N1CCC(C(=O)NCc2ccc(F)cc2)CC1,0
Cc1cc2ccccc2c(=O)n1CC(=O)N1CCN(c2cccc(Cl)c2)CC1,0
O=C(NCc1ccc2c(c1)OCO2)c1nn2cccnc2c1Cl,0
O=C(NCc1n[nH]c(=S)n1-c1ccc(F)cc1)c1ccc(S(=O)(=O)N2CCCC2)cc1,0
O=C(CCn1c(=O)sc2ccccc21)Nc1cccnc1,0
CCOc1ccccc1NC(=O)C1CCCN(S(=O)(=O)c2cccc3cccnc23)C1,0
CCC(=O)Nc1ccc(S(=O)(=O)N2CCc3ccccc3C2)cc1,0
O=C(c1ccc(Cn2cc(Cl)cn2)cc1)N1CCN(c2ccccc2)CC1,0
O=C(c1csc2c1CCCC2)N1CCN(c2ncccn2)CC1,0
CCc1nc2oc3ccccc3c(=O)c2c(=O)n1Cc1ccccc1,0
COc1cc2[nH]c(NC(=O)c3ccc(Cl)cc3)nc(=O)c2cc1OC,0
Cc1ccc(-c2c3c(=O)n(C)c(=O)n(C)c3cn2-c2ccccc2O)cc1,0
COc1ccc(N2CCN(S(=O)(=O)c3ccc(C(=O)NC4CCCC4)cc3)CC2)cc1,0
O=C(NC1CCCCC1)N(Cc1nc(=O)c2ccccc2[nH]1)C1CCCC1,0
COc1ccc(C(=O)N2CCN(C(C)=O)CC2)cc1S(=O)(=O)NCc1ccc(Cl)cc1,0
Cc1ccc(NC(=O)CSc2nnc(Cn3c(=O)sc4ccccc43)n2C)cc1Cl,0
CN(CC(=O)NCCN1CCCCCC1)S(=O)(=O)c1cccc2nsnc12,0
C=CCn1c(-c2ccoc2)n[nH]c1=S,0
CC(=O)c1c(N2CCN(Cc3ccc4c(c3)OCO4)CC2)nc(=S)n(-c2ccccc2)c1C,0
CC12CCCCC1(O)[N+](=O)C1=C(CCCC1)N2[O-],0
CCOC(=O)Nc1c(O)ccc2oc(C)c(-c3ccccc3)c12,0
O=c1c2c(-c3ccccc3)csc2nc2n1CCC2,0
C=CCOC(=O)C1=C(C)N=C2SCCC(=O)N2C1c1ccc(OC(=O)c2ccco2)cc1,0
Cc1cc(C)nc(-n2nc(C)cc2NC(=O)c2ccc(Br)o2)n1,0
O=C(CSc1nnc(-c2ccco2)n1CC1CCCO1)N1CCCC1,0
COc1ccc(S(=O)(=O)N2CCC(C(=O)N3CCN(c4ccccc4OC)CC3)CC2)cc1,0
CC(=O)c1cccc(NC(=O)N2CCCC2C(=O)NC2CCCCC2)c1,0
Cc1ccc(-c2[nH]c(=O)n3ccncc23)s1,0
CCOC(=O)C1=C(C)N(C)C(=O)NC1c1cc2c(cc1Br)OCO2,0
COc1ccc(-n2c(C)nc3cc(C(=O)N4CCOCC4)ccc32)cc1,0
COc1ccc(CN2CCC(CNC(=O)NC3CCCCC3)CC2)cc1,0
COCc1cc(C)nc(N2CCOCC2)c1C#N,0
CCn1c(SCCC(=O)Nc2ccccc2)nnc1-c1ccc(OC)cc1,0
Cc1c(C(=O)O)oc2ccc(S(=O)(=O)NCc3ccccc3)cc12,0
COc1ccccc1Nc1ncc(C(=O)N2CCC(C(N)=O)CC2)c2ccccc12,0
CC1(C(=O)Nc2nccs2)Cc2ccccc2C(=O)O1,0
COc1ccc(S(=O)(=O)N(Cc2ccccc2)Cc2nc(-c3ccccc3)no2)cc1,0
Cc1cnc(C(=O)Nc2cccc3ncccc23)cn1,0
COC(=O)c1ccc(NC(=O)CSc2nncn2C)cc1,0
COC(=O)c1[nH]c2ccccc2c1NC(=O)CN1CCN(c2cccc(OC)c2)C(C)C1,0
Cc1cc(NC(=O)c2noc3c2CCCCC3)no1,0
COc1ccc(NC(=O)CSc2nnc(-c3ccccc3C)n2C)cc1,0
CCC(C(=O)NCc1ccco1)N(C(=O)CNS(=O)(=O)c1ccc(C)cc1)c1ccccc1OC,0
Cn1ccnc1SCC(=O)NC12CC3CC(CC(C3)C1)C2,0
Cc1ccnc(NS(=O)(=O)c2ccc(NC(=O)C3CCCCC3)cc2)n1,0
CC(=O)NC12CC3CC(C)(C1)CC(NC(C)=O)(C3)C2,0
CC(=O)Nc1ccc(S(=O)(=O)Nc2cccc(-c3nc4cc(C)ccc4o3)c2)cc1,0
COc1ccc(C2N3CC4(C)CN2CC(C)(C3)C4O)cc1,0
O=C(NS(=O)(=O)c1ccccc1)c1ccccc1O,0
Cc1noc(C)c1CSc1nnnn1-c1ccc(Cl)cc1,0
COc1ccccc1-c1cc(C(=O)NCc2ccc(Cl)cc2)no1,0
CCOC(=O)N1CCN(C(=O)CN(c2cc(Cl)ccc2OC)S(=O)(=O)c2ccccc2)CC1,0
c1coc(-c2nc3c4c5c(sc4ncn3n2)CCCC5)c1,0
COC(=O)c1ccc(CN(C)S(=O)(=O)c2ccc(C)cc2)o1,0
CC1CCc2c(sc3ncnc(N4CCOCC4)c23)C1,0
Cc1nc(N2CCC(C)CC2)c2c(C)c(C(=O)O)sc2n1,0
CCc1nnc(NC(=O)C2CCC2)s1,0
O=C1CC(SCc2nc3ccccc3[nH]2)C(=O)N1c1ccc(F)cc1,0
Cc1cccc(NC(=O)C2CCCN(C(=O)Nc3ccccc3)C2)c1C,0
COc1cccc(CN2C(=O)CCC2(C)C(=O)NC2CCCCCC2)c1,0
O=C(Nc1ccc2c(c1)oc1ccccc12)N1CCOCC1,0
CCOC(=O)c1[nH]c2c(c1C)C(=O)CC(c1ccc(N(C)C)cc1)C2,0
Cc1noc(C)c1S(=O)(=O)N1CCC(Cc2ccccc2)CC1,0
O=C(CSc1nnc(-c2ccc(F)cc2)o1)N1CCN(C(=O)c2ccco2)CC1,0
Cc1cnn(C(=O)c2ccccc2Br)c1,0
O=C(COc1ccc(S(=O)(=O)NCc2ccccc2)cc1Cl)N1CCOCC1,0
CC(CN1CCCCC1)OC(=O)Cc1ccc(Cl)cc1,0
Cc1cc(NC(=O)CCC(=O)N(CC(=O)NC2CCCC2)Cc2ccccc2Cl)no1,0
CCOc1ccc(CNC(=O)C2CCC(=O)N2C2CCCC2)cc1OC,0
CCc1ccc(Nc2cc(=O)n(C3CCCCC3)c(=O)[nH]2)cc1,0
Cc1ccc(Cl)cc1N1CCN(C(=O)COc2ccc(S(=O)(=O)NC(C)C)cc2)CC1,0
O=C(NCCC1=CCCCC1)c1cc2c(s1)CS(=O)(=O)C2,0
Cc1cc(NC(=O)COC(=O)C2CCCN2C(=O)c2cccs2)no1,0
CC1(C)CC(=O)c2cnc(NC(=O)C3CCCC3)nc2C1,0
Cc1ccccc1NC(=O)c1cnn(-c2ccccc2)c1NC(=O)c1ccco1,0
Cc1ccc(CC2CC(=O)N(CCc3ccc4c(c3)OCO4)C2=O)cc1,0
CCNC(=O)Nc1cc2nc(C)n(Cc3ccc(Br)cc3)c2nc1C,0
CCCOc1ccc2ccccc2c1/C=N/n1cnnc1,0
O=C(Nc1cccc2c1CCCC2)C1CCN(C(=O)NC2CCCCC2)CC1,0
Cn1c(NC(=O)c2ccc(Cl)cc2Cl)cc(=O)n(C)c1=O,0
Cn1c(COc2ccccc2)nnc1SCCSc1nnc(COc2ccccc2)n1C,0
CC(Sc1nc(-c2ccccc2)cc(C(F)(F)F)n1)C(=O)NCCN1CCOCC1,0
CCOCC(=O)Nc1nnc(COc2ccc(Cl)cc2)s1,0
CCn1cc(C(=O)NCc2ccc3c(c2)OCO3)c(=O)c2cc(S(=O)(=O)N3CCOCC3)ccc21,0
Nc1nnc(CCc2ccccc2)s1,0
CC(=O)c1ccc(NC2OC(C)C(O)C(O)C2O)cc1,0
CCCSc1oc(-c2ccco2)nc1S(=O)(=O)c1ccccc1,0
O=C(Nc1ccccc1)N(C1=NCCC1)c1ccc(OC(F)F)cc1,0
COc1ccc(-c2cc(C(F)(F)F)nc(S(=O)(=O)CCC(=O)N3CCOCC3)n2)cc1,0
CCn1c(COc2ccc(Cl)c(C)c2)nnc1SCC(=O)N1CCCC1,0
COc1ccc(Cn2c(C3CC3)nc3ccc(NC(=O)C4CC4)cc3c2=O)cc1,0
C=CCN(C(=O)CN1CCOCC1)c1nc(C)c(-c2ccccc2)s1,0
CCn1nnnc1-c1ccc(OC)c(S(=O)(=O)Nc2ccc(OC)cc2)c1,0
CCn1c(COc2ccccc2C)nnc1SCC(=O)NCc1ccccc1,0
O=C(CN1C(=O)CCSc2ccccc21)Nc1ccc2c(c1)OCO2,0
O=C(NC(C(=O)c1ccccc1)N1CCCCC1)c1ccccc1,0
CCOc1c(Br)cc(C(N)=O)cc1OC,0
CCN(CCCNC(=O)c1[nH]c(C)c(C(C)=O)c1C)c1cccc(C)c1,0
COc1ccccc1C(=O)OCC(=O)Nc1ccc(OC(F)F)cc1,0
N#CCCCCN1c2cccc3cccc(c23)S1(=O)=O,0
COc1ccc2nc(SCC(=O)N3CCCCCC3)c(C#N)cc2c1,0
Cc1ccc(NC(=O)Cn2c(=O)n(CCCCC(=O)NCc3ccco3)c(=O)c3ccccc32)cc1,0
COc1ccc(C(=O)CSc2nnc(-c3ccc(C)cc3)o2)cc1,0
CCOc1ccc(C(=O)NCC2CCCO2)cc1,0
O=C(Cc1c(F)cccc1Cl)N1CCCC1,0
COC(=O)COc1nc(C)c(Br)c(OC)n1,0
N#Cc1cc2c(nc1SCC(=O)Nc1sc3c(c1C#N)CCC3)CCCCC2,0
C=C(C)c1cccc(C(C)(C)NC(=O)N2CCCC(C(N)=O)C2)c1,0
OCCN1CCN(C(c2cccs2)c2ccc3cccnc3c2O)CC1,0
Cc1ccccc1N1C(=O)C(Cl)=C(N2CCCCCC2)C1=O,0
O=C(OC1CCOC1=O)c1ccc2ncsc2c1,0
COC(=O)C1=C(C)N(C)C(C)=C(C(=O)OC)C1c1cccc(Br)c1,0
CNC(=O)CSc1nnc(-c2cc(C)cc(C)c2)o1,0
O=S(=O)(/C=C/c1ccccc1)n1cnc2ccccc21,0
CCCn1c(C(O)c2cc(OC)ccc2OC)nc2ccccc21,0
COc1ccc(OC)c(N(CC(=O)NCc2cccnc2)S(C)(=O)=O)c1,0
CC(=O)N(Cc1cc(=O)[nH]c2ccccc12)c1ccc(C)cc1,0
O=S(=O)(c1ccccc1)N1CCN(Cc2cccc(Cl)c2)CC1,0
COc1ccc(C(=O)Nc2nc3nc(-c4ccccc4)cc(=O)n3[nH]2)cc1,0
COc1ccc(CCNC(=O)c2nnn(-c3ccccc3OC)c2N)cc1OC,0
CCCCc1nc2ccccc2c(=O)n1-c1ccc(O)cc1,0
O=C(Nc1cccc(O)c1)c1cc(S(=O)(=O)N2CCCC2)ccc1Cl,0
Cc1cccc(-c2noc(CN(C(C)C)S(=O)(=O)c3ccc(F)cc3)n2)c1,0
O=C(CCNS(=O)(=O)c1cccc2nsnc12)NC1CCN(Cc2ccccc2)CC1,0
Cn1c(=O)c2c(nc(Br)n2CCCc2ccccc2)n(C)c1=O,0
CCn1c(SCC(N)=O)nnc1-c1ccc(OC)c(OC)c1,0
COC(=O)c1cn(C(=O)c2ccc(Br)o2)c2ccccc12,0
CC(C)C(=O)Nc1ccc(NC(=O)c2ccccc2Cl)nc1,0
CCN1C(=O)C(CC(=O)N2CCN(C(c3ccccc3)c3ccccc3)CC2)N(CC)C1=O,0
COCCCNC(=O)c1ccccc1SC,0
Cc1ccc(OCC(=O)Nc2ccc3c(c2)nc(CCN2CCOCC2)n3C)cc1,0
COc1ccccc1NC(=O)c1ccc(S(=O)(=O)N(C)C)cc1,0
O=C(CN1CCN(c2ccc(F)cc2)CC1)Nc1ccc(F)c(F)c1,0
CCC(=O)Nc1nc2ccc(NC(C)=O)cc2s1,0
CN(C)Cc1nc2ccccc2c(=O)n1Cc1nc(-c2cc3ccccc3o2)cs1,0
Cc1ccccc1C(=O)N1CCN(c2ccc(NC(=O)c3ccco3)cc2Cl)CC1,0
COCCn1c(=O)[nH]c2cc(C(=O)NCCN3CCN(c4ccc(OC)cc4)CC3)ccc2c1=O,0
COc1cccc(C2CC(c3ccc(C)cc3)N=C3N=C(N)NN32)c1,0
COc1ccccc1NC(=O)C(C)NS(=O)(=O)c1ccc(Cl)cc1,0
CCOC(=O)C1CCN(C(=O)CCn2c(=O)[nH]c3ccsc3c2=O)CC1,0
Cn1c(C(=O)OC(C(=O)NC2CCCCC2)c2ccncc2)cc2sccc21,0
CN1CCN(Cc2nc3c(c(=O)n(C)c(=O)n3C)n2Cc2cccc3ccccc23)CC1,0
O=S(=O)(c1cccs1)N1CCc2ccccc2C1,0
CSc1nc(-c2ccccc2)ccc1C(N)=O,0
CCCN1C(=O)C(O)(CC(=O)c2cccc(OC)c2)c2ccccc21,0
O=C(CSc1nc(-c2ccccc2)nc2c1CCCC2)N1CCOCC1,0
Cc1ccc2cc(CN(CC3CCCO3)S(=O)(=O)c3c(C)ccc4nsnc34)c(=O)[nH]c2c1,0
O=C(Nc1cccc2ccccc12)OC1C=CS(=O)(=O)C1,0
Cc1ccc(N(C(=O)C2CCCC2)C2C=CS(=O)(=O)C2)cc1,0
CC(=O)c1cc2c(cc1NS(=O)(=O)c1ccc(C)cc1)OCCO2,0
CCOc1ccc(Nc2oc(-c3cccs3)nc2C#N)cc1,0
CC(C)c1nnc(NC(=O)CCCC(=O)O)s1,0
Cc1ccc(S(=O)(=O)N2CCC(C(=O)OCC(=O)N3CC(=O)Nc4ccccc43)CC2)cc1,0
CCOC(=O)C1Cn2c(nc3c(c2=O)C(C)(C)Cc2ccccc2-3)S1,0
COC(=O)C(NC(C)=O)(Nc1ccccn1)C(F)(F)F,0
Cn1c(=O)c(C(=O)CSc2nncs2)c(N)n(Cc2ccccc2)c1=O,0
COc1ccccc1N1CCN(C(c2ccc(C)cc2)c2nnnn2C(C)C)CC1,0
CCn1c(C(=O)N2CCC(C(=O)NCCCSC3CCCCC3)CC2)cc2sccc21,0
CCOCCCNC(=O)CCNC(=O)c1cc(OC)c(OC)c(OC)c1,0
CC1(C)OC(=O)N(Cc2ccco2)C1(C)O,0
CC(=O)c1cccc(N(CC(=O)Nc2cccnc2)S(C)(=O)=O)c1,0
CCOC(=O)/C(C#N)=C1/SC(CC)C(=O)N1c1ccc(C)cc1,0
O=C(NCc1ccccn1)c1ccc(COc2ccc(Cl)cc2)o1,0
C=CCCCOc1ccc(C(=O)O)cc1,0
CC1(C)CC(=O)C(=CNc2ccncc2)C(=O)C1,0
CC(=O)N1c2c(cc(Br)cc2S(=O)(=O)N2CCN(C(=O)c3ccco3)CC2)CC1C,0
CCn1c2ccccc2c2cc(CN3CCN(C(=O)c4ccco4)CC3)ccc21,0
CCn1c(=O)c(=O)[nH]c2cc(C(=O)Nc3ccc(S(=O)(=O)N4CCCC4)cc3)ccc21,0
O=C(NC1CCCCC1)Nn1c(-c2ccccc2)nc2ccccc2c1=O,0
CCOC(=O)c1ccc(N2C(=O)c3n[nH]c(C)c3C2c2ccc(O)cc2)cc1,0
COc1c(F)c(F)c(-c2csc(N)n2)c(F)c1F,0
Cc1ccc(-n2c(=O)c3sccc3n(CC(=O)NCc3ccco3)c2=O)cc1,0
O=C(NC1CC2CCCC(C1)N2CC(=O)N1CCCc2ccccc21)C1CCCCC1,0
COc1cc(NC(=O)c2ccc(COc3ccccc3Br)o2)cc(OC)c1OC,0
NC(=O)Nc1cccc(C(F)(F)F)c1,0
C=CCOc1nc2c(c(=O)n(C)c(=O)n2C)n1Cc1ccc(Cl)cc1,0
COc1ccc(N2Cc3cccc(C(=O)O)c3C2=O)cc1,0
O=C(OCn1nnc2ccccc2c1=O)C1CCN(S(=O)(=O)c2cccs2)CC1,0
Brc1ccc(-c2cnnc(N3CCCC3)n2)cc1,0
Cc1ccc2nc(-c3cccc(NC(=O)c4ccco4)c3)[nH]c2c1,0
c1ccc(-c2nnc3n2N=C(c2ccc4c(c2)OCO4)CS3)nc1,0
O=C(Nc1ccc(S(=O)(=O)NCc2ccco2)cc1)c1ccc2ccccc2n1,0
Cc1cccc(N2CCN(C(=O)Cc3c(C(=O)O)[nH]c4ccc(Cl)cc34)CC2)c1C,0
O=C1CC(c2ccc3c(c2)OCO3)Sc2nc3ccccc3n21,0
O=C(O)c1cc2nc3c(c(C(F)(F)F)n2n1)CCc1ccccc1-3,0
COC(=O)c1ccc(CNC(=O)CNc2cc(C(F)(F)F)ccc2N2CCOCC2)cc1,0
Cc1ccc(C)c(NC(=O)CN(C)S(=O)(=O)c2ccc(F)cc2)c1,0
Cc1c(C(=O)N2CCN(c3ccc(C(F)(F)F)cn3)CC2)oc2ccccc12,0
CC(OC(=O)c1cc(=O)[nH]c2ccccc12)c1ccccc1,0
COc1ccc(N2CCN(Cc3cc(=O)oc4ccc(Cl)cc34)CC2)cc1,0
CCOC(=O)c1sc(=S)n(-c2cc(F)ccc2F)c1N,0
COC(=O)C1=C(CN2CCc3ccccc32)NC(=O)NC1c1cc(C)ccc1C,0
COc1ccccc1-c1cc(C(F)(F)F)nc(S(=O)(=O)CCCC(=O)N2CCOCC2)n1,0
CC(C)(NCc1ccccc1Cl)C(=O)O,0
CC(C)n1c(N2CCN(C(=O)c3cccs3)CC2)nc2ccccc21,0
Cc1cccc2[nH]c(-c3ccc(NC(=O)c4ccco4)cc3)nc12,0
Cc1cc(C(F)(F)F)nn1CC(=O)N1CCCCC1C,0
CCCC(=O)Nc1cc(C)c(NC(=O)C23CC4CC(CC(C4)C2)C3)cn1,0
CC(=O)OCCCN1C(=O)c2ccc(Br)cc2C1=O,0
C=C(C)c1cccc(C(C)(C)NC(=O)N2CCN(c3ncccn3)CC2)c1,0
Cc1nn(-c2cc(N3CCCCC3)ccc2N)c(=O)c2ccccc12,0
CCOC(=O)/C=C1\SCC(=O)N1Cc1ccc(Br)cc1,0
CCOC(=O)N1CCC(NC(=O)CSCc2nc(-c3ccc(OC)c(OC)c3)oc2C)CC1,0
CCOC(=O)CSc1nnc(CNC(=O)c2ccc(OC)cc2)n1C1CCCCC1,0
Cc1ccc(CN(c2ccc(C(=O)N3CCOCC3)cc2)S(C)(=O)=O)cc1,0
Cc1ccc(N(CC(N)=O)C2SC(=O)N(C)C2=O)cc1,0
O=C(Nc1cccc(C(F)(F)F)c1)C1CCCN(S(=O)(=O)c2cnc[nH]2)C1,0
Cc1cc(NCCN2CCOCC2)n2ncc(-c3ccc(Cl)cc3)c2n1,0
CCOC(=O)Cc1csc(NC(=O)CSc2nnc(-c3ccc(C)cc3)o2)n1,0
COc1ccccc1N(CC(O)CN(c1ccccc1)S(C)(=O)=O)S(=O)(=O)c1ccccc1,0
Cc1ccc(-c2nnc(SCC(=O)Nc3ccc(S(=O)(=O)N4CCCCCC4)cc3)o2)cc1,0
O=c1c2ccccc2nc(-c2cccc(Cl)c2)n1O,0
CCN(CC)C(=O)CSc1nnc(CCNC(=O)OC(C)(C)C)o1,0
O=C(NC1CC2CCC1C2)C1COc2ccccc2O1,0
O=C(Nc1ccc(N2CCN(C(=O)c3ccccc3)CC2)cc1)c1cc2ccccc2o1,0
COc1ccc2nc(SCC(=O)Nc3ccc(S(=O)(=O)Nc4onc(C)c4C)cc3)[nH]c2c1,0
CC1(C)Cc2cccc(OCC(=O)N3CCN(S(=O)(=O)c4ccccc4F)CC3)c2O1,0
Cc1cc2cc(CN(Cc3ccco3)C(=O)NCc3ccccc3)c(=O)[nH]c2cc1C,0
O=C(c1cc(-c2cccs2)on1)N1CCc2ccccc2C1,0
COc1ccccc1OCCSc1ncnc2nc[nH]c12,0
COC(=O)CSc1nc(N2CCOCC2)c2c(c1C#N)CC(C)(C)N(C)C2,0
COc1ccc(CCNC2CC(=O)N(CCc3ccccc3)C2=O)cc1OC,0
COc1cc(CN2C(=O)NC(=O)C3(Cc4cc(C)ccc4N(C)C3)C2=O)cc(OC)c1,0
CCCC(=O)Nc1ccc(N2CCN(C(=O)c3ccccc3C)CC2)cc1,0
COC(=O)c1cc2ccsc2n1CC(=O)N(C)c1ccccc1,0
CCc1ccc(S(=O)(=O)c2n[nH]n3c2nc(=O)c2ccccc23)cc1,0
C=CCOc1ccc(Cl)cc1C(=O)O,0
Cc1cc(C(=O)N(C)CC(=O)Nc2ccccc2C(F)(F)F)c(C)o1,0
O=S(=O)(Cc1ccc(Cl)cc1)NCC1CCCO1,0
CCOC(=O)CNC(=O)CSc1nnc(Cn2c(=O)sc3ccccc32)n1C,0
CC1(C)Oc2ccc3ccc(=O)oc3c2C(N2CCCCC2)C1O,0
CC(=O)Nc1ccc(S(=O)(=O)NCC2CCC(C(=O)N3CCCCCC3)CC2)cc1,0
COc1ccc(S(=O)(=O)Nc2cc(Cl)ccc2OC)cc1,0
CCOC(=O)CSc1nnc(CNC(=O)c2ccco2)n1C,0
Fc1ccc(-c2cc(C(F)(F)F)nc(NCC3CCCO3)n2)cc1,0
O=C(CSc1nc2ccccc2o1)Nc1ccc(N2CCOCC2)c(Cl)c1,0
COc1ccc(Br)cc1C1N2CC3(C)CN1CC(C)(C2)C3=O,0
Cc1cccc(N2CCN(C(=O)C3CCCCC3)CC2)c1C,0
Cc1cc(Nc2ccccc2)n(CCOC(=O)COc2ccccc2)n1,0
CCN(CC)c1ccc(C2C(C(=O)Nc3ccccn3)=C(C)NC3=C2C(=O)CC(C)(C)C3)cc1,0
O=C(Nc1ccc(OC(F)(F)F)cc1)C1CCCN(S(=O)(=O)c2cccnc2)C1,0
COC(=O)CSc1nnc(-c2cccnc2)n1-c1cc(OC)cc(OC)c1,0
O=C(CN1CCN(Cc2ccccc2Cl)C1=O)NCC1CCCO1,0
COC(=O)CSc1nc(-c2ccccc2)cc(-c2ccco2)c1C#N,0
CCOC(=O)c1ccc(CNC(=O)C2CCCCC2C(=O)OCC(F)(F)F)o1,0
CCC(=O)c1ccc(OCCSc2ncccn2)cc1,0
Cn1c(SCC(=O)Nc2ccc3c(c2)oc2ccccc23)nnc1-c1ccccc1,0
O=C(Nc1ccc(Cc2ccncc2)cc1)c1ccc(Br)o1,0
COc1ccc(CNc2ccc(C(=O)O)cc2)cc1,0
O=C1c2oc3ccccc3c(=O)c2C(c2cccnc2)N1Cc1ccco1,0
Cc1ccc(S(=O)(=O)N(C)CC(=O)NC2CCCC2)cc1,0
CCCCN(C(=O)c1ccco1)c1nnc(-c2cc(OC)c(OC)c(OC)c2)s1,0
CCOC(=O)CSc1nnc(C(Cc2ccccc2)NC(=O)OC(C)(C)C)o1,0
Cc1ccc(C)c2[nH]c(=O)c(CN(Cc3ccco3)C(=O)Nc3ccccc3)cc12,0
COCCNC(=O)c1cc(-c2ccc(Cl)c(Cl)c2)on1,0
O=C(Nc1ccccn1)C12CC3CC(C1)CC(C(=O)Nc1ccccn1)(C3)C2,0
O=C(CCN1C(=O)c2ccccc2C1=O)Nc1ccc2c(c1)OCCO2,0
Cc1nn(-c2ccccc2)c(C)c1NS(=O)(=O)c1ccccc1,0
COc1cc(-c2nc(-c3cccc(C(F)(F)F)c3)no2)cc(OC)c1OC,0
O=C(O)c1ccc(CNC(=O)c2ccc(Br)o2)cc1,0
C/C(=N\S(=O)(=O)c1ccc(C)cc1)N1CCN(S(=O)(=O)c2ccccc2)C1,0
CCCc1nc2ccccc2c(=O)n1NC=C1C=CC(=O)C=C1,0
CN1CCN(C(=O)COc2ccc(C(C)(C)C)cc2Br)CC1,0
N#CC1(c2ccccc2)CCCN1C(=O)c1ccc(Br)o1,0
CCOC(=O)c1cc2sccc2n1CC(=O)N1CCCc2ccccc21,0
COc1cccc(CSc2nnc(-c3ccccc3F)o2)c1,0
O=S(=O)(Cc1ccc(Cl)cc1)N1CCCC1,0
Cc1noc(NS(=O)(=O)c2ccc(NC(=O)c3ccc(Br)o3)cc2)c1C,0
Cc1ccccc1CS(=O)(=O)CCC(=O)N1CCN(c2ccc(N3CCOCC3)nn2)CC1,0
CC1=C(C(=O)OCC(C)C)C(c2cc3c(cc2Br)OCO3)NC(=O)N1C,0
O=C(CCSCCc1ccncc1)NCCCN1CCOCC1,0
O=C(CCn1c(=S)[nH]c2cc3c(cc2c1=O)OCO3)N1CCN(c2ccccn2)CC1,0
COc1ccc(C2=NOC(C(=O)NCc3ccccc3)C2)cc1,0
O=C(CSc1ncn(-c2ccccc2)n1)Nc1nc2c(s1)CCCC2,0
Cn1nc(-c2ccc(N3CCOCC3)c(NC(=O)c3ccccc3)c2)c2ccccc2c1=O,0
CCCCNC(=O)c1nc2ncc(Br)cn2n1,0
CCOC(=O)c1cc(-c2ccncc2)nc2c1c(C)nn2-c1ccccn1,0
CCn1c(SCc2nc(CC(=O)Nc3ccccc3OC)no2)nnc1-c1cccs1,0
COC(=O)CN1C(=O)C2(OCCCO2)c2cc(Br)ccc21,0
CCc1nnc(NC(=O)CCC(=O)N2CCN(CCOc3ccc(C)cc3)CC2)s1,0
COc1cc(CN2CCN(c3cc(C)ccc3C)CC2)ccc1O,0
O=C1N2c3ccccc3CCc3cccc(c32)C1(O)C(F)(F)F,0
Clc1cccc(-c2nn3c(COc4ccccc4)nnc3s2)c1,0
O=C(CSc1nnc(Nc2ccccc2F)s1)NCc1ccco1,0
Cc1oc(-c2ccccc2F)nc1CN1CCC(C(=O)NCCC2=CCCCC2)CC1,0
O=S(=O)(NCC(c1cccnc1)N1CCN(c2ccccc2)CC1)c1cc(F)ccc1F,0
CCc1nnc(NC(=O)c2ccc(S(=O)(=O)N3CCCCC3C)cc2)s1,0
COC(=O)c1ccc(NC(=O)CCc2c(C)nc3ncnn3c2C)cc1,0
CCOc1ccccc1/C=c1\sc2nc(-c3ccco3)nn2c1=O,0
O=c1[nH]nnc2sc3c(c12)CCCC3,0
Cc1ccc(NCc2nnc(SCC(=O)c3ccccc3)n2Cc2ccco2)c(C)c1,0
O=C(CCCC(=O)N(CC(=O)NC1CCCC1)C1CCCC1)Nc1ccccn1,0
CC(C)(C)OC(=O)NCCCCCc1nnc(SCC(=O)Nc2ccc(Br)cc2)o1,0
CC(O)c1cccc(NC2=CC(=O)CC(C)(C)C2)c1,0
c1csc(C(c2nnnn2C2CCCC2)N2CCOCC2)c1,0
Cc1ccc(CNC(=O)CCCn2c(=O)c3ccccc3n(CC(=O)NCc3ccco3)c2=O)cc1,0
COc1ccc(NC(=O)CSc2nc3ccccc3c(=O)n2CCC(=O)N2CCCCC2)cc1,0
CC(Oc1ccc(Br)cc1)C(=O)N1CCc2ccccc21,0
Cc1cccnc1NC(=O)c1c(O)n2c3c(cccc3c1=O)CCC2,0
O=C(Nc1ccc(Cl)cc1)c1ccncc1,0
COc1ccc2c(c1)NC1(O)c3ccccc3C(=O)C21O,0
CCOC(=O)c1c(C)n(Cc2ccco2)c2ccc(O)cc12,0
Clc1ccccc1CSc1nnc(-c2ccccn2)n1Cc1ccco1,0
Cc1ccc2c(c1)nnn2C1CCN(S(=O)(=O)c2ccc(C(=O)NC3CCCC3)cc2)CC1,0
COC(=O)c1ccccc1NC(=O)COC(=O)c1ccc(C)c(NC(=O)c2ccco2)c1,0
Cc1cc(=O)n2nc(-c3ccccc3)sc2n1,0
CC1(C)CC(=O)C(=CNCCN2CCN(C(=O)NC34CC5CC(CC(C5)C3)C4)CC2)C(=O)C1,0
COc1ccc(NC(=O)C2CCC(=O)N2S(=O)(=O)c2ccc(C)cc2)c(OC)c1,0
C/C(N)=C(/C#N)C(=O)COC(=O)c1cc(S(=O)(=O)N2CCCCC2)ccc1C,0
CCOc1ccc(S(=O)(=O)n2nnc3ccccc32)cc1C(C)C,0
CC(=O)Nc1cccc(C(=O)N2CCN(Cc3ccccc3)CC2)c1,0
CN(CC(=O)NCCC1=CCCCC1)S(=O)(=O)c1ccc2c(c1)CCC(=O)N2,0
CC(=O)Nc1cc2c(nc1C)nc(C)n2Cc1ccc(Br)cc1,0
O=C(CCN1CCOCC1)Nc1cccc(Br)c1,0
CCn1cc(C2=NOC(C(=O)O)C2)c(C)n1,0
COc1ccc(S(=O)(=O)NCC(=O)N(CC(=O)NCC2CCCO2)c2cc(C)ccc2C)cc1,0
COc1ccc(NC(=O)COn2nnc3ccc(Cl)cc32)cc1OC,0
Cc1ccc(C(=O)NCc2ccc3c(c2)OCO3)cc1S(=O)(=O)N1CCCCC1,0
CC(=O)N(Cc1cc2c(C)cc(C)cc2[nH]c1=O)C1CCCCC1,0
CC1C2C(c3ccccc3)N(C)C(=O)N(C)C2N(C)C(=O)N1C,0
CCN1C(=O)c2cccc3c(NC(=O)c4ccc(S(=O)(=O)N(C)C)cc4)ccc1c23,0
CCOC(=O)C(NC(=O)Nc1cccc(C)n1)(OCC(F)(F)F)C(F)(F)F,0
COc1ccccc1-c1nnc(NC(=O)OCC(C)C)s1,0
Cc1[nH]c2ccccc2c1C(=O)CN1CCCC1,0
CCOC(=O)c1ccc(N2C(=O)CC(NC3CCN(C(=O)c4cccc(Cl)c4)CC3)C2=O)cc1,0
O=c1cc(NCc2ccc3c(c2)OCO3)[nH]c(=O)n1-c1ccc(Cl)cc1,0
CCC(=O)n1nc(NCc2ccccc2OC)nc1NCc1ccccc1OC,0
COc1cc(C)nc(N2CCCC(C(=O)Nc3cccc(Cl)c3C)C2)n1,0
COc1ccc(NC(=O)CN(c2cccc(F)c2)S(C)(=O)=O)cc1OC,0
CCCCOC(=O)Nc1ccc(S(=O)(=O)Nc2nc(C)cc(C)n2)cc1,0
Cc1cc(NC(=O)CSc2nnc3c4c(C)c(C)sc4ncn23)no1,0
CCOC(=O)NC(Nc1sc2c(c1C(N)=O)CCCC2)(C(=O)OCC)C(F)(F)F,0
Cc1oc(-c2ccccc2Cl)nc1CSCC(=O)NC1CC1,0
COc1cc(NS(=O)(=O)c2ccccc2)ccc1-n1nc(C)cc1C,0
Cc1ccc(-c2noc(-c3ccccc3Br)n2)cc1,0
Cc1cc(Nc2ccc(Br)cc2)n2nc(C)nc2n1,0
CCC(=O)c1ccc(OCc2ccc(C(=O)OC)o2)c(OC)c1,0
CCOC(=O)c1cccc(NC(=O)CN(c2ccc(OC)cc2)S(=O)(=O)c2c(C)noc2C)c1,0
Cc1ccc2cc(CN(Cc3cccs3)Cc3nnnn3CC3CCCO3)c(=O)[nH]c2c1,0
CN(C)C(=O)CSc1nc(SCC(=O)N(C)C)n(-c2ccccc2)n1,0
CN(C)S(=O)(=O)c1cccc(C(=O)N2CCN(Cc3ccccc3)CC2)c1,0
Cc1cccc(NC(=O)c2oc3c(c2C)C(=O)CC(C)(C)C3)n1,0
Cc1cc(C(F)(F)F)c(C#N)c(SCC(=O)NC2CC2)n1,0
Cc1ccc2oc(-c3ccc(NC(=O)CC(C)C)cc3)nc2c1,0
Cn1nc(C(=O)OCC(=O)N2CCc3ccccc32)c2ccccc2c1=O,0
Cn1c(=O)oc2cc(S(=O)(=O)NCCC(=O)N3CC=C(c4ccccc4)CC3)ccc21,0
O=C(COC(=O)c1ccccn1)Nc1ncc(C(F)(F)F)cc1Cl,0
CCOC(=O)c1cnc2c(-c3ccccc3)c(C)nn2c1N,0
COC(=O)Cc1nnc(NC(=O)c2ccccc2)s1,0
CN(CC(=O)N1CCc2ccccc21)S(=O)(=O)c1ccc(Cl)cc1,0
CCn1c(COc2ccccc2C)nnc1SCC(=O)NC1CCCC1,0
COC(=O)COc1ccc2occ(C(C)=O)c2c1,0
O=C(Nc1ccc2c(c1)nc1n2CCCCC1)c1cc(S(=O)(=O)N2CCOCC2)ccc1Cl,0
CC1(C)CCCN(C(=O)c2coc(=O)c(Br)c2)C1,0
COC(=O)c1oc2ccc(Br)cc2c1-n1cccc1,0
COC(=O)c1ccc(CSc2ncnc3c2sc2nc(N4CCOCC4)c4c(c23)CCCC4)o1,0
CC(C)c1ccc(O)c(NC(=O)c2cncc(Br)c2)c1,0
CC(C)(C)n1nc2c(c1NC(=O)c1ccccc1F)CS(=O)C2,0
Cn1nnnc1SCc1ccc(C(=O)Nc2nccs2)cc1,0
COc1ccc(OC)c(S(=O)(=O)N2CCC(C(=O)NC(C)c3ccccc3)CC2)c1,0
CN(C)CC#CCOCCOCCC#N,0
O=C(CCN1CCCCC1)Nc1ccc(Br)cc1,0
CCCOc1cc(CC(=O)NCc2ccco2)ccc1OC,0
O=C1CC(N2CCN(c3ccc(S(=O)(=O)N4CCOCC4)cc3)CC2)C(=O)N1Cc1ccccc1,1
CCOc1ccc(CNC(=O)C2CCN(S(=O)(=O)N3CCCC3)CC2)cc1OC,0
O=C(CSc1nnnn1-c1ccc2c(c1)OCCO2)Nc1nc2c(s1)CCCC2,0
Cc1ccc(-n2ncc(C(=O)NCc3ccc4c(c3)OCO4)c2NC(=O)c2ccco2)cc1C,0
COc1ccc(NC(=O)CN2CCN(CC(=O)Nc3ccccc3F)CC2)cc1OC,0
Cc1cccc(-c2nc(CN3CCCC(C(=O)NC4CCCC4)C3)c(C)o2)c1,0
COCCn1c(SCC(=O)c2ccc(CNC(C)=O)o2)nc2ccccc2c1=O,0
CN(Cc1ccccc1)S(=O)(=O)c1ccc(NC(=O)C2CCCO2)cc1,0
COc1ccc(NC(=O)Nc2ccc(C)cc2OC(F)F)cc1OC,0
Cc1ccc(C)c(S(=O)(=O)NCc2ccc(C(=O)N3CCN(C)CC3)cc2)c1,0
CC(C)CNC(=O)c1ccccc1NC(=O)c1ccc(CN2CCOCC2)cc1,0
COc1ccc(NC(=O)Nc2c(C)n(-c3ccccc3)c(=O)n2C)cc1OC,0
Cn1c(NC(=O)C(C)(C)Oc2ccc(Cl)cc2)cc(=O)n(C)c1=O,0
Cc1ccc(C)n1NC(=O)c1ccccc1Cl,0
CS(=O)(=O)N(Cc1nnc(-c2cccs2)o1)c1ccc(Cl)cc1F,0
CCOC(=O)C1CCCN(Cc2ccc3c(c2)OCO3)C1,0
O=C(c1ccc(S(=O)(=O)N2CCOCC2)cc1)N1CCN=C1SCc1cccnc1,0
Cn1c(=O)c2c(nc(SCCN3CCOCC3)n2Cc2ccc(Cl)cc2)n(C)c1=O,0
O=C(Nc1ccc(Cl)cc1C(=O)NCc1cccnc1)c1ccco1,0
COc1ccc(C2(CNC(=O)CCC(=O)O)CCCC2)cc1,0
CC(C)(C)OC(=O)N1CCC(C(=O)N2CCCCCC2)CC1,0
CCOC(=O)C1CCN(C(c2cccs2)c2sc3nc(C)nn3c2O)CC1,0
COC(=O)c1nnn(-c2nonc2N)c1CSc1ccc(Cl)cc1,0
CC(=O)N1CCc2cc(S(=O)(=O)NC(C(=O)NCc3ccccc3)C(C)C)ccc21,0
CSC1=C(C#N)C(c2ccccc2Cl)C2=C(CCCC2=O)N1,0
N#Cc1c(N)c(C#N)c(-c2ccc3c(c2)OCO3)c2c1CCCC2,0
CC(=O)Nc1nc(-c2ccc(Cl)cc2)nc(C)c1C(C)=O,0
NCC(CC(=O)O)c1ccc(Cl)cc1,0
Cc1ccc(C(c2nnnn2Cc2cccs2)N2CCN(Cc3ccc4c(c3)OCO4)CC2)cc1,0
COc1cc(OC)cc(C(=O)NCc2n[nH]c(=S)n2-c2ccccc2OC)c1,0
O=C(CN1CCN(C(=O)c2ccco2)CC1)Nc1cc(C(F)(F)F)ccc1Cl,0
CCOCCCNc1ncnc2c1[nH]c1ccccc12,0
COc1ccc(C2NC(C(=O)O)CS2)cc1COCC(F)(F)F,0
CCOC(=O)c1ccc(NC(=O)CN2CCN(c3ccccc3)CC2)cc1,0
COc1ccccc1Cn1c(=O)c2ccccc2n2c(SCc3csc(C)n3)nnc12,0
O=c1nc2n(c3cc(Cl)c(S(=O)(=O)N4CCOCC4)cc13)CCCCC2,0
CCOC(=O)c1cnc(SCc2ccccc2)nc1N,0
Cc1ccc(C(=O)Nc2ccccc2N2CCN(C(=O)C(C)C)CC2)cc1,0
O=C1C=CC(=C2NNC(=S)N2Cc2ccccc2)C=C1,0
CCOC(=O)Cn1c(=O)oc2cc(S(=O)(=O)Nc3cccc(C)c3)ccc21,0
COc1ccc(-n2c(C)nc3c(cnn3-c3ccc(Cl)cc3)c2=O)cc1,0
CCOC(=O)N1CCN(C(=O)CSCC(=O)Nc2nc(-c3ccccc3)cs2)CC1,0
O=C(CCCCCN1C(=O)c2ccccc2C1=O)NCc1ccco1,0
Cc1ccc(C(=O)OCC(=O)Nc2sc3c(c2C#N)CCCCC3)cc1NC(=O)c1ccco1,0
COc1ccc(Cl)cc1NC(=O)NC(C)c1ccncc1,0
N#C/C(C(=O)N1CCOCC1)=C1/SC(Cc2ccccc2)C(=O)N1c1ccccc1,0
O=C(C1=C(O)C(=O)N(CCN2CCOCC2)C1c1cccs1)c1cc2ccccc2o1,0
O=C(COc1ccc(S(=O)(=O)NC2CCCCC2)cc1Cl)NCc1cccnc1,0
Clc1cccc(-c2nc(-c3ccccn3)no2)c1,0
O=C(NCc1ccco1)C1CCN(S(=O)(=O)N2CCOCC2)CC1,0
O=C(CSc1nnc(CNc2ccccc2)o1)N1CCN(C(=O)c2ccco2)CC1,0
O=S(=O)(c1cccc2cccnc12)N1CCN(Cc2ccc3c(c2)OCO3)CC1,0
O=C(CSc1nnnn1-c1ccccc1)Nc1nc(-c2ccccc2)ns1,0
CCN(CC)S(=O)(=O)c1ccc2c(c1)nc(CCC(=O)OCc1c(C)noc1C)n2C,0
CC(c1ccccc1F)n1cc(C(=O)Nc2ccc3nc[nH]c3c2)nn1,0
CCN(CC)c1ccc(CNc2ccc(Br)cn2)cc1,0
O=C1C2C3C=CC(C3)C2C(=O)N1c1ccc2c(c1)CCC2,0
COCCNC(=O)Cn1cnc2ccc(S(=O)(=O)N3CCC(C)CC3)cc2c1=O,0
Cc1nn(C)c(C)c1NC(=O)c1ccc(S(=O)(=O)N(C)C)cc1,0
O=C(Nc1cc(C(=O)N2CCCC2)ccc1N1CCCC1)c1ccccc1F,0
O=C(NCc1cccs1)c1noc2c1CCCC2,0
COCCNC(=O)CN1CCC(n2c(C)nc3cc(C(F)(F)F)ccc32)CC1,0
Cc1ccc2nc3c(cc2c1)CN(Cc1ccco1)/C(=N/CC1CCCO1)S3,0
CCN1CCN(Cc2ccc(OC(F)(F)F)cc2)CC1,0
Cc1onc(-c2ccccc2Cl)c1C(=O)NCc1ccco1,0
CCCc1c(OCCCCc2nn[nH]n2)ccc(C(C)=O)c1O,0
Cn1c(COc2ccc(Cl)cc2)nnc1SCc1ncc(-c2ccccc2)o1,0
COc1cccc(NC(=O)C2CCCN(S(=O)(=O)c3cccc4nsnc34)C2)c1,0
Nc1ccc2nc(-c3ccc(Cl)cc3)[nH]c2c1,0
O=C(Cn1ccc(C(F)(F)F)n1)Nc1ccc(S(=O)(=O)NCc2ccco2)cc1,0
Cc1cc(NC(=O)CSc2nnc(-c3ccco3)n2Cc2ccco2)no1,0
CCc1cc2ccccc2nc1SCC(=O)Nc1cc(C)on1,0
Cc1cc2c(c(=O)n1CC1CCCO1)C(c1ccc3c(c1)OCO3)C(C#N)=C(N)O2,0
O=c1c(O)c(-c2ccc3c(c2)OCO3)oc2ccccc12,0
Nn1c(COc2cccc(Br)c2)nnc1SCC(=O)N1CCc2ccccc2C1,0
CCc1nc(NCCN2CCOCC2)c(C#N)c2c1CCCC2,0
CC1(C)CC(=O)C2=C(C1)N(Cc1cccnc1)C(=O)C2(NC(=O)C1CC1)C(F)(F)F,0
Nc1c(C(=O)NCCN2CCOCC2)c2nc3ccccc3nc2n1Cc1ccco1,0
CC1(C)Cn2c(nnc2-c2ccccc2)S1,0
O=C(Nc1ccccc1F)c1ccc(S(=O)(=O)NCC2CCCO2)cc1,0
Cc1csc(NC(=O)CSc2nnc(-c3ccccn3)n2-c2ccc(C)c(C)c2)n1,0
Cc1ccc(C(C)NC(=O)c2cc(C)oc2C)cc1,0
COc1ccc(S(=O)(=O)N(CC(=O)N2CCN(C)CC2)C2CCCCC2)cc1OC,0
Nn1c(SCC(=O)N2CCOCC2)nnc1-c1ccc(Cl)cc1Cl,0
Cc1nn(-c2ccc(Cl)cc2)c2sc(C(=O)N3CCN(c4ccccn4)CC3)cc12,0
Cc1cccc(C)c1NC(=O)N1C2CCCC1CC(NC(=O)C(C)(C)C)C2,0
COc1cccc(-c2nnc(SCc3cccnc3)o2)c1,0
NC(=O)NC(Cc1ccccc1)c1ccccc1,0
Cc1cc(C)c(C#N)c(SCC(=O)OC2CCCCC2)n1,0
COc1ccc(C2C(C#N)=C(C)NC3=C2C(=O)c2ccccc23)cc1,0
Clc1ccc(OCc2nn3c(C4CCCCC4)nnc3s2)cc1,0
Cc1ccc(S(=O)(=O)NC2=NCN(CCN3CCOCC3)CN2)cc1,0
Cc1ccc(C)c(NS(=O)(=O)c2cc(Br)cnc2N)c1,0
C=CCn1c(SCC(=O)NCc2ccc3c(c2)OCO3)nnc1C1COc2ccccc2O1,0
CN(CC(=O)Nc1cccnc1)S(=O)(=O)c1cc(Cl)ccc1Cl,0
O=c1cc(-c2ccccc2)[nH]n1-c1nc2ccccc2s1,0
CN1CCN(C(=O)c2c(NC(=O)c3ccco3)sc3c2CCC(C(C)(C)C)C3)CC1,0
CC1CCc2nn(CC(=O)NCCC3=CCCCC3)cc2C1,0
CC(=O)c1cccc(-n2nnnc2SCC(=O)Nc2cccc(NC(=O)c3ccco3)c2)c1,0
Cc1ccc(NC(=O)CSC2=C(C#N)C(c3ccc4c(c3)OCO4)CC(=O)N2)cc1C,0
COc1ccccc1C1CC(=O)NC(C)=C1C(=O)OCC1CCCO1,0
NC(=O)CSc1nnc(CNc2cccc(Cl)c2)n1CCc1ccccc1,0
CCOc1ccc2nc(NC(=O)COC)sc2c1,0
Cc1ccc(C)c(N2CCN(S(=O)(=O)c3ccc4c(c3)oc(=O)n4C)CC2)c1,0
COc1cc2c(C#N)c(N3CCN(c4ccccc4OC)CC3)nc(N)c2c(N)n1,0
O=C(CSc1nnnn1-c1ccc2c(c1)OCO2)NCc1cccs1,0
CC12CN3CC(C)(CN(C1)C3c1ccc(Br)cc1)C2=O,0
CCn1ncc(C(=O)Nc2ccc(S(=O)(=O)N3CCCC3)cc2)c1C,0
CC(=O)N1CCCc2cc(S(=O)(=O)N3CCc4ccccc4C3)ccc21,0
CCN(CC)S(=O)(=O)c1cc(C(=O)Nc2ccncc2)ccc1Cl,0
COC(=O)c1[nH]c2cc(C)ccc2c1NC(=O)CN1CCN(c2ccccc2OC)CC1,0
CCOC(=O)CSc1nnc(CNC(=O)c2cccs2)n1CCc1ccccc1,0
Cc1cc(NC(=O)CSc2nc3ccccc3c(=O)n2C2CCCC2)no1,0
CC1=C(C(=O)OCc2ccc3c(c2)OCO3)C(c2ccc(Cl)cc2)NC(=O)N1,0
O=C1c2oc3ccccc3c(=O)c2C(c2ccc(Cl)cc2)N1c1ncccn1,0
Cc1ccc(Nc2nc(N3CCOCC3)c3ccccc3n2)cc1,0
Cn1c(SCC(=O)Nc2ccc3cn[nH]c3c2)nnc1-c1cccs1,0
Cc1cc(NS(=O)(=O)c2ccc(NC(=O)COc3ccccc3C(C)C)cc2)no1,0
COc1ccc(N2CCN(C(=O)CSc3ncccc3-c3nc4ccccc4[nH]3)CC2)cc1,0
Cc1ccc(OCC(=O)Nc2cccc(O)c2)cc1C,0
FC(F)(F)c1cccc(N2CCN(Cc3ccoc3)CC2)c1,0
COc1ccc(S(=O)(=O)NCCC(=O)NCc2ccc(F)cc2)cc1,0
O=C(NCc1ccc(Cl)cc1)c1cccnc1,0
Nc1nnc(Cc2ccc(Cl)cc2)s1,0
Cc1onc(-c2ccccc2)c1C(=O)Nc1ccc(S(=O)(=O)N2CCCCC2)cc1,0
COc1ccc(S(=O)(=O)N2CCC(C(=O)NCc3ccccn3)CC2)cc1C,0
Cn1c(CSc2nc3ccc(Br)cc3[nH]2)nc2ccccc21,0
CC1CC(C)CN(c2ncc3c(n2)CC(c2ccccc2Cl)CC3=O)C1,0
COc1ccccc1Cc1noc(-c2cc(Cl)ccc2OC)n1,0
O=C(c1ccc2c(=O)n(Cc3ccc4c(c3)OCO4)c(=S)[nH]c2c1)N1CCCCC1,0
CN1CC(=O)N=C1NC(=O)c1ccc(Cl)c(S(=O)(=O)N2CCCCCC2)c1,0
CC(=O)Nc1ccc(S(=O)(=O)NCc2ccc(C(=O)NCCN3CCCCCC3)cc2)cc1,0
Cc1ccc(C)c(NC(=O)C(Sc2nncn2C)c2ccccc2)c1,0
O=C(COc1ccccc1)N1CCNC1=O,0
CCc1nnc(NC(=O)OCc2ccccc2)s1,0
O=S(=O)(c1ccc(N2CCCC2)cc1)C(F)(F)F,0
CCOCCCNC(=O)CN1C(=O)C(CC)Oc2ccccc21,0
C/C(=C1/SC(N2CCCC2)=NC1=O)c1ccc(Br)cc1,0
Cc1c(NS(=O)(=O)c2ccc3c(c2)CCN3C(=O)C2CC2)c(=O)n(-c2ccccc2)n1C,0
CCc1cc2cc(C)ccc2nc1SCC(=O)N1CCN(C(=O)c2ccco2)CC1,0
Cn1c(=O)c(NC(=O)c2ccccc2)c2n(c1=S)CCCCC2,0
CS(=O)(=O)Nc1cccc2cccnc12,0
CCOc1cc(C(=O)CSc2nnc(CNc3ccc(Cl)cc3)o2)ccc1NC(=O)CC,0
Cc1c(C(=O)NC(C)CN2CCCCC2)oc2ccccc12,0
O=S(=O)(c1cccc2nsnc12)N1CCN(c2ncccn2)CC1,0
NC(=O)c1c(NC(=O)CSc2nnc(Cc3ccccc3)n2Cc2ccco2)sc2c1CCC2,0
CCn1c(COc2ccccc2)nnc1SCC(=O)Nc1ccc2c(c1)OCCO2,0
Cc1cc(C)c(S(=O)(=O)N(CC(=O)N2CCOCC2)C2CCCCC2)c(C)c1,0
COCCSc1ccccc1C(=O)Nc1cc(C)on1,0
CCOC(=O)c1sc2nc(CC(=O)OC)nc(NCc3ccco3)c2c1C,0
O=C(CSc1nnnn1C1CCCCC1)Nc1nc2c(s1)CCCC2,0
CC1=CC2=c3ccccc3=NC(c3c[nH]c4ccccc34)N2N1,0
CCCCn1c(SCc2cc(=O)n3ccsc3n2)nc2cc(C(=O)OC)ccc2c1=O,0
Nc1cc(C(=O)O)ccc1Nc1ccc(F)c(F)c1,0
CC(=O)CCS(=O)(=O)c1ccc(C)c(C)c1,0
COC(=O)c1c[nH]n2c(=O)c(Cc3ccc(F)cc3Cl)c(C)nc12,0
Cc1cc(C(=O)Nc2ccc3c(c2)OCCO3)co1,0
COCCn1c(C)cc(C(=O)CSc2nnc(-c3cccnc3)n2-c2ccccc2F)c1C,0
O=S(=O)(c1ccc(OCC(O)CN2CCN(c3ccccc3)CC2)cc1)N1CCOCC1,0
CCN(CC(=O)NCc1cccs1)C(=O)c1cc(S(=O)(=O)N2CCOCC2)ccc1C,0
COc1ccc(C)c2s/c(=N\C(=O)c3ccc(C#N)cc3)n(C)c12,0
CCCCNC(=O)Nc1ccc(C(O)(C(=O)OC)C(F)(F)F)cc1,0
O=C(Nc1ccc(N2CCN(C(=O)c3ccco3)CC2)cc1)c1ccccc1F,0
CCOC(=O)c1ccc(NC(=O)C2C3CCC(C3)C2C(=O)O)cc1,0
O=C(O)CCNS(=O)(=O)c1ccc2c(c1)Cc1ccccc1-2,0
Cc1cc(=O)oc2n[nH]c(-c3ccccc3)c12,0
CC(=O)c1cc2c(cc1NC(=O)CN1CCc3ccccc3C1)OCO2,0
CC1CCCC(C)N1C(=O)Nc1cccc(Cl)c1,0
Cc1ccc2cc3cc(C(=O)N4CCN(C(=O)c5ccco5)CC4)sc3nc2c1,0
O=C(O)CCCC(=O)N1CCN(c2cccc(Cl)c2)CC1,0
Cc1cc(OC(=O)CNC(=O)OC(C)(C)C)c2c(C)cc(=O)oc2c1,0
O=S(=O)(Cc1ccccc1)N1CCCC(c2nc(-c3ccc(F)cc3)no2)C1,0
Cn1c(Br)nc2c1c(=O)n(CC(O)COc1ccccc1)c(=O)n2C,0
CCN(Cc1ccncc1)C(=O)c1cccs1,0
CCC(c1c(C)n(C)n(-c2ccccc2)c1=O)c1c(C)n(C)n(-c2ccccc2)c1=O,0
CCOC(=O)c1sc2ncnc(N3CCN(c4ccc(OC)cc4)CC3)c2c1C,0
CCc1c(C)sc(NC(=O)c2cc(-c3cc(OC)ccc3OC)on2)c1C#N,0
CC1CN(C(=O)CN2C(=O)c3ccccc3S2(=O)=O)CC(C)O1,0
CN1C(=O)CC(C(=O)Nc2ccc(F)cc2)S/C1=N/c1ccc2c(c1)OCO2,0
Cc1cccc2nc(=S)n(C(=O)c3ccco3)n12,0
COc1ccc(C(=O)Nc2ccc(S(=O)(=O)Nc3onc(C)c3C)cc2)cc1,0
COC(=O)C1=C(C)N(c2ccc(C(=O)OC)cc2)C(=O)C1,0
C=C(C)CN(CC)C(=O)CSc1nc2ncc(Cl)cc2[nH]1,0
CSc1nnc2c3c4c(sc3c(=O)n(-c3ccccc3)n12)CC(C)(C)OC4,0
CCc1ccccc1NC(=O)CCc1nc(-c2ccc(C)cc2)no1,0
O=C1CCCC2=C1C(c1ccc(Br)cc1)c1c([nH]c(=S)[nH]c1=O)N2,0
COc1cc2c(C(=O)N3CCN(C)CC3)c(C)n(C)c2cc1Br,0
O=C(Nc1nnc(-c2cccs2)o1)c1cccc(C(F)(F)F)c1,0
Cn1c(SCc2cc(=O)n3cc(Br)ccc3n2)nnc1C1COc2ccccc2O1,0
COc1cccc(Cn2nnc(C(=O)Nc3cc(C)ccc3OC)c2N)c1,0
CN(Cc1nc(-c2ccncc2)no1)S(=O)(=O)c1ccc(Cl)cc1,0
Cc1cccc(-c2noc(CCc3ccccc3)n2)c1,0
COc1ccc(OC)c(NC(=O)Cn2cc(C#N)c3ccccc32)c1,0
CCOC(=O)N1CCN(c2c(NCCCN(CC)Cc3ccccc3)c(=O)c2=O)CC1,0
CCOC(=O)N1CCN(Cc2c(F)cccc2Cl)CC1,0
CCN(C(=O)CN1CCCc2ccccc21)c1c(N)n(Cc2ccccc2)c(=O)[nH]c1=O,0
COc1ccc(-n2cnnc2SCC(=O)c2ccc(S(=O)(=O)N3CCOCC3)cc2)cc1,0
COCCN(CCOC)S(=O)(=O)c1ccc(C(=O)Nc2nnc(C3CC3)o2)cc1,0
Cn1ccnc1C(O)(c1nnc(-c2ccccc2)o1)C(F)(F)F,0
CCOC(=O)c1cnc(SC2CC(=O)N(c3ccc(OC)c(OC)c3)C2=O)nc1N,0
COc1cc2nc(NCCN3CCOCC3)n3nc(-c4ccccc4)nc3c2cc1OC,0
Cc1csc(=O)n1CC(=O)OCc1cccc2ccccc12,0
COc1ccccc1NC(=O)CN(c1ccccc1F)S(C)(=O)=O,0
COc1ccc(OCCSc2nnc3sc4ccccc4n23)cc1,0
COc1cc(NS(=O)(=O)c2ccc(NC(=O)C3CCCO3)cc2)nc(OC)n1,0
COc1ccc(-c2cc3nc4n(c(=O)c3s2)CCOC4)cc1,0
CC(=O)N1CCc2cc(Br)cc(S(=O)(=O)N3CCCCCC3)c21,0
COCCNC(=O)CN1CCC(NC(=O)Nc2ccc(C(F)(F)F)cc2)CC1,0
Cc1ccc(S(=O)(=O)N2CCN(C(=O)c3cccc(F)c3)CC2)cc1,0
c1ccc(-c2ccc(-c3ccccn3)nn2)nc1,0
CCC(C)Sc1nc2n(-c3ccc(C)c(C)c3)[nH]cc-2c(=O)n1,0
CN(C(=O)c1c(Cl)nc2sccn12)C1CCCCC1,0
COc1ccccc1CNC(=O)CCCN1C(=O)COc2ccc(C)cc21,0
CC(C)CC(=O)Nc1ccc(F)c(Cl)c1,0
N#Cc1ccc(OCC(=O)N2CCN(S(=O)(=O)c3cccs3)CC2)cc1,0
O=C(C(c1ccccc1)c1ccccc1)N1CCN(Cc2ccncc2)CC1,0
Cn1c(SCC(=O)N2CCCc3ccccc32)nnc1-c1ccccc1,0
Cc1ccc(C)c(OCCCC(=O)Nc2ccc(N3CCOCC3)cc2)c1,0
CN(C)S(=O)(=O)c1ccc(C(=O)Nc2ccnn2C2CCCCC2)cc1,0
Cc1ccc(NC(=O)CCCC(=O)O)c(Br)c1,0
O=C(NCCc1ccccc1)C1CCN(S(=O)(=O)c2ccc(-n3cnnn3)cc2)CC1,0
CC(=O)Nc1ccc(OC(F)(F)C(F)C(F)(F)F)c(NC(C)=O)c1,0
CCCCOc1ncnc2c1[nH]c1ccccc12,0
Cc1ccc(C)c(N2CCN(C(=O)c3ccc(CS(=O)(=O)c4ccccc4C)o3)CC2)c1,0
COc1ccc(NC(=O)CSc2nnc(-c3cccnc3)n2Cc2ccco2)c(OC)c1,0
CCOC(=O)c1c(C)c(C(=O)Nc2ccc3c(c2)OCCO3)c(C)n1CC,0
O=C(O)CCC(=O)N1CCN(c2nc3ccccc3s2)CC1,0
O=C(CSc1ccc2nnc(-c3cccs3)n2n1)N1CCOCC1,0
Cc1nnc(SCC(=O)Nc2cccc(C(F)(F)F)c2)n1Cc1ccco1,0
CCOC(=O)c1cnc(SCC(=O)Nc2ccccc2N2CCOCC2)nc1N,0
O=S(=O)(c1cccc(-c2cn3cc(Cl)ccc3n2)c1)N1CCOCC1,0
Cc1nc2sc(C(c3ccco3)N3CCN(c4ccccc4F)CC3)c(O)n2n1,0
COc1ccc(N(CC(=O)NCC2CCCO2)S(=O)(=O)c2c(C)noc2C)cc1,0
CC(=O)Nc1ccc(C2Nc3ccccc3C(=O)N2C2CCCCC2)cc1,0
OC12CCCCC1C(c1ccc3c(c1)OCO3)N(Cc1ccccc1F)CC2,0
O=C(c1ccc(CNS(=O)(=O)c2ccccc2)cc1)N1CCC2(CC1)OCCO2,0
CC(C)OC(=O)CSc1nnc(-c2cnccn2)n1C,0
CN(C1CCCCC1)S(=O)(=O)c1ccc(NC(=O)c2ccc(Br)o2)cc1,0
O=C(CSCc1nc2ccccc2[nH]1)N1CCN(c2cccc(Cl)c2)CC1,0
O=C(NCc1cn2ccsc2n1)c1cccs1,0
O=C(Nc1ccc(F)cc1F)c1ccco1,0
CCOC(=O)C(NCc1ccc2c(c1)OCO2)(NC(=O)CC)C(F)(F)F,0
CCN1C(=O)C(C(=O)Nc2ccc(OC)cc2)C2CC1(C)Oc1ccccc12,0
Cc1nn(C)cc1CNC(=O)c1ccccc1Br,0
CCOc1ccccc1NC(=O)Cn1c(=O)n(CCC(=O)NC2CCCC2)c(=O)c2ccccc21,0
O=C(O)CCN1C(=O)C2C3C=CC(C3)C2C1=O,0
CCOC(=O)c1sc(NC(=O)c2cc3c(C)nn(-c4ccccc4)c3s2)nc1C,0
C=CCn1c(SCC(=O)Nc2ccc(C(=O)OC(C)C)cc2)nnc1-c1cccs1,0
Clc1cccc2sc(N3CCOCC3)nc12,0
CCCC(=O)c1cc(F)c(N2CCN(S(=O)(=O)c3ccccc3)CC2)cc1C,0
COc1ccc(NC(=O)c2cnn3c(C(F)(F)F)cc(-c4ccco4)nc23)cc1OC,0
CC1CCCCC1NC(=O)CN1CCN(Cc2ccccc2Cl)C1=O,0
O=C(CCN1C(=O)c2ccccc2C1=O)Nc1ccc(F)cc1F,0
O=C(Oc1ccc2c(c1)OCO2)c1ccc(F)cc1Cl,0
Cc1c(C(=O)Nc2cnccn2)oc2ccccc12,0
O=c1c2cc(N3CCOCC3)ccc2[nH]c(=S)n1CCCN1CCCCCC1,0
Cc1ccc(-c2cc(C(=O)NCCCn3ccnc3)c3cc(Br)ccc3n2)o1,0
C=CCSC1=C(C#N)C(c2cccc(OC)c2)CC(=O)N1,0
O=C(NCCC1=CCCCC1)C1CC(=O)N(C2CCCCCC2)C1,0
CC1CCC(C(C)C)C(OC(=O)COC(=O)c2ccc(=O)[nH]c2)C1,0
COCC(=O)N(Cc1cc2ccccc2[nH]c1=O)c1ccccc1OC,0
O=C(CSc1n[nH]c(-c2ccccc2)n1)c1ccccc1,0
O=C(CSc1nc(O)c(C2CCCCC2)c(=O)[nH]1)Nc1ccc(Cl)cc1,0
CCOC(=O)C(C)Oc1ccccc1C1NC(=O)NC(C)=C1C(=O)Nc1ccc(C)c(C)c1,0
COc1ccccc1-c1c(C)oc2cc(OC(=O)c3ccco3)ccc2c1=O,0
CCC(=O)N(Cc1cccs1)C1CCOC(C)(C)C1,0
O=C(CSc1nnc(CNC(=O)c2cccs2)o1)NCCc1ccccc1,0
COc1ccc2c(c1)S/C(=C\C(=O)c1ccncc1)N2C,0
O=C(CSc1nnc(C2CCCCC2)o1)N1CCCCC1,0
O=C(CCCC(=O)N1CCc2ccccc21)N1CCc2ccccc21,0
CC1(C)CC(=O)C(=CNCCN2CCN(C(=O)C34CC5CC(CC(C5)C3)C4)CC2)C(=O)C1,0
CCc1cc2c(=O)c(-c3nc4ccccc4n3C)c(C)oc2c(CN2CCN(C)CC2)c1O,0
O=C(NC1CCCCCCC1)C1CCC(CNc2c(N3CCCC3)c(=O)c2=O)CC1,0
C=CCN(CC=C)C(=O)Nc1cc(Cl)ccc1OC,0
COc1cccc(OC)c1Oc1ccc(C(F)(F)F)cn1,0
CCN(CC)c1ccc(NC(=O)C2CCCN(S(=O)(=O)c3cnc[nH]3)C2)c(C)c1,0
CCOC(=O)c1c(C)c(C(=O)NC2CCCCCC2)c(C)n1C,0
CCCOC(=O)c1ccc(OC2=CNN/C2=C2\C=CC(OCC)=CC2=O)cc1,0
N#Cc1nc(COc2ccc(Cl)cc2)oc1N1CCCC1,0
CCCn1c(=O)c2ccccc2n2c(SCCOc3ccc(Cl)cc3)nnc12,0
O=C(COc1ccc(Br)cc1)N1CCCCCC1,0
CCO/C([O-])=N/c1c[n+](N2CCOCC2)no1,0
CC(=O)OC(C(=O)NCc1ccc2c(c1)OCO2)c1ccccc1Cl,0
CC1(C)OC(=O)CC1C(=O)NCc1ccccc1,0
COC(=O)C1=C(C)NC2=C(C(=O)CCC2)C1c1ccccn1,0
COc1ccccc1OCCCc1c(C)n[nH]c1C,0
COc1cccc2sc(Nc3nc(-c4ccccn4)cs3)nc12,0
CC(Sc1nc(-c2ccccc2)cc(C(F)(F)F)n1)C(=O)N1CCC(C(N)=O)CC1,0
COc1ccc(OC)c(Nc2nc(N)nc(-c3cc4ccccc4o3)n2)c1,0
COC(=O)C(O)(CC(=O)Nc1ccc(Cl)cc1F)C(F)(F)F,0
C=CCn1c(=O)c2ccccc2n2c(SCc3csc(-c4ccccc4)n3)nnc12,0
COc1ccc(NC(=O)CSc2nnc(-c3ccccn3)n2N)cc1Cl,0
O=C1c2oc3ccc(Br)cc3c(=O)c2C(c2cccc(F)c2)N1CCO,0
Cc1nnc(SCC(=O)Nc2ccccc2)n1CCc1ccccc1,0
O=C(O)c1cccc(Cn2cc(Br)cn2)c1,0
COc1ccc(-c2noc(C3CCCN(C(=O)c4cccs4)C3)n2)cc1,0
O=C(NCc1cccnc1)C1c2ccccc2C(=O)N1C1CCCCCCC1,0
O=C1CCCC/C1=C\Nc1ccc(Cl)cn1,0
CC(C)N(Cc1nc2ccccc2[nH]1)C(C)C,0
COc1ccc(-c2nnc(SCC(=O)N3CCN(c4ccccc4)CC3)o2)cc1OC,0
N#Cc1nc(-c2ccc(OCc3ccccc3)cc2)oc1N1CCC(C(N)=O)CC1,0
COCCCN1Cc2cccc(C(=O)O)c2C1=O,0
CC1(C)CNC(=O)c2sc(N3CCCCC3)nc2C1,0
COc1cc(NC(=O)Cn2nnc(-c3ccccc3N)n2)cc(OC)c1,0
C=CCn1c(COc2cccc3ccc(C)nc23)nnc1SCC(=O)O,0
CCCC(=O)C1=C(Nc2ccncc2)CC(C)(C)C(C(=O)OC)C1=O,0
COc1ccccc1NC(=O)C1CC(=O)OC1c1ccccc1,0
CC(=O)N1CCc2cc(S(=O)(=O)Nc3cccc(C(F)(F)F)c3)ccc21,0
CCC(C)NC(=O)C1c2ccccc2C(=O)N1Cc1cc(OC)ccc1OC,0
O=C(c1ccc2c(=O)n(Cc3ccco3)c(=S)[nH]c2c1)N1CCN(c2ccccc2)CC1,0
CCC(=O)N1CCN(c2ccccc2NC(=O)c2cccc(C)c2)CC1,0
c1ccc(Cn2c(NCc3ccco3)nc3ccccc32)cc1,0
COc1ccc(Br)cc1/C=c1\sc2nc(-c3ccco3)nn2c1=O,0
COc1ccc(CC(=O)NCc2nnc(SCCOc3ccccc3)n2C)cc1,0
O=c1c2c(nc3nc(SCc4ccccc4)[nH]n13)CCC2,0
COc1ccc(NC(=O)c2ccco2)cc1NC(=O)c1ccco1,0
CC1CCN(C(=O)CSc2nnc(CN3CCOCC3)n2-c2ccccc2)CC1,0
O=C1NC2(CCOc3ccccc32)C(=O)N1CC(=O)N(Cc1ccccc1)C1CCS(=O)(=O)C1,0
Nc1nnc(CC2=CCCCC2)s1,0
Fc1ccc(-c2nnc3ccc(N4CCc5ccccc5C4)nn23)cc1,0
CN1CCN(C(=O)C23CC4CC(CC(C4)C2)C3)CC1,0
O=C(CCOc1ccccc1)NCc1ccccc1,0
O=C1CCCc2c1[nH]c1c(Br)cccc21,0
CCCOc1ccc(C(=O)N2CCCC2C(=O)O)cc1,0
Cc1cccc(N(CC(=O)NCc2ccccc2)C(=O)Cn2nnc(-c3ccc(C)o3)n2)c1,0
COc1ccc2cc3cc(C(=O)Nc4ccccc4N4CCN(C)CC4)oc3nc2c1,0
Oc1c(CN2CCOCC2)cc(COCc2ccccc2)c2cccnc12,0
COC(=O)C1=C(C)OC(N)=C(C#N)C1C1CCCCC1,0
CN1CCN(c2oc(COc3ccc(-c4ccccc4)cc3)nc2C#N)CC1,0
O=c1nc2n(c3c1oc1ccccc13)Cc1ccccc1-2,0
CCN(CC)C1=N/C(=C2\C=CC=C(OC)C2=O)Nc2ccccc21,0
COc1ccc(N2C(=O)C3C(C2=O)C2C=CC3C23CC3)c(OC)c1,0
CCCCOC(=O)Nc1ccc(S(=O)(=O)Nn2cnnc2)cc1,0
CCOC(=O)C1C(=O)CC(C)(O)C(C(=O)OCC)C1c1cccc(OC)c1,0
O=C(O)c1cccc(N2CCCCS2(=O)=O)c1,0
OC(COCc1ccccc1)CN1CCN(c2ccccc2)CC1,0
CCOC(=O)C1CCc2nc3ccccc3c(=O)n21,0
CCOC(=O)C1=C(CNC2CCCCC2)NC(=O)NC1c1cc(C)ccc1C,0
CC(C)c1nc(SCC(=O)N2CCCC2)c2ccccc2n1,0
O=S(=O)(Nc1cccnc1)c1ccc(Cl)c(C(F)(F)F)c1,0
CCOc1ccccc1C(=O)NC1CC2CCCC(C1)N2C1CC1,0
Cc1nnc(SCC(=O)Nc2cc(C(F)(F)F)ccc2N2CCOCC2)o1,0
N#Cc1cc2c(nc1SCc1cccnc1)CCCCC2,0
O=C(NCc1ccco1)C1(S(=O)(=O)c2ccc(Cl)cc2)CC1,0
CCOC(=O)c1cnc(Nc2nc3ccccc3o2)nc1CN1CCN(c2ccccc2)CC1,0
COc1ccc(NC(=O)CSc2nnc(Cc3ccccc3)o2)c(OC)c1,0
CCN(CC)C(=O)Oc1ccc(Cl)c2ccccc12,0
COC(=O)c1[nH]c2cccc(OC)c2c1NC(=O)CN1CC2(C)CC1CC(C)(C)C2,0
CCn1c(COc2cccc3cccnc23)nnc1SCC(=O)O,0
CSc1cccc(-n2c(C)cc(C(N)=O)c2C)c1,0
O=C(CSc1nnc2scc(-c3ccccc3)n12)Nc1ccc2c(c1)OCCO2,0
COCCn1c(=S)[nH]c2cc(C(=O)N3CCN(c4ccccc4OC)CC3)ccc2c1=O,0
COc1cccc(-c2cc(C(=O)Nc3cnn(Cc4ccccc4C)c3)no2)c1,0
COc1ccc(Cl)cc1S(=O)(=O)n1nnc2ccccc21,0
CC1=N/C(=C\N(O)C(C)(C)/C=N/O)[N+]([O-])=C1C,0
Cc1nn(-c2ccccc2)c(Cl)c1C(=O)NCC(=O)O,0
O=C(COc1ccccc1Cl)N1CCN(c2ccc(F)cc2)CC1,0
COCc1cc(C)nc(SCC(=O)N2CCC(C)CC2)c1C#N,0
O=C(c1ccc(COc2ccc3c(c2)CCC3)o1)N1CCN(c2ccccc2)CC1,0
COC(=O)c1ccsc1NC(=O)CN1CCN(c2ccc(F)cc2)CC1,0
Cc1csc(C(C#N)C(=O)c2cc3ccccc3o2)n1,0
COc1ccc(Cl)cc1C(=O)NCCc1ccc(S(=O)(=O)NC(=O)NC2CCCCC2)cc1,0
COc1ccc(-c2noc(CCC(=O)Nc3cc(Cl)c(OC)cc3OC)n2)cc1,0
CCN1CCCC1CNC(=O)C1CCCN(S(=O)(=O)c2cccc3nsnc23)C1,0
N#Cc1ccccc1Sc1ccccc1C(=O)OCC(=O)N1CCN(C(=O)c2ccco2)CC1,0
O=C(Nc1nnc(CCc2ccccc2)s1)c1ccco1,0
O=C(CCCN1C(=O)CCC1=O)Nc1cccc(C(F)(F)F)c1,0
CCN1CCCC1CNC(=O)c1cn(C)c2ccc(S(=O)(=O)N3CCCCCC3)cc2c1=O,0
O=C1c2ccccc2C(Nc2ccc3c(c2)OCCO3)N1c1ccc(Cl)cn1,0
O=C(Nc1ccc2c(c1)CCC2)C1COc2ccccc2O1,0
CCS(=O)(=O)N1Cc2ccccc2CC1C(=O)N1CCN(c2cccc(C)c2C)CC1,0
Cc1ccc2cc3cc(C(=O)N4CCCCCC4)oc3nc2c1,0
Cn1c(=O)n(-c2cccc(Cl)c2)c(=O)n1C,0
CCOC(=O)c1cc(C(=O)OCC)c2cc(Br)ccc2n1,0
COC(=O)c1ccc(COC(=O)c2ccc(N(C)C)cc2)cc1,0
COC(=O)Cn1nc(-c2ccccc2)n(-c2ccccc2)c1=S,0
CCOC(=O)N1CCC(NC(=O)c2cccn3c(=O)c4cc(Br)ccc4nc23)CC1,0
COc1ccc2c(c1OC)C(=O)N(c1cccc(C(F)(F)F)c1)C2,0
Cc1ccc(NC(=O)CCC(=O)OCCCC(F)(F)C(F)(F)F)cc1,0
COc1ccc(C(=O)Oc2c(CN3CCOCC3)cc(Cl)c3cccnc23)cc1OC,0
N#Cc1c(N)c(C(=O)c2ccc(Cl)cc2)n2c1CCC2,0
Cn1ccnc1SCc1cn2ccccc2n1,0
Cn1c(NCc2cccs2)nc2ccccc21,0
C=CCN1C(=O)C2C(C(=O)NC)C3C=CC2(O3)C1C(=O)NCc1ccc(OC)cc1,0
Clc1ccc(-c2nnc(NC3=NCCCCC3)o2)cc1,0
CCOc1cccc(C(=O)Nc2ccccc2N2CCN(C(=O)C(C)C)CC2)c1,0
COc1cc2nc(SCC(=O)NCc3ccco3)n(Cc3ccc(Cl)cc3)c(=O)c2cc1OC,0
O=C(CSc1nc2ccccc2[nH]1)Nc1cc(C(F)(F)F)ccc1N1CCOCC1,0
CC(=O)Nc1ccc(S(=O)(=O)N(C)c2ccccc2)cc1,0
CC(C)N(C(=O)CSc1nn2c(=O)c(C(C)(C)C)nnc2s1)c1ccccc1,0
CC(=O)C1=C(C)Nc2cc(C(F)(F)F)ccc2S1,0
COc1cccc(OC)c1OCCCN1CCOCC1,0
CC(=O)Nc1cccc(NC(=O)C2CC3CCC2C3)c1,0
CC1(C)CC(=O)C2=C(C1)N(c1ccccc1)C(N)=C(C#N)C2c1cccnc1,0
CC1=CCC(COC(=O)Nc2ccccc2)CC1,0
CCOC(=O)N1CCN(c2nc(-c3ccc(Cl)cc3)cs2)CC1,0
N#CCCN1CCN(C(CNS(=O)(=O)c2ccc(Cl)cc2)c2ccccc2)CC1,0
O=S(=O)(Nc1cccc2cn[nH]c12)c1ccc(F)cc1,0
Cn1c(=O)c2c(nc(SCC(=O)O)n2Cc2cccc(C(F)(F)F)c2)n(C)c1=O,0
O=C(CCn1cccc1)NCCc1ccc(Cl)cc1,0
CCC(=O)N1CCN(c2ccc(Cl)cc2NC(=O)c2ccc3c(c2)OCCO3)CC1,0
Cc1ccc(-c2cc(C(F)F)nc(N3CCC(C)CC3)n2)cc1,0
CN1CCN(C2=C(Cl)C(=O)N(C3CCCCC3)C2=O)CC1,0
COc1ccc(CCNc2oc(-c3ccc(OC)c(OC)c3)nc2C#N)cc1,0
CCOc1ccc2[nH]c(=O)c(CN(Cc3nnnn3CCc3ccccc3)CC3CCCO3)cc2c1,0
COc1ccc(NC(=O)C2CCCN2S(=O)(=O)c2ccc(F)cc2)cc1,0
O=C(COC(=O)c1ccc[nH]c1=O)NCC1CCCO1,0
CCN1C(=O)CC(N2CCN(c3ccc(Cl)cc3)CC2)C1=O,0
O=C(N1CCCC1)N1CCN(c2ncnc3c(-c4ccc(Cl)cc4)nsc23)CC1,0
Cc1nc2c(cnn2-c2ccc(Cl)cc2)c(=O)n1-c1ccc2c(c1)OCCO2,0
CCOCCCNC(=O)C1CCN(S(=O)(=O)N2CC(C)CC(C)C2)CC1,0
CSc1ccccc1NC(=O)c1c(Br)cnn1C,0
Cc1ccc(S(=O)(=O)N2CCC(C(=O)NC(C)C(=O)NCCc3ccccc3)CC2)cc1,0
Cc1ccsc1C(=O)Nc1ccc(C(=O)O)cc1,0
CCOC(=O)c1ccc(NC(=O)CCc2ccc(C)o2)cc1,0
Cc1cc(NCCN2CCOCC2)n2ncc(-c3ccccc3)c2n1,0
O=C(NC(Cc1ccccc1)c1nc2ccccc2[nH]1)C1CC(=O)N(c2ccc3c(c2)OCCO3)C1,0
CC(C)(O)C#Cc1ccc(C(=O)N2CCC(C(N)=O)(N3CCCCC3)CC2)cc1,0
O=C(CSc1nnc(COc2ccc3c(c2)CCCC3)o1)Nc1ccc(F)cc1,0
O=C(CSc1nnnn1-c1cccc2ccccc12)N1CCOCC1,0
COc1ccccc1-n1cnc2cc(C(=O)NCCCN3CCOCC3)ccc21,0
CC(=O)Nc1ccc(OCC(O)CN2CCN(c3ccc(C)c(Cl)c3)CC2)cc1,0
O=C(Nc1ccc(Nc2ccccc2)cc1)c1ccc(Br)o1,0
COc1ccc2cc(C(=O)Nc3c(C)n(C)n(-c4ccccc4)c3=O)sc(=O)c2c1OC,0
CC(C)C(NS(=O)(=O)c1ccc2c(c1)OCCO2)C(=O)NCCc1ccccn1,0
COc1cccc(N2C(=O)C(CC(=O)Nc3ccccc3)N(C3CCCCC3)C2=O)c1,0
CCCOc1ccc(N2CC(C(=O)Nc3ncccc3C)CC2=O)cc1,0
O=C(Nc1cccnc1)c1cccc(NC(=O)c2ccco2)c1,0
CSC1=C(C#N)C(c2ccc(C)cc2)C2=C(CCCC2=O)N1,0
CCOc1ccc(C)cc1S(=O)(=O)n1ccnc1,0
O=C(Cc1ccccc1)Nc1ccccc1CO,0
CC(C)CNC(=O)C1CCN(c2ccc(S(=O)(=O)N3CCOCC3)cc2Cl)CC1,0
Cc1ccc(S(=O)(=O)N(C)CCCC(=O)n2nc(C)cc2C)cc1,0
CCn1c(COc2cccc(OC)c2)nnc1SCC(=O)Nc1cc(OC)ccc1OC,0
Cc1ccc(-c2csc(NC(=O)c3cccc(S(=O)(=O)N4CCN(C)CC4)c3)n2)cc1,0
CCOC(=O)C1C(=O)CC(C)(O)C(C(=O)OCC)C1c1ccco1,0
CC1(C)Cc2c(sc3c2c(=N)n(Cc2ccco2)c(=O)n3CC(=O)Nc2ccc(Cl)cc2)CO1,0
Nc1c(C(=O)OCC2CCCO2)c2nc3ccccc3nc2n1Cc1cccs1,0
CCOC(=O)c1c(C)c(C(=O)NCc2cccs2)c(C)n1C,0
Clc1ccc(-c2nnc3sc(-c4ccccn4)nn23)cc1,0
COc1ccc(-c2cc(C(F)(F)F)n3nc(C(=O)O)cc3n2)cc1OC,0
COc1ccccc1OCC(=O)c1[nH]c(C)c(C(C)=O)c1C,0
CC1(C)NC(=O)N(CCCOc2ccc(Br)cc2Cl)C1=O,0
CCOCC(=O)Nc1ccc2c(c1)OCCO2,0
CCCc1ncc(C(O)c2cccc(OC)c2OC)n1C,0
CCOC(=O)c1cc2occc2n1CC(=O)N1CCCc2ccccc21,0
N#Cc1cc2c(nc1SCc1ccncc1)CCC2,0
Cc1cccc(C)c1NC(=O)N1CC=C(n2c(=O)[nH]c3ccccc32)CC1,0
CCC(=O)N1CCN(c2ccccc2NC(=O)COc2cccc(C)c2)CC1,0
Cc1ccc2cccc(S(=O)(=O)N3CCN(c4cccc(Cl)c4)CC3)c2n1,0
COc1ccc(-c2ccc(SCC(=O)N3CCOCC3)nn2)cc1,0
CC(C)CNc1nc2c(c(=O)n(C)c(=O)n2C)n1Cc1cccc(Br)c1,0
CC(=O)c1cccc(NC(=O)C2CCN(S(=O)(=O)c3ccc(C)cc3)CC2)c1,0
CC1(C)CC(=O)C2=C(C1)NC(=O)CC2c1ccccc1F,0
Cn1c(=O)c2c(nc(NCc3ccc4c(c3)OCO4)n2Cc2ccc(F)cc2)n(C)c1=O,0
Cc1ccc(Cn2c(SCC(=O)Nc3cccc(C)n3)nc3c2c(=O)n(C)c(=O)n3C)cc1,0
CC(C)(C)OC(=O)NCCc1nnc(SCC(=O)Nc2cccc(Cl)c2)o1,0
COCCN1Cc2cccc(C(=O)Nc3c(C)cc(C)cc3C)c2C1=O,0
COC(=O)c1ccc(CSc2nncn2C)cc1,0
O=S(=O)(Nc1ccc2c(c1)nc1n2CCN(Cc2ccccc2)C1)c1ccc(F)cc1,0
O=C(NCc1ccco1)c1ccc(COCC(F)(F)F)cc1,0
COC(=O)CSc1nc2cc(OC)ccc2cc1C#N,0
COc1ccc(-c2nc(C#N)c(NCc3ccccc3Cl)o2)cc1OC,0
COc1c(F)c(F)c(C(=O)Nc2ccc3oc(-c4ccncc4)nc3c2)c(F)c1F,0
CCCCNC(=O)NCC(=O)Nc1ccc(F)c(F)c1,0
COc1ccc(-n2c(SCC(=O)Nc3ccc(C(=O)O)cc3)nnc2-c2cccs2)cc1,0
COc1cc2c(=O)n(Cc3ccco3)c(=O)n(CC(=O)c3cccc(Br)c3)c2cc1OC,0
Cc1ccc(S(=O)(=O)C(C#N)c2nc3ccccc3nc2N2CC(C)OC(C)C2)cc1C,0
CC(c1ccco1)N(C(=O)c1ccc(S(=O)(=O)N2CCCCC2)cc1)c1ccccn1,0
CCOc1ccc(C2C(C#N)=C(N)Oc3cc(C)n(CCN4CCOCC4)c(=O)c32)cc1OCC,0
CCOc1cc(S(=O)(=O)NCc2ccccc2)ccc1F,0
O=C(COC(=O)CCCNC(=O)c1ccc(Cl)cc1)NC1CC1,0
COC(=O)CCCC(=O)Nc1ccc(Cl)c(Cl)c1,0
O=C(CSc1nc2ccccc2o1)Nc1ccccc1N1CCCCCC1,0
CSc1nc2n(-c3ccc(C)c(C)c3)[nH]cc-2c(=O)n1,0
COC(=O)CSc1nc2cc(Cl)ccc2c(=O)n1C1CCCC1,0
CCOc1ccc(CN2CCN(c3cc(C)nc4c5c(C)cc(C)nc5nn34)CC2)cc1,0
Cc1ccc(C2=[N+]([O-])C3(CCCCC/C3=N\O)N(O)C2(C)C)o1,0
COCCNS(=O)(=O)c1cc(-c2nn(C)c(=O)c3ccccc23)ccc1C,0
Cc1ccc(-c2cn3c(=S)[nH]nc3s2)cc1,0
Cc1cc(=O)nc(SCC(=O)Nc2ccc(S(=O)(=O)N3CCCCC3)cc2)[nH]1,0
CCN(CC)CCCN1C(=O)C(=O)/C(=C(/O)c2ccc3c(c2)CC(C)O3)C1c1cccnc1,0
CSC1=C(C#N)C(c2ccc(C(C)C)cc2)CC(=O)N1,0
CCN(c1ccc(C(O)(C(=O)OC)C(F)(F)F)cc1)S(=O)(=O)c1ccccc1,0
CCC(=O)N1CCN(c2nc(-c3ccccc3)c3c(c2C#N)CCCC3)CC1,0
Cc1cc(C)n(C(=O)CNC(=O)c2ccc3c(c2)OCCO3)n1,0
CCCOC(=O)c1ccc(NC(=O)c2ccoc2C)cc1,0
CCOC(=O)C1=C(Cn2cnc3ccccc32)NC(=O)NC1c1cc(C)ccc1C,0
O=C(CCn1c(=O)[nH]c2ccsc2c1=O)N1CCN(c2cccc(Cl)c2)CC1,0
O=C(CN1CCC(c2nc3ccccc3[nH]2)CC1)Nc1ccc2c(c1)OCO2,0
CN(C)C(=O)COn1c(SCC(=O)N(C)C)nc2ccccc2c1=O,0
CC(=O)c1ccc(NC(=O)CCNS(=O)(=O)c2cccc3nonc23)cc1,0
COc1ccc(S(=O)(=O)N2CCC(C(=O)NCc3ccccn3)CC2)cc1Cl,0
CCC(C)C(NC(=O)NCc1ccccc1)C(=O)O,0
CC(=O)c1cccc(NC(=O)C2CCN(S(=O)(=O)c3ccc(F)cc3)CC2)c1,0
O=C(CN1CCN(c2ccccn2)CC1)Nc1ccc2ccccc2c1,0
O=C(c1cc2nc(-c3ccccc3)cc(C(F)(F)F)n2n1)N1CCCC1,0
COc1ccccc1NC(=O)CN1CCN(CC(=O)Nc2ccc3c(c2)OCO3)CC1,0
Cc1ccc(C)c(S(=O)(=O)NCc2cccnc2)c1,0
CC(NC(=O)NCc1cccnc1)(C(F)(F)F)C(F)(F)F,0
O=C(NCCc1ccccc1)C1CCCN(S(=O)(=O)c2cccc3nonc23)C1,0
CCOC(=O)N1CCN(C(=O)Cc2ccc(-n3c(=S)[nH]c4ccccc4c3=O)cc2)CC1,0
Cc1cc(C)cc(NC(=O)CSc2nnc(-c3ccccc3Br)o2)c1,0
CC1CN(C(=O)c2cc3ccccc3oc2=O)CC(C)O1,0
O=C(O)C1CCC(=O)N1Cc1ccccc1Cl,0
Cc1cc(NC(=O)CSc2nnc(-c3ccoc3C)o2)no1,0
C=CCSC1=C(C#N)C(c2ccc(OCC)cc2)CC(=O)N1,0
CCCCC(=O)NC(Nc1ccc(C)cn1)(C(=O)OCC)C(F)(F)F,0
Cc1ccccc1N(C)S(=O)(=O)c1ccc2[nH]cc(C(=O)NCC3CCCO3)c(=O)c2c1,0
COc1ccc(N2CCN(C(=O)CN(c3cccc(Br)c3)S(C)(=O)=O)CC2)cc1,0
COc1cc(C)c(Cl)cc1S(=O)(=O)NCC1CCCO1,0
Cc1nnc(SCCn2c(N3CC(C)CC(C)C3)nc3c2c(=O)n(C)c(=O)n3C)s1,0
Cc1noc(C)c1C(=O)NC(C)C1CCCO1,0
CCCc1nnc(NC(=O)c2cc(OC)cc(OC)c2)s1,0
O=C(COc1ccc(-c2nnco2)cc1)N1CCN(S(=O)(=O)c2ccc3ccccc3c2)CC1,0
Cn1c(C(O)c2ccc3c(c2)OCO3)nc2ccccc21,0
Oc1ccc2c(c1)C1CCCC1(N1CCOCC1)O2,0
O=C(COC(=O)c1n[nH]c2ccccc12)Nc1ccc(S(=O)(=O)N2CCCC2)cc1,0
Cc1ccc2c(c1)nnn2C1CCN(S(C)(=O)=O)CC1,0
COc1ccc(N2C(=O)CC(N3CCC(O)(c4cccc(C(F)(F)F)c4)CC3)C2=O)cc1,0
N#C/C(C(=O)CN1CCOCC1)=C1\Nc2ccccc2S1,0
Cc1onc(-c2ccccc2Cl)c1C(=O)Nc1nnc(C(C)C)s1,1
O=S(=O)(c1ccccc1)c1nc(-c2cccs2)oc1NCCCn1ccnc1,0
Cn1cnnc1SCC(=O)c1ccc2c(c1)CCCC2,0
COc1ccc(-n2c(SCC(=O)N3CCN(c4ccccc4)CC3)nc3c(c2=O)SCC3)cc1,0
CC1(C)Cc2c(c(N3CCOCC3)nc3snc(Br)c23)CO1,0
CC1CCCN(C(=O)CSCC(=O)/N=c2\sc3ccccc3n2C)C1,0
O=C(NC1CC2CCC(C1)N2C(=O)NC1CCCCC1)NC12CC3CC(CC(C3)C1)C2,0
CCOc1ccccc1N(CC(=O)NC1CCCC1)C(=O)CCCC(=O)Nc1ccccn1,0
O=C1CCCc2c1cc(C(=O)Nc1ccc(Br)cn1)c(=O)n2-c1ccccc1,0
CC1(C)Cc2ccccc2-c2n[nH]c(=S)n21,0
Cc1ccc(C2CC(=O)NC(SCCC(C)C)=C2C#N)cc1,0
Cc1ccc(C)c2[nH]c(=O)c(CCNC(=O)C(C)(C)C)cc12,0
COc1ccc(CN(C2CCCC2)S(=O)(=O)c2ccc(-n3cnnn3)cc2)cc1OC,0
CCC(=O)c1cc2c(cc1NC(=O)C(C)C)OCCO2,0
CCOC(=O)c1c(C)c(-c2ccccc2)n(CC(=O)N2CCCC2)c1C,0
Cc1ccc(-c2nnc(N3CCOCC3)c3ccccc23)cc1S(=O)(=O)NCC1CCCO1,0
CCN1C(=O)C(CC(=O)NCc2ccc(Cl)cc2)N(CC)C1=O,0
CCOc1cccc(-c2nnc3sc(COc4ccc(OC)cc4)nn23)c1,0
COC(=O)Nc1cc(C)nc2ccccc12,0
Cc1nn(Cc2ccc(C(=O)NC(C)(C)C)o2)c(C)c1Br,0
N=c1c(S(=O)(=O)c2ccccc2)cc2c(=O)n3ccccc3nc2n1CCN1CCOCC1,0
O=c1c2c3c(sc2ncn1/N=C/c1ccco1)CCCC3,0
C=CCn1c(SCc2ccc(C#N)cc2)nnc1-c1cccc(Cl)c1,0
Cn1c(SCC(=O)Nc2ccc3c(c2)OCCO3)nnc1-c1ccco1,0
Cc1cc(C(=O)Nc2sc3c(c2C#N)CCCC3)no1,0
Cc1cc(NC(=O)c2cc(-c3cccs3)on2)nn1Cc1ccc(Cl)cc1,0
COc1cccc(N(CC(=O)N2CCN(C)CC2)S(=O)(=O)c2ccc(C)cc2)c1,0
CC(C)NCC(O)COc1ccc(CC(N)=O)cc1,0
O=C(NCc1ccco1)c1cccc(-c2nnc(-c3ccccc3)o2)c1,0
CCc1c(C(=O)NCCc2ccc(OC)c(OC)c2)[nH]c(C)c1C(C)=O,0
COc1ccc(OC)c(C2CC(=O)N3CN(c4cccc(Cl)c4)CSC3=C2C#N)c1,0
O=C(Nc1ccc(F)cc1F)c1ccc(COc2c(F)c(F)cc(F)c2F)o1,0
CCN(CC)c1ccc(C2Nc3cccc4cccc(c34)N2)c(O)c1,0
CC(C)CCN1CC(C(=O)NCc2ccccc2)CC1=O,0
O=C(Nc1ccc2c(c1)OCO2)c1c(Cl)nc2sccn12,0
COc1ccc(C2(CNC(C)=O)CCCC2)cc1OC,0
CCOC(=O)N1CCN(C(=O)C(C)N(c2ccc(Oc3ccccc3)cc2)S(C)(=O)=O)CC1,0
Cc1ccc(NC2=NC(C(=O)Nc3ccc(C)c(C)c3)CC(=O)N2)cc1,0
Cc1ccc(-c2nnc(SCC(=O)N3CCCC3)o2)cc1,0
CCOC(=O)c1ccccc1NC(=O)c1ccc2c(=O)n3c(nc2c1)CCCCC3,0
Clc1ccc2nc(CSc3nc4ccccc4o3)cn2c1,0
CCC(=O)N1CCN(c2ccc(Cl)cc2NC(=O)c2ccc(Br)o2)CC1,0
O=C(c1ccc(F)cc1)N1CCN(Cc2ccccc2Br)CC1,0
Cc1ccc(S(=O)(=O)N(C)Cc2nc(-c3ccc(Br)cc3)no2)cc1,0
CCOC(=O)C1=C(C)NC2=C(C(=O)CC(C)(C)C2)C1c1ccc2c(c1)CCCN2C,0
CCOCCCNC(=O)C1CC(=O)N(C2CCCC2)C1,0
COCCn1c(SCC(=O)Nc2cc(C)cc(C)c2)nnc1C(C)C,0
Brc1cccc(-c2n[nH]c(-c3ccccc3)n2)c1,0
COc1cc(S(=O)(=O)NCc2ccccc2)ccc1F,0
CC(C)=C1C2C=CC1C(C(=O)Nc1cccc(C)c1)C2C(=O)O,0
O=C1NC(c2cccnc2)C(C(=O)c2cccs2)C(O)(C(F)(F)F)N1,0
Cn1c(C2=C(N)N(c3ccc4c(c3)OCCO4)CC2=O)nc2ccccc21,0
CN(C)c1ccc(C2OC(=O)C3(CCCC3)C(=O)C2(C)C)cc1,0
O=C(Cn1nnc(-c2ccc(CN3CCOCC3)cc2)n1)N1CCCc2ccccc21,0
O=C(c1ccc(-c2cccc(C(F)(F)F)c2)o1)N1CCOCC1,0
CCOC(=O)C1CCCN(C(=O)Cc2c(F)cccc2Cl)C1,0
COC(=O)COC(=O)CC(CC(N)=O)c1ccccc1,0
COc1ccc(CCNC(=O)CSc2nc(C)nc3c2oc2ccccc23)cc1OC,0
Cc1ccc(CNC(=O)c2ccc(CN3CCOCC3)cc2)cc1,0
CC(C)Oc1cccc(C(=O)Nc2ccccc2N2CCOCC2)c1,0
Cc1ccc(N(CC(=O)NCc2ccncc2)S(C)(=O)=O)cc1Cl,0
Cc1onc(-c2ccccc2)c1C(=O)Nc1ccccc1N1CCOCC1,0
Cc1ccc(Cn2ccc(NC(=O)c3c(-c4ccccc4Cl)noc3C)n2)cc1,0
COc1cccc(-n2nnnc2SCC(=O)Nc2cccc(C)n2)c1,0
O=C(CCc1ccccc1)Nc1nnc(-c2cccs2)o1,0
Cc1cc(C)c2[nH]c(=O)c(C(c3nnnn3Cc3ccc4c(c3)OCO4)N3CCCCC3)cc2c1,0
COc1cc(S(=O)(=O)N2CCN(C)CC2)ccc1Cl,0
O=C(NCCO)c1c(O)n2c3c(cccc3c1=O)CC2,0
CCOC(=O)c1[nH]c2ccc(OCC)cc2c1NC(=O)CN1CCCC(C)C1,0
O=C(CCSc1nnc(-c2ccco2)o1)Nc1ccc(Cl)cc1,0
COc1ccc(S(=O)(=O)N(C)CC(=O)N2CCCCC2)cc1Cl,0
CCOC(=O)C1CCN(S(=O)(=O)Cc2ccccc2)C1=O,0
COCc1nc2ccccc2n1Cc1ccccc1Br,0
O=C1C(Cl)=C(NCCCN2CCOCC2)C(=O)N1CCc1ccccc1,0
CCOC(=O)c1ccc(CNC(=O)Cn2nnc(-c3ccc(C)cc3)n2)o1,0
CCOC(=O)/C=C1\SCC(=O)N1CCOc1cccc(Br)c1,0
COCCn1cc(C(=O)N2CCN(C)CC2)c2c3ccccc3n(C)c2c1=O,0
O=C(Oc1ccc(Br)cc1)C1CC(=O)N(c2ccc(F)cc2)C1,0
c1cncc(-c2noc(C34CC5CC(CC(C5)C3)C4)n2)c1,0
CCN1CCCC1CN(Cc1cc2cc(C)cc(C)c2[nH]c1=O)C(=O)Nc1ccccc1OC,0
CCOc1ccccc1C1CC(=O)NC(SCC)=C1C#N,0
CCOC(=O)c1ccccc1NC1OC(=O)c2ccccc21,0
O=C(Nc1ccccc1)NC1CC2CCC(C1)N2,0
COCCCNC(=O)Cn1nc(-c2ccc(C)cc2)ccc1=O,0
Cc1ccc(S(=O)(=O)Nc2ccc(Br)cc2/C=N/n2cnnc2)cc1,0
CCOc1ccccc1NC(=O)C1CCCN(S(=O)(=O)c2c(C)[nH]c(=O)[nH]c2=O)C1,0
Cc1c(Cl)cccc1NC(=O)c1cc(C2CC2)on1,0
CC1CCC(NC(=O)CN2CCCN(Cc3ccc(F)cc3Cl)C2=O)CC1,0
CCOc1ccc(NC(=O)C2CC(C)=C(C)CC2C(=O)O)cc1,0
Clc1ccc(OCc2cn3cccnc3n2)c2ncccc12,0
O=C(CN1C(=O)c2cccc3cccc1c23)Nc1ccc2c(c1)OCO2,0
Cc1cc(=O)nc(SCC(=O)c2ccc(C(C)C)cc2)[nH]1,0
COc1ccc(C(=O)CSc2nnc(-c3ccc(S(=O)(=O)N4CCOCC4)cc3)o2)cc1,0
NC(=O)c1cccn1Cc1ccccc1Cl,0
CCOC(=O)Cc1cnc(NC(=O)c2ccccc2)s1,0
Cn1nc(-c2ccc(C(=O)Nc3cccnc3)cc2)c2ccccc2c1=O,0
O=C(CN(Cc1ccccc1C(F)(F)F)C(=O)CNC(=O)c1ccco1)NC1CCCC1,0
COC(=O)c1ccc(Cl)c(NC(=O)CN2CCN(Cc3ccccc3)CC2)c1,0
O=C(CN1C2=NCCCN2c2ccccc21)c1cccs1,0
COc1ccc(/N=C2\SC(C(=O)Nc3ccc4c(c3)OCO4)CC(=O)N2C)cc1,0
COC(=O)C1C2C=CC3(CN(Cc4ccco4)C(=O)C13)O2,0
CC1=C(C(=O)Nc2ccccc2Cl)C(c2ccc(N(C)C)cc2)NC(=O)N1,0
Cc1ccc(-n2nc3c(c2NC(=O)c2ccc4c(c2)OCO4)CS(=O)C3)cc1,0
Cc1ccc(-c2ccc(C(=O)O)[nH]2)cc1,0
CC(C)(C)c1ccc(S(=O)(=O)NCCOCC(F)(F)C(F)F)cc1,0
COc1ccc(S(=O)(=O)Cc2ccc(C(=O)NCCCN(C)c3ccccc3)o2)cc1,0
Clc1ccc(-c2noc(COc3ccccc3)n2)cc1,0
Cc1ccc2nc(C(F)OC(F)(F)F)[nH]c2c1,0
COc1ccc(Cc2nc(-c3ccc(Cl)cc3)no2)cc1,0
COc1ccc(NS(=O)(=O)c2ccc3oc(Nc4ccc5c(c4)OCCO5)nc3c2)cc1,0
Cc1cccc(NC(=O)CSc2nnc(CCCCCNC(=O)OC(C)(C)C)o2)c1C,0
CCOc1ccc(C2SCC(=O)Nc3c2c(=O)[nH]n3C2CCCCCC2)cc1,0
COC(=O)CCC(=O)Nc1ccc(Br)cc1,0
CCC(=O)c1ccc(N2CCN(C(=O)c3ccc(Br)cc3)CC2)c(F)c1,0
CC1Cc2ccccc2N1S(=O)(=O)c1ccc2c(c1)n(C)c(=O)c(=O)n2C,0
CCn1c(CNC(C)=O)nnc1SCC(=O)c1ccc(Br)cc1,0
COc1ccc(OCc2nnc(SCC(N)=O)n2-c2ccccc2OC)cc1,0
O=C(CSc1nnc(CNC(=O)c2c(F)cccc2Cl)o1)Nc1ccccc1,0
CC(C)c1nnc(NC(=O)CCC(=O)NCc2ccc3c(c2)OCO3)s1,0
CCn1/c(=N/C(=O)c2ccc(N3C(=O)CCC3=O)cc2)sc2c(OC)ccc(OC)c21,0
N#Cc1c(NCCCO)nc(NCc2ccccc2)c2c1CCN(Cc1ccccc1)C2,0
CCN(CCCNC(=O)CC1Oc2ccc(C)cc2NC1=O)Cc1ccccc1,0
Cn1c(SCC(=O)c2ccc3c(c2)OCO3)nnc1-c1ccccn1,0
C=CCn1c(O)c(C(=O)Nc2ccccc2OC)c(=O)c2ccccc21,0
COc1cccc(CC(NC(C)=O)C(=O)NC2CCN(c3nc(C)cc(C)c3C#N)CC2)c1,0
Cc1oc(C)c2c(=O)ccc3c(c12)OC(N)=C(C#N)C3c1ccccc1Cl,0
COC(=O)c1ccccc1NC(=O)CSc1nnc(-c2ccoc2C)n1C,0
COCCOC(=O)C1=C(C)N=C2SCCC(=O)N2C1c1cccc(Br)c1,0
CCn1c(C(=O)N2CCC(C(=O)N3CCC4(CC3)OCCO4)CC2)cc2sccc21,0
CCOCCCn1c(=S)[nH]c2cc(C(=O)N3CCOCC3)ccc2c1=O,0
COc1ccc(CC(=O)N2CCN(c3ccccn3)CC2)cc1,0
CCOC(=O)N1CCN(C2=CC(=O)OC23CCCCC3)CC1,0
CN1CCN(C(=O)c2ccccc2NC(=O)Cc2ccccc2)CC1,0
O=C1C2CC=C(Cl)CC2C(=O)N1CCc1c[nH]c2ccccc12,0
COc1ccc(CC(=O)Nc2cccc(-c3nnc(-c4ccccc4)o3)c2)cc1OC,0
COC(=O)c1c(C)nn(-c2ccccc2)c1N,0
CCOC(=O)c1ccc(NS(=O)(=O)N2CCCCCC2)cc1,0
O=C1CCCCCC1C1(O)C(=O)Nc2ccc(Br)cc21,0
O=C(O)C1CCCCC1C(=O)Nc1ccc(Cl)cc1,0
Clc1ccccc1-c1nnc2sc(C3COc4ccccc4O3)nn12,0
COc1cc(-n2nc(C)c3c2OC(N)=C(C#N)C3c2ccccc2)c(Cl)c(Br)c1O,0
O=C1Nc2ccccc2C1(O)Cc1ccncc1,0
Cc1oc(-c2ccc(Cl)cc2)nc1CN1CCCC(C(=O)NCc2ccco2)C1,0
Cc1ccccc1C(=O)c1cccn1CC(=O)NCC1CCCO1,0
O=C(CN1C(=O)C2C3C=CC(C3)C2C1=O)Nc1ccc2c(c1)OCCO2,0
C=CCn1c(COc2ccc(CC)cc2)nnc1SCC(=O)N(C)C1CCS(=O)(=O)C1,0
CC1CC(=O)c2cnc(Nc3cccc(C(F)(F)F)c3)nc2C1,0
Nc1ccn(-c2ccc(Cl)cc2)c(=O)c1,0
CCCCN1C(=O)NC(=O)/C(=C(/CC)Nc2ccc3c(c2)CCC3)C1=O,0
CCCSc1nc2n(-c3ccc(Cl)cc3)[nH]cc-2c(=O)n1,0
CC(=O)c1c(C)nc(-c2ccc(Cl)cc2)nc1/N=C/N(C)C,0
COc1cccc(-c2cc(C(F)(F)F)n3nc(N)nc3n2)c1,0
Cc1ccc(S(=O)(=O)NC(CC(=O)O)c2ccccc2)c(C)c1,0
COc1ccc(C(=O)C2CCN(S(=O)(=O)c3ccc4c(c3)OCCO4)CC2)cc1,0
Cc1cc(Cl)cc(C)c1OCCCCN1CCOCC1,0
CC1CN(c2ccc(Oc3ccccc3)cc2)c2nc3c(c(=O)[nH]c(=O)n3C)n2C1,0
Cc1c(NC(=O)c2ccc(Br)o2)c(=O)n(-c2ccccc2)n1C,0
CCOCCOC(=O)C1=C(C)N(C)C(=O)NC1c1cc(Cl)c(O)c(OC)c1,0
CCOC(=O)N1CCN(CC(=O)c2ccc3c(c2)CCN3)CC1,0
COCCCNC(=O)c1ccc(N2CCCC2)c(NS(=O)(=O)c2ccc(C)cc2)c1,0
Cc1sc2nc(CN3CCN(S(=O)(=O)c4cccc5nonc45)CC3)[nH]c(=O)c2c1C,0
COc1ccc2c(=O)cc(C(F)(F)C(F)(F)F)oc2c1,0
Cc1ccc(OCC(=O)NCc2ccccn2)cc1,0
O=C(c1ccco1)N1CCN(C(=O)c2ccc(Cn3cc(Br)cn3)o2)CC1,0
Cc1cc(C)c2c(n1)SCC(=O)N2CC(=O)NCCC1=CCCCC1,0
COc1ccccc1N(O)C1CC(=O)N(c2ccc(Br)cc2)C1=O,0
COc1ccccc1-n1c(SCC(=O)Nc2ccc3c(c2)OCO3)nc2c(c1=O)SCC2,0
CCOC(=O)Nc1cccc(NC(=O)c2cc(OC)cc(OC)c2)c1,0
CN1CCN(S(=O)(=O)c2ccc(NC(=O)C3CCCCC3)cc2)CC1,0
Cc1ccc(NC(=O)CCn2c(=O)oc3ccccc32)cc1,0
CC(c1ccco1)N(C(=O)c1ccc(Cl)s1)c1ccccn1,0
Cc1cccnc1NC(=O)Nc1cccc(C(F)(F)F)c1,0
COC(=O)C1C2C=CC3(CN(CC4CCCO4)C(=O)C13)O2,0
O=C(O)CSc1nnc(-c2cc3ccccc3o2)n1-c1ccccc1,0
O=C(Nc1cccnc1)c1ccc(Br)s1,0
O=S(=O)(c1ccc(N2CCCC2c2nc3ccccc3s2)nc1)N1CCOCC1,0
O=C(C1CCCN(S(=O)(=O)c2ccccc2)C1)N1CCN(c2ncccn2)CC1,0
O=C(NCCCN1CCOCC1)c1ccc(Br)cc1,0
CC(C)CC(OC(=O)c1ccco1)C(=O)NC1CCCCC1,0
COc1ccc(NCc2nnc(SCC(=O)Nc3cccc(C)c3)o2)cc1,0
CCOC(=O)c1cc(-c2ccco2)nc2c1c(C)nn2-c1ccccc1,0
Cc1ccc(NC(=O)CSc2nnc(-c3cnccn3)n2Cc2ccco2)cc1C,0
COCCCNC(=O)Nc1ccc(F)cc1F,0
O=C(CCC1CCCCC1)Nc1c2c(nn1-c1ccc(F)cc1)CS(=O)C2,0
COc1ccc(OC)c(C2=NOC(C(=O)NCC3CCCO3)C2)c1,0
Cc1ccc(C(=O)Nc2ccccc2NC(=O)c2ccc(C)o2)o1,0
CCOC(=O)c1cccc(NC(=O)CN2CCN(c3ccc(OC)cc3)CC2)c1,0
C=CCn1cc(C(=O)OC)c(=O)c2cc(S(=O)(=O)N3CCC(C)CC3)ccc21,0
O=C(NC1CCCC1)C1CC(=O)N(C2CCCCCCC2)C1,0
COc1ccc(OC)c(NC(=O)c2[nH]c(C)c(C(C)=O)c2C)c1,0
O=C(NCC(=O)N(Cc1cccs1)C(C(=O)NC1CCCC1)c1ccco1)c1cccs1,0
CCOc1ccc2nc(NC(=O)c3ccc(S(=O)(=O)N4CCOCC4)cc3)sc2c1,0
O=C1CC(N2CCN(c3nc4ccccc4s3)CC2)C(=O)N1Cc1cccs1,0
N#Cc1cnn(-c2ccccc2)c1N,0
COc1ccc(S(=O)(=O)N2CCN(c3cc(-c4ccccc4)nc4ncnn34)CC2)cc1,0
CC(C)OC(=O)CN1C(=O)C(C)(C)Oc2ccc(C(=O)NC(C)(C)C)cc21,0
COc1cc(C)nc(OCCNC(=O)COc2ccc(Cl)cc2C)n1,0
CCN(CCNC(=O)Nc1ccc(Cl)cc1)c1ccccc1,0
COc1ccc(S(=O)(=O)Nc2ccc(C(F)(F)F)cc2)cc1OC,0
CCOC(=O)N1CCN(C(=O)c2cc(Cl)ccc2NC(=O)c2ccc(OC)cc2)CC1,0
CCCn1c(N2CCN(S(=O)(=O)Cc3ccccc3)CC2)nc2ccccc21,0
CCOC(=O)CSc1nc2c(c(=O)n(C)c(=O)n2C)n1CCCc1ccccc1,0
CNC(=O)CN(Cc1ccccc1)S(=O)(=O)c1ccccc1,0
NC(=O)CSc1nnc(Cc2csc(Nc3ccccc3)n2)n1Cc1ccccc1,0
CC(C)C(C(=O)Nc1ccccc1)N1C(=O)c2ccccc2C1=O,0
COc1ccc(CN2CC(C(=O)NCCCN3CCCCCC3)CC2=O)cc1,0
CC(C)C12CN3CCN(CC(C3)C1O)C2,0
Cc1cc2nc(SCC(=O)O)nc(C)c2cc1C,0
Cc1ccc2cc(CN(Cc3ccco3)S(=O)(=O)c3c(C)ccc4nsnc34)c(=O)[nH]c2c1,0
COC(=O)C1C(=O)C2=C(CC1C)NC(=O)CC2c1ccc(O)c(OC)c1,0
Cc1onc(-c2c(F)cccc2Cl)c1C(=O)NCC1COc2ccccc2O1,0
O=C(CSc1nnc(-c2ccccc2)n1Cc1ccco1)Nc1ccc2c(c1)OCCO2,0
COc1ccc(OC)c(S(=O)(=O)n2cnc3cc(C)c(C)cc32)c1,0
CC(NC(=O)c1cccnc1)C(c1cccs1)N1CCOCC1,0
Cc1ccc(-n2nc3cc(Cl)c(NC(=O)c4ccco4)cc3n2)cc1,0
O=C(NCc1cccnc1)NC(C(F)(F)F)C(F)(F)F,0
COCCNc1oc(-c2ccccc2Cl)nc1C#N,0
C=CCN1C(=O)C(CC(=O)O)S/C1=N\c1c(C)n(C)n(-c2ccccc2)c1=O,0
CS(=O)(=O)N(CC(=O)N1CCN(Cc2ccccc2)CC1)C1CCCCC1,0
Cc1cc(NC(=O)c2ccc(Cl)cc2)no1,0
COc1ccccc1N1CCN(C(=O)c2c(-c3ccccc3Cl)noc2C)CC1,0
Cc1cc(SCC(=O)OCC(=O)N2CCN(C(=O)c3ccco3)CC2)c(C)cc1Br,0
Cc1cccc(-n2c(CCCN3C(=O)c4ccccc4C3=O)nc3ccccc3c2=O)n1,0
N#Cc1nc(COc2ccc(-c3ccccc3)cc2)oc1NCc1cccnc1,0
CCCC(=O)N1CCN(c2ccc(NC(=O)c3cc4ccccc4o3)cc2)CC1,0
CCCCNC(=O)c1ccc(NC(=O)C2CCCO2)cc1,0
COC(=O)c1cc(Br)c(=O)n(Cc2cccnc2)c1,0
O=C(Cn1cc(C(=O)c2ccccc2)c2ccccc21)NCc1ccco1,0
O=C(CN1CCN(c2ccc(F)cc2)CC1)Nc1cc(C(F)(F)F)ccc1Cl,0
O=C1CC(c2ccc3c(c2)OCO3)C2=C(CCCC2=O)N1,0
COc1cccc(N2CCN(Cc3ccc(Cl)cc3)CC2)c1,0
C=CCn1c(-c2cc(OC)c(OC)c(OC)c2)n[nH]c1=S,0
CCOc1ccc(S(=O)(=O)N2CCCCC2)c2ccccc12,0
O=C(Nc1nc2c(s1)CCCC2)Oc1ccccc1,0
CC(C)c1nnc(NC(=O)Cn2nc(-c3ccc4c(c3)OCCO4)ccc2=O)s1,0
O=C(CNC(=O)c1ccc(Cl)cc1)NCCCn1ccnc1,0
Cc1cc(C)n2c(=S)[nH]nc2n1,0
Cc1c(NC(=O)C(C)Sc2nc3ccccc3c(=O)n2CCO)c(=O)n(-c2ccccc2)n1C,0
COC(=O)c1ccccc1NC(=O)C1CCCCC1C(=O)O,0
CC1=C(C(=O)NCc2ccccc2)C(c2cccs2)N2NC=NC2=N1,0
Cc1ccc(NC(=O)C(C)N2C(=O)c3ccccc3C2=O)cc1,0
CCS(=O)(=O)N1CCC(c2nc(-c3ccc(C(F)(F)F)cc3)no2)CC1,0
CC(O)COc1ccc(/C(=N/O)c2ccccc2)cc1,0
Cc1nnc(SCc2nnc(-c3ccc(Cl)cc3)o2)n1-c1ccccc1,0
Cc1ccc(S(=O)(=O)Cc2cn3cccnc3n2)cc1,0
COC(=O)C1=C(C)NC(=O)CC1c1ccc(F)c(Br)c1,0
COCCSc1nnc(NC(=O)Cc2ccccc2OC)s1,0
Cc1ccc(C2(C)NC(=O)N(Cc3c(C)noc3C)C2=O)cc1,0
CCN(CC)S(=O)(=O)c1ccc(S(=O)(=O)N(Cc2ccccn2)Cc2ccco2)cc1,0
CC/N=C(\Nc1cccc(F)c1)SC1CC(=O)N(c2ccc(OC)cc2)C1=O,0
COc1cccc2cc(-c3nc(-c4cccs4)cs3)c(=O)oc12,0
CCC1CCCCN1Cc1nc2c(c(=O)n(C)c(=O)n2C)n1Cc1ccccc1,0
CC(C)n1c(N2CCN(C(=O)NCc3ccccc3)CC2)nc2ccccc21,0
FC(F)(F)c1cc(-c2ccco2)nc(NCc2ccco2)n1,0
O=C(NC1CCCCC1NC(=O)c1cccs1)c1cccs1,0
O=C1CC(c2cccc(Cl)c2)Cc2nc(N3CCN(c4ccccc4)CC3)ncc21,0
O=C(Nc1ccc2c(c1)OCO2)C1CCN(c2ccc(S(=O)(=O)N3CCOCC3)cc2)CC1,0
COc1cc2c(cc1OC)-c1nncn1C(C)(C)C2,0
O=C(CCn1nc(-c2ccccc2)c2ccccc2c1=O)N1CCN(c2ccccc2)CC1,0
Cc1cc(C)c(S(=O)(=O)Nc2cccnc2)c(C)c1,0
CCN1C(=O)NC(c2cc(Br)ccc2OC)C(C(=O)OC)=C1C,0
CCc1nc2c(sc3nc(N4CCOCC4)c4c(c32)CC(C)(C)OC4)c(=O)o1,0
COc1cc(OC)c(C2N(c3ccccn3)C(=O)C3CCCN32)cc1OC,0
COc1cccc(CSc2nnc(-c3ccc(F)cc3)o2)c1,0
Cn1c(=O)[nH]c(=O)c2c1nc(Br)n2Cc1ccccc1Cl,0
CC1(C)NC(=O)N(CC(=O)Nc2cc(S(C)(=O)=O)ccc2Cl)C1=O,0
O=c1nc2n(c3sc4c(c13)CCC4)Cc1ccccc1-2,0
CC(C)c1ccc(NC(=O)c2csnn2)cc1,0
COc1ccccc1Cc1nc(-c2ccc(Br)o2)no1,0
O=C(COc1ccc2oc3c(c2c1)CCCC3)Nc1ccccn1,0
CCC(C)N(C(=O)COC(=O)c1cn(CC)c2nc(C)ccc2c1=O)C1CCS(=O)(=O)C1,0
COc1ccc2nc3oc(C(=O)N4CCN(c5cccc(C(F)(F)F)c5)CC4)cc3cc2c1,0
Cc1cccc(-c2nc(CN3CCCC(C(=O)NC4CCC(C)CC4)C3)c(C)o2)c1,0
O=C1CC(N2CCC(n3c(=O)[nH]c4ccccc43)CC2)C(=O)N1Cc1ccccc1,0
COc1ccc2cc(CN(C(=O)Nc3ccccc3OC)C3CCCC3)c(=O)[nH]c2c1,0
Cc1ccc(C)c(N2CCN(C(=O)CCS(=O)(=O)c3cccc4nonc34)CC2)c1,0
CCOC(=O)c1ccccc1NC(=O)c1nc2nc(C)cc(C)n2n1,0
O=C(Nc1ccc(Cc2ccncc2)cc1)C1CC1,0
CCCCC(NC(C)=O)c1nc2ccccc2n1CCC,0
CCCN(C(=O)CSc1nnc(-c2ccoc2C)n1N)C1CCS(=O)(=O)C1,0
CC1CCN(C(=O)C(NS(=O)(=O)c2cccc3nsnc23)c2ccccc2)CC1,0
O=C(COC(=O)CCC(=O)Nc1nccs1)NCc1ccco1,0
Cc1cccc2cc(CN(Cc3ccco3)S(=O)(=O)c3ccc4c(c3)OCCO4)c(=O)[nH]c12,0
CSc1c(CC(=O)NCCO)n(C)c2ccccc12,0
O=C(CSc1nnnn1-c1ccccc1)Nc1ccc(Cl)cn1,0
CCN(CC)S(=O)(=O)c1ccc(C(=O)OCC(=O)N2CCN(C(=O)c3ccco3)CC2)cc1,0
c1ccc2[nH]c(-c3cscn3)nc2c1,0
Cc1c(NC(=O)NCc2ccccc2)c(=O)n(-c2ccccc2)n1C,0
CC(=O)NCCn1c(SCc2ccccc2F)nc2ccccc2c1=O,0
CC(C)OC(=O)C1C(=O)NC2(C)CC1c1ccccc1O2,0
CC12CCC(=O)N1C(C(=O)O)Cc1c2[nH]c2ccccc12,0
FC(F)(F)c1cc(-c2ccc3c(c2)OCO3)nc(NCc2ccco2)n1,0
CCc1nnc(NC(=O)C2CCCN2S(=O)(=O)c2ccc(C)cc2)s1,0
O=C(CCCN1CCC(O)(c2ccc(Cl)cc2)CC1)c1ccc(F)cc1,0
O=C1C2ON(c3ccccc3)C(c3ccncc3)C2C(=O)N1c1ccc(Br)cc1,0
O=C(Nc1nnc(-c2ccccc2Cl)o1)c1ccco1,0
COc1ccc(N2C(=O)CC(N3CCN(c4ccc(S(=O)(=O)N5CCCC5)cc4)CC3)C2=O)cc1,0
COc1ccc(NC(=O)N2CCCC(c3nc(-c4ccc(C(C)C)cc4)no3)C2)cc1,0
Cc1cc(C)c2nc(C(F)(F)F)nc(N3CC(C)OC(C)C3)c2c1,0
CC(C)(C)c1cc(CN2CCN(CCO)CC2)cc(C(C)(C)C)c1O,0
Cc1ccc(C(=O)Oc2ccc3c(c2)ncn3C)cc1,0
Cc1ccc(S(=O)(=O)N2CCN(C(=O)CSc3nnnn3C)C2)cc1,0
O=C(C1CC1)N1CCC(c2nc(-c3ccc(S(=O)(=O)NCC4CCCO4)cc3)no2)CC1,0
COCCCNC(=O)c1c(N)n(-c2ccc3c(c2)OCO3)c2nc3ccccc3nc12,0
O=C(Nc1ccon1)c1ccc(Cl)s1,0
Cc1ccc(C)c(NC(=O)CSc2nnc(C3CCCN3C(=O)OC(C)(C)C)o2)c1,0
CC(=O)N1c2c(cc(Br)cc2S(=O)(=O)NCc2cccnc2)CC1C,0
CCc1ccccc1NC(=O)CC(O)(C(=O)OC)C(F)(F)F,0
O=C(CS(=O)CC(=O)Nc1ccc(Cl)cc1)NCC1OCCc2ccccc21,0
Cc1[nH]nc2ncc(C(=O)c3ccccc3O)cc12,0
CC(=O)NC(Cc1c[nH]c2ccccc12)C(=O)NCc1ccc2c(c1)OCO2,0
COc1ccc(NC(=O)NC2(C(=O)N3CCCCCC3)CCCCC2)cc1,0
CCSc1nc(-c2ccco2)ccc1C#N,0
COc1cc(S(=O)(=O)N2CCCC3(CCCCC3)C2)ccc1-n1cnnn1,0
Cc1nnc(NC(=O)c2ccc(C)c(S(=O)(=O)N3CCCCCC3)c2)s1,0
Cc1cccc(NC(=O)c2ccccc2Br)n1,0
COc1ccc(S(=O)(=O)N2CCCCC2)cc1Br,0
CCOC(=O)C1CCN(C(=O)c2ccc(Cl)c(S(=O)(=O)N3CCOCC3)c2)CC1,0
CN(c1ccc(C(=O)O)cc1)S(=O)(=O)c1ccc(Cl)cc1,0
CC(=O)C(C(C)=O)=C(N)N1CCN(c2cccc(Cl)c2)CC1,0
CC1Cn2c(CCc3ccccc3)nnc2S1,0
Cc1cc(C)c(C#N)c(SC2CCCCC2=O)n1,0
COc1ccc(CCNC(=O)CCN2C(=O)C3CC=CCC3C2=O)cc1OC,0
COC(=O)c1sccc1NC(=O)C1C2C=CC(O2)C1C(=O)O,0
CC1CCN(Cc2nc3c(c(=O)n(C)c(=O)n3C)n2CCCc2ccccc2)CC1,0
COc1ccc(C2C(C(=O)c3sc(C)nc3C)=C(O)C(=O)N2CCCn2ccnc2)cc1,0
O=C(c1ccccc1)c1cncc(Br)c1,0
Cc1cc(NCCCN2CCOCC2)n2ncc(-c3ccccc3)c2n1,0
CC1CCCN(CCCNC(=O)CCn2nc(-c3ccccc3)ccc2=O)C1,0
COc1ccc(NC(=O)CNc2cccc(C#N)c2)cc1Cl,0
Cc1cccc(N(CC(=O)NCc2ccc3c(c2)OCO3)C(=O)CCC(=O)Nc2ccccn2)c1C,0
CC(C)n1c(SCC(=O)Nc2ccc3c(c2)OCO3)nc2c1c(=O)n(C)c(=O)n2C,0
COC(=O)c1ccc(Cl)c(NC(=O)CN2CCOCC2)c1,0
CCOc1cc2oc(=O)c3c(c2cc1Cl)CCC3,0
COc1ccc(OC)c(NC(=O)C2CCCN(S(=O)(=O)c3c(C)noc3C)C2)c1,0
O=C(CN1C(=O)c2cccc3cccc1c23)NCc1cccnc1,0
CN(C)C(CNS(=O)(=O)c1ccc(Br)cc1)c1cccnc1,0
Cc1ccc(NCCNc2ccc(C)cc2)cc1,0
O=C(Nc1nc2ccc(S(=O)(=O)N3CCCCC3)cc2s1)c1ccncc1,0
COc1ccc(/N=C2\SC(C(=O)O)CC(=O)N2Cc2ccc(OC)c(OC)c2)cc1,0
CCOc1ccc(N(CC(=O)Nc2ccc(OC)cc2)S(=O)(=O)c2c(C)noc2C)cc1,0
COc1ccccc1-c1cn(S(=O)(=O)c2ccc(F)cc2)nc1N,0
COc1cc(N2CCCC2)c(OC)cc1/C=c1\sc2nc3ccccc3n2c1=O,0
CCCN1C(=O)c2cc(C(=O)O)ccc2C1O,0
Cc1cc(C)nc(SCC(=O)Nc2ccc(Br)cn2)n1,0
Cc1ccc(S(=O)(=O)c2cc3c(=O)n4ccccc4nc3n(Cc3ccco3)c2=N)cc1C,0
COc1ccccc1N1CCN(Cc2ccccc2Cl)CC1,0
O=C(Nc1ccc(Cl)cn1)c1cccc(F)c1,0
O=C(C1CCN(S(=O)(=O)c2ccc(F)cc2)CC1)N1CC=C(c2ccccc2)CC1,0
O=C(CCN1C(=O)c2ccccc2C1=O)OCn1nnc2ccccc2c1=O,0
COc1ccc(N2CCN(C(=O)CSc3nnc(-c4ccc5[nH]c(C)c(C)c5c4)o3)CC2)cc1,0
COc1cc(C2=NOC(C(=O)Nc3ccc(C)cc3)C2)cc(OC)c1OC,0
COc1ccc(C(C(=O)NC2CCCCC2)N2CCC3(CC2)OCCO3)cc1,0
CCCOc1ccc(N2C(=O)CC(N3CCC(c4nncn4CC)CC3)C2=O)cc1,0
CCn1cc(Br)c(C(=O)Nc2cccc(SC)c2)n1,0
CC(C)Oc1ccc(CNCC2(O)CCOC(C)(C)C2)cc1,0
COc1ccc(-c2nnc(SCC(=O)N3CCc4ccccc4C3)o2)cc1,0
COc1ccc(CN(CCCN2CCOCC2)C(=O)Nc2cccc(Cl)c2)cc1OC,0
COc1ccc(Cn2c(=O)[nH]c3cc(C(=O)N4CCN(Cc5ccccc5)CC4)ccc3c2=O)cc1,0
Cc1ccc(Cn2c(=O)c3ccccc3n3c(SCC(=O)N4CCCCC4C)nnc23)cc1,0
Cc1noc(NS(=O)(=O)c2ccc(NC(=O)CSc3nc4c(cc3C#N)CCCC4)cc2)c1C,0
O=C(C1CCN(S(=O)(=O)N2CCOCC2)CC1)N1CCOCC1,0
Cc1ccc(-c2noc(CN3CCC(C(N)=O)CC3)n2)cc1,0
Cc1ccc2cc(CN(Cc3ccccc3)Cc3nnnn3C3CCCC3)c(=O)[nH]c2c1,0
Cc1ccc(C2C(C(=O)c3cccs3)=C(O)C(=O)N2CCN2CCOCC2)o1,0
Cc1nn(-c2ccccc2)c(OC(=O)c2cccs2)c1S(=O)(=O)c1ccccc1,0
COC(=O)CSc1nc2cc(C)ccc2cc1C#N,0
COc1ccc(C2=C(N)N(c3ccccc3)C(C)C2=O)cc1OC,0
O=C(CSc1n[nH]c(-c2ccccc2Br)n1)NC(=O)NCc1ccco1,0
CCCn1c(SCC(=O)N2CCCC2)nc2c1c(=O)n(C)c(=O)n2C,0
O=C(O)CSc1nnc(C2COc3ccccc3O2)n1-c1ccccc1,0
COc1ccc2[nH]c(=O)c(CN(CCCN(C)C)C(=O)Nc3ccccc3)cc2c1,0
O=C(NCc1ccccc1Br)c1ccco1,0
C=CCn1c(SCC(=O)c2ccc(OC)cc2)nnc1C(C)NC(=O)c1cccs1,0
Cc1onc(-c2ccccc2Cl)c1C(=O)NCCN1Cc2ccccc2C1=O,0
CCCn1c(SCC(=O)N2c3ccccc3Sc3ccccc32)nc2c1c(=O)n(C)c(=O)n2C,0
COc1cccc(OCC(=O)NC2CCCCC2)c1,0
O=C(COc1ccc(F)cc1Br)NCc1ccccn1,0
O=C(COc1ccc(-c2nnco2)cc1)N1CCN(S(=O)(=O)c2ccccc2)CC1,0
O=C(CN1CCCCC1)Nc1ccccc1NC(=O)CN1CCCCC1,0
C=CCn1c(SCC(=O)c2ccc(OC)cc2)nnc1-c1cc2cccc(OC)c2o1,0
O=C(CSc1nnc2c(Cl)cc(C(F)(F)F)cn12)Nc1ccc2c(c1)OCO2,0
O=c1cc(CO)oc(CN2CCN(c3ccccc3)CC2)c1O,0
CC(C(=O)NC1=NCCS1)N1C(=O)c2ccccc2C1=O,0
CN(C)c1ccnc2sc3c(=O)n(Cc4ccccc4)cnc3c12,0
CCOc1ccc(C2CC(=O)NC3=C2C(=O)CCC3)cc1,0
Cn1cnnc1SCC(=O)N(Cc1ccc2c(c1)OCO2)C1(C(=O)NC2CCCCC2)CCCC1,0
O=C(c1cccs1)N1CCC(c2nc(-c3ccc(S(=O)(=O)N4CCOCC4)cc3)no2)CC1,0
Cc1cccc(N2CC(C(=O)Nc3ccc4c(c3)OCO4)CC2=O)c1C,0
Cc1occc1-c1nnc(SCC(=O)Nc2ccc3c(c2)OCO3)n1CC1CCCO1,0
COc1ccc2c(c1)-c1nc(NC(=O)c3ccco3)sc1CC2,0
Cc1cccc(N2CCN(C(=O)c3ccc(NS(=O)(=O)c4c(C)noc4C)cc3)CC2)c1C,0
CCN(C(=O)CSc1nncs1)c1c(N)n(Cc2ccccc2)c(=O)[nH]c1=O,0
C1=NC2=NC3=C(CCCC3)C(c3ccccc3)N2N1,0
Cc1ccc(N/C=C2\C=CC=C(O)C2=O)c(C)c1,0
O=C(NC1CCCCC1)N(Cc1nc(=O)c2ccccc2[nH]1)C1CCCCC1,0
CCn1c(C(O)c2cccc(OC)c2OC)nc2ccccc21,0
CS(=O)(=O)N1CCN(C(=O)c2cc3ccccc3oc2=O)CC1,0
CC(=O)c1cnc2cc(-c3ccccc3)nn2c1C,0
CCCCCC(=O)N1CCN(CCNC=C2C(=O)CC(c3ccc(OC)cc3)CC2=O)CC1,0
Cc1cc(C)cc(OCc2nnc(SCC(=O)N3CCN(c4ccccc4)CC3)o2)c1,0
Cc1cnc(NC(=O)CSc2nnc(COc3c(C)cccc3C)o2)s1,0
Cc1nn(C)c(C)c1S(=O)(=O)N(CC(=O)NCCN1CCOCC1)c1ccc(C(C)C)cc1,0
COc1ccccc1C(=O)Nc1ccccc1C(=O)N1CCCC1,0
CC(C)Oc1ccc(CC2CC(=O)NC2=O)cc1,0
O=C(O)c1cccc(NC(=O)C2C3C=CC(C3)C2C(=O)OCC(F)(F)C(F)F)c1,0
Cc1cc(F)ccc1S(=O)(=O)Nc1c(C)n(C)n(-c2ccccc2)c1=O,0
O=C(NC1CCN(C(=O)Nc2ccccc2)CC1)C1CCCCC1,0
COC(=O)C1=C(N)Oc2cc(C)n(CCCn3ccnc3)c(=O)c2C1c1cccc(Cl)c1,0
CCOc1ccc(S(=O)(=O)Nc2nc3ccccc3nc2N2CCN(C)CC2)cc1,0
CC(=O)c1ccc(N2CCN(C(=O)c3ccc(Br)cc3)CC2)c(F)c1,0
COc1ccccc1NC(=O)CN(c1ccc(C)cc1)S(=O)(=O)c1c(C)n[nH]c1C,0
CCCOc1ccc(C(=O)Nn2c(C)nc3ccccc3c2=O)cc1,0
Cc1ccc(S(=O)(=O)N2CCN(c3nc(C)nc4sc(C)c(C)c34)CC2)cc1,0
CC(=O)N(C)c1ccc(OCC(O)CN(Cc2ccco2)S(=O)(=O)c2ccc(C)cc2)cc1,0
CCOc1cc2[nH]c(=O)n(CCCCCC(=O)NCc3ccc4c(c3)OCO4)c(=O)c2cc1OCC,0
CC(C)CCNC(=O)CCNS(=O)(=O)c1ccc(Cl)cc1,0
COc1ccc(-c2nnn(CC(=O)N(C3CCCC3)C(C)C(=O)NC3CCCC3)n2)cc1OC,0
CCOC(=O)C1CCN(C(=O)C2(NC(=O)Nc3ccccc3Cl)CCCCC2)CC1,0
Cc1c(Cl)cccc1NC(=O)CCCCCN1C(=O)CCC1=O,0
CCOCCCNC(=O)c1ccc(OC)cc1,0
COc1cccc(-n2nnc3c(=O)n(Cc4ccc(C)cc4)cnc32)c1,0
CCC(C)NC(=O)C1(C)CCC(=O)N1CCc1ccc(OC)c(OC)c1,0
COC(=O)c1cn(C)c2ccc(S(=O)(=O)N3CCCCC3)cc2c1=O,0
COc1ccc(CCNc2nc(N3CCOCC3)nc(N3CCOCC3)n2)cc1OC,0
N#Cc1ccc(CSc2nnc(NC(=O)C3CCCO3)s2)cc1,0
Cn1cnnc1-c1cccc(NS(=O)(=O)c2ccc(N3CCCC3=O)cc2)c1,0
Cc1ccc(-c2noc(CN3CCN(Cc4ccccc4)CC3)n2)cc1,0
COc1ccccc1Cn1c(=O)c2ccccc2n2c(Sc3ncnc4sccc34)nnc12,0
CC1CCCCN1S(=O)(=O)c1ccc(C(=O)Nc2nnc(-c3ccccc3Cl)o2)cc1,0
Cc1cc(Cl)ccc1OC(C)C(=O)O,0
C=CCn1c(Oc2cc(C)ccc2C)nc2c1c(=O)n(C)c(=O)n2C,0
CCOC(=O)c1sc2nc3n(c(=O)c2c1C)CCCCC3,0
O=C(Nc1ccc(F)cc1Cl)c1ccc2c(=O)n3c(nc2c1)CCCCC3,0
COC(=O)c1[nH]c2cccc(OC)c2c1NC(=O)CCN1CCN(c2ccccc2OC)CC1,0
CC1CCc2c(sc3ncn4c(SCC(=O)NCc5ccco5)nnc4c23)C1,0
Cc1ccc(S(=O)(=O)C(C#N)c2nc3ccccc3nc2N2CCC(C)CC2)cc1,0
C=CCn1c(SCC(=O)Nc2ccc(NC(=O)c3ccco3)c(OC)c2)nnc1-c1ccncc1,0
CC(=O)N1CCc2cc(S(=O)(=O)N3CCc4ccccc4C3)ccc21,0
CCCCOc1ccc(C(=O)NCCCC(=O)N2CCCCC2)cc1,0
Cc1ccc(-c2nn3c(C)nnc3s2)cc1NCc1c(F)cccc1Cl,0
O=C(Nc1cc(C(F)(F)F)ccc1N1CCOCC1)c1cccnc1,0
CCOC(=O)COc1nc(C)c(Br)c(OC)n1,0
COCCOc1ccc(C(F)(F)F)cc1NC(=O)COC(=O)c1c(C)noc1C,0
O=C(c1cnn2c(C(F)(F)F)cc(-c3ccco3)nc12)N1CCCCCC1,0
Cn1c(CN2CCOCC2)nc2cc(NC(=O)c3ccccc3Cl)ccc21,0
CC(=O)c1cc(-c2ccccc2)n(CC(=O)N2CCN(C3CCCC3)CC2)c1C,0
CC1(c2ccncc2)N=c2ccccc2=C2Nc3ccccc3N21,0
O=C(NCc1ccc(N2CCCC2=O)cc1)Nc1cccc(Cl)c1,0
C(=N/n1cnnc1)\c1ccccc1OCCOc1ccccc1,0
Cc1nc(SCC(=O)Nc2cccc(F)c2)c2oc3ccccc3c2n1,0
COC(=O)c1ccc(NC(=O)c2cccc(OC)c2)cc1,0
O=C(CCC1CC(=O)Nc2ccccc21)NCc1cccnc1,0
CCSc1nc2n(-c3ccc(C)c(C)c3)[nH]cc-2c(=O)n1,0
CCOC(=O)CSc1nc(C)cc(Oc2ccc(=O)n(C)n2)n1,0
O=C(O)c1cnn2c(C(F)(F)F)cc(-c3ccco3)nc12,0
COc1ccc(C2SCC(=O)Nc3c2c(=O)[nH]n3C2CCCCCC2)cc1OC,0
Cc1c(C(=O)COC(C)(C)C)[nH]c2ccccc12,0
COc1ccc(N2CCN(CCNC(=O)c3ccc(NC(=O)C4CCCO4)cc3)CC2)cc1,0
Cc1ccc2[nH]c(=O)c(CN(CCO)C(=O)NCc3ccccc3)cc2c1,0
CCC(=O)Nc1ccccc1C(=O)N1CCN(Cc2ccccc2)CC1,0
CCc1ccc(CNc2ccc(N3CCN(C(C)=O)CC3)cc2)cc1,0
O=C(O)C1CC=CCC1C(=O)Nc1ccccc1Cl,0
CC(=O)c1ccc(OC(=O)c2ccc(Br)o2)cc1,0
C/C(=C\C(=O)Nc1nccs1)c1ccccc1,0
O=C(NC(O)C(=O)c1ccccc1)c1cccs1,0
COc1ccc(-c2cc(C(F)(F)F)nc(S(C)(=O)=O)n2)cc1OC,0
CSc1nnc(-c2ccc(S(=O)(=O)N3CCOCC3)cc2)n1CC1CCCO1,0
Cc1cc2cc(CCNC(=O)c3ccc(Br)o3)c(=O)[nH]c2cc1C,0
Cc1ncoc1C(=O)NCc1ccccc1Cl,0
Cc1ccc2oc3c(c(=O)c2c1)C(c1cccc(Br)c1)N(Cc1ccco1)C3=O,0
CC(=O)Nc1cccc(NC(=O)c2sc3ncn(CC(=O)N4CCCCC4)c(=O)c3c2C)c1,0
COc1ccc(NC(=O)CSc2nc(C)cc(C(F)(F)F)n2)cc1,0
CCOC(=O)c1cccc(NC(=O)CSc2nnc(COc3ccccc3)n2CC)c1,0
Cc1cc(OCCCC(=O)N2CCCCC2)cc(C)c1Cl,0
Cc1ccc(CCNC(=O)C2CCN(S(=O)(=O)c3cccc4nsnc34)CC2)cc1,0
CCN(CC)S(=O)(=O)c1ccc(Cl)c(C(=O)NCC2CCCO2)c1,0
Cc1ccccc1-n1nnnc1SCc1csc(-c2ccccc2)n1,0
CC1(NC(=O)C23CC4CC(CC(C4)C2)C3)CCS(=O)(=O)C1,0
CC(=O)N1CCN=C1SCc1ccccc1F,0
O=S(=O)(Nc1ccc2c(c1)nc1n2CCOC1)c1ccccc1,0
O=C(O)C1CC=CCC1C(=O)NCc1ccccc1,0
O=c1nc(NCc2ccccc2)[nH]c2c1CCCC2,0
CCCC(=O)Nc1ccc(C(=O)n2nnc3ccccc32)cc1,0
CCOC(=O)Cc1nnc(NC(=O)CSc2nnc3c4ccccc4n(C(C)C)c3n2)s1,0
COc1ccc(CNC(=O)CN(C(=O)CCC(=O)Nc2ccccn2)c2ccccc2OC)cc1,0
CCOC(=O)N1CCN(C(=O)c2ccc3nc(C)sc3c2)CC1,0
O=C(COC(=O)CCC1CCCC1)Nc1ccc(Cl)cn1,0
COc1ccc(-c2nsc(SCC(=O)Nc3cc(C)on3)n2)cc1,0
CC1(C)Cc2c(c(N3CCOCC3)nc3sc4c(NCc5ccco5)nnnc4c23)CS1,0
O=C(NCc1ccccn1)c1cn(Cc2ccccc2)nn1,0
Cc1ncc(CC(=O)n2cc(C(=O)c3cc(Cl)ccc3O)cn2)s1,0
CN(C)C(=O)c1nnc(Cc2ccc(Cl)cc2)o1,0
COc1ccc(-c2cc(C(F)(F)F)nc(N3CCCCC3)n2)cc1OC,0
Cc1nc2sc(C(c3cccs3)N3CCN(c4ccccc4)CC3)c(O)n2n1,0
CCCC(C(=O)NCc1ccco1)N(C(=O)CNS(=O)(=O)c1ccccc1)C1CCCC1,0
O=C(CN1CCOCC1)OCCCc1ccccc1,0
COc1ccc(OCC(=O)Nc2ccccc2OC(F)F)cc1,0
COc1ccccc1-n1c(SCC(=O)O)nnc1-c1ccc(S(=O)(=O)N2CCCCC2)cc1,0
Cc1nnc(SCCCn2c(N3CCCCC3)nc3c2c(=O)[nH]c(=O)n3C)s1,0
COc1ccccc1NC(=O)NC1(C(=O)N2CCC(O)CC2)CCCCC1,0
CC1(C)COC(Nc2ccc(Cl)cc2)=N1,0
NC(=O)C1CCN(CC(=O)N2c3ccccc3CCc3ccccc32)CC1,0
CN1C(=O)c2ccccc2Sc2ccc(C(=O)N3CCC4(CC3)OCCO4)cc21,0
C=CCOc1ccc(C2N3CC4(CC)CN2CC(CC)(C3)C4=O)cc1,0
COC(=O)CSc1nc(NC(C)C)nc(N2CCOCC2)n1,0
CCOC(=O)c1ccc(NC2OC(=O)c3ccccc32)cc1,0
Cc1ccc(C(=O)NCCN2CCOCC2)cc1Cl,0
COC(=O)c1ccc(N2CCN(C)CC2)c(NC(=O)c2cc3ccccc3o2)c1,0
CCOc1cc(C2NC(=O)NC(C)=C2C(=O)OCc2ccccc2)ccc1O,0
Cc1cccc2cc(CN(Cc3ccco3)C(=O)N3CCCC3)c(=O)[nH]c12,0
COc1cc2c(cc1OC)CN(C(=O)c1cc(S(=O)(=O)N3CCOCC3)ccc1Cl)CC2,0
CCCOC(=O)c1cc2ccccc2oc1=O,0
Cc1ccc(Cn2[nH]nc3c(=O)nc(C4CCN(S(=O)(=O)c5ccccc5)CC4)nc2-3)cc1,0
CCOC(=O)N1CCN(C(=O)CS(=O)(=O)c2cn(Cc3ccccc3C)c3ccccc23)CC1,0
C(=N/c1nc2ccccc2[nH]1)\c1cccs1,0
COC(=O)CCSCc1cn2cc(Cl)ccc2n1,0
Nc1ccc2oc(-c3ccccc3Cl)nc2c1,0
Cn1c(=O)[nH]c(=O)c2c1nc(Br)n2CCOc1ccccc1,0
CCOc1ccc(Br)cc1-c1noc(-c2cccs2)n1,0
COC(=O)c1ccccc1COn1c(=O)c(C)[n+]([O-])c2ccccc21,0
COc1ccc(C(=O)NCC(c2cccnc2)N2CCN(c3ccccc3OC)CC2)cc1OC,0
CC(=O)c1cccc(NC(=O)N2CCCC2C(=O)Nc2ccccc2C)c1,0
O=C(c1ccccn1)N(Cc1cc2ccccc2[nH]c1=O)C1CCCCC1,0
CCOc1ccc(N2C(=O)CC(N3CCC(NC(=O)Nc4ccccc4)CC3)C2=O)cc1,0
O=C(Nc1nc(-c2ccncc2)cs1)c1ccco1,0
CCCCC(=O)Nc1ccc(N2CCN(S(C)(=O)=O)CC2)cc1,0
CC(=O)NC12CC3CC(C1)CC(C(=O)Nc1nccs1)(C3)C2,0
O=C(CN1CCCCC1)Nc1cc(Cl)ccc1Cl,0
CC(C)(Oc1ccc(CCNC(=O)c2ccc(Cl)cc2)cc1)C(=O)O,0
Cn1c(=O)[nH]c(=O)c2c1nc(NC1CCCCC1)n2Cc1ccccc1,0
O=C(Cn1nc(C(F)(F)F)c2c1CCCC2)NCCN1CCOCC1,0
Cc1nc2ccccc2c(=O)n1NC(=O)C1CCCCC1,0
c1ccc(Oc2cccc(CN3CCOCC3)c2)cc1,0
CCOc1cc(-c2ccc(N)c(OCC)c2)ccc1N,0
O=C(NCc1ccccc1)c1ccc(COCC(F)(F)F)o1,0
O=C(CCN1C(=O)C2CC=C(Cl)CC2C1=O)N1CCCCC1,0
COc1ccc(NC(=O)N2CCN(c3nc(-c4cccc(OC)c4)cs3)CC2)cc1,0
Cc1ccc2c(c1)nnn2C1CCN(S(=O)(=O)c2cccc(S(=O)(=O)N(C)C)c2)CC1,0
CCOC1(C(F)(F)F)NC(=O)N(Cc2ccc(OC)cc2)C1=O,0
Cc1ccc(CN(c2ccc(C(=O)N3CCCC3)cc2)S(C)(=O)=O)cc1,0
Cc1ccc(Cn2ccc(NC(=O)c3cc(-c4ccc(F)cc4)on3)n2)cc1,0
CCCCOC(=O)c1ccc(NC(=O)c2cnc3n(c2=O)CCS3)cc1,0
CCCC(=O)NCCc1nc2ccccc2n1CCC,0
COc1ccc(C)cc1Nc1cc(C)nc2ncnn12,0
COc1c(C(=O)N2CCCC2)ccc2ccccc12,0
Cc1cc(=O)nc(Nc2cccc(C(F)(F)F)c2)[nH]1,0
O=C(CSc1nc(O)c(Cc2ccccc2)c(=O)[nH]1)Nc1ccccc1,0
COc1ccc(Br)cc1S(=O)(=O)N(CC(=O)N1CCOCC1)c1ccccc1,0
COc1ccc(C(C)(C)C)cc1NC(=O)C1CC=CCC1C(=O)O,0
COC(=O)c1ccccc1NC(=O)c1cc2ncc(Br)cn2n1,0
O=C(c1ccc(CS(=O)(=O)c2ccccc2)o1)N1CCN(c2ncccn2)CC1,0
CC(=O)c1cccc(NC(=O)N2CCCc3ccccc32)c1,0
CCOC(=O)CCCn1c(C)nc(=O)c(-c2ccccc2)c1C,0
Cc1nnc(C)n1/N=C/c1cccc(Oc2ccccc2)c1,0
Cc1cccc(N(CC(=O)N2CCCC2)S(=O)(=O)c2ccccc2)c1C,0
COc1ccc(CCN2C(=O)CCC2(C)C(=O)NCc2cccnc2)cc1OC,0
CS(=O)(=O)N(CC(=O)Nc1ccccc1C(=O)N1CCOCC1)c1ccc2c(c1)OCO2,0
Cc1ccc2cc(CNC(C)(C)C)c(=O)[nH]c2c1,0
CCOc1ccc(NC(=O)N2CCC(n3c(=O)[nH]c4ccccc43)CC2)cc1,0
CCCCC(=O)Nc1nnc(C)s1,0
CCOc1ccc(-c2cc(C(=O)O)c3ccccc3n2)c(OCC)c1,0
COc1ccc(CC(=O)Nc2cc(Cl)ccc2O)cc1,0
COc1ccccc1OCc1ccc(C(=O)NCc2ccco2)o1,0
O=C(Nc1ccc(-c2cn3ccsc3n2)cc1)C1COc2ccccc2O1,0
C=CCNC(=O)c1ccccc1NC(=O)c1ccccc1,0
COc1ccccc1-c1cc(C(F)(F)F)nc(S(=O)(=O)CCCC(=O)NC(C)C)n1,0
CCNc1nc2c(c(=O)n(Cc3ccccc3)c(=O)n2C)n1Cc1ccccc1,0
COc1ccc(OC)c(N2C(=O)CC(Cc3ccc(C)cc3)C2=O)c1,0
CC(=O)NC(C1C(=O)CC(C)(C)CC1=O)(C(F)(F)F)C(F)(F)F,0
Cc1ccc(Cn2ccc(NC(=O)c3cc(-c4ccccc4)on3)n2)cc1,0
Cc1cc(S(=O)(=O)N(Cc2ccc3c(c2)OCO3)CC2CCCO2)ccc1-n1cnnn1,0
O=C(Nc1ccccc1N1CCN(c2ccccc2)CC1)C1CCCCC1,0
CN1C(=O)C(CC(=O)Nc2ccc3c(c2)Cc2ccccc2-3)N(C)C1=O,0
CC1CCN(CCCNC(=O)c2ccc(CS(=O)(=O)Cc3ccccc3F)o2)CC1,0
O=c1c(-c2ccc(Cl)cc2)[n+]([O-])c2ccccc2n1O,0
CCCOc1ccc(C(=O)c2nc3c(n2O)CCCC3)cc1,0
O=C(NCCCN1CCN(c2ccccc2F)CC1)C1CCC(=O)N1C1CCCC1,0
COc1ncnc(OC)c1NC(=O)c1ccc(F)cc1,0
CCCC[n+]1cc(/N=C(\[O-])OC)on1,0
COc1ccc(CN(Cc2nc(=O)c3ccccc3[nH]2)C(=O)NC2CCCCC2)cc1,0
CCC(=O)Nc1ccc(N2CCN(Cc3ccccc3)CC2)cc1,0
COc1ccc(CC(=O)OCc2cc3cccc(C)c3[nH]c2=O)cc1,0
O=S(=O)(NCCOc1cccc2cccnc12)c1ccc(F)cc1,0
CCc1ccc(CCC(=O)Nc2nnc(C)s2)o1,0
O=C(NCCc1ccccc1)C1CC(=O)N(C2CCCCCC2)C1,0
Cc1cc(NC(=O)CCC(=O)N(C2CC2)C2(C(=O)NC3CCCC3)CCC(C)CC2)no1,0
Cc1cc(C)c(C)c(S(=O)(=O)NCC(=O)N2CCCC2)c1C,0
Cc1cc(NC(=O)CSc2nnc(Cc3ccccc3)o2)no1,0
Cc1cc(C(=O)Nc2ccccc2C(F)(F)F)no1,0
Cc1ccc(-c2nn(-c3ccccc3)cc2C2SCC(=O)N2Cc2ccccc2)o1,0
COc1cccc(C2C(C(=O)c3sc(C)nc3C)=C(O)C(=O)N2CCN2CCOCC2)c1OC,0
COc1ccc(C2=NCC(=O)N(CC(=O)NCc3ccco3)c3sc4c(c32)CCCC4)cc1OC,0
Cc1ccc(CNC(=O)CCCNC(=O)c2ccc(Cl)cc2)n1C,0
Cc1cc(-n2c(C)cc(C(=O)COC(=O)CNC3=NS(=O)(=O)c4ccccc43)c2C)no1,0
CCOC(=O)C1=C(C)NC(=O)NC1c1ccc2c(c1)OCCO2,0
CCOC(=O)C1CC=C(Cl)CC1C(=O)Nc1nccs1,0
CCn1c(-c2cc(OC)c(OC)c(OC)c2)n[nH]c1=S,0
O=C(CCN1C(=O)C2C3C=CC(C3)C2C1=O)Nc1nccs1,0
O=C(OC1CSc2nc3ccccc3n2C1)c1ccco1,0
Cc1nc2cc(C(=O)O)ccc2n1-c1ccc(F)cc1F,0
O=C(Nc1ccncc1)Nc1ccccn1,0
CCOC(=O)Cc1csc(NC(=O)CSc2nnc(C(C)C)n2C)n1,0
COc1ccc(NC(=O)Nc2ccc(N3CCCC3=O)cc2)cc1OC,0
CC(=O)Cc1nsc(NC(=O)c2ccc(Br)o2)n1,0
O=C(COC(=O)c1cc(S(=O)(=O)N2CCCCC2)ccc1N1CCOCC1)NC1CCCCC1,0
Cc1ccc(C)c(N2CCN(C(=O)c3ccccc3Br)CC2)c1,0
COc1ccc(CNC(=O)c2cc(-n3cnnc3)ccc2Cl)cc1,0
CCOC(=O)CSc1nc2c(c(=O)n(C)c(=O)n2C)n1Cc1ccccc1F,0
COC(=O)CCN(C(=O)C1C2CC3CC(C2)CC1C3)c1ccccn1,0
O=C(COc1ccccc1)NCCn1ccc2ccccc21,0
CCn1c(SCC(=O)Nc2nc(C)cs2)nnc1C(NC(=O)c1ccccc1Cl)C(C)C,0
Cc1ccc(-c2nc3ncccc3o2)cc1NC(=O)Cc1ccc(Cl)cc1,0
Cc1ccc(NCc2nnc(SCCN3CCCCC3)n2CC2CCCO2)cc1Cl,0
O=C(CSc1nnc(-c2ccc(F)cc2)o1)Nc1ccc(S(=O)(=O)N2CCCC2)cc1,0
O=C(CSc1nnc(C2CC2)n1Cc1ccccc1)N1CCN(S(=O)(=O)c2ccccc2)CC1,0
O=C1C(Cl)=C(Nc2ccccc2O)C(=O)N1c1ccccc1,0
CCN(CC)S(=O)(=O)c1cccc(C(=O)OCc2cc(=O)n3nc(C)sc3n2)c1,0
CCc1c(C)c2c(C)[nH]n(-c3ccccc3)c-2nc1=O,0
CC1CCC2(CC1)NC(=O)c1ccccc1O2,0
CS(=O)(=O)N1CCC(C(=O)c2cccc(Cl)c2)CC1,0
O=C(COn1nnc2ccc(Cl)cc21)NCc1ccccc1,0
CCOC(=O)CSc1nnc(CNC(=O)c2cc(OC)c(OC)c(OC)c2)n1C,0
CC(=O)N1CCc2cc(Br)cc(S(=O)(=O)NCCCN3CCCC(C)C3)c21,0
CCn1c(SCc2cccnc2)nc2c1c(=O)n(C)c(=O)n2C,0
COc1ccc(-n2c(COc3cccc(C)c3)nnc2SCC(=O)NCc2ccco2)cc1,0
O=C1Nc2ccccc2C12OCCCCO2,0
Cn1c(=O)c(=O)n(C)c2cc(S(=O)(=O)N3CCCCC3)ccc21,0
CC(C)(C)n1nc2c(c1NC(=O)c1ccc(S(=O)(=O)N3CCCC3)cc1)CSC2,0
COc1ccc(N2CCN(C(CNC(=O)c3cccc(Cl)c3)c3cccnc3)CC2)cc1,0
Cc1nc2sc(C(c3ccco3)N3CCN(c4cccc(Cl)c4)CC3)c(O)n2n1,0
CCOc1cccc(NC(=O)C2CCCN(S(=O)(=O)c3ccc(-n4cnnn4)cc3)C2)c1,0
CCOC(=O)C(NC(=O)CC)(Nc1sc2c(c1C(=O)OC)CCN(C)C2)C(F)(F)F,0
CCC(CC)C(=O)Nc1nnc(SCC(=O)N2CCN(c3ccccc3OC)CC2)s1,0
O=C(Cc1ccccc1)CC1(O)C(=O)Nc2ccccc21,0
O=C(NCc1cccnc1)NC1CCCN1S(=O)(=O)c1ccc(Cl)cc1,0
CCOC(=O)C1=C(C)NC(=O)NC1c1ccc(Br)s1,0
COc1ccccc1CNC(=O)C1CCN(c2nc3ccccc3o2)CC1,0
Cc1cccc(NC(=O)CSc2nnc(-c3cc(C)n(-c4ccccc4)c3C)o2)c1C,0
CCC(=O)Nc1cc2c(cc1C(=O)c1ccccc1)OCCO2,0
COc1ccccc1N1CCN(S(=O)(=O)c2ccc3c4c(cccc24)C(=O)N3C)CC1,0
N#Cc1nc(COc2ccccc2)oc1N1CCN(c2cccc(Cl)c2)CC1,0
O=C(O)C1C2C=CC3(CN(Cc4ccco4)C(=O)C13)O2,0
COc1ccc(-c2noc(CSc3nc(=O)c(-c4ccccc4)c(N)[nH]3)n2)cc1OC,0
COc1ccccc1C1SCCN1S(C)(=O)=O,0
COc1cc(C)c(C(C)C)cc1S(=O)(=O)n1cnc(C)c1,0
O=C(Nc1ccccc1)c1ccc2nc(-c3ccco3)c(-c3ccco3)nc2c1,0
Cc1nc(C)c(C(=O)Nc2ccccc2)s1,0
CCn1c(=O)c(=O)[nH]c2cc(C(=O)NC3CCCc4ccccc43)ccc21,0
Cn1c(CN2CCCC2)nc2cc(NS(=O)(=O)c3ccccc3)ccc21,0
CC1CC(C)CN(C(=O)C2CCCN(S(=O)(=O)c3cccc4nonc34)C2)C1,0
CCOC(=O)C(NCc1ccccn1)(NC(=O)c1cccnc1)C(F)(F)F,0
Cc1nn2c(NCCCN3CCOCC3)c3c(nc2c1-c1ccccc1)CCC3,0
CC(=O)Nc1ccc(S(=O)(=O)Nc2nc3ccccc3nc2Sc2nncn2C)cc1,0
Cc1ccc(Cn2c(=N)c(C(=O)NCc3ccco3)cc3c(=O)n4ccccc4nc32)cc1,0
CCN1CCN(c2nc3ccccc3nc2C(C#N)C(=O)OCc2ccccc2)CC1,0
O=C(c1ccc2c(c1)OCCO2)C1CCN(C(=O)c2ccc(F)c(F)c2)CC1,0
Cc1onc(-c2ccccc2Cl)c1C(=O)Nc1ccccc1C(=O)NC(C)C,0
CS(=O)(=O)N(CC(=O)N1CCCCCC1)c1cccc(Br)c1,0
COC(=O)c1ccccc1NC1c2ccccc2C(=O)N1c1cccnc1,0
O=C(O)CCn1c(=O)[nH]c2ccccc2c1=O,0
COc1ccc(CCNS(=O)(=O)c2ccc3c(c2)OCCO3)cc1OC,0
CCCn1nnc(NC(=O)c2sc3ccccc3c2Cl)n1,0
Cc1cc(S(=O)(=O)N2CCN(c3ccccc3C)CC2)ccc1F,0
O=C(NCCN1CCOCC1)c1cc2c(=O)n3ccccc3nc2n1Cc1ccccc1,0
CCS(=O)(=O)N1CCC(C(=O)NCc2ccco2)CC1,0
O=C(c1cc(-c2ccc(Cl)cc2)on1)N1CCOCC1,0
Nc1ccc2oc(-c3cccc(Br)c3)nc2c1,0
O=C(Nc1nc(-c2ccccn2)cs1)c1ccc(S(=O)(=O)N2CCCCC2)cc1,0
COc1cccc(NC(=O)C2CCCN2C(=O)OCc2ccccc2)c1,0
CCCCNC(=O)c1ccc(NS(=O)(=O)c2ccccc2)cc1,0
O=c1n(-c2ccccc2)c(=O)n2n1CCCC2,0
Cc1ccc(NC(=O)CSc2nnc(-c3ccc(S(=O)(=O)N4CCCC4)cc3)o2)cc1C,0
CCCCN(C)S(=O)(=O)c1ccc(C(=O)Nc2nnc(CSC)o2)cc1,0
O=C(NCc1ccco1)c1ccc2c(=O)n(Cc3ccco3)c(SCC(=O)N3CCCC3)nc2c1,0
Cn1c(=O)oc2cc(S(=O)(=O)N3CCCC(C(=O)N4CC=C(c5ccccc5)CC4)C3)ccc21,0
CC1=C(C(=O)OCC(C)C)C(c2ccccc2Cl)NC(=O)N1C,0
O=C(O)CCc1ccc(-c2ccc(Br)cc2)n1CC(=O)O,0
COC(=O)C1=CNC=C(C(=O)OC)C1c1ccccc1Cl,0
COCc1cc(C)n(CC(=O)Nc2ccccc2C(=O)OC)c(=O)c1C#N,0
CN1CCN(C(=O)CC23CC4CC(CC(C4)C2)C3)CC1,0
Nc1nonc1-c1noc(-c2ccc(Br)o2)n1,0
CC1(C)Oc2ccc(C(=O)NC3CCCC3)cc2N(CC(=O)NC2CCCCC2)C1=O,0
CCOC(=O)Cc1csc(NC(=O)c2c(-c3ccccc3)noc2C)n1,0
CN1CCN(C(=O)CN(c2cccc(Cl)c2)S(=O)(=O)c2ccccc2)CC1,0
COc1ccc(OC)c(N2C(=O)C(Cl)=C(N3CCOCC3)C2=O)c1,0
CCn1c2ccccc2c2cc(NC(=O)c3ccco3)ccc21,0
COc1cccc(NS(=O)(=O)c2ccc3c(c2)n(C)c(=O)c(=O)n3C)c1,0
COc1ccc(C2c3c(oc4ccccc4c3=O)C(=O)N2CCCN2CCOCC2)cc1,0
Cc1ccc(C)c(N2CCN(C(=O)c3cc(S(=O)(=O)N4CCOCC4)ccc3F)CC2)c1,0
N#Cc1nc(Cc2cccc3ccccc23)oc1NCc1ccco1,0
Brc1ccc(CSc2ncn[nH]2)cc1,0
Cc1nc(S(=O)(=O)N2CCOCC2)c(C#N)c(C)c1Cl,0
CCCNS(=O)(=O)c1ccc(OCC(=O)N2CCN(Cc3ccc4c(c3)OCO4)CC2)cc1,0
CN1C(=O)c2ccccc2C(C(=O)NCCCN2CCCC2=O)C1c1c[nH]c2ccccc12,0
CCOc1ccccc1N(CC(=O)N1CCOCC1)S(=O)(=O)c1ccccc1,0
CCCNC(=O)c1c(N)n(Cc2ccc3c(c2)OCO3)c2nc3ccccc3nc12,0
Cc1cc(C)c2c(CC(=O)Nc3nccs3)coc2c1,0
O=c1c2sc3nc(N4CCOCC4)c4c(c3c2ncn1Cc1ccco1)CCCC4,0
Cc1ccc(NC(=O)c2cnccn2)c(OC(F)F)c1,0
O=S(=O)(c1cccc(C(F)(F)F)c1)N1CCC(O)(c2cccnc2)CC1,0
Cc1ccc(S(=O)(=O)N2CCN(C(=O)c3cc(=O)[nH]c4ccccc34)CC2)c(C)c1,0
COc1ccc(OC)c(C2CC(=O)N3CN(c4ccccc4)CSC3=C2C#N)c1,0
CC(C)CCOc1ccc(C(=O)O)cc1,0
CCN(CCO)C1CC(=O)N(c2ccccc2C)C1=O,0
COc1ccccc1C1(O)CCN(CC(=O)Nc2c(C)nn(C)c2C)CC1,0
Cc1ccc2[nH]c(-c3ccccc3)c(CN3CCN(C)CC3)c(=O)c2c1,0
CCOC(=O)CSc1nc2n(-c3ccc(C)cc3)[nH]cc-2c(=O)n1,0
Cc1cccc(C)c1NC(=O)C1(N(Cc2ccco2)C(=O)CC2NC(=O)NC2=O)CCCCC1,0
O=C(CCS(=O)(=O)c1cccc2nsnc12)NCc1ccccc1,0
Cn1c(C(=O)NCCc2c[nH]c3ccccc23)cc2sccc21,0
C=CCn1c(SCC(=O)NCC(=O)OCC)nnc1-c1ccccn1,0
COCCNc1c(-c2ccc(O)cc2)nc2ccc(Cl)cn12,0
COC(=O)C(NC=O)C(O)(Cc1ccccc1)C(F)(F)F,0
O=C(CSc1nnc(CNc2ccc(Cl)cc2)n1Cc1ccccc1)NCc1ccco1,0
Cc1cc(C)n(CC(=O)N2c3ccccc3Sc3ccccc32)n1,0
COc1cccc(C2C(C(=O)c3sc(C)nc3C)=C(O)C(=O)N2CCN2CCOCC2)c1,0
CCOC(=O)C1CCN(C(=O)CN(c2cccc(OC)c2)S(=O)(=O)c2ccccc2)CC1,0
CCC(C(=O)c1ccc(O)cc1)c1ccccc1,0
O=C(CSc1nnc(-c2ccco2)n1-c1ccccc1)N1CCN(C(=O)c2ccco2)CC1,0
Nc1nc(SCc2ccc3c(c2)OCO3)n[nH]1,0
COc1ccc(N2CCN(CCCNC(=O)CN3CCN(Cc4ccccc4C)C3=O)CC2)cc1,0
CC(C)(C)C1CCc2[nH]c3ccccc3c(=O)c2C1,0
O=c1cc(N2CCc3ccccc3C2)[nH]c(=O)n1Cc1ccc(F)cc1,0
CC/N=C1/SC(CC(=O)Nc2ccc(C)cc2)C(=O)N1CC,0
Fc1cccc2sc(N3CCOCC3)nc12,0
CC1(C)Cc2cccc(OCC(=O)N3CCN(S(=O)(=O)c4ccc(F)cc4)CC3)c2O1,0
CC(C)CCN1C(=O)CCC1(C)C(=O)NC1CCCCCC1,0
O=C(Nc1cc(C(F)(F)F)ccc1N1CCOCC1)c1n[nH]c(=O)c2ccccc12,0
CC1CN(C(=O)C(C)N2C(=O)c3ccccc3C2=O)CC(C)O1,0
Cc1cc(C(F)(F)F)nc(NCc2ccc(F)cc2)n1,0
CC(=O)Nc1nc2ccc(-c3nc4ccccc4o3)cc2s1,0
COc1ccccc1-n1c(N)c(C(=O)NCC2CCCO2)c2nc3ccccc3nc21,0
O=C(NC1CCCCC1)c1ccc(CNc2ccccc2)o1,0
CCOC(=O)c1ccc2c(c1)NC(=O)C(N1CCN(c3ccc(OC)cc3)CC1)S2,0
CCOC(=O)c1c(-c2cccc(OC)c2)nn2c(C)c(CCC(=O)O)c(C)nc12,0
O=C(Cn1cc(C(=O)c2ccco2)c2ccccc21)NC1CCCC1,0
CC1=C(C(=O)Nc2ccccc2C)C(c2cccnc2)N2NC(CCCO)=NC2=N1,0
Cc1cccc(NC(=O)c2ccc(S(=O)(=O)N(C)C)cc2)c1,0
c1c2c(cc3sc(N4CCOCC4)nc13)OCCO2,0
COc1ccc(OC)c(-c2cc(C(=O)Nc3cccc(Cl)c3)no2)c1,0
Cc1csc2nc(CNS(=O)(=O)c3ccc4c(c3)OCCO4)cn12,0
Cc1ccc(S(=O)(=O)NCc2ccc(C(=O)NCCCN3CCN(C)CC3)cc2)cc1,0
CC(C)Oc1ccc(NC(=O)Oc2ccccc2)cc1,0
O=C(Nc1ccc(-c2nnc(-c3ccccc3)o2)cc1)c1ccc(Br)o1,0
O=C1c2ccccc2C(=O)N1CCCOc1ccccc1,0
O=C(Cn1c(=O)n(Cc2ccco2)c(=O)c2ccccc21)Nc1cccc(Cl)c1,0
CCOc1ccc(NC(=O)c2nn(C)cc2Br)cc1,0
Clc1ccccc1OCCn1cnc2ccccc21,0
O=C(C(Cc1ccccc1)NS(=O)(=O)c1cccc2nsnc12)N1CCC2(CC1)OCCO2,0
CN1CCN(c2ccc(Cl)cc2NC(=O)c2cccc(S(=O)(=O)N(C)C)c2)CC1,0
N#Cc1ccccc1NC(=O)c1ccc(-c2ccccc2Cl)o1,0
CCC1(C)Cc2ccccc2-c2c1c(=O)n(Cc1ccccc1)c1nnnn21,0
CC(=O)c1c(COC(=O)c2ccncc2)nc2ccccc2[n+]1[O-],0
Cc1nc2sc(C(c3ccc(Cl)cc3)N3CC(C)OC(C)C3)c(O)n2n1,0
Cc1cc(NC(=O)CCCC(=O)N(CC(=O)NCCc2ccccc2)Cc2ccc(F)cc2)no1,0
OCCN(Cc1ccccc1)Cc1ccccc1Cl,0
O=c1c2ccccc2ncn1Cc1nc2ccccc2s1,0
CCc1ccccc1OCc1nnc(N)s1,0
COc1ccc(C(C)(C)C)cc1NC(=O)C1C2C=CC(C2)C1C(=O)O,0
CCCn1c(SCC(=O)Nc2ccc3c(c2)OCO3)nc2c1c(=O)n(C)c(=O)n2C,0
O=C1CN(C(=O)CN2CCCCC2)C(c2ccccc2)c2cc(Br)ccc2N1,0
Cc1nnc(NC(=O)c2ccccc2Br)s1,0
O=C(CN1CCN(c2ccccc2)CC1)N1CCN(c2ccccc2)CC1,0
CC(=O)Nc1ccc(NS(=O)(=O)c2ccc(Cl)c(C(=O)O)c2)cc1,0
Cc1cc(C)n(CC(O)COc2cccc(OCC(O)Cn3nc(C)cc3C)c2)n1,0
CCn1c(SCC(=O)Nc2nc(C)cs2)nnc1-c1cccnc1,0
NC1=C/C(=C2\Nc3ccccc3S2)C(=O)C=C1,0
COc1ccc(-c2cc(C(F)(F)F)nc(SCCC(=O)Nc3cc(C)on3)n2)cc1,0
CN1CCN(S(=O)(=O)c2cccc(C(=O)N(c3ccccn3)C3CCCCC3)c2)CC1,0
CCOC(=O)C1=C(C)OC(N)=C(C#N)C1C1CCCCC1,0
Cc1cc(N2CCN(c3ccccc3)CC2)nc(NCc2ccccc2)n1,0
CSC1=NCCN1C(=O)c1cccc(C(F)(F)F)c1,0
O=C(NCC(c1cccnc1)N1CCN(c2ccccc2F)CC1)OCc1ccccc1,0
CCCS(=O)(=O)N1CCN(C(=O)c2cccnc2)CC1,0
Cn1cccc1C(=O)OCc1cc(Cl)cc2c1OCOC2,0
O=C(CCc1c[nH]c2ccccc12)NCC1CCCO1,0
Cc1ccc(C(C(=O)NC2CCCC2)N(C(=O)c2csnn2)C2CCCC2)o1,0
CCOC(=O)N1CC=C2C(C#N)=C(N)C(C#N)(C#N)C(c3cccs3)C2C1,0
COc1ccc2c(C)c(Cl)c(=O)oc2c1,0
Cc1cc(C)nc(SC2CCCCC2O)n1,0
O=C(CN1CCCN(S(=O)(=O)c2ccc(Br)cc2)CC1)Nc1ccc2c(c1)OCO2,0
CCOC(=O)c1c(NC(=O)c2cccs2)sc2c1CCC2,0
CCOC(=O)N1CCC(NC(=O)CSCc2cnn(-c3ccccc3)c2-n2cccc2)CC1,0
CC(C)C(OC(=O)C1CCCO1)C(=O)NC1CCCC1,0
Cc1[nH]c2ccccc2c1CCO,0
COc1ccc(CN(Cc2cccnc2)S(=O)(=O)c2ccc(-n3cnnn3)c(C)c2)cc1OC,0
COCC(=O)Nc1ccc(N(C)C)cc1,0
Cc1noc(C)c1CSc1ccc2ccccc2n1,0
O=C(c1ccc2c(c1)C(=O)N(Cc1ccco1)C2O)N1CCOCC1,0
COCCC(=O)NC12CC3CC(CC(C3)C1)C2,0
Cc1ccc(S(=O)(=O)NC(=O)NCc2ccccn2)cc1,0
Cc1nnc2ccc(Oc3ccc(-c4ccccc4)cc3)nn12,0
O=C(c1noc2c1CCCC2)N1CCN(C(c2ccccc2)c2ccccc2)CC1,0
Cc1cc(NC(=O)COC(=O)C2COc3ccccc3O2)no1,0
CC(=O)Nc1ccc(S(=O)(=O)N2C3CCCC2CC(NC(=O)C2CCCCC2)C3)cc1,0
CCc1nnc(NS(=O)(=O)c2ccc(N3C(=O)C4CC=C(Cl)CC4C3=O)cc2)s1,0
CCSc1nc(=O)n(-c2ccccc2)c(C)c1C(C)=O,0
COc1ccc(C)c2sc(N3CCCC3)nc12,0
O=C1C2C3C=CC(C3)C2C(=O)N1O,0
CC1CN(C(=O)CSc2nnc(-c3ccc(Cl)cc3)n2C)CC(C)O1,0
C=CCNC(=O)c1ccc(C)c(Br)c1,0
O=C(COC(=O)c1ccc(S(=O)(=O)N2CCOCC2)cc1)NC1CCCCCC1,0
CCn1c(CNc2nc(-c3ccccc3)cs2)nnc1SCC(=O)NCc1ccco1,0
CCn1cc(C(=O)NCCc2ccccc2)c(=O)c2cc(F)c(N3CCN(C)CC3)cc21,0
O=S(=O)(c1cccc2nsnc12)N1CCN(C/C=C/c2ccccc2)CC1,0
COc1ccc(NS(=O)(=O)c2cccc(-c3nnc4n3CCCCC4)c2)cc1,0
CCCc1nnc(NC(=O)CCC(=O)N2CCN(CCn3c(C)ccc3C)CC2)s1,0
CCOC(=O)c1ccc(NC(=O)Cn2nnc3ccccc32)cc1,0
OC1(c2cccc(C(F)(F)F)c2)CCN(c2ncnc3c2[nH]c2ccc(F)cc23)CC1,0
Cc1cc(C)n(-c2ccc(OCC(=O)O)nn2)n1,0
O=C(NCC1CC1)C1CCCN(S(=O)(=O)c2ccc(-n3cnnn3)cc2)C1,0
COc1ccc(N(CC(=O)NC2CCCC2)C(=O)c2ccc(N3CCCCC3)nc2)cc1,0
O=C(O)/C=C1\NC(=O)c2ccccc21,0
CCCCCn1c(SCCc2ccccc2)nc2c1c(=O)[nH]c(=O)n2C,0
COC(=O)CCNc1ccc2c(c1)OCCO2,0
Cc1ccc(CC2SC(=O)NC2=O)cc1Cl,0
O=C(NC1CCCCCC1)c1cc(S(=O)(=O)N2CCOCC2)ccc1N1CCCCC1,0
COc1cc(C(=O)Nc2ccc3c(c2)OCCO3)ccc1OC(F)F,0
Cc1cc(C)nc(SCc2nnc(SCC(=O)N3CCCc4ccccc43)o2)n1,0
COc1ccc(-c2ccc(CCC(=O)O)n2C(C)C)cc1,0
COC(=O)c1ccc(CSc2nc(C)nc3sc(C)c(C)c23)o1,0
Brc1ccccc1Cn1c(-c2cncs2)nc2ccccc21,0
Cc1cc(=O)n2[nH]c(COc3ccccc3)nc2n1,0
CN1CCN(Cc2nc3c(c(=O)n(C)c(=O)n3C)n2CCCc2ccccc2)CC1,0
O=C(CSc1ncccn1)NCc1ccccc1,0
CN1C(=O)C(O)(CC(=O)c2ccccn2)c2cc(Br)ccc21,0
COc1ccc(C(CNC(=O)Cn2[nH]c(=O)c3ccccc3c2=O)N2CCCC2)cc1,0
CCc1nnc(NC(=O)Cc2ccc(OCc3c(C)noc3C)cc2)s1,0
CC(C)OC(=O)C(NC(=O)c1ccccc1)=C1CCCCC1,0
CC(=O)c1ccccc1NC(=O)C1C2CCC(O2)C1C(=O)O,0
Cc1cc(N2CCC(C(=O)NC3CC3)CC2)nc(-c2ccccc2)n1,0
Cc1nc(Nc2nc(=O)c3ccccc3n2C)nc2c(C)cccc12,0
Cc1ccc2[nH]c(=O)c(CN(CCO)Cc3nnnn3CCc3ccccc3)cc2c1,0
O=C(Oc1ccnc2cc(Cl)ccc12)N1CCCCCC1,0
Cc1onc(-c2ccccc2Cl)c1C(=O)N1CCN(c2ccccc2)CC1,0
Cn1c(SCC(=O)NCc2cccs2)nnc1-c1ccncc1,0
N#Cc1c(N2CCCCC2)nc(N2CCCCC2)c2c1CCN(Cc1ccccc1)C2,0
COC(=O)c1[nH]c2ccc(C)cc2c1NC(=O)CN1CCCC(C)(C)C1,0
COc1cc(-c2nnc3n2N=C(c2ccccc2)CS3)cc(OC)c1OC,0
O=C(c1ccc(S(=O)(=O)N2CCOCC2)cc1)N1CCN(c2cccc(Cl)c2)CC1,0
CCOc1cc(C#N)c(NC(=O)c2cccnc2)cc1OCC,0
CCCNCc1cc(OCC)c(OCC(N)=O)cc1Br,0
Cn1c(Cn2cnc3ccccc32)nc2ccccc21,0
COC(=O)CN1C(=O)C(O)(CC(=O)c2ccccc2)c2ccccc21,0
CCc1cccc(CC)c1NC(=O)CSc1nnc(C(C)C)n1CC,0
CCOC(=O)c1[nH]c2cc3c(cc2c1NC(=O)CN1CCC2(CC1)OCCO2)OCO3,0
COC(=O)c1ccc(S(=O)(=O)NCCSc2nnc3c4ccccc4n(C)c3n2)cc1,0
Cc1ccc(Cn2nc(C)c(NC(=O)c3cc(-c4ccco4)on3)c2C)cc1,0
CCOc1cc(C2C3=C(CCCC3=O)N(C)C3=C2C(=O)CCC3)cc(Cl)c1O,0
COc1ccccc1N(CC(=O)NC1CCCCC1)C(=O)c1cnn(C(C)C)c1,0
O=S(=O)(c1cccs1)N1CCc2ccccc21,0
CN(C)CCN1C(=O)c2oc3ccccc3c(=O)c2C1c1cccc(Br)c1,0
Cc1cc(C)c2cc(CN(CCO)C(=O)Nc3ccc(Cl)cc3)c(=O)[nH]c2c1,0
CCCc1ccc(OCc2nc(-c3ccc(NC(=O)c4ccco4)cc3)no2)cc1,0
Nc1nnc(SCC(=O)N2CCN(c3ccccc3)CC2)s1,0
COc1ccc(Br)cc1C1NC(=O)c2c(sc3c2CCN(C)C3)N1,0
CCN(CCCNC(=O)CN(C)S(=O)(=O)c1cccc2nsnc12)c1cccc(C)c1,0
Brc1ccc(-c2nnc(-c3ccc4c(c3)OCO4)o2)o1,0
COc1ccc(S(=O)(=O)N2CCC(C(=O)Nc3cccc(C(C)=O)c3)CC2)cc1C,0
COc1ccc(NC(=O)CSc2nc3ccccc3c(=O)n2-c2ccc3c(c2)OCO3)c(OC)c1,0
Cc1ccc(NC(=O)c2cccc(OCc3c(C)noc3C)c2)c(C)c1,0
CCc1c(C)c(C#N)c2nc3ccccc3n2c1Nc1c(C)n(C)n(-c2ccccc2)c1=O,0
COc1ccc(C(=O)NCc2ccccc2OC)c(OC)c1,0
CCCOc1ccc(N2C(=O)CC(N3CCN(c4ccccc4OC)CC3)C2=O)cc1,0
O=C(CSc1ccc(-c2nc3ccccc3[nH]2)cn1)N1CCN(C(=O)c2ccco2)CC1,0
O=c1cc(NCc2ccccc2)nc2n1CCCS2,0
CC12CN3CC(C)(CN(C1)C3c1ccc3c(c1)OCO3)C2=O,0
CN1CCN(S(=O)(=O)c2ccc(NC(=O)c3ccc(Br)o3)cc2)CC1,0
CC(=O)N1CCN(c2ccc(NC(=O)c3ccccc3Br)cc2Cl)CC1,0
O=C(NC1CCCCCC1)C1CCN(S(=O)(=O)N2CCC3(CC2)OCCO3)CC1,0
COC(=O)c1sc(NC(=O)c2oc3ccccc3c2C)nc1C,0
CCn1c(SCC(=O)c2ccccc2)nnc1-c1cc2cc(Br)ccc2o1,0
COc1cc(C2N(c3cccc(Cl)c3)C(=O)C3CCCN32)cc(OC)c1OC,0
Cc1ccccc1OCC(=O)Nc1ccccc1N1CCCCC1,0
Cn1c(C(=O)NCc2cccs2)cc2oc3ccccc3c21,0
CCc1nc(SCC(=O)N2CCCC2)c2ccccc2n1,0
CCc1ccc(N2CC(C(=O)NCc3ccc4c(c3)OCO4)CC2=O)cc1,0
Cc1cc(NC(=O)CCC(=O)N(Cc2cccs2)C(C(=O)NC2CCCC2)c2ccncc2)no1,0
N=c1c(C(=O)NC2CCCC2)cc2c(=O)n3ccccc3nc2n1C1CCCC1,0
CCOc1ccccc1NC(=O)CSc1nnc(-c2ccco2)n1Cc1ccco1,0
CS(=O)(=O)N(CC(=O)NCc1ccc2c(c1)OCO2)c1ccc(Cl)cc1,0
CC(=O)Nc1cccc(NC(=O)C2CCCN2C(=O)Nc2ccc(C)cc2)c1,0
Cc1ccc(SCc2cc(=O)nc(N3CCN(Cc4ccc5c(c4)OCO5)CC3)[nH]2)cc1,0
Cc1c(-c2cccs2)[n+](=O)c2c(n1[O-])CCC2,0
O=C(NCc1ccco1)C(c1ccccc1)N(Cc1cccnc1)C(=O)Cn1nnc2ccccc21,0
Cc1c(N(C(=O)c2cc(=O)[nH]c3ccccc23)C(C)C)c(=O)n(-c2ccccc2)n1C,0
COc1ccc2[nH]c(=O)c(CN(C(=O)c3ccccn3)C3CCCCC3)cc2c1,0
Clc1ccc(-n2ncc3c(NCc4ccco4)ncnc32)cc1,0
Cc1ccc(NC(=O)CN2C(=O)NC(Cc3ccccc3)C2=O)cc1,0
CCOC(=O)CCSc1nnc(-c2cccnc2)n1-c1ccccc1OC,0
CC(NC(=O)OC1CCCCC1)N1C(=O)C2C3C=CC(C3)C2C1=O,0
Cn1cc(C(=O)c2ccc(Cl)cc2)cc1-c1nc2ccccc2n1C,0
O=C(c1n[nH]c(=O)c2ccccc12)N1CCN(C2c3ccccc3-c3ccccc32)CC1,0
COc1ccc(NC(=O)Cn2c(=O)sc3ccccc32)c(OC)c1,0
COc1ccc(C(=O)c2oc3ccccc3c2N)cc1,0
COc1ccc(C2C3=C(CC(c4ccco4)CC3=O)Nc3ccccc3N2C(C)=O)cc1,0
CC1=C(C(=O)OC(C)C)C(c2ccc(Br)s2)NC(=O)N1C,0
CCN1C2=C(C(=O)CCC2)C(c2ccc(O)cc2)C2=C1CCCC2=O,0
O=C(CCSc1nc(-c2ccc3c(c2)OCO3)cc(C(F)(F)F)n1)NCc1ccco1,0
COc1ccc(CCNC(=O)CSc2nnnn2-c2ccccc2)cc1OC,0
N#CC1=C(N)Oc2nc(-c3ccccc3)[nH]c2C1c1cccnc1,0
O=c1[nH]c2cc3c(cc2cc1CN(CCc1ccccc1)Cc1nnnn1C1CCCC1)OCCO3,0
COc1ccccc1NC(=O)CC(=O)CSc1nnc(-c2ccc(C)cc2)n1C,0
Cc1n[nH]c(N2CCN(c3ccccc3)CC2)nc1=O,0
CCn1nc(C)c(NC(=O)c2cc(Br)ccc2Cl)c1C,0
CCNC(=O)NC1(C(=O)Nc2ccc3c(c2)CCC3)CCCCC1,0
COc1ccc(CCNC(=O)CC2COc3ccccc3O2)cc1OC,0
c1ccc(CCN2CCC(N3CCN(c4ccccc4)CC3)CC2)cc1,0
CN(C)C(=O)CN(c1ccc(F)c(Cl)c1)S(C)(=O)=O,0
Cc1noc(C)c1CSc1nc2cc(S(=O)(=O)N3CCOCC3)ccc2o1,0
O=C(NC1CCCCC1)C1CCCN1C(=O)NCc1ccccc1,0
O=C(CSc1nnc(CNC(=O)c2cccs2)o1)c1ccccc1,0
O=C(c1ccco1)N1CCN(Cc2ccc(Cl)cc2)CC1,0
COC(=O)Nc1c(C)nn(Cc2ccccc2C)c1C,0
O=C(Nc1nccs1)c1ccc(COc2ccc(Cl)cc2)o1,0
COc1ccc(Cl)cc1C(=O)Nc1ccc2c(c1)OCO2,0
CC(C#N)Sc1nc2ccccc2c(=O)n1-c1ccccc1,0
O=C(c1ccc(O)cc1)c1ccc(Cl)cc1,0
CCN(CCO)C(=O)C12CCC(C)(C(=O)C1)C2(C)C,0
CCOC(=O)N1CCN(C(=O)CCSc2ccccc2)CC1,0
COc1ccccc1N1CCN(C(=O)CCNS(=O)(=O)c2ccc3c(c2)CCC(=O)N3)CC1,0
Cc1nnc(NC(=O)C2CCCCC2)s1,0
CC1(C)CC(=O)C=C(Nc2ccc(F)cc2F)C1,0
CC(NC(=O)NCC1CCCO1)(C(F)(F)F)C(F)(F)F,0
CCOC(=O)c1c(C)n(C)c2ccc(OCC(O)Cn3nc(C)c(Br)c3C)cc12,0
CC1CCCCC12NC(=O)N(CC(=O)NCCc1ccccn1)C2=O,0
Cc1c(C(=O)Nc2ccc3c(c2)OCO3)sc2nc(-c3ccccc3)cn12,0
O=C(Cc1cccs1)Nc1nc(-c2ccccc2)cs1,0
O=C(c1ccco1)N1CCN(C(=O)c2cnn3c(C(F)(F)F)cc(-c4cccs4)nc23)CC1,0
CC(C)(C)C1=Nn2c(nnc2-c2ccco2)SC1,0
CCN(CC)S(=O)(=O)c1cccc2cc(C(=O)O)c(O)cc12,0
Cc1ccc(N(C(=O)C2CCCC2)C2C=CS(=O)(=O)C2)cc1C,0
COCc1cc(C)nc(SCC(=O)Nc2ccc3c(c2)OCO3)c1C#N,0
CCOc1ccc(N2C(=O)CC(Sc3nc(C)cc(C)c3C#N)C2=O)cc1,0
CCN1CCCC1CNC(=O)Cn1cnc2sc(C)c(S(=O)(=O)N3CCC(C)CC3)c2c1=O,0
COCC(C)n1c(C)cc(C(=O)CSc2nc(=O)c3ccccc3[nH]2)c1C,0
CC(Oc1cc(C(F)(F)F)cc(C(F)(F)F)c1)C(=O)NC(N)=O,0
O=C1CC(N2CCOCC2)C(=O)N1c1ccccc1Cl,0
O=C(c1ccco1)N1CCN(S(=O)(=O)Cc2ccc(Cl)cc2)CC1,0
COC(=O)c1ccc(COc2ccc(C3C4=C(CCCC4=O)N=C4ONC(C)=C43)cc2)cc1,0
COc1ccc(NC(=O)CNS(=O)(=O)c2ccccc2)cc1Cl,0
C=CCn1c(N)c(C(=O)NCC2CCCO2)sc1=S,0
Cc1cc(C)cc(NC(=O)CSc2nnc(CNC(=O)c3cccs3)o2)c1,0
CC(=O)NC1(C(F)(F)F)NC(=O)N(CC(C)C)C1=O,0
CC(NC(=O)C1(c2ccccc2)CCN(C(=O)C2CSCN2C(=O)OC(C)(C)C)CC1)C(=O)O,0
Cn1c(=O)c(=O)n(C)c2cc(S(=O)(=O)NCCc3ccccc3)ccc21,0
CN(c1ccccc1C(=O)Nc1ccccc1C(=O)NCc1ccco1)S(C)(=O)=O,0
COc1ccc(S(=O)(=O)Cc2ccc(C(=O)NCc3cccs3)o2)cc1,0
COC(=O)c1cc(OC)c(OC)cc1NC(=O)C1CCCO1,0
O=C(O)c1cccc(COc2ccccc2Cl)c1,0
O=C(CN1C(=O)NC2(CCCCCC2)C1=O)N1CCC(Cc2ccccc2)CC1,0
CCOC(=O)CCCNC(=O)c1cncc(Br)c1,0
COC(=O)C(F)(Sc1c(C)n(C)n(-c2ccccc2)c1=O)C(F)(F)F,0
O=C(O)C1CCCCC1C(=O)NCCCCc1ccccc1,0
CN(c1ccc(C(=O)NCC2CCCO2)cc1)S(=O)(=O)c1ccccc1,0
Cc1cc(C)n(-c2nc(SCC(=O)NCC3CCCO3)c3c4c(sc3n2)CCCC4)n1,0
COc1ccccc1CNC(=O)C1CCN(S(=O)(=O)N2CC(C)CC(C)C2)CC1,0
CC(COc1cccc2ccccc12)CN1CCN(C)CC1,0
C=CCn1c(SCC(N)=O)nnc1-c1cccc(Br)c1,0
CC1(C)CC(=O)C(=CNCCN2CCN(C(=O)Cc3ccc(Cl)cc3)CC2)C(=O)C1,0
CC(=O)Nc1cc(NC(C)=O)cc(C(=O)OCC(=O)N2CC(C)OC(C)C2)c1,0
O=C(NCc1ccccc1Cl)C1CCN(S(=O)(=O)N2CCC3(CC2)OCCO3)CC1,0
COCCN1C(=O)C(CC(=O)Nc2ccc(C(=O)O)cc2)S/C1=N\c1ccccc1,0
CCOC(=O)N1CCC(NC(=O)c2ccc3nc(N4CCOCC4)sc3c2)CC1,0
COc1ccc(C2C(C(N)=O)=C(C)N=C3N=C(c4ccccc4Cl)NN32)c(OC)c1,0
COC(=O)CSc1cc(C(=O)c2nccn2C)c2ccccc2n1,0
COC(=O)C1=C(C)NC(=O)CC1c1cccc(Cl)c1Cl,0
CCOC(=O)C1CCCN(C(=O)c2ccc3c(=O)n(CCOC)c(=S)[nH]c3c2)C1,0
O=C(NCc1ccccc1)N(Cc1cc2cc3c(cc2[nH]c1=O)OCCO3)CC1CCCO1,0
O=C1N2CCSC2=NC1(Nc1ccccn1)C(F)(F)F,0
CC(C)c1ccc(-c2noc(C3CCCN(C(=O)c4ccc(F)cc4F)C3)n2)cc1,0
COc1ccc(S(=O)(=O)N2CCN(c3nc4ccccc4nc3-n3nc(C)cc3C)CC2)cc1,0
O=c1ccc2cc(S(=O)(=O)Nc3ccc(F)cc3)ccc2o1,0
O=C(Nc1ccc(Br)cc1)c1cnccn1,0
COc1ccc(OC)c2c(N3CC(C)OC(C)C3)cc(C(F)(F)F)nc12,0
CCc1nnc(NC(=O)CN2CCN(c3nc(-c4ccccc4)cs3)CC2)s1,0
Cc1ccc(N(CC(=O)Nc2ccc(C)cn2)S(=O)(=O)c2c(C)nn(C)c2C)cc1,0
COc1ccc(CNC(=O)C2CCCN2C(=O)NC2CCCCC2)cc1,0
COc1cccc(-c2cc(C(=O)Nc3c(C)nn(Cc4ccccc4C)c3C)no2)c1,0
CC1CC(C)CN(C(=O)CSc2nnc(-c3ccc(F)cc3)o2)C1,0
COC(=O)c1ccccc1NC(=O)c1cnc2sccn2c1=O,0
O=C(c1ccc(N2CN(C(=O)c3ccco3)c3nc4ccccc4nc32)cc1)N1CCOCC1,0
CCCNC(=O)c1ccccc1NS(=O)(=O)c1ccc(OC)c(OC)c1,0
CCOc1cc(C(=O)Nc2ccc3c(c2)OCO3)ccc1OC(F)F,0
COc1ccc(N2C(=O)CC(N3CCN(c4nc5ccccc5s4)CC3)C2=O)cc1,0
Cc1cc(NC(=O)Cc2cccs2)no1,0
O=C(O)COCC(=O)Nc1ccc2c(c1)CCC2,0
COc1ccc(-c2c(NC(C)=O)n(C)c3ccccc3c2=O)cc1,0
COC(=O)Nc1nc2ccc(Sc3ccccc3)cc2[nH]1,0
COC(=O)CN1C(=O)C(O)(CC(=O)c2ccc(Br)cc2)c2ccccc21,0
OCCSc1nc(-c2cccnc2)nc2ccccc12,0
CC(C)(C)C1=C(C#N)C(c2cc3c(cc2Br)OCO3)C(C#N)=C(N)O1,0
Cn1c(CCNC(=O)c2ccco2)nc2cc(NC(=O)C3CCCCC3)ccc21,0
Nc1ccc2oc(-c3cc(Br)ccc3Cl)nc2c1,0
COc1ccccc1NC(=O)CSc1nccc(=O)[nH]1,0
O=C(NCCC1=CCCCC1)C1CCCN(S(=O)(=O)c2ccc(F)cc2)C1,0
COc1cc(CN2CCN(C(=O)CC(C)C)CC2)cc(OC)c1OC,0
Cc1c(C(=O)NCc2ccccn2)sc2nc(-c3ccc(F)cc3)cn12,0
COc1cccc(NC(=O)CN(c2ccc(C)cc2)S(=O)(=O)c2c(C)nn(C)c2C)c1,0
FC(F)(F)c1cccc(OCCOCCn2cncn2)c1,0
CCOC(=O)C(C)(C)Sc1nc2n(-c3ccc(Cl)cc3)[nH]cc-2c(=O)n1,0
O=C(c1ccc2c(c1)OCO2)N1CCCC(c2ccccc2)C1,0
CCc1ccc(C2CC(=O)NC(SCC(=O)OC(C)C)=C2C#N)cc1,0
O=C(NCCCN1CCOCC1)c1c(F)cccc1F,0
COc1ccc(-c2cc(C(F)(F)F)nc(SCC(=O)N3CC(C)OC(C)C3)n2)cc1OC,0
Cc1ccccc1N1C(=O)N(c2cccc(C(F)(F)F)c2)C2CS(=O)(=O)CC21,0
Cc1noc(NS(=O)(=O)c2ccc(NC(=O)CCC3CCCC3)cc2)c1C,0
Cc1cc(C)n(C(=O)c2ccc(C)c(S(=O)(=O)N3CCCC3)c2)n1,0
CN(C)c1ccc(-c2nn3c(-c4ccncc4)nnc3s2)cc1,0
NC(=O)C1CC(O)CN1c1nc(CN2CCOCC2)nc2scc(-c3ccccc3)c12,0
CC12CCC(C(=O)NCc3ccccc3)(OC1=O)C2(C)C,0
CCOC(=O)C1CCCN(Cc2ccc(O)c(OC)c2)C1,0
Cc1ccc(C(c2sc3nc(C)nn3c2O)N2CCN(c3ccccc3F)CC2)cc1,0
CC(=O)c1c(C)[nH]c(C(=O)CSc2nnc(-c3ccco3)n2Cc2ccccc2)c1C,0
COc1ccc(-c2cc(C(=O)NCCN3CCOCC3)c3ccccc3n2)c(OC)c1,0
Cc1cc(C)c(N2CCN(S(=O)(=O)N3CCCCCC3)CC2)c(C)c1,0
COc1ccc(-c2nc(SCC(=O)N3CCOCC3)n[nH]2)cc1,0
CN(C)S(=O)(=O)c1ccc(C(=O)Nc2ccccc2C(=O)O)cc1,0
COc1ccc(Cl)cc1NC(=O)N1CCN(C2CCCCC2)CC1,0
COc1ccc(-n2c(CSc3nc(C)cc(C)n3)nnc2SCC(=O)Nc2nccs2)cc1,0
N=c1n(CCOc2ccccc2)c2ccccc2n1CCN1CCOCC1,0
COc1ccccc1NC(=O)N(Cc1ccc2c(c1)OCO2)Cc1nc(=O)c2ccccc2[nH]1,0
O=C(CCN1C(=O)C2CC=C(Cl)CC2C1=O)NC1CCCCC1,0
N#CC1=C(SCc2ccccc2Cl)NC(=O)C(C(N)=O)C1,0
CCCC(=O)OCCn1c(Br)nc2c1c(=O)[nH]c(=O)n2C,0
Cc1ccc(-c2oc3ccccc3c(=O)c2O)cc1,0
O=C(COC(=O)c1ccc[nH]c1=O)c1ccc(Cl)s1,0
CCOC(=O)C1CCN(C(=O)CSc2ccccc2)CC1,0
CCn1c(C(O)c2ccc3c(c2)OCO3)nc2ccccc21,0
COc1ccc(CC(=O)c2ccc(O)cc2O)cc1OC,0
CCOC(=O)C1CCCN(C(=O)c2cn(CC)c3ccc(S(=O)(=O)N4CCCC4)cc3c2=O)C1,0
N#Cc1cccc(CSc2nnc(CCCO)n2-c2ccccc2)c1,0
Clc1ccc(Cn2ncc3c(N4CCCCC4)ncnc32)cc1,0
COc1ccccc1NS(=O)(=O)c1cc(Cl)ccc1OC,0
O=C(Nc1nc2ccccc2n1Cc1ccc(Cl)cc1)c1ccco1,0
COc1ccc(N(CC(=O)Nc2cccc(SC)c2)S(C)(=O)=O)cc1Cl,0
CCOC(=O)C1CCN(Cc2ccc(OC)cc2OC)CC1,0
CC(Oc1ccc(Cl)cc1Cl)C(=O)Nc1ccncc1,0
Cc1cc(C)nc(NS(=O)(=O)c2ccc(NC(=O)C3CC(=O)N(c4ccccc4)C3)cc2)n1,0
CCCC1(C(=O)OC)NC(c2ccco2)C2C(=O)N(c3ccc(C)cc3)C(=O)C21,0
COC(=O)C1=C(CN2CCCc3ccccc32)NC(=O)NC1c1ccc(F)cc1,0
Cc1cc(OCC(=O)Nc2ccc3oc(-c4ccncc4)nc3c2)ccc1Cl,0
Cc1ccccc1-n1nnnc1SCC(=O)Nc1ccc(S(=O)(=O)N2CCCC2)cc1,0
CCN1CCCC1CN(Cc1cc2ccc(C)c(C)c2[nH]c1=O)C(=O)Nc1ccccc1OC,0
Cc1occc1-c1nnc(SCc2nnc(-c3ccc(Cl)cc3)o2)n1C,0
COc1cc(OC)cc(-c2nnc(SCC(=O)N(C(C)C)C(C)C)o2)c1,0
Cc1ccccc1-c1nc(CS(=O)(=O)CC(=O)NCCN2CCOCC2)c(C)o1,0
C=CCn1c(-c2ccccc2)nc2nc3ccccc3nc21,0
CCC(C(=O)Nc1nc(C)cs1)c1ccccc1,0
CCOc1ccccc1OCC(=O)Nc1nnc(C)s1,0
Cn1c(=O)n(CC(=O)O)c(=O)c2c1nc1n2CCS1,0
CC(C)CC(NS(=O)(=O)c1ccc2c(c1)oc(=O)n2C)C(=O)N1CC=C(c2ccccc2)CC1,0
CCOc1ccccc1C(=O)NCc1ccco1,0
CCOC(=O)c1ccc(NC(=O)CSc2nc3c(c(=O)n2C)SC(C)C3)cc1,0
Cc1cc(SCC(=O)N2CCCCC2)nc(C)n1,0
Cc1ccsc1C1NC(=O)c2c(sc3c2CCN(C)C3)N1,0
CCOCC(=O)Nc1cc(OC)c(Cl)cc1OC,0
O=C(OCCOc1ccc(Br)cc1)c1cnccn1,0
CCCCn1c(SCC(=O)N2CC(=O)Nc3ccccc32)nnc1-c1ccoc1C,0
COc1ccc(CN2C(=O)CCC2(C)C(=O)NC2CCCCC2)c(OC)c1,0
C/C(=N\n1nnnc1Nc1ccccc1)c1ccc(N)cc1,0
Cc1ncc(CO)c2cc(S(=O)(=O)c3ccc(F)cc3)c(=O)oc12,0
CSc1nccc(Nc2ccccc2)c1C#N,0
CCCCCOC(=O)Cc1c(O)n(C)c2ccccc2c1=O,0
Cc1cc(NC(=O)c2cncc(Br)c2)n(-c2ccccn2)n1,0
COCCN(C(C)=O)c1nnc(-c2cnccn2)s1,0
Cn1c(CC(=O)Nc2ccccc2)nnc1SCC(=O)c1ccccc1,0
O=C(O)c1ccc(CNc2ccccc2C(=O)O)cc1,0
CCOC(=O)N1CCN(C(=O)c2nn(-c3cc(OC)cc(OC)c3)c(=O)c3ccccc23)CC1,0
Cc1ccc(OCCCC(=O)Nc2nncs2)cc1,0
CC1(C)CCCC2=C1CC1C(=O)N(O)C(=O)C1C2,0
CCOC(=O)c1c(NC(=O)CSc2nnc(-c3cccnc3)o2)sc(C(C)=O)c1C,0
CCN(CC)S(=O)(=O)c1cccc(C(=O)OCC(=O)N2CC(=O)Nc3ccccc32)c1,0
O=C(Nc1ccc2c(c1)OCCO2)c1cnc2n(c1=O)CCS2,0
Cn1cc(C(=O)NC2CCCCCCC2)c(=O)c2cc(S(=O)(=O)N3CCCC3)ccc21,0
Cc1cc(=O)[nH]c2cc(Cl)ccc12,0
O=C(CCSc1nnc2scc(-c3ccccc3)n12)NCc1ccc2c(c1)OCO2,0
O=S(=O)(NCCc1csc(-c2cccnc2)n1)c1ccc2c(c1)OCCO2,0
S=C(c1ccc(-c2cccc(Cl)c2)o1)N1CCOCC1,0
Cc1nn(-c2ccccc2)c(Cl)c1C(=O)Nc1nnc(C2CCCC2)s1,0
CCCC(=O)N1c2ccc(-c3csc(N)n3)cc2CC1C,0
Cn1nc(C(=O)Nc2ccc(S(=O)(=O)N3CCCC3)cc2)ccc1=O,0
O=C(c1nn2c(C(F)(F)F)cc(-c3ccco3)nc2c1Br)N1CCCc2ccccc21,0
COc1ccccc1NC(=O)CSc1nnc(-c2ccccn2)n1Cc1ccco1,0
COC(=O)c1c(N)n(-c2cc(OC)cc(OC)c2)c2nc3ccccc3nc12,0
CCC(C)C(NC(=O)c1ccccc1NC(=O)c1ccc(OC)cc1)C(=O)NCc1ccco1,0
O=C(NCc1ccco1)C1CC(=O)N(CCc2ccccc2)C1,0
COc1ccc(C(=O)CSc2nnc(Cc3ccccc3)o2)cc1,0
O=N/C(C(=O)NC1CCCCC1)=C1\C=CC=CN1,0
COc1cc(OC)cc(C(C)=O)c1,0
O=C(c1ccc(CN2CCOCC2)cc1)N1CCN(Cc2ccccc2)CC1,0
Cc1ccc(CCNC(=O)C2CCN(S(=O)(=O)c3cccc4nonc34)CC2)cc1,0
Cc1cc2c(c(SCC(=O)N(C)c3ccccc3)n1)C(=O)OC2,0
CC(C)(C)C1=Nn2c(nnc2-c2ccccn2)SC1,0
COc1cc(C2=NOC(C(=O)N3CCN(c4ccc(F)cc4)CC3)C2)cc(OC)c1OC,0
CN(C)c1cccc2c(S(=O)(=O)Nc3ccccn3)cccc12,0
Cc1ccc2c(c1)NC(=O)C(CC(=O)Nc1ccc(CN3CCC(C)CC3)cc1)O2,1
Cc1ccccc1S(=O)(=O)Nc1nc2ccccc2nc1N1CCOCC1,0
Cc1ccc2[nH]c(=O)c(CN(CC3CCCO3)S(=O)(=O)c3cccc4nsnc34)cc2c1,0
CC(=O)Oc1ccc2c(C)cc(=O)[nH]c2c1,0
Cc1cc(=O)oc(C)c1C(=O)NC1CC(C)(C)NC(C)(C)C1,0
COc1ccccc1-c1nn2c(-c3ccccc3Cl)nnc2s1,0
O=C(CSc1nc2ccccc2o1)NCCOc1ccccc1,0
CN1CCN(CCCNC(=O)CCCOc2cc(=O)n(C)c3ccccc23)CC1,0
COc1cccc(OCCCCCN2CCOCC2)c1,0
CCc1ccc(NC(=O)CSc2nc3cc(C(=O)OC)ccc3c(=O)n2Cc2ccco2)cc1,0
N#CCCSCc1ccc(C(=O)O)o1,0
Nc1ccc(Cl)c(-c2nc3ncccc3o2)c1,0
Cc1cc(C)cc(OCc2nnc(SCC(=O)c3ccc(Br)cc3)o2)c1,0
Cc1ccc(NC(=O)CCn2cccc2)cc1Cl,0
Cc1ccc2oc3c(c(=O)c2c1)C(c1ccc(F)cc1)N(CCCN1CCOCC1)C3=O,0
COc1ccc(-c2nc(CSCC(=O)NCC3CCCO3)c(C)o2)cc1OC,0
Cn1c(=O)c2c(nc(Br)n2CCSc2nnnn2-c2ccccc2)n(C)c1=O,0
CN(C1CCCCC1)S(=O)(=O)Cc1ccccc1,0
N#Cc1nc(-c2ccc(F)cc2)oc1N1CCCC1,0
OCCNc1cc(-n2nc(-c3ccccc3)cc2-c2ccccc2)ncn1,0
Cc1ccc2c(c1)c1c(n2CC(O)CN2C(=O)CNC2=O)C(=O)CCC1,0
CCNC(=O)NC(=O)CSc1cccc(C(F)(F)F)c1,0
COc1ccc(Cl)cc1C(=O)Nc1ccccc1N1CCN(C(=O)C(C)C)CC1,0
O=C(CN1CCC(Cc2ccccc2)CC1)NC(=O)NCc1ccco1,0
CC1(C)CC(=O)C(=CNCC2CCCO2)C(=O)C1,0
Cc1cccc(C)c1OCc1nnc(SCC(=O)NCc2ccccc2)o1,0
CC(=O)C1=C(C)NC(SCC(=O)c2ccc(Cl)cc2)=C(C#N)C1c1ccco1,0
O=C(Cc1coc(-c2ccc(F)cc2)n1)NCc1ccccc1,0
COc1cc2c(cc1NC(=O)c1cncc(Br)c1)oc1ccccc12,0
Cc1cc(C(F)(F)F)nn1CC(=O)NCc1ccccc1,0
COc1ccc(C2N(C(=O)CN3CCOCC3)CCN2S(=O)(=O)c2ccccc2)cc1,0
CCc1ccccc1N1CC23C=CC(O2)C(C(=O)O)C3C1=O,0
CCOC(=O)CSCc1c(C#N)c2ccccc2n1C,0
COc1ccc(Cl)cc1N(C)C(=O)CCc1nc(-c2ccc(C)cc2)no1,0
O=C(NCc1ccoc1)c1ccc(NC(=O)c2ccccc2Cl)cc1,0
CCOc1ccc(Br)cc1S(=O)(=O)Nc1ccccc1N1CCOCC1,0
CC(=O)NCCC(Cc1ccccc1)c1ccco1,0
CC(=O)c1c(C)[nH]c(C(=O)NC2CCCCC2)c1C,0
COc1ccc(CN(CC(=O)NCC2CCCO2)C(=O)CNS(=O)(=O)c2ccc(C)cc2)cc1,0
CC(C)C12CN3CC(C(C)C)(CN(C1)C3c1ccccc1O)C2=O,0
CN(C)S(=O)(=O)c1ccc(N2CCOCC2)nc1,0
COc1cc2c(cc1NC(=O)CC1SC(N3CCCC3)=NC1=O)oc1ccccc12,0
COC(=O)c1ccccc1S(=O)(=O)N1CCC(c2nc3ccccc3o2)CC1,0
c1ccc(-n2nnnc2Oc2cccc3cccnc23)cc1,0
Cc1nn(Cc2ccccc2Cl)c(C)c1C(=O)NCc1ccco1,0
CCN1CCN(C(=O)CSCc2nc(-c3ccc(OC)c(OC)c3)oc2C)CC1,0
COc1ccccc1CNC(=O)CCN1C(=O)COc2ccc(C)cc21,0
COC(=O)c1c(NC(=O)CN2CCCC(C)C2)c2c(C)cccc2n1C,0
CN(Cc1ccccc1)c1nc2c(c(=O)[nH]c(=O)n2C)n1CCCc1ccccc1,0
O=C(c1cnn2c(C(F)(F)F)cc(-c3ccco3)nc12)N1CCCc2ccccc21,0
N#CCC(=O)Nc1ccccc1C(=O)O,0
COC(=O)CC1C(=O)NCCN1C(=O)CSc1nnc(Nc2ccc(OC)cc2)s1,0
CCc1nnc(NC(=O)CSc2nnc(Cc3cccn3C)n2CCOC)s1,0
Cc1ccc2oc(=O)c3cnn(CC(=O)NCCc4ccsc4)c3c2c1,0
CC(C)CC(c1nnnn1CCc1ccccc1)N1CCN(C(=O)c2ccco2)CC1,0
Cc1cccc(NC(=O)COc2ccc(Br)cc2)n1,0
Cc1ccc(N(C(C)C(=O)Nc2ccccc2C(=O)N2CCOCC2)S(C)(=O)=O)cc1C,0
O=C(NCc1ccncc1)c1ccc(Cl)c(S(=O)(=O)N2CCOCC2)c1,0
COc1cc(OC)cc(C(=O)Nc2cccc(C(C)=O)c2)c1,0
CCOC(=O)c1cnc2c(OC)cccc2c1N1CCN(c2ccc(OC)cc2)CC1,0
CCS(=O)(=O)N1CCC(C(=O)NCc2ccccn2)CC1,0
CCCC(c1nnnn1Cc1ccc(OC)cc1)N1CCN(c2ccccc2)CC1,0
Cc1ccc(Oc2nc3ccccc3n3c(C)nnc23)cc1,0
NC(=O)c1ccc(NC(=O)CCCc2nc(-c3ccccc3Cl)no2)cc1,0
O=C(NCCN1CCCCC1)c1ccc2c(c1)OCCO2,0
O=C(CSC1=Nc2ccccc2C2=NC(CC(=O)NCc3ccco3)C(=O)N12)NCC1CCCO1,0
CCOC(=O)CNC(=O)c1ccccc1Br,0
CCOc1ccccc1CN(Cc1ccco1)S(=O)(=O)c1ccc(-n2cnnn2)c(OC)c1,0
COc1ccc(Cl)cc1NC(=O)CSc1nnc(COc2ccccc2)n1C,0
CN1CCN(Cc2ccc(-c3ccc(Cl)cc3)o2)CC1,0
O=C(CS(=O)(=O)Cc1ccccc1)N1CCc2ccccc21,0
CC(C)CCNC(=O)C(c1cccs1)N(CC1CCCO1)C(=O)Cn1nnc2ccccc21,0
CCc1cc2c(=O)c(-c3nc4ccccc4n3C)coc2c(CN2CCN(C)CC2)c1O,0
Cc1cc(C(=O)OCC(=O)Nc2cc(C(F)(F)F)ccc2N2CCOCC2)c(C)o1,0
O=C(NC12CC3CC(CC(C3)C1)C2)C1=COCCO1,0
CCOC(=O)c1sc2nc(C)cc(C)c2c1N,0
Cc1ccc(-c2nnc(SCC(=O)Nc3ccccc3N3CCOCC3)o2)cc1,0
Cc1cc(C)n(-c2nc3c(c(=O)n(C)c(=O)n3C)n2Cc2cccc(Br)c2)n1,0
Cc1nn2c3c(cnc2c1-c1ccc(Cl)cc1)C(=O)CC(c1ccco1)C3,0
Cc1cccc(OCc2nnc(SCc3nc(=O)c4ccc(C(F)(F)F)cc4[nH]3)o2)c1,0
COc1ccccc1NC(=O)CSc1nnc(C2CCCCC2)n1C,0
Cc1cc2c(cc1C)-c1nnnn1C(C)(C)C2,0
Cc1cc(C)nc(SCc2nnc(SCC(=O)Nc3ncc(C)s3)n2Cc2ccco2)n1,0
CCOC(=O)c1cn(CC)c2ccc(Br)cc2c1=O,0
O=C(Nc1ccc(O)cc1)C1CCCN1S(=O)(=O)c1ccc(F)cc1,0
COc1cccc(CN(Cc2cccnc2)S(=O)(=O)c2ccc(-n3cnnn3)c(C)c2)c1OC,0
CCOC(=O)c1c(NC(=O)COC(=O)Cn2cnc3ccccc32)sc(C)c1C,0
Nc1c(C(=O)Nc2ccc(Cl)cc2)oc2ccccc12,0
COc1cc(C2C(C#N)=C(C)NC3=C2C(=O)CC(C)(C)C3)cc(OC)c1O,0
O=C(CN(Cc1ccc2c(c1)OCO2)C(=O)c1cnsn1)NC1CCCC1,0
Cc1cccc(NC(=O)c2cnc3n(c2=O)CCS3)c1,0
Cc1ccc(OCC(=O)N(Cc2ccc(N(C)C)cc2)C2CCS(=O)(=O)C2)cc1,0
CC(C)NC(=O)C(C)n1cccc1C(=O)c1ccccc1,0
CCOC(=O)N1CCN(C(=O)c2ccc(Cl)c(S(=O)(=O)Nc3ccccc3)c2)CC1,0
CCOC(=O)c1sc(NC(=O)CSc2nnc(C(C)C)n2CC)nc1C,0
O=C(NCC1CCCO1)C1CCCN(S(=O)(=O)c2cccc3nsnc23)C1,0
CC(C)C1(C)N=C(c2nc3ccccc3cc2C(=O)O)NC1=O,0
COc1ccccc1CNC(=O)NC(Cc1ccccc1)C(=O)O,0
O=C1OCc2ccc(NC(=O)C3CCCCC3)cc21,0
COc1cccc(-c2ccc(-c3noc(-c4ccccc4F)n3)c(OC)n2)c1,0
COc1cccc(N2C(=O)C3CC=C(Cl)CC3C2=O)c1,0
Cc1cc(=O)nc(SCC2COC3(CCCCC3)O2)[nH]1,0
COc1ccc(Cl)cc1C(=O)Nc1cc(=O)n(C)c(=O)n1C,0
CCc1ccc(NC(=O)CSC2=C(C#N)C(c3ccco3)C3=C(CCCC3=O)N2)cc1,0
CCn1cc(C(=O)N2CCCC2)c(=O)c2cc(S(=O)(=O)N(C)C)ccc21,0
CCOC(=O)c1ccc(NC(=O)CNC(=O)C2CCCCC2)cc1,0
CCc1ccccc1/N=C1\SCC(=O)N1C,0
CC(=O)Nc1ccc(S(=O)(=O)Nc2ncccn2)cc1,0
Cc1ccc(C)c(S(=O)(=O)Nc2ccccc2C(=O)Nc2cc(C)on2)c1,0
COc1cc(S(=O)(=O)NCCc2ccc3c(c2)OCO3)ccc1-n1cnnn1,0
CC(=O)C1C(c2ccco2)c2c(noc2C)CC1(C)O,0
Cc1cc(NC(=O)c2ccc(COc3ccc(Cl)c(C)c3)o2)no1,0
c1ccc(-c2ccc(CN3CCN(c4ncccn4)CC3)cc2)cc1,0
CCOC(=O)Cc1csc(NC(=O)c2ccc3c(c2)OCO3)n1,0
COc1ccc(NC(=O)CN2CCN(S(=O)(=O)c3ccc(Cl)cc3)CC2)cc1,0
CCOC(=O)c1cc(NC(=O)c2cccnc2)cc(C(=O)OCC)c1,0
CCCNC(=O)CSc1nnc(-c2ccco2)n1C,0
CC(c1ccccc1F)n1cc(C(=O)NCCc2ccco2)nn1,0
Cc1ccccc1OCCC(=O)Nc1c(C)n(C)n(-c2ccccc2)c1=O,0
Cc1occc1-c1nnc(SCC(=O)NCc2cccs2)n1CC1CCCO1,0
c1ccc2c(c1)CCCC2NC1=NCCC1,0
Cc1cc(C)cc(OCC(=O)NCC2CCCO2)c1,0
Cc1cccc(N(Cc2nnc3n2CCCCC3)C(=O)Nc2ccccc2)c1,0
CCNC(=O)NC(=O)CSc1ccc(NC(C)=O)cc1,0
O=C1CCc2cc(S(=O)(=O)NC(Cc3ccccc3)C(=O)NCC3CCCO3)ccc2N1,0
CCOc1ccccc1NC(=O)N1CCCC1C(=O)Nc1ccc(NC(C)=O)cc1,0
Cc1cccc2cc(CN(Cc3nnnn3Cc3ccccc3)C3CCCC3)c(=O)[nH]c12,0
CCOc1ccc(NC(=O)c2ccncc2)cc1,0
COC(=O)C1=C/C(=C\N=O)NC=C1,0
Cc1cc(C(=O)COC(=O)CCc2nc3ccccc3s2)c(C)n1C,0
CCOC(=O)N1CCC(NC(=O)CS(=O)(=O)Cc2nc(-c3cccc(OC)c3)oc2C)CC1,0
CCCCCn1c(CN2CCN(C(=O)OCC)CC2)nc2c1c(=O)[nH]c(=O)n2C,0
O=C(CN1C(=O)c2ccccc2S1(=O)=O)N1CCc2ccccc2C1,0
COc1ccc(N(Cc2cc(=O)[nH]c3ccccc23)C(=O)c2ccco2)cc1,0
COCCN1C(=O)c2ccc(C(=O)Nc3nccs3)cc2C1=O,0
O=C(Nc1ccc(S(=O)(=O)NCCc2ccccc2)cc1)c1ccc(Br)o1,0
CCOC(=O)c1sc(NC(=O)CSc2nc3c(cc2C#N)CCC3)c(C#N)c1C,0
O=C(NCc1cccs1)C1CC(=O)N(C2CCCC2)C1,0
O=C(c1cnn2c(C(F)F)cc(-c3ccccc3)nc12)N1CCSCC1,0
O=C(NCC1(c2ccccc2)CCOCC1)c1ccc(Br)o1,0
NC(=O)CSc1nc2ccccc2n1Cc1ccccc1F,0
Cn1c(SCC(=O)N2CCCc3ccccc32)nnc1-c1ccco1,0
O=C(c1ccco1)N1CCN(c2ncnc3c2[nH]c2ccc(Br)cc23)CC1,0
CN1C(=O)c2oc3ccc(Br)cc3c(=O)c2C1c1ccncc1,0
CCn1c(SCC(=O)Nc2nnc(C)s2)nc2c(c1=O)SC(C)C2,0
CC1N=C2c3ccccc3N=C(SCc3cc(=O)n4cc(Cl)ccc4n3)N2C1=O,0
CCCn1c(SCC(=O)N2CCc3ccccc3C2)nc2c1c(=O)n(C)c(=O)n2C,0
Cc1nnc(NC(=O)Cc2ccc(OCc3c(C)noc3C)cc2)s1,0
CC(C)c1nnc(SCC(=O)NCc2ccco2)n1C,0
O=C(OCc1csc(-c2ccccc2)n1)c1cccs1,0
CCOC(=O)c1c(C)nn(Cc2cccc(Cl)c2)c1N,0
O=C(COc1ccccc1O)Nc1ccc(Cl)cc1,0
O=C1c2cccnc2C(Nc2ccc(S(=O)(=O)N3CCCCC3)cc2)N1Cc1ccccc1,0
COCCCn1c(-c2ccsc2)nc2c1c(=O)[nH]c(=O)n2Cc1ccccc1,0
COc1ccc(S(=O)(=O)N2CCN(C)CC2)cc1Br,0
CC1CCCCN1CC(=O)NCc1ccc2c(c1)OCO2,0
COc1ccc(NCc2nnc(SCC(=O)Nc3cc(C)cc(C)c3)o2)cc1,0
COC(=O)c1c(NC(=O)CSc2nnnn2-c2ccccc2)sc2c1CCC(C)C2,0
Cc1c(NC(=O)C2CCCCN2S(=O)(=O)c2ccc(Cl)cc2)c(=O)n(-c2ccccc2)n1C,0
CN(C)CCCNc1cc(Cl)c(S(=O)(=O)N2CCCCC2)cc1C(=O)O,0
O=C(c1oc(=O)c2ccccc2c1-c1ccccc1)N1CCOCC1,0
Cc1ccc2c(COn3nnc4ccc(S(=O)(=O)N(C)C)cc43)cc(=O)oc2c1C,0
N#Cc1cnn(Cc2ccccc2)c1N,0
COc1ccc(Cn2c(=O)n(Cc3ccco3)c(=N)c3c4c(sc32)COC(C)(C)C4)cc1,0
O=C(CSc1nnc(-c2cnccn2)n1Cc1ccco1)Nc1ccc(Br)cc1,0
COc1ccccc1C(=O)N1CCN(C2CCN(Cc3ccccc3)CC2)CC1,0
O=C(NCCN1CCc2ccccc2C1)C1CC(=O)N(C2CCCC2)C1,0
COc1ccc(N(CC(=O)NC2CCCCCC2)S(=O)(=O)c2c(C)nn(C)c2C)cc1,0
Cc1c(C(=O)N2CCOCC2)[nH]c2ccc(OCc3ccccc3)cc12,0
CCCCCNC(=O)c1cc(S(=O)(=O)N2CCCCC2)ccc1F,0
CCOCc1nnc(NC(=O)CSc2ccccc2)s1,0
CC1(C)CC(=O)C=C(Nc2ccc(C(=O)O)cc2)C1,0
Cc1c(C)n(C(=O)CSc2nccn2C)c2ccccc12,0
CCN(CC)C(=O)N1CCC(NC(=O)c2ccc(C(C)(C)C)cc2)CC1,0
O=C(CCN1C(=O)C2C3C=CC(C3)C2C1=O)NCCc1ccccc1Cl,0
O=C(NC(C(=O)c1ccccc1)n1ccc(=O)[nH]c1=O)c1ccccc1,0
Cc1ccc(-c2nnn(CC(=O)N(Cc3cccs3)C(C(=O)NC(C)(C)C)c3ccco3)n2)o1,0
COC(=O)CCc1c(C)c(C(=O)c2ccco2)c2ccccn12,0
CC1CCN(S(=O)(=O)c2cccc(-c3nnc(-c4cccnc4)o3)c2)CC1,0
CCOc1cc(NC(=O)c2cnccn2)c(OCC)cc1NC(=O)c1ccc(OC)cc1,0
CCOC(=O)c1cc(OC(=O)c2cccs2)n(-c2ccccc2)n1,0
COc1ccc(S(=O)(=O)NC2CC(C)(C)NC(C)(C)C2)c(C)c1C,0
N#CCCCSC1=C(C#N)C(c2ccccc2Cl)CC(=O)N1,0
COc1cccc(N2CCN(C3CC(=O)N(c4ccc(F)c(Cl)c4)C3=O)CC2)c1,0
O=C(COC(=O)CNC(=O)c1ccc(Br)o1)Nc1ccc2c(c1)OCCO2,0
Cn1c(=O)c2c(nc(SCC(=O)NCC3CCCO3)n2C)n(C)c1=O,0
c1cncc(-c2noc(-c3ccco3)n2)c1,0
O=C(NCCc1ccccc1)C1CCN(S(=O)(=O)c2cccc3nonc23)CC1,0
O=C(NCCc1ccccc1)c1cccnc1N1CCCCCC1,0
Nc1c(S(=O)(=O)c2cccs2)c2nc3ccccc3nc2n1CC1CCCO1,0
Cc1nnc(NC(=O)CSc2nnc(Cc3ccccc3)n2-c2ccccc2)s1,0
CC(=O)Nc1cccc(OCC(=O)NS(=O)(=O)c2ccc(Cl)cc2)c1,0
NC1=C(c2ccccc2)C(=O)CN1c1ccccc1N1CCOCC1,0
CCOC(=O)c1ccccc1NC(=O)CSc1nnc(COc2ccccc2)n1CC,0
CC(C)COc1cccc(C(=O)Nc2ccc(S(=O)(=O)N3CCOCC3)cc2)c1,0
Cc1ccc(S(=O)(=O)N2CCN(C3CC(=O)N(Cc4ccccc4)C3=O)CC2)cc1C,0
O=C(c1ccc(S(=O)(=O)N2CCCC2)cc1)N1CCN(Cc2ccc3c(c2)OCO3)CC1,0
O=C(NCc1ccco1)c1ccc2snnc2c1,0
CC(=O)N1CCN(c2ccccc2NC(=O)c2cc(Br)ccc2Cl)CC1,0
O=C(CSc1ccccc1)Nc1ccccc1N1CCOCC1,0
O=C(NCc1ccc2c(c1)OCO2)c1ccc(-c2ccc(Cl)cc2)o1,0
COC(=O)c1[nH]c2cc(OC)ccc2c1NC(=O)CCN1CCN(c2cccc(C)c2C)CC1,0
O=C(C1CCC(Cn2c(=O)[nH]c3ccccc3c2=O)CC1)N1CCN(c2ccccc2)CC1,0
Cc1ccc(S(=O)(=O)N(CC(=O)N2CCOCC2)C2CCCCC2)cc1,0
O=C(Cn1c(CN2CCCCC2)nc2ccccc2c1=O)NCc1ccco1,0
Brc1cnc(N2CCOCC2)nc1N1CCCCC1,0
CC12CN3CC(C)(CN(C1)C3c1ccncc1)C2=O,0
CC(=O)Nc1ccc(S(=O)(=O)c2ccc(N)cc2)cc1,0
Cn1c(CNc2ccc(Cl)cc2)nnc1SCc1ccccc1,0
O=C1NC(c2ccccn2)Nc2sc3c(c21)CCC3,0
CC1Cc2ccccc2N1C(=O)CSc1nc2cc3c(cc2cc1C#N)OCO3,0
Cc1ccc(NC(=O)Cc2nc(CSc3nnc(-c4ccc5c(c4)OCO5)o3)cs2)cc1,0
COc1ccccc1NC(=O)C1C2C=CC(O2)C1C(=O)O,0
COCCSc1nnc(-c2cnccn2)o1,0
CCOC(=O)C1(c2csc(N)n2)COC(=O)C1,0
CCCn1nnc(NCc2ccc(OCc3cccs3)c(OC)c2)n1,0
Cc1c(NC(=O)C2CCCN2S(=O)(=O)c2ccc(Cl)cc2)c(=O)n(-c2ccccc2)n1C,0
O=C(NCc1ccco1)C1CCN(C(=O)c2cc3sccc3n2Cc2ccc(F)cc2)CC1,0
Brc1ccccc1C1=Nn2c(nnc2-c2ccccc2)SC1,0
O=C(Nc1ccc(N2CCOCC2)cc1)C1CCCN(S(=O)(=O)c2cccc(C(F)(F)F)c2)C1,0
CC(C)CCOc1cccc(OCC(=O)NC2CCS(=O)(=O)C2)c1,0
O=C1CCCCCC1C1(O)C(=O)Nc2ccccc21,0
Cc1ccc(C(=O)CSc2nnc(CNc3ccc(C)cc3C)o2)cc1,0
CCCc1[nH]nc2c1C1(C(=O)N(CC)c3ccccc31)C(C#N)=C(N)O2,0
CCC1CCCCN1S(=O)(=O)c1ccc(C(=O)Nc2nnc(-c3ccccc3Cl)o2)cc1,0
O=C(NCc1cn2ccsc2n1)Nc1cccc(Cl)c1,0
Cc1ccc(S(=O)(=O)N2CCN(Cc3ccccc3C(F)(F)F)CC2)cc1,0
CCC1S/C(=C(\C#N)C(=O)NCc2ccco2)N(c2ccc(F)cc2)C1=O,0
CCCCCCC(N)CC(=O)O,0
COC(=O)c1[nH]c2cccc(OC)c2c1NC(=O)CCN1CCN(c2ccccc2F)CC1,0
Cc1noc(C)c1CSc1nc2ccccc2n1C,0
CCn1c(SCC(=O)Nc2ccccc2)nnc1-c1ccc(S(=O)(=O)N2CCOCC2)cc1,0
COc1ccc(OC)c(-n2c(SCC(C)=O)nnc2-c2cccc(S(=O)(=O)N(C)C)c2)c1,0
COc1cccc(-c2cc(C(=O)N3CCN(Cc4ccccc4)CC3)no2)c1,0
O=C(NCC1CCCCC1)C1CCN(C(=O)NC2CCCCC2)CC1,0
COc1cccc(-c2nc(CS(=O)(=O)CC(=O)N3CCN(c4ccccn4)CC3)c(C)o2)c1,0
O=C(CN1CCN(Cc2ccccc2)CC1)Nc1ccc(Cl)cn1,0
CCCC(=O)NC(c1ccco1)c1cc(Cl)c2cccnc2c1O,0
O=C(CSc1nnc(-c2ccc(Cl)cc2)n1Cc1ccco1)Nc1ccc2c(c1)OCCO2,0
CCOc1cc(C2NC(=O)N(C)C(C)=C2C(=O)OC)cc(Br)c1O,0
O=C1CCCC/C1=C\Nc1ccc(O)cc1,0
CC(=O)c1cccc(NC(=O)CN(c2ccc(C)cc2)S(=O)(=O)c2cccc3nonc23)c1,0
CCOc1ccccc1-c1nc(-c2ccc(NC(=O)Cc3ccc(OC)cc3)cc2)no1,0
COc1ccccc1N1CCN(C/C(C)=C/c2ccccc2)CC1,0
Cn1cccc1C(=O)NC(=O)CSc1cccc[n+]1[O-],0
CCC(CC)C(=O)NCc1ccc2c(c1)cc(C)n2C,0
CCOC(=O)C1CCCN(C(=O)c2ccc3c(c2)NC(=O)C(N2CCOCC2)S3)C1,0
Cc1ccc(S(=O)(=O)N(CC(=O)NCc2ccco2)Cc2ccccc2F)cc1,0
O=C(NCCc1ccccc1)C1CCN(S(=O)(=O)N2CCCC2)CC1,0
CCOC(=O)Cc1csc(Nc2c(C)n(C)n(-c3ccccc3)c2=O)n1,0
CC(=O)c1cccc(NC(=O)C2CCCCC2)c1,0
COc1cccc(NC(=O)N2CCC(C(=O)Nc3ccc(C)cc3C)CC2)c1,0
COc1ccc(-c2cc(C(=O)Nc3c(C)nn(Cc4ccccc4Cl)c3C)no2)cc1,0
CC(C)CC(NC(=O)Nc1cccc(C(F)(F)F)c1)C(=O)O,0
CCCNc1nc2c(c(=O)[nH]c(=O)n2C)n1Cc1cccc(Br)c1,0
Cc1ccc(C(=O)Nc2ccc(Cl)cn2)cc1,0
Cc1ccc(S(=O)(=O)N2CCN(S(=O)(=O)N3CCCCC3)CC2)c(C)c1,0
CCOc1ccccc1NC(=O)C1=C(C)NC(=O)NC1c1cccc(OC)c1OC,0
Cn1c(=O)cc(OCC(=O)NC2CCCCC2)c2ccccc21,0
O=C(Nc1ccc2c(c1)OCCO2)NC1(C(F)(F)F)Oc2ccccc2O1,0
Cc1nc(C)n(CC(O)COc2ccc3cc(Br)ccc3c2)n1,0
CCC(=O)N1CCc2cc(S(=O)(=O)N3CCc4ccccc43)ccc21,0
NC(=O)C1(N2CCCCC2)CCN(C(=O)c2ccc(C#Cc3ccccc3)o2)CC1,0
CCN(Cc1nc(=O)c2ccccc2[nH]1)Cc1cc(=O)oc2cc(C)c(C)cc12,0
CC1CC(Nc2ccccc2)c2ccccc2N1C(=O)c1cccnc1,0
COc1ccc(C2C(C#N)=C(N)OC3=C2C(=O)CC(C)C3)c(OC)c1OC,0
Cc1cc(C)cc(OCC(=O)Nc2ccc(N3CCN(S(C)(=O)=O)CC3)cc2)c1,0
CCOC(=O)c1c(C)[nH]c(C)c1C(=O)CSc1nnc(-c2cc(OC)c(OC)c(OC)c2)o1,0
COc1ccc(O)c(C(=O)c2cc(C#N)c(=O)n(-c3c(C)n(C)n(-c4ccccc4)c3=O)c2)c1,0
Cc1ccc2cc(CN(CCCN(C)C)C(=O)NCc3ccccc3)c(=O)[nH]c2c1C,0
O=C(COC(=O)c1cncc(Br)c1)NCCC1=CCCCC1,0
CCOC(=O)CSc1nnc(CNC(=O)c2cccs2)n1Cc1ccccc1,0
CC(C)CCn1nnnc1C(c1ccc(N(C)C)cc1)N1CCN(C(=O)c2ccco2)CC1,0
Cc1ccc2oc(=O)cc(CN3CCOCC3)c2c1,0
CCOc1ccc(NC(=O)CC2CC(C)(C)OC2=O)cc1,0
Cc1csc(C(C#N)C(=O)c2ccc(S(=O)(=O)N3CCCC3)cc2)n1,0
CCN(CCCNC(=O)CCn1c(=O)[nH]c2ccccc2c1=O)c1cccc(C)c1,0
O=C(Cn1cnc2c(oc3ccccc32)c1=O)NCCc1ccccc1,0
Cc1nn2c(-c3ccc(Cl)cc3Cl)nnc2s1,0
COCCOC(=O)c1c(C)nc(SCC(=O)Nc2ccc(C)cc2)c(C#N)c1-c1ccco1,0
COc1ccc(CCNC(=O)CSc2nc(N)c(C#N)c(-c3cccs3)c2C#N)cc1OC,0
O=C(COC(=O)CCN1C(=O)c2ccccc2C1=O)Nc1ccc(S(=O)(=O)N2CCCC2)cc1,0
Cc1cn(S(=O)(=O)c2ccc(Br)c3ccccc23)cn1,0
Cc1c(CN(C)C(=O)CSc2nc(-c3ccco3)cc(C(F)(F)F)n2)cnn1C,0
COc1ccc2c(C(F)(F)F)cc(=O)oc2c1C,0
Cc1nc(NC(=O)c2ccco2)sc1C(=O)Nc1ccc(Br)cc1,0
CCOc1cccc(-c2nnc3sc(-c4cc(OC)c(OC)cc4OC)nn23)c1,0
COc1ccccc1N1CCN(C(c2cccs2)C(C)NS(=O)(=O)c2ccccc2)CC1,0
CN1CCN(C(=O)COc2ccc3ccccc3c2Br)CC1,0
Cc1noc(C)c1S(=O)(=O)N1CCCC(C(=O)Nc2ccc(Cl)cn2)C1,0
O=C(NCN1C(=O)C2C3C=CC(C3)C2C1=O)OC1CCCCC1,0
COCCN(C(=O)C(C)C)c1nnc(-c2cccc(C)c2)s1,0
CCOCC(O)CS(=O)(=O)c1ccccn1,0
Cc1ccc(CCNC(=O)C2CCN(S(=O)(=O)N3CCC4(CC3)OCCO4)CC2)cc1,0
O=C(CSc1ccccn1)N1CCN(C(=O)CSc2ccccn2)CC1,0
COC(=O)c1ccccc1CCC(C)=O,0
COc1cc(CC(NC(C)=O)C(=O)NC2CCN(c3nc(C)cc(C)c3C#N)CC2)cc(OC)c1,0
O=C(O)C1C2C=CC(C2)C1C(=O)NCCCn1ccnc1,0
O=C(COC(=O)C(O)c1ccccc1)NC12CC3CC(CC(C3)C1)C2,0
C=CCn1c(SCC(=O)NCC2CCCO2)nc2scc(-c3ccco3)c2c1=O,0
CCOc1ncccc1C(=O)Nc1ccc2c(C)cc(=O)oc2c1,0
COc1ccc(S(=O)(=O)N2CC(C)N(S(=O)(=O)c3ccc(OC)cc3)CC2C)cc1,0
COc1ccc(Br)cc1CNC(=O)C1CCCN(S(C)(=O)=O)C1,0
O=C(c1ccco1)N1CCN(C(=O)N2c3ccccc3Sc3ccccc32)CC1,0
O=C(C1CCC1)N1CCc2cc(S(=O)(=O)NCc3cccnc3)ccc21,0
COc1ccc2[nH]c(C)c(C(=O)CN3CC(C)OC(C)C3)c2c1,0
COc1ccc(OC)c(NC(=O)Nc2ccccc2C)c1,0
CCCS(=O)(=O)N1CCCC(c2nc(-c3cccc(OC)c3)no2)C1,0
COc1cccc(-c2nnc(SCCC(=O)O)n2C)c1,0
O=c1c2cn[nH]c2nc(SCc2ccc3c(c2)OCCO3)n1-c1ccccc1,0
Cc1nc(C)c(C(=O)NCc2ccc(Cl)cc2)o1,0
Cc1ccc(CCNC(=O)CCNS(=O)(=O)c2ccc3c(c2)oc(=O)n3C)cc1,0
O=C(c1cc(S(=O)(=O)N2CCOCC2)ccc1F)N1CCCc2ccccc21,0
CCn1ncc(Br)c1C(=O)Nc1ccc(Cl)cn1,0
O=C(NCc1ccco1)c1ccccc1NC(=O)C1CC(=O)N(c2ccc(Cl)cc2)C1,0
O=C1CC(c2ccco2)CC(=O)C1=CNc1cc(Cl)ccc1O,0
CCCCC(=O)Nc1cccc2c1C(=O)N(c1ccccc1)C2=O,0
O=C1c2ccccc2N(Cc2ccc(Cl)cc2)C2=NCCN12,0
CSc1nc(NCCOCCO)c2sc3nc(-c4ccco4)c4c(c3c2n1)CCC4,0
O=C(CSc1nc2ccccc2[nH]1)c1ccco1,0
CCC(CO)n1cnnc1-c1ccncc1,0
CC(NC(=O)Nc1ccccc1O)(C(F)(F)F)C(F)(F)F,0
CCOC(=O)c1nnn(CC(=O)Nc2cccc(F)c2)c1C(=O)OCC,0
O=C(COc1cc(=O)n2c(n1)SCCC2)c1ccccc1,0
O=C(CN(CC1CCCO1)C(=O)CCC(=O)Nc1nccs1)NCC1CCCO1,0
COc1ccccc1C(=O)Nc1c2c(nn1-c1cccc(C)c1C)CS(=O)C2,0
O=C(Nc1cccc(Cl)c1N1CCCC1)c1cc2ccccc2o1,0
Cn1c(C(=O)NCCCN2CCN(c3cccc(Cl)c3)CC2)cc2c(=O)n(C)c3ccccc3c21,0
CCCCCOC(=O)C(C)c1c(C)[nH]c(=S)[nH]c1=O,0
O=C(CN1CCCN(Cc2ccc(F)cc2Cl)C1=O)NCc1ccccc1,0
CCN(C(=O)c1c(OC)cccc1OC)c1nnc(-c2cccnc2)s1,0
Cc1n[nH]c(SCC(=O)N2CCN(S(=O)(=O)c3ccccc3)CC2)nc1=O,0
COc1ccccc1NC(=O)c1ccc(NS(C)(=O)=O)cc1,0
CCn1c(SCC(=O)Nc2ccc(N(C)C)cc2)nnc1-c1cccc(C)c1,0
O=C(Nc1ccc2c(c1)CCC2)c1cnccn1,0
C=CCn1c(C)c(C(C)=O)c(N2CCCC2)nc1=S,0
Cc1onc(-c2ccccc2)c1C(=O)NC(C)C1CCCO1,0
CCOc1ncccc1C(=O)OCC(=O)c1ccc[nH]1,0
CC(C)Cc1nnc(NC(=O)CCN2C(=O)c3ccccc3C2=O)s1,0
COc1cccc(CNc2ccc(N3CCCCC3)cc2)c1OC,0
O=C(Nc1nncs1)c1ccccc1Br,0
CCC(C)N(C(=O)COC(=O)c1[nH]c(C)c(C(C)=O)c1C)C1CCS(=O)(=O)C1,0
CCC(=O)c1ccc(OCC(O)Cn2c(C)nc3ccccc32)cc1,0
CCOc1ccccc1NC(=O)CCc1ccc(C)o1,0
COc1ccccc1C(=O)Nc1ccc(-c2nnc(SCC(=O)O)n2C)cc1,0
COc1ccccc1-c1cc(C(=O)NC(C)c2ccccc2)no1,0
COc1ccc(CCNC(=O)CSc2nnc(CNc3ccc(Cl)cc3)o2)cc1OC,0
O=C(Cc1ccc(Br)cc1)N1CCCCCC1,0
O=C(COC(=O)c1cccnc1Nc1cccc(C(F)(F)F)c1)NCCN1C(=O)CSC1=O,0
COc1ccc(C(=O)NCc2nnc(SCC(=O)N3CCC(C)CC3)o2)cc1OC,0
Cc1ccc2c(c1)NC(=O)C(CC(=O)NCc1ccc(F)cc1)O2,0
Cc1cc(Cl)ccc1OCCCC(N)=O,0
O=C(O)CN1C(=O)CC(Cc2ccc(Cl)cc2)C1=O,0
CN1CCN(c2ccccc2NC(=O)c2cccc(OCc3ccccc3)c2)CC1,0
COc1ccc2[nH]cc(C(=O)CN(C)CCc3ccc(OC)c(OC)c3)c2c1,0
CCc1ccc(NC(=O)N(CCN2CCOCC2)C2CCN(C(C)=O)CC2)cc1,0
O=C(CCCCCn1c(=S)[nH]c2cc3c(cc2c1=O)OCO3)N1CCN(Cc2ccccc2)CC1,0
COCCn1nnnc1C(c1ccc(OC)c(OC)c1)N1CCN(c2nc3ccccc3s2)CC1,0
COc1cc(OC)c(-c2nn3c(C4CCCCC4)nnc3s2)cc1OC,0
Cc1ccccc1NC(=O)NCCCN1CCN(C2CCCCC2)CC1,0
O=C(Nc1ccccc1)N1CCCCC1c1cccnc1,0
CC(=O)Nc1ccc(S(=O)(=O)N2CCN(C(=O)Cc3ccccc3)CC2)cc1,0
O=S(=O)(/N=C(/Nc1cc(N2CCOCC2)ncn1)c1ccccc1)c1ccccc1,0
COc1ccc(OC)c(CC(NC(C)=O)C(=O)NC2CCN(c3nc(C)cc(C)c3C#N)CC2)c1,0
CCCn1c(CCc2ccccc2)nnc1SCC(=O)N1CCOCC1,0
O=C1CC(C(=O)NCc2ccccc2)C2(CCCC2)O1,0
COc1ccc(NC(=O)COc2nc(N(C)C)nc(N(C)C)n2)cc1,0
COC(=O)c1ccccc1NC(=O)Cn1cc(Br)cn1,0
COc1ccc2nc(N3CCC(O)CC3)c(C#N)cc2c1,0
Cc1ccc(C)c(C(=O)Nc2c(C(N)=O)oc3ccccc23)c1,0
COc1cccc(N2CC(C(=O)NC3CCCCC3)CC2=O)c1,0
Cc1ccc(C(C)C)c(OCC(=O)Nc2ccc(Cl)cn2)c1,0
CCOc1ccccc1C(=O)N(CN1CCCC1=O)c1cccc(Cl)c1,0
COC(=O)c1ccccc1NC(=O)CSc1nc2c(c(=O)n(C)c(=O)n2C)n1C,0
Cn1nc(C(=O)Nc2cccc(C(F)(F)F)c2)ccc1=O,0
O=C(Nc1ccc(N2CCN(C(=O)c3ccc(Cl)cc3)CC2)cc1)c1ccc(Br)o1,0
COc1ccc2[nH]cc(CCNC(=O)C3CCCNC3=O)c2c1,0
COc1ccc(-c2nc(C#N)c(NCCc3ccccc3)o2)cc1,0
COc1ccc(NC(=O)c2nnn(Cc3ccc(SC)cc3)c2N)c(OC)c1,0
O=C(CCCn1c(=O)[nH]c2cc(Cl)ccc2c1=O)NCCCN1CCCC1,0
N#CC1=C(N)N(c2ccc(Oc3ccccc3)cc2)C(=O)C1,0
O=C(CSc1nc2ccccc2c(=O)n1Cc1ccc(C(=O)NC2CC2)cc1)NCc1ccco1,0
O=C(CCc1ccccc1)Nc1cccc(-c2nnc(-c3ccco3)o2)c1,0
Cc1ccccc1Cc1c(C)nc2c(C(=O)N3CCN(Cc4ccc5c(c4)OCO5)CC3)cnn2c1C,0
O=C(CCN1C(=O)c2ccncc2C1=O)NCc1ccc(Cl)cc1,0
CC(C)(C)NC(=O)Cn1c(SCC(=O)N2CCCCCC2)nc2ccccc21,0
O=C(O)COc1ccc2nsnc2c1Cl,0
COc1cccc(C(=O)CSc2nnc(CNc3nc(-c4ccccc4)cs3)n2C)c1,0
COc1ccccc1CNC(=O)CC(NS(=O)(=O)c1ccc(C)cc1)c1ccco1,0
O=C(NC1CCCCCCC1)C1CCN(S(=O)(=O)N2CCC3(CC2)OCCO3)CC1,0
O=C(O)CC(Cc1ccccc1)c1ccc2c(c1)OCO2,0
COCCNC(=O)C(c1cccs1)N(C(=O)Cn1nnc2ccccc21)c1cccc(C(C)=O)c1,0
COc1ccc(OC)c(NC(=O)C2CCCN(S(=O)(=O)c3cccc4nsnc34)C2)c1,0
CC1CC(C)(C)Nc2ccc(OC(=O)c3ccco3)cc21,0
CC(C(=O)NCc1cccs1)n1cccc1,0
CC(C)C(NC(=O)OC(C)(C)C)c1nnc(SCC(=O)Nc2ccc(Br)cc2)o1,0
CC(C)C(=O)Nc1ccc(N2CCN(C(=O)c3cccs3)CC2)cc1,0
CC1(C)Cc2c(C#N)c(SCc3ccccc3)nc(N3CCOCC3)c2CO1,0
CC1(C)CC(=O)C(C2(O)C(=O)N(Cc3ccccc3)c3ccccc32)CO1,0
O=C1OC(c2ccc(O)cc2)(c2ccc(O)cc2)c2ccccc21,0
O=c1[nH]c2ccccc2c(=O)n1-c1cccc(Cl)c1,0
Cc1noc(C)c1COc1cccc(C(=O)N2CCN(C/C=C/c3ccccc3)CC2)c1,0
CCCC(=O)Nc1ccc2oc(-c3ccc(OC)c(Br)c3)nc2c1,0
CCOc1ccccc1C1NC(=O)NC(C)=C1C(=O)OC1CCCCC1,0
CCOC(=O)Cc1nnc(NC(=O)c2ccccc2OC)s1,0
O=C(NCCN1CCOCC1)c1cc2sccc2n1Cc1ccc(F)cc1,0
Cc1ccc(C(=O)N2CCN(c3ccccc3)CC2)cc1S(=O)(=O)N1CCCC1,0
c1nc(COc2nsnc2N2CCOCC2)cs1,0
O=C1CC(C(=O)NC2CCCCC2)C(c2ccccc2)O1,0
CCOC(=O)C1=C(N)N(c2ccc(N3CCCCC3)cc2)C(=O)C1,0
COc1cccc(NC(=O)Cn2cnc3sc(C)c(S(=O)(=O)N4CCN(C)CC4)c3c2=O)c1,0
Cc1cc(C)n(S(=O)(=O)Cc2ccccc2)n1,0
COc1ccc(C(=O)N2CCCC(c3nc(-c4cccs4)no3)C2)cc1OC,0
CCOC(=O)C(O)(C1C(=O)CC(C)(C)CC1=O)C(F)(F)F,0
