smiles,activity
Cn1c(=O)cc(OCC(=O)N2CCN(c3cccc(C(F)(F)F)c3)CC2)c2ccccc21,0
CCOC(=O)c1cnn(-c2ccccc2)c1NC(=O)c1ccccc1C,0
O=C1CNC(=O)c2c(nc3n2CCC3)N1,0
COc1ccc(S(=O)(=O)Nc2cccc(NC(C)=O)c2)cc1,0
Cc1cccc(Cn2cnc3c(NS(C)(=O)=O)c(C)c(C)cc32)c1,0
O=C(Nc1cccc(O)c1)c1cc(S(=O)(=O)N2CCCC2)ccc1Cl,0
CCOc1ccc(C2C(C(=O)OC)=C(C)N=C3SCCC(=O)N32)cc1OCC,0
COc1ccc(N2C(=O)NC(=O)C(CCc3ccncc3)(CCc3ccncc3)C2=O)cc1,0
COc1ccccc1Nc1nc(-c2cccc([N+](=O)[O-])c2)nc2ccccc12,0
Cc1ccc(N(Cc2cc(=O)[nH]c3ccccc23)C(=O)c2ccco2)cc1,0
Cc1cccc(NC(=O)c2snc3c(=O)nc[nH]c23)c1,0
COc1cc(C(=O)CSc2nc3ccccc3o2)cc(OC)c1OC,0
CC(=O)Nc1sc(C)c(C)c1C(=O)Nc1ccc(C)cc1,0
CC(Sc1ccc(Cl)cc1)C(=O)Nc1ccc(S(=O)(=O)N2CCOCC2)cc1,0
O=C1CC(N2CCCc3ccccc32)C(=O)N1c1ccccc1Cl,0
CCC(=O)Nc1ccc(C(=O)CSc2nnc(CNc3ccc(Cl)cc3)o2)cc1OC,0
CCN(CC)C(=O)c1ccc(COc2ccccc2Br)o1,0
Cc1ccc(-c2nc(NC(=O)c3nn(C)cc3[N+](=O)[O-])sc2C)cc1,0
CCOC(=O)c1c(NC(=O)Cn2nnc(-c3ccc(Cl)cc3)n2)sc(C)c1C,0
Cc1ccc(-c2nnc(SCC(=O)OC(C)C)n2N)cc1,0
COC(=O)c1cn(CC(=O)NC2CCCCCC2)c2ccccc12,0
COc1ccc(/C=C2/C(=O)N=C3SCCN32)cc1,0
CCOC(=O)CCCNC(=O)CCCNC(=O)C(c1ccccc1)c1ccccc1,0
Cc1ccc(S(=O)(=O)c2nc(C)c3c(n2)CCC3)cc1,0
CC(=O)Nc1ccc2c(c1)nc(CN1CCCC1)n2C,0
COc1ccc(NC(=O)CC2C(=O)N(c3cccc(OC)c3)C(=O)N2CCC(C)C)cc1,0
Nc1ccc2oc(-c3ccccn3)nc2c1,0
Cc1cccc(-n2ncc3c(NCCCO)ncnc32)c1,0
O=C(CSc1ncnc2c1oc1ccccc12)OCc1ccccc1,0
CC(=O)c1cc(-c2ccccc2)n(CC(=O)NCc2cccs2)c1C,0
CCOc1ccc(Nc2ncnc3c2cnn3Cc2ccccc2)cc1,0
O=C(CN1CCN(Cc2ccccc2)CC1)c1c[nH]c2ccccc12,0
N#Cc1nc(COc2ccc(Br)cc2)oc1NCCCn1ccnc1,0
Cc1cccc2cc(-c3nc4c(C)cccn4c3NCc3ccco3)c(=O)[nH]c12,0
COC(=O)c1ccc(NC(=S)NCCc2cccc(C)c2)cc1,0
CC(c1ccccc1)C(CC(=O)O)C(=O)NC1CCCCC1,0
CCOC(=O)c1cc2sccc2n1CC(=O)Nc1ccc2c(c1)OCCO2,0
CCS(=O)(=O)c1ccc2oc(Nc3cc(C)cc(C)c3)nc2c1,0
COc1ccc(S(=O)(=O)n2nc(OC(=O)c3c(-c4ccccc4Cl)noc3C)cc2N)cc1,0
Cc1c(C(=O)Nn2cnnc2)oc2ccccc12,0
O=C(CS(=O)(=O)c1cn(Cc2ccc(Cl)cc2)c2ccccc12)N1CCCCC1,0
Cc1noc(C)c1S(=O)(=O)N1CCN(C(c2ccccc2)c2ccc(Cl)cc2)CC1,0
CCOc1ccc(C(C)=O)cc1CN1C(=O)NC2(CCCCC2C)C1=O,0
O=c1c2c(nc3nc(CCc4ccccc4)[nH]n13)CCC2,0
Cc1nc(NC(=O)c2cccnc2)ccc1Br,0
CCc1ccc(NC(=O)CC2NCCNC2=O)cc1,0
CCCc1cc(=O)n2[nH]c(-c3cc(OC)c(OC)c(OC)c3)nc2n1,0
CCOc1ccc(-c2nc(C)sc2CC(=O)O)cc1,0
COc1cc(SC)ccc1C(=O)Nc1ccccc1C#N,0
CCOC(=O)c1c(C)n(C)c2ccc(OCC(O)Cn3c(C)nc4ccccc43)cc12,0
COc1ccc2c(c1)N(C)/C(=C1/S/C(=N\Cc3ccccc3)N(c3ccccc3)C1=O)S2,0
Cn1ccnc1SCC(=O)Nc1ccc2c(c1)COC2=O,0
COc1ccc(C2Nc3ccccc3C(=O)N2c2ccc(C)cc2)cc1Cn1nc(C)c([N+](=O)[O-])c1C,0
Cc1cc(C)cc(OCC(=O)Nc2nonc2NC(=O)COc2cc(C)cc(C)c2)c1,0
O=C(Cn1cnc2sc(-c3ccccc3)cc2c1=O)NCCc1ccccc1,0
CCCCCOc1ccc(NC(=O)C(=O)NCCCn2ccnc2)cc1,0
CCCCn1nc(C(=O)N2CCc3ccccc32)c2ccccc2c1=O,0
O=C(NCc1ccco1)c1ccccc1-c1ccccc1,0
CCN1CCN(Cc2nc3c(c(=O)n(C)c(=O)n3C)n2Cc2cccc3ccccc23)CC1,0
CCn1c(SCC(=O)C(C)(C)C)nnc1-c1cccnc1,0
CC1=CC(C)(C)N2C(=O)C3(SCC(=O)N3c3ccc(O)cc3)c3cc(C)cc1c32,0
Cc1nc2ccc(N3C(=O)CCC3=O)cc2[nH]1,0
Cc1ccc(C(C(=O)NC2CCCCC2)N(Cc2ccco2)C(=O)Cn2cnc3ccccc32)cc1,0
Cn1nnnc1SCC(=O)Nc1ccc(Oc2ccc(Cl)cc2)cc1,0
COc1ccc(C2CC(=O)c3cnc(N4CCN(Cc5ccccc5)CC4)nc3C2)cc1,0
CCOc1ccc2c(c1)=C(c1ccc(C)cc1)NN=C(c1ccc(OC)cc1)N=2,0
Cn1c(=O)n(Cc2ccccc2)c(=O)c2c1nc(NCC1CCCO1)n2Cc1ccccc1,0
CCN(CC)CCCN1C(=O)C(O)=C(C(=O)c2cc3cccc(OC)c3o2)C1c1ccncc1,0
COc1cc(-c2cc(-c3ccccc3)nc(SCC(=O)Nc3nccs3)c2C#N)cc(OC)c1OC,0
O=C(c1cccn2c(=O)c3ccccc3nc12)N1CCC2(CC1)OCCO2,0
COc1ccccc1N1CCN(C(=O)CN(Cc2ccc(Cl)cc2)S(C)(=O)=O)CC1,0
O=C(CN(C1CCCCC1)S(=O)(=O)c1ccc(Cl)cc1)NCc1cccnc1,0
CCOc1ccccc1N1CCN(Cc2ccco2)CC1,0
CC(C)(C)n1ncc2c(=O)n(CC(=O)N3CCCCCC3)cnc21,0
CCC1CCCCN1C(=O)NC(CCSC)C(=O)OC,0
CC(C)CC(=O)N1CCN(c2ccc([N+](=O)[O-])c(NCc3ccccc3)c2)CC1,0
COc1ccc(C(C(=O)NC2CCCCC2)N(C(=O)c2ccco2)c2ccc(-n3cnnn3)c(C)c2)cc1,0
CCCC(=O)NC(=S)Nc1ccc(NC(=O)c2cccs2)cc1,0
O=C(COC(=O)c1ccc(S(=O)(=O)N2CCCC2)cc1)NCc1ccc(Cl)cc1,0
COc1ccc(C(CNC(=O)c2cc(=O)[nH]c3ccccc23)N2CCCC2)cc1,0
NC(=O)C1CCN(C(=O)CN2CCc3ccccc32)CC1,0
CC(=O)NC1=NN(c2ccccc2)C(=O)C1,0
Cc1ccc(C)c(C(=O)COC(=O)c2ccc(Br)o2)c1,0
O=C(Nc1ccccc1)N1CCN(c2ncccn2)CC1,0
O=C(CCc1ccc(S(=O)(=O)NCCc2ccccc2)cc1)N1CCN(Cc2ccc3c(c2)OCO3)CC1,0
COc1cccc(CNc2cc(CSc3ccc(Cl)cc3)nc(C)n2)c1,0
O=C1C=CC(Br)=C/C1=C\NN1CCN(Cc2ccccc2)CC1,0
c1ccc(Nc2nc(-c3ccncc3)cs2)cc1,0
CCC(Oc1ccccc1)C(=O)Nc1nc2c(s1)C(=O)CC(C)(C)C2,0
Cc1nn(C)c(C)c1S(=O)(=O)N1CCC(C(=O)Nc2ccc3c(c2)OCCO3)CC1,0
CCOc1cc2[nH]c(=S)n(Cc3ccc(C(=O)NCC(OC)OC)cc3)c(=O)c2cc1OCC,0
COCc1c(C(=O)OC)nnn1-c1ccccc1,0
CCOC(=O)C1CCCN(c2c(N3CCN(C4CCCCC4)CC3)c(=O)c2=O)C1,0
Cc1cc(C)c(C#N)c(SCC(=O)C(C)(C)C)n1,0
O=C1CCCc2[nH]nc(-c3cccnc3)c21,0
O=C(CCCOc1ccccc1)N1CCN(c2ccccc2)CC1,0
O=C(NCCc1c[nH]c2ccccc12)c1c(Cl)nc2sccn12,0
Cn1c(CNC(=O)c2ccc(Cl)cc2)nnc1SCC(=O)Nc1sc2c(c1C#N)CCCC2,0
Cc1sc(NC(=O)CN2CCOCC2)c(C(=O)c2ccccc2)c1C,0
O=C(Nc1ccccc1)N1CCCc2ccccc21,0
CCCCn1c(SCC(=O)Nc2nnc(CC)s2)nc2c1c(=O)n(C)c(=O)n2C,0
Cc1cccc(NCCNc2cccc(C)c2)c1,0
O=C(NC1CCCC1)C(c1ccncc1)N(Cc1cccs1)C(=O)c1csnn1,0
CC(C)CNC(=S)NC(=O)c1ccc([N+](=O)[O-])cc1,0
Cc1cc(C)nc(NS(=O)(=O)c2ccc(NC(=S)NC(=O)C3CCCC3)cc2)n1,0
Cn1c(=O)c2nc(NCc3ccccc3)cnc2n(C)c1=O,0
c1ccc2nc3c(nc2c1)c1ccccc1n3CCN1CCOCC1,0
Cc1ccc(C)c(-n2c(CNC(=O)c3ccco3)nnc2SCC(=O)Nc2nccs2)c1,0
COc1ccc(-c2cc(-c3ccccc3)nc(-c3ccc4c(c3)NC(=O)CO4)c2)cc1,0
Cc1ccc(Cn2ccc(NC(=O)c3cc(-c4ccc5c(c4)OCO5)on3)n2)cc1,0
CCN(CC)S(=O)(=O)c1cccc2cccnc12,0
CCC1Oc2ccc(C)cc2N(CC(=O)N(Cc2ccncc2)Cc2ccco2)C1=O,0
COC(=O)C1=C(C)NC(C)=C(C(=O)OC)C1c1cc2cc(C)ccc2[nH]c1=O,0
CCC(Sc1ncccc1C(=O)OCCN1CCCC1=O)C(=O)NCc1ccco1,0
Cc1nn(Cc2cccc(C(=O)NCC(C)C)c2)c(C)c1Br,0
Cc1c(NC(=O)c2ccc3ncccc3c2)c(=O)n(-c2ccccc2)n1C,0
COc1ccc(CNC(=O)C2CCC(CNS(=O)(=O)c3cccc4nsnc34)CC2)cc1,0
Cc1cccc(OCCCC(=O)Nc2nccs2)c1,0
CCn1cc(C(=O)N2CCN(Cc3ccc4c(c3)OCO4)CC2)c(=O)c2ccc(C)nc21,0
CC(C)(C)c1ccc(OCC(O)CSc2ncn[nH]2)cc1,0
O=C(Nc1ccc2c(c1)OCO2)c1ccc(Br)o1,0
CCC(=O)N(CCc1ccccc1C)Cc1cc2cc3c(cc2[nH]c1=O)OCO3,0
CCOn1c(=O)c(-c2cc3ccccc3o2)[n+]([O-])c2ccccc21,0
Cc1ccc(S(=O)(=O)N2CCCC(C(=O)NCCC3=CCCCC3)C2)cc1,0
Cc1ccc(-c2nnn(CC(=O)N3c4ccccc4CCc4ccccc43)n2)cc1,0
Cc1ccc(-c2noc(CCC(=O)NCc3ccc4c(c3)OCO4)n2)cc1,0
CC1(C)Oc2ccc(C(=O)NC3CCCC3)cc2N(CC(=O)NC2CCCC2)C1=O,0
COc1ccccc1Nc1nc(=O)cc(C)[nH]1,0
Cc1ccc(C(C)C)c(OCCNC(=O)c2cncc(Br)c2)c1,0
CCn1c2ccccc2c2cc(NC(=O)C(C)Oc3ccccc3)ccc21,0
COC(=O)c1ccc(CSc2nc3ccccc3[nH]2)o1,0
C=CCn1c2ccccc2n2nc(C)c(=O)nc12,0
C=CCOc1ccc(CNc2nn[nH]n2)cc1,0
CCOC(=O)N1CCN(Cc2cc(=O)oc3cc4c(cc23)CCC4)CC1,0
CCCCn1cnc2sc(-c3ccccc3)cc2c1=O,0
Cc1ccc(NC(=O)c2cc([N+](=O)[O-])ccc2NCc2cccnc2)cc1,0
COC(=O)c1cc(OC)c(OC)cc1NC(=O)Nc1ccccc1OC,0
Cc1oc(C)c2c(=O)ccc3c(c12)OC(N)=C(C#N)C3c1ccccc1,0
Cc1c(OCc2ccccc2)c(=O)ccn1Cc1ccccc1,0
COC(=O)CSc1nnc(CNC(=O)c2ccc(OC)cc2OC)n1C,0
COc1ccc(-c2c3c(nc4sc5c(=O)nc(C)[nH]c5c24)CCC3)cc1,0
O=C(c1ccccc1)n1ccc(-c2cnc(-c3ccccc3)s2)n1,0
Cc1cc(C(=O)NNC(=S)NCC2CCCO2)cs1,0
Cc1ccc(SCC(=O)NCCC2=CCCCC2)cc1,0
COc1ccc(CN(CC(=O)NC2CCCC2)C(=O)c2onc(C(N)=O)c2N)cc1,0
CCCC(C)NC(=O)C1CCN(S(=O)(=O)c2ccccc2)CC1,0
CC(C)CC(=O)N1CCN(S(=O)(=O)c2ccccc2)CC1,0
CS(=O)(=O)N(CC(=O)N1CCN(c2ccc(F)cc2)CC1)c1cccc(Cl)c1,0
O=C(CN1C(=O)CC(c2ccccc2)=Nc2ccccc21)NCc1ccco1,0
NS(=O)(=O)c1ccc(CNC(=O)CC23CC4CC(CC(C4)C2)C3)cc1,0
Cc1nc2ccccc2c(=O)n1NC(=O)c1ccco1,0
CC(=O)Nc1ccccc1-c1n[nH]c(SCc2ccccc2Cl)nc1=O,0
CCC1Oc2ccccc2N(CC(=O)NCCc2ccc(OC)c(OC)c2)C1=O,0
Cc1nn2cc(-c3ccccc3)[nH]c2nc1=O,0
CCCCCc1nc2ccccc2c(=O)n1N,0
CCOC(=O)C1=C(C)NC(=O)NC1c1ccc2c(c1)OCO2,0
CCC(CC)C(=O)OCC(=O)NC12CC3CC(CC(C3)C1)C2,0
O=C(c1ccc(CN2CCc3ccccc3C2)cc1)N1CCc2ccccc2C1,0
COc1ccccc1N1CCN(Cc2ccc(OC)c3ccccc23)CC1,0
COc1ccc(-c2noc(CSc3nc4ccccc4c(=O)n3-c3ccc(C)cc3)n2)cc1,0
CCc1ccccc1NC(=O)NC1CCCCC1,0
Cc1ccc(Cn2c(S(=O)(=O)O)nc3ccccc32)cc1,0
CCOC(=O)c1ccc(-c2cccc(C(F)(F)F)c2)nc1C,0
Cc1ccc(CN2CCN(C(=O)C3CCC3)CC2)cc1,0
CCOc1ccc2nc(NC(=O)c3ccoc3C)sc2c1,0
COc1cc(OC)nc(NC(=O)COC(=O)C2CCCCC2)n1,0
CCc1nnc(NC(=O)CSc2ncc(-c3ccccc3)[nH]2)s1,0
CCCCNC(=O)Nc1ccccc1C(=O)Nc1ccc(OC)cc1,0
CCOC(=O)N1N=C(CC)CC1(O)C(F)(F)F,0
O=C(NCc1ccccn1)c1cc(S(=O)(=O)N2CCN(c3ccccc3)CC2)ccc1Cl,0
CC1CCN(c2ccc(C(=O)O)cc2N)CC1,0
Cc1ccc2c(c1)NCC(C(=O)NC1CCCCC1)O2,0
Cc1nc2ccc(-c3nc4cc(N)ccc4o3)cc2[nH]1,0
CCOc1cc(N2CCOCC2)c(OCC)cc1NC(=O)COc1cccc2cccnc12,0
N=c1oc2ccc3ccccc3c2cc1-c1nnc2n1CCCCC2,0
COc1ccc(CCNC(=O)CN(c2ccccc2)S(C)(=O)=O)cc1OC,0
NC(=O)c1ccccc1OCC(=O)O,0
COc1ccc(CNc2oc(-c3cccc4ccccc34)nc2C#N)cc1,0
CC(=O)c1ccc(OCCCC(=O)NCC(c2ccco2)N(C)C)cc1,0
COc1ccccc1-c1nn2c(C(F)(F)F)nnc2s1,0
CCC1Oc2ccccc2N(CC(=O)Nc2ccc(OC)cc2OC)C1=O,0
CCc1ccc(Nc2ncc3c(n2)CC(c2ccc(OC)cc2)CC3=O)cc1,0
O=C1CCCC2=C1C(c1cccs1)N1NC(SCc3ccccc3)=NC1=N2,0
COc1ccccc1NC(=O)N1CCCC(c2nc3n(Cc4ccc(C)cc4)[nH]nc-3c(=O)n2)C1,0
C=CCN1C(=O)/C(=C\c2ccc(Cl)cc2)N=C1SCC(=O)NC1CCCCC1,0
CC(=O)c1nn(-c2ccc(Br)cc2)cc1C(=O)c1ccco1,0
Cc1n[nH]c(SCC(=O)NCc2ccccc2)nc1=O,0
CC(C)C(=O)Nc1c(-c2cccs2)c(=O)c2ccccc2n1C,0
c1ccc2c(c1)CNc1ccccc1O2,0
CS(=O)(=O)c1cnc(-c2ccccc2)nc1Oc1ccc(F)cc1,0
CCN(c1cccc(C)c1)S(=O)(=O)c1cccc(C(=O)O)c1,0
COc1cc2c(cc1NC(=O)CSc1nnc(COc3ccc(Cl)cc3)n1C)oc1ccccc12,0
O=C1CC(C2CCCO2)C(=O)N1c1cccc(Cl)c1,0
CCCCc1ccc(Nc2nc(=O)cc(CCC)[nH]2)cc1,0
COc1ccc(Cc2nnc(SCC(=O)NCC3CCCO3)o2)cc1,0
CCCNC(=O)Cc1ncn[nH]1,0
Cc1ccc(-c2nn(C)c(=O)c3ccccc23)cc1CNC(=O)CSc1nc2ccccc2o1,0
CCOC(=O)C(NC(=O)c1ccc(OC)cc1)(OCC1(CC)COC1)C(F)(F)F,0
CC(=O)Nc1ccc(S(=O)(=O)Nc2nc(CN3CCOCC3)nc3sc4c(c23)CCCC4)cc1,0
Cn1nc(-c2ccc(OCC(N)=O)cc2)c2ccccc2c1=O,0
CCN(CC)c1ccc(-c2nn3c(-c4n[nH]c5c4CCC5)nnc3s2)cc1,0
Cc1cc(C)nc(-n2nc(C)c(Oc3ccccc3O)c2C)n1,0
CN(C)S(=O)(=O)N1CCC(C(=O)O)(c2ccccc2)CC1,0
CCOC(=O)CC(NC(=O)c1ccc(C)cc1)c1ccc(C)cc1,0
CCOc1ccc(CCNC(=O)CCc2nc(-c3ccc(C)cc3)no2)cc1OCC,0
O=S(=O)(N1CCOCC1)n1cnc2ccccc21,0
O=C(CC(=O)NCc1cccnc1)NCc1cccnc1,0
COc1cc(OC)cc(C(=O)NCCOc2ccccc2)c1,0
COC(=O)c1ccc(/C=N/n2c(C)nnc2C)cc1,0
CCn1cc(S(=O)(=O)CC(=O)NC2CCCCC2)c2ccccc21,0
C=CC(=O)Nc1ccc(Br)cc1,0
Cc1cc(=O)n(-c2ccc3ccccc3n2)[nH]1,0
OC(c1ccccn1)c1c[nH]c2ccccc12,0
COC(=O)c1ccccc1NC(=O)Cn1cnc2c(cnn2-c2ccc(C)c(C)c2)c1=O,0
CC(=O)Nc1ccc2nc(-c3ccncc3)[nH]c2c1,0
CC(C)(C)c1ccc(NC(=O)NCc2ccco2)cc1,0
CCOC(=O)/C(C#N)=C1/C=CN(C)C(C)=N1,0
CC(C)(C)n1cnc2cc(NS(=O)(=O)c3ccc(Br)cc3)ccc21,0
CCOc1ccc(C(C)NC(=O)Nc2ccccc2C(=O)OC)cc1,0
Cc1ccc(C)n1-n1cnc2sc3c(c2c1=O)CCCCC3,0
Cc1ccc(-c2nn(CC(=O)NC(C)c3ccccc3)c(=O)c3ccccc23)cc1,0
Cc1cccc(NC(=O)Nc2cccc(C)n2)n1,0
CN(C)S(=O)(=O)c1cccc(C(=O)N2CCc3ccccc32)c1,0
O=C(NNC(=O)c1cnccn1)c1cccc([N+](=O)[O-])c1,0
CCOC(=O)c1[nH]c2ccccc2c1NC(=O)CC,0
CCCCn1c(SC(C)C(N)=O)nc2cc(C(=O)OC)ccc2c1=O,0
Cc1nc2cc(NC(=O)N(C)c3ccc4ccccc4c3)ccc2o1,0
CCCCN1C(=O)NC(=O)/C(=C(/CC)NC(C)c2ccccc2)C1=O,0
C=CCNC(=O)c1cc(-c2ccc(Br)cc2)on1,0
O=C(O)CCC(=O)Nc1ccc(-c2nnc(-c3ccco3)o2)cc1,0
COC(=O)c1cc(-c2ccc(Br)cc2)n[nH]1,0
COC(=O)Cc1csc(Nc2c(C)n(C)n(-c3ccccc3)c2=O)n1,0
CCSc1nc2cc(C(=O)OC)ccc2c(=O)n1CC,0
FC(F)(F)c1cccc(Cn2nnnc2-c2cc(Cl)cc(Cl)c2)c1,0
Cc1ccccc1-c1nnc(-c2ccc(Br)cc2)o1,0
CCCc1nnc(NC(=O)Cn2c(=O)oc3ccccc32)s1,0
Cc1ccc(-c2nc(C)sc2CC(=O)NCc2ccco2)cc1,0
Cc1ccc(Nc2c3c(nc4ncnn24)CC(C)CC3)cc1,0
CCCCC(=O)Nc1cccc(NC(=O)c2ccccc2Br)c1,0
O=C(NCCc1ccccn1)c1ccc(COc2ccccc2)o1,0
COc1ccc(C(=O)Nc2cccc(-c3nc4ncccc4o3)c2C)cc1OC,0
Cc1ccc(SCC(=O)/C(C#N)=C2\Nc3ccccc3N2C)cc1,0
Cc1ccccc1CS(=O)(=O)c1cnc2ccccc2n1,0
COc1ccc(C(=O)Nn2c(C3CCC3)nc3ccccc3c2=O)c(OC)c1,0
NC(=S)NNc1cc(Cl)cc(Cl)c1,0
COc1ccc(CN2CCN(c3cccc(C)c3C)CC2)cc1OC,0
Brc1ccc2c(c1)C=Nc1c(ncnc1N1CCCCC1)O2,0
Cc1nnc2n(-c3ccccc3)c(=O)c3c4c(sc3n12)CC(C)CC4,0
O=C(COCCOCC(=O)N(c1ccccn1)C1CCCCC1)N(c1ccccn1)C1CCCCC1,0
CCOC(=O)CSc1[nH]c(=O)cc(C)c1C#N,0
CC(C)c1ccc(O)c(NC(=O)c2cccnc2)c1,0
Cc1cc(C)nc(N(C#N)S(=O)(=O)c2ccccc2)n1,0
C=CCNCC(=O)NN=C(c1ccccc1)c1ccccc1,0
CCOc1ccc2nc(NCCCNS(=O)(=O)c3ccc(Cl)cc3)c(C#N)cc2c1,0
Cc1cccc(C)c1-n1c(C)cc(/C=N/NC(=O)c2ccncc2)c1C,0
Oc1ccc(CN2CCCCC2)c2cccnc12,0
CCCC(=O)Nc1nnc(-c2ccco2)s1,0
Cc1ccc(C)c(N(CC(=O)NC2CCCC2)C(=O)c2oc(C(C)(C)C)cc2C)c1,0
COc1cc(C)nc(Nc2nc(C)c(C(C)=O)s2)n1,0
Cc1ccccc1OCCC(=O)Nc1c(C)n(C)n(-c2ccccc2)c1=O,0
Cc1ccc(Nc2ccc(-n3ccnc3)nn2)cc1C,0
N#Cc1nc(Cc2cccc3ccccc23)oc1N1CCOCC1,0
CCC(=O)c1cc(F)c(N2CCN(C(=O)Cc3ccccc3)CC2)cc1C,0
c1ccc2c(N3CCCCCC3)nc(-c3ccncc3)nc2c1,0
Nc1nc(SCc2nc3scc(-c4ccccc4)c3c(=O)[nH]2)n[nH]1,0
CCC(C)NC(=O)c1cnn2c(C)c3c(nc12)CCCC3,0
CCOc1ccccc1NC(=O)Nc1c(C)n(-c2ccccc2)c(=O)n1C,0
CCOc1ccc(C2C(C#N)=C(N)Oc3c2c(=O)oc2ccccc32)cc1,0
CC1(C)CC(=O)C2=C(C1)N(Cc1ccc(F)cc1)C(=O)C2(NC(=O)c1cccnc1)C(F)(F)F,0
CC(=O)Nc1ccc(N/C=C/C(=O)c2ccc(C)o2)cc1,0
O=C1OCCC1NC1=NCCC1,0
Cc1ccc(-c2nc3ncccn3c2NC(=O)C2CC2)cc1,0
CCCc1ccc(/C=C2\C(=O)c3ccccc3C(=O)\C2=C(/O)OCC)cc1,0
COC(=O)CN(c1cccc(C(C)=O)c1)S(C)(=O)=O,0
Cc1c(N(C)C(=O)C23CC4CC(CC(C4)C2)C3)c(=O)n(-c2ccccc2)n1C,0
Cc1ccc(NS(C)(=O)=O)c(C(=O)c2ccccc2)c1,0
Cc1cc(C(=O)NCCCc2ccccc2)no1,0
O=C(NCC1CCCO1)c1ccccc1-c1nc(-c2ccc(F)cc2)no1,0
CCOC(=O)c1cccc(NC(=O)CCc2nc(-c3ccc(C)cc3)no2)c1,0
Cc1sc(-c2ccccn2)nc1OC(=O)c1ccc(Cl)c(Cl)c1,0
CN1CCN(C(=O)CN(c2cccc(Cl)c2)S(=O)(=O)c2ccccc2)CC1,0
CCN(CC)S(=O)(=O)c1ccc(C(=O)OC2CCCCC2CN(C)C)cc1,0
Cc1ccc(OCC(=O)n2nc(C)cc2C)c(Br)c1,0
CCC(=O)NCCN1CCN(C(=O)CC)CC1,0
O=C(CSCC(=O)OCn1nnc2ccccc2c1=O)Nc1ccc(Cl)cc1,0
Nc1nncn1C(=O)CCCN1C(=O)c2ccccc2C1=O,0
COCCN(CCOC)S(=O)(=O)c1ccc(C(=O)Nc2nnc(C)o2)cc1,0
COc1ccc2[nH]c3c(=O)n(Cc4ccco4)cnc3c2c1,0
COC(=O)C(C)NC(=O)Nc1cccc(C(F)(F)F)c1,0
NC(=O)NCC12CC3CC(CC(C3)C1)C2,0
COc1cccc(-n2cc3c(c2-c2ccccc2)c(=O)n(C)c(=O)n3C)c1,0
CCOc1ccc2nc(C(C)O)[nH]c2c1,0
COc1ccc(Cl)cc1C(=O)NC(=S)Nc1cc(-c2nc3ccccc3[nH]2)ccc1C,0
O=C(CSc1ncn[nH]1)c1ccc2c(c1)OCO2,0
Cc1cccnc1NC(=O)C1CCN(S(=O)(=O)c2ccc3c(c2)CCC(=O)N3)CC1,0
COC(=O)CSc1n[nH]c(-c2ccncc2)n1,0
Cc1c(C(=O)O)oc2ccc(S(=O)(=O)NCCC3=CCCCC3)cc12,0
COc1ccc(-c2noc(CCC(=O)NCCCN3CCC(C)CC3)n2)cc1,0
Cc1nc2ccccc2n1CCC(=O)Nc1cccc(F)c1,0
Cc1ccc(S(=O)(=O)n2cnc3ccccc32)cc1,0
CN(C)c1ccc(CNn2cnnc2)cc1,0
CCOC(=O)c1c(C)[nH]c(C(=O)Nc2ccc3c(c2)OCO3)c1C,0
CC(=O)N1CCc2cc(S(=O)(=O)N3c4ccccc4CC3C)ccc21,0
COc1ccc(NC(=S)N2CCC(c3nc4ccc(Cl)cc4[nH]3)CC2)c(OC)c1,0
CN(C)C=C1C(=O)N(C2CCCCC2)C(=O)N(C2CCCCC2)C1=O,0
COCNc1nc(OCC#N)nc(N(C)C)n1,0
COc1cc(NC(=O)c2ccc3c(c2)OCO3)ccc1NC(=O)C(C)C,0
CCCOc1ccc(-c2nnn(CC(=O)c3ccc4c(c3)OCCO4)n2)cc1,0
Cc1ccc(NCc2nnc(SCC(=O)NCc3ccco3)n2CC2CCCO2)cc1Cl,0
COc1ccc(S(=O)(=O)N/N=C(\C)c2cccc(NC(=O)c3ccccc3Cl)c2)cc1,0
CCCS(=O)(=O)N1CCC(C(=O)N2CCCC2)CC1,0
CCOC(=O)c1ccccc1Nc1cn(C(C)=O)c2ccccc12,0
Cc1nccc(-c2ccc([N+](=O)[O-])c(CS(=O)(=O)c3ccc(Cl)cc3)c2)n1,0
Cc1cc(=O)n2c(nc3ccccc32)[nH]1,0
COc1ccc(N2CCN(Cc3cc(=O)oc4ccc(C)cc34)CC2)cc1,0
CCC(=O)Nc1nc2c(s1)COc1ccccc1-2,0
CCCCCn1c(=O)[nH]c2cc(C(=O)NCCCN(CC)CC)ccc2c1=O,0
CCCCn1c(=O)n(CC(=O)Nc2c(CC)cccc2CC)c(=O)c2c1nc(CO)n2CCC,0
CCOC(=O)c1c(C)[nH]c(C(=O)Cn2c(=O)c3c(ncn3CC)n(Cc3ccccc3)c2=O)c1C,0
CCc1nnc(NC(=O)c2cc3ccccc3oc2=O)s1,0
CS(=O)(=O)N(CC(=O)N1CCCCC1)c1ccc2c(c1)OCO2,0
O=C(CSCc1nc2ccccc2[nH]1)Nc1ccc2ccccc2c1,0
CC(C)(O)C(=O)NN(C(=O)c1ccccc1)c1ccc2ccccc2c1,0
COc1cc2cc(CN(CCCO)S(=O)(=O)c3ccccc3Cl)c(=O)[nH]c2cc1OC,0
O=C(NCc1ccco1)c1ccc(CN2CCOCC2)cc1,0
O=S(=O)(NC1CCCCC1)c1cccc(-c2nnc(-c3ccccc3)o2)c1,0
O=C(c1ccccc1)N1CCN(C2C3CC4CC(C3)CC2C4)CC1,0
CC1(C)C/C(=C(/C#N)C(N)=O)CCO1,0
CC(C)C(=O)NC(c1ccco1)c1c(O)ccc2ccccc12,0
Cn1c(=O)oc2cc(S(=O)(=O)Nc3cccc(C(=O)O)c3)ccc21,0
CCc1cc(C)cc(OCCNC(=O)c2ncn[nH]2)c1,0
CCCOc1cccc(OCCSc2nc(=O)cc(C)[nH]2)c1,0
O=C(Nc1nnc(-c2ccco2)s1)C1CCN(S(=O)(=O)c2ccc(Cl)cc2)CC1,0
N#C/C(=C\c1cn[nH]c1-c1ccccc1)C(=O)NC1CCCCCC1,0
Cc1cccc(/C=N/n2c(C)nnc2C)c1,0
O=C(c1cc2c(=O)oc3ccccc3c2s1)N1CCOCC1,0
Cn1c(NC(=O)c2cccs2)cc(=O)n(C)c1=O,0
Cc1n[nH]c(SCC(=O)Nc2ccccc2)nc1=O,0
Cc1cc(-c2ccccc2)nc(N(C)NC(=O)c2ccc(Cl)cc2)c1S(C)(=O)=O,0
O=C(Nc1ccc(Cc2ccncc2)cc1)c1ccc(S(=O)(=O)N2CCOCC2)cc1,0
c1ccc2c(c1)[nH]c1c(N3CCCC3)ncnc12,0
CCCC(=O)Nc1c(-c2cccs2)c(=O)c2ccccc2n1C,0
COc1cccc(NC(=O)Cn2c(=O)c3c(ncn3Cc3ccccc3)n(Cc3ccccc3)c2=O)c1,0
CCOc1ccccc1NC(=O)N1CCC(C(=O)c2ccc(F)cc2)CC1,0
Brc1ccc2ncnc(Nc3cccc4ccccc34)c2c1,0
O=C(CSc1nnc(-c2cccc(Cl)c2)o1)Nc1ccc2c(c1)OCCO2,0
Cc1ccc(-c2nc(CSCC(=O)N3CCN(c4ccccn4)CC3)c(C)o2)cc1,0
O=S(=O)(NCCOc1ccc(F)cc1)c1ccc2c(c1)OCCO2,0
Nc1nc2c3ccccc3nc(C3CC3)n2n1,0
CCn1cc(C(=O)OC(C)C(=O)Nc2c(C)n(C)n(-c3ccccc3)c2=O)c(=O)c2ccc(C)nc21,0
CCCOC(=O)c1ccc(Nc2cc(C)nc3ncnn23)cc1,0
CN(C)CCNC(=O)NC1CCCCC1,0
CCCCOCCCNC1=NCCCCC1,0
CC1=CC(=O)OC1Cc1ccncc1,0
CN(CCOc1ccc(Cl)cc1)c1ccc(S(=O)(=O)N2CCCCC2)cn1,0
O=C(CCn1c(=O)oc2ccccc21)Nc1ccccc1,0
Cc1ccc(CCNC(=O)NC(C)(C)C)cc1,0
CC1=C(C(=O)OCc2ccccc2)C(c2ccc(N(C)C)cc2)NC(=O)N1,0
O=C(COc1ccc(S(=O)(=O)NC2CCCCC2)cc1Cl)NCC1CCCO1,0
COCCNc1c2c(nc3c(-c4ccccc4)c(C)nn13)CCCC2,0
C=CCn1c(-c2cccn(Cc3ccc(Cl)cc3)c2=O)n[nH]c1=S,0
O=C(CN1CCOCC1)n1c2ccccc2c2ccccc21,0
Cc1cc(C)cc(C(=O)N2CCC(C(N)=O)CC2)c1,0
COC(=O)Nc1nnc(Cc2ccccc2)s1,0
CC(C)(CO)N/C=C1\C(=O)Nc2ccccc21,0
COC(=O)Oc1ccc(/C=N/NC(=O)CN(c2ccccc2Cl)S(C)(=O)=O)cc1OC,0
Cc1cc(NS(=O)(=O)c2ccccc2)no1,0
Cc1cc(C(=O)OCC(=O)N2C(C)CCCC2C)c(C)o1,0
Cc1cc(N2CCOCC2)c2c(N)c(C)cc(C)c2n1,0
O=C(CCC(=O)OCC(=O)c1ccccc1)NC1CCCCC1,0
Cc1cc(C)c(/C=N/NC(N)=O)c(C)c1/C=N/NC(N)=O,0
O=C(Nc1ccc(-c2nnco2)cc1)c1ccccc1,0
CCOC(=O)c1sc(NC(=O)c2ccncc2)nc1C,0
Cc1c(C(=O)Nc2c(C)n(C)n(-c3ccccc3)c2=O)oc2ccccc12,0
COc1ccc(NC(=O)NC2(C(=O)N3CCCCCC3)CCCCC2)cc1,0
COC(=O)C1C(=O)c2c(n[nH]c2C)CC1(C)C,0
O=C(NCCN1CCOCC1)c1cc(-c2ccc(F)cc2)on1,0
CCCC(=O)Nc1nnc(CC(=O)OCC)s1,0
N#Cc1ccc(N2CCNCC2)c(F)c1,0
COc1cc(CN2CCN(c3cc(C)ccc3C)CC2)cc([N+](=O)[O-])c1O,0
O=C(Nc1ccc(N2CCN(C(=O)c3cccs3)CC2)c(Cl)c1)c1ccco1,0
CCCN1CCC(=NNC(=O)c2ccc(Br)o2)CC1,0
Cc1ccc(CCNC(=O)C2CCC(=O)N2C2CCCC2)cc1,0
CCCc1ccc(C(C)NC(=O)c2cnccn2)cc1,0
COc1ccc2nc(NCCCO)[nH]c2c1,0
N#Cc1ccc2ccn(CC(=O)N3CCCc4ccccc43)c2c1,0
COc1ccc(/C=N/NC(=O)c2ccc(Cn3cc([N+](=O)[O-])cn3)o2)c(OC)c1C,0
Cc1ccc(-n2nnnc2SCC(=O)Nc2sc(C)c(C)c2C#N)cc1C,0
CCCOc1ccc(CSc2nc3ccccc3[nH]2)cc1,0
Cc1ccc(C(=O)N/C(=C/C=C/c2ccccc2)C(=O)NCc2ccco2)cc1,0
CCOc1ccc(Cc2nn[nH]n2)cc1,0
CCOC(=O)c1cc2sccc2n1CC(=O)N1CCc2ccccc21,0
COc1cc(OC)c(OC)cc1CN(C)C(c1ccccc1)c1nnnn1-c1ccccc1C,0
Nc1c(C(=O)NCc2ccco2)c2nc3ccccc3nc2n1CCc1ccc(F)cc1,0
Cc1ccc(NC(=O)C2CCN(S(=O)(=O)c3cccc4nonc34)CC2)nc1,0
C=CCn1c(C)c(C(C)=O)c(N2CCCC2)nc1=S,0
CN(C)/C=C1/Nc2ccccc2C1=O,0
CCOc1ccccc1NC(=O)NC1(C(=O)N2CCOCC2)CCCCC1,0
CC(C)(C)C(=O)Nc1ccc(C(=O)OC2CCCCC2)cc1,0
Cc1ccccc1CCN(Cc1cc2ccc(C)c(C)c2[nH]c1=O)C(=O)c1cnccn1,0
COc1ccc(C2=C(Sc3ccc(Br)cc3)c3ccc(OC)cc3S2=O)cc1,0
Cc1cccc(C(=O)Nc2cccc(C(=O)N3CCOCC3)c2)c1,0
CCOc1cc(NS(=O)(=O)c2ccc(Cl)cc2)c(OCC)cc1NC(=O)CC(C)C,0
COC(=O)c1ccc2c(=O)n(Cc3ccco3)c(SCC(=O)Nc3ccccc3Cl)nc2c1,0
Cc1ccc2c(c1)[nH]c1c(=O)n(Cc3ccccn3)cnc12,0
Cn1c(SCCOc2ccc(Cl)cc2)nnc1-c1ccncc1,0
COC(=O)c1cc(Br)c(=O)n(Cc2ccco2)c1,0
O=C(COc1ccc(S(=O)(=O)NC2CCCCC2)cc1Cl)NCc1cccnc1,0
CCOC(=O)CN1C(=O)C(C)(C)Oc2ccc(C(=O)Nc3ccccc3)cc21,0
Cc1ccc2c(c1)[nH]c1c(=O)n(CCC3=CCCCC3)cnc12,0
Cc1cc(C)c(C)c(OCC(=O)NCc2nc(-c3ccccc3)no2)c1,0
CCC(c1nnnn1Cc1ccco1)N(Cc1ccccc1OC)Cc1cc2cc(C)ccc2[nH]c1=O,0
O=C(O)CSCC(=O)Nc1cccc2ccccc12,0
COc1cc2[nH]c(=O)n(Cc3ccc(C(=O)NC4CCCC4)cc3)c(=O)c2cc1OC,0
CCCCCn1/c(=N/C(=O)c2ccco2)c(C(=O)OCC)cc2c(=O)n3ccccc3nc21,0
Cc1ccc(Cl)cc1N(Cc1ccc(C(=O)NCc2cccnc2)cc1)S(=O)(=O)c1ccccc1,0
COc1ccc(C2C(CC(=O)O)=C(O)C(=O)N2c2ccccc2)cc1,0
Cc1ccc(C)n1-c1cc(S(=O)(=O)N2CCOCC2)ccc1N1CCCC1,0
COc1cc2c(cc1NC(=O)CSc1ccccn1)oc1ccccc12,0
CCCCc1c(C)c(C#N)c2nc3ccccc3n2c1Nc1c(C)n(C)n(-c2ccccc2)c1=O,0
Cc1ccc(NC(=O)N2CCN(Cc3ccc4c(c3)OCO4)CC2)cc1,0
O=C1c2ccccc2S(=O)(=O)N1CCOc1ccccc1,0
CCCn1c2ccccc2c2cc(C(=O)O)ccc21,0
O=C(Nc1ccc(-n2cnnn2)cc1)C1CCCCC1,0
CCc1ccc(N2C(=O)c3ccc4c5c(ccc(c35)C2=O)CC4)cc1,0
CCOc1ccccc1C1NC(=O)NC(C)=C1C(=O)OC1CCCCC1,0
Cc1ccc2nc(SC(C)C(=O)N3CCCC3)[nH]c2c1,0
CCn1nc(C)c(NC(=O)/C=C/c2ccc(OC)c(COc3ccc(Cl)cc3Br)c2)c1C,0
COc1cccc(OC)c1-c1nnc(-c2cn(C)c3ccccc23)o1,0
CS(=O)(=O)N(Cc1ccccc1)c1ccccc1C(=O)O,0
CC(=O)c1ccc(NC(=O)c2cn(-c3ccccc3)nc2-c2ccncc2)cc1,0
Cc1cc(OCC(=O)Nn2cnnc2)c(C)cc1Br,0
Cc1nc2ccccc2n1CC(=O)N/N=C/c1ccccn1,0
CCCCc1ccc(-c2ccc(Br)cc2)nc1,0
Cc1ccccc1NC(=O)Cn1c(C)nc2ccc(NC(=O)C3CC3)cc2c1=O,0
CCC(COC(=O)Nc1cccc(C)c1)NC(=O)OCC(C)C,0
Cc1ccc(N2CC(C(=O)N/N=C/c3cccc([N+](=O)[O-])c3)CC2=O)cc1,0
O=C(Nc1ccc(F)cc1)c1cccnc1N1CCCCC1,0
CCn1nc(C)c(NC(=O)CCCSc2nc(-c3ccco3)cc(C(F)(F)F)n2)c1C,0
CCOC(=O)c1nnn(CC(=O)Nc2ccc(C)c(F)c2)c1C(=O)OCC,0
COc1ccc(OC)c2[nH]c(C(=O)O)cc12,0
Cc1cc(C(F)(F)F)nc(SCC(=O)Nc2ccccc2)n1,0
O=C(Oc1cccc(C(=O)N2CCOCC2)c1)c1ccc(Br)cc1,0
C=CCN(C#N)c1nc(OC)nc(N2CCCC2)n1,0
CC(C)(C)n1nnnc1CN(Cc1ccc(F)cc1)Cc1ccco1,0
CCOc1cc(NC(=O)c2cnccn2)c(OCC)cc1NC(=O)c1ccc(C)cc1,0
CC(=O)NC1(c2cccc(F)c2)CCN(C(=O)Nc2ccc(C#N)cc2)CC1,0
Cc1nc2sc3c(c2c(=O)n1/N=C/c1ccco1)CCCC3,0
CCNC(=O)CC1C(=O)N(c2ccccc2)C(=O)N1CCC(C)C,0
Cc1cc(C(=O)NCC(c2ccco2)N(C)C)no1,0
CCCC(=O)Nc1ccc(Oc2ccc(NC(=O)CCC)cc2)cc1,0
CCN(CC)CCNC(=O)CCc1nn(C)c(=O)c2ccccc12,0
O=C(NCC1CCCO1)c1ccc(C(=O)NCC2CCCO2)cc1,0
Cc1nc(-c2coc3cc(OCC(=O)O)ccc3c2=O)cs1,0
COc1cc(NS(=O)(=O)c2ccc(NS(=O)(=O)c3ccccc3)cc2)nc(OC)n1,0
COc1ccccc1-c1noc(-c2ccccc2C(=O)N2CCOCC2)n1,0
CC(C)(C)Cc1nnc(NS(=O)(=O)c2ccc(F)cc2)s1,0
CCC(C)NC(=O)C1c2cc(OC)c(OC)cc2C(=O)N(C)C1c1cccs1,0
CCn1c(C)c(C(C)=O)c(N2CCN(c3cccc(Cl)c3)CC2)nc1=S,0
CCn1c(SCC(=O)O)nnc1-c1ccccc1,0
O=C(Nc1ccc2c(c1)C(=O)N(CC1CCCO1)C2=O)c1ccccc1Br,0
N#CC(C#N)=c1ccc2c(c1)NC1(CCCCC1)N=2,0
COC(=O)C1=C(C)N2NN=NC2=NC1c1ccc(Cl)cc1,0
O=C(Nc1cccc2ccccc12)c1ccc(Br)o1,0
O=c1[nH]c2c(n(C3CCCCC3)c1=O)CCC2,0
O=C(C1COc2ccccc2O1)N1CCCC1,0
CC(C)COC(=O)c1cc(-c2ccc(/C=N/n3cnnc3)o2)ccc1Cl,0
CCOC(=O)c1ccccc1NC(=O)c1ccc(NS(C)(=O)=O)cc1,0
Cc1ccc(OCC(=O)NC(=S)Nc2ccc(Br)c(C)n2)cc1,0
Cc1ccc(-c2cc(C(=O)N3CCN(c4ncccn4)CC3)c3ccccc3n2)cc1,0
CCn1cc(Br)c(C(=O)NCc2ccco2)n1,0
CC(C)c1ccccc1NC(=O)c1cccc(NC(=O)c2ccccc2)c1,0
O=C(COc1ccc(Cl)cc1)Nc1cnn(Cc2c(Cl)cccc2Cl)c1,0
O=C(CCC(=O)N(CC(=O)NC1CCCC1)Cc1ccc2c(c1)OCO2)Nc1ccccn1,0
O=S(=O)(NCc1cccnc1)c1cccc2cccnc12,0
CCOC(=O)Cc1csc(NC(=O)CSc2nnc(Cc3csc(N)n3)n2C)n1,0
COc1cccc(C(=O)Nc2ccc(NC(=O)c3ccco3)nc2)c1,0
COc1cc(OC)cc(C(=O)NCCNC(=O)c2ccccc2)c1,0
CSc1ncccc1C(=O)OCC(=O)NC(N)=O,0
Cc1ccc(-n2c(=O)cc(NCc3cccnc3)[nH]c2=O)cc1,0
CCOc1ccc(S(=O)(=O)Nc2ccc3c(c2)OCO3)c2cccnc12,0
O=S(=O)(/C=C/c1ccccc1)n1cnc2ccccc21,0
O=C(Nc1ccc(Cl)cc1)OCc1ccccn1,0
CCc1cc2ccc(C)cc2nc1SCC(=O)c1ccc(NC(C)=O)cc1,0
N#CCO/N=C(/c1ccccc1)c1ccncc1,0
COc1ccc(Oc2ccccc2C=O)cc1,0
COC(=O)CC1=Nc2ccccc2NC(=O)C1,0
O=C(O)c1cccc(CN2C(=O)CSC2=O)c1,0
Cc1ccc(C(C(=O)NC2CCCC2)N(Cc2ccco2)C(=O)CCC(=O)Nc2cc(C)on2)cc1,0
COCCCN1C(=O)C(=O)/C(=C(/O)c2ccccc2)C1c1ccc2c(c1)OCO2,0
CCN(CC)c1ccc(C2C(C(=O)Nc3ccccn3)=C(C)NC3=C2C(=O)CC(C)(C)C3)cc1,0
COc1cc(C)c(C(C)C)cc1S(=O)(=O)n1ccnc1,0
CS(=O)(=O)N1CCN(c2ccccc2NC(=O)c2ccc(Cl)cc2)CC1,0
CCN(CC)S(=O)(=O)c1cccc(C(=O)NCCc2ccccc2)c1,0
CCCn1c(N2CCN(C)CC2)nc2c1c(=O)[nH]c(=O)n2C,0
O=C(Nc1ccc2c(c1)Cc1ccccc1-2)c1ccc(Br)o1,0
Cn1ccnc1SCC(=O)c1cc2ccccc2o1,0
CCOC(=O)c1c(-c2ccsc2)csc1N,0
C=CCN1C(=O)NC(=O)/C(=C/c2cccn2C)C1=O,0
Cc1nn(CC#N)c(=O)n1-c1ccccc1,0
CCCCCC(=O)N/N=C(\C)c1ccc(NC(=O)c2ccco2)cc1,0
CCC(c1nnnn1C1CCCC1)N1CCN(c2ccccc2)CC1,0
c1cncc(-c2nnc3sc(-c4ccco4)nn23)c1,0
CCc1cc[n+](-c2nc3ccccc3nc2C(=C=[N-])C#N)cc1,0
Cn1nc(-c2ccc(N3CCOCC3)c(NC(=O)COc3ccccc3)c2)c2ccccc2c1=O,0
COn1c(-c2ccccc2)nc2c1CCc1nonc1-2,0
Cn1c(=O)c2c(nc(SCc3ccccc3)n2Cc2ccc(Cl)cc2)n(C)c1=O,0
O=C(Nn1cnnc1)c1ccc(F)c(S(=O)(=O)N2CCCCC2)c1,0
O=C1C=CC(=C2C=CC=C(c3ccc(O)cc3)N2)C=C1,0
O=C(NCC1CCCO1)c1cc(-c2ccccc2)on1,0
O=C1CCCc2oc3ccc(O)cc3c21,0
CCCSc1nnc(CN2CCOCC2)n1C,0
O=C(O)CCNC(=O)c1cncc(Br)c1,0
CCCC(=O)Nc1c2c(nc3c1CCC3)CCCC2,0
Cc1cc(Cl)c(S(=O)(=O)N2CCN(c3ccccc3)CC2)cc1OCC(N)=O,0
COC(=O)c1nnn(Cc2ccccc2)c1N,0
COCC(=O)Nc1nc(-c2ccc(C)cc2)c(C)s1,0
CCOC(=O)c1c(C)c(C(=O)NCc2cccs2)c(C)n1CC,0
CCOC(=O)c1cnn(-c2ccccc2)c1-n1cccc1C(=O)C(=O)Nc1ccccc1,0
O=C(NC1CCCCCC1)C1CC(=O)N(Cc2ccccc2)C1,0
Cc1ccsc1C1Nc2ccc3ncccc3c2C2=C1C(=O)CCC2,1
COc1cccc(CNC(=O)c2cc3oc4ccccc4c3n2C)c1OC,0
O=C(Nc1cccc2ccccc12)c1ccc(Cn2cc(Cl)cn2)cc1,0
Cc1ccc(-c2cc(C(=O)Nc3cnn(C45CC6CC(CC(C6)C4)C5)c3)no2)cc1,0
O=C(Nc1ccccc1Oc1ccccc1)c1cccc([N+](=O)[O-])c1,0
Cc1cccnc1NC(=O)COc1ccc2oc3c(c2c1)CCCC3,0
CC1(C)CC(CC(=O)O)C(=O)O1,0
O=C1CCN(C(=O)Nc2ccccc2)N1,0
COCCN(C(=O)C(C)C)c1nnc(-c2ccc(C)cc2)s1,0
N#Cc1c(N)c(C(=O)c2ccc(Cl)cc2)n2c1CCC2,0
Cc1ccc(CN2C(=O)CCC2C(=O)NCc2ccc(F)cc2)cc1,0
COCCn1c(=O)[nH]c2cc(C(=O)NC(C)C)ccc2c1=O,0
CCCNc1nc(NCC)nc(OC)n1,0
O=C(COc1ccc(S(=O)(=O)NC2CCCCC2)cc1Cl)N1CCN(c2ccccc2)CC1,0
Cc1ccc2c(CSc3nc4nc(C)cc(C)n4n3)cc(=O)oc2c1,0
COc1cc(Cl)c(C)cc1NC(=O)COc1ccccc1[N+](=O)[O-],0
Cc1noc(NS(=O)(=O)c2ccc(NC(=O)CSc3nnc(-c4ccccc4)n3C3CCCCC3)cc2)c1C,0
COc1ccc(C(=O)CSc2nnc(CNc3nc(-c4ccccc4)cs3)n2C)cc1,0
Cc1c(NC(=O)CN2C(=O)c3ccccc3C2=O)c(=O)n(-c2ccccc2)n1C,0
Cc1cccc(OCCNC(=O)c2ncn[nH]2)c1,0
O=C(Nc1cccc2c1CCCC2)c1ccncc1,0
COc1ccc(/C=N/Nc2nc3ccccc3o2)cc1OC,0
Nc1cc(C(=O)c2ccccc2)ccc1N1CCOCC1,0
CNc1nc(C)c(C#N)cc1C(C)=O,0
Cc1ccc(Oc2ncc(CN3CC(C)OC(C)C3)s2)cc1,0
COc1ccc(C(=O)NCc2nc3ccccc3[nH]2)cc1OC,0
CCOC(=O)c1ccc(Nc2nnc3nc(C)cc(C)n23)cc1,0
NC(=O)c1ccsc1NC(=O)COC(=O)c1ccccc1NCc1ccco1,0
COc1ccc2nc(SCC(=O)O)nc(C)c2c1,0
O=C1NC2(Nc3ccccc31)C(=O)Nc1ccccc12,0
CC(=O)Nc1ccc(OC(=O)c2ccco2)cc1,0
CCCC(=O)Nc1sc(C)c(C)c1C(=O)Nc1cccc(C)c1,0
Cc1sc2ncn(C(C)C(=O)OC3CCCCC3)c(=O)c2c1C,0
CC(CCc1ccccc1)NC(=O)CN1CCN(Cc2ccccc2)C1=O,0
Cc1cc(NC(=O)c2ccc(S(=O)(=O)N(C)C)cc2)no1,0
Cc1noc(C)c1COC(=O)CCc1nc2ccccc2s1,0
CC1(C)Cc2c(sc(NC(=O)c3ccco3)c2C#N)CO1,0
CCc1ccc(NC(=O)c2cccnc2)cc1,0
O=C(Cc1ccccc1)Nc1cccc(-c2nnc(-c3ccco3)o2)c1,0
COc1ccc(/C=C(/C#N)C(=O)NC2CCCCC2)cc1Br,0
CCN1CCN(C2=C(Cl)C(=O)N(Cc3ccccc3)C2=O)CC1,0
CCOC(=O)CCc1c(C)nc(SCC(=O)O)c(C#N)c1C,0
COCCNC(=O)C(OC(=O)c1cccs1)c1ccccc1,0
Cc1ccc2c(c1)N(CC(=O)N(Cc1ccccn1)Cc1ccco1)C(=O)C(C(C)C)O2,0
COc1ccccc1-c1cc(C(F)(F)F)nc(N2CCCC2)n1,0
O=C(COc1cccc2ccccc12)Nc1nc2ccccc2[nH]1,0
CC(C)(C)C(=O)NNC(=O)CCCOc1ccc(Cl)cc1Cl,0
CCCCNC(=O)n1c(SC)nc2ccccc21,0
CC1(C)c2ccccc2N2CC(=O)N(CC(N)=O)C21C,0
COc1cccc(-c2[nH]c(-c3ccccc3)nc(=O)c2C#N)c1,0
COC(=O)c1cc(S(=O)(=O)N2CCC(C)CC2)ccc1F,0
COc1ccc(CCNC(=O)c2c(C)noc2C)cc1,0
O=c1c2c(nc3c(-c4ccccc4)c[nH]n13)CCC2,0
COCCCn1c(=N)c(C(=O)NC2CCCCC2)cc2c(=O)n3ccccc3nc21,0
Cc1cc(C)cc(NC(=S)N2CCC(c3nc4ccccc4s3)CC2)c1,0
CCc1ccc(NS(=O)(=O)c2cc(OC)ccc2OC)cc1,0
COc1cc(NC(=O)c2cc3ccccc3o2)c(OC)cc1Br,0
COc1ccc(-c2cc(CCCC(=O)N3CCN(C(=O)c4ccco4)CC3)no2)cc1,0
Cc1ccc(NC(=O)NCc2ccc3c(c2)OCO3)cc1,0
O=C1CCC(C(=O)N(Cc2ccco2)C2(C(=O)NC3CCCC3)CCCCC2)N1,0
C=CCN(C(=O)CNC(=O)c1ccco1)C(C(=O)NC1CCCCC1)c1ccc(OC)cc1,0
Cc1nc(SCC(=O)NCc2ccco2)c2c(C)c(C)sc2n1,0
Cc1ccc2[nH]c(-c3ccccc3)c(CN3CCN(C)CC3)c(=O)c2c1,0
Cn1cccc1/C=N/NC(=O)c1cccnc1,0
CSc1nsc(SCC(=O)Nc2c(C)n(C)n(-c3ccccc3)c2=O)n1,0
COc1ccc(C2C(C#N)=C(C)NC3=C2S(=O)(=O)c2ccccc23)cc1,0
O=C1NC(Cc2c[nH]c3ccccc23)C(=O)N1c1ccc(F)cc1,0
Cc1cc(C)nc(SCC(=O)c2ccc3c(c2)OCCO3)n1,0
CCn1c(-c2ccoc2C)n[nH]c1=S,0
Cc1ccc(C(=O)C(C)OC(=O)c2cc3cc([N+](=O)[O-])ccc3oc2=O)cc1,0
CC1CN(CC(O)COc2ccc(C(=O)c3ccccc3)cc2)CC(C)O1,0
Cc1ccc2nc(N3CCN(C)CC3)c(C#N)cc2c1,0
O=C(Cn1nnc2ccccc21)NCc1ccccc1,0
O=C(Nc1ccc(F)cc1)c1cnc(-c2ccccc2)nc1-c1ccccc1,0
O=C1C2C3C=CC(C3)C2C(=O)N1CNc1ccccn1,0
CCC(Sc1nnnn1C)C(=O)Nc1ccc(C(C)=O)cc1,0
CN1CCN(c2ccc([N+](=O)[O-])cc2NC(=O)c2ccccc2Cl)CC1,0
CCOCCCNC(=O)C(NC(=O)c1ccccn1)c1ccc(C)cc1,0
O=C(CCC1CCCCC1)Nc1ncn[nH]1,0
C/C(=C(\C#N)C(=O)NCCCN1CCOCC1)N(C)C,0
COCCn1nnnc1CN1CCC(NC(=O)c2ccc(Br)cc2)CC1,0
Cn1c(=O)oc2cc(S(=O)(=O)N3CCC(C(=O)N4CCc5ccccc5C4)CC3)ccc21,0
O=C(COC(=O)c1cc(S(=O)(=O)N2CCc3ccccc3C2)ccc1Cl)NCc1ccco1,0
CNCc1ccccc1OCC(=O)Nc1ccccc1,0
C=CCOc1ccc2ccccc2c1CNc1ncn[nH]1,0
O=C(O)c1cccc(CSc2ncccn2)c1,0
CCn1c(SCC(=O)n2nc(C)cc2C)nnc1-c1ccc2c(c1)OCO2,0
COc1ccc(/C=N/N2CCN(C)CC2)cc1O,0
NC(=O)CC(c1ccccc1)c1ccco1,0
CCCNS(=O)(=O)c1ccc(NC(=O)c2ccccn2)cc1,0
COc1cccc(C2NC(CCSC)(C(=O)O)C3C(=O)N(C(C)C)C(=O)C23)c1O,0
Cc1cc(NC(=O)CS(=O)(=O)c2cn(Cc3ccccc3Cl)c3ccccc23)no1,0
COC(=O)c1ccccc1NC(=O)c1ccc(COc2ccccc2)o1,0
CCOC(=O)c1cnc2sccn2c1=O,0
CCn1c(C)cc(/C=C2\NC(=O)N(CC(=O)Nc3cccc(C)c3)C2=O)c1C,0
Cc1cc(C)n(CCn2nc(C)cc2C)n1,0
CCn1c(COc2ccc(C)cc2)nnc1SCc1ccc(C#N)cc1,0
O=C(CSc1nc2ncccc2[nH]1)Nc1ccc2c(c1)OCCO2,0
O=C(NC1CC2CCCC(C1)N2C(=O)NC1CCCCC1)c1ccc(F)cc1,0
O=C(O)c1ccccc1NS(=O)(=O)c1cccc2cccnc12,0
O=C(c1ccc2ncsc2c1)N1CCN(c2ccc(O)cc2)CC1,0
CC12CCC(=O)N1c1c(sc3nc(N4CCOCC4)c4c(c13)CCCC4)C(=O)N2,0
Cn1c(=O)c2c(nc(NCc3ccccc3)n2C)n(C)c1=O,0
O=C(O)CCCCCNC(=O)c1ccc(Br)cc1,0
COc1ccnc(NCc2cccnc2)c1C#N,0
CC(=O)c1ccc(Cc2cnc(N)s2)cc1,0
COc1ccc(C(=O)Nc2cccc(C(=O)N3CCN(C)CC3)c2)cc1,0
CCCC(=O)NNC(=O)Nc1ccccc1,0
CCOC(=O)CSc1nc2ccc(NC(=O)CSc3nnnn3Cc3ccccc3)cc2s1,0
Cc1ccc(-c2nc3cc(NC(=O)C(C)C)ccc3o2)cc1,0
O=c1nc(N/N=C/c2ccccc2)[nH]c2ccccc12,0
COCC(=O)N(Cc1cc2cc(OC)ccc2[nH]c1=O)c1ccc(C)cc1,0
O=C(CSCc1ccccc1Cl)N1CCN(c2ccccn2)CC1,0
COc1ccc(CN/C=C2/C(=O)CNC2=O)cc1,0
COc1cc(C)c(Cl)cc1S(=O)(=O)NCC1CCCO1,0
Cc1c(C2CC(=O)N(c3ccccc3)C2=O)[nH]n(-c2ccccc2)c1=O,0
O=C(CSc1nccn1-c1ccccc1)Nc1ccc2c(c1)OCO2,0
CC(=O)C(Sc1ccc2nnc(-c3ccncc3)n2n1)C(C)=O,0
CCOC(=O)N1CCN(C(=O)CCN2C(=O)COc3ccc(C)cc32)CC1,0
COc1ccc(-c2noc(-c3ccccc3F)n2)cc1,0
NC(=O)Cn1nnc(-c2ccccc2NC(=O)c2cnccn2)n1,0
CCOC(=O)Cn1c(=O)oc2cc(S(=O)(=O)NC3CCCc4ccccc43)ccc21,0
CSc1nc(N2CCOCC2)c2c(c1C#N)CCCC2,0
CCOC(=O)c1[nH]c2cc3c(cc2c1NC(=O)CN1CCc2ccccc2C1)OCO3,0
N#Cc1c(NC(=O)CSc2nnnn2C2CCCCC2)sc2c1CCCC2,0
O=C(c1ccc(Br)cc1)c1cc([N+](=O)[O-])ccc1N1CCCCC1,0
O=S1(=O)C=C(SCc2ccccc2)Nc2ccccc21,0
COc1cc(OC)cc(C(=O)Nc2ccc(S(=O)(=O)N(C)C)cc2)c1,0
CC(=O)/C(C#N)=C1\NC(=O)C(Cc2ccc(C)c(C)c2)S1,0
O=C(Nc1ccc(-c2nc3ncccc3o2)cc1)c1ccco1,0
C=CCn1c(CCC(=O)Nc2ccc(C)c(Cl)c2)nnc1SCC(=O)Nc1ccccc1C,0
O=C(/C=C/c1ccccc1)Nc1ncn[nH]1,0
Cc1cccc(C(=O)N/N=C/c2ccc(OCC(=O)N3CCCCC3)cc2)c1,0
COc1ccc(-c2c(C#N)c(C)nc3c2C(=O)c2ccccc2-3)cc1,0
O=C(NCc1ccccn1)c1cn(Cc2ccccc2)nn1,0
Cc1cc(C)n(Cc2ccc(C(=O)NCc3ccco3)o2)n1,0
CNC(=O)COC(=O)c1cc(F)c(F)cc1Cl,0
CCCn1c(SCC(=O)Nc2nonc2C)nnc1-c1ccoc1C,0
O=C(CSc1ncn[nH]1)Nc1cccc2ccccc12,0
Cn1nnnc1SCc1ccc(F)cc1,0
CCC(=O)Nc1ccc(NC(=O)c2cccc(OC)c2)nc1,0
Cc1c(Br)cc(C(=O)N2CCCC2)c(C)c1C,0
Cc1ccc(OCCn2c(CCCO)nc3ccccc32)cc1,0
O=c1ccc(-c2ccccc2)n[nH]1,0
C=CCN1C(=O)CN=C1Nc1ccccc1,0
Nc1nnc(-c2cc3ccccc3oc2=O)s1,0
COc1ccc(-c2ncccc2O)cc1,0
CC(=O)Nc1ccc(SCC(=O)N(CCC#N)c2cc(C)cc(C)c2)cc1,0
Cc1[nH]nc(Nc2ccccc2)c1[N+](=O)[O-],0
CC(C)c1nnc(NC(=O)c2ccc(N3C(=O)CCC3=O)cc2)s1,0
COC(=O)CCC(=O)c1oc2ccccc2c1NC(=O)CCCN1C(=O)c2ccccc2C1=O,0
Cc1onc(-c2ccccc2)c1C(=O)Nc1ccncc1,0
Nc1cccc(C(=O)Nc2ccco2)c1,0
Cc1cnc(C(=O)Nc2cccc3ncccc23)cn1,0
CCOC(=O)c1cc(NC(=O)N2CCOCC2)c(C)nc1C,0
CC(=O)Nc1cccc(OCC(=O)Nc2ccccc2)c1,0
O=C1c2ccccc2C2=Nc3ccccc3SC(c3ccccc3F)C12,0
CCc1cccc2c(C(=O)Cn3nnc(-c4ccc(OC)c(OC)c4)n3)c[nH]c12,0
CN(C(=O)c1ccccc1)c1nc2ccccc2s1,0
O=C(CCc1ccccc1)Nc1ccncc1,0
NC(=O)COC(=O)CCCc1c[nH]c2ccccc12,0
COc1ccc(/C=C/C2=N/C(=C\N(C)C)C(=O)O2)cc1,0
Cc1ccc(-n2nc3c(c2NC(=O)c2c(-c4ccccc4Cl)noc2C)CSC3)cc1,0
Cc1ccc(C(=O)O/N=C/c2ccc(N3CCOCC3)c([N+](=O)[O-])c2)cc1,0
O=C(Nc1cccc(C(=O)N2CCCCCC2)c1)c1ccco1,0
CCOC(=O)C(NC(=O)CC)C(O)c1cccc([N+](=O)[O-])c1,0
CNC(=O)CSc1nnnn1-c1ccc2c(c1)OCCO2,0
Cc1cc(C)c(S(=O)(=O)NCc2ccncc2)c(C)c1,0
O=S(=O)(c1ccc2ccccc2c1)N1CCCOC1,0
Cc1cccc(-n2c(CNC(=O)COc3ccccc3)nnc2SCC(=O)Nc2nccs2)c1,0
Nn1c(SCC(=O)NCc2ccccc2)nnc1C1CC1,0
O=c1c2c3c(sc2ncn1-n1cccc1)CCCCC3,0
CCn1c(=O)cc(SCC(=O)N2CCOCC2)c2ccccc21,0
COC(=O)c1[nH]c2ccc(F)cc2c1NS(=O)(=O)c1ccc(OC)cc1OC,0
COc1ccccc1CSc1nc2ccccc2[nH]1,0
CN(C)S(=O)(=O)c1cccc(C(=O)OCC(=O)c2ccc3c(c2)NC(=O)CO3)c1,0
COc1ccc(-n2cnnc2SCC(=O)c2cc(C)n(Cc3cccs3)c2C)cc1,0
COc1cc(C(=O)Nc2cccc(-c3nc4cc(C)ccc4o3)c2C)cc(OC)c1OC,0
CC(=O)c1ccc(OCC(O)CN2CCN(CC(O)COc3ccc(C(C)=O)cc3)CC2)cc1,0
c1ccc(-c2nc3nonc3nc2-c2ccccc2)cc1,0
COc1ccc(N2CCN(C(=O)c3ccc(C(C)(C)C)cc3)CC2)cc1,0
Cc1cccc(NC2=NC(=O)/C(=C3/C(=O)N(C)c4ccccc43)S2)c1C,0
O=C(CN1C(=O)C2C3C=CC(C3)C2C1=O)NC1CCCc2ccccc21,0
Cc1cc(/C=C(\C#N)C(=O)NCc2ccco2)c(C)[nH]1,0
Cc1cccc(-c2nc(CS(=O)CC(=O)NCc3cccs3)c(C)o2)c1,0
COCC(=O)N(c1ccc(C(C)C)cc1)C1C=CS(=O)(=O)C1,0
C=CCNC(=O)c1ccc(C)c(Br)c1,0
CCCCCCOc1ccc(N2C(=O)CC(N3CCN(C(=O)c4ccco4)CC3)C2=O)cc1,0
CCN(CC)S(=O)(=O)c1cccc(-c2cn3cc(C)ccc3n2)c1,0
Cc1ccc(-c2nnc(CSc3nnc(C)s3)o2)cc1,0
O=[N+]([O-])c1nn(-c2ccc3c(c2)OCCO3)n(O)/c1=N\C1CCCCCC1,0
O=C(Cn1nc(C(F)F)cc1C(F)F)NNC(=S)Nc1ccc(F)cc1,0
O=C(Nc1nnc(-c2ccc(Cl)cc2)o1)c1nc2ccccc2s1,0
Cc1ccc(C(C(=O)NC2CCCCC2)N(CCC(C)C)C(=O)CNC(=O)c2ccco2)o1,0
Cc1nc(C)c(C(=O)C2=C(O)C(=O)N(CCN(C)C)C2c2ccccc2)s1,0
COc1ccccc1N(CC(=O)NC1CCCC1)C(=O)CCC(=O)Nc1cc(C)on1,0
O=C1Nc2ccccc2C1(O)Cc1ccncc1,0
COCCn1c(-c2ccccc2)cnc1N,0
CCOC(=O)Nc1nnc(-c2cccc(OC)c2)s1,0
COc1cc2nc(C3CCC3)n(NC(=O)C3CCC(OC)CC3)c(=O)c2cc1OC,0
CC(=O)Nc1nc(=S)n(-c2ccccc2)[nH]1,0
O=C(CN1CCN(Cc2ccc3c(c2)OCO3)CC1)N1CCc2[nH]c3ccccc3c2C1,0
CC(C)Cc1nc2n[nH]c(N)c2c2c1COC(C)(C)C2,0
N#Cc1nc(-c2ccc(OCc3ccccc3)cc2)oc1N1CCOCC1,0
CCC(=O)Nc1nnc(SCCOC)s1,0
CC(C)NS(=O)(=O)c1ccc(NC(=O)C2CCCCC2)cc1,0
COc1ccc(-n2nc(C(=O)N3CCC(C#N)CC3)c3c4ccccc4n(C)c3c2=O)cc1,0
Cc1cc(C)cc(NC(=O)CN(C)S(=O)(=O)c2cnc[nH]2)c1,0
Nc1ccc(N2CCN(C(=O)c3ccco3)CC2)cc1,0
c1ccc2c(c1)[nH]c1c(N3CCCCC3)ncnc12,0
Cn1cccc1Cc1nnc(SCC(=O)N2CCN(c3ccccc3)CC2)n1-c1ccc(F)cc1,0
Nn1c(SC/C=C/c2ccccc2)nnc1-c1ccccn1,0
COc1ccc(-n2c(SCC(=O)Nc3nccs3)nc3sc4c(c3c2=O)CCN(C)C4)cc1,0
O=C(COc1ccc(S(=O)(=O)NC2CCCCC2)cc1Cl)Nc1ccc2c(c1)OCO2,0
COc1ccc(CN(Cc2nc(=O)c3ccccc3[nH]2)C(=O)NC2CCCCC2)cc1,0
CSc1nc2ccc(Nc3nc(N4CCOCC4)nc(N4CCOCC4)n3)cc2s1,0
COc1ccc(-c2nnc3ccc(SCC(N)=O)nn23)cc1OC,0
O=C(CN1CCC(NC(=O)c2ccco2)CC1)Nc1cccc2ccccc12,0
COc1ccccc1-n1c(C)nnc1SCC(N)=O,0
COC(=O)c1cccc(-n2nnnc2SCC(=O)Nc2nc3c(s2)CCCC3)c1,0
CCC1CCCCN1CCCNC(=O)Cn1nc(-c2ccccc2)ccc1=O,0
COc1ccc(N(CC(=O)Nc2ccc3c(c2)OCO3)S(=O)(=O)c2c(C)nn(C)c2C)cc1,0
COc1ccccc1-c1c(C)nn2c(N3CCC4(CC3)OCCO4)cc(C)nc12,0
COCCNC(=O)CN(Cc1ccc2c(c1)OCO2)C(=O)CCC(=O)Nc1nccs1,0
CCC1(C)Cc2c(sc3nnn(CC(=O)Nc4cccc5ccccc45)c(=O)c23)CO1,0
O=C(/N=C1\SCC(=O)N1c1ccccc1)c1ccco1,0
CCN(CC(=O)NCc1ccccn1)S(=O)(=O)c1ccc(Cl)cc1,0
O=c1c2ccc3c(=O)n(Cc4cccnc4)c(=O)c4ccc(c(=O)n1Cc1cccnc1)c2c34,0
CCOC(=O)C1=C(Nc2ccc(OC)cc2)S/C(=C\c2cc(OC)c(OC)c(OC)c2)C1=O,0
CCCCn1nnnc1NCc1ccc(N(CC)CC)cc1,0
CCOC(=O)c1cccc(NC(=O)Cn2c(CC(=O)N3CCCC3)nc3ccccc32)c1,0
COc1cccc(CC(C(=O)Nc2cc(C)ccc2C)c2nn[nH]n2)c1OC,0
COc1ccc(CC(=O)Nc2ccc(C(=O)NCC(C)C)cc2)cc1,0
Cc1cc(C)c(S(C)(=O)=O)c(Oc2ccc(F)cc2)n1,0
CCCc1cc(=O)nc(SCC(=O)NC(=O)c2ccccc2)[nH]1,0
C=CCN1C(=O)C(O)(CC(=O)c2c(C)n[nH]c2C)c2cc(Br)ccc21,0
Cc1cc2oc(=O)cc(CN3CCN(Cc4ccc5c(c4)OCO5)CC3)c2cc1C,0
CCCOc1ccc(-c2nc(C#N)c(N3CCc4ccccc4C3)o2)cc1,0
C=CCn1c(O)c(C(=O)Nc2ccccc2C(=O)OCC)c(=O)c2ccccc21,0
Cc1ccccc1C(=O)N1CCN(c2ccc(NC(=O)CSc3ccc(Cl)cc3)cc2)CC1,0
c1ccc(-n2ncc3c2ncn2cnnc32)cc1,0
CCC(=O)Nc1ccc(N2CCCCC2)c(C(=O)Nc2ccccc2C)c1,0
CCn1cc([N+](=O)[O-])c(C(=O)Nc2ccc(Br)cn2)n1,0
COc1ccc(Nc2nc(=O)[nH]nc2C)cc1,0
COCCNC(=O)C(C#N)c1nc2ccccc2nc1N1CCCCCC1,0
N#Cc1nc(-c2ccc(Cl)cc2)oc1NCc1cccc2c1OCO2,0
O=C(CCNC(=O)c1ccc(Br)o1)NCc1ccccn1,0
CC(=O)Nc1cccc(C(=O)Nc2ccccc2N2CCOCC2)c1,0
O=C(COC(=O)c1n[nH]c2ccccc12)NCc1ccccc1,0
Cc1c(C(=O)N(C)C)sc2nc(-c3ccccn3)[nH]c(=O)c12,0
CCOC(=O)c1c(C)nc(-c2ccccc2)nc1N,0
C=CCn1cnc2scc(-c3ccc(C)cc3)c2c1=O,0
CCCCNS(=O)(=O)c1ccc(NC(=O)c2c(-c3ccccc3Cl)noc2C)cc1,0
C=CCn1c(NC(=O)CC)c(C(=O)OCC)sc1=S,0
O=C(O)c1sccc1SCc1ccc(Cl)c(Cl)c1,0
O=C(CS(=O)(=O)Cc1ccccc1)N1CCc2ccccc2C1,0
O=C(O)c1ccccc1C(=O)Nc1ccccc1,0
C=CCNc1nc(C)nc(OC)n1,0
CCOc1ccc(-c2nnn(CC(=O)Nc3cccc(OC)c3)n2)cc1OCC,0
Cc1sc(-c2ccncc2)nc1OC(=O)c1ccccc1,0
Cc1ccc(C2=NNC(=O)C(c3ccc(Cl)cc3)C2)cc1,0
CC(=O)NS(=O)(=O)c1ccc(NC(=S)NC(=O)c2ccco2)cc1,0
COc1ccccc1/C=N/NC(=O)C(NC(=O)c1ccccc1)=C(C)C,0
O=C(NC(NC1CCS(=O)(=O)C1)C(=O)c1ccccc1)c1ccc(Cl)cc1,0
COC(=O)c1cccc(C(=O)Oc2cccc(Br)c2)n1,0
Cc1ccccc1C1=NC(c2ccc(F)cc2F)ON1,0
CCCCc1nc2ccccc2c(=O)n1-c1ccc(O)cc1,0
O=C(CCN1CCOCC1)Nc1ccc2c(c1)CCC2,0
CCOC(=O)c1[nH]c2ccc(OC)cc2c1NC(=O)c1cccc(OC)c1,0
COc1ccc(-c2cc(C(=O)n3cnc4ccccc43)c3ccccc3n2)cc1,0
COc1nc(OC)nc(N2CCC(C(=O)Nc3cccc4c3CCCC4)CC2)n1,0
CCOc1ccccc1NC(=O)CCC(=O)Nc1ccccc1OCC,0
O=C(Nc1ccc2c(c1)OCCO2)c1ccc(Cl)c(S(=O)(=O)N2CCOCC2)c1,0
O=C(O)C1C2C=CC(O2)C1C(=O)NCCCn1ccnc1,0
CC(C)(C)c1ccc(C(=O)Nc2ccc(NC(=O)c3ccco3)cc2)cc1,0
Cc1ccc(C)c(S(=O)(=O)NCc2cccnc2)c1,0
COc1ccc(OC)c(S(=O)(=O)n2nc(C)cc2C)c1,0
CC(C)c1ccc(NC(=O)c2ccc(Br)o2)cc1,0
O=C(Cn1cnc2c(oc3ccccc32)c1=O)NCc1ccccc1,0
N#Cc1c(NC(=O)CSc2nnc(-c3ccco3)n2-c2ccccc2)sc2c1CCC2,0
CCn1c(SC)nnc1-c1sc2cc(Cl)ccc2c1Cl,0
CC(=O)NC1C(=O)Nc2c(C)cc(C)cc21,0
CCOc1ccccc1C(=O)Nc1cccc(-c2nnc(-c3ccccc3)o2)c1,0
O=C(Nc1ccc(Oc2cccnc2)cc1)c1ccccc1F,0
COc1ccc(C(=O)CN2C(=O)c3ccccc3C2=O)c(OC)c1C,0
CC/C(NCCCN1CCOCC1)=C1/C(=O)NC(=O)N(Cc2ccccc2)C1=O,0
CC1CCC/C(=C\Nc2ccc(O)cc2)C1=O,0
CC(=O)Nc1ccc(S(=O)(=O)N2CCN(c3ccc(C)c(Cl)c3)CC2)cc1,0
CC(C)=CC(=O)Nc1ccccc1C(N)=O,0
COc1ccc2[nH]c(=O)c(CN(C(=O)c3cccnc3)c3ccccc3)cc2c1,0
CCCN(CCC)CCNC(=O)C1CCN(Cc2nc(-c3ccc(Cl)cc3)oc2C)CC1,0
O=S(=O)(O/N=C1\CCCc2ccccc21)c1ccc(Cl)cc1,0
CCNC(=O)NC1(C(=O)Nc2ccc3c(c2)CCC3)CCCCC1,0
CN(C(=O)CCc1nc2ccccc2s1)c1ccccc1,0
Cc1ccc(S(=O)(=O)Nc2ccc3ncccc3c2)cc1,0
CCC(C)(C)NC(=O)C(c1cccn1C)N(C(=O)Cn1nnc2ccccc21)c1ccc(OC)cc1,0
COc1ccc(S(=O)(=O)N2CCC(C(=O)NCCc3ccccc3)CC2)cc1OC,0
Cn1c(=O)c2c(nc(-n3ccnc3)n2C)n(C)c1=O,0
Nc1ncnc2oc(-c3ccco3)c(-c3ccco3)c12,1
CC1N=C2c3ccccc3N=C(SCc3cc(=O)n4cc(Cl)ccc4n3)N2C1=O,0
Cc1ccc(SCC(=O)N2CCc3ccccc32)cc1,0
COC(=O)c1ccc(NC(=O)CNC(=O)C2CCCCC2)c(C)c1,0
N#CCCNC(=O)CCN1CCCCC1,0
COc1cccc(NC(=O)c2ccncc2)c1,0
CC(=O)/C(=N\Nc1ccc(C)cc1)N1CCOCC1,0
Cc1ccccc1OCCNc1cc(N2CCCCC2)ccc1[N+](=O)[O-],0
O=C(Cc1ccccc1)Oc1cccc(N2C(=O)CCC2=O)c1,0
COc1cc(C(=O)NCCN2CCOCC2)cc(OC)c1OC,0
COc1cc(NC(=O)c2ccc(Br)o2)ccc1NC(=O)C(C)C,0
CCOc1ccc(C(=O)Nc2ccc(N3CCN(C)CC3)cc2)cc1Br,0
COc1cc(S(=O)(=O)NCC2OCCc3ccccc32)ccc1-n1cnnn1,0
C/C(=N\NC(=O)c1cccc(Cl)c1)c1cccc(NC(=O)C(C)C)c1,0
CCn1c(SCC(=O)Nc2nc3ccccc3s2)nnc1-c1ccc(OC)cc1,0
CC1CCc2c(nc3nc[nH]n3c2=O)C1,0
O=c1nc(CN2CCN(CCO)CC2)[nH]c2ccccc12,0
CCCN(Cc1ccccc1)C(=O)Nc1ccc2c(c1)nnn2C,0
CC(=O)NNc1nc(-c2ccccc2)c2cc(Br)ccc2n1,0
NC(=O)COc1cccc2cccnc12,0
Brc1ccc(-c2nc(-c3cccnc3)no2)o1,0
Cc1ccc(-n2c(CSc3nc(C)cc(C)n3)nnc2SCC(=O)N2CCCC2)cc1,0
Cc1ccc(N2CC(C(=O)Nc3ccccc3C(=O)NC3CCCCC3)CC2=O)cc1C,0
CN(Cc1ccccc1)S(=O)(=O)c1cccc2cccnc12,0
O=C(NC1CCCCCC1)C1c2ccccc2C(=O)N1Cc1cccnc1,0
CC(=O)Cn1cnc2sc(-c3ccccc3)cc2c1=O,0
O=C1NC(=O)C2(C(=O)N1)C(c1ccc(F)cc1)NC(=S)NC2c1ccc(F)cc1,0
O=C1Oc2ccccc2C2(O)C3CCCCCC3C12,0
CCc1ccc(C(C(=O)NC(C)(C)CC)N(Cc2ccco2)C(=O)Cn2nnc3ccccc32)cc1,0
O=C(NCc1ccccc1)c1ccc(F)c(S(=O)(=O)N2CCOCC2)c1,0
Cc1sc(NC(=O)CSc2nc(N)n(CC(=O)c3ccccc3)n2)c(C#N)c1C,0
CC(C)OC(=O)CC12CN(C)CC(CC(=O)OC(C)C)(CN(C)C1)C2=O,0
CCOc1ccccc1C(=O)N(C)Cc1cc2cc(OC)ccc2[nH]c1=O,0
Nc1ccc2nc(-c3ccccn3)[nH]c2c1,0
C=CCn1c(-c2cccc(OC)c2)nc2nc3ccccc3nc21,0
COc1cc(C2Sc3ccccc3NC3=C2C(=O)OC3)cc(OC)c1OC,0
COC(=O)CSc1nnc(CNc2ccc(Cl)cc2)n1Cc1ccccc1,0
Cc1cc(Cl)ccc1OCc1n[nH]c(=S)n1C1CCCCC1,0
O=C(NCc1cn2ccsc2n1)c1c(F)cccc1Cl,0
COc1ccc(NC(=O)C2c3cc(OC)c(OC)cc3C(=O)N(C)C2c2cccnc2)cc1OC,0
COC(=O)C1CCN(c2nc3ccccc3nc2C(C#N)C(=O)NCCc2ccccc2)CC1,0
O=C(NCc1ccc2c(c1)OCO2)C1CC(=O)N(CCc2ccccc2)C1,0
O=C(Cn1nc(-c2ccccc2)nc1-c1ccccc1)N1CCOCC1,0
COCCN(C(=O)CCCC(=O)Nc1ccccn1)C(C(=O)NC1CCCC1)c1ccc(C)cc1,0
O=C1Nc2ccc(F)cc2C12Nc1ccccc1-c1nnc(SCc3ccccc3F)nc1O2,0
Cc1cc(C)n2nc3nc4c(cc3c2n1)CCCC4,0
CCOc1ccc(NC(=O)Nc2cc(C)ccc2OC)cc1,0
CCOc1ccc(-c2cn[nH]c2N)cc1,0
Cc1cc(NC(=O)c2cc(-c3cccs3)nc3ccccc23)no1,0
COc1cc2[nH]c(=O)n(-c3ccccc3)c(=O)c2cc1OC,0
CCCn1c(NCc2ccccn2)nc2ccccc21,0
O=C(CSc1nc2ccccc2n1-c1ccccc1)NCC1CCCO1,0
COc1ccc(/C=N/Nc2nonc2N)cc1,0
CCCCn1c([O-])c(-[n+]2ccccc2)c(=O)c2ccccc21,0
CCC(=O)Nc1cc(C)c(NC(=O)c2ccccc2OC)cn1,0
CCOc1ccc(-c2nnn(CC(=O)NCc3ccc(OC)cc3)n2)cc1OCC,0
CC(C)C(=O)Nc1cccc(NC(=O)c2cccnc2)c1,0
CCOC(=O)C(C(=O)OCC)C(Nc1ccc(Br)cc1)c1ccccc1,0
CCOc1ccc(C2=Nn3c(nnc3-c3ccco3)SC2)cc1,0
Cc1nc(SCC(=O)NCCc2ccccc2)nc(C)c1C,0
COc1ccccc1NC(=O)c1cccnc1,0
COc1ccc(N(CC(=O)NC2CCCC2)C(=O)c2ccc(N3CCCCC3)nc2)cc1,0
O=C1c2ccccc2C(=O)N1CNc1ccccc1,0
O=C(C1CCN(S(=O)(=O)c2ccc(F)cc2)CC1)N1CCOCC1,0
COc1cccc(-c2csc(N3CCN(C(=O)NC45CC6CC(CC(C6)C4)C5)CC3)n2)c1,0
N#CCCNc1ccc(OCCC#N)cc1,0
CC(=O)Nc1ccc(S(=O)(=O)NCc2ccc3c(c2)OCO3)cc1,0
Cc1ccc(C)c(OCCCC(=O)Nc2nccs2)c1,0
CC(C)CCNC(=O)NC(=O)COc1ncnc2sccc12,0
CSc1nc(N2CCCC2)c2c(c1C#N)CC(C)(C)OC2,0
COc1cccc(NC(=O)c2ncn[nH]2)c1,0
O=C(CCCNS(=O)(=O)c1cccc2nsnc12)NC1CCCCC1,0
COc1ccc(-c2cc(C(F)(F)F)n3ncc(C(=O)NCC4CCCO4)c3n2)cc1,0
O=C1c2ccccc2C(=O)N1Nc1ccccc1,0
O=C(NCc1ccco1)C(c1ccncc1)N(CCC1=CCCCC1)C(=O)Cn1nnc2ccccc21,0
COc1ccccc1N1CCN(CCC(=O)Nc2ccc3c(c2)OCO3)CC1,0
Cn1cnnc1SCC(=O)Nc1ccccc1,0
COc1ccc(C(=O)O)cc1S(=O)(=O)NCCCN1CCCC1=O,0
Cc1ccc(SCc2cc(=O)n3[nH]cnc3n2)cc1,0
Cc1ccc2c(c1)N(CC(=O)NCCc1c[nH]c3ccccc13)C(=O)CO2,0
Cc1cc(C(=O)COc2ncnc3sccc23)c(C)n1C,0
CN1C(=O)SC(Nc2cccc3ccccc23)C1=O,0
CCOC(=O)c1cnc(SCC(=O)N2CCc3ccccc32)nc1N,0
CCCc1nc2ccccc2c2nc(N)nn12,0
Cc1ccc(Cl)cc1N1CCN(C(=O)CSc2nnc3n2C(C)(C)Cc2ccccc2-3)CC1,0
COC(=O)c1sccc1NC(=S)N1CCCC(C)C1,0
O=C(Cn1c(=O)[nH]n(-c2ccccc2)c1=O)N1CCCc2ccccc21,0
COC(=O)c1ccc(C(C(=O)NCc2ccccc2)N(Cc2ccco2)C(=O)c2cnccn2)cc1,0
CCN(CC)S(=O)(=O)c1cccc(C(=O)Oc2cccnc2)c1,0
CCOC(=O)CSc1ccc2nnc(-c3cccs3)n2n1,0
CN(C)/C=C1\N=C(c2cccs2)OC1=O,0
Cc1cccc(SCc2noc(C(=O)NCC3CCCO3)c2C(=O)O)c1,0
Cc1[nH]c(N2CCN(C(c3ccccc3)c3ccccc3)CC2)nc(=O)c1C,0
CCOC(=O)c1cnc2c(OC)cccc2c1N1CCN(c2ccccc2OC)CC1,0
CCC(C)(C(=O)NC1CCCC1)N(CC1CCCO1)C(=O)c1ccc2c(c1)OCO2,0
CCCCn1c(Cc2ccccc2)nnc1SCC(=O)Nc1cc(C)on1,0
COc1cccc(-c2nn(-c3ccccc3)cc2C(=O)NCC(=O)O)c1,0
CCn1c(SCC(=O)O)nnc1C1CCCCC1,0
O=C(NCc1ccco1)c1cc2ccccc2o1,0
COc1ccc(OC)c2[nH]c(=O)c(CCNC(=O)CC(C)C)cc12,0
CC(=O)Nc1cc2c(cc1C(=O)C(C)C)OCCO2,0
C/C=C/COc1nc2c(c(=O)n(C)c(=O)n2C)n1C,0
O=C(CSC1=NCCS1)NC1CCCCC1,0
Cc1ccc(NC(=O)CCn2nc(C)cc2C)cc1,0
O=C(O)CCSCC(=O)Nc1c(C(=O)C2CC2)oc2ccccc12,0
CCn1nc(C)c(NC(=O)/C=C/c2cnn(C)c2)c1C,0
Cc1noc(C)c1C(=O)N1CCCc2ccccc21,0
CCOc1ccc(N(CC(=O)O)S(=O)(=O)c2ccc(F)cc2)cc1,0
CCn1c(COc2ccc(Cl)c(C)c2)nnc1SCC(=O)N1CCCC1,0
CCn1c2ccccc2c2cc(NC(=O)c3ccc(Br)o3)ccc21,0
Cc1cccc(OCC(=O)NNC(=O)c2cc3ccccc3oc2=O)c1,0
COCCCNC(=O)CN(c1cccc(Cl)c1C)S(C)(=O)=O,0
O=C(NC1c2ccccc2-c2ccccc21)N1CCCCC1,0
Cc1ccnc(NCn2nnc3ccccc32)c1,0
CC(=O)N1CCc2cc(S(=O)(=O)CCC(=O)O)ccc21,0
O=C(COc1ccc2ccccc2c1)NCCNC(=O)COc1ccc2ccccc2c1,0
CCN(/N=C/c1cccs1)c1cc(=O)n(C)c(=O)[nH]1,0
CCCCn1c(SCC(=O)Nc2cc(C)on2)nnc1-c1cccnc1,0
Cc1ccc(C)c(NC(=S)N(CCc2nc3cc(C)c(C)cc3[nH]2)Cc2cccnc2)c1,0
O=C(NCN1C(=O)C2C3C=CC(C3)C2C1=O)OC1CCCCC1,0
COc1ccc(-c2nnc(SCC(=O)Nc3nc4ccccc4s3)n2C)cc1,0
Cc1cc(SCC(=O)c2ccccc2)nc(C)n1,0
CCOc1ccc2oc(-c3ccccc3)c(C(=O)N3CCN(C)CC3)c2c1,0
COc1cc(N2C(=O)c3ccccc3C2=O)c(Cl)cc1C(=O)OCC(=O)NCc1ccco1,0
CCC(C(=O)NCc1ccco1)n1nc(-c2ccc(OC)cc2)ccc1=O,0
CCOC(=O)COc1nc(C)c(Br)c(OC)n1,0
COc1ccccc1NC(=O)c1nn(C)cc1Br,0
CCC(C)(C)n1nnnc1C(c1cc2ccc(OC)cc2[nH]c1=O)N1CCCCC1,0
CC(NC(=O)C1CCC1)c1ccccc1,0
COCCCNC(=O)CCCC(=O)NCCCOC,0
CCn1cc(C2=NOC(C(=O)Nc3ccc4c(c3)OCO4)C2)c(C)n1,0
C=C(C)CSC1=C(C#N)C(c2ccccc2Cl)CC(=O)N1,0
CCCc1nnc(SCC(=O)N2C(C)CCCC2C)n1CC1CCCO1,0
CCCc1nc2oc(C(=O)c3ccccc3)c(N)c2c2c1COC(C)(C)C2,0
Cc1nn(Cc2ccccc2)c(C)c1C(=O)OCC(=O)NCc1ccco1,0
O=C(CSc1nnc(-c2ccc(Cl)cc2)n1Cc1ccco1)NCc1ccc2c(c1)OCO2,0
COc1ccc(CNC(=O)C(C)NC(=O)c2cc3ccccc3o2)cc1,0
c1nc(N2CCOCC2)c2[nH]cnc2n1,0
O=C(CCc1ccccc1)NCCCN1CCOCC1,0
COc1ccccc1NS(=O)(=O)c1ccccc1C#N,0
COC(=O)c1sc(NC(=O)c2ccc(OC)cc2OC)nc1C,0
N#Cc1c(NC(=O)Cn2c(=O)oc3ccccc32)oc(-c2ccccc2)c1-c1ccccc1,0
COc1ccc(OC)c(C2CC(=O)NC(SC)=C2C#N)c1,0
CCC(=O)Nc1nc2ccccc2n1CCN(C)C,0
CCOc1ccc(CN2CCN(c3cc(C)nc4c5c(C)cc(C)nc5nn34)CC2)cc1,0
CCNCC(=O)N1c2ccccc2CCc2ccc(NC(C)=O)cc21,0
Cc1cc(Br)ccc1NC(=O)C1CCCO1,0
COc1ccccc1CNC(=O)CC(NS(=O)(=O)c1ccc(C)cc1)c1ccco1,0
Cc1nc(N)sc1-c1nnc(SCC(=O)Nc2ccccc2C(F)(F)F)n1C,0
CC(=O)Nc1ccc(S(=O)(=O)Oc2ccc(/C=N/NC(=O)c3ccc(Cl)cc3)cc2)cc1,0
CC(C)Sc1nc2sc3c(c2c2nnc(SCC(=O)NCc4ccco4)n12)CCCC3,0
COc1cccc(C2=NOC(C(=O)NCC3CCCO3)C2)c1,0
Cc1ccc(S(=O)(=O)n2nc(-c3ccc(Cl)cc3)nc2NCc2ccco2)cc1,0
O=C(NCCc1ccccc1)c1cccnc1,0
CCc1nnc(NC(=O)CSc2nnc(-c3ccco3)n2CC)s1,0
N#Cc1nc(-c2ccc(OCc3ccccc3)cc2)oc1NCc1ccco1,0
COc1cc(NC(=O)NC(C(=O)O)C(C)C)cc(OC)c1,0
C=CCn1c(N)c(C(=O)Nc2ccccc2OC)sc1=S,0
Cc1cc2cc3c(cc2nc1SCC(=O)O)OCCO3,0
Cc1nc(S(=O)(=O)c2ccc(Cl)cc2)c(NCc2ccccc2)o1,0
Cc1ccccc1NC(=O)c1sc(Cl)nc1-c1ccccc1,0
CCOC(=O)N1CCN(C(=O)C2CCN(S(=O)(=O)N3CCCC3)CC2)CC1,0
CC(OC(=O)c1ccc2ccccc2n1)C(=O)Nc1ccc(N2CCOCC2)cc1,0
COC(=O)CN(c1ccc(C)cc1)S(=O)(=O)c1c(C)[nH]c(=O)[nH]c1=O,0
CC(C(=O)c1c[nH]c2ccccc12)N1CCSCC1,0
CCN(CC)c1cc2nc(C)n(Cc3ccccc3)c(=O)c2cc1NC(=O)C1CC1,0
CC(=O)c1cccc(NS(=O)(=O)N2CCCCC2)c1,0
O=S(=O)(c1ccc(OCC(O)CN2CCC(Cc3ccccc3)CC2)cc1)N1CCOCC1,0
CCOc1ncccc1C(=O)OCC(=O)c1cccs1,0
Cc1ccc(-n2nc3c(c2NC(=O)c2ccc4c(c2)OCO4)CS(=O)C3)cc1,0
O=C(CSc1ccccn1)N1CCN(c2cccc(Cl)c2)CC1,0
CCn1c(COc2ccccc2C)nnc1SCC(=O)CC(=O)Nc1ccccc1,0
CCN(CC)S(=O)(=O)c1cccc(-c2nnc(SCC(=O)c3cc(C)n(C)c3C)o2)c1,0
Cc1cc(C)n(-c2nnc(C)n2NS(C)(=O)=O)n1,0
COc1cc(S(=O)(=O)N2CCOCC2)ccc1NC(=O)CSc1nnc(N)s1,0
CCOc1ccc(-n2c3nc4ccccc4nc3c3c(=O)n(Cc4ccco4)cnc32)cc1,0
C=CCn1c(=O)[nH]c2cc(C(=O)N3CCN(c4ccc(C(C)=O)cc4)CC3)ccc2c1=O,0
Cc1ccc(Nc2nc3c([nH]2)c(=O)n(C)c(=O)n3C)cc1,0
Cc1nc(CNS(=O)(=O)c2cc(F)ccc2F)cs1,0
COc1ccccc1CNc1nc2nc(C)c(C)c(=O)n2[nH]1,0
COc1ccc(/C=N/NC(=O)c2cc(-c3ccc(C)cc3C)nc3ccccc23)cc1COC(C)=O,0
CCCSc1nc(NCc2ccco2)c2c3c(sc2n1)COC(C)(CC)C3,0
C=CCN(C(=O)CNS(=O)(=O)c1ccccc1)C(C(=O)NCCOC)c1ccncc1,0
O=C(CS(=O)(=O)c1cn(Cc2ccccc2Cl)c2ccccc12)N1CCOCC1,0
COc1ccc(-c2cc(C(=O)NCCN3CCOCC3)c3ccccc3n2)c(OC)c1,0
Cc1ccccc1C(=O)c1c[nH]c(C(N)=O)c1,0
O=C(COc1ccc(Cl)cc1)NCc1nnc(SCC(=O)Nc2ccc3c(c2)OCCO3)o1,0
O=C(NCCC1=CCCCC1)C(c1ccccc1)c1ccccc1,0
c1nc(NCC2CCCO2)c2[nH]cnc2n1,0
O=C(Nc1ccccc1)NC1CC2CCC(C1)N2,0
CCOc1ccc(CCNC(=O)CCn2cccc2)cc1OCC,0
Cc1ccc(C)c(NC(=O)c2ccc3ccccc3n2)c1,0
O=S(=O)(Nc1ccc(Cc2ccncc2)cc1)c1ccc(Br)s1,0
O=C(Nc1ccc2c(c1)nc1n2CCOC1)c1ccco1,0
O=C(O)C1CCCCC1C(=O)NCCC(c1ccccc1)c1ccccc1,0
O=c1c2c3c(sc2ncn1/N=C/c1ccco1)CCCC3,0
c1ccc(C(Cc2nc(-c3ccccn3)no2)c2ccccc2)cc1,0
COCCn1c(SCC(=O)NCc2ccco2)nc2cccnc21,0
COCC(=O)n1nc(NCc2ccc(OC)cc2)nc1NCc1ccc(OC)cc1,0
CC(C/C=N/NC(=O)COc1cc(Cl)ccc1Cl)c1ccccc1,0
COc1ccc(C(=O)n2c(SC)nc3cc4c(cc32)OCCO4)cc1,0
Cc1ccc(NC(=O)C2CCN(C(=O)NC3CCCCC3)CC2)c(C)c1,0
Cn1c(NN)nc2sc3c(c2c1=O)CC(C)(C)OC3,0
CCOc1ccc(OCCSc2nc(=O)c3ccccc3[nH]2)cc1,0
O=C(NCC1(N2CCOCC2)CCCCC1)c1cc2ccccc2o1,0
COCCNC(=O)C(c1cccs1)N(Cc1cccs1)C(=O)Cn1nnc2ccccc21,0
O=C(c1ccc(Br)cc1)C1CCc2occc2C1=O,0
Cc1ccc(-c2nc(C)sc2CC(=O)O)cc1,0
Cc1cc(NC(=O)c2ccc(Cn3nc(C)c(Br)c3C)o2)no1,0
O=C(CS(=O)(=O)Cc1ccccc1)Nc1ncccn1,0
O=C(COc1ccc(Br)cc1Br)NC(=S)N1CCCc2ccccc21,0
COc1cccc(/N=C2\SC(C(=O)Nc3ccccc3F)CC(=O)N2C)c1,0
CC1CCN(c2[nH]c(=S)c(C#N)c3c2CCCC3)CC1,0
CC1(C)CC2CC(C)(CN2C(=O)C23CCC(C)(C(=O)O2)C3(C)C)C1,0
CCC(Sc1nc(=O)c(C#N)c(-c2ccccc2)[nH]1)C(=O)Nc1nnc(C)s1,0
COc1cc2oc(=O)c(Br)c(C)c2c(OC)c1OC,0
CC12CC(NC(=O)N1c1cccc(C(=O)N3CCN(c4ccccc4F)CC3)c1)c1ccccc1O2,0
O=C(Nc1ccc(Cl)cc1)N1CCSc2ccccc21,0
Oc1ccc(Br)cc1CNn1cnnc1,0
Cc1ccc(CC(=O)Nc2nc3c(s2)CCCC3)cc1,0
Cc1noc(C)c1C(=O)N1CCN(Cc2ccc3c(c2)OCO3)CC1,0
COc1cc(C2C(C#N)=C(N)OC3=C2C(=O)CC(C)(C)C3)c([N+](=O)[O-])cc1OC,0
C/C(=N\NC(=O)c1nn(C)cc1Br)c1cccc(NC(=O)C2CCCC2)c1,0
CCC(=O)NC(=S)NNC(=O)c1ccc([N+](=O)[O-])cc1,0
OC(COc1ccc2ccccc2c1Br)Cn1ccnc1,0
Cc1ccc(NC(=O)CSc2nnc(CNC(=O)c3c(F)cccc3Cl)o2)cc1,0
Cc1cc(NC(=O)CN2CCN(S(=O)(=O)c3ccc(Cl)cc3)CC2)no1,0
Cc1cc(Cl)c(S(=O)(=O)N2CCN(c3ccc(F)cc3)CC2)cc1OCC(N)=O,0
c1ccc2c(c1)CCN(c1nc3cc4c(cc3s1)OCO4)C2,0
COc1ccc(/C=N/NC(=O)c2[nH]ncc2Br)c(OC)c1,0
CCCC(=O)N(Cc1cc2ccccc2[nH]c1=O)c1ccccc1OC,0
Cn1c(=O)c2c(nc(SCC(=O)NCc3ccc4c(c3)OCO4)n2Cc2ccc(Cl)cc2)n(C)c1=O,0
Cc1ccc(C23CC4CC(CC(CC(=O)N5CCOCC5)(C4)C2)C3)cc1,0
CC(C)CC(=O)Nc1ccccc1-c1nnn(CC(=O)N2CCc3ccccc3C2)n1,0
CCOC(=O)c1cnc(SC)nc1Sc1cc(Cl)ccc1Cl,0
Cc1nnc(SCC(N)=O)n1CCc1ccccc1,0
CC(C)C1=NN(C(=O)c2cccnc2)C(O)(C(F)(F)F)C1,0
Cc1cc(C)cc(CSCC(=O)N/N=C/c2ccc(OCC(=O)NCc3ccco3)cc2)c1,0
CC1CCN(C(=O)c2ccc(-n3cnnn3)cc2)CC1,0
Cc1ccc(C)n1C1CCS(=O)(=O)C1,0
O=C(NCCN1CCCCCC1)c1ccc(N2CCCC2=O)cc1,0
CCOC(=O)c1ccc(NC(=O)CC2C(=O)N(c3ccc(F)cc3)C(=O)N2CCC(C)C)cc1,0
CCCOc1ccc(-c2nnc(-c3ccco3)o2)cc1,0
CCc1ccc(NC(=S)Nc2cccc(OC)c2)cc1,0
C=CCn1c(N2CCCCCC2)nc2c1c(=O)[nH]c(=O)n2C,0
Cc1ccc(C)n1-c1cccc(N)c1,0
Cc1ccc(C(=O)Nc2sc3c(c2C(=O)O)CCCCC3)o1,0
Cc1nnc(OCc2nc3ccccc3n2C)c2ccccc12,0
C=C(C)CSc1nnc(-c2cc(OC)c(OC)c(OC)c2)n1N,0
COc1ccccc1N1CCN(C(=O)c2cc3cc(Br)ccc3oc2=O)CC1,0
CNC(=O)c1ccc(OC2CSC2)cc1,0
O=C(CN1C(=O)c2ccccc2S1(=O)=O)Nc1ccccc1,0
Cc1cc(C)c(S(=O)(=O)Nc2ccc[nH]c2=O)c(C)c1,0
Cc1ccc(C)c2c1s/c(=N\C(=O)CN1C(=O)CCC1=O)n2C,0
CCOC(=O)c1[nH]c2cc(OC)c(OC)cc2c1NC(=O)C(C)N1CCN(Cc2ccccc2)CC1,0
O=C(Nc1ccccc1N1CCCC1)c1cc2ccccc2o1,0
CCN1CCN(C(=O)Nc2cccc3ccccc23)CC1,0
CCOc1cccc(Nc2cc3n(c(=O)n2)CCc2cc(OC)c(OC)cc2-3)c1,0
CC1CC(C)CN(C(=O)CSc2nc(Cc3cccs3)nc3ccccc23)C1,0
O=C(NCCCN1CCCC1)c1cccc(N2CCCC2=O)c1,0
CCN(CC)C(=O)c1sc2nc(-c3ccc(OC)cc3)cn2c1C,0
Cc1cc(C)nc(SCc2nnc(SCC(=O)Nc3nc(-c4ccccc4)cs3)n2C)n1,0
CCc1sc2nc(SCC(=O)Nc3cc(C)on3)n(-c3cccc(OC)c3)c(=O)c2c1C,0
COc1ccc(C=C(c2ccc(OC)cc2)c2ccc(OC)cc2)cc1,0
O=C(O)CSCc1cn2cc(Cl)ccc2n1,0
COc1ccc(CCC(=O)NCc2cnn(C)c2)cc1,0
COc1cccc2[nH]c3c(N4CCCCC4)ncnc3c12,0
CCOc1cc(CO)ccc1OCC(=O)N1CCCCC1,0
O=C(c1ccccc1)N1CCN(c2ncnc3c2cnn3-c2ccccc2)CC1,0
CCCCCCOC(=O)C(C#N)c1nc2ccccc2nc1N1CCN(CC)CC1,0
COc1ccccc1Nc1oc2cc(=O)ccc-2cc1C(N)=O,0
O=C(CC1Nc2ccccc2NC1=O)Nc1cc(Cl)cc(Cl)c1,0
Cc1ccc2cc3cc(C(=O)N4CCN(Cc5ccccc5)CC4)sc3nc2c1,0
O=C(Nc1ccc(Nc2ccccc2)cc1)c1ccco1,0
O=C(Nc1ccc2nsnc2c1)N1CCCCC1,0
CCOc1ccc(C(=O)Nc2nncs2)cc1OCC,0
COc1ccc(NC(=O)CCOc2ccccc2)c(OC)c1,0
CC(=O)NC(Cc1ccccc1)C(=O)N1CCN(C(=O)c2cccs2)CC1,0
CCC(C)(C)n1nnnc1CN1CCN(C(c2ccccc2)c2ccccc2)CC1,0
COc1ccc(C(=O)Cn2c3ccccc3n3nc(CCC(=O)O)c(=O)nc23)cc1OC,0
C/C=C(\C)c1nnc(NC(=O)c2ccco2)s1,0
O=C1N/C(=C/c2cccn2-c2ccc(F)cc2)C(=O)N1Cc1ccccc1,0
CCOC(=O)c1nnn(-c2nonc2N)c1COc1ccc(F)cc1,0
c1ccc(-c2nc3ccccn3c2NCc2ccc3c(c2)OCO3)cc1,0
COc1ccc(C)cc1-n1nnnc1SCc1csc(C)n1,0
CCOC(=O)CN(C(=O)Cn1nnc(-c2ccc(C)cc2)n1)C(CC)C(=O)NC1CCCC1,0
CCn1ccnc1C(O)c1ccc(N(C)C)cc1,0
c1cc2c(cc1C1CCCN1)OCCCO2,0
COc1c(F)c(F)c(C(=O)O)c(Nc2ccc(C)cc2)c1F,0
Cc1oc(-c2ccc(Cl)cc2)nc1CN1CCC(C(=O)NCCCN2CCOCC2)CC1,0
COC(=O)CSc1nc(-c2ccc(C)cc2)c2c(c1C#N)CCCC2,0
Cc1ccc(CNC(=O)C(=O)NCCCn2ccnc2)cc1,0
Cc1occc1C(=O)NCc1cccc(CNC(=O)c2ccoc2C)c1,0
O=C(CCCN1C(=O)c2ccccc2C1=O)N1CCc2ccccc2C1,0
CC(C)(C)n1nnc(CCc2nnn(C(C)(C)C)n2)n1,0
COc1ccccc1NC(=O)Cc1csc(N)n1,0
COc1cc(/C=N/NC(=O)Nc2ccccc2)ccc1OCCOc1ccccc1C,0
Cc1c(C(=O)Nc2ccncc2)oc2ccccc12,0
CCOC(=O)c1ccc(NC(=O)NCc2ccncc2)cc1,0
CN1C(C)(C)CC(NC(=O)CCC(=O)NC2CC(C)(C)N(C)C(C)(C)C2)CC1(C)C,0
COCn1c(-c2ccc(OC)cc2)nc2ccccc21,0
COc1ccc(Cc2nnc(NC(=O)c3ccc(Cl)c([N+](=O)[O-])c3)s2)cc1,0
CN(Cc1ccccc1)c1nc2c(c(=O)[nH]c(=O)n2C)n1CCCc1ccccc1,0
C/C(CCc1ccc2c(c1)OCO2)=N\NC1=NC(=O)CC(C(=O)Nc2ccc(Cl)cc2)S1,0
CCOc1ccc(NC(=O)CC2C(=O)N(C)C(=S)N2Cc2ccc3c(c2)OCO3)cc1,0
CCCn1c(=O)[nH]c2ccccc21,0
Cc1ccc(NC2CC(=O)N(Cc3ccccc3)C2=O)cc1,0
Cc1ccc2nc3c(cc2c1)c(NC(=O)c1ccccn1)nn3CC(C)C,0
CCc1ccc(C(=O)COC(=O)CNC(=O)c2cccs2)cc1,0
COc1cc(NS(=O)(=O)c2ccc(NC(=O)c3ccc(C)o3)cc2)nc(OC)n1,0
Cc1cccc(N(C)C(=O)c2cc3cc4ccc(C)cc4nc3o2)c1,0
Cc1ccc(Cn2nnc3c(=O)n(CC(=O)N4CCCCC4)cnc32)cc1,0
CCN(C(=O)c1cccs1)c1nnc(-c2ccncc2)s1,0
Cn1nc(C(F)(F)F)c(C#N)c1N1CCN(c2ccccc2F)CC1,0
COc1ccc(C2(O)CCN(Cc3nnnn3Cc3ccc(F)cc3)CC2)cc1,0
COc1ccc(CCNc2nc(=O)cc(C)[nH]2)cc1OC,0
COc1ccc(NC(=O)Nc2ccc(Cc3ccncc3)cc2)cc1OC,0
Cc1ccccc1NC(=O)CSc1nnnn1C,0
O=C(Nc1ccc(F)cc1)C1CCC(N2C(=O)c3ccccc3C2=O)CC1,0
COC(=O)C(NC(=O)NCc1ccccc1F)C(C)C,0
COc1ccc(-n2c(SC)nc3ccccc3c2=O)cc1,0
COc1cc(-c2nc3ccccn3c2NCC2CCCO2)ccc1O,0
COc1ccc(C)cc1NC(=O)c1cc2cc3ccc(C)cc3nc2o1,0
C=CCn1c(=O)n(CCC#N)c(=O)n(CCC#N)c1=O,0
CCC(C)(C)n1nnnc1C(c1ccc(OC)c(OC)c1)N1CCN(c2cccc(OC)c2)CC1,0
O=c1c2cc(N3CCOCC3)ccc2[nH]c(=S)n1Cc1ccc(Cl)cc1,0
COc1cccc(NC(=O)c2cnsn2)c1,0
O=C(Nc1cnccn1)c1cccnc1,0
CC1=CC(C)(C)Nc2ccc(OC(=O)CN3C(=O)C4CCCCC4C3=O)cc21,0
COCc1nnc(SCC(=O)Nc2cccc(Cl)c2C)n1-c1ccccc1,0
Cc1cc(C)c2[nH]c(=O)c(CN(Cc3ccc4c(c3)OCO4)Cc3nnnn3C3CCCC3)cc2c1,0
COc1ccc(CN2CCOCC2)cc1Br,0
O=C(O)CCC(=O)N1CCc2cc(S(=O)(=O)NC3CCCc4ccccc43)ccc21,0
CCN(CC)CC(=O)c1c[nH]c2ccc(OC)cc12,0
Cc1ccccc1NC1=NC(C)(C)N=C(N)N1,0
Nc1cc(=O)nc(SCC(=O)N2CCCc3ccccc32)[nH]1,0
Cc1ccc(C(=O)Nc2nnn(C)n2)cc1,0
O=c1[nH]c2ccc(Cl)cc2c(-c2ccccc2)c1CN1CCOCC1,0
CS(=O)(=O)N1CCc2cc(C(=O)N3CCCCC3)ccc21,0
COc1ccc2cc(CN(CCc3ccccc3)Cc3nnnn3Cc3ccco3)c(=O)[nH]c2c1,0
COc1ccc(CCNC(=O)C2CCCN2C(=O)Nc2cccc(C(C)=O)c2)cc1OC,0
CCCN(CCC)c1nc2ccccc2nc1C(C#N)C(=O)OC(C)COC,0
Cc1ccc(S(=O)(=O)N/N=C/c2ccc(C(=O)O)cc2)cc1,0
Cc1c(C(=O)NCc2ccc3c(c2)OCO3)oc2ccc(Br)cc12,0
Cc1n[nH]c(=O)c2cc3occc3n12,0
O=c1[nH]c2cc3c(cc2cc1C(c1nnnn1Cc1ccccc1)N1CCCCCC1)OCCO3,0
COC(=O)C(Cc1ccccc1)NC(=O)Nc1ccc(C)cc1,0
O=C(NCc1cccnc1)/C(=C/c1ccco1)NC(=O)c1ccccc1,0
CNC(=S)NCCc1ccc(OC)c(OC)c1,0
COCCCn1c(CCC(=O)O)ccc1-c1cccs1,0
CC1CCCC(C)N1C(=O)COC(=O)c1ccc2c(c1)OCO2,0
CCOc1ccc(NC(=O)CN2CCN(S(=O)(=O)c3ccc(Cl)cc3)CC2)cc1,0
CC/C(NCc1ccco1)=C1/C(=O)NC(=O)N(Cc2ccccc2)C1=O,0
CN1C(=O)C(O)(CC(=O)c2ccncc2)c2ccccc21,0
COCCCn1c(SCC(=O)N2CC(=O)Nc3ccccc32)nnc1-c1ccoc1C,0
CCCCNC(=O)CCn1nc(-c2ccccc2)ccc1=O,0
CNc1nc(N(C)C)nc(N(C)C)n1,0
COc1ccc(C2C(C(=O)Nc3cccc(C)n3)c3ccccc3C(=O)N2C)cc1OC,0
O=C(NC1CCCCC1)N(Cc1ccccc1)Cc1ccco1,0
COc1ccccc1CN(Cc1cc2cc(C)ccc2[nH]c1=O)Cc1nnnn1Cc1ccco1,0
Cc1cc(/C=N/Nc2ccc([N+](=O)[O-])cn2)c(C)n1-c1ccccc1,0
Cc1cc(=O)nc(SCC(=O)Nc2nc3c(s2)CCCC3)[nH]1,0
COC(=O)c1oc2ccc(Br)cc2c1NC(=O)c1ccccc1,0
c1ccc(-n2nnnc2NC2CCCCCC2)cc1,0
Cc1ccc(NS(=O)(=O)c2ccc3c(c2)c(=O)n(C)c(=O)n3C)cc1F,0
CC(=O)c1ccc(N2CCN(C(=O)c3ccco3)CC2)c(F)c1,0
CCn1c(CC(=O)Nc2ccc(C)cc2)nnc1SCC(=O)Nc1nc(C)cs1,0
c1ccc(N2CCN(c3cnccn3)CC2)nc1,0
Cc1ccc(NC(=O)c2ccc(-c3nn(C)c(=O)c4ccccc34)cc2)cc1,0
Cc1csc(NC(=O)c2cccn2C)n1,0
O=C(CN1CCOCC1)Nc1ccccc1,0
C/C(=N\OCC(=O)Nc1ccc(C)cc1C)c1cccs1,0
CCCCN(C)C(=O)c1ccc(S(=O)(=O)N2CCOCC2)cc1,0
CC1=C(C(=O)OC(C)C)C(c2cccnc2)C2=C(CC(C)(C)CC2=O)N1,0
CCOc1cc(/C=C(/C#N)C(=O)Nc2ccc(O)cc2)cc(Br)c1O,0
CC1=NN(c2ccccc2)C(=O)/C1=C/NO,0
COC(=O)c1cccc(NC(=O)CSc2ncn[nH]2)c1,0
Cc1onc(-c2c(F)cccc2Cl)c1C(=O)Nc1nc2ccccc2[nH]1,0
Cc1ccc(N2C(=O)C3C4C=CC(C4)C3C2=O)cc1,0
COc1cccc(C(C(=O)Nc2ccc(F)cc2)N(C(=O)Cn2nnc3ccccc32)C2CC2)c1,0
Cc1onc(-c2ccccc2)c1C(=O)Nc1ccc(-c2nnc3n2CCCCC3)cc1,0
Cc1ccc(S(=O)(=O)n2ccc3cccnc32)cc1,0
COc1ccc2cc(C)c3nnc(SCC(=O)Nc4nc(-c5ccccc5)cs4)n3c2c1,0
CN(Cc1ccccc1)C(=O)C1CCC(=O)N1Cc1ccco1,0
Cc1sc2c(c1C)CN(C1CC(C)(C)NC(C)(C)C1)CN2C(=O)c1ccco1,0
Cc1ccc(N(CN2CCCC2=O)C(=O)c2ccc(C)c(C)c2)cc1,0
Cc1c(NC(=O)c2cc(=O)[nH]c3ccccc23)c(=O)n(-c2ccccc2)n1C,0
O=C(O)CCC(=O)Nc1ccc(C(=O)OC2CCCCC2)cc1,0
N#CC1(c2ccccc2)CCCN1C(=O)c1ccc(Br)o1,0
CCOc1ccc(C2CC(=O)n3nc(C45CC6CC(CC(C6)C4)C5)nc3S2)cc1OC,0
CC(C)CC(=O)Nc1ccccc1N1CCOCC1,0
COc1ccccc1OCC(=O)Nc1oc(-c2ccccc2)c(-c2ccccc2)c1C#N,0
COc1ccc(N2CCN(C(=O)c3ccc4c(=O)n(CC5CCCO5)c(=O)[nH]c4c3)CC2)cc1,0
NNC(=O)c1cccc(COc2ccccc2Br)c1,0
Cc1ccccc1-n1c(=O)c(C#N)cc2c(=O)n3ccccc3nc21,0
CCNS(=O)(=O)c1ccc(C(=O)Nc2ccccc2)cc1,0
Cc1cc(C)n(C(=O)C23CC4CC(CC(C4)C2)C3)n1,0
COC(=O)C1(S(=O)(=O)C2(C(=O)OC)CCCC2)CCCC1,0
CCOc1ccccc1NC(=O)Nc1cccc(C(C)=O)c1,0
O=C1NC(=S)N(Cc2ccco2)C(=O)/C1=C\NCc1cccs1,0
O=C(CN(CC1CCCO1)C(=O)CNS(=O)(=O)c1ccc(Cl)cc1)NCCc1ccccc1,0
Cc1ccc(C(=O)Nc2ccc(Br)c(C(F)(F)F)c2)cc1,0
COc1ccc(C2C3=C(CC(C)(C)CC3=O)Nc3c2c(=O)[nH]c(=O)n3Cc2ccccc2)cc1OC,0
CCN(c1ccccc1)S(=O)(=O)c1ccc2[nH]cc(C(=O)NCCOC)c(=O)c2c1,0
CCOc1cc(N2CCOCC2)c(OCC)cc1NC(=O)CSc1cccc[n+]1[O-],0
O=C(CC1Oc2ccccc2NC1=O)NCCc1ccccc1,0
CCOC(=O)N1CCN(CC(=O)Nc2ccc(Oc3ccccc3)cc2)CC1,0
CCOCCCNc1ncnc2c1[nH]c1ccccc12,0
Nc1ccc(Br)c2c1C(=O)c1ccccc1C2=O,0
COc1ccc(/C=C(/C(=O)Nc2ccccc2C(=O)NC(C)C)c2ccccc2)cc1,0
CCC(=O)Nc1cccc(NC(=O)c2cccnc2)c1,0
CC1(C)CC(=O)c2c(nc3[nH]c(=O)[nH]c(=O)c3c2-c2ccc([N+](=O)[O-])cc2)C1,0
Cc1ccccc1C(NC(N)=O)c1ccccc1,0
Cc1ccc(-c2nc(N)n(C(=O)c3cccnc3)n2)cc1,0
CC(C)C(=O)Nc1nnn(C)n1,0
Cc1ccccc1Nc1nc(N)nc(CN2CCN(c3ccccn3)CC2)n1,0
Cc1c(Br)cc(C(=O)OC2CCN(C)CC2)c(C)c1C,0
CCn1cc(C(=O)NCC2CCCO2)c(=O)c2cc(S(=O)(=O)N3CCCCCC3)ccc21,0
CCC1Sc2ccccc2N(CC(=O)NCCC(C)C)C1=O,0
CCCCC(=O)N(c1ccc(OC)cc1)C1C=CS(=O)(=O)C1,0
CCC(C(=O)Nc1nc(C)cs1)c1ccccc1,0
Cc1ccc(NC(=O)N2CCC(C(=O)NCc3ccccc3)CC2)cc1,0
Cc1ccc(OCCCN(C)C)c(Br)c1,0
COc1cc2c(cc1OC)CN(CC(=O)Nc1ccc(C)cc1)CC2,0
Cc1ccc(S(=O)(=O)Oc2ccc(C(c3c(C)[nH][nH]c3=O)c3c(C)[nH][nH]c3=O)cc2)cc1,0
O=C(NCc1ccccc1)N1CCN(c2ccc(F)cc2)CC1,0
Cc1nnc(SCC(=O)Nc2nc(-c3ccccc3)cs2)n1N,0
COc1ccc(N2C(=O)c3ccccc3NC23CCC(C)CC3)cc1,0
CC(C)(C)C1CCc2onc(C(=O)NCc3ccc(F)cc3)c2C1,0
COCCNC(=O)C(c1ccco1)N(C(=O)Cn1nnc2ccccc21)c1ccc(C)cc1C,0
CC(C)n1c(NCc2c[nH]c3ccccc23)nc2ccccc21,0
CCOc1ccc(C(C)C)cc1S(=O)(=O)n1nc(C)cc1C,0
CC(C)C(C(=O)Nc1ccc2c(c1)OCCO2)N1C(=O)c2ccccc2C1=O,0
c1ccc(COc2ccc(Nc3ncnc4nc[nH]c34)cc2)cc1,0
O=C(CN(Cc1ccccc1F)S(=O)(=O)c1ccc(Cl)cc1)NCCC1=CCCCC1,0
COc1ccc(/C=N/NC(=O)c2nc(-c3ccccc3)cc(-c3ccccc3)n2)cc1OC,0
O=C(Cn1cccc1C(=O)c1ccccc1)NCc1ccco1,0
COc1cc(OC)cc(OCC(O)Cn2cnc(-c3ccccc3)c2)c1,0
CCOC(=O)Cc1csc(NC(=O)NC2(C(F)(F)F)Oc3ccc(Cl)cc3O2)n1,0
NC(=O)N1c2ccccc2CC(=O)c2ccccc21,0
COc1ccc(C2C(C(C)=O)=C(Nc3ccccc3)CC(C)(O)C2C(C)=O)cc1OC,0
O=S1(=O)CC(O)C(NCCCO)C1,0
CCCOc1cccc(C2C(C(=O)c3ccco3)=C(O)C(=O)N2CCN(CC)CC)c1,0
CCOc1cc(C)c(C(C)C)cc1S(=O)(=O)N1CCOCC1,0
CC(=O)Nc1nc(COc2ccc3ccccc3c2)cs1,0
COc1ccccc1-c1cc(C(=O)NCc2ccco2)no1,0
CCc1ccccc1NC(=O)C(C)n1nc([N+](=O)[O-])c(Br)c1C,0
COc1ccc2[nH]c(=O)c(CN(C(=O)c3ccncc3)C(C)(C)C)cc2c1,0
O=C(c1ccc(Cn2c(=O)[nH]c3ccccc3c2=O)cc1)N1CCN(c2ccccc2)CC1,0
COc1ccc(OCC(=O)NCc2cccnc2)cc1,0
CN1Cc2cc(C(=O)c3ccccc3O)cnc2NC1=O,0
O=C(NCCCN1CCOCC1)c1cnn2c(-c3ccccc3)cc(-c3ccccc3)nc12,0
COC(=O)C1=C(C)Nc2ccc(C)cc2S1,0
O=C(O)C12CC3CC(C1)CC(n1cnc(Cl)n1)(C3)C2,0
CN(C)c1nc(Nc2ccccc2)nc(N(C)C)n1,0
CCC(=O)N(Cc1cc2cc(OC)ccc2[nH]c1=O)c1cccc(C)c1,0
COc1ccc(-c2csc(NC(=O)c3cc(C)on3)c2C#N)cc1OC,0
CCCS(=O)(=O)N1CCCC(C(=O)NCCCN2CCCC2=O)C1,0
CCOC(=O)CCn1nc(-c2ccccc2)cc1N,0
CCC(Sc1nc2cc3c(cc2c(=O)n1Cc1ccco1)OCO3)C(=O)Nc1ccccc1OC,0
Cc1nc2c3ccccc3n(CC#N)c(=O)n2n1,0
O=C(CN1CC(c2ccccc2)CC1=O)OCc1cccc(Br)c1,0
CC(C)C(CC(=O)NCc1ccco1)c1ccco1,0
O=C(CCCCn1c(=O)c2ccccc2n(CC(=O)NC2CCCC2)c1=O)NC1CCCC1,0
Cn1c(-c2ccccc2Br)n[nH]c1=S,0
Cc1[nH]c2ccccc2c1SCCN,0
CCOc1cc(/C=N/NC(=O)Cn2nc([N+](=O)[O-])cc2C)ccc1OCc1cccc2ccccc12,0
Cc1ccccc1OCC(=O)NC(=S)Nc1ccc(N2CCOCC2)c(Cl)c1,0
Oc1ccc(CN2CCc3ccccc3C2)c2cccnc12,0
c1cc2c(cc1-c1cnc3n1CCC3)OCCO2,0
O=C1C(Cl)=C(NCCCN2CCOCC2)C(=O)N1CCc1ccccc1,0
O=[N+]([O-])c1ccc(Oc2cccc(Br)c2)c2ccncc12,0
N#CC(c1ccc(F)cc1)c1ccc(C(=O)c2ccc(F)cc2)cc1,0
Cc1nc2ccccn2c1/C(O)=C1\C(=O)C(=O)N(CCN2CCOCC2)C1c1cccnc1,0
COc1ccc(CNc2nc3nc(C)cc(C)n3n2)cc1,0
COc1ccc(-c2nc(C)sc2CC(=O)O)cc1,0
CCOC(=O)CC(=O)CSc1nc(C)cc(C)c1C#N,0
Cc1ccc(NC(=O)c2ccco2)cc1NC(=O)CSc1nnc(-c2cccs2)n1C,0
Cc1ccc(-c2csc(NC(=O)c3c(C)nn(-c4ccccc4)c3Cl)n2)cc1,0
COc1cccc(NS(=O)(=O)c2c(C)cc(C)cc2C)c1,0
CSc1ccccc1NC(=O)COc1ccccc1Cl,0
COc1cccc(C(=O)Nc2ccc(N3CCN(Cc4ccccc4)CC3)cc2)c1,0
O=S(=O)(c1ccccc1)c1nc(-c2ccccc2Cl)oc1NCCN1CCOCC1,0
CCOc1cc(C2NC(=O)NC(O)(C(F)(F)F)C2C(=O)c2ccccc2)ccc1OC,0
Cc1ccccc1Cn1ccc(NC(=O)c2cnn3c(C(F)(F)F)cc(-c4ccco4)nc23)n1,0
N#Cc1ccsc1NC(=O)c1cnccn1,0
COc1ccc(NC(=O)CN2CCC(NC(=O)C3CCCCC3)CC2)cc1,0
Cc1cccc(NC2SC(=O)N(CC(=O)O)C2=O)c1,0
COCCNc1cc(-c2ccccc2)nc2cc(-c3ccc(F)cc3)nn12,0
CCOC(=O)NCc1ccc(S(=O)(=O)Nc2ccccc2C)cc1,0
Cc1ccc(C)c(Oc2nnnn2-c2ccccc2)c1,0
CC1CN(C2CCN(C(=O)c3cccc(Cl)c3)CC2)CC(C)O1,0
O=C(CSc1n[nH]c(=O)n1C1CC1)Nc1cc(Cl)ccc1Oc1ccccc1,0
c1ccc(CNc2nc3ccccc3n3cnnc23)cc1,0
O=C(NCC(=O)N(CC1CCCO1)C(C(=O)NC1CCCCC1)c1ccccc1)c1cccs1,0
Clc1ccc(-c2nn3c(C4COc5ccccc5O4)nnc3s2)cc1,0
COc1ccc(NC(=O)CCN2CCCCCC2)cc1,0
CCCCCNC(=O)C(C#N)c1nc2ccccc2nc1N1CCCC1,0
Cc1nc(Nc2nc3ccccc3o2)nc2c1CCC2,0
COc1ccc(S(=O)(=O)N2CCN(C(=O)c3cccc(Cl)c3)CC2)cc1,0
C/N=C1/SC(CC(=O)Nc2cccc(Cl)c2Cl)C(=O)N1C,0
O=C(c1ccc2ccccc2c1)N1CCN(c2ccc(C(F)(F)F)cn2)CC1,0
CCOC(=O)Cn1nnnc1C(CC)N(Cc1ccccc1)Cc1cc2cc(C)ccc2[nH]c1=O,0
Cc1nc(SCC(=O)Nc2ccc(C(F)(F)F)cc2)c2c(=O)n(C)c(=O)n(C)c2n1,0
O=c1oc2ccccc2cc1-c1cn2cccnc2n1,0
C=CCNC(=O)c1ccccc1NS(=O)(=O)c1ccccc1,0
COc1ccccc1C(=O)NCCn1cc(SCC(=O)NCc2ccco2)c2ccccc21,0
Cc1ccc(NC(=O)COC(=O)c2ccn(C)n2)cc1,0
O=C(Nc1ccc(F)cc1)c1oc2ccccc2c1NC(=O)C1CCCC1,0
CCOC(=O)c1cc2ccc(OC)cc2oc1=O,0
CCCCn1c(CCCNC(=O)CC)nc2ccccc21,0
N#Cc1nc(-c2ccccc2F)oc1NCCc1ccccc1,0
Cc1onc(-c2c(F)cccc2Cl)c1C(=O)NCCCN1CCOCC1,0
CS(=O)(=O)NCCCNc1ccc(Cl)cc1[N+](=O)[O-],0
COC(=O)c1cc(Br)c(=O)n(-c2ccc(OC)cc2)c1,0
Cc1ccc(S(=O)(=O)CCc2nnc(NC(=O)COc3cccc(C)c3)s2)cc1,0
COc1ccc(-c2nnc(SC(C)C(=O)Nc3nccs3)n2Cc2ccccc2)cc1OC,0
CCCCCn1c(-c2ccco2)nc2nc3ccccc3nc21,0
CCCCn1c(=O)n(CC(O)c2ccccc2)c(=O)c2c1ncn2C1CCCC1,0
CCOC(=O)c1cc(C(C)(C)C)oc1CNC(=O)c1c(C)oc2c1CCCC2,0
COc1ccc(CCN(C)C(=O)N2CCOCC2)cc1OC,0
CCc1ccc(N(C(C)=O)C2C=CS(=O)(=O)C2)cc1,0
Cc1cccc(-c2csc(N)c2C(=O)OC(C)C)c1,0
CC(C)Oc1ccc(C(=O)Nc2ccccc2N2CCCC2)cc1,0
COc1cccc(C(=O)Nc2nc(-c3ccc(S(=O)(=O)N4CCOCC4)cc3)cs2)c1,0
COc1ccc(C(=S)Nc2ccc(N(C)C)cc2)cc1,0
CCn1cc(C(=O)NCc2ccco2)c(=O)c2cc(S(=O)(=O)N3CCC(C)CC3)ccc21,0
O=S(=O)(c1cccc2nonc12)N1CCN(c2cccc(Cl)c2)CC1,0
Cc1n[nH]c(C)c1S(=O)(=O)N1CCCC(C(=O)NC2CCCc3ccccc32)C1,0
O=S(=O)(c1cccc2nsnc12)N1CCN(c2ncccn2)CC1,0
Cc1ccc(-c2cc(C(=O)NCc3ccco3)no2)cc1,0
CC1(C)CC(=O)C(=CNCCN2CCN(C(=S)Nc3ccc(F)cc3)CC2)C(=O)C1,0
Cc1cc(C)n(-c2nc3sc4c(c3c3nnc(SCC(N)=O)n23)CC(C)(C)OC4)n1,0
CCCCCc1nc(N)c(C#N)c(-c2ccco2)c1CCCC,0
CC(C)(C)C(=O)N1CCN(c2ccc([N+](=O)[O-])c(NCC3CCCO3)c2)CC1,0
Cc1ccc(NC(=O)Cn2c(=O)n(CCCCC(=O)NCc3ccco3)c(=O)c3ccccc32)cc1,0
Cc1cccc(NC(=O)CSc2nnc(-c3ccc(S(=O)(=O)N4CCCC4)cc3)o2)c1,0
COC(=O)c1ccc(NC(=O)c2ccc(C)cc2)o1,0
Cn1c2c(c(=O)n(C)c1=O)CN(CCN1CCNCC1)CN2,0
CC(=O)Nc1ccc(-c2nc(C)c(C(C)=O)n2O)cc1,0
O=C1C=CC(=C2NN=C(SCC(=O)N3CCc4ccccc4C3)N2Cc2ccco2)C=C1,0
O=C(Nc1cccc2c1CCCC2)C1CCN(C(=O)NC2CCCCC2)CC1,0
CCOc1ccccc1NC(=O)C1CCCN(C(=O)Nc2ccccc2)C1,0
c1ccc2c(c1)nc(N1CCOCC1)c1nncn12,0
Cc1cc(=O)nc2[nH][nH]c(-c3ccccc3)c1-2,0
Cc1ccc(C)c(OCC(=O)Nc2nonc2NC(=O)COc2cc(C)ccc2C)c1,0
CC(C)Nc1oc(Cc2cccc3ccccc23)nc1C#N,0
Cc1ccccc1N(CC(=O)NCCSC1CCCCC1)S(=O)(=O)c1ccccc1,0
CCOc1ccc(C(C)(C)C)cc1S(=O)(=O)N1CCOCC1,0
CCN(CC)S(=O)(=O)c1ccc(NS(=O)(=O)Cc2ccccc2)cc1,0
Cc1ccc(NC(=O)Cn2nc(C)c3ccccc3c2=O)c(C)c1,0
COC(=O)CN(c1ccccc1C)S(C)(=O)=O,0
CCOC(=O)C1CCCN(C(=O)c2cc(Nc3ccc(OC)c(OC)c3)nc3ccccc23)C1,0
CCOC(=O)Cn1c(=O)c2c(nc(N3CCCCC3)n2Cc2ccccc2)n(C)c1=O,0
Cc1ccc2cc(CN(Cc3ccc4c(c3)OCO4)Cc3nnnn3Cc3ccco3)c(=O)[nH]c2c1,0
CC(C)(C)c1ccc(C(=O)NCC(=O)OCN2C(=O)c3ccccc3C2=O)cc1,0
O=c1nc(N2CCOCC2)[nH]c2c1CCCC2,0
Cc1c(C#N)c2ncn(Cc3ccccn3)c(=O)c2n1-c1ccccc1,0
Cc1oc(C)c(C(N)=O)c1C(N)=O,0
CCC(C)(NC(=O)CNC(C)=O)C(=O)NC1CCCCC1,0
COCCCn1c(SCC(N)=O)nnc1-c1ccccc1,0
CCCC(=O)Nc1cc(-c2nn(C)c(=O)c3ccccc23)ccc1N1CCOCC1,0
N#Cc1ccc(Oc2nc(C(N)=O)cc(-c3ccccc3)n2)cc1,0
CCc1ccc(NC(=O)CSc2nnc(SCC(=O)Nc3ccc(CC)cc3)n2N)cc1,0
COc1cc(C(=O)NC(=S)Nc2cccc(-c3cc4ccccc4oc3=O)c2)cc(OC)c1OC,0
Cc1ccc(-c2ccc(CCC(=O)O)n2-c2ccc(O)cc2)cc1,0
COc1ccc(Cn2c(CCC(=O)Nc3ccccc3)nc3cccnc32)cc1,0
Cc1nc(CCN2C(=O)c3ccccc3C2=O)n[nH]1,0
COc1ccc2c(c1)C1(Nc3ccccc3C(=O)N1c1ccccc1)C(=O)N2,0
O=C(NCc1ccccc1)c1ccc(Cl)cc1[N+](=O)[O-],0
COc1ccc(C(=O)N2CCC(n3c(C)nc4cc(F)ccc43)CC2)cc1OC,0
Cc1ccccc1N/N=C1\CCCNC1=O,0
COC(=O)CSc1nnc(-c2ccccn2)n1Cc1ccco1,0
CCc1cccc2c(C=C(C#N)C#N)cn(CC(=O)N3CCCCCC3)c12,0
CC(=O)Nc1cccc(Oc2cc(C#N)c(C#N)cc2N2CCCCCC2)c1,0
Cc1ccc(C(=O)NCCSC(C)(C)C)cc1,0
COc1ccc(CNc2oc(C)nc2C#N)cc1,0
CC(C)C(NS(=O)(=O)c1cccs1)C(=O)N1CCc2ccccc2C1,0
Cn1c(NC(=O)c2cccnc2)nc2ccccc21,0
O=C(NCCOC12CC3CC(CC(C3)C1)C2)c1cccc(Br)c1,0
CCOc1cccc(C(=O)Nc2cccc(-c3nc4ncccc4o3)c2C)c1,0
Cc1ccc(S(=O)(=O)N(C)CC(=O)O/N=C(\N)c2ccccn2)cc1,0
Cc1ccc(NC(=O)c2ccc(CSc3nnnn3C)cc2)cc1,0
Cc1ccc(NC(=S)c2nc3ccccc3[nH]2)cc1,0
O=C(C1CCCN(c2ncccn2)C1)N1CCc2ccccc21,0
Oc1ccccc1CNc1ccc(Br)cn1,0
CCNS(=O)(=O)c1ccc(CCC(=O)Nc2cc(Cl)ccc2Oc2ccccc2)cc1,0
COc1cccc(C(=O)Nc2cnc(NC(=O)c3ccco3)cc2C)c1,0
CCCCn1cnc2cc(NCc3cccc(OC)c3O)ccc21,0
CC(=O)Oc1c(S(=O)(=O)c2ccccc2)c(C)nn1C(C)(C)C,0
COc1ccc(-c2nc(-c3ccc(Br)o3)no2)cc1OC,0
O=C(COc1ccccc1)Nc1ncccn1,0
O=C(NC(=S)Nc1cccc(Cl)c1N1CCCC1)c1ccc(-c2cccc([N+](=O)[O-])c2)o1,0
CC(C)CC(=O)Nc1ncnc2c1C(=O)CC(C)(C)C2,0
COc1ccc(CNC(=O)Cn2nc(Cc3cccnc3)c3ccccc3c2=O)cc1,0
Cc1ccccc1-n1c(=O)c2ccccc2n2cnnc12,0
COc1ccc(CNC(=O)CN2CCC(C(=O)c3ccc(OC)cc3)CC2)cc1,0
COC(=O)CCC(=O)NNC(=O)c1ccc(Br)cc1,0
Cc1nn(C(=O)c2cccc([N+](=O)[O-])c2)c(C)c1Sc1ccccc1,0
Cc1ccc(Cl)cc1N1CCN(S(=O)(=O)c2c(C)[nH]c(=O)[nH]c2=O)CC1,0
CS(=O)(=O)C1=C(O)C(=O)N(CCCC(=O)O)C1c1ccccc1F,0
COc1ccc(S(=O)(=O)N2CCC(C(=O)N3CCc4ccccc4C3)CC2)cc1Cl,0
COc1cccc(NC(=O)CSc2nnc(-c3cccc(OC(C)C)c3)n2N)c1,0
Cc1nn(S(=O)(=O)c2cccs2)c(C)c1Sc1ccc([N+](=O)[O-])cc1,0
CCC(CC)NC(=O)c1ccc2nc[nH]c2c1,0
O=C1CS/C(=N\c2ccc(O)cc2)N1c1ccc(O)cc1,0
Cc1ccccc1CN(c1ccc(C(=O)Nc2ccccc2C(=O)NCc2ccco2)cc1)S(C)(=O)=O,0
Cc1onc(-c2c(F)cccc2Cl)c1C(=O)N1C=CC(C(F)(F)Cl)=NCC1,0
CCOC(=O)/C=C1\SCC(=O)N1CC(=O)Nc1ccccc1OC(F)F,0
COc1ccc(-n2ncc3c(=O)n(CC(=O)N4CCCc5ccccc54)cnc32)cc1,0
Cc1ccc(NC(=O)C2CCN(S(C)(=O)=O)CC2)cc1C,0
Cc1nnc(Sc2nc3ccccc3o2)c2ccccc12,0
CCc1nn2c(N3CCOCC3)cc(C)nc2c1-c1ccc(F)cc1,0
COc1ccc(-c2c(NC(=O)C(C)C)n(C)c3ccccc3c2=O)cc1,0
C/C(CC(=O)NCc1ccco1)=N\NC(=O)C(c1ccccc1)c1ccccc1,0
O=C(O)C1=C(Br)C2=NC(c3ccccc3)CC(C(F)(F)F)N2N1,0
COc1ccc(/C=N/NC2=NC(=O)C(c3ccccc3)(c3ccccc3)S2)cc1,0
OC(C#CCN1CCCCC1)c1ccccc1,0
Cc1cc(C)cc(NC(=O)CC2NCCNC2=O)c1,0
C=CCC1=CC=C/C(=C\Nn2cnnc2)C1=O,0
Cn1c(/C=N/n2cnnc2)nc2ccccc21,0
COc1ccc(-c2nnc(SCC(=O)Nc3ccc(Cl)cc3)n2C)cc1,0
CCc1cc(C(=O)Cc2cnn(-c3ccccc3)c2)c(O)cc1O,0
c1ccc(-c2nn3nnnc3c3ccccc23)cc1,0
O=C(COC(=O)c1c2c(nc3ccccc13)CCCC2)Nc1ccc2c(c1)OCO2,0
O=C(O)c1cccnc1SCC(=O)N1CCCCCC1,0
c1ccc(-c2[nH]ncc2-c2nc3ccccc3[nH]2)cc1,0
Cc1cc2occ(CC(=O)Nc3nccs3)c2cc1C(C)C,0
O=S(=O)(c1ccc(Cl)cc1)N1CN2CCN(C2)C1,0
O=C(Cc1cccc2ccccc12)NNC(=O)c1cccs1,0
CCOc1ccc(CN2C(=O)c3ccccc3C2C(=O)NCc2cccnc2)cc1,0
CCCCCCc1nc2ccccc2c(=O)n1NC(=O)c1c(O)n2c3c(cccc3c1=O)CC2,0
C=CCSc1nc(=O)c(-c2ccccc2NC(C)=O)n[nH]1,0
Cc1ccc(CNC(=O)c2cn(C3CCCCC3)c(=O)c3c2c2ccccc2n3C)o1,0
CCOC(=O)c1ccc(NC(=O)Nc2ccc(OC)c(OC)c2)cc1,0
Fc1cccc(-c2cc3nc(-c4ccccc4)cc(N4CCC5(CC4)OCCO5)n3n2)c1,0
CC(C)CNC(=O)CCc1c[nH]c2ccccc12,0
CCCCSc1nnc(CSc2nc3nc(C)cc(C)n3n2)o1,0
O=C(O)CCn1c(SCc2ccccc2)nc2ccccc21,0
Cc1ccc2nc(-c3cc(N)cc(N)c3)oc2c1,0
COC(=O)Cc1cc(=O)n2[nH]c(SC)nc2n1,0
Cc1cccc(C)c1OCc1nnc(SCC(=O)Nc2ccccc2F)o1,0
Cc1ccc(C(=O)N(c2c(C)n(C)n(-c3ccccc3)c2=O)C(C)C)cc1,0
Cc1ccc(C(=O)c2cncc(Br)c2)cc1,0
c1ccc(-c2csc3nnc(SCc4ccc5c(c4)OCO5)n23)cc1,0
CN1CCN(c2cc(-c3ccccc3)nc3cc(-c4ccc(F)cc4)nn23)CC1,0
CCn1c(SCC(=O)Nc2nccs2)nnc1-c1ccc(S(=O)(=O)N2CCCCC2)cc1,0
Cc1ccc(C(C)C)c(OCc2nnc(SCC(=O)Nc3ncc(C)s3)n2C)c1,0
COc1cc2c(cc1OC)C1Cc3c(cnc4c(-c5ccc(F)cc5)cnn34)C(=O)N1CC2,0
Nn1cnnc1SCC(=O)Nc1ccc2c(c1)OCCO2,0
CCC(=O)n1nc(-c2ccco2)nc1N,0
COc1ccc(N2C(=O)CC(N3CCN(S(=O)(=O)c4c(F)cccc4F)CC3)C2=O)cc1OC,0
COn1c(-n2nc(C)cc2C)nc2ccccc2c1=O,0
COc1ccc(S(=O)(=O)N2CCN(c3cc(-c4ccccc4)nc4ncnn34)CC2)cc1,0
C/C(=N\NC(N)=S)c1ccccc1[N+](=O)[O-],0
CCc1nnc(NC(=O)CSc2nnc(COc3ccc(C)cc3)n2-c2ccccc2)s1,0
CNC(=O)CCc1nc(-c2ccc(C(C)(C)C)cc2)no1,0
N#Cc1c(N)c(C(=O)c2ccc(Br)cc2)n2c1CCC2,0
N#Cc1nc(-c2ccc(OCc3ccccc3)cc2)oc1NCCN1CCOCC1,0
O=C(Nc1ccccc1C(=O)NCCc1ccccc1)c1ccco1,0
O=C(Nc1ccc(O)cc1)c1cc(S(=O)(=O)N2CCCC2)ccc1Cl,0
O=C(CSc1ncnc2ccccc12)N1CCCC1,0
Nc1nnc(SCc2ccc(Br)cc2)n1-c1ccccc1,0
COc1cccc(OCc2cc(/C=N/NC(=O)c3ccn[nH]3)ccc2OC)c1,0
COc1ccc(C(=O)NCCn2ccc3ccccc32)cc1,0
CCOc1ccc(C(=O)Nc2ccncc2)cc1,0
O=S(=O)(Nc1ccc2c(c1)OCCO2)c1ccc(F)cc1,0
O=C(CCN1CCN(c2ccccc2)CC1)Nc1ccc(OCc2ccccc2)cc1,0
CCOC(=O)C1CCCN(C(=O)COC(=O)C2=COCCO2)C1,0
C(=N/n1cnnc1)\c1cccnc1,0
COc1ccccc1-c1nc(-c2ccc(Br)o2)no1,0
COCCn1c(SCc2ccc(C(=O)OC)o2)nc2cc(Cl)ccc2c1=O,0
CCNC(=O)COc1ccc(S(=O)(=O)Nc2ccccc2)cc1,0
Cc1[nH]c2ccccc2c1C(=O)Cn1c(=O)oc2ccccc21,0
O=C(CC1NC(=O)NC1=O)Nc1ccccc1,0
CCOc1cc(S(=O)(=O)N2CCCCC2)ccc1F,0
CCOc1ccc(NC(=O)C2CCCN(C(=O)NCc3ccccc3)C2)cc1,0
CC(C)C(=O)N1CCN(c2ccc(NC(=O)c3ccc(Br)o3)cc2)CC1,0
CCNc1c(N)c(=O)oc2ccccc12,0
O=C(O)Cn1c(SC2CCCCC2)nc2ccccc21,0
Clc1cccc(Cl)c1-c1nnc2cccc(Cl)n12,0
CCCn1c(C(=O)OC)cc2c1ccn2-c1ccc(F)cc1,0
CCc1cc(C(=O)OC)c(NC(=O)C2CC(=O)NN2Cc2ccccc2)s1,0
N#Cc1cnn(-c2ccccc2)c1N,0
COc1ccccc1OCC(=O)Nc1ccc(C(N)=O)cc1,0
CCOC(=O)c1[nH]c(C)c(C(=O)N2CCc3ccccc32)c1C,0
COc1ccccc1CN(Cc1nc(=O)c2ccccc2[nH]1)C(=O)Nc1ccccc1C,0
C=CCn1c(=O)c2ccccc2n2c(SC(C)C(=O)Nc3nc(-c4ccccc4)cs3)nnc12,0
CCC(C)(C)n1nnnc1C(C(C)C)N(CCN1CCOCC1)Cc1cc2cccc(C)c2[nH]c1=O,0
Cc1ccc(S(=O)(=O)N2CCOCC2)cc1C(=O)N1CCOCC1,0
Cc1ccc([N+](=O)[O-])cc1NC(=O)c1ccc(-c2ccccc2)cc1,0
COC(=O)c1cc(NC(=O)c2c(Cl)nc3sccn23)cc(C(=O)OC)c1,0
N#Cc1nc(COc2ccccc2F)oc1N1CCCCCC1,0
O=S1(=O)CC(N2CCOCC2)c2ccccc21,0
Cc1nn(CCOc2ccccc2)c(=O)n1-c1c(F)cccc1F,0
COc1ccc(NS(=O)(=O)c2cccc(C(=O)O)c2)cc1,0
CC(C)NC(=O)Cn1nnc(-c2cccc(NC(=O)c3ccccc3F)c2)n1,0
COc1cc(C)c(S(=O)(=O)N2CCOCC2)cc1C,0
Cc1ccc(NC2c3ncccc3C(=O)N2C2CCCCC2)cc1C,0
COc1ccc(CNc2nc3ccccc3n2CCN2CCOCC2)cc1,0
Cc1ccc(NC(=O)c2ccc3c(c2)OCCO3)cc1,0
COc1ccc(S(=O)(=O)n2ccc(C)n2)cc1C,0
O=C(NCc1ccncc1)C1CCCN(S(=O)(=O)Cc2ccccc2)C1,0
Cc1cccc(NC(=O)c2sc(C)nc2C)c1,0
Cc1cc(C)c(NC(=O)CSc2nc3ccc(NC(=O)CSc4nnnn4Cc4ccccc4)cc3s2)c(C)c1,0
CCCn1c(NCc2cccc(OC)c2O)nc2ccccc21,0
CC(CNc1ccc([N+](=O)[O-])cc1)NC(=O)c1ccccc1Br,0
CCN(CC)c1ccc(C(=O)OCC(=O)NCC2CCCO2)cc1,0
O=C(COC(=O)CCc1ccc(S(=O)(=O)N2CCOCC2)cc1)Nc1ccc(Cl)cn1,0
Cc1cc(-c2ccc(/C=N/n3cnnc3)o2)c([N+](=O)[O-])cc1C,0
O=C(Nc1ccc(Cl)c([N+](=O)[O-])c1)c1ccc(NCCCN2CCOCC2)c([N+](=O)[O-])c1,0
COc1ccc(C)cc1NC(=O)COC(=O)c1c(C)noc1C,0
Cc1ccc(Nc2nc(C)cc(C)c2C(N)=O)cc1,0
Cc1ccc(NC(=O)CCC(=O)NCCO)cc1,0
CCn1c(O)c(C(=O)NCCc2ccccc2)c(=O)c2ccccc21,0
CCn1c(SCc2ccc(C)cc2)nnc1C(Cc1ccccc1)NS(=O)(=O)c1ccc(F)cc1,0
N#Cc1nc(COc2ccccc2F)oc1NCc1ccc(F)cc1,0
CC(=O)c1cccc(NC(=S)NCCC2=CCCCC2)c1,0
[O-][n+]1onc2c1CCc1nnc(-c3ccccc3)cc1-2,0
NC(=O)c1cc(N)ccc1N1CCCC1,0
CCOC(=O)CN1C(=O)C(Sc2nnc(-c3ccccc3OC)s2)CCc2ccccc21,0
CN(C)c1ccc(C2=NOC(CN3C(=O)c4ccccc4S3(=O)=O)C2)cc1,0
COc1ccc(S(=O)(=O)N2CCC(C(=O)N3CCc4ccccc4C3)CC2)cc1C,0
Cc1ccc(-n2c(SCC(N)=O)nnc2-c2ccc(S(=O)(=O)N3CCCCC3)cc2)c(C)c1,0
CC(=O)N(Cc1cc(=O)[nH]c2ccccc12)c1cccc(C)c1,0
CCCOc1nc2c(c(=O)n(C)c(=O)n2C)n1CC,0
Cc1cc2ncc(C(=O)Nc3ccccc3)c(C)n2n1,0
O=C(CN1CCOCC1)Nc1ncc(Cc2ccccc2Cl)s1,0
Cc1ccc(C(NC(N)=O)c2ccccc2C)cc1,0
CCOC(CNC(=O)c1ccc2nc(N3CCC(C)CC3)sc2c1)OCC,0
CCCNC(=O)c1cc(-c2ccc(Br)cc2)on1,0
COC(=O)c1cc(C(C)=O)n2ccccc12,0
CCOC(=O)c1ccc(NC(=O)Cn2nnc(-c3ccc(C)cc3)n2)cc1,0
CCCCn1c(SCc2ccc(Cl)cc2)nc2c1c(=O)[nH]c(=O)n2C,0
Cc1ccc(S(=O)(=O)NNC2=c3ccccc3=NC2=O)cc1,0
COc1cc(/C=N/NC(=O)c2cccnc2)ccc1OC(=O)c1ccc2c(c1)OCO2,0
COc1ccc(CNc2nc3ccccc3n2Cc2ccccc2)cc1OC,0
O=C(NC1CCN(C(=O)N2c3ccccc3Sc3ccccc32)CC1)c1ccccc1Cl,0
Cc1ccc(CNC(=O)C2CC(=O)N(C3CCCCCCC3)C2)cc1,0
COc1cc(Br)cc2cc(C(=O)N3CCN(c4ccccn4)CC3)c(=O)oc12,0
CCn1c(Cc2ccccc2)nnc1SCC(=O)Nc1nnc(-c2ccccc2)s1,0
FC(F)(F)c1nnc2ccc(NCn3nnc4ccccc43)nn12,0
COc1cc(S(=O)(=O)N2CCCCC2)ccc1NC(C)=O,0
COc1ccc(-c2nnn(CCC(=O)O)n2)cc1,0
COc1ccc(CC(=O)Nc2c3c(nn2-c2cccc(Cl)c2)CS(=O)(=O)C3)cc1,0
O=C(CCN1C(=O)C2C3C=CC(C3)C2C1=O)N1CCN(c2cccc(Cl)c2)CC1,0
Nc1ncnc2nc(-c3ccccc3)cc(-c3ccc(F)cc3)c12,1
O=C(CSc1nnc(NC(=O)C2CC2)s1)Nc1ccc(F)cc1,0
COc1ccc2nc(NC(=O)C3CCN(S(=O)(=O)c4cccc5nsnc45)CC3)sc2c1,0
O=C(NCc1ccco1)Nc1ccc(Br)cc1,0
Cc1ccc(S(=O)(=O)NCCc2ccncc2)cc1,0
O=C1CCc2cc(S(=O)(=O)NC(Cc3ccccc3)C(=O)NC3CCCCC3)ccc2N1,0
O=C(Nc1ccccc1)c1cnc(-c2ccccc2)nc1-c1ccccc1,0
N#Cc1nc(Cc2cccc3ccccc23)oc1NCCN1CCOCC1,0
O=C(OCc1cc(=O)n2cc(Br)ccc2n1)C1COc2ccccc2O1,0
Cc1ccc(-c2c(C#N)c(N)n(-c3ccccc3)c(=O)c2C#N)cc1,0
COc1ccc(-c2cc(=O)[nH][nH]2)cc1,0
CCn1c(O)c(C(=O)NCc2ccc(OC)cc2)c(=O)c2ccccc21,0
CC12CC3CC(C)(C1)CC(C(=O)NC1=NCCS1)(C3)C2,0
CC(=O)c1sc(NC(=O)c2cc3c(C)nn(-c4ccccc4)c3s2)nc1C,0
CC1CCC2(CC1)SCC(=O)N2c1ccccc1,0
O=C(O)CN1C(=O)CNC1=O,0
O=C(Nc1ccccc1)c1nnn(Cc2ccccc2)c1NC(=O)C(F)(F)F,0
Brc1ccc(-c2nnc(-c3cccnc3)c3conc23)cc1,0
COc1cc2c(cc1OC)C1=C(C#N)CC/C(=N\S(=O)(=O)c3cccc(Cl)c3)N1CC2,0
CNC(=O)CN(c1cccc(Br)c1)S(C)(=O)=O,0
O/N=C/c1cccn1-c1ccc(O)cc1,0
Cc1ccc(C(=O)Nc2ccccc2C(N)=O)o1,0
O=C(CSCc1ccc(F)cc1)N1CCOCC1,0
COc1ccccc1NC(=O)N(Cc1cc2cc(OC)c(OC)cc2[nH]c1=O)CC1CCCO1,0
COCc1cc(=O)n2[nH]c(-c3ccccc3)cc2n1,0
O=C(CCn1nc(-c2ccccc2)ccc1=O)NCCCN1CCCCCC1,0
Clc1cccc(Cl)c1-c1nnc2ccc(N3CCOCC3)nn12,0
O=C(Nc1ccccc1)Nc1ccc(C(=O)N2CCOCC2)cc1,0
CCCC(=O)n1nc(-c2ccccc2)nc1SC,0
CCCc1nc(-c2ccc(-c3ccc(F)cc3)cc2)no1,0
CCc1ccccc1NC(=O)CSc1ncn[nH]1,0
COc1c(C)cccc1C(=O)Nc1ccc(CN2CCOCC2)cc1,0
CCn1cc(Cl)c(C(=O)Nc2nc3ccccc3n2CCN2CCCCC2)n1,0
Cc1ccc(/N=C2\N=C(N)c3ccccc32)cc1C,0
CSC1=NCCN1C(=O)c1c(-c2ccccc2Cl)noc1C,0
O=C1NCCN1C(=O)N(c1ccccc1)c1ccccc1,0
COC(=O)CSc1nc(N)c(C#N)c(C(C)C)c1C#N,0
O=C(Cn1nnc(-c2ccccc2)n1)NCc1ccccc1,0
Cc1ccc(OCCn2cc(Br)c(=O)[nH]c2=O)cc1,0
COc1ccc(-c2cn[nH]c2N)cc1OC,0
c1ccc2c(-c3nn4nnnc4c4ccccc34)cccc2c1,0
Cc1cc(C(=O)OCn2nnc3ccccc3c2=O)c(C)n1-c1ccccc1,0
CCC(=O)Nc1ccc(-c2nc(-c3ccccc3)n(CC(=O)N3CCCCC3)n2)cc1,0
CCOc1ccc(S(=O)(=O)NCc2ccc(F)cc2)c2cccnc12,0
CCN(CC)CCCN1C(=O)C(O)=C(C(=O)c2cc3ccccc3o2)C1c1ccccn1,0
CNC(=O)NCC12CC3CC(CC(C3)C1)C2,0
CCn1c2c(c3cc(Br)ccc31)CCC/C2=N\O,0
COc1ccccc1-c1cc(C2CC2)nc(N)c1C#N,0
CCOC(=O)c1c(N)c(C#N)cn1-c1ccccc1,0
Cc1n[nH]c(=O)nc1N1CCc2ccccc2C1,0
CC(NCc1ccc2c(c1)OCO2)=C1C(=O)c2ccccc2C1=O,0
COc1cccc(NC(=O)COC(=O)c2ccc(S(=O)(=O)NCc3ccco3)cc2)c1,0
Cn1c(=O)c2[nH]c(Nc3ccccc3)nc2n(C)c1=O,0
CCCOn1c(-n2nc(C)cc2C)nc2ccccc2c1=O,0
Cc1nc2c(=O)n(C)c(=O)[nH]c2n1Cc1ccccc1,0
Cc1ccc(Cl)cc1N1CCN(C(=O)CN(C2CCCCC2)S(C)(=O)=O)CC1,0
COc1ccc(CNC(=O)c2cccnc2Sc2ccc(Cl)cc2)cc1,0
Cc1nc2cc(C(F)(F)F)ccc2n1C1CCN(C(=O)N2CCOCC2)CC1,0
Cc1ccc2nc(N3CCC(C(=O)O)CC3)nc(-c3ccccc3)c2c1,0
Cn1c(=O)c2c(nc(CN3CCOCC3)n2CCCc2ccccc2)n(C)c1=O,0
O=C(NCc1ccccc1)/C(NC(=O)c1ccccc1)=C(/Sc1ccccn1)c1ccccc1,0
CCOC(=O)C1C(=O)N(C)C2(C)CC1c1ccccc1O2,0
Cc1c(/N=C/c2ccncc2)c(=O)n(-c2ccccc2)n1C,0
O=C(NCc1ccccc1)c1c[nH]c2cc3c(cc2c1=O)OCCO3,0
Cc1ccc(-c2nc3ccccc3c(=O)n2-c2cc(C)ccn2)cc1,0
CC1(C)CC(=O)c2c(-c3cccnc3)n[nH]c2C1,0
Cc1ccc(NC(=O)N2CCCC2C(=O)NCCC2=CCCCC2)cc1,0
COC(=O)c1oc2ccc(Br)cc2c1-n1cccc1,0
COc1ccc2c(c1)CC/C(=C\Nc1ccc3c(c1)OCO3)C2=O,0
O=C(NCCN1CCOCC1)c1cc(S(=O)(=O)NCCCN2CCCC2=O)ccc1Cl,0
CC(C)C(CCNC(=O)CC(Cc1ccccc1)c1ccco1)c1ccco1,0
O=C(Nc1ccc2nccnc2c1)c1cnccn1,0
CCN(Cc1nc(=O)c2ccccc2[nH]1)Cc1cc(=O)oc2cc(C)c(C)cc12,0
Cc1nc(SCC#N)c2c3c(sc2n1)CCC3,0
CCCS(=O)(=O)N1CCC(C(=O)NCCCOC(C)C)CC1,0
CCCCn1c(NC(C)CC)nc2c1c(=O)[nH]c(=O)n2C,0
Nc1nonc1C(=O)NCCNS(=O)(=O)c1ccc(Br)cc1,0
O=C(CN1C(=O)NC2(CCCC2)C1=O)Nc1ccc(F)cc1,0
COCCNC(=O)c1ccccc1NC(=O)c1ccc(Cl)c(S(=O)(=O)Nc2ccc(C)cc2C)c1,0
CCNc1oc(COc2cccc(C)c2)nc1C#N,0
Cc1nn(-c2ccccc2)c(C)c1/C=N/NS(=O)(=O)c1ccc(Cl)cc1,0
NC(=O)c1ccccc1OCC(=O)NC12CC3CC(CC(C3)C1)C2,0
O=C(CSc1ccccc1)Nc1ccccc1N1CCOCC1,0
Cc1cc(OCC(=O)Nc2ccccc2F)nc(C(C)C)n1,0
Cc1c(Cl)cccc1N1C(=O)c2ccccc2C1=O,0
CCc1cc2c3c(c1)/C(=C1/SC(N)=NC1=O)C(=O)N3C(C)(C)C=C2C,0
CC(C)(C)C1(C)OC(C(=O)NC2CCCCC2)C(C(=O)NC2CCCCC2)O1,0
CCC(=O)c1ccc(OCC(O)Cn2c(C)nc3ccccc32)cc1,0
O=C(NC1CCCC1)C(c1ccccc1)N(Cc1ccco1)C(=O)Cc1cccs1,0
Cn1c(NC(=O)c2ccccc2C(F)(F)F)cc(=O)n(C)c1=O,0
CCC(C)NC(=O)c1n[nH]c(=O)c2ccccc12,0
COc1ccccc1NC(=O)CN(c1ccccc1F)S(C)(=O)=O,0
CCN(CC)C(=O)N1CCC(NC(=O)Cc2ccccc2)CC1,0
O=C(C1CC1)N1CCN=C1SCc1ccc(Cl)cc1,0
Cc1[nH]c2ccc(C(=O)OCCN(C)C)cc2c1C,0
COc1ccc(N(C)C(=O)Nc2ccc3c(c2)nnn3C)cc1,0
CCN(Cc1ccccc1)C(c1cc2cc(C)cc(C)c2[nH]c1=O)c1nnnn1CCOC,0
CCOC(=O)c1sc(Nc2cccc(C)c2C)nc1C,0
Nc1c(Nc2ccccc2)c2ccccc2oc1=O,0
Cn1c(=O)c2c(nc(N3CCOCC3)n2C)n(C)c1=O,0
Cc1cccc(NC(=O)Cn2cccc2)c1,0
C=CCNC(=O)C(C#N)c1nc2ccccc2nc1N1CCCCCC1,0
CCCCNC(=O)C1CC(=O)N(c2ccc(OC)cc2)C1c1ccc(OC)cc1,0
C#CCSc1nnc(-c2ccc(OC)cc2)o1,0
COc1cc(S(=O)(=O)NC2CCCC2)ccc1F,0
COc1cc(NC(=O)C(C)C)ccc1NC(=O)c1ccco1,0
CCC(C)(C)n1nnnc1C(c1cc2cc(OC)ccc2[nH]c1=O)N1CCc2ccccc21,0
COc1cc(C(=O)Nc2ccccn2)cc(OC)c1OC,0
O=C(Oc1ccc2c(c1)OCO2)c1ccc(F)cc1Cl,0
CCOc1ccc2nc(SCC(=O)Nc3ncccn3)[nH]c2c1,0
NC(=O)Cn1c(S(=O)(=O)Cc2ccccc2)nc2ccccc21,0
COc1ccc(S(=O)(=O)n2cnc3cc(C)c(C)cc32)cc1,0
CCOc1ccccc1Nc1nc(=O)c(C)n[nH]1,0
CCOC(=O)c1nc2ccccc2s1,0
CCN(CC)C(=O)c1sc(NC(=O)Cc2ccccc2)c(C#N)c1C,0
CCN(CC)CCCNC(=O)c1cn(CCOC)c(=O)c2c1c1ccccc1n2C,0
CSc1nc2oc3c(c2c2nncn12)CC(C)(C)SC3,0
COc1ccc(NC(=O)C2CSC3c4ccccc4C(=O)N23)cc1,0
O=S(=O)(Nc1ccc2c(c1)OCCO2)c1cccc2cccnc12,0
Cn1ccnc1SCC(=O)Nc1ccc2ccccc2c1,0
C/C(=N\NC(=O)c1c[nH]c2ccccc12)c1ccc(C)o1,0
CCOCC(=O)Nc1cc(-c2cn3cccnc3n2)ccc1C,0
CCOC(=O)c1ccc2[nH]c3c(c2c1)CCCCC3=O,0
N#Cc1c(N)n(CCCN2CCOCC2)c2nc3ccccc3nc12,0
Cc1ccccc1Cc1c(C)nc2c(C(=O)N3CCN(Cc4ccc5c(c4)OCO5)CC3)cnn2c1C,0
NC(=O)c1cc(-c2ccccc2)nc(N2CCCCCC2)n1,0
CCCCn1c(=O)[nH]c(=O)c2c1nc(-c1ccc(C#N)cc1)n2C1CCCC1,0
O=C(NNc1cccc(Cl)n1)Nc1ccccc1,0
COc1cc(C(=O)OC(C)C(=O)NCC2CCCCC2)cc(NC(=O)c2ccco2)c1OC,0
O=C(Nc1ccc(F)cc1Cl)c1ccc2c(=O)n3c(nc2c1)CCCCC3,0
O=C(O)c1ccc(Cl)c(NC(=O)C2CCCN2S(=O)(=O)c2cccc3nsnc23)c1,0
CC1=C2C(=NC3=C(C(=O)CC(C)(C)C3)C2c2ccccc2)NN1,0
Nc1nc2nonc2nc1N1CCCCC1,0
CCn1c(SCC(=O)NCc2ccco2)nnc1-c1ccc(N)cc1,0
C=CCN1C(=O)/C(=N\NC(=O)CNC(=O)/C=C/c2ccco2)c2ccccc21,0
COc1ccc2nc(-c3ccccc3)[nH]c2c1,0
Cc1cccc(C(=O)NC(=S)Nc2ccc(S(=O)(=O)N(C)c3ccccc3)cc2)c1,0
Cc1cc(NC(=O)CCCSc2nc(-c3ccco3)cc(C(F)(F)F)n2)n(-c2ccccc2)n1,0
COc1ccc(-c2cc3nc4c(c(=O)n3[nH]2)CCC4)cc1,0
COc1ccc(C(C)=O)c(OC(=O)c2ccco2)c1,0
CCN(CC)CCCNC(=O)c1[nH]c(C)c(C(=O)NC2CCCCC2)c1C,0
COCCNC(=O)c1ccc(CS(=O)(=O)c2ccccc2)o1,0
Cc1cc(OCc2nnc(SCC(=O)OC3CCCCC3)o2)ccc1Cl,0
COCCNC(=O)C(=O)Nc1ccc(Br)cc1,0
CCN(C(=O)c1c(-c2ccccc2)noc1C)c1ccccc1,0
CCn1c(CNc2cccc(Cl)c2)nnc1SCC(=O)OC1CCCCC1,0
CCCn1c(SCC(=O)Nc2ccccc2N2CCOCC2)nc2c1c(=O)n(C)c(=O)n2C,0
COC(=O)COc1ccc(S(=O)(=O)NCc2ccncc2)cc1,0
CC(NC(=O)c1cccc(N2CCCC2=O)c1)c1ccc2c(c1)OCCO2,0
Cn1ccnc1SCC(=O)Nc1cccc(O)c1,0
COc1cc(Cn2c(N)c(C#N)c3nc4ccccc4nc32)cc(OC)c1,0
CCOC(=O)c1[nH]cc(-c2ccccc2)c1N1CCOCC1,0
Cc1ccc(-c2nc3ccccc3o2)cc1NC(=S)NC(=O)/C=C/c1ccco1,0
CCn1c(CNC(=O)Cc2ccc(OC)cc2)nnc1SCC(=O)Nc1nccs1,0
C=CCNC(=O)c1ccc2c(c1)nnn2C,0
COc1ccc(N2CCN(C(=O)CNC(=O)Cn3c(C)cc4ccccc4c3=O)CC2)cc1,0
COc1cc(C(=O)NCC(=O)OCC(=O)c2ccc[nH]2)cc(OC)c1OC,0
CCC(C)Nc1ncnc2c1cnn2Cc1ccc(Cl)cc1,0
O=C(Nc1nc2ccccc2[nH]1)C12CC3CC(CC(C3)C1)C2,0
CC(=O)CC(=O)Nc1ccn(-c2ccccc2)n1,0
O=C(Nc1ccccc1)N1CCCC(c2nc(-c3ccc(F)cc3)no2)C1,0
CCOC(=O)c1ccc(NC(=O)Nc2ccc3c4c(cccc24)C(=O)N3CC)cc1,0
CCc1c(C)nc2cc(-c3ccc(OC)c(OC)c3)nn2c1NCC1CC1,0
Cc1ccccc1N(CC(=O)N/N=C/c1ccc(N(C)C)cc1)C(=O)c1ccccc1,0
O=c1nc(CS(=O)(=O)c2ccccc2)[nH]c2ccccc12,0
Cc1ccc(NC(=O)COc2ccccc2)c(NC(=O)c2ccccc2C)c1,0
Nc1c(S(=O)(=O)c2cccs2)c2nc3ccccc3nc2n1Cc1cccs1,0
CCOC(=O)c1sc(N(Cc2ccccc2)C(=O)CSc2ncn[nH]2)nc1C,0
Cc1cc(Cl)ccc1NC(=O)CSc1nnc(-c2ccncc2)n1Cc1ccco1,0
O=C(c1ccc(-c2ccccc2)cc1)N1CCN(c2ncccn2)CC1,0
CCOC(=O)CSc1nnc(-c2ccc(OC)cc2)n1CC,0
Cc1nc(/C=C/c2ccccc2)cc(/C=C/c2ccccc2)n1,0
COc1cc2c(C(=O)N3CCN(C)CC3)c(C)oc2cc1Br,0
CN(C)c1cccc2c(S(=O)(=O)N3CCOCC3)cccc12,0
Cc1ccc(-c2nnn(CC(=O)N(Cc3ccccc3)C(C(=O)NC(C)(C)C)c3ccncc3)n2)o1,0
COc1ccc(Oc2nc(SC)nc3ccccc23)cc1,0
CCC(=O)Nc1ccc(C(=O)Nc2cc(C)on2)cc1,0
CCN(CC)c1nc(Nc2ccccc2)nc(Oc2ccc(C(=O)OC)cc2)n1,0
Cc1ccc(C)c(OCCCC(=O)Nc2ccc(N3CCOCC3)cc2)c1,0
CCOc1ccc(NS(=O)(=O)c2ccc(OC)c(C)c2)cc1,0
CCOC(=O)C(C)Sc1nc(-c2cccs2)ccc1C#N,0
Cc1[nH]n2c(=O)c3c(nc2c1-c1cccc2ccccc12)CCC3,0
O=C(NCc1ccc(F)cc1)C1CC(=O)N(CCc2ccccc2)C1,0
Cn1c(=O)[nH]c(=O)c2c1ncn2CCCc1ccccc1,0
O=C(c1csc2ccccc12)n1cccn1,0
Cc1ccc(-c2cn3cccnc3n2)cc1NC(=O)c1ccc(Br)o1,0
Cc1ccc(OCCNS(=O)(=O)c2ccc(N3CCCC3=O)cc2)cc1,0
CCOC(=O)c1ccc(NC(=O)N2CCc3ccccc32)cc1,0
O=c1[nH][nH]c(=O)c2cc(N3CCCC3)ccc12,0
COC(=O)c1nc(NC(=O)c2ccc(Br)cc2)n[nH]1,0
c1ccc(-c2nc(NCc3cccnc3)c3ccccc3n2)cc1,0
N=c1c2c(-c3ccccc3)c(-c3ccccc3)n(Cc3ccco3)c2ncn1CCO,0
O=C(NCC(=O)N(c1ccccc1)C(C(=O)NC1CCCC1)c1ccncc1)c1ccco1,0
CC(=O)NC(Cc1ccc(C(C)C)cc1)C(=O)NC1CCN(c2nc(C)cc(C)n2)CC1,0
Cc1ccc(-c2cc(-c3ccc(F)cc3)nc(N)c2C#N)o1,0
Cc1nn(C(C)(C)C)c(OC(=O)c2ccc(Br)o2)c1Sc1ccccc1,0
CC(=O)c1cccc(NC(=O)c2cccc(S(=O)(=O)N(C)C)c2)c1,0
CCOC(=O)C1CCCN(CC(=O)NC2=Nc3ccccc3N=C(C)C2c2ccccc2)C1,0
COCCN1CC(=O)N(c2ccc(C)cc2C)C(c2ccc(N(C)C)cc2)C1=O,0
CCOc1ccccc1NC(=O)CSc1nnc(-c2ccccc2Cl)n1Cc1ccco1,0
COc1ccc(S(=O)(=O)N2CCN(C(=O)C3CCC(=O)N3C3OC(=O)c4ccccc43)CC2)cc1,0
O=C(O)C1CCCCC1C(=O)Nc1cccc(Cl)c1Cl,0
O=C(/C=C\Nc1cccc(F)c1)c1ccc2c(c1)OCO2,0
COc1cc(NC(=O)C2C3C=CC(C3)C2C(=O)O)c(OC)cc1Cl,0
Cc1cc(NCCN2CCOCC2)n2nc(C)c(-c3ccccc3)c2n1,0
CN1CCN(S(=O)(=O)c2ccc3c(c2)NC(=O)C2CCCN32)CC1,0
CCc1nc(NCCN2CCOCC2)c(C#N)c2c1CCCC2,0
COc1ccccc1-c1nc(NC(C)=O)n[nH]1,0
CC(=O)Nc1ccc(Cl)c(C(=O)Nc2cccc(C)n2)c1,0
CCNC(=O)O/N=C(\C)c1sc(-c2ccc(Cl)cc2)nc1C,0
CCCCN(CCCC)c1nc(OC)nc(-n2nnc(C(C)=O)c2C)n1,0
O=C(c1cn(-c2ccccc2)nc1-c1ccc(Cl)s1)N1CCOCC1,0
Cc1ccc(NC(=O)c2cnn(-c3ccccc3)c2NC(=O)c2ccco2)cc1,0
CCOC(=O)c1nn(-c2ccc(C)cc2)c2nc(Nc3ccccc3)cc(=O)n12,0
C=CCn1c(SCC(=O)Nc2cccc(C(=O)OC)c2)nnc1C(C)NC(=O)c1cccs1,0
COc1ccc(CNC(=O)c2cccs2)cc1,0
Cc1nn(C)cc1CNC(=O)c1ccc(Br)o1,0
CCCCc1nnc(NC(=O)C=C(C)C)s1,0
O=c1nc(-c2ccncc2)[nH]c2ccccc12,0
COc1ccc(CC(C(=O)Nc2cccc(F)c2)c2nn[nH]n2)c(OC)c1,0
Clc1ccc(-c2ccc(SCc3ccccn3)nn2)cc1,0
COc1cc(C(=O)NCCOc2ccccc2)c(Br)c(OC)c1OC,0
COc1ccc(-c2nn(-c3ccccc3)cc2/C=N/NC(=O)c2ccc3c(c2)OCO3)cc1,0
CC(=O)c1c(C(C)=O)c(C)n(-c2ccc(N)cc2)c1C,0
CCSc1ccccc1C(=O)Nc1cc(C)on1,0
COc1ccc(N2CCN(C(=O)NC34CC5CC(CC(C5)C3)C4)CC2)cc1,0
O=C(CSc1nnc2ccccn12)c1ccc(OC(F)F)cc1OC(F)F,0
O=C(NCc1ccncc1)Nc1ccccc1,0
Cc1cccc(-c2noc(CCCOc3ccc(Cl)cc3Cl)n2)c1,0
Cc1cccc(NS(=O)(=O)c2cc(OCC(N)=O)c(C)cc2Cl)c1,0
CN1CCN(c2ccc(NC(=O)c3ccc4c(c3)OCO4)cc2)CC1,0
C=CCn1c(CNC(=O)c2ccco2)nnc1SCC(=O)N1c2ccccc2Sc2ccccc21,0
Cc1ccc(-c2noc(CCC(=O)N(C)c3ccccc3C)n2)cc1,0
CCc1ccc2[nH]c(=O)c(CN(Cc3ccccc3OC)Cc3nnnn3Cc3ccco3)cc2c1,0
O=C(Nc1ccc2c3c(cccc13)CC2)c1ccc(Br)o1,0
O=c1oc2ccccc2c(Nc2cccc3ccccc23)c1[N+](=O)[O-],0
CCNC(=O)CN(Cc1ccccc1)S(=O)(=O)c1ccccc1,0
CCc1ccc(-c2cn3nc(C)c(C)nc3n2)cc1,0
COc1cc2c(C(=O)NCc3ccccn3)cn(C)c(=O)c2cc1OC,0
CCC(=O)Nc1cccc(NC(=O)COc2ccc(OC)cc2)c1,0
CCn1c(O)cc(=O)nc1SCC(=O)N1CCCCC1,0
Cn1c(=O)c2c(nc(CN3CCN(c4ccccc4)CC3)n2CCCc2ccccc2)n(C)c1=O,0
COc1ccc(C(=O)NCCCN2CCOCC2)cc1OC,0
COC(=O)c1cc2oc(C)cc2n1CC(=O)Nc1cc(C)cc(C)c1,0
O=[N+]([O-])c1ccc(Sc2cccc3cccnc23)cc1,0
C=CCOc1ccc(C2C(C#N)=C(N)N(Nc3ccccc3)C3=C2C(=O)CCC3)cc1OC,0
c1nc2nc3c(c(N4CCOCC4)n2n1)CCCC3,0
O=C(c1cc(-c2ccccc2)nc2ccccc12)N1N=C(C(F)F)CC1(O)C(F)F,0
Cc1cc(N2CCc3ccccc32)n2ncnc2n1,0
CCOC(=O)Nc1cccc(Nc2ccccc2)c1,0
CCCOc1cccc(C(=O)Nc2cc(NC(=O)c3ccco3)ccc2OC)c1,0
Cc1cc(C)c(C#N)c(SCc2ccc3c(c2)OCO3)n1,0
Cc1ccc(SC(C)C(=O)N2CCCC2)cc1,0
O=C(NS(=O)(=O)c1ccccc1)c1ccccc1O,0
CCc1ccc(NCc2cc3c(C)[nH]n(-c4ccccc4)c-3nc2=O)cc1,0
COc1cccc(OC(=O)CSc2nnc(-c3ccccc3Br)o2)c1,0
COc1ccc(CNC(=O)CCc2nc(-c3ccccc3F)no2)c(OC)c1,0
O=C(Cn1nnc2ccccc21)N1CCCCC1,0
COc1ccc(-c2n[nH]c(C)c2-c2cc(OC)ccc2O)cc1,0
Cc1ccccc1N(CC(=O)NC1CCCC1)C(=O)c1oc(C(C)(C)C)cc1C,0
O=C(CCCN1C(=O)c2ccccc2C1=O)Nc1nccs1,0
CSc1cccc(NC(=O)Nc2ccc(Cl)cc2)c1,0
CN(C)CCCNS(=O)(=O)c1cc(Cl)ccc1Cl,0
CN(C)CCCN1C(=O)c2oc3ccccc3c(=O)c2C1c1cccs1,0
Cc1cccc(N2CCN(C(=O)Cn3c(=O)[nH]c4ccsc4c3=O)CC2C)c1,0
COc1ccc(OC)c(-n2cnc3cc(C(=O)NCCCN4CCOCC4)ccc32)c1,0
O=C(CNC(=O)c1ccc(Br)cc1)NCCc1nc2ccccc2[nH]1,0
COc1ccc(C(N)=O)cc1N,0
CCOc1ccccc1NC(=O)CSc1nnc(-c2ccccn2)n1Cc1ccco1,0
COc1ccc(-c2nn(C)c(=O)c3ccccc23)cc1NC(=O)COc1ccccc1,0
Cn1c(/C=C/N2CCOCC2)c(C(=O)c2ccc(Br)cc2)c(=O)n(C)c1=O,0
CC(C)Sc1nc(N2CCOCC2)c2c3c(sc2n1)COC(C)(C)C3,0
COc1ccc(/C=N/NC(=O)CN2CCS(=O)(=O)CC2)cc1,0
CCOC(=O)n1c(=O)oc2cc(S(=O)(=O)N3CCCCC3)ccc21,0
CCOc1ccccc1N1CCN(C(=O)c2cccc(-c3ccc(O)cc3)c2)CC1,0
COc1ccccc1CNC(=O)c1c(-c2ccccc2)nn(-c2ccccc2)c1C,0
CCOc1ccc(S(=O)(=O)Nc2cc(OC)ccc2OC)cc1,0
Cc1oc(C(=O)O)cc1CSCc1cc(C(=O)O)c(C)o1,0
CC(C)(C)NC(=O)c1cccc(NC(=O)c2ccco2)c1,0
Fc1ccc(-c2nnc(NC3=NCCCCC3)o2)cc1,0
Cc1ccc(S(=O)(=O)N2CCN=C2c2ccccc2)cc1C,0
COc1ccc(OC)c(CN(CCCN2CCOCC2)C(=O)Nc2ccccc2)c1,0
O=C(COC(=O)c1cncc(Br)c1)NC1CC1,0
COc1cccc(NC(=O)COc2ccccc2C(N)=O)c1,0
CCOC(=O)CSc1nnc(NC(=O)c2cccc(S(=O)(=O)N3CCCCCC3)c2)s1,0
O=C(Nc1cccnc1)c1ccc2snnc2c1,0
Cc1c(C(=O)NCc2ccccn2)oc2ccccc12,0
O=C(CC1CCCCC1)NC1CCCC1,0
Cc1[nH]c(Nc2ccc(F)cc2)nc(=O)c1CCC(C)C,0
CCC(NC(C)c1ccccc1)=C1C(=O)N(C)C(=O)N(C)C1=O,0
Cc1cc(C)cc(N(C(=O)Cc2cccs2)C(C(=O)NC2CCCC2)c2ccc(C)o2)c1,0
COc1cccc(N(C(=O)Cn2nnc(-c3ccc(C)cc3)n2)C(C(=O)NC(C)(C)C)c2c[nH]c3ccccc23)c1,0
CCC(=O)n1nc(-c2ccccc2)nc1N,0
Cc1ccc(NC(=O)N2CCC(C(=O)NCC(C)C)CC2)cc1,0
C=CCn1c(COc2ccccc2)nnc1SCC(=O)Nc1ccc(S(N)(=O)=O)cc1,0
Cc1ccccc1-n1c(=O)c2ccccc2n2nnnc12,0
CCCn1cnc2c(c1=O)c1nc3ccccc3nc1n2Cc1ccccc1OC,0
Cc1nc(=S)c2ccccc2[nH]1,0
O=C(CC1c2ccccc2Oc2ccccc21)NCc1ccco1,0
O=C(N1CCOCC1)N1CCN(S(=O)(=O)N2CCCCC2)CC1,0
O=C(O)/C=C\C(=O)Nc1ccccc1C#Cc1ccc(Br)cc1,0
Cc1ccccc1-c1n[nH]c(=S)o1,0
Cc1cc(NC(=O)CSc2ncccn2)no1,0
CC(C)Oc1ccc(C(=O)NCc2cccnc2)cc1,0
N#Cc1cnn2c(-c3ccccc3)ccnc12,0
COc1ccc(OC)c(NS(=O)(=O)c2ccc(Cl)s2)c1,0
COc1ccc(CCNC(=O)NC2CCCCC2)cc1,0
O=C1C(=O)N(c2ccccc2)c2ccccc21,0
Cc1nnc(SCC(=O)Nc2nsc(-c3ccccc3)n2)s1,0
CN(c1ccccc1C(=O)Nc1cccnc1)S(C)(=O)=O,0
COC(=O)c1ccc(CSc2ncnc3c2oc2ccccc23)o1,0
COc1cc(OC)c(C2C(C#N)=C(N)OC3=C2C(=O)CC(C)C3)cc1OC,0
Cc1cc(C)c2c(CN3CCN(C/C=C/c4ccccc4)CC3)cc(=O)oc2c1,0
O=C(N/N=C/c1cccc(Oc2ccccc2)c1)c1ccccc1Br,0
COc1ccccc1N1CCN(c2cc(N3CCCC3)nc(C)n2)CC1,0
CCOC(=O)Cc1c(C)nc2cc(-c3ccc(C(C)(C)C)cc3)[nH]n2c1=O,0
COc1ccc(CCNC(=O)N2c3ccccc3Sc3ccccc32)cc1,0
N#CC1=C(NCc2ccccc2)C(=O)NCCC1,0
CCCC1(CCC)NC(=O)NC1=O,0
CCc1cc(Br)ccc1NC(=O)C1CCCO1,0
Cc1ccccc1CNC(=O)c1ccccc1N,0
COc1ccc(-c2nc3c(n2O)CCCC3=O)cc1OC,0
Cn1c(=O)oc2cc(S(=O)(=O)NCCC(=O)N3CCc4ccccc43)ccc21,0
O=C(NCc1ccccc1)c1cccc(NC(=O)c2ccco2)c1,0
O=C(Cn1c(=O)c2c(ncn2C2CCCC2)n(Cc2ccccc2)c1=O)N1CCc2ccccc21,0
Cc1ccc2c(C(=O)CN3CCN(C4CCCCC4)CC3)c(C)[nH]c2c1,0
Cc1ccc(C(=O)N2CCN(c3ccc([N+](=O)[O-])c(NCc4ccco4)c3)CC2)cc1,0
C1CCC(OCCN2CCN(CCOC3CCCCC3)CC2)CC1,0
NC(=O)CSc1nnc(-c2ccoc2)o1,0
O=C(c1cccs1)N1CCN(C/C=C/c2ccccc2)CC1,0
CCOC(=O)c1c(NC(=O)CSc2nnnn2-c2ccccc2)sc2c1CCC(C)C2,0
CCOc1ccc(C(=O)N(CN2CCCC2=O)c2ccccc2)cc1,0
CCOC(=O)N1CCN(C(=O)C(CC(C)C)NS(=O)(=O)c2ccc3c(c2)oc(=O)n3C)CC1,0
CCCc1nnc(SCC(=O)N2CCOCC2)n1Cc1ccco1,0
CCCCNC(=O)c1onc(CSc2cccc(OC)c2)c1C(=O)O,0
Cc1cc(NC(=O)c2ccco2)ncc1NC(=O)CCc1ccccc1,0
Cc1cc(C)n(-c2nc(SCC(=O)N3CCCC3)c3c4c(sc3n2)CCCC4)n1,0
COc1ccc(C(CNC(=O)Cn2[nH]c(=O)c3ccccc3c2=O)N2CCCC2)cc1,0
Cc1cc(NC(=O)CCn2c(=O)sc3ccccc32)no1,0
COc1ccc(NC(=O)c2cc(-c3ccc(C)o3)nc3ccccc23)cc1OC,0
COc1ccc(-c2nnc(SCC(=O)OC3CCCCC3)o2)cc1OC,0
CCCCCn1c(CNC(=O)c2cccs2)nc2ccccc21,0
C=CCc1c(C)nc(SC)nc1Nc1ccc(C)cc1,0
O=C(COC(=O)c1ccco1)Nc1ccc(Br)cc1,0
O=C(CN1C(=O)CSC1=O)Nc1ccccc1F,0
CC1CCC(n2c(=S)[nH]c3ccccc3c2=O)CC1,0
COc1ccc(Cn2c(N)c(C#N)c3nc4ccccc4nc32)cc1,0
Cc1cc(NC(=O)c2ccc(N3C(=O)CCC3=O)cc2)no1,0
CC(C)(C)NC(=O)c1cnn(-c2ccccc2)c1NC(=O)c1ccccc1,0
Cc1cc(/C=N/O)c(C)n1-c1ccncc1,0
COc1ccc(NC(=O)c2cc3nc(-c4ccccc4)cc(-c4ccccc4)n3n2)c(OC)c1,0
Nc1nc(SCCN2C(=O)c3ccccc3C2=O)n[nH]1,0
CCOC(=O)C1=C(C)NC(SCC(=O)Nc2cc(C)on2)=C(C#N)C1c1cccs1,0
CC(C)(C)c1ccc(-c2cc(N)n[nH]2)cc1,0
Brc1ccc(-c2cn3cccnc3n2)cc1,0
CC(=O)c1cc(NC(=O)c2cccc(C(F)(F)F)c2)c(=O)oc1/C=C/N(C)C,0
O=c1ccccn1Cc1c(F)cccc1Cl,0
c1cc2cn[nH]c2cc1NC1CCCCCC1,0
CC(C)C(=O)Nc1cccc(-c2cnc3ccccc3n2)c1,0
O=C(NCCCN1CCOCC1)c1cc2ccccc2o1,0
CC(=O)c1ccc(NS(=O)(=O)Cc2ccccc2)cc1,0
COc1ccc(Nc2ncccc2C(=O)Nc2ccccc2)cc1,0
COc1ccc(NC(=O)CSc2ncn(-c3ccccc3)n2)cc1Cl,0
Cc1ccc(C(=O)C(NC(=O)c2ccco2)Nc2sc3c(c2C(N)=O)CCCC3)cc1,0
CCS(=O)(=O)c1ccc(O)c(N2C(=O)C3C4C=CC(C4)C3C2=O)c1,0
O=C1c2ccccc2CCC12N=NCC2c1ccc(Cl)cc1,0
Cc1ccc(Nc2ncnc3sc(C)c(C)c23)cc1C,0
COc1ccc(-c2cc(-c3cccs3)c(C#N)c(SCC(=O)NCc3ccccc3OC)n2)cc1,0
Cc1ccc2nc(-c3cccc(NC(=O)c4ccc5c(c4)OCCO5)c3)oc2c1,0
COc1cccc2c(=O)n(CC(=O)NC3CCCC3)ccc12,0
O=C(Nc1ccc2snnc2c1)N1CCOCC1,0
O=C(Nn1c(-c2ccccc2)nc2ccccc2c1=O)C1CCC1,0
Cc1cc(C)c(C)c(Cn2c(CO)nc3ccccc32)c1C,0
Cc1ccccc1Nc1nc(=O)c(C)n[nH]1,0
Cc1cccc(OCc2nnc(SCC(=O)N(C(C)C)C(C)C)n2Cc2ccco2)c1C,0
CCCCC1(Cc2ccc([N+](=O)[O-])cc2)C(=O)N(c2ccccc2)N(c2ccccc2)C1=O,0
O=C(c1cccs1)N1CCN(CCc2ccccc2)CC1,0
Cc1ccc(N(C(=O)Cn2nnc3ccccc32)C(C(=O)NCc2ccco2)c2cccnc2)cc1,0
Cc1ccccc1N1CCN(c2ncnc3scc(-c4cccs4)c23)CC1,0
CN1CCN(C(=O)C2(NC(=O)Nc3cccc(F)c3)CCCCC2)CC1,0
CCOC(=O)C(C(C)=O)C(c1ccc(OC)cc1)C(C(C)=O)C(=O)OCC,0
CCn1c2ccccc2c2cc(NC(=O)c3cc(OC)c(OC)c(OC)c3)ccc21,0
On1cnnc1-c1ccccc1,0
CCN(CC)c1ccc(NC(=O)c2c(OC)cccc2OC)c(C)c1,0
COc1ccc(C2C3=C(CCCC3=O)Nc3nc4ccccc4n32)cc1OC,0
COc1ccc(CN(C(=O)CSc2nnc(-c3ccc(OC)c(OC)c3)o2)c2ccc(F)cc2)cc1,0
CCOc1cccc(C(=O)N2CCCCC2c2cccnc2)c1,0
C=C(C)CSc1nncn1/N=C/c1ccc(OC)cc1,0
Cc1csc(NC(=O)CSc2nnc(-c3ccoc3C)n2CCc2ccccc2)n1,0
Cc1cc(C(=O)CSc2nc(=O)cc(N)[nH]2)c(C)n1CCc1ccc(Cl)cc1,0
O=C1c2ccccc2C(=O)N1CCCOc1ccccc1,0
Cc1ccc(S(=O)(=O)N(C)CC(=O)N2CCCc3ccccc32)cc1,0
Cc1nc([N+](=O)[O-])c(Br)n1CC(=O)c1ccccc1,0
CC(=O)Nc1cccc(NC(C)=O)n1,0
COc1ccc(Oc2nc3c(c(=O)n(C)c(=O)n3C)n2Cc2cccc(OC)c2)cc1,0
Cc1cc(C)nc(NC(=O)CSc2nc3ccccc3o2)n1,0
N#Cc1nc(-c2cccc3ccccc23)oc1N1CCCCC1,0
CCOC(=O)/C(=N\Nc1ccc(C)cc1)S(=O)(=O)c1ccc(Cl)cc1,0
Cc1cnc(NC(=O)CSc2nnc(-c3ccncc3)n2C2CCCCC2)s1,0
CCOc1cc(C2C(C#N)=C(N)OC(C)=C2C(C)=O)cc(Br)c1O,0
O=C(Nc1cccnc1)C1(c2ccccc2)CCCC1,0
C/C(=N\OC(=O)c1ccc(C)cc1)c1sc(C)nc1C,0
O=C(CCOc1ccccc1)NCC(c1ccco1)N1CCCCC1,0
O=C(CCCC(=O)N(CC(=O)NC1CCCC1)C1CCCC1)Nc1ccccn1,0
OCCNc1ncnc2ccc(Br)cc12,0
O=C(Cn1nnc2ccccc21)NC1CCCCC1,0
CCN1CCN(c2nc3ccccc3nc2C(C#N)C(=O)OC2CCCCC2)CC1,0
O=C1c2ccccc2NC(c2ccco2)N1O,0
O=C(O)C1C2C=CC(C2)C1C(=O)NCCc1ccncc1,0
COc1ccc(CNC(=S)Nc2cc(C)cc(C)c2)cc1,0
CC1=CC(=C2C(=O)NC(=O)NC2=O)C=C(C(F)(F)F)N1C(C)C,0
COCCNCc1ccccc1,0
Cc1cc(C)cc(NC(=O)CSCc2nc3n(Cc4ccc(F)cc4)[nH]nc-3c(=O)n2)c1,0
O=S(=O)(NC1CCCC1)c1ccc(Br)s1,0
CC1CN(Cc2nc3c(c(=O)n(C)c(=O)n3C)n2CCCc2ccccc2)CC(C)O1,0
COc1ccc(-c2noc(C(C)n3nc(C)c([N+](=O)[O-])c3C)n2)cc1OC,0
Cc1ccc(-c2nc3ccccn3c2NCc2ccc3c(c2)OCO3)cc1,0
CC(C)c1ccc(/N=c2/c([N+](=O)[O-])nn(-c3ccc4c(c3)OCCO4)n2O)cc1,0
Cc1ccc2nc(NCCCO)nc(-c3ccccc3)c2c1,0
O=C(NC1CCCC1)C1CCCN1C(=O)Nc1ccccc1,0
C=CCOc1ccc(CNc2nccs2)cc1OCC,0
O=C(O)c1ccc(N2C(=O)CC(Cc3ccccc3)C2=O)cc1,0
COc1ccc(C(C#N)Nc2ccccc2OC)cc1,0
CC1Oc2ccccc2N(CC(=O)Nc2ccc3c(c2)OCCO3)C1=O,0
COc1cc2c(cc1OC)C(c1ccc(-c3ccc(Cl)cc3Cl)o1)=NCC2,0
Cc1cc(C)n(-c2ncnc3c2oc2ccccc23)n1,0
COc1ccc(-c2nc3ccccn3c2NCc2ccc3c(c2)OCO3)cc1,0
c1ccc2c(c1)[nH]c1c(N3CCOCC3)ncnc12,0
COc1ccccc1N1CCN(CC(=O)c2c(C)[nH]c3ccccc23)CC1,0
Cc1ccc(-c2cc(-c3ccc4c(c3)OCO4)c(C#N)c(N)n2)o1,0
CC(C)C(OC(=O)CN1C(=O)COc2ccccc21)C(=O)NC1CCCC1,0
Cc1nn(CC(=O)N2CCOCC2)c(C)c1[N+](=O)[O-],0
FC(F)(F)c1cc(Oc2ccc(Cl)cc2)nc(-c2ccccn2)n1,0
O=C1/C(=C/NCCCn2ccnc2)C(c2ccccc2)=NN1c1nc2ccccc2s1,0
CCS(=O)(=O)n1nc(-c2ccccc2)nc1N,0
COc1ccc(CNc2nc3ccccc3n2CCN2CCCCC2)c(OC)c1,0
N#Cc1cc(Oc2cccc3cccnc23)c(-n2nnc3ccccc32)cc1C#N,0
CCS(=O)(=O)Nc1c(C)n(C)n(-c2ccccc2)c1=O,0
C=CCSc1nc2c(c(=O)n(C)c(=O)n2C)n1CC,0
Cn1nc(-c2ccccc2)c2nc3ccccc3nc21,0
O=S(=O)(N=S(N1CCCCC1)N1CCCCC1)c1ccccc1,0
O=C(Nc1ccc(N2CCN(C(=O)c3ccco3)CC2)cc1)c1ccccc1F,0
O=C(NCC1c2ccccc2CCN1C(=O)CN1CCOCC1)C1CCCCC1,0
COc1ccc(NC(=O)C2CCCCN2N)cc1OC,0
CCOC(=O)N1CCC(NC(=O)Cn2cccc2C(=O)c2ccccc2C)CC1,0
Cc1ccccc1Nc1nnc(SCc2cc(=O)n3ccsc3n2)s1,0
CN(CC(=O)N1CCN(c2ccccc2F)CC1)S(=O)(=O)c1cnc[nH]1,0
Cc1nc(NC(C)C)c2cnn(CCc3ccccc3)c2n1,0
CCN(CC)Cc1c[nH]c2ccccc12,0
Cc1ccc2ncc(NC(=O)c3ccc(F)cc3)c(=O)n2c1,0
Cc1cc(C)c(C#N)c(Oc2ccc(F)cc2)n1,0
CCCCc1nc(SCC(=O)Nc2cc(C)on2)n[nH]1,0
COc1ccc(C(=O)n2nc(-c3ccco3)nc2SC)cc1OC,0
O=c1[nH]c2c(c(=O)n1Cc1ccccc1)CCC2,0
Cc1cc2ncn(S(=O)(=O)N3CCCCC3)c2cc1C,0
CCCOc1ccc(Br)cc1/C=N/O,0
CCOc1ccc(-c2cc3nc(C4CCN(C(=O)OC(C)(C)C)CC4)c(C(=O)O)cn3n2)cc1,0
CCOn1c(=O)c(-c2cccs2)[n+]([O-])c2ccccc21,0
COc1ccc(Cc2nn[nH]n2)cc1,0
CCC(=O)Nc1cccc(NC(C)=O)c1,0
CSc1ccccc1NS(=O)(=O)c1ccc2c(c1)OCCO2,0
Cc1nc2sc(C(=O)O)c(N)c2c2c1COC(C)(C)C2,0
CC(=O)c1sc(NC(=O)c2ccc(C)cc2)nc1C,0
O=C(CCCCCN1C(=O)c2ccccc2C1=O)Nc1ccc2c(c1)OCCO2,0
CC(Sc1nc(-c2ccccc2)cc(C(F)(F)F)n1)C(=O)NCc1ccco1,0
COc1cc2c(cc1OC)-c1cc(NC3CCCCC3)nc(=O)n1CC2,0
COc1ccc2[nH]c(=O)c(CN(C(=O)NC3CCCCC3)C3CCCC3)cc2c1,0
CCOc1cc(C2CC(=O)NC3=C2C(=O)C(C(=O)OC)C(C)C3)cc(Cl)c1O,0
CCOc1ccc2cc(C#N)c(SCC(=O)NC(C)CC)nc2c1,0
Cc1ccccc1Oc1ncnc2sccc12,0
CC(=O)N1CCc2cc(S(=O)(=O)NCCC(=O)Nc3cc(C)cc(C)c3)ccc21,0
c1ccc(CNc2ccc(CNc3ncn[nH]3)cc2)cc1,0
Cc1cc(-c2ccccc2)c2nncn2n1,0
Brc1ccc(NCc2nnc3n2CCCCC3)cc1,0
O=C(Nc1cccnc1)c1cccc(NC(=O)c2ccco2)c1,0
COc1ccc(C2C(C(C)=O)=C(O)C(=O)N2CCc2c[nH]c3ccccc23)cc1OC,0
COn1c(SCc2ccc(C)cc2C)nc2ccccc2c1=O,0
CCOC(=O)C1CCN(Cc2nc3ccccc3c(=O)n2-c2ccc(F)cc2)CC1,0
Cc1ccccc1OCCn1cnc2c(N)ncnc21,0
Cc1ccn2cc(CSc3ccccc3N)nc2c1,0
COc1ccccc1CCn1cnc2c3cc(C)ccc3n(C)c2c1=O,0
N#CCCn1c2ccccc2c2nc3ccccc3nc21,0
CC(=O)Nc1ccc(C(=O)n2cnc3cc(C)c(C)cc32)cc1,0
Cn1c(N2CCN(C(=O)Nc3ccc(F)cc3)CC2)nc2ccccc21,0
Fc1ccccc1OCCSc1nnnn1-c1ccccc1,0
COc1ccc(C(=O)NC2COC(C)(C)OC2c2ccccc2)cc1,0
COC(=O)CCCNS(=O)(=O)c1ccc2ccccc2c1,0
CC(C)CCNC(=O)C(C)N(Cc1ccc(F)cc1)C(=O)c1ccc(CN2CCCCC2)o1,0
C=CCn1ncc(OC)c(Cl)c1=O,0
CC1CC(C)CN(C(=O)c2ccc3c(=O)n(Cc4ccc5c(c4)OCO5)c(=S)[nH]c3c2)C1,0
CCOC(=O)c1cc(C)n(CCCN2CCOCC2)c1C,0
CC(C)n1c(NCCc2ccccc2)nc2c1c(=O)n(C)c(=O)n2C,0
COc1ccc(S(=O)(=O)N(CCCN2CCCC2=O)Cc2cc3c(C)cc(C)cc3[nH]c2=O)cc1,0
COc1cccc(/C=N/N2CCN(c3ccccc3OC)CC2)c1,0
O=C(NCC(=O)N(c1cccnc1)C(C(=O)NC1CCCCC1)c1cccnc1)c1ccco1,0
COC(=O)Cc1nnc(NC(=O)C(C)C)s1,0
CCOC(=O)c1cc(=O)n2nc(-c3ccccc3F)nc2s1,0
COc1cc(/C=C/C(=O)NCc2cccnc2)cc(OC)c1OC,0
O=C(CN1CCN(c2ncccn2)CC1)c1ccc(F)cc1,0
CCC(C)C(NC(=O)OC(C)(C)C)c1nnc(S(=O)(=O)Cc2cc(C)ccc2C)o1,0
Cc1ccccc1C(=O)N1CCC(C(=O)Nc2cccc(F)c2)CC1,0
NS(=O)(=O)c1ccc(NC(=O)CSc2nnc(-c3cnccn3)n2-c2ccccc2)cc1,0
CCN(CC)S(=O)(=O)c1cccc(C(=O)Nc2cccc(C)c2)c1,0
COc1ccc(NC(=O)CN2C(=O)C(C)Oc3ccccc32)c(OC)c1,0
O=C(c1ccccc1F)c1cn(CC(=O)N2CCCCC2)c2ccccc12,0
CN(NC(=O)c1ccc(Cl)cc1)c1nc(-c2ccccc2)nnc1C(F)(F)F,0
CN1CCN(c2ccccc2NC(=O)c2cc3ccccc3o2)CC1,0
CCN(CC)S(=O)(=O)c1cccc(C(=O)Nc2ccc(Cl)cn2)c1,0
CCCNC(=O)c1ccc(N(Cc2ccccc2)S(C)(=O)=O)cc1,0
COc1ccc(NC(=O)c2cn(-c3ccccc3)nc2-c2cc3ccccc3o2)cc1,0
O=C(N/N=C/c1ccc2cccc(OCc3ccccc3)c2n1)c1ccc(Br)cc1,0
Cc1c(NC(=O)c2ccc3c(c2)OCO3)cccc1-c1nc2ccccc2o1,0
Cc1ccc(C(=O)COC(=O)CNS(=O)(=O)c2ccccc2)cc1[N+](=O)[O-],0
CN(C)c1ccc(C(=O)n2nnc3ccccc32)cc1,0
CCOCCN1CCN(c2c(CC)c(C)nc3cc(-c4cc(OC)cc(OC)c4)nn23)CC1,0
CC/C(NCc1ccccc1)=C1/C(=O)CC(C)(C)C(C(=O)OC)C1=O,0
CN1CCN(C(=O)c2cc3sccc3n2CC(=O)c2ccccc2)CC1,0
O=C(Nc1nc2ccccc2s1)C1CC(=O)N(c2ccc(Cl)cc2)C1,0
COc1ccc(NC(=O)N2CCc3ccccc32)cc1,0
O=C1NC2=C(C(=O)c3ccccc32)C(c2ccccc2)N1,0
COc1ccc2nc(-c3ccc(N)cc3)[nH]c2c1,0
C/N=C1/SC(CC(=O)Nc2ccc(C(=O)O)cc2)C(=O)N1C,0
CCn1c(NC(=O)c2ccc(COc3ccc(C)cc3[N+](=O)[O-])o2)nc2ccccc21,0
CNC(=O)c1nn(-c2ccc(C)cc2)ccc1=O,0
CCn1ncc(Br)c1C(=O)Nc1cc(C)ccc1F,0
Cc1ccc(N(CCCCN2C(=O)c3ccccc3C2=O)C(=O)c2cccc([N+](=O)[O-])c2)cc1,0
COc1cc2[nH]c(=S)n(Cc3ccco3)c(=O)c2cc1OC,0
Fc1ccc2[nH]c3c(N4CCN(Cc5ccc6c(c5)OCO6)CC4)ncnc3c2c1,0
CN1CCC(N(C)C(=O)CCc2nc(=O)c3ccccc3[nH]2)CC1,0
Cc1cc(C)nc(N(C#N)Cc2ccccc2)n1,0
Cc1cccc(N(CC(=O)Nc2ccc(CC#N)cc2)S(C)(=O)=O)c1,0
NC(=O)c1ccccc1/N=C/c1ccccn1,0
N=c1c2c(ncn1CCN1CCOCC1)Oc1c(ccc3ccccc13)C2c1ccccc1,0
COc1c(Cl)cc(Cl)cc1C(=O)Nc1ccccc1N1CCN(C(C)=O)CC1,0
Cc1ccnc(NC(=O)CCC(=O)N(CC(=O)NCc2ccccc2)c2ccc3c(c2)OCO3)c1,0
CC1(C)C(c2cccs2)=[N+]([O-])C2(CCCCC/C2=N\NC(N)=S)N1O,0
COc1cccc(CC(NC(C)=O)C(=O)NC2CCN(c3nc(C)cc(C)c3C#N)CC2)c1OC,0
Cc1cc(=O)oc2cc(OCC(O)CN3CCc4ccccc4C3)ccc12,0
O=C(Cn1cc(C(=O)c2ccccc2F)c2ccccc21)NCc1ccco1,0
CN1CCN(Cc2ccc(OCc3ccccc3)cc2)CC1,0
Cc1cc(C)nc(N(C#N)CC(=O)c2ccccc2)n1,0
CC(C)OC(=O)CCc1nc2ccccc2[nH]c1=O,0
N#CC(=C=[N-])c1nc2ccccc2nc1-[n+]1ccccc1,0
Cc1nc2cc(-c3cccc(F)c3)nn2c(C)c1CCC(=O)NC(C)CCc1ccco1,0
CC(C(=O)/N=c1\sc2ccccc2n1C)N1C(=O)C2CC=CCC2C1=O,0
CCc1ccccc1N(CC)C(=O)c1cn(CC)c(=O)c2cc(OC)c(OC)cc12,0
CCCNC(=O)N1CCN(c2ncccn2)CC1,0
COC(=O)c1c(C(=O)OC)c2cc(C)ccn2c1Cl,0
Cc1sc(NC(=O)c2ccccc2)c(C(=O)NC(C)C)c1C,0
CCCCN1C(=O)C(NC(C)=O)c2cc(Br)ccc21,0
Cn1cc(S(=O)(=O)N2CCN(Cc3ccccc3)CC2)c(=O)n(C)c1=O,0
Cc1cc(C)nc(SCc2nnc(SCC(=O)Nc3ccc(C)c(C)c3)o2)n1,0
CCCS(=O)(=O)c1c(S(=O)(=O)CCC)c2c3ccccc3ccn2c1C(=O)OC,0
COc1cc(C(=O)Nc2ccc(-n3cnnn3)c(C)c2)cc(OC)c1OC,0
CCCOc1ccc(N2C(=O)CC(NCCCN3CCC(C(N)=O)CC3)C2=O)cc1,0
CNC(=O)C1CC(=O)N(Cc2ccccc2)/C(=N/c2ccc(OC)cc2)S1,0
CCOc1ccc2ccccc2c1C(=O)N1CCN(c2ccccc2)CC1,0
CCOC(=O)C1=C(C)N(c2ccc(C)c(C)c2)C(=O)/C1=C\c1ccco1,0
O=C(CS(=O)(=O)Cc1ccccc1)NCC1CCCO1,0
OCCNc1nc(-c2ccccc2)c2ccccc2n1,0
c1cc(CNC2=NCCCCC2)ccn1,0
COc1ccc(C(=O)NC2=C(C#N)CCC2)cc1OC,0
Cc1ccc(-n2c(C)cc(/C=N/NC(=O)CC3(C)OCCO3)c2C)c(C)c1,0
O=C1N=c2ccccc2=C1Nc1sc2c(c1C(=O)Nc1ccccc1)CCCC2,0
Cc1cc(C)cc(Nc2cc(=O)n(C3CCCCC3)c(=O)[nH]2)c1,0
O=C(Nc1ccc(N2CCOCC2)cc1N1CCOCC1)c1ccc([N+](=O)[O-])cc1,0
CC1=NN(C(=O)c2cccc(Cn3nc(C)c([N+](=O)[O-])c3C)c2)C(O)(C(F)(F)F)C1,0
O=C(c1cnc(N2CCN(c3ncccn3)CC2)c2ccccc12)N1CCN(c2ncccn2)CC1,0
CCCOc1ccc(C(=O)NNC(=S)NC(=O)CC)cc1,0
C/C(=C1/SC(=S)N(CCC(=O)O)C1=O)c1ccc(O)cc1,0
CCN(CC)c1c([N+](=O)[O-])ncn1C,0
COC(=O)C1=C(C)NC(C)=C(C(=O)OC)C1c1ccc(N(C)C)cc1,0
CC(C)NS(=O)(=O)c1cccc2nsnc12,0
CCC(=O)N(Cc1ccc(S(N)(=O)=O)cc1)C1CC(=O)N(c2ccc(OC)cc2)C1=O,0
CCOC(=O)c1c(NC(=O)Cn2nnc(-c3ccccc3Cl)n2)sc(C)c1C,0
Cc1ccc(S(=O)c2ccc(C)cc2)cc1,0
O=C(Nc1ccc(C(=O)N2CCCCC2)cc1)c1ccc(Br)cc1,0
COc1ccc(NC(=O)COC(=O)CCCc2c[nH]c3ccccc23)cc1,0
Cc1ccc(C(=O)CCNc2cccc(Br)c2)o1,0
O=S(=O)(Nc1ccc(-n2cccc2)cc1)c1ccccc1,0
CC(C)Cn1c(CCC(=O)O)ccc1-c1cccs1,0
COCc1cc(=O)nc(Nc2nc(C)c3cc(OC)ccc3n2)[nH]1,0
COc1ccc(-c2nnc3sc(-c4cccs4)nn23)cc1OC,0
Cc1ccc(NC2=Nc3ccccc3CC2)cc1,0
CC(=O)c1cc2c(cc1NS(=O)(=O)c1ccc(C)cc1)OCCO2,0
CCc1ccc(OCc2nc(-c3ccccn3)no2)c(Br)c1,0
Cc1ccc(CNC(=O)C2CCCN(S(=O)(=O)c3cccnc3)C2)cc1,0
COc1ccc(OC)c(C(C(=O)NCc2ccco2)N(C(=O)Cn2nnc3ccccc32)C(C)C)c1,0
CC(=O)Nc1cccc2c1C(=O)NC2=O,0
CC1(C)CN=C(Nc2ccccc2C(F)(F)F)S1,0
O=C(NCN1CCCCC1)c1cccnc1,0
COc1cc(OC)c(-n2c(C)cc(C=O)c2C)cc1Cl,0
O=C(Nc1nnc(-c2ccccc2Cl)o1)c1ccc(S(=O)(=O)N2CCCCCC2)cc1,0
Cc1cc(NC(=O)c2cc(-c3cccc(Cl)c3)on2)no1,0
CC(C)N(Cc1nc(-c2ccccc2)no1)C(=O)COc1ccccc1,0
COC(=O)c1cc(Br)c(=O)n(CCC2=CCCCC2)c1,0
Cc1ccc2[nH]c(=O)c(-c3nc4ccccn4c3NCc3ccco3)cc2c1,0
CC(=O)Nc1nc2ccccc2n1CCN(C)C,0
O=C(NCc1cccs1)c1nc2ncccn2n1,0
O=c1cccc(-c2ccccc2)[nH]1,0
COc1ccc(CN2CCN(C(=O)c3ccco3)CC2)cc1OCc1ccccc1,0
O=C(Nc1ccc(NC(=O)C23CC4CC(CC(C4)C2)C3)cn1)c1ccco1,0
CC1(C)Cc2c(c(-c3ccccc3)[nH]c(=O)c2C#N)CS1,0
CC(=O)Nc1ccc(C(=O)NC2CCCC2)cc1,0
Cc1cccc(N(CC(=O)Nc2ccc(F)cc2)S(C)(=O)=O)c1,0
COc1nonc1NC(=O)CSc1nc2ccccc2[nH]1,0
Cc1ccc(SCCNC(=O)c2cccc([N+](=O)[O-])c2C)cc1,0
CCOC(=O)Cc1csc(NC(=O)CSc2nnc(-c3cccnc3)n2Cc2ccco2)n1,0
Cc1cccc(N(C(=O)CNC(=O)c2ccco2)C(C(=O)NC2CCCC2)c2cccnc2)c1,0
CC1(C)Cc2ccccc2C(NNC(=O)c2ccccn2)=N1,0
O=C(CSc1n[nH]c(-c2ccncc2)n1)c1ccccc1,0
Cc1nc2ccccc2cc1C(=O)NCc1ccco1,0
CC(=O)Nc1ccc(OC(=O)CC2SC(=O)NC2=O)cc1,0
Cc1cccc(NC(=O)C2CC(=O)N(c3ccccc3)C2)c1C,0
CC(C)C(OC(=O)c1ccco1)C(=O)NCc1ccccc1,0
O=C(NCC1CCN(c2ccc(S(=O)(=O)N3CCOCC3)cc2)CC1)c1ccc(Cl)cc1,0
CSc1cccc(NC(=O)COc2cccc3ccccc23)c1,0
CCc1ccc(NC2=NCC(=O)N2c2ccc3c(c2)OCCO3)cc1,0
O=c1c2sc(-c3ccccc3)cc2nc2n1CCC2,0
CCOC(=O)C1CCN(Cc2cn[nH]c2-c2ccc(C)cc2)CC1,0
Cn1c(=O)c2c(-c3ccccc3)n(C3CCCCC3)cc2n(C)c1=O,0
CCOc1cc(C2c3c(n[nH]c3C)C(=O)N2c2ccc(C)cc2)ccc1O,0
Cc1cc(C)c(NC(=O)C2CCCN2C)c(C)c1,0
CC(C)N(CCO)C(=O)C(c1ccccc1)c1ccccc1,0
CCOc1ccc2[nH]c(=O)c(CN(Cc3nnnn3CCc3ccccc3)CC3CCCO3)cc2c1,0
CCN(CC)c1cc(C(F)(F)F)nc(-c2ccccn2)n1,0
Oc1ccc(CNc2ccccc2O)cc1,0
O=C(CN(Cc1cccs1)C(=O)CCC(=O)Nc1nccs1)NCc1ccccc1,0
CCN(C(=O)c1cc2cccc(OC)c2oc1=O)c1ccccc1,0
COc1cccc(OCC(=O)Nc2ccccc2C(N)=O)c1,0
CCOC(=O)Cc1csc(NC(=O)CSc2nc(N)c3c(C)c(C)sc3n2)n1,0
CCOC(=O)c1c(NC(=O)CSc2nnc(CN3CCOCC3)n2C)sc2c1CCCC2,0
O=C(Nc1cccc(F)c1)c1cccc(S(=O)(=O)N2CCOCC2)c1,0
CN1CCCCC/C1=N\C1=C(C#N)CCCC1,0
CCn1c(=O)c(=O)n(CC)c2cc(S(=O)(=O)Nc3cccc(OC)c3)ccc21,0
Cc1ccccc1C(=O)N1CCC(C(=O)Nc2ccc(F)cc2)CC1,0
COc1ccc(NC(=O)C2CC(c3ccc(OC)c(OC)c3)=NO2)cc1OC,0
N#Cc1cnn2c1nc(N1CCCCC1)c1ccccc12,1
CNC(=O)c1nn(-c2ccc(Cl)cc2)ccc1=O,0
COC(=O)CCN(C(C)=O)c1ccc(N)cc1,0
O=C(Nc1nnc(Cc2ccc(Cl)cc2)s1)c1ccco1,0
COc1ccc(OCC(O)CNc2ccc(Br)cc2)cc1,0
Cc1nnc2ccc(N3CCCC3)nn12,0
CC(C)(C)NC(=O)Cn1cc(C(=O)c2ccccc2F)c2ccccc21,0
CN(C(=O)CCN1C(=O)C(C)(C)Nc2ccccc21)c1ccccc1,0
S=c1[nH]nc(C2CC2)n1Cc1ccco1,0
CO/N=C(\CNC(=O)c1cccc(Cl)c1)c1ccc(Cl)cc1,0
Cc1nc(N2CCOCC2)c(C#N)c(C)c1Br,0
CC1Cc2ccccc2N1C(=O)CCNS(=O)(=O)c1ccc2c(c1)CCC(=O)N2,0
CCOC1(NC(=O)c2ccccc2)C(C)=CC(=O)C=C1C,0
CC(/C=N/NC(=O)c1cc(C(C)(C)C)[nH]n1)=C\c1ccccc1,0
O=C(Cc1ccc(Br)cc1)N1CCN(c2ccccc2)CC1,0
CCn1nnc(NC(=O)c2ccccc2Br)n1,0
O=C(Cc1cccs1)Nc1ccc(C(=O)O)cc1,0
CCOC(=O)N1CCN(c2c(-c3ccccc3)c3cc(Cl)ccc3[nH]c2=O)CC1,0
COc1ccc(-c2noc(CN3CCCCC3)n2)cc1OC,0
CC(C)(C)c1cc(NC(=O)c2cccnc2)no1,0
CC(Sc1nnc(C(C)N(C)C)n1-c1ccc(Cl)cc1)C(=O)Nc1ccc2c(c1)OCO2,0
CCOC(=O)c1ccccc1NC(=O)c1cc2sccc2n1C,0
CCOC(=O)c1cccnc1SC(CC)C(=O)N1CCOCC1,0
O=C(Nc1cccn(Cc2ccccc2)c1=O)NC1CCCCC1,0
COc1ccc(CSc2nc3ccccc3[nH]2)cc1,0
CS(=O)(=O)N(CC(O)Cn1c2ccccc2c2ccccc21)c1ccccc1,0
COc1cccc(/C=C2\N=C3CCCCCN3C2=O)c1,0
O=C(O)COc1ccc(-c2nccc(-c3cccs3)n2)cc1,0
Cc1cc(C)cc(OCC(=O)Nc2ccccc2N2CCCCC2)c1,0
Cc1cccc(N(C(=O)c2ccc(Cl)cc2)C2CS(=O)(=O)CC2OC(=O)c2ccc(Cl)cc2)c1,0
N#CCc1nn(-c2ccccc2)c(N)c1C#N,0
COn1c(SCc2cccnc2)nc2ccccc2c1=O,0
c1ccc2c(NCC3CCCO3)nc(-c3ccncc3)nc2c1,0
CCn1c(=O)cc(OCC(=O)NCCCN2CCC(C)CC2)c2ccccc21,0
CC(=O)c1c(C)[nH]c(C(=O)Nc2cc(C)cc(C)c2)c1C,0
Cc1c(NC(=O)C(C#N)=C2CCCCC2)c(=O)n(-c2ccccc2)n1C,0
CCOC(=O)N1CCN(C(=O)COc2ccc(S(=O)(=O)NC3CCCCC3)cc2C)CC1,0
O=C(CSc1nnc(-c2ccncc2)n1Cc1ccco1)c1ccc(Cl)cc1,0
CCOc1ccc(-c2nnn(CC(=O)c3ccc4c(c3)OCCO4)n2)cc1,0
COC(=O)c1ccccc1OC(=O)c1ccc(Br)o1,0
CCOc1ccc(NC(=O)CCN2CCN(c3ccccc3)CC2)cc1,0
COC(=O)c1c(C#N)c(N)nc2c1CCC2,0
COc1ccc(C)cc1NC(=O)NCCC1=CCCCC1,0
Cc1cccc(OCC(=O)Nc2cc(C)c(C)cc2O)c1,0
CC(C)N(Cc1nc(-c2ccccc2)no1)C(=O)CCCN1C(=O)c2ccccc2C1=O,0
CCOc1ccc(Cl)cc1S(=O)(=O)n1nnc2ccccc21,0
CCOC(=O)c1c(NC(=O)c2ccccc2C)sc2c1CC(C)(C)OC2,0
Cc1cc(-c2ccccc2)n2ncc(C#N)c2n1,0
O=C(CC12CC3CC(CC(C3)C1)C2)Nc1cccc2ncccc12,0
O=c1c2ccccc2nc(-c2ccoc2)n1CCc1ccccc1,0
CCOc1cc(C)nc(N2CCN(C3CCCCC3)CC2)n1,0
C=CCSC1=C(C#N)C(c2ccccc2C)CC(=O)N1,0
COC(=O)Cc1cc(=O)n(-c2nc3ccccc3s2)[nH]1,0
O=C(C1CC(c2cccc(Br)c2)=NO1)N1CCc2ccccc2C1,0
Cc1ccc(OCCn2cnc3c(N)ncnc32)cc1,0
C=CCN(CC=C)Cc1c[nH]c2ccccc12,0
Cc1c(Br)c([N+](=O)[O-])nn1CC(=O)NCc1cccnc1,0
CCOC(=O)c1ccc(NC(=O)CSc2nc(SC)ns2)cc1,0
CCOc1ccc(N2CC(O)Cn3c2nc2c3c(=O)n(CCCc3ccccc3)c(=O)n2C)cc1,0
c1ccc(-n2nnnc2-n2cnc3ccccc32)cc1,0
CN(CC(=O)Nc1ccccc1Br)Cc1nc(=O)c2ccccc2[nH]1,0
O=C1c2ccc(-c3nc4ccccc4o3)cc2C(=O)N1Cc1cccnc1,0
CS(=O)(=O)N(Cc1nc2sc3c(c2c(=O)[nH]1)CCCC3)C1CCCCC1,0
O=C1CN(C(=O)OCc2ccccc2)c2ccccc2N1,0
Cc1ccc(S(=O)(=O)Cn2nnnc2C(c2ccccc2)N2CCN(c3ncccn3)CC2)cc1,0
Cc1cc(=O)n2cc(-c3ccccc3)nc2[nH]1,0
CCNc1nc(NCC)nc(N(C)n2cnnc2)n1,0
CCc1nnc(NC(=O)CCC(=O)N2CCN(Cc3ccc(Cl)cc3)CC2)s1,0
O=C(O)CCCC(=O)Nc1ccccc1Br,0
Cc1cccc(NC(=O)CN(C)S(=O)(=O)c2ccccc2)n1,0
Cc1oc(=O)c(NC(=O)c2ccc(Cl)cc2)cc1C(=O)c1ccccc1,0
Cc1ccc(N(CC(=O)NCc2ccncc2)S(C)(=O)=O)cc1Cl,0
CCCCN(C)C(=O)C(Cc1ccccc1)NS(=O)(=O)c1ccc2c(c1)c(=O)n(C)c(=O)n2C,0
COc1ccccc1-c1nnc(SCC(=O)OC(C)C)o1,0
COc1ccc(-n2c(SCC(=O)N3CCCCC3)nnc2-c2cccnc2)cc1,0
Cc1ccc(NC(=O)NCCCN2CCOCC2)cc1,0
Cn1c(COc2ccccc2)nnc1SCC(=O)Nc1ccc(N2CCOCC2)c(Cl)c1,0
Cc1ccc(NC(=O)N2CCOCC2)c(C)c1,0
O=C(Nc1nnc(C2CCCCC2)s1)c1ccco1,0
CCSc1oc(-c2ccccc2)nc1S(=O)(=O)c1ccccc1,0
Cc1nn(CC(=O)NCCCN2CCOCC2)c(C)c1[N+](=O)[O-],0
CCCS(=O)(=O)N1CCN(C(=O)CCC2CCCC2)CC1,0
COc1ccc(NS(=O)(=O)c2ccc3c(c2)Cc2ccccc2-3)cn1,0
C=C1c2ccc(C)cc2NC(=O)N1c1ccccc1,0
COc1ccc(Nc2nc3ccccc3n3nnnc23)cc1,0
CNC(=O)c1ccc(OCc2ccccc2)c(OC)c1,0
O=C(Cn1c(CSc2ccccc2)nc2ccccc21)Nc1ccccc1,0
CCCn1c(O)c(C(=O)NCc2ccc(OC)c(OC)c2)c(=O)c2ccccc21,0
O=C(Cc1ccccc1)N1CCC(c2nc3ccccc3[nH]2)CC1,0
Cn1c(CSc2nc3ccccc3s2)nnc1SCC(=O)NCc1cccnc1,0
COc1cc(C2=NC3=NC4=C(C(=O)CCC4)C(c4ccc(F)cc4)N3N2)cc(OC)c1OC,0
CC(NC1=NS(=O)(=O)c2ccccc21)c1ccccc1,0
CC(=O)C1=C(C)NC(SCC(=O)c2ccccc2)=C(C#N)C1CC(C)C,0
CCCSc1nc(C)c2cc(C)cc(C)c2n1,0
COc1ccc(N2CCN(C3CC(=O)NC3=O)CC2)cc1,0
Nc1cc(=O)nc(SCCNS(=O)(=O)c2ccccc2)[nH]1,0
Nc1cc(=O)nc(SCc2nnc(-c3ccccc3)o2)[nH]1,0
CN1CCN(c2nc(-c3cccnc3)nc3ccccc23)CC1,0
Cc1ccc2cccc(S(=O)(=O)Nc3ccc4c(c3)OCO4)c2n1,0
c1ccc2[nH]c(NCCCN3CCOCC3)nc2c1,0
Cc1ccc(-n2ncc3c(=O)n(Cc4ccccn4)cnc32)cc1C,0
CCOc1ccccc1N(C(=O)CNC(=O)c1ccco1)C(C(=O)NC(C)(C)C)c1ccncc1,0
CCc1[nH]nc2c1C(c1ccc(Br)s1)C(C#N)=C(N)O2,0
Cc1ccc(Cc2nnc3n(-c4ccccc4)nc(C(=O)c4ccccc4)n3c2=O)cc1,0
COc1ccc(NS(=O)(=O)c2cc(C(=O)O)ccc2C)cc1,0
Cc1cc(NC(=O)CSc2ccc3ccccc3c2)no1,0
CCCNc1cc(=O)n(C)c(=O)n1C,0
COc1c(Cl)cc(Cl)cc1C(=O)Nc1ccc(NC(=O)c2cccs2)cc1,0
CCSc1nnc(NC(=O)c2c(-c3ccccc3Cl)noc2C)s1,0
CC1=C(C(=O)OC(C)C)C(C)NC(=O)N1,0
CC(=O)c1cc(C(c2csc(C(C)=O)c2)c2csc(C(C)=O)c2)cs1,0
CCn1c(SCC(=O)Nc2nc(-c3ccc(C)cc3)cs2)nnc1-c1ccccc1,0
CCCCCC(=O)Nc1c(-c2cccs2)c(=O)c2ccccc2n1C,0
COCCCNC(=O)Cn1ncc2c(=O)oc3ccccc3c21,0
COc1ccc(OC)c(C2NC(=O)NC(C)=C2C(=O)Nc2ccc(C)cc2C)c1,0
Cc1ccnc(Sc2ccc([N+](=O)[O-])cc2[N+](=O)[O-])n1,0
O=C(NC(=S)Nc1cc([N+](=O)[O-])ccc1Cl)c1ccccc1,0
CCc1nnc(NC(=O)CCC(=O)O)s1,0
Cc1nn(-c2ccccc2)c2nc(-c3ccncc3)cc(C(=O)NCc3ccco3)c12,0
CCN1CCN(C(=O)CN(C)S(=O)(=O)c2ccc(Cl)cc2)CC1,0
Cc1ccc(-c2csc3nc(C)n(N)c(=O)c23)o1,0
Cc1cc(NC(=O)CSc2nc(-c3ccco3)cc(C(F)(F)F)n2)no1,0
CC(C)(C)n1nc2c(c1NC(=O)c1cccc(C(F)(F)F)c1)CS(=O)C2,0
CCC(C)n1c(O)c(C(c2ccccn2)c2c(O)n(C(C)CC)c(=S)[nH]c2=O)c(=O)[nH]c1=S,0
CCn1c2ccccc2c2nnc(SCC(=O)OCN3C(=O)c4ccccc4C3=O)nc21,0
Cc1cc(N2CCOCC2)nc2ccc(NC(=O)CCC(=O)N3CCCC(C)C3)cc12,0
O=C1CC(NCc2ccc3c(c2)OCO3)C(=O)N1Cc1ccc2c(c1)OCO2,0
CCc1c(O)n(-c2ccccc2)c(-c2cccnc2)cc1=O,0
O=C(c1nc2nc(-c3ccccc3)cc(C(F)(F)F)n2n1)N1CCOCC1,0
CCCSc1nc(=O)c(-c2ccccc2NC(=O)CC)n[nH]1,0
Cc1ccc2nc3c(cc2c1)CN(Cc1ccco1)/C(=N/CC1CCCO1)S3,0
COc1ccc(C(=O)Oc2cc(/C=N/NS(=O)(=O)c3ccc(C)cc3)ccc2OC)cc1,0
Cc1cc2c(c(SCC(=O)N(C)c3ccccc3)n1)C(=O)OC2,0
COc1cc(OC)cc(-c2n[nH]c(=S)n2-c2cc(OC)ccc2OC)c1,0
O=C(CCCc1c[nH]c2ccccc12)N1CCOCC1,0
COc1ccc(OC)c(C(O)c2nc3ccccc3n2C(C)C)c1,0
Cc1nc(NC(=O)c2cc(-n3cnnc3)ccc2Cl)ccc1Br,0
CC(=O)Nc1ccc2c(c1)ncn2C,0
Cc1ccc2c(c1)N(CC(=O)NCc1cccs1)C(=O)C(C)O2,0
COc1cccc(/C(O)=C2/C(=O)C(=O)N(CCN(C)C)C2c2ccccn2)c1,0
CC(=O)Nc1ccc(NC2=CC(=O)CC(C)(C)C2)cc1,0
N#C/C(C(N)=O)=C1/CCc2ccccc2N1,1
Cc1cc(NC(=O)c2ccccc2)ncc1NC(=O)c1ccco1,0
CCOC(=O)c1ccc(-n2ncc(C(=O)OCC)c2N)cc1,0
Cc1cccc(Cl)c1OCCCCn1ccnc1,0
COc1ccccc1C(=O)Nc1c(C)n(C)n(-c2ccccc2)c1=O,0
CCOc1ccc(C(C(=O)NC2CCCCC2)N(C(=O)c2ccco2)c2ccc(-n3cnnn3)c(C)c2)cc1,0
Cc1cc(Br)cc(C)c1NC(=S)NC(=O)CC(C)C,0
O=C(Nc1cccc(-c2nnc(-c3ccccc3)o2)c1)C1CCCO1,0
CC(=O)Nc1ccc(NC(=O)N2CCCCC2)cc1,0
O=C(NCCCc1ccccc1)C1CC(=O)N(c2ccc3c(c2)OCCO3)C1,0
C=C(C)CSc1nc(=O)c(Cc2ccccc2)c(C)[nH]1,0
CCOC(=O)c1nnn(-c2nonc2N)c1COc1ccccc1,0
CCCOc1ccc(/C=c2\sc3nc(-c4ccco4)nn3c2=O)cc1OCC,0
CC(=O)Nc1ccc(S(=O)(=O)/N=C2\SCCN2S(=O)(=O)c2ccc(NC(C)=O)cc2)cc1,0
O=C(Nc1cccnc1)c1cc(-c2ccccc2)on1,0
Clc1ccc(OCCn2cnc3ccccc32)cc1,0
CC1CCN(c2cc(N3CCOCC3)c(F)cc2[N+](=O)[O-])CC1,0
Cc1cccc(N(CC(N)=O)C2SC(=O)NC2=O)c1,0
CS(=O)(=O)N(CCc1ccccc1)CC(=O)N1CCc2ccccc2C1,0
CCC(=O)Nc1c(C)nn(C(=O)CC)c1C,0
CCC(CC)C(=O)Nc1cccc(C(=O)Nc2ccc(OC)cc2[N+](=O)[O-])c1,0
COc1cc(C(=O)Nc2ccc(O)cc2)ccc1OC(C)=O,0
COc1ccc(OC)c(NC(=O)c2sc3nc(Cc4ccccc4)cc(C(F)(F)F)c3c2N)c1,0
CC(C)NS(=O)(=O)c1ccc(CCC(=O)Nc2cc(Cl)ccc2Oc2ccccc2)cc1,0
CC1=NN(C(=O)Cc2ccc([N+](=O)[O-])cc2)C(O)(c2ccccc2)C1,0
Cc1nnc(NC(=O)C2CCCN(c3ncccn3)C2)s1,0
COc1ccc(C(=O)NCC(=O)OCc2cccc(Br)c2)cc1,0
O=C(Nc1ccncc1)C1COc2ccccc2O1,0
CCN1CCN(Cc2ccc(OCc3ccccc3)c(OC)c2)CC1,0
COc1ccccc1NC(=O)C1=C(C)NC2=C(C(=O)CCC2)C1c1ccc2c(c1)OCO2,0
COc1cc(NS(=O)(=O)c2ccc(NC(=O)COc3ccccc3Cl)cc2)nc(OC)n1,0
CN(c1ccc(C(=O)NC2CC3CCC2C3)cc1)S(C)(=O)=O,0
CC(C)(NO)/C(=N/O)c1ccccc1,0
O=C(Nc1ccccc1N1CCCC1)c1cccnc1,0
COC(=O)c1ccc(Oc2cc(C)nc(SC)n2)cc1,0
CCOC(=O)CSC1=C(C#N)C(c2ccc(C)s2)CC(=O)N1,0
CC(C)OC(=O)CSc1nnc(Cc2ccccc2)n1C,0
CCCCn1/c(=N/C(=O)c2ccco2)c(C(=O)OCC)cc2c(=O)n3ccccc3nc21,0
Cc1cccc(-c2cc3nc(C)cc(NCCCn4ccnc4)n3n2)c1,0
COc1ccc(C2CC(c3ccccc3)=NN2c2ccc(/C=N/NC(=O)c3ccncc3)cc2)cc1,0
FC(F)(F)c1cccc(N2Cc3ccccc3C2)c1,0
Cc1[nH]nc2c1C1(CCC(c3ccccc3)CC1)C(C#N)=C(N)O2,0
Cc1ccc(S(=O)(=O)Cn2nnnc2C(c2ccc(F)cc2)N2CCC(C(N)=O)CC2)cc1,0
COC(=O)CSc1nnc(CNC(=O)Cc2ccccc2)n1C,0
CCOC(=O)CSc1nnc(-c2ccccc2OC)o1,0
COc1ccc(-c2nnn(CC(=O)OC3CCCCC3)n2)cc1OC,0
Cc1ccc2oc(-c3ccccc3)c(C(=O)O)c(=O)c2c1,0
O=S(=O)(c1cccc2cccnc12)N1CCc2ccccc21,0
Cc1cc(C)c(NC(=O)CS(=O)CC(=O)N2CCN(c3ccccc3)CC2)c(C)c1,0
CCn1c(CCNC(=O)c2ccc(F)cc2)nc2ccccc21,0
CCOC(=O)c1sc(NS(=O)(=O)c2ccccc2)nc1C,0
O=C(NCCc1ccccc1)c1c(O)n2c3c(cccc3c1=O)CC2,0
Cc1ccccc1C(=O)Nc1ccccn1,0
O=C(NC1=NC2CCCCC2N1)c1ccccc1,0
COc1cc(C(=O)NCC2CCCO2)cc(OC)c1OC,0
O=c1nc(-c2ccccc2)c2cc(Cl)ccc2[nH]1,0
CCN(CC)C1=CC(=O)/C(=C/NNC(=O)OC)C=C1,0
COC(=O)c1[nH]c2ccc(Br)cc2c1NC(=O)Oc1ccccc1,0
C=CCNC(=O)c1ccccc1NC(=O)c1cccc2ccccc12,0
COc1cc(C2SCC(=O)Nc3c2c(=O)[nH]n3C2CCCCCC2)cc(OC)c1OC,0
CCCCNC(=O)Cn1c(=O)n(C)c2ccccc21,0
Cc1ccc(C)n1-c1ccc(-c2nnco2)cc1,0
COc1ccc(CCNC(=O)CN2CCCc3ccccc32)cc1OC,0
Cc1ccc(-c2n[nH]c(=S)n2/N=C/c2cc3c(cc2[N+](=O)[O-])OCO3)cc1,0
CCC1CCCCN1CCCNC(=O)c1cn(CC(C)C)c(=O)c2cc(OC)c(OC)cc12,0
C=C(C)CC(NCc1ccco1)c1ccc(OC)cc1,0
COc1cc(/C=C(/C#N)C(=O)NCCc2c[nH]c3ccccc23)ccc1OCc1ccccc1F,0
CCOc1cc(N2CCOCC2)c(OCC)cc1NC(=O)CCS(=O)(=O)c1ccc(Cl)cc1,0
Cc1ccc(-c2nnc3c4ccccc4c(C)nn23)cc1NC(=O)CN1CCOCC1,0
CCCCNC(=O)CCCCCNS(=O)(=O)c1ccc(OC)cc1,0
Cc1ccc(S(=O)(=O)N2CCN(C)CC2)cc1-c1nnc2c3ccccc3c(C)nn12,0
CCOC(=O)N1CCC(Nc2nc3ccccc3nc2NS(=O)(=O)c2ccc(Cl)cc2)CC1,0
COCc1nnc(N)s1,0
O=S(=O)(c1cccc2nsnc12)N1CCc2ccccc21,0
CC(=O)Nc1ccccc1OCC1CC(c2ccccc2)=NO1,0
CCCn1c(N/C=C2\C=Nc3ccccc32)nc2ccccc21,0
Cc1c(/N=C/c2nc3ccccc3n2C)c(=O)n(-c2ccccc2)n1C,0
CCCCn1c(NCCO)nc2ccccc21,0
CCOc1ccc(C(=O)NCc2ccncc2)cc1,0
c1ccc(OCCSc2ncnc3nc[nH]c23)cc1,0
Cc1cc(NC(=O)COC(=O)c2c(C)nn(-c3ccccc3)c2C)no1,0
CCOc1cc(/C=N/NC(=O)CN2CCCCC2)ccc1OCc1ccccc1,0
O=C(c1ccco1)N1CCN(c2nc3ccccc3c(=O)n2-c2ccccc2)CC1,0
CCN1CCCC1CN(Cc1cc2c(C)cc(C)cc2[nH]c1=O)C(=O)NC1CCCCC1,0
CCNC(=O)CC1C(=O)N(c2ccc(C)cc2)C(=O)N1Cc1ccccn1,0
COc1ccc(CONS(=O)(=O)c2ccc(NC(C)=O)cc2)cc1Cl,0
CN1CCN(C(=O)C23CCC(C)(c4nc5ccccc5nc42)C3(C)C)CC1,0
COc1cc(/C=N/NC(=O)CN2CC(c3ccccc3)CC2=O)ccc1OC(=O)N(C)C,0
Cc1cccc(N2CCN(C(=O)c3ccc(Cl)c(S(=O)(=O)NCc4ccco4)c3)CC2)c1C,0
CCc1nnc(NC(=O)c2ccc(S(=O)(=O)N3CCOCC3)cc2)s1,0
COCCn1c(SCC(=O)c2ccc(Cl)cc2)nnc1C(C)C,0
O=C(O)C1CC1c1ccc(Br)cc1,0
O=C(NCc1ccccc1F)C1CCCN(C(=O)NC2CCCCC2)C1,0
CCOc1ccc(Cl)cc1CSc1n[nH]c(CC)n1,0
O=C(NCCN1CCN(C(=O)Nc2ccccc2)CC1)Nc1ccccc1,0
NC(=O)C(c1ccc(Cl)cc1)c1ccc(Sc2ccccc2)nn1,0
COc1cc2c(cc1OC)-c1cc(N3CCCCCC3)nc(=O)n1CC2,0
Cc1sc2c(c1C)CN(C(C)(C)C)CN2C(=O)c1ccccc1,0
CCCC(=O)N(Cc1cc2cccc(C)c2[nH]c1=O)c1ccccc1OC,0
COc1cc(CO)cc(Br)c1OCC(=O)O,0
O=C(O)c1cccc(Cn2cc(Br)cn2)c1,0
CC1CN(c2oc(-c3ccccc3Cl)nc2C#N)CC(C)O1,0
C=CCNC(=O)c1cccc(Br)c1,0
CCCc1cc(=O)nc(SCc2ccccc2)[nH]1,0
CC(=O)N(CN1C(=O)C2CC=CCC2C1=O)c1cccc(Cl)c1,0
O=S(=O)(c1ccc(NCC2CCCCC2)nc1)N1CCOCC1,0
CCCC(=O)Nc1ccc(NC(=O)c2cccc(OC)c2)nc1,0
CCCCNC(NCCCC)=C(S(=O)(=O)CC)S(=O)(=O)CC,0
CN(C)c1ccc(-c2nnn(CC(=O)N3c4ccccc4CCc4ccccc43)n2)cc1,0
CN(Cc1cnn(C)c1)C(=O)C1CCCCC1C(=O)O,0
CC(C)(C)OC(=O)N1CCC(c2cc(=O)n3[nH]cc(C(=O)NC4CCCC4)c3n2)CC1,0
CCCn1nc(NC(=O)c2ccncc2)c2cc3ccccc3nc21,0
O=C(CSc1nc(C2CC2)nc2ccccc12)N1c2ccccc2Sc2ccc(C(F)(F)F)cc21,0
COc1ccccc1Nc1nc(=O)c(C)n[nH]1,0
COc1ccc(S(=O)(=O)N(CC(=O)NC2CC2)C2CCCCC2)cc1Cl,0
N#CCCCSc1nnc(Cc2ccc3c(c2)OCO3)o1,0
CC(=O)Nc1ccc(CN2CCCCCCC2)cc1,0
CCOc1ccc(C(=O)N2CCN(c3cccc(C)c3C)CC2)cc1,0
CC(=O)Oc1ccc(C)cc1N1C(=O)c2ccc(C(=O)O)cc2C1=O,0
COc1ccc(Cn2c(C)c(C)c(C#N)c2NC(=O)Nc2ccc(F)cc2)cc1,0
N#Cc1c(NC(=O)c2ccccc2)sc2c1CCC2,0
Cc1ccc(C)n1-c1sc2c(c1C#N)CCC(C)C2,0
CCOc1ccc(C(=O)c2nc3c(n2O)CCCC3)cc1,0
COC(=O)c1nc(-c2ccccc2)n[nH]1,0
Cc1ccc(SCc2nc3ccccc3n2CC(=O)Nc2ccc(Cl)cc2)cc1,0
Nc1ncc2c(n1)CC(c1ccco1)CC2=O,0
O=C(Cc1ccccc1)Nc1c(C(=O)N2CCCCCC2)cnn1-c1ccccc1,0
CCC(Sc1nc(=O)cc(N)n1-c1ccccc1)C(=O)Nc1cc(C)on1,0
c1ccc2c(-n3cnnn3)cccc2c1,0
COc1cccc(-n2c(SCC(=O)Nc3nccs3)nnc2-c2ccoc2C)c1,0
Cn1cccc1C(=O)OCc1csc(-c2ccccc2)n1,0
CCCCNC(=O)C(NS(=O)(=O)c1cccc2nsnc12)c1ccccc1,0
CCOC(=O)c1cnc(-n2nc(C)cc2C)nc1NC1CCCCC1,0
CCOC(=O)c1cccc(NC(=O)CSc2nnc(COc3ccccc3)n2CC)c1,0
Cn1c(N)c(C(=O)c2cc(-c3ccccc3)nc3ccccc23)c(=O)n(C)c1=O,0
COc1ccc(NC(=O)N2CCC(NC(=O)c3ccco3)CC2)cc1,0
CC(=O)COc1ccccc1OC(=O)c1ccco1,0
CCC(=O)N1CCN(c2ccccc2NC(=O)COc2cccc(C)c2)CC1,0
COc1ccc(CN2CCN(C(=O)CC(C)C)CC2)cc1OC,0
CC(C)CC1(C)NC(=O)NC1=O,0
COC(=O)CC(=O)CSc1nc(C)cc(C)c1C#N,0
O=C(Nc1ccc(F)cc1F)N1CCN(C/C=C/c2ccccc2)CC1,0
COc1ccc(NC(=O)Nc2c(C)n(-c3ccccc3)c(=O)n2C)cc1OC,0
CC1(C)CCCC2=C1CC1C(=O)N(O)C(=O)C1C2,0
COc1cccc(NS(=O)(=O)c2cc(C)ccc2OC)c1,0
O=C(Nc1cccc2ccccc12)N1CCN(c2ccc(F)cc2)CC1,0
CC(C)(O)C#Cc1ccc(C(=O)N2CCCC2C(=O)O)s1,0
CCOc1cccc(C2C(C#N)=C(N)Oc3cc(C)oc(=O)c32)c1OCC,0
COc1cccc(NC(=O)N(Cc2cc3cc(C)cc(C)c3[nH]c2=O)CC2COCCO2)c1,0
C=CCn1c(SCC(=O)NC2CCCCC2)nnc1C(C)NC(=O)c1cccs1,0
Cc1ccc(CNC(=O)c2ccccc2N)cc1,0
CCCCN(C)C(=O)CSc1nc(NCc2ccc(OC)cc2)c2ccccc2n1,0
Cc1ccc2cc(C#N)c(NCc3ccco3)nc2c1,0
c1ccc(-c2nc(N3CCCCCC3)c3ccccc3n2)nc1,0
COc1ccc(CCNC(=O)c2[nH]c(C)c(C(C)=O)c2C)cc1,0
CCOC(=O)CSc1ncc(-c2ccccc2)cn1,0
O=C(CSc1nnc(-c2ccc3c(c2)OCCO3)o1)N1CCCC1,0
C1CCN=C(Nc2nn[nH]n2)CC1,0
COc1ccc(C2C(C#N)C(C#N)N3CCCN23)cc1,0
CCC(NC1CC(C)(C)NC(C)(C)C1)=C1C(=O)CC(C)(C)CC1=O,0
O=S(=O)(NC1CCCC1)c1cccc(S(=O)(=O)N2CCC(n3nnc4ccccc43)CC2)c1,0
Cc1ccc2c(c1)N(CC(=O)Nc1ccc3c(c1)OCCO3)C(=O)CO2,0
CCN1C(=O)/C(=C\N(C)C)c2ccccc21,0
CCSc1ccccc1C(=O)n1nnc2ccccc21,0
C=C(Br)Cn1c(CC(C)C)nc2ccccc21,0
C=CCc1ccc(OCCCOc2ccc(C)cc2OC)c(OC)c1,0
CCOC(=O)c1cc(C#N)c(Oc2ccccc2)nc1-c1ccccc1,0
Cc1ccc(C(=O)NCCCN2CCOCC2)o1,0
Cc1cc(=O)c2cc(Br)ccc2[nH]1,0
COc1cccc(OC)c1C(=O)Nc1ccc(CN2CCCCC2)cc1,0
COc1ccc(OC)c(NC(=O)C2CC(=O)N(c3ccc(Br)cc3)C2)c1,0
O=C(Nc1ccc2nc(-c3cccnc3)[nH]c2c1)c1ccccc1F,0
Cc1[nH]n(-c2ccccc2)c2nc(=O)c(CNCCN3CCOCC3)cc1-2,0
O=C(CS(=O)(=O)c1ccccc1)N1CCCCCC1,0
COC(=O)c1ccccc1NC(=O)N1CCN(S(=O)(=O)c2ccc(Cl)cc2)CC1,0
CC(C)(C)C1CCc2onc(C(=O)NC3CCCC3)c2C1,0
Cc1ccnc(N2CCC(C(=O)NC3CCCCCC3)CC2)n1,0
O=C(Nc1ccc2ccccc2c1)c1onc2c1CCCC2,0
COc1ccc(OC)c2c1CCC2=O,0
Cc1ccc(Oc2nc3c(c(=O)n(Cc4ccccc4F)c(=O)n3C)n2C)cc1,0
CCOc1cccc(CNn2cnnc2)c1OCc1ccccc1,0
O=C(NCCOc1ccccc1)c1ncn[nH]1,0
CCn1c(COc2ccc(C)cc2)nnc1SCC(=O)Nc1ccc(S(N)(=O)=O)cc1,0
COc1cccc(CNc2nc3ccccc3n2CCN2CCCCC2)c1OC,0
Cc1cc(NC(=O)Cn2c(=O)c3c(ncn3CCC(C)C)n(Cc3ccccc3)c2=O)no1,0
CCOC(=O)C(C)(C)Sc1nc2n(-c3ccc(Cl)cc3)[nH]cc-2c(=O)n1,0
CCn1nc(NC(=O)c2ccco2)c2cc3ccc(C)cc3nc21,0
O=C(NCCc1ccccc1)c1cnn2c(C(F)F)cc(C3CC3)nc12,0
Cc1cc(Nc2cnc3ccccc3n2)n(-c2ccccc2)n1,0
Cc1cc(C)n(CC(=O)N/N=C/c2ccc(C)o2)n1,0
COCCn1c(C)nc2oc3ccc(Br)cc3c(=O)c2c1=O,0
CCOc1ccc2nc(N/C(N)=N/C(=S)Nc3cccc(C)c3)nc(C)c2c1,0
O=C(COc1nnnc2ccccc12)N1CCCc2ccccc21,0
Cc1ccc(COc2coc(CO)cc2=O)cc1,0
C=CCn1c(SCc2cc(C(=O)OC)c(C)o2)nnc1-c1ccncc1,0
CCOc1cc(/C=N/NC(=O)Cc2ccccc2)ccc1OCC(=O)Nc1ccc(C)c(C)c1,0
Cc1ccc(C)c(N(CC(=O)Nc2cc(Cl)ccc2Oc2ccccc2)S(C)(=O)=O)c1,0
COc1ccc(NC(=O)c2csc(Cc3ccccc3)n2)cc1,0
CCOc1ccccc1C(=O)Nc1nnc(COC)s1,0
Cn1c(NC(=O)c2ccccc2)c(-c2cccs2)c(=O)c2ccccc21,0
Cc1cccc(NC(=O)Nc2cc(C)on2)c1,0
Cn1c(-c2ccccc2O)cc2ccccc21,0
C=CCN(c1ccc(C(=O)NCCc2ccccc2)cc1)S(C)(=O)=O,0
CS/C(Nc1ccccc1)=C1/C(=O)COC1=O,0
COc1cnc(-c2ccccc2)nc1Oc1cccc(C)c1,0
O=C(NCc1cccc(C(F)(F)F)c1)C1CC(c2ccccc2[N+](=O)[O-])=NO1,0
Cc1ccc(C)c(-c2nc3ccc(N)cc3[nH]2)c1,0
COC(=O)c1cc(=O)n2c(-c3ccc(OC)cc3)csc2n1,0
CCOC(=O)CNc1c(-c2ccc(O)cc2)nc2ccccn12,0
COc1cc2ccccc2cc1C(=O)Nc1cccnc1,0
CCOC(=O)c1c(NC(=O)CSc2nnc(Cc3ccccc3)o2)sc(C)c1C,0
NC(=O)C1CCN(C(=O)CCSc2ccccc2)CC1,0
Cc1cc(C)cc(C(=O)n2cnnc2N)c1,0
CCC1(C)Cc2c(sc3nc4n(c(=O)c23)CCS4)CO1,0
O=C(C1CCC(C(=O)N2CCCCC2)CC1)N1CCCCC1,0
COc1ccc(CC(=O)Nc2ccc(-c3nnc(-c4ccc(C)cc4)o3)cc2)cc1,0
CNc1oc(-c2ccccc2Cl)nc1C#N,0
Cc1c(NC(=O)/C=C/c2cn(-c3ccccc3)nc2-c2ccccc2)c(=O)n(-c2ccccc2)n1C,0
Cc1c(/N=C/c2cccnc2)c(=O)n(-c2ccccc2)n1C,0
O=c1nc2n(c(O)c1Cc1ccccc1)CCCS2,0
Nc1ccc2ncccc2c1,0
COc1cc(OC)cc(C(C(=O)NCc2ccccc2)N(Cc2ccco2)C(=O)c2ccno2)c1,0
Cc1cccc(CN2C(=O)N/C(=C/c3cc(C)n(-c4cc(C)ccn4)c3C)C2=O)c1,0
CCc1c(C)nc2[nH]nc(-c3ccccc3C)n2c1=O,0
CCN(CC)S(=O)(=O)c1cccc(C(=O)Nc2cc(C)cc(C)c2)c1,0
NC(=O)COc1ccc2c3c(c(=O)oc2c1)CCCCC3,0
CCC(Oc1ccc(C)c(C)c1)C(=O)O,0
CC1=CC(C)(C)N(C(=O)CSc2nccn2C)c2cc(C)ccc21,0
Cc1nc(NC(=O)C2CC2)sc1C(=O)N(C)C,0
S=C(Nc1ccccc1)N1CCCCCC1,0
COc1cc(NC(=O)c2ccco2)c(OC)cc1NC(=O)CSc1nnc(-c2cccs2)n1C,0
c1ccc(Cn2nnc3c(N4CCOCC4)ncnc32)cc1,0
Cc1cccc(-c2nc([N+](=O)[O-])n[nH]2)c1,0
O=C(NC(=S)Nc1ccccc1)c1cc(-c2ccccc2)nc2ccccc12,0
CCn1nc(C(=O)NC2=NCCS2)c2ccccc2c1=O,0
O=C(NCc1cccnc1)c1ccc(NC(=O)c2ccco2)cc1,0
Cc1ccc2[nH]c(=O)c(CN(CCc3ccccc3)C(=O)N3CCOCC3)cc2c1,0
N#Cc1sc2nc(N3CCCCC3)c3c(c2c1N)CCCC3,0
COc1cc(-c2nc(-c3ccc(Br)o3)no2)cc(OC)c1OC,0
O=C(c1cccc(Br)c1)N1CCN(C(=O)N2CCCCC2)CC1,0
O=C(COc1ccc(Cl)cc1)NCc1nnc(SCC(=O)NCc2ccc3c(c2)OCO3)o1,0
CC(C)n1c(NCc2cc(Cl)ccc2O)nc2ccccc21,0
Nc1cccc2c1C(=O)N(C(=O)c1ccc(Cl)c(S(=O)(=O)N3CCCCCC3)c1)C2=O,0
COC(=O)c1ccc(Cn2nc(C)c(Cl)c2C)o1,0
Cc1cc(Cl)c(S(=O)(=O)NCc2cccnc2)cc1OCC(=O)NC1CCCCC1,0
O=C(Cn1nc(-c2ccc(N3CCOCC3)c([N+](=O)[O-])c2)c2ccccc2c1=O)N1CCCCC1,0
O=C(Nc1ccc(-c2nc3ncccc3o2)cc1)c1ccc(Br)o1,0
Cc1cc(C)c(S(=O)(=O)c2ccccc2C)c(N(C)C)n1,0
COc1cccc(CNn2cnnc2)c1OCc1ccccc1F,0
CSc1ccccc1-c1nnc(-c2ccc(Cl)c(Cl)c2)o1,0
COc1cccc2cc(C(C)N(CCCN3CCOCC3)C(=O)Nc3ccccc3)oc12,0
Cn1cccc1C(=O)OCC(=O)Nc1ccc2c(c1)CCC2,0
COc1cc(=O)n2c(-c3ccccc3)csc2n1,0
COc1ccc2c(c1)c(C(=O)CN1CCN(C)CC1)c(C)n2Cc1ccccc1,0
CCN(CC)C(=O)C(=O)N/N=C/c1ccc(Br)cc1,0
COc1ccccc1-n1cnc2cc(NCc3ccco3)ccc21,0
Cc1ccc(-n2nc(-c3cccnc3)cc2C(=O)N2CCOCC2)c(C)c1,0
Cc1nc(Nc2ccncc2)c2oc3ccccc3c2n1,0
CCc1nnc(NC(=O)CSc2nnc(-c3ccncc3)n2Cc2ccccc2)s1,0
CCC1CCCCN1C(=O)Cn1c(C(=O)OC)cc2ccsc21,0
COc1ccc(C(=O)/C=C/Nc2cc(C)on2)cc1,0
COc1ccccc1-c1c(C)c(C)nc(N)c1C#N,0
CCCCOc1ccc(-c2nnn(CC(=O)NCc3ccco3)n2)cc1,0
C=CCn1c(-c2ccc(OC)cc2)nc2nc3ccccc3nc21,0
COc1cccc(NC(=O)Nc2nnc(-c3ccccc3SCc3ccccc3)s2)c1,0
CCN(CC)CCn1c(-c2ccccc2)nc(=S)c2c1CC(C)(C)OC2,0
COc1ccc(NC(=O)c2oc3ccccc3c2NC(=O)c2ccco2)cc1,0
C=CCc1ccc(OCCCOc2ccc(C)c(C)c2)c(OC)c1,0
COc1ccc(C2CC(=O)c3cnc(NC(=O)c4cc(OC)cc(OC)c4)nc3C2)cc1,0
Cc1ccc(Nc2cc(=O)n(C3CCCCC3)c(=O)[nH]2)cc1C,0
CC1CCCCN1C(=O)Cn1nnc(-c2cccnc2)n1,0
O=C(Nc1ccc(-c2nc3ccccc3o2)cc1)c1ccc(N2CCOCC2)c([N+](=O)[O-])c1,0
O=C(NCc1cccnc1)c1cccc(NC(=O)c2ccco2)c1,0
COc1c[nH]n(C2CCCCC2)c(=O)c1=O,0
NC(=O)c1c(NC(=O)CSc2nnc(-c3ccco3)n2N)sc2c1CCCC2,0
CCc1nnc(NC(=O)c2ccc3c(c2)C(=O)N(CC)C3=O)s1,0
Cc1ccc2cc(C#N)c(N3CCN(C)CC3)nc2c1,0
CCc1ccc(NC(=O)CCn2c(=O)oc3ccccc32)cc1,0
CCN(CC)S(=O)(=O)c1cccc(-c2nnc(SCC(N)=O)n2CCc2ccccc2)c1,0
COc1cccc(Nc2nnc(SCn3nnc4ccccc4c3=O)s2)c1,0
c1ccc(-c2nnc(SCCC3OCCCO3)o2)cc1,0
COCCCn1c(=N)c(C(=O)NCc2ccc3c(c2)OCO3)cc2c(=O)n3ccccc3nc21,0
CCOc1ccc(Nc2nc(Cc3nnc(SCC(=O)NC4CCCCC4)n3C)cs2)cc1,0
Cc1nn2c(CN(C(=O)c3ccco3)c3ccccc3)nnc2c2ccccc12,0
Cc1c(Br)c(=O)[nH]c(=O)n1COCc1ccccc1,0
CCCCn1c(=O)n(CC(=O)NCc2ccc(C)cc2)c(=O)c2c1nc(CO)n2CCC,0
CCN1CCN(c2ncnc3c2[nH]c2ccc(F)cc23)CC1,0
O=C(Nc1ccccc1C(=O)NC1CCCCC1)c1ccco1,0
O=C(Nc1ccccn1)NC1CCCCC1,0
Cc1ccc(C(=O)CSc2nnc(CNc3nc(-c4ccccc4)cs3)n2C)cc1,0
COc1ccccc1NC(=O)N1CCC(C(=O)c2ccc(F)cc2)CC1,0
Cc1ccc(CSc2ncccc2C(=O)O)cc1,0
O=C(NCC1CCCO1)c1ccc(Cl)c(F)c1F,0
Cc1ccc2c(CC(=O)Nc3c(C)n(C)n(-c4ccccc4)c3=O)coc2c1,0
CCCCNC(=O)c1cc(-c2ccc(F)cc2)on1,0
Cn1c(=O)cc(OCCCC(=O)Nc2ccc3c(c2)OCCO3)c2ccccc21,0
CCC(C)n1c(SCC(=O)NCc2ccco2)nnc1-c1cccc(S(=O)(=O)N2CCOCC2)c1,0
C=CCn1c(CSCc2ccc(Cl)cc2)nnc1SCC(=O)NCc1ccccc1,0
CCCCc1nnc(NC(=O)CSc2nc(=O)cc(N)n2-c2cccc(C)c2)s1,0
CC(C)N(C(=O)CN(C#N)c1nc(N(C)C)nc(N(C)C)n1)c1ccccc1,0
O=C(CN1CCN(Cc2ccccc2Cl)C1=O)NCc1ccco1,0
CCCC(=O)n1nc(-c2cccnc2)nc1N,0
Cc1ccccc1S(=O)(=O)c1c(C)cc(C)n(C(C)C)c1=O,0
O=C(Nc1cccnc1)c1ccc(CN2CCc3ccccc3C2)cc1,0
COc1cc(/C=N/NC(=O)c2ccncc2)ccc1OC(=O)c1ccc([N+](=O)[O-])cc1,0
Cc1ccc(C)c(Nc2ncnc3nc[nH]c23)c1,0
Cc1cccc(OCC(=O)N2CCC(c3ccccc3)C2)c1,0
CCN(CC(=O)Nc1ccc2c(c1)OCCO2)Cc1cc(=O)oc2c(C)c(C)ccc12,0
Cc1cc(=O)n2[nH]c(-c3ccccc3)cc2n1,0
CN(C)c1nc(-c2ccccn2)nnc1-c1ccccc1,0
Cc1nc(N)nc(Nc2ccc(Cl)cc2)c1Br,0
CCc1cccc2c(C#N)cn(CC(=O)NCCOC)c12,0
Cc1cc(OCc2nn[nH]n2)c2c(C)c(Cc3ccccc3)c(=O)oc2c1,0
O=C1CC(Nc2ccc(N3CCOCC3)cc2)C(=O)N1CCc1ccccc1,0
COCCCNc1ncnc2c1[nH]c1ccccc12,0
O=C(c1ccccc1C(=O)N1CCN(c2ccccc2)CC1)N1CCN(c2ccccc2)CC1,0
CC(C)C(=O)c1cn(CC(=O)NCc2ccc3c(c2)OCO3)c2ccccc12,0
Cc1cc(NC(=O)COc2ccc3oc4ccccc4c3c2)no1,0
C/C=C/c1ccc(Oc2nnnn2-c2ccc(C(=O)O)cc2)c(OC)c1,0
COc1ccc(OC)c(-n2c(=S)[nH]c3cc(C(=O)N4CCC(C(N)=O)CC4)ccc3c2=O)c1,0
O=C1c2ccccc2C(=O)N1CCCc1nc2ccccc2c(=O)n1-c1cccnc1,0
O=C(N/N=C/c1cccnc1)c1cc2c(ccc3ccccc32)o1,0
COc1ccc(N(CC(=O)NCc2ccco2)S(=O)(=O)c2c(C)nn(C)c2C)cc1,0
S=c1[nH]nc(COc2ccc3ccccc3c2)o1,0
CC(C)CCNC(=O)CSc1nnc(-c2ccc(S(=O)(=O)N3CCCC3)cc2)n1C,0
O=C1NN=C(c2ccccc2)/C1=C/Nc1ccccc1Cl,0
O=C1CC(N2CCN(C/C=C/c3ccccc3)CC2)C(=O)N1CCc1ccccc1,0
O=C(Nc1cccc(C(=O)N2CCOCC2)c1)c1cncc(Br)c1,0
Cn1c(SCC(=O)NCc2ccccc2)nc2ccccc21,0
O=C(Nc1ccc2c(c1)oc1ccccc12)N1CCOCC1,0
COCCN(C(=O)Cn1nnc2ccccc21)C(C(=O)NC1CCCC1)c1cc(OC)ccc1OC,0
CCc1nnc(NC(=O)CSc2nnc(C)n2Cc2ccccc2)s1,0
C=CCn1c(NCc2ccc3c(c2)OCO3)nc2ccccc21,0
CC(=O)Nc1ccc2c(c1)nc(CCN1CCC(C)CC1)n2C,0
CCOc1cc(-c2conc2N)cc(OCC)c1OCC,0
CCCOc1ccc(C2NC(=O)NC(c3ccccc3)=C2C(C)=O)cc1OCC,0
Cc1nc(NC(=O)CSc2nc3cccnc3n2C2CCCCC2)sc1C,0
COc1cc2c(=O)n(Cc3ccccc3)c(=O)n(CC(=O)NCCc3ccccc3)c2cc1OC,0
Cc1cccc(NC(=S)NC(=O)/C=C/c2ccco2)n1,0
Cc1cccc(OCC(=O)NC(=S)N2CCCc3ccccc32)c1,0
CCOC(=O)C1=C(C)S/C(=C\N(C)C)C1=O,0
Cc1[nH]c2ccccc2c1C(=O)CN1CCN(C(=O)c2ccco2)CC1,0
CCOC(=O)C1=NN(c2cccc(C)c2)C2(S1)SC(C(C)=O)=C(C)N2c1ccccc1,0
CCOc1ccccc1N1CCN(Cc2cccc(OC)c2OC)CC1,0
O=C(Nc1ccccc1-c1ccccc1)c1cnccn1,0
CCOc1cc(C(=O)Nc2cc(C)ccn2)cc(OCC)c1OCC,0
COc1ccc2[nH]c3c(NCc4ccco4)ncnc3c2c1,0
COc1cc(S(=O)(=O)NCc2ccccc2)ccc1F,0
CCOC(=O)C1CCCN(CC(=O)Nc2c(C(=O)OC)[nH]c3ccc(Br)cc23)C1,0
CCOC(=O)CSc1nnc(CNc2cccc(Cl)c2)n1C,0
CCCCc1ccc(S(=O)(=O)NCCc2ccncc2)cc1,0
COc1ccccc1CC(=O)Nc1ccc(-c2nnc(-c3ccco3)o2)cc1,0
c1ccc(CCNc2ncnc3c2cnn3-c2ccccc2)cc1,0
C=CCn1c(/N=C/c2ccc3c(c2)OCO3)nc2ccccc21,0
CCOc1ccc(N2CC(C(=O)Nc3ccc(N4CCOCC4)cc3)CC2=O)cc1,0
Cc1cccc(C)c1NC(=O)CC(NCc1ccco1)C(=O)O,0
CC1(C)Cc2ccccc2-c2c1c(=O)n(Cc1ccccc1)c1nnnn21,0
Cc1cc(C)c(C#N)c(=N)o1,0
CCN(CC)S(=O)(=O)c1cc(C(=O)Nc2ccncc2)ccc1Cl,0
Cn1c(N)c(C#N)c(C#N)c1-c1ccccc1,0
COc1ccc(Br)cc1CN1CCCCCCC1,0
Cc1ccc(OCc2nnc(SCC(=O)Nc3nccs3)n2-c2ccccc2)cc1C,0
Cc1nn(-c2cccc(C(F)(F)F)c2)c(Cl)c1/C=N/n1cnnc1,0
Cc1ccc(N/N=C/c2ccc(N3CCOCC3)cc2)cc1C,0
COc1ccc(-n2ncc3c(NC(C)C)ncnc32)cc1,0
Cc1ccc(NC(=O)CN(Cc2ccccc2)S(C)(=O)=O)cc1C,0
COc1ccc(-c2nnn(CC(=O)N(C3CCCCC3)C(C)C(=O)NC3CCCC3)n2)cc1OC,0
C=CCn1c(=N)c(C#N)cc2c(=O)n3ccccc3nc21,0
COC(=O)c1ccsc1NC(=O)C1COc2ccccc2O1,0
COc1ccc(NC(=O)c2ccc(CN3CCN(c4ccccc4)CC3)cc2)cc1OC,0
Cc1nn2c(C)c(C(=O)Nc3ccccc3)cnc2c1C#N,0
CC(C)CNC1=CC(=O)CC(c2ccco2)C1,0
Cc1ccc(OCC(=O)Nn2c(C)nc3ccccc3c2=O)c(C(C)C)c1,0
Cc1nc2cccc(C(=O)NC3CCCCC3)c2o1,0
Cn1c(SCC(=O)NCc2cccs2)nnc1-c1ccc(S(=O)(=O)N2CCCC2)cc1,0
Cc1cc(C)nc(SCc2nnc(SCC(=O)Nc3ncc(C)s3)n2Cc2ccco2)n1,0
COc1ccc(S(=O)(=O)NCc2ccc3c(c2)cc(C)n3C)cc1,0
Cc1ccc(S(=O)(=O)C2(C(=O)Nc3ccc(F)cc3)CC2)cc1,0
O=C(Cc1cccc2ccccc12)N/N=C/c1ccc(Sc2cccc3cccnc23)o1,0
CCCCn1c(SCC(=O)N2CC(=O)Nc3ccccc32)nnc1-c1ccoc1C,0
CCc1ccc(CCC(=O)Nc2ccc(OC)cc2)o1,0
CCN1C(=O)/C(=C\N2CCN(c3ccc(F)cc3)CC2)SC1=S,0
CC(=O)NC(CCS(C)(=O)=O)C(=O)Nc1cccc2ccccc12,0
Cc1nnc(NC(=O)COc2ccccc2)s1,0
COc1nc(NCc2cccnc2)nc(OC)n1,0
COc1cccc(-c2noc(CCC(=O)NC3CCCCC3)n2)c1,0
CCc1cccc2c(SCC(=O)NCC3CCCO3)nc(-c3ccc(F)cc3)nc12,0
CCOC(=O)c1c(NC(NC(C)=O)C(Cl)(Cl)Cl)sc(C(C)=O)c1C,0
COc1cccc(C(=O)Nc2ccc(-c3nnc(-c4ccco4)o3)cc2)c1,0
COc1ccc(C(=O)/C(=C/c2cccs2)c2nc3ccccc3o2)cc1,0
COc1ccc2c(c1)c1ncnc(N3CCN(Cc4ccc5c(c4)OCO5)CC3)c1n2C,0
COc1ccc(S(=O)(=O)Nc2ccc(O)c3ccccc23)cc1,0
CC(=O)Oc1ccc(-c2cccc(C(=O)Oc3ccccc3)c2)cc1,0
CC1CCCC(C)N1C(=O)CSc1nnc(NC(=O)Cc2cccs2)s1,0
Cc1cc(C(=O)NN)c2cc(Br)ccc2n1,0
O=C(CC1N=C2c3ccccc3N=C(SCc3ccccc3Cl)N2C1=O)NCc1ccco1,0
Cn1c(=O)n(C)c2cc(NC(=O)c3cc4ccccc4o3)ccc21,0
CCOC(=O)c1[nH]c2ccccc2c1CCCN1C(=O)c2ccccc2C1=O,0
Cc1ccnc(NS(=O)(=O)c2ccc(NC(=O)C3CCCCC3C(=O)O)cc2)n1,0
O=C(CN1CCN(S(=O)(=O)c2ccc(Cl)cc2)CC1)Nc1ccc2c(c1)OCCO2,0
O=C1C2CSCN2C(=O)CN1CCc1cccc(F)c1,0
CCC1Sc2ccccc2N(CC(=O)NC2CCCC2)C1=O,0
Cc1ccc(NC(=O)/C(=C/c2ccco2)c2ccccc2)c(C)c1,0
Cn1nnc2cc(NC(=O)N3CC4(C)CC3CC(C)(C)C4)ccc21,0
O=C(N/N=C/C1CC=CCC1)c1ccccc1O,0
Clc1cccc(CSc2nnc(-c3cccnc3)n2Cc2ccco2)c1,0
COc1cccc(CN2C(=O)CCC2(C)C(=O)NC2CCCCCC2)c1,0
c1ccc(NCCCNc2ccccc2)cc1,0
O=C(c1ccccc1)c1cc(-c2ccccc2)on1,0
CC(C)(NC(=O)N1CCCC1)c1cccc(C(C)(C)NC(=O)N2CCCC2)c1,0
O=C(Nc1ccc(S(=O)(=O)NCc2ccccc2)cc1)c1ccc(Br)o1,0
COc1cccc(C(=O)Nc2cccc(-c3nc4ncccc4o3)c2C)c1,0
Cc1ccc(S(=O)(=O)NCC/N=C(\CN2CCOCC2)NS(=O)(=O)c2ccc(C)cc2)cc1,0
O=C(O)CCCC(=O)Nc1nc(-c2ccccc2)cs1,0
Cc1ccccc1Cn1cnc2c(NS(C)(=O)=O)c(C)c(C)cc21,0
CC(=O)NC(CC(C)C)C(=O)NC(Cc1ccccc1)C(N)=O,0
Cc1csc(N2CCc3ccccc32)n1,0
CON/C=C(\C=N\c1ccc(Cl)cc1)c1ncc(C(F)(F)F)cc1Cl,0
Cc1ccnc(NC(=O)c2ccccc2NC(=O)C(C)(C)C)c1,0
Cc1ncoc1C(=O)Nc1ccccc1C(N)=O,0
Cc1cc(N2CCOCC2)ccc1/C=C1\SC(=O)N(C(C)C)C1=O,0
CC(=O)NC1C(=O)N(C)c2ccc(Br)cc21,0
Cc1cc(C)c2[nH]c(=O)c(C(c3nnnn3Cc3ccc4c(c3)OCO4)N3CCC(C)CC3)cc2c1,0
CC(C)(C)NC(=O)CN(Cc1cccs1)C(=O)c1csnn1,0
Cc1ccc(S(=O)(=O)N2C3C=CC(C3)C2C(=O)O)cc1,0
CCOC(=O)C1=C(N)N(c2ccc(N3CCCCC3)cc2)C(=O)C1,0
Cc1ccccc1NC(=O)CNc1ccccc1C(=O)NCc1ccco1,0
O=C(OCc1cc2ccccc2[nH]c1=O)c1cccnc1,0
O=C(/C=C/c1cccc([N+](=O)[O-])c1)NCCSc1ccccc1,0
O=C(O)/C=C/C(=O)NNC(=O)c1ccccc1Br,0
O=C(O)CCCNC(=O)c1cncc(Br)c1,0
Cc1cc(Nc2ccccc2)n(C(=O)c2ccc(N)cc2)n1,0
CCCCOc1ccccc1N,0
Nc1n[nH]c(-c2ccccc2)c1-c1ccccc1,0
Cc1cc(C)c(C#N)c(Nc2ccccc2)n1,0
Cn1c(/C(C#N)=C/Nc2ccccn2)nc2ccccc21,0
CCOc1cccc(C(=O)Nc2ccccc2N2CCN(C(=O)C(C)C)CC2)c1,0
CCN(CC)S(=O)(=O)c1ccc2oc(C(=O)N3CCOCC3)c(C)c2c1,0
Cc1ccccc1N1C(=O)CN(C(C)(C)C)C(=O)C1c1ccc(N(C)C)cc1,0
CC(C)C1NC(=O)N(c2ccc(Oc3ccccc3)cc2)C1=O,0
CCNC(=O)c1c(O)n2c3c(cccc3c1=O)CC2,0
CC(C)c1cc(C(=O)O)on1,0
Cc1ccc([N+](=O)[O-])cc1NC(=O)CN(C1CCCCC1)S(=O)(=O)c1ccc(Cl)cc1,0
COc1ccc(-c2c(C)nn(-c3ccccc3)c2N)cc1,0
Fc1cccc(Nc2cc(-n3cccn3)ncn2)c1,0
CC(C)(C)C1CCC2(CC1)SCC(=O)N2c1ccccc1,0
COc1ccc(C)cc1NC(=O)CN(c1ccc(F)cc1)S(C)(=O)=O,0
CCc1c(C)[nH]c(SCC(=O)Nc2ccc(Br)cc2)nc1=O,0
COc1ccccc1-c1nnc(NC(C)=O)s1,0
O=C(COc1ccc(S(=O)(=O)N2CCCC2)cc1Cl)Nc1ccc2c(c1)OCO2,0
CCOC(=O)c1ccc(NCn2c(=O)oc3ccccc32)cc1,0
Cc1ccc(NCC(=O)N/N=C/c2ccc(OC(=O)c3ccco3)cc2)cc1,0
COc1cccc(N2C(=O)C(CC(=O)Nc3ccccc3)N(C3CCCCC3)C2=O)c1,0
Cc1ccccc1Cn1cnc2c(nnn2Cc2ccc(F)cc2)c1=O,0
O=C(Cn1ncc2c3ccccc3n(Cc3ccc(F)cc3)c2c1=O)N1CCC2(CC1)OCCO2,0
COc1ccc(C(NC(N)=O)c2ccccc2)cc1,0
Cc1nc2[nH]onc2c2nccc(=O)c12,0
Cc1cccc(NC(=O)C2(c3ccc([N+](=O)[O-])cc3)CCCC2)c1,0
N#Cc1c(N)nc2c(c1-c1ccncc1)CCCCCC2,0
Cc1ccc(-n2ncc3c(=O)n(CC(=O)OCc4ccccc4)cnc32)cc1,0
O=C(Cc1ccccc1)Nc1cccc(-c2nc3ncccc3o2)c1,0
Cc1oc2c(c1C(=O)NC(Cc1c[nH]c3ccccc13)C(=O)O)CCCC2,0
C=CCOc1c(Br)cc(C2NC(=O)NC(C)=C2C(C)=O)cc1OCC,0
CC(=O)CSc1nnc(Cc2ccc3c(c2)OCO3)o1,0
CCOC(=O)N1CCC(N2CCN(c3cc(C)ccc3C)CC2)CC1,0
O=C(c1cccnc1NCc1ccccc1)N1CCOCC1,0
COc1cccc(-c2cc(C(=O)Nc3c(C)nn(Cc4ccccc4C)c3C)no2)c1,0
O=C(Nc1nccs1)c1c(O)n2c3c(cccc3c1=O)CCC2,0
COC(=O)c1ccccc1NC(=O)c1noc2c1CC(C(C)(C)C)CC2,0
CCn1c(Cc2ccccc2)nnc1SCC(=O)Nc1ccc(N2CCOCC2)c(Cl)c1,0
COc1cc(C)c(CN2CCN(c3ccccc3)CC2)cc1C,0
O=C(O)CCc1ccc(-c2cccs2)n1NC(=O)c1ccccc1Br,0
OCCCc1nc2ccccc2n1CCOc1ccccc1,0
Cc1cc(C)c2c(n1)nn1c(C3CC3)cc(C(F)(F)F)nc21,0
Cc1ccc(S(=O)(=O)c2c(C)nn(C(C)(C)C)c2OC(=O)C2CCCC2)cc1,0
NC(=O)c1cc(-c2ccccc2)nc(N2CCOCC2)n1,0
O=C(O)C1CC(=O)N(c2ccc(Br)cc2)C1,0
CCc1nc(SCC(=O)Nc2ccccc2C(=O)OC)n[nH]1,0
O=C(c1ccc(CNS(=O)(=O)c2ccc(F)cc2)cc1)N1CCCC1,0
c1ccc(C2(CNc3ccccn3)CCCC2)cc1,0
C=CCSC1=N/C(=C\c2ccc3c(c2)OCO3)C(=O)S1,0
O=C(COC(=O)C1(c2ccccc2F)CCCC1)NC1CCS(=O)(=O)C1,0
CCN(CC)c1ccc(NC(=O)c2cncc(Br)c2)cc1,0
O=C(Nc1ccncc1)c1ccccc1F,0
COc1ccccc1OCCCn1cc(C#N)c2ccccc21,0
CCc1c(C)[nH]n(-c2ccc(Oc3ccccc3)c(S(=O)(=O)O)c2)c1=O,0
C1CCC(Nc2nnnn2C2CCCCC2)CC1,0
COc1ccc(NC(=O)N(Cc2ccc(C)cc2)Cc2ccccn2)c(OC)c1,0
Cc1cc(NC(=O)c2cccc(F)c2)ncc1NC(=O)c1ccco1,0
COc1cccc(NC(=O)c2ccccc2-c2nc(-c3cccc(C)c3)no2)c1,0
CC(C)(C)CNc1cc(N2CCCC2)ccc1[N+](=O)[O-],0
CCOC(=O)N1CCN(C(=O)Cc2ccc(-n3c(=O)[nH]c4ccccc4c3=O)cc2)CC1,0
CCc1nnc(NC(=O)Nc2ccc(OC)cc2)s1,0
CC1CC(C)CN(CCCn2c(=S)[nH]c3ccccc3c2=O)C1,0
CCOc1ccccc1OCC(=O)Nc1ccc(N2CCCCC2)cc1,0
Cc1ccc(NC2=NS(=O)(=O)c3cc(F)ccc3S2)cc1,0
COc1ccc(OCC(O)Cn2cnc(-c3ccc(Br)cc3)c2)cc1,0
COc1cccc(C(=O)NCc2ccc(N3CCN(C(=O)OC(C)(C)C)CC3)cc2)c1,0
CC(C)Oc1ccc(N2CC(C(=O)Nc3ccc(N4CCOCC4)cc3)CC2=O)cc1,0
COC(=O)c1ccccc1NC(=O)Nc1cc(C)cc(C)n1,0
O=C(O)CCc1ccc(-c2cccs2)n1-c1ccc(C(=O)O)cc1,0
O=C(NC1CCCCC1)N(Cc1cc2cc3c(cc2[nH]c1=O)OCCO3)C1CCCCC1,0
COc1ccccc1N1C(=O)c2cccc3c(C(=O)O)ccc(c23)C1=O,0
O=C(OCc1nc(=O)c2ccccc2[nH]1)c1cccs1,0
Cc1ccnc(SCCn2c(N(C)Cc3ccccc3)nc3c2c(=O)n(C)c(=O)n3C)n1,0
CCc1nnc(NC(=O)CSc2nnc(Cc3ccccc3)n2-c2ccccc2)s1,0
Cc1cccc(C)c1NC(=O)CS(=O)CC(=O)Nc1ccc(F)cc1F,0
O=C(Nc1ccc2nn(-c3ccccc3)nc2c1)c1ccco1,0
COc1cccc(Oc2coc3c(CN4CCOCC4)c(O)ccc3c2=O)c1,0
c1ccc2c(CN3CCOCC3)c3ccccc3c(CN3CCOCC3)c2c1,0
CCCN(CCC)C1=N/C(=C\c2ccco2)C(=O)N1c1ccccc1,0
CCCC(=O)Nc1cccc(NC(=O)c2ccc3c(c2)OCO3)c1,0
Cc1ccccc1Cn1nnc(C(=O)Nc2cccc(C)c2C)c1N,0
CCc1nnc(NC(=O)CCC(=O)NC2CCCCC2)s1,0
CC(=O)NC(Cc1c[nH]c2ccccc12)C(=O)NCc1ccc2c(c1)OCO2,0
Nc1c(C(=O)NCc2ccco2)c2nc3ccccc3nc2n1CCc1ccccc1F,0
O=C(NCC(=O)N(c1cccnc1)C(C(=O)NCc1ccco1)c1ccccc1)c1ccco1,0
O=C(CN1C(=O)CCC1=O)Nc1ccc(S(=O)(=O)N2CCOCC2)cc1,0
COCCNC(=O)CNS(=O)(=O)c1ccc2nc(C)sc2c1,0
Cc1nc(COC(=O)c2ccc(CO)cc2)cs1,0
Cc1cccc(-c2c3c(=O)n(C)c(=O)n(C)c3cn2C2CCCCC2)c1,0
Cc1noc(C)c1S(=O)(=O)N1CCC(C(=O)N2CCN(c3ccccc3Cl)CC2)CC1,0
Cn1ncc2nnn(-c3ccccc3)c(=O)c21,0
CCOc1ccc(NC(=O)c2cn(-c3ccc(OCC)cc3)c(=O)c3cc(OC)c(OC)cc23)cc1,0
O=C(NCc1ccco1)c1ccc(NC(=O)C2COc3ccccc3O2)cc1,0
Cc1nn(-c2ccc(F)cc2)c2sc(C(=O)OC3CCOC3=O)cc12,0
COc1ccc(CNc2ccccc2)cc1Br,0
CC(SCc1ccccc1)C(=O)NN=C1CCN(C)CC1,0
CC1CCCC(C)N1NC(=O)c1ccc(Cl)c(S(N)(=O)=O)c1,0
CCOC(=O)c1c(N2C(=O)C=CC2=O)sc(C)c1C,0
CCOc1ccc2[nH]c(=O)c(CN(Cc3ccccc3OC)C(=O)c3ccccc3)cc2c1,0
Cc1ccccc1-c1nnn(CC(=O)c2ccc(S(=O)(=O)N3CCCC3)cc2)n1,0
N#Cc1ccc(COc2ccc(CCO)cc2-n2nc3ccccc3n2)cc1,0
COc1ccc(OC)c(S(=O)(=O)Nc2cccnc2)c1,0
O=C1c2ccccc2C(=O)c2c1ccc1c(=O)n(C3CCCCC3)[nH]c21,0
Cn1c(=O)c2c(nc(NC3CCCCC3)n2CC(=O)C23CC4CC(CC(C4)C2)C3)n(C)c1=O,0
C/C(=N\NC(=O)c1nc(C)cc(C)n1)c1ccccc1,0
CC1CCN(CCC(=O)Nc2ccc3c(c2)CCC3)CC1,0
Cc1cccc(C(=O)NNC(=O)C(=O)NC(C)(C)C)c1,0
O=C(Nc1cccnc1)c1c(O)n(Cc2ccccc2)c2c(c1=O)CCCC2,0
CC(=O)Cc1nsc(NC(=O)c2ccc(-c3cccc(C(F)(F)F)c3)o2)n1,0
c1ccc2sc(C3CCN(Cc4nnnn4Cc4ccc5c(c4)OCO5)CC3)nc2c1,0
CC1CCN(C(=S)NC(=O)c2ccccc2)CC1,0
CCn1cc([N+](=O)[O-])c(C(=O)Nc2nc(-c3ccc(C)c(C)c3)c(C)s2)n1,0
Cc1c(NC(=O)CSc2nnc(-c3ccco3)n2-c2ccccc2)c(=O)n(-c2ccccc2)n1C,0
O=C(CCN1CCCCC1)Nc1ccc(Br)cc1,0
O=C(C1CCCCC1)N1CCC(c2nc3ccccc3[nH]2)CC1,0
CC(=C/c1ccccc1)/C=N/n1cnnc1,0
Cc1ccc(C)n1C(Cc1ccccc1)C(=O)O,0
Nc1nc(=O)cc(N2CCOCC2)[nH]1,0
O=C(CN1CCCCC1)N1c2ccccc2Oc2ccccc21,0
COc1ccc(NS(=O)(=O)c2ccc(C)c(C(=O)O)c2)cc1,0
Cc1cc(C)nc(N2CCC(C(=O)NCC3CCCCC3)CC2)n1,0
CCOc1ccc(Br)cc1/C=N/O,0
Cc1ccc(C(=O)Nc2ccc(Cc3ccncc3)cc2)cc1[N+](=O)[O-],0
O=C(NCCc1ccccn1)c1cc(C(=O)C2CCCCC2)c[nH]1,0
CCCOc1ccc(C(=O)c2nc3c(n2O)CCCC3)cc1,0
CCOC(=O)CCn1cc(F)c(=O)n(Cc2ccccc2)c1=O,0
CCCCc1c(O)n2c(nc1=O)[nH]c1ccccc12,0
O=C(COc1ccc(S(=O)(=O)N2CCc3ccccc32)cc1Cl)NCc1ccccn1,0
CC1C(=O)C(C)C(c2ccc3c(c2)OCO3)NC1c1ccc2c(c1)OCO2,0
Cc1nc2cc(N3CCCCC3)c(NC(=O)c3cccnc3)cc2c(=O)n1Cc1ccccc1,0
CCCCOc1ccc(C(=O)Nc2ccc(N3CCN(C(=O)C(C)C)CC3)cc2)cc1,0
N#Cc1cnn(Cc2ccccc2)c1N,0
Cc1cc(C(=O)N/N=C/c2ccccc2Br)no1,0
O=S(=O)(CCOc1ccccc1)c1nc2ccccc2[nH]1,0
CCNc1oc(-c2cccc3ccccc23)nc1C#N,0
COc1ccc(-n2cnnc2SC(C)c2nc3sc(C)c(C)c3c(=O)[nH]2)cc1,0
COc1ccccc1C(=O)Nc1ccc(N2CCCCC2)cc1,0
CCS(=O)(=O)c1ccc2oc(Nc3ccc(C(C)C)cc3)nc2c1,0
O=C(CCC(=O)c1cccs1)Nc1ccccc1F,0
CS(=O)(=O)N(CC(=O)Nc1cccc(F)c1)Cc1ccccc1,0
CON/C=C(\C=N\c1ccc(F)cc1)c1ncc(C(F)(F)F)cc1Cl,0
c1ccc(-n2ncc3c2ncn2c(C4CCCCC4)nnc32)cc1,0
O=C(Nc1ccccc1)Nc1ccccn1,0
CC1(c2ccccc2)NC(=O)N(CC(=O)N2CCOCC2)C1=O,0
COc1ccccc1NC(=O)CN1CCC(n2c(C)nc3cc(F)ccc32)CC1,0
Cc1ccc2nc(SCCCCOc3ccccc3)[nH]c2c1,0
N#Cc1nc(Cc2cccc3ccccc23)oc1N1CCCCC1,0
CN(C)c1nc2c(c(=O)n(C)c(=O)n2C)n1Cc1ccccc1,0
Nc1cc(-c2ccco2)no1,0
CC1(C)CC(=O)c2c(nc(SCC(=O)Nc3nsc(-c4ccccc4)n3)c(C#N)c2-c2ccccc2)C1,0
O=C(O)c1cccc(CSc2nnc(-c3ccco3)o2)c1,0
CCN(CC)C(=O)Cn1cnc2sc(C(=O)N3CCN(c4ccc(OC)cc4)CC3)c(C)c2c1=O,0
CCN(CC)S(=O)(=O)c1ccc(C(=O)NCc2ccc(C)cc2)cc1,0
CCc1cc(=O)oc2cc(OS(C)(=O)=O)ccc12,0
N#Cc1nc(-c2ccccc2F)oc1N1CCCC1,0
O=C(CN(C(=O)Cn1nnc(-c2ccccc2F)n1)c1cccc2c1CCCC2)NCc1ccccc1,0
O=C(CN1CC(=O)Oc2ccccc21)OCC(=O)c1cccc(Br)c1,0
Cn1c(=O)c2c(ncn2CC(=O)OCc2ccccc2)n(C)c1=O,0
CCn1cc(/C=N/NC(=O)c2ccc3c(c2)OCO3)c(C)n1,0
O=C(Nc1ccc2ccccc2c1)c1cccnc1,0
CCN1C(=O)C(CC(=O)Nc2c(C)cccc2C)S/C1=N\c1ccc(S(N)(=O)=O)cc1,0
O=c1c2ccccc2nnn1CSc1nnnn1-c1ccccc1,0
COc1ccc(CC(=O)OCC(=O)NC(=O)NC23CC4CC(CC(C4)C2)C3)cc1,0
CCOC(=O)c1cnc2ccc(C(=O)OC)cc2c1NCc1ccco1,0
CCOc1ccccc1CN(CCc1ccc2c(c1)OCO2)Cc1ccccn1,0
CN(c1ccccc1)S(=O)(=O)c1ccc(NC(=O)c2ccc(-c3ccccc3)cc2)cc1,0
c1ccc(CSc2nnc(-c3ccco3)n2Cc2ccccc2)cc1,0
O=C(CN1C(=O)c2ccccc2S1(=O)=O)N1CCc2ccccc21,0
Cc1nnc(SCc2nc(N)nc(Nc3ccccc3)n2)s1,0
Cc1ccc2nc(SCC(=O)c3ccc4c(c3)OCO4)[nH]c2c1,0
COc1ccc(/C=N/NC(=O)COc2ccc(C(C)(C)C)cc2)cc1Cn1nc(C)cc1C,0
CCOC(=O)C1(Nc2nccs2)Sc2ccccc2NC1=O,0
c1ccc2sc(N3CCOCC3)nc2c1,0
O=C(NCc1nc2ncc(Br)cc2[nH]1)c1ccccc1,0
COc1ccc(-c2noc(CCCc3ccccc3)n2)cc1OC,0
CS(=O)(=O)c1cccc(C(=O)Oc2ccccc2)c1,0
COc1ccc2oc(C(=O)c3ccccc3)c(NC(=O)CN3CCN(C)CC3)c2c1,0
CCC(=O)N(Cc1cc2cc(C)c(C)cc2[nH]c1=O)C1CCCCC1,0
O=C(CCCCCNc1nc(=S)[nH]c2ccccc12)N1CCN(c2ccccn2)CC1,0
COc1ccc(-n2c(-c3cccc(C)c3[N+](=O)[O-])n[nH]c2=S)cc1,0
Cc1ccc(S(=O)(=O)N/N=C/c2cnn(C)c2C)cc1,0
COc1ccc(OC)c(NC(=O)c2c(NC(=O)CNCc3ccco3)sc3c2CCC3)c1,0
CCN(CCCNC(=O)CCc1nc(-c2ccc(OC)cc2)no1)c1cccc(C)c1,0
CCOC(=O)/C(C#N)=C/Nc1ccccc1OC,0
Cc1ccc(Nc2nc(N)nc(CN3CCN(C(=O)c4ccco4)CC3)n2)cc1Cl,0
CC1=C(C(=O)OCc2ccccc2)C(c2ccccn2)c2c(n(C)c(=O)n(C)c2=O)N1,0
CCOC(=O)CSC1=C(C#N)C(C)C2=C(CCCC2=O)N1,0
Cc1[nH]nc(NC=C2C(=O)CC(c3ccco3)CC2=O)c1-c1ccccc1,0
Cc1ccc(C(=O)Nc2ccccc2-c2ccccc2)cc1[N+](=O)[O-],0
COc1ccc(-c2ccc(CCC(=O)O)n2CC(C)C)cc1,0
COc1ccc2nc(NC(=O)CSc3nnnn3C3CCCCC3)sc2c1,0
Cc1cccc(NC(=O)CCSc2nncn2C)c1,0
CCCc1ccc(-c2cc(N)n[nH]2)cc1,0
COC(=O)c1[nH]c2ccccc2c1NS(=O)(=O)c1ccc(F)c(C)c1,0
CCNc1cc(=O)n(C)c(=O)n1C,0
Cc1ccc2c(c1)sc1ncc(NC(=O)c3ccccc3)c(=O)n12,0
COc1cc(-c2c3c(C)[nH]n(-c4ccccc4)c-3nc(=O)c2C#N)ccc1O,0
COc1ccc(S(=O)(=O)N2CCC(C(=O)c3ccc4c(c3)OCCO4)CC2)cc1,0
CCCCC(C)n1[nH]c(=O)cc1N,0
CCn1c(C)nc2cc(S(=O)(=O)N3CCCC3)ccc21,0
CSc1ccccc1-n1nnnc1SCC(=O)NCc1cccs1,0
O=C(NCCc1ccccc1)c1nc2ncccn2n1,0
O=C(CSc1nnc(CNc2cccc(Cl)c2)o1)OC1CCCCC1,0
CN(Cc1ccccc1)Cc1nc2c(c(=O)n(C)c(=O)n2C)n1CCCc1ccccc1,0
Cn1cccc1Cc1nnc(SCC(=O)NC2CCCC2)n1-c1ccc(F)cc1,0
COCCNC(=O)c1ccc(CS(=O)(=O)c2ccc(C)cc2)o1,0
Cc1cc(Nc2cccc([N+](=O)[O-])c2)n2c(nc3ccccc32)c1C#N,0
Cc1nnc(NC(=O)CC(CN(C)S(=O)(=O)c2ccccc2)c2ccccc2)s1,0
CCc1nnc(NC(=O)c2ccc(S(=O)(=O)NC3CCCCC3)cc2)s1,0
CCCNC(=O)C1CNc2ccccc2O1,0
N/C(=N\c1nc(=O)c2c([nH]1)CCCC2)Nc1ccccc1Sc1ccccc1,0
COc1ccc(-c2nc(N)n[nH]2)cc1OC,0
CCCCNC(=O)NNC(=O)c1ccoc1C,0
CC1CCN(c2ccccc2NC(=O)c2ccc(N3CCOCC3)c([N+](=O)[O-])c2)CC1,0
Cc1c(Cl)cccc1NC(=O)CSc1nnc(CCNC(=O)OC(C)(C)C)o1,0
O=C(CCCn1c(=S)[nH]c2ccccc2c1=O)N1CCN(c2cccc(Cl)c2)CC1,1
Cc1ccc([N+](=O)[O-])cc1/N=C(/c1cccc(Br)c1)N1CCOCC1,0
CS(=O)(=O)c1cnc2c(-c3ccc(F)cc3)cnn2c1N,0
COCc1nnc(NC(=O)CCC2CCCCC2)s1,0
COc1cccc(OC)c1OCCCc1c(C)n[nH]c1C,0
O=C(NCc1cccs1)C1CCC(CNS(=O)(=O)c2cccc3nsnc23)CC1,0
O=C1OCCC1Sc1ncnc2sc3c(c12)CCC3,0
CN(C)c1ccc(C(=O)Nc2nc3c(s2)CCCC3)cc1,0
N#C/C(=C/c1ccc(N2CCOCC2)o1)c1ccc(Br)cc1,0
O=C(COc1ccccc1Br)NCc1ccccn1,0
CS(=O)(=O)N(Cc1ccc(Cl)cc1)c1ccc(C(=O)NCCC2=CCCCC2)cc1,0
CN1CCC(Nc2cccc(F)c2)CC1,0
CCCCC(=O)NC(NC(=S)N1CCOCC1)C(Cl)(Cl)Cl,0
COc1ccc(CCNC(=O)CSc2nnc(Cc3csc(N)n3)n2C)cc1OC,0
O=C(COc1ccc(Cl)cc1)NCc1nnc(SCC(=O)N2CCCc3ccccc32)o1,0
CCOc1ccc2[nH]c(=O)c(CN(CCc3ccccc3)C(=O)N3CCOCC3)cc2c1,0
NC(=O)c1cn(-c2ccccc2)nc1-c1cc2ccccc2oc1=O,0
CCOC(=O)C(NC(=O)CC)(Nc1ccc(S(=O)(=O)Nc2onc(C)c2C)cc1)C(F)(F)F,0
Cc1noc(NS(=O)(=O)c2ccc(NC(=O)CCC3CCCCC3)cc2)c1C,0
CCCNC(=O)CSc1nnc(-c2ccco2)n1C,0
Cc1nnc(SCC(=O)Nc2ccc(S(=O)(=O)N3CCCC3)cc2)n1N,0
CCN(CC)c1c2c(c(C#N)c3nc4ccccc4n13)CCC2,0
Cc1nc(NC(=O)CN(C)S(=O)(=O)c2ccc(Cl)cc2)sc1C,0
c1ccc(CNC2=NCCC2)nc1,0
CCOc1ncccc1C(=O)NCc1ccc(OC)cc1,0
CCCN(C(=O)c1ccccc1N)c1c(C)n(C)n(-c2ccccc2)c1=O,0
CCCn1c(N)c(C(=O)CSc2nnc(C)n2Cc2ccccc2)c(=O)n(C)c1=O,0
Cc1ccc(-c2cc(C)nc3ncnn23)cc1,0
CN1CCN(c2ccccc2NC(=O)COc2ccccc2)CC1,0
Cc1ccccc1OCc1nc(-c2ccc(NC(=O)c3ccc4c(c3)OCO4)cc2)no1,0
O=C(NCc1ccc2c(c1)OCO2)C1COc2ccccc2O1,0
CC1(NC(=O)COc2ccccc2-c2ccccc2)CCS(=O)(=O)C1,0
O=C(NCCC1=CCCCC1)C1CCN(S(=O)(=O)c2cccc3nsnc23)CC1,0
O=C(Nc1nc2ccc(S(=O)(=O)N3CCCCC3)cc2s1)C1CCCO1,0
O=C(O)CNC(=O)c1ccccc1NC(=O)c1ccco1,0
CC(C)Oc1cccc(-c2cc(C(=O)N3CCN(c4ncccn4)CC3)c3ccccc3n2)c1,0
COc1ccccc1-c1cc(C(=O)N2CCN(c3ccccc3OC)CC2)no1,0
O=C(c1ccc2c(c1)OCO2)N1CCN(c2ccccc2)CC1,0
COC(=O)c1ccccc1OCC(=O)N1CCN(c2ccc(Cl)cc2)CC1,0
O=C(NCCCc1ccccc1)c1ccccc1O,0
CCCCCCn1c(CN2CCN(Cc3ccccc3)CC2)nc2c1c(=O)n(C)c(=O)n2C,0
COc1ccc(C(=S)N2CCCCCC2)cc1,0
CCOc1cc(C(=O)NC(C)c2ccncc2)cc(OCC)c1OCC,0
CSc1ccc(Cl)c(C(=O)NCCOc2ccccc2)c1,0
Cc1cc(NC(=O)Cn2c(C)nc3ccccc3c2=O)ccc1Br,0
Cc1ccc2oc(Nc3nc(C)cc(C)n3)nc2c1,0
CCOC(=O)CC(=O)CSc1nc(C)cc(-c2cccnc2)c1C#N,0
CCCc1ccc(C(=O)N2CCN(c3ccccc3OCC)CC2)cc1,0
O=C(NC(=S)NCCc1ccccc1)c1ccccc1,0
OCCNc1nc2ccccc2[nH]1,0
C/C(=C\c1ccccc1)C(=O)n1nnc2ccccc21,0
O=[N+]([O-])c1ccc(Cl)c(/C=N/N2CCN(C3c4ccccc4-c4ccccc43)CC2)c1,0
CC(=O)c1c(C)[nH]c(C(=O)NCCc2cccc(C)c2)c1C,0
COc1ccc(C(=O)NC2CCN(CC(=O)Nc3cccc(C)c3)CC2)cc1OC,0
Cc1cc(=O)[nH]c(SCC(N)=O)c1C#N,0
CCOC(=O)C1CCN(S(=O)(=O)Cc2ccccc2)C1=O,0
O=C(COc1ccccc1[N+](=O)[O-])N/N=C/C=C/c1ccco1,0
COc1cc(-n2c3nc4ccccc4nc3c3c(=O)n(Cc4ccco4)cnc32)cc(OC)c1OC,0
CCOC(=O)C1CCCN(C(=O)CCn2nc(-c3ccccc3)ccc2=O)C1,0
CC(C)CCn1c(=O)c2ccccc2n2c(CN3C(=O)NC4(CCC(C)CC4)C3=O)nnc12,0
Cc1ccc(S(=O)(=O)N2CCCCC2)cc1C(=O)Nc1ccc(N2CCOCC2)cc1,0
CCCSCCCNC(=O)CC1Oc2ccccc2NC1=O,0
CC(=O)Nc1ccc(-c2cc(-c3ccc(NC(C)=O)cc3)nc(-c3ccccc3)n2)cc1,0
CCC(C)NC(=O)CS(=O)Cc1nc(-c2ccccc2C)oc1C,0
CCN1C(=O)/C(=C\NCCN2CCOCC2)SC1=S,0
O=C(COc1ccc(Br)cc1CO)Nc1ccccc1F,0
CCN1CCN(S(=O)(=O)Cc2ccccc2)CC1,0
CCN(CC)C(=O)CSc1nc(-c2cccs2)cc(-c2cccs2)c1C#N,0
COc1cc(-c2nnc(COc3ccc4ccccc4c3)o2)cc(OC)c1OC,0
Cc1c(C(=O)Nc2ccc(Oc3ccccc3)cc2)sc2nc3n(c(=O)c12)CCC3,0
c1ccc(-n2nnnc2-c2cnc(-c3cccnc3)nc2-c2cccs2)cc1,0
CCOC(=O)c1cnc2ccc(C)cc2c1Nc1ccc(N2CCOCC2)cc1,1
Clc1ccc(-c2nnc(SCc3cn4ccsc4n3)n2CC2CCCO2)cc1,0
Cc1cccc(C(=O)N2CCN(C(=O)c3cccc(C)c3)C(C)C2)c1,0
CCCNc1nc(C)nc2c1cnn2CCc1ccccc1,0
Cn1c(Nn2cnnc2)nc2ccccc21,0
CCOC(=O)C1C(=O)NC(N2CCCCC2)=NC1c1ccco1,0
CC(=O)Nc1nc2cc3c(cc2s1)OCO3,0
Cc1cccc(-n2c(Cc3cc(=O)[nH]c(=O)[nH]3)nnc2SCC(=O)N2CCCCC2)c1,0
CC(C)CN1C(=O)c2ccc(NC(=O)c3ccccc3F)cc2C1=O,0
COC(=O)C1=C(C)NC(C)=C(C(=O)OC)C1c1ccc(NC(C)=O)cc1,0
Cc1cccc(C)c1OCCCCn1cnc2ccccc2c1=O,0
C1COCCNCCOCCOCCN1,0
COc1ccc(S(=O)(=O)N2CCOCC2)c(C)c1C,0
O=C(Nc1cccnc1)c1ccc(NC(=O)c2ccco2)cc1,0
C=CCN(c1ccc(C(=O)N2CCCC2)cc1)S(C)(=O)=O,0
Nc1ccc(Oc2ccc3nc(-c4ccccc4)c(-c4ccc([N+](=O)[O-])cc4)nc3c2)cc1,0
Cc1ccc(CNC(=O)c2cccc(S(C)(=O)=O)c2)cc1,0
CC(=O)n1nc(-c2ccccc2)nc1NCc1ccc(F)cc1,0
COc1ccc(NC(=O)N(CCc2ccccc2)Cc2cc3c(C)cc(C)cc3[nH]c2=O)cc1,0
Cn1c(=O)cc(SCC(=O)NCCN2CCN(c3ccccc3F)CC2)c2cc(Cl)ccc21,0
COc1ccc(OC)c(NC(=O)c2[nH]c(C)c(C(C)=O)c2C)c1,0
O=[N+]([O-])c1ccc(-c2ccc(/C=N/c3cccc4ccccc34)o2)cc1,0
O=C(CSc1ncn[nH]1)Nc1ccccc1C(=O)O,0
CCOC(=O)c1oc2ccc(S(=O)(=O)N3CCOCC3)cc2c1C,0
CN1CCN(Cc2c(O)ccc3occ(C(=O)c4ccccc4)c23)CC1,0
N#Cc1ccccc1S(=O)(=O)N1CCN(c2ccc(S(=O)(=O)N3CCOCC3)cn2)CC1,0
CC(C)CCNC(=O)NC(=O)CSc1nnc(COc2ccccc2Cl)o1,0
Cc1ccccc1-c1nnc2c3ccccc3c(C)nn12,0
CC(=O)c1nn(-c2cccc(Br)c2)cc1C(=O)c1ccc(C)cc1,0
Brc1ccc(-c2nnc(-c3ccc4c(c3)OCO4)o2)o1,0
Cc1cc(C(=O)CSc2nnnn2C)c(C)n1-c1ccc2c(c1)OCCO2,0
Cc1cccc(C)c1OCC(=O)Nc1cccc(NC(=O)c2ccco2)c1,0
CC(=O)c1cn(CC(=O)Nc2ccc(C)cc2C)c2ccccc12,0
CC(=O)Oc1cc2c(C(=O)NCCCN3CCOCC3)c(C)oc2c2ccccc12,0
O=C(Cn1cc(C(=O)c2cccs2)c2ccccc21)NC1CCCCC1,0
O=C(CC1Oc2ccc(Cl)cc2NC1=O)NC1CCCCCC1,0
Cc1cc(NC(=O)CCC(=O)N(CC(=O)NC2CCCC2)c2ccccc2)no1,0
Cn1c(=O)cc(OCCCC(=O)NCc2ccccn2)c2ccccc21,0
Cc1cc(C)cc(-n2nnc(C(=O)NCc3ccc4c(c3)OCO4)c2N)c1,0
Cc1cc2oc(=O)c3c(c2cc1OCc1nn[nH]n1)CCCC3,0
COc1cccc(N(CC(=O)NCCSc2ccc(Cl)cc2)S(C)(=O)=O)c1,0
Cc1nc(C)n(CC(O)COc2ccc3cc(Br)ccc3c2)n1,0
COc1ccc(C(=O)n2nc(-c3ccco3)nc2N)cc1,0
N#Cc1c2c(c(-c3ccco3)[nH]c1=O)CCCC2,0
Cc1ccc(-c2nnc(Nc3ccc(CC(N)=O)cc3)c3ccccc23)cc1,0
CCCCCc1c(C)[nH]c(N2CCc3ccccc32)nc1=O,0
Cc1ccccc1Nc1nc(Nc2ccccc2C)nc(SC2=NCCS2)n1,0
O=C(/C=C/c1ccccc1)NNC(=O)c1cccnc1,0
CC(C)c1ccc(N2CCN(C(=O)c3ccccc3NC(=O)/C=C(\C(=O)O)c3ccccc3)CC2)cc1,0
COc1ccc(C(=O)N(CCCO)C(C)C(=O)NC2CCCCC2)cc1OC,0
COc1ccc(CCNC(=S)Nc2cccc(C)c2C)cc1,0
CCOc1cc(C2C(C#N)=C(N)OC3CCCC(=O)C32)ccc1OCCN1CCOCC1,0
CC1CCN(c2nc(-c3ccncc3)nc3ccccc23)CC1,0
O=C(O)c1cn[nH]c1-n1cnnn1,0
Cc1cccn2c(N)c(-c3ccccc3)nc12,0
c1ccc(C2NCCn3cccc32)cc1,0
COc1ccc(CCNC2CC(=O)N(CCc3ccccc3)C2=O)cc1,0
Cc1c(C(=O)NC(C)C)oc2c1-c1[nH]ncc1CC2,0
Cc1ccc2nc(C3CCCN(C(=O)NCc4ccccc4)C3)[nH]c2c1,0
O=C(NCc1ccco1)c1cc(C(=O)C2CCCCC2)c[nH]1,0
CC1=C(C)CC(C(=O)NCCc2ccccc2)C(C(=O)O)C1,0
O=C(CSc1nnc(-c2ccccc2Cl)n1Cc1ccco1)Nc1ccc2c(c1)OCCO2,0
CCN(CC)CCNC(=O)c1ccccc1N,0
CCN1CCN(c2ncc(C(=O)Nc3ccccc3C(=O)OC)c3ccccc23)CC1,0
CCNC(=S)NNC(=O)c1cccn(Cc2ccc(Cl)cc2)c1=O,0
COc1cccc(C2CC(c3ccccc3Cl)N=C3N=CNN32)c1,0
CN1CCC(=NNC(=O)C(=O)NC(C)(C)C)CC1,0
O=C(O)CSc1c2c(nc3cc(C(=O)N4CCOCC4)ccc13)CCCC2,0
Cc1c(C)n(Cc2ccccc2)c2ncnc(N)c12,0
CC(=O)Nc1ccc(OCC(O)Cn2nc(C)c(Br)c2C)cc1,0
Cc1ccc(-c2noc(CN(C(=O)CCCN3C(=O)c4ccccc4C3=O)C(C)C)n2)cc1,0
COc1ccc(/C=C/C(=O)Oc2cccc(/C=N/NC(=O)c3cccc(F)c3)c2)cc1,0
COc1ccc(OC)c(NC(=O)CCn2cccc2)c1,0
CC1(C)Oc2nc3ccccc3n2/C1=C\C#N,0
CN(Cc1ccccc1)C(=O)CN(C1CCCCC1)S(C)(=O)=O,0
O=C(c1cc2cc(Br)ccc2oc1=O)N1CCCC1,0
COCCCN1C(=O)C(=O)/C(=C(/O)c2ccccc2)C1c1ccc(N(C)C)cc1,0
CCOC(=O)c1ccc(NC(=O)NS(=O)(=O)c2ccc(C)cc2)cc1,0
CC(C)C(C(=O)Nc1nccs1)c1ccccc1,0
COCCCn1cnc2c(c1=O)c1nc3ccccc3nc1n2CCc1ccccc1,0
Cc1cc(=O)nc(SCC(=O)NCCc2ccccc2)[nH]1,0
CCOC(=O)/C(C#N)=C1/C=CN(Cc2ccccc2)C=N1,0
O=C(COc1ccc(F)cc1)N(CC1=CCS(=O)(=O)C1)c1ccccc1,0
CCN(CC)c1ccc(C2C(C(=O)OCCOC)=C(C)NC3=C2C(=O)CCC3)cc1,0
COc1ccc(CCn2c(N3CCOCC3)nc3c2c(=O)[nH]c(=O)n3C)cc1,0
CCOC(=O)Nc1ccc(NC(=O)c2c(OC)cccc2OC)cc1,0
COc1ccc(NC(=O)C2CCCN(S(=O)(=O)c3ccc4c(c3)oc(=O)n4C)C2)cc1OC,0
CCOc1ccccc1NC(=O)CN1CCC(NC(=O)c2ccccc2)CC1,0
O=C1c2ccccc2C(=O)N1CCCN1CCN(CCCN2C(=O)c3ccccc3C2=O)CC1,0
COc1ccc(Br)cc1C(=O)NCc1cccnc1,0
Cc1nc2nc(-c3ccc(Cl)cc3)cn2nc1C,0
O=C(NCc1ccco1)NC1CCCCC1,0
COc1cc(/C=N/Nc2nc3ccccc3o2)cc(OC)c1OC,0
COc1ccc(CC(=O)NCc2cn3ccsc3n2)cc1,0
COc1ccc(NC(=O)Cn2nnc(C(=O)NCc3cccc(OC)c3)c2N)cc1,0
CCCCCC(=O)Nc1ccccc1N1CCN(c2ccccc2)CC1,0
CC(c1ccco1)N(C(=O)C12CC3CC(CC(C3)C1)C2)c1ccccn1,0
COc1ccc(/C=C/C(=O)c2nc3ccccc3n2CC(=O)c2ccc(OC)cc2)cc1,0
COc1ccccc1/C=N/N/C(=N\c1ccc(C)cc1)c1nc2ccccc2s1,0
COCCn1c(SCC(=O)N2CCCC2)nnc1-c1ccoc1C,0
COC(=O)c1cc(Br)c(=O)n(-c2cc(C)on2)c1,0
O=C(O)c1cc(NS(=O)(=O)c2cccc3ccccc23)ccc1O,0
Cc1ccccc1NS(=O)(=O)c1ccc(NC(=O)CSCc2ccc(Br)cc2)cc1,0
CCC(=O)Nc1cccc(NC(=O)c2cc3ccccc3o2)c1,0
Clc1ccc2c(c1)C1OCCC1C(c1ccco1)N2,0
Nc1nnc(SCC(=O)Nc2ccc(S(=O)(=O)N3CCOCC3)cc2)s1,0
CCOC(=O)C1CCN(C(c2cc3ccc(C)c(C)c3[nH]c2=O)c2nnnn2C2CCCCC2)CC1,0
Cc1ccnc(NS(=O)(=O)Cc2ccccc2)c1,0
CC(C)c1cc(C(=O)Nc2cccnc2)no1,0
CCOC(=O)CCNC(C(=O)OCC)c1ccccc1,0
O=C(CSc1nnc(-c2ccccn2)n1-c1ccc(Cl)cc1)Nc1ccc2c(c1)OCO2,0
CCOC(=O)CN(C(=O)CSc1nnc(-c2ccc(OC)c(OC)c2)o1)c1ccc(F)cc1,0
CCOC(=O)CSc1nc2sc(C)c(C)c2c(=O)[nH]1,0
CC1CCN(CC(=O)Nc2ccccc2C#N)CC1,0
COc1ccc(CNC(=O)c2cc(-c3ccco3)on2)cc1,0
CN1C(=O)CC(Sc2ccccc2C(=O)O)C1=O,0
CC(=O)NCCc1nc2ccccc2n1Cc1ccc(C)cc1,0
Cc1ccc(-c2nc3ccccc3c(=O)n2CCN2CCOCC2)cc1,0
CCOC(=O)c1[nH]cnc1C(=O)NC1CCCCC1,0
COC(=O)c1c(NC(=O)CN2CCN(c3ccccc3OC)CC2)c2cc(C)ccc2n1C,0
CCOc1ccc2[nH]c(=O)c(CN(Cc3ccc(F)cc3)C(=O)c3ccco3)cc2c1,0
CC1CC(C)CN(CC(C)(C)NS(=O)(=O)c2ccccc2)C1,0
CN1CCC(=NNC(=O)C(=O)NCc2ccccc2)CC1,0
C/C(=N\NC(=O)C1COc2ccccc2O1)c1ccc(C)o1,0
CC1(C)C(c2ccccc2)=NC(c2ccc(F)cc2)N1O,0
O=c1c2ccccc2nc(COc2ccccc2)n1/N=C/c1ccco1,0
CCOC(=O)c1ccc(CSc2nncn2N)o1,0
CCCC(O)(c1ccc(OC)cc1)C(CN(C)C)c1ccccc1,0
Cc1nn(Cc2ccc(C(=O)NC(C)(C)C)o2)c(C)c1Br,0
CC/C(NCc1ccco1)=C1/C(=O)NC(=O)N(c2ccccc2)C1=O,0
CCCc1cc(=O)n2[nH]c(C)nc2n1,0
CCc1ccc(OCC(=O)Nc2ncc3c(n2)CC(C)(C)CC3=O)cc1,0
Cc1ccc(-c2nc(CS(=O)(=O)CC(=O)NC3CCCCC3C)c(C)o2)cc1,0
COc1ccc(-c2nc(NC(=O)c3cc(C(C)(C)C)nn3C)sc2C)cc1,0
Cc1nc(-c2cccnc2)sc1C(=O)Nc1ccc(Cl)cc1,0
CCCN1C(=O)c2ccccc2NC1c1cc(OC)c(OC)c(OC)c1,0
CCOc1cc(CNc2ccc(N(C)C)cc2)cc(Br)c1OCC(=O)NC(C)(C)C,0
CN(C)c1nc2ccc(OCCN3CCCCC3)cc2s1,0
CCc1ccc(Nc2cc(=O)n(C3CCCCC3)c(=O)[nH]2)cc1,0
Cc1ccsc1/C=C/C1=Cc2c(sc(NC(=O)CSc3n[nH]c(N)n3)c2C#N)C(C)(C)C1,0
COCCCNC(=O)c1cc(OC)c(OC)c(OC)c1,0
CC1(C)C(=O)Nc2ccccc2N1C(=O)COc1ncnc2ccccc12,0
Cc1nc2ccc(S(=O)(=O)c3ccc4nc(C)[nH]c4c3)cc2[nH]1,0
CC1CCCC(C)N1C(=O)CSC1=NN/C(=C2/C=Nc3ccccc32)O1,0
NC(=O)/C(=C/c1ccco1)NC(=O)c1ccc(Br)o1,0
O=C(Nc1ccccc1)c1ccccc1O,0
CNC(=O)CN(C1CCCCC1)S(=O)(=O)c1ccc(F)cc1,0
CCOc1ccccc1N1CC(C(=O)Nc2ccccc2N2CCOCC2)CC1=O,0
CC(C)n1c2ccccc2c2nnc(SCC(=O)OCN3C(=O)c4ccccc4C3=O)nc21,0
COCCCn1cnc2oc3nc4ccccc4nc3c2c1=O,0
COC(=O)C(C)Sc1nnc(Cc2cc(=O)[nH]c(=O)[nH]2)n1-c1cccc(OC)c1,0
CCOC(=O)CC(=O)CSc1nc(N)c(C#N)c(-c2ccc(Cl)cc2)c1C#N,0
O=C(Cn1c(C2CC2)nc2ccccc2c1=O)Nc1ccc(Br)cc1,0
O=C(NC(Nc1ncccn1)C(=O)c1ccccc1)c1ccccc1,0
Cc1ccc2c(c1)C(=O)C(NC(=O)c1ccc(Cl)c(Cl)c1)CS2,0
O=C(C1=C(O)C(=O)N(CCc2ccccc2)C1c1cccnc1)c1ccco1,0
COc1ccc(-c2noc(-c3ccccc3C(=O)Nc3cccc(OC)c3)n2)cc1,0
O=C(C1CCC1)N1CCc2cc(S(=O)(=O)NCc3ccccn3)ccc21,0
CC(=O)Nc1ccc(S(=O)(=O)N2CCC(NC(=O)c3ccco3)CC2)cc1,0
CC(=O)Nc1cccc(-c2csc(Nc3ccccn3)n2)c1,0
C(=N/Nc1ccccc1)\c1ccc(N2CCOCC2)cc1,0
COc1ccc(OC)c(NC(=O)Nc2cccc(Cn3cccn3)c2)c1,0
Cc1cc(C)c2cc(CN(Cc3ccc4c(c3)OCO4)Cc3nnnn3Cc3ccco3)c(=O)[nH]c2c1,0
Cc1[nH]c2ccccc2c1C(=O)CN1CCCC1,0
O=c1cc(C2CCNCC2)[nH][nH]1,0
CC(C)C(c1nnnn1Cc1ccccc1)N1CCN(Cc2ccc3c(c2)OCO3)CC1,0
COC(=O)C1=NN(C(=O)c2ccc(Cl)cc2)C(O)(c2ccccc2)C1,0
CCc1ccc2[nH]c(=O)c(CN(Cc3ccccc3OC)C(=O)Nc3ccccc3OC)cc2c1,0
Cc1nc2sc(C(c3ccc(Cl)cc3)N3CCN(C(=O)c4ccco4)CC3)c(O)n2n1,0
CCCCCC(=O)N(O)C1CC(=O)N(c2ccccc2)C1=O,0
Cc1ccc(NC(=O)C2C3C=CCCCCC32)cc1C,0
Cc1ccc(-n2c(=O)c3sccc3n(CC(=O)NCc3ccco3)c2=O)cc1F,0
C(=C/c1ccccc1)\CSc1nnc(-c2cnccn2)n1Cc1ccco1,0
COc1ccccc1CN1CCN(C(=O)COc2ccccc2)CC1,0
CCOc1cc(S(=O)(=O)Nc2cc(C)cc(C)c2)ccc1Cl,0
COc1ccc(CC(=O)Nc2ccc(-c3nnc(-c4ccccc4)o3)cc2)cc1,0
CC(=O)NCCn1ccc2ccccc21,0
CC(C)(C)n1ncc2c(=O)n(CC(=O)Nc3ccccc3)cnc21,0
CC(C)OCCCNC(=O)c1ccc(Br)cc1,0
CCOC(=O)c1nnc2cc(-c3ccc(Br)cc3)nn2c1C,0
Cc1cc2ccccc2n1CCNC(=O)c1ccc(S(=O)(=O)N2CCCCC2)cc1,0
Cc1cc2cc(CN(Cc3ccc4c(c3)OCO4)Cc3nnnn3C3CCCC3)c(=O)[nH]c2cc1C,0
O=C(NCC1CCCO1)c1ccc(S(=O)(=O)N2CCC(c3nc4ccc(Cl)cc4[nH]3)CC2)cc1,0
Cc1ccc(NC(=O)N2CCC(C(=O)Nc3ccc(C)cc3C)CC2)cc1,0
C=CCOC(=O)C1=C(C)NC(SCC(=O)Nc2ccccc2)=C(C#N)C1c1ccco1,0
Cc1c(NC(=O)c2ccc(Br)o2)c(=O)n(-c2ccccc2)n1C,0
N#CC(C(=O)COC(=O)CCC1CCCCC1)=C1Nc2ccccc2N1,0
N#CC1=C(/C=N/c2ccccc2O)CCC1,0
Cc1ccc(-n2nc3c(c2NC(=O)c2ccc(OC(C)C)cc2)CS(=O)C3)cc1,0
CC(C)C(=O)Nc1ccc(-c2csc(-c3ccccc3)n2)cc1,0
Cc1nnc2ccc(N3CCOCC3)nn12,0
COc1ccc(CC(=O)Nc2ccc(-c3csc(C)n3)cc2)cc1,0
CCOc1ccccc1Nc1nnc(SCC(=O)Nc2cc(C)on2)s1,0
CCOC(=O)N(C)c1ccc(C(O)(C(=O)OCC)C(F)(F)F)cc1,0
Cn1c(NCc2ccccc2)nc2c1c(=O)n(Cc1ccccc1)c(=O)n2C,0
O=C(CN(C(=O)CSc1nc2ccccc2o1)c1cccc(F)c1)NC1CCCCC1,0
O=C(NCc1ccccc1)c1ccc2c(c1)C(=O)N(Cc1ccncc1)C2=O,0
Cc1cc(C)c2cc(CN(CC3CCCO3)C(=O)NC3CCCCC3)c(=O)[nH]c2c1,0
O=C(c1ccco1)N1CCN(c2c(-c3ccccc3)c3cc(Cl)ccc3[nH]c2=O)CC1,0
Cc1ccc(NC(=O)C2C3CC4OC(=O)C2C4C3)cc1Cl,0
Cn1c(=O)c(-c2cc(Br)ccc2N)nc2ccccc21,0
Cn1c(SCC(=O)Nc2sc3c(c2C#N)CCC3)nnc1C1COc2ccccc2O1,0
C=CCN(c1ccc(C(=O)N2CCN(c3ccc(F)cc3)CC2)cc1)S(C)(=O)=O,0
COc1ccc(C)cc1-n1nnnc1SCC(=O)c1ccc2c(c1)OCCO2,0
N#Cc1c(SCC(N)=O)nc(-c2ccccc2)c2c1CCCC2,0
COc1ccc(Cl)cc1NC(=O)CSc1nnc(COc2ccccc2)n1N,0
NC(=O)c1nn(-c2ccccc2)c(O)cc1=O,0
CN1CCc2nc(SCC(=O)Nc3ccc(Cl)cc3)c(C#N)cc2C1,0
CCN1C(=O)/C(=C2\C=Cc3ccccc3N2CC)OC1=S,0
CCCOc1cccc(-c2nnc(N)s2)c1,0
Cc1ccc(NC(=O)CN2C(=O)S/C(=C\c3ccc(-c4cccc(C(=O)O)c4C)o3)C2=O)cc1,0
O=C(NCc1ccoc1)c1ccc(NC(=O)c2ccccc2Cl)cc1,0
COc1ccc(C)cc1NC(=O)c1nnn(Cc2cccc(F)c2)c1N,0
O=C(CN1C(=O)NC2(CCCCCC2)C1=O)N1CCC(Cc2ccccc2)CC1,0
CC1=NN(c2cccc3ccccc23)C(=O)/C1=C/Nc1ccc2[nH]c(=O)[nH]c2c1,0
Cc1cccc(N(CC(=O)NC2CCCCC2)C(=O)CCCC(=O)Nc2ccccn2)c1,0
Cc1n[nH]c(=O)nc1NC1CCCCC1,0
CCOC(=O)C(=CNc1cccc(N)n1)C(=O)OCC,0
N#Cc1c2c(c(NCCCN3CCOCC3)n3c1nc1ccccc13)CCC2,0
Cc1ccc(C(=O)NCCn2cc(SCC(=O)Nc3cc(C)on3)c3ccccc32)cc1,0
COC(=O)c1ccccc1NC(=O)Cn1cnc2cc(C)c(C)cc21,0
CC(C)COCC1CC2(CC(C)(c3csc(N)n3)OC2=O)C(=O)O1,0
CCOC(=O)c1ccc(-n2cncn2)nc1,0
O=C1NC(=S)N(CCC2=CCCCC2)C(=O)/C1=C/NCc1cccnc1,0
c1ccc(-c2nc3ccccc3nc2-c2ccccn2)nc1,0
COC(=O)c1nnn(-c2nonc2N)c1CSc1nc2ccccc2s1,0
c1cncc(-c2nnc3n2N=C(c2cccs2)CS3)c1,0
O=C(Cn1c(=O)oc2ccccc21)N1CCN(c2ccccc2)CC1,0
CN(C)Cc1nc2c([nH]1)c(=O)n(C)c(=O)n2C,0
O=[N+]([O-])c1ccc(NC(=S)N2CCN(c3ccc(F)cc3)CC2)cc1,0
Cc1ccccc1SCC(=O)Nc1cccc(C#N)c1,0
O=C(NCc1ccccn1)c1cc(-c2ccccc2)on1,0
COC(=O)c1ccccc1NC(=O)CN(Cc1ccc(Cl)cc1)S(C)(=O)=O,0
O=C(NCc1ccco1)c1csc(Nc2ccccc2Cl)n1,0
CC1(C)CC(O)CC(C)(C)N1CC(O)COCCOc1ccc(Br)cc1,0
COc1ccc(C(=O)NN(c2ccccc2)c2ccccc2)cc1,0
Cc1c(CCO)c(=O)[nH]n1C(=O)c1ccc(F)cc1,0
O=C(Cc1ccccc1)Nn1cnc2ccccc21,0
CC(C)C(NC(=O)C1CCCCC1)C(=O)N1CCN(c2ccc(F)cc2)CC1,0
O=S1(=O)C=C(Oc2ccc(F)cc2)c2ccccc21,0
CN(C)c1ccc(C(=O)OCC(=O)NCC2CCCO2)cc1,0
Cc1cc(C)nc(NC(=O)/C=C/c2cccs2)c1,0
CC1CN(C(=O)N2c3ccccc3Sc3ccccc32)C(C)CC1=O,0
CCOC(=O)c1cc(C(C)=O)c(=O)n(C)c1N,0
COc1ccc(-c2cc3nc(C)c(CCC(=O)NCc4ccco4)c(C)n3n2)c(OC)c1,0
CCOC(=O)Cc1cc(=O)n2[nH]c(C)c(C#N)c2n1,0
N#C/C(=C/N1CCOCC1)c1ccccc1,0
Cc1[nH]c2ccccc2c1C1(O)C(=O)N(C(C)C)c2ccccc21,0
COC(=O)c1c(/N=C/N(C)C)c(C#N)c2n1CCCC2,0
COc1ccccc1NC(=O)c1ccc(N)cc1,0
NC1=NC2=NC(c3ccc(F)cc3)CC(c3ccccc3)N2N1,0
COc1cc(C(=O)N2CCC(NC(=O)C(Cc3ccccc3C)NC(C)=O)CC2)cc(OC)c1OC,0
COCCn1c(C)cc(C2=NN=C(Nc3ccccc3F)SC2)c1C,0
CCn1c(SCC(=O)Nc2ccc(S(=O)(=O)Nc3ccccn3)cc2)nnc1-c1ccccc1,0
O=[n+]1cc(-c2cccc3ccccc23)n([O-])c2c1CCC2,0
Cc1cc(CC(C)C)n(-c2nc3ccccc3c(=O)n2OCc2ccccc2)n1,0
C=CCOc1ccc(Br)cc1/C=N/O,0
COc1ccc(NS(=O)(=O)c2ccc(NC(C)=O)cc2)cc1OC,0
CCCc1nc2ccccc2n1CCOC,0
O=C(COc1ccc(Br)cc1)Nc1ccc([N+](=O)[O-])cn1,0
CC(C)c1nnc(NC(=O)c2cccnc2)s1,0
Brc1ccc(-c2cnc3n2CCCC3)cc1,0
O=C(O)c1cccc(NS(=O)(=O)c2cccc3cccnc23)c1,0
COc1cccc(NC(=O)Nc2c(C)n(C)n(-c3ccccc3)c2=O)c1,0
CCOC(=O)CSc1nnc(CSc2nc3ccccc3s2)n1C,0
Cn1c(SCC(=O)NCCc2ccccc2)nnc1-c1ccncc1,0
CCc1ccccc1N(CC(=O)NCCSCc1ccco1)S(C)(=O)=O,0
Cc1c(/C=N/O)c2ccccc2n1C,0
COCCNC(=O)C(c1ccc(C)o1)N(Cc1ccccc1)C(=O)Cn1nnc2ccccc21,0
O=C(CSc1nc2ccccc2[nH]1)NCc1ccco1,0
C=CCn1c(CCNC(=O)c2cccs2)nnc1SCC(=O)Nc1cccc(F)c1,0
CCOc1cc(C2Nc3ccccc3C(=O)N2c2ccccc2)ccc1O,0
CC(C)NC(=O)CSc1nnc(-c2ccc(S(=O)(=O)N3CCCC3)cc2)n1CC1CCCO1,0
Cc1ccc(C(=O)Nc2cc(C(F)(F)F)ccc2N2CCCCC2)cc1[N+](=O)[O-],0
Cc1cc(C)nc(N2CCC(C(=O)NCCc3ccc(F)cc3)CC2)n1,0
Cc1nn(Cc2ccc(Br)cc2)c(C)c1NC(=O)c1nn(C)cc1Cl,0
CCCCNC(=O)Nc1cc(C)on1,0
Nc1c(C(=O)c2ccccc2)oc2ccc(Br)cc12,0
Cc1cc2nnc(SCCCCN3C(=O)c4ccccc4C3=O)n2c2ccccc12,0
COCCOC(=O)C1=C(C)NC2=C(C(=O)CC(C)(C)C2)C1c1ccc(N(C)C)cc1,0
Nc1ccc(Sc2ccccc2CC(=O)O)cc1,0
CCN(CC)CCCNc1cc2n(c(=O)n1)CCc1cc(OC)c(OC)cc1-2,0
CCn1c(CNc2cccc(Cl)c2)nnc1SCc1ccccc1,0
C/C(=N\NC(=O)c1ccccc1C)c1ccc(N2CCOCC2)cc1,0
CN1CCN(CCC(=O)Nc2ccccc2Cl)CC1,0
CCn1cc(C(=O)NCCCN2CC(C)CC(C)C2)c2cc(OC)c(OC)cc2c1=O,0
CCC(C(=O)N1CCOCC1)n1c(C(=O)OC)cc2occc21,0
CCOC(=O)C1CCN(C(=O)Cn2cc(C#N)c3ccccc32)CC1,0
COc1cc(C2C(C#N)=C(C)NC3=C2C(=O)c2ccccc23)cc(OC)c1OC,0
CCc1[nH]nc2c1C(c1cccnc1)C(C#N)=C(N)O2,0
COc1ccc(S(=O)(=O)N2c3cc(Cl)ccc3Oc3nc4ccccc4nc32)cc1,0
O=C(COC(=O)C12CC3CC(CC(C3)C1)C2)NCCc1ccccc1,0
Cc1n[nH]c(C)c1S(=O)(=O)Nc1ccc2c(c1)OCCO2,0
CCC(C)N(C(=O)c1csnn1)C(C(=O)NCc1ccc(F)cc1)c1ccco1,0
Cc1ccc(N2C(=O)CSC23C(=O)Nc2ccccc23)cc1,0
Cc1ccc(Cn2c(SCC(=O)NCC3CCCO3)nc3c(sc4ccccc43)c2=O)cc1,0
CCCOC(=O)Nc1ccccc1C(N)=O,0
CCOc1ccc(NC(=O)N2CCN(CC)CC2)cc1,0
O=C(CCCC(=O)N(CC(=O)NC1CCCC1)Cc1ccccc1)Nc1ccccn1,0
Cc1cccc(NC(=O)CN2NS(=O)(=O)c3ccccc3C2=O)c1,0
COc1ccccc1CNC(=O)c1ccc(SC)cc1OC,0
O=C(NCc1ccc2c(c1)OCO2)c1ccc(=O)[nH]c1,0
COCCCN(C)C1CCN(C(=O)Nc2ccc(F)cc2)CC1,0
O=C(/C=C/c1ccccc1)N/C(=C/c1ccccc1)C(=O)N1CCCCC1,0
Cc1nc2ccc(S(=O)(=O)NC(C(=O)NC3CCCC3)C(C)C)cc2s1,0
CCOC(=O)N1CCN(C2=CC(=O)OC23CCCCC3)CC1,0
Cc1cc(C)n(C2=NS(=O)(=O)c3ccccc32)n1,0
CCOC(=O)C1=NN(c2ccc(F)cc2)C2=NC(C)=C(C(=O)OC)C(c3cccs3)N12,0
CC(=O)c1cccc(NC(=O)Nc2ccc(C(=O)N3CCCC3)cc2)c1,0
CCOC(=O)c1cc2sccc2n1Cc1ccc(C#N)cc1,0
COc1cc2c(N3CCOCC3)cc(O)c(CC(=O)Nc3ccccc3)c2cc1OC,0
O=C(COC(=O)c1ccccc1F)c1ccc(-n2nncc2-c2ccco2)cc1,0
NS(=O)(=O)c1ccc(CCNC(=O)c2cncc(Br)c2)cc1,0
COC(=O)C1(S(=O)(=O)c2ccc(C)cc2)CCOCC1,0
CC(C)(C)c1ccc(OCC(O)CS(=O)(=O)c2ccccn2)cc1,0
NS(=O)(=O)c1ccc(CCNC(=O)c2cccnc2)cc1,0
CCN(CC)c1ccc(NC(=O)COC(=O)c2ccc3ccccc3n2)cc1,0
COc1ccc(C(=O)CSc2ncn[nH]2)cc1OC,0
CCCOc1c(Br)cc(/C=N/O)cc1OC,0
COc1cccc(C(=O)COC(=O)C(C)N2C(=O)C3C4C=CC(C4)C3C2=O)c1,0
COC(=O)c1ccccc1S(=O)(=O)N(Cc1cc2cc3c(cc2[nH]c1=O)OCO3)C1CCCCC1,0
COc1ccc(CN2CN=C3Nc4ccccc4N3C2)cc1,0
Cc1c(C(=O)CN2CCSCC2)c2ccccc2n1C,0
CCOc1cccc(C2C(C#N)=C(N)Oc3cc(C)n(Cc4ccccn4)c(=O)c32)c1OCC,0
COc1cccc(NC(=O)CN(c2cccc(F)c2)S(C)(=O)=O)c1,0
Oc1ccc(-n2cnnn2)cc1,0
CCc1c(C(=O)NNC(=S)NCC(C)C)csc1C,0
Cc1sc(NC(=O)CSc2nnc(COc3ccccc3)n2C)c(C#N)c1C,0
O=C(Nc1ccccc1Br)c1cn(-c2ccccc2)nc1-c1cc2ccccc2o1,0
Nc1cc(C(=O)OCC(=O)NCc2ccco2)ccc1Cl,0
O=C(Nn1cnnc1)c1ccccc1-c1ccccc1,0
O=C(Nc1ccc2c(c1)OCO2)c1cnn2c(C(F)(F)F)cc(-c3ccco3)nc12,0
CC(C)CN1C(=O)CC(Sc2ccccc2C(=O)O)C1=O,0
O=S(=O)(c1ccc(F)cc1)n1ccc2cccnc21,0
CCN(CC)Cc1c(O)ccc2c([N+](=O)[O-])c(C)n(-c3ccc(OC)cc3)c12,0
COc1cc(N/C=C2\C(=O)Nc3ccccc32)cc(OC)c1OC,1
CCOc1ccc2[nH]c(=O)c(CN(Cc3ccco3)C(=O)c3cccc(F)c3)cc2c1,0
COC(=O)c1ccccc1NC(=O)c1ccc(-c2ccc(Br)cc2)o1,0
COc1ccc(/C=C/C(=O)Nc2ccccc2C(=O)N2CCCC2)cc1,0
Cc1ccc(NC2=CC(=O)CC(C)(C)C2)c(N)c1,0
CCN(CC)c1ccc(NC(=O)Nc2ccc(C(C)=O)cc2)cc1,0
Cc1ccccc1C(=O)NC(NCC1CCCO1)C(Cl)(Cl)Cl,0
CCN1CCN(C(=O)C2(NC(=O)Nc3cccc(F)c3)CCCCC2)CC1,0
Cn1c(=O)[nH]c(=O)c2c1nc(Sc1ncccn1)n2CCCc1ccccc1,0
CCOC(=O)Nc1ccc2c(c1)ncn2C1CCCCC1,0
COc1ccc(NC(=O)c2cccnc2)c(OC)c1,0
O=C(NCc1ccccc1)c1cnc2n(c1=O)CCS2,0
Cc1cc(C)nc(N2CCC(C(=O)NCCc3ccccc3)CC2)n1,0
COc1ccc(C(=O)NCc2nnc(SCC(=O)N3CCCCC3)o2)cc1OC,0
CCOc1ccc(/C=N/NC(=O)COc2ccccc2-c2ccccc2)cc1,0
CCCc1cc(=O)n2[nH]c(-c3ccco3)nc2n1,0
COc1cc2c(cc1OC)C1=C(C#N)CN(C3CCCCC3)CN1CC2,0
COc1ccc(C(C)C)cc1S(=O)(=O)NCc1ccccn1,0
CCOC(=O)c1ccccc1NC(=O)CSc1nnnn1C,0
COC(=O)Nc1c(C)n(C)n(-c2ccccc2)c1=O,0
COC(=O)c1ccc(CSc2nc3ccccc3c(=O)n2-c2ccc(OC)c(OC)c2)o1,0
COc1ccc(Br)cc1C1Nc2ccccc2C(=O)N1NC(=O)c1ccncc1,0
CCOc1cccc(-c2cc(=O)[nH][nH]2)c1,0
COc1ccccc1C(=O)Nc1ccc(N2CCN(S(C)(=O)=O)CC2)cc1,0
CCc1ccc(C(=O)c2cncc(Br)c2)cc1,0
O=C(CSc1nc2ccccc2n1CC(=O)NCc1ccccc1)NCc1ccco1,0
CNC(=O)c1nc[nH]c1C(=O)NC,0
CC(C)C(=O)Nc1ccnc(-c2cccnc2)n1,0
COc1ccccc1C1NC(=O)CS1,0
C(=N/C12CN3CN(CN(C3)C1)C2)\c1cccs1,0
Cc1c(CCO)c(=O)n(-c2ccccc2)n1S(=O)(=O)c1ccc(Cl)cc1,0
CCOc1ccc(NC(=O)C2CCCN(C(=O)Nc3ccccc3)C2)cc1,0
Cc1cc2occ(CC(=O)NC3=NCCS3)c2cc1C(C)C,0
O=C(Nc1ccc(Nc2ccccc2)cc1)C1CC1,0
COc1ccccc1/C=C/C(=O)NC(=S)N(C)C1CCCCC1,0
Cc1ccc(Cc2cnc(NC(=O)/C(C#N)=C/c3ccc(-c4ccccc4[N+](=O)[O-])o3)s2)cc1,0
CCOC(=O)c1sc2nc(N3CCOCC3)c3c(c2c1N)CCN(Cc1ccccc1)C3,0
O=C(COc1cccc(NC(=O)c2ccco2)c1)c1ccccc1,0
CCN(CC)S(=O)(=O)c1cccc(-c2nnc(SCC(=O)NCCC3=CCCCC3)n2N)c1,0
CN1CCCc2cc(C#N)c(=O)[nH]c21,0
Cc1nc(=O)cc(-c2ccccc2)[nH]1,0
COC(=O)CSC1=C(C#N)C(c2ccc(C(C)C)cc2)CC(=O)N1,0
COc1ccc(-n2c(Cc3cccn3C)nnc2SCC(=O)Nc2ccc(C(C)=O)cc2)cc1,0
CCOC(=O)c1cc(NC(=O)N(CC)C2CCCCC2)c(C)nc1C,0
O=C(Nc1ncc(Cc2cccc(Cl)c2)s1)c1cccs1,0
Cc1ccc(-c2noc(CCC(=O)NCc3ccco3)n2)cc1,0
Cc1ccc2c(CN3CCN(Cc4ccc5c(c4)OCO5)CC3)cc(=O)oc2c1C,0
Cc1nn(-c2ccccc2)c(N2CCCCC2)c1/C=N/O,0
O=c1c2c[nH][nH]c-2nc(=S)n1-c1ccccc1,0
COCCCn1c(SCC(=O)Nc2ccc(NC(=O)c3ccco3)c(OC)c2)nc2ccccc2c1=O,0
Cc1cccc(NC2=NC3(CCCCC3)N=C(N)N2)c1,0
Cc1noc(NS(=O)(=O)c2ccc(NC(=O)CSc3n[nH]c(-c4ccccc4)n3)cc2)c1C,0
CCc1nc(N)c(C#N)c(-c2cccn2C)c1C,0
Cc1cnn(C2CCN(C)CC2)c1N,0
c1ccc2c(c1)OCC(CNC1=NCCCCC1)O2,0
N#Cc1nc(Cc2ccccc2)oc1NCc1cccnc1,0
Cc1cc(C)c2nc(-c3ccccn3)cc(C(=O)Nc3ccc(S(=O)(=O)Nc4cc(C)on4)cc3)c2c1,0
Cc1cc(Nc2ccc3c(c2)OCCO3)n2ncnc2n1,0
COc1nc(NCCC2=CCCCC2)nc(OC)n1,0
O=S(=O)(O)c1nc2ccccc2n1CCOc1ccccc1,0
N=c1c2c3c(sc2ncn1CCN1CCOCC1)CCCCC3,0
CC(=O)/N=c1\sc2cc(C)ccc2n1C,0
CC(=O)c1cccc(NC(=O)N2CCCC2C(=O)Nc2cccc(C)c2)c1,0
Cc1occc1-c1nnc(SCC(=O)c2ccc(Cl)cc2)n1C,0
CC(=O)NCCc1nc2ccccc2[nH]1,0
O=C(Nc1ccccc1F)C1CCN(C(=O)Cc2ccccc2)CC1,0
O=C(NCCCN1CCN(c2cccc(Cl)c2)CC1)c1ccc(N2CCCC2=O)cc1,0
CCOC(=O)Cn1c(=O)c(-c2ccccc2NC)nc2ccccc21,0
Cc1cc(C)c(S(=O)(=O)c2ccccc2C(=O)O)c(C)c1,0
CC(C)(C)c1cc(-c2ccco2)c(C#N)c(SCC#N)n1,0
CN(C(=O)c1ccc(-c2nn(C)c(=O)c3ccccc23)cc1)c1ccccc1,0
COc1ccc(NC(=O)C2CC(=O)N(C)/C(=N\c3ccc4c(c3)OCO4)S2)cc1,0
Cc1ccccc1NC(=O)C1CCN(c2cnccn2)CC1,0
Cc1cc(C)cc(NC(=O)N2CCC(c3nc4ccccc4o3)CC2)c1,0
CCCCN1C(=O)NC(=O)/C(=C/c2cnc(SC)nc2)C1=O,0
COC(=O)CSc1nnc(-c2ccncc2)n1N,0
COc1cccc2cc(-c3nnc(SCC(=O)NCc4ccccc4)n3C)oc12,0
CCCC(=O)Nc1nc(-c2ccc(OC)cc2)cs1,0
Cc1cnc(C(=O)Nc2ccccc2-c2nnn(CC(=O)NC3CCCC3)n2)cn1,0
CC(C(=O)O)N1C(=O)c2cccc3cccc1c23,0
O=C(NCc1ccccc1)N1CCN(c2ccccc2F)CC1,0
Cc1cccc(-n2c(N)cc(=O)nc2SCC(=O)Nc2nnc(CC(C)C)s2)c1,0
O=C(c1cc2ccccc2o1)c1nc2c(n1O)CCCCC2,0
COc1ccc(C(=O)N(c2ccc3c(c2)OCCO3)C(C(=O)NC(C)(C)C)c2ccc(F)cc2)cc1OC,0
Cc1ccccc1NS(=O)(=O)c1cc(C(=O)Nc2ccccc2-c2ccccc2)ccc1Cl,0
CCCCn1c(=O)[nH]c(=O)c2c1nc(COC(=O)c1c(C)noc1C)n2CCC,0
Cc1cccc(-c2nnc(SCc3nc4ccccc4[nH]3)n2Cc2ccco2)c1,0
Cc1ccc(S(=O)(=O)CCc2ccccn2)cc1,0
CCc1c(C(=O)O)[nH]c2ccc(Br)cc12,0
Cc1nnc(NC(=O)c2oc3cc(C)c(C)cc3c2C)s1,0
CS(=O)(=O)N1CCCC(C(=O)NCc2ccc(F)cc2Cl)C1,0
COc1cccc2c(=O)n(CC(=O)Nc3ccccc3)ccc12,0
Cc1ccc(C)c(CN2CCC(n3nnc4cc(F)ccc43)CC2)c1,0
O=C(Nc1sc2c(c1C(=O)O)CCC2)c1ccco1,0
Cc1ccc(-n2nnnc2SCC(=O)Nc2nc(-c3ccc(F)cc3)cs2)cc1C,0
CCCc1cc(-n2cnc3ccccc32)n2c(nc3ccccc32)c1C#N,0
C#CCSc1nnc(-c2cccc3ccccc23)o1,0
CCCCSc1nc2ccc(Nc3nc(N4CCOCC4)nc(N4CCOCC4)n3)cc2s1,0
COc1ccc(Cc2n[nH]c(SC)nc2=O)cc1,0
c1ccc(COc2cccc(CNn3cnnc3)c2)cc1,0
CC1CCCCN1CCNS(=O)(=O)c1ccc2c(c1)oc(=O)n2C,0
Cc1cc(C(=O)Nc2c(C)n(C)n(-c3ccccc3)c2=O)c(C)o1,0
COc1cc2cc(C(c3nnnn3C(C)(C)C)N3CCc4ccccc43)c(=O)[nH]c2cc1OC,0
O=C(Oc1ccccc1N1C(=O)C2CCCCC2C1=O)c1ccc(Cl)cc1,0
O=c1cc(CNC2CCCCC2)c2ccccc2[nH]1,0
Cc1cccc(Oc2ncnc3oc(-c4ccccc4)cc23)c1C,0
O=C1C=C/C(=C2\CSc3nnc(-c4ccco4)n3N2)C=C1O,0
CCCC1=C(C(=O)OCC)C(c2ccccc2OCC)NC(=O)N1,0
Cc1ccc(-c2nc3ccccc3o2)cc1NC(=O)c1ccc2c(c1)OCO2,0
CCCCn1c(SCC(=O)O)nc2ccccc21,0
Cc1nc(NC(C)c2ccccc2)c2oc3ccccc3c2n1,0
O=C(Nc1nc2ccccc2[nH]1)c1ccccc1,0
Nc1ccccc1C(=O)N(Cc1ccccc1)Cc1ccccc1,0
COc1nc(OC)nc(N2CCC(C(=O)Nc3cccc4ccccc34)CC2)n1,0
OC(CN1CCCCC1)CN1CCCCC1,0
COc1ccccc1NC(=O)Cn1nnc(-c2ccccc2NC(=O)c2cc3ccccc3oc2=O)n1,0
COc1ccc(OC)c2c1C(=O)c1ccccc1C2=O,0
Cc1cc(C)n(-c2cc(N3CCN(C(=O)c4ccccc4C)CC3)ccc2[N+](=O)[O-])n1,0
Cc1c(Nc2cc(=O)oc3ccccc23)c(=O)n(-c2ccccc2)n1C,0
Cc1nc(NC(C)C(=O)O)c2nc(C)oc2n1,0
CCOC(=O)/C(C#N)=C/c1ccc(OCC(=O)Nc2ccccc2)c(OC)c1,0
CCC(Sc1ccc(C(=O)O)cc1)C(=O)O,0
O=C(Nc1cc(-c2nn(CC(=O)N3CCCCC3)c(=O)c3ccccc23)ccc1N1CCOCC1)c1ccc(Cl)cc1,0
Clc1ccc(CSc2nnc(Cn3cnc4ccccc43)o2)cc1,0
Cc1ccc(C(=O)CSc2nc(=O)cc(N)[nH]2)cc1,0
Cc1nnc(NC2=NCCCCC2)o1,0
COc1cc(C(=O)Oc2cccc(Nc3ncnc4ccccc34)c2)cc(OC)c1OC,0
Cc1ccc(Nc2nc(=O)c3cccnc3s2)cc1,0
Cc1nc2nc(C)c(CCC(=O)N3CCc4ccccc43)c(C)n2n1,0
Cc1ccc(CNc2nc(C)nc3sc4c(c23)CCC4)cc1,0
CCOC(=O)C1=C(C)NC(=O)NC1c1ccc(OC)c(CN2CCOCC2)c1,0
c1cc2nnnn2nc1N1CCCCCC1,0
CCOC(=O)c1ccccc1NC(=O)Nc1ccc(OC)c(OC)c1,0
CCN(CCO)C(=O)CC(c1ccccc1)c1cc(Br)ccc1O,0
Cc1cc(Nc2ccccc2)n(C(=O)c2ccccc2)n1,0
COc1ccc2oc(C)c(C(=O)NN)c2c1,0
CCC(=O)Nc1nonc1-c1nc2ccccc2n1Cc1cccc2ccccc12,0
Cc1cc(C)n(-c2nc3ccccc3c(=O)n2OCC(=O)OCc2ccccc2)n1,0
Cn1c(=O)[nH]c(=O)c2c1nc(Br)n2CC(O)COCc1ccccc1,0
Cc1ccccc1-c1nc(-c2ccc(NC(=O)c3ccc4c(c3)OCO4)cc2)no1,0
COc1ccccc1NC(=O)Nc1c(C)n(C)n(-c2ccccc2)c1=O,0
Cc1cccc(CSc2cccc3cccnc23)c1,0
O=C(/C=C/c1ccccc1)N1CCCN(C(=O)/C=C/c2ccccc2)CC1,0
CCOc1ccccc1C(=O)NC(CO)C(=O)O,0
COc1ccc(CCNC(=O)CC2Nc3cc(C)c(C)cc3NC2=O)cc1OC,0
O=C(c1ccccc1)c1ccc2nc(-c3ccc(NC(=O)c4ccccc4F)cc3)[nH]c2c1,0
O=C(CN1CCCCC1)N1CCCc2c1c(=O)oc1ccc(OCc3ccccc3)cc21,0
COc1cc(-c2cn[nH]c2N)cc(OC)c1OC,0
CCOC(=O)C1=C(C)NC2=C(C(=O)CC(C)(C)C2)C1c1cccc(C)n1,0
CCn1c(SCC(=O)N2CCCC(C)C2)nnc1-c1ccc(S(=O)(=O)N2CCN(C)CC2)cc1,0
Cc1cc(C(=O)N2CCN(C/C=C/c3ccccc3)CC2)cs1,0
O=C(NCCN1CCOCC1)c1ccc(Cl)cc1,0
O=C1c2ccccc2C(=O)N1CCCc1nc2ccccc2c(=O)n1CCCn1ccnc1,0
Cc1c(NC(=S)NC(=O)Cc2ccccc2)cccc1C(=O)O,0
CC1(C)NC(C)(C)C(O)(C(N)=O)C1=O,0
CCCCOC(=O)Nc1ccc(N2CCCCC2)cc1,0
O=C(COc1ccccc1)Nc1ccc(-c2nnc(-c3ccco3)o2)cc1,0
COc1ccccc1NC(=O)CNC(=O)c1ccccc1C,0
O=C1CC(O)(C(F)(F)F)Oc2c1ccc1ccccc21,0
Cc1ccc(C(C(=O)NCc2ccco2)N(C(=O)Cn2nnc3ccccc32)c2ccccc2)o1,0
Cc1cc(C)nc(SCc2nnc(SCC(=O)Nc3ccccc3C)n2Cc2ccco2)n1,0
O=C(NCc1ccccc1)C1CSC2c3ccccc3C(=O)N12,0
O=C(c1ccc(N2CN(C(=O)c3ccco3)c3nc4ccccc4nc32)cc1)N1CCOCC1,0
CCOc1ccc(N2C(=O)NC(Cc3c[nH]c4ccccc34)C2=O)cc1,0
Cc1cc(C)n(CCOc2nonc2N)n1,0
CCOc1ccccc1C(=O)Nc1ccccc1O,0
c1ccc(Nc2nc(N3CCNCC3)nc(N3CCOCC3)n2)cc1,0
O=C(NC1CCCCCCC1)C1CCN(c2nc3ccccc3o2)CC1,0
COC(=O)Nc1ccc2c(c1)ncn2C1CCCCC1,0
O=C(Nc1ccc(-c2nnc(-c3ccccc3)o2)cc1)C1CCCO1,0
COC(=O)c1[nH]c2ccc(C)cc2c1NC(=O)Oc1ccccc1,0
CC(=O)Nc1ccc(N2CCN(Cc3ccccc3F)CC2)cc1,0
O/N=C1\CCCCC1c1ccccn1,0
COc1ccc(/C=N/n2c(C)cc(C)c(C(N)=O)c2=O)cc1,0
Cc1cc(C)n(-c2ccc(C(=O)Nc3ccccn3)cc2)n1,0
CCCC1(c2ccccc2)NC(=O)N(CC(=O)c2[nH]c(C)c(C(=O)OCC)c2C)C1=O,0
O=C(O)c1sccc1Oc1ccccc1[N+](=O)[O-],0
O=C(Cc1c(O)[nH]c2ccccc2c1=O)NCc1ccccc1,0
COc1ccc(CNc2ccc3cn[nH]c3c2)c(OC)c1OC,0
Cc1cc(=O)nc(SCCOc2ccc3c(c2)CCC3)[nH]1,0
Cc1nc(-c2cn[nH]c2)c2cc(C)oc2n1,0
O=C(CN1CCCC1)N1CCCc2c1c(=O)oc1ccc(OCc3ccccc3)cc21,0
Cc1ccc(S(=O)(=O)CC(O)CN2CCCC2=O)cc1,0
CC(C)CC(=O)Nc1ccccc1N1CCN(C(=O)c2ccccc2)CC1,0
O=C(/C=C/c1ccco1)NC(=S)Nc1ccc(N2CCOCC2)c(Cl)c1,0
COc1cccc(C(=O)NCC(=O)N2CCC(C)CC2)c1,0
Cc1ccc(C(=O)O)cc1N1C(=O)c2cccc3cc(Br)cc(c23)C1=O,0
CCC1(CC)Nc2ccccc2C(=O)N1c1ccc(NC(C)=O)cc1,0
O=C(NNS(=O)(=O)c1ccccc1)c1ccncc1,0
N#Cc1nc(-c2ccc(OCc3ccccc3)cc2)oc1NCCCN1CCOCC1,0
Cc1ccc(Cl)cc1NC(=O)CSc1nnc(C)n1-c1ccccc1,0
COc1ccc(N2C(SCC(=O)NCc3ccco3)=NN/C2=C2\C=Nc3ccccc32)cc1,0
Cc1ccccc1OCC(=O)NCCN(C)C,0
Nc1ccc(C(=O)Nc2ccco2)cc1,0
O=C(NCc1ccco1)C1OCCc2ccccc21,0
Clc1ccc2c(N3CCCC3)ccnc2c1,0
CCCOc1ccccc1NC(=O)c1ccc(N)cc1,0
CC(C)NC(=O)CN(C)S(=O)(=O)c1ccc(F)cc1,0
COc1ccc(Cn2c(C3CC3)nc3ccc(NC(=O)C4CC4)cc3c2=O)cc1,0
CC12CCC(C(=O)N3CCN(C(c4ccccc4)c4ccccc4)CC3)(OC1=O)C2(C)C,0
COc1ccc(CCNc2nc(C)nc3c2oc2ccccc23)cc1OC,0
O=C(NN1C(=O)c2ccccc2NC1c1ccccn1)c1ccc(Br)cc1,0
O=C(c1ccc(S(=O)(=O)N2CCOCC2)cc1)N1CCN(c2cccc(Cl)c2)CC1,0
Cc1cc(C(=O)Cn2nnc3ccccc3c2=O)c(C)n1-c1c(C)n(C)n(-c2ccccc2)c1=O,0
CCCCN(C(=O)c1cnc2n(c1=O)CCS2)c1ccccc1,0
O=C(NCCCc1ccccc1)c1ccc(Br)o1,0
C=CCNC(=O)c1ccc2nccnc2c1,0
CCOc1cc(C)c(C(C)C)cc1S(=O)(=O)NCc1ccccn1,0
O=[N+]([O-])/C(=C\Nc1ccccc1)S(=O)(=O)c1ccccc1,0
O=C(N/N=C/C1C(c2ccccc2)C1(Cl)Cl)c1cccc(Br)c1,0
CCN(CC)CCNC(=O)C(C)c1nn(C)c(=O)c2ccccc12,0
O=C(NCc1cn(-c2ccccc2)nc1-c1ccccc1)c1cc([N+](=O)[O-])cc([N+](=O)[O-])c1,0
CC(C)(C)n1nnnc1C(c1ccc(Cl)cc1)N1CCSCC1,0
CCOC(=O)CCSc1nc(C)c2ccccc2n1,0
COc1ccc(NC(=O)CC2Sc3ncnn3C2=O)cc1,0
CCOC(=O)c1[nH]c2ccccc2c1/N=C/N(C)C,0
Cc1c(N(C(=O)c2cc(=O)[nH]c3ccccc23)C(C)C)c(=O)n(-c2ccccc2)n1C,0
COc1ccc(-c2oc3ncn(Cc4ccco4)c(=N)c3c2-c2ccc(OC)cc2)cc1,0
Cc1cccc(OCCn2c(=S)[nH]c3ccccc32)c1,0
c1ccc(-n2nnnc2Oc2ccc(-n3ccnc3)cc2)cc1,0
CN(C)S(=O)(=O)c1ccc(C(=O)NCCSc2ccccc2)cc1,0
CCS(=O)(=O)/N=C(\N)c1ccccc1,0
Cc1ccc2nc(NCc3ccco3)c(/C=N/Cc3ccco3)c(=O)n2c1,0
O=C(CCCC(=O)N(CC(=O)NC1CCCCC1)Cc1ccccc1)Nc1ccccn1,0
CCCCn1c(NC(C)=O)c(C#N)c2nc3ccccc3nc21,0
Cc1cccc(CC(=O)OCn2nnc3ccccc3c2=O)c1,0
CCOc1ccc2c(c1)C(C)=CC(C)(C)N2C(=O)Nc1ccccc1,0
CCCC1=C(C(=O)OCC)C(c2ccccc2OCC)NC(=O)N1C,0
Nn1cc(-c2ccccc2)nc1SCC(=O)N1CCN(S(=O)(=O)c2ccccc2)CC1,0
CCCCNc1cc(C)nc(N2CCOCC2)n1,0
Cc1ccc(C)c(NC(=O)CSc2nc(C)cc(C)c2C#N)c1,0
O=C(Nc1ccc2oc(-c3cccnc3)nc2c1)c1ccc(Br)o1,0
O=C(NCc1ccco1)C(c1ccccc1)N(Cc1cccnc1)C(=O)Cn1nnc2ccccc21,0
O=C(NCCc1ccccc1)c1noc2c1CCc1ccccc1-2,0
Cc1ccc(-c2cnn(-c3cccc([N+](=O)[O-])c3)c2N)cc1,0
COC(=O)c1ccccc1NC(=O)c1cc2ncc(Br)cn2n1,0
Cc1ccc(OCC(=O)Nc2cccc3nsnc23)c(C)c1,0
O=C(CN1CCN(c2ccccn2)CC1)Nc1ccc2ccccc2c1,0
Cc1cc2c(c(=O)o1)C(C(C)C)C(C#N)=C(N)O2,0
Cc1cc(=O)oc2cc(OCc3nnc(-c4ccccc4Br)o3)ccc12,0
Cc1cc(NCCCN2CCOCC2)n2nc(C)c(-c3ccccc3)c2n1,0
Cc1cccc(C)c1N1CC(=O)N(c2c(C)cccc2C)CC1=O,0
CC(=O)Nc1ccc(C(=O)Nc2ccc3c(c2)OCO3)cc1,0
COc1ccc(-c2c(C)n([O-])c(C)c(C)[n+]2=O)cc1OC,0
Cc1ccccc1OCCNC(=O)CNC(=O)c1ccccc1O,0
c1csc(Cn2nnnc2CN2CCN(c3nc4ccccc4s3)CC2)c1,0
COC(=O)c1c(NC(=O)CN2CCN(c3ccccc3OC)CC2)c2c(C)cccc2n1C,0
COc1ccc(C2(C(=O)NCCCN(C)C)CCOCC2)cc1,0
COC(=O)c1ccc(C)c(NS(=O)(=O)c2ccc(OC)c(OC)c2)c1,0
N#CCCN1CCN(Cn2c3ccccc3c3ccccc32)CC1,0
Cc1noc(C)c1COC(=O)c1cc2c3ccccc3n(C)c2s1,0
COCCNS(=O)(=O)c1cc(F)ccc1OC,0
Cc1cccc2nc(CSc3ccccc3N)cn12,0
CCCCNc1ncnc2c1cnn2-c1ccccc1,0
Cc1ccc(-c2cn3c(=S)[nH]nc3s2)cc1,0
O=C(Nc1ccc(CN2CCOCC2)cc1)c1cc2ccccc2o1,0
Cc1ccc(-c2cc(-c3nnc(SCC(=O)NCC(C)C)n3N)c3ccccc3n2)cc1,0
CCC(C)Nc1nc2c(c(=O)[nH]c(=O)n2C)n1CCC(C)C,0
Cc1oc(-c2ccccc2)cc1C(=O)Nc1ccc(N(C)C)cc1,0
C/C(=N\Oc1nc(C)cc(C)n1)c1ccc(Br)cc1,0
CCc1c(C)c(C#N)c2nc3ccccc3n2c1N(C)C,0
CCOC(=O)c1nnn(-c2nonc2N)c1-c1ccc(OCC)cc1,0
O=C(Nc1ccccc1)Nc1ccccc1C(=O)NCc1ccco1,0
O=C1C2(c3ccccc3)CN3CN(C2)CC1(c1ccccc1)C3,0
CCCCN(C(=O)CNC(=O)c1ccco1)C(C(=O)NC1CCCCC1)c1ccc(OC)cc1OC,0
O=C(N/N=C/c1ccc(N2CCOCC2)o1)c1cccc(F)c1,0
Cc1cc(=O)nc(Cc2ccc(OC(C)C)cc2)[nH]1,0
O=C(NCC1(c2ccccc2)CCCC1)C(=O)NCC1(c2ccccc2)CCCC1,0
O=C(NCc1ccccc1Cl)C1CCN(S(=O)(=O)N2CCCCCC2)CC1,0
Cc1ccc(-n2c(=O)cc(N3CCC(C)CC3)[nH]c2=O)cc1,0
CCCCOCCCNC(=O)NC(CC(C)C)C(=O)O,0
CCOC(=O)c1c2ccc(OCC(=O)N/N=C/c3ccc(C)cc3)cc2n2ccccc12,0
Cc1cc(=S)n(-c2ccccc2)n1C,0
CCCCCCNC(=O)c1c(O)n2c3c(cccc3c1=O)CCC2,0
COc1ccc(CN(Cc2cc3cc4c(cc3[nH]c2=O)OCO4)C(=O)NC2CCCCC2)cc1,0
Fc1cnc(N2CCc3ccccc32)nc1N1CCc2ccccc21,0
CC(=O)n1nc2nc(C)cc(C)c2c1N,0
Cc1nn(-c2ccccc2)c(C)c1C(=O)OCC(=O)N1CC(=O)Nc2ccccc21,0
Cc1csc2nc(=O)c(-c3ccccc3N)nn12,0
COc1ccc(CN2CC(C(=O)NCCCN3CCCCCC3)CC2=O)cc1,0
CN(C)c1ccc(/C=N/NC(=O)C(O)(c2ccccc2)c2ccccc2)o1,0
CC(C)CC(C(=O)Nc1ccc2c(c1)OCCO2)N1C(=O)c2ccccc2C1=O,0
O=C(CCNS(=O)(=O)c1cccc2nonc12)N1CCN(c2cccc(Cl)c2)CC1,0
CCOC(=O)c1cc2sccc2n1CC(=O)N1CCCC1,0
O=C(CCCn1c(=O)c2ccccc2n(Cc2ccccc2)c1=O)NCc1ccco1,0
CCN1CCN(Cc2cc(Br)cc(OC)c2O)CC1,0
O=C1NC(=O)C(Nc2cccc3ccccc23)S1,0
COc1cccc(C(=O)Nc2ccccc2N2CCCC2)c1,0
O=C(c1ccc(Br)o1)N1CCN(c2ccccc2F)CC1,0
Cc1cc(N2CCOCC2)nc2ccc(NC(=O)CCC(=O)N3CCC(C)CC3)cc12,0
N#Cc1ccsc1NC(=O)CN1CCCCC1,0
COC(=O)Cn1cc(C(=O)c2ccco2)c2ccccc21,0
Oc1ccccc1CNn1cnnc1,0
CC1CCCN(C(=O)CSc2nc3ccccc3o2)C1,0
CCOc1ccc(S(=O)(=O)Nc2ccc(Cl)cn2)c(C)c1C,0
CN1CCc2nc(SCCOc3ccccc3)c(C#N)cc2C1,0
COC(=O)c1cc(OC)c(OC)cc1NC(=O)c1cccnc1,0
CCC1(COC(=O)Nc2cccc(Cl)c2)COC1,0
O=C(c1ccco1)c1cn(CC(=O)N2CCCc3ccccc32)c2ccccc12,0
O=[n+]1c2c(n([O-])c3cc(Br)ccc31)CCC2,0
O=C(CSc1nnnn1-c1cccc2c1CCCC2)N1CCOCC1,0
CC1CC(c2ccccc2)N2NC(NC(=O)c3ccco3)=NC2=N1,0
COc1ccc(OCCC(=O)Nc2cc(C)on2)cc1,0
O=C(NCC1CCCO1)c1ccc(CS(=O)(=O)Cc2ccc(F)cc2)o1,0
N#Cc1c2c(c(Nc3ccccc3)n3c1nc1ccccc13)CCC2,0
COc1ccc(C(C#N)N2CCCCC2)cc1OC,0
COc1ccc(C2Oc3ccccc3N2C(C)=O)cc1,0
O=C(NC1(C(F)(F)F)NC(=O)N(C2CCCC2)C1=O)C1CC1,0
COc1ccc2[nH]c(=O)c(CN(C3CCCCC3)C(c3nnnn3Cc3ccco3)C(C)C)cc2c1,0
COc1ccc(CCNS(=O)(=O)c2cccc(F)c2)cc1OC,0
Cc1cccc2cc(CN(Cc3ccco3)C(=O)c3ccncc3)c(=O)[nH]c12,0
CCOc1ccc(-c2nnn(CC(=O)Nc3cc(OC)ccc3OC)n2)cc1OCC,0
N#Cc1nc(-c2ccco2)oc1NCc1ccc(F)cc1,0
CCN(CC)C1=CC(=O)/C(=C/NNc2ccccc2)C=C1,0
O=C1c2ccccc2/C(=N\c2ccccc2)C1c1cccc(Br)c1,0
CN1CCN(CC(=O)Nc2ccc(Oc3ccccc3)cc2)CC1,0
CCOc1cc(S(=O)(=O)n2nc(C)cc2C)ccc1F,0
CCOC(=O)c1c(C)nc2c3ccccc3ccn12,0
O=C(O)CCc1c(C(=O)O)[nH]c2ccccc12,0
COC(=O)c1cc(C#N)c(SCc2ccccc2)nc1C,0
CN1CCN(c2ccc([N+](=O)[O-])c(-n3nc(-c4ccccc4)c4ccccc4c3=O)c2)CC1,0
CC1CCC(NC(=O)c2ccc3nc[nH]c3c2)CC1,0
Cc1ccc(O)c(C(=O)c2cnc3c(c2)CN(C)C(=O)N3)c1,0
CCn1cnc2scc(-c3ccccc3)c2c1=O,0
CCC(c1nnnn1CCOC)N(Cc1ccc(C)cc1)Cc1cc2cc(OC)ccc2[nH]c1=O,0
CCN(c1ccccc1)S(=O)(=O)c1ccc(NC(=O)C(C)(C)C)cc1,0
CC(=O)c1cccc(S(=O)(=O)N(Cc2cc3cc4c(cc3[nH]c2=O)OCCO4)CC2CCCO2)c1,0
CCCCC(CCC(=O)Nc1nncs1)(C(=O)OCC)C(=O)OCC,0
COc1ccc(Nc2ncccc2C(=O)NCc2ccccc2)cc1,0
Cc1cc(C)cc(CC2CC(=O)N(c3nc(C)cc(C)n3)C2=O)c1,0
COc1ccc(NC(=O)Cn2cnc3c(cnn3-c3ccc(C)c(C)c3)c2=O)c(OC)c1,0
O=C(Nc1ccc2c(c1)OCCO2)C1CCCN1S(=O)(=O)c1ccc(Cl)cc1,0
Clc1ccccc1Nc1c2c(nc3ncnn13)CCC2,0
COCCCNC(=O)c1c(NC(=O)c2ccco2)n(Cc2ccccc2)c2nc3ccccc3nc12,0
Cn1cc([N+](=O)[O-])c(C(=O)Nc2ccc(Br)cn2)n1,0
CCC1(C)Cc2ccccc2-c2nc(NCCO)n(-c3ccc(C)cc3)c(=O)c21,0
C=C(C)CSc1nnc(-c2cccc(Cl)c2)n1N,0
COc1c(C)cc(Br)cc1C(=O)O,0
COC(=O)C1=C(C)NC(C)=C(C(=O)OC)C1c1cc2ccc(C)cc2[nH]c1=O,0
CCC(C)c1ccc(NC(=O)C2CCN(c3ncccn3)CC2)cc1,0
COCCn1c(SCc2ccccc2Cl)nc2c1c(=O)[nH]c(=O)n2C,0
CC(C)NC(=O)c1ccc(C2SCC(=O)N2Cc2ccccc2)cc1,0
COc1ccc(-c2nn(CC(=O)N(C)C)c(=O)c3ccccc23)cc1,0
CCOC(=O)c1cc2c(=O)n3ccccc3nc2n(CCOC)/c1=N/C(=O)C(C)(C)C,0
CCOC(=O)N1CCC(NC(=O)c2cnn3ccccc23)CC1,0
CCOC(=O)N1CCC(N(C(=O)Nc2cccc(OC)c2)C(C)CC)CC1,0
CN(C)c1ccc(C(=O)Nc2cc(C(F)(F)F)ccc2-n2cncn2)cc1,0
O=C(Nc1nnc(-c2ccc(Cl)cc2)o1)Nc1ccccc1Cl,0
O=C(O)CCCCCNC(=O)c1ccccc1Br,0
CCOc1ccc(N(CC(=O)NC2CCCC2)C(=O)CCCC(=O)Nc2ccccn2)cc1,0
O=C(O)c1ccc(S(=O)(=O)N2CCC(c3nc(-c4ccccc4Cl)no3)CC2)cc1,0
Cc1csc(NC(=O)CSc2nnc(-c3ccoc3C)n2Cc2ccco2)n1,0
Cc1c(NC(=O)CSc2nc3ccc(Cl)cc3[nH]2)c(=O)n(-c2ccccc2)n1C,0
O=C(Nc1cnc2ccccc2c1)N1CCOCC1,0
CCOC(=O)c1cnn(-c2ccccn2)c1N,0
CCC(C)(C)NC(=O)C(c1cccc(OC)c1)N(C(=O)c1ccn[nH]1)c1cccc(OC)c1,0
Cc1ccc(S(=O)(=O)NC2=C(N3CCN(Cc4ccccc4)CC3)C(=O)c3ccccc3C2=O)cc1,0
Cc1ccc2nc(SCC(=O)NCc3ccco3)c(C#N)cc2c1,0
Cc1ccc(C(=O)CCNc2ccc(Br)cc2)o1,0
CC(Sc1nc(O)c(Cc2ccccc2)c(=O)[nH]1)C(=O)Nc1cccc(Cl)c1,0
CCN1CCN(S(=O)(=O)c2cccc([N+](=O)[O-])c2)CC1,0
Cc1nonc1NC(=O)CSc1nnc(-c2ccoc2C)n1-c1cccc(Cl)c1,0
Cc1c(N(C)C(=O)c2ccccc2F)c(=O)n(-c2ccccc2)n1C,0
CCCc1nnc(SCc2ccc(C(=O)OC)o2)n1N,0
Cc1ccc(CC(=O)Nc2nc3ccccc3[nH]2)cc1C,0
Cc1nc(Nc2nc(=O)c3ccccc3n2C)nc2c(C)cccc12,0
CCn1ncc(Br)c1C(=O)N(C)C12CC3CC(CC(C3)C1)C2,0
COc1ccc(CCNC(=O)C2CCN(S(=O)(=O)c3ccc(Cl)cc3)CC2)cc1OC,0
O=C(CSc1ncn[nH]1)NC12CC3CC(CC(C3)C1)C2,0
CCOc1cc(C(N)=O)cc(Br)c1OC,0
O=C(NC1CCCC1)C1CC(=O)N(C2CCCCCCC2)C1,0
C=CCc1c(C)[nH]c(N)nc1=O,0
COc1ccc(-c2nnn(CC(=O)c3c[nH]c4ccccc34)n2)cc1OC,0
COc1ccc(S(=O)(=O)Nc2ccc(N(C)C(C)=O)cc2)cc1,0
O=C(Nc1ccccc1)N1CCn2c(nc3ccccc32)C1,0
O=C(Nc1ccc2c(c1)OCO2)c1ccc[n+]([O-])c1,0
c1ccc(CNc2nc3ccccc3[nH]2)cc1,0
CCOC(=O)c1ccc(Oc2nc(NC)nc(SC)n2)cc1,0
CS(=O)(=O)N(CC(=O)N1CCN(Cc2ccccc2)CC1)c1ccc2c(c1)OCCO2,0
COc1ccnc(Oc2ccc(F)cc2)c1C(=O)/N=C/NOCc1ccc(Cl)cc1Cl,0
CCN(CC)CCNc1nc2ccccc2n1C,0
NC(=O)C1(N2CCCCC2)CCN(C(=O)CSc2nc3ccccc3o2)CC1,0
CC1CN(S(=O)(=O)N(C)C)CCN1S(=O)(=O)N(C)C,0
CCOC(=O)c1c(CN2CCOCC2)n(-c2ccccc2)c2ccc(O)cc12,0
O=C(NC1CCCC1)c1cccc(NC(=O)c2ccco2)c1,0
C/C(CCc1c[nH]c2ccccc12)=N\O,0
C=CCn1c(CCNC(=O)c2cccs2)nnc1SCC(=O)c1cccc([N+](=O)[O-])c1,0
CCC(C)(C)C(=O)Nc1ccc(C(N)=O)cc1,0
COC1(c2cc(-c3ccccc3)nc(N)n2)CCCCC1,0
Cc1nn(-c2ccccc2)c2c1C(c1ccc(F)cc1F)C(C#N)=C(N)O2,0
CC(=O)Nc1nnc(CCN2CCCCC2)s1,0
Cc1nn(C(C)c2n[nH]c(=S)n2-c2ccc(F)cc2)c(C)c1[N+](=O)[O-],0
COc1ccc(N2C(=O)CC(NC34CC5CC(CC(C5)C3)C4)C2=O)c(OC)c1,0
COc1ccc(C2C(C#N)=C(/N=C/N3CCN(C)CC3)OC3=C2C(=O)CC(C)(C)C3)cc1,0
O=C(Cn1c(-c2ccccc2)noc1=O)Nc1ccc(S(=O)(=O)N2CCOCC2)cc1,0
Cc1cc(C(=O)CSC(C)c2nc(=O)c3ccccc3[nH]2)c(C)n1C,0
O=C1c2cccc3cccc(c23)C(=O)N1OS(=O)(=O)c1ccccc1,0
COc1ccccc1NC(=S)N(CCc1nc2cc(C)c(C)cc2[nH]1)Cc1cccnc1,0
OCCCc1nc2ccccc2n1CCc1ccccc1,0
COC(=O)c1cc(NC(=O)N2c3ccccc3Sc3ccccc32)cc(C(=O)OC)c1,0
CCOc1ccc2[nH]c(C)c(CN3CCOCC3)c(=O)c2c1,0
COc1ccc(OC)c(S(=O)(=O)Nc2ccccc2C)c1,0
CCc1cc2c(=O)c(-c3nc4ccccc4n3C)c(C)oc2c(CN(CC)CC)c1O,0
CCn1c(C)c(C(C)=O)c(N2CCC(C(N)=O)CC2)nc1=S,0
c1ccc(NCn2cncn2)nc1,0
COCCCN1C(=O)c2ccccc2C1C(=O)NC1CCCCCC1,0
CCN1CCN(Cc2ccc(OCc3ccccc3)cc2)CC1,0
CCCOC(=O)C(C)n1cnc2sc(C)c(C)c2c1=O,0
Cc1cc(C)nc(N/N=C/c2ccccc2)n1,0
CN(C)c1ccc(N/C=C/C(=O)c2ccco2)cc1,0
CCN(CC)c1ccc(/C=c2\sc3nnc(-c4ccccc4Cl)n3c2=O)cc1,0
Cc1ccc(NC(=O)CSc2nc(=O)c3c([nH]2)CCC3)cc1C,0
Cn1c(=O)c2c(nc(SCCN3CCCCC3)n2Cc2ccc(Cl)cc2)n(C)c1=O,0
O=C(Nc1cccc2cccnc12)c1cccnc1,0
COc1ccc(C(=O)c2ccc(CC#N)s2)cc1,0
CN1CCN(S(=O)(=O)c2ccc(Sc3nc4ccccc4[nH]3)c3nsnc23)CC1,0
COC(=O)c1cccc(COC(=O)c2cccnc2SC)c1,0
CCCCc1c(C)nn(-c2nnc3c4ccccc4n(CC)c3n2)c1C,0
CC(C)CC(C(=O)OCC(=O)Nc1ncc(Cl)cc1Cl)N1C(=O)c2ccccc2C1=O,0
Cc1nc2ccc(-c3ccccc3)cc2o1,0
CCOC(=O)c1c(C)n(C)c2ccc(O)c(CN3CCC(C)CC3)c12,0
Cc1ccc(-n2c(SCc3cc(=O)n4ccsc4n3)nnc2-c2cccnc2)c(C)c1,0
CCC(CC)C(=O)Nc1nnc(SCC(=O)N2CCN(c3ccccc3OC)CC2)s1,0
O=C(Cc1cccs1)Nc1nnc(Cc2ccc(F)cc2)s1,0
CC(C)C(=O)N(c1ccc(F)cc1)C1C=CS(=O)(=O)C1,0
N#CCCn1cnc2ccccc21,0
Cc1ccc(NC(=O)c2cc(N3CCOCC3)nc3ccccc23)cc1,0
O=c1ccnc(Sc2ncccc2[N+](=O)[O-])[nH]1,0
CC1=NC(Nc2nc(C)c3ccccc3n2)=NC(C)(C)C1,0
O=C(NCCCN1CCCC1=O)c1cncc(Br)c1,0
COc1cc(C)nc(N2CCC(C(N)=O)CC2)n1,0
O=C(Nc1ccc(Cl)cc1)c1ccsn1,0
O=C(Nc1ccccc1-c1nc2ccccc2s1)c1cccnc1Cl,0
CCOCCn1c(SC)nc2c1c(=O)[nH]c(=O)n2C,0
CCCC(=O)N1CCN(c2ccc(NC(=O)c3sc4ccccc4c3Cl)cc2)CC1,0
O=C(Nc1cccc(Cl)c1N1CCCC1)c1cccc(-c2cc3ccccc3oc2=O)c1,0
O=C(NC1CCCCC1)C(c1ccccc1)N(Cc1ccco1)C(=O)Cn1cnc2ccccc21,0
Cc1cc(Cl)ccc1OC(C)C(=O)Nc1ccc(S(=O)(=O)Nc2cnc3ccccc3n2)cc1,0
O=C(Cn1cnc2c(nnn2Cc2ccc(Cl)cc2)c1=O)NC1CCCC1,0
COc1ccc(OC)c(C2=Nn3c(nnc3-c3cc(OC)c(OC)c(OC)c3)SC2)c1,0
O=C(CSc1nnc(-c2cccs2)n1-c1ccccc1)NCc1ccco1,0
C=CCN(CC=C)C(=S)NC(=O)c1ccc(-c2ccccc2)cc1,0
Cc1cc(C)c(NC(=O)NC(=O)c2cccc(F)c2)c(C)n1,0
CC(C)(C)Oc1ncc(Br)c(OC(C)(C)C)n1,0
CCc1ccc(NC(=O)CSC2=C(C#N)C(c3ccco3)C3=C(CCCC3=O)N2)cc1,0
Cc1ccccc1-n1c(C)nc2sccc2c1=O,0
COc1ccc(NC(=O)c2ccc3c(c2)C(=O)N(Cc2cccnc2)C3=O)cc1,0
Nc1nc(-c2ccco2)nn1C(=O)CCc1ccccc1,0
COc1ccccc1C(=O)n1nc(-c2ccco2)nc1N,0
O=C(NCc1ccco1)C(c1ccccc1)N(Cc1ccccc1)C(=O)Cn1nnc2ccccc21,0
O=C1N=C2SCCN2/C1=C\c1c(Cl)cccc1Cl,0
CC(C)(C)c1ccc(COC(=O)CNC(=O)CNC(=O)Cc2ccccc2)cc1,0
Nc1nnc(-c2cn(-c3ccccc3)nc2-c2ccccc2)o1,0
O=C(Nc1cccc2nsnc12)c1cccs1,0
O=C(Cn1c(=O)sc2ccccc21)Nc1ccccc1C(=O)O,0
N#Cc1c(N)oc(-c2ccco2)c1-c1ccco1,0
CCn1c(CCNC(=O)c2ccc(OC)c(OC)c2)nc2ccccc21,0
COc1cc(Cn2cnnn2)ccc1O,0
Cc1cc(C)nc(SCc2nnc(SCC(N)=O)n2Cc2ccco2)n1,0
Cc1c(NC(=O)c2ccc(CN3CCc4ccccc4C3)cc2)c(=O)n(-c2ccccc2)n1C,0
CCC(C)(C)n1nnnc1C(c1cc2cc(OC)c(OC)cc2[nH]c1=O)N1CCc2ccccc21,0
COC(=O)/C(C#N)=C1/SC=C(C)N1c1ccccc1,0
O=C(NCS(=O)(=O)c1ccccc1)c1ccccc1,0
CCN(Cc1ccccc1)C(=O)COC(=O)c1n[nH]c2ccccc12,0
CC(C)c1nc(C#N)c(NCCCn2ccnc2)o1,0
O=C(NCc1ccco1)c1ccc2snnc2c1,0
COC(=O)c1ccc(CSc2nnnn2Cc2ccccc2)cc1,0
CCOC(=O)C1CCN(C(=O)COc2ccc(Br)cc2)CC1,0
CCOCC(=O)Nc1c(C(=O)Nc2ccccc2OC)oc2ccccc12,0
Cc1cc(=O)c2cccc(Br)c2[nH]1,0
O=C1c2ccccc2C(=O)N1CCCCSc1nc2ccccc2o1,0
O=C(O)Cc1ccc(C(=O)c2ccccc2F)s1,0
COC(=O)c1[nH]c2cc(OC)c(OC)cc2c1NC(=O)c1cccc(OC)c1,0
[O-][n+]1onc2c1CCc1c-2nc(-c2ccccc2)n1OCc1ccccc1,0
COc1ccc(N(CC(=O)NC2CCCCC2)C(=O)CNC(=O)c2ccco2)cc1OC,0
Cc1ccccc1C(=O)NCc1nnc(SCC(=O)N2c3ccccc3Sc3ccccc32)n1C,0
COc1ccc(OC)c(-c2c[n+](=O)c3c(n2[O-])CCCC3)c1,0
Cc1cccc(N2CCN(C(=O)C3CCCCC3)CC2)c1C,0
CCC(C)(C)n1nnnc1C(c1cc2cc3c(cc2[nH]c1=O)OCO3)N1CCCCC1,0
O=C(C1CCCCC1)N(Cc1ccccc1)c1ccccn1,0
Cc1nc2cc(NC(=O)NCc3ccco3)ccc2n1C,0
CC(Cc1ccccc1)NC(=O)C1(c2ccccc2)CCOCC1,0
CCCCc1nc(S(=O)(=O)c2ccc(Cl)cc2)c(N2CCOCC2)o1,0
CC(=O)Nc1ccc(N2CCCCC2)c(C(=O)Nc2cccc(C)c2)c1,0
CCc1cc2c(SCC(=O)c3ccccc3)ncnc2s1,0
CCC(C)(C)n1nnnc1C(c1cc2cc(C)ccc2[nH]c1=O)N1CCCc2ccccc21,0
O=C1CCc2nc3ccccc3c(=O)n2N1,0
CCC(=O)N1CCN(c2c(Cl)cccc2[N+](=O)[O-])CC1,0
CC(C)CC(=O)N(c1ccc(F)cc1)C1C=CS(=O)(=O)C1,0
Cc1cc(N2CCOCC2)n2nc(C)c(-c3ccccc3)c2n1,0
Cc1noc(C)c1S(=O)(=O)NC1CCCc2ccccc21,0
Cc1ccc(-n2nc(C)c3c2OC(N)=C(C#N)C3c2ccccc2F)cc1,0
CCCC(=O)c1cc(F)c(N2CCN(CCC#N)CC2)cc1C,0
CC1=NN(C(=O)c2ccccc2Br)C(O)(c2cccnc2)C1,0
CC(=O)c1c(C)nc(-c2ccccc2)n1O,0
c1cc(CNc2ccc(N3CCOCC3)cc2)ccn1,0
Cc1ccc(-n2c(Cc3cccn3C)nnc2SCC(=O)NC2CCCCC2)cc1,0
COc1cc(C(=O)N2CCC(NC(=O)C(Cc3ccc(C(C)C)cc3)NC(C)=O)CC2)cc(OC)c1OC,0
CCCc1nc2ccccc2c(C(=O)OCc2nnc(-c3cc(OC)c(OC)c(OC)c3)o2)c1CC,0
Nc1ccccc1N1CCN(C(=O)c2ccccc2)CC1,0
Cc1cc(C)cc(OCc2nnc(SCC(=O)Nc3ccccc3)o2)c1,0
CCCn1nnc(NC(=O)c2cc(Br)ccc2OC)n1,0
CCc1ccc(CNC(=O)C(=O)NCCc2ccc(OC)c(OC)c2)cc1,0
COc1cc(/C=N/NC(=O)c2sc(N)nc2C)cc(OC)c1OC,0
CC(=O)Nc1cccc(OCC(=O)NS(=O)(=O)c2ccc(C)cc2)c1,0
O=C1CC(c2ccco2)Cc2nc(Nc3ccc(F)cc3)ncc21,0
Cc1nc2ccccc2nc1OCC(=O)NCc1ccc2c(c1)OCO2,0
Cc1nnc(SCc2cc(=O)nc(N3CCN(Cc4ccccc4)CC3)[nH]2)s1,0
CCN(CC)C(=O)CN(C#N)c1nc(NC(C)C)nc(NC(C)C)n1,0
CCC1CCCCN1CCCn1c(=S)[nH]c2ccccc2c1=O,0
CSc1cccc(NC(=O)Nc2ccccc2)c1,0
O=C(Nc1ccccc1N1CCCCC1)c1ccc2nccnc2c1,0
Cc1ccc(S(=O)(=O)NC2(C(F)(F)F)C(=O)Nc3c2c(=O)n(C)c(=O)n3C)cc1,0
Cc1nc2ccccc2n1/N=C/c1cccnc1,0
COc1ccc(N(CC(=O)NN=C2CCCC2)S(=O)(=O)c2ccccc2)cc1,0
CC(C)(C)C(=O)C(Cc1ccccc1Cl)n1cncn1,0
O=C(COc1cc(=O)n2c(n1)SCCC2)c1ccccc1,0
C=CCC1=CC=C/C(=C\Nn2c(C)nnc2C)C1=O,0
O=S(=O)(c1ccc2ccccc2c1)N1CCCCC1,0
CCc1ccc(NC(=O)c2ccnc(C(C)(C)C)c2)cc1,0
COc1ccc(C2=NCC(CSc3nnc(-c4ccc5c(c4)OCO5)o3)S2)cc1,0
O=C(O)c1ccccc1SC1CC(=O)N(C2CCCCC2)C1=O,0
COc1ccc(C(=O)NC2CCN(C(=S)Nc3cccc(C)c3C)CC2)cc1,0
Cc1ccc(S(=O)(=O)N2CCC(C(=O)NCc3ccccc3Cl)CC2)cc1,0
CCN1CCN(C(=O)COc2cc(=O)n(CC)c3ccccc23)CC1,0
CCN(CC)C(=O)C(=O)c1cccn1-c1ccccc1C#N,0
CCCc1cc(Nc2ccccc2OCC)n2ncnc2n1,0
C=CCNC(=O)CC(=O)N/N=C/c1cccc(Br)c1,0
CC(=O)Nc1cc(C(=O)N2CCC3(CC2)OCCO3)ccc1Sc1ccc(C)cc1,0
Cc1cc(/C=C2\SC(=S)N(Cc3ccco3)C2=O)c(C)n1-c1cccnc1,0
O=C(NC(c1ccccc1)c1ccccc1)c1ccc(Br)o1,0
CCCCn1c(NCc2ccc3c(c2)OCO3)nc2ccccc21,0
CCOC(=O)c1sc(NC(=O)CCCCCN2C(=O)c3cccc4cccc(c34)C2=O)nc1C,0
Cc1ccccc1NS(=O)(=O)c1cc(C(=O)NCCC2=CCCCC2)ccc1Cl,0
Cc1cc(C(=O)CN2C(=O)NC3(CCCCC3)C2=O)c(C)n1Cc1ccc2c(c1)OCO2,0
Cc1cc(C)nc(NC(=O)c2ccc(Cl)c(Cl)c2)n1,0
Cc1c(Br)cc(C(=O)NCCCN2CCOCC2)c(C)c1C,0
COc1ccccc1NC(=O)N1CCN(c2ccc(F)cc2)CC1,0
C/C(=N\Nc1nc(C)cc(-c2ccccc2)n1)c1ccc(C)o1,0
Cc1cn(C(=O)c2cccc(Br)c2)c(C)n1,0
Cc1cc(C)nc(Nc2nc(C)c3cc4c(cc3n2)OCO4)n1,0
CCCC(=O)Nc1ccc2c(c1)nc(CN1CCCCC1)n2C,0
COc1ccccc1-c1noc(-c2ccccc2C(=O)Nc2ccccc2)n1,0
N#Cc1ccc(N2CCCC2C(=O)O)c([N+](=O)[O-])c1,0
CSc1ncccc1C(=O)OCC(=O)c1cc2ccccc2o1,0
Cc1cc(NC(=O)CCC(=O)N(c2ccccc2)C(C(=O)NC2CCCC2)c2ccncc2)no1,0
CCN1C(c2ccc(F)cc2)=CS/C1=C(\C#N)c1nnc2n1-c1ccccc1SC2,0
Cc1cccc(OCC(=O)Nc2cc(C)ccc2O)c1,0
O=C(Nc1ccc2oc(=O)ccc2c1)c1cc2ccccc2o1,0
CCOc1ccc(Nc2c3c(nc4ncnn24)CC(C)CC3)cc1,0
Cc1c(C(=O)OC(C)C)nnn1-c1nonc1N,0
Cc1cc(C)cc(NC(=S)NC(=O)CCN2C(=O)c3ccccc3C2=O)c1,0
CN(Cc1ccccc1)C(=O)CCn1c(=O)oc2ccccc21,0
Cc1nnc(SCC(=O)N2CC(=O)Nc3ccccc32)n1C,0
CCC(=O)NCCCCNC(=O)CC,0
CC1CCN(c2nc3ccccc3nc2C(C#N)C(=O)OC2CCCCC2)CC1,0
c1ccc2c(c1)CCCN2Cc1nnnn1C1CCCC1,0
Cc1ccc(/C=C2/NC(=O)N(Cc3ccccc3)C2=O)s1,0
COc1ccc(-c2noc(COc3ccc4c(c3)OCO4)n2)cc1,0
Cc1nn(Cc2ccc(F)cc2)c(C)c1NC(=O)c1cc(-c2ccco2)on1,0
CCN(Cc1nc(=O)c2ccccc2[nH]1)Cc1cc(=O)oc2cc(OC)ccc12,0
Cc1onc(-c2ccccc2Cl)c1C(=O)Nc1sc2c(c1C#N)CCC2,0
CCOc1ccc2nc(NCCCO)[nH]c2c1,0
CN(Cc1ccccc1)c1oc(COc2ccccc2F)nc1C#N,0
COc1ccc2c(c1)CCCC21NC(=O)NC1=O,0
CC(Oc1ccc(Br)cc1)C(=O)N1CCc2ccccc21,0
O=C(O)c1ccc(NS(=O)(=O)/C=C/c2ccccc2)cc1,0
CCC(=O)Nc1ccccc1C(=O)N1CCCC1,0
CCSc1ccc(NC(=O)c2cccnc2)cc1,0
CCCC(NC(=O)CNC(=O)C(C)(C)C)C(=O)O,0
CCC(=O)NCc1nc2ccccc2n1Cc1ccccc1F,0
C=CCn1c(SCC(=O)NC2CCCCC2)nnc1-c1sc(N)nc1C,0
CCOc1ccc2[nH]c(O)c(NC(C)=O)c2c1,0
COc1ccc(-c2nnc(-c3ccc(Br)o3)o2)cc1OC,0
CC(C)NC(=O)NC(=O)CSc1nnc(COc2ccccc2Cl)o1,0
CCOC(=O)c1cc(NC(=O)CSc2nnc(CN3CCOCC3)n2C)ccc1Cl,0
CCOC(=O)C(Sc1ncc(C#N)c(N)n1)C(C)C,0
CC(=O)NS(=O)(=O)c1ccc(NC(=O)c2cc(-c3ccc(C)c(C)c3)nc3ccccc23)cc1,0
Cc1ccccc1Nc1nc(N)nc(CSc2nnc3sc4ccccc4n23)n1,0
NC(=O)CSc1nnc(-c2ccc(S(=O)(=O)N3CCCC3)cc2)n1CC1CCCO1,0
Cc1cc(C)nc(-n2nc(C)c(Br)c2Nc2ccc(Br)cc2)n1,0
O=C(CSc1nnc2scc(-c3ccccc3)n12)Nc1nsc(-c2ccc(Cl)cc2)n1,0
COc1ccc2[nH]c(=O)c(C(c3nnnn3C(C)(C)C)N(Cc3ccco3)CC3CCCO3)cc2c1,0
CC1(C)CC(=O)C2=C(C1)NC(=O)CC2c1cc2c(cc1Br)OCO2,0
COC(=O)CC1C(=O)NCCN1C(=O)CSc1nnc(Nc2ccc(OC)cc2)s1,0
CN1CCN(C(=O)c2ccc3ccccc3c2)CC1,0
CC(C)(C)C(=O)NC(=S)NCCc1ccccc1,0
Cc1nc2ccccc2c(=O)n1NC(=O)Cc1ccc(Br)cc1,0
COc1cccc(OC)c1-c1nn2c(-c3ccccc3Cl)nnc2s1,0
O=C1CC(N2CCC(n3c(=O)[nH]c4ccccc43)CC2)C(=O)N1Cc1ccccc1,0
CCn1c(C)nc2cc(C(=O)NNS(=O)(=O)c3c(C)c(C)cc(C)c3C)ccc21,0
CCCCc1nc2n[nH]c(N)c2c2c1CCCC2,0
Cc1nc(SCC(=O)Nc2ccccc2C(F)(F)F)c2c(=O)n(C)c(=O)n(C)c2n1,0
Cc1ccc2nc(NC(=O)Cn3cc4c(n3)CCCCC4)sc2c1,0
Cc1nc2cc(C(=O)O)ccc2n1-c1ccccc1,0
CC(Oc1ccc(Cl)cc1Cl)c1nc(-c2ccccn2)no1,0
COC(=O)CN(c1ccc(F)cc1)S(=O)(=O)c1ccc2c(c1)OCCO2,0
Cc1ccc(-c2cc(C(=O)NC3=NCCS3)c3cc(Br)ccc3n2)o1,0
O=C(Nc1ccccc1-c1ccccc1)c1cccc([N+](=O)[O-])c1,0
Cc1ccc(OCCn2c(NC(=O)c3ccco3)nc3ccccc32)cc1,0
O=C1c2ccccc2NC(c2ccccc2)N1/N=C/c1ccccc1,0
CC(C)C(=O)c1cn(CC(=O)NCC2CCCO2)c2ccccc12,0
Cn1c(SCc2ccc(F)cc2)nnc1-c1ccccn1,0
O=C1Nc2ccccc2N=C(c2ccccc2)C1N1CCOCC1,0
COC(=O)CCSc1nccn1Cc1ccccc1,0
O=C(Nn1cnnc1)c1cc2c(s1)CCCCC2,0
Cc1ccc2nc(-c3ccccc3)c(NC(=O)c3ccco3)n2c1,0
CC(C)c1ccc(OCC(O)Cn2cnc3ccccc32)cc1,0
O=C(CSc1nnc2scc(-c3ccccc3)n12)N1CCN(Cc2ccccc2)CC1,0
CC(C)C(=O)NC(c1ccco1)c1ccc2cccnc2c1O,0
Cc1noc(C)c1C(=O)N1CCN(Cc2ccccc2)CC1,0
COc1ccc(OCc2nc(C#N)c(N3CCN(c4ccc(OC)cc4)CC3)o2)cc1,0
Clc1ccc(C(c2nnnn2C2CCCC2)N2CCSCC2)cc1,0
CCOC(=O)N1CCC(NS(=O)(=O)c2ccc3c(c2)CCN3C(C)=O)CC1,0
Cc1ccc(-c2nc3ccccc3n3c(C)nnc23)cc1,0
Cc1cccc(-c2c3c(=O)n(C)c(=O)n(C)c3cn2-c2ccc(O)cc2)c1,0
Cc1ccc(C(C)C)c(OCC(=O)Nc2ccccc2N2CCN(C)CC2)c1,0
Cc1cc2ncn(-c3nnnn3-c3ccccc3)c2cc1C,0
Cc1sc(-n2c(C)cc(C=O)c2C)c(C(=O)O)c1C,0
Cc1nc(C(C)(C)O)n(-c2ccccc2)n1,0
CCC(=O)Nc1ccc(NC(=O)Cc2ccccc2)cn1,0
Cc1cc(C)n(S(=O)(=O)c2ccc3ccccc3c2)n1,0
COc1ccc(N2CCN(/C(=N\S(=O)(=O)c3ccc(C)cc3)Nc3nc(C)cc(C)n3)CC2)cc1,0
CCOC(=O)C1=C(C)NC(C)=C(C(=O)OCC)C1c1ccc(O)cc1,0
COc1ccccc1CN(Cc1nc(=O)c2ccccc2[nH]1)C(=O)Nc1ccccc1,0
O=C(CCc1ccccc1)n1nc(-c2ccccc2)nc1NCc1ccco1,0
Cc1ccc2cc(C#N)c(NCCNC(=O)C3CCC3)nc2c1C,0
CCC1CCCCN1C(=O)CSC1=NN/C(=C2/C=Nc3ccccc32)O1,0
O=C1C2C3C=CC(C3)C2C(=O)N1c1ccccc1,0
N#Cc1c(-c2ccccc2)[nH]c(=S)[nH]c1=O,0
N#C/N=C(\N)c1ccccc1,0
CC(C)NC(=O)COC(=O)c1cc(F)c(F)cc1Cl,0
COC1=C/C(=c2/[nH]c3n(/c2=N\c2ccccc2)C=CNC=3)C=CC1=O,0
COC(=O)C1Cc2c([nH]c3ccccc23)CN1,0
N#Cc1c(NC2CCCCC2)nc(-c2ccco2)c2c1CCCC2,0
CC(=O)C1=C(C)NC(=O)NC1c1ccccc1,0
CCCn1nnnc1NCc1ccccc1OCc1ccc(F)cc1,0
C=CCNc1oc(Cc2cccc3ccccc23)nc1C#N,0
O=C(N/N=C/c1ccc(OCc2ccccc2)cc1)c1cccs1,0
O=C(Nc1ccccc1OC(=O)N1CCCCC1)N1CCCCC1,0
CCC(=O)Nc1ccc2oc(-c3ccccc3Br)nc2c1,0
CC(NCCCN(C)C)=C1C(=O)c2ccccc2C1=O,0
COC(=O)c1ccc(NC(=O)C(C)Oc2ccccc2)cc1,0
O=C1CN(C(=O)COc2ncnc3ccccc23)c2ccccc2N1,0
CCCCCC(=O)NNC(=O)c1ccc(-c2ccccc2)cc1,0
COc1ccc(NC(=O)NS(=O)(=O)c2ccc(C)cc2)c(OC)c1,0
O=C(CSc1nnc(-c2ccco2)n1Cc1ccccc1)NCc1ccccc1,0
CC(=O)c1cc(F)c(N2CCN(C(=O)c3ccco3)CC2)cc1C,0
Cn1c(CN2CCOCC2)nc2cc(NC(=O)c3ccc(Cl)cc3)ccc21,0
Cc1cccc(NC(=O)c2c(C)nc3ccccn23)n1,0
O=C(O)CCC(=O)Nc1ccc(Br)cn1,0
N#CCCn1cc(C(CC(=O)c2ccc(Br)cc2)C(=O)O)c2ccccc21,0
CCOc1ccc(-c2nc(C#N)c(NCC(C)C)o2)cc1,0
CC1=C(C(=O)OC(C)C)C(c2ccc(N(C)C)cc2)C2=C(CC(C)(C)CC2=O)N1,0
Cc1occc1C(=O)Nc1ccc2c(c1)CCC2,0
Cc1ccc(CCNC(=O)c2coc3nc4ccccc4nc23)cc1,0
Cc1ccc2c(CNCc3ccco3)cc(=O)oc2c1,0
COc1ccc(NC(=O)CSc2nc(C)c3c(c2C#N)CCCC3)cc1,0
Cc1ccc(COc2ccc(Br)cc2/C=N/O)cc1,0
COc1ccc2c(c1)S/C(=C\C(=O)c1ccncc1)N2C,0
CC(=O)N1CC2(C)CN(C(C)=O)CC(C)(C1)C2,0
CCc1nnc(NC(=O)CSc2nnc(-c3ccoc3C)n2-c2cccc(C)c2)s1,0
COCCSc1ccccc1C(=O)Nc1cc(C)on1,0
COc1ccc(S(=O)(=O)Nc2ccc3oc(C)c(C(C)=O)c3c2)cc1,0
O=C(c1ccco1)N1CCN(C(c2cccs2)c2nnnn2C2CCCCC2)CC1,0
CSc1cccc(NC(=O)C(C)NS(=O)(=O)c2ccc(F)cc2)c1,0
CCCSc1nnc(NC(=O)c2sc3nc(-c4cccs4)ccc3c2N)s1,0
COc1ccccc1-c1cc(C(=O)NCCN2CCOCC2)no1,0
O=C(c1ccc(Br)cc1)N1CCCC1,0
CCOc1ccc(S(=O)(=O)Nc2nc3cc(OC)ccc3s2)cc1,0
COc1cc(Cn2c(-c3nonc3N)nc3ccccc32)ccc1C,0
Cc1c(C(=O)NCc2ccccc2)cnn1-c1ccccc1,0
O=C(Nc1ccccc1C(=O)N/N=C/c1ccc(F)cc1)c1ccccc1Br,0
COC(=O)C1=[N+]([O-])OC(C(=O)OC)C1c1c[nH]c2ccccc12,0
COc1ccc(C(=O)n2cnnc2N)cc1,0
Cc1cc(C)cc(NC(=O)CN2CCC(NC(=O)Cc3ccccc3)CC2)c1,0
N#Cc1cnn(-c2nc(SCc3ccccc3)nc3sc4c(c23)CCCC4)c1N,0
COc1ccc(N(C(=O)COc2ccccc2)C2C=CS(=O)(=O)C2)c(OC)c1,0
O=C(CCC(=O)OCC(=O)c1ccc(Br)cc1)Nc1cccc2cccnc12,0
CCOC(=O)c1cc2c(ccn2C)n1CC(=O)N1CCN(c2ccccc2OC)CC1,0
O=C(COc1ccc(Br)cc1)OCc1nnc(-c2ccccc2)o1,0
COc1ccc(Nc2ncnc3c2oc2ccccc23)cc1,0
CC(=O)Nc1cccc(NC(=O)c2cc(C)on2)c1,0
O=C(c1cccc(C(F)(F)F)c1)N1CCN(c2cc(=O)[nH]nc2-c2ccccc2)CC1,0
Cc1nc2oc(C(=O)c3ccc(Br)cc3)c(N)c2c2c1COC(C)(C)C2,0
Cc1ccc(OCC(=O)N/N=C/c2c(C)n(C)c3ccccc23)c([N+](=O)[O-])c1,0
CCN1CNC(=S)N(c2cc(C)ccc2C)C1,0
COc1ccc(CNC(=O)CSc2ncnc3nc[nH]c23)cc1,0
COc1ccc(NS(=O)(=O)c2ccc(OC)c3ccccc23)cn1,0
C/C(CC(=O)Nc1ccc(N(C)C)cc1)=N\NC(=O)c1ccccn1,0
COc1ccccc1OCC(=O)Nc1ccc(Cl)cc1C(=O)c1ccccc1,0
O=C1NC2(CCCCCC2)Cc2ccccc21,0
CCOC(=O)Cn1c(S(=O)(=O)Cc2ccccc2)nc2ccccc21,0
COc1ccc(NC(=O)c2ccc3snnc3c2)cc1,0
CCCCN(C(=O)CNC(=O)c1ccco1)C(C(=O)NC1CCCC1)c1ccc(OC)cc1,0
CCOC(=O)N1CCN(Cc2nc3c(c(=O)n(C)c(=O)n3C)n2Cc2cccc(C)c2)CC1,0
COc1ccc(C/C(N)=N/n2cnnc2)cc1Cl,0
COc1ccc(-c2cc(=O)n(-c3nc4ccccc4[nH]3)[nH]2)cc1,0
CC1(C)CC(=O)C=C(Nc2ccccc2O)C1,0
Cc1c(C(=O)O)sc2nc3n(c(=O)c12)CCC(C)CC3,0
COc1ccc2[nH]c(C)c(C(=O)CN3CCN(C(=O)c4ccco4)CC3)c2c1,0
c1ccc(CN2CN=C(Nc3nc4ccccc4s3)NC2)cc1,0
CCNC(=O)Nn1c(C)nnc1C,0
O=C(Cn1nc(-c2ccccc2)c2ccccc2c1=O)Nc1ccc2c(c1)nc1n2CCOC1,0
N#CC1=C(N)N(c2ccccc2)C(c2ccccc2)C1(C#N)C#N,0
O=C(CSc1nc2ccccc2o1)c1ccccc1,0
CCOC(=O)c1nc(N)sc1C(=O)OCC,0
Cc1sc2ncnc(N3CCN(CCOc4ccc(Cl)cc4)CC3)c2c1C,0
O=S(=O)(c1ccc(Cl)cc1)N1CCC(n2cnc3cc(C(F)(F)F)ccc32)CC1,0
COc1ccccc1NC(=O)C(O)C(O)C(=O)Nc1ccccc1OC,0
O=[N+]([O-])c1ccc(-c2noc3cc(C(F)(F)F)cnc23)cc1,0
Cc1noc(C)c1C(=O)N1CCC2(CC1)OCCO2,0
COc1ccccc1C(=O)Nc1nnc(-c2ccc3c(c2)CCCC3)o1,0
CCc1cccc(CC)c1NC(=O)c1cccc(NC(=O)c2ccccc2)c1,0
CCOc1cc(/C=N/NC(=O)CNc2cccc(C)c2)ccc1OC(=O)c1ccccc1,0
CC(=O)Nc1ccc(Oc2ncccn2)cc1,0
Cc1n[nH]c(=O)nc1NCC1CCCO1,0
CC(C)CCn1cnc2c(cnn2-c2ccc(F)cc2)c1=O,0
COc1ccc(-c2nnn(CC(=O)N(Cc3cccs3)C(C)C(=O)NCCC(C)C)n2)cc1OC,0
CCOc1ccc(Br)cc1CC(=O)O,0
Cc1ccc(NC(=O)c2ccc(-n3cncn3)c([N+](=O)[O-])c2)cc1,0
COc1ccc(CCNCc2ccncc2)cc1OC,0
COC(C)(C)c1cc(C(C)(C)C)nc(N)n1,0
O=C(Nc1ccccc1-c1nnn(CC(=O)N2CCCc3ccccc32)n1)c1ccco1,0
COc1cccc(Cn2c(C3CC3)nc3ccc(NC(=O)c4ccco4)cc3c2=O)c1,0
c1ccc(Nc2ccccn2)cc1,0
O=C(NCCN1CCCCC1)c1ccco1,0
CC(C)c1nnc(NC(=O)CCC(=O)NCc2ccco2)s1,0
S=C(NCc1ccc(Cl)cc1)NC12CC3CC(CC(C3)C1)C2,0
O=C(CSCc1ccc(Cl)cc1)Nc1cccc(C(=O)Nc2ccccc2C(=O)O)c1,0
Clc1ncnc2scc(-c3ccccc3)c12,0
CN(CC(=O)NCc1ccncc1)S(=O)(=O)c1ccccc1,0
Cc1nn(-c2nc(-c3ccco3)cc(C(F)(F)F)n2)c(C)c1Cl,0
CCC(CC)C(=O)Nc1cccc(C(=O)N2CCCCCC2)c1,0
O=C1N=c2ccccc2=C1Nc1sc2c(c1C(=O)NCCc1ccccc1)CCCC2,0
CCC(C)(C)n1nnnc1C(C(C)C)N(Cc1ccco1)Cc1cc2cc3c(cc2[nH]c1=O)OCO3,0
COc1ccc(CNC(=O)C(C#N)c2nc3ccccc3nc2N2CCCC2)cc1,0
CCOC(=O)N1CCC(c2nc3ccccc3[nH]2)CC1,0
CCn1c(=O)cc(OCC(=O)NCCCN2CC(C)CC(C)C2)c2ccccc21,0
Cc1nn(C)c(C)c1NC(=O)CCCSc1nc(-c2ccco2)cc(C(F)(F)F)n1,0
COc1cc(NC(=O)c2c3c(nc4ccccc24)CCC3)cc(OC)c1,0
Cc1nc2cc(NC(=O)N3c4ccccc4CC3C)ccc2n1C,0
COc1ccc(C(C(=O)Nc2ccc(F)cc2)N(C(=O)Cn2nnc3ccccc32)C2CC2)cc1,0
N#Cc1cc2c(nc1SCC1COc3ccccc3O1)CCC2,0
O=C(NC1CCCCC1)N1CCCCCC1,0
CC(=O)c1c(C)[nH]c(C(=O)N2CCN(c3ccc(F)cc3)CC2)c1C,0
CCC(C)NC(=O)Nc1ccccc1C,0
Cc1cc(C(F)F)n2nc(C(=O)Nc3ccc(S(=O)(=O)NC45CC6CC(CC(C6)C4)C5)cc3)nc2n1,0
O=C(Nc1ccccc1N1CCCC1)c1ccc(Br)o1,0
CCOc1ccccc1C(=O)Nn1c(C2CCC2)nc2ccccc2c1=O,0
COc1ccc2c(C)nc(Nc3nc(=O)c(C)c(C)[nH]3)nc2c1,0
O=C1CC(N(O)c2ccccc2)C(=O)N1c1cc(Cl)cc(Cl)c1,0
Cn1nnc2cc(C(=O)N3CCN(c4ccccc4)CC3)ccc21,0
Cn1cc(S(=O)(=O)CC(=O)N2CCc3ccccc32)c2ccccc21,0
O=C(O)CCc1ccc(-c2ccccc2)n1NC(=O)c1sc2ccccc2c1Cl,0
O=C(Nc1cccc2ccccc12)c1onc2c1CCCC2,0
CCN(Cc1cc2ccc(C)cc2[nH]c1=O)C(=O)c1ccncc1,0
O=C1NC(=S)N(CCC2=CCCCC2)C(=O)/C1=C/NCCCn1ccnc1,0
O=C(O)C1CC(=O)N(Cc2ccc3c(c2)OCO3)C1,0
CN(C)CCNC(=O)c1cc2ccccc2oc1=O,0
O=C(Cc1ccccc1)NCC(=O)N1CCCCCC1,0
Cc1nc(N2CCCC2C(=O)O)c2oc3ccccc3c2n1,0
CCCCN1CCC(O)(c2ccccc2)C(C(=O)c2ccccc2)C1,0
N#Cc1ccccc1NCc1ccccc1,0
c1ccc(NCc2nnc3n2CCCCC3)cc1,0
Cc1cc(-c2ccccc2)c2c3c(cn2n1)c(=O)n(C)c(=O)n3C,0
O=C(NCCCN1CCCC1=O)c1ccc2c(c1)OCO2,0
COc1ccc(S(=O)(=O)Nc2ccc3c(c2)COC3=O)cc1OC,0
CCOc1ccc(C(=O)N/N=C/c2cccc3cccnc23)cc1,0
CC(=O)N1CCN(c2ccc(NCc3ccc(C(C)C)cc3)cc2)CC1,0
CCn1nc(NC(=O)c2cccnc2)c2cc3cccc(C)c3nc21,0
Cc1ccc(O)c(CNc2ccccn2)c1,0
CNC(=O)Nc1cc(C(C)(C)C)no1,0
COc1ccccc1NC(=O)c1ccc(CN(c2cc(Cl)ccc2C)S(=O)(=O)c2ccccc2)cc1,0
C(=N/n1cncn1)\c1ccc(N2CCOCC2)cc1,0
COc1ccccc1-c1nnc(SCC(=O)Nc2nc(-c3ccccc3)cs2)n1C,0
C/C(Cn1nc([N+](=O)[O-])cc1C)=N\NC(=O)c1ccc(C(C)(C)C)cc1,0
Nn1c(SCC(=O)N2CCN(S(=O)(=O)c3ccc(Cl)cc3)CC2)nnc1-c1cccs1,0
CC(C)CCNC(=O)C(c1ccco1)N(CC1CCCO1)C(=O)Cn1nnc2ccccc21,0
CSc1nnc(-c2ccc(Cl)cc2Cl)o1,0
COc1cc(C)nc(Oc2ccc(=O)n(C)n2)n1,0
Cc1ccc(C(C)C)c(OCc2nnc3n2CCCCC3)c1,0
Cc1ccc(C)c(NC(=O)CN2C(=O)CNC2=O)c1,0
CC(=O)c1ccc(N2CCN(C(=O)c3cc(-c4ccc5c(c4)OCO5)nc4ccccc34)CC2)cc1,0
CCOc1ccc(S(=O)(=O)NCC2CCCO2)cc1,0
COc1cccc(CNc2nc3nc(C)cc(C)n3n2)c1,0
Cc1cc2cc(CNC(=O)Nc3ccccc3)ccc2n1C,0
Cc1ccc(OC(=O)c2ccc(Br)o2)cc1,0
COc1ccc(OCC(=O)Nc2cccc(-c3nc4ccccc4o3)c2)cc1,0
CC1(c2cc([N+](=O)[O-])cc([N+](=O)[O-])c2)CC(C)(C)N(C(=O)c2ccccc2)c2ccccc21,0
CCN(Cc1cc2ccccc2[nH]c1=O)C(=O)C1CCCCC1,0
Cc1cc(C)cc(NS(=O)(=O)c2ccc3[nH]c(=O)[nH]c3c2)c1,0
Cc1ccc(CNC(=O)c2cccc(-n3cnnn3)c2)cc1,0
CC(C)(C)c1ccc(-c2conc2N)cc1,0
Cc1nn(CC(N)=O)c(=O)c2ccccc12,0
COC(=O)CN1C(=O)N(c2ccccc2)C(N(O)C(=O)Nc2ccccc2)C1(C)C,0
CCCNS(=O)(=O)c1ccc(OCC(=O)N2CCN(C)CC2)cc1,0
CC(C)C(NS(=O)(=O)c1cccs1)C(=O)N(C)Cc1ccccc1,0
CS(=O)(=O)N(CCc1ccccc1)CC(=O)N1CCCCC1,0
CCN(CC)C(=O)c1cnn(-c2ccccc2)c1NC(=O)c1cccc(F)c1,0
Cn1cccc1CC(=O)N/N=C/c1cccc2ccccc12,0
Cc1ccc(SCC(=O)NCc2cccnc2)cc1,0
Cc1ccc(S(=O)(=O)Cc2ccc(C(=O)N3CCN(c4ccc(F)cc4)CC3)o2)cc1,0
COc1cccc(C2C(C(=O)c3ccc(C)o3)=C(O)C(=O)N2CCCN(C)C)c1,0
COc1ccc(N2C(=O)c3ccccc3NC23CCCCC3)cc1,0
N#CC1=C(N)N(c2ccccc2)C(=O)C1,0
CCc1ccccc1N1C(=O)C2CC=CCC2C1=O,0
CCOC(=O)C1CCN(C(=S)Nc2cccc(C)c2)CC1,0
CC1CCCN(C(=S)NCCc2ccccc2)C1,0
CS(=O)(=O)N(CC(=O)N1CCC(C(N)=O)CC1)c1ccc(Cl)c(C(F)(F)F)c1,0
COc1cc2cc(C(c3nnnn3Cc3ccc(F)cc3)N3CCCCCC3)c(=O)[nH]c2cc1OC,0
CC(C)(C)OC(=O)N1CCC(c2cc(=O)[nH][nH]2)CC1,0
CC(C)(C)NC(=O)NC(=O)COc1ccccn1,0
CC(=O)NCCn1c(SCC(=O)c2ccccc2)nc2ccccc2c1=O,0
N#Cc1c(=O)c2nc(NCc3ccccc3)ncc2n2ccccc12,0
Nc1nnc(COc2ccccc2)s1,0
CCC(=O)Nc1ccc(C(=O)CSc2nc3ccccc3cc2CC)cc1,0
OC1(c2ccccc2F)CCN(Cc2nnnn2CCc2ccccc2)CC1,0
O=C(Nc1ccc2c(c1)OCCO2)c1cncc(Br)c1,0
O=C(CSc1nc(C2CCCCC2)n(-c2ccccc2)n1)NCCN1C(=O)CSC1=O,0
COc1ccc(NC(=O)C2CCCN2C(=O)Nc2ccccc2)cc1OC,0
CC(C)CC(=O)N1CCN(S(C)(=O)=O)CC1,0
CC1CCCC(NC(=O)c2n[nH]c(=O)c3ccccc23)C1C,0
COc1ccc(-c2csc3nc(C)n(-n4cccc4)c(=O)c23)cc1,0
CCN1CCc2nc(NC(=O)C(c3ccccc3)c3ccccc3)sc2C1,0
COc1ccc(C(C)=O)cc1COC(=O)c1cnc(C)cn1,0
Cc1cc2c(C)c(C)c(=O)[nH]c2cc1N,0
Cc1ccccc1CN1CCNC1=O,0
CCCCCN1CC(=O)C(c2ccccc2)=C1N,0
Cc1ccc(N2C(=O)c3n[nH]c(C)c3C2c2ccccn2)cc1,0
O=C(c1cnc2n(c1=O)CCS2)N(C1CCCCC1)C1CCCCC1,0
COc1ccc(N2CC(C(=O)NCCc3ccc(OC)c(OC)c3)CC2=O)cc1,0
COc1cccc2c(=O)n(CC(=O)NC3CCCCC3)ccc12,0
CCOC(=O)CSc1nc(C)c(C(C)=O)cc1C#N,0
O=C(NC(=S)Nc1ccc(N2CCCCC2)c(Cl)c1)c1ccc2c(c1)OCCO2,0
Cc1cnc(NC(=O)CSc2nnc(COc3c(C)cccc3C)o2)s1,0
COCCNC(=O)CN(C(=O)Cn1nnc2ccccc21)c1ccc(C)c(F)c1,0
O=C1c2ccccc2C(O)(c2ncc[nH]2)N1C1CCCCC1,0
Cc1ccc(S(=O)(=O)NC(C)(C)CSc2nnc(Nc3ccccc3)s2)cc1,0
Cc1ccc(CNc2nc3c([nH]2)c(=O)n(C)c(=O)n3C)cc1,0
CCOC(=O)C(C)Oc1cccc2c(=O)n(CC(=O)Nc3ccc(OCC)cc3)ccc12,0
CC(C)C(=O)Nc1ccc(N2CCCC2)cc1,0
C1CCc2c(nc3nnnn3c2NC2CCCC2)C1,0
CCn1nnc(-c2ccccc2NC(=O)c2cc(OC)c(OC)c(OC)c2)n1,0
COc1ccc(CNC(=O)C/C(C)=N/NC(=O)C(c2ccccc2)c2ccccc2)cc1,0
O=C(CC(Cc1ccccc1)c1ccco1)NC1CCCCC1,0
CCOC(=O)C1=C(C)C(c2ccccc2O)NC(=O)N1,0
Cc1nn(S(=O)(=O)c2ccc([N+](=O)[O-])cc2)c(C)c1Sc1ccccc1,0
Cc1cc(C)c(S(=O)(=O)NCCC2CCCN2C)c(C)c1,0
COCCn1c(Sc2ccccc2)nc2c1c(=O)[nH]c(=O)n2C,0
O=C(NCc1ccccc1Br)c1ccco1,0
CC(=O)NCC(=O)NC(Cc1ccccc1)C(N)=O,0
O=C(Nc1ccccc1N1CCN(C(=O)c2ccccc2)CC1)c1cc2ccccc2o1,0
O=C(O)CSC1c2ccccc2C(=O)N1Cc1ccccc1,0
O=C(CCc1nc(-c2ccccc2)no1)NC1CCCCC1,0
CC1(C)Cc2c(ccc3ccccc23)-c2nnc(-c3cccnc3)n21,0
Cn1c(=N)c(S(=O)(=O)c2ccc(Cl)cc2)cc2c(=O)n3ccccc3nc21,0
O=C(O)CCSc1nc2ccccc2n1CCOc1ccccc1,0
O=S(=O)(NCc1ccco1)N1CCCCCC1,0
COc1nc(Nc2cccc(C)c2)nc(N2CCCCC2)n1,0
CCOc1cc(C2C(C(=O)OC)=C(C)N=C3SC(C)C(=O)N32)ccc1OC(C)=O,0
CCOC(=O)c1nnn(CC(=O)Nc2cc(Cl)ccc2C)c1C(=O)OCC,0
Cc1cccc(NC(=O)N(Cc2nc(=O)c3ccccc3[nH]2)C2CCCC2)c1,0
CCOC(=O)c1c(C(F)(F)F)nc2ncccn12,0
CCC(=O)N1CCc2cc(S(=O)(=O)NCCC(=O)N3CC=C(c4ccccc4)CC3)ccc21,0
COc1ccc2[nH]c(=O)c(CN(C(C)=O)c3cccc(C)c3)cc2c1,0
Cc1ccc(C(C)C)c(OCC(=O)Nc2ccc3c(c2)nc(CN2CCCC2)n3C)c1,0
COc1cccc(NC(=O)c2ccc(CN3CCN(c4ccccc4)CC3)cc2)c1,0
CC1=NC(=O)C(/N=N/c2cccc3ccccc23)N1c1ccccc1,0
CCCCCn1c(O)c(C(=O)Nc2c(C)n(C)n(-c3ccccc3)c2=O)c(=O)c2ccccc21,0
Cc1cc2nc(SCCOC(=O)Nc3ccc(Cl)cc3)nc(C)c2cc1C,0
CCS(=O)(=O)Nc1ccc(-c2nnc(SCC(=O)OC)o2)cc1,0
Cc1ccc(NC(=O)Cn2cccc2)c(Br)c1,0
CCOC(=O)NC1(C(F)(F)F)C(=O)NC(C)=C1C#N,0
Nn1c(CN2CCCCC2)nc2ccccc2c1=O,0
CCSc1nnc(NC(=O)CSc2nc(CC)nc3c2c(=O)n(C)c(=O)n3C)s1,0
CCOc1ccccc1N(C(=O)CNC(=O)c1ccco1)C(C(=O)NC1CCCC1)c1cccnc1,0
CCc1nnc(NC(=O)CSc2nc3c(cc2C#N)CCC3)s1,0
COC(Cc1nnc(SC)n1-c1ccccc1)OC,0
CCCCOc1ccc(C(=O)Nc2ccc(N3CCN(C(C)=O)CC3)cc2)cc1,0
O=C(N/N=C/c1cccnc1)C(O)(c1ccccc1)c1ccccc1,0
CCOC(=O)N1CCC(Nc2nc(OC)nc(OC)n2)CC1,0
Cn1c(CCC(=O)Nc2ccc(N3CCOCC3)cc2)nc(=O)c2ccccc21,0
COc1ccc(OCCCC(=O)NCc2ccco2)cc1,0
COC(=O)c1c(C(=O)OC)c(-c2ccc(C)cc2)n2c1CS(=O)(=O)C2,0
Cc1ccc(S(=O)(=O)N2CCN(C)CC2)cc1[N+](=O)[O-],0
Cc1nc(-c2ccc(C(=O)N3CCOCC3)cc2)cs1,0
Cc1ccccc1Cn1cnc2c(cnn2C(C)(C)C)c1=O,0
Cc1cc(=O)oc2cc(OCC3CC(c4ccccc4Cl)=NO3)ccc12,0
CC(C)(C)c1nnc(NS(C)(=O)=O)s1,0
CC(C)(C)c1cc(OC(=O)c2ccncc2)ccc1O,0
Cc1ccc(N2C(=O)C3ON=C(c4ccc(F)cc4)C3C2=O)cc1,0
CCOC(=O)c1cccc(C(=O)OCC)n1,0
CC1=C(C(=O)OCC2CCCO2)C(c2ccccc2Cl)NC(=O)N1,0
CCCCS(=O)(=O)Nc1ccc(Cc2ccncc2)cc1,0
Cc1ccc(CN2CCN(/N=C/c3ccco3)CC2)c(C)c1,0
CCOC(=O)C1C(=O)N(C(=O)c2cncc(Br)c2)CC1c1ccccc1,0
c1ccc(CNCCN2CCNCC2)nc1,0
O=C(N/N=C/c1cn(-c2ccccc2)nc1-c1ccccc1)c1ccco1,0
Cc1cc(C)c(OCC(=O)Nc2cccc(O)c2)cc1C,0
NC(=O)CC1NC(=O)c2ccccc21,0
Cc1cccc(-c2c3c(=O)n(C)c(=O)n(C)c3c3cccnn23)c1,0
O=C(Nc1ccc(Cn2nnc3ccccc32)cc1)c1ccco1,0
Cc1ccc(OCCNC(=O)c2ccccc2N)cc1,0
Cc1cccc(/C(N)=N/OC(=O)N2CCOCC2)c1,0
O=C1c2ccccc2C(=O)N1CC(=O)N1c2ccccc2Sc2ccccc21,0
O=C(CN1C(=O)C2CC=C(Cl)CC2C1=O)NCc1ccccc1,0
Cn1nc(-c2ccc(N3CCOCC3)c(NC(=O)c3ccccc3)c2)c2ccccc2c1=O,0
CCOC(=O)CNC(=O)CSc1ncnc2c1cnn2-c1ccc(C)cc1,0
Cc1ccnc(NS(=O)(=O)c2ccc(CC(C)C)cc2)c1,0
Cc1cc(Cl)ccc1OC(C)C(=O)N1CCCN(C(=O)C(C)Oc2ccc(Cl)cc2C)CC1,0
O=C(NCCc1ccccc1)c1ccncc1,0
CCOc1ccccc1NC(=O)C1CCN(S(=O)(=O)c2c(C)nn(C)c2C)CC1,0
CC(=O)NC(C)C(=O)OCC(=O)c1ccc(Cl)s1,0
CS(=O)(=O)Nc1ccc(C(=O)NCc2ccccn2)cc1,0
COc1ccc(CNC(=O)/C=C/c2cc3c(cc2Br)OCO3)cc1,0
Cc1ccc(Nc2cnn(C34CC5CC(CC(CC(=O)O)(C5)C3)C4)c(=O)c2Cl)cc1,0
O=C(Nc1ccon1)C(Sc1ccccc1)c1ccccc1,0
Cc1c(C(=O)Nc2ccc3oc(-c4cccnc4)nc3c2)oc2ccccc12,0
O=C(Nc1cccc2cccnc12)c1cccc2ccccc12,0
Cc1[nH]nc(N2CCCCCC2)c1[N+](=O)[O-],0
CCCCOc1ccc(/C=C/C(=O)NCCc2nc3ccccc3[nH]2)cc1,0
O=C(c1ccc(F)cc1)C1CCN(C(=O)NCc2ccccc2)CC1,0
Cc1ccc(C)c(OCC(=O)NCCNC(=O)COc2cc(C)ccc2C)c1,0
CN(Cc1nc(-c2ccccn2)no1)S(=O)(=O)c1ccccc1,0
CCOC(=O)N1CCN(S(=O)(=O)c2ccc(C)c(C)c2C)CC1,0
c1ccc(-n2nnnc2NCCCN2CCOCC2)cc1,0
CCCC(=O)Nc1ccccc1-c1nnn(CC(=O)Nc2ccc(OCC)cc2)n1,0
COc1ccc(NC2=c3cccc(C)c3=NC2=O)cc1,0
COc1ccc(OC)c(NC(=O)CNC(=O)Cn2ccc3ccccc3c2=O)c1,0
CCn1nnnc1SCC(=O)Nc1ccc(OC)cc1,0
Cc1cc(N2CCOCC2)nc2ccc(NC(=O)CCC(=O)N3CCCCC3)cc12,0
CC(C)(C)NC(=O)NC(=O)COc1ccccc1C#N,0
COc1ccc(NC(=O)Cn2cccc2)c(OC)c1,0
COc1ccccc1NC(=O)N(Cc1ccccc1)c1ccccn1,0
CCOc1cc(C2C(C(=O)N3CCCCC3)=C(C)NC3=C2C(=O)CCC3)cc(Br)c1O,0
COc1ccccc1CN(Cc1nc(=O)c2ccccc2[nH]1)C(=O)Nc1ccc(C)cc1,0
OCCNc1nc(-c2cccnc2)nc2ccccc12,0
CCc1ccc2c(CN3CCN(S(=O)(=O)c4ccc5c(c4)OCCO5)CC3)cc(=O)oc2c1,0
c1ccn2c(SCc3ccc4c(c3)OCO4)nnc2c1,0
O=C(Nc1ccccc1)N(C1=NCCCCS1)c1ccccc1,0
Cn1cnnc1SCc1cccc(Br)c1,0
O=[N+]([O-])c1ccccc1C1Nc2cccc3cccc(c23)N1,0
CC(C)N1C(=O)c2ccccc2C1C(=O)NC1CCCCCC1,0
O=C1CC(N2CCC(c3nc4ccccc4[nH]3)CC2)C(=O)N1Cc1ccccc1,0
O=C1NC(=O)C(CC(=O)N2CCCCC2)S1,0
Cc1nn(Cc2ccccc2)c(C)c1NC(=O)c1cc(-c2ccco2)on1,0
CCN(CC(=O)N1CCN(C)CC1)S(=O)(=O)c1ccc(Cl)cc1,0
O=c1cc(C23CC4CC(CC(C4)C2)C3)[nH][nH]1,0
Cc1c(-c2ccco2)[n+](=O)c2c(n1[O-])CCCCC2,0
COc1ccc(C(=O)CN2C(=O)NC3(CCCc4ccccc43)C2=O)cc1OC,0
O=C(Nc1ccncc1)C1c2ccccc2Oc2ccccc21,0
CCc1ccc2c(c1)=C(c1ccc([N+](=O)[O-])cc1)NN=C(c1ccc(F)cc1)N=2,0
CCOc1ccc(/N=C2\C(=O)N(CN3CCOCC3)c3ccccc32)cc1,0
COc1cc(NC(=O)Cc2ccccc2OC)cc(OC)c1,0
Cc1ccc(NC(=O)CCC(=O)OCC(=O)c2ccc(Oc3ccc([N+](=O)[O-])cc3)cc2)c(C)c1,0
COCc1cc(C)nc(N2CCNCC2)c1C#N,0
COc1ccc(-c2noc(CCC(=O)Nc3ccc4c(c3)OCCO4)n2)cc1,0
Cc1ccc(-c2[nH]nc3c2C(c2ccc(OC(=O)N4CCOCC4)cc2)C(C#N)=C(N)O3)cc1,0
COC(=O)c1ccccc1NC(=S)NC(=O)C1CC1,0
CCOC(=O)c1c(CN2CCN(C)CC2)oc2ccc(O)cc12,0
Cc1ccc(C(=O)C2CCN(CC(=O)NC3CCCCC3)CC2)cc1,0
COc1cccc(C(=O)/C=C/Nc2cccc(O)c2)c1,0
CC(=O)c1cccc(NC(=O)N2CCCC2C(=O)NCc2ccc(C)cc2)c1,0
CCC(CC)C(=O)Nc1cccc(C(=O)Nc2ccc3c(c2)OCO3)c1,0
Cc1cccc(NC(=O)CSc2nc(=O)c(C#N)c(-c3ccccc3)[nH]2)c1C,0
O=C(Nc1ccccc1Oc1ccccc1)c1cnccn1,0
CCOC(=O)CN1C(=O)C(Sc2n[nH]c(-c3cccc(C)c3)n2)CCc2ccccc21,0
O=C(Nc1nc2ccccc2n1CCN1CCCC1)C1CCCCC1,0
CCC(C)(C)c1ccc(OCCN2C(=O)NC(C)(C)C2=O)cc1,0
CCc1nc(SCC(=O)Nc2nnc(CC)s2)c2c(C)c(C)sc2n1,0
CCc1ccc(CCC(=O)Nc2sc3c(c2C#N)CCCC3)o1,0
CCN(CC)CCCNC(=O)C1c2ccccc2C(=O)N(C)C1c1ccc(OC)cc1,0
CCc1ccc2c(c1)N/C(=C1/C=C(N)C=CC1=O)O2,0
COc1ccc(C(=O)Nc2cccc([N+](=O)[O-])c2)cc1Br,0
O=C(Nc1ncc2c(n1)-c1ccccc1CC2)c1ccccc1,0
Cc1cccc(N2C(=O)CC(N3CCN(C(=O)c4ccccc4)CC3)C2=O)c1,0
Cc1ccc(NC(=O)CS(=O)Cc2nc(-c3ccc(C)cc3)oc2C)cc1,0
Cc1cc(C)cc(OCC(=O)Nc2cccc(-c3nnc(-c4ccco4)o3)c2)c1,0
Cc1[nH]n(-c2ccccc2)c(=O)c1C(c1ccc(O)c([N+](=O)[O-])c1)c1c(C)[nH]n(-c2ccccc2)c1=O,0
COc1ccc(CCNc2oc(-c3ccccc3OC)nc2C#N)cc1OC,0
CCn1cnc2cc(NCc3ccncc3)ccc21,0
COc1ccc(S(=O)(=O)NN=C2CCCCC2)cc1,0
O=C(CCn1nnc(-c2cccs2)n1)NCc1ccccc1Cl,0
O=C(COc1ccc2ccccc2c1)Nc1cccc2cccnc12,0
CCCCC(O)(C(NC=O)C(=O)OC)C(F)(F)F,0
COc1cc2ncnc(NCc3ccccc3C)c2cc1OC,0
CC(C)N(Cc1cc2ccccc2[nH]c1=O)C(=O)c1cccnc1,0
O=C(NCc1cccnc1)C1c2ccccc2C(=O)N1C1CCCCCCC1,0
COc1ccc(NC(=O)Nc2ncccc2C)cc1,0
CC1CC(C)CN(C(=O)CSc2nnc(-c3ccc(Cl)cc3)o2)C1,0
Cc1ncc(CSc2nnnn2-c2ccccc2)c(N)n1,0
COc1ccc(-n2nc(C(=O)Nc3ccc4c(c3)OCO4)c3c4ccccc4n(C)c3c2=O)cc1,0
CC1=C(C(=O)OCC2CCCO2)C(c2ccncc2)C2=C(CC(C)(C)CC2=O)N1,0
COC(=O)COc1nc(C)c(Br)c(OC)n1,0
COc1ccc(NS(=O)(=O)c2cccc3cccnc23)cc1,0
Cc1ccccc1C(C(=O)NCc1ccco1)N(CC1CCCO1)C(=O)Cn1nnc2ccccc21,0
Cc1cc(NS(=O)(=O)c2ccc(NC(=O)CCCOc3ccc(Cl)cc3)cc2)no1,0
CC1CC1C(=O)OCC(=O)NCc1ccccc1Cl,0
CCN(CC)c1ccc2c(C)c(CN3CCOCC3)c(=O)oc2c1,0
Cn1nc(-c2ccc(OCC(=O)N3CCN(Cc4ccccc4)CC3)cc2)c2ccccc2c1=O,0
Cc1ccc(C2CC(=O)NC(SCCC(C)C)=C2C#N)cc1,0
COc1ccc(C(=O)N2CCN=C2c2ccccc2)cc1OC,0
Cc1ccc(-c2c3c(=O)n(C)c(=O)n(C)c3cn2Cc2ccccc2)cc1,0
O=C(OCC(=O)c1ccccc1Br)c1ccccn1,0
COc1ccc(N(C(=O)c2cccc([N+](=O)[O-])c2)S(=O)(=O)c2ccc3c(c2)n(C)c(=O)n3C)cc1,0
Cc1cc(C(=O)O)c(CSCc2cc(C(=O)O)oc2C)o1,0
N#Cc1c2n(c(=O)[nH]c1=O)CCCCC2,0
CC(C)n1cnc2cc(NCc3ccccn3)ccc21,0
Cc1cc(C(=O)O)cc(S(=O)(=O)N2CCOCC2)c1C,0
Cc1c(NCc2cc(Cl)ccc2O)c(=O)n(-c2ccccc2)n1C,0
FC(F)(F)c1cc(-c2ccccc2)nc(NC2CCCC2)n1,0
O=C(Nc1cccc(C(=O)N2CCN(Cc3ccccc3)CC2)c1)c1ccccc1,0
Cc1ccc2nc(Cc3ccc(N)cc3)oc2c1,0
N#Cc1nc(-c2ccc(OCc3ccccc3)cc2)oc1NCCCn1ccnc1,0
Cc1ccc(S(=O)(=O)NC(=O)c2cc(C)n(CCCN3CCOCC3)c2C)cc1,0
Cc1ccc(C(=O)Nc2ccc(N3CCOCC3)nc2)cc1,0
Cc1ccc(-c2nnc(-c3ccc(Br)cc3)o2)o1,0
CCc1ccccc1NC(=O)/C(=C/c1ccco1)c1ccccc1,0
Cc1cc(C)n(-c2nc(C)nc3c2cnn3-c2ccccc2)n1,0
O=C(O)CCc1ccc(-c2cccs2)n1CCC(=O)O,0
O=C(Nc1ccc2c(c1)OCO2)N1CCN(C/C=C/c2ccccc2)CC1,0
COc1ccc(-c2cc(C(=O)O)c3ccccc3n2)c(OC)c1,0
COc1ccc2cc(C(c3nnnn3CCc3ccccc3)N3CCC(C)CC3)c(=O)[nH]c2c1,0
O=C1C=C/C(=C\NNc2cccc3cccnc23)C(O)=C1,0
O=C(O)CCc1n[nH]c(=S)[nH]c1=O,0
COC(=O)c1c(C(C)=O)cnc2ccc(Br)cc12,0
Cc1ccc(S(=O)(=O)NC(=O)N2CCCC(C)(C)C2)cc1,0
COc1cc2cc(CN(C(=O)Nc3ccccc3)C3CCCC3)c(=O)[nH]c2cc1OC,0
Cn1ncc2c(Nc3ccc4ccccc4c3)ncnc21,0
COc1cc(C(=O)Nc2cccc3cccnc23)cc(OC)c1OC,0
Cc1cc(C)cc(OCc2nnc(SCC(=O)OC(C)C)o2)c1,0
CC(C(N)=O)N1CC(c2ccc(Cl)cc2)CC1=O,0
CC(=O)Nc1ccc(C(=O)N2CCCC2)cc1,0
C=CCNc1ncnc2c1cnn2-c1ccc(OC)cc1,0
NC(=O)CSc1c[nH]c2ccccc12,0
Nc1ccnn1Cc1cccnc1,0
CCc1nnc(NC(=O)CCC(=O)N2CCN(Cc3cc(Cl)ccc3OC)CC2)s1,0
Cc1ccc(OC(=O)COc2ccccc2)c(-n2nc3ccccc3n2)c1,0
CCOC(=O)C1C(c2ccccc2Cl)NC(=O)N(C)C1(O)C(F)(F)F,0
Cc1cccc(-c2c3c(=O)n(C)c(=O)n(C)c3c3nnc4ccccc4n23)c1,0
COc1cc(-c2noc(CCC(=O)Nc3cccnc3)n2)cc(OC)c1OC,0
COC(=O)c1cccc(NS(=O)(=O)c2ccc(OC)cc2)c1C,0
O=C1CC(c2ccc3c(c2)OCO3)c2cc3c(cc2N1)OCO3,0
CCNC(=O)c1nc[nH]c1C(=O)NCC,0
CN(C(=O)c1ccncc1)c1nnc(-c2ccccn2)s1,0
O=C(COC(=O)C1(c2ccc(Cl)cc2)CCCC1)NC1CCS(=O)(=O)C1,0
COc1cccc(C(CC(=O)Nc2cccc3ccccc23)NC(=O)c2ccccc2)c1,0
CCOC(=O)CSC1=C(C#N)C(c2ccccc2C)C2=C(CCCC2=O)N1,0
Cc1ccccc1NC(=O)N1CCCC(c2nc(-c3ccc(C(C)C)cc3)no2)C1,0
Cc1ccc(C(=O)Nc2ccc3c(c2)nc2n3CCSC2)cc1,0
O=C(Cn1cc(C(=O)C2CC2)c2ccccc21)NCc1ccccc1,0
Cc1cc(C)c2c(CN3CCN(Cc4ccc5c(c4)OCO5)CC3)cc(=O)oc2c1C,0
COc1cc(CN2CCN(C(=O)CC(C)C)CC2)cc(OC)c1OC,0
COc1ccc(CC(=O)Nc2ccc(-c3noc(-c4cccc(OC)c4)n3)cc2)cc1,0
COc1ccc(CCNC(=O)CSc2nc(N)c(C#N)c(-c3cccs3)c2C#N)cc1OC,0
COc1ccc2c(c1)[nH]c1c(=O)n(Cc3ccco3)cnc12,0
COc1ccc(N2CCN(C(=O)COc3ccc4ccccc4c3)CC2)cc1,0
NC(=S)N/N=C/c1ccc(-c2cccc(Cl)c2Cl)o1,0
CCN1CCC(=NNC(=O)c2ccco2)CC1,0
C=CCNc1sc(C(=O)C(C)(C)C)c(N)c1C#N,0
CC(C)N(Cc1nc(-c2ccccc2)no1)C(=O)CN1C(=O)c2ccccc2C1=O,0
COc1ccc(OC)c(NC(=O)NC(Cc2ccccc2)C(=O)O)c1,0
COc1ccc2c(C)nc(Nc3nc(C)cc(C)n3)nc2c1,0
COc1ccc2cc3cc(C(=O)Nc4ccccc4N4CCN(C)CC4)oc3nc2c1,0
Cc1cc(-c2nnc(SCC(=O)NC3CCCC3)o2)no1,0
CCOC(=O)c1c(C)c(C(=O)Nc2cc(OC)ccc2OC)c(C)n1CC,0
CC(C)Sc1nc2c(c(=O)n(C)c(=O)n2C)n1Cc1ccc(Cl)cc1,0
COc1ccc2nc(NC(=O)CN(c3ccc(C)cc3)S(=O)(=O)c3c(C)nn(C)c3C)sc2c1,0
Cc1ccccc1NC(=O)c1onc2c1CCCC2,0
COc1ccc(Cn2nnnc2CN(Cc2cc3cccc(C)c3[nH]c2=O)C2CCCC2)cc1,0
CC(C)OC(=O)CSc1n[nH]c(-c2cccnc2)n1,0
CCOC(=O)C1CCN(C(=O)CCn2c(=O)[nH]c3ccsc3c2=O)CC1,0
CCn1c(SCC(=O)N2CCCC2)nc2c1c(=O)n(C)c(=O)n2C,0
CCOC(=O)c1cnn(-c2c(Cc3ccccc3)c(C)nc3c(-c4ccccc4)c(C)nn23)c1N,0
Cn1c(CN2CCOCC2)nc2cc(NC(=O)c3ccc(F)cc3)ccc21,0
CCOC(=O)c1cn(CC)c2ccc(Br)cc2c1=O,0
CCOC(=O)CCCNC(=O)c1cncc(Br)c1,0
CCOc1ccc(S(=O)(=O)Nc2ccc(F)cc2)c(C)c1C,0
CCCN(CCC)c1nc(C)cc(C(C#N)c2nc3ccccc3o2)n1,0
CC(=O)Nc1ccc(C2Nc3ccccc3C(=O)N2C2CCCCC2)cc1,0
C=CCn1c(=O)/c(=C\c2ccc(Cl)cc2)s/c1=C(/C#N)c1nnc2n1CCCCC2,0
CCCCCCOc1ccc(CN2CCN(CC)CC2)cc1,0
CCOc1cccc(NC(=O)CSc2nncn2N)c1,0
CC(=C1C(=O)c2ccccc2C1=O)N1CCN(Cc2ccccc2)CC1,0
O=C(NCCCn1ccnc1)c1ccc2c(c1)OCCO2,0
COc1ccc(-c2nnn(CC(=O)NC3CCCc4ccccc43)n2)cc1OC,0
CCOc1ccc(NC(=O)CCN2CCCCC2)cc1,0
CCc1nc(N)c(C#N)c(-c2cccnc2)c1C,0
O=c1oc2ccccc2cc1-c1nc(-c2ccccc2)no1,0
O=C(CN1C(=O)CSC1=O)c1ccccc1,0
Cc1cc(C)n(-c2nc3ccccc3nc2N2CCC(C)CC2)n1,0
Cc1nn(C(=O)c2ccc3c(c2)OCO3)c(N)c1-c1ccccc1,0
CCCCC(=O)Nc1ccc(NC(=O)CCCC)nc1,0
COc1cc(-c2noc(CCCC(=O)NCc3ccccc3)n2)cc(OC)c1OC,0
CCC(=O)N(Cc1cc2c(C)cc(C)cc2[nH]c1=O)C1CCCCC1,0
CCCCn1ccc(=O)c(Cc2ccc(F)cc2)c1O,0
COCCN(C(=O)c1ccccc1)c1nnc(-c2cccnc2)s1,0
Cc1ccc(Cn2c(NC(=O)c3ccco3)nc3ccccc32)cc1,0
c1ccc(-n2nnc3ccccc32)nc1,0
O=C(NCCN1CCOCC1)c1ccc(Cl)cc1[N+](=O)[O-],0
COc1ccc(N2C(=O)CC(Nc3ccc(N4CCOCC4)cc3)C2=O)c(OC)c1,0
N#Cc1cc(-c2ccccc2)nn1-c1ccccc1,0
CCCc1cc(=O)nc(/N=C(\N)Nc2ccccc2)[nH]1,0
CCN(CC)c1ccc(C2C(C(=O)OC)=C(C)NC(C)=C2C(=O)OC)cc1,0
CCOCCCn1c(=N)c(C(=O)NCc2ccc3c(c2)OCO3)cc2c(=O)n3ccccc3nc21,0
COc1ccc(OC)c(NC(=O)c2ccc(NC(C)=O)cc2)c1,0
Cc1ccccc1C(=O)Nc1cccc(NC(=O)Cn2cnc3c(=O)n(C)c(=O)n(C)c32)c1,0
O=C1c2ccccc2C(=O)N1CCCCSc1nnc2ccccn12,0
CCOC(=O)N1CCN(C(=O)c2cccc(-n3c(=S)[nH]c4cc(Cl)ccc4c3=O)c2)CC1,0
CC(=O)c1ccc(NC(=O)/C(=C\c2ccccc2)NC(=O)/C=C/c2ccccc2)cc1,0
Cc1cc2nc(C)n3c4ccccc4nc3n2n1,0
CCOc1ccc(CC(C(N)=O)C(N)=O)cc1CN(C)C,0
Cc1ccc(S(=O)(=O)Nc2cccnc2)cc1,0
COc1ccc(Nc2nccc3c2nnn3C)cc1,0
Cc1ccc2c(c1)NC(=O)C(CC(=O)NCc1ccc(F)cc1)O2,0
O=C(CSc1nnc(CN2CCOCC2)n1-c1ccccc1)Nc1ccc(Cl)cc1,0
COc1cccc(-c2nn(-c3ccccc3)cc2C(=O)n2nnc3ccccc32)c1,0
O=c1c(-c2ccco2)[n+]([O-])c2ccccc2n1OCc1ccccn1,0
COc1ccc(N2C(=O)NC(=O)/C(=C(/C)NCCN3CCNCC3)C2=O)cc1,0
NC(=O)C1(N2CCCCC2)CCN(C(=O)c2ccccc2)CC1,0
Cc1ccc2nc(NC(=O)CSc3nc4ccccc4o3)sc2c1,0
COc1ccc(N(C(=O)Cn2nnc3ccccc32)C(C(=O)NCc2ccco2)c2cccnc2)cc1,0
O=C(CN1C(=O)NC2(CCCCCC2)C1=O)N1CCN(S(=O)(=O)c2ccc(Cl)cc2)CC1,0
Cc1ccc2nc(SCC(=O)Nc3cc(C)on3)[nH]c2c1,0
COCC(COCCCNC(=O)Nc1ccc(Br)cc1)OC,0
Cc1ccc(-c2ccccc2NC(=O)C2C3C=CC(C3)C2C(=O)O)o1,0
O=C(NCc1ccccc1)c1ccco1,0
Cc1cc(C(=O)CSc2nc3ccccc3[nH]2)c(C)n1C,0
Nc1nonc1C(=O)NCCc1ccccc1,0
CCCNS(=O)(=O)c1ccc(OCC(=O)N2CCC(C(=O)OCC)CC2)cc1,0
CCOC(=O)c1sc(NC(=O)CSc2ncn[nH]2)c(C#N)c1C,0
Cc1cc2cc(CN(Cc3ccco3)C(=O)NCc3ccccc3)c(=O)[nH]c2cc1C,0
OC1(c2ccccc2)C/C(=N/n2cnnc2)C=C1c1ccccc1,0
Cc1nc(C)c(-c2csc(Nc3cccnc3)n2)s1,0
Cc1nnc2n(C3CCCCC3)c(=O)c3c4c(sc3n12)COC(C)(C)C4,0
CCCCN1C(=O)C(O)(CC(=O)c2c(C)n[nH]c2C)c2cc(Br)ccc21,0
N#Cc1cc(S(=O)(=O)c2ccccc2)c(N)[nH]c1=O,0
O=C(NCc1ccco1)C1Cc2ccccc2CN1S(=O)(=O)c1ccccc1F,0
CC(=O)c1cccc(NC(=O)CN(c2ccccc2F)S(C)(=O)=O)c1,0
Cc1cccnc1NC(=O)c1ccccc1NC(=O)C(C)(C)C,0
Cc1ccccc1OCc1nc2c3cnn(C)c3ncn2n1,0
COc1cc(C2CC(=O)c3cnc(NC(=O)COc4ccccc4)nc3C2)cc(OC)c1OC,0
CC(C)(C)C(=O)NCCN1CCN(C(=O)C(C)(C)C)CC1,0
COc1cccc(C(=O)N/N=C(/c2ccccc2)c2ccccn2)c1,0
CN(C(=O)Cc1ccccc1)n1cnnc1,0
Cc1occc1-c1nnc(SCC(=O)c2ccc(F)cc2)o1,0
O=C(C1CC1)N1CCc2[nH]c3ccccc3c2C1,0
NC(=O)c1oc2ccccc2c1NC(=O)CN1CCCCC1,0
CN(C)S(=O)(=O)c1ccc2nc(NC(=O)c3cccs3)sc2c1,0
CCCOc1ccc(C2C(C(=O)c3ccco3)=C(O)C(=O)N2CCCn2ccnc2)cc1,0
CN(C)/C=N/c1c(C#N)cnn1-c1ccccc1,0
CCCCOc1ccc(/C=c2\sc3ncnn3c2=O)cc1,0
CC(C)Oc1ccc(C(=O)NC2(C(F)(F)F)N=C3SCCN3C2=O)cc1,0
COc1cccc(CSc2nnc(CSc3nc4nc(C)cc(C)n4n3)s2)c1,0
CCOCC(=O)Nc1nnc(Cc2ccc(OC)cc2)s1,0
Cc1ccc(NC(=O)CSc2nnc(-c3ccncc3)o2)cc1,0
O=C(Nc1ccccc1)N1CCN(c2ccc(F)cc2)CC1,0
Cc1cccc(NC(=O)Cn2cc(C(=O)c3ccco3)c3ccccc32)c1,0
CCN(Cc1cc2cc(OC)ccc2[nH]c1=O)C(=O)Cc1ccc(OC)cc1,0
c1ccc(CSc2ncnc3c2oc2ccccc23)cc1,0
CC1(C)CC(=O)c2cnc(N)nc2C1,0
COc1cccc(NC(=O)C(=O)N2CCOCC2)c1,0
O=C(COc1ccc(S(=O)(=O)N2CCCC2)cc1Cl)NCc1ccc2c(c1)OCO2,0
CCOC(=O)Nc1nc2ccccc2s1,0
CCSCc1nnc(SCC(=O)Nc2nc3ccccc3s2)n1C,0
Cc1cc(CCN2CCC(=O)NC2=S)ccc1OC(C)C,0
CC(=O)c1cccc(NC(=O)NC2CCCCC2)c1,0
CCC(C)(C)NC(=O)C(c1cccn1C)N(Cc1ccc(C)cc1)C(=O)Cn1nnc2ccccc21,0
Cc1ccc(CNc2oc(C)nc2C#N)cc1,0
Cc1ccc(C)c(NC(=O)CN(C)S(=O)(=O)c2ccccc2)c1,0
COc1ccc(CNC(=O)Nc2ccc(OC)cc2)cc1,0
CCN1CCN(Cc2cc(Br)ccc2O)CC1,0
COc1cccc(OCCNC(=O)c2cccc(OC)c2)c1,0
N#Cc1ccc2ccn(CC(=O)NC3CCCCCC3)c2c1,0
CCOc1ccc2cc(C#N)c(SCC(=O)N3CCCC3)nc2c1,0
O=C(/C=C/c1ccco1)Nc1ccc(Oc2ccccc2)cc1,0
Cc1ccccc1NC(=O)c1cnn(-c2ccccc2)c1NC(=O)c1ccco1,0
CN1CCN(C(=O)/C(=C/c2ccccc2)c2ccccc2)CC1,0
COC(=O)c1ccc(Nc2cc(C)nc3ncnn23)cc1,0
COc1ccc(-n2c(SCC#N)nc3ccccc3c2=O)cc1,0
CCC(Sc1nc2ccc(C)cc2[nH]1)C(=O)O,0
CCOC(=O)c1cnc(-n2nc(C)cc2C)nc1NC,0
CC(C)CNc1c(N)c(=O)oc2ccccc12,0
Cc1csc(NC(=O)CSc2nnc(-c3ccccn3)n2-c2ccc(C)c(C)c2)n1,0
O=C1c2ccccc2CN1CCNS(=O)(=O)c1ccc2ccccc2c1,0
CCC(=O)N(Cc1cc(=O)[nH]c2ccccc12)C1CCCCC1,0
CCCc1cc(C(=O)Nc2cccc(C(C)=O)c2)no1,0
Cc1cc(S(=O)(=O)Nc2c(C(=O)O)[nH]c3ccccc23)ccc1F,0
c1cnc(SCCOc2cccc3ccccc23)nc1,0
CC(C)C(C(=O)NCC1CCCO1)N(Cc1ccco1)C(=O)CNS(=O)(=O)c1ccccc1,0
CC(C)(C)c1ccc(COn2c(=O)c(-c3ccco3)[n+]([O-])c3ccccc32)cc1,0
CC1(C)C(=O)Nc2ccccc2N1C(=O)COC(=O)c1ccc(Cl)c(S(=O)(=O)NCc2ccccc2)c1,0
COc1ccc(C(=O)n2ccc(C)n2)cc1Br,0
COc1ccc(NC(=O)CS(=O)CC(=O)NC2CCCc3ccccc32)cc1,0
Cc1ccc(C(=O)N/N=C/c2ccc(Br)o2)o1,0
Cc1cccc(-c2noc(-c3ccccc3C(=O)NCC3CCCO3)n2)c1,0
CCn1c(SCC(=O)N2CCN(c3cccc(Cl)c3)CC2)nc2ccccc2c1=O,0
O=C1CC(Nc2ccccc2)C(=O)N1c1ccc(N2CCOCC2)cc1,0
Cc1ccccc1NC(=O)Cc1nnc(SCC(=O)N2CCN(c3ccccc3)CC2)n1C,0
Cc1ccc(C(=O)Nc2ccccc2C(=O)NCc2ccco2)cc1S(=O)(=O)N1CCCCC1,0
CCCN1C(=O)SC(CC(=O)Nc2ccccc2C)C1=O,0
Cc1cccc(NC(=O)CSc2nnc(-c3ccc(S(=O)(=O)N4CCOCC4)cc3)n2C)c1,0
COC(=O)CCC(=O)Nc1nc(-c2ccccc2)cs1,0
N#Cc1c2n(c3c(=O)n(CC(=O)c4ccc(Br)cc4)cnc13)CCCC2,0
Cc1cc(C)nc(NC(=O)CSc2nc3ccccc3s2)n1,0
CC(C)C(NC(=O)OCc1ccccc1)C(=O)OCC(=O)NCc1ccco1,0
CCn1c(Sc2nc(C)nc3scc(-c4cccs4)c23)n[nH]c1=O,0
CN1C(=O)c2ccccc2Sc2ccc(NC(=O)NC3CC3)cc21,0
Cc1ccnc(SCC(=O)n2c3c(c4ccccc42)CC(C)CC3)n1,0
Cn1c(=O)[nH]c(=O)c2c1ncn2CCN1CCCCC1,0
CC(=O)Cc1nsc(NC(=O)c2ccccc2)n1,0
COc1ccc(S(=O)(=O)c2ccc(O)cc2)cc1,0
CCc1cc2c(=O)n(Cc3ccco3)c(SCC(=O)N3CCCc4ccccc43)nc2s1,0
CCc1ccc(NC(=O)N(CCCN2CCOCC2)C(C)c2cc3cccc(OC)c3o2)cc1,0
O=C(N/N=C/C(Br)=C/c1ccccc1)c1n[nH]c2c1CCC2,0
CC1=NOC(=O)/C1=C\c1ccc(-c2cc(Cl)ccc2Cl)o1,0
CCn1c(SCc2nnc(-c3ccccc3)o2)nnc1-c1ccc(S(=O)(=O)N2CCCC2)cc1,0
CCOCc1nnc(NC(=O)CSc2ccccc2)s1,0
CCOC(=O)c1cn[nH]c1N,0
CC(C)NS(=O)(=O)c1ccc(NC(=O)CCc2ccccc2)cc1,0
CCOC(=O)N1CCN(c2ccccc2O)CC1,0
Cn1c(=O)c2c(n3cnnc13)-c1ccccc1CC21CCCC1,0
CN(CCCNC(=O)Cn1cc2c(n1)CCCC2)C1CCCCC1,0
CCOC(=O)c1cc2c(C)n(-c3ccc(OCC)cc3)c(C)c2ccc1=O,0
CC1(C)NC(=O)N(CCCOc2ccc3c(c2)CCC3)C1=O,0
Cn1c(=O)c2c(nc(Br)n2CCCc2ccccc2)n(C)c1=O,0
CCC(=O)Nc1ccc(-c2nnc(-c3ccccc3)o2)cc1,0
NC(=O)Cn1c(=O)oc2ccccc21,0
Cn1c(=O)c2c(nc(NCc3ccc4c(c3)OCO4)n2Cc2ccccc2)n(C)c1=O,0
COc1cc2c(cc1OC)C1(N=C3C2=C(C)NN3c2ccccc2)C(=O)Nc2ccccc21,0
CC(=O)N(Cc1cc2c(C)cc(C)cc2[nH]c1=O)C1CCCCC1,0
CCCCn1c(NC(=O)CC)c(C#N)c2nc3ccccc3nc21,0
Cc1nnc(SCCn2c(N3CCCCC3)nc3c2c(=O)n(C)c(=O)n3C)s1,0
O=C(CCc1c[nH]c2ccccc12)NCC1CCCO1,0
CC(=O)Nc1ccc2c(c1)nc(CCN1CCOCC1)n2C,0
COc1cc(NC(=S)NC(C)=O)ccc1NC(=O)C(C)C,0
Cc1cc(=O)nc(-c2ccccc2)[nH]1,0
CCOc1cc(CO)c(Br)cc1OCC(=O)O,0
COc1ccc2c(c1)-c1ccccc1S(=O)(=O)N2C(C)=O,0
CCC1CCCCN1C(=O)CSc1nnc(-c2ccc(Cl)cc2)o1,0
COc1cc(C(=O)Nc2nc3ccccc3[nH]2)cc(OC)c1OC,0
COCc1cc(=O)[nH]c2cc(NC(=O)C(C)(C)CCl)c(C)cc12,0
CC(C)C(C(=O)Nc1ccccc1)N1C(=O)c2ccccc2C1=O,0
COc1ccc(OC)c(C(=O)c2nc3c(n2O)CCCCC3)c1,0
COCCn1nnnc1C(c1ccc2ncccc2c1)N1CCc2ccccc21,0
CCc1ccc(CC)c(S(=O)(=O)Nc2ccc(O)c(C(=O)O)c2)c1,0
COc1ccc(C2=NOC(C(=O)NCc3ccc(F)cc3)C2)cc1,0
Cc1snc(S(=O)(=O)Cc2c(Cl)cccc2Cl)c1C#N,0
O=C(CN1C(=O)c2ccccc2S1(=O)=O)N1CCN(c2cccc(Cl)c2)CC1,0
Cc1cc(C(=O)NCCC2=CCCCC2)no1,0
O=C(Nc1nc2c(s1)CCCC2=O)c1cnccn1,0
COc1ccccc1C1NC(=O)NC(C)=C1C(C)=O,0
O=C(CN1C(=O)CN=C(c2ccccc2)c2ccccc21)NCc1ccco1,0
CN1CCC(=NNC(=O)C(=O)Nc2ccccc2)CC1,0
CCOC(=O)c1cnn2c(C)cc(-c3ccc(F)cc3)nc12,0
Cc1ccc(-c2noc(CCC(=O)NCCN3CCN(Cc4ccccc4)CC3)n2)cc1,0
CC1=NC(=O)C(/N=N/c2ccccc2C)N1c1ccccc1,0
Cc1ccc(C(=O)NCCCCNC(=O)c2ccc(C)o2)o1,0
Cn1cccc1CNCCc1ccccc1F,0
CC(C)c1ccc(NC(=O)N2CCC(c3nc4ccccc4o3)CC2)cc1,0
CC(=O)Nc1ccc(N/C=C/C(=O)c2ccco2)cc1,0
Nc1c(C(=O)NCc2ccco2)c2nc3ccccc3nc2n1Cc1ccc(F)cc1,0
O=C(Cc1noc2ccccc12)Nc1ccc2ccccc2c1,0
CCN(CCCNC(=O)CCc1nc(-c2ccc(C)cc2)no1)c1cccc(C)c1,0
Cc1nc2nc(COc3ccccc3)[nH]n2c(=O)c1Cc1ccccc1,0
CCOC(=O)c1c(N)c(C#N)c2n1CCCC2,0
COc1cccc2cc(C(=O)N3CCN(C(=O)c4ccccc4)CC3)c(=O)oc12,0
O=C(COc1ccc(S(=O)(=O)NC2CCCCC2)cc1Cl)NCc1ccc2c(c1)OCO2,0
Cc1cccc(C(=O)Nc2ccccc2-c2nnn(CC(=O)Nc3ccc4c(c3)OCCO4)n2)c1,0
Brc1ccccc1-c1nnc(-c2cccnc2)o1,0
Brc1ccc(C2=CC(c3ccco3)N3NC=NC3=N2)cc1,0
Cc1cccc2[nH]c(-c3ccc(NC(=O)c4ccco4)cc3)nc12,0
Cc1c(C(=O)Nc2ccncc2)oc2c1C(=O)CC(C)(C)C2,0
O=C(CCN1CCN(c2ccccn2)CC1)Nc1ccc(F)cc1,0
CCn1c(COc2ccccc2)nnc1SCC(=O)C(C)(C)C,0
O=C(O)c1ccc(NC(CSCc2cccc(F)c2)C(=O)O)c([N+](=O)[O-])c1,0
COc1ccc(/C(C#N)=C/c2c(-c3ccc(Cl)cc3)nc3c(C)cccn23)cc1,0
Cc1cc(C)nc(NC(=O)/C=C/c2ccc(Cl)cc2Cl)c1,0
CC(C)(C)n1nnnc1CN(Cc1ccco1)Cc1cc2cc3c(cc2[nH]c1=O)OCO3,0
Cc1ccccc1-n1nnnc1SCC(N)=O,0
CCCCN(C(=O)Cn1nnc2ccccc21)C(C(=O)NCCOC)c1ccccc1,0
CN(C)c1ccnc(Oc2ccc(C(C)(C)C)cc2)c1C#N,0
CC(C)CC12CN3CCN(CC(C3)/C1=N\O)C2,0
N#Cc1c(-c2ccccc2)ccnc1Oc1ccccc1,0
Cc1ccc(C(=O)N2CCCC2)cc1Br,0
CCOc1ccc2cc(S(=O)(=O)N3CCOCC3)ccc2c1,0
Clc1ccc(CSc2cc3c(nn2)-c2ccccc2CC3)cc1,0
COc1cc(Cl)c(C)cc1NC(=O)CSc1nc2ccccc2o1,0
COc1ccccc1C(=O)Nc1ccc(S(=O)(=O)Nc2cc(C)nc(C)n2)cc1,0
Cc1cc(C)cc(NC(=O)c2ccc(CNc3c(N4CCOCC4)c(=O)c3=O)cc2)c1,0
CC(=O)C1=C(c2ccccc2)NC(=O)NC1c1ccccc1OCC#N,0
Cc1ccc2occ(C(=O)c3ccco3)c(=O)c2c1,0
N#Cc1cn(CC(=O)NCc2cccnc2)c2ccccc12,0
C=CCn1c(CNC(=O)CCC)nc2ccccc21,0
CCc1ccc(-c2cn(-c3nc(C)cc(C)n3)c(=N)o2)cc1,0
Cc1ccc(Nc2nc3no[nH]c-3nc2=O)cc1,0
COc1cccc(C(=O)N(Cc2ccco2)Cc2cc3cccc(C)c3[nH]c2=O)c1,0
COc1cc(NC(=O)c2ccco2)ccc1NC(=O)C(C)C,0
COc1ccc(-c2ccc(-c3noc(C)n3)c(OC)n2)cc1,0
Cc1nnc(NC(=O)Oc2ccccc2)s1,0
COCCNC(=O)c1cc(-c2cccs2)on1,0
CC(=O)c1cnc(Nc2nc(C)c3cc(C)ccc3n2)nc1C,0
CCN(CC)C(=O)CS/C(=N\c1ccccc1F)NC#N,0
Cc1ccnc(NC(=O)CCC(=O)N(CC(=O)NCCc2ccccc2)Cc2ccco2)c1,0
CC(C)Cn1c(N)c(C(=O)COC(=O)c2ccc3ccccc3n2)c(=O)n(C)c1=O,0
O=C(CSc1ncccc1C(=O)O)NCCC1=CCCCC1,0
O=C(Nc1ccc(Cc2ccncc2)cc1)c1ccco1,0
COc1ccc(C(=O)Nc2ccc(Cl)cc2C(=O)NCc2ccco2)cc1OC,0
COC(=O)C1CCN(C(=O)Nc2ccc(OC)cc2)CC1,0
CC(C)(C)c1ccc(O)c(CN2CCN(c3ccccc3)CC2)c1,0
c1ccc(CCCNc2ncccn2)cc1,0
COc1ccc(N2CCN(C(=O)CCc3ccc(S(=O)(=O)NCC(C)C)cc3)CC2)cc1,0
CCOc1ccc(-n2c(=S)sc3c(=O)nc(SCC(=O)NC(C)CC)[nH]c32)cc1,0
CC(C)(C)c1ccc(-c2nnc(SCC(=O)c3ccc4c(c3)OCCO4)o2)cc1,0
Nc1cc(N)nc(SCC(=O)c2ccccc2)n1,0
Cc1nc2ccc(NC(=O)N3CCC(c4ccccc4)C3)cc2nc1C,0
O=c1nc(N2CCOCC2)ccn1-c1nc(-c2ccccc2)oc1-c1ccccc1,0
COCCn1c(SCC(=O)Nc2sc(C)c(C)c2C#N)nnc1-c1ccc(OC)cc1,0
CCn1nnnc1SCC(=O)NC1CCCC1,0
COC(=O)c1ccccc1NC(=O)CSc1nnc(Cc2ccc(Cl)cc2)o1,0
Cc1ccc(OCC(=O)N2CCN(C)CC2)c(Br)c1,0
O=C(N/N=C/c1cn(-c2ccccc2)nc1-c1ccc(F)cc1)c1ccc2c(c1)OCO2,0
Cn1c(=O)[nH]c(=O)c2c1nc(NCCCn1ccnc1)n2Cc1ccc(F)cc1,0
CCOC(=O)C1=C(C)NC(=O)NC1c1ccsc1,0
COc1ccc(S(=O)(=O)N2N=C(C)Oc3ccccc3C2=O)cc1,0
CN1CCN(C(=O)c2ccc3c(c2)NC(=O)C(C)(C)O3)CC1,0
Nn1c(SCC(=O)NC2CCCC2)nnc1-c1ccccc1F,0
COc1ccc(CCC(=O)Nc2ccc3c(c2)OCCO3)cc1,0
CC(=O)c1cccc(-n2c(CCC(=O)O)ccc2-c2cccs2)c1,0
CC(C)CCNC(=O)c1ccc2nc[nH]c2c1,0
COc1ccc2c(=O)c3c(=O)n(Cc4ccco4)c(-c4ccc(C)cc4)nc3oc2c1,0
Cc1cccc(N(C(=O)Cn2nnc3ccccc32)C(C(=O)NCc2ccco2)c2ccncc2)c1,0
CCc1cccc2c(C=C(C#N)C#N)cn(CC(=O)N3CCCCC3)c12,0
Cc1cnc(C(=O)Nc2ccccc2-c2ccc(C)o2)cn1,0
CCc1cc2c(=O)n(-c3ccc(C)cc3)cnc2s1,0
CCN(CC)c1ccc2cc(-c3nc4ccccc4n3C)c(=O)oc2c1,0
O=C(Nc1ccccc1N1CCN(c2ccccc2)CC1)c1cccc(F)c1,0
CNc1nc(-c2ccc([N+](=O)[O-])cc2)cs1,0
COc1ccc(N2C(=O)CC(n3c(CCCCO)nc4ccccc43)C2=O)cc1,0
CCn1c(-c2ccccc2)ccc(C#N)c1=O,0
CCN1CCN(c2ncnc3ccc(Br)cc23)CC1,0
O=C(CC(=O)NC1CCCCC1)N/N=C/c1ccc(Cl)cc1,0
CCOC(=O)c1cc(Br)c(=O)n2ccccc12,0
CC(/C=N/NC(=O)c1cc(-c2ccc(Cl)cc2)nc2ccccc12)=C\c1ccco1,0
COCCn1/c(=N/C(=O)c2ccc3c(c2)OCO3)c(C#N)cc2c(=O)n3cccc(C)c3nc21,0
COc1ccc(/C=N/NC(=O)C2C(=O)NCC2c2ccccc2)cc1O,0
CN(Cc1ccccc1)C(=O)CCSc1nc(-c2ccc3c(c2)OCO3)cc(C(F)(F)F)n1,0
O=c1c(-c2ccccc2)nc(-c2ccccc2)cn1O,0
CCOC(=O)CN1C(=O)C(=O)c2cccc(C)c21,0
O=C(CN1CCN(Cc2ccc(Cl)cc2)C1=O)NCCCN1CCOCC1,0
Cc1cc2ccccc2nc1SCC(=O)N1CCCC1,0
CC(=O)Nc1nc2c(c3c1c(=O)oc1ccccc13)CCCC2,0
CCCCOC(=O)Cn1c2ccc(OC)cc2c2nc3ccccc3nc21,0
CCC(=O)NC(c1ccc([N+](=O)[O-])cc1)c1c(O)ccc2ccccc12,0
COc1ccc(Nc2c3c(c(C#N)c4nc5ccccc5n24)CCC3)cc1,0
C1=Nc2ccccc2/C1=C1\NN=C(SCc2cn3ccccc3n2)O1,0
Cc1cc(NC(=O)c2cc(-c3cccs3)on2)nn1Cc1ccc(Cl)cc1,0
CCCC(=O)Nc1cc(-c2nnc(OC)c3ccccc23)ccc1N1CCCCC1,0
Cc1cccc(OCCCC(=O)Nc2ccc(N3CCCCC3)cc2)c1,0
COc1ccc(CN(C(C)=O)c2cccc(C)c2C)cc1,0
CN(C(=O)CCN1C(=O)c2ccccc2C1=O)C1CCCCC1,0
CC(C)(C(=O)c1ccccc1)/[N+]([O-])=C/c1ccc(Br)cc1,0
CC1(C)CC(=O)c2cc(OCC(=O)NCCN3CCCc4ccccc43)ccc2O1,0
O=C(O)c1oc2ccc(Br)cc2c1-n1cccc1,0
COc1cccc(-n2cnnn2)c1,0
COC(=O)c1ccc(-c2nc(-c3cccs3)no2)cc1,0
CCC(Sc1nc(C)cc(C)n1)C(=O)Nc1ccc(Cl)cn1,0
CCOC(=O)/C(C#N)=C/NC(=O)NC(C)(C)C,0
CC(=O)C(Sc1nc(N2CCOCC2)nc(N2CCOCC2)n1)C(=O)Nc1ccccc1,0
O=C(/C=C/c1ccco1)NC(=S)Nc1cccc(-c2nc3ccccc3o2)c1,0
C=CCn1c(SCn2nnc3ccccc3c2=O)nc2scc(-c3cccs3)c2c1=O,0
C/N=C(/Nc1cc(C)nn1-c1ccccc1)c1ccc(F)cc1,0
CCn1cnc2c(cnn2-c2ccccc2)c1=O,0
O=C(NC(=S)N(CCCCO)C1CCCCC1)c1sc2ccccc2c1Cl,0
Cc1cc(NC(=O)CC2CCCC2)n(-c2nc3ccccc3[nH]2)n1,0
CCOc1ccccc1N(CC(=O)O)S(=O)(=O)c1ccccc1,0
COc1ccc(NC(=O)C2CCCN2C(=O)NCc2ccccc2)cc1OC,0
CCN(CC(=O)Nc1ccc2c(c1)OCCO2)C(=O)C1CCCCC1,0
CC(C)(C)NC(=O)C1CCC(C)(C(=O)O)C1(C)C,0
COc1ccc(-c2cc3nc4n(c(=O)c3s2)CCC4)cc1,0
COCCNc1nc2c(c(=O)n(C)c(=O)n2C)n1Cc1cccc(C)c1,0
CC(C)(C)c1csc(NC2=NS(=O)(=O)c3ccccc32)n1,0
Cc1ccc(C)c(Cn2c(CN(C)Cc3ccccc3)nc3c2c(=O)n(C)c(=O)n3C)c1,0
Cc1ccc(CNC(=O)c2sc3nc4c(c(C(F)(F)F)c3c2N)CCC4)cc1,0
Cc1nc(C)n(CC(O)COc2ccc(C(=O)c3ccccc3)cc2)n1,0
O=c1[nH]c2ccccc2nc1N1CCOCC1,0
Nc1nc(CN2CCCCCC2)nc(Nc2ccc(F)cc2)n1,0
O=C(CCN1CCN(c2ccccc2)CC1)Nc1ccc(Cl)cc1,0
COc1ccc(-c2ccnc3nc(-n4cccc4)nn23)cc1,0
Cc1nn(-c2ccccc2)c(C)c1C(=O)OCC(=O)N1c2ccccc2NC(=O)C1(C)C,0
CCOC(=O)N1CCN(C/C(C)=C/c2ccccc2)CC1,0
Cc1nnc(SCCn2c(N3CCC(C)CC3)nc3c2c(=O)n(C)c(=O)n3C)s1,0
O=C(Cn1nc(-c2ccc(Cl)cc2)c2ccccc2c1=O)Nc1cccnc1,0
CCCCCCC(=O)N(O)C1CC(=O)N(c2ccc(C)cc2)C1=O,0
O=S(=O)([N-]c1nc2ccccc2nc1-[n+]1ccccc1)c1ccc(Cl)cc1,0
CCN(CC)C(=O)/C(=C\c1ccc(Br)cc1)NC(=O)c1ccccc1OC,0
CCn1c2ccccc2c2nnc(SCC(=O)c3ccccc3)nc21,0
COc1ccc(NC(=O)Cc2c(O)[nH]c3ccccc3c2=O)cc1,0
COc1ccc(CCNC(=O)c2ccc(N3CCCC3=O)cc2)cc1,0
Cc1ccc(N2CC(C(=O)Nc3cc(C)on3)CC2=O)cc1,0
Cc1ccc(NC(=O)COc2ccc(Br)cc2CO)cc1,0
COC(=O)c1oc2ccc(Br)cc2c1NC(=O)CCN1CCOCC1,0
CCOC(=O)N1CCC(NC(=O)c2ccc3c(c2)N(Cc2ccc(C)cc2)CCS3)CC1,0
Cc1ccc(SCCN2C(=O)NC(C)(C)C2=O)cc1,0
COc1cccc2cc(C(=O)N3CCN(c4ccccn4)CC3)c(=O)oc12,0
Cc1ccc(S(=O)(=O)Oc2ccccc2/C=N/NC(=O)c2c(Cl)cnn2C)cc1,0
CC(=O)NC1CCN(C(=O)N2CCCC2)CC1,0
COc1ccc(OC)c(-c2cc(C(=O)Nc3c(C)nn(Cc4ccccc4C)c3C)no2)c1,0
COc1ccc(NC(=O)CN2C(=O)CC(C)(C)S(=O)(=O)c3ccccc32)cc1,0
CCOc1cc(S(=O)(=O)n2c(C)nc3ccccc32)ccc1F,0
Cc1ccc(N(CC(=O)N2CCc3ccccc32)C2=NC(=O)CS2)cc1,0
C/N=c1\sc2ccccc2n1CC(O)COc1ccccc1,0
CCSc1nc2c(c(=O)[nH]c(=O)n2C)n1C,0
CCCCC(=O)Nc1ccc(NC(=O)C(C)C)cn1,0
O=C(Nc1ccc(N2C(=O)C3C4C=CC(C4)C3C2=O)cc1)Nc1nnc(C(F)(F)F)s1,0
CC1(C)Cc2noc(N)c2C(C)(C)N1OC(=O)c1ccco1,0
Cc1ccc(N2C(=O)c3cccc4c(N5CCN(C)CC5)ccc(c34)C2=O)c2cccnc12,0
COc1ccccc1C(OC(=O)c1ccco1)C(=O)NC1CCCCC1,0
CC1(C)Cc2c(c(N3CCOCC3)nc3sc4c(NCc5ccco5)nnnc4c23)CS1,0
CCOC(=O)c1ccc(CC2S/C(=C(\C#N)C(C)=O)NC2=O)cc1,0
COc1ccc(-c2cc(N)n(S(=O)(=O)c3c(F)c(F)c(F)c(F)c3F)n2)cc1OC,0
CCOC(=O)c1[nH]c(C)c(C(=O)OCc2c(C)noc2C)c1C,0
O=C1CCC(=O)N1CCc1c[nH]c2ccccc12,0
O=C(Cn1cnc2ccccc2c1=O)Nc1nnc(SCc2ccccc2)s1,0
O=C(Nc1sc2c(c1C(=O)O)CCC2)c1ccccc1,0
CCCCn1c(SCC(=O)N2CCCc3ccccc32)nc2c1c(=O)n(C)c(=O)n2C,0
COc1ccc(-c2nnc(N3CCC(C)CC3)c3ccccc23)cc1,0
COc1ccc2cc(CN(Cc3ccco3)C(c3nnnn3C3CCCCC3)C(C)C)c(=O)[nH]c2c1,0
CCOc1ccccc1NC(=O)C1CCCCN1S(=O)(=O)c1ccc(F)cc1,0
O=C(NCc1cccs1)c1cc2ccccc2o1,0
O=C(Nc1n[nH]c(C2CCCCC2)n1)C1CCCCC1,0
Cn1c(=O)c2c(nc(SCC(=O)OCc3ccccc3)n2C)n(C)c1=O,0
COc1cccc(N(C(=O)CNC(=O)c2ccco2)C(C(=O)NC2CCCCC2)c2ccncc2)c1,0
CCCC(=O)Nc1cccc(-c2nc3cc(C)c(C)cc3o2)c1,0
O=C1N(Cc2ccc(F)cc2Cl)c2ccccc2C12OCCCO2,0
COC(=O)NNC(=O)COc1ccc(Cl)cc1,0
COc1cccc(CNc2nn[nH]n2)c1OC,0
C1=Nc2ccccc2/C1=C1\NN=C(SCc2ccccc2)O1,0
COc1cc2cc(C(c3nnnn3C(C)(C)C)N3CCc4ccccc4C3)c(=O)[nH]c2cc1OC,0
COc1ccc2[nH]c(=O)c(CN(C(C)=O)C3CCCCC3)cc2c1,0
Cc1ccc(CS(=O)(=O)CCC(=O)N2CCOCC2)cc1,0
Cc1ccc(-c2nn(CC(=O)NCc3cc(-c4nn(C)c(=O)c5ccccc45)ccc3C)c(=O)c3ccccc23)cc1,0
COc1ccccc1NC(=O)CSc1nc(N)cc(N)n1,0
Cc1ccc(-c2cc(C(=O)N3CCCc4ccccc43)c3ccccc3n2)cc1,0
Cn1c(NCC(O)CO)nc2c1c(=O)n(Cc1ccc(Cl)c(Cl)c1)c(=O)n2C,0
O=C1C=CC(=C2NN=C(SC3CCOC3=O)O2)C=C1,0
O=C(COC(=O)c1ccc(S(=O)(=O)NCc2ccco2)cc1)NC1CCCCC1,0
N#CCC(=N)N1CCN(c2ccccc2)CC1,0
Cc1cccc(-n2c(C)cc(/C=N/n3cnnc3)c2C)c1,0
Cc1c(CN2CCC(C)CC2)c(=O)n(-c2ccccc2)n1C,0
CCOc1ccc(NC(=O)c2ccc3nccnc3c2)cc1,0
CCCC(=O)Nc1cc(-c2nc3ncccc3o2)ccc1C,0
CC1(C)CC(=O)C=C(Nc2cccc(O)c2)C1,0
CCOc1ccc(CSC(CC(=O)O)C(=O)O)cc1,0
O=C(COc1ncnc2ccc(Br)cc12)N1CCOCC1,0
N=c1n(-c2ccccc2)c(O)cc(=O)n1-c1ccccc1,0
C=CCn1c(SCc2nc(=O)c3ccccc3[nH]2)nnc1-c1cc2cc(Cl)ccc2o1,0
O=C(COc1ncnc2sccc12)N1CCc2ccccc2C1,0
CCN1CCN(CC(=O)Nc2cc(F)ccc2C)CC1,0
Cc1cc(C)c2[nH]c(=O)c(CN(CC3CCCO3)C(=O)C3CCCO3)cc2c1,0
CCOc1cc(S(=O)(=O)Nc2ccccn2)ccc1F,0
Cc1ncoc1C(=O)Nc1ccc(Oc2ccccc2)cc1,0
COC(=O)c1ccc(C(=O)Nc2ccc3nc(-c4cccnc4)[nH]c3c2)cc1,0
C=C(C)n1c(=O)[nH]c2ccccc21,0
COc1ccccc1NC(=O)c1oc2ccccc2c1NC(=O)c1cc(OC)c(OC)c(OC)c1,0
O=c1nc2n(c3sc4c(c13)CCCC4)C(CBr)CS2,0
Cc1cc(C)cc(NC(=O)CCC(=O)Nc2cc(C)on2)c1,0
N#CCCCCN1c2cccc3cccc(c23)S1(=O)=O,0
CCOc1ccc(-c2nnc(N)o2)cc1,0
CCOc1cc(NC(=O)C2CCCCC2)c(OCC)cc1NC(=O)c1ccco1,0
CC(C)C(=O)Nc1cccc(NC(=O)c2cc3ccccc3o2)c1,0
CCOC(=O)c1sc(NC(=O)c2cccnc2)c(C#N)c1C,0
CCCCC(=O)Nc1cccc(-c2nnc(-c3ccccc3)o2)c1,0
CCOC(=O)CSc1n[nH]c(-c2cccnc2)n1,0
COc1ccc(-c2c(C#N)c(N)nc3c2CCCC3)cc1OC,0
O=C(Cc1ccc(Br)cc1)N1CCN(c2ccccc2O)CC1,0
CCOC(=O)Cc1cnc(NC(=O)Cn2nnc(-c3ccc(OCC)cc3)n2)s1,0
N#Cc1c(-c2ccco2)cc(-c2ccccn2)nc1N,0
Fc1ccc2c(c1)nnn2C1CCN(Cc2c(Cl)cccc2Cl)CC1,0
Cc1cc2nc(C3CCN(CC4COc5ccccc5O4)CC3)[nH]c2cc1C,0
Cc1ccc(C)c(C(=O)CC2(O)C(=O)N(C)c3ccccc32)c1,0
CCOC(=O)c1cnc(Nc2nc3ccccc3o2)nc1CN1CCN(c2ccccc2)CC1,0
COCCCNC(=O)c1ccccc1NS(C)(=O)=O,0
CC(=O)c1cccc(NS(=O)(=O)c2c(C)n[nH]c2C)c1,0
CCC(Oc1nc2ccccc2nc1-c1ccccc1NC(C)=O)C(=O)c1ccccc1,0
N#CC1=C(N)N(c2ccc(Oc3ccccc3)cc2)C(=O)C1,0
CC(=O)Nc1ccc(NC(=O)CSc2nnc(C3CC3)n2C)cc1,0
CCn1c(SCC(=O)Nc2nc(C)cs2)nnc1-c1ccco1,0
COc1ccc(CNCCNC(=O)c2ccco2)c(OC)c1OC,0
COc1ccc(-c2ccc(OC)cc2)cc1,0
O=C(Cn1ccc2ccccc2c1=O)Nc1ccc2c(c1)OCO2,0
COc1cc2nc(SCC(=O)NCc3ccco3)n(Cc3ccc(Cl)cc3)c(=O)c2cc1OC,0
CC(=O)NC1=NC(=O)/C(=C/N2CCOCC2)S1,0
Cc1ccc2cc(S(=O)(=O)NCCCC(=O)O)ccc2c1,0
CN(CC(=O)NCCN1CCN(Cc2ccccc2)CC1)S(=O)(=O)c1cccc2nsnc12,0
CCCCNC(=O)CN(c1cccc(F)c1)S(C)(=O)=O,0
Cc1c(C(=O)Nc2cccc3cccnc23)oc2ccccc12,0
COc1ccc(-c2nnc(SCC(=O)Nc3cc(C)on3)n2N)cc1OC,0
O=C(NCc1ccco1)c1cc(C(=O)C2CC2)c[nH]1,0
Cn1c(CNc2ccccc2)cc(=O)n(C)c1=O,0
Cc1cc(C)n(C(=O)c2ccc(Cn3nc(C)c(Br)c3C)o2)n1,0
CC1CCC(NC(=O)c2cnccn2)CC1,0
COc1ccccc1NC(=O)N(Cc1ccc2c(c1)OCO2)Cc1nc(=O)c2ccccc2[nH]1,0
O=C(Nc1nc2ccccc2n1Cc1ccccc1)c1ccc(COc2ccccc2[N+](=O)[O-])o1,0
COC1=CC(Br)=C/C(=C\NNC(=O)C(C)n2cc([N+](=O)[O-])c(OC)n2)C1=O,0
Cc1cc(=O)n2[nH]c(-c3ccc(C(C)(C)C)cc3)cc2n1,0
O=C(NCc1ccc2c(c1)OCO2)c1c(O)n2c3c(cccc3c1=O)CCC2,0
CSc1ccc(Cl)c(C(=O)NCC(C)C)c1,0
O=C(CCc1ccc(S(=O)(=O)NC2CCCCC2)cc1)NCc1ccc(Cl)cc1,0
COCCCn1c2nc3ccccc3nc2c2c(=O)n(-c3ccccc3OC)cnc21,0
COc1ccc(C(=O)CSc2nnc(-c3cc(C)cc(C)c3)o2)cc1,0
O=C(N/N=C/c1ccco1)c1ccccn1,0
O=C(CN1CCCCC1)Nc1cccc(Oc2ccccc2)c1,0
COc1cccc(-c2nn(-c3ccccc3)cc2CO)c1,0
O=C(NCCCn1ccnc1)C(Cc1ccccc1)N1C(=O)c2ccccc2C1=O,0
CC(=O)CSc1ncnc2nc[nH]c12,0
COc1ccc(CN2CCN(C(=O)CC(C)C)CC2)c(OC)c1OC,0
Cc1ccc(Nc2nnc(SCC(=O)Nc3ccc(S(=O)(=O)N4CCOCC4)cc3)s2)cc1,0
CC(=O)NCCCc1nc2ccccc2n1Cc1ccc(C)cc1,0
C/C(=N\O)c1ccc2[nH]ccc2c1,0
CC(=O)Nc1cccc(NC(=O)c2ccc(C)o2)c1,0
COc1cccc(NC(=O)N2CCN(C(=O)C(Cc3ccc(OC)c(OC)c3)NC(C)=O)CC2)c1,0
COc1ccc(OC)c(C2CC(=O)c3c([nH]c(C(=O)OC(C)C)c3C)C2)c1,0
NC(=O)c1ccc(N2CCCCC2)c(N2C(=O)CCC2=O)c1,0
Cc1ccc(Cn2cccc(NC(=O)NC3CCCCC3)c2=O)cc1,0
COc1ccc(C(=O)NC(=O)Nc2cc(C)ccn2)cc1,0
COc1ccc(Cn2nnnc2CN(Cc2cc3ccc(C)cc3[nH]c2=O)C2CCCC2)cc1,0
c1ccc(C2=NCCCN2)cc1,0
CC(NC(=O)COC(=O)CCNC(=O)c1ccco1)C12CC3CC(CC(C3)C1)C2,0
CCOC(=O)C1C2C=CC3(CN(c4ccc(Cl)c(F)c4)C(=O)C13)O2,0
Cc1cccc2cc(C(c3nnnn3Cc3ccccc3)N3CCCc4ccccc43)c(=O)[nH]c12,0
Cc1ccccc1CN1CCN(CC(=O)NCc2ccc3c(c2)OCO3)C1=O,0
O=C(Nc1ccccc1C(=O)O)c1ccc(Br)o1,0
Cc1nc(NC(=O)c2cc3c(C)nn(-c4ccccc4)c3s2)sc1C(=O)Nc1ccccc1,0
CC(=O)c1cc2c(cc1NS(=O)(=O)c1ccccc1)OCO2,0
CC12C(=O)N(c3ccccn3)C(=O)C1C1C=CC2C1,0
COc1nc(OC)nc(N2CCC(NC(=O)C(Cc3ccc(C(C)C)cc3)NC(C)=O)CC2)n1,0
CN(CC(=O)Nc1ccncc1)S(=O)(=O)c1ccccc1,0
CC(CSc1nc2ccccc2s1)Cn1c(N2CCCC2)nc2c1c(=O)[nH]c(=O)n2C,0
Cc1ccc(C(=O)NC2CCCc3ccccc32)o1,0
N#Cc1c(NC(=O)CSc2nnc(-c3ccncc3)n2CC2CCCO2)sc2c1CCCC2,0
Cc1c(Nc2nc3ccccc3nc2NS(=O)(=O)c2cccs2)c(=O)n(-c2ccccc2)n1C,0
CCc1ccccc1NC(=O)c1cccs1,0
CC(C(=O)Nc1cccnc1)N1C(=O)c2ccccc2C1=O,0
Cc1ccccc1C(=O)Nc1c(C(=O)N2CCCC2)cnn1-c1ccccc1,0
c1ccc2c3c(cc(N4CCOCC4)c2c1)OC1(N2CCOCC2)CCCCC1O3,0
O=C(CSc1ccccc1Cl)c1ccco1,0
CCOC(=O)C1=C(C)Nc2nc3ccccc3n2C1c1cccnc1,0
COC(=O)c1sccc1-n1cccc1C(=O)C(=O)N1CC(C)OC(C)C1,0
COc1cc(Cl)c(C)cc1NC(=O)CSc1nnc(-c2cccnc2)n1Cc1ccco1,0
CC(C)c1nc(SCC(=O)Nc2ccc3c(c2)OCO3)n[nH]1,0
COc1ccccc1NS(=O)(=O)c1ccc(NC(C)=O)cc1,0
NC(=O)C1CCN(CC(=O)NCc2ccccc2)CC1,0
CC(C)Oc1cccc(C(=O)NC(=S)Nc2ccc(Cl)c(C(=O)O)c2)c1,0
CCc1c(C)nc2ncnn2c1N1CCC(C(=O)Nc2cccc(C(C)=O)c2)CC1,0
COc1ccc(OCc2cccc(C(=O)Nc3cc(C)on3)c2)cc1,0
C/C=C/c1ccc(OCCN2C(=O)NC(C)(C)C2=O)c(OC)c1,0
O=c1[nH]c2ccccc2n1CCCOc1ccccc1,0
CC1CCc2nc(NC(=O)C3CCCO3)sc2C1,0
CCOc1ccc(NC(=O)CCN2CCN(S(=O)(=O)c3cc(Cl)ccc3OC)CC2)cc1,0
Cn1c(CCNC(=O)c2ccco2)nc2cc(NC(=O)C3CCCCC3)ccc21,0
O=C(NC12CC3CC(CC(C3)C1)C2)N1CCC(O)CC1,0
CCOc1ccc(C(=O)N(Cc2ccc(OC)cc2)Cc2cc3cc(OC)ccc3[nH]c2=O)cc1,0
c1coc(CNC2CCCCCCC2)c1,0
COc1ccc(NC(=O)CSc2nc(N)c(C(=O)Nc3ccc(N(C)C)cc3)s2)cc1,0
Cc1nc2nc(-c3ccccc3)cc(=O)n2[nH]1,0
CCn1cnc2cc(NCc3nc4ccccc4n3C)ccc21,0
CC(C)Sc1cc(N2CCOCC2)nc(-c2ccc(Cl)cc2)n1,0
N#Cc1nc(-c2cccc3ccccc23)oc1NCCN1CCCCC1,0
CCc1cc(=O)oc2cc(C)cc(O)c12,0
C=CCN(CC(=O)Nc1c(C)cccc1CC)C(=O)SCCC,0
Cc1nc2ccc(Br)cn2c(=O)c1Cl,0
O=c1cc(CN2CCN(c3ccccc3)CC2)c2c(ccc3ccccc32)o1,0
CC1CCN(C(=O)c2ccc(N(C)S(C)(=O)=O)cc2)CC1,0
CCn1cc(/C=C2\SC(=O)N(CC(=O)Nc3ccc4c(c3)OCO4)C2=O)c2ccccc21,0
Cc1csc(NC(=O)CNC(=O)OCc2ccccc2)n1,0
CSc1nnc2c(n1)OC(c1cn(C)c3ccccc13)N(C(C)=O)c1ccccc1-2,0
Cc1cc(C)c2c(N)c(C(=O)c3ccccc3)oc2n1,0
O=C(NCc1ccccc1)C1CC(=O)N(c2ccc(OCC(=O)N3CCCC3)cc2)C1,0
Cn1c(=O)c2c(nc(SCC(=O)NCC3CCCO3)n2C)n(C)c1=O,0
c1cnc(NC2CCCCCC2)nc1,0
COCc1cc(CN2CCCC2)c(O)c2ncccc12,0
COc1ccc(C(C)C)cc1S(=O)(=O)Nc1ccc(Cl)cn1,0
O=S(=O)(Nc1ccccn1)c1ccc(Oc2ccccc2)cc1,0
CCC(=O)N(Cc1cc2cc(OC)ccc2[nH]c1=O)c1cc(C)ccc1C,0
Cc1no[n+]([O-])c1COc1ccccc1/C=C1\NC(=S)NC1=O,0
Nc1ccccc1N1CCOCC1,0
COC(=O)Cc1cc(=O)n(-c2nc3ccccc3[nH]2)[nH]1,0
Cc1onc(-c2c(Cl)cccc2Cl)c1C(=O)N1C=CC(C(F)(F)F)=NCC1,0
O=C(NC1CCCCC1)C1CCCN1C(=O)NCc1ccccc1,0
CCn1c(NC)cc(=O)n(C)c1=O,0
Cc1ccc(S(=O)(=O)NCCC/C([O-])=C/[N+]#N)cc1,0
O=C(NNC(=S)Nc1ccccc1)c1ccco1,0
C/C=C(\C)CN1CCN(c2ccccc2)CC1,0
CCOC(=O)c1cc2sccc2n1CC(=O)N1CCCc2ccccc21,0
COc1ccc(C)cc1NC(=O)C(=O)NCc1ccncc1,0
CCCOc1ccc(C(=O)Nc2cc(-c3nn4c(C)nnc4s3)ccc2C)cc1,0
Cc1nc2ccccn2c1C(=O)/C=C/c1ccc(F)cc1,0
COC(=O)c1cnn(-c2cc(Oc3ccccc3)ncn2)c1N,0
COc1ccc(-c2cc(C(F)(F)F)nc(SCC(=O)NCc3cccs3)n2)cc1,0
CC(C)N(C1=N/C(=C\c2ccco2)C(=O)N1c1ccccc1)C(C)C,0
Cc1ccc(NCc2nnc3n2CCCCC3)cc1,0
CCC(C)C(NC(=O)NCc1ccc(Cl)cc1)C(=O)OC,0
Cc1cc(C(=O)NCc2ccccc2Br)no1,0
CCCC(=O)Nc1ccc(NC(=O)C23CC4CC(CC(C4)C2)C3)cn1,0
CCN1CCN(CC(=O)n2c3c(c4ccccc42)CC(C)CC3)CC1,0
Cn1c(CN2CCCCC2)nc2cc(NC(=O)c3ccc(F)cc3)ccc21,0
c1cc(-c2nnc3n2CCCCC3)ccn1,0
Cn1c(=O)n(CC(=O)Nc2cccnc2)c2ccccc21,0
Cc1c(CCC(C)C)c(-n2ccnc2C)n2c(nc3ccccc32)c1C#N,0
CCN1CCN(c2nc3c(c(=O)[nH]c(=O)n3C)n2CCSc2nc3ccccc3s2)CC1,0
O=C(Nc1cccc2ccccc12)c1nn(C23CC4CC(CC(C4)C2)C3)cc1[N+](=O)[O-],0
Cc1nc2ccccn2c1C(=O)NCc1ccc2c(c1)OCO2,0
Cc1ccc(NC(=O)c2ccc(S(=O)(=O)N3CCOCC3)cc2)nc1,0
CCCCC(=O)N1CCCC(c2nc3n(Cc4cc(C)ccc4C)[nH]nc-3c(=O)n2)C1,0
Cc1ccc(-n2ncc(C#N)c2/N=C/N(C)C)cc1,0
Cc1sc2c(=O)n3c(nc2c1C(=O)NC1CCCCC1)CCCCC3,0
CCc1c(C)nc2cc(C)[nH]n2c1=O,0
COc1ccccc1CC(=O)Nc1ccc(-c2noc(COc3ccc(Br)cc3)n2)cc1,0
Cc1cc(C)c([N+](=O)[O-])cc1-c1ccc(/C=N/c2c(-c3ccco3)nc3ccccn23)o1,0
O=C(Nc1cccc(C(=O)N2CCOCC2)c1)NC1CCCCC1,0
CCc1ccc2nc(NC(=O)c3cc(C)on3)sc2c1,0
O=C(NCCCO)c1ccc2[nH]c3c(c2c1)CCCC3,0
COc1cccc(-c2nc(-c3ccc(NC(=O)c4ccncc4)cc3)no2)c1,0
O=C(Nc1ccccc1)N1CCN2C(=O)c3ccccc3C12c1ccccc1,0
O=C(CN1CCN(c2ccccc2)CC1)Nc1c(C(=O)C2CC2)oc2ccccc12,0
CCCCn1c(C)c(C(=O)OCC)c2c(CN3CCOCC3)c(O)ccc21,0
Cc1cc(C)c(NC2=NS(=O)(=O)c3ccccc32)c(C)c1,0
COc1ccccc1NC(=O)N1CCCC1C(=O)NC1CCCCC1,0
CS(=O)(=O)N(CC(=O)N1CCN(c2ccccc2)CC1)c1ccccc1Cl,0
COc1cccc(N2CCN(Cc3ccsc3)CC2)c1,0
Cc1cc(N2C(=O)C3CC=CCC3C2=O)cc(C)c1Br,0
N#CCSc1nc2c(c(=O)n1Cc1ccccc1)C1(CCCC1)Cc1ccccc1-2,0
Cc1ccc(OC(=O)c2ccc3snnc3c2)cc1,0
CN(C)c1ccnc(Oc2ccccc2)c1C#N,0
CCC(=O)n1nc(-c2ccccc2)nc1SCC(=O)Nc1ccc(C)cc1,0
CCOC(=O)CSc1nnc(Cc2ccccc2)n1-c1cccc(Cl)c1,0
N#CC1(c2ccccc2)CCCN1C(=O)c1ccccc1Br,0
N#Cc1c(C#N)c(-c2ccccc2)n(-c2ccc(C(=O)O)cc2)c1N,0
CCOc1ccc(C(=O)NCCCN2CCCC2=O)cc1,0
COc1ccc(NC(=O)CCN2CCCCC2)cc1,0
Cn1c(SCC(=O)N2CCCC2)nc2ccccc2c1=O,0
CSCCC(NC(=O)c1ccccc1)C(=O)NC1CCCC1,0
COC(=O)C(=O)Nc1nnc(COc2ccccc2)s1,0
O=C(NCCC1=CCCCC1)c1cnccn1,0
CCCc1cc(=O)nc(Nc2cc(OC)ccc2OC)[nH]1,0
O=C1Nc2ccccc2/C1=C/c1cnc[nH]1,1
CS(=O)(=O)N(CC(=O)N1CCN(c2ccccc2)CC1)c1cc(C(F)(F)F)ccc1Cl,0
CCOC(=O)c1ccc(NC(=O)CNC(=O)C2CCCCC2)cc1,0
COC(=O)c1ccc(NC(=S)Nc2ccccn2)cc1,0
CCOC(=O)c1nnn(-c2nonc2-n2cccc2)c1CN1CCC(C(=O)OCC)CC1,0
O=C(CCn1c(=O)[nH]c2ccccc2c1=O)Nc1ccccc1,0
Brc1ccc(OCCn2ccnc2)cc1,0
COc1ccc2c(c1)CCCN2C(N)=O,0
Cc1nc2oc(C(=O)c3ccccc3)c(N)c2c2c1COC(C)(C)C2,0
O=C(CCN1CCN(Cc2ccccc2)CC1)Nc1nccs1,0
O=C(c1ccc2c(c1)OCO2)N(c1ccc(F)cc1)C1C=CS(=O)(=O)C1,0
CCc1cc(C(=O)OC)c(NC(=O)CCC(=O)O)s1,0
O=C(c1ccco1)N1CCN(c2cc(=O)n(C3CCCCC3)c(=O)[nH]2)CC1,0
Cc1c(=O)n(OCc2c(F)cccc2F)c2ccccc2[n+]1[O-],0
COC(=O)c1ccc(NC(=S)N2CCN(Cc3ccc(Cl)cc3)CC2)cc1,0
O=C(CN1CCC(C(=O)c2ccc(F)cc2)CC1)Nc1ccccc1,0
CCC(=O)Nc1cc(-c2nnc(OC)c3ccccc23)ccc1N1CCOCC1,0
N#CCSc1nnc(COc2ccc3ccccc3c2)o1,0
COc1ccc(CCNC(=O)c2cccnc2)cc1,0
CNc1oc(Cc2cccc3ccccc23)nc1C#N,0
Cc1n[nH]c(N2CCc3ccccc3C2)nc1=O,0
CCOc1ccc(/C=N/NC(=O)c2ccc(Cn3cc([N+](=O)[O-])cn3)o2)cc1,0
O=C(c1ccc(Br)o1)N1CCCc2ccccc21,0
Cc1ccc(OCCCC(=O)Nc2ccc(N3CCOCC3)cc2)c(C)c1,0
Cc1cc(C)nc(SCc2nnc(SCC(=O)Nc3c(C)cccc3C)o2)n1,0
CCc1cc2c(cc3c(=O)n(CC(=O)NCCCN4CC(C)CC(C)C4)ncn32)s1,0
CN(c1ccc(OCC(=O)Nc2ccc3[nH]c(=O)[nH]c3c2)cc1)S(=O)(=O)c1ccc(Cl)cc1,0
Cc1ccc(-c2nc3ccccc3c(=O)n2CCCN2CCOCC2)cc1,0
CCC(C(=O)NC1CCCC1)N(C(=O)Cn1nnc(-c2ccc(OC)c(OC)c2)n1)C1CCCCC1,0
CC(C)Cn1c(CNC(=O)c2ccccc2)nc2ccccc21,0
CC(CC(=O)Nc1ccc(Cl)c([N+](=O)[O-])c1)c1ccccc1,0
COc1cccc(-c2c(NC(=O)c3ccco3)n(-c3ccc(C)cc3)nc(C)c2=O)c1,0
O=C1C(c2ccc(F)cc2)N(Cc2ccc3c(c2)OCO3)C(=O)CN1C1CCCC1,0
O=C(O)CN(c1ccccc1F)S(=O)(=O)c1ccccc1,0
C=CCNc1nc(NCC)nc(N2CCOCC2)n1,0
Fc1cccc(-n2c(-c3ccco3)nc3nc4ccccc4nc32)c1,0
O=c1c2[nH]c3ccccc3c2ncn1CCN1CCCCC1,0
COc1ccc2c(C)cc(SCc3c(C)noc3C)nc2c1,0
Cc1nc(NCc2ccc3c(c2)OCO3)c2oc3ccccc3c2n1,0
Nc1ncnc2c1ncn2CCOc1ccccc1,0
CCc1nnc(NC(=O)CSc2nnc(COc3ccccc3)n2-c2ccc(C)cc2)s1,0
CC(=O)N1CCC(N(C(=O)Nc2ccc(C)c(C)c2)C2CCCC2)CC1,0
O=C(OCC(=O)c1ccco1)c1ccc2ncsc2c1,0
COC(=O)c1ccc(N(C(=O)c2ccco2)C(C(=O)NC2CCCC2)c2ccco2)cc1,0
CC(=O)Nc1ccc(S(=O)(=O)NCCNC(=O)c2ccccc2F)cc1,0
N#CC(Nc1ccccc1)c1ccccc1OCc1ccccc1,0
O=C(O)CSc1nc(=O)cc(-c2ccccc2)[nH]1,0
O=S(=O)(NCc1ccccn1)c1ccc(F)cc1,0
Cc1c(C)c2cc(Cl)c(O)c(CN3CCCCC3)c2oc1=O,0
CCC(=O)Nc1ccc(NC(=O)CN2CCCC(C)C2)c(Cl)c1,0
O=C(NCCCN1CCCC1=O)NC1CCCCC1,0
CCn1c(-c2cccnc2)n[nH]c1=S,0
O=C1CN=C(c2ccccc2)c2oc3ccc(Br)cc3c2N1,0
COc1cc(-c2nnc(-c3ccc(N4CCOCC4)cc3)o2)cc(OC)c1OC,0
O=C(NCCCO)C12CC3CC(CC(C3)C1)C2,0
CCn1ncc(/C=C/C(=O)NCc2cnn(C)c2C)c1C,0
Cc1cccc(N2C(=O)NC(=O)C3(Cc4cc(C)ccc4N(C)C3)C2=O)c1,0
COC(=O)C1=C(C)NC(C)=C(C(=O)OC)C1/C=C/c1ccccc1,0
Cc1cc(NC(=O)CCC(=O)N(CC(=O)NC2CCCC2)Cc2ccco2)no1,0
Cc1cc(N2CCN(c3ccccc3)CC2)n2c(n1)nc1ccccc12,0
CCc1cc2cccc(C)c2nc1SCC(=O)c1ccc(NC(C)=O)cc1,0
CCn1c(SCC(=O)Nc2nc(C)c(C)s2)nnc1-c1cccnc1,0
Cc1csc2ncc(C(=O)Nc3ccon3)c(=O)n12,0
CCOC(=O)Cn1c(C)c(Br)c(=O)c2cccc(C)c21,0
O=C(Nc1nc(-c2ccccc2)ns1)c1cccs1,0
Cc1cccc(NC(=O)Cn2c(=O)n(C)c3ccccc32)c1,0
CC(C)SC1=NN/C(=C2\C=Nc3ccccc32)N1C,0
Brc1ccc2cccnc2c1,0
Cc1nc2c3cnn(-c4ccccc4)c3ncn2n1,0
Cc1cccc(NC(=O)Nc2ccc(C)c(C)c2)n1,0
Cc1ccc(NC(=O)c2cc(C)on2)cc1,0
O=C1NCN(c2ccccc2)C12CCNCC2,0
O=[N+]([O-])c1ccc(/C(=N/c2cccc3ccccc23)N2CCOCC2)cc1,0
CC(C)(C)OC(=O)N1CCNc2ccccc2C1,0
Cc1n[nH]c(SCC(=O)N2CCCc3ccccc32)nc1=O,0
CCOC(=O)C1=C(C)NC(=O)NC1,0
O=C(OCCCN1CCCCC1)c1ccc(O)cc1,0
CC(=O)Nc1cccc(NC(=O)CCc2ccccc2)c1,0
CCN(C(=O)CCc1nc(-c2ccc(OC)cc2)no1)c1cc(OC)ccc1OC,0
O=c1[nH]c2ccc(S(=O)(=O)N3CCCCC3)cc2[nH]1,0
CCOC(=O)C1CCCN(C(=O)CCC(=O)Nc2ccc3nc(N4CCOCC4)cc(C)c3c2)C1,0
COc1ccc(-c2n[nH]c3c2C(c2ccc(OC)c(OC)c2)N(c2ccccc2)C3=O)cc1,0
Cc1onc(-c2ccccc2)c1C(=O)Nc1ccon1,0
Cc1nc(SCC(O)CCl)c([N+](=O)[O-])[nH]1,0
CCc1c(C)nc2ncnn2c1N1CCCC(C(=O)NCCc2ccc(OC)cc2)C1,0
O=C(c1ccc2c(c1)C(=O)N(Cc1ccco1)C2=O)N1CCOCC1,0
N#Cc1cc(C#N)c(N2CCN(c3ccccn3)CC2)nc1N,0
COc1cccc(Nc2nc(-c3sc(N)nc3C)cs2)c1,0
CS(=O)(=O)N(CC(=O)Nc1cc(Cl)ccc1Cl)c1ccccc1Cl,0
Cc1ccc(NC(=O)CSc2nnc(NC(=O)CN3CCOCC3)s2)cc1,0
Cc1cccc(CCNC(=O)CCc2nc(-c3ccccc3F)no2)c1,0
CC(=O)N(Cc1ccco1)C1(C(=O)NC2CCCCC2)CCCCC1,0
COc1cc(NS(=O)(=O)c2ccc(F)cc2)c(OC)cc1NC(C)=O,0
COc1nc(-c2ccccc2)ccc1-c1noc(-c2ccccc2F)n1,0
O=C(CSc1nc(-c2ccccc2)nc2c1CCCC2)N1CCOCC1,0
CCc1ccc(C(C(=O)NCCOC)N(C(=O)Cn2nnc3ccccc32)c2cccnc2)cc1,0
O=C(CSc1ccc2nnc(-c3cccc(F)c3)n2n1)NCc1ccco1,0
Cc1ccccc1NC(=O)N1CCCC(c2nc(-c3ccc(F)cc3)no2)C1,0
CC1CCN(C(=O)N2c3ccccc3Sc3ccccc32)CC1,0
CCOC(=O)c1cn2cccnc2n1,0
CN1CCN(NC(=O)c2ccccc2F)CC1,0
O=S1(=O)N=C2CCCCCN2C(c2ccncc2)N1,0
CC(C)(C)C(=O)/C=C(\N)c1ccncc1,0
CCOC(=O)c1cccc(NC(=O)CNC(=O)C2CCCCC2)c1,0
Cc1ccc(Nc2nc(C(=O)N3CCC(C(=O)NCCN4CCOCC4)CC3)cs2)cc1,0
COc1ccc(CNc2cc([N+](=O)[O-])ccc2OC)cc1,0
CCCn1c(SCC(=O)Nc2cccc(C)n2)nnc1-c1ccco1,0
COc1ccccc1Nc1nc(N)nc(CSc2nncn2C)n1,0
CC1(C)CC(=O)C2=C(C1)NC(=O)CC2c1cc(F)ccc1F,0
CS(=O)(=O)N1CCN(c2ncccn2)CC1,0
Cc1nc2ccccc2nc1SCC(=O)N1CCC(C)CC1,0
COc1ccc(-c2cc(C(=O)O)c3c(C)nn(-c4ccccn4)c3n2)cc1,0
Cc1ccc2nc(NC3=NCN(Cc4ccc5c(c4)OCO5)CN3)nc(C)c2c1,0
Cn1c(=O)c(-c2ccccc2N)nc2ccccc21,0
O=C(Nc1ccccc1C(=O)NCCCn1ccnc1)c1ccccc1,0
COC(=O)c1ccc(CON2C(=O)c3ccccc3C2=O)cc1,0
Cc1nc2c(-c3ccc(F)cc3)c(C)nn2c(C)c1CCC(=O)NC(C)CCc1ccco1,0
Cc1nn(Cc2cccc(C(=O)Nc3ccn(Cc4ccccc4)n3)c2)c(C)c1[N+](=O)[O-],0
Cn1c(=O)c2c(nc(NCCc3ccccc3)n2CC(=O)NCCc2ccccc2)n(C)c1=O,0
Cn1cc(C(=O)c2ccccc2)cc1-c1nc2ccccc2n1C,0
CN(C)CCNc1oc(COc2ccc(-c3ccccc3)cc2)nc1C#N,0
CCc1cccc(NC(=O)CN(C)S(=O)(=O)c2cnc[nH]2)c1,0
CCOC(=O)c1cc(C(=O)c2cccs2)n2ccc(C(C)=O)cc12,0
O=S(=O)(Cc1ccccc1)N1CCN(Cc2ccccc2)CC1,0
COc1ccc(CCN(C)CCC(=O)Nc2cc(C)ccc2C)cc1OC,0
Cc1sc(NC(=O)c2oc3ccccc3c2C)c(C#N)c1C,0
COc1cccc(OCC(=O)Nc2ccccc2NC(C)=O)c1,0
O=c1ccc(Oc2nc(N3CCCCC3)nc(N3CCCCC3)n2)n[nH]1,0
C/C(NCC(C)(C)C)=C(/C#N)C(N)=O,0
Nc1cc(C(=O)O)ccc1N1CCCCC1,0
CCOC(=O)N1CCN(C(=O)CN(C2CCCCC2)S(=O)(=O)c2ccc(Cl)cc2)CC1,0
CSc1ncc(/C=C2/C(=O)NC(=O)N(C)C2=O)cn1,0
CCOc1ccc(C(=O)NCc2cccnc2)cc1,0
CCCc1ccc(-c2csc(NC(=O)Cc3cccs3)n2)cc1,0
COC(=O)c1ccccc1NC(=O)c1sc(N)nc1C,0
Cc1ccc(N/N=C2\CCCNC2=O)cc1,0
Cc1cc(N/C=C2\C(=O)C=Cc3ccccc32)no1,0
CCOC(=O)C1=C(C)NC(=O)NC1c1c(O)ccc2ccccc12,0
CN(C(=O)COC(=O)c1ccc(Cl)cc1N)C1CCS(=O)(=O)C1,0
Cc1cc(C)c2nc(NC(=O)c3cc(C)on3)sc2c1,0
c1ccc(CNc2ncnc3c2cnn3-c2ccccc2)cc1,0
CCCCn1c(-c2nn(C)c(C)c2Cl)n[nH]c1=S,0
CCOc1ccc(C(=O)NC2CCN(C(=O)Nc3ccccc3OC)CC2)cc1,0
Cc1ccc2nc(SCC(=O)Nc3ccc4c(c3)OCCO4)[nH]c2c1,0
O=C(Nc1ccccc1)N(Cc1ccc2c(c1)OCO2)Cc1nc(=O)c2ccccc2[nH]1,0
COc1ccc(NC(=O)Cc2nc3ccccc3[nH]2)cc1,0
Cn1nnc2cc(C(=O)Nc3cccnc3)ccc21,0
O=C(Nc1ccon1)c1cc2c(s1)CCCCCC2,0
CCOC(=O)COc1ccc(S(=O)(=O)Nc2ccc(C)cc2)cc1,0
N#Cc1cc2cc3c(cc2nc1N1CCOCC1)OCO3,0
COc1ccc(OC)c2c(C)cc(N3CCN(C(=O)c4ccc(F)cc4)CC3)nc12,0
Cc1cc(C(=O)N/N=C/c2ccc(COc3ccc([N+](=O)[O-])cc3)o2)ccc1[N+](=O)[O-],0
CCCn1c(N2CCN(Cc3cccc(C)c3)CC2)nc2c1c(=O)[nH]c(=O)n2C,0
CC1CCN(C(=O)CSc2nnc(CNC(=O)COc3ccc(Cl)cc3)o2)CC1,0
CCN(C(=O)Cn1c(=O)oc2ccccc21)C1CCS(=O)(=O)C1,0
Cc1ccc(CNc2oc(-c3ccco3)nc2C#N)cc1,0
Cc1csc(OCc2ccc(C#N)cc2)n1,0
COc1ccc(C)cc1S(=O)(=O)Nc1ccc(F)cc1,0
Cc1ccc(S(=O)(=O)N(C)CC(=O)N2CCc3ccccc32)cc1,0
Nc1nnc(-c2ccccc2)c(-c2ccccc2)n1,0
O=C(NCc1ccccc1)c1ccccc1OCC(=O)N1CCCCC1,0
Cc1nnc(NC(=O)C2CCN(c3cnccn3)CC2)s1,0
CCCn1nnc(NC(=O)c2ccc(Br)cc2)n1,0
CCOC(=O)N1CCN(C(=O)CSCc2nc(-c3ccccc3F)oc2C)CC1,0
COc1ccc(N2CCN(C(=O)CCCN3C(=O)c4cccc5cccc(c45)C3=O)CC2)cc1,0
O=C1c2oc3ccccc3c(=O)c2C(c2cccc(Br)c2)N1Cc1ccco1,0
C=CCn1c(N)cc(=O)nc1SCC(=O)Nc1ccccc1,0
CN1CCN(C(=O)Nc2ccc3c(c2)OCCO3)CC1,0
COC(=O)c1c(C(=O)OC)c(-c2cccc(C)c2)n2c1CS(=O)(=O)C2,0
O=C(CCCOc1ccccc1)Nc1nncs1,0
COC(=O)NCC(c1cccnc1)N1CCOCC1,0
Cc1cc2nc(-c3ccc(NC(=O)C(C)C)cc3)oc2cc1C,0
O=C(O)c1ccc(COc2ccc3ccccc3c2/C=C2/NC(=O)N(c3ccccc3)C2=O)cc1,0
Cc1cccc(NC(=O)c2ccccc2O)c1C,0
CC(C)C(=O)Nc1nc(=O)c2ncn(C3CC(O)C(CO)O3)c2[nH]1,0
Cc1ccc2oc(-c3ccc(NC(=O)c4cccnc4)cc3)nc2c1,0
O=C(NCCOC(=O)c1ccc(Cl)c(S(=O)(=O)N2CCCCC2)c1)c1ccncc1,0
CCOC(=O)C1CCN(C(=O)CS(=O)Cc2nc(-c3ccc(C)cc3)oc2C)CC1,0
CCOC(=O)C1C2C=CC3(CN(Cc4cccs4)C(=O)C13)O2,0
CC(C)c1ccc(NC(=O)C(c2ccccc2)N2CCN(C=O)CC2)cc1,0
Cc1cc2oc(=O)cc(CN3CCCCC3C)c2c(C)c1Cl,0
COc1cc(S(=O)(=O)Nc2ccccc2)ccc1NC=O,0
CC(=O)Nc1sc2c(c1CN1CCN(C)CC1)CCCC2,0
CCOC(=O)CSc1n[nH]c(NC(=O)c2cccc(C(F)(F)F)c2)n1,0
CCCOc1ccc(C(=O)NCCC(=O)NCCCC(=O)OCC)cc1,0
N#C/C(=C/c1ccc2c(c1)OCO2)C(=O)NCCc1c[nH]c2ccccc12,0
NC(=O)c1c(NC(=O)CSc2nnc(-c3ccccc3)n2CC2CCCO2)sc2c1CCC2,0
O=C(NCCNc1ccc([N+](=O)[O-])cc1)c1ccccc1Br,0
CC(=O)N1CCc2cc(S(=O)(=O)NC(Cc3ccccc3)C(=O)Nc3cc(C)ccn3)ccc21,0
CCCc1cc(=O)n2[nH]c(CCc3ccccc3)nc2n1,0
CCOc1ccc(NC(=O)CSc2nccn2C)cc1,0
CCc1nnc(NC(=O)CCN2C(=O)CCC2=O)s1,0
CCOc1ccccc1N/C=C(\C#N)c1nc2ccccc2n1C,0
COc1ccc(F)cc1S(=O)(=O)Nc1ccc(C)cc1,0
Cc1nc2c(c(=O)n1CCC1=CCCCC1)c1nc3ccccc3nc1n2/N=C/c1ccco1,0
CN(CC(CC(=O)Nc1nncs1)c1ccccc1)S(=O)(=O)c1ccc(Br)cc1,0
Clc1ccc2c(NNc3ccccc3Cl)ccnc2c1,0
COc1cc(OC)cc(C(=O)NCC(=O)N2CCCCC2)c1,0
Cc1cccc(CN(CC(=O)N/N=C/c2ccco2)S(=O)(=O)c2ccc(Cl)cc2)c1,0
CCOc1ccc(-c2nnc(NC3=NCCCCC3)o2)cc1,0
COc1cccc(NC(=O)CNC(=O)c2ccccc2)c1,0
Oc1ccc2ccccc2c1CN1CCN(c2ccccc2)CC1,0
CSc1ccc(Cl)c(C(=O)NCCOc2cc(C(C)C)ccc2C)c1,0
COc1ccc2o/c(=N\O)c(C(=O)Nc3ccccc3OC)cc2c1,0
CCC(=O)NCCc1nc2ccccc2n1Cc1ccc(C)cc1,0
CN(C)S(=O)(=O)c1ccc2c(c1)nc1n2CCC1,0
Cc1sc2nc(CN(Cc3cccs3)C(=O)NC3CCCCC3)[nH]c(=O)c2c1C,0
O=c1c2ccccc2nc(CN2CCCCCC2)n1-c1ccc(F)cc1,0
Cc1cc(S(=O)(=O)Nc2cccnc2)c(C)s1,0
Cc1ccc(S(=O)(=O)N2CCN(S(=O)(=O)c3ccccc3)C2c2ccc(N(C)C)cc2)cc1,0
Cc1ccc(-c2cc(C(=O)NCc3ccco3)c3ccccc3n2)o1,0
CC(NS(=O)(=O)c1ccc(OCC(=O)N2CCOCC2)c(Cl)c1)c1ccccc1,0
O=C(O)C1CCCN1C(=O)c1cccs1,0
O=C(Cn1nc(-c2ccccc2)c2ccccc2c1=O)Nc1cccnc1,0
C/C(=N\OC(=O)c1cccc(C(F)(F)F)c1)c1sc(-c2ccccc2)nc1C,0
CC(C)NC(=O)CC(=O)N/N=C/c1ccc(Br)cc1,0
Cc1cc(C(=O)CN2C(=O)c3ccccc3C2=O)c(C)n1Cc1cccs1,0
CC(=O)NC1CC2CCCC(C1)N2,0
O=S(=O)(/N=C(\Nc1ccccn1)c1ccccc1)c1ccc(Cl)cc1,0
Cc1ccc(-c2nn(-c3ccccc3)cc2CN(Cc2ccccc2)C(=O)CCC(=O)O)o1,0
CCOc1cc(Br)c(C(=O)O)cc1OC,0
CC(C)(C)c1cn(-c2ccc(F)cc2)c(=S)[nH]1,0
CCOC(=O)C1=NNC2C(=O)N(C3CCCCC3)C(=O)C12,0
CCc1nnc(NC(=O)CSc2nnc(-c3ccccc3OC)n2-c2ccc(C)cc2)s1,0
Cc1ccc(-n2c(C)cc(C)c(C#N)c2=O)cc1Cl,0
CN(c1ccc(C(=O)NCc2ccco2)cc1)S(C)(=O)=O,0
N#Cc1c(SCC(N)=O)nsc1SCc1ccccc1Cl,0
COc1ccc(C(=O)C(Cc2ccccc2)N(C)C)cc1,0
CCn1c(SCC(=O)Nc2nc(C)cs2)nnc1C(C)NC(=O)c1ccccc1,0
Brc1ccc(OCc2nc(-c3ccccn3)n[nH]2)cc1,0
O=C(O)CSc1ncnc2c1oc1ccccc12,0
COc1ccc2c(c1)c1ccccc1n2C,0
c1cc2nnnn2nc1N1CCCCC1,0
CCOC(=O)c1sc(-n2[nH]c(C)cc2=O)nc1C,0
O=C(COC(=O)C1c2ccccc2Oc2ccccc21)Nc1ccc2c(c1)OCO2,0
COC(=O)c1c(C)n(Cc2ccco2)c2ccc(O)cc12,0
COc1ccc(S(=O)(=O)N2CCOCC2)c(Cl)c1Cl,0
Cc1cnc(C(=O)Nc2ccc(N3CCN(C(=O)OC(C)(C)C)CC3)cc2)cn1,0
N#Cc1nc(Cc2cccc3ccccc23)oc1N1CCN(Cc2ccc3c(c2)OCO3)CC1,0
O=C1NCCN1C(=O)C12CC3CC(CC(C3)C1)C2,0
CC(NC(=O)c1cc(-c2ccccc2)on1)c1ccccc1,0
CCOC(=O)COc1cccc2c(=O)n(CC(=O)NCc3ccc4c(c3)OCO4)ccc12,0
O=C(NCc1ccccc1F)C1CCCN1C(=O)NCc1ccccc1,0
CO/N=C/c1ccc(N2CCN(C(=O)c3ccc(F)cc3)CC2)c([N+](=O)[O-])c1,0
Cc1ccccc1NC(=O)c1ccc(S(=O)(=O)N(C)C)cc1,0
Cc1ccc(OCc2nc(C#N)c(NCc3ccc4c(c3)OCO4)o2)cc1,0
CCCCCCN/C(C)=C1\C(=O)NC(=O)N(CCCC)C1=O,0
O=C(O)c1ccc(COCC(F)(F)C(F)F)o1,0
O=C(COc1cc(O)c2c(=O)cc(-c3ccccc3)oc2c1)c1ccccc1,0
COc1ccccc1/C=C/C=N/N1CCN(Cc2cccc3ccccc23)CC1,0
CCC(=O)N1CCc2cc(S(=O)(=O)CCC(=O)N3CCc4ccccc4C3)ccc21,0
COc1ccc(CCNc2oc(Cc3cccc4ccccc34)nc2C#N)cc1OC,0
O=C(Nc1cccn2ncnc12)c1ccccc1,0
CCN(CC)C(=O)c1ccc(NC(=O)c2cc(-n3cnnc3)ccc2Cl)cc1,0
CCCCCCCC(=O)NC(Nc1ccc(S(N)(=O)=O)cc1)C(Cl)(Cl)Cl,0
COc1ccc(NC(=O)c2c(-c3ccccc3)noc2C)c(OC)c1,0
CCN(CC)S(=O)(=O)c1ccc(NC(=O)C(C)N(c2ccc(OC)cc2)S(C)(=O)=O)cc1,0
Cc1nc(NC2=NCN(CCN3CCOCC3)CN2)nc2c(C)cccc12,0
CC(C)CC(=O)Nc1ccc2oc(-c3ccncc3)nc2c1,0
Cn1c(=O)[nH]c(=O)c2c1nc(Sc1nc3ccccc3s1)n2Cc1ccccc1,0
COc1ccccc1Cc1nc(-c2ccc(Br)o2)no1,0
COc1ccccc1CNC(=O)/C=C/c1cc2c(cc1Br)OCO2,0
Cc1ccc(OCC(=O)Nc2ccc(N(C)C)cc2)cc1,0
CCN1C(=O)N(C)C(N(O)C(=O)NC)C1(C)C,0
CC(=O)c1nn(-c2cccc(Br)c2)cc1C(=O)c1ccccc1,0
Cc1cccc(OCC(=O)Nc2ccccc2N2CCCCC2)c1,0
CCCn1c(/N=C/c2ccc3c(c2)OCO3)nc2ccccc21,0
COc1ccc2nc(SCC(=O)Nc3ccc(S(=O)(=O)Nc4onc(C)c4C)cc3)[nH]c2c1,0
COc1ccc(Br)cc1C(=O)Nc1cc(C)cc(C)c1,0
COc1ccc2cc(CN(C(=O)Nc3ccccc3OC)C3CCCC3)c(=O)[nH]c2c1,0
Cc1ccccc1NS(=O)(=O)c1ccc(F)cc1,0
CC(=O)Nn1cc2c(=O)n(C)c(=O)n(C)c2c1,0
O=C(CSC1=NC(=O)C(c2ccccc2)C(=O)N1)Nc1cccc(Cl)c1,0
O=C(NCc1ccncc1)c1ccc(Br)cc1,0
COc1cccc(/C=N/NC(=O)C(=O)N2CCCC2)c1OC,0
Cc1ccc(C(=O)N2CCC(C(=O)NCc3cccnc3)CC2)cc1,0
COc1cccc(-n2c(C)nc3c(cnn3-c3ccc(Cl)cc3)c2=O)c1,0
Cc1cc(NC(=O)CSc2ncnc3ccccc23)no1,0
CSc1ncccc1C(=O)NCc1ccc(C)cc1,0
Cc1ccccc1CNCc1cccnc1,0
O=C(Nc1ccccc1C(=O)NCc1ccco1)c1ccco1,0
COc1ccc(Oc2nnc(-c3ccc(C)cc3)c3ccccc23)cc1,0
O=C(CCCSc1nc(-c2ccco2)cc(C(F)(F)F)n1)NCC1CCCO1,0
CC(=O)N1CCN(c2ccc(NCc3ccc(F)cc3)cc2)CC1,0
Cc1ccc(OCC(=O)Nc2sc3c(c2C#N)CCC3)cc1C,0
CCOC(=O)c1ccccc1NS(=O)(=O)c1ccc(OCC)cc1,0
COc1cc(-c2nc(-c3ccccc3)c(-c3cc([N+](=O)[O-])ccc3C)[nH]2)cc(OC)c1OC,0
CCOc1ccc(C(=O)Nc2cc(-c3nc4ccccc4[nH]3)ccc2C)cc1[N+](=O)[O-],0
O=C1C=CC(=NC2=C(Nc3ccc(O)cc3)Nc3ccccc3N2)C=C1,0
O=C(Cc1cccs1)Nc1cccc(-c2nc3ccccc3o2)c1,0
COC(=O)c1ccc(CSc2nnc(NC(=O)C3CCCO3)s2)cc1,0
CN1CCN(c2ccccc2NC(=O)c2ccc(OCc3ccccc3)cc2)CC1,0
Cc1ccc(S(=O)(=O)NCCCCCC(=O)Nc2nccs2)cc1,0
C=CCN(CC(=O)NCC1CCCO1)C(=O)CCC(=O)Nc1cc(C)on1,0
N=c1c(C(=O)NCc2ccco2)cc2c(=O)n3ccccc3nc2n1Cc1ccccc1,0
CC(=O)Oc1ccc(Cn2cnc3cc4ccccc4cc32)cc1,0
Cc1ccc(-c2c3c([nH]c(=S)c2C#N)CCCC3)o1,0
COc1cc(OC)cc(C(=O)N2CCC(n3c(C)nc4cc(F)ccc43)CC2)c1,0
COc1ccc(-c2nc(N)n[nH]2)cc1,0
Cc1ccc(-c2nn(-c3ccccc3)cc2C=C2C(=O)CC(C)(C)CC2=O)cc1,0
COc1ccc2[nH]c(C)nc(=O)c2c1,0
CC1(C)CC(=O)C(=CNCCN2CCN(C(=S)Nc3cccc(Cl)c3)CC2)C(=O)C1,0
Cn1c(=O)c(C(=O)CSc2nnc(Nc3ccccc3)s2)c(N)n(Cc2ccccc2)c1=O,0
O=C(/C=C/c1ccccc1)Nn1cnnc1,0
CCCn1c(O)c(C(=O)Nc2ccccc2)c(=O)c2c1CCCC2,0
COc1ccc(CN2CCN(c3ccccc3)CC2)c(C)c1C,0
CCCNc1nc2c(c(=O)[nH]c(=O)n2C)n1CCC(C)C,0
O=C(NCc1ccccc1)NC1(C(=O)N2CCCC2)CCCCC1,0
CC(C)(C)c1ccc(N2C(=O)Cc3c2nc(N)c(C#N)c3N)cc1,0
COc1ccc(C2Nc3ccccc3C(=O)N2c2ccc(C)cc2)cc1Cn1nnc2ccccc21,0
CN1/C(=C\C=C2\N=C(c3ccc(F)cc3)OC2=O)C(C)(C)c2ccccc21,0
CC1CCCC(C)N1C(=O)CSc1nnc(COc2ccccc2)n1-c1ccccc1,0
COC(=O)c1ccc(C(=S)N2CCOCC2)cc1,0
COc1ccc(-c2nn(C)c(=O)c3ccccc23)cc1NC(=O)Cn1nc(C)c2ccccc2c1=O,0
O=C(CN1CCCCCC1)Nc1ccc(Br)cc1Br,0
O=C(NCc1cccs1)C1CCCN(S(=O)(=O)c2ccc3c(c2)OCO3)C1,0
C=CCOCC(O)CS(=O)(=O)Cc1ccc(Cl)cc1,0
COc1ccc(OC)c(S(=O)(=O)Nc2cccc(C(C)=O)c2)c1,0
O=c1[nH]c(=O)n(Cc2ccccc2)c2c1CCC2,0
COc1ccc(C(=O)n2nnc3ccccc32)cc1Br,0
COc1cccc(C2CC(C(F)(F)F)N3NC=C(C(=O)NCC4CCCO4)C3=N2)c1,0
O=C(NCCc1ccccc1)C1CCCN(C(=O)NC2CCCCC2)C1,0
COc1ccc(-c2cc(C(F)(F)F)n3nc(C)cc3n2)cc1,0
Cc1ccc(S(=O)(=O)N/N=C/c2cccn2-c2ccc(Cl)cc2)cc1,0
CCN(Cc1ccccc1)C(=O)C1CCC(CNc2c(N3CCOCC3)c(=O)c2=O)CC1,0
CC(=O)N(C)c1ccc(NC(=O)c2ccco2)cc1,0
COCCN1CCN(c2c3c(nc4cc(-c5cccc(F)c5)nn24)CCC3)CC1,0
Cn1c(NC(=O)c2cc(-c3ccc4c(c3)OCO4)nc3ccccc23)cc(=O)n(C)c1=O,0
COC(=O)c1c(NC(=O)C2CCCO2)sc2c1CCC2,0
CCOC(=O)c1cnc2c(C)cccc2c1NCCc1ccc(OC)c(OC)c1,0
CCNc1nc(Oc2ccc(C(=O)OCC)cc2)nc(SC)n1,0
CC(C)(C)n1nc2c(c1NC(=O)COc1ccc(Cl)cc1)CSC2,0
COCC/N=C1\Sc2nc3ccc(C)cc3cc2CN1Cc1ccco1,0
CC(=O)c1ccc(N2CCN(C(=O)C3CCN(S(=O)(=O)Cc4ccccc4)CC3)CC2)cc1,0
O=C(CSc1ccccc1)Nc1ccc(N2CCOCC2)cc1,0
OCCCC1=NC2=NC(c3ccccc3)=CC(c3ccccc3)N2N1,0
CS(=O)(=O)N(CC(=O)NCCc1ccccc1)C1CCCCC1,0
Cc1c(NC(=O)c2cc3ccccc3oc2=O)c(=O)n(-c2ccccc2)n1C,0
N#CCCN(C(=O)Nc1ccccc1)c1ccccc1,0
CCn1c(SCC(=O)Nc2sc3c(c2C#N)CCCC3)nnc1-c1ccco1,0
N#Cc1c(N)c(C(=O)c2ccccc2)n2c1CCCC2,0
COc1ccc(OC)c(S(=O)(=O)N2c3cc(F)ccc3CCC2C)c1,0
CCOc1ccccc1NC(=O)c1cccnc1,0
CC(=O)n1nc(-c2cccnc2)nc1N,0
Nc1nc(-c2ccccc2)nn1C(=O)Cc1ccccc1,0
COc1cc(CNCC(C)C)c(Br)cc1OCC(=O)NCc1ccccc1,0
O=c1c2c(nc3nc(COc4ccccc4)[nH]n13)CCC2,0
CCOc1ccc2oc(-c3ccccc3)c(C(=O)N(C)C)c2c1,0
Cc1cccc(NC(c2ccc(O)cc2)c2ccc3ccc(C)nc3c2O)n1,0
Cc1ccccc1NS(=O)(=O)c1cc(S(C)(=O)=O)ccc1Cl,0
CC1(C)NOC(=O)c2ccccc2N1,0
CCOCCCNC(=O)c1ccc(CS(=O)(=O)Cc2ccccc2F)o1,0
O=C(Nc1ccc(CN2CCOCC2)cc1)c1cccc(F)c1,0
Cc1ccccc1Cn1cnc2c([N+](=O)[O-])c(C)c(C)cc21,0
Cc1ccccc1-n1c(SCC(=O)NCc2cccs2)nnc1-c1ccncc1,0
Cc1nn(-c2ccccc2)c2c1C(=O)N(Cc1ccccc1)C(=O)C(C)(C)C2,0
C=CCNC(=O)c1ccccc1NC(=O)c1ccccc1,0
COc1cc2ccc(=O)oc2c(O)c1OCC=C(C)C,0
COc1ccc(CN(CC(=O)NCC2CCCO2)C(=O)CNS(=O)(=O)c2ccc(C)cc2)cc1,0
Cc1ccc2[nH]c(=O)c(CN(Cc3cccnc3)C(=O)c3ccncc3)cc2c1,0
O=C(c1ccco1)N1CCN(C(=O)N2CCOCC2)CC1,0
O=C(Cc1ccccc1)N/N=C/c1ccc(OCC(=O)Nc2ccccc2)cc1,0
COc1ccc(C(=O)O)cc1F,0
O=C(Cn1nc(Cc2cccnc2)c2ccccc2c1=O)NCC1CCCO1,0
O=c1c2[nH]c3ccccc3c2ncn1Cc1cccnc1,0
CC(C)CCNC(=O)C(c1cccnc1)N(CCc1ccccc1)C(=O)Cn1nnc2ccccc21,0
Cc1ccc(N2CC(C(=O)Nc3cccnc3)CC2=O)cc1,0
CC(C)(C)NCC(=O)c1c[nH]c2ccccc12,0
O=C(CNC(=O)Cn1ccc2ccccc2c1=O)NCCCN1CCN(c2cccc(Cl)c2)CC1,0
COc1ccccc1CC(=O)N1CCCc2ccccc21,0
CCCCOc1cccc(C(=O)N(Cc2ccco2)C2CCS(=O)(=O)C2)c1,0
Cc1ccc(CNc2ccc(CNc3ncn[nH]3)cc2)cc1,0
Cc1ccc(CNC(=O)CCCn2c(=O)c3ccccc3n(CC(=O)NCc3ccco3)c2=O)cc1,0
CCN(CC)S(=O)(=O)c1ccc(NC(=O)COC(=O)CN2C(=O)c3ccccc3C2=O)cc1,0
CS(=O)(=O)N1CCN(c2ccccc2NC(=O)Cc2ccc(Cl)cc2)CC1,0
Cc1cc(C)cc(-c2nnc(SCC(=O)N3CCN(C(=O)c4ccco4)CC3)o2)c1,0
Cc1c(C)n(C(=O)CSc2nccn2C)c2ccccc12,0
COC(=O)CN(CCc1ccccc1)S(=O)(=O)c1ccc(OC)c(OC)c1,0
CCN1C(=O)/C(=C/N(C)c2ccccc2)OC1=S,0
CCOC(=O)Cn1nnnc1CN(Cc1ccc(OC)cc1)Cc1cc2cc(C)cc(C)c2[nH]c1=O,0
COc1ccc(S(=O)(=O)N(CCCN2CCCC2=O)Cc2cc3c(C)ccc(C)c3[nH]c2=O)cc1,0
Cc1ccc2c(CC(=O)N3CCc4ccccc43)coc2c1,0
CS(=O)(=O)NC1=NC2=NC(c3ccc(Br)cc3)=CC(c3ccccc3)N2N1,0
Cc1ccc2c(c1)C(O)(CC(=O)c1ccc3c(c1)OCO3)C(=O)N2,0
COc1ccc(CNc2nc(NCc3ccc(OC)cc3)n(C(=O)c3ccccc3[N+](=O)[O-])n2)cc1,0
Cc1cccn2c(/C=N/OCc3ccc(F)cc3)c(-c3ccc(Cl)cc3)nc12,0
Nc1cc(=O)[nH]c(=O)n1Cc1ccco1,0
COC(=O)c1ccc(NC(=S)Nc2ccc3ccccc3c2)cc1,0
C=CCSC1=C(C#N)C(c2ccccc2OCC)C(C#N)C(=O)N1,0
CN1CCc2[nH]c3ccc(C(=O)NN)cc3c2C1,0
Cc1nn(-c2cc(N3CCOCC3)ccc2N)c(=O)c2ccccc12,0
CCOC(=O)CN(C(=O)CN1CCC(n2nnc3cc(C)ccc32)CC1)c1ccccc1,0
CCCC(C(=O)NC1CCCC1)N(C(=O)Cn1nnc(-c2ccc(C)o2)n1)C1CCCC1,0
Cc1ccc(Nc2c(N)c(=O)oc3ccccc23)cc1,0
CC1=C(C(=O)Nc2ccc(F)cc2)C(c2ccncc2)C2=C(CCCC2=O)N1,0
C/C(=N\NC(=O)c1ccccn1)C12CC3CC(CC(C3)C1)C2,0
Cn1c(=O)c2cn(-c3ccccc3)cc2n(C)c1=O,0
CC(=O)Nc1c(C#N)c(C(C)(C)C)cn1C,0
CCCCCOC(=O)c1cc(=O)[nH]c2ccccc12,0
Cc1nc(SCC(=O)c2cccc([N+](=O)[O-])c2)n[nH]1,0
O=C(C(=O)N1CCCc2ccccc21)c1c[nH]c2ccccc12,0
CCOC(=O)c1sc2ncn(CC(=O)N(CC)CC)c(=O)c2c1C,0
Cc1ccc(-n2nc3cc(C)c(NC(=O)c4cccnc4)cc3n2)cc1,0
Cc1cc(NC(=O)c2cnc3ccccn3c2=O)no1,0
CC1=C/C(=C2/CC(c3ccco3)=Nc3ccccc3N2)C(=O)C=C1,0
Cc1nc2ccccc2cc1O,0
OC(COc1ccc2cc(Br)ccc2c1)CN1CCCC1,0
Cc1csc(NC(=O)CCn2c(=O)oc3ccccc32)n1,0
COc1cccc(C2=CC(c3ccccc3)N3NC=NC3=N2)c1,0
COc1ccc(C(=O)/C=C/Nc2ccccn2)cc1,0
Cc1ccc(C(=O)Nc2ncnc3sc4c(c23)CCCCC4)cc1,0
COc1ccc(-c2cc3nc(-c4ccccc4)cc(N4CCC5(CC4)OCCO5)n3n2)cc1,0
COc1ccc(-c2cccc(C(=O)Nc3ccc(C)cc3)c2)cc1,0
O=C(c1ccccc1)c1nc[nH]c1C(=O)Nc1ccccc1,0
Cc1ccccc1Nc1nc(CSc2nnnn2-c2ccccc2)cs1,0
COC(/C=C/Nc1ccc(C)c(C)c1)=C(C#N)C#N,0
Cc1cccc(N2C(=O)c3cccc4c(N(C)CCO)ccc(c34)C2=O)c1,0
O=C(Cn1cnc2ccccc2c1=O)c1cccs1,0
CCN(CC(=O)Nc1c(C(=O)OC)[nH]c2ccc(C)cc12)c1ccc2c(c1)OCO2,0
CCC(CC)NC(=O)c1n[nH]c(=O)c2ccccc12,0
c1ccc2c(c1)NC1=NCN(Cc3ccc4c(c3)OCO4)CN12,0
Oc1ccccc1C1Nc2cccc3cccc(c23)N1,0
C=CCn1c(COc2cccc3ccc(C)nc23)nnc1SCC(N)=O,0
CC(C)CC(=O)N1CCC(N2CCN(c3ccccc3)CC2)CC1,0
CCN1CC=C(c2c[nH]c3ccccc23)CC1,0
CC1Sc2ccc(C(=O)O)cc2NC1=O,0
O=C(NNC(=O)c1ccc2ccccc2c1O)c1ccccc1Cl,0
O=C(Nc1cccc2cccnc12)c1ccc(Br)o1,0
COc1ccc(CC(C)N2CCN(c3ccccc3)CC2)cc1OC,0
COc1ccc(C)cc1S(=O)(=O)Nc1ccccc1C,0
CCC(=O)Nc1nnc(-c2ccncc2)s1,0
CCOC(=O)Nc1nc(C)c(C(=O)c2ccc(Cl)cc2)s1,0
CC1CCCN(c2nc3c(c(=O)n(C)c(=O)n3C)n2CCSc2nc3ccccc3s2)C1,0
O=C(NCC(=O)N(c1cnc2ccccc2c1)C(C(=O)NC1CCCC1)c1ccncc1)c1ccco1,0
Clc1ccc(-c2nc3ccccc3n2OCc2ccccc2)cc1,0
Cc1ccccc1N1C(=O)c2ccccc2NC1c1ccncc1,0
CN1CCN(C(=O)c2ccccc2-c2nc(-c3ccccc3)no2)CC1,0
CN1C(=O)c2ccccc2C(C(=O)NCc2ccco2)C1c1c[nH]c2ccccc12,0
CCOC(=O)CC(=O)Nc1ccc(Br)cc1C(=O)O,0
Cc1c(-c2nc(N)nc(Nc3ccc(F)cc3)n2)oc2ccccc12,0
Cc1ccc(C(=O)NNC(=O)Cc2ccccc2)cc1,0
O=C(Nc1ccccc1C(F)(F)F)N1CCCCCC1,0
CCCC(=O)Nc1ccc2c(c1)nc(CN1CCCC1)n2C,0
Cc1cc(N2C(=O)C(=O)/C(=C(/O)c3ccc(Cl)cc3)C2c2cccc(Br)c2)no1,0
Cc1nn(C)c(C)c1S(=O)(=O)N(CC(=O)NC1CCCCCC1)c1ccc(C(C)C)cc1,0
Cc1cccc(OCC(=O)Nc2nonc2NC(=O)COc2cccc(C)c2)c1,0
Brc1ccc(-c2nnc(-c3ccccc3)o2)o1,0
O=C1c2ccccc2C(=O)N1Cc1nc2ccccc2c(=O)n1-c1ccccn1,0
CCOc1ccc(CC(=O)Nc2c(C(N)=O)oc3ccccc23)cc1OCC,0
CC(=O)CC(=O)Nc1ccccc1NC(C)=O,0
Cc1ccc2cc3cc(C(=O)NCCCN4CCCCCC4)oc3nc2c1,0
CCCOc1ccccc1Nc1nc(=O)c(C)n[nH]1,0
C/C(N)=C(/C#N)C(=O)CSc1nc2ccccc2[nH]1,0
O=C(Nc1nc(-c2ccccc2)cs1)c1cccc([N+](=O)[O-])c1,0
O=C(NCc1ccc2c(c1)OCO2)c1cccc([N+](=O)[O-])c1,0
COc1ccc(CN(Cc2nc(=O)c3ccccc3[nH]2)C(=O)C(C)(C)C)cc1,0
CCC1Oc2ccc(C)cc2N(CC(=O)N(Cc2cccnc2)Cc2ccc(C)o2)C1=O,0
COC(=O)c1c(NC(=O)c2ccnn2C)sc(C)c1C,0
NC(=O)CSc1nnc(-c2cnccn2)n1-c1ccccc1,0
Cc1cccc(Nc2nc(N)nc(CN3CCN(Cc4ccc5c(c4)OCO5)CC3)n2)c1,0
O=C(CCN1CCCC1)Nc1cccc(Br)c1,0
OCCNc1nc2ccccc2n1-c1ccccc1,0
Cc1nnc2c(Oc3ccccc3)nc3ccccc3n12,0
CCn1c(SCC(=O)N2CCCCC2)nnc1-c1ccc(S(=O)(=O)N2CCN(C)CC2)cc1,0
COc1cc(-c2nc3cnccc3n2C)cc(OC)c1OC,0
COCCn1nnnc1CN(Cc1cc2cc(OC)c(OC)cc2[nH]c1=O)C1CCCC1,0
O=[N+]([O-])/C=C/c1cn(Cc2ccc(F)cc2)c2ccccc12,0
CCOC(=O)C1=C(C)NC(=O)NC1c1c(OCC(=O)N2CCCCC2)ccc2ccccc12,0
O=C(Nc1ccc(NC(=O)C2CC2)nc1)c1cccc(F)c1,0
Cc1cc(N2CCC(C(=O)NCC3CC3)CC2)nc(-c2ccccc2)n1,0
CC1CCN(C(=O)C2CCN(S(=O)(=O)c3cccnc3)CC2)CC1,0
CC1=CC(C)(C)N2C(=O)C3(C(C#N)=C(N)Oc4cc(C)oc(=O)c43)c3cc(C)cc1c32,0
Cc1ccc2cc(C)c(NCCO)nc2c1,0
Cc1cc(C)c(S(N)(=O)=O)c(C)c1-n1cnnn1,0
CC(C)=CC(=O)OCC(=O)Nc1ccc(F)cc1Cl,0
CNS(=O)(=O)c1cccc(C(=O)OC2CCCCC2=O)c1,0
COc1ccc2[nH]cc(C(=O)CN3CCCCC3)c2c1,0
O=c1/c(=C/c2ccc3c(c2)OCO3)sc2n1CCCN=2,0
Cc1ccccc1NC(=O)CN(C)S(=O)(=O)c1cccc2cccnc12,0
CC(=O)c1c(C)[nH]c(C(=O)NCCc2ccccc2)c1C,0
CCOC(=O)c1sc(=S)n(-c2ccc(C)cc2)c1SC,0
CC1(C)Cc2c(C#N)c(N3CCCC3)nc(-c3ccco3)c2CO1,0
Cn1c2ccccc2c2ncn(CCN3CCOCC3)c(=O)c21,0
O=C(OCC(=O)c1c[nH]c2ccccc12)c1ccc(Br)o1,0
CC1CCCCN1C(=O)C1CC(c2ccc(F)cc2)=NO1,0
Cc1oc(C(=O)O)cc1CSCc1ccoc1C(=O)O,0
Cc1ccc(SC(C)C(=O)Nc2ncn[nH]2)cc1,0
NC(=O)c1cn(-c2ccccc2)nc1-c1cccnc1,0
COCCNc1cc(C)nc2c3c(C)cc(C)nc3nn12,0
Fc1cccc(NCc2cn3ccccc3n2)c1,0
COc1cccc(-c2ccc(-c3noc(-c4ccccc4F)n3)c(OC)n2)c1,0
COc1ccc(C(C(=O)NC2CCCCC2)N2CCC3(CC2)OCCO3)cc1,0
CCc1nc2cc(C)nn2c2nc3ccccc3n12,0
O=C(O)c1ccccc1S(=O)(=O)c1ccccc1CO,0
Cc1ccc2cc(C#N)c(NCCNC(=O)C3CC3)nc2c1C,0
CCCc1cc(C(=O)Nc2sc3c(c2C#N)CCC3)no1,0
O=C(NCCC1=CCCCC1)c1ccc(Cl)c(S(=O)(=O)Nc2ccccc2)c1,0
CCCCn1c(N2CCC(Cc3ccccc3)CC2)nc2c1c(=O)[nH]c(=O)n2C,0
COc1ccc(-c2cnn(C3CCS(=O)(=O)C3)c2N)cc1,0
O=C(CSc1ncn[nH]1)N1CCN(S(=O)(=O)c2ccc(Cl)cc2)CC1,0
Cc1ccccc1NC(=O)CCN1CCCCCC1,0
CCOC(=O)c1ccc(NCc2nc3ccccc3n2C)cc1,0
Cn1nnnc1SCC(=O)Nc1ccccc1-c1ccccc1,0
O=C1C2CC=CCC2C(=O)N1CC1CCCO1,0
Cc1cc(NC(=O)CCC(=O)N(CC(=O)NC2CCCC2)c2cccc(C)c2C)no1,0
O=C(OCCCN1CCCC1)C1(c2ccccc2)CCCC1,0
CN1CCC(n2nccc2N)CC1,0
CCC(=O)NCCc1nc2ccccc2n1Cc1ccccc1,0
CCOC(=O)c1cnc(-c2ccccc2)nc1Oc1ccccc1,0
CCOc1ccccc1Nc1nc2ccccc2[nH]1,0
CC(C)(C)c1ccc(-c2cc(C(=O)NNC(=O)Nc3ccccc3)c3ccccc3n2)cc1,0
CCOC(=O)c1ccc(NC(=O)CSc2nnc(CNC(=O)c3c(F)cccc3Cl)o2)cc1,0
Cc1nn(Cc2ccc(C(=O)n3cccn3)o2)c(C)c1Br,0
CCCN(CCC)S(=O)(=O)c1ccc(C(=O)N2CCOCC2)cc1,0
Cc1cc(C)cc(Oc2ccc(N)cc2)c1,0
COC(=O)c1ccccc1NS(=O)(=O)c1ccc(F)cc1,0
COc1ccc(-c2noc(-c3ccccc3-c3ccccc3)n2)cc1OC,0
O=c1[nH]c(=O)n(CCO)c2nnn(Cc3ccccc3)c12,0
Cc1nn(C)cc1/C=C1\CCC/C(=C\c2cn(C)nc2C)C1=O,0
Cc1cc(C)n(-c2ccc(C(=O)OCn3nnc4ccccc4c3=O)cc2)n1,0
COc1ccc(Cn2c(=O)[nH]c3cc(C(=O)NCc4ccc5c(c4)OCO5)ccc3c2=O)cc1,0
COc1ccc(NC(=O)N2CCn3c2nc2ccccc23)cc1,0
Cc1ccccc1NC(=O)c1ccc(NC(=O)c2ccco2)cc1,0
O=C(Cn1c(=O)c(C(F)(F)F)nc2ccccc21)N1CCC2(CC1)OCCO2,0
O=C(CCCc1c[nH]c2ccccc12)N1CCCCCC1,0
CSc1nc2ccccc2n1C(=O)Oc1ccccc1,0
CCOCCCNC(=O)C1CCN(S(=O)(=O)c2c(C)noc2/C=C\c2ccc(OC)cc2)CC1,0
Cc1ccc(CCNC(=O)c2nnn(-c3cc(C)cc(C)c3)c2N)cc1,0
COc1ccc(-n2c(SCC(=O)Nc3nccs3)nnc2-c2ccccc2)cc1,0
Cc1ccc(C(=O)Nc2nc3ccccc3c(=O)s2)cc1,0
CSc1nc2c(c(OC(=O)c3cccc(C)c3)n1)CCCC2,0
CC(C)CNc1oc(-c2ccc(F)cc2)nc1C#N,0
CC(C)OCCCNc1ncnc2c1cnn2-c1ccccc1,0
CCN(CC)C(=S)SCC(=O)Nc1cccc(C(F)(F)F)c1,0
O=C(NCN1CCc2ccccc2C1)c1cnccn1,0
COC(=O)c1cc(Br)c(=O)n(Cc2ccc(OC)c(OC)c2)c1,0
O=C(NC1CCCCC1)N(Cc1cc2cc3c(cc2[nH]c1=O)OCCO3)CC1CCCO1,0
CS(=O)(=O)Nc1ccc(C(=O)NCc2cccnc2)cc1,0
Cc1cccc(-c2noc(CN(C(=O)C34CC5CC(CC(C5)C3)C4)C(C)C)n2)c1,0
COCCCNC(=O)c1cc2c(s1)CS(=O)(=O)C2,0
CN(C)c1ccc(/N=C/C=C2\N(C)c3ccccc3C2(C)C)cc1,0
Cc1ccc2[nH]c3c(c2c1)CN(C(=O)CN1CCN(c2ccccc2)CC1)CC3,0
Cc1cccc(Oc2nc(-c3cccc([N+](=O)[O-])c3)nc3ccccc23)c1C,0
CCOC(=O)C1=CC2=NC(C)CC(C(F)(F)C(F)(F)F)N2N1,0
CCOC(=O)CSc1nnc(-c2cccnc2)o1,0
O=C(NCCCn1ccnc1)C(=O)NCc1ccccc1,0
CC(C)(C)NC(=O)c1cccc(NC(=O)c2ccc(NC(=O)c3ccco3)cc2)c1,0
CCOc1ccc(N2CC(=O)Nc3ccccc3NCC2=O)cc1,0
COCCNC(=O)c1ccccc1-c1nc(-c2ccccc2OC)no1,0
C=CCOc1cccc(C2/C(=C(/O)c3ccccc3)C(=O)C(=O)N2CCN2CCOCC2)c1,0
CC(=O)Nc1cccc(S(=O)(=O)N2CCCCCC2)c1,0
Cc1nn(C)c(C)c1C(=O)NN,0
Cn1c(=O)n(C)c2cc(CNc3ccc(N4CCOCC4)c(C(=O)O)c3)ccc21,0
O=C(Cn1cncn1)N/N=C/c1c2ccccc2cc2ccccc12,0
CC(C)C(=O)Nc1cccc(C(=O)Nc2nccs2)c1,0
CCS(=O)(=O)N1CCN(c2c(Cl)cccc2[N+](=O)[O-])CC1,0
COc1ccccc1NC(=O)Nc1ccc2c(c1)nnn2C,0
Cc1ccc(NC(=O)C2CCCN(c3ncccn3)C2)cc1F,0
N#CC1=C(N)OC2=C(C(=O)CCC2)C1c1ccccc1,0
CCN1CCN(C(=O)c2ccc3c(=O)n(CCC4=CCCCC4)c(=O)[nH]c3c2)CC1,0
COc1ccc(OCCOC(=O)c2cccc(-n3cnnn3)c2)cc1,0
Cc1c(Br)c([N+](=O)[O-])nn1C(C)C(=O)N1CCCc2ccccc21,0
CCOC(=O)C1CCN(C(=O)Nc2ccc(OC)c(OC)c2)CC1,0
CCOC(=O)CSc1nc2c(c(=O)n(Cc3ccccc3Cl)c(=O)n2C)n1C,0
Nn1c(CSc2nc3ccccc3o2)nnc1CSc1nc2ccccc2o1,0
CC(=O)c1cccc(NC(=O)N2CCCC2C(=O)Nc2ccccc2C)c1,0
Cc1ccc(OCC(=O)NNC(=O)c2cccnc2)cc1,0
O=C(NCc1ccco1)c1n[nH]c(=O)c2ccccc12,0
CCC(=O)Nc1nc2ccc(NC(C)=O)cc2s1,0
Cc1c(-c2ccccc2)[n+](=O)c2c(n1[O-])CCC2,0
COC(=O)C(CCSC)NC(=O)N1CCN(Cc2ccccc2)CC1,0
Cc1ccc(Cn2nnnc2CN2CCC(n3nnc4cc(C(F)(F)F)ccc43)CC2)cc1,0
CC(=O)c1ccc(NC(=O)c2ccn[nH]2)cc1,0
Cc1[nH]c2c(Br)cccc2c1C1C(CC#N)C1(C)C,0
NC(=O)C1CCN(CCC(=O)Nc2ccc(Br)cc2)CC1,0
Cc1ccc(-c2nn(Cc3ccccc3)cc2/C=C/C(=O)O)cc1C,0
Cc1ccccc1NCC(=O)c1ccc(Br)cc1,0
N#Cc1c(/N=C/N2CCCC2)oc(-c2ccccc2)c1-c1ccccc1,0
Cn1nccc1C(=O)Nn1cnnc1,0
Cc1nc(SCC(=O)N2CCN(c3ccccc3)CC2)c2oc3ccccc3c2n1,0
CCN1C(=O)c2cccc3c(S(=O)(=O)Nc4ccccc4)ccc1c23,0
Cc1cc(=O)nc(-n2nc(C)c(Oc3ccccc3O)c2C)[nH]1,0
CC1=C2C(=NC3=C(C(=O)CCC3)C2c2ccccn2)N(c2ccccn2)N1,0
Cc1cc(C)nc(SCC(=O)N2CCC(C(N)=O)CC2)n1,0
O=C(Nc1nccs1)c1cc2sccc2n1Cc1ccc(F)cc1,0
Cc1nn(CC(=O)Nc2ccc3c(c2)nc(CN2CCCCC2)n3C)c(=O)c2ccccc12,0
COc1ccc(C)cc1NC(=O)CCN1CCCC1,0
Cc1ccc(OCCC(=O)Nc2c(C)n(C)n(-c3ccccc3)c2=O)cc1,0
CCOC(=O)c1c(C)n(CC(O)c2ccccc2)c2ccc(O)cc12,0
CC(C)CCn1cnc2c(c1=O)c1nc3ccccc3nc1n2Cc1ccc2c(c1)OCO2,0
Cc1ccc(C(=O)N2CCSCC2)cc1,0
CC(NS(=O)(=O)c1ccc(OCC(=O)N2CCOCC2)cc1)c1ccccc1,0
C/C(=C\C(=O)c1ccc(C)cc1)Nc1cccc(O)c1,0
COc1cc(CNc2ncn[nH]2)cc(Br)c1OC,0
CN(Cc1ccccc1)c1nc2c(c(=O)[nH]c(=O)n2C)n1CCOc1ccccc1,0
CCc1ccc2c(c1)C1(SC(NC(C)=O)=NN1C(C)=O)C(=O)N2C(C)C,0
COc1ccc2c(CCNC(=O)c3ccco3)c[nH]c2c1,0
O=c1/c(=C/c2cccnc2)sc2nc3ccccc3n12,0
CSc1nnc(Cc2cc(=O)[nH]c(=O)[nH]2)n1-c1cc(C)ccc1C,0
Nc1nonc1-c1nc2ccccc2n1Cc1ccc(F)cc1,0
CCO/C(C)=N/n1c2nc3ccccc3nc2c2c(=O)n(C3CCCC3)c(C)nc21,0
Cc1c(C(=O)NC2CCCc3ccccc32)oc2ccc(S(=O)(=O)N3CCCC3)cc12,0
CC(=O)c1c(C)nn(C(=O)c2cccs2)c1C,0
CCSc1nnc(NC(=O)CSc2nccn2-c2cc(C)cc(C)c2)s1,0
O=C1NC(Cc2ccccc2)C(=O)N1CCN1CCOCC1,0
CC(=O)Nc1ccc(S(=O)(=O)N(C2=NCC(C)S2)c2ccccc2)cc1,0
O=C1CC(c2ccc3c(c2)OCO3)C2=C(CCCC2=O)N1,0
Cc1cccc(C(CC(=O)N2CCCC2)c2ccccc2)c1O,0
Cc1cccc(NC(=O)CCC(=O)NCCO)c1,0
CCOC(=O)C1=C(C)NC(=O)NC1c1ccc(N(C)C)cc1,0
OC(C#CCN1CCOCC1)c1cccs1,0
COc1cccc(CNC(=O)c2ccc3nc[nH]c3c2)c1,0
O=C(COc1ccc(OCc2ccccc2)cc1)NC1CCOC1=O,0
COc1ccc(N2C(=O)C3C4C=CC(CC4)C3C2=O)c([N+](=O)[O-])c1,0
Brc1ccc(-c2cn3nc4c(nc3n2)CCCC4)cc1,0
Cc1ccccc1NC(=O)NCCCN1CCCC1,0
COc1ccc2[nH]c(C)c(C(=O)CN(C)C)c2c1,0
CCOc1ccc(N(C(=O)Nc2ccccc2)C2=NCCC2)cc1,0
CCOC(=O)Nc1ccc(S(=O)(=O)Nc2nccc(C)n2)cc1,0
O=C(COc1ccccc1O)Nc1ccccc1Cl,0
Cc1ccc(S(=O)(=O)N(C)CC(=O)Nc2cccc3c2CCCC3)cc1,0
O=C(c1nc2ncccn2n1)N1CCc2ccccc2C1,0
COc1ccccc1N1CCN(/N=C/C=C\c2ccco2)CC1,0
Cn1cc([N+](=O)[O-])c(C(=O)Nc2ccn(Cc3c(F)c(F)cc(F)c3F)n2)n1,0
O=C(NCn1cnccc1=O)c1ccccc1,0
COC(=O)c1cc(Br)c(=O)n(CCN(C(C)C)C(C)C)c1,0
O=C(Nc1ccccc1C(=O)N1CCOCC1)C1CCC(=O)N1C1CCCC1,0
COc1ccc(OC)c(N2C(SCC(=O)Nc3cc(C)on3)=NN/C2=C2/C=Nc3ccccc32)c1,0
CC(C)(C)NC(=O)CSc1nnnn1C(C)(C)C,0
CCCCCCn1c(NCC)nc2c1c(=O)n(C)c(=O)n2C,0
CCOC(=O)C1CCN(C(=O)COC(=O)c2ccc(Br)o2)CC1,0
COc1cccc(C(=O)CSc2nc3cccnc3n2C)c1,0
COC(=O)c1cn(CC(=O)NCc2cccs2)c2ccccc12,0
CCOC(=O)N1CCC(N(C(=O)Nc2ccc(Cl)c(Cl)c2)C(C)CC)CC1,0
Cc1ccnc(NC(=O)CS(=O)(=O)Cc2ccccc2)c1,0
CC(=O)Nc1ccc(NC(=O)c2c(C)nc3ccccn23)cc1,0
CCC(c1nc2ccccc2c(=O)n1CCCn1ccnc1)N1C(=O)c2ccccc2C1=O,0
O=C(NCc1ccc2c(c1)OCO2)c1cccnc1,0
CC(C)(C)c1ccc(C(=O)Nc2ccccc2NC(=O)c2ccco2)cc1,0
Cc1cccc(N2CCN(C(=O)CCNC(=O)Cn3ccc4ccccc4c3=O)CC2)c1C,0
COc1ccc(-c2nc(-c3ccccc3OC)no2)cc1OC,0
COc1ccc(CCCc2nnc(SCC(=O)Nc3nc(C)cs3)n2C)cc1C,0
O=C(CSc1nnc(-c2ccncc2)n1CC1CCCO1)Nc1cccc(O)c1,0
COC(=O)c1ccc(Nc2nc(=O)cc(C)[nH]2)cc1,0
CC1CC(=O)c2cnc(Nc3cccc(C(F)(F)F)c3)nc2C1,0
O=C1Nc2ccc(Br)cc2C1(O)Cc1ccccn1,0
CC(C)Cn1cnc2c1c(=O)n(CC(=O)Nc1ccc3c(c1)OCO3)c(=O)n2Cc1ccccc1,0
CC(=O)C1=C(O)C(=O)N(c2ccc(Br)cn2)C1c1ccccc1F,0
O=C1CC(N2CCN(Cc3ccc4c(c3)OCO4)CC2)C(=O)N1c1ccccc1,0
O=C(Cn1cc([N+](=O)[O-])cn1)Nc1nc2ccccc2s1,0
CCC(=O)Nc1ccc(-c2cc(-c3ccccc3)nc(-c3ccc(NC(=O)CC)cc3)n2)cc1,0
Cn1c(CO)cnc1SCc1ccccc1,0
COc1cc(C(=O)N2CCC(NC(=O)C(Cc3ccc(C)cc3)NC(C)=O)CC2)cc(OC)c1OC,0
Cc1cc2c(ncn2C(C)C)c(N)c1C,0
CSCCC(NC(=O)c1ccco1)C(=O)OC(C)C(=O)NC(=O)NC1CCCCC1,0
Cc1nc2cc(NC(=O)NCc3ccco3)ccc2o1,0
CC(=O)NC(=O)NC1CSCC1OC(C)=O,0
COc1ccc(C(CNC(=O)COc2ccccc2OC)N(C)C)cc1OC,0
Cc1ccc2[nH]c3c(N4CCOCC4)ncnc3c2c1,0
Cc1[nH]c(=O)[nH]c(=O)c1S(=O)(=O)N(C)Cc1ccccc1,0
Cc1nc(CCN2C(=O)c3ccccc3C2=O)cs1,0
Cc1c(Br)cc(C(=O)N2CCCCCC2)c(C)c1C,0
CCc1c(C)nc2ncnn2c1NCCc1ccccc1,0
CCc1nnc(NC(=O)CSc2nnc(CCc3nc4ccccc4[nH]3)n2C)s1,0
CC(C)NC(=S)NNC(=O)C12CC3CC(CC(C3)C1)C2,0
Cc1cc(C)c(NC(=O)c2ccccc2N(C)S(C)(=O)=O)c(C)c1,0
COc1ccc(CNc2cc(C)nc3ncnn23)c(OC)c1,0
COc1ccccc1NC(=O)CCC(=O)Nc1ccccc1OC,0
Cc1ccccc1-n1c(-c2cccnc2)n[nH]c1=S,0
O=C(NCCc1nc2ccccc2[nH]1)c1ccco1,0
O=S(=O)(NCc1ccccc1)c1cccc(S(=O)(=O)N2CCOCC2)c1,0
CCN(CC)S(=O)(=O)c1ccc2c(c1)nc(SCc1nc(=O)c3sccc3[nH]1)n2CC,0
Cc1cc(NC(=O)CCC(=O)N(c2ccccc2)C2(C(=O)NC3CCCCC3)CCCC2)no1,0
O=C(Cn1[nH]c(=O)c2ccccc2c1=O)OCC(=O)N(Cc1ccccc1)Cc1ccccc1,0
Cc1cc2[nH]ncc2cc1NC(=S)NC(=O)c1ccccc1,0
CCCc1cc(=O)nc(SCC(=O)N(CC)Cc2ccccc2)[nH]1,0
CCn1nnc(-c2ccccc2NC(=O)c2cc(OC)cc(OC)c2)n1,0
CCn1nc(NC(=O)c2cccnc2)c2cc3ccccc3nc21,0
COc1ccc(CNC(=O)CCn2c(=O)oc3ccccc32)cc1,0
COc1cccc(-c2nnc(NC(=O)C(C)C)o2)c1,0
Cc1ccccc1C(=O)NC1CCN(Cc2nnnn2Cc2ccccc2)CC1,0
Cc1c(NC(=O)c2ccc3c(c2)OCO3)c(=O)n(-c2ccccc2)n1C,0
Cc1ccccc1-c1noc(N)c1C#N,0
COc1ccc(CC(=O)Nc2nc(C)cs2)cc1OC,0
CCCCn1nc(C(=O)O)ccc1=O,0
Cc1cc(C)c(OCCCCn2cnc3ccccc3c2=O)c(C)c1,0
O=C(CN1CCC(C(=O)c2ccc3c(c2)OCCO3)CC1)NC1CCCC1,0
COc1cc(CNc2ccccc2Oc2cc(=O)n(C)c(=O)n2C)cc(OC)c1OC,0
COc1ccc(-c2nnc(SC(C)C(=O)Nc3cccc(Cl)c3)o2)cc1,0
N#CCCN(Cc1cccnc1)C(=O)c1ccc(S(=O)(=O)N2CCOCC2)cc1,0
CCc1cc2c(=O)n(C(C)C(=O)OC3CCCCC3)cnc2s1,0
COc1ccc(-c2c(NC(C)=O)n(C)c3ccccc3c2=O)cc1,0
O=C1C2C3C=CC(C3)C2C(=O)N1c1nc2ccccc2s1,0
C=CCn1c(Cc2ccc(OC(C)C)c(Cl)c2)nnc1SCC(N)=O,0
Cc1ccc(C)n1-c1ccc(-n2cnnn2)cc1,0
O=c1cc(Nc2ccc3c(c2)OCCO3)[nH]c(=O)n1C1CCCCC1,0
COc1ccccc1C1CC(=O)Nc2c1c(=O)n(C)c(=O)n2C,0
COc1ccccc1NC(=O)Cn1c(=O)oc2ccccc21,0
COc1ccccc1-c1nnn(CC#N)n1,0
CC(C)NC(=O)C1CCCN(S(=O)(=O)c2cccs2)C1,0
Cc1nc(NC(=O)c2ccccc2)sc1-c1csc(Nc2ccc(F)cc2)n1,0
CCCOc1ccc(N2C(=O)CC(N(Cc3ccc(S(N)(=O)=O)cc3)C(=O)CC)C2=O)cc1,0
COc1ccccc1N(CC(=O)NC1CCCCC1)C(=O)CCC(=O)Nc1ccccn1,0
CCC(c1nnnn1CCc1ccccc1)N(Cc1ccco1)Cc1cc2cc(C)cc(C)c2[nH]c1=O,0
Cc1c(C#N)c2ncnc(-c3ccccc3)c2n1-c1ccccc1,0
O=C(CN1CCSCC1)N/N=C/c1ccc(F)c(F)c1,0
Cc1ccc(-c2cc(C(=O)Nc3cnn(C(C)C)c3)no2)cc1,0
C/C(NC1CCCC1)=C(/C#N)C(N)=O,0
CCn1c(O)c(C(=O)Nc2cccnc2)c(=O)c2ccccc21,0
COC(=O)CCC(=O)Nc1cccc(Br)c1,0
CCN1C(=O)NC(=O)/C(=C\c2ccc(N3CCOCC3)cc2OC)C1=O,0
CSc1nc(Cl)c(Cc2ccc(OC(C)C)cc2)c(N2CCOCC2)n1,0
COc1cccc(/N=c2\oc3ccc(OC)cc3cc2-c2nc3ccccc3[nH]2)c1,1
COc1ccc(C(=O)NCCc2nnc(SCc3nc(=O)c4ccccc4[nH]3)n2C)cc1,0
CC(C)(C)NC(=O)CN(Cc1cccnc1)C(=O)c1csnn1,0
O=C(Nc1nc2ccc(S(=O)(=O)N3CCCC3)cc2s1)C1CCCCC1,0
Cc1ccc(N(CCC#N)C(=O)CSc2ccc3c(c2)OCCO3)cc1,0
Oc1cnn(-c2ccccc2)c1,0
Nc1c2c(=O)oc(-c3ccccc3)cc2nn1-c1ccccc1,0
COc1ccccc1C(=O)Nc1ccc2oc(-c3ccc(F)cc3)nc2c1,0
CCc1ccc2[nH]c(=O)c(CN(Cc3ccccc3)Cc3nnnn3Cc3ccco3)cc2c1,0
O=C(OCCOc1ccc(Br)cc1)c1cnccn1,0
CCn1c(NCc2cccc(OC)c2OC)nc2ccccc21,0
Nc1nonc1N1CCCCC1,0
COC(=O)CSC1=C(C#N)C(c2ccc(C)cc2)C2=C(CCCC2=O)N1,0
O=C(NCCCn1ccnc1)Nc1cccc2ccccc12,0
CN(C)CCCNc1ncnc2c1cnn2-c1ccccc1,0
COc1cccc(N2CCN(C3OC(=O)c4ccccc43)CC2)c1,0
Cc1ccc(C)c(NC(=O)Cn2nc(-c3ccccc3)nc2-c2ccccc2)c1,0
Cc1[nH]c2ccccc2c1C(=O)CN1CCC(C)CC1,0
CCCNC1=C(C)C(=O)CC1,0
Cc1nc(C)c(C(=O)Nc2ccc(Oc3ccccc3)cc2)o1,0
CCC(Sc1nnnn1-c1ccccc1)C(=O)Nc1nc2ccccc2s1,0
COc1ccc(CCNC(=O)c2ccn[nH]2)cc1OC,0
CCOC(=O)Nc1ccc(S(=O)(=O)Nc2cc(C)on2)cc1,0
O=c1nc(Cc2cccs2)[nH]c2ccccc12,0
CC(C)CC(=O)Nc1ccccc1-c1nnn(CC(=O)N2CCOCC2)n1,0
CCc1nnc(NC(=O)CSc2nnc(CNc3cccc(C)c3)n2-c2ccccc2)s1,0
O=C1CN(C(=O)c2cc(Br)c(Br)s2)c2ccccc2N1,0
CCC(C)(C)n1nnnc1CN1CCc2ccccc21,0
CC(C)C(NC(=O)C1CCC(C(C)(C)C)CC1)C(=O)NCc1cccnc1,0
COc1ccc(C)cc1NC(=O)c1nc2nc(C)cc(C)n2n1,0
O=S(=O)(Cc1cc(Cl)nc(-c2ccccc2)n1)c1ccccc1,0
CCOC(=O)N1CCN(c2cc(=O)n(C3CCCCC3)c(=O)[nH]2)CC1,0
Cc1cccc2cc(C(c3nnnn3C(C)(C)C)N(Cc3ccco3)CC3CCCO3)c(=O)[nH]c12,0
COc1ccc(OCC(=O)Nc2ccc3c(c2)nc(CCN2CCOCC2)n3C)cc1,0
CC1CCC(NC(=O)c2ccc(N3CCCC3=O)cc2)CC1,0
C1=C(CCNC2=NCCCCC2)CCCC1,0
O=C(Nc1ccc(/C=C/c2nc3ccccc3o2)cc1)c1c(F)cccc1F,0
CCCC(=O)Nc1ccc(NC(=O)c2ccco2)cn1,0
Cc1c(C#N)c2ccccc2n1CC(=O)NC(C)c1ccccc1,0
CCN(CCO)c1ncnc2c1sc1nc(CC(C)C)c3c(c12)CC(C)(C)OC3,0
CCOC(=O)c1cc2sccc2n1CC(=O)Nc1ccc(OC)cc1OC,0
CCN(CC)CCN/C(C)=C(\C#N)C(N)=O,0
CCn1c(SCC(=O)Nc2nc(C)cs2)nnc1C(NC(=O)c1ccccc1Cl)C(C)C,0
CCn1c(CNC(=O)c2cccs2)nnc1SCC(=O)NCCc1ccccc1,0
Cc1cc(NC(=O)c2ccc3c(c2)C(=O)N(Cc2cccnc2)C3=O)no1,0
c1ccc(Cn2c(CSc3nnnn3-c3ccccc3)nc3ccccc32)cc1,0
Cc1ccc(-c2csc3nnc(SCC(=O)Nc4nsc(-c5ccccc5)n4)n23)cc1,0
COc1ccc(O)c(C(=O)CC(=O)c2ccc(F)cc2)c1,0
CN1CCN(Cc2nc3ccccc3n2C)CC1,0
Cc1ccc(Nc2nc(=O)[nH]nc2C)cc1,0
COc1ccccc1NC(=O)c1cn(C)c(=O)c2cc(OC)c(OC)cc12,0
Cc1cc(C)nc(SCc2cccc(C(=O)O)c2)n1,0
CCOC(=O)C1=C(N)Oc2ccc3ccccc3c2C1c1cccnc1,0
CCN(CC)C(=O)Cn1ncc2c1-c1ccccc1OC2,0
CCN(CC)C(=O)c1ccc(C)c(Br)c1,0
CCOC(=O)c1c(NC(=O)CCc2ccc(CC)o2)sc(C)c1C,0
O=C(CN1CCC(c2nc3ccccc3[nH]2)CC1)NCc1ccc2c(c1)OCO2,0
O=S(=O)(NCCSc1nnnn1-c1ccccc1)c1cccs1,0
Cc1c(C(=O)OC2CCCCC2)sc2nc[nH]c(=O)c12,0
Cc1ccc(NS(=O)(=O)c2cc(C(=O)NCc3ccccn3)ccc2Cl)cc1C,0
C=CCn1c(SCC(=O)Nc2cc(C)c(Cl)cc2OC)nnc1-c1ccco1,0
CCCn1c(CN2CCN(c3cccc(Cl)c3)CC2)nc2c1c(=O)n(C)c(=O)n2C,0
CCCCn1c(CN2CCN(CCO)CC2)nc2ccccc21,0
COc1cccc(NC(=O)CSc2nnc(-c3cc(C)n(-c4ccccc4)c3C)o2)c1,0
CCc1ccc(NC(=O)c2cc(-c3ccc(OC)cc3)on2)cc1,0
Cc1ccc(C(=O)CC2(O)C(=O)N(C)c3ccc(Br)cc32)c(C)c1,0
Cc1ccnc(SCC(=O)N2CCN(C(c3ccccc3)c3ccccc3)CC2)n1,0
Cc1ccc(CNC(=O)c2cccc(OCc3c(C)noc3C)c2)cc1,0
COc1cccc(Oc2ccc(N)cn2)c1,0
CC(=O)c1cc2c(cc1NC(=O)CN1CCC(Cc3ccccc3)CC1)OCO2,0
CCCC1(C(=O)OCC)NC(c2ccc(N(C)C)cc2)C2C(=O)N(c3ccc(F)cc3)C(=O)C21,0
CC(C)(C)OC(=O)NC(Cc1ccccc1)c1nnc(SCC(=O)c2ccc(Cl)cc2)o1,0
CCN1CCN(C(c2cccs2)C(C)NC(=O)c2c(F)cccc2F)CC1,0
O=c1nc[nH]c2nc3n(c12)CCCCC3,0
CCCOc1ccc(C(=O)Nc2ccc(N3CCN(C(C)=O)CC3)cc2)cc1,0
COc1ccc(-c2c(C)n([O-])c3c([n+]2=O)CCCC3)c(OC)c1,0
Clc1ccccc1CSc1nnc(-c2cccnc2)n1Cc1ccco1,0
COc1ccccc1N(CC(=O)NCc1ccccc1)C(=O)CCC(=O)Nc1cc(C)ccn1,0
COc1ccccc1-c1noc(-c2cc(OC)c(OC)c(OC)c2)n1,0
Cc1cc(NC(=O)CSc2nnc(-c3cccs3)n2N)no1,0
O=c1c2cnn(-c3ccccc3)c2ncn1/N=C/c1ccncc1,0
O=C(Oc1cccc2c(=O)[nH]ccc12)c1ccccc1,0
CC(C)=C1C2CCC1C(C(=O)NCc1ccccc1)C2C(=O)O,0
Cc1nn(-c2ccc(Cl)cc2)c2sc(C(=O)N3CCN(c4ccccn4)CC3)cc12,0
Cc1ccccc1C(=O)Nc1ccccc1-c1nnn(CC(=O)Nc2ccc3c(c2)OCCO3)n1,0
O=C(COc1ccc(C(=S)N2CCOCC2)cc1)N1CCCC1,0
COc1ccc(S(=O)(=O)/N=C2\C=CC(=O)C(C)=C2C)cc1,0
O=C(NCc1ccc2c(c1)OCO2)c1cc2ccccc2oc1=O,0
COc1cccc(NC(=O)Cn2cc(C#N)c3ccccc32)c1,0
Cn1cccc1-c1nc2ccc(NC(=O)c3ccco3)cc2[nH]1,0
CCOC(=O)c1sc2nc(N3CCOCC3)c3c(c2c1N)CCN(C)C3,0
[O-][N+]1=C(c2cccs2)CN(O)C1,0
O=C1Nc2ccccc2/C1=C/NN1CCCCC1,0
COc1cc2cc(C(c3nnnn3C3CCCC3)N3CCc4ccccc43)c(=O)[nH]c2cc1OC,0
CCOC(=O)c1c(Nc2ccccc2N)cc(C)nc1C,0
CC(C)OC(=O)C(C#N)c1nc2ccccc2nc1N1CCN(Cc2ccccc2)CC1,0
Cn1c(-c2ccc(N)cc2)nc2ccccc21,0
COC(=O)c1ccccc1NC(=O)Cn1cnc2c(cnn2-c2ccccc2)c1=O,0
CCOC(=O)c1c(C)n(C)c2ccc(OC)c(NC(=O)CN3CCCCC3)c12,0
COc1ccc(Cc2n[nH]c(Nc3ccc(C)cc3C)nc2=O)cc1,0
CN(C)S(=O)(=O)NC(c1ccccc1)c1ccccc1,0
CC(=O)C1=C(C)OC(N)=C(C#N)C1c1ccco1,0
Cc1cnc(NC(=O)CSc2nnc(-c3ccccc3)n2Cc2ccccc2)s1,0
C=CCNC(=O)c1ccc(Sc2ccc(C)cc2)c([N+](=O)[O-])c1,0
Cc1ccc(OCCCC(=O)Nc2ccc(Br)cc2)cc1,0
O=S(=O)(c1cccc(C(F)(F)F)c1)N1CCC(O)(c2cccnc2)CC1,0
CCC(SC1=N/C(=C/c2ccccc2OC)C(=O)N1c1ccccc1)C(=O)Nc1cc(C)on1,0
COc1ccc(C2CC(=O)C3=C(C2)Nc2ccccc2N(C(C)=O)C3c2ccco2)cc1,0
COc1ccc(C(=O)Cn2nnc(-c3ccccc3NC(=O)C3CCCCC3)n2)cc1,0
Cc1cc(N2CCOCC2)nc(SCC(=O)c2ccc(Cl)cc2)n1,0
O=C1CC(c2c[nH]c3ccccc23)C(=O)N1c1ccccc1,0
COc1ccc(CON/C=C2\C(=O)NC(=O)N=C2C)cc1,0
Cc1cc(=O)nc(SCC2COC3(CCCCC3)O2)[nH]1,0
COc1cccc(NC(=O)Cc2cn(C)c3ccccc23)c1,0
COc1ccc2nc(NC(=O)c3cc(C)oc3C)sc2c1,0
O=c1cc(CO)oc(C(Nc2ccccn2)c2ccc(F)cc2)c1O,0
CC1Oc2ccccc2N(CC(=O)Nc2ccc3c(c2)OCO3)C1=O,0
COC(=O)C(Sc1nc(C)cc(C)c1C#N)c1ccccc1,0
O=C(CCCc1ccccc1)NCc1cn2ccsc2n1,0
O=C(CSc1nnc2ccccn12)c1ccccc1,0
COc1cccc(-n2nnnc2SCC(=O)Nc2nc3c(s2)CCCC3)c1,0
CCc1nnc(NC(=O)CSc2ncnc3c2cnn3-c2ccc(OC)cc2)s1,0
CCc1c(C(=O)NCc2ccc3c(c2)OCO3)[nH]c(C)c1C(C)=O,0
Cc1cccc(N(CC(=O)NCc2ccc3c(c2)OCO3)C(=O)CCC(=O)Nc2ccccn2)c1C,0
Cc1ccc2nc(Nc3ccccc3O)nc(-c3ccccc3)c2c1,0
Cc1noc(C)c1S(=O)(=O)N1CCC(C(=O)N2CCN(c3ccc(Cl)cc3)CC2)CC1,0
CCCc1ccc(OCc2ccc(C(=O)N/N=C/c3cccc([N+](=O)[O-])c3)o2)c(OC)c1,0
Cc1cc(C(=O)N2CCN(CCc3ccccc3)CC2)no1,0
Cc1c(O)ccc(C(=O)CN2C(=O)c3ccccc3C2=O)c1O,0
COC(=O)Cn1ncc2c(C)n(Cc3ccccc3)c(C)c2c1=O,0
Cc1nn(-c2ccccc2)c2sc(C(=O)NNC(=O)COc3ccccc3)cc12,0
CCOC(=O)C1CCN(S(=O)(=O)c2ccc(C(C)=O)cc2)CC1,0
CCc1nc2oc(C(=O)c3ccccc3)c(N)c2c2c1COC(C)(C)C2,0
Cn1nnnc1Sc1ncnc2scc(-c3ccc(F)cc3)c12,0
Cc1cc(C)nc(N2CCC(CNC(=O)CCc3ccccc3)CC2)n1,0
O=C(Nc1cccnc1)Nc1ccc2c(c1)OCO2,0
Cc1cc(C)nc(N(C#N)Cc2ccc(Br)cc2)n1,0
COc1ccccc1NC(=O)/C(C#N)=C/C=C/c1ccco1,0
Cc1cc(C)nc(SCc2nnc(SCC(=O)NCc3ccco3)n2-c2ccccc2)n1,0
Cc1cc(C(=O)Cn2cncn2)c(C)n1CCc1ccc(F)cc1,0
Cc1cc(C(C)(C)C)oc1C(=O)N(CC(=O)NC1CCCC1)c1c(C)cccc1C,0
Cc1ccc(C)n1-c1ccc(C(=O)NCC2CCCO2)cc1,0
COc1ccccc1C(=O)Nc1ccc(NC(=O)c2ccco2)c(C)c1,0
CCC(=O)Nc1cc(-c2nn(CC(=O)N3CCCCC3)c(=O)c3ccccc23)ccc1N1CCOCC1,0
O=C(CN1CCOCC1)Nc1cccc(Br)c1,0
c1ccc2cc(OCCN3CCCC3)ccc2c1,0
Cc1c(NC(=O)OCc2ccccc2)c(=O)n(-c2ccccc2)n1C,0
Cc1nnc(N2C(=O)c3cccc4cccc(c34)C2=O)s1,0
Cc1ccc2c(C)c(C(=O)Nc3cccnc3)oc2c1,0
O=C(NCc1ccccc1)c1c(O)n2c3c(cccc3c1=O)CCC2,0
O=Nc1ccc(NOC(=O)c2ccc(Br)cc2)cc1,0
Cc1ccc(OCC(=O)NN/C=C2\C=NN=C2c2ccc(Cl)c(Cl)c2)cc1,0
COc1ccc(-c2noc(CCC(=O)Nc3cccc(C)c3)n2)cc1,0
COc1ccc(NC(=O)CSc2nnc(CNc3ccc(F)cc3)o2)c(OC)c1,0
COc1cccc(-n2nc(-c3ccnn3-c3ccc(F)cc3)c(=O)n(C)c2=O)c1,0
Cc1cccc(N2C(=O)NC(=O)/C(=C\c3cnn(-c4ccccc4)c3)C2=O)c1,0
CC(C)NS(=O)(=O)c1ccc(OCC(=O)NCc2ccc3c(c2)OCO3)c(Cl)c1,0
Cc1cc(N2CCN(c3ccccn3)CC2)n2c(nc3ccccc32)c1C#N,0
C/C(Cl)=C/CSc1nc2c(c(=O)[nH]c(=O)n2C)n1C(C)C,0
O=C(Nc1ccc(-n2nncc2-c2ccco2)cc1)c1cc2ccccc2oc1=O,1
O=C(c1cnn2cccnc12)N1CCN(c2ccccc2)CC1,0
O=C(NCCO)c1cc2c(s1)CCC2,0
COc1ccc(C(C(=O)NC2CCCC2)N(Cc2ccccc2)C(=O)CNC(=O)c2ccco2)cc1,0
CSc1ccccc1C(=O)Nc1ccc2c(c1)OCCO2,0
COc1ccc(CN(C)C(c2ccccc2)c2nnnn2-c2ccccc2C)c(OC)c1C,0
CC1=CN2C(=O)C(=C\NO)/C(=N/c3ccccc3)N=C2C=C1,0
COc1ccc(N2CCN(C(=O)c3ccc(N4C(=O)NC5CC4(C)Oc4ccccc45)cc3)CC2)cc1,0
O=C1NC2(CCOc3ccccc32)C(=O)N1CC(=O)N(Cc1ccccc1)C1CCS(=O)(=O)C1,0
O=C(CSc1nnc(NC2CCCCC2)s1)NC1CCS(=O)(=O)C1,0
O=C(CSc1nnc(CNc2ccc(F)cc2)n1Cc1ccco1)NC1CC1,0
O=C(COC(=O)CSc1nnc(-c2ccc(Cl)cc2)o1)NCc1ccc2c(c1)OCO2,0
O=C(NC(=O)N1CCN(c2ccccc2F)CC1)c1ccccc1,0
Cc1cc2c3c(c1)C1(C(=O)N3C(C)(C)CC2C)C(C#N)=C(N)Oc2n[nH]c(C)c21,0
CNC(=O)NCCN1CCCC1=O,0
Cc1cc2nc(-c3ccc(SCC(=O)N4CCOCC4)nc3)[nH]c2cc1C,0
Cc1cccnc1NC(=O)CCCN1C(=O)c2ccccc2C1=O,0
CCCc1cc2c(=O)c(-c3ccc4c(c3)OCCO4)coc2cc1OC(=O)c1ccco1,0
Cc1csc(SC(C)C(=O)Nc2ccc(Cl)cn2)n1,0
Cc1cc(C(=O)Nc2sc(C)c(C)c2C#N)no1,0
Brc1cnc(N2CCOCC2)nc1N1CCCCC1,0
COc1ccc(-c2nnc3n2C(C)(C)Cc2cc(OC)c(OC)cc2-3)cc1,0
Cc1nc(Cc2nnc(SCc3nc(N)nc(Nc4ccccc4C)n3)o2)cs1,0
C/C(=N\Nc1nnc(-c2ccccc2)c(-c2ccccc2)n1)c1cccc([N+](=O)[O-])c1,0
CC(=O)c1cccc(NC(=O)CN(c2cccc(F)c2)S(C)(=O)=O)c1,0
O=C(c1cccs1)c1cn(Cc2ccccc2Cl)c2ccccc12,0
Cc1cc(C)cc(N2CC(C(=O)O)CC2=O)c1,0
CCOC(=O)CSc1nc(N)c(C#N)c(-c2ccc(OC)cc2)c1C#N,0
Cc1nnc(NC(=O)CSc2nnc(-c3ccc(S(=O)(=O)N4CCCC4)cc3)n2C)s1,0
CC(=O)Nc1cc2c(=O)n(Cc3ccccc3)c(C)nc2cc1N1CCOCC1,0
Cc1c(C(=O)NCc2cccnc2)oc2ccccc12,0
Cn1c(SCC(=O)Nc2cccc(NC(=O)c3cccs3)c2)nnc1-c1ccncc1,0
Cn1c(NCc2ccccc2)cc(=O)n(C)c1=O,0
CCOc1ccc(C(=O)NCCCn2ccnc2)cc1,0
CCOC(=O)C(NC(C)=O)(NS(=O)(=O)c1ccccc1)C(F)(F)F,0
O=S(=O)(CCc1nc2ccccc2s1)c1ccc(Cl)cc1,0
CC(C)CCOCc1nc2sc3c(c2c(=O)[nH]1)CCC(C)C3,0
N#Cc1c2ncn(CC(=O)c3ccc(Br)cc3)c(=O)c2c2n1CCC2,0
CCN(CC)S(=O)(=O)c1cccc(-c2nnc(SCc3nnc(-c4cccs4)o3)n2N)c1,0
Cc1nc2ccc(NC(=O)c3cccc(C(F)(F)F)c3)cc2o1,0
O=C(NCc1ccccc1)C(c1ccccc1)N(Cc1cccs1)C(=O)c1cnccn1,0
C=C(C)c1cccc(C(C)(C)NC(=O)NCCCN2CCCC2=O)c1,0
CCOC(=O)c1c(NC(=O)CSc2nnc(-c3cccnc3)n2Cc2ccco2)sc(C)c1C,0
COc1ccccc1CN(Cc1nc(=O)c2ccccc2[nH]1)C(=O)Nc1cccc(C)c1,0
CC(=O)c1cccc(NC(=O)Nc2c(C)nn(C)c2C)c1,0
CCOC(=O)c1sc2ncnc(NCc3ccco3)c2c1C,0
COC(=O)c1ccccc1NC(=O)CN1CCC(NC(=O)c2ccccc2C)CC1,0
COc1ccc(S(=O)(=O)NCCSCc2ccco2)cc1C,0
O=C(C(NS(=O)(=O)c1cccs1)c1ccccc1)N1CCN(c2ccccc2)CC1,0
CC1(C)CC(=O)c2c(nc3ccccc3c2N)C1,0
CCOc1cccc(OCCCOc2ccccc2)c1,0
CCc1ccc(-c2cc(C(=O)NCc3ccco3)c3ccccc3n2)s1,0
Cc1nc2c3cnn(-c4ccc(C)c(C)c4)c3ncn2n1,0
CCOc1cc(-c2nc3ccccn3c2NCC2CCCO2)ccc1O,0
Cc1ccc(-n2ncc3c(NCCCOC(C)C)ncnc32)c(C)c1,0
CC(C)n1nnnc1SCC(=O)NCc1ccco1,0
CCOC(=O)N1CCC(NC(=O)C2CCN(C(=O)N3CCOc4ccccc43)CC2)CC1,0
CCOC(=O)c1ccc(NC(=O)CN(Cc2ccc(Cl)cc2)S(C)(=O)=O)cc1,0
C=C(C)Cn1c(N2CCCC2)nc2c1c(=O)[nH]c(=O)n2C,0
Cc1ccc(OCC(=O)NNC(=O)c2cc3ccccc3o2)cc1C,0
Cc1ccc(C(C)C)cc1S(=O)(=O)NCc1cccnc1,0
CC(C)CC(Nc1nc(Cl)ccc1[N+](=O)[O-])C(=O)O,0
O=C(CCc1ccccc1)Nc1ccc(NC(=O)c2ccco2)cc1,0
COc1cc(CNn2c(C)n[nH]c2=S)cc(Cl)c1OCc1ccc(F)cc1,0
O=C(Nc1ccc(S(=O)(=O)N2CCCCC2)cc1)c1ccncc1,0
O=C(c1ccccn1)N(Cc1cc2ccccc2[nH]c1=O)C1CCCCC1,0
Nc1ccc(-n2nncc2-c2ccccc2)cc1,0
CCC(=O)Nc1ccc(N2CCCCC2)cc1,0
O=C(Nc1ccc2c(c1)ncn2-c1ccccc1)c1ccco1,0
COc1ccc(N2CCN(C(=O)C3COc4ccccc4O3)CC2)cc1,0
O=C(c1cccc(Cl)c1)N1CCN(c2ccccn2)CC1,0
COc1cc2[nH]c(=O)n(C3CCCCC3)c(=O)c2cc1OC,0
COc1ccc(CNC(=O)C2CCCN2C(=O)NC2CCCCC2)cc1,0
CN(C)S(=O)(=O)n1cnc(-c2ccccc2)c1-c1ccccc1,0
CCN(CC)C(=O)c1cc2cc([N+](=O)[O-])ccc2s1,0
CCOC(=O)c1c(NC(=O)c2cc(C)oc2C)sc(C(=O)Nc2ccc(Cl)cc2)c1C,0
Clc1ccc(C(c2nnnn2CCc2ccccc2)N2CCSCC2)cc1,0
CN1Cc2cc(C(=O)c3cc(Cl)cc(CSc4ncccn4)c3O)cnc2NC1=O,0
O=C(CCCN1C(=O)c2cccc3cccc(c23)C1=O)N1CCN(Cc2ccc3c(c2)OCO3)CC1,0
CC(=O)Nc1cc(C(=O)O)ccc1S(=O)(=O)c1ccc(C)cc1,0
CN(C)C(=O)N1CCC(C(=O)NC2CCCCCCC2)CC1,0
CCCCC(=O)Nc1ccc(C(=O)N2CCC(C(=O)OCC)CC2)cc1,0
Cn1c(=O)[nH]c(=O)c2c1nc(Br)n2CCCO,0
CCN1C(=O)/C(=C2/C=Cc3ccccc3N2C)OC1=S,0
Cc1nn(Cc2ccccc2Cl)c(C)c1C(=O)Nc1nnc(C2CC2)s1,0
Cc1cc(N)n2nc(-c3ccc(C(C)(C)C)cc3)cc2n1,0
Cc1nc2c3ccccc3nc(=O)n2[nH]1,0
Cc1ccc(C2C3=C(NN/C3=C3\C=CC=CC3=O)C(=O)N2Cc2ccncc2)cc1,0
Cc1ccc(OCc2cc(C(=O)Nc3ccccc3)oc2C)cc1,0
CCOc1ccc(C(=O)NCC(=O)OC(C)C(=O)NCc2ccco2)cc1OCC,0
Cc1cc(C)nc(NC(=O)NS(=O)(=O)N2CCCCCC2)n1,0
Oc1ccc(CN2CCN(Cc3ccccc3)CC2)c2cccnc12,0
CC1CCCN(C2=NC(=O)/C(=C/c3cn(-c4ccccc4)nc3-c3cccc(S(=O)(=O)N(C)C)c3)S2)C1,0
CC(NC(=O)c1cccnc1)C(c1cccs1)N1CCOCC1,0
CC(C)Oc1ccc(Cn2c(-c3ccco3)n[nH]c2=S)cc1,0
c1ccc(-n2ncc3c2ncn2nc(-c4ccco4)nc32)cc1,0
CC(CCc1ccccc1)NC(=O)C(=O)NCCO,0
COc1cccc(-c2cc(C(=O)N3CCCc4ccccc43)no2)c1,0
CCn1c(CC(=O)Nc2ccc(C)c(Cl)c2)nnc1SCC(=O)Nc1nc(C)cs1,0
N#CC1(c2ccc(NC(=O)c3ccccc3)cc2)CCCC1,0
COCCCN(C(=O)c1cccnc1SC)c1c(N)n(Cc2ccccc2)c(=O)[nH]c1=O,0
CC1CCN(S(=O)(=O)c2ccc(C(=O)Nc3sccc3C(N)=O)cc2)CC1,0
CCn1c(CSc2nc(C)cc(C)n2)nnc1SCC(=O)Nc1nc(-c2ccccc2)cs1,0
O=C(Nc1ccc(Oc2cccc3ccccc23)cc1)c1ccco1,0
O=C(c1ccc(S(=O)(=O)N2CCCCC2)cc1)N1CCN(Cc2ccc3c(c2)OCO3)CC1,0
Cc1ccc(NCCC(=O)c2ccc(Br)cc2)cc1,0
O=C(Cn1cnc2ccccc21)N/N=C/c1ccccn1,0
Cc1ccc(C(=O)OCCc2c(C)[nH]n(-c3ccccc3)c2=O)cc1,0
COc1ccccc1NC(=O)CSc1nnnn1C,0
Cc1ccccc1NC(=O)c1ccccc1,0
COc1ccc(NCCNc2ccc(OC)cc2)cc1,0
Cc1cccc(NC(=S)NN2CCN(C)CC2)c1C,0
Cc1cccc(NC(=O)CSc2nc3ccccc3o2)c1,0
Cc1ccc(S(=O)(=O)NC2(C(F)(F)F)NC(=O)N(C)C2=O)cc1,0
NS(=O)(=O)c1ccc(S(=O)(=O)N(Cc2ccccc2F)CC2CCCO2)cc1,0
Cc1ccccc1C(=O)NC1CCN(CC(=O)Nc2c(C)cccc2C)CC1,0
CCOc1ccc2nc(NC(=O)c3cnccn3)sc2c1,0
CCC(=O)Nc1ccccc1C(=O)N1CCN(Cc2ccccc2)CC1,0
CCOC(=O)C1CCN(C(=O)c2cccc(Cl)c2)CC1,0
CC(CNCc1ccc2c(c1)OCO2)NCc1ccc2c(c1)OCO2,0
CCOC(=O)N1CCC(NC(=O)CCc2nc(C3=CCN(C)CC3)no2)CC1,0
CC1(C(=O)NC2CCCC2)CCC(=O)N1CCC1=CCCCC1,0
O=c1cc(-c2ccco2)nc(-c2cccs2)o1,0
COc1ccc2c(c1)nc(N)n2Cc1ccccc1,0
COc1ccc(C)c2sc(N3CCCC3)nc12,0
Cc1noc(C)c1C(=O)Nc1sc(C)c(C)c1C#N,0
CS(=O)(=O)N(Cc1ccccc1)c1ccccn1,0
COc1ccc(NC(=O)C(NC(=O)c2ccccc2)C(C)C)cc1,0
O=C(c1ccccc1Br)N1CCN(c2ccccc2)CC1,0
CCOC(=O)c1cnc(SCc2ccccc2)nc1N,0
Cc1c(C)n(C(=O)CN2CCC(C)CC2)c2ccccc12,0
COc1ccc(C2C3=C(NN/C3=C3\C=CC=CC3=O)C(=O)N2CCc2ccc(OC)c(OC)c2)cc1,0
O=C(O)CN(Cc1ccco1)S(=O)(=O)c1ccc(F)cc1,0
Cc1cccc(NC(=O)CC2CCC2)c1,0
CCSc1nc(=O)c(-c2ccccc2N)n[nH]1,0
Cc1cc(NC(=O)CCC(=O)N(Cc2ccco2)C(C(=O)NC2CCCC2)c2ccccc2C)no1,0
CCN(CC)c1ccc(NC(=O)Cn2nnc(-c3cccc(OC)c3OC)n2)c(C)c1,0
CCOC(=O)C1=C(N)OC2=C(C(=O)CC(C)(C)C2)C1c1ccccc1OCC#N,0
Cc1cccc2cc(CN(CCCO)C(=O)Nc3ccccc3Cl)c(=O)[nH]c12,0
CN(c1cccc(NC(=O)CN(c2ccc(C34CC5CC(CC(C5)C3)C4)cc2)S(C)(=O)=O)c1)S(C)(=O)=O,0
COc1cc(N)ccc1Cc1ccc(N)cc1OC,0
CCCCCC(=O)Nc1ccc(N2CCN(C(=O)c3ccccc3)CC2)cc1,0
Cc1cc(/C=N/n2cnnc2)c(C)n1-c1ccc2c(c1)OCO2,0
COc1nc(NC(C)C)nc(NC(C)C)n1,0
COC(=O)c1ccc(NS(=O)(=O)c2cc(C)ccc2OC)cc1,0
CC(SC1CCCC1)C(=O)Nc1ccnn1C(C)C,0
O=C(c1c[nH]c(=O)n(-c2ccccc2)c1=O)N1CCc2ccccc21,0
COc1cccc(NC(=O)c2ccc(NC(C)=O)cc2)c1,0
CC(=O)NC(c1ccco1)c1ccc2cccnc2c1O,0
Cn1nnnc1SCc1ccc(C(=O)Nc2ccc(Br)cc2)cc1,0
CCc1nnc(NC(=O)CN2CCN(c3ccc(Cl)cc3)CC2)s1,0
O=C(NCC1CCCCC1)c1ccco1,0
CCOC(=O)c1ccc(NC(=S)Nc2ccccn2)cc1,0
O=C(Nc1ccc(Br)cc1)c1ccco1,0
Cc1cccc(-n2c(C)cc(/C=N/NC(=O)c3ccc(CN4CCOCC4)cc3)c2C)c1,0
CNc1c2c(nn1C)CCCC2,0
CC(C)OCCCNC(=O)c1cc2c(s1)CS(=O)(=O)C2,0
c1coc(CNc2nc3ccccc3n2CCN2CCOCC2)c1,0
CNc1nc(CCN2C(=O)c3ccccc3C2=O)cs1,0
O=C(c1nn(Cc2ccccc2)c(=O)c2ccccc12)N1CCC(c2nc3ccccc3o2)CC1,0
CCOC(=O)c1cnc2ccc(C)cc2c1NCCO,0
O=C(NCc1cccs1)C1CCN(S(=O)(=O)c2cccc3nsnc23)CC1,0
N#C/C(C(=O)c1ccccc1)=C1/CCCN1,0
c1ccc(CNc2ncnc3nc[nH]c23)cc1,0
COC(=O)c1ccccc1NC(=O)c1c(Br)cnn1C,1
COc1cc(-c2ccccc2)nc(N)n1,0
COC(=O)C(NC(C)=O)(Nc1ccc(Br)cc1)C(=O)OC,0
CCOC(=O)/C(C#N)=C(/C)c1ccc(OC)cc1,0
CC(O)c1nc2ccccc2n1C/C=C/c1ccccc1,0
CCNC(=O)CC1C(=O)N(c2ccc(F)cc2)C(=O)N1CCC(C)C,0
COc1cccc(Cn2c(Oc3cccc(C)c3)nc3c2c(=O)n(C)c(=O)n3C)c1,0
Nc1nc(-c2ccccc2)cn1N,0
CC(C)c1nnc(NC(=O)CCC(=O)Nc2ccc(F)cc2)s1,0
COC(=O)c1ccc(Cn2nc(C)c(Br)c2C)cc1,0
O=C(COc1ccccc1Br)NCc1ccco1,0
CCn1c2ccccc2c2cc(NC(=O)C(C)C)ccc21,0
O=C(NC1CCN(C(=O)Nc2cccc(F)c2)CC1)C1CCCCC1,0
Cc1ccc(C(=O)N(CN2CCCC2=O)c2ccc(F)cc2)cc1,0
O=C(Nc1cccnc1)c1ccc(Cl)c(S(=O)(=O)N2CCCCCC2)c1,0
COc1cccc(CNc2ccc(Br)cn2)c1O,0
OCc1cn(-c2ccccc2)nc1-c1ccc2c(c1)OCCO2,0
Cc1cc(C)c(S(=O)(=O)Nc2c(C)[nH]c(=O)[nH]c2=O)c(C)c1,0
O=C(c1ccc2c(c1)OCCO2)N(c1ccccn1)C1CCCCC1,0
COc1ccc(OC)c(NC(=O)CSc2nnc(CNC(=O)COc3ccc(Cl)cc3)o2)c1,0
COc1ccc(CCN2C(=O)CC(N3CCN(c4ccccn4)CC3)C2=O)cc1OC,0
O=C(CN1C(=O)CSC1=O)Nc1ccc(N2CCOCC2)cc1,0
O/N=C/c1cc(Br)ccc1OCc1ccc(F)cc1,0
CCOC(=O)CSc1nc(C)c2ccccc2n1,0
Cc1ccc2cc(CN(CC3CCCO3)C(=O)C(C)C)c(=O)[nH]c2c1,0
Cc1ccc(C)c(Nc2c([N+](=O)[O-])cc(C(=O)N3CC(=O)Nc4ccccc43)cc2[N+](=O)[O-])c1,0
COc1cccc(CNc2ccc(N3CCC(C)CC3)cc2)c1OC,0
CC1(C)CC(=O)C(=CNCc2ccc3c(c2)OCO3)C(=O)C1,0
Cc1ccc(CCN2CC(C(=O)NCCCN3CCCCCC3)CC2=O)cc1,0
Cc1ccc(S(=O)(=O)Cn2nnnc2CN(Cc2ccco2)Cc2cccs2)cc1,0
Cc1ccc(SCCCCN2C(=O)NC(C)(C)C2=O)cc1,0
O=C(OCCNC(=O)c1ccc2ccccc2n1)c1ccc(F)cc1,0
CCOC(=O)N1CCN(c2nc(C)c3c(n2)CC(C)CC3=O)CC1,0
CC1=Nc2ccc(C)cc2NC(C)=C1N=O,0
O=C(NCc1ccc2c(c1)OCO2)c1ccc(CN2CCOCC2)cc1,0
O=C(COc1ccc(Cl)cc1)Nc1ccccc1C(=O)NCc1ccco1,0
Cc1cccc2cc(CN(CC3CCCO3)C(=O)NC3CCCCC3)c(=O)[nH]c12,0
Cn1c(=O)n(CC(=O)Nc2ccccc2)c2ccccc21,0
CCC(Sc1n[nH]c(=O)[nH]c1=O)C(=O)OCc1ccccc1,0
O=C(c1ccco1)n1nc(-c2ccccc2)nc1NCc1ccco1,0
N#Cc1c(N)nc2c(c1-c1ccco1)CCCCC2,0
CN1CCN(S(=O)(=O)c2ccc(-c3noc(C4CCN(S(C)(=O)=O)CC4)n3)cc2)CC1,0
CNc1nc(Oc2ccc(C(=O)OC)cc2)nc(SC)n1,0
O=c1oc2ccc3ccccc3c2cc1-c1nnc(-c2ccccc2)o1,0
COc1ccc(C(C(=O)NCc2ccccc2)N(Cc2ccc3c(c2)OCO3)C(=O)c2cnccn2)cc1,0
Nc1c(-c2ccccc2)n[nH]c1-c1ccccc1,0
CCOCC(=O)Nc1cccc(NC(C)=O)c1,0
C=CCCC(=O)Nc1nc(C)c(-c2csc(Nc3cccc(OC)c3)n2)s1,0
Cc1ccc(C(=O)n2c(=S)nc3ccccn32)cc1,0
CCCCN(CCCC)C(=O)c1ccccc1NC(=O)CN1C(=O)c2ccccc2C1=O,0
NC(=O)c1ccsc1NC(=O)COc1ccccc1,0
CCOC(=O)c1c(C)nc2c(c1-c1ccccc1)C(=O)c1ccccc1-2,0
COc1cccc(NC(=O)c2nc3ncccn3n2)c1,0
O=C(Nc1cccnc1Cl)c1ccc(S(=O)(=O)N2CCCCCC2)cc1,0
CCNc1nc(NC(C)C)nc(OCC)n1,0
COCc1cc(C)nc(NCCO)c1C#N,0
COc1ccc(C2C(C(=O)NCc3ccccn3)c3ccccc3C(=O)N2C)cc1OC,0
Cn1ncc2c(N3CCOCC3)ncnc21,0
CCN1CCN(c2ncc3c(n2)CC(c2cc(OC)c(OC)c(OC)c2)CC3=O)CC1,0
N#Cc1cc2c(nc1SCC(=O)Nc1ccc(Cl)cc1)C1CCN2CC1,0
COc1ccc(Nc2nc(=O)cc(C)[nH]2)c(OC)c1,0
Cc1ccc(-n2nc(C(=O)c3ccccc3)n3c(=O)c(Cc4ccccc4)nnc23)cc1,0
CCCCOc1ccc(CNn2c(C)nc3ccccc3c2=O)cc1,0
O=C(C1c2ccccc2C(=O)N2CCc3ccccc3C12)N1CCN(Cc2ccccc2)CC1,0
COc1cc(OC)cc(C(=O)Nc2ccc(-c3nc4ccccc4o3)cc2)c1,0
CSc1cccc(NC(=O)CN(C2CCCCC2)S(C)(=O)=O)c1,0
COCc1nnc(NC(=O)CCCOc2ccccc2)s1,0
CC(=O)OCC(OC(C)=O)C(OC(C)=O)C(OC(C)=O)C(=O)Nc1ccccc1C,0
CC(C)Oc1ccc(N2CC(C(=O)Nc3ccc4c(c3)OCO4)CC2=O)cc1,0
COc1ccc(NC(=O)N(C2CCCCC2)C(C)c2ccco2)c(OC)c1,0
O=C(NC(=S)NCc1ccccc1)C1CCCCC1,0
CCCc1nc2n[nH]c(N)c2c2c1COC(C)(C)C2,0
c1ccc2c(c1)CCCn1nnnc1-2,0
COC(=O)c1cccc(N(C(=O)c2cnccn2)C(C(=O)NC2CCCCC2)c2cn(C)nc2C)c1,0
CC(=O)Oc1ccc(C(=O)Nc2nnc(C)s2)cc1,0
O=C(O)c1cccc(S(=O)(=O)N2CCOCC2)c1,0
CC(CN1CCOCC1)c1ccccc1,0
Cc1noc(C)c1C(=O)Nc1sc(C)c(-c2ccccc2)c1C#N,0
COc1ccc(CCNC(=O)Cn2c(=O)oc3ccccc32)cc1OC,0
CC1=CC2=c3ccccc3=NC(c3ccccc3)N2N1,0
COc1ccc(NC(=O)C(NC(=O)OC(C)(C)C)C(C)OCc2ccccc2)cc1,0
COc1ccc(S(=O)(=O)N2CCN(c3ccc4nnc(-c5ccccc5)n4n3)CC2)cc1,0
COc1ccc(OC)c(-c2cc(C(=O)Nc3c(C)nn(Cc4ccccc4)c3C)no2)c1,0
CN1CCC(C2(O)c3ccccc3CSc3sccc32)CC1,0
Cc1cc(C)nc(SCc2nnc(SCC(=O)Nc3nccs3)n2C)n1,0
Cn1ncc2c(NCc3ccccc3)ncnc21,0
COCCNS(=O)(=O)c1ccc(F)c(OC)c1,0
O=C(Cn1cccc1)N1CCN(c2ccc(F)cc2)CC1,0
Cc1ccc2nc(SCC(=O)c3cc4ccccc4o3)[nH]c2c1,0
Cc1ccc(Nc2ccccc2)cc1,0
O=c1c2oc3ccccc3c2ncn1Cc1ccccc1F,0
Nc1ccccc1C(=O)OCCOc1ccccc1,0
Cc1cc(NC(=O)c2cc(-c3ccccc3)on2)n(-c2ccccc2)n1,0
O=C(c1cc2nc(-c3ccccc3)cc(-c3ccccc3)n2n1)N1CCC2(CC1)OCCO2,0
Cc1cc(NCCCN2CCOCC2)n2nc(C)c(-c3ccc(F)cc3)c2n1,0
N#Cc1c2n(c3c(=O)n(Cc4ccccc4)cnc13)CCCC2,0
COc1ccc(-n2cnc3cc(N)ccc32)cc1,0
O=C(c1cccc2ccccc12)n1nnc2ccccc21,0
CC1(C)C(=O)Nc2ccccc2N1C(=O)COC(=O)Cn1cnc2ccccc2c1=O,0
COc1ccc(C(=O)N2CCN(Cc3ccccc3C)CC2)cc1OC,0
Cc1cc(=O)nc2n(Cc3ccccc3)[nH]cc1-2,0
CC1(C)NC(=O)N(CCOCCOc2ccccc2)C1=O,0
Cc1ccc(S(=O)(=O)c2c(C)cc(C)nc2Oc2cccc(C)c2C)cc1,0
O=C(COC(=O)C(Cc1ccccc1)NC(=O)c1ccco1)NCc1ccccc1,0
O=C(NCc1ccc2c(c1)OCO2)C1CCN(C(=O)Nc2ccc(Cl)cc2)CC1,0
Cc1cccc(NC(=O)C(=O)NCc2ccccn2)c1,0
Nc1nc(Cl)cc(N2CCOCC2)n1,0
CCn1c2ccc(Cl)cc2c2nc3ccccc3nc21,0
O=c1[nH]c2ccccc2nc1Cc1ccccc1,0
COc1ccc(N(CC(=O)N2CCCC(C)C2)S(=O)(=O)c2c(C)nn(C)c2C)cc1,0
O=C(NCc1ccc(N2CCCC2=O)cc1)Nc1cccc2ccccc12,0
COc1ccc(S(=O)(=O)N2CCCC(C(=O)NCc3ccco3)C2)cc1Cl,0
Oc1c(CN2CCCCC2)cc(Br)c2cccnc12,0
O=C(Nc1cccc(-c2cn3cccnc3n2)c1)c1ccco1,0
O=C(c1cn(-c2ccccc2)nc1-c1cccs1)N1CCN(c2ccccn2)CC1,0
COc1ccc(CC(=O)Nc2cccc(-c3csc(C)n3)c2)cc1,0
Cc1ccc(S(=O)(=O)NCCCCCC(=O)NC(C)(C)CO)cc1,0
Cc1ccc(C)c(S(=O)(=O)N2CC(=O)Nc3ccccc32)c1,0
O=C(CN1CCC(n2nnc3cc(F)ccc32)CC1)NC1CCCCC1,0
O=C(Nc1ccccc1)N(CCN1CCOCC1)Cc1ccccc1F,0
COc1ccc(NC(=O)CCCN2C(=O)C3C4C=CC(C4)C3C2=O)c(OC)c1,0
N#CC(C(=O)NCCc1ccccc1)c1nc2ccccc2nc1N1CCOCC1,0
COC(=O)c1ccc(CSc2nc3ccccc3s2)o1,0
C=CCn1c(Br)nc2c1c(=O)n(C)c(=O)n2C,0
CCOc1cccc(NC(=O)Cn2nc(-c3ccc4c(c3)OCCO4)ccc2=O)c1,0
Cc1cccc(-c2noc(CN(C(=O)CCc3ccccc3)C(C)C)n2)c1,0
CCOc1ccc(N2CC(C(=O)Nc3ccc(S(=O)(=O)Nc4ncccn4)cc3)CC2=O)cc1,0
COc1ccccc1NC(=O)CSc1nccc(=O)[nH]1,0
c1ccc(CN2CCN(c3ncnc4c3[nH]c3ccccc34)CC2)cc1,0
O=C1CC(Nc2ccc(N3CCOCC3)cc2)C(=O)N1C1CCCCC1,0
CC1SC2(CN3CCC2CC3)NC1=O,0
O=C(Nc1cccs1)Nc1ccccc1Cl,0
CN(CCCNC(=O)COc1cc(=O)n(C)c2ccccc12)Cc1ccccc1,0
Cc1nc2ncnn2c(C)c1CCC(=O)Oc1ccccc1,0
O=S(=O)(N/N=C/c1ccc2c(c1)OCCO2)c1ccccc1,0
CCn1cnc2cc(NCc3ccc(OC)cc3)ccc21,0
Brc1ccc(-c2noc(CCc3ccccc3)n2)cc1,0
N#Cc1c(/N=C/c2cccs2)sc2c1CCCCC2,0
COc1ccc(CNc2nn[nH]n2)cc1OC,0
CN1C(=O)C(C2c3ccccc3C(=O)N2Cc2ccccc2)C(=O)N(C)C1=O,0
O=CNCC(=O)NC1CCCCCC1,0
O=c1cc(CSc2nc3cc(Cl)ccc3o2)nc2sccn12,0
O=C1CC(SCc2nc3ccccc3[nH]2)C(=O)N1c1ccc(F)c(Cl)c1,0
O=C(Nc1cc2c(cc1Cl)OCCCO2)c1ccccc1,0
Cc1ccc(NC(=S)NNC(=O)C2CC2c2ccc(C)cc2)cc1,0
COc1ccc(-n2cnc3cc(NC(=O)c4ccco4)ccc32)cc1,0
Cc1ccc2nc(SCC(=O)Nc3nnc(SCC(N)=O)s3)[nH]c2c1,0
O=C(c1nn(Cc2ccccc2)c(=O)c2ccccc12)N1CCN(C/C=C/c2ccccc2)CC1,0
CCOC(=O)c1c(C)n(C)c2ccc(OCC(O)Cn3nc(C)c(Br)c3C)cc12,0
COc1ccc(-c2ccc(-c3noc(C(C)C)n3)c(OC)n2)cc1,0
C=C1c2ccccc2NC(=O)N1c1ccc(C)cc1,0
Cc1cccc(Oc2cc(NC(=O)c3ccccc3)cc([N+](=O)[O-])c2)c1,0
COc1cc(NC(=O)c2ccc(Cl)cc2)c(OC)cc1Cl,0
Cc1cc(N(C)C)c(C#N)c(NCc2ccccc2)n1,0
O=C(Nc1ccc2c(c1)OCO2)c1ccc(CN2CCOCC2)cc1,0
Cc1ccc(N2CC(C(=O)Nc3ccccn3)CC2=O)cc1,0
c1ccc(COc2ccc(CNn3cnnc3)cc2)cc1,0
CCC(=O)Nc1cc(-c2nn(C)c(=O)c3ccccc23)ccc1N1CCOCC1,0
Cc1ccc(-n2nc(C)c3cc(C(=O)O)sc32)cc1,0
CC(C)C(=O)Nc1ccc(NC(=O)c2cc3ccccc3o2)cc1,0
O=C(CN1CCCCC1)Nc1ccccc1-c1ccccc1,0
COc1ccc(CNC=C2C(=O)CC(C)(C)CC2=O)cc1,0
CCOc1ccc(NC(=O)N(C2CCCCC2)C2CCN(C(C)=O)CC2)cc1,0
Cc1nnc(SCCn2c(N3CCCCCC3)nc3c2c(=O)[nH]c(=O)n3C)s1,0
CCN1C(=O)C(CC(=O)N2CCN(C(c3ccccc3)c3ccccc3)CC2)N(CC)C1=O,0
Cc1cc(C)n2nc(Cc3ccccc3)nc2n1,0
CCOCCCNC(=O)c1ccc(Br)cc1,0
COC(=O)N/N=C(\C)c1ccc(Br)cc1,0
Cc1cccc(-c2nc(NCCCN3CCOCC3)c3ccccc3n2)c1,0
O=C(Nc1cccc(O)c1)c1cnn2cccnc12,0
CCOC(=O)c1nnc2c(Br)c(-c3ccccc3)nn2c1C,0
C=C(C)C(C)(C#CCN1CCCC1)OC(C)=O,0
CC(=O)c1cccc(NC(=O)c2nccnc2C(=O)O)c1,0
CCOC(=O)Cn1nc(C)n(-c2ccccc2)c1=O,0
CCSc1nc2c(c(-c3ccc(C)o3)c1C#N)CCCC2,0
CCc1nc2ccccc2[nH]1,0
Cc1occc1C(=O)Nc1cccc(C(=O)NCc2ccccc2)c1,0
Cc1cc(=O)n2[nH]c(-c3ccco3)nc2n1,0
Cc1ccccc1OCc1nc(-c2ccc(Br)o2)no1,0
COC(=O)Cn1cc(/C=N/NC(=O)c2ccc(C#N)cc2F)c2ccccc21,0
Cc1cccc(Nc2nc(-c3c(C)nc4ccccn34)cs2)c1,0
CN(C)C(=O)c1ccc(NC(=O)c2cccnc2)cc1,0
COc1ccc(-c2nc3ccccc3[nH]2)cc1,0
COC(=O)c1ccc(CSc2nc(-c3ccco3)cc(C(F)(F)F)n2)o1,0
Cc1nc(=O)c(-c2ccccc2)c(C)[nH]1,0
Cn1c(SCC(=O)NCC2CCCO2)nnc1-c1ccc(S(=O)(=O)N2CCCC2)cc1,0
COc1cc(NC(=O)NCc2ccncc2)cc(OC)c1OC,0
O=C1CC(C2CCCO2)C(=O)N1Cc1ccccc1,0
Cc1ccc(C(=O)n2cnnc2N)cc1,0
NC(=O)CSc1nnc(-c2ccc(S(=O)(=O)N3CCCCC3)cc2)n1-c1ccccc1,0
CC(=O)Nc1ccc(S(=O)(=O)NC(C(=O)O)C(C)C)cc1,0
COc1ccc(C2N=C(Nc3ccc(C)cc3)N=C3NC(C)=CC(=O)N32)cc1,0
CC(C)CNS(=O)(=O)c1ccccc1C(=O)N1CCCCC1,0
COc1ccccc1NC(=O)N(Cc1ccco1)Cc1cc2c(C)ccc(C)c2[nH]c1=O,0
O=C(O)CCc1nc(-c2cccs2)no1,0
Cc1ccc(-c2nccc(-c3ccc([N+](=O)[O-])c(CS(=O)(=O)c4ccc(Cl)cc4)c3)n2)cc1,0
CCN(CCNC(=O)C1CCCN(Cc2nc(-c3ccc(OC)cc3)oc2C)C1)c1ccccc1,0
c1ccc(-c2n[nH]c(-c3ccccn3)n2)cc1,0
N#Cc1c(N)nc(SCC(=O)NCCc2ccccc2)c(C#N)c1-c1cccs1,0
COc1cccc(/C=N/NC(=O)CCc2ccccc2)c1,0
CCN(CC)S(=O)(=O)c1cc(C(=O)Nc2cccnc2)ccc1Cl,0
O=c1nc(NC2CCCC2)ccn1Cc1cccc(Br)c1,0
Cc1ccc(-c2nnn(CC(=O)NC3CCCc4ccccc43)n2)cc1,0
N#Cc1cc2c(nc1SCc1ccccc1)CCCCC2,0
CCOC(=O)C(=O)Nc1nnc(CCc2ccccc2)s1,0
Cc1ccc(N2CCN(CC(O)COC3CCCCC3)CC2)cc1,0
O=C(/C=C/c1ccco1)Nc1sc2c(c1C(=O)O)CCC2,0
CCOC(=O)C1C(=O)NC(N2CCc3ccccc32)=NC1c1ccccc1,0
O=C(Nc1ccccc1N1CCN(C(=O)c2ccccc2)CC1)c1ccc2c(c1)OCO2,0
Cc1cccc(NC(=O)c2sc(NC(=O)c3ccco3)c(C#N)c2C)c1C,0
CCC(=O)N1CCN(c2ccccc2NC(=O)c2cccc(C)c2)CC1,0
CCCC(=O)OCCn1c(Br)nc2c1c(=O)[nH]c(=O)n2C,0
Cc1ccc(-n2c(C)cc(/C=N/NC(=O)CN(c3ccc(C)cc3C)S(C)(=O)=O)c2C)cc1,0
CN(C(=O)c1ccco1)c1nc2c(s1)CCCC2,0
Cc1ccc(-c2noc(CN(C(=O)CCCCCN3C(=O)c4ccccc4C3=O)C(C)C)n2)cc1,0
CC(C)(C)n1nnnc1C(c1cccs1)N1CCCC2(CCCCC2)C1,0
O=C(COC(=O)/C=C/c1cnc2ccccc2n1)NCC(F)(F)F,0
Nc1ccc(-n2ccnc2)cc1,0
CCC(Oc1ccccc1)C(=O)NCc1cccnc1,0
Cc1ccc(NC(=O)CC2NCCNC2=O)cc1,0
CCOC(=O)N1CCN(CCC(=O)Nc2ccc(Br)cc2)CC1,0
CC(C)C(=O)NCCn1ccc2ccccc21,0
CCOc1ccc(N(CC(=O)N2CC=C(c3ccccc3)CC2)S(=O)(=O)c2c(C)noc2C)cc1,0
COc1ccc(C(=O)NC2CCCCCC2)cc1S(=O)(=O)Nc1ccc(Br)cc1,0
O=C(c1ccccc1F)N(Cc1ccccc1)C1CCS(=O)(=O)C1,0
Cc1cc(C(=O)c2ccccc2)nc2ccccc12,0
COc1ccc(C(=O)NC(C)c2nnc(SCC(=O)Nc3nc4ccccc4s3)n2C)cc1,0
O=C1CCCN1CC(CN1CCOCC1)Sc1nnnn1-c1ccccc1,0
CN(C(=O)CSc1nnc(Nc2ccccc2)s1)c1c(N)n(Cc2ccccc2)c(=O)[nH]c1=O,0
CCCNC(=S)N1CCC(NC(=O)C23CC4CC(CC(C4)C2)C3)CC1,0
Cc1ccc(C(=O)N/N=C/c2cccn2C)cn1,0
CCOC(=O)c1cnc(-n2cc(C)cn2)nc1NCc1ccc2c(c1)OCO2,0
CCCCc1ccc(NC(=O)c2c(C)noc2C)cc1,0
COc1cc(Br)cc2cc(C(=O)N3CCCCC3C)c(=O)oc12,0
CC1CCN(Cc2nc3c(c(=O)n(C)c(=O)n3C)n2CCCc2ccccc2)CC1,0
Cc1ccc(Cl)cc1N1CCN(C(=O)COc2ccc(S(=O)(=O)NC(C)C)cc2)CC1,0
Cc1ccc2cc(CN(CCN3CCCC3)C(=O)Nc3ccc(F)cc3)c(=O)[nH]c2c1C,0
COc1ccc(OC)c(S(=O)(=O)Nc2cccc(F)c2)c1,0
CCOC(=O)C1=C(Cc2ccc(C)cc2)C(=O)c2ccccc2C1=O,0
CCN(CC)c1ccc(NC(=O)c2ccco2)c(C)c1,0
O=CN(Cc1ccco1)C1(C(=O)NC2CCCCC2)CCCCC1,0
CC1CCN(C2=NC(=O)/C(=C/c3cn(-c4ccccc4)nc3-c3cccc(S(=O)(=O)N(C)C)c3)S2)CC1,0
CCOC(=O)C1CCN(C(=O)COc2cc(C)c(Br)cc2C)CC1,0
CC1(C)CC(NC(=O)c2coc(=O)c(Br)c2)CC(C)(C)N1,0
CC(C)(C)c1cc(Cc2ccccc2)[nH]n1,0
CCOC(=O)C1CCN(/C=N/c2cc(C)on2)CC1,0
Cn1c(=O)n(C)c2cc(C(N)=O)ccc21,0
COc1nnc(-c2ccc(N3CCCCC3)c(N)c2)c2ccccc12,0
N#CC1=C(SCC(=O)c2cc3ccccc3oc2=O)NC(=O)C(C#N)C12CCCC2,0
COc1ccc(C(=O)NC(C(=O)NCc2ccccn2)C(C)C)cc1,0
O=S1(=O)CCC(NS(=O)(=O)/C=C/c2ccccc2)C1,0
Cc1ccc2cc(C#N)c(SCC(=O)NCc3ccco3)nc2c1,0
Cc1cccc2cc3c(NC(=O)c4ccccn4)nn(C)c3nc12,0
COc1ccccc1CC(=O)Nc1cc(Cl)ccc1O,0
Cc1cc2oc(=O)cc(CN3CCN(C/C=C/c4ccccc4)CC3)c2cc1O,0
O=C(COC(=O)c1ccc(Cl)c(S(=O)(=O)N2CCCC2)c1)NC1CCCC1,0
CCCCNC(=O)Nc1cc(C(=O)OC)ccc1C,0
O=C1C=CC(Cl)=C/C1=C1\C=C(c2cccc(Br)c2)NN1,0
Cc1ccc2[nH]c3c(c2c1)CN(C(=O)CN1CCN(c2ccccc2F)CC1)CC3,0
N#Cc1nc(-c2ccc(OCc3ccccc3)cc2)oc1N1CCC(C(N)=O)CC1,0
Cc1ccc(C(=O)NCc2nnc(SCC(=O)Nc3sc4c(c3C#N)CCCC4)n2C)cc1,0
O=C(c1ccc(Br)o1)N(Cc1ccccc1)c1ccccn1,0
CCN(C(=O)CSc1ncn[nH]1)c1cccc2ccccc12,0
Cc1cc(C(=O)Nc2sc3c(c2C#N)CCC3)no1,0
CCC(C)n1cnc2c(c1=O)c1nc3ccccc3nc1n2Cc1ccccc1OC,0
CC(Oc1ccc(Cl)cc1Cl)c1nc(-c2ccc(NC(=O)c3ccc4c(c3)OCO4)cc2)no1,0
Cc1ccccc1/C=C1\CCCc2ccccc2C1=O,0
COc1ccc(CNC(=O)c2cnc(C)cn2)cc1,0
COc1ccc(CC(=O)Nc2c3c(nn2-c2cccc(Cl)c2)CS(=O)C3)cc1,0
CCOC(=O)C(=O)Nc1ccccc1C(=O)NC(C)C,0
C/C(=N\NC(=O)CSCc1ccc(Cl)cc1)c1cccc(NC(=O)c2ccccc2)c1,0
O=C(CCc1nc2ccccc2[nH]c1=O)OCC(=O)c1cccc2ccccc12,0
FC(F)(F)c1cccc(NC(=S)Nc2cccc(Cl)c2)c1,0
Cc1cc(-c2ccccc2)nc2[nH]n(-c3ccccc3)c(=O)c12,0
CCC(C)(C(=O)NC1CCCCC1)N(C)C(=O)c1ccccn1,0
CCCC(c1nnnn1Cc1cccs1)N1CCN(c2nc3ccccc3s2)CC1,0
O=c1cc(N2CCC(Cc3ccccc3)CC2)[nH]c(=O)n1C1CCCCC1,0
Cc1ccc(S(=O)(=O)NC2=NC3=NC(=O)CC(c4ccc(Cl)cc4)N3N2)cc1,0
COc1cccc2[nH]c3c(N4CCC(C)CC4)ncnc3c12,0
COc1ccc(OC)c(NC(=O)CNC(=O)c2cccs2)c1,0
O=C(Nc1nccs1)c1ccc(CSc2nnnn2-c2ccccc2)cc1,0
COc1ccc(NC(=O)CSc2nnc(CNC(=O)COc3ccc(Cl)cc3)o2)c(OC)c1,0
COc1ccc(-n2c(N)c(Br)c(=O)[nH]c2=O)cc1,0
CCOc1ccc(-c2c(=O)n(OCc3ccccn3)c3ccccc3[n+]2[O-])cc1,0
O=C(Cc1ccccc1)N1CCC(C(=O)N2CCN(c3ccc(F)cc3)CC2)CC1,0
CC1Cc2ccccc2N1CC(=O)Nc1ccc2c(c1)OC(F)(F)O2,0
COc1ccc(-c2nc(C#N)c(N3CCc4ccccc4C3)o2)cc1OC,0
Cc1csc(SCC(=O)c2c(N)n(C)c(=O)n(C)c2=O)n1,0
O=C(c1ccc(-c2nnc(-c3ccccc3)o2)cc1)N1CCCCCC1,0
CC(=O)C(C(C)=O)=C(N)N1CCN(C(c2ccccc2)c2ccccc2)CC1,0
CC1(C)CC(=O)C=C(NNC(=O)c2ccccc2O)C1,0
Cc1cccc(CN2CCC(C(N)=O)CC2)c1,0
O=C(Nc1ccccc1N1CCCCC1)c1ccccc1F,0
CCCN1Cc2cccc(C(N)=O)c2C1=O,0
CCOc1cc(/C=N/NC(=O)c2ccc(NC(=O)C(C)(C)C)cc2)ccc1OC(=O)c1cccc(C)c1,0
O=C1c2ccccc2NC(c2ccccc2)N1c1ccc(O)cc1,0
CCOC(=O)c1c(NC(=O)CSc2nnc(-c3ccncc3)n2Cc2ccco2)sc(C)c1C,0
COc1cc(NC(=O)c2ccccc2)c(OC)cc1NC(C)=O,0
Cc1nnc(NC(=O)CCC(=O)N2CCC(C)CC2)s1,0
Cn1nnnc1SCC(=O)NC(=O)Cc1ccccc1,0
CCn1nnnc1SCC(=O)c1ccc(NC(C)=O)cc1,0
O=C(CN1C(=O)NC2(CCCC2)C1=O)Nc1cccc(-c2nnc3n2CCCCC3)c1,0
COc1ccc(CC(=O)Nc2ccc(-c3cn4cccc(C)c4n3)cc2)cc1OC,0
COC(=O)c1cccc(S(=O)(=O)N2CCCCC2)c1,0
CCCC(=O)Nc1ccccc1NC(=O)c1cc(OC)c(OC)c(OC)c1,0
CC(c1nnc(SCC(=O)NC(=O)NCc2ccco2)n1-c1ccc(Cl)cc1)N(C)C,0
COc1ccc(-c2cc3nc(C)cc(N)n3n2)cc1,0
COC(=O)c1ccc(/C=N/N2CCN(Cc3ccc(C)cc3)CC2)cc1,0
Cc1ccc(C)c(-n2c(SCC(=O)Nc3nnc(C)s3)nnc2-c2ccoc2C)c1,0
O=C(CN1CCN(C(=O)N2CCOCC2)CC1)Nc1ccc(Br)cc1,0
Cc1ccnn2c(-c3ccccc3)c3c(=O)n(C)c(=O)n(C)c3c12,0
Cc1ccc(C(=O)Nc2ccccc2C(=O)NC(CC(=O)O)C(=O)O)cc1,0
CCOc1cc(C)nc(N2CCC(C(=O)Nc3ccccc3OCC)CC2)n1,0
Cc1cc(C)c2nc3s/c(=C\c4ccccc4)c(=O)n3c2c1,0
CCOC(=O)c1c(NC(=O)C2CCCO2)sc2c1CCC2,0
CS(=O)(=O)Nc1ccc2c(c1)C(=O)OC2,0
O=C1/C(=C/Nc2cccc(O)c2)c2ccccc2C(=O)N1c1ccc2c(c1)OCO2,0
CN(Cc1ccccc1)C(=O)COc1cc(=O)n(C)c2ccccc12,0
COC(=O)c1ccc(NC(=O)C23CCC(C)(C(=O)O2)C3(C)C)cc1,0
COC(=O)c1cccc(NC(=S)NCCC2=CCCCC2)c1,0
Cc1n[nH]c(C)c1S(=O)(=O)N1CCN(C2CCCCC2)CC1,0
Cc1ccc(S(=O)(=O)NCc2ccncc2)cc1,0
Cc1cccc(C)c1-n1c(C)cc(/C=N/Nc2ccc([N+](=O)[O-])cn2)c1C,0
CCn1c(SCC(=O)N2CCCCC2C)nnc1-c1ccc(S(=O)(=O)N2CCN(C)CC2)cc1,0
CCOC(=O)c1cnc(SCC(=O)NCc2ccco2)nc1N,0
CCCC(C)C(=O)Nc1cccc(NC(C)=O)c1,0
N#CCSc1nnc(COc2cccc3ccccc23)n1-c1cccc(Cl)c1,0
O=C(NC1CCCCC1)c1ccc(N2CCCC2=O)cc1,0
CN(C)c1ccc(NC(=O)Cn2c(=O)n(Cc3ccccc3)c(=O)c3ccccc32)cc1,0
Cc1cccc(NC(=O)c2cccnc2)c1,0
N#Cc1cc(Oc2ccc3ccccc3c2)c(-n2nnc3ccccc32)cc1C#N,0
CCN(CC1COc2ccccc2O1)C(=S)Nc1ccccc1,0
Cc1cc(NC(=O)CSc2ccc3nnc(-c4cccc(F)c4)n3n2)no1,0
c1ccc2c(CCNC3=NCCC3)c[nH]c2c1,0
Cc1cc(C)n(C/C=C/Cn2nc(C)cc2C)n1,0
O=C(NCc1ccc2c(c1)OCO2)C1CC(=O)N(C2CCCCCCC2)C1,0
Cc1cc(C)c(C(N)=O)c(Nc2cccc3ccccc23)n1,0
CC1CCN(c2ccccc2N)CC1,0
CCOc1cc(C)c(C(C)C)cc1S(=O)(=O)n1ccc(C)n1,0
COc1ccc2c(c1)c(=O)cc(C)n2CC(=O)NCc1ccco1,0
COC(=O)CCS(=O)(=O)c1ccc(Cl)c(Cl)c1,0
COc1cccc(NC(=O)CN2CCC(C)CC2)c1,0
Cc1ccc(S(=O)(=O)CNC(=S)c2ccc3ccccc3c2)cc1,0
CN1C(=O)C(CC(=O)N2CCN(C(c3ccccc3)c3ccccc3)CC2)N(C)C1=O,0
Cc1ccc(/C(C#N)=C\c2ccc(N3CCOCC3)o2)cc1,0
Cc1nc2ccccn2c1C(=O)NCc1cccnc1,0
CC1CCCC(C(=O)O)N1C(=O)CCSSCCC(=O)N1C(C)CCCC1C(=O)O,0
Cc1occc1C(=O)N1CCN(Cc2ccccc2)CC1,0
Cc1cc(C)nc(N2CCCC(C(=O)NCCc3cccc(F)c3)C2)n1,0
N#Cc1cnc(SCC(=O)c2ccccc2)nc1N,0
CCc1cccc2c(SC(C)C(=O)NCC3CCCO3)nc(-c3ccccc3)nc12,0
CCN1CCN(c2nc3ccccc3nc2C(C#N)C(=O)OCc2ccccc2)CC1,0
COc1ccc(Cn2c(CCCO)nc3ccccc32)cc1OC,0
Cc1nnc(NC(=O)NC(C)N2C(=O)C3C4C=CC(C4)C3C2=O)s1,0
O=C(Nc1ccccc1)c1cccc(-c2nnc(-c3ccccc3)o2)c1,0
CC(=O)C(C)Oc1ncn(-c2ccccc2)n1,0
Cc1nn2c(-c3ccccc3)nnc2c2ccccc12,0
Cc1cc(Cl)c(S(=O)(=O)N2CCN(c3cccc(C)c3C)CC2)cc1OCC(N)=O,0
COc1ccc(CC(=O)Nc2cccc(-c3nnc(-c4ccco4)o3)c2)cc1,0
CC(=O)Nc1ccc(OCC(O)Cn2cnc3ccccc32)cc1,0
CCOC(=O)c1c(NC(=O)Cn2nnc(-c3ccc(Cl)cc3)n2)sc(CC)c1C,0
Cc1ccc(O)c(CNc2nc3ccccc3n2C)c1,0
CC1=NN(c2ccccc2)C(=O)/C1=C\c1c(C)[nH]n(-c2ccccc2)c1=O,0
COc1ccc(NC(=O)CCc2ccccc2)cc1NC(=O)c1ccco1,0
O=c1n(Cc2ccc(Cl)cc2)c2sc3c(c2c2ncnn12)CCCC3,0
O=c1c([N+](=O)[O-])c(NC2CCCCC2)c2ccccc2n1-c1ccccc1,0
CC(Sc1nnc(N)s1)c1ccccc1Cl,0
O=C(Nc1ccc(Br)cn1)c1ccc2nccnc2c1,0
O=C(COC(=O)c1cccc(S(=O)(=O)N2CCOCC2)c1)Nc1ncc(C(F)(F)F)cc1Cl,0
Cn1c(=O)cc(N2CCCCC2)[nH]c1=O,0
COC(=O)CCc1c(C)[nH]c(N)nc1=O,0
O=C(c1coc(=O)c2ccccc12)N1CCN(Cc2ccccc2)CC1,0
Cc1ccc([N+](=O)[O-])cc1NC(=O)CN1CCCCC1,0
Cc1ccc(-n2c(SCC(=O)Nc3ccc4c(c3)OCO4)nnc2-c2ccoc2C)cc1,0
COCC(C)NC(=O)C1CC(c2cccc(Br)c2)=NO1,0
CC1(C)Cc2ccccc2/C(=C(\N=O)C(N)=O)N1,0
COC(=O)c1cc(Br)c(=O)n(CCc2ccc(F)cc2)c1,0
CCN(CC)S(=O)(=O)c1ccc(C(=O)Nc2ccc(OCC(=O)N3CCOCC3)cc2)cc1,0
Brc1ccccc1OCCCn1cnc2ccccc21,0
O=C(Nc1nnc(CCN2CCOCC2)s1)C1CCCCC1,0
Cc1cccc(NC(=O)c2cc(S(=O)(=O)c3ccccc3)ccc2Cl)c1,0
O=C(CSc1nc(-c2ccc(F)cc2)cs1)N1CCc2ccccc21,0
C=CCNC1=C(Cl)C(=O)N(c2cccc(Cl)c2Cl)C1=O,0
COC(=O)c1cccc(NC(=O)CN2CCC(NC(=O)c3cc(OC)c(OC)c(OC)c3)CC2)c1,0
Cc1nnc(NC(=O)CSc2nnc(Cc3cccn3C)n2CCc2ccccc2)s1,0
O=C(CCc1ccccc1)NCc1cccnc1,0
CCOc1ccc2nnc(-c3ccc(Br)cc3)n2n1,0
Cc1ccc(NC(=O)N(CCCN2CCOCC2)Cc2cccnc2)cc1C,0
Cc1ccc(C(=O)NC(Cc2c[nH]c3ccccc23)C(=O)O)cc1,0
O=C(CSc1nncn1-c1ccccc1)Nc1ccc(N2CCOCC2)cc1,0
CCOC(=O)C1CCN(c2c(NCc3ccc(C(=O)NCCOC)cc3)c(=O)c2=O)CC1,0
COc1cc(-c2noc(-c3ccccc3C(=O)NCc3ccco3)n2)cc(OC)c1OC,0
CC(=O)c1c(C)n(CCO)c2ccc(O)cc12,0
O=C(CSc1nnc(Cn2c(=O)sc3ccccc32)n1CCc1ccccc1)N1CCOCC1,0
CCCCCNc1nc(N2CCCC2)c2c(c1C#N)CCN(C)C2,0
CCCC(=O)Nc1ccc(Cl)c(NC(=O)c2cccnc2)c1,0
CCOc1ccc(-c2c(C)n([O-])c3c([n+]2=O)CCCC3)cc1,0
CCC1Oc2ccccc2N(CC(=O)NCCN2CCc3ccccc3C2)C1=O,0
c1coc(-c2ncc[nH]2)c1,0
O=C(Oc1ccc(-c2nnco2)cc1)N(c1ccccc1)c1ccccc1,0
COc1cccc(OC)c1C(=O)Nc1nnc(C(C)C)s1,0
Cc1cc(C)n2nc(-c3cccnc3)nc2n1,0
CC(C)C(=O)Nc1ccc2c(c1)oc1ccccc12,0
COc1ccc(OC)c2[nH]c(=O)c(CCNC(=O)C3CCCCC3)cc12,0
COc1ccc(CNC(=O)C2CCCN2S(=O)(=O)c2ccccc2)cc1,0
CC1CCN(C(=O)Nc2cccc(NC(=O)N3CCC(C)CC3)c2)CC1,0
CCn1c(CNc2ccccc2Cl)nnc1SCCN1CCCCC1,0
CCOc1ccccc1-c1cc(C(=O)N/N=C/c2ccc3c(c2)OCO3)c2ccccc2n1,0
O=C(COC(=O)C12CC3CC(CC(C3)C1)C2)NC12CC3CC(CC(C3)C1)C2,0
Cc1ccc2nc(NC(=O)CN3CCOCC3)sc2c1,0
CCN(CC)C(=O)CSc1nnc(-c2ccccc2)o1,0
CN(C)c1ccc(C(=O)C(O)c2ccc(C(C)(C)C)cc2)cc1,0
CC(NS(=O)(=O)c1ccccc1F)C(=O)OCC(=O)N1CCc2ccccc21,0
O=C(NC(Cc1ccccc1)C(=O)NC1CCCCCC1)c1ccco1,0
O=C1C2C3C=CC(C3)C2C(=O)N1c1ccc2ccccc2n1,0
CC1CCN(c2ncnc3nc[nH]c23)CC1,1
CCOC(=O)N1CCN(C(=O)CN(Cc2ccc(Cl)cc2)S(=O)(=O)c2ccccc2)CC1,0
O=C1CN(C(=O)C2CC2)c2ccccc2N1,0
O=c1c2c(nc3cc(-c4ccc(F)cc4)[nH]n13)CCCC2,0
CC(=O)N(c1ccc(C(C)C)cc1)C1C=CS(=O)(=O)C1,0
COc1ccc(NC(=O)c2ncn[nH]2)cc1,0
CC(/C=N/NC(=O)c1ccncc1)=C\c1ccc(C(C)C)cc1,0
Cc1cc2c(cc1C)-c1nnnn1C(C)(C)C2,0
COc1cc(-c2[nH]nc3c2C(c2ccoc2)C(C#N)=C(N)O3)cc(OC)c1OC,0
COC(=O)c1ccc(NC(=O)NS(=O)(=O)c2ccc(C)cc2)cc1,0
CCc1c(C(=O)Nc2ccc(OC)c(Cl)c2)[nH]c(C)c1C(C)=O,0
O=C(c1ccc2c(c1)OCO2)N1CCN(c2ccc(F)cc2)CC1,0
CCN(C(=O)COC(=O)c1ccc(OCc2c(C)noc2C)cc1)c1ccccc1,0
CCc1cn(S(=O)(=O)c2ccccc2OC)nc1N,0
COc1ccc(-n2c(CSc3nc(C)cc(C)n3)nnc2SCC(=O)Nc2nccs2)cc1,0
CCSCCOC(=O)C1=C(C)NC(=O)NC1c1cccc(OC)c1OC,0
COc1ccc(-c2nc3ccccc3c(=O)n2CCCN2CCOCC2)cc1,0
COC(=O)C1C2c3ccccc3OC1(C)N=c1s/c(=C\c3cn(C)nc3C)c(=O)n12,0
CC1(C)Cc2cccc(OCC(=O)Nc3nccs3)c2O1,0
Cc1cccc(-n2ncc3c(N4CCCc5ccccc54)ncnc32)c1,0
CC(=O)Cn1c(N2CCC(Cc3ccccc3)CC2)nc2c1c(=O)[nH]c(=O)n2C,0
CCC(C)(C)n1nnnc1C(c1ccc(OC)c(OC)c1)N1CCN(c2ccccc2)CC1,0
Cc1n[nH]c(=O)n1-c1ccc(Oc2ccccc2)cc1,0
COC(=O)c1ccc(CSc2ccc3nnc(-c4ccccc4)n3n2)o1,0
Nc1nc(-c2ccco2)nc(N2CCCCC2)n1,0
CCOc1ccccc1N(CC(=O)NC1CCCC1)C(=O)CCC(=O)Nc1cc(C)on1,0
CC(=O)c1sc(Nc2nc(C)cc(C)n2)nc1C,0
Cc1ccc(/C=N/n2nnnc2N)o1,0
CC1(C)CC(=O)C(=CNCCc2ccc(O)cc2)C(=O)C1,0
S=c1[nH]nc(-c2cccnc2)n1/N=C/c1cccs1,0
CC(c1ccco1)N(C(=O)COc1ccccc1[N+](=O)[O-])c1ccccn1,0
CC(C)c1ccc(NC(=O)c2cnn(-c3ccccc3)c2NC(=O)c2ccco2)cc1,0
Nc1nonc1-c1noc(COc2ccccc2Cl)n1,0
Cc1nn(-c2ccc(C(=O)Nc3nnc(C4CC4)s3)cc2)c(C)c1Cl,0
COc1cc(NC(=O)C2CCCCC2)c2ncccc2c1,0
O=C(c1ccccc1F)N(Cc1ccc2c(c1)OCO2)Cc1cc2cc3c(cc2n2nnnc12)OCO3,0
CC(=O)c1c[nH]c(C(=O)NCC2CCCO2)c1,0
O=C(CN1C(=O)CSC1=O)Nc1ccc(C(=O)O)cc1,0
O=C(NC(=S)Nc1ccc(Br)cn1)c1cncc(Br)c1,0
COc1ccc(-c2nc(C#N)c(N3CCC(C(N)=O)CC3)o2)cc1,0
CC1(C)CNC(=O)C=C(c2ccccc2)C1,0
COc1ccccc1NC(=O)C/C(N)=N/O,0
O=C(Nc1cccc2ccccc12)C1CCN(C(=O)Cc2ccccc2)CC1,0
CC(=O)Nc1ccc(C(=O)CS(=O)(=O)c2ccc(C)cc2)cc1,0
COc1ccc(-n2c(Cc3ccccc3)nnc2SCC(=O)N2CCCc3ccccc32)cc1,0
CCCCn1nnnc1NCc1ccc(N2CCCC2)cc1,0
COc1ccc(N(C(=O)c2ccn[nH]2)C(C(=O)NC(C)(C)C)c2ccc(F)cc2)cc1,0
O=C(Nc1ccc(NC(=O)C2CCCCC2)nc1)c1ccco1,0
O=C1CCC(=O)N1OCCCOc1ccccc1,0
CC1CCCN(CCCNC(=O)c2coc3nc4ccccc4nc23)C1,0
c1ccc2c(Cn3ccnc3)c[nH]c2c1,0
O=c1[nH]c2cc3c(cc2cc1CN(CCO)S(=O)(=O)c1ccccc1Cl)OCCO3,0
Cc1cc2c(cc(C(=O)OC(C(=O)NCc3ccco3)C(C)C)n2C)o1,0
O=S(=O)(Nc1nc2ccccc2nc1NCc1ccco1)c1ccc(Cl)cc1,0
CCc1ccc(N(C(=O)Cc2cccs2)C(C(=O)NC2CCCCC2)c2cn(C)nc2C)cc1,0
CCOC(=O)CSc1nc2cccnc2n1-c1ccc(F)cc1,0
O=C(c1ccc(Br)o1)N1CCN(c2ccccn2)CC1,0
Cc1ccc(NC(=O)c2cc(-c3cccs3)on2)cc1,0
NC(=O)CSc1nc(=O)cc(O)n1-c1ccccc1,0
Cc1ccc(S(=O)(=O)NCc2nc3ccccc3[nH]2)cc1,0
O=C(NCc1ccco1)C(c1ccco1)N(C(=O)Cn1nnc2ccccc21)c1ccc2c(c1)CCC2,0
COc1ccc(N2C(=O)CN=C2Nc2nc(C)cc(C)n2)cc1,0
O=C(NCC(=O)N(Cc1ccco1)C(C(=O)NC1CCCCC1)c1cccnc1)c1ccco1,0
O=C(CCc1ccccc1)Nc1ccccc1C(=O)NCc1ccco1,0
O=S(=O)(c1ccc(Cl)cc1)c1cnc(-c2cccnc2)nc1-c1ccccc1,0
CCOC(=O)C(=O)/C=C1\NC=C(C(F)(F)F)C=C1Cl,0
CCCCC(=O)Nc1ccc(C(=O)Nc2ccc3c(c2)OCO3)cc1,0
COc1ccc(S(=O)(=O)N2CCC(C(=O)NCc3ccccn3)CC2)cc1Cl,0
CCn1c(COc2ccc(Cl)cc2)nnc1SCC(=O)Nc1ccc2c(c1)OCO2,0
CCOC(=O)c1cc2sccc2n1CCCN1C(=O)c2ccccc2C1=O,0
N#Cc1nc(-c2cccc3ccccc23)oc1NCCN1CCOCC1,0
O=c1c(-c2ccco2)[n+]([O-])c2ccccc2n1OCc1ccccc1F,0
COc1cc(OC)c(C2C(C#N)=C(N)OC3=C2C(=O)CC(C)(C)C3)cc1OC,0
O=C1N2CCCc3cccc(c32)C12Nc1ccccc1S2,0
COc1ccc2nc(C(C)O)[nH]c2c1,0
CCCn1c2ccc(/C(C)=N/O)cc2c2cc(/C(C)=N/O)ccc21,0
COc1cc2c(cc1OC)C1Cc3c(cnc4c(-c5ccc(Cl)cc5)cnn34)C(=O)N1CC2,0
Cc1ccc(N(C(C)C(=O)Nc2cc(Cl)ccc2Oc2ccccc2)S(C)(=O)=O)cc1,0
Cc1ccc(-c2csc(NC(=O)Cn3cnc4c3c(=O)n(C)c(=O)n4C)n2)cc1C,0
CCOC(=O)Cc1csc(NC(=O)CSc2nnnn2-c2ccc(C)c(C)c2)n1,0
O=C(CN1C(=O)c2cccc3cccc1c23)Nc1ccccc1C(=O)NCc1ccco1,0
COc1ccccc1N1CCN(C(=O)/C=C/c2ccccc2)CC1,0
O=C(CSc1nnc(-c2ccncc2)n1Cc1ccco1)Nc1nccs1,0
COc1ccc(CC(=O)Nc2nnc(C)s2)cc1,0
CCc1c(C)c(C#N)c2nc3ccccc3n2c1Nc1c(C)n(C)n(-c2ccccc2)c1=O,0
O=C(NC12CC3CC(CC(C3)C1)C2)c1ccccc1O,0
CCOC(=O)N1CCC(N2C(=O)c3ccccc3C2Nc2ccc3c(C)cc(=O)oc3c2)CC1,0
O=C(Nc1ccc(Cl)cc1)OCCn1nnnc1C(c1ccccc1)N1CCOCC1,0
O=S(=O)(c1ccccc1)N1CCN(C2CCCCCCC2)CC1,0
COc1ccc(CNC(=O)c2cnccn2)cc1,0
COc1ccc(Br)cc1C(=O)Nc1nnn(C)n1,0
CC(C)C(=O)NC(c1ccc([N+](=O)[O-])cc1)c1c(O)ccc2ccccc12,0
COc1ccccc1N1CCN(C/C(C)=C/c2ccccc2)CC1,0
Cc1ccc(C(=O)Nc2oc(-c3ccccc3)cc2C#N)cc1,0
COCC(C)NC(=O)c1cccc(Cl)c1,0
CSc1n[nH]c(NC2=CC(=O)CCC2)n1,0
CCc1ccccc1N(CC(=O)N1CCN(c2ccc(F)cc2)CC1)S(C)(=O)=O,0
CCOc1ccc2[nH]c(=O)c(CN(CCN3CCOCC3)Cc3nnnn3C(C)(C)CC)cc2c1,0
CCCCCOC(=O)c1ccc(NC(=O)c2ccco2)cc1,0
O=C(CCN1C(=O)c2ccccc2C1=O)NC1=NCCS1,0
Cn1c(Br)nc2c1c(=O)n(CC(O)COc1ccccc1)c(=O)n2C,0
C=CCSc1nnc(Cc2cc(=O)[nH]c(=O)[nH]2)n1-c1cc(C)ccc1C,0
Cc1cc2oc(C(=O)Nc3c(C)n(C)n(-c4ccccc4)c3=O)c(C)c2cc1C,0
CC(C)CN1C(=O)c2ccc(C(=O)NCc3ccc4c(c3)OCO4)cc2C1=O,0
Cn1cnnc1SCc1ccc(F)c2ccccc12,0
O=C(NCCCn1ccnc1)Nc1cccc(Cl)c1,0
CN1c2ccccc2C(C)(C)C12CC(CCl)=NO2,0
CCc1cc(=O)n2c([nH]c3ccccc32)c1C#N,0
O=C(COc1ccc2c(c1)C(=O)CC1(CCCCC1)O2)NCc1ccccc1,0
Cc1[nH]nc2oc(=O)c(CCO)c(C)c12,0
Cc1cccc(NCN2C(=O)c3ccncc3C2=O)n1,0
C/C=C/C(=O)Nc1ccccc1Br,0
CC(C)c1nc2oc3c(=O)nc[nH]c3c2c2c1CCC2,0
COc1ccc(-n2nc3c(c2NC(=O)c2c(F)cccc2Cl)CS(=O)C3)cc1,0
N#C/C(=C1\CCCN1)c1nc(=O)c2ccccc2[nH]1,0
COc1cccc(NC(=O)CSc2nccn2-c2cccc(OC)c2)c1,0
COc1ccc(OCCNc2cc(N3CCCCC3)ccc2[N+](=O)[O-])cc1,0
Cc1cc(C)nc(SCc2nnc(SCC(=O)N3CCCc4ccccc43)n2C)n1,0
CCOc1ccc2[nH]c(=O)c(CN(CCO)C3(c4nnnn4C4CCCCC4)CCCCC3)cc2c1,0
CCCCSc1cnn(-c2ccccc2)c(=O)c1SCCCC,0
COc1ccc(-c2nc3c(c(=O)n(C)c(=O)n3C)n2CC2CC(c3ccccc3)=NO2)cc1OC,0
Cc1oc(-c2ccccc2)cc1C(=O)Nc1cccc(C(=O)O)c1,0
COc1ccccc1N(CC(=O)NCc1ccccc1)C(=O)CCC(=O)Nc1ccccn1,0
Cc1cc(Br)c2[nH]c3c(c2c1)CCCC3=O,0
O=C(Oc1ccc(/C=N/O)cc1)c1ccccc1,0
COc1cccc(OCCCCSc2ncccn2)c1,0
Cc1cc2nc(CCN(Cc3cccnc3)C(=S)Nc3ccc(F)cc3)[nH]c2cc1C,0
Cc1cc(C)c(OCC(=O)Nc2nnn(C)n2)c(Br)c1,0
CCOc1cc(Br)ccc1S(=O)(=O)N1CC(C)OC(C)C1,0
CN(C)c1nc2c(c(=O)[nH]c(=O)n2C)n1Cc1ccccc1Br,0
O=C(COc1ccc(S(=O)(=O)N2CCCC2)cc1Cl)NC1CCCC1,0
CN(C(=O)c1ccccn1)C(C(=O)Nc1ccc2c(c1)OCCO2)c1ccccc1,0
Cc1ccnc(NC(=S)NC(=O)c2ccco2)c1,0
COc1ccccc1NC(=O)Nc1nnc(-c2ccco2)s1,0
Clc1ccc(OCc2nc(-c3ccccn3)no2)c(Br)c1,0
CCn1c(CNc2nc3ccccc3n2C(C)C)nc2ccccc21,0
Cc1ccc(S(=O)(=O)NC(C)(C)CSc2nncn2N)cc1,0
CN1CCN(c2ccccc2N)CC1,0
O=C(c1ccc(COc2ccccc2Br)cc1)N1CCCCC1,0
Cc1onc(-c2ccccc2)c1C(=O)Nc1ccc(OC(C)C)cc1,0
Cc1cccc(-n2c(C)n[nH]c2=S)c1C,0
CCn1cnc2cc(NS(=O)(=O)c3ccc(C)cc3)ccc21,0
CCOc1ccc2cc(S(=O)(=O)n3ccnc3C)ccc2c1,0
CC(c1ccco1)N(C(=O)c1ccc(S(=O)(=O)N2CCCCC2)cc1)c1ccccn1,0
c1ccc2c(c1)C(=Nn1cnnc1)c1ccccc1-2,0
Cc1nc2c(sc3nc4c(cc32)COC(C)(C)C4)c(=O)o1,0
CC1(C)CC(=NO)CC(C)(C)N1,0
O=C(CSc1nnc2ccccn12)NC(=O)NC1CCCC1,0
CCOC(=O)c1sc(NC(=O)CSc2nc(C)cc(-c3ccccc3)n2)c(C#N)c1C,0
CCn1c(=O)cc(OCC(=O)NC2CCCCC2)c2ccccc21,0
COc1ccc(CNC(=O)C2CSCCS2)cc1,0
O=C(NCCCn1ccnc1)c1cc2c(s1)CCCCC2,0
C/C(CCc1oc2c(Br)cc(Br)cc2c1-c1ccc(C)o1)=N\O,0
COC(=O)C1=C(C)OC(N)=C(C#N)C1c1cc(OC)ccc1OC,0
CC(C)Cn1c(N)c(C(=O)CSc2ccc3c(c2)OCCO3)c(=O)n(C)c1=O,0
Cc1noc(C)c1C(=O)NC(C)c1ccc2c(c1)OCO2,0
COCCN(C(=O)CCC(=O)Nc1cccnc1)C(C(=O)NC1CCCCC1)c1ccccc1,0
O=C(Nc1cccc2ncccc12)c1ccc2c(c1)OCCO2,0
COc1ccc(OC)c(S(=O)(=O)NCc2cn3cccc(C)c3n2)c1,0
CCCn1nnc(NC(=O)c2ccc(Br)o2)n1,0
COc1ccc(OC)c(-n2nnnc2SCC(=O)Nc2nc(C)c(C)s2)c1,0
Cc1cc(N2CCCCC2)nc(NCc2ccccc2)n1,0
CCOc1cc(/C=N/NC(=O)Cn2nc([N+](=O)[O-])cc2C)cc(Br)c1OCc1ccccc1F,0
COCc1nnc(NC(=O)CCc2ccccc2)s1,0
O=C(Nc1ccc2nc(-c3ccco3)[nH]c2c1)c1ccco1,0
COc1ccc(-c2nn(C)c(=O)c3ccccc23)cc1CNC(=O)c1ccco1,0
Cc1cc2c(ncn2Cc2ccccc2)c(NS(C)(=O)=O)c1C,0
N#CCCn1c(SCC(=O)NCC2CCCO2)nc2ccccc21,0
COc1ccc(C(=O)Nc2cccnc2)cc1OC,0
CC(C)(C)NC(=O)C(c1cccs1)N(CC1CCCO1)C(=O)Cn1nnc(-c2cccs2)n1,0
O=c1oc(-c2ccc(Br)o2)nc2ccccc12,1
COc1ccc(CCCNC(=O)CC#N)cc1OC,0
CCc1cccc(NC(=O)Cn2cccc2)c1,0
CC(C)C(NS(=O)(=O)c1cccc2nsnc12)C(=O)NCCC1=CCCCC1,0
CC(NC(=O)c1cc2sccc2n1C)c1ccc2c(c1)OCCO2,0
CNC(=O)NC1CCCCc2sccc21,0
Cc1ccc2nc(-c3cccc(N)c3)oc2c1,0
COc1cccc(CNc2ccc3c(c2)ncn3C(C)C)c1OC,0
Cn1c2ccccc2c2cc(C(=O)N3CCOCC3)sc21,0
COc1ccc(NC(=O)N2CCN(c3nc(-c4cccc(OC)c4)cs3)CC2)cc1,0
COc1ccc(CNc2oc(Cc3cccc4ccccc34)nc2C#N)cc1,0
CC(C)(C)S(=O)(=O)c1cnc2c(-c3ccc(F)cc3)cnn2c1N,0
Cc1nn(-c2cc(N3CCCCC3)ccc2N)c(=O)c2ccccc12,0
COc1ccc(S(=O)(=O)Nc2cc(C)ccn2)cc1,0
COc1cccc(N(CC(=O)NC2CCCC2)C(=O)Cn2nnc(-c3ccc(C)cc3)n2)c1,0
O=C(COc1ccccc1)NC(=S)Nc1ccc2c3c(cccc13)CC2,0
CN(C)CCCNc1cc(Cl)c(S(=O)(=O)N2CCCCC2)cc1C(=O)O,0
Cc1nc2ccc(C(=O)N3CCSCC3)cc2s1,0
O=C(Nc1cccc(Br)c1)c1ccc2nc(N3C(=O)CCC3=O)sc2c1,0
Brc1ccc(-c2nc(-c3ccncc3)no2)o1,0
CCOC(=O)CSc1nc(C2CC2)nc2ccccc12,1
O=C(CCS(=O)(=O)Cc1ccccc1)N1CCN(c2ccccc2)CC1,0
CCOC(=O)c1c(C)oc2cc(Br)c(OCC(N)=O)cc12,0
O=C(c1ccccc1)N1CCN(Cc2ccccc2Br)CC1,0
O=C(Nc1ccccc1)c1ccccc1NS(=O)(=O)c1ccc(Cl)s1,0
COc1cccc(C2CC(c3ccccc3OC)N3NC(N)=NC3=N2)c1,0
CCOC(=O)Nc1cccc(NC(=O)c2cc(OC)cc(OC)c2)c1,0
Cc1nn(C)cc1CNC(=O)c1ccccc1Br,0
Cc1nc(CC(=O)O)c(-c2ccccc2)s1,0
CC1CN(c2cc(=O)n(Cc3ccc(F)cc3)c(=O)[nH]2)CC(C)O1,0
CN(CCCNC(=O)c1cccc(N2CCCC2=O)c1)c1ccccc1,0
Nc1n[nH]c2c1C1(CCCC1)Cc1ccccc1-2,0
O=C(NCCN1CCOCC1)NC1(C(F)(F)F)Oc2ccccc2O1,0
Cc1cc(C(=O)COc2cccc(-n3cnnn3)c2)c(C)n1-c1ccccc1,0
N#Cc1nc(-c2ccc(F)cc2)oc1NCc1ccccc1,0
CN(C(=O)COc1cc(=O)n(C)c2ccccc12)c1cccc(Cl)c1,0
COc1ccc2cc(CN(CCO)C(=O)c3ccc(Br)cc3)c(=O)[nH]c2c1,0
Cn1cccc1C(=O)NC(=O)CSc1cccc[n+]1[O-],0
COC(=O)c1ccc(CSc2ncnc3ccccc23)o1,0
CCCOc1c(Br)cc(C(N)=O)cc1OC,0
CCCCCCCCNc1ncnc2ccccc12,0
COC(=O)c1ccc(NC(=O)CN2CCCC2)cc1,0
COC(=O)c1ccc(S(=O)(=O)N2CCCC2)o1,0
c1ccc(N2CCN(Cc3cn4cccnc4n3)CC2)cc1,0
Cc1ccc(-c2c(C#N)c(N)n(-c3ccc(C)cc3)c(=O)c2C#N)cc1,0
O=C(C1CCCCC1)N1CCCC(c2nc(-c3ccc(F)cc3)no2)C1,0
COCCn1c(=N)c(C(=O)NCCc2ccc(OC)cc2)cc2c(=O)n3cccc(C)c3nc21,0
CCCN(CCO)Cc1cccc(Br)c1,0
COc1ccc(CNC(=O)CN(Cc2ccc(Cl)cc2)S(=O)(=O)c2ccccc2)cc1,0
O=C(NCCO)C1(c2ccccc2)CCCC1,0
Cc1ccc(C(C)C)c(OCC(=O)OCc2c(C)noc2C)c1,0
CC(C)n1c(SCc2ccc(Cl)cc2)nc2c1c(=O)[nH]c(=O)n2C,0
CC1CCc2c(sc(NC(=O)C(=O)NCc3ccco3)c2C#N)C1,0
C#CCn1cnc2c(cnn2-c2ccc(C)c(C)c2)c1=O,0
Nn1c(SCC(=O)N2CCc3ccccc3C2)nnc1-c1cccs1,0
CN1C=CC(=C2C(=O)c3ccccc3C2=O)C=C1,0
CCCc1nc(SCC(=O)c2ccccc2)c2c(=O)n(C)c(=O)n(C)c2n1,0
COc1ccc2[nH]c(=O)c(CN(C(=O)c3cccnc3)c3ccccc3OC)cc2c1,0
COc1ccc(CN2CCCCC2c2cccnc2)cc1C,0
COc1ccccc1C(c1nnnn1CS(=O)(=O)c1ccc(C)cc1)N1CCSCC1,0
O=C(CCC(=O)N1CCc2ccccc21)Nc1ccccc1,0
CCCCNC(=S)NC(=O)c1ccc([N+](=O)[O-])cc1,0
Cc1ccc(NS(=O)(=O)c2cc(C(=O)NCc3ccccn3)ccc2Cl)cc1,0
COc1ccc(OCC(=O)NNC(=O)c2cccnc2)cc1,0
CC(C)N1C(=O)S/C(=C/c2cccnc2)C1=O,0
O=c1c2cnn(-c3ccc(F)cc3)c2ncn1Cc1ccccc1,0
CCC(C)c1ccc(NC(=S)Nc2ccc(OC)c(OC)c2)cc1,0
Cc1ccn(C(CC(=O)c2ccc(Br)cc2)C(=O)O)n1,0
O=C(O)CCSc1nc2ccc(Br)cc2[nH]1,0
COc1ccc(-c2nnc(SC(C)C(=O)Nc3c(C)n(C)n(-c4ccccc4)c3=O)o2)cc1,0
COc1ccc(C(=O)NCCSCc2ccccc2C)cc1,0
Cc1c(/C=N/n2cnnc2)c2ccccc2n1CCOc1ccc(Cl)cc1,0
CCCC(=O)Nc1ccccc1N1CCN(C(=O)c2ccccc2)CC1,0
CCc1nc2ccccc2n1Cc1cc(=O)n2cc(C)ccc2n1,0
CCOc1nc(-c2ccc(OC)cc2)ccc1-c1noc(-c2cccnc2)n1,0
CCOC(=O)c1nnn(-c2nonc2N)c1CN1CCc2ccccc2C1,0
COc1ccc(CCNC=C2C(=O)CC(C)(C)CC2=O)cc1,0
O=C(Nc1cccc2ccccc12)N1CC=C(c2ccccc2)CC1,0
COc1ccc(CNc2nc(-c3cccnc3)nn2C(=O)c2ccco2)cc1,0
CC(C)C(=O)Nc1cccc(NC(=S)NC(=O)c2ccc(Cl)cc2)c1,0
Cc1nn(C)c(C)c1CNC(=O)C1=C(Cl)C2=NC(c3cccs3)CC(C(F)(F)F)N2N1,0
O=C(Nc1cnn(Cc2ccc(Cl)cc2Cl)c1)c1cc(-c2cccs2)on1,0
Cc1ccc(-c2c(C)n([O-])c3c([n+]2=O)CCC3)o1,0
O=C(CN1C(=O)CC(c2ccccc2)=Nc2ccccc21)NC1CCCCC1,0
COc1ccccc1-c1nc(C#N)c(NCc2ccc(F)cc2)o1,0
Cc1cc(=O)n2c(-c3ccccc3C)n[nH]c2n1,0
Cc1ccccc1Cn1cc(NC(=O)COc2ccccc2)cn1,0
Cn1c(=O)c(C#N)c(-c2ccccc2)n2cnnc12,0
COc1ccc(CCNC(=O)c2[nH]c(C)c(C(C)=O)c2C)cc1OC,0
Cc1cccc(NC(=O)CSc2ncnc3nc[nH]c23)c1,0
COc1cccc(N2CCN(CC(=O)c3c(C)[nH]c4ccccc34)CC2)c1,0
CCOC(=O)C1CCCN(c2c(NCCN(CC)c3ccccc3)c(=O)c2=O)C1,0
CCCC(=O)N1CCN(c2ccc(NC(=O)c3ccccc3)cc2)CC1,0
CCOC(=O)c1sc2nc3n(c(=O)c2c1C)CCCCC3,0
COc1ccccc1Nc1ncc(C(C)=O)c(C)n1,0
CC(C)N(C(=O)CSc1nc2ccccc2n1Cc1ccccc1)C(C)C,0
Cc1ccc(NC(=O)NC2(C(=O)NCc3ccco3)CCCCC2)cc1,0
O=C(CCCOc1ccccc1)Nc1ccc2c(c1)OCCO2,0
CS(=O)(=O)N(Cc1ccc(Cl)cc1)c1ccc(C(=O)N2CCN(c3ccccc3)CC2)cc1,0
O=C(CCC(=O)Nc1ccccc1)N/N=C/c1ccco1,0
Cc1cc(C)n(C(=O)c2ccc(NC(=O)C3CC3)cc2)n1,0
Cc1ccc(S(=O)(=O)Cc2ccc(C(=O)N3CCCCCC3)o2)cc1,0
CCc1nnc(NC(=O)CSc2ccc(-c3nc4ccccc4[nH]3)cn2)s1,0
CCCc1cc(=O)n2[nH]c(C)cc2n1,0
N#Cc1nc(COc2ccccc2F)oc1NCCCn1ccnc1,0
COc1ccc(/C=N/NC(=O)c2nn(-c3ccc(C)c(C)c3)c(=O)c3ccccc23)cc1,0
O=C(Nc1ccc2c(c1)OCO2)c1cc2ncc(Br)cn2n1,0
CC(=O)c1c(C)oc(C)c1CSCc1ccc(C(=O)O)o1,0
O=C1C(=O)N(CCCn2ccnc2)C(c2cccnc2)/C1=C(/O)c1ccc(Br)cc1,0
Cn1c2ccccc2c2c(C(=O)NCC3CCCO3)cn(C3CCCC3)c(=O)c21,0
COc1ccc(C(=O)Nc2cc(OC)c(NC(=O)c3ccco3)cc2OC)cc1,0
COc1ccc(NC(=O)CN2CCC(C)CC2)cc1,0
CC1(C)CC(=O)C(=CNCCc2ccccn2)C(=O)C1,0
CCC(=O)Nc1ccc2c(c1)ncn2-c1ccc(OC)cc1,0
COc1ccc(CNC(=O)c2cc3c(=O)n4ccccc4nc3n(Cc3ccco3)c2=N)cc1,0
Cc1ccc(S(=O)(=O)Nc2cccc(-c3cn4ccsc4n3)c2)cc1,0
Cc1ccc(C(=O)OCCN2CCN(c3ncc(C(F)(F)F)cc3Cl)CC2)cc1,0
CCN(CC)c1ncnc2scc(C3COc4ccccc4O3)c12,0
Cc1oc2nc(SCC(=O)NC3CCCCC3)nc(N)c2c1C,0
CCC(Sc1ccccc1C(=O)O)C(=O)O,0
CC1CCN(CC(=O)N2c3ccccc3CCc3ccccc32)CC1,0
CCc1nc(SCC(=O)N2c3ccccc3CC2C)c2c(C)c(C)sc2n1,0
COc1ccccc1/C=C/C1=N/C(=C\N(C)C)C(=O)O1,0
O=C1CCCc2nc(NCc3ccco3)ncc21,0
O=C(N/N=C/c1ccncc1)c1nc(-c2ccccc2)n2c1CCCCC2,0
Cc1nc(NC2=NC(C(=O)Nc3ccc(Cl)cc3)CC(=O)N2)nc2ccccc12,0
Cc1ccc2c(C(=O)CN3CCOCC3)c(C)[nH]c2c1,0
CCOc1cccc(-c2nnc3sc(COc4ccc(Cl)cc4)nn23)c1,0
CC(C)(C)NC(=O)CSc1nccn1Cc1ccccc1,0
Cc1ccc(C(=O)N/N=C/c2nc3ccccc3n2C)cc1,0
COc1ccc2c(c1OC)C(=O)N1c3ccccc3C(=O)N(c3ccccc3)C21,0
CCOC(=O)N1CCN(C(=O)c2cnn3c(C)c(Cc4ccc(C)cc4)c(C)nc23)CC1,0
NC(=O)C1CCN(C(c2ccccc2Cl)c2nnnn2Cc2ccc3c(c2)OCO3)CC1,0
COc1ccc(Oc2nccc(-c3ccccc3)c2C#N)cc1,0
C=CCNc1nnc(-c2ccncc2)s1,0
COc1ccc(OC)c(S(=O)(=O)Nc2ccccc2C(F)(F)F)c1,0
COc1cc(-c2c(C#N)c(N)nc3c2CCCC3)cc(OC)c1OC,0
O=C(NCc1ccc(F)cc1Cl)C1CCN(S(=O)(=O)N2CCC3(CC2)OCCO3)CC1,0
CC(C(N)=O)N1C(=O)c2cccc3cccc1c23,0
Cc1ccc(-c2cc(C(=O)n3cnc4ccccc43)c3ccccc3n2)cc1C,0
O=c1nc(N2CCCCCC2)[nH]c(N2CCCCCC2)n1,0
CCCCOc1ccc(NC(=O)C(=O)NCCC2=CCCCC2)cc1,0
CCCCc1c(O)nc(SCC(=O)N2CCOCC2)[nH]c1=O,0
O=C1c2ccccc2C(=O)N1CCCCN1CCN(CCCCN2C(=O)c3ccccc3C2=O)CC1,0
COc1ccccc1OCCn1c(CO)nc2ccccc21,0
O=C(Nc1nc(COc2ccccc2)cs1)C12CC3CC(CC(C3)C1)C2,0
O=C(NCCc1ccccc1)C1CCCN1C(=O)NCc1ccccc1,0
COc1ccc(NC(=O)N(C2CCCCC2)C2CCN(C(C)C)CC2)c(OC)c1,0
Nc1nc(-c2ccc(Cl)cc2Cl)cn1N,0
COc1ccc(CNC(=O)C2=C/C(=C3/C=CC=CC3=O)NN2)cc1,0
O=C(N/N=C/C=C/c1ccccc1)c1n[nH]c2c1CCC2,0
Cc1ccc(-n2c(=O)[nH]cc(C(=O)N3CCc4ccccc43)c2=O)cc1C,0
O=C(Nc1cnn(Cc2ccc(Cl)cc2)c1)C1CCCC1,0
Cn1c2ccccc2c2c(C(=O)N3CCC4(CC3)OCCO4)cn(C3CCCC3)c(=O)c21,0
CC(C)NC(=O)NC(=O)COc1cccc2c1OC(C)(C)C2,0
CCCC(CCC)C(=O)Nc1c[nH]c(=O)[nH]c1=O,0
CCOC(=O)c1ccc(NS(=O)C23CC4CC(CC(C4)C2)C3)cc1,0
O=C(c1ccc(Cl)cc1)N1CCN(c2cc(=O)[nH]nc2-c2ccccc2)CC1,0
Cc1oncc1-c1cn2ccccc2n1,0
CCCn1nnc(NC(=O)c2ccc(F)cc2)n1,0
N#CCCn1cc(/C=N/O)c(-c2ccccc2)n1,0
CCc1nnc(SCc2ccc(CSc3nnc(CC)n3N)cc2)n1N,0
Cc1cccc(NC(=O)CCCN2C(=O)c3cccc4cccc(c34)C2=O)c1,0
O=C(Nc1cccnc1)c1ccccc1Oc1ccccc1,0
C=CCNC(=S)N1CCN(c2ncc3c(=O)c(C(=O)O)cn(CC)c3n2)CC1,0
C=CCSc1nnc(NC(=O)CSc2nc(=O)cc(CCC)[nH]2)s1,0
O=C(CN1CCCC1)N1c2ccccc2Sc2ccccc21,0
COc1ccccc1NC(=O)CN(C)S(=O)(=O)c1ccc(F)cc1,0
Cc1ccc(Nc2nc(CSc3nnc(-c4cccs4)o3)cs2)cc1,0
CC(C)CC(=O)NCC(C)NC(=O)CC(C)C,0
CC1=C(C(=O)NCc2ccccn2)C2(CCC(C)CC2)OC1=O,0
CCC(CC)C(=O)N1CCN(Cc2ccc3c(c2)OCO3)CC1,0
CC1CCN(C(=O)CN(C2CCCCC2)S(C)(=O)=O)CC1,0
CN(C)CCCNC(=O)/C(=N\O)c1ccccc1,0
COc1ccc(C2CC(=O)c3cnc(N)nc3C2)c(OC)c1,0
Cc1ccc(C2=NCCNC2=O)c(C)c1,0
CCCN(CCC)C(=S)NC(=O)c1ccc(-c2ccccc2)cc1,0
O=S(=O)(c1ccc(Cl)cc1)N1CCN(C2CCN(Cc3ccccc3)CC2)CC1,0
COc1ccc(-c2c3c(=O)n(C)c(=O)n(C)c3cn2-c2ccccc2)cc1,0
Cc1ccc(-n2ncc3c(NCc4ccccc4)ncnc32)cc1,0
c1csc(-c2nnc(Cc3cccc4ccccc34)o2)c1,0
Cc1csc(NC(=O)CSc2nnc(-c3cccs3)n2C)n1,0
COc1ccc(-n2nc(C(=O)Nc3ccc(OC)c(OC)c3)c3c4ccccc4n(C)c3c2=O)cc1,1
CS(=O)(=O)c1ccc(Cl)c(NC(=O)C2CC(=O)N(Cc3ccccc3)C2)c1,0
COc1c(C(=O)Nc2c(C)n(C)n(-c3ccccc3)c2=O)ccc2ccccc12,0
CCCCC12CNCC(C)(CNC1)C2=O,0
CCOC(=O)Cn1nc(-c2ccccc2)nc1-c1ccccc1,0
CC(=O)Nc1cc(NC(C)=O)cc(C(=O)NC(C)(C)C)c1,0
O=c1c2ccccc2nnn1CSc1nc2sc3c(c2c(=O)n1CC1CCCO1)CCC3,0
Cc1c(NC(=O)C2CCCN2S(=O)(=O)c2ccc(Cl)cc2)c(=O)n(-c2ccccc2)n1C,0
O=C(c1cccc(-c2nnc(-c3ccccc3)o2)c1)N1CCCCCC1,0
Nc1nc(CSc2nc3ccccc3s2)nc(N2CCCCC2)n1,0
CN1CCN(C2OC(=O)c3ccccc32)CC1,0
COc1ccc(C)cc1Cn1c(S(C)(=O)=O)nc2ccccc21,0
CCOC(=O)c1cnc2c(C(=O)OC)cccc2c1NCc1ccco1,0
C=CCn1c(SCC(=O)Nc2sccc2C(N)=O)nc2sc(C)c(C)c2c1=O,0
Cc1ccc(C(=O)CSc2nc(=O)c3ccccc3[nH]2)cc1,0
COCCOC(=O)C1=C(C)N(Cc2ccccc2)C(=O)NC1c1cccc(OC)c1OC,0
Cc1ccccc1Cn1ccc(-c2ccc3c(c2)OCO3)n1,0
Cn1cnnc1SC(C(=O)Nc1cccc(C(F)(F)F)c1)c1ccccc1,0
CCCOc1ccc(N2C(=O)CC(N3CCC(c4nncn4CC)CC3)C2=O)cc1,0
O=c1nc(Nc2nc3ccccc3o2)[nH]c2c1CCCC2,0
Cc1ccc(-c2nn(C)c(=O)c3ccccc23)cc1CNC(=O)Cn1nc(-c2ccccc2)c2ccccc2c1=O,0
O=C(CN1CCOc2ccccc21)NCc1cccs1,0
CC(=O)c1cccc(NC(=O)C2CCCN(S(=O)(=O)c3ccc(F)cc3)C2)c1,0
COc1ccc(CC(=O)NNC(=O)c2ccoc2C)cc1OC,0
O=C(O)c1ccc2c(c1)C(=O)N(C(Cc1ccc(O)cc1)C(=O)O)C2=O,0
COc1cc(C(=O)N2CCN(C/C=C/c3ccccc3)CC2)cc(OC)c1OC,0
CCc1nc2cc(CC(=O)O)ccc2o1,0
Cc1cccc2cc(CN(CC3CCCO3)C(c3nnnn3Cc3ccco3)C(C)C)c(=O)[nH]c12,0
COc1cc(C2c3c(n[nH]c3C)C(=O)N2c2ccc(Br)cc2)ccc1O,0
COC(=O)C1CCN(c2cc(=O)n(Cc3ccc(F)cc3)c(=O)[nH]2)CC1,0
CCOc1cc(/C=N/n2cnnc2)ccc1OCC(=O)Nc1ccccc1OC,0
COc1ccc(CC(=O)Nc2nncs2)cc1OC,0
O=C(Nc1nnc(C2CCCC2)s1)C1CCN(S(=O)(=O)c2ccc(Cl)cc2)CC1,0
CCOc1ccccc1-c1nc(SCC(=O)O)n[nH]1,0
CCOC(=O)c1cnn(-c2nc(C)cc(C)n2)c1N,0
O=C(CSc1ncn[nH]1)NC1CC2CCC1C2,0
CCOC(=O)CCSc1nc(C(C)(C)C)cc(C(F)(F)F)c1C#N,0
CC(C)c1ccc(/C=C/C(=O)n2nnc3ccccc32)cc1,0
CN(C)S(=O)(=O)c1ccc(C(=O)Nc2ccccc2F)cc1,0
CC1Cc2nc(SCC(=O)c3ccccc3)n(Cc3ccccc3)c(=O)c2S1,0
CN(Cc1ccccc1)C(=O)c1ccccc1NC(=O)c1ccco1,0
Cc1ccc2cc(C(c3nnnn3Cc3ccccc3)N3CCc4ccccc43)c(=O)[nH]c2c1C,0
Cc1csc(OCC(=O)Nc2ccc(C)c(C)c2)n1,0
O=C(Cc1ccc(Br)cc1)OCC(=O)c1ccc2c(c1)OCCO2,0
CCn1c(CSc2nnc(-c3ccoc3C)n2C)nc2cc(S(=O)(=O)N(C)C)ccc21,0
COc1ccc(C(=O)Nc2cccc(-c3cnc4ccccc4n3)c2)cc1,0
COc1cccc2c(=O)n(CC(=O)Nc3ccccc3F)ccc12,0
N#Cc1cc(C(=O)c2cc(Br)ccc2O)cn(C2CC2)c1=O,0
CSc1nc2ccccc2n1CC(=O)N1CCCCC1,0
Cc1ccc(-c2nc3ccccc3c(=O)n2-c2ncccc2C)cc1,0
N#Cc1c(NC(=O)c2cc(-n3cnnc3)ccc2Cl)sc2c1CCCC2,0
Cc1cc(C)cc(OCC(=O)NCCN2CCOCC2)c1,0
Cc1cccc(C)c1NS(=O)(=O)c1c(C)[nH]c(=O)[nH]c1=O,0
OC(CNc1ccccc1)COc1ccc(OCC(O)CNc2ccccc2)cc1,0
CCOC(=O)CSc1nnc(CNC(=O)Cc2ccccc2)n1C,0
Cc1cc(=O)[nH]c2c(C)c(N)ccc12,0
CCc1nnc(NC(=O)CSc2nnc3scc(-c4ccc(C)cc4)n23)s1,0
O=C(OCC(=O)c1cccs1)C1=COCCO1,0
Cc1ccc(CN(Cc2cc3cc4c(cc3[nH]c2=O)OCCO4)Cc2nnnn2Cc2ccco2)cc1,0
COc1ccc(-c2[nH]ncc2/C=C(/C#N)C(=O)NC2CCCCCC2)cc1,0
N/C(=N\OC(=O)CCc1ccccc1)c1ccc(Br)cc1,0
CC12CC3(C)CC(C)(C1)CC(NC(=O)N1CCCC1)(C2)C3,0
O=S(=O)(CC(CN1CCCC1)N1CCCC1)c1ccc2ccccc2c1,0
CCCOc1cccc(C(=O)Nc2cccc(NC(=O)c3ccco3)c2)c1,0
CCC(=O)NC1(C(F)(F)F)C(=O)NC(C)=C1C#N,0
Cc1cc(C)n(CCc2nc(-c3ccc(C)o3)cs2)n1,0
Cc1ccc(-c2cc(N)n[nH]2)cc1,0
CCOc1ccc(CNCc2cccnc2)cc1,0
Cc1ccc(C(C)C)c(OCc2ccc(-c3nnco3)cc2)c1,0
CCn1c(SCC(=O)N2c3ccccc3Sc3ccccc32)nnc1-c1ccco1,0
COc1cc(C(=O)Nc2sc3c(c2C(=O)NCc2ccco2)CCCC3)cc(OC)c1OC,0
Cc1ccc(C2(C)NC(=O)N(Cc3c(C)noc3C)C2=O)cc1,0
O=C(c1cc2ccccc2oc1=O)N1CCN(c2ccc(N3CCOCC3)nn2)CC1,0
O=C(CCCCn1c(=O)[nH]c2ccsc2c1=O)NCc1ccc2c(c1)OCO2,0
COc1cc(S(=O)(=O)N2CCCCC2)ccc1NC(=O)c1ccccc1Cl,0
C=C(C)c1cccc(C(C)(C)NC(=O)Nn2cnnc2)c1,0
Cc1ccc(C)c(NC(=O)c2nc(-c3ccccc3)n(-c3ccccc3)n2)c1,0
CC(C)NC(=O)c1ccccc1NC(=O)C1COc2ccccc2O1,0
COc1ccc(NC(=O)N2CCCC(c3nc(-c4ccc(C(C)C)cc4)no3)C2)cc1,0
COc1ccc(-c2cc(C(F)(F)F)nc(-n3cc(Cl)cn3)n2)cc1,0
Cc1cc(C)c(C)c(S(=O)(=O)ON2C(=O)c3ccccc3C2=O)c1C,0
CC(=O)c1nc2ccccc2n1S(=O)(=O)c1ccc(C)cc1,0
CCOC(=O)C1CCCN(c2nc3ccccc3nc2C(C#N)C(=O)NCc2ccccc2)C1,0
CC(C)Nc1ncnc2c1cnn2-c1ccccc1,0
CC(=O)Nc1ccc(N2CCN(C(C)=O)CC2)cc1,0
Cc1ccc(-c2nn(C)c(=O)c3ccccc23)cc1CNC(=O)c1ccco1,0
COc1cc(OC)cc(C(=O)NC(=S)Nc2cccnc2)c1,0
Cc1c(NC(=O)c2cc3ccccc3o2)c(=O)n(-c2ccccc2)n1C,0
Cc1sc(NC(=O)CSc2nnnn2C2CCCCC2)c(C#N)c1C,0
COc1cc(C(=O)Nc2ccc(-c3nnc(-c4ccco4)o3)cc2)cc(OC)c1OC,0
CCn1c(N)nc2ccccc21,0
Cc1[nH]nc2c1C(c1ccc(Cl)cc1)C(C#N)=C(N)O2,0
CC(=O)Nc1nc(C)c(S(N)(=O)=O)s1,0
Cc1cc(C)n(-c2ccc(C(=O)Nc3ccccc3N3CCOCC3)cc2)n1,0
CCCCCCCC(=O)NC(Oc1ccccc1[N+](=O)[O-])C(Cl)(Cl)Cl,0
COc1cccc(-c2noc(C3CCCN(S(=O)(=O)c4cccc(Cl)c4C)C3)n2)c1,0
COc1ccc(/C=N/Nc2nc(=O)c3ccccc3[nH]2)cc1,0
OCCN1CCN(C(=S)c2ccc(Cl)cc2)CC1,0
COc1ccc(N2C(=O)CC(N3CCC(n4c(=O)[nH]c5ccccc54)CC3)C2=O)cc1,0
CCc1nc(NC2CCCCC2)c(C#N)c2c1COC(C)(C)C2,0
CCc1cccc(NC(=O)c2snc3c(=O)nc[nH]c23)c1,0
CC(=O)c1cccc(NC(=O)NCc2cccnc2)c1,0
COc1cccc(C(=O)Nc2ccc(NC(=O)C(C)C)nc2)c1,0
O=C(COC(=O)c1ccccc1Nc1ccccc1)c1ccccc1,0
CC(C)(O)C(=O)NN(C(=O)c1ccccc1)c1cccc(Br)c1,0
CCCCOc1nc2ccccc2nc1C(C#N)C(=O)NC1CCCCC1,0
CCCC(NC(=O)c1ccccc1)c1nc2ccccc2n1Cc1ccc(C(=O)OC)o1,0
Cc1ccc(NC(=O)N2CCC(C(=O)NCc3ccc(F)cc3)CC2)cc1,0
CN(C)c1cc[nH]c(=O)c1C#N,0
O=C(Nc1nccs1)C1Cc2ccccc2CN1S(=O)(=O)c1ccc(F)cc1,0
CCOc1cc(C(=O)NC(C)COC)cc(OCC)c1OCC,0
CC(C)(C)NC(=S)NCc1cccnc1,0
O=C(CCN1C(=O)c2ccccc2C1=O)N1CCN(C2c3ccccc3-c3ccccc32)CC1,0
Cc1cccc(-c2ccc(/C=N/c3c(C)n(C)n(-c4ccccc4)c3=O)o2)c1,0
CCOC(=O)N1CCN(c2c(Nc3ccc4c(c3)OCCO4)c(=O)c2=O)CC1,0
CCc1nnc(NC(=O)CSc2nnc(C3CCCCC3)n2-c2ccccc2)s1,0
Cc1cc(C)cc(N2CC34C=CC(O3)C(C(=O)OCC(=O)NCc3ccco3)C4C2=O)c1,0
c1ccc(NC2=Nc3ccccc3CC2)cc1,0
O=C(CCCN1C(=O)c2ccccc2C1=O)Nc1ccc(S(=O)(=O)N2CCOCC2)cc1,0
CS(=O)(=O)N(CC(=O)NC1CC1)c1cccc(F)c1,0
C/C(=C\c1ccco1)C1Nc2cccc3cccc(c23)N1,0
Cc1ccc(S(=O)(=O)N/N=C/c2cn(C)nc2C)cc1,0
CCCc1cc(C(=O)N/N=C/c2ccc(C)o2)c2ccccc2n1,0
CC(C)(C)c1ccc(CNc2cc(N3CCOCC3)ccc2[N+](=O)[O-])cc1,0
CCCC(=O)N(C)c1nnc(-c2ccc(OC)cc2)s1,0
COc1ccccc1NC(=O)NC1(C(=O)N2CCCCCC2)CCCCC1,0
c1ccc(-n2ncc3c(N4CCCC4)ncnc32)cc1,0
O=C(NCc1ccc2c(c1)OCO2)c1ccc(Cl)c(S(=O)(=O)N2CCOCC2)c1,0
O=C(NCCc1ccccc1)C(c1ccncc1)N(C(=O)c1csnn1)C1CC1,0
CCOc1cc(NC(=O)CC(C)C)c(OCC)cc1NC(=O)CCn1nnc2ccccc21,0
COc1ccc(S(=O)(=O)Nc2ccc(F)cc2)c(C)c1C,0
c1cc2c3c(cccc3c1)C(N1CCCCC1)=N2,0
c1ccc(-n2nnnc2-n2ccnc2)cc1,0
Cc1nc2cc(NC(=O)N3CCCCC3)ccc2n1C,0
COc1cccc(-n2nnc3c(=O)n(CC(=O)N4CCC(Cc5ccccc5)CC4)cnc32)c1,0
CCC(C(=O)NC1CCCC1)N(C(=O)Cn1nnc(-c2ccc(C)cc2)n1)C1CCCC1,0
Cc1sc(NC(=O)CN2CCN(c3ccccn3)CC2)c(C#N)c1C,0
O=C(COc1ccc(Cl)cc1)NCc1nnc(SCC(=O)NCCc2ccccc2)o1,0
COc1cc(C(N)=O)cc(Br)c1OC,0
N#CC(c1ccc(O)cc1)N1CCCCC1,0
Cc1cc(=O)n2[nH]c(C)c(-c3ccccc3)c2n1,0
Cc1cc(C)n(-c2nc(-n3nc(C)cc3C)c3c4c(sc3n2)COC(C)(C)C4)n1,0
O=S(=O)(c1cccs1)N1CCC(Cc2ccccc2)CC1,0
Nc1nc(CN2CCc3ccccc3C2)nc(Nc2ccccc2)n1,0
COCc1cc(=O)n2[nH]c(-c3cccc(Br)c3)cc2n1,0
O=c1nc2ccccc2c(NS(=O)(=O)c2ccc(Cl)cc2)n1-c1ccccc1,0
CCN(CC)S(=O)(=O)c1ccc(Cl)c(OC)c1,0
O=C(Nc1nc(-c2ccc(Cl)cc2)cs1)c1cccnc1,0
Cn1c(N/C=C2\C=C(Cl)C=CC2=O)nc2ccccc21,0
CN(C)c1nc(N)nc(CSc2nnnn2-c2ccccc2)n1,0
COc1cccc(NC(=O)c2ccccc2SC)c1,0
COc1ccc(NC(=O)c2ccco2)cc1NC(=O)c1cccc(OC(C)C)c1,0
O=C(Nc1ccccc1)N(Cc1cccnc1)Cc1ccco1,0
Cn1c(=O)n(Cc2ccccc2)c(=O)c2c1nc1n2CCCN1CCc1ccccc1,0
COC(=O)CC1(c2ccccc2)C(=O)c2ccccc2C1=O,0
Cc1ccc(C(=O)C2CCN(CC(=O)Nc3ccc4c(c3)OCCO4)CC2)cc1,0
COc1ccc(-n2c(C)nc(=O)c(-c3ccccc3)c2C)cc1,0
O=c1nc(CN2CCN(c3ccccc3)CC2)[nH]c2ccccc12,0
Cn1nnnc1-c1cc(Br)ccc1NC(=O)c1ccccc1,0
N#C/C(=C1\CCCN1)c1ccc2ccccc2n1,0
COc1ccc2[nH]c(=O)c(C(c3nnnn3C3CCCC3)N3CCN(Cc4ccc5c(c4)OCO5)CC3)cc2c1,0
O=C(OCC#CCSc1nnc(-c2cccc3ccccc23)o1)c1cccs1,0
CCC(C)NC(=O)C(=O)NCc1ccncc1,0
Cc1ccc(S(=O)(=O)CC(=O)N2CCCCCC2)cc1,0
O=C(NC1CCCCC1)C1CCN(S(=O)(=O)c2cccc3nsnc23)CC1,0
CCC(C)(C)NC(=O)C(c1ccccc1F)N(Cc1ccco1)C(=O)Cn1nnc2ccccc21,0
O=C(O)C=C1CCN(c2ncc(C(F)(F)F)cc2Cl)CC1,0
CCC(=O)Nc1ccc(N2CCN(Cc3ccccc3F)CC2)cc1,0
O=C(Cn1nc(C(F)(F)F)c2c1CCC2)N1CCN(c2ccccc2)CC1,0
Cn1ccnc1SCc1cc(=O)[nH]c2ccccc12,0
CCCCSc1n[nH]c2nc(=O)cc(N)n12,0
CC1=CC=CC2=NC(=O)CC(C)(C(=O)N(CC(=O)NC3CCCC3)c3ccccc3C)N12,0
CCOC(=O)c1cnc(SC)nc1Oc1cccc(NC(=O)c2ccc(Cl)cc2)c1,0
O=C(Nc1cc(=O)nc2nc[nH]n12)c1ccccc1,0
N=C1C=CC=C2C1=NC1(CCCCC1)N2O,0
COC(=O)c1cc(NC(=O)c2cc(C)oc2C)cc(C(=O)OC)c1,0
CCOc1cc(C)nc(NCCc2ccc(OC)c(OC)c2)n1,0
Cc1ccc(C(=O)NCCCN2CCOCC2)cc1,0
CCOC(=O)c1sc(N)c(C#N)c1CSc1nnc(C2CCCCC2)n1N,0
O=C(NCc1cccs1)C1CCCN(S(=O)(=O)c2cccs2)C1,0
CC(=O)c1ccc(OCC(O)Cn2nnc3ccccc32)cc1,0
Cc1cccc(C(=O)NC2CC3CCCC(C2)N3S(=O)(=O)c2ccccc2)c1,0
O=C(O)CCCC(=O)Nc1nc(-c2ccc(F)cc2)cs1,0
CN(C)c1ccc(C2CC(=O)NC3=C2C(=O)CC(C)(C)C3)cc1,0
COc1ccc(C(=O)Nc2cccnc2)cc1,0
COc1ccc(OC)c(NC(=O)CSc2ncnc3c2cnn3-c2ccccc2Cl)c1,0
O=C(CSc1nc2ccccc2o1)NCCOc1ccccc1,0
O=C(Nc1ccccn1)NC1CCS(=O)(=O)C1,0
CC(C)OC(=O)CSc1nnc(-c2cnccn2)n1-c1ccc(Cl)cc1,0
CCc1nnc(NC(=O)CSc2nnc(C)n2-c2ccc(C)cc2)s1,0
CCn1nccc1C(=O)Nc1nccs1,0
CC1CN(Cc2nc3c(c(=O)n(C)c(=O)n3C)n2CC(=O)c2ccccc2)CC(C)O1,0
CCc1cc2c(=O)c(-c3nc4ccccc4n3C)coc2c(CN2CCN(C)CC2)c1O,0
Cn1c(CCNC(=O)c2ccco2)nc2cc(NS(=O)(=O)c3ccc(Cl)cc3)ccc21,0
Cc1cc(C)n2ncc(C(=O)NCc3cccnc3)c2n1,0
O=C1CC(c2ccco2)=Nc2ccccc2N1,0
CC(C)n1nnnc1SCC(=O)NNC(=O)C1CCCCC1,0
CCC(C)(C)NC(=O)C(c1cccnc1)N(CCOC)C(=O)Cn1nnc2ccccc21,0
Cc1nnc(SCCn2c(N3CCN(C)CC3)nc3c2c(=O)n(C)c(=O)n3C)s1,0
Cc1nc(SCC(=O)NCCc2ccccc2)c2oc3ccccc3c2n1,0
Cc1ccc(Cl)cc1N1CCN(S(=O)(=O)c2ccc3c(c2)oc(=O)n3C)CC1,0
CCOC(=O)C(Cc1c[nH]c2ccccc12)NC(=O)c1ccco1,0
Cc1onc(-c2ccccc2Cl)c1C(=O)Nc1nnc(-c2ccc(Cl)cc2Cl)s1,0
Cc1cc(C)c(C)c(OCCCCn2cnc3ccccc3c2=O)c1,0
c1ccc(CNc2c3c(nc4ncnn24)CCCC3)nc1,0
COc1ccc(NC(=O)COc2ccccc2)c(OC)c1,0
COc1ccc(C2C(C#N)=C(N)OC3=C2C(=O)CCC3)c(OC)c1OC,0
CCOc1cc(CN2CCN(c3ccc(C(C)=O)cc3)CC2)ccc1OC,0
CC(=O)c1ccc(Nc2ncnc3c2oc2ccccc23)cc1,0
O=C(CNc1ccc(Br)cc1)c1ccccc1,0
O=C(NCC1CCCO1)Nc1ccccc1,0
CC(C)(C)c1ccccc1OCCOCCSc1ncccn1,0
Cc1cc(=O)n(CNC(=O)c2ccccc2)c(=S)[nH]1,0
COc1ccc(N2CCN(C3CC(=O)N(C)C3=O)CC2)cc1,0
Cc1c(C(=O)N2CC(C)OC(C)C2)sc2nc(-c3ccc(F)cc3)cn12,0
CC(=O)N1CCN(c2ccc(NC(=O)c3cccc(OCc4ccccc4)c3)cc2)CC1,0
CNC(=O)c1nn(-c2ccccc2)ccc1=O,0
CC1(C)CC(=O)C(=CNCCc2ccccc2)C(=O)C1,0
Cc1cccc(-c2nnc(-c3ccc(N)cc3)o2)c1,0
COc1ccc(CNC(=O)C2CCN(c3nc(OC)nc(OC)n3)CC2)cc1,0
Cc1ccc(Oc2ccc(OCC(=O)NC(C)C(=O)O)cc2)cc1,0
COc1ccc(CCNc2ncnc3[nH]ncc23)cc1OC,0
CCOC(=O)COc1c(-c2ccc(OC)cc2)oc2ccccc2c1=O,0
O=C(Nc1cccc2ccccc12)N1CCc2ccccc2C1,0
CCOCCn1c(C(C)O)nc2ccccc21,0
CCOc1nc(-c2ccc(C)cc2)ccc1-c1noc(-c2cccnc2)n1,0
CCOC(=O)c1c(CN(CC)CC)oc2cc(Br)c(O)cc12,0
O=C(Nc1ccc(C(=O)N2CCCC2)cc1)c1ccccc1F,0
COc1cc(CSc2ncn[nH]2)c(OC)cc1CSc1ncn[nH]1,0
Cc1ccc(OCC(=O)Nc2cccc(-c3nnc(-c4ccccc4)o3)c2)c(C)c1,0
Cc1nn(C)c(C)c1NC(=O)c1ccnn1C,0
c1ccc(Cn2c(Nn3cnnc3)nc3ccccc32)cc1,0
COC(=O)CCC(=O)Nc1ccc(Br)cc1,0
Cc1ccc(NC(=O)CNc2cccc(C)c2C)c(C)c1,0
FC(F)(F)c1cc(-c2ccco2)nc(NCCc2ccccc2)n1,0
Cc1ccc(-c2cc(C(=O)N/N=C/c3c(C)nn(C)c3C)c3ccccc3n2)c(C)c1,0
CCc1cccc(OCCCN2C(=O)NC(C)(C)C2=O)c1,0
O=C(CN1CCC(n2nnc3cc(F)ccc32)CC1)N1CCCc2ccccc21,0
Cc1ccc(C2CC(=O)NC(SCc3ccccc3)=C2C#N)o1,0
COc1ccc(C(=O)NCC(=O)Nc2ccccc2)cc1OC,0
CC(=O)Nc1nn(C)c2nc3cc(C)ccc3cc12,0
O=C(Cn1cnc2ccccc21)NCc1ccccc1,0
O=C(c1ccco1)N(Cc1ccc([N+](=O)[O-])cc1)c1ccc(Br)cc1,0
COc1ccc(C2CC(=O)N3CN(c4ccc(C)c(Cl)c4)CSC3=C2C#N)cc1OC,0
COc1c(C)cc(Br)cc1C(=O)NCc1cccnc1,0
Cc1cc(Nc2ccccc2)c2c([N+](=O)[O-])c(C)cc(C)c2n1,0
Cc1ccc(-c2nc(N)n(C(=O)Cc3ccccc3)n2)cc1,0
Cc1cc(NC(=O)c2sccc2C)n(-c2cccc(Cl)c2)n1,0
CCCCOC(=O)c1ccc(NC(=O)Nc2ccc(OC)c(OC)c2)cc1,0
O=C(O)c1c[nH]c2ccc(S(=O)(=O)N(CCCl)CCCl)cc12,0
CCCn1c(CNc2ccc(Br)cc2)nc2ccccc21,0
CN(C)/C=N/c1sc2c(c1C#N)CCC2,0
CCOC(=O)NCc1cc(-c2nn(C)c(=O)c3ccccc23)ccc1C,0
COc1ccc2c(c1)[nH]c1c(=O)n(CCc3cnc[nH]3)cnc12,0
O=C(NCCc1ccc(Cl)cc1)C1CCN(S(=O)(=O)N2CCC3(CC2)OCCO3)CC1,0
COc1ccc(/C=C(\C#N)C(=O)N2CCOCC2)cc1Br,0
O=C(c1ccc(=O)n(Cc2ccccc2)n1)N1CCN(C/C=C/c2ccccc2)CC1,0
Nn1c(SCC(=O)N2CCCc3ccccc32)nnc1-c1ccc(Cl)cc1,0
COc1ccc(NC(=O)c2cc(-c3cccnc3)nc3ccc(C)cc23)cc1OC,0
CC(=O)c1cccc(NC(=O)N2CCCC2C(=O)NCCc2ccccc2)c1,0
CC(C)C(=O)Nc1nnc(CCN2CCOCC2)s1,0
CC(=O)NC(C)c1nc2ccccc2n1C(C)C,0
CCn1ncc(/C=C/C(=O)Nc2c(C)nn(CC)c2C)c1C,0
CCOC(=O)C1CCN(CCC(=O)Nc2ccccc2)CC1,0
CC(C)C(C(=O)Nc1ccc2c(c1)OCO2)N1C(=O)c2ccccc2C1=O,0
CCN(CC)CCCN1C(=O)C(O)=C(C(=O)c2ccco2)C1c1ccc(OC(C)C)cc1,0
Cc1nc2cc(-c3ccc(Cl)cc3)nn2c(C)c1CCC(=O)NCc1ccco1,0
Cc1ccc(C)c(Cn2cnc3c(cnn3C(C)(C)C)c2=O)c1,0
CCNc1nc(SCc2ccccc2)nc(N2CCOCC2)n1,0
COc1ccc(OC)c(NC=C2C(=O)OC(C)(C)OC2=O)c1,0
CCOC(=O)C1=NN(c2ccc(OC)cc2)C(c2ccccc2)CC1=O,0
Cc1ccc(-c2nc3ccc(Cl)cc3n2OC(=O)N(C)C)cc1,0
CCOC(=O)C(CCOc1cccc(CC)c1)C(=O)OCC,0
COc1cccc2[nH]c3c(N4CCCC(C)C4)ncnc3c12,0
Cc1ccc(C2(c3ccc(C)cc3)NC(=O)N(Cc3c(C)noc3C)C2=O)cc1,0
O=C(CCn1c(=O)sc2ccccc21)Nc1ccon1,0
CCn1cc(/C=N/NS(=O)(=O)c2ccc(OC)cc2)c(C)n1,0
O=C(Nc1ccc(F)c(F)c1)c1cnc(-c2ccccc2)nc1-c1ccccc1,0
Cc1nn(C(=O)C(C)N2C(=O)c3ccccc3C2=O)c(C)c1Br,0
CC(C)n1c(Nn2cnnc2)nc2ccccc21,0
COc1ccc(-c2nnc(SCC(=O)Nc3sc4c(c3C#N)CCCC4)n2-c2ccccc2)cc1,0
O=C(NCc1ccco1)C12CC3CC(C1)CC(C(=O)NCc1ccco1)(C3)C2,0
CCCc1ncc(C(O)c2cccc(OC)c2OC)n1C,0
O=c1nc(N2CCc3ccccc3C2)[nH]c2c1CCC2,0
O=C(Cc1ccccc1)Nc1ccccc1N1CCOCC1,0
O=C(CCn1c(=O)sc2ccccc21)NCc1ccccc1,0
O=c1cc(-c2ccccc2)n(S(=O)(=O)c2ccccc2)o1,0
CC(=O)Nc1ccc(C2=NN(CC#N)C(=O)SC2)cc1,0
c1ccc(-c2nnc3sc(-c4cc5ccccc5o4)nn23)cc1,0
O=C(c1ccc(Br)o1)N1CCN(c2ccc(F)cc2)CC1,0
CCc1nnc(NC(=O)CSc2nnc(-c3ccccc3OC)n2-c2ccccc2)s1,0
CCC(CC)c1nnc(NC(=O)c2c(C)nn(Cc3ccccc3Cl)c2C)s1,0
O=C(Cn1[nH]c(=O)c2ccccc2c1=O)Nc1ccc(-c2nnc3n2CCCCC3)cc1,0
c1ccc(CSc2nnc3c(n2)OC(c2ccco2)Nc2ccccc2-3)cc1,0
CCCC(=O)N(CCc1ccc(OC)cc1)Cc1nc(=O)c2ccccc2[nH]1,0
O=c1nc(N2CCOCC2)ccn1Cc1ccc(Br)cc1,0
CS(=O)(=O)N1CCN(C(=O)c2ccc(F)cc2)CC1,0
CCCNC(=O)C1CCN(c2ccc(S(=O)(=O)N3CCOCC3)cc2Cl)CC1,0
O=C(CN(C(=O)C1COc2ccccc2O1)c1ccccc1)NCC1CCCO1,0
COC(=O)Nc1nc(-c2ccccc2)c(C(=O)c2ccc(Cl)cc2)s1,0
COc1ccc(NC(=O)Cn2nc3n(c2=S)CCC3)cc1,0
CC1CCc2sc(C(=O)Nc3nnc(SCc4ccc(F)cc4)s3)cc2C1,0
CC1N(O)C2CCCCCC2N1O,0
Cn1cnc2c1c(=O)n(Cc1cccc(Br)c1)c(=O)n2C,0
COc1ccc(C(C)C)cc1S(=O)(=O)n1cnc(C)c1,0
Cc1ccc(Cl)cc1NC(=O)C1CCCN(S(=O)(=O)c2c(C)noc2C)C1,0
COc1ccc(/C=C/C(=O)NC(C)C)cc1Br,0
CSC1=C(C#N)C(c2cccs2)CC(=O)N1C,0
COc1ccccc1CN(C(=O)Cc1cccs1)C(C(=O)NC1CCCC1)c1ccncc1,0
COC(=O)c1ccc(CSc2nccn2C)cc1,0
Cc1ccc2c(c1)N(CC(=O)NCc1ccco1)C(=O)CO2,0
Cc1ccc(-c2cc(C#N)c(=O)n(Cc3c(Cl)cccc3Cl)c2)cc1,0
Cc1ccc(-c2noc(-c3ccccc3Br)n2)cc1,0
CCC(=O)Nc1cccc(Oc2nc(C)cc(C)c2C#N)c1,0
Cc1cc(NC(=O)c2cc(-c3cccnc3)nc3c(C)c(C)ccc23)no1,0
COC(=O)CN(C(=S)Nc1ccc(Cl)cc1)C1CC(=O)N(c2ccc(OC)cc2)C1=O,0
COc1cccc(N2C(=O)CC(N3CCC(c4nc5ccccc5[nH]4)CC3)C2=O)c1,0
COc1ccc(-c2nc(Cc3ccc(Cl)cc3)no2)cc1OC,0
CN1CCN(c2nc3ccccc3nc2C(C#N)C(=O)OC2CCCCC2)CC1,0
O=C(COC(=O)C1CCCN1C(=O)c1cccs1)Nc1ccc2c(c1)OCO2,0
CCC(Oc1ccccc1)C(=O)N1CCC(C(N)=O)CC1,0
CCOC(=O)c1[nH]nc2c1C(=O)N(CC)C2=O,0
CCOC(=O)C1CCN(c2nc3ccccc3nc2C(C#N)C(=O)NCCc2ccccc2)CC1,0
NC(=O)C1CCN(C(=O)COc2ccc3ccccc3c2)CC1,0
Cc1onc(-c2ccccc2Cl)c1C(=O)Nc1nc2c(s1)CCCC2,0
O=C(/C=C/c1c(Cl)cccc1Cl)N1CCN(c2ncccn2)CC1,0
O=C(CN1CCOCC1)Nc1ccc(OCc2ccccc2)cc1,0
O=C(Cn1nnc2c(sc3nc4c(c(-c5ccccc5)c32)CCC4)c1=O)c1ccccc1,0
CCOC(=O)N1CCN(C(=O)C2CCCN(S(=O)(=O)c3ccc(C)cc3)C2)CC1,0
COC(=O)c1ccc(CSc2nc3cc(Cl)ccc3o2)cc1,0
CCC(=O)N(c1ccc(F)cc1)C1C=CS(=O)(=O)C1,0
CN(C)S(=O)(=O)c1ccc(C(=O)Nc2cccnc2)cc1,0
Cc1cc(NC(=O)CCC(=O)N(C2CC2)C2(C(=O)NC3CCCC3)CCC(C)CC2)no1,0
Cc1ccc(-n2cc(C(=O)c3ccccc3O)cn2)cc1,0
C(=N/n1cnnc1)\c1cccn1-c1ccccc1,0
Cc1cnn(-c2cc(Oc3ccccc3)ncn2)c1,0
COc1ccc(C(=O)NC(=S)Nc2cccc(Cl)c2N2CCOCC2)cc1[N+](=O)[O-],0
COC(=O)NC1CCC(CC2CCC(NC(=O)OC)CC2)CC1,0
COC(=O)CCn1nnc(-c2ccc(C(C)C)cc2)n1,0
O=c1/c(=C/c2cccc3ccccc23)sc2ncnn12,0
CC1(C)NC(=O)N(CC(O)COc2ccc(N3C(=O)c4ccccc4C3=O)cc2)C1=O,0
O=C(COc1ccccc1)Nc1nnc(-c2ccc(Cl)s2)o1,0
CC(=O)Nc1ccc(S(=O)(=O)Nc2ccc(N3CCOCC3)cc2)cc1,0
C/C(=N\O)c1ccc2c3c([nH]c2c1)CCCC3,0
CCSc1nc(=O)n(-c2ccccc2)c(C)c1C(C)=O,0
CCOC(=O)CNC(=O)CSc1nnc(Cn2c(=O)sc3ccccc32)n1-c1ccccc1C,0
Cc1ccc2oc(-c3ccc(NC(=O)CC(C)C)cc3)nc2c1,0
COC(=O)c1ccc(NC(=O)CSc2nc3cccnc3n2C)cc1,0
Cc1ccc(C)c(Cn2[nH]nc3c(=O)nc(C4CCCN(C(=O)CC(C)C)C4)nc2-3)c1,0
CCOC(=O)CN1C(=O)C(O)(c2c(C)[nH]c3ccccc23)c2ccccc21,0
COc1ccccc1N1CCN(C(=O)c2ccc(NC(C)=O)cc2)CC1,0
CCOC(=O)C(C)SC1=NN/C(=C2\C=Nc3ccccc32)N1C,0
N#Cc1c(-c2ccco2)[nH]c(SCC(=O)Nc2cccc(Cl)c2)nc1=O,0
Cn1c(=O)c2c(nc(NC3CCCCC3)n2CC(O)COc2ccccc2)n(C)c1=O,0
Cc1cc(C)cc(Oc2cc(NC(=O)c3cn(C)nc3C)cc([N+](=O)[O-])c2)c1,0
CCCc1ccc(-c2cc(C(=O)NN3CCOCC3)c3ccccc3n2)cc1,0
CNC(=O)c1ccc(Oc2ccc(C(=O)NC)cc2)cc1,0
Cc1cc(C)cc(OCC(=O)OCC(=O)c2c(N)n(C)c(=O)n(C)c2=O)c1,0
COC(=O)c1cc(Br)c(=O)n(Cc2ccc(C(=O)O)cc2)c1,0
O=C1CC(SCCc2nc3ccccc3[nH]2)C(=O)N1c1ccc(Cl)cc1,0
CCN(CCCNC(=O)CN(C)S(=O)(=O)c1cccc2nsnc12)c1cccc(C)c1,0
O=C(c1cc2c(s1)CCCC2)N1CCC2(CC1)OCCO2,0
Cc1cccc(OCCNc2cc(N3CCOCC3)ccc2[N+](=O)[O-])c1,0
CCCC(=O)Nc1ccccc1-c1n[nH]c(SC)nc1=O,0
Cc1[nH]nc2c1C1(CCOCC1)C(C#N)=C(N)O2,0
CCOC(=O)C1=C(C)N/C(=C\N(C)C)C1=O,0
N#CCCNC(=O)CCN1CCOCC1,0
CCOC(=O)C1CCCN(c2c(NCCCN(CC)c3ccccc3)c(=O)c2=O)C1,0
CCC(C)c1ccccc1NC(=S)Nc1cccnc1,0
COc1cc(C(N)=O)ccc1OCc1ccccc1,0
Cc1ccc(CN(CC(=O)NCCc2ccccc2)C(=O)CCCC(=O)Nc2cc(C)on2)cc1,0
Cc1cc(C)n(S(=O)(=O)c2cc(C)c(C)cc2C)n1,0
COc1cc(OC)cc(-c2nc(-c3cc4cc(C)ccc4nc3OC)no2)c1,0
COc1ccc(-c2c(C)n([O-])c(C)c(C)[n+]2=O)cc1,0
CCOC(=O)c1cc2c(=O)n3ccccc3nc2n(C(C)C)/c1=N\C(=O)c1ccncc1,0
N#Cc1ccc(Cn2cc(C(=O)c3ccco3)c3ccccc32)cc1,0
O=C(CN1C(=O)CSc2ccccc21)NCCC1=CCCCC1,0
COc1ccc(C)c(Cn2c(-c3nonc3N)nc3ccccc32)c1,0
Cc1cc(C)nc(N2CCC(C(=O)NC3CCCCCC3)CC2)n1,0
O=C(Nc1ccccc1)C1CC(=O)N(c2ccc3c4c(cccc24)CC3)C1,0
COc1ccc(/C=N/NC(=O)COc2ccccc2-c2ccccc2)cc1,0
COc1ccc(/C=N/CCCN2CCOCC2)cc1,0
CC(C)N(C(=O)CSc1nc2ccccc2n1Cc1ccc(F)cc1)C(C)C,0
CCOC(=O)c1ccccc1NC(=O)CSc1nnc(C(C)C)n1CC,0
O=C1Nc2ccccc2CCC1Sc1nnc(-c2ccc(Cl)cc2)s1,0
Cc1ccc(C)c(NC(=O)c2nnn(Cc3ccccc3)c2N)c1,0
Cc1ccc(-n2nc(-c3ccco3)cc2C(=O)NCc2cccnc2)cc1,0
CSCCC(NC(=O)COc1ccccc1)C(=O)OCC(=O)c1cc2ccccc2o1,0
COc1ccccc1CCNS(=O)(=O)c1c(C)n(C)c(=O)n(C)c1=O,0
CCOC(=O)c1ccccc1OCc1cc(/C=N/n2cncn2)ccc1OC,0
CCOCCN1CCN(c2c(C)c(C)nc3cc(-c4cc(OC)cc(OC)c4)nn23)CC1,0
O=C(c1ccncc1)c1ccc(NS(=O)(=O)c2ccc(Br)s2)cc1,0
CCOC(=O)N1CCN(C(=O)C2CC(=O)N(c3ccc(OC)cc3)C2c2ccc(OC)cc2)CC1,0
CN1CCN(C(=O)COc2ccc(C(C)(C)C)cc2Br)CC1,0
Cc1cc(C)c2c(N)c(C(=O)NN3CC(=O)N(c4ccccc4F)CC3=O)sc2n1,0
Cc1nn(C)c(C)c1CN(C)C(=O)C1=CNN2C1=NC(c1ccccc1)CC2C(F)(F)F,0
CCCc1nc(SCC(=O)Nc2nnc(CC)s2)c2c(C)c(C)sc2n1,0
CCCCn1c(CCC(=O)O)ccc1-c1cccs1,0
CCOc1ccc(C2C=C(c3ccccc3)N=C3N=CNN32)cc1,0
CC1CCCC(C)N1C(=O)CN1C(=O)C(C)(C)Oc2ccc(C(=O)NC3CCCCC3)cc21,0
COc1ccc(CC(=O)OCn2nnc3ccccc3c2=O)cc1,0
CCOc1ccc(CNC(=O)CCn2c(=O)oc3ccccc32)cc1,0
O=C(Nc1ccccc1Cl)NC1(C(=O)N2CCCCC2)CCCCC1,0
CC(=O)Nc1ccc(S(=O)(=O)NCCC(=O)NCCc2ccc(F)cc2)cc1,0
O=C(Nc1ccc2c(c1)oc1ccccc12)c1ccc(Br)o1,0
COc1cc(C(=O)Nc2ccc(S(=O)(=O)N3CCCCC3C)cc2)cc(OC)c1OC,0
CC(=O)NC1(c2cccc(F)c2)CCN(CC(=O)NC2CCCCC2)CC1,0
O=C(CCCCCN1C(=O)CCC1=O)Nc1ccc(Br)cc1F,0
COc1cc(Nc2ccc(-c3ccccc3C)nn2)cc(OC)c1OC,0
O=C(Cc1ccccc1)Nc1c2c(nn1-c1cccc(Cl)c1)CS(=O)(=O)C2,0
Cc1cc(N2CCCCC2)c(F)cc1[N+](=O)[O-],0
N#C/C(=C\c1ccc[nH]1)S(=O)(=O)c1ccccc1,0
COc1cccc(Cn2c(-c3nonc3N)nc3ccccc32)c1,0
CCc1ccc(OCC(=O)N2CCN=C2c2ccccc2)cc1,0
CC(C)(C)c1ccc(C(=O)N2CCN(c3nc4ccccc4o3)CC2)cc1,0
Cc1nc(NC(=O)c2cc3c(s2)CCCCC3)sc1C(=O)N(C)C,0
CCC(=O)N1CCc2cc(S(=O)(=O)NC(C(=O)NCc3ccc(C)cc3)C(C)C)ccc21,0
O=C(NCCCN1CCN(c2ccc(F)cc2)CC1)c1cccc(N2CCCC2=O)c1,0
Cc1ccc2c(c1)N(CCC(=O)NCC1COc3ccccc3O1)C(=O)CO2,0
COc1ccccc1-n1cnc(N)c1C(=O)c1ccccc1,0
CC(C)Cc1nc2oc3c(=O)nc[nH]c3c2c2c1CCC2,0
COc1ccc(-c2oc(/N=C/N3CCOCC3)c(C#N)c2-c2ccc(OC)cc2)cc1,0
COc1cc2c(cc1OC)CN(C(=S)Nc1ccccc1)CC2,0
CC1(C)Cc2nc3oc4c(N5CCOCC5)ncnc4c3cc2CO1,0
Cc1nnc(SCC(N)=O)n1CC1CCCO1,0
Cc1ccc2cc3cc(C(=O)NCCN4CCOCC4)oc3nc2c1,0
Cc1cc(NC(=O)CCC(=O)N(Cc2ccco2)C(C)(C)C(=O)NC2CCCCC2)no1,0
CCCc1nnc(NC(=O)CC(=O)OCC)s1,0
COc1cccc(CN(C(=O)c2ccco2)C(C(=O)NC2CCCC2)c2cccnc2)c1,0
COc1ccccc1CCNCc1cc2c(cc1[N+](=O)[O-])OCO2,0
Cc1noc(C)c1C(=O)N(CC(=O)NC1CCCC1)Cc1ccccc1F,0
CN(/N=C/c1cccs1)c1cc(=O)n(C)c(=O)[nH]1,0
O=c1cc(NCc2ccco2)[nH]c(=O)n1-c1ccc(Br)cc1,0
Cc1c(NC(=O)C2(c3ccccc3)CCCC2)c(=O)n(-c2ccccc2)n1C,0
COc1cccc(NC(=O)CSc2nnnn2C(C)C)c1,0
Cc1cc(-n2ccnc2)n2c(nc3ccccc32)c1C#N,0
C=CCN(C(=O)Cn1nnc2ccccc21)C(C(=O)NCCOC)c1ccc(OC)cc1OC,0
COc1ccc(C(=O)NCc2cccnc2)cc1Br,0
Cc1ccnc(NS(=O)(=O)c2ccc(N)cc2)n1,0
CC(C)OC(=O)Cn1nnc2c(cnn2-c2ccccc2)c1=O,0
C=CCOc1ccc(NC(=O)C2CC(=O)N(C(C)C)C2)cc1,0
N#Cc1nc(COc2ccccc2)oc1N1CCN(Cc2ccccc2)CC1,0
Cn1c(=O)c2c(nc(CN3CCN(Cc4ccccc4)CC3)n2Cc2ccc(Cl)cc2)n(C)c1=O,0
O=c1oc2ccccc2c2c1ncn2CCN1CCOCC1,0
COc1nc(N2CCCCCC2)nc(N2CCCCCC2)n1,0
Cc1cc(S(=O)(=O)NCc2ccco2)c(C)s1,0
COc1ccc2[nH]c(=O)c(CN(C(=O)COc3ccccc3)C(C)C)cc2c1,0
Fc1ccc(-c2cc3nc4c(c(N5CCOCC5)n3n2)CCCC4)cc1,0
CN(C)S(=O)(=O)c1ccc(NC(=O)N2CCN(c3ccccc3Cl)CC2)cc1,0
COc1ccc(CCNC(=O)C2CCN(C(=O)NC3CCCCC3)CC2)cc1,0
COc1ccc(NC(=O)NCc2cccnc2)cc1OC,0
CCC(=O)N1CCN(c2ccccc2NC(=O)COc2cc(C)ccc2C(C)C)CC1,0
CC(=O)c1cc(Cc2csc(C(C)=O)c2)cs1,0
CSC1=C(C#N)C(c2ccc3c(c2)OCO3)C2=C(CCCC2=O)N1,0
CNC(=O)c1sccc1-n1cccc1,0
CC1(C)CC(C2N3CC4(C)CN2CC(C)(C3)C4=O)CCO1,0
Cc1oc(-c2ccccc2)cc1C(N)=O,0
Clc1ccc(/C=N/Nc2nn[nH]n2)cc1,0
O=c1c2c3c(sc2nc2n1CCCCC2)CCC3,0
CCc1ccccc1Nc1nc(=O)[nH]nc1C,0
CCCCOc1cccc(C(=O)O)c1,0
CC1(CC(=O)N/N=C/c2ccc(OCc3ccc(Cl)cc3Cl)cc2)OCCCO1,0
Cc1ccc(SCCNS(=O)(=O)c2ccc(F)cc2)cc1,0
N#Cc1ccc(-c2nnnn2-c2ccc3c(c2)OCO3)cc1,0
O=C(CSc1nnnn1Cc1ccccc1)Nc1ccc2c(c1)OCCO2,0
Cc1ccc2nc3sc(C(=O)N4CCCc5ccccc54)c(N)c3cc2c1,0
CCCOc1ccccc1NC(=O)c1c(-c2ccccc2)noc1C,0
Cc1cc(O)cc(O)c1C(=O)Cc1cnn(-c2ccccc2)c1,0
Cc1nnc(C)n1/N=C/c1ccc2c(c1)OCCO2,0
OC(COc1cccc(OCC(O)CN2CCCC2)c1)CN1CCCC1,0
CC(C)=CC(=O)Nc1ccccc1Br,0
CC(C)CC(=O)N1CCN(Cc2ccc3c(c2)OCO3)CC1,0
CN1CCN(c2oc(COc3ccc(-c4ccccc4)cc3)nc2C#N)CC1,0
COc1cc(C(=O)Nc2cccc(-c3nc4cc(C)cc(C)c4o3)c2)cc(OC)c1OC,0
CC(C)CC(=O)Nc1nnn(C)n1,0
Cc1ccc(Nc2nc3nonc3nc2N(C)C)cc1,0
COc1cc2c(cc1O)C(SC)=NC(C)(C)C2,0
O=C(COc1ccc(Cl)cc1)N1CCN(Cc2ccccc2)CC1,0
CCc1nnc(NC(=O)CSc2nnc(-c3ccc(S(=O)(=O)N4CCCC4)cc3)n2CC)s1,0
Cc1ccc2nc(-c3ccccc3)cc(C(=O)NCCCn3ccnc3)c2c1,0
Cc1ccc(NC(=S)NCC2CCCO2)cc1C,0
Cn1nnnc1SCC(=O)Nc1ccccc1Cc1ccccc1,0
CCCC(=O)Nc1cccc(NC(=O)c2ccccc2Br)c1,0
Cc1ccc(-c2nn3c(C)nnc3s2)cc1NC(=O)c1cccs1,0
COc1ccc(C(=O)c2ccc(Br)cc2)cc1,0
COc1ccc(-c2noc(CN(C)S(=O)(=O)c3ccc(Cl)cc3)n2)cc1OC,0
CC1CCN(C(=O)CSc2nnc(-c3cccnc3)n2C2CCCCC2)CC1,0
CC(=O)Nc1ccc(NC(=O)c2ccccc2C)cc1,0
O=C(Nc1nccs1)C1CCN(S(=O)(=O)c2ccc(Cl)c(C(F)(F)F)c2)CC1,0
C=CCN1C(=O)C(O)(CC(=O)c2ccc(N)cc2)c2ccccc21,0
CCOC(=O)c1cnc(-n2nc(C)cc2C)nc1Nc1cccc(C(=O)O)c1,0
COC(=O)N/N=C(\C)c1ccccc1Br,0
CC(=O)N1CCN(c2nc(CC(C)C)c3c(c2C#N)CCC3)CC1,0
COc1ccc(Br)cc1C(=O)Nc1cccc(C)c1,0
CN1CCN(c2ccc(N)cc2)CC1,1
CCn1c(CNc2ccc(Cl)cc2)nnc1SCC(=O)NCc1ccccc1,0
CCOC(=O)c1c(NC(=O)COC(=O)Cn2c(C(F)(F)F)nc3ccccc32)sc(C)c1C,0
Cc1ccccc1NC(=O)CCN1CCN(C/C=C/c2ccccc2)CC1,0
Cc1cccc(OCC(=O)Nc2nnn(C)n2)c1C,0
COCc1cc(C)nc2sc3c(=O)oc(C)nc3c12,0
CCOc1ccccc1N1CCN(Cc2ccc(OC)c(OC)c2OC)CC1,0
CCOC(=O)c1cnc(-n2nc(C)cc2C)nc1Nc1cccc(C(C)=O)c1,0
CN(C)S(=O)(=O)c1ccc(C(=O)N2CCOCC2)cc1,0
CCOC(=O)Cc1csc(NC(=O)COc2ccc3ccccc3c2)n1,0
CCC1CCCCN1S(=O)(=O)c1ccc(C(=O)Nc2nnc(-c3ccccc3Cl)o2)cc1,0
CCN(CC)c1ncnc2c1cnn2C,0
c1ccc2c(c1)oc1c(N3CCN(Cc4ccc5c(c4)OCO5)CC3)ncnc12,0
CC(C)CNC(=O)COc1ncnc2ccccc12,0
O=C1Nc2ccccc2C(=O)C1(Cl)Cc1ccccc1,0
Cc1ccc(F)cc1NC(=O)c1cccc2nccnc12,0
CCOc1ccc(CC(=O)NNC(=S)Nc2ccccc2)cc1Br,0
CCOC(=O)C1=C(C)N(C)C(=O)NC1c1ccccc1OC,0
CN1CCN(C(=O)Cc2nc3ccccc3[nH]2)CC1,0
CCC(C)(C)n1nnnc1CN(Cc1ccco1)Cc1cc2cc3c(cc2[nH]c1=O)OCO3,0
Cn1c(Cc2cccs2)nnc1SCC(=O)N1CCCc2ccccc21,0
CCc1nnc(NC(=O)CCC(=O)Nc2ccccc2)s1,0
CCCCS(=O)CC(CS(=O)CCCC)OC(=O)c1ccc(C)cc1,0
COc1cccc(NC(=O)CSCc2nc(=O)[nH][nH]2)c1,0
CCOC(=O)c1sc(Nc2ccc(C)cc2C)nc1C,0
Cc1ccc(OCC(=O)N2CCN(C(=O)c3cccnc3)CC2)cc1,0
Cc1cccc(NC(=O)Cc2coc3ccc4ccccc4c23)n1,0
CCc1ccc(C2CC(=O)NC(SCC(=O)OC(C)C)=C2C#N)cc1,0
c1cnc(-c2nnc3n2CCCCC3)cn1,0
COc1ccc(CNC(=O)CN(C)CC(=O)Nc2cccc(F)c2)cc1,0
N/C(CCCN1CCCCC1)=N\O,0
O=c1c2c(nc(NCCO)n1CC1CCCCC1)-c1ccccc1CC21CCCC1,0
Cc1ccc(-c2nc3cc(N)ccc3o2)c(C)c1,0
COc1ccc(NC(=O)C(C)NS(=O)(=O)c2ccc(NC(C)=O)cc2)cc1Cl,0
CCOC(=O)c1cnn(-c2nc3c(C)cccc3s2)c1C,0
CC/C(=N\NS(C)(=O)=O)c1ccccc1,0
O=C(CSc1nc(N2CCCCC2)nc(N2CCCCC2)n1)Nc1nccs1,0
CC(C)CNc1cc(N2CCCC2)ccc1[N+](=O)[O-],0
O=C(CCNC(=O)Cn1ccc2ccccc2c1=O)NCCCN1CCN(c2ccc(F)cc2)CC1,0
COc1ccc(Br)cc1S(=O)(=O)N1CCN=C1C,0
O=C(N/N=C/c1ccco1)c1cc(-c2ccccc2)n[nH]1,0
O=C1c2ccccc2C(=O)N1CCSc1ncn[nH]1,0
Cn1c(-c2ccc(C=O)s2)nc2c3ccccc3c3ccccc3c21,0
O=C(Cn1c(=O)n(CC(=O)NCc2ccccc2)c2ccccc21)NCc1ccccc1,0
Cn1c(=O)c2cc(S(=O)(=O)NCCC(=O)NCCc3ccc(Cl)cc3)ccc2n(C)c1=O,0
CCOC(=O)C1CCCN(c2cc(C)nc3cc(-c4ccc(F)cc4)nn23)C1,0
Cc1ccc(NC(=O)N2CCC(C(=O)NCCC3=CCCCC3)CC2)cc1,0
O=C(Nc1cccc(C(F)(F)F)c1)c1cccnc1,0
Nc1nc2ccccc2n1/N=C/c1cccnc1,0
CCOC(=O)Cc1csc(NC(=O)c2c(-c3c(F)cccc3Cl)noc2C)n1,0
Cc1cnc(C(=O)OCC(=O)Nc2oc(-c3ccccc3)c(-c3ccccc3)c2C#N)cn1,0
CN1C(=O)C2(C(C#N)=C(N)N(c3cc(Cl)cc(Cl)c3)C3=C2C(=O)CCC3)c2ccccc21,0
O=c1nc[nH]c2c1sc1nc3c(c(-c4ccc(Cl)cc4)c12)CCC3,0
COc1ccccc1C(=O)NCCCn1cc(Br)c(C)n1,0
c1cc(CNCCCN2CCOCC2)ccn1,0
N#Cc1c[nH]n2c(=O)cc(Cc3ccccc3)nc12,0
CC(C)CC(=O)O/N=C1/C(=O)N(c2ccccc2)c2ccccc21,0
Cc1cc(N2CCCC2)c(C)cc1C=O,0
O=C(CN1CCCCCC1)Nc1ccc(Br)cc1,0
Cc1noc(C)c1CSc1ccc2ccccc2n1,0
COc1ccccc1NC(=O)c1ccc(Cl)c(S(=O)(=O)N2CCOCC2)c1,0
CN(Cc1ccccc1)C(=O)c1cc(-c2ccc(Br)cc2)on1,0
Cc1cc(C(=O)N/N=C/c2cccc(OC(=O)c3ccco3)c2)n[nH]1,0
Cc1ccccc1C(=O)O/N=C/c1c(N2CCOCC2)n(C)c2ccccc12,0
CCCc1cc(C(=O)N/N=C/c2ccc(CC)s2)c2ccccc2n1,0
Cc1ccc(NCN2C(=O)C3CC=CCC3C2=O)cc1,0
Cc1ccc(-c2ccc(CCC(=O)O)n2CC(=O)O)cc1,0
COc1ccc(-c2ccc(=O)n(CC(=O)Nc3ccc(C(=O)NC4CC4)cc3)n2)cc1OC,0
Cc1cc(NCCCn2ccnc2)n2nc(-c3ccc(F)cc3)cc2n1,0
COc1ccccc1-c1c(NC(=O)c2ccco2)n(-c2ccccc2)nc(C)c1=O,0
Clc1ccc2c(c1)c1cc(Cl)ccc1n2CN1CCOCC1,0
COc1ccc(-c2cc3n(n2)CCc2nc4ccccc4n2-3)cc1,0
COc1ccc(Cn2nnnc2CN(Cc2cc3cc(C)ccc3[nH]c2=O)C2CCCC2)cc1,0
CCC(C)NC(=O)CC(NS(=O)(=O)c1ccc(Cl)cc1)c1ccco1,0
CC(=O)c1cccc(NC(=O)CC2Oc3ccc(C)cc3NC2=O)c1,0
CCOc1ccccc1NC(=O)Nc1cc(OC)ccc1OC,0
Cc1c(-n2c(CN3C(=O)c4ccccc4C3=O)nc3ccccc3c2=O)c(=O)n(-c2ccccc2)n1C,0
CCSc1ccccc1C(=O)Nc1cccnc1,0
COC(=O)c1ccccc1NC(=O)CSc1nnc(-c2cccc(NC(C)=O)c2)n1C,0
Cc1cc(C(=O)N2CCN(C/C=C/c3ccccc3)CC2)no1,0
CC1(CC(=O)NN/C=C2\C=C(Br)C(O)=CC2=O)OCCO1,0
CC(=O)CC(C)(C)n1nnc(-c2ccccc2)n1,0
Cc1c(NC(=O)c2ccc3c(c2)OCO3)cccc1-c1nc2ncccc2o1,0
C/C(=C/c1oc2ccc(O)cc2c1[N+](=O)[O-])N(C)C,0
CN(C)c1nc(-c2ccc([N+](=O)[O-])cc2)cs1,0
CCOC(=O)C1=C(CN2CCc3ccccc32)NC(=O)NC1c1cc(C)ccc1C,0
COCCNC(=O)Cn1nc(C(F)(F)F)cc1C,0
CCOC(=O)Cc1csc(NC(NC(=O)OCC)(C(=O)OCC)C(F)(F)F)n1,0
COc1ccc(N2CCN(CCC(N)=O)CC2)cc1,0
CC1Cc2ccccc2N1C(=O)c1ccc2snnc2c1,0
CC(C)COC(=O)n1c(=O)oc2cc(S(=O)(=O)N3CCCCC3)ccc21,0
Cc1cc(Oc2ccccc2)nc(NCc2ccccc2)n1,0
O=c1oc2c(CN3CCOCC3)c(O)ccc2c2ccccc12,0
Cc1ccc(O)c(-c2cc3ccccc3[nH]2)c1,0
O=C(N/N=C/c1ccccn1)c1ccc(Br)o1,0
Cc1c(NC(=O)c2cc(-c3ccccc3)on2)c(=O)n(-c2ccccc2)n1C,0
CCOc1ccc(C(=O)NC2CCN(C(=O)N3CCCC3)CC2)cc1,0
CCCCCCC(=O)N(O)C1CC(=O)N(c2ccc(Br)cc2)C1=O,0
COc1ccc(-c2nc(C#N)c(NCc3cccnc3)o2)cc1OC,0
O=C(Nc1ccccc1)N1CCN(Cc2ccc3c(c2)OCO3)CC1,0
Cc1ccc(C(=O)NCCCn2ccnc2)o1,0
CCN(CC)c1ccc2cc(-c3nnc(-c4ccccc4)o3)c(=O)oc2c1,0
Cc1ccc(C(=O)NCCCn2ccnc2)cn1,0
O=C(NCCCCc1ccccc1)c1ccc(Br)o1,0
OCCOCCNc1ncnc2sc(-c3ccccc3)cc12,0
O=C(c1ccc2ccccc2c1)N1CCN(c2ccc([N+](=O)[O-])c(N3CCOCC3)c2)CC1,0
CCN1CNC(=S)N(c2cccc(C)c2C)C1,0
CCN(CC)C(=O)Nc1cnc2ccccc2c1,0
COCCN(Cc1cc2cccc(C)c2[nH]c1=O)C(=O)c1ccccc1,0
CCOC(=O)Cc1cnc(NC(=O)c2ccccc2)s1,0
CC(C)COC(=O)C(C#N)c1nc2ccccc2nc1N1CCN(Cc2ccccc2)CC1,0
Cc1nn(-c2ccccc2)c(C)c1NC(=O)COc1ccc2ccccc2c1,0
COc1cccc(-c2nnc(SCC(N)=O)n2-c2ccc(Cl)cc2)c1,0
O=c1cc(C(F)(F)F)[nH]c(=O)n1C1CCCCC1,0
COc1ccccc1OCC(=O)Nc1ccc(Cl)cc1,0
COc1cccc(-c2nc(-c3ccc(NC(=O)Cc4ccccc4OC)cc3)no2)c1,0
Cc1ccc(S(=O)(=O)c2cc(C#N)c(=O)[nH]c2N)cc1,0
COc1ccc(CSc2nnnn2C)cc1[N+](=O)[O-],0
Cc1ccc(/C=c2\sc3nc(-c4cccnc4)nn3c2=O)cc1,0
Cc1ccc(NC(=O)CSc2nnc(CSc3nc(C)cc(C)n3)n2Cc2ccco2)c(C)c1,0
CCOc1ccc(NC(=O)Nc2cc(C)on2)cc1,0
O=c1c2cc(Br)ccc2nc2n1CCCCC2,0
CCC1Oc2ccccc2N(CC(=O)NCCC2=CCCCC2)C1=O,0
CC1=C(C#N)c2nc(N)c(C#N)c(C)c2/C1=C\c1ccc(C)cc1,0
COc1ccc(NC(=O)c2cccc(Cn3cc(Br)cn3)c2)cn1,0
COc1cc(N2CCCC2)c(OC)cc1/C=C(/C#N)c1cccc(F)c1,0
O=C(Cn1nnc(-c2ccccc2)n1)Nc1ccccc1N1CCOCC1,0
NC(=O)c1ccc(-c2ccc(Br)cc2)o1,0
Cc1ccc(C(=O)Nc2ccc(N3CCOCC3)cc2)cc1,0
O=C(CSc1nc(SCC(=O)NCc2ccccc2)n(-c2ccccc2)n1)NCc1ccccc1,0
COc1ccc(-n2nnnc2SC(C)C(N)=O)cc1,0
O=C(/C=C1\Nc2ccccc2N(c2ccccc2)C1=O)c1ccccc1,0
CCOC(=O)Cn1c(CN(Cc2ccccc2)Cc2ccccc2)nc2c1c(=O)n(C)c(=O)n2C,0
CNC(=O)CSc1nnc(-c2cccs2)o1,0
Cc1ccc(C)c(S(=O)(=O)n2cnc3ccccc32)c1,0
COc1ccc(CCNC2CC(=O)N(CCc3ccc(OC)c(OC)c3)C2=O)cc1,0
Nc1c(C(=O)c2ccc(Br)s2)oc2ccccc12,0
CCC(=O)N1CCN(c2ccc(NC(=O)c3cc4ccccc4o3)cc2)CC1,0
O=C(NCCCN1CCCC1)Nc1cccc2ccccc12,0
CC(C)CC(C(=O)Nc1oc(-c2ccco2)c(-c2ccco2)c1C#N)N1C(=O)c2ccccc2C1=O,0
COc1ccc(NC(=O)C2CCN(c3cc(-c4ccccc4)nc4ncnn34)CC2)cc1OC,0
CNC(=O)c1sc(-c2ccc(Cl)cc2)nc1C,0
O=C(CCSCCC(=O)NCC1CCCO1)NCC1CCCO1,0
Cc1cccc(-n2c(CN3C(=O)c4ccccc4C3=O)nc3ccccc3c2=O)n1,0
COc1ccc(NC(=O)CSc2nncn2C)cc1OC,0
CCCCCCc1nc2ccccc2c(=O)n1N,0
O=C(CCC(=O)N(CC(=O)NC1CCCC1)C1CCCC1)Nc1ccccn1,0
O=C(NC1CCCCC1)N(CCO)Cc1cc2cc3c(cc2[nH]c1=O)OCCO3,0
Cn1c2c(c(=O)n(C)c1=O)CN(CCCN1CCOCC1)CN2,0
CC(C)n1cc(NC(=O)C2CC(c3cccc(Br)c3)=NO2)cn1,0
CC(=O)c1cccc(NC(=O)NCc2ccccn2)c1,0
COc1cccc(C(=O)Nc2cccc(-c3nnc(-c4ccco4)o3)c2)c1,0
c1ccc(-c2cn3c(n2)CCC3)cc1,0
O=C(O)c1ccccc1-c1ccccc1C(=O)Nc1ccccc1,0
Cc1cccc(C)c1NC(=O)C1(NC(=O)C2CCCN2C(=O)OC(C)(C)C)CCCCC1,0
COc1ccc(-c2n[nH]c(=S)n2C2CCCCC2)cc1,0
O=C(NCc1ccccc1)c1cc(-c2ccco2)on1,0
CN(C(=O)C1CCCO1)c1nnc(-c2cnccn2)s1,0
N#Cc1nc(COc2ccccc2)oc1NCCN1CCOCC1,0
COc1ccc(-c2cc(C(F)F)n3ncc(C(=O)N4CCN(C)CC4)c3n2)cc1,0
CCCCCOc1ccc(C2NC(=O)NC2=O)cc1,0
COc1cccc(NC(=O)C(C)Oc2ccccc2)c1,0
O=C1CCCC2=C1C1(CCCC1)N=C(Nc1nc3ccccc3s1)N2,0
CCOc1ccc(N2C(=O)C(Cl)=C(Nc3ccccc3O)C2=O)cc1,0
CSc1nc2ccccc2n1CC(=O)Nc1c(C)cccc1C,0
CC(C)(C)S(=O)(=O)c1ccccc1C(=O)O,0
Cn1c(CCNC(=O)c2ccco2)nc2cc(NC(=O)c3ccco3)ccc21,0
O=C(Oc1ccc(-c2ccccc2)cc1)N1CCOCC1,0
COc1ccccc1NC(=O)c1ccc(Br)o1,0
COc1ccc(CCNS(=O)(=O)c2ccc(F)cc2)cc1OC,0
COc1ccccc1N1CCN(C(=O)C2c3ccccc3Oc3ccccc32)CC1,0
CCC(C)S(=O)(=O)c1snnc1C,0
O=C(NNC(=O)C1COc2ccccc2O1)c1ccccc1,0
O=c1cc(NC2CCCCCC2)[nH]c(=O)[nH]1,0
CCOC(=O)N1CCN(S(=O)(=O)c2ccc(F)cc2)CC1,0
CC(C)(C)C(=O)N(Cc1nc(=O)c2ccccc2[nH]1)Cc1cccs1,0
CCCCNC(=S)NNC(=O)c1csc2ccccc12,0
CCn1c(CSc2nc3ccccc3s2)nnc1SCC(=O)NCC(=O)OC,0
CCC(CC)NC(=O)CCc1nc(=O)c2ccccc2[nH]1,0
Cc1ccccc1NC(=O)Cc1nc(CSc2nnc(-c3ccc4c(c3)OCO4)o2)cs1,0
O=C(CN(C1CCCCC1)S(=O)(=O)c1ccc(F)cc1)NCc1ccncc1,0
O=c1c2c(-c3ccco3)csc2nc(SCc2cn3cccnc3n2)n1-c1ccccc1,0
CC(C)CCNC(=O)c1cc(-c2ccco2)nc2ccccc12,0
Cc1c(Cc2ccccc2)c(=O)oc2cc(OCc3nn[nH]n3)ccc12,0
Cc1ccc(C(=O)CSc2nnc(-c3ccccc3N)n2C)cc1C,0
Cc1ccc(OCC(=O)Nc2cccc(C)n2)c(C)c1,0
O=C(NCC1CCCO1)c1ccc2c(=O)n(CCc3ccccc3)c(=O)[nH]c2c1,0
O=C(CN1CCOCC1)Nc1ccc(C2CCCCC2)cc1,0
Cc1cc(C)n2nc(CC(=O)NC3CCCCCCC3)nc2n1,0
Cc1ccc(-c2nn(-c3ccccc3)cc2CO)o1,0
COc1ccc(CN2CCCCC2c2cccnc2)c(OC)c1C,0
CCOc1ccccc1NC(=O)/C=C/C(N)=O,0
O=C1NC(c2ccco2)Nc2ccccc21,0
O=C1CC(N2CCCCC2)C(=O)N1c1ccccc1,0
O=C(NCc1ccc2c(c1)OCO2)c1cccc(S(=O)(=O)N2CCCCC2)c1,0
COc1ccc(Nc2nc(N)nc(CN3CCc4ccccc4C3)n2)cc1,0
O=C(NC1CCCCC1)C(c1ccccc1F)N(Cc1ccco1)C(=O)Cn1nnc2ccccc21,0
Cc1cc(C(=O)NCCCN2CC(C)CC(C)C2)n(-c2ccccc2)n1,0
CC(=O)c1ccc2c(c1)C1C=CCC1C(c1ccncc1)N2,0
Cc1ccc(NC(=O)C(=O)c2c(-c3ccccc3)cc3ccccn23)cc1S(=O)(=O)N1CCOCC1,0
O=C(Nc1nnc(C2CC2)s1)C1Cc2ccccc2CN1S(=O)(=O)c1cccs1,0
CC(C)C(=O)N1CCN(c2nc(-c3ccccc3)c3c(c2C#N)CC(C)(C)OC3)CC1,0
CCC(C)(C)NC(=O)C(c1cccn1C)N(C(=O)Cn1nnc2ccccc21)c1ccc(OC)cc1OC,0
Cn1cccc1/C=N/n1cnnc1,0
Cc1ccc(CS(=O)(=O)CCC(=O)N2CCC3(CC2)OCCO3)cc1,0
Cc1nc(N)sc1-c1nnc(SCC(=O)Nc2nccs2)n1C,0
Cc1cc(OCC(=O)Nc2ccncc2)c(C)cc1Br,0
Cc1ccccc1Nc1c(N)c(=O)oc2ccccc12,0
COC(=O)c1cn(CC(=O)NC2CCCCC2)c2ccccc12,0
CNc1nc(SCc2ccc(C)cc2)nc2c1CCCC2,0
Nc1nonc1NC(=O)CSc1ncccc1C(=O)O,0
Cc1ccc2c(c1)N(CC(=O)NC1CCCc3ccccc31)C(=O)CO2,0
Cc1ccc(OCc2nnc(SCC(=O)N3CCc4ccccc43)n2C)cc1,0
CCc1ccc2[nH]c(=O)c(CN(Cc3ccccc3)C(=O)Nc3ccccc3OC)cc2c1,0
COC(=O)c1nn(-c2ccc(OC)cc2)c(=O)cc1Oc1ccccc1,0
O=C(CS(=O)c1ccc(C(F)(F)F)cc1[N+](=O)[O-])Oc1ccccc1,0
Cc1ccc(C)c(N(CC(=O)NCCC2=CCCCC2)S(C)(=O)=O)c1,0
Cc1ccc(/C=C/c2nnc(-c3cccc(C)c3)o2)cc1,0
O=C(c1cc(-c2ccc(Cl)cc2)on1)N1CCOCC1,0
CCOC(=O)c1cnc(SCC(=O)c2ccc(Cl)cc2)nc1N,0
O=S(=O)(NCc1ccc2c(c1)OCO2)c1ccc2oc3ccccc3c2c1,0
Cc1cc(NC(=O)c2cc(-c3ccccc3)on2)no1,0
O=C(COC(=O)c1cncc(Br)c1)NCC1CCCO1,0
COc1ccc(C2C3=C(CCCC3=O)N=C3C(c4ccccc4)=C(C)NN32)cc1,0
CCN(CC)c1ccc(NC(=O)c2cccnc2)c(C)c1,0
Cc1cccc(C)c1OCC(=O)Nc1ncn[nH]1,0
CCn1c(SCC(=O)Nc2nccs2)nnc1-c1ccc(S(=O)(=O)N2CCCCCC2)cc1,0
Cc1nc(NC(=O)COc2ccccc2)sc1C(=O)Nc1cccc(Cl)c1,0
Cn1c(=O)c2c(nc(NCc3ccccc3)n2CCCc2ccccc2)n(C)c1=O,0
COc1ccc(C(=O)c2nc3c(n2O)CCCCC3)cc1,0
CCN(C(=O)c1ccco1)c1nc(CC(=O)Nc2ccc(Cl)cc2)cs1,0
CCOC(=O)N1CCN(S(=O)(=O)c2c(C)cc(C)cc2C)CC1,0
CC(=O)CC1(C)OC(N)=C(C#N)C1(C#N)C#N,0
COc1ccc(OC)c(Nc2cc(C)nc3ccccc23)c1,0
Cc1ccc(C(C)C)c(OCc2nnc(SCC(=O)Nc3nccs3)n2C)c1,0
CCCC(CCC)C(=O)Nc1ccncc1,0
CCOc1ccc(OCC)c(NC(=O)CSc2nc3ccccc3c(=O)n2C)c1,0
COc1ccc(OC)c(S(=O)(=O)Nc2ccc(C)c(C)c2)c1,0
Cc1nc(NC(=O)c2ccccc2)sc1-c1csc(NCCc2ccccc2)n1,0
O=c1cc(Cl)[nH]c(=O)n1CCNc1ncc(C(F)(F)F)cc1Cl,0
CC(C)(C)C(=O)Cn1ncc(NC2CC2)c(Br)c1=O,0
O=C(O)CSc1nnc(-c2cc3ccccc3o2)n1-c1ccccc1,0
Cc1ccc(-c2nnc(COc3cccc(-n4cnnn4)c3)o2)cc1,0
O=C(Nc1ccc(Br)cc1)c1cnccn1,0
CCC(C)C1C(C#N)=C(N)OC2=C1C(=O)CC(C)(C)C2,0
Clc1ccc(-n2nnnc2-c2cnc(-c3ccncc3)nc2-c2cccs2)cc1,0
O=C(CN1C(=O)c2cccc3cccc(c23)C1=O)N1CCN(Cc2ccc3c(c2)OCO3)CC1,0
O=c1cc(-c2ccccc2)[nH]c(N2CCN(Cc3ccc4c(c3)OCO4)CC2)n1,0
Cc1ccc(S(=O)(=O)N2CCOCC2)cc1C(=O)NCc1ccc2c(c1)OCO2,0
O=C(O)c1ccc(S(=O)(=O)c2ccc3c(c2)C(=O)N(CC2CCCO2)C3=O)cc1,0
O=C(COc1ccccc1)Nc1ccccc1N1CCN(c2ccccc2)CC1,0
CCOC(=O)c1c(C)nc2c(c1-c1cc(OC)c(OC)c(OC)c1)C(=O)c1ccccc1-2,0
CN(C)/C=C1/N=C(c2ccccc2)OC1=O,0
Cc1cc(NC(=O)CSc2n[nH]c(CC(C)C)n2)no1,0
COc1ccc2nc(NC(=O)CN3CCOCC3)sc2c1,0
COc1ccc(C2C(C#N)=C(/N=C/N3CCN(C)CC3)OC3=C2C(=O)CC(C)(C)C3)cc1OC,0
CS(=O)(=O)n1nc(OC(=O)c2cccc3ccccc23)cc1N,0
O=C(Cn1nnc(-c2ccccc2F)n1)NCCc1ccccc1,0
N#Cc1cccc(-c2cn(S(=O)(=O)c3ccc(Cl)cc3)nc2N)c1,0
Cc1ccc(-n2c(-c3ccncc3)nnc2-c2cccs2)cc1,0
CCOc1cc(C)nc(NCc2ccccc2)n1,0
Cc1cccc(C)c1OCC(=O)Nn1c(C)nc2ccccc2c1=O,0
CC(=O)c1c(C)[nH]c(C(=O)N2CCc3ccccc3C2)c1C,0
CC1(C)Cc2ccccc2C(N)=C1C#N,0
O=C(Nc1cccnc1)c1cnn2cccnc12,0
CCC(c1nnnn1C(C)(C)C)N(Cc1ccco1)Cc1cc2cccc(C)c2[nH]c1=O,0
Cc1ccc(-c2cc(-c3ccc(C)o3)nc(N)c2C#N)cc1,0
CC(=O)c1coc2ccc(OCCN3CCCCC3)cc12,0
Cc1sc2nc(CSc3nnc(Cc4cccs4)n3C3CCCCC3)[nH]c(=O)c2c1C,0
CCCc1cc(=O)n2[nH]c(-c3ccc(OC)cc3)nc2n1,0
N#Cc1ccccc1CSc1nc(O)cc(=O)[nH]1,0
CC(=O)OCCn1c(Br)nc2c1c(=O)[nH]c(=O)n2C,0
CCCOC(=O)C1=C(C)NC2=C(C(=O)CCC2)C1c1cc(OC)ccc1OC,0
O=C(c1ccccc1F)c1cn(CC(=O)N2CCCC2)c2ccccc12,0
NC(=O)COc1ccc(NC(=O)OCc2ccccc2)cc1,0
CC1Cc2ccccc2N1C(=O)Cn1c(=O)oc2cc(S(=O)(=O)NC3CCCC3)ccc21,0
CC1CCN(CC(=O)Nc2cccc([N+](=O)[O-])c2)CC1,0
O=S(=O)(c1cccc2cccnc12)n1cnc2ccccc21,0
COc1ccc(C(=S)N2CCNCC2)cc1,0
COc1cc2c(cc1OC)C(C(=O)Nc1ccccn1)C(c1cccnc1)N(C)C2=O,0
O=C(c1cc2c(s1)CCCC2)n1cccn1,0
O=C(Nc1cccc(-c2cc3ccccc3oc2=O)c1)c1ccc(Br)o1,0
O=C(CN1CCOCC1)NCc1ccccc1,0
CCOC(=O)c1sc(NC(=O)/C=C/c2cnn(C)c2C)c(C(=O)OCC)c1C,0
CCOc1ccc(NC(=O)CCCc2cc(-c3ccc(OCC)cc3)on2)cc1,0
Cc1ccc(NC(=O)N2CCC(NC(=O)C(C)(C)C)CC2)cc1,0
COc1ccc(C2CC(=O)Nc3cc(C)c(C)cc32)c(OC)c1OC,0
Fc1cccc(CN2CCN3CCCC3C2C2CCCCC2)c1,0
Cc1ccc2[nH]c(=O)c(CN(CC3CCCO3)C(=O)c3ccncc3)cc2c1,0
O=C1c2ccccc2-c2nc3ncnn3c(-c3ccccc3)c21,0
COc1ccc(C(=O)N(CCCO)Cc2cc3c(C)ccc(C)c3[nH]c2=O)cc1OC,0
O=C(CSc1nc2ccccc2c2nc3ccccc3n12)NCc1ccco1,0
COc1ccc2c(C)nc(Nc3nc(=O)cc(C)[nH]3)nc2c1,0
CCCCNC(=O)c1c(N)n(/N=C/c2ccccn2)c2nc3ccccc3nc12,0
Cc1ccc2c(c1)c1c3n2CCCNC3CCC1,0
c1cc(CNc2ccc3c(c2)OCO3)ccn1,0
COc1cc(OC)cc(C(=O)NCC(=O)N2CCC(C)CC2)c1,0
O=c1sc2ccccc2n1CCCOc1ccccc1,0
CS(=O)(=O)c1cccc(C(=O)NCc2ccc(F)cc2)c1,0
CCN(CC)S(=O)(=O)c1ccc(-c2nnc(SCc3nnc(-c4ccc(C)cc4)o3)n2CC)cc1,0
CCOc1cc(C2c3c(n[nH]c3C)C(=O)N2c2ccc(Br)cc2)ccc1O,0
COc1ccc(Br)cc1/C=C/C(=O)Nc1c(C)cccc1C,0
Cc1ccc(C)c(N/C=C(\C#N)c2nc3ccccc3o2)c1,0
Cc1ccnc(-n2c(CCN3C(=O)c4ccccc4C3=O)nc3ccccc3c2=O)c1,0
Cn1c(CCN2CCCCC2)nc2cc([N+](=O)[O-])ccc21,0
O=C(c1ccc(Cl)c(Cl)c1)c1cnc(Nc2ccccc2)s1,0
Cc1ccc(C)n1-n1c(C)nc2sc3c(c2c1=O)CCCCC3,0
c1ccc2c(c1)nnn1c3ccccc3nc21,0
CN(C)CCNC(=O)Cn1nc(-c2ccccc2)ccc1=O,0
Cc1noc(C)c1COc1cccc(C(=O)N2CCN(C/C=C/c3ccccc3)CC2)c1,0
Cc1cc(C)c2c(-n3cccc3)c(NC(=O)OC(C)C)sc2n1,0
CCN(CC)S(=O)(=O)c1cccc(C(=O)NC2CCCCC2)c1,0
COc1ccc2[nH]c(=O)c(CN(C)C(=O)COc3ccccc3)cc2c1,0
CC(=O)CC(C)(C)S(=O)(=O)c1ccc(NC(C)=O)cc1,0
Cc1c2c(n3c(nc4ccccc43)c1C#N)N(Cc1cccnc1)CC2,0
COCCn1c(Sc2ccc(C)cc2)nc2c1c(=O)[nH]c(=O)n2C,0
Clc1ccc2nc(-c3ccccc3)c(CN3CCOCC3)n2c1,0
N#Cc1nc(COc2ccc(Br)cc2)oc1N1CCCC1,0
COc1ccc(S(=O)(=O)N(CC(=O)O)c2ccc(C)cc2)cc1,0
Cc1nnc(SCCn2c(N(C)Cc3ccccc3)nc3c2c(=O)n(C)c(=O)n3C)s1,0
COc1ccc(OC)c(C(=O)CSc2nc3cccnc3n2C)c1,0
N#CC1=C(N)OC2=C(C(=O)CCC2)C1Cc1ccccc1,0
Cc1ccc(-n2nnnc2SCC(N)=O)c(C)c1,0
Cc1ccc(/N=C2\N=C(N)c3ccccc32)c(C)c1,0
Cn1c(=O)c(-c2ccccc2)nn2c3ccccc3nc12,0
Nc1nnc(-c2ccc(Cl)cc2)s1,0
c1ccc(Oc2cccc(CN3CCOCC3)c2)cc1,0
CCCCOc1ccc(Cl)cc1CSc1nnc(CC)n1N,0
O=C(CN1CCN(c2ccc(F)cc2)CC1)Nc1cc(C(F)(F)F)ccc1Cl,0
CCSc1nnc(-c2ccc(OC)cc2)o1,0
CCC(c1nnnn1Cc1ccccc1)N(Cc1ccco1)Cc1cc2cc(OC)ccc2[nH]c1=O,0
COc1cc(NC(=O)CN2C(=O)c3ccccc3C2=O)c(C(=O)O)cc1OC,0
CC(C)OC(=O)CSc1nnc(CNc2nc(-c3ccccc3)cs2)n1C,0
C(=C/c1ccccc1)\C=N\n1cnnc1,0
C=CCOC(=O)C1=C(C)OC(N)=C(C#N)C1c1ccc2c(c1)OCO2,0
Cc1cc(C)c(NC(=O)OCCN2CCOCC2)c(C)c1,0
CS(=O)(=O)N(CC(=O)N1CCN(Cc2ccc3c(c2)OCO3)CC1)Cc1ccc(Cl)cc1,0
COCC(=O)NCc1ccc2c(c1)OCO2,0
C=CCC1c2cccc(C(=O)O)c2C(=O)N1c1cccc(C)c1,0
CC(Nc1ccc2c(c1)nc(CO)n2C)=C1C(=O)CC(C)(C)CC1=O,0
COc1cccc(NC(=O)CCc2nc(-c3ccccc3F)no2)c1,0
CCc1ccc(S(=O)(=O)NCc2cn3ccccc3n2)s1,0
COc1cc(C(O)c2nc3ccccc3n2C)cc(OC)c1OC,0
O=C(Nc1ccccc1)N1CC=C(c2ccccc2)CC1,0
CC(Oc1ccc(Cl)cc1Cl)C(=O)NC1=NN(c2ccccc2)C(=O)C1,0
CCc1ccc(OCC(=O)NC(=S)Nc2ccc(F)cc2)c(Br)c1,0
Cc1ccc(N2CC(C(=O)Oc3cccc(N4C(=O)CCC4=O)c3)CC2=O)cc1,0
Cc1ccc(N2C(=O)C3C(c4ccccc4)(C2=O)C3(c2ccccc2)c2ccccc2)cc1,0
O=c1c2cnn(-c3ccccc3)c2ncn1Cc1cccnc1,0
O=C(O/N=C1\CCSc2ccccc21)c1ccc(F)cc1,0
COc1ccc(-c2nnn(Cc3ccccc3F)n2)cc1,0
CC(=O)Nc1ccc(Cl)c(C(N)=O)c1,0
CCOC(=O)CSc1nc(C(C)(C)C)cc(C(F)(F)F)c1C#N,0
CCOC(=O)c1c(NC(=O)CSc2n[nH]c(CNc3ccccc3)n2)sc(C)c1C,0
CCOC(=O)N1CCN(c2ccc(C(=O)c3ccccc3)cc2F)CC1,0
COCCCn1c(SCC(=O)NC2CCCCC2)nnc1-c1ccncc1,0
CCn1c(=O)cc(SCC(=O)N2CCCCC2)c2ccccc21,0
CCCCC(=O)Nc1ccc(C(N)=O)cc1,0
COCCN(CC(=O)NCc1ccccc1)C(=O)CCC(=O)Nc1ccccn1,0
Cc1cccc2cc(C(c3nnnn3Cc3ccc4c(c3)OCO4)N3CCC(C)CC3)c(=O)[nH]c12,0
CCn1cnc2cc(NCc3cccc(OC)c3O)ccc21,0
CCOC(=O)CCc1c(C)c2ccc(OCc3nn[nH]n3)cc2oc1=O,0
Cn1c(SCC(=O)c2ccccc2)nc2cccnc21,0
COc1ccc(-c2cc(-c3ccccc3)n3ncnc3n2)cc1,0
COc1ccc2cc3cc(C(=O)NCCc4ccc(OC)c(OC)c4)oc3nc2c1,0
COc1cc(C(=O)Nc2cc(-c3nc4cc(C)ccc4o3)ccc2C)cc(OC)c1OC,0
CC(=O)Nc1ccc(S(=O)(=O)NC(C(=O)O)C2=CCC=CC2)cc1,0
CCCN(CC1CC1)C(=O)CSc1nnc(-c2cc(-c3cccs3)nc3ccccc23)o1,0
COC(=O)CSc1nnc(-c2ccccc2OC)o1,0
c1ccc(Cn2ncc3c(N4CCOCC4)ncnc32)cc1,0
c1ccc(CN2CCN(c3nc4ccccc4c4ccccc34)CC2)cc1,0
O=C(NC1CCN(C(=O)Nc2ccccc2)CC1)C1CCCCC1,0
Fc1ccccc1Cn1nnc(-c2ccc3c(c2)OCO3)n1,0
O=c1[nH]c2ccccc2n1C1=CCCC1,0
Cc1ccc(NC(=O)Nc2ccc(C(=O)N3CCOCC3)cc2)cc1,0
Cc1ccc2c(c1)N(C(C)C(=O)NCCc1ccccc1)C(=O)CO2,0
Cc1cc2nc(C)c(Cc3ccccc3)c(=O)n2[nH]1,0
Cc1cccc(-n2cnc(C(=O)N/N=C/c3ccccc3)c2)n1,0
COc1cc2[nH]c(NC(=O)c3ccc(Cl)cc3)nc(=O)c2cc1OC,0
CCc1c(C)nc2c(C#N)c(C)[nH]n2c1=O,0
O=C(Nc1c(C(=O)Nc2ccccc2)cnn1-c1ccccc1)c1ccco1,0
Cn1c(-c2ccc3c(c2)OCO3)cnc1N,0
COc1cc2[nH]c(=O)n(CCCCCC(=O)N3CCN(c4ccccn4)CC3)c(=O)c2cc1OC,0
COc1ccccc1CNS(=O)(=O)c1ccc(C)cc1,0
Cc1cccc(OCC(=O)Nc2cccc(-c3nnc(-c4ccccc4)o3)c2)c1C,0
Cc1ccc(OCc2nnc(SCC(=O)O)n2N)cc1,0
Cc1cc(NC(=O)c2ccc(NC(=O)C(C)C)cc2)no1,0
O=C(NC1CCCC1)c1ccc(Br)o1,0
Cc1ccc(/C=N/n2c(C)nnc2C)cc1,0
COc1cc(C(Nc2ccccn2)c2ccc3ccc(C)nc3c2O)cc(OC)c1O,0
C=CCNc1oc(-c2cccc3ccccc23)nc1C#N,0
COc1cc(C2c3c(oc4c(C)cc(C)cc4c3=O)C(=O)N2Cc2cccnc2)cc(OC)c1OC,0
COc1ccc(N2CCN(C(=O)c3ccc(CNc4c(N5CCOCC5)c(=O)c4=O)cc3)CC2)cc1,0
Cc1ccc(C(=O)O)cc1NC(=O)c1cccs1,0
COc1ccc(CN2CCCCC2C)c(C)c1C,0
Cc1ccc(OCCCC(=O)Nc2nccs2)cc1,0
Cc1cc(OC(=O)c2ccc(Cl)cc2)cc(=O)n1C,0
CN(c1nc2c(c(=O)n(C)c(=O)n2C)n1CC(=O)c1ccccc1)C1CCCCC1,0
Brc1cc2c(cc1COc1ccc(-c3nn[nH]n3)cc1)OCO2,0
Cc1cc(C(=O)OC2CCOC2=O)c2ccccc2n1,0
CCOC(=O)C(NC(C)=O)(N1CCc2ccccc2C1)C(F)(F)F,0
Cc1ccc(NC(=O)CCC(=O)NNC(=O)c2ccco2)cc1C,0
CCCS(=O)(=O)c1c(S(=O)(=O)CCC)c2ccccn2c1C(=O)OC,0
Cc1noc(NS(=O)(=O)c2ccc(NC(=O)CSc3nc4ccccc4[nH]3)cc2)c1C,0
Cc1nn(-c2nc3ccccc3[nH]2)c(N)c1-c1ccccc1,0
Cc1ccc(NC(=O)CCn2c(=O)oc3ccccc32)cc1,0
O=C(CSc1ccc(Cl)cc1)Nc1ccc(-c2nc3ncccc3o2)cc1,0
COc1ccc(-n2c(N)c(C(=O)NCc3cccnc3)sc2=S)cc1,0
O=C(CCN1CCc2ccccc2C1)Nc1ccccc1,0
O=C(Nc1ccc(Nc2ccccc2)cc1)N1CCOCC1,0
COC(=O)c1c(NC(=O)CSc2nnnn2-c2ccccc2)sc2c1CCC(C)C2,0
COC(=O)COc1ccc(-c2nn(C)c(=O)c3ccccc23)cc1,0
O=C(NC1CCCCC1)c1cc([N+](=O)[O-])ccc1N1CCCCC1,0
CCOC(=O)C(C(=O)Nc1nc2ccccc2s1)C1CCCCC1,0
COc1ccc(NC(=O)CN2CCN(S(=O)(=O)c3ccc(Cl)cc3)CC2)cc1,0
O=c1[nH]c2ccccc2n2c(-c3ccccc3)nnc12,0
O=C(CCn1nc(-c2ccccc2)c2ccccc2c1=O)NCC1CCCO1,0
COc1ccc(CCNc2oc(COc3ccccc3F)nc2C#N)cc1OC,0
O=C1CCCC2=C1C(c1ccco1)Nc1ccc(C(=O)c3ccccc3)cc1N2,0
CC1CCCN(c2nc3nonc3nc2N2CCCC(C)C2)C1,0
CCOc1ccc(C(=O)NCCN(C)C)cc1,0
CN(C)S(=O)(=O)N(CC(=O)Nc1ccc2ccccc2c1)c1ccccc1,0
O=C(Cc1c[nH]c2ccccc12)NCc1ccc2c(c1)OCO2,0
COc1nc(-c2ccccc2)ccc1-c1noc(COc2ccccc2)n1,0
O=C(CCC(=O)Nc1ccccc1)NCCO,0
O=S1(=O)N=C(N2CCc3ccccc3C2)c2ccccc21,0
Cc1cccc(NC(=O)N2CCN(Cc3ccccc3)CC2)c1,0
CCN1CCN(c2nc(-c3ccncc3)nc3ccccc23)CC1,0
O=C(c1ccco1)N(Cc1cc2ccccc2[nH]c1=O)C1CCCCC1,0
COc1ccc(OC)c(NC(=O)c2c3c(nc4ccccc24)CCC3)c1,0
CC(NC(=O)c1ccc(F)cc1)c1nc2ccccc2n1Cc1ccccc1F,0
CCOC(=O)C1=C(C)NC2=C(C(=O)CC(C)(C)C2)C1c1ccc(N(C)C)cc1,0
COCCN(CC(=O)NC1CCCCC1)C(=O)c1csnn1,0
O=C(Nc1cccn(Cc2ccc(F)cc2)c1=O)NC1CCCCC1,0
O=C(Cc1ccc(Br)cc1)NC1CCCCC1,0
Cc1cc(NC2C3CC4CC(C3)CC2C4)n2nnnc2n1,0
COc1ccc(N(CC(=O)Nc2cc(Cl)ccc2OC)S(=O)(=O)c2c(C)noc2C)cc1,0
Brc1cccc(-c2nnc3n2CCC3)c1,0
CNC(=S)N1CCN(c2c(F)cc3c(=O)c(C(=O)O)cn(C4CC4)c3c2OC)CC1C,0
COc1ccc(NCCC#N)cc1,0
COCC/N=C1\Sc2nc3c(C)cccc3cc2CN1Cc1ccco1,0
CN1CC=C2C(C#N)=C(N)C(C#N)(C#N)C(c3cccs3)C2C1,0
Cc1ccc(N(CC(=O)Nc2cc(Cl)ccc2Oc2ccccc2)S(C)(=O)=O)c(C)c1,0
O=C(NCCCN1CCOCC1)c1cc(-c2ccc(Cl)cc2)on1,0
Cc1ccc2c(C(=O)CN3CCCC3)c(C)[nH]c2c1,0
Cc1ccc(-c2cc(C(=O)OCC(=O)Nc3cc(C)on3)c3ccccc3n2)c(C)c1,0
COC(=O)c1c(NC(=O)CSc2nnnn2-c2ccccc2)sc2c1CCCC2,0
CCOc1ccc(-n2c(SCc3nc(-c4cccs4)no3)nnc2-c2ccncc2)cc1,0
Cc1ccc(CNC(=O)c2nc3nc(C)cc(C)n3n2)cc1,0
CC(=O)OCc1c(C(F)(F)F)nn(C)c1Oc1ccccc1,0
COc1ccc(CNC(N)=O)cc1OC,0
CCN(CCCNC(=O)CN1C(=O)COc2ccccc21)c1cccc(C)c1,0
CCOc1c(Cl)cc(C(=O)NCCN2CCCCC2)cc1Cl,0
N#Cc1c(N)n(CCc2ccc(F)cc2)c2nc3ccccc3nc12,0
COc1cc(C2C(C(=O)c3ccc(C)o3)=C(O)C(=O)N2c2cc(C)on2)cc(Br)c1O,0
Cc1ccc(S(=O)(=O)N/N=C/c2c(C)nn(-c3ccccc3)c2C)cc1,0
CCCC(=O)Nc1ccc(NC(=O)c2cccs2)cn1,0
Cc1ccc(NC(=O)c2cc(NC(=O)c3ccco3)ccc2N2CCCCC2)cc1,0
COc1ccc(-c2ccc(=O)[nH]n2)cc1,0
O=C(COc1ccc2ccccc2c1)N1CCN(c2ccccc2O)CC1,0
COc1cc2ccccc2cc1C(=O)Nc1ccc(Cc2ccncc2)cc1,0
CCCc1nc2n(Cc3ccccc3F)[nH]nc-2c(=O)n1,0
O=C1Nc2cc(Cl)c(Cl)cc2N(O)N1c1ccccc1,0
Cc1ccc(S(=O)(=O)Oc2ccc(/C=N/NC(=O)c3nn(C)cc3Cl)cc2)cc1,0
O=c1[nH]c2ccccc2n1C1CCCCC1,0
CCOC(=O)Cn1nnc2c(sc3nc4c(c(-c5ccc(Cl)cc5)c32)CCC4)c1=O,0
O=C(CCc1ccc(S(=O)(=O)N2CCOCC2)cc1)Nc1cc(Cl)ccc1N1CCOCC1,0
Cc1nnc(SCCC#N)n(CCC#N)c1=O,0
Cc1ccccc1-n1nnnc1SCC(=O)Nc1ccc(S(=O)(=O)N2CCCC2)cc1,0
O=C(Nc1nccs1)c1sc2ccccc2c1Cl,0
COc1ccccc1-c1nnc(-c2ccc(N3CCOCC3)cc2)o1,0
OC1(Cc2ccn[nH]2)CCCCC1,0
O=C(Nc1cnc2ccccc2c1)c1ccco1,0
O=C(NCCc1c[nH]c2ccccc12)Nc1cccc2ccccc12,0
O=C(NNC(=S)Nc1ccccc1)c1ccncc1,0
CC(C)C(NC(=O)OCc1ccccc1)C(=O)OCC(=O)NC1CCCCC1,0
Cc1ccc(/C=N/NC(=O)Cn2cnc3ccccc32)o1,0
O=C1c2cccc3cccc(c23)N1CN1CCN(c2ccccn2)CC1,0
CCNc1nc(NC(C)C)nc(N(C#N)CCOc2ccccc2)n1,0
CCCNc1nc2c(c(=O)[nH]c(=O)n2C)n1Cc1ccc(F)cc1,0
COc1nc(-c2ccccc2)cc(-c2ccc(OC)c(OC)c2)n1,0
CCn1c(COc2ccccc2)nnc1SCC(=O)Nc1ccc2c(c1)OCCO2,0
COC(=O)CSc1nnc(C)n1-c1cccc(OC)c1,0
O=[N+]([O-])c1ccc(-c2cnc(SCc3ccccc3Cl)[nH]2)cc1,0
CCCn1c(SCc2ccc(Cl)cc2)nc2c1c(=O)[nH]c(=O)n2C,0
CC1=C(C(=O)Nc2ccccc2)C(c2ccc(C)o2)n2c(s/c(=C\c3ccco3)c2=O)=N1,0
COc1ccc(Nc2nc(N3CCCCC3)nc3ccccc23)c(OC)c1,0
Cn1c(Cc2csc(N)n2)nnc1SCC(=O)NCc1ccccc1,0
CCn1c(SCC(=O)OC)nnc1C1CCCCC1,0
CCSCc1nnc(SCC(=O)c2ccc(OC)cc2)n1C,0
O=C(C1c2ccccc2Oc2ccccc21)N1CCN(c2ccccc2)CC1,0
Cc1ccccc1-n1c(-c2ccco2)nc2ccccc2c1=O,0
Cc1cccc(NC(=O)c2onc3c2CCCC3)c1C,0
Cc1sc(NC(=O)CSc2ncn(-c3ccccc3)n2)nc1-c1ccccc1,0
CCc1c(C)sc(NC(=O)OC)c1C(=O)N1CCCCC1,0
O=C1CCCc2c1[nH]c1ccccc21,0
Cc1ccc(-n2c(C(C)n3nc(C)c([N+](=O)[O-])c3C)n[nH]c2=S)cc1,0
COc1ccc(CNc2oc(COc3ccccc3)nc2C#N)cc1,0
CCOC(=O)c1cccc(NS(=O)(=O)c2ccc(NC(C)=O)cc2)c1,0
Cc1noc(C)c1CSc1nnc(-c2ccccc2)n1Cc1ccco1,0
COc1cc(-c2nc3ccccn3c2/N=C/c2ccccc2)ccc1O,0
Cc1ccc(-c2nc3ncccc3o2)cc1NC(=O)c1sc2ccccc2c1Cl,0
COc1ccccc1Nc1nc(-c2ccc([N+](=O)[O-])cc2)nc2ccccc12,0
COc1ccc(Cl)cc1NC(=O)CSc1nnc(COc2ccccc2)n1C,0
COC(=O)C(CCSC)NC(=O)NCc1ccc(S(N)(=O)=O)cc1,0
COc1ccccc1CNC(=O)C1CCN(c2nc3ccccc3o2)CC1,0
O=C1/C(=C\Nc2ccc(Cl)cn2)c2ccccc2C(=O)N1c1cc(Cl)ccc1N1CCOCC1,0
N#Cc1c(NC(=O)CCCN2C(=O)c3ccccc3C2=O)oc(-c2ccccc2)c1-c1ccccc1,0
COc1cc(C(=O)Nc2ccc(N(C)C)cc2)cc(OC)c1OC,0
COc1ccccc1-c1cc2ccccc2[nH]1,0
CCOC(=O)C1CCCN(c2c(NCCCN(C)Cc3ccccc3)c(=O)c2=O)C1,0
Cc1ccc(C(=O)CC2(O)C(=O)N(Cc3ccc4c(c3)OCO4)c3ccccc32)cc1,0
CCOc1ccc(/C=C/C(=O)Nc2ccc(OC)cc2[N+](=O)[O-])cc1,0
Cc1cc(C(=O)O)c(C)n1-c1ccccc1,0
COc1ccc(/C=C/C(=O)c2ccccc2)cc1COc1ccccc1F,0
COCC(=O)Oc1c(S(=O)(=O)c2ccc(C)cc2)c(C)nn1-c1ccccc1,0
Cc1ccc(-c2n[nH]c(=S)n2/N=C/c2cccn2C)cc1,0
CCn1nnnc1SCC(=O)Nc1cc(OC)cc(OC)c1,0
CN(C)CCNc1oc(-c2ccccc2F)nc1C#N,0
Cc1cccc(CS(=O)(=O)Cc2ccc(C(=O)O)o2)c1,0
Cc1ccc(-n2ncc3c(=O)n(Cc4cccnc4)cnc32)cc1,0
Cc1nc2ccccn2c1-c1nnco1,0
Cc1nc(=O)cc(-c2ccccc2)n1-c1ccccc1,0
CC(C)Oc1nnnn1-c1ccccc1,0
COC(=O)c1cc(Br)c(=O)n(-c2ccccn2)c1,0
C=CCOc1ccc(C2NC(=O)NC(C)=C2C(=O)OC)cc1,0
COC(=O)c1ccc(C2C(C#N)=C(C)NC3=C2C(=O)CC(C)(C)C3)cc1,0
Cc1cccc(C)c1NS(=O)(=O)c1ccc(F)cc1,0
COc1ccc(C)cc1-n1nnnc1SCC(=O)N1CCC(C(=O)Nc2nccs2)CC1,0
c1ccc2c(c1)c1ccccc1n2CN1CCOCC1,0
COc1ccc(Cl)cc1-c1nc(-c2ccncc2)no1,0
COc1ccc(Nc2nc(N)nc(SCc3nnc(C)s3)n2)cc1,0
O=C(Cc1ccccc1)N1CCN(C(=O)c2ccco2)CC1,0
Cc1ccc(S(=O)(=O)N2CCN(C3CC(=O)N(CCc4ccccc4)C3=O)CC2)cc1C,0
Cc1ccccc1C(=O)Nc1ccc(-c2nc3ccc(C(=O)c4ccccc4)cc3[nH]2)cc1,0
Nc1nncn1C(=O)CCCOc1ccccc1,0
Cc1ccc(Cn2nnc3c(=O)n(CC(=O)N4CCCc5ccccc54)cnc32)cc1,0
CC1CCN(S(=O)(=O)c2ccc(Cl)cc2Br)CC1,0
Cc1ccc(NC(=O)CN2C(=O)N/C(=C/c3ccc(C)o3)C2=O)cc1,0
Cc1oc(C)c(C(=O)O)c1COc1ccc(C(=O)O)cc1,0
CCCCCCOc1cccc(N)c1,0
Cc1nc2sc(C(c3ccc(Cl)cc3)N3CC(C)OC(C)C3)c(O)n2n1,0
O=C(Nc1ccc2c(c1)OCCO2)c1ccc(CN2CCOCC2)cc1,0
CC1CCN(CCn2c(=S)[nH]c3ncccc3c2=O)CC1,0
O=C(NCc1ccccc1)C(C(=O)c1ccc(F)cc1)n1ccccc1=O,0
O=C(NCc1ccccc1)C1CCCN(C(=O)Nc2ccccc2)C1,0
COC(=O)c1[nH]c2ccc(C)cc2c1NC(=O)C1=COCCO1,0
CCCCn1nc(C(=O)NC2=NCCS2)c2ccccc2c1=O,0
COc1ccc(S(=O)(=O)Nc2ccc(S(=O)(=O)Nc3ccc(F)cc3)cc2)cc1C,0
COc1ccccc1N(CN1CCCC1=O)C(=O)c1c(F)cccc1F,0
Cc1nc2ccccc2c(=O)n1/N=C/c1ccc(N(C)C)cc1,0
Cc1nc(NC(=O)/C=C/c2ccccc2)sc1C(=O)Nc1ccc(Cl)cc1,0
CC1CCN(S(=O)(=O)c2cccc(C(=O)O)c2)CC1,0
CCOC(=O)CSc1nc2cc3c(cc2cc1CC)OCCO3,0
COc1ccc(OC)c(NC(=O)C2CCC(CNc3c(N4CCC(C)CC4)c(=O)c3=O)CC2)c1,0
CCOC(=O)N1CCC(NC(=O)c2cc3ccccn3n2)CC1,0
COc1ccc(N(C(=O)c2ccco2)C(C(=O)NC2CCCC2)c2ccc(N(C)C)cc2)cc1,0
Cc1ccc2nc(NC(=O)CN(C)S(=O)(=O)c3cccc4nsnc34)sc2c1,0
O=C(NCC1CCCO1)C(c1cccs1)N(C(=O)Cn1nnc(-c2cccs2)n1)C1CCCC1,0
O=C(NCCCN1CCN(c2cccc(Cl)c2)CC1)C1(S(=O)(=O)c2ccc(Cl)cc2)CC1,0
O=C(NCCN1CCOCC1)c1ccncc1,0
O=C(NCc1ccco1)C(c1cccnc1)N(C(=O)Cn1nnc2ccccc21)c1ccccc1,0
Fc1ccc(CSc2nnc(CN3CCOCC3)n2-c2ccccc2)c(Cl)c1,0
O=C1C2CCCN2C(c2ccc(F)cc2)N1c1cccc(Cl)c1,0
CN(C(=O)C1CCOC1)c1nnc(-c2ccccn2)s1,0
COC(=O)c1c(C)nn(-c2ccccc2)c1-n1cccc1,0
O=C(N/N=C/c1ccc(OC(=O)c2ccccc2)cc1)c1ccc(CN2CCOCC2)cc1,0
CCCCC(=O)Nc1ccc(C(=O)NN2C(=O)c3ccccc3C2=O)cc1,0
COc1ccc(/C(C)=N/NC(=O)c2ccc(N(C)C)cc2)cc1,0
CC1Cc2ccccc2N1C(=O)c1cnsn1,0
Cc1nc2ccccc2n1CC(O)Cn1c2ccccc2c2ccccc21,0
COc1ccc(-c2nc3nc(C)c(Cc4ccccc4)c(=O)n3[nH]2)cc1,0
COc1ccc(-c2noc(CCC(=O)N(C)c3cccc(C)c3)n2)cc1,0
Cc1cccc(OCc2nc(C#N)c(NCc3ccc4c(c3)OCO4)o2)c1,0
Cc1n[nH]c(=O)nc1N1CCN(c2ccccc2)CC1,0
Cc1ccc(CNC(=O)CN(C)S(=O)(=O)c2cccc3cccnc23)cc1,0
Cc1ccc(NC2=CC(=O)CCC2)cc1C,0
CCCCC(=O)Nc1cc2nn(-c3ccc(OC)cc3)nc2cc1C,0
COc1ccccc1OCc1nc2ccccc2[nH]1,0
CN1CCN(C2=CC(=O)OC23CCCCC3)CC1,0
Cc1ccc(C(=O)CSc2nc(=O)cc(C)[nH]2)cc1,0
COc1ccccc1NC(=O)CN1CCC(n2nnc3cc(F)ccc32)CC1,0
Cn1c2c([n+]([O-])c1-c1ccccc1)/C(=N/O)CCC2,0
O=c1[nH]c2cc3c(cc2cc1CN(Cc1nnnn1C1CCCC1)C1CCCC1)OCCO3,0
CCOC(=O)c1ccc(NC(=O)Nc2ccn(C)n2)cc1,0
Cc1nc(NC(=O)/C=C/c2ccccc2)sc1C(=O)Nc1ccccc1Cl,0
Cc1nn(C)c(C)c1S(=O)(=O)N1CCc2ccccc21,0
CC(Nc1nc(N2CCCC2)nc2ccccc12)c1ccccc1,0
Cc1ccc(C)c(NC(=O)c2ccccc2O)c1,0
CC1(C)CC(=O)C(=CNCC(N)=O)C(=O)C1,0
O=C(NCCC1=CCCCC1)NC1CCCCC1,0
CCn1c(Cc2ccccc2)nnc1SCC(=O)Nc1nc2ccccc2s1,0
O=C(c1ccccc1)N1CCN(C2CC(=O)N(CCc3ccccc3)C2=O)CC1,0
Cc1ccc(C(C(=O)NC2CCCC2)N(Cc2ccco2)C(=O)CCC(=O)Nc2ccccn2)cc1,0
C/C(=C(\C#N)C(=O)NCCN1CCOCC1)N(C)C,0
CCOC(=O)C1CCN(c2ncnc3c2oc2ccc(Br)cc23)CC1,0
C=CCOn1c(=O)c(-c2ccc(OC)c(OC)c2)[n+]([O-])c2ccccc21,0
O=C(Nc1ccc(F)cc1)N(Cc1nnc2n1CCCCC2)c1ccccc1,0
O=C(Nc1cccc2ccccc12)N1CCOCC1,0
OC1CCCN(Cc2ccccc2)C1,0
COc1cccc(OC)c1C(=O)N1CC(C)OC(C)C1,0
CC(=O)C1=C(C)NC(=O)NC1c1cccc(O)c1,0
Cc1nn(-c2ccccn2)c2c1-c1nc(N)ncc1CC2,0
COc1ccc(C)cc1NC(=O)CN1CCN(C/C=C/c2ccccc2)CC1,0
COc1ccccc1C1Nc2cccc3cccc(c23)N1,0
N#Cc1nc(COc2ccc(Cl)cc2)oc1NCc1ccc2c(c1)OCO2,0
COC(=O)c1ccc(CSc2nc3n(-c4ccc(Cl)cc4)[nH]cc-3c(=O)n2)o1,0
COc1ccc(NC(=O)c2ccc(-n3cccn3)nc2)cc1,0
Cc1cc(NC(=O)c2ccc3nc(-c4ccccc4)c(-c4ccccc4)nc3c2)no1,0
COc1ccc(O/C(=N/S(=O)(=O)c2ccccc2)c2ccccc2)cc1,0
COc1ccc(CN2CCN(C(=O)CC(C)C)CC2)c2ccccc12,0
O=C1c2ccccc2C(O)(c2ncc[nH]2)N1CCc1ccccc1,0
CCc1nc(SCC(=O)c2ccc(C)c(C)c2)n[nH]1,0
Cc1sc2ncnc(NCC3(N4CCOCC4)CCCCC3)c2c1C,0
C=CCNC(=O)c1ccccc1NC(=O)c1ccccc1C,0
Cc1cc(C)nc(N2N=C(C(C)(C)C)CC2=O)n1,0
CC(=O)c1c(N2CCN(c3cccc(Cl)c3)CC2)nc(=S)n(-c2ccccc2)c1C,0
Cc1cc(-c2ccc(F)cc2)nc2cc(C(N)=O)nn12,0
O=c1c([N+](=O)[O-])c(N2CCCCCC2)c2ccccc2n1-c1ccccc1,0
c1ccc(N2CCN(c3c4c(nc5ncnn35)CCC4)CC2)cc1,0
CCCCCn1c(=O)[nH]c2cc(C(=O)NCc3ccc4c(c3)OCO4)ccc2c1=O,0
OC(C#CCN1CCCC1)c1ccccc1,0
CCOC(=O)CSC1=C(C#N)C(c2ccco2)C(C(=O)OCc2ccccc2)=C(C)N1,0
CCOC(=O)N1CCN(S(=O)(=O)c2cc(OCC(=O)NC3CCCCC3)c(C)cc2Cl)CC1,0
CC(C)N(Cc1cc2ccccc2[nH]c1=O)C(=O)C1CCCCC1,0
COc1cc(C(C(=O)NC(C)(C)C)N(Cc2ccccc2)C(=O)c2cnccn2)cc(OC)c1OC,0
O=C(CCC1CCCCC1)Nc1c[nH]c(=O)[nH]c1=O,0
Cn1c(/C=N/NC(=O)c2ccccc2)nc2ccccc21,0
CC1(C)CC(NC(=O)c2ccc3c(c2)OCO3)CC(C)(C)N1,0
CC(O)(CS(=O)(=O)c1ccccc1)C(=O)Nc1ccc(C(F)(F)F)cc1,0
CSc1nc(C)cc(SCC(=O)Nc2ccccc2)n1,0
Cc1nn(Cc2ccccc2Cl)c2sc(C(=O)NCCCn3ccnc3)cc12,0
CC1(C)CC(=O)C2=C(C1)OC(N)=C(C#N)C2c1ccccc1,0
COc1ccc(CNC(=O)C(NS(=O)(=O)c2ccc3c(c2)CCCN3C(C)=O)C(C)C)cc1,0
CC(=O)Nc1ccccc1N(C)S(=O)(=O)c1ccc(C)cc1,0
O=C(Nc1ccccc1Cl)N1CCN(c2ccc3nnc(-c4ccccc4)n3n2)CC1,0
Cc1ccc(C)c(-c2nnc(OCC(=O)Nc3cc(C)on3)c3ccccc23)c1,0
CCCc1cc(=O)n2c([nH]c3ccccc32)c1C#N,0
COc1ccc2[nH]cc(C(=O)CN3CCN(C/C=C/c4ccccc4)CC3)c2c1,0
O=S(=O)(Nc1nc2ccccc2nc1NCCN1CCOCC1)c1cccc(Cl)c1,0
Cc1cc(Nc2ccc(C)c(F)c2)n2ncnc2n1,0
O=C1NCCCC1C(=O)NCCNC(=O)C(F)(F)F,0
Cc1cc2c(c(=O)o1)C(Cc1ccccc1)C(C#N)=C(N)O2,0
O=C(Nc1cccc(Cl)c1)OCc1cn(-c2ccc(Cl)cc2)nn1,0
NC(=O)C1CCN(C(=O)C23CC4CC(CC(C4)C2)C3)CC1,0
O=C1C=CC(Cl)=C/C1=C\Nc1nccs1,0
COC(=O)c1sc(S(=O)(=O)NCc2cccs2)c(C(=O)OC)c1C,0
CCOc1ccc2c(c1)sc1nc(C(=O)OC)cc(=O)n12,0
CCCc1ccc(OCC(=O)O)cc1,0
CN(CC(=O)Nc1cccc2c1CCCC2)S(=O)(=O)c1ccc(Cl)cc1,0
COc1cccc(CN2CCN(C(=O)COc3ccc4ccccc4c3)CC2)c1,0
O=[N+]([O-])c1ccc(N2CCCC2)cc1NCc1ccccc1,0
COCC(C)OC(=O)C(C#N)c1nc2ccccc2nc1N1CCN(Cc2ccccc2)CC1,0
O=C(NCCCN1CCOCC1)c1csc2c1CCCC2,0
C1CCN(c2nc3nonc3nc2N2CCCCC2)CC1,0
O=C(Cc1ccccc1)Nc1ccccc1N1CCN(c2ccccc2)CC1,0
O=C(Nc1ccc(Cc2ccncc2)cc1)c1ccc(Br)o1,0
Cn1c(CO)nc2cc(N)ccc21,0
CCOC(=O)c1c(C)[nH]c(=S)c(C#N)c1-c1ccc(OC)cc1,0
COC(=O)c1ccccc1S(=O)(=O)Nc1ccc(OC)nc1,0
CCCCN(CCCNC(=O)c1c(C)cc(=O)oc1C)c1ccccc1,0
Cc1ccc(-n2c(C)nc3c(cnn3-c3ccc(F)cc3)c2=O)cc1,0
O=C(Nc1cccc2ccccc12)N1CCN(Cc2ccc3c(c2)OCO3)CC1,0
O=C(O)CSc1nc(-c2ccccc2)nc2c1oc1ccccc12,0
Cc1ccc(OCCn2c(CCNC(=O)C(C)C)nc3ccccc32)cc1,0
CC(NC(=O)Cc1ccc(F)cc1)C(c1cccs1)N1CCN(C)CC1,0
O=C(COc1ccccc1-c1ccccc1)Nc1ccc(S(=O)(=O)NCc2ccco2)cc1,0
CCn1cnc2sc(C(=O)N3CCN(c4ccc(OC)cc4)CC3)c(C)c2c1=O,0
CCOc1ccc(C(=O)NC(=S)Nc2ccccn2)cc1[N+](=O)[O-],0
CC(=O)NCc1cccc(CNC(C)=O)n1,0
c1ccc2oc(N3CCNCC3)nc2c1,0
O=C(OCc1cccc2ccccc12)c1ccc2c(=O)nc(CN3CCOCC3)[nH]c2c1,0
Cc1cccc(C)c1NC(=O)C1(N(Cc2ccco2)C(=O)c2ccccn2)CCCC1,0
CCCCn1c(CCNC(=O)c2cccs2)nc2ccccc21,0
CCCCCC(=O)Nc1ccc(Cc2ccncc2)cc1,0
Cn1c(=O)n(CC(N)=O)c2ccccc21,0
Cc1ccc(-c2[nH]n3c(=O)c4c(nc3c2C)CCCC4)cc1,0
COc1cc(NC(=O)C23CC4CC(C2)CC(n2nnc(C)n2)(C4)C3)c(OC)cc1Cl,0
O=[N+]([O-])c1cccnc1N1CCOCC1,0
COc1ccc2c(C(=O)CN3CCN(c4ccccc4)CC3)c[nH]c2c1,0
O=C(Nc1cccnc1)c1ccc(COc2ccccc2Br)o1,0
CCCCCn1c(CCNC(=O)c2cccs2)nc2ccccc21,0
COC1=CC(=CNNc2nc3ccccc3o2)C=C(OC)C1=O,0
COc1ccc(CNC(=O)C2CCN(C(=O)N3CCOc4ccc(C)cc43)CC2)cc1,0
COc1ccc(CCNC(=S)Nc2cc(C)ccc2C)cc1,0
CC(=O)NC1=NN(C(C)=O)C(C)(c2ccccc2)S1,0
COc1ccc(-c2nc(C(N)=O)c3[nH]c(=O)n(-c4ccccc4OC)c3n2)c(OC)c1,0
Cc1ccc(C)c(N2CCN(C(=O)CCCCn3c(=O)[nH]c4ccccc4c3=O)CC2)c1,0
COCCCn1c(SCC(=O)Nc2sc3c(c2C#N)CCCC3)nnc1-c1ccncc1,0
CCOC(=O)c1sc(N(C)C(C)=O)nc1C,0
COc1nc(NCC(C)C)nc(Oc2ccc(=O)n(-c3ccccc3)n2)n1,0
CC1CCN(CCCCOc2ccc([N+](=O)[O-])cc2)CC1,0
COC(=O)c1ccc(SC2CCCCC2)c([N+](=O)[O-])c1,0
CCC1(CC)C(=O)NC(=O)N=C1Nc1cccc(OC)c1,0
Cc1coc(C)c1C(=O)CC1(O)C(=O)N(CCc2ccccc2)c2ccccc21,0
Nc1ccc(Nc2ccccc2)cc1,0
COCc1cc(=O)n2[nH]c(SCc3ccccc3)nc2n1,0
CC(Sc1nnc(-c2ccc(Cl)cc2)n1C)C(N)=O,0
Cc1ccc(OCC(=O)NCCN2CCOCC2)cc1C,0
O=C(NCc1ccccc1F)C1CCN(C(=O)NCc2ccccc2)CC1,0
CCOc1ccc2nc(-c3ccccc3)[nH]c2c1,0
COc1ccc(-c2c3c(=O)n(C)c(=O)n(C)c3cn2-c2cc(OC)ccc2OC)cc1,0
CC(C)COC(=O)C(C#N)c1nc2ccccc2nc1N1CCN(Cc2ccc3c(c2)OCO3)CC1,0
CC(=O)Oc1oc(-c2ccccc2)nc1/C=N/c1ccccc1,0
Cc1ccc([N+](=O)[O-])cc1NC(=S)NC(=O)CC(C)(C)C,0
CC(=O)c1cccc(NC2=c3ccccc3=NC2=O)c1,0
Cc1nc(N/N=C/c2ccccc2)nc(N(C)c2ccccc2)c1[N+](=O)[O-],0
COc1ccc(C(=O)Nc2ccccc2C(=O)NCCCn2ccnc2)cc1,0
COc1ccccc1NC(=O)CCN1CCN(Cc2ccccc2)CC1,0
COc1nc(C)ccc1-c1noc(-c2ccncc2)n1,0
CCOc1cc(C2Nc3ccccc3C(=O)N2c2ccccc2OC)ccc1O,0
CCCCC(=O)Nc1ccc(C(=O)N2CCN(C)CC2)cc1,0
CC(=O)NNC(=O)CCC(=O)Nc1ccccc1,0
Cc1ccccc1C(=O)Nc1cccc(N)c1,0
CCCCC(C(=O)NC(C)(C)C)N(Cc1ccco1)C(=O)c1snc(C(N)=O)c1N,0
COC(=O)c1ccccc1NC(=O)CSc1n[nH]c(C)n1,0
O=C1CC(c2ccco2)Cc2nc(Nc3nc(-c4ccccc4)c4ccccc4n3)ncc21,0
COc1ccc(N2CCN(C(=O)CNC(=O)c3ccc(C(C)(C)C)cc3)CC2)cc1,0
Cc1ccnc(Sc2ncccc2[N+](=O)[O-])n1,0
O=C(NNC(=O)c1ccccc1-n1cccc1)c1ccccc1,0
c1ccc(-n2nc3c(ccc4cnnc43)[nH]2)cc1,0
C=CCN1/C(=N/C(=O)CCCC(=O)O)SC2CS(=O)(=O)CC21,0
COc1ccccc1NC(=O)Cc1coc2cc(C)ccc12,0
Cc1cc(C)c(C(N)=O)c(NCCc2ccccc2)n1,0
Cn1c(NCCCO)nc2ccccc21,0
Cc1ccc(S(=O)(=O)NC(=O)Nc2ccc(F)cc2)cc1,0
CN(C)C(=O)Nc1cccc(OC(=O)N(C)C)c1,0
COc1ccc(NC(=O)NCc2ccccn2)cc1,0
Cc1cc(Nc2ccccc2)nn1C(=O)c1ccccc1,0
CN(C)S(=O)(=O)c1ccc(-c2ccccc2)cc1,0
Cc1c(-c2ccc(F)cc2)nc(N)c(C#N)c1-c1ccco1,0
Cc1c(Br)cc(C(=O)N2CCN(CCO)CC2)c(C)c1C,0
Cc1ccc(NCc2nnc(SCCN3CCCCC3)n2CC2CCCO2)cc1Cl,0
Oc1c(CN2CCc3ccccc3C2)cc(Cl)c2cccnc12,0
CCOC(=O)c1cccc(Nc2ncnc3ccc(C)cc23)c1,0
CC(C)c1ccc(S(=O)(=O)c2n[nH]n3c2nc(=O)c2ccccc23)cc1,0
COc1ccc(Br)cc1C(=O)Nc1ccc(NC(=O)c2ccco2)cc1,0
O=C(Nc1ccc(-c2nc3ccccc3[nH]2)cc1)c1ccc2c(c1)OCO2,0
c1ccc(OCc2nc(-c3ccccc3)no2)cc1,0
COCc1nnc(NC(=O)c2ccc(NC(C)=O)cc2)s1,0
O=C(c1c(F)cccc1F)N(Cc1ccccn1)C1CCCC1,0
Cc1cccc(C)c1NC(=O)N1CCC(n2cnc3ccccc32)CC1,0
CC(=O)c1c(N2CCCCC2)nc(=S)n(Cc2ccccc2)c1C,0
Cc1cccc(OCC(=O)Nc2ccc3c(c2)OCCO3)c1,0
O=C(N1CCN(c2ccccc2)CC1)C12CC3CC(CC(C3)C1)C2,0
O=c1nc(CN2CCN(C/C=C/c3ccccc3)CC2)[nH]c2ccccc12,0
CCOc1cc(C(=O)Nc2cccc3ncccc23)cc(OCC)c1OCC,0
CCOCCCNC(=O)c1c(C)[nH]c(C(=O)OCC)c1C,0
COc1ccccc1NCCC#N,0
CCc1cccc(CC)c1-n1c(SCc2cc(=O)n3ccsc3n2)nnc1-c1cccnc1,0
CCc1ccc(NC(=O)c2cc(C(C)C)on2)cc1,0
O=C(CSc1nc(-c2ccco2)cc(C(F)(F)F)n1)NCC1CCCO1,0
COc1ccccc1Nc1ncnc2c1cnn2-c1cccc(C)c1,0
CCCCCC(=O)Nc1ccc2oc(-c3ccncc3)nc2c1,0
COc1ccc(C(=O)N2CCN(c3ccc(C)c(C)c3)CC2)cc1OC,0
COc1ccc(N2CC(C(=O)Nc3ccccc3C(=O)NCc3ccco3)CC2=O)cc1,0
CN1C(=O)c2ccccc2Sc2ccc(NC(=O)N3CCCC3)cc21,0
Cc1sc(-n2c(C)ccc2C)c(C#N)c1C,0
O=C1CC(c2ccc(F)cc2)Cc2nc(N3CCN(c4ccccc4)CC3)ncc21,0
COc1ccc(C2C(C(C)=O)=C(O)C(=O)N2c2ccc(Br)cn2)cc1,0
COc1ccc(Cn2ccc(=O)c(Cc3c(Cl)cccc3Cl)c2C)cc1,0
O=C(Nc1ccccc1)c1ccccc1NC(=O)C(F)(F)F,0
CC1CCCC(C(=O)O)N1C(=O)CCSC(=O)c1ccccc1,0
COc1ccccc1-c1cc(C(=O)NCCc2ccccc2)no1,0
COC(=O)c1sccc1NC(=O)Cn1nnc(-c2ccc(C)cc2)n1,0
Cc1ccc2nc(-c3cccc(NC(=O)c4ccco4)c3)[nH]c2c1,0
Cc1c(Cl)cccc1NC(=O)CCCN1C(=O)CCC1=O,0
COc1ccc(C2C=C(c3ccc(Br)cc3)N=C3N=C(N4C(=O)CCC4=O)NN32)cc1,0
Cc1onc(-c2ccccc2)c1C(=O)Nc1c(C)n(C)n(-c2ccccc2)c1=O,0
Cc1nnc(Nc2ccc3c(c2)ncn3C)c2ccccc12,0
Cc1ccc2nc(Nc3nc(=O)cc(-c4ccccc4)[nH]3)nc(C)c2c1,0
Cc1nc2ncnn2c(N2CCN(C(c3ccccc3)c3ccccc3)CC2)c1C,0
COc1ccc(C(=O)c2c[nH]c(C(=O)NCc3cccnc3)c2)cc1,0
CCSc1nnc2c(n1)OC(C)(C)Nc1ccccc1-2,0
O=C(NCc1cccnc1)C1CC2c3ccccc3C1c1ccccc12,0
CCOc1ccccc1N1CCN(C/C=C/c2ccc(N(C)C)cc2)CC1,0
Cc1cc(C)n(C(=O)c2ccc(NC(=O)C3COc4ccccc4O3)cc2)n1,0
O=C(C1CC1)N1CCN=C1SCc1cccc(C(F)(F)F)c1,0
Oc1cc(Cc2ccccc2)cnc1CN1CCCCC1,0
Cc1ccc2c(C(=O)CN3CCC4(CC3)OCCO4)c(C)[nH]c2c1,0
CC(C)(C#N)Nn1cnnc1,0
CCN1CCN(Cc2ccc(OC)c(OCc3ccccc3)c2)CC1,0
C=CCn1c(SCC(=O)Nc2c(C)n(C)n(-c3ccccc3)c2=O)nc2sc(C)c(-c3ccccc3)c2c1=O,0
O=C(O)c1ccc(S(=O)(=O)Cc2ccccc2)cc1,0
O=C(O)c1cccc(S(=O)(=O)N2CCCC2)c1,0
CCOC(=O)C1=NN(C(=O)Nc2ccc(OC)cc2)C2C(=O)N(c3cccc(C(F)(F)F)c3)C(=O)C12,0
O=C(Nc1ccc2c(c1)OCO2)c1ccc2nc[nH]c2c1,0
O=C(CN1C(=O)CSC1=O)Nc1ccccc1N1CCOCC1,0
Cc1ccc(C2=[N+]([O-])C3(CCCCC/C3=N\NC(N)=S)N(O)C2(C)C)o1,0
Cc1cc(Br)ccc1NC(=O)CCCOc1ccccc1,0
COC(=O)c1cnn(-c2nc3c(C)cccc3s2)c1C,0
CCOc1ccc(NC(=O)Cc2c(O)[nH]c3ccccc3c2=O)cc1,0
c1ccc2c(c1)OCC(c1csc3ncnc(N4CCOCC4)c13)O2,0
C=CCc1ccc(OCCOc2cccc(/C=N/n3cnnc3)c2)c(OC)c1,0
Cc1cc(C(C)(C)C)oc1C(=O)N(CC(=O)NC1CCCC1)Cc1ccccc1Cl,0
COC(Cc1n[nH]c(=S)n1-c1ccccc1)OC,0
CCN(CC)CCn1c2ccccc2c2cnc(/N=C/N(C)C)c(C#N)c21,0
COc1ccc(-c2nc(N)n(C(=O)Cc3ccccc3)n2)cc1,0
CCCCOc1ccccc1C1CC(=O)NC2=C1C(=O)CCC2,0
O=C(Nc1ccc2nn(-c3ccccc3)nc2c1)c1cccnc1,0
CNc1cc(C)nc(-n2nc(C)cc2C)n1,0
O=c1cc(CSc2nnc(COc3ccc(Cl)cc3)o2)c2ccccc2[nH]1,0
C=CCn1c(COc2ccccc2)nnc1SCC(=O)O,0
Cc1cc(C(F)F)n2ncc(C(=O)NC3CCCCCC3)c2n1,0
Cc1cc(=O)nc(SCC(=O)c2ccc(C)c(C)c2)[nH]1,0
O=C(O)Cc1ccc(NC(=O)c2cccs2)cc1,0
CC(NC(N)=O)C12CC3CC(CC(C3)C1)C2,0
Cc1cc(C)c2c(-n3cccc3)n[nH]c2n1,0
Cc1nnc(SCc2nc3ccccc3nc2C)s1,0
O=C(CSc1nnc(-c2ccco2)o1)c1ccccc1,0
COc1ccc(CNc2ccc(-c3ccc(OC)cc3)nn2)cc1,0
O=C(Nn1c(=S)[nH]c2ccccc2c1=O)c1ccncc1,0
O=C1CN(CC(=O)Nc2ccc(Cl)cc2)CCN1,0
O=C(CCc1nc(-c2ccccc2F)no1)NC1CCN(Cc2ccccc2)CC1,0
COCCNC(=O)C(c1ccc(C)cc1)N(C(=O)CCC(=O)Nc1ccccn1)C1CCCC1,0
CC(=O)c1cccc(N(C(=O)c2ccco2)C(C(=O)NC2CCCC2)c2ccncc2)c1,0
O=C(Nc1ccccc1N1CCOCC1)c1cnccn1,0
COc1ccc(NC(=O)CN2CCN(CC(=O)Nc3ccccc3F)CC2)cc1OC,0
COc1ccc(S(=O)(=O)Nc2ccc3oc(C)c(C(=O)O)c3c2)cc1,0
CC(=O)Nc1ccc2[nH]c3ccccc3c2c1,0
CC(C)(C)NC(=O)C(c1ccco1)N(C(=O)Cn1nnc(-c2ccc(F)cc2)n1)c1ccccc1,0
COC(=O)NNC(=O)c1cccc(C)c1,0
Cn1ccnc1SCC(=O)c1cccc(Br)c1,0
NC(=O)COc1c(-c2ccccc2)oc2ccccc2c1=O,0
COc1cc(/C=N/n2cnnc2)ccc1OC(=O)N(C)C,0
Cc1ccc(F)cc1NC(=O)Cc1nn(C)c(=O)c2ccccc12,0
CC(C)n1c(N/C=C2\C=Nc3ccccc32)nc2ccccc21,0
CCN(c1ccccc1)S(=O)(=O)c1ccc(NCC2COc3ccccc3O2)nc1,0
COc1ccc(OC(=O)c2ccc3nsnc3c2)cc1,0
O=c1[nH]c2ccccc2nc1NCCN1CCOCC1,0
O=C(COc1ccccc1)N1CCN(S(=O)(=O)Cc2ccccc2)CC1,0
Cc1ccc(CNC(=O)C2c3ccccc3C(=O)N(C)C2c2c[nH]c3ccccc23)o1,0
CCOc1ccc(-n2c(=O)cc(N3CCN(c4ccccc4)CC3)[nH]c2=O)cc1,0
Cc1ccc(SC(C)C(=O)NCc2cccnc2)cc1,0
CCOC(=O)Cn1c(-c2cccnc2Cl)nc2cc(C)c(C)cc21,0
O=C(NCCCN1CCOCC1)c1ccc(CS(=O)(=O)Cc2ccc(Cl)cc2)o1,0
COc1ccccc1NC(=O)CSc1nnc(CC(=O)Nc2cccc(C(F)(F)F)c2)n1C,0
CC1CC(=O)NN=C1c1ccc(N(C)C)c([N+](=O)[O-])c1,0
Cc1ccc(-c2noc(-c3ccccc3C(=O)NCC3CCCO3)n2)cc1,0
CCCc1[nH]nc2c1C(c1ccc(OC)c(CSC3=NCCS3)c1)C(C#N)=C(N)O2,0
Cc1ccc2oc(-c3cccc(NC(=O)c4ccc(Br)o4)c3)nc2c1,0
O=C1CN(C(=O)c2ccccc2)c2ccccc2N1,0
Cn1c(=O)c2c(nc(N3CCN(c4ccccn4)CC3)n2Cc2ccc(Cl)cc2Cl)n(C)c1=O,0
COCCNC(=O)C(c1ccc(F)cc1)N(CC1CCCO1)C(=O)CCC(=O)Nc1ccccn1,0
NC(=O)C1CCN(C(=O)c2ccc(Oc3ccccc3)cc2)CC1,0
CCOc1cccc(C(=O)NC2CCCCC2)c1,0
CCc1ccc(OCC(=O)N(C)CCC#N)c(Br)c1,0
CC(=O)ON1C(C)(C)Cc2noc(N)c2C1(C)C,0
Cc1cccc(C)c1OCCCN1CCCC1,0
O=C(Cn1cnnn1)Nc1ccccc1Cc1ccccc1,0
CCN(CC)c1ccc(NC(=O)CN2CCN(c3ccc(F)cc3)CC2)cc1,0
Cn1cc(Cl)c(C(=O)N/N=C/c2ccc(OS(=O)(=O)c3ccccc3)cc2)n1,0
Cc1cccc(NC(=O)c2c(C)nc3ccccn23)c1,0
CCCn1c(NCc2cc(OC)ccc2OC)nc2ccccc21,0
CCC(C)(C)NC(=O)C(c1ccc(C)cc1)N(Cc1ccco1)C(=O)Cn1nnc2ccccc21,0
CC(=O)N1CCN(Cc2nc3cc(NC(=O)c4ccccc4)ccc3n2C)CC1,0
COc1ccc(-c2cc(-c3ccc(F)cc3)nc(N3CCN(C)CC3)n2)cc1,0
CCN(CC(=O)Nc1cccc(OC)c1)C(=O)c1ccc(C)s1,0
CC1(C)CC(=O)C(=CNc2ccccc2Sc2ccccc2)C(=O)C1,0
O=C(O)CCc1ccc(-c2ccc(Br)cc2)n1CC(=O)O,0
Cc1cccc(NC(=O)NCc2ccccn2)c1,0
COc1ccc(C2C(C(=O)N3CCN(c4ccccn4)CC3)CC(=O)N2c2ccc(OC)cc2)cc1,0
COc1ccc(-n2c(-c3ccccc3)cc3c2CCCC3=O)cc1,0
Cc1cc(C(C)(C)C)oc1C(=O)N(CC(=O)NC1CCCC1)Cc1ccc(F)cc1,0
CCOC(=O)C(C)Oc1cccc2c(=O)n(CC(=O)Nc3ccc4c(c3)OCCO4)ccc12,0
O=C(O)CSc1nnc(CNc2ccc(Cl)cc2)n1Cc1ccccc1,0
CCc1ccc(C(=O)CSc2nc(=O)c(C)n[nH]2)cc1,0
Cc1nnc(N2C(=O)C(O)=C(C(=O)c3ccco3)C2c2ccc(F)cc2)s1,0
N#CC1=C(N)OC2=C(C(=O)CCC2)C12C(=O)N(CC(N)=O)c1ccccc12,0
CC(C)Oc1ccc(-c2cc(=O)[nH]c(=O)[nH]2)cc1,0
O=c1cccccc1NCc1ccccc1,0
Brc1ccc(OCCOCCN2CCOCC2)cc1,0
COc1ccc(OC)c(NC(=O)Cn2cc(C#N)c3cc(Br)ccc32)c1,0
Cc1ccc(OC(=O)c2cccc(S(=O)(=O)N(C)C)c2)c(-n2nc3ccccc3n2)c1,0
CCN(CC)CCN/C=C1\C(=O)NC(=O)N(CCC2=CCCCC2)C1=O,0
Cn1c(SCC(=O)Nc2ccc3cn[nH]c3c2)nnc1-c1cccs1,0
CNC(=O)c1csc(-c2ccccc2)n1,0
COc1cc(NC2c3ncccc3C(=O)N2Cc2ccco2)cc(OC)c1,0
COc1cccc(CNC(=O)C(CCSC)NS(=O)(=O)c2ccc3c(c2)oc(=O)n3C)c1,0
Cc1ccnn1CC(=O)N/N=C/c1ccco1,0
O=C(Cc1nc2ccccc2[nH]1)NCc1ccco1,0
CCOC(=O)c1cccc(NC(=O)CCS(=O)(=O)c2ccc(Br)s2)c1,0
O=C(NCCc1ccccn1)C1CC(=O)N(Cc2ccccc2Cl)C1,0
O=C(COc1ccc(S(=O)(=O)NC2CCCCC2)cc1)N1CCN(c2cccc(Cl)c2)CC1,0
CCOC(=O)c1sc(=N)n(-c2ccc(OC)cc2)c1C,0
COc1ccc(C(=O)Nc2cccc(-c3nnc(-c4ccco4)o3)c2)cc1,0
O=C(NCC1CCCCC1)C1CCCN(C(=O)NC2CCCCC2)C1,0
Cc1ccc(N2C(=O)CSC2c2cccnc2)cc1F,0
O=S(=O)(C/C(=C/CO)S(=O)(=O)c1ccccc1)c1ccccc1,0
COc1cnn(-c2cc(Oc3ccc(C)cc3)ncn2)c(=O)c1Cl,0
O=C(/C=C/c1ccc([N+](=O)[O-])cc1)NCCSc1ccccc1,0
CS(=O)(=O)N1CCN(c2ccc(C(=O)NC3C4CC5CC(C4)CC3C5)cc2[N+](=O)[O-])CC1,0
CCOc1c(Br)ccc2c1sc1nc[nH]c(=O)c12,0
C=CCn1c(C)cc(C(=O)CSc2nc3ccccc3[nH]2)c1C,0
COc1ccccc1C(=O)CSc1n[nH]c(N)n1,0
O=C(Nc1cnc2ccccc2c1)C1COc2ccccc2O1,0
CCN(CC)C(=S)Sc1c(-c2ccccc2)c2cc(Cl)ccc2[nH]c1=O,0
COc1ccc(/C=N/NC(=O)C(=O)N2CCN(c3ccccc3OC)CC2)cc1,0
Cc1cccc2cc(COC(=O)C(C)C)c(=O)[nH]c12,0
CCc1nnc(NC(=O)CCc2ccc(C)o2)s1,0
CCOC(=O)c1cnn(-c2ccc(C)cc2)c1N,0
N#CC1=C(N2CCCCC2)c2cc3c(n2C1=O)CCCC3,0
COc1nnc(-c2ccc(N3CCOCC3)c(NC(C)=O)c2)c2ccccc12,0
O=c1c2[nH]c3ccc(F)cc3c2ncn1CCCN1CCOCC1,0
N#Cc1ccc(-c2ccc(F)cc2)nc1SCC(=O)Nc1sc2c(c1C#N)CCC2,0
N#Cc1ccc(NC(=O)COC(=O)CNC(=O)C2CCCCC2)cc1,0
Cc1cc(N2CCOCC2)ccc1/C=C1\NC(=O)N(CC(=O)Nc2ccccc2C)C1=O,0
CS(=O)(=O)N(CC(N)=O)c1ccc2c(c1)OCO2,0
CSc1nc(N2CCOCC2)c2c(c1C#N)CCCCC2,0
Cc1cccnc1NCc1ccc(O)c2ncccc12,0
COc1ccc(C2C(C#N)=C(N)Oc3n[nH]c(C)c32)cc1Cn1cc([N+](=O)[O-])cn1,0
N#Cc1nc(Cc2cccc3ccccc23)oc1NCc1ccc2c(c1)OCO2,0
Cc1ccc(S(=O)(=O)N2CCC(C(=O)NCCc3ccc(S(N)(=O)=O)cc3)CC2)cc1,0
O=S(=O)(c1ccccc1)c1cnc(-c2cccnc2)nc1-c1ccc(Cl)c(Cl)c1,0
O=C(CSc1nnc(-c2ccncc2)n1Cc1ccco1)OC1CCCCC1,0
COc1nc(Nc2ccc(C(C)C)cc2)nc(OC)n1,0
O=C(CSc1nnc(Cc2ccccc2)n1-c1cccc(Cl)c1)N1CCOCC1,0
NS(=O)(=O)c1cccnc1Nc1c(Cl)cccc1Cl,0
O=C(CSc1ccc2c(c1)OCCO2)NCC1CCCO1,0
CCN(CC)CCCN1C(=O)C(O)=C(C(C)=O)C1c1cccc(OC)c1,0
CCOc1ccc(-c2nn[nH]n2)cc1,0
CCCCN1C(=O)NC(=O)/C(=C(/C)Nc2c(C)n(C)n(-c3ccccc3)c2=O)C1=O,0
CCn1cc(Br)c(C(=O)Nc2ccc(C(=O)OC(C)C)cc2)n1,0
Cc1cccnc1-n1c(-c2ccccc2)nc2ccccc2c1=O,0
O=C1OC(Nc2ccc(Br)cc2F)c2ccccc21,0
CC(C)(C)N(NC(=O)c1ccccc1)C(=O)c1ccccc1,0
CCOc1ccc(NC(=O)CN(C)c2nnnn2-c2ccccc2)cc1OCC,0
COc1ccccc1NC(=O)CN1CCCCC1,0
COc1ccc(N2CCCn3c2nc2c3c(=O)n(CCCc3ccccc3)c(=O)n2C)cc1,0
O=C(NCc1cccnc1)c1ccc(COc2cccc3ccccc23)o1,0
CC(=O)NC(C)C(=O)OCC(=O)Nc1ccc(Br)cc1,0
CCCNC(=O)Cc1cc(=O)[nH]c(=O)[nH]1,0
CCOC(=O)c1c(NC(=O)CC(C)C)sc(C(C)=O)c1C,0
CC1(C)CC(=O)C2=C(C1)OC(c1ccncc1)C(C#N)=C2N,0
Cc1cc(C)n(-c2nc3ccccc3[nH]c2=O)n1,0
CCn1nc(C)c(/C=N/NC(=O)c2ccoc2C)c1C,0
CN(C)S(=O)(=O)c1ccc(C(=O)NCCOc2ccc(F)cc2)cc1,0
CC(C)Cn1c(NCCO)nc2ccccc21,0
CSC1=C(C#N)C(c2ccc(C)cc2)C2=C(CCCC2=O)N1,0
O=C(CSc1nc(O)cc(=O)[nH]1)N1CCCc2ccccc21,0
COC(=O)c1ccc(CSc2nc3ccccc3o2)cc1,0
CC1=NN(c2ccccc2)C(=O)C1C(=O)c1ccc(Cl)cc1,0
Cc1cc(C)n(-c2cc(-c3ccccc3)nc(C)n2)n1,0
Cc1ccc(N2C(N)=C(C#N)C(c3cccnc3)C3=C2CCCC3=O)cc1,0
O=S(=O)(NC1CCCC1)c1ccccc1Cl,0
Cc1ccnc2nc(C(=O)OCC(=O)Nc3ccc4c(c3)OC(F)(F)O4)nn12,0
CC(C)=CC(=O)Nc1ccc(Br)cc1,0
Cc1ccc(NC(=O)c2nc[nH]c2C(=O)N2CCCCC2)c(C(=O)c2ccccc2)c1,0
CCCCC(=O)Nc1ccc(N2CCCC2)cc1,0
O=C(OCC(=O)N1CCCC1)c1cncc(Br)c1,0
COc1ccc(N2CCN(CCCNC(=O)Nc3ccccc3C)CC2)cc1,0
CCCCc1nc(N2CCOCC2)c(C#N)c2c1COC(C)(C)C2,0
O=C(O)CCCC(=O)N1CCN(c2nc(-c3ccccc3)c3ccccc3n2)CC1,0
O=C(CN1C(=O)COc2ccccc21)NCCN1CCc2ccccc2C1,0
CCCc1cc(C(N)=O)c(NC(=O)c2cc(C)on2)s1,0
CCOC(=O)C(CSCC(=O)c1ccc(Cl)cc1)NC(=O)OC(C)(C)C,0
CCN(c1ccccc1)S(=O)(=O)c1cc(C(=O)O)ccc1C,0
O=C(NCCCN1CCCC1=O)c1csc2ccccc12,0
Clc1ccc(OCCSc2nnnn2C2CCCCC2)cc1,0
Cc1nnc(NC(=O)C2=CC3=NC(C4CC4)CC(C(F)(F)F)N3N2)s1,0
COc1cc(C2Nc3cccc4cccc(c34)N2)ccc1OC(C)=O,0
O=C(NC1CCCCC1)n1c(=O)oc2cc(S(=O)(=O)N3CCCCC3)ccc21,0
CCn1cc(C(=O)N2CCN(Cc3ccc4c(c3)OCO4)CC2)c2cc(OC)c(OC)cc2c1=O,0
CCCCN(CCCC)CCCNC(=O)C1CC(c2cccc([N+](=O)[O-])c2)=NO1,0
COC(=O)c1nnn(CC(=O)Nc2cccc(Cl)c2C)c1C(=O)OC,0
CCCC1(CCC)NC(=O)N(CC(=O)Nc2cccc(OC)c2)C1=O,0
O=C1Nc2ncccc2OC1CCCl,0
CCOC(=O)C1CCN(C(=O)c2cccc(NC(=O)C(CC)CC)c2)CC1,0
C/C(Cl)=C\Cn1c(Nc2cccc(C)c2)nc2c1c(=O)n(C)c(=O)n2C,0
Cn1nnc(NC(=O)C(c2ccccc2)c2ccccc2)n1,0
COC(=O)c1cccc(NC(=O)CN2CCN(Cc3ccccc3)CC2)c1,0
Cc1cc(NC(=O)CN2CCOCC2)n(-c2nc3ccccc3s2)n1,0
COc1ccc(N(C(=O)c2ccco2)S(=O)(=O)c2ccc(F)cc2)cc1,0
Cc1nc(-c2cccc(NC(=O)c3cc4cc(Br)ccc4oc3=O)c2)cs1,0
CCc1nnc(NC(=O)c2cccc(OC)c2)s1,0
COc1ccccc1C(=O)Nc1c2c(nn1-c1cccc(C)c1C)CS(=O)C2,0
CC(C)N(C(=O)Nc1ccc2nccnc2c1)C(C)C,0
Cc1cc(C)cc(-n2c(C)cc(/C=N/NC(=O)c3cccc([N+](=O)[O-])c3C)c2C)c1,0
CCOC(=O)c1sc(SC)c(C(C)=O)c1C,0
CN1C(=O)N(C)C(=O)C(CCc2ccncc2)(Cc2ccc3c(c2)OCO3)C1=O,0
CC1CN(c2nc3ccccc3nc2C(C#N)C(=O)NCc2ccc3c(c2)OCO3)CC(C)O1,0
Cc1cc(C)n(C(=O)CNC(=O)c2cccs2)n1,0
C/C(NCc1cccnc1)=C1/C(=O)NC(=O)N(C2CCCCC2)C1=O,0
CC(=O)c1cccc(N(C(=O)c2cnccn2)C(C(=O)NCc2ccccc2)c2ccco2)c1,0
CC1CCN(S(=O)(=O)c2ccc(NC(=O)CSc3nnnn3C)cc2)CC1,0
Cc1cc(C)c2oc(=O)cc(CN3CCN(Cc4ccc5c(c4)OCO5)CC3)c2c1,0
Cc1cc(C)n(-c2nc(N(C)C)nc(N(C)C)n2)n1,0
CC(C)OC(=O)CCCN1C(=O)c2ccc(N)cc2C1=O,0
Cc1nc(NC(=O)CCc2ccccc2)ccc1Br,0
O=C(CN1CCN(Cc2ccccc2)CC1)NCC1COc2ccccc2O1,0
CN(C)c1cc(NC(=O)CN2CCOCC2)c2ccccc2n1,0
COc1ccc(C2C(C#N)=C(N)OC3=C2C(=O)CC(C)C3)c(OC)c1OC,0
CCn1c(N2CCC(C)CC2)nc2c1c(=O)n(C)c(=O)n2C,0
COc1ccc(CCN2C(=O)C3CC=C(C)CC3C2=O)cc1OC,0
O=C(CN(C(=O)CCNC(=O)c1ccco1)c1ccccc1)NC1CCCC1,0
Cn1cnc([N+](=O)[O-])c1Sc1ccccc1,0
O=c1[nH]cnc2scc(-c3cccs3)c12,0
Nc1ccc2oc(CCc3ccccc3)nc2c1,0
COc1ccc(S(=O)(=O)n2ccnc2)c2cccnc12,0
Cc1onc(-c2ccccc2)c1C(=O)N1CCc2ccccc21,0
COc1ccc(NC(=O)CN2CCN(C3c4ccccc4-c4ccccc43)CC2)c(OC)c1,0
CCC(CC)COC(=O)C(C#N)c1nc2ccccc2nc1N1CCN(CC)CC1,0
O=C1NC2(CCCCC2)C(=O)N1c1ccccc1,0
C=CCOc1ccc(/C=N/n2cncn2)cc1OC,0
COc1cc2ncnc(NCc3ccccc3)c2cc1OC,0
COc1cc(C2NC(=O)NC(c3ccccc3)=C2C(C)=O)ccc1OCC#N,0
CC(C)=C1C2CCC1C1C(=O)N(NC(=O)COc3ccc(Cl)c(C)c3)C(=O)C21,0
C=CCOC(=O)C1=C(C)NC(SCC(=O)Nc2ccc(C)c(Cl)c2)=C(C#N)C1c1ccco1,0
CCOC(=O)c1ccc(NC(=O)CSc2nnc(-c3ccncc3)n2C)cc1,0
CCCCOC(=O)C1C2C=CC3(CN(C(C)c4ccc(OC)cc4)C(=O)C13)O2,0
O=C(Nc1ccccc1C(=O)NCc1cccnc1)c1ccco1,0
CC(=O)c1c(C)[nH]c(C(=O)N2CCc3ccccc32)c1C,0
Cc1cccc(-n2ncc3c(N4CCc5ccccc54)ncnc32)c1,0
O=C(Nc1ccc2oc(-c3ccncc3)nc2c1)c1ccccc1F,0
COC(=O)c1ccccc1NC(=S)NC(=O)COc1ccc(C)cc1,0
O=C(CN1C(=O)CCS(=O)(=O)c2ccccc21)NCc1ccc(F)cc1,0
COc1ccccc1Cc1noc(C(C)(C)NC(=O)c2ccccc2)n1,0
COc1ccc(-c2oc(NC(C)=O)c(C#N)c2-c2ccc(OC)cc2)cc1,0
Cc1ccc(C)c(-n2c(C)cc(/C=N/NC(=O)c3c(C)nc4cc(C)ccn34)c2C)c1,0
CCOc1ccc(CC(=O)Nc2ccc(S(=O)(=O)Nc3cc(C)on3)cc2)cc1OCC,0
CC(NC(=O)c1nn(C)c(=O)c2ccccc12)c1ccc(F)cc1,0
CC1=C(C(=O)OCc2ccc3c(c2)OCO3)C(c2ccccc2)NC(=O)N1,0
Cc1ccc(-c2nnc(-c3ccccc3)o2)cc1Br,0
O=C(CSc1ncnc2c1nnn2-c1ccc(F)cc1)NCc1ccco1,0
CC(=O)Nc1ccc(S(=O)(=O)Nc2cccc(-c3nc4ccccc4o3)c2)cc1,0
CSc1ccccc1-n1nnnc1SCC(=O)Nc1cc(C)ccc1C,0
Cc1ccc2cc3cc(C(=O)N4CCCCCC4)oc3nc2c1,0
CCOCC(=O)Nc1cccc(Br)c1,0
Cc1ccc(Cl)c(NC(=S)N(CCCN2CCOCC2)Cc2ccco2)c1,0
CC12CC(NC(=O)N1Cc1ccccc1)c1ccccc1O2,0
Cc1ccccc1OCc1nc2ccccc2c(=O)n1NC(=O)c1ccco1,0
CC1(C)Cc2ccccc2-c2nnc(-c3ccccn3)n21,0
Cc1[nH]n2c(=O)c3c(nc2c1-c1ccccc1)CCCC3,0
O=C1c2ccccc2NC(c2ccncc2)N1c1ccccn1,0
CCOC(=O)c1nnc2cc(-c3ccccc3)nn2c1C,0
O=C1C=C(N2CCN(C34CC5CC(CC(C5)C3)C4)CC2)C2(CCCCC2)O1,0
COc1ccccc1NC(=O)C(=O)Nc1ccccn1,0
O=C1c2cccc3cc(Br)cc(c23)C(=O)N1Nc1ccccc1,0
C=CCN(C(=O)CNC(=O)c1ccco1)C(C(=O)NC1CCCCC1)c1ccccc1,0
O=C(NCc1ccccc1)NC(=O)c1ccccc1,0
Cc1ccccc1-n1nc(C)c2cc(C(=O)N3CCOCC3)sc21,0
C/C(=C(\C#N)C(=O)NCc1ccccc1)N(C)C,0
CN(C)S(=O)(=O)c1cccc(C(=O)Nc2cccnc2)c1,0
O=C(NCc1ccco1)C1CCCN(S(=O)(=O)Cc2ccccc2)C1,0
O=C1NCCN1CCNS(=O)(=O)c1ccc2ccccc2c1,0
CC(C)Oc1cccc(C(=O)Nc2ccc(CN3CCOCC3)cc2)c1,0
CNC(=O)C(Sc1nc(C)nc2c1oc1ccccc12)C(C)=O,0
CCOC(=O)c1cc(C)n(Cc2cccc(OC)c2OC)c1C,0
CC(C)(C)c1ccc(C(=O)CSc2nc(=O)c3ccccc3[nH]2)cc1,0
COc1ccc(-c2nc(NC(=O)CSc3nnc(C)s3)ns2)cc1,0
Cc1nc2sc(C(c3ccco3)N3CCN(c4cccc(Cl)c4)CC3)c(O)n2n1,0
Cc1cccc(NC(=O)C2CCCN(C(=O)Nc3ccccc3)C2)c1C,0
COC(=O)c1ccsc1NC(=O)CSc1nnnn1-c1ccccc1SC,0
Cc1cc(C)c(S(=O)(=O)c2c(C)cccc2C)c(Cl)n1,0
CC(=O)c1cc2c(cc1N/C=C\c1nnnn1-c1ccc(C)cc1)OCO2,0
O=C(CCCOc1ccccc1)Nc1cccnc1,0
Cc1cc(C)cc(OCC(=O)NNC(=O)c2cc3ccccc3oc2=O)c1,0
CCC(=O)N(Cc1cc2cc(OC)ccc2[nH]c1=O)c1ccc(C)cc1C,0
CC(C)CC1(C)NC(=O)N(CC(=O)NC(=O)Nc2ccc3c(c2)OCCO3)C1=O,0
O=C(NCCN1CCOCC1)Nc1ccccc1,0
O=C(CSc1ncnc2sc3c(c12)CCCC3)N1CCC(c2noc3ccc(F)cc23)CC1,0
O=C1CC(NC23CC4CC(CC(C4)C2)C3)C(=O)N1c1ccc2c(c1)OCO2,0
CCSc1nnc(C)n1-c1ccc(C(=O)O)cc1,0
OC(COc1ccc2cc(Br)ccc2c1)CN1CCOCC1,0
COc1ccccc1N1CCN(c2nc3ccccc3nc2C(C#N)C(=O)OC(C)C)CC1,0
O/N=C/c1cn(-c2ccccc2)nc1-c1ccc2c(c1)OCCO2,0
O=C(O)c1ccc(S(=O)(=O)c2ccc3c(c2)C(=O)N(Cc2ccco2)C3=O)cc1,0
OCCNCC(O)Cn1ccc2ccccc21,0
Cc1c(C#N)c2ncn(CCCN(C)C)c(=O)c2n1-c1ccccc1,0
Cc1cccc(C)c1-n1c(C)cc(/C=C2\C(=O)NN(c3ccccc3)C2=O)c1C,0
COc1ccc(C(=O)O)cc1S(=O)(=O)N(C)CCc1cccnc1,0
COc1ccc(N2C(=O)C3CCCN3C2c2cccc(Br)c2)cc1,0
Cc1c(NC2=NC3(CCCCC3)Cc3ccccc32)c(=O)n(-c2ccccc2)n1C,0
CCCCN1CCC(C#N)(Nc2ccccc2)CC1,0
NC(=O)C1CCN(c2nc(-c3ccccc3)nc3c2oc2ccccc23)CC1,0
Cc1ccc(NC(=O)C(C)N2C(=O)c3ccccc3C2=O)cc1,0
CCn1nnnc1SCC(=O)NCc1ccc2c(c1)OCO2,0
O=C(NCCN1CCCC1=O)Nc1ccccc1,0
Cc1ccc(C(=O)N(CC(=O)NC2CCCC2)Cc2cccs2)s1,0
CCOc1ccccc1NC(=O)N1CCC(NC(=O)c2ccccc2C)CC1,0
CC(=O)Nc1cccc(Oc2cc(C#N)c(C#N)cc2N2CCOCC2)c1,0
CCn1c(SCC(=O)Nc2cccc(NC(=O)c3cccs3)c2)nnc1-c1ccncc1,0
O=C(O)CCCCCCNS(=O)(=O)c1ccccc1,0
Cn1c(CSCc2ccccc2)nnc1SCC(=O)Nc1nccs1,0
O=C(NCc1ccc2c(c1)OCO2)C(=O)NC1CCCCC1,0
N#Cc1cn(CCOc2ccccc2F)c2ccccc12,0
CC1CCN(c2oc(Cc3cccc4ccccc34)nc2C#N)CC1,0
Cc1nc2c(nnn2Cc2ccccc2)c(=O)n1-c1ccccc1,0
O=C(NC1CCCCC1)N1CCC(c2nc3ccccc3[nH]2)CC1,0
O=C1CCC(C(=O)NCCCn2ccnc2)N1,0
Cc1cccc(C)c1-n1nnnc1C1(Nc2ccccc2)CCCCC1,0
COc1ccccc1NC(=O)Cn1cnc2c(cnn2-c2ccccc2)c1=O,0
Cc1cc(=O)nc(N/N=C/c2ccco2)[nH]1,0
Cc1cc(OCC(=O)NCCN2CCOCC2)cc(C)c1Br,0
CCOC(=O)Cn1c(=O)oc2cc(S(=O)(=O)NC(C)c3ccccc3)ccc21,0
COc1cccc(C(=O)c2c[nH]c(C(=O)NCc3ccco3)c2)c1,0
O=S(=O)(O)c1nc2ccccc2n1Cc1ccccc1,0
CCCCn1c(CNC(=O)C23CC4CC(CC(C4)C2)C3)nnc1SCC(=O)Nc1nnc(C)s1,0
CCCCC1(Cc2cccc([N+](=O)[O-])c2)C(=O)N(c2ccccc2)N(c2ccccc2)C1=O,0
CCN1C(=O)CC(N2CCN(c3ccc(OC)cc3)CC2)C1=O,0
Cc1ccc(C)c(NC(=O)C2CC3c4ccccc4C2c2ccccc23)c1,0
CN1C(=O)C(O)(CC(=O)c2ccccn2)c2cc(Br)ccc21,0
NC(=O)c1ccccc1N/C=C/C(=O)c1ccccc1,0
COc1ccccc1NC(=O)N1CCCC1C(=O)NCc1ccccc1,0
N#Cc1nc(Cc2cccc3ccccc23)oc1NCc1ccc(F)cc1,0
CC(=O)c1noc(C)c1C(=O)Nc1nccs1,0
COc1ccccc1NC(=O)CSc1nnc(C)o1,0
COc1ccc(C(=O)NCC2OCCc3ccccc32)c(O)c1,0
CCn1c(COc2ccccc2C(N)=O)nc2ccccc21,0
CCOc1cc(/C=N/NC(N)=O)cc(Br)c1OCC(=O)Nc1cccc2ccccc12,0
O=S(=O)(c1ccccc1)N1CCC(O)(CSc2ccc(Cl)cc2)CC1,0
Cc1ccc(Nc2nc(N)nc(CSC(=S)N3CCOCC3)n2)cc1,0
CCN1C(=O)CS/C1=N\C1C2CC3CC(C2)CC1C3,0
COc1ccc(/C=N/NC(=O)CCN2CCN(c3ccccc3)CC2)cc1OC,0
Cn1c(CNC(=O)Nc2ccccc2Cl)nnc1SCc1ccccc1,0
CCOC(=O)CNC(=O)CSc1nc2nc(C)c(Br)cc2[nH]1,0
COC(=O)c1[nH]c2cc(OC)ccc2c1NC(=O)CN1CCN(c2cccc(C)c2)C(C)C1,0
COc1ccc(C(=O)CSc2n[nH]c(N)n2)cc1,0
CC(C)OC(=O)CSc1nnc(-c2ccncc2)n1N,0
O=c1[nH]c(SCc2n[nH]c(=S)n2-c2ccccc2)nc2sc3c(c12)CCC3,0
O=C(CSc1ccc(Cl)cc1)Nc1cccc(-c2nc3ncccc3o2)c1,0
Cc1ccc(SC(C)C(=O)Nc2cccnc2)cc1,0
Cc1cc(C(=O)Nc2cccnc2Cl)on1,0
Fc1cccc(F)c1CSc1nc2ccccc2[nH]1,0
O=C(NCc1cccs1)C1CC(=O)N(c2ccccc2)C1,0
CCCCn1c(SCC(=O)Nc2nnc(C)s2)nnc1-c1ccoc1C,0
CC(=O)Nc1cnn(Cc2ccc(Br)cc2)c1,0
COc1cccc(CNc2ncnc3cc(OC)c(OC)cc23)c1,0
CCC(C)NC(=O)CN(c1ccc2c(c1)OCO2)S(=O)(=O)c1c(C)n[nH]c1C,0
O=C(CCC1CCCC1)Nc1ccc(Br)cn1,0
Cc1nn(CC(=O)O)c(C)c1Cl,0
Cc1cccc(C)c1NC(=O)C(=O)NCc1ccccn1,0
CCN1CCCC1CNC(=O)CSc1cc(=O)n(CC)c2ccccc12,0
O=C1c2ccccc2C(=O)N1Cc1nc2ccccc2c(=O)n1CCCN1CCOCC1,0
COc1ccc(C2CC(C(F)(F)F)N3NC(C(=O)NCc4cn(C)nc4C)=C(Cl)C3=N2)cc1,0
CC1CCCN(C(=O)c2ccc(CNc3c(N4CCCCC4)c(=O)c3=O)cc2)C1,0
O=C(Nc1ccccc1)NC1(C(=O)NCc2ccc3c(c2)OCO3)CCCCC1,0
CCOC(=O)Cn1c(=O)c2c(nc(Br)n2Cc2ccccc2)n(C)c1=O,0
CCC(C)NC(=O)c1ccccc1NC(=O)COc1ccc(OC)cc1,0
O=C(CSc1nc2ccccc2[nH]1)c1ccco1,0
CCn1c(SCC(=O)N2CCC(C)CC2)nnc1-c1ccc(S(=O)(=O)N2CCN(C)CC2)cc1,0
O=C(NCC1CCCO1)C1CCN(C(=O)c2ccc(Br)cc2)CC1,0
CN(C)c1ccc(C(=O)OCc2ccc(Br)cc2)cc1,0
O=C(CSc1nnc(-c2ccccn2)n1Cc1ccco1)c1ccc(Cl)cc1,0
CC1(C)SC(=S)N(Cc2ccc3c(c2)OCO3)C1N(O)C(=O)NC1CCCCC1,0
Cc1c(-c2nc(N)nc(Nc3ccccc3F)n2)oc2ccccc12,0
Cc1cc(C)n2ncc(C(=O)NCCc3ccccc3)c2n1,0
Cc1ccc(OCC(=O)Nc2cccc(O)c2)cc1C,0
O/N=C1C(=C\c2ccccc2)/N2CCC/1CC2,0
c1ccc(CNc2ncnc3c2oc2ccccc23)nc1,0
COc1ccccc1CNC(=O)c1cccc(N(C)C)c1,0
CCOC(=O)c1c(C)oc2ccc(OCC(N)=O)cc12,0
Cc1cc(C)c2c(CC(=O)Nc3nccs3)coc2c1,0
NC(=O)CSc1nnc(Cc2csc(Nc3ccc(F)cc3)n2)n1Cc1ccccc1,0
Cc1cc([N+](=O)[O-])nn1CC(=O)NCc1cccs1,0
CCCCC(=O)NC(=S)Nc1cccc(NC(=O)CC)c1,0
CCCC1c2ccc(C)n2CCN1C(=O)Nc1ccc(F)cc1,0
Cc1sc2ncn(CC(=O)NCc3ccccn3)c(=O)c2c1S(=O)(=O)N1CCOCC1,0
Cc1ccc2[nH]c3c(=O)n(CCC4=CCCCC4)cnc3c2c1,0
COc1ccc(-c2cc(C(N)=O)nc(N3CCCCCC3)n2)cc1,0
O=C(CCS(=O)(=O)c1ccc(Br)s1)NC1CCCC1,0
Cc1ccc(-c2cnc(N)n2C)cc1C,0
Cc1nnsc1S(=O)(=O)Cc1ccccc1Cl,0
CCOC(=O)N(C)OC(=O)Nc1ccc(Cl)c(Cl)c1,0
COc1cc(/C=N/NC(=O)c2cccc([N+](=O)[O-])c2)ccc1OCc1ccccc1,0
CCc1ccc(NC(=O)Cn2c(=O)n(CCCC(=O)NCc3ccco3)c(=O)c3ccccc32)cc1,0
CSc1ccc(S(=O)(=O)Nc2ccc(F)cc2)cc1,0
CCOc1ccc(S(=O)(=O)Nc2cc(C)ccn2)c2ccccc12,0
COc1ccc(N2C(=O)CC(N3CCC(c4nc5ccccc5[nH]4)CC3)C2=O)cc1,0
COc1ccc(S(=O)(=O)N2CCCC(C(=O)Nc3cccnc3)C2)cc1Cl,0
CC1=CC(=O)C=C(C)C1=NOS(=O)(=O)c1ccccc1,0
N#Cc1c(C(F)(F)F)cc(-c2ccccc2)nc1SCC(=O)Nc1sc2c(c1C#N)CCC2,0
COc1ccc(C(=O)COC(=O)CCNC2=NS(=O)(=O)c3ccccc32)cc1OC,0
O=C(CCSc1nc2ccccc2o1)N1CCOCC1,0
CCOC(=O)CSc1nc(Nc2ccc3c(c2)OCO3)c2ccccc2n1,0
CC(=O)Nc1nc2nc(-c3ccccc3)cc(-c3ccccc3)n2n1,0
Cc1c(Cl)c(C(F)(F)F)nn1CC(=O)NCc1ccccc1,0
COc1ccccc1NC(=O)Cn1c(=O)sc2ccccc21,0
Cc1cc(-c2ccccc2)n2nc(C)c(C#N)c2n1,0
O=C(NCc1ccccc1C(F)(F)F)C1CC(c2ccccc2[N+](=O)[O-])=NO1,0
Cc1cc(NS(=O)(=O)c2ccc(Nc3nc(-c4sc(N)nc4C)cs3)cc2)no1,0
Cc1nn2c3ccccc3n(Cc3ccccc3)c2nc1=O,0
NC(=O)c1cc(-c2ccccc2)nc(Oc2ccccc2)n1,0
COc1cccc(-n2c(Cc3cc(=O)[nH]c(=O)[nH]3)nnc2SCC(=O)N2CCCCCC2)c1,0
Cc1nnc(NC(=O)CSc2nc(C(C)C)nc3sc(C)c(C)c23)s1,0
CC(C)C(=O)Nc1ccc(-c2nc3cccnc3o2)cc1,0
O=C(CCc1ccccc1)NC(=S)Nc1cc(C(F)(F)F)ccc1N1CCOCC1,0
COC(=O)c1cc(C(=O)CSc2nc(C)cc(C)n2)ccc1O,0
Cc1c(C(=O)NCC2COc3ccccc3O2)oc2ccc(S(=O)(=O)N3CCOCC3)cc12,0
CCOC(=O)C1=C(C)NC(=O)NC1C,0
O=C(NCc1ccco1)c1ccccc1Br,0
Cc1ccc(S(=O)(=O)Nc2ccccc2CNc2c(C)n(C)n(-c3ccccc3)c2=O)cc1,0
O=C(Cn1c(CN2CCCCC2)nc2ccccc2c1=O)NCc1ccco1,0
COc1ccccc1NC(=O)CSc1nc(C)c2c(c1C#N)CCCC2,0
Nn1c(SCC(=O)N2CCOCC2)nnc1-c1ccccc1Cl,0
CN1C(=O)CSc2ccc(C(=O)O)cc21,0
O=C1NC(=S)N/C1=C\c1cccc([N+](=O)[O-])c1,0
CCCC(=O)Nc1cccc(Oc2nc(C)cc(C)c2C#N)c1,0
Cc1nc([N+](=O)[O-])nn1C12CC3CC(CC(Br)(C3)C1)C2,0
Cc1cc2ncn(C(=O)N3CCCCC3)c2cc1C,0
COc1c(O)cccc1-c1nnn(CCC(=O)OCC(=O)c2ccccc2)n1,0
COc1ccc(C(=O)Nc2ccccc2-c2nnn(CC(=O)Nc3ccc4c(c3)OCCO4)n2)cc1,0
CCN(CC)S(=O)(=O)c1ccc(C(=O)Nc2cccc(C)c2)cc1,0
O=C(CS(=O)(=O)Cc1ccccc1)N1CCc2ccccc21,0
C=CCNc1nc(Nc2ccc(OC)cc2)nc(OC)n1,0
Cc1cc(C)nc(N2CCCC(C(=O)NCCc3ccc(F)cc3)C2)n1,0
COc1ccc(Nc2oc(COc3cccc(C)c3)nc2C#N)cc1,0
CCOC(=O)c1ccc(NC(=O)N2CCN(CCc3ccccc3)CC2)cc1,0
O=C(CCc1nc(-c2ccccc2)no1)NCc1ccco1,0
COc1ccc(C(=O)Nc2nc(-c3ccc([N+](=O)[O-])cc3)c(-c3ccccc3)s2)cc1,0
CCCCOc1ccc(CN2CCN(CCO)CC2)cc1,0
CCCCNC(=O)COC(=O)c1ccc(Cl)c(S(=O)(=O)N2CCCC2)c1,0
O=C(Nc1cccc(Br)c1)c1ccc(CSc2ccccc2)cc1,0
COc1ccc(C(=O)c2ccc(N(C)C)cc2)c2ccccc12,0
Cc1nc(S/C(=C/c2ccc(-c3ccc(Cl)cc3)o2)C(=O)O)n[nH]1,0
COc1ccc(C2C(C#N)=C(N)SC(N)=C2C#N)cc1OC,0
Cc1ccccc1C(=O)NNC(=O)Cc1ccccc1,0
CC(=O)Nc1ccc(NC(=O)C2CC(=O)N(c3cccc(C)c3C)C2)cc1,0
CCC(=O)c1ccccc1OCCSc1nc(=O)cc(C)[nH]1,0
CCOc1ccc(S(=O)(=O)NCC(=O)N(C)Cc2cccnc2)cc1,0
CCOC(=O)C(=O)NCc1ccc(/C=C2\C(=O)C(C(=O)OC)=C(C)N2c2ccc(C)c(C)c2)o1,0
Cc1ccc(S(=O)(=O)N2CCN(C(=O)c3ccccc3)CC2)cc1,0
CCCS(=O)(=O)c1snnc1C,0
O=C(Nc1ccccc1Oc1ccccc1)c1ccc(Br)o1,0
COc1cc(C)ccc1OCCOCCOc1ccccc1Br,0
Cc1cc(C)c(C#N)c(NCCCN2CCOCC2)n1,0
CCOC(=O)Cc1[nH]nc2c1C(C1C=CCCC1)C(C#N)=C(N)O2,0
CC(=O)Oc1ccc2oc(=O)c3c(c2c1)CCCN3C(=O)CN1CCN(c2ncccn2)CC1,0
Cc1ccc(C(=O)O)c(C(=O)Nc2nc(C)cs2)c1,0
Nc1ccc2oc(-c3cccc4ccccc34)nc2c1,0
O=C(NCCC1=CCCCC1)C1CCN(C(=O)Nc2ccccc2)CC1,0
Cc1ccc(NC(=O)CCn2cnc3cc(C)c(C)cc32)cc1,0
CC(=O)Nc1ccc(Cc2ccncc2)cc1,0
CC(C)c1nc(N2CCN(C(=O)c3ccccc3)CC2)c(C#N)c2c1COC(C)(C)C2,0
CCC/C(Nc1ccc(N)cc1)=C1/C(=O)CC(C)(C)C(C(=O)OC)C1=O,0
COc1cc(C)c(S(=O)(=O)Nc2ccccc2F)cc1C,0
COc1ccccc1CNC(=O)c1cnccn1,0
Cc1cc(C)nc(NCCCN2CCOCC2)n1,0
CSc1cccc(NC(=O)COc2ccccc2)c1,0
CC(Oc1ccc(Cl)cc1)c1ccnn1S(=O)(=O)c1ccccc1,0
O=C(O)COc1ccc(NC(=O)c2cccs2)cc1,0
CCC(=O)Nc1cccc(NC(=O)c2ccc3c(c2)OCO3)c1,0
Cc1ccc(NC(=O)N2CCC(C(N)=O)CC2)cc1,0
CC1CCCCN1C(=O)COC(=O)c1n[nH]c2ccccc12,0
O=c1nc(Nc2ccccc2)[nH]c(N2CCCCC2)n1,0
O=C(Nc1ccc2nc[nH]c2c1)c1ccco1,0
O=C(NC(=S)NC1CC1)c1cccnc1,0
C=CCn1c(=O)c2c(nc(Br)n2Cc2ccccc2Cl)n(C)c1=O,0
Cc1ncoc1C(=O)Nc1ccccc1-c1ccccc1,0
Cc1cc(C)c(NC(=O)C2CSCCS2)c(C)c1,0
Cc1ccc(-c2sc(C)nc2CC(=O)O)cc1,0
O=C(NCc1cccnc1)NC1CCCN1S(=O)(=O)c1ccc(Cl)cc1,0
O=C(OCCNC1=NS(=O)(=O)c2ccccc21)C1CC(=O)N(c2ccc(Cl)cc2)C1,0
Cc1ccc(C2CC(=O)NC(SCc3ccccc3)=C2C#N)cc1,0
O=C(Nc1ccc(Br)cc1)c1cccnc1N1CCCCC1,0
COC(=O)CSc1n[nH]c(-c2cccnc2)n1,0
O=C(NCc1ccco1)C(c1ccccc1)N(CC1CCCO1)C(=O)Cn1nnc2ccccc21,0
CCOCCCn1cnc2c(c1=O)c1nc3ccccc3nc1n2-c1ccc(C)cc1,0
COc1ccc(CCn2c(=N)c(C(=O)NCc3ccco3)cc3c(=O)n4cccc(C)c4nc32)cc1,0
Cc1ccc(C)c(S(=O)(=O)Nc2ccc(O)cc2)c1,0
COc1ccc2nc(N3CCC(C)CC3)c(C#N)cc2c1,0
Cc1nc2cccc3cccc([nH]1)c32,0
Cc1cc2cc(CN(CC3CCCO3)C(=O)c3cnccn3)c(=O)[nH]c2cc1C,0
O=C(Nc1nc2ccccc2n1CCN1CCCCC1)C1CCCCC1,0
COc1ccc(CCNC(=O)C(=O)NCc2ccc(C(C)C)cc2)cc1OC,0
Cc1nn(-c2ccccc2)c(C)c1/C=N/NC(=O)c1cc(C23CC4CC(CC(C4)C2)C3)[nH]n1,0
CCc1c(C)nc2ncnn2c1NCCc1ccc(OC)cc1,0
CCN(CC)S(=O)(=O)c1csc(C(=O)NC2CCCCC2)c1,0
CCOC(=O)Cn1c(=O)n(Cc2ccco2)c(=O)c2ccc(C(=O)NCCc3ccccc3)cc21,0
O=C(Nc1cccc2ccccc12)OC1C=CS(=O)(=O)C1,0
CC(=O)CSc1ncnc2c1oc1ccccc12,0
O=C(Nc1c2c(nn1-c1ccc(F)cc1)CSC2)c1ccc(S(=O)(=O)N2CCOCC2)cc1,0
COc1cc(OC)c(C(=O)NC2CC(C)(C)NC(C)(C)C2)cc1OC,0
CCOC(=O)CC(=O)CSc1ncnc2c1oc1ccccc12,0
CC(=O)c1cccc(NC(=O)N2CCCc3ccccc32)c1,0
COc1ccc(CCNC(=O)c2c(O)n3c4c(cccc4c2=O)CC3)cc1,0
COc1ccc(Cl)cc1C(=O)CSc1nnnn1C1CCCC1,0
CC(C)c1ccc(CNc2ccc(N3CCOCC3)cc2)cc1,0
CCC(C)C(NC(=O)OC(C)(C)C)C(=O)N/N=C/c1cccc2nccnc12,0
Cc1ccc(CCNS(=O)(=O)c2ccc(C)cc2)cc1,0
CCc1nc2ccccc2c(C(=O)OCC(=O)NCc2ccco2)c1C,0
NC(=O)CSc1nnc(CNc2cccc(Cl)c2)n1CCc1ccccc1,0
CC(NC(=O)C(=O)NN=C1CCCCCCCCCCC1)c1ccccc1,0
CNC(=O)c1ccccc1-c1ccccc1,0
O=C1CCCN1C(=O)CCC(=O)N1CCCC1=O,0
C=CCN1CC(=O)C(c2ccccc2)=C1N,0
O=C(NCc1cccs1)C1CCN(c2nccs2)CC1,0
COc1ccc(C(C)C)cc1S(=O)(=O)Nc1ccccn1,0
Cc1ccc(-n2c(C)cc(/C=N/NC(=O)c3ccncc3)c2C)cc1,0
O=C(c1ccc(N2CCNCC2)cc1)c1cccnc1,0
C=C(Br)Cn1c(CC)nc2ccccc21,0
Cc1noc(C)c1CSc1ncnc2ccccc12,0
Nn1c(-c2ccccc2Cl)nnc1-c1ccccc1Cl,0
O=C(NCc1cccnc1)/C(=C/c1ccc(-c2cccc(Cl)c2)o1)S(=O)(=O)c1ccccc1,0
Cc1ccc(OCC(=O)Nc2sc3c(c2C#N)CCC3)cc1,0
CCC(=O)Nc1ccc2c(c1)ncn2-c1ccccc1OC,0
CC1(C)OC(=O)N(c2ccccc2)C12C=Cc1cc(Br)ccc1O2,0
CCOC(=O)C1=C(CNC2CCCCC2)NC(=O)NC1c1cc(C)ccc1C,0
N#Cc1c(NC(=O)COC(=O)c2ccc(F)cc2)sc2c1CCC2,0
CN(C)C(=O)CCc1nc(-c2ccc(C(C)(C)C)cc2)no1,0
Cc1ccnc2nc(C(=O)Nc3nccs3)nn12,0
COC(=O)c1ccc(OCC(O)CN(CCO)CCO)cc1,0
O=C(Cc1ccccc1)N/N=C/c1ccc(Br)o1,0
O=C(C1CCCN(S(=O)(=O)c2cnc[nH]2)C1)N1CCN(Cc2ccccc2)CC1,0
Cc1cccc(C)c1NC(=O)CN1C(=O)S/C(=C\c2cccn2-c2cccc(C(=O)O)c2)C1=O,0
COc1ccc(C(=O)Cn2nnc(-c3ccccc3NC(=O)c3ccco3)n2)cc1,0
Cn1ncc(C#N)c1/N=C/N1CCCCCC1,0
CCC(=O)N1CCN(CCNC=C2C(=O)CC(c3cccs3)CC2=O)CC1,0
CC(C)NC(=O)c1n[nH]c(=O)c2ccccc12,0
COc1ccc(-c2cc(C(=O)NCc3cccnc3)no2)cc1,0
CC(=O)Nc1nc(SCCCc2ccccc2)n[nH]1,0
COc1ccccc1Nc1nc(=O)[nH]nc1C,0
COc1ccccc1/C=N/n1c(N)c(S(=O)(=O)c2cccs2)c2nc3ccccc3nc21,0
CCCCCCn1cnc2c(c1=O)c1nc3ccccc3nc1n2/N=C/c1ccco1,0
COCCNC(=O)c1cc2cc(Br)cc(OC)c2oc1=O,0
CCOc1ccc(S(=O)(=O)Nc2cccc(N(C)S(C)(=O)=O)c2)cc1,0
COc1cccc(C2C3=C(N=C4SCC(=O)N42)c2ccccc2CC3)c1OC,0
COc1cc(NC(=O)N2CCOCC2)cc(OC)c1,0
O=c1ccnc(NCCc2ccccc2)[nH]1,0
Cc1cc(C)nc(N2CCC(C(=O)Nc3ccc4c(c3)OCO4)CC2)n1,0
C=CCSC1=C(C#N)C(c2ccccc2Cl)CC(=O)N1,0
COc1ccc(OCCNC(=O)c2ccccc2OCC(=O)N2CCCCC2)cc1,0
Cn1c(CNC(=O)Nc2cccc(Cl)c2)nnc1SCc1ccccc1,0
CN1CCN(c2ccc([N+](=O)[O-])cc2C(=O)c2ccc(Cl)cc2)CC1,0
Cc1ccc(NC(=O)c2c(C)noc2C)cc1,0
CC1=C(C(=O)OC2CCCCC2)C(c2ccc(C)o2)C2=C(CC(C)(C)CC2=O)N1,0
Cn1c(-c2ccc(CN3CCCCC3)o2)nc2ccccc21,0
COc1ccc(NC(=O)c2c(C(F)(F)F)nn(C)c2SCc2ccccc2)cc1,0
COc1ccc(-c2c(Cl)nc(NCc3ccccc3)c(=O)n2-c2ccccc2)cc1OC,0
COc1ccccc1NC(=O)CN1C(=O)NC(C)(C)C1=O,0
CNS(=O)(=O)c1cccc(C(=O)NCC(c2cccs2)N(C)C)c1,0
Cc1cc2ncn(N)c2cc1C,0
CCOc1ccc(-c2nc(C#N)c(N3CCCCCC3)o2)cc1,0
CC1(c2ccccc2)NC(=O)N(CCN2C(=O)c3ccccc3C2=O)C1=O,0
Cc1ccc(OCC(=O)Nc2ccc(-c3nc4ncccc4o3)cc2)cc1,0
O=C(O)CN1C(=O)CC(Cc2ccccc2)C1=O,0
COc1ccccc1N1CCN(C(=O)Oc2ccccc2)CC1,0
Nc1nncn1C(=O)c1cccs1,0
COc1ccccc1NC(=O)C1CCCN1C(=O)NCc1ccccc1,0
CCOC(=O)c1c(C)oc2ccc(O)c(CN3CCCCC3)c12,0
CCCN1CCC(NC(=O)CC#N)CC1,0
COC(=O)C1=C(C)N(c2ccc(C)c(C)c2)/C(=C/c2cccs2)C1=O,0
COc1cc2c(cc1OC)-c1nc3ccccc3c(=O)n1C(C)(C)C2,0
CCC(C)(C)NC(=O)C(c1cccn1C)N(Cc1ccccc1)C(=O)Cn1nnc2ccccc21,0
CCN1C(=O)CSc2ccc(C(=O)NC3CCCCC3)cc21,0
N#Cc1nc(Cc2ccccc2)oc1NCCN1CCOCC1,0
COc1ccc2[nH]c(=O)c(CN(CCc3ccccc3)C(C)=O)cc2c1,0
COc1ccc2nc3oc(C(=O)NC4CCN(Cc5ccccc5)CC4)cc3cc2c1,0
Nn1c(Nc2ccccc2)nc2ccccc2c1=O,0
O=C1C(Cl)=C(NCC2CCCO2)C(=O)N1c1cccc(Cl)c1Cl,0
Cc1cccc(OCCn2c(NC(=O)c3ccco3)nc3ccccc32)c1,0
CC(=O)Nc1nnc(SCC(=O)N2CCN(Cc3ccccc3)CC2)s1,0
COc1ccc(NCc2cc3cc(OC)ccc3[nH]c2=O)cc1,0
Cc1nc2scc(-c3cccs3)c2c(=O)o1,0
CCOC(=O)COc1ccc(S(=O)(=O)c2ccc(OCC(=O)OCC)cc2)cc1,0
COc1ccccc1CN1CCN(C(=O)c2ccncc2)CC1,0
COc1ccc(NC(=O)c2cc(C(C)C)on2)cc1OC,0
Cc1cc(C)n(CC(=O)Nc2ccccc2)n1,0
CCc1nnc(NC(=O)C2c3ccccc3Oc3ccccc32)s1,0
COC(=O)c1nn(-c2c(C)n(C)n(-c3ccccc3)c2=O)cc1O,0
Nc1nc(SCC(=O)NCCC(c2ccccc2)c2ccccc2)n[nH]1,0
Cc1cc(O)c(NC(=O)c2ccco2)cc1C,0
O=C(Nc1ccc2c(c1)OCO2)c1cncc(Br)c1,0
COc1cc(CNC2CCCC2)cc(OC)c1,0
CCC(=O)Nc1ccccc1C(=O)OCC(=O)c1cccc2ccccc12,0
COc1ccccc1N1CCN(C(=O)CSc2nnc(NC(=O)c3ccco3)s2)CC1,0
CC(=O)Nc1nonc1NC(=O)CSc1ccccn1,0
COc1ccc(N2CCN(C(=O)c3ccc(C)cc3Cl)CC2)cc1,0
O=C1C=C/C(=C/NNc2nccs2)C=C1[N+](=O)[O-],1
Cc1c(C(=O)O)oc2ccc(S(=O)(=O)NCc3ccccc3)cc12,0
S=c1[nH]nc(-c2ccc3ccccc3n2)o1,0
CCCCN(CCCNC(=O)c1ccc2nc(N3CCOCC3)sc2c1)Cc1ccccc1,0
CCOc1ccccc1NC(=O)C(=O)NCC1CCCN1CC,0
CCOc1cc(/C=N/NC(=O)CNc2ccc(C)cc2)ccc1OC(=O)c1ccccc1,0
CC(C)(C)C1CCc2c(sc3nc(SCC(N)=O)nc(N)c23)C1,0
CSc1ccccc1NC(=O)CSCc1ccccc1Br,0
O=c1cc(CNCCCO)c2ccccc2[nH]1,0
Cc1[nH]n(-c2ccccc2)c2nc(=O)c(CNc3ccc4c(c3)OCCO4)cc1-2,0
Cc1ccccc1OCC(=O)Nc1cccc2nsnc12,0
Cn1c(CN2CCCC2)nc2cc(NS(=O)(=O)c3ccc(Cl)cc3)ccc21,0
CCc1cc2cc(C)cc(C)c2nc1SCC(=O)N1CCCC1,0
Cn1c(-c2ccc3ccccc3n2)nc2cnccc21,0
c1coc(-c2nnc3n2C2(CCCC2)Cc2ccccc2-3)c1,0
CC(C)(C)C(=O)CSc1nccc(=O)[nH]1,0
C/N=C/c1c(NC)nc2c(C)cccn2c1=O,0
COc1cccc(NC(=O)CSc2nncn2N)c1,0
COc1ccc(CCN2C(=O)NC(=O)/C(=C\NCCCn3ccnc3)C2=O)cc1OC,0
CCOC(=O)N1CCN(Cc2nc(-c3ccc(OC)cc3)no2)CC1,0
CC(=O)Nc1ccccc1NS(=O)(=O)c1ccc(C)cc1,0
C/C(=N\Oc1nc(C)cc(C)n1)c1ccc(F)cc1,0
CCCC(=O)c1ccc(N2CCN(C(=O)c3ccccc3)CC2)c(F)c1,0
CCCC1C(C#N)=C(N)Oc2cc(C)n(C)c(=O)c21,0
COC(=O)c1ccccc1NC(=O)NCc1ccccn1,0
O=c1c2ccccc2oc2nc(C3CCCCC3)n(Cc3ccco3)c(=O)c12,0
CC(C)C(NC(=O)Nc1ccc(Oc2ccccc2)cc1)C(=O)O,0
CCCN1C(=O)c2ccc(C(=O)Nc3nccs3)cc2C1=O,0
CC(=O)NC(C)(C)C1CC=C(C)/C(=N/O)C1,0
CCN(CC)S(=O)(=O)c1cccc(-c2nnc(SCC(=O)NC3CCCCCC3)n2N)c1,0
COC(=O)c1cccc(OCC(O)Cn2cnc3cc(C)c(C)cc32)c1,0
COc1ccc(S(=O)(=O)Nc2nc3ccccc3s2)cc1,0
CCOC(=O)N1CCC(NC(=O)c2cc3c(C)nc4ccccc4c3o2)CC1,0
CCOc1ccc(NC(=O)CC2C(=O)N(c3ccccc3)C(=O)N2Cc2ccccn2)cc1,0
O=C(Cn1cnc2ccccc21)NCCCN1CCOCC1,0
COc1ccc(C(=O)c2oc3ccccc3c2N)cc1,0
Cc1cc(=O)n2[nH]c(-c3ccccc3Cl)cc2n1,0
CN(C)CCCCNCCCNC(=O)/C=N/O,0
OC(CN1CCOCC1)Cn1c(-c2cccc(Cl)c2)nc2ccccc21,0
COc1ccc(-c2nnnn2CCc2ccccc2)cc1,0
CCc1c(C)sc(NC(=O)c2cc(C)on2)c1C#N,0
CN(C)c1cccc(C(=O)OCC(=O)NCc2ccco2)c1,0
COc1ccc(OC)c(NC(=O)CCN2CCCCC2)c1,0
CC1(C)CC(=O)c2cc(OCC(=O)NCCCN3CCN(c4ccc(F)cc4)CC3)ccc2O1,0
COc1cc(OC)c(CN2CCCCCCC2)cc1Br,0
Cc1ccc(Cn2nnc(C(=O)Nc3cc(C)ccc3C)c2N)cc1,0
CCCCN1C(=O)NC(=O)/C(=C(/CC)NCCN2CCOCC2)C1=O,0
C=CCSC1=C(C#N)C(c2ccccc2)CC(=O)N1,0
CCc1c(C(=O)Nc2cc(C)ccc2OC)[nH]c(C)c1C(C)=O,0
O=C(Nc1nc2c(s1)CCCC2)Oc1ccccc1,0
O=C(NCC1CCCO1)c1nc2n(Cc3ccccc3Cl)[nH]nc-2c(=O)n1,0
Cc1cc(NC(=O)C2CC(c3cccc(Br)c3)=NO2)no1,0
CC(=O)N(Cc1c(C#N)c2ccccc2n1C)c1ccccc1,0
C=CCn1c(CCNC(=O)c2ccccc2F)nnc1SCC(=O)Nc1nc2ccccc2s1,0
C=CCn1c(-c2ccc(N)cc2)nc2ccccc21,0
COc1ccc(NC(=O)C2C(=O)N(C)C3(C)CC2c2ccccc2O3)cc1,0
O=C(NC1CCCCCC1)C1CCN(C(=O)Cc2ccccc2)CC1,0
O=c1nc(-c2cccnc2)[nH]c2ccccc12,0
CN1C2C=C3C(C#N)=C(N)C(C#N)(C#N)C(c4ccc(Cl)cc4)C3C1CC2,0
COCCCNC(=O)c1ccc(Cn2c(=O)c3ccccc3n(Cc3ccccc3C#N)c2=O)cc1,0
COc1ccc(C(=O)N(CN2CCCC2=O)c2ccc(C)cc2)cc1,0
CC(C)(C)C(=O)Nc1cccc(-c2nnc(-c3cccc(NC(=O)C(C)(C)C)c3)o2)c1,0
Cc1c(NC(=O)c2ccc(COc3ccc4ccccc4c3)o2)c(=O)n(-c2ccccc2)n1C,0
Cc1nn(Cc2ccccc2)c(C)c1CCC(=O)O,0
COc1cccc(C(=O)Nc2nc(=O)c3c([nH]2)CCCC3)c1,0
O=C(NCc1nc2ccccc2[nH]1)c1ccco1,0
COc1cccc(/C=N/n2c(-c3ccco3)nc3ccccc3c2=O)c1,0
COc1ccccc1N1CCN(CC(O)COc2ccc3c(C)cc(=O)oc3c2)CC1,0
O=C(Nc1ccc2nc(-c3ccccc3)[nH]c2c1)c1ccco1,0
COc1ccc(NC(=O)Cn2c(-c3ccc(OC)cc3)cn(-c3ccc(C)cc3)c2=O)cc1,0
COc1ccc(Cn2cc3c(-c4ccc(F)cc4)nnc-3c3cc(OC)c(OC)cc32)cc1,0
COC(=O)C1=C(C)N(C)C(=O)/C1=C\c1cccs1,0
COCC(=O)Nc1ccc(C(N)=O)cc1,0
CCn1cc(C2Nc3ccccc3C(=O)N2O)c(C)n1,0
COC(=O)c1ccc(/C=N/NC(=O)c2cccc(F)c2)cc1,0
CCC(C)(C)NC(=O)C(c1ccc(OC)cc1)N(Cc1ccco1)C(=O)CCC(=O)Nc1cc(C)on1,0
CS(=O)(=O)Nc1ccccc1C(=O)c1ccccc1,0
Cc1cc(NC(=O)COC(=O)c2c(C)nn(Cc3ccccc3)c2C)no1,0
CC(=O)CSc1nnc(-c2ccc3c(c2)OCO3)o1,0
CCOc1ccc(C2CC(=O)NC(SC)=C2C#N)cc1,0
COc1ccc(C2C3=C(CC(C)(C)CC3=O)Oc3ncn(Cc4ccco4)c(=N)c32)cc1,0
CCOc1ccc(C(=O)Nc2cc(C)on2)cc1OCC,0
C=CCOC(=O)C1=C(C)NC(SC)=C(C#N)C1c1ccc(OCC)cc1,0
NC(=O)C1CCCN(C(=O)NC2CCCCC2)C1,0
Cc1cc(C)c(C#N)c(SCc2[nH]nc3c2C(c2ccccc2)C(C#N)=C(N)O3)n1,0
Cc1cccc(N(CC(=O)NCc2ccccc2)C(=O)Cn2nnc(-c3ccc(C)o3)n2)c1,0
Cc1occc1C(=O)NCc1ccccn1,0
CN1CCN(CC(=O)Nc2c(C(=O)C3CC3)oc3ccccc23)CC1,0
CC(C)Sc1nc2sc(-c3ccccc3)cc2c(=O)n1N,0
CN(C)c1ccc(NC(=O)Nc2cccc(Cl)c2)cc1,0
NS(=O)(=O)c1ccc(CCNC(=O)C2CCCCC2)cc1,0
COc1cccc(C2C(C(C)=O)=C(O)C(=O)N2Cc2ccco2)c1,0
CCN(CC)c1nc2n(c(=O)n1)CCN2CC,0
Cc1c(CCC(C)C)c(=O)n2c([nH]c3ccccc32)c1C#N,0
CSc1cccc(-n2cc(-c3ccc4c(c3)OCO4)[nH]c2=O)c1,0
COC(=O)c1cc(NC2c3ccccc3C(=O)N2CCN2CCOCC2)cc(C(=O)OC)c1,0
CCn1c(O)c(C(=O)Nc2ccccc2C)c(=O)c2ccccc21,0
Cc1c(C(=O)NC2CCCc3ccccc32)oc2ccccc12,0
COc1ccc(-n2nccc2-c2nn(-c3cccc(OC)c3)c(=O)n(C)c2=O)cc1,0
Cc1cccc(Oc2ccc(N)cc2)c1,0
CCC(C(=O)OCC(=O)Nc1c(C)n(C)n(-c2ccccc2)c1=O)c1ccccc1,0
Cn1cnnc1SCC(=O)Nc1ccc2nc(SCc3ccccc3)sc2c1,0
Cc1occc1C(=O)Nc1ccc(Br)cc1F,0
CCc1c(C)[nH]c(SCC(=O)c2ccc(C)c(C)c2)nc1=O,0
CN(C)c1nc(SCC#N)nc(N(C)C)n1,0
CCCOc1ccc(CCN2CCC(=O)NC2=O)cc1C,0
c1ccc(OCCOc2ncnc3sccc23)cc1,0
O=C(CN1C(=O)CCC1=O)Nc1ccc2c3c(cccc13)CC2,0
COc1ccccc1OCCSc1nc(=O)c2ccccc2[nH]1,0
CCOC(=O)c1cnc2ccc(Br)cc2c1NCCO,0
COc1nccnc1NS(=O)(=O)c1ccc(NS(=O)(=O)c2ccc(NC(C)=O)cc2)cc1,0
COCCn1c(COc2ccccc2)nnc1SCC(N)=O,0
CCCCn1nnc(NC(=O)c2sc3cc(Cl)ccc3c2Cl)n1,0
N#CC1=C2SCC(O)(c3ccccc3)N2C(=O)CC1c1cccs1,0
CC(C)OC(=O)CSc1nnc(CNc2cccc(Cl)c2)n1C,0
CCCCC(=O)Nc1ccc(NC(=O)C2CC2)nc1,0
O=C(O)c1csc(Br)c1Br,0
Cn1c(=O)c2c(-c3ccccc3)n3c4ccccc4ncc3c2n(C)c1=O,0
O=C(CNc1ccccc1)N/N=C/c1cc([N+](=O)[O-])ccc1N1CCCC1,0
COc1ccccc1NC(=O)CSc1nnc(COc2ccc(Cl)cc2)n1Cc1ccco1,0
CN(C)c1ccc(C(=O)c2ccc(N(C)C)c(N)c2)cc1N,0
Cc1cc(-c2nc3ncccc3o2)ccc1N,0
O=C(Cc1ccccc1)Nc1cccc(N2CCCC2)c1,0
COc1ccc(Nc2ncc(C(=O)N3CCN(c4ccccc4OC)CC3)c3ccccc23)cc1,0
Cc1cc(C)c2c(c1)/C(=N/NS(=O)(=O)c1ccccc1)CCC2,0
COc1nnc(-c2ccc(N3CCOCC3)c(NC(=O)C3CCCCC3)c2)c2ccccc12,0
Cc1csc(NC(=O)CCC(=O)N(CC(=O)NC2CCCC2)Cc2ccco2)n1,0
N#Cc1nc(-c2ccco2)oc1NCc1cccnc1,0
O=C(NCCCCNC(=O)C1CCCC1)C1CCCC1,0
O=C(Nc1ccc(F)cc1)NC1(C(=O)NCc2cccs2)CCCCC1,0
Cc1cc(Br)ccc1OCc1nc(-c2cccnc2)no1,0
CCNC(=O)CN(CCc1ccccc1)S(C)(=O)=O,0
Cn1c(NCc2cc(Br)ccc2O)nc2ccccc21,0
Cc1cc2ncn(C(=O)c3c(-c4ccccc4)noc3C)c2cc1C,0
CN(C)CCN1C(=O)c2oc3ccccc3c(=O)c2C1c1cccc(Br)c1,0
COc1cc(/C=N/NC(=O)Cn2nnc3ccccc32)cc(OC)c1OC,0
Cc1ccc2cc3c(NC(=O)c4ccco4)nn(CC(C)C)c3nc2c1,0
CCn1cc(C(=O)NCc2ccc(C)o2)c2cc(OC)c(OC)cc2c1=O,0
Cc1ccc(N2CC(C(=O)NCc3cccs3)CC2=O)cc1C,0
C=CCn1c(SCC(=O)NCCC2=CCCCC2)nc2ccc(Cl)cc2c1=O,0
Cn1ccnc1SCC(=O)Nc1cccc2ccccc12,0
COc1ccccc1CNC(=O)NC(Cc1ccccc1)C(=O)O,0
Cc1c(C(=O)Oc2cccc3ccccc23)cnn1-c1ccccc1,0
COC(=O)c1cc(OC)c(OC)cc1NC(=O)c1c(C)noc1C,0
COCCNCC(=O)NC12CC3CC(CC(C3)C1)C2,0
CCC(C)(C)NC(=O)CN(C(=O)CCC(=O)Nc1cc(C)ccn1)c1ccc2c(c1)OCO2,0
O=C(Cn1cnc2ccccc2c1=O)N1CCN(Cc2ccc3c(c2)OCO3)CC1,0
CCCn1cnc2cc(NCc3cccc(OC)c3)ccc21,0
CC(C)(C)n1nnnc1C(c1cc2cc3c(cc2[nH]c1=O)OCO3)N1CCN(c2ccccc2)CC1,0
CCOC(=O)c1c(NC(=O)CSc2nnc(-c3ccncc3)n2Cc2ccco2)sc(C(C)=O)c1C,0
CCOc1ccc(CNc2ccc3c(c2)nc(C)n3C)cc1,0
CN1CCN(c2cc(N3CCCC3)c([N+](=O)[O-])cc2F)CC1,0
O=C(NCCCn1ccnc1)C(F)(F)C(F)(F)C(=O)NCCCn1ccnc1,0
O=S(=O)(c1ccc(Cl)cc1)N1c2ccccc2Oc2nc3ccccc3nc21,0
Cc1csc2nc3ccccc3c(=O)n12,0
CCC(=O)NC(c1ccccc1OC)c1ccc2cccnc2c1O,0
COc1ccc(OC)c(NC(=O)C2CCN(c3nc(C)cc(C)n3)CC2)c1,0
Cc1cccc(NS(=O)(=O)c2cc(C(=O)N3CCc4ccccc4C3)ccc2Cl)c1C,0
O=C(NCCCCC(NC(=O)c1ccc([N+](=O)[O-])cc1)C(=O)O)c1ccc([N+](=O)[O-])cc1,0
COc1ccccc1-c1nc2cccc3cccc([nH]1)c32,0
C=CCNC(=O)C1CC(=O)N(c2ccc(Br)cc2)C1,0
CCOc1ccc2[nH]c(=O)c(CN(CCc3ccccc3)C(=O)c3cnccn3)cc2c1,0
O=C(Nc1ccc(Cl)cc1)c1ccncc1,0
O=C1C2C3C=CC(C3)C2C(=O)N1c1n[nH]c(-c2cccnc2)n1,0
Cc1cccc(N(C(=O)CCC(=O)Nc2cccnc2)C(C(=O)NC2CCCC2)c2ccncc2)c1,0
Clc1ccc(NCc2nnc3n2CCCCC3)cc1,0
COC(=O)c1ccc(NC(=S)NCCc2ccccc2)cc1,0
COc1ccc(CN(CC(=O)NC2CCCC2)C(=O)CCC(=O)Nc2cc(C)on2)cc1,0
C/C(CC(=O)Nc1cccc(Cl)c1)=N\NC(=O)Cc1ccc(Cl)cc1,0
CNC(=O)Nc1nnc(C(C)(C)C)s1,0
CCOC(=O)c1[nH]c(=O)[nH]c1CSc1nc(C)cc(C)n1,0
NC(=O)CSc1nnc(-c2ccc(S(=O)(=O)N3CCOCC3)cc2)n1Cc1ccccc1,0
CCOc1ccccc1NC(=O)NS(=O)(=O)c1ccc(C)cc1,0
O=C(c1ccc(S(=O)(=O)N2CCOCC2)cc1)N1CCN(c2ccccc2F)CC1,0
COC(=O)CSc1nc2ccc(NC(=O)CSc3nnnn3Cc3ccccc3)cc2s1,0
Cc1c(NC(=O)c2ccccc2F)c(=O)n(-c2ccccc2)n1C,0
Cc1cccc(C)c1-n1c(C)cc(/C=C2\NC(=O)NC2=O)c1C,0
Cc1ccc(C)c(N(CC(=O)NC2CCCC2)C(=O)c2cc3cc4cccc(C)c4nc3s2)c1,0
COc1cc(C(=O)N2CCC(NC(=O)C(Cc3ccccc3)NC(C)=O)CC2)cc(OC)c1OC,0
Cc1ccc(C)c(NC(=O)c2ncn[nH]2)c1,0
CCOc1cc(C2C(C(=O)N3CCCCC3)=C(C)NC3=C2C(=O)CC(C)(C)C3)ccc1O,0
O=C(O)C1CCN(c2nc(-c3ccccc3)nc3c2oc2ccccc23)CC1,0
COc1ccc(/C=N/N=C/c2ccc(OC)c(O)c2)cc1O,0
CC(=O)c1cc2c(cc1NC(=O)c1c(-c3ccccc3)noc1C)OCO2,0
C/C(CC(=O)NCc1ccco1)=N\NC(=O)Cc1ccccc1,0
CCn1/c(=N/c2ccc(N3CCOCC3)cc2)ccc2ccccc21,0
Cc1ccc(C)c(N2CCN(C(=O)CCNC(=O)Cn3ccc4ccccc4c3=O)CC2)c1,0
Cc1cc(OCC(=O)NCCCN(C)C)cc(C)c1Br,0
CCN(CC)CCn1c(OC)cc(=O)[nH]c1=O,0
O=C(CN1C(=O)c2ccccc2S1(=O)=O)c1ccccc1,0
CCN(CC)S(=O)(=O)c1ccc(N(C)Cc2ccc(C(F)(F)F)cc2)nc1,0
Oc1c(CN2CCCCC2)cc(COCc2ccccc2)c2cccnc12,0
Clc1ccc(Nc2nc(-c3cccnc3)cs2)cc1,0
COC(=O)C1=C(C)C(c2ccc(OC)cc2OC)NC(=O)N1,0
Nc1c(C(=O)c2ccccc2)sc(Nc2ccccc2)c1S(=O)(=O)c1ccccc1,0
Cc1noc(C)c1C(=O)Nc1c(F)cc(F)cc1Br,0
CCOc1cc(C(=O)N2CCN(c3ccccc3)CC2)cc(OCC)c1OCC,0
Cc1cc(NC(=O)CN2CCN(c3ccccc3O)CC2)no1,0
COc1ccc(CCn2nnnc2C(CC(C)C)N2CCN(c3ncccn3)CC2)cc1OC,0
CCOC(=O)CC1=CC(=O)Nc2ccccc2N1,0
Cc1cccnc1NCC(O)COc1ccccc1,0
CCn1c(-c2ccc([N+](=O)[O-])cc2)n[nH]c1=S,0
CC1CC(C)CN(Cc2nc(N)nc(Nc3ccccc3)n2)C1,0
O=C(Nc1c(C(=O)Nc2cccc3ccccc23)cnn1-c1ccccc1)c1ccco1,0
Cc1c(C#N)c(/N=C/N(C)C)c(C(=O)c2ccccc2)n1-c1ccccc1,0
Cc1ccc(C(=O)Nc2ccc3c(c2)OCO3)cc1S(=O)(=O)N1CCCC1,0
CCOC(=O)C1=C(C)N(CCO)C(=O)NC1c1cccc(O)c1,0
CCOc1cc(C#N)c(NC(=O)c2ccco2)cc1OCC,0
O=C(CSc1nnc(NC(=O)C2CCC2)s1)NC1CC1,0
c1ccc(Cn2nnnc2CN2CCOCC2)cc1,0
Cc1ccc(-c2nnc(SCC(=O)Nc3ccc4c(c3)oc3ccccc34)n2C)c(Cl)c1,0
O=C1OCCC1Sc1nc2ccccc2n1-c1ccccc1,0
COc1ccc(NC(=O)c2c(C(F)(F)F)nn(C)c2SCc2ccccc2Cl)cc1,0
CCOC(=O)N1CCN(C(=O)c2nc3ccccc3s2)CC1,0
Cc1cccc(NC(=O)CSc2nc(C)c(CC(=O)c3ccc(Br)cc3)c(C)c2C#N)c1C,0
Cc1cc(NC(=O)c2cncc(Br)c2)no1,0
CCOc1ccc(N2CC(C(=O)Nc3cccc(C)c3C)CC2=O)cc1,0
CCOC(=O)c1c(C)n(Cc2ccccc2)c2ccc(OCC(O)Cn3nc(C)cc3C)cc12,0
O=C(NCCc1ccco1)c1nn(Cc2ccccc2)c(=O)c2ccccc12,0
CCOC(=O)C1=C(NC#N)OC(C)=C(C)C1c1ccc(O)cc1,0
O=C(O)C1CCN(S(=O)(=O)/C=C/c2ccccc2)CC1,0
COc1ccc(N2C(=O)CSC23C(=O)N2CCCc4cccc3c42)cc1,0
COc1ccc(Nc2nc(=O)c(Cc3ccccc3Cl)n[nH]2)cc1,0
Cn1c(COc2ccc(Cl)cc2)nnc1SCC(=O)NC1CCCCC1,0
CC(C)C(=O)NC(Nc1cccc2cccnc12)C(Cl)(Cl)Cl,0
Cc1cc(C)n2nc(SCC(=O)N(C)C)nc2n1,0
O=C(N/N=C/c1ccco1)c1ccc(Br)o1,0
Cn1c(CNc2ccc(Cl)cc2)nnc1SCc1ccccc1,0
Cc1ccc(-c2nnc(SCC(=O)Nc3nccs3)n2N)cc1,0
CCc1ccc2oc(-c3cccc(N)c3)nc2c1,0
Cc1csc(NC(=O)C2CCN(C(=O)CSc3nnc(C)n3Cc3ccccc3)CC2)n1,0
Brc1ccc(C2=CS/C(=C3/C=Nc4ccccc43)N2)cc1,0
COc1ccc(NC(=O)c2cc(-c3ccccc3OC)on2)cc1,0
CC1CCCN(C(=O)N2c3ccccc3Sc3ccccc32)C1,0
O=C(O)C1CC=CCC1C(=O)NCCc1ccccc1,0
CC(=O)c1coc2c1cc(O)c1ccccc12,0
O=C(NCCc1ccccc1)c1ncn[nH]1,0
CCOC(=O)c1c(NC(=O)CSc2nnnn2-c2ccc(OC)cc2)sc(C)c1C,0
Cc1ccc(NC(=O)N2CCCC2C(=O)NCCc2ccccc2)cc1,0
Cc1cc(C)nc(SCC(=O)Oc2ccc3oc(=O)cc(C)c3c2)n1,0
Cc1c(CN(C)CCc2ccccc2)c(=O)n(-c2ccccc2)n1C,0
COc1ccc(C)cc1N(CC(=O)O)S(=O)(=O)c1ccc(C)cc1,0
O=C(NC1CCCCC1)C1Cc2ccccc2CN1S(=O)(=O)c1ccc(F)cc1,0
O=S(=O)(Cc1ccccc1)N1CCN(c2ccccc2)CC1,0
O=C(CC1Nc2ccccc2NC1=O)c1ccccc1,0
O=C(COC(=O)c1ccccn1)Nc1nccs1,0
COc1ccccc1NC(=O)NS(=O)(=O)c1ccc(C)cc1,0
Cc1cccc(/C=C2/SC(=O)N(Cc3ccccc3)C2=O)n1,0
CCOCC(=O)Nc1c(C(=O)OCC)oc2ccccc12,0
O=C1C2(c3ccccc3)CN(CCCO)CC1(c1ccccc1)CN(CCCO)C2,0
COc1cc2c(cc1OC)-c1nnc(-c3ccco3)n1C1(CCCC1)C2,0
CCOC(=O)CSc1nnc(C2CCCCC2)n1C,0
N#Cc1ccccc1NC(=O)c1ccccc1OCC(=O)Nc1ccc2c(c1)oc1ccccc12,0
COC(=O)CSc1nnc(-c2ccc(OC)cc2OC)o1,0
CCC(=O)Nc1ccc(NC(=O)c2c(C)nc3ccccn23)cc1,0
Cc1cccc(-c2noc(CCC(=O)Nc3ccccc3)n2)c1,0
CC(=O)N1CCN(CC(O)COc2ccc(OCc3ccccc3)cc2)CC1,0
COC(=O)C(CC(C)C)NC(=O)NC1CCCCC1C,0
CCc1nnc(NC(=O)c2ccc(OC)cc2OC)s1,0
CC(/C=N/n1cnnc1)=C\c1ccccc1,0
CCOC(=O)N1CCN(C(=O)c2ccc(Cl)c(S(=O)(=O)Nc3ccccc3)c2)CC1,0
Cc1ccc(C(=O)N(Cc2ccc3c(c2)OCO3)Cc2nc(=O)c3ccccc3[nH]2)cc1,0
Cc1cccc(NC(=O)COc2ccc(Br)cc2)n1,0
CCCCn1c(CNC(=O)CCC)nc2ccccc21,0
Cn1cccc1C(=O)OCC(=O)Nc1cc(C(C)(C)C)nn1-c1ccccc1,0
Cn1c(=O)cc(OCCCC(=O)NC2CCCC2)c2ccccc21,0
COc1ccc(S(=O)(=O)N(C)CC(=O)Nc2ccc(F)cc2)cc1,0
O=C(NC1CCCCC1)c1ccc(CN2CCOCC2)cc1,0
CC(=O)c1cccc(NC(=O)NC(CC(C)C)C(=O)O)c1,0
Cc1cc(C)n(S(=O)(=O)Cc2ccccc2)n1,0
COC(=O)c1cccc(NC(=O)CN2CCN(c3ccc(OC)cc3)CC2)c1,0
CN(C)CCCN1C(=O)C(=O)/C(=C(/O)c2ccc3c(c2)OCO3)C1c1ccco1,0
Cc1cccc(NC(=O)N2CCC(NC(=O)c3ccccc3C)CC2)c1,0
COc1cc(OC)cc(-n2nnnc2SCC(=O)Nc2nc3c(s2)CCCC3)c1,0
CCOc1ccccc1C(=O)N1CCC(C(=O)c2ccc(F)cc2)CC1,0
CCN(CC)c1nc2ccccc2nc1-n1nc(C)cc1C,0
COc1ccc(Nc2nc(CC(C)=O)ns2)cc1OC,0
COc1ccc(CCN(C)C(=O)CN2C(=O)c3ccccc3S2(=O)=O)cc1OC,0
CCOc1ccccc1N1CCN(C(=O)c2ccccc2)CC1,0
CCN1CC=C2C(C#N)=C(N)C(C#N)(C#N)C(c3ccoc3)C2C1,0
O=C(Nc1cc2c(cc1Br)OCCO2)c1ccco1,0
CCN1C(=O)/C(=N\NC2=NC(=O)CS2)c2cc(C)ccc21,0
CNc1nc2c(C)cccn2c(=O)c1/C=N/Cc1ccccc1,0
O=C(c1c(-c2ccccc2)oc2ccc(O)cc12)N1CCOCC1,0
Clc1ccc(-c2csc3ncnc(NCCN4CCOCC4)c23)cc1,0
CN(C)c1ccc(/C=N/c2cnn(C)c2C(N)=O)cc1,0
Cc1ccc(Cn2cccc(NC(=O)c3ccco3)c2=O)cc1,0
O=C(CN1CCC2(CC1)OCCO2)c1ccc2cc[nH]c2c1,0
Cc1cccc(CSc2nc3c(cc2C#N)CCC3)c1,0
Cc1cccc(C)c1N1CCc2cn[nH]c21,0
CCc1nnc(NC(=O)CSc2nnc(Cc3ccccc3)n2-c2ccc(OC)cc2)s1,0
c1ccc(-n2ncc3c(NCc4ccco4)ncnc32)cc1,0
C=CCn1c(SCC(=O)/C(C#N)=C(\C)N)nc2sc(C)c(C)c2c1=O,0
CC(=O)Nc1ccc2c(c1)nc(CCNC(=O)c1ccccc1)n2C,0
CCc1nc(SCC(=O)Nc2ccc(C(=O)O)cc2)n[nH]1,0
O=c1c2c3c(sc2nc2n1CCC2)CCC3,0
Cc1ccc(C(=O)NCc2ccco2)cc1S(=O)(=O)Nc1cccc(Cl)c1,0
COc1ccc2oc(C(=O)C3CC3)c(N)c2c1,0
COc1cccc(NC(=O)Nc2cccn(Cc3ccccc3)c2=O)c1,0
CCCCNC(=O)c1onc(CSc2cccc(C)c2)c1C(=O)O,0
COc1ccc(CC(=O)Nc2ccc(-c3cn4ccccc4n3)cc2)cc1OC,0
CCc1c(C)n2[nH]c(C)cc2nc1=O,0
O=C(CN1CCC(O)(c2ccc(F)cc2)CC1)NCc1ccc(F)cc1,0
Cc1c(C#N)c2ccccc2n1CC(=O)NCc1cccnc1,0
O=C1c2cccc3cccc(c23)C(=O)N1c1cccnc1,0
CN(C(=O)c1ccno1)c1nnc(-c2ccccn2)s1,0
CCOC(=O)c1cccc(NC(=O)CSc2nnnn2C)c1,0
COc1cccc(/C=N/n2c(N)c(S(=O)(=O)c3cccs3)c3nc4ccccc4nc32)c1,0
CC1(C)CNC(=O)c2sc(N3CCOCC3)nc2C1,0
CCOC(=O)N1CCN(c2c(NCCCN3CCCCCC3)c(=O)c2=O)CC1,0
COc1ccc(C2CC(=O)N=C3SC(N)=c4c(N)c(C#N)c(N)nc4=C32)cc1OC,0
CCOCCOC(=O)c1[nH]c2c(c1C)C(=O)CC(c1ccc(N(C)C)cc1)C2,0
CN1CCN(C(=O)CCc2nc(=O)c3ccccc3[nH]2)CC1,0
Cc1cc(S(=O)(=O)Nc2ccccc2C)ccc1F,0
COc1cccc(Oc2nc3ncn(Cc4ccccc4)c3c(=O)n2C)c1,0
CC(C)Sc1nnc(C2CCCN2C(=O)OC(C)(C)C)o1,0
O=C(O)CC(NS(=O)(=O)c1cccc2nsnc12)c1ccc(F)cc1,0
COc1ccc2cc(C#N)c(NC(C)C)nc2c1,0
O=C(COc1ccccc1Br)N1CCN(c2ccccc2)CC1,0
c1ccc(-n2nnnc2N2CCOCC2)cc1,0
Cc1nnc(NC2=NCCC2)o1,0
COC(=O)Nc1sc(C)nc1-c1ccccc1,0
CCCn1c(N)nc2ccccc21,0
c1cc(CNc2ccc3c(c2)OCCO3)ccn1,0
CC(=O)NCCc1ccc(S(=O)(=O)NCc2ccc3c(c2)OCO3)cc1,0
CC(C)(C)C(=O)/C=c1/[nH]c(=O)/c(=C\c2ccc(C#N)cc2)s1,0
CCn1c(SCC(=O)O)nc2sc3c(c2c1=O)CCC3,0
CCOC(=O)c1cnc(-n2nc(C)cc2C)nc1N1CC(C)OC(C)C1,0
C=CCNc1nc(-c2ccccc2)c(C(=O)OCC)cc1C#N,0
COCCC(=O)N(Cc1ccc2c(c1)OCO2)C(C(=O)NC1CCCCC1)c1ccncc1,0
Fc1ccc(CN(Cc2ccccc2)C(c2cccs2)c2nnnn2C2CCCCC2)cc1,0
N#CCCN1CCN(C2=NC(=O)C(=C3CCCCC3)S2)CC1,0
COC(=O)C1CC(=O)N(CCc2c[nH]c3ccccc23)C1,0
CCc1ccccc1NC1=NCC(=O)N1Cc1ccc2c(c1)OCO2,0
O=C1S/C(=C/c2ccc(N3CCOCC3)o2)C(=O)N1Cc1ccc(F)cc1,0
Cc1nn2c3ccccc3n(C)c2nc1=O,0
O=[N+]([O-])c1ccc(CSc2nc3ccccc3o2)cc1,0
O=c1cc(CSc2ccc(Cl)cc2)[nH]c(N2CCOCC2)n1,0
COc1ccc(S(=O)(=O)N(C)CC(=O)Nc2cccc(C(C)=O)c2)cc1Cl,0
O=c1[nH]c(-c2ccccc2)c(-c2ccccc2)[nH]1,0
CCCN(CCC)CCNC(=O)c1cc2c(=O)n(C)c3ccccc3c2n1C,0
COc1ccc(S(=O)(=O)N2CCC(C(=O)Nc3cccc(Cl)c3)CC2)cc1OC,0
CCCCCCC(=O)NN1CCN(C)CC1,0
O=C(NC(=S)Nc1ccc2oc(-c3cccnc3)nc2c1)c1cccc(Cl)c1,0
O=C(NC1CC1)c1cc(-c2ccccn2)nc2ccccc12,0
COc1ccc(CCNC(=O)CSc2ncn[nH]2)cc1,0
CCCCCCC(=O)Nc1ccc(C(=O)N2CCCC2)cc1,0
CC(C)CCn1c(CCCO)nc2ccccc21,0
CCCn1cc(SCC(=O)NCc2ccco2)c2ccccc21,0
CCn1c(=O)cc(N2CCCCC2)[nH]c1=O,0
CC(/N=c1\ccccn1C(=O)Nc1ccc(F)cc1)c1ccco1,0
Cc1ccc(C)c(NC(=S)NCc2cccn2C)c1,0
CSc1ccccc1NC(=O)c1ccc(Br)s1,0
Fc1ccc(-c2cc3nc(-c4ccccc4)cc(N4CCOCC4)n3n2)cc1,0
CC(=O)NCCOC(=O)Nc1ccncc1,0
c1ccc(Oc2cccc(CN3CCCCC3)c2)cc1,0
Cc1cc(OC(=O)c2ccc(F)cc2)c2nncn2n1,0
CCc1ccc(C(C(=O)NC2CCCCC2)N(C(=O)CNC(=O)c2ccco2)c2cccnc2)cc1,0
COc1ccc(C(F)(F)F)cc1N/C=C\c1nnnn1-c1ccccc1,0
CCCCC(=O)Nc1cccc(-c2cn3ccccc3n2)c1,0
COc1ccccc1CNC(=O)CCCn1c(=O)c2ccccc2n(CC(=O)NC2CCCC2)c1=O,0
CC(=O)Nc1ccc(S(=O)(=O)NCC(=O)OCC(=O)N2CCc3ccccc32)cc1,0
Brc1cnc(N2CCCCC2)nc1N1CCOCC1,0
COc1ccccc1-n1c(CNC(=O)COc2ccccc2)n[nH]c1=S,0
O=C(Cn1nc(C(F)(F)F)c2c1CCCC2)Nc1ccc2c(c1)OCO2,0
COc1cccc(C(=O)Nc2c(C)n[nH]c2C)c1,0
O=c1c2cnn(-c3ccccc3)c2ncn1Cc1ccccc1F,0
CCN(CC)S(=O)(=O)c1ccc(C(=O)N2CCCCC2)cc1,0
CCOC(=O)c1c(-c2ccc(C)s2)csc1NC(=O)c1cccs1,0
O=c1[nH]ncc2c3ccccc3n(Cc3ccc(F)cc3)c12,0
O=c1c2cnn(-c3ccccc3)c2ncn1Cc1ccccn1,0
O=C(Cn1cccc1)NC1CCCc2ccccc21,0
O=C(Nc1cccc(-c2nc3ccccc3[nH]2)c1)c1ccco1,0
COc1ccc(S(=O)(=O)Cc2ccc(C(=O)N3CCN(C(=O)c4ccco4)CC3)o2)cc1,0
COc1ccc(-c2cn3cccnc3n2)cc1NC(=O)C1CCCC1,0
COc1cccc(/C=N/NC(=O)c2nc(-c3ccccc3)cc(-c3ccccc3)n2)c1,0
Cc1ccc(S(=O)(=O)NC(=O)NCc2ccccc2)cc1,0
COc1cc(OC)cc(C(=O)NCc2cccnc2)c1,0
COC(=O)c1cc(NC(=O)CN(c2ccc(OC)cc2)S(=O)(=O)c2ccc(F)cc2)ccc1Cl,0
CCOC(=O)c1nn(-c2ccc(OCC)cc2)c2nc(CC(C)C)c(C#N)c(=O)n12,0
CCNC(=O)CN(c1ccc(C)cc1)S(=O)(=O)c1ccccc1,0
Cc1cc(N/C=C2\C=C(Cl)C=CC2=O)no1,0
COc1cc2c(C(=O)N3CCN(Cc4ccc5c(c4)OCO5)CC3)cn(C)c(=O)c2cc1OC,0
O=C(N/C(=C/c1cccs1)C(=O)N1CCCCCC1)c1ccccc1,0
CCOc1ccc(NC(=O)Cn2cc(C(=O)c3ccco3)c3ccccc32)cc1,0
Cc1ccc2cccc(NC(=O)c3ccc(Br)o3)c2n1,0
Cc1ccc(S(=O)(=O)N2CCN(C)CC2)c(C)c1,0
COc1ccc2c(c1)c(=O)cc(-c1ccccc1)n2C,0
COc1cc(-c2nnc(COC(=O)c3cc(C)nc4ccc(C)cc34)o2)cc(OC)c1OC,0
COc1ccc(CCN2C(=O)c3ccccc3C2(O)c2ncc[nH]2)cc1OC,0
COC(=O)c1c(NC(=O)C2CC=CCC2C(=O)O)sc(C(N)=O)c1C,0
CC1CN(c2ccc(S(=O)(=O)N3CCOCC3)cn2)CC(C)O1,0
COc1ccc(C(=O)Nc2sc(C)c(-c3ccccc3)c2C#N)cc1OC,0
O=C(NCc1ccccc1)N(Cc1cc2cc3c(cc2[nH]c1=O)OCCO3)CC1CCCO1,0
Cc1cc(C)n(-c2nc3ccccc3c(=O)n2OCc2ccc(F)cc2)n1,0
Cc1ccc(NC2c3ncccc3C(=O)N2c2ccccc2C)cc1C,0
Cc1cc(C)n(CC(=O)N/N=C/c2ccco2)n1,0
COc1ccccc1-c1nc(C#N)c(N2CCC(Cc3ccccc3)CC2)o1,0
O=C(NC1CCCc2ccccc21)C1CCN(c2c3c(nc4ncnn24)CCC3)CC1,0
Cc1[nH]c(NCc2ccco2)nc(=O)c1CCC(C)C,0
COC(=O)c1ccc(C2NC(C(=O)O)CS2)cc1,0
CCn1c(=O)c2cc(C(=O)N3CCN(C)CC3)sc2c2ccccc21,0
Cc1noc(/C=C/N(C)C)c1S(=O)(=O)N1CCCC(C(=O)Nc2ccc3c(c2)OCO3)C1,0
O=C(Nc1ccncc1)c1cccs1,0
COc1cccc(Nc2nc(=O)[nH]nc2C)c1,0
O=S(=O)(Cc1ccccc1Cl)Nc1ccccn1,0
O=C(Cn1ncc2c1-c1ccccc1OC2)N1CCc2ccccc21,0
CC(=O)N1CCN(c2ccc(NCc3ccc(C)cc3)cc2)CC1,0
O=S(=O)(c1cccc(-c2nn3c(-c4ccncc4)nnc3s2)c1)N1CCOCC1,0
c1ccc(OCCCn2nnc(-c3cccnc3)n2)cc1,0
O=c1cc(CSc2nnnn2-c2ccccc2)nc2scc(-c3ccccc3)n12,0
Cc1cccc(C(=O)Nc2ccccc2N2CCN(c3ccc(F)cc3)CC2)c1,0
O=C(COc1ccc(Br)cc1)Nc1ccncc1,0
CCCNc1c(N)n(-c2ccccc2)c(=O)[nH]c1=O,0
CC(Sc1nnc(Cc2ccc([N+](=O)[O-])cc2)o1)C(N)=O,0
O=C(Nc1ccnc(-c2cccnc2)n1)c1ccc(Cl)cc1,0
CCCC(=O)NC(=S)Nc1cccc(C(C)=O)c1,0
COc1ccc(C2/C(=C(\O)c3cccc(OC)c3)C(=O)C(=O)N2c2ccccn2)cc1,0
COc1ccc(-n2c(CNC(=O)c3ccc(S(=O)(=O)N4CCCC4)cc3)n[nH]c2=S)cc1,0
CSc1nnc(-c2cc3c(s2)-c2ccccc2CC3)o1,0
Cc1ccccc1OCCCCc1c(C)n[nH]c1C,0
CC1CCc2nc(N)c(C#N)c(-c3ccncc3)c2C1,0
O=C(OCc1ccccc1)c1ccc(Br)o1,0
COc1ccc2ccccc2c1C1CC(=O)N2CN(C)CSC2=C1C#N,0
COc1ccc2c(c1)C(C)=CC(C)(C)N2C(=O)Nc1ccccc1,0
CCOC(=O)NC1CCS(=O)(=O)C1,0
CCOC(=O)C1=C(C)NC2=C(C(=O)CCC2)C1c1ccc(N(C)C)cc1,0
COC(=O)C1=C(NC(=O)c2ccc(C)cc2)CCS1,0
C/C(=C\C(=O)c1ccc(Br)cc1)N1CCCCC1,0
O=C(Nc1ccc(N2CCOCC2)cc1)NC1CCCCC1,0
COC(=O)c1ccc(NC(=O)CCN2CCN(c3ccccc3)CC2)cc1,0
Cc1cccc(Nc2ncnc3nc[nH]c23)c1C,0
CCOc1cc(NC(=O)C2CC2)c(OCC)cc1NC(=O)c1ccccn1,0
CN(C)S(=O)(=O)c1ccc(NC(=O)c2cc3ccccc3o2)cc1,0
CCN(CC)S(=O)(=O)c1cccc(-c2nnc(SCC(=O)c3ccc(Cl)s3)n2C)c1,0
Cc1cc(C)n(CC(O)COc2ccccc2C(=O)Nc2ccccc2)n1,0
O=C(Nc1c(C(=O)O)oc2ccc(Br)cc12)c1ccccc1,0
Cc1cc(NC(=O)CC23CC4CC(C2)CC(CC(=O)Nc2cc(C)on2)(C4)C3)no1,0
CCn1c(=O)n(CC)c2cc(S(N)(=O)=O)ccc21,0
O=C(NCc1ccccc1)N(Cc1nc(=O)c2ccccc2[nH]1)C1CCCC1,0
CCOC(=O)c1c(NC(=O)CSc2nnc(CNc3ccc(OC)cc3)n2C)sc(C)c1C,0
CCOc1ccccc1C1C(C#N)=C(N)Oc2cc(N)ccc21,0
CC(C)c1ccccc1-n1c(SCC(=O)N2CCN(c3ccccc3)CC2)nnc1-c1cccnc1,0
CCC(=O)Nc1c(C)c(CC)nc2ccccc12,0
CCCCNC(c1ccccc1)c1ccncc1,0
O=C(CN1CCN(c2ccccn2)CC1)Nc1ccc(Oc2ccccc2)cc1,0
COc1ccc(CNc2cccc(F)c2)cc1Br,0
Cc1cccc(NC(=S)NNC(=O)c2ccccc2OC(F)F)c1,0
O=C(NC1(C(F)(F)F)NC(=O)N(Cc2cccnc2)C1=O)c1ccccc1,0
CCC(=O)Nc1ccc(N2CCN(C(=O)c3ccccc3C)CC2)cc1,0
COCCN1C(SCC(=O)Nc2ccc3c(c2)OCCO3)=NN/C1=C1/C=Nc2ccccc21,0
O=C(Nc1ccc2c(c1)OCCO2)c1ccc(Br)o1,0
O=C1/C(=C/c2cccnc2)Oc2cc(OS(=O)(=O)c3ccc(F)cc3)ccc21,0
CCC(CO)n1cnnc1-c1ccncc1,0
CC(C)Cc1cc(C(=O)N2CCN(C(c3ccccc3)c3ccccc3)CC2)no1,0
CC(C)NC(=O)Cn1cc(C#N)c2cc(Br)ccc21,0
Cc1cc(/C=C(\C#N)C(=O)Nc2ccccc2)c(C)n1-c1ccc2c(c1)OCO2,0
CCCN1CCN(CCCNC(=O)C2CCN(c3nnc(-n4cccc4)s3)CC2)CC1,0
CC(=O)c1cccc(NC(=O)C2CCN(S(=O)(=O)c3cccs3)CC2)c1,0
CN(C)/C=C1\C(=O)N(c2ccc([N+](=O)[O-])cc2)N=C1c1ccccc1,0
CCCCOC(=O)Cn1c(=O)c2c(nc3n2CCCCN3c2ccc(C)cc2)n(C)c1=O,0
CN(Cc1nc(=O)c2ccccc2[nH]1)Cc1cc(=O)oc2ccc3ccccc3c12,0
CC(C)(C)NC(=O)C(c1ccncc1)N(C(=O)CNC(=O)c1ccco1)c1ccc2c(c1)OCO2,0
COCCNC(=O)CN(c1cc(C(F)(F)F)ccc1Cl)S(C)(=O)=O,0
CCCNC(=O)c1ccc(OC)cc1OC,0
c1ccc2c(N3CCCC3)nc(-c3ccncc3)nc2c1,0
Cc1ccccc1NC(=O)CSc1nc2ccccc2o1,0
CC1CCCC(N2CCN(C(=O)c3ccc(F)cc3)CC2)C1,0
O=C(COc1ccccc1)Nc1ccccc1C(=O)NCc1ccco1,0
COc1ccc(CCN2CC(C(=O)O)CC2=O)cc1,0
Cc1ccc(NC(=S)NNC(=O)c2ccccc2OC(F)F)cc1,0
CCN(CCCNC(=O)CCNC(=O)Cn1cnc2ccccc2c1=O)c1ccccc1,0
CCCCOc1ccc(Nc2nc(C)cc(C)c2C#N)cc1,0
Cc1ccc(C(=O)C2=CNN/C2=C2\C=CC=CC2=O)cc1,0
O=C(CCC1CCCC1)NCc1ccccn1,0
Cc1nnc(SCCn2c(N(C)Cc3ccccc3)nc3c2c(=O)[nH]c(=O)n3C)s1,0
Cc1c(/C=N/n2cnnc2)c2ccccc2n1C,0
COc1ccc(-n2cnc3cc(NCc4ccco4)ccc32)cc1,0
Cc1ccccc1NC(=O)C1CC(=O)N(c2ccccc2F)C1,0
O=C(Nc1ccccc1OC(=O)N1CCOCC1)N1CCOCC1,0
COc1cccc(NC(=O)c2cccnc2)c1,0
CC(=O)Nc1cc(C(=O)N2CCCC2)ccc1S(=O)(=O)c1ccc(Cl)cc1,0
CCn1c(SCc2nc3ccccc3nc2C)nnc1-c1cccs1,0
Cn1c(CC2C(=O)Nc3ccc(Br)cc32)nc2ccccc2c1=O,0
COc1cccc(C(=O)Nc2ccccc2C(=O)N2CCCC2)c1,0
CCn1c(CNc2ccccc2Cl)nnc1SCC(=O)NCc1ccccc1,0
Cc1ccc(-c2nn3nnnc3c3ccccc23)cc1C,0
Cc1ccc(-c2noc(CCC(=O)NCCCN3CCN(c4ccc(F)cc4)CC3)n2)cc1,0
N#Cc1nc(-c2ccccc2F)oc1NCCN1CCOCC1,0
CN1CCN(C(=O)C2CCC(CNS(=O)(=O)c3cccc4cccnc34)CC2)CC1,0
CCCC(C)NC(=O)c1ccc2[nH]c3c(c2c1)CC(C)CC3,0
CC1CCN(C(=O)CN2C(=O)c3ccccc3S2(=O)=O)CC1,0
CCOC(=O)C1CCCN(C(=O)CS(=O)(=O)Cc2ccccc2)C1,0
Cc1nn(Cc2ccc(C(=O)NC3CCCCC3)o2)c(C)c1Br,0
CCOc1ccccc1C(=O)N1CCN(C(c2ccccc2)c2ccccc2)CC1,0
CCC(CC)C(=O)Nc1cccc(C(=O)N2CCCC2)c1,0
Cc1cc(C)n(S(=O)(=O)c2ccc(C(C)(C)C)cc2)n1,0
O=C(c1ccncc1)N1CCN(C(=O)c2cccc3ccccc23)CC1,0
COc1ccccc1Nc1ncnc2ccccc12,0
COc1ccc(CCNC2CCN(C)CC2)cc1OC,0
CC(C)Cc1nc2oc3c(NCc4cccnc4)ncnc3c2c2c1CCC2,0
Cc1nc(NCCc2ccccc2F)c(C#N)c(C)c1[N+](=O)[O-],0
CCn1ncc(/C=N/NC(=O)c2cc(-c3ccc(C)cc3C)nc3ccccc23)c1C,0
COc1ccccc1NC(=O)Cn1c(C)cc(=O)c2cc(Br)ccc21,0
CCc1cccc(NC(=O)c2ccc(Br)o2)c1,0
COC(=O)C1=C(C)NC(=O)CC1c1ccccc1F,0
COc1cc(OC)cc(OCC(O)Cn2cnc3cc(C)c(C)cc32)c1,0
COCCCNc1nc2c(c(=O)[nH]c(=O)n2C)n1CC(O)COc1ccccc1,0
Cc1nn(Cc2ccc(Cl)c(Cl)c2)c(C)c1NC(=O)c1cc(-c2ccc3c(c2)OCO3)on1,0
O=C(CC1C(=O)N(c2ccc(F)cc2)C(=O)N1Cc1ccccn1)Nc1ccccc1,0
COc1cc(OC)c(NC(=O)Cn2cccc2)cc1Cl,0
Oc1c(Cl)cc(Cl)cc1C(C#Cc1ccccc1)N1CCOCC1,0
Cc1c(NC(=O)c2nn(C)c(=O)c3ccccc23)c(=O)n(-c2ccccc2)n1C,0
NC(=O)c1cc2ccccc2o/c1=N\Cc1ccccc1,0
CCOC(=O)CCCCC(=O)c1[nH]c(=O)[nH]c1CSc1nc(=O)c(C#N)c(-c2ccccc2)[nH]1,0
CCOC(=O)c1[nH]c2ccc(OC)cc2c1NC(=O)CCN1CCc2ccccc2C1,0
C=CCN(N(C)c1ncc(C(F)(F)F)cc1Cl)S(=O)(=O)c1ccc(Cl)cc1,0
Cc1ccc(N2CC(C(N)=O)CC2=O)cc1,0
O=C(NCc1ccncc1)c1cnccn1,0
Cc1cc(C)cc(NC(=O)N2CCC(NC(=O)c3ccc(F)cc3)CC2)c1,0
O=C(COc1ccccc1)N1CCN(C/C=C/c2ccccc2)CC1,0
COc1ccc(-c2ccc(=O)n(Cc3cc(=O)n4ccccc4n3)n2)cc1,0
CC(C)C(NC(=O)c1cccs1)c1nnc(SCC(=O)Nc2nccs2)n1C,0
Cc1ccc(-c2nc3ccccc3[nH]2)cc1NC(=O)c1ccco1,0
O=c1c2cnn(-c3ccccc3)c2ncn1Cc1ccccc1,0
CCCCC12CN3CC(C)(CN(C1)C31C(=O)N(C)c3ccc(C)cc31)C2=O,0
CCCC(=O)Nc1cccc(NC(=O)c2ccc3c(c2)OCCO3)c1,0
CCCn1c(NC(=O)C2COc3ccccc3O2)nc2ccccc21,0
CC(=O)c1ccc(Nc2nc(=O)c3cccnc3s2)cc1,0
Cc1ccc2c(c1)NC(=O)c1cccnc1N2,0
COc1ccc(/C(C)=N/NC(=O)c2nc(C)cc(C)n2)cc1,0
S=C(c1ccc[nH]1)N1CCOCC1,0
CCCn1c(SCC(=O)Nc2nnc(CC)s2)nnc1-c1ccco1,0
CC(C)OCCCN1C(=O)c2ccccc2C1C(=O)NC1CCCCC1,0
CC(/C=C/c1ccccc1)=N\NC(=O)c1cnccn1,0
CN(CCNC(=O)c1cccc(N2CCCC2=O)c1)Cc1ccccc1,0
CCN1CCc2nc(NC(=O)c3ccc4c(c3)OCCO4)sc2C1,0
CN1CC=C2C(C#N)=C(N)C(C#N)(C#N)C(c3ccsc3)C2C1,0
N#Cc1nc(-c2ccccc2F)oc1NCc1ccccc1,0
COc1cccc(OC)c1C(=O)Nc1ccc(N2CCCCC2)cc1,0
CCOC(=O)c1cccc(NC(=O)C2CCCN(S(=O)(=O)c3c(C)n[nH]c3C)C2)c1,0
O=C(CN1CCN(c2ccccc2)CC1)Nc1ccc(Oc2ccccc2)cc1,0
CCOC(=O)CNC(=O)c1ccccc1Br,0
COc1ccc(CN/C=C2\Nc3ccc(Br)c(Cl)c3C2=O)cc1,0
O=C(Nc1c(C(=O)N2CCCCC2)cnn1-c1ccccc1)c1ccccc1,0
Cc1ccc(N(CC(=O)NC2CCCC2)C(=O)CCCC(=O)Nc2ccccn2)cc1C,0
O=C(Nc1cc2c3c(c1)C1CCCC1CN3CC1CCCC21)c1ccccc1,0
Nc1ccn(-c2ccccc2)c(=O)c1,0
CC(C)NC(=O)CSCc1c(Cl)cccc1Cl,0
c1ccc(Cn2nnc(-c3ccccc3)n2)cc1,0
Cc1cc(C)cc(NC(=S)NCc2ccc3c(c2)OCO3)c1,0
CCC(C)N(C(=O)Cn1nnc2ccccc21)C(C(=O)Nc1ccc(F)cc1)c1cccc(OC)c1,0
COc1ccc(S(=O)(=O)Nc2ccc(NC(C)=O)cc2)cc1OC,0
COC(=O)CNC(c1ccccc1)c1cc(C)ccc1NC(=O)CNC(=O)OCc1ccccc1,0
CN(c1ccccc1C(=O)N1CCc2ccccc2C1)S(C)(=O)=O,0
O=[N+]([O-])C1=C(Nc2cccc3ccccc23)CS(=O)(=O)C1,0
Cc1cc2cc3c(cc2nc1SCC(=O)Nc1c(C)cccc1C)CCC3,0
Cc1ccc(C(=O)OCC(=O)Nc2ccc(N(C)C)cc2)cc1NC(=O)c1ccco1,0
COc1ccc(CC(=O)N2CCN=C2SC)cc1,0
CCCCCNC(=O)Cc1cc(=O)[nH]c(=O)[nH]1,0
Clc1ccc(Sc2cc(N3CCOCC3)nc(-c3ccccc3)n2)cc1,0
CC(C)(C)c1ccc(Cn2ccc(-c3ccc4c(c3)OCO4)n2)cc1,0
COc1ccc(C(C)(C)C)cc1NC(=O)c1cncc(Br)c1,0
Nc1nnn(Cc2ccccc2)n1,0
CCOc1ccccc1NC(=O)C1CCN(C(=O)NCc2ccccc2)CC1,0
COc1cccc(NC(=O)N2CCC(C(=O)Nc3ccc(C)cc3C)CC2)c1,0
CCOC(=O)C1=C(C)NC2=C(C(=O)c3ccccc32)C1c1cccnc1,0
O=C(NC1CCCCCC1)C1CCN(S(=O)(=O)c2ccc(F)cc2)CC1,0
Cc1cccc(NC(=O)CSC(N)=O)c1C,0
CCOC(=O)c1oc2ccc(Br)cc2c1NC(=O)CN1CCN(C)CC1,0
C/C(N)=C(/C#N)C(=O)COC(=O)CC12CC3CC(CC(C3)C1)C2,0
Cc1c(NC(=O)OCCNC(=O)COc2c(Cl)cccc2Cl)sc(=S)n1C,0
C=C(C)Cn1c(CCNC(=O)CC)nc2ccccc21,0
Cn1c(Oc2ccccc2NCc2cc(Br)ccc2O)cc(=O)n(C)c1=O,0
CCOc1ccc(-c2nc(C#N)c(NC3CC3)o2)cc1,0
COc1cccc(NC(=O)c2cn(C)c(=O)c3cc(OC)c(OC)cc23)c1,0
CCc1ccc2nc(N3CCN(C)CC3)c(C#N)cc2c1,0
CCCOc1ccc(N2C(=O)CC(NCc3ccncc3)C2=O)cc1,0
Cc1n[nH]c(=O)nc1NCCc1ccccc1,0
c1ccc2cc(CC3=NCCN3)ccc2c1,0
CCn1c(=O)c([N+](=O)[O-])c(NCCc2ccccc2)c2ccccc21,0
Cc1cccc(NC(=O)CN(C)S(=O)(=O)c2cnc[nH]2)c1,0
COc1ccc(NC(=O)N2CCN(CCC#N)CC2)cc1,0
C=CCN(c1ccc(C(=O)N(CC)CC)cc1)S(C)(=O)=O,0
O=C(COc1ccccc1)NCCn1ccc2ccccc21,0
CC1(C)Cc2c(c(-c3ccco3)nc3n[nH]c(N)c23)CO1,0
CCOc1ccc2nc(NC(=O)c3cnc(C)cn3)sc2c1,0
COCCN(C(=O)Cn1nnc2ccccc21)C(C(=O)NC1CCCCC1)c1ccc(OC)cc1OC,0
Cc1c(NC(=O)c2ccc(Br)o2)cccc1C(=O)O,0
CCCCn1c(-c2ccc([N+](=O)[O-])cc2)n[nH]c1=S,0
O=[N+]([O-])c1ccc(N2CCN(c3nc(-c4ccc(Cl)cc4)cs3)CC2)cc1,0
CN(C)S(=O)(=O)c1cccc(C(=O)OCC(=O)Nc2ccccc2OC(F)F)c1,0
CCOC(=O)c1[nH]c(C)c(C(=O)Nc2ccc3c(c2)CCC3)c1C,0
O=C(Nc1ccccc1N1CCCC1)c1ccc2c(c1)OCO2,0
N#CCC(=O)N1CCn2c1nc1ccccc12,0
COC(=O)c1cc(Br)c(=O)n(CCN2CCOCC2)c1,0
COc1ccccc1Nc1ncnc2nc[nH]c12,0
COc1ccc(N2CCN(C(=O)Cc3ccc(-n4c(=O)[nH]c5ccccc5c4=O)cc3)CC2)cc1,0
COc1ccc(C(=O)COC(=O)Cn2nnc3ccccc32)cc1Br,0
[O-][N+]1=c2ccc(Nc3ccccc3)cc2=NC12CCCCC2,0
CCSc1nnc(NC(=O)c2nc(-c3ccccc3)n(-c3ccccc3)n2)s1,0
Cn1nnc(NC(=O)c2cccc(F)c2)n1,0
CCOC(=O)CSc1nc(C)c2ccc(C)cc2n1,0
COc1cc(NC(=O)C2CC(c3cccc(OC)c3OC)=NO2)cc(OC)c1OC,0
CCOc1ccc(NC(=O)c2ccc3c(c2)N(Cc2ccc(F)cc2)C(=O)CS3=O)cc1,0
Cc1ccc(-n2nc3c(c2NC(=O)c2c(-c4ccccc4Cl)noc2C)CS(=O)(=O)C3)c(C)c1,0
O=c1[nH]c2sc3c(c2c(=O)n1Cc1ccccc1)CCC3,0
C=CCNc1oc(-c2cccs2)nc1C#N,0
O=C(c1n[nH]c(=O)c2ccccc12)N1CCN(c2ccc(F)cc2)CC1,0
CCCCOc1ccc(-c2ncc(C(=O)O)c(C)n2)cc1,0
O=c1c2c3c(sc2n2c(=S)[nH]nc2n1Cc1ccccc1)CN(Cc1ccccc1)CC3,0
CCOC(=O)C(OC(=O)c1sc(=S)n(C)c1C)C(C)=O,0
O=C1CCn2cnc3cccc4ccc1c2c43,0
CS(=O)(=O)N(CC(=O)NC1CCCC1)c1cccc(F)c1,0
COc1cc(OC)c(C(=O)Nc2ccc(N(C)C)cc2)cc1OC,0
O=c1c2[nH]c3ccc(Br)cc3c2ncn1CCCn1ccnc1,0
Brc1ccccc1-c1nnc(COc2cccc3cccnc23)o1,0
Nc1nc(-c2ccco2)nn1C(=O)c1ccccc1,0
CNC(=O)c1ccc2nc(NC(C)=O)sc2c1,0
O=C(/C=C/c1cccc([N+](=O)[O-])c1)NCc1cccnc1,0
S=C(c1ccc(N2CCOCC2)cc1)N1CCOCC1,0
Cc1csc2nc(CSc3nc4ccccc4o3)c(Br)n12,0
Cc1ccc(-c2cc(C(=O)NCc3ccccn3)c3ccccc3n2)cc1C,0
CCn1c(SCC(=O)Nc2ccccc2N2CCOCC2)nnc1-c1ccccc1,0
CN(C)C(=S)NCc1ccccc1,0
CC1(C(=O)NC2CCCC2)CCC(=O)N1Cc1ccccc1,0
COc1ccc(NC(=O)NCc2ccncc2)cc1,0
CCOC(=O)c1ccc(N2C(=O)c3n[nH]c(C)c3C2c2cccnc2)cc1,0
COc1ccc(C(=O)Nc2cccnc2)cc1S(=O)(=O)N1CCOCC1,0
CNc1nc(C)nc(-n2nc(C)cc2C)n1,0
CCOC(=O)c1nc(Nc2ccccc2)c2ccccc2n1,0
Cc1ccc(/C=C/C(=O)O)cc1S(=O)(=O)NCCO,0
Cc1nc2nc3c(cn2n1)C(=O)CC(c1ccccc1)C3,0
Cc1cccc(C)c1NC(=O)C(c1ccccc1)N1CCOCC1,0
c1ccc(CNn2nnnc2-c2ccccc2)cc1,0
COc1cccc(/N=c2\oc3ccccc3cc2-c2nc3ccccc3[nH]2)c1,0
COc1ccc(CCNc2oc(-c3ccccc3OC)nc2C#N)cc1,0
Brc1ccc(-c2nnc3n2CCCCC3)cc1,0
O=C(NCCN1CCOCC1)c1cc(-c2ccccc2)on1,0
Nn1c(SCC(=O)Nc2ccc3c(c2)OCO3)nnc1-c1cccc(Cl)c1,0
CCCCN1C(=O)NC(=O)/C(=C(/C)NCCN2CCOCC2)C1=O,0
Cc1nc(SCC(=O)Nc2cc(C)on2)c2c(=O)n(C)c(=O)n(C)c2n1,0
N#Cc1nc(Cc2cccc3ccccc23)oc1NCCCn1ccnc1,0
Cc1ccc(C2CC(c3ccccc3)=NN2C(=S)Nc2ccccc2)o1,0
Nc1nc(SCc2ccc(Cl)cc2Cl)n[nH]1,0
CCn1c2ccccc2c2cc(CN3CCN(C(=O)c4ccco4)CC3)ccc21,0
COc1cc(OC)nc(NC(=O)CSc2nc3ccccc3o2)n1,0
Cc1ccc(S(=O)(=O)N(C)CC(=O)Nc2ccccc2)cc1,0
Cc1cccc(NC(=O)NCCN2C(=O)C3C4C=CC(C4)C3C2=O)c1,0
CCCC(C(=O)NC1CCCC1)N(C(=O)Cn1nnc(-c2ccc(C)o2)n1)c1ccccc1OC,0
CNc1c(N)n(Cc2ccccc2)c(=O)[nH]c1=O,0
O=C(CN(CCc1ccccc1)C(=O)CN1C(=O)COc2ccccc21)NCc1ccco1,0
O=C1OCCC1Sc1nc2ccccc2s1,0
O=C(CCSc1ccccc1)NCCSc1ccccn1,0
COc1cc(C(=O)NCCCN2CCCC2=O)cc(OC)c1OC,0
CC(C)(C)c1ccc(S(=O)(=O)N2CC(=O)Nc3ccccc32)cc1,0
O=C(Nc1cccc2ccccc12)/C(Cl)=C/c1ccccc1,0
Cc1cc(C)n(-c2ccc(C(=O)Nc3ccc(N4CCOCC4)cc3)cc2)n1,0
CCOCCCNC(=O)c1ccc(SC)cc1OC,0
O=C(O)c1cccc(-c2nnn(Cc3ccccc3)n2)c1,0
c1ccc(-c2nnn(C34CC5CC(CC(C5)C3)C4)n2)cc1,0
CCCCCCOC(=O)CCc1c(C)[nH]c(N)nc1=O,0
Cc1cc(C)nc(NC2=NC(=O)CC(C(=O)O)N2c2ccc(Oc3ccccc3)cc2)n1,0
CC(C)(C)c1cccc(OCCCSc2ncccn2)c1,0
CCCCC(=O)Nc1ccc(Br)cc1C(=O)O,0
O=C1c2ccccc2C(=O)N1CCc1nc2ccccc2c(=O)n1Cc1ccco1,0
NC1=N/C(=N\c2ccccc2)c2ccccc21,0
Cc1ccccc1-c1nnn(CC(=O)NCc2ccc3c(c2)OCO3)n1,0
Cc1cc2ncn(S(=O)(=O)c3ccc(S(=O)(=O)N4CCCCCC4)cc3)c2cc1C,0
CCCC(=O)Nc1nnc(CCN2CCCCC2)s1,0
Cc1cc(Oc2ccccc2)nc(N)n1,0
CCNC(=O)c1ccc(-n2nc(C)cc2-c2ccccc2)cc1,0
COc1ccccc1NC(=O)c1ccccc1-c1nc(-c2ccccc2OC)no1,0
CC(C)NC(=O)c1cc2cc(Br)ccc2oc1=O,0
O=C(NCC(=O)N(Cc1ccccc1)C(C(=O)NC1CCCC1)c1ccncc1)c1ccco1,0
COc1cccc(-c2noc(CCC(=O)Nc3cccnc3)n2)c1,0
CCOc1ccccc1Oc1c(C)oc2c(CN3CCN(C)CC3)c(O)ccc2c1=O,0
CN(c1ccccc1)S(=O)(=O)c1cc(C(=O)N2CCN(c3ccccn3)CC2)ccc1Cl,0
Cc1ccc(NC(=O)CSCC#N)cc1,0
O=C(COc1ccccc1)NC1CCN(Cc2ccccc2)CC1,0
c1ccc(COc2ccc(CN3CCN(c4ccccn4)CC3)cc2)cc1,0
O=C(O)c1ccccc1SCC(=O)N1CCCCC1,0
CCC1Oc2ccccc2N(CC(=O)NCCCN2CCOCC2)C1=O,0
CC1(C)Oc2ccc(C(=O)NC3CCCC3)cc2N(CC(=O)NC2CCCCC2)C1=O,0
CCCCn1c(Cl)nc2c1c(=O)n(C)c(=O)n2C,0
Cc1nc2nc3c(c(=O)n2[nH]1)CCCC3,0
Cc1cc(=O)oc2c(CN(C)Cc3ccccc3)c(O)ccc12,0
COc1ccc(/C=N/N2CCN(c3ccccc3OC)CC2)cc1OC,0
CC(=O)N(C)c1ccc(NC(=O)c2cnn(C)c2)cc1,0
COc1cc2c(cc1OC)/C(=C(/C#N)N=O)NC(C)(C)C2,0
CCN(c1cccc(C)c1)S(=O)(=O)c1ccc2c3c(cccc13)C(=O)N2,0
Cc1cccc(C)c1NC(=O)C(c1ccc(Cl)cc1Cl)N1CCCCC1,0
O=C(NCc1cccnc1)NC1(c2ccccc2)CC1,0
COC(=O)c1c(C)c(C)nc(N)c1C#N,0
CC(=O)c1ccccc1NC(=O)CSc1nnc2ccccn12,0
COc1cc(C(=O)N2CCC(n3c(C)nc4cc(F)ccc43)CC2)cc(OC)c1OC,0
CCCCn1c(NCCC)nc2c1c(=O)[nH]c(=O)n2C,0
Cc1ccc(-n2ncc3c(=O)n(CC(=O)N4CCCc5ccccc54)cnc32)cc1C,0
O=C(Cc1ccc(F)cc1)Nc1c2c(nn1-c1cccc(Cl)c1)CS(=O)C2,0
COc1ccccc1CNC(=O)C(CC(C)C)NC(=O)C1CCC(C)CC1,0
Cc1cccc(NC(=O)NCCc2c[nH]c3ccccc23)c1,0
CCS(=O)(=O)NCCc1csc(-c2ccccc2)n1,0
Cc1ccc(-c2c(=O)n(OCc3ccccn3)c3ccccc3[n+]2[O-])cc1,0
Cc1nnc(NC(=O)NCN2C(=O)C3C4C=CC(C4)C3C2=O)s1,0
COc1ccc(Cc2nnc3c4cnn(C)c4ncn23)cc1,0
COc1ccccc1-c1ccc(=O)n(CC(=O)Nc2ccc(C(=O)N3CCCC3)cc2)n1,0
CCN1C(=O)CC(N2CCN(c3ccc(C(=O)c4ccncc4)cc3)CC2)C1=O,0
Cc1ccc(/C=C(\C#N)C(=O)Nc2c(C)cccc2C)s1,0
CCc1nccn1S(=O)(=O)c1ccc2ccc(C)cc2c1,0
CCOC(=O)c1cc(C)n(-n2cnnc2)c1C,0
COc1ccccc1C(=O)NC1CCCCCCC1,0
CCSc1nc(N)c(C#N)c(-c2ccco2)c1C#N,0
O=C1NC(=O)C(CCc2ccncc2)(Cc2ccc3c(c2)OCO3)C(=O)N1CCc1ccccc1,0
Cc1cccc2cc(CN(CCc3ccccc3)C(=O)N3CCOCC3)c3nnnn3c12,0
CCCCNC(=O)Cn1c2c(c(-c3ccccc3Cl)cc1=O)CCC2,0
O=c1nc(-c2ccccn2)[nH]c2ccccc12,0
O=C(OCCN1CCCC1=O)c1cncc(Br)c1,0
COc1ccc(N2CCN(CCCNC(=O)CCCn3c(=O)[nH]c4ccsc4c3=O)CC2)cc1,0
COc1ccc2cc3cc(C(=O)NCCN4CCc5ccccc5C4)oc3nc2c1,0
CC1(C)Cc2nc(N)c(=O)sc2C1,0
Cc1cc(C(=O)CN2C(=O)NC3(CCCc4ccccc43)C2=O)c(C)n1Cc1ccccc1,0
O=C(CSc1nccn1-c1cccc(Cl)c1)NC1CCCC1,0
COc1ccc(/C=N/n2cnnc2SCCO)cc1,0
CCn1c(COc2ccc3c(c2)CCCC3)nnc1SCC(=O)Nc1nccs1,0
CCNC(=O)CC1C(=O)N(c2ccccc2)C(=O)N1CCc1ccc(OC)c(OC)c1,0
O=c1c2ccccc2nnn1Cc1ccccn1,0
Cc1ccc(S(=O)(=O)CC(=O)N2CCCC2)cc1,0
CC(C)C(=O)N/N=C/c1ccc(OCc2ccccc2)cc1,0
CCOC(=O)C(Sc1cc(C)nc(N)n1)C(C)=O,0
COc1ccc(-c2cc(CNC(=O)CN(C)Cc3ccccc3)on2)cc1,0
Cc1cc(C(=O)Nn2cnnc2)cs1,0
CC(C)CCNC(=O)C(c1ccco1)N(C(=O)Cn1nnc2ccccc21)c1ccc2c(c1)OCO2,0
Cc1ccc(NCCNc2ccc(C)cc2)cc1,0
Cc1cc(C)nc(NC(=O)C(c2ccccc2)c2ccccc2)n1,0
COc1cc(S(=O)(=O)N2CCOCC2)ccc1F,0
CC(/C=C/c1ccccc1)=N\NC(=O)C1CC1(C)c1ccccc1,0
CC(C)(C)NC(=O)NC(=O)CSc1nnc(COc2ccccc2Cl)o1,0
Cn1cc(Br)c(C(=O)NC2C3CC4CC(C3)CC2C4)n1,0
CC(C)(C)n1nc2c(c1NC(=O)c1ccccc1F)CS(=O)C2,0
O=c1ccc2cc3c([nH]c4ccc(Br)cc43)oc-2c1O,0
CCN(CC)c1cc2nonc2c2nonc12,0
Cc1noc(/C=C/c2ccco2)c1S(=O)(=O)N1CCC(C(=O)NC(C)c2ccccc2)CC1,0
CCOc1ncccc1C(=O)OCC(=O)NCCc1ccccc1,0
Cc1ccc(S(=O)(=O)NC(=O)Nc2cc(C)ccc2F)cc1,0
COc1cccc(C2=N/C(=C\N(C)C)C(=O)O2)c1,0
Cc1csc(NC(=O)Cc2coc3cc(C)c(C(C)C)cc23)n1,0
COc1ccc(C2NC(C(=O)O)Cc3c2[nH]c2ccccc32)cc1OC,0
CCCCOc1ccccc1C1NC(=O)NC(C)=C1C(=O)OCCOCC,0
c1cnc2c(OCc3cn4cccnc4n3)cccc2c1,0
CCCn1c(=O)c2ccccc2n2c(SCCOc3ccccc3F)nnc12,0
COc1ccc(C2C3=C(N=C4SCC(=O)N42)c2ccccc2CC3)cc1OC,0
COC(=O)c1ccccc1NC(NC(=O)c1ccco1)C(=O)c1ccc(C)cc1,0
CCCc1ccc(-c2cc(C(=O)N/N=C/c3ccc([N+](=O)[O-])o3)c3ccccc3n2)cc1,0
CCC(C)c1ccc2oc(-c3ccc(NC(=O)Cn4cnc5c(=O)n(C)c(=O)n(C)c54)cc3)nc2c1,0
CC(C)(C)c1cc(NS(=O)(=O)c2ccc3c(c2)OCCO3)on1,0
O=C(NCc1ccco1)C1CCCN1C(=O)NCc1ccccc1,0
O=C(CC1CCCCC1)NCCCN1CCOCC1,0
Cc1nc2ccc(C(=O)O)cc2[nH]1,0
COc1ccc(-n2c(SCC(=O)Nc3nccs3)nnc2-c2ccoc2C)cc1,0
CCOC(=O)N1CCN(Cc2nc3c(c(=O)n(C)c(=O)n3C)n2CCCc2ccccc2)CC1,0
COc1ccc(NC2CC(=O)N(CCc3ccccc3)C2=O)cc1,0
COC(=O)c1c(CSc2ccc(C)c(C)c2)noc1C(=O)NCc1ccc(OC)cc1,0
NC(=O)C1CCN(C(=O)c2ccc(C(F)(F)F)cc2)CC1,0
Cc1cc([N+](=O)[O-])ccc1NCc1ccc2ccccc2c1,0
CCOC(=O)Cc1c(C)nc2c(-c3ccccc3)c(C)[nH]n2c1=O,0
COc1ccc(-c2nnc(SCC(=O)NCc3ccco3)n2C)cc1,0
O=S(=O)(c1ccc(Cl)cc1)N1CCN(Cc2c[nH]c3ccccc23)CC1,0
COC(=O)c1cc(C)nc(N)c1C#N,0
CCOC(=O)N1CCN(C(=O)c2ccccc2N(C)S(C)(=O)=O)CC1,0
CCOC(=O)CSc1nc(C)cc(C)n1,0
O=C(c1cc2cc3ccc(Cl)cc3nc2o1)N1CCC2(CC1)OCCO2,0
COC(=O)c1[nH]c2cc(C)ccc2c1NC(=O)CN1CCCc2ccccc21,0
CC(C)Cc1ccc(C(C)C(=O)Nc2nccs2)cc1,0
c1ccn2c(Cc3nnc4ccccn34)nnc2c1,0
C=CCn1c(N2CCCCCC2)nc2c1c(=O)n(C)c(=O)n2C,0
CCOC(=O)c1[nH]c(C)c(CN(CCc2ccccc2)C(=O)CCC(=O)O)c1C,0
COc1ccccc1OCC(=O)NC1CCCCCC1,0
Cc1c(C(=O)N2CCOCC2)[nH]c2c1C(=O)CC(c1ccc(Cl)cc1)C2,0
Cc1nc(N2CCC(C)CC2)c2oc3ccccc3c2n1,0
O=C(CCS(=O)CCC(=O)NCc1ccccc1)NCc1ccccc1,0
Cn1c(-c2ccc(Br)o2)nc2ccccc21,0
NC(=O)c1oc2ccc(Cl)cc2c1NC(=O)CN1CCOCC1,0
O=c1nc(-c2ccccc2)n2n(Cc3ccccc3)c(O)c3ccccc3c1-2,0
CCC(C)n1nccc1NC(=O)C(C)OC(=O)c1cc2ccccc2[nH]1,0
CCn1c(CSc2nc3ccccc3s2)nnc1SCC(=O)c1ccc(O)c(O)c1,0
CN(C)S(=O)(=O)c1ccc(N2CCOCC2)c(C(=O)O)c1,0
Cc1cc(=O)n(C(NC(=O)c2ccccc2)C(=O)c2ccccc2)cn1,0
CCN1CCN(Cc2cc(Br)cc(Br)c2O)CC1,0
CCOC(=O)c1c(C)nn(S(=O)(=O)c2ccc(Cl)cc2)c1NCc1ccccc1,0
CSC1=C(C#N)C(c2ccc(C(C)C)cc2)CC(=O)N1,0
CCOc1ccc(S(=O)(=O)Nc2ccccn2)c2ccccc12,0
CCN(CC)c1ccc2oc(=O)c(C)nc2c1,0
CC(=O)c1ccc(S(=O)(=O)N2CCCC2)cc1,0
CCOc1ccc(C(=O)Nc2cccnc2)cc1Br,0
O=c1c(-c2cccc3ccccc23)[n+]([O-])c2ccccc2n1O,0
COc1ccc(OCC(=O)Nc2cccc(OC)c2)cc1,0
CC(C)(C)c1sc(N)nc1-c1ccccc1,0
CCOCCCNc1nc2c(c(=O)n(C)c(=O)n2C)n1CCCc1ccccc1,0
COc1ccccc1N1CCN(C(=O)c2oc3cc(C)c(C)cc3c2C)CC1,0
CCOC(=O)c1c(C)[nH]c2cc(Br)c(OC)cc12,0
COc1ccc(NC(=O)CN(c2cccc(F)c2)S(C)(=O)=O)cc1OC,0
N=c1c(C(=O)NCc2ccccc2)cc2c(=O)n3ccccc3nc2n1Cc1ccco1,0
COC(=O)c1[nH]c2cc(OC)ccc2c1NC(=O)CCN1CCN(Cc2ccc3c(c2)OCO3)CC1,0
COc1cc(=O)n(C)c2cc(N(C)C)ccc12,0
CCCCn1c(-c2nonc2N)nc2ccccc21,0
Cc1ccc(C(=O)C2C(c3ccc(-c4ccccc4[N+](=O)[O-])o3)NC(=O)NC2(O)C(F)(F)F)cc1,0
COc1ccc(C(=O)NNC(=O)Cc2ccc(-c3ccccc3)cc2)cc1OC,0
CC(=O)OCCNC(=O)c1cccnc1,0
O=C1c2ccccc2C(Nc2ccc(S(=O)(=O)N3CCOCC3)cc2)N1c1cccnc1,0
O=C1CC(c2ccc3c(c2)OCO3)Sc2nc3ccccc3n21,0
CCc1ccc(NC(=O)COC(=O)CN2C(=O)COc3ccccc32)cc1,0
O=C(Nc1ccc(F)c(F)c1)c1ccc2c(c1)OCO2,0
CCc1nnc(NC(=O)CSc2nnc(-c3ccccc3NC(=O)c3ccccc3)o2)s1,0
COc1ccc(S(=O)(=O)Cc2ccc(C(=O)NCCCN(C)c3ccccc3)o2)cc1,0
CC(=O)Nc1cc2c(cc1NC(=O)Cn1nc(-c3ccccc3F)ccc1=O)OCCO2,0
COC(=O)c1ccccc1Sc1c(/C=N/OCc2ccc(Cl)cc2)c(C(F)(F)F)nn1C,0
Cc1nc(N)c(C#N)c(-c2ccccc2)c1C,0
CC(C(=O)NCC1CCCO1)N(C(=O)c1snc(C(N)=O)c1N)c1ccccc1,0
CC(C)Nc1c(N)c(=O)oc2ccccc12,0
CCCn1c(SCC(=O)NCC2CCCO2)nc2c1c(=O)n(C)c(=O)n2C,0
CC(=O)Nc1ccc(S(=O)(=O)Nc2nnc(C(C)(C)C)s2)cc1,0
CCCCc1c(C)[nH]c(N)nc1=O,0
COn1c(SC2CCCCC2)nc2ccccc2c1=O,0
CCc1nnc(NC(=O)CSc2nnc(Cc3cccn3C)n2C)s1,0
CCCn1c(C(O)c2cc(OC)ccc2OC)nc2ccccc21,0
CCc1ccc(OCCCC(=O)Nc2ccc(N3CCCCC3)cc2)cc1,0
CC(=O)c1ccc(-n2nnnc2SCC(=O)Nc2cccc(NC(=O)c3ccco3)c2)cc1,0
O=S(=O)(c1cnccc1N1CCN(/N=C/c2ccc(Cl)cc2)CC1)N1CCCCC1,0
CCCC(=O)NCc1cc(-c2nn(C)c(=O)c3ccccc23)ccc1C,0
COc1ccc(Br)cc1-c1nc(C)c(C(C)=O)n1O,0
NS(=O)(=O)c1ccc(CCNc2nc(CN3CCCCC3)nc3sc4c(c23)CCC4)cc1,0
O=C1CC(c2cccc(F)c2)C2=C(CCCC2=O)N1,0
O=C(NCN1CCCCC1)c1cnccn1,0
CCc1c(O)n(C(C)CC)c(SCc2ccccc2)nc1=O,0
CCOC(=O)c1ccc(Nc2ncnc3nc[nH]c23)cc1,0
O=C(Nc1ccccc1N1CCOCC1)c1ccc2c(c1)C(=O)N(Cc1ccncc1)C2=O,0
CCOC(=O)CSc1nnc(CSc2nc(=O)c3ccccc3[nH]2)n1-c1ccccc1,0
O=C(NC1CCCC1)C(c1ccc(O)cc1)N(CC1CCCO1)C(=O)C1COc2ccccc2O1,0
Cc1ccccc1OCCCC(=O)Nc1nccs1,0
CN(c1ccccc1C(=O)N1CCOCC1)S(C)(=O)=O,0
O=C(NCCNC1=NS(=O)(=O)c2ccccc21)c1ccco1,0
Cn1c(=O)c2ncn(CC(=O)Nc3ccc4oc(-c5cccc6ccccc56)nc4c3)c2n(C)c1=O,0
Cc1c(C(=O)N(C)Cc2ccccc2)oc2ccc(S(=O)(=O)N3CCCC3)cc12,0
Cc1ccc(NC(=O)C(Cc2ccccc2)NC(=O)c2ccco2)cc1,0
COC(=O)c1ccc(NC(=O)CC2C(=O)N(c3ccc(C)cc3)C(=O)N2CC(C)C)cc1,0
Cc1ccc(-n2c(COc3c(C)cccc3C)nnc2SCC(=O)Nc2nccs2)cc1,0
COC(=O)CC1SCCNC1=O,0
COc1ccc(CCNC(=O)CCCCn2c(=O)[nH]c3ccccc3c2=O)cc1OC,0
O=C(O)C1C2C=CC(C2)C1C(=O)NC1CCN(Cc2ccccc2)CC1,0
COC(=O)C1=C(C)OC(N)=C(C#N)C1c1cccnc1,0
CCOC(=O)c1nn(-c2ccccc2)c2nc(Nc3ccccc3)cc(=O)n12,0
CCCc1cc(C(=O)O)c2ccccc2n1,0
Cc1ccc(N)c(C(=O)c2ccccc2)c1,0
Cc1cc(=O)n2[nH]c(SCc3ccccc3)nc2n1,0
COc1ccccc1Oc1ccc(S(=O)(=O)N2CCCC2)cc1,0
Cc1ccc(S(=O)(=O)NC2CCC(C(=O)O)CC2)cc1,0
Cc1ccc(-c2nc3ncccc3o2)cc1NC(=O)c1ccco1,0
O=[N+]([O-])c1ccc(N2CCNCC2)cc1NC1CC1,0
Cc1ccc([N+](=O)[O-])c2cccnc12,0
COCCCNC(=O)CCN1C(=O)COc2ccccc21,0
NC(=O)CN1CC(c2ccccc2)CC1=O,0
Nc1nc(SCc2ccc3c(c2)OCCO3)n[nH]1,0
CCOc1cc(CO)cc(Br)c1OCC(=O)O,0
COc1ccc(CCNS(=O)(=O)c2cn(C)c(=O)n(C)c2=O)cc1,0
C=CCn1c(CCNC(=O)c2cccs2)nnc1SCC(=O)Nc1cccc(C(C)=O)c1,0
O=C(c1ccccc1NS(=O)(=O)c1ccc(F)cc1)N1CCCC1,0
O=C(c1oc2ccccc2c1N1CCCCC1)N1CCCCC1,0
C=CCN(CC(=O)NCc1ccc(OC)cc1)C(=O)c1csnn1,0
COc1ccc(CN2CCn3ncc(C(=O)Nc4cccc(C)c4)c3C2=O)cc1,0
Cc1ccc(C(C)C)c(OCc2nc(-c3nonc3N)no2)c1,0
COc1cc(S(=O)(=O)N(CCc2ccccc2)Cc2cccs2)ccc1-n1cnnn1,0
S=c1sc2c(N3CCOCC3)ncnc2n1-c1ccccc1,0
O=Cc1ccc2oc3nc4n(c(=O)c3c(=O)c2c1)CCCS4,0
FC(F)(F)c1cc(-c2ccco2)nc(-n2cnc3ccccc32)n1,0
O=C(CN1C(=O)CSc2ccccc21)NC1CCCC1,0
CCOc1cc(C2CC(=O)c3c(ccc4ccccc34)N2)ccc1O,0
CCC(C)(C(=O)NC1CCCCC1)N(C(=O)c1cnccn1)c1c(C)n(C)n(-c2ccccc2)c1=O,0
CSCCc1nc(SCC(=O)Nc2nnc(C)s2)[nH]c1C,0
CCOC(=O)C1CCCCN1C(=O)CCc1c(C)nc2ncnn2c1C,0
COc1ccc(Cl)c(Cn2c(NCc3ccccn3)nc3c2c(=O)n(C)c(=O)n3C)c1,0
Cc1cc(C)c2c(CN3CCN(Cc4ccc5c(c4)OCO5)CC3)cc(=O)oc2c1,0
N#CC1=C(SCc2ccccc2)NC(=O)CC1c1ccco1,0
COC(=O)c1ccccc1NC(=O)NCc1ccco1,0
O=C(Nc1ccc(N2CCOCC2)cc1)c1cccnc1,0
CCOc1ccccc1NC(=O)N1CCC(NC(=O)c2cccc(C)c2)CC1,0
COc1ccc(-c2ncc3ccccn23)cc1,0
CN(CC(=O)NC1CCCCCC1)S(=O)(=O)c1ccccc1,0
CCn1c(SCC(=O)Nc2cc(NC(C)=O)ccc2OC)nnc1-c1ccncc1,0
O=C1CC(C(=O)O)SC(NNC(=O)c2ccccc2)=N1,0
CC(C)n1cc(C(=O)N(CC(=O)NC(C)(C)C)Cc2ccccc2)cn1,0
O=C(Nc1ccccc1)NC1CCCCC1,0
COc1cc(Nc2ccc(C)cc2)c([N+](=O)[O-])nc1[N+](=O)[O-],0
O=C(NC(=S)Nc1cccc(Cl)c1N1CCCCC1)c1ccco1,0
O=C(COc1ccccc1)Nc1ccc2c(c1)nc1n2CCSC1,0
Cc1ccc(/C=N/NC(=O)CSc2nc3nc(C)cc(C)n3n2)cc1,0
COC(=O)Nc1cc(C)nc2ccccc12,0
Cc1cc(C)c(S(=O)(=O)c2ccccc2)c(Cl)n1,0
S=C(NCc1ccccc1)NCC1COc2ccccc2O1,0
CC(=O)OC1CC(C)(C)N(OC(=O)c2ccc(N)cc2)C(C)(C)C1,0
CC1=C(C(=O)Nc2cc(C)ccn2)C(c2ccc(C)cc2)C2=C(CCCC2=O)N1,0
CCc1c(C)c(C#N)c2nc3ccccc3n2c1NCc1ccco1,0
COc1ccc(C(=O)NCc2ccccn2)cc1,0
Cc1ccc(N(CC(=O)NCc2ccco2)C(=O)CCC(=O)Nc2ccccn2)cc1C,0
Cc1ccc(-c2nc3ccc(N4C(=O)c5ccccc5C4=O)cc3[nH]2)o1,0
CCCC(=O)Nc1cc(-c2nn(C)c(=O)c3ccccc23)ccc1OC,0
O=C(Nn1cnnc1)c1cc2c(s1)CCCC2,0
CCOc1ccc(Br)cc1/C=N/NC(=O)c1ccncc1,0
CC(=O)Nc1ccc(C(=O)Nc2cccnc2)cc1,0
COc1cccc(CC(NC(C)=O)C(=O)NC2CCN(c3nc(C)cc(C)c3C#N)CC2)c1,0
CCOc1ccccc1N(C(=O)Cn1nnnc1-c1ccc(C)o1)C(CC)C(=O)NC(C)(C)C,0
O=C(COC(=O)c1cncc(Br)c1)NCCC1=CCCCC1,0
Cc1nn2c3ccccc3nc2n(Cc2ccccc2)c1=O,0
Cc1nn(-c2ccccc2)c(C)c1C(=O)OCC(=O)NC(=O)NC1CCCC1,0
CCn1cc(C(=O)NC2CCCCC2)c(=O)c2ccc(C)nc21,0
CC(C)CNc1cc(=O)n(C)c(=O)n1C,0
O=C(Nc1ccccc1Cl)c1cccc(NS(=O)(=O)c2ccccc2)c1,0
CN(C)c1ccc(C(c2nnnn2CCOC(=O)Nc2ccc(Cl)cc2)N2CCOCC2)cc1,0
CCn1c(C(C)NC(C)=O)nc2ccccc21,0
Cc1c(C(C)O)nnn1-c1nonc1N,0
O=C(NCc1ccc(F)cc1)C1CCN(C(=O)NCc2ccccc2)CC1,0
COc1ccc(Oc2coc3cc(OC(=O)c4cccs4)ccc3c2=O)cc1,0
CCc1cccc(C)c1NC(=O)c1cccc(N(C)C)c1,0
O=C1C2CCCN2C(c2ccc(Cl)cc2)N1c1nccs1,0
O=C(CSc1ncccc1C(=O)O)c1ccccc1,0
CC1CC2(CC(C)(C(=O)CSc3n[nH]c(-c4ccccc4Cl)n3)OC2=O)C(=O)O1,0
CC(C)Cc1nnc(NC(=O)c2ccncc2)s1,0
O=C(O)CCCCCNC(=O)c1ccccc1,0
CS(=O)(=O)N(Cc1ccccc1)c1ccc(C(=O)N2CCN(c3cccc(Cl)c3)CC2)cc1,0
CC(C)CC(NC(=O)c1ccccc1)C(=O)OCC(=O)Nc1ccc(Br)cn1,0
COc1ccc(C)cc1S(=O)(=O)N(C)CC(=O)N1CCCCCC1,0
COc1ccc2cc3cc(C(=O)NCCN4CCN(Cc5ccccc5)CC4)oc3nc2c1,0
COc1ccc(-n2c(SCC(N)=O)nnc2-c2ccc(NS(=O)(=O)c3ccc(C)cc3)cc2)cc1,0
CCCC(c1nnnn1CC(=O)OCC)N(Cc1cc2c(C)cc(C)cc2[nH]c1=O)C1CCCC1,0
N#Cc1c(-c2cccs2)[nH]c(SCC(=O)c2cccs2)nc1=O,0
O=C(/C=C/NNC(=O)c1ccccc1)c1ccccc1,0
CCn1cc(C(=O)O)c(=O)c2cc(Br)ccc21,0
CCOC(=O)c1ccc(N2Cc3ccccc3C2=N)cc1,0
COc1ccc2cc(C(c3nnnn3Cc3ccccc3)N3CCCCCC3)c(=O)[nH]c2c1,0
O=C(Nc1ccc2c(c1)C(=O)N(CC1CCCO1)C2=O)c1cccc(Br)c1,0
CC(=O)c1cc(-c2ccccc2)[nH]c1N1CCCC1,0
O=C(CCCn1c(=O)[nH]c2cc(Cl)ccc2c1=O)NCCN1CCN(c2ccccc2)CC1,0
CCN(CC)CC(O)COc1ccccc1C(=O)CCc1ccccc1,0
COC(=O)c1ccc(NC(=O)CN(Cc2ccc(Cl)cc2)S(C)(=O)=O)cc1,0
CCCCn1c(-c2ccccc2)nc2c(=O)n(C)c(=O)[nH]c21,0
O=C1c2sc3nc4n(c(=O)c3c2CCC1Br)CCCCC4,0
C=CCn1c(-c2ccco2)n[nH]c1=S,0
O=C1c2ccccc2NC(c2ccc3c(c2)OCO3)N1O,0
CCCSC1=C(C#N)C(c2ccccc2OCC)CC(=O)N1,0
Cc1c(C(=O)NCc2ccc(F)cc2)c(-c2ccccc2)nn1-c1ccccc1,0
O=C(NCC1(c2ccccc2)CCOCC1)c1ccc(Br)o1,0
Brc1ccc(OCCOCCOc2cccc3cccnc23)cc1,0
Clc1ccccc1OCc1nc(-c2ccncc2)no1,0
COc1ccc(CC(=O)Nc2ccc(-c3cn4ccccc4n3)cc2)cc1,0
C/C(Nc1cccc(F)c1)=C(/C#N)C(N)=O,0
CCc1nc2scc(-c3cccs3)c2c(=O)o1,0
CC1=C(C(=O)Nc2ccc(Br)cc2)C(c2ccco2)NC(=O)N1,0
COc1cccc(CN2C(=O)C3(C(C#N)=C(N)OC4=C3C(=O)CCC4)c3ccccc32)c1,0
Cc1cc(C)n(-c2cc(C)c(C)cc2Br)n1,0
c1ccc(COc2cccc(CN3CCN(c4ccccn4)CC3)c2)cc1,0
Cc1nn(-c2ccc(F)cc2)c2sc(C(=O)O)cc12,0
CS(=O)(=O)N(CC(=O)NCc1cccnc1)Cc1ccc(Cl)cc1,0
Cc1cc(OC(=O)c2ccc(S(=O)(=O)N(C)C)cc2)cc(=O)o1,0
CC(C)C(=O)N1CCN(c2ccc(NC(=O)c3ccc4c(c3)OCCO4)cc2Cl)CC1,0
Fc1ccc(/C=N/n2c(-c3cccs3)n[nH]c2=S)cc1,0
CCOc1ccc(NCC(=O)Nc2ccc(C)cc2C)cc1,0
COc1ccc(OCC(=O)Nc2cccc3ncccc23)cc1,0
Cc1ccc(S(=O)(=O)N(CC(=O)O)Cc2ccccc2)cc1,0
Nc1ccc(-c2nc3ccc(-c4nc5ccccc5o4)cc3[nH]2)cc1,0
Cc1cc(C)n(-c2nc(=O)c(C)n[nH]2)n1,0
Cc1cc(C)cc(NC(=O)C2CCCN2C(=O)Oc2ccccc2)c1,0
Cc1nc(=O)c(-c2ccccc2)c(C)n1-c1ccc(C(=O)O)cc1,0
CC1(C)CC(=O)C2=C(C1)Nc1[nH]n(-c3ccccc3)c(=O)c1C2c1ccc2c(c1)OCO2,0
CC(C)Oc1ccc(Cc2cnc(N)nc2N)cc1,0
Oc1ccc(N2CCN(C(c3ccncc3)c3nnnn3C3CCCC3)CC2)cc1,0
Cc1cc(C(=O)N2CCOCC2)n(-c2ccccc2)n1,0
Cc1cc(C)c2ccc(NN)nc2c1O,0
CCCCN1C(=O)NC(=O)/C(=C(/C)NCCCn2ccnc2)C1=O,0
CCCn1c(C)cc(C(=O)COc2ncnc3sccc23)c1C,0
Cc1ccc(Nc2nc3ccccc3[nH]2)nc1,0
COC(=O)c1ccc(NC(=O)c2cn(-c3cccc(C)n3)cn2)cc1,0
Cc1ccccc1C(=O)NNC(=S)NC(=O)COc1ccccc1,0
COc1ccc(CCn2c(=N)c(C(=O)NCc3ccco3)cc3c(=O)n4ccccc4nc32)cc1,0
CC(C)n1ncc(C(N)=O)c1N,0
CSc1nnnn1-c1cccc(O)c1,0
O=C(c1csc2c1CCCCC2)N1CCC2(CC1)OCCO2,0
CCOC(=O)CSc1nnc(C)n1N,0
COc1cccc(C(C(=O)NCc2ccco2)N(Cc2ccco2)C(=O)Cn2nnc3ccccc32)c1,0
CCCCn1nc2cc(C(=O)NCC3CC3)ccc2c1OCC,0
CCCc1cc(=O)nc(Nc2ccc(N3CCCCC3)cc2)[nH]1,0
CCOC(=O)C(C(=O)OCC)C1CCS(=O)(=O)C1,0
O=C(CSc1ccccc1C(=O)O)NCc1ccco1,0
O=C(CN1CCN(c2ccc(F)cc2)CC1)Nc1cccc(C(F)(F)F)c1,0
CCN(CC)CCNC(=O)c1ccc(NC2=NC3CS(=O)(=O)CC3S2)cc1,0
Cc1c(C(O)CN2CCN(Cc3ccc4c(c3)OCO4)CC2)c2ccccc2n1C,0
COCC(=O)NC1CCN(C(=O)Nc2ccc(Br)cc2)CC1,0
COc1cccc(Nc2ncnc3c2cnn3C)c1,0
CCCC(=O)c1c(NC)cc(C)oc1=O,0
Cc1ccccc1NC(=O)c1ccc(-n2cncn2)nc1,0
O=C(Cc1c(C(=O)O)[nH]c2ccccc12)NCCN1CCN(c2ccccc2F)CC1,0
COCC(=O)N(Cc1cc2cc(OC)ccc2[nH]c1=O)c1ccccc1,0
Cc1onc(-c2ccccc2)c1C(=O)Nc1ccnn1C1CCCCC1,0
COc1ccc(CC(=O)Nc2ccc3c(c2)OCO3)cc1S(=O)(=O)N1CCOCC1,0
O=C1CC(c2ccc(F)cc2)Cc2nc(NCc3ccco3)ncc21,0
O=c1nc(CN2CCCCC2)[nH]c2c1C1(CCCC1)Cc1ccccc1-2,0
COc1ccccc1NS(=O)(=O)c1cc(C)ccc1C,0
CCOCCCNc1nc2ccccc2[nH]1,0
Cc1ccccc1NN1C(=O)C=CC1=O,0
Cc1ccccc1OCC(=O)NC(=S)Nc1ccc2c3c(cccc13)CC2,0
O=C(COc1ccc(F)cc1Br)N1CCc2ccccc21,0
Cn1cnc2c(N3CCCCC3)nccc21,0
Cc1cccc(NC(=O)C2CCCN2C(=O)Oc2ccccc2)c1C,0
CC(C)CNC(=O)COC(=O)c1cncc(Br)c1,0
COC(=O)c1cc(C)sc1NC(=O)CCCC(=O)O,0
O=C(COc1ccccc1Cl)Nc1nc(-c2cccs2)cs1,0
Cc1ccc(C(=O)Nc2onc(C)c2C#N)cc1,0
COc1ccc(NC2=c3ccccc3=NC2=O)cc1,0
O=C1c2ccccc2NC(c2ccccn2)N1c1ccc(Cl)cc1,0
O=C(NCc1ccco1)c1cc(-c2ccccc2)on1,0
Cc1cc(C)c(NC(=O)CCCN2CCOCC2)c(C)c1,0
Cn1c(=O)c2c(nc(CN3CCc4ccccc4C3)n2CC(=O)c2ccccc2)n(C)c1=O,0
COc1ccc(C(=O)Cn2c(Br)nc3c2c(=O)n(C)c(=O)n3C)cc1,0
COc1cc2c(cc1NC(=O)CCCCCN1C(=O)CCC1=O)oc1ccccc12,0
CCCC(=O)NCCCc1nc2ccccc2n1CCC,0
COc1cccc(C(=O)NNC2=CC(=O)CC(C)(C)C2)c1,0
CCc1ccc(CN2C(=O)CCC2(C)C(=O)NC2CCCC2)cc1,0
O=C(NCc1cccnc1)c1ccccn1,0
CN1C(=O)N(c2cccc3ccccc23)C(n2cncn2)C1(C)C,0
COc1ccc(-c2nc3c(=O)n(C)c(=O)[nH]c3n2CCc2ccccc2)cc1,0
O=C(NCc1ccco1)c1ccc(=O)[nH]n1,0
COc1ccc(CNC(=O)CN(Cc2ccccc2)S(=O)(=O)c2ccc(Cl)cc2)cc1,0
C=CCNc1nc(C2(C)CC3(CC(C)(C)OC3=O)C(=O)O2)cs1,0
Cc1ccc(CN(C#N)c2nc(C)cc(C)n2)cc1,0
CCCn1c(C(O)c2ccc(OCC)cc2)nc2ccccc21,0
C/C(=N\NC(=O)CN1CCOCC1)C(C)(C)C,0
O=C(c1ccccc1)N(Cc1ccc(F)cc1)Cc1nc(=O)c2ccccc2[nH]1,0
N#Cc1c2n(c3c(=O)nc[nH]c13)CCCC2,0
CC1CCC(NC(=O)Cn2c(=O)[nH]c3ccsc3c2=O)CC1,0
COc1ccc(C(=O)NC(=S)Nc2ccc3c(c2)Cc2ccccc2-3)cc1,0
COc1ccccc1CNc1nc2nc3c(c(=O)n2[nH]1)CCC3,0
Cc1cc(NC(=O)c2cnn3cccnc23)no1,0
COCC(=O)NC1CCN(CC(=O)Nc2ccc(OC)cc2[N+](=O)[O-])CC1,0
CN/C=C1\N=C(c2ccccc2)OC1=O,0
Cc1ccn2cc(CCNS(=O)(=O)c3ccc(F)c(C(F)(F)F)c3)nc2c1,0
CCN(CC)C(=O)c1ccc(NS(=O)(=O)c2ccccc2)cc1,0
COc1ccc2[nH]c(=O)c(CN(Cc3ccc4c(c3)OCO4)C(C)=O)cc2c1,0
O=S(=O)(Nc1ccc2nc(-c3ccc(Br)o3)[nH]c2c1)c1ccccc1,0
Cc1ccccc1NC(=O)c1cccc(OCc2c(C)noc2C)c1,0
Cc1cc2c(N=O)c(NO)ccc2[nH]1,0
CCCC(=O)N1CCc2[nH]c3ccccc3c2C1,0
COc1ccc(Nc2ccc3c(c2)=NC2(CCCCC2)[N+]=3[O-])cc1,0
Cc1ccc2nc(C)cc(C(=O)OCC(=O)c3ccc(Cl)c([N+](=O)[O-])c3)c2c1,0
Cc1nnc2c3ccccc3c(-c3cccc4ccccc34)nn12,0
O=C(Nc1cccnc1)c1ccco1,0
CNC(=O)c1ccccc1S(=O)(=O)c1ccccc1C#N,0
C/C(Cl)=C/Cn1c(NCCN(C)C)nc2c1c(=O)n(C)c(=O)n2C,0
CN(c1ccc(C(=O)Nc2cccnc2)cc1)S(C)(=O)=O,0
CN(C)c1nc(N(C)C)n(S(=O)(=O)c2ccc3ccccc3c2)n1,0
CCN(C(=O)CN1CCN(c2ccccc2)CC1)c1c(N)n(Cc2ccccc2)c(=O)[nH]c1=O,0
COc1ccccc1N1CCN(Cc2cc(C)c(C)cc2O)CC1,0
CCCCn1nc2cc(C(=O)N(CC)c3ccc(OC)cc3)ccc2c1OCC,0
CCN(CCCNC(=O)COc1cc(=O)n(C)c2ccccc12)c1ccccc1,0
C(=N/N1CCN(Cc2cccc3ccccc23)CC1)\c1cccnc1,0
C/C(Cl)=C/CC1(CN2CCCC2=O)C(=O)NC(=O)NC1=O,0
CCCCC(=O)Nc1cc(C)c2c(=O)oc3ccccc3c2n1,0
Cc1nn(Cc2ccccc2)c(C)c1C(=O)Nc1ccc(N2CCOCC2)cc1,0
Cc1ccc(NC(=O)C2CC(c3ccc(F)cc3)=NO2)cc1,0
CCCOc1ccc(C(=O)Nn2c(C)nc3ccccc3c2=O)cc1,0
CCCCC1CCC(C(=O)Nc2c(C)n(C)n(-c3ccccc3)c2=O)CC1,0
CN(C)CCOc1nc(-c2ccccc2)nc2c1oc1ccccc12,0
CC(C)(C)c1ccc(S(=O)(=O)n2c(CN3CCOCC3)nc3ccccc32)cc1,0
COc1ccccc1N(C(C)=O)c1nc(C)cc(C)c1C#N,0
O=C(Nc1ccc(N2CCOCC2)c(Cl)c1)C1CCCCC1,0
CCCc1cc(=O)n2c(nc3ccccc32)[nH]1,0
COc1ccc(C2=NOC3(CC(=O)N(c4ccc(C)cc4)C3=O)C2)cc1,0
CCCCOC(=O)C(C#N)c1nc2ccccc2nc1N1CCN(Cc2ccc3c(c2)OCO3)CC1,0
Cc1cc(C(=O)O)ccc1-n1c(C)ccc1C,0
CCC(C)NC(=O)Cn1nc([N+](=O)[O-])c(Cl)c1C,0
O=C(Nc1ccccc1)c1ccn[nH]1,0
Cc1onc(-c2ccccc2)c1C(=O)Nc1ccc(N2CCOCC2)cc1,0
O=C(NCCN1CCCCCC1)C1CC(=O)N(CCc2ccccc2)C1,0
CCCCCSc1nc2c(c(=O)[nH]c(=O)n2C)n1C(C)C,0
COc1ccc2[nH]c3c(N4CC(C)OC(C)C4)ncnc3c2c1,0
CCOC(=O)c1ccc(NC(=O)CSc2ncccn2)cc1,0
c1ccc2sc(SCc3ccc(-c4nnco4)cc3)nc2c1,0
Cc1ccc(NC(=O)c2ccccc2N(C)S(C)(=O)=O)cc1C,0
CCn1c(CNC(=O)c2cccs2)nnc1SCC(=O)Nc1ccc(Cl)cc1,0
O=C(COC(=O)c1cncc(Br)c1)NCc1ccco1,0
COc1ccc(C(=O)Nc2ccc(S(=O)(=O)NC(C)C)cc2)cc1,0
OC(CN1CCN(c2ccccc2)CC1)c1c[nH]c2ccccc12,0
O=C(Nc1ccc2oc(-c3ccccc3F)nc2c1)c1ccc2c(c1)OCCO2,0
CCCn1nc(-c2ccccc2)c2nc3ccccc3nc21,0
COc1ccc(-n2cnc3c(cnn3CCC#N)c2=N)cc1,0
O=C(c1ccc(F)cc1)N1CCN(C(=O)c2cccnc2)CC1,0
CCOC(=O)/C(C#N)=C/c1cc(C)n(-c2ccc(Br)cc2)c1C,0
COc1ccc(Nc2nnc(-c3ccc(N4CCOCC4)c([N+](=O)[O-])c3)c3ccccc23)cc1,0
Cc1nn(C(=O)c2ccco2)c(C)c1Br,0
CCN1CCN(Cc2cc(=O)oc3cc4c(cc23)CCC4)CC1,0
Cc1ccc(N(CC(=O)Nc2cc(Cl)ccc2Oc2ccccc2)S(C)(=O)=O)cc1C,0
CCOC(=O)N1CCN(Cc2cc(=O)oc3ccc4ccccc4c23)CC1,0
Cc1ccc(C)c(OCC(=O)Nn2c(C)nc3ccccc3c2=O)c1,0
CN(C)S(=O)(=O)Oc1cccc(C(=O)Nc2ccc(Cl)c(Cl)c2)c1,0
O=C(c1cccs1)n1nc(-c2ccccc2)nc1NCc1ccc(F)cc1,0
CC(=O)NCC(=O)N(c1ccccc1)C1(C(=O)NC2CCCCC2)CCCCC1,0
N#Cc1nc(-c2ccccc2)oc1NCCN1CCCCC1,0
CC1=C(C(=O)OCc2ccccc2)C(c2ccc(N3CCOCC3)cc2)NC(=O)N1,0
Cc1cc(CCN2CCC(=O)NC2=O)ccc1OC(C)C,0
Cc1nn(C)cc1/C=N/NC(=O)c1ccc2c(c1)c(C)c(C)n2Cc1ccccc1,0
CCOc1ccc(C)cc1S(=O)(=O)N1CCCCC1,0
O=C(O)C1C2C=CC(C2)C1C(=O)Nc1ccc2c(c1)OCCO2,0
O=c1c2c(-c3ccccc3)csc2nc2n1CCC2,0
COCCn1c(CN2CCC(Cc3ccccc3)CC2)nc2c1c(=O)n(C)c(=O)n2C,0
CCc1ccc(Nc2nnc(SCn3nnc4ccccc4c3=O)s2)cc1,0
Cn1nnnc1SCC(=O)Nc1ccccc1C(=O)NC1CC1,0
CC(C)CC(=O)Nc1nnc(-c2ccco2)s1,0
Cc1cc(=O)oc(C)c1C(=O)Nc1ccc2nsnc2c1,0
COc1ccccc1Cc1noc(COc2cccc(C)c2C)n1,0
O=C(Cn1ccc([N+](=O)[O-])n1)NCc1cccs1,0
Cc1noc(C)c1COC(=O)CCCc1nc2ccccc2s1,0
CC(O)Cn1c(=O)c2c(nc(Br)n2Cc2ccccc2)n(C)c1=O,0
O=C(NCCO)c1ccc2nc(-c3ccco3)c(-c3ccco3)nc2c1,0
CS(=O)(=O)N(CC(=O)Nc1c(F)cccc1F)c1ccc(C23CC4CC(CC(C4)C2)C3)cc1,0
Cc1ccc(-c2cc(-c3ccccc3)c(C#N)c(N)n2)o1,0
CCCCCOC(=O)Cn1c(N2CCCCCC2)nc2c1c(=O)[nH]c(=O)n2C,0
COC(=O)c1ccc(CSc2nc3ccc(C)cc3[nH]2)o1,0
Cc1n[nH]c(C)c1Sc1ccccc1N/C=C1\C=C(Cl)C=C([N+](=O)[O-])C1=O,0
CCC(CO)Nc1ncnc2c1cnn2-c1ccc(OC)cc1,0
Cc1ccc(CNC(=O)C2c3ccccc3C(=O)N3CCc4ccccc4C23)o1,0
Cc1cc(NCc2ccco2)n2c(nc3ccccc32)c1C#N,0
COc1ccc(-c2csc3nc(C)n(-n4cccc4)c(=O)c23)cc1OC,0
CCC(=O)N(Cc1ccco1)c1nc(-c2cc(OC)ccc2OC)cs1,0
COc1cccc(NC(=O)c2oc3ccccc3c2NC(C)=O)c1,0
COc1cc(-c2cc(C(=O)N3CCN(c4ccccn4)CC3)c3ccccc3n2)cc(OC)c1OC,0
Cn1ncc(/N=C/c2ccccc2)c1C(N)=O,0
COc1cccc(Nc2ncnc3c2cnn3-c2cccc(C)c2)c1,0
COc1ccc2c(c1)c1ncn(CCc3ccccc3)c(=O)c1n2C,0
Cc1cccc(NC(=O)CSc2nc3ccc(N4C(=O)c5ccccc5C4=O)cc3s2)c1C,0
Cc1c(C(c2ccc([N+](=O)[O-])cc2)c2c(C)n(C)n(-c3ccccc3)c2=O)c(=O)n(-c2ccccc2)n1C,0
COc1cccc(OC)c1C(=O)Nc1ccc2c(c1)OCCO2,0
O=C(Nc1nc2ccc(S(=O)(=O)N3CCCC3)cc2s1)c1cccs1,0
O=C(c1ccc(Br)o1)N1CCN(c2ncccn2)CC1,0
CN(Cc1ccccc1)c1nc2c(c(=O)n(C)c(=O)n2C)n1CCCc1ccccc1,0
CCOC(=O)c1nc(C)n(-c2ccc(Cl)cc2Cl)n1,0
NS(=O)(=O)c1ccc(CCNc2nc(CN3CCOCC3)nc3sc4c(c23)CCC4)cc1,0
O=C(c1cc(N2CCCCC2)nc2ccccc12)N1CCOCC1,0
CCOC(=O)C1CCN(C(=O)c2ccc(OCC)c(OCC)c2)CC1,0
CCOc1ccc(N(CC(=O)NCC2CCCO2)S(=O)(=O)c2ccc(Cl)cc2)cc1,0
CCOc1c(Br)cc(C(N)=O)cc1OC,0
COc1ccc(Nc2nc3ccccc3c(=O)s2)c(OC)c1,0
CCC(=O)Nc1ccccc1C(=O)NC1CCCCC1,0
c1ccc(C(Cc2nc(-c3cccnc3)no2)c2ccccc2)cc1,0
COc1ccc(Cn2cccc(NC(=O)Nc3ccc(C#N)cc3)c2=O)cc1,0
c1cncc(-c2nnc3n2CCC3)c1,0
CCOCCCNC(=O)CCNC(=O)c1cc(OC)c(OC)c(OC)c1,0
C=CCc1cccc(CNc2nc3ccccc3n2CCC)c1O,0
O=C1CNC(=O)/C1=C\N1CCN(C(c2ccccc2)c2ccccc2)CC1,0
O=c1c2c(nc3cc(-c4ccccc4)[nH]n13)CCC2,0
COc1cccc2c(C)nc(Nc3nc(=O)cc(CSc4nnc(C)s4)[nH]3)nc12,0
CCOC(=O)C1CCN(C(c2cc3ccc(C)cc3[nH]c2=O)c2nnnn2C2CCCCC2)CC1,0
O=C(Nc1ccc2c(c1)oc1ccccc12)c1cccnc1,0
Cc1ccc(-n2ncc3c(=O)n(CC#N)cnc32)cc1C,0
COc1ccc(NC(=O)Nc2cccc(OC)c2)cc1,0
CCOC(=O)c1cc2c(C)nn(-c3ccccc3)c2s1,0
Cn1c(CCCNC(=O)c2cccs2)nc2ccccc21,0
O=C(CN1CCc2ccccc21)Nc1ccc2c(c1)OCO2,0
COC(=O)c1cc(NCc2cccs2)ccc1N1CCOCC1,0
CCOCCc1nnc(NC(=O)C(CC)c2ccccc2)s1,0
COc1cnc(-c2ccccc2)nc1Oc1cccc(C)c1C,0
N#Cc1nc(COc2ccc(Br)cc2)oc1NCCN1CCOCC1,0
Cc1cc(=O)oc(C)c1C(=O)NCc1c(F)cc(F)cc1F,0
CC(C)n1c(=O)[nH]c2ccccc21,0
COc1cccc(C(=O)/C=C/Nc2cc(C)ccc2O)c1,0
COc1ccc(-c2nc(C#N)c(NCCc3ccccc3)o2)cc1,0
CN1CCN(CC(C)(C)NS(=O)(=O)c2ccc(Cl)cc2)CC1,0
Clc1cccc(Cl)c1Cn1cnc(NCc2ccco2)c2ncnc1-2,0
COc1cc(CC(=O)OCC(=O)Nc2cc(S(=O)(=O)N3CCCC3)ccc2Cl)cc(OC)c1OC,0
O=C(O)c1cn(-c2ccccc2)nc1-c1ccncc1,0
CN(C)c1ccc(NC(=O)CN2C(=O)CN=C(c3ccccc3)c3ccccc32)cc1,0
COc1ccc(NC(=O)c2ccccc2NC(=O)NC2CCCCC2)cc1,0
Cc1ccc(Nc2nc(C)cc(C)n2)c(Br)c1,0
O=C(NC1CCCCC1)N1CCCC(c2nc3ccccc3[nH]2)C1,0
CCCn1c(NC(=O)c2ccccc2)nc2ccccc21,0
Cc1cc(C)nc(SCc2ccc(C(=O)O)o2)n1,0
Cc1nc2cc(O)ccc2n1C,0
CC1(C)C2([N+](=O)[O-])CNCC1([N+](=O)[O-])CNC2,0
Cc1cc(NC(=O)COc2ncnc3sc(C)c(C)c23)no1,0
Cc1cc(=O)[nH]c(SCC(=O)C23CC4CC(CC(C4)C2)C3)c1C#N,0
CCOC(=O)N1CCC(NC(=O)C2CCN(c3ccc(N4CCOCC4)nn3)CC2)CC1,0
COc1ccccc1OCC(=O)N(Cc1nc(-c2ccccc2)no1)C1CCCCC1,0
C=CCNC(=O)C1CCN(c2nc(C)cc(-c3ccccc3)n2)CC1,0
Cc1ccc(-c2nnc(N3CCN(C(=O)CN4CCOCC4)CC3)c3ccccc23)cc1,0
CC(C)Oc1cccc(C(=O)Nc2ccccc2N2CCOCC2)c1,0
O=C(c1ccccc1)c1cn(CC(=O)N2CCCc3ccccc32)c2ccccc12,0
CCN(C(=O)c1coc(=O)c2ccccc12)c1cc(OC)ccc1OC,0
O=C(NCCN1CCOCC1)c1ccccc1Oc1ccccc1,0
COC(=O)c1ccc2c(c1)SC1=C(CCCC1=O)N2,0
CC(C)(C)c1cc2cccnc2n1Cc1cccc(F)c1,0
Cc1cccc(N2CCN(CC(=O)Nc3nccs3)CC2)c1C,0
COc1cc(-c2nnc(SCC(=O)Nc3ccc4c(c3)OCCO4)o2)cc(OC)c1OC,0
COC(=O)c1[nH]c2ccc(F)cc2c1NC(=O)Nc1ccc(OC)cc1,0
COc1cc(C)ccc1OCCCOc1ccccc1Br,0
CCN(CC)c1ccc(/C=C2/C(=O)N(c3ccc([N+](=O)[O-])cc3)N=C2N2CCOCC2)cc1,0
COc1cccc(CNC(=O)CN(C)S(=O)(=O)c2cnc[nH]2)c1,0
CCn1cc(S(=O)(=O)CC(=O)Nc2cc(C)ccc2C)c2ccccc21,0
O=C(Cc1ccccc1)NCC(=O)OCC(=O)c1cccs1,0
CC(C)COc1ccc(CNC(=S)NCc2ccccc2)cc1,0
Cc1nc2nc(-c3cccnc3)[nH]n2c(=O)c1Cc1ccccc1,0
Fc1cccc(Cl)c1Cn1nnc(-c2ccc(N3CCOCC3)cc2)n1,0
O=c1c2[nH]c3ccccc3c2ncn1Cc1ccco1,0
COc1cccc(OC)c1C(=O)Nc1c(C)n(C)n(-c2ccccc2)c1=O,0
CCC1(NC(C)=O)CC2CC1CC2NC(C)=O,0
Cc1ccc(-c2nn(C)c(=O)c3ccccc23)cc1CNC(=O)/C=C/c1ccccc1,0
CCCNS(=O)(=O)c1ccc(CCC(=O)N2CCN(c3ccc(OC)cc3)CC2)cc1,0
CCCNC(=O)NC(=O)CSc1nc2cc(C(=O)OC)ccc2c(=O)n1-c1ccccc1,0
CCn1cc(CNC(=O)c2cc(-c3ccccc3OC)nc3ccccc23)c(C)n1,0
CCc1ccc(OCC(=O)Nc2cc(S(=O)(=O)CC)ccc2O)cc1,0
Cc1n[nH]c(N2CCN(Cc3ccccc3)CC2)nc1=O,0
COc1ccc(S(=O)(=O)N2CCCC2C(=O)Nc2nccs2)cc1,0
O=C(CSc1nc2ccccc2c(=O)n1-c1ccccc1)NCc1ccco1,0
CC(=O)OCC(=O)c1ccc2ccn(C(C)=O)c2c1,0
O=C(NCCCN1CCOCC1)c1ccc(Br)cc1,0
Cc1ccc(/C=N/N2CCN(Cc3cccc4ccccc34)CC2)o1,0
COc1ccccc1OCc1nc2c3c(-c4ccccc4)c(-c4ccccc4)oc3ncn2n1,0
CC(C)CC(=O)Nc1ccc2oc(-c3cccnc3)nc2c1,0
O=C(CN1CCOCC1)Nc1c(-c2ccccc2)c2cc(Br)ccc2[nH]c1=O,0
Cc1[nH]n(-c2cccc(Cl)c2)c(=O)c1-c1ccc(Cl)cc1,0
COC(=O)c1ccccc1NC(=O)CSc1nccn1C,0
CN(C1=C(N2CCCCC2)C(=O)c2ccccc2C1=O)c1ccccc1,0
COc1nc(OC)nc(N2CCCCCC2)n1,0
O=C(CN1CCc2[nH]c3ccccc3c2C1)N1CCCCC1,0
C=CCn1c(Br)nc2c1c(=O)[nH]c(=O)n2C,0
COc1ccc(NC(C)c2cc(Cl)ccc2O)cc1,0
O=c1c2ccccc2nc(-c2ccco2)n1-c1ccc(Br)cn1,0
O=C1CN=C(c2ccccc2)c2ccccc2N1Cc1ccc(C(F)(F)F)cc1,0
CCOC(=O)C1=C(C)N=C2SC(C)C(=O)N2C1c1ccc(OCC)c(OCC)c1,0
O=c1ccc2ccc(OCc3nnc(-c4ccccc4Br)o3)cc2o1,0
CC(=O)Cc1nsc(NC(=O)c2ccco2)n1,0
CCOc1ccc(C(=O)N(CN2CCCC2=O)c2ccc(C)cc2)cc1,0
CC(=O)c1cc(C#N)c(SCC(=O)O)nc1C,0
COC(=O)c1ccc(NC(=O)CSc2ccccn2)cc1,0
COCCNC(=O)C(C)OC(=O)c1nsc(Cl)c1Cl,0
O=c1cc(-c2ccc(F)cc2)oc2ccccc12,0
CCOc1ccc(N(CC(=O)NC2CCCC2)C(=O)CCC(=O)Nc2ccccn2)cc1,0
CCOc1ccc(CNC(=O)C2CCN(S(=O)(=O)CC)CC2)cc1OC,0
Cc1ccc(CN(Cc2cccnc2)C(=O)CN2C(=O)COc3ccccc32)o1,0
O=C(O)c1cccc(Nc2nc(N3CCOCC3)nc(N3CCOCC3)n2)c1,0
CC1(C)CC(=O)C(=CNCCN2CCN(C(=O)Cc3ccccc3)CC2)C(=O)C1,0
CN(C)/C=N/C(=O)/C(C#N)=C1\CCc2ccccc2N1,1
CN(C)CCOc1ncnc2c1oc1ccccc12,0
O=C(Nc1ccccc1-c1ccccc1)NC1CCN(CC(=O)N2CCOCC2)CC1,0
CC1OC(NCCc2ccccc2)C(O)C(O)C1O,0
Cc1occc1C(=O)Nc1cc(=O)n(C)c(=O)n1C,0
COc1ccc(C(=O)NC(C)c2nnc(SCC(=O)Nc3nc(C)cs3)n2C)cc1,0
CCOc1ccc(Nc2cc(=O)n(C)c(=O)n2C)cc1,0
Cc1cc(OCn2ccc(C(=O)O)n2)ccc1Cl,0
CC(C)c1ccc(Oc2cccc(C(=O)/C(C#N)=C/N(C)C)c2)cc1,0
CCOC(=O)N1CCN(C(=O)C2CCCN(S(C)(=O)=O)C2)CC1,0
CCOc1ccccc1N(CC(=O)NC1CCCCC1)C(=O)CNC(=O)c1ccco1,0
O=C(CN1C(=O)CC(c2ccccc2)=Nc2ccccc21)NCc1ccccc1,0
Cc1ccc2c(c1)cc(CN(Cc1ccco1)C(=O)COc1ccccc1)c1nnnn12,0
CN(C)S(=O)(=O)c1cc(C(=O)NCCCn2ccc3ccccc32)ccc1Cl,0
Oc1ccc(CNc2ccccc2)c2cccnc12,0
Cc1ccoc1C(=O)Nc1ccc(CC(=O)O)cc1,0
CC(C)(C)NC(=O)CN1CCC(O)(c2ccc3c(c2)OCO3)CC1,0
Cc1cc(C)cc(N(CC(=O)NCc2ccc3c(c2)OCO3)C(=O)CCC(=O)Nc2ccccn2)c1,0
CCNc1nc(NC(C)C)nc(OCCOC(=O)Nc2ccccc2)n1,0
Cc1cc(C)n2nc(SCc3nnc(SCc4ccccc4C)s3)nc2n1,0
O=c1ccn(Cc2ccc(Cl)cc2Cl)c(O)c1Cc1ccc(F)cc1,0
CCCCn1cc(C(=O)c2cc(Br)ccc2O)cc(C#N)c1=O,0
CC1(C)CC(=O)C=C(NCCN2CCNCC2)C1,0
O=C(Nc1ccc(Cl)cc1)N1CCC(c2nc(-c3cccs3)no2)CC1,0
C/C(NCCN1CCOCC1)=C(\C#N)C(N)=O,0
CC(Sc1ccccn1)C(=O)Nc1ccccc1,0
CCOc1ccc(C(=O)OCC(=O)NCc2ccco2)cc1OCC,0
Cc1cc(OCC(=O)Nc2ccc(OCc3ccccc3)cc2)nc(C(C)C)n1,0
COc1ccc(N/C=C(/C(C)=O)c2ccccc2)cc1,0
COc1ccc(CCNC(=O)c2ccco2)cc1,0
Cc1cc(C)cc(N2CCCn3c2nc2c3c(=O)n(CC(=O)OCc3ccccc3)c(=O)n2C)c1,0
COc1ccccc1-c1ccc(=O)n(CC(=O)NC(C)(C)C)n1,0
CCOC(=O)c1cnc(-n2nc(C)cc2C)nc1N(C)C,0
O=c1cc(-c2ccccc2)nc2nc(CCc3ccccc3)[nH]n12,0
CCOc1nc(OCC)nc(N2CCC(C)CC2)n1,0
COc1ccc(C)cc1NC(=O)NC1CCN(Cc2ccccc2)CC1,0
CN1C(=O)N2CN(C3CCCCC3)CN3C(=O)N(C)C1C23,0
O=C(NC1CCCCC1)N1CCN(C(=O)c2ccco2)CC1,0
CCOc1ccc2c3c(c(=O)oc2c1OCC)CCCC3,0
c1ccc(-c2nnc(Cn3c4ccccc4c4nc5ccccc5nc43)o2)cc1,0
COc1ccccc1NC(=O)CSc1nnc(Cn2nnc(-c3ccccc3)n2)n1-c1ccccc1,0
COc1ccc(NC(=O)c2ccc(-n3nc(C)cc3C)cc2)cc1OC,0
Cc1sc2nc(SCc3nc(-c4cccs4)no3)n(-c3ccccc3)c(=O)c2c1C,0
OC1(c2ccccc2F)CCN(Cc2nnc(-c3ccccc3)o2)CC1,0
CCc1ccc2nc3nc(C)cc(C)c3c(N)c2c1,0
O=C(NC12CC3CC(CC(C3)C1)C2)C1CCCN1C(=O)NC1CCCCC1,0
COc1ccc(N2C(=O)NC(=O)/C(=C\NCCCn3ccnc3)C2=O)cc1,0
COC(=O)c1ccccc1NC(=O)n1cc(C)cn1,0
CC(C)C(NC(=O)c1ccccc1)c1nnc(SCC(=O)Nc2nccs2)n1C,0
CC(C)OCCCNC(=O)c1ccc(N(C)S(C)(=O)=O)cc1,0
Fc1cccc(Nc2nc3ccccc3n3nnnc23)c1,0
CCCCOc1ccccc1C1NC(=O)NC(C)=C1C(=O)OCc1ccco1,0
CCOC(=O)c1[nH]c2ccc(OC)cc2c1NC(=O)CN1CCSCC1,0
CCCn1cnc2c(N)c(C)c(C)cc21,0
Cc1cc(NC(=O)c2ccccc2F)n(-c2nc3ccccc3[nH]2)n1,0
O=S(=O)(Nc1ccc2c(c1)OCO2)c1ccccc1,0
CCN(c1ccc(OC)cc1)c1ncnc2nc[nH]c12,0
COCCn1nnnc1CN(CCc1ccc(OC)c(OC)c1)Cc1cc2ccc(C)cc2[nH]c1=O,0
COC(=O)c1ccccc1NC(=O)CN(C)S(=O)(=O)c1ccc(OC)c(C)c1,0
CC(C)(C)NC(=O)CSc1nnc(NC(=O)CCn2cnc3ccccc3c2=O)s1,0
Cc1c(Cl)c([N+](=O)[O-])nn1Cc1ccc(C(=O)NN/C=C2\C=C(Cl)C=CC2=O)o1,0
O=C(Cc1ccc(Cl)cc1)Nc1ccc(-c2nnc(-c3ccco3)o2)cc1,0
CCOC(=O)Nc1ccccc1C(=O)N1CCOCC1,0
CCn1c(CSc2nnc(C)n2-c2ccccc2)nc2cc(S(=O)(=O)N(C)C)ccc21,0
O=C(CSC1=NN/C(=C2/C=Nc3ccccc32)N1CC1CCCO1)Nc1ccc2c(c1)OCCO2,0
O=C(NC1CCCc2ccccc21)c1ccc(CNc2c(N3CCOCC3)c(=O)c2=O)cc1,0
CCCCCCCSc1nc(=O)cc(N)[nH]1,0
CCN1CCN(S(=O)(=O)c2cc(OCC(=O)NC3CCCCC3)c(C)cc2Cl)CC1,0
Cc1c(C(=O)N2CCOCC2)[nH]c2ccc(OCc3ccccc3)cc12,0
CCOC(=O)c1c(NC(=O)CSc2nncn2C)sc(C)c1C,0
Cc1cc(C)nc(N2CCCC(C(=O)Nc3cc(F)ccc3C)C2)n1,0
Cc1ccc(CNS(=O)(=O)NCc2ccccc2)cc1,0
CC(C)(C)c1nc(S(=O)(=O)c2ccc(Cl)cc2)c(N2CCOCC2)o1,0
Cc1cc(C)nc(NC(=O)C(C)C)n1,0
CC(CCc1ccccc1)NC(=O)c1nnc(Cc2ccc(Cl)cc2)o1,0
Cc1ccc(C(=O)n2cnnc2N)cc1C,0
COc1ccc(NC(=O)Nc2ccc3nsnc3c2)cc1,0
O=C(CCC1COc2ccccc2O1)Nc1ncccc1O,0
O=C(Oc1ccccc1)Oc1ccc2c(c1)oc(=O)c1ccccc12,0
CCN1C(=O)CC(NCc2ccc3c(c2)OCO3)C1=O,0
O=C(OCN1C(=O)c2ccccc2C1=O)c1cccs1,0
O=C(Nc1ccc(F)cc1)N1CCn2c(nc3ccccc32)C1,0
Cc1cc(OCC(=O)NCc2nc(-c3ccccc3)no2)c(C)cc1Br,0
CCn1nc(C(=O)N2CCN(Cc3ccc4c(c3)OCO4)CC2)c2ccccc2c1=O,0
CCOC(=O)CSc1nc2ccccc2c(=O)n1CC1CCCO1,0
COc1ccc(OCC(=O)NNC(=O)c2ccccn2)cc1,0
CCN(CC)C(=O)c1cc2cc(Br)ccc2oc1=O,0
Cc1cc(C(=O)CSc2nc3ccc(Cl)cc3[nH]2)c(C)n1C,0
Cc1cc(C)n(C(=O)c2c([N+](=O)[O-])c(C)nn2C)n1,0
Cc1ccc(-c2cc(C(=O)Nc3ccc4c(c3)OCCO4)c3ccccc3n2)cc1,0
CCOc1cc2c(C)cc(=O)oc2cc1Cl,0
C=CCn1c(CC(=O)OC)cs/c1=N\c1ccc(C(C)=O)cc1,0
COc1ccc(Nc2ncnc3c2cnn3Cc2ccc(C)cc2)cc1,0
CCN(CC)S(=O)(=O)c1cccc2cc(C(=O)O)c(O)cc12,0
COc1cc(OC)c(C#N)c(S(=O)(=O)Cc2ccccc2)c1,0
CCCN1CCN(C(=O)Nc2ccc(C(=O)OCC)cc2)CC1,0
O=C(CN(Cc1ccccc1)C(=O)c1ccco1)NCc1ccc(F)cc1,0
COc1cc(C(=O)OCC(=O)Nc2cc(C)on2)cc(OC)c1OC,0
CCC(=O)Nc1ccc(C(=O)n2ccc(C)n2)cc1,0
COc1ccc(N(Cc2ccco2)C(=O)c2ccccc2F)cc1OC,0
CC(C)(C)N1CC(c2nc3ccccc3n2CCOc2ccccc2)CC1=O,0
CCOC(=O)c1nn(-c2ccc(C)cc2)cc1O,0
Cc1cc(C)c(NC(=O)C2CCN(c3cnccn3)CC2)c(C)c1,0
Cc1cc(N2CCN(C)CC2)n2cc(-c3ccc(F)cc3)nc2n1,0
CC1(C(=O)O)CCC(C(=O)Nc2ccccc2)C1(C)C,0
CCOC(=O)c1cc(CC)sc1NC(=O)c1cc([N+](=O)[O-])ccc1N1CCOCC1,0
O=C(NNC1=NCCCCC1)c1ccccc1,0
CC(C)OC(=O)CCCCCN1C(=O)CSC1=S,0
Cc1nc2ccccc2c(=O)n1N,0
CCc1c(C)nc2c(C#N)c[nH]n2c1=O,0
O=C(Cn1cc(C(=O)C2CC2)c2ccccc21)NC1CCCC1,0
COC(=O)c1ccc(CSc2nnc(SCc3ccc(C(=O)OC)o3)s2)o1,0
CCOC(=O)C1=C(CC)NC2=C(C(=O)CCC2)C1c1ccc(OC)c(OC)c1,0
O=C(COc1c(Br)cc(Br)c2cccnc12)N1CCc2ccccc2C1,0
O=C(CN(Cc1ccco1)C(=O)CNS(=O)(=O)c1ccc(Cl)cc1)NCc1ccc(F)cc1,0
Cc1cccc(NS(=O)(=O)Cc2ccccc2)n1,0
CCOC(=O)c1cccc(N2C(=O)c3ccccc3S2(=O)=O)c1,0
CCOc1ccc2ccccc2c1C(=O)Nc1cc(=O)n(C)c(=O)n1C,0
Cc1ccc(NC(=O)C(=O)NC2CCCCC2)cc1,0
Cc1cc(C)n2cc(CSc3nc4cc(Cl)ccc4o3)nc2n1,0
CCCOc1ccc(C(=O)N2CCN(c3ccc(N)cc3Cl)CC2)cc1,0
CN(C)C(CNC(=O)c1cccnc1Sc1ccccc1)c1ccco1,0
CCOC(=O)c1csc(NC(=O)C2CCCCC2)n1,0
O=C(Nc1ccccc1)N1CCCC1,0
CC(=O)N1N=C(c2ccc(C)o2)CC1c1ccc(Br)cc1,0
COc1ccc(NC(=O)N2CCCC2C(=O)Nc2ccccc2)cc1,0
CC(=O)c1cccc(NS(=O)(=O)c2cc(OCC(N)=O)c(C)cc2Cl)c1,0
CCn1c(=O)cc(SCC(=O)NCc2ccco2)c2ccccc21,0
NC(=O)CC12CC3CC(C1)CC(CC(N)=O)(C3)C2,0
O=C(CSc1nnc2sc3ccccc3n12)N1CCN(c2ccccc2)CC1,0
COc1ccc(/C=C/C(=O)N(C(C)C)C(C)C)cc1Br,0
Cn1cnnc1SCC(=O)NCCc1ccccc1,0
CC(=O)Nc1ccc(S(=O)(=O)n2nc(C)cc2C)cc1,0
Cn1c(COc2ccc(Cl)cc2)nnc1SCc1ncc(-c2ccccc2)o1,0
Cc1ccc(OC(=O)COc2ccccc2C)c(-n2nc3ccccc3n2)c1,0
O=C(NCCc1ccccc1)c1ccc(=O)[nH]c1,0
CCOC(=O)c1c(C)oc2cc3c(C(=O)OCC)c(C)oc3cc12,0
CCOC(=O)c1cnn(-c2ccccc2)c1-n1cccc1C(=O)C(=O)Nc1ccc(F)cc1,0
CC1=C(C(=O)OCC(C)C)C(c2cc3c(cc2Br)OCO3)NC(=O)N1C,0
Brc1cccc(-c2nnc3n2CCCCC3)c1,0
N#Cc1cc2c(nc1SC1CCCCC1O)CCCC2,0
O=C(NCc1ccccc1)NC(=O)c1ccncc1,0
CS(=O)(=O)N1CCc2cc(C(=O)O)ccc21,0
N#Cc1nc(Cc2ccccc2)oc1NCCc1ccccc1,0
CCOC(=O)c1nn(-c2ccccc2F)c(-c2ccccc2)c1C(=O)c1ccccc1,0
CC(C)CNc1nnnc2c1sc1nc(N3CCOCC3)c3c(c12)CC(C)(C)SC3,0
O=C(Nc1cccc(Cl)c1)Nc1nnc(-c2ccccc2)o1,0
COc1ccc(/C=N/n2c(-c3ccco3)nc3ccccc3c2=O)cc1,0
Cn1c(NC(=O)c2ccco2)cc(=O)n(C)c1=O,0
CCCC(=O)Nc1ccc(N2CCOCC2)cc1,0
Cc1cc2nc(-c3cccc(NC(=O)c4ccc(Br)o4)c3)oc2cc1C,0
O=C(CCS(=O)(=O)Cc1ccccc1F)N1CCc2ccccc2C1,0
CCOC(=O)N1CCC(NC(=O)c2cc(C)c3c(C)nn(-c4ccccc4)c3n2)CC1,0
Cc1nnc(SC(C)C(=O)Nc2ccc(S(=O)(=O)N3CCCCCC3)cc2)s1,0
Nc1c(C(=O)NCc2ccccc2)c2nc3ccccc3nc2n1-c1ccc2c(c1)OCO2,0
Brc1ccc(CN2CCN(c3ccccn3)CC2)s1,0
COc1cc(-c2nnc(COC(=O)c3c4c(nc5ccccc35)CCCC4)o2)cc(OC)c1OC,0
Cc1occc1C(=O)Nc1cccnc1,0
Cc1ccc(S(=O)(=O)O/N=C2\CCCc3occc32)cc1,0
O=C1OC(Nc2nc3ccccc3s2)c2ccccc21,0
O=C1N/C(=C\c2ccc(N3CCOCC3)c(F)c2)C(=O)N1Cc1ccccc1,0
CC(C)(C)Nc1c(N)c(=O)oc2ccccc12,0
Cc1c(-c2ccccc2)[n+](=O)c(-c2ccco2)c(C)n1[O-],0
COc1ccccc1-c1nc(C#N)c(N2CCC(C(N)=O)CC2)o1,0
O=C1CC(N2CCC(C(=O)N3CCCCC3)CC2)C(=O)N1,0
CCOc1ccccc1CNC(=O)CCN1C(=O)COc2ccccc21,0
CCOC(=O)c1ccc(COc2nc3ccccc3nc2-c2ccccc2NC(C)=O)o1,0
Cc1ccc(C(=O)NNC2=NCCC2)cc1,0
O=C(CSCCO)N1CCc2ccccc21,0
Cc1ccnc(NC(=O)Nc2ccc(F)cc2)c1,0
O=S(=O)(c1ccccc1)N1CCN(c2nnnn2-c2ccccc2)CC1,0
CCOC(=O)C1CCCN(C(=O)c2ccco2)C1,0
CCOc1ccc(OCC)c(NC(=O)c2[nH]c(C)c(C(C)=O)c2C)c1,0
CN(C)c1nc(Oc2ccc(C(=O)OCC(=O)Nc3ccccc3)cc2)nc(N(C)C)n1,0
COc1ccc(S(=O)(=O)Nc2cc(C)on2)cc1OC,0
Cc1cc(N)n2nc(C)c(-c3ccccc3)c2n1,0
Cn1c(=O)n(C)c2cc(C(=O)O)ccc21,0
Cc1ccc(-c2nn(Cc3ccccc3)cc2/C=C/C(=O)O)cc1,0
O=C(NC1CCCCC1)c1ccccc1NC(=O)C1CC1,0
Cc1cc(Cl)c(S(=O)(=O)Nc2ccon2)cc1OCC(=O)NC1CCCCC1,0
CCN(CC)c1ccc(N/C=C2\C(=O)NC(=O)N(c3cc(OC)ccc3OC)C2=O)cc1,0
CNC(=O)c1cn(-c2ccccc2)c(=O)c2ccccc12,0
N/C(=N\OS(=O)(=O)c1ccc2ccccc2c1)c1ccncc1,0
CC(C)C1SC(N/N=C/c2ccco2)=NC1=O,0
N#Cc1c(NC(=O)CN2C(=O)c3ccccc3C2=O)oc(-c2ccccc2)c1-c1ccccc1,0
O=C(NCc1ccco1)Nc1ccc2snnc2c1,0
COc1cccc(CNc2cnc3ccccc3c2)c1O,0
COc1ccc(OCC(=O)NNC(=O)c2ccc(-c3ccccc3)cc2)cc1,0
C#CCn1/c(=N/C(=O)c2ccc(Br)s2)sc2cccc(OC)c21,0
CCCCc1c(O)n2c(nc1=O)SCC2,0
O=C(NCc1cccs1)c1ccccc1C(=O)NCc1cccs1,0
N#CCSc1sc(C#N)c(NC(=O)c2ccc(F)cc2)c1-c1ccccc1,0
O=C(Nc1ccccc1)N(CCCN1CCOCC1)Cc1cccs1,0
O=C(NCC(=O)N1CCCCC1)c1ccc(Cl)cc1Cl,0
Cn1ccnc1SCc1ccc([N+](=O)[O-])cc1,0
Cn1c(=O)[nH]c(=O)c2c1nc(Br)n2CCCc1ccccc1,0
O=C(NCC(=O)N(CCc1ccccc1)C(C(=O)NC1CCCC1)c1cccnc1)c1ccco1,0
COCCCNC(=O)c1ccccc1NS(=O)(=O)c1ccc(C)cc1,0
Cc1cccn2cc(CNC(=O)CC3CCCC3)nc12,0
CCOC(=O)CSc1nnc(CNC(=O)c2ccco2)n1C,0
COCCNc1nnc(SCC(=O)N2CCN(S(=O)(=O)c3ccccc3)CC2)s1,0
C/C(=N\N1CCN(c2ccccn2)CC1)c1ccc([N+](=O)[O-])cc1,0
C/C(=C\C#N)n1nc(C)cc1N,0
Cc1cccc(C(=O)N2CCN(Cc3ccc4c(c3)OCO4)CC2)c1,0
Cc1ccc(NC(=O)c2cc(NC(=O)CCC(=O)O)ccc2N2CCCCC2)cc1,0
CCN(CC)c1ccc(-c2nc3cnccn3c2NC2CCCC2)cc1,0
COc1ccc(Cn2nnnc2C(c2cc3ccc(OC)cc3[nH]c2=O)N2CCC(C)CC2)cc1,0
Cc1nnc(NC2(C(F)(F)F)C(=O)Nc3c2c(=O)n(C)c(=O)n3C)s1,0
COc1ccc(C(=O)N(Cc2nc(-c3ccc(C)cc3)no2)C(C)C)cc1OC,0
Cc1ccc(CCNC(=O)CCNS(=O)(=O)c2ccc3c(c2)c(=O)n(C)c(=O)n3C)cc1,0
CCC(C)(C)NC(=O)C(c1ccccc1F)N(C(=O)c1ccn[nH]1)c1ccccc1,0
Fc1ccc(-c2ccnc3nc(-n4cccc4)nn23)cc1,0
Cc1ccccc1N1CCN(C(=O)C2CCCCC2)CC1,0
CCOC(=O)N1CCN(S(=O)(=O)c2ccc3c(c2)CCN3C(=O)C2CC2)CC1,0
O=C(Nc1cccc2ccccc12)c1cn(-c2ccccc2)nc1-c1cccs1,0
O=C(Cn1c(=O)oc2ccccc21)Nc1ccc2c(c1)OCCO2,0
O=C(CSc1nnc(-c2ccccc2)n1Cc1ccccc1)N1CCOCC1,0
CCCNC(=O)Nc1ccc2c(c1)nc(C)n2C,0
O=C(CCCn1c(=O)oc2ccccc21)Nc1cccnc1,0
Cn1c(=O)[nH]c(=O)c2c1nc(N(CCO)Cc1ccccc1)n2CCCc1ccccc1,0
COc1ccc(-c2noc(CCC(=O)N3CCN(c4cc(C)ccc4C)CC3)n2)cc1,0
CN(C(=O)N1CCN(c2ccccn2)CC1)c1ccccc1,0
Cc1ccoc1C(=O)NCCCNC(=O)c1occc1C,0
CCCN(CC(=O)Nc1c(C)cccc1CC)C(=O)SCC,0
CCCCCn1c(N)c(-c2nc3ccccc3s2)c2c([N+](=O)[O-])nn(CC)c(=O)c21,0
CCOC(=O)N1CCC(NC(=O)COc2cc(=O)n(C)c3ccccc23)CC1,0
Cc1cccc(NS(=O)(=O)c2cccc3nsnc23)c1,0
Nc1ncnc2c1ncn2CCNCCc1ccccc1,0
CCOC(=O)c1cc2c(ccn2C)n1CC(=O)N1CCCC(C)C1,0
COc1ccc(/C=N/n2cnnc2SCCO)cc1OC,0
CCOC(=O)C1CCN(C(=O)Nc2ccc3snnc3c2)CC1,0
CCc1nnc(NC(=O)CSc2nnc(CSc3nc(C)cc(C)n3)n2CC)s1,0
Cc1cc(NC(=O)CCCC(=O)Nc2ccc(F)cc2)no1,0
COC(=O)c1cc(C)sc1NC(=O)c1cccnc1,0
Cn1cnc2cc(NC(=O)c3ccco3)ccc21,0
Nc1ccc2oc3ccc(N)cc3c(=O)c2c1,0
CCSc1nc2sc3c(c2c(=O)[nH]1)CCCC3,0
CCc1c(-c2ccccc2)nc2nc(C)c(C)nn12,0
COc1cc2[nH]c(=O)n(-c3cccc(Cl)c3)c(=O)c2cc1OC,0
O=C1NC(c2ccc3c(c2)OCO3)Nc2ccccc21,0
Cn1c(=O)c2c(nc(NCCCN3CCOCC3)n2Cc2cccc(Cl)c2)n(C)c1=O,0
Cc1cc(C)n2c(SCC(=O)NCc3ccco3)nnc2n1,0
COC(=O)c1ccc(NS(=O)(=O)c2cccc3cccnc23)cc1,0
O=C(CCCOc1ccccc1)n1nnc2ccccc21,0
Cn1c(=O)[nH]c(=O)c2c1nc(N1CCCC1)n2CC(O)COc1ccccc1,0
CCc1cc(C(=O)Cc2nc3ccccc3[nH]2)c(O)cc1O,0
CC1=C/C(=N/OS(=O)(=O)c2ccccc2)C=CC1=O,0
CCOC(=O)CSC1=C(C#N)C(c2sccc2C)CC(=O)N1,0
CN(C)C(CNC(=O)CN1C(=O)NC2(CCc3ccccc32)C1=O)c1ccco1,0
Cn1nc(-c2ccc(OCC(=O)Nc3cccnc3)cc2)c2ccccc2c1=O,0
CCn1nc(C)c(NC(=O)/C=C/c2cnn(C)c2C)c1C,0
Cc1nc(CSc2ccc(Cl)cc2)cc(N2CCOCC2)n1,0
CCC(C(=O)NCc1ccco1)N(C(=O)CNS(=O)(=O)c1ccc(C)cc1)c1ccccc1OC,0
Cc1nn(-c2ccccc2)c(N2CCCC2)c1/C=N/O,0
Cc1ccc(C(=O)Nc2c(C(=O)NCc3ccco3)cnn2-c2ccccc2)cc1,0
CCN1/C(=C\C(C)=O)Sc2ccc(OC)cc21,0
COc1ccc(CCNC(=O)CSc2ncnc3c2oc2ccccc23)cc1OC,0
CC(C)(C)NC(=O)c1cccc(NC(=O)CSc2ccccc2)c1,0
CCn1c(-c2ccccc2Cl)nn(CC(=O)Nc2ccccc2OC)c1=S,0
COc1ccc(CC(=O)NC2CCN(CC(=O)Nc3ccc4c(c3)OCCO4)CC2)cc1OC,0
CCSc1nnc(NC(=O)CSc2nc3c(c(=O)n2-c2ccccc2)SCC3)s1,0
CCOC(=O)c1sc(NC(=O)C2CC2)nc1C,0
O=c1[nH]n(Cc2ccccc2)c(=O)c2ccccc12,0
CCCC(=O)Nc1nnc(-c2cccc(OCC)c2)s1,0
N/C(=N\OC(=O)c1ccc2c(c1)OCO2)c1ccc(Cl)cc1,0
Cc1ccc2[nH]c(=O)c(N3CCOCC3)c(-c3ccccc3)c2c1,0
N/C(CN1CCCC1=O)=N\O,0
Cc1c(C#N)c2ccccc2n1CC(=O)NCCc1c[nH]c2ccccc12,0
C=CCN(CC=C)S(=O)(=O)c1ccc(NC(=S)NC(=O)c2ccc(-c3ccccc3)cc2)cc1,0
CCCNS(=O)(=O)c1ccc(NC(=O)Cc2cccs2)cc1,0
CCCNS(=O)(=O)c1ccc(NC(=O)c2cccnc2)cc1,0
COc1ccccc1N1CCN(C(=O)c2ccc(Cl)c(S(=O)(=O)NCc3ccco3)c2)CC1,0
Cc1ccc(C)c(/N=N/c2nc3ccccc3n2C)c1,0
COC(=O)c1cccc(N2C(=O)c3ccccc3S2(=O)=O)c1,0
CCCn1nnnc1SCC(=O)NCc1ccc2c(c1)OCO2,0
NC(=O)C1CCN(c2oc(-c3ccccc3F)nc2S(=O)(=O)c2ccc(Cl)cc2)CC1,0
Cc1ccc(/C=C/S(=O)(=O)N2CCC(C(=O)O)CC2)cc1,0
Clc1ccc(-c2nnc(SCc3ccon3)o2)c(Cl)c1,0
CCOCCCn1cnc2c(c1=O)c1nc3ccccc3nc1n2-c1ccccc1,0
COc1cc(N2CCCC2)c(OC)cc1/C=C(/C#N)c1ccc(Br)cc1,0
CC(C)c1ccc(NC(=O)CN(Cc2ccccc2)S(C)(=O)=O)cc1,0
CC(=O)Nc1ccc(S(=O)(=O)n2cnc(C)c2)cc1,0
COc1cccc(CNC(=O)c2ccccc2N)c1,0
Cc1ccccc1S(=O)(=O)Nc1cccnc1,0
COc1cccc(C(C(=O)NC(C)(C)C)N(C(=O)CCC(=O)Nc2cc(C)on2)C2CC2)c1OC,0
Cc1nc2cc(CC(=O)O)ccc2o1,0
Cc1ccc(/C=N/NC(=O)Cc2c[nH]c3ccccc23)c(C)c1,0
COc1ccccc1NC1=NCC(=O)N1Cc1ccccc1,0
O=C(Nc1ccccc1Cl)c1ccc(S(=O)(=O)N2CCOCC2)cc1,0
O=C(Cn1ccc2ccccc2c1=O)NCC1COc2ccccc2O1,0
O=C1c2ccccc2C(=O)N1CCc1nc(-c2cccnc2)no1,0
CCOC(=O)N1CCN(C(=O)c2cc(C)c3c(C)nn(-c4ccccc4)c3n2)CC1,0
COc1ccc(CNC(=O)C2CC(c3ccc(F)cc3)=NO2)cc1,0
O=C(CCc1ccccc1)NNC(=O)c1ccco1,0
NC(=O)c1ccccc1OCC(=O)NS(=O)(=O)c1ccc(Cl)cc1,0
O=C(CN1CCC(NC(=O)c2ccccc2)CC1)NCc1ccccc1F,0
CCOC(=O)C1CCN(Cc2c(O)ccc3ccccc23)CC1,0
N#Cc1c(NC(=O)CCN2C(=O)c3ccccc3C2=O)oc(-c2ccccc2)c1-c1ccccc1,0
OC1C2CCC1C(N1CCCCC1)CC2,0
CCC1SC2=NC(C)=C(C(=O)OCCOC)C(c3ccc(C(=O)OC)cc3)N2C1=O,0
Cc1ccc(SCCCn2cnc3ccccc3c2=O)cc1,0
COC(=O)c1ccc(N2C(=O)CC(Sc3n[nH]c(C)n3)C2=O)cc1,0
CC(=O)Nc1ccc(-c2cc(NC(C)=O)n(-c3ccccc3)n2)cc1,0
Cc1nn(C)cc1CNC(=O)c1cccc(Br)c1,0
S=C(c1ccc(-c2ccc(Cl)cc2Cl)o1)N1CCCCC1,0
COc1ccc(CCNC(=O)CCCn2c(SCC#N)nc3ccccc3c2=O)cc1OC,0
CC(C)NS(=O)(=O)c1ccc(CCC(=O)O)cc1,0
Cc1onc(-c2c(F)cccc2Cl)c1C(=O)Nc1nc2c(s1)CCCC2,0
Cc1cc(C)nc(SCc2n[nH]c(=S)n2C)n1,0
O=C(c1ccco1)N1CCN(C(=O)c2oc(=O)c3ccccc3c2-c2ccccc2)CC1,0
O=C(Nc1cccnc1)c1cc(-c2ccco2)on1,0
CCOC(=O)c1c(C)[nH]c(C(=O)OCC(=O)Nc2cc(C)c(Cl)cc2OC)c1C,0
c1ccc(Nc2ccccc2Nc2ccccn2)nc1,0
CN(C)S(=O)(=O)c1cccc(C(=O)NCCc2ccccc2)c1,0
Cc1ccccc1-c1nc2sc3c(c2c(=O)o1)CCC3,0
O=C(CCc1c[nH]c2ccccc12)NCc1ccc2c(c1)OCO2,0
CCOCCCNC(=O)C1CCN(C(=O)Nc2ccc(C)cc2)CC1,0
COC(=O)C1CCN(CC(=O)Nc2sc3c(c2C#N)CCC3)CC1,0
Cc1noc(C)c1CSc1nnc(-c2ccncc2)n1-c1ccc(Cl)c(Cl)c1,0
COc1ccc(CCNC(=O)Cn2nnc(-c3ccc(N4CCOCC4)cc3)n2)cc1OC,0
CCOC(=O)c1[nH]c(C)c(C(=O)NCCC2=CCCCC2)c1C,0
Cc1nnc(SCCn2c(N3CCC(C)CC3)nc3c2c(=O)[nH]c(=O)n3C)s1,0
CN1C(=O)CSc2ccc(NC(=O)Nc3ccccn3)cc21,0
Cc1cc(C(=O)COC(=O)CCc2nc3ccccc3s2)c(C)n1C,0
CCN1C2=C(C(=O)CCC2)C(c2ccc(O)c(Br)c2)C2=C1CCCC2=O,0
CCCc1cc(Nc2cccc(OC)c2)n2ncnc2n1,0
Cc1cc(NC2C3CC4CC(C3)CC2C4)n2ncnc2n1,0
CCOC(=O)C1=C(C)NC2=C(C(=O)CC(C)(C)C2)C1c1ccc2c(c1)CCCN2C,0
CCCS(=O)(=O)N1CCN(C(=O)c2ccccc2F)CC1,0
CCCCN1C(=O)NC(NC(=O)c2ccco2)(C(F)(F)F)C1=O,0
Cc1ccc(-c2nc3ccc(C(=O)O)cc3nc2-c2ccc(C)cc2)cc1,0
CC1(C)CC(=O)C=C(N2CCCC2)C1,0
CCOc1ccccc1-n1c(SCC(=O)Nc2nccs2)nnc1-c1ccoc1C,0
O=C(Nc1ccc(N2CCN(C(=O)c3ccco3)CC2)c(Cl)c1)c1cccs1,0
CN(C)c1nc(Oc2ccc(N)cc2)nc(N(C)C)n1,0
COCCOC(=O)C1=C(C)N=C2N=C(C)NN2C1c1ccc(F)cc1,0
Cc1cc(NC(=O)CNC(=O)C2CCCCC2)no1,0
O=C(NCc1cccnc1)c1ccc(CN2CCc3ccccc3C2)cc1,0
CCOC(=O)N/N=C(\C)c1ccc(Br)cc1,0
COc1ccc(C(=O)Nc2cccc(-c3nc4ncccc4o3)c2C)cc1,0
CCNc1nc(NCC)nc(OCCOC(=O)COc2ccc(Cl)cc2Cl)n1,0
Cc1ccc(S(=O)(=O)NCC(=O)N(CC(=O)NC2CCCCC2)CC2CCCO2)cc1,0
c1ccc2c(c1)[nH]c1c(N3CCN(C4CCCCC4)CC3)ncnc12,0
Cc1ccc2[nH]c(=O)c(-c3nc4c(C)cccn4c3NCc3ccco3)cc2c1,0
CCOc1ccccc1COC(=O)c1cccc(-n2cnnn2)c1,0
Cn1cc(C(=O)c2ccc(F)cc2)cc1-c1nc2ccccc2n1C,0
CCOC(=O)C(C)(C)Sc1ncnc2nc[nH]c12,0
COCCN(C(=O)Cc1cccs1)c1nnc(-c2cccnc2)s1,0
COc1ccc(C)cc1NC(=O)Nc1ccc(Br)cn1,0
CC(C)/C=C1\CCCCC1N(C)C(=O)NC(C)C,0
Cc1ccc(-c2cc3nn(-c4ccccc4)c(N)c3c(=O)o2)cc1,0
O=C(Nc1ccccn1)N1CCOCC1,0
COc1ccc([N+](=O)[O-])cc1NC(=S)Nc1ccccc1,0
Cc1ccc(NC(=O)c2cccc(OCc3c(C)noc3C)c2)c(C)c1,0
O=C(Nc1ccc2c(c1)OCO2)C1CCN(S(=O)(=O)c2cccs2)CC1,0
CCOc1nc(NCCc2ccc(OC)c(OC)c2)nc(N2CCN(c3ccc(OC)cc3)CC2)n1,0
COc1ccc2nc(NC(=O)C3CCCN(S(=O)(=O)c4cccc5nsnc45)C3)sc2c1,0
CCn1c(CC(=O)Nc2ccc(C)c(Cl)c2)nnc1SCCOc1ccc(OC)cc1,0
CCOC(=O)C1CCN(C(=O)c2cn(-c3ccccc3)nc2-c2cccnc2)CC1,0
O=C(Cc1n[nH]c(=O)c2ccccc12)Nc1cccc(-c2nnc3n2CCCCC3)c1,0
N#Cc1c(N2CCN(C(=O)c3ccco3)CC2)nc(-c2ccccc2)c2c1CCCC2,0
Cc1cccc(OCc2nc3ccccc3c(=O)n2N)c1,0
Cc1cc(=O)nc(SCC(=O)NCCOc2ccccc2)[nH]1,0
CCOc1ccc(C(=O)Nc2nnn(CC)n2)cc1,0
C=C(C)Cn1c(CCCNC(=O)C(C)(C)C)nc2ccccc21,0
Cc1csc(NC(=O)c2ccccc2C(=O)O)n1,0
Cc1ccc(C)c(-c2nn(-c3cc(N4CCN(CCO)CC4)ccc3[N+](=O)[O-])c(=O)c3ccccc23)c1,0
COCCn1c(-c2ccccc2)nc(=S)c2c1CC(C)(C)OC2,0
Cc1nc2ccccc2n1C1CCN(CC(=O)NCc2ccc(F)cc2)CC1,0
COc1cc(OC)cc(C(=O)Nc2ccccc2NC(C)=O)c1,0
COc1ccc(N2C(=O)CC(n3cnc4ccccc43)C2=O)cc1,0
COCCNC(=O)C(c1cccc(OC)c1)N(C(=O)Cn1nnc2ccccc21)c1cccnc1,0
Cc1c(C)n(C(=O)CSc2nc3ccccc3[nH]2)c2ccccc12,0
CC(C)(C)c1cc(NC(=O)COC(=O)c2ccc3c(=O)n4c(nc3c2)CCC4)n(-c2ccccc2)n1,1
CC1Cc2ccccc2N1C(=O)COC(=O)c1cccnc1Cl,0
O=C(NNC(=O)C1CCN(Cc2ccccc2)CC1)c1cccc(Cl)c1,0
C=CCn1c(SCC(=O)Nc2ccccc2)nc2scc(-c3cccs3)c2c1=O,0
COc1ccc(Nc2ccccc2)c(C)c1,0
CCn1c(N2CCN(C(=O)Nc3ccc(F)cc3)CC2)nc2ccccc21,0
CNC(=O)c1[nH]cnc1C(=O)Nc1cccc(OC)c1,0
O=C(NCCc1ccncc1)C12CC3CC(CC(C3)C1)C2,0
O=C1NC(=S)N(c2ccc(Cl)cc2)C(=O)/C1=C/N1CCN(C(=O)c2ccco2)CC1,0
CC(C)Cn1nnc2c(=O)oc3ccccc3c21,0
CC(=O)/C(=N\Nc1ccccc1)N1CCOCC1,0
Nn1c(N2CCCCC2)nc2ccccc21,0
Cc1ccc(CNS(=O)(=O)c2ccc3oc(C(=O)O)c(C)c3c2)cc1,0
COc1cc(C2N(c3ccccn3)C(=O)C3CCCN32)cc(OC)c1OC,0
CN1CCN(C(=O)c2cc3c(n(-c4ccccc4)c2=O)CC(C)(C)CC3=O)CC1,0
O=C(Nc1sc2c(c1C(=O)c1ccc(Cl)cc1)CCCC2)c1cccnc1,0
CC1(C)Cc2ccccc2-c2nnc(SCC(=O)N3CCN(c4ccccc4)CC3)n21,0
N#Cc1c(N)nc(SCC(=O)C23CC4CC(CC(C4)C2)C3)c(C#N)c1-c1ccc(Cl)cc1,0
COc1ccc(CCNC(=S)Nc2cc(C)cc(C)c2)cc1,0
O=c1nc(NC2CCCCC2)[nH]nc1Cc1ccccc1,0
COc1cc2nc(C3CCC3)n(NC(=O)C3CCC3)c(=O)c2cc1OC,0
Cc1ccc(C2(c3ccc(C)cc3)CC2C(=O)Nc2ccc([N+](=O)[O-])cc2O)cc1,0
Cc1ccccc1NC(=O)N1CCCC1C(=O)NCc1cccs1,0
C=CCNC(=O)c1ccc(Sc2ccccc2)c([N+](=O)[O-])c1,0
Cc1c(C(=O)N2CCCCCC2)oc2ccccc12,0
Cc1cccc(C(=O)OCC(=O)Nc2ccc(N3CCCCC3)cc2)c1O,0
N#Cc1c(N)nc2c(c1-c1ccncc1)CCCCC2,0
Clc1ccc(Cn2ncc3c(NCCN4CCOCC4)ncnc32)cc1,0
CC1CC(=O)C2=C(C1)Nc1ccccc1N(C(=O)COc1ccccc1)C2c1ccco1,0
CC(C)(C)c1ccc(-c2nc(C#N)c(NCc3ccncc3)o2)cc1,0
CCC(C)OC(=O)C1C(c2ccccc2)C(C(=O)O)C1c1ccccc1,0
Cc1cccc(OCCn2c(S(=O)(=O)O)nc3ccccc32)c1,0
COc1cccc(NC(=O)N2CCCC2C(=O)NC2CC2)c1,0
CS(=O)(=O)Nc1ccc2c3c(cccc13)CC2,0
CCn1c(SCC(=O)NCCc2ccc(F)cc2)nnc1-c1cccs1,0
CCc1nc2ccc(C(=O)NCc3ccco3)cc2nc1CC,0
COc1ccccc1N1CCN(CC(=O)Nc2ccc(Cl)c(C(F)(F)F)c2)CC1,0
Cc1ccccc1C(=O)/N=c1\c(C#N)cc2c(=O)n3cccc(C)c3nc2n1Cc1ccco1,0
CCOc1ccc(-c2nc(C#N)c(NCc3ccc4c(c3)OCO4)o2)cc1,0
Cc1cccc(NC(=O)c2cc(N3C(=O)CCC3=O)ccc2Cl)n1,0
CCCn1nc(Oc2nc(SC)nc(N(C)C)n2)ccc1=O,0
CC(C)Cc1cc(-c2ccco2)c(C#N)c(N)n1,0
COc1ccc(OC)c(NC(=O)C2C3CCC(C3=C(C)C)C2C(=O)O)c1,0
N#Cc1nc(-c2ccc(OCc3ccccc3)cc2)oc1NCc1cccnc1,0
COc1ccc(C(=O)Nc2nc3ccccc3[nH]2)cc1OC,0
Cc1cc(NC(=O)NC2CCCN2S(=O)(=O)c2ccc(Cl)cc2)no1,0
CC1=C(C(=O)N2CCCCC2)C(c2cccs2)C2=C(CCCC2=O)N1,0
CCOc1ccc(C(=O)Nc2ccccc2N2CCOCC2)cc1,0
COc1cccc(/C=C(\C#N)c2ccc(C(C)=O)s2)c1,0
O=C(CNC1CCCCC1)N1CCc2ccccc2C1,0
O=C(COc1ccc(F)cc1)Nc1ccc(-n2cnnn2)cc1,0
Cc1ccc(C(=O)O/N=C/c2c(N3CCOCC3)n(C)c3ccccc23)cc1,0
CNC(=O)c1cccc(N2CCCC2=O)c1,0
CCCCC(=O)Nc1cccc(NC(=O)c2ccc(Br)cc2)c1,0
O=C(O)c1ccccc1-c1ccccc1C(=O)NCc1ccco1,0
S=C1NC2=C(C(c3ccc(Br)cc3)N1)N1CCC2CC1,0
COc1ccc(NC(=O)Nc2cc3oc4ccccc4c3cc2OC)cc1,0
Cc1ccc(-c2noc(CCC(=O)NCCN3CCOCC3)n2)cc1,0
COc1ccc(CC(=O)OCC(=O)NC(=O)NC2CCCCC2)cc1,0
CC(C)CC(=O)Nc1ccc(C(=O)COc2ccc(-c3nnco3)cc2)cc1,0
Cc1ccccc1C(=O)Oc1cccc(Nc2ncnc3ccccc23)c1,0
O=c1nc(SCCOc2ccccc2)[nH]c2ccccc12,0
CCC(C)(C(=O)NC1CCCC1)N(Cc1cccs1)C(C)=O,0
CCCCOc1ccc(-c2nc(SCC(N)=O)n[nH]2)cc1,0
Cc1ccc(C)c(N2CCN(C(=O)CN(C)S(=O)(=O)c3ccc4c(c3)CCC(=O)N4)CC2)c1,0
CC1(C)CC(=O)C(=CNc2ccc3[nH]ncc3c2)C(=O)C1,0
Cc1cccc(C)c1OCC(=O)Nn1c(COc2ccccc2)nc2ccccc2c1=O,0
Cc1ccnc(NC(=O)c2cc(S(=O)(=O)N3CCCCC3)ccc2Cl)c1,0
O=C(c1ccco1)N1CCN(CC(O)Cn2c3ccccc3c3ccccc32)CC1,0
CCC1C(=O)N=C(SCC(=O)Nc2ccccc2)NC1=O,0
O=C1OC(c2ccccc2)=C/C1=C/N1CCOCC1,0
C=CCOC(=O)C1C(=O)CC(C)(O)C(C(=O)OCC=C)C1c1ccc(OCC)cc1,0
CCc1nc(C)cn1S(=O)(=O)c1cc(Br)c(C)cc1OC,0
COc1ccccc1CN(Cc1cc2cc(C)cc(C)c2[nH]c1=O)Cc1nnnn1CC1CCCO1,0
CN(Cc1ccc(O)cc1)C1CCCCC1,0
O=C(CSc1nc2n(-c3ccc(Cl)cc3)[nH]cc-2c(=O)n1)N1CCCc2ccccc21,0
Cc1cccc(C)c1NC(=O)N1CCC(n2c(=O)[nH]c3ccccc32)CC1,0
CC1(C)C2CC=C(/C=N/n3cnnc3)C1C2,0
O=C(Nc1ccon1)c1cccc(S(=O)(=O)N2CCCC2)c1,0
O=c1nc(NCc2ccco2)sc2ncccc12,0
COc1ccc(-c2cc(C(=O)Nc3nc4c(C)cccc4s3)c3ccccc3n2)cc1OC,0
C=C(C)C1Cc2c(C)nn(-c3nc(C)cc(C)n3)c2C1,0
Cc1cc(C)n(C(=O)c2ccc3c(c2)NC(=O)CO3)n1,0
COCCNC(=O)C(c1ccccc1C)N(C(=O)Cn1nnc2ccccc21)c1cccnc1,0
CC(=O)NC1C(=O)N=C(SCc2ccccc2)NC1=O,0
COc1ccc(NC(=O)NC(C)c2ccncc2)cc1OC,0
O=C(O)/C=C/C(=O)Nc1ccccc1-c1ccccc1,0
NCCCN1CCOCC1,0
Cc1ccc2cc3c(NC(=O)c4ccco4)nn(C)c3nc2c1,0
COc1ccc(/C=N/NC(=O)c2cccc([N+](=O)[O-])c2)cc1OC(=O)c1ccc(C)cc1,0
Cc1n[nH]c(=O)nc1NCc1ccccc1,0
CCCCn1nnnc1SCC(=O)NCc1ccco1,0
Cc1c(Cl)cccc1N1CC(C(=O)Nc2nccs2)CC1=O,0
Cc1ccc(C(=O)Nc2cccc(C(=O)NCc3ccco3)c2)cc1,0
Cc1cccc(C)c1NC(=S)NC(=O)CCc1ccccc1,0
CCCC(=O)N1CCN(c2ccc(NC(=O)C(C)(C)C)cc2)CC1,0
CCOC(=O)CC(=O)Nc1nnc(CC)s1,0
O=c1c2[nH]c3ccc(F)cc3c2ncn1CCCn1ccnc1,0
O=C(c1cncc(Br)c1)N1CCCc2ccccc21,0
C(=N/n1cnnc1)\c1ccc(N2CCOCC2)cc1,0
Cc1ccc(OCc2nnc(SCC(=O)CC(=O)Nc3ccccc3)o2)cc1,0
CN(C(=O)CSc1ccccc1C(=O)O)C1CCCCC1,0
COc1ccc2ccccc2c1/C=N/n1c(C)cc(C)c(C(N)=O)c1=O,0
Cc1[nH]n2c(=O)cc(C(C)C)nc2c1-c1ccccc1,0
CCOC(=O)N1CCN(C(=O)CSc2nnc(-c3cc(OC)cc(OC)c3)o2)CC1,0
O/N=C/c1ccccc1Oc1ccccc1,0
Oc1ccc(-c2nc3ncccn3c2Nc2ccc3c(c2)OCO3)cc1,0
Cc1ccc(C)c(NC(=O)CN(C)S(=O)(=O)c2ccc(F)cc2)c1,0
Cc1cc(C)n(C(=O)CCCCCC(=O)n2nc(C)cc2C)n1,0
COc1ccc(NC(=O)c2ccc(S(=O)(=O)N3CCOCC3)cc2)c(OC)c1,0
COCCn1nnnc1CN1CCC(NC(=O)Nc2cccc(OC)c2)CC1,0
COC(=O)c1c(C)[nH]c(C(=O)C(Cc2ccccc2)N(C)C)c1C,0
CC(=O)C1=C(O)C(=O)N(CCc2c[nH]c3ccccc23)C1c1cccc(O)c1,0
CN(C)c1cccc(/N=C2/C=C(N3CCOCC3)CC(C)(C)C2)c1,0
Cc1cccc(C(C)C)c1-n1nnnc1-c1ccccc1,0
COc1cc(C)nc(NCc2ccccc2)n1,0
O=C(c1noc2c1CCc1ccccc1-2)N1CCCc2ccccc21,0
COc1ccc(-c2cc(=O)[nH]c(=O)[nH]2)cc1,0
CC(=O)N1CCc2cc(S(=O)(=O)NC3CCCc4ccccc43)ccc21,0
COc1ccccc1OCCNC1=NCCC1,0
O=C(NC(=S)Nc1ccc(Oc2ccc(Cl)cc2)cc1)c1ccccc1,0
Cc1ccc(-c2noc(CCC(=O)Nc3ccc(C)cn3)n2)cc1,0
CCOc1ccc(NCCC#N)cc1,0
COc1ccc(NC(=S)NCCSc2ccc(Cl)cc2)c(OC)c1,0
CCOC(=O)N1CCN(CC(=O)Nc2cccc(Br)c2)CC1,0
NC1=NC2=NC(c3ccc(F)cc3)CC(c3cccc(Cl)c3)N2N1,0
O=C(/C=C/NNC(=O)c1ccccc1)c1ccc(Br)cc1,0
COc1ccc(NCc2nc3ccccc3n2CCOc2ccccc2)cc1,0
Cc1cc(C)c2cc(C#N)c(NCCOC(=O)c3ccccc3C)nc2c1,0
CCOC(=O)c1cnc(SC)nc1Oc1cccc(NS(=O)(=O)c2ccc(C)cc2)c1,0
Cc1ccccc1-c1ccc(Nc2ccc(C(=O)N3CCOCC3)cc2)nn1,0
CC1CCC(NC(=O)COc2ccccc2C(N)=O)CC1,0
O=C(c1ccc2ccccc2c1)N1CCN(c2ccc(O)cc2)CC1,0
COc1ccc(Br)cc1-c1noc(-c2ccncc2)n1,0
CCn1c(CNc2ccc(Cl)cc2)nnc1SCc1ccc(C)cc1,0
Cc1c(-c2ccco2)[n+](=O)c2c(n1[O-])CCC2,0
Cc1nn(-c2ccccc2)c2nc(N)c(C#N)c(-c3ccc(F)cc3)c12,0
O=C(CCN1CCCCC1c1cccnc1)NCc1ccccc1,0
COc1ccc2c(Cl)c(C(=O)NCCCn3ccnc3)sc2c1,0
COc1cc(SC)ccc1C(=O)OC1CCOC1=O,0
O=C(CSCc1ccc(Cl)cc1)Nc1ccccc1C(=O)N1CCOCC1,0
O=C(c1cncc(Br)c1)N1CCc2ccccc2C1,0
Cc1cc(C)n(C(=O)c2cc3c(s2)CCCC3)n1,0
CC1(C)Cc2nc3sc4c(=O)nc[nH]c4c3cc2CS1,0
Cc1sc(NC(=O)COc2cccc(-n3cnnn3)c2)c(C#N)c1C,0
O=C(Cc1ccc(Br)cc1)N1CCCCCC1,0
O=C(O)c1ccccc1C(=O)Nc1nccs1,0
O=C(O)C1=CC2=NC(c3ccco3)CC(C(F)(F)F)N2N1,0
CC1=C/C(=C2/C=C(C(=O)NCc3ccncc3)NN2)C(=O)C=C1,0
Cc1csc(NC(=O)C(CC(C)C)NS(=O)(=O)c2ccc3c(c2)oc(=O)n3C)n1,0
COc1ccc(-c2oc(/N=C/N3CCCC3)c(C#N)c2-c2ccc(OC)cc2)cc1,0
CN(C)S(=O)(=O)c1cccc(C(=O)OCC(=O)Nc2sccc2C(N)=O)c1,0
CC(C)C(NC(=O)c1ccccc1)C(=O)OCC(=O)N1CCc2ccccc2C1,0
Cc1cc(Nc2ccccc2)nn1C(=O)c1ccc(Br)cc1,0
Cc1cc(=O)nc(SCC(=O)Nc2ccc(Cl)cn2)[nH]1,0
Cc1c(-c2nc(N)nc(Nc3ccccc3)n2)oc2ccccc12,0
CC(NS(=O)(=O)c1ccccc1)C(=O)Nc1nccs1,0
COCCSc1ccccc1C(=O)Nc1ccncc1,0
Cc1oc2nc(SCC(=O)NCCCO)nc(N)c2c1C,0
CCOC(=O)Cc1csc(NC(=O)CSc2nnc(-c3ccncc3)n2Cc2ccco2)n1,0
Cn1nnnc1SCc1cc(=O)[nH]c2ccccc12,0
COc1ccc(C2Nc3ccccc3C(=O)N2Cc2ccco2)cc1COc1ccc([N+](=O)[O-])cc1,0
CN1OC(COC(=O)c2ccccc2)CC1c1ccccc1,0
CC(C)Oc1ccc(NC(=O)CCC(=O)O)cc1,0
CCOc1ccccc1N(C(=O)c1ccco1)C(C(=O)NC1CCCC1)c1cccnc1,0
CCc1ccc2[nH]cc(C(=O)N3CCCCCC3)c(=O)c2c1,0
O=c1[nH]c2ccccc2c(=O)n1Cc1ccccc1,0
Cc1ccc(C(=O)c2coc3ccc(O)c(CN4CCN(C)CC4)c23)cc1,0
CNC(=O)Cn1nc(C)c2ccccc2c1=O,0
O=C(COc1ccccc1)Nn1cnc2ccccc21,0
CCc1nc(C)cn1S(=O)(=O)c1cc(OC)c(C)cc1C,0
CC1(C)CC(=O)c2cn3c(nc2C1)nc1ccccc13,0
CCOC(=O)c1nn(-c2c(C)n(C)n(-c3ccccc3)c2=O)cc1O,0
CCC1(CC)C(=O)C(C)(C)C(=O)OC1c1cccs1,0
CC1(C)CC(=O)C2=C(C1)N(c1cccc(O)c1)C1=C(C2)C(=O)CC(C)(C)C1,0
COc1cc(C(=O)O)cc(Br)c1OC1CCCC1,0
C=CCn1c(SCC(=O)Nc2c(C)n(C)n(-c3ccccc3)c2=O)nc2sc(C)c(C)c2c1=O,0
Nc1cc(=O)nc(SCC(=O)N2CCc3ccccc3C2)[nH]1,0
COc1nc(N)c(S(=O)(=O)c2ccc(C)cc2)cc1C#N,0
Cc1ccc(-n2c(C)cc(/C=N/NC(=O)CC3(C)OCCO3)c2C)cc1,0
N#Cc1ccc2ccn(CC(=O)NC3CCCCC3)c2c1,0
Cc1[nH]n2c(=O)c(C#N)c(-c3ccccc3)nc2c1-c1ccccc1,0
COc1ccc(S(=O)(=O)NCCc2ccc(F)cc2)cc1,0
COC(=O)C(CC(=O)Nc1cc(C)ccc1C)Nc1ccccc1OC,0
O=C1c2cccnc2C(Nc2ccc(S(=O)(=O)N3CCCCCC3)cc2)N1Cc1ccccc1,0
O=C(CCC1N=C2c3ccccc3N=C(SCc3ccc(Cl)cc3)N2C1=O)NCc1ccco1,0
CC1(C)Cc2c(ccc3ccccc23)C(NNC(=O)c2cccnc2)=N1,0
CCOC(=O)c1cc(C)sc1NC(=O)CCC(=O)O,0
O=C(CSc1nnc(Cc2ccccc2)n1-c1ccc(Cl)cc1)N1CCOCC1,0
O=C(CN1CCC(NC(=O)Cc2ccccc2)CC1)Nc1cccc2ccccc12,0
O=C(COc1ccc(Br)cc1CO)Nc1ccc(F)cc1,0
CC(=O)c1c(C)nc2ccccc2c1N,0
CCC(C)n1[nH]c(=O)cc1N,0
CCN(CCNc1ccc([N+](=O)[O-])c2cccnc12)S(=O)(=O)c1ccc(Cl)cc1,0
CCOC(=O)CNC(=O)CSc1nnc(-c2ccco2)n1N,0
Cc1cc(NC(=O)Nc2cccc3ccccc23)no1,0
CCCN1C/C(=C/c2cccc([N+](=O)[O-])c2)C(=O)/C(=C/c2cccc([N+](=O)[O-])c2)C1,0
CCN(CC)CC(O)COc1ccc2c(c1)c(C(C)=O)c(C)n2-c1ccccc1,0
COc1cc(C(C(=O)NC(C)(C)C)N(Cc2ccc3c(c2)OCO3)C(=O)c2cnccn2)cc(OC)c1OC,0
CCOc1ccc(S(=O)(=O)n2cnc3cc(C)c(C)cc32)cc1,0
Cc1onc(-c2ccccc2)c1C(=O)Nc1cccc(OC(C)C)c1,0
CCCCn1c(CN(Cc2ccccc2)Cc2ccccc2)nc2c1c(=O)n(C)c(=O)n2C,0
O=C(CCn1c(=O)sc2ccccc21)NCc1ccc2c(c1)OCO2,0
Cc1ccnc(SCC(=O)N2CCN(c3cccc(Cl)c3)CC2)n1,0
Cc1ccnc(N2CCC(C(=O)Nc3ccc(Oc4ccccc4)cc3)CC2)n1,0
COc1ccc(C(=O)Nc2ccccn2)cc1,0
Cc1cc(-c2ccccc2)nc(SCC(=O)c2cccc([N+](=O)[O-])c2)n1,0
Cc1ccc(C(C(=O)NC(C)(C)C)N(C(=O)c2csnn2)C2CC2)cc1,0
CCCOc1cc(C)c(S(=O)(=O)n2ccc(C)n2)cc1C,0
COc1cc(C)nc(OCCNC(=O)COc2ccc(Cl)cc2C)n1,0
COc1ccc(N2CSC3=C(C#N)C(c4cc(OC)ccc4OC)CC(=O)N3C2)c(OC)c1,0
CC(C)OC(=O)CSc1nnc(CNc2ccc(Cl)cc2)n1Cc1ccccc1,0
CN(c1ccc(C(=O)N2CCCCC2)cc1)S(C)(=O)=O,0
O=C(NCc1ccc2c(c1)OCO2)C1CC(c2cccc(Br)c2)=NO1,0
Cc1ccc(S(=O)(=O)N2CCCC(C(=O)Nc3ccc(NC(=O)c4ccccn4)cc3)C2)cc1,0
O=C(Nc1ccccn1)C1COc2ccccc2O1,0
COc1ccc(S(=O)(=O)n2cnc3cc(C)c(C)cc32)cc1C,0
O=C(c1cn(CC(=O)N2CCCCC2)c2ccccc12)C1CC1,0
COCCOC(=O)C1=C(C)NC2=C(C(=O)CCC2)C1c1ccc(N(C)C)cc1,0
O=[N+]([O-])c1ccc(Cl)c(/C=N/N2CCN(Cc3ccccc3)CC2)c1,0
CS(=O)(=O)N(CC(=O)N1CCN(c2cccc(Cl)c2)CC1)c1ccccc1,0
Cc1cc(C)n2nc(SCc3nnc(SCc4ccccc4)s3)nc2n1,0
COc1ccccc1NC(=O)N(Cc1ccco1)Cc1cc2ccc(C)c(C)c2[nH]c1=O,0
O=C(COc1ccccc1)Nc1nonc1NC(=O)COc1ccccc1,0
CCn1ncc(Br)c1C(=O)Nc1ccc(C(=O)OC(C)C)cc1,0
O=C(Nc1cccnc1)c1ccc(Oc2ccccc2)cc1,0
COc1ccc(/C=C/c2c([N+](=O)[O-])c(=O)n(C)c(=O)n2C)cc1O,0
CCn1c(SCC(=O)N2CCCc3ccccc32)nnc1-c1cccs1,0
Cc1c(CN(C)C(=O)c2ccc(Br)o2)cnn1C,0
NC(=O)NC(c1ccccc1)c1ccccc1,0
CCn1c(C(=O)N2CCCC(C(=O)O)C2)cc2sccc21,0
Cn1c(=O)[nH]c(=O)c2c1nc(N1CCCCC1)n2CCCSc1nc2ccccc2s1,0
CCCCOc1ccc(C(=O)Nn2cnnc2)cc1,0
CCn1c(C(C)NC(=O)Cc2ccccc2)nc2ccccc21,0
CC(C)(C)NC(=O)Nc1ccccc1C(N)=O,0
Cc1ccc(C(=O)NNC(=S)NC(=O)COc2ccccc2)cc1,0
O=c1[nH]c(=S)[nH]nc1Cc1ccccc1,0
COc1ccc(S(=O)(=O)N2CCC(C(=O)Nc3nnc(CCN4CCCCC4)s3)CC2)cc1,0
C/C(=N\NC(=O)c1ccc(Br)cc1)C1C(=O)c2ccccc2C1=O,0
CCOC(=O)c1cc2c(=O)n3cccc(C)c3nc2n(Cc2ccco2)/c1=N/C(=O)c1cccnc1,0
COC(=O)CSc1nnc(CNS(=O)(=O)c2ccc(Cl)cc2)n1C,0
CCCn1c(CN2CCN(C)CC2)nc2ccccc21,0
COc1ccc(CCn2nnc(-c3ccc(NC(C)=O)c(Cl)c3)n2)cc1,0
O=C(Cc1ccc(Br)cc1)c1ccc(O)cc1O,0
COC(=O)c1ccccc1NC(=O)COC(C)=O,0
O=C(c1ccccc1)c1ccc2nc[nH]c2c1,0
COc1ccc(NC(=O)CN2CCN(CC(=O)Nc3ccccc3Cl)CC2)c(OC)c1,0
Cn1nc(-c2ccc(OCC(=O)Nc3ccccc3)cc2)c2ccccc2c1=O,0
O=C(/C=C/c1cc2c(cc1Br)OCO2)NCc1ccc(F)cc1,0
O=C(CCSc1nnc(-c2ccncc2)o1)Nc1ccc(Cl)cc1,0
Cc1c(NC(=O)c2cccc(F)c2)c(=O)n(-c2ccccc2)n1C,0
O=C(Cc1ccc(-n2c(=S)[nH]c3ccccc3c2=O)cc1)N1CCC(N2CCCCC2)CC1,0
CCC(C)N(CCNC(=O)CC1Oc2ccccc2NC1=O)C1CCCCC1,0
Nc1ccccc1-c1nc2ccccc2[nH]1,0
Cc1sc(N/N=C/c2cccnc2)nc1-c1ccccc1,0
CCc1ccc(Nc2ncccc2C#N)cc1,0
O=C(Nc1ccccn1)c1ccc2ccccc2n1,0
O=c1nc(N2CCc3ccccc32)[nH]c2c1CCCC2,0
Cc1ccc(CN2C(=O)C(C)(C)Oc3ccc(C(=O)N4CCCCC4)cc32)cc1,0
CC1=C(C)/C(=N/OS(=O)(=O)c2ccccc2)C=CC1=O,0
COC(=O)c1[nH]c(C)c(/C(O)=C2\C(=O)C(=O)N(CCCN3CCOCC3)C2c2ccccn2)c1C,0
CCn1ccc(C(=O)Nc2ccc(N(C)C(C)=O)cc2)n1,0
CC12CC(NC(=O)N1CCc1ccccc1)c1ccccc1O2,0
COc1ccccc1-n1cnc2cc(NC(C)=O)ccc21,0
COc1ccc2nc(NC(=O)c3ccc(Br)s3)sc2c1,0
O=C1CCCN1CCC1CCN(C2CC(=O)N(c3ccc(F)cc3)C2=O)CC1,0
Cc1ccc(C(=O)O)cc1S(=O)(=O)N1CCC(C(=O)O)CC1,0
Cc1ccc2[nH]c(=O)c(CN(CCN3CCOCC3)C(=O)Nc3ccc(F)cc3)cc2c1,0
O=C(Nc1ccc(Cl)cn1)C1CCCN1S(=O)(=O)c1ccccc1,0
CCOC(=O)c1cc2c(=O)n3ccccc3nc2n(Cc2ccco2)/c1=N/C(=O)c1cccnc1,0
c1ccc2c(CNC3CCCCC3)c[nH]c2c1,0
N#CC1=C(SCc2ccccc2)NC(=O)C(C#N)C12CCCC2,0
CCOc1ccc(NC(=O)N2CCC(C(=O)c3ccc(F)cc3)CC2)cc1,0
COc1nccc(Nc2ccccc2)c1C#N,0
C=CCNC(=O)Nc1ccc2oc(C)nc2c1,0
COc1ccc(OC)c(S(=O)(=O)Nc2ccc(F)cc2)c1,0
COC(=O)c1c(C#N)c(N)nc2c1CCCC2,0
COc1ccc(-c2cc(=O)oc3cc(OCc4nn[nH]n4)ccc23)cc1,0
Cc1cccc(N2C(=O)CC(N3CCN(c4cccc(C(F)(F)F)c4)CC3)C2=O)c1,0
Cc1ccc2nsnc2c1NS(=O)(=O)c1c(C)ccc2nsnc12,0
COc1ccc(-n2c(C)nc3cc(C(=O)NCc4ccco4)ccc32)cc1,0
CCOC(=O)Nc1ccc(C)cc1Br,0
CCOC(=O)CCC(=O)NCc1ccc2[nH]c(C)cc2c1,0
COc1ccc(C(CC(=O)c2ccc(O)cc2)S(=O)(=O)c2ccc(C)cc2)cc1,0
C/C(=N\NC(=O)c1cccc(C)c1)c1ccc(N2CCOCC2)cc1,0
COc1cccc(C2CN(c3ccc(F)cc3F)N=C2c2cccs2)c1OC,0
COc1ccccc1-c1nnc(SC2CCc3ccccc3NC2=O)s1,0
CC(=O)Nc1nc2ccc(NC(=O)c3ccco3)cc2s1,0
CCn1c(SCC(=O)Nc2cccc(NC(=O)c3ccco3)c2)nnc1-c1cccs1,0
Cc1ccc(NC2=C([N+](=O)[O-])CS(=O)(=O)C2)cc1,0
Cc1sc(NC(=O)CSc2nnc3scc(-c4ccccc4)n23)c(C#N)c1C,0
Cc1ccc(C(=O)Oc2cc(C)nn3cnnc23)cc1,0
O=C(CN1CCOCC1)Nc1ccc(Br)cn1,0
CC1CCN(c2ccc(NC(=S)NC(=O)c3ccc(-c4cccc([N+](=O)[O-])c4)o3)cc2)CC1,0
Cc1nnc(SCC(=O)Nc2ccc(S(=O)(=O)N3CCCCC3)cc2)s1,0
CCn1c(NC(=O)C2CCCCC2)nc2ccccc21,0
CCc1noc2c1/C(=N/O)CC(c1ccccc1)C2,0
COc1ccc(OC)c(-c2nnc(NC(=O)C(C)Sc3nncn3C)s2)c1,0
CCOc1cccc(NCc2cc3c(C(C)(C)C)[nH]n(-c4ccccc4)c-3nc2=O)c1,0
Cc1nn(-c2cc(N3CCCCC3)ccc2[N+](=O)[O-])c(=O)c2ccccc12,0
O=C(c1ccc(Br)o1)N1CCN(Cc2ccc3c(c2)OCO3)CC1,0
Cn1c(C(O)c2ccccc2F)nc(Cl)c1Cl,0
COc1ccc(OC)c(S(=O)(=O)n2cnc3cc(C)c(C)cc32)c1,0
CNC(=O)Cn1c(=O)n(C)c2ccccc21,0
CCn1c2ccccc2c2cc(NC(=O)N3CCOCC3)ccc21,0
COc1ccc(-c2nnc3c4ccccc4c(C)nn23)cc1,0
CSc1ncccc1C(=O)OCc1ccccc1,0
CCCC(=O)Nc1ccc(S(=O)(=O)N2CCCC2)cc1,0
O=C(Nc1cnc2ccccc2c1)c1ccncc1,0
Cc1ccc(C(=O)O)cc1S(=O)(=O)N1CCCC1,0
CCOc1ccc(C2OC(=O)Cc3cc(OC)c(OC)cc32)cc1,0
CN1CCN(Cc2cccc(Oc3ccccc3)c2)CC1,0
COc1ccc(-c2c(C)n([O-])c3c([n+]2=O)CCC3)cc1OC,0
O=C1CCCc2sccc2N1,0
CCCCC(=O)Nc1ccc2c(c1)nc1n2CCOC1,0
O=c1cc(-c2ccccc2)nc2nc[nH]n12,0
Cc1ccc(C)n1NC(=O)c1ccc(O)cc1,0
Cn1cc(CNC(=O)c2sc3cccc(Cl)c3c2Cl)cn1,0
Cn1c(=O)[nH]c(=O)c2c1nc(Br)n2CCC(=O)c1ccccc1,0
CC1CCN(S(=O)(=O)c2ccc3[nH]c(=O)cc(C(=O)O)c3c2)CC1,0
CC1CCCCN1Cc1ccc(-c2nnn(CC(=O)NC3CCCCC3)n2)cc1,0
COC(=O)c1oc2ccc(Br)cc2c1NC(=O)CN1CCN(C)CC1,0
CC(=O)OC1COC(n2ccc3cc([N+](=O)[O-])ccc32)C(OC(C)=O)C1OC(C)=O,0
O=C(NCc1ccc2c(c1)OCO2)C1CCCN1C(=O)Nc1ccccc1,0
COC(=O)c1cc(C(=O)c2cccc(Cl)c2Cl)cn1C,0
CCCCNc1cc(C)nc(NCc2ccccc2)n1,0
CCN1CCN(CC(=O)NC2CCCCC2)C(=O)C1=O,0
C=CCn1c(SCC(=O)Nc2c(C)n(C)n(-c3ccccc3)c2=O)nc2scc(-c3ccccc3)c2c1=O,0
COc1nc2ccc(C)cc2cc1-c1noc(-c2ccccc2)n1,0
CCOC(=O)C1=C(C)OC(N)=C(C#N)C1c1ccc(OC)c(C)c1OC,0
COc1ccc(Cc2nnc(NC(=O)Cn3cnc4c3c(=O)n(C)c(=O)n4C)s2)cc1OC,0
COc1ccc(C(=O)N/N=C/c2cccc3cccnc23)cc1,0
Cc1ccc(CS(=O)(=O)c2ccccc2-c2nnc(-c3ccc(Cl)cc3)o2)cc1,0
O=C(CSc1nc2ccccc2s1)N1CCOCC1,0
CCN1C(=O)/C(=C2\C=Cc3cc(C)ccc3N2CC)OC1=S,0
COc1ccccc1NC(=O)COc1ccc(Br)cc1CO,0
O/N=C/c1cccn1-c1ccc(Br)cc1,0
COc1ccc(-c2csc(Cc3nnc(N4CCOCC4)n3-c3ccccc3)n2)cc1OC,0
COC(=O)c1sc2nc3c(cc2c1N)C(=O)CC(C)(C)C3,0
Cc1ccc(Nc2nc(=O)c3c([nH]2)CCCC3)cc1,0
Cc1cccc(N2CCN(C(=O)CN3CCOc4ccccc43)CC2C)c1,0
COC(=O)c1sc(NC(=O)CSc2nnnn2-c2ccc(C)cc2C)nc1C,0
CN(c1ccc(C(=O)NCCc2ccccc2)cc1)S(C)(=O)=O,0
CCOC(=O)Cc1cc(=O)c2c(=O)n(-c3ccccc3)[nH]c2[nH]1,0
CC(C)(C)NS(=O)(=O)c1ccc(CCC(=O)Nc2ccc3c(c2)OCO3)cc1,0
CCOC(=O)c1c(C)oc2cc(Br)c(OC(=O)N3CCOCC3)cc12,0
CCOC(=O)CC(Nc1nc(N2CCOCC2)nc(N2CCOCC2)n1)c1ccccc1Cl,0
Cc1cccc(Nc2nc(N)nc(CSc3nccc(C)n3)n2)c1,0
Cc1ccc(Oc2ccc(/C=N/OCc3ccc(Cl)cc3Cl)cn2)cc1,0
NC(=O)c1ccc(-c2ncc(-c3ccccc3)o2)cc1,0
COc1ccc(C(=O)N2c3cc4c(cc3C(C)=CC2(C)C)OCO4)cc1,0
COc1ccc(OC)c(C2C(C(N)=O)=C(C)N=C3N=C(c4cccc(Cl)c4)NN32)c1,0
COc1ccc(NC(=O)Cn2c(=O)n(CC(=O)NCc3ccco3)c(=O)c3ccccc32)cc1,0
O=C(NC1CCCCC1)C(c1cccnc1)N(C(=O)c1csnn1)C1CCCC1,0
NC(=O)C1CCN(C(=O)Nc2ccccc2)CC1,0
N#Cc1c(N)n(CCOC(=O)c2cccc([N+](=O)[O-])c2)c2nc3ccccc3nc12,0
N#Cc1c(C#N)c(-c2ccccc2)n(-c2ccccc2)c1N,0
CCOc1cc(C(=S)N2CCCC2)ccc1OCC(=O)Nc1c(C)cc(C)cc1C,0
Cc1ccccc1C(=O)NC(=S)Nc1ccc(Oc2ccc(Cl)cc2)cc1,0
CCOc1ccccc1N1C(=O)NC(=O)C(CCc2ccncc2)(CCc2ccncc2)C1=O,0
CC(=O)N1CCCc2cc(S(=O)(=O)NC(C(=O)NCc3ccc(C)cc3)C(C)C)ccc21,0
C=CCOc1ccc2nc(NC(=O)OC)[nH]c2c1,0
Cc1ccc2occ(C(c3nnnn3C3CCCC3)N3CCOCC3)c(=O)c2c1,0
COc1ccc(N2C(=O)C3ON(C4SC(=S)N(C)C4(C)C)C(c4ccc([N+](=O)[O-])cc4)C3C2=O)cc1,0
CSC1=N/C(=C\c2ccccc2F)C(=O)S1,0
C=CCn1c(Cc2csc(N)n2)nnc1SCc1ccc(C(=O)OC)cc1,0
COC(=O)c1oc2nc(C)cc(C)c2c1N,0
O=C1NCCCC2c3cc(O)c4ccccc4c3OC12N1CCCCC1,0
COc1ccccc1C(c1nnnn1C(C)(C)C)N1CCCCCC1,0
CCOC(=O)COc1cc2c(C(=O)OCC)c(C)oc2cc1Br,0
COc1ccc(-c2nnc(SCC(=O)NCc3cccs3)n2CC(C)C)cc1,0
O=S(=O)(c1ccc2c(c1)nc(COc1ccc(Cl)cc1)n2CC1CCCO1)N1CCOCC1,0
Cc1ccc(NC(=O)c2ccc(Cn3cc(Br)cn3)o2)cc1,0
Cc1cccc(C)c1NC(=O)COc1cccc(/C=N/NC(=O)C(=O)NCc2ccccc2)c1,0
O=C(NCc1ccccc1F)C1CCCN1C(=O)NC1CCCCC1,0
COc1ccc(S(=O)(=O)Nc2ccc3c(c2)OCO3)cc1C,0
COc1cccc(C2NC(=O)NC(C)=C2C(=O)Nc2ccc(C)cc2)c1OC,0
CCOc1ccccc1NC(=O)N1C2CCCC1CC(NC(=O)C1CC1)C2,0
Cc1noc(C)c1COC(=O)c1cc(C)n(-c2ccccc2)c1C,0
CCOC(=O)Cc1nnc2c(Nc3ccc(Cl)cc3)nc3nonc3n12,0
COc1ccc(C(=O)NC(=S)N2CCC(C)CC2)cc1,0
CNC(=O)c1ccc(Nc2nnc(C)c3ccccc23)cc1,0
CC(=O)C1=C(O)C=C(c2ccco2)CC1c1ccco1,0
CCOC(=O)c1[nH]c2ccc(C)cc2c1/N=C(\C)N(C)C,0
COc1ccccc1NC(=O)CSc1nc(=O)cc(O)n1C,0
Cc1ccc(CCN2CC(C(=O)NCCN3CCCCCC3)CC2=O)cc1,0
COc1cccc(C2=NOC3C(=O)N(c4ccc5c(c4)OCCO5)C(=O)C23)c1OC,0
Cc1ccc2c(c1)nc(NCCCO)n2C,0
CN(C)/C=N/c1ncnc2c1cnn2-c1ccc(C(F)(F)F)cn1,0
Cc1ccccc1-n1nc2c(c1NC(=O)COc1ccc(Cl)cc1)CS(=O)C2,0
CCCOC(=S)Nc1ccccc1,0
C=CCn1c(SCC(=O)Nc2ccc(N(C)C)cc2)nnc1-c1cccc(C)c1,0
CCOc1cc(C2NC(=O)NC(O)(C(F)(F)F)C2C(=O)c2ccc(Cl)cc2)ccc1O,0
COc1ccc(-c2cn3nc4c(nc3n2)CCCC4)cc1,0
CCOC(=O)N1CCC(NC(=O)c2cccn3c(=O)c4cc(Br)ccc4nc23)CC1,0
O=C(COc1ncnc2ccc(Br)cc12)Nc1ccc(N2CCOCC2)cc1,0
CCOc1cc(-c2nc3cc(C)ccn3c2NCC2CCCO2)ccc1O,0
O=C(Cc1ccccc1)NCCc1cccc(Cl)c1,0
COC(=O)Sc1nc(N2CCOCC2)c2c(c1C#N)CC(C)(C)OC2,0
O=C(O)CCCNS(=O)(=O)c1ccc(F)cc1,0
CCOC(=O)c1ccc(NC(=O)Nc2cc(C)on2)cc1,0
CCCOc1ccc(C(=O)c2nc3c(n2O)CCCCC3)cc1,0
Fc1ccccc1COc1cccc(/C=N/n2cnnc2)c1,0
CCc1nc(N)c(C#N)c(-c2cccc3ccccc23)c1C,0
CC(C)(C)OC(=O)NCCc1nnc(SCc2ccccc2Cl)o1,0
COc1cccc(C(=O)N(CN2CCCC2=O)c2cc(C)on2)c1,0
CCCc1nc2ccccc2c(C(=O)OCC(=O)NCc2ccco2)c1CC,0
CN(C)S(=O)(=O)c1ccc(C(=O)Nc2ccccn2)cc1,0
Cc1ccc(OCC(=O)N2CCC(N3CCCCCC3)CC2)cc1,0
Cc1ccc(-c2ccc(CCC(=O)O)n2-c2cccc(O)c2)cc1,0
COC(=O)c1ccccc1NC(=O)C1CC(=O)N(c2ccc(C)c(C)c2)C1,0
O=C1NC2(CCCCC2)NN1c1ccccc1,0
Fc1ccc(COc2ccc(/C=N/n3cnnc3)cc2)cc1,0
Cc1ccc(C)c(NC(=O)c2nnn(Cc3ccccc3C)c2N)c1,0
CCCCCCCCCCS(=O)(=O)N/N=C/c1ccc([N+](=O)[O-])cc1,0
CCC(C)(C(=O)NC1CCCC1)N(Cc1ccco1)C(=O)c1ccccn1,0
COC(=O)c1cn(C(=O)c2cccs2)c2ccccc12,0
COCCn1c(SCC(=O)NCc2ccco2)nnc1C(C)C,0
Cc1ccc(/C=C2/NC(=O)N(c3ccccc3)C2=O)o1,0
CCNC(=O)CCc1nc(-c2ccc(C(C)(C)C)cc2)no1,0
Fc1ccc(-c2nc3ccncc3[nH]2)cc1,0
COC(=O)C1CN(S(=O)(=O)c2ccccc2)CCN1S(=O)(=O)c1ccccc1,0
COc1cc(Cc2cnc(N)nc2N)cc(OC)c1OC,0
CCOC(=O)c1ccccc1NC(=O)c1c(O)n(CC)c2ccccc2c1=O,0
CCOc1ccccc1/C=c1\sc2ncnn2c1=O,0
N#Cc1nc(-c2ccco2)oc1NCCN1CCOCC1,0
CCOC(=O)c1ccc(N2C(=O)c3n[nH]c(C)c3C2c2ccc(OC)cc2)cc1,0
Cc1ccc2c(c1)NC(=O)C(CC(=O)O)O2,0
Cc1cc(C(=O)Nc2sc(C)c(C)c2C#N)c(C)o1,0
CCC(=O)N(Cc1cc2cc(OC)ccc2[nH]c1=O)c1ccccc1C,0
O=C(OCCCNC1=NS(=O)(=O)c2ccccc21)c1ccccc1F,0
C=CCn1c(-c2cccn(Cc3cccc(Cl)c3)c2=O)n[nH]c1=S,0
N#Cc1ccc(-c2ccccc2)nc1SCC(=O)c1cc2ccccc2oc1=O,0
Cc1ccc(NC(=O)C(C)c2ccc(-c3ccccc3)c(F)c2)cc1,0
O=C1NCCCC1C(=O)N/N=C/c1ccccc1,0
Cc1nc2ccccc2c(=O)n1/N=C/c1cccnc1,0
C=CCn1c(NC)cc(=O)n(C)c1=O,0
CCc1ccccc1NC(=O)c1ccc(-n2c(C)ccc2C)cc1,0
CN1CCN(c2ccc(Cl)cc2NC(=O)c2ccc(S(=O)(=O)N(C)C)cc2)CC1,0
CCCC(C(=O)NCc1ccco1)N(C(=O)CNS(=O)(=O)c1ccc(Cl)cc1)C1CCCC1,0
COc1ccc(C(C#N)Nc2ccccc2)cc1,0
COc1cc2c3nnc(-c4ccc(F)cc4)c-3cn(Cc3cccc(C)c3)c2cc1OC,0
O=C(O)c1ccc(F)c(S(=O)(=O)Nc2ccccc2)c1,1
CCN(CC)c1ccc(C(NC(C)=O)NC(C)=O)cc1,0
C/C(CC(=O)NCc1ccco1)=N\NC(=O)Cc1cccc2ccccc12,0
CC1Cc2nc(SCC(=O)Nc3ccccc3F)n(C)c(=O)c2S1,0
Cc1ccc(N2C(=O)c3ccc(C(=O)Nc4cccnc4)cc3C2=O)c(C)c1,0
C=CC(=O)NC(NC(=O)C=C)c1ccc(Br)cc1,0
COc1ccc(NC(=O)CSc2ccccn2)cc1,0
Cc1c(NC(=O)c2ccco2)cccc1-c1nc2cccnc2s1,0
Cc1ccc(CNC(=O)C2CCCN2C(=O)NCc2ccccc2)cc1,0
CCOC(=O)N1CCN(Cc2nc3c(c(=O)n(C)c(=O)n3C)n2Cc2ccccc2C)CC1,0
O=C(Nc1cccc(Cl)c1N1CCCC1)c1cc2ccccc2o1,0
CCC(=O)Nc1c(-c2cccs2)c(=O)c2ccccc2n1C,0
CCOC(=O)N1CCN(C(=O)c2cc(-c3ccc(OCC)cc3)nc3ccccc23)CC1,0
CC1(C)Cc2ccccc2-c2nnc(-c3cccc(O)c3)n21,0
Cn1c(=O)cc(OCCCC(=O)N2CCN(Cc3ccc4c(c3)OCO4)CC2)c2ccccc21,0
COc1ccc(Br)cc1-c1noc(-c2ccccc2)n1,0
CCOC(=O)c1cnc(-c2ccccc2)nc1N,0
O=C(Nc1ccccc1)Nc1nnc(-c2ccccc2)o1,0
COc1ccc(C(=O)/C=C2/c3ccccc3CC(C)(C)N2C)cc1,0
CCCCOC(=O)CSc1n[nH]c(=O)[nH]c1=O,0
CC(=O)OC1CSCC1NC(=O)c1ccccc1,0
CCCCn1c(SCC(=O)OCC)nnc1-c1ccoc1C,0
CC(C)OC(=O)C1C(c2ccc(Cl)cc2)C(C#N)(C(N)=O)C2C=CC(C(N)=O)=CN12,0
O=C(O)c1cc(O)ccc1-c1ccc(O)cc1,0
O=S(=O)(c1ccccc1)N1CCN(CC(O)COc2ccc3c(c2)CCC3)CC1,0
Cc1ccccc1Cn1ccc(NC(=O)c2cnn3cccnc23)n1,0
Cc1ccc(-n2nc(C)c3c2OC(N)=C(C#N)C3c2ccc(F)cc2)cc1,0
O=c1c(-c2ccc(F)cc2)coc2cc(O)ccc12,0
O=C1CC(C(=O)Nc2ccc(C(=O)N3CCOCC3)cc2)C2(CCCCC2)O1,0
Cc1ccc(C(=O)CSc2nc3cccnc3n2C)cc1,0
O=C(Nc1ccc(N2CCCCC2)cc1)c1ccc2c(c1)OCCO2,0
CN1CCN(c2nc3nonc3nc2N2CCN(C)CC2)CC1,0
O=C(CCCC(=O)N(CC(=O)NC1CCCC1)Cc1ccc2c(c1)OCO2)Nc1ccccn1,0
Cc1cc(C)nc(SCC(=O)c2cc3ccccc3oc2=O)n1,0
Cc1ccc(NC(=O)c2snc3c(=O)nc[nH]c23)cc1C,0
Cc1cc(NC(=O)CCC2COc3ccccc3O2)no1,0
CCOC(=O)C1CCN(S(=O)(=O)c2ccc(OCC)cc2)CC1,0
Cc1ccc(NC2=C(N3CCCCC3)C(=O)c3ccccc3C2=O)cc1,0
Cc1c(Br)cc(C(=O)O)c(C)c1C,0
CCN(CC)c1ccc2cc(-c3nc4ccccc4[nH]3)c(=O)oc2c1,1
COc1ccc(C(=O)N/N=C/c2ccc3cccc(OCc4ccccc4)c3n2)cc1,0
N#Cc1ccc(OCC(=O)N2CCN(S(=O)(=O)c3cccs3)CC2)cc1,0
O=c1[nH]c2c(s1)C(c1ccccc1)C1C3CCC(C3)C1S2,0
Cc1oc2c(CN(C)C)c(O)ccc2c(=O)c1-c1ccc2ccccc2n1,0
Cc1cc2ncn(/N=C/c3cccnc3)c2cc1C,0
Cn1cccc1C(=O)NC(=O)COC(=O)Cc1coc2ccc3ccccc3c12,0
Cc1[nH]c2ccccc2c1C1(O)C(=O)N(Cc2ccc3c(c2)OCO3)c2ccccc21,0
CCOc1ccc(Nc2nc(Cc3nnc(SCC(=O)NC4CCCC4)n3C)cs2)cc1,0
CCOc1ccc(C)cc1S(=O)(=O)n1ccnc1,0
Cc1ccc(Nc2nnc(SCc3cc(=O)n4ccsc4n3)s2)c(C)c1,0
N#Cc1nc(-c2ccccc2F)oc1NCc1cccc2c1OCO2,0
Cc1c(NC(=O)C(C)OC(=O)COc2cccc3c2OC(C)(C)C3)c(=O)n(-c2ccccc2)n1C,0
O=C1c2ccccc2C(=O)N1CC1=CCS(=O)(=O)C1,0
COc1ccc(C(=O)Cn2nnc(-c3ccccc3NC(=O)C(F)(F)F)n2)cc1,0
O=C(NNC(=O)C1CC1)c1ccc(-c2ccccc2)cc1,0
COC(=O)c1ccccc1NC(=O)C1CC(=O)N(c2ccccc2)C1,0
CN1CCN(c2nc(-c3ccncc3)nc3ccccc23)CC1,0
CCOC(=O)c1cc2c(=O)n3cccc(C)c3nc2n(CCCOC)/c1=N/C(=O)c1cccnc1,0
Nn1c(SC/C=C/c2ccccc2)nnc1-c1ccco1,0
c1ccc(Cn2nnc3c(N4CCCC4)ncnc32)cc1,0
CC1=CC(C)=Nc2ccc(C)cc2N1,0
COc1nnc(-c2ccc(N3CCOCC3)c(NC(=O)c3ccccc3)c2)c2ccccc12,0
Cc1nc2ccccc2n1CC(=O)NCCN1CCOCC1,0
COc1ccc(-c2nc(CC(=O)O)cs2)cc1,0
O=C(CCn1c(=S)[nH]c2cc3c(cc2c1=O)OCO3)N1CCc2ccccc2C1,0
COc1ccc(NC(=O)c2ccc(Cc3ccc(C)cc3)o2)cc1,0
COC(=O)c1cccc(NS(=O)(=O)c2ccc(NC(C)=O)cc2)c1C,0
CCSc1nccc(-c2nn(-c3ccc(C)cc3)ccc2=O)n1,0
CC(C)OC(=O)c1cc(=O)[nH]c2ccccc12,0
CCC(=O)N(Cc1cc2c(C)ccc(C)c2[nH]c1=O)C1CCCCC1,0
Cc1ccccc1N1C(=O)c2cccc3c(N(C)CCO)ccc(c23)C1=O,0
CCOc1cc(/C=N/NC(=O)c2ccncc2)ccc1OC(=O)c1ccc([N+](=O)[O-])cc1,0
COC(=O)c1ccccc1NC(=O)N1CCN(C/C=C/c2ccccc2)CC1,0
CCc1ccc2c(c1)cc(CN(C(=S)Nc1ccccc1)C1CC1)c1nnnn12,0
Cc1ccc(NC(=O)c2nn(C34CC5CC(CC(C5)C3)C4)cc2[N+](=O)[O-])cc1,0
O=c1[nH]c2c(c(=O)n1C1CCCCC1)CCC2,0
CCC/C(NCc1ccccc1)=C1/C(=O)CC(C)(C)C(C(=O)OC)C1=O,0
Cn1c(-n2c(CCCN3C(=O)c4ccccc4C3=O)nc3ccccc3c2=O)nc2ccccc21,0
O=C(NCc1ccc(N2CCCC2=O)cc1)Nc1ccccc1,0
O=C(O)c1cccc(S(=O)(=O)N2Cc3ccccc3C2)c1,0
Cc1cc(=O)oc(C)c1C(=O)NC1CC(C)(C)NC(C)(C)C1,0
COc1cccc(NC(=O)c2ccc3c(c2)N(CC(=O)N2CCCCC2)C(=O)C(C)(C)O3)c1,0
COc1ccc(NC(=O)C2Cc3ccccc3CN2C(=O)c2ccccc2)cn1,0
COc1ccc(CCC(=O)Nc2ccc(-c3noc(-c4ccc(OC)c(OC)c4)n3)cc2)cc1,0
CN1CCN(C(=O)C23CC4CC(CC(C4)C2)C3)CC1,0
Cc1ccc(SCCC(=O)N2CCOCC2)cc1,0
c1ccc(-c2nc(NCC3CCCO3)c3ccccc3n2)nc1,0
CCn1nnnc1SCC(=O)Nc1nc(-c2cccs2)cs1,0
Cc1cc(NC(=O)CCC(=O)N(c2ccc(F)cc2)C2(C(=O)NC3CCCCC3)CCCC2)no1,0
Cc1ccc(NC(=O)COc2nc(C)cs2)cc1,0
COc1ccc2c(c1)c(CC(=O)Nc1ccc(C)cc1)c(C)n2C(=O)c1ccc(Cl)cc1,0
CCOC(=O)N1CCC(NC(=O)c2cc(-c3ccc(F)cc3)[nH]c2C)CC1,0
Cc1nn(-c2ccccc2)c2c1/C(=N/O)CC(C)(C)C2,0
Cc1ccc2c(c1)[nH]c1c(=O)n(CCCN3CCOCC3)cnc12,0
Cc1nc(Nc2ccc3c(c2)OCO3)c2oc3ccccc3c2n1,0
COC(=O)c1cccc(Nc2nc3ccccc3nc2C)c1,0
C=CCC(NCc1ccccc1)c1ccco1,0
O=c1oc(-c2ccccc2)nc2sc3c(c12)CCCC3,0
CC(=O)c1cn(CC(=O)Nc2ccccc2C)c2ccccc12,0
CCOc1cc(C(N)=O)cc(Br)c1OCC,0
COc1ccccc1Nc1nc2c(C)cccc2cc1C#N,0
CCN1CCN(C(=O)CCCCCn2c(=O)[nH]c3cc(C(=O)OC)ccc3c2=O)CC1,0
Cc1cc(C)nc(SCC(=O)Nc2ccc(N3CCOCC3)c(Cl)c2)n1,0
COc1ccc(/C=C/C(=O)NCC(=O)N/N=C/c2cc(Br)ccc2OC)cc1,0
CCC(CC)C(=O)Nc1cccc(C(=O)NCc2ccco2)c1,0
CN(C)c1ccnc(NCc2ccccc2)c1C#N,0
O=C(c1ccco1)N1CCN=C1SCc1c(F)cccc1Cl,0
Cc1cccc(NS(=O)(=O)c2cc(C(=O)NCCC3=CCCCC3)ccc2Cl)c1,0
Cc1ccc(C(=O)N(CN2CCCC2=O)c2ccc(F)cc2)cc1C,0
COCc1nn2c(N)c(C#N)cnc2c1-c1ccccc1,0
Cc1cc(C)c(C#N)c(Nc2ccc3c(c2)OCCO3)n1,0
CCCn1c(SCC(=O)/C(C#N)=C(\C)N)n[nH]c1=O,0
COc1ccc(C2=CC(=O)OC3(CCCCC3)O2)cc1,0
O=C(Cc1ccc2c(c1)CCCC2)Nc1ccccc1Br,0
NC(=O)C1CCCN(C(=O)Nc2cccc3ccccc23)C1,0
CSc1nnc(C(NC(=O)OC(C)(C)C)C(C)C)o1,0
COc1ccc(CNC(=O)c2cc3c(=O)n4ccccc4nc3n(Cc3cccnc3)c2=N)cc1,0
CC(C)NC(=O)NS(=O)(=O)c1cnccc1N1CCCCC1,0
CCN(CC)S(=O)(=O)c1ccc(Cl)c(C(=O)Oc2cccc(-c3cnc4ccccc4n3)c2)c1,0
C=CCn1c(C)cc(C(=O)CSc2ccc(NC(C)=O)cc2)c1C,0
Cc1ccccc1Oc1ccc(S(=O)(=O)N2CCN(C(=O)c3ccco3)CC2)cc1,0
CN(C)S(=O)(=O)c1cccc(C(=O)NCc2ccco2)c1,0
COc1cc(S(=O)(=O)N2CCCCC2)ccc1NC(=O)/C=C/c1ccccc1,0
Cn1c(CSCc2ccc(F)cc2)nnc1SCC(=O)Nc1nccs1,0
COc1ccc(CCn2nnnc2C(CC(C)C)N2CCC(C(N)=O)CC2)cc1OC,0
Nc1nonc1OCCc1ccccc1,0
CCOC(=O)c1c(C)n(C)c2ccc(O)c(CN3CCCCC3)c12,0
O=C(NCC1CCS(=O)(=O)C1)Oc1ccccc1,0
COCCCn1c(Cc2csc(Nc3ccccc3)n2)nnc1SCC(N)=O,0
COc1ccc(/C=N/NC(=O)c2cc(-c3ccccc3OC)nc3ccccc23)cc1COC(C)=O,0
CCOC(=O)c1[nH]c2ccc(OC)cc2c1NC(=O)CN1CCc2ccccc2C1,0
COc1ccc(NC(=O)C2CCN(c3cc(C)nc(-c4ccccc4)n3)CC2)cc1,0
O=C(NCCCO)NC12CC3CC(CC(C3)C1)C2,0
CC(C)Cn1c(SCC(=O)Nc2ccc3c(c2)OCO3)nc2ccccc21,0
CC(C)OCCCn1c(-c2ccco2)nc2nc3ccccc3nc21,0
c1ccc(N2CCN(c3nc4ccccc4n4cnnc34)CC2)cc1,0
CCCN(CCC)c1ncnc2c1cnn2-c1ccc(OC)cc1,0
CNc1nc(C)cc(C)c1S(=O)(=O)c1ccc(C)cc1,0
CNC(=S)NNC(=O)Cn1ccc(C)n1,0
Cc1c(C(=O)NCCCN2CCOCC2)sc2nc(-c3ccc(F)cc3)cn12,0
CCOC(=O)c1ccc(NC(=O)CN2CCc3ccccc3C2)cc1,0
COc1ccc(/C=N/NC(=O)c2nc(-c3ccccc3)cc(-c3ccccc3)n2)cc1,0
CC(C)OC(=O)Cn1cnc2ccc(Br)cc2c1=O,0
O=C(O)c1sccc1Oc1ccc(F)cc1[N+](=O)[O-],0
O=C(c1ccc(F)cc1)N(Cc1ccccc1)C1CCS(=O)(=O)C1,0
O=C(NC1CCCCC1)C(c1ccccn1)N(C(=O)Cc1cccs1)c1ccc(Cl)cc1,0
CCn1c(SCC(N)=O)nnc1-c1ccc2[nH]c(C)c(C)c2c1,0
CC(C)CCOc1ccc(C(=O)O)cc1,0
O=C(CSc1ncn[nH]1)NCCCc1ccccc1,0
Cc1cccc(CSc2nnc(N)n2-c2ccccc2)c1,0
CCCCCC(=O)Nc1nnn(CCC)n1,0
O=C(COC(=O)c1ccccc1Nc1ccccc1)NCc1ccco1,0
CSc1nc(-c2ccccc2)nc2c1COC(C)(C)C2,0
Nc1c(C(=O)OCC2CCCO2)c2nc3ccccc3nc2n1-c1ccc2c(c1)OCCO2,0
Cc1ccc(C)c(Cn2[nH]nc3c(=O)nc(C4CCCN(C(=O)C5CCCCC5)C4)nc2-3)c1,0
CCN1CCN(C(=S)c2ccc(OCC(=O)Nc3ccc(OC)cc3)cc2)CC1,0
CCCC(=O)C1=C(N2CCCC2)CC(CC(C)SCC)CC1=O,0
Cc1ccccc1OCC(=O)Nc1sc2c(c1C#N)CCC2,0
COc1cccc(C2=NOC(C(=O)NC3CCCCC3)C2)c1,0
Nc1ccc(C(=O)Nc2nc3ccccc3s2)cc1,0
CCOc1ccc(NC(=O)C2CC(=O)N(c3cc(C)cc(C)c3)C2)cc1,0
CCCn1c(SCC(=O)c2cc(C)ccc2C)n[nH]c1=O,0
Cc1ccc(-n2nc3ccc(NC(=O)c4ccco4)cc3n2)cc1,0
COc1ccc(N2CCC(CNC(=O)Nc3ccc(OC)cc3OC)C2)cc1,0
Cn1cc(-c2nnnn2-c2ccccc2)c(=O)c2ccccc21,0
CCOC(=O)c1ccc(NC(=S)NCC(O)c2ccccc2)cc1,0
CCCCn1c(=O)[nH]c(=O)c2c1nc(-c1ccc(-c3ccccc3Br)o1)n2CCOC,0
COc1ccc(/C(C)=C2\SC(=S)N(CCC(=O)O)C2=O)cc1,0
O=C(CSc1ccc(Cl)cc1)Nc1ccc(N2CCN(C(=O)c3ccco3)CC2)cc1,0
COc1ccc2nc(NCc3ccccc3)[nH]c2c1,0
COCCn1nnnc1C(c1cc2c(C)cc(C)cc2[nH]c1=O)N1CCCCCC1,0
Cc1ccccc1NC(=O)Nc1ccccc1C(=O)NCc1ccccc1,0
C=CCOn1c(C)c(C(C)=O)c2c3no[n+]([O-])c3ccc21,0
CC(=O)Cc1nsc(NC(=O)c2c(-c3ccccc3Cl)noc2C)n1,0
O=C(CCNC(=O)c1ccco1)NCc1ccccc1,0
CC(=O)c1ccc(NC(=S)N2C(C)CCCC2C)cc1,0
COc1ccc(C(=O)Cn2nnc(-c3cccs3)n2)cc1,0
COc1cccc(NC(=O)c2cc(C(=O)Nc3cccc(OC)c3)n(C)n2)c1,0
CCOc1ccc(S(=O)(=O)N(CC(=O)Nc2cc(C)on2)Cc2ccccc2Cl)cc1,0
Cc1ccc(NC(=O)C2CCN(C(=O)NC3CCCCC3)CC2)cc1,0
Cc1ccnc(NS(=O)(=O)c2ccc(NS(=O)(=O)Cc3ccccc3)cc2)n1,0
CN1CCN(Cc2nc3c(c(=O)n(C)c(=O)n3C)n2Cc2cccc3ccccc23)CC1,0
CCCc1nc2ccccc2c(=O)n1-c1c(C)n(C)n(-c2ccccc2)c1=O,0
CCOc1ccc(C(=O)c2nc3c(n2O)CCCCC3)cc1,0
COc1cc(Cl)c(C)cc1NC(=O)CSc1nnc(-c2ccccn2)n1Cc1ccco1,0
Cc1ccc(N2C(=O)CC(N3CCN(C)CC3)C2=O)cc1,0
CCOC(=O)C1CCN(C(=O)Nc2ccc3oc(C)nc3c2)CC1,0
COc1ccccc1NC(=O)C(Cc1ccc(Cl)cc1)c1nn[nH]n1,0
O=C(Nc1nc2c(s1)CCc1ccccc1-2)c1ccco1,0
CCOC(=O)C(NC(=O)c1ccccc1)(Nc1cc(C)on1)C(F)(F)F,0
CCCC(=O)n1nc(-c2ccccc2)nc1N,0
CC1CCC(C(=O)NC(C(=O)NCCCN2CCOCC2)C(C)C)CC1,0
O=C(NCCCn1ccnc1)c1ccncc1,0
CN1C(=S)SC(/[N+]([O-])=C\c2ccccc2)C1(C)C,0
NC(=O)C1CCN(C(=O)CSc2ccccn2)CC1,0
Cc1cc(C)c(S(=O)(=O)NCC(=O)O)cc1C,0
Cc1ccc(NC(=O)c2noc3c2CCc2ccccc2-3)cc1,0
O=C(Nc1ccccc1)Nc1ccccc1C(=O)NCc1ccccc1,0
O=C1CCc2cc(S(=O)(=O)N3CCC(C(=O)NC4CCCc5ccccc54)CC3)ccc2N1,0
CCCNC(=O)c1ccccc1NC(=O)COc1ccc(OC)cc1,0
O=C(NNC(=O)c1ccccc1O)c1ccc(Cl)cc1,0
O=C(Nc1cccc(-c2nc3ncccc3o2)c1)c1ccco1,0
CCN1CCN(C(=S)Nc2ccc([N+](=O)[O-])cc2)CC1,0
CC(=O)Nc1ccc(SCC(=O)N(CCC#N)c2ccc(C)cc2)cc1,0
Nc1nnnn1/N=C/c1ccco1,0
c1ccc2c(CN3CCCCCCC3)c[nH]c2c1,0
CCC(=O)c1ccccc1OCCCN1C(=O)NC(C)(C)C1=O,0
O=C(Nc1cnn(C23CC4CC(CC(C4)C2)C3)c1)c1cc(-c2ccccc2)on1,0
Cc1ccc(S(=O)(=O)N/N=C/c2ccc(OCC(=O)Nc3ccccc3Cl)cc2)cc1,0
Cc1ccc(-c2noc(CCC(=O)NCC3CCN(Cc4cccc(C)c4)CC3)n2)cc1,0
Cc1cc(C)c2[nH]c(=O)c(=O)[nH]c2c1,0
CC1(C)CC(=O)C(=CNCCCn2ccnc2)C(=O)C1,0
COc1ccc(OCCSc2ncccn2)cc1,0
Cn1c(=O)c(NCCc2ccccc2)c2c3c(cccc31)C(=O)c1ccccc1-2,0
N#Cc1ccccc1Sc1ccccc1C(=O)Nc1ccc(Br)cc1,0
COC(=O)CNC(=O)CNC(=O)Nc1ccccc1,0
C1CCN(Cc2nnnn2C2CCCC2)CC1,0
Cc1cc(C(F)F)n2ncc(C(=O)O)c2n1,0
CCOc1ccccc1CNC(=O)Cn1c(=O)oc2ccccc21,0
COc1ccc(C(CNC(=O)c2cc(C)oc2C)N2CCOCC2)cc1,0
O=C(CSc1nc(=O)c2ccccc2[nH]1)c1ccccc1,0
Cc1ccc(N2CC(C(=O)Nc3ccccc3C(=O)NC3CCCCC3)CC2=O)cc1,0
COCc1cc(C)nc(N2CCN(Cc3ccccc3)CC2)c1C#N,0
CCOc1ccc(/C=N/n2cnnc2)cc1,0
O=C1COc2ccc(C(=O)CSc3nnc(Cc4cccs4)n3-c3ccc(Cl)cc3)cc2N1,0
CCOc1ccc(-c2nnn(CC(=O)NCc3ccco3)n2)cc1OCC,0
Cc1ccc(-c2nc3ccccc3[nH]2)cc1NC(=O)c1ccc2c(c1)OCO2,0
COc1ccc(CCNc2nc(=O)c(C)n[nH]2)cc1OC,0
CCOc1cc(C)c(S(=O)(=O)Nc2ccc(F)cc2)cc1C,0
CCN(CC)S(=O)(=O)N1CCC(C(=O)NCc2ccc(C)cc2)CC1,0
COc1ccc(S(=O)(=O)Nc2ccccc2)cc1OC,0
Cc1nn(-c2ccccc2)c(C)c1C(=O)Nc1nnc(-c2ccco2)o1,0
CC(C)NC(=O)NC1C2CC3CC(C2)CC1C3,0
COc1ccc(-c2[nH]c(-c3cccc(C)c3)nc(=O)c2C#N)cc1,0
COc1ccc(NC2=CC(=O)CC(c3ccc(C)cc3)C2)c(OC)c1,0
O=C(c1ccccn1)c1conc1C(=O)c1ccc(Br)cc1,0
Cc1cc(C)n(-c2nc3ccccc3nc2N2CCCC2)n1,0
CCc1sc(NC(=O)COC)nc1-c1ccccc1,0
C=CC(=C)CC(NC)c1ccccc1,0
Cc1ccc(NC(=O)C2C(c3ccccc3)C=CC(c3ccccc3)C2C(=O)O)cc1,0
O=S1(=O)C=CC(Nc2ccccc2)C1,0
Nc1nnc(CC(=O)N/N=C/c2cccc([N+](=O)[O-])c2)s1,0
c1ccc(Cn2nnc3c(N4CCN(Cc5ccc6c(c5)OCO6)CC4)ncnc32)cc1,0
COC(=O)NCCOC(=O)N(O)c1ccc(Br)cc1,0
Cc1ccc(CNC(=O)CN(C2CCCCC2)S(C)(=O)=O)cc1,0
Cc1ccc(C(=O)Nc2c(-c3cccs3)c(=O)c3ccccc3n2C)cc1,0
CC(=O)n1nc(-c2ccco2)nc1N,0
COc1ccc(NC(=O)C2CCN(C(=O)NCc3ccccc3)CC2)cc1,0
O=C(Nc1cccnc1)c1cnc2ccccc2n1,0
O=C(CN(c1ccc(Cl)cc1)S(=O)(=O)c1ccccc1)N1CCN(c2ccccc2)CC1,0
CS(=O)(=O)N1CCCC(C(=O)N2CCc3ccccc3C2)C1,0
CCOC(=O)c1sc(NC(=O)c2c(OC)cccc2OC)nc1C,0
Cc1cccc(-n2ncc(C#N)c2N)c1,0
CCN(CC)C(=O)Cn1cnc2ccccc2c1=O,0
O=C(NC1CCCC1)C(c1cccs1)N(Cc1ccco1)C(=O)Cn1nnc(-c2cccs2)n1,0
CCOCC(=O)N1CCCC(C(=O)OCC)C1,0
CN1CCN(CCCNC(=O)c2cn(C3CCCCC3)c(=O)c3c2c2ccccc2n3C)CC1,0
COC(=O)c1nn(-c2ccc(Cl)cc2)c(=O)cc1Sc1ccccn1,0
CN1C2=NCCN2C(=O)c2ccccc21,0
O=C(ON=C1CCN(S(=O)(=O)c2ccccc2)CC1)c1ccc(Cl)cc1,0
O=c1cc(N2CCN(c3ccc(F)cc3)CC2)[nH]c(=O)n1C1CCCCC1,0
COC(=O)c1sc(NC(=O)c2ccc(Cn3cc(Cl)cn3)o2)c(C#N)c1C,0
Cc1ccc(-n2[nH]cc3c(=O)ncnc2-3)c(C)c1,0
CC(=O)c1c(/N=C/N(C)C)nc(C)nc1-c1ccccc1,0
O=C(Nc1ccccc1N1CCN(C(=O)c2ccc(Cl)cc2)CC1)c1ccc2c(c1)OCO2,0
COc1ccccc1OCCCCCc1c(C)n[nH]c1C,0
O=C(c1ccco1)N1CCN(C(c2cccs2)c2sc3ncnn3c2O)CC1,0
CCCCN1C(=O)NC2NC(=O)NC21,0
O=C(Nc1ccccc1)N(Cc1ccccc1)Cc1ccccc1,0
O=C(NCC1CCCO1)c1onc(CSc2ccc(F)c(F)c2)c1C(=O)O,0
Cc1c(NC(=O)c2ccc(F)cc2)c(=O)n(-c2ccccc2)n1C,0
Cc1cc(C)nc(N2CCCC(C(=O)NCCc3ccccc3F)C2)n1,0
Cc1ccc(-c2cc(C(=O)NCc3ccccn3)c3ccccc3n2)cc1,0
Cc1n[nH]c(SCC(=O)N(C)Cc2ccccc2)nc1=O,0
CC(C)NC(=O)C(C)n1cccc1C(=O)c1ccccc1,0
Cc1ccc(C(=O)O/N=C/C2=C(Cl)c3ccccc3CC2)cc1,0
CC12CCC(C(=O)N3CCN(Cc4ccccc4)CC3)(OC1=O)C2(C)C,0
COc1cccc(C2CC(=O)NC3=C2C(=O)CCC3)c1,0
COc1cc(OC)cc(C(=O)N(CN2CCCC2=O)c2ccccc2OC)c1,0
CS(=O)(=O)N(CC(=O)N1CCCCCC1)c1ccccc1,0
Cc1ccc(OCC(=O)N/N=C/c2cccn2C)cc1,0
O=C(O)CNC1=NC2(CCCC2)Cc2ccccc21,0
Cc1ccc(/C=N/N2C(=S)SC(C)(C)C2N(O)C(=O)Nc2ccc([N+](=O)[O-])cc2)cc1,0
COC1CCCCC1Nc1ccc(C)c(C)c1,0
CC(Cc1ccccc1)N/C=C1/CC(=O)NC1=O,0
CCn1c(SCC(N)=O)nc2ccccc2c1=O,0
Cc1ccc(N2CC(C(=O)Nc3ccncc3)CC2=O)cc1,0
COC(=O)c1ccccc1NC(=O)CSc1ccccn1,0
Cc1nn(C)c(C)c1S(=O)(=O)NC1CCCC1,0
O=C(NCc1ccco1)c1noc2c1CCCCC2,0
COc1ccc(-c2nc3cccc4cccc([nH]2)c43)cc1,0
CCOc1ccccc1C(=O)Nc1nccs1,0
COc1cccc(C(=O)Nc2ccc(NC(C)=O)cn2)c1,0
COc1ccccc1N1CCN(C(=O)CN(c2ccccc2OC)S(=O)(=O)c2ccccc2)CC1,0
O=C(NCCN1CCOCC1)C1CCN(c2nc3ccccc3o2)CC1,0
Cc1ccccc1C(=O)NNc1ccc([N+](=O)[O-])cc1,0
O=S(=O)(c1cccc2ccccc12)n1nnc2ccccc21,0
O=C(CCc1nc(-c2ccccc2)no1)NCCc1ccccc1,0
CCOc1ccc(NC(=O)C(=O)NCCCn2ccnc2)cc1,0
CC(=O)c1ccc(NS(=O)(=O)c2ccccc2)cc1,0
CCOC(=O)N1CCN(Cc2nc(N)nc(Nc3ccccc3C)n2)CC1,0
O=C(CSc1nc2ncccc2[nH]1)NCc1ccccc1,0
CNc1nc(-c2ccccc2)nc(-c2ccccc2)c1C#N,0
Cc1ccc(C(=O)/C=C2\NCCNC2=O)cc1,0
COc1cc(NS(=O)(=O)c2ccc(Cl)cc2)c(OC)cc1NC(=O)c1ccco1,0
COCc1nnc(NC(=O)c2ccc(S(=O)(=O)N(C)C3CCCCC3)cc2)o1,0
Cc1ccc(C(=O)n2nc(-c3ccco3)nc2N)cc1,0
CC1(C)C(=O)Nc2ccccc2N1C(=O)COc1ccc(S(=O)(=O)N2CCOCC2)cc1Cl,0
CCCC(=O)Nc1cccc(-c2cn3ccsc3n2)c1,0
COc1cc2c(cc1OC)CN(CC(=O)Nc1cccc(C)c1)CC2,0
Oc1ccc2[nH]ccc2c1,0
CC12CCC(C(=O)N3CCCc4ccccc43)(CC1=O)C2(C)C,0
CCOC(=O)C1CCCN(C(=O)CN(c2ccc(OC)cc2)S(=O)(=O)c2c(C)noc2C)C1,0
COc1ccccc1-n1c(SCC(=O)Nc2nnc(C)s2)nc2c(c1=O)SCC2,0
CCOc1ccccc1C1C(C(N)=O)=C(C)N=C2N=C(c3ccc(OC)cc3)NN21,0
O=C(CCc1nc(-c2ccccc2F)no1)Nc1ccc(Oc2ccccc2)cc1,0
C=CCn1c(SCC(=O)N2CC(=O)Nc3ccccc32)nc2scc(-c3cccs3)c2c1=O,0
Nn1c(CSc2ccccn2)nc2ccccc2c1=O,0
CCn1c(CCNC(=O)c2cccs2)nnc1SCC(=O)NC1CCCCC1,0
Cc1cc(SCC(=O)N2CCCC2)nc2ccccc12,0
CCOC(=O)c1ccc(NS(=O)(=O)c2cc(C)ccc2OC)cc1,0
CN(C)Cc1cnc2ccc(Cl)cn12,0
COc1ccccc1C(=O)N/C(=C/c1ccc(Br)cc1)C(=O)NCC(=O)O,0
N#Cc1c2c(c(NCc3ccco3)n3c1nc1ccccc13)CCC2,0
CCn1c(SCC(=O)Nc2ccc(C(C)=O)cc2)nc2ccccc21,0
O=C(NCCc1ccccc1)c1cc2ncc(Br)cn2n1,0
COc1cccc(N2CCN(C(c3ccccn3)c3nnnn3C(C)(C)C)CC2)c1,0
C=CCN1C(=S)NN/C1=C1\C=Nc2ccccc21,0
Cn1nc(-c2ccc(C(=O)Nc3cccnc3)cc2)c2ccccc2c1=O,0
CCOC(=O)SC1=N/C(=C\c2ccc(N(C)C)cc2)C(=O)S1,0
CCOc1ccc(C(=O)Nc2ccc(N3CCCC3)cc2)cc1,0
Cc1cc(C(=O)OCC(=O)c2ccc(Br)s2)c(C)o1,0
O=C1CC(c2ccco2)CC2=C1C1c3ccccc3C(=O)N1c1ccccc1N2,0
CCCN(CCO)Cc1ccc(Br)cc1,0
COc1ccc(-c2nn(C)c(=O)c3ccccc23)cc1NC(=O)Cn1nc(-c2ccccc2)c2ccccc2c1=O,0
CCOC(=O)C1CCN(c2cc(C)nc3cc(-c4cccc(F)c4)nn23)CC1,0
CCC(C)n1cnc2c(c1=O)c1nc3ccccc3nc1n2Cc1ccc2c(c1)OCO2,0
Cc1cc(CNC(=O)Nc2ccc3c(c2)OCO3)nn1C,0
Cc1c(NC(=O)CCC(=O)N2CCCCC2)c(=O)n(-c2ccccc2)n1C,0
CC(C)n1cc(/C=C(\C#N)S(=O)(=O)c2ccccc2)c2ccccc21,0
COc1ccc(OCCCC(=O)Nc2nncs2)cc1,0
CCc1nnc(NC(=O)Nc2ccccc2OC)s1,0
CN(C)c1ccnc(-n2cccc2/C=N/OCc2cccc(F)c2)c1C#N,0
Cn1c(SCC(=O)Nc2nccs2)nnc1-c1ccc(S(=O)(=O)N2CCCC2)cc1,0
CCCN1Cc2cccc(C(=O)NCc3ccccc3)c2C1=O,0
CCOC(=O)c1ccccc1NC(=O)CSc1ccccc1,0
CC(C)c1nnc(NC(=O)Cn2nc(-c3ccc4c(c3)OCCO4)ccc2=O)s1,0
CC(C)=CC(=O)Nc1nnc(-c2cccnc2)s1,0
CCCC(=O)n1nc(-c2ccco2)nc1N,0
COc1ccc(N(Cc2cc3ccc(C)cc3[nH]c2=O)C(C)=O)cc1,0
O=C(NCCN1CCOCC1)c1ccc2ccccc2n1,0
O=C(NC1CCCCC1)N(Cc1nc(=O)c2ccccc2[nH]1)C1CCCC1,0
COc1cccc(NC(=O)N2CCC(N3CCCCC3)CC2)c1,0
COc1cccc(C(=O)Nc2ccc(NC(=O)C3CC3)cn2)c1,0
O=C1CC(Nc2ccc(N3CCOCC3)cc2)C(=O)N1c1ccccc1,0
CC(C)CCNc1nc2c(c(=O)n(Cc3cccc(F)c3)c(=O)n2C)n1C,0
Cc1cc(N)n(C2CCN(C)CC2)n1,0
CCOC(=O)Nc1sc(C)nc1-c1ccccc1,0
O=C(O)Cn1cc(C(=O)c2cccs2)c2ccccc21,0
NC(=O)C1CNc2ccccc2O1,0
CC(=O)NC(O)C(=O)c1ccco1,0
O=C(NCc1ccco1)/C(=C/c1cccnc1)NC(=O)c1ccco1,0
CCCC(=O)Nc1cccc(-c2nc3ccccc3o2)c1,0
O=C(Nc1ccncc1)c1cncc(Br)c1,0
Cc1cc(Cn2ccnc2)c(C)cc1Cn1ccnc1,0
O=C(CCn1cccc1)Nc1cc(F)ccc1F,0
Cc1ccc(NC(=O)COC(=O)c2ccc3c(c2)NC(=O)C2CCCN32)cc1,0
COC(=O)c1cc(Br)c(=O)n(-c2ccccc2F)c1,0
O=C(Nc1ccccc1)NC1(C(=O)NCc2ccco2)CCCCC1,0
Cc1cc(C)n2nc(C(=O)NCCc3ccccc3)nc2n1,0
Cn1nnnc1SCC(=O)NCc1ccco1,0
Cc1cc(N2CC34C=CC(O3)C(C(=O)O)C4C2=O)no1,0
O=C(Nc1ccc(N2CCN(C(=O)c3ccccc3)CC2)cc1)c1cc2ccccc2o1,0
Cc1cc(C)n(-c2nc3ccccc3nc2N2CCCCCC2)n1,0
Cc1cccc(C(=O)O/N=C/c2c(N3CCOCC3)n(C)c3ccccc23)c1,0
COc1cc(-c2noc(CCCC(=O)NC3CCCCC3)n2)cc(OC)c1OC,0
O=C(Nc1ccc2c(c1)OCO2)c1noc2c1CCCCC2,0
CCOc1ccc(/C=N/n2c(SC)nnc(C(C)(C)C)c2=O)cc1,0
Cc1cc(NS(=O)(=O)c2ccc(CC(C)C)cc2)no1,0
Cc1ccc2nc(C(C)O)[nH]c2c1,0
Cc1ccc(OC(=O)CCc2c(C)nc3ncnn3c2C)cc1,0
Nc1ccc(-n2nnnc2-c2ccco2)cc1,0
CCn1c(SCC(=O)Nc2cc(C)c(Cl)cc2OC)nnc1-c1ccco1,0
O=C(C1CCCCC1)N1CCC(n2nnc3ccccc32)CC1,0
Cc1nc(Nc2ccc(S(N)(=O)=O)cc2)oc1C,0
CCCC(C)C(=O)Nc1ccc(C(N)=O)cc1,0
O=C(NCCN1CCOCC1)Nc1ccc(Cl)cc1Cl,0
O=c1c2[nH]c3ccccc3c2ncn1CCCn1ccnc1,0
O=C1COc2ccc(C(=O)NCc3ccc4c(c3)OCO4)cc2N1,0
CCN(CC)S(=O)(=O)c1ccc(C(=O)NCc2n[nH]c(=S)n2-c2ccccc2OC)cc1,0
O=C(Nc1nccs1)C(=O)c1c[nH]c2ccccc12,0
COCCOC(=O)c1[nH]c2c(c1C)C(=O)CC(c1ccc(N(C)C)cc1)C2,0
Cc1ccc(-c2nc3ccccc3o2)cc1NC(=O)Cc1cccs1,0
COc1ccc(Nc2nccc(OC)c2C#N)cc1,0
Cc1ccc2c(CC(=O)N3CCN(S(=O)(=O)c4ccc5c(c4)OCCO5)CC3)coc2c1,0
O=S(=O)(Nc1ccccc1)c1ccc(F)cc1,0
c1ccc(Nc2nnc(SCc3cccc4ccccc34)s2)cc1,0
CC(C)Oc1ccc(C(CC(=O)NCc2ccco2)c2ccccc2)cc1,0
COc1cc2[nH]c(NC(=O)c3ccccc3)nc(=O)c2cc1OC,0
CCC(CC)C(=O)Nc1c(C)n(C)n(-c2ccccc2)c1=O,0
COc1cc(C(=O)NCC(C)C)c([N+](=O)[O-])cc1OC,0
CCCC(=O)N1CCN(c2ccc(NC(=O)c3ccc(OCC)c([N+](=O)[O-])c3)cc2)CC1,0
Cc1ccc(C(=O)c2nc3c(n2O)CCCC3)cc1,0
O=C1NC(Cc2c[nH]c3ccccc23)C(=O)N1CCOc1ccccc1,0
Cn1c(Cc2csc(N)n2)nnc1SCC(=O)NC1CCCCC1,0
O=C(NCCc1ccccc1)c1ccc(OCCOc2ccccc2)cc1,0
COc1ccc(Cl)cc1N(CC(=O)N1CCN(Cc2ccccc2)CC1)S(C)(=O)=O,0
Cc1ccc(C(CC(=O)N2CCCC2)c2ccccc2)c(O)c1C,0
CN(C)/C=C/c1c(C#N)c(=O)ncn1Cc1ccccc1,0
CC1CCCC(C)N1C(=O)CN1CCN(c2nc(-c3ccc(F)cc3)cs2)CC1,0
Cc1ccc(-n2c(N)c(C#N)c(-c3ccccc3)c(C#N)c2=O)cc1,0
CCOC(=O)N1CCC(NC(=O)C2CCC(Cn3c(=O)[nH]c4ccccc4c3=O)CC2)CC1,0
O=C(COc1ccccc1Cl)NNC(=O)C1CCCO1,0
c1ccc2cc3[nH]c(CN4CCOCC4)nc3cc2c1,0
CC(=O)C1=C(C)Nc2cc(C(F)(F)F)ccc2S1,0
Cc1ccc(S(=O)(=O)Nc2cc(C(=O)Nc3cc(C)cc(C)c3)ccc2Cl)cc1,0
O=C(O)c1ccc(S(=O)(=O)NC2CCCCC2)cc1,0
COc1ccc(CCNC(=O)c2ccccc2NC(=O)c2ccco2)cc1OC,0
O=C(Cn1cc(C(=O)c2cccs2)c2ccccc21)NCC1CCCO1,0
COc1cccc(C(=O)N(C)c2nnc(-c3ccncc3)s2)c1,0
CN(C)c1ccc(C2C3C(=O)NC(=O)C3ON2c2ccc(Cl)cc2)cc1,0
CC(C)OC(=O)c1cc2c(ccn2C)n1CC(=O)N1CCC(Cc2ccccc2)CC1,0
NC(=O)CSc1nnnn1-c1ccc(OC(F)(F)F)cc1,0
CCOC(=O)c1ccc(S(=O)(=O)Nc2cc(C(C)(C)C)no2)cc1,0
O=c1[nH]c2ccccc2n2c(-c3ccncc3)nnc12,0
COc1ccc(Cn2c(SC)nc3ccccc32)cc1[N+](=O)[O-],0
CCC(=O)Nc1nc(CC(=O)Nc2ccccc2OC)cs1,0
NC(=O)C(c1ccccc1)C1CCCC1,0
C=CCN(C(=O)CCC(=O)Nc1cc(C)on1)C(C(=O)NC1CCCC1)c1cccnc1,0
O=C(Nc1nc2ccccc2n1Cc1ccccc1)c1ccco1,0
O=C(Nc1ccc(S(=O)(=O)N2CCCCC2)cc1)c1ccccc1Cl,0
C1CCN(c2c3c(nc4nnnn24)CCCC3)CC1,0
CC(=O)N1CCN(c2ccc(NC(=O)c3ccc(C(C)(C)C)cc3)cc2)CC1,0
CCOC(=O)CSc1nnc(NC(=O)c2cccc(S(=O)(=O)N3CCCCC3)c2)s1,0
O=C(CSc1nnc2c(Cl)cc(C(F)(F)F)cn12)Nc1ccc2c(c1)OCO2,0
Cc1csc2ncc(C(=O)NCc3ccco3)c(=O)n12,0
COc1ccc2c(c1)[nH]c1c(=O)n(CCN3CCCC3)cnc12,0
COc1ccc(CCNC(=O)CSc2nnc(Cn3c(=O)sc4ccccc43)n2C)cc1OC,0
Cc1ccc(C(=O)NCCN(C)C)c(C)c1,0
Cc1nc(C)c(C(=O)C2=C(O)C(=O)N(CCCn3ccnc3)C2c2ccc(Cl)cc2)s1,0
CCOC(=O)C1CCN(C(=O)c2ccc(Br)o2)CC1,0
Cc1ccc(-c2cc(C(=O)Nc3c(C#N)cnn3C)no2)cc1,0
Cc1noc(C)c1CSc1nnnn1-c1ccc(Cl)cc1,0
Cn1c(SCC(=O)Nc2ccc3nc(SCC(=O)N4CCCC4)sc3c2)nnc1-c1ccc(N)cc1,1
CC(C)NC(=O)CC(c1ccccc1)c1cc(Br)ccc1O,0
CCNC(=O)N1CCNC(=O)C1CC(=O)OC,0
CC(C)(C)NCc1cc2ccccc2[nH]c1=O,0
Cc1nn(Cc2ccc(Cl)cc2)c2sc(C(=O)OCC(N)=O)cc12,0
O=C1Nc2ccc(Br)cc2C1(O)Cc1ccncc1,0
O=C(Oc1c(Cl)cc(Cl)c2cccnc12)N1CCOCC1,0
N#Cc1ccccc1Sc1ccccc1C(=O)N1CCOCC1,0
COc1ccc(C(=O)OCc2cc3cccc(C)c3[nH]c2=O)cc1,0
CCc1c(C)n([O-])c2c([n+]1=O)CCC2,0
CN(CC(=O)Nc1ccc(S(N)(=O)=O)cc1)c1ccccc1,0
Cn1c2c(c(=O)n(C)c1=O)CN(CCc1ccccc1)CN2,0
O=S(=O)(c1cccc2cccnc12)N1CCOCC1,0
Clc1ccc2c(c1)C=Nc1c(ncnc1N1CCCCC1)O2,0
COc1ccc(C2CC(=O)c3c(C)nc(N4CCN(Cc5ccccc5)CC4)nc3C2)cc1OC,0
CSc1ccccc1NC(=O)CSc1nnnn1-c1ccccc1SC,0
CC(=O)n1cc(C2OC(O)=C(C)C(=O)C2(C)C)c2ccccc21,0
CC(=O)c1ccc(Oc2cc(C)nc(NCc3ccccc3)n2)cc1,0
NC(=O)c1cccc(S(=O)(=O)N2CC(c3ccccc3)CC2=O)c1,0
CCOc1ccc(OCCN2C(=O)NC3(CCCc4ccccc43)C2=O)cc1,0
Cc1cc(C)cc(NC(=O)C2CCCC2)c1,0
CCCCN(CCCC)c1nc2ccccc2nc1NS(=O)(=O)c1ccc(NC(C)=O)cc1,0
N#Cc1ccc2ccn(CC(=O)NCc3ccco3)c2c1,0
Cc1cc(S(=O)(=O)N2CCOCC2)ccc1F,0
C/C(N)=C(\C#N)C(=O)NCc1ccccn1,0
COc1ccc(S(=O)(=O)N2CCCC2C(=O)NC2=NCCS2)cc1,0
Cn1c(CN2CCC(C(N)=O)CC2)c(C#N)c2ccccc21,0
O=C(NCc1ccco1)c1cnn2c(C(F)F)cc(-c3ccccc3)nc12,0
CC(OC(=O)Cn1c(C(F)(F)F)nc2ccccc21)C(=O)N1CCCc2ccccc21,0
CCOC(=O)CC(NS(=O)(=O)c1ccc(NC(C)=O)cc1)c1ccc(OCC)cc1,0
O=C(NN=C1CCCCCC1)c1cc(-c2ccccc2)nc2ccccc12,0
Cn1cnnc1SCNC(=O)C(F)(F)F,0
Cn1c(N)c(C(=O)COC(=O)c2ccc(Br)o2)c(=O)n(C)c1=O,0
Cc1cccc(-c2nc(CSCC(=O)N3CCN(c4ccccn4)CC3)c(C)o2)c1,0
O=C(CCC(=O)N(c1ccccc1)C(C(=O)NC1CCCC1)c1ccncc1)Nc1cccnc1,0
CCOc1ccccc1/C=N/NC(=O)c1ccc(Cn2cc([N+](=O)[O-])cn2)o1,0
COc1ccc(C(=O)Nn2c(SCc3ccc([N+](=O)[O-])cc3)nc3ccccc3c2=O)cc1,0
Cc1cccc(NS(=O)(=O)c2c(C)n[nH]c2C)c1,0
Cc1cn(C2OC(COC(=O)c3ccccc3)C(O)C2O)c(=O)[nH]c1=O,0
Cc1cccc(N2CCN(C(=O)CCCOc3ccccc3)CC2)c1C,0
Cc1ccc(NC2=NCC(=O)N2CCc2ccccc2)cc1C,0
C/C(=N\NC(=O)c1ccccn1)c1ccco1,0
Cc1nn(C)c(C)c1Sc1ccc(Br)cc1,0
CCCn1c(SCC(=O)Nc2nc3ccccc3s2)nc2c1c(=O)n(C)c(=O)n2C,0
O=C(O)CC1=C(O)C(=O)N(c2ccccc2)C1c1ccc(Br)cc1,0
COc1ccc(OC)c(S(=O)(=O)N2CCC(C(=O)NCc3ccccc3)CC2)c1,0
CCOc1cc(/C=C2\N=C(C)OC2=O)cc(Br)c1OCC(=O)OC,0
COc1ccc(Oc2nc(C)cc(C)c2S(C)(=O)=O)cc1,0
Cc1ccc2[nH]cc(C(=O)CN3CCN(c4ccccc4F)CC3)c2c1,0
N#Cc1nc(Cc2cccc3ccccc23)oc1NCCN1CCCCC1,0
O=c1o[nH]c(-c2ccccc2)c1C1=NCCCCC1,0
Cc1ccc(C(C)C)c(OCC(=O)Nn2c(C)nc3ccccc3c2=O)c1,0
CCOC(=O)c1cc(CC)sc1NC(=O)CCC(=O)O,0
CCCc1cc(=O)nc(SCCOC(=O)c2ccccc2)[nH]1,0
COC(=O)c1ccccc1NC(=O)c1cc(-c2ccc(C)cc2)on1,0
CN1C(=O)S/C(=C/c2cccnc2)C1=O,0
Cc1ccc(S(=O)(=O)N2CCC(C(=O)NCCCOC(C)C)CC2)cc1,0
Cc1ccc(C2=N/C(=C\N(C)C)C(=O)O2)cc1,0
O=C(NCCCn1ccnc1)c1ccc(Br)o1,0
CC(C)C(C(=O)NCc1ccco1)N(C(=O)CNS(=O)(=O)c1ccc(Cl)cc1)C1CCCC1,0
COCC(C)Nc1ncnc2c1cnn2-c1ccc(Cl)cc1,0
CSc1ccc(N2C(=O)NC3(CCCCC3)C2=O)cc1,0
COc1ccc2oc(-c3ccc(C)c(NC(=O)c4ccc(N5CCOCC5)c([N+](=O)[O-])c4)c3)nc2c1,0
O=C(CSCc1ccc([N+](=O)[O-])cc1)NCCSCc1ccccc1,0
O=C(Nc1ccc(O)cc1)c1ncn[nH]1,0
O=C(Cc1ccccc1)Nc1ccc(NC(=O)c2ccco2)nc1,0
O=C(Nc1ccccc1)c1ccccc1NC(=O)C1CCCCC1,0
CCOc1ccc(CNc2ccc3c(c2)ncn3C)cc1,0
CCN(CC)CC(=O)c1c[nH]c2ccccc12,0
Cc1cc2nn(-c3cccc4ccccc34)nc2cc1N,0
CC1CCC2(CC1)N=C(N)N=C1Nc3ccccc3N12,0
COCC(=O)Nc1ccc(C)c(Cl)c1,0
Clc1nnc(N/N=C/c2ccccc2)c2ccccc12,0
COc1ccc(CCNc2oc(-c3ccc(OC)c(OC)c3)nc2C#N)cc1,0
CCOC(=O)C1=C(C)NC(=O)NC1c1ccc2c(c1)OCCO2,0
Cc1sc2nc(C3CC3)nc(NCCNS(C)(=O)=O)c2c1C,0
Cc1ccc(-c2cnc(NC(=O)CCC(=O)N(C)Cc3ccccc3)n2C)cc1,0
Cc1cc(=O)nc(SCCOc2ccc(OC(C)C)cc2)[nH]1,0
Cc1nn(C)cc1CNC(=O)Nc1cccc(Cl)c1,0
COc1ccc(CCN(Cc2nc(-c3ccccc3)no2)Cc2nc(-c3ccccc3)no2)cc1OC,0
CCCn1c(C)nc2c(c1=O)c1nc3ccccc3nc1n2CCc1ccccc1,0
Cc1ccccc1NC1=NS(=O)(=O)c2ccccc21,0
O=C1NC(=O)C(c2cn(-c3ccccc3)nc2-c2ccc(F)cc2)N1,0
CCOC(=O)CN1C(=O)S/C(=C/c2cc(C)n(C)c2C)C1=O,0
CCc1cc(=O)n2[nH]c(C)c(-c3ccccc3OC)c2n1,0
C=CCOc1ccc(C2C(C(=O)c3ccco3)=C(O)C(=O)N2CCCN(CC)CC)cc1,0
COc1ccccc1CNC(=O)CCC(=O)Nc1nnc(C)s1,0
O=S(=O)(NCC(c1ccccc1)N1CCNCC1)c1ccc(Cl)cc1,0
Cc1[nH]n2c(=O)cc(C(C)(C)C)nc2c1-c1ccccc1,0
CC(C)Nc1nc2n(c(=O)n1)CCN2C(C)C,0
CCOc1cc(C2C(C(=O)OCC(C)C)=C(C)N=C3SCCC(=O)N32)ccc1OC(C)=O,0
CC(=O)Nc1ccc(OCC(O)Cn2c3ccccc3c3ccccc32)c(C)c1,0
O=S(=O)(c1ccc(F)cc1)N1CCC(O)(c2ccc3c(c2)OCO3)CC1,0
COC(=O)C(/C=N/OCc1ccc([N+](=O)[O-])cc1)NC(=O)c1ccc(Cl)cc1Cl,0
Cc1c(C(=O)O)oc2ccc(S(=O)(=O)NCc3ccc(F)cc3)cc12,0
COC(=O)c1c(CCl)noc1C(=O)NCC1CCCO1,0
O=C(CN1CCN(C(=O)c2ccccc2)CC1)Nc1ccc(Br)cn1,0
O=c1cc(-c2ccccc2)[nH]c(SCc2ccccc2)n1,0
Cn1c(C(O)c2ccc(Cl)cc2)nc(Cl)c1Cl,0
O=C(Nc1ccccc1)N1CCOCC1,0
Cc1nn(Cc2ccccc2)c2c1C(c1ccccc1)C(C#N)=C(N)O2,0
CC(C)CCn1c(NCCN(C)C)nc2c1c(=O)[nH]c(=O)n2C,0
CCC(=O)Nc1cccc(NC(=O)CSc2nnc(-c3ccc(NS(C)(=O)=O)cc3)n2C)c1,0
CC1CCCCC1NC(=O)c1cncc(Br)c1,0
CC1CCCC(NC(=O)CSc2nnc(N)s2)C1C,0
O=C(Nc1ccc2c(c1)CCC2)c1cc(S(=O)(=O)N2CCN(c3ccccc3)CC2)ccc1Cl,0
O=C(ON=C1CCN(S(=O)(=O)c2ccccc2)CC1)c1cccc(Cl)c1,0
CCOC(=O)c1cccc(NC(=O)C2CCCN(S(=O)(=O)c3cnc[nH]3)C2)c1,0
CN1CCCCc2c1nc1c(c2N)CCCC1,0
O=C(O)C1C2C=CC(C2)C1C(=O)Nc1ccc(C(=O)N2CCCCC2)cc1,0
O=c1c(-c2ccccc2)n[nH]c2ccccc12,0
O=C(Nc1ccc(Oc2ccc3ccccc3c2)cc1)c1ccco1,0
COc1ccccc1NC(=O)NCc1ccc2c(c1)OCO2,0
CCOC(=O)CCc1c(C)c(C#N)c2nc3ccccc3n2c1-n1ccnc1,0
CC(=O)Nc1ccccc1C(=O)N1CCc2ccccc21,0
COCCn1c(SCC(=O)Nc2cccc(OC)c2)nnc1-c1ccc(Cl)cc1,0
CCOC(=O)c1ccc(Nc2cc(C)nc3ncnn23)cc1,0
O=C(Nn1cnnc1)c1ccccc1CCc1ccccc1,0
Fc1ccc(CNc2ncnc3c2cnn3-c2ccccc2)cc1,0
O=C(Nc1ccon1)c1cnc2sccn2c1=O,0
Cc1ccc(-c2nc3cc(NC(=O)C(C)C)ccc3o2)cc1C,0
CCc1ccc(CCC(=O)Nc2nnc(C)s2)o1,0
Cc1ccc(-c2cc(C(=O)Nc3cc(C)on3)c3ccccc3n2)c(C)c1,0
CC(=O)NC(Cc1cc(C)ccc1C)C(=O)N1CCN(C(=O)Nc2ccc(C(C)=O)cc2)CC1,0
O=C1CC(N2CCN(C3CC(=O)N(CCc4ccccc4)C3=O)CC2)C(=O)N1CCc1ccccc1,0
COc1ccc(OCc2nnc(SC(C)C(=O)Nc3nccs3)n2-c2ccccc2)cc1,0
O=C(NCN1CCN(c2ccccc2F)CC1)c1cccnc1,0
CCCn1c(SCC(=O)Nc2nnc(C)s2)nnc1-c1ccoc1C,0
CCN(CC)S(=O)(=O)c1ccc(OC)c(NC(=O)c2cc([N+](=O)[O-])ccc2Cl)c1,0
CCOC(=O)c1cnn(-c2ccccc2)c1N,0
O=C(NCC1CCN(c2ccc(S(=O)(=O)N3CCOCC3)cc2)CC1)c1cccc(Cl)c1,0
Cc1ccc(Nc2cc(C)nn2-c2nc(C)cc(C)n2)cc1,0
c1ccc(CNc2cnccn2)cc1,0
Cc1nnc(SCCC(=O)Nc2nc(-c3ccccc3)ns2)s1,0
O=C(Nc1cnccn1)C1c2ccccc2Oc2ccccc21,0
CCOC(=O)Nc1c(O)ccc2oc(C)c(-c3ccccc3)c12,0
CC1CCN(C(=O)Cn2cc(C(=O)C3CC3)c3ccccc32)CC1,0
O=c1cc(N2CCc3ccccc32)[nH]c(=O)n1-c1ccccc1,0
Cc1ccc(NCc2nc3ccccc3n2C)cc1,0
CCOC(=O)N1CCN(C(=O)C2CC(c3cc(OC)ccc3OC)=NO2)CC1,0
O=C(COC(=O)COc1ccc(Nc2ccccc2)cc1)NCc1ccco1,0
CC(C)C(=O)Nc1cccc(-c2nc3ccccc3o2)c1,0
Cc1nc2ccccc2n1CC(=O)NCc1ccccc1,0
Cc1cc(NC(=O)COc2ccccc2)n(-c2ccccc2)n1,0
O=C(NC(Cc1ccccc1)C(=O)NC1CCCCC1)c1ccco1,0
CCn1c(SCC(=O)c2ccc(Cl)cc2)nnc1-c1ccoc1C,0
Cc1ccc(C(=O)N/C(=C/c2ccc(-c3cccc([N+](=O)[O-])c3)o2)C(=O)NC(C)C)cc1,0
Cn1nc(-c2ccc(OCC(=O)NCC3CCCO3)cc2)c2ccccc2c1=O,0
CCN(C1CCCCC1)S(=O)(=O)c1ccc(C(=O)O)cc1,0
Cn1nc(C(=O)NC2CCCCCC2)ccc1=O,0
CCn1c(SCC(=O)N2CCCC2)nc2ccccc2c1=O,0
CCOc1ccc(S(=O)(=O)Nc2cc(Sc3ncn[nH]3)c3oc(=O)sc3c2)cc1,0
COc1ccc(CCNC(=O)CSc2nnc(CNc3ccc(Cl)cc3)o2)cc1OC,0
Cc1cccc(NC(=O)N(Cc2cc3cc(C)cc(C)c3[nH]c2=O)CC2COCCO2)c1,0
Clc1ccccc1SCc1nc2ccccc2[nH]1,0
N#CCSc1nnc(-c2ccc(S(=O)(=O)N3CCOCC3)cc2)n1CC1CCCO1,0
Cc1cccc(-n2ncc3c(N4CCC(C)CC4)ncnc32)c1,0
Cn1nnc2cc(C(=O)N3CCC(c4ccccc4)C3)ccc21,0
CC(=O)N1CN2CN(C(C)=O)CC(C(=O)c3ccc(Br)cc3)(C2)C1,0
Cc1c(Br)c([N+](=O)[O-])nn1C(C)C(=O)Nc1nccs1,0
CCOc1ccc(CCNC(=O)Cn2c(=O)oc3ccccc32)cc1OCC,0
C=CCn1cnc2c(NCc3ccccc3)ncnc21,0
O=C(CN(C1CCCCC1)S(=O)(=O)c1ccccc1)N1CCCC1,0
CC(=O)Nc1c(C(=O)O)[nH]c2ccccc12,0
COC(=O)c1cc(Br)c(=O)n(Cc2cccnc2)c1,0
Cc1ccc2c(c1)NC(=O)CC(c1ccccc1)=N2,0
CCOc1ccc(/C=C/C2=Cc3c(sc(NC(=O)CSc4n[nH]c(N)n4)c3C#N)C(C)(C)C2)cc1,0
CCCCCC(=O)Nc1ccc2oc(-c3cccnc3)nc2c1,0
CN(C)S(=O)(=O)c1ccc(Cl)c(C(=O)NCc2ccco2)c1,0
Cc1ccc2c(CC(=O)NCc3ccco3)coc2c1C,0
O=C(CSc1nc2ccccc2o1)NCc1n[nH]c(=O)c2ccccc12,0
O=C(c1ccc(Cl)cc1)N1CCC(c2nc(-c3cccs3)no2)CC1,0
COc1cc2c(cc1OC)CN(C(=O)c1cccs1)CC2,0
Cc1ccccc1-c1nc(CN2CCC(C(=O)NCc3ccco3)CC2)c(C)o1,0
CCC(C)NC(=O)C1c2ccccc2C(=O)N1Cc1ccc(OC)cc1OC,0
Fc1ccc(CSc2nc3ccccc3[nH]2)cc1,0
CCSc1nnc(-c2cccc(S(=O)(=O)N(CC)CC)c2)n1Cc1ccccc1,0
O=C(CN1CCc2ccccc2C1)NCc1ccco1,0
O=C1c2ccccc2NC(c2cccc(Cl)c2)N1N=C1CCCCCC1,0
O=C(CSc1nc2ccc([N+](=O)[O-])cc2[nH]1)NC1CCCCC1,0
Cc1ccc(-n2ncc3c(N4CCCC4)ncnc32)c(C)c1,0
Cc1nnc2sc(-c3ccco3)nn12,0
O=c1[nH]nc(CNc2ccccc2)c2ccccc12,0
CCOC(=O)CSc1nc(-c2ccc3c(c2)OCO3)ccc1C#N,0
CCn1c2ccccc2c2cc(NC(=O)C(C)Oc3ccc(OC)cc3)ccc21,0
Cc1cc(CSc2ccccc2)ccc1NC(=O)c1ccc(Cl)c([N+](=O)[O-])c1,0
COc1ccc(C(=O)NCc2ccccc2OC)c(OC)c1,0
Cc1ccc2c(N)c(C)ccc2c1,0
CC(C)=C(NC(=O)c1ccccc1)C(=O)NCCCO,0
Nc1c(NCc2ccccc2)c2ccccc2oc1=O,0
COc1ccccc1NC(=O)Cn1cc(C#N)c2ccccc21,0
COc1ccc(S(=O)(=O)N2CCN(Cc3cccc(Cl)c3)CC2)cc1,0
Cc1csc(NC(=O)Cc2nn(C)c(=O)c3ccccc23)n1,0
Cc1cccc(-n2c(CCCN3C(=O)c4ccccc4C3=O)nc3ccccc3c2=O)n1,0
CCCC(CCC)n1[nH]c(=O)c2c(C)cc(C)nc21,0
C=CCn1c(SCCOC)nc2c1c(=O)[nH]c(=O)n2C,0
CCn1c(SCC(=O)N2CCN(c3ccccc3)CC2)nnc1-c1cc2cc(Cl)ccc2o1,0
CCOc1cc(/C=N/NC(=O)COc2ccc(Cl)cc2)ccc1OS(=O)(=O)c1ccccc1,0
O=c1c2[nH]c3ccccc3c2ncn1C1CCCCC1,0
CC(C)Cn1cc(C(=O)NCc2cccs2)c2c3ccccc3n(C)c2c1=O,0
Nc1ccc2nn(-c3cccc4ccccc34)nc2c1,0
CC(=O)Nc1cccc(NC(=O)CSc2ncc(-c3ccc(Cl)cc3)n2Cc2ccco2)c1,0
COc1cccc(NC(=O)Cc2nnc(SCC(=O)NC(C)c3ccccc3)n2C)c1,0
CCOC(=O)C(NC(=O)c1ccc(OC)cc1)(N1CCOCC1)C(F)(F)F,0
C(=C/c1ccccc1)\CN1CCN(Cc2ccc3c(c2)OCCO3)CC1,0
Cc1cccc(C)c1OCC(=O)NNC(=O)c1ccoc1C,0
CC1CCCCN1S(=O)(=O)c1ccc(S(=O)(=O)N2CCN(c3ccc(F)cc3)CC2)cc1,0
CON=C1CCN(c2ncc(C(F)(F)F)cc2Cl)CC1,0
COCCSc1ccccc1C(=O)N1CCOCC1,0
O=S(=O)(NCCOc1cccc2cccnc12)c1ccc(F)cc1,0
CC(NC(=O)Cn1nc(-c2ccccc2)c2ccccc2c1=O)c1ccccc1,0
CCNC(=O)/C(=C/c1ccco1)NC(=O)/C=C/c1ccccc1,0
Cc1ccc2c(C)nc(Nc3nc(=O)cc(CSc4nc5ccccc5[nH]4)[nH]3)nc2c1,0
COCCCNC(=O)Cn1nnc(-c2ccccc2NC(=O)c2ccc(F)cc2)n1,0
Cc1ccc2nc(C3CCN(C(=O)NCc4ccccc4)CC3)[nH]c2c1,0
COc1ccc(-c2noc(CCC(=O)Nc3cc(OC)ccc3OC)n2)cc1,0
O=C(NCCc1ccncc1)Nc1ccccc1,0
O=c1cc(CN2CCN(C/C=C/c3ccccc3)CC2)c2cc(O)ccc2o1,0
CCn1c(SCc2nc(CC(=O)Nc3ccccc3OC)no2)nnc1-c1cccs1,0
CCOC(=O)c1oc2cc(C)cc(O)c2c(=O)c1-c1csc(C)n1,0
Nc1ccc(C(=O)OCc2nc3ccccc3[nH]2)cc1,0
CC(=O)N1CCN(C(=O)CC2OC(=O)c3ccccc32)CC1,0
Cn1cc(-c2nc3ccccc3[nH]2)c2ccccc21,0
COc1cccc(C2=NOC(C(=O)NCc3ccccn3)C2)c1,0
CC(NC(=O)COc1cccc(Br)c1)C(=O)O,0
COc1cccc(N(C(=O)Cn2nnc(-c3cccs3)n2)C(C(=O)NC2CCCCC2)c2ccncc2)c1,0
CC(=O)Nc1ccc(S(=O)(=O)Oc2cccc(N3C(=O)C4CCCCC4C3=O)c2)cc1,0
CCc1c(C)nc2ncnn2c1Nc1ccc(C(C)=O)cc1,0
CCCNc1nc2c(c(=O)n(C)c(=O)n2C)n1CCc1ccccc1,0
c1ccc(-c2nc(NCc3ccco3)c3ccccc3n2)nc1,0
Cc1noc(C)c1C(=O)Nc1ccccn1,0
CC1(C)CC(=O)C=C(NNC(=O)C2CCCCC2)C1,0
CCOc1ccc2nc(NCCO)[nH]c2c1,0
O=c1cc(CSc2ccccn2)c2ccccc2[nH]1,0
Cc1nn(C)c(C)c1N1C(=O)c2cccc3c(Br)ccc(c23)C1=O,0
CC(C)NS(=O)(=O)c1ccc(N2C(=O)c3ccccc3C2=O)cc1,0
Cc1cccc(NS(=O)(=O)c2ccc3c(c2)OCCO3)c1,0
COC(=O)CN(c1ccccn1)S(=O)(=O)c1ccccc1,0
CCCc1nc2ccccc2[nH]1,0
NC1=NC2(CCC(c3ccccc3)CC2)N2C(=N1)Nc1ccccc12,0
COc1ccc(S(=O)(=O)Nc2cc(C)ccn2)cc1OC,0
CCCCOc1ccc(-c2nnn(CC(=O)c3c[nH]c4ccccc34)n2)cc1,0
O=C(CN(Cc1ccccc1)C(=O)CSc1nnc(COc2ccccc2)o1)NC1CCCC1,0
Cc1nn(Cc2ccc(C(=O)Nc3ccc(Br)c4cccnc34)o2)c(C)c1Br,0
COc1cccc(CNCCN2CCOCC2)c1OC,0
O=C1c2ccccc2C(=O)N1CC(=O)N1c2ccccc2CCc2ccccc21,0
COc1cc(OC)cc(C(=O)NC2CCN(CC(=O)Nc3cccc4ccccc34)CC2)c1,0
N#Cc1c(N)n(C2CCCCC2)c2nc3ccccc3nc12,0
Cc1cccc(OCc2nc(=O)cc(C)[nH]2)c1,0
O=C1CCCc2c1sc1nc3n(c(=O)c21)CCCCC3,0
CCOc1cc(/C=N/O)cc(Br)c1OCC,0
COC(=O)c1ccccc1NC(=O)Nc1cnccn1,0
Cc1cc(C)n(-c2nc(SCC(=O)Nc3nccs3)c3c4c(sc3n2)COC(C)(C)C4)n1,0
O=C(NCc1ccccc1)NC1(C(=O)N2CCOCC2)CCCCC1,0
CCOC(=O)c1cnc2c(C)cccc2c1NCc1ccco1,0
O=c1[nH]c2ccc(S(=O)(=O)N3CCCCC3)cc2[nH]c1=O,0
COC(=O)c1cc(OC)c(OC)cc1NC(=O)c1ccc(Br)o1,0
Cc1cc(C)c(Cn2c(=O)n(CCCC(=O)NCc3ccco3)c(=O)c3ccccc32)c(C)c1,0
CCOC(=O)c1c(NC(=S)NC(=O)c2ccc(Cn3cc(Cl)cn3)o2)sc2c1CCC(C)C2,0
CC1=C(C(=O)OCCOc2ccccc2)C(c2ccc(C)o2)C2=C(CC(C)(C)CC2=O)N1,0
Cc1ccnc(N2CCC(C(=O)NCc3ccc4c(c3)OCO4)CC2)n1,0
O=C(NCCCN1CCCCCC1)c1ccc(N2CCCC2=O)cc1,0
O=C(Nc1ccccc1)N(C1=NCCC1)c1ccc(OC(F)F)cc1,0
COc1cccc(N2C(=O)NC(=O)/C(=C\NCc3ccc4c(c3)OCO4)C2=O)c1,0
CCOC(=O)N1CCN(C(=O)C2CCC(CNS(=O)(=O)c3ccc(Cl)cc3)CC2)CC1,0
CCCCCOC(=O)CSc1n[nH]c(=O)[nH]c1=O,0
CCOC(=O)C1CSc2[nH]c(=O)sc2C1c1ccccc1,0
Cc1nc2c(C#N)c[nH]n2c(=O)c1Cc1ccccc1,0
N#CC1=C2SCN(Cc3ccccc3)CN2C(=O)CC1c1ccc2c(c1)OCO2,0
O=C(Nc1ccc2c(c1)OCO2)c1ccc(Cl)nc1,0
CCOc1ccc(NC(=O)CN(C)c2ccc(S(=O)(=O)N(C(C)C)C(C)C)cn2)cc1OCC,0
CCc1nccn1S(=O)(=O)c1ccc(C)c(C)c1,0
Cc1cccc(NC(=O)CSc2nnc(NC(=O)CN3CCOCC3)s2)c1,0
COc1ccc(Sc2ccc(NC(=O)c3ccccc3Cl)cc2C#N)cc1,0
CCn1nc(C)c(/C=N/NC(=O)c2ccc3c(c2)OCO3)c1C,0
Cc1ccc2nc(-c3ccccn3)cc(C(=O)NC3CCN(C)CC3)c2c1,0
CCN(Cc1cc2ccccc2[nH]c1=O)C(=O)C(C)C,0
CC(C)CCN1C(=O)CCC1(C)C(=O)NC1CCCCCC1,0
COc1ccc(Cn2nnnc2C(c2cc3cc(C)cc(C)c3[nH]c2=O)N2CCOCC2)cc1,0
CCOC(=O)c1c(NC(=O)c2cccnc2)sc(C)c1C,0
CN(C(=O)c1ccc2c(=O)n3c(nc2c1)CCCCC3)c1ccccc1,0
CCn1c(C)nc2cc(-c3nnc(-c4c(-c5ccccc5)noc4C)o3)ccc21,0
COC(=O)C(C)N(C(=O)c1cccc2ccccc12)c1c(C)cccc1C,0
COc1cc(NC(=O)C2CC2)c(C(=O)O)cc1OC,0
O=C1NC(=O)C(CCc2ccncc2)(c2ccccc2)C(=O)N1,0
Cn1c(=O)[nH]c(=O)c2[nH]c(N(Cc3ccccc3)Cc3ccccc3)nc21,0
COc1ccc(Br)cc1-c1noc(-c2ccccc2F)n1,0
O=C1CC(SCc2nc3ccccc3[nH]2)C(=O)N1c1cccc(Cl)c1,0
N#Cc1ccccc1NC(=O)CSc1nnc(-c2ccccc2)n1-c1ccccc1,0
COc1ccc(-c2nnc(SC(C)C#N)o2)cc1,0
COc1ccc(-c2nc(N)n(C(C)=O)n2)cc1,0
COCC(=O)Nc1cccc(Br)c1,0
CCOC(=O)c1cc2occc2n1CC(=O)NC1CCC(C)CC1,0
O=C1CC(c2cccc([N+](=O)[O-])c2)c2c(ccc3ccccc23)N1,0
CCOC(=O)c1sc(NC(=O)CSc2nnnn2-c2ccccc2)nc1C,0
CC(C)(C)C(=O)Cn1ncc(N2CCCC2)c(Br)c1=O,0
CCOC(=O)c1ccc(CSc2nnc(C)n2N)o1,0
CCC(C)(C)n1nnnc1C(c1cc2ccc(OC)cc2[nH]c1=O)N1CCc2ccccc21,0
CN(C(=O)Cn1c(=O)n(CCCCC(=O)NC2CCCC2)c(=O)c2ccccc21)C1CCCCC1,0
O=C(Nc1ccc(Cl)c(C(F)(F)F)c1)N1CCCC(O)C1,0
COc1ccc(CCNC(=O)COC(=O)c2ccc(Br)o2)cc1,0
COC(=O)Cc1[nH]nc2c1C1(CCSCC1)C(C#N)=C(N)O2,0
O=C(COC(=O)CCNS(=O)(=O)c1cccc(C(F)(F)F)c1)NC(=O)NC1CCCCC1,0
CCCCC(=O)Nc1nnn(CCC)n1,0
N#CC1(c2ccccc2)CCC(=NO)CC1,0
Cc1cc(NC(=O)CN2C(=O)NC(C)(c3ccc(OC(F)F)cc3)C2=O)no1,0
COc1ccc(OC)c(NC(=O)CSc2nnnn2-c2ccccc2F)c1,0
COc1ccc(OC)c(Nc2nc(-c3cccc([N+](=O)[O-])c3)nc3ccccc23)c1,0
COc1ccc(OC)c(NC(=O)Nc2cccc3ccccc23)c1,0
CC(C)(C)NC(=O)c1ccc2nccnc2c1,0
COc1ccccc1NC(=O)CN1C(=O)C(C)Oc2ccccc21,0
CCOC(=O)c1cccc(NC(=O)c2cc3sccc3n2C)c1,0
CCOC(=O)c1ccc(NCc2ccncc2)cc1,0
CCN(CC(=O)Nc1ccc2c(c1)OCCO2)C(=O)CC1CCCC1,0
COc1ccc(-n2nc3c(c2NC(=O)c2c(-c4ccccc4Cl)noc2C)CS(=O)(=O)C3)cc1,0
COCCNC(=O)C(c1ccccc1C)N(CCOC)C(=O)Cn1nnc2ccccc21,0
COc1ccc(-n2nc3ccccc3n2)cc1,0
Cc1ccc(CNC(=O)CN(Cc2ccccc2)S(C)(=O)=O)cc1,0
Cc1ccc(SCc2cc(-c3ccc(Cl)cc3)on2)cc1,0
COc1ccc(NC(C)=O)cc1NC(=O)CSc1nc2ncccc2[nH]1,0
O=C(CSc1nnc(-c2ccncc2)n1Cc1ccccc1)Nc1nccs1,0
CCN(CC)S(=O)(=O)c1cccc(C(=O)NC(C(=O)NC2=NCCS2)C(C)C)c1,0
COC(=O)c1cc(=O)cc(C(=O)OC)o1,0
CC(=O)c1ccc(NC(=O)C2CCCN2S(=O)(=O)c2ccc(F)cc2)cc1,0
CCSc1c(-c2ccccc2)nc2c(C)cccc2c1C(=O)O,0
CCOc1ccc2[nH]c(=O)c(CN(CCc3ccccc3)C(=O)N3CCCC3)cc2c1,0
c1nnn(C23CC4CC(CC(C4)C2)C3)n1,0
O=C(Nc1ccc2oc(-c3ccc(F)cc3)nc2c1)c1ccccc1F,0
CCC1CCCCN1CCCNC(=O)COc1cc(=O)n(C)c2ccccc12,0
Cc1cc(C)n2nc(CCc3ccccc3)nc2n1,0
CC1CN(C(=O)c2cc(F)c(F)cc2Cl)CC(C)O1,0
COc1ccc(OC)c(N(CC(=O)N2CCCCC2)S(=O)(=O)c2ccc(OC)c(OC)c2)c1,0
O=C(CC1CCCCC1)N1CCCC(c2nc(-c3ccc(S(=O)(=O)N4CCCC4)cc3)no2)C1,0
COc1ccc(CNC(=O)COC(=O)c2cc(-c3ccc(Cl)s3)nc3ccccc23)cc1,0
COc1cc(NC(=O)C2CC(=O)NC3=C2C(=O)CCC3)c(OC)cc1Cl,0
O=C(c1cc2c(ccc3ccccc32)oc1=O)N1CCCC1,0
CCSc1nc(=O)c2c([nH]1)NC(C)=C(C(=O)OC)C2c1ccncc1,0
O=C(CSc1nnc(-c2ccncc2)n1Cc1ccco1)Nc1nc(-c2ccccc2)cs1,0
O=C(CSCc1c(Cl)cccc1Cl)NN1C(=O)c2ccccc2C1=O,0
CC(C)(C)c1cc(C(F)(F)F)c(C#N)c(=O)[nH]1,0
CCC(C)n1c(-c2ccco2)nc2nc3ccccc3nc21,0
CCCCn1c(NCc2ccccn2)nc2ccccc21,0
CCOC(=O)c1cnc2nc(NCc3ccc(OCc4ccccc4)cc3)[nH]n2c1=O,0
CC12CN3CCN(C1)CC(C)(C3)C2=NO,0
COC(=O)c1ccccc1-n1c(C)nc2ccccc2c1=O,0
CCNc1nc(NCC)n2c(SCc3nc(=O)c4ccccc4[nH]3)nnc2n1,0
CCOc1ccc(NC(=O)c2nn(C)cc2Br)cc1,0
C=CCNc1nc(NC(C)(C)CO)nc(OC)n1,0
O=C(CCc1nc2ccccc2[nH]1)Nc1ccc(F)cc1,0
Cc1ccc(-c2nnc(N3CCN(C(=O)CN4C(=O)c5ccccc5C4=O)CC3)c3ccccc23)cc1,0
CCC(=O)NCCSc1c[nH]c2ccccc12,0
CC(C)(C)N(NC(=O)c1ccccc1)C(=O)c1cccc(C(=O)N(NC(=O)c2ccccc2)C(C)(C)C)c1,0
Cc1nc2ccccc2n1CC(=O)NCCN1CCCC1,0
O=C(NS(=O)(=O)c1ccc2c(c1)OCCO2)c1ccccc1,0
COc1ccc(Cc2nnc(NS(=O)(=O)Cc3ccccc3)s2)cc1,0
CCc1ccc(S(=O)(=O)N2CC(=O)Nc3ccccc32)cc1,0
C/C(=N\NC(=O)Cc1cccn1C)c1cccc2ccccc12,0
CN(C)c1ccc(NC(=O)N2CCOCC2)cc1,0
COc1ccccc1NC(=O)N(Cc1ccco1)Cc1cc2cc(C)cc(C)c2[nH]c1=O,0
C=CCn1c(C)cc(C(=O)CSc2nc(=O)c3ccccc3[nH]2)c1C,0
O=C(Oc1ccc2ccccc2c1Br)N1CCCCCC1,0
COc1ccc(-c2noc(CCC(=O)N3CCN(Cc4ccccc4)CC3)n2)cc1,0
O=C(Nc1ccc2c(c1)CCC2)c1cccc(S(=O)(=O)N2CCN(c3ccc(F)cc3)CC2)c1,0
Nc1nnc(CCc2ccccc2)s1,0
Cc1ccc(C)c(N2CC(=O)N(c3cc(C)ccc3C)CC2=O)c1,0
CC1=C(C(=O)N2CCCCC2)C2(CCC(C)CC2)OC1=O,0
Cc1c(NC(=O)N(C)C)c(=O)n(-c2ccccc2)n1C,0
CCOc1ccc2cc(C#N)c(SCC(=O)N3CCC(C)CC3)nc2c1,0
CCC(C)NC(=O)C1CCN(C(=O)N(C)C)CC1,0
Cc1csc(NC(=O)C2C3C=CC(O3)C2C(=O)O)n1,0
Cc1cccn2cc(-c3ccc(F)cc3)nc12,0
COc1ccc(OC)c(-c2cc(C(=O)N3CCN(c4ncccn4)CC3)c3ccccc3n2)c1,0
CCc1ccc(Nc2nnc(SCc3cc(=O)n4ccsc4n3)s2)cc1,0
CCCCCCn1c(C(C)NC(=O)c2ccco2)nc2ccccc21,0
CCOC(=O)c1c(C)[nH]c(C)c1C(=O)CSc1ncccn1,0
COc1ccc2[nH]c(=O)c(CN(Cc3ccco3)Cc3nnnn3Cc3ccccc3)cc2c1,0
COCCNC(=O)CN1CCN(Cc2cccc(Cl)c2)C1=O,0
CCCc1cc(=O)n2[nH]cnc2n1,0
O=[N+]([O-])c1ccc(O)c(NC(=S)Nc2ccccc2)c1,0
COc1ccc(C(=O)/C=C(\C)Nc2ccc(NC(C)=O)cc2)cc1,0
O=C(CN1CCOCC1)Nc1ccc(Oc2ccccc2)cc1,0
Cc1nc2nc(-c3ccco3)[nH]n2c(=O)c1Cc1ccccc1,0
Cc1nnc(C)n1/N=C/c1ccccn1,0
Nc1c(C(=O)OCC2CCCO2)c2nc3ccccc3nc2n1C1CCCC1,0
CCS(=O)(=O)N1CCC(C(=O)N2CCc3ccccc3C2)CC1,0
NC(=O)C1CCN(C(=O)CSc2nc3ccccc3[nH]2)CC1,0
N#Cc1ccccc1NC(=O)CNc1ccccc1N1CCCCC1,0
COc1ccc2nc(C)cc(SCC(=O)O)c2c1,0
O=C(Nc1ccc(Cl)cn1)c1cccc(S(=O)(=O)N2CCOCC2)c1,0
O=C(Nc1ccc(F)cc1)c1cccc2c1C(=O)N(Cc1ccccn1)C2,0
CCCC(=O)N1CCN(c2ccc([N+](=O)[O-])c(NC(C)c3ccccc3)c2)CC1,0
CCn1c(SCc2nc3ccccc3[nH]2)nnc1-c1cccnc1,0
Cc1ccc(OCCCn2c(CO)nc3ccccc32)cc1,0
O=C(CN1CCC(Cc2ccccc2)CC1)NC(=O)NCc1ccco1,0
Cc1cccc(-n2c(=O)c(C#N)cc3c(=O)n4ccccc4nc32)c1,0
O=C(NCN1CCc2ccccc2C1)c1ccccc1,0
N#C/C(C(=O)c1ccccc1)=C1/SC=C(N)N1c1ccccc1,0
COc1ncnc2c1cnn2-c1ccccc1,0
Cc1ccc(-c2nc(NCCN3CCOCC3)c3ccccc3n2)cc1,0
Cc1cc(NC(=O)c2c([N+](=O)[O-])c(C)nn2C)no1,0
CCOc1ccc(C(=O)NC2CCN(C(=O)NCc3ccccc3)CC2)cc1,0
COc1ccccc1NC(=O)C(=O)NCC1COc2ccccc2O1,0
Cc1ccc(NC(=S)NC(=O)c2c(-c3ccccc3Cl)noc2C)cc1,0
CCn1c(=O)cc(SCC(=O)N2CCN(Cc3ccc4c(c3)OCO4)CC2)c2ccccc21,0
O=C(Nc1cccnc1)c1ccccc1-c1nc(-c2ccccc2F)no1,0
COc1ccc(OCC(=O)NC(=S)Nc2ccc(N3CCOCC3)c(Cl)c2)cc1,0
COc1ccccc1C1C(C(=O)c2cc3ccccc3o2)=C(O)C(=O)N1CCN(C)C,0
Cc1nc2c(-c3ccc(F)cc3)c(C)nn2c(N2CCOCC2)c1C,0
Cc1c(C(=O)N2CCN(C)CC2)oc2c1C(=O)CC(C)(C)C2,0
Cc1cc(-c2ccccc2)nc(N/N=C/c2ccco2)n1,0
Cc1noc(C)c1S(=O)(=O)Nc1ccc(C(=O)N2CCN(c3cccc(Cl)c3)CC2)cc1,0
Cc1ccccc1NC1=CC(=O)CC(C)(C)C1,0
COC(=O)C1=C(C)NC2=C(C(=O)CC(C)(C)C2)C1c1ccsc1,0
COc1ccc(Nc2nc(C)cc(C)c2C(N)=O)c(OC)c1,0
COc1ccc2nc(SCC(=O)N3CCNC3=O)[nH]c2c1,0
Cc1occc1C(=O)Nc1cccc(Cn2cccn2)c1,0
CC(=O)Cc1nsc(NC(=O)c2ccc(-c3ccccc3Cl)o2)n1,0
CCNC(=O)c1ccc(NS(=O)(=O)c2ccccc2)cc1,0
COc1cc2c(cc1NC(=O)COC(=O)Cn1cnc3ccccc31)oc1ccccc12,0
COC(=O)c1c(NC(=O)CSc2nnc(-c3cccnc3)n2Cc2ccco2)sc(C)c1C,0
CCOC(=O)N1CCN(C(=O)c2cc3cc(Br)ccc3oc2=O)CC1,0
Cc1ccccc1-n1c(SCC(=O)c2cc(C)n(C)c2C)nnc1-c1cccnc1,0
CCc1cc2c(=O)c(-c3nc4ccccc4[nH]3)coc2cc1OC(=O)N1CCOCC1,0
CSc1nc2c(c(OC(=O)c3ccc(Cl)cc3)n1)CCCC2,0
COc1ccc(CCNC(=O)CCS(=O)(=O)c2ccc3c(c2)CCN3C(C)=O)cc1OC,0
Cc1ccccc1NC(=O)CN1C(=O)S/C(=C\c2cccn2-c2cccc(C(=O)O)c2)C1=O,0
Cc1ccc(S(=O)(=O)CC(=O)c2ccc(C)c([N+](=O)[O-])c2)cc1,0
CC(=O)N1CN(Cc2ccccn2)Cc2c1sc1c2CCCC1,0
CCOc1nc(NC(C)C)nc(NC(C)C)n1,0
CC1(C)CC(=O)N(CC(=O)O)c2ccccc2S1(=O)=O,0
CCn1nnnc1-c1ccc(OC)c(S(=O)(=O)Nc2ccc(C(=O)OC)cc2)c1,0
CC1CCN(c2ccccc2NC(=O)c2ccc(F)cc2)CC1,0
O=C(COC(=O)CNC(=O)C12CC3CC(CC(C3)C1)C2)Nc1ccccc1,0
CCCC(=O)Nc1cc(-c2nn(C)c(=O)c3ccccc23)ccc1N1CCCCC1,0
CCOc1ccc(OCC)c(NC(=O)C2CCN(c3ncccn3)CC2)c1,0
Cc1ccc2c(CC(=O)Nc3nc(C)cs3)coc2c1,0
Cc1cc(C(C)(C)C)cc(S(=O)(=O)Nc2ccc(O)c(C(=O)O)c2)c1C,0
COc1ccc(CC(=O)n2nc(-c3ccccc3)nc2NCc2ccco2)cc1,0
Cc1ccccc1S(=O)(=O)Cc1ccc(C(=O)NCc2cccnc2)o1,0
O=C(NCCc1ccccc1)C1CCN(c2nc3ccccc3o2)CC1,0
O=C(NCn1ccc(=O)[nH]c1=S)c1ccccc1,0
O=S(=O)(NCc1ccccc1)c1ccc(Cl)c(S(=O)(=O)NCc2ccccc2)c1,0
CSc1ccccc1NC(=O)c1cc(C2CC2)on1,0
COc1ccc(F)cc1S(=O)(=O)NC(Cc1ccccc1)C(N)=O,0
CCOCCCn1c(C)nc2c(c1=O)c1nc3ccccc3nc1n2-c1ccc(C)cc1,0
O=c1nc(SCC2CCCCO2)[nH]c2ccccc12,0
COc1ccccc1-c1ccc(Nc2cccc(C(F)(F)F)c2)nn1,0
COc1ccc(-c2nn(CC(=O)Nc3ccc(Cl)c(Cl)c3)c(=O)c3ccccc23)cc1,0
CCOc1ccccc1CN1CCC(O)CC1,0
CCOC(=O)C1CCN(Cc2ccc(O)c3ncccc23)CC1,0
COc1ccc(-c2cn[nH]c2N)cc1,0
CCCC(=O)Nc1nc2ccc(NC(=O)c3cccnc3)cc2s1,0
CCCCOc1cc(C)nc(NCc2ccccc2)n1,0
Cn1nccc1C(=O)Nc1cccnc1,0
Cc1nc(C)n(C(=O)N(c2ccccc2)c2ccccc2)n1,0
Cc1ccc2cc(C=C(C#N)C#N)c(N3CCCCC3)nc2c1,0
O=C1NC(Nc2ccccn2)(C(F)(F)F)C(=O)N1c1ccc(F)cc1,0
Cc1ccc(Cl)cc1N1CCN(C(=O)C2CCN(S(=O)(=O)c3c(C)nn(C)c3C)CC2)CC1,0
O=C(COc1ccccc1)N1CCN=C1c1ccccc1,0
Cc1ccc(-c2nnn(CCC(=O)Nc3ccc4c(c3)OCO4)n2)cc1,0
O=C(CSc1nc2ccccc2o1)Nc1ccccc1,0
O=C(NN=C1C2CC3CC(C2)CC1C3)c1ccncc1,0
CCOC(=O)C1=C(Cn2cnc3ccccc32)NC(=O)NC1c1ccc(OC)cc1,0
CC(C)C(=O)Nc1cccc(C(=O)Nc2ccc3c(c2)OCO3)c1,0
COc1cc(-c2nc3ccccn3c2/N=C/c2cc(OC)c(OC)c(OC)c2)ccc1O,0
C=CCNC(=O)CN(c1ccc(F)cc1)S(=O)(=O)c1ccc(OC)cc1,0
COc1ccc(CNC(=S)Nc2cccc(C)c2)cc1,0
Cc1ccc(C(=O)O/N=C2\CCSc3ccc(C)cc32)cc1,0
Nc1c(NCc2ccccc2)c(=O)[nH]c(=O)n1Cc1ccccc1,0
CCCCCc1c(C)[nH]c(N2CCc3ccccc3C2)nc1=O,0
O=C(Nc1cccc(C(F)(F)F)c1)c1cnc2n(c1=O)CCS2,0
O=C(c1cccs1)n1cc(C(=S)N2CCOCC2)c2ccccc21,0
CN(C)CCNc1nc(-c2ccccc2)c2c(c1C#N)CC(C)(C)OC2,0
CCCn1nc(NC(=O)c2ccccn2)c2cc3cc(C)ccc3nc21,0
CCOC(=O)c1c(C)[nH]c(C)c1C(=O)Cn1nnc(-c2ccccc2C)n1,0
CC(=O)Nc1ccc(Oc2nc(C)cc(C)n2)cc1,0
O=S(=O)(Nc1ccc2c(c1)nc1n2CCN(Cc2ccccc2)C1)c1ccc(Cl)cc1,0
Cc1ccc(C(=O)Nc2nc(=O)n(C)s2)cc1,0
Cc1ccc(S(=O)(=O)NC(=O)COc2ccccc2C)cc1,0
CC1CC(C)CN(CC(C)(C)NS(=O)(=O)c2ccc(Cl)cc2)C1,0
O=S(=O)(Nc1cccnc1)c1ccc2c(c1)OCCO2,0
CCn1cc(C(=O)OCc2cccc(Br)c2)c(=O)c2ccc(C)nc21,0
CNC(=O)c1ccc(N(Cc2ccccc2C)S(C)(=O)=O)cc1,0
COc1cc2c(cc1NCc1ccccn1)oc1ccccc12,0
O=C(Nc1ccc(F)cc1)N1CCN2C(=O)c3ccccc3C12c1ccccc1,0
COC(=O)Cn1c(CCC(=O)O)ccc1-c1ccccc1,0
CN(C)c1nc(Nc2ccc(Cl)cc2)nc(OCC#N)n1,0
O=C(Nc1ccc(NC(=O)C2CC2)nc1)c1ccco1,0
O=C(NCCN1CCOCC1)c1ccc(F)cc1,0
COc1ccc(-c2cnnn2-c2ccc(N)cc2)cc1OC,0
CC(=O)NCCOC(=O)Nc1cccnc1,0
CN(C(=S)NC(=O)c1ccccc1Br)C1CCCCC1,0
COC(=O)C(Cc1ccccc1)NC(=O)N1CCN(Cc2ccccc2)CC1,0
CC1(C)NC(=O)N(CC(O)CN2CCCC2)C1=O,0
COc1ccc(-c2c(C#N)c(SCc3c(C)noc3C)nc3c2C(=O)CC(C)(C)C3)cc1,0
O=S(=O)(CCCc1ccccc1)c1ncn[nH]1,0
COc1ccc(C(=O)NC2CCN(C(=O)NC3CCCCC3)CC2)cc1,0
Cc1ccccc1C(=O)c1c[nH]c(C(=O)NCc2cccs2)c1,0
Cc1nn(C)cc1C(N)=O,0
CCn1c(SCC(=O)Nc2ccc(NC(=O)c3cccs3)cc2)nnc1-c1cccnc1,0
CCOC(=O)c1nnc(-c2ccccc2)o1,0
COc1ccccc1NC(=O)c1nn(-c2ccccc2)ccc1=O,0
COC(=O)c1ccc(N2C(=O)CC(N3CCC(n4c(=O)[nH]c5ccccc54)CC3)C2=O)cc1,0
Cc1cc(NCc2ccccn2)ccc1Br,0
CC(NC(=O)c1ccccc1)c1nc2ccccc2n1Cc1ccc(C#N)cc1,0
N#Cc1c(-c2ccc(F)cc2)noc1N,0
Nc1c2c(nc3ccn(Cc4ccccc4)c(=O)c13)CCC2,0
CCOC(=O)Cc1csc(NC(=O)CSc2nnnn2-c2ccc(C)cc2C)n1,0
Cc1cc(N2CC(C(=O)O)CC2=O)ccc1Br,0
Cc1ccc(C)c(C(=O)CN2C(=O)CCC2=O)c1,0
CCCn1c(CN2CCN(C(=O)c3ccco3)CC2)nc2c1c(=O)n(C)c(=O)n2C,0
Cc1ccc(N2CC(C(=O)Nc3nccs3)CC2=O)cc1Cl,0
CCC(C)(C)NC(=O)C(c1cccn1C)N(C(=O)Cn1nnc2ccccc21)c1ccc(F)cc1,0
CCCn1c(-c2nonc2N)nc2ccccc21,0
COc1cc(OC)cc(C(C(=O)NC2CCCCC2)N(C(=O)c2ccno2)c2ccccc2)c1,0
O=C(Cc1ccccc1)NCc1nc2ccccc2[nH]1,0
CN(C)c1ccc(/C=N/NC(=S)SCN2C(=O)C3CCC(C)(C2=O)C3(C)C)cc1,0
CCCCn1nnnc1NCc1ccc(OC)c(OC)c1,0
COC(=O)c1cc(NC(=O)CC2NCCNC2=O)cc(C(=O)OC)c1,0
c1ccc(CCNc2nnnn2-c2ccccc2)cc1,0
CCSc1nc2c(c(=O)n(C)c(=O)n2C)n1Cc1ccc(Cl)cc1,0
Cc1ccccc1Nc1c([N+](=O)[O-])ccc2c1=NC1(CCCCC1)N=2,0
COc1ccc(Br)cc1/C=N/NC(=O)c1ccc(COc2ccc3c(c2)CCC3)o1,0
O=C1CCC(C(=O)NCc2cccnc2)N1,0
C=CCN(C(=O)Nc1ccc2oc(C)nc2c1)c1ccccc1,0
O=C(O)c1cc(NCc2ccc(F)cc2)ccc1N1CCOCC1,0
COCc1cc(C)nc(OCC(=O)N/N=C/c2ccc(-c3cccc([N+](=O)[O-])c3)o2)c1C#N,0
CN1CCN(C(=O)COc2ccc(S(=O)(=O)NCc3ccccc3)cc2Cl)CC1,0
O=C(CSc1ncnc2c1oc1ccccc12)Nc1cccc(Cl)c1,0
Cc1ccccc1C(=O)c1cccn1CC(=O)N1CCCCCC1,0
N#Cc1cn(CC(=O)N2CCCc3ccccc32)c2ccccc12,0
Cn1cccc1Cc1nnc(SCC(=O)NCc2ccccc2Cl)n1-c1ccc(F)cc1,0
Nc1c(S(=O)(=O)c2ccccc2)nnn1-c1ccccc1,0
COc1ccccc1Nc1nc(C)cc(C)c1C(N)=O,0
COc1ccc(OCCSc2n[nH]c(N)n2)cc1,0
Cc1c(NS(=O)(=O)c2cccc(C(=O)NCc3ccc(Cl)cc3)c2)c(=O)n(-c2ccccc2)n1C,0
CCOCCn1c(CN(Cc2ccccc2)Cc2ccccc2)nc2c1c(=O)[nH]c(=O)n2C,0
COc1cc(C(=O)N(Cc2cccnc2)Cc2cc3cc4c(cc3[nH]c2=O)OCCO4)cc(OC)c1OC,0
Cc1c(NC(=O)CN2C(=O)c3ccccc3S2(=O)=O)c(=O)n(-c2ccccc2)n1C,0
C=CC/N=C(\NC#N)SCC(=O)NC(C)(C)C,0
COc1ccc(Cc2nc3ccc(S(N)(=O)=O)cc3[nH]2)cc1OC,0
Cn1c(-c2ccc(Cl)cc2)ccc(C#N)c1=O,0
O=C(Oc1ccc(N(Cc2cccs2)C2=NS(=O)(=O)c3ccccc32)cc1)c1ccccc1Cl,0
Cc1ccc(CNC(=O)C2CNc3cc(C)ccc3O2)cc1,0
Cc1ccc(CNC(=O)CCSCCC(=O)NCc2ccc(C)cc2)cc1,0
COC(=O)C1C2C=CC3(CN(Cc4cccs4)C(=O)C13)O2,0
CCCc1nc(SCC(=O)N2CCC(Cc3ccccc3)CC2)c2c(=O)n(C)c(=O)n(C)c2n1,0
CCOC(=O)C1=C(c2ccccc2)N(C)C(=O)NC1c1ccc(O)c(OC)c1,0
COc1ccc(Cl)cc1N(CC(=O)Nc1ccc2c(c1)OCCO2)S(C)(=O)=O,0
O=C(N/N=C/c1ccccn1)c1ccco1,0
O=C(NCCCNC1=NS(=O)(=O)c2ccccc21)c1ccncc1,0
Cc1ccc(Nc2nnc(SCC(=O)c3c(N)n(C)c(=O)n(C)c3=O)s2)cc1,0
CCCOc1ccc(/C=C/C(=O)Nc2ccc([N+](=O)[O-])cc2)cc1,0
CCn1c(SCC(N)=O)nnc1-c1ccco1,0
c1ccc2nc(N3CCCC3)c(N3CCCC3)nc2c1,0
Cc1cc(C(=O)CSCCCn2c(=O)[nH]c3ccccc32)c(C)n1C,0
Cc1ccc(N(CC(=O)O)S(=O)(=O)c2cccc3nonc23)cc1,0
c1cncc(-c2nnc(SCc3cccc4ccccc34)o2)c1,0
O=C1OCCC1Sc1nc(-c2ccccc2)cs1,0
O=C(c1ccc(Cl)cc1)N1CCCC(c2ccccc2)=N1,0
Cc1ccc(S(=O)(=O)N(C)c2ccc(C(=O)O)cc2)cc1,0
CCNC(=S)N1CCN(c2ccc([N+](=O)[O-])cc2)CC1,0
COc1ccccc1-n1cnc2cc(NCc3ccccn3)ccc21,0
O=C(CC(c1ccccc1)c1ccccc1)NCCO,0
COc1ccc(NC(=O)c2cc(-c3cccnc3)nc3c(C)c(C)ccc23)c(OC)c1,0
O=C(Cn1nnc(-c2ccccc2NC(=O)c2ccccc2)n1)Nc1ccc2c(c1)OCCO2,0
Cc1ccc(NC(=O)c2nnn(CC(=O)Nc3ccccc3)c2N)cc1C,0
Cc1nc2ccccc2c2nc(N)nn12,0
CCc1cc2cc3c(cc2nc1SCC(=O)N1CCN(C(=O)c2ccco2)CC1)OCO3,0
Cc1ccccc1C(=O)Nc1ccc(Br)cn1,0
COc1ccc(-n2c(N)c(C(=O)NCc3ccco3)c3nc4ccccc4nc32)c(OC)c1,0
Cc1cc[n+](-c2nc3ccccc3nc2C(=C=[N-])C#N)cc1,0
CCC(C)(C)NC(=O)C(c1cccn1C)N(Cc1ccc(OC)cc1)C(=O)Cn1nnc2ccccc21,0
O=C(c1ccco1)N1CCN(C(=O)C2CC(c3ccc(Cl)cc3)=NO2)CC1,0
CCc1nnc(NC(=O)CSc2nnc(COc3ccc(C#N)cc3)n2-c2ccccc2)s1,0
O=C(NC1CCCCC1)C(c1ccc2ncccc2c1)N(Cc1ccc(F)cc1)C(=O)c1ccc2c(c1)OCCO2,0
O=C(Cc1coc2ccc3ccccc3c12)Nc1nccs1,0
COc1ccc(C(=O)Cc2cnn(-c3ccccc3)c2)c(O)c1,0
O=C(Nc1ccccc1)N1CCc2ccccc21,0
CC(C)(C)c1cc(=O)n2c(C#N)c(C#N)nc2[nH]1,0
Cc1cc2cc3c(cc2nc1SCC(=O)Nc1ccccc1)CCC3,0
O=C(CCN1CCOCC1)Nc1ccccc1,0
CCCC(=O)Nc1ccc(N2CCN(C(=O)c3ccccc3C)CC2)cc1,0
N#CCCN(Cc1ccccc1)C(=S)NC(=O)c1ccccc1,0
COc1cc(C2NC(=S)NC(c3ccccc3)=C2C(C)=O)cc(Cl)c1OCC(=O)O,0
CCN(CC)S(=O)(=O)c1ccc(NC(=O)C2CCCO2)cc1,0
CCCCCn1nc(C)c(/C=N/NC(=O)c2cc(C)oc2C)c1C,0
Cc1ccc(OCC(=O)N2CCN(c3ccc([N+](=O)[O-])c(N4CCOCC4)c3)CC2)cc1,0
c1ccc(-c2noc(CSc3nnc(Cc4cccs4)n3-c3ccccc3)n2)cc1,0
COC(=O)CSc1nc(NCC(C)C)nc(N2CCOCC2)n1,0
CCS(=O)(=O)N1CCCC(C(=O)NC2CCCCC2)C1,0
COc1ccc(C2(CNC(=O)CCC(=O)O)CCCC2)cc1OC,0
CCOc1ccc(S(=O)(=O)Nc2ncccc2C)c2ccccc12,0
COc1ccc(S(=O)(=O)N2CCCC(C(=O)NCc3ccncc3)C2)cc1Cl,0
O=C(c1ccncc1)c1ccc(Br)cc1,0
O=C(CN1CCN(c2ccccn2)CC1)NCCc1ccccc1,0
CCCNC(=O)c1ccc(Cl)c(Cl)c1,0
CC(C)c1ccc(O)c(CN2CCN(c3ccccc3)CC2)c1,0
COc1cccc2cc(C(=O)NC3CC(C)(C)NC(C)(C)C3)c(=O)oc12,0
C#CCN1C(=O)C(O)(CC(=O)c2ccc(OC)c(OC)c2)c2ccccc21,0
COc1ccc(NC(=O)CCc2nc(-c3ccccc3F)no2)cc1,0
CN1C(=O)c2ccc(S(=O)(=O)c3ccc(C(=O)O)cc3)cc2C1=O,0
O=C1C2CCN(CC2)C1Cc1ccccc1O,0
N#Cc1c(NC(=O)C2CC(c3ccccc3Cl)=NO2)sc2c1CCC2,0
COc1ccc2[nH]cc(C(=O)CN(C)CCc3ccc(OC)c(OC)c3)c2c1,0
CCN(c1ccccc1)c1ncnc2c1cnn2-c1ccccc1,0
O=C(NCCCc1ccccc1)c1ccccc1,0
c1coc(Cn2c(SCc3nc4ccccc4[nH]3)nnc2-c2cnccn2)c1,0
CC(C)Oc1ccc(C(=O)Nc2ccc(N(C)C)cc2)cc1,0
N#Cc1ccc(Cl)cc1NC(=O)COC(=O)c1ccc(S(=O)(=O)N2CCCC2)cc1,0
O=C(Nc1cccnc1N1CCOCC1)c1ccco1,0
O=C(Nc1cc(Sc2ccccn2)cc([N+](=O)[O-])c1)c1ccc(Cl)cc1,0
CN1CCN(C(=S)Nc2ccc([N+](=O)[O-])cc2)CC1,0
Cc1cc(C)n2cc(CSc3ncccc3C(=O)O)nc2n1,0
COC(=O)c1cn(CCOc2ccc(C)cc2)c2ccccc12,0
CCCOc1cccc(C(=O)Nc2nnn(CCC)n2)c1,0
CC(C)NS(=O)(=O)c1ccc(OCC(=O)N2CCN(Cc3ccccc3)CC2)c(Cl)c1,0
COc1ccc(CCNC(=O)C2CCCN(S(=O)(=O)c3cnc[nH]3)C2)cc1OC,0
Cn1c(=O)c2c(nc(CN3CCc4ccccc4C3)n2CCc2ccccc2)n(C)c1=O,0
COc1ccc(-c2cc(C)nc3nc(N)nn23)cc1,0
COc1ccc(O)c(-c2cn[nH]c2-c2cccs2)c1,0
O=C(O)CCc1ccc(-c2cccs2)n1NC(=O)c1ccc(Cl)cc1,0
O=C(NCc1ccccc1)NC1CCCCC1,0
C=CCn1cnc2scc(-c3ccccc3)c2c1=O,0
c1coc(CNc2c3c(nc4ccccc24)CCC3)c1,0
Nn1c(SCC(=O)N2CCN(S(=O)(=O)c3ccccc3)CC2)nnc1-c1cccs1,0
CC(C)C(CCNC(=O)CN1C(=O)c2ccccc2C1=O)c1ccco1,0
CC(C)CNC(=O)CN(C1CCCCC1)S(=O)(=O)c1ccccc1,0
Cc1c(C(=O)NCC2CCCO2)oc2ccc3c(c12)C(=O)CC(C)(C)O3,0
Cc1cc(NC(=O)c2cc(-c3ccc4c(c3)OCO4)on2)n(-c2ccccc2)n1,0
Cc1c(NC(=O)c2cc3nc(-c4ccc(Cl)cc4)cc(C(F)(F)F)n3n2)c(=O)n(-c2ccccc2)n1C,0
COc1ccc(CC(=O)NC(C)c2nnc(SCC(=O)Nc3nc(C)cs3)n2C)cc1,0
Cn1nnc2cc(C(=O)NC3CCCCC3)ccc21,0
CCn1c(=N)n(CCOc2ccc(OC)cc2)c2ccccc21,0
O=c1nc(CN2CCN(c3ccccc3Cl)CC2)[nH]c2ccsc12,0
Cc1cc(C)cc(NC(=O)c2ccc(CSc3nnnn3C)cc2)c1,0
Cc1cc(C)n(C(=O)c2ccc(C)c(S(=O)(=O)N3CCCCC3)c2)n1,0
Cn1c(C2CCCN2C(=O)OC(C)(C)C)n[nH]c1=S,0
COC(=O)C(C)NC(=O)Nc1ccc(OC)c(OC)c1,0
O=C(c1sccc1-n1cccc1)N1CCCC1,0
COc1ccc2c(c1)c(C(=O)N1CCN(C)CC1)c(C)n2-c1ccccc1,0
CCCCn1nnnc1SCC(=O)c1ccc(C)c(C)c1,0
COc1ccccc1C(=O)NCCc1nc2ccccc2[nH]1,0
CCOC(=O)C(C(=O)OCC)C(Nc1cccc(Br)c1)c1ccccc1,0
CCOC(=O)N1CCN(C(=O)c2ccc3c(=O)n(CCc4ccccc4)c(=O)[nH]c3c2)CC1,0
COC(=O)C1C(=O)C2=C(CC1C)NC(C)=C(C(=O)OCc1ccc(OC)cc1)C2c1ccc(C)o1,0
Cc1ccccc1-n1c(=O)cc(NCc2ccc3c(c2)OCO3)[nH]c1=O,0
Cc1ccc(Nc2nc(Nc3ccc(C)cc3)nc(SC3=NCCS3)n2)cc1,0
CCOC(=O)C1CCCN(S(=O)(=O)c2c(C)c(C)cc(C)c2C)C1,0
CCOC(=O)c1ccccc1NC(=O)C(C)Oc1ccccc1,0
O=[N+]([O-])c1ccc(N2CCCC2)cc1NC(c1ccccc1)c1ccccc1,0
CCOC(=O)c1cc2sc(C)cc2n1CC(=O)NCCc1ccccc1,0
COC(=O)c1ccc(C)c(NS(=O)(=O)c2ccc3c(c2)OCCO3)c1,0
COCCCNc1nc(-c2ccncc2)nc2ccccc12,0
CCOC(=O)N1CCN(C(=O)c2cc3c(ccc4ccccc43)oc2=O)CC1,0
Cc1ccc(C)c(NC(=S)NC(NC(=O)Cc2ccccc2)C(Cl)(Cl)Cl)c1,0
COC(=O)c1ccc(NC(=O)CN(C)S(=O)(=O)c2ccc(OC)c(C)c2)cc1,0
CCOC(=O)c1ccccc1NC(=O)CSc1nnc(Cc2cccn2C)n1-c1ccc(C)cc1,0
CCOc1ccc(-c2nnn(CC(=O)c3cc(OC)ccc3OC)n2)cc1,0
CCOc1ccc(C2=Cc3cc(OC)c(OC)cc3C(=C(Cl)Cl)O2)cc1,0
O=C(CC(NS(=O)(=O)c1ccc(Cl)cc1)c1ccco1)NCc1cccnc1,0
Cc1ccccc1N(C(=O)c1cccs1)c1nc2ccccc2s1,0
Nc1c(-c2ccc(Cl)cc2)cnn1C1CCS(=O)(=O)C1,0
CCCCOC(=O)CNc1n[nH]c(=S)[nH]c1=O,0
CCc1c(C)[nH]c(N2CCN(Cc3ccccc3)CC2)nc1=O,0
CCc1ccc2oc(C(=O)NCc3ccncc3)c(C)c2c1,0
O=C(COc1ccc(/C=N/NC(=O)c2ccccc2)cc1)Nc1ccc([N+](=O)[O-])cc1,0
CC(Sc1nc(=O)cc(-c2ccccc2)[nH]1)C(=O)O,0
COc1ccc2c(c1[N+](=O)[O-])CCC/C2=N\OC(=O)c1ccccc1SC,0
CCN(CC)C(=O)Cn1cc(/C=C(\C#N)C(=O)N2CCN(c3ccccc3)CC2)c2ccccc21,0
O=C(NC1CCCC1)C(c1ccccc1)N(C(=O)c1ccno1)c1ccccc1,0
Nc1n[nH]c(-c2ccccc2)n1,0
CN1CCN(c2nc3c(c(=O)[nH]c(=O)n3C)n2CCSc2nc3ccccc3s2)CC1,0
COC(=O)C1=C(C)NC(=O)/C1=C\c1cc(C)n(-c2cccc(C)c2)c1C,0
COc1ccc(O)c(C(=O)c2cc(C#N)c(=O)n(-c3c(C)n(C)n(-c4ccccc4)c3=O)c2)c1,0
Cc1ccc(Cl)cc1NC(=O)COC(=O)CC1CC2CCC1C2,0
Cc1noc(C)c1Cc1ccc(O)cc1,0
CCOC(=O)c1cnn2c(N)c(C#N)nnc12,0
CCCn1c(CCNC(=O)c2cccs2)nc2ccccc21,0
CCN(C(=O)CSc1nnc(Cn2nnc3ccccc32)o1)c1nc(-c2ccccc2)cs1,0
Nc1nnc(SCCOc2ccc(Br)cc2)s1,0
Cc1cccc(C)c1N(CC(O)Cn1c2ccccc2c2ccccc21)S(C)(=O)=O,0
CCCOc1ccccc1C1NC(=O)NC(C)=C1C(=O)OCCOC,0
c1ccc(Oc2nc(NCc3ccco3)nc(NCc3ccco3)n2)cc1,0
Cc1ccc(C)c(N(CC(=O)NCc2ccc3c(c2)OCO3)C(=O)CCC(=O)Nc2ccccn2)c1,0
COc1ccc2c(c1OC)C(=O)N(c1nccs1)C2,0
COc1cc2c(C)nc3onc(-c4ccccc4)c3c2cc1OC,0
Cc1ccc(C)c(NC2=NS(=O)(=O)c3ccccc32)c1,0
O=C(C1CCN(c2nnc(-n3cccc3)s2)CC1)N1CCN(c2cccc(C(F)(F)F)c2)CC1,0
O=C(Nc1cccc(-c2cn3cccnc3n2)c1)c1ccc2c(c1)OCO2,0
CCCCn1c(=N)n(CC(O)COc2ccccc2)c2ccccc21,0
CCOC(=O)c1c(-c2cccs2)csc1NC(=O)CSc1ncn[nH]1,0
Cc1ccc(Cn2nnc3c(=O)n(CC(=O)NCc4ccc5c(c4)OCO5)cnc32)cc1,0
CC(C)NC(=O)NC(=O)COC(=O)c1ccccc1Oc1ccccc1,0
O=C(Nc1ccccn1)c1cccnc1,0
Cc1ccccc1-c1nc2ccccc2c(=O)n1/N=C/c1ccccc1[N+](=O)[O-],0
COCCNC(=O)C(c1cccs1)N(C(=O)Cn1nnc2ccccc21)c1cccc(C(C)=O)c1,0
CCOc1ccc(C(=O)CSc2nnc3ccccn23)cc1,0
CCc1nnc(NC(=O)CSc2nnc(-c3ccoc3C)n2-c2ccccc2)s1,0
Cn1c(C(=O)N2CCc3ccccc3C2)cc2c(=O)n3ccccc3nc21,0
Cc1ccc2nc(N3CCN(S(=O)(=O)c4ccc(C)c(Cl)c4)CC3)c(C#N)cc2c1,0
COC(=O)c1sc(S(=O)(=O)N2CCC(C(N)=O)CC2)c(C(=O)OC)c1C,0
CN(C)c1ccc(N2C(=O)CC(Nc3ccc(N4CCOCC4)cc3)C2=O)cc1,0
O=C(c1ccc(F)cc1)c1c[nH]c(C(=O)NCc2cccnc2)c1,0
O=C(CSc1nnc(Cc2cccs2)n1Cc1ccco1)Nc1cccc(Cl)c1,0
CC(=O)Nc1cc2c(cc1Br)OCCO2,0
CCCCN1C(=O)C(NC(=O)CC(C)C)(C(F)(F)F)C2=C1CC(C)(C)CC2=O,0
CCOC(=O)Cn1nnnc1CN(Cc1ccc(OC)cc1)Cc1cc2cc(CC)ccc2[nH]c1=O,0
CCC(C)(C)n1nnnc1C(c1cc(OC)c(OC)c(OC)c1)N1CCN(c2ccccc2)CC1,0
O=C1c2ccccc2C(=O)N1CCSc1ccccc1,0
CC(C)CNC(=O)C(Cc1ccccc1)NC(=O)c1ccco1,0
Cc1ccc(S(=O)(=O)Cc2nc(=O)c3ccccc3[nH]2)cc1,0
O=C(OCCN1CCCCC1)c1ccc(O)cc1,0
Cn1cccc1/C=N/NC(=O)Cn1cnc2ccccc21,0
O=S(=O)(Nc1cccc2ccccc12)N1CCCC1,0
COc1ccc(C(CNC(=O)c2ccccc2C)N2CCCC2)cc1,0
N#Cc1nc(-c2ccccc2Cl)oc1N1CCOCC1,0
COCC(=O)Nc1c(C(=O)Nc2ccccc2OC)oc2ccccc12,0
COC(=O)c1ccc(C2C3=C(N=C4N=NNN42)c2ccccc2OC3)cc1,0
C=CCNc1ncnc2c1[nH]c1ccccc12,0
Cc1cccc(-c2c3c(=O)n(C)c(=O)n(C)c3cn2-c2ccccc2O)c1,0
Cc1cc(/C=C2/C(=O)NC(=O)N(c3ccccc3)C2=O)c(C)n1-c1ccc(F)cc1,0
CCSc1nc(N2CCOCC2)c2c(c1C#N)CCCC2,0
CC(Sc1n[nH]c(N)n1)C(=O)C12CC3CC(CC(C3)C1)C2,0
Clc1ccc(-c2nc(-c3ccccn3)no2)cc1Cl,0
CCCc1cc(-n2ccnc2)n2c(nc3ccccc32)c1C#N,0
CC(C)(C)C(=O)c1cnc(Nc2ccccc2)s1,0
Cc1ccc(CCNC(=O)C2CCCN(S(=O)(=O)c3cccc4nsnc34)C2)cc1,0
Cn1c2ccc(Cl)cc2c2nc3ccccc3nc21,0
CCN(CC)CCCOc1ccc(C)cc1Br,0
O=C(c1ccc(S(=O)(=O)N2CCC(c3nc4ccccc4s3)CC2)cc1)N1CCCCC1,0
COC(=O)Cn1nc(C)c2ccccc2c1=O,0
O=C(Cc1ccccc1)Nc1ccc(N2CCOCC2)cc1N1CCOCC1,0
O=S1(=O)N=C(NC2CCCCCC2)c2ccccc21,0
COc1ccc(OC)c2[nH]c(=O)c(CCNC(=O)COc3ccccc3)cc12,0
Cc1[nH]c(N2CCc3ccccc32)nc(=O)c1CCC(C)C,0
Cc1ccc(NC(=S)N2CCN(Cc3ccc4c(c3)OCO4)CC2)c(C)c1,0
Cn1nnnc1SCC(=O)NCC(=O)c1ccccc1,0
CCCCOc1ccc(S(=O)(=O)n2c(C)nc3ccccc32)cc1,0
COc1ccc(C(=O)/C=C/Nc2c(C)n(C)n(-c3ccccc3)c2=O)cc1OC,0
CC1=C(C#N)C(c2ccc3ncccc3c2)C(C#N)=C(C)N1,0
N#CC1=C(N)Oc2cc(O)ccc2C1c1ccncc1,0
COc1cccc2c(=O)cc(C)n(CC(=O)Nc3ccccc3C)c12,0
Cc1cc(C)nc(N(C#N)Cc2cccc3ccccc23)n1,0
CCOc1ccc(-n2c(-c3ccoc3)nc3ccccc3c2=O)cc1,0
COc1ccc(Cl)cc1N(CC(=O)N1CCC(C)CC1)S(C)(=O)=O,0
CCOC(=O)N1CCN(c2ncnc3c2[nH]c2ccc(F)cc23)CC1,0
CCOc1ccc(CCNC(=O)COC(=O)c2cccnc2OCC)cc1OCC,0
COCCN(C(=O)C(C)C)c1nnc(-c2cccc(C)c2)s1,0
CC(=O)N1c2ccc(S(=O)(=O)CCC(=O)O)cc2CC1C,0
O=S(=O)(c1ccccc1)N(C1=NCCS1)S(=O)(=O)c1ccccc1,0
CCOc1ccc(Cc2nnc(SCC(N)=O)n2C)cc1,0
COCCCNc1ncnc2c1cnn2-c1ccc(C)cc1C,0
NC(=O)CSc1nnc(CCc2nc3ccccc3[nH]2)n1-c1ccccc1,0
COc1ccc(NC(=O)CNCCC2=CCCCC2)cc1,0
CCn1nc(NC(=O)c2ccco2)c2cc3ccccc3nc21,0
CCN1C(=O)C(Cc2nc3ccccc3c(=O)n2-c2ccccc2)c2ccccc21,0
Cn1c(C(=O)N2CCCc3ccccc32)cc2sccc21,0
COc1ccc(N(CC(=O)NC(C)(C)C)C(=O)c2ccco2)cc1,0
O=C(CN1C(=O)c2ccccc2S1(=O)=O)NCc1ccc2c(c1)OCO2,0
O=C(Cc1ccccc1)NC1CCN(C(=O)NCc2ccccc2)CC1,0
N#CC1=C(SCC(N)=O)NC2=C(CCCC2)C1=C1C=CC(=O)C=C1,0
CCN(CC(=O)Nc1cccc(OC)c1)C(=O)C1CCN(C(=O)Nc2ccccc2)CC1,0
COc1ccc(Cc2nc(C(=O)Nc3ccc(F)cc3)cs2)cc1,0
Cc1ccc([N+](=O)[O-])cc1NC1OC(CO)C(O)C1O,0
COc1ccc(Cc2nc(C(=O)NCc3ccccc3OC)cs2)cc1,0
COc1ccc(N2CCN(CC(=O)Nc3c(C)cc(C)cc3C)CC2)cc1,0
O=C(NCCC1=CCCCC1)c1ccc(Cl)c(S(=O)(=O)N2CCOCC2)c1,0
O=C(NCc1ccc(N2CCCC2=O)cc1)NC1CCCCC1,0
CCCC(=O)Nc1ccc(C(=O)NNC(=O)c2ccccc2Br)cc1,0
COc1ccccc1NC(=O)N1CCCC1C(=O)NC12CC3CC(CC(C3)C1)C2,0
CC1CCC(NCc2ccco2)CC1,0
O=S1(=O)CCN(CCc2cn(Cc3ccc(C(F)(F)F)cc3)c3ccccc23)CC1,0
COc1ccccc1NC(=O)c1cccc(NC(=O)c2ccco2)c1,0
CCOC(=O)c1ccc(NC(=O)CCc2nc(-c3cccc(C)c3)no2)cc1,0
Cc1cc(-n2c(C)cc(C(=O)CN3C(=O)NC4(CCCCC4C)C3=O)c2C)no1,0
CCc1cc2c(-n3nc(C)cc3C)ncnc2s1,0
CNC(=O)CN1C(=O)CSc2ncccc21,0
CCCCOc1ccc(Cl)cc1CSc1nnc(C)n1N,0
O=C(O)C1CCN(C(=O)c2scc3c2OCCO3)CC1,0
O=C1NCCCC1C(=O)Nc1ccccn1,0
O=C(NCc1ccccc1)NC1(C(=O)Nc2ccc3c(c2)OCCO3)CCCCC1,0
O=C(CN1CCC(n2nnc3cc(F)ccc32)CC1)NCCc1ccccc1,0
O=C(CCc1nc(-c2ccccc2)c(-c2ccccc2)o1)OCc1ccc(Br)cc1,0
Cc1c(-c2ccccc2)nc(N)c(C#N)c1-c1ccco1,0
CC(=O)c1cccc(NC(=O)c2ccc(N(C)S(C)(=O)=O)cc2)c1,0
COc1ccc(-c2noc(C3CCCN(S(=O)(=O)c4cccc(Cl)c4C)C3)n2)cc1OC,0
Cc1cc(=O)nc(N2CCCC2)[nH]1,0
O=C(Nc1ccc2c(c1)OCO2)NC1CCN(Cc2ccccc2)CC1,0
Cc1nn2c(=O)nc3sc4c(c3c2[nH]c1=O)CCCC4,0
COc1ccc(Nc2cc(=O)n(C3CCCCC3)c(=O)[nH]2)c(OC)c1,0
CCC(=O)Nc1cccc(Br)c1,0
COc1ccc(C(=O)Nc2cccc(/C(C)=N/NC(=O)c3ccc([N+](=O)[O-])c(C)c3)c2)cc1OC,0
O=C(CCCn1c(=O)[nH]c2cc(Cl)ccc2c1=O)N1CCN(c2ccc([N+](=O)[O-])cc2)CC1,0
O=c1c2ccccc2n2cnnc2n1-c1ccccc1,0
CCOC(=O)C(O)(c1cn(C)c2ccccc12)C(F)(F)F,0
CCOC(=O)c1cccnc1SCC(=O)N(C)c1ccccc1,0
COC(=O)c1ccc(NC(=O)CCN2CCN(Cc3ccccc3)CC2)cc1,0
CCC1=Nc2ccc(Br)cc2C(c2ccccc2)N1CC(=O)OC,0
COc1cc(Br)cc2cc(C(=O)OC3CCN(C)CC3)c(=O)oc12,0
CCn1cc(C(=O)N/N=C(\C)c2ccc(F)cc2)c(=O)c2cc(F)c(N3CCCC3)cc21,0
O=C(CSCc1cccc(Cl)c1)N/N=C/c1ccc(OCC(=O)N2CCCCC2)cc1,0
CCCc1nnc(SCC(=O)N2CCCCC2C)n1CC1CCCO1,0
COc1ccc(/C=N/Nc2nnc(-c3ncc[nH]3)c3ccccc23)cc1,0
CCN1C(=O)C2(C(C#N)=C(N)Oc3cc(C)oc(=O)c32)c2ccccc21,0
CCCC(=O)N(Cc1cc2cc(C)ccc2[nH]c1=O)c1ccccc1OC,0
CCN1CCN(/C=N/c2nc3c(s2)CCCC3)CC1,0
COc1ccc(CNC(=O)c2cc(-c3ccc(OC)c(OC)c3)on2)cc1,0
c1ccc(OCCn2c(-c3ccco3)nc3ccccc32)cc1,0
c1ccc(Nc2nc3ccccc3o2)cc1,0
COc1ccc(N(Cc2cc3cc(OC)ccc3[nH]c2=O)C(=O)c2cccnc2)cc1,0
Cc1ccc(Nc2c([N+](=O)[O-])c(=O)n(C)c3ccccc23)cc1C,0
Cc1cc(C)c(C#N)c(SCC(=O)N2CCCCC2)n1,0
C=C(Br)Cn1c(CCC)nc2ccccc21,0
Cc1ccc(/C=N/NC(=O)Cn2nccc2C)o1,0
COC(=O)c1ccc(S(=O)(=O)N2CCCCCC2)cc1,0
Cc1ccc(-c2csc3ncnc(SCC(=O)Nc4nnc(C)s4)c23)cc1,0
O=C(c1ccc(CNS(=O)(=O)c2ccccc2)cc1)N1CCN(c2ccccn2)CC1,0
O=C(NC1CCCCCC1)c1ccc(CN2CCOCC2)cc1,0
O=c1oc(-c2ccccc2)nc2ccsc12,0
O=C(Nc1cccc(F)c1)c1ccc(S(=O)(=O)N2CCOCC2)cc1,0
O=C(COC(=O)c1cc(=O)[nH]c2ccccc12)NC(=O)NC1CCCCC1,0
COc1ccc(S(=O)(=O)Nc2ccc3c(c2)OCO3)cc1,0
CC(Nc1cc(N2CCN(C(=O)C(C)(C)C)CC2)ccc1[N+](=O)[O-])c1ccccc1,0
CCOC(=O)/C(=N\Nc1ccc(Cl)cc1)S(=O)(=O)c1ccccc1,0
N#C/C(=C/Nc1cc(C(F)(F)F)ccc1Cl)C(N)=S,0
Cc1cc(Cl)c(S(=O)(=O)NC2CCCC2)cc1OCC(=O)NC1CCCCC1,0
CCCc1nc2ccccc2c(=O)n1-c1ccc(OC)cc1,0
COc1ccc(CCNC=C2C(=O)CCCC2=O)cc1OC,0
O=C(CCCOc1ccc(Cl)cc1Cl)NCC1CCCO1,0
CCc1ccc2[nH]c(=O)c(C(c3nnnn3Cc3ccc(OC)cc3)N3CCOCC3)cc2c1,0
O=C(Nc1ccc2nc(C3CC3)n(Cc3ccc(F)cc3)c(=O)c2c1)c1ccco1,0
COc1ccc(C(=O)Nn2cnnc2)cc1,0
CSc1nc(Oc2ccc3ccccc3c2)c2ccccc2n1,0
Cc1cc(C)c(C#N)c(N2CCN(Cc3ccccc3)CC2)n1,0
Cc1cccc(-n2cnc(C(=O)Nc3cccnc3)c2)n1,0
Cc1cc(C)nc(NC(=O)c2cnc3sccn3c2=O)n1,0
O=C(c1ccccc1)c1nn(-c2ccccc2)c2nnc(Cc3ccccc3)c(=O)n12,0
COc1cccc(OC)c1C(=O)Nn1c(C2CCC2)nc2ccccc2c1=O,0
CCOc1ccc(C(=O)NCC(=O)OC2CCOC2=O)cc1OCC,0
CN1CCN(S(=O)(=O)c2cccc([N+](=O)[O-])c2)CC1,0
CCC(=O)Nc1cc(C(=O)N2CCC3(CC2)OCCO3)ccc1S(=O)(=O)c1ccc(C)cc1,0
COc1ccc(NC(=O)C(C)Oc2ccc(/C(C)=N/O)cc2)cc1,0
CCNCc1nc(=O)c2cc(OC)c(OC)cc2[nH]1,0
CNc1nc2[nH]c(=O)c3c(c2s1)OC(N)=C(C#N)C3c1cccc(F)c1,0
Cc1cccn2cc(CNc3ccccc3)nc12,0
O=C1C(Cl)=CC=C/C1=C\Nc1cc(C(F)(F)F)ccc1N1CCCC1,0
CCc1ccc(N2CC(C(=O)N/N=C/c3cccc([N+](=O)[O-])c3)CC2=O)cc1,0
CCOC(=O)C1CCN(Cc2nc3ccccc3c(=O)n2-c2ccc(OCC)cc2)CC1,0
CC(=O)C1=C(O)C(=O)N(CCCO)C1c1ccccc1,0
COc1ccc(CC(=O)Nc2ccc(-c3nnc(-c4ccccc4)o3)cc2)cc1OC,0
CCCCOC(=O)c1cc(C)nc2ccc(Br)cc12,0
COc1ccc(Cc2nnc(NC(=O)Cn3cnc4c3c(=O)n(C)c(=O)n4C)s2)cc1,0
COC(=O)C1C(=O)C2=C(CC1C)NC(C)=C(C(=O)OC1CCCCC1)C2c1ccc(N(C)C)cc1,0
O=C(Nc1cccc(-c2cn3cccnc3n2)c1)c1ccc(Br)o1,0
Cc1ccc(-c2nn(CC(=O)Nc3cccnc3)c(=O)c3ccccc23)cc1,0
COc1ccccc1-c1c(C)oc2c(CN3CCN(CCO)CC3)c(O)ccc2c1=O,0
CC1(C)SCC(C(=O)O)N1C=O,0
COc1cc2cc(CN(Cc3nnnn3Cc3ccco3)C3CCCCC3)c(=O)[nH]c2cc1OC,0
CCCn1c(NCc2ccco2)nc2ccccc21,0
CC1(C(=O)NC2CCCCC2)CCC(=O)N1Cc1cccnc1,0
CN(CC(=O)O/N=C(\N)c1cccc([N+](=O)[O-])c1)S(=O)(=O)c1ccccc1,0
C/C=C(\C)CN1CCN(c2ccc(C)cc2)CC1,0
Cc1ccc(-n2c(C)c([N+](=O)[O-])c3ccc(O)c(CN(C)C)c32)cc1,0
Cc1cccc(N2CCN(CC(=O)Nc3ccc(-n4cnnn4)cc3)CC2)c1C,0
CCN(Cc1cc2cc(C)ccc2[nH]c1=O)C(=O)c1cccc(OC)c1,0
O=C(Cn1cnc2ccccc2c1=O)c1ccccc1,0
CCC(=O)Nc1nc2ccccc2n1Cc1ccccc1C,0
CC1Cc2ccccc2N1C(=O)CSc1nnc(NC(=O)Cc2cccs2)s1,0
O=C(NCC1c2ccccc2CCN1C(=O)CN1C(=O)c2ccccc2C1=O)C1CCCCC1,0
COc1ccccc1NC(=O)Nc1ccc2c(c1)OCCO2,0
Cc1noc(C)c1C(=O)OC(C(=O)NC1CCCC1)c1ccc(F)cc1,0
CN1CCN(c2c[nH]c(=O)[nH]c2=O)CC1,0
COC(=O)c1c(NC(=O)CN2CCN(c3ccccc3)CC2)c2c(C)cccc2n1C,0
CCc1ccc(-c2cc(C(=O)Nn3cnnc3)c3ccccc3n2)cc1,0
CCOc1ccc(NCc2cc3c(C(C)(C)C)[nH]n(-c4ccccc4)c-3nc2=O)cc1,0
O=C(CSc1nc2ccccc2o1)N1CCN(c2ccc(Cl)cc2)CC1,0
CCCc1nc(N)c(C#N)c(-c2ccco2)c1CC,0
Cc1ccc(-c2nc3ccccc3[nH]2)cc1NC(=O)/C=C/c1ccco1,0
CCOc1ccc(-c2nc(C)c(C(C)=O)n2O)cc1,0
Cc1nc2cc(NC(=O)N3CCC(c4ccccc4)C3)ccc2n1C,0
O=C(c1ccc2nccnc2c1)N1CCN(Cc2ccc3c(c2)OCO3)CC1,0
O=C(Cc1ccccc1)Nc1nc(=O)c2ccccc2s1,0
Cn1nc(-c2ccc(C(=O)NCC3CCCO3)cc2)c2ccccc2c1=O,0
CCSc1nc(=O)c(-c2ccccc2NC(=O)CC)n[nH]1,0
CCOc1ncccc1C(=O)NCC1COc2ccccc2O1,0
CCOC(=O)Nc1cc(OCC)c(NC(=O)C2CC2)cc1OCC,0
O=C(Nc1ccc(F)cc1)c1cn(-c2ccccc2)nc1-c1ccncc1,0
COc1cc2c(cc1OC)C(c1cc3cc4c(cc3[nH]c1=O)OCO4)N(C(=O)C1CC1)CC2,0
CCOC(=O)CSc1nc(N)c(C#N)c(-c2ccc(OCC)cc2)c1C#N,0
CS(=O)(=O)N1CCc2cc(C(=O)OCC(=O)c3ccccc3)ccc21,0
C/C(=N\NS(=O)(=O)c1cccc([N+](=O)[O-])c1)c1cc2ccccc2o1,0
O=C(CSc1nc2n(-c3ccccc3)[nH]cc-2c(=O)n1)c1ccc(Cl)cc1,0
O=C(/C=C/c1ccccc1)NC(=S)Nc1ccc(N2CCOCC2)c(Cl)c1,0
CC(C)(C)c1ccc(OCCNC(=O)c2ncn[nH]2)cc1,0
Cc1nnc(SCCCn2c(N3CCCCC3)nc3c2c(=O)[nH]c(=O)n3C)s1,0
CCCc1cc(=O)nc(SCC(=O)Nc2nonc2N)[nH]1,0
C=CCn1c(COc2ccc(Cl)cc2)nnc1SCC(=O)N1CC(=O)Nc2ccccc21,0
O=C(CCc1nc(-c2ccccc2F)no1)NC1CCCCCC1,0
COc1cc(NC(=O)c2cccs2)c(OC)cc1NC(=O)CCn1nnc2ccccc21,0
Cc1cc(Nc2ccccc2)c2c([N+](=O)[O-])cc(C)c(C)c2n1,0
Cc1n[nH]c(=O)nc1NCCN(C)C,0
CC(C)c1ccc(-c2[nH]c(N3CCCCC3)nc(=O)c2C#N)cc1,0
Cc1cc(C)nc(SCC(=O)Nc2ccc(Br)cn2)n1,0
O=C(Cn1c(SCC(=O)N2CCc3ccccc32)nc2ccccc21)NC1CCCC1,0
Cc1cccc(-c2noc(CN(C(=O)c3ccc(Br)o3)C(C)C)n2)c1,0
CCOC(=O)c1ccc(N(C(=O)c2cnccn2)C(C(=O)NC2CCCCC2)c2cn(C)nc2C)cc1,0
COc1ccccc1CCNC(=O)CCn1c(=O)oc2ccccc21,0
Cc1cc(NC(=O)Nc2ccc(F)c(Cl)c2)no1,0
O=C(Nc1ccc(C(=O)N2CCCCC2)cc1)C1CCCCC1,0
CCOc1ccccc1OCCn1nnc2ccccc21,0
CCc1cc2c(s1)N1Cc3ccccc3C(C(=O)c3cccc([N+](=O)[O-])c3)=C1NC2=O,0
CCO/C=N/c1c(C#N)c(CC#N)nn1-c1ccccc1,0
Cc1ccc(-n2c(=O)cc(N3CCN(Cc4ccccc4)CC3)[nH]c2=O)cc1,0
CCNS(=O)(=O)c1ccc(NC(=O)Cc2ccc(F)cc2)cc1,0
COc1cc(CN2CCN(c3cc(C)ccc3C)CC2)ccc1O,0
COc1cccc(NC(=O)NCCCSC2CCCCC2)c1,0
O=C(NC1CC1)C1CCN(c2ccc(S(=O)(=O)N3CCOCC3)cc2Cl)CC1,0
COc1ccc2c(C)cc(N3CCN(c4ccc(F)cc4)CC3)nc2c1,0
Cc1ccc([N+](=O)[O-])cc1-c1ccc(/C=N/NC(=O)c2cc3c(ccc4ccccc43)o2)o1,0
CC(/C=N/NC(=O)c1cc(-c2ccncc2)nc2ccccc12)=C\c1ccco1,0
COc1ccccc1CNC(=O)c1ccccc1N,0
CCCCOc1nc(N)nc(-c2ccccc2)n1,0
CCOC(=O)N1CCC(n2c(SCC(=O)Nc3nccs3)nc3ccsc3c2=O)CC1,0
CCOC(=O)c1c(C2CC2)csc1NC(C)=O,0
COc1ccc(CNC(=O)c2c(O)n(C)c3ccccc3c2=O)cc1OC,0
COc1cc(-c2nnc(SCc3ccccc3Cl)o2)cc(OC)c1OC,0
O=C1C(=C(O)c2ccccc2)C(=O)c2ccccc21,0
CCN(CC)c1nc(C#N)cc(-c2ccc(OC)cc2)n1,0
CCc1nc2ccccc2n1CC(O)COc1ccc(NC(C)=O)cc1,0
Cc1ccc(Nc2ccc(C(=O)O)cc2N)cc1,0
Cc1cc(NC(=O)CSc2nnc(-c3ccc(S(=O)(=O)N4CCCC4)cc3)n2C)no1,0
COc1ccc(-c2oc3ncn4nc(Cc5ccccc5)nc4c3c2-c2ccc(OC)cc2)cc1,0
COc1ccc(NC(=S)NCCc2ccccc2)c(OC)c1,0
COc1ccc(-n2c(Cc3cccn3C)nnc2SCC(=O)Nc2ccccc2C)cc1,0
Cc1cccc(NC(=S)NC(=O)CCc2ccccc2)c1,0
COC(=O)c1c(N)c(C#N)c(C)n1-c1ccccc1,0
O=C(Nc1nncs1)Oc1ccccc1,0
COc1cc2cc(C(N)=O)c(N)nc2cc1OC,0
COc1cccc(CNc2cccc3cccnc23)c1O,0
CCOc1ccccc1NC(=O)N1CCC(c2nc3ccccc3[nH]2)CC1,0
CN1CCN(CCC(=O)Nc2ccc(OCc3ccccc3)cc2)CC1,0
CCn1c(=O)n(CC(=O)N2CCN(c3ccccc3F)CC2)c(=O)c2ccccc21,0
Cc1cc(C)n(-c2ccc3cccc(NS(C)(=O)=O)c3n2)n1,0
CC(C(=O)NC1CCCC1)N(C(=O)c1ccc(-c2ccccc2)[nH]1)c1ccccc1F,0
CCOC(=O)C(C)Sc1nnc(Cc2cc(=O)[nH]c(=O)[nH]2)n1-c1ccc(OCC)cc1,0
CCCCCCOc1ccc(OC(=O)c2cccnc2)cc1,0
CCN1C(SCC(=O)Nc2cc(F)ccc2C)=NN/C1=C1/C=CC=CC1=O,0
COc1ccc(NC(=O)c2ccc3c(c2)OCO3)cc1Cl,0
CCCn1c(O)c(C(=O)Nc2ccc(OC)cc2)c(=O)c2c1CCCC2,0
Cc1ccc(NC(=O)NC2CCCN2S(=O)(=O)c2ccc(Cl)cc2)cc1,0
COC(=O)c1[nH]c2cc(OC)ccc2c1NC(=O)c1ccc2c(c1)OCO2,0
CCc1ccccc1NC(=O)N1CCC(NC(=O)C(Cc2ccc(OC)c(OC)c2)NC(C)=O)CC1,0
CCOc1cccc(C(=O)Nc2cnn(Cc3ccccc3)c2)c1,0
COc1ccc(CN(C(=O)c2cccs2)c2nccs2)cc1OC,0
O=C(O)c1ccccc1-c1ccccc1C(=O)NCCCO,0
COCC(=O)Nc1nnc(Cc2ccc(OC)cc2)s1,0
O=C(Nc1cccc(Br)c1)/C(=C\c1cccnc1)NC(=O)c1ccco1,0
Cc1ccc2ncccc2c1NS(=O)(=O)c1ccccc1,0
COc1ccc2[nH]c(=O)c(CN(Cc3nnnn3Cc3ccc(F)cc3)CC3CCCO3)cc2c1,0
Cc1ccccc1NCCNc1ccccc1C,0
O=C(c1cc2nc(-c3cccs3)cc(C(F)(F)Cl)n2n1)N1CCCc2ccccc21,0
O/N=C/c1ccccc1OCc1ccccc1Cl,0
Cc1ccc2c(c1)[nH]c1c(=O)n(CCN3CCCCC3)cnc12,0
COc1ccc2cc3cc(C(=O)NCC4CCCO4)oc3nc2c1,0
COC(=O)c1cc(CSc2nc3ccccc3[nH]2)oc1C,0
O=C(NCc1cccnc1)C1CC(=O)N(c2ccc(F)cc2)C1,0
Cc1[nH]c2ccccc2c(=O)c1CN1CCCCC1,0
Cc1cc(C(N)=O)c2ccccc2n1,0
Cc1ccc(C)c(N(C(=O)CCC(=O)Nc2cc(C)on2)C(C(=O)NC2CCCC2)c2ccco2)c1,0
CC1(C)Cc2ccccc2-c2nnnn21,0
OC1(c2ccc3c(c2)OCO3)CCN(Cc2ccccn2)CC1,0
COC(=O)Cc1ccc(NC(=O)c2cccs2)cc1,0
COC1=CC=C/C(=C\NNc2nn3cnnc3c3ccccc23)C1=O,0
Cc1ccc(Sc2ncnc3onc(C)c23)cc1,0
COc1ccc(NC(=O)c2cccnc2Nc2ccc(OC)cc2)cc1,0
O=C(COc1ccc2ccccc2c1CN1CCOCC1)N1CCc2ccccc21,0
Cc1cccc(N2C(=O)C3C(c4ccccc4)OC4(C(=O)c5ccccc5C4=O)C3C2=O)c1,0
Cc1cccnc1-n1c(CCN2C(=O)c3ccccc3C2=O)nc2ccccc2c1=O,0
O=C(CN1CCN(c2ccccc2)CC1)Nc1ccc(OCc2ccccc2)cc1,0
CCn1c2ccccc2c2cc(C3C(C#N)=C(N)Oc4n[nH]c(COC)c43)ccc21,0
COc1ccc2[nH]c(=O)c(CN(Cc3cccs3)Cc3nnnn3Cc3ccccc3)cc2c1,0
Cc1nn(C)cc1CNC(=O)NC12CC3CC(CC(C3)C1)C2,0
CCS(=O)(=O)N1CCC(C(=O)NCc2ccc(F)cc2)CC1,0
O=C(COc1ccccc1)N1CCN(C(=O)Cc2ccccc2)CC1,0
C=CCn1c(Cc2ccc(OC)cc2)nnc1SCC(N)=O,0
CCOC(=O)c1nn(-c2ccc(C)c(C)c2)cc1O,0
COc1ccccc1N1C(=O)CC(Nc2ccc(N3CCOCC3)cc2)C1=O,0
CCN(CC)c1ccc(NC(=O)Nc2cccc(C(C)=O)c2)cc1,0
Cc1oc(C(=O)O)cc1COc1ccc2c(C)cc(=O)oc2c1,0
Cc1nnc2c(-c3ccccc3)nc3ccccc3n12,0
O=C(CCS(=O)(=O)Cc1ccc(Cl)cc1)NCCCN1CCOCC1,0
O=C1c2ccccc2NC(c2cccc(F)c2)N1Cc1ccco1,0
COc1cc(C(=O)NCc2ccccn2)ccc1OCc1c(C)noc1C,0
COc1cc2c(cc1OC)CN(CC(=O)Nc1ccc(C#N)cc1)CC2,0
Cc1nc2ccccc2c(=O)n1CCCn1ccnc1,0
Nc1ncc(-c2ccccc2)n1CC1CCCO1,0
CC1SC(NC(=O)c2ccco2)=NC1=O,0
CCC(=O)c1ccc(N2CCN(C(=O)Cc3ccccc3)CC2)c(F)c1,0
O=C1/C(=C/c2ccccc2)Nc2ccccc21,0
COc1ccc(-c2nc(CCNC(=O)c3ccc(Br)o3)cs2)cc1,0
CNC(=S)NC1CC2CCCC(C1)N2Cc1ccco1,0
CN(C)C(CNS(=O)(=O)c1ccc(Br)cc1)c1cccnc1,0
N#Cc1cccc(-n2nnnc2-c2ccc3c(c2)OCO3)c1,0
CC(C)C(NC(=O)OCc1ccccc1)C(=O)OCC(=O)N1CCCCC1,0
CCOCc1cc(C2NC(=O)NC(C)=C2C(=O)OCC)ccc1OC,0
O=C(Nc1ccccc1C(=O)N1CCOCC1)c1cccnc1,0
c1ccc(-c2n[nH]c(-c3ccccn3)n2)nc1,0
CC(=O)Oc1ccc2nc(-c3cccs3)oc(=O)c2c1,0
CC1(C)Cc2ccccc2C(NNC(=O)c2ccncc2)=N1,0
O=C(COc1cccc2cccnc12)Nc1nccs1,0
Cc1nnc(NC(=O)CCCN2C(=O)c3ccccc3C2=O)s1,0
COc1ccc(S(=O)(=O)N2CCCC(C(=O)NCc3ccccn3)C2)cc1Cl,0
Cc1ccc2ncnc(NCCCN3CCOCC3)c2c1,0
COCCn1c(N)c(NCc2ccccc2)c(=O)n(CC(=O)Nc2cc(C)ccc2C)c1=O,0
O=C(NNC(=O)c1cccc2ccccc12)c1ccco1,0
O=C(Cc1c[nH]c2ccccc12)OCCOC(=O)Cc1c[nH]c2ccccc12,0
CCOc1ccc(Nc2nc(Cc3nnc(SCC(=O)NCc4ccco4)n3CC)cs2)cc1,0
Nc1c(C(=O)OC2CCCCC2)c2nc3ccccc3nc2n1CC1CCCO1,0
Cc1ccn2cc(-c3nonc3C)cc2c1,0
CCCCn1c(N)c(N(CCC(C)C)C(=O)CSc2nnc(C)s2)c(=O)[nH]c1=O,0
Cc1[nH]c2ccccc2c1NC(=O)CN1CCN(Cc2ccc3c(c2)OCO3)CC1,0
O=C(NCCOc1ccccc1)c1n[nH]c(=O)c2ccccc12,0
CC1=CCC2C(=O)N(Cc3ccccc3)C(=O)C2C1,0
O=C(CCc1ccccc1)NNC(=O)COc1ccccc1,0
Cc1[nH]c(N2CCN(Cc3ccccc3)CC2)nc(=O)c1C,0
Cc1ccc2c(c1)c1c(n2CC2COC(C)(C)O2)C(=O)CCC1,0
Cc1nc2ccccc2c2nc(NC(=O)Cc3ccccc3)nn12,0
Cc1ccc(C)n1-c1ccncc1,0
CN(C(=O)c1ccccc1)C1(C)CCS(=O)(=O)C1,0
Cc1onc(-c2c(F)cccc2Cl)c1C(=O)Nc1sc2c(c1C(N)=O)CCC2,0
Cn1c(COc2ccccc2)nnc1SCCC(=O)Nc1ccccc1,0
Brc1ccc(NC2=Nc3ccccc3CC2)cc1,0
O=C1C(Cc2ccccc2)NC(=S)N1c1ccccc1,0
c1coc(CNc2c3c(nc4ncnn24)CCC3)c1,0
CCOC(=O)C1=C(C)NC(C)=C(C(=O)OCC)C1c1cc2ccc(C)cc2[nH]c1=O,0
Cn1c(=O)n(C)c2cc(NC(=O)C(F)(F)F)ccc21,0
Cc1ccccc1OCC(=O)Nc1ccc(C(N)=O)cc1,0
c1ccc2c(CNc3ccc(CNc4ncn[nH]4)cc3)cccc2c1,0
Cc1ccc2c(c1)=C/C(=C1/N=C(c3ccncc3)ON1)C(=O)N=2,0
O=C(NCCc1ccccc1)c1ccc(-n2cnnn2)cc1,0
COc1ccc(C(=O)NCCN2CCOCC2)cc1OC,0
COc1ccc(Nc2nc(N3CCCCC3)c3ccccc3n2)cc1,0
O=C(CSc1ncn[nH]1)Nc1ccccc1Sc1ccc(Cl)cc1,0
O=C1Nc2ccccc2C2=NC(CN3CCN(c4ccc(F)cc4)CC3)CN12,0
CCOc1ccc(NC(=O)Cn2c(=O)oc3ccccc32)cc1,0
COc1ccc(Cl)cc1NC(=O)CN(c1ccccc1)S(=O)(=O)N(C)C,0
O=C(CSc1nnc(-c2ccc3c(c2)OCCO3)o1)NC1CCCCC1,0
CCOc1ccc(NC(N)=O)cc1OCC,0
COc1cc(N2CCCC2)c(OC)cc1/C=C(/C#N)c1ccc(F)cc1,0
COc1ccc(Cl)cc1C(=O)n1nc(C)cc1C,0
COc1cccc(Cn2cccc(NC(=O)Nc3ccc(C#N)cc3)c2=O)c1,0
Cc1cc(CNC(=O)NC23CC4CC(CC(C4)C2)C3)nn1C,0
Cn1c(O)c(C(=O)Nc2ccccn2)c(=O)c2ccccc21,0
COc1ccccc1-c1nnc2sc(COc3ccc(Cl)cc3)nn12,0
CCOC(=O)Nc1cccc(OCC(=O)Nc2ccccc2OC)c1,0
Cc1ccccc1NC(=O)Nc1ccccc1Br,0
Cc1ccc(-c2nc(N/N=C/c3cccc([N+](=O)[O-])c3)c3ccccc3n2)cc1,0
Cc1cccc(NCc2ccccc2O)c1,0
CCc1c(C)nc2ncnn2c1N1CCC(C(=O)NCc2cccc(OC)c2)CC1,0
Cc1ccc(SCC(=O)N(Cc2nc(-c3ccccc3)no2)C(C)C)cc1,0
CSC1=NCCN1C(=O)c1cccc(C(F)(F)F)c1,0
CCOC(=O)c1[nH]c2ccccc2c1NC(=O)C1CCCCC1,0
Cc1ccc(C(=O)N(Cc2nc(-c3ccc(C)cc3)no2)C(C)C)cc1,0
CN(Cc1ccccc1)C(=O)c1cccc(NC(=O)c2ccco2)c1,0
Cc1ccccc1C(=O)Nc1ccccc1,0
Cc1cccn2cc(CCNC(=O)c3ccc(Br)o3)nc12,0
Cc1c(C(=O)Nc2ccc(Cl)cn2)oc2ccccc12,0
CCn1c(CNc2ccc(Cl)cc2)nnc1SCC(=O)OC1CCCCC1,0
COC(=O)C1=C(C)OC(N)=C(C#N)C1c1c(C)nn(-c2ccccc2)c1Cl,0
O=C(Nc1nccs1)c1ccc(COc2ccc(Cl)cc2)o1,0
Cc1cc2ccccc2nc1SCC(=O)N1c2ccccc2CC1C,0
CC(C)(C)c1ccc(S(=O)(=O)NCc2ccc(C(=O)N3CCCC3)cc2)cc1,0
CCOc1ccc(N/C=C/C(=O)c2ccc3ccccc3c2)c([N+](=O)[O-])c1,0
CCc1nccn1S(=O)(=O)c1cc(C)c(OC)cc1C,0
Cc1ccccc1NC(=O)CSc1nc2cc3c(cc2cc1C)CCC3,0
CCn1c(SCC(=O)Nc2sc3c(c2C#N)CCCC3)nnc1-c1ccncc1,0
CCCCNC(=O)Nc1ccc(C(O)(C(=O)OCC)C(F)(F)F)cc1,0
CCOc1ccc(NC(=O)CS(=O)CC(=O)NC2CCCc3ccccc32)cc1,0
COCCCNC(=O)Cn1cc(C(=O)c2cccs2)c2ccccc21,0
Cc1ccc(C(=O)O)cc1S(=O)(=O)NCC1CCCO1,0
COc1ccc(/C=N/Nc2nc(C)c([N+](=O)[O-])c(N(C)c3ccccc3)n2)cc1OC,0
C=CCOC(=O)N1CCN(c2cccc(C(F)(F)F)c2)CC1,0
Cc1cc(NC(=O)C2(c3ccccc3)CCCC2)no1,0
CCN(CC)CCCC(C)NC1=NCCCCC1,0
CCOc1c(Cl)cc(/C=N/O)cc1OC,0
CN1C(=O)CSc2ccc(NC(=O)NCc3cccnc3)cc21,0
O=S(=O)(NCCn1ccc2ccccc21)c1ccccc1,0
CC(=O)c1cn(CC(=O)NCc2ccco2)c2ccccc12,0
COC(=O)c1sc2ncn(-n3c(C)ccc3C)c(=O)c2c1C,0
Cc1cc2c(c(=O)n1CCN(C)C)C(c1ccccc1Br)C(C#N)=C(N)O2,0
Cn1cnnc1SCC(=O)Nc1ccc2nc(SCc3cccc4ccccc34)sc2c1,0
CC1(C)NC(=O)N(CC(O)COc2ccccc2-c2ccccc2)C1=O,0
COc1ccc(NC(=O)CC2C(=O)N(c3ccc(OC)cc3)C(=O)N2C(C)C)cc1,0
CCN(CC)CCNC1=Nc2ccccc2CCC1,0
O=C(Nc1ccccc1)c1cccc(N2C(=O)CCC2=O)c1,0
COCCN1C(=O)c2ccc(C(=O)NCc3cccnc3)cc2C1=O,0
COc1ccc(CCNC(=O)CC2COc3ccccc3O2)cc1OC,0
COc1ccc(-c2oc3ncnc(N)c3c2-c2ccccc2)cc1,0
NC(=O)c1ccc([N+](=O)[O-])cc1SCc1ccccc1,0
CCc1nnc(NC(=O)CCC(=O)N2CCN(c3ccccn3)CC2)s1,0
O=C(CSc1cccc2cccnc12)NCc1ccco1,0
Cc1noc(C)c1Cn1nc(C(=O)O)c2ccccc2c1=O,0
O=C(O)c1ccc(S(=O)(=O)N2CCCCCC2)cc1,0
Cc1cc(C)nc(-n2nc(C)c3c(C)c(C)c(C)nc32)n1,0
CC(=O)Nc1cc(C(=O)N2CCN(C)CC2)ccc1S(=O)(=O)c1ccc(C)cc1,0
COC(=O)c1c(N)c(C#N)c2n1CCCCC2,0
O=C(Cn1c(-c2cscn2)nc2ccccc21)Nc1ccc(Cl)cc1,0
CC(=O)Nc1nc2ccccc2n1CCOc1ccccc1,0
O=[N+]([O-])c1cc(-c2cnc3ccccc3n2)ccc1Oc1ccc(Br)cc1,0
Cc1cccc(CC(=O)Nc2c3c(nn2-c2cccc(Cl)c2)CS(=O)C3)c1,0
CCOC(=O)NCc1ccc(S(=O)(=O)Nc2ccc(C)cc2)cc1,0
O=C(Nc1ccc2c(c1)OCCO2)c1cc(-c2ccccc2)nc2ccccc12,0
Cc1cc(C)n(C(=O)CNc2cccc(Cl)c2C)n1,0
NS(=O)(=O)c1ccc(CCNC(=O)CNC(=O)C2CCCCC2)cc1,0
Cc1cccc(NC(=O)CC2S/C(=N\c3nccs3)N(C)C2=O)c1,0
O=c1c2ccccc2c2ccccc2c(=O)n1CC1CCCO1,0
CC(=O)c1cc(-c2ccc(F)cc2)n(CCC(=O)Nc2cc(C)[nH]n2)c1C,0
CCOC(=O)N1CCC(NC(=O)CSCc2nc(-c3ccc(OC)c(OC)c3)oc2C)CC1,0
O=C(c1ccco1)N1CCN(C(=O)c2ccc(COc3ccc(Cl)cc3Cl)o2)CC1,0
CCCCSC1=C(C#N)C(c2ccccc2C)C(C(=O)OCC)C(=O)N1,0
COc1ccc(N2CCN(C(=O)CN(Cc3ccc(Cl)cc3)S(C)(=O)=O)CC2)cc1,0
CCCNC(=O)Nc1cc(C)on1,0
CCC(Oc1ccccc1)C(=O)Nc1ccc(-c2nnc(-c3ccco3)o2)cc1,0
Cc1cc(C)n2nc(C(=O)NCc3ccco3)nc2n1,0
CC(C)c1ccc(N2C(=O)NC(=O)/C(=C\c3cnc(-c4ccccc4)nc3)C2=O)cc1,0
CCOC(=O)Cc1csc(NC(=O)c2ccncc2)n1,0
Cc1cc2cc(NC(=O)c3ccco3)ccc2[nH]1,0
Cc1cc2ccccc2c(=O)n1CC(=O)N1CCN(c2cccc(Cl)c2)CC1,0
NC(=O)C1CCCN(CCc2ccccc2)C1,0
CC(=O)N1CCCc2cc(S(=O)(=O)N(C)Cc3ccccc3)ccc21,0
Cc1ccc(CNC2=NCCCCC2)n1C,0
COc1ccccc1NC(=O)CN1CCN(C2c3ccccc3-c3ccccc32)CC1,0
CC1CC(C)CN(c2nc3c(c(=O)[nH]c(=O)n3C)n2CCCSc2nc3ccccc3s2)C1,0
O=C(NC1(C(F)(F)F)Oc2ccc(Cl)cc2O1)N1CCC2(CC1)OCCO2,0
CSCCC(N/C=C1\C(=O)NC(=O)N(c2ccc(Cl)cc2)C1=O)C(=O)OC(C)(C)C,0
Cc1csc(N(C)C(=O)CSc2nnc(COc3ccccc3C)o2)n1,0
O=C(O)COc1ccccc1Cc1ccccc1,0
C=CCn1c(SCc2cc(=O)n3ccsc3n2)nnc1C1CCCCC1,0
O=C(OCn1ncc(Cl)c(Cl)c1=O)c1ccccc1Cl,0
COc1ccc(C(=O)NCCNC(C)=O)cc1S(=O)(=O)NCc1ccc(Cl)cc1,0
COc1cc(OC)cc(-c2nc(N)n[nH]2)c1,0
COc1ccc(-n2ncc3c(=O)n(CC(=O)OCc4ccccc4)cnc32)cc1,0
Nc1ccc(OCc2ccccc2)cc1,0
CCOC(=O)/C(C#N)=C1\C=CN(C)C(C)=N1,0
CCOC(=O)C1=C(CSc2nc(CC)c(C)cc2C#N)OC(N)=C(C#N)C1c1ccc(OC)cc1,0
O=C(O)c1ccc(NS(=O)(=O)c2cccc3cccnc23)cc1,0
O=C(COc1ccccc1)Nc1ccc(OC(F)(F)C(F)F)c(NC(=O)COc2ccccc2)c1,0
COc1cc(OC)cc(C(=O)N2c3ccc(F)cc3CCC2C)c1,0
Cc1sc(NC(=O)c2cccc([N+](=O)[O-])c2)c(C(N)=O)c1-c1ccc(C(C)(C)C)cc1,0
COc1ccc(NC(=O)c2cc(Cl)ccc2NC(=O)c2ccco2)c(OC)c1,0
CC(Sc1cnc2ccccc2n1)C(=O)O,0
COc1ccccc1Nc1ncccc1C(=O)NCc1ccccc1,0
Cc1ccc(S(=O)(=O)N(C)Cc2cc3ccccc3[nH]c2=O)cc1,0
O=C(/C=C/c1ccccc1)NNC(=O)C1CC1,0
Cc1ccc(OCC(=O)N/N=C/c2cn(C)c3ccccc23)c([N+](=O)[O-])c1,0
CCc1ccc(OCC(=O)NCCN(C)C)c(Br)c1,0
Cc1ccc(S(=O)(=O)N2CCCC(C(=O)NCc3cccnc3)C2)cc1Cl,0
CC1Cc2ccccc2N1C(=O)CSc1nc2cc3c(cc2cc1C#N)OCO3,0
c1ccc2cc(CN3CCOCC3)ccc2c1,0
CCCCOc1ccccc1NC(=O)c1ccc(=O)[nH]c1,0
O=C(NC1CCSC1=O)c1cccc(C(=O)NC2CCSC2=O)c1,0
COc1ccc(N2CCN(c3oc(-c4ccccc4OC)nc3C#N)CC2)cc1,0
C=CCc1cccc(CNc2c(C)n(C)n(-c3ccccc3)c2=O)c1O,0
CCNc1nc(Oc2ccc(C(=O)OC)cc2)nc(SC)n1,0
CCN(CC)c1nc(N)c2c(N)nc3c(c2c1C#N)CC(c1ccccc1)O3,0
Cc1cccc(-n2nnc3cnn(C)c3c2=O)c1,0
O=C(NCC1CCCO1)c1ccccc1-c1nc(-c2ccccc2)no1,0
CC12CC(NC(=O)N1CCc1ccccc1)c1cc(Cl)ccc1O2,0
Cc1ccc(Cc2nnc3n(-c4cccc(C)c4)nc(C(=O)c4ccccc4)n3c2=O)cc1,0
Cc1cc(C)n2c(SCC(=O)Nc3c(C)n(C)n(-c4ccccc4)c3=O)nnc2n1,0
CCS(=O)(=O)c1ccc2c(c1)N(S(=O)(=O)c1ccc(OC)cc1)CC(C(=O)O)O2,0
CCOC(=O)c1sc2ncn(/N=C/N(C)C)c(=O)c2c1C,0
CCOc1nc(NCc2ccco2)nc(Nc2ccccc2F)n1,0
CCOC(=O)c1ccc2ncc(C(=O)OCC)c(NCCN(C)C)c2c1,0
COc1ccc(C(C(=O)NC(C)(C)C)N(Cc2ccco2)C(=O)CCC(=O)Nc2cc(C)on2)cc1,0
Cc1nnc(NC(=O)c2ccccc2C(=O)O)s1,0
CCCn1c(O)c(C(=O)Nc2ccccc2)c(=O)c2ccccc21,0
O=C(C1CC1)N1CCc2cc(S(=O)(=O)NC3CCN(Cc4ccccc4)CC3)ccc21,0
O=C(O)CSc1nnc(-c2ccco2)o1,0
CCCN(CCC)C(=O)Cn1c(=O)n(CCCCC(=O)NCc2ccco2)c(=O)c2ccccc21,0
Cc1cc(NC(=O)c2cc(-c3ccco3)on2)n(-c2ccccc2)n1,0
O=C(CS(=O)CC(=O)N(CC(=O)NC1CCCC1)C1CCCC1)Nc1ccc(F)cc1,0
CCC1CCc2[nH]nc(C(=O)O)c2C1,0
O=C(Nc1nc(-c2ccc(S(=O)(=O)N3CCCC3)cc2)cs1)c1cccs1,0
Cc1cc(NC(=O)CSc2nnc(-c3ccoc3C)o2)no1,0
O=C(O)CCCC(=O)NCCCCc1ccccc1,0
CCC(=O)N1CCN(c2ccc(NC(=O)c3ccco3)cc2)CC1,0
COc1cc(C(c2sc3nc(C)nn3c2O)N2CC(C)CC(C)C2)cc(OC)c1OC,0
COc1cccc(C(=O)NC(=S)Nc2ccc3c4c(cccc24)CC3)c1,0
COc1ccccc1CCn1c(N)c(C#N)c2nc3ccccc3nc21,0
Cc1ccc2c(C)nc(Nc3nc(=O)cc(CSc4nnc(C)s4)[nH]3)nc2c1,0
CCNC(=O)Cc1ccc(NS(=O)(=O)c2ccc(F)cc2)cc1,0
CCCCCn1c(CN2CCN(C(=O)OCC)CC2)nc2c1c(=O)[nH]c(=O)n2C,0
Cc1nc(SCC(=O)N2CCc3ccccc32)n[nH]1,0
CS(=O)(=O)N1CCN(C(=O)c2cc(-c3ccncc3)nc3ccc(Cl)cc23)CC1,0
Cc1ccc(C(C(=O)NC2CCCC2)N(C(=O)CNC(=O)c2cccs2)c2cccnc2)o1,0
CC(=O)Nc1ccc(OC(=O)N(C)c2ccccc2)cc1,0
CC(C)(C)c1ccc(OCC(=O)NCc2ccco2)c(Br)c1,0
Cc1cc(N)n2ncc(-c3ccc(F)cc3)c2n1,0
Cc1ccccc1OCC(=O)Nc1ccccc1N1CCCCC1,0
CCc1ccc(NCCC(=O)c2ccc(Br)cc2)cc1,0
COc1ccc(NC(=O)CSc2nnc(-c3ccccc3Cl)n2Cc2ccco2)c(OC)c1,0
CC(C)(C)c1ccccc1OCC(=O)Nc1ncn[nH]1,0
O=S1(=O)CCN2C(Cc3ccc(SC(F)F)cc3)=CSC2=N1,0
NC(=O)CSc1nnc(-c2ccc(S(=O)(=O)N3CCCC3)cc2)n1Cc1ccco1,0
CCn1cc(C(=O)N2CCCCC2)c(=O)c2cc(S(=O)(=O)N3CCC(C)CC3)ccc21,0
CCC(=O)N1CCc2cc(S(=O)(=O)CCC(=O)NCCC3=CCCCC3)ccc21,0
Cc1ccc(/C(=N\O)c2oc3c(C)c4oc(=O)cc(C)c4cc3c2C)cc1,0
CCOc1ccc(NC(=O)Nc2ccc(N(C)C(C)=O)cc2)cc1,0
O=C(CSc1n[nH]c(-c2ccc(S(=O)(=O)NC3CCCCC3)cc2)n1)N1CCCC1,0
COc1ccccc1NS(=O)(=O)c1cccc(C(=O)OCC(=O)Nc2cc(C)on2)c1,0
CCOC(=O)C1=C(C)OC(N)=C(C#N)C1c1c(C)nn(-c2ccc(C)cc2)c1Cl,0
O=C(CSc1nc2ccccc2o1)Nc1ccccc1N1CCCCCC1,0
Cc1ccc(CN2C(=O)CCC2C(=O)N2CCN(c3ccc(F)cc3)CC2)cc1,0
CCOc1ccc(CCNC(=O)CCCN2C(=O)c3ccccc3C2=O)cc1OCC,0
CCc1nnc(NC(=O)CCN2C(=O)c3ccccc3C2=O)s1,0
CCOC(=O)C(Cc1ccccc1)C(=O)Nc1nccs1,0
Cc1ccc2c(c1)c(C)c(C)n2CC(O)Cn1nnc2ccccc21,0
COc1ccc(NC(=O)Nc2ccc(OC)cc2)cc1,0
O=C(O)C1C2C=CC3(CN(Cc4cccs4)C(=O)C13)O2,0
Cc1nnc(SCCn2c(N3CC(C)CC(C)C3)nc3c2c(=O)[nH]c(=O)n3C)s1,0
O=C(CCCOc1ccccc1)N1CCc2ccccc2C1,0
COCC(=O)NCCc1ccc(S(N)(=O)=O)cc1,0
CCN(CC)S(=O)(=O)c1ccc(NC(=O)CSc2nnc(-c3cccc(OC)c3)n2C)cc1,0
COCCCN(C(C)=O)c1nc(-c2ccccc2)cs1,0
CC(=O)Nc1ccnc(-c2cccnc2)n1,0
O=C(Cn1nc(-c2ccccc2)nc1-c1ccccc1)OC1CCCCC1,0
CC(=O)Nc1ccc(S(=O)(=O)NNC(=O)COc2cccc(C)c2)cc1,0
CCn1cc(Br)c(-c2nc3ccccc3c(=O)n2N)n1,0
COc1cnc(-c2ccccc2)nc1Oc1ccc(C(C)(C)C)cc1,0
Cc1noc(C)c1CSc1nc2ccccc2c(=O)n1-c1ccc(Cl)cc1,0
O=C(CN1C(=O)NC(Cc2ccccc2)C1=O)Nc1ccccc1,0
COC(=O)C(CC(=O)c1ccc(Cl)cc1)c1ccc(C(C)C)cc1,0
CCOc1c(Br)cc(CNc2ncn[nH]2)cc1OC,0
CCOC(=O)C1CCCN(c2ccc(NC(=O)c3snc4c(=O)nc(C)[nH]c34)cc2)C1,0
CCCn1nnnc1NCc1ccc(N2CCCC2)cc1,0
CC(=O)Nc1c(C(=O)N2CCCCCC2)cnn1-c1ccccc1,0
Cc1cc(C)c(C#N)c(SCc2ccccc2C(=O)O)n1,0
CCOc1ccc(-c2nc3n(c(=O)c2C#N)CCCS3)cc1,0
O=C(Nc1nc(=O)c2ccccc2s1)c1ccc(F)cc1,0
COc1ccc(NC(=O)COc2ccc(/C=N/n3c(C)nnc3C)cc2OC)cc1,0
Cc1cc(C)nc(SCCC(=O)Nc2ccccc2C)n1,0
CCn1c(CCNC(=O)c2ccc(Cl)cc2)nnc1SCC(=O)NC1CCCC1,0
COc1c2c(=O)n(-c3ccccc3C)[nH]cc-2ccc1=O,0
N#CCCn1cc(C(CC(=O)c2ccccc2)C(=O)O)c2ccccc21,0
CNC(=O)CSc1nnc(COc2ccc(Cl)cc2)n1CCOC,0
CC(=O)Nc1ccc(N2CCCC2)cc1,0
COc1ccc(C)cc1NC(=O)Nn1cnnc1,0
COC(=O)CNC(=O)Cc1c(F)cccc1Cl,0
Brc1ccc(-c2nc(-c3ccccc3)no2)o1,0
CCN(CC)c1ccc(NC(=O)c2cc3ccccc3o2)c(C)c1,0
COc1ccc(-c2c(S(=O)(=O)c3ccccc3)cnn2-c2ccccc2)cc1,0
CCCN1C2=C(C(=O)CCC2)C(c2ccc(O)c(Br)c2)C2=C1CCCC2=O,0
O=c1c2ccccc2sn1-c1ccc(S(=O)(=O)N2CCCC2)cc1,0
CCc1nnc(NC(=O)c2cccc(S(=O)(=O)N3CCN(c4ccccc4)CC3)c2)s1,0
COc1ccc(C2CC(=O)c3cnc(NC(=O)c4cccc(OC)c4)nc3C2)cc1,0
CCNS(=O)(=O)c1ccc(NC(=O)Nc2cccc(C(F)(F)F)c2)cc1,0
CCc1nnc(NC(=O)CSc2nc(C3CCCCC3)nc3ccccc23)s1,0
O=C(c1cn(CC(=O)N2CCCC2)c2ccccc12)C1CCCCC1,0
COC1=CC=C/C(=C\NNc2nc(Nc3ccccc3)nc(-n3nc(C)cc3C)n2)C1=O,0
Cc1cc(C)cc(NC(=O)Cn2cc3c(n2)CCCCC3)c1,0
CCOc1ccc(C)cc1S(=O)(=O)n1ccc(C)n1,0
CCOc1ccccc1NC(=O)Cn1nnc(C(=O)Nc2ccc(C)cc2)c1N,0
CC(C)OC(=O)CSc1nc(N)c(C#N)c(-c2ccco2)c1C#N,0
CCOc1ccc(S(=O)(=O)Nc2ccc(S(=O)(=O)Nc3cc(OC)ccc3OC)cc2)cc1,0
O=C(Nc1ccc(Cl)c(Cl)c1)C1CC(=O)N(c2ccc(Br)cc2)C1,0
COc1ccc(CNc2nc3c(c(=O)[nH]c(=O)n3C)n2CCCc2ccccc2)cc1,0
O=C1CC(N2CCN(S(=O)(=O)c3ccc(Cl)cc3)CC2)C(=O)N1CCc1ccccc1,0
COc1ccc(C2NC(=O)NC3=C2CCc2ccccc23)cc1,0
Cc1cc(C)cc(NC(=O)CN(Cc2ccccc2)S(C)(=O)=O)c1,0
O=C(Nc1nc(=O)c2ccccc2s1)c1ccccc1,0
CCOc1cc(-c2cn(S(=O)(=O)c3cccc4nsnc34)nc2N)cc(OCC)c1OCC,0
COc1ccc(-c2cc(=O)oc3c(C)c(OCc4nn[nH]n4)ccc23)cc1,0
CC(C)Oc1cccc(C(=O)Nc2ccc(NC(=O)c3ccco3)cc2)c1,0
Clc1cccc(Cl)c1CO/N=C/c1c(-c2ccccc2)nc2n1CCS2,0
Cc1ccc(S(=O)(=O)Nn2c(C)ccc2C)cc1,0
Cc1cccc(N2CC(=O)N(c3cccc(C)c3)CC2=O)c1,0
CC1Cc2ccccc2N1C(=O)COc1nc2ccccc2nc1N1CCOCC1,0
CS(=O)(=O)N(CC(=O)N/N=C/c1cc([N+](=O)[O-])ccc1Cl)c1ccccc1,0
Cc1cc(C)c2c(n1)sc1c(=O)n(Cc3ccccc3Cl)nnc12,0
Cc1cc(C)nc(SCc2nnc(SCC(=O)OC3CCCCC3)o2)n1,0
CCOc1ccc(NC(=O)C(NC(=O)c2ccccc2)C(C)CC)cc1,0
COc1ccc(S(=O)(=O)c2ccc(OC)c(OC)c2)cc1OC,0
COc1ccc(/C=N/O)cc1COc1ccc(NC(C)=O)cc1,0
CCCn1c(SCC(=O)O)nc2ccccc21,0
CCN(CC)S(=O)(=O)c1ccc(NC2CCCc3ccccc32)nc1,0
C/C(=N\Nc1nc(N)cc(Cl)n1)c1cccc([N+](=O)[O-])c1,0
COc1cc2c(cc1OC)-c1cc(NC3CCCCCC3)nc(=O)n1CC2,0
CS(=O)(=O)N1CCN(c2ccccc2NC(=O)c2cccnc2Cl)CC1,0
Cn1c(SCCS(=O)(=O)c2ccc(Cl)cc2)nnc1-c1ccccc1,0
O=C(NCc1cccnc1)c1ccc(COc2ccc3c(c2)CCC3)o1,0
COc1ccc2c(c1)Cc1sc(NC(=O)c3ccco3)nc1-2,0
Cc1ccc(C(C)NC(=O)c2cc(C)oc2C)cc1,0
O=C(O)CCCC(=O)Nc1ccc(Br)cc1,0
COc1ccc2[nH]c(=O)c(CN(C)C(=O)c3ccncc3)cc2c1,0
Cc1ccc(C(=O)N2CCC(C(N)=O)CC2)cc1C,0
COc1cc(CNn2cn[nH]c2=S)cc(Cl)c1OCc1ccccc1,0
CCCNC(=O)Cc1ccsc1,0
COc1ccc(C(CNC(=O)c2cccc(N(C)C)c2)N2CCCC2)cc1,0
COCCNC(=O)C1=CNN2C1=NC(c1ccco1)CC2C(F)(F)F,0
Cc1cc(C)n2c(SCc3c(C)noc3C)nnc2n1,0
CS(=O)(=O)c1ccccc1COC(=O)Nc1ccc(Cl)cc1,0
CCc1ccc(S(=O)(=O)Nc2ccc(-c3nc4cccnc4s3)cc2)s1,0
Cc1oc(-c2ccccc2)cc1C(=O)Nc1ccccc1,0
COc1cc(C(=O)Nc2cccc(-c3nc4ccccc4o3)c2C)cc(OC)c1OC,0
O=C(CSc1nnc(COc2ccccc2)n1Cc1ccco1)c1ccc(F)cc1,0
Cc1nc(Nc2ccc3c(c2)OCCO3)c2oc3ccccc3c2n1,0
COc1ccc2ccccc2c1CN1CCN(Cc2ccccc2)CC1,0
COc1cc(OC)nc(NC(=O)CSc2nc3ccccc3[nH]2)n1,0
O=C1c2ccccc2C(=O)N1Cc1nc2ccccc2c(=O)n1-c1cccnc1,0
Cn1c(=O)n(Cc2ccc(F)cc2)c(=O)c2c1nc1n2CCCN1C1CCCCC1,0
Cc1sc2ncn(CC(=O)NCCCC(=O)N3CCC4(CC3)OCCO4)c(=O)c2c1C,0
Cc1ccc(C(=O)N2CCCCCC2)cc1Br,0
COc1ccc2[nH]c(=O)c(CN(C(=O)c3ccccn3)C3CCCCC3)cc2c1,0
CCOC(=O)N1CCC(NC(=O)c2ccc3c(c2)ncn3C2CCCC2)CC1,0
COc1ccc(-c2c(C)nn(-c3ccccc3)c2N)cc1OC,0
CCCCCCOC(=O)C1=C(C)NC(=O)NC1c1ccc(O)cc1,0
O=C(Cn1nnc(-c2ccc(N3CCOCC3)cc2)n1)N1c2ccccc2CCc2ccccc21,0
COC(=O)c1ccc2c(c1)NC(=O)C(N1CCCCC1)S2,0
CC(=O)NC(NC(C)=O)c1ccc(N(C)C)cc1,0
Cc1cc(C)cc(N(C(=O)Cn2nnc3ccccc32)C(C(=O)NCc2ccco2)c2ccncc2)c1,0
COC(=O)c1[nH]c2ccc(C)cc2c1NS(=O)(=O)c1ccc(F)c(C)c1,0
Cc1nn(C)c(C)c1S(=O)(=O)N(CC(=O)NCCCOC(C)C)c1ccc(C(C)C)cc1,0
N#CCSc1nnc(-c2cnccn2)n1Cc1ccccc1,0
Cc1ccc(-c2csc3nnc(SCC(=O)N4CCN(Cc5ccccc5)CC4)n23)cc1,0
CC1(c2ccccc2)CC(c2ccccc2)=NC2=NONC2=N1,0
OC(COc1ccc2cc(Br)ccc2c1)CN1CCN(c2ccccn2)CC1,0
CN1C(=O)C(CC(=O)Nc2ccc3c(c2)Cc2ccccc2-3)N(C)C1=O,0
CC1CCC(NC(=O)C2CCN(C(=O)NC3CCCCC3)CC2)CC1,0
CCc1nnc(NC(=O)CSc2nc(-c3ccc(OC)cc3)ns2)s1,0
COc1ccc(C)cc1S(=O)(=O)N(CC(=O)O)c1ccc(C)cc1,0
CSc1nc2nc(-c3ccccc3)cc(=O)n2[nH]1,0
O=C1CC(c2ccc3c(c2)OCO3)c2cc3c(cc2N1)OCCO3,0
Cc1nonc1NC(=O)N1CCCC1,0
O=C(NC1CC1)c1cccc(Nc2ccc(-c3ccc4c(c3)OCCO4)nn2)c1,0
Cc1occc1-c1nnc(SCC(=O)c2ccc(Cl)cc2)n1CC1CCCO1,0
Cc1c(Cl)cccc1NC(=O)CSc1ncnc2c1cnn2CCc1ccccc1,0
O=S(=O)(Nc1ccc2oc(-c3ccccc3)nc2c1)c1ccccc1,0
CCOc1ccc(Nc2nc(=O)c3c([nH]2)CCCC3)cc1,0
CCn1cc(Br)c(C(=O)N(C)Cc2ccccc2)n1,0
c1ccc(-c2ccn3nnnc3n2)cc1,0
COC1=CC(=O)O/C1=C\Nc1ccc(C(F)(F)F)cc1,0
C=CCNC(=O)c1ccccc1NC(=O)c1ccc(Cl)c(S(=O)(=O)Nc2cc(C)ccc2C)c1,0
Cc1cccc(N2CCN(C(=O)C34CC5CC(CC(C5)C3)C4)CC2)c1C,0
COc1cc(C)c(S(=O)(=O)Nc2ccc(CC(=O)O)cc2)cc1C,0
O=c1c2ccccc2nc(-c2ccco2)n1Cc1ccccc1,0
CCc1ccccc1OCCCOc1ccc(OC)cc1,0
COc1cc(-n2c(C)nc3cc(C(=O)N4CCOCC4)ccc32)cc(OC)c1OC,0
CC(=O)Nc1ccc(N2CCCCC2)cc1,0
O=C(/C=C/c1ccc(Br)cc1)NC1CCCCCC1,0
COc1ccc2c(c1)c(C(O)CN1CCN(Cc3ccc4c(c3)OCO4)CC1)c(C)n2C,0
CCOC(=O)c1ccc(NC(=O)N2CCN(c3ccccn3)CC2)cc1,0
COc1ccc(-c2noc(-c3ccccc3C(=O)Nc3cccnc3)n2)cc1OC,0
CCOC(=O)Cc1csc2nc3sc(C)c(C)c3c(=O)n12,0
COCCCNS(=O)(=O)c1ccc2c(c1)CCN2C(C)=O,0
C/C(=N\NC(=O)c1ccc(C)s1)c1cccc(NC(=O)COc2ccc(Cl)cc2C)c1,0
CCC(=O)N(Cc1ccc(C)cc1)Cc1cc2cc3c(cc2[nH]c1=O)OCO3,0
Cc1cccc(NC(=O)Cn2c(=O)oc3ccccc32)c1,0
Cc1cccc(NC(=O)c2ccc(S(=O)(=O)N(C)C)cc2)n1,0
Cc1ccccc1NC(=O)NCc1ccco1,0
Cc1ccccc1CN1CCN(CC(=O)NCc2ccccn2)C1=O,0
CCOC(=O)C1CCCN(CCC(=O)Nc2c(C(=O)OC)[nH]c3cc(OC)ccc23)C1,0
Cc1ccc2cc(CN(Cc3ccco3)C(=O)NC3CCCCC3)c(=O)[nH]c2c1C,0
O=C(CSc1n[nH]c(=O)[nH]c1=O)c1ccccc1,0
Cn1c(-c2ccc(C(=O)c3ccccc3)s2)nc2ccccc21,0
Cc1ccc(CNS(=O)(=O)c2ccc(C(C)(C)C)cc2)n1C,0
Cn1c(NCc2ccco2)nc2ccccc21,0
O=C(Nc1ccc2c(c1)CCC2)c1cnccn1,0
Cc1ccc(CCNc2ccccc2C)cn1,0
CC(=O)c1cc2c(cc1NC(=O)CN1CCc3ccccc3C1)OCO2,0
CCC(CO)NC(=O)c1ccc(-c2nn(C)c(=O)c3ccccc23)cc1,0
CCCc1cc2c(cc1NC(=O)c1ccc(Br)cc1)OCO2,0
CCOC(=O)c1ccc(NC(=S)NCCc2ccccc2)cc1,0
O=C(O)C1C2C=CC(C2)C1C(=O)NC1CCS(=O)(=O)C1,0
CC(=O)c1cccc(N(CC(=O)Nc2cccnc2)S(C)(=O)=O)c1,0
CCN(CC)C(=O)N1CCC(NC(=O)c2ccc(C(C)(C)C)cc2)CC1,0
O=C(Nc1ccccc1N1CCCCC1)c1cccc(F)c1,0
COc1cc2cc(C(c3nnnn3C3CCCC3)N3CCCCCC3)c(=O)[nH]c2cc1OC,0
COc1ccccc1C(=O)Nn1cnc2ccccc2c1=O,0
COc1ccc(-c2nnn(CC(=O)N3CCOCC3)n2)cc1,0
Nc1ccnn1C1CCNCC1,0
O=C1C2Sc3[nH]c(=O)sc3C(c3ccccc3)C2C(=O)N1c1ccc(Cl)cc1,0
CC(C)(C)NC(=O)C1CCN(C(=O)c2ccc(Br)cc2)CC1,0
Cn1c(=O)[nH]c(=O)c2c1nc(Br)n2CC(O)c1ccccc1,0
COc1ccc(C2NC(=O)c3ccccc3N2)cc1OC,0
Cc1cc(C(=O)N2CCN(C(c3ccccc3)c3ccccc3)CC2)no1,0
COC(=O)c1cc(COc2ccc3c4c(c(=O)oc3c2)CCC4)c(C)o1,0
O=C(NCc1ccncc1)C1CCCCC1,0
CC(C)NS(=O)(=O)c1ccc(OCC(=O)Nc2ccc3c(c2)OCCO3)cc1,0
CCc1cccc(NC(=O)NC2CCCCC2)c1,0
CN1CCN(c2ccccc2NC(=O)c2ccc(Br)o2)CC1,0
C=CCNC(=O)CN1CCC(O)(c2ccc(F)cc2)CC1,0
CC(Oc1ccccc1)c1ccnn1S(C)(=O)=O,0
CCC1Oc2ccc(C)cc2N(CC(=O)N(Cc2ccc(C)o2)C2CC(C)(C)NC(C)(C)C2)C1=O,0
CCCCn1cnc2c1c(=O)[nH]c(=O)n2CCCC,0
O=C(Nc1ccc2c(c1)OCCO2)c1ccc(Cl)c(S(=O)(=O)N2CCCCC2)c1,0
CCCCC(=O)Nc1ccc(C(=O)NCCCn2ccnc2)cc1,0
Nc1ccc2c3c(cccc13)CC2,0
COc1ccc(-n2nnc3c(=O)n(CC(=O)N4CCCC4)cnc32)cc1,0
Cn1nc(OCC(N)=O)ccc1=O,0
COCc1cc(C)nc2sc(C(=O)N3CCCC3)c(N)c12,0
CCOC(=O)N1CCN(C(=O)/C(=C/c2ccc(OC)cc2)NC(=O)c2ccccc2)CC1,0
CC1(C)CC(=O)C2=C(C1)OC(/N=C/N1CCOCC1)=C(C#N)C2c1ccccc1,0
CCCCNC(=O)OCCNC(=O)NC,0
O=C(Nc1ccccc1)N1CCCN(Cc2ccccc2F)C1,0
C=CCOc1ccc(CNn2cn[nH]c2=S)cc1OC,0
O=C(CC(c1ccccc1)c1ccccc1)Nc1ccc(Cl)cn1,0
Cc1ccc(C)c(NC(=O)C2CC(O)CN2C(=O)OC(C)(C)C)c1,0
COC(=O)c1cccc(N(C(=O)c2cnccn2)C(C(=O)NCc2ccccc2)c2ccco2)c1,0
CCOC(=O)CNC(=O)CSc1ncnc2c1cnn2-c1ccc(Cl)cc1,0
CN1CCOc2cc(S(=O)(=O)Nc3ccc(F)cc3)ccc21,0
C/C(=N\NC(=O)c1ccc(F)cc1)c1cccc(NC(=O)c2ccco2)c1,0
O=C(Nc1cccnc1)c1cccc(S(=O)(=O)N2CCOCC2)c1,0
COc1cc2cc(C(c3nnnn3C3CCCC3)N3CCCCC3)c(=O)[nH]c2cc1OC,0
COc1cc(N(C)C)c(NC(C)=O)cc1C(=O)O,0
C=CCOc1cccc(C2C(C(=O)c3ccco3)=C(O)C(=O)N2CCN(CC)CC)c1,0
CN(C)Cc1c(C#N)c2ccccc2n1C,0
Cc1ccccc1-c1nc2ccccc2c(=O)n1C1CCS(=O)(=O)C1,0
Cc1sc2ncn(CC(=O)NCCCC(=O)N3CCN(c4ccccc4)CC3)c(=O)c2c1C,0
CCCOc1ccc(C(=O)Nc2ccc(N(C)C)cc2)cc1,0
COc1ccc(C2(CNC(C)=O)CCCC2)cc1OC,0
COc1cc(NC(=O)c2ccc3c(c2)OCO3)c2ncccc2c1,0
CCOC(=O)CSc1nc2c(c(=O)n1-c1ccc(OCC)cc1)SCC2,0
Cc1ccc(S(=O)(=O)NC(=O)N2CCC(C)CC2)cc1,0
COc1ccc(S(=O)(=O)N(C)CC(=O)Nc2cccc(C(C)=O)c2)cc1,0
O=C(NCc1nc(-c2ccccc2)no1)c1ccc(Br)o1,0
Cc1ccc(-c2cc(C(=O)NCCN3CCOCC3)no2)cc1,0
C/C(Nc1ccccc1)=C(/C#N)C(N)=O,0
Cc1nnc2c(NC(C)C)nc3ccccc3n12,0
COCc1nc2ccccc2n1Cc1ccc(Br)cc1,0
CC1=CC(C#N)(C#N)C(C#N)(C#N)C(c2ccccc2)N1,0
Oc1ccc(-c2nc3ccccn3c2NCc2ccc3c(c2)OCO3)cc1,0
O=C(NCCc1ccccc1)c1ccc(Br)o1,0
Cn1cnc([N+](=O)[O-])c1Sc1ncccc1N,0
Cc1cccc(NC(=O)c2ccc(N(C)C3CCCCC3)c([N+](=O)[O-])c2)n1,0
CCc1ccc(OCC(=O)NCCOc2ccccc2)cc1,0
COc1ccnc(Nc2ccc(C)c(C)c2)c1C#N,0
COc1ccc(OCCNC(=O)C(c2ccccc2)c2ccccc2)cc1,0
Cc1ccc(S(=O)(=O)NCc2nc3ccccc3c(=O)n2N)cc1,0
COC(=O)COC(=O)c1ccc(O)cc1,0
CC1(C)CC(NCc2cccnc2)CC(C)(C)N1,0
O=C(NCC(=O)N(Cc1ccco1)C(C(=O)NC1CCCC1)c1cccnc1)c1ccco1,0
Cc1n[nH]c(NC2CCCCC2)nc1=O,0
Cn1c(CNc2ccccc2O)nc2ccccc21,0
COC(=O)c1ccc(CN2CCN(Cc3ccccc3)CC2)cc1,0
Fc1ccc(CSc2ncnc3sc4c(c23)CCCC4)cc1,0
CCOc1ccc(OCC)c(S(=O)(=O)NCc2cccnc2)c1,0
CCc1ccc(NC(=O)CNS(=O)(=O)c2c(C)noc2C)cc1,0
O=C(NN1C(=O)c2ccc3c4c(ccc(c24)C1=O)CC3)c1ccc(Br)cc1,0
Cc1nc2cc(N3CCCCC3)c(NC(=O)c3ccncc3)cc2c(=O)n1Cc1ccccc1,0
CCOc1ccc(NC(=O)COC(=O)CCCc2c[nH]c3ccccc23)cc1,0
Cn1nnc2cc(C(=O)NCCC3=CCCCC3)ccc21,0
N#CC1=C(N)NN/C1=C1\C=C2CCCCC2=N1,0
CCOC(=O)CCC(NC(=O)c1ccc(NCN2C(=O)CCC2=O)cc1)C(=O)OCC,0
Cc1c(NC(=O)CSc2nnc3sc4ccccc4n23)c(=O)n(-c2ccccc2)n1C,0
CN1CCN(CCCNC(=O)c2ccc(CSCc3cccc(Cl)c3)o2)CC1,0
Cc1cc(C)nc(-n2nc(C)cc2Nc2ccccc2)n1,0
CCCNC(=O)C(Cc1ccccc1)NS(=O)(=O)c1cccc2nsnc12,0
O=c1c2ccccc2nc(CN2CCOCC2)n1-c1ccccc1F,0
O=C(NC12CC3CC(CC(C3)C1)C2)N1CCCC(CO)C1,0
O=C1CCCC2=C1C(c1ccc3c(c1)OCO3)c1c([nH]n(-c3ccccc3)c1=O)N2,0
O=C1C2CCCN2C(c2ccccc2)N1c1ccc(Cl)cc1,0
COc1nnc(-c2ccc(N3CCOCC3)c(NC(=O)c3ccco3)c2)c2ccccc12,0
CCOc1ccc(C(O)c2nccn2Cc2ccccc2)cc1,0
CCCCCCn1c(NCC)nc2c1c(=O)[nH]c(=O)n2C,0
Cc1ccc(C(=O)NCCN(C)C)cc1C,0
CCOC(=O)Cc1csc(NC(=O)CSc2nnc(-c3ccc(NS(=O)(=O)CC)cc3)o2)n1,0
O=C(NCc1cccnc1)c1cc(S(=O)(=O)N2CCCCC2)ccc1Cl,0
O=S(=O)(/C=C/c1ccccc1)NCCc1ccccn1,0
O=C(Cn1c2ccccc2c(=O)c2ccccc21)N/N=C/c1cc([N+](=O)[O-])ccc1N1CCCCCC1,1
CCn1c2ccccc2c2cc(NC(=O)c3ccc([N+](=O)[O-])cc3)ccc21,0
N#CC1=C(N)N(c2ccc(F)cc2)C(=O)C1,0
C=CCSc1nnc(NC(=O)CSc2nc3ccccc3[nH]2)s1,0
O=c1cc(-c2ccccc2)nc2nc(-c3ccccc3)[nH]n12,0
COc1ccc(N2C(=O)C3CCCN3C2c2ccc(C)cc2)cc1,0
CC(=O)Oc1cc2c(C(=O)NCCN3CCOCC3)c(C)oc2c2ccccc12,0
COc1ccc(NC(=O)c2cccnc2Cl)c(S(=O)(=O)N2CCOCC2)c1,0
CC(C)c1ccc(-c2nn(-c3ccccc3)cc2C2C(C#N)=C(N)OC3=C2C(=O)CC(C)(C)C3)cc1,0
Nc1nnc(CC(=O)N2CCCCC2)s1,0
CC(=O)Nc1ccc(NC(=O)CSc2ncn[nH]2)cc1,0
Cc1ccc(OCC(=O)Nc2ccc(N3CCCC3)cc2)cc1C,0
COc1cc(OC)cc(C(=O)NC(C(=O)NC23CC4CC(CC(C4)C2)C3)C(C)C)c1,0
Cn1cccc1-c1nc2ccc(NC(=O)c3ccccc3)cc2[nH]1,0
COc1ccc(NC(=O)NC23CC4CC(CC(C4)C2)C3)cc1OC,0
CC1(C)Cc2c(sc3c2c2ncnn2c2nnc(SCC(=O)NCc4ccco4)n32)CO1,0
COc1ccnc(Nc2cccc(C)c2)c1C#N,0
Cc1ccc(CNC(=O)Nc2ccccc2)cc1,0
COc1ccc(Cl)cc1NC(=S)N1CCN(C(=O)c2ccco2)CC1,0
C=CCNC(=S)NNc1ncnc2sc3c(c12)CC(C)(C)OC3,0
COC(=O)CSc1ncnc2c1sc1nc(N3CCOCC3)c3c(c12)CCCC3,0
Cc1cc(C(=O)NCCc2ccccc2)ccc1[N+](=O)[O-],0
CCOC(=O)N1CCC(NC(=O)CCc2c(C)nc3c(c(C)nn3C(C)(C)C)c2C)CC1,0
CC(=O)Nc1nonc1-c1nc2ccccc2n1Cc1ccccn1,0
COc1ccc(NC(=O)c2ccco2)cc1NC(=O)c1ccc(Br)o1,0
Cc1[nH]c(=O)[nH]c(=O)c1S(=O)(=O)N1CCN(c2cccc(Cl)c2)CC1,0
CC1CN(c2c3c(nc4ncnn24)CCCC3)CC(C)O1,0
CCN1CCN(C(=S)Nc2ccc(Cl)cc2)CC1,0
COCC(C)n1c(C)cc(C(=O)COC(=O)c2c(C)nn(-c3ccccc3)c2C)c1C,0
Cn1nnc2cc(C(=O)NCc3ccco3)ccc21,0
COc1cc2c(cc1OC)CN(CC(=O)Nc1ccc3c(c1)OCO3)CC2,0
C/C(=N\NC(=O)c1cccs1)c1ccc(NC(=O)COc2ccc(Cl)cc2)cc1,0
O=C(CSc1nc2c([nH]c3ccccc32)c(=O)n1-c1cccc(Cl)c1)N1CCOCC1,0
COc1cc(N)cc(NC(=O)c2ccncc2)c1,0
CCn1c(COc2ccc(Cl)cc2)nnc1SCc1ccc(C#N)cc1,0
Cc1ccc(NC(=O)NC2(C(=O)NCc3ccccc3)CCCCC2)cc1,0
O=C(CSc1nnc(-c2cccnc2)n1Cc1ccco1)c1ccc(Cl)cc1,0
CCOc1ccc(NC(=O)c2ccncc2)cc1,0
CC(C)(C)C(=O)C1C2C(=O)N(C3CCCCC3)C(=O)C2C2c3ccccc3C=CN12,0
O=C1CCC(C(=O)Nc2cccc3ccccc23)N1,0
CCN1CCN(c2nn3c(=O)c4ccccc4nc3c3ccccc23)CC1,0
O=C1CCC(=O)N1CNc1ccc(Oc2ccccc2)cc1,0
CNC(=O)Nc1ccccc1C(=O)NCc1ccccc1,0
O=C(Nc1ccc(N2CCOCC2)cc1)C1CCCCC1,0
CCCCCOC(=O)CSc1nc2c(c(=O)[nH]c(=O)n2C)n1Cc1ccc(Cl)cc1,0
Cc1nnc(SCCn2c(N3CCCC(C)C3)nc3c2c(=O)[nH]c(=O)n3C)s1,0
CCCCCCC(=O)Nc1c2c(nc3ccccc13)N(C)CC2,0
COc1ccc(N(C(=O)Cn2cnc3ccccc32)C(C(=O)NC2CCCCC2)c2ccccc2)cc1,0
Cc1nn(-c2ccc(F)cc2)c(C)c1NS(=O)(=O)c1ccc(Cl)cc1,0
CCOC(=O)c1[nH]c2ccc(OC)cc2c1NC(C)=O,0
Cn1c(=O)n(C)c(=O)n(CC(=O)N2CCCCC2)c1=O,0
Cc1ccc(S(=O)(=O)NC(=O)Nc2ccccc2F)cc1,0
CCOC(=O)c1c(C)n(C)c2ccc(OC)c(NC(=O)CN3CCN(Cc4ccccc4)CC3)c12,0
Cc1ccc(N2CCN(S(=O)(=O)N3CCCCCC3)CC2)cc1Cl,0
COc1ccc(CNC2CCCCC2)cc1,0
O=c1[nH]c2cc(Cl)ccc2n(CCNc2ncc(C(F)(F)F)cc2Cl)c1=O,0
Cc1cc(=O)nc(SCCCOc2ccc(F)cc2)[nH]1,0
Cn1c(CNc2ccccn2)c(C#N)c2ccccc21,0
CCCc1cc(=O)nc(SCC(=O)c2cc(C)n(CCC)c2C)[nH]1,0
Nc1ccc(C(=O)N2CCCC2)cc1,0
CCN(CC)c1ccc(NC(=O)COc2ccc(C)cc2)cc1,0
Cc1ccc2c(c1)c1ncnc(N3CCc4ccccc4C3)c1n2C,0
COc1ccc(NC(=O)c2ccco2)cc1NC(=O)c1ccc(C)cc1,0
Cc1nn(-c2ccccc2)cc1/C=N/O,0
Cc1ccc(C)c(NS(=O)(=O)c2cc(C(=O)NCc3ccccn3)ccc2Cl)c1,0
CS(=O)(=O)N(Cc1ccc(Cl)cc1)c1ccc(C(=O)Nc2cccnc2)cc1,0
CCCc1nc(SCC(=O)N2CCCC2)c2ccccc2n1,0
CSc1c(-c2ccccc2)nc2ccccc2c1C(=O)O,0
O=C(COc1ccc(Br)cc1)N1CCC(c2ccccc2)C1,0
CC(C)(C)c1ccc(C(=O)Nc2ccc(N3CCOCC3)cc2)cc1,0
Cc1onc(-c2ccccc2)c1C(=O)Nc1nnc(COc2ccc(Cl)cc2)s1,0
COc1cc(NC(=O)CN(C)S(=O)(=O)c2ccc(C)cc2)cc(OC)c1,0
COC(=O)c1ccc(N2CCN(S(=O)(=O)c3c(C)cc(C)cc3C)CC2)c([N+](=O)[O-])c1,0
Cc1ccc(C(NC(N)=O)c2ccccc2)cc1,0
COc1ccc(C(=O)N2CCN=C2SCc2cccnc2)cc1OC,0
O=C(Nc1ccccc1-c1ccccc1)c1ccc(Br)o1,0
CCCN1C(=O)c2ccc(C(=O)NC3=NCCS3)cc2C1=O,0
COC(=O)C(CC(C)C)NC(=O)Nc1ccc2c(c1)OCCO2,0
Fc1ccc2c(c1)=C(c1ccc(N3CCOCC3)cc1)NN=C(c1cccs1)N=2,0
COc1ccc(N2CCN(Cc3cc(=O)oc4ccc5ccccc5c34)CC2)cc1,0
NC(=O)c1ccccc1/N=C/c1ccccc1,0
COC(=O)c1cc(NC(=O)CN(c2ccccc2OC)S(=O)(=O)c2ccccc2)ccc1Cl,0
CCCCC(=O)Nc1ccc(C(=O)NNC(=O)c2ccco2)cc1,0
CO/C(=N\C1CCCC1)C(O)c1c[nH]c2ccccc12,0
CCc1ccc(N(C(=O)CCC(=O)Nc2cc(C)on2)C(C(=O)NC2CCCC2)c2ccco2)cc1,0
COc1ccc(OC)c(Nc2oc3cc(=O)ccc-3cc2C(N)=O)c1,0
O=C(NC1CCCCC1)N(Cc1ccc(F)cc1)Cc1nc(=O)c2ccccc2[nH]1,0
COC(=O)c1sc2ncccc2c1OCc1ccccc1Cl,0
CCOc1ccc2nc(NS(=O)(=O)c3ccc4c(c3)n(C)c(=O)n4C)sc2c1,0
COc1ccc(NC(=O)C2CC(=O)NC3=C2C(=O)CC(C)(C)C3)cc1,0
CCCNS(=O)(=O)c1ccc(OCC(=O)NCCC2=CCCCC2)cc1,0
Cc1ccc(-c2noc(CSc3nnc(-c4cccs4)n3C)n2)cc1,0
Cn1cc(CC(=O)Nc2cccc(C#N)c2)c2ccccc21,0
CCSc1nnc(NC(=O)c2ccco2)s1,0
CCC(=O)Nc1ccc(NC(=O)c2ccco2)cc1,0
CC(=O)Nc1c(O)nc(SCC(=O)Nc2ccc(C(C)=O)cc2)[nH]c1=O,0
COc1ccc(CNC(=O)/C=C/c2ccc(OCCCF)cc2)cc1OC,0
O=C(CSc1nnc(CN2CCOCC2)n1-c1ccc(Cl)cc1)N1CCc2ccccc21,0
Cc1cc(C)cc(OCC(=O)Nc2ccc(N3CCCC3)cc2)c1,1
COC(=O)c1c(N)nc(C)n1-c1ccc(OC)cc1,0
COc1cc2c(cc1NC(=O)c1cc(-c3ccncc3)nc3ccc(C)cc13)oc1ccccc12,0
C=CCn1c2ccccc2c2nnc(SC(CC)C(=O)Nc3nc(C)c(C(=O)OCC)s3)nc21,0
c1ccc2c(c1)CC1(CCCC1)n1nnnc1-2,0
Cc1[nH]c(=O)c(C#N)cc1-c1ccccc1,0
CC(=O)c1ccc(OC(=O)c2ccc(Br)o2)cc1,0
CC(C(=O)N1CCc2ccccc21)N1CCc2ccccc2C1,0
Cc1cc(C)nc(SCc2nnc(SCC(=O)Nc3nc(-c4ccccc4)cs3)n2-c2ccccc2)n1,0
CCCCCSc1nc(=O)c(C)n[nH]1,0
C=CCSc1nn2c(=O)c3ccccc3nc2s1,0
O=C(O)CCCC(=O)Nc1ccc(Sc2ccc([N+](=O)[O-])cc2)cc1,0
Cc1cc(/C=C(/C#N)c2cccc(Cl)c2)c(C)n1C,0
N#Cc1nc(COc2ccc(F)cc2)oc1N1CCN(Cc2ccccc2)CC1,0
CCOC(=O)CSc1ncnc2c1cnn2-c1ccc(Cl)cc1,0
O=C(Nc1ccccc1C(=O)NCc1ccccc1)c1ccccc1,0
O=C1Nc2ccc(S(=O)(=O)N3CCCC3)c3cccc1c23,0
Cc1cc(N(C)C)c(C#N)c(=O)[nH]1,0
Cc1nn(Cc2c(Cl)cccc2Cl)c(C)c1NC(=O)c1cnn2c(C(F)F)cc(-c3ccccc3)nc12,0
COc1ccccc1N1CCN(c2nc(N)c(C#N)c(CC#N)c2C#N)CC1,0
CCC(C)C1NC(=S)N(Cc2ccccc2)C1=O,0
Cc1occc1C(=O)NNC(=O)Cc1ccccc1,0
Cn1cnnc1SCC(=O)Nc1sc2c(c1C#N)CCCCC2,0
Cc1nc2ccc(NC(=O)c3ccc(S(=O)(=O)N4CCOCC4)cc3)cc2s1,0
COc1ccc(-c2nc3n(c(=O)c2C#N)CCCS3)cc1,0
Clc1cccc(CSc2nnc(-c3ccccn3)n2Cc2ccco2)c1,0
COC(=O)c1[nH]c2ccccc2c1NC(=O)Oc1ccccc1,0
COc1ccccc1C(=O)NCCNC(=O)c1ccco1,0
CCOC(=O)C1CCCN(C(=O)c2cn(CC(C)C)c(=O)c3cc(OC)c(OC)cc23)C1,0
Cc1ccc2[nH]c3c(=O)n(CCCN4CCOCC4)cnc3c2c1,0
Nc1nncn1C(=O)CCc1ccccc1,0
Clc1ccc(CSc2ncn(-c3ccccc3)n2)cc1,0
Cc1cc(NC(c2cccnc2)c2ccc3cccnc3c2O)no1,0
COc1ccc(C)cc1NC(=O)CN(c1ccccc1F)S(C)(=O)=O,0
CCCCCn1c(N2CCC(Cc3ccccc3)CC2)nc2c1c(=O)[nH]c(=O)n2C,0
CC1(C)CC(=O)C(=CNCCc2ccc(S(N)(=O)=O)cc2)C(=O)C1,0
CC(C)CC(=O)Nc1ccc(Oc2ccc(NC(=O)CC(C)C)cc2)cc1,0
CCCNC(=O)c1cccc(C(F)(F)F)c1,0
O=C1NN(c2ccccc2)C(=O)/C1=C\c1cccn1-c1ccc(Cl)c([N+](=O)[O-])c1,0
CCCC1C2C(=O)N(c3ccccc3)C(=O)C2ON1c1ccccc1,0
O=C(Nc1nncs1)C1COc2ccccc2O1,0
CN(C)c1ccc(C=C2C(=O)OC(C)(C(C)(C)C)OC2=O)cc1,0
O=C(c1ccc(N2CCCC2=O)cc1)N1CCCCCC1,0
Cc1ccc(-c2nc3ccccn3c2NC(=O)c2ccco2)cc1,0
COCCNC(=O)C(c1ccco1)N(C(=O)Cn1nnc2ccccc21)c1cc(C)ccc1C,0
CCOC(=O)c1cn(CC(=O)Nc2ccc(CC)cc2)nn1,0
CC1CC1C(=O)OCc1cc(=O)n2cc(Br)ccc2n1,0
O=C(c1ccco1)n1nc(-c2ccco2)nc1SCc1ccccc1,0
c1ccc(Cn2c(NCc3ccco3)nc3ccccc32)cc1,0
Cc1ccc(S(=O)(=O)C2(C(=O)O)CCCC2)cc1C,0
CCN(CC)c1ccc(NC(=O)CN2CCN(CC(=O)Nc3ccccc3F)CC2)cc1,0
Cc1ccc(-c2c(C)n([O-])c3c([n+]2=O)CCCC3)o1,0
COc1cc(NC(=S)NC(=O)c2cc(C)cc(C)c2)ccc1NC(=O)c1cccs1,0
Cc1ccc(-c2cc(C)nc3nc(N)nn23)cc1,0
COC(=O)c1scc(C)c1NC(=O)C1CCCCC1,0
O=c1nc(-c2ccccc2)cn[nH]1,0
NC(=O)c1ccccc1NC(=O)c1ccccc1F,0
CCC(=O)Nc1ccc(C(=O)Nc2cccc(OC)c2)cc1,0
COc1cc(SC)ccc1C(=O)NCCCOC(C)C,0
CCN(CC)C(=O)Cn1nnc(-c2ccc(C)o2)n1,0
COc1ccccc1-n1c(SCC(=O)NC2CCCC2)nc2cccnc21,0
Cc1ccc2oc(-c3cccc(NC(=O)c4cc(-n5cnnc5)ccc4Cl)c3)nc2c1,0
N#CCCCSc1nnc(CSc2nc3ccccc3s2)n1-c1ccccc1,0
COC(=O)c1ccccc1N(Cc1ccccc1)S(C)(=O)=O,0
CCCn1c(NCCO)nc2ccccc21,0
CCOc1ccc(CCn2c(-c3ccco3)nc3ccccc3c2=O)cc1OCC,0
COc1ccc(NC(=O)CSc2ncc(-c3ccc(F)cc3)n2Cc2ccco2)cc1,0
COc1cc(S(=O)(=O)Nc2ccccn2)ccc1F,0
O=C(NCc1ccc(F)cc1)C1CCC(=O)N1C1CCCCC1,0
CCN1C(=O)CC(N2CCN(c3ccc(C(=O)c4ccccc4)cc3)CC2)C1=O,0
CCOc1ccc(OCC)c(NC(=O)CCn2cccc2)c1,0
Cc1ccc(SCC(=O)c2sc(-c3ccccc3)nc2C)cc1,0
CCC(C)(C)n1nnnc1CN(Cc1cc2cc(OC)c(OC)cc2[nH]c1=O)C1CCCC1,0
CCC(=O)Nc1cc2c(cc1C(C)=O)OCCO2,0
Cc1cc(Br)ccc1NC(=O)CCN1C(=O)c2ccncc2C1=O,0
Cc1cccc(-n2ncc3c(NCCCN4CCCC4=O)ncnc32)c1,0
CCOCCCNC(=O)C(NC(=O)c1cnccn1)c1ccc(C)cc1,0
COc1ccc(Br)cc1CN1CCN(CCO)CC1,0
CCOC(=O)N1CCN(C(=O)c2ccccc2NC(=O)COc2ccccc2C)CC1,0
Cc1ccc2nc(C)c(C)nc2c1N,0
Cc1cc(C)cc(N2C(=O)CC(n3nc(C)cc3C)C2=O)c1,0
O=C(Nc1ccc(Cl)cc1F)C1CCN(S(=O)(=O)c2cccnc2)CC1,0
O=C1CCCc2c1[nH]c1ccc(CN3CCCCC3)cc21,0
Cc1c(NC(=O)CN2C(=O)c3cccc4cccc2c34)c(=O)n(-c2ccccc2)n1C,0
Cc1ccc2cccnc2c1NC(=S)NC(=O)c1ccccc1,0
CC(Sc1nc(O)c(Cc2ccccc2)c(=O)[nH]1)C(=O)Nc1ccc(Cl)cc1,0
CCCn1c(CNC(=O)c2ccccc2)nc2ccccc21,0
COc1cc(NC(=O)CCN2CCN(Cc3ccccc3)CC2)cc(OC)c1,0
C=CCNc1nc(NCc2ccco2)nc(OCC)n1,0
CC1(C)CC(=O)C2=C(C1)Nc1ccccc1NC2c1ccc2c(c1)OCO2,0
O=C(N/N=C/C=C/c1ccccc1)c1cccc(Br)c1,0
CC(=O)c1cc(NC(=O)c2ccc(C)cc2)c(=O)oc1/C=C/N(C)C,0
Cc1ccccc1C(=O)NC1CCN(C(=O)N(c2ccccc2)c2ccccc2)CC1,0
Cn1ncc([N+](=O)[O-])c1C(=O)Nc1ccc2c(c1)OCCO2,0
COCCNC(=O)C(=O)Nc1cccc(Br)c1,0
CC1(C)C=C(c2ccc(O)cc2)CC(C)(C)N1,0
O=C(NCC12CC3CC(CC(C3)C1)C2)c1nc2ncccn2n1,0
COC(=O)c1ccc(-c2nc(-c3ccc(Br)o3)no2)cc1,0
CC1(C)Oc2ccc(C(=O)N3CCCC3)cc2N(CC(=O)NCc2ccccc2)C1=O,0
CC(C)Sc1nc2c(c(=O)[nH]c(=O)n2C)n1C,0
CS(=O)(=O)N1CCC(C(=O)Nc2ccccc2F)CC1,0
Cc1cccc2cc3c(NC(=O)C(C)C)nn(C)c3nc12,0
O=c1c2nnn(Cc3ccc(Cl)cc3)c2ncn1Cc1ccc(F)cc1,0
CN(C)S(=O)(=O)c1ccc(C(=O)Oc2ccccc2)cc1,0
CN1CCN(c2ccc(C=O)cc2)CC1,0
C=CCn1c(CNC(=O)c2cccs2)nnc1SCC(=O)Nc1ccc(C(=O)O)cc1,0
Cc1nn(Cc2ccc(F)cc2)c(C)c1NC(=O)c1cc(-c2ccc3c(c2)OCO3)on1,0
CC(n1cnnn1)C12CC3CC(CC(C3)C1)C2,0
CC(=O)C1C2c3ccccc3OC1(C)N=c1s/c(=C\c3cnn(C)c3)c(=O)n12,0
Cc1ccc(S(=O)(=O)NCc2ccccn2)cc1,0
CCNC(=O)CN(c1ccc(C)cc1)S(=O)(=O)c1ccc(SC)cc1,0
Cc1cc(=O)oc2ccc(OCC(=O)N3CCc4ccccc43)cc12,0
COC(=O)NC(=C(Cl)Cl)S(=O)(=O)c1ccccc1,0
COc1cccc(OCC(=O)NNC(=O)c2ccc(-c3ccccc3)cc2)c1,0
Cc1ccccc1CSCCNC(=O)CSCc1ccc([N+](=O)[O-])cc1,0
CCC(C)c1cc(S(=O)(=O)N2CCOCC2)ccc1OC,0
Cc1ccc(C2C(C#N)=C(N)N3C(=O)CSC3=C2C(=O)Nc2ccccc2)cc1,0
CCn1c(COc2ccc(Cl)cc2)nnc1SCC(=O)Nc1ccc2c(c1)OCCO2,0
N#Cc1cc(Cl)c(N2CCOCC2)cc1C#N,0
CCOC(=O)Cn1c2ccccc2c2nc3ccccc3nc21,0
O=c1oc2ccccc2c(N2CCCC2)c1CN1CCCC1,0
CCC(=O)NCc1cc(-c2nn(C)c(=O)c3ccccc23)ccc1C,0
COc1cc(OC)c(NC(=O)CCc2nc(-c3cccs3)no2)cc1Cl,0
CC(C)NC(=O)c1ccccc1S(=O)c1ccccc1C#N,0
NC(=O)CSc1ncnc2c1cnn2Cc1ccccc1,0
COc1ccc(C)cc1S(=O)(=O)N(CC(=O)O)c1ccccc1,0
Cn1nnc(NC(=O)c2ccc3ccccc3c2)n1,0
CC(=O)Nc1nc(=O)c(Oc2ccccc2)c(C)[nH]1,0
O=C(NCCN1CCCCC1)c1ccc(=O)oc1,0
COC(=O)c1cc(-c2ccccc2)n[nH]1,0
CCn1nnnc1SCC(=O)Nc1ccc2c(c1)OCO2,0
Cc1nc2nc[nH]n2c(=O)c1CCC(C)C,0
Cc1noc(C)c1C(=O)Nc1ccc2c(c1)CCC2,0
O=C(c1cccs1)N(Cc1nc2sc3c(c2c(=O)[nH]1)CCCC3)C1CCCC1,0
Cc1nc2ncnn2c(Nc2ccc3c(c2)OCCO3)c1C,0
Cc1ccc(CN(C)CCc2ccccn2)cc1,0
Cc1ccccc1C(=O)NC(=S)NCC(=O)c1ccccc1,0
Cc1ccc(C(C2=C(O)CC(C)(C)CC2=O)C2C(=O)CC(C)(C)CC2=O)s1,0
Cc1ccc(CSc2nc3c(c(N(C)C)n2)CCCC3)cc1,0
O=C(O)CSc1nnc(-c2ccccc2)o1,0
Cc1ccc(NC(=O)N2CCC(NC(=O)c3ccccc3C)CC2)cc1,0
Cc1ccc2cc(CNC(C)C)c(=O)[nH]c2c1,0
O=C(N/N=C/c1cccc(F)c1)c1cc(-c2ccco2)nc2ccccc12,1
CCCCn1nnnc1NCc1cccnc1,0
Cc1occc1C(=O)NCCCCNC(=O)c1ccoc1C,0
O=C(c1cc(-c2cccnc2)nc2ccc(Br)cc12)N1CCC2(CC1)OCCO2,0
CCOc1ccc(-c2cc(C)n3nc(C(N)=O)cc3n2)cc1,0
CCOC(=O)CNC(=O)CSc1nc2cccnc2n1CC,0
Cc1nnc(SCCCn2c(N3CCN(c4ccccc4)CC3)nc3c2c(=O)[nH]c(=O)n3C)s1,0
CCCC(=O)Nc1ccc(NC(=O)c2ccco2)c(OC)c1,0
O=C(CCN1C(=O)c2ccccc2S1(=O)=O)Nc1nc2c(s1)CCCC2,0
CN1CCN(C(=O)CCNC(=O)Cn2ccc3ccccc3c2=O)CC1,0
COc1ccc(C(C)n2c(C)c3c(C)nnc(C)c3c2C)cc1,0
Brc1ccc(CN2CCSCC2)cc1,0
Cc1ccc(C(C)C)c(OCCN2C(=O)NC(C)(C)C2=O)c1,0
COc1cc(C2C(C(=O)c3ccc(C)o3)=C(O)C(=O)N2CCc2ccccc2)ccc1O,0
C=Cn1c(N2CCOCC2)nc2c1c(=O)[nH]c(=O)n2C,0
O=C1CC(N2CCC(O)CC2)C(=O)N1c1ccc(Br)cc1,0
Cc1ccc2c(c1Br)=C(NN1C(=O)c3ccccc3C1=O)C(=O)N=2,0
CCc1nc2ccccc2c(C(=O)OCc2nnc(-c3ccccc3)o2)c1C,0
CCCCN(Cc1cc2cc(OC)ccc2[nH]c1=O)C(=O)COc1ccccc1,0
CCCCn1nnc(NC(=O)c2ccco2)n1,0
O=C(NCCCN1CCCC1=O)c1ccc(OCc2ccccc2)cc1,0
Cc1ccc(-c2cc(C(=O)N3CCN(c4ccc(F)cc4)CC3)c3ccccc3n2)o1,0
COCCN(C(=O)Nc1ccccc1)c1ccccc1,0
[O-]C1=N/[N+](=C/c2ccc(Cl)c(Cl)c2)CC1,0
Cc1ccc(S(=O)(=O)CCC(=O)N2CCc3ccccc32)cc1,0
COc1ccccc1N1CCN(C(=O)C(C)N(c2ccc(C)c(C)c2)S(C)(=O)=O)CC1,0
N#Cc1nc(Cc2cccc3ccccc23)oc1N1CCC(C(N)=O)CC1,0
COc1ccc(-c2nc(CS(=O)CC(=O)NCc3ccco3)c(C)o2)cc1OC,0
CCOCCn1c(SCc2cccc(C)c2)nc2c1c(=O)[nH]c(=O)n2C,0
c1ccc(CNc2nnnn2-c2ccccc2)cc1,0
Cc1[nH]c(SCC(=O)NCc2ccco2)nc(=O)c1C,0
COc1ccc(C(=O)Nc2cc3c(cc2OC)CCCC3)cc1Br,0
Clc1ccc(-c2nc(N3CCCCC3)nc3ccccc23)cc1,0
Cn1c(=O)[nH]c(=O)c2c1nc(N1CCc3ccccc3C1)n2CCSc1nc2ccccc2s1,0
COC(=O)c1sc(S(=O)(=O)N2CCN(c3ccccc3)CC2)c(C(=O)OC)c1C,0
O=C(Nc1cccc(Br)c1)c1cc2ccccc2o1,0
COc1ccccc1-c1cc(C(=O)Nc2cccnc2)no1,0
Cc1cc(NS(=O)(=O)c2ccc(NC(=O)COc3ccc(Cl)cc3)cc2)no1,0
O=c1nc2c(-c3ccccc3F)n[nH]n2c2ccccc12,0
COc1ccc(-c2nc3ccccc3c(=O)n2-c2cccnc2)cc1,0
Cc1cc(C)n(Cc2nc3ccccc3n2C)n1,0
Cc1onc(-c2ccccc2Cl)c1C(=O)Nc1nnc(-c2cccc([N+](=O)[O-])c2)s1,0
CC(NCc1ccco1)=C1C(=O)N(C)C(=O)N(C)C1=O,0
CC(C)C(=O)NCCc1nc2ccccc2n1C,0
CCCOc1ccc(C2C(=O)N(C3CCCCC3)CC(=O)N2CCCOCC)cc1OC,0
CC1(C)NC(=O)N(CC(O)CN(Cc2ccccc2)Cc2ccccc2)C1=O,0
Cc1sc(NC(=O)CSC2=NCCS2)nc1-c1ccccc1,0
Cc1ccccc1Oc1ncnc2oc(-c3ccccc3)cc12,0
NC1=C(c2nc3ccccc3[nH]2)C(=O)CN1c1ccc(F)cc1,0
CCn1c(N2CCC(Cc3ccccc3)CC2)nc2c1c(=O)[nH]c(=O)n2C,0
Cc1cc(/N=C/C=C2\N(C)c3ccccc3C2(C)C)n(CCC#N)n1,0
O=C1CC(NCc2ccncc2)C(=O)N1c1ccccc1,0
CC(=O)c1cccc(N(CC(=O)N2CCCCC2)S(C)(=O)=O)c1,0
COC(=O)c1ccc2c(=O)n(NC(C)=O)c(=S)[nH]c2c1,0
Cc1ccc(OCC(=O)Nc2oc(-c3ccccc3)c(-c3ccccc3)c2C#N)cc1,0
CN(c1cccc(NC(=O)Cc2ccccc2)c1)S(C)(=O)=O,0
CCOc1ccccc1NC(=O)CN(c1ccc(C)cc1)S(=O)(=O)c1c(C)noc1C,0
O=C(CN1C(=O)C2CCCN2C(=O)c2ccccc21)Nc1ccccc1-n1cccc1,0
COc1ccc(N2CCN(C(CNC(=O)Oc3ccccc3)c3cccnc3)CC2)cc1,0
Cn1c(CNc2nc(-c3ccccc3)cs2)nnc1SCC(=O)N1CCc2ccccc21,0
O=C(NCc1ccccc1)C(c1cccnc1)N(Cc1ccco1)C(=O)c1ccccn1,0
COc1ccccc1CNCC(O)(c1ccc(Cl)cc1)c1ccc(Cl)cc1,0
Cc1noc(N)c1C(=O)Nc1ccccc1F,0
CCn1c(SCC(=O)Nc2ccc(N3CCOCC3)cc2)nnc1-c1ccc(OC)cc1,0
CCC1Oc2ccccc2N(CC(=O)Nc2ccccc2OC)C1=O,0
O=C(NCCSCc1c(F)cccc1Cl)c1ccco1,0
CCCCNS(=O)(=O)c1ccc2nc(SCC(=O)Nc3sccc3C#N)[nH]c2c1,0
Cc1cc(S(=O)(=O)NC2CCCCC2)ccc1OCC(=O)N1CCOCC1,0
Cc1onc(-c2ccccc2)c1-c1n[nH]c(=S)n1-c1ccccc1Cl,0
CN(CCNC(=O)C1CC(=O)N(C2CCCC2)C1)Cc1ccccc1,0
CCSc1nc(C2CC2)cc(-c2cccs2)c1C#N,0
CCOc1ccccc1-c1nc2c([nH]1)c(=O)n(C)c(=O)n2C,0
CCOC(=O)C1=C(C)NC(=O)NC1c1cccnc1,0
CC(=C1C(=O)c2ccccc2C1=O)N1CCN(C/C=C/c2ccccc2)CC1,0
Cc1ccc(C(=O)CSC2=C(C#N)C(c3ccco3)CC(=O)N2)c(C)c1,0
COc1ccc(-n2c(C)cc(C(=O)COC(=O)Cn3cnc4ccccc43)c2C)cc1,0
C#CCOc1c(Br)cc(/C=N/O)cc1OCC,0
Cc1nn(S(=O)(=O)N2CCCCC2)c(C)c1Br,0
CC(C)(C)c1[nH]n(-c2ccccc2)c2nc(=O)c(CNc3ccc4c(c3)OCCO4)cc1-2,0
CC(C)n1cc(-c2ccc(Cl)cc2)cc(C#N)c1=O,0
COc1ccc2nc(C)cc(N3CCOCC3)c2c1,0
O=c1nc(Nc2ccccc2)[nH]c(N2CCCC2)n1,0
N#CC1=C(Nc2ccc(Br)cc2)CCC1,0
CCOC(=O)c1cc(C#N)c(N2CCCCC2)nc1-c1ccccc1,0
Cc1cc(=O)nc(SCC(=O)Nc2ccc(C(=O)O)cc2)[nH]1,0
COCC(=O)n1nc(-c2ccccc2)nc1NCc1ccc(F)cc1,0
Cc1ccc(NC(=O)CCNS(=O)(=O)c2ccc3c(c2)oc(=O)n3C)c(C)c1,0
COc1ccc(OC)c2c(C)cc(NCCN3CCOCC3)nc12,0
O=C(COc1ccccc1)N1CCNC1=O,0
O=C(COc1ccccc1)Nc1nc2ccccc2[nH]1,0
COc1ccc(C)cc1-n1c(N)c(C#N)c(C#N)c1-c1ccc(OC)c(OC)c1OC,0
Cc1ccc2cc(CN(C(=O)c3ccncc3)C(C)C)c(=O)[nH]c2c1,0
CCC(=O)Nc1nn(C)c2nc3c(C)cccc3cc12,0
COc1ccccc1OCC(O)Cn1c(Br)nc2c1c(=O)[nH]c(=O)n2C,0
CNC(=O)N1CCN(C(=O)NC)CC1,0
O=CN(/C=C1\Sc2ccccc2C1=O)Cc1ccccc1,0
COc1ccccc1Cn1[nH]nc2c(=O)nc(C3CCN(C(=O)c4ccc(C)cc4)CC3)nc1-2,0
CCCn1c(SCC(=O)c2cc(OC)ccc2OC)nc2c1c(=O)n(C)c(=O)n2C,0
Cc1ccccc1NC(=O)C1CC(=O)N(c2ccc3c4c(cccc24)CC3)C1,0
Cn1c2ccc(F)cc2c2ncn(Cc3ccco3)c(=O)c21,0
O=C(c1cccs1)n1nc(-c2ccc(Cl)cc2)nc1NCc1ccco1,0
O=c1c2c3c(sc2nc2sc(CN4CCCCC4)cn12)CCCC3,0
COCc1nc(-c2cc(Br)ccc2OC)no1,0
CC(=O)c1c(C)nn(CCC(=O)O)c1C,0
CCCOC(=O)Nc1ccc(C(N)=O)cc1,0
O=C(Nc1ccc2oc(-c3ccccc3)nc2c1)c1ccncc1,0
COc1ccc(OCC(=O)Nc2nc3ccccc3[nH]2)cc1,0
Cc1cc(NC(=O)Nc2ccc(F)cc2)no1,0
Cc1oc2ncnc(N)c2c1C,0
CC1=Nn2c(nnc2C2CCCCC2)SC1,0
COc1ccc(CNC(=O)C2CCCN(S(=O)(=O)c3cc(C)ccc3OC)C2)cc1,0
O=C(NCc1ccco1)c1cccc(NC(=O)c2ccco2)c1,0
COc1ccc(C2CC3(CC(C)(C)NC(=O)N3)Oc3cc(O)ccc32)cc1,0
Cc1ccc(C(=O)N2CCN(C(=O)CN3CCCC3)C2)cc1,0
Cc1ccc(NC(=O)C(CC(C)C)NC(=O)C2CCC(C)CC2)nc1,0
Cc1cccc2sc(NC(=O)C3c4ccccc4Oc4ccccc43)nc12,0
CCCCCC(=O)Nc1ccc2oc(-c3cncc(Br)c3)nc2c1,0
COc1ccc(C(=O)CSc2nc3cccnc3n2C)cc1,0
O=C(COc1ccccc1)Nc1ncc2c(n1)CCCC2=O,0
CCOC(=O)C1CCN(C(=O)Nc2cccc(Cl)c2)CC1,0
O=C(Cn1c(=O)[nH]c2ccsc2c1=O)NC1CCCCCC1,0
O=C(NCC1COc2ccccc2O1)c1ccc(NC(=O)c2ccco2)cc1,0
CCC(=O)C1=C(N2CCCC2)CC(C)(C)CC1=O,0
N#C/C(C(=O)NCc1ccco1)=C1/SC(Cc2ccc(Cl)cc2)C(=O)N1c1ccccc1,0
CCOc1ccc(S(=O)(=O)N2CCN(c3ccccc3)CC2)c2cccnc12,0
CCC(C)Sc1nc(O)c(Cc2ccccc2)c(=O)[nH]1,0
COc1ccc(C(=O)Nc2cc(C)nc3ccccc23)cc1OC,0
O=C(Nc1nc2c(s1)CCCC2)C1COc2ccccc2O1,0
Cc1ccc(NS(=O)(=O)c2cccc(C(=O)O)c2)c(C)c1,0
CNC(=O)c1nnn(-c2ccccc2)c1C(=O)NC,0
Cc1ccc(S(=O)(=O)Nc2ccc(-c3nnc(SCC#N)n3C)cc2)cc1,0
Cn1nnc(NC(=O)c2ccc(C(C)(C)C)cc2)n1,0
CC(=O)Nc1nc(C(=O)Nc2c(C)n[nH]c2C)cs1,0
N#Cc1c(N)nc2c(c1-c1ccncc1)CCCC2,0
COc1ccc(OCc2nc3ccccc3[nH]2)cc1,0
CCOc1ccc(NC(=O)NC2CCOC(C)(C)C2)cc1,0
O=C(CC1CCCCC1)NCc1ccccn1,0
CC(C)OC(=O)CSc1nnc(-c2cccnc2)n1N,0
COc1ccc(NC(=O)C2C(=O)NC3(C)CC2c2ccccc2O3)cc1,0
N#Cc1nc(-c2ccccc2F)oc1NC1CCCCC1,0
Cn1nc(CC(=O)NCc2cccc3ccccc23)c2ccccc2c1=O,0
COc1ccc(C(=O)SC2=NCCS2)cc1,0
COc1cc(NS(=O)(=O)c2ccc(NC(=O)C34CC5CC(CC(C5)C3)C4)cc2)ncn1,0
O=c1nc(NCc2ccccc2)[nH]c2c1CCC2,0
CC(=O)Nc1cccc(NC(=O)c2c(-c3ccccc3)noc2C)c1,0
Cc1cccnc1NC(=S)NC(=O)/C=C/c1ccco1,0
CCOCCCNC(=O)CS(=O)(=O)Cc1nc(-c2cccc(OC)c2)oc1C,0
CCCCOCCCn1cnc2c([nH]c3cc(OC)ccc32)c1=O,0
CCC1(CC)C(=O)NN(c2ccccc2)C1=O,0
COc1ccc(NC(=O)N2CCCCC2)cc1,0
O=C(CSc1ccc(Cl)cc1)Nc1ccccc1N1CCN(C(=O)c2ccccc2)CC1,0
O=C(O)CSCC(=O)Nc1ccc(C(=O)O)cc1,0
Cc1cc(NC(=O)C2C3C(=O)N(CCC(C)C)C(C(=O)NCc4ccccc4)C34C=CC2(C)O4)no1,0
CC(=O)Nc1cccc(C(=O)N2CCN(Cc3ccccc3)CC2)c1,0
O=c1cc(-c2ccccc2)nc2nc(COc3ccccc3)[nH]n12,0
O=C(Cc1ccccc1)N/N=C/c1ccc([N+](=O)[O-])s1,0
O=C(CCCOc1ccccc1)Nc1ccc(Br)cc1,0
CCC1Oc2ccccc2N(CC(=O)Nc2ccc3c(c2)OCCO3)C1=O,0
Cc1cc(NC(=O)Cn2cnc3c2c(=O)n(C)c(=O)n3C)n(-c2ccccc2)n1,0
CNC(=O)c1ccccc1NC(=O)c1ccco1,0
Cc1ccc(CS(=O)(=O)Cc2ccc(C(=O)NCc3ccco3)o2)cc1,0
Cc1ccccc1OCc1nc2ccccc2c(=O)n1/N=C/c1ccco1,0
O=C(CCCc1ccccc1)NCCN1CCOCC1,0
Cc1cc(C)c2c(N)c3ccccc3nc2n1,0
CC(/C=C/c1ccccc1)=N\NC(=O)c1ccncc1,0
O=C(O)CSc1nnc(-c2ccncc2)n1C1CCCCC1,0
O=C(c1ccco1)N1CCN(C(=O)c2cc(-c3ccccc3)nc3ccccc23)CC1,0
C1CCC2=NCCCN2CC1,0
O=C1C(=O)N(CCCn2ccnc2)C(c2cccnc2)/C1=C(/O)c1ccccc1,0
CCN1CCN(c2nc(-c3ccccn3)nc3ccccc23)CC1,0
COc1ccc(CCNc2oc(-c3ccco3)nc2C#N)cc1,0
Cc1cc(C(C)(C)C)oc1C(=O)NCCCNC(=O)c1oc(C(C)(C)C)cc1C,0
COc1cc(OC)cc(-c2nc3nc(C)c(CCC(=O)NCc4ccco4)c(C)n3n2)c1,0
CCCOc1ccc(C2C(C(=O)c3ccc(C)o3)=C(O)C(=O)N2Cc2cccnc2)cc1,0
Cc1ccccc1Cn1c(CN2CCc3ccccc3C2)nc2c1c(=O)n(C)c(=O)n2C,0
COC(=O)C1=C(C)NC2=C(C(=O)CC(C)(C)C2)C1c1cn(Cc2ccc(Br)cc2)nc1-c1ccccc1,0
CCOC(=O)CN1C(=O)C2(OCCCO2)c2ccccc21,0
Cc1c(Br)c([N+](=O)[O-])nn1C(C)C(=O)NCc1cccnc1,0
CCOC(=O)c1c2n(c3c(NCc4ccccc4)ncnc13)CCCC2,0
O=C(Oc1ccc(/C=N/Nc2ccccc2)cc1)c1ccccc1,0
O=C(Nc1cnn(Cc2c(Cl)cccc2Cl)c1)c1ccc([N+](=O)[O-])cc1,0
COc1ccc(N2CCN(c3nc4c(c(=O)n(C)c(=O)n4C)n3Cc3ccccc3)CC2)cc1,0
Cc1nnc(C)n1/N=C/c1cccnc1,0
Cc1cc(NC(=O)C(C)C)ncc1NC(=O)c1cccc(F)c1,0
COc1ccc(C(=O)Nc2nnc(-c3cccs3)s2)cc1,0
CCCCC(=O)Nc1ccc2oc(-c3cccnc3)nc2c1,0
CCOC(=O)C(CC)Sc1nnc2cc(C)c3ccccc3n12,0
CCOc1ccccc1C1C(C#N)=C(N)SC(N)=C1C#N,0
C=CCn1c(C)cc(C(=O)COc2ncnc3sccc23)c1C,0
CCOc1ccc(NC(=O)Nc2cccs2)cc1,0
Cc1nn(C(=O)CN2C(=O)c3ccccc3C2=O)c(C)c1Br,0
CC(=O)N1CCN(c2ccccc2NC(=O)COc2cc(C)ccc2C(C)C)CC1,0
COc1ccc(OC)c(S(=O)(=O)Nc2ccccc2C(=O)O)c1,0
Cc1cccc(OCCCC(=O)Nc2ccc3c(c2)OCO3)c1,0
O=C(CSc1nnnn1-c1ccccc1)N1CCN(C(=O)c2ccco2)CC1,0
CC(=O)N(Cc1cc(=O)[nH]c2ccccc12)c1ccc(C)cc1,0
O=C(Nc1cccc(O)c1)c1ccccc1,0
Cc1cc(NC(=O)c2ccccc2Cl)no1,0
O=C(NC1(C(F)(F)F)C(=O)Nc2c1c(=O)[nH]c(=O)n2Cc1ccco1)C1CC1,0
COc1cccc(S(=O)(=O)NCc2ccc(C(=O)Nc3cccc(Cl)c3)cc2)c1,0
O=C(CC(O)(c1ccccc1)C(F)(F)F)c1cccs1,0
COc1cc(N/C=C\c2nnnn2-c2ccc(Cl)cc2)c(C(C)=O)cc1OC,0
CC(C)Oc1ccc(C(=O)Nc2ccc(N3CCCC3)cc2)cc1,0
Cc1cc(Cl)c(S(=O)(=O)N2CCCCCC2)cc1OCC(=O)NC1CCCCC1,0
Cc1cccc(Oc2ncc(-c3ccc(Cl)cc3)cn2)c1C,0
CCOC(=O)c1c(CN2CCCCC2)n(C)c2cc(Br)c(OC)cc12,0
COc1cc(C(=O)NCc2ccc(C)cc2)ccc1OCc1c(C)noc1C,0
Nc1cc(C(=O)O)ccc1N1CCCCCC1,0
Cc1cccc(NC(=O)COc2ccccc2C)n1,0
C=CCNc1oc(-c2ccc(OCC)cc2)nc1C#N,0
CCOc1ccc(NC(=O)c2ccc3snnc3c2)cc1,0
CCNC(=O)CN1C(=O)NC2(CCCCCC2)C1=O,0
O=C(CNC(=O)c1cccc(Br)c1)NCCc1nc2ccccc2[nH]1,0
O=C(NCCSc1ccccc1)c1cccnc1,0
O=C(NC12CC3CC(CC(C3)C1)C2)N1CCC(O)(c2ccc3c(c2)OCO3)CC1,0
Clc1ccc2c(NCc3ccco3)ncnc2c1,0
COc1ccc(NC(=O)CC(C(=O)O)N2CCCCC2)cc1,0
COc1ccc(Cn2nnnc2C(c2cc3ccc(OC)cc3[nH]c2=O)N2CCCCCC2)cc1,0
Cc1ccccc1OCC(=O)N/N=C/c1cccn1C,0
COc1ccc(C2CC(c3ccc(OC)cc3)N3NC(NC(=O)c4cccs4)=NC3=N2)cc1,0
C=CCn1c(SCC(=O)Nc2sc(C)c(C)c2C(=O)OCC)nnc1-c1sc(N)nc1C,0
CCC(c1nnnn1Cc1ccco1)N(Cc1cc2cc(OC)ccc2[nH]c1=O)C1CCCCC1,0
Cc1ccccc1-n1c(C)cc(/C=N/NC(=O)c2ccncc2)c1C,0
CC(Sc1ccccc1)C(=O)Nc1ccc(S(=O)(=O)N2CCOCC2)cc1,0
COC(=O)c1cc(OC)c(OC)cc1NC(=O)CN1CCCCC1,0
O=C(OC(C(=O)NC1CCCC1)c1ccccn1)c1cccs1,0
O=C(CN1CCCCC1)Nc1cccc(Br)c1,0
CCOCCCNC(=O)C1CCCCN1S(=O)(=O)c1ccc(F)cc1,0
O=C1C2C3C=CC(C3)C2C(=O)N1c1cccc2cccnc12,0
CC(OC(=O)c1snc(C(=O)NC2CCCCC2)c1N)C(=O)NC1CCCCC1,0
O=[N+]([O-])c1ccc(N2CCN(S(=O)(=O)c3ccc(Cl)cc3)CC2)cc1NCc1cccnc1,0
CN(C)/C=C(\C#N)c1nc2ccccc2[nH]1,0
Cc1cccc(Cc2c(C)nc3c(C(=O)NCc4ccco4)cnn3c2C)c1,0
CCOc1cc(-c2nc(-c3ccccc3OC)no2)cc(OCC)c1OCC,0
CC(C)c1nc(NCc2ccccc2)c(C#N)c2c1CCCC2,0
COc1ccc2c(=O)c(-c3ccccc3C)c(C)oc2c1,0
CCC(C)Oc1cccc(C(=O)Nc2ccccc2N2CCOCC2)c1,0
O=c1c2cnn(-c3ccc(F)cc3)c2ncn1Cc1ccccn1,0
O=C(CCS(=O)(=O)Cc1ccccc1)NCC1CCCO1,0
CC1CCN(S(=O)(=O)c2ccc(F)c(C(=O)O)c2)CC1,0
c1ccc2[nH]c(CN3CCCCC3)nc2c1,0
CN(C)C1(c2nnnn2-c2ccc(Cl)cc2)CCCCC1,0
COc1cc(OC)cc(C(=O)NC(=S)Nc2ccc(Cl)c(C(=O)O)c2)c1,0
O=C(O)COc1ccc(Br)cc1/C=N/O,0
CCc1nnc2c3cnn(-c4ccccc4)c3ncn12,0
CCOc1ccccc1-n1c(CN2CCN(C(=O)c3ccco3)CC2)nc2ccccc2c1=O,0
COC(=O)C1=C(C)NC(=O)NC1c1cccc(OC)c1OCc1ccccc1,0
O=c1cc(CSc2ccccn2)[nH]c(=O)[nH]1,0
Nc1c(NC2CCCCC2)c2ccccc2oc1=O,0
O=C(CN1C(=O)c2ccccc2S1(=O)=O)NC1CCCC1,0
CN(C)S(=O)(=O)c1ccc(NC(=O)CN2CCN(C(c3ccccc3)c3ccccc3)CC2)cc1,0
CCN(CC)C(=O)c1c(NC(=O)c2ccccc2)sc(C)c1C,0
C=CCNc1nc2c(c(=O)n(C)c(=O)n2C)n1CC,0
CCn1c(SCC(=O)Nc2ccc(S(=O)(=O)Nc3onc(C)c3C)cc2)nnc1-c1ccccc1,0
CC(C)=CCC/C(C)=C/CC/C(C)=N/O,0
O=C(c1cc(S(=O)(=O)N2CCOCC2)ccc1F)N1CCCc2ccccc21,0
CCOC(=O)CSc1cc(CSc2ccccc2)nc(-c2ccccc2)n1,0
O=C(Oc1cccnc1)c1cc(S(=O)(=O)N2CCCCC2)ccc1Cl,0
O=C(COc1ccc2ccccc2c1)N1CCN(C2CCN(Cc3ccccc3)CC2)CC1,0
Nc1cc(N)nc(SCC(=O)Nc2ccccc2)n1,0
